idx,items,agents,auction_class,epsilon,stepc,epoch,scalebyvalue,reserve_type,maxiter,maxtime,generator_param_name,personalized,int_prices,generator,bids,distribution,type,rounds,status,runtime,efficient_value,final_num_winners,final_max_agent_value,final_scalevalue,final_value,final_total_price,final_revenue,final_indirect_util,final_price_degree,final_price_sparsity,final_imbalance,final_wd_nvars,final_wd_ncons
1,10,17,LinearHeuristicAuction,0.1,0.02,,True,,1000,10800,cats_reg_g10b50,,False,CATS,50,regions,MultiMinded,12,Balance,0.40000000002328306,681.0817,3,513.163,288.52699999999999,663.8767,659.71263183790802,573.15453183790794,639.60339216781176,1,10,7,35,27
2,10,19,LinearHeuristicAuction,0.1,0.02,,True,,1000,10800,cats_reg_g10b50,,False,CATS,50,regions,MultiMinded,342,Balance,13.169999999983702,734.1289999999999,2,640.313,226.71899999999999,732.193,672.2386879370564,626.8948879370563,712.32949642214749,1,10,13,42,29
3,10,17,LinearHeuristicAuction,0.1,0.02,,True,,1000,10800,cats_reg_g10b50,,False,CATS,50,regions,MultiMinded,91,Balance,3.180000000022119,804.4359999999999,3,797.452,310.25200000000001,804.4359999999999,834.10340913762604,741.02780913762604,749.65590382702453,1,10,21,39,27
4,10,14,LinearHeuristicAuction,0.1,0.02,,True,,1000,10800,cats_reg_g10b50,,False,CATS,50,regions,MultiMinded,8,Balance,0.25,574.909,2,568.922,272.93700000000001,574.909,569.16487230901055,514.57747230901055,566.41451005467866,1,10,8,28,24
5,10,21,LinearHeuristicAuction,0.1,0.02,,True,,1000,10800,cats_reg_g10b50,,False,CATS,50,regions,MultiMinded,125,Balance,4.889999999984866,650.6363,2,619.701,342.60149999999999,650.6363,649.28738781865002,584.08435647892759,592.36576737275277,1,10,17,42,31
6,10,17,LinearHeuristicAuction,0.1,0.02,,True,,1000,10800,cats_reg_g10b50,,False,CATS,50,regions,MultiMinded,1000,MaxIter,35.639999999984866,834.2848,1,784.19,470.66899999999998,784.19,886.08261612110437,0,3.2215677577910924,1,10,10,36,27
7,10,21,LinearHeuristicAuction,0.1,0.02,,True,,1000,10800,cats_reg_g10b50,,False,CATS,50,regions,MultiMinded,1000,MaxIter,39.970000000001164,854.667,4,696.341,343.76999999999998,809.1469999999999,873.70673295339077,508.8229541411751,508.8229541411751,1,10,22,46,31
8,10,18,LinearHeuristicAuction,0.1,0.02,,True,,1000,10800,cats_reg_g10b50,,False,CATS,50,regions,MultiMinded,684,Balance,25.230000000010477,663.572,3,592.441,275.35000000000002,663.572,648.13357690422242,565.5285769042224,581.37626965621382,1,10,11,38,28
9,10,18,LinearHeuristicAuction,0.1,0.02,,True,,1000,10800,cats_reg_g10b50,,False,CATS,50,regions,MultiMinded,6,Balance,0.20999999999185093,724.6032999999999,4,611.583,280.12,724.6032999999999,635.95816618356673,531.15347115264717,643.34440497584956,1,10,3,38,28
10,10,23,LinearHeuristicAuction,0.1,0.02,,True,,1000,10800,cats_reg_g10b50,,False,CATS,50,regions,MultiMinded,10,Balance,0.41000000000349246,946.3547,4,784.828,433.57950000000005,946.3547,981.22196261755425,807.7901626175543,846.39006980650186,1,10,5,47,33
11,10,16,LinearHeuristicAuction,0.1,0.02,,True,,1000,10800,cats_reg_g10b50,,False,CATS,50,regions,MultiMinded,26,Balance,0.9400000000023283,724.662,1,724.662,403.49950000000001,724.662,753.55809563655384,713.20814563655381,717.59285612719009,1,10,14,35,26
12,10,16,LinearHeuristicAuction,0.1,0.02,,True,,1000,10800,cats_reg_g10b50,,False,CATS,50,regions,MultiMinded,25,Balance,0.8699999999953434,522.114,1,522.114,283.13549999999998,522.114,519.77738261265404,491.46383261265402,505.06942372053732,1,10,13,35,26
13,10,17,LinearHeuristicAuction,0.1,0.02,,True,,1000,10800,cats_reg_g10b50,,False,CATS,50,regions,MultiMinded,8,Balance,0.27999999999883585,778.1078,2,718.401,353.04300000000001,778.1078,774.2977183974549,714.88613442343717,785.33316119721871,1,10,11,36,27
14,10,17,LinearHeuristicAuction,0.1,0.02,,True,,1000,10800,cats_reg_g10b50,,False,CATS,50,regions,MultiMinded,4,Balance,0.14999999999417923,588.9796,2,575.883,307.69200000000001,588.9796,622.62017920984488,575.1399623847318,587.7626624413615,1,10,16,33,27
15,10,17,LinearHeuristicAuction,0.1,0.02,,True,,1000,10800,cats_reg_g10b50,,False,CATS,50,regions,MultiMinded,209,Balance,7.580000000016298,634.994,2,600.13,422.91899999999998,634.994,632.84539094130537,548.26159094130526,556.62987608273158,1,10,27,35,27
16,10,26,LinearHeuristicAuction,0.1,0.02,,True,,1000,10800,cats_reg_g10b50,,False,CATS,50,regions,MultiMinded,20,Balance,0.860000000015134,519.6692,2,485.933,278.584,519.6692,546.63595497844472,490.91915497844474,491.72749645676657,1,10,23,51,36
17,10,16,LinearHeuristicAuction,0.1,0.02,,True,,1000,10800,cats_reg_g10b50,,False,CATS,50,regions,MultiMinded,9,Balance,0.3099999999976717,910.0260000000001,3,815.656,322.738,910.0260000000001,914.35519320267724,817.5337932026772,853.10655694140019,1,10,16,34,26
18,10,18,LinearHeuristicAuction,0.1,0.02,,True,,1000,10800,cats_reg_g10b50,,False,CATS,50,regions,MultiMinded,511,Balance,18.44000000000233,982.461,2,932.103,367.83500000000004,982.461,1018.5236012429651,944.95660124296512,950.3338580445992,1,10,31,39,28
19,10,19,LinearHeuristicAuction,0.1,0.02,,True,,1000,10800,cats_reg_g10b50,,False,CATS,50,regions,MultiMinded,1000,MaxIter,39.01000000000931,903.4849999999999,1,826.774,559.33850000000007,826.774,948.63503628318483,0,1.4079534980646713,1,10,10,42,29
20,10,21,LinearHeuristicAuction,0.1,0.02,,True,,1000,10800,cats_reg_g10b50,,False,CATS,50,regions,MultiMinded,1000,MaxIter,39.16000000000349,780.3014999999999,5,637.779,268.37200000000001,712.5854,695.28794407413034,368.34629059568118,463.84470415245733,1,10,9,45,31
21,10,17,LinearHeuristicAuction,0.1,0.02,,True,,1000,10800,cats_reg_g10b50,,False,CATS,50,regions,MultiMinded,16,Balance,0.6099999999860302,869.309,3,770.684,361.69299999999998,869.309,799.673307424585,691.16540742458494,774.74812715927567,1,10,8,40,27
22,10,16,LinearHeuristicAuction,0.1,0.02,,True,,1000,10800,cats_reg_g10b50,,False,CATS,50,regions,MultiMinded,1000,MaxIter,37.54000000000815,827.155,2,792.758,416.87799999999999,478.39,883.18855133874172,24.979387598089239,63.835734879634977,1,10,22,36,26
23,10,21,LinearHeuristicAuction,0.1,0.02,,True,,1000,10800,cats_reg_g10b50,,False,CATS,50,regions,MultiMinded,1000,MaxIter,39.30999999999767,926.9879999999999,5,813.726,269.07900000000001,913.9114999999999,882.46381141389816,645.41242505327511,709.59215798672244,1,10,5,48,31
24,10,23,LinearHeuristicAuction,0.1,0.02,,True,,1000,10800,cats_reg_g10b50,,False,CATS,50,regions,MultiMinded,1000,MaxIter,41.0800000000163,822.2049999999999,2,635.81,377.13200000000001,782.967,838.09735435682751,100.45725818843985,112.33800766322452,1,10,9,51,33
25,10,22,LinearHeuristicAuction,0.1,0.02,,True,,1000,10800,cats_reg_g10b50,,False,CATS,50,regions,MultiMinded,1000,MaxIter,39.279999999998836,534.8185,2,446.519,197.68200000000002,534.8185,528.21366690008813,29.682302404027777,68.54967389110783,1,10,15,47,32
26,10,17,LinearHeuristicAuction,0.1,0.02,,True,,1000,10800,cats_reg_g10b50,,False,CATS,50,regions,MultiMinded,32,Balance,1.1000000000058208,716.487,1,716.487,299.23599999999999,687.81,713.03932513860207,683.1157251386021,691.02690143007726,1,10,24,35,27
27,10,17,LinearHeuristicAuction,0.1,0.02,,True,,1000,10800,cats_reg_g10b50,,False,CATS,50,regions,MultiMinded,260,Balance,9.339999999996508,811.1127,4,667.768,330.15700000000004,778.0657000000001,809.71658858044736,677.65378858044733,681.77941878027139,1,10,18,38,27
28,10,18,LinearHeuristicAuction,0.1,0.02,,True,,1000,10800,cats_reg_g10b50,,False,CATS,50,regions,MultiMinded,35,Balance,1.25,818.682,1,802.322,385.84800000000001,802.322,840.54797418503142,801.96317418503145,828.10490148808731,1,10,23,40,28
29,10,20,LinearHeuristicAuction,0.1,0.02,,True,,1000,10800,cats_reg_g10b50,,False,CATS,50,regions,MultiMinded,42,Balance,1.6200000000244472,767.6940999999999,1,746.709,446.00549999999998,746.709,745.72743438022508,701.12688438022508,749.4407764523047,1,10,12,41,30
30,10,18,LinearHeuristicAuction,0.1,0.02,,True,,1000,10800,cats_reg_g10b50,,False,CATS,50,regions,MultiMinded,1000,MaxIter,37.579999999987194,794.5821000000001,1,739.446,385.6635,584.308,853.42708565058547,0,1.5621304146515342,1,10,11,38,28
31,10,21,LinearHeuristicAuction,0.1,0.02,,True,,1000,10800,cats_reg_g10b50,,False,CATS,50,regions,MultiMinded,1000,MaxIter,38.98999999999069,818.388,4,733.06,325.495,714.5047,832.29243169178619,570.04757327585162,570.04757327585162,1,10,18,45,31
32,10,20,LinearHeuristicAuction,0.1,0.02,,True,,1000,10800,cats_reg_g10b50,,False,CATS,50,regions,MultiMinded,42,Balance,1.569999999977881,637.3713,4,533.498,304.15100000000001,637.3713,650.38572482443192,528.72532482443182,548.0607384470012,1,10,9,42,30
33,10,16,LinearHeuristicAuction,0.1,0.02,,True,,1000,10800,cats_reg_g10b50,,False,CATS,50,regions,MultiMinded,40,Balance,1.3800000000046566,560.5032,2,498.34,219.72300000000001,560.5032,526.23947364105447,482.29487364105444,518.37311633813124,1,10,5,34,26
34,10,20,LinearHeuristicAuction,0.1,0.02,,True,,1000,10800,cats_reg_g10b50,,False,CATS,50,regions,MultiMinded,147,Balance,5.60999999998603,726.3012,4,568.454,249.64099999999999,726.3012,618.391304081106,518.53490408110599,626.44479999999999,1,10,0,41,30
35,10,27,LinearHeuristicAuction,0.1,0.02,,True,,1000,10800,cats_reg_g10b50,,False,CATS,50,regions,MultiMinded,15,Balance,0.6499999999941792,858.175,2,722.988,380.87900000000002,858.175,847.54387881343837,771.36807881343839,818.98170106535451,1,10,5,53,37
36,10,17,LinearHeuristicAuction,0.1,0.02,,True,,1000,10800,cats_reg_g10b50,,False,CATS,50,regions,MultiMinded,30,Balance,1.1000000000058208,716.498,1,716.498,379.51999999999998,716.498,753.49691751873058,715.54491751873059,732.38595607290756,1,10,27,36,27
37,10,20,LinearHeuristicAuction,0.1,0.02,,True,,1000,10800,cats_reg_g10b50,,False,CATS,50,regions,MultiMinded,23,Balance,0.860000000015134,824.835,3,630.222,329.92600000000004,824.835,705.32673911791164,606.34893911791153,725.85719999999992,1,10,0,40,30
38,10,18,LinearHeuristicAuction,0.1,0.02,,True,,1000,10800,cats_reg_g10b50,,False,CATS,50,regions,MultiMinded,52,Balance,1.8700000000244472,825.56,1,825.56,471.01400000000001,825.56,818.3501814823652,771.24878148236519,825.08437194205248,1,10,1,36,28
39,10,25,LinearHeuristicAuction,0.1,0.02,,True,,1000,10800,cats_reg_g10b50,,False,CATS,50,regions,MultiMinded,23,Balance,0.9400000000023283,948.5501,5,753.385,196.10050000000001,948.5501,803.13482961816385,705.08457961816384,869.47365680811379,1,10,2,47,35
40,10,22,LinearHeuristicAuction,0.1,0.02,,True,,1000,10800,cats_reg_g10b50,,False,CATS,50,regions,MultiMinded,1000,MaxIter,41.220000000001164,694.64,2,671.57,320.48500000000001,667.143,681.43876936385618,41.267572473959547,96.858500000000006,1,10,20,46,32
41,10,18,LinearHeuristicAuction,0.1,0.02,,True,,1000,10800,cats_reg_g10b50,,False,CATS,50,regions,MultiMinded,4,Balance,0.14000000001396984,919.5834,3,833.068,428.51799999999997,919.5834,891.42665715967883,762.87125715967875,869.71424138779173,1,10,12,34,28
42,10,21,LinearHeuristicAuction,0.1,0.02,,True,,1000,10800,cats_reg_g10b50,,False,CATS,50,regions,MultiMinded,296,Balance,11.660000000003492,722.396,1,722.396,339.44,722.396,722.72527785333955,688.78127785333959,688.78127785333959,1,10,9,43,31
43,10,20,LinearHeuristicAuction,0.1,0.02,,True,,1000,10800,cats_reg_g10b50,,False,CATS,50,regions,MultiMinded,94,Balance,3.5600000000267755,820.8240000000001,2,681.374,265.63999999999999,820.8240000000001,791.52085544762542,738.39285544762549,768.23709977495196,1,10,5,42,30
44,10,19,LinearHeuristicAuction,0.1,0.02,,True,,1000,10800,cats_reg_g10b50,,False,CATS,50,regions,MultiMinded,1000,MaxIter,36.45999999999185,607.363,1,484.926,277.04599999999999,462.233,618.26684554439009,0,35.288061523428354,1,10,22,41,29
45,10,20,LinearHeuristicAuction,0.1,0.02,,True,,1000,10800,cats_reg_g10b50,,False,CATS,50,regions,MultiMinded,34,Balance,1.2399999999906868,687.7891,5,510.577,285.93000000000001,687.7891,688.49948660577513,561.64639668349548,593.12865384323186,1,10,11,42,30
46,10,19,LinearHeuristicAuction,0.1,0.02,,True,,1000,10800,cats_reg_g10b50,,False,CATS,50,regions,MultiMinded,50,Balance,1.929999999993015,810.368,2,810.368,345.00850000000003,808.7297,796.01664766539284,727.01494766539281,773.46515973495514,1,10,1,42,29
47,10,18,LinearHeuristicAuction,0.1,0.02,,True,,1000,10800,cats_reg_g10b50,,False,CATS,50,regions,MultiMinded,136,Balance,5.149999999994179,759.477,1,738.963,363.25599999999997,738.963,751.8438027860966,715.51820278609659,752.28889031234201,1,10,16,42,28
48,10,29,LinearHeuristicAuction,0.1,0.02,,True,,1000,10800,cats_reg_g10b50,,False,CATS,50,regions,MultiMinded,14,Balance,0.6600000000034925,726.774,3,661.833,328.96899999999999,726.774,755.10469749100184,656.41399749100174,660.13015029591486,1,10,11,61,39
49,10,23,LinearHeuristicAuction,0.1,0.02,,True,,1000,10800,cats_reg_g10b50,,False,CATS,50,regions,MultiMinded,35,Balance,1.3900000000139698,587.5914,5,462.576,216.20049999999998,573.7130999999999,554.76834835906175,446.66809835906179,496.31775821762801,1,10,12,46,33
50,10,17,LinearHeuristicAuction,0.1,0.02,,True,,1000,10800,cats_reg_g10b50,,False,CATS,50,regions,MultiMinded,20,Balance,0.6900000000023283,945.836,4,681.012,323.851,945.836,884.56368989648649,755.02328989648652,816.4667282562782,1,10,4,34,27
51,10,25,LinearHeuristicAuction,0.1,0.02,,True,,1000,10800,cats_reg_g10b50,,False,CATS,50,regions,MultiMinded,47,Balance,1.9899999999906868,831.2631000000001,3,644.905,285.66050000000001,831.2631000000001,779.53573994532246,693.83758994532241,745.56494999999995,1,10,0,49,35
52,10,19,LinearHeuristicAuction,0.1,0.02,,True,,1000,10800,cats_reg_g10b50,,False,CATS,50,regions,MultiMinded,38,Balance,1.4500000000116415,608.391,1,608.391,276.31299999999999,576.268,603.85527094993222,576.22397094993221,584.38312089244096,1,10,21,40,29
53,10,21,LinearHeuristicAuction,0.1,0.02,,True,,1000,10800,cats_reg_g10b50,,False,CATS,50,regions,MultiMinded,415,Balance,16.199999999982538,623.5598,4,612.518,167.23250000000002,623.5598,639.53228083204624,572.63928083204621,574.57833124721856,1,10,11,45,31
54,10,20,LinearHeuristicAuction,0.1,0.02,,True,,1000,10800,cats_reg_g10b50,,False,CATS,50,regions,MultiMinded,140,Balance,5.5200000000186265,1040.322,4,967.436,414.12850000000003,1040.322,990.83252622909845,825.18112622909837,884.67796613068344,1,10,11,48,30
55,10,17,LinearHeuristicAuction,0.1,0.02,,True,,1000,10800,cats_reg_g10b50,,False,CATS,50,regions,MultiMinded,9,Balance,0.3099999999976717,1001.244,2,739.168,309.35699999999997,1001.244,904.67533380454643,842.80393380454643,969.4924563496545,1,10,5,33,27
56,10,17,LinearHeuristicAuction,0.1,0.02,,True,,1000,10800,cats_reg_g10b50,,False,CATS,50,regions,MultiMinded,978,Balance,34.860000000015134,674.3464,4,592.43,348.80000000000001,674.3464,656.55931570836196,517.03931570836187,543.60322006480828,1,10,18,38,27
57,10,20,LinearHeuristicAuction,0.1,0.02,,True,,1000,10800,cats_reg_g10b50,,False,CATS,50,regions,MultiMinded,123,Balance,4.5899999999965075,783.158,3,568.928,268.62299999999999,763.1990000000001,761.68437531778932,681.0974753177893,711.87482143456873,1,10,9,42,30
58,10,21,LinearHeuristicAuction,0.1,0.02,,True,,1000,10800,cats_reg_g10b50,,False,CATS,50,regions,MultiMinded,21,Balance,0.8299999999871943,871.9079999999999,2,791.212,427.88200000000001,838.6581,867.9527890896361,786.3488203841282,807.4588686477606,1,10,18,44,31
59,10,28,LinearHeuristicAuction,0.1,0.02,,True,,1000,10800,cats_reg_g10b50,,False,CATS,50,regions,MultiMinded,38,Balance,1.75,875.1772,3,803.796,406.47899999999998,875.1772,864.03013494391098,742.08643494391083,759.39810297821123,1,10,15,56,38
60,10,22,LinearHeuristicAuction,0.1,0.02,,True,,1000,10800,cats_reg_g10b50,,False,CATS,50,regions,MultiMinded,20,Balance,0.8200000000069849,716.1357,3,662.173,358.10899999999998,716.1357,675.55884264152269,568.12614264152262,617.14706507088499,1,10,9,46,32
61,10,19,LinearHeuristicAuction,0.1,0.02,,True,,1000,10800,cats_reg_g10b50,,False,CATS,50,regions,MultiMinded,26,Balance,0.9499999999825377,756.948,3,553.212,307.67700000000002,756.948,754.85937935646803,662.55627935646805,691.09294457742351,1,10,11,40,29
62,10,20,LinearHeuristicAuction,0.1,0.02,,True,,1000,10800,cats_reg_g10b50,,False,CATS,50,regions,MultiMinded,4,Balance,0.12999999997555278,962.414,3,839.979,365.63299999999998,962.414,914.93148637480124,805.24158637480116,991.99867625277625,1,10,11,36,30
63,10,20,LinearHeuristicAuction,0.1,0.02,,True,,1000,10800,cats_reg_g10b50,,False,CATS,50,regions,MultiMinded,122,Balance,4.679999999993015,966.8963000000001,4,783.33,502.36099999999999,966.8963000000001,940.21040820706571,743.14425862640451,770.89919361660634,1,10,4,42,30
64,10,24,LinearHeuristicAuction,0.1,0.02,,True,,1000,10800,cats_reg_g10b50,,False,CATS,50,regions,MultiMinded,85,Balance,3.6600000000034925,784.4846,2,723.45,238.8545,784.4846,764.13191111664059,716.36101111664061,743.57017840454296,1,10,12,51,34
65,10,18,LinearHeuristicAuction,0.1,0.02,,True,,1000,10800,cats_reg_g10b50,,False,CATS,50,regions,MultiMinded,148,Balance,5.400000000023283,863.3610000000001,4,758.102,337.34500000000003,863.3610000000001,818.74514004225216,683.80714004225206,732.41949284401062,1,10,20,41,28
66,10,18,LinearHeuristicAuction,0.1,0.02,,True,,1000,10800,cats_reg_g10b50,,False,CATS,50,regions,MultiMinded,327,Balance,11.820000000006985,852.079,3,807.329,372.65700000000004,852.079,807.30277438137114,695.50567438137102,740.84409898241142,1,10,26,36,28
67,10,27,LinearHeuristicAuction,0.1,0.02,,True,,1000,10800,cats_reg_g10b50,,False,CATS,50,regions,MultiMinded,61,Balance,2.64000000001397,860.8598,2,789.183,223.39999999999998,860.8598,854.87406457453801,810.19406457453795,838.29984351184453,1,10,1,52,37
68,10,20,LinearHeuristicAuction,0.1,0.02,,True,,1000,10800,cats_reg_g10b50,,False,CATS,50,regions,MultiMinded,63,Balance,2.4400000000023283,535.1916,4,486.692,201.834,535.1916,515.69954404243663,434.9659440424366,474.4298758898546,1,10,1,42,30
69,10,20,LinearHeuristicAuction,0.1,0.02,,True,,1000,10800,cats_reg_g10b50,,False,CATS,50,regions,MultiMinded,23,Balance,0.8800000000046566,550.5322,3,423.552,212.09399999999999,550.5322,501.85540943697924,438.22720943697919,486.90399999999994,1,10,0,40,30
70,10,18,LinearHeuristicAuction,0.1,0.02,,True,,1000,10800,cats_reg_g10b50,,False,CATS,50,regions,MultiMinded,49,Balance,1.8300000000162981,965.81,3,780.078,273.52800000000002,965.81,889.94181502606625,808.68555694154861,925.39791399076034,1,10,13,39,28
71,10,17,LinearHeuristicAuction,0.1,0.02,,True,,1000,10800,cats_reg_g10b50,,False,CATS,50,regions,MultiMinded,1000,MaxIter,36.35999999998603,745.048,1,745.048,330.73000000000002,745.048,789.37670916740819,0,0.51031123975667469,1,10,26,42,27
72,10,23,LinearHeuristicAuction,0.1,0.02,,True,,1000,10800,cats_reg_g10b50,,False,CATS,50,regions,MultiMinded,16,Balance,0.639999999984866,619.2275000000001,3,497.631,317.09799999999996,601.3611000000001,596.96242419473765,501.83302419473773,537.54060740914872,1,10,7,46,33
73,10,20,LinearHeuristicAuction,0.1,0.02,,True,,1000,10800,cats_reg_g10b50,,False,CATS,50,regions,MultiMinded,1000,MaxIter,39.04000000000815,675.2625,1,656.76,362.82400000000001,656.76,697.76794607129773,0,1.6461617861067452,1,10,10,44,30
74,10,26,LinearHeuristicAuction,0.1,0.02,,True,,1000,10800,cats_reg_g10b50,,False,CATS,50,regions,MultiMinded,21,Balance,0.8699999999953434,942.6876,2,890.025,245.483,942.6876,935.83999190573434,886.74339190573426,925.89784166817981,1,10,5,56,36
75,10,15,LinearHeuristicAuction,0.1,0.02,,True,,1000,10800,cats_reg_g10b50,,False,CATS,50,regions,MultiMinded,46,Balance,1.6000000000058208,986.353,1,977.088,450.65550000000002,977.088,975.09759692615557,930.03204692615554,983.32949513158451,1,10,15,34,25
76,10,22,LinearHeuristicAuction,0.1,0.02,,True,,1000,10800,cats_reg_g10b50,,False,CATS,50,regions,MultiMinded,58,Balance,2.25,900.434,6,820.61,441.17500000000001,900.434,875.98852775520049,611.28352775520057,642.78824413903999,1,10,7,44,32
77,10,19,LinearHeuristicAuction,0.1,0.02,,True,,1000,10800,cats_reg_g10b50,,False,CATS,50,regions,MultiMinded,227,Balance,8.539999999979045,505.8682,3,489.633,293.4085,502.3022,489.28300552887561,418.86496552887564,464.88099946050215,1,10,24,38,29
78,10,15,LinearHeuristicAuction,0.1,0.02,,True,,1000,10800,cats_reg_g10b50,,False,CATS,50,regions,MultiMinded,17,Balance,0.5700000000069849,723.896,1,723.896,268.85500000000002,723.896,722.64987902070948,695.7643790207095,757.95806342998094,1,10,8,29,25
79,10,20,LinearHeuristicAuction,0.1,0.02,,True,,1000,10800,cats_reg_g10b50,,False,CATS,50,regions,MultiMinded,142,Balance,5.5,830.055,3,715.055,304.07849999999996,830.055,775.38664222785121,684.16309222785117,739.4132731221589,1,10,14,44,30
80,10,23,LinearHeuristicAuction,0.1,0.02,,True,,1000,10800,cats_reg_g10b50,,False,CATS,50,regions,MultiMinded,1000,MaxIter,41.4199999999837,858.2552999999999,4,815.519,326.65449999999998,764.4562999999999,849.48062515156812,530.27015264918941,539.85495000000003,1,10,10,50,33
81,10,19,LinearHeuristicAuction,0.1,0.02,,True,,1000,10800,cats_reg_g10b50,,False,CATS,50,regions,MultiMinded,12,Balance,0.4299999999930151,731.2354999999999,5,657.74,318.25649999999996,728.3769,735.83701194028095,576.70876194028097,606.55476630947567,1,10,12,36,29
82,10,20,LinearHeuristicAuction,0.1,0.02,,True,,1000,10800,cats_reg_g10b50,,False,CATS,50,regions,MultiMinded,198,Balance,7.330000000016298,799.819,3,670.65,230.49700000000001,799.819,774.55389002392542,705.40479002392533,754.28720587822988,1,10,5,42,30
83,10,18,LinearHeuristicAuction,0.1,0.02,,True,,1000,10800,cats_reg_g10b50,,False,CATS,50,regions,MultiMinded,37,Balance,1.3800000000046566,778.391,2,740.964,303.2475,778.391,775.54503671021303,714.89553671021304,746.32553116834526,1,10,12,37,28
84,10,19,LinearHeuristicAuction,0.1,0.02,,True,,1000,10800,cats_reg_g10b50,,False,CATS,50,regions,MultiMinded,3,Balance,0.10000000000582077,653.4665,4,531.36,233.98450000000003,653.4665,595.4157650439912,501.8219650439911,588.09163667872815,1,10,13,38,29
85,10,16,LinearHeuristicAuction,0.1,0.02,,True,,1000,10800,cats_reg_g10b50,,False,CATS,50,regions,MultiMinded,17,Balance,0.6000000000058208,738.6202000000001,4,623.355,332.00099999999998,738.6202000000001,730.30935472859835,597.50895472859838,622.35170521454177,1,10,8,34,26
86,10,17,LinearHeuristicAuction,0.1,0.02,,True,,1000,10800,cats_reg_g10b50,,False,CATS,50,regions,MultiMinded,84,Balance,2.9400000000023283,772.54,2,646.076,287.08299999999997,772.54,706.0296610905184,648.61306109051839,715.12339999999995,1,10,0,34,27
87,10,18,LinearHeuristicAuction,0.1,0.02,,True,,1000,10800,cats_reg_g10b50,,False,CATS,50,regions,MultiMinded,1000,MaxIter,36.54000000000815,883.32347,2,801.709,428.95349999999996,671.90877,940.3402575217093,0.0,4.2145861047420734,1,10,9,38,28
88,10,20,LinearHeuristicAuction,0.1,0.02,,True,,1000,10800,cats_reg_g10b50,,False,CATS,50,regions,MultiMinded,46,Balance,1.75,662.7294999999999,1,622.783,332.80799999999999,622.783,654.65783717546083,621.37703717546083,637.83078985713041,1,10,28,42,30
89,10,26,LinearHeuristicAuction,0.1,0.02,,True,,1000,10800,cats_reg_g10b50,,False,CATS,50,regions,MultiMinded,1000,MaxIter,44.6699999999837,844.3882,2,703.836,361.93200000000002,725.4582,821.31834487774677,0.0,45.905253230878294,1,10,25,55,36
90,10,21,LinearHeuristicAuction,0.1,0.02,,True,,1000,10800,cats_reg_g10b50,,False,CATS,50,regions,MultiMinded,21,Balance,0.8199999999778811,1011.3232,6,890.879,348.79300000000001,1011.3232,896.89554673138491,687.61974673138479,869.01665800922581,1,10,6,41,31
91,10,17,LinearHeuristicAuction,0.1,0.02,,True,,1000,10800,cats_reg_g10b50,,False,CATS,50,regions,MultiMinded,179,Balance,6.400000000023283,890.575,1,890.575,535.99700000000007,890.575,942.95182024529595,889.35212024529596,893.59929224353641,1,10,23,34,27
92,10,22,LinearHeuristicAuction,0.1,0.02,,True,,1000,10800,cats_reg_g10b50,,False,CATS,50,regions,MultiMinded,7,Balance,0.2699999999895226,683.1735,2,627.133,263.76300000000003,683.1735,685.69865596845136,632.94605596845133,662.74038109205844,1,10,15,44,32
93,10,20,LinearHeuristicAuction,0.1,0.02,,True,,1000,10800,cats_reg_g10b50,,False,CATS,50,regions,MultiMinded,8,Balance,0.3200000000069849,931.509,1,931.509,347.88099999999997,931.509,926.80382775431417,892.01572775431418,933.07406262864185,1,10,11,42,30
94,10,15,LinearHeuristicAuction,0.1,0.02,,True,,1000,10800,cats_reg_g10b50,,False,CATS,50,regions,MultiMinded,228,Balance,7.850000000005821,772.037,2,770.337,295.54650000000004,772.037,770.36322941970184,711.25392941970176,742.696552471774,1,10,18,33,25
95,10,17,LinearHeuristicAuction,0.1,0.02,,True,,1000,10800,cats_reg_g10b50,,False,CATS,50,regions,MultiMinded,153,Balance,5.569999999977881,901.2369,3,849.224,408.67100000000005,901.2369,884.34697015315987,780.486449445674,799.28926799647149,1,10,9,37,27
96,10,19,LinearHeuristicAuction,0.1,0.02,,True,,1000,10800,cats_reg_g10b50,,False,CATS,50,regions,MultiMinded,4,Balance,0.1300000000046566,752.0848,3,651.493,368.70849999999996,752.0848,732.35885753154582,629.12047753154582,669.26866754951038,1,10,4,36,29
97,10,20,LinearHeuristicAuction,0.1,0.02,,True,,1000,10800,cats_reg_g10b50,,False,CATS,50,regions,MultiMinded,1000,MaxIter,40.179999999993015,657.92043,1,602.694,360.185,550.046,695.00479468200842,0,0.8618665632742859,1,10,9,45,30
98,10,20,LinearHeuristicAuction,0.1,0.02,,True,,1000,10800,cats_reg_g10b50,,False,CATS,50,regions,MultiMinded,4,Balance,0.14999999999417923,1047.5140999999999,4,870.711,386.798,1047.5140999999999,1012.2458875052527,859.7924977302647,926.10700088043427,1,10,7,39,30
99,10,22,LinearHeuristicAuction,0.1,0.02,,True,,1000,10800,cats_reg_g10b50,,False,CATS,50,regions,MultiMinded,15,Balance,0.5799999999871943,1044.344,5,687.143,366.375,1044.344,1005.6574270547076,822.46992705470757,880.17434034176063,1,10,11,44,32
100,10,21,LinearHeuristicAuction,0.1,0.02,,True,,1000,10800,cats_reg_g10b50,,False,CATS,50,regions,MultiMinded,578,Balance,23.20999999999185,587.8678,2,515.864,141.49099999999999,587.8678,568.06534614575912,539.76714614575917,560.16805818685793,1,10,11,46,31
