idx,items,agents,auction_class,epsilon,stepc,epoch,scalebyvalue,reserve_type,maxiter,maxtime,generator_param_name,personalized,int_prices,generator,bids,distribution,type,rounds,status,runtime,efficient_value,final_num_winners,final_max_agent_value,final_scalevalue,final_value,final_total_price,final_revenue,final_indirect_util,final_price_degree,final_price_sparsity,final_imbalance,final_wd_nvars,final_wd_ncons
1,10,17,LinearHeuristicAuction,0.1,0.01,,True,,1000,10800,cats_reg_g10b50,,False,CATS,50,regions,MultiMinded,37,Balance,1.2999999999883585,681.0817,3,513.163,288.52699999999999,663.8767,658.93648910652098,572.37838910652101,634.74571379990721,1,10,10,34,27
2,10,19,LinearHeuristicAuction,0.1,0.01,,True,,1000,10800,cats_reg_g10b50,,False,CATS,50,regions,MultiMinded,1000,MaxIter,38.110000000015134,734.1289999999999,3,640.313,226.71899999999999,734.1289999999999,668.73184610671115,600.71614610671099,698.47573541549809,1,10,10,42,29
3,10,17,LinearHeuristicAuction,0.1,0.01,,True,,1000,10800,cats_reg_g10b50,,False,CATS,50,regions,MultiMinded,381,Balance,13.540000000008149,804.4359999999999,3,797.452,310.25200000000001,804.4359999999999,835.19586791543566,742.12026791543565,743.61654114843554,1,10,21,39,27
4,10,14,LinearHeuristicAuction,0.1,0.01,,True,,1000,10800,cats_reg_g10b50,,False,CATS,50,regions,MultiMinded,14,Balance,0.41999999998370185,574.909,2,568.922,272.93700000000001,574.909,570.14171378203105,515.55431378203093,573.79232529698572,1,10,8,27,24
5,10,21,LinearHeuristicAuction,0.1,0.01,,True,,1000,10800,cats_reg_g10b50,,False,CATS,50,regions,MultiMinded,466,Balance,18.20999999999185,650.6363,2,619.701,342.60149999999999,650.6363,650.94144430619474,585.90461137850286,586.81979883749239,1,10,17,43,31
6,10,17,LinearHeuristicAuction,0.1,0.01,,True,,1000,10800,cats_reg_g10b50,,False,CATS,50,regions,MultiMinded,1000,MaxIter,35.54999999998836,834.2848,1,784.19,470.66899999999998,784.19,886.63106685633898,0,2.1246662873221176,1,10,10,37,27
7,10,21,LinearHeuristicAuction,0.1,0.01,,True,,1000,10800,cats_reg_g10b50,,False,CATS,50,regions,MultiMinded,1000,MaxIter,40.179999999993015,854.667,4,696.341,343.76999999999998,809.1469999999999,872.38248552644097,506.59404812678957,506.59405086802013,1,10,14,46,31
8,10,18,LinearHeuristicAuction,0.1,0.01,,True,,1000,10800,cats_reg_g10b50,,False,CATS,50,regions,MultiMinded,1000,MaxIter,36.48999999999069,663.572,2,592.441,275.35000000000002,552.596,649.09803898817745,58.989079354854915,85.324802336149162,1,10,17,37,28
9,10,18,LinearHeuristicAuction,0.1,0.01,,True,,1000,10800,cats_reg_g10b50,,False,CATS,50,regions,MultiMinded,21,Balance,0.75,724.6032999999999,4,611.583,280.12,724.6032999999999,633.22627367984717,528.37533683725201,646.47868424900457,1,10,5,39,28
10,10,23,LinearHeuristicAuction,0.1,0.01,,True,,1000,10800,cats_reg_g10b50,,False,CATS,50,regions,MultiMinded,14,Balance,0.5899999999965075,946.3547,4,784.828,433.57950000000005,946.3547,907.55086383995945,738.75204949242391,846.85650057656846,1,10,3,47,33
11,10,16,LinearHeuristicAuction,0.1,0.01,,True,,1000,10800,cats_reg_g10b50,,False,CATS,50,regions,MultiMinded,43,Balance,1.5799999999871943,724.662,1,724.662,403.49950000000001,724.662,762.48758705389082,722.13763705389078,745.74906837381127,1,10,14,35,26
12,10,16,LinearHeuristicAuction,0.1,0.01,,True,,1000,10800,cats_reg_g10b50,,False,CATS,50,regions,MultiMinded,7,Balance,0.22999999998137355,522.114,1,522.114,283.13549999999998,522.114,546.95741057072667,518.6438605707267,565.74857691759735,1,10,19,32,26
13,10,17,LinearHeuristicAuction,0.1,0.01,,True,,1000,10800,cats_reg_g10b50,,False,CATS,50,regions,MultiMinded,27,Balance,1.0199999999895226,778.1078,2,718.401,353.04300000000001,778.1078,748.03994031521552,686.56070488290493,759.66689797265269,1,10,15,39,27
14,10,17,LinearHeuristicAuction,0.1,0.01,,True,,1000,10800,cats_reg_g10b50,,False,CATS,50,regions,MultiMinded,9,Balance,0.3200000000069849,588.9796,2,575.883,307.69200000000001,588.9796,600.9329120261732,558.19557107837693,589.81524195598001,1,10,15,33,27
15,10,17,LinearHeuristicAuction,0.1,0.01,,True,,1000,10800,cats_reg_g10b50,,False,CATS,50,regions,MultiMinded,717,Balance,25.929999999993015,634.994,2,600.13,422.91899999999998,634.994,635.67781213946591,551.0940121394658,551.0940121394658,1,10,9,35,27
16,10,26,LinearHeuristicAuction,0.1,0.01,,True,,1000,10800,cats_reg_g10b50,,False,CATS,50,regions,MultiMinded,4,Balance,0.16000000000349246,519.6692,2,485.933,278.584,519.6692,523.27988347954852,467.56308347954848,521.87813369292292,1,10,23,50,36
17,10,16,LinearHeuristicAuction,0.1,0.01,,True,,1000,10800,cats_reg_g10b50,,False,CATS,50,regions,MultiMinded,27,Balance,0.9800000000104774,910.0260000000001,3,815.656,322.738,910.0260000000001,894.01465625068636,797.19325625068632,855.17270434953298,1,10,16,36,26
18,10,18,LinearHeuristicAuction,0.1,0.01,,True,,1000,10800,cats_reg_g10b50,,False,CATS,50,regions,MultiMinded,1000,MaxIter,35.860000000015134,982.461,1,932.103,367.83500000000004,932.103,1025.7353070934305,0,1.6142099845707207,1,10,10,39,28
19,10,19,LinearHeuristicAuction,0.1,0.01,,True,,1000,10800,cats_reg_g10b50,,False,CATS,50,regions,MultiMinded,1000,MaxIter,38.810000000026776,903.4849999999999,1,826.774,559.33850000000007,798.863,950.62906706746946,0,0.0,1,10,27,42,29
20,10,21,LinearHeuristicAuction,0.1,0.01,,True,,1000,10800,cats_reg_g10b50,,False,CATS,50,regions,MultiMinded,1000,MaxIter,39.16000000000349,780.3014999999999,2,637.779,268.37200000000001,672.443,691.10255423673266,0.0,105.62442603602778,1,10,10,45,31
21,10,17,LinearHeuristicAuction,0.1,0.01,,True,,1000,10800,cats_reg_g10b50,,False,CATS,50,regions,MultiMinded,17,Balance,0.639999999984866,869.309,3,770.684,361.69299999999998,869.309,792.88723742618004,684.37933742617997,800.43414124897834,1,10,6,39,27
22,10,16,LinearHeuristicAuction,0.1,0.01,,True,,1000,10800,cats_reg_g10b50,,False,CATS,50,regions,MultiMinded,1000,MaxIter,37.14999999999418,827.155,2,792.758,416.87799999999999,478.39,884.9414311063797,27.09880978441894,63.961064322625141,1,10,22,36,26
23,10,21,LinearHeuristicAuction,0.1,0.01,,True,,1000,10800,cats_reg_g10b50,,False,CATS,50,regions,MultiMinded,1000,MaxIter,39.420000000012806,926.9879999999999,5,813.726,269.07900000000001,913.9114999999999,906.75025956861214,655.03180587408292,709.70872556554514,1,10,15,49,31
24,10,23,LinearHeuristicAuction,0.1,0.01,,True,,1000,10800,cats_reg_g10b50,,False,CATS,50,regions,MultiMinded,311,Balance,12.589999999996508,822.2049999999999,4,635.81,377.13200000000001,799.421,837.18780674029472,686.33500674029449,698.53958300032514,1,10,19,52,33
25,10,22,LinearHeuristicAuction,0.1,0.01,,True,,1000,10800,cats_reg_g10b50,,False,CATS,50,regions,MultiMinded,1000,MaxIter,39.78000000002794,534.8185,2,446.519,197.68200000000002,534.8185,527.93838401788526,24.450898172890764,68.626410269616201,1,10,23,49,32
26,10,17,LinearHeuristicAuction,0.1,0.01,,True,,1000,10800,cats_reg_g10b50,,False,CATS,50,regions,MultiMinded,105,Balance,3.790000000008149,716.487,1,716.487,299.23599999999999,687.81,717.22896359303616,687.30536359303619,689.44083370218209,1,10,24,39,27
27,10,17,LinearHeuristicAuction,0.1,0.01,,True,,1000,10800,cats_reg_g10b50,,False,CATS,50,regions,MultiMinded,989,Balance,36.84999999997672,811.1127,4,667.768,330.15700000000004,811.1127,810.74348055775044,678.68068055775063,679.67444999539566,1,10,13,42,27
28,10,18,LinearHeuristicAuction,0.1,0.01,,True,,1000,10800,cats_reg_g10b50,,False,CATS,50,regions,MultiMinded,71,Balance,2.529999999998836,818.682,1,802.322,385.84800000000001,802.322,839.29262424196895,800.70782424196898,824.6243886479316,1,10,23,40,28
29,10,20,LinearHeuristicAuction,0.1,0.01,,True,,1000,10800,cats_reg_g10b50,,False,CATS,50,regions,MultiMinded,102,Balance,4.320000000006985,767.6940999999999,1,746.709,446.00549999999998,746.709,745.72014897076633,701.11959897076633,744.53493449436223,1,10,16,46,30
30,10,18,LinearHeuristicAuction,0.1,0.01,,True,,1000,10800,cats_reg_g10b50,,False,CATS,50,regions,MultiMinded,1000,MaxIter,37.110000000015134,794.5821000000001,3,739.446,385.6635,794.5821000000001,854.72392270255204,82.10572114740161,82.10578115233983,1,10,12,38,28
31,10,21,LinearHeuristicAuction,0.1,0.01,,True,,1000,10800,cats_reg_g10b50,,False,CATS,50,regions,MultiMinded,1000,MaxIter,38.87999999997555,818.388,1,733.06,325.495,705.581,830.64860426115604,0,0.38395152936780619,1,10,10,46,31
32,10,20,LinearHeuristicAuction,0.1,0.01,,True,,1000,10800,cats_reg_g10b50,,False,CATS,50,regions,MultiMinded,148,Balance,5.570000000006985,637.3713,4,533.498,304.15100000000001,637.3713,655.12220676571508,533.46180676571498,543.91299126082447,1,10,12,41,30
33,10,16,LinearHeuristicAuction,0.1,0.01,,True,,1000,10800,cats_reg_g10b50,,False,CATS,50,regions,MultiMinded,143,Balance,5.040000000008149,560.5032,2,498.34,219.72300000000001,560.5032,517.79110622904705,473.84650622904701,518.73835907447381,1,10,5,34,26
34,10,20,LinearHeuristicAuction,0.1,0.01,,True,,1000,10800,cats_reg_g10b50,,False,CATS,50,regions,MultiMinded,541,Balance,21.0,726.3012,4,568.454,249.64099999999999,726.3012,610.10840451767876,510.25200451767876,626.55629886076485,1,10,8,41,30
35,10,27,LinearHeuristicAuction,0.1,0.01,,True,,1000,10800,cats_reg_g10b50,,False,CATS,50,regions,MultiMinded,20,Balance,0.8699999999953434,858.175,2,722.988,380.87900000000002,858.175,793.40790749232997,717.23210749232999,823.24771159415229,1,10,2,53,37
36,10,17,LinearHeuristicAuction,0.1,0.01,,True,,1000,10800,cats_reg_g10b50,,False,CATS,50,regions,MultiMinded,146,Balance,5.419999999983702,716.498,1,716.498,379.51999999999998,716.498,753.7421834170998,715.7901834170998,719.83611123111541,1,10,27,37,27
37,10,20,LinearHeuristicAuction,0.1,0.01,,True,,1000,10800,cats_reg_g10b50,,False,CATS,50,regions,MultiMinded,82,Balance,3.0500000000174623,824.835,3,630.222,329.92600000000004,824.835,687.1967009118207,588.2189009118207,725.85720000000003,1,10,0,42,30
38,10,18,LinearHeuristicAuction,0.1,0.01,,True,,1000,10800,cats_reg_g10b50,,False,CATS,50,regions,MultiMinded,140,Balance,5.25,825.56,1,825.56,471.01400000000001,825.56,822.40333967725348,775.30193967725347,827.57163631083972,1,10,10,39,28
39,10,25,LinearHeuristicAuction,0.1,0.01,,True,,1000,10800,cats_reg_g10b50,,False,CATS,50,regions,MultiMinded,51,Balance,2.1000000000058208,948.5501,5,753.385,196.10050000000001,948.5501,772.39382054030284,674.34357054030284,880.54754538941052,1,10,2,49,35
40,10,22,LinearHeuristicAuction,0.1,0.01,,True,,1000,10800,cats_reg_g10b50,,False,CATS,50,regions,MultiMinded,1000,MaxIter,40.97999999998137,694.64,2,671.57,320.48500000000001,667.143,672.99746708669079,27.760759982047183,96.858499999999992,1,10,9,47,32
41,10,18,LinearHeuristicAuction,0.1,0.01,,True,,1000,10800,cats_reg_g10b50,,False,CATS,50,regions,MultiMinded,13,Balance,0.47000000000116415,919.5834,3,833.068,428.51799999999997,919.5834,858.99776285595374,730.44236285595377,846.00529036502883,1,10,5,34,28
42,10,21,LinearHeuristicAuction,0.1,0.01,,True,,1000,10800,cats_reg_g10b50,,False,CATS,50,regions,MultiMinded,881,Balance,35.66000000000349,722.396,1,722.396,339.44,722.396,721.59462837102228,687.65062837102232,689.52449040030638,1,10,16,46,31
43,10,20,LinearHeuristicAuction,0.1,0.01,,True,,1000,10800,cats_reg_g10b50,,False,CATS,50,regions,MultiMinded,322,Balance,12.209999999991851,820.8240000000001,2,681.374,265.63999999999999,820.8240000000001,792.42717799007551,739.29917799007558,767.69600000000003,1,10,0,42,30
44,10,19,LinearHeuristicAuction,0.1,0.01,,True,,1000,10800,cats_reg_g10b50,,False,CATS,50,regions,MultiMinded,1000,MaxIter,36.70999999999185,607.363,1,484.926,277.04599999999999,462.233,608.88139660214631,0,48.83148216253359,1,10,22,40,29
45,10,20,LinearHeuristicAuction,0.1,0.01,,True,,1000,10800,cats_reg_g10b50,,False,CATS,50,regions,MultiMinded,113,Balance,4.110000000015134,687.7891,5,510.577,285.93000000000001,687.7891,659.4856240280476,533.54961339807335,591.33360472502216,1,10,11,40,30
46,10,19,LinearHeuristicAuction,0.1,0.01,,True,,1000,10800,cats_reg_g10b50,,False,CATS,50,regions,MultiMinded,245,Balance,9.529999999998836,810.368,2,810.368,345.00850000000003,808.7297,778.5775196972977,709.57581969729767,767.53610147755433,1,10,5,42,29
47,10,18,LinearHeuristicAuction,0.1,0.01,,True,,1000,10800,cats_reg_g10b50,,False,CATS,50,regions,MultiMinded,596,Balance,22.80999999999767,759.477,1,738.963,363.25599999999997,738.963,748.10660064333445,711.78100064333444,748.08765219955092,1,10,10,44,28
48,10,29,LinearHeuristicAuction,0.1,0.01,,True,,1000,10800,cats_reg_g10b50,,False,CATS,50,regions,MultiMinded,6,Balance,0.27999999999883585,726.774,3,661.833,328.96899999999999,726.774,744.22655034003583,645.53585034003584,658.84948148283968,1,10,9,61,39
49,10,23,LinearHeuristicAuction,0.1,0.01,,True,,1000,10800,cats_reg_g10b50,,False,CATS,50,regions,MultiMinded,39,Balance,1.540000000008149,587.5914,5,462.576,216.20049999999998,573.7130999999999,547.8268992472307,439.72664924723074,508.67627200055392,1,10,9,47,33
50,10,17,LinearHeuristicAuction,0.1,0.01,,True,,1000,10800,cats_reg_g10b50,,False,CATS,50,regions,MultiMinded,54,Balance,1.8999999999941792,945.836,4,681.012,323.851,945.836,843.32824327640151,713.78784327640153,848.55767879190466,1,10,9,33,27
51,10,25,LinearHeuristicAuction,0.1,0.01,,True,,1000,10800,cats_reg_g10b50,,False,CATS,50,regions,MultiMinded,166,Balance,6.940000000002328,831.2631000000001,3,644.905,285.66050000000001,831.2631000000001,762.02220910748406,676.324059107484,745.70807357488616,1,10,8,49,35
52,10,19,LinearHeuristicAuction,0.1,0.01,,True,,1000,10800,cats_reg_g10b50,,False,CATS,50,regions,MultiMinded,138,Balance,5.279999999998836,608.391,1,608.391,276.31299999999999,608.391,605.47725549953998,577.84595549953997,580.99546597699066,1,10,2,40,29
53,10,21,LinearHeuristicAuction,0.1,0.01,,True,,1000,10800,cats_reg_g10b50,,False,CATS,50,regions,MultiMinded,1000,MaxIter,38.54000000000815,623.5598,3,612.518,167.23250000000002,446.16999999999996,642.86542936226544,210.23567128898225,210.26167283197967,1,10,17,45,31
54,10,20,LinearHeuristicAuction,0.1,0.01,,True,,1000,10800,cats_reg_g10b50,,False,CATS,50,regions,MultiMinded,40,Balance,1.610000000015134,1040.322,4,967.436,414.12850000000003,1039.9794,986.10410760795241,820.45270760795233,946.41817844136676,1,10,9,47,30
55,10,17,LinearHeuristicAuction,0.1,0.01,,True,,1000,10800,cats_reg_g10b50,,False,CATS,50,regions,MultiMinded,25,Balance,0.8900000000139698,1001.244,2,739.168,309.35699999999997,1001.244,865.86645484343671,803.99505484343672,990.1000853300518,1,10,7,32,27
56,10,17,LinearHeuristicAuction,0.1,0.01,,True,,1000,10800,cats_reg_g10b50,,False,CATS,50,regions,MultiMinded,1000,MaxIter,35.89999999999418,674.3464,2,592.43,348.80000000000001,641.1755,654.37253472973475,24.934914951073246,65.918790105111952,1,10,13,36,27
57,10,20,LinearHeuristicAuction,0.1,0.01,,True,,1000,10800,cats_reg_g10b50,,False,CATS,50,regions,MultiMinded,393,Balance,14.75,783.158,3,568.928,268.62299999999999,763.1990000000001,762.93167021892941,682.3447702189294,709.93116093576248,1,10,14,42,30
58,10,21,LinearHeuristicAuction,0.1,0.01,,True,,1000,10800,cats_reg_g10b50,,False,CATS,50,regions,MultiMinded,27,Balance,1.0799999999871943,871.9079999999999,2,791.212,427.88200000000001,871.9079999999999,869.69324442746222,784.1168444274623,799.94154845583489,1,10,10,45,31
59,10,28,LinearHeuristicAuction,0.1,0.01,,True,,1000,10800,cats_reg_g10b50,,False,CATS,50,regions,MultiMinded,8,Balance,0.39000000001396984,875.1772,3,803.796,406.47899999999998,875.1772,880.24944306885413,758.30574306885421,827.42214167493171,1,10,12,54,38
60,10,22,LinearHeuristicAuction,0.1,0.01,,True,,1000,10800,cats_reg_g10b50,,False,CATS,50,regions,MultiMinded,36,Balance,1.4400000000023283,716.1357,3,662.173,358.10899999999998,716.1357,682.38387664169761,574.95117664169766,615.30004871115398,1,10,9,48,32
61,10,19,LinearHeuristicAuction,0.1,0.01,,True,,1000,10800,cats_reg_g10b50,,False,CATS,50,regions,MultiMinded,80,Balance,3.0,756.948,3,553.212,307.67700000000002,756.948,745.31240849366804,653.00930849366807,690.7652932190274,1,10,11,41,29
62,10,20,LinearHeuristicAuction,0.1,0.01,,True,,1000,10800,cats_reg_g10b50,,False,CATS,50,regions,MultiMinded,11,Balance,0.3800000000046566,962.414,3,839.979,365.63299999999998,962.414,903.69150353344844,794.00160353344836,995.93918731627036,1,10,11,37,30
63,10,20,LinearHeuristicAuction,0.1,0.01,,True,,1000,10800,cats_reg_g10b50,,False,CATS,50,regions,MultiMinded,391,Balance,15.290000000008149,966.8963000000001,4,783.33,502.36099999999999,966.8963000000001,935.9659727264177,738.96532523555948,770.22083238417008,1,10,11,44,30
64,10,24,LinearHeuristicAuction,0.1,0.01,,True,,1000,10800,cats_reg_g10b50,,False,CATS,50,regions,MultiMinded,233,Balance,9.860000000015134,784.4846,2,723.45,238.8545,784.4846,757.51319878777122,709.74229878777123,744.47697798639217,1,10,12,49,34
65,10,18,LinearHeuristicAuction,0.1,0.01,,True,,1000,10800,cats_reg_g10b50,,False,CATS,50,regions,MultiMinded,521,Balance,19.050000000017462,863.3610000000001,4,758.102,337.34500000000003,863.3610000000001,817.83063643553533,682.89263643553522,729.55962237640824,1,10,17,40,28
66,10,18,LinearHeuristicAuction,0.1,0.01,,True,,1000,10800,cats_reg_g10b50,,False,CATS,50,regions,MultiMinded,1000,MaxIter,38.69000000000233,852.079,2,807.329,372.65700000000004,765.23,807.03510893012651,59.740703969685974,108.19774725387055,1,10,11,40,28
67,10,27,LinearHeuristicAuction,0.1,0.01,,True,,1000,10800,cats_reg_g10b50,,False,CATS,50,regions,MultiMinded,156,Balance,6.869999999995343,860.8598,2,789.183,223.39999999999998,860.8598,851.32854863828607,806.64854863828612,838.345874379316,1,10,1,54,37
68,10,20,LinearHeuristicAuction,0.1,0.01,,True,,1000,10800,cats_reg_g10b50,,False,CATS,50,regions,MultiMinded,201,Balance,7.740000000019791,535.1916,4,486.692,201.834,535.1916,513.94973268964804,433.21613268964802,474.60102943573816,1,10,1,41,30
69,10,20,LinearHeuristicAuction,0.1,0.01,,True,,1000,10800,cats_reg_g10b50,,False,CATS,50,regions,MultiMinded,67,Balance,2.64000000001397,550.5322,3,423.552,212.09399999999999,550.5322,484.32527054481716,420.69707054481711,486.90399999999994,1,10,0,41,30
70,10,18,LinearHeuristicAuction,0.1,0.01,,True,,1000,10800,cats_reg_g10b50,,False,CATS,50,regions,MultiMinded,1000,MaxIter,38.1699999999837,965.81,2,780.078,273.52800000000002,739.0820000000001,880.16583343478817,0.036133359330285941,125.05253434595238,1,10,16,41,28
71,10,17,LinearHeuristicAuction,0.1,0.01,,True,,1000,10800,cats_reg_g10b50,,False,CATS,50,regions,MultiMinded,1000,MaxIter,35.75999999998021,745.048,3,745.048,330.73000000000002,734.8829000000001,802.52745227985088,648.29821800768775,648.88321112433255,1,10,18,41,27
72,10,23,LinearHeuristicAuction,0.1,0.01,,True,,1000,10800,cats_reg_g10b50,,False,CATS,50,regions,MultiMinded,36,Balance,1.459999999991851,619.2275000000001,3,497.631,317.09799999999996,601.3611000000001,600.45859254345214,505.32919254345222,538.17818854952384,1,10,7,48,33
73,10,20,LinearHeuristicAuction,0.1,0.01,,True,,1000,10800,cats_reg_g10b50,,False,CATS,50,regions,MultiMinded,1000,MaxIter,39.360000000015134,675.2625,1,656.76,362.82400000000001,656.76,704.78339879583291,0,0.0,1,10,31,44,30
74,10,26,LinearHeuristicAuction,0.1,0.01,,True,,1000,10800,cats_reg_g10b50,,False,CATS,50,regions,MultiMinded,68,Balance,2.89000000001397,942.6876,2,890.025,245.483,942.6876,942.15647648632569,893.05987648632561,924.49862173804797,1,10,2,57,36
75,10,15,LinearHeuristicAuction,0.1,0.01,,True,,1000,10800,cats_reg_g10b50,,False,CATS,50,regions,MultiMinded,364,Balance,13.25,986.353,1,977.088,450.65550000000002,977.088,976.68413296418544,931.61858296418541,958.38089872677631,1,10,15,36,25
76,10,22,LinearHeuristicAuction,0.1,0.01,,True,,1000,10800,cats_reg_g10b50,,False,CATS,50,regions,MultiMinded,89,Balance,3.4100000000034925,900.434,2,820.61,441.17500000000001,836.495,836.16811809673914,747.93311809673901,835.12047087409076,1,10,12,42,32
77,10,19,LinearHeuristicAuction,0.1,0.01,,True,,1000,10800,cats_reg_g10b50,,False,CATS,50,regions,MultiMinded,811,Balance,30.820000000006985,505.8682,3,489.633,293.4085,502.3022,492.68154500236528,420.21354603755685,459.80449546589398,1,10,14,40,29
78,10,15,LinearHeuristicAuction,0.1,0.01,,True,,1000,10800,cats_reg_g10b50,,False,CATS,50,regions,MultiMinded,45,Balance,1.5399999999790452,723.896,1,723.896,268.85500000000002,723.896,723.82935102700935,696.94385102700937,760.63571177672213,1,10,8,29,25
79,10,20,LinearHeuristicAuction,0.1,0.01,,True,,1000,10800,cats_reg_g10b50,,False,CATS,50,regions,MultiMinded,541,Balance,20.54999999998836,830.055,3,715.055,304.07849999999996,830.055,775.14294871727441,683.91939871727436,739.22238634059431,1,10,14,43,30
80,10,23,LinearHeuristicAuction,0.1,0.01,,True,,1000,10800,cats_reg_g10b50,,False,CATS,50,regions,MultiMinded,1000,MaxIter,42.0,858.2552999999999,2,815.519,326.65449999999998,744.0512,851.06892760024948,44.350954982971139,57.247735143626379,1,10,19,50,33
81,10,19,LinearHeuristicAuction,0.1,0.01,,True,,1000,10800,cats_reg_g10b50,,False,CATS,50,regions,MultiMinded,11,Balance,0.35999999998603016,731.2354999999999,5,657.74,318.25649999999996,728.3769,700.30147941337168,542.04599047480042,686.23382609420855,1,10,13,33,29
82,10,20,LinearHeuristicAuction,0.1,0.01,,True,,1000,10800,cats_reg_g10b50,,False,CATS,50,regions,MultiMinded,669,Balance,25.54999999998836,799.819,3,670.65,230.49700000000001,799.819,772.06866667252461,702.91956667252464,753.95399528398048,1,10,5,45,30
83,10,18,LinearHeuristicAuction,0.1,0.01,,True,,1000,10800,cats_reg_g10b50,,False,CATS,50,regions,MultiMinded,71,Balance,2.5799999999871943,778.391,2,740.964,303.2475,778.391,778.11958366293993,717.47008366293994,773.24352573797307,1,10,12,37,28
84,10,19,LinearHeuristicAuction,0.1,0.01,,True,,1000,10800,cats_reg_g10b50,,False,CATS,50,regions,MultiMinded,9,Balance,0.3200000000069849,653.4665,4,531.36,233.98450000000003,653.4665,575.52223388588038,481.92843388588028,600.15267675338589,1,10,15,36,29
85,10,16,LinearHeuristicAuction,0.1,0.01,,True,,1000,10800,cats_reg_g10b50,,False,CATS,50,regions,MultiMinded,18,Balance,0.5999999999767169,738.6202000000001,4,623.355,332.00099999999998,738.6202000000001,719.8773680528443,587.07696805284422,647.73153306102097,1,10,9,32,26
86,10,17,LinearHeuristicAuction,0.1,0.01,,True,,1000,10800,cats_reg_g10b50,,False,CATS,50,regions,MultiMinded,303,Balance,10.630000000004657,772.54,2,646.076,287.08299999999997,772.54,703.04573207342764,645.62913207342763,715.12339999999995,1,10,0,34,27
87,10,18,LinearHeuristicAuction,0.1,0.01,,True,,1000,10800,cats_reg_g10b50,,False,CATS,50,regions,MultiMinded,1000,MaxIter,37.64999999999418,883.32347,2,801.709,428.95349999999996,671.90877,947.24468729615603,0.0,0.64458071700756037,1,10,9,39,28
88,10,20,LinearHeuristicAuction,0.1,0.01,,True,,1000,10800,cats_reg_g10b50,,False,CATS,50,regions,MultiMinded,152,Balance,5.740000000019791,662.7294999999999,1,622.783,332.80799999999999,622.783,655.09112441584932,621.81032441584932,634.03116732746128,1,10,29,44,30
89,10,26,LinearHeuristicAuction,0.1,0.01,,True,,1000,10800,cats_reg_g10b50,,False,CATS,50,regions,MultiMinded,1000,MaxIter,45.529999999998836,844.3882,2,703.836,361.93200000000002,725.4582,815.42473579935177,0.0,52.601542037583343,1,10,21,56,36
90,10,21,LinearHeuristicAuction,0.1,0.01,,True,,1000,10800,cats_reg_g10b50,,False,CATS,50,regions,MultiMinded,61,Balance,2.320000000006985,1011.3232,6,890.879,348.79300000000001,1011.3232,895.56565573614637,686.28985573614636,869.45920946709509,1,10,6,41,31
91,10,17,LinearHeuristicAuction,0.1,0.01,,True,,1000,10800,cats_reg_g10b50,,False,CATS,50,regions,MultiMinded,650,Balance,23.75,890.575,1,890.575,535.99700000000007,890.575,943.87854827406977,890.27884827406979,891.5292203295561,1,10,30,35,27
92,10,22,LinearHeuristicAuction,0.1,0.01,,True,,1000,10800,cats_reg_g10b50,,False,CATS,50,regions,MultiMinded,7,Balance,0.23999999999068677,683.1735,2,627.133,263.76300000000003,683.1735,645.11525832652774,592.36265832652771,703.31796571200834,1,10,9,40,32
93,10,20,LinearHeuristicAuction,0.1,0.01,,True,,1000,10800,cats_reg_g10b50,,False,CATS,50,regions,MultiMinded,16,Balance,0.610000000015134,931.509,1,931.509,347.88099999999997,931.509,927.01836854971134,892.23026854971135,931.30584698909138,1,10,4,44,30
94,10,15,LinearHeuristicAuction,0.1,0.01,,True,,1000,10800,cats_reg_g10b50,,False,CATS,50,regions,MultiMinded,839,Balance,28.730000000010477,772.037,2,770.337,295.54650000000004,772.037,770.39413663241203,711.28483663241195,742.86482116488025,1,10,19,33,25
95,10,17,LinearHeuristicAuction,0.1,0.01,,True,,1000,10800,cats_reg_g10b50,,False,CATS,50,regions,MultiMinded,563,Balance,20.630000000004657,901.2369,3,849.224,408.67100000000005,901.2369,888.13431403359755,779.82944432632473,793.29230188953034,1,10,9,39,27
96,10,19,LinearHeuristicAuction,0.1,0.01,,True,,1000,10800,cats_reg_g10b50,,False,CATS,50,regions,MultiMinded,5,Balance,0.17999999999301508,752.0848,3,651.493,368.70849999999996,752.0848,716.39139334471497,609.24294106764501,706.87748263338051,1,10,12,38,29
97,10,20,LinearHeuristicAuction,0.1,0.01,,True,,1000,10800,cats_reg_g10b50,,False,CATS,50,regions,MultiMinded,1000,MaxIter,40.41000000000349,657.92043,2,602.694,360.185,581.55143,695.0654901215928,0.0,0.58239807599591131,1,10,10,46,30
98,10,20,LinearHeuristicAuction,0.1,0.01,,True,,1000,10800,cats_reg_g10b50,,False,CATS,50,regions,MultiMinded,6,Balance,0.20999999999185093,1047.5140999999999,4,870.711,386.798,1047.5140999999999,885.39951996384582,737.05091787652805,960.94945213032588,1,10,16,33,30
99,10,22,LinearHeuristicAuction,0.1,0.01,,True,,1000,10800,cats_reg_g10b50,,False,CATS,50,regions,MultiMinded,60,Balance,2.400000000023283,1044.344,5,687.143,366.375,1044.344,1010.4407683824843,827.25326838248418,871.2230360796093,1,10,15,47,32
100,10,21,LinearHeuristicAuction,0.1,0.01,,True,,1000,10800,cats_reg_g10b50,,False,CATS,50,regions,MultiMinded,1000,MaxIter,40.35000000000582,587.8678,2,515.864,141.49099999999999,456.48080000000004,568.3123823245304,51.166055492726905,82.685761018822603,1,10,9,46,31
