idx,items,agents,auction_class,epsilon,stepc,epoch,scalebyvalue,reserve_type,maxiter,maxtime,generator_param_name,personalized,int_prices,generator,bids,distribution,type,rounds,status,runtime,efficient_value,final_num_winners,final_max_agent_value,final_scalevalue,final_value,final_total_price,final_revenue,final_indirect_util,final_price_degree,final_price_sparsity,final_imbalance,final_wd_nvars,final_wd_ncons
1,30,36,LinearSubgradientAuction,0.1,0.01,,True,,1000,10800,cats_reg_g30b150,,False,CATS,150,regions,MultiMinded,341,Balance,499.4600000000064,2502.8085,10,1712.02,630.28700000000003,2502.8085,2158.9761167710662,1741.8922647011962,2147.867680456251,1,29,2,2160,3234
2,30,38,LinearSubgradientAuction,0.1,0.01,,True,,1000,10800,cats_reg_g30b150,,False,CATS,150,regions,MultiMinded,1000,MaxIter,1579.2200000000012,2067.4249,5,1460.04,478.96600000000001,864.8339000000001,2076.1459597799321,672.3557188050205,719.47115783624849,1,30,8,2318,3488
3,30,36,LinearSubgradientAuction,0.1,0.01,,True,,1000,10800,cats_reg_g30b150,,False,CATS,150,regions,MultiMinded,1000,MaxIter,1466.6199999999953,2226.2472000000002,4,1961.0,494.50999999999999,2090.0159,2243.9896740751396,1944.769035035968,1971.5071409133673,1,29,7,2160,3234
4,30,38,LinearSubgradientAuction,0.1,0.01,,True,,1000,10800,cats_reg_g30b150,,False,CATS,150,regions,MultiMinded,37,Balance,58.20000000001164,2004.9491999999998,11,1505.7,557.86300000000006,1985.2371999999998,1808.9984484179761,1296.115048071365,1517.0190703230776,1,30,3,2318,3488
5,30,35,LinearSubgradientAuction,0.1,0.01,,True,,1000,10800,cats_reg_g30b150,,False,CATS,150,regions,MultiMinded,1000,MaxIter,1464.4100000000035,1864.626,8,1703.97,505.12049999999999,1150.069,1842.3765759736821,803.26038653484056,847.47454618806239,1,30,7,2135,3215
6,30,35,LinearSubgradientAuction,0.1,0.01,,True,,1000,10800,cats_reg_g30b150,,False,CATS,150,regions,MultiMinded,1000,MaxIter,1455.3500000000058,2116.0368,7,1959.83,614.52500000000009,1262.9458,2241.1866147300161,1015.7700986646354,1018.7041704725328,1,30,20,2135,3215
7,30,35,LinearSubgradientAuction,0.1,0.01,,True,,1000,10800,cats_reg_g30b150,,False,CATS,150,regions,MultiMinded,176,Balance,255.61000000000058,2031.9575,6,1330.11,558.39999999999998,2031.9575,1932.5320573646975,1647.7480573646976,1801.5020731817788,1,30,4,2135,3215
8,30,35,LinearSubgradientAuction,0.1,0.01,,True,,1000,10800,cats_reg_g30b150,,False,CATS,150,regions,MultiMinded,1000,MaxIter,1443.0800000000017,2027.57669,9,1379.5,642.28750000000002,1100.64669,1872.3022198381,577.43290905636047,776.03380948489257,1,30,4,2135,3215
9,30,36,LinearSubgradientAuction,0.1,0.01,,True,,1000,10800,cats_reg_g30b150,,False,CATS,150,regions,MultiMinded,1000,MaxIter,1413.3099999999977,1859.5272999999997,2,1542.29,443.88650000000001,106.8809,1812.199581295338,0.0,104.16526669202528,1,28,27,2124,3162
10,30,34,LinearSubgradientAuction,0.1,0.01,,True,,1000,10800,cats_reg_g30b150,,False,CATS,150,regions,MultiMinded,1000,MaxIter,1403.320000000007,2566.974,8,2112.56,626.02300000000002,2350.625,2457.3027526231544,1721.5098281381597,1975.7115208846203,1,29,11,2040,3056
11,30,36,LinearSubgradientAuction,0.1,0.01,,True,,1000,10800,cats_reg_g30b150,,False,CATS,150,regions,MultiMinded,104,Balance,153.0,2431.6115,5,2098.81,721.22149999999999,2431.6115,2288.746153364983,2050.6635055896259,2256.8792562065828,1,30,6,2196,3306
12,30,32,LinearSubgradientAuction,0.1,0.01,,True,,1000,10800,cats_reg_g30b150,,False,CATS,150,regions,MultiMinded,1000,MaxIter,1298.6499999999942,1865.81568,4,1645.15,855.13049999999998,217.31878,1860.853045386664,0.0,152.3464763373986,1,29,26,1920,2878
13,30,35,LinearSubgradientAuction,0.1,0.01,,True,,1000,10800,cats_reg_g30b150,,False,CATS,150,regions,MultiMinded,1000,MaxIter,1449.6699999999983,1773.5022000000001,6,1494.31,678.60900000000004,921.3965000000001,1724.6478325783246,169.37692608696955,339.42467074808712,1,30,19,2135,3215
14,30,32,LinearSubgradientAuction,0.1,0.01,,True,,1000,10800,cats_reg_g30b150,,False,CATS,150,regions,MultiMinded,1000,MaxIter,1304.8699999999953,1980.1873000000003,6,1559.99,631.08900000000006,1598.9547,1866.3066679029428,1257.3595688516277,1466.2465173709159,1,30,15,1952,2942
15,30,36,LinearSubgradientAuction,0.1,0.01,,True,,1000,10800,cats_reg_g30b150,,False,CATS,150,regions,MultiMinded,8,Balance,10.69999999999709,2512.4141000000004,5,2312.23,781.00699999999995,2483.6781000000005,2319.1830987819217,2119.2121125172321,2350.2220640733444,1,29,2,2160,3234
16,30,34,LinearSubgradientAuction,0.1,0.01,,True,,1000,10800,cats_reg_g30b150,,False,CATS,150,regions,MultiMinded,1000,MaxIter,1357.4100000000035,1929.452,7,1789.44,584.255,1068.4095000000002,1955.4748751166335,831.46225759644062,904.5004894536952,1,28,15,2006,2988
17,30,33,LinearSubgradientAuction,0.1,0.01,,True,,1000,10800,cats_reg_g30b150,,False,CATS,150,regions,MultiMinded,841,Balance,1170.0,1934.7395999999999,7,1626.95,730.93200000000002,1934.7395999999999,1860.7438625497307,1474.6213848300492,1550.7947469722315,1,30,48,2013,3033
18,30,34,LinearSubgradientAuction,0.1,0.01,,True,,1000,10800,cats_reg_g30b150,,False,CATS,150,regions,MultiMinded,46,Balance,62.879999999990105,2504.1384,5,1818.33,781.33600000000001,2480.9184,2370.797661266161,2075.0035434490642,2255.2469804955231,1,29,8,2040,3056
19,30,36,LinearSubgradientAuction,0.1,0.01,,True,,1000,10800,cats_reg_g30b150,,False,CATS,150,regions,MultiMinded,174,Balance,253.69000000000233,2560.7110000000002,12,1508.06,549.71399999999994,2557.321,2008.9859977625665,1517.8708508320938,2119.3039095979266,1,29,2,2160,3234
20,30,37,LinearSubgradientAuction,0.1,0.01,,True,,1000,10800,cats_reg_g30b150,,False,CATS,150,regions,MultiMinded,1000,MaxIter,1543.0299999999988,1801.7813999999998,4,1490.47,395.125,768.7731,1801.1285264493436,165.58444170097471,224.56378387066809,1,30,17,2257,3397
21,30,33,LinearSubgradientAuction,0.1,0.01,,True,,1000,10800,cats_reg_g30b150,,False,CATS,150,regions,MultiMinded,284,Balance,393.72000000000116,1553.7635,7,1374.19,778.39550000000008,1460.0635,1528.1164822127942,1115.1139306944351,1251.2813224439876,1,30,56,2013,3033
22,30,38,LinearSubgradientAuction,0.1,0.01,,True,,1000,10800,cats_reg_g30b150,,False,CATS,150,regions,MultiMinded,1000,MaxIter,1564.320000000007,2312.252,6,2123.59,638.69949999999994,1335.44,2405.1017444536869,991.22580154589468,1018.1808714600392,1,29,7,2280,3412
23,30,38,LinearSubgradientAuction,0.1,0.01,,True,,1000,10800,cats_reg_g30b150,,False,CATS,150,regions,MultiMinded,310,Balance,486.2699999999895,2354.8725,8,1818.1,597.00800000000004,2354.8725,2132.263900441792,1836.3744885257556,2118.4614001888563,1,30,2,2318,3488
24,30,35,LinearSubgradientAuction,0.1,0.01,,True,,1000,10800,cats_reg_g30b150,,False,CATS,150,regions,MultiMinded,1000,MaxIter,1443.3500000000058,1892.4884,11,1241.36,538.58849999999995,1318.8878,1727.2054093133447,755.40759229350476,1017.857226444969,1,30,13,2135,3215
25,30,33,LinearSubgradientAuction,0.1,0.01,,True,,1000,10800,cats_reg_g30b150,,False,CATS,150,regions,MultiMinded,1000,MaxIter,1347.0299999999988,1741.0822999999998,6,1538.41,861.41849999999999,1164.9992999999997,1695.9499619017938,875.64618971904656,1008.203326251996,1,29,50,1980,2967
26,30,34,LinearSubgradientAuction,0.1,0.01,,True,,1000,10800,cats_reg_g30b150,,False,CATS,150,regions,MultiMinded,1000,MaxIter,1400.8800000000047,2008.668,9,1919.5,424.82100000000003,1227.9563999999998,2033.0697598578986,968.81249131525806,1063.3339760644235,1,30,18,2074,3124
27,30,32,LinearSubgradientAuction,0.1,0.01,,True,,1000,10800,cats_reg_g30b150,,False,CATS,150,regions,MultiMinded,1000,MaxIter,1272.7199999999866,2175.2061,5,1890.21,644.31150000000002,1012.93,2305.4878951591609,948.87431015842958,949.195052852299,1,29,22,1920,2878
28,30,37,LinearSubgradientAuction,0.1,0.01,,True,,1000,10800,cats_reg_g30b150,,False,CATS,150,regions,MultiMinded,1000,MaxIter,1548.179999999993,2040.43179,6,1615.6,517.23699999999997,757.5419999999999,1964.966891387096,468.57527758476488,596.07645880308451,1,30,19,2257,3397
29,30,33,LinearSubgradientAuction,0.1,0.01,,True,,1000,10800,cats_reg_g30b150,,False,CATS,150,regions,MultiMinded,1000,MaxIter,1380.270000000004,2111.632,7,1854.64,708.57899999999995,1440.21,2014.537352546025,694.85930706539489,975.59854466793706,1,30,17,2013,3033
30,30,35,LinearSubgradientAuction,0.1,0.01,,True,,1000,10800,cats_reg_g30b150,,False,CATS,150,regions,MultiMinded,1000,MaxIter,1414.9700000000012,2323.0769999999998,11,1594.17,462.18150000000003,1572.5511999999999,2144.3311958719232,1000.6551431788588,1241.0325857171629,1,29,14,2100,3145
31,30,34,LinearSubgradientAuction,0.1,0.01,,True,,1000,10800,cats_reg_g30b150,,False,CATS,150,regions,MultiMinded,777,Balance,1076.8500000000058,2659.4860000000003,7,2167.09,585.07799999999997,2659.4860000000003,2587.6090185679741,2252.398140699946,2382.6785304739669,1,29,3,2040,3056
32,30,37,LinearSubgradientAuction,0.1,0.01,,True,,1000,10800,cats_reg_g30b150,,False,CATS,150,regions,MultiMinded,1000,MaxIter,1552.1699999999983,1999.8556999999998,6,1545.46,522.50199999999995,413.9537,1920.3108610953523,95.756029261320549,213.69665443857531,1,30,21,2257,3397
33,30,37,LinearSubgradientAuction,0.1,0.01,,True,,1000,10800,cats_reg_g30b150,,False,CATS,150,regions,MultiMinded,1000,MaxIter,1478.6900000000023,1805.9524000000001,7,1582.17,487.50400000000002,980.9506,1636.8580526904511,594.36704389269244,797.32153286094513,1,29,14,2220,3323
34,30,39,LinearSubgradientAuction,0.1,0.01,,True,,1000,10800,cats_reg_g30b150,,False,CATS,150,regions,MultiMinded,1000,MaxIter,1638.7200000000012,1983.6001999999999,8,1564.76,623.41200000000003,841.6214,2063.5314645825847,489.98869754385373,490.77925526413287,1,30,26,2379,3579
35,30,38,LinearSubgradientAuction,0.1,0.01,,True,,1000,10800,cats_reg_g30b150,,False,CATS,150,regions,MultiMinded,1000,MaxIter,1561.8300000000017,2341.4052,6,1755.59,637.298,2055.1477999999997,2288.876225810794,783.16325849424925,972.23455980970948,1,29,10,2280,3412
36,30,33,LinearSubgradientAuction,0.1,0.01,,True,,1000,10800,cats_reg_g30b150,,False,CATS,150,regions,MultiMinded,1000,MaxIter,1367.5299999999988,2136.9992,10,1693.26,587.83249999999998,1497.679,2177.3435454383643,1134.856695760373,1208.8613824510842,1,30,45,2013,3033
37,30,34,LinearSubgradientAuction,0.1,0.01,,True,,1000,10800,cats_reg_g30b150,,False,CATS,150,regions,MultiMinded,1000,MaxIter,1401.2799999999988,1991.3467,10,1812.59,701.23299999999995,1620.3692999999998,1958.5196359755751,1108.6738881462936,1260.1238988971813,1,30,22,2074,3124
38,30,40,LinearSubgradientAuction,0.1,0.01,,True,,1000,10800,cats_reg_g30b150,,False,CATS,150,regions,MultiMinded,308,Balance,503.6999999999971,2724.0288,6,2153.9,576.38300000000004,2724.0288,2402.15643150912,2168.1665466160957,2490.4345555969412,1,29,6,2400,3590
39,30,30,LinearSubgradientAuction,0.1,0.01,,True,,1000,10800,cats_reg_g30b150,,False,CATS,150,regions,MultiMinded,1000,MaxIter,1230.5299999999988,1968.0602,7,1918.66,764.726,1725.4922,2036.4972015216422,1296.1675890133981,1436.4733274192952,1,30,37,1830,2760
40,30,33,LinearSubgradientAuction,0.1,0.01,,True,,1000,10800,cats_reg_g30b150,,False,CATS,150,regions,MultiMinded,28,Balance,37.580000000001746,1942.0583000000001,4,1674.34,688.69799999999998,1942.0583000000001,1947.3695018494709,1714.8153868492759,1768.3097551212149,1,30,16,2013,3033
41,30,35,LinearSubgradientAuction,0.1,0.01,,True,,1000,10800,cats_reg_g30b150,,False,CATS,150,regions,MultiMinded,1000,MaxIter,1463.1600000000035,1877.7214099999999,7,1423.29,646.35299999999995,878.5149099999999,1853.1481317125224,535.80902329515766,601.00815576284606,1,30,13,2135,3215
42,30,32,LinearSubgradientAuction,0.1,0.01,,True,,1000,10800,cats_reg_g30b150,,False,CATS,150,regions,MultiMinded,1000,MaxIter,1319.62999999999,2111.841,3,1703.5,646.17399999999998,1896.7069999999999,2251.6921143538584,1719.4719033786128,1763.8805366259885,1,30,5,1952,2942
43,30,40,LinearSubgradientAuction,0.1,0.01,,True,,1000,10800,cats_reg_g30b150,,False,CATS,150,regions,MultiMinded,1000,MaxIter,1669.5599999999977,2446.7208,14,1927.69,685.90899999999999,1304.0937,2134.9653785086234,469.04836380287065,786.09000110808165,1,30,32,2440,3670
44,30,35,LinearSubgradientAuction,0.1,0.01,,True,,1000,10800,cats_reg_g30b150,,False,CATS,150,regions,MultiMinded,1000,MaxIter,1428.3699999999953,1711.1515999999997,7,1299.51,651.40899999999999,941.2446,1591.7555988722531,524.88136150756861,699.30527441374625,1,29,23,2100,3145
45,30,38,LinearSubgradientAuction,0.1,0.01,,True,,1000,10800,cats_reg_g30b150,,False,CATS,150,regions,MultiMinded,1000,MaxIter,1570.6100000000006,2034.5094,11,1828.07,742.07299999999998,1217.2418999999998,2088.3741875158844,947.56666687119684,953.68529188912373,1,29,44,2280,3412
46,30,31,LinearSubgradientAuction,0.1,0.01,,True,,1000,10800,cats_reg_g30b150,,False,CATS,150,regions,MultiMinded,23,Balance,28.429999999993015,2564.0325000000003,4,2373.4,807.26099999999997,2564.0325000000003,2450.4186058354189,2251.8692384362471,2395.1691522647729,1,30,3,1891,2851
47,30,37,LinearSubgradientAuction,0.1,0.01,,True,,1000,10800,cats_reg_g30b150,,False,CATS,150,regions,MultiMinded,81,Balance,121.14999999999418,2233.1322,9,1669.44,664.97900000000004,2233.1322,1991.9712266939093,1653.9683701073459,1995.4661421401333,1,29,28,2220,3323
48,30,35,LinearSubgradientAuction,0.1,0.01,,True,,1000,10800,cats_reg_g30b150,,False,CATS,150,regions,MultiMinded,1000,MaxIter,1450.0499999999884,2069.4358,7,1826.01,556.24350000000004,706.6749,2024.5811994570474,376.5940435910602,551.42549215147028,1,30,17,2135,3215
49,30,30,LinearSubgradientAuction,0.1,0.01,,True,,1000,10800,cats_reg_g30b150,,False,CATS,150,regions,MultiMinded,1000,MaxIter,1226.3899999999994,1979.7895999999998,10,1594.07,673.82600000000002,1630.6209999999999,1981.317250932103,1161.6552110010202,1260.5229782611009,1,30,55,1830,2760
50,30,33,LinearSubgradientAuction,0.1,0.01,,True,,1000,10800,cats_reg_g30b150,,False,CATS,150,regions,MultiMinded,1000,MaxIter,1361.2800000000134,2110.6722999999997,6,1335.35,460.47550000000001,1377.5393,2000.3645346298249,165.00075121104416,412.77598287678825,1,30,13,2013,3033
51,30,37,LinearSubgradientAuction,0.1,0.01,,True,,1000,10800,cats_reg_g30b150,,False,CATS,150,regions,MultiMinded,602,Balance,884.1399999999994,2245.4244000000003,7,1882.26,597.73699999999997,2245.4244000000003,2211.248176261528,1892.4008337023752,1982.269818301201,1,28,27,2183,3249
52,30,32,LinearSubgradientAuction,0.1,0.01,,True,,1000,10800,cats_reg_g30b150,,False,CATS,150,regions,MultiMinded,141,Balance,178.94000000000233,1756.6213,8,1409.87,556.45500000000004,1756.6213,1699.0312915402405,1367.6045638060248,1502.5677677295612,1,29,12,1920,2878
53,30,34,LinearSubgradientAuction,0.1,0.01,,True,,1000,10800,cats_reg_g30b150,,False,CATS,150,regions,MultiMinded,1000,MaxIter,1413.770000000004,2325.6629000000003,10,1796.97,570.23000000000002,1462.3334,2168.842108704891,844.67600560794585,1068.5228622532418,1,30,12,2074,3124
54,30,37,LinearSubgradientAuction,0.1,0.01,,True,,1000,10800,cats_reg_g30b150,,False,CATS,150,regions,MultiMinded,217,Balance,335.86999999999534,2355.424,7,2152.9,670.553,2355.424,2248.8696338029172,1962.1712818923256,2135.9725117649914,1,30,12,2257,3397
55,30,33,LinearSubgradientAuction,0.1,0.01,,True,,1000,10800,cats_reg_g30b150,,False,CATS,150,regions,MultiMinded,832,Balance,1149.2900000000081,2078.1524999999997,12,1352.37,548.28150000000005,2078.1524999999997,2044.572239086669,1538.9644247788806,1608.0345329222248,1,30,31,2013,3033
56,30,39,LinearSubgradientAuction,0.1,0.01,,True,,1000,10800,cats_reg_g30b150,,False,CATS,150,regions,MultiMinded,1000,MaxIter,1615.570000000007,1893.3772000000004,10,1498.24,591.42200000000003,1516.4492,1740.3643092708121,947.39025590855363,1139.354742821231,1,29,10,2340,3501
57,30,36,LinearSubgradientAuction,0.1,0.01,,True,,1000,10800,cats_reg_g30b150,,False,CATS,150,regions,MultiMinded,1000,MaxIter,1480.3699999999953,1899.5301999999997,7,1604.44,621.16750000000002,753.6139000000001,1877.5014743298807,406.7272034174174,496.01763834190433,1,30,11,2196,3306
58,30,36,LinearSubgradientAuction,0.1,0.01,,True,,1000,10800,cats_reg_g30b150,,False,CATS,150,regions,MultiMinded,210,Balance,315.9100000000035,2429.6093,7,2057.42,832.86300000000006,2429.6093,2306.7062506434572,1879.4765166234401,2079.5020787760141,1,30,32,2196,3306
59,30,39,LinearSubgradientAuction,0.1,0.01,,True,,1000,10800,cats_reg_g30b150,,False,CATS,150,regions,MultiMinded,1000,MaxIter,1632.8500000000058,2064.9126,7,1772.9,622.28800000000001,893.7375999999999,2027.9227317650898,421.44225135902116,542.96313789956059,1,30,15,2379,3579
60,30,35,LinearSubgradientAuction,0.1,0.01,,True,,1000,10800,cats_reg_g30b150,,False,CATS,150,regions,MultiMinded,311,Balance,437.54000000000815,1956.0875,9,1842.74,450.80399999999997,1956.0875,1908.5602282584027,1585.3226885747504,1677.9093943461396,1,28,1,2065,3075
61,30,37,LinearSubgradientAuction,0.1,0.01,,True,,1000,10800,cats_reg_g30b150,,False,CATS,150,regions,MultiMinded,1000,MaxIter,1535.2100000000064,1951.6029999999998,6,1560.47,530.9905,714.2886000000001,1845.0797738277679,76.731321738995433,241.53448393015049,1,30,25,2257,3397
62,30,34,LinearSubgradientAuction,0.1,0.01,,True,,1000,10800,cats_reg_g30b150,,False,CATS,150,regions,MultiMinded,274,Balance,385.320000000007,1978.0167,8,1737.89,582.94900000000007,1978.0167,1848.5358592982507,1520.9218288322488,1727.724826167776,1,30,17,2074,3124
63,30,30,LinearSubgradientAuction,0.1,0.01,,True,,1000,10800,cats_reg_g30b150,,False,CATS,150,regions,MultiMinded,111,Balance,132.86000000000058,2547.4234,6,1821.34,869.476,2547.4234,2352.8763139403227,2020.6803797560483,2295.7597195943135,1,29,20,1800,2700
64,30,34,LinearSubgradientAuction,0.1,0.01,,True,,1000,10800,cats_reg_g30b150,,False,CATS,150,regions,MultiMinded,234,Balance,331.8899999999994,2427.9729,9,1844.14,792.92899999999997,2427.9729,2226.8468304402791,1671.088974792747,1951.3139398902417,1,30,14,2074,3124
65,30,36,LinearSubgradientAuction,0.1,0.01,,True,,1000,10800,cats_reg_g30b150,,False,CATS,150,regions,MultiMinded,1000,MaxIter,1465.9899999999907,2209.3287,6,1779.98,732.52250000000004,501.2577,2072.2986398272074,71.247292197834327,276.77724975913571,1,29,23,2160,3234
66,30,30,LinearSubgradientAuction,0.1,0.01,,True,,1000,10800,cats_reg_g30b150,,False,CATS,150,regions,MultiMinded,42,Balance,49.69000000000233,2387.3904,3,2290.03,553.03500000000008,2387.3904,2302.5584362349414,2222.2249850940379,2372.1558838680389,1,29,9,1800,2700
67,30,41,LinearSubgradientAuction,0.1,0.01,,True,,1000,10800,cats_reg_g30b150,,False,CATS,150,regions,MultiMinded,1000,MaxIter,1682.550000000003,2130.5865999999996,10,1569.3,447.20299999999997,1666.6935999999998,2092.2863723958453,1234.1281558177886,1408.1333750705144,1,29,18,2460,3679
68,30,34,LinearSubgradientAuction,0.1,0.01,,True,,1000,10800,cats_reg_g30b150,,False,CATS,150,regions,MultiMinded,1000,MaxIter,1413.1600000000035,1871.0335999999998,3,1491.62,623.48450000000003,253.27729999999997,1794.2219224275277,24.371265997694284,145.93689505942291,1,30,24,2074,3124
69,30,34,LinearSubgradientAuction,0.1,0.01,,True,,1000,10800,cats_reg_g30b150,,False,CATS,150,regions,MultiMinded,109,Balance,152.35000000000582,2248.1536,8,1918.69,909.28949999999998,2248.1536,2093.8237035786078,1631.9234334479859,1786.2533298693781,1,29,0,2040,3056
70,30,32,LinearSubgradientAuction,0.1,0.01,,True,,1000,10800,cats_reg_g30b150,,False,CATS,150,regions,MultiMinded,1000,MaxIter,1328.37999999999,2074.3614,10,1794.89,671.03600000000006,967.673,2009.6682523365666,514.70364214373046,673.53034591326605,1,30,35,1952,2942
71,30,30,LinearSubgradientAuction,0.1,0.01,,True,,1000,10800,cats_reg_g30b150,,False,CATS,150,regions,MultiMinded,1000,MaxIter,1210.6900000000023,2107.4125,7,1919.92,672.68100000000004,1239.811,2150.8941368116493,682.99972495969064,814.68739570490561,1,29,16,1800,2700
72,30,35,LinearSubgradientAuction,0.1,0.01,,True,,1000,10800,cats_reg_g30b150,,False,CATS,150,regions,MultiMinded,1000,MaxIter,1453.270000000004,1946.4843000000003,10,1216.53,554.09649999999999,1550.4403,1884.094968697395,1092.8466616342371,1296.6516230868619,1,30,21,2135,3215
73,30,35,LinearSubgradientAuction,0.1,0.01,,True,,1000,10800,cats_reg_g30b150,,False,CATS,150,regions,MultiMinded,1000,MaxIter,1439.0800000000017,1852.6272999999999,7,1445.38,663.03899999999999,662.195,1680.9443804266534,221.519631173177,505.87100013982837,1,30,19,2135,3215
74,30,31,LinearSubgradientAuction,0.1,0.01,,True,,1000,10800,cats_reg_g30b150,,False,CATS,150,regions,MultiMinded,1000,MaxIter,1280.979999999996,2020.0417,4,1744.34,781.83899999999994,1114.4580999999998,2019.568285635379,792.71970269155872,974.51017643985824,1,30,15,1891,2851
75,30,39,LinearSubgradientAuction,0.1,0.01,,True,,1000,10800,cats_reg_g30b150,,False,CATS,150,regions,MultiMinded,1000,MaxIter,1621.3999999999942,2549.9302,7,1890.83,637.39099999999996,1240.1842,2426.1758260769539,223.96030142317812,450.68929870874467,1,30,22,2379,3579
76,30,36,LinearSubgradientAuction,0.1,0.01,,True,,1000,10800,cats_reg_g30b150,,False,CATS,150,regions,MultiMinded,1000,MaxIter,1511.8499999999913,1970.4382,5,1633.82,405.01099999999997,1905.435,2039.0663913552958,1696.5971532104099,1743.5130609286848,1,30,3,2196,3306
77,30,34,LinearSubgradientAuction,0.1,0.01,,True,,1000,10800,cats_reg_g30b150,,False,CATS,150,regions,MultiMinded,86,Balance,119.89999999999418,1646.3148,7,1576.38,831.28949999999998,1563.2302,1685.0055211966285,1166.3108017186285,1178.7069978352276,1,30,6,2074,3124
78,30,34,LinearSubgradientAuction,0.1,0.01,,True,,1000,10800,cats_reg_g30b150,,False,CATS,150,regions,MultiMinded,1000,MaxIter,1387.449999999997,2412.1546,8,1881.66,768.41550000000007,1419.3890999999999,2411.0594937494579,936.79122769524099,1094.0154494214455,1,29,18,2040,3056
79,30,29,LinearSubgradientAuction,0.1,0.01,,True,,1000,10800,cats_reg_g30b150,,False,CATS,150,regions,MultiMinded,1000,MaxIter,1160.340000000011,2267.359,4,2060.3,919.01300000000003,1991.648,2261.4811050872072,328.02135942779728,467.02722981147406,1,29,22,1740,2611
80,30,37,LinearSubgradientAuction,0.1,0.01,,True,,1000,10800,cats_reg_g30b150,,False,CATS,150,regions,MultiMinded,1000,MaxIter,1524.590000000011,2112.5864,4,1592.54,576.49599999999998,275.2344,1996.3445032377208,18.901224792600182,191.82344726281408,1,30,24,2257,3397
81,30,33,LinearSubgradientAuction,0.1,0.01,,True,,1000,10800,cats_reg_g30b150,,False,CATS,150,regions,MultiMinded,1000,MaxIter,1387.6300000000047,1652.215,7,1316.69,725.81600000000003,684.1756,1771.8789374400335,476.9538845093897,480.52035701580826,1,30,34,2013,3033
82,30,35,LinearSubgradientAuction,0.1,0.01,,True,,1000,10800,cats_reg_g30b150,,False,CATS,150,regions,MultiMinded,1000,MaxIter,1464.7400000000052,2109.0315,6,1900.31,619.13249999999994,1240.1954,2254.5285885322401,972.7971728179283,1035.1677220092884,1,30,15,2135,3215
83,30,32,LinearSubgradientAuction,0.1,0.01,,True,,1000,10800,cats_reg_g30b150,,False,CATS,150,regions,MultiMinded,36,Balance,46.7100000000064,2576.43019,8,2027.96,1059.6700000000001,2571.7672000000002,2633.8687689535209,1977.751537229281,2069.8044299486401,1,30,9,1952,2942
84,30,34,LinearSubgradientAuction,0.1,0.01,,True,,1000,10800,cats_reg_g30b150,,False,CATS,150,regions,MultiMinded,1000,MaxIter,1410.2300000000105,1983.6759000000002,5,1485.27,650.14099999999996,619.9498000000001,1866.980650972833,203.88920356903736,425.84634734047347,1,30,23,2074,3124
85,30,33,LinearSubgradientAuction,0.1,0.01,,True,,1000,10800,cats_reg_g30b150,,False,CATS,150,regions,MultiMinded,23,Balance,29.770000000004075,1650.3177,6,1136.81,534.83399999999995,1650.3177,1626.6207694644722,1382.7952333039495,1482.3106906756209,1,29,14,1980,2967
86,30,37,LinearSubgradientAuction,0.1,0.01,,True,,1000,10800,cats_reg_g30b150,,False,CATS,150,regions,MultiMinded,210,Balance,320.52999999999884,2073.2363,6,1605.13,504.47649999999999,2069.3503,1914.1385100313989,1686.5120524084211,1891.9387169289244,1,30,9,2257,3397
87,30,34,LinearSubgradientAuction,0.1,0.01,,True,,1000,10800,cats_reg_g30b150,,False,CATS,150,regions,MultiMinded,1000,MaxIter,1379.520000000004,2161.5317,9,1611.82,461.19499999999999,1466.4077000000002,2177.5407964863634,1075.9070706271414,1235.4933596407952,1,29,16,2040,3056
88,30,35,LinearSubgradientAuction,0.1,0.01,,True,,1000,10800,cats_reg_g30b150,,False,CATS,150,regions,MultiMinded,249,Balance,362.9499999999971,1960.6723,11,1579.4,529.16499999999996,1960.6723,1923.1864191731095,1454.583015030355,1564.4572400446796,1,30,22,2135,3215
89,30,40,LinearSubgradientAuction,0.1,0.01,,True,,1000,10800,cats_reg_g30b150,,False,CATS,150,regions,MultiMinded,75,Balance,122.69999999999709,2103.4608,12,1324.86,455.78500000000003,2103.4608,1669.9980941713593,1283.3628476008348,1717.1448332245855,1,29,12,2400,3590
90,30,36,LinearSubgradientAuction,0.1,0.01,,True,,1000,10800,cats_reg_g30b150,,False,CATS,150,regions,MultiMinded,583,Balance,854.8300000000017,2252.2093,8,1749.09,686.99800000000005,2252.2093,2147.7695276568502,1745.1402548277485,1895.228020838259,1,29,2,2160,3234
91,30,37,LinearSubgradientAuction,0.1,0.01,,True,,1000,10800,cats_reg_g30b150,,False,CATS,150,regions,MultiMinded,401,Balance,601.6000000000058,2533.4677,10,1557.05,605.50300000000004,2524.7637,2135.2397388372715,1787.0939487900107,2235.2566745189647,1,29,5,2220,3323
92,30,37,LinearSubgradientAuction,0.1,0.01,,True,,1000,10800,cats_reg_g30b150,,False,CATS,150,regions,MultiMinded,346,Balance,536.1600000000035,2087.0795,10,1557.29,467.12700000000001,2087.0795,1952.6939237545689,1527.7204110147923,1708.711700542168,1,30,1,2257,3397
93,30,34,LinearSubgradientAuction,0.1,0.01,,True,,1000,10800,cats_reg_g30b150,,False,CATS,150,regions,MultiMinded,448,Balance,617.1599999999889,2220.4165999999996,9,1477.09,531.97949999999992,2160.0827,2088.9268497776202,1659.760816411808,1818.1996062432836,1,29,25,2040,3056
94,30,33,LinearSubgradientAuction,0.1,0.01,,True,,1000,10800,cats_reg_g30b150,,False,CATS,150,regions,MultiMinded,1000,MaxIter,1323.8800000000047,2089.1439,9,1850.23,583.02999999999997,1327.2549000000001,2044.2534199648076,994.89346158033652,1150.6010054012397,1,29,20,1980,2967
95,30,36,LinearSubgradientAuction,0.1,0.01,,True,,1000,10800,cats_reg_g30b150,,False,CATS,150,regions,MultiMinded,671,Balance,1011.8799999999901,2218.1557,10,1747.55,732.99250000000006,2218.1557,2170.4330165445172,1642.5329901479186,1778.8481907098271,1,30,48,2196,3306
96,30,33,LinearSubgradientAuction,0.1,0.01,,True,,1000,10800,cats_reg_g30b150,,False,CATS,150,regions,MultiMinded,1000,MaxIter,1374.0300000000134,1873.9284000000002,9,1690.89,555.43200000000002,1674.5593999999999,1913.4691533984699,1073.0251120935411,1137.2379139898521,1,30,14,2013,3033
97,30,37,LinearSubgradientAuction,0.1,0.01,,True,,1000,10800,cats_reg_g30b150,,False,CATS,150,regions,MultiMinded,70,Balance,104.0,1853.4531000000002,13,1334.16,635.36699999999996,1803.3401000000001,1771.2735075413359,1138.8763755385385,1275.0086575772189,1,29,16,2220,3323
98,30,36,LinearSubgradientAuction,0.1,0.01,,True,,1000,10800,cats_reg_g30b150,,False,CATS,150,regions,MultiMinded,169,Balance,245.92999999999302,2779.0163,10,2131.76,620.35799999999995,2779.0163,2767.5353173560034,2261.9272441855546,2339.1718555665852,1,29,20,2160,3234
99,30,37,LinearSubgradientAuction,0.1,0.01,,True,,1000,10800,cats_reg_g30b150,,False,CATS,150,regions,MultiMinded,1000,MaxIter,1510.3800000000047,2286.8288000000002,5,1573.72,543.00099999999998,1829.9517999999998,2267.6372353912707,1510.531921516731,1663.6191470828878,1,29,5,2220,3323
100,30,32,LinearSubgradientAuction,0.1,0.01,,True,,1000,10800,cats_reg_g30b150,,False,CATS,150,regions,MultiMinded,76,Balance,100.09000000001106,1906.0085,12,1496.95,591.39400000000001,1906.0085,1744.3586593580771,1216.7640128105518,1477.2846080907077,1,30,29,1952,2942
