idx,items,agents,auction_class,epsilon,stepc,epoch,scalebyvalue,reserve_type,maxiter,maxtime,generator_param_name,personalized,int_prices,generator,bids,distribution,type,rounds,status,runtime,efficient_value,final_num_winners,final_max_agent_value,final_scalevalue,final_value,final_total_price,final_revenue,final_indirect_util,final_price_degree,final_price_sparsity,final_imbalance,final_wd_nvars,final_wd_ncons
1,10,17,LinearHeuristicAuction,0.025,0.02,,True,,1000,10800,cats_reg_g10b50,,False,CATS,50,regions,MultiMinded,39,Balance,1.389999999984866,681.0817,4,513.163,288.52699999999999,681.0817,674.29894139099747,645.44624139099744,655.64709942519914,1,10,14,40,27
2,10,19,LinearHeuristicAuction,0.025,0.02,,True,,1000,10800,cats_reg_g10b50,,False,CATS,50,regions,MultiMinded,1000,MaxIter,38.48000000001048,734.1289999999999,3,640.313,226.71899999999999,734.1289999999999,681.83260379134367,430.5291985562863,493.36296965677161,1,10,15,43,29
3,10,17,LinearHeuristicAuction,0.025,0.02,,True,,1000,10800,cats_reg_g10b50,,False,CATS,50,regions,MultiMinded,1000,MaxIter,35.14000000001397,804.4359999999999,2,797.452,310.25200000000001,728.83041,825.03453804581909,0.0,2.5600427875238774,1,10,13,40,27
4,10,14,LinearHeuristicAuction,0.025,0.02,,True,,1000,10800,cats_reg_g10b50,,False,CATS,50,regions,MultiMinded,30,Balance,0.9400000000023283,574.909,2,568.922,272.93700000000001,574.909,571.63864222377424,557.99179222377415,567.1627826210422,1,10,2,28,24
5,10,21,LinearHeuristicAuction,0.025,0.02,,True,,1000,10800,cats_reg_g10b50,,False,CATS,50,regions,MultiMinded,125,Balance,4.720000000001164,650.6363,2,619.701,342.60149999999999,650.6363,649.28738781865002,632.15731281864998,640.43872371247517,1,10,17,42,31
6,10,17,LinearHeuristicAuction,0.025,0.02,,True,,1000,10800,cats_reg_g10b50,,False,CATS,50,regions,MultiMinded,1000,MaxIter,35.72999999998137,834.2848,1,784.19,470.66899999999998,784.19,886.08261612110437,0,3.2215677577910924,1,10,10,36,27
7,10,21,LinearHeuristicAuction,0.025,0.02,,True,,1000,10800,cats_reg_g10b50,,False,CATS,50,regions,MultiMinded,1000,MaxIter,39.84000000002561,854.667,4,696.341,343.76999999999998,809.1469999999999,873.70673295339077,586.17120414117517,586.17120414117517,1,10,22,46,31
8,10,18,LinearHeuristicAuction,0.025,0.02,,True,,1000,10800,cats_reg_g10b50,,False,CATS,50,regions,MultiMinded,684,Balance,25.25,663.572,3,592.441,275.35000000000002,663.572,648.13357690422242,627.48232690422253,643.33001965621395,1,10,11,38,28
9,10,18,LinearHeuristicAuction,0.025,0.02,,True,,1000,10800,cats_reg_g10b50,,False,CATS,50,regions,MultiMinded,17,Balance,0.610000000015134,724.6032999999999,4,611.583,280.12,724.6032999999999,643.13185286049873,615.11985286049855,702.8876316331349,1,10,3,38,28
10,10,23,LinearHeuristicAuction,0.025,0.02,,True,,1000,10800,cats_reg_g10b50,,False,CATS,50,regions,MultiMinded,21,Balance,0.8800000000046566,946.3547,4,784.828,433.57950000000005,946.3547,907.96568943463592,864.60773943463585,916.38422214268803,1,10,4,47,33
11,10,16,LinearHeuristicAuction,0.025,0.02,,True,,1000,10800,cats_reg_g10b50,,False,CATS,50,regions,MultiMinded,40,Balance,1.4199999999837019,724.662,1,724.662,403.49950000000001,724.662,726.28267656535888,716.19518906535893,726.81561850276603,1,10,23,36,26
12,10,16,LinearHeuristicAuction,0.025,0.02,,True,,1000,10800,cats_reg_g10b50,,False,CATS,50,regions,MultiMinded,25,Balance,0.8699999999953434,522.114,1,522.114,283.13549999999998,522.114,519.77738261265404,512.69899511265407,526.30458622053732,1,10,13,35,26
13,10,17,LinearHeuristicAuction,0.025,0.02,,True,,1000,10800,cats_reg_g10b50,,False,CATS,50,regions,MultiMinded,91,Balance,3.279999999998836,778.1078,2,718.401,353.04300000000001,778.1078,769.88333046790638,752.23118046790648,767.10180883444593,1,10,9,38,27
14,10,17,LinearHeuristicAuction,0.025,0.02,,True,,1000,10800,cats_reg_g10b50,,False,CATS,50,regions,MultiMinded,19,Balance,0.6499999999941792,588.9796,2,575.883,307.69200000000001,588.9796,594.28065789989284,578.89605789989275,588.98531512949569,1,10,22,35,27
15,10,17,LinearHeuristicAuction,0.025,0.02,,True,,1000,10800,cats_reg_g10b50,,False,CATS,50,regions,MultiMinded,209,Balance,7.529999999998836,634.994,2,600.13,422.91899999999998,634.994,632.84539094130537,611.69944094130528,620.06772608273161,1,10,27,35,27
16,10,26,LinearHeuristicAuction,0.025,0.02,,True,,1000,10800,cats_reg_g10b50,,False,CATS,50,regions,MultiMinded,30,Balance,1.2300000000104774,519.6692,2,485.933,278.584,519.6692,524.82979552701022,510.90059552701018,521.49240525039977,1,10,23,51,36
17,10,16,LinearHeuristicAuction,0.025,0.02,,True,,1000,10800,cats_reg_g10b50,,False,CATS,50,regions,MultiMinded,36,Balance,1.2999999999883585,910.0260000000001,3,815.656,322.738,910.0260000000001,916.613544284922,892.40819428492193,894.62416866549222,1,10,4,36,26
18,10,18,LinearHeuristicAuction,0.025,0.02,,True,,1000,10800,cats_reg_g10b50,,False,CATS,50,regions,MultiMinded,1000,MaxIter,35.929999999993015,982.461,2,932.103,367.83500000000004,982.461,1013.9621821484761,103.30912641666571,103.62275320957143,1,10,21,40,28
19,10,19,LinearHeuristicAuction,0.025,0.02,,True,,1000,10800,cats_reg_g10b50,,False,CATS,50,regions,MultiMinded,1000,MaxIter,38.279999999998836,903.4849999999999,1,826.774,559.33850000000007,826.774,948.63503628318483,0,1.4079534980646713,1,10,10,42,29
20,10,21,LinearHeuristicAuction,0.025,0.02,,True,,1000,10800,cats_reg_g10b50,,False,CATS,50,regions,MultiMinded,1000,MaxIter,39.10000000000582,780.3014999999999,5,637.779,268.37200000000001,712.5854,695.28794407413034,440.34627703890499,535.84469059568119,1,10,9,45,31
21,10,17,LinearHeuristicAuction,0.025,0.02,,True,,1000,10800,cats_reg_g10b50,,False,CATS,50,regions,MultiMinded,19,Balance,0.6900000000023283,869.309,3,770.684,361.69299999999998,869.309,791.13899237699343,764.01201737699341,849.01242612366616,1,10,5,40,27
22,10,16,LinearHeuristicAuction,0.025,0.02,,True,,1000,10800,cats_reg_g10b50,,False,CATS,50,regions,MultiMinded,1000,MaxIter,36.95999999999185,827.155,2,792.758,416.87799999999999,478.39,883.18855133874172,56.24523759808924,95.10158487963497,1,10,22,36,26
23,10,21,LinearHeuristicAuction,0.025,0.02,,True,,1000,10800,cats_reg_g10b50,,False,CATS,50,regions,MultiMinded,1000,MaxIter,39.10000000000582,926.9879999999999,5,813.726,269.07900000000001,913.9114999999999,882.46381141389816,726.13612505327512,790.31585798672245,1,10,5,48,31
24,10,23,LinearHeuristicAuction,0.025,0.02,,True,,1000,10800,cats_reg_g10b50,,False,CATS,50,regions,MultiMinded,1000,MaxIter,40.70000000001164,822.2049999999999,2,635.81,377.13200000000001,782.967,838.09735435682751,128.74215818843984,140.62290766322451,1,10,9,51,33
25,10,22,LinearHeuristicAuction,0.025,0.02,,True,,1000,10800,cats_reg_g10b50,,False,CATS,50,regions,MultiMinded,1000,MaxIter,39.0,534.8185,2,446.519,197.68200000000002,534.8185,528.21366690008813,44.508452404027778,83.375823891107842,1,10,15,47,32
26,10,17,LinearHeuristicAuction,0.025,0.02,,True,,1000,10800,cats_reg_g10b50,,False,CATS,50,regions,MultiMinded,38,Balance,1.320000000006985,716.487,1,716.487,299.23599999999999,716.487,709.09606197301048,701.61516197301046,709.93716546499627,1,10,5,35,27
27,10,17,LinearHeuristicAuction,0.025,0.02,,True,,1000,10800,cats_reg_g10b50,,False,CATS,50,regions,MultiMinded,266,Balance,9.480000000010477,811.1127,4,667.768,330.15700000000004,811.1127,809.33272535169635,776.31702535169643,781.56758710843314,1,10,13,39,27
28,10,18,LinearHeuristicAuction,0.025,0.02,,True,,1000,10800,cats_reg_g10b50,,False,CATS,50,regions,MultiMinded,199,Balance,7.119999999995343,818.682,3,802.322,385.84800000000001,818.682,816.80334636214388,787.86474636214405,791.30834260503218,1,10,9,41,28
29,10,20,LinearHeuristicAuction,0.025,0.02,,True,,1000,10800,cats_reg_g10b50,,False,CATS,50,regions,MultiMinded,67,Balance,2.540000000008149,767.6940999999999,4,746.709,446.00549999999998,752.0042000000001,744.11272783562458,699.51217783562447,730.60938064095762,1,10,21,42,30
30,10,18,LinearHeuristicAuction,0.025,0.02,,True,,1000,10800,cats_reg_g10b50,,False,CATS,50,regions,MultiMinded,1000,MaxIter,37.01000000000931,794.5821000000001,1,739.446,385.6635,584.308,853.42708565058547,0,1.5621304146515342,1,10,11,38,28
31,10,21,LinearHeuristicAuction,0.025,0.02,,True,,1000,10800,cats_reg_g10b50,,False,CATS,50,regions,MultiMinded,1000,MaxIter,38.86999999999534,818.388,4,733.06,325.495,714.5047,832.29243169178619,643.28394827585146,643.28394827585146,1,10,18,45,31
32,10,20,LinearHeuristicAuction,0.025,0.02,,True,,1000,10800,cats_reg_g10b50,,False,CATS,50,regions,MultiMinded,123,Balance,4.7000000000116415,637.3713,4,533.498,304.15100000000001,637.3713,632.45523741909346,602.04013741909341,614.20657891555982,1,10,10,43,30
33,10,16,LinearHeuristicAuction,0.025,0.02,,True,,1000,10800,cats_reg_g10b50,,False,CATS,50,regions,MultiMinded,40,Balance,1.360000000015134,560.5032,2,498.34,219.72300000000001,560.5032,526.23947364105447,515.25332364105452,551.33156633813132,1,10,5,34,26
34,10,20,LinearHeuristicAuction,0.025,0.02,,True,,1000,10800,cats_reg_g10b50,,False,CATS,50,regions,MultiMinded,147,Balance,5.580000000016298,726.3012,4,568.454,249.64099999999999,726.3012,618.391304081106,593.42720408110608,701.33710000000008,1,10,0,41,30
35,10,27,LinearHeuristicAuction,0.025,0.02,,True,,1000,10800,cats_reg_g10b50,,False,CATS,50,regions,MultiMinded,43,Balance,1.8599999999860302,858.175,2,722.988,380.87900000000002,858.175,841.46823265264402,822.42428265264391,849.32948581229596,1,10,5,53,37
36,10,17,LinearHeuristicAuction,0.025,0.02,,True,,1000,10800,cats_reg_g10b50,,False,CATS,50,regions,MultiMinded,133,Balance,4.829999999987194,716.498,1,716.498,379.51999999999998,716.498,725.73567524920111,716.24767524920117,716.24767524920117,1,10,10,36,27
37,10,20,LinearHeuristicAuction,0.025,0.02,,True,,1000,10800,cats_reg_g10b50,,False,CATS,50,regions,MultiMinded,23,Balance,0.8399999999965075,824.835,3,630.222,329.92600000000004,824.835,705.32673911791164,680.58228911791161,800.09055000000001,1,10,0,40,30
38,10,18,LinearHeuristicAuction,0.025,0.02,,True,,1000,10800,cats_reg_g10b50,,False,CATS,50,regions,MultiMinded,195,Balance,7.2299999999813735,825.56,3,825.56,471.01400000000001,819.1825,824.04870686888137,788.72265686888136,805.80313598573537,1,10,27,39,28
39,10,25,LinearHeuristicAuction,0.025,0.02,,True,,1000,10800,cats_reg_g10b50,,False,CATS,50,regions,MultiMinded,56,Balance,2.2899999999790452,948.5501,5,753.385,196.10050000000001,948.5501,803.95715639512127,779.44459389512099,928.79127385900358,1,10,1,48,35
40,10,22,LinearHeuristicAuction,0.025,0.02,,True,,1000,10800,cats_reg_g10b50,,False,CATS,50,regions,MultiMinded,1000,MaxIter,40.25,694.64,2,671.57,320.48500000000001,667.143,681.43876936385618,65.303947473959553,120.89487500000001,1,10,20,46,32
41,10,18,LinearHeuristicAuction,0.025,0.02,,True,,1000,10800,cats_reg_g10b50,,False,CATS,50,regions,MultiMinded,14,Balance,0.5199999999895226,919.5834,3,833.068,428.51799999999997,919.5834,898.3409458418173,866.20209584181725,897.50200999010622,1,10,1,35,28
42,10,21,LinearHeuristicAuction,0.025,0.02,,True,,1000,10800,cats_reg_g10b50,,False,CATS,50,regions,MultiMinded,296,Balance,11.589999999996508,722.396,1,722.396,339.44,722.396,722.72527785333955,714.23927785333956,714.23927785333956,1,10,9,43,31
43,10,20,LinearHeuristicAuction,0.025,0.02,,True,,1000,10800,cats_reg_g10b50,,False,CATS,50,regions,MultiMinded,94,Balance,3.5899999999965075,820.8240000000001,2,681.374,265.63999999999999,820.8240000000001,791.52085544762542,778.2388554476255,808.08309977495196,1,10,5,42,30
44,10,19,LinearHeuristicAuction,0.025,0.02,,True,,1000,10800,cats_reg_g10b50,,False,CATS,50,regions,MultiMinded,1000,MaxIter,36.69999999998254,607.363,1,484.926,277.04599999999999,462.233,618.26684554439009,0,35.288061523428354,1,10,22,41,29
45,10,20,LinearHeuristicAuction,0.025,0.02,,True,,1000,10800,cats_reg_g10b50,,False,CATS,50,regions,MultiMinded,76,Balance,2.7899999999790452,687.7891,5,510.577,285.93000000000001,687.7891,689.2672147491744,653.52596474917436,661.57101856995428,1,10,11,42,30
46,10,19,LinearHeuristicAuction,0.025,0.02,,True,,1000,10800,cats_reg_g10b50,,False,CATS,50,regions,MultiMinded,265,Balance,10.290000000008149,810.368,1,810.368,345.00850000000003,810.368,773.0948490247348,764.46963652473482,802.12047012874427,1,10,4,43,29
47,10,18,LinearHeuristicAuction,0.025,0.02,,True,,1000,10800,cats_reg_g10b50,,False,CATS,50,regions,MultiMinded,1000,MaxIter,38.31999999997788,759.477,3,738.963,363.25599999999997,394.6363,762.69093399364488,0,0.017133702326617595,1,10,23,43,28
48,10,29,LinearHeuristicAuction,0.025,0.02,,True,,1000,10800,cats_reg_g10b50,,False,CATS,50,regions,MultiMinded,18,Balance,0.8400000000256114,726.774,3,661.833,328.96899999999999,726.774,721.49654356537349,696.82386856537335,706.63757619669173,1,10,7,61,39
49,10,23,LinearHeuristicAuction,0.025,0.02,,True,,1000,10800,cats_reg_g10b50,,False,CATS,50,regions,MultiMinded,153,Balance,6.260000000009313,587.5914,6,462.576,216.20049999999998,587.5914,560.88867577096005,528.45860077096006,560.86752441720535,1,10,6,47,33
50,10,17,LinearHeuristicAuction,0.025,0.02,,True,,1000,10800,cats_reg_g10b50,,False,CATS,50,regions,MultiMinded,20,Balance,0.6900000000023283,945.836,4,681.012,323.851,945.836,884.56368989648649,852.17858989648653,913.62202825627821,1,10,4,34,27
51,10,25,LinearHeuristicAuction,0.025,0.02,,True,,1000,10800,cats_reg_g10b50,,False,CATS,50,regions,MultiMinded,47,Balance,2.0,831.2631000000001,3,644.905,285.66050000000001,831.2631000000001,779.53573994532246,758.11120244532253,809.83856250000008,1,10,0,49,35
52,10,19,LinearHeuristicAuction,0.025,0.02,,True,,1000,10800,cats_reg_g10b50,,False,CATS,50,regions,MultiMinded,48,Balance,1.820000000006985,608.391,1,608.391,276.31299999999999,608.391,602.21260897364175,595.30478397364175,602.37851627008081,1,10,2,40,29
53,10,21,LinearHeuristicAuction,0.025,0.02,,True,,1000,10800,cats_reg_g10b50,,False,CATS,50,regions,MultiMinded,1000,MaxIter,38.710000000020955,623.5598,1,612.518,167.23250000000002,593.971,635.777266449943,0,1.1734569111922895,1,10,12,46,31
54,10,20,LinearHeuristicAuction,0.025,0.02,,True,,1000,10800,cats_reg_g10b50,,False,CATS,50,regions,MultiMinded,140,Balance,5.519999999989523,1040.322,4,967.436,414.12850000000003,1040.322,990.83252622909845,949.4196762290984,1008.9165161306835,1,10,11,48,30
55,10,17,LinearHeuristicAuction,0.025,0.02,,True,,1000,10800,cats_reg_g10b50,,False,CATS,50,regions,MultiMinded,20,Balance,0.6900000000023283,1001.244,2,739.168,309.35699999999997,1001.244,927.72169674118345,912.25384674118345,992.13778749049357,1,10,1,34,27
56,10,17,LinearHeuristicAuction,0.025,0.02,,True,,1000,10800,cats_reg_g10b50,,False,CATS,50,regions,MultiMinded,978,Balance,34.670000000012806,674.3464,4,592.43,348.80000000000001,674.3464,656.55931570836196,621.67931570836186,648.24322006480827,1,10,18,38,27
57,10,20,LinearHeuristicAuction,0.025,0.02,,True,,1000,10800,cats_reg_g10b50,,False,CATS,50,regions,MultiMinded,231,Balance,8.540000000008149,783.158,3,568.928,268.62299999999999,783.158,762.83395168820039,742.68722668820044,763.9176169449795,1,10,6,42,30
58,10,21,LinearHeuristicAuction,0.025,0.02,,True,,1000,10800,cats_reg_g10b50,,False,CATS,50,regions,MultiMinded,26,Balance,1.0499999999883585,871.9079999999999,2,791.212,427.88200000000001,871.9079999999999,867.41615251322492,846.02205251322493,857.65693508091613,1,10,4,44,31
59,10,28,LinearHeuristicAuction,0.025,0.02,,True,,1000,10800,cats_reg_g10b50,,False,CATS,50,regions,MultiMinded,38,Balance,1.7299999999813735,875.1772,3,803.796,406.47899999999998,875.1772,864.03013494391098,833.54420994391091,850.85587797821131,1,10,15,56,38
60,10,22,LinearHeuristicAuction,0.025,0.02,,True,,1000,10800,cats_reg_g10b50,,False,CATS,50,regions,MultiMinded,20,Balance,0.7899999999790452,716.1357,3,662.173,358.10899999999998,716.1357,675.55884264152269,648.70066764152273,697.7215900708851,1,10,9,46,32
61,10,19,LinearHeuristicAuction,0.025,0.02,,True,,1000,10800,cats_reg_g10b50,,False,CATS,50,regions,MultiMinded,81,Balance,3.0599999999976717,756.948,3,553.212,307.67700000000002,756.948,754.64610869689659,731.57033369689645,744.61402473930991,1,10,11,41,29
62,10,20,LinearHeuristicAuction,0.025,0.02,,True,,1000,10800,cats_reg_g10b50,,False,CATS,50,regions,MultiMinded,16,Balance,0.5900000000256114,962.414,3,839.979,365.63299999999998,962.414,959.8903550774528,932.46788007745283,956.05623552793168,1,10,10,40,30
63,10,20,LinearHeuristicAuction,0.025,0.02,,True,,1000,10800,cats_reg_g10b50,,False,CATS,50,regions,MultiMinded,122,Balance,4.64000000001397,966.8963000000001,4,783.33,502.36099999999999,966.8963000000001,940.21040820706571,889.97430820706563,917.72924319726746,1,10,4,42,30
64,10,24,LinearHeuristicAuction,0.025,0.02,,True,,1000,10800,cats_reg_g10b50,,False,CATS,50,regions,MultiMinded,85,Balance,3.5799999999871943,784.4846,2,723.45,238.8545,784.4846,764.13191111664059,752.18918611664049,779.39835340454283,1,10,12,51,34
65,10,18,LinearHeuristicAuction,0.025,0.02,,True,,1000,10800,cats_reg_g10b50,,False,CATS,50,regions,MultiMinded,148,Balance,5.369999999995343,863.3610000000001,4,758.102,337.34500000000003,863.3610000000001,818.74514004225216,785.01064004225202,833.62299284401047,1,10,20,41,28
66,10,18,LinearHeuristicAuction,0.025,0.02,,True,,1000,10800,cats_reg_g10b50,,False,CATS,50,regions,MultiMinded,327,Balance,11.630000000004657,852.079,3,807.329,372.65700000000004,852.079,807.30277438137114,779.35349938137119,824.69192398241159,1,10,26,36,28
67,10,27,LinearHeuristicAuction,0.025,0.02,,True,,1000,10800,cats_reg_g10b50,,False,CATS,50,regions,MultiMinded,105,Balance,4.5200000000186265,860.8598,2,789.183,223.39999999999998,860.8598,857.12426935552776,845.95426935552769,854.85743067761348,1,10,1,52,37
68,10,20,LinearHeuristicAuction,0.025,0.02,,True,,1000,10800,cats_reg_g10b50,,False,CATS,50,regions,MultiMinded,96,Balance,3.7000000000116415,535.1916,4,486.692,201.834,535.1916,530.77013418039837,510.58673418039848,519.90948575189293,1,10,1,42,30
69,10,20,LinearHeuristicAuction,0.025,0.02,,True,,1000,10800,cats_reg_g10b50,,False,CATS,50,regions,MultiMinded,23,Balance,0.8500000000058208,550.5322,3,423.552,212.09399999999999,550.5322,501.85540943697924,485.94835943697927,534.62515000000008,1,10,0,40,30
70,10,18,LinearHeuristicAuction,0.025,0.02,,True,,1000,10800,cats_reg_g10b50,,False,CATS,50,regions,MultiMinded,1000,MaxIter,37.44000000000233,965.81,3,780.078,273.52800000000002,965.81,892.37426713074512,252.74450814969182,365.65610079382111,1,10,13,40,28
71,10,17,LinearHeuristicAuction,0.025,0.02,,True,,1000,10800,cats_reg_g10b50,,False,CATS,50,regions,MultiMinded,1000,MaxIter,36.01999999998952,745.048,1,745.048,330.73000000000002,745.048,789.37670916740819,0,0.51031123975667469,1,10,26,42,27
72,10,23,LinearHeuristicAuction,0.025,0.02,,True,,1000,10800,cats_reg_g10b50,,False,CATS,50,regions,MultiMinded,26,Balance,1.0199999999895226,619.2275000000001,7,497.631,317.09799999999996,619.2275000000001,591.39607633555261,535.90392633555246,573.51052367025261,1,10,9,46,33
73,10,20,LinearHeuristicAuction,0.025,0.02,,True,,1000,10800,cats_reg_g10b50,,False,CATS,50,regions,MultiMinded,1000,MaxIter,38.829999999987194,675.2625,1,656.76,362.82400000000001,656.76,697.76794607129773,0,1.6461617861067452,1,10,10,44,30
74,10,26,LinearHeuristicAuction,0.025,0.02,,True,,1000,10800,cats_reg_g10b50,,False,CATS,50,regions,MultiMinded,51,Balance,2.1700000000128057,942.6876,2,890.025,245.483,942.6876,943.05508472743065,930.78093472743069,936.53626487735221,1,10,10,58,36
75,10,15,LinearHeuristicAuction,0.025,0.02,,True,,1000,10800,cats_reg_g10b50,,False,CATS,50,regions,MultiMinded,225,Balance,7.880000000004657,986.353,4,977.088,450.65550000000002,986.353,982.07119411301494,937.00564411301491,943.81913293663195,1,10,14,35,25
76,10,22,LinearHeuristicAuction,0.025,0.02,,True,,1000,10800,cats_reg_g10b50,,False,CATS,50,regions,MultiMinded,58,Balance,2.1900000000023283,900.434,6,820.61,441.17500000000001,900.434,875.98852775520049,809.81227775520063,841.31699413904005,1,10,7,44,32
77,10,19,LinearHeuristicAuction,0.025,0.02,,True,,1000,10800,cats_reg_g10b50,,False,CATS,50,regions,MultiMinded,1000,MaxIter,36.91000000000349,505.8682,2,489.633,293.4085,361.5872,492.11046251342617,25.880379254128652,44.840987499999997,1,10,24,38,29
78,10,15,LinearHeuristicAuction,0.025,0.02,,True,,1000,10800,cats_reg_g10b50,,False,CATS,50,regions,MultiMinded,116,Balance,3.9799999999813735,723.896,1,723.896,268.85500000000002,723.896,723.60684019068697,716.885465190687,728.21354071767496,1,10,16,34,25
79,10,20,LinearHeuristicAuction,0.025,0.02,,True,,1000,10800,cats_reg_g10b50,,False,CATS,50,regions,MultiMinded,142,Balance,5.4500000000116415,830.055,3,715.055,304.07849999999996,830.055,775.38664222785121,752.58075472785106,807.83093562215879,1,10,14,44,30
80,10,23,LinearHeuristicAuction,0.025,0.02,,True,,1000,10800,cats_reg_g10b50,,False,CATS,50,regions,MultiMinded,1000,MaxIter,40.98000000001048,858.2552999999999,4,815.519,326.65449999999998,764.4562999999999,849.48062515156812,603.76741514918933,613.35221249999995,1,10,10,50,33
81,10,19,LinearHeuristicAuction,0.025,0.02,,True,,1000,10800,cats_reg_g10b50,,False,CATS,50,regions,MultiMinded,20,Balance,0.7200000000011642,731.2354999999999,5,657.74,318.25649999999996,728.3769,721.70454792519763,681.92248542519769,698.16911725316993,1,10,9,39,29
82,10,20,LinearHeuristicAuction,0.025,0.02,,True,,1000,10800,cats_reg_g10b50,,False,CATS,50,regions,MultiMinded,1000,MaxIter,37.60999999998603,799.819,2,670.65,230.49700000000001,713.0643,766.7056193990453,70.341570160126423,110.69283818104967,1,10,14,46,30
83,10,18,LinearHeuristicAuction,0.025,0.02,,True,,1000,10800,cats_reg_g10b50,,False,CATS,50,regions,MultiMinded,67,Balance,2.430000000022119,778.391,2,740.964,303.2475,778.391,778.93538064027359,763.7730056402736,772.21865101824881,1,10,18,39,28
84,10,19,LinearHeuristicAuction,0.025,0.02,,True,,1000,10800,cats_reg_g10b50,,False,CATS,50,regions,MultiMinded,7,Balance,0.27000000001862645,653.4665,4,531.36,233.98450000000003,653.4665,619.51832832563809,596.11987832563807,634.88767410163018,1,10,2,40,29
85,10,16,LinearHeuristicAuction,0.025,0.02,,True,,1000,10800,cats_reg_g10b50,,False,CATS,50,regions,MultiMinded,26,Balance,0.9100000000034925,738.6202000000001,4,623.355,332.00099999999998,738.6202000000001,732.24710481707893,699.04700481707891,712.91798393665294,1,10,1,34,26
86,10,17,LinearHeuristicAuction,0.025,0.02,,True,,1000,10800,cats_reg_g10b50,,False,CATS,50,regions,MultiMinded,84,Balance,2.9500000000116415,772.54,2,646.076,287.08299999999997,772.54,706.0296610905184,691.67551109051851,758.18585000000007,1,10,0,34,27
87,10,18,LinearHeuristicAuction,0.025,0.02,,True,,1000,10800,cats_reg_g10b50,,False,CATS,50,regions,MultiMinded,1000,MaxIter,36.52000000001863,883.32347,2,801.709,428.95349999999996,671.90877,940.3402575217093,0.0,4.2145861047420734,1,10,9,38,28
88,10,20,LinearHeuristicAuction,0.025,0.02,,True,,1000,10800,cats_reg_g10b50,,False,CATS,50,regions,MultiMinded,55,Balance,2.0199999999895226,662.7294999999999,4,622.783,332.80799999999999,662.7294999999999,650.28001063409465,616.99921063409454,633.79037233504425,1,10,14,43,30
89,10,26,LinearHeuristicAuction,0.025,0.02,,True,,1000,10800,cats_reg_g10b50,,False,CATS,50,regions,MultiMinded,1000,MaxIter,44.31999999997788,844.3882,2,703.836,361.93200000000002,725.4582,821.31834487774677,19.906260000000007,65.811513230878305,1,10,25,55,36
90,10,21,LinearHeuristicAuction,0.025,0.02,,True,,1000,10800,cats_reg_g10b50,,False,CATS,50,regions,MultiMinded,1000,MaxIter,39.10000000000582,1011.3232,5,890.879,348.79300000000001,777.5944999999999,916.96049187819517,617.65945044754801,722.04487114494043,1,10,10,44,31
91,10,17,LinearHeuristicAuction,0.025,0.02,,True,,1000,10800,cats_reg_g10b50,,False,CATS,50,regions,MultiMinded,627,Balance,22.39999999999418,890.575,1,890.575,535.99700000000007,890.575,903.1721046729258,889.77217967292574,889.77217967292574,1,10,10,35,27
92,10,22,LinearHeuristicAuction,0.025,0.02,,True,,1000,10800,cats_reg_g10b50,,False,CATS,50,regions,MultiMinded,17,Balance,0.6300000000046566,683.1735,2,627.133,263.76300000000003,683.1735,665.16428229271537,651.97613229271542,680.21916242683267,1,10,14,46,32
93,10,20,LinearHeuristicAuction,0.025,0.02,,True,,1000,10800,cats_reg_g10b50,,False,CATS,50,regions,MultiMinded,36,Balance,1.3299999999871943,931.509,1,931.509,347.88099999999997,931.509,921.1281801292813,912.43115512928125,940.29264949911749,1,10,16,42,30
94,10,15,LinearHeuristicAuction,0.025,0.02,,True,,1000,10800,cats_reg_g10b50,,False,CATS,50,regions,MultiMinded,687,Balance,23.129999999975553,772.037,2,770.337,295.54650000000004,772.037,770.44983991285631,755.67251491285629,765.39051873099436,1,10,27,33,25
95,10,17,LinearHeuristicAuction,0.025,0.02,,True,,1000,10800,cats_reg_g10b50,,False,CATS,50,regions,MultiMinded,153,Balance,5.429999999993015,901.2369,3,849.224,408.67100000000005,901.2369,884.34697015315987,853.69664515315992,872.49946370395742,1,10,9,37,27
96,10,19,LinearHeuristicAuction,0.025,0.02,,True,,1000,10800,cats_reg_g10b50,,False,CATS,50,regions,MultiMinded,6,Balance,0.20000000001164153,752.0848,3,651.493,368.70849999999996,752.0848,719.94605305437824,692.2929155543784,745.71813949658781,1,10,15,37,29
97,10,20,LinearHeuristicAuction,0.025,0.02,,True,,1000,10800,cats_reg_g10b50,,False,CATS,50,regions,MultiMinded,1000,MaxIter,39.95000000001164,657.92043,1,602.694,360.185,550.046,695.00479468200842,0,0.8618665632742859,1,10,9,45,30
98,10,20,LinearHeuristicAuction,0.025,0.02,,True,,1000,10800,cats_reg_g10b50,,False,CATS,50,regions,MultiMinded,5,Balance,0.1800000000221189,1047.5140999999999,4,870.711,386.798,1047.5140999999999,985.17002750525251,946.49022750525262,1017.0661098364751,1,10,1,39,30
99,10,22,LinearHeuristicAuction,0.025,0.02,,True,,1000,10800,cats_reg_g10b50,,False,CATS,50,regions,MultiMinded,20,Balance,0.8000000000174623,1044.344,5,687.143,366.375,1044.344,1007.6221134669665,961.82523846696654,1011.3780656749725,1,10,9,44,32
100,10,21,LinearHeuristicAuction,0.025,0.02,,True,,1000,10800,cats_reg_g10b50,,False,CATS,50,regions,MultiMinded,578,Balance,22.81999999997788,587.8678,2,515.864,141.49099999999999,587.8678,568.06534614575912,560.99079614575908,581.39170818685784,1,10,11,46,31
