idx,items,agents,auction_class,epsilon,stepc,epoch,scalebyvalue,reserve_type,maxiter,maxtime,generator_param_name,personalized,int_prices,generator,bids,distribution,type,rounds,status,runtime,efficient_value,final_num_winners,final_max_agent_value,final_scalevalue,final_value,final_total_price,final_revenue,final_indirect_util,final_price_degree,final_price_sparsity,final_imbalance,final_wd_nvars,final_wd_ncons
1,10,17,LinearSubgradientAuction,0.2,0.08,,True,,1000,10800,cats_reg_g10b50,,False,CATS,50,regions,MultiMinded,56,Balance,12.070000000006985,681.0817,4,513.163,288.52699999999999,681.0817,669.82808107657024,439.00648107657031,454.65903867687376,1,10,5,357,537
2,10,19,LinearSubgradientAuction,0.2,0.08,,True,,1000,10800,cats_reg_g10b50,,False,CATS,50,regions,MultiMinded,1000,MaxIter,238.74000000000524,734.1289999999999,3,640.313,226.71899999999999,504.306,708.81962516781334,377.11692751078044,414.58436751078045,1,10,9,399,599
3,10,17,LinearSubgradientAuction,0.2,0.08,,True,,1000,10800,cats_reg_g10b50,,False,CATS,50,regions,MultiMinded,1000,MaxIter,216.8700000000099,804.4359999999999,5,797.452,310.25200000000001,759.91341,827.33805552490981,570.35365388742673,570.56064708804229,1,10,4,357,537
4,10,14,LinearSubgradientAuction,0.2,0.08,,True,,1000,10800,cats_reg_g10b50,,False,CATS,50,regions,MultiMinded,20,Balance,3.5099999999947613,574.909,2,568.922,272.93700000000001,574.909,555.82815221279986,446.65335221279986,479.40221138989864,1,10,11,294,444
5,10,21,LinearSubgradientAuction,0.2,0.08,,True,,1000,10800,cats_reg_g10b50,,False,CATS,50,regions,MultiMinded,43,Balance,11.309999999997672,650.6363,2,619.701,342.60149999999999,616.686,663.02645403750137,528.12712683397092,548.16570000000002,1,10,1,441,661
6,10,17,LinearSubgradientAuction,0.2,0.08,,True,,1000,10800,cats_reg_g10b50,,False,CATS,50,regions,MultiMinded,1000,MaxIter,217.15000000000873,834.2848,4,784.19,470.66899999999998,451.901,890.96293532244738,266.17101362266988,266.17101362266988,1,10,9,357,537
7,10,21,LinearSubgradientAuction,0.2,0.08,,True,,1000,10800,cats_reg_g10b50,,False,CATS,50,regions,MultiMinded,1000,MaxIter,267.34999999999127,854.667,1,696.341,343.76999999999998,311.382,865.45061420493266,0,13.131590415342359,1,10,10,441,661
8,10,18,LinearSubgradientAuction,0.2,0.08,,True,,1000,10800,cats_reg_g10b50,,False,CATS,50,regions,MultiMinded,35,Balance,7.860000000000582,663.572,4,592.441,275.35000000000002,663.572,684.14669176862378,484.55786071572624,498.36199999999991,1,10,1,378,568
9,10,18,LinearSubgradientAuction,0.2,0.08,,True,,1000,10800,cats_reg_g10b50,,False,CATS,50,regions,MultiMinded,30,Balance,6.679999999993015,724.6032999999999,4,611.583,280.12,724.6032999999999,684.27105998329478,460.17505998329477,501.53559768916989,1,10,2,378,568
10,10,23,LinearSubgradientAuction,0.2,0.08,,True,,1000,10800,cats_reg_g10b50,,False,CATS,50,regions,MultiMinded,58,Balance,16.589999999996508,946.3547,4,784.828,433.57950000000005,946.3547,865.38886582323391,597.08069593810126,686.69617840334308,1,10,7,483,723
11,10,16,LinearSubgradientAuction,0.2,0.08,,True,,1000,10800,cats_reg_g10b50,,False,CATS,50,regions,MultiMinded,143,Balance,29.05000000000291,724.662,1,724.662,403.49950000000001,724.662,723.80961330255013,643.10971330255006,643.96209999999996,1,10,0,336,506
12,10,16,LinearSubgradientAuction,0.2,0.08,,True,,1000,10800,cats_reg_g10b50,,False,CATS,50,regions,MultiMinded,52,Balance,10.660000000003492,522.114,1,522.114,283.13549999999998,522.114,521.22639655631679,464.5992965563168,465.50912574955697,1,10,1,336,506
13,10,17,LinearSubgradientAuction,0.2,0.08,,True,,1000,10800,cats_reg_g10b50,,False,CATS,50,regions,MultiMinded,247,Balance,53.20999999999185,778.1078,4,718.401,353.04300000000001,774.5908000000001,766.54135082989274,496.81093044676459,518.73671161654102,1,10,10,357,537
14,10,17,LinearSubgradientAuction,0.2,0.08,,True,,1000,10800,cats_reg_g10b50,,False,CATS,50,regions,MultiMinded,28,Balance,6.029999999998836,588.9796,2,575.883,307.69200000000001,588.9796,561.07842671606613,492.27283726389862,553.92272012612352,1,10,13,357,537
15,10,17,LinearSubgradientAuction,0.2,0.08,,True,,1000,10800,cats_reg_g10b50,,False,CATS,50,regions,MultiMinded,31,Balance,6.689999999987776,634.994,2,600.13,422.91899999999998,631.825,699.94119025795112,530.77359025795113,539.82429393487564,1,10,2,357,537
16,10,26,LinearSubgradientAuction,0.2,0.08,,True,,1000,10800,cats_reg_g10b50,,False,CATS,50,regions,MultiMinded,80,Balance,26.239999999990687,519.6692,2,485.933,278.584,519.6692,552.08633484352492,447.63901793943262,449.11670103534033,1,10,9,546,816
17,10,16,LinearSubgradientAuction,0.2,0.08,,True,,1000,10800,cats_reg_g10b50,,False,CATS,50,regions,MultiMinded,41,Balance,8.360000000000582,910.0260000000001,3,815.656,322.738,910.0260000000001,899.35515147881563,705.71235147881566,730.73463852464226,1,10,8,336,506
18,10,18,LinearSubgradientAuction,0.2,0.08,,True,,1000,10800,cats_reg_g10b50,,False,CATS,50,regions,MultiMinded,1000,MaxIter,229.32000000000698,982.461,4,932.103,367.83500000000004,462.881,1009.8759477559313,317.60668011129906,318.08258065327641,1,10,7,378,568
19,10,19,LinearSubgradientAuction,0.2,0.08,,True,,1000,10800,cats_reg_g10b50,,False,CATS,50,regions,MultiMinded,64,Balance,15.319999999992433,903.4849999999999,3,826.774,559.33850000000007,860.0336,949.49250844283154,646.28479260152301,665.5397804236037,1,10,13,399,599
20,10,21,LinearSubgradientAuction,0.2,0.08,,True,,1000,10800,cats_reg_g10b50,,False,CATS,50,regions,MultiMinded,166,Balance,43.76000000000931,780.3014999999999,5,637.779,268.37200000000001,691.7194,713.76304099791298,468.12274576474908,552.86539996759473,1,10,12,441,661
21,10,17,LinearSubgradientAuction,0.2,0.08,,True,,1000,10800,cats_reg_g10b50,,False,CATS,50,regions,MultiMinded,31,Balance,6.650000000008731,869.309,3,770.684,361.69299999999998,869.309,849.07421503099692,632.0584150309968,652.29319999999996,1,10,0,357,537
22,10,16,LinearSubgradientAuction,0.2,0.08,,True,,1000,10800,cats_reg_g10b50,,False,CATS,50,regions,MultiMinded,1000,MaxIter,204.97999999999593,827.155,4,792.758,416.87799999999999,622.379,912.39964041891892,445.95081362753734,456.4664600947039,1,10,4,336,506
23,10,21,LinearSubgradientAuction,0.2,0.08,,True,,1000,10800,cats_reg_g10b50,,False,CATS,50,regions,MultiMinded,31,Balance,8.110000000000582,926.9879999999999,5,813.726,269.07900000000001,926.9879999999999,922.89356503464182,653.81456503464176,701.28411740963736,1,10,3,441,661
24,10,23,LinearSubgradientAuction,0.2,0.08,,True,,1000,10800,cats_reg_g10b50,,False,CATS,50,regions,MultiMinded,335,Balance,96.80999999999767,822.2049999999999,2,635.81,377.13200000000001,782.967,855.37829339765187,704.52549339765187,707.5246841299894,1,10,9,483,723
25,10,22,LinearSubgradientAuction,0.2,0.08,,True,,1000,10800,cats_reg_g10b50,,False,CATS,50,regions,MultiMinded,126,Balance,34.41000000000349,534.8185,2,446.519,197.68200000000002,534.8185,532.11000350979441,453.03720350979444,493.89302350979443,1,10,9,462,692
26,10,17,LinearSubgradientAuction,0.2,0.08,,True,,1000,10800,cats_reg_g10b50,,False,CATS,50,regions,MultiMinded,32,Balance,6.899999999994179,716.487,2,716.487,299.23599999999999,716.487,713.21899384497374,652.31148594963622,656.63979999999992,1,10,1,357,537
27,10,17,LinearSubgradientAuction,0.2,0.08,,True,,1000,10800,cats_reg_g10b50,,False,CATS,50,regions,MultiMinded,37,Balance,7.960000000006403,811.1127,4,667.768,330.15700000000004,785.087,838.55726620069856,577.86045807963308,586.99279999999999,1,10,1,357,537
28,10,18,LinearSubgradientAuction,0.2,0.08,,True,,1000,10800,cats_reg_g10b50,,False,CATS,50,regions,MultiMinded,51,Balance,11.669999999998254,818.682,5,802.322,385.84800000000001,714.336,831.13114554183835,464.35208466553723,500.18426540121925,1,10,8,378,568
29,10,20,LinearSubgradientAuction,0.2,0.08,,True,,1000,10800,cats_reg_g10b50,,False,CATS,50,regions,MultiMinded,67,Balance,17.04000000000815,767.6940999999999,3,746.709,446.00549999999998,767.6940999999999,755.89583749422582,501.80308942250235,513.60135192827647,1,10,0,420,630
30,10,18,LinearSubgradientAuction,0.2,0.08,,True,,1000,10800,cats_reg_g10b50,,False,CATS,50,regions,MultiMinded,1000,MaxIter,228.1999999999971,794.5821000000001,1,739.446,385.6635,0.0,850.10905141015655,0,7.6305508701899427,1,10,8,378,568
31,10,21,LinearSubgradientAuction,0.2,0.08,,True,,1000,10800,cats_reg_g10b50,,False,CATS,50,regions,MultiMinded,1000,MaxIter,267.4800000000105,818.388,1,733.06,325.495,328.69,830.47235044450395,0,3.2093583239192185,1,10,10,441,661
32,10,20,LinearSubgradientAuction,0.2,0.08,,True,,1000,10800,cats_reg_g10b50,,False,CATS,50,regions,MultiMinded,39,Balance,9.830000000001746,637.3713,4,533.498,304.15100000000001,588.5449999999998,642.41489903890204,457.71401900018623,462.97071649867871,1,10,2,420,630
33,10,16,LinearSubgradientAuction,0.2,0.08,,True,,1000,10800,cats_reg_g10b50,,False,CATS,50,regions,MultiMinded,19,Balance,3.7700000000040745,560.5032,3,498.34,219.72300000000001,560.5032,525.67448015117964,440.78806692595799,480.86964347608665,1,10,2,336,506
34,10,20,LinearSubgradientAuction,0.2,0.08,,True,,1000,10800,cats_reg_g10b50,,False,CATS,50,regions,MultiMinded,39,Balance,9.769999999989523,726.3012,5,568.454,249.64099999999999,726.3012,708.58607001989776,487.8915698902901,528.69632677637287,1,10,3,420,630
35,10,27,LinearSubgradientAuction,0.2,0.08,,True,,1000,10800,cats_reg_g10b50,,False,CATS,50,regions,MultiMinded,75,Balance,25.580000000001746,858.175,2,722.988,380.87900000000002,858.175,857.55748761527639,705.20588761527642,705.82339999999999,1,10,0,567,847
36,10,17,LinearSubgradientAuction,0.2,0.08,,True,,1000,10800,cats_reg_g10b50,,False,CATS,50,regions,MultiMinded,717,Balance,154.81999999999243,716.498,2,716.498,379.51999999999998,658.265,719.33032845154673,581.40196788340472,584.62672562551757,1,10,5,357,537
37,10,20,LinearSubgradientAuction,0.2,0.08,,True,,1000,10800,cats_reg_g10b50,,False,CATS,50,regions,MultiMinded,35,Balance,8.729999999995925,824.835,3,630.222,329.92600000000004,824.835,814.70884369776763,616.75324369776774,629.24983741207518,1,10,1,420,630
38,10,18,LinearSubgradientAuction,0.2,0.08,,True,,1000,10800,cats_reg_g10b50,,False,CATS,50,regions,MultiMinded,45,Balance,10.400000000008731,825.56,3,825.56,471.01400000000001,754.716,829.13408757420632,560.85397536717358,575.03920404434325,1,10,6,378,568
39,10,25,LinearSubgradientAuction,0.2,0.08,,True,,1000,10800,cats_reg_g10b50,,False,CATS,50,regions,MultiMinded,24,Balance,7.2700000000040745,948.5501,5,753.385,196.10050000000001,948.5501,911.08586951453526,714.98536951453525,759.55209442239766,1,10,5,525,785
40,10,22,LinearSubgradientAuction,0.2,0.08,,True,,1000,10800,cats_reg_g10b50,,False,CATS,50,regions,MultiMinded,1000,MaxIter,279.2199999999866,694.64,4,671.57,320.48500000000001,493.20000000000005,740.15438569452886,366.84964441382294,368.10100535420781,1,10,6,462,692
41,10,18,LinearSubgradientAuction,0.2,0.08,,True,,1000,10800,cats_reg_g10b50,,False,CATS,50,regions,MultiMinded,34,Balance,7.610000000000582,919.5834,3,833.068,428.51799999999997,919.5834,891.55559065389821,673.52285327490154,701.55066262100331,1,10,0,378,568
42,10,21,LinearSubgradientAuction,0.2,0.08,,True,,1000,10800,cats_reg_g10b50,,False,CATS,50,regions,MultiMinded,47,Balance,12.470000000001164,722.396,2,722.396,339.44,722.396,729.89401101354565,635.96323921059036,654.50799999999992,1,10,1,441,661
43,10,20,LinearSubgradientAuction,0.2,0.08,,True,,1000,10800,cats_reg_g10b50,,False,CATS,50,regions,MultiMinded,21,Balance,5.150000000008731,820.8240000000001,2,681.374,265.63999999999999,820.8240000000001,791.26659891188899,685.01059891188891,732.63852709951209,1,10,5,420,630
44,10,19,LinearSubgradientAuction,0.2,0.08,,True,,1000,10800,cats_reg_g10b50,,False,CATS,50,regions,MultiMinded,1000,MaxIter,240.6299999999901,607.363,5,484.926,277.04599999999999,530.75,651.01578620214809,365.19368228550996,370.27714151568705,1,10,14,399,599
45,10,20,LinearSubgradientAuction,0.2,0.08,,True,,1000,10800,cats_reg_g10b50,,False,CATS,50,regions,MultiMinded,32,Balance,7.880000000004657,687.7891,5,510.577,285.93000000000001,687.7891,695.55198369585457,458.57134541327002,466.40325440304008,1,10,4,420,630
46,10,19,LinearSubgradientAuction,0.2,0.08,,True,,1000,10800,cats_reg_g10b50,,False,CATS,50,regions,MultiMinded,31,Balance,7.440000000002328,810.368,2,810.368,345.00850000000003,783.92,847.43146605917229,711.77771682061643,714.91829999999993,1,10,1,399,599
47,10,18,LinearSubgradientAuction,0.2,0.08,,True,,1000,10800,cats_reg_g10b50,,False,CATS,50,regions,MultiMinded,46,Balance,10.259999999994761,759.477,2,738.963,363.25599999999997,759.477,790.85063087584604,645.548230875846,648.38683370836145,1,10,3,378,568
48,10,29,LinearSubgradientAuction,0.2,0.08,,True,,1000,10800,cats_reg_g10b50,,False,CATS,50,regions,MultiMinded,92,Balance,33.7100000000064,726.774,3,661.833,328.96899999999999,726.774,721.51575532988613,524.13435532988615,529.3925999999999,1,10,0,609,909
49,10,23,LinearSubgradientAuction,0.2,0.08,,True,,1000,10800,cats_reg_g10b50,,False,CATS,50,regions,MultiMinded,1000,MaxIter,288.18000000000757,587.5914,4,462.576,216.20049999999998,493.47429999999997,564.27446493193338,223.93077522444096,253.14073587683379,1,10,4,483,723
50,10,17,LinearSubgradientAuction,0.2,0.08,,True,,1000,10800,cats_reg_g10b50,,False,CATS,50,regions,MultiMinded,25,Balance,5.279999999998836,945.836,4,681.012,323.851,945.836,918.1641518367544,659.08335183675433,697.03219172949161,1,10,5,357,537
51,10,25,LinearSubgradientAuction,0.2,0.08,,True,,1000,10800,cats_reg_g10b50,,False,CATS,50,regions,MultiMinded,50,Balance,15.419999999998254,831.2631000000001,3,644.905,285.66050000000001,831.2631000000001,813.52618167708488,642.12988167708477,659.86680000000001,1,10,0,525,785
52,10,19,LinearSubgradientAuction,0.2,0.08,,True,,1000,10800,cats_reg_g10b50,,False,CATS,50,regions,MultiMinded,34,Balance,8.099999999991269,608.391,2,608.391,276.31299999999999,608.391,587.63615404978736,531.41590696385299,553.12839999999994,1,10,1,399,599
53,10,21,LinearSubgradientAuction,0.2,0.08,,True,,1000,10800,cats_reg_g10b50,,False,CATS,50,regions,MultiMinded,1000,MaxIter,261.79999999998836,623.5598,2,612.518,167.23250000000002,387.8668,634.01003402058905,43.098964796267445,47.685773294839613,1,10,8,441,661
54,10,20,LinearSubgradientAuction,0.2,0.08,,True,,1000,10800,cats_reg_g10b50,,False,CATS,50,regions,MultiMinded,71,Balance,17.929999999993015,1040.322,4,967.436,414.12850000000003,1040.322,1004.7252748570809,673.42247485708094,733.55486521695389,1,10,15,420,630
55,10,17,LinearSubgradientAuction,0.2,0.08,,True,,1000,10800,cats_reg_g10b50,,False,CATS,50,regions,MultiMinded,16,Balance,3.460000000006403,1001.244,2,739.168,309.35699999999997,1001.244,963.85691198733105,840.11411198733106,877.50120000000004,1,10,0,357,537
56,10,17,LinearSubgradientAuction,0.2,0.08,,True,,1000,10800,cats_reg_g10b50,,False,CATS,50,regions,MultiMinded,47,Balance,10.190000000002328,674.3464,4,592.43,348.80000000000001,659.3265,684.22140968801568,429.53239746075684,459.15296234500306,1,10,11,357,537
57,10,20,LinearSubgradientAuction,0.2,0.08,,True,,1000,10800,cats_reg_g10b50,,False,CATS,50,regions,MultiMinded,53,Balance,13.39999999999418,783.158,3,568.928,268.62299999999999,783.158,776.34726948739103,615.173469487391,629.20152729773747,1,10,7,420,630
58,10,21,LinearSubgradientAuction,0.2,0.08,,True,,1000,10800,cats_reg_g10b50,,False,CATS,50,regions,MultiMinded,89,Balance,23.639999999999418,871.9079999999999,2,791.212,427.88200000000001,871.9079999999999,858.10863441205072,686.95583441205065,701.35940703574738,1,10,1,441,661
59,10,28,LinearSubgradientAuction,0.2,0.08,,True,,1000,10800,cats_reg_g10b50,,False,CATS,50,regions,MultiMinded,153,Balance,53.94999999999709,875.1772,6,803.796,406.47899999999998,740.8022000000001,861.74658756708095,405.98559576899299,425.98621312564097,1,10,11,588,878
60,10,22,LinearSubgradientAuction,0.2,0.08,,True,,1000,10800,cats_reg_g10b50,,False,CATS,50,regions,MultiMinded,65,Balance,18.070000000006985,716.1357,3,662.173,358.10899999999998,716.1357,698.12696917354026,489.19491335785494,519.16960418842325,1,10,10,462,692
61,10,19,LinearSubgradientAuction,0.2,0.08,,True,,1000,10800,cats_reg_g10b50,,False,CATS,50,regions,MultiMinded,26,Balance,6.179999999993015,756.948,4,553.212,307.67700000000002,720.7754,767.30904277417403,538.88090231807917,551.49600625665494,1,10,2,399,599
62,10,20,LinearSubgradientAuction,0.2,0.08,,True,,1000,10800,cats_reg_g10b50,,False,CATS,50,regions,MultiMinded,50,Balance,12.630000000004657,962.414,4,839.979,365.63299999999998,959.2605000000001,933.95180610107627,641.44540610107629,699.75858430481981,1,10,16,420,630
63,10,20,LinearSubgradientAuction,0.2,0.08,,True,,1000,10800,cats_reg_g10b50,,False,CATS,50,regions,MultiMinded,33,Balance,8.270000000004075,966.8963000000001,4,783.33,502.36099999999999,907.5077000000001,957.68915569521755,670.91011559941307,692.43267667192572,1,10,2,420,630
64,10,24,LinearSubgradientAuction,0.2,0.08,,True,,1000,10800,cats_reg_g10b50,,False,CATS,50,regions,MultiMinded,43,Balance,12.889999999999418,784.4846,4,723.45,238.8545,756.6736,778.87919238389759,587.79559238389766,611.86805001783614,1,10,1,504,754
65,10,18,LinearSubgradientAuction,0.2,0.08,,True,,1000,10800,cats_reg_g10b50,,False,CATS,50,regions,MultiMinded,140,Balance,32.11000000000058,863.3610000000001,4,758.102,337.34500000000003,863.3610000000001,848.24437135696019,578.3683713569601,600.12485959483797,1,10,9,378,568
66,10,18,LinearSubgradientAuction,0.2,0.08,,True,,1000,10800,cats_reg_g10b50,,False,CATS,50,regions,MultiMinded,50,Balance,11.490000000005239,852.079,4,807.329,372.65700000000004,852.079,890.10477452652572,595.28695523186525,628.48479999999995,1,10,1,378,568
67,10,27,LinearSubgradientAuction,0.2,0.08,,True,,1000,10800,cats_reg_g10b50,,False,CATS,50,regions,MultiMinded,47,Balance,15.860000000000582,860.8598,2,789.183,223.39999999999998,860.8598,848.86994329471906,759.50994329471916,771.49980000000005,1,10,0,567,847
68,10,20,LinearSubgradientAuction,0.2,0.08,,True,,1000,10800,cats_reg_g10b50,,False,CATS,50,regions,MultiMinded,55,Balance,13.80000000000291,535.1916,4,486.692,201.834,535.1916,526.11257484657222,382.67727080319565,393.80615448272368,1,10,1,420,630
69,10,20,LinearSubgradientAuction,0.2,0.08,,True,,1000,10800,cats_reg_g10b50,,False,CATS,50,regions,MultiMinded,44,Balance,11.130000000004657,550.5322,3,423.552,212.09399999999999,550.5322,527.14654374418149,399.8901437441815,423.2758,1,10,0,420,630
70,10,18,LinearSubgradientAuction,0.2,0.08,,True,,1000,10800,cats_reg_g10b50,,False,CATS,50,regions,MultiMinded,1000,MaxIter,229.6600000000035,965.81,3,780.078,273.52800000000002,355.709,903.95232081902509,184.79895434276116,286.25899185706118,1,10,1,378,568
71,10,17,LinearSubgradientAuction,0.2,0.08,,True,,1000,10800,cats_reg_g10b50,,False,CATS,50,regions,MultiMinded,1000,MaxIter,214.42999999999302,745.048,1,745.048,330.73000000000002,405.35,779.07928380313444,0,5.7811940876862451,1,10,7,357,537
72,10,23,LinearSubgradientAuction,0.2,0.08,,True,,1000,10800,cats_reg_g10b50,,False,CATS,50,regions,MultiMinded,40,Balance,11.509999999994761,619.2275000000001,7,497.631,317.09799999999996,584.3142,619.26778852699329,222.02445699076461,239.16485857450712,1,10,1,483,723
73,10,20,LinearSubgradientAuction,0.2,0.08,,True,,1000,10800,cats_reg_g10b50,,False,CATS,50,regions,MultiMinded,77,Balance,19.49000000000524,675.2625,2,656.76,362.82400000000001,632.221,698.85816743092096,558.52754730200024,571.58910262236441,1,10,11,420,630
74,10,26,LinearSubgradientAuction,0.2,0.08,,True,,1000,10800,cats_reg_g10b50,,False,CATS,50,regions,MultiMinded,37,Balance,11.89999999999418,942.6876,2,890.025,245.483,942.6876,939.66323835313506,841.47003835313501,851.57748235025133,1,10,5,546,816
75,10,15,LinearSubgradientAuction,0.2,0.08,,True,,1000,10800,cats_reg_g10b50,,False,CATS,50,regions,MultiMinded,21,Balance,3.960000000006403,986.353,4,977.088,450.65550000000002,961.944,1011.1903674429406,654.10014352690064,691.55069999999978,1,10,1,315,475
76,10,22,LinearSubgradientAuction,0.2,0.08,,True,,1000,10800,cats_reg_g10b50,,False,CATS,50,regions,MultiMinded,41,Balance,11.360000000000582,900.434,6,820.61,441.17500000000001,874.067,924.43303734433562,398.38496820691489,416.84573022808797,1,10,2,462,692
77,10,19,LinearSubgradientAuction,0.2,0.08,,True,,1000,10800,cats_reg_g10b50,,False,CATS,50,regions,MultiMinded,37,Balance,8.85000000000582,505.8682,3,489.633,293.4085,505.8682,537.27704831003348,372.96828831003347,390.83015292562396,1,10,2,399,599
78,10,15,LinearSubgradientAuction,0.2,0.08,,True,,1000,10800,cats_reg_g10b50,,False,CATS,50,regions,MultiMinded,22,Balance,4.120000000009895,723.896,4,723.896,268.85500000000002,695.7520999999999,733.32381168693564,520.97021339952698,534.43910000000005,1,10,2,315,475
79,10,20,LinearSubgradientAuction,0.2,0.08,,True,,1000,10800,cats_reg_g10b50,,False,CATS,50,regions,MultiMinded,32,Balance,7.939999999987776,830.055,4,715.055,304.07849999999996,830.055,857.57505998912222,640.90033097054311,660.09236754998369,1,10,4,420,630
80,10,23,LinearSubgradientAuction,0.2,0.08,,True,,1000,10800,cats_reg_g10b50,,False,CATS,50,regions,MultiMinded,61,Balance,17.69000000000233,858.2552999999999,5,815.519,326.65449999999998,858.2552999999999,836.95645549942083,510.30195549942079,547.37686458601684,1,10,8,483,723
81,10,19,LinearSubgradientAuction,0.2,0.08,,True,,1000,10800,cats_reg_g10b50,,False,CATS,50,regions,MultiMinded,46,Balance,10.979999999995925,731.2354999999999,7,657.74,318.25649999999996,673.0534,701.80664455782244,303.15643727922685,365.5188854533651,1,10,19,399,599
82,10,20,LinearSubgradientAuction,0.2,0.08,,True,,1000,10800,cats_reg_g10b50,,False,CATS,50,regions,MultiMinded,72,Balance,18.139999999999418,799.819,3,670.65,230.49700000000001,792.4733,768.8923068575333,630.59410685753323,673.90742749687513,1,10,3,420,630
83,10,18,LinearSubgradientAuction,0.2,0.08,,True,,1000,10800,cats_reg_g10b50,,False,CATS,50,regions,MultiMinded,29,Balance,6.5,778.391,3,740.964,303.2475,758.1800000000001,773.27407859735706,599.19571396909362,649.42803319670247,1,10,12,378,568
84,10,19,LinearSubgradientAuction,0.2,0.08,,True,,1000,10800,cats_reg_g10b50,,False,CATS,50,regions,MultiMinded,35,Balance,8.339999999996508,653.4665,4,531.36,233.98450000000003,653.4665,638.25293676135038,451.06533676135047,469.69319599135628,1,10,3,399,599
85,10,16,LinearSubgradientAuction,0.2,0.08,,True,,1000,10800,cats_reg_g10b50,,False,CATS,50,regions,MultiMinded,25,Balance,4.990000000005239,738.6202000000001,4,623.355,332.00099999999998,738.6202000000001,720.5385409354592,462.13671423581542,501.89267336270336,1,10,16,336,506
86,10,17,LinearSubgradientAuction,0.2,0.08,,True,,1000,10800,cats_reg_g10b50,,False,CATS,50,regions,MultiMinded,21,Balance,4.420000000012806,772.54,3,646.076,287.08299999999997,772.54,799.36418672278683,629.30207459680923,657.70679999999993,1,10,1,357,537
87,10,18,LinearSubgradientAuction,0.2,0.08,,True,,1000,10800,cats_reg_g10b50,,False,CATS,50,regions,MultiMinded,1000,MaxIter,230.8799999999901,883.32347,4,801.709,428.95349999999996,429.80577,939.0865805433109,340.16071890890015,341.80460922446201,1,10,8,378,568
88,10,20,LinearSubgradientAuction,0.2,0.08,,True,,1000,10800,cats_reg_g10b50,,False,CATS,50,regions,MultiMinded,39,Balance,9.779999999998836,662.7294999999999,4,622.783,332.80799999999999,662.7294999999999,635.77303524134823,390.35214565644549,417.30861041509718,1,10,0,420,630
89,10,26,LinearSubgradientAuction,0.2,0.08,,True,,1000,10800,cats_reg_g10b50,,False,CATS,50,regions,MultiMinded,1000,MaxIter,324.75,844.3882,4,703.836,361.93200000000002,654.4032,857.42134950754053,436.88378007048925,448.2416248971806,1,10,4,546,816
90,10,21,LinearSubgradientAuction,0.2,0.08,,True,,1000,10800,cats_reg_g10b50,,False,CATS,50,regions,MultiMinded,62,Balance,16.320000000006985,1011.3232,6,890.879,348.79300000000001,968.5201999999999,963.68374966992201,578.74597952482884,640.10680583409226,1,10,5,441,661
91,10,17,LinearSubgradientAuction,0.2,0.08,,True,,1000,10800,cats_reg_g10b50,,False,CATS,50,regions,MultiMinded,66,Balance,14.169999999998254,890.575,3,890.575,535.99700000000007,835.337,904.3107276310659,596.49665174946313,641.03450620127649,1,10,11,357,537
92,10,22,LinearSubgradientAuction,0.2,0.08,,True,,1000,10800,cats_reg_g10b50,,False,CATS,50,regions,MultiMinded,37,Balance,10.190000000002328,683.1735,2,627.133,263.76300000000003,683.1735,668.70836389418685,569.2055034924565,583.67063959826964,1,10,0,462,692
93,10,20,LinearSubgradientAuction,0.2,0.08,,True,,1000,10800,cats_reg_g10b50,,False,CATS,50,regions,MultiMinded,61,Balance,15.279999999998836,931.509,1,931.509,347.88099999999997,931.509,925.97479851569096,856.39859851569099,861.93280000000004,1,10,0,420,630
94,10,15,LinearSubgradientAuction,0.2,0.08,,True,,1000,10800,cats_reg_g10b50,,False,CATS,50,regions,MultiMinded,1000,MaxIter,193.63000000000466,772.037,5,770.337,295.54650000000004,442.3582,780.59608300713899,209.06733615203319,209.07781985075189,1,10,9,315,475
95,10,17,LinearSubgradientAuction,0.2,0.08,,True,,1000,10800,cats_reg_g10b50,,False,CATS,50,regions,MultiMinded,29,Balance,6.179999999993015,901.2369,5,849.224,408.67100000000005,850.1179,871.91089189576428,543.61823631005996,599.17780417386871,1,10,4,357,537
96,10,19,LinearSubgradientAuction,0.2,0.08,,True,,1000,10800,cats_reg_g10b50,,False,CATS,50,regions,MultiMinded,33,Balance,7.880000000004657,752.0848,3,651.493,368.70849999999996,690.2035999999999,732.67462568949452,549.39873383739734,573.33061632471231,1,10,4,399,599
97,10,20,LinearSubgradientAuction,0.2,0.08,,True,,1000,10800,cats_reg_g10b50,,False,CATS,50,regions,MultiMinded,83,Balance,20.970000000001164,657.92043,4,602.694,360.185,657.92043,671.30313474477555,492.08827450990998,555.35561316606436,1,10,16,420,630
98,10,20,LinearSubgradientAuction,0.2,0.08,,True,,1000,10800,cats_reg_g10b50,,False,CATS,50,regions,MultiMinded,23,Balance,5.720000000001164,1047.5140999999999,4,870.711,386.798,1047.5140999999999,1007.2689706974459,697.83057069744586,738.0757000000001,1,10,0,420,630
99,10,22,LinearSubgradientAuction,0.2,0.08,,True,,1000,10800,cats_reg_g10b50,,False,CATS,50,regions,MultiMinded,70,Balance,19.330000000001746,1044.344,5,687.143,366.375,1044.344,1028.7267715555136,662.35177155551344,677.96900000000005,1,10,0,462,692
100,10,21,LinearSubgradientAuction,0.2,0.08,,True,,1000,10800,cats_reg_g10b50,,False,CATS,50,regions,MultiMinded,91,Balance,24.230000000010477,587.8678,2,515.864,141.49099999999999,587.8678,565.35696236751778,508.76056236751782,533.86407829138875,1,10,4,441,661
