idx,items,agents,auction_class,epsilon,stepc,epoch,scalebyvalue,reserve_type,maxiter,maxtime,generator_param_name,personalized,int_prices,generator,bids,distribution,type,rounds,status,runtime,efficient_value,final_num_winners,final_max_agent_value,final_scalevalue,final_value,final_total_price,final_revenue,final_indirect_util,final_price_degree,final_price_sparsity,final_imbalance,final_wd_nvars,final_wd_ncons
1,30,36,LinearHeuristicAuction,0.2,0.04,,True,,1000,10800,cats_reg_g30b150,,False,CATS,150,regions,MultiMinded,156,Balance,17.610000000015134,2502.8085,12,1712.02,630.28700000000003,2357.2425999999996,2188.7713194990642,1276.5055157957831,1621.0607462108796,1,28,42,83,66
2,30,38,LinearHeuristicAuction,0.2,0.04,,True,,1000,10800,cats_reg_g30b150,,False,CATS,150,regions,MultiMinded,48,Balance,5.459999999991851,2067.4249,7,1460.04,478.96600000000001,2057.0263999999997,2073.1439869296701,1537.467835880881,1612.4213237566926,1,29,24,86,68
3,30,36,LinearHeuristicAuction,0.2,0.04,,True,,1000,10800,cats_reg_g30b150,,False,CATS,150,regions,MultiMinded,58,Balance,5.899999999994179,2226.2472000000002,8,1961.0,494.50999999999999,2112.2945,2228.0201640530177,1520.3489712964686,1554.976939449004,1,28,42,75,66
4,30,38,LinearHeuristicAuction,0.2,0.04,,True,,1000,10800,cats_reg_g30b150,,False,CATS,150,regions,MultiMinded,69,Balance,7.600000000005821,2004.9491999999998,11,1505.7,557.86300000000006,1908.7654,1966.1873791299045,1002.8786068894062,1102.2650183224439,1,30,13,83,68
5,30,35,LinearHeuristicAuction,0.2,0.04,,True,,1000,10800,cats_reg_g30b150,,False,CATS,150,regions,MultiMinded,47,Balance,4.850000000005821,1864.626,2,1703.97,505.12049999999999,1813.7730000000001,1803.6596351744884,1665.220557789281,1759.4174804040736,1,30,27,74,65
6,30,35,LinearHeuristicAuction,0.2,0.04,,True,,1000,10800,cats_reg_g30b150,,False,CATS,150,regions,MultiMinded,73,Balance,7.169999999983702,2116.0368,7,1959.83,614.52500000000009,2047.2348000000002,2121.0028385446094,1339.4655489529889,1400.5501797207999,1,29,35,73,65
7,30,35,LinearHeuristicAuction,0.2,0.04,,True,,1000,10800,cats_reg_g30b150,,False,CATS,150,regions,MultiMinded,395,Balance,44.610000000015134,2031.9575,6,1330.11,558.39999999999998,2031.9575,1939.2739190640502,1364.7352183433225,1474.4762968344676,1,30,44,80,65
8,30,35,LinearHeuristicAuction,0.2,0.04,,True,,1000,10800,cats_reg_g30b150,,False,CATS,150,regions,MultiMinded,106,Balance,11.070000000006985,2027.57669,8,1379.5,642.28750000000002,2027.57669,1839.9869474884765,1266.3084434896209,1492.4257518736135,1,30,30,74,65
9,30,36,LinearHeuristicAuction,0.2,0.04,,True,,1000,10800,cats_reg_g30b150,,False,CATS,150,regions,MultiMinded,29,Balance,3.0,1859.5272999999997,9,1542.29,443.88650000000001,1761.7136,1821.860469320532,1243.1465012970959,1392.8283269488959,1,27,29,77,66
10,30,34,LinearHeuristicAuction,0.2,0.04,,True,,1000,10800,cats_reg_g30b150,,False,CATS,150,regions,MultiMinded,1000,MaxIter,112.80999999999767,2566.974,2,2112.56,626.02300000000002,1259.7232,2552.9771793998057,0.0,128.8386272607213,1,29,59,78,64
11,30,36,LinearHeuristicAuction,0.2,0.04,,True,,1000,10800,cats_reg_g30b150,,False,CATS,150,regions,MultiMinded,32,Balance,3.279999999998836,2431.6115,4,2098.81,721.22149999999999,2431.6115,2398.306657425971,2079.4549982412864,2333.3510423329526,1,28,49,74,66
12,30,32,LinearHeuristicAuction,0.2,0.04,,True,,1000,10800,cats_reg_g30b150,,False,CATS,150,regions,MultiMinded,110,Balance,12.550000000017462,1865.81568,7,1645.15,855.13049999999998,1787.8909999999998,1865.4087755311862,1143.5591810506874,1246.2591778124674,1,30,57,73,62
13,30,35,LinearHeuristicAuction,0.2,0.04,,True,,1000,10800,cats_reg_g30b150,,False,CATS,150,regions,MultiMinded,63,Balance,6.9100000000034925,1773.5022000000001,9,1494.31,678.60900000000004,1582.3419000000001,1851.6927894882497,959.09228903488042,1075.1461293313364,1,30,54,82,65
14,30,32,LinearHeuristicAuction,0.2,0.04,,True,,1000,10800,cats_reg_g30b150,,False,CATS,150,regions,MultiMinded,124,Balance,13.570000000006985,1980.1873000000003,6,1559.99,631.08900000000006,1980.1873000000003,1797.9001045348632,1281.842511272293,1485.0502870887219,1,29,22,73,62
15,30,36,LinearHeuristicAuction,0.2,0.04,,True,,1000,10800,cats_reg_g30b150,,False,CATS,150,regions,MultiMinded,48,Balance,5.3399999999965075,2512.4141000000004,3,2312.23,781.00699999999995,2512.4141000000004,2512.7957609935725,2244.1858843852224,2345.9973478847241,1,29,30,74,66
16,30,34,LinearHeuristicAuction,0.2,0.04,,True,,1000,10800,cats_reg_g30b150,,False,CATS,150,regions,MultiMinded,102,Balance,11.200000000011642,1929.452,4,1789.44,584.255,1909.1155,1943.9661723767524,1761.7956652787166,1818.1075652787165,1,28,27,81,64
17,30,33,LinearHeuristicAuction,0.2,0.04,,True,,1000,10800,cats_reg_g30b150,,False,CATS,150,regions,MultiMinded,61,Balance,6.739999999990687,1934.7395999999999,7,1626.95,730.93200000000002,1934.7395999999999,2033.3354056819596,1319.5848080681603,1383.2876380350865,1,30,34,72,63
18,30,34,LinearHeuristicAuction,0.2,0.04,,True,,1000,10800,cats_reg_g30b150,,False,CATS,150,regions,MultiMinded,49,Balance,5.0899999999965075,2504.1384,4,1818.33,781.33600000000001,2504.1384,2533.8099267978396,2096.2617667978393,2224.8552568140872,1,29,25,70,64
19,30,36,LinearHeuristicAuction,0.2,0.04,,True,,1000,10800,cats_reg_g30b150,,False,CATS,150,regions,MultiMinded,29,Balance,2.9200000000128057,2560.7110000000002,11,1508.06,549.71399999999994,2560.7110000000002,2293.024641287634,1435.4708012876338,1843.1380457099303,1,28,18,74,66
20,30,37,LinearHeuristicAuction,0.2,0.04,,True,,1000,10800,cats_reg_g30b150,,False,CATS,150,regions,MultiMinded,151,Balance,16.06999999997788,1801.7813999999998,10,1490.47,395.125,1741.6394,1831.7796274994014,1158.8780516835791,1230.4236171209332,1,30,67,91,67
21,30,33,LinearHeuristicAuction,0.2,0.04,,True,,1000,10800,cats_reg_g30b150,,False,CATS,150,regions,MultiMinded,100,Balance,11.229999999981374,1553.7635,3,1374.19,778.39550000000008,1553.7635,1605.63525342094,1271.9980369391833,1286.6293051139726,1,30,28,73,63
22,30,38,LinearHeuristicAuction,0.2,0.04,,True,,1000,10800,cats_reg_g30b150,,False,CATS,150,regions,MultiMinded,1000,MaxIter,116.26000000000931,2312.252,3,2123.59,638.69949999999994,2224.6266,2368.9582718798215,1991.9538752768349,1997.2750352545399,1,29,33,89,68
23,30,38,LinearHeuristicAuction,0.2,0.04,,True,,1000,10800,cats_reg_g30b150,,False,CATS,150,regions,MultiMinded,74,Balance,8.179999999993015,2354.8725,9,1818.1,597.00800000000004,2090.9667999999997,2117.3685200484942,1365.8669262165652,1619.38433066363,1,29,30,85,68
24,30,35,LinearHeuristicAuction,0.2,0.04,,True,,1000,10800,cats_reg_g30b150,,False,CATS,150,regions,MultiMinded,1000,MaxIter,114.35999999998603,1892.4884,4,1241.36,538.58849999999995,1276.3992,1832.2646420011447,0.0,145.03747496700203,1,30,34,85,65
25,30,33,LinearHeuristicAuction,0.2,0.04,,True,,1000,10800,cats_reg_g30b150,,False,CATS,150,regions,MultiMinded,103,Balance,11.610000000015134,1741.0822999999998,4,1538.41,861.41849999999999,1692.8544000000002,1723.706395388092,1498.69863785189,1672.7401540282847,1,29,97,75,63
26,30,34,LinearHeuristicAuction,0.2,0.04,,True,,1000,10800,cats_reg_g30b150,,False,CATS,150,regions,MultiMinded,108,Balance,10.700000000011642,2008.668,3,1919.5,424.82100000000003,2008.668,2018.4587881508714,1916.5017481508712,2014.5227109872803,1,29,55,76,64
27,30,32,LinearHeuristicAuction,0.2,0.04,,True,,1000,10800,cats_reg_g30b150,,False,CATS,150,regions,MultiMinded,575,Balance,58.64999999999418,2175.2061,5,1890.21,644.31150000000002,2107.6371,2189.6299194347898,1749.1213335733173,1754.7899934764916,1,28,15,80,62
28,30,37,LinearHeuristicAuction,0.2,0.04,,True,,1000,10800,cats_reg_g30b150,,False,CATS,150,regions,MultiMinded,44,Balance,4.459999999991851,2040.43179,9,1615.6,517.23699999999997,1991.07949,2089.693866287289,1563.4696820465142,1711.6507853834567,1,29,31,77,67
29,30,33,LinearHeuristicAuction,0.2,0.04,,True,,1000,10800,cats_reg_g30b150,,False,CATS,150,regions,MultiMinded,665,Balance,77.51000000000931,2111.632,9,1854.64,708.57899999999995,2000.0440000000003,2106.6131798506945,1005.1858765177126,1149.9814803685297,1,30,94,85,63
30,30,35,LinearHeuristicAuction,0.2,0.04,,True,,1000,10800,cats_reg_g30b150,,False,CATS,150,regions,MultiMinded,807,Balance,90.77999999999884,2323.0769999999998,8,1594.17,462.18150000000003,2323.0769999999998,2117.2275761877863,1470.1734761877858,1678.9109925351161,1,28,21,85,65
31,30,34,LinearHeuristicAuction,0.2,0.04,,True,,1000,10800,cats_reg_g30b150,,False,CATS,150,regions,MultiMinded,49,Balance,4.869999999995343,2659.4860000000003,6,2167.09,585.07799999999997,2659.4860000000003,2496.8556489959724,2024.837399707588,2212.1884995358264,1,27,10,78,64
32,30,37,LinearHeuristicAuction,0.2,0.04,,True,,1000,10800,cats_reg_g30b150,,False,CATS,150,regions,MultiMinded,53,Balance,5.489999999990687,1999.8556999999998,9,1545.46,522.50199999999995,1713.5254,1888.5704894205128,1199.8810193136028,1357.815580845971,1,28,51,83,67
33,30,37,LinearHeuristicAuction,0.2,0.04,,True,,1000,10800,cats_reg_g30b150,,False,CATS,150,regions,MultiMinded,35,Balance,3.5,1805.9524000000001,4,1582.17,487.50400000000002,1790.6487000000002,1679.5614279950846,1562.5604679950845,1776.1898296393667,1,28,74,77,67
34,30,39,LinearHeuristicAuction,0.2,0.04,,True,,1000,10800,cats_reg_g30b150,,False,CATS,150,regions,MultiMinded,1000,MaxIter,124.36999999999534,1983.6001999999999,1,1564.76,623.41200000000003,983.286,2037.8010568260158,0,7.1042139540102767,1,30,51,92,69
35,30,38,LinearHeuristicAuction,0.2,0.04,,True,,1000,10800,cats_reg_g30b150,,False,CATS,150,regions,MultiMinded,593,Balance,70.72000000000116,2341.4052,8,1755.59,637.298,2341.4052,2284.9417768956419,1443.7084168956421,1598.9747448492192,1,29,36,91,68
36,30,33,LinearHeuristicAuction,0.2,0.04,,True,,1000,10800,cats_reg_g30b150,,False,CATS,150,regions,MultiMinded,1000,MaxIter,115.90000000002328,2136.9992,3,1693.26,587.83249999999998,1831.3418,2165.1236137272558,0.0,41.413921095529503,1,29,69,85,63
37,30,34,LinearHeuristicAuction,0.2,0.04,,True,,1000,10800,cats_reg_g30b150,,False,CATS,150,regions,MultiMinded,131,Balance,14.020000000018626,1991.3467,3,1812.59,701.23299999999995,1939.0544,1956.5244473648975,1777.262609628742,1907.4388744143569,1,30,80,77,64
38,30,40,LinearHeuristicAuction,0.2,0.04,,True,,1000,10800,cats_reg_g30b150,,False,CATS,150,regions,MultiMinded,65,Balance,7.190000000002328,2724.0288,6,2153.9,576.38300000000004,2724.0288,2485.5207767927841,2071.3895302558103,2363.4694333245588,1,29,33,86,70
39,30,30,LinearHeuristicAuction,0.2,0.04,,True,,1000,10800,cats_reg_g30b150,,False,CATS,150,regions,MultiMinded,97,Balance,9.940000000002328,1968.0602,1,1918.66,764.726,1918.66,2030.3541537655576,1877.4089537655577,1944.602358604126,1,30,28,68,60
40,30,33,LinearHeuristicAuction,0.2,0.04,,True,,1000,10800,cats_reg_g30b150,,False,CATS,150,regions,MultiMinded,52,Balance,5.389999999984866,1942.0583000000001,3,1674.34,688.69799999999998,1942.0583000000001,1933.540277747863,1594.8966387874475,1652.1674132781379,1,30,20,74,63
41,30,35,LinearHeuristicAuction,0.2,0.04,,True,,1000,10800,cats_reg_g30b150,,False,CATS,150,regions,MultiMinded,53,Balance,5.630000000004657,1877.7214099999999,8,1423.29,646.35299999999995,1801.0199099999998,1849.697834193654,1277.254900318004,1468.4267530831116,1,29,64,76,65
42,30,32,LinearHeuristicAuction,0.2,0.04,,True,,1000,10800,cats_reg_g30b150,,False,CATS,150,regions,MultiMinded,54,Balance,5.760000000009313,2111.841,4,1703.5,646.17399999999998,2111.841,2139.1201166642804,1731.1899723015697,1842.4008407313916,1,30,76,72,62
43,30,40,LinearHeuristicAuction,0.2,0.04,,True,,1000,10800,cats_reg_g30b150,,False,CATS,150,regions,MultiMinded,79,Balance,8.700000000011642,2446.7208,11,1927.69,685.90899999999999,2321.3928,2208.2267299082609,1113.249879959247,1424.8938931564217,1,29,48,84,70
44,30,35,LinearHeuristicAuction,0.2,0.04,,True,,1000,10800,cats_reg_g30b150,,False,CATS,150,regions,MultiMinded,64,Balance,7.0,1711.1515999999997,8,1299.51,651.40899999999999,1554.4274999999998,1644.1766926575704,843.90433502326277,1053.2206708251895,1,30,34,74,65
45,30,38,LinearHeuristicAuction,0.2,0.04,,True,,1000,10800,cats_reg_g30b150,,False,CATS,150,regions,MultiMinded,62,Balance,6.850000000005821,2034.5094,6,1828.07,742.07299999999998,1943.7269,2060.2250159127934,1571.7434066667645,1649.9050658121566,1,30,84,86,68
46,30,31,LinearHeuristicAuction,0.2,0.04,,True,,1000,10800,cats_reg_g30b150,,False,CATS,150,regions,MultiMinded,43,Balance,4.449999999982538,2564.0325000000003,4,2373.4,807.26099999999997,2564.0325000000003,2438.8305975600701,2083.63575756007,2227.4335416807498,1,29,6,68,61
47,30,37,LinearHeuristicAuction,0.2,0.04,,True,,1000,10800,cats_reg_g30b150,,False,CATS,150,regions,MultiMinded,51,Balance,5.39000000001397,2233.1322,7,1669.44,664.97900000000004,2233.1322,1972.6220807716679,1582.8652733562712,1899.384403225316,1,29,43,75,67
48,30,35,LinearHeuristicAuction,0.2,0.04,,True,,1000,10800,cats_reg_g30b150,,False,CATS,150,regions,MultiMinded,77,Balance,8.770000000018626,2069.4358,2,1826.01,556.24350000000004,1917.7739,1949.6144118034197,1825.7300080955595,2006.5921180207124,1,30,57,79,65
49,30,30,LinearHeuristicAuction,0.2,0.04,,True,,1000,10800,cats_reg_g30b150,,False,CATS,150,regions,MultiMinded,52,Balance,5.330000000016298,1979.7895999999998,6,1594.07,673.82600000000002,1979.7895999999998,1958.8728424486349,1496.5334571144606,1660.7703690137873,1,29,52,65,60
50,30,33,LinearHeuristicAuction,0.2,0.04,,True,,1000,10800,cats_reg_g30b150,,False,CATS,150,regions,MultiMinded,53,Balance,5.220000000001164,2110.6722999999997,7,1335.35,460.47550000000001,2110.6722999999997,1951.694931636245,1483.2402959692242,1720.2101173517078,1,29,18,77,63
51,30,37,LinearHeuristicAuction,0.2,0.04,,True,,1000,10800,cats_reg_g30b150,,False,CATS,150,regions,MultiMinded,28,Balance,3.0499999999883585,2245.4244000000003,6,1882.26,597.73699999999997,2245.4244000000003,2259.8150307613223,1709.8969907613227,1809.1290022847722,1,27,45,80,67
52,30,32,LinearHeuristicAuction,0.2,0.04,,True,,1000,10800,cats_reg_g30b150,,False,CATS,150,regions,MultiMinded,55,Balance,5.320000000006985,1756.6213,5,1409.87,556.45500000000004,1694.7150000000001,1719.8761652149249,1252.4539652149249,1358.382278902702,1,29,27,68,62
53,30,34,LinearHeuristicAuction,0.2,0.04,,True,,1000,10800,cats_reg_g30b150,,False,CATS,150,regions,MultiMinded,39,Balance,3.85999999998603,2325.6629000000003,6,1796.97,570.23000000000002,2248.7839000000004,2161.0167762232004,1704.8327762232,1977.7884491611974,1,29,38,67,64
54,30,37,LinearHeuristicAuction,0.2,0.04,,True,,1000,10800,cats_reg_g30b150,,False,CATS,150,regions,MultiMinded,64,Balance,7.1600000000034925,2355.424,6,2152.9,670.553,2355.424,2250.9293840931882,1813.9194470309872,2006.2420577060871,1,28,50,85,67
55,30,33,LinearHeuristicAuction,0.2,0.04,,True,,1000,10800,cats_reg_g30b150,,False,CATS,150,regions,MultiMinded,364,Balance,39.20000000001164,2078.1524999999997,10,1352.37,548.28150000000005,2078.1524999999997,2052.4575969508892,1221.3791808494002,1279.0824492598756,1,30,37,82,63
56,30,39,LinearHeuristicAuction,0.2,0.04,,True,,1000,10800,cats_reg_g30b150,,False,CATS,150,regions,MultiMinded,70,Balance,8.00999999998021,1893.3772000000004,6,1498.24,591.42200000000003,1799.9405,1830.489977375574,1286.3817373755739,1426.1365685280448,1,29,51,83,69
57,30,36,LinearHeuristicAuction,0.2,0.04,,True,,1000,10800,cats_reg_g30b150,,False,CATS,150,regions,MultiMinded,37,Balance,3.8500000000058208,1899.5301999999997,8,1604.44,621.16750000000002,1899.5301999999997,2049.137721625757,1216.1691984236711,1267.7423607881276,1,30,27,82,66
58,30,36,LinearHeuristicAuction,0.2,0.04,,True,,1000,10800,cats_reg_g30b150,,False,CATS,150,regions,MultiMinded,233,Balance,27.919999999983702,2429.6093,4,2057.42,832.86300000000006,2287.9113,2328.2227244555365,1971.2395545494348,2122.2196944542402,1,29,87,85,66
59,30,39,LinearHeuristicAuction,0.2,0.04,,True,,1000,10800,cats_reg_g30b150,,False,CATS,150,regions,MultiMinded,86,Balance,10.260000000009313,2064.9126,7,1772.9,622.28800000000001,1923.6326000000001,2055.1463245010523,1272.7821558082521,1422.6174511998106,1,30,62,85,69
60,30,35,LinearHeuristicAuction,0.2,0.04,,True,,1000,10800,cats_reg_g30b150,,False,CATS,150,regions,MultiMinded,122,Balance,12.14000000001397,1956.0875,3,1842.74,450.80399999999997,1936.1575,1914.2867548475842,1806.0937948475844,1895.5725797681719,1,28,32,77,65
61,30,37,LinearHeuristicAuction,0.2,0.04,,True,,1000,10800,cats_reg_g30b150,,False,CATS,150,regions,MultiMinded,189,Balance,21.139999999984866,1951.6029999999998,9,1560.47,530.9905,1902.7827999999997,1890.0001799977233,1167.1676887378612,1292.8367731562701,1,30,32,89,67
62,30,34,LinearHeuristicAuction,0.2,0.04,,True,,1000,10800,cats_reg_g30b150,,False,CATS,150,regions,MultiMinded,101,Balance,11.10000000000582,1978.0167,4,1737.89,582.94900000000007,1941.8931400000001,1929.3373346654723,1737.2588182176773,1902.1032073987578,1,30,57,75,64
63,30,30,LinearHeuristicAuction,0.2,0.04,,True,,1000,10800,cats_reg_g30b150,,False,CATS,150,regions,MultiMinded,79,Balance,8.35000000000582,2547.4234,5,1821.34,869.476,2361.1973999999996,2363.9380923392632,1797.2869073664215,2028.428624566898,1,29,50,70,60
64,30,34,LinearHeuristicAuction,0.2,0.04,,True,,1000,10800,cats_reg_g30b150,,False,CATS,150,regions,MultiMinded,51,Balance,5.470000000001164,2427.9729,11,1844.14,792.92899999999997,2373.9901,2357.1052054567708,1202.9539908950974,1437.2150890507883,1,30,30,69,64
65,30,36,LinearHeuristicAuction,0.2,0.04,,True,,1000,10800,cats_reg_g30b150,,False,CATS,150,regions,MultiMinded,1000,MaxIter,117.63000000000466,2209.3287,5,1779.98,732.52250000000004,1623.2435,2155.5837478760704,0.0,123.37102019839003,1,29,31,85,66
66,30,30,LinearHeuristicAuction,0.2,0.04,,True,,1000,10800,cats_reg_g30b150,,False,CATS,150,regions,MultiMinded,46,Balance,4.740000000019791,2387.3904,2,2290.03,553.03500000000008,2387.3904,2364.3608747230032,2231.6324747230033,2315.3643773555668,1,29,27,64,60
67,30,41,LinearHeuristicAuction,0.2,0.04,,True,,1000,10800,cats_reg_g30b150,,False,CATS,150,regions,MultiMinded,197,Balance,20.910000000003492,2130.5865999999996,9,1569.3,447.20299999999997,2051.3276,2034.9399680341708,1450.3859625489893,1622.1534318540278,1,29,38,94,71
68,30,34,LinearHeuristicAuction,0.2,0.04,,True,,1000,10800,cats_reg_g30b150,,False,CATS,150,regions,MultiMinded,66,Balance,6.600000000005821,1871.0335999999998,7,1491.62,623.48450000000003,1804.1255,1875.5680031630486,1250.556650151987,1327.6206857727418,1,30,24,76,64
69,30,34,LinearHeuristicAuction,0.2,0.04,,True,,1000,10800,cats_reg_g30b150,,False,CATS,150,regions,MultiMinded,66,Balance,7.459999999991851,2248.1536,8,1918.69,909.28949999999998,2248.1536,2280.4445328677934,1419.9639488797202,1480.9584839617132,1,29,34,74,64
70,30,32,LinearHeuristicAuction,0.2,0.04,,True,,1000,10800,cats_reg_g30b150,,False,CATS,150,regions,MultiMinded,106,Balance,12.0,2074.3614,4,1794.89,671.03600000000006,1998.6884,1929.1103255752394,1684.9353184652932,1800.7002069018049,1,30,45,70,62
71,30,30,LinearHeuristicAuction,0.2,0.04,,True,,1000,10800,cats_reg_g30b150,,False,CATS,150,regions,MultiMinded,92,Balance,9.570000000006985,2107.4125,3,1919.92,672.68100000000004,2077.242,2120.7111617986293,1892.5021961238858,2042.0480624846427,1,29,51,71,60
72,30,35,LinearHeuristicAuction,0.2,0.04,,True,,1000,10800,cats_reg_g30b150,,False,CATS,150,regions,MultiMinded,47,Balance,4.619999999995343,1946.4843000000003,8,1216.53,554.09649999999999,1917.7996999999998,1811.8617036721798,1289.7609672094345,1527.4635965208086,1,29,51,74,65
73,30,35,LinearHeuristicAuction,0.2,0.04,,True,,1000,10800,cats_reg_g30b150,,False,CATS,150,regions,MultiMinded,78,Balance,8.089999999996508,1852.6272999999999,10,1445.38,663.03899999999999,1800.6158999999998,1828.4011362165083,1036.5417488476744,1237.1418686743211,1,30,19,75,65
74,30,31,LinearHeuristicAuction,0.2,0.04,,True,,1000,10800,cats_reg_g30b150,,False,CATS,150,regions,MultiMinded,80,Balance,8.589999999996508,2020.0417,5,1744.34,781.83899999999994,1958.9530999999997,2031.2307587974924,1427.8733051453369,1560.5547162956268,1,30,58,68,61
75,30,39,LinearHeuristicAuction,0.2,0.04,,True,,1000,10800,cats_reg_g30b150,,False,CATS,150,regions,MultiMinded,1000,MaxIter,123.64999999999418,2549.9302,4,1890.83,637.39099999999996,1436.0946,2483.8002010440373,0.0,136.03865031658316,1,30,34,94,69
76,30,36,LinearHeuristicAuction,0.2,0.04,,True,,1000,10800,cats_reg_g30b150,,False,CATS,150,regions,MultiMinded,1000,MaxIter,112.26999999998952,1970.4382,2,1633.82,405.01099999999997,1741.397,2014.1788298748488,0.0,33.54347637921326,1,30,60,82,66
77,30,34,LinearHeuristicAuction,0.2,0.04,,True,,1000,10800,cats_reg_g30b150,,False,CATS,150,regions,MultiMinded,68,Balance,7.970000000001164,1646.3148,6,1576.38,831.28949999999998,1602.3807,1847.3085684835239,1129.8930599867697,1146.3675328679512,1,30,31,73,64
78,30,34,LinearHeuristicAuction,0.2,0.04,,True,,1000,10800,cats_reg_g30b150,,False,CATS,150,regions,MultiMinded,49,Balance,5.070000000006985,2412.1546,7,1881.66,768.41550000000007,2305.4481,2428.13102283947,1642.4193560232823,1807.2221972963218,1,29,22,75,64
79,30,29,LinearHeuristicAuction,0.2,0.04,,True,,1000,10800,cats_reg_g30b150,,False,CATS,150,regions,MultiMinded,86,Balance,9.229999999981374,2267.359,5,2060.3,919.01300000000003,2255.609,2355.2602173771461,1646.2215027034126,1876.8959535561389,1,29,115,72,59
80,30,37,LinearHeuristicAuction,0.2,0.04,,True,,1000,10800,cats_reg_g30b150,,False,CATS,150,regions,MultiMinded,41,Balance,4.28000000002794,2112.5864,9,1592.54,576.49599999999998,1990.7174,2073.7585911692609,1212.4660948546061,1342.169018226733,1,28,57,78,67
81,30,33,LinearHeuristicAuction,0.2,0.04,,True,,1000,10800,cats_reg_g30b150,,False,CATS,150,regions,MultiMinded,62,Balance,6.829999999987194,1652.215,4,1316.69,725.81600000000003,1652.215,1609.7606757535086,1139.6959228576816,1284.441088185248,1,30,49,71,63
82,30,35,LinearHeuristicAuction,0.2,0.04,,True,,1000,10800,cats_reg_g30b150,,False,CATS,150,regions,MultiMinded,1000,MaxIter,120.31999999997788,2109.0315,3,1900.31,619.13249999999994,1958.3414,2169.3132446131508,0.0,28.769176792757193,1,30,29,90,65
83,30,32,LinearHeuristicAuction,0.2,0.04,,True,,1000,10800,cats_reg_g30b150,,False,CATS,150,regions,MultiMinded,77,Balance,8.49000000001979,2576.43019,7,2027.96,1059.6700000000001,2576.43019,2598.1134472861254,1554.9538176370015,1626.0292626240735,1,30,34,73,62
84,30,34,LinearHeuristicAuction,0.2,0.04,,True,,1000,10800,cats_reg_g30b150,,False,CATS,150,regions,MultiMinded,55,Balance,5.459999999991851,1983.6759000000002,7,1485.27,650.14099999999996,1907.8858,1942.7049240371605,1306.4394048706197,1565.3587711681305,1,29,68,76,64
85,30,33,LinearHeuristicAuction,0.2,0.04,,True,,1000,10800,cats_reg_g30b150,,False,CATS,150,regions,MultiMinded,40,Balance,4.14000000001397,1650.3177,5,1136.81,534.83399999999995,1650.3177,1580.3437797769693,1196.3932340485978,1328.4857319226201,1,30,21,71,63
86,30,37,LinearHeuristicAuction,0.2,0.04,,True,,1000,10800,cats_reg_g30b150,,False,CATS,150,regions,MultiMinded,41,Balance,4.360000000015134,2073.2363,5,1605.13,504.47649999999999,2073.2363,2009.4690904669819,1646.2460104669819,1800.0636862108718,1,30,12,74,67
87,30,34,LinearHeuristicAuction,0.2,0.04,,True,,1000,10800,cats_reg_g30b150,,False,CATS,150,regions,MultiMinded,1000,MaxIter,108.53999999997905,2161.5317,8,1611.82,461.19499999999999,1957.6967,2067.0618106727293,1019.1294742224536,1185.6209773112214,1,29,48,84,64
88,30,35,LinearHeuristicAuction,0.2,0.04,,True,,1000,10800,cats_reg_g30b150,,False,CATS,150,regions,MultiMinded,48,Balance,5.1600000000034925,1960.6723,6,1579.4,529.16499999999996,1874.4331000000002,1904.6118593318729,1460.113259331873,1607.7120216101512,1,29,41,76,65
89,30,40,LinearHeuristicAuction,0.2,0.04,,True,,1000,10800,cats_reg_g30b150,,False,CATS,150,regions,MultiMinded,48,Balance,5.3399999999965075,2103.4608,12,1324.86,455.78500000000003,1933.7631000000001,1722.1804010798073,1000.107676248306,1365.5062451090212,1,27,19,82,70
90,30,36,LinearHeuristicAuction,0.2,0.04,,True,,1000,10800,cats_reg_g30b150,,False,CATS,150,regions,MultiMinded,120,Balance,12.760000000009313,2252.2093,7,1749.09,686.99800000000005,2252.2093,2139.9804312270498,1433.3193682148233,1574.2107811435585,1,29,21,84,66
91,30,37,LinearHeuristicAuction,0.2,0.04,,True,,1000,10800,cats_reg_g30b150,,False,CATS,150,regions,MultiMinded,68,Balance,6.929999999993015,2533.4677,11,1557.05,605.50300000000004,2433.7927999999997,2228.4380533959138,1418.4368951212546,1760.4895128109883,1,29,23,77,67
92,30,37,LinearHeuristicAuction,0.2,0.04,,True,,1000,10800,cats_reg_g30b150,,False,CATS,150,regions,MultiMinded,240,Balance,25.35000000000582,2087.0795,9,1557.29,467.12700000000001,2087.0795,1979.6136079848072,1329.3602034213616,1462.9988231910711,1,30,47,84,67
93,30,34,LinearHeuristicAuction,0.2,0.04,,True,,1000,10800,cats_reg_g30b150,,False,CATS,150,regions,MultiMinded,25,Balance,2.370000000024447,2220.4165999999996,8,1477.09,531.97949999999992,2187.6236,2098.7015000851097,1480.407811460703,1705.4963760094097,1,30,31,73,64
94,30,33,LinearHeuristicAuction,0.2,0.04,,True,,1000,10800,cats_reg_g30b150,,False,CATS,150,regions,MultiMinded,44,Balance,4.440000000002328,2089.1439,6,1850.23,583.02999999999997,2075.2699000000002,2120.0015913298603,1653.5775913298605,1822.7768508352208,1,28,33,74,63
95,30,36,LinearHeuristicAuction,0.2,0.04,,True,,1000,10800,cats_reg_g30b150,,False,CATS,150,regions,MultiMinded,1000,MaxIter,113.98999999999069,2218.1557,8,1747.55,732.99250000000006,1993.3007,2186.9919488457076,841.82242325447714,897.36070755033904,1,30,57,89,66
96,30,33,LinearHeuristicAuction,0.2,0.04,,True,,1000,10800,cats_reg_g30b150,,False,CATS,150,regions,MultiMinded,49,Balance,5.220000000001164,1873.9284000000002,4,1690.89,555.43200000000002,1873.9284000000002,1887.8232004420945,1666.9619550818106,1860.0126321270432,1,29,94,75,63
97,30,37,LinearHeuristicAuction,0.2,0.04,,True,,1000,10800,cats_reg_g30b150,,False,CATS,150,regions,MultiMinded,72,Balance,7.849999999976717,1853.4531000000002,8,1334.16,635.36699999999996,1613.6781,1826.349500423599,1114.7384604235992,1207.0322610606581,1,28,26,81,67
98,30,36,LinearHeuristicAuction,0.2,0.04,,True,,1000,10800,cats_reg_g30b150,,False,CATS,150,regions,MultiMinded,66,Balance,7.2999999999883585,2779.0163,8,2131.76,620.35799999999995,2779.0163,2706.6739251210279,1815.5210768931829,1949.6642750876215,1,30,34,79,66
99,30,37,LinearHeuristicAuction,0.2,0.04,,True,,1000,10800,cats_reg_g30b150,,False,CATS,150,regions,MultiMinded,109,Balance,11.790000000008149,2286.8288000000002,5,1573.72,543.00099999999998,2260.4235,2310.8265943850497,1894.8554468993768,2016.9879289419484,1,28,45,83,67
100,30,32,LinearHeuristicAuction,0.2,0.04,,True,,1000,10800,cats_reg_g30b150,,False,CATS,150,regions,MultiMinded,93,Balance,10.070000000006985,1906.0085,5,1496.95,591.39400000000001,1834.6555000000003,1756.9279426398105,1347.609935765254,1644.4787730313151,1,30,93,77,62
