idx,items,agents,auction_class,epsilon,stepc,epoch,scalebyvalue,reserve_type,maxiter,maxtime,generator_param_name,personalized,int_prices,generator,bids,distribution,type,rounds,status,runtime,efficient_value,final_num_winners,final_max_agent_value,final_scalevalue,final_value,final_total_price,final_revenue,final_indirect_util,final_price_degree,final_price_sparsity,final_imbalance,final_wd_nvars,final_wd_ncons
1,30,36,LinearSubgradientAuction,0.1,0.02,,True,,1000,10800,cats_reg_g30b150,,False,CATS,150,regions,MultiMinded,140,Balance,200.5100000000093,2502.8085,9,1712.02,630.28700000000003,2502.8085,2160.1244182737141,1790.4035262064747,2194.0291270685339,1,28,13,2124,3162
2,30,38,LinearSubgradientAuction,0.1,0.02,,True,,1000,10800,cats_reg_g30b150,,False,CATS,150,regions,MultiMinded,1000,MaxIter,1550.1699999999983,2067.4249,5,1460.04,478.96600000000001,1685.9609,2076.0548341558074,431.17846147054081,473.22236561058361,1,29,9,2280,3412
3,30,36,LinearSubgradientAuction,0.1,0.02,,True,,1000,10800,cats_reg_g30b150,,False,CATS,150,regions,MultiMinded,1000,MaxIter,1434.090000000011,2226.2472000000002,4,1961.0,494.50999999999999,292.3519,2222.7253140009448,146.43154285591879,179.93934315942707,1,28,22,2124,3162
4,30,38,LinearSubgradientAuction,0.1,0.02,,True,,1000,10800,cats_reg_g30b150,,False,CATS,150,regions,MultiMinded,65,Balance,102.89999999999418,2004.9491999999998,11,1505.7,557.86300000000006,2004.9491999999998,1885.9992610570469,1350.4507810570472,1469.4007200000003,1,30,0,2318,3488
5,30,35,LinearSubgradientAuction,0.1,0.02,,True,,1000,10800,cats_reg_g30b150,,False,CATS,150,regions,MultiMinded,1000,MaxIter,1456.3499999999913,1864.626,7,1703.97,505.12049999999999,998.783,1858.9407379976735,731.37843704172587,748.93170551833077,1,30,36,2135,3215
6,30,35,LinearSubgradientAuction,0.1,0.02,,True,,1000,10800,cats_reg_g30b150,,False,CATS,150,regions,MultiMinded,1000,MaxIter,1412.699999999997,2116.0368,3,1959.83,614.52500000000009,372.0778,2234.1631454781909,85.112308268644853,92.319311909696367,1,29,20,2100,3145
7,30,35,LinearSubgradientAuction,0.1,0.02,,True,,1000,10800,cats_reg_g30b150,,False,CATS,150,regions,MultiMinded,160,Balance,233.30999999999767,2031.9575,6,1330.11,558.39999999999998,2031.9575,1941.0354214948638,1650.6674214948639,1785.7264128366644,1,30,5,2135,3215
8,30,35,LinearSubgradientAuction,0.1,0.02,,True,,1000,10800,cats_reg_g30b150,,False,CATS,150,regions,MultiMinded,1000,MaxIter,1440.87000000001,2027.57669,7,1379.5,642.28750000000002,1912.43169,1898.4321911747197,1395.6148151898151,1564.4089955357044,1,30,3,2135,3215
9,30,36,LinearSubgradientAuction,0.1,0.02,,True,,1000,10800,cats_reg_g30b150,,False,CATS,150,regions,MultiMinded,1000,MaxIter,1430.699999999997,1859.5272999999997,3,1542.29,443.88650000000001,155.6166,1798.2685270342884,4.3469097893108213,109.4114991959361,1,28,25,2124,3162
10,30,34,LinearSubgradientAuction,0.1,0.02,,True,,1000,10800,cats_reg_g30b150,,False,CATS,150,regions,MultiMinded,1000,MaxIter,1376.3399999999965,2566.974,5,2112.56,626.02300000000002,1716.133,2490.9877869492416,1266.05896009918,1468.1102586348275,1,29,14,2040,3056
11,30,36,LinearSubgradientAuction,0.1,0.02,,True,,1000,10800,cats_reg_g30b150,,False,CATS,150,regions,MultiMinded,62,Balance,90.47000000000116,2431.6115,4,2098.81,721.22149999999999,2431.6115,2323.0742897256264,2063.4345497256263,2243.6113285199749,1,29,2,2160,3234
12,30,32,LinearSubgradientAuction,0.1,0.02,,True,,1000,10800,cats_reg_g30b150,,False,CATS,150,regions,MultiMinded,1000,MaxIter,1303.179999999993,1865.81568,5,1645.15,855.13049999999998,508.18378,1885.241509765289,0.0,122.38825213467624,1,29,22,1920,2878
13,30,35,LinearSubgradientAuction,0.1,0.02,,True,,1000,10800,cats_reg_g30b150,,False,CATS,150,regions,MultiMinded,1000,MaxIter,1466.1800000000076,1773.5022000000001,6,1494.31,678.60900000000004,712.1485,1760.7414835070526,366.58436175990335,493.54454908248829,1,30,19,2135,3215
14,30,32,LinearSubgradientAuction,0.1,0.02,,True,,1000,10800,cats_reg_g30b150,,False,CATS,150,regions,MultiMinded,1000,MaxIter,1306.320000000007,1980.1873000000003,4,1559.99,631.08900000000006,447.8147,1882.0796945336635,173.36373839592926,344.92569754958447,1,30,23,1952,2942
15,30,36,LinearSubgradientAuction,0.1,0.02,,True,,1000,10800,cats_reg_g30b150,,False,CATS,150,regions,MultiMinded,34,Balance,49.11999999999534,2512.4141000000004,5,2312.23,781.00699999999995,2483.6781000000005,2353.6249012909111,2122.053901890919,2297.2305724101548,1,30,1,2196,3306
16,30,34,LinearSubgradientAuction,0.1,0.02,,True,,1000,10800,cats_reg_g30b150,,False,CATS,150,regions,MultiMinded,1000,MaxIter,1358.9100000000035,1929.452,3,1789.44,584.255,119.6755,1939.5453422493551,0.0,75.685332471620171,1,28,26,2006,2988
17,30,33,LinearSubgradientAuction,0.1,0.02,,True,,1000,10800,cats_reg_g30b150,,False,CATS,150,regions,MultiMinded,227,Balance,314.7700000000041,1934.7395999999999,7,1626.95,730.93200000000002,1934.7395999999999,1872.5939816322721,1465.1434060054405,1555.9163287973161,1,30,60,2013,3033
18,30,34,LinearSubgradientAuction,0.1,0.02,,True,,1000,10800,cats_reg_g30b150,,False,CATS,150,regions,MultiMinded,1000,MaxIter,1405.7400000000052,2504.1384,5,1818.33,781.33600000000001,2275.8764,2388.5044012525341,1882.3482995337877,2011.6611725335813,1,29,8,2040,3056
19,30,36,LinearSubgradientAuction,0.1,0.02,,True,,1000,10800,cats_reg_g30b150,,False,CATS,150,regions,MultiMinded,76,Balance,106.81999999999243,2560.7110000000002,12,1508.06,549.71399999999994,2557.321,2102.8676635368902,1629.7153307851436,2134.6879383945816,1,28,2,2124,3162
20,30,37,LinearSubgradientAuction,0.1,0.02,,True,,1000,10800,cats_reg_g30b150,,False,CATS,150,regions,MultiMinded,1000,MaxIter,1538.3600000000006,1801.7813999999998,5,1490.47,395.125,653.0751,1796.5391613642789,502.47824779223532,567.17439447177196,1,30,21,2257,3397
21,30,33,LinearSubgradientAuction,0.1,0.02,,True,,1000,10800,cats_reg_g30b150,,False,CATS,150,regions,MultiMinded,981,Balance,1356.25,1553.7635,4,1374.19,778.39550000000008,1553.7635,1559.1375639067155,1293.4373578826001,1355.1979915209845,1,30,1,2013,3033
22,30,38,LinearSubgradientAuction,0.1,0.02,,True,,1000,10800,cats_reg_g30b150,,False,CATS,150,regions,MultiMinded,1000,MaxIter,1556.770000000004,2312.252,7,2123.59,638.69949999999994,1666.712,2406.9214482773132,1347.1492149842138,1349.502769307509,1,29,4,2280,3412
23,30,38,LinearSubgradientAuction,0.1,0.02,,True,,1000,10800,cats_reg_g30b150,,False,CATS,150,regions,MultiMinded,113,Balance,172.92999999999302,2354.8725,8,1818.1,597.00800000000004,2354.8725,2139.5466405164061,1832.5055496353764,2107.1497931505201,1,29,1,2280,3412
24,30,35,LinearSubgradientAuction,0.1,0.02,,True,,1000,10800,cats_reg_g30b150,,False,CATS,150,regions,MultiMinded,1000,MaxIter,1451.6100000000006,1892.4884,11,1241.36,538.58849999999995,1262.3604,1762.2502971167191,732.82818510900518,959.61790358612177,1,30,18,2135,3215
25,30,33,LinearSubgradientAuction,0.1,0.02,,True,,1000,10800,cats_reg_g30b150,,False,CATS,150,regions,MultiMinded,1000,MaxIter,1342.0999999999913,1741.0822999999998,4,1538.41,861.41849999999999,140.8986,1691.9854852997803,0.0,130.52984007569563,1,29,16,1980,2967
26,30,34,LinearSubgradientAuction,0.1,0.02,,True,,1000,10800,cats_reg_g30b150,,False,CATS,150,regions,MultiMinded,1000,MaxIter,1390.2300000000105,2008.668,7,1919.5,424.82100000000003,1366.5693999999999,2019.1256510224987,1106.5352718503293,1201.9116203190079,1,30,9,2074,3124
27,30,32,LinearSubgradientAuction,0.1,0.02,,True,,1000,10800,cats_reg_g30b150,,False,CATS,150,regions,MultiMinded,1000,MaxIter,1266.270000000004,2175.2061,5,1890.21,644.31150000000002,998.9842,2276.3940661063671,904.7091018248675,906.89985747151184,1,28,13,1888,2814
28,30,37,LinearSubgradientAuction,0.1,0.02,,True,,1000,10800,cats_reg_g30b150,,False,CATS,150,regions,MultiMinded,1000,MaxIter,1500.12000000001,2040.43179,7,1615.6,517.23699999999997,1582.0526,1949.0764738866012,752.14411227982123,888.36319501669254,1,29,11,2220,3323
29,30,33,LinearSubgradientAuction,0.1,0.02,,True,,1000,10800,cats_reg_g30b150,,False,CATS,150,regions,MultiMinded,1000,MaxIter,1395.7300000000105,2111.632,5,1854.64,708.57899999999995,608.684,2056.8045736353897,117.55450868709866,347.25795286501801,1,30,23,2013,3033
30,30,35,LinearSubgradientAuction,0.1,0.02,,True,,1000,10800,cats_reg_g30b150,,False,CATS,150,regions,MultiMinded,1000,MaxIter,1363.4100000000035,2323.0769999999998,8,1594.17,462.18150000000003,1882.0703000000003,2117.1511537852284,1393.6518084105803,1653.6714112131503,1,27,20,2030,3005
31,30,34,LinearSubgradientAuction,0.1,0.02,,True,,1000,10800,cats_reg_g30b150,,False,CATS,150,regions,MultiMinded,166,Balance,217.08000000000175,2659.4860000000003,7,2167.09,585.07799999999997,2659.4860000000003,2591.8366725653286,2259.4272912979545,2385.2275851699342,1,28,3,2006,2988
32,30,37,LinearSubgradientAuction,0.1,0.02,,True,,1000,10800,cats_reg_g30b150,,False,CATS,150,regions,MultiMinded,1000,MaxIter,1534.2600000000093,1999.8556999999998,6,1545.46,522.50199999999995,1787.9346999999998,1929.9539934961754,1475.1495897838226,1575.3145194749886,1,30,3,2257,3397
33,30,37,LinearSubgradientAuction,0.1,0.02,,True,,1000,10800,cats_reg_g30b150,,False,CATS,150,regions,MultiMinded,1000,MaxIter,1517.87000000001,1805.9524000000001,6,1582.17,487.50400000000002,1010.9886,1639.9993618188907,129.82825082507355,321.31758126679381,1,29,14,2220,3323
34,30,39,LinearSubgradientAuction,0.1,0.02,,True,,1000,10800,cats_reg_g30b150,,False,CATS,150,regions,MultiMinded,1000,MaxIter,1625.1399999999994,1983.6001999999999,1,1564.76,623.41200000000003,1262.18,2051.470137130178,0,1.6396235601020379,1,30,27,2379,3579
35,30,38,LinearSubgradientAuction,0.1,0.02,,True,,1000,10800,cats_reg_g30b150,,False,CATS,150,regions,MultiMinded,1000,MaxIter,1556.090000000011,2341.4052,9,1755.59,637.298,1763.6758,2307.6909723254007,1259.6504742661377,1409.8020983931569,1,29,40,2280,3412
36,30,33,LinearSubgradientAuction,0.1,0.02,,True,,1000,10800,cats_reg_g30b150,,False,CATS,150,regions,MultiMinded,1000,MaxIter,1345.8300000000017,2136.9992,6,1693.26,587.83249999999998,1376.042,2171.5948161426941,1075.1398509295359,1142.8910414490792,1,29,12,1980,2967
37,30,34,LinearSubgradientAuction,0.1,0.02,,True,,1000,10800,cats_reg_g30b150,,False,CATS,150,regions,MultiMinded,1000,MaxIter,1413.1000000000058,1991.3467,5,1812.59,701.23299999999995,474.0675,1983.8803860817709,14.629118865492828,122.72207814547478,1,30,25,2074,3124
38,30,40,LinearSubgradientAuction,0.1,0.02,,True,,1000,10800,cats_reg_g30b150,,False,CATS,150,regions,MultiMinded,149,Balance,242.93000000000757,2724.0288,6,2153.9,576.38300000000004,2724.0288,2404.4752870216607,2156.213478218549,2475.7669911968878,1,29,0,2400,3590
39,30,30,LinearSubgradientAuction,0.1,0.02,,True,,1000,10800,cats_reg_g30b150,,False,CATS,150,regions,MultiMinded,1000,MaxIter,1221.6000000000058,1968.0602,4,1918.66,764.726,881.4232,2005.7226747563082,515.94170208920741,666.48420884333655,1,30,16,1830,2760
40,30,33,LinearSubgradientAuction,0.1,0.02,,True,,1000,10800,cats_reg_g30b150,,False,CATS,150,regions,MultiMinded,41,Balance,56.120000000009895,1942.0583000000001,3,1674.34,688.69799999999998,1942.0583000000001,1951.8218226987724,1765.7801703996695,1803.0836431320938,1,30,14,2013,3033
41,30,35,LinearSubgradientAuction,0.1,0.02,,True,,1000,10800,cats_reg_g30b150,,False,CATS,150,regions,MultiMinded,1000,MaxIter,1457.5599999999977,1877.7214099999999,12,1423.29,646.35299999999995,1262.09931,1884.5473364171676,795.84920769338169,841.97767487889996,1,30,46,2135,3215
42,30,32,LinearSubgradientAuction,0.1,0.02,,True,,1000,10800,cats_reg_g30b150,,False,CATS,150,regions,MultiMinded,1000,MaxIter,1304.3500000000058,2111.841,4,1703.5,646.17399999999998,564.4680000000001,2239.4615928656481,376.35807781612584,423.72003415450195,1,30,8,1952,2942
43,30,40,LinearSubgradientAuction,0.1,0.02,,True,,1000,10800,cats_reg_g30b150,,False,CATS,150,regions,MultiMinded,95,Balance,154.6999999999971,2446.7208,6,1927.69,685.90899999999999,2446.7208,2148.3417480346397,1900.0412103480423,2262.6586383476529,1,29,2,2400,3590
44,30,35,LinearSubgradientAuction,0.1,0.02,,True,,1000,10800,cats_reg_g30b150,,False,CATS,150,regions,MultiMinded,1000,MaxIter,1462.570000000007,1711.1515999999997,5,1299.51,651.40899999999999,1385.7888999999998,1605.137970578043,710.62749173439352,866.97032555731278,1,30,13,2135,3215
45,30,38,LinearSubgradientAuction,0.1,0.02,,True,,1000,10800,cats_reg_g30b150,,False,CATS,150,regions,MultiMinded,633,Balance,991.3399999999965,2034.5094,7,1828.07,742.07299999999998,1992.4364,2072.8031265738491,1711.7222329786582,1726.4899272367895,1,30,14,2318,3488
46,30,31,LinearSubgradientAuction,0.1,0.02,,True,,1000,10800,cats_reg_g30b150,,False,CATS,150,regions,MultiMinded,26,Balance,31.770000000004075,2564.0325000000003,4,2373.4,807.26099999999997,2510.7187,2477.1343128216959,2246.9609984804374,2362.8184256961563,1,30,3,1891,2851
47,30,37,LinearSubgradientAuction,0.1,0.02,,True,,1000,10800,cats_reg_g30b150,,False,CATS,150,regions,MultiMinded,1000,MaxIter,1502.8500000000058,2233.1322,8,1669.44,664.97900000000004,1373.4992000000002,2003.9590297545312,822.28424164900878,1076.1916403528535,1,29,10,2220,3323
48,30,35,LinearSubgradientAuction,0.1,0.02,,True,,1000,10800,cats_reg_g30b150,,False,CATS,150,regions,MultiMinded,1000,MaxIter,1444.8399999999965,2069.4358,5,1826.01,556.24350000000004,1243.9759,2017.6367118262165,912.55709546492358,1075.908930089771,1,30,15,2135,3215
49,30,30,LinearSubgradientAuction,0.1,0.02,,True,,1000,10800,cats_reg_g30b150,,False,CATS,150,regions,MultiMinded,615,Balance,751.7899999999936,1979.7895999999998,7,1594.07,673.82600000000002,1947.032,1971.5117625993603,1603.3398154430429,1711.3856070029267,1,30,35,1830,2760
50,30,33,LinearSubgradientAuction,0.1,0.02,,True,,1000,10800,cats_reg_g30b150,,False,CATS,150,regions,MultiMinded,1000,MaxIter,1338.0199999999895,2110.6722999999997,7,1335.35,460.47550000000001,2067.0203,1991.210228359153,1625.8930684411848,1879.3163072777131,1,29,11,1980,2967
51,30,37,LinearSubgradientAuction,0.1,0.02,,True,,1000,10800,cats_reg_g30b150,,False,CATS,150,regions,MultiMinded,142,Balance,209.27999999999884,2245.4244000000003,7,1882.26,597.73699999999997,2245.4244000000003,2224.462954541716,1891.4960331055715,1971.039062727348,1,28,7,2183,3249
52,30,32,LinearSubgradientAuction,0.1,0.02,,True,,1000,10800,cats_reg_g30b150,,False,CATS,150,regions,MultiMinded,95,Balance,120.4600000000064,1756.6213,7,1409.87,556.45500000000004,1756.6213,1687.527025596919,1367.004783913681,1492.5969780372779,1,29,12,1920,2878
53,30,34,LinearSubgradientAuction,0.1,0.02,,True,,1000,10800,cats_reg_g30b150,,False,CATS,150,regions,MultiMinded,1000,MaxIter,1397.4100000000035,2325.6629000000003,9,1796.97,570.23000000000002,1931.8589,2187.8625085407102,1344.5248616375386,1537.4925595447926,1,29,12,2040,3056
54,30,37,LinearSubgradientAuction,0.1,0.02,,True,,1000,10800,cats_reg_g30b150,,False,CATS,150,regions,MultiMinded,83,Balance,121.47999999999593,2355.424,7,2152.9,670.553,2355.424,2287.853519195352,1994.9316267973463,2127.4359800000002,1,28,1,2183,3249
55,30,33,LinearSubgradientAuction,0.1,0.02,,True,,1000,10800,cats_reg_g30b150,,False,CATS,150,regions,MultiMinded,1000,MaxIter,1374.520000000004,2078.1524999999997,8,1352.37,548.28150000000005,755.3975,2041.6020445418944,439.89727960949392,501.28701332737745,1,30,13,2013,3033
56,30,39,LinearSubgradientAuction,0.1,0.02,,True,,1000,10800,cats_reg_g30b150,,False,CATS,150,regions,MultiMinded,265,Balance,423.58000000000175,1893.3772000000004,12,1498.24,591.42200000000003,1893.3772000000004,1765.6726676692999,1264.5128026075211,1434.8936261216827,1,29,13,2340,3501
57,30,36,LinearSubgradientAuction,0.1,0.02,,True,,1000,10800,cats_reg_g30b150,,False,CATS,150,regions,MultiMinded,1000,MaxIter,1465.3800000000047,1899.5301999999997,5,1604.44,621.16750000000002,833.6899000000001,1890.740439850335,194.00963975999241,267.18901342670586,1,30,20,2196,3306
58,30,36,LinearSubgradientAuction,0.1,0.02,,True,,1000,10800,cats_reg_g30b150,,False,CATS,150,regions,MultiMinded,152,Balance,229.75,2429.6093,7,2057.42,832.86300000000006,2429.6093,2353.9318812906281,1883.0381833293402,2038.8262908223996,1,30,2,2196,3306
59,30,39,LinearSubgradientAuction,0.1,0.02,,True,,1000,10800,cats_reg_g30b150,,False,CATS,150,regions,MultiMinded,1000,MaxIter,1633.2899999999936,2064.9126,7,1772.9,622.28800000000001,893.7375999999999,2025.2676147654138,421.03990268003599,544.14819461671698,1,30,14,2379,3579
60,30,35,LinearSubgradientAuction,0.1,0.02,,True,,1000,10800,cats_reg_g30b150,,False,CATS,150,regions,MultiMinded,168,Balance,235.61000000000058,1956.0875,9,1842.74,450.80399999999997,1956.0875,1904.5286435650348,1581.4618449534867,1679.5522188803252,1,28,30,2065,3075
61,30,37,LinearSubgradientAuction,0.1,0.02,,True,,1000,10800,cats_reg_g30b150,,False,CATS,150,regions,MultiMinded,1000,MaxIter,1555.949999999997,1951.6029999999998,10,1560.47,530.9905,1324.9905999999996,1893.4567046668096,951.08043441560835,1051.944413209555,1,30,17,2257,3397
62,30,34,LinearSubgradientAuction,0.1,0.02,,True,,1000,10800,cats_reg_g30b150,,False,CATS,150,regions,MultiMinded,232,Balance,327.3600000000006,1978.0167,6,1737.89,582.94900000000007,1978.0167,1839.8127498331744,1571.656209833174,1743.3439512974301,1,30,4,2074,3124
63,30,30,LinearSubgradientAuction,0.1,0.02,,True,,1000,10800,cats_reg_g30b150,,False,CATS,150,regions,MultiMinded,95,Balance,114.88999999999942,2547.4234,6,1821.34,869.476,2547.4234,2366.9180164243362,2017.8455594882112,2273.7205110308532,1,29,16,1800,2700
64,30,34,LinearSubgradientAuction,0.1,0.02,,True,,1000,10800,cats_reg_g30b150,,False,CATS,150,regions,MultiMinded,338,Balance,477.9499999999971,2427.9729,9,1844.14,792.92899999999997,2427.9729,2273.3545973590653,1685.2410374366841,1910.6830731759201,1,30,10,2074,3124
65,30,36,LinearSubgradientAuction,0.1,0.02,,True,,1000,10800,cats_reg_g30b150,,False,CATS,150,regions,MultiMinded,1000,MaxIter,1472.8499999999913,2209.3287,8,1779.98,732.52250000000004,1080.2197,2102.7503518463959,581.29957914549516,755.55512101815077,1,29,11,2160,3234
66,30,30,LinearSubgradientAuction,0.1,0.02,,True,,1000,10800,cats_reg_g30b150,,False,CATS,150,regions,MultiMinded,35,Balance,41.229999999995925,2387.3904,3,2290.03,553.03500000000008,2387.3904,2303.4694215212776,2228.2689611632718,2363.9528677192202,1,29,4,1800,2700
67,30,41,LinearSubgradientAuction,0.1,0.02,,True,,1000,10800,cats_reg_g30b150,,False,CATS,150,regions,MultiMinded,1000,MaxIter,1677.179999999993,2130.5865999999996,8,1569.3,447.20299999999997,1088.1386,2072.7724517949241,788.64722666451803,965.90943403033668,1,29,20,2460,3679
68,30,34,LinearSubgradientAuction,0.1,0.02,,True,,1000,10800,cats_reg_g30b150,,False,CATS,150,regions,MultiMinded,1000,MaxIter,1393.020000000004,1871.0335999999998,4,1491.62,623.48450000000003,634.1625,1820.7795123396702,382.26807611909209,473.52980734552114,1,30,19,2074,3124
69,30,34,LinearSubgradientAuction,0.1,0.02,,True,,1000,10800,cats_reg_g30b150,,False,CATS,150,regions,MultiMinded,111,Balance,155.00999999999476,2248.1536,8,1918.69,909.28949999999998,2248.1536,2161.2584497448852,1619.2231227018706,1711.8682304453027,1,29,17,2040,3056
70,30,32,LinearSubgradientAuction,0.1,0.02,,True,,1000,10800,cats_reg_g30b150,,False,CATS,150,regions,MultiMinded,1000,MaxIter,1331.020000000004,2074.3614,7,1794.89,671.03600000000006,1300.0074,2020.0152750620548,895.21150388336912,1035.9084963109799,1,30,10,1952,2942
71,30,30,LinearSubgradientAuction,0.1,0.02,,True,,1000,10800,cats_reg_g30b150,,False,CATS,150,regions,MultiMinded,1000,MaxIter,1210.409999999989,2107.4125,5,1919.92,672.68100000000004,473.874,2144.8904102490146,251.97444263354964,384.39119270747295,1,29,28,1800,2700
72,30,35,LinearSubgradientAuction,0.1,0.02,,True,,1000,10800,cats_reg_g30b150,,False,CATS,150,regions,MultiMinded,1000,MaxIter,1412.75,1946.4843000000003,5,1216.53,554.09649999999999,597.3524,1879.9356816094169,0.0,198.93255540393542,1,29,24,2100,3145
73,30,35,LinearSubgradientAuction,0.1,0.02,,True,,1000,10800,cats_reg_g30b150,,False,CATS,150,regions,MultiMinded,1000,MaxIter,1458.7399999999907,1852.6272999999999,7,1445.38,663.03899999999999,662.195,1704.2590069624932,219.33612115476808,479.78197355659768,1,30,19,2135,3215
74,30,31,LinearSubgradientAuction,0.1,0.02,,True,,1000,10800,cats_reg_g30b150,,False,CATS,150,regions,MultiMinded,1000,MaxIter,1278.5299999999988,2020.0417,4,1744.34,781.83899999999994,1182.3620999999998,2032.9964294491897,869.34250184044845,1020.2813630602955,1,30,15,1891,2851
75,30,39,LinearSubgradientAuction,0.1,0.02,,True,,1000,10800,cats_reg_g30b150,,False,CATS,150,regions,MultiMinded,1000,MaxIter,1628.5399999999936,2549.9302,8,1890.83,637.39099999999996,1465.9662,2452.2568190849315,507.15999687139936,702.16720437696949,1,30,18,2379,3579
76,30,36,LinearSubgradientAuction,0.1,0.02,,True,,1000,10800,cats_reg_g30b150,,False,CATS,150,regions,MultiMinded,1000,MaxIter,1489.62000000001,1970.4382,7,1633.82,405.01099999999997,521.9282000000001,2037.8269516844312,287.43665987552873,319.95543085926306,1,30,4,2196,3306
77,30,34,LinearSubgradientAuction,0.1,0.02,,True,,1000,10800,cats_reg_g30b150,,False,CATS,150,regions,MultiMinded,101,Balance,141.9100000000035,1646.3148,7,1576.38,831.28949999999998,1582.6532,1667.0491249279216,1182.812198712712,1201.6484092883368,1,30,6,2074,3124
78,30,34,LinearSubgradientAuction,0.1,0.02,,True,,1000,10800,cats_reg_g30b150,,False,CATS,150,regions,MultiMinded,1000,MaxIter,1406.6900000000023,2412.1546,6,1881.66,768.41550000000007,1391.8126,2429.8325579154443,47.850856891853539,181.13367603493387,1,29,16,2040,3056
79,30,29,LinearSubgradientAuction,0.1,0.02,,True,,1000,10800,cats_reg_g30b150,,False,CATS,150,regions,MultiMinded,1000,MaxIter,1165.7799999999988,2267.359,5,2060.3,919.01300000000003,222.48899999999998,2291.599268486234,15.761624929746475,123.94651081867704,1,29,25,1740,2611
80,30,37,LinearSubgradientAuction,0.1,0.02,,True,,1000,10800,cats_reg_g30b150,,False,CATS,150,regions,MultiMinded,1000,MaxIter,1511.2100000000064,2112.5864,8,1592.54,576.49599999999998,791.1439,2039.4668490044319,421.11754982309395,546.50048615628748,1,29,19,2220,3323
81,30,33,LinearSubgradientAuction,0.1,0.02,,True,,1000,10800,cats_reg_g30b150,,False,CATS,150,regions,MultiMinded,1000,MaxIter,1367.1900000000023,1652.215,5,1316.69,725.81600000000003,684.1756,1747.7200020843104,465.59178394937067,480.95620051400363,1,30,15,2013,3033
82,30,35,LinearSubgradientAuction,0.1,0.02,,True,,1000,10800,cats_reg_g30b150,,False,CATS,150,regions,MultiMinded,1000,MaxIter,1455.6600000000035,2109.0315,7,1900.31,619.13249999999994,752.3569,2266.9399386267669,522.84285587364468,560.83050324917804,1,30,26,2135,3215
83,30,32,LinearSubgradientAuction,0.1,0.02,,True,,1000,10800,cats_reg_g30b150,,False,CATS,150,regions,MultiMinded,81,Balance,107.28000000001339,2576.43019,8,2027.96,1059.6700000000001,2571.7672000000002,2616.0180881558144,1972.7041578021594,2040.8280298024511,1,30,21,1952,2942
84,30,34,LinearSubgradientAuction,0.1,0.02,,True,,1000,10800,cats_reg_g30b150,,False,CATS,150,regions,MultiMinded,1000,MaxIter,1397.020000000004,1983.6759000000002,10,1485.27,650.14099999999996,1341.7571000000003,1920.1394075915573,803.53654864806094,968.30023753227795,1,30,33,2074,3124
85,30,33,LinearSubgradientAuction,0.1,0.02,,True,,1000,10800,cats_reg_g30b150,,False,CATS,150,regions,MultiMinded,196,Balance,262.84999999999127,1650.3177,4,1136.81,534.83399999999995,1608.6533,1604.3864572248467,1433.2395772248467,1483.4557436146529,1,29,8,1980,2967
86,30,37,LinearSubgradientAuction,0.1,0.02,,True,,1000,10800,cats_reg_g30b150,,False,CATS,150,regions,MultiMinded,118,Balance,179.25,2073.2363,7,1605.13,504.47649999999999,2069.3503,1925.4953145434488,1649.053958168932,1838.451923454953,1,30,10,2257,3397
87,30,34,LinearSubgradientAuction,0.1,0.02,,True,,1000,10800,cats_reg_g30b150,,False,CATS,150,regions,MultiMinded,1000,MaxIter,1366.3499999999913,2161.5317,9,1611.82,461.19499999999999,1668.4247,2189.2619666568594,1299.7811781547477,1439.0566509869204,1,28,15,2006,2988
88,30,35,LinearSubgradientAuction,0.1,0.02,,True,,1000,10800,cats_reg_g30b150,,False,CATS,150,regions,MultiMinded,118,Balance,167.9100000000035,1960.6723,11,1579.4,529.16499999999996,1960.6723,1905.3978458066447,1453.2664501939864,1569.4627249619489,1,29,28,2100,3145
89,30,40,LinearSubgradientAuction,0.1,0.02,,True,,1000,10800,cats_reg_g30b150,,False,CATS,150,regions,MultiMinded,49,Balance,76.6299999999901,2103.4608,12,1324.86,455.78500000000003,2103.4608,1731.7548383326689,1348.8954383326691,1720.6014,1,27,0,2320,3430
90,30,36,LinearSubgradientAuction,0.1,0.02,,True,,1000,10800,cats_reg_g30b150,,False,CATS,150,regions,MultiMinded,177,Balance,260.31999999999243,2252.2093,8,1749.09,686.99800000000005,2252.2093,2184.4740383272629,1765.8910348213396,1883.7580398938003,1,29,6,2160,3234
91,30,37,LinearSubgradientAuction,0.1,0.02,,True,,1000,10800,cats_reg_g30b150,,False,CATS,150,regions,MultiMinded,139,Balance,207.66999999999825,2533.4677,10,1557.05,605.50300000000004,2524.7637,2154.8807356292214,1792.9884425272237,2222.0121999999997,1,29,3,2220,3323
92,30,37,LinearSubgradientAuction,0.1,0.02,,True,,1000,10800,cats_reg_g30b150,,False,CATS,150,regions,MultiMinded,132,Balance,202.80999999999767,2087.0795,10,1557.29,467.12700000000001,2087.0795,1965.3135662206801,1541.3814606679762,1709.5570532981969,1,30,1,2257,3397
93,30,34,LinearSubgradientAuction,0.1,0.02,,True,,1000,10800,cats_reg_g30b150,,False,CATS,150,regions,MultiMinded,604,Balance,838.1500000000087,2220.4165999999996,9,1477.09,531.97949999999992,2160.0827,2100.8336799761591,1663.262620049348,1803.0318752325941,1,30,17,2074,3124
94,30,33,LinearSubgradientAuction,0.1,0.02,,True,,1000,10800,cats_reg_g30b150,,False,CATS,150,regions,MultiMinded,1000,MaxIter,1306.429999999993,2089.1439,4,1850.23,583.02999999999997,673.6528999999999,2035.6454796657256,316.17866570526547,480.14423010096198,1,28,20,1947,2901
95,30,36,LinearSubgradientAuction,0.1,0.02,,True,,1000,10800,cats_reg_g30b150,,False,CATS,150,regions,MultiMinded,66,Balance,98.44000000000233,2218.1557,10,1747.55,732.99250000000006,2218.1557,2201.9920821717042,1628.8062495760805,1782.7277873739872,1,30,36,2196,3306
96,30,33,LinearSubgradientAuction,0.1,0.02,,True,,1000,10800,cats_reg_g30b150,,False,CATS,150,regions,MultiMinded,1000,MaxIter,1319.699999999997,1873.9284000000002,10,1690.89,555.43200000000002,1756.4524000000001,1906.5953025536114,1315.9622507668894,1368.2838929176701,1,29,17,1980,2967
97,30,37,LinearSubgradientAuction,0.1,0.02,,True,,1000,10800,cats_reg_g30b150,,False,CATS,150,regions,MultiMinded,77,Balance,113.34999999999127,1853.4531000000002,11,1334.16,635.36699999999996,1853.4531000000002,1779.833118655205,1247.1768069286818,1367.7410873021822,1,29,6,2220,3323
98,30,36,LinearSubgradientAuction,0.1,0.02,,True,,1000,10800,cats_reg_g30b150,,False,CATS,150,regions,MultiMinded,67,Balance,98.52999999999884,2779.0163,10,2131.76,620.35799999999995,2779.0163,2773.8621676787338,2250.2455292464656,2336.9024327146603,1,30,20,2196,3306
99,30,37,LinearSubgradientAuction,0.1,0.02,,True,,1000,10800,cats_reg_g30b150,,False,CATS,150,regions,MultiMinded,1000,MaxIter,1472.3699999999953,2286.8288000000002,4,1573.72,543.00099999999998,2180.7238,2234.5241047730124,1209.0613364302915,1376.3678278549239,1,28,13,2183,3249
100,30,32,LinearSubgradientAuction,0.1,0.02,,True,,1000,10800,cats_reg_g30b150,,False,CATS,150,regions,MultiMinded,88,Balance,115.06999999999243,1906.0085,11,1496.95,591.39400000000001,1903.6245000000001,1758.3327225494022,1233.2285532428789,1448.3145165796227,1,30,23,1952,2942
