idx,items,agents,auction_class,epsilon,stepc,epoch,scalebyvalue,reserve_type,maxiter,maxtime,generator_param_name,personalized,int_prices,generator,bids,distribution,type,rounds,status,runtime,efficient_value,final_num_winners,final_max_agent_value,final_scalevalue,final_value,final_total_price,final_revenue,final_indirect_util,final_price_degree,final_price_sparsity,final_imbalance,final_wd_nvars,final_wd_ncons
1,30,36,LinearHeuristicAuction,0.2,0.01,,True,,1000,10800,cats_reg_g30b150,,False,CATS,150,regions,MultiMinded,1000,MaxIter,123.11999999999534,2502.8085,5,1712.02,630.28700000000003,2100.1264,2155.4408149001656,0.0,372.04506615676348,1,29,68,92,66
2,30,38,LinearHeuristicAuction,0.2,0.01,,True,,1000,10800,cats_reg_g30b150,,False,CATS,150,regions,MultiMinded,841,Balance,105.13000000000466,2067.4249,5,1460.04,478.96600000000001,2067.4249,2037.9728054171278,1698.7299543474292,1748.7823810937966,1,30,30,95,68
3,30,36,LinearHeuristicAuction,0.2,0.01,,True,,1000,10800,cats_reg_g30b150,,False,CATS,150,regions,MultiMinded,223,Balance,25.04999999998836,2226.2472000000002,3,1961.0,494.50999999999999,2226.2472000000002,2205.7258891616852,1987.5415479307485,2028.8946402705226,1,29,22,86,66
4,30,38,LinearHeuristicAuction,0.2,0.01,,True,,1000,10800,cats_reg_g30b150,,False,CATS,150,regions,MultiMinded,89,Balance,10.029999999998836,2004.9491999999998,11,1505.7,557.86300000000006,2004.9491999999998,1786.6351796315937,840.12574930254937,1058.9244606477521,1,30,2,79,68
5,30,35,LinearHeuristicAuction,0.2,0.01,,True,,1000,10800,cats_reg_g30b150,,False,CATS,150,regions,MultiMinded,19,Balance,2.14000000001397,1864.626,2,1703.97,505.12049999999999,1813.7730000000001,1788.9785129358468,1675.2663082241504,1880.3863928327664,1,30,40,81,65
6,30,35,LinearHeuristicAuction,0.2,0.01,,True,,1000,10800,cats_reg_g30b150,,False,CATS,150,regions,MultiMinded,1000,MaxIter,108.76000000000931,2116.0368,5,1959.83,614.52500000000009,1920.4137999999998,2159.5039775182458,1263.5897507533471,1270.5733042509385,1,30,19,85,65
7,30,35,LinearHeuristicAuction,0.2,0.01,,True,,1000,10800,cats_reg_g30b150,,False,CATS,150,regions,MultiMinded,113,Balance,12.430000000022119,2031.9575,6,1330.11,558.39999999999998,2031.9575,1897.393851174462,1349.421398593159,1505.2968781026734,1,30,19,78,65
8,30,35,LinearHeuristicAuction,0.2,0.01,,True,,1000,10800,cats_reg_g30b150,,False,CATS,150,regions,MultiMinded,41,Balance,4.449999999982538,2027.57669,7,1379.5,642.28750000000002,1859.9806899999999,1688.7266056360552,1228.5211167955938,1608.5847974851608,1,30,31,74,65
9,30,36,LinearHeuristicAuction,0.2,0.01,,True,,1000,10800,cats_reg_g30b150,,False,CATS,150,regions,MultiMinded,270,Balance,31.10000000000582,1859.5272999999997,8,1542.29,443.88650000000001,1859.5272999999997,1797.4820306897586,1301.8527754012259,1411.257469256944,1,28,52,87,66
10,30,34,LinearHeuristicAuction,0.2,0.01,,True,,1000,10800,cats_reg_g30b150,,False,CATS,150,regions,MultiMinded,1000,MaxIter,106.05999999999767,2566.974,2,2112.56,626.02300000000002,1259.7232,2464.0842978604946,0.0,240.45351871100712,1,29,59,77,64
11,30,36,LinearHeuristicAuction,0.2,0.01,,True,,1000,10800,cats_reg_g30b150,,False,CATS,150,regions,MultiMinded,81,Balance,8.639999999984866,2431.6115,4,2098.81,721.22149999999999,2431.6115,2230.432742852995,1950.9778135538077,2153.0956183499593,1,30,3,81,66
12,30,32,LinearHeuristicAuction,0.2,0.01,,True,,1000,10800,cats_reg_g30b150,,False,CATS,150,regions,MultiMinded,685,Balance,80.03000000002794,1865.81568,7,1645.15,855.13049999999998,1787.8909999999998,1778.7914281339479,1108.7275065881142,1237.0580578874474,1,30,43,80,62
13,30,35,LinearHeuristicAuction,0.2,0.01,,True,,1000,10800,cats_reg_g30b150,,False,CATS,150,regions,MultiMinded,332,Balance,39.80999999999767,1773.5022000000001,9,1494.31,678.60900000000004,1582.3419000000001,1712.7390491629428,856.89678234790961,1036.2021341863726,1,30,102,81,65
14,30,32,LinearHeuristicAuction,0.2,0.01,,True,,1000,10800,cats_reg_g30b150,,False,CATS,150,regions,MultiMinded,661,Balance,73.62999999997555,1980.1873000000003,6,1559.99,631.08900000000006,1980.1873000000003,1768.7473137332743,1292.6608277393661,1505.5884945867424,1,30,24,74,62
15,30,36,LinearHeuristicAuction,0.2,0.01,,True,,1000,10800,cats_reg_g30b150,,False,CATS,150,regions,MultiMinded,15,Balance,1.7200000000011642,2512.4141000000004,3,2312.23,781.00699999999995,2437.4611000000004,2323.1704897696691,2120.4097207817958,2335.4244724380924,1,30,5,72,66
16,30,34,LinearHeuristicAuction,0.2,0.01,,True,,1000,10800,cats_reg_g30b150,,False,CATS,150,regions,MultiMinded,69,Balance,7.459999999991851,1929.452,4,1789.44,584.255,1909.1155,1944.9149185878789,1789.1550558271974,1872.0397717144858,1,28,36,79,64
17,30,33,LinearHeuristicAuction,0.2,0.01,,True,,1000,10800,cats_reg_g30b150,,False,CATS,150,regions,MultiMinded,67,Balance,7.7000000000116415,1934.7395999999999,2,1626.95,730.93200000000002,1694.8876,1815.2510036160254,1623.4159346149893,1773.798000308298,1,30,100,76,63
18,30,34,LinearHeuristicAuction,0.2,0.01,,True,,1000,10800,cats_reg_g30b150,,False,CATS,150,regions,MultiMinded,120,Balance,12.989999999990687,2504.1384,4,1818.33,781.33600000000001,2504.1384,2360.0045351937542,1966.5366998303014,2143.8228975042748,1,29,32,77,64
19,30,36,LinearHeuristicAuction,0.2,0.01,,True,,1000,10800,cats_reg_g30b150,,False,CATS,150,regions,MultiMinded,9,Balance,0.8999999999941792,2560.7110000000002,12,1508.06,549.71399999999994,2554.963,1978.3873242510251,1065.8079635943036,1712.9212258066416,1,29,9,73,66
20,30,37,LinearHeuristicAuction,0.2,0.01,,True,,1000,10800,cats_reg_g30b150,,False,CATS,150,regions,MultiMinded,1000,MaxIter,111.86999999999534,1801.7813999999998,6,1490.47,395.125,1456.8649,1773.3505601947581,232.36662202370999,301.09630449096971,1,30,26,97,67
21,30,33,LinearHeuristicAuction,0.2,0.01,,True,,1000,10800,cats_reg_g30b150,,False,CATS,150,regions,MultiMinded,30,Balance,3.370000000024447,1553.7635,2,1374.19,778.39550000000008,1442.3605,1537.9697607846776,1361.2984966839665,1529.9314610742181,1,30,70,67,63
22,30,38,LinearHeuristicAuction,0.2,0.01,,True,,1000,10800,cats_reg_g30b150,,False,CATS,150,regions,MultiMinded,41,Balance,4.709999999991851,2312.252,3,2123.59,638.69949999999994,2224.6266,2402.1483210809229,2099.1687938000287,2187.2027940411126,1,29,48,89,68
23,30,38,LinearHeuristicAuction,0.2,0.01,,True,,1000,10800,cats_reg_g30b150,,False,CATS,150,regions,MultiMinded,362,Balance,40.54000000000815,2354.8725,7,1818.1,597.00800000000004,2354.8725,2088.6369827116405,1702.2026693348928,1970.6254397231596,1,30,34,84,68
24,30,35,LinearHeuristicAuction,0.2,0.01,,True,,1000,10800,cats_reg_g30b150,,False,CATS,150,regions,MultiMinded,1000,MaxIter,112.44000000000233,1892.4884,8,1241.36,538.58849999999995,1594.3949999999998,1728.3168180474509,210.8834490057676,470.13378787248865,1,30,75,82,65
25,30,33,LinearHeuristicAuction,0.2,0.01,,True,,1000,10800,cats_reg_g30b150,,False,CATS,150,regions,MultiMinded,721,Balance,84.74000000001979,1741.0822999999998,6,1538.41,861.41849999999999,1527.1990999999998,1607.024662860636,1089.0135704427955,1238.4038712230022,1,29,79,75,63
26,30,34,LinearHeuristicAuction,0.2,0.01,,True,,1000,10800,cats_reg_g30b150,,False,CATS,150,regions,MultiMinded,293,Balance,29.630000000004657,2008.668,3,1919.5,424.82100000000003,2008.668,2017.8396322225901,1919.1466166680725,2054.8615763430043,1,30,84,79,64
27,30,32,LinearHeuristicAuction,0.2,0.01,,True,,1000,10800,cats_reg_g30b150,,False,CATS,150,regions,MultiMinded,42,Balance,4.599999999976717,2175.2061,6,1890.21,644.31150000000002,1940.923,2248.7870028247462,1645.4844706843555,1694.5553327695009,1,29,41,81,62
28,30,37,LinearHeuristicAuction,0.2,0.01,,True,,1000,10800,cats_reg_g30b150,,False,CATS,150,regions,MultiMinded,8,Balance,0.9100000000034925,2040.43179,8,1615.6,517.23699999999997,2018.6335,2058.7832373843726,1562.4031424617158,1920.2260112270687,1,30,40,84,67
29,30,33,LinearHeuristicAuction,0.2,0.01,,True,,1000,10800,cats_reg_g30b150,,False,CATS,150,regions,MultiMinded,6,Balance,0.6300000000046566,2111.632,3,1854.64,708.57899999999995,2009.6580000000001,2016.8783093527788,1840.7154574117935,2298.8579753131512,1,30,73,67,63
30,30,35,LinearHeuristicAuction,0.2,0.01,,True,,1000,10800,cats_reg_g30b150,,False,CATS,150,regions,MultiMinded,1000,MaxIter,118.25999999998021,2323.0769999999998,7,1594.17,462.18150000000003,2025.3443000000004,2079.8310739290018,1563.8591889811275,1795.2156551019616,1,30,30,90,65
31,30,34,LinearHeuristicAuction,0.2,0.01,,True,,1000,10800,cats_reg_g30b150,,False,CATS,150,regions,MultiMinded,131,Balance,13.950000000011642,2659.4860000000003,6,2167.09,585.07799999999997,2659.4860000000003,2527.1379506926687,2026.7430877412828,2176.8311538532012,1,29,18,86,64
32,30,37,LinearHeuristicAuction,0.2,0.01,,True,,1000,10800,cats_reg_g30b150,,False,CATS,150,regions,MultiMinded,94,Balance,10.39000000001397,1999.8556999999998,9,1545.46,522.50199999999995,1880.5532,1857.2985438170122,1097.8698542054401,1276.0840157155837,1,30,31,89,67
33,30,37,LinearHeuristicAuction,0.2,0.01,,True,,1000,10800,cats_reg_g30b150,,False,CATS,150,regions,MultiMinded,30,Balance,3.220000000001164,1805.9524000000001,4,1582.17,487.50400000000002,1790.6487000000002,1697.2669265160705,1571.5424063418004,1820.4396771039264,1,28,68,86,67
34,30,39,LinearHeuristicAuction,0.2,0.01,,True,,1000,10800,cats_reg_g30b150,,False,CATS,150,regions,MultiMinded,1000,MaxIter,125.61999999999534,1983.6001999999999,1,1564.76,623.41200000000003,983.286,2049.625452959433,0,4.1925736271022558,1,30,33,92,69
35,30,38,LinearHeuristicAuction,0.2,0.01,,True,,1000,10800,cats_reg_g30b150,,False,CATS,150,regions,MultiMinded,550,Balance,63.10000000000582,2341.4052,8,1755.59,637.298,2341.4052,2257.8085482704487,1473.9320082704487,1659.9510306531026,1,29,22,90,68
36,30,33,LinearHeuristicAuction,0.2,0.01,,True,,1000,10800,cats_reg_g30b150,,False,CATS,150,regions,MultiMinded,1000,MaxIter,118.39999999999418,2136.9992,3,1693.26,587.83249999999998,1831.3418,2136.3894080536465,0.0,65.889265109167368,1,30,28,90,63
37,30,34,LinearHeuristicAuction,0.2,0.01,,True,,1000,10800,cats_reg_g30b150,,False,CATS,150,regions,MultiMinded,1000,MaxIter,106.90000000002328,1991.3467,4,1812.59,701.23299999999995,1695.2167000000002,1914.6079023772156,0.0,161.28761454275221,1,30,116,74,64
38,30,40,LinearHeuristicAuction,0.2,0.01,,True,,1000,10800,cats_reg_g30b150,,False,CATS,150,regions,MultiMinded,145,Balance,17.29000000000815,2724.0288,6,2153.9,576.38300000000004,2724.0288,2377.4895975500713,2021.3414081929327,2381.7719053603009,1,29,41,93,70
39,30,30,LinearHeuristicAuction,0.2,0.01,,True,,1000,10800,cats_reg_g30b150,,False,CATS,150,regions,MultiMinded,24,Balance,2.3500000000058208,1968.0602,1,1918.66,764.726,1918.66,2060.5129194543606,1907.5677194543605,1990.623563104929,1,30,43,62,60
40,30,33,LinearHeuristicAuction,0.2,0.01,,True,,1000,10800,cats_reg_g30b150,,False,CATS,150,regions,MultiMinded,58,Balance,6.399999999994179,1942.0583000000001,3,1674.34,688.69799999999998,1942.0583000000001,1902.8161178507053,1585.8918751681854,1626.0276633332212,1,30,3,70,63
41,30,35,LinearHeuristicAuction,0.2,0.01,,True,,1000,10800,cats_reg_g30b150,,False,CATS,150,regions,MultiMinded,136,Balance,15.60000000000582,1877.7214099999999,7,1423.29,646.35299999999995,1831.2470099999998,1820.2710370952409,1244.513508063674,1327.6534496682259,1,29,70,82,65
42,30,32,LinearHeuristicAuction,0.2,0.01,,True,,1000,10800,cats_reg_g30b150,,False,CATS,150,regions,MultiMinded,71,Balance,8.10999999998603,2111.841,5,1703.5,646.17399999999998,2002.9270000000001,2182.8821703279664,1536.7081703279662,1594.0699814844818,1,30,74,79,62
43,30,40,LinearHeuristicAuction,0.2,0.01,,True,,1000,10800,cats_reg_g30b150,,False,CATS,150,regions,MultiMinded,512,Balance,60.029999999998836,2446.7208,6,1927.69,685.90899999999999,2446.7208,2152.1720357464615,1746.8334566117646,2041.5517245675924,1,30,4,89,70
44,30,35,LinearHeuristicAuction,0.2,0.01,,True,,1000,10800,cats_reg_g30b150,,False,CATS,150,regions,MultiMinded,620,Balance,73.36999999999534,1711.1515999999997,8,1299.51,651.40899999999999,1579.7284999999997,1533.5816372684258,839.03892467130504,976.86404460453502,1,30,97,82,65
45,30,38,LinearHeuristicAuction,0.2,0.01,,True,,1000,10800,cats_reg_g30b150,,False,CATS,150,regions,MultiMinded,1000,MaxIter,118.92999999999302,2034.5094,3,1828.07,742.07299999999998,1865.0793999999999,2050.8134668426087,0.0,8.0376145324057795,1,30,42,91,68
46,30,31,LinearHeuristicAuction,0.2,0.01,,True,,1000,10800,cats_reg_g30b150,,False,CATS,150,regions,MultiMinded,44,Balance,4.720000000001164,2564.0325000000003,4,2373.4,807.26099999999997,2564.0325000000003,2470.8280066081534,2103.019394993963,2197.5371737169335,1,30,6,69,61
47,30,37,LinearHeuristicAuction,0.2,0.01,,True,,1000,10800,cats_reg_g30b150,,False,CATS,150,regions,MultiMinded,18,Balance,1.8999999999941792,2233.1322,5,1669.44,664.97900000000004,1942.1229,1905.0838912228423,1579.8657355429209,2020.1045321442737,1,29,57,70,67
48,30,35,LinearHeuristicAuction,0.2,0.01,,True,,1000,10800,cats_reg_g30b150,,False,CATS,150,regions,MultiMinded,738,Balance,85.5800000000163,2069.4358,7,1826.01,556.24350000000004,2050.2718,1926.5260315742921,1331.2184673743527,1500.9218097717519,1,30,34,88,65
49,30,30,LinearHeuristicAuction,0.2,0.01,,True,,1000,10800,cats_reg_g30b150,,False,CATS,150,regions,MultiMinded,40,Balance,4.409999999974389,1979.7895999999998,6,1594.07,673.82600000000002,1979.7895999999998,1909.0176686613447,1417.9189559035665,1555.9980477253227,1,30,52,67,60
50,30,33,LinearHeuristicAuction,0.2,0.01,,True,,1000,10800,cats_reg_g30b150,,False,CATS,150,regions,MultiMinded,428,Balance,48.16000000000349,2110.6722999999997,6,1335.35,460.47550000000001,2084.2086,1939.1556130869681,1611.0589982645167,1842.0192814229138,1,30,46,87,63
51,30,37,LinearHeuristicAuction,0.2,0.01,,True,,1000,10800,cats_reg_g30b150,,False,CATS,150,regions,MultiMinded,48,Balance,5.570000000006985,2245.4244000000003,6,1882.26,597.73699999999997,2245.4244000000003,2167.0636912990017,1662.4887035776796,1770.0485727253713,1,28,27,85,67
52,30,32,LinearHeuristicAuction,0.2,0.01,,True,,1000,10800,cats_reg_g30b150,,False,CATS,150,regions,MultiMinded,366,Balance,37.670000000012806,1756.6213,5,1409.87,556.45500000000004,1694.7150000000001,1646.6913791394682,1188.0933670609652,1322.664364072295,1,29,54,78,62
53,30,34,LinearHeuristicAuction,0.2,0.01,,True,,1000,10800,cats_reg_g30b150,,False,CATS,150,regions,MultiMinded,26,Balance,2.8000000000174623,2325.6629000000003,8,1796.97,570.23000000000002,2279.8698999999997,2192.3717266408507,1465.1258516490498,1825.5875565237163,1,30,19,71,64
54,30,37,LinearHeuristicAuction,0.2,0.01,,True,,1000,10800,cats_reg_g30b150,,False,CATS,150,regions,MultiMinded,345,Balance,42.10000000000582,2355.424,6,2152.9,670.553,2355.424,2229.476518329006,1804.6686209042946,1931.7910243497145,1,29,11,90,67
55,30,33,LinearHeuristicAuction,0.2,0.01,,True,,1000,10800,cats_reg_g30b150,,False,CATS,150,regions,MultiMinded,1000,MaxIter,110.5800000000163,2078.1524999999997,8,1352.37,548.28150000000005,1425.5235,2044.6095847598087,249.84069397310068,311.58048111108519,1,30,36,85,63
56,30,39,LinearHeuristicAuction,0.2,0.01,,True,,1000,10800,cats_reg_g30b150,,False,CATS,150,regions,MultiMinded,261,Balance,31.20000000001164,1893.3772000000004,9,1498.24,591.42200000000003,1819.2022000000002,1683.1266175448543,934.25246398709396,1152.1869794263389,1,29,46,85,69
57,30,36,LinearHeuristicAuction,0.2,0.01,,True,,1000,10800,cats_reg_g30b150,,False,CATS,150,regions,MultiMinded,698,Balance,83.44000000000233,1899.5301999999997,5,1604.44,621.16750000000002,1806.0958999999998,1874.9949402890099,1399.073118499766,1421.8206207452695,1,30,45,91,66
58,30,36,LinearHeuristicAuction,0.2,0.01,,True,,1000,10800,cats_reg_g30b150,,False,CATS,150,regions,MultiMinded,583,Balance,70.20000000001164,2429.6093,4,2057.42,832.86300000000006,2287.9113,2262.2135540341933,1992.174855515661,2197.1170074074826,1,29,101,83,66
59,30,39,LinearHeuristicAuction,0.2,0.01,,True,,1000,10800,cats_reg_g30b150,,False,CATS,150,regions,MultiMinded,202,Balance,24.769999999989523,2064.9126,3,1772.9,622.28800000000001,2039.5116,2045.427885206848,1772.7175208161589,1900.3735543365674,1,30,69,83,69
60,30,35,LinearHeuristicAuction,0.2,0.01,,True,,1000,10800,cats_reg_g30b150,,False,CATS,150,regions,MultiMinded,20,Balance,2.0799999999871943,1956.0875,3,1842.74,450.80399999999997,1936.1575,1869.5695343025868,1771.7130286487268,1927.3642819153024,1,28,48,76,65
61,30,37,LinearHeuristicAuction,0.2,0.01,,True,,1000,10800,cats_reg_g30b150,,False,CATS,150,regions,MultiMinded,1000,MaxIter,112.61999999999534,1951.6029999999998,5,1560.47,530.9905,1414.2948999999999,1811.4673558541815,0.0,190.06412018769788,1,30,28,89,67
62,30,34,LinearHeuristicAuction,0.2,0.01,,True,,1000,10800,cats_reg_g30b150,,False,CATS,150,regions,MultiMinded,148,Balance,16.589999999996508,1978.0167,4,1737.89,582.94900000000007,1941.8931400000001,1874.9765500107628,1735.3202888853239,1961.4442199061632,1,30,63,80,64
63,30,30,LinearHeuristicAuction,0.2,0.01,,True,,1000,10800,cats_reg_g30b150,,False,CATS,150,regions,MultiMinded,104,Balance,11.159999999974389,2547.4234,5,1821.34,869.476,2547.4234,2333.1175889538754,1885.2676127022587,2142.9660942592136,1,30,60,69,60
64,30,34,LinearHeuristicAuction,0.2,0.01,,True,,1000,10800,cats_reg_g30b150,,False,CATS,150,regions,MultiMinded,127,Balance,14.050000000017462,2427.9729,8,1844.14,792.92899999999997,2427.9729,2174.5402092184008,1431.8996912551615,1703.2490100875286,1,30,46,76,64
65,30,36,LinearHeuristicAuction,0.2,0.01,,True,,1000,10800,cats_reg_g30b150,,False,CATS,150,regions,MultiMinded,1000,MaxIter,117.02999999999884,2209.3287,5,1779.98,732.52250000000004,1623.2435,2070.4966295871654,0.0,205.33647296697458,1,29,29,84,66
66,30,30,LinearHeuristicAuction,0.2,0.01,,True,,1000,10800,cats_reg_g30b150,,False,CATS,150,regions,MultiMinded,11,Balance,1.1499999999941792,2387.3904,2,2290.03,553.03500000000008,2387.3904,2296.3730046561941,2176.325106668859,2386.3933390869179,1,29,7,70,60
67,30,41,LinearHeuristicAuction,0.2,0.01,,True,,1000,10800,cats_reg_g30b150,,False,CATS,150,regions,MultiMinded,9,Balance,0.9900000000197906,2130.5865999999996,8,1569.3,447.20299999999997,2086.2838,2017.3324004962187,1608.8180412084703,2107.1192743661009,1,29,51,93,71
68,30,34,LinearHeuristicAuction,0.2,0.01,,True,,1000,10800,cats_reg_g30b150,,False,CATS,150,regions,MultiMinded,4,Balance,0.41000000000349246,1871.0335999999998,7,1491.62,623.48450000000003,1857.0625,1919.63178671694,1356.9303114394579,1587.8605764744175,1,30,53,76,64
69,30,34,LinearHeuristicAuction,0.2,0.01,,True,,1000,10800,cats_reg_g30b150,,False,CATS,150,regions,MultiMinded,21,Balance,2.3000000000174623,2248.1536,4,1918.69,909.28949999999998,2114.8795,2151.1559625911864,1905.6477975911862,2067.5870203384643,1,29,46,68,64
70,30,32,LinearHeuristicAuction,0.2,0.01,,True,,1000,10800,cats_reg_g30b150,,False,CATS,150,regions,MultiMinded,231,Balance,26.279999999998836,2074.3614,8,1794.89,671.03600000000006,2062.3628,1910.7363141351336,1167.9146794841456,1322.4700272100415,1,30,27,70,62
71,30,30,LinearHeuristicAuction,0.2,0.01,,True,,1000,10800,cats_reg_g30b150,,False,CATS,150,regions,MultiMinded,1000,MaxIter,109.14999999999418,2107.4125,2,1919.92,672.68100000000004,1414.6795,2130.8499590912747,0.0,69.114411654923131,1,29,87,73,60
72,30,35,LinearHeuristicAuction,0.2,0.01,,True,,1000,10800,cats_reg_g30b150,,False,CATS,150,regions,MultiMinded,139,Balance,15.75,1946.4843000000003,8,1216.53,554.09649999999999,1946.4843000000003,1743.5931393994056,1248.2337640604478,1488.648723278764,1,30,23,82,65
73,30,35,LinearHeuristicAuction,0.2,0.01,,True,,1000,10800,cats_reg_g30b150,,False,CATS,150,regions,MultiMinded,1000,MaxIter,110.21000000002095,1852.6272999999999,4,1445.38,663.03899999999999,1680.3342,1667.6879749857969,0.0,292.52218957063803,1,30,87,82,65
74,30,31,LinearHeuristicAuction,0.2,0.01,,True,,1000,10800,cats_reg_g30b150,,False,CATS,150,regions,MultiMinded,936,Balance,107.36999999999534,2020.0417,2,1744.34,781.83899999999994,1853.2069999999999,1922.0902883921781,1742.2673183921781,1866.2102609751705,1,30,74,74,61
75,30,39,LinearHeuristicAuction,0.2,0.01,,True,,1000,10800,cats_reg_g30b150,,False,CATS,150,regions,MultiMinded,1000,MaxIter,116.79999999998836,2549.9302,4,1890.83,637.39099999999996,1436.0946,2425.2553657182038,0.0,226.00894543310426,1,30,72,93,69
76,30,36,LinearHeuristicAuction,0.2,0.01,,True,,1000,10800,cats_reg_g30b150,,False,CATS,150,regions,MultiMinded,1000,MaxIter,113.0799999999872,1970.4382,2,1633.82,405.01099999999997,1741.397,2035.52901919893,0.0,46.452411994182654,1,30,57,83,66
77,30,34,LinearHeuristicAuction,0.2,0.01,,True,,1000,10800,cats_reg_g30b150,,False,CATS,150,regions,MultiMinded,27,Balance,3.179999999993015,1646.3148,2,1576.38,831.28949999999998,1646.3148,1771.3034711693169,1572.1208525148713,1621.9689064528575,1,30,33,72,64
78,30,34,LinearHeuristicAuction,0.2,0.01,,True,,1000,10800,cats_reg_g30b150,,False,CATS,150,regions,MultiMinded,348,Balance,37.070000000006985,2412.1546,7,1881.66,768.41550000000007,2346.1201,2294.358145314608,1506.5281954698382,1654.9587589152566,1,29,72,77,64
79,30,29,LinearHeuristicAuction,0.2,0.01,,True,,1000,10800,cats_reg_g30b150,,False,CATS,150,regions,MultiMinded,134,Balance,14.619999999995343,2267.359,4,2060.3,919.01300000000003,2256.911,2191.6275163552291,1721.318086231855,1891.7546149298723,1,29,71,69,59
80,30,37,LinearHeuristicAuction,0.2,0.01,,True,,1000,10800,cats_reg_g30b150,,False,CATS,150,regions,MultiMinded,1000,MaxIter,114.48000000001048,2112.5864,8,1592.54,576.49599999999998,1943.511,1972.6105517112157,889.16353393771749,1050.8576327021151,1,30,24,84,67
81,30,33,LinearHeuristicAuction,0.2,0.01,,True,,1000,10800,cats_reg_g30b150,,False,CATS,150,regions,MultiMinded,116,Balance,13.190000000002328,1652.215,6,1316.69,725.81600000000003,1497.1115999999997,1697.1947709328629,1018.0831744949569,1024.6956385254771,1,30,30,71,63
82,30,35,LinearHeuristicAuction,0.2,0.01,,True,,1000,10800,cats_reg_g30b150,,False,CATS,150,regions,MultiMinded,182,Balance,20.19000000000233,2109.0315,8,1900.31,619.13249999999994,2041.9078000000002,2208.4414698905234,1457.5498985315492,1552.2580162617037,1,30,57,81,65
83,30,32,LinearHeuristicAuction,0.2,0.01,,True,,1000,10800,cats_reg_g30b150,,False,CATS,150,regions,MultiMinded,84,Balance,9.430000000022119,2576.43019,7,2027.96,1059.6700000000001,2576.43019,2524.1823659653428,1569.4825870971547,1645.0015475047164,1,30,21,74,62
84,30,34,LinearHeuristicAuction,0.2,0.01,,True,,1000,10800,cats_reg_g30b150,,False,CATS,150,regions,MultiMinded,14,Balance,1.4799999999813735,1983.6759000000002,7,1485.27,650.14099999999996,1907.8858,1882.5089504693017,1312.1099765158606,1597.9441692439091,1,30,29,75,64
85,30,33,LinearHeuristicAuction,0.2,0.01,,True,,1000,10800,cats_reg_g30b150,,False,CATS,150,regions,MultiMinded,33,Balance,3.6199999999953434,1650.3177,5,1136.81,534.83399999999995,1650.3177,1600.3648637743513,1232.4324153159494,1313.1786007212879,1,30,22,73,63
86,30,37,LinearHeuristicAuction,0.2,0.01,,True,,1000,10800,cats_reg_g30b150,,False,CATS,150,regions,MultiMinded,42,Balance,4.25,2073.2363,6,1605.13,504.47649999999999,2069.3503,1908.7272494895406,1479.3101918665629,1659.7669196118359,1,30,26,80,67
87,30,34,LinearHeuristicAuction,0.2,0.01,,True,,1000,10800,cats_reg_g30b150,,False,CATS,150,regions,MultiMinded,1000,MaxIter,110.94000000000233,2161.5317,8,1611.82,461.19499999999999,1999.7446,2064.5941982080872,639.14267111768049,819.93425121534733,1,29,42,84,64
88,30,35,LinearHeuristicAuction,0.2,0.01,,True,,1000,10800,cats_reg_g30b150,,False,CATS,150,regions,MultiMinded,381,Balance,44.14999999999418,1960.6723,6,1579.4,529.16499999999996,1896.3611,1898.9777606004404,1448.0147385906664,1553.724969978133,1,30,35,84,65
89,30,40,LinearHeuristicAuction,0.2,0.01,,True,,1000,10800,cats_reg_g30b150,,False,CATS,150,regions,MultiMinded,56,Balance,6.720000000001164,2103.4608,12,1324.86,455.78500000000003,2103.4608,1687.0212988086369,979.09204948706963,1408.9289362192726,1,29,11,88,70
90,30,36,LinearHeuristicAuction,0.2,0.01,,True,,1000,10800,cats_reg_g30b150,,False,CATS,150,regions,MultiMinded,1000,MaxIter,113.35999999998603,2252.2093,4,1749.09,686.99800000000005,2045.0853000000002,2113.2227819337481,320.77520594602515,486.82726006552866,1,29,22,83,66
91,30,37,LinearHeuristicAuction,0.2,0.01,,True,,1000,10800,cats_reg_g30b150,,False,CATS,150,regions,MultiMinded,1000,MaxIter,107.27999999999884,2533.4677,9,1557.05,605.50300000000004,1911.6908,2098.8084078880447,301.8884490694021,741.31615766136042,1,29,40,85,67
92,30,37,LinearHeuristicAuction,0.2,0.01,,True,,1000,10800,cats_reg_g30b150,,False,CATS,150,regions,MultiMinded,1000,MaxIter,111.91000000000349,2087.0795,5,1557.29,467.12700000000001,1696.0839,1949.8565557497104,46.909868263690484,205.13297414167511,1,30,87,89,67
93,30,34,LinearHeuristicAuction,0.2,0.01,,True,,1000,10800,cats_reg_g30b150,,False,CATS,150,regions,MultiMinded,31,Balance,3.0899999999965075,2220.4165999999996,8,1477.09,531.97949999999992,2187.6236,2057.3117756043621,1422.0587411139227,1599.3075431339987,1,30,27,79,64
94,30,33,LinearHeuristicAuction,0.2,0.01,,True,,1000,10800,cats_reg_g30b150,,False,CATS,150,regions,MultiMinded,449,Balance,51.34000000002561,2089.1439,4,1850.23,583.02999999999997,2035.0619,1990.5421072014001,1754.7227177755565,1916.0838653157523,1,29,46,85,63
95,30,36,LinearHeuristicAuction,0.2,0.01,,True,,1000,10800,cats_reg_g30b150,,False,CATS,150,regions,MultiMinded,1000,MaxIter,111.94000000000233,2218.1557,2,1747.55,732.99250000000006,1803.3075999999999,2114.3273143615584,0.0,133.00924774918474,1,30,69,84,66
96,30,33,LinearHeuristicAuction,0.2,0.01,,True,,1000,10800,cats_reg_g30b150,,False,CATS,150,regions,MultiMinded,540,Balance,60.970000000001164,1873.9284000000002,4,1690.89,555.43200000000002,1873.9284000000002,1918.5581442728483,1690.6594791654027,1762.3920176032409,1,30,75,78,63
97,30,37,LinearHeuristicAuction,0.2,0.01,,True,,1000,10800,cats_reg_g30b150,,False,CATS,150,regions,MultiMinded,34,Balance,3.8099999999976717,1853.4531000000002,7,1334.16,635.36699999999996,1790.2279,1737.2674204818641,1111.8699408258115,1259.3729882174177,1,28,37,78,67
98,30,36,LinearHeuristicAuction,0.2,0.01,,True,,1000,10800,cats_reg_g30b150,,False,CATS,150,regions,MultiMinded,250,Balance,28.560000000026776,2779.0163,8,2131.76,620.35799999999995,2779.0163,2707.2159510988408,1834.1121507748569,1916.5494194167163,1,30,35,83,66
99,30,37,LinearHeuristicAuction,0.2,0.01,,True,,1000,10800,cats_reg_g30b150,,False,CATS,150,regions,MultiMinded,1000,MaxIter,118.28999999997905,2286.8288000000002,2,1573.72,543.00099999999998,1223.2448,2280.3151640270121,0.0,97.205416359090762,1,29,49,96,67
100,30,32,LinearHeuristicAuction,0.2,0.01,,True,,1000,10800,cats_reg_g30b150,,False,CATS,150,regions,MultiMinded,1000,MaxIter,112.63000000000466,1906.0085,3,1496.95,591.39400000000001,1479.8069999999998,1793.0269209222381,0.0,128.7524931415619,1,30,106,81,62
