idx,items,agents,auction_class,epsilon,stepc,epoch,scalebyvalue,reserve_type,maxiter,maxtime,generator_param_name,personalized,int_prices,generator,bids,distribution,type,rounds,status,runtime,efficient_value,final_num_winners,final_max_agent_value,final_scalevalue,final_value,final_total_price,final_revenue,final_indirect_util,final_price_degree,final_price_sparsity,final_imbalance,final_wd_nvars,final_wd_ncons
1,10,17,LinearSubgradientAuction,0.1,0.01,,True,,1000,10800,cats_reg_g10b50,,False,CATS,50,regions,MultiMinded,56,Balance,12.119999999995343,681.0817,4,513.163,288.52699999999999,681.0817,671.92311448088321,556.51231448088322,584.4223392697495,1,10,2,357,537
2,10,19,LinearSubgradientAuction,0.1,0.01,,True,,1000,10800,cats_reg_g10b50,,False,CATS,50,regions,MultiMinded,1000,MaxIter,241.33000000000175,734.1289999999999,3,640.313,226.71899999999999,504.306,668.73184610671115,393.45019814317413,491.20978745196118,1,10,6,399,599
3,10,17,LinearSubgradientAuction,0.1,0.01,,True,,1000,10800,cats_reg_g10b50,,False,CATS,50,regions,MultiMinded,1000,MaxIter,215.86000000000058,804.4359999999999,5,797.452,310.25200000000001,759.91341,828.28865214941754,663.15999269168037,663.76458262199321,1,10,1,357,537
4,10,14,LinearSubgradientAuction,0.1,0.01,,True,,1000,10800,cats_reg_g10b50,,False,CATS,50,regions,MultiMinded,53,Balance,9.580000000001746,574.909,2,568.922,272.93700000000001,574.909,568.54425647230107,513.95685647230107,538.87230255197164,1,10,11,294,444
5,10,21,LinearSubgradientAuction,0.1,0.01,,True,,1000,10800,cats_reg_g10b50,,False,CATS,50,regions,MultiMinded,44,Balance,11.639999999999418,650.6363,3,619.701,342.60149999999999,650.6363,682.31409185154268,584.93877477657668,586.79587482156876,1,10,8,441,661
6,10,17,LinearSubgradientAuction,0.1,0.01,,True,,1000,10800,cats_reg_g10b50,,False,CATS,50,regions,MultiMinded,1000,MaxIter,219.93000000000757,834.2848,1,784.19,470.66899999999998,395.259,886.63106685633909,0,2.1246662873217907,1,10,10,357,537
7,10,21,LinearSubgradientAuction,0.1,0.01,,True,,1000,10800,cats_reg_g10b50,,False,CATS,50,regions,MultiMinded,1000,MaxIter,264.6399999999994,854.667,5,696.341,343.76999999999998,609.034,872.38248552644075,506.59404812678935,506.59405086801991,1,10,12,441,661
8,10,18,LinearSubgradientAuction,0.1,0.01,,True,,1000,10800,cats_reg_g10b50,,False,CATS,50,regions,MultiMinded,217,Balance,49.30000000000291,663.572,4,592.441,275.35000000000002,663.572,649.42304602426145,539.40685018039642,580.96699999999998,1,10,1,378,568
9,10,18,LinearSubgradientAuction,0.1,0.01,,True,,1000,10800,cats_reg_g10b50,,False,CATS,50,regions,MultiMinded,106,Balance,24.19999999999709,724.6032999999999,4,611.583,280.12,724.6032999999999,633.86933543572172,529.01839859312645,620.06851708279328,1,10,6,378,568
10,10,23,LinearSubgradientAuction,0.1,0.01,,True,,1000,10800,cats_reg_g10b50,,False,CATS,50,regions,MultiMinded,56,Balance,16.179999999993015,946.3547,4,784.828,433.57950000000005,946.3547,876.32986058250299,735.43285568474755,805.67918050847356,1,10,2,483,723
11,10,16,LinearSubgradientAuction,0.1,0.01,,True,,1000,10800,cats_reg_g10b50,,False,CATS,50,regions,MultiMinded,175,Balance,35.94999999999709,724.662,1,724.662,403.49950000000001,724.662,724.34750589290604,683.99755589290601,685.35294238099584,1,10,13,336,506
12,10,16,LinearSubgradientAuction,0.1,0.01,,True,,1000,10800,cats_reg_g10b50,,False,CATS,50,regions,MultiMinded,105,Balance,21.370000000009895,522.114,1,522.114,283.13549999999998,522.114,521.35381281028958,493.04026281028956,493.86376837491889,1,10,1,336,506
13,10,17,LinearSubgradientAuction,0.1,0.01,,True,,1000,10800,cats_reg_g10b50,,False,CATS,50,regions,MultiMinded,503,Balance,108.9600000000064,778.1078,2,718.401,353.04300000000001,778.1078,776.52002409563045,705.91142409563042,707.59272899141956,1,10,1,357,537
14,10,17,LinearSubgradientAuction,0.1,0.01,,True,,1000,10800,cats_reg_g10b50,,False,CATS,50,regions,MultiMinded,192,Balance,41.620000000009895,588.9796,2,575.883,307.69200000000001,588.9796,587.65544785691498,544.91810690911871,548.4121661903356,1,10,13,357,537
15,10,17,LinearSubgradientAuction,0.1,0.01,,True,,1000,10800,cats_reg_g10b50,,False,CATS,50,regions,MultiMinded,128,Balance,27.819999999992433,634.994,3,600.13,422.91899999999998,634.994,675.93510233575842,549.09785722250126,550.41020000000003,1,10,1,357,537
16,10,26,LinearSubgradientAuction,0.1,0.01,,True,,1000,10800,cats_reg_g10b50,,False,CATS,50,regions,MultiMinded,19,Balance,6.0499999999883585,519.6692,2,485.933,278.584,519.6692,525.27427534096159,469.55747534096156,490.75334263036012,1,10,9,546,816
17,10,16,LinearSubgradientAuction,0.1,0.01,,True,,1000,10800,cats_reg_g10b50,,False,CATS,50,regions,MultiMinded,380,Balance,78.09999999999127,910.0260000000001,3,815.656,322.738,910.0260000000001,909.6580862766632,812.83668627666327,813.20460000000003,1,10,0,336,506
18,10,18,LinearSubgradientAuction,0.1,0.01,,True,,1000,10800,cats_reg_g10b50,,False,CATS,50,regions,MultiMinded,1000,MaxIter,229.9200000000128,982.461,1,932.103,367.83500000000004,413.591,1025.7353070934303,0,1.6142099845714029,1,10,10,378,568
19,10,19,LinearSubgradientAuction,0.1,0.01,,True,,1000,10800,cats_reg_g10b50,,False,CATS,50,regions,MultiMinded,1000,MaxIter,241.72000000000116,903.4849999999999,4,826.774,559.33850000000007,421.5226,950.62906706746958,310.35169135990139,310.35169135990139,1,10,9,399,599
20,10,21,LinearSubgradientAuction,0.1,0.01,,True,,1000,10800,cats_reg_g10b50,,False,CATS,50,regions,MultiMinded,1000,MaxIter,265.5899999999965,780.3014999999999,3,637.779,268.37200000000001,417.32140000000004,691.10255423673254,48.034335091811592,153.65876112783931,1,10,8,441,661
21,10,17,LinearSubgradientAuction,0.1,0.01,,True,,1000,10800,cats_reg_g10b50,,False,CATS,50,regions,MultiMinded,27,Balance,5.759999999994761,869.309,3,770.684,361.69299999999998,869.309,792.34118922505093,683.83328922505086,782.88340943880166,1,10,2,357,537
22,10,16,LinearSubgradientAuction,0.1,0.01,,True,,1000,10800,cats_reg_g10b50,,False,CATS,50,regions,MultiMinded,1000,MaxIter,206.86000000000058,827.155,4,792.758,416.87799999999999,698.707,884.9414311063797,537.05736140647093,573.91961594467716,1,10,4,336,506
23,10,21,LinearSubgradientAuction,0.1,0.01,,True,,1000,10800,cats_reg_g10b50,,False,CATS,50,regions,MultiMinded,1000,MaxIter,262.83000000000175,926.9879999999999,5,813.726,269.07900000000001,635.043,906.75025956861214,506.57024191847921,561.24716160994137,1,10,9,441,661
24,10,23,LinearSubgradientAuction,0.1,0.01,,True,,1000,10800,cats_reg_g10b50,,False,CATS,50,regions,MultiMinded,1000,MaxIter,288.90000000000873,822.2049999999999,2,635.81,377.13200000000001,782.967,837.76958839897304,98.925933516587008,109.93106924371057,1,10,9,483,723
25,10,22,LinearSubgradientAuction,0.1,0.01,,True,,1000,10800,cats_reg_g10b50,,False,CATS,50,regions,MultiMinded,1000,MaxIter,273.7399999999907,534.8185,4,446.519,197.68200000000002,342.6097,527.93838401788514,239.3313237429231,283.50683583964855,1,10,5,462,692
26,10,17,LinearSubgradientAuction,0.1,0.01,,True,,1000,10800,cats_reg_g10b50,,False,CATS,50,regions,MultiMinded,18,Balance,3.75,716.487,2,716.487,299.23599999999999,716.487,744.951818989098,685.78279225658275,686.5634,1,10,1,357,537
27,10,17,LinearSubgradientAuction,0.1,0.01,,True,,1000,10800,cats_reg_g10b50,,False,CATS,50,regions,MultiMinded,660,Balance,141.86000000000058,811.1127,4,667.768,330.15700000000004,785.087,817.12886077945382,685.58558450949852,686.72389983065398,1,10,9,357,537
28,10,18,LinearSubgradientAuction,0.1,0.01,,True,,1000,10800,cats_reg_g10b50,,False,CATS,50,regions,MultiMinded,149,Balance,34.220000000001164,818.682,4,802.322,385.84800000000001,818.682,823.51208915501354,680.81260196499886,703.03940802923148,1,10,6,378,568
29,10,20,LinearSubgradientAuction,0.1,0.01,,True,,1000,10800,cats_reg_g10b50,,False,CATS,50,regions,MultiMinded,203,Balance,51.51999999998952,767.6940999999999,3,746.709,446.00549999999998,767.6940999999999,748.66791890223021,614.86626890223022,633.89245000000005,1,10,0,420,630
30,10,18,LinearSubgradientAuction,0.1,0.01,,True,,1000,10800,cats_reg_g10b50,,False,CATS,50,regions,MultiMinded,1000,MaxIter,230.7899999999936,794.5821000000001,5,739.446,385.6635,445.22310000000004,854.85001294558697,329.86016876279206,329.86016876279206,1,10,9,378,568
31,10,21,LinearSubgradientAuction,0.1,0.01,,True,,1000,10800,cats_reg_g10b50,,False,CATS,50,regions,MultiMinded,1000,MaxIter,266.0500000000029,818.388,1,733.06,325.495,328.69,830.64860426115581,0,0.38395152936803356,1,10,10,441,661
32,10,20,LinearSubgradientAuction,0.1,0.01,,True,,1000,10800,cats_reg_g10b50,,False,CATS,50,regions,MultiMinded,319,Balance,80.77999999999884,637.3713,4,533.498,304.15100000000001,637.3713,645.1645204578308,523.50412045783082,528.81309235134859,1,10,2,420,630
33,10,16,LinearSubgradientAuction,0.1,0.01,,True,,1000,10800,cats_reg_g10b50,,False,CATS,50,regions,MultiMinded,70,Balance,14.210000000006403,560.5032,3,498.34,219.72300000000001,560.5032,517.68780659474464,463.83957005623239,528.37683460681637,1,10,2,336,506
34,10,20,LinearSubgradientAuction,0.1,0.01,,True,,1000,10800,cats_reg_g10b50,,False,CATS,50,regions,MultiMinded,240,Balance,60.720000000001164,726.3012,5,568.454,249.64099999999999,726.3012,604.69993069733766,484.00446349771482,629.67503660615148,1,10,5,420,630
35,10,27,LinearSubgradientAuction,0.1,0.01,,True,,1000,10800,cats_reg_g10b50,,False,CATS,50,regions,MultiMinded,158,Balance,53.330000000001746,858.175,2,722.988,380.87900000000002,858.175,815.39909817394232,739.22329817394234,781.99920000000009,1,10,0,567,847
36,10,17,LinearSubgradientAuction,0.1,0.01,,True,,1000,10800,cats_reg_g10b50,,False,CATS,50,regions,MultiMinded,1000,MaxIter,216.70000000001164,716.498,2,716.498,379.51999999999998,215.555,719.38922328575313,177.48042962554499,178.67423434800295,1,10,7,357,537
37,10,20,LinearSubgradientAuction,0.1,0.01,,True,,1000,10800,cats_reg_g10b50,,False,CATS,50,regions,MultiMinded,22,Balance,5.470000000001164,824.835,3,630.222,329.92600000000004,824.835,693.52570531659615,594.54790531659614,775.50472591364417,1,10,6,420,630
38,10,18,LinearSubgradientAuction,0.1,0.01,,True,,1000,10800,cats_reg_g10b50,,False,CATS,50,regions,MultiMinded,1000,MaxIter,231.68000000000757,825.56,3,825.56,471.01400000000001,640.047,828.07239886541208,546.7895086239555,547.27373720921696,1,10,13,378,568
39,10,25,LinearSubgradientAuction,0.1,0.01,,True,,1000,10800,cats_reg_g10b50,,False,CATS,50,regions,MultiMinded,213,Balance,66.82000000000698,948.5501,5,753.385,196.10050000000001,948.5501,783.05107212838448,685.00082212838447,850.49984999999992,1,10,0,525,785
40,10,22,LinearSubgradientAuction,0.1,0.01,,True,,1000,10800,cats_reg_g10b50,,False,CATS,50,regions,MultiMinded,1000,MaxIter,276.29999999998836,694.64,2,671.57,320.48500000000001,221.0301,672.9974670866909,27.760759982047212,96.858499999999992,1,10,9,462,692
41,10,18,LinearSubgradientAuction,0.1,0.01,,True,,1000,10800,cats_reg_g10b50,,False,CATS,50,regions,MultiMinded,18,Balance,4.010000000009313,919.5834,3,833.068,428.51799999999997,919.5834,864.58613832031313,736.03073832031316,836.29875102250128,1,10,2,378,568
42,10,21,LinearSubgradientAuction,0.1,0.01,,True,,1000,10800,cats_reg_g10b50,,False,CATS,50,regions,MultiMinded,42,Balance,10.970000000001164,722.396,2,722.396,339.44,722.396,740.05009288594545,678.15835371619789,693.28847228710117,1,10,2,441,661
43,10,20,LinearSubgradientAuction,0.1,0.01,,True,,1000,10800,cats_reg_g10b50,,False,CATS,50,regions,MultiMinded,99,Balance,24.639999999999418,820.8240000000001,3,681.374,265.63999999999999,820.8240000000001,808.90538218436291,729.27723342922025,767.69600000000014,1,10,1,420,630
44,10,19,LinearSubgradientAuction,0.1,0.01,,True,,1000,10800,cats_reg_g10b50,,False,CATS,50,regions,MultiMinded,1000,MaxIter,240.63000000000466,607.363,4,484.926,277.04599999999999,559.9440000000001,608.88139660214642,428.29201164242352,477.12349380495721,1,10,6,399,599
45,10,20,LinearSubgradientAuction,0.1,0.01,,True,,1000,10800,cats_reg_g10b50,,False,CATS,50,regions,MultiMinded,126,Balance,31.539999999993597,687.7891,5,510.577,285.93000000000001,687.7891,660.9030768731875,534.96706624321314,590.02337123759582,1,10,4,420,630
46,10,19,LinearSubgradientAuction,0.1,0.01,,True,,1000,10800,cats_reg_g10b50,,False,CATS,50,regions,MultiMinded,135,Balance,32.520000000004075,810.368,2,810.368,345.00850000000003,810.368,783.00768340592629,714.45264905447084,775.86715000000004,1,10,2,399,599
47,10,18,LinearSubgradientAuction,0.1,0.01,,True,,1000,10800,cats_reg_g10b50,,False,CATS,50,regions,MultiMinded,245,Balance,56.220000000001164,759.477,2,738.963,363.25599999999997,759.477,746.16884719955442,673.5176471995544,723.10500842966167,1,10,1,378,568
48,10,29,LinearSubgradientAuction,0.1,0.01,,True,,1000,10800,cats_reg_g10b50,,False,CATS,50,regions,MultiMinded,16,Balance,5.610000000000582,726.774,3,661.833,328.96899999999999,726.774,713.77009824128208,615.07939824128221,628.08330000000001,1,10,0,609,909
49,10,23,LinearSubgradientAuction,0.1,0.01,,True,,1000,10800,cats_reg_g10b50,,False,CATS,50,regions,MultiMinded,1000,MaxIter,286.56999999999243,587.5914,4,462.576,216.20049999999998,493.47429999999997,558.95023596334784,280.81616264646874,314.16483374935785,1,10,4,483,723
50,10,17,LinearSubgradientAuction,0.1,0.01,,True,,1000,10800,cats_reg_g10b50,,False,CATS,50,regions,MultiMinded,80,Balance,17.260000000009313,945.836,4,681.012,323.851,945.836,874.33817862408841,744.79777862408832,816.29559999999992,1,10,0,357,537
51,10,25,LinearSubgradientAuction,0.1,0.01,,True,,1000,10800,cats_reg_g10b50,,False,CATS,50,regions,MultiMinded,48,Balance,14.690000000002328,831.2631000000001,4,644.905,285.66050000000001,831.2631000000001,762.33201209720573,648.3266410354405,745.56495000000007,1,10,1,525,785
52,10,19,LinearSubgradientAuction,0.1,0.01,,True,,1000,10800,cats_reg_g10b50,,False,CATS,50,regions,MultiMinded,11,Balance,2.5200000000040745,608.391,2,608.391,276.31299999999999,608.391,627.4668705526683,577.85848116842317,585.20377160401563,1,10,3,399,599
53,10,21,LinearSubgradientAuction,0.1,0.01,,True,,1000,10800,cats_reg_g10b50,,False,CATS,50,regions,MultiMinded,1000,MaxIter,264.81999999999243,623.5598,4,612.518,167.23250000000002,505.638,642.86174302968675,455.62301048235139,455.64897225665845,1,10,7,441,661
54,10,20,LinearSubgradientAuction,0.1,0.01,,True,,1000,10800,cats_reg_g10b50,,False,CATS,50,regions,MultiMinded,913,Balance,229.63000000000466,1040.322,4,967.436,414.12850000000003,1040.322,993.12385820707914,827.47245820707883,875.08621225401612,1,10,8,420,630
55,10,17,LinearSubgradientAuction,0.1,0.01,,True,,1000,10800,cats_reg_g10b50,,False,CATS,50,regions,MultiMinded,75,Balance,16.370000000009895,1001.244,2,739.168,309.35699999999997,1001.244,915.1764141226713,853.30501412267131,939.37260000000003,1,10,0,357,537
56,10,17,LinearSubgradientAuction,0.1,0.01,,True,,1000,10800,cats_reg_g10b50,,False,CATS,50,regions,MultiMinded,1000,MaxIter,218.85000000000582,674.3464,3,592.43,348.80000000000001,305.2875,654.37253472973487,135.78814205366541,176.77201720770404,1,10,5,357,537
57,10,20,LinearSubgradientAuction,0.1,0.01,,True,,1000,10800,cats_reg_g10b50,,False,CATS,50,regions,MultiMinded,758,Balance,192.35000000000582,783.158,3,568.928,268.62299999999999,783.158,763.2410565768397,682.65415657683968,702.88189106742129,1,10,5,420,630
58,10,21,LinearSubgradientAuction,0.1,0.01,,True,,1000,10800,cats_reg_g10b50,,False,CATS,50,regions,MultiMinded,27,Balance,7.080000000001746,871.9079999999999,2,791.212,427.88200000000001,871.9079999999999,869.69324442746222,784.1168444274623,799.94154845583489,1,10,10,441,661
59,10,28,LinearSubgradientAuction,0.1,0.01,,True,,1000,10800,cats_reg_g10b50,,False,CATS,50,regions,MultiMinded,87,Balance,30.610000000000582,875.1772,3,803.796,406.47899999999998,875.1772,841.25548406427629,719.31178406427625,753.66401574959843,1,10,4,588,878
60,10,22,LinearSubgradientAuction,0.1,0.01,,True,,1000,10800,cats_reg_g10b50,,False,CATS,50,regions,MultiMinded,46,Balance,12.559999999997672,716.1357,3,662.173,358.10899999999998,716.1357,681.32516053175482,573.89246053175486,610.21174144186114,1,10,7,462,692
61,10,19,LinearSubgradientAuction,0.1,0.01,,True,,1000,10800,cats_reg_g10b50,,False,CATS,50,regions,MultiMinded,496,Balance,119.19999999999709,756.948,3,553.212,307.67700000000002,756.948,756.38924353903985,664.08614353903988,664.67092246541927,1,10,5,399,599
62,10,20,LinearSubgradientAuction,0.1,0.01,,True,,1000,10800,cats_reg_g10b50,,False,CATS,50,regions,MultiMinded,113,Balance,28.580000000001746,962.414,3,839.979,365.63299999999998,962.414,960.78562154218355,851.09572154218347,853.04074305469146,1,10,4,420,630
63,10,20,LinearSubgradientAuction,0.1,0.01,,True,,1000,10800,cats_reg_g10b50,,False,CATS,50,regions,MultiMinded,21,Balance,5.2299999999959255,966.8963000000001,5,783.33,502.36099999999999,966.8963000000001,921.39298238602635,697.91062302843,791.37750832963377,1,10,1,420,630
64,10,24,LinearSubgradientAuction,0.1,0.01,,True,,1000,10800,cats_reg_g10b50,,False,CATS,50,regions,MultiMinded,355,Balance,106.86999999999534,784.4846,2,723.45,238.8545,784.4846,757.64261120995798,709.87171120995799,736.71370000000002,1,10,0,504,754
65,10,18,LinearSubgradientAuction,0.1,0.01,,True,,1000,10800,cats_reg_g10b50,,False,CATS,50,regions,MultiMinded,243,Balance,55.820000000006985,863.3610000000001,4,758.102,337.34500000000003,856.6320000000001,817.19287542066445,691.96693051994498,755.42849999999999,1,10,1,378,568
66,10,18,LinearSubgradientAuction,0.1,0.01,,True,,1000,10800,cats_reg_g10b50,,False,CATS,50,regions,MultiMinded,261,Balance,59.69000000000233,852.079,4,807.329,372.65700000000004,852.079,807.50452519714213,658.50908170425407,740.28189999999995,1,10,1,378,568
67,10,27,LinearSubgradientAuction,0.1,0.01,,True,,1000,10800,cats_reg_g10b50,,False,CATS,50,regions,MultiMinded,156,Balance,52.19000000000233,860.8598,2,789.183,223.39999999999998,860.8598,851.32854863828607,806.64854863828612,838.345874379316,1,10,1,567,847
68,10,20,LinearSubgradientAuction,0.1,0.01,,True,,1000,10800,cats_reg_g10b50,,False,CATS,50,regions,MultiMinded,201,Balance,50.90000000000873,535.1916,4,486.692,201.834,535.1916,513.94973268964816,433.21613268964808,474.60102943573816,1,10,1,420,630
69,10,20,LinearSubgradientAuction,0.1,0.01,,True,,1000,10800,cats_reg_g10b50,,False,CATS,50,regions,MultiMinded,67,Balance,16.970000000001164,550.5322,3,423.552,212.09399999999999,550.5322,484.32527054481722,420.69707054481717,486.90399999999994,1,10,0,420,630
70,10,18,LinearSubgradientAuction,0.1,0.01,,True,,1000,10800,cats_reg_g10b50,,False,CATS,50,regions,MultiMinded,1000,MaxIter,231.0899999999965,965.81,3,780.078,273.52800000000002,833.47,880.16583343478828,653.91690192133035,778.93330290795234,1,10,2,378,568
71,10,17,LinearSubgradientAuction,0.1,0.01,,True,,1000,10800,cats_reg_g10b50,,False,CATS,50,regions,MultiMinded,1000,MaxIter,215.5500000000029,745.048,2,745.048,330.73000000000002,381.853,802.52745227985088,348.95475211204911,349.53974522869396,1,10,6,357,537
72,10,23,LinearSubgradientAuction,0.1,0.01,,True,,1000,10800,cats_reg_g10b50,,False,CATS,50,regions,MultiMinded,167,Balance,47.970000000001164,619.2275000000001,7,497.631,317.09799999999996,619.2275000000001,584.49281482896413,362.52421482896409,397.25890000000004,1,10,0,483,723
73,10,20,LinearSubgradientAuction,0.1,0.01,,True,,1000,10800,cats_reg_g10b50,,False,CATS,50,regions,MultiMinded,1000,MaxIter,252.04000000000815,675.2625,2,656.76,362.82400000000001,632.221,704.78339879583302,596.89788987742679,596.89788987742679,1,10,11,420,630
74,10,26,LinearSubgradientAuction,0.1,0.01,,True,,1000,10800,cats_reg_g10b50,,False,CATS,50,regions,MultiMinded,234,Balance,76.4600000000064,942.6876,2,890.025,245.483,942.6876,942.4423591357762,893.34575913577612,893.59129437237266,1,10,1,546,816
75,10,15,LinearSubgradientAuction,0.1,0.01,,True,,1000,10800,cats_reg_g10b50,,False,CATS,50,regions,MultiMinded,79,Balance,15.019999999989523,986.353,5,977.088,450.65550000000002,986.353,984.33925886514635,760.08179197447271,806.27991444883992,1,10,5,315,475
76,10,22,LinearSubgradientAuction,0.1,0.01,,True,,1000,10800,cats_reg_g10b50,,False,CATS,50,regions,MultiMinded,101,Balance,28.080000000001746,900.434,6,820.61,441.17500000000001,874.067,838.22575232587428,573.52075232587435,653.07781940817745,1,10,1,462,692
77,10,19,LinearSubgradientAuction,0.1,0.01,,True,,1000,10800,cats_reg_g10b50,,False,CATS,50,regions,MultiMinded,207,Balance,50.05999999999767,505.8682,5,489.633,293.4085,502.45709999999997,516.35688732738845,391.32706877776701,430.82528169152391,1,10,7,399,599
78,10,15,LinearSubgradientAuction,0.1,0.01,,True,,1000,10800,cats_reg_g10b50,,False,CATS,50,regions,MultiMinded,888,Balance,171.27000000000407,723.896,1,723.896,268.85500000000002,723.896,723.82260230909083,696.93710230909085,697.01049999999998,1,10,0,315,475
79,10,20,LinearSubgradientAuction,0.1,0.01,,True,,1000,10800,cats_reg_g10b50,,False,CATS,50,regions,MultiMinded,125,Balance,31.089999999996508,830.055,4,715.055,304.07849999999996,830.055,768.55091152292175,647.34091586570935,738.83144999999979,1,10,1,420,630
80,10,23,LinearSubgradientAuction,0.1,0.01,,True,,1000,10800,cats_reg_g10b50,,False,CATS,50,regions,MultiMinded,1000,MaxIter,290.70999999999185,858.2552999999999,4,815.519,326.65449999999998,609.6183,851.06892760024937,499.11054922485772,512.00732938551312,1,10,3,483,723
81,10,19,LinearSubgradientAuction,0.1,0.01,,True,,1000,10800,cats_reg_g10b50,,False,CATS,50,regions,MultiMinded,50,Balance,11.860000000000582,731.2354999999999,7,657.74,318.25649999999996,709.6369,714.81127851845611,493.52848231392136,519.11717391124739,1,10,4,399,599
82,10,20,LinearSubgradientAuction,0.1,0.01,,True,,1000,10800,cats_reg_g10b50,,False,CATS,50,regions,MultiMinded,1000,MaxIter,254.86999999999534,799.819,4,670.65,230.49700000000001,479.16429999999997,769.66300781192012,392.1908489129313,440.46748331724871,1,10,5,420,630
83,10,18,LinearSubgradientAuction,0.1,0.01,,True,,1000,10800,cats_reg_g10b50,,False,CATS,50,regions,MultiMinded,177,Balance,40.18000000000757,778.391,3,740.964,303.2475,758.1800000000001,779.56532035261569,688.893031019452,697.53050000000007,1,10,1,378,568
84,10,19,LinearSubgradientAuction,0.1,0.01,,True,,1000,10800,cats_reg_g10b50,,False,CATS,50,regions,MultiMinded,45,Balance,10.580000000001746,653.4665,4,531.36,233.98450000000003,653.4665,607.96319106302826,514.36939106302816,560.22349398874098,1,10,3,399,599
85,10,16,LinearSubgradientAuction,0.1,0.01,,True,,1000,10800,cats_reg_g10b50,,False,CATS,50,regions,MultiMinded,46,Balance,9.229999999995925,738.6202000000001,4,623.355,332.00099999999998,738.6202000000001,732.6766115217963,599.87621152179634,618.91086324862658,1,10,8,336,506
86,10,17,LinearSubgradientAuction,0.1,0.01,,True,,1000,10800,cats_reg_g10b50,,False,CATS,50,regions,MultiMinded,179,Balance,38.54000000000815,772.54,3,646.076,287.08299999999997,772.54,730.1498828797171,644.04186598370666,715.12339999999995,1,10,2,357,537
87,10,18,LinearSubgradientAuction,0.1,0.01,,True,,1000,10800,cats_reg_g10b50,,False,CATS,50,regions,MultiMinded,1000,MaxIter,228.05999999999767,883.32347,2,801.709,428.95349999999996,45.89987,947.24468729615603,0.0,0.64458071700744668,1,10,9,378,568
88,10,20,LinearSubgradientAuction,0.1,0.01,,True,,1000,10800,cats_reg_g10b50,,False,CATS,50,regions,MultiMinded,168,Balance,42.55999999999767,662.7294999999999,4,622.783,332.80799999999999,662.7294999999999,654.33421848061391,521.21101848061392,530.37693502405739,1,10,13,420,630
89,10,26,LinearSubgradientAuction,0.1,0.01,,True,,1000,10800,cats_reg_g10b50,,False,CATS,50,regions,MultiMinded,1000,MaxIter,329.31999999999243,844.3882,4,703.836,361.93200000000002,522.1522,815.42473579935177,375.50631607382121,428.10785811140454,1,10,7,546,816
90,10,21,LinearSubgradientAuction,0.1,0.01,,True,,1000,10800,cats_reg_g10b50,,False,CATS,50,regions,MultiMinded,1000,MaxIter,262.2299999999959,1011.3232,5,890.879,348.79300000000001,585.2212,919.02373853954873,343.99897510612101,445.80187313314445,1,10,5,441,661
91,10,17,LinearSubgradientAuction,0.1,0.01,,True,,1000,10800,cats_reg_g10b50,,False,CATS,50,regions,MultiMinded,1000,MaxIter,216.8799999999901,890.575,2,890.575,535.99700000000007,835.337,931.29486896640674,620.03471120407164,620.90231397778211,1,10,2,357,537
92,10,22,LinearSubgradientAuction,0.1,0.01,,True,,1000,10800,cats_reg_g10b50,,False,CATS,50,regions,MultiMinded,141,Balance,39.220000000001164,683.1735,2,627.133,263.76300000000003,683.1735,654.71161530216318,601.95901530216315,630.42090000000007,1,10,0,462,692
93,10,20,LinearSubgradientAuction,0.1,0.01,,True,,1000,10800,cats_reg_g10b50,,False,CATS,50,regions,MultiMinded,156,Balance,39.50999999999476,931.509,1,931.509,347.88099999999997,931.509,931.49782380203476,896.70972380203477,896.72090000000003,1,10,0,420,630
94,10,15,LinearSubgradientAuction,0.1,0.01,,True,,1000,10800,cats_reg_g10b50,,False,CATS,50,regions,MultiMinded,1000,MaxIter,193.6999999999971,772.037,3,770.337,295.54650000000004,192.4292,770.69369979487817,106.75175135753466,133.31989999999999,1,10,8,315,475
95,10,17,LinearSubgradientAuction,0.1,0.01,,True,,1000,10800,cats_reg_g10b50,,False,CATS,50,regions,MultiMinded,88,Balance,18.869999999995343,901.2369,4,849.224,408.67100000000005,901.2369,920.03073015129269,774.3254675511381,793.46033071161071,1,10,6,357,537
96,10,19,LinearSubgradientAuction,0.1,0.01,,True,,1000,10800,cats_reg_g10b50,,False,CATS,50,regions,MultiMinded,41,Balance,9.69999999999709,752.0848,3,651.493,368.70849999999996,752.0848,732.70904798976164,625.56059571269168,645.43306873508959,1,10,3,399,599
97,10,20,LinearSubgradientAuction,0.1,0.01,,True,,1000,10800,cats_reg_g10b50,,False,CATS,50,regions,MultiMinded,1000,MaxIter,252.36999999999534,657.92043,3,602.694,360.185,508.09543,695.30370023074806,467.63750871178615,467.90531333187846,1,10,3,420,630
98,10,20,LinearSubgradientAuction,0.1,0.01,,True,,1000,10800,cats_reg_g10b50,,False,CATS,50,regions,MultiMinded,13,Balance,3.1300000000046566,1047.5140999999999,4,870.711,386.798,1047.5140999999999,928.79406451520617,780.4454624278884,900.19769777885597,1,10,4,420,630
99,10,22,LinearSubgradientAuction,0.1,0.01,,True,,1000,10800,cats_reg_g10b50,,False,CATS,50,regions,MultiMinded,135,Balance,37.2899999999936,1044.344,5,687.143,366.375,1044.344,1014.2965364278544,831.10903642785422,861.15649999999971,1,10,0,462,692
100,10,21,LinearSubgradientAuction,0.1,0.01,,True,,1000,10800,cats_reg_g10b50,,False,CATS,50,regions,MultiMinded,1000,MaxIter,267.6100000000006,587.8678,2,515.864,141.49099999999999,455.1598,568.3123823245304,51.166055492726905,82.685761018822603,1,10,9,441,661
