idx,items,agents,auction_class,epsilon,stepc,epoch,scalebyvalue,reserve_type,maxiter,maxtime,generator_param_name,personalized,int_prices,generator,bids,distribution,type,rounds,status,runtime,efficient_value,final_num_winners,final_max_agent_value,final_scalevalue,final_value,final_total_price,final_revenue,final_indirect_util,final_price_degree,final_price_sparsity,final_imbalance,final_wd_nvars,final_wd_ncons
1,10,17,LinearHeuristicAuction,0.05,0.01,,True,,1000,10800,cats_reg_g10b50,,False,CATS,50,regions,MultiMinded,139,Balance,5.0,681.0817,4,513.163,288.52699999999999,681.0817,673.1603097487432,615.45490974874315,625.01630720761875,1,10,14,40,27
2,10,19,LinearHeuristicAuction,0.05,0.01,,True,,1000,10800,cats_reg_g10b50,,False,CATS,50,regions,MultiMinded,1000,MaxIter,38.360000000015134,734.1289999999999,3,640.313,226.71899999999999,734.1289999999999,668.73184610671115,634.72399610671107,732.48358541549806,1,10,10,42,29
3,10,17,LinearHeuristicAuction,0.05,0.01,,True,,1000,10800,cats_reg_g10b50,,False,CATS,50,regions,MultiMinded,1000,MaxIter,35.70000000001164,804.4359999999999,2,797.452,310.25200000000001,728.83041,828.57805342640665,0.0,0.53836248533889508,1,10,19,40,27
4,10,14,LinearHeuristicAuction,0.05,0.01,,True,,1000,10800,cats_reg_g10b50,,False,CATS,50,regions,MultiMinded,69,Balance,2.10999999998603,574.909,2,568.922,272.93700000000001,574.909,570.37297768462872,543.07927768462889,561.19677790152593,1,10,8,28,24
5,10,21,LinearHeuristicAuction,0.05,0.01,,True,,1000,10800,cats_reg_g10b50,,False,CATS,50,regions,MultiMinded,466,Balance,17.789999999979045,650.6363,2,619.701,342.60149999999999,650.6363,650.94144430619474,616.68129430619467,617.59648176518419,1,10,17,43,31
6,10,17,LinearHeuristicAuction,0.05,0.01,,True,,1000,10800,cats_reg_g10b50,,False,CATS,50,regions,MultiMinded,1000,MaxIter,36.3300000000163,834.2848,1,784.19,470.66899999999998,784.19,886.63106685633898,0,2.1246662873221176,1,10,10,37,27
7,10,21,LinearHeuristicAuction,0.05,0.01,,True,,1000,10800,cats_reg_g10b50,,False,CATS,50,regions,MultiMinded,1000,MaxIter,39.579999999987194,854.667,4,696.341,343.76999999999998,809.1469999999999,872.38248552644097,558.15954812678967,558.15955086802023,1,10,14,46,31
8,10,18,LinearHeuristicAuction,0.05,0.01,,True,,1000,10800,cats_reg_g10b50,,False,CATS,50,regions,MultiMinded,1000,MaxIter,36.10999999998603,663.572,2,592.441,275.35000000000002,552.596,649.09803898817745,72.756579354854921,99.09230233614916,1,10,17,37,28
9,10,18,LinearHeuristicAuction,0.05,0.01,,True,,1000,10800,cats_reg_g10b50,,False,CATS,50,regions,MultiMinded,42,Balance,1.5299999999988358,724.6032999999999,4,611.583,280.12,724.6032999999999,634.18985798264453,578.16585798264464,681.75542335920522,1,10,3,39,28
10,10,23,LinearHeuristicAuction,0.05,0.01,,True,,1000,10800,cats_reg_g10b50,,False,CATS,50,regions,MultiMinded,30,Balance,1.2399999999906868,946.3547,4,784.828,433.57950000000005,946.3547,889.98017417483072,803.26427417483069,892.61036454723967,1,10,3,47,33
11,10,16,LinearHeuristicAuction,0.05,0.01,,True,,1000,10800,cats_reg_g10b50,,False,CATS,50,regions,MultiMinded,93,Balance,3.379999999975553,724.662,1,724.662,403.49950000000001,724.662,742.08032115975436,721.90534615975434,725.17643649989327,1,10,14,35,26
12,10,16,LinearHeuristicAuction,0.05,0.01,,True,,1000,10800,cats_reg_g10b50,,False,CATS,50,regions,MultiMinded,77,Balance,2.679999999993015,522.114,1,522.114,283.13549999999998,522.114,521.09045225840066,506.93367725840068,511.47742373945761,1,10,13,35,26
13,10,17,LinearHeuristicAuction,0.05,0.01,,True,,1000,10800,cats_reg_g10b50,,False,CATS,50,regions,MultiMinded,241,Balance,8.910000000003492,778.1078,2,718.401,353.04300000000001,778.1078,766.9635488633229,731.65924886332289,752.36919351753602,1,10,11,39,27
14,10,17,LinearHeuristicAuction,0.05,0.01,,True,,1000,10800,cats_reg_g10b50,,False,CATS,50,regions,MultiMinded,20,Balance,0.7100000000209548,588.9796,2,575.883,307.69200000000001,588.9796,601.74971892226563,574.39697797446934,589.72462683292906,1,10,15,34,27
15,10,17,LinearHeuristicAuction,0.05,0.01,,True,,1000,10800,cats_reg_g10b50,,False,CATS,50,regions,MultiMinded,717,Balance,25.89999999999418,634.994,2,600.13,422.91899999999998,634.994,635.67781213946591,593.38591213946586,593.38591213946586,1,10,9,35,27
16,10,26,LinearHeuristicAuction,0.05,0.01,,True,,1000,10800,cats_reg_g10b50,,False,CATS,50,regions,MultiMinded,28,Balance,1.2200000000011642,519.6692,2,485.933,278.584,519.6692,510.64264200227501,482.78424200227505,509.57763116358359,1,10,23,52,36
17,10,16,LinearHeuristicAuction,0.05,0.01,,True,,1000,10800,cats_reg_g10b50,,False,CATS,50,regions,MultiMinded,45,Balance,1.6499999999941792,910.0260000000001,3,815.656,322.738,910.0260000000001,909.44272716545561,861.0320271654557,889.33879006898724,1,10,16,36,26
18,10,18,LinearHeuristicAuction,0.05,0.01,,True,,1000,10800,cats_reg_g10b50,,False,CATS,50,regions,MultiMinded,1000,MaxIter,35.920000000012806,982.461,1,932.103,367.83500000000004,932.103,1025.7353070934305,0,1.6142099845707207,1,10,10,39,28
19,10,19,LinearHeuristicAuction,0.05,0.01,,True,,1000,10800,cats_reg_g10b50,,False,CATS,50,regions,MultiMinded,1000,MaxIter,39.20000000001164,903.4849999999999,1,826.774,559.33850000000007,798.863,950.62906706746946,0,0.0,1,10,27,42,29
20,10,21,LinearHeuristicAuction,0.05,0.01,,True,,1000,10800,cats_reg_g10b50,,False,CATS,50,regions,MultiMinded,1000,MaxIter,39.54999999998836,780.3014999999999,2,637.779,268.37200000000001,672.443,691.10255423673266,5.1644863230699123,110.78891235909769,1,10,10,45,31
21,10,17,LinearHeuristicAuction,0.05,0.01,,True,,1000,10800,cats_reg_g10b50,,False,CATS,50,regions,MultiMinded,31,Balance,1.1699999999837019,869.309,3,770.684,361.69299999999998,869.309,792.99276627113443,738.7388162711344,833.0876263916075,1,10,4,40,27
22,10,16,LinearHeuristicAuction,0.05,0.01,,True,,1000,10800,cats_reg_g10b50,,False,CATS,50,regions,MultiMinded,1000,MaxIter,36.97999999998137,827.155,2,792.758,416.87799999999999,478.39,884.9414311063797,47.942709784418938,84.804964322625139,1,10,22,36,26
23,10,21,LinearHeuristicAuction,0.05,0.01,,True,,1000,10800,cats_reg_g10b50,,False,CATS,50,regions,MultiMinded,1000,MaxIter,39.679999999993015,926.9879999999999,5,813.726,269.07900000000001,913.9114999999999,906.75025956861214,708.847605874083,763.52452556554522,1,10,15,49,31
24,10,23,LinearHeuristicAuction,0.05,0.01,,True,,1000,10800,cats_reg_g10b50,,False,CATS,50,regions,MultiMinded,1000,MaxIter,41.13000000000466,822.2049999999999,2,635.81,377.13200000000001,782.967,837.41180847573457,117.78253351658701,129.50305008170483,1,10,9,52,33
25,10,22,LinearHeuristicAuction,0.05,0.01,,True,,1000,10800,cats_reg_g10b50,,False,CATS,50,regions,MultiMinded,1000,MaxIter,39.50999999998021,534.8185,2,446.519,197.68200000000002,534.8185,527.93838401788526,34.334998172890764,78.510510269616205,1,10,23,49,32
26,10,17,LinearHeuristicAuction,0.05,0.01,,True,,1000,10800,cats_reg_g10b50,,False,CATS,50,regions,MultiMinded,119,Balance,4.350000000005821,716.487,1,716.487,299.23599999999999,716.487,715.29756278713944,700.3357627871394,701.52519999999993,1,10,0,39,27
27,10,17,LinearHeuristicAuction,0.05,0.01,,True,,1000,10800,cats_reg_g10b50,,False,CATS,50,regions,MultiMinded,989,Balance,36.40999999997439,811.1127,4,667.768,330.15700000000004,811.1127,810.74348055775044,744.7120805577506,745.70584999539562,1,10,13,42,27
28,10,18,LinearHeuristicAuction,0.05,0.01,,True,,1000,10800,cats_reg_g10b50,,False,CATS,50,regions,MultiMinded,201,Balance,7.360000000015134,818.682,1,802.322,385.84800000000001,802.322,821.55935962201045,802.2669596220104,822.77381080281589,1,10,26,41,28
29,10,20,LinearHeuristicAuction,0.05,0.01,,True,,1000,10800,cats_reg_g10b50,,False,CATS,50,regions,MultiMinded,144,Balance,6.029999999998836,767.6940999999999,1,746.709,446.00549999999998,746.709,746.03199365621515,723.73171865621521,754.76506230889629,1,10,6,46,30
30,10,18,LinearHeuristicAuction,0.05,0.01,,True,,1000,10800,cats_reg_g10b50,,False,CATS,50,regions,MultiMinded,1000,MaxIter,37.23000000001048,794.5821000000001,3,739.446,385.6635,794.5821000000001,854.72392270255204,120.67207114740162,120.67213115233984,1,10,12,38,28
31,10,21,LinearHeuristicAuction,0.05,0.01,,True,,1000,10800,cats_reg_g10b50,,False,CATS,50,regions,MultiMinded,1000,MaxIter,39.27000000001863,818.388,1,733.06,325.495,705.581,830.64860426115604,0,0.38395152936780619,1,10,10,46,31
32,10,20,LinearHeuristicAuction,0.05,0.01,,True,,1000,10800,cats_reg_g10b50,,False,CATS,50,regions,MultiMinded,274,Balance,10.389999999984866,637.3713,4,533.498,304.15100000000001,637.3713,646.97833470705916,586.14813470705917,592.09473059483059,1,10,8,43,30
33,10,16,LinearHeuristicAuction,0.05,0.01,,True,,1000,10800,cats_reg_g10b50,,False,CATS,50,regions,MultiMinded,143,Balance,5.050000000017462,560.5032,2,498.34,219.72300000000001,560.5032,517.79110622904705,495.81880622904697,540.71065907447382,1,10,5,34,26
34,10,20,LinearHeuristicAuction,0.05,0.01,,True,,1000,10800,cats_reg_g10b50,,False,CATS,50,regions,MultiMinded,541,Balance,20.619999999995343,726.3012,4,568.454,249.64099999999999,726.3012,610.10840451767876,560.18020451767882,676.48449886076492,1,10,8,41,30
35,10,27,LinearHeuristicAuction,0.05,0.01,,True,,1000,10800,cats_reg_g10b50,,False,CATS,50,regions,MultiMinded,61,Balance,2.7100000000209548,858.175,2,722.988,380.87900000000002,858.175,800.29721829778759,762.2093182977876,839.59941730747846,1,10,11,54,37
36,10,17,LinearHeuristicAuction,0.05,0.01,,True,,1000,10800,cats_reg_g10b50,,False,CATS,50,regions,MultiMinded,316,Balance,11.879999999975553,716.498,1,716.498,379.51999999999998,716.498,734.89825650441094,715.92225650441094,717.87929792733723,1,10,25,38,27
37,10,20,LinearHeuristicAuction,0.05,0.01,,True,,1000,10800,cats_reg_g10b50,,False,CATS,50,regions,MultiMinded,82,Balance,3.1499999999941792,824.835,3,630.222,329.92600000000004,824.835,687.1967009118207,637.70780091182064,775.34609999999998,1,10,0,42,30
38,10,18,LinearHeuristicAuction,0.05,0.01,,True,,1000,10800,cats_reg_g10b50,,False,CATS,50,regions,MultiMinded,281,Balance,10.619999999995343,825.56,1,825.56,471.01400000000001,825.56,823.2817706934344,799.73107069343439,827.04525088401829,1,10,10,39,28
39,10,25,LinearHeuristicAuction,0.05,0.01,,True,,1000,10800,cats_reg_g10b50,,False,CATS,50,regions,MultiMinded,117,Balance,4.949999999982538,948.5501,5,753.385,196.10050000000001,948.5501,783.05091773633808,734.02579273633808,909.32046257054287,1,10,1,50,35
40,10,22,LinearHeuristicAuction,0.05,0.01,,True,,1000,10800,cats_reg_g10b50,,False,CATS,50,regions,MultiMinded,1000,MaxIter,41.45999999999185,694.64,2,671.57,320.48500000000001,667.143,672.99746708669079,43.785009982047185,112.88275,1,10,9,47,32
41,10,18,LinearHeuristicAuction,0.05,0.01,,True,,1000,10800,cats_reg_g10b50,,False,CATS,50,regions,MultiMinded,37,Balance,1.3699999999953434,919.5834,3,833.068,428.51799999999997,919.5834,881.25378760994499,816.97608760994501,876.47808167817959,1,10,1,35,28
42,10,21,LinearHeuristicAuction,0.05,0.01,,True,,1000,10800,cats_reg_g10b50,,False,CATS,50,regions,MultiMinded,881,Balance,35.86999999999534,722.396,1,722.396,339.44,722.396,721.59462837102228,704.6226283710223,706.49649040030636,1,10,16,46,31
43,10,20,LinearHeuristicAuction,0.05,0.01,,True,,1000,10800,cats_reg_g10b50,,False,CATS,50,regions,MultiMinded,322,Balance,12.25,820.8240000000001,2,681.374,265.63999999999999,820.8240000000001,792.42717799007551,765.86317799007543,794.25999999999988,1,10,0,42,30
44,10,19,LinearHeuristicAuction,0.05,0.01,,True,,1000,10800,cats_reg_g10b50,,False,CATS,50,regions,MultiMinded,1000,MaxIter,36.54999999998836,607.363,1,484.926,277.04599999999999,462.233,608.88139660214631,0,48.83148216253359,1,10,22,40,29
45,10,20,LinearHeuristicAuction,0.05,0.01,,True,,1000,10800,cats_reg_g10b50,,False,CATS,50,regions,MultiMinded,207,Balance,7.570000000006985,687.7891,5,510.577,285.93000000000001,687.7891,659.88189560539502,591.1318849754208,633.97645429007184,1,10,11,40,30
46,10,19,LinearHeuristicAuction,0.05,0.01,,True,,1000,10800,cats_reg_g10b50,,False,CATS,50,regions,MultiMinded,489,Balance,18.869999999995343,810.368,2,810.368,345.00850000000003,808.7297,771.99657006210566,737.49572006210576,791.01664778571251,1,10,1,42,29
47,10,18,LinearHeuristicAuction,0.05,0.01,,True,,1000,10800,cats_reg_g10b50,,False,CATS,50,regions,MultiMinded,1000,MaxIter,38.52000000001863,759.477,3,738.963,363.25599999999997,394.6363,749.57622842603087,0,26.602286991542798,1,10,15,44,28
48,10,29,LinearHeuristicAuction,0.05,0.01,,True,,1000,10800,cats_reg_g10b50,,False,CATS,50,regions,MultiMinded,9,Balance,0.41000000000349246,726.774,3,661.833,328.96899999999999,726.774,727.96593563761041,678.62058563761047,692.15150699495416,1,10,11,61,39
49,10,23,LinearHeuristicAuction,0.05,0.01,,True,,1000,10800,cats_reg_g10b50,,False,CATS,50,regions,MultiMinded,136,Balance,5.6600000000034925,587.5914,6,462.576,216.20049999999998,587.5914,552.52174759069374,487.66159759069376,536.17972087604028,1,10,9,48,33
50,10,17,LinearHeuristicAuction,0.05,0.01,,True,,1000,10800,cats_reg_g10b50,,False,CATS,50,regions,MultiMinded,65,Balance,2.2999999999883585,945.836,4,681.012,323.851,945.836,858.09808720638114,793.32788720638121,897.66089900528618,1,10,8,33,27
51,10,25,LinearHeuristicAuction,0.05,0.01,,True,,1000,10800,cats_reg_g10b50,,False,CATS,50,regions,MultiMinded,166,Balance,7.010000000009313,831.2631000000001,3,644.905,285.66050000000001,831.2631000000001,762.02220910748406,719.1731341074842,788.55714857488636,1,10,8,49,35
52,10,19,LinearHeuristicAuction,0.05,0.01,,True,,1000,10800,cats_reg_g10b50,,False,CATS,50,regions,MultiMinded,138,Balance,5.2299999999813735,608.391,1,608.391,276.31299999999999,608.391,605.47725549953998,591.66160549953997,594.81111597699066,1,10,2,40,29
53,10,21,LinearHeuristicAuction,0.05,0.01,,True,,1000,10800,cats_reg_g10b50,,False,CATS,50,regions,MultiMinded,1000,MaxIter,38.64999999999418,623.5598,3,612.518,167.23250000000002,446.16999999999996,642.86542936226544,226.95892128898225,226.98492283197967,1,10,17,45,31
54,10,20,LinearHeuristicAuction,0.05,0.01,,True,,1000,10800,cats_reg_g10b50,,False,CATS,50,regions,MultiMinded,464,Balance,18.85999999998603,1040.322,4,967.436,414.12850000000003,1040.322,987.62769688197614,904.80199688197615,966.21278761569681,1,10,9,49,30
55,10,17,LinearHeuristicAuction,0.05,0.01,,True,,1000,10800,cats_reg_g10b50,,False,CATS,50,regions,MultiMinded,40,Balance,1.3699999999953434,1001.244,2,739.168,309.35699999999997,1001.244,898.70230181734883,867.76660181734883,985.02670021558185,1,10,5,35,27
56,10,17,LinearHeuristicAuction,0.05,0.01,,True,,1000,10800,cats_reg_g10b50,,False,CATS,50,regions,MultiMinded,1000,MaxIter,35.71999999997206,674.3464,2,592.43,348.80000000000001,641.1755,654.37253472973475,42.374914951073251,83.358790105111964,1,10,13,36,27
57,10,20,LinearHeuristicAuction,0.05,0.01,,True,,1000,10800,cats_reg_g10b50,,False,CATS,50,regions,MultiMinded,758,Balance,27.89999999999418,783.158,3,568.928,268.62299999999999,783.158,763.24105657683958,722.94760657683958,743.17534106742141,1,10,5,42,30
58,10,21,LinearHeuristicAuction,0.05,0.01,,True,,1000,10800,cats_reg_g10b50,,False,CATS,50,regions,MultiMinded,27,Balance,1.110000000015134,871.9079999999999,2,791.212,427.88200000000001,871.9079999999999,869.69324442746222,826.90504442746226,842.72974845583485,1,10,10,45,31
59,10,28,LinearHeuristicAuction,0.05,0.01,,True,,1000,10800,cats_reg_g10b50,,False,CATS,50,regions,MultiMinded,17,Balance,0.7799999999988358,875.1772,3,803.796,406.47899999999998,875.1772,860.83671891870722,799.86486891870732,847.30544118254454,1,10,14,54,38
60,10,22,LinearHeuristicAuction,0.05,0.01,,True,,1000,10800,cats_reg_g10b50,,False,CATS,50,regions,MultiMinded,36,Balance,1.4600000000209548,716.1357,3,662.173,358.10899999999998,716.1357,682.38387664169761,628.66752664169769,669.01639871115401,1,10,9,48,32
61,10,19,LinearHeuristicAuction,0.05,0.01,,True,,1000,10800,cats_reg_g10b50,,False,CATS,50,regions,MultiMinded,169,Balance,6.389999999984866,756.948,3,553.212,307.67700000000002,756.948,747.87688540908403,701.72533540908387,726.91608662662566,1,10,10,42,29
62,10,20,LinearHeuristicAuction,0.05,0.01,,True,,1000,10800,cats_reg_g10b50,,False,CATS,50,regions,MultiMinded,25,Balance,0.9200000000128057,962.414,3,839.979,365.63299999999998,962.414,954.90573498742151,900.06078498742147,962.89161975596562,1,10,5,39,30
63,10,20,LinearHeuristicAuction,0.05,0.01,,True,,1000,10800,cats_reg_g10b50,,False,CATS,50,regions,MultiMinded,391,Balance,15.39000000001397,966.8963000000001,4,783.33,502.36099999999999,966.8963000000001,935.9659727264177,835.49377272641755,866.74927987502815,1,10,11,44,30
64,10,24,LinearHeuristicAuction,0.05,0.01,,True,,1000,10800,cats_reg_g10b50,,False,CATS,50,regions,MultiMinded,233,Balance,9.660000000003492,784.4846,2,723.45,238.8545,784.4846,757.51319878777122,733.62774878777111,768.36242798639205,1,10,12,49,34
65,10,18,LinearHeuristicAuction,0.05,0.01,,True,,1000,10800,cats_reg_g10b50,,False,CATS,50,regions,MultiMinded,521,Balance,18.769999999989523,863.3610000000001,4,758.102,337.34500000000003,863.3610000000001,817.83063643553533,750.36163643553527,797.02862237640829,1,10,17,40,28
66,10,18,LinearHeuristicAuction,0.05,0.01,,True,,1000,10800,cats_reg_g10b50,,False,CATS,50,regions,MultiMinded,1000,MaxIter,38.73000000001048,852.079,2,807.329,372.65700000000004,765.23,807.03510893012651,78.373553969685972,126.83059725387055,1,10,11,40,28
67,10,27,LinearHeuristicAuction,0.05,0.01,,True,,1000,10800,cats_reg_g10b50,,False,CATS,50,regions,MultiMinded,247,Balance,10.989999999990687,860.8598,2,789.183,223.39999999999998,860.8598,851.25992337854655,828.91992337854663,849.56678839490644,1,10,1,54,37
68,10,20,LinearHeuristicAuction,0.05,0.01,,True,,1000,10800,cats_reg_g10b50,,False,CATS,50,regions,MultiMinded,278,Balance,10.799999999988358,535.1916,4,486.692,201.834,535.1916,524.03548898011911,483.66868898011904,504.8820731452671,1,10,1,41,30
69,10,20,LinearHeuristicAuction,0.05,0.01,,True,,1000,10800,cats_reg_g10b50,,False,CATS,50,regions,MultiMinded,67,Balance,2.5899999999965075,550.5322,3,423.552,212.09399999999999,550.5322,484.32527054481716,452.51117054481711,518.71809999999994,1,10,0,41,30
70,10,18,LinearHeuristicAuction,0.05,0.01,,True,,1000,10800,cats_reg_g10b50,,False,CATS,50,regions,MultiMinded,1000,MaxIter,38.37000000002445,965.81,2,780.078,273.52800000000002,739.0820000000001,880.16583343478817,13.712533359330287,138.72893434595238,1,10,16,41,28
71,10,17,LinearHeuristicAuction,0.05,0.01,,True,,1000,10800,cats_reg_g10b50,,False,CATS,50,regions,MultiMinded,1000,MaxIter,36.170000000012806,745.048,3,745.048,330.73000000000002,734.8829000000001,802.52745227985088,57.758584161310282,58.343577277955021,1,10,18,41,27
72,10,23,LinearHeuristicAuction,0.05,0.01,,True,,1000,10800,cats_reg_g10b50,,False,CATS,50,regions,MultiMinded,45,Balance,1.790000000008149,619.2275000000001,7,497.631,317.09799999999996,619.2275000000001,597.47524492216189,486.49094492216187,520.41170437649987,1,10,9,48,33
73,10,20,LinearHeuristicAuction,0.05,0.01,,True,,1000,10800,cats_reg_g10b50,,False,CATS,50,regions,MultiMinded,1000,MaxIter,39.5,675.2625,1,656.76,362.82400000000001,656.76,704.78339879583291,0,0.0,1,10,31,44,30
74,10,26,LinearHeuristicAuction,0.05,0.01,,True,,1000,10800,cats_reg_g10b50,,False,CATS,50,regions,MultiMinded,140,Balance,6.0200000000186265,942.6876,2,890.025,245.483,942.6876,941.91904026333646,917.37074026333653,930.35676029175579,1,10,4,58,36
75,10,15,LinearHeuristicAuction,0.05,0.01,,True,,1000,10800,cats_reg_g10b50,,False,CATS,50,regions,MultiMinded,395,Balance,14.160000000003492,986.353,1,977.088,450.65550000000002,977.088,976.97385343619374,954.44107843619372,978.50556050945318,1,10,15,36,25
76,10,22,LinearHeuristicAuction,0.05,0.01,,True,,1000,10800,cats_reg_g10b50,,False,CATS,50,regions,MultiMinded,97,Balance,3.7300000000104774,900.434,6,820.61,441.17500000000001,900.434,839.12400217533764,706.77150217533756,786.7678906449587,1,10,3,42,32
77,10,19,LinearHeuristicAuction,0.05,0.01,,True,,1000,10800,cats_reg_g10b50,,False,CATS,50,regions,MultiMinded,1000,MaxIter,37.94000000000233,505.8682,2,489.633,293.4085,415.7472,490.03343583816917,0.055238334256513255,37.629826659042493,1,10,15,40,29
78,10,15,LinearHeuristicAuction,0.05,0.01,,True,,1000,10800,cats_reg_g10b50,,False,CATS,50,regions,MultiMinded,181,Balance,6.040000000008149,723.896,1,723.896,268.85500000000002,723.896,723.87286395116087,710.43011395116082,738.40447523494618,1,10,8,30,25
79,10,20,LinearHeuristicAuction,0.05,0.01,,True,,1000,10800,cats_reg_g10b50,,False,CATS,50,regions,MultiMinded,541,Balance,20.79000000000815,830.055,3,715.055,304.07849999999996,830.055,775.14294871727441,729.53117371727433,784.83416134059428,1,10,14,43,30
80,10,23,LinearHeuristicAuction,0.05,0.01,,True,,1000,10800,cats_reg_g10b50,,False,CATS,50,regions,MultiMinded,1000,MaxIter,41.30999999999767,858.2552999999999,2,815.519,326.65449999999998,744.0512,851.06892760024948,60.683679982971142,73.580460143626382,1,10,19,50,33
81,10,19,LinearHeuristicAuction,0.05,0.01,,True,,1000,10800,cats_reg_g10b50,,False,CATS,50,regions,MultiMinded,48,Balance,1.6999999999825377,731.2354999999999,5,657.74,318.25649999999996,728.3769,715.25650756729578,635.69238256729579,662.21864773238838,1,10,12,37,29
82,10,20,LinearHeuristicAuction,0.05,0.01,,True,,1000,10800,cats_reg_g10b50,,False,CATS,50,regions,MultiMinded,1000,MaxIter,38.69000000000233,799.819,2,670.65,230.49700000000001,713.0643,769.66300781192012,46.638564395868535,94.915198800185891,1,10,19,46,30
83,10,18,LinearHeuristicAuction,0.05,0.01,,True,,1000,10800,cats_reg_g10b50,,False,CATS,50,regions,MultiMinded,127,Balance,4.580000000016298,778.391,2,740.964,303.2475,778.391,779.89946105962656,749.57471105962657,769.39122320590104,1,10,12,39,28
84,10,19,LinearHeuristicAuction,0.05,0.01,,True,,1000,10800,cats_reg_g10b50,,False,CATS,50,regions,MultiMinded,12,Balance,0.4399999999732245,653.4665,4,531.36,233.98450000000003,653.4665,591.32873439869309,544.53183439869315,626.95714984201845,1,10,9,37,29
85,10,16,LinearHeuristicAuction,0.05,0.01,,True,,1000,10800,cats_reg_g10b50,,False,CATS,50,regions,MultiMinded,39,Balance,1.320000000006985,738.6202000000001,4,623.355,332.00099999999998,738.6202000000001,730.90635983569359,664.50615983569355,692.15803547303176,1,10,9,34,26
86,10,17,LinearHeuristicAuction,0.05,0.01,,True,,1000,10800,cats_reg_g10b50,,False,CATS,50,regions,MultiMinded,303,Balance,10.619999999995343,772.54,2,646.076,287.08299999999997,772.54,703.04573207342764,674.33743207342775,743.83170000000007,1,10,0,34,27
87,10,18,LinearHeuristicAuction,0.05,0.01,,True,,1000,10800,cats_reg_g10b50,,False,CATS,50,regions,MultiMinded,1000,MaxIter,37.25,883.32347,2,801.709,428.95349999999996,671.90877,947.24468729615603,0.0,0.64458071700756037,1,10,9,39,28
88,10,20,LinearHeuristicAuction,0.05,0.01,,True,,1000,10800,cats_reg_g10b50,,False,CATS,50,regions,MultiMinded,176,Balance,6.619999999995343,662.7294999999999,4,622.783,332.80799999999999,662.7294999999999,653.0714339421188,586.5098339421188,596.87451465288973,1,10,13,45,30
89,10,26,LinearHeuristicAuction,0.05,0.01,,True,,1000,10800,cats_reg_g10b50,,False,CATS,50,regions,MultiMinded,1000,MaxIter,44.970000000001164,844.3882,2,703.836,361.93200000000002,725.4582,815.42473579935177,4.0584171458522817,56.659959183435625,1,10,21,56,36
90,10,21,LinearHeuristicAuction,0.05,0.01,,True,,1000,10800,cats_reg_g10b50,,False,CATS,50,regions,MultiMinded,382,Balance,14.78000000002794,1011.3232,6,890.879,348.79300000000001,1011.3232,902.08306990248866,797.4451699024886,924.63771577704802,1,10,6,44,31
91,10,17,LinearHeuristicAuction,0.05,0.01,,True,,1000,10800,cats_reg_g10b50,,False,CATS,50,regions,MultiMinded,1000,MaxIter,36.420000000012806,890.575,2,890.575,535.99700000000007,468.217,931.29019509379964,134.53865199696025,135.41602853092462,1,10,9,35,27
92,10,22,LinearHeuristicAuction,0.05,0.01,,True,,1000,10800,cats_reg_g10b50,,False,CATS,50,regions,MultiMinded,11,Balance,0.40000000002328306,683.1735,2,627.133,263.76300000000003,683.1735,662.4805194896926,636.1042194896927,700.70150226122666,1,10,18,41,32
93,10,20,LinearHeuristicAuction,0.05,0.01,,True,,1000,10800,cats_reg_g10b50,,False,CATS,50,regions,MultiMinded,61,Balance,2.3299999999871943,931.509,1,931.509,347.88099999999997,931.509,931.14531011682425,913.75126011682426,931.32561120251421,1,10,1,44,30
94,10,15,LinearHeuristicAuction,0.05,0.01,,True,,1000,10800,cats_reg_g10b50,,False,CATS,50,regions,MultiMinded,1000,MaxIter,34.25999999998021,772.037,1,770.337,295.54650000000004,556.001,769.94753289387086,0,27.90765823000612,1,10,11,33,25
95,10,17,LinearHeuristicAuction,0.05,0.01,,True,,1000,10800,cats_reg_g10b50,,False,CATS,50,regions,MultiMinded,563,Balance,20.830000000016298,901.2369,3,849.224,408.67100000000005,901.2369,888.13431403359755,826.83366403359764,840.29652159680325,1,10,9,39,27
96,10,19,LinearHeuristicAuction,0.05,0.01,,True,,1000,10800,cats_reg_g10b50,,False,CATS,50,regions,MultiMinded,10,Balance,0.389999999984866,752.0848,3,651.493,368.70849999999996,752.0848,734.80447019532403,679.498195195324,722.46016202999601,1,10,12,40,29
97,10,20,LinearHeuristicAuction,0.05,0.01,,True,,1000,10800,cats_reg_g10b50,,False,CATS,50,regions,MultiMinded,1000,MaxIter,40.20999999999185,657.92043,2,602.694,360.185,581.55143,695.0654901215928,0.0,0.58239807599591131,1,10,10,46,30
98,10,20,LinearHeuristicAuction,0.05,0.01,,True,,1000,10800,cats_reg_g10b50,,False,CATS,50,regions,MultiMinded,7,Balance,0.25,1047.5140999999999,4,870.711,386.798,1047.5140999999999,910.66505952462035,833.30545952462035,990.78102375484559,1,10,8,35,30
99,10,22,LinearHeuristicAuction,0.05,0.01,,True,,1000,10800,cats_reg_g10b50,,False,CATS,50,regions,MultiMinded,60,Balance,2.389999999984866,1044.344,5,687.143,366.375,1044.344,1010.4407683824843,918.84701838248418,962.8167860796093,1,10,15,47,32
100,10,21,LinearHeuristicAuction,0.05,0.01,,True,,1000,10800,cats_reg_g10b50,,False,CATS,50,regions,MultiMinded,1000,MaxIter,40.48999999999069,587.8678,2,515.864,141.49099999999999,456.48080000000004,568.3123823245304,58.2406054927269,89.760311018822591,1,10,9,46,31
