idx,items,agents,auction_class,epsilon,stepc,epoch,scalebyvalue,reserve_type,maxiter,maxtime,generator_param_name,personalized,int_prices,generator,bids,distribution,type,rounds,status,runtime,efficient_value,final_num_winners,final_max_agent_value,final_scalevalue,final_value,final_total_price,final_revenue,final_indirect_util,final_price_degree,final_price_sparsity,final_imbalance,final_wd_nvars,final_wd_ncons
1,10,17,LinearSubgradientAuction,0.025,0.04,,True,,1000,10800,cats_reg_g10b50,,False,CATS,50,regions,MultiMinded,43,Balance,9.480000000000018,681.0817,4,513.163,288.52699999999999,681.0817,667.8562387617485,639.0035387617487,661.5102754363279,1,10,12,357,537
2,10,19,LinearSubgradientAuction,0.025,0.04,,True,,1000,10800,cats_reg_g10b50,,False,CATS,50,regions,MultiMinded,1000,MaxIter,242.8900000000001,734.1289999999999,2,640.313,226.71899999999999,144.5227,678.77836255234138,21.538305000000008,87.330859895317317,1,10,9,399,599
3,10,17,LinearSubgradientAuction,0.025,0.04,,True,,1000,10800,cats_reg_g10b50,,False,CATS,50,regions,MultiMinded,1000,MaxIter,216.99,804.4359999999999,5,797.452,310.25200000000001,759.91341,828.94300220049922,734.56046011234707,734.56046011234707,1,10,11,357,537
4,10,14,LinearSubgradientAuction,0.025,0.04,,True,,1000,10800,cats_reg_g10b50,,False,CATS,50,regions,MultiMinded,12,Balance,2.099999999999909,574.909,2,568.922,272.93700000000001,574.909,564.99860941461156,551.35175941461148,571.72992489015701,1,10,11,294,444
5,10,21,LinearSubgradientAuction,0.025,0.04,,True,,1000,10800,cats_reg_g10b50,,False,CATS,50,regions,MultiMinded,92,Balance,24.420000000000073,650.6363,3,619.701,342.60149999999999,650.6363,648.77635316334113,631.63865350342689,635.64025421906581,1,10,11,441,661
6,10,17,LinearSubgradientAuction,0.025,0.04,,True,,1000,10800,cats_reg_g10b50,,False,CATS,50,regions,MultiMinded,1000,MaxIter,217.01999999999998,834.2848,1,784.19,470.66899999999998,395.259,886.90300867584938,0,1.5810815483458889,1,10,10,357,537
7,10,21,LinearSubgradientAuction,0.025,0.04,,True,,1000,10800,cats_reg_g10b50,,False,CATS,50,regions,MultiMinded,1000,MaxIter,266.53,854.667,2,696.341,343.76999999999998,414.935,871.39864012371686,94.95831609512328,95.363116575435768,1,10,9,441,661
8,10,18,LinearSubgradientAuction,0.025,0.04,,True,,1000,10800,cats_reg_g10b50,,False,CATS,50,regions,MultiMinded,128,Balance,28.850000000000136,663.572,4,592.441,275.35000000000002,663.572,659.87263154382731,633.04265819838849,642.92075000000011,1,10,1,378,568
9,10,18,LinearSubgradientAuction,0.025,0.04,,True,,1000,10800,cats_reg_g10b50,,False,CATS,50,regions,MultiMinded,13,Balance,2.869999999999891,724.6032999999999,4,611.583,280.12,724.6032999999999,663.71143273497137,635.6994327349712,700.73423621374889,1,10,5,378,568
10,10,23,LinearSubgradientAuction,0.025,0.04,,True,,1000,10800,cats_reg_g10b50,,False,CATS,50,regions,MultiMinded,43,Balance,12.399999999999864,946.3547,4,784.828,433.57950000000005,946.3547,893.30670663430647,850.42666514144469,903.47465850713809,1,10,0,483,723
11,10,16,LinearSubgradientAuction,0.025,0.04,,True,,1000,10800,cats_reg_g10b50,,False,CATS,50,regions,MultiMinded,49,Balance,10.009999999999991,724.662,1,724.662,403.49950000000001,724.662,722.45508849204066,712.36760099204071,715.74466501089569,1,10,5,336,506
12,10,16,LinearSubgradientAuction,0.025,0.04,,True,,1000,10800,cats_reg_g10b50,,False,CATS,50,regions,MultiMinded,46,Balance,9.259999999999991,522.114,1,522.114,283.13549999999998,522.114,508.863531050316,501.78514355031598,522.08641734881462,1,10,16,336,506
13,10,17,LinearSubgradientAuction,0.025,0.04,,True,,1000,10800,cats_reg_g10b50,,False,CATS,50,regions,MultiMinded,192,Balance,42.01999999999998,778.1078,2,718.401,353.04300000000001,778.1078,776.27558403499779,758.6234340349979,761.45274817485983,1,10,1,357,537
14,10,17,LinearSubgradientAuction,0.025,0.04,,True,,1000,10800,cats_reg_g10b50,,False,CATS,50,regions,MultiMinded,30,Balance,6.3599999999999,588.9796,2,575.883,307.69200000000001,588.9796,587.26403025284151,571.87943025284142,578.52904654009455,1,10,7,357,537
15,10,17,LinearSubgradientAuction,0.025,0.04,,True,,1000,10800,cats_reg_g10b50,,False,CATS,50,regions,MultiMinded,1000,MaxIter,214.5999999999999,634.994,3,600.13,422.91899999999998,610.676,665.09737489430427,578.91176811280513,590.06500511506908,1,10,1,357,537
16,10,26,LinearSubgradientAuction,0.025,0.04,,True,,1000,10800,cats_reg_g10b50,,False,CATS,50,regions,MultiMinded,69,Balance,22.37000000000012,519.6692,2,485.933,278.584,519.6692,525.22653670433772,511.29733670433768,512.5993842599521,1,10,9,546,816
17,10,16,LinearSubgradientAuction,0.025,0.04,,True,,1000,10800,cats_reg_g10b50,,False,CATS,50,regions,MultiMinded,77,Balance,15.720000000000027,910.0260000000001,3,815.656,322.738,910.0260000000001,905.61847122544077,881.41312122544082,887.85136931636532,1,10,8,336,506
18,10,18,LinearSubgradientAuction,0.025,0.04,,True,,1000,10800,cats_reg_g10b50,,False,CATS,50,regions,MultiMinded,1000,MaxIter,230.6300000000001,982.461,1,932.103,367.83500000000004,413.591,1005.8923879810873,0,5.1762432950253867,1,10,10,378,568
19,10,19,LinearSubgradientAuction,0.025,0.04,,True,,1000,10800,cats_reg_g10b50,,False,CATS,50,regions,MultiMinded,1000,MaxIter,242.1300000000001,903.4849999999999,2,826.774,559.33850000000007,642.033,949.79884294420367,628.11348899375253,628.75669123540263,1,10,5,399,599
20,10,21,LinearSubgradientAuction,0.025,0.04,,True,,1000,10800,cats_reg_g10b50,,False,CATS,50,regions,MultiMinded,1000,MaxIter,263.39999999999986,780.3014999999999,3,637.779,268.37200000000001,242.284,696.98276268445807,136.85012677235318,232.55302740621661,1,10,7,441,661
21,10,17,LinearSubgradientAuction,0.025,0.04,,True,,1000,10800,cats_reg_g10b50,,False,CATS,50,regions,MultiMinded,23,Balance,4.879999999999882,869.309,3,770.684,361.69299999999998,869.309,795.18455486445964,768.05757986445963,842.18202499999995,1,10,0,357,537
22,10,16,LinearSubgradientAuction,0.025,0.04,,True,,1000,10800,cats_reg_g10b50,,False,CATS,50,regions,MultiMinded,1000,MaxIter,202.9000000000001,827.155,4,792.758,416.87799999999999,622.379,911.27377538012888,591.05032504214216,601.9917223079251,1,10,4,336,506
23,10,21,LinearSubgradientAuction,0.025,0.04,,True,,1000,10800,cats_reg_g10b50,,False,CATS,50,regions,MultiMinded,1000,MaxIter,266.03999999999974,926.9879999999999,3,813.726,269.07900000000001,314.094,870.09332816965014,235.6234708701821,301.9665947376879,1,10,7,441,661
24,10,23,LinearSubgradientAuction,0.025,0.04,,True,,1000,10800,cats_reg_g10b50,,False,CATS,50,regions,MultiMinded,1000,MaxIter,288.9000000000001,822.2049999999999,3,635.81,377.13200000000001,353.454,839.57918555603078,327.3066842363566,337.92007232759909,1,10,7,483,723
25,10,22,LinearSubgradientAuction,0.025,0.04,,True,,1000,10800,cats_reg_g10b50,,False,CATS,50,regions,MultiMinded,1000,MaxIter,274.6099999999999,534.8185,4,446.519,197.68200000000002,431.35749999999996,530.45972236472005,385.36952564542725,422.89885521891813,1,10,11,462,692
26,10,17,LinearSubgradientAuction,0.025,0.04,,True,,1000,10800,cats_reg_g10b50,,False,CATS,50,regions,MultiMinded,17,Balance,3.5799999999999272,716.487,2,716.487,299.23599999999999,716.487,716.90025623954955,703.93532348907775,709.00609999999995,1,10,1,357,537
27,10,17,LinearSubgradientAuction,0.025,0.04,,True,,1000,10800,cats_reg_g10b50,,False,CATS,50,regions,MultiMinded,147,Balance,31.860000000000127,811.1127,4,667.768,330.15700000000004,811.1127,803.29657148186129,770.28087148186125,783.10970646099224,1,10,10,357,537
28,10,18,LinearSubgradientAuction,0.025,0.04,,True,,1000,10800,cats_reg_g10b50,,False,CATS,50,regions,MultiMinded,102,Balance,23.38000000000011,818.682,3,802.322,385.84800000000001,818.682,813.20103188182406,784.262431881824,793.34534263444107,1,10,15,378,568
29,10,20,LinearSubgradientAuction,0.025,0.04,,True,,1000,10800,cats_reg_g10b50,,False,CATS,50,regions,MultiMinded,72,Balance,18.40000000000009,767.6940999999999,3,746.709,446.00549999999998,767.6940999999999,754.08932833344704,720.63891583344696,735.48415468182463,1,10,3,420,630
30,10,18,LinearSubgradientAuction,0.025,0.04,,True,,1000,10800,cats_reg_g10b50,,False,CATS,50,regions,MultiMinded,1000,MaxIter,228.52999999999975,794.5821000000001,5,739.446,385.6635,445.22310000000004,855.84874770807005,416.78714432302434,416.78714432302434,1,10,9,378,568
31,10,21,LinearSubgradientAuction,0.025,0.04,,True,,1000,10800,cats_reg_g10b50,,False,CATS,50,regions,MultiMinded,1000,MaxIter,266.1500000000001,818.388,3,733.06,325.495,536.3833,829.0717733651984,518.82500103759287,522.31373197959056,1,10,4,441,661
32,10,20,LinearSubgradientAuction,0.025,0.04,,True,,1000,10800,cats_reg_g10b50,,False,CATS,50,regions,MultiMinded,76,Balance,19.2199999999998,637.3713,4,533.498,304.15100000000001,637.3713,634.04280251922671,603.62770251922655,608.01722678817907,1,10,2,420,630
33,10,16,LinearSubgradientAuction,0.025,0.04,,True,,1000,10800,cats_reg_g10b50,,False,CATS,50,regions,MultiMinded,18,Balance,3.5799999999999272,560.5032,3,498.34,219.72300000000001,560.5032,516.17810977712134,499.88989759508269,549.56112112481253,1,10,2,336,506
34,10,20,LinearSubgradientAuction,0.025,0.04,,True,,1000,10800,cats_reg_g10b50,,False,CATS,50,regions,MultiMinded,52,Balance,13.13000000000011,726.3012,5,568.454,249.64099999999999,726.3012,671.9807597456421,641.27189765829553,701.33710000000008,1,10,1,420,630
35,10,27,LinearSubgradientAuction,0.025,0.04,,True,,1000,10800,cats_reg_g10b50,,False,CATS,50,regions,MultiMinded,57,Balance,19.100000000000364,858.175,2,722.988,380.87900000000002,858.175,853.14985840982183,834.10590840982184,839.13104999999996,1,10,0,567,847
36,10,17,LinearSubgradientAuction,0.025,0.04,,True,,1000,10800,cats_reg_g10b50,,False,CATS,50,regions,MultiMinded,1000,MaxIter,219.75,716.498,3,716.498,379.51999999999998,639.938,723.13115853537045,623.51018332337981,623.51018332337981,1,10,8,357,537
37,10,20,LinearSubgradientAuction,0.025,0.04,,True,,1000,10800,cats_reg_g10b50,,False,CATS,50,regions,MultiMinded,21,Balance,5.2199999999998,824.835,4,630.222,329.92600000000004,824.835,782.60064749708954,752.51476187604044,800.09054999999989,1,10,1,420,630
38,10,18,LinearSubgradientAuction,0.025,0.04,,True,,1000,10800,cats_reg_g10b50,,False,CATS,50,regions,MultiMinded,185,Balance,42.59999999999991,825.56,1,825.56,471.01400000000001,825.56,825.48355058855691,813.70820058855691,813.78464999999994,1,10,0,378,568
39,10,25,LinearSubgradientAuction,0.025,0.04,,True,,1000,10800,cats_reg_g10b50,,False,CATS,50,regions,MultiMinded,32,Balance,9.809999999999945,948.5501,5,753.385,196.10050000000001,948.5501,785.95878826151602,761.44622576151619,924.0375375000001,1,10,0,525,785
40,10,22,LinearSubgradientAuction,0.025,0.04,,True,,1000,10800,cats_reg_g10b50,,False,CATS,50,regions,MultiMinded,1000,MaxIter,275.9500000000003,694.64,4,671.57,320.48500000000001,459.653,727.56226897510442,433.18608388629383,446.71848388629382,1,10,15,462,692
41,10,18,LinearSubgradientAuction,0.025,0.04,,True,,1000,10800,cats_reg_g10b50,,False,CATS,50,regions,MultiMinded,23,Balance,5.2400000000002365,919.5834,3,833.068,428.51799999999997,919.5834,912.57443972869919,880.43558972869914,887.98772349026967,1,10,1,378,568
42,10,21,LinearSubgradientAuction,0.025,0.04,,True,,1000,10800,cats_reg_g10b50,,False,CATS,50,regions,MultiMinded,63,Balance,16.4699999999998,722.396,2,722.396,339.44,722.396,730.4109886370652,713.59406527356521,713.92032775114944,1,10,2,441,661
43,10,20,LinearSubgradientAuction,0.025,0.04,,True,,1000,10800,cats_reg_g10b50,,False,CATS,50,regions,MultiMinded,29,Balance,7.269999999999982,820.8240000000001,3,681.374,265.63999999999999,820.8240000000001,810.8216578974459,792.61529198065546,807.54200000000014,1,10,1,420,630
44,10,19,LinearSubgradientAuction,0.025,0.04,,True,,1000,10800,cats_reg_g10b50,,False,CATS,50,regions,MultiMinded,1000,MaxIter,243.45999999999958,607.363,5,484.926,277.04599999999999,530.75,630.35176542050351,489.34383716536342,512.97675119677558,1,10,14,399,599
45,10,20,LinearSubgradientAuction,0.025,0.04,,True,,1000,10800,cats_reg_g10b50,,False,CATS,50,regions,MultiMinded,48,Balance,11.930000000000291,687.7891,5,510.577,285.93000000000001,687.7891,684.05027531189035,648.30902531189031,656.08209721759738,1,10,4,420,630
46,10,19,LinearSubgradientAuction,0.025,0.04,,True,,1000,10800,cats_reg_g10b50,,False,CATS,50,regions,MultiMinded,71,Balance,16.960000000000036,810.368,2,810.368,345.00850000000003,810.368,772.05478747651159,756.23193677649476,801.74278750000008,1,10,2,399,599
47,10,18,LinearSubgradientAuction,0.025,0.04,,True,,1000,10800,cats_reg_g10b50,,False,CATS,50,regions,MultiMinded,121,Balance,27.480000000000018,759.477,2,738.963,363.25599999999997,759.477,763.86324481977965,745.7004448197797,749.45368965364071,1,10,1,378,568
48,10,29,LinearSubgradientAuction,0.025,0.04,,True,,1000,10800,cats_reg_g10b50,,False,CATS,50,regions,MultiMinded,57,Balance,20.63000000000011,726.774,3,661.833,328.96899999999999,726.774,724.6386833922021,699.96600839220196,702.10132499999986,1,10,0,609,909
49,10,23,LinearSubgradientAuction,0.025,0.04,,True,,1000,10800,cats_reg_g10b50,,False,CATS,50,regions,MultiMinded,1000,MaxIter,290.1199999999999,587.5914,6,462.576,216.20049999999998,529.9259999999999,564.9577718486762,475.66425406903772,502.96126444815337,1,10,4,483,723
50,10,17,LinearSubgradientAuction,0.025,0.04,,True,,1000,10800,cats_reg_g10b50,,False,CATS,50,regions,MultiMinded,17,Balance,3.5400000000004184,945.836,4,681.012,323.851,945.836,901.20623141084411,868.82113141084403,920.149710057015,1,10,5,357,537
51,10,25,LinearSubgradientAuction,0.025,0.04,,True,,1000,10800,cats_reg_g10b50,,False,CATS,50,regions,MultiMinded,30,Balance,9.179999999999836,831.2631000000001,4,644.905,285.66050000000001,831.2631000000001,821.1166892359654,792.8655055594503,809.83856250000019,1,10,1,525,785
52,10,19,LinearSubgradientAuction,0.025,0.04,,True,,1000,10800,cats_reg_g10b50,,False,CATS,50,regions,MultiMinded,22,Balance,5.160000000000309,608.391,2,608.391,276.31299999999999,608.391,606.03228568927216,595.32825422313522,602.96519841390386,1,10,3,399,599
53,10,21,LinearSubgradientAuction,0.025,0.04,,True,,1000,10800,cats_reg_g10b50,,False,CATS,50,regions,MultiMinded,1000,MaxIter,265.02999999999975,623.5598,2,612.518,167.23250000000002,387.8668,635.29842195212314,72.403425593722488,74.45203553225366,1,10,8,441,661
54,10,20,LinearSubgradientAuction,0.025,0.04,,True,,1000,10800,cats_reg_g10b50,,False,CATS,50,regions,MultiMinded,97,Balance,24.31999999999971,1040.322,4,967.436,414.12850000000003,1040.322,987.53648802642965,946.12363802642972,1009.7217100356271,1,10,8,420,630
55,10,17,LinearSubgradientAuction,0.025,0.04,,True,,1000,10800,cats_reg_g10b50,,False,CATS,50,regions,MultiMinded,9,Balance,1.8200000000001637,1001.244,2,739.168,309.35699999999997,1001.244,989.10440399740787,973.63655399740787,985.77614999999992,1,10,0,357,537
56,10,17,LinearSubgradientAuction,0.025,0.04,,True,,1000,10800,cats_reg_g10b50,,False,CATS,50,regions,MultiMinded,1000,MaxIter,214.96000000000004,674.3464,1,592.43,348.80000000000001,99.5455,661.21141859382806,0,21.642786222491665,1,10,9,357,537
57,10,20,LinearSubgradientAuction,0.025,0.04,,True,,1000,10800,cats_reg_g10b50,,False,CATS,50,regions,MultiMinded,63,Balance,15.900000000000091,783.158,3,568.928,268.62299999999999,783.158,764.58023837070948,744.43351337070953,766.98673584781568,1,10,5,420,630
58,10,21,LinearSubgradientAuction,0.025,0.04,,True,,1000,10800,cats_reg_g10b50,,False,CATS,50,regions,MultiMinded,49,Balance,12.940000000000055,871.9079999999999,2,791.212,427.88200000000001,871.9079999999999,866.34573561979028,844.9516356197903,850.71321847365198,1,10,5,441,661
59,10,28,LinearSubgradientAuction,0.025,0.04,,True,,1000,10800,cats_reg_g10b50,,False,CATS,50,regions,MultiMinded,290,Balance,101.5300000000002,875.1772,3,803.796,406.47899999999998,875.1772,871.72412933958447,841.2382043395844,844.69559474052187,1,10,4,588,878
60,10,22,LinearSubgradientAuction,0.025,0.04,,True,,1000,10800,cats_reg_g10b50,,False,CATS,50,regions,MultiMinded,40,Balance,11.049999999999727,716.1357,3,662.173,358.10899999999998,716.1357,684.34254237944037,657.48436737944041,703.76336099548394,1,10,17,462,692
61,10,19,LinearSubgradientAuction,0.025,0.04,,True,,1000,10800,cats_reg_g10b50,,False,CATS,50,regions,MultiMinded,60,Balance,14.409999999999854,756.948,3,553.212,307.67700000000002,756.948,753.32656984646758,730.25079484646756,735.38227270149628,1,10,4,399,599
62,10,20,LinearSubgradientAuction,0.025,0.04,,True,,1000,10800,cats_reg_g10b50,,False,CATS,50,regions,MultiMinded,18,Balance,4.440000000000055,962.414,4,839.979,365.63299999999998,959.2605000000001,956.80737134192589,920.24407134192609,934.74323789732318,1,10,14,420,630
63,10,20,LinearSubgradientAuction,0.025,0.04,,True,,1000,10800,cats_reg_g10b50,,False,CATS,50,regions,MultiMinded,58,Balance,14.429999999999836,966.8963000000001,4,783.33,502.36099999999999,966.8963000000001,953.25786049076203,903.02176049076206,918.91233092368441,1,10,4,420,630
64,10,24,LinearSubgradientAuction,0.025,0.04,,True,,1000,10800,cats_reg_g10b50,,False,CATS,50,regions,MultiMinded,53,Balance,15.870000000000346,784.4846,2,723.45,238.8545,784.4846,770.15077610623518,758.20805110623508,774.10643710779141,1,10,3,504,754
65,10,18,LinearSubgradientAuction,0.025,0.04,,True,,1000,10800,cats_reg_g10b50,,False,CATS,50,regions,MultiMinded,60,Balance,13.569999999999709,863.3610000000001,4,758.102,337.34500000000003,863.3610000000001,823.99963785812781,790.26513785812779,830.03124283575835,1,10,3,378,568
66,10,18,LinearSubgradientAuction,0.025,0.04,,True,,1000,10800,cats_reg_g10b50,,False,CATS,50,regions,MultiMinded,117,Balance,26.389999999999873,852.079,4,807.329,372.65700000000004,852.079,806.65867299341778,772.4415937891157,825.75734235384721,1,10,15,378,568
67,10,27,LinearSubgradientAuction,0.025,0.04,,True,,1000,10800,cats_reg_g10b50,,False,CATS,50,regions,MultiMinded,50,Balance,16.879999999999654,860.8598,2,789.183,223.39999999999998,860.8598,854.06484910073368,842.89484910073361,854.2979581841015,1,10,1,567,847
68,10,20,LinearSubgradientAuction,0.025,0.04,,True,,1000,10800,cats_reg_g10b50,,False,CATS,50,regions,MultiMinded,49,Balance,12.25,535.1916,4,486.692,201.834,535.1916,532.74833134569633,512.56493134569644,518.26819096149734,1,10,1,420,630
69,10,20,LinearSubgradientAuction,0.025,0.04,,True,,1000,10800,cats_reg_g10b50,,False,CATS,50,regions,MultiMinded,31,Balance,7.7199999999998,550.5322,3,423.552,212.09399999999999,550.5322,535.0369377178348,519.12988771783478,534.62514999999996,1,10,0,420,630
70,10,18,LinearSubgradientAuction,0.025,0.04,,True,,1000,10800,cats_reg_g10b50,,False,CATS,50,regions,MultiMinded,1000,MaxIter,227.21000000000004,965.81,3,780.078,273.52800000000002,355.709,893.51931653566794,237.30299934782755,349.14383154831688,1,10,1,378,568
71,10,17,LinearSubgradientAuction,0.025,0.04,,True,,1000,10800,cats_reg_g10b50,,False,CATS,50,regions,MultiMinded,1000,MaxIter,217.0999999999999,745.048,1,745.048,330.73000000000002,283.102,780.23994297544505,0,3.7477461169675053,1,10,10,357,537
72,10,23,LinearSubgradientAuction,0.025,0.04,,True,,1000,10800,cats_reg_g10b50,,False,CATS,50,regions,MultiMinded,44,Balance,12.549999999999727,619.2275000000001,7,497.631,317.09799999999996,619.2275000000001,588.81490154785865,533.3227515478585,563.73534999999981,1,10,0,483,723
73,10,20,LinearSubgradientAuction,0.025,0.04,,True,,1000,10800,cats_reg_g10b50,,False,CATS,50,regions,MultiMinded,1000,MaxIter,251.9699999999998,675.2625,1,656.76,362.82400000000001,601.73,700.79539242968667,0,0.0,1,10,10,420,630
74,10,26,LinearSubgradientAuction,0.025,0.04,,True,,1000,10800,cats_reg_g10b50,,False,CATS,50,regions,MultiMinded,25,Balance,7.900000000000091,942.6876,2,890.025,245.483,942.6876,935.60929621840762,923.33514621840766,930.41345000000001,1,10,0,546,816
75,10,15,LinearSubgradientAuction,0.025,0.04,,True,,1000,10800,cats_reg_g10b50,,False,CATS,50,regions,MultiMinded,43,Balance,8.169999999999618,986.353,5,977.088,450.65550000000002,986.353,976.27742704470097,921.60957390573469,950.18956785699629,1,10,15,315,475
76,10,22,LinearSubgradientAuction,0.025,0.04,,True,,1000,10800,cats_reg_g10b50,,False,CATS,50,regions,MultiMinded,46,Balance,12.569999999999709,900.434,6,820.61,441.17500000000001,900.434,889.61935724800605,823.44310724800619,848.0737612089431,1,10,7,462,692
77,10,19,LinearSubgradientAuction,0.025,0.04,,True,,1000,10800,cats_reg_g10b50,,False,CATS,50,regions,MultiMinded,1000,MaxIter,240.87999999999965,505.8682,4,489.633,293.4085,80.1243,495.81198005844476,47.038341547420742,65.498610924155912,1,10,6,399,599
78,10,15,LinearSubgradientAuction,0.025,0.04,,True,,1000,10800,cats_reg_g10b50,,False,CATS,50,regions,MultiMinded,109,Balance,21.0,723.896,1,723.896,268.85500000000002,723.896,720.17107310167012,713.44969810167015,721.80976780174274,1,10,14,315,475
79,10,20,LinearSubgradientAuction,0.025,0.04,,True,,1000,10800,cats_reg_g10b50,,False,CATS,50,regions,MultiMinded,51,Balance,12.890000000000327,830.055,4,715.055,304.07849999999996,830.055,791.88489317261042,762.07268760409204,807.24911249999991,1,10,1,420,630
80,10,23,LinearSubgradientAuction,0.025,0.04,,True,,1000,10800,cats_reg_g10b50,,False,CATS,50,regions,MultiMinded,134,Balance,38.559999999999945,858.2552999999999,5,815.519,326.65449999999998,858.2552999999999,848.27188790072523,807.44007540072505,822.3176016672918,1,10,5,483,723
81,10,19,LinearSubgradientAuction,0.025,0.04,,True,,1000,10800,cats_reg_g10b50,,False,CATS,50,regions,MultiMinded,236,Balance,57.23000000000002,731.2354999999999,3,657.74,318.25649999999996,731.2354999999999,724.33640065168379,700.46716315168374,707.36626249999995,1,10,0,399,599
82,10,20,LinearSubgradientAuction,0.025,0.04,,True,,1000,10800,cats_reg_g10b50,,False,CATS,50,regions,MultiMinded,1000,MaxIter,253.54999999999973,799.819,2,670.65,230.49700000000001,494.447,766.49668595500657,449.49565941646478,490.38467192291637,1,10,5,420,630
83,10,18,LinearSubgradientAuction,0.025,0.04,,True,,1000,10800,cats_reg_g10b50,,False,CATS,50,regions,MultiMinded,55,Balance,12.449999999999818,778.391,2,740.964,303.2475,778.391,771.35743708425616,756.19506208425616,763.31746015941224,1,10,2,378,568
84,10,19,LinearSubgradientAuction,0.025,0.04,,True,,1000,10800,cats_reg_g10b50,,False,CATS,50,regions,MultiMinded,18,Balance,4.209999999999582,653.4665,4,531.36,233.98450000000003,653.4665,610.14231455861375,586.74386455861384,633.65008732714682,1,10,3,399,599
85,10,16,LinearSubgradientAuction,0.025,0.04,,True,,1000,10800,cats_reg_g10b50,,False,CATS,50,regions,MultiMinded,23,Balance,4.579999999999927,738.6202000000001,4,623.355,332.00099999999998,738.6202000000001,732.31565496412009,699.11555496412007,705.42010000000005,1,10,0,336,506
86,10,17,LinearSubgradientAuction,0.025,0.04,,True,,1000,10800,cats_reg_g10b50,,False,CATS,50,regions,MultiMinded,37,Balance,7.829999999999927,772.54,3,646.076,287.08299999999997,772.54,767.09785434167543,748.98467693737803,758.18585000000007,1,10,2,357,537
87,10,18,LinearSubgradientAuction,0.025,0.04,,True,,1000,10800,cats_reg_g10b50,,False,CATS,50,regions,MultiMinded,1000,MaxIter,231.6899999999996,883.32347,2,801.709,428.95349999999996,45.89987,929.67640470412164,0.0,7.298300045179678,1,10,9,378,568
88,10,20,LinearSubgradientAuction,0.025,0.04,,True,,1000,10800,cats_reg_g10b50,,False,CATS,50,regions,MultiMinded,35,Balance,8.7800000000002,662.7294999999999,4,622.783,332.80799999999999,662.7294999999999,648.52650691803774,615.24570691803774,636.73844217306817,1,10,5,420,630
89,10,26,LinearSubgradientAuction,0.025,0.04,,True,,1000,10800,cats_reg_g10b50,,False,CATS,50,regions,MultiMinded,1000,MaxIter,326.2399999999998,844.3882,5,703.836,361.93200000000002,782.4252,850.92650134952248,732.09049771458569,748.83525547992917,1,10,7,546,816
90,10,21,LinearSubgradientAuction,0.025,0.04,,True,,1000,10800,cats_reg_g10b50,,False,CATS,50,regions,MultiMinded,1000,MaxIter,267.94000000000005,1011.3232,6,890.879,348.79300000000001,933.3802,920.79940517438934,789.86573691186607,890.42079185189391,1,10,5,441,661
91,10,17,LinearSubgradientAuction,0.025,0.04,,True,,1000,10800,cats_reg_g10b50,,False,CATS,50,regions,MultiMinded,248,Balance,53.409999999999854,890.575,1,890.575,535.99700000000007,890.575,889.53286628604258,876.13294128604252,886.29834786928689,1,10,16,357,537
92,10,22,LinearSubgradientAuction,0.025,0.04,,True,,1000,10800,cats_reg_g10b50,,False,CATS,50,regions,MultiMinded,31,Balance,8.5,683.1735,2,627.133,263.76300000000003,683.1735,664.94304604555828,651.75489604555833,670.93094352243372,1,10,9,462,692
93,10,20,LinearSubgradientAuction,0.025,0.04,,True,,1000,10800,cats_reg_g10b50,,False,CATS,50,regions,MultiMinded,33,Balance,8.13000000000011,931.509,1,931.509,347.88099999999997,931.509,926.15581487287704,917.45878987287699,922.81197499999996,1,10,0,420,630
94,10,15,LinearSubgradientAuction,0.025,0.04,,True,,1000,10800,cats_reg_g10b50,,False,CATS,50,regions,MultiMinded,1000,MaxIter,191.1500000000001,772.037,5,770.337,295.54650000000004,442.3582,777.41117402493353,412.22289136675636,414.04575952171751,1,10,9,315,475
95,10,17,LinearSubgradientAuction,0.025,0.04,,True,,1000,10800,cats_reg_g10b50,,False,CATS,50,regions,MultiMinded,56,Balance,12.090000000000146,901.2369,4,849.224,408.67100000000005,901.2369,895.83497877765717,860.95566133077534,870.58657499999993,1,10,1,357,537
96,10,19,LinearSubgradientAuction,0.025,0.04,,True,,1000,10800,cats_reg_g10b50,,False,CATS,50,regions,MultiMinded,21,Balance,4.920000000000073,752.0848,3,651.493,368.70849999999996,752.0848,726.86870372418844,699.21556622418859,732.06706823854961,1,10,11,399,599
97,10,20,LinearSubgradientAuction,0.025,0.04,,True,,1000,10800,cats_reg_g10b50,,False,CATS,50,regions,MultiMinded,1000,MaxIter,253.80999999999995,657.92043,1,602.694,360.185,400.287,696.07883107710222,0,0.76008446085783943,1,10,10,420,630
98,10,20,LinearSubgradientAuction,0.025,0.04,,True,,1000,10800,cats_reg_g10b50,,False,CATS,50,regions,MultiMinded,10,Balance,2.3899999999998727,1047.5140999999999,4,870.711,386.798,1047.5140999999999,1002.3757409778942,963.69594097789434,1008.8343000000001,1,10,0,420,630
99,10,22,LinearSubgradientAuction,0.025,0.04,,True,,1000,10800,cats_reg_g10b50,,False,CATS,50,regions,MultiMinded,31,Balance,8.449999999999818,1044.344,5,687.143,366.375,1044.344,1028.5966140302435,982.79973903024359,1000.463359495425,1,10,4,462,692
100,10,21,LinearSubgradientAuction,0.025,0.04,,True,,1000,10800,cats_reg_g10b50,,False,CATS,50,regions,MultiMinded,211,Balance,55.340000000000146,587.8678,2,515.864,141.49099999999999,587.8678,564.56863215147234,557.4940821514723,581.23938645577334,1,10,4,441,661
