idx,items,agents,auction_class,epsilon,stepc,epoch,scalebyvalue,reserve_type,maxiter,maxtime,generator_param_name,personalized,int_prices,generator,bids,distribution,type,rounds,status,runtime,efficient_value,final_num_winners,final_max_agent_value,final_scalevalue,final_value,final_total_price,final_revenue,final_indirect_util,final_price_degree,final_price_sparsity,final_imbalance,final_wd_nvars,final_wd_ncons
1,10,17,LinearSubgradientAuction,0.025,0.08,,True,,1000,10800,cats_reg_g10b50,,False,CATS,50,regions,MultiMinded,56,Balance,12.050000000000182,681.0817,4,513.163,288.52699999999999,681.0817,669.82808107657024,640.97538107657033,656.62793867687378,1,10,5,357,537
2,10,19,LinearSubgradientAuction,0.025,0.08,,True,,1000,10800,cats_reg_g10b50,,False,CATS,50,regions,MultiMinded,1000,MaxIter,241.8800000000001,734.1289999999999,3,640.313,226.71899999999999,504.306,708.81962516781334,456.46857751078045,493.9360175107804,1,10,9,399,599
3,10,17,LinearSubgradientAuction,0.025,0.08,,True,,1000,10800,cats_reg_g10b50,,False,CATS,50,regions,MultiMinded,1000,MaxIter,217.82000000000016,804.4359999999999,5,797.452,310.25200000000001,759.91341,827.33805552490981,733.23595388742672,733.44294708804227,1,10,4,357,537
4,10,14,LinearSubgradientAuction,0.025,0.08,,True,,1000,10800,cats_reg_g10b50,,False,CATS,50,regions,MultiMinded,22,Balance,3.8600000000001273,574.909,2,568.922,272.93700000000001,574.909,566.6520424021021,553.00519240210201,563.53210759789795,1,10,9,294,444
5,10,21,LinearSubgradientAuction,0.025,0.08,,True,,1000,10800,cats_reg_g10b50,,False,CATS,50,regions,MultiMinded,89,Balance,23.36999999999989,650.6363,2,619.701,342.60149999999999,650.6363,633.86614910144851,616.73607410144848,643.69289232085987,1,10,20,441,661
6,10,17,LinearSubgradientAuction,0.025,0.08,,True,,1000,10800,cats_reg_g10b50,,False,CATS,50,regions,MultiMinded,1000,MaxIter,215.9000000000001,834.2848,4,784.19,470.66899999999998,451.901,890.96293532244738,430.90516362266987,430.90516362266987,1,10,9,357,537
7,10,21,LinearSubgradientAuction,0.025,0.08,,True,,1000,10800,cats_reg_g10b50,,False,CATS,50,regions,MultiMinded,1000,MaxIter,265.0300000000002,854.667,1,696.341,343.76999999999998,311.382,865.45061420493266,0,13.131590415342359,1,10,10,441,661
8,10,18,LinearSubgradientAuction,0.025,0.08,,True,,1000,10800,cats_reg_g10b50,,False,CATS,50,regions,MultiMinded,90,Balance,20.31999999999971,663.572,4,592.441,275.35000000000002,663.572,662.28679404200534,635.11784946668172,642.92075000000011,1,10,1,378,568
9,10,18,LinearSubgradientAuction,0.025,0.08,,True,,1000,10800,cats_reg_g10b50,,False,CATS,50,regions,MultiMinded,30,Balance,6.739999999999782,724.6032999999999,4,611.583,280.12,724.6032999999999,684.27105998329478,656.25905998329461,697.61959768916972,1,10,2,378,568
10,10,23,LinearSubgradientAuction,0.025,0.08,,True,,1000,10800,cats_reg_g10b50,,False,CATS,50,regions,MultiMinded,58,Balance,16.600000000000364,946.3547,4,784.828,433.57950000000005,946.3547,865.38886582323391,824.7099334381013,914.32541590334313,1,10,7,483,723
11,10,16,LinearSubgradientAuction,0.025,0.08,,True,,1000,10800,cats_reg_g10b50,,False,CATS,50,regions,MultiMinded,143,Balance,29.15000000000009,724.662,1,724.662,403.49950000000001,724.662,723.80961330255013,713.72212580255018,714.57451250000008,1,10,0,336,506
12,10,16,LinearSubgradientAuction,0.025,0.08,,True,,1000,10800,cats_reg_g10b50,,False,CATS,50,regions,MultiMinded,52,Balance,10.480000000000018,522.114,1,522.114,283.13549999999998,522.114,521.22639655631679,514.14800905631682,515.05783824955699,1,10,1,336,506
13,10,17,LinearSubgradientAuction,0.025,0.08,,True,,1000,10800,cats_reg_g10b50,,False,CATS,50,regions,MultiMinded,251,Balance,54.20000000000027,778.1078,4,718.401,353.04300000000001,774.5908000000001,770.1896009190441,734.88530091904431,749.50011837456088,1,10,10,357,537
14,10,17,LinearSubgradientAuction,0.025,0.08,,True,,1000,10800,cats_reg_g10b50,,False,CATS,50,regions,MultiMinded,30,Balance,6.420000000000073,588.9796,2,575.883,307.69200000000001,588.9796,580.4140635272779,565.45457407511037,574.29145709322404,1,10,6,357,537
15,10,17,LinearSubgradientAuction,0.025,0.08,,True,,1000,10800,cats_reg_g10b50,,False,CATS,50,regions,MultiMinded,1000,MaxIter,215.87999999999965,634.994,3,600.13,422.91899999999998,610.676,665.75682529229164,580.00862726013327,590.93955393568353,1,10,1,357,537
16,10,26,LinearSubgradientAuction,0.025,0.08,,True,,1000,10800,cats_reg_g10b50,,False,CATS,50,regions,MultiMinded,101,Balance,32.820000000000164,519.6692,2,485.933,278.584,519.6692,518.11882387094317,504.18962387094314,505.74000000000001,1,10,0,546,816
17,10,16,LinearSubgradientAuction,0.025,0.08,,True,,1000,10800,cats_reg_g10b50,,False,CATS,50,regions,MultiMinded,47,Balance,9.550000000000182,910.0260000000001,3,815.656,322.738,910.0260000000001,904.33188801349354,880.12653801349347,891.2984530527433,1,10,8,336,506
18,10,18,LinearSubgradientAuction,0.025,0.08,,True,,1000,10800,cats_reg_g10b50,,False,CATS,50,regions,MultiMinded,1000,MaxIter,230.29999999999973,982.461,4,932.103,367.83500000000004,462.881,1009.8759477559313,446.34893011129907,446.82483065327642,1,10,7,378,568
19,10,19,LinearSubgradientAuction,0.025,0.08,,True,,1000,10800,cats_reg_g10b50,,False,CATS,50,regions,MultiMinded,1000,MaxIter,239.48999999999978,903.4849999999999,3,826.774,559.33850000000007,325.08,963.68718425630152,318.79014582038837,318.79014582038837,1,10,17,399,599
20,10,21,LinearSubgradientAuction,0.025,0.08,,True,,1000,10800,cats_reg_g10b50,,False,CATS,50,regions,MultiMinded,1000,MaxIter,264.80999999999995,780.3014999999999,5,637.779,268.37200000000001,652.3434,722.88308535339638,562.70118660240621,633.58566660240626,1,10,8,441,661
21,10,17,LinearSubgradientAuction,0.025,0.08,,True,,1000,10800,cats_reg_g10b50,,False,CATS,50,regions,MultiMinded,31,Balance,6.630000000000109,869.309,3,770.684,361.69299999999998,869.309,849.07421503099692,821.9472400309968,842.18202499999995,1,10,0,357,537
22,10,16,LinearSubgradientAuction,0.025,0.08,,True,,1000,10800,cats_reg_g10b50,,False,CATS,50,regions,MultiMinded,1000,MaxIter,203.79999999999973,827.155,4,792.758,416.87799999999999,622.379,912.39964041891892,591.85811362753736,602.37376009470393,1,10,4,336,506
23,10,21,LinearSubgradientAuction,0.025,0.08,,True,,1000,10800,cats_reg_g10b50,,False,CATS,50,regions,MultiMinded,1000,MaxIter,266.9000000000001,926.9879999999999,4,813.726,269.07900000000001,561.772,893.60898364827744,498.46399088033905,543.91929819977418,1,10,7,441,661
24,10,23,LinearSubgradientAuction,0.025,0.08,,True,,1000,10800,cats_reg_g10b50,,False,CATS,50,regions,MultiMinded,1000,MaxIter,291.15999999999985,822.2049999999999,4,635.81,377.13200000000001,419.703,846.55769386447355,398.53595172788692,401.53514246022439,1,10,7,483,723
25,10,22,LinearSubgradientAuction,0.025,0.08,,True,,1000,10800,cats_reg_g10b50,,False,CATS,50,regions,MultiMinded,1000,MaxIter,275.6500000000001,534.8185,2,446.519,197.68200000000002,534.8185,527.91147719073751,47.312897872937178,86.552058809544235,1,10,9,462,692
26,10,17,LinearSubgradientAuction,0.025,0.08,,True,,1000,10800,cats_reg_g10b50,,False,CATS,50,regions,MultiMinded,32,Balance,6.869999999999891,716.487,2,716.487,299.23599999999999,716.487,713.21899384497374,704.67778594963625,709.00609999999995,1,10,1,357,537
27,10,17,LinearSubgradientAuction,0.025,0.08,,True,,1000,10800,cats_reg_g10b50,,False,CATS,50,regions,MultiMinded,86,Balance,18.66000000000031,811.1127,4,667.768,330.15700000000004,811.1127,796.19383653374575,763.17813653374583,785.93097839597397,1,10,10,357,537
28,10,18,LinearSubgradientAuction,0.025,0.08,,True,,1000,10800,cats_reg_g10b50,,False,CATS,50,regions,MultiMinded,81,Balance,18.590000000000146,818.682,4,802.322,385.84800000000001,818.682,811.87515145316524,781.89989275288133,803.88844563462226,1,10,15,378,568
29,10,20,LinearSubgradientAuction,0.025,0.08,,True,,1000,10800,cats_reg_g10b50,,False,CATS,50,regions,MultiMinded,67,Balance,16.7800000000002,767.6940999999999,3,746.709,446.00549999999998,767.6940999999999,755.89583749422582,722.44542499422585,734.24368749999996,1,10,0,420,630
30,10,18,LinearSubgradientAuction,0.025,0.08,,True,,1000,10800,cats_reg_g10b50,,False,CATS,50,regions,MultiMinded,1000,MaxIter,230.0,794.5821000000001,1,739.446,385.6635,0.0,850.10905141015655,0,7.6305508701899427,1,10,8,378,568
31,10,21,LinearSubgradientAuction,0.025,0.08,,True,,1000,10800,cats_reg_g10b50,,False,CATS,50,regions,MultiMinded,1000,MaxIter,266.7999999999997,818.388,1,733.06,325.495,328.69,830.47235044450395,0,3.2093583239192185,1,10,10,441,661
32,10,20,LinearSubgradientAuction,0.025,0.08,,True,,1000,10800,cats_reg_g10b50,,False,CATS,50,regions,MultiMinded,79,Balance,19.75,637.3713,4,533.498,304.15100000000001,637.3713,630.88000962091201,600.46490962091195,611.59019853309292,1,10,2,420,630
33,10,16,LinearSubgradientAuction,0.025,0.08,,True,,1000,10800,cats_reg_g10b50,,False,CATS,50,regions,MultiMinded,19,Balance,3.7399999999997817,560.5032,3,498.34,219.72300000000001,560.5032,525.67448015117964,513.04533354682883,553.12691009695743,1,10,2,336,506
34,10,20,LinearSubgradientAuction,0.025,0.08,,True,,1000,10800,cats_reg_g10b50,,False,CATS,50,regions,MultiMinded,46,Balance,11.460000000000036,726.3012,5,568.454,249.64099999999999,726.3012,690.07958710527441,659.66485311855172,702.00249823041725,1,10,3,420,630
35,10,27,LinearSubgradientAuction,0.025,0.08,,True,,1000,10800,cats_reg_g10b50,,False,CATS,50,regions,MultiMinded,75,Balance,25.289999999999964,858.175,2,722.988,380.87900000000002,858.175,857.55748761527639,838.51353761527639,839.13104999999996,1,10,0,567,847
36,10,17,LinearSubgradientAuction,0.025,0.08,,True,,1000,10800,cats_reg_g10b50,,False,CATS,50,regions,MultiMinded,1000,MaxIter,216.9699999999998,716.498,1,716.498,379.51999999999998,509.081,723.56951155615047,0,0.17116429037292846,1,10,10,357,537
37,10,20,LinearSubgradientAuction,0.025,0.08,,True,,1000,10800,cats_reg_g10b50,,False,CATS,50,regions,MultiMinded,35,Balance,8.75,824.835,3,630.222,329.92600000000004,824.835,814.70884369776763,789.9643936977676,802.46098741207504,1,10,1,420,630
38,10,18,LinearSubgradientAuction,0.025,0.08,,True,,1000,10800,cats_reg_g10b50,,False,CATS,50,regions,MultiMinded,912,Balance,209.3499999999999,825.56,1,825.56,471.01400000000001,825.56,825.41382729266786,813.63847729266786,813.78464999999994,1,10,0,378,568
39,10,25,LinearSubgradientAuction,0.025,0.08,,True,,1000,10800,cats_reg_g10b50,,False,CATS,50,regions,MultiMinded,24,Balance,7.379999999999654,948.5501,5,753.385,196.10050000000001,948.5501,911.08586951453526,886.5733070145352,931.14003192239761,1,10,5,525,785
40,10,22,LinearSubgradientAuction,0.025,0.08,,True,,1000,10800,cats_reg_g10b50,,False,CATS,50,regions,MultiMinded,1000,MaxIter,279.03999999999996,694.64,4,671.57,320.48500000000001,493.20000000000005,740.15438569452886,479.01939441382291,480.27075535420784,1,10,6,462,692
41,10,18,LinearSubgradientAuction,0.025,0.08,,True,,1000,10800,cats_reg_g10b50,,False,CATS,50,regions,MultiMinded,34,Balance,7.769999999999982,919.5834,3,833.068,428.51799999999997,919.5834,891.55559065389821,859.41674065389827,887.44455000000005,1,10,0,378,568
42,10,21,LinearSubgradientAuction,0.025,0.08,,True,,1000,10800,cats_reg_g10b50,,False,CATS,50,regions,MultiMinded,81,Balance,21.26000000000022,722.396,2,722.396,339.44,722.396,712.02851032010233,699.01576252248969,716.71462421088734,1,10,2,441,661
43,10,20,LinearSubgradientAuction,0.025,0.08,,True,,1000,10800,cats_reg_g10b50,,False,CATS,50,regions,MultiMinded,64,Balance,16.220000000000255,820.8240000000001,3,681.374,265.63999999999999,820.8240000000001,813.57570806592662,799.52262581126513,807.54200000000003,1,10,1,420,630
44,10,19,LinearSubgradientAuction,0.025,0.08,,True,,1000,10800,cats_reg_g10b50,,False,CATS,50,regions,MultiMinded,1000,MaxIter,239.1500000000001,607.363,5,484.926,277.04599999999999,530.75,651.01578620214809,510.64283228550994,515.72629151568697,1,10,14,399,599
45,10,20,LinearSubgradientAuction,0.025,0.08,,True,,1000,10800,cats_reg_g10b50,,False,CATS,50,regions,MultiMinded,37,Balance,9.320000000000164,687.7891,5,510.577,285.93000000000001,687.7891,679.8321830757053,644.09093307570527,658.70883822568567,1,10,5,420,630
46,10,19,LinearSubgradientAuction,0.025,0.08,,True,,1000,10800,cats_reg_g10b50,,False,CATS,50,regions,MultiMinded,40,Balance,9.529999999999745,810.368,2,810.368,345.00850000000003,810.368,796.21408231898499,780.0684224138223,801.74278750000008,1,10,1,399,599
47,10,18,LinearSubgradientAuction,0.025,0.08,,True,,1000,10800,cats_reg_g10b50,,False,CATS,50,regions,MultiMinded,87,Balance,20.0,759.477,3,738.963,363.25599999999997,759.477,759.3750117872537,733.71876817541363,741.37070094386206,1,10,3,378,568
48,10,29,LinearSubgradientAuction,0.025,0.08,,True,,1000,10800,cats_reg_g10b50,,False,CATS,50,regions,MultiMinded,92,Balance,33.76000000000022,726.774,3,661.833,328.96899999999999,726.774,721.51575532988613,696.84308032988611,702.10132499999986,1,10,0,609,909
49,10,23,LinearSubgradientAuction,0.025,0.08,,True,,1000,10800,cats_reg_g10b50,,False,CATS,50,regions,MultiMinded,1000,MaxIter,288.48,587.5914,4,462.576,216.20049999999998,493.47429999999997,564.27446493193338,334.20711977910878,363.41708043150157,1,10,4,483,723
50,10,17,LinearSubgradientAuction,0.025,0.08,,True,,1000,10800,cats_reg_g10b50,,False,CATS,50,regions,MultiMinded,31,Balance,6.6599999999998545,945.836,4,681.012,323.851,945.836,928.4642386910914,896.07913869109143,913.45090000000005,1,10,0,357,537
51,10,25,LinearSubgradientAuction,0.025,0.08,,True,,1000,10800,cats_reg_g10b50,,False,CATS,50,regions,MultiMinded,50,Balance,15.7199999999998,831.2631000000001,3,644.905,285.66050000000001,831.2631000000001,813.52618167708488,792.10164417708495,809.83856250000019,1,10,0,525,785
52,10,19,LinearSubgradientAuction,0.025,0.08,,True,,1000,10800,cats_reg_g10b50,,False,CATS,50,regions,MultiMinded,34,Balance,8.0300000000002,608.391,2,608.391,276.31299999999999,608.391,587.63615404978736,579.77068196385301,601.48317499999996,1,10,1,399,599
53,10,21,LinearSubgradientAuction,0.025,0.08,,True,,1000,10800,cats_reg_g10b50,,False,CATS,50,regions,MultiMinded,1000,MaxIter,267.1099999999997,623.5598,2,612.518,167.23250000000002,387.8668,634.01003402058905,72.364652296267451,76.951460794839619,1,10,8,441,661
54,10,20,LinearSubgradientAuction,0.025,0.08,,True,,1000,10800,cats_reg_g10b50,,False,CATS,50,regions,MultiMinded,101,Balance,25.25,1040.322,4,967.436,414.12850000000003,1040.322,1014.7685955459941,973.35574554599407,1009.0556011656163,1,10,8,420,630
55,10,17,LinearSubgradientAuction,0.025,0.08,,True,,1000,10800,cats_reg_g10b50,,False,CATS,50,regions,MultiMinded,16,Balance,3.3600000000001273,1001.244,2,739.168,309.35699999999997,1001.244,963.85691198733105,948.38906198733105,985.77615000000003,1,10,0,357,537
56,10,17,LinearSubgradientAuction,0.025,0.08,,True,,1000,10800,cats_reg_g10b50,,False,CATS,50,regions,MultiMinded,1000,MaxIter,218.73000000000002,674.3464,1,592.43,348.80000000000001,99.5455,667.4825573215885,0,18.386150363330742,1,10,9,357,537
57,10,20,LinearSubgradientAuction,0.025,0.08,,True,,1000,10800,cats_reg_g10b50,,False,CATS,50,regions,MultiMinded,53,Balance,13.180000000000291,783.158,3,568.928,268.62299999999999,783.158,776.34726948739103,756.20054448739097,770.22860229773744,1,10,7,420,630
58,10,21,LinearSubgradientAuction,0.025,0.08,,True,,1000,10800,cats_reg_g10b50,,False,CATS,50,regions,MultiMinded,89,Balance,23.449999999999818,871.9079999999999,2,791.212,427.88200000000001,871.9079999999999,858.10863441205072,836.71453441205074,851.11810703574747,1,10,1,441,661
59,10,28,LinearSubgradientAuction,0.025,0.08,,True,,1000,10800,cats_reg_g10b50,,False,CATS,50,regions,MultiMinded,307,Balance,108.70000000000027,875.1772,3,803.796,406.47899999999998,875.1772,865.26259028457991,834.77666528457996,847.69641160052686,1,10,4,588,878
60,10,22,LinearSubgradientAuction,0.025,0.08,,True,,1000,10800,cats_reg_g10b50,,False,CATS,50,regions,MultiMinded,65,Balance,17.809999999999945,716.1357,3,662.173,358.10899999999998,716.1357,698.12696917354026,671.2687941735403,701.24348500410861,1,10,10,462,692
61,10,19,LinearSubgradientAuction,0.025,0.08,,True,,1000,10800,cats_reg_g10b50,,False,CATS,50,regions,MultiMinded,61,Balance,14.550000000000182,756.948,3,553.212,307.67700000000002,756.948,751.12036108484222,728.04458608484219,734.47906924121446,1,10,1,399,599
62,10,20,LinearSubgradientAuction,0.025,0.08,,True,,1000,10800,cats_reg_g10b50,,False,CATS,50,regions,MultiMinded,80,Balance,20.230000000000018,962.414,3,839.979,365.63299999999998,962.414,949.52516964464121,922.10269464464113,944.76121594330846,1,10,8,420,630
63,10,20,LinearSubgradientAuction,0.025,0.08,,True,,1000,10800,cats_reg_g10b50,,False,CATS,50,regions,MultiMinded,41,Balance,10.170000000000073,966.8963000000001,4,783.33,502.36099999999999,966.8963000000001,950.56621780294699,900.33011780294692,919.83075014949304,1,10,4,420,630
64,10,24,LinearSubgradientAuction,0.025,0.08,,True,,1000,10800,cats_reg_g10b50,,False,CATS,50,regions,MultiMinded,63,Balance,18.889999999999873,784.4846,2,723.45,238.8545,784.4846,772.0442230838969,760.10149808389679,776.99844872885069,1,10,3,504,754
65,10,18,LinearSubgradientAuction,0.025,0.08,,True,,1000,10800,cats_reg_g10b50,,False,CATS,50,regions,MultiMinded,140,Balance,32.190000000000055,863.3610000000001,4,758.102,337.34500000000003,863.3610000000001,848.24437135696019,814.50987135696016,836.26635959483815,1,10,9,378,568
66,10,18,LinearSubgradientAuction,0.025,0.08,,True,,1000,10800,cats_reg_g10b50,,False,CATS,50,regions,MultiMinded,66,Balance,14.859999999999673,852.079,4,807.329,372.65700000000004,852.079,827.04684979532396,790.93188023186531,824.12972500000001,1,10,1,378,568
67,10,27,LinearSubgradientAuction,0.025,0.08,,True,,1000,10800,cats_reg_g10b50,,False,CATS,50,regions,MultiMinded,47,Balance,15.769999999999982,860.8598,2,789.183,223.39999999999998,860.8598,848.86994329471906,837.69994329471911,849.68979999999999,1,10,0,567,847
68,10,20,LinearSubgradientAuction,0.025,0.08,,True,,1000,10800,cats_reg_g10b50,,False,CATS,50,regions,MultiMinded,55,Balance,13.7199999999998,535.1916,4,486.692,201.834,535.1916,526.11257484657222,505.92917484657238,517.05805852610035,1,10,1,420,630
69,10,20,LinearSubgradientAuction,0.025,0.08,,True,,1000,10800,cats_reg_g10b50,,False,CATS,50,regions,MultiMinded,44,Balance,11.11999999999989,550.5322,3,423.552,212.09399999999999,550.5322,527.14654374418149,511.23949374418152,534.62514999999996,1,10,0,420,630
70,10,18,LinearSubgradientAuction,0.025,0.08,,True,,1000,10800,cats_reg_g10b50,,False,CATS,50,regions,MultiMinded,1000,MaxIter,227.1300000000001,965.81,3,780.078,273.52800000000002,355.709,903.95232081902509,247.71039434276119,349.1704318570612,1,10,1,378,568
71,10,17,LinearSubgradientAuction,0.025,0.08,,True,,1000,10800,cats_reg_g10b50,,False,CATS,50,regions,MultiMinded,1000,MaxIter,214.4100000000003,745.048,1,745.048,330.73000000000002,405.35,779.07928380313444,0,5.7811940876862451,1,10,7,357,537
72,10,23,LinearSubgradientAuction,0.025,0.08,,True,,1000,10800,cats_reg_g10b50,,False,CATS,50,regions,MultiMinded,64,Balance,18.449999999999818,619.2275000000001,7,497.631,317.09799999999996,619.2275000000001,589.68689382303,534.19474382302997,563.73534999999993,1,10,0,483,723
73,10,20,LinearSubgradientAuction,0.025,0.08,,True,,1000,10800,cats_reg_g10b50,,False,CATS,50,regions,MultiMinded,1000,MaxIter,253.76999999999998,675.2625,2,656.76,362.82400000000001,632.221,711.93980465800132,0,0.0,1,10,20,420,630
74,10,26,LinearSubgradientAuction,0.025,0.08,,True,,1000,10800,cats_reg_g10b50,,False,CATS,50,regions,MultiMinded,37,Balance,11.809999999999945,942.6876,2,890.025,245.483,942.6876,939.66323835313506,927.38908835313498,937.4965323502513,1,10,5,546,816
75,10,15,LinearSubgradientAuction,0.025,0.08,,True,,1000,10800,cats_reg_g10b50,,False,CATS,50,regions,MultiMinded,71,Balance,13.670000000000073,986.353,4,977.088,450.65550000000002,986.353,971.81813043259058,926.75258043259055,951.29137541060913,1,10,16,315,475
76,10,22,LinearSubgradientAuction,0.025,0.08,,True,,1000,10800,cats_reg_g10b50,,False,CATS,50,regions,MultiMinded,78,Balance,21.329999999999927,900.434,6,820.61,441.17500000000001,900.434,880.96980395033665,814.79355395033667,840.59366326371048,1,10,5,462,692
77,10,19,LinearSubgradientAuction,0.025,0.08,,True,,1000,10800,cats_reg_g10b50,,False,CATS,50,regions,MultiMinded,1000,MaxIter,242.63999999999987,505.8682,4,489.633,293.4085,445.4223,511.88301622051864,420.96519165490912,426.1960306761116,1,10,8,399,599
78,10,15,LinearSubgradientAuction,0.025,0.08,,True,,1000,10800,cats_reg_g10b50,,False,CATS,50,regions,MultiMinded,116,Balance,22.429999999999836,723.896,1,723.896,268.85500000000002,723.896,718.69304302246019,711.97166802246022,717.17462499999999,1,10,0,315,475
79,10,20,LinearSubgradientAuction,0.025,0.08,,True,,1000,10800,cats_reg_g10b50,,False,CATS,50,regions,MultiMinded,49,Balance,12.139999999999873,830.055,3,715.055,304.07849999999996,830.055,823.77132839987121,800.96544089987117,807.24911249999991,1,10,0,420,630
80,10,23,LinearSubgradientAuction,0.025,0.08,,True,,1000,10800,cats_reg_g10b50,,False,CATS,50,regions,MultiMinded,694,Balance,202.05999999999995,858.2552999999999,5,815.519,326.65449999999998,858.2552999999999,850.11815357565661,809.28634107565665,820.81536992003942,1,10,5,483,723
81,10,19,LinearSubgradientAuction,0.025,0.08,,True,,1000,10800,cats_reg_g10b50,,False,CATS,50,regions,MultiMinded,578,Balance,137.95000000000027,731.2354999999999,3,657.74,318.25649999999996,731.2354999999999,724.70406082207626,700.83482332207632,707.36626249999995,1,10,0,399,599
82,10,20,LinearSubgradientAuction,0.025,0.08,,True,,1000,10800,cats_reg_g10b50,,False,CATS,50,regions,MultiMinded,1000,MaxIter,252.88999999999987,799.819,4,670.65,230.49700000000001,792.4733,770.08917927388927,738.50718086308746,777.02928522546017,1,10,5,420,630
83,10,18,LinearSubgradientAuction,0.025,0.08,,True,,1000,10800,cats_reg_g10b50,,False,CATS,50,regions,MultiMinded,62,Balance,13.960000000000036,778.391,2,740.964,303.2475,778.391,774.50797345893716,759.34559845893716,764.88018093384039,1,10,7,378,568
84,10,19,LinearSubgradientAuction,0.025,0.08,,True,,1000,10800,cats_reg_g10b50,,False,CATS,50,regions,MultiMinded,35,Balance,8.309999999999945,653.4665,4,531.36,233.98450000000003,653.4665,638.25293676135038,614.85448676135047,633.48234599135628,1,10,3,399,599
85,10,16,LinearSubgradientAuction,0.025,0.08,,True,,1000,10800,cats_reg_g10b50,,False,CATS,50,regions,MultiMinded,34,Balance,6.889999999999873,738.6202000000001,4,623.355,332.00099999999998,738.6202000000001,724.87233362359484,691.67223362359482,708.82724793879049,1,10,7,336,506
86,10,17,LinearSubgradientAuction,0.025,0.08,,True,,1000,10800,cats_reg_g10b50,,False,CATS,50,regions,MultiMinded,46,Balance,9.740000000000236,772.54,3,646.076,287.08299999999997,772.54,765.7452210291483,748.21721113286947,758.18585000000007,1,10,2,357,537
87,10,18,LinearSubgradientAuction,0.025,0.08,,True,,1000,10800,cats_reg_g10b50,,False,CATS,50,regions,MultiMinded,1000,MaxIter,230.21000000000004,883.32347,4,801.709,428.95349999999996,429.80577,939.0865805433109,415.22758140890016,416.87147172446203,1,10,8,378,568
88,10,20,LinearSubgradientAuction,0.025,0.08,,True,,1000,10800,cats_reg_g10b50,,False,CATS,50,regions,MultiMinded,39,Balance,9.670000000000073,662.7294999999999,4,622.783,332.80799999999999,662.7294999999999,635.77303524134823,602.49223524134834,629.44870000000003,1,10,0,420,630
89,10,26,LinearSubgradientAuction,0.025,0.08,,True,,1000,10800,cats_reg_g10b50,,False,CATS,50,regions,MultiMinded,1000,MaxIter,324.3800000000001,844.3882,4,703.836,361.93200000000002,654.4032,857.42134950754053,618.66175133794923,630.01959616464057,1,10,4,546,816
90,10,21,LinearSubgradientAuction,0.025,0.08,,True,,1000,10800,cats_reg_g10b50,,False,CATS,50,regions,MultiMinded,1000,MaxIter,267.5899999999997,1011.3232,5,890.879,348.79300000000001,585.2212,967.55769165813365,499.86425437017715,555.82706792963006,1,10,5,441,661
91,10,17,LinearSubgradientAuction,0.025,0.08,,True,,1000,10800,cats_reg_g10b50,,False,CATS,50,regions,MultiMinded,128,Balance,27.759999999999764,890.575,1,890.575,535.99700000000007,890.575,887.66600637484328,874.26608137484322,888.49095613895065,1,10,8,357,537
92,10,22,LinearSubgradientAuction,0.025,0.08,,True,,1000,10800,cats_reg_g10b50,,False,CATS,50,regions,MultiMinded,37,Balance,10.239999999999782,683.1735,2,627.133,263.76300000000003,683.1735,668.70836389418685,655.5202138941869,669.98535000000004,1,10,0,462,692
93,10,20,LinearSubgradientAuction,0.025,0.08,,True,,1000,10800,cats_reg_g10b50,,False,CATS,50,regions,MultiMinded,61,Balance,15.440000000000055,931.509,1,931.509,347.88099999999997,931.509,925.97479851569096,917.27777351569091,922.81197499999996,1,10,0,420,630
94,10,15,LinearSubgradientAuction,0.025,0.08,,True,,1000,10800,cats_reg_g10b50,,False,CATS,50,regions,MultiMinded,1000,MaxIter,192.6199999999999,772.037,5,770.337,295.54650000000004,442.3582,780.59608300713899,415.94988615203329,415.96036985075199,1,10,9,315,475
95,10,17,LinearSubgradientAuction,0.025,0.08,,True,,1000,10800,cats_reg_g10b50,,False,CATS,50,regions,MultiMinded,37,Balance,7.959999999999582,901.2369,3,849.224,408.67100000000005,901.2369,876.16152008642302,845.51119508642307,877.04441676307999,1,10,7,357,537
96,10,19,LinearSubgradientAuction,0.025,0.08,,True,,1000,10800,cats_reg_g10b50,,False,CATS,50,regions,MultiMinded,39,Balance,9.259999999999764,752.0848,3,651.493,368.70849999999996,752.0848,723.73703911351549,696.08390161351565,728.64178120783731,1,10,8,399,599
97,10,20,LinearSubgradientAuction,0.025,0.08,,True,,1000,10800,cats_reg_g10b50,,False,CATS,50,regions,MultiMinded,1000,MaxIter,255.1500000000001,657.92043,2,602.694,360.185,404.61343,696.05199486499475,0.0,0.14775954964147076,1,10,9,420,630
98,10,20,LinearSubgradientAuction,0.025,0.08,,True,,1000,10800,cats_reg_g10b50,,False,CATS,50,regions,MultiMinded,23,Balance,5.680000000000291,1047.5140999999999,4,870.711,386.798,1047.5140999999999,1007.2689706974459,968.58917069744575,1008.8343,1,10,0,420,630
99,10,22,LinearSubgradientAuction,0.025,0.08,,True,,1000,10800,cats_reg_g10b50,,False,CATS,50,regions,MultiMinded,70,Balance,19.139999999999873,1044.344,5,687.143,366.375,1044.344,1028.7267715555136,982.92989655551344,998.54712500000005,1,10,0,462,692
100,10,21,LinearSubgradientAuction,0.025,0.08,,True,,1000,10800,cats_reg_g10b50,,False,CATS,50,regions,MultiMinded,91,Balance,23.779999999999745,587.8678,2,515.864,141.49099999999999,587.8678,565.35696236751778,558.28241236751774,583.38592829138872,1,10,4,441,661
