idx,items,agents,auction_class,epsilon,stepc,epoch,scalebyvalue,reserve_type,maxiter,maxtime,generator_param_name,personalized,int_prices,generator,bids,distribution,type,rounds,status,runtime,efficient_value,final_num_winners,final_max_agent_value,final_scalevalue,final_value,final_total_price,final_revenue,final_indirect_util,final_price_degree,final_price_sparsity,final_imbalance,final_wd_nvars,final_wd_ncons
1,30,36,LinearSubgradientAuction,0.2,0.04,,True,,1000,10800,cats_reg_g30b150,,False,CATS,150,regions,MultiMinded,50,Balance,70.45999999999185,2502.8085,10,1712.02,630.28700000000003,2502.8085,2195.189492243313,1523.5936066495694,1941.8190757960463,1,28,11,2124,3162
2,30,38,LinearSubgradientAuction,0.2,0.04,,True,,1000,10800,cats_reg_g30b150,,False,CATS,150,regions,MultiMinded,1000,MaxIter,1540.3999999999942,2067.4249,6,1460.04,478.96600000000001,1073.2319,2078.2362343686991,696.99668086230986,733.22676292307256,1,29,8,2280,3412
3,30,36,LinearSubgradientAuction,0.2,0.04,,True,,1000,10800,cats_reg_g30b150,,False,CATS,150,regions,MultiMinded,1000,MaxIter,1433.9100000000035,2226.2472000000002,3,1961.0,494.50999999999999,204.8765,2230.302409815381,0.0,27.999827115529982,1,28,24,2124,3162
4,30,38,LinearSubgradientAuction,0.2,0.04,,True,,1000,10800,cats_reg_g30b150,,False,CATS,150,regions,MultiMinded,84,Balance,131.0,2004.9491999999998,11,1505.7,557.86300000000006,2004.9491999999998,1885.9470052477741,864.99079207552609,984.85630464003646,1,30,4,2318,3488
5,30,35,LinearSubgradientAuction,0.2,0.04,,True,,1000,10800,cats_reg_g30b150,,False,CATS,150,regions,MultiMinded,1000,MaxIter,1442.4700000000012,1864.626,3,1703.97,505.12049999999999,501.371,1858.8569625701257,30.375600379398151,42.859885690422317,1,30,24,2135,3215
6,30,35,LinearSubgradientAuction,0.2,0.04,,True,,1000,10800,cats_reg_g30b150,,False,CATS,150,regions,MultiMinded,1000,MaxIter,1426.2400000000198,2116.0368,6,1959.83,614.52500000000009,1381.6978,2239.5718297019962,948.31356336901126,954.89915902519499,1,29,24,2100,3145
7,30,35,LinearSubgradientAuction,0.2,0.04,,True,,1000,10800,cats_reg_g30b150,,False,CATS,150,regions,MultiMinded,89,Balance,128.09999999997672,2031.9575,6,1330.11,558.39999999999998,2031.9575,1975.4971123317932,1394.7611123317929,1519.7222807113417,1,30,4,2135,3215
8,30,35,LinearSubgradientAuction,0.2,0.04,,True,,1000,10800,cats_reg_g30b150,,False,CATS,150,regions,MultiMinded,68,Balance,95.36000000001513,2027.57669,10,1379.5,642.28750000000002,1953.3486899999998,1938.7912831504457,1273.2535425977633,1486.3708479384222,1,30,10,2135,3215
9,30,36,LinearSubgradientAuction,0.2,0.04,,True,,1000,10800,cats_reg_g30b150,,False,CATS,150,regions,MultiMinded,1000,MaxIter,1419.6699999999837,1859.5272999999997,6,1542.29,443.88650000000001,274.2326,1812.2908068429122,32.813717944602857,127.63397064093401,1,28,28,2124,3162
10,30,34,LinearSubgradientAuction,0.2,0.04,,True,,1000,10800,cats_reg_g30b150,,False,CATS,150,regions,MultiMinded,345,Balance,476.4400000000023,2566.974,5,2112.56,626.02300000000002,2566.974,2581.6720717763974,1955.6490717763972,2066.0032263156627,1,29,4,2040,3056
11,30,36,LinearSubgradientAuction,0.2,0.04,,True,,1000,10800,cats_reg_g30b150,,False,CATS,150,regions,MultiMinded,125,Balance,183.63999999998487,2431.6115,5,2098.81,721.22149999999999,2431.6115,2332.1466497459378,1948.9058357290035,2098.075927249251,1,29,20,2160,3234
12,30,32,LinearSubgradientAuction,0.2,0.04,,True,,1000,10800,cats_reg_g30b150,,False,CATS,150,regions,MultiMinded,1000,MaxIter,1324.2299999999814,1865.81568,9,1645.15,855.13049999999998,824.24278,1940.2350616384779,331.17991026080097,399.41137509043244,1,30,21,1952,2942
13,30,35,LinearSubgradientAuction,0.2,0.04,,True,,1000,10800,cats_reg_g30b150,,False,CATS,150,regions,MultiMinded,1000,MaxIter,1462.2600000000093,1773.5022000000001,11,1494.31,678.60900000000004,1547.5763000000002,1844.6213141323212,803.91361470657728,864.58385172841099,1,30,41,2135,3215
14,30,32,LinearSubgradientAuction,0.2,0.04,,True,,1000,10800,cats_reg_g30b150,,False,CATS,150,regions,MultiMinded,1000,MaxIter,1304.4100000000035,1980.1873000000003,5,1559.99,631.08900000000006,686.1447000000001,1913.06004397216,349.65068940309231,490.30586309209713,1,30,19,1952,2942
15,30,36,LinearSubgradientAuction,0.2,0.04,,True,,1000,10800,cats_reg_g30b150,,False,CATS,150,regions,MultiMinded,58,Balance,84.08999999999651,2512.4141000000004,3,2312.23,781.00699999999995,2512.4141000000004,2398.1329304444798,2111.9600445610536,2232.0058955397622,1,29,3,2160,3234
16,30,34,LinearSubgradientAuction,0.2,0.04,,True,,1000,10800,cats_reg_g30b150,,False,CATS,150,regions,MultiMinded,1000,MaxIter,1355.1300000000047,1929.452,11,1789.44,584.255,824.9317,1969.7264252212196,351.62583209803392,407.93773209803391,1,28,40,2006,2988
17,30,33,LinearSubgradientAuction,0.2,0.04,,True,,1000,10800,cats_reg_g30b150,,False,CATS,150,regions,MultiMinded,155,Balance,215.94999999998254,1934.7395999999999,9,1626.95,730.93200000000002,1720.2575000000002,1919.0748600449415,991.69116824416619,1037.25821504134,1,30,48,2013,3033
18,30,34,LinearSubgradientAuction,0.2,0.04,,True,,1000,10800,cats_reg_g30b150,,False,CATS,150,regions,MultiMinded,1000,MaxIter,1397.25,2504.1384,5,1818.33,781.33600000000001,2297.8333000000002,2422.8513458451162,32.599647080648111,130.48863331521869,1,29,9,2040,3056
19,30,36,LinearSubgradientAuction,0.2,0.04,,True,,1000,10800,cats_reg_g30b150,,False,CATS,150,regions,MultiMinded,56,Balance,79.60999999998603,2560.7110000000002,12,1508.06,549.71399999999994,2508.0870000000004,2210.2970336943908,1250.4752952676001,1662.3068795466493,1,28,6,2124,3162
20,30,37,LinearSubgradientAuction,0.2,0.04,,True,,1000,10800,cats_reg_g30b150,,False,CATS,150,regions,MultiMinded,1000,MaxIter,1550.640000000014,1801.7813999999998,5,1490.47,395.125,567.3204,1808.6432327998975,236.31183844184065,291.89245697256234,1,30,21,2257,3397
21,30,33,LinearSubgradientAuction,0.2,0.04,,True,,1000,10800,cats_reg_g30b150,,False,CATS,150,regions,MultiMinded,156,Balance,213.40000000002328,1553.7635,6,1374.19,778.39550000000008,1343.2634999999998,1623.4121658334223,995.5007271770213,1063.949492686341,1,30,65,2013,3033
22,30,38,LinearSubgradientAuction,0.2,0.04,,True,,1000,10800,cats_reg_g30b150,,False,CATS,150,regions,MultiMinded,122,Balance,189.61999999999534,2312.252,6,2123.59,638.69949999999994,2312.252,2414.1673893427064,1691.2011383606832,1706.7946214410974,1,29,8,2280,3412
23,30,38,LinearSubgradientAuction,0.2,0.04,,True,,1000,10800,cats_reg_g30b150,,False,CATS,150,regions,MultiMinded,33,Balance,50.320000000006985,2354.8725,8,1818.1,597.00800000000004,2354.8725,2209.2067797391783,1673.259021129694,1936.0890744904254,1,29,3,2280,3412
24,30,35,LinearSubgradientAuction,0.2,0.04,,True,,1000,10800,cats_reg_g30b150,,False,CATS,150,regions,MultiMinded,1000,MaxIter,1465.8800000000047,1892.4884,11,1241.36,538.58849999999995,911.1487999999999,1831.6159560298729,295.75414078769387,449.77036872424975,1,30,21,2135,3215
25,30,33,LinearSubgradientAuction,0.2,0.04,,True,,1000,10800,cats_reg_g30b150,,False,CATS,150,regions,MultiMinded,1000,MaxIter,1370.070000000007,1741.0822999999998,3,1538.41,861.41849999999999,244.13760000000002,1759.8655960527519,0.0,86.590511513842813,1,30,26,2013,3033
26,30,34,LinearSubgradientAuction,0.2,0.04,,True,,1000,10800,cats_reg_g30b150,,False,CATS,150,regions,MultiMinded,1000,MaxIter,1381.4400000000023,2008.668,8,1919.5,424.82100000000003,1543.8754,2036.1429992537942,1077.8665942868479,1159.8315714743021,1,29,24,2040,3056
27,30,32,LinearSubgradientAuction,0.2,0.04,,True,,1000,10800,cats_reg_g30b150,,False,CATS,150,regions,MultiMinded,1000,MaxIter,1247.679999999993,2175.2061,6,1890.21,644.31150000000002,1035.801,2260.3831611425012,744.98694115099329,755.08491707270753,1,28,18,1888,2814
28,30,37,LinearSubgradientAuction,0.2,0.04,,True,,1000,10800,cats_reg_g30b150,,False,CATS,150,regions,MultiMinded,759,Balance,1151.7600000000093,2040.43179,9,1615.6,517.23699999999997,2040.43179,1970.9513487733041,1443.310770669141,1558.5425468417541,1,29,25,2220,3323
29,30,33,LinearSubgradientAuction,0.2,0.04,,True,,1000,10800,cats_reg_g30b150,,False,CATS,150,regions,MultiMinded,98,Balance,132.45000000001164,2111.632,9,1854.64,708.57899999999995,2044.527,2135.7565719506438,1309.440105424281,1564.0853549266251,1,30,55,2013,3033
30,30,35,LinearSubgradientAuction,0.2,0.04,,True,,1000,10800,cats_reg_g30b150,,False,CATS,150,regions,MultiMinded,1000,MaxIter,1375.8899999999849,2323.0769999999998,8,1594.17,462.18150000000003,1821.8382000000001,2101.9750953000985,1046.2820680738598,1316.6357867288466,1,29,6,2100,3145
31,30,34,LinearSubgradientAuction,0.2,0.04,,True,,1000,10800,cats_reg_g30b150,,False,CATS,150,regions,MultiMinded,60,Balance,77.75,2659.4860000000003,7,2167.09,585.07799999999997,2659.4860000000003,2594.6762287108459,2023.6490055902161,2187.7083977312946,1,27,11,1972,2920
32,30,37,LinearSubgradientAuction,0.2,0.04,,True,,1000,10800,cats_reg_g30b150,,False,CATS,150,regions,MultiMinded,879,Balance,1355.5499999999884,1999.8556999999998,7,1545.46,522.50199999999995,1923.6037,1954.557264501542,1409.5691886568741,1483.0073916752742,1,30,2,2257,3397
33,30,37,LinearSubgradientAuction,0.2,0.04,,True,,1000,10800,cats_reg_g30b150,,False,CATS,150,regions,MultiMinded,47,Balance,68.25999999998021,1805.9524000000001,11,1582.17,487.50400000000002,1683.6186,1695.653187687119,986.69011158742364,1232.5768491692127,1,28,42,2183,3249
34,30,39,LinearSubgradientAuction,0.2,0.04,,True,,1000,10800,cats_reg_g30b150,,False,CATS,150,regions,MultiMinded,333,Balance,542.4400000000023,1983.6001999999999,9,1564.76,623.41200000000003,1888.5729000000001,2050.3396078252767,1176.0526529091735,1182.8096836488094,1,30,23,2379,3579
35,30,38,LinearSubgradientAuction,0.2,0.04,,True,,1000,10800,cats_reg_g30b150,,False,CATS,150,regions,MultiMinded,1000,MaxIter,1538.4899999999907,2341.4052,9,1755.59,637.298,501.81809999999996,2337.4097518134963,65.845414439824381,169.80895162932586,1,29,19,2280,3412
36,30,33,LinearSubgradientAuction,0.2,0.04,,True,,1000,10800,cats_reg_g30b150,,False,CATS,150,regions,MultiMinded,1000,MaxIter,1330.2200000000012,2136.9992,3,1693.26,587.83249999999998,947.287,2184.741769233874,74.966832418663003,129.26826267004861,1,29,24,1980,2967
37,30,34,LinearSubgradientAuction,0.2,0.04,,True,,1000,10800,cats_reg_g30b150,,False,CATS,150,regions,MultiMinded,75,Balance,104.0,1991.3467,9,1812.59,701.23299999999995,1878.2003000000002,1994.473899267113,1164.2281745925366,1326.478385346396,1,30,10,2074,3124
38,30,40,LinearSubgradientAuction,0.2,0.04,,True,,1000,10800,cats_reg_g30b150,,False,CATS,150,regions,MultiMinded,107,Balance,175.2600000000093,2724.0288,6,2153.9,576.38300000000004,2632.9038,2457.8536619286569,2021.865799980442,2291.6804526965416,1,29,3,2400,3590
39,30,30,LinearSubgradientAuction,0.2,0.04,,True,,1000,10800,cats_reg_g30b150,,False,CATS,150,regions,MultiMinded,481,Balance,593.320000000007,1968.0602,5,1918.66,764.726,1886.489,2009.0583381166707,1272.9269325237829,1433.0811458303529,1,30,16,1830,2760
40,30,33,LinearSubgradientAuction,0.2,0.04,,True,,1000,10800,cats_reg_g30b150,,False,CATS,150,regions,MultiMinded,67,Balance,90.63000000000466,1942.0583000000001,4,1674.34,688.69799999999998,1942.0583000000001,1900.7004220859856,1557.7819811028562,1606.4383398339498,1,30,2,2013,3033
41,30,35,LinearSubgradientAuction,0.2,0.04,,True,,1000,10800,cats_reg_g30b150,,False,CATS,150,regions,MultiMinded,422,Balance,613.539999999979,1877.7214099999999,12,1423.29,646.35299999999995,1561.6493099999998,1888.6290737912548,953.72464956849558,995.20896518414247,1,30,26,2135,3215
42,30,32,LinearSubgradientAuction,0.2,0.04,,True,,1000,10800,cats_reg_g30b150,,False,CATS,150,regions,MultiMinded,1000,MaxIter,1306.8299999999872,2111.841,4,1703.5,646.17399999999998,582.819,2245.7047623179533,248.15648313526424,280.17214129333001,1,30,9,1952,2942
43,30,40,LinearSubgradientAuction,0.2,0.04,,True,,1000,10800,cats_reg_g30b150,,False,CATS,150,regions,MultiMinded,331,Balance,545.1300000000047,2446.7208,6,1927.69,685.90899999999999,2446.7208,2199.0627770600204,1745.6785804250644,1994.1571373513784,1,29,7,2400,3590
44,30,35,LinearSubgradientAuction,0.2,0.04,,True,,1000,10800,cats_reg_g30b150,,False,CATS,150,regions,MultiMinded,397,Balance,569.1199999999953,1711.1515999999997,8,1299.51,651.40899999999999,1656.0716,1611.4273603278098,813.55586770052639,1001.6401098763088,1,30,87,2135,3215
45,30,38,LinearSubgradientAuction,0.2,0.04,,True,,1000,10800,cats_reg_g30b150,,False,CATS,150,regions,MultiMinded,1000,MaxIter,1575.6000000000058,2034.5094,11,1828.07,742.07299999999998,1660.5948999999998,2101.3976622976807,1038.108396493684,1042.115107620557,1,30,36,2318,3488
46,30,31,LinearSubgradientAuction,0.2,0.04,,True,,1000,10800,cats_reg_g30b150,,False,CATS,150,regions,MultiMinded,59,Balance,74.3299999999872,2564.0325000000003,5,2373.4,807.26099999999997,2508.5015000000003,2521.0830683598342,2197.3915821247642,2241.5866112357585,1,30,3,1891,2851
47,30,37,LinearSubgradientAuction,0.2,0.04,,True,,1000,10800,cats_reg_g30b150,,False,CATS,150,regions,MultiMinded,941,Balance,1435.3399999999965,2233.1322,10,1669.44,664.97900000000004,2086.6942,2031.0452297695831,1250.8513418076006,1477.8214374848051,1,29,15,2220,3323
48,30,35,LinearSubgradientAuction,0.2,0.04,,True,,1000,10800,cats_reg_g30b150,,False,CATS,150,regions,MultiMinded,1000,MaxIter,1461.3000000000175,2069.4358,5,1826.01,556.24350000000004,1451.3009000000002,2034.1126398924771,452.3779399150983,599.33310931059691,1,30,22,2135,3215
49,30,30,LinearSubgradientAuction,0.2,0.04,,True,,1000,10800,cats_reg_g30b150,,False,CATS,150,regions,MultiMinded,182,Balance,222.20999999999185,1979.7895999999998,7,1594.07,673.82600000000002,1947.032,1986.1801665934852,1409.0709085208741,1519.7987413968635,1,30,28,1830,2760
50,30,33,LinearSubgradientAuction,0.2,0.04,,True,,1000,10800,cats_reg_g30b150,,False,CATS,150,regions,MultiMinded,1000,MaxIter,1335.3899999999849,2110.6722999999997,8,1335.35,460.47550000000001,604.9643,2036.1320231388781,212.92267585750963,426.35081658314618,1,29,31,1980,2967
51,30,37,LinearSubgradientAuction,0.2,0.04,,True,,1000,10800,cats_reg_g30b150,,False,CATS,150,regions,MultiMinded,83,Balance,120.05000000001746,2245.4244000000003,7,1882.26,597.73699999999997,2245.4244000000003,2248.0177748221859,1645.9469287252475,1704.1322205568317,1,28,19,2183,3249
52,30,32,LinearSubgradientAuction,0.2,0.04,,True,,1000,10800,cats_reg_g30b150,,False,CATS,150,regions,MultiMinded,53,Balance,67.67999999999302,1756.6213,7,1409.87,556.45500000000004,1756.6213,1760.0911704422688,1183.1775953877209,1289.6152886796071,1,29,2,1920,2878
53,30,34,LinearSubgradientAuction,0.2,0.04,,True,,1000,10800,cats_reg_g30b150,,False,CATS,150,regions,MultiMinded,1000,MaxIter,1390.8899999999849,2325.6629000000003,9,1796.97,570.23000000000002,1623.0464,2216.9991071278291,769.65873443092448,934.83699656958288,1,29,15,2040,3056
54,30,37,LinearSubgradientAuction,0.2,0.04,,True,,1000,10800,cats_reg_g30b150,,False,CATS,150,regions,MultiMinded,53,Balance,77.5,2355.424,7,2152.9,670.553,2355.424,2323.7810650283441,1802.2631038685829,1929.4733990558298,1,28,11,2183,3249
55,30,33,LinearSubgradientAuction,0.2,0.04,,True,,1000,10800,cats_reg_g30b150,,False,CATS,150,regions,MultiMinded,1000,MaxIter,1387.9400000000023,2078.1524999999997,12,1352.37,548.28150000000005,1199.9685,2078.7717298413827,652.02164380204283,686.00754836851684,1,30,36,2013,3033
56,30,39,LinearSubgradientAuction,0.2,0.04,,True,,1000,10800,cats_reg_g30b150,,False,CATS,150,regions,MultiMinded,218,Balance,343.89000000001397,1893.3772000000004,9,1498.24,591.42200000000003,1893.3772000000004,1834.2438053550627,965.36329673673526,1068.0281454098629,1,29,16,2340,3501
57,30,36,LinearSubgradientAuction,0.2,0.04,,True,,1000,10800,cats_reg_g30b150,,False,CATS,150,regions,MultiMinded,1000,MaxIter,1493.7900000000081,1899.5301999999997,4,1604.44,621.16750000000002,634.2559,1927.5225287963267,81.034722864665895,128.6578604084371,1,30,21,2196,3306
58,30,36,LinearSubgradientAuction,0.2,0.04,,True,,1000,10800,cats_reg_g30b150,,False,CATS,150,regions,MultiMinded,108,Balance,161.63000000000466,2429.6093,6,2057.42,832.86300000000006,2429.6093,2451.8729308206671,1738.1876379105904,1837.6953739231608,1,30,13,2196,3306
59,30,39,LinearSubgradientAuction,0.2,0.04,,True,,1000,10800,cats_reg_g30b150,,False,CATS,150,regions,MultiMinded,159,Balance,258.77999999999884,2064.9126,7,1772.9,622.28800000000001,2029.2505,2071.2937102606825,1440.6942483417822,1557.4243690853882,1,30,9,2379,3579
60,30,35,LinearSubgradientAuction,0.2,0.04,,True,,1000,10800,cats_reg_g30b150,,False,CATS,150,regions,MultiMinded,54,Balance,74.80000000001746,1956.0875,9,1842.74,450.80399999999997,1956.0875,1932.5474041919131,1303.8982722188048,1399.1852633826325,1,28,4,2065,3075
61,30,37,LinearSubgradientAuction,0.2,0.04,,True,,1000,10800,cats_reg_g30b150,,False,CATS,150,regions,MultiMinded,1000,MaxIter,1529.1699999999837,1951.6029999999998,10,1560.47,530.9905,1607.6971,1938.0327152036593,954.28095258590429,1028.4892203822424,1,30,43,2257,3397
62,30,34,LinearSubgradientAuction,0.2,0.04,,True,,1000,10800,cats_reg_g30b150,,False,CATS,150,regions,MultiMinded,144,Balance,201.7600000000093,1978.0167,7,1737.89,582.94900000000007,1941.4171,1887.575288210066,1281.9335733895352,1431.8658867072752,1,30,6,2074,3124
63,30,30,LinearSubgradientAuction,0.2,0.04,,True,,1000,10800,cats_reg_g30b150,,False,CATS,150,regions,MultiMinded,191,Balance,227.3399999999965,2547.4234,6,1821.34,869.476,2547.4234,2423.0748730817863,1829.6070540370301,2011.7858482939337,1,29,34,1800,2700
64,30,34,LinearSubgradientAuction,0.2,0.04,,True,,1000,10800,cats_reg_g30b150,,False,CATS,150,regions,MultiMinded,963,Balance,1356.429999999993,2427.9729,9,1844.14,792.92899999999997,2427.9729,2346.2058696821409,1417.497609188478,1565.4891247117844,1,30,17,2074,3124
65,30,36,LinearSubgradientAuction,0.2,0.04,,True,,1000,10800,cats_reg_g30b150,,False,CATS,150,regions,MultiMinded,1000,MaxIter,1461.9899999999907,2209.3287,9,1779.98,732.52250000000004,589.7373,2157.7264966749503,0.0,125.66553131791441,1,29,22,2160,3234
66,30,30,LinearSubgradientAuction,0.2,0.04,,True,,1000,10800,cats_reg_g30b150,,False,CATS,150,regions,MultiMinded,78,Balance,92.20999999999185,2387.3904,3,2290.03,553.03500000000008,2387.3904,2323.1854498425778,2167.952904668377,2269.5432931773576,1,29,3,1800,2700
67,30,41,LinearSubgradientAuction,0.2,0.04,,True,,1000,10800,cats_reg_g30b150,,False,CATS,150,regions,MultiMinded,1000,MaxIter,1665.6700000000128,2130.5865999999996,11,1569.3,447.20299999999997,1670.1956,2073.9547979687859,1019.2048364650701,1191.5201076384958,1,29,23,2460,3679
68,30,34,LinearSubgradientAuction,0.2,0.04,,True,,1000,10800,cats_reg_g30b150,,False,CATS,150,regions,MultiMinded,188,Balance,260.8500000000058,1871.0335999999998,11,1491.62,623.48450000000003,1684.6644999999999,1849.0959889485132,911.37284326996348,998.98964546642424,1,30,39,2074,3124
69,30,34,LinearSubgradientAuction,0.2,0.04,,True,,1000,10800,cats_reg_g30b150,,False,CATS,150,regions,MultiMinded,83,Balance,116.5799999999872,2248.1536,11,1918.69,909.28949999999998,1882.7896,2235.1177839788147,977.0383432058461,1049.4789470882674,1,29,21,2040,3056
70,30,32,LinearSubgradientAuction,0.2,0.04,,True,,1000,10800,cats_reg_g30b150,,False,CATS,150,regions,MultiMinded,513,Balance,674.4799999999814,2074.3614,7,1794.89,671.03600000000006,2074.3614,2060.3561245446595,1439.8205968106711,1548.8663893799053,1,30,12,1952,2942
71,30,30,LinearSubgradientAuction,0.2,0.04,,True,,1000,10800,cats_reg_g30b150,,False,CATS,150,regions,MultiMinded,1000,MaxIter,1215.789999999979,2107.4125,6,1919.92,672.68100000000004,1289.687,2167.2934474666185,729.71591770010934,842.89535042779039,1,29,16,1800,2700
72,30,35,LinearSubgradientAuction,0.2,0.04,,True,,1000,10800,cats_reg_g30b150,,False,CATS,150,regions,MultiMinded,153,Balance,213.67999999999302,1946.4843000000003,11,1216.53,554.09649999999999,1834.4973,1899.6485289781458,1106.6301603836173,1315.321908702452,1,29,40,2100,3145
73,30,35,LinearSubgradientAuction,0.2,0.04,,True,,1000,10800,cats_reg_g30b150,,False,CATS,150,regions,MultiMinded,259,Balance,378.0200000000186,1852.6272999999999,11,1445.38,663.03899999999999,1702.0949999999998,1760.3451789910175,913.53175326435644,1149.7076241386724,1,30,51,2135,3215
74,30,31,LinearSubgradientAuction,0.2,0.04,,True,,1000,10800,cats_reg_g30b150,,False,CATS,150,regions,MultiMinded,1000,MaxIter,1278.7699999999895,2020.0417,5,1744.34,781.83899999999994,1542.2633999999998,2086.9160226395143,248.13576038232543,338.69850517886584,1,30,14,1891,2851
75,30,39,LinearSubgradientAuction,0.2,0.04,,True,,1000,10800,cats_reg_g30b150,,False,CATS,150,regions,MultiMinded,1000,MaxIter,1625.1600000000035,2549.9302,6,1890.83,637.39099999999996,1042.7112,2537.3795292610666,0.0,119.04877938741518,1,30,25,2379,3579
76,30,36,LinearSubgradientAuction,0.2,0.04,,True,,1000,10800,cats_reg_g30b150,,False,CATS,150,regions,MultiMinded,94,Balance,140.0800000000163,1970.4382,7,1633.82,405.01099999999997,1957.2915,2024.2754457247797,1526.5493561692233,1598.4327678927971,1,30,15,2196,3306
77,30,34,LinearSubgradientAuction,0.2,0.04,,True,,1000,10800,cats_reg_g30b150,,False,CATS,150,regions,MultiMinded,86,Balance,121.23000000001048,1646.3148,5,1576.38,831.28949999999998,1563.2302,1696.019489423004,1002.476377733461,1023.0966973784916,1,30,7,2074,3124
78,30,34,LinearSubgradientAuction,0.2,0.04,,True,,1000,10800,cats_reg_g30b150,,False,CATS,150,regions,MultiMinded,1000,MaxIter,1408.7400000000198,2412.1546,7,1881.66,768.41550000000007,917.9926,2448.8206077066438,397.8006593425423,509.413030126058,1,29,15,2040,3056
79,30,29,LinearSubgradientAuction,0.2,0.04,,True,,1000,10800,cats_reg_g30b150,,False,CATS,150,regions,MultiMinded,972,Balance,1150.2400000000198,2267.359,9,2060.3,919.01300000000003,1990.3269999999998,2315.050430180499,1203.5817105066376,1313.5207143145717,1,30,58,1769,2669
80,30,37,LinearSubgradientAuction,0.2,0.04,,True,,1000,10800,cats_reg_g30b150,,False,CATS,150,regions,MultiMinded,1000,MaxIter,1511.1199999999953,2112.5864,9,1592.54,576.49599999999998,1400.2,2103.9606364127635,658.34337748552218,726.68574964253253,1,29,33,2220,3323
81,30,33,LinearSubgradientAuction,0.2,0.04,,True,,1000,10800,cats_reg_g30b150,,False,CATS,150,regions,MultiMinded,1000,MaxIter,1382.9700000000012,1652.215,3,1316.69,725.81600000000003,623.344,1733.7566445688124,323.8190250787473,362.4769452241643,1,30,19,2013,3033
82,30,35,LinearSubgradientAuction,0.2,0.04,,True,,1000,10800,cats_reg_g30b150,,False,CATS,150,regions,MultiMinded,1000,MaxIter,1443.2700000000186,2109.0315,5,1900.31,619.13249999999994,515.3424,2274.6657254801544,138.17874514530251,171.36372507493232,1,30,21,2135,3215
83,30,32,LinearSubgradientAuction,0.2,0.04,,True,,1000,10800,cats_reg_g30b150,,False,CATS,150,regions,MultiMinded,131,Balance,172.30999999999767,2576.43019,8,2027.96,1059.6700000000001,2576.43019,2592.8660960866978,1536.6673415789062,1611.3400077610565,1,30,32,1952,2942
84,30,34,LinearSubgradientAuction,0.2,0.04,,True,,1000,10800,cats_reg_g30b150,,False,CATS,150,regions,MultiMinded,1000,MaxIter,1394.960000000021,1983.6759000000002,5,1485.27,650.14099999999996,902.0098,1995.4183536819583,420.86543990064979,517.84103804399865,1,30,20,2074,3124
85,30,33,LinearSubgradientAuction,0.2,0.04,,True,,1000,10800,cats_reg_g30b150,,False,CATS,150,regions,MultiMinded,53,Balance,69.6699999999837,1650.3177,6,1136.81,534.83399999999995,1608.6533,1602.4584979005972,1192.6047867274983,1297.9200422675726,1,29,21,1980,2967
86,30,37,LinearSubgradientAuction,0.2,0.04,,True,,1000,10800,cats_reg_g30b150,,False,CATS,150,regions,MultiMinded,108,Balance,165.05999999999767,2073.2363,7,1605.13,504.47649999999999,2069.3503,1913.2755740787925,1434.2226147225203,1618.4655636846296,1,30,5,2257,3397
87,30,34,LinearSubgradientAuction,0.2,0.04,,True,,1000,10800,cats_reg_g30b150,,False,CATS,150,regions,MultiMinded,1000,MaxIter,1378.5499999999884,2161.5317,11,1611.82,461.19499999999999,2016.4647,2223.5357707476019,1277.7403210340019,1382.7536122786967,1,29,20,2040,3056
88,30,35,LinearSubgradientAuction,0.2,0.04,,True,,1000,10800,cats_reg_g30b150,,False,CATS,150,regions,MultiMinded,73,Balance,103.25,1960.6723,10,1579.4,529.16499999999996,1960.6723,1907.9162832071597,1137.2544183115997,1245.8833417951855,1,29,12,2100,3145
89,30,40,LinearSubgradientAuction,0.2,0.04,,True,,1000,10800,cats_reg_g30b150,,False,CATS,150,regions,MultiMinded,54,Balance,83.4200000000128,2103.4608,12,1324.86,455.78500000000003,2051.8125,1809.5744784769408,1046.9265311225161,1377.2506999999998,1,27,1,2320,3430
90,30,36,LinearSubgradientAuction,0.2,0.04,,True,,1000,10800,cats_reg_g30b150,,False,CATS,150,regions,MultiMinded,97,Balance,142.42999999999302,2252.2093,8,1749.09,686.99800000000005,2213.4293,2167.3898629674436,1380.3641190895253,1513.285129417264,1,29,14,2160,3234
91,30,37,LinearSubgradientAuction,0.2,0.04,,True,,1000,10800,cats_reg_g30b150,,False,CATS,150,regions,MultiMinded,61,Balance,91.08999999999651,2533.4677,11,1557.05,605.50300000000004,2524.7637,2271.4568787107401,1590.1111669051527,1930.2403666869905,1,29,13,2220,3323
92,30,37,LinearSubgradientAuction,0.2,0.04,,True,,1000,10800,cats_reg_g30b150,,False,CATS,150,regions,MultiMinded,83,Balance,125.8299999999872,2087.0795,10,1557.29,467.12700000000001,2087.0795,2030.7811559684683,1331.4079448564648,1436.1664764323868,1,30,2,2257,3397
93,30,34,LinearSubgradientAuction,0.2,0.04,,True,,1000,10800,cats_reg_g30b150,,False,CATS,150,regions,MultiMinded,40,Balance,53.889999999984866,2220.4165999999996,9,1477.09,531.97949999999992,2160.0827,2044.9468195324457,1353.0572773081176,1643.5743944562396,1,28,44,2006,2988
94,30,33,LinearSubgradientAuction,0.2,0.04,,True,,1000,10800,cats_reg_g30b150,,False,CATS,150,regions,MultiMinded,144,Balance,186.4100000000035,2089.1439,9,1850.23,583.02999999999997,1943.0759,2028.9637143116761,1305.3904192468192,1496.928202754907,1,28,38,1947,2901
95,30,36,LinearSubgradientAuction,0.2,0.04,,True,,1000,10800,cats_reg_g30b150,,False,CATS,150,regions,MultiMinded,1000,MaxIter,1509.0500000000175,2218.1557,7,1747.55,732.99250000000006,1275.9556999999998,2235.1450605071695,597.85545221483449,653.56889377632012,1,30,13,2196,3306
96,30,33,LinearSubgradientAuction,0.2,0.04,,True,,1000,10800,cats_reg_g30b150,,False,CATS,150,regions,MultiMinded,1000,MaxIter,1335.9300000000221,1873.9284000000002,5,1690.89,555.43200000000002,458.3104,1903.2911882646029,54.189966522775066,111.72859535842811,1,29,24,1980,2967
97,30,37,LinearSubgradientAuction,0.2,0.04,,True,,1000,10800,cats_reg_g30b150,,False,CATS,150,regions,MultiMinded,132,Balance,192.5,1853.4531000000002,10,1334.16,635.36699999999996,1853.4531000000002,1792.542089335841,858.86366722449554,953.33956865862012,1,28,12,2183,3249
98,30,36,LinearSubgradientAuction,0.2,0.04,,True,,1000,10800,cats_reg_g30b150,,False,CATS,150,regions,MultiMinded,87,Balance,127.18000000002212,2779.0163,8,2131.76,620.35799999999995,2779.0163,2704.3066080734025,1813.4696235115232,1890.7843296954629,1,30,23,2196,3306
99,30,37,LinearSubgradientAuction,0.2,0.04,,True,,1000,10800,cats_reg_g30b150,,False,CATS,150,regions,MultiMinded,1000,MaxIter,1476.4899999999907,2286.8288000000002,4,1573.72,543.00099999999998,2180.7238,2271.1417480394598,1147.0745498962431,1267.2138315186626,1,28,4,2183,3249
100,30,32,LinearSubgradientAuction,0.2,0.04,,True,,1000,10800,cats_reg_g30b150,,False,CATS,150,regions,MultiMinded,106,Balance,138.7600000000093,1906.0085,11,1496.95,591.39400000000001,1903.6245000000001,1792.9976032360344,949.44067749055876,1114.7146877601815,1,30,46,1952,2942
