idx,items,agents,auction_class,epsilon,stepc,epoch,scalebyvalue,reserve_type,maxiter,maxtime,generator_param_name,personalized,int_prices,generator,bids,distribution,type,rounds,status,runtime,efficient_value,final_num_winners,final_max_agent_value,final_scalevalue,final_value,final_total_price,final_revenue,final_indirect_util,final_price_degree,final_price_sparsity,final_imbalance,final_wd_nvars,final_wd_ncons
1,10,17,LinearHeuristicAuction,0.1,0.04,,True,,1000,10800,cats_reg_g10b50,,False,CATS,50,regions,MultiMinded,22,Balance,0.7700000000186265,681.0817,3,513.163,288.52699999999999,663.8767,684.97962805348311,598.42152805348303,612.80056973335513,1,10,5,38,27
2,10,19,LinearHeuristicAuction,0.1,0.04,,True,,1000,10800,cats_reg_g10b50,,False,CATS,50,regions,MultiMinded,88,Balance,3.209999999991851,734.1289999999999,2,640.313,226.71899999999999,732.193,680.91570632498406,635.57190632498396,722.11245432463386,1,10,13,38,29
3,10,17,LinearHeuristicAuction,0.1,0.04,,True,,1000,10800,cats_reg_g10b50,,False,CATS,50,regions,MultiMinded,1000,MaxIter,35.39000000001397,804.4359999999999,2,797.452,310.25200000000001,728.83041,825.41278209848042,0.0,1.9913272249965934,1,10,9,39,27
4,10,14,LinearHeuristicAuction,0.1,0.04,,True,,1000,10800,cats_reg_g10b50,,False,CATS,50,regions,MultiMinded,8,Balance,0.2600000000093132,574.909,2,568.922,272.93700000000001,574.909,574.28893585995297,519.70153585995308,546.26574818847371,1,10,8,28,24
5,10,21,LinearHeuristicAuction,0.1,0.04,,True,,1000,10800,cats_reg_g10b50,,False,CATS,50,regions,MultiMinded,63,Balance,2.459999999991851,650.6363,2,619.701,342.60149999999999,650.6363,645.76029066644674,582.10809934069653,600.64436372393766,1,10,16,42,31
6,10,17,LinearHeuristicAuction,0.1,0.04,,True,,1000,10800,cats_reg_g10b50,,False,CATS,50,regions,MultiMinded,1000,MaxIter,36.48999999999069,834.2848,2,784.19,470.66899999999998,732.1518,886.90278723742358,0.0,1.5812255251527993,1,10,9,37,27
7,10,21,LinearHeuristicAuction,0.1,0.04,,True,,1000,10800,cats_reg_g10b50,,False,CATS,50,regions,MultiMinded,1000,MaxIter,39.889999999984866,854.667,2,696.341,343.76999999999998,685.804,871.39864012371663,69.175566095123315,69.580366575436003,1,10,9,46,31
8,10,18,LinearHeuristicAuction,0.1,0.04,,True,,1000,10800,cats_reg_g10b50,,False,CATS,50,regions,MultiMinded,233,Balance,8.679999999993015,663.572,3,592.441,275.35000000000002,663.572,660.98557282918034,578.38057282918032,581.66465705935912,1,10,2,39,28
9,10,18,LinearHeuristicAuction,0.1,0.04,,True,,1000,10800,cats_reg_g10b50,,False,CATS,50,regions,MultiMinded,8,Balance,0.2699999999895226,724.6032999999999,4,611.583,280.12,724.6032999999999,661.89527544133603,549.8472754413358,638.16106005015217,1,10,8,37,28
10,10,23,LinearHeuristicAuction,0.1,0.04,,True,,1000,10800,cats_reg_g10b50,,False,CATS,50,regions,MultiMinded,34,Balance,1.4100000000034925,946.3547,4,784.828,433.57950000000005,946.3547,955.96282571745917,815.52739672459745,847.1869119827553,1,10,2,48,33
11,10,16,LinearHeuristicAuction,0.1,0.04,,True,,1000,10800,cats_reg_g10b50,,False,CATS,50,regions,MultiMinded,36,Balance,1.2999999999883585,724.662,1,724.662,403.49950000000001,724.662,713.77155716954417,673.42160716954413,702.40532928780453,1,10,18,35,26
12,10,16,LinearHeuristicAuction,0.1,0.04,,True,,1000,10800,cats_reg_g10b50,,False,CATS,50,regions,MultiMinded,24,Balance,0.7900000000081491,522.114,1,522.114,283.13549999999998,522.114,518.18486495430614,489.87131495430611,520.371867962024,1,10,17,35,26
13,10,17,LinearHeuristicAuction,0.1,0.04,,True,,1000,10800,cats_reg_g10b50,,False,CATS,50,regions,MultiMinded,9,Balance,0.3200000000069849,778.1078,2,718.401,353.04300000000001,778.1078,764.94916660133038,701.4014266013304,766.51872702703213,1,10,17,33,27
14,10,17,LinearHeuristicAuction,0.1,0.04,,True,,1000,10800,cats_reg_g10b50,,False,CATS,50,regions,MultiMinded,14,Balance,0.5099999999802094,588.9796,2,575.883,307.69200000000001,588.9796,611.0690121934631,568.21223547304237,584.33798925951612,1,10,15,34,27
15,10,17,LinearHeuristicAuction,0.1,0.04,,True,,1000,10800,cats_reg_g10b50,,False,CATS,50,regions,MultiMinded,98,Balance,3.580000000016298,634.994,2,600.13,422.91899999999998,634.994,632.53389319444841,547.95009319444853,559.3584258511811,1,10,27,36,27
16,10,26,LinearHeuristicAuction,0.1,0.04,,True,,1000,10800,cats_reg_g10b50,,False,CATS,50,regions,MultiMinded,37,Balance,1.5499999999883585,519.6692,2,485.933,278.584,519.6692,545.4720284630564,489.75522846305631,498.50478430044529,1,10,16,52,36
17,10,16,LinearHeuristicAuction,0.1,0.04,,True,,1000,10800,cats_reg_g10b50,,False,CATS,50,regions,MultiMinded,6,Balance,0.22000000000116415,910.0260000000001,3,815.656,322.738,910.0260000000001,900.10780815222233,803.28640815222218,868.6073311255933,1,10,16,30,26
18,10,18,LinearHeuristicAuction,0.1,0.04,,True,,1000,10800,cats_reg_g10b50,,False,CATS,50,regions,MultiMinded,36,Balance,1.2300000000104774,982.461,2,932.103,367.83500000000004,982.461,1016.5676248751819,943.00062487518187,975.84299001556724,1,10,25,37,28
19,10,19,LinearHeuristicAuction,0.1,0.04,,True,,1000,10800,cats_reg_g10b50,,False,CATS,50,regions,MultiMinded,77,Balance,2.959999999991851,903.4849999999999,2,826.774,559.33850000000007,903.4849999999999,933.49173854332048,821.62403854332047,866.82975433542094,1,10,22,42,29
20,10,21,LinearHeuristicAuction,0.1,0.04,,True,,1000,10800,cats_reg_g10b50,,False,CATS,50,regions,MultiMinded,1000,MaxIter,39.54999999998836,780.3014999999999,2,637.779,268.37200000000001,672.443,696.98276268445818,0.0,95.702900633863379,1,10,13,45,31
21,10,17,LinearHeuristicAuction,0.1,0.04,,True,,1000,10800,cats_reg_g10b50,,False,CATS,50,regions,MultiMinded,14,Balance,0.5,869.309,3,770.684,361.69299999999998,869.309,779.729908101717,671.22200810171694,774.79757489908775,1,10,8,38,27
22,10,16,LinearHeuristicAuction,0.1,0.04,,True,,1000,10800,cats_reg_g10b50,,False,CATS,50,regions,MultiMinded,1000,MaxIter,36.19999999998254,827.155,3,792.758,416.87799999999999,682.7562,911.27377538012888,528.51862504214216,539.46002230792521,1,10,12,34,26
23,10,21,LinearHeuristicAuction,0.1,0.04,,True,,1000,10800,cats_reg_g10b50,,False,CATS,50,regions,MultiMinded,416,Balance,15.920000000012806,926.9879999999999,5,813.726,269.07900000000001,913.9114999999999,872.93545722290719,738.39595722290721,808.72869066996839,1,10,15,46,31
24,10,23,LinearHeuristicAuction,0.1,0.04,,True,,1000,10800,cats_reg_g10b50,,False,CATS,50,regions,MultiMinded,37,Balance,1.4499999999825377,822.2049999999999,4,635.81,377.13200000000001,822.2049999999999,841.52493889125515,690.67213889125503,724.10663306845595,1,10,12,49,33
25,10,22,LinearHeuristicAuction,0.1,0.04,,True,,1000,10800,cats_reg_g10b50,,False,CATS,50,regions,MultiMinded,1000,MaxIter,39.69000000000233,534.8185,1,446.519,197.68200000000002,408.677,530.45972236472028,0,37.529329573490884,1,10,29,48,32
26,10,17,LinearHeuristicAuction,0.1,0.04,,True,,1000,10800,cats_reg_g10b50,,False,CATS,50,regions,MultiMinded,16,Balance,0.5400000000081491,716.487,1,716.487,299.23599999999999,687.81,704.93081623954959,675.00721623954962,696.12882075148434,1,10,24,35,27
27,10,17,LinearHeuristicAuction,0.1,0.04,,True,,1000,10800,cats_reg_g10b50,,False,CATS,50,regions,MultiMinded,78,Balance,2.8000000000174623,811.1127,4,667.768,330.15700000000004,778.0657000000001,809.28883676503563,677.85223442988251,686.55111487160275,1,10,18,38,27
28,10,18,LinearHeuristicAuction,0.1,0.04,,True,,1000,10800,cats_reg_g10b50,,False,CATS,50,regions,MultiMinded,47,Balance,1.6699999999837019,818.682,1,802.322,385.84800000000001,802.322,833.43352643694175,794.84872643694177,810.92162468573099,1,10,20,41,28
29,10,20,LinearHeuristicAuction,0.1,0.04,,True,,1000,10800,cats_reg_g10b50,,False,CATS,50,regions,MultiMinded,49,Balance,1.8300000000162981,767.6940999999999,1,746.709,446.00549999999998,746.709,745.56012078082313,700.95957078082313,750.98070510219941,1,10,16,40,30
30,10,18,LinearHeuristicAuction,0.1,0.04,,True,,1000,10800,cats_reg_g10b50,,False,CATS,50,regions,MultiMinded,1000,MaxIter,38.0,794.5821000000001,1,739.446,385.6635,584.308,851.97627146282866,0,3.8764158786928107,1,10,10,39,28
31,10,21,LinearHeuristicAuction,0.1,0.04,,True,,1000,10800,cats_reg_g10b50,,False,CATS,50,regions,MultiMinded,1000,MaxIter,38.16000000000349,818.388,2,733.06,325.495,694.9743000000001,829.0717733651984,47.897387729223603,51.386118671221261,1,10,14,44,31
32,10,20,LinearHeuristicAuction,0.1,0.04,,True,,1000,10800,cats_reg_g10b50,,False,CATS,50,regions,MultiMinded,28,Balance,1.0500000000174623,637.3713,4,533.498,304.15100000000001,637.3713,651.09947078866412,529.43907078866403,540.8636123350409,1,10,8,43,30
33,10,16,LinearHeuristicAuction,0.1,0.04,,True,,1000,10800,cats_reg_g10b50,,False,CATS,50,regions,MultiMinded,22,Balance,0.8099999999976717,560.5032,2,498.34,219.72300000000001,560.5032,510.9823536486374,467.03775364863736,516.55859999999996,1,10,0,34,26
34,10,20,LinearHeuristicAuction,0.1,0.04,,True,,1000,10800,cats_reg_g10b50,,False,CATS,50,regions,MultiMinded,60,Balance,2.3099999999976717,726.3012,4,568.454,249.64099999999999,726.3012,663.57935721034676,563.72295721034664,626.51950252320171,1,10,4,41,30
35,10,27,LinearHeuristicAuction,0.1,0.04,,True,,1000,10800,cats_reg_g10b50,,False,CATS,50,regions,MultiMinded,50,Balance,2.2300000000104774,858.175,2,722.988,380.87900000000002,858.175,849.86135553967461,773.68555553967462,787.36113301299952,1,10,5,54,37
36,10,17,LinearHeuristicAuction,0.1,0.04,,True,,1000,10800,cats_reg_g10b50,,False,CATS,50,regions,MultiMinded,20,Balance,0.6999999999825377,716.498,1,716.498,379.51999999999998,716.498,748.56917677042111,710.61717677042111,747.71103498910998,1,10,25,35,27
37,10,20,LinearHeuristicAuction,0.1,0.04,,True,,1000,10800,cats_reg_g10b50,,False,CATS,50,regions,MultiMinded,23,Balance,0.8399999999965075,824.835,3,630.222,329.92600000000004,824.835,777.25921187604047,678.28141187604047,725.85719999999992,1,10,0,40,30
38,10,18,LinearHeuristicAuction,0.1,0.04,,True,,1000,10800,cats_reg_g10b50,,False,CATS,50,regions,MultiMinded,33,Balance,1.1900000000023283,825.56,1,825.56,471.01400000000001,825.56,799.00049589019591,751.89909589019589,843.48672540519192,1,10,16,37,28
39,10,25,LinearHeuristicAuction,0.1,0.04,,True,,1000,10800,cats_reg_g10b50,,False,CATS,50,regions,MultiMinded,14,Balance,0.5500000000174623,948.5501,5,753.385,196.10050000000001,948.5501,787.37208901537974,689.32183901537974,868.28401947152452,1,10,1,46,35
40,10,22,LinearHeuristicAuction,0.1,0.04,,True,,1000,10800,cats_reg_g10b50,,False,CATS,50,regions,MultiMinded,1000,MaxIter,41.389999999984866,694.64,2,671.57,320.48500000000001,694.64,727.5622689751043,83.326100000000011,96.858500000000006,1,10,17,47,32
41,10,18,LinearHeuristicAuction,0.1,0.04,,True,,1000,10800,cats_reg_g10b50,,False,CATS,50,regions,MultiMinded,16,Balance,0.5799999999871943,919.5834,3,833.068,428.51799999999997,919.5834,941.76140501531518,813.2060050153151,827.3447430160769,1,10,11,37,28
42,10,21,LinearHeuristicAuction,0.1,0.04,,True,,1000,10800,cats_reg_g10b50,,False,CATS,50,regions,MultiMinded,123,Balance,4.860000000015134,722.396,1,722.396,339.44,722.396,715.22905578391931,681.28505578391935,698.81732017769991,1,10,16,43,31
43,10,20,LinearHeuristicAuction,0.1,0.04,,True,,1000,10800,cats_reg_g10b50,,False,CATS,50,regions,MultiMinded,32,Balance,1.1499999999941792,820.8240000000001,2,681.374,265.63999999999999,820.8240000000001,805.8972919806555,752.76929198065557,769.48406804618912,1,10,5,39,30
44,10,19,LinearHeuristicAuction,0.1,0.04,,True,,1000,10800,cats_reg_g10b50,,False,CATS,50,regions,MultiMinded,1000,MaxIter,37.35000000000582,607.363,1,484.926,277.04599999999999,462.233,630.35176542050374,0,23.632914031412128,1,10,34,42,29
45,10,20,LinearHeuristicAuction,0.1,0.04,,True,,1000,10800,cats_reg_g10b50,,False,CATS,50,regions,MultiMinded,14,Balance,0.5200000000186265,687.7891,5,510.577,285.93000000000001,687.7891,686.00674163912538,562.84720515013976,593.95042187252852,1,10,9,40,30
46,10,19,LinearHeuristicAuction,0.1,0.04,,True,,1000,10800,cats_reg_g10b50,,False,CATS,50,regions,MultiMinded,33,Balance,1.2200000000011642,810.368,2,810.368,345.00850000000003,808.7297,793.48141055526423,724.47971055526421,769.51053820974164,1,10,1,40,29
47,10,18,LinearHeuristicAuction,0.1,0.04,,True,,1000,10800,cats_reg_g10b50,,False,CATS,50,regions,MultiMinded,25,Balance,0.9199999999837019,759.477,1,738.963,363.25599999999997,738.963,763.91429541036428,727.58869541036427,767.835120050461,1,10,16,38,28
48,10,29,LinearHeuristicAuction,0.1,0.04,,True,,1000,10800,cats_reg_g10b50,,False,CATS,50,regions,MultiMinded,52,Balance,2.4099999999743886,726.774,3,661.833,328.96899999999999,726.774,722.81114550815914,624.12044550815926,630.69438711576811,1,10,3,61,39
49,10,23,LinearHeuristicAuction,0.1,0.04,,True,,1000,10800,cats_reg_g10b50,,False,CATS,50,regions,MultiMinded,16,Balance,0.6400000000139698,587.5914,6,462.576,216.20049999999998,587.5914,578.44917123014409,448.72887123014414,479.1863813262155,1,10,6,49,33
50,10,17,LinearHeuristicAuction,0.1,0.04,,True,,1000,10800,cats_reg_g10b50,,False,CATS,50,regions,MultiMinded,13,Balance,0.4800000000104774,945.836,4,681.012,323.851,945.836,920.6106966621868,791.07029666218682,847.60490705110931,1,10,10,34,27
51,10,25,LinearHeuristicAuction,0.1,0.04,,True,,1000,10800,cats_reg_g10b50,,False,CATS,50,regions,MultiMinded,34,Balance,1.4100000000034925,831.2631000000001,3,644.905,285.66050000000001,831.2631000000001,814.29004305945023,728.59189305945017,745.56495000000007,1,10,0,51,35
52,10,19,LinearHeuristicAuction,0.1,0.04,,True,,1000,10800,cats_reg_g10b50,,False,CATS,50,regions,MultiMinded,16,Balance,0.5899999999965075,608.391,1,608.391,276.31299999999999,576.268,597.31161076438229,569.68031076438228,605.45713804137085,1,10,28,39,29
53,10,21,LinearHeuristicAuction,0.1,0.04,,True,,1000,10800,cats_reg_g10b50,,False,CATS,50,regions,MultiMinded,120,Balance,4.60999999998603,623.5598,4,612.518,167.23250000000002,623.5598,638.01752994196193,571.1245299419619,576.91952324425483,1,10,16,45,31
54,10,20,LinearHeuristicAuction,0.1,0.04,,True,,1000,10800,cats_reg_g10b50,,False,CATS,50,regions,MultiMinded,17,Balance,0.6200000000244472,1040.322,4,967.436,414.12850000000003,1039.9794,1000.3154098682239,834.66400986822384,938.36562049566339,1,10,9,44,30
55,10,17,LinearHeuristicAuction,0.1,0.04,,True,,1000,10800,cats_reg_g10b50,,False,CATS,50,regions,MultiMinded,4,Balance,0.16000000000349246,1001.244,2,739.168,309.35699999999997,1001.244,938.53097222194424,876.65957222194425,973.88457658872665,1,10,5,32,27
56,10,17,LinearHeuristicAuction,0.1,0.04,,True,,1000,10800,cats_reg_g10b50,,False,CATS,50,regions,MultiMinded,282,Balance,10.14999999999418,674.3464,4,592.43,348.80000000000001,674.3464,658.63161230556602,519.11161230556615,546.02516924235988,1,10,18,38,27
57,10,20,LinearHeuristicAuction,0.1,0.04,,True,,1000,10800,cats_reg_g10b50,,False,CATS,50,regions,MultiMinded,33,Balance,1.179999999993015,783.158,3,568.928,268.62299999999999,763.1990000000001,760.80120545843465,680.21430545843464,715.18796007518233,1,10,7,40,30
58,10,21,LinearHeuristicAuction,0.1,0.04,,True,,1000,10800,cats_reg_g10b50,,False,CATS,50,regions,MultiMinded,39,Balance,1.5799999999871943,871.9079999999999,2,791.212,427.88200000000001,871.9079999999999,868.19560975539639,782.61920975539647,792.58702730069842,1,10,5,44,31
59,10,28,LinearHeuristicAuction,0.1,0.04,,True,,1000,10800,cats_reg_g10b50,,False,CATS,50,regions,MultiMinded,68,Balance,3.1300000000046566,875.1772,3,803.796,406.47899999999998,875.1772,870.62407033931981,748.68037033931967,759.69869158736969,1,10,8,57,38
60,10,22,LinearHeuristicAuction,0.1,0.04,,True,,1000,10800,cats_reg_g10b50,,False,CATS,50,regions,MultiMinded,31,Balance,1.2200000000011642,716.1357,3,662.173,358.10899999999998,716.1357,705.50558784538998,598.07288784539014,636.7311544391149,1,10,17,46,32
61,10,19,LinearHeuristicAuction,0.1,0.04,,True,,1000,10800,cats_reg_g10b50,,False,CATS,50,regions,MultiMinded,28,Balance,1.0,756.948,3,553.212,307.67700000000002,756.948,746.44737143739667,654.1442714373967,689.76912716512606,1,10,13,40,29
62,10,20,LinearHeuristicAuction,0.1,0.04,,True,,1000,10800,cats_reg_g10b50,,False,CATS,50,regions,MultiMinded,11,Balance,0.389999999984866,962.414,3,839.979,365.63299999999998,962.414,979.54079887841419,869.85089887841423,890.79320242341089,1,10,8,40,30
63,10,20,LinearHeuristicAuction,0.1,0.04,,True,,1000,10800,cats_reg_g10b50,,False,CATS,50,regions,MultiMinded,53,Balance,2.0499999999883585,966.8963000000001,4,783.33,502.36099999999999,966.8963000000001,944.67606860242574,749.34998744186078,776.8525076233492,1,10,16,43,30
64,10,24,LinearHeuristicAuction,0.1,0.04,,True,,1000,10800,cats_reg_g10b50,,False,CATS,50,regions,MultiMinded,19,Balance,0.7400000000197906,784.4846,2,723.45,238.8545,784.4846,792.94188951245053,745.17098951245055,774.4230451536348,1,10,17,47,34
65,10,18,LinearHeuristicAuction,0.1,0.04,,True,,1000,10800,cats_reg_g10b50,,False,CATS,50,regions,MultiMinded,48,Balance,1.6600000000034925,863.3610000000001,4,758.102,337.34500000000003,863.3610000000001,821.3356839463811,686.39768394638122,738.42109151944067,1,10,8,38,28
66,10,18,LinearHeuristicAuction,0.1,0.04,,True,,1000,10800,cats_reg_g10b50,,False,CATS,50,regions,MultiMinded,124,Balance,4.470000000001164,852.079,2,807.329,372.65700000000004,847.679,802.81588857432394,728.28448857432386,790.68603757701828,1,10,29,36,28
67,10,27,LinearHeuristicAuction,0.1,0.04,,True,,1000,10800,cats_reg_g10b50,,False,CATS,50,regions,MultiMinded,34,Balance,1.4800000000104774,860.8598,2,789.183,223.39999999999998,860.8598,855.2694733282716,810.58947332827154,837.55394253587292,1,10,1,53,37
68,10,20,LinearHeuristicAuction,0.1,0.04,,True,,1000,10800,cats_reg_g10b50,,False,CATS,50,regions,MultiMinded,18,Balance,0.6700000000128057,535.1916,4,486.692,201.834,535.1916,548.32004032992813,467.58644032992817,497.7579397421718,1,10,14,40,30
69,10,20,LinearHeuristicAuction,0.1,0.04,,True,,1000,10800,cats_reg_g10b50,,False,CATS,50,regions,MultiMinded,28,Balance,1.0800000000162981,550.5322,3,423.552,212.09399999999999,550.5322,541.34132874501154,477.71312874501149,489.69242764069236,1,10,2,41,30
70,10,18,LinearHeuristicAuction,0.1,0.04,,True,,1000,10800,cats_reg_g10b50,,False,CATS,50,regions,MultiMinded,1000,MaxIter,36.8300000000163,965.81,3,780.078,273.52800000000002,554.255,893.51931653566794,212.68547934782754,324.52631154831687,1,10,13,38,28
71,10,17,LinearHeuristicAuction,0.1,0.04,,True,,1000,10800,cats_reg_g10b50,,False,CATS,50,regions,MultiMinded,1000,MaxIter,36.54000000000815,745.048,1,745.048,330.73000000000002,745.048,779.82854711189214,0,4.1411795601396193,1,10,10,42,27
72,10,23,LinearHeuristicAuction,0.1,0.04,,True,,1000,10800,cats_reg_g10b50,,False,CATS,50,regions,MultiMinded,20,Balance,0.7799999999988358,619.2275000000001,7,497.631,317.09799999999996,619.2275000000001,666.05377771570716,444.08517771570718,454.81663806871347,1,10,5,46,33
73,10,20,LinearHeuristicAuction,0.1,0.04,,True,,1000,10800,cats_reg_g10b50,,False,CATS,50,regions,MultiMinded,1000,MaxIter,39.08999999999651,675.2625,1,656.76,362.82400000000001,656.76,700.79539242968667,0,0.0,1,10,10,44,30
74,10,26,LinearHeuristicAuction,0.1,0.04,,True,,1000,10800,cats_reg_g10b50,,False,CATS,50,regions,MultiMinded,10,Balance,0.4299999999930151,942.6876,2,890.025,245.483,942.6876,960.84866803443856,911.75206803443848,933.78506796680517,1,10,14,53,36
75,10,15,LinearHeuristicAuction,0.1,0.04,,True,,1000,10800,cats_reg_g10b50,,False,CATS,50,regions,MultiMinded,16,Balance,0.5400000000081491,986.353,1,977.088,450.65550000000002,977.088,974.52545029645398,929.45990029645395,994.28641718697907,1,10,9,31,25
76,10,22,LinearHeuristicAuction,0.1,0.04,,True,,1000,10800,cats_reg_g10b50,,False,CATS,50,regions,MultiMinded,46,Balance,1.790000000008149,900.434,6,820.61,441.17500000000001,900.434,889.61935724800605,624.91435724800613,649.54501120894304,1,10,7,47,32
77,10,19,LinearHeuristicAuction,0.1,0.04,,True,,1000,10800,cats_reg_g10b50,,False,CATS,50,regions,MultiMinded,96,Balance,3.569999999977881,505.8682,3,489.633,293.4085,502.3022,496.52727315045217,414.37289315045217,457.64156149335827,1,10,14,38,29
78,10,15,LinearHeuristicAuction,0.1,0.04,,True,,1000,10800,cats_reg_g10b50,,False,CATS,50,regions,MultiMinded,20,Balance,0.6499999999941792,723.896,1,723.896,268.85500000000002,723.896,713.84171547077267,686.95621547077269,736.34810624996828,1,10,8,29,25
79,10,20,LinearHeuristicAuction,0.1,0.04,,True,,1000,10800,cats_reg_g10b50,,False,CATS,50,regions,MultiMinded,57,Balance,2.0799999999871943,830.055,3,715.055,304.07849999999996,830.055,791.49934991965551,700.27579991965558,738.83145000000002,1,10,0,40,30
80,10,23,LinearHeuristicAuction,0.1,0.04,,True,,1000,10800,cats_reg_g10b50,,False,CATS,50,regions,MultiMinded,134,Balance,5.459999999991851,858.2552999999999,5,815.519,326.65449999999998,858.2552999999999,848.27188790072523,684.94463790072518,699.82216416729182,1,10,5,48,33
81,10,19,LinearHeuristicAuction,0.1,0.04,,True,,1000,10800,cats_reg_g10b50,,False,CATS,50,regions,MultiMinded,7,Balance,0.23999999999068677,731.2354999999999,5,657.74,318.25649999999996,728.3769,746.42795418467779,587.29970418467781,606.63849276937503,1,10,10,37,29
82,10,20,LinearHeuristicAuction,0.1,0.04,,True,,1000,10800,cats_reg_g10b50,,False,CATS,50,regions,MultiMinded,69,Balance,2.540000000008149,799.819,3,670.65,230.49700000000001,799.819,774.02320366103959,704.8741036610395,755.96445822057274,1,10,5,42,30
83,10,18,LinearHeuristicAuction,0.1,0.04,,True,,1000,10800,cats_reg_g10b50,,False,CATS,50,regions,MultiMinded,15,Balance,0.5299999999988358,778.391,2,740.964,303.2475,778.391,793.88206602384514,733.23256602384515,769.1043039662087,1,10,20,37,28
84,10,19,LinearHeuristicAuction,0.1,0.04,,True,,1000,10800,cats_reg_g10b50,,False,CATS,50,regions,MultiMinded,10,Balance,0.360000000015134,653.4665,4,531.36,233.98450000000003,653.4665,634.8675383070796,541.2737383070795,583.24480363927159,1,10,9,39,29
85,10,16,LinearHeuristicAuction,0.1,0.04,,True,,1000,10800,cats_reg_g10b50,,False,CATS,50,regions,MultiMinded,8,Balance,0.2600000000093132,738.6202000000001,4,623.355,332.00099999999998,738.6202000000001,735.92420354795286,603.12380354795289,645.90180672663087,1,10,16,32,26
86,10,17,LinearHeuristicAuction,0.1,0.04,,True,,1000,10800,cats_reg_g10b50,,False,CATS,50,regions,MultiMinded,34,Balance,1.1900000000023283,772.54,2,646.076,287.08299999999997,772.54,764.95416699896657,707.53756699896655,715.12339999999995,1,10,0,34,27
87,10,18,LinearHeuristicAuction,0.1,0.04,,True,,1000,10800,cats_reg_g10b50,,False,CATS,50,regions,MultiMinded,1000,MaxIter,36.079999999987194,883.32347,2,801.709,428.95349999999996,671.90877,929.67640470412198,0.0,7.2983004209360214,1,10,9,37,28
88,10,20,LinearHeuristicAuction,0.1,0.04,,True,,1000,10800,cats_reg_g10b50,,False,CATS,50,regions,MultiMinded,32,Balance,1.1900000000023283,662.7294999999999,1,622.783,332.80799999999999,622.783,650.01409450347853,616.73329450347853,646.52574771041623,1,10,21,39,30
89,10,26,LinearHeuristicAuction,0.1,0.04,,True,,1000,10800,cats_reg_g10b50,,False,CATS,50,regions,MultiMinded,1000,MaxIter,44.810000000026776,844.3882,2,703.836,361.93200000000002,725.4582,850.9265013495226,21.715920000000011,38.460677765343561,1,10,25,55,36
90,10,21,LinearHeuristicAuction,0.1,0.04,,True,,1000,10800,cats_reg_g10b50,,False,CATS,50,regions,MultiMinded,25,Balance,0.9599999999918509,1011.3232,6,890.879,348.79300000000001,1011.3232,900.3484119215891,698.048471921589,836.66365272178791,1,10,7,42,31
91,10,17,LinearHeuristicAuction,0.1,0.04,,True,,1000,10800,cats_reg_g10b50,,False,CATS,50,regions,MultiMinded,79,Balance,2.85999999998603,890.575,1,890.575,535.99700000000007,890.575,935.29283902139809,881.69313902139811,895.21994854523825,1,10,23,34,27
92,10,22,LinearHeuristicAuction,0.1,0.04,,True,,1000,10800,cats_reg_g10b50,,False,CATS,50,regions,MultiMinded,9,Balance,0.33000000001629815,683.1735,2,627.133,263.76300000000003,683.1735,687.73123281454764,634.97863281454761,665.88327053112755,1,10,18,44,32
93,10,20,LinearHeuristicAuction,0.1,0.04,,True,,1000,10800,cats_reg_g10b50,,False,CATS,50,regions,MultiMinded,18,Balance,0.6900000000023283,931.509,1,931.509,347.88099999999997,931.509,925.77935694042276,890.99125694042277,920.71453405264651,1,10,16,40,30
94,10,15,LinearHeuristicAuction,0.1,0.04,,True,,1000,10800,cats_reg_g10b50,,False,CATS,50,regions,MultiMinded,87,Balance,2.8999999999941792,772.037,2,770.337,295.54650000000004,772.037,771.35112599492925,712.24182599492917,741.49935428258334,1,10,13,32,25
95,10,17,LinearHeuristicAuction,0.1,0.04,,True,,1000,10800,cats_reg_g10b50,,False,CATS,50,regions,MultiMinded,52,Balance,1.8300000000162981,901.2369,3,849.224,408.67100000000005,901.2369,884.80466275205231,770.37678275205224,795.76184483228428,1,10,9,36,27
96,10,19,LinearHeuristicAuction,0.1,0.04,,True,,1000,10800,cats_reg_g10b50,,False,CATS,50,regions,MultiMinded,14,Balance,0.5299999999988358,752.0848,3,651.493,368.70849999999996,752.0848,754.57845611836274,643.96590611836268,654.8940711341296,1,10,14,39,29
97,10,20,LinearHeuristicAuction,0.1,0.04,,True,,1000,10800,cats_reg_g10b50,,False,CATS,50,regions,MultiMinded,1000,MaxIter,39.95999999999185,657.92043,1,602.694,360.185,550.046,694.38231935777469,0,2.2381966316849291,1,10,16,45,30
98,10,20,LinearHeuristicAuction,0.1,0.04,,True,,1000,10800,cats_reg_g10b50,,False,CATS,50,regions,MultiMinded,9,Balance,0.35000000000582077,1047.5140999999999,4,870.711,386.798,1047.5140999999999,1038.476887644561,883.75768764456097,914.94451682363592,1,10,7,39,30
99,10,22,LinearHeuristicAuction,0.1,0.04,,True,,1000,10800,cats_reg_g10b50,,False,CATS,50,regions,MultiMinded,15,Balance,0.5899999999965075,1044.344,5,687.143,366.375,1044.344,1033.90464129661,850.71714129660984,875.53147616543583,1,10,9,47,32
100,10,21,LinearHeuristicAuction,0.1,0.04,,True,,1000,10800,cats_reg_g10b50,,False,CATS,50,regions,MultiMinded,194,Balance,7.619999999995343,587.8678,2,515.864,141.49099999999999,587.8678,565.33684215739424,537.03864215739418,560.36654698751397,1,10,11,43,31
