idx,items,agents,auction_class,epsilon,stepc,epoch,scalebyvalue,reserve_type,maxiter,maxtime,generator_param_name,personalized,int_prices,generator,bids,distribution,type,rounds,status,runtime,efficient_value,final_num_winners,final_max_agent_value,final_scalevalue,final_value,final_total_price,final_revenue,final_indirect_util,final_price_degree,final_price_sparsity,final_imbalance,final_wd_nvars,final_wd_ncons
1,10,17,LinearHeuristicAuction,0.05,0.08,,True,,1000,10800,cats_reg_g10b50,,False,CATS,50,regions,MultiMinded,52,Balance,1.8699999999953434,681.0817,4,513.163,288.52699999999999,681.0817,669.53294379571093,611.82754379571099,632.30632809528697,1,10,7,42,27
2,10,19,LinearHeuristicAuction,0.05,0.08,,True,,1000,10800,cats_reg_g10b50,,False,CATS,50,regions,MultiMinded,68,Balance,2.5199999999895226,734.1289999999999,3,640.313,226.71899999999999,734.1289999999999,700.74946404658454,666.74161404658446,719.56284099847699,1,10,18,41,29
3,10,17,LinearHeuristicAuction,0.05,0.08,,True,,1000,10800,cats_reg_g10b50,,False,CATS,50,regions,MultiMinded,43,Balance,1.5200000000186265,804.4359999999999,3,797.452,310.25200000000001,804.4359999999999,809.83140191877885,763.29360191877879,802.0592669885325,1,10,24,40,27
4,10,14,LinearHeuristicAuction,0.05,0.08,,True,,1000,10800,cats_reg_g10b50,,False,CATS,50,regions,MultiMinded,17,Balance,0.5299999999988358,574.909,2,568.922,272.93700000000001,574.909,570.18161224243283,542.88791224243278,563.82728919796932,1,10,5,31,24
5,10,21,LinearHeuristicAuction,0.05,0.08,,True,,1000,10800,cats_reg_g10b50,,False,CATS,50,regions,MultiMinded,50,Balance,1.9200000000128057,650.6363,2,619.701,342.60149999999999,650.6363,663.86168151564948,629.60153151564941,637.02099545721569,1,10,18,43,31
6,10,17,LinearHeuristicAuction,0.05,0.08,,True,,1000,10800,cats_reg_g10b50,,False,CATS,50,regions,MultiMinded,1000,MaxIter,35.970000000001164,834.2848,2,784.19,470.66899999999998,732.1518,890.95915976866775,3.8517578711898892,3.8523499999999977,1,10,28,36,27
7,10,21,LinearHeuristicAuction,0.05,0.08,,True,,1000,10800,cats_reg_g10b50,,False,CATS,50,regions,MultiMinded,1000,MaxIter,40.8300000000163,854.667,1,696.341,343.76999999999998,603.857,865.45061420493244,0,13.131590415343155,1,10,10,47,31
8,10,18,LinearHeuristicAuction,0.05,0.08,,True,,1000,10800,cats_reg_g10b50,,False,CATS,50,regions,MultiMinded,149,Balance,5.570000000006985,663.572,3,592.441,275.35000000000002,663.572,656.33448342042107,615.03198342042094,622.51595589383737,1,10,2,39,28
9,10,18,LinearHeuristicAuction,0.05,0.08,,True,,1000,10800,cats_reg_g10b50,,False,CATS,50,regions,MultiMinded,26,Balance,0.9000000000232831,724.6032999999999,4,611.583,280.12,724.6032999999999,696.3002483319982,640.27624833199832,675.1501386264955,1,10,8,37,28
10,10,23,LinearHeuristicAuction,0.05,0.08,,True,,1000,10800,cats_reg_g10b50,,False,CATS,50,regions,MultiMinded,55,Balance,2.3099999999976717,946.3547,4,784.828,433.57950000000005,946.3547,899.48880708383581,826.29141219870326,890.45568850399695,1,10,2,48,33
11,10,16,LinearHeuristicAuction,0.05,0.08,,True,,1000,10800,cats_reg_g10b50,,False,CATS,50,regions,MultiMinded,46,Balance,1.6199999999953434,724.662,1,724.662,403.49950000000001,724.662,708.64787035413713,688.47289535413711,740.97981368723993,1,10,17,37,26
12,10,16,LinearHeuristicAuction,0.05,0.08,,True,,1000,10800,cats_reg_g10b50,,False,CATS,50,regions,MultiMinded,36,Balance,1.2300000000104774,522.114,1,522.114,283.13549999999998,522.114,516.29880267723149,502.14202767723151,518.71143871855691,1,10,8,40,26
13,10,17,LinearHeuristicAuction,0.05,0.08,,True,,1000,10800,cats_reg_g10b50,,False,CATS,50,regions,MultiMinded,27,Balance,0.9600000000209548,778.1078,2,718.401,353.04300000000001,778.1078,789.99106143681706,754.68676143681705,769.72313410739878,1,10,21,37,27
14,10,17,LinearHeuristicAuction,0.05,0.08,,True,,1000,10800,cats_reg_g10b50,,False,CATS,50,regions,MultiMinded,26,Balance,0.8999999999941792,588.9796,2,575.883,307.69200000000001,588.9796,584.40360380972447,561.75181435755701,578.36572150002951,1,10,22,34,27
15,10,17,LinearHeuristicAuction,0.05,0.08,,True,,1000,10800,cats_reg_g10b50,,False,CATS,50,regions,MultiMinded,46,Balance,1.679999999993015,634.994,2,600.13,422.91899999999998,634.994,632.69297872549419,590.40107872549424,633.99539871434661,1,10,20,36,27
16,10,26,LinearHeuristicAuction,0.05,0.08,,True,,1000,10800,cats_reg_g10b50,,False,CATS,50,regions,MultiMinded,95,Balance,4.2000000000116415,519.6692,2,485.933,278.584,519.6692,527.15144589421539,499.29304589421548,500.77072899012319,1,10,9,53,36
17,10,16,LinearHeuristicAuction,0.05,0.08,,True,,1000,10800,cats_reg_g10b50,,False,CATS,50,regions,MultiMinded,39,Balance,1.3800000000046566,910.0260000000001,3,815.656,322.738,910.0260000000001,902.96944130433531,854.5587413043354,876.4278345023049,1,10,9,33,26
18,10,18,LinearHeuristicAuction,0.05,0.08,,True,,1000,10800,cats_reg_g10b50,,False,CATS,50,regions,MultiMinded,137,Balance,4.970000000001164,982.461,2,932.103,367.83500000000004,982.461,997.92235757716878,961.13885757716878,985.77771214639142,1,10,25,40,28
19,10,19,LinearHeuristicAuction,0.05,0.08,,True,,1000,10800,cats_reg_g10b50,,False,CATS,50,regions,MultiMinded,1000,MaxIter,39.679999999993015,903.4849999999999,1,826.774,559.33850000000007,826.774,951.01413939767281,0,0.00030051326848479221,1,10,10,43,29
20,10,21,LinearHeuristicAuction,0.05,0.08,,True,,1000,10800,cats_reg_g10b50,,False,CATS,50,regions,MultiMinded,1000,MaxIter,39.62000000002445,780.3014999999999,5,637.779,268.37200000000001,712.5854,722.88308535339638,439.99420445791833,510.87868445791833,1,10,14,45,31
21,10,17,LinearHeuristicAuction,0.05,0.08,,True,,1000,10800,cats_reg_g10b50,,False,CATS,50,regions,MultiMinded,25,Balance,0.8999999999941792,869.309,3,770.684,361.69299999999998,869.309,861.24393454781182,806.98998454781179,829.61414665282746,1,10,4,37,27
22,10,16,LinearHeuristicAuction,0.05,0.08,,True,,1000,10800,cats_reg_g10b50,,False,CATS,50,regions,MultiMinded,1000,MaxIter,36.35999999998603,827.155,3,792.758,416.87799999999999,682.7562,912.39964041891892,571.0142136275374,581.52986009470396,1,10,12,36,26
23,10,21,LinearHeuristicAuction,0.05,0.08,,True,,1000,10800,cats_reg_g10b50,,False,CATS,50,regions,MultiMinded,1000,MaxIter,38.860000000015134,926.9879999999999,2,813.726,269.07900000000001,900.88,893.6089836482771,866.70108364827718,912.15639096771235,1,10,7,46,31
24,10,23,LinearHeuristicAuction,0.05,0.08,,True,,1000,10800,cats_reg_g10b50,,False,CATS,50,regions,MultiMinded,55,Balance,2.179999999993015,822.2049999999999,4,635.81,377.13200000000001,822.2049999999999,841.82643361988698,766.40003361988704,779.97417804861766,1,10,12,52,33
25,10,22,LinearHeuristicAuction,0.05,0.08,,True,,1000,10800,cats_reg_g10b50,,False,CATS,50,regions,MultiMinded,1000,MaxIter,38.91000000000349,534.8185,2,446.519,197.68200000000002,534.8185,527.91147703128036,42.370847872937176,81.608370713891034,1,10,9,47,32
26,10,17,LinearHeuristicAuction,0.05,0.08,,True,,1000,10800,cats_reg_g10b50,,False,CATS,50,regions,MultiMinded,33,Balance,1.1600000000034925,716.487,1,716.487,299.23599999999999,716.487,712.15868594963626,697.19688594963623,701.52519999999993,1,10,0,35,27
27,10,17,LinearHeuristicAuction,0.05,0.08,,True,,1000,10800,cats_reg_g10b50,,False,CATS,50,regions,MultiMinded,58,Balance,2.0499999999883585,811.1127,4,667.768,330.15700000000004,811.1127,796.73607154989838,730.70467154989853,760.13603580950212,1,10,10,40,27
28,10,18,LinearHeuristicAuction,0.05,0.08,,True,,1000,10800,cats_reg_g10b50,,False,CATS,50,regions,MultiMinded,67,Balance,2.429999999993015,818.682,1,802.322,385.84800000000001,802.322,809.91087638524107,790.61847638524102,823.77732124486829,1,10,35,42,28
29,10,20,LinearHeuristicAuction,0.05,0.08,,True,,1000,10800,cats_reg_g10b50,,False,CATS,50,regions,MultiMinded,51,Balance,1.929999999993015,767.6940999999999,1,746.709,446.00549999999998,746.709,738.24901698379631,715.94874198379625,788.65778811553548,1,10,16,42,30
30,10,18,LinearHeuristicAuction,0.05,0.08,,True,,1000,10800,cats_reg_g10b50,,False,CATS,50,regions,MultiMinded,1000,MaxIter,38.26999999998952,794.5821000000001,3,739.446,385.6635,794.5821000000001,858.66702695671677,121.06995378885895,121.06995378885895,1,10,12,40,28
31,10,21,LinearHeuristicAuction,0.05,0.08,,True,,1000,10800,cats_reg_g10b50,,False,CATS,50,regions,MultiMinded,47,Balance,1.7899999999790452,818.388,2,733.06,325.495,813.5073,810.50120827818716,777.95170827818708,825.55139798577295,1,10,23,43,31
32,10,20,LinearHeuristicAuction,0.05,0.08,,True,,1000,10800,cats_reg_g10b50,,False,CATS,50,regions,MultiMinded,46,Balance,1.7399999999906868,637.3713,4,533.498,304.15100000000001,637.3713,632.86414357976241,572.03394357976254,587.86124558417566,1,10,8,46,30
33,10,16,LinearHeuristicAuction,0.05,0.08,,True,,1000,10800,cats_reg_g10b50,,False,CATS,50,regions,MultiMinded,20,Balance,0.6799999999930151,560.5032,2,498.34,219.72300000000001,560.5032,528.06411661028801,506.09181661028805,538.53089999999997,1,10,0,33,26
34,10,20,LinearHeuristicAuction,0.05,0.08,,True,,1000,10800,cats_reg_g10b50,,False,CATS,50,regions,MultiMinded,49,Balance,1.900000000023283,726.3012,4,568.454,249.64099999999999,726.3012,696.34438347359037,646.41618347359042,678.06271224155387,1,10,4,43,30
35,10,27,LinearHeuristicAuction,0.05,0.08,,True,,1000,10800,cats_reg_g10b50,,False,CATS,50,regions,MultiMinded,71,Balance,3.1900000000023283,858.175,2,722.988,380.87900000000002,858.175,846.13683511046986,808.04893511046987,833.6741621029671,1,10,4,54,37
36,10,17,LinearHeuristicAuction,0.05,0.08,,True,,1000,10800,cats_reg_g10b50,,False,CATS,50,regions,MultiMinded,35,Balance,1.2799999999988358,716.498,1,716.498,379.51999999999998,716.498,730.21779821246923,711.24179821246923,730.26940473485331,1,10,25,36,27
37,10,20,LinearHeuristicAuction,0.05,0.08,,True,,1000,10800,cats_reg_g10b50,,False,CATS,50,regions,MultiMinded,34,Balance,1.2699999999895226,824.835,3,630.222,329.92600000000004,824.835,828.28848582618207,778.79958582618201,790.2723183524987,1,10,5,41,30
38,10,18,LinearHeuristicAuction,0.05,0.08,,True,,1000,10800,cats_reg_g10b50,,False,CATS,50,regions,MultiMinded,45,Balance,1.679999999993015,825.56,3,825.56,471.01400000000001,819.1825,829.13408757420632,758.4819875742063,772.66721625137598,1,10,8,40,28
39,10,25,LinearHeuristicAuction,0.05,0.08,,True,,1000,10800,cats_reg_g10b50,,False,CATS,50,regions,MultiMinded,23,Balance,0.9199999999837019,948.5501,5,753.385,196.10050000000001,948.5501,917.62823445114316,868.60310945114315,908.92942099219749,1,10,4,49,35
40,10,22,LinearHeuristicAuction,0.05,0.08,,True,,1000,10800,cats_reg_g10b50,,False,CATS,50,regions,MultiMinded,1000,MaxIter,41.01999999998952,694.64,2,671.57,320.48500000000001,667.143,740.15733585963108,111.63138905961517,112.88275000000002,1,10,24,48,32
41,10,18,LinearHeuristicAuction,0.05,0.08,,True,,1000,10800,cats_reg_g10b50,,False,CATS,50,regions,MultiMinded,31,Balance,1.110000000015134,919.5834,3,833.068,428.51799999999997,919.5834,903.41609616136111,839.13839616136124,860.46890583818436,1,10,10,38,28
42,10,21,LinearHeuristicAuction,0.05,0.08,,True,,1000,10800,cats_reg_g10b50,,False,CATS,50,regions,MultiMinded,88,Balance,3.4899999999906868,722.396,1,722.396,339.44,722.396,720.52291325694205,703.55091325694207,707.03983682745798,1,10,9,44,31
43,10,20,LinearHeuristicAuction,0.05,0.08,,True,,1000,10800,cats_reg_g10b50,,False,CATS,50,regions,MultiMinded,24,Balance,0.9100000000034925,820.8240000000001,3,681.374,265.63999999999999,817.046,828.47298306323728,788.62698306323716,792.46750784874212,1,10,8,42,30
44,10,19,LinearHeuristicAuction,0.05,0.08,,True,,1000,10800,cats_reg_g10b50,,False,CATS,50,regions,MultiMinded,1000,MaxIter,37.19000000000233,607.363,1,484.926,277.04599999999999,462.233,651.01578620214832,0,5.0834592301770272,1,10,34,41,29
45,10,20,LinearHeuristicAuction,0.05,0.08,,True,,1000,10800,cats_reg_g10b50,,False,CATS,50,regions,MultiMinded,28,Balance,1.0599999999976717,687.7891,5,510.577,285.93000000000001,687.7891,691.67064596352645,626.24800768094212,636.03074282206671,1,10,11,41,30
46,10,19,LinearHeuristicAuction,0.05,0.08,,True,,1000,10800,cats_reg_g10b50,,False,CATS,50,regions,MultiMinded,41,Balance,1.5799999999871943,810.368,2,810.368,345.00850000000003,808.7297,791.85003163051215,757.34918163051225,783.13939142007951,1,10,1,41,29
47,10,18,LinearHeuristicAuction,0.05,0.08,,True,,1000,10800,cats_reg_g10b50,,False,CATS,50,regions,MultiMinded,79,Balance,2.889999999984866,759.477,1,738.963,363.25599999999997,738.963,755.77841073663137,737.61561073663142,751.67574489859385,1,10,22,39,28
48,10,29,LinearHeuristicAuction,0.05,0.08,,True,,1000,10800,cats_reg_g10b50,,False,CATS,50,regions,MultiMinded,83,Balance,3.8999999999941792,726.774,3,661.833,328.96899999999999,726.774,712.92202574985811,663.57667574985817,689.14332208804194,1,10,10,61,39
49,10,23,LinearHeuristicAuction,0.05,0.08,,True,,1000,10800,cats_reg_g10b50,,False,CATS,50,regions,MultiMinded,60,Balance,2.429999999993015,587.5914,6,462.576,216.20049999999998,587.5914,568.78365093766774,503.92350093766777,536.20136598582189,1,10,6,50,33
50,10,17,LinearHeuristicAuction,0.05,0.08,,True,,1000,10800,cats_reg_g10b50,,False,CATS,50,regions,MultiMinded,25,Balance,0.8800000000046566,945.836,4,681.012,323.851,945.836,918.1641518367544,853.39395183675447,891.34279172949175,1,10,5,35,27
51,10,25,LinearHeuristicAuction,0.05,0.08,,True,,1000,10800,cats_reg_g10b50,,False,CATS,50,regions,MultiMinded,48,Balance,2.040000000008149,831.2631000000001,3,644.905,285.66050000000001,831.2631000000001,833.2158259571097,790.36675095710962,799.17042401418234,1,10,3,51,35
52,10,19,LinearHeuristicAuction,0.05,0.08,,True,,1000,10800,cats_reg_g10b50,,False,CATS,50,regions,MultiMinded,35,Balance,1.3100000000267755,608.391,1,608.391,276.31299999999999,608.391,586.67850696385301,572.86285696385301,596.07068818650316,1,10,2,39,29
53,10,21,LinearHeuristicAuction,0.05,0.08,,True,,1000,10800,cats_reg_g10b50,,False,CATS,50,regions,MultiMinded,1000,MaxIter,38.920000000012806,623.5598,1,612.518,167.23250000000002,593.971,635.27986840751771,0,2.0477698212009869,1,10,12,45,31
54,10,20,LinearHeuristicAuction,0.05,0.08,,True,,1000,10800,cats_reg_g10b50,,False,CATS,50,regions,MultiMinded,58,Balance,2.25,1040.322,4,967.436,414.12850000000003,1039.9794,1002.8796028328712,920.05390283287124,985.67887805417706,1,10,7,45,30
55,10,17,LinearHeuristicAuction,0.05,0.08,,True,,1000,10800,cats_reg_g10b50,,False,CATS,50,regions,MultiMinded,12,Balance,0.41999999998370185,1001.244,2,739.168,309.35699999999997,1001.244,977.59013226080424,946.65443226080424,986.69812425367468,1,10,5,34,27
56,10,17,LinearHeuristicAuction,0.05,0.08,,True,,1000,10800,cats_reg_g10b50,,False,CATS,50,regions,MultiMinded,96,Balance,3.4499999999825377,674.3464,4,592.43,348.80000000000001,674.3464,668.7542010548143,598.99420105481431,633.22226261054186,1,10,18,39,27
57,10,20,LinearHeuristicAuction,0.05,0.08,,True,,1000,10800,cats_reg_g10b50,,False,CATS,50,regions,MultiMinded,37,Balance,1.360000000015134,783.158,3,568.928,268.62299999999999,783.158,775.18512684375082,734.89167684375093,757.56350872098199,1,10,8,42,30
58,10,21,LinearHeuristicAuction,0.05,0.08,,True,,1000,10800,cats_reg_g10b50,,False,CATS,50,regions,MultiMinded,52,Balance,2.099999999976717,871.9079999999999,2,791.212,427.88200000000001,871.9079999999999,860.42440315908766,817.6362031590877,838.71727953861148,1,10,6,44,31
59,10,28,LinearHeuristicAuction,0.05,0.08,,True,,1000,10800,cats_reg_g10b50,,False,CATS,50,regions,MultiMinded,100,Balance,4.610000000015134,875.1772,3,803.796,406.47899999999998,875.1772,853.45464142297669,792.48279142297679,833.01912735902033,1,10,8,59,38
60,10,22,LinearHeuristicAuction,0.05,0.08,,True,,1000,10800,cats_reg_g10b50,,False,CATS,50,regions,MultiMinded,54,Balance,2.1199999999953434,716.1357,3,662.173,358.10899999999998,716.1357,705.15854224488317,651.44219224488324,701.79841042976977,1,10,14,46,32
61,10,19,LinearHeuristicAuction,0.05,0.08,,True,,1000,10800,cats_reg_g10b50,,False,CATS,50,regions,MultiMinded,35,Balance,1.3099999999976717,756.948,3,553.212,307.67700000000002,756.948,729.22188699531011,683.07033699531007,747.10392157690217,1,10,11,42,29
62,10,20,LinearHeuristicAuction,0.05,0.08,,True,,1000,10800,cats_reg_g10b50,,False,CATS,50,regions,MultiMinded,23,Balance,0.8500000000058208,962.414,3,839.979,365.63299999999998,962.414,954.98068487706041,900.13573487706037,915.34169366066806,1,10,13,40,30
63,10,20,LinearHeuristicAuction,0.05,0.08,,True,,1000,10800,cats_reg_g10b50,,False,CATS,50,regions,MultiMinded,38,Balance,1.4500000000116415,966.8963000000001,4,783.33,502.36099999999999,966.8963000000001,943.79751714963936,843.3253171496392,876.34598089965584,1,10,9,43,30
64,10,24,LinearHeuristicAuction,0.05,0.08,,True,,1000,10800,cats_reg_g10b50,,False,CATS,50,regions,MultiMinded,41,Balance,1.6499999999941792,784.4846,2,723.45,238.8545,784.4846,785.64225423775974,761.75680423775975,784.99890844283959,1,10,17,48,34
65,10,18,LinearHeuristicAuction,0.05,0.08,,True,,1000,10800,cats_reg_g10b50,,False,CATS,50,regions,MultiMinded,42,Balance,1.5,863.3610000000001,3,758.102,337.34500000000003,856.6320000000001,856.99510869420783,806.39335869420779,825.18543306729737,1,10,9,38,28
66,10,18,LinearHeuristicAuction,0.05,0.08,,True,,1000,10800,cats_reg_g10b50,,False,CATS,50,regions,MultiMinded,68,Balance,2.4900000000197906,852.079,3,807.329,372.65700000000004,849.658,819.73499344497418,763.83644344497429,802.04339402967719,1,10,11,36,28
67,10,27,LinearHeuristicAuction,0.05,0.08,,True,,1000,10800,cats_reg_g10b50,,False,CATS,50,regions,MultiMinded,40,Balance,1.7699999999895226,860.8598,2,789.183,223.39999999999998,860.8598,853.72858160956639,831.38858160956647,849.58456938882352,1,10,8,54,37
68,10,20,LinearHeuristicAuction,0.05,0.08,,True,,1000,10800,cats_reg_g10b50,,False,CATS,50,regions,MultiMinded,43,Balance,1.6199999999953434,535.1916,4,486.692,201.834,535.1916,527.35627173791056,486.98947173791055,514.77366466373405,1,10,9,41,30
69,10,20,LinearHeuristicAuction,0.05,0.08,,True,,1000,10800,cats_reg_g10b50,,False,CATS,50,regions,MultiMinded,43,Balance,1.7200000000011642,550.5322,3,423.552,212.09399999999999,550.5322,532.3215888283612,500.50748882836126,521.57777352242681,1,10,2,42,30
70,10,18,LinearHeuristicAuction,0.05,0.08,,True,,1000,10800,cats_reg_g10b50,,False,CATS,50,regions,MultiMinded,1000,MaxIter,36.54000000000815,965.81,3,780.078,273.52800000000002,554.255,903.95232081902509,234.03399434276116,335.49403336039489,1,10,13,38,28
71,10,17,LinearHeuristicAuction,0.05,0.08,,True,,1000,10800,cats_reg_g10b50,,False,CATS,50,regions,MultiMinded,1000,MaxIter,36.15000000002328,745.048,2,745.048,330.73000000000002,666.1869999999999,783.04114756944819,367.40375731587324,368.76744908403725,1,10,11,41,27
72,10,23,LinearHeuristicAuction,0.05,0.08,,True,,1000,10800,cats_reg_g10b50,,False,CATS,50,regions,MultiMinded,42,Balance,1.6900000000023283,619.2275000000001,7,497.631,317.09799999999996,619.2275000000001,611.29498983726876,500.31068983726885,521.4128824247997,1,10,1,48,33
73,10,20,LinearHeuristicAuction,0.05,0.08,,True,,1000,10800,cats_reg_g10b50,,False,CATS,50,regions,MultiMinded,1000,MaxIter,40.40999999997439,675.2625,1,656.76,362.82400000000001,656.76,711.93980465800132,0,0.0,1,10,40,47,30
74,10,26,LinearHeuristicAuction,0.05,0.08,,True,,1000,10800,cats_reg_g10b50,,False,CATS,50,regions,MultiMinded,33,Balance,1.3999999999941792,942.6876,2,890.025,245.483,942.6876,938.98775386195848,914.43945386195855,929.60726979567846,1,10,7,55,36
75,10,15,LinearHeuristicAuction,0.05,0.08,,True,,1000,10800,cats_reg_g10b50,,False,CATS,50,regions,MultiMinded,26,Balance,0.8699999999953434,986.353,1,977.088,450.65550000000002,977.088,973.54955911345996,951.01678411345995,996.67488278216695,1,10,14,31,25
76,10,22,LinearHeuristicAuction,0.05,0.08,,True,,1000,10800,cats_reg_g10b50,,False,CATS,50,regions,MultiMinded,55,Balance,2.1900000000023283,900.434,6,820.61,441.17500000000001,900.434,879.19295790050364,746.84045790050345,795.40034828472812,1,10,7,46,32
77,10,19,LinearHeuristicAuction,0.05,0.08,,True,,1000,10800,cats_reg_g10b50,,False,CATS,50,regions,MultiMinded,73,Balance,2.709999999991851,505.8682,3,489.633,293.4085,502.3022,504.13642000491473,460.12514500491471,482.91786562787314,1,10,15,38,29
78,10,15,LinearHeuristicAuction,0.05,0.08,,True,,1000,10800,cats_reg_g10b50,,False,CATS,50,regions,MultiMinded,35,Balance,1.1700000000128057,723.896,1,723.896,268.85500000000002,723.896,736.06501731891285,722.6222673189128,724.5563378212413,1,10,16,32,25
79,10,20,LinearHeuristicAuction,0.05,0.08,,True,,1000,10800,cats_reg_g10b50,,False,CATS,50,regions,MultiMinded,49,Balance,1.8099999999976717,830.055,3,715.055,304.07849999999996,830.055,823.77132839987121,778.15955339987113,784.44322499999998,1,10,0,42,30
80,10,23,LinearHeuristicAuction,0.05,0.08,,True,,1000,10800,cats_reg_g10b50,,False,CATS,50,regions,MultiMinded,61,Balance,2.4900000000197906,858.2552999999999,5,815.519,326.65449999999998,858.2552999999999,836.95645549942105,755.29283049942092,792.36773958601657,1,10,8,48,33
81,10,19,LinearHeuristicAuction,0.05,0.08,,True,,1000,10800,cats_reg_g10b50,,False,CATS,50,regions,MultiMinded,20,Balance,0.7200000000011642,731.2354999999999,3,657.74,318.25649999999996,731.2354999999999,711.8305894385328,664.0921144385328,704.93637209671886,1,10,15,42,29
82,10,20,LinearHeuristicAuction,0.05,0.08,,True,,1000,10800,cats_reg_g10b50,,False,CATS,50,regions,MultiMinded,54,Balance,2.0200000000186265,799.819,3,670.65,230.49700000000001,799.819,760.7064662812644,726.13191628126435,785.72094077197391,1,10,14,45,30
83,10,18,LinearHeuristicAuction,0.05,0.08,,True,,1000,10800,cats_reg_g10b50,,False,CATS,50,regions,MultiMinded,46,Balance,1.6900000000023283,778.391,2,740.964,303.2475,778.391,776.89330398344896,746.56855398344896,758.95539758041616,1,10,10,39,28
84,10,19,LinearHeuristicAuction,0.05,0.08,,True,,1000,10800,cats_reg_g10b50,,False,CATS,50,regions,MultiMinded,29,Balance,1.0599999999976717,653.4665,4,531.36,233.98450000000003,653.4665,640.58828299438733,593.79138299438739,615.33568299895228,1,10,5,40,29
85,10,16,LinearHeuristicAuction,0.05,0.08,,True,,1000,10800,cats_reg_g10b50,,False,CATS,50,regions,MultiMinded,30,Balance,1.040000000008149,738.6202000000001,4,623.355,332.00099999999998,738.6202000000001,738.98337056558728,672.58317056558724,676.69090568250499,1,10,9,35,26
86,10,17,LinearHeuristicAuction,0.05,0.08,,True,,1000,10800,cats_reg_g10b50,,False,CATS,50,regions,MultiMinded,40,Balance,1.360000000015134,772.54,2,646.076,287.08299999999997,772.54,760.3610648282056,731.65276482820548,748.73995582329394,1,10,6,35,27
87,10,18,LinearHeuristicAuction,0.05,0.08,,True,,1000,10800,cats_reg_g10b50,,False,CATS,50,regions,MultiMinded,1000,MaxIter,36.10999999998603,883.32347,2,801.709,428.95349999999996,671.90877,939.08658054331102,0.0,1.6438903155618529,1,10,24,38,28
88,10,20,LinearHeuristicAuction,0.05,0.08,,True,,1000,10800,cats_reg_g10b50,,False,CATS,50,regions,MultiMinded,35,Balance,1.2799999999988358,662.7294999999999,4,622.783,332.80799999999999,662.7294999999999,670.65124981303188,604.08964981303188,610.95445281611626,1,10,5,41,30
89,10,26,LinearHeuristicAuction,0.05,0.08,,True,,1000,10800,cats_reg_g10b50,,False,CATS,50,regions,MultiMinded,1000,MaxIter,45.220000000001164,844.3882,2,703.836,361.93200000000002,725.4582,857.4213495075403,46.053471267460047,57.411316094151282,1,10,20,58,36
90,10,21,LinearHeuristicAuction,0.05,0.08,,True,,1000,10800,cats_reg_g10b50,,False,CATS,50,regions,MultiMinded,47,Balance,1.7999999999883585,1011.3232,6,890.879,348.79300000000001,1011.3232,947.35776911749349,842.71986911749332,925.36589989863592,1,10,9,45,31
91,10,17,LinearHeuristicAuction,0.05,0.08,,True,,1000,10800,cats_reg_g10b50,,False,CATS,50,regions,MultiMinded,60,Balance,2.1600000000034925,890.575,1,890.575,535.99700000000007,890.575,913.64563373668352,886.84578373668353,918.17321321070199,1,10,30,35,27
92,10,22,LinearHeuristicAuction,0.05,0.08,,True,,1000,10800,cats_reg_g10b50,,False,CATS,50,regions,MultiMinded,23,Balance,0.9000000000232831,683.1735,2,627.133,263.76300000000003,683.1735,684.64562928560713,658.26932928560723,676.8250546063141,1,10,11,46,32
93,10,20,LinearHeuristicAuction,0.05,0.08,,True,,1000,10800,cats_reg_g10b50,,False,CATS,50,regions,MultiMinded,52,Balance,1.9600000000209548,931.509,1,931.509,347.88099999999997,931.509,929.6148029388803,912.22075293888031,916.19571492556395,1,10,4,43,30
94,10,15,LinearHeuristicAuction,0.05,0.08,,True,,1000,10800,cats_reg_g10b50,,False,CATS,50,regions,MultiMinded,58,Balance,1.9499999999825377,772.037,2,770.337,295.54650000000004,772.037,772.85362980535626,743.29897980535623,762.72420781328253,1,10,20,32,25
95,10,17,LinearHeuristicAuction,0.05,0.08,,True,,1000,10800,cats_reg_g10b50,,False,CATS,50,regions,MultiMinded,33,Balance,1.1300000000046566,901.2369,3,849.224,408.67100000000005,901.2369,858.84136088185323,797.54071088185322,866.20238363085696,1,10,8,36,27
96,10,19,LinearHeuristicAuction,0.05,0.08,,True,,1000,10800,cats_reg_g10b50,,False,CATS,50,regions,MultiMinded,29,Balance,1.0599999999976717,752.0848,3,651.493,368.70849999999996,752.0848,737.02801143731904,681.72173643731901,716.40884275351596,1,10,7,41,29
97,10,20,LinearHeuristicAuction,0.05,0.08,,True,,1000,10800,cats_reg_g10b50,,False,CATS,50,regions,MultiMinded,1000,MaxIter,39.89000000001397,657.92043,1,602.694,360.185,550.046,702.6680218681588,0,0.0009106086364507604,1,10,31,46,30
98,10,20,LinearHeuristicAuction,0.05,0.08,,True,,1000,10800,cats_reg_g10b50,,False,CATS,50,regions,MultiMinded,22,Balance,0.8200000000069849,1047.5140999999999,4,870.711,386.798,1047.5140999999999,1046.8524638262061,969.49286382620608,980.58464554581201,1,10,6,40,30
99,10,22,LinearHeuristicAuction,0.05,0.08,,True,,1000,10800,cats_reg_g10b50,,False,CATS,50,regions,MultiMinded,39,Balance,1.540000000008149,1044.344,5,687.143,366.375,1044.344,1048.8209656020113,957.22721560201103,968.3624855208144,1,10,9,47,32
100,10,21,LinearHeuristicAuction,0.05,0.08,,True,,1000,10800,cats_reg_g10b50,,False,CATS,50,regions,MultiMinded,85,Balance,3.319999999977881,587.8678,2,515.864,141.49099999999999,587.8678,561.52851322653896,547.37941322653887,581.17233589554246,1,10,11,43,31
