idx,items,agents,auction_class,epsilon,stepc,epoch,scalebyvalue,reserve_type,maxiter,maxtime,generator_param_name,personalized,int_prices,generator,bids,distribution,type,rounds,status,runtime,efficient_value,final_num_winners,final_max_agent_value,final_scalevalue,final_value,final_total_price,final_revenue,final_indirect_util,final_price_degree,final_price_sparsity,final_imbalance,final_wd_nvars,final_wd_ncons
1,30,36,LinearHeuristicAuction,0.1,0.04,,True,,1000,10800,cats_reg_g30b150,,False,CATS,150,regions,MultiMinded,220,Balance,23.580000000016298,2502.8085,9,1712.02,630.28700000000003,2502.8085,2196.0404802645398,1776.4506782371668,2103.4164827186423,1,28,22,84,66
2,30,38,LinearHeuristicAuction,0.1,0.04,,True,,1000,10800,cats_reg_g30b150,,False,CATS,150,regions,MultiMinded,48,Balance,5.35999999998603,2067.4249,7,1460.04,478.96600000000001,2057.0263999999997,2073.1439869296701,1775.5441718082911,1850.4976596841027,1,29,24,86,68
3,30,36,LinearHeuristicAuction,0.1,0.04,,True,,1000,10800,cats_reg_g30b150,,False,CATS,150,regions,MultiMinded,87,Balance,8.929999999993015,2226.2472000000002,3,1961.0,494.50999999999999,2226.2472000000002,2220.9737201286266,2082.5109201286264,2103.0512772141728,1,28,5,77,66
4,30,38,LinearHeuristicAuction,0.1,0.04,,True,,1000,10800,cats_reg_g30b150,,False,CATS,150,regions,MultiMinded,79,Balance,8.790000000008149,2004.9491999999998,11,1505.7,557.86300000000006,1908.7654,1926.8799464772196,1346.5141774279027,1435.3409007879161,1,30,13,84,68
5,30,35,LinearHeuristicAuction,0.1,0.04,,True,,1000,10800,cats_reg_g30b150,,False,CATS,150,regions,MultiMinded,54,Balance,5.519999999989523,1864.626,2,1703.97,505.12049999999999,1813.7730000000001,1746.1385544756452,1649.6359150723513,1779.7768280265097,1,30,17,75,65
6,30,35,LinearHeuristicAuction,0.1,0.04,,True,,1000,10800,cats_reg_g30b150,,False,CATS,150,regions,MultiMinded,207,Balance,21.14999999999418,2116.0368,8,1959.83,614.52500000000009,2029.5238,2109.5732815398947,1617.9532815398943,1653.9985967843988,1,29,57,79,65
7,30,35,LinearHeuristicAuction,0.1,0.04,,True,,1000,10800,cats_reg_g30b150,,False,CATS,150,regions,MultiMinded,395,Balance,43.89999999999418,2031.9575,6,1330.11,558.39999999999998,2031.9575,1939.2739190640502,1637.7379190640504,1747.4789975551955,1,30,44,80,65
8,30,35,LinearHeuristicAuction,0.1,0.04,,True,,1000,10800,cats_reg_g30b150,,False,CATS,150,regions,MultiMinded,106,Balance,11.059999999997672,2027.57669,8,1379.5,642.28750000000002,2027.57669,1839.9869474884765,1471.8404434896208,1697.9577518736135,1,30,30,74,65
9,30,36,LinearHeuristicAuction,0.1,0.04,,True,,1000,10800,cats_reg_g30b150,,False,CATS,150,regions,MultiMinded,66,Balance,6.899999999994179,1859.5272999999997,8,1542.29,443.88650000000001,1859.5272999999997,1774.2078503221653,1507.8759503221652,1666.0737704474102,1,27,43,81,66
10,30,34,LinearHeuristicAuction,0.1,0.04,,True,,1000,10800,cats_reg_g30b150,,False,CATS,150,regions,MultiMinded,1000,MaxIter,107.31999999997788,2566.974,2,2112.56,626.02300000000002,1259.7232,2552.9771793998057,5.186144339149827,134.02477159987112,1,29,59,78,64
11,30,36,LinearHeuristicAuction,0.1,0.04,,True,,1000,10800,cats_reg_g30b150,,False,CATS,150,regions,MultiMinded,36,Balance,3.7100000000209548,2431.6115,4,2098.81,721.22149999999999,2431.6115,2335.2157138241409,2118.849263824141,2347.8722209865177,1,28,63,74,66
12,30,32,LinearHeuristicAuction,0.1,0.04,,True,,1000,10800,cats_reg_g30b150,,False,CATS,150,regions,MultiMinded,449,Balance,52.63000000000466,1865.81568,7,1645.15,855.13049999999998,1787.8909999999998,1827.5566061466359,1335.7479193622598,1434.2719407222544,1,30,76,81,62
13,30,35,LinearHeuristicAuction,0.1,0.04,,True,,1000,10800,cats_reg_g30b150,,False,CATS,150,regions,MultiMinded,1000,MaxIter,127.58999999999651,1773.5022000000001,4,1494.31,678.60900000000004,1541.9917,1809.4984662369604,46.59741841799034,116.57323426768262,1,30,71,96,65
14,30,32,LinearHeuristicAuction,0.1,0.04,,True,,1000,10800,cats_reg_g30b150,,False,CATS,150,regions,MultiMinded,124,Balance,13.440000000002328,1980.1873000000003,6,1559.99,631.08900000000006,1980.1873000000003,1797.9001045348632,1494.9773845348636,1698.1851603512926,1,29,22,73,62
15,30,36,LinearHeuristicAuction,0.1,0.04,,True,,1000,10800,cats_reg_g30b150,,False,CATS,150,regions,MultiMinded,50,Balance,5.630000000004657,2512.4141000000004,3,2312.23,781.00699999999995,2512.4141000000004,2444.8348286219962,2254.325652013646,2348.4716129875728,1,29,27,74,66
16,30,34,LinearHeuristicAuction,0.1,0.04,,True,,1000,10800,cats_reg_g30b150,,False,CATS,150,regions,MultiMinded,368,Balance,42.94999999998254,1929.452,4,1789.44,584.255,1909.1155,1898.6889779003598,1776.8998696353881,1833.211769635388,1,28,27,83,64
17,30,33,LinearHeuristicAuction,0.1,0.04,,True,,1000,10800,cats_reg_g30b150,,False,CATS,150,regions,MultiMinded,63,Balance,7.0,1934.7395999999999,7,1626.95,730.93200000000002,1934.7395999999999,1996.4465176368326,1557.2048461959007,1603.3666293233314,1,30,44,72,63
18,30,34,LinearHeuristicAuction,0.1,0.04,,True,,1000,10800,cats_reg_g30b150,,False,CATS,150,regions,MultiMinded,52,Balance,5.389999999984866,2504.1384,4,1818.33,781.33600000000001,2504.1384,2449.8607102066994,2164.1598463348182,2325.1147388596432,1,29,36,73,64
19,30,36,LinearHeuristicAuction,0.1,0.04,,True,,1000,10800,cats_reg_g30b150,,False,CATS,150,regions,MultiMinded,33,Balance,3.3000000000174623,2560.7110000000002,11,1508.06,549.71399999999994,2560.7110000000002,2240.79645328161,1779.0366932816105,2184.5490452709546,1,28,19,74,66
20,30,37,LinearHeuristicAuction,0.1,0.04,,True,,1000,10800,cats_reg_g30b150,,False,CATS,150,regions,MultiMinded,198,Balance,21.230000000010477,1801.7813999999998,10,1490.47,395.125,1789.0344,1799.7680758592944,1442.8903799012005,1516.5555231494297,1,30,48,92,67
21,30,33,LinearHeuristicAuction,0.1,0.04,,True,,1000,10800,cats_reg_g30b150,,False,CATS,150,regions,MultiMinded,100,Balance,11.139999999984866,1553.7635,3,1374.19,778.39550000000008,1553.7635,1605.63525342094,1387.68451342094,1402.3157815957293,1,30,28,73,63
22,30,38,LinearHeuristicAuction,0.1,0.04,,True,,1000,10800,cats_reg_g30b150,,False,CATS,150,regions,MultiMinded,1000,MaxIter,115.89000000001397,2312.252,3,2123.59,638.69949999999994,2224.6266,2368.9582718798215,2078.5398749281039,2083.861034905809,1,29,33,89,68
23,30,38,LinearHeuristicAuction,0.1,0.04,,True,,1000,10800,cats_reg_g30b150,,False,CATS,150,regions,MultiMinded,91,Balance,9.860000000015134,2354.8725,7,1818.1,597.00800000000004,2354.8725,2120.1533909364662,1837.5445827919707,2076.159176167338,1,29,7,85,68
24,30,35,LinearHeuristicAuction,0.1,0.04,,True,,1000,10800,cats_reg_g30b150,,False,CATS,150,regions,MultiMinded,1000,MaxIter,113.60000000000582,1892.4884,4,1241.36,538.58849999999995,1276.3992,1832.2646420011447,0.0,145.03747496700203,1,30,34,85,65
25,30,33,LinearHeuristicAuction,0.1,0.04,,True,,1000,10800,cats_reg_g30b150,,False,CATS,150,regions,MultiMinded,128,Balance,14.470000000001164,1741.0822999999998,7,1538.41,861.41849999999999,1618.4172999999998,1667.0135632050394,1223.9730802130703,1397.3905743372277,1,29,93,78,63
26,30,34,LinearHeuristicAuction,0.1,0.04,,True,,1000,10800,cats_reg_g30b150,,False,CATS,150,regions,MultiMinded,1000,MaxIter,107.13000000000466,2008.668,8,1919.5,424.82100000000003,1484.1327999999996,1998.4587523757941,578.81556032317167,662.17594361462147,1,29,50,80,64
27,30,32,LinearHeuristicAuction,0.1,0.04,,True,,1000,10800,cats_reg_g30b150,,False,CATS,150,regions,MultiMinded,600,Balance,60.58999999999651,2175.2061,5,1890.21,644.31150000000002,2107.6371,2167.2265170729534,1920.0186379689039,1930.3522358852772,1,28,20,80,62
28,30,37,LinearHeuristicAuction,0.1,0.04,,True,,1000,10800,cats_reg_g30b150,,False,CATS,150,regions,MultiMinded,58,Balance,5.949999999982538,2040.43179,9,1615.6,517.23699999999997,1991.07949,1988.7254993245565,1669.3961150837818,1810.3138864005232,1,29,40,78,67
29,30,33,LinearHeuristicAuction,0.1,0.04,,True,,1000,10800,cats_reg_g30b150,,False,CATS,150,regions,MultiMinded,1000,MaxIter,117.33999999999651,2111.632,3,1854.64,708.57899999999995,1802.048,2117.9212148811075,4.7429497779867802,122.47489408663779,1,30,30,86,63
30,30,35,LinearHeuristicAuction,0.1,0.04,,True,,1000,10800,cats_reg_g30b150,,False,CATS,150,regions,MultiMinded,807,Balance,88.26999999998952,2323.0769999999998,8,1594.17,462.18150000000003,2323.0769999999998,2117.2275761877863,1793.7005261877864,2002.4380425351167,1,28,21,85,65
31,30,34,LinearHeuristicAuction,0.1,0.04,,True,,1000,10800,cats_reg_g30b150,,False,CATS,150,regions,MultiMinded,49,Balance,4.880000000004657,2659.4860000000003,6,2167.09,585.07799999999997,2659.4860000000003,2496.8556489959724,2258.8685997075881,2446.2196995358267,1,27,10,78,64
32,30,37,LinearHeuristicAuction,0.1,0.04,,True,,1000,10800,cats_reg_g30b150,,False,CATS,150,regions,MultiMinded,79,Balance,8.450000000011642,1999.8556999999998,8,1545.46,522.50199999999995,1910.9342000000001,1863.1529962443092,1489.5227656664465,1624.7458086093275,1,30,51,86,67
33,30,37,LinearHeuristicAuction,0.1,0.04,,True,,1000,10800,cats_reg_g30b150,,False,CATS,150,regions,MultiMinded,49,Balance,5.010000000009313,1805.9524000000001,4,1582.17,487.50400000000002,1790.6487000000002,1656.2398756341911,1570.1405493279783,1745.4779395047719,1,29,28,81,67
34,30,39,LinearHeuristicAuction,0.1,0.04,,True,,1000,10800,cats_reg_g30b150,,False,CATS,150,regions,MultiMinded,1000,MaxIter,124.91000000000349,1983.6001999999999,1,1564.76,623.41200000000003,983.286,2037.8010568260158,0,7.1042139540102767,1,30,51,92,69
35,30,38,LinearHeuristicAuction,0.1,0.04,,True,,1000,10800,cats_reg_g30b150,,False,CATS,150,regions,MultiMinded,1000,MaxIter,117.09999999997672,2341.4052,6,1755.59,637.298,1813.6552,2322.7358756520348,796.155967550931,919.57388082760019,1,29,74,95,68
36,30,33,LinearHeuristicAuction,0.1,0.04,,True,,1000,10800,cats_reg_g30b150,,False,CATS,150,regions,MultiMinded,1000,MaxIter,116.52000000001863,2136.9992,3,1693.26,587.83249999999998,1831.3418,2165.1236137272558,52.606599853416675,94.020520948946171,1,29,69,85,63
37,30,34,LinearHeuristicAuction,0.1,0.04,,True,,1000,10800,cats_reg_g30b150,,False,CATS,150,regions,MultiMinded,1000,MaxIter,114.41000000000349,1991.3467,4,1812.59,701.23299999999995,1695.2167000000002,1956.1659330886448,13.718169843205033,102.18731084876458,1,30,31,80,64
38,30,40,LinearHeuristicAuction,0.1,0.04,,True,,1000,10800,cats_reg_g30b150,,False,CATS,150,regions,MultiMinded,65,Balance,7.169999999983702,2724.0288,6,2153.9,576.38300000000004,2724.0288,2485.5207767927841,2208.8569367927839,2500.9368398615325,1,29,33,86,70
39,30,30,LinearHeuristicAuction,0.1,0.04,,True,,1000,10800,cats_reg_g30b150,,False,CATS,150,regions,MultiMinded,112,Balance,11.420000000012806,1968.0602,3,1918.66,764.726,1933.5459999999998,1962.1369545807197,1732.7191545807195,1806.4303422024184,1,30,39,69,60
40,30,33,LinearHeuristicAuction,0.1,0.04,,True,,1000,10800,cats_reg_g30b150,,False,CATS,150,regions,MultiMinded,52,Balance,5.4799999999813735,1942.0583000000001,3,1674.34,688.69799999999998,1942.0583000000001,1933.540277747863,1732.6362387874476,1789.907013278138,1,30,20,74,63
41,30,35,LinearHeuristicAuction,0.1,0.04,,True,,1000,10800,cats_reg_g30b150,,False,CATS,150,regions,MultiMinded,79,Balance,8.429999999993015,1877.7214099999999,7,1423.29,646.35299999999995,1831.2470099999998,1839.1285106357398,1521.8355416138158,1652.9043245119544,1,29,74,79,65
42,30,32,LinearHeuristicAuction,0.1,0.04,,True,,1000,10800,cats_reg_g30b150,,False,CATS,150,regions,MultiMinded,54,Balance,5.690000000002328,2111.841,4,1703.5,646.17399999999998,2111.841,2139.1201166642804,1925.0421723015695,2036.2530407313914,1,30,76,72,62
43,30,40,LinearHeuristicAuction,0.1,0.04,,True,,1000,10800,cats_reg_g30b150,,False,CATS,150,regions,MultiMinded,138,Balance,15.540000000008149,2446.7208,6,1927.69,685.90899999999999,2446.7208,2207.6742801214641,1905.8743201214641,2147.4392993491429,1,29,4,87,70
44,30,35,LinearHeuristicAuction,0.1,0.04,,True,,1000,10800,cats_reg_g30b150,,False,CATS,150,regions,MultiMinded,173,Balance,19.710000000020955,1711.1515999999997,7,1299.51,651.40899999999999,1553.8994999999998,1580.7942214178447,1163.8924614178443,1284.3551885401337,1,30,37,83,65
45,30,38,LinearHeuristicAuction,0.1,0.04,,True,,1000,10800,cats_reg_g30b150,,False,CATS,150,regions,MultiMinded,1000,MaxIter,123.29000000000815,2034.5094,3,1828.07,742.07299999999998,1865.0793999999999,2041.1911935036344,0.0,10.711909716656264,1,30,40,95,68
46,30,31,LinearHeuristicAuction,0.1,0.04,,True,,1000,10800,cats_reg_g30b150,,False,CATS,150,regions,MultiMinded,43,Balance,4.5,2564.0325000000003,4,2373.4,807.26099999999997,2564.0325000000003,2438.8305975600701,2245.0879575600702,2388.88574168075,1,29,6,68,61
47,30,37,LinearHeuristicAuction,0.1,0.04,,True,,1000,10800,cats_reg_g30b150,,False,CATS,150,regions,MultiMinded,51,Balance,5.3399999999965075,2233.1322,7,1669.44,664.97900000000004,2233.1322,1972.6220807716679,1698.8397671815337,2015.3588970505784,1,29,43,75,67
48,30,35,LinearHeuristicAuction,0.1,0.04,,True,,1000,10800,cats_reg_g30b150,,False,CATS,150,regions,MultiMinded,107,Balance,11.559999999997672,2069.4358,8,1826.01,556.24350000000004,1963.5418,1932.1765023165246,1534.3386232803102,1720.0689612202727,1,30,66,80,65
49,30,30,LinearHeuristicAuction,0.1,0.04,,True,,1000,10800,cats_reg_g30b150,,False,CATS,150,regions,MultiMinded,56,Balance,5.730000000010477,1979.7895999999998,6,1594.07,673.82600000000002,1979.7895999999998,1925.9467206019963,1663.1068824888505,1797.546721610375,1,29,33,66,60
50,30,33,LinearHeuristicAuction,0.1,0.04,,True,,1000,10800,cats_reg_g30b150,,False,CATS,150,regions,MultiMinded,70,Balance,7.0600000000267755,2110.6722999999997,7,1335.35,460.47550000000001,2110.6722999999997,1943.397665518446,1667.112365518446,1898.1425468661303,1,29,32,80,63
51,30,37,LinearHeuristicAuction,0.1,0.04,,True,,1000,10800,cats_reg_g30b150,,False,CATS,150,regions,MultiMinded,34,Balance,3.7999999999883585,2245.4244000000003,6,1882.26,597.73699999999997,2245.4244000000003,2182.4959155512379,1883.6274155512383,1973.942462544338,1,28,29,81,67
52,30,32,LinearHeuristicAuction,0.1,0.04,,True,,1000,10800,cats_reg_g30b150,,False,CATS,150,regions,MultiMinded,118,Balance,11.839999999996508,1756.6213,6,1409.87,556.45500000000004,1756.6213,1671.3420240638306,1375.4661482208369,1470.9384825108953,1,29,15,72,62
53,30,34,LinearHeuristicAuction,0.1,0.04,,True,,1000,10800,cats_reg_g30b150,,False,CATS,150,regions,MultiMinded,51,Balance,5.0,2325.6629000000003,6,1796.97,570.23000000000002,2248.7839000000004,2072.7723963316466,1821.8711963316468,2086.3163381317686,1,29,52,71,64
54,30,37,LinearHeuristicAuction,0.1,0.04,,True,,1000,10800,cats_reg_g30b150,,False,CATS,150,regions,MultiMinded,64,Balance,7.149999999994179,2355.424,6,2152.9,670.553,2355.424,2250.9293840931882,2015.0853470309871,2207.407957706087,1,28,50,85,67
55,30,33,LinearHeuristicAuction,0.1,0.04,,True,,1000,10800,cats_reg_g30b150,,False,CATS,150,regions,MultiMinded,364,Balance,39.05999999999767,2078.1524999999997,10,1352.37,548.28150000000005,2078.1524999999997,2052.4575969508892,1551.8482998575698,1609.5515682680452,1,30,37,82,63
56,30,39,LinearHeuristicAuction,0.1,0.04,,True,,1000,10800,cats_reg_g30b150,,False,CATS,150,regions,MultiMinded,87,Balance,10.080000000016298,1893.3772000000004,9,1498.24,591.42200000000003,1893.3772000000004,1807.9058439456169,1334.7682439456169,1447.759626647942,1,29,31,86,69
57,30,36,LinearHeuristicAuction,0.1,0.04,,True,,1000,10800,cats_reg_g30b150,,False,CATS,150,regions,MultiMinded,38,Balance,3.930000000022119,1899.5301999999997,8,1604.44,621.16750000000002,1899.5301999999997,2045.052949307877,1573.9117105237924,1605.8719644167259,1,30,25,82,66
58,30,36,LinearHeuristicAuction,0.1,0.04,,True,,1000,10800,cats_reg_g30b150,,False,CATS,150,regions,MultiMinded,290,Balance,34.80000000001746,2429.6093,6,2057.42,832.86300000000006,2429.6093,2329.1973252501884,1912.7658252501888,2032.6578907204848,1,29,44,86,66
59,30,39,LinearHeuristicAuction,0.1,0.04,,True,,1000,10800,cats_reg_g30b150,,False,CATS,150,regions,MultiMinded,367,Balance,44.38000000000466,2064.9126,5,1772.9,622.28800000000001,2023.1066,2014.4103737888115,1722.912156563458,1841.1487245660551,1,30,48,91,69
60,30,35,LinearHeuristicAuction,0.1,0.04,,True,,1000,10800,cats_reg_g30b150,,False,CATS,150,regions,MultiMinded,352,Balance,36.08999999999651,1956.0875,3,1842.74,450.80399999999997,1936.1575,1895.1498825426409,1832.0373225426408,1907.4226625426409,1,28,26,79,65
61,30,37,LinearHeuristicAuction,0.1,0.04,,True,,1000,10800,cats_reg_g30b150,,False,CATS,150,regions,MultiMinded,1000,MaxIter,116.24000000001979,1951.6029999999998,8,1560.47,530.9905,1698.5653,1923.0132130017582,733.49571583332317,802.52334548076487,1,30,27,92,67
62,30,34,LinearHeuristicAuction,0.1,0.04,,True,,1000,10800,cats_reg_g30b150,,False,CATS,150,regions,MultiMinded,146,Balance,16.019999999989523,1978.0167,4,1737.89,582.94900000000007,1941.8931400000001,1870.518729971561,1736.6932722381782,1888.9287745329625,1,30,71,75,64
63,30,30,LinearHeuristicAuction,0.1,0.04,,True,,1000,10800,cats_reg_g30b150,,False,CATS,150,regions,MultiMinded,93,Balance,9.979999999981374,2547.4234,5,1821.34,869.476,2547.4234,2421.1475735802483,2069.6497154591675,2391.5633364081277,1,30,77,72,60
64,30,34,LinearHeuristicAuction,0.1,0.04,,True,,1000,10800,cats_reg_g30b150,,False,CATS,150,regions,MultiMinded,82,Balance,8.940000000002328,2427.9729,8,1844.14,792.92899999999997,2427.9729,2292.4566124395942,1728.9313747067704,1928.6208311098583,1,30,32,76,64
65,30,36,LinearHeuristicAuction,0.1,0.04,,True,,1000,10800,cats_reg_g30b150,,False,CATS,150,regions,MultiMinded,1000,MaxIter,116.63999999998487,2209.3287,5,1779.98,732.52250000000004,1623.2435,2155.5837478760704,19.597883216418396,142.96890341480844,1,29,31,85,66
66,30,30,LinearHeuristicAuction,0.1,0.04,,True,,1000,10800,cats_reg_g30b150,,False,CATS,150,regions,MultiMinded,46,Balance,4.709999999991851,2387.3904,2,2290.03,553.03500000000008,2387.3904,2364.3608747230032,2286.9359747230033,2370.6678773555668,1,29,27,64,60
67,30,41,LinearHeuristicAuction,0.1,0.04,,True,,1000,10800,cats_reg_g30b150,,False,CATS,150,regions,MultiMinded,1000,MaxIter,108.60999999998603,2130.5865999999996,9,1569.3,447.20299999999997,2057.3219000000004,2011.0311916251051,1496.3685391196288,1674.2263811802191,1,29,14,96,71
68,30,34,LinearHeuristicAuction,0.1,0.04,,True,,1000,10800,cats_reg_g30b150,,False,CATS,150,regions,MultiMinded,83,Balance,8.53000000002794,1871.0335999999998,7,1491.62,623.48450000000003,1804.1255,1796.7094595445758,1433.5615965335144,1508.3462670558104,1,30,21,77,64
69,30,34,LinearHeuristicAuction,0.1,0.04,,True,,1000,10800,cats_reg_g30b150,,False,CATS,150,regions,MultiMinded,66,Balance,7.429999999993015,2248.1536,8,1918.69,909.28949999999998,2248.1536,2280.4445328677934,1700.5904365153992,1761.5849715973923,1,29,34,74,64
70,30,32,LinearHeuristicAuction,0.1,0.04,,True,,1000,10800,cats_reg_g30b150,,False,CATS,150,regions,MultiMinded,106,Balance,11.5,2074.3614,4,1794.89,671.03600000000006,1998.6884,1929.1103255752394,1756.4317159305479,1872.1966043670595,1,30,45,70,62
71,30,30,LinearHeuristicAuction,0.1,0.04,,True,,1000,10800,cats_reg_g30b150,,False,CATS,150,regions,MultiMinded,1000,MaxIter,115.47999999998137,2107.4125,6,1919.92,672.68100000000004,1660.268,2118.1839839171639,710.63530830441505,761.9715043010757,1,29,33,77,60
72,30,35,LinearHeuristicAuction,0.1,0.04,,True,,1000,10800,cats_reg_g30b150,,False,CATS,150,regions,MultiMinded,58,Balance,5.820000000006985,1946.4843000000003,8,1216.53,554.09649999999999,1917.7996999999998,1792.2382248844419,1456.2898525311002,1662.5333333381441,1,29,25,74,65
73,30,35,LinearHeuristicAuction,0.1,0.04,,True,,1000,10800,cats_reg_g30b150,,False,CATS,150,regions,MultiMinded,189,Balance,19.379999999975553,1852.6272999999999,10,1445.38,663.03899999999999,1800.6158999999998,1760.6848133632764,1241.4980993201407,1459.6488006309953,1,30,38,78,65
74,30,31,LinearHeuristicAuction,0.1,0.04,,True,,1000,10800,cats_reg_g30b150,,False,CATS,150,regions,MultiMinded,137,Balance,14.99000000001979,2020.0417,6,1744.34,781.83899999999994,2020.0417,2064.0998393995415,1664.7698788546259,1701.6032227569492,1,30,21,69,61
75,30,39,LinearHeuristicAuction,0.1,0.04,,True,,1000,10800,cats_reg_g30b150,,False,CATS,150,regions,MultiMinded,1000,MaxIter,117.85000000000582,2549.9302,4,1890.83,637.39099999999996,1436.0946,2483.8002010440373,0.0,136.03865031658316,1,30,34,94,69
76,30,36,LinearHeuristicAuction,0.1,0.04,,True,,1000,10800,cats_reg_g30b150,,False,CATS,150,regions,MultiMinded,1000,MaxIter,113.33999999999651,1970.4382,2,1633.82,405.01099999999997,1741.397,2014.1788298748488,34.095425092597658,67.638901471810925,1,30,60,82,66
77,30,34,LinearHeuristicAuction,0.1,0.04,,True,,1000,10800,cats_reg_g30b150,,False,CATS,150,regions,MultiMinded,77,Balance,8.89999999999418,1646.3148,6,1576.38,831.28949999999998,1602.3807,1680.0992142147973,1270.6806651419513,1385.678763763173,1,30,65,74,64
78,30,34,LinearHeuristicAuction,0.1,0.04,,True,,1000,10800,cats_reg_g30b150,,False,CATS,150,regions,MultiMinded,63,Balance,6.630000000004657,2412.1546,7,1881.66,768.41550000000007,2305.4481,2333.8510316602001,1888.1700416601998,2046.7423067114355,1,29,22,77,64
79,30,29,LinearHeuristicAuction,0.1,0.04,,True,,1000,10800,cats_reg_g30b150,,False,CATS,150,regions,MultiMinded,120,Balance,12.849999999976717,2267.359,5,2060.3,919.01300000000003,2255.609,2291.2493227809309,1850.1230827809311,2073.1465925764587,1,29,134,75,59
80,30,37,LinearHeuristicAuction,0.1,0.04,,True,,1000,10800,cats_reg_g30b150,,False,CATS,150,regions,MultiMinded,50,Balance,5.240000000019791,2112.5864,9,1592.54,576.49599999999998,1990.7174,2004.3908133999848,1543.1940133999851,1766.1209592292948,1,28,93,82,67
81,30,33,LinearHeuristicAuction,0.1,0.04,,True,,1000,10800,cats_reg_g30b150,,False,CATS,150,regions,MultiMinded,62,Balance,6.809999999997672,1652.215,4,1316.69,725.81600000000003,1652.215,1609.7606757535086,1346.6630871198627,1491.408252447429,1,30,49,71,63
82,30,35,LinearHeuristicAuction,0.1,0.04,,True,,1000,10800,cats_reg_g30b150,,False,CATS,150,regions,MultiMinded,1000,MaxIter,120.91000000000349,2109.0315,3,1900.31,619.13249999999994,1958.3414,2169.3132446131508,0.0,28.769176792757193,1,30,29,90,65
83,30,32,LinearHeuristicAuction,0.1,0.04,,True,,1000,10800,cats_reg_g30b150,,False,CATS,150,regions,MultiMinded,77,Balance,8.470000000001164,2576.43019,7,2027.96,1059.6700000000001,2576.43019,2598.1134472861254,1978.8218176370015,2049.8972626240734,1,30,34,73,62
84,30,34,LinearHeuristicAuction,0.1,0.04,,True,,1000,10800,cats_reg_g30b150,,False,CATS,150,regions,MultiMinded,83,Balance,8.410000000003492,1983.6759000000002,7,1485.27,650.14099999999996,1907.8858,1923.643547648752,1555.4570515725225,1734.8000305303583,1,30,56,78,64
85,30,33,LinearHeuristicAuction,0.1,0.04,,True,,1000,10800,cats_reg_g30b150,,False,CATS,150,regions,MultiMinded,40,Balance,4.0499999999883585,1650.3177,5,1136.81,534.83399999999995,1650.3177,1580.3437797769693,1356.8434340485978,1488.9359319226201,1,30,21,71,63
86,30,37,LinearHeuristicAuction,0.1,0.04,,True,,1000,10800,cats_reg_g30b150,,False,CATS,150,regions,MultiMinded,42,Balance,4.380000000004657,2073.2363,5,1605.13,504.47649999999999,2073.2363,1977.9546933512229,1766.0745633512229,1923.4564768819046,1,30,19,74,67
87,30,34,LinearHeuristicAuction,0.1,0.04,,True,,1000,10800,cats_reg_g30b150,,False,CATS,150,regions,MultiMinded,1000,MaxIter,108.88000000000466,2161.5317,8,1611.82,461.19499999999999,1957.6967,2067.0618106727293,1238.5671681992053,1405.0586712879731,1,29,48,84,64
88,30,35,LinearHeuristicAuction,0.1,0.04,,True,,1000,10800,cats_reg_g30b150,,False,CATS,150,regions,MultiMinded,63,Balance,6.9100000000034925,1960.6723,6,1579.4,529.16499999999996,1896.3611,1904.863127431367,1669.3423665432049,1778.3765567787393,1,29,48,79,65
89,30,40,LinearHeuristicAuction,0.1,0.04,,True,,1000,10800,cats_reg_g30b150,,False,CATS,150,regions,MultiMinded,57,Balance,6.230000000010477,2103.4608,12,1324.86,455.78500000000003,2103.4608,1809.4578134175172,1408.3670134175168,1749.3095733655227,1,27,12,83,70
90,30,36,LinearHeuristicAuction,0.1,0.04,,True,,1000,10800,cats_reg_g30b150,,False,CATS,150,regions,MultiMinded,120,Balance,12.60000000000582,2252.2093,7,1749.09,686.99800000000005,2252.2093,2139.9804312270498,1776.8183682148231,1917.7097811435583,1,29,21,84,66
91,30,37,LinearHeuristicAuction,0.1,0.04,,True,,1000,10800,cats_reg_g30b150,,False,CATS,150,regions,MultiMinded,76,Balance,7.690000000002328,2533.4677,11,1557.05,605.50300000000004,2433.7927999999997,2196.4711476959501,1712.0687476959499,2076.5312262873099,1,29,26,77,67
92,30,37,LinearHeuristicAuction,0.1,0.04,,True,,1000,10800,cats_reg_g30b150,,False,CATS,150,regions,MultiMinded,240,Balance,25.270000000018626,2087.0795,9,1557.29,467.12700000000001,2087.0795,1979.6136079848072,1594.5777632884535,1728.216383058163,1,30,47,84,67
93,30,34,LinearHeuristicAuction,0.1,0.04,,True,,1000,10800,cats_reg_g30b150,,False,CATS,150,regions,MultiMinded,26,Balance,2.470000000001164,2220.4165999999996,8,1477.09,531.97949999999992,2187.6236,2064.6548120851094,1712.3508734607026,1938.2767973545474,1,30,32,73,64
94,30,33,LinearHeuristicAuction,0.1,0.04,,True,,1000,10800,cats_reg_g30b150,,False,CATS,150,regions,MultiMinded,204,Balance,22.0,2089.1439,7,1850.23,583.02999999999997,1989.02329,1998.6339999235856,1707.1189999235858,1875.6257014311725,1,28,39,80,63
95,30,36,LinearHeuristicAuction,0.1,0.04,,True,,1000,10800,cats_reg_g30b150,,False,CATS,150,regions,MultiMinded,1000,MaxIter,113.97000000000116,2218.1557,8,1747.55,732.99250000000006,1993.3007,2186.9919488457076,1137.8783910525369,1193.4166753483989,1,30,57,89,66
96,30,33,LinearHeuristicAuction,0.1,0.04,,True,,1000,10800,cats_reg_g30b150,,False,CATS,150,regions,MultiMinded,514,Balance,58.19999999998254,1873.9284000000002,4,1690.89,555.43200000000002,1873.9284000000002,1888.0875616116914,1705.9762055630806,1778.8354799748117,1,29,86,80,63
97,30,37,LinearHeuristicAuction,0.1,0.04,,True,,1000,10800,cats_reg_g30b150,,False,CATS,150,regions,MultiMinded,81,Balance,8.809999999997672,1853.4531000000002,10,1334.16,635.36699999999996,1849.0271000000002,1862.5626558879328,1341.5617158879331,1421.7196363297621,1,28,21,84,67
98,30,36,LinearHeuristicAuction,0.1,0.04,,True,,1000,10800,cats_reg_g30b150,,False,CATS,150,regions,MultiMinded,66,Balance,7.319999999977881,2779.0163,8,2131.76,620.35799999999995,2779.0163,2706.6739251210279,2247.6090051210281,2381.7522033154669,1,30,34,79,66
99,30,37,LinearHeuristicAuction,0.1,0.04,,True,,1000,10800,cats_reg_g30b150,,False,CATS,150,regions,MultiMinded,1000,MaxIter,106.85000000000582,2286.8288000000002,2,1573.72,543.00099999999998,1223.2448,2288.0654520315252,0.0,74.892808230184414,1,28,51,83,67
100,30,32,LinearHeuristicAuction,0.1,0.04,,True,,1000,10800,cats_reg_g30b150,,False,CATS,150,regions,MultiMinded,134,Balance,14.459999999991851,1906.0085,9,1496.95,591.39400000000001,1906.0085,1772.0621965271393,1271.3333514876767,1483.6522100442044,1,30,105,79,62
