idx,items,agents,auction_class,epsilon,stepc,epoch,scalebyvalue,reserve_type,maxiter,maxtime,generator_param_name,personalized,int_prices,generator,bids,distribution,type,rounds,status,runtime,efficient_value,final_num_winners,final_max_agent_value,final_scalevalue,final_value,final_total_price,final_revenue,final_indirect_util,final_price_degree,final_price_sparsity,final_imbalance,final_wd_nvars,final_wd_ncons
1,30,36,LinearSubgradientAuction,0.2,0.08,,True,,1000,10800,cats_reg_g30b150,,False,CATS,150,regions,MultiMinded,66,Balance,93.4200000000128,2502.8085,10,1712.02,630.28700000000003,2502.8085,2314.1693394570379,1554.5183751906895,1839.2144653888222,1,28,1,2124,3162
2,30,38,LinearSubgradientAuction,0.2,0.08,,True,,1000,10800,cats_reg_g30b150,,False,CATS,150,regions,MultiMinded,1000,MaxIter,1540.7099999999919,2067.4249,5,1460.04,478.96600000000001,620.0099,2085.7006964594812,432.50274653060939,460.50259902022333,1,29,7,2280,3412
3,30,36,LinearSubgradientAuction,0.2,0.08,,True,,1000,10800,cats_reg_g30b150,,False,CATS,150,regions,MultiMinded,1000,MaxIter,1424.7799999999988,2226.2472000000002,3,1961.0,494.50999999999999,204.8765,2227.6216294452092,0.0,30.697393986003142,1,28,25,2124,3162
4,30,38,LinearSubgradientAuction,0.2,0.08,,True,,1000,10800,cats_reg_g30b150,,False,CATS,150,regions,MultiMinded,104,Balance,164.23000000001048,2004.9491999999998,10,1505.7,557.86300000000006,1899.0702,1923.7015521265221,1016.4131659916313,1100.6341921642795,1,30,2,2318,3488
5,30,35,LinearSubgradientAuction,0.2,0.08,,True,,1000,10800,cats_reg_g30b150,,False,CATS,150,regions,MultiMinded,1000,MaxIter,1443.5100000000093,1864.626,2,1703.97,505.12049999999999,545.169,1867.8421208779034,8.7786704755945095,17.534410410161385,1,30,27,2135,3215
6,30,35,LinearSubgradientAuction,0.2,0.08,,True,,1000,10800,cats_reg_g30b150,,False,CATS,150,regions,MultiMinded,1000,MaxIter,1422.3300000000163,2116.0368,9,1959.83,614.52500000000009,1577.3978000000002,2261.1432554491826,910.68901540501975,911.3326722519987,1,29,32,2100,3145
7,30,35,LinearSubgradientAuction,0.2,0.08,,True,,1000,10800,cats_reg_g30b150,,False,CATS,150,regions,MultiMinded,150,Balance,217.45999999999185,2031.9575,6,1330.11,558.39999999999998,2031.9575,1991.1505187030241,1388.078518703024,1477.5027165589868,1,30,3,2135,3215
8,30,35,LinearSubgradientAuction,0.2,0.08,,True,,1000,10800,cats_reg_g30b150,,False,CATS,150,regions,MultiMinded,146,Balance,207.63000000000466,2027.57669,10,1379.5,642.28750000000002,1953.3486899999998,1968.5672143325392,1263.7503900604784,1433.7626753904058,1,30,55,2135,3215
9,30,36,LinearSubgradientAuction,0.2,0.08,,True,,1000,10800,cats_reg_g30b150,,False,CATS,150,regions,MultiMinded,1000,MaxIter,1418.4899999999907,1859.5272999999997,6,1542.29,443.88650000000001,479.2896,1821.7551904342674,240.36868377052667,327.58787157300708,1,28,23,2124,3162
10,30,34,LinearSubgradientAuction,0.2,0.08,,True,,1000,10800,cats_reg_g30b150,,False,CATS,150,regions,MultiMinded,222,Balance,304.6700000000128,2566.974,5,2112.56,626.02300000000002,2566.974,2585.2593068972537,1959.2363068972536,2067.8670871520926,1,29,10,2040,3056
11,30,36,LinearSubgradientAuction,0.2,0.08,,True,,1000,10800,cats_reg_g30b150,,False,CATS,150,regions,MultiMinded,141,Balance,208.4200000000128,2431.6115,4,2098.81,721.22149999999999,2329.1635,2304.3939375219479,1904.5030538566805,2086.6791999367388,1,30,31,2196,3306
12,30,32,LinearSubgradientAuction,0.2,0.08,,True,,1000,10800,cats_reg_g30b150,,False,CATS,150,regions,MultiMinded,196,Balance,258.7600000000093,1865.81568,8,1645.15,855.13049999999998,1623.46768,1947.8751422518324,1047.1156644845696,1184.0692216020118,1,30,25,1952,2942
13,30,35,LinearSubgradientAuction,0.2,0.08,,True,,1000,10800,cats_reg_g30b150,,False,CATS,150,regions,MultiMinded,964,Balance,1400.1999999999825,1773.5022000000001,12,1494.31,678.60900000000004,1505.7157000000002,1841.6188518941062,780.34635049117685,835.62772033647798,1,30,40,2135,3215
14,30,32,LinearSubgradientAuction,0.2,0.08,,True,,1000,10800,cats_reg_g30b150,,False,CATS,150,regions,MultiMinded,1000,MaxIter,1317.7699999999895,1980.1873000000003,4,1559.99,631.08900000000006,686.1447000000001,1966.9451753567892,347.15855981159547,446.48936650506113,1,30,20,1952,2942
15,30,36,LinearSubgradientAuction,0.2,0.08,,True,,1000,10800,cats_reg_g30b150,,False,CATS,150,regions,MultiMinded,77,Balance,110.86999999999534,2512.4141000000004,3,2312.23,781.00699999999995,2512.4141000000004,2409.1593245937552,2094.104622254808,2201.1054090456787,1,29,3,2160,3234
16,30,34,LinearSubgradientAuction,0.2,0.08,,True,,1000,10800,cats_reg_g30b150,,False,CATS,150,regions,MultiMinded,1000,MaxIter,1371.9500000000116,1929.452,9,1789.44,584.255,1325.2892000000002,1932.229645775114,791.72675652488135,877.98560157559621,1,28,16,2006,2988
17,30,33,LinearSubgradientAuction,0.2,0.08,,True,,1000,10800,cats_reg_g30b150,,False,CATS,150,regions,MultiMinded,203,Balance,277.61999999999534,1934.7395999999999,9,1626.95,730.93200000000002,1720.2575000000002,1893.966151775302,985.24282469369064,1106.6319199027307,1,30,65,2013,3033
18,30,34,LinearSubgradientAuction,0.2,0.08,,True,,1000,10800,cats_reg_g30b150,,False,CATS,150,regions,MultiMinded,1000,MaxIter,1396.539999999979,2504.1384,5,1818.33,781.33600000000001,2297.8333000000002,2438.8753176913797,33.938399844388158,119.37951794824538,1,29,9,2040,3056
19,30,36,LinearSubgradientAuction,0.2,0.08,,True,,1000,10800,cats_reg_g30b150,,False,CATS,150,regions,MultiMinded,68,Balance,95.46000000002095,2560.7110000000002,11,1508.06,549.71399999999994,2508.0870000000004,2282.5481070189608,1373.4957695248165,1705.9078679927034,1,28,7,2124,3162
20,30,37,LinearSubgradientAuction,0.2,0.08,,True,,1000,10800,cats_reg_g30b150,,False,CATS,150,regions,MultiMinded,1000,MaxIter,1547.9700000000012,1801.7813999999998,6,1490.47,395.125,634.9834999999999,1828.834240018029,97.981343629945229,138.53730968300522,1,30,23,2257,3397
21,30,33,LinearSubgradientAuction,0.2,0.08,,True,,1000,10800,cats_reg_g30b150,,False,CATS,150,regions,MultiMinded,243,Balance,332.1499999999942,1553.7635,6,1374.19,778.39550000000008,1343.2634999999998,1602.8480398002616,987.2723419802777,1035.1562707821611,1,30,47,2013,3033
22,30,38,LinearSubgradientAuction,0.2,0.08,,True,,1000,10800,cats_reg_g30b150,,False,CATS,150,regions,MultiMinded,181,Balance,281.38999999998487,2312.252,7,2123.59,638.69949999999994,2312.252,2381.8875017941186,1560.1980790714351,1593.8085538272385,1,29,27,2280,3412
23,30,38,LinearSubgradientAuction,0.2,0.08,,True,,1000,10800,cats_reg_g30b150,,False,CATS,150,regions,MultiMinded,50,Balance,76.64999999999418,2354.8725,7,1818.1,597.00800000000004,2354.8725,2235.8624255664231,1777.8833035098078,2012.1540206940895,1,29,3,2280,3412
24,30,35,LinearSubgradientAuction,0.2,0.08,,True,,1000,10800,cats_reg_g30b150,,False,CATS,150,regions,MultiMinded,1000,MaxIter,1443.3799999999756,1892.4884,10,1241.36,538.58849999999995,1273.1014,1896.7310121936241,724.45548793320336,841.50324657184535,1,30,39,2135,3215
25,30,33,LinearSubgradientAuction,0.2,0.08,,True,,1000,10800,cats_reg_g30b150,,False,CATS,150,regions,MultiMinded,1000,MaxIter,1374.1300000000047,1741.0822999999998,4,1538.41,861.41849999999999,349.36330000000004,1788.7257705133936,0.0,54.947168649356385,1,30,26,2013,3033
26,30,34,LinearSubgradientAuction,0.2,0.08,,True,,1000,10800,cats_reg_g30b150,,False,CATS,150,regions,MultiMinded,1000,MaxIter,1384.859999999986,2008.668,5,1919.5,424.82100000000003,1215.9813999999997,2041.3110583088815,112.87339205268495,192.11974899304855,1,29,23,2040,3056
27,30,32,LinearSubgradientAuction,0.2,0.08,,True,,1000,10800,cats_reg_g30b150,,False,CATS,150,regions,MultiMinded,1000,MaxIter,1244.6699999999837,2175.2061,8,1890.21,644.31150000000002,977.5279,2290.9263552057018,840.33995736025645,840.7438696607577,1,28,32,1888,2814
28,30,37,LinearSubgradientAuction,0.2,0.08,,True,,1000,10800,cats_reg_g30b150,,False,CATS,150,regions,MultiMinded,189,Balance,285.52999999999884,2040.43179,9,1615.6,517.23699999999997,2037.502,1981.2493808454765,1425.5531182416073,1557.2407280374982,1,29,25,2220,3323
29,30,33,LinearSubgradientAuction,0.2,0.08,,True,,1000,10800,cats_reg_g30b150,,False,CATS,150,regions,MultiMinded,342,Balance,472.4899999999907,2111.632,11,1854.64,708.57899999999995,2111.632,2186.0234007873164,968.31987706191671,1121.3386800120657,1,30,61,2013,3033
30,30,35,LinearSubgradientAuction,0.2,0.08,,True,,1000,10800,cats_reg_g30b150,,False,CATS,150,regions,MultiMinded,1000,MaxIter,1402.4599999999919,2323.0769999999998,8,1594.17,462.18150000000003,1912.7302000000002,2117.608032676731,1131.6314713643008,1387.7063375000862,1,29,11,2100,3145
31,30,34,LinearSubgradientAuction,0.2,0.08,,True,,1000,10800,cats_reg_g30b150,,False,CATS,150,regions,MultiMinded,106,Balance,138.8399999999965,2659.4860000000003,7,2167.09,585.07799999999997,2659.4860000000003,2573.2678726465306,2016.1817169065409,2176.2157032922651,1,28,6,2006,2988
32,30,37,LinearSubgradientAuction,0.2,0.08,,True,,1000,10800,cats_reg_g30b150,,False,CATS,150,regions,MultiMinded,1000,MaxIter,1530.2799999999988,1999.8556999999998,3,1545.46,522.50199999999995,987.3172,2018.7683949862082,0.0,21.784801020151221,1,30,27,2257,3397
33,30,37,LinearSubgradientAuction,0.2,0.08,,True,,1000,10800,cats_reg_g30b150,,False,CATS,150,regions,MultiMinded,125,Balance,186.4200000000128,1805.9524000000001,11,1582.17,487.50400000000002,1683.6186,1694.6730609876176,988.86557810913268,1162.0712205533614,1,29,21,2220,3323
34,30,39,LinearSubgradientAuction,0.2,0.08,,True,,1000,10800,cats_reg_g30b150,,False,CATS,150,regions,MultiMinded,429,Balance,699.7299999999814,1983.6001999999999,9,1564.76,623.41200000000003,1888.5729000000001,2035.9981806492551,1163.1834584519308,1188.2702925552594,1,30,20,2379,3579
35,30,38,LinearSubgradientAuction,0.2,0.08,,True,,1000,10800,cats_reg_g30b150,,False,CATS,150,regions,MultiMinded,1000,MaxIter,1565.2200000000012,2341.4052,8,1755.59,637.298,1763.6758,2374.716198125072,999.91207650388071,1071.9919672623782,1,29,4,2280,3412
36,30,33,LinearSubgradientAuction,0.2,0.08,,True,,1000,10800,cats_reg_g30b150,,False,CATS,150,regions,MultiMinded,1000,MaxIter,1386.6300000000047,2136.9992,3,1693.26,587.83249999999998,1276.95,2194.2607790070756,410.4680257062588,460.74250263055785,1,30,21,2013,3033
37,30,34,LinearSubgradientAuction,0.2,0.08,,True,,1000,10800,cats_reg_g30b150,,False,CATS,150,regions,MultiMinded,236,Balance,331.3399999999965,1991.3467,11,1812.59,701.23299999999995,1743.1569000000002,1989.237166868978,988.40985764708421,1112.5399043099483,1,30,16,2074,3124
38,30,40,LinearSubgradientAuction,0.2,0.08,,True,,1000,10800,cats_reg_g30b150,,False,CATS,150,regions,MultiMinded,134,Balance,219.35000000000582,2724.0288,6,2153.9,576.38300000000004,2632.9038,2558.3341501742952,2051.1008238179684,2217.9080399999993,1,29,2,2400,3590
39,30,30,LinearSubgradientAuction,0.2,0.08,,True,,1000,10800,cats_reg_g30b150,,False,CATS,150,regions,MultiMinded,448,Balance,551.859999999986,1968.0602,6,1918.66,764.726,1806.5931999999998,2018.9642409605578,1254.8008074258828,1437.8015143559267,1,30,34,1830,2760
40,30,33,LinearSubgradientAuction,0.2,0.08,,True,,1000,10800,cats_reg_g30b150,,False,CATS,150,regions,MultiMinded,97,Balance,133.21000000002095,1942.0583000000001,3,1674.34,688.69799999999998,1942.0583000000001,1914.6756288954341,1572.225069029832,1601.7758434832947,1,30,14,2013,3033
41,30,35,LinearSubgradientAuction,0.2,0.08,,True,,1000,10800,cats_reg_g30b150,,False,CATS,150,regions,MultiMinded,154,Balance,220.35999999998603,1877.7214099999999,12,1423.29,646.35299999999995,1561.6493099999998,1894.2450560010989,939.67724047792831,1046.1814243443011,1,30,40,2135,3215
42,30,32,LinearSubgradientAuction,0.2,0.08,,True,,1000,10800,cats_reg_g30b150,,False,CATS,150,regions,MultiMinded,1000,MaxIter,1325.3899999999849,2111.841,3,1703.5,646.17399999999998,1849.493,2249.1720339946614,1513.0077797567883,1547.4291557844049,1,30,5,1952,2942
43,30,40,LinearSubgradientAuction,0.2,0.08,,True,,1000,10800,cats_reg_g30b150,,False,CATS,150,regions,MultiMinded,788,Balance,1299.3699999999953,2446.7208,6,1927.69,685.90899999999999,2446.7208,2280.9441390060697,1745.9900768252567,1911.7667378191868,1,29,0,2400,3590
44,30,35,LinearSubgradientAuction,0.2,0.08,,True,,1000,10800,cats_reg_g30b150,,False,CATS,150,regions,MultiMinded,293,Balance,419.75,1711.1515999999997,8,1299.51,651.40899999999999,1656.0716,1641.6642608227212,803.24560286749022,1032.1782838339936,1,30,108,2135,3215
45,30,38,LinearSubgradientAuction,0.2,0.08,,True,,1000,10800,cats_reg_g30b150,,False,CATS,150,regions,MultiMinded,1000,MaxIter,1553.8800000000047,2034.5094,4,1828.07,742.07299999999998,247.9929,2069.6436246734575,0.0,26.455825719049198,1,29,26,2280,3412
46,30,31,LinearSubgradientAuction,0.2,0.08,,True,,1000,10800,cats_reg_g30b150,,False,CATS,150,regions,MultiMinded,88,Balance,110.16000000000349,2564.0325000000003,4,2373.4,807.26099999999997,2564.0325000000003,2528.3948602208079,2148.2584300826793,2189.7828037082036,1,30,2,1891,2851
47,30,37,LinearSubgradientAuction,0.2,0.08,,True,,1000,10800,cats_reg_g30b150,,False,CATS,150,regions,MultiMinded,412,Balance,630.6600000000035,2233.1322,10,1669.44,664.97900000000004,2086.6942,2086.47884850425,1250.2059173466905,1430.8086651194571,1,30,16,2257,3397
48,30,35,LinearSubgradientAuction,0.2,0.08,,True,,1000,10800,cats_reg_g30b150,,False,CATS,150,regions,MultiMinded,903,Balance,1297.7799999999988,2069.4358,9,1826.01,556.24350000000004,1979.4288000000001,2068.4394932788109,1200.1383371085813,1326.792380836162,1,30,31,2135,3215
49,30,30,LinearSubgradientAuction,0.2,0.08,,True,,1000,10800,cats_reg_g30b150,,False,CATS,150,regions,MultiMinded,151,Balance,183.85000000000582,1979.7895999999998,7,1594.07,673.82600000000002,1947.032,1963.8883448469305,1381.8774729345605,1590.4141424224104,1,30,70,1830,2760
50,30,33,LinearSubgradientAuction,0.2,0.08,,True,,1000,10800,cats_reg_g30b150,,False,CATS,150,regions,MultiMinded,1000,MaxIter,1331.7399999999907,2110.6722999999997,6,1335.35,460.47550000000001,1377.5393,2111.5233448466583,138.49003351339209,272.99748121810489,1,29,13,1980,2967
51,30,37,LinearSubgradientAuction,0.2,0.08,,True,,1000,10800,cats_reg_g30b150,,False,CATS,150,regions,MultiMinded,1000,MaxIter,1430.3899999999849,2245.4244000000003,7,1882.26,597.73699999999997,696.0645,2275.966143308206,410.80875478002639,439.9436750936826,1,27,31,2146,3175
52,30,32,LinearSubgradientAuction,0.2,0.08,,True,,1000,10800,cats_reg_g30b150,,False,CATS,150,regions,MultiMinded,87,Balance,111.80999999999767,1756.6213,7,1409.87,556.45500000000004,1756.6213,1680.2241061673783,1169.795553437295,1294.1668038058592,1,29,7,1920,2878
53,30,34,LinearSubgradientAuction,0.2,0.08,,True,,1000,10800,cats_reg_g30b150,,False,CATS,150,regions,MultiMinded,1000,MaxIter,1381.1000000000058,2325.6629000000003,5,1796.97,570.23000000000002,1711.6264,2250.3091606157132,0.0,156.3964146419703,1,29,26,2040,3056
54,30,37,LinearSubgradientAuction,0.2,0.08,,True,,1000,10800,cats_reg_g30b150,,False,CATS,150,regions,MultiMinded,282,Balance,428.570000000007,2355.424,7,2152.9,670.553,2249.851,2309.85756991877,1684.5594882312087,1755.1486632220976,1,30,30,2257,3397
55,30,33,LinearSubgradientAuction,0.2,0.08,,True,,1000,10800,cats_reg_g30b150,,False,CATS,150,regions,MultiMinded,1000,MaxIter,1385.5299999999988,2078.1524999999997,10,1352.37,548.28150000000005,897.5125,2088.518945067935,250.58180133714259,273.67057103883894,1,30,8,2013,3033
56,30,39,LinearSubgradientAuction,0.2,0.08,,True,,1000,10800,cats_reg_g30b150,,False,CATS,150,regions,MultiMinded,1000,MaxIter,1592.3099999999977,1893.3772000000004,6,1498.24,591.42200000000003,1309.5862000000002,1843.1993357831248,227.42110832765354,316.97820528570389,1,29,13,2340,3501
57,30,36,LinearSubgradientAuction,0.2,0.08,,True,,1000,10800,cats_reg_g30b150,,False,CATS,150,regions,MultiMinded,1000,MaxIter,1485.0900000000256,1899.5301999999997,3,1604.44,621.16750000000002,428.71790000000004,1948.8154456534185,0.0,35.947674720680617,1,30,23,2196,3306
58,30,36,LinearSubgradientAuction,0.2,0.08,,True,,1000,10800,cats_reg_g30b150,,False,CATS,150,regions,MultiMinded,169,Balance,253.6600000000035,2429.6093,7,2057.42,832.86300000000006,2429.6093,2401.4690788274447,1613.572558257024,1722.8169241791991,1,30,2,2196,3306
59,30,39,LinearSubgradientAuction,0.2,0.08,,True,,1000,10800,cats_reg_g30b150,,False,CATS,150,regions,MultiMinded,199,Balance,326.6600000000035,2064.9126,7,1772.9,622.28800000000001,2029.2505,2063.4024989170289,1433.4910239508924,1557.1967778677817,1,30,9,2379,3579
60,30,35,LinearSubgradientAuction,0.2,0.08,,True,,1000,10800,cats_reg_g30b150,,False,CATS,150,regions,MultiMinded,85,Balance,118.57000000000698,1956.0875,9,1842.74,450.80399999999997,1947.1835,1914.124060825219,1275.5824765930679,1400.0603728966355,1,28,46,2065,3075
61,30,37,LinearSubgradientAuction,0.2,0.08,,True,,1000,10800,cats_reg_g30b150,,False,CATS,150,regions,MultiMinded,1000,MaxIter,1560.7400000000198,1951.6029999999998,10,1560.47,530.9905,1521.5575999999996,1977.0476352073226,865.8710482202016,912.56365525286026,1,30,32,2257,3397
62,30,34,LinearSubgradientAuction,0.2,0.08,,True,,1000,10800,cats_reg_g30b150,,False,CATS,150,regions,MultiMinded,151,Balance,213.64999999999418,1978.0167,10,1737.89,582.94900000000007,1783.03214,1915.9906817132119,1119.6319379189777,1225.0216102035406,1,30,25,2074,3124
63,30,30,LinearSubgradientAuction,0.2,0.08,,True,,1000,10800,cats_reg_g30b150,,False,CATS,150,regions,MultiMinded,208,Balance,253.47000000000116,2547.4234,6,1821.34,869.476,2547.4234,2492.1740925655531,1849.8203512296432,1928.0738193178381,1,30,16,1830,2760
64,30,34,LinearSubgradientAuction,0.2,0.08,,True,,1000,10800,cats_reg_g30b150,,False,CATS,150,regions,MultiMinded,259,Balance,364.4200000000128,2427.9729,9,1844.14,792.92899999999997,2427.9729,2375.414200962854,1413.6083488972761,1549.9202493570301,1,30,31,2074,3124
65,30,36,LinearSubgradientAuction,0.2,0.08,,True,,1000,10800,cats_reg_g30b150,,False,CATS,150,regions,MultiMinded,1000,MaxIter,1453.429999999993,2209.3287,13,1779.98,732.52250000000004,1519.3197,2288.6122904727181,592.48827196259617,664.3624500304046,1,29,59,2160,3234
66,30,30,LinearSubgradientAuction,0.2,0.08,,True,,1000,10800,cats_reg_g30b150,,False,CATS,150,regions,MultiMinded,103,Balance,123.85999999998603,2387.3904,3,2290.03,553.03500000000008,2387.3904,2367.0737141590348,2178.8077803494789,2240.4668626951925,1,29,4,1800,2700
67,30,41,LinearSubgradientAuction,0.2,0.08,,True,,1000,10800,cats_reg_g30b150,,False,CATS,150,regions,MultiMinded,1000,MaxIter,1648.7200000000012,2130.5865999999996,6,1569.3,447.20299999999997,1098.0746000000001,2102.4916211008122,707.34581936134703,849.83994646751228,1,28,15,2419,3597
68,30,34,LinearSubgradientAuction,0.2,0.08,,True,,1000,10800,cats_reg_g30b150,,False,CATS,150,regions,MultiMinded,268,Balance,375.79999999998836,1871.0335999999998,11,1491.62,623.48450000000003,1684.6644999999999,1870.6429752640784,905.51332973808064,979.85364315685138,1,30,55,2074,3124
69,30,34,LinearSubgradientAuction,0.2,0.08,,True,,1000,10800,cats_reg_g30b150,,False,CATS,150,regions,MultiMinded,265,Balance,372.20000000001164,2248.1536,8,1918.69,909.28949999999998,2248.1536,2168.3480814979321,1348.7531615676071,1438.055214915149,1,29,7,2040,3056
70,30,32,LinearSubgradientAuction,0.2,0.08,,True,,1000,10800,cats_reg_g30b150,,False,CATS,150,regions,MultiMinded,312,Balance,413.7600000000093,2074.3614,8,1794.89,671.03600000000006,2074.3614,2094.9729249025786,1361.5561281449243,1462.2456698178758,1,30,18,1952,2942
71,30,30,LinearSubgradientAuction,0.2,0.08,,True,,1000,10800,cats_reg_g30b150,,False,CATS,150,regions,MultiMinded,1000,MaxIter,1203.6900000000023,2107.4125,4,1919.92,672.68100000000004,790.563,2202.9628367483401,233.00859465435258,324.60790829396086,1,29,17,1800,2700
72,30,35,LinearSubgradientAuction,0.2,0.08,,True,,1000,10800,cats_reg_g30b150,,False,CATS,150,regions,MultiMinded,412,Balance,577.9599999999919,1946.4843000000003,11,1216.53,554.09649999999999,1834.4973,1951.9191163871974,1093.2627522365287,1255.7154929789122,1,29,46,2100,3145
73,30,35,LinearSubgradientAuction,0.2,0.08,,True,,1000,10800,cats_reg_g30b150,,False,CATS,150,regions,MultiMinded,269,Balance,386.0799999999872,1852.6272999999999,11,1445.38,663.03899999999999,1702.0949999999998,1870.6770071491885,893.8555201614497,1040.5818149392353,1,30,46,2135,3215
74,30,31,LinearSubgradientAuction,0.2,0.08,,True,,1000,10800,cats_reg_g30b150,,False,CATS,150,regions,MultiMinded,1000,MaxIter,1275.9899999999907,2020.0417,5,1744.34,781.83899999999994,1542.2633999999998,2125.5765495216638,245.15518586331325,295.90082127997385,1,30,13,1891,2851
75,30,39,LinearSubgradientAuction,0.2,0.08,,True,,1000,10800,cats_reg_g30b150,,False,CATS,150,regions,MultiMinded,1000,MaxIter,1638.5400000000081,2549.9302,5,1890.83,637.39099999999996,1010.2348,2575.7094062608444,10.990810896294434,96.337237014589448,1,30,26,2379,3579
76,30,36,LinearSubgradientAuction,0.2,0.08,,True,,1000,10800,cats_reg_g30b150,,False,CATS,150,regions,MultiMinded,736,Balance,1110.3399999999965,1970.4382,6,1633.82,405.01099999999997,1970.4382,2035.7348010894725,1610.4292559841501,1624.324940110369,1,30,5,2196,3306
77,30,34,LinearSubgradientAuction,0.2,0.08,,True,,1000,10800,cats_reg_g30b150,,False,CATS,150,regions,MultiMinded,220,Balance,312.61000000001513,1646.3148,8,1576.38,831.28949999999998,1352.6253,1632.4381276411311,836.88332560958293,912.15939471434103,1,30,53,2074,3124
78,30,34,LinearSubgradientAuction,0.2,0.08,,True,,1000,10800,cats_reg_g30b150,,False,CATS,150,regions,MultiMinded,1000,MaxIter,1386.2099999999919,2412.1546,10,1881.66,768.41550000000007,1152.2026,2515.6419834351045,454.10672516227845,541.67785383005287,1,29,41,2040,3056
79,30,29,LinearSubgradientAuction,0.2,0.08,,True,,1000,10800,cats_reg_g30b150,,False,CATS,150,regions,MultiMinded,1000,MaxIter,1184.8399999999965,2267.359,4,2060.3,919.01300000000003,1767.836,2345.0545353776388,0.0,73.318411403621624,1,30,23,1769,2669
80,30,37,LinearSubgradientAuction,0.2,0.08,,True,,1000,10800,cats_reg_g30b150,,False,CATS,150,regions,MultiMinded,1000,MaxIter,1500.7000000000116,2112.5864,7,1592.54,576.49599999999998,816.6474,2147.2286191227699,400.29781195980229,444.87073915499724,1,29,26,2220,3323
81,30,33,LinearSubgradientAuction,0.2,0.08,,True,,1000,10800,cats_reg_g30b150,,False,CATS,150,regions,MultiMinded,1000,MaxIter,1370.7399999999907,1652.215,3,1316.69,725.81600000000003,623.344,1754.163670120399,331.5873982138973,353.8855065272362,1,30,21,2013,3033
82,30,35,LinearSubgradientAuction,0.2,0.08,,True,,1000,10800,cats_reg_g30b150,,False,CATS,150,regions,MultiMinded,1000,MaxIter,1461.2799999999988,2109.0315,5,1900.31,619.13249999999994,679.4178999999999,2250.9491006363933,0.0,88.557699001049087,1,30,20,2135,3215
83,30,32,LinearSubgradientAuction,0.2,0.08,,True,,1000,10800,cats_reg_g30b150,,False,CATS,150,regions,MultiMinded,134,Balance,179.6699999999837,2576.43019,8,2027.96,1059.6700000000001,2571.7672000000002,2527.8134240848503,1495.9252057087035,1651.3561373985308,1,30,26,1952,2942
84,30,34,LinearSubgradientAuction,0.2,0.08,,True,,1000,10800,cats_reg_g30b150,,False,CATS,150,regions,MultiMinded,917,Balance,1287.0100000000093,1983.6759000000002,7,1485.27,650.14099999999996,1962.444,2046.4150650953873,1329.6851450774109,1363.9539287009682,1,30,9,2074,3124
85,30,33,LinearSubgradientAuction,0.2,0.08,,True,,1000,10800,cats_reg_g30b150,,False,CATS,150,regions,MultiMinded,100,Balance,130.5799999999872,1650.3177,4,1136.81,534.83399999999995,1608.6533,1673.9608772310016,1310.2737572310018,1346.5412930146651,1,29,11,1980,2967
86,30,37,LinearSubgradientAuction,0.2,0.08,,True,,1000,10800,cats_reg_g30b150,,False,CATS,150,regions,MultiMinded,126,Balance,195.3300000000163,2073.2363,5,1605.13,504.47649999999999,2073.2363,1935.6570467798761,1540.4342871078168,1693.8751591532364,1,30,10,2257,3397
87,30,34,LinearSubgradientAuction,0.2,0.08,,True,,1000,10800,cats_reg_g30b150,,False,CATS,150,regions,MultiMinded,1000,MaxIter,1381.8999999999942,2161.5317,5,1611.82,461.19499999999999,809.6777000000001,2225.6908555780101,432.81607782640435,533.37082755394351,1,29,18,2040,3056
88,30,35,LinearSubgradientAuction,0.2,0.08,,True,,1000,10800,cats_reg_g30b150,,False,CATS,150,regions,MultiMinded,112,Balance,161.7599999999802,1960.6723,11,1579.4,529.16499999999996,1960.6723,1918.19923393204,1131.9975399644763,1228.1400909144777,1,30,21,2135,3215
89,30,40,LinearSubgradientAuction,0.2,0.08,,True,,1000,10800,cats_reg_g30b150,,False,CATS,150,regions,MultiMinded,79,Balance,123.80000000001746,2103.4608,12,1324.86,455.78500000000003,2051.8125,1806.127743629638,1031.0304053239195,1366.5709931410488,1,27,1,2320,3430
90,30,36,LinearSubgradientAuction,0.2,0.08,,True,,1000,10800,cats_reg_g30b150,,False,CATS,150,regions,MultiMinded,238,Balance,349.0,2252.2093,8,1749.09,686.99800000000005,2213.4293,2134.9558816701588,1376.816110069148,1515.8919106485776,1,29,2,2160,3234
91,30,37,LinearSubgradientAuction,0.2,0.08,,True,,1000,10800,cats_reg_g30b150,,False,CATS,150,regions,MultiMinded,77,Balance,115.89999999999418,2533.4677,10,1557.05,605.50300000000004,2524.7637,2341.47881248063,1561.1982221294995,1833.1043292905185,1,29,3,2220,3323
92,30,37,LinearSubgradientAuction,0.2,0.08,,True,,1000,10800,cats_reg_g30b150,,False,CATS,150,regions,MultiMinded,152,Balance,236.5899999999965,2087.0795,10,1557.29,467.12700000000001,2087.0795,2037.9416321778731,1323.4099843739282,1421.6453989935844,1,30,14,2257,3397
93,30,34,LinearSubgradientAuction,0.2,0.08,,True,,1000,10800,cats_reg_g30b150,,False,CATS,150,regions,MultiMinded,117,Balance,161.05999999999767,2220.4165999999996,8,1477.09,531.97949999999992,2192.8756999999996,2105.5695048220209,1382.5424293640453,1591.1972297350098,1,30,64,2074,3124
94,30,33,LinearSubgradientAuction,0.2,0.08,,True,,1000,10800,cats_reg_g30b150,,False,CATS,150,regions,MultiMinded,1000,MaxIter,1317.7600000000093,2089.1439,8,1850.23,583.02999999999997,1750.9089000000001,2052.8399482834675,1136.9408063568601,1294.7851634012989,1,28,19,1947,2901
95,30,36,LinearSubgradientAuction,0.2,0.08,,True,,1000,10800,cats_reg_g30b150,,False,CATS,150,regions,MultiMinded,1000,MaxIter,1503.0400000000081,2218.1557,10,1747.55,732.99250000000006,1145.9017,2285.4526700674937,475.9541538119588,512.71025866464322,1,30,34,2196,3306
96,30,33,LinearSubgradientAuction,0.2,0.08,,True,,1000,10800,cats_reg_g30b150,,False,CATS,150,regions,MultiMinded,1000,MaxIter,1352.3000000000175,1873.9284000000002,4,1690.89,555.43200000000002,381.75149999999996,1933.0015318308092,16.942867321161756,46.900281132153417,1,29,24,1980,2967
97,30,37,LinearSubgradientAuction,0.2,0.08,,True,,1000,10800,cats_reg_g30b150,,False,CATS,150,regions,MultiMinded,179,Balance,266.7699999999895,1853.4531000000002,11,1334.16,635.36699999999996,1853.4531000000002,1758.7598422867254,823.5600743540399,934.22387711298995,1,29,16,2220,3323
98,30,36,LinearSubgradientAuction,0.2,0.08,,True,,1000,10800,cats_reg_g30b150,,False,CATS,150,regions,MultiMinded,185,Balance,277.2700000000186,2779.0163,8,2131.76,620.35799999999995,2779.0163,2740.6210214249659,1824.049524849288,1872.8496457540477,1,30,4,2196,3306
99,30,37,LinearSubgradientAuction,0.2,0.08,,True,,1000,10800,cats_reg_g30b150,,False,CATS,150,regions,MultiMinded,1000,MaxIter,1466.4700000000012,2286.8288000000002,6,1573.72,543.00099999999998,2180.7238,2273.8135603877063,1740.047956714913,1857.4237988300183,1,28,10,2183,3249
100,30,32,LinearSubgradientAuction,0.2,0.08,,True,,1000,10800,cats_reg_g30b150,,False,CATS,150,regions,MultiMinded,303,Balance,401.5200000000186,1906.0085,11,1496.95,591.39400000000001,1848.2125,1822.8222543536106,892.88976751038263,1074.5695216573897,1,30,67,1952,2942
