idx,items,agents,auction_class,epsilon,stepc,epoch,scalebyvalue,reserve_type,maxiter,maxtime,generator_param_name,personalized,int_prices,generator,bids,distribution,type,rounds,status,runtime,efficient_value,final_num_winners,final_max_agent_value,final_scalevalue,final_value,final_total_price,final_revenue,final_indirect_util,final_price_degree,final_price_sparsity,final_imbalance,final_wd_nvars,final_wd_ncons
1,10,17,LinearSubgradientAuction,0.025,0.01,,True,,1000,10800,cats_reg_g10b50,,False,CATS,50,regions,MultiMinded,151,Balance,32.77,681.0817,4,513.163,288.52699999999999,681.0817,674.40809042422768,645.55539042422777,652.55441914380049,1,10,5,357,537
2,10,19,LinearSubgradientAuction,0.025,0.01,,True,,1000,10800,cats_reg_g10b50,,False,CATS,50,regions,MultiMinded,1000,MaxIter,242.65,734.1289999999999,3,640.313,226.71899999999999,504.306,668.73184610671115,427.4580481431741,525.21763745196108,1,10,6,399,599
3,10,17,LinearSubgradientAuction,0.025,0.01,,True,,1000,10800,cats_reg_g10b50,,False,CATS,50,regions,MultiMinded,1000,MaxIter,217.95,804.4359999999999,5,797.452,310.25200000000001,759.91341,828.28865214941754,732.96669269168046,733.5712826219933,1,10,1,357,537
4,10,14,LinearSubgradientAuction,0.025,0.01,,True,,1000,10800,cats_reg_g10b50,,False,CATS,50,regions,MultiMinded,127,Balance,22.99,574.909,2,568.922,272.93700000000001,574.909,568.74132841190453,555.09447841190445,561.80736470505258,1,10,11,294,444
5,10,21,LinearSubgradientAuction,0.025,0.01,,True,,1000,10800,cats_reg_g10b50,,False,CATS,50,regions,MultiMinded,336,Balance,88.49,650.6363,3,619.701,342.60149999999999,650.6363,656.60607666585111,632.82216696585442,635.85912101817485,1,10,15,441,661
6,10,17,LinearSubgradientAuction,0.025,0.01,,True,,1000,10800,cats_reg_g10b50,,False,CATS,50,regions,MultiMinded,1000,MaxIter,215.93,834.2848,1,784.19,470.66899999999998,395.259,886.63106685633909,0,2.1246662873217907,1,10,10,357,537
7,10,21,LinearSubgradientAuction,0.025,0.01,,True,,1000,10800,cats_reg_g10b50,,False,CATS,50,regions,MultiMinded,1000,MaxIter,264.58,854.667,5,696.341,343.76999999999998,609.034,872.38248552644075,583.94229812678941,583.94230086801997,1,10,12,441,661
8,10,18,LinearSubgradientAuction,0.025,0.01,,True,,1000,10800,cats_reg_g10b50,,False,CATS,50,regions,MultiMinded,1000,MaxIter,231.28,663.572,4,592.441,275.35000000000002,612.917,649.09803898817745,566.07752652936244,592.41325051250794,1,10,1,378,568
9,10,18,LinearSubgradientAuction,0.025,0.01,,True,,1000,10800,cats_reg_g10b50,,False,CATS,50,regions,MultiMinded,106,Balance,24.14,724.6032999999999,4,611.583,280.12,724.6032999999999,633.86933543572172,605.85733543572167,696.9074539253885,1,10,6,378,568
10,10,23,LinearSubgradientAuction,0.025,0.01,,True,,1000,10800,cats_reg_g10b50,,False,CATS,50,regions,MultiMinded,56,Balance,16.01,946.3547,4,784.828,433.57950000000005,946.3547,876.32986058250299,832.98824318474749,903.2345680084735,1,10,2,483,723
11,10,16,LinearSubgradientAuction,0.025,0.01,,True,,1000,10800,cats_reg_g10b50,,False,CATS,50,regions,MultiMinded,175,Balance,35.56,724.662,1,724.662,403.49950000000001,724.662,724.34750589290604,714.26001839290609,715.61540488099592,1,10,13,336,506
12,10,16,LinearSubgradientAuction,0.025,0.01,,True,,1000,10800,cats_reg_g10b50,,False,CATS,50,regions,MultiMinded,105,Balance,21.47,522.114,1,522.114,283.13549999999998,522.114,521.35381281028958,514.27542531028962,515.09893087491901,1,10,1,336,506
13,10,17,LinearSubgradientAuction,0.025,0.01,,True,,1000,10800,cats_reg_g10b50,,False,CATS,50,regions,MultiMinded,503,Balance,108.66,778.1078,2,718.401,353.04300000000001,778.1078,776.52002409563045,758.86787409563055,760.54917899141969,1,10,1,357,537
14,10,17,LinearSubgradientAuction,0.025,0.01,,True,,1000,10800,cats_reg_g10b50,,False,CATS,50,regions,MultiMinded,192,Balance,41.730000000000004,588.9796,2,575.883,307.69200000000001,588.9796,587.65544785691498,572.27084785691488,575.76490713813178,1,10,13,357,537
15,10,17,LinearSubgradientAuction,0.025,0.01,,True,,1000,10800,cats_reg_g10b50,,False,CATS,50,regions,MultiMinded,1000,MaxIter,218.57,634.994,3,600.13,422.91899999999998,634.994,675.19817869383485,613.13008726122041,613.98178753071443,1,10,1,357,537
16,10,26,LinearSubgradientAuction,0.025,0.01,,True,,1000,10800,cats_reg_g10b50,,False,CATS,50,regions,MultiMinded,64,Balance,20.910000000000004,519.6692,2,485.933,278.584,519.6692,504.71714708439839,490.78794708439835,511.98381437379692,1,10,9,546,816
17,10,16,LinearSubgradientAuction,0.025,0.01,,True,,1000,10800,cats_reg_g10b50,,False,CATS,50,regions,MultiMinded,380,Balance,78.14,910.0260000000001,3,815.656,322.738,910.0260000000001,909.6580862766632,885.45273627666325,885.82065,1,10,0,336,506
18,10,18,LinearSubgradientAuction,0.025,0.01,,True,,1000,10800,cats_reg_g10b50,,False,CATS,50,regions,MultiMinded,1000,MaxIter,227.84999999999997,982.461,1,932.103,367.83500000000004,413.591,1025.7353070934303,0,1.6142099845714029,1,10,10,378,568
19,10,19,LinearSubgradientAuction,0.025,0.01,,True,,1000,10800,cats_reg_g10b50,,False,CATS,50,regions,MultiMinded,1000,MaxIter,242.67999999999998,903.4849999999999,4,826.774,559.33850000000007,421.5226,950.62906706746958,394.2524663599014,394.2524663599014,1,10,9,399,599
20,10,21,LinearSubgradientAuction,0.025,0.01,,True,,1000,10800,cats_reg_g10b50,,False,CATS,50,regions,MultiMinded,1000,MaxIter,265.94,780.3014999999999,3,637.779,268.37200000000001,417.32140000000004,691.10255423673254,80.036021414881503,185.66044745090923,1,10,8,441,661
21,10,17,LinearSubgradientAuction,0.025,0.01,,True,,1000,10800,cats_reg_g10b50,,False,CATS,50,regions,MultiMinded,48,Balance,10.280000000000001,869.309,3,770.684,361.69299999999998,869.309,792.43266695473187,765.30569195473174,846.76532544516158,1,10,2,357,537
22,10,16,LinearSubgradientAuction,0.025,0.01,,True,,1000,10800,cats_reg_g10b50,,False,CATS,50,regions,MultiMinded,1000,MaxIter,204.29999999999998,827.155,4,792.758,416.87799999999999,698.707,884.9414311063797,630.85491140647093,667.71716594467716,1,10,4,336,506
23,10,21,LinearSubgradientAuction,0.025,0.01,,True,,1000,10800,cats_reg_g10b50,,False,CATS,50,regions,MultiMinded,1000,MaxIter,264.92,926.9879999999999,5,813.726,269.07900000000001,635.043,906.75025956861214,567.11301691847916,621.78993660994138,1,10,9,441,661
24,10,23,LinearSubgradientAuction,0.025,0.01,,True,,1000,10800,cats_reg_g10b50,,False,CATS,50,regions,MultiMinded,1000,MaxIter,288.59000000000003,822.2049999999999,2,635.81,377.13200000000001,782.967,837.76958839897304,127.210833516587,138.21596924371056,1,10,9,483,723
25,10,22,LinearSubgradientAuction,0.025,0.01,,True,,1000,10800,cats_reg_g10b50,,False,CATS,50,regions,MultiMinded,1000,MaxIter,273.16999999999996,534.8185,4,446.519,197.68200000000002,342.6097,527.93838401788514,283.80977374292314,327.98528583964855,1,10,5,462,692
26,10,17,LinearSubgradientAuction,0.025,0.01,,True,,1000,10800,cats_reg_g10b50,,False,CATS,50,regions,MultiMinded,84,Balance,18.0,716.487,2,716.487,299.23599999999999,716.487,722.70386466967273,708.04798442081653,709.00609999999995,1,10,1,357,537
27,10,17,LinearSubgradientAuction,0.025,0.01,,True,,1000,10800,cats_reg_g10b50,,False,CATS,50,regions,MultiMinded,1000,MaxIter,217.87999999999997,811.1127,2,667.768,330.15700000000004,209.821,810.43237391648563,201.3288387188291,202.34929806226046,1,10,7,357,537
28,10,18,LinearSubgradientAuction,0.025,0.01,,True,,1000,10800,cats_reg_g10b50,,False,CATS,50,regions,MultiMinded,440,Balance,100.87000000000003,818.682,4,802.322,385.84800000000001,818.682,816.98258868337587,779.50271437366234,789.94758074576112,1,10,6,378,568
29,10,20,LinearSubgradientAuction,0.025,0.01,,True,,1000,10800,cats_reg_g10b50,,False,CATS,50,regions,MultiMinded,203,Balance,51.870000000000005,767.6940999999999,3,746.709,446.00549999999998,767.6940999999999,748.66791890223021,715.21750640223013,734.24368749999996,1,10,0,420,630
30,10,18,LinearSubgradientAuction,0.025,0.01,,True,,1000,10800,cats_reg_g10b50,,False,CATS,50,regions,MultiMinded,1000,MaxIter,229.87,794.5821000000001,5,739.446,385.6635,445.22310000000004,854.85001294558697,416.63445626279201,416.63445626279201,1,10,9,378,568
31,10,21,LinearSubgradientAuction,0.025,0.01,,True,,1000,10800,cats_reg_g10b50,,False,CATS,50,regions,MultiMinded,1000,MaxIter,262.45000000000005,818.388,1,733.06,325.495,328.69,830.64860426115581,0,0.38395152936803356,1,10,10,441,661
32,10,20,LinearSubgradientAuction,0.025,0.01,,True,,1000,10800,cats_reg_g10b50,,False,CATS,50,regions,MultiMinded,465,Balance,116.82,637.3713,4,533.498,304.15100000000001,637.3713,636.30914566617491,605.89404566617475,611.22571884763238,1,10,2,420,630
33,10,16,LinearSubgradientAuction,0.025,0.01,,True,,1000,10800,cats_reg_g10b50,,False,CATS,50,regions,MultiMinded,126,Balance,25.629999999999995,560.5032,3,498.34,219.72300000000001,560.5032,517.68780659474464,505.09852026480758,553.0347843982413,1,10,2,336,506
34,10,20,LinearSubgradientAuction,0.025,0.01,,True,,1000,10800,cats_reg_g10b50,,False,CATS,50,regions,MultiMinded,443,Balance,112.63,726.3012,5,568.454,249.64099999999999,726.3012,608.88759251081638,577.80679999378015,701.36534067500713,1,10,3,420,630
35,10,27,LinearSubgradientAuction,0.025,0.01,,True,,1000,10800,cats_reg_g10b50,,False,CATS,50,regions,MultiMinded,158,Balance,53.26999999999998,858.175,2,722.988,380.87900000000002,858.175,815.39909817394232,796.35514817394221,839.13104999999996,1,10,0,567,847
36,10,17,LinearSubgradientAuction,0.025,0.01,,True,,1000,10800,cats_reg_g10b50,,False,CATS,50,regions,MultiMinded,1000,MaxIter,217.82,716.498,2,716.498,379.51999999999998,215.555,719.38922328575313,205.94442962554498,207.13823434800295,1,10,7,357,537
37,10,20,LinearSubgradientAuction,0.025,0.01,,True,,1000,10800,cats_reg_g10b50,,False,CATS,50,regions,MultiMinded,60,Balance,15.160000000000025,824.835,4,630.222,329.92600000000004,824.835,692.47302762926574,659.48268490541329,800.09054999999989,1,10,1,420,630
38,10,18,LinearSubgradientAuction,0.025,0.01,,True,,1000,10800,cats_reg_g10b50,,False,CATS,50,regions,MultiMinded,1000,MaxIter,230.79000000000002,825.56,3,825.56,471.01400000000001,640.047,828.07239886541208,617.44160862395552,617.92583720921698,1,10,13,378,568
39,10,25,LinearSubgradientAuction,0.025,0.01,,True,,1000,10800,cats_reg_g10b50,,False,CATS,50,regions,MultiMinded,213,Balance,66.68,948.5501,5,753.385,196.10050000000001,948.5501,783.05107212838448,758.53850962838442,924.03753749999987,1,10,0,525,785
40,10,22,LinearSubgradientAuction,0.025,0.01,,True,,1000,10800,cats_reg_g10b50,,False,CATS,50,regions,MultiMinded,1000,MaxIter,278.17,694.64,2,671.57,320.48500000000001,221.0301,672.9974670866909,51.797134982047211,120.894875,1,10,9,462,692
41,10,18,LinearSubgradientAuction,0.025,0.01,,True,,1000,10800,cats_reg_g10b50,,False,CATS,50,regions,MultiMinded,54,Balance,12.28000000000003,919.5834,3,833.068,428.51799999999997,919.5834,892.1623630775332,860.02351307753315,897.70835621059132,1,10,1,378,568
42,10,21,LinearSubgradientAuction,0.025,0.01,,True,,1000,10800,cats_reg_g10b50,,False,CATS,50,regions,MultiMinded,283,Balance,74.5,722.396,2,722.396,339.44,722.396,730.10520047998455,713.51395225706199,714.07371523627205,1,10,2,441,661
43,10,20,LinearSubgradientAuction,0.025,0.01,,True,,1000,10800,cats_reg_g10b50,,False,CATS,50,regions,MultiMinded,251,Balance,63.30000000000001,820.8240000000001,3,681.374,265.63999999999999,820.8240000000001,795.71110917592603,776.0062178125969,807.54200000000003,1,10,1,420,630
44,10,19,LinearSubgradientAuction,0.025,0.01,,True,,1000,10800,cats_reg_g10b50,,False,CATS,50,regions,MultiMinded,1000,MaxIter,243.24,607.363,4,484.926,277.04599999999999,559.9440000000001,608.88139660214642,490.62736164242347,539.45884380495716,1,10,6,399,599
45,10,20,LinearSubgradientAuction,0.025,0.01,,True,,1000,10800,cats_reg_g10b50,,False,CATS,50,regions,MultiMinded,279,Balance,70.24000000000001,687.7891,5,510.577,285.93000000000001,687.7891,660.76289558514532,625.02164558514539,659.19251720535203,1,10,4,420,630
46,10,19,LinearSubgradientAuction,0.025,0.01,,True,,1000,10800,cats_reg_g10b50,,False,CATS,50,regions,MultiMinded,697,Balance,166.36999999999995,810.368,2,810.368,345.00850000000003,810.368,771.83931149173395,754.62180990456557,801.74278750000008,1,10,1,399,599
47,10,18,LinearSubgradientAuction,0.025,0.01,,True,,1000,10800,cats_reg_g10b50,,False,CATS,50,regions,MultiMinded,1000,MaxIter,230.85000000000002,759.477,3,738.963,363.25599999999997,706.4599999999999,749.57316370948797,661.72068279998109,688.32441415410131,1,10,4,378,568
48,10,29,LinearSubgradientAuction,0.025,0.01,,True,,1000,10800,cats_reg_g10b50,,False,CATS,50,regions,MultiMinded,16,Balance,5.6200000000000045,726.774,3,661.833,328.96899999999999,726.774,713.77009824128208,689.09742324128206,702.10132499999986,1,10,0,609,909
49,10,23,LinearSubgradientAuction,0.025,0.01,,True,,1000,10800,cats_reg_g10b50,,False,CATS,50,regions,MultiMinded,1000,MaxIter,288.18,587.5914,4,462.576,216.20049999999998,493.47429999999997,558.95023596334784,329.46127514646872,362.80994624935784,1,10,4,483,723
50,10,17,LinearSubgradientAuction,0.025,0.01,,True,,1000,10800,cats_reg_g10b50,,False,CATS,50,regions,MultiMinded,80,Balance,17.25,945.836,4,681.012,323.851,945.836,874.33817862408841,841.95307862408845,913.45090000000005,1,10,0,357,537
51,10,25,LinearSubgradientAuction,0.025,0.01,,True,,1000,10800,cats_reg_g10b50,,False,CATS,50,regions,MultiMinded,129,Balance,40.19999999999993,831.2631000000001,4,644.905,285.66050000000001,831.2631000000001,762.28579550348286,733.94929019398558,809.83856250000008,1,10,1,525,785
52,10,19,LinearSubgradientAuction,0.025,0.01,,True,,1000,10800,cats_reg_g10b50,,False,CATS,50,regions,MultiMinded,68,Balance,16.200000000000045,608.391,2,608.391,276.31299999999999,608.391,611.5454818596005,597.99721368106066,601.6524412926218,1,10,3,399,599
53,10,21,LinearSubgradientAuction,0.025,0.01,,True,,1000,10800,cats_reg_g10b50,,False,CATS,50,regions,MultiMinded,1000,MaxIter,263.67999999999995,623.5598,4,612.518,167.23250000000002,505.638,642.86174302968675,493.25032298235141,493.27628475665847,1,10,7,441,661
54,10,20,LinearSubgradientAuction,0.025,0.01,,True,,1000,10800,cats_reg_g10b50,,False,CATS,50,regions,MultiMinded,913,Balance,228.55,1040.322,4,967.436,414.12850000000003,1040.322,993.12385820707914,951.71100820707886,999.32476225401615,1,10,8,420,630
55,10,17,LinearSubgradientAuction,0.025,0.01,,True,,1000,10800,cats_reg_g10b50,,False,CATS,50,regions,MultiMinded,75,Balance,16.160000000000025,1001.244,2,739.168,309.35699999999997,1001.244,915.1764141226713,899.70856412267131,985.77615000000003,1,10,0,357,537
56,10,17,LinearSubgradientAuction,0.025,0.01,,True,,1000,10800,cats_reg_g10b50,,False,CATS,50,regions,MultiMinded,1000,MaxIter,218.13,674.3464,3,592.43,348.80000000000001,305.2875,654.37253472973487,188.10814205366538,229.09201720770403,1,10,5,357,537
57,10,20,LinearSubgradientAuction,0.025,0.01,,True,,1000,10800,cats_reg_g10b50,,False,CATS,50,regions,MultiMinded,758,Balance,192.44999999999993,783.158,3,568.928,268.62299999999999,783.158,763.2410565768397,743.09433157683975,763.32206606742136,1,10,5,420,630
58,10,21,LinearSubgradientAuction,0.025,0.01,,True,,1000,10800,cats_reg_g10b50,,False,CATS,50,regions,MultiMinded,44,Balance,11.460000000000036,871.9079999999999,2,791.212,427.88200000000001,871.9079999999999,868.29311111814843,846.89901111814845,855.12246235095654,1,10,10,441,661
59,10,28,LinearSubgradientAuction,0.025,0.01,,True,,1000,10800,cats_reg_g10b50,,False,CATS,50,regions,MultiMinded,87,Balance,30.5,875.1772,3,803.796,406.47899999999998,875.1772,841.25548406427629,810.76955906427634,845.12179074959852,1,10,4,588,878
60,10,22,LinearSubgradientAuction,0.025,0.01,,True,,1000,10800,cats_reg_g10b50,,False,CATS,50,regions,MultiMinded,46,Balance,12.519999999999982,716.1357,3,662.173,358.10899999999998,716.1357,681.32516053175482,654.46698553175486,690.78626644186113,1,10,7,462,692
61,10,19,LinearSubgradientAuction,0.025,0.01,,True,,1000,10800,cats_reg_g10b50,,False,CATS,50,regions,MultiMinded,496,Balance,118.58000000000004,756.948,3,553.212,307.67700000000002,756.948,756.38924353903985,733.31346853903995,733.89824746541933,1,10,5,399,599
62,10,20,LinearSubgradientAuction,0.025,0.01,,True,,1000,10800,cats_reg_g10b50,,False,CATS,50,regions,MultiMinded,113,Balance,28.50999999999999,962.414,3,839.979,365.63299999999998,962.414,960.78562154218355,933.36314654218359,935.30816805469158,1,10,4,420,630
63,10,20,LinearSubgradientAuction,0.025,0.01,,True,,1000,10800,cats_reg_g10b50,,False,CATS,50,regions,MultiMinded,214,Balance,53.98000000000002,966.8963000000001,5,783.33,502.36099999999999,966.8963000000001,931.13671305262062,868.52289647522036,916.67363012568467,1,10,6,420,630
64,10,24,LinearSubgradientAuction,0.025,0.01,,True,,1000,10800,cats_reg_g10b50,,False,CATS,50,regions,MultiMinded,355,Balance,105.67999999999995,784.4846,2,723.45,238.8545,784.4846,757.64261120995798,745.69988620995798,772.541875,1,10,0,504,754
65,10,18,LinearSubgradientAuction,0.025,0.01,,True,,1000,10800,cats_reg_g10b50,,False,CATS,50,regions,MultiMinded,505,Balance,116.07000000000005,863.3610000000001,3,758.102,337.34500000000003,856.6320000000001,818.71928399112414,793.41840899112412,839.39386584984356,1,10,3,378,568
66,10,18,LinearSubgradientAuction,0.025,0.01,,True,,1000,10800,cats_reg_g10b50,,False,CATS,50,regions,MultiMinded,782,Balance,179.86,852.079,4,807.329,372.65700000000004,852.079,807.28461889386199,770.13171825784013,824.29579950755783,1,10,15,378,568
67,10,27,LinearSubgradientAuction,0.025,0.01,,True,,1000,10800,cats_reg_g10b50,,False,CATS,50,regions,MultiMinded,303,Balance,102.52999999999997,860.8598,2,789.183,223.39999999999998,860.8598,851.10813795943704,839.93813795943709,855.06502984792564,1,10,1,567,847
68,10,20,LinearSubgradientAuction,0.025,0.01,,True,,1000,10800,cats_reg_g10b50,,False,CATS,50,regions,MultiMinded,321,Balance,81.86000000000001,535.1916,4,486.692,201.834,535.1916,529.05785399203114,508.87445399203125,520.04310813335519,1,10,1,420,630
69,10,20,LinearSubgradientAuction,0.025,0.01,,True,,1000,10800,cats_reg_g10b50,,False,CATS,50,regions,MultiMinded,67,Balance,16.809999999999945,550.5322,3,423.552,212.09399999999999,550.5322,484.32527054481722,468.41822054481725,534.62515000000008,1,10,0,420,630
70,10,18,LinearSubgradientAuction,0.025,0.01,,True,,1000,10800,cats_reg_g10b50,,False,CATS,50,regions,MultiMinded,1000,MaxIter,229.01999999999998,965.81,3,780.078,273.52800000000002,833.47,880.16583343478828,694.9461019213303,819.96250290795228,1,10,2,378,568
71,10,17,LinearSubgradientAuction,0.025,0.01,,True,,1000,10800,cats_reg_g10b50,,False,CATS,50,regions,MultiMinded,1000,MaxIter,215.68999999999994,745.048,2,745.048,330.73000000000002,381.853,802.52745227985088,373.75950211204906,374.34449522869392,1,10,6,357,537
72,10,23,LinearSubgradientAuction,0.025,0.01,,True,,1000,10800,cats_reg_g10b50,,False,CATS,50,regions,MultiMinded,167,Balance,47.799999999999955,619.2275000000001,7,497.631,317.09799999999996,619.2275000000001,584.49281482896413,529.00066482896398,563.73534999999993,1,10,0,483,723
73,10,20,LinearSubgradientAuction,0.025,0.01,,True,,1000,10800,cats_reg_g10b50,,False,CATS,50,regions,MultiMinded,1000,MaxIter,253.86,675.2625,2,656.76,362.82400000000001,632.221,704.78339879583302,624.10968987742683,624.10968987742683,1,10,11,420,630
74,10,26,LinearSubgradientAuction,0.025,0.01,,True,,1000,10800,cats_reg_g10b50,,False,CATS,50,regions,MultiMinded,234,Balance,75.82000000000005,942.6876,2,890.025,245.483,942.6876,942.4423591357762,930.16820913577624,930.41374437237278,1,10,1,546,816
75,10,15,LinearSubgradientAuction,0.025,0.01,,True,,1000,10800,cats_reg_g10b50,,False,CATS,50,regions,MultiMinded,464,Balance,88.5,986.353,5,977.088,450.65550000000002,986.353,978.12779079754648,922.41510495600471,942.07065185931367,1,10,12,315,475
76,10,22,LinearSubgradientAuction,0.025,0.01,,True,,1000,10800,cats_reg_g10b50,,False,CATS,50,regions,MultiMinded,199,Balance,55.059999999999945,900.434,6,820.61,441.17500000000001,900.434,848.16629573373075,781.99004573373088,835.90858279837289,1,10,16,462,692
77,10,19,LinearSubgradientAuction,0.025,0.01,,True,,1000,10800,cats_reg_g10b50,,False,CATS,50,regions,MultiMinded,1000,MaxIter,243.93999999999994,505.8682,3,489.633,293.4085,415.7192,490.03343583816905,363.58213995863082,401.15672734471519,1,10,3,399,599
78,10,15,LinearSubgradientAuction,0.025,0.01,,True,,1000,10800,cats_reg_g10b50,,False,CATS,50,regions,MultiMinded,888,Balance,169.53999999999996,723.896,1,723.896,268.85500000000002,723.896,723.82260230909083,717.10122730909086,717.17462499999999,1,10,0,315,475
79,10,20,LinearSubgradientAuction,0.025,0.01,,True,,1000,10800,cats_reg_g10b50,,False,CATS,50,regions,MultiMinded,332,Balance,83.54999999999995,830.055,4,715.055,304.07849999999996,830.055,770.0385396603084,739.63135103117611,807.24911249999991,1,10,1,420,630
80,10,23,LinearSubgradientAuction,0.025,0.01,,True,,1000,10800,cats_reg_g10b50,,False,CATS,50,regions,MultiMinded,1000,MaxIter,288.68000000000006,858.2552999999999,4,815.519,326.65449999999998,609.6183,851.06892760024937,572.6078117248577,585.50459188551304,1,10,3,483,723
81,10,19,LinearSubgradientAuction,0.025,0.01,,True,,1000,10800,cats_reg_g10b50,,False,CATS,50,regions,MultiMinded,97,Balance,23.149999999999977,731.2354999999999,3,657.74,318.25649999999996,731.2354999999999,718.28727786504487,694.41804036504482,707.36626250000006,1,10,0,399,599
82,10,20,LinearSubgradientAuction,0.025,0.01,,True,,1000,10800,cats_reg_g10b50,,False,CATS,50,regions,MultiMinded,1000,MaxIter,252.78999999999996,799.819,4,670.65,230.49700000000001,479.16429999999997,769.66300781192012,444.05267391293131,492.32930831724872,1,10,5,420,630
83,10,18,LinearSubgradientAuction,0.025,0.01,,True,,1000,10800,cats_reg_g10b50,,False,CATS,50,regions,MultiMinded,224,Balance,51.34000000000003,778.391,2,740.964,303.2475,778.391,777.47571494905833,762.31333994905833,767.48812129382668,1,10,9,378,568
84,10,19,LinearSubgradientAuction,0.025,0.01,,True,,1000,10800,cats_reg_g10b50,,False,CATS,50,regions,MultiMinded,45,Balance,10.730000000000018,653.4665,4,531.36,233.98450000000003,653.4665,607.96319106302826,584.56474106302824,630.41884398874106,1,10,3,399,599
85,10,16,LinearSubgradientAuction,0.025,0.01,,True,,1000,10800,cats_reg_g10b50,,False,CATS,50,regions,MultiMinded,64,Balance,13.0,738.6202000000001,4,623.355,332.00099999999998,738.6202000000001,735.60718655120343,702.40708655120352,713.56431290479804,1,10,1,336,506
86,10,17,LinearSubgradientAuction,0.025,0.01,,True,,1000,10800,cats_reg_g10b50,,False,CATS,50,regions,MultiMinded,345,Balance,74.42999999999995,772.54,3,646.076,287.08299999999997,772.54,743.24183194582884,721.78338404929013,758.18585000000019,1,10,1,357,537
87,10,18,LinearSubgradientAuction,0.025,0.01,,True,,1000,10800,cats_reg_g10b50,,False,CATS,50,regions,MultiMinded,1000,MaxIter,230.04999999999995,883.32347,2,801.709,428.95349999999996,45.89987,947.24468729615603,0.0,0.64458071700744668,1,10,9,378,568
88,10,20,LinearSubgradientAuction,0.025,0.01,,True,,1000,10800,cats_reg_g10b50,,False,CATS,50,regions,MultiMinded,168,Balance,41.94999999999993,662.7294999999999,4,622.783,332.80799999999999,662.7294999999999,654.33421848061391,621.05341848061391,630.21933502405739,1,10,13,420,630
89,10,26,LinearSubgradientAuction,0.025,0.01,,True,,1000,10800,cats_reg_g10b50,,False,CATS,50,regions,MultiMinded,1000,MaxIter,327.65,844.3882,4,703.836,361.93200000000002,522.1522,815.42473579935177,442.90283321967348,495.50437525725681,1,10,7,546,816
90,10,21,LinearSubgradientAuction,0.025,0.01,,True,,1000,10800,cats_reg_g10b50,,False,CATS,50,regions,MultiMinded,1000,MaxIter,265.7400000000001,1011.3232,5,890.879,348.79300000000001,585.2212,919.02373853954873,448.63687510612101,550.4397731331444,1,10,5,441,661
91,10,17,LinearSubgradientAuction,0.025,0.01,,True,,1000,10800,cats_reg_g10b50,,False,CATS,50,regions,MultiMinded,1000,MaxIter,215.51999999999987,890.575,2,890.575,535.99700000000007,835.337,931.29486896640674,660.23448620407157,661.10208897778216,1,10,2,357,537
92,10,22,LinearSubgradientAuction,0.025,0.01,,True,,1000,10800,cats_reg_g10b50,,False,CATS,50,regions,MultiMinded,141,Balance,39.16999999999996,683.1735,2,627.133,263.76300000000003,683.1735,654.71161530216318,641.52346530216323,669.98535000000015,1,10,0,462,692
93,10,20,LinearSubgradientAuction,0.025,0.01,,True,,1000,10800,cats_reg_g10b50,,False,CATS,50,regions,MultiMinded,156,Balance,39.030000000000086,931.509,1,931.509,347.88099999999997,931.509,931.49782380203476,922.80079880203471,922.81197499999996,1,10,0,420,630
94,10,15,LinearSubgradientAuction,0.025,0.01,,True,,1000,10800,cats_reg_g10b50,,False,CATS,50,regions,MultiMinded,1000,MaxIter,191.37000000000012,772.037,3,770.337,295.54650000000004,192.4292,770.69369979487817,151.08372635753466,177.65187499999999,1,10,8,315,475
95,10,17,LinearSubgradientAuction,0.025,0.01,,True,,1000,10800,cats_reg_g10b50,,False,CATS,50,regions,MultiMinded,332,Balance,72.11000000000001,901.2369,4,849.224,408.67100000000005,901.2369,896.58361955248711,856.89543664094401,870.72391515129198,1,10,4,357,537
96,10,19,LinearSubgradientAuction,0.025,0.01,,True,,1000,10800,cats_reg_g10b50,,False,CATS,50,regions,MultiMinded,41,Balance,9.730000000000018,752.0848,3,651.493,368.70849999999996,752.0848,732.70904798976164,705.0559104897618,724.92838351215971,1,10,3,399,599
97,10,20,LinearSubgradientAuction,0.025,0.01,,True,,1000,10800,cats_reg_g10b50,,False,CATS,50,regions,MultiMinded,1000,MaxIter,253.89999999999986,657.92043,3,602.694,360.185,508.09543,695.30370023074806,494.6513837117862,494.9191883318785,1,10,3,420,630
98,10,20,LinearSubgradientAuction,0.025,0.01,,True,,1000,10800,cats_reg_g10b50,,False,CATS,50,regions,MultiMinded,13,Balance,3.1200000000000045,1047.5140999999999,4,870.711,386.798,1047.5140999999999,928.79406451520617,890.11426451520629,1009.8664998661739,1,10,4,420,630
99,10,22,LinearSubgradientAuction,0.025,0.01,,True,,1000,10800,cats_reg_g10b50,,False,CATS,50,regions,MultiMinded,135,Balance,37.210000000000036,1044.344,5,687.143,366.375,1044.344,1014.2965364278544,968.49966142785468,998.54712500000016,1,10,0,462,692
100,10,21,LinearSubgradientAuction,0.025,0.01,,True,,1000,10800,cats_reg_g10b50,,False,CATS,50,regions,MultiMinded,1000,MaxIter,265.47,587.8678,2,515.864,141.49099999999999,455.1598,568.3123823245304,61.777880492726901,93.297586018822585,1,10,9,441,661
