idx,items,agents,auction_class,epsilon,stepc,epoch,scalebyvalue,reserve_type,maxiter,maxtime,generator_param_name,personalized,int_prices,generator,bids,distribution,type,rounds,status,runtime,efficient_value,final_num_winners,final_max_agent_value,final_scalevalue,final_value,final_total_price,final_revenue,final_indirect_util,final_price_degree,final_price_sparsity,final_imbalance,final_wd_nvars,final_wd_ncons
1,10,17,LinearSubgradientAuction,0.1,0.08,,True,,1000,10800,cats_reg_g10b50,,False,CATS,50,regions,MultiMinded,56,Balance,12.059999999997672,681.0817,4,513.163,288.52699999999999,681.0817,669.82808107657024,554.41728107657025,570.0698386768737,1,10,5,357,537
2,10,19,LinearSubgradientAuction,0.1,0.08,,True,,1000,10800,cats_reg_g10b50,,False,CATS,50,regions,MultiMinded,1000,MaxIter,238.7899999999936,734.1289999999999,3,640.313,226.71899999999999,504.306,708.81962516781334,422.46072751078043,459.92816751078044,1,10,9,399,599
3,10,17,LinearSubgradientAuction,0.1,0.08,,True,,1000,10800,cats_reg_g10b50,,False,CATS,50,regions,MultiMinded,1000,MaxIter,217.1999999999971,804.4359999999999,5,797.452,310.25200000000001,759.91341,827.33805552490981,663.42925388742674,663.6362470880423,1,10,4,357,537
4,10,14,LinearSubgradientAuction,0.1,0.08,,True,,1000,10800,cats_reg_g10b50,,False,CATS,50,regions,MultiMinded,20,Balance,3.540000000008149,574.909,2,568.922,272.93700000000001,574.909,555.82815221279986,501.2407522127998,533.98961138989864,1,10,11,294,444
5,10,21,LinearSubgradientAuction,0.1,0.08,,True,,1000,10800,cats_reg_g10b50,,False,CATS,50,regions,MultiMinded,64,Balance,16.94999999999709,650.6363,2,619.701,342.60149999999999,650.6363,639.74284436505241,576.58510146258538,611.62189145963282,1,10,20,441,661
6,10,17,LinearSubgradientAuction,0.1,0.08,,True,,1000,10800,cats_reg_g10b50,,False,CATS,50,regions,MultiMinded,1000,MaxIter,216.27999999999884,834.2848,4,784.19,470.66899999999998,451.901,890.96293532244738,360.30481362266994,360.30481362266994,1,10,9,357,537
7,10,21,LinearSubgradientAuction,0.1,0.08,,True,,1000,10800,cats_reg_g10b50,,False,CATS,50,regions,MultiMinded,1000,MaxIter,266.06999999999243,854.667,1,696.341,343.76999999999998,311.382,865.45061420493266,0,13.131590415342359,1,10,10,441,661
8,10,18,LinearSubgradientAuction,0.1,0.08,,True,,1000,10800,cats_reg_g10b50,,False,CATS,50,regions,MultiMinded,44,Balance,10.059999999997672,663.572,4,592.441,275.35000000000002,663.572,670.11360566362703,563.9162982687161,580.96699999999998,1,10,1,378,568
9,10,18,LinearSubgradientAuction,0.1,0.08,,True,,1000,10800,cats_reg_g10b50,,False,CATS,50,regions,MultiMinded,30,Balance,6.80000000000291,724.6032999999999,4,611.583,280.12,724.6032999999999,684.27105998329478,572.22305998329466,613.58359768916978,1,10,2,378,568
10,10,23,LinearSubgradientAuction,0.1,0.08,,True,,1000,10800,cats_reg_g10b50,,False,CATS,50,regions,MultiMinded,58,Balance,16.880000000004657,946.3547,4,784.828,433.57950000000005,946.3547,865.38886582323391,727.15454593810125,816.77002840334308,1,10,7,483,723
11,10,16,LinearSubgradientAuction,0.1,0.08,,True,,1000,10800,cats_reg_g10b50,,False,CATS,50,regions,MultiMinded,143,Balance,29.04999999998836,724.662,1,724.662,403.49950000000001,724.662,723.80961330255013,683.4596633025501,684.31205,1,10,0,336,506
12,10,16,LinearSubgradientAuction,0.1,0.08,,True,,1000,10800,cats_reg_g10b50,,False,CATS,50,regions,MultiMinded,52,Balance,10.69999999999709,522.114,1,522.114,283.13549999999998,522.114,521.22639655631679,492.91284655631677,493.82267574955694,1,10,1,336,506
13,10,17,LinearSubgradientAuction,0.1,0.08,,True,,1000,10800,cats_reg_g10b50,,False,CATS,50,regions,MultiMinded,247,Balance,54.05000000000291,778.1078,4,718.401,353.04300000000001,774.5908000000001,766.54135082989274,625.32415082989269,647.24993199966912,1,10,10,357,537
14,10,17,LinearSubgradientAuction,0.1,0.08,,True,,1000,10800,cats_reg_g10b50,,False,CATS,50,regions,MultiMinded,28,Balance,6.05000000000291,588.9796,2,575.883,307.69200000000001,588.9796,561.07842671606613,523.04203726389869,584.69192012612359,1,10,13,357,537
15,10,17,LinearSubgradientAuction,0.1,0.08,,True,,1000,10800,cats_reg_g10b50,,False,CATS,50,regions,MultiMinded,124,Balance,26.910000000003492,634.994,3,600.13,422.91899999999998,634.994,667.8138791507514,540.94505210128796,550.41020000000003,1,10,1,357,537
16,10,26,LinearSubgradientAuction,0.1,0.08,,True,,1000,10800,cats_reg_g10b50,,False,CATS,50,regions,MultiMinded,86,Balance,27.90000000000873,519.6692,2,485.933,278.584,519.6692,541.55768593208575,485.84088593208565,487.31856902799336,1,10,9,546,816
17,10,16,LinearSubgradientAuction,0.1,0.08,,True,,1000,10800,cats_reg_g10b50,,False,CATS,50,regions,MultiMinded,41,Balance,8.30000000000291,910.0260000000001,3,815.656,322.738,910.0260000000001,899.35515147881563,802.53375147881559,827.55603852464219,1,10,8,336,506
18,10,18,LinearSubgradientAuction,0.1,0.08,,True,,1000,10800,cats_reg_g10b50,,False,CATS,50,regions,MultiMinded,1000,MaxIter,228.09999999999127,982.461,4,932.103,367.83500000000004,462.881,1009.8759477559313,391.17368011129906,391.64958065327642,1,10,7,378,568
19,10,19,LinearSubgradientAuction,0.1,0.08,,True,,1000,10800,cats_reg_g10b50,,False,CATS,50,regions,MultiMinded,1000,MaxIter,242.9499999999971,903.4849999999999,3,826.774,559.33850000000007,325.08,963.68718425630152,276.8397583203884,276.8397583203884,1,10,17,399,599
20,10,21,LinearSubgradientAuction,0.1,0.08,,True,,1000,10800,cats_reg_g10b50,,False,CATS,50,regions,MultiMinded,1000,MaxIter,264.7100000000064,780.3014999999999,5,637.779,268.37200000000001,652.3434,722.88308535339638,502.31748660240618,573.20196660240617,1,10,8,441,661
21,10,17,LinearSubgradientAuction,0.1,0.08,,True,,1000,10800,cats_reg_g10b50,,False,CATS,50,regions,MultiMinded,31,Balance,6.650000000008731,869.309,3,770.684,361.69299999999998,869.309,849.07421503099692,740.56631503099686,760.80110000000002,1,10,0,357,537
22,10,16,LinearSubgradientAuction,0.1,0.08,,True,,1000,10800,cats_reg_g10b50,,False,CATS,50,regions,MultiMinded,1000,MaxIter,205.47999999999593,827.155,4,792.758,416.87799999999999,622.379,912.39964041891892,529.32641362753736,539.84206009470392,1,10,4,336,506
23,10,21,LinearSubgradientAuction,0.1,0.08,,True,,1000,10800,cats_reg_g10b50,,False,CATS,50,regions,MultiMinded,72,Balance,18.880000000004657,926.9879999999999,5,813.726,269.07900000000001,926.9879999999999,906.00185602638214,771.46235602638205,818.25867027074787,1,10,2,441,661
24,10,23,LinearSubgradientAuction,0.1,0.08,,True,,1000,10800,cats_reg_g10b50,,False,CATS,50,regions,MultiMinded,1000,MaxIter,288.3700000000099,822.2049999999999,4,635.81,377.13200000000001,419.703,846.55769386447355,341.96615172788688,344.96534246022441,1,10,7,483,723
25,10,22,LinearSubgradientAuction,0.1,0.08,,True,,1000,10800,cats_reg_g10b50,,False,CATS,50,regions,MultiMinded,1000,MaxIter,278.7700000000041,534.8185,2,446.519,197.68200000000002,534.8185,527.91147719073751,32.486747872937173,71.725908809544222,1,10,9,462,692
26,10,17,LinearSubgradientAuction,0.1,0.08,,True,,1000,10800,cats_reg_g10b50,,False,CATS,50,regions,MultiMinded,32,Balance,6.889999999999418,716.487,2,716.487,299.23599999999999,716.487,713.21899384497374,682.2350859496363,686.5634,1,10,1,357,537
27,10,17,LinearSubgradientAuction,0.1,0.08,,True,,1000,10800,cats_reg_g10b50,,False,CATS,50,regions,MultiMinded,58,Balance,12.5,811.1127,4,667.768,330.15700000000004,811.1127,796.73607154989838,666.97926221113153,696.41062647073511,1,10,10,357,537
28,10,18,LinearSubgradientAuction,0.1,0.08,,True,,1000,10800,cats_reg_g10b50,,False,CATS,50,regions,MultiMinded,81,Balance,18.569999999992433,818.682,4,802.322,385.84800000000001,818.682,811.87515145316524,695.08409275288147,717.0726456346224,1,10,15,378,568
29,10,20,LinearSubgradientAuction,0.1,0.08,,True,,1000,10800,cats_reg_g10b50,,False,CATS,50,regions,MultiMinded,67,Balance,16.930000000007567,767.6940999999999,3,746.709,446.00549999999998,767.6940999999999,755.89583749422582,622.09418749422593,633.89245000000005,1,10,0,420,630
30,10,18,LinearSubgradientAuction,0.1,0.08,,True,,1000,10800,cats_reg_g10b50,,False,CATS,50,regions,MultiMinded,1000,MaxIter,230.86999999999534,794.5821000000001,1,739.446,385.6635,0.0,850.10905141015655,0,7.6305508701899427,1,10,8,378,568
31,10,21,LinearSubgradientAuction,0.1,0.08,,True,,1000,10800,cats_reg_g10b50,,False,CATS,50,regions,MultiMinded,1000,MaxIter,266.4600000000064,818.388,1,733.06,325.495,328.69,830.47235044450395,0,3.2093583239192185,1,10,10,441,661
32,10,20,LinearSubgradientAuction,0.1,0.08,,True,,1000,10800,cats_reg_g10b50,,False,CATS,50,regions,MultiMinded,79,Balance,19.79999999998836,637.3713,4,533.498,304.15100000000001,637.3713,630.88000962091201,509.21960962091208,520.3448985330931,1,10,2,420,630
33,10,16,LinearSubgradientAuction,0.1,0.08,,True,,1000,10800,cats_reg_g10b50,,False,CATS,50,regions,MultiMinded,19,Balance,3.779999999998836,560.5032,3,498.34,219.72300000000001,560.5032,525.67448015117964,480.08688354682874,520.16846009695735,1,10,2,336,506
34,10,20,LinearSubgradientAuction,0.1,0.08,,True,,1000,10800,cats_reg_g10b50,,False,CATS,50,regions,MultiMinded,39,Balance,9.770000000004075,726.3012,5,568.454,249.64099999999999,726.3012,708.58607001989776,587.74796989029005,628.55272677637277,1,10,3,420,630
35,10,27,LinearSubgradientAuction,0.1,0.08,,True,,1000,10800,cats_reg_g10b50,,False,CATS,50,regions,MultiMinded,75,Balance,25.5,858.175,2,722.988,380.87900000000002,858.175,857.55748761527639,781.38168761527641,781.99919999999997,1,10,0,567,847
36,10,17,LinearSubgradientAuction,0.1,0.08,,True,,1000,10800,cats_reg_g10b50,,False,CATS,50,regions,MultiMinded,1000,MaxIter,216.0899999999965,716.498,1,716.498,379.51999999999998,509.081,723.56951155615047,0,0.17116429037292846,1,10,10,357,537
37,10,20,LinearSubgradientAuction,0.1,0.08,,True,,1000,10800,cats_reg_g10b50,,False,CATS,50,regions,MultiMinded,35,Balance,8.650000000008731,824.835,3,630.222,329.92600000000004,824.835,814.70884369776763,715.73104369776775,728.22763741207518,1,10,1,420,630
38,10,18,LinearSubgradientAuction,0.1,0.08,,True,,1000,10800,cats_reg_g10b50,,False,CATS,50,regions,MultiMinded,912,Balance,208.64999999999418,825.56,1,825.56,471.01400000000001,825.56,825.41382729266786,778.31242729266785,778.45859999999993,1,10,0,378,568
39,10,25,LinearSubgradientAuction,0.1,0.08,,True,,1000,10800,cats_reg_g10b50,,False,CATS,50,regions,MultiMinded,24,Balance,7.380000000004657,948.5501,5,753.385,196.10050000000001,948.5501,911.08586951453526,813.03561951453526,857.60234442239766,1,10,5,525,785
40,10,22,LinearSubgradientAuction,0.1,0.08,,True,,1000,10800,cats_reg_g10b50,,False,CATS,50,regions,MultiMinded,1000,MaxIter,279.31999999999243,694.64,4,671.57,320.48500000000001,493.20000000000005,740.15438569452886,430.94664441382292,432.19800535420779,1,10,6,462,692
41,10,18,LinearSubgradientAuction,0.1,0.08,,True,,1000,10800,cats_reg_g10b50,,False,CATS,50,regions,MultiMinded,34,Balance,7.7299999999959255,919.5834,3,833.068,428.51799999999997,919.5834,891.55559065389821,763.00019065389824,791.02800000000002,1,10,0,378,568
42,10,21,LinearSubgradientAuction,0.1,0.08,,True,,1000,10800,cats_reg_g10b50,,False,CATS,50,regions,MultiMinded,47,Balance,12.5,722.396,2,722.396,339.44,722.396,729.89401101354565,669.90723921059043,688.452,1,10,1,441,661
43,10,20,LinearSubgradientAuction,0.1,0.08,,True,,1000,10800,cats_reg_g10b50,,False,CATS,50,regions,MultiMinded,21,Balance,5.220000000001164,820.8240000000001,2,681.374,265.63999999999999,820.8240000000001,791.26659891188899,738.13859891188906,785.76652709951225,1,10,5,420,630
44,10,19,LinearSubgradientAuction,0.1,0.08,,True,,1000,10800,cats_reg_g10b50,,False,CATS,50,regions,MultiMinded,1000,MaxIter,241.85000000000582,607.363,5,484.926,277.04599999999999,530.75,651.01578620214809,448.30748228550988,453.3909415156869,1,10,14,399,599
45,10,20,LinearSubgradientAuction,0.1,0.08,,True,,1000,10800,cats_reg_g10b50,,False,CATS,50,regions,MultiMinded,32,Balance,7.970000000001164,687.7891,5,510.577,285.93000000000001,687.7891,695.55198369585457,572.94334541327009,580.77525440304009,1,10,4,420,630
46,10,19,LinearSubgradientAuction,0.1,0.08,,True,,1000,10800,cats_reg_g10b50,,False,CATS,50,regions,MultiMinded,35,Balance,8.309999999997672,810.368,1,810.368,345.00850000000003,810.368,828.05694134713349,793.55609134713347,797.52392643709243,1,10,3,399,599
47,10,18,LinearSubgradientAuction,0.1,0.08,,True,,1000,10800,cats_reg_g10b50,,False,CATS,50,regions,MultiMinded,46,Balance,10.320000000006985,759.477,2,738.963,363.25599999999997,759.477,790.85063087584604,718.19943087584602,721.03803370836147,1,10,3,378,568
48,10,29,LinearSubgradientAuction,0.1,0.08,,True,,1000,10800,cats_reg_g10b50,,False,CATS,50,regions,MultiMinded,92,Balance,33.56999999999243,726.774,3,661.833,328.96899999999999,726.774,721.51575532988613,622.82505532988625,628.08330000000001,1,10,0,609,909
49,10,23,LinearSubgradientAuction,0.1,0.08,,True,,1000,10800,cats_reg_g10b50,,False,CATS,50,regions,MultiMinded,1000,MaxIter,288.8399999999965,587.5914,4,462.576,216.20049999999998,493.47429999999997,564.27446493193338,285.5620072791088,314.77196793150159,1,10,4,483,723
50,10,17,LinearSubgradientAuction,0.1,0.08,,True,,1000,10800,cats_reg_g10b50,,False,CATS,50,regions,MultiMinded,25,Balance,5.349999999991269,945.836,4,681.012,323.851,945.836,918.1641518367544,788.62375183675442,826.57259172949171,1,10,5,357,537
51,10,25,LinearSubgradientAuction,0.1,0.08,,True,,1000,10800,cats_reg_g10b50,,False,CATS,50,regions,MultiMinded,50,Balance,15.69999999999709,831.2631000000001,3,644.905,285.66050000000001,831.2631000000001,813.52618167708488,727.82803167708482,745.56495000000007,1,10,0,525,785
52,10,19,LinearSubgradientAuction,0.1,0.08,,True,,1000,10800,cats_reg_g10b50,,False,CATS,50,regions,MultiMinded,34,Balance,8.110000000000582,608.391,2,608.391,276.31299999999999,608.391,587.63615404978736,559.047206963853,580.75969999999995,1,10,1,399,599
53,10,21,LinearSubgradientAuction,0.1,0.08,,True,,1000,10800,cats_reg_g10b50,,False,CATS,50,regions,MultiMinded,1000,MaxIter,266.2700000000041,623.5598,2,612.518,167.23250000000002,387.8668,634.01003402058905,59.822214796267446,64.409023294839614,1,10,8,441,661
54,10,20,LinearSubgradientAuction,0.1,0.08,,True,,1000,10800,cats_reg_g10b50,,False,CATS,50,regions,MultiMinded,71,Balance,17.880000000004657,1040.322,4,967.436,414.12850000000003,1040.322,1004.7252748570809,839.07387485708068,899.20626521695362,1,10,15,420,630
55,10,17,LinearSubgradientAuction,0.1,0.08,,True,,1000,10800,cats_reg_g10b50,,False,CATS,50,regions,MultiMinded,16,Balance,3.35999999998603,1001.244,2,739.168,309.35699999999997,1001.244,963.85691198733105,901.98551198733105,939.37260000000003,1,10,0,357,537
56,10,17,LinearSubgradientAuction,0.1,0.08,,True,,1000,10800,cats_reg_g10b50,,False,CATS,50,regions,MultiMinded,70,Balance,15.039999999993597,674.3464,4,592.43,348.80000000000001,659.3265,682.87333235662913,543.72646961254793,555.97559947033346,1,10,8,357,537
57,10,20,LinearSubgradientAuction,0.1,0.08,,True,,1000,10800,cats_reg_g10b50,,False,CATS,50,regions,MultiMinded,53,Balance,13.349999999991269,783.158,3,568.928,268.62299999999999,783.158,776.34726948739103,695.76036948739102,709.78842729773748,1,10,7,420,630
58,10,21,LinearSubgradientAuction,0.1,0.08,,True,,1000,10800,cats_reg_g10b50,,False,CATS,50,regions,MultiMinded,89,Balance,23.460000000006403,871.9079999999999,2,791.212,427.88200000000001,871.9079999999999,858.10863441205072,772.5322344120508,786.93580703574753,1,10,1,441,661
59,10,28,LinearSubgradientAuction,0.1,0.08,,True,,1000,10800,cats_reg_g10b50,,False,CATS,50,regions,MultiMinded,307,Balance,108.33000000000175,875.1772,3,803.796,406.47899999999998,875.1772,865.26259028457991,743.31889028457988,756.23863660052677,1,10,4,588,878
60,10,22,LinearSubgradientAuction,0.1,0.08,,True,,1000,10800,cats_reg_g10b50,,False,CATS,50,regions,MultiMinded,65,Balance,17.90000000000873,716.1357,3,662.173,358.10899999999998,716.1357,698.12696917354026,590.69426917354031,620.66896000410861,1,10,10,462,692
61,10,19,LinearSubgradientAuction,0.1,0.08,,True,,1000,10800,cats_reg_g10b50,,False,CATS,50,regions,MultiMinded,61,Balance,14.760000000009313,756.948,3,553.212,307.67700000000002,756.948,751.12036108484222,658.81726108484224,665.25174424121451,1,10,1,399,599
62,10,20,LinearSubgradientAuction,0.1,0.08,,True,,1000,10800,cats_reg_g10b50,,False,CATS,50,regions,MultiMinded,50,Balance,12.559999999997672,962.414,4,839.979,365.63299999999998,959.2605000000001,933.95180610107627,787.69860610107617,846.01178430481968,1,10,16,420,630
63,10,20,LinearSubgradientAuction,0.1,0.08,,True,,1000,10800,cats_reg_g10b50,,False,CATS,50,regions,MultiMinded,41,Balance,10.319999999992433,966.8963000000001,4,783.33,502.36099999999999,966.8963000000001,950.56621780294699,756.32501055430623,775.82564290085236,1,10,4,420,630
64,10,24,LinearSubgradientAuction,0.1,0.08,,True,,1000,10800,cats_reg_g10b50,,False,CATS,50,regions,MultiMinded,63,Balance,18.779999999998836,784.4846,2,723.45,238.8545,784.4846,772.0442230838969,724.27332308389691,741.17027372885082,1,10,3,504,754
65,10,18,LinearSubgradientAuction,0.1,0.08,,True,,1000,10800,cats_reg_g10b50,,False,CATS,50,regions,MultiMinded,140,Balance,31.720000000001164,863.3610000000001,4,758.102,337.34500000000003,863.3610000000001,848.24437135696019,713.30637135696008,735.06285959483807,1,10,9,378,568
66,10,18,LinearSubgradientAuction,0.1,0.08,,True,,1000,10800,cats_reg_g10b50,,False,CATS,50,regions,MultiMinded,59,Balance,13.429999999993015,852.079,4,807.329,372.65700000000004,852.079,853.56059800979131,707.08405523186514,740.28189999999984,1,10,1,378,568
67,10,27,LinearSubgradientAuction,0.1,0.08,,True,,1000,10800,cats_reg_g10b50,,False,CATS,50,regions,MultiMinded,47,Balance,15.950000000011642,860.8598,2,789.183,223.39999999999998,860.8598,848.86994329471906,804.189943294719,816.17979999999989,1,10,0,567,847
68,10,20,LinearSubgradientAuction,0.1,0.08,,True,,1000,10800,cats_reg_g10b50,,False,CATS,50,regions,MultiMinded,55,Balance,13.80000000000291,535.1916,4,486.692,201.834,535.1916,526.11257484657222,445.37897484657225,456.50785852610028,1,10,1,420,630
69,10,20,LinearSubgradientAuction,0.1,0.08,,True,,1000,10800,cats_reg_g10b50,,False,CATS,50,regions,MultiMinded,44,Balance,10.990000000005239,550.5322,3,423.552,212.09399999999999,550.5322,527.14654374418149,463.51834374418149,486.904,1,10,0,420,630
70,10,18,LinearSubgradientAuction,0.1,0.08,,True,,1000,10800,cats_reg_g10b50,,False,CATS,50,regions,MultiMinded,1000,MaxIter,228.94000000000233,965.81,3,780.078,273.52800000000002,355.709,903.95232081902509,212.15175434276117,313.61179185706118,1,10,1,378,568
71,10,17,LinearSubgradientAuction,0.1,0.08,,True,,1000,10800,cats_reg_g10b50,,False,CATS,50,regions,MultiMinded,1000,MaxIter,217.94000000000233,745.048,1,745.048,330.73000000000002,405.35,779.07928380313444,0,5.7811940876862451,1,10,7,357,537
72,10,23,LinearSubgradientAuction,0.1,0.08,,True,,1000,10800,cats_reg_g10b50,,False,CATS,50,regions,MultiMinded,64,Balance,18.229999999995925,619.2275000000001,7,497.631,317.09799999999996,619.2275000000001,589.68689382303,367.71829382303008,397.25890000000004,1,10,0,483,723
73,10,20,LinearSubgradientAuction,0.1,0.08,,True,,1000,10800,cats_reg_g10b50,,False,CATS,50,regions,MultiMinded,1000,MaxIter,251.69000000000233,675.2625,2,656.76,362.82400000000001,632.221,711.93980465800132,608.20619514558689,608.20619514558689,1,10,20,420,630
74,10,26,LinearSubgradientAuction,0.1,0.08,,True,,1000,10800,cats_reg_g10b50,,False,CATS,50,regions,MultiMinded,37,Balance,11.839999999996508,942.6876,2,890.025,245.483,942.6876,939.66323835313506,890.56663835313486,900.67408235025118,1,10,5,546,816
75,10,15,LinearSubgradientAuction,0.1,0.08,,True,,1000,10800,cats_reg_g10b50,,False,CATS,50,regions,MultiMinded,29,Balance,5.440000000002328,986.353,5,977.088,450.65550000000002,986.353,962.39851882951041,781.28622991459076,850.72132255769361,1,10,15,315,475
76,10,22,LinearSubgradientAuction,0.1,0.08,,True,,1000,10800,cats_reg_g10b50,,False,CATS,50,regions,MultiMinded,55,Balance,14.970000000001164,900.434,6,820.61,441.17500000000001,900.434,879.19295790050364,614.48795790050349,663.04784828472816,1,10,7,462,692
77,10,19,LinearSubgradientAuction,0.1,0.08,,True,,1000,10800,cats_reg_g10b50,,False,CATS,50,regions,MultiMinded,156,Balance,37.44999999999709,505.8682,3,489.633,293.4085,505.8682,510.95786570737204,422.93531570737207,428.47172273138409,1,10,2,399,599
78,10,15,LinearSubgradientAuction,0.1,0.08,,True,,1000,10800,cats_reg_g10b50,,False,CATS,50,regions,MultiMinded,116,Balance,22.029999999998836,723.896,1,723.896,268.85500000000002,723.896,718.69304302246019,691.80754302246021,697.01049999999998,1,10,0,315,475
79,10,20,LinearSubgradientAuction,0.1,0.08,,True,,1000,10800,cats_reg_g10b50,,False,CATS,50,regions,MultiMinded,40,Balance,10.19999999999709,830.055,4,715.055,304.07849999999996,830.055,841.58107378737998,732.37098648031838,742.60827095944035,1,10,4,420,630
80,10,23,LinearSubgradientAuction,0.1,0.08,,True,,1000,10800,cats_reg_g10b50,,False,CATS,50,regions,MultiMinded,61,Balance,17.39999999999418,858.2552999999999,5,815.519,326.65449999999998,858.2552999999999,836.95645549942083,673.62920549942078,710.70411458601689,1,10,8,483,723
81,10,19,LinearSubgradientAuction,0.1,0.08,,True,,1000,10800,cats_reg_g10b50,,False,CATS,50,regions,MultiMinded,578,Balance,139.6600000000035,731.2354999999999,3,657.74,318.25649999999996,731.2354999999999,724.70406082207626,629.22711082207627,635.7585499999999,1,10,0,399,599
82,10,20,LinearSubgradientAuction,0.1,0.08,,True,,1000,10800,cats_reg_g10b50,,False,CATS,50,regions,MultiMinded,72,Balance,17.95999999999185,799.819,3,670.65,230.49700000000001,792.4733,768.8923068575333,699.74320685753321,743.05652749687511,1,10,3,420,630
83,10,18,LinearSubgradientAuction,0.1,0.08,,True,,1000,10800,cats_reg_g10b50,,False,CATS,50,regions,MultiMinded,57,Balance,12.85000000000582,778.391,3,740.964,303.2475,758.1800000000001,767.81081717077996,688.24683604947802,708.62294800171617,1,10,8,378,568
84,10,19,LinearSubgradientAuction,0.1,0.08,,True,,1000,10800,cats_reg_g10b50,,False,CATS,50,regions,MultiMinded,35,Balance,8.330000000001746,653.4665,4,531.36,233.98450000000003,653.4665,638.25293676135038,544.65913676135028,563.28699599135609,1,10,3,399,599
85,10,16,LinearSubgradientAuction,0.1,0.08,,True,,1000,10800,cats_reg_g10b50,,False,CATS,50,regions,MultiMinded,25,Balance,5.010000000009313,738.6202000000001,4,623.355,332.00099999999998,738.6202000000001,720.5385409354592,587.73814093545923,627.49410006234723,1,10,16,336,506
86,10,17,LinearSubgradientAuction,0.1,0.08,,True,,1000,10800,cats_reg_g10b50,,False,CATS,50,regions,MultiMinded,28,Balance,5.900000000008731,772.54,3,646.076,287.08299999999997,772.54,789.90186984613024,705.4708576322073,715.12340000000006,1,10,1,357,537
87,10,18,LinearSubgradientAuction,0.1,0.08,,True,,1000,10800,cats_reg_g10b50,,False,CATS,50,regions,MultiMinded,1000,MaxIter,230.05999999999767,883.32347,4,801.709,428.95349999999996,429.80577,939.0865805433109,383.05606890890016,384.69995922446202,1,10,8,378,568
88,10,20,LinearSubgradientAuction,0.1,0.08,,True,,1000,10800,cats_reg_g10b50,,False,CATS,50,regions,MultiMinded,39,Balance,9.680000000007567,662.7294999999999,4,622.783,332.80799999999999,662.7294999999999,635.77303524134823,502.64983524134823,529.60629999999992,1,10,0,420,630
89,10,26,LinearSubgradientAuction,0.1,0.08,,True,,1000,10800,cats_reg_g10b50,,False,CATS,50,regions,MultiMinded,1000,MaxIter,326.47000000000116,844.3882,4,703.836,361.93200000000002,654.4032,857.42134950754053,537.22705133794932,548.58489616464067,1,10,4,546,816
90,10,21,LinearSubgradientAuction,0.1,0.08,,True,,1000,10800,cats_reg_g10b50,,False,CATS,50,regions,MultiMinded,1000,MaxIter,262.00999999999476,1011.3232,5,890.879,348.79300000000001,585.2212,967.55769165813365,395.22635437017726,451.18916792963023,1,10,5,441,661
91,10,17,LinearSubgradientAuction,0.1,0.08,,True,,1000,10800,cats_reg_g10b50,,False,CATS,50,regions,MultiMinded,128,Balance,27.55000000000291,890.575,1,890.575,535.99700000000007,890.575,887.66600637484328,834.06630637484329,848.29118113895061,1,10,8,357,537
92,10,22,LinearSubgradientAuction,0.1,0.08,,True,,1000,10800,cats_reg_g10b50,,False,CATS,50,regions,MultiMinded,37,Balance,10.14999999999418,683.1735,2,627.133,263.76300000000003,683.1735,668.70836389418685,615.95576389418682,630.42089999999996,1,10,0,462,692
93,10,20,LinearSubgradientAuction,0.1,0.08,,True,,1000,10800,cats_reg_g10b50,,False,CATS,50,regions,MultiMinded,61,Balance,15.440000000002328,931.509,1,931.509,347.88099999999997,931.509,925.97479851569096,891.18669851569098,896.72090000000003,1,10,0,420,630
94,10,15,LinearSubgradientAuction,0.1,0.08,,True,,1000,10800,cats_reg_g10b50,,False,CATS,50,regions,MultiMinded,1000,MaxIter,191.56999999999243,772.037,5,770.337,295.54650000000004,442.3582,780.59608300713899,327.28593615203334,327.29641985075205,1,10,9,315,475
95,10,17,LinearSubgradientAuction,0.1,0.08,,True,,1000,10800,cats_reg_g10b50,,False,CATS,50,regions,MultiMinded,37,Balance,7.920000000012806,901.2369,3,849.224,408.67100000000005,901.2369,876.16152008642302,771.03358786516537,802.56680954182229,1,10,7,357,537
96,10,19,LinearSubgradientAuction,0.1,0.08,,True,,1000,10800,cats_reg_g10b50,,False,CATS,50,regions,MultiMinded,36,Balance,8.610000000000582,752.0848,3,651.493,368.70849999999996,752.0848,708.18868900378993,597.57613900378988,666.40478770324194,1,10,14,399,599
97,10,20,LinearSubgradientAuction,0.1,0.08,,True,,1000,10800,cats_reg_g10b50,,False,CATS,50,regions,MultiMinded,1000,MaxIter,254.20000000001164,657.92043,2,602.694,360.185,404.61343,696.05199486499475,0.0,0.14775954964147076,1,10,9,420,630
98,10,20,LinearSubgradientAuction,0.1,0.08,,True,,1000,10800,cats_reg_g10b50,,False,CATS,50,regions,MultiMinded,23,Balance,5.710000000006403,1047.5140999999999,4,870.711,386.798,1047.5140999999999,1007.2689706974459,852.54977069744575,892.79489999999998,1,10,0,420,630
99,10,22,LinearSubgradientAuction,0.1,0.08,,True,,1000,10800,cats_reg_g10b50,,False,CATS,50,regions,MultiMinded,70,Balance,19.319999999992433,1044.344,5,687.143,366.375,1044.344,1028.7267715555136,845.53927155551321,861.15649999999982,1,10,0,462,692
100,10,21,LinearSubgradientAuction,0.1,0.08,,True,,1000,10800,cats_reg_g10b50,,False,CATS,50,regions,MultiMinded,91,Balance,24.080000000001746,587.8678,2,515.864,141.49099999999999,587.8678,565.35696236751778,537.05876236751783,562.16227829138882,1,10,4,441,661
