idx,items,agents,auction_class,epsilon,stepc,epoch,scalebyvalue,reserve_type,maxiter,maxtime,generator_param_name,personalized,int_prices,generator,bids,distribution,type,rounds,status,runtime,efficient_value,final_num_winners,final_max_agent_value,final_scalevalue,final_value,final_total_price,final_revenue,final_indirect_util,final_price_degree,final_price_sparsity,final_imbalance,final_wd_nvars,final_wd_ncons
1,30,36,LinearSubgradientAuction,0.025,0.01,,True,,1000,10800,cats_reg_g30b150,,False,CATS,150,regions,MultiMinded,1000,MaxIter,1455.1499999999996,2502.8085,11,1712.02,630.28700000000003,1505.2224999999999,2161.8671039416504,1020.0984113079026,1394.5970704368956,1,29,19,2160,3234
2,30,38,LinearSubgradientAuction,0.025,0.01,,True,,1000,10800,cats_reg_g30b150,,False,CATS,150,regions,MultiMinded,1000,MaxIter,1578.67,2067.4249,5,1460.04,478.96600000000001,864.8339000000001,2076.1459597799321,770.4793263804886,817.59476541171659,1,30,8,2318,3488
3,30,36,LinearSubgradientAuction,0.025,0.01,,True,,1000,10800,cats_reg_g30b150,,False,CATS,150,regions,MultiMinded,1000,MaxIter,1447.0800000000004,2226.2472000000002,4,1961.0,494.50999999999999,2090.0159,2243.9896740751396,2026.963126266905,2053.701232144304,1,29,7,2160,3234
4,30,38,LinearSubgradientAuction,0.025,0.01,,True,,1000,10800,cats_reg_g30b150,,False,CATS,150,regions,MultiMinded,72,Balance,114.12999999999965,2004.9491999999998,12,1505.7,557.86300000000006,2004.9491999999998,1803.5870397339222,1648.7112222068931,1854.9675990584979,1,30,4,2318,3488
5,30,35,LinearSubgradientAuction,0.025,0.01,,True,,1000,10800,cats_reg_g30b150,,False,CATS,150,regions,MultiMinded,1000,MaxIter,1444.1999999999998,1864.626,8,1703.97,505.12049999999999,1150.069,1842.3765759736821,1030.5646115348409,1074.7787711880628,1,30,7,2135,3215
6,30,35,LinearSubgradientAuction,0.025,0.01,,True,,1000,10800,cats_reg_g30b150,,False,CATS,150,regions,MultiMinded,1000,MaxIter,1453.2200000000003,2116.0368,7,1959.83,614.52500000000009,1262.9458,2241.1866147300161,1200.1275986646353,1203.0616704725328,1,30,20,2135,3215
7,30,35,LinearSubgradientAuction,0.025,0.01,,True,,1000,10800,cats_reg_g30b150,,False,CATS,150,regions,MultiMinded,1000,MaxIter,1458.5200000000004,2031.9575,6,1330.11,558.39999999999998,970.8465,1932.4329939232803,797.07472841385515,925.20526984454614,1,30,18,2135,3215
8,30,35,LinearSubgradientAuction,0.025,0.01,,True,,1000,10800,cats_reg_g30b150,,False,CATS,150,regions,MultiMinded,1000,MaxIter,1455.29,2027.57669,9,1379.5,642.28750000000002,1100.64669,1872.3022198381,804.39264847354968,1002.9935489020818,1,30,4,2135,3215
9,30,36,LinearSubgradientAuction,0.025,0.01,,True,,1000,10800,cats_reg_g30b150,,False,CATS,150,regions,MultiMinded,1000,MaxIter,1430.7400000000002,1859.5272999999997,2,1542.29,443.88650000000001,106.8809,1812.199581295338,0.0,104.16526669202528,1,28,27,2124,3162
10,30,34,LinearSubgradientAuction,0.025,0.01,,True,,1000,10800,cats_reg_g30b150,,False,CATS,150,regions,MultiMinded,1000,MaxIter,1393.5499999999997,2566.974,8,2112.56,626.02300000000002,2350.625,2457.3027526231544,2003.2201781381598,2257.4218708846206,1,29,11,2040,3056
11,30,36,LinearSubgradientAuction,0.025,0.01,,True,,1000,10800,cats_reg_g30b150,,False,CATS,150,regions,MultiMinded,718,Balance,1083.1200000000003,2431.6115,5,2098.81,721.22149999999999,2431.6115,2272.3362243754277,2191.3437953478906,2374.3447358596209,1,30,41,2196,3306
12,30,32,LinearSubgradientAuction,0.025,0.01,,True,,1000,10800,cats_reg_g30b150,,False,CATS,150,regions,MultiMinded,1000,MaxIter,1283.7999999999997,1865.81568,4,1645.15,855.13049999999998,217.31878,1860.853045386664,0.0,152.3464763373986,1,29,26,1920,2878
13,30,35,LinearSubgradientAuction,0.025,0.01,,True,,1000,10800,cats_reg_g30b150,,False,CATS,150,regions,MultiMinded,1000,MaxIter,1468.67,1773.5022000000001,6,1494.31,678.60900000000004,921.3965000000001,1724.6478325783246,314.68557136511942,484.73331602623705,1,30,19,2135,3215
14,30,32,LinearSubgradientAuction,0.025,0.01,,True,,1000,10800,cats_reg_g30b150,,False,CATS,150,regions,MultiMinded,1000,MaxIter,1328.58,1980.1873000000003,6,1559.99,631.08900000000006,1598.9547,1866.3066679029428,1352.0229188516275,1560.9098673709157,1,30,15,1952,2942
15,30,36,LinearSubgradientAuction,0.025,0.01,,True,,1000,10800,cats_reg_g30b150,,False,CATS,150,regions,MultiMinded,38,Balance,55.149999999999636,2512.4141000000004,4,2312.23,781.00699999999995,2512.4141000000004,2334.0366670211388,2277.7112004664987,2474.4751152243275,1,30,3,2196,3306
16,30,34,LinearSubgradientAuction,0.025,0.01,,True,,1000,10800,cats_reg_g30b150,,False,CATS,150,regions,MultiMinded,1000,MaxIter,1353.1599999999999,1929.452,7,1789.44,584.255,1068.4095000000002,1955.4748751166335,944.48736662043791,1017.5255984776925,1,28,15,2006,2988
17,30,33,LinearSubgradientAuction,0.025,0.01,,True,,1000,10800,cats_reg_g30b150,,False,CATS,150,regions,MultiMinded,841,Balance,1161.0500000000002,1934.7395999999999,7,1626.95,730.93200000000002,1934.7395999999999,1860.7438625497307,1747.2195964580819,1823.3929586002641,1,30,48,2013,3033
18,30,34,LinearSubgradientAuction,0.025,0.01,,True,,1000,10800,cats_reg_g30b150,,False,CATS,150,regions,MultiMinded,1000,MaxIter,1388.4499999999998,2504.1384,5,1818.33,781.33600000000001,2297.8333000000002,2375.0717397756648,281.61435943608342,424.06399740699317,1,29,9,2040,3056
19,30,36,LinearSubgradientAuction,0.025,0.01,,True,,1000,10800,cats_reg_g30b150,,False,CATS,150,regions,MultiMinded,810,Balance,1181.9100000000008,2560.7110000000002,12,1508.06,549.71399999999994,2557.321,2025.9823356498789,1882.2282664758734,2427.5252327044968,1,29,7,2160,3234
20,30,37,LinearSubgradientAuction,0.025,0.01,,True,,1000,10800,cats_reg_g30b150,,False,CATS,150,regions,MultiMinded,1000,MaxIter,1524.5299999999997,1801.7813999999998,4,1490.47,395.125,768.7731,1801.1285264493436,231.35799379270793,290.33733596240131,1,30,17,2257,3397
21,30,33,LinearSubgradientAuction,0.025,0.01,,True,,1000,10800,cats_reg_g30b150,,False,CATS,150,regions,MultiMinded,1000,MaxIter,1386.96,1553.7635,3,1374.19,778.39550000000008,304.9535,1529.8624585970063,46.00167308479449,152.70264503703331,1,30,25,2013,3033
22,30,38,LinearSubgradientAuction,0.025,0.01,,True,,1000,10800,cats_reg_g30b150,,False,CATS,150,regions,MultiMinded,1000,MaxIter,1543.1999999999998,2312.252,6,2123.59,638.69949999999994,1335.44,2405.1017444536869,1230.7381140458947,1257.6931839600391,1,29,7,2280,3412
23,30,38,LinearSubgradientAuction,0.025,0.01,,True,,1000,10800,cats_reg_g30b150,,False,CATS,150,regions,MultiMinded,858,Balance,1359.25,2354.8725,7,1818.1,597.00800000000004,2354.8725,2107.3120267031582,2022.4944626509318,2284.9570778548477,1,30,3,2318,3488
24,30,35,LinearSubgradientAuction,0.025,0.01,,True,,1000,10800,cats_reg_g30b150,,False,CATS,150,regions,MultiMinded,1000,MaxIter,1468.33,1892.4884,11,1241.36,538.58849999999995,1318.8878,1727.2054093133447,947.78607701398846,1210.2357111654528,1,30,13,2135,3215
25,30,33,LinearSubgradientAuction,0.025,0.01,,True,,1000,10800,cats_reg_g30b150,,False,CATS,150,regions,MultiMinded,1000,MaxIter,1333.2600000000002,1741.0822999999998,6,1538.41,861.41849999999999,1164.9992999999997,1695.9499619017938,984.11509318609706,1116.6722297190465,1,29,50,1980,2967
26,30,34,LinearSubgradientAuction,0.025,0.01,,True,,1000,10800,cats_reg_g30b150,,False,CATS,150,regions,MultiMinded,1000,MaxIter,1416.21,2008.668,9,1919.5,424.82100000000003,1227.9563999999998,2033.0697598578986,1078.3144409861195,1172.8359257352849,1,30,18,2074,3124
27,30,32,LinearSubgradientAuction,0.025,0.01,,True,,1000,10800,cats_reg_g30b150,,False,CATS,150,regions,MultiMinded,1000,MaxIter,1295.71,2175.2061,5,1890.21,644.31150000000002,1012.93,2305.4878951591609,997.19767265842961,997.51841535229903,1,29,22,1920,2878
28,30,37,LinearSubgradientAuction,0.025,0.01,,True,,1000,10800,cats_reg_g30b150,,False,CATS,150,regions,MultiMinded,1000,MaxIter,1539.7300000000005,2040.43179,6,1615.6,517.23699999999997,757.5419999999999,1964.966891387096,582.64042939268381,710.14161061100344,1,30,19,2257,3397
29,30,33,LinearSubgradientAuction,0.025,0.01,,True,,1000,10800,cats_reg_g30b150,,False,CATS,150,regions,MultiMinded,1000,MaxIter,1385.71,2111.632,7,1854.64,708.57899999999995,1440.21,2014.537352546025,874.1236327680665,1154.8628703706086,1,30,17,2013,3033
30,30,35,LinearSubgradientAuction,0.025,0.01,,True,,1000,10800,cats_reg_g30b150,,False,CATS,150,regions,MultiMinded,1000,MaxIter,1410.87,2323.0769999999998,11,1594.17,462.18150000000003,1572.5511999999999,2144.3311958719232,1243.3004306788591,1483.6778732171633,1,29,14,2100,3145
31,30,34,LinearSubgradientAuction,0.025,0.01,,True,,1000,10800,cats_reg_g30b150,,False,CATS,150,regions,MultiMinded,1000,MaxIter,1374.2799999999997,2659.4860000000003,6,2167.09,585.07799999999997,1684.993,2587.1685017592672,1506.4353071261171,1628.3961604206422,1,29,3,2040,3056
32,30,37,LinearSubgradientAuction,0.025,0.01,,True,,1000,10800,cats_reg_g30b150,,False,CATS,150,regions,MultiMinded,1000,MaxIter,1546.0500000000002,1999.8556999999998,6,1545.46,522.50199999999995,413.9537,1920.3108610953523,234.76754787705022,352.70817305430495,1,30,21,2257,3397
33,30,37,LinearSubgradientAuction,0.025,0.01,,True,,1000,10800,cats_reg_g30b150,,False,CATS,150,regions,MultiMinded,1000,MaxIter,1486.17,1805.9524000000001,7,1582.17,487.50400000000002,980.9506,1636.8580526904511,725.6149660901583,928.56945505841099,1,29,14,2220,3323
34,30,39,LinearSubgradientAuction,0.025,0.01,,True,,1000,10800,cats_reg_g30b150,,False,CATS,150,regions,MultiMinded,1000,MaxIter,1637.6000000000004,1983.6001999999999,8,1564.76,623.41200000000003,841.6214,2063.5314645825847,749.34549390705115,750.13605162733029,1,30,26,2379,3579
35,30,38,LinearSubgradientAuction,0.025,0.01,,True,,1000,10800,cats_reg_g30b150,,False,CATS,150,regions,MultiMinded,1000,MaxIter,1539.5100000000002,2341.4052,6,1755.59,637.298,2055.1477999999997,2288.876225810794,926.55530849424918,1115.6266098097094,1,29,10,2280,3412
36,30,33,LinearSubgradientAuction,0.025,0.01,,True,,1000,10800,cats_reg_g30b150,,False,CATS,150,regions,MultiMinded,1000,MaxIter,1387.5900000000001,2136.9992,10,1693.26,587.83249999999998,1497.679,2177.3435454383643,1355.2938832603727,1429.2985699510839,1,30,45,2013,3033
37,30,34,LinearSubgradientAuction,0.025,0.01,,True,,1000,10800,cats_reg_g30b150,,False,CATS,150,regions,MultiMinded,1000,MaxIter,1409.4299999999994,1991.3467,10,1812.59,701.23299999999995,1620.3692999999998,1958.5196359755751,1352.3178950142981,1503.7679057651858,1,30,22,2074,3124
38,30,40,LinearSubgradientAuction,0.025,0.01,,True,,1000,10800,cats_reg_g30b150,,False,CATS,150,regions,MultiMinded,308,Balance,510.0,2724.0288,6,2153.9,576.38300000000004,2724.0288,2402.15643150912,2330.1085565091198,2652.3765654899653,1,29,6,2400,3590
39,30,30,LinearSubgradientAuction,0.025,0.01,,True,,1000,10800,cats_reg_g30b150,,False,CATS,150,regions,MultiMinded,1000,MaxIter,1244.9899999999998,1968.0602,7,1918.66,764.726,1725.4922,2036.4972015216422,1512.5188125874799,1652.824550993377,1,30,37,1830,2760
40,30,33,LinearSubgradientAuction,0.025,0.01,,True,,1000,10800,cats_reg_g30b150,,False,CATS,150,regions,MultiMinded,155,Balance,215.17000000000007,1942.0583000000001,4,1674.34,688.69799999999998,1942.0583000000001,1908.4519606159388,1839.8992927072118,1890.4059499999998,1,30,1,2013,3033
41,30,35,LinearSubgradientAuction,0.025,0.01,,True,,1000,10800,cats_reg_g30b150,,False,CATS,150,regions,MultiMinded,1000,MaxIter,1454.1100000000006,1877.7214099999999,7,1423.29,646.35299999999995,878.5149099999999,1853.1481317125224,724.48409984885791,789.68323231654631,1,30,13,2135,3215
42,30,32,LinearSubgradientAuction,0.025,0.01,,True,,1000,10800,cats_reg_g30b150,,False,CATS,150,regions,MultiMinded,1000,MaxIter,1324.1499999999996,2111.841,3,1703.5,646.17399999999998,1896.7069999999999,2251.6921143538584,1816.3980033786127,1860.8066366259884,1,30,5,1952,2942
43,30,40,LinearSubgradientAuction,0.025,0.01,,True,,1000,10800,cats_reg_g30b150,,False,CATS,150,regions,MultiMinded,1000,MaxIter,1671.92,2446.7208,14,1927.69,685.90899999999999,1304.0937,2134.9653785086234,835.89408548607082,1152.9357227912819,1,30,32,2440,3670
44,30,35,LinearSubgradientAuction,0.025,0.01,,True,,1000,10800,cats_reg_g30b150,,False,CATS,150,regions,MultiMinded,1000,MaxIter,1412.0500000000002,1711.1515999999997,7,1299.51,651.40899999999999,941.2446,1591.7555988722531,697.81772862429341,872.24164153047104,1,29,23,2100,3145
45,30,38,LinearSubgradientAuction,0.025,0.01,,True,,1000,10800,cats_reg_g30b150,,False,CATS,150,regions,MultiMinded,1000,MaxIter,1546.5,2034.5094,11,1828.07,742.07299999999998,1217.2418999999998,2088.3741875158844,1120.5263140535385,1126.6449390714654,1,29,44,2280,3412
46,30,31,LinearSubgradientAuction,0.025,0.01,,True,,1000,10800,cats_reg_g30b150,,False,CATS,150,regions,MultiMinded,26,Balance,32.26000000000022,2564.0325000000003,4,2373.4,807.26099999999997,2564.0325000000003,2460.1057378354189,2391.4885528354193,2518.3704607996801,1,30,3,1891,2851
47,30,37,LinearSubgradientAuction,0.025,0.01,,True,,1000,10800,cats_reg_g30b150,,False,CATS,150,regions,MultiMinded,1000,MaxIter,1524.4300000000003,2233.1322,7,1669.44,664.97900000000004,814.9872,1984.5424203656476,215.6051671954032,493.25912491699842,1,29,23,2220,3323
48,30,35,LinearSubgradientAuction,0.025,0.01,,True,,1000,10800,cats_reg_g30b150,,False,CATS,150,regions,MultiMinded,1000,MaxIter,1449.0699999999988,2069.4358,7,1826.01,556.24350000000004,706.6749,2024.5811994570474,478.37109164600201,653.2025402064121,1,30,17,2135,3215
49,30,30,LinearSubgradientAuction,0.025,0.01,,True,,1000,10800,cats_reg_g30b150,,False,CATS,150,regions,MultiMinded,1000,MaxIter,1240.789999999999,1979.7895999999998,10,1594.07,673.82600000000002,1630.6209999999999,1981.317250932103,1430.4752837409396,1529.3430510010203,1,30,55,1830,2760
50,30,33,LinearSubgradientAuction,0.025,0.01,,True,,1000,10800,cats_reg_g30b150,,False,CATS,150,regions,MultiMinded,1000,MaxIter,1370.1500000000005,2110.6722999999997,6,1335.35,460.47550000000001,1377.5393,2000.3645346298249,225.25258309712447,473.02781476286862,1,30,13,2013,3033
51,30,37,LinearSubgradientAuction,0.025,0.01,,True,,1000,10800,cats_reg_g30b150,,False,CATS,150,regions,MultiMinded,1000,MaxIter,1475.5299999999997,2245.4244000000003,5,1882.26,597.73699999999997,660.9984,2203.1371109080314,531.25472469496628,620.55969516651294,1,28,21,2183,3249
52,30,32,LinearSubgradientAuction,0.025,0.01,,True,,1000,10800,cats_reg_g30b150,,False,CATS,150,regions,MultiMinded,954,Balance,1217.3199999999997,1756.6213,7,1409.87,556.45500000000004,1756.6213,1644.0782377717233,1547.3389384153684,1673.7553590535792,1,29,8,1920,2878
53,30,34,LinearSubgradientAuction,0.025,0.01,,True,,1000,10800,cats_reg_g30b150,,False,CATS,150,regions,MultiMinded,1000,MaxIter,1420.6999999999998,2325.6629000000003,10,1796.97,570.23000000000002,1462.3334,2168.842108704891,1132.5760043278181,1356.422860973114,1,30,12,2074,3124
54,30,37,LinearSubgradientAuction,0.025,0.01,,True,,1000,10800,cats_reg_g30b150,,False,CATS,150,regions,MultiMinded,1000,MaxIter,1555.6299999999992,2355.424,9,2152.9,670.553,1221.353,2243.2386228995924,1015.8575416256153,1147.2622283624014,1,30,23,2257,3397
55,30,33,LinearSubgradientAuction,0.025,0.01,,True,,1000,10800,cats_reg_g30b150,,False,CATS,150,regions,MultiMinded,1000,MaxIter,1381.9899999999998,2078.1524999999997,10,1352.37,548.28150000000005,1352.6525,2045.716567492766,1182.1843131596079,1244.8370241444636,1,30,17,2013,3033
56,30,39,LinearSubgradientAuction,0.025,0.01,,True,,1000,10800,cats_reg_g30b150,,False,CATS,150,regions,MultiMinded,1000,MaxIter,1589.2199999999993,1893.3772000000004,10,1498.24,591.42200000000003,1516.4492,1740.3643092708121,1222.4014859085537,1414.365972821231,1,29,10,2340,3501
57,30,36,LinearSubgradientAuction,0.025,0.01,,True,,1000,10800,cats_reg_g30b150,,False,CATS,150,regions,MultiMinded,1000,MaxIter,1498.119999999999,1899.5301999999997,7,1604.44,621.16750000000002,753.6139000000001,1877.5014743298807,587.89078411018272,677.18121903466965,1,30,11,2196,3306
58,30,36,LinearSubgradientAuction,0.025,0.01,,True,,1000,10800,cats_reg_g30b150,,False,CATS,150,regions,MultiMinded,1000,MaxIter,1486.369999999999,2429.6093,7,2057.42,832.86300000000006,1215.2953000000002,2287.1673367025278,914.27153132511978,1108.8594708852233,1,30,9,2196,3306
59,30,39,LinearSubgradientAuction,0.025,0.01,,True,,1000,10800,cats_reg_g30b150,,False,CATS,150,regions,MultiMinded,1000,MaxIter,1624.5599999999995,2064.9126,7,1772.9,622.28800000000001,893.7375999999999,2027.9227317650898,681.83455559947276,803.3554421400122,1,30,15,2379,3579
60,30,35,LinearSubgradientAuction,0.025,0.01,,True,,1000,10800,cats_reg_g30b150,,False,CATS,150,regions,MultiMinded,1000,MaxIter,1395.17,1956.0875,9,1842.74,450.80399999999997,1663.8595,1908.8274542155818,1516.2424772467086,1601.9644095907111,1,28,26,2065,3075
61,30,37,LinearSubgradientAuction,0.025,0.01,,True,,1000,10800,cats_reg_g30b150,,False,CATS,150,regions,MultiMinded,1000,MaxIter,1537.869999999999,1951.6029999999998,6,1560.47,530.9905,714.2886000000001,1845.0797738277679,173.64403671180554,338.44719890296062,1,30,25,2257,3397
62,30,34,LinearSubgradientAuction,0.025,0.01,,True,,1000,10800,cats_reg_g30b150,,False,CATS,150,regions,MultiMinded,997,Balance,1399.3899999999994,1978.0167,7,1737.89,582.94900000000007,1978.0167,1796.5124252812052,1706.1902457771205,1902.2333299999998,1,30,1,2074,3124
63,30,30,LinearSubgradientAuction,0.025,0.01,,True,,1000,10800,cats_reg_g30b150,,False,CATS,150,regions,MultiMinded,903,Balance,1108.5299999999988,2547.4234,6,1821.34,869.476,2547.4234,2310.8680935848179,2201.5497587247819,2459.6688183843462,1,30,16,1830,2760
64,30,34,LinearSubgradientAuction,0.025,0.01,,True,,1000,10800,cats_reg_g30b150,,False,CATS,150,regions,MultiMinded,1000,MaxIter,1415.7600000000002,2427.9729,5,1844.14,792.92899999999997,1218.5764000000001,2240.3675260410446,113.99354383674367,369.93493180527497,1,30,25,2074,3124
65,30,36,LinearSubgradientAuction,0.025,0.01,,True,,1000,10800,cats_reg_g30b150,,False,CATS,150,regions,MultiMinded,1000,MaxIter,1483.1299999999992,2209.3287,6,1779.98,732.52250000000004,501.2577,2072.2986398272074,222.21080164628111,427.74075920758253,1,29,23,2160,3234
66,30,30,LinearSubgradientAuction,0.025,0.01,,True,,1000,10800,cats_reg_g30b150,,False,CATS,150,regions,MultiMinded,243,Balance,292.21999999999935,2387.3904,3,2290.03,553.03500000000008,2387.3904,2311.2301080948359,2276.1452822779647,2364.5857473191268,1,29,4,1800,2700
67,30,41,LinearSubgradientAuction,0.025,0.01,,True,,1000,10800,cats_reg_g30b150,,False,CATS,150,regions,MultiMinded,1000,MaxIter,1702.1000000000004,2130.5865999999996,10,1569.3,447.20299999999997,1666.6935999999998,2092.2863723958453,1407.5843111172753,1581.5895303700008,1,29,18,2460,3679
68,30,34,LinearSubgradientAuction,0.025,0.01,,True,,1000,10800,cats_reg_g30b150,,False,CATS,150,regions,MultiMinded,1000,MaxIter,1414.7000000000007,1871.0335999999998,3,1491.62,623.48450000000003,253.27729999999997,1794.2219224275277,71.132603497694291,192.69823255942293,1,30,24,2074,3124
69,30,34,LinearSubgradientAuction,0.025,0.01,,True,,1000,10800,cats_reg_g30b150,,False,CATS,150,regions,MultiMinded,109,Balance,151.82999999999993,2248.1536,8,1918.69,909.28949999999998,2248.1536,2093.8237035786078,1930.1515935786072,2084.4814899999992,1,29,0,2040,3056
70,30,32,LinearSubgradientAuction,0.025,0.01,,True,,1000,10800,cats_reg_g30b150,,False,CATS,150,regions,MultiMinded,1000,MaxIter,1326.0,2074.3614,10,1794.89,671.03600000000006,967.673,2009.6682523365666,708.97741093797276,867.80411470750835,1,30,35,1952,2942
71,30,30,LinearSubgradientAuction,0.025,0.01,,True,,1000,10800,cats_reg_g30b150,,False,CATS,150,regions,MultiMinded,1000,MaxIter,1201.1299999999992,2107.4125,7,1919.92,672.68100000000004,1239.811,2150.8941368116493,787.5710437530297,919.25871449824467,1,29,16,1800,2700
72,30,35,LinearSubgradientAuction,0.025,0.01,,True,,1000,10800,cats_reg_g30b150,,False,CATS,150,regions,MultiMinded,1000,MaxIter,1445.050000000001,1946.4843000000003,10,1216.53,554.09649999999999,1550.4403,1884.094968697395,1262.0575952025608,1465.8625566551857,1,30,21,2135,3215
73,30,35,LinearSubgradientAuction,0.025,0.01,,True,,1000,10800,cats_reg_g30b150,,False,CATS,150,regions,MultiMinded,1000,MaxIter,1438.8400000000001,1852.6272999999999,7,1445.38,663.03899999999999,662.195,1680.9443804266534,294.03838518268969,578.38975414934112,1,30,19,2135,3215
74,30,31,LinearSubgradientAuction,0.025,0.01,,True,,1000,10800,cats_reg_g30b150,,False,CATS,150,regions,MultiMinded,1000,MaxIter,1272.5,2020.0417,4,1744.34,781.83899999999994,1114.4580999999998,2019.568285635379,879.13799050430634,1060.9284642526059,1,30,15,1891,2851
75,30,39,LinearSubgradientAuction,0.025,0.01,,True,,1000,10800,cats_reg_g30b150,,False,CATS,150,regions,MultiMinded,1000,MaxIter,1639.75,2549.9302,7,1890.83,637.39099999999996,1240.1842,2426.1758260769539,346.27456413906481,573.00356142463136,1,30,22,2379,3579
76,30,36,LinearSubgradientAuction,0.025,0.01,,True,,1000,10800,cats_reg_g30b150,,False,CATS,150,regions,MultiMinded,1000,MaxIter,1489.5400000000009,1970.4382,5,1633.82,405.01099999999997,1905.435,2039.0663913552958,1818.1004532104098,1865.0163609286847,1,30,3,2196,3306
77,30,34,LinearSubgradientAuction,0.025,0.01,,True,,1000,10800,cats_reg_g30b150,,False,CATS,150,regions,MultiMinded,1000,MaxIter,1402.8099999999995,1646.3148,8,1576.38,831.28949999999998,633.695,1659.5399000316816,530.5357215706415,530.82518392545035,1,30,21,2074,3124
78,30,34,LinearSubgradientAuction,0.025,0.01,,True,,1000,10800,cats_reg_g30b150,,False,CATS,150,regions,MultiMinded,1000,MaxIter,1399.7600000000002,2412.1546,8,1881.66,768.41550000000007,1419.3890999999999,2411.0594937494579,1173.5286181154959,1330.7528398417005,1,29,18,2040,3056
79,30,29,LinearSubgradientAuction,0.025,0.01,,True,,1000,10800,cats_reg_g30b150,,False,CATS,150,regions,MultiMinded,1000,MaxIter,1181.3199999999997,2267.359,4,2060.3,919.01300000000003,1991.648,2261.4811050872072,479.61492374968361,618.62079413336039,1,29,22,1740,2611
80,30,37,LinearSubgradientAuction,0.025,0.01,,True,,1000,10800,cats_reg_g30b150,,False,CATS,150,regions,MultiMinded,1000,MaxIter,1517.6899999999987,2112.5864,4,1592.54,576.49599999999998,275.2344,1996.3445032377208,74.862307101869376,247.78452957208327,1,30,24,2257,3397
81,30,33,LinearSubgradientAuction,0.025,0.01,,True,,1000,10800,cats_reg_g30b150,,False,CATS,150,regions,MultiMinded,1000,MaxIter,1388.8400000000001,1652.215,7,1316.69,725.81600000000003,684.1756,1771.8789374400335,628.9715291286135,632.53800163503206,1,30,34,2013,3033
82,30,35,LinearSubgradientAuction,0.025,0.01,,True,,1000,10800,cats_reg_g30b150,,False,CATS,150,regions,MultiMinded,1000,MaxIter,1455.9400000000005,2109.0315,6,1900.31,619.13249999999994,1240.1954,2254.5285885322401,1112.1019853179282,1174.4725345092884,1,30,15,2135,3215
83,30,32,LinearSubgradientAuction,0.025,0.01,,True,,1000,10800,cats_reg_g30b150,,False,CATS,150,regions,MultiMinded,737,Balance,972.8500000000004,2576.43019,8,2027.96,1059.6700000000001,2576.43019,2527.1065376418837,2342.4416387730735,2418.1150731817102,1,30,1,1952,2942
84,30,34,LinearSubgradientAuction,0.025,0.01,,True,,1000,10800,cats_reg_g30b150,,False,CATS,150,regions,MultiMinded,1000,MaxIter,1419.7600000000002,1983.6759000000002,5,1485.27,650.14099999999996,619.9498000000001,1866.980650972833,303.50175622856386,525.45889999999997,1,30,23,2074,3124
85,30,33,LinearSubgradientAuction,0.025,0.01,,True,,1000,10800,cats_reg_g30b150,,False,CATS,150,regions,MultiMinded,411,Balance,547.8799999999992,1650.3177,6,1136.81,534.83399999999995,1650.3177,1600.5268009724962,1538.0031095601576,1592.0832680567439,1,29,23,1980,2967
86,30,37,LinearSubgradientAuction,0.025,0.01,,True,,1000,10800,cats_reg_g30b150,,False,CATS,150,regions,MultiMinded,642,Balance,978.0199999999986,2073.2363,5,1605.13,504.47649999999999,2073.2363,1902.8016878782707,1840.1748977962857,2022.4858673769534,1,30,9,2257,3397
87,30,34,LinearSubgradientAuction,0.025,0.01,,True,,1000,10800,cats_reg_g30b150,,False,CATS,150,regions,MultiMinded,1000,MaxIter,1382.2299999999996,2161.5317,9,1611.82,461.19499999999999,1466.4077000000002,2177.5407964863634,1248.8551956271415,1408.4414846407954,1,29,16,2040,3056
88,30,35,LinearSubgradientAuction,0.025,0.01,,True,,1000,10800,cats_reg_g30b150,,False,CATS,150,regions,MultiMinded,1000,MaxIter,1457.130000000001,1960.6723,10,1579.4,529.16499999999996,1607.8273,1923.4130310031035,1441.8141281217224,1512.1623107176208,1,30,25,2135,3215
89,30,40,LinearSubgradientAuction,0.025,0.01,,True,,1000,10800,cats_reg_g30b150,,False,CATS,150,regions,MultiMinded,75,Balance,121.30000000000109,2103.4608,12,1324.86,455.78500000000003,2103.4608,1669.9980941713593,1561.0006958860977,1994.7826815098483,1,29,12,2400,3590
90,30,36,LinearSubgradientAuction,0.025,0.01,,True,,1000,10800,cats_reg_g30b150,,False,CATS,150,regions,MultiMinded,1000,MaxIter,1477.9099999999999,2252.2093,8,1749.09,686.99800000000005,2213.4293,2142.4335549100142,1968.3511500539269,2114.2460195770213,1,29,6,2160,3234
91,30,37,LinearSubgradientAuction,0.025,0.01,,True,,1000,10800,cats_reg_g30b150,,False,CATS,150,regions,MultiMinded,1000,MaxIter,1511.2599999999984,2533.4677,12,1557.05,605.50300000000004,1813.092,2120.7222850320613,1299.1790907409438,1747.9494414964056,1,29,14,2220,3323
92,30,37,LinearSubgradientAuction,0.025,0.01,,True,,1000,10800,cats_reg_g30b150,,False,CATS,150,regions,MultiMinded,1000,MaxIter,1535.7600000000002,2087.0795,11,1557.29,467.12700000000001,1717.2435,1972.7775268761193,1477.3619240142837,1625.8889379943789,1,30,35,2257,3397
93,30,34,LinearSubgradientAuction,0.025,0.01,,True,,1000,10800,cats_reg_g30b150,,False,CATS,150,regions,MultiMinded,1000,MaxIter,1390.5599999999995,2220.4165999999996,5,1477.09,531.97949999999992,1675.0327,2096.3024730603202,289.41059843024857,435.11654145372381,1,30,18,2074,3124
94,30,33,LinearSubgradientAuction,0.025,0.01,,True,,1000,10800,cats_reg_g30b150,,False,CATS,150,regions,MultiMinded,1000,MaxIter,1330.449999999999,2089.1439,9,1850.23,583.02999999999997,1327.2549000000001,2044.2534199648076,1126.0752115803366,1281.7827554012397,1,29,20,1980,2967
95,30,36,LinearSubgradientAuction,0.025,0.01,,True,,1000,10800,cats_reg_g30b150,,False,CATS,150,regions,MultiMinded,1000,MaxIter,1484.8100000000013,2218.1557,8,1747.55,732.99250000000006,1095.754,2181.2937081969671,886.68637029970489,1006.2528759101745,1,30,38,2196,3306
96,30,33,LinearSubgradientAuction,0.025,0.01,,True,,1000,10800,cats_reg_g30b150,,False,CATS,150,regions,MultiMinded,1000,MaxIter,1384.67,1873.9284000000002,9,1690.89,555.43200000000002,1674.5593999999999,1913.4691533984699,1299.1327271132805,1363.3455290095915,1,30,14,2013,3033
97,30,37,LinearSubgradientAuction,0.025,0.01,,True,,1000,10800,cats_reg_g30b150,,False,CATS,150,regions,MultiMinded,605,Balance,909.0200000000004,1853.4531000000002,11,1334.16,635.36699999999996,1853.4531000000002,1780.2767809613538,1615.4857728816962,1704.2691435463539,1,29,9,2220,3323
98,30,36,LinearSubgradientAuction,0.025,0.01,,True,,1000,10800,cats_reg_g30b150,,False,CATS,150,regions,MultiMinded,413,Balance,606.380000000001,2779.0163,9,2131.76,620.35799999999995,2779.0163,2722.0461978380213,2592.5899196662258,2664.8718845409599,1,29,33,2160,3234
99,30,37,LinearSubgradientAuction,0.025,0.01,,True,,1000,10800,cats_reg_g30b150,,False,CATS,150,regions,MultiMinded,1000,MaxIter,1521.1499999999996,2286.8288000000002,5,1573.72,543.00099999999998,1829.9517999999998,2267.6372353912707,1632.7071465167307,1785.7943720828875,1,29,5,2220,3323
100,30,32,LinearSubgradientAuction,0.025,0.01,,True,,1000,10800,cats_reg_g30b150,,False,CATS,150,regions,MultiMinded,1000,MaxIter,1307.67,1906.0085,11,1496.95,591.39400000000001,1848.2125,1829.8144233318383,1619.2865294264413,1722.5162589351878,1,30,56,1952,2942
