idx,items,agents,auction_class,epsilon,stepc,epoch,scalebyvalue,reserve_type,maxiter,maxtime,generator_param_name,personalized,int_prices,generator,bids,distribution,type,rounds,status,runtime,efficient_value,final_num_winners,final_max_agent_value,final_scalevalue,final_value,final_total_price,final_revenue,final_indirect_util,final_price_degree,final_price_sparsity,final_imbalance,final_wd_nvars,final_wd_ncons
1,30,36,LinearSubgradientAuction,0.2,0.01,,True,,1000,10800,cats_reg_g30b150,,False,CATS,150,regions,MultiMinded,94,Balance,136.33000000000175,2502.8085,10,1712.02,630.28700000000003,2502.8085,2163.4699459107292,1657.3447464224353,2099.9004123731797,1,29,12,2160,3234
2,30,38,LinearSubgradientAuction,0.2,0.01,,True,,1000,10800,cats_reg_g30b150,,False,CATS,150,regions,MultiMinded,29,Balance,45.08999999999651,2067.4249,7,1460.04,478.96600000000001,2067.4249,2128.7114956077667,1655.1435740638647,1741.1381175307201,1,30,13,2318,3488
3,30,36,LinearSubgradientAuction,0.2,0.01,,True,,1000,10800,cats_reg_g30b150,,False,CATS,150,regions,MultiMinded,1000,MaxIter,1470.2600000000093,2226.2472000000002,4,1961.0,494.50999999999999,2090.0159,2243.9896740751396,1862.8715821443041,1889.6096880217033,1,29,7,2160,3234
4,30,38,LinearSubgradientAuction,0.2,0.01,,True,,1000,10800,cats_reg_g30b150,,False,CATS,150,regions,MultiMinded,32,Balance,49.91000000000349,2004.9491999999998,10,1505.7,557.86300000000006,1943.4932000000001,1807.7321688924994,974.84014463733865,1204.7122003777181,1,30,3,2318,3488
5,30,35,LinearSubgradientAuction,0.2,0.01,,True,,1000,10800,cats_reg_g30b150,,False,CATS,150,regions,MultiMinded,425,Balance,617.6900000000023,1864.626,3,1703.97,505.12049999999999,1833.126,1823.3209124845798,1574.6941399532495,1661.0177084714094,1,30,4,2135,3215
6,30,35,LinearSubgradientAuction,0.2,0.01,,True,,1000,10800,cats_reg_g30b150,,False,CATS,150,regions,MultiMinded,1000,MaxIter,1450.1399999999994,2116.0368,7,1959.83,614.52500000000009,1262.9458,2241.1866147300161,819.59084227925769,822.52491408715514,1,30,20,2135,3215
7,30,35,LinearSubgradientAuction,0.2,0.01,,True,,1000,10800,cats_reg_g30b150,,False,CATS,150,regions,MultiMinded,122,Balance,176.8799999999901,2031.9575,6,1330.11,558.39999999999998,2031.9575,1932.1476848175776,1388.1267171544864,1556.6637425213739,1,30,12,2135,3215
8,30,35,LinearSubgradientAuction,0.2,0.01,,True,,1000,10800,cats_reg_g30b150,,False,CATS,150,regions,MultiMinded,73,Balance,103.94999999999709,2027.57669,9,1379.5,642.28750000000002,1953.3486899999998,1831.6045926716506,1290.1246668696722,1612.0528053791538,1,30,23,2135,3215
9,30,36,LinearSubgradientAuction,0.2,0.01,,True,,1000,10800,cats_reg_g30b150,,False,CATS,150,regions,MultiMinded,85,Balance,119.58000000000175,1859.5272999999997,9,1542.29,443.88650000000001,1761.4186,1855.4153214496191,1337.3028410336171,1447.9851991114037,1,28,18,2124,3162
10,30,34,LinearSubgradientAuction,0.2,0.01,,True,,1000,10800,cats_reg_g30b150,,False,CATS,150,regions,MultiMinded,1000,MaxIter,1384.5299999999988,2566.974,8,2112.56,626.02300000000002,2350.625,2457.3027526231544,1414.3662507646111,1668.5679435110717,1,29,11,2040,3056
11,30,36,LinearSubgradientAuction,0.2,0.01,,True,,1000,10800,cats_reg_g30b150,,False,CATS,150,regions,MultiMinded,20,Balance,29.119999999995343,2431.6115,5,2098.81,721.22149999999999,2431.6115,2359.8628775553311,1944.1413259159874,2155.0758727940215,1,30,7,2196,3306
12,30,32,LinearSubgradientAuction,0.2,0.01,,True,,1000,10800,cats_reg_g30b150,,False,CATS,150,regions,MultiMinded,1000,MaxIter,1293.8600000000006,1865.81568,4,1645.15,855.13049999999998,217.31878,1860.853045386664,0.0,152.3464763373986,1,29,26,1920,2878
13,30,35,LinearSubgradientAuction,0.2,0.01,,True,,1000,10800,cats_reg_g30b150,,False,CATS,150,regions,MultiMinded,1000,MaxIter,1457.1900000000023,1773.5022000000001,6,1494.31,678.60900000000004,921.3965000000001,1724.6478325783246,73.524325244704784,243.57206990582239,1,30,19,2135,3215
14,30,32,LinearSubgradientAuction,0.2,0.01,,True,,1000,10800,cats_reg_g30b150,,False,CATS,150,regions,MultiMinded,944,Balance,1252.2100000000064,1980.1873000000003,7,1559.99,631.08900000000006,1901.0967000000003,1863.5367910996119,1362.1362436651129,1577.1767953736162,1,30,29,1952,2942
15,30,36,LinearSubgradientAuction,0.2,0.01,,True,,1000,10800,cats_reg_g30b150,,False,CATS,150,regions,MultiMinded,8,Balance,10.809999999997672,2512.4141000000004,5,2312.23,781.00699999999995,2483.6781000000005,2319.1830987819217,2041.1114125172323,2272.1213640733449,1,29,2,2160,3234
16,30,34,LinearSubgradientAuction,0.2,0.01,,True,,1000,10800,cats_reg_g30b150,,False,CATS,150,regions,MultiMinded,51,Balance,67.25999999999476,1929.452,10,1789.44,584.255,1923.897,2003.8991379530714,1264.2633431796071,1367.2137318128455,1,28,25,2006,2988
17,30,33,LinearSubgradientAuction,0.2,0.01,,True,,1000,10800,cats_reg_g30b150,,False,CATS,150,regions,MultiMinded,76,Balance,104.19000000000233,1934.7395999999999,9,1626.95,730.93200000000002,1775.1355000000003,1869.6509847823986,1046.6682464044661,1175.5129471478083,1,30,36,2013,3033
18,30,34,LinearSubgradientAuction,0.2,0.01,,True,,1000,10800,cats_reg_g30b150,,False,CATS,150,regions,MultiMinded,46,Balance,62.44000000000233,2504.1384,5,1818.33,781.33600000000001,2480.9184,2370.797661266161,1918.7363434490646,2098.9797804955238,1,29,8,2040,3056
19,30,36,LinearSubgradientAuction,0.2,0.01,,True,,1000,10800,cats_reg_g30b150,,False,CATS,150,regions,MultiMinded,31,Balance,43.89999999999418,2560.7110000000002,12,1508.06,549.71399999999994,2557.321,2009.9171512944977,1139.7538452550673,1777.7063048451087,1,29,6,2160,3234
20,30,37,LinearSubgradientAuction,0.2,0.01,,True,,1000,10800,cats_reg_g30b150,,False,CATS,150,regions,MultiMinded,1000,MaxIter,1525.3399999999965,1801.7813999999998,4,1490.47,395.125,768.7731,1801.1285264493436,86.559441700974702,145.53878387066808,1,30,17,2257,3397
21,30,33,LinearSubgradientAuction,0.2,0.01,,True,,1000,10800,cats_reg_g30b150,,False,CATS,150,regions,MultiMinded,187,Balance,256.0300000000134,1553.7635,6,1374.19,778.39550000000008,1460.0635,1530.3310408691384,990.47429279829839,1155.9550682966706,1,30,80,2013,3033
22,30,38,LinearSubgradientAuction,0.2,0.01,,True,,1000,10800,cats_reg_g30b150,,False,CATS,150,regions,MultiMinded,58,Balance,88.47000000000116,2312.252,9,2123.59,638.69949999999994,2312.252,2411.8778817616517,1536.4668894544939,1624.7941637360436,1,29,10,2280,3412
23,30,38,LinearSubgradientAuction,0.2,0.01,,True,,1000,10800,cats_reg_g30b150,,False,CATS,150,regions,MultiMinded,80,Balance,126.0399999999936,2354.8725,8,1818.1,597.00800000000004,2354.8725,2162.8718293911006,1706.6506719046104,2011.4300125920722,1,30,3,2318,3488
24,30,35,LinearSubgradientAuction,0.2,0.01,,True,,1000,10800,cats_reg_g30b150,,False,CATS,150,regions,MultiMinded,1000,MaxIter,1464.820000000007,1892.4884,11,1241.36,538.58849999999995,1318.8878,1727.2054093133447,599.28553982727465,861.73517397873889,1,30,13,2135,3215
25,30,33,LinearSubgradientAuction,0.2,0.01,,True,,1000,10800,cats_reg_g30b150,,False,CATS,150,regions,MultiMinded,1000,MaxIter,1333.6399999999994,1741.0822999999998,6,1538.41,861.41849999999999,1164.9992999999997,1695.9499619017938,789.50433971904658,922.06147625199605,1,29,50,1980,2967
26,30,34,LinearSubgradientAuction,0.2,0.01,,True,,1000,10800,cats_reg_g30b150,,False,CATS,150,regions,MultiMinded,1000,MaxIter,1399.4600000000064,2008.668,9,1919.5,424.82100000000003,1227.9563999999998,2033.0697598578986,841.36619131525811,935.88767606442354,1,30,18,2074,3124
27,30,32,LinearSubgradientAuction,0.2,0.01,,True,,1000,10800,cats_reg_g30b150,,False,CATS,150,regions,MultiMinded,1000,MaxIter,1279.699999999997,2175.2061,5,1890.21,644.31150000000002,1012.93,2305.4878951591609,884.44316015842958,884.763902852299,1,29,22,1920,2878
28,30,37,LinearSubgradientAuction,0.2,0.01,,True,,1000,10800,cats_reg_g30b150,,False,CATS,150,regions,MultiMinded,1000,MaxIter,1549.7900000000081,2040.43179,6,1615.6,517.23699999999997,757.5419999999999,1964.966891387096,377.12100404166983,504.62218525998952,1,30,19,2257,3397
29,30,33,LinearSubgradientAuction,0.2,0.01,,True,,1000,10800,cats_reg_g30b150,,False,CATS,150,regions,MultiMinded,156,Balance,215.4899999999907,2111.632,12,1854.64,708.57899999999995,2106.752,1993.5745441603485,968.12122579855372,1312.0408553955604,1,30,68,2013,3033
30,30,35,LinearSubgradientAuction,0.2,0.01,,True,,1000,10800,cats_reg_g30b150,,False,CATS,150,regions,MultiMinded,1000,MaxIter,1424.159999999989,2323.0769999999998,11,1594.17,462.18150000000003,1572.5511999999999,2144.3311958719232,721.90733917666466,962.28478171496886,1,29,14,2100,3145
31,30,34,LinearSubgradientAuction,0.2,0.01,,True,,1000,10800,cats_reg_g30b150,,False,CATS,150,regions,MultiMinded,189,Balance,263.40999999998894,2659.4860000000003,7,2167.09,585.07799999999997,2659.4860000000003,2610.0565790080645,2002.5505003100677,2151.7508695268361,1,29,8,2040,3056
32,30,37,LinearSubgradientAuction,0.2,0.01,,True,,1000,10800,cats_reg_g30b150,,False,CATS,150,regions,MultiMinded,1000,MaxIter,1552.699999999997,1999.8556999999998,6,1545.46,522.50199999999995,413.9537,1920.3108610953523,5.3531498819042156,123.29377505915896,1,30,21,2257,3397
33,30,37,LinearSubgradientAuction,0.2,0.01,,True,,1000,10800,cats_reg_g30b150,,False,CATS,150,regions,MultiMinded,211,Balance,308.6900000000023,1805.9524000000001,9,1582.17,487.50400000000002,1714.1745999999998,1655.8964357025145,1124.8354741326323,1333.8825350943982,1,28,12,2183,3249
34,30,39,LinearSubgradientAuction,0.2,0.01,,True,,1000,10800,cats_reg_g30b150,,False,CATS,150,regions,MultiMinded,392,Balance,642.4300000000076,1983.6001999999999,9,1564.76,623.41200000000003,1888.5729000000001,2059.5283104112732,1166.4499429405,1181.5690147575888,1,30,15,2379,3579
35,30,38,LinearSubgradientAuction,0.2,0.01,,True,,1000,10800,cats_reg_g30b150,,False,CATS,150,regions,MultiMinded,1000,MaxIter,1563.9400000000023,2341.4052,6,1755.59,637.298,2055.1477999999997,2288.876225810794,653.01215555155045,842.08345686701068,1,29,10,2280,3412
36,30,33,LinearSubgradientAuction,0.2,0.01,,True,,1000,10800,cats_reg_g30b150,,False,CATS,150,regions,MultiMinded,556,Balance,764.9199999999983,2136.9992,8,1693.26,587.83249999999998,2088.638,2177.4056351615031,1304.7286227185441,1377.640981656559,1,30,9,2013,3033
37,30,34,LinearSubgradientAuction,0.2,0.01,,True,,1000,10800,cats_reg_g30b150,,False,CATS,150,regions,MultiMinded,1000,MaxIter,1426.5,1991.3467,10,1812.59,701.23299999999995,1620.3692999999998,1958.5196359755751,938.68566251932953,1090.1356732702172,1,30,22,2074,3124
38,30,40,LinearSubgradientAuction,0.2,0.01,,True,,1000,10800,cats_reg_g30b150,,False,CATS,150,regions,MultiMinded,173,Balance,285.24000000000524,2724.0288,6,2153.9,576.38300000000004,2632.9038,2408.4448270687817,2023.1395812815986,2349.689944311614,1,29,2,2400,3590
39,30,30,LinearSubgradientAuction,0.2,0.01,,True,,1000,10800,cats_reg_g30b150,,False,CATS,150,regions,MultiMinded,1000,MaxIter,1230.0299999999988,1968.0602,7,1918.66,764.726,1725.4922,2036.4972015216422,1066.7497890133982,1207.0555274192952,1,30,37,1830,2760
40,30,33,LinearSubgradientAuction,0.2,0.01,,True,,1000,10800,cats_reg_g30b150,,False,CATS,150,regions,MultiMinded,28,Balance,37.53000000001339,1942.0583000000001,4,1674.34,688.69799999999998,1942.0583000000001,1947.3695018494709,1577.075786849276,1630.5701551212151,1,30,16,2013,3033
41,30,35,LinearSubgradientAuction,0.2,0.01,,True,,1000,10800,cats_reg_g30b150,,False,CATS,150,regions,MultiMinded,297,Balance,427.6999999999971,1877.7214099999999,9,1423.29,646.35299999999995,1751.6444999999999,1850.6171594190726,1088.9578513397832,1168.4154373990175,1,30,36,2135,3215
42,30,32,LinearSubgradientAuction,0.2,0.01,,True,,1000,10800,cats_reg_g30b150,,False,CATS,150,regions,MultiMinded,1000,MaxIter,1319.0100000000093,2111.841,3,1703.5,646.17399999999998,1896.7069999999999,2251.6921143538584,1590.2371033786128,1634.6457366259885,1,30,5,1952,2942
43,30,40,LinearSubgradientAuction,0.2,0.01,,True,,1000,10800,cats_reg_g30b150,,False,CATS,150,regions,MultiMinded,1000,MaxIter,1671.8500000000058,2446.7208,14,1927.69,685.90899999999999,1304.0937,2134.9653785086234,113.41966920852488,430.46130651373596,1,30,32,2440,3670
44,30,35,LinearSubgradientAuction,0.2,0.01,,True,,1000,10800,cats_reg_g30b150,,False,CATS,150,regions,MultiMinded,169,Balance,241.95999999999185,1711.1515999999997,9,1299.51,651.40899999999999,1510.7366,1588.722448922033,796.34124239503944,989.09648047246617,1,29,32,2100,3145
45,30,38,LinearSubgradientAuction,0.2,0.01,,True,,1000,10800,cats_reg_g30b150,,False,CATS,150,regions,MultiMinded,39,Balance,60.580000000001746,2034.5094,8,1828.07,742.07299999999998,1968.1259,2122.3551002227332,1308.1014040016719,1371.1589295468254,1,29,23,2280,3412
46,30,31,LinearSubgradientAuction,0.2,0.01,,True,,1000,10800,cats_reg_g30b150,,False,CATS,150,regions,MultiMinded,16,Balance,19.49000000000524,2564.0325000000003,5,2373.4,807.26099999999997,2506.8117,2465.0026572873189,2140.3038874984104,2293.5111962472524,1,30,4,1891,2851
47,30,37,LinearSubgradientAuction,0.2,0.01,,True,,1000,10800,cats_reg_g30b150,,False,CATS,150,regions,MultiMinded,81,Balance,121.7899999999936,2233.1322,9,1669.44,664.97900000000004,2233.1322,1991.9712266939093,1536.185612544959,1877.6833845777464,1,29,28,2220,3323
48,30,35,LinearSubgradientAuction,0.2,0.01,,True,,1000,10800,cats_reg_g30b150,,False,CATS,150,regions,MultiMinded,1000,MaxIter,1442.199999999997,2069.4358,7,1826.01,556.24350000000004,706.6749,2024.5811994570474,265.34534359106021,440.17679215147035,1,30,17,2135,3215
49,30,30,LinearSubgradientAuction,0.2,0.01,,True,,1000,10800,cats_reg_g30b150,,False,CATS,150,regions,MultiMinded,86,Balance,106.36000000000058,1979.7895999999998,10,1594.07,673.82600000000002,1718.8669999999997,1988.5551510499829,1163.0795484042926,1293.5529662346003,1,30,38,1830,2760
50,30,33,LinearSubgradientAuction,0.2,0.01,,True,,1000,10800,cats_reg_g30b150,,False,CATS,150,regions,MultiMinded,1000,MaxIter,1382.4700000000012,2110.6722999999997,6,1335.35,460.47550000000001,1377.5393,2000.3645346298249,118.95320121104416,366.72843287678825,1,30,13,2013,3033
51,30,37,LinearSubgradientAuction,0.2,0.01,,True,,1000,10800,cats_reg_g30b150,,False,CATS,150,regions,MultiMinded,602,Balance,887.3700000000099,2245.4244000000003,7,1882.26,597.73699999999997,2245.4244000000003,2211.248176261528,1653.3060337023753,1743.1750183012011,1,28,27,2183,3249
52,30,32,LinearSubgradientAuction,0.2,0.01,,True,,1000,10800,cats_reg_g30b150,,False,CATS,150,regions,MultiMinded,59,Balance,75.81999999999243,1756.6213,7,1409.87,556.45500000000004,1756.6213,1727.7073110499784,1185.7681867846193,1325.7746890903313,1,29,11,1920,2878
53,30,34,LinearSubgradientAuction,0.2,0.01,,True,,1000,10800,cats_reg_g30b150,,False,CATS,150,regions,MultiMinded,236,Balance,334.1499999999942,2325.6629000000003,12,1796.97,570.23000000000002,2221.4774,2174.2827603256437,1133.0318893185233,1379.0173178404125,1,30,26,2074,3124
54,30,37,LinearSubgradientAuction,0.2,0.01,,True,,1000,10800,cats_reg_g30b150,,False,CATS,150,regions,MultiMinded,52,Balance,78.8700000000099,2355.424,7,2152.9,670.553,2355.424,2288.2492057612244,1779.9784343297506,1980.9242229627462,1,30,6,2257,3397
55,30,33,LinearSubgradientAuction,0.2,0.01,,True,,1000,10800,cats_reg_g30b150,,False,CATS,150,regions,MultiMinded,79,Balance,107.65000000000873,2078.1524999999997,11,1352.37,548.28150000000005,2078.1524999999997,2105.2553150754015,1202.8877629509325,1283.9597961799307,1,30,18,2013,3033
56,30,39,LinearSubgradientAuction,0.2,0.01,,True,,1000,10800,cats_reg_g30b150,,False,CATS,150,regions,MultiMinded,1000,MaxIter,1598.6900000000023,1893.3772000000004,10,1498.24,591.42200000000003,1516.4492,1740.3643092708121,671.8192547843978,863.78374169707513,1,29,10,2340,3501
57,30,36,LinearSubgradientAuction,0.2,0.01,,True,,1000,10800,cats_reg_g30b150,,False,CATS,150,regions,MultiMinded,762,Balance,1146.9100000000035,1899.5301999999997,9,1604.44,621.16750000000002,1651.6739,1878.437598771432,1160.6421065706345,1252.7521078456298,1,30,27,2196,3306
58,30,36,LinearSubgradientAuction,0.2,0.01,,True,,1000,10800,cats_reg_g30b150,,False,CATS,150,regions,MultiMinded,51,Balance,76.16999999999825,2429.6093,6,2057.42,832.86300000000006,2429.6093,2390.3085841914426,1788.1589941042491,1990.1967775171215,1,30,13,2196,3306
59,30,39,LinearSubgradientAuction,0.2,0.01,,True,,1000,10800,cats_reg_g30b150,,False,CATS,150,regions,MultiMinded,305,Balance,501.1100000000006,2064.9126,8,1772.9,622.28800000000001,2035.9265,2074.2945488790178,1331.8843185651763,1452.8410925888963,1,30,4,2379,3579
60,30,35,LinearSubgradientAuction,0.2,0.01,,True,,1000,10800,cats_reg_g30b150,,False,CATS,150,regions,MultiMinded,50,Balance,68.33999999999651,1956.0875,9,1842.74,450.80399999999997,1937.2965,1904.5175655454921,1344.6011582532724,1481.9692187565988,1,28,34,2065,3075
61,30,37,LinearSubgradientAuction,0.2,0.01,,True,,1000,10800,cats_reg_g30b150,,False,CATS,150,regions,MultiMinded,85,Balance,128.90999999998894,1951.6029999999998,9,1560.47,530.9905,1903.8015999999998,1779.011433481221,1289.906268656518,1582.9591478627844,1,29,9,2220,3323
62,30,34,LinearSubgradientAuction,0.2,0.01,,True,,1000,10800,cats_reg_g30b150,,False,CATS,150,regions,MultiMinded,117,Balance,163.61000000000058,1978.0167,8,1737.89,582.94900000000007,1978.0167,1896.053667816436,1270.0895097456346,1495.4178388368769,1,30,6,2074,3124
63,30,30,LinearSubgradientAuction,0.2,0.01,,True,,1000,10800,cats_reg_g30b150,,False,CATS,150,regions,MultiMinded,111,Balance,133.88999999999942,2547.4234,6,1821.34,869.476,2547.4234,2352.8763139403227,1846.7851797560479,2121.8645195943136,1,29,20,1800,2700
64,30,34,LinearSubgradientAuction,0.2,0.01,,True,,1000,10800,cats_reg_g30b150,,False,CATS,150,regions,MultiMinded,59,Balance,82.75,2427.9729,9,1844.14,792.92899999999997,2323.2766,2214.3801305825477,1535.2392875640417,1851.4843557731747,1,30,18,2074,3124
65,30,36,LinearSubgradientAuction,0.2,0.01,,True,,1000,10800,cats_reg_g30b150,,False,CATS,150,regions,MultiMinded,123,Balance,181.2899999999936,2209.3287,11,1779.98,732.52250000000004,2134.5853,2053.3325006254099,1284.475788830714,1558.6274353559161,1,29,24,2160,3234
66,30,30,LinearSubgradientAuction,0.2,0.01,,True,,1000,10800,cats_reg_g30b150,,False,CATS,150,regions,MultiMinded,22,Balance,26.05999999999767,2387.3904,3,2290.03,553.03500000000008,2387.3904,2328.731911104926,2173.1284651319593,2342.250320565322,1,29,3,1800,2700
67,30,41,LinearSubgradientAuction,0.2,0.01,,True,,1000,10800,cats_reg_g30b150,,False,CATS,150,regions,MultiMinded,1000,MaxIter,1699.3499999999913,2130.5865999999996,10,1569.3,447.20299999999997,1666.6935999999998,2092.2863723958453,1010.5266558177883,1184.5318750705139,1,29,18,2460,3679
68,30,34,LinearSubgradientAuction,0.2,0.01,,True,,1000,10800,cats_reg_g30b150,,False,CATS,150,regions,MultiMinded,247,Balance,345.6900000000023,1871.0335999999998,9,1491.62,623.48450000000003,1777.1895,1796.518671612474,1099.9622770277047,1222.1097614353798,1,30,33,2074,3124
69,30,34,LinearSubgradientAuction,0.2,0.01,,True,,1000,10800,cats_reg_g30b150,,False,CATS,150,regions,MultiMinded,95,Balance,132.69000000000233,2248.1536,11,1918.69,909.28949999999998,1882.7896,2085.0685325859449,995.29090560458144,1166.6853935967467,1,29,31,2040,3056
70,30,32,LinearSubgradientAuction,0.2,0.01,,True,,1000,10800,cats_reg_g30b150,,False,CATS,150,regions,MultiMinded,681,Balance,902.3099999999977,2074.3614,8,1794.89,671.03600000000006,2074.3614,2009.6259822751867,1352.8430700886991,1515.1725606307418,1,30,20,1952,2942
71,30,30,LinearSubgradientAuction,0.2,0.01,,True,,1000,10800,cats_reg_g30b150,,False,CATS,150,regions,MultiMinded,244,Balance,295.2700000000041,2107.4125,8,1919.92,672.68100000000004,1965.8809999999999,2164.6380878829382,1393.1557770651962,1540.5641657841725,1,29,14,1800,2700
72,30,35,LinearSubgradientAuction,0.2,0.01,,True,,1000,10800,cats_reg_g30b150,,False,CATS,150,regions,MultiMinded,361,Balance,527.5399999999936,1946.4843000000003,12,1216.53,554.09649999999999,1742.4382999999998,1889.7568175689532,1019.2263248406207,1234.3742278475206,1,30,19,2135,3215
73,30,35,LinearSubgradientAuction,0.2,0.01,,True,,1000,10800,cats_reg_g30b150,,False,CATS,150,regions,MultiMinded,1000,MaxIter,1465.3699999999953,1852.6272999999999,7,1445.38,663.03899999999999,662.195,1680.9443804266534,155.21573117317701,439.56710013982837,1,30,19,2135,3215
74,30,31,LinearSubgradientAuction,0.2,0.01,,True,,1000,10800,cats_reg_g30b150,,False,CATS,150,regions,MultiMinded,1000,MaxIter,1281.0800000000017,2020.0417,4,1744.34,781.83899999999994,1114.4580999999998,2019.568285635379,714.53580269155873,896.32627643985825,1,30,15,1891,2851
75,30,39,LinearSubgradientAuction,0.2,0.01,,True,,1000,10800,cats_reg_g30b150,,False,CATS,150,regions,MultiMinded,1000,MaxIter,1625.7599999999948,2549.9302,7,1890.83,637.39099999999996,1240.1842,2426.1758260769539,160.22120142317812,386.95019870874467,1,30,22,2379,3579
76,30,36,LinearSubgradientAuction,0.2,0.01,,True,,1000,10800,cats_reg_g30b150,,False,CATS,150,regions,MultiMinded,622,Balance,933.6100000000006,1970.4382,7,1633.82,405.01099999999997,1957.2915,2036.1201576717006,1531.2808014969319,1589.6786142737683,1,30,8,2196,3306
77,30,34,LinearSubgradientAuction,0.2,0.01,,True,,1000,10800,cats_reg_g30b150,,False,CATS,150,regions,MultiMinded,41,Balance,57.13000000000466,1646.3148,7,1576.38,831.28949999999998,1563.2302,1723.7720904063856,857.03149873390544,895.53471256343005,1,30,9,2074,3124
78,30,34,LinearSubgradientAuction,0.2,0.01,,True,,1000,10800,cats_reg_g30b150,,False,CATS,150,regions,MultiMinded,210,Balance,290.65000000000873,2412.1546,10,1881.66,768.41550000000007,2359.0766,2402.3777514022077,1373.5888403527415,1564.8071527303164,1,29,19,2040,3056
79,30,29,LinearSubgradientAuction,0.2,0.01,,True,,1000,10800,cats_reg_g30b150,,False,CATS,150,regions,MultiMinded,304,Balance,356.6999999999971,2267.359,9,2060.3,919.01300000000003,2151.6229999999996,2254.5014495372534,1131.0151661147536,1311.5892085741489,1,29,48,1740,2611
80,30,37,LinearSubgradientAuction,0.2,0.01,,True,,1000,10800,cats_reg_g30b150,,False,CATS,150,regions,MultiMinded,453,Balance,681.5,2112.5864,7,1592.54,576.49599999999998,2001.116,1995.3130503390512,1483.0237863442358,1656.7050381827103,1,29,25,2220,3323
81,30,33,LinearSubgradientAuction,0.2,0.01,,True,,1000,10800,cats_reg_g30b150,,False,CATS,150,regions,MultiMinded,1000,MaxIter,1392.699999999997,1652.215,7,1316.69,725.81600000000003,684.1756,1771.8789374400335,342.76259681168801,346.32906931810658,1,30,34,2013,3033
82,30,35,LinearSubgradientAuction,0.2,0.01,,True,,1000,10800,cats_reg_g30b150,,False,CATS,150,regions,MultiMinded,1000,MaxIter,1450.699999999997,2109.0315,6,1900.31,619.13249999999994,1240.1954,2254.5285885322401,817.64174350586393,880.01229269722398,1,30,15,2135,3215
83,30,32,LinearSubgradientAuction,0.2,0.01,,True,,1000,10800,cats_reg_g30b150,,False,CATS,150,regions,MultiMinded,25,Balance,32.529999999998836,2576.43019,6,2027.96,1059.6700000000001,2571.7672000000002,2678.9983053935439,1746.488705393544,1823.8873104060458,1,30,4,1952,2942
84,30,34,LinearSubgradientAuction,0.2,0.01,,True,,1000,10800,cats_reg_g30b150,,False,CATS,150,regions,MultiMinded,1000,MaxIter,1418.659999999989,1983.6759000000002,5,1485.27,650.14099999999996,619.9498000000001,1866.980650972833,138.87510356903732,360.83224734047343,1,30,23,2074,3124
85,30,33,LinearSubgradientAuction,0.2,0.01,,True,,1000,10800,cats_reg_g30b150,,False,CATS,150,regions,MultiMinded,18,Balance,23.369999999995343,1650.3177,6,1136.81,534.83399999999995,1650.3177,1635.6034330560983,1217.2652933638369,1322.632571516483,1,29,4,1980,2967
86,30,37,LinearSubgradientAuction,0.2,0.01,,True,,1000,10800,cats_reg_g30b150,,False,CATS,150,regions,MultiMinded,29,Balance,43.669999999998254,2073.2363,7,1605.13,504.47649999999999,2073.2363,1959.2172675795537,1509.377637045503,1746.9607979732561,1,30,13,2257,3397
87,30,34,LinearSubgradientAuction,0.2,0.01,,True,,1000,10800,cats_reg_g30b150,,False,CATS,150,regions,MultiMinded,1000,MaxIter,1401.699999999997,2161.5317,9,1611.82,461.19499999999999,1466.4077000000002,2177.5407964863634,895.10358562731426,1054.6898746409681,1,29,16,2040,3056
88,30,35,LinearSubgradientAuction,0.2,0.01,,True,,1000,10800,cats_reg_g30b150,,False,CATS,150,regions,MultiMinded,186,Balance,270.0599999999977,1960.6723,10,1579.4,529.16499999999996,1865.7401,1926.4137316969534,1126.597077840863,1249.3219555761075,1,30,8,2135,3215
89,30,40,LinearSubgradientAuction,0.2,0.01,,True,,1000,10800,cats_reg_g30b150,,False,CATS,150,regions,MultiMinded,55,Balance,89.13999999999942,2103.4608,12,1324.86,455.78500000000003,2051.8125,1674.8948767163156,968.82403620623438,1406.9202226676034,1,29,3,2400,3590
90,30,36,LinearSubgradientAuction,0.2,0.01,,True,,1000,10800,cats_reg_g30b150,,False,CATS,150,regions,MultiMinded,63,Balance,91.44999999999709,2252.2093,8,1749.09,686.99800000000005,2252.2093,2130.3898579582001,1428.6162242110447,1657.8584642095498,1,29,2,2160,3234
91,30,37,LinearSubgradientAuction,0.2,0.01,,True,,1000,10800,cats_reg_g30b150,,False,CATS,150,regions,MultiMinded,30,Balance,43.81999999999243,2533.4677,11,1557.05,605.50300000000004,2524.7637,2228.1132310523835,1518.2116881800684,2017.6656963937173,1,29,14,2220,3323
92,30,37,LinearSubgradientAuction,0.2,0.01,,True,,1000,10800,cats_reg_g30b150,,False,CATS,150,regions,MultiMinded,314,Balance,480.09000000001106,2087.0795,10,1557.29,467.12700000000001,2016.8539,1951.3496221549037,1293.9550158957986,1477.807850808588,1,30,17,2257,3397
93,30,34,LinearSubgradientAuction,0.2,0.01,,True,,1000,10800,cats_reg_g30b150,,False,CATS,150,regions,MultiMinded,86,Balance,117.75,2220.4165999999996,9,1477.09,531.97949999999992,2160.0827,2101.9129238061087,1375.0829447286319,1569.9295853449034,1,29,11,2040,3056
94,30,33,LinearSubgradientAuction,0.2,0.01,,True,,1000,10800,cats_reg_g30b150,,False,CATS,150,regions,MultiMinded,209,Balance,278.72000000000116,2089.1439,10,1850.23,583.02999999999997,1908.8909,2063.1921745889335,1280.7787067494467,1447.1258869625126,1,29,33,1980,2967
95,30,36,LinearSubgradientAuction,0.2,0.01,,True,,1000,10800,cats_reg_g30b150,,False,CATS,150,regions,MultiMinded,55,Balance,81.52000000000407,2218.1557,9,1747.55,732.99250000000006,2218.1557,2218.5566260520045,1381.5318987093578,1549.9301403994593,1,30,17,2196,3306
96,30,33,LinearSubgradientAuction,0.2,0.01,,True,,1000,10800,cats_reg_g30b150,,False,CATS,150,regions,MultiMinded,1000,MaxIter,1376.8399999999965,1873.9284000000002,9,1690.89,555.43200000000002,1674.5593999999999,1913.4691533984699,833.63842464743288,897.85122654374391,1,30,14,2013,3033
97,30,37,LinearSubgradientAuction,0.2,0.01,,True,,1000,10800,cats_reg_g30b150,,False,CATS,150,regions,MultiMinded,48,Balance,70.91999999999825,1853.4531000000002,12,1334.16,635.36699999999996,1690.6291,1776.3408029108095,660.896041937375,805.58039596388551,1,29,27,2220,3323
98,30,36,LinearSubgradientAuction,0.2,0.01,,True,,1000,10800,cats_reg_g30b150,,False,CATS,150,regions,MultiMinded,89,Balance,130.0500000000029,2779.0163,9,2131.76,620.35799999999995,2779.0163,2800.9196744163091,1808.1373243743308,1906.9019421974415,1,29,17,2160,3234
99,30,37,LinearSubgradientAuction,0.2,0.01,,True,,1000,10800,cats_reg_g30b150,,False,CATS,150,regions,MultiMinded,1000,MaxIter,1511.5399999999936,2286.8288000000002,5,1573.72,543.00099999999998,1829.9517999999998,2267.6372353912707,1347.6316215167308,1500.7188470828876,1,29,5,2220,3323
100,30,32,LinearSubgradientAuction,0.2,0.01,,True,,1000,10800,cats_reg_g30b150,,False,CATS,150,regions,MultiMinded,22,Balance,28.19000000000233,1906.0085,11,1496.95,591.39400000000001,1903.6245000000001,1737.2004331381977,947.74266737889923,1272.7987338033929,1,30,13,1952,2942
