idx,items,agents,auction_class,epsilon,stepc,epoch,scalebyvalue,reserve_type,maxiter,maxtime,generator_param_name,personalized,int_prices,generator,bids,distribution,type,rounds,status,runtime,efficient_value,final_num_winners,final_max_agent_value,final_scalevalue,final_value,final_total_price,final_revenue,final_indirect_util,final_price_degree,final_price_sparsity,final_imbalance,final_wd_nvars,final_wd_ncons
1,30,36,LinearSubgradientAuction,0.05,0.01,,True,,1000,10800,cats_reg_g30b150,,False,CATS,150,regions,MultiMinded,1000,MaxIter,1466.5699999999997,2502.8085,11,1712.02,630.28700000000003,1505.2224999999999,2161.8671039416504,917.18245783615328,1291.6811169651462,1,29,19,2160,3234
2,30,38,LinearSubgradientAuction,0.05,0.01,,True,,1000,10800,cats_reg_g30b150,,False,CATS,150,regions,MultiMinded,1000,MaxIter,1572.1299999999974,2067.4249,5,1460.04,478.96600000000001,864.8339000000001,2076.1459597799321,734.55687638048857,781.67231541171657,1,30,8,2318,3488
3,30,36,LinearSubgradientAuction,0.05,0.01,,True,,1000,10800,cats_reg_g30b150,,False,CATS,150,regions,MultiMinded,1000,MaxIter,1454.3300000000017,2226.2472000000002,4,1961.0,494.50999999999999,2090.0159,2243.9896740751396,1994.2200350359681,2020.9581409133673,1,29,7,2160,3234
4,30,38,LinearSubgradientAuction,0.05,0.01,,True,,1000,10800,cats_reg_g30b150,,False,CATS,150,regions,MultiMinded,64,Balance,99.54999999999563,2004.9491999999998,11,1505.7,557.86300000000006,1985.2371999999998,1804.8787373879977,1517.8496067200219,1725.3832838556882,1,30,3,2318,3488
5,30,35,LinearSubgradientAuction,0.05,0.01,,True,,1000,10800,cats_reg_g30b150,,False,CATS,150,regions,MultiMinded,1000,MaxIter,1445.189999999995,1864.626,8,1703.97,505.12049999999999,1150.069,1842.3765759736821,954.7965365348407,999.01069618806252,1,30,7,2135,3215
6,30,35,LinearSubgradientAuction,0.05,0.01,,True,,1000,10800,cats_reg_g30b150,,False,CATS,150,regions,MultiMinded,1000,MaxIter,1444.0,2116.0368,7,1959.83,614.52500000000009,1262.9458,2241.1866147300161,1138.6750986646355,1141.6091704725329,1,30,20,2135,3215
7,30,35,LinearSubgradientAuction,0.05,0.01,,True,,1000,10800,cats_reg_g30b150,,False,CATS,150,regions,MultiMinded,1000,MaxIter,1462.2900000000009,2031.9575,6,1330.11,558.39999999999998,970.8465,1932.4329939232803,755.19472841385527,883.32526984454626,1,30,18,2135,3215
8,30,35,LinearSubgradientAuction,0.05,0.01,,True,,1000,10800,cats_reg_g30b150,,False,CATS,150,regions,MultiMinded,1000,MaxIter,1474.3799999999974,2027.57669,9,1379.5,642.28750000000002,1100.64669,1872.3022198381,724.10671097354987,922.70761140208197,1,30,4,2135,3215
9,30,36,LinearSubgradientAuction,0.05,0.01,,True,,1000,10800,cats_reg_g30b150,,False,CATS,150,regions,MultiMinded,1000,MaxIter,1414.800000000003,1859.5272999999997,2,1542.29,443.88650000000001,106.8809,1812.199581295338,0.0,104.16526669202528,1,28,27,2124,3162
10,30,34,LinearSubgradientAuction,0.05,0.01,,True,,1000,10800,cats_reg_g30b150,,False,CATS,150,regions,MultiMinded,1000,MaxIter,1393.5299999999988,2566.974,8,2112.56,626.02300000000002,2350.625,2457.3027526231544,1909.3167281381595,2163.5184208846204,1,29,11,2040,3056
11,30,36,LinearSubgradientAuction,0.05,0.01,,True,,1000,10800,cats_reg_g30b150,,False,CATS,150,regions,MultiMinded,394,Balance,592.010000000002,2431.6115,5,2098.81,721.22149999999999,2431.6115,2277.2393485668913,2130.7888954225259,2316.7293666692181,1,30,21,2196,3306
12,30,32,LinearSubgradientAuction,0.05,0.01,,True,,1000,10800,cats_reg_g30b150,,False,CATS,150,regions,MultiMinded,1000,MaxIter,1282.2300000000032,1865.81568,4,1645.15,855.13049999999998,217.31878,1860.853045386664,0.0,152.3464763373986,1,29,26,1920,2878
13,30,35,LinearSubgradientAuction,0.05,0.01,,True,,1000,10800,cats_reg_g30b150,,False,CATS,150,regions,MultiMinded,1000,MaxIter,1461.969999999994,1773.5022000000001,6,1494.31,678.60900000000004,921.3965000000001,1724.6478325783246,263.78989636511943,433.83764102623707,1,30,19,2135,3215
14,30,32,LinearSubgradientAuction,0.05,0.01,,True,,1000,10800,cats_reg_g30b150,,False,CATS,150,regions,MultiMinded,1000,MaxIter,1319.800000000003,1980.1873000000003,6,1559.99,631.08900000000006,1598.9547,1866.3066679029428,1320.4684688516274,1529.3554173709156,1,30,15,1952,2942
15,30,36,LinearSubgradientAuction,0.05,0.01,,True,,1000,10800,cats_reg_g30b150,,False,CATS,150,regions,MultiMinded,21,Balance,30.159999999996217,2512.4141000000004,4,2312.23,781.00699999999995,2512.4141000000004,2321.0490275566904,2244.525240071941,2459.2691561105535,1,30,3,2196,3306
16,30,34,LinearSubgradientAuction,0.05,0.01,,True,,1000,10800,cats_reg_g30b150,,False,CATS,150,regions,MultiMinded,1000,MaxIter,1356.4400000000023,1929.452,7,1789.44,584.255,1068.4095000000002,1955.4748751166335,900.66824162043781,973.70647347769238,1,28,15,2006,2988
17,30,33,LinearSubgradientAuction,0.05,0.01,,True,,1000,10800,cats_reg_g30b150,,False,CATS,150,regions,MultiMinded,841,Balance,1166.2799999999988,1934.7395999999999,7,1626.95,730.93200000000002,1934.7395999999999,1860.7438625497307,1652.1984364580821,1728.3717986002644,1,30,48,2013,3033
18,30,34,LinearSubgradientAuction,0.05,0.01,,True,,1000,10800,cats_reg_g30b150,,False,CATS,150,regions,MultiMinded,1000,MaxIter,1393.1900000000023,2504.1384,5,1818.33,781.33600000000001,2297.8333000000002,2375.0717397756648,223.01415943608339,365.46379740699308,1,29,9,2040,3056
19,30,36,LinearSubgradientAuction,0.05,0.01,,True,,1000,10800,cats_reg_g30b150,,False,CATS,150,regions,MultiMinded,492,Balance,711.1299999999974,2560.7110000000002,12,1508.06,549.71399999999994,2557.321,2019.2399303643037,1758.3109531730495,2318.002290373739,1,29,7,2160,3234
20,30,37,LinearSubgradientAuction,0.05,0.01,,True,,1000,10800,cats_reg_g30b150,,False,CATS,150,regions,MultiMinded,1000,MaxIter,1531.8600000000006,1801.7813999999998,4,1490.47,395.125,768.7731,1801.1285264493436,205.09694170097472,264.07628387066814,1,30,17,2257,3397
21,30,33,LinearSubgradientAuction,0.05,0.01,,True,,1000,10800,cats_reg_g30b150,,False,CATS,150,regions,MultiMinded,1000,MaxIter,1386.25,1553.7635,3,1374.19,778.39550000000008,304.9535,1529.8624585970063,16.876461378978657,123.57743333121748,1,30,25,2013,3033
22,30,38,LinearSubgradientAuction,0.05,0.01,,True,,1000,10800,cats_reg_g30b150,,False,CATS,150,regions,MultiMinded,1000,MaxIter,1544.8800000000047,2312.252,6,2123.59,638.69949999999994,1335.44,2405.1017444536869,1150.9006765458948,1177.8557464600392,1,29,7,2280,3412
23,30,38,LinearSubgradientAuction,0.05,0.01,,True,,1000,10800,cats_reg_g30b150,,False,CATS,150,regions,MultiMinded,612,Balance,959.9499999999971,2354.8725,7,1818.1,597.00800000000004,2354.8725,2114.7651179714085,1970.0410425718724,2239.9479666390534,1,30,3,2318,3488
24,30,35,LinearSubgradientAuction,0.05,0.01,,True,,1000,10800,cats_reg_g30b150,,False,CATS,150,regions,MultiMinded,1000,MaxIter,1461.0799999999945,1892.4884,11,1241.36,538.58849999999995,1318.8878,1727.2054093133447,855.56682883270946,1118.0164629841738,1,30,13,2135,3215
25,30,33,LinearSubgradientAuction,0.05,0.01,,True,,1000,10800,cats_reg_g30b150,,False,CATS,150,regions,MultiMinded,1000,MaxIter,1358.6599999999962,1741.0822999999998,6,1538.41,861.41849999999999,1164.9992999999997,1695.9499619017938,941.04416818609707,1073.6013047190465,1,29,50,1980,2967
26,30,34,LinearSubgradientAuction,0.05,0.01,,True,,1000,10800,cats_reg_g30b150,,False,CATS,150,regions,MultiMinded,1000,MaxIter,1412.449999999997,2008.668,9,1919.5,424.82100000000003,1227.9563999999998,2033.0697598578986,1035.8323409861196,1130.353825735285,1,30,18,2074,3124
27,30,32,LinearSubgradientAuction,0.05,0.01,,True,,1000,10800,cats_reg_g30b150,,False,CATS,150,regions,MultiMinded,1000,MaxIter,1290.2799999999988,2175.2061,5,1890.21,644.31150000000002,1012.93,2305.4878951591609,981.08988515842952,981.41062785229894,1,29,22,1920,2878
28,30,37,LinearSubgradientAuction,0.05,0.01,,True,,1000,10800,cats_reg_g30b150,,False,CATS,150,regions,MultiMinded,1000,MaxIter,1531.739999999998,2040.43179,6,1615.6,517.23699999999997,757.5419999999999,1964.966891387096,543.84765439268381,671.34883561100344,1,30,19,2257,3397
29,30,33,LinearSubgradientAuction,0.05,0.01,,True,,1000,10800,cats_reg_g30b150,,False,CATS,150,regions,MultiMinded,1000,MaxIter,1372.219999999994,2111.632,7,1854.64,708.57899999999995,1440.21,2014.537352546025,782.38871991144788,1063.1279575139902,1,30,17,2013,3033
30,30,35,LinearSubgradientAuction,0.05,0.01,,True,,1000,10800,cats_reg_g30b150,,False,CATS,150,regions,MultiMinded,1000,MaxIter,1422.3399999999965,2323.0769999999998,11,1594.17,462.18150000000003,1572.5511999999999,2144.3311958719232,1162.418668178859,1402.7961107171632,1,29,14,2100,3145
31,30,34,LinearSubgradientAuction,0.05,0.01,,True,,1000,10800,cats_reg_g30b150,,False,CATS,150,regions,MultiMinded,1000,MaxIter,1384.2599999999948,2659.4860000000003,6,2167.09,585.07799999999997,1684.993,2587.1685017592672,1447.9275071261175,1569.8883604206426,1,29,3,2040,3056
32,30,37,LinearSubgradientAuction,0.05,0.01,,True,,1000,10800,cats_reg_g30b150,,False,CATS,150,regions,MultiMinded,1000,MaxIter,1537.6399999999994,1999.8556999999998,6,1545.46,522.50199999999995,413.9537,1920.3108610953523,177.09031889639098,295.03094407364574,1,30,21,2257,3397
33,30,37,LinearSubgradientAuction,0.05,0.01,,True,,1000,10800,cats_reg_g30b150,,False,CATS,150,regions,MultiMinded,1000,MaxIter,1493.9199999999983,1805.9524000000001,7,1582.17,487.50400000000002,980.9506,1636.8580526904511,676.86456609015829,879.81905505841098,1,29,14,2220,3323
34,30,39,LinearSubgradientAuction,0.05,0.01,,True,,1000,10800,cats_reg_g30b150,,False,CATS,150,regions,MultiMinded,1000,MaxIter,1657.189999999995,1983.6001999999999,8,1564.76,623.41200000000003,841.6214,2063.5314645825847,655.8336939070507,656.62425162732984,1,30,26,2379,3579
35,30,38,LinearSubgradientAuction,0.05,0.01,,True,,1000,10800,cats_reg_g30b150,,False,CATS,150,regions,MultiMinded,1000,MaxIter,1556.7000000000044,2341.4052,6,1755.59,637.298,2055.1477999999997,2288.876225810794,878.75795849424912,1067.8292598097094,1,29,10,2280,3412
36,30,33,LinearSubgradientAuction,0.05,0.01,,True,,1000,10800,cats_reg_g30b150,,False,CATS,150,regions,MultiMinded,1000,MaxIter,1374.7000000000044,2136.9992,10,1693.26,587.83249999999998,1497.679,2177.3435454383643,1281.8148207603729,1355.8195074510841,1,30,45,2013,3033
37,30,34,LinearSubgradientAuction,0.05,0.01,,True,,1000,10800,cats_reg_g30b150,,False,CATS,150,regions,MultiMinded,1000,MaxIter,1401.1300000000047,1991.3467,10,1812.59,701.23299999999995,1620.3692999999998,1958.5196359755751,1259.5048842120098,1410.9548949628975,1,30,22,2074,3124
38,30,40,LinearSubgradientAuction,0.05,0.01,,True,,1000,10800,cats_reg_g30b150,,False,CATS,150,regions,MultiMinded,308,Balance,509.4699999999939,2724.0288,6,2153.9,576.38300000000004,2724.0288,2402.15643150912,2271.2765282305145,2593.54453721136,1,29,6,2400,3590
39,30,30,LinearSubgradientAuction,0.05,0.01,,True,,1000,10800,cats_reg_g30b150,,False,CATS,150,regions,MultiMinded,1000,MaxIter,1235.8699999999953,1968.0602,7,1918.66,764.726,1725.4922,2036.4972015216422,1436.0462125874799,1576.3519509933769,1,30,37,1830,2760
40,30,33,LinearSubgradientAuction,0.05,0.01,,True,,1000,10800,cats_reg_g30b150,,False,CATS,150,regions,MultiMinded,81,Balance,111.79000000000087,1942.0583000000001,3,1674.34,688.69799999999998,1942.0583000000001,1930.4275544677425,1827.1228544677426,1872.3728740126271,1,30,14,2013,3033
41,30,35,LinearSubgradientAuction,0.05,0.01,,True,,1000,10800,cats_reg_g30b150,,False,CATS,150,regions,MultiMinded,1000,MaxIter,1463.9500000000044,1877.7214099999999,7,1423.29,646.35299999999995,878.5149099999999,1853.1481317125224,653.69138535549791,718.89051782318631,1,30,13,2135,3215
42,30,32,LinearSubgradientAuction,0.05,0.01,,True,,1000,10800,cats_reg_g30b150,,False,CATS,150,regions,MultiMinded,1000,MaxIter,1303.0899999999965,2111.841,3,1703.5,646.17399999999998,1896.7069999999999,2251.6921143538584,1784.0893033786128,1828.4979366259886,1,30,5,1952,2942
43,30,40,LinearSubgradientAuction,0.05,0.01,,True,,1000,10800,cats_reg_g30b150,,False,CATS,150,regions,MultiMinded,1000,MaxIter,1662.8600000000006,2446.7208,14,1927.69,685.90899999999999,1304.0937,2134.9653785086234,698.71228548607098,1015.7539227912821,1,30,32,2440,3670
44,30,35,LinearSubgradientAuction,0.05,0.01,,True,,1000,10800,cats_reg_g30b150,,False,CATS,150,regions,MultiMinded,1000,MaxIter,1429.8499999999985,1711.1515999999997,7,1299.51,651.40899999999999,941.2446,1591.7555988722531,632.67682862429319,807.10074153047071,1,29,23,2100,3145
45,30,38,LinearSubgradientAuction,0.05,0.01,,True,,1000,10800,cats_reg_g30b150,,False,CATS,150,regions,MultiMinded,1000,MaxIter,1555.780000000006,2034.5094,11,1828.07,742.07299999999998,1217.2418999999998,2088.3741875158844,1058.877616871197,1064.9962418891239,1,29,44,2280,3412
46,30,31,LinearSubgradientAuction,0.05,0.01,,True,,1000,10800,cats_reg_g30b150,,False,CATS,150,regions,MultiMinded,23,Balance,28.55999999999767,2564.0325000000003,4,2373.4,807.26099999999997,2564.0325000000003,2450.4186058354189,2332.5953384362469,2475.8952522647728,1,30,3,1891,2851
47,30,37,LinearSubgradientAuction,0.05,0.01,,True,,1000,10800,cats_reg_g30b150,,False,CATS,150,regions,MultiMinded,1000,MaxIter,1510.2300000000032,2233.1322,7,1669.44,664.97900000000004,814.9872,1984.5424203656476,149.84899288284348,427.50295060443875,1,29,23,2220,3323
48,30,35,LinearSubgradientAuction,0.05,0.01,,True,,1000,10800,cats_reg_g30b150,,False,CATS,150,regions,MultiMinded,1000,MaxIter,1448.479999999996,2069.4358,7,1826.01,556.24350000000004,706.6749,2024.5811994570474,435.50081113759268,610.33225969800287,1,30,17,2135,3215
49,30,30,LinearSubgradientAuction,0.05,0.01,,True,,1000,10800,cats_reg_g30b150,,False,CATS,150,regions,MultiMinded,1000,MaxIter,1237.0599999999977,1979.7895999999998,10,1594.07,673.82600000000002,1630.6209999999999,1981.317250932103,1330.1117110010205,1428.9794782611011,1,30,55,1830,2760
50,30,33,LinearSubgradientAuction,0.05,0.01,,True,,1000,10800,cats_reg_g30b150,,False,CATS,150,regions,MultiMinded,1000,MaxIter,1364.8700000000026,2110.6722999999997,6,1335.35,460.47550000000001,1377.5393,2000.3645346298249,193.41432362471915,441.18955529046326,1,30,13,2013,3033
51,30,37,LinearSubgradientAuction,0.05,0.01,,True,,1000,10800,cats_reg_g30b150,,False,CATS,150,regions,MultiMinded,1000,MaxIter,1474.0999999999985,2245.4244000000003,5,1882.26,597.73699999999997,660.9984,2203.1371109080314,489.92591197364425,579.2308824451909,1,28,21,2183,3249
52,30,32,LinearSubgradientAuction,0.05,0.01,,True,,1000,10800,cats_reg_g30b150,,False,CATS,150,regions,MultiMinded,586,Balance,756.6199999999953,1756.6213,7,1409.87,556.45500000000004,1756.6213,1656.8585278004209,1483.9960493906958,1611.2679068822449,1,29,3,1920,2878
53,30,34,LinearSubgradientAuction,0.05,0.01,,True,,1000,10800,cats_reg_g30b150,,False,CATS,150,regions,MultiMinded,1000,MaxIter,1415.6100000000006,2325.6629000000003,10,1796.97,570.23000000000002,1462.3334,2168.842108704891,1032.7857543278185,1256.6326109731144,1,30,12,2074,3124
54,30,37,LinearSubgradientAuction,0.05,0.01,,True,,1000,10800,cats_reg_g30b150,,False,CATS,150,regions,MultiMinded,628,Balance,960.1700000000055,2355.424,7,2152.9,670.553,2355.424,2239.8541007057679,2084.7824168968609,2233.8791122242892,1,30,2,2257,3397
55,30,33,LinearSubgradientAuction,0.05,0.01,,True,,1000,10800,cats_reg_g30b150,,False,CATS,150,regions,MultiMinded,832,Balance,1154.5099999999948,2078.1524999999997,12,1352.37,548.28150000000005,2078.1524999999997,2044.572239086669,1752.7309974251566,1821.8011055685008,1,30,31,2013,3033
56,30,39,LinearSubgradientAuction,0.05,0.01,,True,,1000,10800,cats_reg_g30b150,,False,CATS,150,regions,MultiMinded,1000,MaxIter,1608.3299999999945,1893.3772000000004,10,1498.24,591.42200000000003,1516.4492,1740.3643092708121,1124.8168559085539,1316.7813428212312,1,29,10,2340,3501
57,30,36,LinearSubgradientAuction,0.05,0.01,,True,,1000,10800,cats_reg_g30b150,,False,CATS,150,regions,MultiMinded,1000,MaxIter,1506.6699999999983,1899.5301999999997,7,1604.44,621.16750000000002,753.6139000000001,1877.5014743298807,510.24484661018283,599.53528153466982,1,30,11,2196,3306
58,30,36,LinearSubgradientAuction,0.05,0.01,,True,,1000,10800,cats_reg_g30b150,,False,CATS,150,regions,MultiMinded,1000,MaxIter,1486.5800000000017,2429.6093,7,2057.42,832.86300000000006,1215.2953000000002,2287.1673367025278,818.49228632512006,1013.0802258852236,1,30,9,2196,3306
59,30,39,LinearSubgradientAuction,0.05,0.01,,True,,1000,10800,cats_reg_g30b150,,False,CATS,150,regions,MultiMinded,1000,MaxIter,1644.0599999999977,2064.9126,7,1772.9,622.28800000000001,893.7375999999999,2027.9227317650898,588.49135559947285,710.01224214001229,1,30,15,2379,3579
60,30,35,LinearSubgradientAuction,0.05,0.01,,True,,1000,10800,cats_reg_g30b150,,False,CATS,150,regions,MultiMinded,1000,MaxIter,1397.3399999999965,1956.0875,9,1842.74,450.80399999999997,1663.8595,1908.8274542155818,1459.8919772467084,1545.613909590711,1,28,26,2065,3075
61,30,37,LinearSubgradientAuction,0.05,0.01,,True,,1000,10800,cats_reg_g30b150,,False,CATS,150,regions,MultiMinded,1000,MaxIter,1534.3400000000038,1951.6029999999998,6,1560.47,530.9905,714.2886000000001,1845.0797738277679,129.83037173899544,294.63353393015052,1,30,25,2257,3397
62,30,34,LinearSubgradientAuction,0.05,0.01,,True,,1000,10800,cats_reg_g30b150,,False,CATS,150,regions,MultiMinded,369,Balance,517.6699999999983,1978.0167,8,1737.89,582.94900000000007,1978.0167,1833.1880596034937,1645.682839172086,1844.5140042693833,1,30,7,2074,3124
63,30,30,LinearSubgradientAuction,0.05,0.01,,True,,1000,10800,cats_reg_g30b150,,False,CATS,150,regions,MultiMinded,352,Balance,424.06000000000495,2547.4234,6,1821.34,869.476,2547.4234,2329.0012199599914,2129.4589596461296,2396.793506627921,1,29,28,1800,2700
64,30,34,LinearSubgradientAuction,0.05,0.01,,True,,1000,10800,cats_reg_g30b150,,False,CATS,150,regions,MultiMinded,1000,MaxIter,1399.229999999996,2427.9729,5,1844.14,792.92899999999997,1218.5764000000001,2240.3675260410446,70.382448836743663,326.32383680527494,1,30,25,2074,3124
65,30,36,LinearSubgradientAuction,0.05,0.01,,True,,1000,10800,cats_reg_g30b150,,False,CATS,150,regions,MultiMinded,1000,MaxIter,1476.300000000003,2209.3287,6,1779.98,732.52250000000004,501.2577,2072.2986398272074,167.27161414628111,372.80157170758253,1,29,23,2160,3234
66,30,30,LinearSubgradientAuction,0.05,0.01,,True,,1000,10800,cats_reg_g30b150,,False,CATS,150,regions,MultiMinded,225,Balance,272.08000000000175,2387.3904,3,2290.03,553.03500000000008,2387.3904,2307.2714325462725,2258.6928536959117,2353.6775583996423,1,29,4,1800,2700
67,30,41,LinearSubgradientAuction,0.05,0.01,,True,,1000,10800,cats_reg_g30b150,,False,CATS,150,regions,MultiMinded,1000,MaxIter,1703.1600000000035,2130.5865999999996,10,1569.3,447.20299999999997,1666.6935999999998,2092.2863723958453,1345.9289058177885,1519.9341250705143,1,29,18,2460,3679
68,30,34,LinearSubgradientAuction,0.05,0.01,,True,,1000,10800,cats_reg_g30b150,,False,CATS,150,regions,MultiMinded,1000,MaxIter,1407.9100000000035,1871.0335999999998,3,1491.62,623.48450000000003,253.27729999999997,1794.2219224275277,55.545490997694287,177.11112005942292,1,30,24,2074,3124
69,30,34,LinearSubgradientAuction,0.05,0.01,,True,,1000,10800,cats_reg_g30b150,,False,CATS,150,regions,MultiMinded,109,Balance,150.77999999999884,2248.1536,8,1918.69,909.28949999999998,2248.1536,2093.8237035786078,1802.8510635786079,1957.1809600000001,1,29,0,2040,3056
70,30,32,LinearSubgradientAuction,0.05,0.01,,True,,1000,10800,cats_reg_g30b150,,False,CATS,150,regions,MultiMinded,1000,MaxIter,1317.6800000000003,2074.3614,10,1794.89,671.03600000000006,967.673,2009.6682523365666,631.67993606804862,790.5066398375842,1,30,35,1952,2942
71,30,30,LinearSubgradientAuction,0.05,0.01,,True,,1000,10800,cats_reg_g30b150,,False,CATS,150,regions,MultiMinded,1000,MaxIter,1204.6600000000035,2107.4125,7,1919.92,672.68100000000004,1239.811,2150.8941368116493,750.26782495969053,881.95549570490562,1,29,16,1800,2700
72,30,35,LinearSubgradientAuction,0.05,0.01,,True,,1000,10800,cats_reg_g30b150,,False,CATS,150,regions,MultiMinded,1000,MaxIter,1456.5400000000009,1946.4843000000003,10,1216.53,554.09649999999999,1550.4403,1884.094968697395,1191.9869279553313,1395.7918894079562,1,30,21,2135,3215
73,30,35,LinearSubgradientAuction,0.05,0.01,,True,,1000,10800,cats_reg_g30b150,,False,CATS,150,regions,MultiMinded,1000,MaxIter,1461.8199999999997,1852.6272999999999,7,1445.38,663.03899999999999,662.195,1680.9443804266534,254.671581173177,539.02295013982837,1,30,19,2135,3215
74,30,31,LinearSubgradientAuction,0.05,0.01,,True,,1000,10800,cats_reg_g30b150,,False,CATS,150,regions,MultiMinded,1000,MaxIter,1266.2200000000012,2020.0417,4,1744.34,781.83899999999994,1114.4580999999998,2019.568285635379,836.13684550430639,1017.9273192526059,1,30,15,1891,2851
75,30,39,LinearSubgradientAuction,0.05,0.01,,True,,1000,10800,cats_reg_g30b150,,False,CATS,150,regions,MultiMinded,1000,MaxIter,1629.3399999999965,2549.9302,7,1890.83,637.39099999999996,1240.1842,2426.1758260769539,281.21538415539203,507.94438144095858,1,30,22,2379,3579
76,30,36,LinearSubgradientAuction,0.05,0.01,,True,,1000,10800,cats_reg_g30b150,,False,CATS,150,regions,MultiMinded,1000,MaxIter,1499.6200000000026,1970.4382,5,1633.82,405.01099999999997,1905.435,2039.0663913552958,1777.5993532104098,1824.5152609286847,1,30,3,2196,3306
77,30,34,LinearSubgradientAuction,0.05,0.01,,True,,1000,10800,cats_reg_g30b150,,False,CATS,150,regions,MultiMinded,1000,MaxIter,1405.9300000000003,1646.3148,8,1576.38,831.28949999999998,633.695,1659.5399000316816,426.6245340706414,426.91399642545019,1,30,21,2074,3124
78,30,34,LinearSubgradientAuction,0.05,0.01,,True,,1000,10800,cats_reg_g30b150,,False,CATS,150,regions,MultiMinded,1000,MaxIter,1386.1699999999983,2412.1546,8,1881.66,768.41550000000007,1419.3890999999999,2411.0594937494579,1090.4743276952408,1247.6985494214455,1,29,18,2040,3056
79,30,29,LinearSubgradientAuction,0.05,0.01,,True,,1000,10800,cats_reg_g30b150,,False,CATS,150,regions,MultiMinded,1000,MaxIter,1176.5800000000017,2267.359,4,2060.3,919.01300000000003,1991.648,2261.4811050872072,419.92265942779721,558.92852981147394,1,29,22,1740,2611
80,30,37,LinearSubgradientAuction,0.05,0.01,,True,,1000,10800,cats_reg_g30b150,,False,CATS,150,regions,MultiMinded,1000,MaxIter,1521.550000000003,2112.5864,4,1592.54,576.49599999999998,275.2344,1996.3445032377208,47.726024792600185,220.6482472628141,1,30,24,2257,3397
81,30,33,LinearSubgradientAuction,0.05,0.01,,True,,1000,10800,cats_reg_g30b150,,False,CATS,150,regions,MultiMinded,1000,MaxIter,1376.6699999999983,1652.215,7,1316.69,725.81600000000003,684.1756,1771.8789374400335,574.53532912861351,578.10180163503207,1,30,34,2013,3033
82,30,35,LinearSubgradientAuction,0.05,0.01,,True,,1000,10800,cats_reg_g30b150,,False,CATS,150,regions,MultiMinded,1000,MaxIter,1455.3600000000006,2109.0315,6,1900.31,619.13249999999994,1240.1954,2254.5285885322401,1065.6670478179281,1128.0375970092882,1,30,15,2135,3215
83,30,32,LinearSubgradientAuction,0.05,0.01,,True,,1000,10800,cats_reg_g30b150,,False,CATS,150,regions,MultiMinded,301,Balance,401.25,2576.43019,8,2027.96,1059.6700000000001,2576.43019,2549.0490020181378,2207.0833199072536,2287.0022679748672,1,30,36,1952,2942
84,30,34,LinearSubgradientAuction,0.05,0.01,,True,,1000,10800,cats_reg_g30b150,,False,CATS,150,regions,MultiMinded,1000,MaxIter,1395.2000000000044,1983.6759000000002,5,1485.27,650.14099999999996,619.9498000000001,1866.980650972833,241.67861525380465,463.63575902524076,1,30,23,2074,3124
85,30,33,LinearSubgradientAuction,0.05,0.01,,True,,1000,10800,cats_reg_g30b150,,False,CATS,150,regions,MultiMinded,411,Balance,552.4500000000044,1650.3177,6,1136.81,534.83399999999995,1650.3177,1600.5268009724962,1484.5197095601575,1538.5998680567438,1,29,23,1980,2967
86,30,37,LinearSubgradientAuction,0.05,0.01,,True,,1000,10800,cats_reg_g30b150,,False,CATS,150,regions,MultiMinded,460,Balance,713.1199999999953,2073.2363,7,1605.13,504.47649999999999,2069.3503,1902.3818582175147,1750.4856551738342,1942.6191423770224,1,30,1,2257,3397
87,30,34,LinearSubgradientAuction,0.05,0.01,,True,,1000,10800,cats_reg_g30b150,,False,CATS,150,regions,MultiMinded,1000,MaxIter,1394.9400000000023,2161.5317,9,1611.82,461.19499999999999,1466.4077000000002,2177.5407964863634,1191.2058206271413,1350.7921096407952,1,29,16,2040,3056
88,30,35,LinearSubgradientAuction,0.05,0.01,,True,,1000,10800,cats_reg_g30b150,,False,CATS,150,regions,MultiMinded,1000,MaxIter,1463.3199999999997,1960.6723,10,1579.4,529.16499999999996,1607.8273,1923.4130310031035,1351.6137783587299,1421.9619609546282,1,30,25,2135,3215
89,30,40,LinearSubgradientAuction,0.05,0.01,,True,,1000,10800,cats_reg_g30b150,,False,CATS,150,regions,MultiMinded,75,Balance,121.84000000000378,2103.4608,12,1324.86,455.78500000000003,2103.4608,1669.9980941713593,1465.6768476008349,1899.4588332245855,1,29,12,2400,3590
90,30,36,LinearSubgradientAuction,0.05,0.01,,True,,1000,10800,cats_reg_g30b150,,False,CATS,150,regions,MultiMinded,1000,MaxIter,1447.489999999998,2252.2093,8,1749.09,686.99800000000005,2213.4293,2142.4335549100142,1882.4764000539269,2028.3712695770212,1,29,6,2160,3234
91,30,37,LinearSubgradientAuction,0.05,0.01,,True,,1000,10800,cats_reg_g30b150,,False,CATS,150,regions,MultiMinded,1000,MaxIter,1496.3300000000017,2533.4677,12,1557.05,605.50300000000004,1813.092,2120.7222850320613,1233.0932001943679,1681.8635509498299,1,29,14,2220,3323
92,30,37,LinearSubgradientAuction,0.05,0.01,,True,,1000,10800,cats_reg_g30b150,,False,CATS,150,regions,MultiMinded,1000,MaxIter,1545.9099999999962,2087.0795,11,1557.29,467.12700000000001,1717.2435,1972.7775268761193,1391.272037407075,1539.7990513871703,1,30,35,2257,3397
93,30,34,LinearSubgradientAuction,0.05,0.01,,True,,1000,10800,cats_reg_g30b150,,False,CATS,150,regions,MultiMinded,1000,MaxIter,1390.4700000000012,2220.4165999999996,5,1477.09,531.97949999999992,1675.0327,2096.3024730603202,236.21264843024858,381.91859145372382,1,30,18,2074,3124
94,30,33,LinearSubgradientAuction,0.05,0.01,,True,,1000,10800,cats_reg_g30b150,,False,CATS,150,regions,MultiMinded,1000,MaxIter,1341.760000000002,2089.1439,9,1850.23,583.02999999999997,1327.2549000000001,2044.2534199648076,1082.3479615803367,1238.0555054012398,1,29,20,1980,2967
95,30,36,LinearSubgradientAuction,0.05,0.01,,True,,1000,10800,cats_reg_g30b150,,False,CATS,150,regions,MultiMinded,1000,MaxIter,1486.989999999998,2218.1557,8,1747.55,732.99250000000006,1095.754,2181.2937081969671,808.39799642672529,927.96450203719485,1,30,38,2196,3306
96,30,33,LinearSubgradientAuction,0.05,0.01,,True,,1000,10800,cats_reg_g30b150,,False,CATS,150,regions,MultiMinded,1000,MaxIter,1389.3400000000038,1873.9284000000002,9,1690.89,555.43200000000002,1674.5593999999999,1913.4691533984699,1213.2412351375676,1277.4540370338786,1,30,14,2013,3033
97,30,37,LinearSubgradientAuction,0.05,0.01,,True,,1000,10800,cats_reg_g30b150,,False,CATS,150,regions,MultiMinded,268,Balance,404.91999999999825,1853.4531000000002,11,1334.16,635.36699999999996,1853.4531000000002,1776.4931586387679,1479.957454614683,1588.5605257879938,1,29,1,2220,3323
98,30,36,LinearSubgradientAuction,0.05,0.01,,True,,1000,10800,cats_reg_g30b150,,False,CATS,150,regions,MultiMinded,305,Balance,444.3899999999994,2779.0163,9,2131.76,620.35799999999995,2779.0163,2736.4354376254732,2482.9557220132997,2555.9543871998048,1,29,3,2160,3234
99,30,37,LinearSubgradientAuction,0.05,0.01,,True,,1000,10800,cats_reg_g30b150,,False,CATS,150,regions,MultiMinded,1000,MaxIter,1511.6699999999983,2286.8288000000002,5,1573.72,543.00099999999998,1829.9517999999998,2267.6372353912707,1591.9820715167309,1745.0692970828877,1,29,5,2220,3323
100,30,32,LinearSubgradientAuction,0.05,0.01,,True,,1000,10800,cats_reg_g30b150,,False,CATS,150,regions,MultiMinded,495,Balance,649.6999999999971,1906.0085,10,1496.95,591.39400000000001,1906.0085,1801.1426785091148,1507.013383616646,1640.6440487508712,1,30,8,1952,2942
