idx,items,agents,auction_class,epsilon,stepc,epoch,scalebyvalue,reserve_type,maxiter,maxtime,generator_param_name,personalized,int_prices,generator,bids,distribution,type,rounds,status,runtime,efficient_value,final_num_winners,final_max_agent_value,final_scalevalue,final_value,final_total_price,final_revenue,final_indirect_util,final_price_degree,final_price_sparsity,final_imbalance,final_wd_nvars,final_wd_ncons
1,30,36,LinearSubgradientAuction,0.1,0.08,,True,,1000,10800,cats_reg_g30b150,,False,CATS,150,regions,MultiMinded,86,Balance,121.91999999999825,2502.8085,9,1712.02,630.28700000000003,2502.8085,2297.1980528704798,1879.9354576947137,2147.2142404236811,1,28,7,2124,3162
2,30,38,LinearSubgradientAuction,0.1,0.08,,True,,1000,10800,cats_reg_g30b150,,False,CATS,150,regions,MultiMinded,1000,MaxIter,1542.199999999997,2067.4249,5,1460.04,478.96600000000001,620.0099,2085.7006964594812,480.39934653060936,508.39919902022331,1,29,7,2280,3412
3,30,36,LinearSubgradientAuction,0.1,0.08,,True,,1000,10800,cats_reg_g30b150,,False,CATS,150,regions,MultiMinded,1000,MaxIter,1423.1300000000047,2226.2472000000002,3,1961.0,494.50999999999999,204.8765,2227.6216294452092,32.164497173329345,62.861891159332487,1,28,25,2124,3162
4,30,38,LinearSubgradientAuction,0.1,0.08,,True,,1000,10800,cats_reg_g30b150,,False,CATS,150,regions,MultiMinded,105,Balance,163.08000000000175,2004.9491999999998,11,1505.7,557.86300000000006,2004.9491999999998,1918.6248674676572,1347.9685645109212,1434.2928970432638,1,30,0,2318,3488
5,30,35,LinearSubgradientAuction,0.1,0.08,,True,,1000,10800,cats_reg_g30b150,,False,CATS,150,regions,MultiMinded,1000,MaxIter,1444.6300000000047,1864.626,2,1703.97,505.12049999999999,545.169,1867.8421208779034,59.290720475594512,68.046460410161387,1,30,27,2135,3215
6,30,35,LinearSubgradientAuction,0.1,0.08,,True,,1000,10800,cats_reg_g30b150,,False,CATS,150,regions,MultiMinded,1000,MaxIter,1422.1000000000058,2116.0368,9,1959.83,614.52500000000009,1577.3978000000002,2261.1432554491826,1232.2823683807787,1232.9260252277577,1,29,32,2100,3145
7,30,35,LinearSubgradientAuction,0.1,0.08,,True,,1000,10800,cats_reg_g30b150,,False,CATS,150,regions,MultiMinded,150,Balance,215.66999999999825,2031.9575,6,1330.11,558.39999999999998,2031.9575,1991.1505187030241,1667.2785187030245,1756.7027165589873,1,30,3,2135,3215
8,30,35,LinearSubgradientAuction,0.1,0.08,,True,,1000,10800,cats_reg_g30b150,,False,CATS,150,regions,MultiMinded,1000,MaxIter,1435.6300000000047,2027.57669,6,1379.5,642.28750000000002,592.6056900000001,1962.7745607218653,149.44575567360044,283.40036299205076,1,30,20,2135,3215
9,30,36,LinearSubgradientAuction,0.1,0.08,,True,,1000,10800,cats_reg_g30b150,,False,CATS,150,regions,MultiMinded,1000,MaxIter,1431.949999999997,1859.5272999999997,6,1542.29,443.88650000000001,479.2896,1821.7551904342674,289.64423181494135,376.86341961742175,1,28,23,2124,3162
10,30,34,LinearSubgradientAuction,0.1,0.08,,True,,1000,10800,cats_reg_g30b150,,False,CATS,150,regions,MultiMinded,1000,MaxIter,1378.929999999993,2566.974,4,2112.56,626.02300000000002,1574.931,2608.3990629393056,1308.8296806361038,1390.8168190684667,1,29,12,2040,3056
11,30,36,LinearSubgradientAuction,0.1,0.08,,True,,1000,10800,cats_reg_g30b150,,False,CATS,150,regions,MultiMinded,159,Balance,236.89999999999418,2431.6115,4,2098.81,721.22149999999999,2431.6115,2349.2876506481371,2092.1227515771343,2207.0001511231289,1,30,7,2196,3306
12,30,32,LinearSubgradientAuction,0.1,0.08,,True,,1000,10800,cats_reg_g30b150,,False,CATS,150,regions,MultiMinded,1000,MaxIter,1330.12999999999,1865.81568,4,1645.15,855.13049999999998,217.31878,2014.1741173639687,2.9343439720445446,50.819329157074982,1,30,27,1952,2942
13,30,35,LinearSubgradientAuction,0.1,0.08,,True,,1000,10800,cats_reg_g30b150,,False,CATS,150,regions,MultiMinded,1000,MaxIter,1464.9000000000087,1773.5022000000001,7,1494.31,678.60900000000004,921.3965000000001,1843.2163235815879,540.26879940290542,594.09617475319772,1,30,17,2135,3215
14,30,32,LinearSubgradientAuction,0.1,0.08,,True,,1000,10800,cats_reg_g30b150,,False,CATS,150,regions,MultiMinded,1000,MaxIter,1316.9500000000116,1980.1873000000003,4,1559.99,631.08900000000006,686.1447000000001,1966.9451753567892,411.58297418426133,510.91378087772699,1,30,20,1952,2942
15,30,36,LinearSubgradientAuction,0.1,0.08,,True,,1000,10800,cats_reg_g30b150,,False,CATS,150,regions,MultiMinded,77,Balance,112.1200000000099,2512.4141000000004,3,2312.23,781.00699999999995,2512.4141000000004,2409.1593245937552,2175.5233217387399,2282.5241085296107,1,29,3,2160,3234
16,30,34,LinearSubgradientAuction,0.1,0.08,,True,,1000,10800,cats_reg_g30b150,,False,CATS,150,regions,MultiMinded,1000,MaxIter,1357.0099999999948,1929.452,9,1789.44,584.255,1325.2892000000002,1932.229645775114,970.01049684652821,1056.2693418972431,1,28,16,2006,2988
17,30,33,LinearSubgradientAuction,0.1,0.08,,True,,1000,10800,cats_reg_g30b150,,False,CATS,150,regions,MultiMinded,442,Balance,615.1199999999953,1934.7395999999999,7,1626.95,730.93200000000002,1934.7395999999999,1897.1942178628669,1464.5124426132847,1526.5667557860718,1,30,41,2013,3033
18,30,34,LinearSubgradientAuction,0.1,0.08,,True,,1000,10800,cats_reg_g30b150,,False,CATS,150,regions,MultiMinded,1000,MaxIter,1389.270000000004,2504.1384,5,1818.33,781.33600000000001,2297.8333000000002,2438.8753176913797,177.55260441933598,262.99372252319318,1,29,9,2040,3056
19,30,36,LinearSubgradientAuction,0.1,0.08,,True,,1000,10800,cats_reg_g30b150,,False,CATS,150,regions,MultiMinded,341,Balance,483.5199999999895,2560.7110000000002,11,1508.06,549.71399999999994,2560.7110000000002,2249.3609961941852,1765.6126761941857,2082.2771762038074,1,28,6,2124,3162
20,30,37,LinearSubgradientAuction,0.1,0.08,,True,,1000,10800,cats_reg_g30b150,,False,CATS,150,regions,MultiMinded,1000,MaxIter,1539.479999999996,1801.7813999999998,6,1490.47,395.125,634.9834999999999,1828.834240018029,177.00634362994526,217.56230968300525,1,30,23,2257,3397
21,30,33,LinearSubgradientAuction,0.1,0.08,,True,,1000,10800,cats_reg_g30b150,,False,CATS,150,regions,MultiMinded,1000,MaxIter,1375.9899999999907,1553.7635,3,1374.19,778.39550000000008,304.9535,1689.685568268118,31.147779812785913,50.589186128834854,1,30,27,2013,3033
22,30,38,LinearSubgradientAuction,0.1,0.08,,True,,1000,10800,cats_reg_g30b150,,False,CATS,150,regions,MultiMinded,1000,MaxIter,1536.9599999999919,2312.252,3,2123.59,638.69949999999994,313.497,2396.8282049162931,185.74953673155315,198.44059259070909,1,29,24,2280,3412
23,30,38,LinearSubgradientAuction,0.1,0.08,,True,,1000,10800,cats_reg_g30b150,,False,CATS,150,regions,MultiMinded,98,Balance,152.2100000000064,2354.8725,8,1818.1,597.00800000000004,2354.8725,2190.9699403022523,1826.131594657501,2043.153034420277,1,29,4,2280,3412
24,30,35,LinearSubgradientAuction,0.1,0.08,,True,,1000,10800,cats_reg_g30b150,,False,CATS,150,regions,MultiMinded,1000,MaxIter,1444.9700000000012,1892.4884,10,1241.36,538.58849999999995,1273.1014,1896.7310121936241,887.8801814836761,1004.9279401223181,1,30,39,2135,3215
25,30,33,LinearSubgradientAuction,0.1,0.08,,True,,1000,10800,cats_reg_g30b150,,False,CATS,150,regions,MultiMinded,1000,MaxIter,1382.0999999999913,1741.0822999999998,4,1538.41,861.41849999999999,349.36330000000004,1788.7257705133936,0.0,54.947168649356385,1,30,26,2013,3033
26,30,34,LinearSubgradientAuction,0.1,0.08,,True,,1000,10800,cats_reg_g30b150,,False,CATS,150,regions,MultiMinded,1000,MaxIter,1400.5800000000017,2008.668,5,1919.5,424.82100000000003,1215.9813999999997,2041.3110583088815,155.35549205268495,234.60184899304855,1,29,23,2040,3056
27,30,32,LinearSubgradientAuction,0.1,0.08,,True,,1000,10800,cats_reg_g30b150,,False,CATS,150,regions,MultiMinded,1000,MaxIter,1249.7599999999948,2175.2061,8,1890.21,644.31150000000002,977.5279,2290.9263552057018,904.77110736025645,905.1750196607577,1,28,32,1888,2814
28,30,37,LinearSubgradientAuction,0.1,0.08,,True,,1000,10800,cats_reg_g30b150,,False,CATS,150,regions,MultiMinded,571,Balance,871.1399999999994,2040.43179,9,1615.6,517.23699999999997,2037.502,1989.3316440004842,1646.0074445464343,1745.2573273861103,1,29,25,2220,3323
29,30,33,LinearSubgradientAuction,0.1,0.08,,True,,1000,10800,cats_reg_g30b150,,False,CATS,150,regions,MultiMinded,1000,MaxIter,1390.4199999999983,2111.632,4,1854.64,708.57899999999995,419.82399999999996,2216.1530025916027,14.436243272645747,96.065090478889346,1,30,25,2013,3033
30,30,35,LinearSubgradientAuction,0.1,0.08,,True,,1000,10800,cats_reg_g30b150,,False,CATS,150,regions,MultiMinded,1000,MaxIter,1414.7899999999936,2323.0769999999998,8,1594.17,462.18150000000003,1912.7302000000002,2117.608032676731,1365.3297539916732,1621.4046201274587,1,29,11,2100,3145
31,30,34,LinearSubgradientAuction,0.1,0.08,,True,,1000,10800,cats_reg_g30b150,,False,CATS,150,regions,MultiMinded,134,Balance,176.5500000000029,2659.4860000000003,7,2167.09,585.07799999999997,2659.4860000000003,2574.2418637647265,2263.7916588141784,2407.9905285387536,1,28,10,2006,2988
32,30,37,LinearSubgradientAuction,0.1,0.08,,True,,1000,10800,cats_reg_g30b150,,False,CATS,150,regions,MultiMinded,1000,MaxIter,1529.7699999999895,1999.8556999999998,3,1545.46,522.50199999999995,987.3172,2018.7683949862082,43.593103409317315,65.377904429468543,1,30,27,2257,3397
33,30,37,LinearSubgradientAuction,0.1,0.08,,True,,1000,10800,cats_reg_g30b150,,False,CATS,150,regions,MultiMinded,1000,MaxIter,1504.140000000014,1805.9524000000001,8,1582.17,487.50400000000002,777.1176,1699.0590839610145,431.59712664850065,575.84878813008243,1,29,24,2220,3323
34,30,39,LinearSubgradientAuction,0.1,0.08,,True,,1000,10800,cats_reg_g30b150,,False,CATS,150,regions,MultiMinded,1000,MaxIter,1622.050000000003,1983.6001999999999,6,1564.76,623.41200000000003,950.214,2035.4111418971077,676.71671349230633,695.10164283315555,1,30,19,2379,3579
35,30,38,LinearSubgradientAuction,0.1,0.08,,True,,1000,10800,cats_reg_g30b150,,False,CATS,150,regions,MultiMinded,1000,MaxIter,1564.0,2341.4052,8,1755.59,637.298,1763.6758,2374.716198125072,1261.4966764567891,1333.5765672152868,1,29,4,2280,3412
36,30,33,LinearSubgradientAuction,0.1,0.08,,True,,1000,10800,cats_reg_g30b150,,False,CATS,150,regions,MultiMinded,1000,MaxIter,1381.3199999999924,2136.9992,3,1693.26,587.83249999999998,1276.95,2194.2607790070756,528.03452570625882,578.30900263055787,1,30,21,2013,3033
37,30,34,LinearSubgradientAuction,0.1,0.08,,True,,1000,10800,cats_reg_g30b150,,False,CATS,150,regions,MultiMinded,1000,MaxIter,1399.3500000000058,1991.3467,8,1812.59,701.23299999999995,1656.098,2043.7872233744799,1262.5976834140668,1339.0846064953689,1,30,24,2074,3124
38,30,40,LinearSubgradientAuction,0.1,0.08,,True,,1000,10800,cats_reg_g30b150,,False,CATS,150,regions,MultiMinded,137,Balance,221.3399999999965,2724.0288,6,2153.9,576.38300000000004,2724.0288,2554.3652515119411,2266.1737515119407,2435.8372999999997,1,29,0,2400,3590
39,30,30,LinearSubgradientAuction,0.1,0.08,,True,,1000,10800,cats_reg_g30b150,,False,CATS,150,regions,MultiMinded,1000,MaxIter,1225.270000000004,1968.0602,1,1918.66,764.726,247.624,2068.8763923543256,0,105.97138308015752,1,30,24,1830,2760
40,30,33,LinearSubgradientAuction,0.1,0.08,,True,,1000,10800,cats_reg_g30b150,,False,CATS,150,regions,MultiMinded,97,Balance,133.77000000000407,1942.0583000000001,3,1674.34,688.69799999999998,1942.0583000000001,1914.6756288954341,1709.9646690298318,1739.5154434832946,1,30,14,2013,3033
41,30,35,LinearSubgradientAuction,0.1,0.08,,True,,1000,10800,cats_reg_g30b150,,False,CATS,150,regions,MultiMinded,1000,MaxIter,1458.2399999999907,1877.7214099999999,5,1423.29,646.35299999999995,585.8544999999999,1936.5036781864505,319.1441616953806,325.15877462376983,1,30,18,2135,3215
42,30,32,LinearSubgradientAuction,0.1,0.08,,True,,1000,10800,cats_reg_g30b150,,False,CATS,150,regions,MultiMinded,1000,MaxIter,1321.199999999997,2111.841,3,1703.5,646.17399999999998,1849.493,2249.1720339946614,1642.242579756788,1676.6639557844046,1,30,5,1952,2942
43,30,40,LinearSubgradientAuction,0.1,0.08,,True,,1000,10800,cats_reg_g30b150,,False,CATS,150,regions,MultiMinded,788,Balance,1288.25,2446.7208,6,1927.69,685.90899999999999,2446.7208,2280.9441390060697,1951.7078190060699,2117.4844800000001,1,29,0,2400,3590
44,30,35,LinearSubgradientAuction,0.1,0.08,,True,,1000,10800,cats_reg_g30b150,,False,CATS,150,regions,MultiMinded,1000,MaxIter,1462.9399999999878,1711.1515999999997,5,1299.51,651.40899999999999,982.8138999999999,1671.3388626447352,657.45169574888826,753.1843006730428,1,30,15,2135,3215
45,30,38,LinearSubgradientAuction,0.1,0.08,,True,,1000,10800,cats_reg_g30b150,,False,CATS,150,regions,MultiMinded,1000,MaxIter,1560.3499999999913,2034.5094,4,1828.07,742.07299999999998,247.9929,2069.6436246734575,0.0,26.455825719049198,1,29,26,2280,3412
46,30,31,LinearSubgradientAuction,0.1,0.08,,True,,1000,10800,cats_reg_g30b150,,False,CATS,150,regions,MultiMinded,88,Balance,109.55999999999767,2564.0325000000003,4,2373.4,807.26099999999997,2564.0325000000003,2528.3948602208079,2309.7106300826795,2351.2350037082037,1,30,2,1891,2851
47,30,37,LinearSubgradientAuction,0.1,0.08,,True,,1000,10800,cats_reg_g30b150,,False,CATS,150,regions,MultiMinded,1000,MaxIter,1537.5399999999936,2233.1322,7,1669.44,664.97900000000004,814.9872,2081.0326748795414,109.54493769865535,293.11748184824489,1,30,22,2257,3397
48,30,35,LinearSubgradientAuction,0.1,0.08,,True,,1000,10800,cats_reg_g30b150,,False,CATS,150,regions,MultiMinded,1000,MaxIter,1443.4600000000064,2069.4358,8,1826.01,556.24350000000004,1683.2498,2094.2358809480861,1283.0786481371924,1372.9510730510585,1,30,12,2135,3215
49,30,30,LinearSubgradientAuction,0.1,0.08,,True,,1000,10800,cats_reg_g30b150,,False,CATS,150,regions,MultiMinded,1000,MaxIter,1236.1699999999983,1979.7895999999998,6,1594.07,673.82600000000002,1472.6369999999997,1981.9282501127072,1121.5399899941176,1233.6243316580947,1,30,8,1830,2760
50,30,33,LinearSubgradientAuction,0.1,0.08,,True,,1000,10800,cats_reg_g30b150,,False,CATS,150,regions,MultiMinded,1000,MaxIter,1324.0299999999988,2110.6722999999997,6,1335.35,460.47550000000001,1377.5393,2111.5233448466583,258.21366351339208,392.72111121810485,1,29,13,1980,2967
51,30,37,LinearSubgradientAuction,0.1,0.08,,True,,1000,10800,cats_reg_g30b150,,False,CATS,150,regions,MultiMinded,1000,MaxIter,1430.4199999999983,2245.4244000000003,7,1882.26,597.73699999999997,696.0645,2275.966143308206,496.67607595464591,525.81099626830212,1,27,31,2146,3175
52,30,32,LinearSubgradientAuction,0.1,0.08,,True,,1000,10800,cats_reg_g30b150,,False,CATS,150,regions,MultiMinded,87,Balance,112.2100000000064,1756.6213,7,1409.87,556.45500000000004,1756.6213,1680.2241061673783,1344.0058079568366,1468.3770583254009,1,29,7,1920,2878
53,30,34,LinearSubgradientAuction,0.1,0.08,,True,,1000,10800,cats_reg_g30b150,,False,CATS,150,regions,MultiMinded,1000,MaxIter,1382.25,2325.6629000000003,5,1796.97,570.23000000000002,1711.6264,2250.3091606157132,80.181419547644992,236.57783418961529,1,29,26,2040,3056
54,30,37,LinearSubgradientAuction,0.1,0.08,,True,,1000,10800,cats_reg_g30b150,,False,CATS,150,regions,MultiMinded,478,Balance,737.0300000000134,2355.424,7,2152.9,670.553,2355.424,2333.8246283560702,2005.878893648151,2047.1831823993341,1,30,18,2257,3397
55,30,33,LinearSubgradientAuction,0.1,0.08,,True,,1000,10800,cats_reg_g30b150,,False,CATS,150,regions,MultiMinded,1000,MaxIter,1367.659999999989,2078.1524999999997,10,1352.37,548.28150000000005,897.5125,2088.518945067935,476.14454369820174,499.23331339989812,1,30,8,2013,3033
56,30,39,LinearSubgradientAuction,0.1,0.08,,True,,1000,10800,cats_reg_g30b150,,False,CATS,150,regions,MultiMinded,1000,MaxIter,1604.4300000000076,1893.3772000000004,6,1498.24,591.42200000000003,1309.5862000000002,1843.1993357831248,403.46819796085822,493.02529491890857,1,29,13,2340,3501
57,30,36,LinearSubgradientAuction,0.1,0.08,,True,,1000,10800,cats_reg_g30b150,,False,CATS,150,regions,MultiMinded,1000,MaxIter,1498.2599999999948,1899.5301999999997,3,1604.44,621.16750000000002,428.71790000000004,1948.8154456534185,5.4703023288821484,41.417977049562765,1,30,23,2196,3306
58,30,36,LinearSubgradientAuction,0.1,0.08,,True,,1000,10800,cats_reg_g30b150,,False,CATS,150,regions,MultiMinded,169,Balance,254.44000000000233,2429.6093,7,2057.42,832.86300000000006,2429.6093,2401.4690788274447,1870.7660538508694,1980.0104197730445,1,30,2,2196,3306
59,30,39,LinearSubgradientAuction,0.1,0.08,,True,,1000,10800,cats_reg_g30b150,,False,CATS,150,regions,MultiMinded,1000,MaxIter,1641.8500000000058,2064.9126,4,1772.9,622.28800000000001,1226.0686,2036.9569830349019,149.58021901298409,267.26637692344025,1,30,17,2379,3579
60,30,35,LinearSubgradientAuction,0.1,0.08,,True,,1000,10800,cats_reg_g30b150,,False,CATS,150,regions,MultiMinded,160,Balance,224.92999999999302,1956.0875,9,1842.74,450.80399999999997,1956.0875,1929.9054987388454,1582.0823099441582,1649.54078,1,28,1,2065,3075
61,30,37,LinearSubgradientAuction,0.1,0.08,,True,,1000,10800,cats_reg_g30b150,,False,CATS,150,regions,MultiMinded,1000,MaxIter,1553.929999999993,1951.6029999999998,10,1560.47,530.9905,1521.5575999999996,1977.0476352073226,1130.7074416542182,1177.4000486868767,1,30,32,2257,3397
62,30,34,LinearSubgradientAuction,0.1,0.08,,True,,1000,10800,cats_reg_g30b150,,False,CATS,150,regions,MultiMinded,264,Balance,374.0100000000093,1978.0167,7,1737.89,582.94900000000007,1941.4171,1909.7097676497897,1521.9897010021282,1591.648906503427,1,30,4,2074,3124
63,30,30,LinearSubgradientAuction,0.1,0.08,,True,,1000,10800,cats_reg_g30b150,,False,CATS,150,regions,MultiMinded,208,Balance,252.60000000000582,2547.4234,6,1821.34,869.476,2547.4234,2492.1740925655531,2103.9142286078745,2182.1676966960695,1,30,16,1830,2760
64,30,34,LinearSubgradientAuction,0.1,0.08,,True,,1000,10800,cats_reg_g30b150,,False,CATS,150,regions,MultiMinded,259,Balance,364.1000000000058,2427.9729,9,1844.14,792.92899999999997,2427.9729,2375.414200962854,1744.7221433944296,1881.0340438541839,1,30,31,2074,3124
65,30,36,LinearSubgradientAuction,0.1,0.08,,True,,1000,10800,cats_reg_g30b150,,False,CATS,150,regions,MultiMinded,1000,MaxIter,1463.590000000011,2209.3287,13,1779.98,732.52250000000004,1519.3197,2288.6122904727181,933.18990474233965,1005.0640828101481,1,29,59,2160,3234
66,30,30,LinearSubgradientAuction,0.1,0.08,,True,,1000,10800,cats_reg_g30b150,,False,CATS,150,regions,MultiMinded,103,Balance,122.85000000000582,2387.3904,3,2290.03,553.03500000000008,2387.3904,2367.0737141590348,2234.1112803494789,2295.7703626951925,1,29,4,1800,2700
67,30,41,LinearSubgradientAuction,0.1,0.08,,True,,1000,10800,cats_reg_g30b150,,False,CATS,150,regions,MultiMinded,1000,MaxIter,1649.800000000003,2130.5865999999996,6,1569.3,447.20299999999997,1098.0746000000001,2102.4916211008122,796.78641936134716,939.28054646751241,1,28,15,2419,3597
68,30,34,LinearSubgradientAuction,0.1,0.08,,True,,1000,10800,cats_reg_g30b150,,False,CATS,150,regions,MultiMinded,1000,MaxIter,1394.7799999999988,1871.0335999999998,4,1491.62,623.48450000000003,700.5295,1880.0815094741704,445.2459687155544,497.02120380291342,1,30,19,2074,3124
69,30,34,LinearSubgradientAuction,0.1,0.08,,True,,1000,10800,cats_reg_g30b150,,False,CATS,150,regions,MultiMinded,265,Balance,366.56999999999243,2248.1536,8,1918.69,909.28949999999998,2248.1536,2168.3480814979321,1629.547655994397,1718.8497093419389,1,29,7,2040,3056
70,30,32,LinearSubgradientAuction,0.1,0.08,,True,,1000,10800,cats_reg_g30b150,,False,CATS,150,regions,MultiMinded,1000,MaxIter,1329.1000000000058,2074.3614,2,1794.89,671.03600000000006,192.2822,2090.8619877763117,7.2512005926997318,82.606159959996987,1,30,24,1952,2942
71,30,30,LinearSubgradientAuction,0.1,0.08,,True,,1000,10800,cats_reg_g30b150,,False,CATS,150,regions,MultiMinded,1000,MaxIter,1202.5,2107.4125,4,1919.92,672.68100000000004,790.563,2202.9628367483401,300.27669465435258,391.87600829396087,1,29,17,1800,2700
72,30,35,LinearSubgradientAuction,0.1,0.08,,True,,1000,10800,cats_reg_g30b150,,False,CATS,150,regions,MultiMinded,1000,MaxIter,1406.6800000000076,1946.4843000000003,7,1216.53,554.09649999999999,936.6323000000001,1962.2136050486438,569.27114867984255,696.18694347757219,1,29,18,2100,3145
73,30,35,LinearSubgradientAuction,0.1,0.08,,True,,1000,10800,cats_reg_g30b150,,False,CATS,150,regions,MultiMinded,1000,MaxIter,1446.4600000000064,1852.6272999999999,8,1445.38,663.03899999999999,1344.9629999999997,1897.4667784502797,654.3779041856327,727.76348496430444,1,30,12,2135,3215
74,30,31,LinearSubgradientAuction,0.1,0.08,,True,,1000,10800,cats_reg_g30b150,,False,CATS,150,regions,MultiMinded,1000,MaxIter,1285.800000000003,2020.0417,5,1744.34,781.83899999999994,1542.2633999999998,2125.5765495216638,352.45745659858869,403.2030920152493,1,30,13,1891,2851
75,30,39,LinearSubgradientAuction,0.1,0.08,,True,,1000,10800,cats_reg_g30b150,,False,CATS,150,regions,MultiMinded,1000,MaxIter,1618.8299999999872,2549.9302,5,1890.83,637.39099999999996,1010.2348,2575.7094062608444,74.729910896294427,160.07633701458946,1,30,26,2379,3579
76,30,36,LinearSubgradientAuction,0.1,0.08,,True,,1000,10800,cats_reg_g30b150,,False,CATS,150,regions,MultiMinded,1000,MaxIter,1503.199999999997,1970.4382,10,1633.82,405.01099999999997,1207.1755,2060.973688564397,979.42330924772716,990.45480156166104,1,30,47,2196,3306
77,30,34,LinearSubgradientAuction,0.1,0.08,,True,,1000,10800,cats_reg_g30b150,,False,CATS,150,regions,MultiMinded,912,Balance,1301.5800000000017,1646.3148,7,1576.38,831.28949999999998,1582.6532,1647.7732314511261,1190.2836627511365,1211.4110269282044,1,30,27,2074,3124
78,30,34,LinearSubgradientAuction,0.1,0.08,,True,,1000,10800,cats_reg_g30b150,,False,CATS,150,regions,MultiMinded,1000,MaxIter,1399.5599999999977,2412.1546,10,1881.66,768.41550000000007,1152.2026,2515.6419834351045,704.14873600434248,791.71986467211684,1,29,41,2040,3056
79,30,29,LinearSubgradientAuction,0.1,0.08,,True,,1000,10800,cats_reg_g30b150,,False,CATS,150,regions,MultiMinded,1000,MaxIter,1184.0099999999948,2267.359,4,2060.3,919.01300000000003,1767.836,2345.0545353776388,122.56656461676313,195.88497602038476,1,30,23,1769,2669
80,30,37,LinearSubgradientAuction,0.1,0.08,,True,,1000,10800,cats_reg_g30b150,,False,CATS,150,regions,MultiMinded,1000,MaxIter,1515.75,2112.5864,7,1592.54,576.49599999999998,816.6474,2147.2286191227699,560.12754382270953,604.70047101790453,1,29,26,2220,3323
81,30,33,LinearSubgradientAuction,0.1,0.08,,True,,1000,10800,cats_reg_g30b150,,False,CATS,150,regions,MultiMinded,1000,MaxIter,1377.1199999999953,1652.215,3,1316.69,725.81600000000003,623.344,1754.163670120399,464.61770349974881,486.91581181308766,1,30,21,2013,3033
82,30,35,LinearSubgradientAuction,0.1,0.08,,True,,1000,10800,cats_reg_g30b150,,False,CATS,150,regions,MultiMinded,1000,MaxIter,1442.0,2109.0315,5,1900.31,619.13249999999994,679.4178999999999,2250.9491006363933,84.187871528589682,172.74557052963877,1,30,20,2135,3215
83,30,32,LinearSubgradientAuction,0.1,0.08,,True,,1000,10800,cats_reg_g30b150,,False,CATS,150,regions,MultiMinded,134,Balance,176.54000000000815,2576.43019,8,2027.96,1059.6700000000001,2571.7672000000002,2527.8134240848503,1919.7932057087032,2075.2241373985307,1,30,26,1952,2942
84,30,34,LinearSubgradientAuction,0.1,0.08,,True,,1000,10800,cats_reg_g30b150,,False,CATS,150,regions,MultiMinded,1000,MaxIter,1417.449999999997,1983.6759000000002,13,1485.27,650.14099999999996,1424.9531000000002,2075.292474625679,899.74609939002562,929.62729794683969,1,30,32,2074,3124
85,30,33,LinearSubgradientAuction,0.1,0.08,,True,,1000,10800,cats_reg_g30b150,,False,CATS,150,regions,MultiMinded,309,Balance,411.6499999999942,1650.3177,5,1136.81,534.83399999999995,1650.3177,1640.5696211083145,1395.6698674346353,1414.2997107063763,1,29,9,1980,2967
86,30,37,LinearSubgradientAuction,0.1,0.08,,True,,1000,10800,cats_reg_g30b150,,False,CATS,150,regions,MultiMinded,126,Balance,193.04999999998836,2073.2363,5,1605.13,504.47649999999999,2073.2363,1935.6570467798761,1693.5083267798761,1846.9491988252958,1,30,10,2257,3397
87,30,34,LinearSubgradientAuction,0.1,0.08,,True,,1000,10800,cats_reg_g30b150,,False,CATS,150,regions,MultiMinded,1000,MaxIter,1377.5699999999924,2161.5317,5,1611.82,461.19499999999999,809.6777000000001,2225.6908555780101,525.05507782640439,625.60982755394355,1,29,18,2040,3056
88,30,35,LinearSubgradientAuction,0.1,0.08,,True,,1000,10800,cats_reg_g30b150,,False,CATS,150,regions,MultiMinded,112,Balance,159.72000000000116,1960.6723,11,1579.4,529.16499999999996,1960.6723,1918.19923393204,1484.3622684724432,1580.5048194224446,1,30,21,2135,3215
89,30,40,LinearSubgradientAuction,0.1,0.08,,True,,1000,10800,cats_reg_g30b150,,False,CATS,150,regions,MultiMinded,95,Balance,148.59999999999127,2103.4608,12,1324.86,455.78500000000003,2103.4608,1782.5015714639301,1372.2950714639298,1693.2542999999998,1,27,0,2320,3430
90,30,36,LinearSubgradientAuction,0.1,0.08,,True,,1000,10800,cats_reg_g30b150,,False,CATS,150,regions,MultiMinded,238,Balance,344.1600000000035,2252.2093,8,1749.09,686.99800000000005,2213.4293,2134.9558816701588,1720.3151100691477,1859.3909106485773,1,29,2,2160,3234
91,30,37,LinearSubgradientAuction,0.1,0.08,,True,,1000,10800,cats_reg_g30b150,,False,CATS,150,regions,MultiMinded,128,Balance,191.02000000000407,2533.4677,10,1557.05,605.50300000000004,2524.7637,2294.2828801943447,1792.2950309754983,2087.8671556959025,1,29,10,2220,3323
92,30,37,LinearSubgradientAuction,0.1,0.08,,True,,1000,10800,cats_reg_g30b150,,False,CATS,150,regions,MultiMinded,166,Balance,255.66999999999825,2087.0795,10,1557.29,467.12700000000001,2087.0795,2021.2257374298122,1581.0896053848091,1706.3515900577052,1,30,27,2257,3397
93,30,34,LinearSubgradientAuction,0.1,0.08,,True,,1000,10800,cats_reg_g30b150,,False,CATS,150,regions,MultiMinded,117,Balance,159.91999999999825,2220.4165999999996,8,1477.09,531.97949999999992,2192.8756999999996,2105.5695048220209,1689.3887382873297,1898.0435386582942,1,30,64,2074,3124
94,30,33,LinearSubgradientAuction,0.1,0.08,,True,,1000,10800,cats_reg_g30b150,,False,CATS,150,regions,MultiMinded,1000,MaxIter,1294.3899999999994,2089.1439,8,1850.23,583.02999999999997,1750.9089000000001,2052.8399482834675,1370.1528063568603,1527.9971634012991,1,28,19,1947,2901
95,30,36,LinearSubgradientAuction,0.1,0.08,,True,,1000,10800,cats_reg_g30b150,,False,CATS,150,regions,MultiMinded,1000,MaxIter,1501.7599999999948,2218.1557,10,1747.55,732.99250000000006,1145.9017,2285.4526700674937,714.42204357039782,751.17814842308223,1,30,34,2196,3306
96,30,33,LinearSubgradientAuction,0.1,0.08,,True,,1000,10800,cats_reg_g30b150,,False,CATS,150,regions,MultiMinded,1000,MaxIter,1334.7400000000052,1873.9284000000002,4,1690.89,555.43200000000002,381.75149999999996,1933.0015318308092,82.52232449312271,112.47973830411436,1,29,24,1980,2967
97,30,37,LinearSubgradientAuction,0.1,0.08,,True,,1000,10800,cats_reg_g30b150,,False,CATS,150,regions,MultiMinded,179,Balance,268.43000000000757,1853.4531000000002,11,1334.16,635.36699999999996,1853.4531000000002,1758.7598422867254,1233.0611549741011,1343.7249577330513,1,29,16,2220,3323
98,30,36,LinearSubgradientAuction,0.1,0.08,,True,,1000,10800,cats_reg_g30b150,,False,CATS,150,regions,MultiMinded,185,Balance,270.3099999999977,2779.0163,8,2131.76,620.35799999999995,2779.0163,2740.6210214249659,2256.7417814249661,2305.5419023297259,1,30,4,2196,3306
99,30,37,LinearSubgradientAuction,0.1,0.08,,True,,1000,10800,cats_reg_g30b150,,False,CATS,150,regions,MultiMinded,1000,MaxIter,1471.7799999999988,2286.8288000000002,6,1573.72,543.00099999999998,2180.7238,2273.8135603877063,1902.9482567149132,2020.3240988300186,1,28,10,2183,3249
100,30,32,LinearSubgradientAuction,0.1,0.08,,True,,1000,10800,cats_reg_g30b150,,False,CATS,150,regions,MultiMinded,336,Balance,441.22000000000116,1906.0085,11,1496.95,591.39400000000001,1906.0085,1818.5292457388693,1274.2402471961811,1439.5921128266173,1,30,73,1952,2942
