idx,items,agents,auction_class,epsilon,stepc,epoch,scalebyvalue,reserve_type,maxiter,maxtime,generator_param_name,personalized,int_prices,generator,bids,distribution,type,rounds,status,runtime,efficient_value,final_num_winners,final_max_agent_value,final_scalevalue,final_value,final_total_price,final_revenue,final_indirect_util,final_price_degree,final_price_sparsity,final_imbalance,final_wd_nvars,final_wd_ncons
1,30,36,LinearHeuristicAuction,0.1,0.01,,True,,1000,10800,cats_reg_g30b150,,False,CATS,150,regions,MultiMinded,1000,MaxIter,115.64999999999418,2502.8085,5,1712.02,630.28700000000003,2100.1264,2155.4408149001656,81.740296754241911,453.78536291100539,1,29,68,92,66
2,30,38,LinearHeuristicAuction,0.1,0.01,,True,,1000,10800,cats_reg_g30b150,,False,CATS,150,regions,MultiMinded,841,Balance,104.66000000000349,2067.4249,5,1460.04,478.96600000000001,2067.4249,2037.9728054171278,1842.4197543474293,1892.4721810937967,1,30,30,95,68
3,30,36,LinearHeuristicAuction,0.1,0.01,,True,,1000,10800,cats_reg_g30b150,,False,CATS,150,regions,MultiMinded,223,Balance,25.0,2226.2472000000002,3,1961.0,494.50999999999999,2226.2472000000002,2205.7258891616852,2086.4435479307485,2127.7966402705229,1,29,22,86,66
4,30,38,LinearHeuristicAuction,0.1,0.01,,True,,1000,10800,cats_reg_g30b150,,False,CATS,150,regions,MultiMinded,89,Balance,9.540000000008149,2004.9491999999998,11,1505.7,557.86300000000006,2004.9491999999998,1786.6351796315937,1273.7004910818853,1492.499202427088,1,30,2,79,68
5,30,35,LinearHeuristicAuction,0.1,0.01,,True,,1000,10800,cats_reg_g30b150,,False,CATS,150,regions,MultiMinded,178,Balance,19.30999999999767,1864.626,2,1703.97,505.12049999999999,1813.7730000000001,1754.9847192552822,1653.9606192552822,1763.4293027923175,1,30,5,86,65
6,30,35,LinearHeuristicAuction,0.1,0.01,,True,,1000,10800,cats_reg_g30b150,,False,CATS,150,regions,MultiMinded,1000,MaxIter,107.75,2116.0368,5,1959.83,614.52500000000009,1920.4137999999998,2159.5039775182458,912.53814106347318,919.52169456106469,1,30,19,85,65
7,30,35,LinearHeuristicAuction,0.1,0.01,,True,,1000,10800,cats_reg_g30b150,,False,CATS,150,regions,MultiMinded,113,Balance,12.029999999998836,2031.9575,6,1330.11,558.39999999999998,2031.9575,1897.393851174462,1612.6098511744624,1768.4853306839768,1,30,19,78,65
8,30,35,LinearHeuristicAuction,0.1,0.01,,True,,1000,10800,cats_reg_g30b150,,False,CATS,150,regions,MultiMinded,165,Balance,17.89999999999418,2027.57669,8,1379.5,642.28750000000002,2027.57669,1754.404826855915,1433.6275675663544,1720.7328011942052,1,30,41,77,65
9,30,36,LinearHeuristicAuction,0.1,0.01,,True,,1000,10800,cats_reg_g30b150,,False,CATS,150,regions,MultiMinded,270,Balance,30.920000000012806,1859.5272999999997,8,1542.29,443.88650000000001,1859.5272999999997,1797.4820306897586,1528.0113791474869,1637.4160730032049,1,28,52,87,66
10,30,34,LinearHeuristicAuction,0.1,0.01,,True,,1000,10800,cats_reg_g30b150,,False,CATS,150,regions,MultiMinded,1000,MaxIter,106.26999999998952,2566.974,2,2112.56,626.02300000000002,1259.7232,2464.0842978604946,2.1686624433183752,242.62218115432549,1,29,59,77,64
11,30,36,LinearHeuristicAuction,0.1,0.01,,True,,1000,10800,cats_reg_g30b150,,False,CATS,150,regions,MultiMinded,81,Balance,8.510000000009313,2431.6115,4,2098.81,721.22149999999999,2431.6115,2230.432742852995,2054.3521855852441,2256.4699903813953,1,30,3,81,66
12,30,32,LinearHeuristicAuction,0.1,0.01,,True,,1000,10800,cats_reg_g30b150,,False,CATS,150,regions,MultiMinded,1000,MaxIter,113.20999999999185,1865.81568,7,1645.15,855.13049999999998,1787.8909999999998,1772.7111374730662,289.45450525643406,423.19847885403999,1,30,31,80,62
13,30,35,LinearHeuristicAuction,0.1,0.01,,True,,1000,10800,cats_reg_g30b150,,False,CATS,150,regions,MultiMinded,1000,MaxIter,119.64999999999418,1773.5022000000001,4,1494.31,678.60900000000004,1541.9917,1712.8175238563915,0.0,162.15420897120151,1,30,33,85,65
14,30,32,LinearHeuristicAuction,0.1,0.01,,True,,1000,10800,cats_reg_g30b150,,False,CATS,150,regions,MultiMinded,661,Balance,72.71000000002095,1980.1873000000003,6,1559.99,631.08900000000006,1980.1873000000003,1768.7473137332743,1503.6899337332745,1716.6176005806508,1,30,24,74,62
15,30,36,LinearHeuristicAuction,0.1,0.01,,True,,1000,10800,cats_reg_g30b150,,False,CATS,150,regions,MultiMinded,17,Balance,1.9399999999732245,2512.4141000000004,3,2312.23,781.00699999999995,2512.4141000000004,2323.1064558668209,2207.7795597200966,2419.5119748654024,1,30,1,72,66
16,30,34,LinearHeuristicAuction,0.1,0.01,,True,,1000,10800,cats_reg_g30b150,,False,CATS,150,regions,MultiMinded,1000,MaxIter,115.29999999998836,1929.452,7,1789.44,584.255,1878.6934999999999,1903.6739804755998,969.87876240340938,1040.0664918896869,1,28,47,83,64
17,30,33,LinearHeuristicAuction,0.1,0.01,,True,,1000,10800,cats_reg_g30b150,,False,CATS,150,regions,MultiMinded,618,Balance,73.12000000002445,1934.7395999999999,5,1626.95,730.93200000000002,1840.0255000000002,1787.245442926758,1488.5414601480218,1582.2574139976368,1,30,96,80,63
18,30,34,LinearHeuristicAuction,0.1,0.01,,True,,1000,10800,cats_reg_g30b150,,False,CATS,150,regions,MultiMinded,120,Balance,12.679999999993015,2504.1384,4,1818.33,781.33600000000001,2504.1384,2360.0045351937542,2122.8038998303014,2300.0900975042746,1,29,32,77,64
19,30,36,LinearHeuristicAuction,0.1,0.01,,True,,1000,10800,cats_reg_g30b150,,False,CATS,150,regions,MultiMinded,9,Balance,0.889999999984866,2560.7110000000002,12,1508.06,549.71399999999994,2554.963,1978.3873242510251,1481.0373684499627,2128.1506306623005,1,29,9,73,66
20,30,37,LinearHeuristicAuction,0.1,0.01,,True,,1000,10800,cats_reg_g30b150,,False,CATS,150,regions,MultiMinded,1000,MaxIter,113.17999999999302,1801.7813999999998,6,1490.47,395.125,1456.8649,1773.3505601947581,311.52562541876529,380.25530788602498,1,30,26,97,67
21,30,33,LinearHeuristicAuction,0.1,0.01,,True,,1000,10800,cats_reg_g30b150,,False,CATS,150,regions,MultiMinded,160,Balance,18.239999999990687,1553.7635,3,1374.19,778.39550000000008,1553.7635,1464.6469289791469,1316.619484565543,1434.5850901519389,1,30,25,72,63
22,30,38,LinearHeuristicAuction,0.1,0.01,,True,,1000,10800,cats_reg_g30b150,,False,CATS,150,regions,MultiMinded,1000,MaxIter,118.75,2312.252,4,2123.59,638.69949999999994,2080.669,2394.8043103579475,272.54805908393587,280.14777652345174,1,29,40,90,68
23,30,38,LinearHeuristicAuction,0.1,0.01,,True,,1000,10800,cats_reg_g30b150,,False,CATS,150,regions,MultiMinded,362,Balance,38.30999999999767,2354.8725,7,1818.1,597.00800000000004,2354.8725,2088.6369827116405,1847.7721065095457,2116.1948768978127,1,30,34,84,68
24,30,35,LinearHeuristicAuction,0.1,0.01,,True,,1000,10800,cats_reg_g30b150,,False,CATS,150,regions,MultiMinded,1000,MaxIter,108.10999999998603,1892.4884,8,1241.36,538.58849999999995,1594.3949999999998,1728.3168180474509,284.19495882696447,543.44529769368546,1,30,75,82,65
25,30,33,LinearHeuristicAuction,0.1,0.01,,True,,1000,10800,cats_reg_g30b150,,False,CATS,150,regions,MultiMinded,823,Balance,96.33999999999651,1741.0822999999998,4,1538.41,861.41849999999999,1692.8544000000002,1604.4552708310141,1478.0270540315453,1628.7196996663486,1,29,97,75,63
26,30,34,LinearHeuristicAuction,0.1,0.01,,True,,1000,10800,cats_reg_g30b150,,False,CATS,150,regions,MultiMinded,1000,MaxIter,103.6699999999837,2008.668,8,1919.5,424.82100000000003,1723.1494,2015.1002911693115,927.80629693377659,1023.4784617197853,1,30,20,80,64
27,30,32,LinearHeuristicAuction,0.1,0.01,,True,,1000,10800,cats_reg_g30b150,,False,CATS,150,regions,MultiMinded,324,Balance,34.45000000001164,2175.2061,5,1890.21,644.31150000000002,2171.3010999999997,2237.3448163782946,1982.5544346439183,1992.3930541494331,1,29,36,87,62
28,30,37,LinearHeuristicAuction,0.1,0.01,,True,,1000,10800,cats_reg_g30b150,,False,CATS,150,regions,MultiMinded,1000,MaxIter,123.79999999998836,2040.43179,10,1615.6,517.23699999999997,2031.7835999999998,1966.2693562790294,1420.9562072835133,1548.6093960609135,1,30,44,95,67
29,30,33,LinearHeuristicAuction,0.1,0.01,,True,,1000,10800,cats_reg_g30b150,,False,CATS,150,regions,MultiMinded,1000,MaxIter,104.92999999999302,2111.632,3,1854.64,708.57899999999995,1802.048,1996.5927644626981,0.0,262.80344676940098,1,30,105,78,63
30,30,35,LinearHeuristicAuction,0.1,0.01,,True,,1000,10800,cats_reg_g30b150,,False,CATS,150,regions,MultiMinded,1000,MaxIter,115.79999999998836,2323.0769999999998,7,1594.17,462.18150000000003,2025.3443000000004,2079.8310739290018,598.45690574973992,829.81337187057409,1,30,30,90,65
31,30,34,LinearHeuristicAuction,0.1,0.01,,True,,1000,10800,cats_reg_g30b150,,False,CATS,150,regions,MultiMinded,131,Balance,13.809999999997672,2659.4860000000003,6,2167.09,585.07799999999997,2659.4860000000003,2527.1379506926687,2260.7742877412829,2410.8623538532015,1,29,18,86,64
32,30,37,LinearHeuristicAuction,0.1,0.01,,True,,1000,10800,cats_reg_g30b150,,False,CATS,150,regions,MultiMinded,340,Balance,38.539999999979045,1999.8556999999998,9,1545.46,522.50199999999995,1910.7444,1870.0722480252139,1457.3945974771977,1596.2645641084403,1,30,25,91,67
33,30,37,LinearHeuristicAuction,0.1,0.01,,True,,1000,10800,cats_reg_g30b150,,False,CATS,150,regions,MultiMinded,48,Balance,5.14000000001397,1805.9524000000001,4,1582.17,487.50400000000002,1790.6487000000002,1656.6642174468959,1577.265768266529,1804.5960925526026,1,28,84,88,67
34,30,39,LinearHeuristicAuction,0.1,0.01,,True,,1000,10800,cats_reg_g30b150,,False,CATS,150,regions,MultiMinded,1000,MaxIter,125.44000000000233,1983.6001999999999,1,1564.76,623.41200000000003,983.286,2049.625452959433,0,4.1925736271022558,1,30,33,92,69
35,30,38,LinearHeuristicAuction,0.1,0.01,,True,,1000,10800,cats_reg_g30b150,,False,CATS,150,regions,MultiMinded,550,Balance,62.44000000000233,2341.4052,8,1755.59,637.298,2341.4052,2257.8085482704487,1856.3108082704484,2042.3298306531024,1,29,22,90,68
36,30,33,LinearHeuristicAuction,0.1,0.01,,True,,1000,10800,cats_reg_g30b150,,False,CATS,150,regions,MultiMinded,1000,MaxIter,117.61999999999534,2136.9992,3,1693.26,587.83249999999998,1831.3418,2136.3894080536465,32.040588743663143,97.929853852830519,1,30,28,90,63
37,30,34,LinearHeuristicAuction,0.1,0.01,,True,,1000,10800,cats_reg_g30b150,,False,CATS,150,regions,MultiMinded,1000,MaxIter,108.27999999999884,1991.3467,4,1812.59,701.23299999999995,1695.2167000000002,1914.6079023772156,0.0,161.28761454275221,1,30,116,74,64
38,30,40,LinearHeuristicAuction,0.1,0.01,,True,,1000,10800,cats_reg_g30b150,,False,CATS,150,regions,MultiMinded,145,Balance,16.570000000006985,2724.0288,6,2153.9,576.38300000000004,2724.0288,2377.4895975500713,2141.310860176256,2501.7413573436243,1,29,41,93,70
39,30,30,LinearHeuristicAuction,0.1,0.01,,True,,1000,10800,cats_reg_g30b150,,False,CATS,150,regions,MultiMinded,47,Balance,4.6600000000034925,1968.0602,1,1918.66,764.726,1918.66,1994.6790652241957,1918.2064652241957,1983.6731007704448,1,30,51,65,60
40,30,33,LinearHeuristicAuction,0.1,0.01,,True,,1000,10800,cats_reg_g30b150,,False,CATS,150,regions,MultiMinded,58,Balance,6.279999999998836,1942.0583000000001,3,1674.34,688.69799999999998,1942.0583000000001,1902.8161178507053,1723.6314751681855,1763.7672633332213,1,30,3,70,63
41,30,35,LinearHeuristicAuction,0.1,0.01,,True,,1000,10800,cats_reg_g30b150,,False,CATS,150,regions,MultiMinded,136,Balance,15.480000000010477,1877.7214099999999,7,1423.29,646.35299999999995,1831.2470099999998,1820.2710370952409,1503.0547080636743,1586.1946496682262,1,29,70,82,65
42,30,32,LinearHeuristicAuction,0.1,0.01,,True,,1000,10800,cats_reg_g30b150,,False,CATS,150,regions,MultiMinded,125,Balance,14.209999999991851,2111.841,5,1703.5,646.17399999999998,2002.9270000000001,2163.0398853635352,1839.952885363535,1895.4331041711446,1,30,78,80,62
43,30,40,LinearHeuristicAuction,0.1,0.01,,True,,1000,10800,cats_reg_g30b150,,False,CATS,150,regions,MultiMinded,512,Balance,59.79000000000815,2446.7208,6,1927.69,685.90899999999999,2446.7208,2152.1720357464615,1895.5876967453639,2190.3059647011914,1,30,4,89,70
44,30,35,LinearHeuristicAuction,0.1,0.01,,True,,1000,10800,cats_reg_g30b150,,False,CATS,150,regions,MultiMinded,620,Balance,73.70999999999185,1711.1515999999997,8,1299.51,651.40899999999999,1579.7284999999997,1533.5816372684258,1084.5619842354015,1222.3871041686316,1,30,97,82,65
45,30,38,LinearHeuristicAuction,0.1,0.01,,True,,1000,10800,cats_reg_g30b150,,False,CATS,150,regions,MultiMinded,1000,MaxIter,119.02000000001863,2034.5094,3,1828.07,742.07299999999998,1865.0793999999999,2050.8134668426087,0.0,8.0376145324057795,1,30,42,91,68
46,30,31,LinearHeuristicAuction,0.1,0.01,,True,,1000,10800,cats_reg_g30b150,,False,CATS,150,regions,MultiMinded,44,Balance,4.5899999999965075,2564.0325000000003,4,2373.4,807.26099999999997,2564.0325000000003,2470.8280066081534,2259.7536706312567,2354.2714493542271,1,30,6,69,61
47,30,37,LinearHeuristicAuction,0.1,0.01,,True,,1000,10800,cats_reg_g30b150,,False,CATS,150,regions,MultiMinded,41,Balance,4.300000000017462,2233.1322,7,1669.44,664.97900000000004,2233.1322,1905.4177219346398,1673.1089689321045,2029.0873651054442,1,29,31,73,67
48,30,35,LinearHeuristicAuction,0.1,0.01,,True,,1000,10800,cats_reg_g30b150,,False,CATS,150,regions,MultiMinded,738,Balance,85.38000000000466,2069.4358,7,1826.01,556.24350000000004,2050.2718,1926.5260315742921,1597.5185790156834,1767.2219214130826,1,30,34,88,65
49,30,30,LinearHeuristicAuction,0.1,0.01,,True,,1000,10800,cats_reg_g30b150,,False,CATS,150,regions,MultiMinded,40,Balance,4.360000000015134,1979.7895999999998,6,1594.07,673.82600000000002,1979.7895999999998,1909.0176686613447,1611.7708086129489,1749.8499004347052,1,30,52,67,60
50,30,33,LinearHeuristicAuction,0.1,0.01,,True,,1000,10800,cats_reg_g30b150,,False,CATS,150,regions,MultiMinded,977,Balance,111.23000000001048,2110.6722999999997,7,1335.35,460.47550000000001,2110.6722999999997,1932.0667894968826,1674.9905605520721,1901.7140059745827,1,30,49,88,63
51,30,37,LinearHeuristicAuction,0.1,0.01,,True,,1000,10800,cats_reg_g30b150,,False,CATS,150,regions,MultiMinded,48,Balance,5.209999999991851,2245.4244000000003,6,1882.26,597.73699999999997,2245.4244000000003,2167.0636912990017,1901.5835035776797,2009.1433727253714,1,28,27,85,67
52,30,32,LinearHeuristicAuction,0.1,0.01,,True,,1000,10800,cats_reg_g30b150,,False,CATS,150,regions,MultiMinded,366,Balance,37.75999999998021,1756.6213,5,1409.87,556.45500000000004,1694.7150000000001,1646.6913791394682,1410.6753670609651,1545.2463640722949,1,29,54,78,62
53,30,34,LinearHeuristicAuction,0.1,0.01,,True,,1000,10800,cats_reg_g30b150,,False,CATS,150,regions,MultiMinded,244,Balance,27.580000000016298,2325.6629000000003,8,1796.97,570.23000000000002,2306.6109,2097.8302667151393,1710.3706217265699,1973.3996816054521,1,30,40,81,64
54,30,37,LinearHeuristicAuction,0.1,0.01,,True,,1000,10800,cats_reg_g30b150,,False,CATS,150,regions,MultiMinded,345,Balance,41.829999999987194,2355.424,6,2152.9,670.553,2355.424,2229.476518329006,2005.8345209042945,2132.9569243497144,1,29,11,90,67
55,30,33,LinearHeuristicAuction,0.1,0.01,,True,,1000,10800,cats_reg_g30b150,,False,CATS,150,regions,MultiMinded,1000,MaxIter,110.27999999999884,2078.1524999999997,8,1352.37,548.28150000000005,1425.5235,2044.6095847598087,433.06086904524238,494.80065618322692,1,30,36,85,63
56,30,39,LinearHeuristicAuction,0.1,0.01,,True,,1000,10800,cats_reg_g30b150,,False,CATS,150,regions,MultiMinded,261,Balance,30.119999999995343,1893.3772000000004,9,1498.24,591.42200000000003,1819.2022000000002,1683.1266175448543,1257.1153339178402,1475.0498493570849,1,29,46,85,69
57,30,36,LinearHeuristicAuction,0.1,0.01,,True,,1000,10800,cats_reg_g30b150,,False,CATS,150,regions,MultiMinded,1000,MaxIter,119.42999999999302,1899.5301999999997,2,1604.44,621.16750000000002,1677.8498,1876.5389132937285,11.292699450971362,25.568720029896312,1,30,32,92,66
58,30,36,LinearHeuristicAuction,0.1,0.01,,True,,1000,10800,cats_reg_g30b150,,False,CATS,150,regions,MultiMinded,1000,MaxIter,121.63000000000466,2429.6093,4,2057.42,832.86300000000006,2224.7813,2246.7132297280114,0.0,191.98326955774195,1,29,29,83,66
59,30,39,LinearHeuristicAuction,0.1,0.01,,True,,1000,10800,cats_reg_g30b150,,False,CATS,150,regions,MultiMinded,1000,MaxIter,124.57000000000698,2064.9126,6,1772.9,622.28800000000001,1478.8145,1996.9417116813756,215.44736027927863,331.15269047419002,1,30,30,88,69
60,30,35,LinearHeuristicAuction,0.1,0.01,,True,,1000,10800,cats_reg_g30b150,,False,CATS,150,regions,MultiMinded,23,Balance,2.3800000000046566,1956.0875,3,1842.74,450.80399999999997,1936.1575,1860.4813643456459,1807.7052586917857,1961.5004543151713,1,28,48,77,65
61,30,37,LinearHeuristicAuction,0.1,0.01,,True,,1000,10800,cats_reg_g30b150,,False,CATS,150,regions,MultiMinded,1000,MaxIter,112.3300000000163,1951.6029999999998,5,1560.47,530.9905,1414.2948999999999,1811.4673558541815,48.773257455520309,238.83737764321819,1,30,28,89,67
62,30,34,LinearHeuristicAuction,0.1,0.01,,True,,1000,10800,cats_reg_g30b150,,False,CATS,150,regions,MultiMinded,300,Balance,33.529999999998836,1978.0167,4,1737.89,582.94900000000007,1941.8931400000001,1818.39395124883,1737.3707643602311,1948.9408091544112,1,30,64,81,64
63,30,30,LinearHeuristicAuction,0.1,0.01,,True,,1000,10800,cats_reg_g30b150,,False,CATS,150,regions,MultiMinded,104,Balance,10.489999999990687,2547.4234,5,1821.34,869.476,2547.4234,2333.1175889538754,2059.1628127022582,2316.8612942592131,1,30,60,69,60
64,30,34,LinearHeuristicAuction,0.1,0.01,,True,,1000,10800,cats_reg_g30b150,,False,CATS,150,regions,MultiMinded,127,Balance,13.730000000010477,2427.9729,8,1844.14,792.92899999999997,2427.9729,2174.5402092184008,1685.4540438046211,1956.8033626369881,1,30,46,76,64
65,30,36,LinearHeuristicAuction,0.1,0.01,,True,,1000,10800,cats_reg_g30b150,,False,CATS,150,regions,MultiMinded,1000,MaxIter,117.91000000000349,2209.3287,5,1779.98,732.52250000000004,1623.2435,2070.4966295871654,17.598952232526912,222.93542519950148,1,29,29,84,66
66,30,30,LinearHeuristicAuction,0.1,0.01,,True,,1000,10800,cats_reg_g30b150,,False,CATS,150,regions,MultiMinded,36,Balance,3.790000000008149,2387.3904,2,2290.03,553.03500000000008,2387.3904,2296.9233133430503,2232.1789153557152,2377.7777366477007,1,29,2,73,60
67,30,41,LinearHeuristicAuction,0.1,0.01,,True,,1000,10800,cats_reg_g30b150,,False,CATS,150,regions,MultiMinded,1000,MaxIter,120.16000000000349,2130.5865999999996,10,1569.3,447.20299999999997,2071.6138,2033.4563577425838,1618.2493885169024,1799.0611197295466,1,29,26,106,71
68,30,34,LinearHeuristicAuction,0.1,0.01,,True,,1000,10800,cats_reg_g30b150,,False,CATS,150,regions,MultiMinded,21,Balance,2.1999999999825377,1871.0335999999998,7,1491.62,623.48450000000003,1857.0625,1798.5118962919817,1480.1647381016044,1622.5258733854253,1,30,56,79,64
69,30,34,LinearHeuristicAuction,0.1,0.01,,True,,1000,10800,cats_reg_g30b150,,False,CATS,150,regions,MultiMinded,62,Balance,6.980000000010477,2248.1536,8,1918.69,909.28949999999998,2248.1536,2104.3756086149306,1640.6029111579746,1805.9922443335929,1,29,21,73,64
70,30,32,LinearHeuristicAuction,0.1,0.01,,True,,1000,10800,cats_reg_g30b150,,False,CATS,150,regions,MultiMinded,231,Balance,24.949999999982538,2074.3614,8,1794.89,671.03600000000006,2062.3628,1910.7363141351336,1482.8037992537261,1637.359146979622,1,30,27,70,62
71,30,30,LinearHeuristicAuction,0.1,0.01,,True,,1000,10800,cats_reg_g30b150,,False,CATS,150,regions,MultiMinded,1000,MaxIter,108.92999999999302,2107.4125,2,1919.92,672.68100000000004,1414.6795,2130.8499590912747,0.0,69.114411654923131,1,29,87,73,60
72,30,35,LinearHeuristicAuction,0.1,0.01,,True,,1000,10800,cats_reg_g30b150,,False,CATS,150,regions,MultiMinded,139,Balance,15.630000000004657,1946.4843000000003,8,1216.53,554.09649999999999,1946.4843000000003,1743.5931393994056,1453.5132263504511,1693.9281855687673,1,30,23,82,65
73,30,35,LinearHeuristicAuction,0.1,0.01,,True,,1000,10800,cats_reg_g30b150,,False,CATS,150,regions,MultiMinded,1000,MaxIter,106.29000000000815,1852.6272999999999,4,1445.38,663.03899999999999,1680.3342,1667.6879749857969,0.0,292.52218957063803,1,30,87,82,65
74,30,31,LinearHeuristicAuction,0.1,0.01,,True,,1000,10800,cats_reg_g30b150,,False,CATS,150,regions,MultiMinded,1000,MaxIter,114.13000000000466,2020.0417,4,1744.34,781.83899999999994,1170.6984,1923.123708180575,0.0,118.36228654229706,1,30,22,74,61
75,30,39,LinearHeuristicAuction,0.1,0.01,,True,,1000,10800,cats_reg_g30b150,,False,CATS,150,regions,MultiMinded,1000,MaxIter,107.58999999999651,2549.9302,4,1890.83,637.39099999999996,1436.0946,2425.2553657182038,0.0,226.00894543310426,1,30,72,93,69
76,30,36,LinearHeuristicAuction,0.1,0.01,,True,,1000,10800,cats_reg_g30b150,,False,CATS,150,regions,MultiMinded,1000,MaxIter,113.41000000000349,1970.4382,2,1633.82,405.01099999999997,1741.397,2035.52901919893,32.965340451191658,79.417752445374305,1,30,57,83,66
77,30,34,LinearHeuristicAuction,0.1,0.01,,True,,1000,10800,cats_reg_g30b150,,False,CATS,150,regions,MultiMinded,96,Balance,11.39000000001397,1646.3148,2,1576.38,831.28949999999998,1646.3148,1639.5151309501045,1488.7694283899532,1495.5690974398487,1,30,0,72,64
78,30,34,LinearHeuristicAuction,0.1,0.01,,True,,1000,10800,cats_reg_g30b150,,False,CATS,150,regions,MultiMinded,348,Balance,37.44000000000233,2412.1546,7,1881.66,768.41550000000007,2346.1201,2294.358145314608,1864.6578322341104,2013.0883956795287,1,29,72,77,64
79,30,29,LinearHeuristicAuction,0.1,0.01,,True,,1000,10800,cats_reg_g30b150,,False,CATS,150,regions,MultiMinded,134,Balance,14.619999999995343,2267.359,4,2060.3,919.01300000000003,2256.911,2191.6275163552291,1905.120686231855,2075.5572149298723,1,29,71,69,59
80,30,37,LinearHeuristicAuction,0.1,0.01,,True,,1000,10800,cats_reg_g30b150,,False,CATS,150,regions,MultiMinded,1000,MaxIter,113.75,2112.5864,8,1592.54,576.49599999999998,1943.511,1972.6105517112157,1150.1846537949561,1311.8787525593536,1,30,24,84,67
81,30,33,LinearHeuristicAuction,0.1,0.01,,True,,1000,10800,cats_reg_g30b150,,False,CATS,150,regions,MultiMinded,427,Balance,49.829999999987194,1652.215,4,1316.69,725.81600000000003,1652.215,1650.9528968832437,1384.610859489112,1394.3666121483243,1,30,49,75,63
82,30,35,LinearHeuristicAuction,0.1,0.01,,True,,1000,10800,cats_reg_g30b150,,False,CATS,150,regions,MultiMinded,1000,MaxIter,112.17999999999302,2109.0315,8,1900.31,619.13249999999994,2041.9078000000002,2192.579322448636,1565.1581052872625,1624.3788789583784,1,30,47,83,65
83,30,32,LinearHeuristicAuction,0.1,0.01,,True,,1000,10800,cats_reg_g30b150,,False,CATS,150,regions,MultiMinded,84,Balance,9.440000000002328,2576.43019,7,2027.96,1059.6700000000001,2576.43019,2524.1823659653428,1993.3505870971549,2068.8695475047166,1,30,21,74,62
84,30,34,LinearHeuristicAuction,0.1,0.01,,True,,1000,10800,cats_reg_g30b150,,False,CATS,150,regions,MultiMinded,1000,MaxIter,106.26999999998952,1983.6759000000002,3,1485.27,650.14099999999996,1622.8608,1813.6582378141784,0.0,238.42795149044699,1,30,36,80,64
85,30,33,LinearHeuristicAuction,0.1,0.01,,True,,1000,10800,cats_reg_g30b150,,False,CATS,150,regions,MultiMinded,33,Balance,3.5199999999895226,1650.3177,5,1136.81,534.83399999999995,1650.3177,1600.3648637743513,1392.8826153159494,1473.6288007212879,1,30,22,73,63
86,30,37,LinearHeuristicAuction,0.1,0.01,,True,,1000,10800,cats_reg_g30b150,,False,CATS,150,regions,MultiMinded,42,Balance,4.290000000008149,2073.2363,6,1605.13,504.47649999999999,2069.3503,1908.7272494895406,1681.1007918665628,1861.5575196118357,1,30,26,80,67
87,30,34,LinearHeuristicAuction,0.1,0.01,,True,,1000,10800,cats_reg_g30b150,,False,CATS,150,regions,MultiMinded,1000,MaxIter,110.0,2161.5317,8,1611.82,461.19499999999999,1999.7446,2064.5941982080872,859.43512720798981,1040.2267073056566,1,29,42,84,64
88,30,35,LinearHeuristicAuction,0.1,0.01,,True,,1000,10800,cats_reg_g30b150,,False,CATS,150,regions,MultiMinded,540,Balance,63.85999999998603,1960.6723,6,1579.4,529.16499999999996,1921.4421000000002,1899.775676176517,1660.4679693174155,1747.3629630375387,1,30,35,84,65
89,30,40,LinearHeuristicAuction,0.1,0.01,,True,,1000,10800,cats_reg_g30b150,,False,CATS,150,regions,MultiMinded,56,Balance,6.419999999983702,2103.4608,12,1324.86,455.78500000000003,2103.4608,1687.0212988086369,1300.3860522381124,1730.2229389703155,1,29,11,88,70
90,30,36,LinearHeuristicAuction,0.1,0.01,,True,,1000,10800,cats_reg_g30b150,,False,CATS,150,regions,MultiMinded,1000,MaxIter,111.13999999998487,2252.2093,4,1749.09,686.99800000000005,2045.0853000000002,2113.2227819337481,389.47500594602514,555.52706006552864,1,29,22,83,66
91,30,37,LinearHeuristicAuction,0.1,0.01,,True,,1000,10800,cats_reg_g30b150,,False,CATS,150,regions,MultiMinded,1000,MaxIter,107.35999999998603,2533.4677,9,1557.05,605.50300000000004,1911.6908,2098.8084078880447,393.7049023943818,833.13261098634007,1,29,40,85,67
92,30,37,LinearHeuristicAuction,0.1,0.01,,True,,1000,10800,cats_reg_g30b150,,False,CATS,150,regions,MultiMinded,1000,MaxIter,110.64000000001397,2087.0795,5,1557.29,467.12700000000001,1696.0839,1949.8565557497104,93.770330235900261,251.99343611388485,1,30,87,89,67
93,30,34,LinearHeuristicAuction,0.1,0.01,,True,,1000,10800,cats_reg_g30b150,,False,CATS,150,regions,MultiMinded,31,Balance,3.070000000006985,2220.4165999999996,8,1477.09,531.97949999999992,2187.6236,2057.3117756043621,1691.4896158355562,1868.7384178556322,1,30,27,79,64
94,30,33,LinearHeuristicAuction,0.1,0.01,,True,,1000,10800,cats_reg_g30b150,,False,CATS,150,regions,MultiMinded,1000,MaxIter,118.04000000000815,2089.1439,4,1850.23,583.02999999999997,2035.0619,1987.0593131553039,237.06591380324846,394.63448299446702,1,29,21,85,63
95,30,36,LinearHeuristicAuction,0.1,0.01,,True,,1000,10800,cats_reg_g30b150,,False,CATS,150,regions,MultiMinded,1000,MaxIter,105.17999999999302,2218.1557,2,1747.55,732.99250000000006,1803.3075999999999,2114.3273143615584,0.0,133.00924774918474,1,30,69,84,66
96,30,33,LinearHeuristicAuction,0.1,0.01,,True,,1000,10800,cats_reg_g30b150,,False,CATS,150,regions,MultiMinded,1000,MaxIter,113.05000000001746,1873.9284000000002,4,1690.89,555.43200000000002,1873.9284000000002,1915.6591382354045,18.55387326551979,80.002017393783333,1,30,60,78,63
97,30,37,LinearHeuristicAuction,0.1,0.01,,True,,1000,10800,cats_reg_g30b150,,False,CATS,150,regions,MultiMinded,34,Balance,3.8099999999976717,1853.4531000000002,7,1334.16,635.36699999999996,1790.2279,1737.2674204818641,1413.230250481864,1560.7332978734703,1,28,37,78,67
98,30,36,LinearHeuristicAuction,0.1,0.01,,True,,1000,10800,cats_reg_g30b150,,False,CATS,150,regions,MultiMinded,250,Balance,28.529999999998836,2779.0163,8,2131.76,620.35799999999995,2779.0163,2707.2159510988408,2266.7617710988407,2349.1990397406998,1,30,35,83,66
99,30,37,LinearHeuristicAuction,0.1,0.01,,True,,1000,10800,cats_reg_g30b150,,False,CATS,150,regions,MultiMinded,1000,MaxIter,118.98000000001048,2286.8288000000002,2,1573.72,543.00099999999998,1223.2448,2280.3151640270121,0.0,97.205416359090762,1,29,49,96,67
100,30,32,LinearHeuristicAuction,0.1,0.01,,True,,1000,10800,cats_reg_g30b150,,False,CATS,150,regions,MultiMinded,1000,MaxIter,112.89999999999418,1906.0085,3,1496.95,591.39400000000001,1479.8069999999998,1793.0269209222381,43.093820888459064,171.84631403002095,1,30,106,81,62
