idx,items,agents,auction_class,epsilon,stepc,epoch,scalebyvalue,reserve_type,maxiter,maxtime,generator_param_name,personalized,int_prices,generator,bids,distribution,type,rounds,status,runtime,efficient_value,final_num_winners,final_max_agent_value,final_scalevalue,final_value,final_total_price,final_revenue,final_indirect_util,final_price_degree,final_price_sparsity,final_imbalance,final_wd_nvars,final_wd_ncons
1,30,36,LinearSubgradientAuction,0.1,0.04,,True,,1000,10800,cats_reg_g30b150,,False,CATS,150,regions,MultiMinded,78,Balance,110.33000000000175,2502.8085,10,1712.02,630.28700000000003,2502.8085,2194.0888114710497,1726.6566118767976,2105.4646886455384,1,28,14,2124,3162
2,30,38,LinearSubgradientAuction,0.1,0.04,,True,,1000,10800,cats_reg_g30b150,,False,CATS,150,regions,MultiMinded,1000,MaxIter,1546.949999999997,2067.4249,6,1460.04,478.96600000000001,1073.2319,2078.2362343686991,840.68648086230985,876.91656292307255,1,29,8,2280,3412
3,30,36,LinearSubgradientAuction,0.1,0.04,,True,,1000,10800,cats_reg_g30b150,,False,CATS,150,regions,MultiMinded,1000,MaxIter,1435.1699999999983,2226.2472000000002,3,1961.0,494.50999999999999,204.8765,2230.302409815381,32.540782812243947,60.540609927773929,1,28,24,2124,3162
4,30,38,LinearSubgradientAuction,0.1,0.04,,True,,1000,10800,cats_reg_g30b150,,False,CATS,150,regions,MultiMinded,84,Balance,130.77000000000407,2004.9491999999998,11,1505.7,557.86300000000006,2004.9491999999998,1885.9470052477741,1305.5812361984567,1425.4467487629672,1,30,4,2318,3488
5,30,35,LinearSubgradientAuction,0.1,0.04,,True,,1000,10800,cats_reg_g30b150,,False,CATS,150,regions,MultiMinded,1000,MaxIter,1434.9900000000052,1864.626,3,1703.97,505.12049999999999,501.371,1858.8569625701257,131.39970037939815,143.88398569042232,1,30,24,2135,3215
6,30,35,LinearSubgradientAuction,0.1,0.04,,True,,1000,10800,cats_reg_g30b150,,False,CATS,150,regions,MultiMinded,1000,MaxIter,1412.4100000000035,2116.0368,6,1959.83,614.52500000000009,1381.6978,2239.5718297019962,1147.0022862830983,1153.5878819392819,1,29,24,2100,3145
7,30,35,LinearSubgradientAuction,0.1,0.04,,True,,1000,10800,cats_reg_g30b150,,False,CATS,150,regions,MultiMinded,120,Balance,174.43000000000757,2031.9575,6,1330.11,558.39999999999998,2031.9575,1957.5873246730916,1656.0513246730918,1784.6093551329052,1,30,3,2135,3215
8,30,35,LinearSubgradientAuction,0.1,0.04,,True,,1000,10800,cats_reg_g30b150,,False,CATS,150,regions,MultiMinded,1000,MaxIter,1454.4600000000064,2027.57669,8,1379.5,642.28750000000002,1052.56369,1934.8236878362734,581.30822002982677,715.67230084902565,1,30,15,2135,3215
9,30,36,LinearSubgradientAuction,0.1,0.04,,True,,1000,10800,cats_reg_g30b150,,False,CATS,150,regions,MultiMinded,1000,MaxIter,1417.9700000000012,1859.5272999999997,6,1542.29,443.88650000000001,274.2326,1812.2908068429122,81.991646386606448,176.8118990829376,1,28,28,2124,3162
10,30,34,LinearSubgradientAuction,0.1,0.04,,True,,1000,10800,cats_reg_g30b150,,False,CATS,150,regions,MultiMinded,1000,MaxIter,1402.3099999999977,2566.974,6,2112.56,626.02300000000002,1173.855,2553.9108598186281,802.66111411235431,929.50084626534249,1,29,8,2040,3056
11,30,36,LinearSubgradientAuction,0.1,0.04,,True,,1000,10800,cats_reg_g30b150,,False,CATS,150,regions,MultiMinded,125,Balance,181.8799999999901,2431.6115,5,2098.81,721.22149999999999,2431.6115,2332.1466497459378,2054.8258974343967,2203.995988954644,1,29,20,2160,3234
12,30,32,LinearSubgradientAuction,0.1,0.04,,True,,1000,10800,cats_reg_g30b150,,False,CATS,150,regions,MultiMinded,1000,MaxIter,1328.8300000000017,1865.81568,9,1645.15,855.13049999999998,824.24278,1940.2350616384779,437.98728185446953,506.21874668410101,1,30,21,1952,2942
13,30,35,LinearSubgradientAuction,0.1,0.04,,True,,1000,10800,cats_reg_g30b150,,False,CATS,150,regions,MultiMinded,1000,MaxIter,1447.320000000007,1773.5022000000001,11,1494.31,678.60900000000004,1547.5763000000002,1844.6213141323212,1063.1650141513549,1123.8352511731885,1,30,41,2135,3215
14,30,32,LinearSubgradientAuction,0.1,0.04,,True,,1000,10800,cats_reg_g30b150,,False,CATS,150,regions,MultiMinded,1000,MaxIter,1321.6100000000006,1980.1873000000003,5,1559.99,631.08900000000006,686.1447000000001,1913.06004397216,412.75958940309232,553.41476309209713,1,30,19,1952,2942
15,30,36,LinearSubgradientAuction,0.1,0.04,,True,,1000,10800,cats_reg_g30b150,,False,CATS,150,regions,MultiMinded,58,Balance,83.36000000000058,2512.4141000000004,3,2312.23,781.00699999999995,2512.4141000000004,2398.1329304444798,2193.0775394502007,2313.1233904289093,1,29,3,2160,3234
16,30,34,LinearSubgradientAuction,0.1,0.04,,True,,1000,10800,cats_reg_g30b150,,False,CATS,150,regions,MultiMinded,1000,MaxIter,1350.7399999999907,1929.452,11,1789.44,584.255,824.9317,1969.7264252212196,480.1509007649459,536.46280076494588,1,28,40,2006,2988
17,30,33,LinearSubgradientAuction,0.1,0.04,,True,,1000,10800,cats_reg_g30b150,,False,CATS,150,regions,MultiMinded,204,Balance,282.13000000000466,1934.7395999999999,7,1626.95,730.93200000000002,1930.7445000000002,1905.9714282697739,1468.8507324675472,1534.5457551837023,1,30,44,2013,3033
18,30,34,LinearSubgradientAuction,0.1,0.04,,True,,1000,10800,cats_reg_g30b150,,False,CATS,150,regions,MultiMinded,1000,MaxIter,1406.0399999999936,2504.1384,5,1818.33,781.33600000000001,2297.8333000000002,2422.8513458451162,148.78597696339881,246.67496319796942,1,29,9,2040,3056
19,30,36,LinearSubgradientAuction,0.1,0.04,,True,,1000,10800,cats_reg_g30b150,,False,CATS,150,regions,MultiMinded,124,Balance,173.81999999999243,2560.7110000000002,12,1508.06,549.71399999999994,2557.321,2178.3297548826845,1702.2613010574141,2099.0982252614599,1,28,7,2124,3162
20,30,37,LinearSubgradientAuction,0.1,0.04,,True,,1000,10800,cats_reg_g30b150,,False,CATS,150,regions,MultiMinded,1000,MaxIter,1529.9699999999866,1801.7813999999998,5,1490.47,395.125,567.3204,1808.6432327998975,315.33683844184065,370.91745697256238,1,30,21,2257,3397
21,30,33,LinearSubgradientAuction,0.1,0.04,,True,,1000,10800,cats_reg_g30b150,,False,CATS,150,regions,MultiMinded,619,Balance,853.4000000000087,1553.7635,4,1374.19,778.39550000000008,1553.7635,1608.7022765045003,1322.6988666662055,1335.81276,1,30,1,2013,3033
22,30,38,LinearSubgradientAuction,0.1,0.04,,True,,1000,10800,cats_reg_g30b150,,False,CATS,150,regions,MultiMinded,1000,MaxIter,1557.5299999999988,2312.252,2,2123.59,638.69949999999994,86.586,2392.9398104907091,22.683209287015011,32.50686798590835,1,29,26,2280,3412
23,30,38,LinearSubgradientAuction,0.1,0.04,,True,,1000,10800,cats_reg_g30b150,,False,CATS,150,regions,MultiMinded,69,Balance,104.86000000000058,2354.8725,8,1818.1,597.00800000000004,2354.8725,2173.4484771811076,1835.0142883666422,2077.659389022363,1,29,9,2280,3412
24,30,35,LinearSubgradientAuction,0.1,0.04,,True,,1000,10800,cats_reg_g30b150,,False,CATS,150,regions,MultiMinded,1000,MaxIter,1447.5,1892.4884,11,1241.36,538.58849999999995,911.1487999999999,1831.6159560298729,435.7871507876938,589.80337872424968,1,30,21,2135,3215
25,30,33,LinearSubgradientAuction,0.1,0.04,,True,,1000,10800,cats_reg_g30b150,,False,CATS,150,regions,MultiMinded,1000,MaxIter,1364.409999999989,1741.0822999999998,3,1538.41,861.41849999999999,244.13760000000002,1759.8655960527519,0.0,86.590511513842813,1,30,26,2013,3033
26,30,34,LinearSubgradientAuction,0.1,0.04,,True,,1000,10800,cats_reg_g30b150,,False,CATS,150,regions,MultiMinded,1000,MaxIter,1398.6000000000058,2008.668,8,1919.5,424.82100000000003,1543.8754,2036.1429992537942,1247.7949942868481,1329.7599714743023,1,29,24,2040,3056
27,30,32,LinearSubgradientAuction,0.1,0.04,,True,,1000,10800,cats_reg_g30b150,,False,CATS,150,regions,MultiMinded,1000,MaxIter,1257.5899999999965,2175.2061,6,1890.21,644.31150000000002,1035.801,2260.3831611425012,851.31226476519998,861.41024068691422,1,28,18,1888,2814
28,30,37,LinearSubgradientAuction,0.1,0.04,,True,,1000,10800,cats_reg_g30b150,,False,CATS,150,regions,MultiMinded,759,Balance,1156.8899999999994,2040.43179,9,1615.6,517.23699999999997,2040.43179,1970.9513487733041,1649.3743859310669,1764.6061621036799,1,29,25,2220,3323
29,30,33,LinearSubgradientAuction,0.1,0.04,,True,,1000,10800,cats_reg_g30b150,,False,CATS,150,regions,MultiMinded,1000,MaxIter,1378.409999999989,2111.632,3,1854.64,708.57899999999995,367.71999999999997,2159.1522657557521,0.0,136.41562086775861,1,30,26,2013,3033
30,30,35,LinearSubgradientAuction,0.1,0.04,,True,,1000,10800,cats_reg_g30b150,,False,CATS,150,regions,MultiMinded,1000,MaxIter,1386.229999999996,2323.0769999999998,8,1594.17,462.18150000000003,1821.8382000000001,2101.9750953000985,1278.2272362150311,1548.5809548700176,1,29,6,2100,3145
31,30,34,LinearSubgradientAuction,0.1,0.04,,True,,1000,10800,cats_reg_g30b150,,False,CATS,150,regions,MultiMinded,106,Balance,137.68000000000757,2659.4860000000003,7,2167.09,585.07799999999997,2659.4860000000003,2579.6325931753067,2270.7289691817182,2408.8579868859019,1,28,8,2006,2988
32,30,37,LinearSubgradientAuction,0.1,0.04,,True,,1000,10800,cats_reg_g30b150,,False,CATS,150,regions,MultiMinded,1000,MaxIter,1525.2900000000081,1999.8556999999998,5,1545.46,522.50199999999995,323.2877,1949.3745627115215,81.910349841917139,165.52589377550163,1,30,23,2257,3397
33,30,37,LinearSubgradientAuction,0.1,0.04,,True,,1000,10800,cats_reg_g30b150,,False,CATS,150,regions,MultiMinded,1000,MaxIter,1505.0199999999895,1805.9524000000001,7,1582.17,487.50400000000002,777.1176,1672.8504944141628,420.54663284411549,580.86253612156531,1,29,19,2220,3323
34,30,39,LinearSubgradientAuction,0.1,0.04,,True,,1000,10800,cats_reg_g30b150,,False,CATS,150,regions,MultiMinded,1000,MaxIter,1643.9600000000064,1983.6001999999999,5,1564.76,623.41200000000003,939.007,2040.4661446835032,689.84516168371363,699.78790209464285,1,30,20,2379,3579
35,30,38,LinearSubgradientAuction,0.1,0.04,,True,,1000,10800,cats_reg_g30b150,,False,CATS,150,regions,MultiMinded,1000,MaxIter,1555.409999999989,2341.4052,9,1755.59,637.298,501.81809999999996,2337.4097518134963,135.19581586664376,239.15935305614522,1,29,19,2280,3412
36,30,33,LinearSubgradientAuction,0.1,0.04,,True,,1000,10800,cats_reg_g30b150,,False,CATS,150,regions,MultiMinded,1000,MaxIter,1331.0799999999872,2136.9992,3,1693.26,587.83249999999998,947.287,2184.741769233874,172.73781158400485,227.03924183539047,1,29,24,1980,2967
37,30,34,LinearSubgradientAuction,0.1,0.04,,True,,1000,10800,cats_reg_g30b150,,False,CATS,150,regions,MultiMinded,1000,MaxIter,1413.5800000000017,1991.3467,7,1812.59,701.23299999999995,975.3035,2002.2193657227426,635.87474346160627,727.41777937888935,1,30,15,2074,3124
38,30,40,LinearSubgradientAuction,0.1,0.04,,True,,1000,10800,cats_reg_g30b150,,False,CATS,150,regions,MultiMinded,123,Balance,201.86999999999534,2724.0288,6,2153.9,576.38300000000004,2724.0288,2453.6668820688033,2177.0030420688031,2447.3649599999994,1,29,0,2400,3590
39,30,30,LinearSubgradientAuction,0.1,0.04,,True,,1000,10800,cats_reg_g30b150,,False,CATS,150,regions,MultiMinded,1000,MaxIter,1217.9300000000076,1968.0602,3,1918.66,764.726,818.259,2041.805269231671,562.19053904384964,671.09048077381294,1,30,20,1830,2760
40,30,33,LinearSubgradientAuction,0.1,0.04,,True,,1000,10800,cats_reg_g30b150,,False,CATS,150,regions,MultiMinded,67,Balance,91.99000000000524,1942.0583000000001,4,1674.34,688.69799999999998,1942.0583000000001,1900.7004220859856,1695.5215811028561,1744.1779398339497,1,30,2,2013,3033
41,30,35,LinearSubgradientAuction,0.1,0.04,,True,,1000,10800,cats_reg_g30b150,,False,CATS,150,regions,MultiMinded,1000,MaxIter,1442.4700000000012,1877.7214099999999,12,1423.29,646.35299999999995,1195.0119099999997,1925.9177140484537,805.38842658208159,827.7115493049763,1,30,51,2135,3215
42,30,32,LinearSubgradientAuction,0.1,0.04,,True,,1000,10800,cats_reg_g30b150,,False,CATS,150,regions,MultiMinded,1000,MaxIter,1320.9400000000023,2111.841,4,1703.5,646.17399999999998,582.819,2245.7047623179533,377.3912831352643,409.40694129333008,1,30,9,1952,2942
43,30,40,LinearSubgradientAuction,0.1,0.04,,True,,1000,10800,cats_reg_g30b150,,False,CATS,150,regions,MultiMinded,331,Balance,548.0400000000081,2446.7208,6,1927.69,685.90899999999999,2446.7208,2199.0627770600204,1897.2628170600203,2145.7413739863341,1,29,7,2400,3590
44,30,35,LinearSubgradientAuction,0.1,0.04,,True,,1000,10800,cats_reg_g30b150,,False,CATS,150,regions,MultiMinded,1000,MaxIter,1444.6900000000023,1711.1515999999997,5,1299.51,651.40899999999999,1127.6966,1640.6276077219854,420.33192758810509,544.5954635536749,1,30,18,2135,3215
45,30,38,LinearSubgradientAuction,0.1,0.04,,True,,1000,10800,cats_reg_g30b150,,False,CATS,150,regions,MultiMinded,1000,MaxIter,1590.5299999999988,2034.5094,11,1828.07,742.07299999999998,1660.5948999999998,2101.3976622976807,1334.9375964936839,1338.9443076205569,1,30,36,2318,3488
46,30,31,LinearSubgradientAuction,0.1,0.04,,True,,1000,10800,cats_reg_g30b150,,False,CATS,150,regions,MultiMinded,59,Balance,73.66999999999825,2564.0325000000003,5,2373.4,807.26099999999997,2508.5015000000003,2521.0830683598342,2278.1176821247645,2322.3127112357588,1,30,3,1891,2851
47,30,37,LinearSubgradientAuction,0.1,0.04,,True,,1000,10800,cats_reg_g30b150,,False,CATS,150,regions,MultiMinded,1000,MaxIter,1527.7200000000012,2233.1322,10,1669.44,664.97900000000004,1567.5362,2040.2712507838978,955.57092707160484,1171.8777247210612,1,29,14,2220,3323
48,30,35,LinearSubgradientAuction,0.1,0.04,,True,,1000,10800,cats_reg_g30b150,,False,CATS,150,regions,MultiMinded,1000,MaxIter,1436.4700000000012,2069.4358,5,1826.01,556.24350000000004,1451.3009000000002,2034.1126398924771,508.00228991509829,654.95745931059696,1,30,22,2135,3215
49,30,30,LinearSubgradientAuction,0.1,0.04,,True,,1000,10800,cats_reg_g30b150,,False,CATS,150,regions,MultiMinded,844,Balance,1038.679999999993,1979.7895999999998,8,1594.07,673.82600000000002,1947.032,1988.3970069617737,1600.7859829983574,1688.6953890009192,1,30,30,1830,2760
50,30,33,LinearSubgradientAuction,0.1,0.04,,True,,1000,10800,cats_reg_g30b150,,False,CATS,150,regions,MultiMinded,1000,MaxIter,1321.5800000000017,2110.6722999999997,8,1335.35,460.47550000000001,604.9643,2036.1320231388781,268.17973585750963,481.60787658314621,1,29,31,1980,2967
51,30,37,LinearSubgradientAuction,0.1,0.04,,True,,1000,10800,cats_reg_g30b150,,False,CATS,150,regions,MultiMinded,83,Balance,119.79000000000815,2245.4244000000003,7,1882.26,597.73699999999997,2245.4244000000003,2248.0177748221859,1896.9964687252468,1955.181760556831,1,28,19,2183,3249
52,30,32,LinearSubgradientAuction,0.1,0.04,,True,,1000,10800,cats_reg_g30b150,,False,CATS,150,regions,MultiMinded,79,Balance,101.77000000000407,1756.6213,7,1409.87,556.45500000000004,1756.6213,1686.5134407829762,1355.296090650987,1463.5127568620151,1,29,13,1920,2878
53,30,34,LinearSubgradientAuction,0.1,0.04,,True,,1000,10800,cats_reg_g30b150,,False,CATS,150,regions,MultiMinded,1000,MaxIter,1387.9400000000023,2325.6629000000003,9,1796.97,570.23000000000002,1623.0464,2216.9991071278291,1063.8291864988146,1229.0074486374729,1,29,15,2040,3056
54,30,37,LinearSubgradientAuction,0.1,0.04,,True,,1000,10800,cats_reg_g30b150,,False,CATS,150,regions,MultiMinded,68,Balance,99.14999999999418,2355.424,7,2152.9,670.553,2355.424,2292.0771666887313,1995.7953158622977,2121.1136072939794,1,28,5,2183,3249
55,30,33,LinearSubgradientAuction,0.1,0.04,,True,,1000,10800,cats_reg_g30b150,,False,CATS,150,regions,MultiMinded,1000,MaxIter,1389.0100000000093,2078.1524999999997,12,1352.37,548.28150000000005,1199.9685,2078.7717298413827,837.81832858575103,871.80423315222504,1,30,36,2013,3033
56,30,39,LinearSubgradientAuction,0.1,0.04,,True,,1000,10800,cats_reg_g30b150,,False,CATS,150,regions,MultiMinded,218,Balance,347.95999999999185,1893.3772000000004,9,1498.24,591.42200000000003,1893.3772000000004,1834.2438053550627,1361.1062053550629,1463.7710540281905,1,29,16,2340,3501
57,30,36,LinearSubgradientAuction,0.1,0.04,,True,,1000,10800,cats_reg_g30b150,,False,CATS,150,regions,MultiMinded,1000,MaxIter,1493.5100000000093,1899.5301999999997,4,1604.44,621.16750000000002,634.2559,1927.5225287963267,148.50700387108427,196.13014141485547,1,30,21,2196,3306
58,30,36,LinearSubgradientAuction,0.1,0.04,,True,,1000,10800,cats_reg_g30b150,,False,CATS,150,regions,MultiMinded,145,Balance,218.5899999999965,2429.6093,7,2057.42,832.86300000000006,2429.6093,2422.021938188524,1902.3689534104753,1992.8717500345901,1,30,2,2196,3306
59,30,39,LinearSubgradientAuction,0.1,0.04,,True,,1000,10800,cats_reg_g30b150,,False,CATS,150,regions,MultiMinded,1000,MaxIter,1628.820000000007,2064.9126,6,1772.9,622.28800000000001,1401.7036,2053.7499446169568,1012.225524873919,1116.9553863185811,1,30,25,2379,3579
60,30,35,LinearSubgradientAuction,0.1,0.04,,True,,1000,10800,cats_reg_g30b150,,False,CATS,150,regions,MultiMinded,141,Balance,197.4600000000064,1956.0875,9,1842.74,450.80399999999997,1956.0875,1910.1818597578199,1578.5472313268344,1667.57294,1,28,1,2065,3075
61,30,37,LinearSubgradientAuction,0.1,0.04,,True,,1000,10800,cats_reg_g30b150,,False,CATS,150,regions,MultiMinded,1000,MaxIter,1549.9900000000052,1951.6029999999998,10,1560.47,530.9905,1607.6971,1938.0327152036593,1204.1278095584073,1278.3360773547454,1,30,43,2257,3397
62,30,34,LinearSubgradientAuction,0.1,0.04,,True,,1000,10800,cats_reg_g30b150,,False,CATS,150,regions,MultiMinded,147,Balance,205.36000000000058,1978.0167,8,1737.89,582.94900000000007,1978.0167,1878.0526043242594,1527.2234698227737,1688.3879681103033,1,30,10,2074,3124
63,30,30,LinearSubgradientAuction,0.1,0.04,,True,,1000,10800,cats_reg_g30b150,,False,CATS,150,regions,MultiMinded,191,Balance,229.7899999999936,2547.4234,6,1821.34,869.476,2547.4234,2423.0748730817863,2048.467839009872,2230.6466332667756,1,29,34,1800,2700
64,30,34,LinearSubgradientAuction,0.1,0.04,,True,,1000,10800,cats_reg_g30b150,,False,CATS,150,regions,MultiMinded,963,Balance,1351.4700000000012,2427.9729,9,1844.14,792.92899999999997,2427.9729,2346.2058696821409,1726.9780589240781,1874.9695744473845,1,30,17,2074,3124
65,30,36,LinearSubgradientAuction,0.1,0.04,,True,,1000,10800,cats_reg_g30b150,,False,CATS,150,regions,MultiMinded,1000,MaxIter,1461.5999999999913,2209.3287,9,1779.98,732.52250000000004,589.7373,2157.7264966749503,109.19535558586612,234.86088690378054,1,29,22,2160,3234
66,30,30,LinearSubgradientAuction,0.1,0.04,,True,,1000,10800,cats_reg_g30b150,,False,CATS,150,regions,MultiMinded,78,Balance,93.55999999999767,2387.3904,3,2290.03,553.03500000000008,2387.3904,2323.1854498425778,2223.2564046683769,2324.8467931773575,1,29,3,1800,2700
67,30,41,LinearSubgradientAuction,0.1,0.04,,True,,1000,10800,cats_reg_g30b150,,False,CATS,150,regions,MultiMinded,1000,MaxIter,1691.0800000000017,2130.5865999999996,11,1569.3,447.20299999999997,1670.1956,2073.9547979687859,1242.8063364650702,1415.1216076384958,1,29,23,2460,3679
68,30,34,LinearSubgradientAuction,0.1,0.04,,True,,1000,10800,cats_reg_g30b150,,False,CATS,150,regions,MultiMinded,1000,MaxIter,1408.0800000000017,1871.0335999999998,8,1491.62,623.48450000000003,731.6345,1855.551167617632,375.8945421124655,434.06522031733755,1,30,15,2074,3124
69,30,34,LinearSubgradientAuction,0.1,0.04,,True,,1000,10800,cats_reg_g30b150,,False,CATS,150,regions,MultiMinded,118,Balance,163.11000000000058,2248.1536,8,1918.69,909.28949999999998,2248.1536,2204.4556635345066,1619.4688981593149,1694.4848031557333,1,29,32,2040,3056
70,30,32,LinearSubgradientAuction,0.1,0.04,,True,,1000,10800,cats_reg_g30b150,,False,CATS,150,regions,MultiMinded,1000,MaxIter,1330.2699999999895,2074.3614,6,1794.89,671.03600000000006,1288.4912,2054.9054159336492,892.07994379089803,993.9204972625173,1,30,12,1952,2942
71,30,30,LinearSubgradientAuction,0.1,0.04,,True,,1000,10800,cats_reg_g30b150,,False,CATS,150,regions,MultiMinded,1000,MaxIter,1196.4000000000087,2107.4125,6,1919.92,672.68100000000004,1289.687,2167.2934474666185,931.52021770010936,1044.6996504277904,1,29,16,1800,2700
72,30,35,LinearSubgradientAuction,0.1,0.04,,True,,1000,10800,cats_reg_g30b150,,False,CATS,150,regions,MultiMinded,1000,MaxIter,1403.8899999999994,1946.4843000000003,5,1216.53,554.09649999999999,597.3524,1917.4229534802955,0.0,161.38916460094114,1,29,26,2100,3145
73,30,35,LinearSubgradientAuction,0.1,0.04,,True,,1000,10800,cats_reg_g30b150,,False,CATS,150,regions,MultiMinded,1000,MaxIter,1446.7100000000064,1852.6272999999999,6,1445.38,663.03899999999999,633.6562000000001,1776.1406587448062,222.1723352663644,412.83525848839326,1,30,20,2135,3215
74,30,31,LinearSubgradientAuction,0.1,0.04,,True,,1000,10800,cats_reg_g30b150,,False,CATS,150,regions,MultiMinded,1000,MaxIter,1289.3899999999994,2020.0417,5,1744.34,781.83899999999994,1542.2633999999998,2086.9160226395143,341.95644038232541,432.51918517886588,1,30,14,1891,2851
75,30,39,LinearSubgradientAuction,0.1,0.04,,True,,1000,10800,cats_reg_g30b150,,False,CATS,150,regions,MultiMinded,1000,MaxIter,1639.4900000000052,2549.9302,6,1890.83,637.39099999999996,1042.7112,2537.3795292610666,38.24346000000002,157.29223938741521,1,30,25,2379,3579
76,30,36,LinearSubgradientAuction,0.1,0.04,,True,,1000,10800,cats_reg_g30b150,,False,CATS,150,regions,MultiMinded,1000,MaxIter,1491.5299999999988,1970.4382,6,1633.82,405.01099999999997,1970.4382,2019.90781537062,286.68393402268572,321.81612457036539,1,30,5,2196,3306
77,30,34,LinearSubgradientAuction,0.1,0.04,,True,,1000,10800,cats_reg_g30b150,,False,CATS,150,regions,MultiMinded,97,Balance,135.69000000000233,1646.3148,7,1576.38,831.28949999999998,1563.2302,1648.891653077811,1131.4548352958766,1187.3810680871029,1,30,11,2074,3124
78,30,34,LinearSubgradientAuction,0.1,0.04,,True,,1000,10800,cats_reg_g30b150,,False,CATS,150,regions,MultiMinded,1000,MaxIter,1403.1399999999994,2412.1546,7,1881.66,768.41550000000007,917.9926,2448.8206077066438,521.66428749920726,633.27665828272302,1,29,15,2040,3056
79,30,29,LinearSubgradientAuction,0.1,0.04,,True,,1000,10800,cats_reg_g30b150,,False,CATS,150,regions,MultiMinded,1000,MaxIter,1173.8899999999994,2267.359,3,2060.3,919.01300000000003,1660.754,2322.1630827487597,107.91434262402093,196.82642063815561,1,30,24,1769,2669
80,30,37,LinearSubgradientAuction,0.1,0.04,,True,,1000,10800,cats_reg_g30b150,,False,CATS,150,regions,MultiMinded,1000,MaxIter,1503.0400000000081,2112.5864,9,1592.54,576.49599999999998,1400.2,2103.9606364127635,955.2246232583766,1023.5669954153869,1,29,33,2220,3323
81,30,33,LinearSubgradientAuction,0.1,0.04,,True,,1000,10800,cats_reg_g30b150,,False,CATS,150,regions,MultiMinded,1000,MaxIter,1381.6300000000047,1652.215,3,1316.69,725.81600000000003,623.344,1733.7566445688124,458.30267436803729,496.96059451345423,1,30,19,2013,3033
82,30,35,LinearSubgradientAuction,0.1,0.04,,True,,1000,10800,cats_reg_g30b150,,False,CATS,150,regions,MultiMinded,1000,MaxIter,1440.6499999999942,2109.0315,5,1900.31,619.13249999999994,515.3424,2274.6657254801544,285.21501391714332,318.3999938467731,1,30,21,2135,3215
83,30,32,LinearSubgradientAuction,0.1,0.04,,True,,1000,10800,cats_reg_g30b150,,False,CATS,150,regions,MultiMinded,131,Balance,172.55999999999767,2576.43019,8,2027.96,1059.6700000000001,2576.43019,2592.8660960866978,1960.5353415789064,2035.2080077610567,1,30,32,1952,2942
84,30,34,LinearSubgradientAuction,0.1,0.04,,True,,1000,10800,cats_reg_g30b150,,False,CATS,150,regions,MultiMinded,1000,MaxIter,1415.9000000000087,1983.6759000000002,5,1485.27,650.14099999999996,902.0098,1995.4183536819583,543.77775025662311,640.75334839997197,1,30,20,2074,3124
85,30,33,LinearSubgradientAuction,0.1,0.04,,True,,1000,10800,cats_reg_g30b150,,False,CATS,150,regions,MultiMinded,164,Balance,218.38999999999942,1650.3177,5,1136.81,534.83399999999995,1650.3177,1607.4575039151919,1385.4170806654474,1429.2607939739637,1,29,6,1980,2967
86,30,37,LinearSubgradientAuction,0.1,0.04,,True,,1000,10800,cats_reg_g30b150,,False,CATS,150,regions,MultiMinded,108,Balance,163.70000000001164,2073.2363,7,1605.13,504.47649999999999,2069.3503,1913.2755740787925,1624.1781551671884,1808.4211041292976,1,30,5,2257,3397
87,30,34,LinearSubgradientAuction,0.1,0.04,,True,,1000,10800,cats_reg_g30b150,,False,CATS,150,regions,MultiMinded,1000,MaxIter,1392.4599999999919,2161.5317,11,1611.82,461.19499999999999,2016.4647,2223.5357707476019,1589.0759971580014,1694.0892884026962,1,29,20,2040,3056
88,30,35,LinearSubgradientAuction,0.1,0.04,,True,,1000,10800,cats_reg_g30b150,,False,CATS,150,regions,MultiMinded,73,Balance,104.13999999999942,1960.6723,10,1579.4,529.16499999999996,1960.6723,1907.9162832071597,1471.8529562876381,1580.4818797712237,1,29,12,2100,3145
89,30,40,LinearSubgradientAuction,0.1,0.04,,True,,1000,10800,cats_reg_g30b150,,False,CATS,150,regions,MultiMinded,70,Balance,107.72999999999593,2103.4608,12,1324.86,455.78500000000003,2103.4608,1772.2989977511611,1371.2081977511609,1702.3699999999999,1,27,0,2320,3430
90,30,36,LinearSubgradientAuction,0.1,0.04,,True,,1000,10800,cats_reg_g30b150,,False,CATS,150,regions,MultiMinded,281,Balance,407.75999999999476,2252.2093,8,1749.09,686.99800000000005,2213.4293,2145.0227886320981,1726.3079101114292,1853.996598694044,1,29,14,2160,3234
91,30,37,LinearSubgradientAuction,0.1,0.04,,True,,1000,10800,cats_reg_g30b150,,False,CATS,150,regions,MultiMinded,144,Balance,217.11999999999534,2533.4677,10,1557.05,605.50300000000004,2524.7637,2243.9637962205111,1822.6083595602386,2163.113026227134,1,29,6,2220,3323
92,30,37,LinearSubgradientAuction,0.1,0.04,,True,,1000,10800,cats_reg_g30b150,,False,CATS,150,regions,MultiMinded,99,Balance,151.00999999999476,2087.0795,10,1557.29,467.12700000000001,2087.0795,2012.9940893510088,1581.9314246756765,1715.470371565508,1,30,32,2257,3397
93,30,34,LinearSubgradientAuction,0.1,0.04,,True,,1000,10800,cats_reg_g30b150,,False,CATS,150,regions,MultiMinded,425,Balance,585.3000000000029,2220.4165999999996,9,1477.09,531.97949999999992,2160.0827,2103.8788944626785,1654.6482886844633,1800.8735280158328,1,30,24,2074,3124
94,30,33,LinearSubgradientAuction,0.1,0.04,,True,,1000,10800,cats_reg_g30b150,,False,CATS,150,regions,MultiMinded,1000,MaxIter,1310.5399999999936,2089.1439,7,1850.23,583.02999999999997,1572.2279,2044.6488685507913,1243.2236416400315,1404.6266292572457,1,28,16,1947,2901
95,30,36,LinearSubgradientAuction,0.1,0.04,,True,,1000,10800,cats_reg_g30b150,,False,CATS,150,regions,MultiMinded,1000,MaxIter,1490.949999999997,2218.1557,7,1747.55,732.99250000000006,1275.9556999999998,2235.1450605071695,820.40512634760535,876.11856790909098,1,30,13,2196,3306
96,30,33,LinearSubgradientAuction,0.1,0.04,,True,,1000,10800,cats_reg_g30b150,,False,CATS,150,regions,MultiMinded,1000,MaxIter,1336.050000000003,1873.9284000000002,5,1690.89,555.43200000000002,458.3104,1903.2911882646029,128.29473137729298,185.83336021294602,1,29,24,1980,2967
97,30,37,LinearSubgradientAuction,0.1,0.04,,True,,1000,10800,cats_reg_g30b150,,False,CATS,150,regions,MultiMinded,132,Balance,193.22999999999593,1853.4531000000002,10,1334.16,635.36699999999996,1853.4531000000002,1792.542089335841,1271.5411493358411,1366.0170507699656,1,28,12,2183,3249
98,30,36,LinearSubgradientAuction,0.1,0.04,,True,,1000,10800,cats_reg_g30b150,,False,CATS,150,regions,MultiMinded,87,Balance,126.69000000000233,2779.0163,8,2131.76,620.35799999999995,2779.0163,2704.3066080734025,2245.2416880734022,2322.5563942573422,1,30,23,2196,3306
99,30,37,LinearSubgradientAuction,0.1,0.04,,True,,1000,10800,cats_reg_g30b150,,False,CATS,150,regions,MultiMinded,1000,MaxIter,1474.4700000000012,2286.8288000000002,4,1573.72,543.00099999999998,2180.7238,2271.1417480394598,1255.6747498962432,1375.8140315186627,1,28,4,2183,3249
100,30,32,LinearSubgradientAuction,0.1,0.04,,True,,1000,10800,cats_reg_g30b150,,False,CATS,150,regions,MultiMinded,106,Balance,138.41999999999825,1906.0085,11,1496.95,591.39400000000001,1903.6245000000001,1792.9976032360344,1254.7637554518838,1420.0377657215065,1,30,46,1952,2942
