idx,items,agents,auction_class,epsilon,stepc,epoch,scalebyvalue,reserve_type,maxiter,maxtime,generator_param_name,personalized,int_prices,generator,bids,distribution,type,rounds,status,runtime,efficient_value,final_num_winners,final_max_agent_value,final_scalevalue,final_value,final_total_price,final_revenue,final_indirect_util,final_price_degree,final_price_sparsity,final_imbalance,final_wd_nvars,final_wd_ncons
1,10,17,LinearSubgradientAuction,0.05,0.08,,True,,1000,10800,cats_reg_g10b50,,False,CATS,50,regions,MultiMinded,56,Balance,12.089999999996508,681.0817,4,513.163,288.52699999999999,681.0817,669.82808107657024,612.1226810765703,627.77523867687376,1,10,5,357,537
2,10,19,LinearSubgradientAuction,0.05,0.08,,True,,1000,10800,cats_reg_g10b50,,False,CATS,50,regions,MultiMinded,1000,MaxIter,242.82999999999447,734.1289999999999,3,640.313,226.71899999999999,504.306,708.81962516781334,445.13262751078042,482.60006751078038,1,10,9,399,599
3,10,17,LinearSubgradientAuction,0.05,0.08,,True,,1000,10800,cats_reg_g10b50,,False,CATS,50,regions,MultiMinded,1000,MaxIter,215.4800000000032,804.4359999999999,5,797.452,310.25200000000001,759.91341,827.33805552490981,709.96705388742669,710.17404708804224,1,10,4,357,537
4,10,14,LinearSubgradientAuction,0.05,0.08,,True,,1000,10800,cats_reg_g10b50,,False,CATS,50,regions,MultiMinded,20,Balance,3.5,574.909,2,568.922,272.93700000000001,574.909,555.82815221279986,528.53445221279992,561.2833113898987,1,10,11,294,444
5,10,21,LinearSubgradientAuction,0.05,0.08,,True,,1000,10800,cats_reg_g10b50,,False,CATS,50,regions,MultiMinded,64,Balance,16.889999999999418,650.6363,2,619.701,342.60149999999999,650.6363,639.74284436505241,605.48269436505234,640.51948436209977,1,10,20,441,661
6,10,17,LinearSubgradientAuction,0.05,0.08,,True,,1000,10800,cats_reg_g10b50,,False,CATS,50,regions,MultiMinded,1000,MaxIter,215.95999999999913,834.2848,4,784.19,470.66899999999998,451.901,890.96293532244738,407.37171362266986,407.37171362266986,1,10,9,357,537
7,10,21,LinearSubgradientAuction,0.05,0.08,,True,,1000,10800,cats_reg_g10b50,,False,CATS,50,regions,MultiMinded,1000,MaxIter,266.6100000000006,854.667,1,696.341,343.76999999999998,311.382,865.45061420493266,0,13.131590415342359,1,10,10,441,661
8,10,18,LinearSubgradientAuction,0.05,0.08,,True,,1000,10800,cats_reg_g10b50,,False,CATS,50,regions,MultiMinded,67,Balance,15.259999999994761,663.572,4,592.441,275.35000000000002,663.572,656.4676536162076,603.53764682304461,624.1386594309879,1,10,8,378,568
9,10,18,LinearSubgradientAuction,0.05,0.08,,True,,1000,10800,cats_reg_g10b50,,False,CATS,50,regions,MultiMinded,30,Balance,6.700000000004366,724.6032999999999,4,611.583,280.12,724.6032999999999,684.27105998329478,628.24705998329478,669.60759768916989,1,10,2,378,568
10,10,23,LinearSubgradientAuction,0.05,0.08,,True,,1000,10800,cats_reg_g10b50,,False,CATS,50,regions,MultiMinded,58,Balance,16.56999999999971,946.3547,4,784.828,433.57950000000005,946.3547,865.38886582323391,792.19147093810125,881.80695340334296,1,10,7,483,723
11,10,16,LinearSubgradientAuction,0.05,0.08,,True,,1000,10800,cats_reg_g10b50,,False,CATS,50,regions,MultiMinded,143,Balance,29.510000000002037,724.662,1,724.662,403.49950000000001,724.662,723.80961330255013,703.63463830255012,704.48702500000002,1,10,0,336,506
12,10,16,LinearSubgradientAuction,0.05,0.08,,True,,1000,10800,cats_reg_g10b50,,False,CATS,50,regions,MultiMinded,52,Balance,10.519999999996799,522.114,1,522.114,283.13549999999998,522.114,521.22639655631679,507.0696215563168,507.97945074955697,1,10,1,336,506
13,10,17,LinearSubgradientAuction,0.05,0.08,,True,,1000,10800,cats_reg_g10b50,,False,CATS,50,regions,MultiMinded,247,Balance,53.470000000001164,778.1078,4,718.401,353.04300000000001,774.5908000000001,766.54135082989274,695.93275082989271,717.85853199966914,1,10,10,357,537
14,10,17,LinearSubgradientAuction,0.05,0.08,,True,,1000,10800,cats_reg_g10b50,,False,CATS,50,regions,MultiMinded,30,Balance,6.480000000003201,588.9796,2,575.883,307.69200000000001,588.9796,580.4140635272779,557.76227407511044,566.59915709322411,1,10,6,357,537
15,10,17,LinearSubgradientAuction,0.05,0.08,,True,,1000,10800,cats_reg_g10b50,,False,CATS,50,regions,MultiMinded,1000,MaxIter,215.8000000000029,634.994,3,600.13,422.91899999999998,610.676,665.75682529229164,558.86267726013341,569.79360393568368,1,10,1,357,537
16,10,26,LinearSubgradientAuction,0.05,0.08,,True,,1000,10800,cats_reg_g10b50,,False,CATS,50,regions,MultiMinded,95,Balance,31.18000000000029,519.6692,2,485.933,278.584,519.6692,527.15144589421539,499.29304589421548,500.77072899012319,1,10,9,546,816
17,10,16,LinearSubgradientAuction,0.05,0.08,,True,,1000,10800,cats_reg_g10b50,,False,CATS,50,regions,MultiMinded,41,Balance,8.400000000001455,910.0260000000001,3,815.656,322.738,910.0260000000001,899.35515147881563,850.94445147881561,875.96673852464221,1,10,8,336,506
18,10,18,LinearSubgradientAuction,0.05,0.08,,True,,1000,10800,cats_reg_g10b50,,False,CATS,50,regions,MultiMinded,1000,MaxIter,226.61000000000058,982.461,4,932.103,367.83500000000004,462.881,1009.8759477559313,427.95718011129907,428.43308065327642,1,10,7,378,568
19,10,19,LinearSubgradientAuction,0.05,0.08,,True,,1000,10800,cats_reg_g10b50,,False,CATS,50,regions,MultiMinded,1000,MaxIter,244.75,903.4849999999999,3,826.774,559.33850000000007,325.08,963.68718425630152,304.8066833203884,304.8066833203884,1,10,17,399,599
20,10,21,LinearSubgradientAuction,0.05,0.08,,True,,1000,10800,cats_reg_g10b50,,False,CATS,50,regions,MultiMinded,1000,MaxIter,267.7300000000032,780.3014999999999,5,637.779,268.37200000000001,652.3434,722.88308535339638,542.57328660240614,613.4577666024062,1,10,8,441,661
21,10,17,LinearSubgradientAuction,0.05,0.08,,True,,1000,10800,cats_reg_g10b50,,False,CATS,50,regions,MultiMinded,31,Balance,6.560000000004948,869.309,3,770.684,361.69299999999998,869.309,849.07421503099692,794.82026503099689,815.05505000000005,1,10,0,357,537
22,10,16,LinearSubgradientAuction,0.05,0.08,,True,,1000,10800,cats_reg_g10b50,,False,CATS,50,regions,MultiMinded,1000,MaxIter,203.7300000000032,827.155,4,792.758,416.87799999999999,622.379,912.39964041891892,571.0142136275374,581.52986009470396,1,10,4,336,506
23,10,21,LinearSubgradientAuction,0.05,0.08,,True,,1000,10800,cats_reg_g10b50,,False,CATS,50,regions,MultiMinded,154,Balance,40.470000000001164,926.9879999999999,5,813.726,269.07900000000001,926.9879999999999,891.29772227417732,824.0279722741775,872.3871747698239,1,10,2,441,661
24,10,23,LinearSubgradientAuction,0.05,0.08,,True,,1000,10800,cats_reg_g10b50,,False,CATS,50,regions,MultiMinded,1000,MaxIter,289.25999999999476,822.2049999999999,4,635.81,377.13200000000001,419.703,846.55769386447355,379.67935172788691,382.67854246022443,1,10,7,483,723
25,10,22,LinearSubgradientAuction,0.05,0.08,,True,,1000,10800,cats_reg_g10b50,,False,CATS,50,regions,MultiMinded,1000,MaxIter,277.61999999999534,534.8185,2,446.519,197.68200000000002,534.8185,527.91147719073751,42.370847872937176,81.610008809544226,1,10,9,462,692
26,10,17,LinearSubgradientAuction,0.05,0.08,,True,,1000,10800,cats_reg_g10b50,,False,CATS,50,regions,MultiMinded,32,Balance,6.870000000002619,716.487,2,716.487,299.23599999999999,716.487,713.21899384497374,697.19688594963623,701.52519999999993,1,10,1,357,537
27,10,17,LinearSubgradientAuction,0.05,0.08,,True,,1000,10800,cats_reg_g10b50,,False,CATS,50,regions,MultiMinded,58,Balance,12.42000000000553,811.1127,4,667.768,330.15700000000004,811.1127,796.73607154989838,730.70467154989853,760.13603580950212,1,10,10,357,537
28,10,18,LinearSubgradientAuction,0.05,0.08,,True,,1000,10800,cats_reg_g10b50,,False,CATS,50,regions,MultiMinded,81,Balance,18.410000000003492,818.682,4,802.322,385.84800000000001,818.682,811.87515145316524,752.96129275288126,774.94984563462231,1,10,15,378,568
29,10,20,LinearSubgradientAuction,0.05,0.08,,True,,1000,10800,cats_reg_g10b50,,False,CATS,50,regions,MultiMinded,67,Balance,17.039999999993597,767.6940999999999,3,746.709,446.00549999999998,767.6940999999999,755.89583749422582,688.99501249422588,700.79327499999999,1,10,0,420,630
30,10,18,LinearSubgradientAuction,0.05,0.08,,True,,1000,10800,cats_reg_g10b50,,False,CATS,50,regions,MultiMinded,1000,MaxIter,228.80999999999767,794.5821000000001,1,739.446,385.6635,0.0,850.10905141015655,0,7.6305508701899427,1,10,8,378,568
31,10,21,LinearSubgradientAuction,0.05,0.08,,True,,1000,10800,cats_reg_g10b50,,False,CATS,50,regions,MultiMinded,1000,MaxIter,264.2900000000009,818.388,1,733.06,325.495,328.69,830.47235044450395,0,3.2093583239192185,1,10,10,441,661
32,10,20,LinearSubgradientAuction,0.05,0.08,,True,,1000,10800,cats_reg_g10b50,,False,CATS,50,regions,MultiMinded,79,Balance,19.830000000001746,637.3713,4,533.498,304.15100000000001,637.3713,630.88000962091201,570.04980962091213,581.17509853309309,1,10,2,420,630
33,10,16,LinearSubgradientAuction,0.05,0.08,,True,,1000,10800,cats_reg_g10b50,,False,CATS,50,regions,MultiMinded,19,Balance,3.8000000000029104,560.5032,3,498.34,219.72300000000001,560.5032,525.67448015117964,502.05918354682871,542.14076009695737,1,10,2,336,506
34,10,20,LinearSubgradientAuction,0.05,0.08,,True,,1000,10800,cats_reg_g10b50,,False,CATS,50,regions,MultiMinded,43,Balance,10.859999999993306,726.3012,5,568.454,249.64099999999999,726.3012,696.0327055884801,634.59749621117589,677.14165513779335,1,10,3,420,630
35,10,27,LinearSubgradientAuction,0.05,0.08,,True,,1000,10800,cats_reg_g10b50,,False,CATS,50,regions,MultiMinded,75,Balance,25.4800000000032,858.175,2,722.988,380.87900000000002,858.175,857.55748761527639,819.4695876152764,820.08709999999996,1,10,0,567,847
36,10,17,LinearSubgradientAuction,0.05,0.08,,True,,1000,10800,cats_reg_g10b50,,False,CATS,50,regions,MultiMinded,1000,MaxIter,216.89999999999418,716.498,1,716.498,379.51999999999998,509.081,723.56951155615047,0,0.17116429037292846,1,10,10,357,537
37,10,20,LinearSubgradientAuction,0.05,0.08,,True,,1000,10800,cats_reg_g10b50,,False,CATS,50,regions,MultiMinded,35,Balance,8.790000000000873,824.835,3,630.222,329.92600000000004,824.835,814.70884369776763,765.21994369776758,777.71653741207501,1,10,1,420,630
38,10,18,LinearSubgradientAuction,0.05,0.08,,True,,1000,10800,cats_reg_g10b50,,False,CATS,50,regions,MultiMinded,912,Balance,211.66999999999825,825.56,1,825.56,471.01400000000001,825.56,825.41382729266786,801.86312729266785,802.00929999999994,1,10,0,378,568
39,10,25,LinearSubgradientAuction,0.05,0.08,,True,,1000,10800,cats_reg_g10b50,,False,CATS,50,regions,MultiMinded,24,Balance,7.389999999999418,948.5501,5,753.385,196.10050000000001,948.5501,911.08586951453526,862.06074451453526,906.62746942239767,1,10,5,525,785
40,10,22,LinearSubgradientAuction,0.05,0.08,,True,,1000,10800,cats_reg_g10b50,,False,CATS,50,regions,MultiMinded,1000,MaxIter,279.66999999999825,694.64,4,671.57,320.48500000000001,493.20000000000005,740.15438569452886,462.99514441382291,464.24650535420778,1,10,6,462,692
41,10,18,LinearSubgradientAuction,0.05,0.08,,True,,1000,10800,cats_reg_g10b50,,False,CATS,50,regions,MultiMinded,34,Balance,7.720000000001164,919.5834,3,833.068,428.51799999999997,919.5834,891.55559065389821,827.27789065389834,855.30570000000012,1,10,0,378,568
42,10,21,LinearSubgradientAuction,0.05,0.08,,True,,1000,10800,cats_reg_g10b50,,False,CATS,50,regions,MultiMinded,53,Balance,14.190000000002328,722.396,2,722.396,339.44,722.396,730.27558738214555,698.79125801116891,705.42399999999998,1,10,1,441,661
43,10,20,LinearSubgradientAuction,0.05,0.08,,True,,1000,10800,cats_reg_g10b50,,False,CATS,50,regions,MultiMinded,61,Balance,15.340000000003783,820.8240000000001,2,681.374,265.63999999999999,820.8240000000001,801.94080195871561,775.37680195871565,807.45302278131271,1,10,8,420,630
44,10,19,LinearSubgradientAuction,0.05,0.08,,True,,1000,10800,cats_reg_g10b50,,False,CATS,50,regions,MultiMinded,1000,MaxIter,239.13999999999942,607.363,5,484.926,277.04599999999999,530.75,651.01578620214809,489.86438228550992,494.94784151568695,1,10,14,399,599
45,10,20,LinearSubgradientAuction,0.05,0.08,,True,,1000,10800,cats_reg_g10b50,,False,CATS,50,regions,MultiMinded,33,Balance,8.240000000005239,687.7891,5,510.577,285.93000000000001,687.7891,679.37734034028108,613.95470205769664,633.4052199145093,1,10,5,420,630
46,10,19,LinearSubgradientAuction,0.05,0.08,,True,,1000,10800,cats_reg_g10b50,,False,CATS,50,regions,MultiMinded,38,Balance,8.959999999999127,810.368,1,810.368,345.00850000000003,810.368,809.58857131870082,792.33814631870086,805.37836548918563,1,10,3,399,599
47,10,18,LinearSubgradientAuction,0.05,0.08,,True,,1000,10800,cats_reg_g10b50,,False,CATS,50,regions,MultiMinded,61,Balance,13.880000000004657,759.477,2,738.963,363.25599999999997,759.477,762.12136227214205,725.79576227214204,741.11986632045216,1,10,1,378,568
48,10,29,LinearSubgradientAuction,0.05,0.08,,True,,1000,10800,cats_reg_g10b50,,False,CATS,50,regions,MultiMinded,92,Balance,33.36000000000058,726.774,3,661.833,328.96899999999999,726.774,721.51575532988613,672.17040532988631,677.42865000000006,1,10,0,609,909
49,10,23,LinearSubgradientAuction,0.05,0.08,,True,,1000,10800,cats_reg_g10b50,,False,CATS,50,regions,MultiMinded,1000,MaxIter,291.4799999999959,587.5914,4,462.576,216.20049999999998,493.47429999999997,564.27446493193338,317.99208227910879,347.20204293150158,1,10,4,483,723
50,10,17,LinearSubgradientAuction,0.05,0.08,,True,,1000,10800,cats_reg_g10b50,,False,CATS,50,regions,MultiMinded,25,Balance,5.360000000000582,945.836,4,681.012,323.851,945.836,918.1641518367544,853.39395183675447,891.34279172949175,1,10,5,357,537
51,10,25,LinearSubgradientAuction,0.05,0.08,,True,,1000,10800,cats_reg_g10b50,,False,CATS,50,regions,MultiMinded,50,Balance,15.639999999999418,831.2631000000001,3,644.905,285.66050000000001,831.2631000000001,813.52618167708488,770.67710667708479,788.41402500000004,1,10,0,525,785
52,10,19,LinearSubgradientAuction,0.05,0.08,,True,,1000,10800,cats_reg_g10b50,,False,CATS,50,regions,MultiMinded,34,Balance,8.099999999998545,608.391,2,608.391,276.31299999999999,608.391,587.63615404978736,572.86285696385301,594.57534999999996,1,10,1,399,599
53,10,21,LinearSubgradientAuction,0.05,0.08,,True,,1000,10800,cats_reg_g10b50,,False,CATS,50,regions,MultiMinded,1000,MaxIter,262.58000000000175,623.5598,2,612.518,167.23250000000002,387.8668,634.01003402058905,68.183839796267449,72.770648294839617,1,10,8,441,661
54,10,20,LinearSubgradientAuction,0.05,0.08,,True,,1000,10800,cats_reg_g10b50,,False,CATS,50,regions,MultiMinded,71,Balance,17.960000000006403,1040.322,4,967.436,414.12850000000003,1040.322,1004.7252748570809,921.89957485708078,982.03196521695372,1,10,15,420,630
55,10,17,LinearSubgradientAuction,0.05,0.08,,True,,1000,10800,cats_reg_g10b50,,False,CATS,50,regions,MultiMinded,16,Balance,3.360000000000582,1001.244,2,739.168,309.35699999999997,1001.244,963.85691198733105,932.92121198733105,970.30830000000003,1,10,0,357,537
56,10,17,LinearSubgradientAuction,0.05,0.08,,True,,1000,10800,cats_reg_g10b50,,False,CATS,50,regions,MultiMinded,1000,MaxIter,217.61000000000058,674.3464,1,592.43,348.80000000000001,99.5455,667.4825573215885,0,18.386150363330742,1,10,9,357,537
57,10,20,LinearSubgradientAuction,0.05,0.08,,True,,1000,10800,cats_reg_g10b50,,False,CATS,50,regions,MultiMinded,53,Balance,13.389999999999418,783.158,3,568.928,268.62299999999999,783.158,776.34726948739103,736.05381948739102,750.08187729773749,1,10,7,420,630
58,10,21,LinearSubgradientAuction,0.05,0.08,,True,,1000,10800,cats_reg_g10b50,,False,CATS,50,regions,MultiMinded,89,Balance,23.75,871.9079999999999,2,791.212,427.88200000000001,871.9079999999999,858.10863441205072,815.32043441205076,829.72400703574749,1,10,1,441,661
59,10,28,LinearSubgradientAuction,0.05,0.08,,True,,1000,10800,cats_reg_g10b50,,False,CATS,50,regions,MultiMinded,307,Balance,109.03000000000611,875.1772,3,803.796,406.47899999999998,875.1772,865.26259028457991,804.29074028458001,817.21048660052691,1,10,4,588,878
60,10,22,LinearSubgradientAuction,0.05,0.08,,True,,1000,10800,cats_reg_g10b50,,False,CATS,50,regions,MultiMinded,65,Balance,17.959999999999127,716.1357,3,662.173,358.10899999999998,716.1357,698.12696917354026,644.41061917354034,674.38531000410865,1,10,10,462,692
61,10,19,LinearSubgradientAuction,0.05,0.08,,True,,1000,10800,cats_reg_g10b50,,False,CATS,50,regions,MultiMinded,61,Balance,14.55000000000291,756.948,3,553.212,307.67700000000002,756.948,751.12036108484222,704.96881108484206,711.40329424121433,1,10,1,399,599
62,10,20,LinearSubgradientAuction,0.05,0.08,,True,,1000,10800,cats_reg_g10b50,,False,CATS,50,regions,MultiMinded,50,Balance,12.440000000002328,962.414,4,839.979,365.63299999999998,959.2605000000001,933.95180610107627,860.82520610107622,919.13838430481974,1,10,16,420,630
63,10,20,LinearSubgradientAuction,0.05,0.08,,True,,1000,10800,cats_reg_g10b50,,False,CATS,50,regions,MultiMinded,41,Balance,10.270000000004075,966.8963000000001,4,783.33,502.36099999999999,966.8963000000001,950.56621780294699,850.09401780294684,869.59465014949296,1,10,4,420,630
64,10,24,LinearSubgradientAuction,0.05,0.08,,True,,1000,10800,cats_reg_g10b50,,False,CATS,50,regions,MultiMinded,63,Balance,18.62000000000262,784.4846,2,723.45,238.8545,784.4846,772.0442230838969,748.1587730838969,765.05572372885081,1,10,3,504,754
65,10,18,LinearSubgradientAuction,0.05,0.08,,True,,1000,10800,cats_reg_g10b50,,False,CATS,50,regions,MultiMinded,140,Balance,31.860000000000582,863.3610000000001,4,758.102,337.34500000000003,863.3610000000001,848.24437135696019,780.77537135696014,802.53185959483812,1,10,9,378,568
66,10,18,LinearSubgradientAuction,0.05,0.08,,True,,1000,10800,cats_reg_g10b50,,False,CATS,50,regions,MultiMinded,64,Balance,14.450000000004366,852.079,4,807.329,372.65700000000004,852.079,834.47121276234884,762.98260523186525,796.18044999999995,1,10,1,378,568
67,10,27,LinearSubgradientAuction,0.05,0.08,,True,,1000,10800,cats_reg_g10b50,,False,CATS,50,regions,MultiMinded,47,Balance,15.790000000000873,860.8598,2,789.183,223.39999999999998,860.8598,848.86994329471906,826.52994329471915,838.51980000000003,1,10,0,567,847
68,10,20,LinearSubgradientAuction,0.05,0.08,,True,,1000,10800,cats_reg_g10b50,,False,CATS,50,regions,MultiMinded,55,Balance,13.940000000002328,535.1916,4,486.692,201.834,535.1916,526.11257484657222,485.74577484657226,496.87465852610029,1,10,1,420,630
69,10,20,LinearSubgradientAuction,0.05,0.08,,True,,1000,10800,cats_reg_g10b50,,False,CATS,50,regions,MultiMinded,44,Balance,11.169999999998254,550.5322,3,423.552,212.09399999999999,550.5322,527.14654374418149,495.33244374418155,518.71810000000005,1,10,0,420,630
70,10,18,LinearSubgradientAuction,0.05,0.08,,True,,1000,10800,cats_reg_g10b50,,False,CATS,50,regions,MultiMinded,1000,MaxIter,227.05999999999767,965.81,3,780.078,273.52800000000002,355.709,903.95232081902509,234.03399434276116,335.4940318570612,1,10,1,378,568
71,10,17,LinearSubgradientAuction,0.05,0.08,,True,,1000,10800,cats_reg_g10b50,,False,CATS,50,regions,MultiMinded,1000,MaxIter,214.5899999999965,745.048,1,745.048,330.73000000000002,405.35,779.07928380313444,0,5.7811940876862451,1,10,7,357,537
72,10,23,LinearSubgradientAuction,0.05,0.08,,True,,1000,10800,cats_reg_g10b50,,False,CATS,50,regions,MultiMinded,64,Balance,18.470000000001164,619.2275000000001,7,497.631,317.09799999999996,619.2275000000001,589.68689382303,478.70259382303021,508.24320000000017,1,10,0,483,723
73,10,20,LinearSubgradientAuction,0.05,0.08,,True,,1000,10800,cats_reg_g10b50,,False,CATS,50,regions,MultiMinded,1000,MaxIter,253.15000000000146,675.2625,2,656.76,362.82400000000001,632.221,711.93980465800132,626.34739514558692,626.34739514558692,1,10,20,420,630
74,10,26,LinearSubgradientAuction,0.05,0.08,,True,,1000,10800,cats_reg_g10b50,,False,CATS,50,regions,MultiMinded,37,Balance,11.930000000000291,942.6876,2,890.025,245.483,942.6876,939.66323835313506,915.11493835313513,925.22238235025156,1,10,5,546,816
75,10,15,LinearSubgradientAuction,0.05,0.08,,True,,1000,10800,cats_reg_g10b50,,False,CATS,50,regions,MultiMinded,37,Balance,7.019999999996799,986.353,4,977.088,450.65550000000002,986.353,967.02497490343194,876.89387490343199,930.24677252637298,1,10,16,315,475
76,10,22,LinearSubgradientAuction,0.05,0.08,,True,,1000,10800,cats_reg_g10b50,,False,CATS,50,regions,MultiMinded,55,Balance,15.239999999997963,900.434,6,820.61,441.17500000000001,900.434,879.19295790050364,746.84045790050345,795.40034828472812,1,10,7,462,692
77,10,19,LinearSubgradientAuction,0.05,0.08,,True,,1000,10800,cats_reg_g10b50,,False,CATS,50,regions,MultiMinded,156,Balance,37.80999999999767,505.8682,3,489.633,293.4085,505.8682,510.95786570737204,466.94659070737202,472.48299773138405,1,10,2,399,599
78,10,15,LinearSubgradientAuction,0.05,0.08,,True,,1000,10800,cats_reg_g10b50,,False,CATS,50,regions,MultiMinded,116,Balance,22.25,723.896,1,723.896,268.85500000000002,723.896,718.69304302246019,705.25029302246014,710.45324999999991,1,10,0,315,475
79,10,20,LinearSubgradientAuction,0.05,0.08,,True,,1000,10800,cats_reg_g10b50,,False,CATS,50,regions,MultiMinded,44,Balance,11.069999999999709,830.055,4,715.055,304.07849999999996,830.055,834.1684110057779,778.07894828058238,784.44322499999987,1,10,1,420,630
80,10,23,LinearSubgradientAuction,0.05,0.08,,True,,1000,10800,cats_reg_g10b50,,False,CATS,50,regions,MultiMinded,61,Balance,17.75,858.2552999999999,5,815.519,326.65449999999998,858.2552999999999,836.95645549942083,755.29283049942092,792.36773958601702,1,10,8,483,723
81,10,19,LinearSubgradientAuction,0.05,0.08,,True,,1000,10800,cats_reg_g10b50,,False,CATS,50,regions,MultiMinded,578,Balance,138.6600000000035,731.2354999999999,3,657.74,318.25649999999996,731.2354999999999,724.70406082207626,676.96558582207626,683.49702499999989,1,10,0,399,599
82,10,20,LinearSubgradientAuction,0.05,0.08,,True,,1000,10800,cats_reg_g10b50,,False,CATS,50,regions,MultiMinded,1000,MaxIter,256.2099999999991,799.819,4,670.65,230.49700000000001,792.4733,770.08917927388927,721.21990586308743,759.74201022546015,1,10,5,420,630
83,10,18,LinearSubgradientAuction,0.05,0.08,,True,,1000,10800,cats_reg_g10b50,,False,CATS,50,regions,MultiMinded,62,Balance,14.239999999997963,778.391,2,740.964,303.2475,778.391,774.50797345893716,744.18322345893716,749.7178059338404,1,10,7,378,568
84,10,19,LinearSubgradientAuction,0.05,0.08,,True,,1000,10800,cats_reg_g10b50,,False,CATS,50,regions,MultiMinded,35,Balance,8.39999999999418,653.4665,4,531.36,233.98450000000003,653.4665,638.25293676135038,591.45603676135045,610.08389599135626,1,10,3,399,599
85,10,16,LinearSubgradientAuction,0.05,0.08,,True,,1000,10800,cats_reg_g10b50,,False,CATS,50,regions,MultiMinded,34,Balance,6.9100000000034925,738.6202000000001,4,623.355,332.00099999999998,738.6202000000001,724.87233362359484,658.4721336235948,675.62714793879047,1,10,7,336,506
86,10,17,LinearSubgradientAuction,0.05,0.08,,True,,1000,10800,cats_reg_g10b50,,False,CATS,50,regions,MultiMinded,36,Balance,7.689999999995052,772.54,3,646.076,287.08299999999997,772.54,773.77250657408797,733.98734709157009,743.83169999999996,1,10,2,357,537
87,10,18,LinearSubgradientAuction,0.05,0.08,,True,,1000,10800,cats_reg_g10b50,,False,CATS,50,regions,MultiMinded,1000,MaxIter,230.68999999999505,883.32347,4,801.709,428.95349999999996,429.80577,939.0865805433109,404.50374390890016,406.14763422446202,1,10,8,378,568
88,10,20,LinearSubgradientAuction,0.05,0.08,,True,,1000,10800,cats_reg_g10b50,,False,CATS,50,regions,MultiMinded,39,Balance,9.680000000000291,662.7294999999999,4,622.783,332.80799999999999,662.7294999999999,635.77303524134823,569.21143524134823,596.16789999999992,1,10,0,420,630
89,10,26,LinearSubgradientAuction,0.05,0.08,,True,,1000,10800,cats_reg_g10b50,,False,CATS,50,regions,MultiMinded,1000,MaxIter,329.5500000000029,844.3882,4,703.836,361.93200000000002,654.4032,857.42134950754053,591.51685133794933,602.87469616464068,1,10,4,546,816
90,10,21,LinearSubgradientAuction,0.05,0.08,,True,,1000,10800,cats_reg_g10b50,,False,CATS,50,regions,MultiMinded,1000,MaxIter,265.40000000000146,1011.3232,5,890.879,348.79300000000001,585.2212,967.55769165813365,464.98495437017721,520.94776792963012,1,10,5,441,661
91,10,17,LinearSubgradientAuction,0.05,0.08,,True,,1000,10800,cats_reg_g10b50,,False,CATS,50,regions,MultiMinded,128,Balance,27.410000000003492,890.575,1,890.575,535.99700000000007,890.575,887.66600637484328,860.86615637484329,875.09103113895071,1,10,8,357,537
92,10,22,LinearSubgradientAuction,0.05,0.08,,True,,1000,10800,cats_reg_g10b50,,False,CATS,50,regions,MultiMinded,37,Balance,10.189999999995052,683.1735,2,627.133,263.76300000000003,683.1735,668.70836389418685,642.33206389418694,656.79720000000009,1,10,0,462,692
93,10,20,LinearSubgradientAuction,0.05,0.08,,True,,1000,10800,cats_reg_g10b50,,False,CATS,50,regions,MultiMinded,61,Balance,15.270000000004075,931.509,1,931.509,347.88099999999997,931.509,925.97479851569096,908.58074851569097,914.11495000000002,1,10,0,420,630
94,10,15,LinearSubgradientAuction,0.05,0.08,,True,,1000,10800,cats_reg_g10b50,,False,CATS,50,regions,MultiMinded,1000,MaxIter,193.77000000000407,772.037,5,770.337,295.54650000000004,442.3582,780.59608300713899,386.39523615203325,386.40571985075195,1,10,9,315,475
95,10,17,LinearSubgradientAuction,0.05,0.08,,True,,1000,10800,cats_reg_g10b50,,False,CATS,50,regions,MultiMinded,37,Balance,7.830000000001746,901.2369,3,849.224,408.67100000000005,901.2369,876.16152008642302,814.86087008642301,846.39409176307993,1,10,7,357,537
96,10,19,LinearSubgradientAuction,0.05,0.08,,True,,1000,10800,cats_reg_g10b50,,False,CATS,50,regions,MultiMinded,39,Balance,9.210000000006403,752.0848,3,651.493,368.70849999999996,752.0848,723.73703911351549,668.43076411351547,700.98864370783713,1,10,8,399,599
97,10,20,LinearSubgradientAuction,0.05,0.08,,True,,1000,10800,cats_reg_g10b50,,False,CATS,50,regions,MultiMinded,1000,MaxIter,250.84000000000378,657.92043,2,602.694,360.185,404.61343,696.05199486499475,0.0,0.14775954964147076,1,10,9,420,630
98,10,20,LinearSubgradientAuction,0.05,0.08,,True,,1000,10800,cats_reg_g10b50,,False,CATS,50,regions,MultiMinded,23,Balance,5.669999999998254,1047.5140999999999,4,870.711,386.798,1047.5140999999999,1007.2689706974459,929.90937069744587,970.1545000000001,1,10,0,420,630
99,10,22,LinearSubgradientAuction,0.05,0.08,,True,,1000,10800,cats_reg_g10b50,,False,CATS,50,regions,MultiMinded,70,Balance,19.459999999999127,1044.344,5,687.143,366.375,1044.344,1028.7267715555136,937.13302155551321,952.75024999999982,1,10,0,462,692
100,10,21,LinearSubgradientAuction,0.05,0.08,,True,,1000,10800,cats_reg_g10b50,,False,CATS,50,regions,MultiMinded,91,Balance,23.80000000000291,587.8678,2,515.864,141.49099999999999,587.8678,565.35696236751778,551.20786236751769,576.31137829138868,1,10,4,441,661
