idx,items,agents,auction_class,epsilon,stepc,epoch,scalebyvalue,reserve_type,maxiter,maxtime,generator_param_name,personalized,int_prices,generator,bids,distribution,type,rounds,status,runtime,efficient_value,final_num_winners,final_max_agent_value,final_scalevalue,final_value,final_total_price,final_revenue,final_indirect_util,final_price_degree,final_price_sparsity,final_imbalance,final_wd_nvars,final_wd_ncons
1,10,17,LinearHeuristicAuction,0.2,0.02,,True,,1000,10800,cats_reg_g10b50,,False,CATS,50,regions,MultiMinded,9,Balance,0.3099999999976717,681.0817,3,513.163,288.52699999999999,663.8767,646.24803850457465,473.13183850457477,584.62186848659212,1,10,17,33,27
2,10,19,LinearHeuristicAuction,0.2,0.02,,True,,1000,10800,cats_reg_g10b50,,False,CATS,50,regions,MultiMinded,131,Balance,5.069999999977881,734.1289999999999,2,640.313,226.71899999999999,732.193,672.18561392026402,597.7955850207494,705.85856464872359,1,10,13,42,29
3,10,17,LinearHeuristicAuction,0.2,0.02,,True,,1000,10800,cats_reg_g10b50,,False,CATS,50,regions,MultiMinded,10,Balance,0.33999999999650754,804.4359999999999,3,797.452,310.25200000000001,773.636,855.98097178317153,669.8297717831714,694.31700096173722,1,10,21,37,27
4,10,14,LinearHeuristicAuction,0.2,0.02,,True,,1000,10800,cats_reg_g10b50,,False,CATS,50,regions,MultiMinded,4,Balance,0.12000000002444722,574.909,2,568.922,272.93700000000001,574.909,586.95747606235227,477.78267606235227,536.25788764376011,1,10,8,27,24
5,10,21,LinearHeuristicAuction,0.2,0.02,,True,,1000,10800,cats_reg_g10b50,,False,CATS,50,regions,MultiMinded,125,Balance,4.89000000001397,650.6363,2,619.701,342.60149999999999,650.6363,649.28738781865002,549.82420647892752,558.1056173727527,1,10,17,42,31
6,10,17,LinearHeuristicAuction,0.2,0.02,,True,,1000,10800,cats_reg_g10b50,,False,CATS,50,regions,MultiMinded,2,Balance,0.07000000000698492,834.2848,1,784.19,470.66899999999998,784.19,847.20420000000024,753.07040000000029,965.35205999999994,1,10,30,29,27
7,10,21,LinearHeuristicAuction,0.2,0.02,,True,,1000,10800,cats_reg_g10b50,,False,CATS,50,regions,MultiMinded,33,Balance,1.2899999999790452,854.667,4,696.341,343.76999999999998,809.1469999999999,887.74781385038375,612.73181385038367,642.88007971880597,1,10,11,43,31
8,10,18,LinearHeuristicAuction,0.2,0.02,,True,,1000,10800,cats_reg_g10b50,,False,CATS,50,regions,MultiMinded,393,Balance,14.419999999983702,663.572,4,592.441,275.35000000000002,615.9541,650.16674137313794,429.88674137313791,449.44456022030636,1,10,1,38,28
9,10,18,LinearHeuristicAuction,0.2,0.02,,True,,1000,10800,cats_reg_g10b50,,False,CATS,50,regions,MultiMinded,4,Balance,0.16999999998370185,724.6032999999999,4,611.583,280.12,724.6032999999999,626.66737452585357,437.82667949493407,570.00366437577338,1,10,12,37,28
10,10,23,LinearHeuristicAuction,0.2,0.02,,True,,1000,10800,cats_reg_g10b50,,False,CATS,50,regions,MultiMinded,4,Balance,0.14999999999417923,946.3547,4,784.828,433.57950000000005,946.3547,1044.1858507971797,717.13212571065117,754.70225017305688,1,10,3,46,33
11,10,16,LinearHeuristicAuction,0.2,0.02,,True,,1000,10800,cats_reg_g10b50,,False,CATS,50,regions,MultiMinded,26,Balance,0.9399999999732245,724.662,1,724.662,403.49950000000001,724.662,753.55809563655384,672.85819563655377,677.24290612719005,1,10,14,35,26
12,10,16,LinearHeuristicAuction,0.2,0.02,,True,,1000,10800,cats_reg_g10b50,,False,CATS,50,regions,MultiMinded,2,Balance,0.06999999997788109,522.114,1,522.114,283.13549999999998,522.114,560.6082899999999,503.98118999999991,601.23239000000035,1,10,26,29,26
13,10,17,LinearHeuristicAuction,0.2,0.02,,True,,1000,10800,cats_reg_g10b50,,False,CATS,50,regions,MultiMinded,8,Balance,0.2900000000081491,778.1078,2,718.401,353.04300000000001,778.1078,774.2977183974549,679.58183442343716,750.0288611972187,1,10,11,36,27
14,10,17,LinearHeuristicAuction,0.2,0.02,,True,,1000,10800,cats_reg_g10b50,,False,CATS,50,regions,MultiMinded,2,Balance,0.07000000000698492,588.9796,2,575.883,307.69200000000001,588.9796,584.61480000000017,498.46104000000014,603.62603999999988,1,10,14,31,27
15,10,17,LinearHeuristicAuction,0.2,0.02,,True,,1000,10800,cats_reg_g10b50,,False,CATS,50,regions,MultiMinded,166,Balance,6.029999999998836,634.994,2,600.13,422.91899999999998,553.0052000000001,635.71186922634593,466.54426922634605,469.26918365294978,1,10,25,35,27
16,10,26,LinearHeuristicAuction,0.2,0.02,,True,,1000,10800,cats_reg_g10b50,,False,CATS,50,regions,MultiMinded,11,Balance,0.47000000000116415,519.6692,2,485.933,278.584,519.6692,572.83009782022145,466.9681778202214,467.57721284893819,1,10,16,51,36
17,10,16,LinearHeuristicAuction,0.2,0.02,,True,,1000,10800,cats_reg_g10b50,,False,CATS,50,regions,MultiMinded,4,Balance,0.1300000000046566,910.0260000000001,3,815.656,322.738,910.0260000000001,865.60376963036674,673.96043194859942,818.37853779114607,1,10,22,31,26
18,10,18,LinearHeuristicAuction,0.2,0.02,,True,,1000,10800,cats_reg_g10b50,,False,CATS,50,regions,MultiMinded,21,Balance,0.75,982.461,2,932.103,367.83500000000004,982.461,1039.797223093103,892.66322309310294,917.87404485972911,1,10,21,37,28
19,10,19,LinearHeuristicAuction,0.2,0.02,,True,,1000,10800,cats_reg_g10b50,,False,CATS,50,regions,MultiMinded,1000,MaxIter,39.04999999998836,903.4849999999999,1,826.774,559.33850000000007,826.774,948.63503628318483,0,1.4079534980646713,1,10,10,42,29
20,10,21,LinearHeuristicAuction,0.2,0.02,,True,,1000,10800,cats_reg_g10b50,,False,CATS,50,regions,MultiMinded,1000,MaxIter,39.26999999998952,780.3014999999999,5,637.779,268.37200000000001,712.5854,695.28794407413034,287.8346905956812,383.33310415245734,1,10,9,45,31
21,10,17,LinearHeuristicAuction,0.2,0.02,,True,,1000,10800,cats_reg_g10b50,,False,CATS,50,regions,MultiMinded,11,Balance,0.41000000000349246,869.309,3,770.684,361.69299999999998,830.299,815.78639815611211,611.48308939518733,704.02404882569067,1,10,8,39,27
22,10,16,LinearHeuristicAuction,0.2,0.02,,True,,1000,10800,cats_reg_g10b50,,False,CATS,50,regions,MultiMinded,1000,MaxIter,37.329999999987194,827.155,2,792.758,416.87799999999999,478.39,883.18855133874172,0.0,38.856347281545737,1,10,22,36,26
23,10,21,LinearHeuristicAuction,0.2,0.02,,True,,1000,10800,cats_reg_g10b50,,False,CATS,50,regions,MultiMinded,127,Balance,4.9799999999813735,926.9879999999999,5,813.726,269.07900000000001,913.9114999999999,910.41546419069596,645.50793457647603,703.86706146705012,1,10,6,47,31
24,10,23,LinearHeuristicAuction,0.2,0.02,,True,,1000,10800,cats_reg_g10b50,,False,CATS,50,regions,MultiMinded,61,Balance,2.400000000023283,822.2049999999999,2,635.81,377.13200000000001,782.967,842.27406146327098,691.42126146327087,711.51410378560422,1,10,20,49,33
25,10,22,LinearHeuristicAuction,0.2,0.02,,True,,1000,10800,cats_reg_g10b50,,False,CATS,50,regions,MultiMinded,185,Balance,7.1600000000034925,534.8185,2,446.519,197.68200000000002,534.8185,527.91713938626549,448.84433938626546,496.97211655781933,1,10,16,46,32
26,10,17,LinearHeuristicAuction,0.2,0.02,,True,,1000,10800,cats_reg_g10b50,,False,CATS,50,regions,MultiMinded,5,Balance,0.16999999998370185,716.487,1,716.487,299.23599999999999,687.81,728.38184411708573,668.53464411708569,706.73176717122806,1,10,33,34,27
27,10,17,LinearHeuristicAuction,0.2,0.02,,True,,1000,10800,cats_reg_g10b50,,False,CATS,50,regions,MultiMinded,37,Balance,1.2999999999883585,811.1127,4,667.768,330.15700000000004,778.0657000000001,849.9442211166886,608.53121640506617,614.53629031115213,1,10,17,37,27
28,10,18,LinearHeuristicAuction,0.2,0.02,,True,,1000,10800,cats_reg_g10b50,,False,CATS,50,regions,MultiMinded,8,Balance,0.2699999999895226,818.682,1,802.322,385.84800000000001,802.322,876.41198442618213,799.24238442618207,827.81642949038246,1,10,23,40,28
29,10,20,LinearHeuristicAuction,0.2,0.02,,True,,1000,10800,cats_reg_g10b50,,False,CATS,50,regions,MultiMinded,37,Balance,1.389999999984866,767.6940999999999,2,746.709,446.00549999999998,700.6921,755.49066179822182,621.05862928500687,670.20774739826015,1,10,20,41,30
30,10,18,LinearHeuristicAuction,0.2,0.02,,True,,1000,10800,cats_reg_g10b50,,False,CATS,50,regions,MultiMinded,96,Balance,3.5,794.5821000000001,3,739.446,385.6635,792.0011000000001,859.2443613896844,652.49025084894367,663.51530797184375,1,10,21,37,28
31,10,21,LinearHeuristicAuction,0.2,0.02,,True,,1000,10800,cats_reg_g10b50,,False,CATS,50,regions,MultiMinded,1000,MaxIter,38.91000000000349,818.388,4,733.06,325.495,714.5047,832.29243169178619,472.39907327585144,472.39907327585144,1,10,18,45,31
32,10,20,LinearHeuristicAuction,0.2,0.02,,True,,1000,10800,cats_reg_g10b50,,False,CATS,50,regions,MultiMinded,42,Balance,1.5899999999965075,637.3713,4,533.498,304.15100000000001,637.3713,650.38572482443192,431.39700482443197,450.73241844700129,1,10,9,42,30
33,10,16,LinearHeuristicAuction,0.2,0.02,,True,,1000,10800,cats_reg_g10b50,,False,CATS,50,regions,MultiMinded,40,Balance,1.430000000022119,560.5032,2,498.34,219.72300000000001,560.5032,526.23947364105447,451.94695417999344,488.0251968770703,1,10,5,34,26
34,10,20,LinearHeuristicAuction,0.2,0.02,,True,,1000,10800,cats_reg_g10b50,,False,CATS,50,regions,MultiMinded,147,Balance,5.6600000000034925,726.3012,4,568.454,249.64099999999999,726.3012,618.391304081106,440.24615788577438,548.15605380466832,1,10,0,41,30
35,10,27,LinearHeuristicAuction,0.2,0.02,,True,,1000,10800,cats_reg_g10b50,,False,CATS,50,regions,MultiMinded,15,Balance,0.6600000000034925,858.175,2,722.988,380.87900000000002,858.175,847.54387881343837,695.19227881343841,742.80590106535453,1,10,5,53,37
36,10,17,LinearHeuristicAuction,0.2,0.02,,True,,1000,10800,cats_reg_g10b50,,False,CATS,50,regions,MultiMinded,2,Balance,0.059999999997671694,716.498,1,716.498,379.51999999999998,716.498,781.8112000000001,705.9072000000001,839.62519999999995,1,10,24,31,27
37,10,20,LinearHeuristicAuction,0.2,0.02,,True,,1000,10800,cats_reg_g10b50,,False,CATS,50,regions,MultiMinded,23,Balance,0.8699999999953434,824.835,3,630.222,329.92600000000004,824.835,705.32673911791164,507.5762972516273,627.08455813371575,1,10,0,40,30
38,10,18,LinearHeuristicAuction,0.2,0.02,,True,,1000,10800,cats_reg_g10b50,,False,CATS,50,regions,MultiMinded,14,Balance,0.5,825.56,1,825.56,471.01400000000001,825.56,802.83155850129685,708.62875850129683,823.50191029143991,1,10,1,35,28
39,10,25,LinearHeuristicAuction,0.2,0.02,,True,,1000,10800,cats_reg_g10b50,,False,CATS,50,regions,MultiMinded,5,Balance,0.1900000000023283,948.5501,5,753.385,196.10050000000001,948.5501,792.46260353785806,596.36210353785805,812.26198171449221,1,10,5,47,35
40,10,22,LinearHeuristicAuction,0.2,0.02,,True,,1000,10800,cats_reg_g10b50,,False,CATS,50,regions,MultiMinded,862,Balance,35.41000000000349,694.64,2,671.57,320.48500000000001,694.64,679.52894861960272,551.33494861960276,610.58648366645014,1,10,18,46,32
41,10,18,LinearHeuristicAuction,0.2,0.02,,True,,1000,10800,cats_reg_g10b50,,False,CATS,50,regions,MultiMinded,2,Balance,0.06999999997788109,919.5834,3,833.068,428.51799999999997,919.5834,831.32491999999979,625.63627999999972,826.35288000000025,1,10,28,31,28
42,10,21,LinearHeuristicAuction,0.2,0.02,,True,,1000,10800,cats_reg_g10b50,,False,CATS,50,regions,MultiMinded,296,Balance,11.730000000010477,722.396,1,722.396,339.44,722.396,722.72527785333955,654.83727785333951,654.83727785333951,1,10,9,43,31
43,10,20,LinearHeuristicAuction,0.2,0.02,,True,,1000,10800,cats_reg_g10b50,,False,CATS,50,regions,MultiMinded,94,Balance,3.5899999999965075,820.8240000000001,2,681.374,265.63999999999999,820.8240000000001,791.52085544762542,685.26485544762534,715.1090997749518,1,10,5,42,30
44,10,19,LinearHeuristicAuction,0.2,0.02,,True,,1000,10800,cats_reg_g10b50,,False,CATS,50,regions,MultiMinded,1000,MaxIter,36.6699999999837,607.363,1,484.926,277.04599999999999,462.233,618.26684554439009,0,35.288061523428354,1,10,22,41,29
45,10,20,LinearHeuristicAuction,0.2,0.02,,True,,1000,10800,cats_reg_g10b50,,False,CATS,50,regions,MultiMinded,12,Balance,0.4400000000023283,687.7891,5,510.577,285.93000000000001,687.7891,690.01315847459159,448.78806855231198,505.07261716713441,1,10,13,42,30
46,10,19,LinearHeuristicAuction,0.2,0.02,,True,,1000,10800,cats_reg_g10b50,,False,CATS,50,regions,MultiMinded,24,Balance,0.9199999999837019,810.368,1,810.368,345.00850000000003,771.243,837.53530139834186,768.53360139834183,793.24786953665523,1,10,18,42,29
47,10,18,LinearHeuristicAuction,0.2,0.02,,True,,1000,10800,cats_reg_g10b50,,False,CATS,50,regions,MultiMinded,18,Balance,0.6900000000023283,759.477,1,738.963,363.25599999999997,738.963,744.67933490444932,672.0281349044493,755.15717389716997,1,10,25,41,28
48,10,29,LinearHeuristicAuction,0.2,0.02,,True,,1000,10800,cats_reg_g10b50,,False,CATS,50,regions,MultiMinded,13,Balance,0.5899999999965075,726.774,3,661.833,328.96899999999999,726.774,760.57907255656221,563.19767255656211,566.67165381234861,1,10,7,61,39
49,10,23,LinearHeuristicAuction,0.2,0.02,,True,,1000,10800,cats_reg_g10b50,,False,CATS,50,regions,MultiMinded,19,Balance,0.7400000000197906,587.5914,3,462.576,216.20049999999998,532.3787,550.16639805899331,421.78933997094555,484.09234152804549,1,10,16,45,33
50,10,17,LinearHeuristicAuction,0.2,0.02,,True,,1000,10800,cats_reg_g10b50,,False,CATS,50,regions,MultiMinded,20,Balance,0.7400000000197906,945.836,4,681.012,323.851,945.836,884.56368989648649,625.48288989648643,686.92632825627811,1,10,4,34,27
51,10,25,LinearHeuristicAuction,0.2,0.02,,True,,1000,10800,cats_reg_g10b50,,False,CATS,50,regions,MultiMinded,47,Balance,2.0,831.2631000000001,3,644.905,285.66050000000001,831.2631000000001,779.53573994532246,608.13943994532235,659.8667999999999,1,10,0,49,35
52,10,19,LinearHeuristicAuction,0.2,0.02,,True,,1000,10800,cats_reg_g10b50,,False,CATS,50,regions,MultiMinded,6,Balance,0.22000000000116415,608.391,1,608.391,276.31299999999999,576.268,618.72765295929855,563.46505295929853,579.62472947932793,1,10,28,38,29
53,10,21,LinearHeuristicAuction,0.2,0.02,,True,,1000,10800,cats_reg_g10b50,,False,CATS,50,regions,MultiMinded,146,Balance,5.649999999994179,623.5598,4,612.518,167.23250000000002,623.5598,642.34014961796913,508.55414961796907,514.08523214264596,1,10,13,44,31
54,10,20,LinearHeuristicAuction,0.2,0.02,,True,,1000,10800,cats_reg_g10b50,,False,CATS,50,regions,MultiMinded,11,Balance,0.41000000000349246,1040.322,4,967.436,414.12850000000003,1039.9794,1021.9970123422662,694.54118527900494,821.97539459994744,1,10,5,44,30
55,10,17,LinearHeuristicAuction,0.2,0.02,,True,,1000,10800,cats_reg_g10b50,,False,CATS,50,regions,MultiMinded,5,Balance,0.17000000001280569,1001.244,2,739.168,309.35699999999997,1001.244,853.89625154440319,730.1534515444032,989.17229026927862,1,10,7,31,27
56,10,17,LinearHeuristicAuction,0.2,0.02,,True,,1000,10800,cats_reg_g10b50,,False,CATS,50,regions,MultiMinded,74,Balance,2.6300000000046566,674.3464,2,592.43,348.80000000000001,641.1755,669.9788280514515,541.05455850731073,594.52791352645124,1,10,29,35,27
57,10,20,LinearHeuristicAuction,0.2,0.02,,True,,1000,10800,cats_reg_g10b50,,False,CATS,50,regions,MultiMinded,21,Balance,0.7599999999802094,783.158,3,568.928,268.62299999999999,763.1990000000001,756.94185116573726,595.76805116573723,658.08708416843751,1,10,12,41,30
58,10,21,LinearHeuristicAuction,0.2,0.02,,True,,1000,10800,cats_reg_g10b50,,False,CATS,50,regions,MultiMinded,14,Balance,0.5599999999976717,871.9079999999999,2,791.212,427.88200000000001,838.6581,861.16097766777102,747.3314321249585,792.18398230324692,1,10,9,43,31
59,10,28,LinearHeuristicAuction,0.2,0.02,,True,,1000,10800,cats_reg_g10b50,,False,CATS,50,regions,MultiMinded,38,Balance,1.75,875.1772,3,803.796,406.47899999999998,875.1772,864.03013494391098,628.27231494391094,645.58398297821134,1,10,15,56,38
60,10,22,LinearHeuristicAuction,0.2,0.02,,True,,1000,10800,cats_reg_g10b50,,False,CATS,50,regions,MultiMinded,13,Balance,0.5,716.1357,2,662.173,358.10899999999998,654.9817,674.1611357099323,571.26666124235442,632.34579971783853,1,10,25,44,32
61,10,19,LinearHeuristicAuction,0.2,0.02,,True,,1000,10800,cats_reg_g10b50,,False,CATS,50,regions,MultiMinded,26,Balance,0.9600000000209548,756.948,3,553.212,307.67700000000002,756.948,754.85937935646803,570.25317935646808,598.78984457742354,1,10,11,40,29
62,10,20,LinearHeuristicAuction,0.2,0.02,,True,,1000,10800,cats_reg_g10b50,,False,CATS,50,regions,MultiMinded,3,Balance,0.11000000001513399,962.414,3,839.979,365.63299999999998,962.414,851.60199308241818,632.22219308241802,987.64711447832633,1,10,25,34,30
63,10,20,LinearHeuristicAuction,0.2,0.02,,True,,1000,10800,cats_reg_g10b50,,False,CATS,50,regions,MultiMinded,122,Balance,4.699999999982538,966.8963000000001,4,783.33,502.36099999999999,966.8963000000001,940.21040820706571,656.94799353269423,684.70292852289606,1,10,4,42,30
64,10,24,LinearHeuristicAuction,0.2,0.02,,True,,1000,10800,cats_reg_g10b50,,False,CATS,50,regions,MultiMinded,83,Balance,3.5599999999976717,784.4846,5,723.45,238.8545,699.3765999999999,765.16809662166725,533.30948295497512,559.68720673348832,1,10,10,51,34
65,10,18,LinearHeuristicAuction,0.2,0.02,,True,,1000,10800,cats_reg_g10b50,,False,CATS,50,regions,MultiMinded,148,Balance,5.419999999983702,863.3610000000001,4,758.102,337.34500000000003,863.3610000000001,818.74514004225216,548.86914004225196,597.48149284401052,1,10,20,41,28
66,10,18,LinearHeuristicAuction,0.2,0.02,,True,,1000,10800,cats_reg_g10b50,,False,CATS,50,regions,MultiMinded,123,Balance,4.440000000002328,852.079,1,807.329,372.65700000000004,807.329,802.6035917019251,728.07219170192514,815.72539542026516,1,10,20,35,28
67,10,27,LinearHeuristicAuction,0.2,0.02,,True,,1000,10800,cats_reg_g10b50,,False,CATS,50,regions,MultiMinded,20,Balance,0.8800000000046566,860.8598,2,789.183,223.39999999999998,860.8598,844.57579671543726,755.21579671543725,835.07676079177929,1,10,5,50,37
68,10,20,LinearHeuristicAuction,0.2,0.02,,True,,1000,10800,cats_reg_g10b50,,False,CATS,50,regions,MultiMinded,31,Balance,1.1900000000023283,535.1916,4,486.692,201.834,535.1916,498.10647435923113,349.05691442431123,432.39092542295828,1,10,8,42,30
69,10,20,LinearHeuristicAuction,0.2,0.02,,True,,1000,10800,cats_reg_g10b50,,False,CATS,50,regions,MultiMinded,23,Balance,0.8800000000046566,550.5322,3,423.552,212.09399999999999,550.5322,501.85540943697924,383.08276943697922,431.75955999999996,1,10,0,40,30
70,10,18,LinearHeuristicAuction,0.2,0.02,,True,,1000,10800,cats_reg_g10b50,,False,CATS,50,regions,MultiMinded,6,Balance,0.22000000000116415,965.81,3,780.078,273.52800000000002,965.81,862.37273052958699,726.41087244506934,892.21123615517899,1,10,13,37,28
71,10,17,LinearHeuristicAuction,0.2,0.02,,True,,1000,10800,cats_reg_g10b50,,False,CATS,50,regions,MultiMinded,4,Balance,0.14000000001396984,745.048,1,745.048,330.73000000000002,745.048,801.79811467317279,735.65211467317283,833.73120611286572,1,10,27,33,27
72,10,23,LinearHeuristicAuction,0.2,0.02,,True,,1000,10800,cats_reg_g10b50,,False,CATS,50,regions,MultiMinded,10,Balance,0.41000000000349246,619.2275000000001,3,497.631,317.09799999999996,584.9741,597.60788152449538,430.84458551892538,478.12090358595566,1,10,4,45,33
73,10,20,LinearHeuristicAuction,0.2,0.02,,True,,1000,10800,cats_reg_g10b50,,False,CATS,50,regions,MultiMinded,21,Balance,0.8300000000162981,675.2625,1,656.76,362.82400000000001,656.76,728.02741946619881,655.46261946619882,659.28459264831497,1,10,17,42,30
74,10,26,LinearHeuristicAuction,0.2,0.02,,True,,1000,10800,cats_reg_g10b50,,False,CATS,50,regions,MultiMinded,5,Balance,0.20000000001164153,942.6876,2,890.025,245.483,942.6876,875.82259097045198,777.62939097045205,968.57420618479046,1,10,8,51,36
75,10,15,LinearHeuristicAuction,0.2,0.02,,True,,1000,10800,cats_reg_g10b50,,False,CATS,50,regions,MultiMinded,6,Balance,0.21000000002095476,986.353,1,977.088,450.65550000000002,977.088,966.7267456494335,876.59564564943344,979.46500124903719,1,10,10,32,25
76,10,22,LinearHeuristicAuction,0.2,0.02,,True,,1000,10800,cats_reg_g10b50,,False,CATS,50,regions,MultiMinded,40,Balance,1.5299999999988358,900.434,3,820.61,441.17500000000001,782.3779999999999,892.48262449756749,636.60112449756741,658.71680774785966,1,10,12,42,32
77,10,19,LinearHeuristicAuction,0.2,0.02,,True,,1000,10800,cats_reg_g10b50,,False,CATS,50,regions,MultiMinded,41,Balance,1.5100000000093132,505.8682,3,489.633,293.4085,502.3022,515.50863847684855,386.40889847684855,437.0858181314606,1,10,14,38,29
78,10,15,LinearHeuristicAuction,0.2,0.02,,True,,1000,10800,cats_reg_g10b50,,False,CATS,50,regions,MultiMinded,12,Balance,0.4200000000128057,723.896,1,723.896,268.85500000000002,723.896,721.5541302638876,667.78313026388764,743.490443959819,1,10,8,29,25
79,10,20,LinearHeuristicAuction,0.2,0.02,,True,,1000,10800,cats_reg_g10b50,,False,CATS,50,regions,MultiMinded,67,Balance,2.64000000001397,830.055,1,715.055,304.07849999999996,715.055,772.8697770838204,712.0540770838204,787.23693389767845,1,10,17,43,30
80,10,23,LinearHeuristicAuction,0.2,0.02,,True,,1000,10800,cats_reg_g10b50,,False,CATS,50,regions,MultiMinded,2,Balance,0.07999999998719431,858.2552999999999,1,815.519,326.65449999999998,815.519,803.57006999999987,738.23916999999983,936.87948999999992,1,10,17,40,33
81,10,19,LinearHeuristicAuction,0.2,0.02,,True,,1000,10800,cats_reg_g10b50,,False,CATS,50,regions,MultiMinded,3,Balance,0.08999999999650754,731.2354999999999,5,657.74,318.25649999999996,728.3769,688.28387175416947,438.49936223736592,640.85062676475025,1,10,22,31,29
82,10,20,LinearHeuristicAuction,0.2,0.02,,True,,1000,10800,cats_reg_g10b50,,False,CATS,50,regions,MultiMinded,60,Balance,2.220000000001164,799.819,3,670.65,230.49700000000001,799.819,763.53560125508079,625.23740125508084,710.30552988904833,1,10,5,41,30
83,10,18,LinearHeuristicAuction,0.2,0.02,,True,,1000,10800,cats_reg_g10b50,,False,CATS,50,regions,MultiMinded,18,Balance,0.6499999999941792,778.391,2,740.964,303.2475,778.391,775.7636731642865,654.46467316428641,750.71418842405592,1,10,5,36,28
84,10,19,LinearHeuristicAuction,0.2,0.02,,True,,1000,10800,cats_reg_g10b50,,False,CATS,50,regions,MultiMinded,3,Balance,0.11999999999534339,653.4665,4,531.36,233.98450000000003,653.4665,595.4157650439912,431.05887344543856,517.32854508017556,1,10,13,38,29
85,10,16,LinearHeuristicAuction,0.2,0.02,,True,,1000,10800,cats_reg_g10b50,,False,CATS,50,regions,MultiMinded,17,Balance,0.6199999999953434,738.6202000000001,4,623.355,332.00099999999998,738.6202000000001,730.30935472859835,468.24053526612869,493.08328575207202,1,10,8,34,26
86,10,17,LinearHeuristicAuction,0.2,0.02,,True,,1000,10800,cats_reg_g10b50,,False,CATS,50,regions,MultiMinded,63,Balance,2.209999999991851,772.54,1,646.076,287.08299999999997,646.076,701.19573191077848,643.77913191077846,725.79450953382388,1,10,17,34,27
87,10,18,LinearHeuristicAuction,0.2,0.02,,True,,1000,10800,cats_reg_g10b50,,False,CATS,50,regions,MultiMinded,1000,MaxIter,36.5,883.32347,2,801.709,428.95349999999996,671.90877,940.3402575217093,0.0,4.2145861047420734,1,10,9,38,28
88,10,20,LinearHeuristicAuction,0.2,0.02,,True,,1000,10800,cats_reg_g10b50,,False,CATS,50,regions,MultiMinded,14,Balance,0.5199999999895226,662.7294999999999,1,622.783,332.80799999999999,622.783,684.33107427617983,617.76947427617984,635.75109350453351,1,10,18,40,30
89,10,26,LinearHeuristicAuction,0.2,0.02,,True,,1000,10800,cats_reg_g10b50,,False,CATS,50,regions,MultiMinded,1000,MaxIter,44.66000000000349,844.3882,2,703.836,361.93200000000002,725.4582,821.31834487774677,0.0,45.905253230878294,1,10,25,55,36
90,10,21,LinearHeuristicAuction,0.2,0.02,,True,,1000,10800,cats_reg_g10b50,,False,CATS,50,regions,MultiMinded,10,Balance,0.3799999999755528,1011.3232,6,890.879,348.79300000000001,1011.3232,890.52499575797401,508.95472737732086,714.65451291240765,1,10,14,40,31
91,10,17,LinearHeuristicAuction,0.2,0.02,,True,,1000,10800,cats_reg_g10b50,,False,CATS,50,regions,MultiMinded,81,Balance,2.929999999993015,890.575,1,890.575,535.99700000000007,890.575,974.14332855780049,866.94392855780052,866.94392855780052,1,10,10,34,27
92,10,22,LinearHeuristicAuction,0.2,0.02,,True,,1000,10800,cats_reg_g10b50,,False,CATS,50,regions,MultiMinded,4,Balance,0.14999999999417923,683.1735,2,627.133,263.76300000000003,683.1735,707.14989757409978,618.37556910001115,656.25998277217332,1,10,15,44,32
93,10,20,LinearHeuristicAuction,0.2,0.02,,True,,1000,10800,cats_reg_g10b50,,False,CATS,50,regions,MultiMinded,8,Balance,0.3099999999976717,931.509,1,931.509,347.88099999999997,931.509,926.80382775431417,857.2276277543142,898.28596262864187,1,10,11,42,30
94,10,15,LinearHeuristicAuction,0.2,0.02,,True,,1000,10800,cats_reg_g10b50,,False,CATS,50,regions,MultiMinded,74,Balance,2.4799999999813735,772.037,2,770.337,295.54650000000004,772.037,770.89049232816421,663.27827880443954,722.98010078793777,1,10,16,33,25
95,10,17,LinearHeuristicAuction,0.2,0.02,,True,,1000,10800,cats_reg_g10b50,,False,CATS,50,regions,MultiMinded,153,Balance,5.489999999990687,901.2369,3,849.224,408.67100000000005,901.2369,884.34697015315987,698.75224944567412,717.55506799647162,1,10,9,37,27
96,10,19,LinearHeuristicAuction,0.2,0.02,,True,,1000,10800,cats_reg_g10b50,,False,CATS,50,regions,MultiMinded,2,Balance,0.059999999997671694,752.0848,3,651.493,368.70849999999996,752.0848,700.54614999999967,538.31440999999973,666.08317000000022,1,10,11,33,29
97,10,20,LinearHeuristicAuction,0.2,0.02,,True,,1000,10800,cats_reg_g10b50,,False,CATS,50,regions,MultiMinded,1000,MaxIter,40.139999999984866,657.92043,1,602.694,360.185,550.046,695.00479468200842,0,0.8618665632742859,1,10,9,45,30
98,10,20,LinearHeuristicAuction,0.2,0.02,,True,,1000,10800,cats_reg_g10b50,,False,CATS,50,regions,MultiMinded,3,Balance,0.11000000001513399,1047.5140999999999,4,870.711,386.798,1047.5140999999999,1043.510397624334,775.01760784934595,841.33211099951552,1,10,7,39,30
99,10,22,LinearHeuristicAuction,0.2,0.02,,True,,1000,10800,cats_reg_g10b50,,False,CATS,50,regions,MultiMinded,15,Balance,0.6099999999860302,1044.344,5,687.143,366.375,1044.344,1005.6574270547076,639.28242705470768,696.98684034176074,1,10,11,44,32
100,10,21,LinearHeuristicAuction,0.2,0.02,,True,,1000,10800,cats_reg_g10b50,,False,CATS,50,regions,MultiMinded,578,Balance,22.760000000009313,587.8678,2,515.864,141.49099999999999,587.8678,568.06534614575912,511.46894614575905,531.86985818685775,1,10,11,46,31
