idx,items,agents,auction_class,epsilon,stepc,epoch,scalebyvalue,reserve_type,maxiter,maxtime,generator_param_name,personalized,int_prices,generator,bids,distribution,type,rounds,status,runtime,efficient_value,final_num_winners,final_max_agent_value,final_scalevalue,final_value,final_total_price,final_revenue,final_indirect_util,final_price_degree,final_price_sparsity,final_imbalance,final_wd_nvars,final_wd_ncons
1,10,17,LinearSubgradientAuction,0.025,0.02,,True,,1000,10800,cats_reg_g10b50,,False,CATS,50,regions,MultiMinded,49,Balance,10.600000000000023,681.0817,4,513.163,288.52699999999999,681.0817,673.09526288150346,644.24256288150366,655.11343162998742,1,10,12,357,537
2,10,19,LinearSubgradientAuction,0.025,0.02,,True,,1000,10800,cats_reg_g10b50,,False,CATS,50,regions,MultiMinded,1000,MaxIter,239.41999999999996,734.1289999999999,3,640.313,226.71899999999999,504.306,681.83462487422821,430.53373273157712,493.36750383206243,1,10,9,399,599
3,10,17,LinearSubgradientAuction,0.025,0.02,,True,,1000,10800,cats_reg_g10b50,,False,CATS,50,regions,MultiMinded,1000,MaxIter,218.11,804.4359999999999,4,797.452,310.25200000000001,349.59541,825.03453804581932,330.35041620763224,332.91045899515592,1,10,5,357,537
4,10,14,LinearSubgradientAuction,0.025,0.02,,True,,1000,10800,cats_reg_g10b50,,False,CATS,50,regions,MultiMinded,38,Balance,6.789999999999964,574.909,2,568.922,272.93700000000001,574.909,568.07650124347253,554.42965124347245,563.13945039518796,1,10,11,294,444
5,10,21,LinearSubgradientAuction,0.025,0.02,,True,,1000,10800,cats_reg_g10b50,,False,CATS,50,regions,MultiMinded,130,Balance,34.60000000000002,650.6363,2,619.701,342.60149999999999,650.6363,648.15533119832264,631.02525619832261,640.88068990494719,1,10,16,441,661
6,10,17,LinearSubgradientAuction,0.025,0.02,,True,,1000,10800,cats_reg_g10b50,,False,CATS,50,regions,MultiMinded,1000,MaxIter,217.24,834.2848,1,784.19,470.66899999999998,395.259,885.78494158144747,0,3.8169168371051398,1,10,10,357,537
7,10,21,LinearSubgradientAuction,0.025,0.02,,True,,1000,10800,cats_reg_g10b50,,False,CATS,50,regions,MultiMinded,1000,MaxIter,268.54999999999995,854.667,4,696.341,343.76999999999998,609.034,873.70673295339077,586.17120414117528,586.17120414117528,1,10,20,441,661
8,10,18,LinearSubgradientAuction,0.025,0.02,,True,,1000,10800,cats_reg_g10b50,,False,CATS,50,regions,MultiMinded,376,Balance,85.50999999999999,663.572,4,592.441,275.35000000000002,663.572,648.20355316663665,620.91638725807309,642.92075,1,10,1,378,568
9,10,18,LinearSubgradientAuction,0.025,0.02,,True,,1000,10800,cats_reg_g10b50,,False,CATS,50,regions,MultiMinded,23,Balance,5.119999999999891,724.6032999999999,4,611.583,280.12,724.6032999999999,638.10613820593903,610.09413820593886,701.01875163734564,1,10,6,378,568
10,10,23,LinearSubgradientAuction,0.025,0.02,,True,,1000,10800,cats_reg_g10b50,,False,CATS,50,regions,MultiMinded,27,Balance,7.680000000000064,946.3547,4,784.828,433.57950000000005,946.3547,891.0349758181668,848.41782523830136,904.06868974804195,1,10,1,483,723
11,10,16,LinearSubgradientAuction,0.025,0.02,,True,,1000,10800,cats_reg_g10b50,,False,CATS,50,regions,MultiMinded,59,Balance,11.990000000000009,724.662,1,724.662,403.49950000000001,724.662,722.67597396681856,712.58848646681861,717.73675936937434,1,10,13,336,506
12,10,16,LinearSubgradientAuction,0.025,0.02,,True,,1000,10800,cats_reg_g10b50,,False,CATS,50,regions,MultiMinded,55,Balance,11.170000000000073,522.114,1,522.114,283.13549999999998,522.114,517.94456407146436,510.86617657146434,515.25586206949208,1,10,1,336,506
13,10,17,LinearSubgradientAuction,0.025,0.02,,True,,1000,10800,cats_reg_g10b50,,False,CATS,50,regions,MultiMinded,229,Balance,49.419999999999845,778.1078,2,718.401,353.04300000000001,778.1078,777.53313761190589,759.88098761190599,760.45564999999999,1,10,0,357,537
14,10,17,LinearSubgradientAuction,0.025,0.02,,True,,1000,10800,cats_reg_g10b50,,False,CATS,50,regions,MultiMinded,40,Balance,8.590000000000146,588.9796,2,575.883,307.69200000000001,588.9796,586.55408746100682,571.16948746100672,581.49599591264973,1,10,13,357,537
15,10,17,LinearSubgradientAuction,0.025,0.02,,True,,1000,10800,cats_reg_g10b50,,False,CATS,50,regions,MultiMinded,1000,MaxIter,215.8699999999999,634.994,3,600.13,422.91899999999998,610.676,673.04467093893595,586.64897318082535,589.79739482252739,1,10,1,357,537
16,10,26,LinearSubgradientAuction,0.025,0.02,,True,,1000,10800,cats_reg_g10b50,,False,CATS,50,regions,MultiMinded,37,Balance,11.849999999999909,519.6692,2,485.933,278.584,519.6692,518.43552358802128,504.50632358802125,512.51546583233983,1,10,14,546,816
17,10,16,LinearSubgradientAuction,0.025,0.02,,True,,1000,10800,cats_reg_g10b50,,False,CATS,50,regions,MultiMinded,83,Balance,16.970000000000027,910.0260000000001,3,815.656,322.738,910.0260000000001,909.240561196611,885.03521119661104,887.51347173514273,1,10,8,336,506
18,10,18,LinearSubgradientAuction,0.025,0.02,,True,,1000,10800,cats_reg_g10b50,,False,CATS,50,regions,MultiMinded,1000,MaxIter,227.16000000000008,982.461,3,932.103,367.83500000000004,593.707,1013.962182148476,575.00162462375988,575.31525141666566,1,10,3,378,568
19,10,19,LinearSubgradientAuction,0.025,0.02,,True,,1000,10800,cats_reg_g10b50,,False,CATS,50,regions,MultiMinded,1000,MaxIter,239.05999999999995,903.4849999999999,3,826.774,559.33850000000007,763.591,950.3931170794084,750.66591556050992,750.66591556050992,1,10,7,399,599
20,10,21,LinearSubgradientAuction,0.025,0.02,,True,,1000,10800,cats_reg_g10b50,,False,CATS,50,regions,MultiMinded,1000,MaxIter,266.4200000000001,780.3014999999999,4,637.779,268.37200000000001,652.3434,694.94863804745762,536.67485224994687,632.55923156270217,1,10,2,441,661
21,10,17,LinearSubgradientAuction,0.025,0.02,,True,,1000,10800,cats_reg_g10b50,,False,CATS,50,regions,MultiMinded,20,Balance,4.210000000000036,869.309,3,770.684,361.69299999999998,869.309,799.43679888007796,772.30982388007794,844.70482716553147,1,10,2,357,537
22,10,16,LinearSubgradientAuction,0.025,0.02,,True,,1000,10800,cats_reg_g10b50,,False,CATS,50,regions,MultiMinded,1000,MaxIter,204.54999999999995,827.155,4,792.758,416.87799999999999,698.707,883.1885513387416,629.06760634564705,667.92395362719265,1,10,4,336,506
23,10,21,LinearSubgradientAuction,0.025,0.02,,True,,1000,10800,cats_reg_g10b50,,False,CATS,50,regions,MultiMinded,1000,MaxIter,263.1099999999999,926.9879999999999,4,813.726,269.07900000000001,496.082,882.46381141389816,412.08459908450334,476.26433201795066,1,10,5,441,661
24,10,23,LinearSubgradientAuction,0.025,0.02,,True,,1000,10800,cats_reg_g10b50,,False,CATS,50,regions,MultiMinded,1000,MaxIter,290.3599999999999,822.2049999999999,2,635.81,377.13200000000001,782.967,838.0973543568274,128.74215818843984,140.62290766322468,1,10,9,483,723
25,10,22,LinearSubgradientAuction,0.025,0.02,,True,,1000,10800,cats_reg_g10b50,,False,CATS,50,regions,MultiMinded,1000,MaxIter,278.48,534.8185,4,446.519,197.68200000000002,443.35749999999996,528.58958074533859,394.73167471887541,433.58028960249607,1,10,9,462,692
26,10,17,LinearSubgradientAuction,0.025,0.02,,True,,1000,10800,cats_reg_g10b50,,False,CATS,50,regions,MultiMinded,28,Balance,5.870000000000118,716.487,2,716.487,299.23599999999999,716.487,721.65991841900461,707.5518151724375,709.00609999999995,1,10,1,357,537
27,10,17,LinearSubgradientAuction,0.025,0.02,,True,,1000,10800,cats_reg_g10b50,,False,CATS,50,regions,MultiMinded,300,Balance,64.98000000000002,811.1127,4,667.768,330.15700000000004,811.1127,809.41735216480913,776.40165216480921,778.09700000000009,1,10,0,357,537
28,10,18,LinearSubgradientAuction,0.025,0.02,,True,,1000,10800,cats_reg_g10b50,,False,CATS,50,regions,MultiMinded,203,Balance,46.319999999999936,818.682,3,802.322,385.84800000000001,818.682,816.81560919522985,787.87700919522979,790.86840804463498,1,10,7,378,568
29,10,20,LinearSubgradientAuction,0.025,0.02,,True,,1000,10800,cats_reg_g10b50,,False,CATS,50,regions,MultiMinded,85,Balance,21.580000000000155,767.6940999999999,3,746.709,446.00549999999998,767.6940999999999,750.72106536588922,717.27065286588936,734.24368750000008,1,10,0,420,630
30,10,18,LinearSubgradientAuction,0.025,0.02,,True,,1000,10800,cats_reg_g10b50,,False,CATS,50,regions,MultiMinded,1000,MaxIter,229.78999999999996,794.5821000000001,2,739.446,385.6635,53.1811,853.66721317992062,43.539391511276762,44.858730162578013,1,10,9,378,568
31,10,21,LinearSubgradientAuction,0.025,0.02,,True,,1000,10800,cats_reg_g10b50,,False,CATS,50,regions,MultiMinded,1000,MaxIter,264.04999999999995,818.388,4,733.06,325.495,756.7843,832.29243169178619,733.49489988334699,733.49489988334699,1,10,14,441,661
32,10,20,LinearSubgradientAuction,0.025,0.02,,True,,1000,10800,cats_reg_g10b50,,False,CATS,50,regions,MultiMinded,154,Balance,38.88000000000011,637.3713,4,533.498,304.15100000000001,637.3713,629.92120184541579,599.50610184541574,608.15969800137759,1,10,6,420,630
33,10,16,LinearSubgradientAuction,0.025,0.02,,True,,1000,10800,cats_reg_g10b50,,False,CATS,50,regions,MultiMinded,35,Balance,7.119999999999891,560.5032,3,498.34,219.72300000000001,560.5032,526.1470056907923,513.09397201473507,552.10002882123683,1,10,2,336,506
34,10,20,LinearSubgradientAuction,0.025,0.02,,True,,1000,10800,cats_reg_g10b50,,False,CATS,50,regions,MultiMinded,122,Balance,30.75,726.3012,5,568.454,249.64099999999999,726.3012,616.93254541078909,586.04297385843427,701.61421087757208,1,10,3,420,630
35,10,27,LinearSubgradientAuction,0.025,0.02,,True,,1000,10800,cats_reg_g10b50,,False,CATS,50,regions,MultiMinded,56,Balance,18.950000000000045,858.175,2,722.988,380.87900000000002,858.175,854.60921625353717,835.56526625353717,839.13104999999996,1,10,0,567,847
36,10,17,LinearSubgradientAuction,0.025,0.02,,True,,1000,10800,cats_reg_g10b50,,False,CATS,50,regions,MultiMinded,1000,MaxIter,219.33000000000015,716.498,3,716.498,379.51999999999998,92.6556,720.62090414014756,83.407747524893807,83.407747524893807,1,10,7,357,537
37,10,20,LinearSubgradientAuction,0.025,0.02,,True,,1000,10800,cats_reg_g10b50,,False,CATS,50,regions,MultiMinded,18,Balance,4.399999999999864,824.835,4,630.222,329.92600000000004,824.835,712.54202124304993,680.58228911791161,800.09055000000001,1,10,1,420,630
38,10,18,LinearSubgradientAuction,0.025,0.02,,True,,1000,10800,cats_reg_g10b50,,False,CATS,50,regions,MultiMinded,334,Balance,76.90999999999985,825.56,1,825.56,471.01400000000001,825.56,825.52157966211939,813.74622966211939,813.78464999999994,1,10,0,378,568
39,10,25,LinearSubgradientAuction,0.025,0.02,,True,,1000,10800,cats_reg_g10b50,,False,CATS,50,regions,MultiMinded,71,Balance,22.059999999999945,948.5501,5,753.385,196.10050000000001,948.5501,803.95763276048342,779.44507026048336,924.03753749999987,1,10,0,525,785
40,10,22,LinearSubgradientAuction,0.025,0.02,,True,,1000,10800,cats_reg_g10b50,,False,CATS,50,regions,MultiMinded,1000,MaxIter,277.45000000000005,694.64,3,671.57,320.48500000000001,535.635,681.43876936385595,464.23562886554288,519.82655639158338,1,10,2,462,692
41,10,18,LinearSubgradientAuction,0.025,0.02,,True,,1000,10800,cats_reg_g10b50,,False,CATS,50,regions,MultiMinded,14,Balance,3.0599999999999454,919.5834,3,833.068,428.51799999999997,919.5834,898.3409458418173,866.20209584181725,897.50200999010622,1,10,1,378,568
42,10,21,LinearSubgradientAuction,0.025,0.02,,True,,1000,10800,cats_reg_g10b50,,False,CATS,50,regions,MultiMinded,119,Balance,31.1099999999999,722.396,2,722.396,339.44,722.396,727.33509370475713,711.54242495651147,714.53325957128959,1,10,2,441,661
43,10,20,LinearSubgradientAuction,0.025,0.02,,True,,1000,10800,cats_reg_g10b50,,False,CATS,50,regions,MultiMinded,77,Balance,19.340000000000146,820.8240000000001,3,681.374,265.63999999999999,820.8240000000001,796.2824037384521,776.51508767632197,807.54200000000003,1,10,1,420,630
44,10,19,LinearSubgradientAuction,0.025,0.02,,True,,1000,10800,cats_reg_g10b50,,False,CATS,50,regions,MultiMinded,1000,MaxIter,239.12999999999988,607.363,4,484.926,277.04599999999999,530.75,618.26684554438964,475.13469440123777,510.42275592466615,1,10,4,399,599
45,10,20,LinearSubgradientAuction,0.025,0.02,,True,,1000,10800,cats_reg_g10b50,,False,CATS,50,regions,MultiMinded,87,Balance,21.6400000000001,687.7891,5,510.577,285.93000000000001,687.7891,684.68640614556796,648.94515614556792,658.96238954662533,1,10,4,420,630
46,10,19,LinearSubgradientAuction,0.025,0.02,,True,,1000,10800,cats_reg_g10b50,,False,CATS,50,regions,MultiMinded,187,Balance,44.930000000000064,810.368,2,810.368,345.00850000000003,810.368,774.66686672682226,757.69032863094958,801.74278750000008,1,10,2,399,599
47,10,18,LinearSubgradientAuction,0.025,0.02,,True,,1000,10800,cats_reg_g10b50,,False,CATS,50,regions,MultiMinded,446,Balance,102.24000000000001,759.477,2,738.963,363.25599999999997,759.477,756.65011385990169,738.48731385990163,750.30702443614359,1,10,1,378,568
48,10,29,LinearSubgradientAuction,0.025,0.02,,True,,1000,10800,cats_reg_g10b50,,False,CATS,50,regions,MultiMinded,20,Balance,7.059999999999945,726.774,3,661.833,328.96899999999999,726.774,713.82539276914372,689.15271776914369,702.90891504415845,1,10,2,609,909
49,10,23,LinearSubgradientAuction,0.025,0.02,,True,,1000,10800,cats_reg_g10b50,,False,CATS,50,regions,MultiMinded,1000,MaxIter,287.71000000000004,587.5914,5,462.576,216.20049999999998,493.3123,564.22720191536973,443.90758168445859,472.02901693162005,1,10,3,483,723
50,10,17,LinearSubgradientAuction,0.025,0.02,,True,,1000,10800,cats_reg_g10b50,,False,CATS,50,regions,MultiMinded,22,Balance,4.6599999999998545,945.836,4,681.012,323.851,945.836,885.83747528891786,853.45237528891789,913.45090000000005,1,10,0,357,537
51,10,25,LinearSubgradientAuction,0.025,0.02,,True,,1000,10800,cats_reg_g10b50,,False,CATS,50,regions,MultiMinded,37,Balance,11.370000000000118,831.2631000000001,4,644.905,285.66050000000001,831.2631000000001,779.08779920762913,751.02997335809994,809.83856250000008,1,10,1,525,785
52,10,19,LinearSubgradientAuction,0.025,0.02,,True,,1000,10800,cats_reg_g10b50,,False,CATS,50,regions,MultiMinded,29,Balance,6.7999999999999545,608.391,2,608.391,276.31299999999999,608.391,606.65884487552285,593.46642402649093,601.89287237792144,1,10,3,399,599
53,10,21,LinearSubgradientAuction,0.025,0.02,,True,,1000,10800,cats_reg_g10b50,,False,CATS,50,regions,MultiMinded,1000,MaxIter,266.16999999999985,623.5598,2,612.518,167.23250000000002,387.8668,635.77726201696487,72.48593064456513,73.659393799984173,1,10,8,441,661
54,10,20,LinearSubgradientAuction,0.025,0.02,,True,,1000,10800,cats_reg_g10b50,,False,CATS,50,regions,MultiMinded,283,Balance,71.16999999999985,1040.322,4,967.436,414.12850000000003,1040.322,997.08847502437368,955.67562502437352,1000.3813072069313,1,10,6,420,630
55,10,17,LinearSubgradientAuction,0.025,0.02,,True,,1000,10800,cats_reg_g10b50,,False,CATS,50,regions,MultiMinded,25,Balance,5.2999999999999545,1001.244,2,739.168,309.35699999999997,1001.244,934.3274831571207,918.8596331571207,985.77615000000003,1,10,0,357,537
56,10,17,LinearSubgradientAuction,0.025,0.02,,True,,1000,10800,cats_reg_g10b50,,False,CATS,50,regions,MultiMinded,1000,MaxIter,217.19000000000005,674.3464,4,592.43,348.80000000000001,305.2875,657.67532611909064,254.89388476436685,279.56175643447182,1,10,1,357,537
57,10,20,LinearSubgradientAuction,0.025,0.02,,True,,1000,10800,cats_reg_g10b50,,False,CATS,50,regions,MultiMinded,246,Balance,62.26999999999998,783.158,3,568.928,268.62299999999999,783.158,764.23619539551987,744.08947039552004,763.01127500000007,1,10,0,420,630
58,10,21,LinearSubgradientAuction,0.025,0.02,,True,,1000,10800,cats_reg_g10b50,,False,CATS,50,regions,MultiMinded,43,Balance,11.450000000000045,871.9079999999999,2,791.212,427.88200000000001,871.9079999999999,864.88707162008518,843.4929716200852,853.4694392244013,1,10,5,441,661
59,10,28,LinearSubgradientAuction,0.025,0.02,,True,,1000,10800,cats_reg_g10b50,,False,CATS,50,regions,MultiMinded,74,Balance,25.930000000000064,875.1772,3,803.796,406.47899999999998,875.1772,863.62231785239123,833.13639285239128,845.2597703849483,1,10,2,588,878
60,10,22,LinearSubgradientAuction,0.025,0.02,,True,,1000,10800,cats_reg_g10b50,,False,CATS,50,regions,MultiMinded,30,Balance,8.220000000000027,716.1357,3,662.173,358.10899999999998,716.1357,679.96851163947031,653.11033663947035,689.50790770122865,1,10,4,462,692
61,10,19,LinearSubgradientAuction,0.025,0.02,,True,,1000,10800,cats_reg_g10b50,,False,CATS,50,regions,MultiMinded,165,Balance,39.51999999999998,756.948,3,553.212,307.67700000000002,756.948,755.35650699820201,732.28073199820199,734.22861401543162,1,10,1,399,599
62,10,20,LinearSubgradientAuction,0.025,0.02,,True,,1000,10800,cats_reg_g10b50,,False,CATS,50,regions,MultiMinded,77,Balance,19.38000000000011,962.414,3,839.979,365.63299999999998,962.414,959.22284455570218,931.80036955570222,935.85020591333159,1,10,8,420,630
63,10,20,LinearSubgradientAuction,0.025,0.02,,True,,1000,10800,cats_reg_g10b50,,False,CATS,50,regions,MultiMinded,122,Balance,30.960000000000036,966.8963000000001,4,783.33,502.36099999999999,966.8963000000001,940.21040820706571,889.97430820706563,917.72924319726746,1,10,4,420,630
64,10,24,LinearSubgradientAuction,0.025,0.02,,True,,1000,10800,cats_reg_g10b50,,False,CATS,50,regions,MultiMinded,129,Balance,38.74000000000001,784.4846,2,723.45,238.8545,784.4846,763.36393675162526,751.42121175162515,772.54187499999989,1,10,0,504,754
65,10,18,LinearSubgradientAuction,0.025,0.02,,True,,1000,10800,cats_reg_g10b50,,False,CATS,50,regions,MultiMinded,153,Balance,34.789999999999964,863.3610000000001,4,758.102,337.34500000000003,863.3610000000001,819.90432337125083,786.1698233712508,831.15036090038052,1,10,6,378,568
66,10,18,LinearSubgradientAuction,0.025,0.02,,True,,1000,10800,cats_reg_g10b50,,False,CATS,50,regions,MultiMinded,246,Balance,56.61000000000013,852.079,4,807.329,372.65700000000004,852.079,807.69622613222714,770.58482981001828,824.12972500000001,1,10,1,378,568
67,10,27,LinearSubgradientAuction,0.025,0.02,,True,,1000,10800,cats_reg_g10b50,,False,CATS,50,regions,MultiMinded,105,Balance,35.320000000000164,860.8598,2,789.183,223.39999999999998,860.8598,857.12426935552776,845.95426935552769,854.85743067761348,1,10,1,567,847
68,10,20,LinearSubgradientAuction,0.025,0.02,,True,,1000,10800,cats_reg_g10b50,,False,CATS,50,regions,MultiMinded,96,Balance,24.180000000000064,535.1916,4,486.692,201.834,535.1916,530.77013418039837,510.58673418039848,519.90948575189293,1,10,1,420,630
69,10,20,LinearSubgradientAuction,0.025,0.02,,True,,1000,10800,cats_reg_g10b50,,False,CATS,50,regions,MultiMinded,23,Balance,5.669999999999845,550.5322,3,423.552,212.09399999999999,550.5322,501.85540943697924,485.94835943697927,534.62515000000008,1,10,0,420,630
70,10,18,LinearSubgradientAuction,0.025,0.02,,True,,1000,10800,cats_reg_g10b50,,False,CATS,50,regions,MultiMinded,1000,MaxIter,230.73000000000002,965.81,3,780.078,273.52800000000002,355.709,892.37426713074512,252.74450814969188,365.65610070938772,1,10,1,378,568
71,10,17,LinearSubgradientAuction,0.025,0.02,,True,,1000,10800,cats_reg_g10b50,,False,CATS,50,regions,MultiMinded,1000,MaxIter,215.3599999999999,745.048,1,745.048,330.73000000000002,564.57,788.75185186791555,0,0.80288593217437665,1,10,5,357,537
72,10,23,LinearSubgradientAuction,0.025,0.02,,True,,1000,10800,cats_reg_g10b50,,False,CATS,50,regions,MultiMinded,63,Balance,18.019999999999982,619.2275000000001,7,497.631,317.09799999999996,619.2275000000001,584.32063347644623,528.82848347644608,563.73534999999981,1,10,0,483,723
73,10,20,LinearSubgradientAuction,0.025,0.02,,True,,1000,10800,cats_reg_g10b50,,False,CATS,50,regions,MultiMinded,1000,MaxIter,253.85000000000014,675.2625,1,656.76,362.82400000000001,601.73,697.76794607129762,0,1.6461617861072,1,10,10,420,630
74,10,26,LinearSubgradientAuction,0.025,0.02,,True,,1000,10800,cats_reg_g10b50,,False,CATS,50,regions,MultiMinded,65,Balance,21.070000000000164,942.6876,2,890.025,245.483,942.6876,942.19086517506616,929.9167151750662,930.41345000000001,1,10,0,546,816
75,10,15,LinearSubgradientAuction,0.025,0.02,,True,,1000,10800,cats_reg_g10b50,,False,CATS,50,regions,MultiMinded,129,Balance,24.75999999999999,986.353,5,977.088,450.65550000000002,986.353,976.53014388214581,920.7974524245044,944.48565388837551,1,10,15,315,475
76,10,22,LinearSubgradientAuction,0.025,0.02,,True,,1000,10800,cats_reg_g10b50,,False,CATS,50,regions,MultiMinded,58,Balance,15.849999999999909,900.434,6,820.61,441.17500000000001,900.434,875.98852775520038,809.8122777552004,841.31699413904016,1,10,7,462,692
77,10,19,LinearSubgradientAuction,0.025,0.02,,True,,1000,10800,cats_reg_g10b50,,False,CATS,50,regions,MultiMinded,1000,MaxIter,242.48000000000002,505.8682,3,489.633,293.4085,219.0362,492.06811657677247,182.14606706329042,204.88298934174378,1,10,8,399,599
78,10,15,LinearSubgradientAuction,0.025,0.02,,True,,1000,10800,cats_reg_g10b50,,False,CATS,50,regions,MultiMinded,315,Balance,60.27999999999997,723.896,1,723.896,268.85500000000002,723.896,723.75823529421575,717.03686029421578,717.17462499999999,1,10,0,315,475
79,10,20,LinearSubgradientAuction,0.025,0.02,,True,,1000,10800,cats_reg_g10b50,,False,CATS,50,regions,MultiMinded,95,Balance,23.84999999999991,830.055,4,715.055,304.07849999999996,830.055,769.66958547626416,740.46046555292025,808.13373103763377,1,10,4,420,630
80,10,23,LinearSubgradientAuction,0.025,0.02,,True,,1000,10800,cats_reg_g10b50,,False,CATS,50,regions,MultiMinded,1000,MaxIter,288.44000000000005,858.2552999999999,5,815.519,326.65449999999998,710.7932999999999,849.48091661270814,668.95623877073285,678.54084293198071,1,10,3,483,723
81,10,19,LinearSubgradientAuction,0.025,0.02,,True,,1000,10800,cats_reg_g10b50,,False,CATS,50,regions,MultiMinded,51,Balance,12.0,731.2354999999999,3,657.74,318.25649999999996,731.2354999999999,719.46203378784298,695.59279628784293,707.36626249999995,1,10,0,399,599
82,10,20,LinearSubgradientAuction,0.025,0.02,,True,,1000,10800,cats_reg_g10b50,,False,CATS,50,regions,MultiMinded,1000,MaxIter,251.29999999999995,799.819,3,670.65,230.49700000000001,570.5613,766.70561939904542,519.52900994063032,559.88027796155382,1,10,4,420,630
83,10,18,LinearSubgradientAuction,0.025,0.02,,True,,1000,10800,cats_reg_g10b50,,False,CATS,50,regions,MultiMinded,71,Balance,16.199999999999818,778.391,2,740.964,303.2475,778.391,773.82352109772387,758.66114609772376,774.01963240157318,1,10,9,378,568
84,10,19,LinearSubgradientAuction,0.025,0.02,,True,,1000,10800,cats_reg_g10b50,,False,CATS,50,regions,MultiMinded,11,Balance,2.479999999999791,653.4665,4,531.36,233.98450000000003,653.4665,616.61191480510888,593.21346480510897,633.7597871015081,1,10,3,399,599
85,10,16,LinearSubgradientAuction,0.025,0.02,,True,,1000,10800,cats_reg_g10b50,,False,CATS,50,regions,MultiMinded,22,Balance,4.389999999999873,738.6202000000001,4,623.355,332.00099999999998,738.6202000000001,732.23939146007297,699.03929146007295,712.3436252686887,1,10,1,336,506
86,10,17,LinearSubgradientAuction,0.025,0.02,,True,,1000,10800,cats_reg_g10b50,,False,CATS,50,regions,MultiMinded,95,Balance,20.350000000000136,772.54,3,646.076,287.08299999999997,772.54,748.017644200993,726.77779143877933,758.18585000000007,1,10,1,357,537
87,10,18,LinearSubgradientAuction,0.025,0.02,,True,,1000,10800,cats_reg_g10b50,,False,CATS,50,regions,MultiMinded,1000,MaxIter,231.02999999999997,883.32347,2,801.709,428.95349999999996,45.89987,940.34025752170908,0.0,4.2145860533514448,1,10,9,378,568
88,10,20,LinearSubgradientAuction,0.025,0.02,,True,,1000,10800,cats_reg_g10b50,,False,CATS,50,regions,MultiMinded,61,Balance,15.230000000000018,662.7294999999999,4,622.783,332.80799999999999,662.7294999999999,654.24278303672338,620.96198303672338,631.66902971355717,1,10,5,420,630
89,10,26,LinearSubgradientAuction,0.025,0.02,,True,,1000,10800,cats_reg_g10b50,,False,CATS,50,regions,MultiMinded,1000,MaxIter,326.55999999999995,844.3882,5,703.836,361.93200000000002,782.4252,821.31834487774654,701.5622647890325,747.46751801991081,1,10,7,546,816
90,10,21,LinearSubgradientAuction,0.025,0.02,,True,,1000,10800,cats_reg_g10b50,,False,CATS,50,regions,MultiMinded,1000,MaxIter,265.3700000000001,1011.3232,6,890.879,348.79300000000001,968.5201999999999,917.71502641965662,821.97425014928501,925.94918861498809,1,10,5,441,661
91,10,17,LinearSubgradientAuction,0.025,0.02,,True,,1000,10800,cats_reg_g10b50,,False,CATS,50,regions,MultiMinded,844,Balance,183.08999999999992,890.575,1,890.575,535.99700000000007,890.575,890.19137397870247,876.79144897870242,879.61341817230402,1,10,23,357,537
92,10,22,LinearSubgradientAuction,0.025,0.02,,True,,1000,10800,cats_reg_g10b50,,False,CATS,50,regions,MultiMinded,57,Balance,15.740000000000009,683.1735,2,627.133,263.76300000000003,683.1735,661.91864799322241,648.73049799322246,669.98535000000015,1,10,0,462,692
93,10,20,LinearSubgradientAuction,0.025,0.02,,True,,1000,10800,cats_reg_g10b50,,False,CATS,50,regions,MultiMinded,57,Balance,14.150000000000091,931.509,1,931.509,347.88099999999997,931.509,930.43781734929712,921.74079234929707,922.81197499999996,1,10,0,420,630
94,10,15,LinearSubgradientAuction,0.025,0.02,,True,,1000,10800,cats_reg_g10b50,,False,CATS,50,regions,MultiMinded,1000,MaxIter,194.01999999999998,772.037,2,770.337,295.54650000000004,406.473,771.0758322998023,94.538442034710144,101.62608196981593,1,10,9,315,475
95,10,17,LinearSubgradientAuction,0.025,0.02,,True,,1000,10800,cats_reg_g10b50,,False,CATS,50,regions,MultiMinded,102,Balance,21.769999999999982,901.2369,4,849.224,408.67100000000005,901.2369,890.90957250283316,852.30800788857277,871.36319919639709,1,10,4,357,537
96,10,19,LinearSubgradientAuction,0.025,0.02,,True,,1000,10800,cats_reg_g10b50,,False,CATS,50,regions,MultiMinded,18,Balance,4.160000000000082,752.0848,3,651.493,368.70849999999996,752.0848,724.86586200947772,697.21272450947788,729.58282126619679,1,10,11,399,599
97,10,20,LinearSubgradientAuction,0.025,0.02,,True,,1000,10800,cats_reg_g10b50,,False,CATS,50,regions,MultiMinded,1000,MaxIter,251.37000000000012,657.92043,1,602.694,360.185,400.287,695.62977793902189,0,0.4265460260760392,1,10,10,420,630
98,10,20,LinearSubgradientAuction,0.025,0.02,,True,,1000,10800,cats_reg_g10b50,,False,CATS,50,regions,MultiMinded,8,Balance,1.8800000000001091,1047.5140999999999,4,870.711,386.798,1047.5140999999999,975.62829052929135,936.94849052929146,1008.8343000000001,1,10,0,420,630
99,10,22,LinearSubgradientAuction,0.025,0.02,,True,,1000,10800,cats_reg_g10b50,,False,CATS,50,regions,MultiMinded,45,Balance,12.230000000000018,1044.344,5,687.143,366.375,1044.344,1011.4418355953032,965.64496059530347,1001.5026627223893,1,10,4,462,692
100,10,21,LinearSubgradientAuction,0.025,0.02,,True,,1000,10800,cats_reg_g10b50,,False,CATS,50,regions,MultiMinded,586,Balance,153.81999999999994,587.8678,2,515.864,141.49099999999999,587.8678,568.30438770816659,561.22983770816666,580.917224557287,1,10,7,441,661
