idx,items,agents,auction_class,epsilon,stepc,epoch,scalebyvalue,reserve_type,maxiter,maxtime,generator_param_name,personalized,int_prices,generator,bids,distribution,type,rounds,status,runtime,efficient_value,final_num_winners,final_max_agent_value,final_scalevalue,final_value,final_total_price,final_revenue,final_indirect_util,final_price_degree,final_price_sparsity,final_imbalance,final_wd_nvars,final_wd_ncons
1,10,17,LinearSubgradientAuction,0.1,0.02,,True,,1000,10800,cats_reg_g10b50,,False,CATS,50,regions,MultiMinded,15,Balance,3.139999999999418,681.0817,4,513.163,288.52699999999999,681.0817,669.35105798770724,553.94025798770724,591.69443841279588,1,10,2,357,537
2,10,19,LinearSubgradientAuction,0.1,0.02,,True,,1000,10800,cats_reg_g10b50,,False,CATS,50,regions,MultiMinded,1000,MaxIter,240.32000000000698,734.1289999999999,3,640.313,226.71899999999999,504.306,681.83462487422821,396.52588273157716,459.35965383206246,1,10,9,399,599
3,10,17,LinearSubgradientAuction,0.1,0.02,,True,,1000,10800,cats_reg_g10b50,,False,CATS,50,regions,MultiMinded,1000,MaxIter,214.88999999999942,804.4359999999999,4,797.452,310.25200000000001,349.59541,825.03453804581932,283.81261620763229,286.37265899515597,1,10,5,357,537
4,10,14,LinearSubgradientAuction,0.1,0.02,,True,,1000,10800,cats_reg_g10b50,,False,CATS,50,regions,MultiMinded,20,Balance,3.569999999992433,574.909,2,568.922,272.93700000000001,574.909,565.35087438651931,510.76347438651925,540.00952356318817,1,10,11,294,444
5,10,21,LinearSubgradientAuction,0.1,0.02,,True,,1000,10800,cats_reg_g10b50,,False,CATS,50,regions,MultiMinded,24,Balance,6.309999999997672,650.6363,3,619.701,342.60149999999999,650.6363,672.90493502928337,584.59722667241965,596.11881308054035,1,10,8,441,661
6,10,17,LinearSubgradientAuction,0.1,0.02,,True,,1000,10800,cats_reg_g10b50,,False,CATS,50,regions,MultiMinded,1000,MaxIter,219.72999999999593,834.2848,1,784.19,470.66899999999998,395.259,885.78494158144747,0,3.8169168371051398,1,10,10,357,537
7,10,21,LinearSubgradientAuction,0.1,0.02,,True,,1000,10800,cats_reg_g10b50,,False,CATS,50,regions,MultiMinded,1000,MaxIter,264.0,854.667,4,696.341,343.76999999999998,609.034,873.70673295339077,508.8229541411751,508.8229541411751,1,10,20,441,661
8,10,18,LinearSubgradientAuction,0.1,0.02,,True,,1000,10800,cats_reg_g10b50,,False,CATS,50,regions,MultiMinded,70,Balance,15.869999999995343,663.572,4,592.441,275.35000000000002,663.572,648.57877818864529,538.65128009561045,580.96699999999998,1,10,1,378,568
9,10,18,LinearSubgradientAuction,0.1,0.02,,True,,1000,10800,cats_reg_g10b50,,False,CATS,50,regions,MultiMinded,23,Balance,5.099999999991269,724.6032999999999,4,611.583,280.12,724.6032999999999,638.10613820593903,533.30144317501959,624.22605660642637,1,10,6,378,568
10,10,23,LinearSubgradientAuction,0.1,0.02,,True,,1000,10800,cats_reg_g10b50,,False,CATS,50,regions,MultiMinded,27,Balance,7.809999999997672,946.3547,4,784.828,433.57950000000005,946.3547,891.0349758181668,750.86243773830142,806.51330224804201,1,10,1,483,723
11,10,16,LinearSubgradientAuction,0.1,0.02,,True,,1000,10800,cats_reg_g10b50,,False,CATS,50,regions,MultiMinded,59,Balance,12.0,724.662,1,724.662,403.49950000000001,724.662,722.67597396681856,682.32602396681852,687.47429686937426,1,10,13,336,506
12,10,16,LinearSubgradientAuction,0.1,0.02,,True,,1000,10800,cats_reg_g10b50,,False,CATS,50,regions,MultiMinded,55,Balance,11.229999999995925,522.114,1,522.114,283.13549999999998,522.114,517.94456407146436,489.63101407146434,494.02069956949202,1,10,1,336,506
13,10,17,LinearSubgradientAuction,0.1,0.02,,True,,1000,10800,cats_reg_g10b50,,False,CATS,50,regions,MultiMinded,229,Balance,49.85000000000582,778.1078,2,718.401,353.04300000000001,778.1078,777.53313761190589,706.92453761190586,707.49919999999986,1,10,0,357,537
14,10,17,LinearSubgradientAuction,0.1,0.02,,True,,1000,10800,cats_reg_g10b50,,False,CATS,50,regions,MultiMinded,40,Balance,8.540000000008149,588.9796,2,575.883,307.69200000000001,588.9796,586.55408746100682,544.9028715484252,555.2293800000682,1,10,13,357,537
15,10,17,LinearSubgradientAuction,0.1,0.02,,True,,1000,10800,cats_reg_g10b50,,False,CATS,50,regions,MultiMinded,65,Balance,14.060000000012224,634.994,3,600.13,422.91899999999998,634.994,673.43754951634162,547.0684397142245,550.41020000000003,1,10,1,357,537
16,10,26,LinearSubgradientAuction,0.1,0.02,,True,,1000,10800,cats_reg_g10b50,,False,CATS,50,regions,MultiMinded,25,Balance,8.009999999994761,519.6692,2,485.933,278.584,519.6692,543.09274291028066,487.37594291028068,487.4390229102807,1,10,9,546,816
17,10,16,LinearSubgradientAuction,0.1,0.02,,True,,1000,10800,cats_reg_g10b50,,False,CATS,50,regions,MultiMinded,83,Balance,16.90000000000873,910.0260000000001,3,815.656,322.738,910.0260000000001,909.240561196611,812.41916119661107,814.89742173514276,1,10,8,336,506
18,10,18,LinearSubgradientAuction,0.1,0.02,,True,,1000,10800,cats_reg_g10b50,,False,CATS,50,regions,MultiMinded,1000,MaxIter,226.26999999998952,982.461,3,932.103,367.83500000000004,593.707,1013.962182148476,519.82637462375988,520.14000141666565,1,10,3,378,568
19,10,19,LinearSubgradientAuction,0.1,0.02,,True,,1000,10800,cats_reg_g10b50,,False,CATS,50,regions,MultiMinded,361,Balance,87.3700000000099,903.4849999999999,2,826.774,559.33850000000007,903.4849999999999,949.8757221272333,838.00802212723318,838.47320869021667,1,10,5,399,599
20,10,21,LinearSubgradientAuction,0.1,0.02,,True,,1000,10800,cats_reg_g10b50,,False,CATS,50,regions,MultiMinded,1000,MaxIter,265.61999999999534,780.3014999999999,4,637.779,268.37200000000001,652.3434,694.94863804745762,484.80276580672296,580.68714511947826,1,10,2,441,661
21,10,17,LinearSubgradientAuction,0.1,0.02,,True,,1000,10800,cats_reg_g10b50,,False,CATS,50,regions,MultiMinded,20,Balance,4.320000000006985,869.309,3,770.684,361.69299999999998,869.309,799.43679888007796,690.9288988800779,763.32390216553131,1,10,2,357,537
22,10,16,LinearSubgradientAuction,0.1,0.02,,True,,1000,10800,cats_reg_g10b50,,False,CATS,50,regions,MultiMinded,1000,MaxIter,206.14999999999418,827.155,4,792.758,416.87799999999999,698.707,883.1885513387416,535.27005634564705,574.12640362719264,1,10,4,336,506
23,10,21,LinearSubgradientAuction,0.1,0.02,,True,,1000,10800,cats_reg_g10b50,,False,CATS,50,regions,MultiMinded,609,Balance,162.0,926.9879999999999,5,813.726,269.07900000000001,926.9879999999999,893.74003725357761,759.20053725357741,818.82161639051139,1,10,2,441,661
24,10,23,LinearSubgradientAuction,0.1,0.02,,True,,1000,10800,cats_reg_g10b50,,False,CATS,50,regions,MultiMinded,1000,MaxIter,291.47000000000116,822.2049999999999,2,635.81,377.13200000000001,782.967,838.0973543568274,100.45725818843985,112.33800766322469,1,10,9,483,723
25,10,22,LinearSubgradientAuction,0.1,0.02,,True,,1000,10800,cats_reg_g10b50,,False,CATS,50,regions,MultiMinded,1000,MaxIter,277.6999999999971,534.8185,4,446.519,197.68200000000002,443.35749999999996,528.58958074533859,365.07937471887539,403.92798960249604,1,10,9,462,692
26,10,17,LinearSubgradientAuction,0.1,0.02,,True,,1000,10800,cats_reg_g10b50,,False,CATS,50,regions,MultiMinded,7,Balance,1.389999999999418,716.487,2,716.487,299.23599999999999,716.487,738.74315296842349,679.32317218934747,686.5634,1,10,1,357,537
27,10,17,LinearSubgradientAuction,0.1,0.02,,True,,1000,10800,cats_reg_g10b50,,False,CATS,50,regions,MultiMinded,197,Balance,42.35000000000582,811.1127,4,667.768,330.15700000000004,785.087,815.16335057881565,684.54700096592535,688.35300137558568,1,10,9,357,537
28,10,18,LinearSubgradientAuction,0.1,0.02,,True,,1000,10800,cats_reg_g10b50,,False,CATS,50,regions,MultiMinded,46,Balance,10.319999999992433,818.682,4,802.322,385.84800000000001,818.682,828.98145161946229,682.409345675503,709.96361982587757,1,10,6,378,568
29,10,20,LinearSubgradientAuction,0.1,0.02,,True,,1000,10800,cats_reg_g10b50,,False,CATS,50,regions,MultiMinded,85,Balance,21.25999999999476,767.6940999999999,3,746.709,446.00549999999998,767.6940999999999,750.72106536588922,616.91941536588945,633.89245000000017,1,10,0,420,630
30,10,18,LinearSubgradientAuction,0.1,0.02,,True,,1000,10800,cats_reg_g10b50,,False,CATS,50,regions,MultiMinded,1000,MaxIter,231.57000000000698,794.5821000000001,2,739.446,385.6635,53.1811,853.66721317992062,14.614629011276762,15.933967662578013,1,10,9,378,568
31,10,21,LinearSubgradientAuction,0.1,0.02,,True,,1000,10800,cats_reg_g10b50,,False,CATS,50,regions,MultiMinded,1000,MaxIter,266.43000000000757,818.388,4,733.06,325.495,756.7843,832.29243169178619,660.25852488334715,660.25852488334715,1,10,14,441,661
32,10,20,LinearSubgradientAuction,0.1,0.02,,True,,1000,10800,cats_reg_g10b50,,False,CATS,50,regions,MultiMinded,154,Balance,38.61000000000058,637.3713,4,533.498,304.15100000000001,637.3713,629.92120184541579,508.26080184541587,516.91439800137766,1,10,6,420,630
33,10,16,LinearSubgradientAuction,0.1,0.02,,True,,1000,10800,cats_reg_g10b50,,False,CATS,50,regions,MultiMinded,21,Balance,4.149999999994179,560.5032,3,498.34,219.72300000000001,560.5032,526.14700569079218,472.38882022661517,526.88828060935657,1,10,2,336,506
34,10,20,LinearSubgradientAuction,0.1,0.02,,True,,1000,10800,cats_reg_g10b50,,False,CATS,50,regions,MultiMinded,68,Balance,16.929999999993015,726.3012,5,568.454,249.64099999999999,726.3012,617.91630984137078,496.06479599853253,626.64284643452447,1,10,3,420,630
35,10,27,LinearSubgradientAuction,0.1,0.02,,True,,1000,10800,cats_reg_g10b50,,False,CATS,50,regions,MultiMinded,56,Balance,18.880000000004657,858.175,2,722.988,380.87900000000002,858.175,854.60921625353717,778.43341625353719,781.99919999999997,1,10,0,567,847
36,10,17,LinearSubgradientAuction,0.1,0.02,,True,,1000,10800,cats_reg_g10b50,,False,CATS,50,regions,MultiMinded,1000,MaxIter,215.80999999999767,716.498,3,716.498,379.51999999999998,92.6556,720.62090414014756,54.943747524893809,54.943747524893809,1,10,7,357,537
37,10,20,LinearSubgradientAuction,0.1,0.02,,True,,1000,10800,cats_reg_g10b50,,False,CATS,50,regions,MultiMinded,8,Balance,1.889999999999418,824.835,3,630.222,329.92600000000004,824.835,715.29625128687235,616.31845128687246,768.03254094193517,1,10,6,420,630
38,10,18,LinearSubgradientAuction,0.1,0.02,,True,,1000,10800,cats_reg_g10b50,,False,CATS,50,regions,MultiMinded,334,Balance,76.63000000000466,825.56,1,825.56,471.01400000000001,825.56,825.52157966211939,778.42017966211938,778.45859999999993,1,10,0,378,568
39,10,25,LinearSubgradientAuction,0.1,0.02,,True,,1000,10800,cats_reg_g10b50,,False,CATS,50,regions,MultiMinded,71,Balance,22.0,948.5501,5,753.385,196.10050000000001,948.5501,803.95763276048342,705.90738276048342,850.49984999999992,1,10,0,525,785
40,10,22,LinearSubgradientAuction,0.1,0.02,,True,,1000,10800,cats_reg_g10b50,,False,CATS,50,regions,MultiMinded,1000,MaxIter,280.24000000000524,694.64,3,671.57,320.48500000000001,535.635,681.43876936385595,416.16287886554289,471.75380639158334,1,10,2,462,692
41,10,18,LinearSubgradientAuction,0.1,0.02,,True,,1000,10800,cats_reg_g10b50,,False,CATS,50,regions,MultiMinded,11,Balance,2.3999999999941792,919.5834,3,833.068,428.51799999999997,919.5834,890.9058450613154,762.35044506131533,808.5205607706082,1,10,1,378,568
42,10,21,LinearSubgradientAuction,0.1,0.02,,True,,1000,10800,cats_reg_g10b50,,False,CATS,50,regions,MultiMinded,15,Balance,3.8100000000122236,722.396,2,722.396,339.44,722.396,748.6338931144179,686.572568887638,689.79240837238012,1,10,2,441,661
43,10,20,LinearSubgradientAuction,0.1,0.02,,True,,1000,10800,cats_reg_g10b50,,False,CATS,50,regions,MultiMinded,34,Balance,8.410000000003492,820.8240000000001,3,681.374,265.63999999999999,820.8240000000001,815.4733687918922,736.0137211908592,767.69600000000014,1,10,1,420,630
44,10,19,LinearSubgradientAuction,0.1,0.02,,True,,1000,10800,cats_reg_g10b50,,False,CATS,50,regions,MultiMinded,1000,MaxIter,239.90000000000873,607.363,4,484.926,277.04599999999999,530.75,618.26684554438964,412.79934440123782,448.0874059246662,1,10,4,399,599
45,10,20,LinearSubgradientAuction,0.1,0.02,,True,,1000,10800,cats_reg_g10b50,,False,CATS,50,regions,MultiMinded,44,Balance,11.049999999988358,687.7891,5,510.577,285.93000000000001,687.7891,684.27428066021025,558.90741590959794,589.68846959147118,1,10,4,420,630
46,10,19,LinearSubgradientAuction,0.1,0.02,,True,,1000,10800,cats_reg_g10b50,,False,CATS,50,regions,MultiMinded,47,Balance,11.169999999998254,810.368,2,810.368,345.00850000000003,810.368,799.00483322694413,730.73120470833021,775.86715000000004,1,10,1,399,599
47,10,18,LinearSubgradientAuction,0.1,0.02,,True,,1000,10800,cats_reg_g10b50,,False,CATS,50,regions,MultiMinded,78,Balance,17.729999999995925,759.477,2,738.963,363.25599999999997,759.477,748.7897365142087,676.13853651420868,722.57920967435336,1,10,1,378,568
48,10,29,LinearSubgradientAuction,0.1,0.02,,True,,1000,10800,cats_reg_g10b50,,False,CATS,50,regions,MultiMinded,20,Balance,7.0899999999965075,726.774,3,661.833,328.96899999999999,726.774,713.82539276914372,615.13469276914384,628.8908900441586,1,10,2,609,909
49,10,23,LinearSubgradientAuction,0.1,0.02,,True,,1000,10800,cats_reg_g10b50,,False,CATS,50,regions,MultiMinded,1000,MaxIter,287.24000000000524,587.5914,5,462.576,216.20049999999998,493.3123,564.22720191536973,379.04743168445862,407.16886693162007,1,10,3,483,723
50,10,17,LinearSubgradientAuction,0.1,0.02,,True,,1000,10800,cats_reg_g10b50,,False,CATS,50,regions,MultiMinded,22,Balance,4.649999999994179,945.836,4,681.012,323.851,945.836,885.83747528891786,756.29707528891777,816.29559999999992,1,10,0,357,537
51,10,25,LinearSubgradientAuction,0.1,0.02,,True,,1000,10800,cats_reg_g10b50,,False,CATS,50,regions,MultiMinded,15,Balance,4.489999999990687,831.2631000000001,4,644.905,285.66050000000001,831.2631000000001,782.21357364154778,668.7902301360856,745.56494999999995,1,10,1,525,785
52,10,19,LinearSubgradientAuction,0.1,0.02,,True,,1000,10800,cats_reg_g10b50,,False,CATS,50,regions,MultiMinded,8,Balance,1.7899999999935972,608.391,2,608.391,276.31299999999999,608.391,615.88904305444953,571.77779142419979,581.08350578064756,1,10,3,399,599
53,10,21,LinearSubgradientAuction,0.1,0.02,,True,,1000,10800,cats_reg_g10b50,,False,CATS,50,regions,MultiMinded,1000,MaxIter,265.1399999999994,623.5598,2,612.518,167.23250000000002,387.8668,635.77726201696487,59.943493144565124,61.116956299984167,1,10,8,441,661
54,10,20,LinearSubgradientAuction,0.1,0.02,,True,,1000,10800,cats_reg_g10b50,,False,CATS,50,regions,MultiMinded,283,Balance,71.11000000000058,1040.322,4,967.436,414.12850000000003,1040.322,997.08847502437368,831.43707502437348,876.14275720693126,1,10,6,420,630
55,10,17,LinearSubgradientAuction,0.1,0.02,,True,,1000,10800,cats_reg_g10b50,,False,CATS,50,regions,MultiMinded,25,Balance,5.279999999998836,1001.244,2,739.168,309.35699999999997,1001.244,934.3274831571207,872.4560831571207,939.37260000000003,1,10,0,357,537
56,10,17,LinearSubgradientAuction,0.1,0.02,,True,,1000,10800,cats_reg_g10b50,,False,CATS,50,regions,MultiMinded,319,Balance,68.98000000001048,674.3464,3,592.43,348.80000000000001,659.3265,655.97184292048428,551.33184292048429,589.54891779270633,1,10,1,357,537
57,10,20,LinearSubgradientAuction,0.1,0.02,,True,,1000,10800,cats_reg_g10b50,,False,CATS,50,regions,MultiMinded,246,Balance,62.08999999999651,783.158,3,568.928,268.62299999999999,783.158,764.23619539551987,683.64929539551986,702.57109999999989,1,10,0,420,630
58,10,21,LinearSubgradientAuction,0.1,0.02,,True,,1000,10800,cats_reg_g10b50,,False,CATS,50,regions,MultiMinded,43,Balance,11.229999999995925,871.9079999999999,2,791.212,427.88200000000001,871.9079999999999,864.88707162008518,779.31067162008526,789.28713922440136,1,10,5,441,661
59,10,28,LinearSubgradientAuction,0.1,0.02,,True,,1000,10800,cats_reg_g10b50,,False,CATS,50,regions,MultiMinded,74,Balance,25.930000000007567,875.1772,3,803.796,406.47899999999998,875.1772,863.62231785239123,741.6786178523912,753.80199538494821,1,10,2,588,878
60,10,22,LinearSubgradientAuction,0.1,0.02,,True,,1000,10800,cats_reg_g10b50,,False,CATS,50,regions,MultiMinded,30,Balance,8.14999999999418,716.1357,3,662.173,358.10899999999998,716.1357,679.96851163947031,572.53581163947047,608.93338270122877,1,10,4,462,692
61,10,19,LinearSubgradientAuction,0.1,0.02,,True,,1000,10800,cats_reg_g10b50,,False,CATS,50,regions,MultiMinded,165,Balance,39.54000000000815,756.948,3,553.212,307.67700000000002,756.948,755.35650699820201,663.05340699820204,665.00128901543167,1,10,1,399,599
62,10,20,LinearSubgradientAuction,0.1,0.02,,True,,1000,10800,cats_reg_g10b50,,False,CATS,50,regions,MultiMinded,77,Balance,19.44999999999709,962.414,3,839.979,365.63299999999998,962.414,959.22284455570218,849.5329445557021,853.58278091333148,1,10,8,420,630
63,10,20,LinearSubgradientAuction,0.1,0.02,,True,,1000,10800,cats_reg_g10b50,,False,CATS,50,regions,MultiMinded,11,Balance,2.650000000008731,966.8963000000001,5,783.33,502.36099999999999,966.8963000000001,922.1253394122806,700.03642959202466,790.37035341941123,1,10,4,420,630
64,10,24,LinearSubgradientAuction,0.1,0.02,,True,,1000,10800,cats_reg_g10b50,,False,CATS,50,regions,MultiMinded,129,Balance,38.629999999990105,784.4846,2,723.45,238.8545,784.4846,763.36393675162526,715.59303675162528,736.71370000000002,1,10,0,504,754
65,10,18,LinearSubgradientAuction,0.1,0.02,,True,,1000,10800,cats_reg_g10b50,,False,CATS,50,regions,MultiMinded,106,Balance,24.039999999993597,863.3610000000001,3,758.102,337.34500000000003,856.6320000000001,823.94077466851252,722.73727466851244,771.0953794005701,1,10,3,378,568
66,10,18,LinearSubgradientAuction,0.1,0.02,,True,,1000,10800,cats_reg_g10b50,,False,CATS,50,regions,MultiMinded,103,Balance,23.39999999999418,852.079,4,807.329,372.65700000000004,852.079,805.53458522888536,657.82477458702738,742.32067724170224,1,10,14,378,568
67,10,27,LinearSubgradientAuction,0.1,0.02,,True,,1000,10800,cats_reg_g10b50,,False,CATS,50,regions,MultiMinded,61,Balance,20.519999999989523,860.8598,2,789.183,223.39999999999998,860.8598,854.87406457453801,810.19406457453795,838.29984351184453,1,10,1,567,847
68,10,20,LinearSubgradientAuction,0.1,0.02,,True,,1000,10800,cats_reg_g10b50,,False,CATS,50,regions,MultiMinded,63,Balance,16.080000000001746,535.1916,4,486.692,201.834,535.1916,515.69954404243663,434.9659440424366,474.4298758898546,1,10,1,420,630
69,10,20,LinearSubgradientAuction,0.1,0.02,,True,,1000,10800,cats_reg_g10b50,,False,CATS,50,regions,MultiMinded,23,Balance,5.669999999998254,550.5322,3,423.552,212.09399999999999,550.5322,501.85540943697924,438.22720943697919,486.90399999999994,1,10,0,420,630
70,10,18,LinearSubgradientAuction,0.1,0.02,,True,,1000,10800,cats_reg_g10b50,,False,CATS,50,regions,MultiMinded,1000,MaxIter,226.9100000000035,965.81,3,780.078,273.52800000000002,355.709,892.37426713074512,212.51745006517424,325.42904262487014,1,10,1,378,568
71,10,17,LinearSubgradientAuction,0.1,0.02,,True,,1000,10800,cats_reg_g10b50,,False,CATS,50,regions,MultiMinded,1000,MaxIter,217.08000000000175,745.048,1,745.048,330.73000000000002,564.57,788.75185186791555,0,0.80288593217437665,1,10,5,357,537
72,10,23,LinearSubgradientAuction,0.1,0.02,,True,,1000,10800,cats_reg_g10b50,,False,CATS,50,regions,MultiMinded,63,Balance,17.979999999995925,619.2275000000001,7,497.631,317.09799999999996,619.2275000000001,584.32063347644623,362.35203347644631,397.25890000000004,1,10,0,483,723
73,10,20,LinearSubgradientAuction,0.1,0.02,,True,,1000,10800,cats_reg_g10b50,,False,CATS,50,regions,MultiMinded,1000,MaxIter,252.61999999999534,675.2625,1,656.76,362.82400000000001,601.73,697.76794607129762,0,1.6461617861072,1,10,10,420,630
74,10,26,LinearSubgradientAuction,0.1,0.02,,True,,1000,10800,cats_reg_g10b50,,False,CATS,50,regions,MultiMinded,65,Balance,21.080000000001746,942.6876,2,890.025,245.483,942.6876,942.19086517506616,893.09426517506608,893.59099999999989,1,10,0,546,816
75,10,15,LinearSubgradientAuction,0.1,0.02,,True,,1000,10800,cats_reg_g10b50,,False,CATS,50,regions,MultiMinded,25,Balance,4.669999999998254,986.353,5,977.088,450.65550000000002,986.353,975.16943875843299,751.84589710758792,816.02616188815239,1,10,15,315,475
76,10,22,LinearSubgradientAuction,0.1,0.02,,True,,1000,10800,cats_reg_g10b50,,False,CATS,50,regions,MultiMinded,39,Balance,10.579999999987194,900.434,7,820.61,441.17500000000001,874.067,887.2774745871335,584.05047220240431,610.6161884626348,1,10,5,462,692
77,10,19,LinearSubgradientAuction,0.1,0.02,,True,,1000,10800,cats_reg_g10b50,,False,CATS,50,regions,MultiMinded,82,Balance,19.669999999998254,505.8682,5,489.633,293.4085,502.45709999999997,509.26116845719048,388.74300074630793,434.35596149762364,1,10,7,399,599
78,10,15,LinearSubgradientAuction,0.1,0.02,,True,,1000,10800,cats_reg_g10b50,,False,CATS,50,regions,MultiMinded,315,Balance,60.25,723.896,1,723.896,268.85500000000002,723.896,723.75823529421575,696.87273529421577,697.01049999999998,1,10,0,315,475
79,10,20,LinearSubgradientAuction,0.1,0.02,,True,,1000,10800,cats_reg_g10b50,,False,CATS,50,regions,MultiMinded,44,Balance,10.860000000000582,830.055,4,715.055,304.07849999999996,830.055,773.0270852012294,652.18602285680117,738.8314499999999,1,10,1,420,630
80,10,23,LinearSubgradientAuction,0.1,0.02,,True,,1000,10800,cats_reg_g10b50,,False,CATS,50,regions,MultiMinded,1000,MaxIter,292.070000000007,858.2552999999999,5,815.519,326.65449999999998,710.7932999999999,849.48091661270814,570.95988877073296,580.54449293198081,1,10,3,483,723
81,10,19,LinearSubgradientAuction,0.1,0.02,,True,,1000,10800,cats_reg_g10b50,,False,CATS,50,regions,MultiMinded,18,Balance,4.240000000005239,731.2354999999999,7,657.74,318.25649999999996,709.6369,724.6650844240404,502.43636817202787,518.68300000000011,1,10,1,399,599
82,10,20,LinearSubgradientAuction,0.1,0.02,,True,,1000,10800,cats_reg_g10b50,,False,CATS,50,regions,MultiMinded,391,Balance,99.61000000000058,799.819,3,670.65,230.49700000000001,792.4733,766.9438751689961,697.79477516899613,745.88098398376997,1,10,3,420,630
83,10,18,LinearSubgradientAuction,0.1,0.02,,True,,1000,10800,cats_reg_g10b50,,False,CATS,50,regions,MultiMinded,63,Balance,14.39000000001397,778.391,3,740.964,303.2475,758.1800000000001,778.14089188718572,687.90684848979356,697.98936333317727,1,10,8,378,568
84,10,19,LinearSubgradientAuction,0.1,0.02,,True,,1000,10800,cats_reg_g10b50,,False,CATS,50,regions,MultiMinded,11,Balance,2.470000000001164,653.4665,4,531.36,233.98450000000003,653.4665,616.61191480510888,523.01811480510889,563.56443710150802,1,10,3,399,599
85,10,16,LinearSubgradientAuction,0.1,0.02,,True,,1000,10800,cats_reg_g10b50,,False,CATS,50,regions,MultiMinded,19,Balance,3.8399999999965075,738.6202000000001,4,623.355,332.00099999999998,738.6202000000001,730.75184885252884,597.95144885252887,615.71562148542876,1,10,1,336,506
86,10,17,LinearSubgradientAuction,0.1,0.02,,True,,1000,10800,cats_reg_g10b50,,False,CATS,50,regions,MultiMinded,52,Balance,11.129999999990105,772.54,3,646.076,287.08299999999997,772.54,732.84422523307853,648.06418282364132,716.3419713474367,1,10,4,357,537
87,10,18,LinearSubgradientAuction,0.1,0.02,,True,,1000,10800,cats_reg_g10b50,,False,CATS,50,regions,MultiMinded,1000,MaxIter,230.1600000000035,883.32347,2,801.709,428.95349999999996,45.89987,940.34025752170908,0.0,4.2145860533514448,1,10,9,378,568
88,10,20,LinearSubgradientAuction,0.1,0.02,,True,,1000,10800,cats_reg_g10b50,,False,CATS,50,regions,MultiMinded,61,Balance,15.169999999998254,662.7294999999999,4,622.783,332.80799999999999,662.7294999999999,654.24278303672338,521.11958303672338,531.82662971355717,1,10,5,420,630
89,10,26,LinearSubgradientAuction,0.1,0.02,,True,,1000,10800,cats_reg_g10b50,,False,CATS,50,regions,MultiMinded,252,Balance,81.77999999999884,844.3882,3,703.836,361.93200000000002,844.3882,823.84578957094845,722.50482957094835,769.27232339665318,1,10,2,546,816
90,10,21,LinearSubgradientAuction,0.1,0.02,,True,,1000,10800,cats_reg_g10b50,,False,CATS,50,regions,MultiMinded,1000,MaxIter,263.2299999999959,1011.3232,6,890.879,348.79300000000001,968.5201999999999,917.71502641965662,691.17687514928502,795.1518136149881,1,10,5,441,661
91,10,17,LinearSubgradientAuction,0.1,0.02,,True,,1000,10800,cats_reg_g10b50,,False,CATS,50,regions,MultiMinded,844,Balance,183.85000000000582,890.575,1,890.575,535.99700000000007,890.575,890.19137397870247,836.59167397870249,839.41364317230409,1,10,23,357,537
92,10,22,LinearSubgradientAuction,0.1,0.02,,True,,1000,10800,cats_reg_g10b50,,False,CATS,50,regions,MultiMinded,57,Balance,15.869999999995343,683.1735,2,627.133,263.76300000000003,683.1735,661.91864799322241,609.16604799322238,630.42090000000007,1,10,0,462,692
93,10,20,LinearSubgradientAuction,0.1,0.02,,True,,1000,10800,cats_reg_g10b50,,False,CATS,50,regions,MultiMinded,57,Balance,14.319999999992433,931.509,1,931.509,347.88099999999997,931.509,930.43781734929712,895.64971734929713,896.72090000000003,1,10,0,420,630
94,10,15,LinearSubgradientAuction,0.1,0.02,,True,,1000,10800,cats_reg_g10b50,,False,CATS,50,regions,MultiMinded,1000,MaxIter,194.25999999999476,772.037,2,770.337,295.54650000000004,406.473,771.0758322998023,72.37245453471013,79.460094469815914,1,10,9,315,475
95,10,17,LinearSubgradientAuction,0.1,0.02,,True,,1000,10800,cats_reg_g10b50,,False,CATS,50,regions,MultiMinded,35,Balance,7.4799999999959255,901.2369,4,849.224,408.67100000000005,901.2369,914.96719775424231,778.93464632650614,799.01847058630369,1,10,3,357,537
96,10,19,LinearSubgradientAuction,0.1,0.02,,True,,1000,10800,cats_reg_g10b50,,False,CATS,50,regions,MultiMinded,14,Balance,3.2800000000133878,752.0848,3,651.493,368.70849999999996,752.0848,717.60195978957995,611.35308749348997,659.37574134609577,1,10,14,399,599
97,10,20,LinearSubgradientAuction,0.1,0.02,,True,,1000,10800,cats_reg_g10b50,,False,CATS,50,regions,MultiMinded,1000,MaxIter,253.81000000001222,657.92043,1,602.694,360.185,400.287,695.62977793902189,0,0.4265460260760392,1,10,10,420,630
98,10,20,LinearSubgradientAuction,0.1,0.02,,True,,1000,10800,cats_reg_g10b50,,False,CATS,50,regions,MultiMinded,8,Balance,1.8800000000046566,1047.5140999999999,4,870.711,386.798,1047.5140999999999,975.62829052929135,823.17490075430351,895.06071022501214,1,10,0,420,630
99,10,22,LinearSubgradientAuction,0.1,0.02,,True,,1000,10800,cats_reg_g10b50,,False,CATS,50,regions,MultiMinded,45,Balance,12.330000000001746,1044.344,5,687.143,366.375,1044.344,1011.4418355953032,828.25433559530325,864.11203772238912,1,10,4,462,692
100,10,21,LinearSubgradientAuction,0.1,0.02,,True,,1000,10800,cats_reg_g10b50,,False,CATS,50,regions,MultiMinded,586,Balance,153.5500000000029,587.8678,2,515.864,141.49099999999999,587.8678,568.30438770816659,540.00618770816664,559.69357455728698,1,10,7,441,661
