idx,items,agents,auction_class,epsilon,stepc,epoch,scalebyvalue,reserve_type,maxiter,maxtime,generator_param_name,personalized,int_prices,generator,bids,distribution,type,rounds,status,runtime,efficient_value,final_num_winners,final_max_agent_value,final_scalevalue,final_value,final_total_price,final_revenue,final_indirect_util,final_price_degree,final_price_sparsity,final_imbalance,final_wd_nvars,final_wd_ncons
1,10,17,LinearSubgradientAuction,0.2,0.01,,True,,1000,10800,cats_reg_g10b50,,False,CATS,50,regions,MultiMinded,56,Balance,12.080000000001746,681.0817,4,513.163,288.52699999999999,681.0817,671.92311448088321,441.10151448088317,469.01153926974951,1,10,2,357,537
2,10,19,LinearSubgradientAuction,0.2,0.01,,True,,1000,10800,cats_reg_g10b50,,False,CATS,50,regions,MultiMinded,599,Balance,144.29000000000815,734.1289999999999,3,640.313,226.71899999999999,734.1289999999999,668.23251591670748,551.21269238093987,661.46708507609208,1,10,4,399,599
3,10,17,LinearSubgradientAuction,0.2,0.01,,True,,1000,10800,cats_reg_g10b50,,False,CATS,50,regions,MultiMinded,69,Balance,14.630000000004657,804.4359999999999,2,797.452,310.25200000000001,797.452,859.20755800978588,735.32523063231054,735.40160000000003,1,10,1,357,537
4,10,14,LinearSubgradientAuction,0.2,0.01,,True,,1000,10800,cats_reg_g10b50,,False,CATS,50,regions,MultiMinded,53,Balance,9.369999999995343,574.909,2,568.922,272.93700000000001,574.909,568.54425647230107,459.36945647230107,484.2849025519717,1,10,11,294,444
5,10,21,LinearSubgradientAuction,0.2,0.01,,True,,1000,10800,cats_reg_g10b50,,False,CATS,50,regions,MultiMinded,29,Balance,7.459999999991851,650.6363,3,619.701,342.60149999999999,650.6363,686.05884661436994,551.02636246537361,553.4065794619446,1,10,8,441,661
6,10,17,LinearSubgradientAuction,0.2,0.01,,True,,1000,10800,cats_reg_g10b50,,False,CATS,50,regions,MultiMinded,1000,MaxIter,215.88999999999942,834.2848,1,784.19,470.66899999999998,395.259,886.63106685633909,0,2.1246662873217907,1,10,10,357,537
7,10,21,LinearSubgradientAuction,0.2,0.01,,True,,1000,10800,cats_reg_g10b50,,False,CATS,50,regions,MultiMinded,1000,MaxIter,266.16999999999825,854.667,5,696.341,343.76999999999998,609.034,872.38248552644075,403.46304812678932,403.46305086801988,1,10,12,441,661
8,10,18,LinearSubgradientAuction,0.2,0.01,,True,,1000,10800,cats_reg_g10b50,,False,CATS,50,regions,MultiMinded,14,Balance,3.209999999991851,663.572,4,592.441,275.35000000000002,663.572,649.41718375903929,434.92772992643813,501.61459110860005,1,10,8,378,568
9,10,18,LinearSubgradientAuction,0.2,0.01,,True,,1000,10800,cats_reg_g10b50,,False,CATS,50,regions,MultiMinded,106,Balance,23.970000000001164,724.6032999999999,4,611.583,280.12,724.6032999999999,633.86933543572172,444.9823985931265,536.03251708279333,1,10,6,378,568
10,10,23,LinearSubgradientAuction,0.2,0.01,,True,,1000,10800,cats_reg_g10b50,,False,CATS,50,regions,MultiMinded,24,Balance,6.779999999998836,946.3547,3,784.828,433.57950000000005,903.9089999999999,892.25892813613245,690.27677260136295,787.09623608671427,1,10,5,483,723
11,10,16,LinearSubgradientAuction,0.2,0.01,,True,,1000,10800,cats_reg_g10b50,,False,CATS,50,regions,MultiMinded,133,Balance,27.19000000000233,724.662,2,724.662,403.49950000000001,664.767,731.88670262367395,584.02139753109486,584.0671000000001,1,10,2,336,506
12,10,16,LinearSubgradientAuction,0.2,0.01,,True,,1000,10800,cats_reg_g10b50,,False,CATS,50,regions,MultiMinded,40,Balance,8.110000000000582,522.114,3,522.114,283.13549999999998,482.26210000000003,534.3373379122188,403.60702094762172,405.72599538132704,1,10,2,336,506
13,10,17,LinearSubgradientAuction,0.2,0.01,,True,,1000,10800,cats_reg_g10b50,,False,CATS,50,regions,MultiMinded,503,Balance,109.22000000000116,778.1078,2,718.401,353.04300000000001,778.1078,776.52002409563045,647.25381801236347,648.93512290815261,1,10,1,357,537
14,10,17,LinearSubgradientAuction,0.2,0.01,,True,,1000,10800,cats_reg_g10b50,,False,CATS,50,regions,MultiMinded,6,Balance,1.1900000000023283,588.9796,2,575.883,307.69200000000001,588.9796,565.13301094142309,491.62646999362676,602.97215905470989,1,10,13,357,537
15,10,17,LinearSubgradientAuction,0.2,0.01,,True,,1000,10800,cats_reg_g10b50,,False,CATS,50,regions,MultiMinded,6,Balance,1.1900000000023283,634.994,3,600.13,422.91899999999998,578.567,679.95143901547772,486.05378220649789,526.89542106308761,1,10,21,357,537
16,10,26,LinearSubgradientAuction,0.2,0.01,,True,,1000,10800,cats_reg_g10b50,,False,CATS,50,regions,MultiMinded,3,Balance,0.7700000000040745,519.6692,2,485.933,278.584,519.6692,497.54539589684083,412.81626318623933,515.45419998282193,1,10,16,546,816
17,10,16,LinearSubgradientAuction,0.2,0.01,,True,,1000,10800,cats_reg_g10b50,,False,CATS,50,regions,MultiMinded,119,Balance,24.09000000001106,910.0260000000001,3,815.656,322.738,860.6487999999999,917.9440481567749,731.22092647702698,731.55359999999996,1,10,1,336,506
18,10,18,LinearSubgradientAuction,0.2,0.01,,True,,1000,10800,cats_reg_g10b50,,False,CATS,50,regions,MultiMinded,1000,MaxIter,226.43000000000757,982.461,1,932.103,367.83500000000004,413.591,1025.7353070934303,0,1.6142099845714029,1,10,10,378,568
19,10,19,LinearSubgradientAuction,0.2,0.01,,True,,1000,10800,cats_reg_g10b50,,False,CATS,50,regions,MultiMinded,188,Balance,44.91000000000349,903.4849999999999,3,826.774,559.33850000000007,860.0336,958.94168512028455,651.458104784743,652.65129628547629,1,10,4,399,599
20,10,21,LinearSubgradientAuction,0.2,0.01,,True,,1000,10800,cats_reg_g10b50,,False,CATS,50,regions,MultiMinded,760,Balance,201.13999999999942,780.3014999999999,5,637.779,268.37200000000001,691.7194,692.80703753166028,460.51136529823748,565.87086708832976,1,10,9,441,661
21,10,17,LinearSubgradientAuction,0.2,0.01,,True,,1000,10800,cats_reg_g10b50,,False,CATS,50,regions,MultiMinded,27,Balance,5.7700000000040745,869.309,3,770.684,361.69299999999998,869.309,792.34118922505093,595.43490998918799,694.48503020293879,1,10,2,357,537
22,10,16,LinearSubgradientAuction,0.2,0.01,,True,,1000,10800,cats_reg_g10b50,,False,CATS,50,regions,MultiMinded,1000,MaxIter,206.38999999999942,827.155,4,792.758,416.87799999999999,698.707,884.9414311063797,426.58295162205201,463.44520616025818,1,10,4,336,506
23,10,21,LinearSubgradientAuction,0.2,0.01,,True,,1000,10800,cats_reg_g10b50,,False,CATS,50,regions,MultiMinded,160,Balance,41.81999999999243,926.9879999999999,5,813.726,269.07900000000001,926.9879999999999,905.70640170117531,650.57696875532895,725.62676553633469,1,10,1,441,661
24,10,23,LinearSubgradientAuction,0.2,0.01,,True,,1000,10800,cats_reg_g10b50,,False,CATS,50,regions,MultiMinded,227,Balance,65.61000000000058,822.2049999999999,2,635.81,377.13200000000001,782.967,841.87002150309661,691.01722150309661,705.16764102799016,1,10,9,483,723
25,10,22,LinearSubgradientAuction,0.2,0.01,,True,,1000,10800,cats_reg_g10b50,,False,CATS,50,regions,MultiMinded,723,Balance,198.1600000000035,534.8185,2,446.519,197.68200000000002,534.8185,528.08160747063164,449.00880747063155,495.27868496682731,1,10,9,462,692
26,10,17,LinearSubgradientAuction,0.2,0.01,,True,,1000,10800,cats_reg_g10b50,,False,CATS,50,regions,MultiMinded,9,Balance,1.8300000000017462,716.487,2,716.487,299.23599999999999,716.487,738.02277428180196,641.3442353631234,671.26473397229745,1,10,8,357,537
27,10,17,LinearSubgradientAuction,0.2,0.01,,True,,1000,10800,cats_reg_g10b50,,False,CATS,50,regions,MultiMinded,141,Balance,30.429999999993015,811.1127,4,667.768,330.15700000000004,785.087,846.45332325419145,582.59050278309303,586.99279999999999,1,10,1,357,537
28,10,18,LinearSubgradientAuction,0.2,0.01,,True,,1000,10800,cats_reg_g10b50,,False,CATS,50,regions,MultiMinded,120,Balance,27.39999999999418,818.682,5,802.322,385.84800000000001,714.336,824.4007696226596,457.94501172234101,483.9759867669427,1,10,8,378,568
29,10,20,LinearSubgradientAuction,0.2,0.01,,True,,1000,10800,cats_reg_g10b50,,False,CATS,50,regions,MultiMinded,90,Balance,22.789999999993597,767.6940999999999,6,746.709,446.00549999999998,680.6952,752.0430031926744,324.41041360796089,366.06094837249674,1,10,6,420,630
30,10,18,LinearSubgradientAuction,0.2,0.01,,True,,1000,10800,cats_reg_g10b50,,False,CATS,50,regions,MultiMinded,1000,MaxIter,228.90000000000873,794.5821000000001,5,739.446,385.6635,445.22310000000004,854.85001294558697,237.99082131085981,237.99082131085981,1,10,9,378,568
31,10,21,LinearSubgradientAuction,0.2,0.01,,True,,1000,10800,cats_reg_g10b50,,False,CATS,50,regions,MultiMinded,1000,MaxIter,268.1000000000058,818.388,1,733.06,325.495,328.69,830.64860426115581,0,0.38395152936803356,1,10,10,441,661
32,10,20,LinearSubgradientAuction,0.2,0.01,,True,,1000,10800,cats_reg_g10b50,,False,CATS,50,regions,MultiMinded,136,Balance,34.2100000000064,637.3713,4,533.498,304.15100000000001,563.0561,654.41834140028902,448.98345737509794,464.68630058713711,1,10,5,420,630
33,10,16,LinearSubgradientAuction,0.2,0.01,,True,,1000,10800,cats_reg_g10b50,,False,CATS,50,regions,MultiMinded,10,Balance,1.9199999999982538,560.5032,3,498.34,219.72300000000001,560.5032,507.28379648261057,409.03306980210243,537.84696556891925,1,10,6,336,506
34,10,20,LinearSubgradientAuction,0.2,0.01,,True,,1000,10800,cats_reg_g10b50,,False,CATS,50,regions,MultiMinded,240,Balance,60.15000000000873,726.3012,5,568.454,249.64099999999999,726.3012,604.69993069733766,409.11216349771473,554.7827366061515,1,10,5,420,630
35,10,27,LinearSubgradientAuction,0.2,0.01,,True,,1000,10800,cats_reg_g10b50,,False,CATS,50,regions,MultiMinded,158,Balance,53.55999999999767,858.175,2,722.988,380.87900000000002,858.175,815.39909817394232,663.04749817394224,705.82339999999999,1,10,0,567,847
36,10,17,LinearSubgradientAuction,0.2,0.01,,True,,1000,10800,cats_reg_g10b50,,False,CATS,50,regions,MultiMinded,378,Balance,82.25999999999476,716.498,2,716.498,379.51999999999998,658.265,730.05205104723393,581.94555033789902,582.75140705540662,1,10,5,357,537
37,10,20,LinearSubgradientAuction,0.2,0.01,,True,,1000,10800,cats_reg_g10b50,,False,CATS,50,regions,MultiMinded,9,Balance,2.1300000000046566,824.835,3,630.222,329.92600000000004,824.835,685.90365331104272,493.07466147079339,729.47182451728872,1,10,6,420,630
38,10,18,LinearSubgradientAuction,0.2,0.01,,True,,1000,10800,cats_reg_g10b50,,False,CATS,50,regions,MultiMinded,704,Balance,163.06999999999243,825.56,3,825.56,471.01400000000001,764.7130000000001,826.46656586411655,571.69134893036437,576.6585722430101,1,10,6,378,568
39,10,25,LinearSubgradientAuction,0.2,0.01,,True,,1000,10800,cats_reg_g10b50,,False,CATS,50,regions,MultiMinded,213,Balance,66.1200000000099,948.5501,5,753.385,196.10050000000001,948.5501,783.05107212838448,587.76844810272064,753.26747597433609,1,10,0,525,785
40,10,22,LinearSubgradientAuction,0.2,0.01,,True,,1000,10800,cats_reg_g10b50,,False,CATS,50,regions,MultiMinded,1000,MaxIter,277.3600000000006,694.64,2,671.57,320.48500000000001,221.0301,672.9974670866909,0.0,69.097740017952788,1,10,9,462,692
41,10,18,LinearSubgradientAuction,0.2,0.01,,True,,1000,10800,cats_reg_g10b50,,False,CATS,50,regions,MultiMinded,18,Balance,3.9400000000023283,919.5834,3,833.068,428.51799999999997,919.5834,864.58613832031313,647.82539675933026,748.09340946151838,1,10,2,378,568
42,10,21,LinearSubgradientAuction,0.2,0.01,,True,,1000,10800,cats_reg_g10b50,,False,CATS,50,regions,MultiMinded,30,Balance,7.720000000001164,722.396,2,722.396,339.44,722.396,733.28638365332756,632.84422841159562,666.20545810329133,1,10,2,441,661
43,10,20,LinearSubgradientAuction,0.2,0.01,,True,,1000,10800,cats_reg_g10b50,,False,CATS,50,regions,MultiMinded,43,Balance,10.580000000001746,820.8240000000001,3,681.374,265.63999999999999,820.8240000000001,809.20955125609146,661.91843044332302,714.56799999999998,1,10,1,420,630
44,10,19,LinearSubgradientAuction,0.2,0.01,,True,,1000,10800,cats_reg_g10b50,,False,CATS,50,regions,MultiMinded,1000,MaxIter,239.58000000000175,607.363,4,484.926,277.04599999999999,559.9440000000001,608.88139660214642,345.17821164242349,394.00969380495724,1,10,6,399,599
45,10,20,LinearSubgradientAuction,0.2,0.01,,True,,1000,10800,cats_reg_g10b50,,False,CATS,50,regions,MultiMinded,26,Balance,6.360000000000582,687.7891,5,510.577,285.93000000000001,687.7891,661.04903598284909,420.74102535287477,501.31224150547405,1,10,4,420,630
46,10,19,LinearSubgradientAuction,0.2,0.01,,True,,1000,10800,cats_reg_g10b50,,False,CATS,50,regions,MultiMinded,22,Balance,5.169999999998254,810.368,2,810.368,345.00850000000003,810.368,810.04413037962024,675.71865572346746,741.36630000000002,1,10,2,399,599
47,10,18,LinearSubgradientAuction,0.2,0.01,,True,,1000,10800,cats_reg_g10b50,,False,CATS,50,regions,MultiMinded,40,Balance,8.919999999998254,759.477,2,738.963,363.25599999999997,759.477,750.86359544943707,605.56119544943704,685.2074541690472,1,10,3,378,568
48,10,29,LinearSubgradientAuction,0.2,0.01,,True,,1000,10800,cats_reg_g10b50,,False,CATS,50,regions,MultiMinded,16,Balance,5.649999999994179,726.774,3,661.833,328.96899999999999,726.774,713.77009824128208,516.3886982412821,529.3925999999999,1,10,0,609,909
49,10,23,LinearSubgradientAuction,0.2,0.01,,True,,1000,10800,cats_reg_g10b50,,False,CATS,50,regions,MultiMinded,34,Balance,9.720000000001164,587.5914,4,462.576,216.20049999999998,582.248,550.05706876486511,377.09666876486506,447.52226464740477,1,10,3,483,723
50,10,17,LinearSubgradientAuction,0.2,0.01,,True,,1000,10800,cats_reg_g10b50,,False,CATS,50,regions,MultiMinded,80,Balance,17.020000000004075,945.836,4,681.012,323.851,945.836,874.33817862408841,616.90824712923961,688.40606850515121,1,10,0,357,537
51,10,25,LinearSubgradientAuction,0.2,0.01,,True,,1000,10800,cats_reg_g10b50,,False,CATS,50,regions,MultiMinded,12,Balance,3.5799999999871943,831.2631000000001,4,644.905,285.66050000000001,831.2631000000001,751.28395271554223,542.34576210354135,677.46723392597107,1,10,7,525,785
52,10,19,LinearSubgradientAuction,0.2,0.01,,True,,1000,10800,cats_reg_g10b50,,False,CATS,50,regions,MultiMinded,10,Balance,2.25,608.391,2,608.391,276.31299999999999,608.391,626.59309212555434,548.47962431419501,559.32002845824388,1,10,3,399,599
53,10,21,LinearSubgradientAuction,0.2,0.01,,True,,1000,10800,cats_reg_g10b50,,False,CATS,50,regions,MultiMinded,1000,MaxIter,264.4400000000023,623.5598,4,612.518,167.23250000000002,505.638,642.86174302968675,405.45326048235137,405.47922225665843,1,10,7,441,661
54,10,20,LinearSubgradientAuction,0.2,0.01,,True,,1000,10800,cats_reg_g10b50,,False,CATS,50,regions,MultiMinded,883,Balance,221.38999999999942,1040.322,4,967.436,414.12850000000003,957.886,993.39444496369663,662.18287012150427,709.48357810360915,1,10,5,420,630
55,10,17,LinearSubgradientAuction,0.2,0.01,,True,,1000,10800,cats_reg_g10b50,,False,CATS,50,regions,MultiMinded,75,Balance,15.940000000002328,1001.244,2,739.168,309.35699999999997,1001.244,915.1764141226713,791.43361412267132,877.50120000000004,1,10,0,357,537
56,10,17,LinearSubgradientAuction,0.2,0.01,,True,,1000,10800,cats_reg_g10b50,,False,CATS,50,regions,MultiMinded,915,Balance,196.86000000000058,674.3464,4,592.43,348.80000000000001,659.3265,655.69718853577297,420.05007389230667,460.70978989378892,1,10,11,357,537
57,10,20,LinearSubgradientAuction,0.2,0.01,,True,,1000,10800,cats_reg_g10b50,,False,CATS,50,regions,MultiMinded,35,Balance,8.770000000004075,783.158,4,568.928,268.62299999999999,783.158,746.85951795817539,554.55664226140846,639.29423629085989,1,10,3,420,630
58,10,21,LinearSubgradientAuction,0.2,0.01,,True,,1000,10800,cats_reg_g10b50,,False,CATS,50,regions,MultiMinded,27,Balance,6.989999999990687,871.9079999999999,2,791.212,427.88200000000001,871.9079999999999,869.69324442746222,698.54044442746215,714.36514845583474,1,10,10,441,661
59,10,28,LinearSubgradientAuction,0.2,0.01,,True,,1000,10800,cats_reg_g10b50,,False,CATS,50,regions,MultiMinded,32,Balance,10.980000000010477,875.1772,6,803.796,406.47899999999998,813.0104,837.53074836863584,409.83414598971564,454.05985845785818,1,10,8,588,878
60,10,22,LinearSubgradientAuction,0.2,0.01,,True,,1000,10800,cats_reg_g10b50,,False,CATS,50,regions,MultiMinded,46,Balance,12.690000000002328,716.1357,3,662.173,358.10899999999998,716.1357,681.32516053175482,497.78880203747985,534.10808294758613,1,10,7,462,692
61,10,19,LinearSubgradientAuction,0.2,0.01,,True,,1000,10800,cats_reg_g10b50,,False,CATS,50,regions,MultiMinded,42,Balance,9.940000000002328,756.948,4,553.212,307.67700000000002,720.7754,737.40326248539589,532.61555953271852,598.07276833915103,1,10,4,399,599
62,10,20,LinearSubgradientAuction,0.2,0.01,,True,,1000,10800,cats_reg_g10b50,,False,CATS,50,regions,MultiMinded,96,Balance,24.319999999992433,962.414,4,839.979,365.63299999999998,892.8245,961.75808176117016,671.60237006035163,674.31282332500109,1,10,11,420,630
63,10,20,LinearSubgradientAuction,0.2,0.01,,True,,1000,10800,cats_reg_g10b50,,False,CATS,50,regions,MultiMinded,19,Balance,4.649999999994179,966.8963000000001,5,783.33,502.36099999999999,966.8963000000001,919.02962837719781,609.34878280321902,707.848872782689,1,10,4,420,630
64,10,24,LinearSubgradientAuction,0.2,0.01,,True,,1000,10800,cats_reg_g10b50,,False,CATS,50,regions,MultiMinded,123,Balance,36.63000000000466,784.4846,5,723.45,238.8545,756.6736,758.12159521637022,532.90592944484479,579.18903340354052,1,10,2,504,754
65,10,18,LinearSubgradientAuction,0.2,0.01,,True,,1000,10800,cats_reg_g10b50,,False,CATS,50,regions,MultiMinded,243,Balance,56.19000000000233,863.3610000000001,4,758.102,337.34500000000003,856.6320000000001,817.19287542066445,593.27901591617206,656.74058539622706,1,10,1,378,568
66,10,18,LinearSubgradientAuction,0.2,0.01,,True,,1000,10800,cats_reg_g10b50,,False,CATS,50,regions,MultiMinded,25,Balance,5.630000000004657,852.079,4,807.329,372.65700000000004,852.079,814.72565695206845,550.06160934819229,661.82999272398592,1,10,1,378,568
67,10,27,LinearSubgradientAuction,0.2,0.01,,True,,1000,10800,cats_reg_g10b50,,False,CATS,50,regions,MultiMinded,101,Balance,34.40999999998894,860.8598,2,789.183,223.39999999999998,860.8598,850.31124451681876,760.95124451681886,802.61490917742913,1,10,1,567,847
68,10,20,LinearSubgradientAuction,0.2,0.01,,True,,1000,10800,cats_reg_g10b50,,False,CATS,50,regions,MultiMinded,123,Balance,30.930000000007567,535.1916,4,486.692,201.834,535.1916,501.46901875943212,358.02762957244323,424.37395417896528,1,10,1,420,630
69,10,20,LinearSubgradientAuction,0.2,0.01,,True,,1000,10800,cats_reg_g10b50,,False,CATS,50,regions,MultiMinded,67,Balance,16.90000000000873,550.5322,3,423.552,212.09399999999999,550.5322,484.32527054481722,369.06373044276859,435.27065989795136,1,10,0,420,630
70,10,18,LinearSubgradientAuction,0.2,0.01,,True,,1000,10800,cats_reg_g10b50,,False,CATS,50,regions,MultiMinded,1000,MaxIter,231.30999999999767,965.81,3,780.078,273.52800000000002,833.47,880.16583343478828,626.52796856200007,751.54436954862206,1,10,2,378,568
71,10,17,LinearSubgradientAuction,0.2,0.01,,True,,1000,10800,cats_reg_g10b50,,False,CATS,50,regions,MultiMinded,1000,MaxIter,215.4100000000035,745.048,2,745.048,330.73000000000002,381.853,802.52745227985088,315.88175211204907,316.46674522869392,1,10,6,357,537
72,10,23,LinearSubgradientAuction,0.2,0.01,,True,,1000,10800,cats_reg_g10b50,,False,CATS,50,regions,MultiMinded,47,Balance,13.459999999991851,619.2275000000001,7,497.631,317.09799999999996,584.3142,597.50107639661906,199.1678540079256,232.83869954191982,1,10,7,483,723
73,10,20,LinearSubgradientAuction,0.2,0.01,,True,,1000,10800,cats_reg_g10b50,,False,CATS,50,regions,MultiMinded,835,Balance,212.3799999999901,675.2625,2,656.76,362.82400000000001,632.221,704.55849835908873,559.55205432830041,559.83194270088961,1,10,11,420,630
74,10,26,LinearSubgradientAuction,0.2,0.01,,True,,1000,10800,cats_reg_g10b50,,False,CATS,50,regions,MultiMinded,234,Balance,75.19000000000233,942.6876,2,890.025,245.483,942.6876,942.4423591357762,844.24915913577627,844.49469437237281,1,10,1,546,816
75,10,15,LinearSubgradientAuction,0.2,0.01,,True,,1000,10800,cats_reg_g10b50,,False,CATS,50,regions,MultiMinded,18,Balance,3.3299999999871943,986.353,4,977.088,450.65550000000002,961.944,975.48342888515538,634.24655468328547,727.58300615262669,1,10,10,315,475
76,10,22,LinearSubgradientAuction,0.2,0.01,,True,,1000,10800,cats_reg_g10b50,,False,CATS,50,regions,MultiMinded,45,Balance,12.229999999995925,900.434,6,820.61,441.17500000000001,874.067,858.88776878371345,356.46610852932321,459.81933017123134,1,10,2,462,692
77,10,19,LinearSubgradientAuction,0.2,0.01,,True,,1000,10800,cats_reg_g10b50,,False,CATS,50,regions,MultiMinded,56,Balance,13.259999999994761,505.8682,5,489.633,293.4085,502.45709999999997,527.50836339083116,326.76488768922218,372.13647307724995,1,10,7,399,599
78,10,15,LinearSubgradientAuction,0.2,0.01,,True,,1000,10800,cats_reg_g10b50,,False,CATS,50,regions,MultiMinded,204,Balance,38.75,723.896,4,723.896,268.85500000000002,695.7520999999999,724.30652425615813,509.52207230840924,534.43909999999994,1,10,2,315,475
79,10,20,LinearSubgradientAuction,0.2,0.01,,True,,1000,10800,cats_reg_g10b50,,False,CATS,50,regions,MultiMinded,27,Balance,6.639999999999418,830.055,4,715.055,304.07849999999996,830.055,777.06219541181167,534.37595929924737,647.60789999999997,1,10,2,420,630
80,10,23,LinearSubgradientAuction,0.2,0.01,,True,,1000,10800,cats_reg_g10b50,,False,CATS,50,regions,MultiMinded,1000,MaxIter,288.6900000000023,858.2552999999999,4,815.519,326.65449999999998,609.6183,851.06892760024937,401.11419922485771,414.01097938551305,1,10,3,483,723
81,10,19,LinearSubgradientAuction,0.2,0.01,,True,,1000,10800,cats_reg_g10b50,,False,CATS,50,regions,MultiMinded,48,Balance,11.330000000001746,731.2354999999999,7,657.74,318.25649999999996,709.6369,715.25650756729578,343.88729045391335,370.41355561900593,1,10,4,399,599
82,10,20,LinearSubgradientAuction,0.2,0.01,,True,,1000,10800,cats_reg_g10b50,,False,CATS,50,regions,MultiMinded,321,Balance,80.61000000000058,799.819,3,670.65,230.49700000000001,799.819,764.07737378320689,625.77917378320694,699.18113704785503,1,10,9,420,630
83,10,18,LinearSubgradientAuction,0.2,0.01,,True,,1000,10800,cats_reg_g10b50,,False,CATS,50,regions,MultiMinded,89,Balance,20.179999999993015,778.391,3,740.964,303.2475,758.1800000000001,780.00403787626772,613.64554751162109,649.75762547849024,1,10,3,378,568
84,10,19,LinearSubgradientAuction,0.2,0.01,,True,,1000,10800,cats_reg_g10b50,,False,CATS,50,regions,MultiMinded,6,Balance,1.320000000006985,653.4665,4,531.36,233.98450000000003,653.4665,534.00672348960563,367.31765810430539,591.47741114341466,1,10,17,399,599
85,10,16,LinearSubgradientAuction,0.2,0.01,,True,,1000,10800,cats_reg_g10b50,,False,CATS,50,regions,MultiMinded,6,Balance,1.1300000000046566,738.6202000000001,4,623.355,332.00099999999998,738.6202000000001,671.37696049460317,433.32447803598717,619.0967731716114,1,10,17,336,506
86,10,17,LinearSubgradientAuction,0.2,0.01,,True,,1000,10800,cats_reg_g10b50,,False,CATS,50,regions,MultiMinded,80,Balance,17.210000000006403,772.54,3,646.076,287.08299999999997,772.54,713.04662639094579,541.20106750499394,657.72798438894824,1,10,4,357,537
87,10,18,LinearSubgradientAuction,0.2,0.01,,True,,1000,10800,cats_reg_g10b50,,False,CATS,50,regions,MultiMinded,1000,MaxIter,227.91999999999825,883.32347,2,801.709,428.95349999999996,45.89987,947.24468729615603,0.0,0.64458071700744668,1,10,9,378,568
88,10,20,LinearSubgradientAuction,0.2,0.01,,True,,1000,10800,cats_reg_g10b50,,False,CATS,50,regions,MultiMinded,168,Balance,41.979999999995925,662.7294999999999,4,622.783,332.80799999999999,662.7294999999999,654.33421848061391,413.54132099551339,422.70723753895692,1,10,13,420,630
89,10,26,LinearSubgradientAuction,0.2,0.01,,True,,1000,10800,cats_reg_g10b50,,False,CATS,50,regions,MultiMinded,1000,MaxIter,328.15999999998894,844.3882,4,703.836,361.93200000000002,522.1522,815.42473579935177,303.11991607382117,355.7214581114045,1,10,7,546,816
90,10,21,LinearSubgradientAuction,0.2,0.01,,True,,1000,10800,cats_reg_g10b50,,False,CATS,50,regions,MultiMinded,1000,MaxIter,264.5899999999965,1011.3232,5,890.879,348.79300000000001,585.2212,919.02373853954873,235.43736400244813,337.24026202947158,1,10,5,441,661
91,10,17,LinearSubgradientAuction,0.2,0.01,,True,,1000,10800,cats_reg_g10b50,,False,CATS,50,regions,MultiMinded,701,Balance,151.7100000000064,890.575,3,890.575,535.99700000000007,835.337,942.25703882834728,620.85405709930365,621.21596717294005,1,10,11,357,537
92,10,22,LinearSubgradientAuction,0.2,0.01,,True,,1000,10800,cats_reg_g10b50,,False,CATS,50,regions,MultiMinded,21,Balance,5.629999999990105,683.1735,5,627.133,263.76300000000003,654.0775,658.14931641813757,427.57027823940041,473.51475522178237,1,10,2,462,692
93,10,20,LinearSubgradientAuction,0.2,0.01,,True,,1000,10800,cats_reg_g10b50,,False,CATS,50,regions,MultiMinded,156,Balance,38.99000000000524,931.509,1,931.509,347.88099999999997,931.509,931.49782380203476,861.92162380203479,861.93280000000004,1,10,0,420,630
94,10,15,LinearSubgradientAuction,0.2,0.01,,True,,1000,10800,cats_reg_g10b50,,False,CATS,50,regions,MultiMinded,1000,MaxIter,190.85000000000582,772.037,3,770.337,295.54650000000004,192.4292,770.69369979487817,47.642451357534647,74.210599999999971,1,10,8,315,475
95,10,17,LinearSubgradientAuction,0.2,0.01,,True,,1000,10800,cats_reg_g10b50,,False,CATS,50,regions,MultiMinded,88,Balance,18.80999999999767,901.2369,4,849.224,408.67100000000005,901.2369,920.03073015129269,692.59126755113823,711.72613071161084,1,10,6,357,537
96,10,19,LinearSubgradientAuction,0.2,0.01,,True,,1000,10800,cats_reg_g10b50,,False,CATS,50,regions,MultiMinded,20,Balance,4.710000000006403,752.0848,3,651.493,368.70849999999996,690.2035999999999,739.56966539334337,563.13113172166049,583.05514772293009,1,10,1,399,599
97,10,20,LinearSubgradientAuction,0.2,0.01,,True,,1000,10800,cats_reg_g10b50,,False,CATS,50,regions,MultiMinded,29,Balance,7.269999999989523,657.92043,5,602.694,360.185,640.95043,696.65931650148207,458.73922166914576,495.98477581470866,1,10,8,420,630
98,10,20,LinearSubgradientAuction,0.2,0.01,,True,,1000,10800,cats_reg_g10b50,,False,CATS,50,regions,MultiMinded,13,Balance,3.180000000007567,1047.5140999999999,4,870.711,386.798,1047.5140999999999,928.79406451520617,664.4060624278884,784.15829777885597,1,10,4,420,630
99,10,22,LinearSubgradientAuction,0.2,0.01,,True,,1000,10800,cats_reg_g10b50,,False,CATS,50,regions,MultiMinded,135,Balance,37.10000000000582,1044.344,5,687.143,366.375,1044.344,1014.2965364278544,647.92153642785445,677.96899999999994,1,10,0,462,692
100,10,21,LinearSubgradientAuction,0.2,0.01,,True,,1000,10800,cats_reg_g10b50,,False,CATS,50,regions,MultiMinded,1000,MaxIter,266.88000000000466,587.8678,2,515.864,141.49099999999999,455.1598,568.3123823245304,37.016955492726908,68.536661018822599,1,10,9,441,661
