idx,items,agents,auction_class,epsilon,stepc,epoch,scalebyvalue,reserve_type,maxiter,maxtime,generator_param_name,personalized,int_prices,generator,bids,distribution,type,rounds,status,runtime,efficient_value,final_num_winners,final_max_agent_value,final_scalevalue,final_value,final_total_price,final_revenue,final_indirect_util,final_price_degree,final_price_sparsity,final_imbalance,final_wd_nvars,final_wd_ncons
1,30,36,LinearHeuristicAuction,0.025,0.01,,True,,1000,10800,cats_reg_g30b150,,False,CATS,150,regions,MultiMinded,1000,MaxIter,114.85999999998603,2502.8085,5,1712.02,630.28700000000003,2100.1264,2155.4408149001656,176.28334675424193,548.32841291100544,1,29,68,92,66
2,30,38,LinearHeuristicAuction,0.025,0.01,,True,,1000,10800,cats_reg_g30b150,,False,CATS,150,regions,MultiMinded,841,Balance,102.63999999998487,2067.4249,5,1460.04,478.96600000000001,2067.4249,2037.9728054171278,1978.5129432859717,2028.5653700323392,1,30,30,95,68
3,30,36,LinearHeuristicAuction,0.025,0.01,,True,,1000,10800,cats_reg_g30b150,,False,CATS,150,regions,MultiMinded,223,Balance,25.10999999998603,2226.2472000000002,3,1961.0,494.50999999999999,2226.2472000000002,2205.7258891616852,2168.6376391616855,2209.9907315014598,1,29,22,86,66
4,30,38,LinearHeuristicAuction,0.025,0.01,,True,,1000,10800,cats_reg_g30b150,,False,CATS,150,regions,MultiMinded,89,Balance,9.090000000025611,2004.9491999999998,11,1505.7,557.86300000000006,2004.9491999999998,1786.6351796315937,1636.0121696315939,1854.8108809767966,1,30,2,79,68
5,30,35,LinearHeuristicAuction,0.025,0.01,,True,,1000,10800,cats_reg_g30b150,,False,CATS,150,regions,MultiMinded,499,Balance,54.74000000001979,1864.626,2,1703.97,505.12049999999999,1813.7730000000001,1775.9856680094022,1750.729643009402,1805.121471560846,1,30,29,86,65
6,30,35,LinearHeuristicAuction,0.025,0.01,,True,,1000,10800,cats_reg_g30b150,,False,CATS,150,regions,MultiMinded,1000,MaxIter,108.39000000001397,2116.0368,5,1959.83,614.52500000000009,1920.4137999999998,2159.5039775182458,1050.806266063473,1057.7898195610644,1,30,19,85,65
7,30,35,LinearHeuristicAuction,0.025,0.01,,True,,1000,10800,cats_reg_g30b150,,False,CATS,150,regions,MultiMinded,113,Balance,11.950000000011642,2031.9575,6,1330.11,558.39999999999998,2031.9575,1897.393851174462,1822.0098511744618,1977.885330683976,1,30,19,78,65
8,30,35,LinearHeuristicAuction,0.025,0.01,,True,,1000,10800,cats_reg_g30b150,,False,CATS,150,regions,MultiMinded,165,Balance,17.920000000012806,2027.57669,8,1379.5,642.28750000000002,2027.57669,1754.404826855915,1645.8579970726178,1932.9632307004686,1,30,41,77,65
9,30,36,LinearHeuristicAuction,0.025,0.01,,True,,1000,10800,cats_reg_g30b150,,False,CATS,150,regions,MultiMinded,1000,MaxIter,112.60999999998603,1859.5272999999997,3,1542.29,443.88650000000001,1649.1709,1788.9559009514996,0.0,105.3182375538415,1,28,47,87,66
10,30,34,LinearHeuristicAuction,0.025,0.01,,True,,1000,10800,cats_reg_g30b150,,False,CATS,150,regions,MultiMinded,1000,MaxIter,103.6700000000128,2566.974,2,2112.56,626.02300000000002,1259.7232,2464.0842978604946,49.120387443318378,289.57390615432553,1,29,59,77,64
11,30,36,LinearHeuristicAuction,0.025,0.01,,True,,1000,10800,cats_reg_g30b150,,False,CATS,150,regions,MultiMinded,81,Balance,8.60000000000582,2431.6115,4,2098.81,721.22149999999999,2431.6115,2230.432742852995,2171.2413242191201,2373.3591290152717,1,30,3,81,66
12,30,32,LinearHeuristicAuction,0.025,0.01,,True,,1000,10800,cats_reg_g30b150,,False,CATS,150,regions,MultiMinded,1000,MaxIter,114.58999999999651,1865.81568,7,1645.15,855.13049999999998,1787.8909999999998,1772.7111374730662,387.19539334648346,520.93936694408933,1,30,31,80,62
13,30,35,LinearHeuristicAuction,0.025,0.01,,True,,1000,10800,cats_reg_g30b150,,False,CATS,150,regions,MultiMinded,1000,MaxIter,118.76000000000931,1773.5022000000001,4,1494.31,678.60900000000004,1541.9917,1712.8175238563915,43.708613409691822,205.86282238089333,1,30,33,85,65
14,30,32,LinearHeuristicAuction,0.025,0.01,,True,,1000,10800,cats_reg_g30b150,,False,CATS,150,regions,MultiMinded,661,Balance,70.82000000000698,1980.1873000000003,6,1559.99,631.08900000000006,1980.1873000000003,1768.7473137332743,1693.0166337332741,1905.9443005806504,1,30,24,74,62
15,30,36,LinearHeuristicAuction,0.025,0.01,,True,,1000,10800,cats_reg_g30b150,,False,CATS,150,regions,MultiMinded,22,Balance,2.5599999999976717,2512.4141000000004,3,2312.23,781.00699999999995,2512.4141000000004,2328.4022596045302,2273.7317696045297,2476.5277760601953,1,30,1,72,66
16,30,34,LinearHeuristicAuction,0.025,0.01,,True,,1000,10800,cats_reg_g30b150,,False,CATS,150,regions,MultiMinded,1000,MaxIter,110.86000000001513,1929.452,7,1789.44,584.255,1878.6934999999999,1903.6739804755998,1126.72299627242,1196.9107257586975,1,28,47,83,64
17,30,33,LinearHeuristicAuction,0.025,0.01,,True,,1000,10800,cats_reg_g30b150,,False,CATS,150,regions,MultiMinded,648,Balance,76.47999999998137,1934.7395999999999,7,1626.95,730.93200000000002,1934.7395999999999,1863.7228995689138,1742.8991261150638,1830.6684422095359,1,30,77,81,63
18,30,34,LinearHeuristicAuction,0.025,0.01,,True,,1000,10800,cats_reg_g30b150,,False,CATS,150,regions,MultiMinded,173,Balance,18.19000000000233,2504.1384,4,1818.33,781.33600000000001,2504.1384,2363.1372482512061,2288.910328251206,2459.3501320282794,1,29,39,77,64
19,30,36,LinearHeuristicAuction,0.025,0.01,,True,,1000,10800,cats_reg_g30b150,,False,CATS,150,regions,MultiMinded,47,Balance,4.879999999975553,2560.7110000000002,12,1508.06,549.71399999999994,2554.963,1956.1448191576212,1811.413769273094,2434.6569568009254,1,29,9,74,66
20,30,37,LinearHeuristicAuction,0.025,0.01,,True,,1000,10800,cats_reg_g30b150,,False,CATS,150,regions,MultiMinded,1000,MaxIter,111.0,1801.7813999999998,6,1490.47,395.125,1456.8649,1773.3505601947581,420.7215738497195,489.4512563169792,1,30,26,97,67
21,30,33,LinearHeuristicAuction,0.025,0.01,,True,,1000,10800,cats_reg_g30b150,,False,CATS,150,regions,MultiMinded,168,Balance,19.14000000001397,1553.7635,3,1374.19,778.39550000000008,1553.7635,1448.6744553026135,1390.2947928026135,1507.6544183141193,1,30,25,73,63
22,30,38,LinearHeuristicAuction,0.025,0.01,,True,,1000,10800,cats_reg_g30b150,,False,CATS,150,regions,MultiMinded,1000,MaxIter,113.73999999999069,2312.252,4,2123.59,638.69949999999994,2080.669,2394.8043103579475,307.70850897950623,315.30822641902216,1,29,40,90,68
23,30,38,LinearHeuristicAuction,0.025,0.01,,True,,1000,10800,cats_reg_g30b150,,False,CATS,150,regions,MultiMinded,362,Balance,38.45999999999185,2354.8725,7,1818.1,597.00800000000004,2354.8725,2088.6369827116405,2003.8194186594144,2272.2421890476812,1,30,34,84,68
24,30,35,LinearHeuristicAuction,0.025,0.01,,True,,1000,10800,cats_reg_g30b150,,False,CATS,150,regions,MultiMinded,1000,MaxIter,107.30999999999767,1892.4884,8,1241.36,538.58849999999995,1594.3949999999998,1728.3168180474509,366.60547369749088,625.85581256421187,1,30,75,82,65
25,30,33,LinearHeuristicAuction,0.025,0.01,,True,,1000,10800,cats_reg_g30b150,,False,CATS,150,regions,MultiMinded,1000,MaxIter,118.3300000000163,1741.0822999999998,4,1538.41,861.41849999999999,1475.5493,1612.6586124146336,39.905958923074714,174.13307710539084,1,30,25,77,63
26,30,34,LinearHeuristicAuction,0.025,0.01,,True,,1000,10800,cats_reg_g30b150,,False,CATS,150,regions,MultiMinded,1000,MaxIter,104.02999999999884,2008.668,8,1919.5,424.82100000000003,1723.1494,2015.1002911693115,1037.308246604638,1132.9804113906469,1,30,20,80,64
27,30,32,LinearHeuristicAuction,0.025,0.01,,True,,1000,10800,cats_reg_g30b150,,False,CATS,150,regions,MultiMinded,1000,MaxIter,107.85999999998603,2175.2061,3,1890.21,644.31150000000002,2075.148,2203.7192019848007,749.98459670031241,750.41841241067948,1,29,46,87,62
28,30,37,LinearHeuristicAuction,0.025,0.01,,True,,1000,10800,cats_reg_g30b150,,False,CATS,150,regions,MultiMinded,1000,MaxIter,123.6699999999837,2040.43179,10,1615.6,517.23699999999997,2031.7835999999998,1966.2693562790294,1690.2064519190603,1817.8596406964605,1,30,44,95,67
29,30,33,LinearHeuristicAuction,0.025,0.01,,True,,1000,10800,cats_reg_g30b150,,False,CATS,150,regions,MultiMinded,1000,MaxIter,105.26999999998952,2111.632,3,1854.64,708.57899999999995,1802.048,1996.5927644626981,63.437768071535167,326.24121484093615,1,30,105,78,63
30,30,35,LinearHeuristicAuction,0.025,0.01,,True,,1000,10800,cats_reg_g30b150,,False,CATS,150,regions,MultiMinded,1000,MaxIter,115.8299999999872,2323.0769999999998,7,1594.17,462.18150000000003,2025.3443000000004,2079.8310739290018,737.11135574973991,968.46782187057408,1,30,30,90,65
31,30,34,LinearHeuristicAuction,0.025,0.01,,True,,1000,10800,cats_reg_g30b150,,False,CATS,150,regions,MultiMinded,137,Balance,14.679999999993015,2659.4860000000003,6,2167.09,585.07799999999997,2659.4860000000003,2524.5595955728959,2451.4248455728962,2601.7968087909298,1,29,6,86,64
32,30,37,LinearHeuristicAuction,0.025,0.01,,True,,1000,10800,cats_reg_g30b150,,False,CATS,150,regions,MultiMinded,789,Balance,93.76999999998952,1999.8556999999998,8,1545.46,522.50199999999995,1999.8556999999998,1892.7317762638768,1788.2313762638764,1902.1589485218913,1,30,59,95,67
33,30,37,LinearHeuristicAuction,0.025,0.01,,True,,1000,10800,cats_reg_g30b150,,False,CATS,150,regions,MultiMinded,293,Balance,32.5,1805.9524000000001,4,1582.17,487.50400000000002,1805.9524000000001,1657.9294872133096,1621.3666872133097,1769.4397313939992,1,29,1,92,67
34,30,39,LinearHeuristicAuction,0.025,0.01,,True,,1000,10800,cats_reg_g30b150,,False,CATS,150,regions,MultiMinded,1000,MaxIter,121.44000000000233,1983.6001999999999,1,1564.76,623.41200000000003,983.286,2049.625452959433,0,4.1925736271022558,1,30,33,92,69
35,30,38,LinearHeuristicAuction,0.025,0.01,,True,,1000,10800,cats_reg_g30b150,,False,CATS,150,regions,MultiMinded,1000,MaxIter,113.85999999998603,2341.4052,3,1755.59,637.298,1845.1668,2253.1850465876551,31.911512973671257,209.04578439275605,1,29,35,90,68
36,30,33,LinearHeuristicAuction,0.025,0.01,,True,,1000,10800,cats_reg_g30b150,,False,CATS,150,regions,MultiMinded,1000,MaxIter,118.59999999997672,2136.9992,3,1693.26,587.83249999999998,1831.3418,2136.3894080536465,120.21546374366316,186.10472885283053,1,30,28,90,63
37,30,34,LinearHeuristicAuction,0.025,0.01,,True,,1000,10800,cats_reg_g30b150,,False,CATS,150,regions,MultiMinded,1000,MaxIter,108.48000000001048,1991.3467,4,1812.59,701.23299999999995,1695.2167000000002,1914.6079023772156,44.367381434531652,205.65499597728387,1,30,116,74,64
38,30,40,LinearHeuristicAuction,0.025,0.01,,True,,1000,10800,cats_reg_g30b150,,False,CATS,150,regions,MultiMinded,145,Balance,16.370000000024447,2724.0288,6,2153.9,576.38300000000004,2724.0288,2377.4895975500713,2305.4417225500711,2665.8722197174393,1,29,41,93,70
39,30,30,LinearHeuristicAuction,0.025,0.01,,True,,1000,10800,cats_reg_g30b150,,False,CATS,150,regions,MultiMinded,482,Balance,49.170000000012806,1968.0602,4,1918.66,764.726,1949.6532000000002,1919.4122206403831,1842.9396206403831,1878.3192766855077,1,30,35,68,60
40,30,33,LinearHeuristicAuction,0.025,0.01,,True,,1000,10800,cats_reg_g30b150,,False,CATS,150,regions,MultiMinded,58,Balance,5.889999999984866,1942.0583000000001,3,1674.34,688.69799999999998,1942.0583000000001,1902.8161178507053,1851.1637678507052,1891.299556015741,1,30,3,70,63
41,30,35,LinearHeuristicAuction,0.025,0.01,,True,,1000,10800,cats_reg_g30b150,,False,CATS,150,regions,MultiMinded,1000,MaxIter,113.14999999999418,1877.7214099999999,8,1423.29,646.35299999999995,1801.0199099999998,1817.0461597516057,1050.6550138239484,1093.6672092319898,1,29,43,83,65
42,30,32,LinearHeuristicAuction,0.025,0.01,,True,,1000,10800,cats_reg_g30b150,,False,CATS,150,regions,MultiMinded,1000,MaxIter,115.22000000000116,2111.841,6,1703.5,646.17399999999998,1706.995,2099.1085796220868,343.42800874623538,387.34111411607097,1,30,22,83,62
43,30,40,LinearHeuristicAuction,0.025,0.01,,True,,1000,10800,cats_reg_g30b150,,False,CATS,150,regions,MultiMinded,512,Balance,60.189999999973224,2446.7208,6,1927.69,685.90899999999999,2446.7208,2152.1720357464615,2067.9118392367968,2362.6301071926246,1,30,4,89,70
44,30,35,LinearHeuristicAuction,0.025,0.01,,True,,1000,10800,cats_reg_g30b150,,False,CATS,150,regions,MultiMinded,1000,MaxIter,118.01999999998952,1711.1515999999997,8,1299.51,651.40899999999999,1579.7284999999997,1538.4376618689005,910.89771397438244,1031.7487577732229,1,30,36,83,65
45,30,38,LinearHeuristicAuction,0.025,0.01,,True,,1000,10800,cats_reg_g30b150,,False,CATS,150,regions,MultiMinded,1000,MaxIter,120.32000000000698,2034.5094,3,1828.07,742.07299999999998,1865.0793999999999,2050.8134668426087,5.6463354956499785,13.683950028055758,1,30,42,91,68
46,30,31,LinearHeuristicAuction,0.025,0.01,,True,,1000,10800,cats_reg_g30b150,,False,CATS,150,regions,MultiMinded,44,Balance,4.360000000015134,2564.0325000000003,4,2373.4,807.26099999999997,2564.0325000000003,2470.8280066081534,2402.2108216081533,2496.7286003311237,1,30,6,69,61
47,30,37,LinearHeuristicAuction,0.025,0.01,,True,,1000,10800,cats_reg_g30b150,,False,CATS,150,regions,MultiMinded,45,Balance,4.619999999995343,2233.1322,7,1669.44,664.97900000000004,2233.1322,1883.9301017972462,1804.132621797246,2172.2297268375182,1,29,78,74,67
48,30,35,LinearHeuristicAuction,0.025,0.01,,True,,1000,10800,cats_reg_g30b150,,False,CATS,150,regions,MultiMinded,1000,MaxIter,117.42999999999302,2069.4358,7,1826.01,556.24350000000004,2050.2718,1923.6599595140365,1601.9642535734031,1770.8340402403742,1,30,26,88,65
49,30,30,LinearHeuristicAuction,0.025,0.01,,True,,1000,10800,cats_reg_g30b150,,False,CATS,150,regions,MultiMinded,158,Balance,17.269999999989523,1979.7895999999998,6,1594.07,673.82600000000002,1979.7895999999998,1898.4387052669433,1807.4721952669433,1909.3516647390152,1,30,18,69,60
50,30,33,LinearHeuristicAuction,0.025,0.01,,True,,1000,10800,cats_reg_g30b150,,False,CATS,150,regions,MultiMinded,1000,MaxIter,113.50999999998021,2110.6722999999997,6,1335.35,460.47550000000001,2084.2086,1934.686718981857,1215.6327245970558,1440.256104708091,1,30,46,88,63
51,30,37,LinearHeuristicAuction,0.025,0.01,,True,,1000,10800,cats_reg_g30b150,,False,CATS,150,regions,MultiMinded,79,Balance,8.75,2245.4244000000003,6,1882.26,597.73699999999997,2245.4244000000003,2157.5928990344541,2082.8757740344545,2186.7795991877956,1,28,23,85,67
52,30,32,LinearHeuristicAuction,0.025,0.01,,True,,1000,10800,cats_reg_g30b150,,False,CATS,150,regions,MultiMinded,956,Balance,100.77000000001863,1756.6213,6,1409.87,556.45500000000004,1756.6213,1629.768997581403,1546.7781105028998,1675.2533125353661,1,29,35,80,62
53,30,34,LinearHeuristicAuction,0.025,0.01,,True,,1000,10800,cats_reg_g30b150,,False,CATS,150,regions,MultiMinded,1000,MaxIter,115.91000000000349,2325.6629000000003,8,1796.97,570.23000000000002,2306.6109,2093.0170587418888,1509.1844537392651,1750.6063264649868,1,30,25,85,64
54,30,37,LinearHeuristicAuction,0.025,0.01,,True,,1000,10800,cats_reg_g30b150,,False,CATS,150,regions,MultiMinded,345,Balance,39.920000000012806,2355.424,6,2152.9,670.553,2355.424,2229.476518329006,2156.7089459042945,2283.8313493497144,1,29,11,90,67
55,30,33,LinearHeuristicAuction,0.025,0.01,,True,,1000,10800,cats_reg_g30b150,,False,CATS,150,regions,MultiMinded,1000,MaxIter,110.71999999997206,2078.1524999999997,8,1352.37,548.28150000000005,1425.5235,2044.6095847598087,648.48114417205932,710.22093131004385,1,30,36,85,63
56,30,39,LinearHeuristicAuction,0.025,0.01,,True,,1000,10800,cats_reg_g30b150,,False,CATS,150,regions,MultiMinded,420,Balance,49.06999999997788,1893.3772000000004,9,1498.24,591.42200000000003,1893.3772000000004,1681.6054028091626,1563.3210028091621,1782.8849590337611,1,29,46,86,69
57,30,36,LinearHeuristicAuction,0.025,0.01,,True,,1000,10800,cats_reg_g30b150,,False,CATS,150,regions,MultiMinded,1000,MaxIter,116.57000000000698,1899.5301999999997,2,1604.44,621.16750000000002,1677.8498,1876.5389132937285,57.880261950971367,72.156282529896316,1,30,32,92,66
58,30,36,LinearHeuristicAuction,0.025,0.01,,True,,1000,10800,cats_reg_g30b150,,False,CATS,150,regions,MultiMinded,1000,MaxIter,120.58999999999651,2429.6093,4,2057.42,832.86300000000006,2224.7813,2246.7132297280114,62.793536183495711,254.77680574123767,1,29,29,83,66
59,30,39,LinearHeuristicAuction,0.025,0.01,,True,,1000,10800,cats_reg_g30b150,,False,CATS,150,regions,MultiMinded,1000,MaxIter,121.45999999999185,2064.9126,6,1772.9,622.28800000000001,1478.8145,1996.9417116813756,381.87782660840151,497.58315680331293,1,30,30,88,69
60,30,35,LinearHeuristicAuction,0.025,0.01,,True,,1000,10800,cats_reg_g30b150,,False,CATS,150,regions,MultiMinded,1000,MaxIter,105.45999999999185,1956.0875,6,1842.74,450.80399999999997,1697.8015,1857.4294090665962,970.78170935858964,1081.3392953393359,1,28,32,84,65
61,30,37,LinearHeuristicAuction,0.025,0.01,,True,,1000,10800,cats_reg_g30b150,,False,CATS,150,regions,MultiMinded,1000,MaxIter,112.41000000000349,1951.6029999999998,5,1560.47,530.9905,1414.2948999999999,1811.4673558541815,149.00155525991534,339.06567544761322,1,30,28,89,67
62,30,34,LinearHeuristicAuction,0.025,0.01,,True,,1000,10800,cats_reg_g30b150,,False,CATS,150,regions,MultiMinded,654,Balance,70.1699999999837,1978.0167,7,1737.89,582.94900000000007,1977.3040999999998,1793.1775710292679,1702.8204760292681,1901.6148227397198,1,30,8,83,64
63,30,30,LinearHeuristicAuction,0.025,0.01,,True,,1000,10800,cats_reg_g30b150,,False,CATS,150,regions,MultiMinded,137,Balance,13.980000000010477,2547.4234,5,1821.34,869.476,2547.4234,2326.1440928526877,2230.0659178467185,2481.3094510706424,1,30,50,69,60
64,30,34,LinearHeuristicAuction,0.025,0.01,,True,,1000,10800,cats_reg_g30b150,,False,CATS,150,regions,MultiMinded,127,Balance,13.630000000004657,2427.9729,8,1844.14,792.92899999999997,2427.9729,2174.5402092184008,2019.9954515812988,2291.3447704136661,1,30,46,76,64
65,30,36,LinearHeuristicAuction,0.025,0.01,,True,,1000,10800,cats_reg_g30b150,,False,CATS,150,regions,MultiMinded,1000,MaxIter,115.86000000001513,2209.3287,5,1779.98,732.52250000000004,1623.2435,2070.4966295871654,113.85908312982002,319.19555609679458,1,29,29,84,66
66,30,30,LinearHeuristicAuction,0.025,0.01,,True,,1000,10800,cats_reg_g30b150,,False,CATS,150,regions,MultiMinded,79,Balance,8.329999999987194,2387.3904,2,2290.03,553.03500000000008,2387.3904,2292.7940249347776,2269.5272519474424,2377.3759772822946,1,29,2,73,60
67,30,41,LinearHeuristicAuction,0.025,0.01,,True,,1000,10800,cats_reg_g30b150,,False,CATS,150,regions,MultiMinded,1000,MaxIter,120.14999999999418,2130.5865999999996,10,1569.3,447.20299999999997,2071.6138,2033.4563577425838,1695.3652083954337,1876.1769396080779,1,29,26,106,71
68,30,34,LinearHeuristicAuction,0.025,0.01,,True,,1000,10800,cats_reg_g30b150,,False,CATS,150,regions,MultiMinded,89,Balance,9.670000000012806,1871.0335999999998,7,1491.62,623.48450000000003,1857.0625,1744.4101287770652,1638.4177637770651,1776.177154459155,1,30,62,82,64
69,30,34,LinearHeuristicAuction,0.025,0.01,,True,,1000,10800,cats_reg_g30b150,,False,CATS,150,regions,MultiMinded,62,Balance,7.110000000015134,2248.1536,8,1918.69,909.28949999999998,2248.1536,2104.3756086149306,1940.7034986149299,2106.0928317905482,1,29,21,73,64
70,30,32,LinearHeuristicAuction,0.025,0.01,,True,,1000,10800,cats_reg_g30b150,,False,CATS,150,regions,MultiMinded,231,Balance,24.720000000001164,2074.3614,8,1794.89,671.03600000000006,2062.3628,1910.7363141351336,1786.5946541351334,1941.1500018610293,1,30,27,70,62
71,30,30,LinearHeuristicAuction,0.025,0.01,,True,,1000,10800,cats_reg_g30b150,,False,CATS,150,regions,MultiMinded,1000,MaxIter,109.5,2107.4125,2,1919.92,672.68100000000004,1414.6795,2130.8499590912747,0.0,69.114411654923131,1,29,87,73,60
72,30,35,LinearHeuristicAuction,0.025,0.01,,True,,1000,10800,cats_reg_g30b150,,False,CATS,150,regions,MultiMinded,141,Balance,15.549999999988358,1946.4843000000003,8,1216.53,554.09649999999999,1946.4843000000003,1731.3854684696553,1630.5005270438382,1875.0669627812679,1,30,18,82,65
73,30,35,LinearHeuristicAuction,0.025,0.01,,True,,1000,10800,cats_reg_g30b150,,False,CATS,150,regions,MultiMinded,1000,MaxIter,107.61999999999534,1852.6272999999999,4,1445.38,663.03899999999999,1680.3342,1667.6879749857969,0.68441109039933679,293.20660066103738,1,30,87,82,65
74,30,31,LinearHeuristicAuction,0.025,0.01,,True,,1000,10800,cats_reg_g30b150,,False,CATS,150,regions,MultiMinded,1000,MaxIter,114.05999999999767,2020.0417,4,1744.34,781.83899999999994,1170.6984,1923.123708180575,60.214574113162939,178.57686065546,1,30,22,74,61
75,30,39,LinearHeuristicAuction,0.025,0.01,,True,,1000,10800,cats_reg_g30b150,,False,CATS,150,regions,MultiMinded,1000,MaxIter,108.39999999999418,2549.9302,4,1890.83,637.39099999999996,1436.0946,2425.2553657182038,56.871515291966517,282.88046072507075,1,30,72,93,69
76,30,36,LinearHeuristicAuction,0.025,0.01,,True,,1000,10800,cats_reg_g30b150,,False,CATS,150,regions,MultiMinded,1000,MaxIter,106.58999999999651,1970.4382,2,1633.82,405.01099999999997,1741.397,2035.52901919893,63.341165451191657,109.79357744537431,1,30,57,83,66
77,30,34,LinearHeuristicAuction,0.025,0.01,,True,,1000,10800,cats_reg_g30b150,,False,CATS,150,regions,MultiMinded,96,Balance,11.430000000022119,1646.3148,2,1576.38,831.28949999999998,1646.3148,1639.5151309501045,1597.9506559501044,1604.750325,1,30,0,72,64
78,30,34,LinearHeuristicAuction,0.025,0.01,,True,,1000,10800,cats_reg_g30b150,,False,CATS,150,regions,MultiMinded,1000,MaxIter,108.85000000000582,2412.1546,3,1881.66,768.41550000000007,1755.1871,2297.2664581137215,68.633634840674176,150.0268036017647,1,29,40,79,64
79,30,29,LinearHeuristicAuction,0.025,0.01,,True,,1000,10800,cats_reg_g30b150,,False,CATS,150,regions,MultiMinded,1000,MaxIter,111.55999999999767,2267.359,5,2060.3,919.01300000000003,2255.609,2209.6283583374588,419.38298189217363,539.63016130219739,1,30,45,77,59
80,30,37,LinearHeuristicAuction,0.025,0.01,,True,,1000,10800,cats_reg_g30b150,,False,CATS,150,regions,MultiMinded,1000,MaxIter,113.45999999999185,2112.5864,8,1592.54,576.49599999999998,1943.511,1972.6105517112157,1379.0945361042252,1540.7886348686227,1,30,24,84,67
81,30,33,LinearHeuristicAuction,0.025,0.01,,True,,1000,10800,cats_reg_g30b150,,False,CATS,150,regions,MultiMinded,427,Balance,47.55999999999767,1652.215,4,1316.69,725.81600000000003,1652.215,1650.9528968832437,1578.3712968832438,1588.127049542456,1,30,49,75,63
82,30,35,LinearHeuristicAuction,0.025,0.01,,True,,1000,10800,cats_reg_g30b150,,False,CATS,150,regions,MultiMinded,1000,MaxIter,109.70999999999185,2109.0315,8,1900.31,619.13249999999994,2041.9078000000002,2192.579322448636,722.47788043589969,781.69865410701573,1,30,47,83,65
83,30,32,LinearHeuristicAuction,0.025,0.01,,True,,1000,10800,cats_reg_g30b150,,False,CATS,150,regions,MultiMinded,84,Balance,9.529999999998836,2576.43019,7,2027.96,1059.6700000000001,2576.43019,2524.1823659653428,2348.3400370971549,2423.8589975047166,1,30,21,74,62
84,30,34,LinearHeuristicAuction,0.025,0.01,,True,,1000,10800,cats_reg_g30b150,,False,CATS,150,regions,MultiMinded,1000,MaxIter,105.54999999998836,1983.6759000000002,3,1485.27,650.14099999999996,1622.8608,1813.6582378141784,17.665991450488068,256.09394294093505,1,30,36,80,64
85,30,33,LinearHeuristicAuction,0.025,0.01,,True,,1000,10800,cats_reg_g30b150,,False,CATS,150,regions,MultiMinded,67,Balance,7.040000000008149,1650.3177,5,1136.81,534.83399999999995,1650.3177,1591.7550282457139,1532.9232882457138,1608.055023119678,1,30,29,73,63
86,30,37,LinearHeuristicAuction,0.025,0.01,,True,,1000,10800,cats_reg_g30b150,,False,CATS,150,regions,MultiMinded,54,Balance,5.470000000001164,2073.2363,6,1605.13,504.47649999999999,2069.3503,1904.696816902197,1829.458114320212,2007.2725247310161,1,30,10,80,67
87,30,34,LinearHeuristicAuction,0.025,0.01,,True,,1000,10800,cats_reg_g30b150,,False,CATS,150,regions,MultiMinded,1000,MaxIter,107.26999999998952,2161.5317,8,1611.82,461.19499999999999,1999.7446,2064.5941982080872,1032.3832522079899,1213.1748323056568,1,29,42,84,64
88,30,35,LinearHeuristicAuction,0.025,0.01,,True,,1000,10800,cats_reg_g30b150,,False,CATS,150,regions,MultiMinded,1000,MaxIter,118.51999999998952,1960.6723,8,1579.4,529.16499999999996,1910.9483000000002,1907.5598368907281,1171.5151086281292,1244.993005262636,1,30,12,85,65
89,30,40,LinearHeuristicAuction,0.025,0.01,,True,,1000,10800,cats_reg_g30b150,,False,CATS,150,regions,MultiMinded,56,Balance,6.220000000001164,2103.4608,12,1324.86,455.78500000000003,2103.4608,1687.0212988086369,1578.0239005233748,2007.8607872555779,1,29,11,88,70
90,30,36,LinearHeuristicAuction,0.025,0.01,,True,,1000,10800,cats_reg_g30b150,,False,CATS,150,regions,MultiMinded,1000,MaxIter,109.48000000001048,2252.2093,4,1749.09,686.99800000000005,2045.0853000000002,2113.2227819337481,440.99985594602515,607.05191006552866,1,29,22,83,66
91,30,37,LinearHeuristicAuction,0.025,0.01,,True,,1000,10800,cats_reg_g30b150,,False,CATS,150,regions,MultiMinded,1000,MaxIter,103.85000000000582,2533.4677,9,1557.05,605.50300000000004,1911.6908,2098.8084078880447,413.38706461597803,852.81477320793635,1,29,40,85,67
92,30,37,LinearHeuristicAuction,0.025,0.01,,True,,1000,10800,cats_reg_g30b150,,False,CATS,150,regions,MultiMinded,1000,MaxIter,110.94000000000233,2087.0795,5,1557.29,467.12700000000001,1696.0839,1949.8565557497104,192.37918700491986,350.60229288290446,1,30,87,89,67
93,30,34,LinearHeuristicAuction,0.025,0.01,,True,,1000,10800,cats_reg_g30b150,,False,CATS,150,regions,MultiMinded,87,Balance,8.239999999990687,2220.4165999999996,8,1477.09,531.97949999999992,2187.6236,2040.0528343253245,1933.6569343253245,2097.7305032252816,1,30,27,79,64
94,30,33,LinearHeuristicAuction,0.025,0.01,,True,,1000,10800,cats_reg_g30b150,,False,CATS,150,regions,MultiMinded,1000,MaxIter,112.19000000000233,2089.1439,4,1850.23,583.02999999999997,2035.0619,1987.0593131553039,280.79316380324849,438.36173299446705,1,29,21,85,63
95,30,36,LinearHeuristicAuction,0.025,0.01,,True,,1000,10800,cats_reg_g30b150,,False,CATS,150,regions,MultiMinded,1000,MaxIter,105.80000000001746,2218.1557,2,1747.55,732.99250000000006,1803.3075999999999,2114.3273143615584,0.0,133.00924774918474,1,30,69,84,66
96,30,33,LinearHeuristicAuction,0.025,0.01,,True,,1000,10800,cats_reg_g30b150,,False,CATS,150,regions,MultiMinded,1000,MaxIter,112.47000000000116,1873.9284000000002,4,1690.89,555.43200000000002,1873.9284000000002,1915.6591382354045,80.879079134939971,142.32722326320351,1,30,60,78,63
97,30,37,LinearHeuristicAuction,0.025,0.01,,True,,1000,10800,cats_reg_g30b150,,False,CATS,150,regions,MultiMinded,72,Balance,7.790000000008149,1853.4531000000002,10,1334.16,635.36699999999996,1849.0271000000002,1739.2296336298691,1596.6989020968833,1721.7918357117537,1,29,37,81,67
98,30,36,LinearHeuristicAuction,0.025,0.01,,True,,1000,10800,cats_reg_g30b150,,False,CATS,150,regions,MultiMinded,250,Balance,28.329999999987194,2779.0163,8,2131.76,620.35799999999995,2779.0163,2707.2159510988408,2592.4497210988411,2674.8869897407003,1,30,35,83,66
99,30,37,LinearHeuristicAuction,0.025,0.01,,True,,1000,10800,cats_reg_g30b150,,False,CATS,150,regions,MultiMinded,1000,MaxIter,118.60999999998603,2286.8288000000002,2,1573.72,543.00099999999998,1223.2448,2280.3151640270121,0.0,97.205416359090762,1,29,49,96,67
100,30,32,LinearHeuristicAuction,0.025,0.01,,True,,1000,10800,cats_reg_g30b150,,False,CATS,150,regions,MultiMinded,1000,MaxIter,112.98000000001048,1906.0085,3,1496.95,591.39400000000001,1479.8069999999998,1793.0269209222381,121.49014700737672,250.24264014893862,1,30,106,81,62
