idx,items,agents,auction_class,epsilon,stepc,epoch,scalebyvalue,reserve_type,maxiter,maxtime,generator_param_name,personalized,int_prices,generator,bids,distribution,type,rounds,status,runtime,efficient_value,final_num_winners,final_max_agent_value,final_scalevalue,final_value,final_total_price,final_revenue,final_indirect_util,final_price_degree,final_price_sparsity,final_imbalance,final_wd_nvars,final_wd_ncons
1,10,17,LinearSubgradientAuction,0.05,0.01,,True,,1000,10800,cats_reg_g10b50,,False,CATS,50,regions,MultiMinded,151,Balance,32.64999999999418,681.0817,4,513.163,288.52699999999999,681.0817,674.40809042422768,616.70269042422774,623.70171914380046,1,10,5,357,537
2,10,19,LinearSubgradientAuction,0.05,0.01,,True,,1000,10800,cats_reg_g10b50,,False,CATS,50,regions,MultiMinded,1000,MaxIter,239.38999999999942,734.1289999999999,3,640.313,226.71899999999999,504.306,668.73184610671115,416.12209814317407,513.88168745196117,1,10,6,399,599
3,10,17,LinearSubgradientAuction,0.05,0.01,,True,,1000,10800,cats_reg_g10b50,,False,CATS,50,regions,MultiMinded,1000,MaxIter,215.11000000000058,804.4359999999999,5,797.452,310.25200000000001,759.91341,828.28865214941754,709.69779269168043,710.30238262199327,1,10,1,357,537
4,10,14,LinearSubgradientAuction,0.05,0.01,,True,,1000,10800,cats_reg_g10b50,,False,CATS,50,regions,MultiMinded,127,Balance,22.75,574.909,2,568.922,272.93700000000001,574.909,568.74132841190453,541.44762841190447,548.16051470505249,1,10,11,294,444
5,10,21,LinearSubgradientAuction,0.05,0.01,,True,,1000,10800,cats_reg_g10b50,,False,CATS,50,regions,MultiMinded,201,Balance,53.56999999999971,650.6363,3,619.701,342.60149999999999,650.6363,665.07740731650631,615.89794901687424,618.99887032972629,1,10,15,441,661
6,10,17,LinearSubgradientAuction,0.05,0.01,,True,,1000,10800,cats_reg_g10b50,,False,CATS,50,regions,MultiMinded,1000,MaxIter,217.3000000000029,834.2848,1,784.19,470.66899999999998,395.259,886.63106685633909,0,2.1246662873217907,1,10,10,357,537
7,10,21,LinearSubgradientAuction,0.05,0.01,,True,,1000,10800,cats_reg_g10b50,,False,CATS,50,regions,MultiMinded,1000,MaxIter,267.23999999999796,854.667,5,696.341,343.76999999999998,609.034,872.38248552644075,558.15954812678945,558.15955086802001,1,10,12,441,661
8,10,18,LinearSubgradientAuction,0.05,0.01,,True,,1000,10800,cats_reg_g10b50,,False,CATS,50,regions,MultiMinded,873,Balance,198.5500000000029,663.572,4,592.441,275.35000000000002,663.572,649.26616241357885,594.2706660892369,622.26949999999999,1,10,1,378,568
9,10,18,LinearSubgradientAuction,0.05,0.01,,True,,1000,10800,cats_reg_g10b50,,False,CATS,50,regions,MultiMinded,106,Balance,23.87999999999738,724.6032999999999,4,611.583,280.12,724.6032999999999,633.86933543572172,577.84533543572184,668.89545392538867,1,10,6,378,568
10,10,23,LinearSubgradientAuction,0.05,0.01,,True,,1000,10800,cats_reg_g10b50,,False,CATS,50,regions,MultiMinded,56,Balance,15.960000000006403,946.3547,4,784.828,433.57950000000005,946.3547,876.32986058250299,800.46978068474755,870.71610550847356,1,10,2,483,723
11,10,16,LinearSubgradientAuction,0.05,0.01,,True,,1000,10800,cats_reg_g10b50,,False,CATS,50,regions,MultiMinded,175,Balance,35.580000000001746,724.662,1,724.662,403.49950000000001,724.662,724.34750589290604,704.17253089290602,705.52791738099586,1,10,13,336,506
12,10,16,LinearSubgradientAuction,0.05,0.01,,True,,1000,10800,cats_reg_g10b50,,False,CATS,50,regions,MultiMinded,105,Balance,21.229999999995925,522.114,1,522.114,283.13549999999998,522.114,521.35381281028958,507.1970378102896,508.02054337491893,1,10,1,336,506
13,10,17,LinearSubgradientAuction,0.05,0.01,,True,,1000,10800,cats_reg_g10b50,,False,CATS,50,regions,MultiMinded,503,Balance,108.54000000000087,778.1078,2,718.401,353.04300000000001,778.1078,776.52002409563045,741.21572409563043,742.89702899141957,1,10,1,357,537
14,10,17,LinearSubgradientAuction,0.05,0.01,,True,,1000,10800,cats_reg_g10b50,,False,CATS,50,regions,MultiMinded,192,Balance,41.36000000000058,588.9796,2,575.883,307.69200000000001,588.9796,587.65544785691498,560.30270690911868,563.79676619033557,1,10,13,357,537
15,10,17,LinearSubgradientAuction,0.05,0.01,,True,,1000,10800,cats_reg_g10b50,,False,CATS,50,regions,MultiMinded,1000,MaxIter,215.79000000000087,634.994,3,600.13,422.91899999999998,634.994,675.19817869383485,591.98413726122055,592.83583753071457,1,10,1,357,537
16,10,26,LinearSubgradientAuction,0.05,0.01,,True,,1000,10800,cats_reg_g10b50,,False,CATS,50,regions,MultiMinded,31,Balance,9.919999999998254,519.6692,2,485.933,278.584,519.6692,512.17951315189771,484.3211131518978,505.51698044129637,1,10,9,546,816
17,10,16,LinearSubgradientAuction,0.05,0.01,,True,,1000,10800,cats_reg_g10b50,,False,CATS,50,regions,MultiMinded,380,Balance,77.61999999999534,910.0260000000001,3,815.656,322.738,910.0260000000001,909.6580862766632,861.24738627666329,861.61530000000005,1,10,0,336,506
18,10,18,LinearSubgradientAuction,0.05,0.01,,True,,1000,10800,cats_reg_g10b50,,False,CATS,50,regions,MultiMinded,1000,MaxIter,227.62000000000262,982.461,1,932.103,367.83500000000004,413.591,1025.7353070934303,0,1.6142099845714029,1,10,10,378,568
19,10,19,LinearSubgradientAuction,0.05,0.01,,True,,1000,10800,cats_reg_g10b50,,False,CATS,50,regions,MultiMinded,1000,MaxIter,242.20999999999913,903.4849999999999,4,826.774,559.33850000000007,421.5226,950.62906706746958,366.2855413599014,366.2855413599014,1,10,9,399,599
20,10,21,LinearSubgradientAuction,0.05,0.01,,True,,1000,10800,cats_reg_g10b50,,False,CATS,50,regions,MultiMinded,1000,MaxIter,263.6999999999971,780.3014999999999,3,637.779,268.37200000000001,417.32140000000004,691.10255423673254,66.617421414881505,172.24184745090923,1,10,8,441,661
21,10,17,LinearSubgradientAuction,0.05,0.01,,True,,1000,10800,cats_reg_g10b50,,False,CATS,50,regions,MultiMinded,33,Balance,7.0,869.309,3,770.684,361.69299999999998,869.309,791.1155229637385,736.86157296373847,831.77006416245092,1,10,2,357,537
22,10,16,LinearSubgradientAuction,0.05,0.01,,True,,1000,10800,cats_reg_g10b50,,False,CATS,50,regions,MultiMinded,1000,MaxIter,204.1600000000035,827.155,4,792.758,416.87799999999999,698.707,884.9414311063797,599.58906140647105,636.45131594467728,1,10,4,336,506
23,10,21,LinearSubgradientAuction,0.05,0.01,,True,,1000,10800,cats_reg_g10b50,,False,CATS,50,regions,MultiMinded,1000,MaxIter,265.0699999999997,926.9879999999999,5,813.726,269.07900000000001,635.043,906.75025956861214,546.93209191847916,601.60901160994138,1,10,9,441,661
24,10,23,LinearSubgradientAuction,0.05,0.01,,True,,1000,10800,cats_reg_g10b50,,False,CATS,50,regions,MultiMinded,1000,MaxIter,288.6600000000035,822.2049999999999,2,635.81,377.13200000000001,782.967,837.76958839897304,117.78253351658701,128.78766924371058,1,10,9,483,723
25,10,22,LinearSubgradientAuction,0.05,0.01,,True,,1000,10800,cats_reg_g10b50,,False,CATS,50,regions,MultiMinded,1000,MaxIter,275.09999999999854,534.8185,4,446.519,197.68200000000002,342.6097,527.93838401788514,268.98362374292316,313.15913583964857,1,10,5,462,692
26,10,17,LinearSubgradientAuction,0.05,0.01,,True,,1000,10800,cats_reg_g10b50,,False,CATS,50,regions,MultiMinded,54,Balance,11.519999999996799,716.487,2,716.487,299.23599999999999,716.487,730.3693450392758,700.57014587331639,701.52519999999993,1,10,1,357,537
27,10,17,LinearSubgradientAuction,0.05,0.01,,True,,1000,10800,cats_reg_g10b50,,False,CATS,50,regions,MultiMinded,1000,MaxIter,216.7199999999939,811.1127,2,667.768,330.15700000000004,209.821,810.43237391648563,193.07491371882912,194.09537306226048,1,10,7,357,537
28,10,18,LinearSubgradientAuction,0.05,0.01,,True,,1000,10800,cats_reg_g10b50,,False,CATS,50,regions,MultiMinded,390,Balance,89.70000000000437,818.682,4,802.322,385.84800000000001,818.682,817.70921161028355,748.82580165155753,761.04981271568408,1,10,6,378,568
29,10,20,LinearSubgradientAuction,0.05,0.01,,True,,1000,10800,cats_reg_g10b50,,False,CATS,50,regions,MultiMinded,203,Balance,51.41000000000349,767.6940999999999,3,746.709,446.00549999999998,767.6940999999999,748.66791890223021,681.76709390223027,700.79327500000011,1,10,0,420,630
30,10,18,LinearSubgradientAuction,0.05,0.01,,True,,1000,10800,cats_reg_g10b50,,False,CATS,50,regions,MultiMinded,1000,MaxIter,228.19000000000233,794.5821000000001,5,739.446,385.6635,445.22310000000004,854.85001294558697,387.70969376279209,387.70969376279209,1,10,9,378,568
31,10,21,LinearSubgradientAuction,0.05,0.01,,True,,1000,10800,cats_reg_g10b50,,False,CATS,50,regions,MultiMinded,1000,MaxIter,265.17000000000553,818.388,1,733.06,325.495,328.69,830.64860426115581,0,0.38395152936803356,1,10,10,441,661
32,10,20,LinearSubgradientAuction,0.05,0.01,,True,,1000,10800,cats_reg_g10b50,,False,CATS,50,regions,MultiMinded,319,Balance,79.69999999999709,637.3713,4,533.498,304.15100000000001,637.3713,645.1645204578308,584.33432045783093,589.64329235134869,1,10,2,420,630
33,10,16,LinearSubgradientAuction,0.05,0.01,,True,,1000,10800,cats_reg_g10b50,,False,CATS,50,regions,MultiMinded,98,Balance,19.80999999999767,560.5032,3,498.34,219.72300000000001,560.5032,517.68780659474464,491.19333498895088,544.96766967409792,1,10,2,336,506
34,10,20,LinearSubgradientAuction,0.05,0.01,,True,,1000,10800,cats_reg_g10b50,,False,CATS,50,regions,MultiMinded,353,Balance,89.52000000000407,726.3012,4,568.454,249.64099999999999,726.3012,607.61524340239112,557.68704340239117,688.78173526901082,1,10,3,420,630
35,10,27,LinearSubgradientAuction,0.05,0.01,,True,,1000,10800,cats_reg_g10b50,,False,CATS,50,regions,MultiMinded,158,Balance,53.62999999999738,858.175,2,722.988,380.87900000000002,858.175,815.39909817394232,777.31119817394233,820.08710000000008,1,10,0,567,847
36,10,17,LinearSubgradientAuction,0.05,0.01,,True,,1000,10800,cats_reg_g10b50,,False,CATS,50,regions,MultiMinded,1000,MaxIter,218.45999999999913,716.498,2,716.498,379.51999999999998,215.555,719.38922328575313,196.45642962554498,197.65023434800295,1,10,7,357,537
37,10,20,LinearSubgradientAuction,0.05,0.01,,True,,1000,10800,cats_reg_g10b50,,False,CATS,50,regions,MultiMinded,49,Balance,12.339999999996508,824.835,4,630.222,329.92600000000004,824.835,694.213648582318,631.5337796150136,778.43335652205531,1,10,2,420,630
38,10,18,LinearSubgradientAuction,0.05,0.01,,True,,1000,10800,cats_reg_g10b50,,False,CATS,50,regions,MultiMinded,1000,MaxIter,229.90000000000146,825.56,3,825.56,471.01400000000001,640.047,828.07239886541208,593.89090862395551,594.37513720921697,1,10,13,378,568
39,10,25,LinearSubgradientAuction,0.05,0.01,,True,,1000,10800,cats_reg_g10b50,,False,CATS,50,regions,MultiMinded,213,Balance,66.26000000000204,948.5501,5,753.385,196.10050000000001,948.5501,783.05107212838448,734.02594712838447,899.52497499999993,1,10,0,525,785
40,10,22,LinearSubgradientAuction,0.05,0.01,,True,,1000,10800,cats_reg_g10b50,,False,CATS,50,regions,MultiMinded,1000,MaxIter,276.2199999999939,694.64,2,671.57,320.48500000000001,221.0301,672.9974670866909,43.785009982047214,112.88275,1,10,9,462,692
41,10,18,LinearSubgradientAuction,0.05,0.01,,True,,1000,10800,cats_reg_g10b50,,False,CATS,50,regions,MultiMinded,37,Balance,8.319999999999709,919.5834,3,833.068,428.51799999999997,919.5834,881.25378760994499,816.97608760994501,876.47808167817959,1,10,1,378,568
42,10,21,LinearSubgradientAuction,0.05,0.01,,True,,1000,10800,cats_reg_g10b50,,False,CATS,50,regions,MultiMinded,86,Balance,22.68000000000029,722.396,2,722.396,339.44,722.396,739.0910022480814,705.17819356245968,705.42399999999998,1,10,1,441,661
43,10,20,LinearSubgradientAuction,0.05,0.01,,True,,1000,10800,cats_reg_g10b50,,False,CATS,50,regions,MultiMinded,188,Balance,47.13999999999942,820.8240000000001,3,681.374,265.63999999999999,820.8240000000001,799.35258303007572,759.68378366504055,794.25999999999999,1,10,1,420,630
44,10,19,LinearSubgradientAuction,0.05,0.01,,True,,1000,10800,cats_reg_g10b50,,False,CATS,50,regions,MultiMinded,1000,MaxIter,242.17000000000553,607.363,4,484.926,277.04599999999999,559.9440000000001,608.88139660214642,469.84891164242345,518.68039380495713,1,10,6,399,599
45,10,20,LinearSubgradientAuction,0.05,0.01,,True,,1000,10800,cats_reg_g10b50,,False,CATS,50,regions,MultiMinded,222,Balance,56.020000000004075,687.7891,5,510.577,285.93000000000001,687.7891,660.79759936882988,592.04758873885555,633.09459336721011,1,10,4,420,630
46,10,19,LinearSubgradientAuction,0.05,0.01,,True,,1000,10800,cats_reg_g10b50,,False,CATS,50,regions,MultiMinded,442,Balance,106.18999999999505,810.368,2,810.368,345.00850000000003,810.368,773.43936556049709,739.11479801721873,793.23632637059677,1,10,5,399,599
47,10,18,LinearSubgradientAuction,0.05,0.01,,True,,1000,10800,cats_reg_g10b50,,False,CATS,50,regions,MultiMinded,902,Balance,205.4800000000032,759.477,2,738.963,363.25599999999997,759.477,748.75214127029972,712.42654127029971,741.26772866957185,1,10,1,378,568
48,10,29,LinearSubgradientAuction,0.05,0.01,,True,,1000,10800,cats_reg_g10b50,,False,CATS,50,regions,MultiMinded,16,Balance,5.6600000000034925,726.774,3,661.833,328.96899999999999,726.774,713.77009824128208,664.42474824128215,677.42865000000006,1,10,0,609,909
49,10,23,LinearSubgradientAuction,0.05,0.01,,True,,1000,10800,cats_reg_g10b50,,False,CATS,50,regions,MultiMinded,1000,MaxIter,291.0400000000009,587.5914,4,462.576,216.20049999999998,493.47429999999997,558.95023596334784,313.24623764646873,346.59490874935784,1,10,4,483,723
50,10,17,LinearSubgradientAuction,0.05,0.01,,True,,1000,10800,cats_reg_g10b50,,False,CATS,50,regions,MultiMinded,80,Balance,17.2699999999968,945.836,4,681.012,323.851,945.836,874.33817862408841,809.56797862408848,881.06580000000008,1,10,0,357,537
51,10,25,LinearSubgradientAuction,0.05,0.01,,True,,1000,10800,cats_reg_g10b50,,False,CATS,50,regions,MultiMinded,97,Balance,29.839999999996508,831.2631000000001,4,644.905,285.66050000000001,831.2631000000001,762.82353844654358,706.03839642497292,788.41402500000004,1,10,1,525,785
52,10,19,LinearSubgradientAuction,0.05,0.01,,True,,1000,10800,cats_reg_g10b50,,False,CATS,50,regions,MultiMinded,23,Balance,5.389999999999418,608.391,2,608.391,276.31299999999999,608.391,620.01275128334919,592.52508468609199,594.57534999999996,1,10,1,399,599
53,10,21,LinearSubgradientAuction,0.05,0.01,,True,,1000,10800,cats_reg_g10b50,,False,CATS,50,regions,MultiMinded,1000,MaxIter,265.1600000000035,623.5598,4,612.518,167.23250000000002,505.638,642.86174302968675,480.7078854823514,480.73384725665846,1,10,7,441,661
54,10,20,LinearSubgradientAuction,0.05,0.01,,True,,1000,10800,cats_reg_g10b50,,False,CATS,50,regions,MultiMinded,913,Balance,229.09999999999854,1040.322,4,967.436,414.12850000000003,1040.322,993.12385820707914,910.29815820707893,957.91191225401622,1,10,8,420,630
55,10,17,LinearSubgradientAuction,0.05,0.01,,True,,1000,10800,cats_reg_g10b50,,False,CATS,50,regions,MultiMinded,75,Balance,16.139999999999418,1001.244,2,739.168,309.35699999999997,1001.244,915.1764141226713,884.24071412267131,970.30830000000003,1,10,0,357,537
56,10,17,LinearSubgradientAuction,0.05,0.01,,True,,1000,10800,cats_reg_g10b50,,False,CATS,50,regions,MultiMinded,1000,MaxIter,216.44000000000233,674.3464,3,592.43,348.80000000000001,305.2875,654.37253472973487,170.66814205366541,211.65201720770403,1,10,5,357,537
57,10,20,LinearSubgradientAuction,0.05,0.01,,True,,1000,10800,cats_reg_g10b50,,False,CATS,50,regions,MultiMinded,758,Balance,191.95999999999913,783.158,3,568.928,268.62299999999999,783.158,763.2410565768397,722.94760657683969,743.1753410674213,1,10,5,420,630
58,10,21,LinearSubgradientAuction,0.05,0.01,,True,,1000,10800,cats_reg_g10b50,,False,CATS,50,regions,MultiMinded,27,Balance,7.059999999997672,871.9079999999999,2,791.212,427.88200000000001,871.9079999999999,869.69324442746222,826.90504442746226,842.72974845583485,1,10,10,441,661
59,10,28,LinearSubgradientAuction,0.05,0.01,,True,,1000,10800,cats_reg_g10b50,,False,CATS,50,regions,MultiMinded,87,Balance,30.5199999999968,875.1772,3,803.796,406.47899999999998,875.1772,841.25548406427629,780.28363406427638,814.63586574959857,1,10,4,588,878
60,10,22,LinearSubgradientAuction,0.05,0.01,,True,,1000,10800,cats_reg_g10b50,,False,CATS,50,regions,MultiMinded,46,Balance,12.659999999996217,716.1357,3,662.173,358.10899999999998,716.1357,681.32516053175482,627.6088105317549,663.92809144186117,1,10,7,462,692
61,10,19,LinearSubgradientAuction,0.05,0.01,,True,,1000,10800,cats_reg_g10b50,,False,CATS,50,regions,MultiMinded,496,Balance,119.91000000000349,756.948,3,553.212,307.67700000000002,756.948,756.38924353903985,710.23769353903981,710.8224724654192,1,10,5,399,599
62,10,20,LinearSubgradientAuction,0.05,0.01,,True,,1000,10800,cats_reg_g10b50,,False,CATS,50,regions,MultiMinded,113,Balance,28.30000000000291,962.414,3,839.979,365.63299999999998,962.414,960.78562154218355,905.94067154218351,907.8856930546915,1,10,4,420,630
63,10,20,LinearSubgradientAuction,0.05,0.01,,True,,1000,10800,cats_reg_g10b50,,False,CATS,50,regions,MultiMinded,115,Balance,28.779999999998836,966.8963000000001,5,783.33,502.36099999999999,966.8963000000001,927.81183755410791,802.23298112356372,866.42409999999995,1,10,1,420,630
64,10,24,LinearSubgradientAuction,0.05,0.01,,True,,1000,10800,cats_reg_g10b50,,False,CATS,50,regions,MultiMinded,355,Balance,106.05000000000291,784.4846,2,723.45,238.8545,784.4846,757.64261120995798,733.7571612099581,760.59915000000012,1,10,0,504,754
65,10,18,LinearSubgradientAuction,0.05,0.01,,True,,1000,10800,cats_reg_g10b50,,False,CATS,50,regions,MultiMinded,364,Balance,82.97000000000116,863.3610000000001,4,758.102,337.34500000000003,856.6320000000001,817.93480134482695,751.52500997161758,806.03025000000002,1,10,1,378,568
66,10,18,LinearSubgradientAuction,0.05,0.01,,True,,1000,10800,cats_reg_g10b50,,False,CATS,50,regions,MultiMinded,572,Balance,131.84000000000378,852.079,4,807.329,372.65700000000004,852.079,807.13323839525776,732.98149471871068,796.37621160474214,1,10,9,378,568
67,10,27,LinearSubgradientAuction,0.05,0.01,,True,,1000,10800,cats_reg_g10b50,,False,CATS,50,regions,MultiMinded,247,Balance,83.29000000000087,860.8598,2,789.183,223.39999999999998,860.8598,851.25992337854677,828.91992337854674,849.56678839490644,1,10,1,567,847
68,10,20,LinearSubgradientAuction,0.05,0.01,,True,,1000,10800,cats_reg_g10b50,,False,CATS,50,regions,MultiMinded,278,Balance,69.31999999999971,535.1916,4,486.692,201.834,535.1916,524.03548898011911,483.6686889801191,504.8820731452671,1,10,1,420,630
69,10,20,LinearSubgradientAuction,0.05,0.01,,True,,1000,10800,cats_reg_g10b50,,False,CATS,50,regions,MultiMinded,67,Balance,16.87999999999738,550.5322,3,423.552,212.09399999999999,550.5322,484.32527054481722,452.51117054481722,518.71810000000005,1,10,0,420,630
70,10,18,LinearSubgradientAuction,0.05,0.01,,True,,1000,10800,cats_reg_g10b50,,False,CATS,50,regions,MultiMinded,1000,MaxIter,226.3399999999965,965.81,3,780.078,273.52800000000002,833.47,880.16583343478828,681.26970192133035,806.28610290795234,1,10,2,378,568
71,10,17,LinearSubgradientAuction,0.05,0.01,,True,,1000,10800,cats_reg_g10b50,,False,CATS,50,regions,MultiMinded,1000,MaxIter,216.87999999999738,745.048,2,745.048,330.73000000000002,381.853,802.52745227985088,365.4912521120491,366.07624522869395,1,10,6,357,537
72,10,23,LinearSubgradientAuction,0.05,0.01,,True,,1000,10800,cats_reg_g10b50,,False,CATS,50,regions,MultiMinded,167,Balance,48.299999999995634,619.2275000000001,7,497.631,317.09799999999996,619.2275000000001,584.49281482896413,473.50851482896405,508.2432,1,10,0,483,723
73,10,20,LinearSubgradientAuction,0.05,0.01,,True,,1000,10800,cats_reg_g10b50,,False,CATS,50,regions,MultiMinded,1000,MaxIter,254.8399999999965,675.2625,2,656.76,362.82400000000001,632.221,704.78339879583302,615.03908987742682,615.03908987742682,1,10,11,420,630
74,10,26,LinearSubgradientAuction,0.05,0.01,,True,,1000,10800,cats_reg_g10b50,,False,CATS,50,regions,MultiMinded,234,Balance,75.38000000000466,942.6876,2,890.025,245.483,942.6876,942.4423591357762,917.89405913577627,918.13959437237281,1,10,1,546,816
75,10,15,LinearSubgradientAuction,0.05,0.01,,True,,1000,10800,cats_reg_g10b50,,False,CATS,50,regions,MultiMinded,290,Balance,55.37000000000262,986.353,5,977.088,450.65550000000002,986.353,978.03258411116485,866.622328909933,897.21444179808918,1,10,5,315,475
76,10,22,LinearSubgradientAuction,0.05,0.01,,True,,1000,10800,cats_reg_g10b50,,False,CATS,50,regions,MultiMinded,199,Balance,54.70999999999913,900.434,6,820.61,441.17500000000001,900.434,848.16629573373075,715.81379573373067,769.73233279837268,1,10,16,462,692
77,10,19,LinearSubgradientAuction,0.05,0.01,,True,,1000,10800,cats_reg_g10b50,,False,CATS,50,regions,MultiMinded,1000,MaxIter,240.42000000000553,505.8682,3,489.633,293.4085,415.7192,490.03343583816905,348.9117149586308,386.48630234471517,1,10,3,399,599
78,10,15,LinearSubgradientAuction,0.05,0.01,,True,,1000,10800,cats_reg_g10b50,,False,CATS,50,regions,MultiMinded,888,Balance,168.9499999999971,723.896,1,723.896,268.85500000000002,723.896,723.82260230909083,710.37985230909078,710.45324999999991,1,10,0,315,475
79,10,20,LinearSubgradientAuction,0.05,0.01,,True,,1000,10800,cats_reg_g10b50,,False,CATS,50,regions,MultiMinded,232,Balance,58.44999999999709,830.055,4,715.055,304.07849999999996,830.055,768.63044997842928,707.81702455575839,784.44322499999987,1,10,1,420,630
80,10,23,LinearSubgradientAuction,0.05,0.01,,True,,1000,10800,cats_reg_g10b50,,False,CATS,50,regions,MultiMinded,1000,MaxIter,291.00999999999476,858.2552999999999,4,815.519,326.65449999999998,609.6183,851.06892760024937,548.10872422485772,561.00550438551306,1,10,3,483,723
81,10,19,LinearSubgradientAuction,0.05,0.01,,True,,1000,10800,cats_reg_g10b50,,False,CATS,50,regions,MultiMinded,97,Balance,23.220000000001164,731.2354999999999,3,657.74,318.25649999999996,731.2354999999999,718.28727786504487,670.54880286504488,683.49702500000012,1,10,0,399,599
82,10,20,LinearSubgradientAuction,0.05,0.01,,True,,1000,10800,cats_reg_g10b50,,False,CATS,50,regions,MultiMinded,1000,MaxIter,251.81000000000495,799.819,4,670.65,230.49700000000001,479.16429999999997,769.66300781192012,426.76539891293129,475.04203331724869,1,10,5,420,630
83,10,18,LinearSubgradientAuction,0.05,0.01,,True,,1000,10800,cats_reg_g10b50,,False,CATS,50,regions,MultiMinded,224,Balance,51.07999999999447,778.391,2,740.964,303.2475,778.391,777.47571494905833,747.15096494905833,752.32574629382668,1,10,9,378,568
84,10,19,LinearSubgradientAuction,0.05,0.01,,True,,1000,10800,cats_reg_g10b50,,False,CATS,50,regions,MultiMinded,45,Balance,10.650000000001455,653.4665,4,531.36,233.98450000000003,653.4665,607.96319106302826,561.16629106302832,607.02039398874115,1,10,3,399,599
85,10,16,LinearSubgradientAuction,0.05,0.01,,True,,1000,10800,cats_reg_g10b50,,False,CATS,50,regions,MultiMinded,46,Balance,9.290000000000873,738.6202000000001,4,623.355,332.00099999999998,738.6202000000001,732.6766115217963,666.27641152179626,685.31106324862651,1,10,8,336,506
86,10,17,LinearSubgradientAuction,0.05,0.01,,True,,1000,10800,cats_reg_g10b50,,False,CATS,50,regions,MultiMinded,283,Balance,61.25999999999476,772.54,3,646.076,287.08299999999997,772.54,738.66068242194308,695.71232842778875,743.89911995222712,1,10,5,357,537
87,10,18,LinearSubgradientAuction,0.05,0.01,,True,,1000,10800,cats_reg_g10b50,,False,CATS,50,regions,MultiMinded,1000,MaxIter,231.18999999999505,883.32347,2,801.709,428.95349999999996,45.89987,947.24468729615603,0.0,0.64458071700744668,1,10,9,378,568
88,10,20,LinearSubgradientAuction,0.05,0.01,,True,,1000,10800,cats_reg_g10b50,,False,CATS,50,regions,MultiMinded,168,Balance,42.20999999999913,662.7294999999999,4,622.783,332.80799999999999,662.7294999999999,654.33421848061391,587.77261848061391,596.93853502405739,1,10,13,420,630
89,10,26,LinearSubgradientAuction,0.05,0.01,,True,,1000,10800,cats_reg_g10b50,,False,CATS,50,regions,MultiMinded,1000,MaxIter,331.4799999999959,844.3882,4,703.836,361.93200000000002,522.1522,815.42473579935177,415.75793321967348,468.3594752572568,1,10,7,546,816
90,10,21,LinearSubgradientAuction,0.05,0.01,,True,,1000,10800,cats_reg_g10b50,,False,CATS,50,regions,MultiMinded,1000,MaxIter,264.0500000000029,1011.3232,5,890.879,348.79300000000001,585.2212,919.02373853954873,413.75757510612095,515.56047313314434,1,10,5,441,661
91,10,17,LinearSubgradientAuction,0.05,0.01,,True,,1000,10800,cats_reg_g10b50,,False,CATS,50,regions,MultiMinded,1000,MaxIter,217.40000000000146,890.575,2,890.575,535.99700000000007,835.337,931.29486896640674,646.83456120407163,647.70216397778222,1,10,2,357,537
92,10,22,LinearSubgradientAuction,0.05,0.01,,True,,1000,10800,cats_reg_g10b50,,False,CATS,50,regions,MultiMinded,141,Balance,39.05999999999767,683.1735,2,627.133,263.76300000000003,683.1735,654.71161530216318,628.33531530216328,656.7972000000002,1,10,0,462,692
93,10,20,LinearSubgradientAuction,0.05,0.01,,True,,1000,10800,cats_reg_g10b50,,False,CATS,50,regions,MultiMinded,156,Balance,39.37000000000262,931.509,1,931.509,347.88099999999997,931.509,931.49782380203476,914.10377380203477,914.11495000000002,1,10,0,420,630
94,10,15,LinearSubgradientAuction,0.05,0.01,,True,,1000,10800,cats_reg_g10b50,,False,CATS,50,regions,MultiMinded,1000,MaxIter,191.04000000000087,772.037,3,770.337,295.54650000000004,192.4292,770.69369979487817,136.30640135753467,162.87455,1,10,8,315,475
95,10,17,LinearSubgradientAuction,0.05,0.01,,True,,1000,10800,cats_reg_g10b50,,False,CATS,50,regions,MultiMinded,212,Balance,45.86000000000058,901.2369,4,849.224,408.67100000000005,901.2369,907.08586125814702,826.44772164500841,840.60251467998182,1,10,3,357,537
96,10,19,LinearSubgradientAuction,0.05,0.01,,True,,1000,10800,cats_reg_g10b50,,False,CATS,50,regions,MultiMinded,41,Balance,9.75,752.0848,3,651.493,368.70849999999996,752.0848,732.70904798976164,677.40277298976162,697.27524601215953,1,10,3,399,599
97,10,20,LinearSubgradientAuction,0.05,0.01,,True,,1000,10800,cats_reg_g10b50,,False,CATS,50,regions,MultiMinded,1000,MaxIter,251.5500000000029,657.92043,3,602.694,360.185,508.09543,695.30370023074806,485.64675871178616,485.91456333187847,1,10,3,420,630
98,10,20,LinearSubgradientAuction,0.05,0.01,,True,,1000,10800,cats_reg_g10b50,,False,CATS,50,regions,MultiMinded,13,Balance,3.150000000001455,1047.5140999999999,4,870.711,386.798,1047.5140999999999,928.79406451520617,851.4344645152064,971.18669986617397,1,10,4,420,630
99,10,22,LinearSubgradientAuction,0.05,0.01,,True,,1000,10800,cats_reg_g10b50,,False,CATS,50,regions,MultiMinded,135,Balance,37.37000000000262,1044.344,5,687.143,366.375,1044.344,1014.2965364278544,922.70278642785445,952.75024999999994,1,10,0,462,692
100,10,21,LinearSubgradientAuction,0.05,0.01,,True,,1000,10800,cats_reg_g10b50,,False,CATS,50,regions,MultiMinded,1000,MaxIter,266.3700000000026,587.8678,2,515.864,141.49099999999999,455.1598,568.3123823245304,58.2406054927269,89.760311018822591,1,10,9,441,661
