idx,items,agents,auction_class,epsilon,stepc,epoch,scalebyvalue,reserve_type,maxiter,maxtime,generator_param_name,personalized,int_prices,generator,bids,distribution,type,rounds,status,runtime,efficient_value,final_num_winners,final_max_agent_value,final_scalevalue,final_value,final_total_price,final_revenue,final_indirect_util,final_price_degree,final_price_sparsity,final_imbalance,final_wd_nvars,final_wd_ncons
1,30,36,LinearHeuristicAuction,0.05,0.04,,True,,1000,10800,cats_reg_g30b150,,False,CATS,150,regions,MultiMinded,220,Balance,23.5,2502.8085,9,1712.02,630.28700000000003,2502.8085,2196.0404802645398,1975.4400302645404,2302.4058347460159,1,28,22,84,66
2,30,38,LinearHeuristicAuction,0.05,0.04,,True,,1000,10800,cats_reg_g30b150,,False,CATS,150,regions,MultiMinded,83,Balance,9.360000000015134,2067.4249,5,1460.04,478.96600000000001,2067.4249,2045.82011418822,1930.8682741882199,1999.9727568673366,1,29,28,88,68
3,30,36,LinearHeuristicAuction,0.05,0.04,,True,,1000,10800,cats_reg_g30b150,,False,CATS,150,regions,MultiMinded,87,Balance,9.0,2226.2472000000002,3,1961.0,494.50999999999999,2226.2472000000002,2220.9737201286266,2146.7972201286266,2167.3375772141731,1,28,5,77,66
4,30,38,LinearHeuristicAuction,0.05,0.04,,True,,1000,10800,cats_reg_g30b150,,False,CATS,150,regions,MultiMinded,118,Balance,13.130000000004657,2004.9491999999998,11,1505.7,557.86300000000006,1985.2371999999998,1911.3327745366073,1604.5081245366068,1680.2586878137686,1,30,3,84,68
5,30,35,LinearHeuristicAuction,0.05,0.04,,True,,1000,10800,cats_reg_g30b150,,False,CATS,150,regions,MultiMinded,65,Balance,6.720000000001164,1864.626,2,1703.97,505.12049999999999,1813.7730000000001,1766.3569423716308,1715.8448923716307,1788.2736844592823,1,30,27,76,65
6,30,35,LinearHeuristicAuction,0.05,0.04,,True,,1000,10800,cats_reg_g30b150,,False,CATS,150,regions,MultiMinded,1000,MaxIter,105.54999999998836,2116.0368,7,1959.83,614.52500000000009,2047.2348000000002,2111.697002693681,1334.2062237753491,1346.9929220785582,1,29,22,81,65
7,30,35,LinearHeuristicAuction,0.05,0.04,,True,,1000,10800,cats_reg_g30b150,,False,CATS,150,regions,MultiMinded,395,Balance,44.220000000001164,2031.9575,6,1330.11,558.39999999999998,2031.9575,1939.2739190640502,1777.3379190640499,1887.078997555195,1,30,44,80,65
8,30,35,LinearHeuristicAuction,0.05,0.04,,True,,1000,10800,cats_reg_g30b150,,False,CATS,150,regions,MultiMinded,106,Balance,11.180000000022119,2027.57669,8,1379.5,642.28750000000002,2027.57669,1839.9869474884765,1624.2641381847088,1850.3814465687014,1,30,30,74,65
9,30,36,LinearHeuristicAuction,0.05,0.04,,True,,1000,10800,cats_reg_g30b150,,False,CATS,150,regions,MultiMinded,1000,MaxIter,108.5,1859.5272999999997,3,1542.29,443.88650000000001,1649.1709,1772.1467508391509,0.0,116.44232139301411,1,27,31,83,66
10,30,34,LinearHeuristicAuction,0.05,0.04,,True,,1000,10800,cats_reg_g30b150,,False,CATS,150,regions,MultiMinded,1000,MaxIter,102.95999999999185,2566.974,2,2112.56,626.02300000000002,1259.7232,2552.9771793998057,36.487294339149827,165.32592159987112,1,29,59,78,64
11,30,36,LinearHeuristicAuction,0.05,0.04,,True,,1000,10800,cats_reg_g30b150,,False,CATS,150,regions,MultiMinded,41,Balance,4.240000000019791,2431.6115,4,2098.81,721.22149999999999,2431.6115,2267.2523874452045,2159.0691624452043,2380.4787739303974,1,28,43,74,66
12,30,32,LinearHeuristicAuction,0.05,0.04,,True,,1000,10800,cats_reg_g30b150,,False,CATS,150,regions,MultiMinded,1000,MaxIter,114.44000000000233,1865.81568,7,1645.15,855.13049999999998,1787.8909999999998,1847.0145103273626,464.10226843449732,526.01199825877063,1,30,13,81,62
13,30,35,LinearHeuristicAuction,0.05,0.04,,True,,1000,10800,cats_reg_g30b150,,False,CATS,150,regions,MultiMinded,1000,MaxIter,126.82000000000698,1773.5022000000001,4,1494.31,678.60900000000004,1541.9917,1809.4984662369604,80.527868417990334,150.50368426768262,1,30,71,96,65
14,30,32,LinearHeuristicAuction,0.05,0.04,,True,,1000,10800,cats_reg_g30b150,,False,CATS,150,regions,MultiMinded,124,Balance,13.239999999990687,1980.1873000000003,6,1559.99,631.08900000000006,1980.1873000000003,1797.9001045348632,1621.1951845348635,1824.4029603512924,1,29,22,73,62
15,30,36,LinearHeuristicAuction,0.05,0.04,,True,,1000,10800,cats_reg_g30b150,,False,CATS,150,regions,MultiMinded,50,Balance,5.650000000023283,2512.4141000000004,3,2312.23,781.00699999999995,2512.4141000000004,2444.8348286219962,2327.6837786219962,2421.829739595923,1,29,27,74,66
16,30,34,LinearHeuristicAuction,0.05,0.04,,True,,1000,10800,cats_reg_g30b150,,False,CATS,150,regions,MultiMinded,1000,MaxIter,117.11999999999534,1929.452,7,1789.44,584.255,1537.4955,1918.8760667349002,172.07058358771451,228.38321053137327,1,28,76,85,64
17,30,33,LinearHeuristicAuction,0.05,0.04,,True,,1000,10800,cats_reg_g30b150,,False,CATS,150,regions,MultiMinded,71,Balance,7.850000000005821,1934.7395999999999,7,1626.95,730.93200000000002,1934.7395999999999,1973.6200125355115,1740.4047087735289,1754.7588187757585,1,30,24,78,63
18,30,34,LinearHeuristicAuction,0.05,0.04,,True,,1000,10800,cats_reg_g30b150,,False,CATS,150,regions,MultiMinded,74,Balance,7.75,2504.1384,4,1818.33,781.33600000000001,2504.1384,2451.2500492519916,2294.9828492519914,2408.9547147480566,1,29,15,75,64
19,30,36,LinearHeuristicAuction,0.05,0.04,,True,,1000,10800,cats_reg_g30b150,,False,CATS,150,regions,MultiMinded,38,Balance,3.7999999999883585,2560.7110000000002,11,1508.06,549.71399999999994,2560.7110000000002,2173.9507739895053,1932.0766139895056,2363.4002238828371,1,28,16,75,66
20,30,37,LinearHeuristicAuction,0.05,0.04,,True,,1000,10800,cats_reg_g30b150,,False,CATS,150,regions,MultiMinded,1000,MaxIter,107.52999999999884,1801.7813999999998,4,1490.47,395.125,1652.3964,1802.8040536495,63.099776581209561,114.86686375394603,1,30,57,92,67
21,30,33,LinearHeuristicAuction,0.05,0.04,,True,,1000,10800,cats_reg_g30b150,,False,CATS,150,regions,MultiMinded,104,Balance,11.529999999998836,1553.7635,3,1374.19,778.39550000000008,1553.7635,1553.59678781651,1436.8374628165097,1508.859006890224,1,30,67,73,63
22,30,38,LinearHeuristicAuction,0.05,0.04,,True,,1000,10800,cats_reg_g30b150,,False,CATS,150,regions,MultiMinded,1000,MaxIter,115.25,2312.252,3,2123.59,638.69949999999994,2224.6266,2368.9582718798215,2142.4098249281033,2147.7309849058083,1,29,33,89,68
23,30,38,LinearHeuristicAuction,0.05,0.04,,True,,1000,10800,cats_reg_g30b150,,False,CATS,150,regions,MultiMinded,91,Balance,9.770000000018626,2354.8725,7,1818.1,597.00800000000004,2354.8725,2120.1533909364662,1947.0210709364662,2185.6356643118334,1,29,7,85,68
24,30,35,LinearHeuristicAuction,0.05,0.04,,True,,1000,10800,cats_reg_g30b150,,False,CATS,150,regions,MultiMinded,1000,MaxIter,109.37999999997555,1892.4884,4,1241.36,538.58849999999995,1276.3992,1832.2646420011447,29.931504490600137,174.96897945760216,1,30,34,85,65
25,30,33,LinearHeuristicAuction,0.05,0.04,,True,,1000,10800,cats_reg_g30b150,,False,CATS,150,regions,MultiMinded,160,Balance,18.420000000012806,1741.0822999999998,4,1538.41,861.41849999999999,1692.8544000000002,1636.6297896877036,1530.9321788955579,1705.4521788927925,1,29,100,79,63
26,30,34,LinearHeuristicAuction,0.05,0.04,,True,,1000,10800,cats_reg_g30b150,,False,CATS,150,regions,MultiMinded,1000,MaxIter,106.85000000000582,2008.668,8,1919.5,424.82100000000003,1484.1327999999996,1998.4587523757941,570.14984700122909,653.5102302926789,1,29,50,80,64
27,30,32,LinearHeuristicAuction,0.05,0.04,,True,,1000,10800,cats_reg_g30b150,,False,CATS,150,regions,MultiMinded,1000,MaxIter,102.5,2175.2061,3,1890.21,644.31150000000002,1833.4542,2156.4169076732396,0.0,1.2373804778634074,1,28,50,81,62
28,30,37,LinearHeuristicAuction,0.05,0.04,,True,,1000,10800,cats_reg_g30b150,,False,CATS,150,regions,MultiMinded,170,Balance,18.389999999984866,2040.43179,10,1615.6,517.23699999999997,2031.7835999999998,1932.9293277303259,1705.3450477303261,1838.9985477502082,1,29,24,86,67
29,30,33,LinearHeuristicAuction,0.05,0.04,,True,,1000,10800,cats_reg_g30b150,,False,CATS,150,regions,MultiMinded,1000,MaxIter,116.71000000002095,2111.632,3,1854.64,708.57899999999995,1802.048,2117.9212148811075,56.040259443675779,173.77220375232679,1,30,30,86,63
30,30,35,LinearHeuristicAuction,0.05,0.04,,True,,1000,10800,cats_reg_g30b150,,False,CATS,150,regions,MultiMinded,807,Balance,89.13000000000466,2323.0769999999998,8,1594.17,462.18150000000003,2323.0769999999998,2117.2275761877863,1955.4640511877858,2164.2015675351163,1,28,21,85,65
31,30,34,LinearHeuristicAuction,0.05,0.04,,True,,1000,10800,cats_reg_g30b150,,False,CATS,150,regions,MultiMinded,49,Balance,4.849999999976717,2659.4860000000003,6,2167.09,585.07799999999997,2659.4860000000003,2496.8556489959724,2375.8841997075879,2563.2352995358265,1,27,10,78,64
32,30,37,LinearHeuristicAuction,0.05,0.04,,True,,1000,10800,cats_reg_g30b150,,False,CATS,150,regions,MultiMinded,245,Balance,27.94000000000233,1999.8556999999998,8,1545.46,522.50199999999995,1910.9342000000001,1881.1835388231823,1688.1620762838966,1767.4556742090808,1,30,27,90,67
33,30,37,LinearHeuristicAuction,0.05,0.04,,True,,1000,10800,cats_reg_g30b150,,False,CATS,150,regions,MultiMinded,69,Balance,7.169999999983702,1805.9524000000001,4,1582.17,487.50400000000002,1805.9524000000001,1658.9867378213689,1585.8611378213691,1735.6148295840737,1,29,1,84,67
34,30,39,LinearHeuristicAuction,0.05,0.04,,True,,1000,10800,cats_reg_g30b150,,False,CATS,150,regions,MultiMinded,1000,MaxIter,123.64999999999418,1983.6001999999999,1,1564.76,623.41200000000003,983.286,2037.8010568260158,0,7.1042139540102767,1,30,51,92,69
35,30,38,LinearHeuristicAuction,0.05,0.04,,True,,1000,10800,cats_reg_g30b150,,False,CATS,150,regions,MultiMinded,1000,MaxIter,116.29999999998836,2341.4052,6,1755.59,637.298,1813.6552,2322.7358756520348,891.75066755093087,1015.1685808276001,1,29,74,95,68
36,30,33,LinearHeuristicAuction,0.05,0.04,,True,,1000,10800,cats_reg_g30b150,,False,CATS,150,regions,MultiMinded,1000,MaxIter,116.26999999998952,2136.9992,3,1693.26,587.83249999999998,1831.3418,2165.1236137272558,111.38984985341668,152.80377094894618,1,29,69,85,63
37,30,34,LinearHeuristicAuction,0.05,0.04,,True,,1000,10800,cats_reg_g30b150,,False,CATS,150,regions,MultiMinded,1000,MaxIter,114.55000000001746,1991.3467,4,1812.59,701.23299999999995,1695.2167000000002,1956.1659330886448,69.607929183286586,158.07707018884614,1,30,31,80,64
38,30,40,LinearHeuristicAuction,0.05,0.04,,True,,1000,10800,cats_reg_g30b150,,False,CATS,150,regions,MultiMinded,66,Balance,7.100000000005821,2724.0288,6,2153.9,576.38300000000004,2724.0288,2436.9065483426066,2292.8107983426075,2600.9478059840712,1,29,14,86,70
39,30,30,LinearHeuristicAuction,0.05,0.04,,True,,1000,10800,cats_reg_g30b150,,False,CATS,150,regions,MultiMinded,133,Balance,13.799999999988358,1968.0602,3,1918.66,764.726,1933.5459999999998,1923.6175087019283,1808.9086087019282,1892.7326649363656,1,30,40,69,60
40,30,33,LinearHeuristicAuction,0.05,0.04,,True,,1000,10800,cats_reg_g30b150,,False,CATS,150,regions,MultiMinded,53,Balance,5.569999999977881,1942.0583000000001,3,1674.34,688.69799999999998,1942.0583000000001,1887.6977678590724,1784.3930678590725,1854.6938693276743,1,30,10,74,63
41,30,35,LinearHeuristicAuction,0.05,0.04,,True,,1000,10800,cats_reg_g30b150,,False,CATS,150,regions,MultiMinded,119,Balance,12.779999999998836,1877.7214099999999,7,1423.29,646.35299999999995,1831.2470099999998,1833.8508801738915,1665.7348668302513,1752.6242507168627,1,29,74,80,65
42,30,32,LinearHeuristicAuction,0.05,0.04,,True,,1000,10800,cats_reg_g30b150,,False,CATS,150,regions,MultiMinded,86,Balance,9.070000000006985,2111.841,4,1703.5,646.17399999999998,2111.841,2099.5202315394854,1972.7658721950161,2040.4766308104602,1,30,35,75,62
43,30,40,LinearHeuristicAuction,0.05,0.04,,True,,1000,10800,cats_reg_g30b150,,False,CATS,150,regions,MultiMinded,138,Balance,15.589999999996508,2446.7208,6,1927.69,685.90899999999999,2446.7208,2207.6742801214641,2043.0561201214637,2284.6210993491422,1,29,4,87,70
44,30,35,LinearHeuristicAuction,0.05,0.04,,True,,1000,10800,cats_reg_g30b150,,False,CATS,150,regions,MultiMinded,566,Balance,65.48999999999069,1711.1515999999997,8,1299.51,651.40899999999999,1711.1515999999997,1638.5649588486053,1384.5154488486053,1485.5446728278191,1,30,31,89,65
45,30,38,LinearHeuristicAuction,0.05,0.04,,True,,1000,10800,cats_reg_g30b150,,False,CATS,150,regions,MultiMinded,1000,MaxIter,122.69000000000233,2034.5094,3,1828.07,742.07299999999998,1865.0793999999999,2041.1911935036344,0.0,10.711909716656264,1,30,40,95,68
46,30,31,LinearHeuristicAuction,0.05,0.04,,True,,1000,10800,cats_reg_g30b150,,False,CATS,150,regions,MultiMinded,43,Balance,4.440000000002328,2564.0325000000003,4,2373.4,807.26099999999997,2564.0325000000003,2438.8305975600701,2325.8140575600701,2469.6118416807499,1,29,6,68,61
47,30,37,LinearHeuristicAuction,0.05,0.04,,True,,1000,10800,cats_reg_g30b150,,False,CATS,150,regions,MultiMinded,61,Balance,6.290000000008149,2233.1322,7,1669.44,664.97900000000004,2233.1322,1913.803137852497,1746.4174642623632,2099.8494314101481,1,29,21,76,67
48,30,35,LinearHeuristicAuction,0.05,0.04,,True,,1000,10800,cats_reg_g30b150,,False,CATS,150,regions,MultiMinded,132,Balance,14.429999999993015,2069.4358,7,1826.01,556.24350000000004,2069.4358,1929.4628865338861,1738.8617112164757,1907.8466944169581,1,30,20,81,65
49,30,30,LinearHeuristicAuction,0.05,0.04,,True,,1000,10800,cats_reg_g30b150,,False,CATS,150,regions,MultiMinded,65,Balance,6.720000000001164,1979.7895999999998,6,1594.07,673.82600000000002,1979.7895999999998,1885.691058347285,1723.6976822923884,1871.9948745049564,1,30,53,70,60
50,30,33,LinearHeuristicAuction,0.05,0.04,,True,,1000,10800,cats_reg_g30b150,,False,CATS,150,regions,MultiMinded,1000,MaxIter,110.63000000000466,2110.6722999999997,7,1335.35,460.47550000000001,2110.6722999999997,1944.6196310428631,1268.0042751418264,1465.9593981702421,1,29,38,84,63
51,30,37,LinearHeuristicAuction,0.05,0.04,,True,,1000,10800,cats_reg_g30b150,,False,CATS,150,regions,MultiMinded,34,Balance,3.6600000000034925,2245.4244000000003,6,1882.26,597.73699999999997,2245.4244000000003,2182.4959155512379,2033.0616655512374,2123.3767125443369,1,28,29,81,67
52,30,32,LinearHeuristicAuction,0.05,0.04,,True,,1000,10800,cats_reg_g30b150,,False,CATS,150,regions,MultiMinded,118,Balance,11.75999999998021,1756.6213,6,1409.87,556.45500000000004,1756.6213,1671.3420240638306,1509.9700740638305,1605.4424083538888,1,29,15,72,62
53,30,34,LinearHeuristicAuction,0.05,0.04,,True,,1000,10800,cats_reg_g30b150,,False,CATS,150,regions,MultiMinded,51,Balance,5.019999999989523,2325.6629000000003,6,1796.97,570.23000000000002,2248.7839000000004,2072.7723963316466,1935.9171963316462,2200.362338131768,1,29,52,71,64
54,30,37,LinearHeuristicAuction,0.05,0.04,,True,,1000,10800,cats_reg_g30b150,,False,CATS,150,regions,MultiMinded,64,Balance,7.069999999977881,2355.424,6,2152.9,670.553,2355.424,2250.9293840931882,2115.6682970309871,2307.990907706087,1,28,50,85,67
55,30,33,LinearHeuristicAuction,0.05,0.04,,True,,1000,10800,cats_reg_g30b150,,False,CATS,150,regions,MultiMinded,364,Balance,39.31999999997788,2078.1524999999997,10,1352.37,548.28150000000005,2078.1524999999997,2052.4575969508892,1787.6093448575705,1845.3126132680459,1,30,37,82,63
56,30,39,LinearHeuristicAuction,0.05,0.04,,True,,1000,10800,cats_reg_g30b150,,False,CATS,150,regions,MultiMinded,87,Balance,10.10000000000582,1893.3772000000004,9,1498.24,591.42200000000003,1893.3772000000004,1807.9058439456169,1571.3370439456171,1684.3284266479423,1,29,31,86,69
57,30,36,LinearHeuristicAuction,0.05,0.04,,True,,1000,10800,cats_reg_g30b150,,False,CATS,150,regions,MultiMinded,369,Balance,40.539999999979045,1899.5301999999997,8,1604.44,621.16750000000002,1899.5301999999997,1908.0291159153728,1659.5621159153725,1686.754266775949,1,30,9,88,66
58,30,36,LinearHeuristicAuction,0.05,0.04,,True,,1000,10800,cats_reg_g30b150,,False,CATS,150,regions,MultiMinded,290,Balance,35.14999999999418,2429.6093,6,2057.42,832.86300000000006,2429.6093,2329.1973252501884,2120.9815752501886,2240.8736407204847,1,29,44,86,66
59,30,39,LinearHeuristicAuction,0.05,0.04,,True,,1000,10800,cats_reg_g30b150,,False,CATS,150,regions,MultiMinded,1000,MaxIter,121.92999999999302,2064.9126,5,1772.9,622.28800000000001,2023.1066,2014.2196031903022,222.32956437201329,334.35871038225372,1,30,26,94,69
60,30,35,LinearHeuristicAuction,0.05,0.04,,True,,1000,10800,cats_reg_g30b150,,False,CATS,150,regions,MultiMinded,376,Balance,38.39999999999418,1956.0875,3,1842.74,450.80399999999997,1936.1575,1872.9915328761581,1832.4191728761582,1916.1848425281696,1,28,38,79,65
61,30,37,LinearHeuristicAuction,0.05,0.04,,True,,1000,10800,cats_reg_g30b150,,False,CATS,150,regions,MultiMinded,1000,MaxIter,116.95999999999185,1951.6029999999998,8,1560.47,530.9905,1698.5653,1923.0132130017582,867.15437650149784,936.18200614893954,1,30,27,92,67
62,30,34,LinearHeuristicAuction,0.05,0.04,,True,,1000,10800,cats_reg_g30b150,,False,CATS,150,regions,MultiMinded,154,Balance,16.94000000000233,1978.0167,7,1737.89,582.94900000000007,1977.3040999999998,1863.7581298793418,1665.5554698793424,1809.1337732833349,1,30,38,75,64
63,30,30,LinearHeuristicAuction,0.05,0.04,,True,,1000,10800,cats_reg_g30b150,,False,CATS,150,regions,MultiMinded,96,Balance,9.790000000008149,2547.4234,5,1821.34,869.476,2547.4234,2462.19574292363,2280.98666635564,2426.7735844779022,1,30,43,72,60
64,30,34,LinearHeuristicAuction,0.05,0.04,,True,,1000,10800,cats_reg_g30b150,,False,CATS,150,regions,MultiMinded,82,Balance,8.760000000009313,2427.9729,8,1844.14,792.92899999999997,2427.9729,2292.4566124395942,1998.035476504888,2197.7249329079759,1,30,32,76,64
65,30,36,LinearHeuristicAuction,0.05,0.04,,True,,1000,10800,cats_reg_g30b150,,False,CATS,150,regions,MultiMinded,1000,MaxIter,115.69000000000233,2209.3287,5,1779.98,732.52250000000004,1623.2435,2155.5837478760704,92.850133216418385,216.22115341480841,1,29,31,85,66
66,30,30,LinearHeuristicAuction,0.05,0.04,,True,,1000,10800,cats_reg_g30b150,,False,CATS,150,regions,MultiMinded,52,Balance,5.370000000024447,2387.3904,2,2290.03,553.03500000000008,2387.3904,2324.1572220505059,2274.3840720505059,2351.6615602318807,1,29,27,66,60
67,30,41,LinearHeuristicAuction,0.05,0.04,,True,,1000,10800,cats_reg_g30b150,,False,CATS,150,regions,MultiMinded,1000,MaxIter,108.48999999999069,2130.5865999999996,9,1569.3,447.20299999999997,2057.3219000000004,2011.0311916251051,1585.8091391196288,1763.666981180219,1,29,14,96,71
68,30,34,LinearHeuristicAuction,0.05,0.04,,True,,1000,10800,cats_reg_g30b150,,False,CATS,150,regions,MultiMinded,100,Balance,10.269999999989523,1871.0335999999998,7,1491.62,623.48450000000003,1804.1255,1776.8448272774413,1567.9502447632829,1640.0083358318832,1,30,24,78,64
69,30,34,LinearHeuristicAuction,0.05,0.04,,True,,1000,10800,cats_reg_g30b150,,False,CATS,150,regions,MultiMinded,70,Balance,7.970000000001164,2248.1536,8,1918.69,909.28949999999998,2248.1536,2263.4784465871085,1908.8555415871085,2001.5202734456882,1,29,46,74,64
70,30,32,LinearHeuristicAuction,0.05,0.04,,True,,1000,10800,cats_reg_g30b150,,False,CATS,150,regions,MultiMinded,106,Balance,11.339999999996508,2074.3614,4,1794.89,671.03600000000006,1998.6884,1929.1103255752394,1823.5353159305478,1939.3002043670595,1,30,45,70,62
71,30,30,LinearHeuristicAuction,0.05,0.04,,True,,1000,10800,cats_reg_g30b150,,False,CATS,150,regions,MultiMinded,1000,MaxIter,115.16000000000349,2107.4125,6,1919.92,672.68100000000004,1660.268,2118.1839839171639,845.17150830441517,896.50770430107582,1,29,33,77,60
72,30,35,LinearHeuristicAuction,0.05,0.04,,True,,1000,10800,cats_reg_g30b150,,False,CATS,150,regions,MultiMinded,65,Balance,6.629999999975553,1946.4843000000003,8,1216.53,554.09649999999999,1917.7996999999998,1797.47326383367,1603.5394888336698,1781.7672968921647,1,29,20,74,65
73,30,35,LinearHeuristicAuction,0.05,0.04,,True,,1000,10800,cats_reg_g30b150,,False,CATS,150,regions,MultiMinded,1000,MaxIter,104.97000000000116,1852.6272999999999,10,1445.38,663.03899999999999,1686.876,1787.6237470822668,406.08673411492754,598.71167826903047,1,30,61,83,65
74,30,31,LinearHeuristicAuction,0.05,0.04,,True,,1000,10800,cats_reg_g30b150,,False,CATS,150,regions,MultiMinded,140,Balance,15.169999999983702,2020.0417,6,1744.34,781.83899999999994,2020.0417,1989.5085680695822,1754.9568680695822,1855.3212729862917,1,30,36,69,61
75,30,39,LinearHeuristicAuction,0.05,0.04,,True,,1000,10800,cats_reg_g30b150,,False,CATS,150,regions,MultiMinded,1000,MaxIter,116.89999999999418,2549.9302,4,1890.83,637.39099999999996,1436.0946,2483.8002010440373,27.68282013061803,163.7214704472012,1,30,34,94,69
76,30,36,LinearHeuristicAuction,0.05,0.04,,True,,1000,10800,cats_reg_g30b150,,False,CATS,150,regions,MultiMinded,1000,MaxIter,111.92999999999302,1970.4382,2,1633.82,405.01099999999997,1741.397,2014.1788298748488,54.345975092597655,87.889451471810915,1,30,60,82,66
77,30,34,LinearHeuristicAuction,0.05,0.04,,True,,1000,10800,cats_reg_g30b150,,False,CATS,150,regions,MultiMinded,112,Balance,13.220000000001164,1646.3148,2,1576.38,831.28949999999998,1646.3148,1675.4060192381182,1592.2770692381184,1592.2770692381184,1,30,28,76,64
78,30,34,LinearHeuristicAuction,0.05,0.04,,True,,1000,10800,cats_reg_g30b150,,False,CATS,150,regions,MultiMinded,1000,MaxIter,112.68000000002212,2412.1546,3,1881.66,768.41550000000007,1755.1871,2304.2426320389964,63.118015185967948,132.82375537694446,1,29,43,81,64
79,30,29,LinearHeuristicAuction,0.05,0.04,,True,,1000,10800,cats_reg_g30b150,,False,CATS,150,regions,MultiMinded,234,Balance,25.95999999999185,2267.359,5,2060.3,919.01300000000003,2255.609,2257.2938956586017,2027.5406456586018,2097.0541261533222,1,30,51,77,59
80,30,37,LinearHeuristicAuction,0.05,0.04,,True,,1000,10800,cats_reg_g30b150,,False,CATS,150,regions,MultiMinded,1000,MaxIter,116.91000000000349,2112.5864,9,1592.54,576.49599999999998,1990.7174,2014.1317667299052,1165.0862312520935,1253.3012680077557,1,29,47,87,67
81,30,33,LinearHeuristicAuction,0.05,0.04,,True,,1000,10800,cats_reg_g30b150,,False,CATS,150,regions,MultiMinded,65,Balance,7.119999999995343,1652.215,4,1316.69,725.81600000000003,1652.215,1629.3633304552632,1484.2001304552634,1547.2615284246549,1,30,35,71,63
82,30,35,LinearHeuristicAuction,0.05,0.04,,True,,1000,10800,cats_reg_g30b150,,False,CATS,150,regions,MultiMinded,1000,MaxIter,120.33999999999651,2109.0315,3,1900.31,619.13249999999994,1958.3414,2169.3132446131508,0.0,28.769176792757193,1,30,29,90,65
83,30,32,LinearHeuristicAuction,0.05,0.04,,True,,1000,10800,cats_reg_g30b150,,False,CATS,150,regions,MultiMinded,77,Balance,8.519999999989523,2576.43019,7,2027.96,1059.6700000000001,2576.43019,2598.1134472861254,2240.6658828189147,2311.7413278059867,1,30,34,73,62
84,30,34,LinearHeuristicAuction,0.05,0.04,,True,,1000,10800,cats_reg_g30b150,,False,CATS,150,regions,MultiMinded,1000,MaxIter,108.48999999999069,1983.6759000000002,3,1485.27,650.14099999999996,1622.8608,1924.8476124223268,14.516014918713417,137.61551514401407,1,30,31,85,64
85,30,33,LinearHeuristicAuction,0.05,0.04,,True,,1000,10800,cats_reg_g30b150,,False,CATS,150,regions,MultiMinded,45,Balance,4.559999999997672,1650.3177,5,1136.81,534.83399999999995,1650.3177,1592.0615325512426,1463.7013725512425,1555.8583162708633,1,30,18,72,63
86,30,37,LinearHeuristicAuction,0.05,0.04,,True,,1000,10800,cats_reg_g30b150,,False,CATS,150,regions,MultiMinded,46,Balance,4.820000000006985,2073.2363,5,1605.13,504.47649999999999,2073.2363,1962.3851013849376,1841.3107413849373,1973.6810710890436,1,30,6,75,67
87,30,34,LinearHeuristicAuction,0.05,0.04,,True,,1000,10800,cats_reg_g30b150,,False,CATS,150,regions,MultiMinded,1000,MaxIter,108.58999999999651,2161.5317,8,1611.82,461.19499999999999,1957.6967,2067.0618106727293,1353.8659181992057,1520.3574212879735,1,29,48,84,64
88,30,35,LinearHeuristicAuction,0.05,0.04,,True,,1000,10800,cats_reg_g30b150,,False,CATS,150,regions,MultiMinded,1000,MaxIter,117.10999999998603,1960.6723,6,1579.4,529.16499999999996,1921.4421000000002,1930.7461801771499,1409.1878996098669,1459.6603915580163,1,30,40,84,65
89,30,40,LinearHeuristicAuction,0.05,0.04,,True,,1000,10800,cats_reg_g30b150,,False,CATS,150,regions,MultiMinded,60,Balance,6.440000000002328,2103.4608,12,1324.86,455.78500000000003,2103.4608,1804.6732162156668,1599.5699662156665,1936.575155446639,1,27,14,83,70
90,30,36,LinearHeuristicAuction,0.05,0.04,,True,,1000,10800,cats_reg_g30b150,,False,CATS,150,regions,MultiMinded,120,Balance,12.559999999997672,2252.2093,7,1749.09,686.99800000000005,2252.2093,2139.9804312270498,1948.5678682148234,2089.4592811435587,1,29,21,84,66
91,30,37,LinearHeuristicAuction,0.05,0.04,,True,,1000,10800,cats_reg_g30b150,,False,CATS,150,regions,MultiMinded,92,Balance,9.329999999987194,2533.4677,9,1557.05,605.50300000000004,2524.7637,2194.3851603019448,1970.3490503019452,2317.230896539756,1,29,11,77,67
92,30,37,LinearHeuristicAuction,0.05,0.04,,True,,1000,10800,cats_reg_g30b150,,False,CATS,150,regions,MultiMinded,240,Balance,25.64999999999418,2087.0795,9,1557.29,467.12700000000001,2087.0795,1979.6136079848072,1774.0777279848073,1907.7163477545168,1,30,47,84,67
93,30,34,LinearHeuristicAuction,0.05,0.04,,True,,1000,10800,cats_reg_g30b150,,False,CATS,150,regions,MultiMinded,28,Balance,2.6600000000034925,2220.4165999999996,8,1477.09,531.97949999999992,2187.6236,2040.0057210427087,1837.8535110427088,2045.2888901526865,1,30,34,73,64
94,30,33,LinearHeuristicAuction,0.05,0.04,,True,,1000,10800,cats_reg_g30b150,,False,CATS,150,regions,MultiMinded,1000,MaxIter,109.00999999998021,2089.1439,7,1850.23,583.02999999999997,1989.02329,1964.3675745155815,1402.7486016012631,1577.0276126217398,1,28,22,82,63
95,30,36,LinearHeuristicAuction,0.05,0.04,,True,,1000,10800,cats_reg_g30b150,,False,CATS,150,regions,MultiMinded,1000,MaxIter,115.04999999998836,2218.1557,8,1747.55,732.99250000000006,1993.3007,2186.9919488457076,1359.0337573601819,1414.5720416560439,1,30,57,89,66
96,30,33,LinearHeuristicAuction,0.05,0.04,,True,,1000,10800,cats_reg_g30b150,,False,CATS,150,regions,MultiMinded,1000,MaxIter,113.88999999998487,1873.9284000000002,3,1690.89,555.43200000000002,1776.7838,1917.0872635990515,538.61547436147191,575.73912591890928,1,29,69,81,63
97,30,37,LinearHeuristicAuction,0.05,0.04,,True,,1000,10800,cats_reg_g30b150,,False,CATS,150,regions,MultiMinded,90,Balance,9.809999999997672,1853.4531000000002,10,1334.16,635.36699999999996,1849.0271000000002,1823.3548711900576,1543.7933911900573,1635.451700546532,1,28,15,84,67
98,30,36,LinearHeuristicAuction,0.05,0.04,,True,,1000,10800,cats_reg_g30b150,,False,CATS,150,regions,MultiMinded,66,Balance,7.289999999979045,2779.0163,8,2131.76,620.35799999999995,2779.0163,2706.6739251210279,2464.7343051210282,2598.877503315467,1,30,34,79,66
99,30,37,LinearHeuristicAuction,0.05,0.04,,True,,1000,10800,cats_reg_g30b150,,False,CATS,150,regions,MultiMinded,1000,MaxIter,107.35999999998603,2286.8288000000002,2,1573.72,543.00099999999998,1223.2448,2288.0654520315252,0.0,74.892808230184414,1,28,51,83,67
100,30,32,LinearHeuristicAuction,0.05,0.04,,True,,1000,10800,cats_reg_g30b150,,False,CATS,150,regions,MultiMinded,134,Balance,14.410000000003492,1906.0085,9,1496.95,591.39400000000001,1906.0085,1772.0621965271393,1505.9348965271392,1718.2537550836669,1,30,105,79,62
