idx,items,agents,auction_class,epsilon,stepc,epoch,scalebyvalue,reserve_type,maxiter,maxtime,generator_param_name,personalized,int_prices,generator,bids,distribution,type,rounds,status,runtime,efficient_value,final_num_winners,final_max_agent_value,final_scalevalue,final_value,final_total_price,final_revenue,final_indirect_util,final_price_degree,final_price_sparsity,final_imbalance,final_wd_nvars,final_wd_ncons
1,10,17,LinearHeuristicAuction,0.2,0.08,,True,,1000,10800,cats_reg_g10b50,,False,CATS,50,regions,MultiMinded,36,Balance,1.25,681.0817,3,513.163,288.52699999999999,663.8767,717.73806559375839,544.62186559375846,549.53401087222198,1,10,8,38,27
2,10,19,LinearHeuristicAuction,0.2,0.08,,True,,1000,10800,cats_reg_g10b50,,False,CATS,50,regions,MultiMinded,23,Balance,0.8500000000058208,734.1289999999999,3,640.313,226.71899999999999,734.1289999999999,744.753713559728,608.72231355972792,666.48813293655553,1,10,16,39,29
3,10,17,LinearHeuristicAuction,0.2,0.08,,True,,1000,10800,cats_reg_g10b50,,False,CATS,50,regions,MultiMinded,21,Balance,0.7100000000209548,804.4359999999999,3,797.452,310.25200000000001,773.636,820.39452205910425,634.24332205910423,698.61599695187397,1,10,26,38,27
4,10,14,LinearHeuristicAuction,0.2,0.08,,True,,1000,10800,cats_reg_g10b50,,False,CATS,50,regions,MultiMinded,14,Balance,0.4400000000023283,574.909,2,568.922,272.93700000000001,574.909,626.99269606795997,517.81789606795985,529.9450609812061,1,10,8,30,24
5,10,21,LinearHeuristicAuction,0.2,0.08,,True,,1000,10800,cats_reg_g10b50,,False,CATS,50,regions,MultiMinded,32,Balance,1.2300000000104774,650.6363,2,619.701,342.60149999999999,650.6363,708.96786081228299,608.32115071372414,633.49279194006613,1,10,18,42,31
6,10,17,LinearHeuristicAuction,0.2,0.08,,True,,1000,10800,cats_reg_g10b50,,False,CATS,50,regions,MultiMinded,45,Balance,1.6000000000058208,834.2848,1,784.19,470.66899999999998,784.19,849.47723945247287,755.34343945247292,831.81044757114819,1,10,29,36,27
7,10,21,LinearHeuristicAuction,0.2,0.08,,True,,1000,10800,cats_reg_g10b50,,False,CATS,50,regions,MultiMinded,58,Balance,2.3000000000174623,854.667,4,696.341,343.76999999999998,809.1469999999999,874.43601491756749,599.4200149175673,619.96050584309273,1,10,14,46,31
8,10,18,LinearHeuristicAuction,0.2,0.08,,True,,1000,10800,cats_reg_g10b50,,False,CATS,50,regions,MultiMinded,85,Balance,3.10999999998603,663.572,4,592.441,275.35000000000002,615.9541,654.96810371069807,434.68810371069804,453.17840391182119,1,10,12,39,28
9,10,18,LinearHeuristicAuction,0.2,0.08,,True,,1000,10800,cats_reg_g10b50,,False,CATS,50,regions,MultiMinded,23,Balance,0.8099999999976717,724.6032999999999,4,611.583,280.12,724.6032999999999,710.10376266540732,486.00776266540731,516.23874696302323,1,10,8,37,28
10,10,23,LinearHeuristicAuction,0.2,0.08,,True,,1000,10800,cats_reg_g10b50,,False,CATS,50,regions,MultiMinded,46,Balance,1.9200000000128057,946.3547,4,784.828,433.57950000000005,946.3547,987.87446675709668,719.56629687196391,759.30003525740744,1,10,4,48,33
11,10,16,LinearHeuristicAuction,0.2,0.08,,True,,1000,10800,cats_reg_g10b50,,False,CATS,50,regions,MultiMinded,41,Balance,1.429999999993015,724.662,1,724.662,403.49950000000001,724.662,703.22025616948383,622.52035616948388,691.78300255166914,1,10,38,36,26
12,10,16,LinearHeuristicAuction,0.2,0.08,,True,,1000,10800,cats_reg_g10b50,,False,CATS,50,regions,MultiMinded,33,Balance,1.110000000015134,522.114,1,522.114,283.13549999999998,460.909,507.15823464378144,450.53113464378146,491.83625751154494,1,10,39,40,26
13,10,17,LinearHeuristicAuction,0.2,0.08,,True,,1000,10800,cats_reg_g10b50,,False,CATS,50,regions,MultiMinded,21,Balance,0.7300000000104774,778.1078,2,718.401,353.04300000000001,778.1078,818.03399574638627,690.9385157463862,694.49530762446398,1,10,10,34,27
14,10,17,LinearHeuristicAuction,0.2,0.08,,True,,1000,10800,cats_reg_g10b50,,False,CATS,50,regions,MultiMinded,24,Balance,0.8299999999871943,588.9796,2,575.883,307.69200000000001,588.9796,644.39412368591104,575.58853423374353,581.41794478157601,1,10,9,34,27
15,10,17,LinearHeuristicAuction,0.2,0.08,,True,,1000,10800,cats_reg_g10b50,,False,CATS,50,regions,MultiMinded,32,Balance,1.1700000000128057,634.994,1,600.13,422.91899999999998,600.13,674.63514842499035,590.05134842499035,652.41577666542003,1,10,25,34,27
16,10,26,LinearHeuristicAuction,0.2,0.08,,True,,1000,10800,cats_reg_g10b50,,False,CATS,50,regions,MultiMinded,64,Balance,2.7699999999895226,519.6692,3,485.933,278.584,494.4575,537.20982035740553,377.04570345331319,393.62543879330332,1,10,8,53,36
17,10,16,LinearHeuristicAuction,0.2,0.08,,True,,1000,10800,cats_reg_g10b50,,False,CATS,50,regions,MultiMinded,15,Balance,0.5299999999988358,910.0260000000001,3,815.656,322.738,910.0260000000001,917.62201642161722,723.97921642161725,778.59246571829328,1,10,13,33,26
18,10,18,LinearHeuristicAuction,0.2,0.08,,True,,1000,10800,cats_reg_g10b50,,False,CATS,50,regions,MultiMinded,26,Balance,0.9200000000128057,982.461,2,932.103,367.83500000000004,982.461,1001.4468642333209,854.31286423332085,936.8841950920106,1,10,31,38,28
19,10,19,LinearHeuristicAuction,0.2,0.08,,True,,1000,10800,cats_reg_g10b50,,False,CATS,50,regions,MultiMinded,61,Balance,2.330000000016298,903.4849999999999,2,826.774,559.33850000000007,903.4849999999999,919.91159117734765,696.17619117734762,806.81218913564339,1,10,20,42,29
20,10,21,LinearHeuristicAuction,0.2,0.08,,True,,1000,10800,cats_reg_g10b50,,False,CATS,50,regions,MultiMinded,1000,MaxIter,39.44999999998254,780.3014999999999,5,637.779,268.37200000000001,712.5854,722.88308535339638,289.70588445791844,360.59036445791844,1,10,14,45,31
21,10,17,LinearHeuristicAuction,0.2,0.08,,True,,1000,10800,cats_reg_g10b50,,False,CATS,50,regions,MultiMinded,25,Balance,0.8800000000046566,869.309,3,770.684,361.69299999999998,869.309,861.24393454781182,644.22813454781169,666.85229665282736,1,10,4,37,27
22,10,16,LinearHeuristicAuction,0.2,0.08,,True,,1000,10800,cats_reg_g10b50,,False,CATS,50,regions,MultiMinded,1000,MaxIter,36.76999999998952,827.155,3,792.758,416.87799999999999,682.7562,912.39964041891892,445.95081362753734,456.46646009470396,1,10,12,36,26
23,10,21,LinearHeuristicAuction,0.2,0.08,,True,,1000,10800,cats_reg_g10b50,,False,CATS,50,regions,MultiMinded,29,Balance,1.0599999999976717,926.9879999999999,5,813.726,269.07900000000001,897.2155,934.81838992688154,665.73938992688147,706.11651229385097,1,10,8,46,31
24,10,23,LinearHeuristicAuction,0.2,0.08,,True,,1000,10800,cats_reg_g10b50,,False,CATS,50,regions,MultiMinded,40,Balance,1.570000000006985,822.2049999999999,4,635.81,377.13200000000001,822.2049999999999,853.79416005061819,552.0885600506183,591.21909448837323,1,10,10,48,33
25,10,22,LinearHeuristicAuction,0.2,0.08,,True,,1000,10800,cats_reg_g10b50,,False,CATS,50,regions,MultiMinded,35,Balance,1.3099999999976717,534.8185,2,446.519,197.68200000000002,534.8185,529.22197751587782,450.14917751587774,510.83080879407771,1,10,20,44,32
26,10,17,LinearHeuristicAuction,0.2,0.08,,True,,1000,10800,cats_reg_g10b50,,False,CATS,50,regions,MultiMinded,29,Balance,1.0299999999988358,716.487,1,716.487,299.23599999999999,687.81,721.99668827814423,662.14948827814419,662.14948827814419,1,10,10,35,27
27,10,17,LinearHeuristicAuction,0.2,0.08,,True,,1000,10800,cats_reg_g10b50,,False,CATS,50,regions,MultiMinded,37,Balance,1.290000000008149,811.1127,4,667.768,330.15700000000004,778.0657000000001,838.55726620069856,606.02227805179666,615.15461997216357,1,10,7,37,27
28,10,18,LinearHeuristicAuction,0.2,0.08,,True,,1000,10800,cats_reg_g10b50,,False,CATS,50,regions,MultiMinded,40,Balance,1.4200000000128057,818.682,1,802.322,385.84800000000001,802.322,872.45512011374115,795.28552011374109,811.8624764287224,1,10,20,40,28
29,10,20,LinearHeuristicAuction,0.2,0.08,,True,,1000,10800,cats_reg_g10b50,,False,CATS,50,regions,MultiMinded,48,Balance,1.8099999999976717,767.6940999999999,2,746.709,446.00549999999998,700.6921,773.83336877540705,623.4209414939312,663.42054621483419,1,10,14,41,30
30,10,18,LinearHeuristicAuction,0.2,0.08,,True,,1000,10800,cats_reg_g10b50,,False,CATS,50,regions,MultiMinded,41,Balance,1.5,794.5821000000001,3,739.446,385.6635,792.0011000000001,838.6539240447654,634.9530385431691,678.36389696593938,1,10,25,40,28
31,10,21,LinearHeuristicAuction,0.2,0.08,,True,,1000,10800,cats_reg_g10b50,,False,CATS,50,regions,MultiMinded,42,Balance,1.5800000000162981,818.388,2,733.06,325.495,813.5073,808.7256264356713,678.52762643567121,734.55365439139666,1,10,20,43,31
32,10,20,LinearHeuristicAuction,0.2,0.08,,True,,1000,10800,cats_reg_g10b50,,False,CATS,50,regions,MultiMinded,28,Balance,1.0599999999976717,637.3713,4,533.498,304.15100000000001,636.0468,685.71925597460063,462.41181669719549,493.18383574468675,1,10,15,42,30
33,10,16,LinearHeuristicAuction,0.2,0.08,,True,,1000,10800,cats_reg_g10b50,,False,CATS,50,regions,MultiMinded,20,Balance,0.6799999999930151,560.5032,2,498.34,219.72300000000001,560.5032,528.06411661028801,444.82069998941734,477.25978337912926,1,10,0,33,26
34,10,20,LinearHeuristicAuction,0.2,0.08,,True,,1000,10800,cats_reg_g10b50,,False,CATS,50,regions,MultiMinded,47,Balance,1.7799999999988358,726.3012,2,568.454,249.64099999999999,663.586,693.02419169539166,593.16779169539154,629.75321205232467,1,10,20,43,30
35,10,27,LinearHeuristicAuction,0.2,0.08,,True,,1000,10800,cats_reg_g10b50,,False,CATS,50,regions,MultiMinded,71,Balance,3.179999999993015,858.175,2,722.988,380.87900000000002,858.175,846.13683511046986,693.7852351104699,719.41046210296713,1,10,4,54,37
36,10,17,LinearHeuristicAuction,0.2,0.08,,True,,1000,10800,cats_reg_g10b50,,False,CATS,50,regions,MultiMinded,29,Balance,1.0500000000174623,716.498,1,716.498,379.51999999999998,716.498,785.71941591500672,709.81541591500672,721.29869796188746,1,10,12,36,27
37,10,20,LinearHeuristicAuction,0.2,0.08,,True,,1000,10800,cats_reg_g10b50,,False,CATS,50,regions,MultiMinded,31,Balance,1.1600000000034925,824.835,3,630.222,329.92600000000004,824.835,870.29146940244539,672.33586940244538,683.80860192876207,1,10,5,41,30
38,10,18,LinearHeuristicAuction,0.2,0.08,,True,,1000,10800,cats_reg_g10b50,,False,CATS,50,regions,MultiMinded,37,Balance,1.3999999999941792,825.56,3,825.56,471.01400000000001,819.1825,831.8069090272694,551.80689628698144,589.62846938148857,1,10,8,39,28
39,10,25,LinearHeuristicAuction,0.2,0.08,,True,,1000,10800,cats_reg_g10b50,,False,CATS,50,regions,MultiMinded,21,Balance,0.8399999999965075,948.5501,5,753.385,196.10050000000001,948.5501,931.16445916504983,735.06395916504982,775.39027070610416,1,10,4,49,35
40,10,22,LinearHeuristicAuction,0.2,0.08,,True,,1000,10800,cats_reg_g10b50,,False,CATS,50,regions,MultiMinded,181,Balance,7.400000000023283,694.64,2,671.57,320.48500000000001,694.64,723.38333515055274,595.18933515055278,629.60766017882588,1,10,18,48,32
41,10,18,LinearHeuristicAuction,0.2,0.08,,True,,1000,10800,cats_reg_g10b50,,False,CATS,50,regions,MultiMinded,28,Balance,0.9899999999906868,919.5834,3,833.068,428.51799999999997,919.5834,979.82966733355454,761.79692995455798,776.86853363412774,1,10,10,37,28
42,10,21,LinearHeuristicAuction,0.2,0.08,,True,,1000,10800,cats_reg_g10b50,,False,CATS,50,regions,MultiMinded,88,Balance,3.5,722.396,1,722.396,339.44,722.396,720.52291325694205,652.63491325694201,656.12383682745792,1,10,9,44,31
43,10,20,LinearHeuristicAuction,0.2,0.08,,True,,1000,10800,cats_reg_g10b50,,False,CATS,50,regions,MultiMinded,17,Balance,0.6199999999953434,820.8240000000001,2,681.374,265.63999999999999,820.8240000000001,835.51793665244702,729.26193665244693,760.93139931705412,1,10,12,40,30
44,10,19,LinearHeuristicAuction,0.2,0.08,,True,,1000,10800,cats_reg_g10b50,,False,CATS,50,regions,MultiMinded,1000,MaxIter,36.98999999999069,607.363,1,484.926,277.04599999999999,462.233,651.01578620214832,0,5.0834592301770272,1,10,34,41,29
45,10,20,LinearHeuristicAuction,0.2,0.08,,True,,1000,10800,cats_reg_g10b50,,False,CATS,50,regions,MultiMinded,22,Balance,0.8099999999976717,687.7891,5,510.577,285.93000000000001,687.7891,729.1495025697875,492.16886428720306,505.17072643503218,1,10,9,41,30
46,10,19,LinearHeuristicAuction,0.2,0.08,,True,,1000,10800,cats_reg_g10b50,,False,CATS,50,regions,MultiMinded,28,Balance,1.070000000006985,810.368,2,810.368,345.00850000000003,808.7297,862.81199358063088,724.80859358063083,727.94917676001432,1,10,1,40,29
47,10,18,LinearHeuristicAuction,0.2,0.08,,True,,1000,10800,cats_reg_g10b50,,False,CATS,50,regions,MultiMinded,34,Balance,1.2299999999813735,759.477,1,738.963,363.25599999999997,738.963,811.29834287470658,738.64714287470656,752.41787237353878,1,10,16,38,28
48,10,29,LinearHeuristicAuction,0.2,0.08,,True,,1000,10800,cats_reg_g10b50,,False,CATS,50,regions,MultiMinded,81,Balance,3.779999999998836,726.774,4,661.833,328.96899999999999,689.6066,724.54716133427917,507.5256003401438,519.34206406184285,1,10,4,60,39
49,10,23,LinearHeuristicAuction,0.2,0.08,,True,,1000,10800,cats_reg_g10b50,,False,CATS,50,regions,MultiMinded,23,Balance,0.8999999999941792,587.5914,5,462.576,216.20049999999998,577.4804999999999,617.61673000138364,408.44759317729614,428.01990272814163,1,10,6,48,33
50,10,17,LinearHeuristicAuction,0.2,0.08,,True,,1000,10800,cats_reg_g10b50,,False,CATS,50,regions,MultiMinded,21,Balance,0.7399999999906868,945.836,4,681.012,323.851,945.836,1004.4171102585359,745.33631025853595,754.07470313941405,1,10,9,35,27
51,10,25,LinearHeuristicAuction,0.2,0.08,,True,,1000,10800,cats_reg_g10b50,,False,CATS,50,regions,MultiMinded,44,Balance,1.889999999984866,831.2631000000001,3,644.905,285.66050000000001,831.2631000000001,873.88020271141863,702.48390271141852,711.28757576849125,1,10,3,51,35
52,10,19,LinearHeuristicAuction,0.2,0.08,,True,,1000,10800,cats_reg_g10b50,,False,CATS,50,regions,MultiMinded,30,Balance,1.1000000000058208,608.391,1,608.391,276.31299999999999,576.268,623.52099266115408,568.25839266115406,568.25839266115406,1,10,10,39,29
53,10,21,LinearHeuristicAuction,0.2,0.08,,True,,1000,10800,cats_reg_g10b50,,False,CATS,50,regions,MultiMinded,53,Balance,2.029999999998836,623.5598,4,612.518,167.23250000000002,623.5598,643.85084645838822,510.06484645838816,511.99712243344629,1,10,16,45,31
54,10,20,LinearHeuristicAuction,0.2,0.08,,True,,1000,10800,cats_reg_g10b50,,False,CATS,50,regions,MultiMinded,39,Balance,1.4499999999825377,1040.322,4,967.436,414.12850000000003,967.959,1031.1474388026734,699.84463880267333,766.74918874604316,1,10,21,45,30
55,10,17,LinearHeuristicAuction,0.2,0.08,,True,,1000,10800,cats_reg_g10b50,,False,CATS,50,regions,MultiMinded,11,Balance,0.3699999999953434,1001.244,2,739.168,309.35699999999997,1001.244,992.51407546473115,868.77127546473116,919.67765128904659,1,10,4,34,27
56,10,17,LinearHeuristicAuction,0.2,0.08,,True,,1000,10800,cats_reg_g10b50,,False,CATS,50,regions,MultiMinded,35,Balance,1.25,674.3464,2,592.43,348.80000000000001,641.1755,690.93871076166977,551.41871076166979,592.65324209437335,1,10,22,36,27
57,10,20,LinearHeuristicAuction,0.2,0.08,,True,,1000,10800,cats_reg_g10b50,,False,CATS,50,regions,MultiMinded,37,Balance,1.3399999999965075,783.158,3,568.928,268.62299999999999,783.158,775.18512684375082,614.01132684375091,636.68315872098196,1,10,8,42,30
58,10,21,LinearHeuristicAuction,0.2,0.08,,True,,1000,10800,cats_reg_g10b50,,False,CATS,50,regions,MultiMinded,50,Balance,1.9799999999813735,871.9079999999999,2,791.212,427.88200000000001,808.0441,864.83607968920012,737.65096381952469,774.58972559761798,1,10,26,43,31
59,10,28,LinearHeuristicAuction,0.2,0.08,,True,,1000,10800,cats_reg_g10b50,,False,CATS,50,regions,MultiMinded,100,Balance,4.5899999999965075,875.1772,3,803.796,406.47899999999998,875.1772,853.45464142297669,612.66477481695949,653.20111075300304,1,10,8,59,38
60,10,22,LinearHeuristicAuction,0.2,0.08,,True,,1000,10800,cats_reg_g10b50,,False,CATS,50,regions,MultiMinded,47,Balance,1.8699999999953434,716.1357,3,662.173,358.10899999999998,716.1357,769.4640131530773,560.53195733739199,584.05105385586057,1,10,10,46,32
61,10,19,LinearHeuristicAuction,0.2,0.08,,True,,1000,10800,cats_reg_g10b50,,False,CATS,50,regions,MultiMinded,35,Balance,1.2899999999790452,756.948,3,553.212,307.67700000000002,756.948,729.22188699531011,544.61568699531017,608.64927157690227,1,10,11,42,29
62,10,20,LinearHeuristicAuction,0.2,0.08,,True,,1000,10800,cats_reg_g10b50,,False,CATS,50,regions,MultiMinded,23,Balance,0.8299999999871943,962.414,3,839.979,365.63299999999998,962.414,954.98068487706041,735.60088487706048,750.80684366066816,1,10,13,40,30
63,10,20,LinearHeuristicAuction,0.2,0.08,,True,,1000,10800,cats_reg_g10b50,,False,CATS,50,regions,MultiMinded,25,Balance,0.9700000000011642,966.8963000000001,4,783.33,502.36099999999999,966.8963000000001,989.37356808800678,732.58711530017479,795.24555586967517,1,10,5,41,30
64,10,24,LinearHeuristicAuction,0.2,0.08,,True,,1000,10800,cats_reg_g10b50,,False,CATS,50,regions,MultiMinded,30,Balance,1.1900000000023283,784.4846,2,723.45,238.8545,784.4846,821.28111100408273,725.73931100408277,748.98141520916261,1,10,17,48,34
65,10,18,LinearHeuristicAuction,0.2,0.08,,True,,1000,10800,cats_reg_g10b50,,False,CATS,50,regions,MultiMinded,42,Balance,1.4799999999813735,863.3610000000001,3,758.102,337.34500000000003,856.6320000000001,856.99510869420783,654.5881086942079,673.38018306729748,1,10,9,38,28
66,10,18,LinearHeuristicAuction,0.2,0.08,,True,,1000,10800,cats_reg_g10b50,,False,CATS,50,regions,MultiMinded,68,Balance,2.4899999999906868,852.079,3,807.329,372.65700000000004,849.658,819.73499344497418,596.14079344497418,634.34774402967707,1,10,11,36,28
67,10,27,LinearHeuristicAuction,0.2,0.08,,True,,1000,10800,cats_reg_g10b50,,False,CATS,50,regions,MultiMinded,40,Balance,1.7699999999895226,860.8598,2,789.183,223.39999999999998,860.8598,853.72858160956639,764.36858160956649,782.56456938882354,1,10,8,54,37
68,10,20,LinearHeuristicAuction,0.2,0.08,,True,,1000,10800,cats_reg_g10b50,,False,CATS,50,regions,MultiMinded,30,Balance,1.1199999999953434,535.1916,4,486.692,201.834,535.1916,596.07729235717522,453.00624730059076,454.71680174452916,1,10,8,41,30
69,10,20,LinearHeuristicAuction,0.2,0.08,,True,,1000,10800,cats_reg_g10b50,,False,CATS,50,regions,MultiMinded,43,Balance,1.6900000000023283,550.5322,3,423.552,212.09399999999999,550.5322,532.3215888283612,405.06518882836122,426.13547352242676,1,10,2,42,30
70,10,18,LinearHeuristicAuction,0.2,0.08,,True,,1000,10800,cats_reg_g10b50,,False,CATS,50,regions,MultiMinded,1000,MaxIter,36.30999999999767,965.81,3,780.078,273.52800000000002,554.255,903.95232081902509,184.79895434276116,286.25899336039487,1,10,13,38,28
71,10,17,LinearHeuristicAuction,0.2,0.08,,True,,1000,10800,cats_reg_g10b50,,False,CATS,50,regions,MultiMinded,18,Balance,0.610000000015134,745.048,1,745.048,330.73000000000002,745.048,796.55086259302584,730.40486259302588,782.28478493366504,1,10,20,37,27
72,10,23,LinearHeuristicAuction,0.2,0.08,,True,,1000,10800,cats_reg_g10b50,,False,CATS,50,regions,MultiMinded,31,Balance,1.2000000000116415,619.2275000000001,7,497.631,317.09799999999996,619.2275000000001,694.0126521057349,287.60327937826673,301.62163248043316,1,10,4,46,33
73,10,20,LinearHeuristicAuction,0.2,0.08,,True,,1000,10800,cats_reg_g10b50,,False,CATS,50,regions,MultiMinded,60,Balance,2.3800000000046566,675.2625,1,656.76,362.82400000000001,656.76,704.19407519845799,631.629275198458,642.81442919085146,1,10,22,46,30
74,10,26,LinearHeuristicAuction,0.2,0.08,,True,,1000,10800,cats_reg_g10b50,,False,CATS,50,regions,MultiMinded,27,Balance,1.1199999999953434,942.6876,2,890.025,245.483,942.6876,979.68898462130869,881.49578462130864,895.00118187836267,1,10,13,54,36
75,10,15,LinearHeuristicAuction,0.2,0.08,,True,,1000,10800,cats_reg_g10b50,,False,CATS,50,regions,MultiMinded,20,Balance,0.6700000000128057,986.353,4,977.088,450.65550000000002,986.353,1003.6591776674931,643.13477766749293,701.12131600327325,1,10,11,31,25
76,10,22,LinearHeuristicAuction,0.2,0.08,,True,,1000,10800,cats_reg_g10b50,,False,CATS,50,regions,MultiMinded,41,Balance,1.5899999999965075,900.434,3,820.61,441.17500000000001,782.3779999999999,924.43303734433573,663.08996820691505,681.55073022808813,1,10,14,45,32
77,10,19,LinearHeuristicAuction,0.2,0.08,,True,,1000,10800,cats_reg_g10b50,,False,CATS,50,regions,MultiMinded,33,Balance,1.2000000000116415,505.8682,3,489.633,293.4085,502.3022,536.92111386891293,372.61235386891292,399.58703075405811,1,10,12,38,29
78,10,15,LinearHeuristicAuction,0.2,0.08,,True,,1000,10800,cats_reg_g10b50,,False,CATS,50,regions,MultiMinded,25,Balance,0.8399999999965075,723.896,1,723.896,268.85500000000002,723.896,759.1812415760628,705.41024157606284,705.41024157606284,1,10,10,31,25
79,10,20,LinearHeuristicAuction,0.2,0.08,,True,,1000,10800,cats_reg_g10b50,,False,CATS,50,regions,MultiMinded,49,Balance,1.8099999999976717,830.055,3,715.055,304.07849999999996,830.055,823.77132839987121,641.32422839987123,647.60789999999997,1,10,0,42,30
80,10,23,LinearHeuristicAuction,0.2,0.08,,True,,1000,10800,cats_reg_g10b50,,False,CATS,50,regions,MultiMinded,61,Balance,2.429999999993015,858.2552999999999,5,815.519,326.65449999999998,858.2552999999999,836.95645549942105,510.30195549942101,547.37686458601672,1,10,8,48,33
81,10,19,LinearHeuristicAuction,0.2,0.08,,True,,1000,10800,cats_reg_g10b50,,False,CATS,50,regions,MultiMinded,15,Balance,0.5500000000174623,731.2354999999999,3,657.74,318.25649999999996,695.5069,766.60161419746692,601.28918089771241,611.37431774095592,1,10,13,41,29
82,10,20,LinearHeuristicAuction,0.2,0.08,,True,,1000,10800,cats_reg_g10b50,,False,CATS,50,regions,MultiMinded,19,Balance,0.7099999999918509,799.819,3,670.65,230.49700000000001,799.819,784.58094457649293,646.28274457649286,710.38083217284145,1,10,12,43,30
83,10,18,LinearHeuristicAuction,0.2,0.08,,True,,1000,10800,cats_reg_g10b50,,False,CATS,50,regions,MultiMinded,25,Balance,0.9400000000023283,778.391,2,740.964,303.2475,778.391,815.33703385697288,694.0380338569729,722.72004290976565,1,10,17,39,28
84,10,19,LinearHeuristicAuction,0.2,0.08,,True,,1000,10800,cats_reg_g10b50,,False,CATS,50,regions,MultiMinded,27,Balance,0.9800000000104774,653.4665,4,531.36,233.98450000000003,653.4665,658.21093472911411,471.02333472911408,501.96402072997984,1,10,9,40,29
85,10,16,LinearHeuristicAuction,0.2,0.08,,True,,1000,10800,cats_reg_g10b50,,False,CATS,50,regions,MultiMinded,15,Balance,0.4899999999906868,738.6202000000001,4,623.355,332.00099999999998,738.6202000000001,807.495598784555,544.84786477134207,548.52459875947159,1,10,9,32,26
86,10,17,LinearHeuristicAuction,0.2,0.08,,True,,1000,10800,cats_reg_g10b50,,False,CATS,50,regions,MultiMinded,40,Balance,1.3599999999860302,772.54,2,646.076,287.08299999999997,772.54,760.3610648282056,645.52786482820557,662.61505582329391,1,10,6,35,27
87,10,18,LinearHeuristicAuction,0.2,0.08,,True,,1000,10800,cats_reg_g10b50,,False,CATS,50,regions,MultiMinded,1000,MaxIter,36.39000000001397,883.32347,2,801.709,428.95349999999996,671.90877,939.08658054331102,0.0,1.6438903155618529,1,10,24,38,28
88,10,20,LinearHeuristicAuction,0.2,0.08,,True,,1000,10800,cats_reg_g10b50,,False,CATS,50,regions,MultiMinded,31,Balance,1.1199999999953434,662.7294999999999,1,622.783,332.80799999999999,622.783,685.62461318270346,619.06301318270346,634.18001908824237,1,10,15,40,30
89,10,26,LinearHeuristicAuction,0.2,0.08,,True,,1000,10800,cats_reg_g10b50,,False,CATS,50,regions,MultiMinded,1000,MaxIter,44.94999999998254,844.3882,2,703.836,361.93200000000002,725.4582,857.4213495075403,0.0,11.357844826691235,1,10,20,58,36
90,10,21,LinearHeuristicAuction,0.2,0.08,,True,,1000,10800,cats_reg_g10b50,,False,CATS,50,regions,MultiMinded,28,Balance,1.0500000000174623,1011.3232,5,890.879,348.79300000000001,966.4754,963.10734214207594,628.26606214207595,716.83345647907265,1,10,10,42,31
91,10,17,LinearHeuristicAuction,0.2,0.08,,True,,1000,10800,cats_reg_g10b50,,False,CATS,50,regions,MultiMinded,52,Balance,1.8399999999965075,890.575,1,890.575,535.99700000000007,890.575,994.88491026013946,887.68551026013938,887.68551026013938,1,10,10,35,27
92,10,22,LinearHeuristicAuction,0.2,0.08,,True,,1000,10800,cats_reg_g10b50,,False,CATS,50,regions,MultiMinded,22,Balance,0.8599999999860302,683.1735,2,627.133,263.76300000000003,683.1735,702.64065666100066,603.13779625927032,622.35881850467513,1,10,14,46,32
93,10,20,LinearHeuristicAuction,0.2,0.08,,True,,1000,10800,cats_reg_g10b50,,False,CATS,50,regions,MultiMinded,45,Balance,1.6600000000034925,931.509,1,931.509,347.88099999999997,931.509,974.60440175515214,905.02820175515217,905.02820175515217,1,10,10,43,30
94,10,15,LinearHeuristicAuction,0.2,0.08,,True,,1000,10800,cats_reg_g10b50,,False,CATS,50,regions,MultiMinded,26,Balance,0.8399999999965075,772.037,2,770.337,295.54650000000004,772.037,770.97321636794845,659.75022223284532,728.64654999169625,1,10,20,32,25
95,10,17,LinearHeuristicAuction,0.2,0.08,,True,,1000,10800,cats_reg_g10b50,,False,CATS,50,regions,MultiMinded,33,Balance,1.1600000000034925,901.2369,3,849.224,408.67100000000005,901.2369,858.84136088185323,671.97922866059571,740.64090140959945,1,10,8,36,27
96,10,19,LinearHeuristicAuction,0.2,0.08,,True,,1000,10800,cats_reg_g10b50,,False,CATS,50,regions,MultiMinded,29,Balance,1.0500000000174623,752.0848,3,651.493,368.70849999999996,752.0848,737.02801143731904,548.53365626451409,583.22076258071104,1,10,7,41,29
97,10,20,LinearHeuristicAuction,0.2,0.08,,True,,1000,10800,cats_reg_g10b50,,False,CATS,50,regions,MultiMinded,1000,MaxIter,39.820000000006985,657.92043,1,602.694,360.185,550.046,702.6680218681588,0,0.0009106086364507604,1,10,31,46,30
98,10,20,LinearHeuristicAuction,0.2,0.08,,True,,1000,10800,cats_reg_g10b50,,False,CATS,50,regions,MultiMinded,21,Balance,0.7699999999895226,1047.5140999999999,4,870.711,386.798,1047.5140999999999,1094.1199601904068,784.6815601904068,795.2922261676481,1,10,7,40,30
99,10,22,LinearHeuristicAuction,0.2,0.08,,True,,1000,10800,cats_reg_g10b50,,False,CATS,50,regions,MultiMinded,28,Balance,1.1199999999953434,1044.344,5,687.143,366.375,1044.344,1093.9381509172797,727.5631509172797,757.44188448221053,1,10,12,47,32
100,10,21,LinearHeuristicAuction,0.2,0.08,,True,,1000,10800,cats_reg_g10b50,,False,CATS,50,regions,MultiMinded,85,Balance,3.2699999999895226,587.8678,2,515.864,141.49099999999999,587.8678,561.52851322653896,504.93211322653889,538.72503589554242,1,10,11,43,31
