idx,items,agents,auction_class,epsilon,stepc,epoch,scalebyvalue,reserve_type,maxiter,maxtime,generator_param_name,personalized,int_prices,generator,bids,distribution,type,rounds,status,runtime,efficient_value,final_num_winners,final_max_agent_value,final_scalevalue,final_value,final_total_price,final_revenue,final_indirect_util,final_price_degree,final_price_sparsity,final_imbalance,final_wd_nvars,final_wd_ncons
1,10,17,LinearSubgradientAuction,0.2,0.02,,True,,1000,10800,cats_reg_g10b50,,False,CATS,50,regions,MultiMinded,15,Balance,3.1600000000034925,681.0817,4,513.163,288.52699999999999,681.0817,669.35105798770724,438.5294579877073,476.28363841279594,1,10,2,357,537
2,10,19,LinearSubgradientAuction,0.2,0.02,,True,,1000,10800,cats_reg_g10b50,,False,CATS,50,regions,MultiMinded,160,Balance,38.80000000000291,734.1289999999999,3,640.313,226.71899999999999,734.1289999999999,670.63208027701489,550.89825137750029,656.97683256142159,1,10,4,399,599
3,10,17,LinearSubgradientAuction,0.2,0.02,,True,,1000,10800,cats_reg_g10b50,,False,CATS,50,regions,MultiMinded,32,Balance,6.850000000005821,804.4359999999999,2,797.452,310.25200000000001,797.452,854.31240072475168,734.18429081647423,735.40160000000003,1,10,1,357,537
4,10,14,LinearSubgradientAuction,0.2,0.02,,True,,1000,10800,cats_reg_g10b50,,False,CATS,50,regions,MultiMinded,20,Balance,3.5200000000040745,574.909,2,568.922,272.93700000000001,574.909,565.35087438651931,456.17607438651925,485.42212356318817,1,10,11,294,444
5,10,21,LinearSubgradientAuction,0.2,0.02,,True,,1000,10800,cats_reg_g10b50,,False,CATS,50,regions,MultiMinded,17,Balance,4.3399999999965075,650.6363,2,619.701,342.60149999999999,619.701,680.83960270013654,550.65743707580998,553.99577909764366,1,10,7,441,661
6,10,17,LinearSubgradientAuction,0.2,0.02,,True,,1000,10800,cats_reg_g10b50,,False,CATS,50,regions,MultiMinded,1000,MaxIter,218.09999999999127,834.2848,1,784.19,470.66899999999998,395.259,885.78494158144747,0,3.8169168371051398,1,10,10,357,537
7,10,21,LinearSubgradientAuction,0.2,0.02,,True,,1000,10800,cats_reg_g10b50,,False,CATS,50,regions,MultiMinded,1000,MaxIter,264.9499999999971,854.667,4,696.341,343.76999999999998,609.034,873.70673295339077,405.69195414117513,405.69195414117513,1,10,20,441,661
8,10,18,LinearSubgradientAuction,0.2,0.02,,True,,1000,10800,cats_reg_g10b50,,False,CATS,50,regions,MultiMinded,6,Balance,1.25,663.572,4,592.441,275.35000000000002,663.572,657.85778275238874,441.94424570839448,498.36199999999997,1,10,1,378,568
9,10,18,LinearSubgradientAuction,0.2,0.02,,True,,1000,10800,cats_reg_g10b50,,False,CATS,50,regions,MultiMinded,23,Balance,5.190000000002328,724.6032999999999,4,611.583,280.12,724.6032999999999,638.10613820593903,449.26544317501953,540.19005660642631,1,10,6,378,568
10,10,23,LinearSubgradientAuction,0.2,0.02,,True,,1000,10800,cats_reg_g10b50,,False,CATS,50,regions,MultiMinded,24,Balance,6.899999999994179,946.3547,4,784.828,433.57950000000005,869.636,899.67705376017898,569.67285847466667,621.25501961160444,1,10,2,483,723
11,10,16,LinearSubgradientAuction,0.2,0.02,,True,,1000,10800,cats_reg_g10b50,,False,CATS,50,regions,MultiMinded,59,Balance,12.139999999999418,724.662,1,724.662,403.49950000000001,724.662,722.67597396681856,641.9760739668186,647.12434686937422,1,10,13,336,506
12,10,16,LinearSubgradientAuction,0.2,0.02,,True,,1000,10800,cats_reg_g10b50,,False,CATS,50,regions,MultiMinded,21,Balance,4.1600000000034925,522.114,3,522.114,283.13549999999998,482.26210000000003,531.52417210126009,402.89263988499584,406.27261498296861,1,10,2,336,506
13,10,17,LinearSubgradientAuction,0.2,0.02,,True,,1000,10800,cats_reg_g10b50,,False,CATS,50,regions,MultiMinded,157,Balance,33.71999999998661,778.1078,2,718.401,353.04300000000001,718.401,777.40687060081609,646.86981780355518,648.56292592814714,1,10,9,357,537
14,10,17,LinearSubgradientAuction,0.2,0.02,,True,,1000,10800,cats_reg_g10b50,,False,CATS,50,regions,MultiMinded,40,Balance,8.720000000001164,588.9796,2,575.883,307.69200000000001,588.9796,586.55408746100682,514.13367154842513,524.46018000006814,1,10,13,357,537
15,10,17,LinearSubgradientAuction,0.2,0.02,,True,,1000,10800,cats_reg_g10b50,,False,CATS,50,regions,MultiMinded,10,Balance,2.0600000000122236,634.994,3,600.13,422.91899999999998,634.994,678.3708672785375,445.59646335315381,489.53277861621211,1,10,21,357,537
16,10,26,LinearSubgradientAuction,0.2,0.02,,True,,1000,10800,cats_reg_g10b50,,False,CATS,50,regions,MultiMinded,21,Balance,6.720000000001164,519.6692,2,485.933,278.584,519.6692,552.86528259288275,447.0033625928827,447.06644259288271,1,10,9,546,816
17,10,16,LinearSubgradientAuction,0.2,0.02,,True,,1000,10800,cats_reg_g10b50,,False,CATS,50,regions,MultiMinded,38,Balance,7.779999999998836,910.0260000000001,3,815.656,322.738,860.6487999999999,915.55238827762287,730.47084550793033,732.72835039466997,1,10,8,336,506
18,10,18,LinearSubgradientAuction,0.2,0.02,,True,,1000,10800,cats_reg_g10b50,,False,CATS,50,regions,MultiMinded,1000,MaxIter,227.43999999998778,982.461,3,932.103,367.83500000000004,593.707,1013.962182148476,446.25937462375987,446.57300141666565,1,10,3,378,568
19,10,19,LinearSubgradientAuction,0.2,0.02,,True,,1000,10800,cats_reg_g10b50,,False,CATS,50,regions,MultiMinded,67,Balance,16.229999999995925,903.4849999999999,3,826.774,559.33850000000007,860.0336,964.7866049165176,651.16981463263562,654.850358991961,1,10,4,399,599
20,10,21,LinearSubgradientAuction,0.2,0.02,,True,,1000,10800,cats_reg_g10b50,,False,CATS,50,regions,MultiMinded,220,Balance,57.7899999999936,780.3014999999999,5,637.779,268.37200000000001,691.7194,697.88292593684014,466.03495955428343,566.43147981989614,1,10,5,441,661
21,10,17,LinearSubgradientAuction,0.2,0.02,,True,,1000,10800,cats_reg_g10b50,,False,CATS,50,regions,MultiMinded,20,Balance,4.209999999991851,869.309,3,770.684,361.69299999999998,869.309,799.43679888007796,595.13349011915329,667.52849340460671,1,10,2,357,537
22,10,16,LinearSubgradientAuction,0.2,0.02,,True,,1000,10800,cats_reg_g10b50,,False,CATS,50,regions,MultiMinded,1000,MaxIter,206.94000000000233,827.155,4,792.758,416.87799999999999,698.707,883.1885513387416,426.91506874755783,465.77141602910342,1,10,4,336,506
23,10,21,LinearSubgradientAuction,0.2,0.02,,True,,1000,10800,cats_reg_g10b50,,False,CATS,50,regions,MultiMinded,44,Balance,11.389999999999418,926.9879999999999,6,813.726,269.07900000000001,926.9879999999999,907.99356340443899,594.4226024993693,667.0185784691156,1,10,7,441,661
24,10,23,LinearSubgradientAuction,0.2,0.02,,True,,1000,10800,cats_reg_g10b50,,False,CATS,50,regions,MultiMinded,77,Balance,22.110000000000582,822.2049999999999,2,635.81,377.13200000000001,782.967,843.05114964290749,692.19834964290749,705.11967465622058,1,10,9,483,723
25,10,22,LinearSubgradientAuction,0.2,0.02,,True,,1000,10800,cats_reg_g10b50,,False,CATS,50,regions,MultiMinded,225,Balance,62.38999999999942,534.8185,2,446.519,197.68200000000002,534.8185,528.71305108125739,449.64025108125736,494.92201747818689,1,10,9,462,692
26,10,17,LinearSubgradientAuction,0.2,0.02,,True,,1000,10800,cats_reg_g10b50,,False,CATS,50,regions,MultiMinded,7,Balance,1.3699999999953434,716.487,2,716.487,299.23599999999999,716.487,738.74315296842349,649.3995721893474,656.63979999999992,1,10,1,357,537
27,10,17,LinearSubgradientAuction,0.2,0.02,,True,,1000,10800,cats_reg_g10b50,,False,CATS,50,regions,MultiMinded,45,Balance,9.729999999995925,811.1127,4,667.768,330.15700000000004,785.087,847.14303273346582,583.67863178728192,587.82504053939488,1,10,9,357,537
28,10,18,LinearSubgradientAuction,0.2,0.02,,True,,1000,10800,cats_reg_g10b50,,False,CATS,50,regions,MultiMinded,46,Balance,10.369999999995343,818.682,4,802.322,385.84800000000001,818.682,828.98145161946229,566.65494567550309,594.20921982587765,1,10,6,378,568
29,10,20,LinearSubgradientAuction,0.2,0.02,,True,,1000,10800,cats_reg_g10b50,,False,CATS,50,regions,MultiMinded,63,Balance,15.809999999997672,767.6940999999999,6,746.709,446.00549999999998,680.6952,743.1460256475799,330.68216711987179,361.82649570403129,1,10,10,420,630
30,10,18,LinearSubgradientAuction,0.2,0.02,,True,,1000,10800,cats_reg_g10b50,,False,CATS,50,regions,MultiMinded,1000,MaxIter,228.27000000000407,794.5821000000001,2,739.446,385.6635,53.1811,853.66721317992062,0.0,1.3193386513012513,1,10,9,378,568
31,10,21,LinearSubgradientAuction,0.2,0.02,,True,,1000,10800,cats_reg_g10b50,,False,CATS,50,regions,MultiMinded,1000,MaxIter,264.7899999999936,818.388,4,733.06,325.495,756.7843,832.29243169178619,562.61002488334714,562.61002488334714,1,10,14,441,661
32,10,20,LinearSubgradientAuction,0.2,0.02,,True,,1000,10800,cats_reg_g10b50,,False,CATS,50,regions,MultiMinded,154,Balance,38.570000000006985,637.3713,4,533.498,304.15100000000001,637.3713,629.92120184541579,410.93248184541585,419.58607800137764,1,10,6,420,630
33,10,16,LinearSubgradientAuction,0.2,0.02,,True,,1000,10800,cats_reg_g10b50,,False,CATS,50,regions,MultiMinded,4,Balance,0.6900000000023283,560.5032,3,498.34,219.72300000000001,560.5032,509.49703666326928,411.75264186935101,542.54735458147661,1,10,6,336,506
34,10,20,LinearSubgradientAuction,0.2,0.02,,True,,1000,10800,cats_reg_g10b50,,False,CATS,50,regions,MultiMinded,39,Balance,9.610000000000582,726.3012,5,568.454,249.64099999999999,726.3012,608.63178371770118,397.34654628202219,564.28970062992312,1,10,5,420,630
35,10,27,LinearSubgradientAuction,0.2,0.02,,True,,1000,10800,cats_reg_g10b50,,False,CATS,50,regions,MultiMinded,56,Balance,18.84999999999127,858.175,2,722.988,380.87900000000002,858.175,854.60921625353717,702.25761625353721,705.82339999999999,1,10,0,567,847
36,10,17,LinearSubgradientAuction,0.2,0.02,,True,,1000,10800,cats_reg_g10b50,,False,CATS,50,regions,MultiMinded,226,Balance,49.26000000000931,716.498,2,716.498,379.51999999999998,670.106,720.85125080455475,569.04325080455476,569.98163593202594,1,10,3,357,537
37,10,20,LinearSubgradientAuction,0.2,0.02,,True,,1000,10800,cats_reg_g10b50,,False,CATS,50,regions,MultiMinded,6,Balance,1.3699999999953434,824.835,3,630.222,329.92600000000004,824.835,712.80224515243151,520.07856691463655,695.43768203057152,1,10,6,420,630
38,10,18,LinearSubgradientAuction,0.2,0.02,,True,,1000,10800,cats_reg_g10b50,,False,CATS,50,regions,MultiMinded,262,Balance,60.279999999998836,825.56,2,825.56,471.01400000000001,742.4390000000001,827.06597685467727,638.66037685467722,639.54927635596755,1,10,3,378,568
39,10,25,LinearSubgradientAuction,0.2,0.02,,True,,1000,10800,cats_reg_g10b50,,False,CATS,50,regions,MultiMinded,71,Balance,21.830000000001746,948.5501,5,753.385,196.10050000000001,948.5501,803.95763276048342,607.85713276048341,752.44959999999992,1,10,0,525,785
40,10,22,LinearSubgradientAuction,0.2,0.02,,True,,1000,10800,cats_reg_g10b50,,False,CATS,50,regions,MultiMinded,1000,MaxIter,277.2800000000134,694.64,3,671.57,320.48500000000001,535.635,681.43876936385595,352.06587886554291,407.65680639158336,1,10,2,462,692
41,10,18,LinearSubgradientAuction,0.2,0.02,,True,,1000,10800,cats_reg_g10b50,,False,CATS,50,regions,MultiMinded,11,Balance,2.3800000000046566,919.5834,3,833.068,428.51799999999997,919.5834,890.9058450613154,673.09688571489551,719.26700142418838,1,10,1,378,568
42,10,21,LinearSubgradientAuction,0.2,0.02,,True,,1000,10800,cats_reg_g10b50,,False,CATS,50,regions,MultiMinded,15,Balance,3.779999999998836,722.396,2,722.396,339.44,722.396,748.6338931144179,652.62856888763793,655.84840837238005,1,10,2,441,661
43,10,20,LinearSubgradientAuction,0.2,0.02,,True,,1000,10800,cats_reg_g10b50,,False,CATS,50,regions,MultiMinded,15,Balance,3.650000000008731,820.8240000000001,3,681.374,265.63999999999999,820.8240000000001,826.78134622853759,679.63187755969795,714.56799999999998,1,10,1,420,630
44,10,19,LinearSubgradientAuction,0.2,0.02,,True,,1000,10800,cats_reg_g10b50,,False,CATS,50,regions,MultiMinded,1000,MaxIter,238.93000000000757,607.363,4,484.926,277.04599999999999,530.75,618.26684554438964,329.68554440123779,364.97360592466617,1,10,4,399,599
45,10,20,LinearSubgradientAuction,0.2,0.02,,True,,1000,10800,cats_reg_g10b50,,False,CATS,50,regions,MultiMinded,20,Balance,4.929999999993015,687.7891,5,510.577,285.93000000000001,687.7891,684.75346896989538,445.014604219283,492.25757928616707,1,10,4,420,630
46,10,19,LinearSubgradientAuction,0.2,0.02,,True,,1000,10800,cats_reg_g10b50,,False,CATS,50,regions,MultiMinded,14,Balance,3.25,810.368,2,810.368,345.00850000000003,810.368,863.74821884721064,728.61419859690773,741.36630000000002,1,10,2,399,599
47,10,18,LinearSubgradientAuction,0.2,0.02,,True,,1000,10800,cats_reg_g10b50,,False,CATS,50,regions,MultiMinded,18,Balance,4.0,759.477,3,738.963,363.25599999999997,759.477,744.67933490444932,535.80072916123083,618.9297681539515,1,10,7,378,568
48,10,29,LinearSubgradientAuction,0.2,0.02,,True,,1000,10800,cats_reg_g10b50,,False,CATS,50,regions,MultiMinded,20,Balance,7.120000000009895,726.774,3,661.833,328.96899999999999,726.774,713.82539276914372,516.44399276914373,530.20019004415849,1,10,2,609,909
49,10,23,LinearSubgradientAuction,0.2,0.02,,True,,1000,10800,cats_reg_g10b50,,False,CATS,50,regions,MultiMinded,18,Balance,5.0499999999883585,587.5914,4,462.576,216.20049999999998,582.248,555.33052003264879,382.37012003264874,442.73857524858897,1,10,3,483,723
50,10,17,LinearSubgradientAuction,0.2,0.02,,True,,1000,10800,cats_reg_g10b50,,False,CATS,50,regions,MultiMinded,22,Balance,4.679999999993015,945.836,4,681.012,323.851,945.836,885.83747528891786,626.75667528891779,686.75519999999995,1,10,0,357,537
51,10,25,LinearSubgradientAuction,0.2,0.02,,True,,1000,10800,cats_reg_g10b50,,False,CATS,50,regions,MultiMinded,3,Balance,0.75,831.2631000000001,4,644.905,285.66050000000001,831.2631000000001,793.84908673339987,578.42046720005692,667.2533704666572,1,10,1,525,785
52,10,19,LinearSubgradientAuction,0.2,0.02,,True,,1000,10800,cats_reg_g10b50,,False,CATS,50,regions,MultiMinded,8,Balance,1.8099999999976717,608.391,2,608.391,276.31299999999999,608.391,615.88904305444953,544.14649142419978,553.45220578064755,1,10,3,399,599
53,10,21,LinearSubgradientAuction,0.2,0.02,,True,,1000,10800,cats_reg_g10b50,,False,CATS,50,regions,MultiMinded,1000,MaxIter,265.6000000000058,623.5598,2,612.518,167.23250000000002,387.8668,635.77726201696487,43.220243144565124,44.393706299984167,1,10,8,441,661
54,10,20,LinearSubgradientAuction,0.2,0.02,,True,,1000,10800,cats_reg_g10b50,,False,CATS,50,regions,MultiMinded,283,Balance,71.6200000000099,1040.322,4,967.436,414.12850000000003,1040.322,997.08847502437368,665.78567502437363,710.49135720693141,1,10,6,420,630
55,10,17,LinearSubgradientAuction,0.2,0.02,,True,,1000,10800,cats_reg_g10b50,,False,CATS,50,regions,MultiMinded,25,Balance,5.319999999992433,1001.244,2,739.168,309.35699999999997,1001.244,934.3274831571207,810.58468315712071,877.50120000000004,1,10,0,357,537
56,10,17,LinearSubgradientAuction,0.2,0.02,,True,,1000,10800,cats_reg_g10b50,,False,CATS,50,regions,MultiMinded,247,Balance,54.11999999999534,674.3464,4,592.43,348.80000000000001,659.3265,656.26793380637753,419.10274363118765,462.05431579293582,1,10,11,357,537
57,10,20,LinearSubgradientAuction,0.2,0.02,,True,,1000,10800,cats_reg_g10b50,,False,CATS,50,regions,MultiMinded,246,Balance,62.41000000000349,783.158,3,568.928,268.62299999999999,783.158,764.23619539551987,603.06239539551996,621.98419999999999,1,10,0,420,630
58,10,21,LinearSubgradientAuction,0.2,0.02,,True,,1000,10800,cats_reg_g10b50,,False,CATS,50,regions,MultiMinded,43,Balance,11.309999999997672,871.9079999999999,2,791.212,427.88200000000001,871.9079999999999,864.88707162008518,693.73427162008522,703.71073922440132,1,10,5,441,661
59,10,28,LinearSubgradientAuction,0.2,0.02,,True,,1000,10800,cats_reg_g10b50,,False,CATS,50,regions,MultiMinded,29,Balance,10.079999999987194,875.1772,6,803.796,406.47899999999998,813.0104,865.91627795412649,407.31282915790433,426.21842498514025,1,10,3,588,878
60,10,22,LinearSubgradientAuction,0.2,0.02,,True,,1000,10800,cats_reg_g10b50,,False,CATS,50,regions,MultiMinded,30,Balance,8.19999999999709,716.1357,3,662.173,358.10899999999998,716.1357,679.96851163947031,492.25451145807585,528.65208251983415,1,10,4,462,692
61,10,19,LinearSubgradientAuction,0.2,0.02,,True,,1000,10800,cats_reg_g10b50,,False,CATS,50,regions,MultiMinded,19,Balance,4.460000000006403,756.948,4,553.212,307.67700000000002,720.7754,752.59480303092732,545.60593361776432,582.83176465061888,1,10,6,399,599
62,10,20,LinearSubgradientAuction,0.2,0.02,,True,,1000,10800,cats_reg_g10b50,,False,CATS,50,regions,MultiMinded,27,Balance,6.689999999987776,962.414,4,839.979,365.63299999999998,892.8245,958.1033772538658,666.76779613859162,678.41456301694632,1,10,11,420,630
63,10,20,LinearSubgradientAuction,0.2,0.02,,True,,1000,10800,cats_reg_g10b50,,False,CATS,50,regions,MultiMinded,11,Balance,2.6300000000046566,966.8963000000001,5,783.33,502.36099999999999,966.8963000000001,922.1253394122806,617.58717238509473,707.92109621248119,1,10,4,420,630
64,10,24,LinearSubgradientAuction,0.2,0.02,,True,,1000,10800,cats_reg_g10b50,,False,CATS,50,regions,MultiMinded,45,Balance,13.289999999993597,784.4846,4,723.45,238.8545,756.6736,771.87009092889491,587.78237726220277,619.86376609460513,1,10,1,504,754
65,10,18,LinearSubgradientAuction,0.2,0.02,,True,,1000,10800,cats_reg_g10b50,,False,CATS,50,regions,MultiMinded,106,Balance,24.19999999999709,863.3610000000001,3,758.102,337.34500000000003,856.6320000000001,823.94077466851252,621.53377466851248,669.89187940057013,1,10,3,378,568
66,10,18,LinearSubgradientAuction,0.2,0.02,,True,,1000,10800,cats_reg_g10b50,,False,CATS,50,regions,MultiMinded,15,Balance,3.2700000000040745,852.079,4,807.329,372.65700000000004,852.079,806.10621301466381,551.31432370447874,672.68358286978003,1,10,14,378,568
67,10,27,LinearSubgradientAuction,0.2,0.02,,True,,1000,10800,cats_reg_g10b50,,False,CATS,50,regions,MultiMinded,33,Balance,11.180000000007567,860.8598,2,789.183,223.39999999999998,860.8598,856.60245026476571,767.24245026476569,808.26069007377805,1,10,1,567,847
68,10,20,LinearSubgradientAuction,0.2,0.02,,True,,1000,10800,cats_reg_g10b50,,False,CATS,50,regions,MultiMinded,46,Balance,11.479999999995925,535.1916,4,486.692,201.834,535.1916,506.33192342159379,363.13367495663249,421.33284804573617,1,10,1,420,630
69,10,20,LinearSubgradientAuction,0.2,0.02,,True,,1000,10800,cats_reg_g10b50,,False,CATS,50,regions,MultiMinded,23,Balance,5.740000000005239,550.5322,3,423.552,212.09399999999999,550.5322,501.85540943697924,383.08276943697922,431.75955999999996,1,10,0,420,630
70,10,18,LinearSubgradientAuction,0.2,0.02,,True,,1000,10800,cats_reg_g10b50,,False,CATS,50,regions,MultiMinded,1000,MaxIter,230.27999999999884,965.81,3,780.078,273.52800000000002,355.709,892.37426713074512,185.16465006517424,298.07624262487013,1,10,1,378,568
71,10,17,LinearSubgradientAuction,0.2,0.02,,True,,1000,10800,cats_reg_g10b50,,False,CATS,50,regions,MultiMinded,1000,MaxIter,214.75999999999476,745.048,1,745.048,330.73000000000002,564.57,788.75185186791555,0,0.80288593217437665,1,10,5,357,537
72,10,23,LinearSubgradientAuction,0.2,0.02,,True,,1000,10800,cats_reg_g10b50,,False,CATS,50,regions,MultiMinded,20,Balance,5.690000000002328,619.2275000000001,7,497.631,317.09799999999996,584.3142,590.94581762696384,194.99343709032371,238.51770941438707,1,10,7,483,723
73,10,20,LinearSubgradientAuction,0.2,0.02,,True,,1000,10800,cats_reg_g10b50,,False,CATS,50,regions,MultiMinded,251,Balance,63.579999999987194,675.2625,2,656.76,362.82400000000001,632.221,702.7335044535705,558.72471388666133,561.14668306632166,1,10,11,420,630
74,10,26,LinearSubgradientAuction,0.2,0.02,,True,,1000,10800,cats_reg_g10b50,,False,CATS,50,regions,MultiMinded,65,Balance,20.84999999999127,942.6876,2,890.025,245.483,942.6876,942.19086517506616,843.99766517506623,844.49440000000004,1,10,0,546,816
75,10,15,LinearSubgradientAuction,0.2,0.02,,True,,1000,10800,cats_reg_g10b50,,False,CATS,50,regions,MultiMinded,10,Balance,1.8299999999871943,986.353,4,977.088,450.65550000000002,961.944,984.10072617436879,648.96811140597038,710.33205326022266,1,10,2,315,475
76,10,22,LinearSubgradientAuction,0.2,0.02,,True,,1000,10800,cats_reg_g10b50,,False,CATS,50,regions,MultiMinded,20,Balance,5.380000000004657,900.434,7,820.61,441.17500000000001,874.067,919.35906228531087,312.22977820782472,354.2214494787965,1,10,5,462,692
77,10,19,LinearSubgradientAuction,0.2,0.02,,True,,1000,10800,cats_reg_g10b50,,False,CATS,50,regions,MultiMinded,28,Balance,6.630000000004657,505.8682,5,489.633,293.4085,502.45709999999997,518.37799252280229,326.47968562677102,379.44419782531577,1,10,7,399,599
78,10,15,LinearSubgradientAuction,0.2,0.02,,True,,1000,10800,cats_reg_g10b50,,False,CATS,50,regions,MultiMinded,60,Balance,11.55000000000291,723.896,4,723.896,268.85500000000002,695.7520999999999,724.55576411663651,511.59292791813328,536.32790250846335,1,10,2,315,475
79,10,20,LinearSubgradientAuction,0.2,0.02,,True,,1000,10800,cats_reg_g10b50,,False,CATS,50,regions,MultiMinded,11,Balance,2.6600000000034925,830.055,4,715.055,304.07849999999996,830.055,776.73593685462254,535.36475043168355,647.60790000000009,1,10,2,420,630
80,10,23,LinearSubgradientAuction,0.2,0.02,,True,,1000,10800,cats_reg_g10b50,,False,CATS,50,regions,MultiMinded,1000,MaxIter,289.9400000000023,858.2552999999999,5,815.519,326.65449999999998,710.7932999999999,849.48091661270814,440.29808877073287,449.88269293198073,1,10,3,483,723
81,10,19,LinearSubgradientAuction,0.2,0.02,,True,,1000,10800,cats_reg_g10b50,,False,CATS,50,regions,MultiMinded,16,Balance,3.720000000001164,731.2354999999999,7,657.74,318.25649999999996,709.6369,726.11383177300297,346.27675978677223,365.62983711485145,1,10,4,399,599
82,10,20,LinearSubgradientAuction,0.2,0.02,,True,,1000,10800,cats_reg_g10b50,,False,CATS,50,regions,MultiMinded,84,Balance,21.229999999995925,799.819,3,670.65,230.49700000000001,799.819,762.26974924886827,623.97154924886831,702.33039384898063,1,10,1,420,630
83,10,18,LinearSubgradientAuction,0.2,0.02,,True,,1000,10800,cats_reg_g10b50,,False,CATS,50,regions,MultiMinded,33,Balance,7.510000000009313,778.391,3,740.964,303.2475,758.1800000000001,778.48892042732132,609.64571416570061,642.49207502925742,1,10,3,378,568
84,10,19,LinearSubgradientAuction,0.2,0.02,,True,,1000,10800,cats_reg_g10b50,,False,CATS,50,regions,MultiMinded,11,Balance,2.5099999999947613,653.4665,4,531.36,233.98450000000003,653.4665,616.61191480510888,449.55320292533236,490.09952522173148,1,10,3,399,599
85,10,16,LinearSubgradientAuction,0.2,0.02,,True,,1000,10800,cats_reg_g10b50,,False,CATS,50,regions,MultiMinded,13,Balance,2.5600000000122236,738.6202000000001,4,623.355,332.00099999999998,662.9069,731.38131308189008,470.1530484640565,498.62472889816604,1,10,3,336,506
86,10,17,LinearSubgradientAuction,0.2,0.02,,True,,1000,10800,cats_reg_g10b50,,False,CATS,50,regions,MultiMinded,26,Balance,5.480000000010477,772.54,3,646.076,287.08299999999997,772.54,719.91593683524422,549.46899674056476,657.70680000000004,1,10,2,357,537
87,10,18,LinearSubgradientAuction,0.2,0.02,,True,,1000,10800,cats_reg_g10b50,,False,CATS,50,regions,MultiMinded,1000,MaxIter,231.99000000000524,883.32347,2,801.709,428.95349999999996,45.89987,940.34025752170908,0.0,4.2145860533514448,1,10,9,378,568
88,10,20,LinearSubgradientAuction,0.2,0.02,,True,,1000,10800,cats_reg_g10b50,,False,CATS,50,regions,MultiMinded,61,Balance,15.230000000010477,662.7294999999999,4,622.783,332.80799999999999,662.7294999999999,654.24278303672338,412.04968934977103,422.75673602660481,1,10,5,420,630
89,10,26,LinearSubgradientAuction,0.2,0.02,,True,,1000,10800,cats_reg_g10b50,,False,CATS,50,regions,MultiMinded,252,Balance,82.56999999999243,844.3882,3,703.836,361.93200000000002,844.3882,823.84578957094845,650.11842957094836,696.8859233966532,1,10,2,546,816
90,10,21,LinearSubgradientAuction,0.2,0.02,,True,,1000,10800,cats_reg_g10b50,,False,CATS,50,regions,MultiMinded,216,Balance,56.94999999999709,1011.3232,6,890.879,348.79300000000001,968.5201999999999,915.57085322758621,549.47386710627143,655.37786317590871,1,10,5,441,661
91,10,17,LinearSubgradientAuction,0.2,0.02,,True,,1000,10800,cats_reg_g10b50,,False,CATS,50,regions,MultiMinded,203,Balance,43.75999999999476,890.575,3,890.575,535.99700000000007,835.337,937.70779728697539,618.72327746414089,625.46656950077397,1,10,11,357,537
92,10,22,LinearSubgradientAuction,0.2,0.02,,True,,1000,10800,cats_reg_g10b50,,False,CATS,50,regions,MultiMinded,11,Balance,2.8999999999941792,683.1735,5,627.133,263.76300000000003,654.0775,667.35884413813415,429.70801233113514,459.79797152591129,1,10,1,462,692
93,10,20,LinearSubgradientAuction,0.2,0.02,,True,,1000,10800,cats_reg_g10b50,,False,CATS,50,regions,MultiMinded,57,Balance,14.419999999998254,931.509,1,931.509,347.88099999999997,931.509,930.43781734929712,860.86161734929715,861.93280000000004,1,10,0,420,630
94,10,15,LinearSubgradientAuction,0.2,0.02,,True,,1000,10800,cats_reg_g10b50,,False,CATS,50,regions,MultiMinded,1000,MaxIter,193.68000000000757,772.037,2,770.337,295.54650000000004,406.473,771.0758322998023,42.817804534710127,49.905444469815912,1,10,9,315,475
95,10,17,LinearSubgradientAuction,0.2,0.02,,True,,1000,10800,cats_reg_g10b50,,False,CATS,50,regions,MultiMinded,35,Balance,7.440000000002328,901.2369,4,849.224,408.67100000000005,901.2369,914.96719775424231,697.20044632650627,717.28427058630382,1,10,3,357,537
96,10,19,LinearSubgradientAuction,0.2,0.02,,True,,1000,10800,cats_reg_g10b50,,False,CATS,50,regions,MultiMinded,2,Balance,0.33999999999650754,752.0848,3,651.493,368.70849999999996,752.0848,700.54614999999967,538.31440999999973,666.08317000000022,1,10,11,399,599
97,10,20,LinearSubgradientAuction,0.2,0.02,,True,,1000,10800,cats_reg_g10b50,,False,CATS,50,regions,MultiMinded,10,Balance,2.3800000000046566,657.92043,5,602.694,360.185,657.92043,697.72847394425071,478.85591428204248,516.41394143050741,1,10,6,420,630
98,10,20,LinearSubgradientAuction,0.2,0.02,,True,,1000,10800,cats_reg_g10b50,,False,CATS,50,regions,MultiMinded,8,Balance,1.8699999999953434,1047.5140999999999,4,870.711,386.798,1047.5140999999999,975.62829052929135,707.13550075430351,779.02131022501214,1,10,0,420,630
99,10,22,LinearSubgradientAuction,0.2,0.02,,True,,1000,10800,cats_reg_g10b50,,False,CATS,50,regions,MultiMinded,45,Balance,12.229999999995925,1044.344,5,687.143,366.375,1044.344,1011.4418355953032,645.06683559530336,680.92453772238923,1,10,4,462,692
100,10,21,LinearSubgradientAuction,0.2,0.02,,True,,1000,10800,cats_reg_g10b50,,False,CATS,50,regions,MultiMinded,586,Balance,154.74000000000524,587.8678,2,515.864,141.49099999999999,587.8678,568.30438770816659,511.70798770816663,531.39537455728691,1,10,7,441,661
