idx,items,agents,auction_class,epsilon,stepc,epoch,scalebyvalue,reserve_type,maxiter,maxtime,generator_param_name,personalized,int_prices,generator,bids,distribution,type,rounds,status,runtime,efficient_value,final_num_winners,final_max_agent_value,final_scalevalue,final_value,final_total_price,final_revenue,final_indirect_util,final_price_degree,final_price_sparsity,final_imbalance,final_wd_nvars,final_wd_ncons
1,10,17,LinearHeuristicAuction,0.2,0.01,,True,,1000,10800,cats_reg_g10b50,,False,CATS,50,regions,MultiMinded,21,Balance,0.7400000000197906,681.0817,3,513.163,288.52699999999999,663.8767,647.27305213979423,474.15685213979424,594.23009778934568,1,10,10,33,27
2,10,19,LinearHeuristicAuction,0.2,0.01,,True,,1000,10800,cats_reg_g10b50,,False,CATS,50,regions,MultiMinded,563,Balance,21.43000000002212,734.1289999999999,2,640.313,226.71899999999999,732.193,668.79659010629939,597.12056657053176,707.96834008680912,1,10,13,42,29
3,10,17,LinearHeuristicAuction,0.2,0.01,,True,,1000,10800,cats_reg_g10b50,,False,CATS,50,regions,MultiMinded,12,Balance,0.40999999997438863,804.4359999999999,3,797.452,310.25200000000001,804.4359999999999,812.78431223742518,626.63311223742505,758.76964720681531,1,10,25,32,27
4,10,14,LinearHeuristicAuction,0.2,0.01,,True,,1000,10800,cats_reg_g10b50,,False,CATS,50,regions,MultiMinded,7,Balance,0.1900000000023283,574.909,1,568.922,272.93700000000001,568.922,533.60811985300393,479.02071985300392,634.15541485884319,1,10,12,25,24
5,10,21,LinearHeuristicAuction,0.2,0.01,,True,,1000,10800,cats_reg_g10b50,,False,CATS,50,regions,MultiMinded,466,Balance,17.89000000001397,650.6363,2,619.701,342.60149999999999,650.6363,650.94144430619474,551.6444613785028,552.55964883749232,1,10,17,43,31
6,10,17,LinearHeuristicAuction,0.2,0.01,,True,,1000,10800,cats_reg_g10b50,,False,CATS,50,regions,MultiMinded,4,Balance,0.14999999999417923,834.2848,1,784.19,470.66899999999998,784.19,833.81366079544296,739.67986079544289,987.0837505575256,1,10,36,30,27
7,10,21,LinearHeuristicAuction,0.2,0.01,,True,,1000,10800,cats_reg_g10b50,,False,CATS,50,regions,MultiMinded,114,Balance,4.529999999998836,854.667,4,696.341,343.76999999999998,809.1469999999999,883.8446527937167,608.82865279371674,642.76113045809041,1,10,11,44,31
8,10,18,LinearHeuristicAuction,0.2,0.01,,True,,1000,10800,cats_reg_g10b50,,False,CATS,50,regions,MultiMinded,1000,MaxIter,36.439999999973224,663.572,2,592.441,275.35000000000002,552.596,649.09803898817745,31.454079354854912,57.789802336149151,1,10,17,37,28
9,10,18,LinearHeuristicAuction,0.2,0.01,,True,,1000,10800,cats_reg_g10b50,,False,CATS,50,regions,MultiMinded,13,Balance,0.4499999999825377,724.6032999999999,2,611.583,280.12,701.6700999999999,611.45915030763149,534.62021346503627,696.55375166047759,1,10,6,38,28
10,10,23,LinearHeuristicAuction,0.2,0.01,,True,,1000,10800,cats_reg_g10b50,,False,CATS,50,regions,MultiMinded,9,Balance,0.3699999999953434,946.3547,3,784.828,433.57950000000005,915.0946999999999,903.17095579014222,684.43636692173936,816.21694765130792,1,10,5,46,33
11,10,16,LinearHeuristicAuction,0.2,0.01,,True,,1000,10800,cats_reg_g10b50,,False,CATS,50,regions,MultiMinded,6,Balance,0.20999999999185093,724.662,1,724.662,403.49950000000001,724.662,784.46302922778,703.76312922777993,763.9916260321404,1,10,19,33,26
12,10,16,LinearHeuristicAuction,0.2,0.01,,True,,1000,10800,cats_reg_g10b50,,False,CATS,50,regions,MultiMinded,5,Balance,0.16000000000349246,522.114,1,522.114,283.13549999999998,522.114,532.42471284192811,475.79761284192813,573.70200504214017,1,10,26,30,26
13,10,17,LinearHeuristicAuction,0.2,0.01,,True,,1000,10800,cats_reg_g10b50,,False,CATS,50,regions,MultiMinded,6,Balance,0.23000000001047738,778.1078,2,718.401,353.04300000000001,778.1078,722.09173643310112,630.24361873042108,825.4785067399232,1,10,10,35,27
14,10,17,LinearHeuristicAuction,0.2,0.01,,True,,1000,10800,cats_reg_g10b50,,False,CATS,50,regions,MultiMinded,6,Balance,0.20000000001164153,588.9796,2,575.883,307.69200000000001,588.9796,565.13301094142309,491.62646999362676,602.97215905470989,1,10,13,31,27
15,10,17,LinearHeuristicAuction,0.2,0.01,,True,,1000,10800,cats_reg_g10b50,,False,CATS,50,regions,MultiMinded,455,Balance,16.5,634.994,2,600.13,422.91899999999998,553.0052000000001,636.90891063726292,467.74131063726293,469.18063220358567,1,10,27,35,27
16,10,26,LinearHeuristicAuction,0.2,0.01,,True,,1000,10800,cats_reg_g10b50,,False,CATS,50,regions,MultiMinded,3,Balance,0.12000000002444722,519.6692,2,485.933,278.584,519.6692,497.54539589684083,412.81626318623933,515.45419998282193,1,10,16,48,36
17,10,16,LinearHeuristicAuction,0.2,0.01,,True,,1000,10800,cats_reg_g10b50,,False,CATS,50,regions,MultiMinded,13,Balance,0.4300000000221189,910.0260000000001,3,815.656,322.738,910.0260000000001,877.58931213261872,683.94651213261875,792.94852803829724,1,10,19,34,26
18,10,18,LinearHeuristicAuction,0.2,0.01,,True,,1000,10800,cats_reg_g10b50,,False,CATS,50,regions,MultiMinded,6,Balance,0.20999999999185093,982.461,2,932.103,367.83500000000004,982.461,992.83185261346875,855.19444591260617,1002.8781040961566,1,10,21,35,28
19,10,19,LinearHeuristicAuction,0.2,0.01,,True,,1000,10800,cats_reg_g10b50,,False,CATS,50,regions,MultiMinded,1000,MaxIter,39.04999999998836,903.4849999999999,1,826.774,559.33850000000007,798.863,950.62906706746946,0,0.0,1,10,27,42,29
20,10,21,LinearHeuristicAuction,0.2,0.01,,True,,1000,10800,cats_reg_g10b50,,False,CATS,50,regions,MultiMinded,1000,MaxIter,39.6699999999837,780.3014999999999,2,637.779,268.37200000000001,672.443,691.10255423673266,0.0,105.62442603602778,1,10,10,45,31
21,10,17,LinearHeuristicAuction,0.2,0.01,,True,,1000,10800,cats_reg_g10b50,,False,CATS,50,regions,MultiMinded,6,Balance,0.1999999999825377,869.309,3,770.684,361.69299999999998,869.309,741.22242763543647,547.15982493016213,815.5649760044264,1,10,18,34,27
22,10,16,LinearHeuristicAuction,0.2,0.01,,True,,1000,10800,cats_reg_g10b50,,False,CATS,50,regions,MultiMinded,1000,MaxIter,36.75999999998021,827.155,2,792.758,416.87799999999999,478.39,884.9414311063797,0.0,36.862254538206201,1,10,22,36,26
23,10,21,LinearHeuristicAuction,0.2,0.01,,True,,1000,10800,cats_reg_g10b50,,False,CATS,50,regions,MultiMinded,527,Balance,20.480000000010477,926.9879999999999,5,813.726,269.07900000000001,913.9114999999999,906.13698193743232,645.74343206561412,707.66937072444307,1,10,6,48,31
24,10,23,LinearHeuristicAuction,0.2,0.01,,True,,1000,10800,cats_reg_g10b50,,False,CATS,50,regions,MultiMinded,184,Balance,7.350000000005821,822.2049999999999,2,635.81,377.13200000000001,782.967,833.61751607840779,682.7647160784079,720.07867591335844,1,10,24,50,33
25,10,22,LinearHeuristicAuction,0.2,0.01,,True,,1000,10800,cats_reg_g10b50,,False,CATS,50,regions,MultiMinded,8,Balance,0.2900000000081491,534.8185,2,446.519,197.68200000000002,534.8185,495.10683353053656,435.52222648160125,578.30558937828027,1,10,28,43,32
26,10,17,LinearHeuristicAuction,0.2,0.01,,True,,1000,10800,cats_reg_g10b50,,False,CATS,50,regions,MultiMinded,7,Balance,0.22999999998137355,716.487,1,716.487,299.23599999999999,687.81,713.57892781128567,653.73172781128562,747.58980735674834,1,10,36,34,27
27,10,17,LinearHeuristicAuction,0.2,0.01,,True,,1000,10800,cats_reg_g10b50,,False,CATS,50,regions,MultiMinded,128,Balance,4.639999999984866,811.1127,4,667.768,330.15700000000004,778.0657000000001,845.5832647892147,605.71915822210747,613.46156315920564,1,10,12,39,27
28,10,18,LinearHeuristicAuction,0.2,0.01,,True,,1000,10800,cats_reg_g10b50,,False,CATS,50,regions,MultiMinded,4,Balance,0.11999999999534339,818.682,1,802.322,385.84800000000001,802.322,814.44297593519082,737.27337593519087,892.71581886747811,1,10,30,33,28
29,10,20,LinearHeuristicAuction,0.2,0.01,,True,,1000,10800,cats_reg_g10b50,,False,CATS,50,regions,MultiMinded,102,Balance,4.239999999990687,767.6940999999999,1,746.709,446.00549999999998,746.709,745.72014897076633,656.51904897076633,699.93438449436235,1,10,16,46,30
30,10,18,LinearHeuristicAuction,0.2,0.01,,True,,1000,10800,cats_reg_g10b50,,False,CATS,50,regions,MultiMinded,755,Balance,27.679999999993015,794.5821000000001,3,739.446,385.6635,794.5821000000001,854.35786934203213,646.91147342437159,647.31143210220375,1,10,4,38,28
31,10,21,LinearHeuristicAuction,0.2,0.01,,True,,1000,10800,cats_reg_g10b50,,False,CATS,50,regions,MultiMinded,1000,MaxIter,38.88000000000466,818.388,1,733.06,325.495,705.581,830.64860426115604,0,0.38395152936780619,1,10,10,46,31
32,10,20,LinearHeuristicAuction,0.2,0.01,,True,,1000,10800,cats_reg_g10b50,,False,CATS,50,regions,MultiMinded,148,Balance,5.579999999987194,637.3713,4,533.498,304.15100000000001,637.3713,655.12220676571508,434.45444622046318,444.90563071557267,1,10,12,41,30
33,10,16,LinearHeuristicAuction,0.2,0.01,,True,,1000,10800,cats_reg_g10b50,,False,CATS,50,regions,MultiMinded,143,Balance,5.079999999987194,560.5032,2,498.34,219.72300000000001,560.5032,517.79110622904705,444.11602729894935,489.00788014437614,1,10,5,34,26
34,10,20,LinearHeuristicAuction,0.2,0.01,,True,,1000,10800,cats_reg_g10b50,,False,CATS,50,regions,MultiMinded,541,Balance,20.839999999996508,726.3012,4,568.454,249.64099999999999,726.3012,610.10840451767876,432.43699657835373,548.74129092143983,1,10,8,41,30
35,10,27,LinearHeuristicAuction,0.2,0.01,,True,,1000,10800,cats_reg_g10b50,,False,CATS,50,regions,MultiMinded,12,Balance,0.5299999999988358,858.175,2,722.988,380.87900000000002,858.175,791.59653943510432,639.24493943510436,760.43379791859036,1,10,8,53,37
36,10,17,LinearHeuristicAuction,0.2,0.01,,True,,1000,10800,cats_reg_g10b50,,False,CATS,50,regions,MultiMinded,4,Balance,0.139999999984866,716.498,1,716.498,379.51999999999998,716.498,772.93597233057358,697.03197233057358,844.39725592242803,1,10,24,34,27
37,10,20,LinearHeuristicAuction,0.2,0.01,,True,,1000,10800,cats_reg_g10b50,,False,CATS,50,regions,MultiMinded,79,Balance,2.9799999999813735,824.835,2,630.222,329.92600000000004,748.4570000000001,684.90854669507928,552.93814669507935,693.8748622327937,1,10,8,42,30
38,10,18,LinearHeuristicAuction,0.2,0.01,,True,,1000,10800,cats_reg_g10b50,,False,CATS,50,regions,MultiMinded,33,Balance,1.25,825.56,1,825.56,471.01400000000001,825.56,818.59026037548767,724.38746037548765,826.25290876764416,1,10,3,39,28
39,10,25,LinearHeuristicAuction,0.2,0.01,,True,,1000,10800,cats_reg_g10b50,,False,CATS,50,regions,MultiMinded,11,Balance,0.45000000001164153,948.5501,5,753.385,196.10050000000001,948.5501,716.8265311300961,525.04115488615935,931.07898342900307,1,10,46,43,35
40,10,22,LinearHeuristicAuction,0.2,0.01,,True,,1000,10800,cats_reg_g10b50,,False,CATS,50,regions,MultiMinded,1000,MaxIter,41.25,694.64,2,671.57,320.48500000000001,667.143,672.99746708669079,0.0,69.097740017952816,1,10,9,47,32
41,10,18,LinearHeuristicAuction,0.2,0.01,,True,,1000,10800,cats_reg_g10b50,,False,CATS,50,regions,MultiMinded,4,Balance,0.14000000001396984,919.5834,3,833.068,428.51799999999997,919.5834,805.20601715124803,594.08554848864514,868.60116204810447,1,10,30,29,28
42,10,21,LinearHeuristicAuction,0.2,0.01,,True,,1000,10800,cats_reg_g10b50,,False,CATS,50,regions,MultiMinded,881,Balance,35.920000000012806,722.396,1,722.396,339.44,722.396,721.59462837102228,653.70662837102225,655.5804904003063,1,10,16,46,31
43,10,20,LinearHeuristicAuction,0.2,0.01,,True,,1000,10800,cats_reg_g10b50,,False,CATS,50,regions,MultiMinded,322,Balance,12.209999999991851,820.8240000000001,2,681.374,265.63999999999999,820.8240000000001,792.42717799007551,686.17117799007542,714.56799999999987,1,10,0,42,30
44,10,19,LinearHeuristicAuction,0.2,0.01,,True,,1000,10800,cats_reg_g10b50,,False,CATS,50,regions,MultiMinded,1000,MaxIter,36.30999999999767,607.363,1,484.926,277.04599999999999,462.233,608.88139660214631,0,48.83148216253359,1,10,22,40,29
45,10,20,LinearHeuristicAuction,0.2,0.01,,True,,1000,10800,cats_reg_g10b50,,False,CATS,50,regions,MultiMinded,7,Balance,0.25,687.7891,5,510.577,285.93000000000001,687.7891,607.19415390469999,366.88614327472555,581.23881175991619,1,10,19,35,30
46,10,19,LinearHeuristicAuction,0.2,0.01,,True,,1000,10800,cats_reg_g10b50,,False,CATS,50,regions,MultiMinded,18,Balance,0.7099999999918509,810.368,1,810.368,345.00850000000003,771.243,813.17315972351776,744.17145972351773,814.98924883554741,1,10,19,39,29
47,10,18,LinearHeuristicAuction,0.2,0.01,,True,,1000,10800,cats_reg_g10b50,,False,CATS,50,regions,MultiMinded,43,Balance,1.6300000000046566,759.477,1,738.963,363.25599999999997,738.963,751.23912589789234,678.58792589789232,755.39763181507203,1,10,16,40,28
48,10,29,LinearHeuristicAuction,0.2,0.01,,True,,1000,10800,cats_reg_g10b50,,False,CATS,50,regions,MultiMinded,3,Balance,0.14000000001396984,726.774,3,661.833,328.96899999999999,726.774,769.30326284018929,571.92186284018919,585.9180617041136,1,10,9,61,39
49,10,23,LinearHeuristicAuction,0.2,0.01,,True,,1000,10800,cats_reg_g10b50,,False,CATS,50,regions,MultiMinded,39,Balance,1.5799999999871943,587.5914,5,462.576,216.20049999999998,573.7130999999999,547.8268992472307,331.62639924723072,400.57602200055391,1,10,9,47,33
50,10,17,LinearHeuristicAuction,0.2,0.01,,True,,1000,10800,cats_reg_g10b50,,False,CATS,50,regions,MultiMinded,49,Balance,1.7399999999906868,945.836,4,681.012,323.851,945.836,835.64391629087345,578.21398479602465,728.41569971320132,1,10,9,33,27
51,10,25,LinearHeuristicAuction,0.2,0.01,,True,,1000,10800,cats_reg_g10b50,,False,CATS,50,regions,MultiMinded,166,Balance,6.970000000001164,831.2631000000001,3,644.905,285.66050000000001,831.2631000000001,762.02220910748406,590.62590910748406,660.00992357488622,1,10,8,49,35
52,10,19,LinearHeuristicAuction,0.2,0.01,,True,,1000,10800,cats_reg_g10b50,,False,CATS,50,regions,MultiMinded,4,Balance,0.1300000000046566,608.391,1,608.391,276.31299999999999,576.268,595.15926393349559,539.89666393349557,666.55003069015015,1,10,33,33,29
53,10,21,LinearHeuristicAuction,0.2,0.01,,True,,1000,10800,cats_reg_g10b50,,False,CATS,50,regions,MultiMinded,509,Balance,19.470000000001164,623.5598,4,612.518,167.23250000000002,623.5598,642.88768684195963,509.10168684195946,514.07300948338423,1,10,4,44,31
54,10,20,LinearHeuristicAuction,0.2,0.01,,True,,1000,10800,cats_reg_g10b50,,False,CATS,50,regions,MultiMinded,10,Balance,0.39999999999417923,1040.322,4,967.436,414.12850000000003,1039.9794,984.12282831171365,665.2740000353092,865.55231024561749,1,10,6,41,30
55,10,17,LinearHeuristicAuction,0.2,0.01,,True,,1000,10800,cats_reg_g10b50,,False,CATS,50,regions,MultiMinded,17,Balance,0.6000000000058208,1001.244,2,739.168,309.35699999999997,1001.244,827.42197033819866,703.67917033819867,988.64144669542623,1,10,7,32,27
56,10,17,LinearHeuristicAuction,0.2,0.01,,True,,1000,10800,cats_reg_g10b50,,False,CATS,50,regions,MultiMinded,248,Balance,8.89999999999418,674.3464,3,592.43,348.80000000000001,644.3157,671.77134349451262,473.59048093878414,517.32225169467131,1,10,15,36,27
57,10,20,LinearHeuristicAuction,0.2,0.01,,True,,1000,10800,cats_reg_g10b50,,False,CATS,50,regions,MultiMinded,72,Balance,2.6199999999953434,783.158,3,568.928,268.62299999999999,763.1990000000001,754.59280373023898,593.41900373023896,655.43421375458672,1,10,1,41,30
58,10,21,LinearHeuristicAuction,0.2,0.01,,True,,1000,10800,cats_reg_g10b50,,False,CATS,50,regions,MultiMinded,3,Balance,0.11999999999534339,871.9079999999999,2,791.212,427.88200000000001,838.6581,813.20610264784921,705.71649473541925,951.33994964308749,1,10,27,38,31
59,10,28,LinearHeuristicAuction,0.2,0.01,,True,,1000,10800,cats_reg_g10b50,,False,CATS,50,regions,MultiMinded,6,Balance,0.2599999999802094,875.1772,3,803.796,406.47899999999998,875.1772,886.64102262652978,673.09510976103343,748.60308792478656,1,10,12,54,38
60,10,22,LinearHeuristicAuction,0.2,0.01,,True,,1000,10800,cats_reg_g10b50,,False,CATS,50,regions,MultiMinded,24,Balance,0.9900000000197906,716.1357,2,662.173,358.10899999999998,654.9817,684.0046168748197,579.7837226785806,625.28812059738766,1,10,25,47,32
61,10,19,LinearHeuristicAuction,0.2,0.01,,True,,1000,10800,cats_reg_g10b50,,False,CATS,50,regions,MultiMinded,80,Balance,3.0,756.948,3,553.212,307.67700000000002,756.948,745.31240849366804,560.7062084936681,598.46219321902743,1,10,11,41,29
62,10,20,LinearHeuristicAuction,0.2,0.01,,True,,1000,10800,cats_reg_g10b50,,False,CATS,50,regions,MultiMinded,9,Balance,0.3200000000069849,962.414,4,839.979,365.63299999999998,959.2605000000001,872.6912897885245,591.33743434942335,877.61811772955298,1,10,15,35,30
63,10,20,LinearHeuristicAuction,0.2,0.01,,True,,1000,10800,cats_reg_g10b50,,False,CATS,50,regions,MultiMinded,391,Balance,15.39999999999418,966.8963000000001,4,783.33,502.36099999999999,966.8963000000001,935.9659727264177,652.13461624549541,683.39012339410601,1,10,11,44,30
64,10,24,LinearHeuristicAuction,0.2,0.01,,True,,1000,10800,cats_reg_g10b50,,False,CATS,50,regions,MultiMinded,233,Balance,9.85000000000582,784.4846,2,723.45,238.8545,784.4846,757.51319878777122,675.5461868658906,710.28086606451154,1,10,12,49,34
65,10,18,LinearHeuristicAuction,0.2,0.01,,True,,1000,10800,cats_reg_g10b50,,False,CATS,50,regions,MultiMinded,521,Balance,18.889999999984866,863.3610000000001,4,758.102,337.34500000000003,863.3610000000001,817.83063643553533,547.95463643553524,594.62162237640825,1,10,17,40,28
66,10,18,LinearHeuristicAuction,0.2,0.01,,True,,1000,10800,cats_reg_g10b50,,False,CATS,50,regions,MultiMinded,16,Balance,0.6099999999860302,852.079,2,807.329,372.65700000000004,847.679,818.2071234810154,702.48951620500134,817.51071655366206,1,10,17,38,28
67,10,27,LinearHeuristicAuction,0.2,0.01,,True,,1000,10800,cats_reg_g10b50,,False,CATS,50,regions,MultiMinded,57,Balance,2.5199999999895226,860.8598,2,789.183,223.39999999999998,860.8598,794.27567840612676,704.91567840612674,858.34387414992545,1,10,5,52,37
68,10,20,LinearHeuristicAuction,0.2,0.01,,True,,1000,10800,cats_reg_g10b50,,False,CATS,50,regions,MultiMinded,85,Balance,3.25,535.1916,4,486.692,201.834,535.1916,497.29743248629023,350.04502593263493,431.81665127531608,1,10,2,41,30
69,10,20,LinearHeuristicAuction,0.2,0.01,,True,,1000,10800,cats_reg_g10b50,,False,CATS,50,regions,MultiMinded,67,Balance,2.610000000015134,550.5322,3,423.552,212.09399999999999,550.5322,484.32527054481716,369.06373044276859,435.27065989795142,1,10,0,41,30
70,10,18,LinearHeuristicAuction,0.2,0.01,,True,,1000,10800,cats_reg_g10b50,,False,CATS,50,regions,MultiMinded,28,Balance,1.0100000000093132,965.81,3,780.078,273.52800000000002,965.81,868.09609613247562,731.29596277314533,885.61429811789139,1,10,13,38,28
71,10,17,LinearHeuristicAuction,0.2,0.01,,True,,1000,10800,cats_reg_g10b50,,False,CATS,50,regions,MultiMinded,9,Balance,0.2900000000081491,745.048,1,745.048,330.73000000000002,745.048,774.04998271662726,707.9039827166273,846.63235937734544,1,10,27,33,27
72,10,23,LinearHeuristicAuction,0.2,0.01,,True,,1000,10800,cats_reg_g10b50,,False,CATS,50,regions,MultiMinded,6,Balance,0.22000000000116415,619.2275000000001,2,497.631,317.09799999999996,556.6675,586.1860371831101,473.4524292758133,615.65405116686907,1,10,20,43,33
73,10,20,LinearHeuristicAuction,0.2,0.01,,True,,1000,10800,cats_reg_g10b50,,False,CATS,50,regions,MultiMinded,29,Balance,1.1400000000139698,675.2625,1,656.76,362.82400000000001,656.76,726.61197767773206,654.04717767773207,677.2198725146427,1,10,23,42,30
74,10,26,LinearHeuristicAuction,0.2,0.01,,True,,1000,10800,cats_reg_g10b50,,False,CATS,50,regions,MultiMinded,19,Balance,0.8000000000174623,942.6876,2,890.025,245.483,942.6876,885.28130159683587,787.08810159683605,938.64846535289166,1,10,6,54,36
75,10,15,LinearHeuristicAuction,0.2,0.01,,True,,1000,10800,cats_reg_g10b50,,False,CATS,50,regions,MultiMinded,7,Balance,0.23000000001047738,986.353,1,977.088,450.65550000000002,977.088,940.32446734771645,850.1933673477165,1075.0060630803077,1,10,17,29,25
76,10,22,LinearHeuristicAuction,0.2,0.01,,True,,1000,10800,cats_reg_g10b50,,False,CATS,50,regions,MultiMinded,89,Balance,3.419999999983702,900.434,2,820.61,441.17500000000001,836.495,836.16811809673914,659.69811809673899,746.88547087409074,1,10,12,42,32
77,10,19,LinearHeuristicAuction,0.2,0.01,,True,,1000,10800,cats_reg_g10b50,,False,CATS,50,regions,MultiMinded,3,Balance,0.11000000001513399,505.8682,1,489.633,293.4085,489.633,473.04901820684034,414.36731820684031,627.86057498251046,1,10,24,33,29
78,10,15,LinearHeuristicAuction,0.2,0.01,,True,,1000,10800,cats_reg_g10b50,,False,CATS,50,regions,MultiMinded,14,Balance,0.4599999999918509,723.896,1,723.896,268.85500000000002,723.896,715.43564520538325,661.66464520538329,778.58912837918649,1,10,12,27,25
79,10,20,LinearHeuristicAuction,0.2,0.01,,True,,1000,10800,cats_reg_g10b50,,False,CATS,50,regions,MultiMinded,7,Balance,0.25,830.055,2,715.055,304.07849999999996,792.734,730.64434741672653,613.02375472448114,868.9746985218186,1,10,37,38,30
80,10,23,LinearHeuristicAuction,0.2,0.01,,True,,1000,10800,cats_reg_g10b50,,False,CATS,50,regions,MultiMinded,4,Balance,0.14999999999417923,858.2552999999999,1,815.519,326.65449999999998,815.519,795.80325264208568,730.47235264208564,944.64533342445054,1,10,17,42,33
81,10,19,LinearHeuristicAuction,0.2,0.01,,True,,1000,10800,cats_reg_g10b50,,False,CATS,50,regions,MultiMinded,7,Balance,0.22000000000116415,731.2354999999999,5,657.74,318.25649999999996,728.3769,656.61473535799837,408.79254677091052,672.42661189235025,1,10,22,32,29
82,10,20,LinearHeuristicAuction,0.2,0.01,,True,,1000,10800,cats_reg_g10b50,,False,CATS,50,regions,MultiMinded,20,Balance,0.7200000000011642,799.819,3,670.65,230.49700000000001,799.819,717.28210676523895,578.98390676523877,821.06708454096247,1,10,20,38,30
83,10,18,LinearHeuristicAuction,0.2,0.01,,True,,1000,10800,cats_reg_g10b50,,False,CATS,50,regions,MultiMinded,33,Balance,1.209999999991851,778.391,2,740.964,303.2475,778.391,769.95547953895459,648.65647953895461,781.09002514287727,1,10,5,35,28
84,10,19,LinearHeuristicAuction,0.2,0.01,,True,,1000,10800,cats_reg_g10b50,,False,CATS,50,regions,MultiMinded,6,Balance,0.20999999999185093,653.4665,4,531.36,233.98450000000003,653.4665,538.68641348960568,371.99734810430539,586.79772114341472,1,10,17,34,29
85,10,16,LinearHeuristicAuction,0.2,0.01,,True,,1000,10800,cats_reg_g10b50,,False,CATS,50,regions,MultiMinded,6,Balance,0.1999999999825377,738.6202000000001,4,623.355,332.00099999999998,738.6202000000001,674.69697049460319,436.64448803598714,615.77676317161126,1,10,17,28,26
86,10,17,LinearHeuristicAuction,0.2,0.01,,True,,1000,10800,cats_reg_g10b50,,False,CATS,50,regions,MultiMinded,248,Balance,8.710000000020955,772.54,1,646.076,287.08299999999997,646.076,700.10934083228415,642.69274083228413,722.42328080890456,1,10,17,34,27
87,10,18,LinearHeuristicAuction,0.2,0.01,,True,,1000,10800,cats_reg_g10b50,,False,CATS,50,regions,MultiMinded,1000,MaxIter,37.34999999997672,883.32347,2,801.709,428.95349999999996,671.90877,947.24468729615603,0.0,0.64458071700756037,1,10,9,39,28
88,10,20,LinearHeuristicAuction,0.2,0.01,,True,,1000,10800,cats_reg_g10b50,,False,CATS,50,regions,MultiMinded,5,Balance,0.17999999999301508,662.7294999999999,2,622.783,332.80799999999999,613.5515,647.18176481605917,546.44882148274871,742.06926443945201,1,10,43,36,30
89,10,26,LinearHeuristicAuction,0.2,0.01,,True,,1000,10800,cats_reg_g10b50,,False,CATS,50,regions,MultiMinded,3,Balance,0.12999999997555278,844.3882,3,703.836,361.93200000000002,821.2162,828.10968584108002,661.18186869522765,867.93117129778375,1,10,24,48,36
90,10,21,LinearHeuristicAuction,0.2,0.01,,True,,1000,10800,cats_reg_g10b50,,False,CATS,50,regions,MultiMinded,8,Balance,0.29999999998835847,1011.3232,6,890.879,348.79300000000001,1011.3232,849.99810381868224,467.75371178275816,782.9019000452771,1,10,21,36,31
91,10,17,LinearHeuristicAuction,0.2,0.01,,True,,1000,10800,cats_reg_g10b50,,False,CATS,50,regions,MultiMinded,3,Balance,0.10999999998603016,890.575,1,890.575,535.99700000000007,890.575,837.902143912778,730.70274391277803,1190.4113550654045,1,10,29,29,27
92,10,22,LinearHeuristicAuction,0.2,0.01,,True,,1000,10800,cats_reg_g10b50,,False,CATS,50,regions,MultiMinded,5,Balance,0.1900000000023283,683.1735,2,627.133,263.76300000000003,683.1735,602.2438115753074,521.43255677617253,771.53021424423366,1,10,19,38,32
93,10,20,LinearHeuristicAuction,0.2,0.01,,True,,1000,10800,cats_reg_g10b50,,False,CATS,50,regions,MultiMinded,4,Balance,0.139999999984866,931.509,1,931.509,347.88099999999997,931.509,814.85099047803465,745.27479047803467,1212.3319608354668,1,10,48,35,30
94,10,15,LinearHeuristicAuction,0.2,0.01,,True,,1000,10800,cats_reg_g10b50,,False,CATS,50,regions,MultiMinded,243,Balance,8.299999999988358,772.037,2,770.337,295.54650000000004,772.037,770.50900386619423,664.40676668463595,725.13438072849522,1,10,12,33,25
95,10,17,LinearHeuristicAuction,0.2,0.01,,True,,1000,10800,cats_reg_g10b50,,False,CATS,50,regions,MultiMinded,563,Balance,20.75,901.2369,3,849.224,408.67100000000005,901.2369,888.13431403359755,698.09524432632486,711.55810188953046,1,10,9,39,27
96,10,19,LinearHeuristicAuction,0.2,0.01,,True,,1000,10800,cats_reg_g10b50,,False,CATS,50,regions,MultiMinded,5,Balance,0.17000000001280569,752.0848,3,651.493,368.70849999999996,752.0848,716.39139334471497,544.27297901350516,641.90752057924067,1,10,12,38,29
97,10,20,LinearHeuristicAuction,0.2,0.01,,True,,1000,10800,cats_reg_g10b50,,False,CATS,50,regions,MultiMinded,1000,MaxIter,39.87000000002445,657.92043,2,602.694,360.185,581.55143,695.0654901215928,0.0,0.58239807599591131,1,10,10,46,30
98,10,20,LinearHeuristicAuction,0.2,0.01,,True,,1000,10800,cats_reg_g10b50,,False,CATS,50,regions,MultiMinded,5,Balance,0.16999999998370185,1047.5140999999999,4,870.711,386.798,1047.5140999999999,835.2349359133101,572.57674706911428,982.11522490262132,1,10,29,31,30
99,10,22,LinearHeuristicAuction,0.2,0.01,,True,,1000,10800,cats_reg_g10b50,,False,CATS,50,regions,MultiMinded,9,Balance,0.3299999999871943,1044.344,5,687.143,366.375,1044.344,901.25053084065996,545.23776433530463,823.09833985981413,1,10,10,39,32
100,10,21,LinearHeuristicAuction,0.2,0.01,,True,,1000,10800,cats_reg_g10b50,,False,CATS,50,regions,MultiMinded,1000,MaxIter,40.279999999998836,587.8678,2,515.864,141.49099999999999,456.48080000000004,568.3123823245304,37.016955492726908,68.536661018822599,1,10,9,46,31
