idx,items,agents,auction_class,epsilon,stepc,epoch,scalebyvalue,reserve_type,maxiter,maxtime,generator_param_name,personalized,int_prices,generator,bids,distribution,type,rounds,status,runtime,efficient_value,final_num_winners,final_max_agent_value,final_scalevalue,final_value,final_total_price,final_revenue,final_indirect_util,final_price_degree,final_price_sparsity,final_imbalance,final_wd_nvars,final_wd_ncons
1,10,17,LinearSubgradientAuction,0.05,0.02,,True,,1000,10800,cats_reg_g10b50,,False,CATS,50,regions,MultiMinded,49,Balance,10.62999999999738,681.0817,4,513.163,288.52699999999999,681.0817,673.09526288150346,615.38986288150352,626.26073162998728,1,10,12,357,537
2,10,19,LinearSubgradientAuction,0.05,0.02,,True,,1000,10800,cats_reg_g10b50,,False,CATS,50,regions,MultiMinded,1000,MaxIter,240.12999999999738,734.1289999999999,3,640.313,226.71899999999999,504.306,681.83462487422821,419.19778273157709,482.0315538320624,1,10,9,399,599
3,10,17,LinearSubgradientAuction,0.05,0.02,,True,,1000,10800,cats_reg_g10b50,,False,CATS,50,regions,MultiMinded,1000,MaxIter,217.0500000000029,804.4359999999999,4,797.452,310.25200000000001,349.59541,825.03453804581932,314.83781620763222,317.3978589951559,1,10,5,357,537
4,10,14,LinearSubgradientAuction,0.05,0.02,,True,,1000,10800,cats_reg_g10b50,,False,CATS,50,regions,MultiMinded,38,Balance,6.779999999998836,574.909,2,568.922,272.93700000000001,574.909,568.07650124347253,540.78280124347248,549.49260039518799,1,10,11,294,444
5,10,21,LinearSubgradientAuction,0.05,0.02,,True,,1000,10800,cats_reg_g10b50,,False,CATS,50,regions,MultiMinded,75,Balance,19.739999999997963,650.6363,3,619.701,342.60149999999999,650.6363,658.97838452805468,615.33217870349722,623.05984605306412,1,10,15,441,661
6,10,17,LinearSubgradientAuction,0.05,0.02,,True,,1000,10800,cats_reg_g10b50,,False,CATS,50,regions,MultiMinded,1000,MaxIter,218.13999999999942,834.2848,1,784.19,470.66899999999998,395.259,885.78494158144747,0,3.8169168371051398,1,10,10,357,537
7,10,21,LinearSubgradientAuction,0.05,0.02,,True,,1000,10800,cats_reg_g10b50,,False,CATS,50,regions,MultiMinded,1000,MaxIter,263.75,854.667,4,696.341,343.76999999999998,609.034,873.70673295339077,560.38845414117532,560.38845414117532,1,10,20,441,661
8,10,18,LinearSubgradientAuction,0.05,0.02,,True,,1000,10800,cats_reg_g10b50,,False,CATS,50,regions,MultiMinded,250,Balance,57.7300000000032,663.572,4,592.441,275.35000000000002,663.572,650.04529583400063,595.20253987680235,622.26949999999999,1,10,1,378,568
9,10,18,LinearSubgradientAuction,0.05,0.02,,True,,1000,10800,cats_reg_g10b50,,False,CATS,50,regions,MultiMinded,23,Balance,5.1599999999962165,724.6032999999999,4,611.583,280.12,724.6032999999999,638.10613820593903,582.08213820593903,673.00675163734581,1,10,6,378,568
10,10,23,LinearSubgradientAuction,0.05,0.02,,True,,1000,10800,cats_reg_g10b50,,False,CATS,50,regions,MultiMinded,27,Balance,7.700000000004366,946.3547,4,784.828,433.57950000000005,946.3547,891.0349758181668,815.89936273830131,871.55022724804189,1,10,1,483,723
11,10,16,LinearSubgradientAuction,0.05,0.02,,True,,1000,10800,cats_reg_g10b50,,False,CATS,50,regions,MultiMinded,59,Balance,11.969999999993888,724.662,1,724.662,403.49950000000001,724.662,722.67597396681856,702.50099896681854,707.64927186937416,1,10,13,336,506
12,10,16,LinearSubgradientAuction,0.05,0.02,,True,,1000,10800,cats_reg_g10b50,,False,CATS,50,regions,MultiMinded,55,Balance,11.270000000004075,522.114,1,522.114,283.13549999999998,522.114,517.94456407146436,503.78778907146437,508.17747456949206,1,10,1,336,506
13,10,17,LinearSubgradientAuction,0.05,0.02,,True,,1000,10800,cats_reg_g10b50,,False,CATS,50,regions,MultiMinded,229,Balance,50.05999999999767,778.1078,2,718.401,353.04300000000001,778.1078,777.53313761190589,742.22883761190587,742.80349999999987,1,10,0,357,537
14,10,17,LinearSubgradientAuction,0.05,0.02,,True,,1000,10800,cats_reg_g10b50,,False,CATS,50,regions,MultiMinded,40,Balance,8.55000000000291,588.9796,2,575.883,307.69200000000001,588.9796,586.55408746100682,560.28747154842517,570.61398000006818,1,10,13,357,537
15,10,17,LinearSubgradientAuction,0.05,0.02,,True,,1000,10800,cats_reg_g10b50,,False,CATS,50,regions,MultiMinded,1000,MaxIter,214.76000000000204,634.994,3,600.13,422.91899999999998,610.676,673.04467093893595,565.50302318082549,568.65144482252754,1,10,1,357,537
16,10,26,LinearSubgradientAuction,0.05,0.02,,True,,1000,10800,cats_reg_g10b50,,False,CATS,50,regions,MultiMinded,31,Balance,10.0,519.6692,2,485.933,278.584,519.6692,529.91602022567758,502.05762022567757,502.12070022567758,1,10,9,546,816
17,10,16,LinearSubgradientAuction,0.05,0.02,,True,,1000,10800,cats_reg_g10b50,,False,CATS,50,regions,MultiMinded,83,Balance,17.169999999998254,910.0260000000001,3,815.656,322.738,910.0260000000001,909.240561196611,860.82986119661109,863.30812173514278,1,10,8,336,506
18,10,18,LinearSubgradientAuction,0.05,0.02,,True,,1000,10800,cats_reg_g10b50,,False,CATS,50,regions,MultiMinded,1000,MaxIter,226.65999999999622,982.461,3,932.103,367.83500000000004,593.707,1013.962182148476,556.60987462375988,556.92350141666566,1,10,3,378,568
19,10,19,LinearSubgradientAuction,0.05,0.02,,True,,1000,10800,cats_reg_g10b50,,False,CATS,50,regions,MultiMinded,1000,MaxIter,240.86999999999534,903.4849999999999,3,826.774,559.33850000000007,763.591,950.3931170794084,736.68245306050994,736.68245306050994,1,10,7,399,599
20,10,21,LinearSubgradientAuction,0.05,0.02,,True,,1000,10800,cats_reg_g10b50,,False,CATS,50,regions,MultiMinded,1000,MaxIter,267.06000000000495,780.3014999999999,4,637.779,268.37200000000001,652.3434,694.94863804745762,516.5469522499468,612.4313315627021,1,10,2,441,661
21,10,17,LinearSubgradientAuction,0.05,0.02,,True,,1000,10800,cats_reg_g10b50,,False,CATS,50,regions,MultiMinded,20,Balance,4.219999999993888,869.309,3,770.684,361.69299999999998,869.309,799.43679888007796,745.18284888007793,817.57785216553134,1,10,2,357,537
22,10,16,LinearSubgradientAuction,0.05,0.02,,True,,1000,10800,cats_reg_g10b50,,False,CATS,50,regions,MultiMinded,1000,MaxIter,206.04000000000087,827.155,4,792.758,416.87799999999999,698.707,883.1885513387416,597.80175634564716,636.65810362719276,1,10,4,336,506
23,10,21,LinearSubgradientAuction,0.05,0.02,,True,,1000,10800,cats_reg_g10b50,,False,CATS,50,regions,MultiMinded,1000,MaxIter,266.92000000000553,926.9879999999999,4,813.726,269.07900000000001,496.082,882.46381141389816,391.90367408450334,456.08340701795066,1,10,5,441,661
24,10,23,LinearSubgradientAuction,0.05,0.02,,True,,1000,10800,cats_reg_g10b50,,False,CATS,50,regions,MultiMinded,1000,MaxIter,287.79999999999563,822.2049999999999,2,635.81,377.13200000000001,782.967,838.0973543568274,119.31385818843985,131.1946076632247,1,10,9,483,723
25,10,22,LinearSubgradientAuction,0.05,0.02,,True,,1000,10800,cats_reg_g10b50,,False,CATS,50,regions,MultiMinded,1000,MaxIter,277.5699999999997,534.8185,4,446.519,197.68200000000002,443.35749999999996,528.58958074533859,384.84757471887536,423.69618960249602,1,10,9,462,692
26,10,17,LinearSubgradientAuction,0.05,0.02,,True,,1000,10800,cats_reg_g10b50,,False,CATS,50,regions,MultiMinded,20,Balance,4.190000000002328,716.487,2,716.487,299.23599999999999,716.487,730.36785829903295,701.2621071294908,701.52519999999993,1,10,1,357,537
27,10,17,LinearSubgradientAuction,0.05,0.02,,True,,1000,10800,cats_reg_g10b50,,False,CATS,50,regions,MultiMinded,300,Balance,64.77999999999884,811.1127,4,667.768,330.15700000000004,811.1127,809.41735216480913,743.38595216480928,745.08130000000017,1,10,0,357,537
28,10,18,LinearSubgradientAuction,0.05,0.02,,True,,1000,10800,cats_reg_g10b50,,False,CATS,50,regions,MultiMinded,124,Balance,28.37000000000262,818.682,4,802.322,385.84800000000001,818.682,821.97683863878387,751.59154677404376,761.23757261085018,1,10,6,378,568
29,10,20,LinearSubgradientAuction,0.05,0.02,,True,,1000,10800,cats_reg_g10b50,,False,CATS,50,regions,MultiMinded,85,Balance,21.57999999999447,767.6940999999999,3,746.709,446.00549999999998,767.6940999999999,750.72106536588922,683.82024036588928,700.79327499999999,1,10,0,420,630
30,10,18,LinearSubgradientAuction,0.05,0.02,,True,,1000,10800,cats_reg_g10b50,,False,CATS,50,regions,MultiMinded,1000,MaxIter,230.25,794.5821000000001,2,739.446,385.6635,53.1811,853.66721317992062,33.897804011276762,35.217142662578013,1,10,9,378,568
31,10,21,LinearSubgradientAuction,0.05,0.02,,True,,1000,10800,cats_reg_g10b50,,False,CATS,50,regions,MultiMinded,1000,MaxIter,266.6299999999974,818.388,4,733.06,325.495,756.7843,832.29243169178619,709.08277488334716,709.08277488334716,1,10,14,441,661
32,10,20,LinearSubgradientAuction,0.05,0.02,,True,,1000,10800,cats_reg_g10b50,,False,CATS,50,regions,MultiMinded,154,Balance,38.66000000000349,637.3713,4,533.498,304.15100000000001,637.3713,629.92120184541579,569.0910018454158,577.74459800137765,1,10,6,420,630
33,10,16,LinearSubgradientAuction,0.05,0.02,,True,,1000,10800,cats_reg_g10b50,,False,CATS,50,regions,MultiMinded,30,Balance,5.970000000001164,560.5032,3,498.34,219.72300000000001,560.5032,526.14700569079218,499.76259507004033,543.45910576593144,1,10,2,336,506
34,10,20,LinearSubgradientAuction,0.05,0.02,,True,,1000,10800,cats_reg_g10b50,,False,CATS,50,regions,MultiMinded,99,Balance,24.669999999998254,726.3012,4,568.454,249.64099999999999,726.3012,617.37323384507772,567.44503384507777,688.83962827149992,1,10,3,420,630
35,10,27,LinearSubgradientAuction,0.05,0.02,,True,,1000,10800,cats_reg_g10b50,,False,CATS,50,regions,MultiMinded,56,Balance,18.75999999999476,858.175,2,722.988,380.87900000000002,858.175,854.60921625353717,816.52131625353718,820.08709999999996,1,10,0,567,847
36,10,17,LinearSubgradientAuction,0.05,0.02,,True,,1000,10800,cats_reg_g10b50,,False,CATS,50,regions,MultiMinded,1000,MaxIter,216.9499999999971,716.498,3,716.498,379.51999999999998,92.6556,720.62090414014756,73.919747524893808,73.919747524893808,1,10,7,357,537
37,10,20,LinearSubgradientAuction,0.05,0.02,,True,,1000,10800,cats_reg_g10b50,,False,CATS,50,regions,MultiMinded,14,Balance,3.3699999999953434,824.835,4,630.222,329.92600000000004,824.835,717.49575795353917,654.0743104679276,776.67063619873909,1,10,2,420,630
38,10,18,LinearSubgradientAuction,0.05,0.02,,True,,1000,10800,cats_reg_g10b50,,False,CATS,50,regions,MultiMinded,334,Balance,76.15000000000146,825.56,1,825.56,471.01400000000001,825.56,825.52157966211939,801.97087966211939,802.00929999999994,1,10,0,378,568
39,10,25,LinearSubgradientAuction,0.05,0.02,,True,,1000,10800,cats_reg_g10b50,,False,CATS,50,regions,MultiMinded,71,Balance,21.989999999997963,948.5501,5,753.385,196.10050000000001,948.5501,803.95763276048342,754.93250776048342,899.52497500000004,1,10,0,525,785
40,10,22,LinearSubgradientAuction,0.05,0.02,,True,,1000,10800,cats_reg_g10b50,,False,CATS,50,regions,MultiMinded,1000,MaxIter,276.3199999999997,694.64,3,671.57,320.48500000000001,535.635,681.43876936385595,448.21137886554288,503.80230639158333,1,10,2,462,692
41,10,18,LinearSubgradientAuction,0.05,0.02,,True,,1000,10800,cats_reg_g10b50,,False,CATS,50,regions,MultiMinded,11,Balance,2.430000000000291,919.5834,3,833.068,428.51799999999997,919.5834,890.9058450613154,826.62814506131542,872.79826077060829,1,10,1,378,568
42,10,21,LinearSubgradientAuction,0.05,0.02,,True,,1000,10800,cats_reg_g10b50,,False,CATS,50,regions,MultiMinded,33,Balance,8.619999999995343,722.396,2,722.396,339.44,722.396,737.05701394443872,703.25448021230841,705.42399999999998,1,10,1,441,661
43,10,20,LinearSubgradientAuction,0.05,0.02,,True,,1000,10800,cats_reg_g10b50,,False,CATS,50,regions,MultiMinded,60,Balance,14.909999999996217,820.8240000000001,3,681.374,265.63999999999999,820.8240000000001,802.82541068063165,763.31686220279164,794.25999999999999,1,10,1,420,630
44,10,19,LinearSubgradientAuction,0.05,0.02,,True,,1000,10800,cats_reg_g10b50,,False,CATS,50,regions,MultiMinded,1000,MaxIter,240.61999999999534,607.363,4,484.926,277.04599999999999,530.75,618.26684554438964,454.35624440123775,489.64430592466613,1,10,4,399,599
45,10,20,LinearSubgradientAuction,0.05,0.02,,True,,1000,10800,cats_reg_g10b50,,False,CATS,50,regions,MultiMinded,72,Balance,18.159999999996217,687.7891,5,510.577,285.93000000000001,687.7891,684.7578990244042,616.57703427379192,633.01490134742448,1,10,4,420,630
46,10,19,LinearSubgradientAuction,0.05,0.02,,True,,1000,10800,cats_reg_g10b50,,False,CATS,50,regions,MultiMinded,127,Balance,30.31999999999971,810.368,2,810.368,345.00850000000003,810.368,779.75851987088606,745.87032792111825,793.1175750000001,1,10,1,399,599
47,10,18,LinearSubgradientAuction,0.05,0.02,,True,,1000,10800,cats_reg_g10b50,,False,CATS,50,regions,MultiMinded,249,Balance,57.029999999998836,759.477,3,738.963,363.25599999999997,759.477,748.89173339060505,694.81322036020288,723.26264440221939,1,10,5,378,568
48,10,29,LinearSubgradientAuction,0.05,0.02,,True,,1000,10800,cats_reg_g10b50,,False,CATS,50,regions,MultiMinded,20,Balance,7.140000000006694,726.774,3,661.833,328.96899999999999,726.774,713.82539276914372,664.48004276914389,678.23624004415865,1,10,2,609,909
49,10,23,LinearSubgradientAuction,0.05,0.02,,True,,1000,10800,cats_reg_g10b50,,False,CATS,50,regions,MultiMinded,1000,MaxIter,288.8199999999997,587.5914,5,462.576,216.20049999999998,493.3123,564.22720191536973,422.2875316844586,450.40896693162006,1,10,3,483,723
50,10,17,LinearSubgradientAuction,0.05,0.02,,True,,1000,10800,cats_reg_g10b50,,False,CATS,50,regions,MultiMinded,22,Balance,4.690000000002328,945.836,4,681.012,323.851,945.836,885.83747528891786,821.06727528891793,881.06580000000008,1,10,0,357,537
51,10,25,LinearSubgradientAuction,0.05,0.02,,True,,1000,10800,cats_reg_g10b50,,False,CATS,50,regions,MultiMinded,28,Balance,8.650000000001455,831.2631000000001,4,644.905,285.66050000000001,831.2631000000001,778.06446690554935,721.47885539557365,788.41402500000004,1,10,1,525,785
52,10,19,LinearSubgradientAuction,0.05,0.02,,True,,1000,10800,cats_reg_g10b50,,False,CATS,50,regions,MultiMinded,12,Balance,2.7300000000032014,608.391,2,608.391,276.31299999999999,608.391,612.58699741076839,585.99278059504684,595.55086580936552,1,10,3,399,599
53,10,21,LinearSubgradientAuction,0.05,0.02,,True,,1000,10800,cats_reg_g10b50,,False,CATS,50,regions,MultiMinded,1000,MaxIter,266.7099999999991,623.5598,2,612.518,167.23250000000002,387.8668,635.77726201696487,68.305118144565128,69.478581299984171,1,10,8,441,661
54,10,20,LinearSubgradientAuction,0.05,0.02,,True,,1000,10800,cats_reg_g10b50,,False,CATS,50,regions,MultiMinded,283,Balance,70.86999999999534,1040.322,4,967.436,414.12850000000003,1040.322,997.08847502437368,914.26277502437358,958.96845720693136,1,10,6,420,630
55,10,17,LinearSubgradientAuction,0.05,0.02,,True,,1000,10800,cats_reg_g10b50,,False,CATS,50,regions,MultiMinded,25,Balance,5.380000000004657,1001.244,2,739.168,309.35699999999997,1001.244,934.3274831571207,903.3917831571207,970.30830000000003,1,10,0,357,537
56,10,17,LinearSubgradientAuction,0.05,0.02,,True,,1000,10800,cats_reg_g10b50,,False,CATS,50,regions,MultiMinded,1000,MaxIter,217.72000000000116,674.3464,4,592.43,348.80000000000001,305.2875,657.67532611909064,228.73388476436691,253.40175643447188,1,10,1,357,537
57,10,20,LinearSubgradientAuction,0.05,0.02,,True,,1000,10800,cats_reg_g10b50,,False,CATS,50,regions,MultiMinded,246,Balance,62.599999999998545,783.158,3,568.928,268.62299999999999,783.158,764.23619539551987,723.94274539551986,742.86454999999989,1,10,0,420,630
58,10,21,LinearSubgradientAuction,0.05,0.02,,True,,1000,10800,cats_reg_g10b50,,False,CATS,50,regions,MultiMinded,43,Balance,11.150000000001455,871.9079999999999,2,791.212,427.88200000000001,871.9079999999999,864.88707162008518,822.09887162008522,832.07533922440132,1,10,5,441,661
59,10,28,LinearSubgradientAuction,0.05,0.02,,True,,1000,10800,cats_reg_g10b50,,False,CATS,50,regions,MultiMinded,74,Balance,25.639999999999418,875.1772,3,803.796,406.47899999999998,875.1772,863.62231785239123,802.65046785239133,814.77384538494834,1,10,2,588,878
60,10,22,LinearSubgradientAuction,0.05,0.02,,True,,1000,10800,cats_reg_g10b50,,False,CATS,50,regions,MultiMinded,30,Balance,8.190000000002328,716.1357,3,662.173,358.10899999999998,716.1357,679.96851163947031,626.25216163947039,662.64973270122869,1,10,4,462,692
61,10,19,LinearSubgradientAuction,0.05,0.02,,True,,1000,10800,cats_reg_g10b50,,False,CATS,50,regions,MultiMinded,165,Balance,39.279999999998836,756.948,3,553.212,307.67700000000002,756.948,755.35650699820201,709.20495699820196,711.1528390154316,1,10,1,399,599
62,10,20,LinearSubgradientAuction,0.05,0.02,,True,,1000,10800,cats_reg_g10b50,,False,CATS,50,regions,MultiMinded,77,Balance,19.590000000003783,962.414,3,839.979,365.63299999999998,962.414,959.22284455570218,904.37789455570214,908.42773091333152,1,10,8,420,630
63,10,20,LinearSubgradientAuction,0.05,0.02,,True,,1000,10800,cats_reg_g10b50,,False,CATS,50,regions,MultiMinded,38,Balance,9.489999999997963,966.8963000000001,5,783.33,502.36099999999999,966.8963000000001,933.51310293669428,808.21281864002481,866.42409999999995,1,10,1,420,630
64,10,24,LinearSubgradientAuction,0.05,0.02,,True,,1000,10800,cats_reg_g10b50,,False,CATS,50,regions,MultiMinded,129,Balance,38.68000000000029,784.4846,2,723.45,238.8545,784.4846,763.36393675162526,739.47848675162527,760.59915000000001,1,10,0,504,754
65,10,18,LinearSubgradientAuction,0.05,0.02,,True,,1000,10800,cats_reg_g10b50,,False,CATS,50,regions,MultiMinded,106,Balance,24.160000000003492,863.3610000000001,3,758.102,337.34500000000003,856.6320000000001,823.94077466851252,773.33902466851248,821.69712940057013,1,10,3,378,568
66,10,18,LinearSubgradientAuction,0.05,0.02,,True,,1000,10800,cats_reg_g10b50,,False,CATS,50,regions,MultiMinded,192,Balance,43.779999999998836,852.079,4,807.329,372.65700000000004,852.079,806.82429586813657,733.20672097337354,796.68515413186356,1,10,9,378,568
67,10,27,LinearSubgradientAuction,0.05,0.02,,True,,1000,10800,cats_reg_g10b50,,False,CATS,50,regions,MultiMinded,88,Balance,29.93000000000029,860.8598,2,789.183,223.39999999999998,860.8598,856.63938493483681,834.29938493483678,849.63099607399397,1,10,1,567,847
68,10,20,LinearSubgradientAuction,0.05,0.02,,True,,1000,10800,cats_reg_g10b50,,False,CATS,50,regions,MultiMinded,84,Balance,21.110000000000582,535.1916,4,486.692,201.834,535.1916,525.64698812731024,485.28018812731023,504.849231804981,1,10,1,420,630
69,10,20,LinearSubgradientAuction,0.05,0.02,,True,,1000,10800,cats_reg_g10b50,,False,CATS,50,regions,MultiMinded,23,Balance,5.639999999999418,550.5322,3,423.552,212.09399999999999,550.5322,501.85540943697924,470.04130943697925,518.71810000000005,1,10,0,420,630
70,10,18,LinearSubgradientAuction,0.05,0.02,,True,,1000,10800,cats_reg_g10b50,,False,CATS,50,regions,MultiMinded,1000,MaxIter,229.45000000000437,965.81,3,780.078,273.52800000000002,355.709,892.37426713074512,239.06810814969188,351.97970070938777,1,10,1,378,568
71,10,17,LinearSubgradientAuction,0.05,0.02,,True,,1000,10800,cats_reg_g10b50,,False,CATS,50,regions,MultiMinded,1000,MaxIter,217.12999999999738,745.048,1,745.048,330.73000000000002,564.57,788.75185186791555,0,0.80288593217437665,1,10,5,357,537
72,10,23,LinearSubgradientAuction,0.05,0.02,,True,,1000,10800,cats_reg_g10b50,,False,CATS,50,regions,MultiMinded,63,Balance,17.869999999995343,619.2275000000001,7,497.631,317.09799999999996,619.2275000000001,584.32063347644623,473.33633347644638,508.24320000000012,1,10,0,483,723
73,10,20,LinearSubgradientAuction,0.05,0.02,,True,,1000,10800,cats_reg_g10b50,,False,CATS,50,regions,MultiMinded,1000,MaxIter,252.61000000000058,675.2625,1,656.76,362.82400000000001,601.73,697.76794607129762,0,1.6461617861072,1,10,10,420,630
74,10,26,LinearSubgradientAuction,0.05,0.02,,True,,1000,10800,cats_reg_g10b50,,False,CATS,50,regions,MultiMinded,65,Balance,21.220000000001164,942.6876,2,890.025,245.483,942.6876,942.19086517506616,917.64256517506624,918.13930000000005,1,10,0,546,816
75,10,15,LinearSubgradientAuction,0.05,0.02,,True,,1000,10800,cats_reg_g10b50,,False,CATS,50,regions,MultiMinded,99,Balance,19.05999999999767,986.353,5,977.088,450.65550000000002,986.353,980.37913478501707,871.95879191330857,898.32679304181113,1,10,5,315,475
76,10,22,LinearSubgradientAuction,0.05,0.02,,True,,1000,10800,cats_reg_g10b50,,False,CATS,50,regions,MultiMinded,58,Balance,15.809999999997672,900.434,6,820.61,441.17500000000001,900.434,875.98852775520038,743.6360277552003,775.14074413904007,1,10,7,462,692
77,10,19,LinearSubgradientAuction,0.05,0.02,,True,,1000,10800,cats_reg_g10b50,,False,CATS,50,regions,MultiMinded,1000,MaxIter,239.5699999999997,505.8682,3,489.633,293.4085,219.0362,492.06811657677247,167.47564206329045,190.21256434174381,1,10,8,399,599
78,10,15,LinearSubgradientAuction,0.05,0.02,,True,,1000,10800,cats_reg_g10b50,,False,CATS,50,regions,MultiMinded,315,Balance,61.09000000000378,723.896,1,723.896,268.85500000000002,723.896,723.75823529421575,710.3154852942157,710.45324999999991,1,10,0,315,475
79,10,20,LinearSubgradientAuction,0.05,0.02,,True,,1000,10800,cats_reg_g10b50,,False,CATS,50,regions,MultiMinded,73,Balance,18.099999999998545,830.055,4,715.055,304.07849999999996,830.055,772.88394756382399,712.19873720239832,784.44322499999987,1,10,1,420,630
80,10,23,LinearSubgradientAuction,0.05,0.02,,True,,1000,10800,cats_reg_g10b50,,False,CATS,50,regions,MultiMinded,1000,MaxIter,290.50999999999476,858.2552999999999,5,815.519,326.65449999999998,710.7932999999999,849.48091661270814,636.29078877073289,645.87539293198074,1,10,3,483,723
81,10,19,LinearSubgradientAuction,0.05,0.02,,True,,1000,10800,cats_reg_g10b50,,False,CATS,50,regions,MultiMinded,51,Balance,12.089999999996508,731.2354999999999,3,657.74,318.25649999999996,731.2354999999999,719.46203378784298,671.72355878784299,683.49702500000001,1,10,0,399,599
82,10,20,LinearSubgradientAuction,0.05,0.02,,True,,1000,10800,cats_reg_g10b50,,False,CATS,50,regions,MultiMinded,1000,MaxIter,253.12000000000262,799.819,3,670.65,230.49700000000001,570.5613,766.70561939904542,508.00415994063019,548.35542796155369,1,10,4,420,630
83,10,18,LinearSubgradientAuction,0.05,0.02,,True,,1000,10800,cats_reg_g10b50,,False,CATS,50,regions,MultiMinded,71,Balance,16.029999999998836,778.391,2,740.964,303.2475,778.391,773.82352109772387,743.49877109772387,758.85725740157329,1,10,9,378,568
84,10,19,LinearSubgradientAuction,0.05,0.02,,True,,1000,10800,cats_reg_g10b50,,False,CATS,50,regions,MultiMinded,11,Balance,2.459999999999127,653.4665,4,531.36,233.98450000000003,653.4665,616.61191480510888,569.81501480510894,610.36133710150807,1,10,3,399,599
85,10,16,LinearSubgradientAuction,0.05,0.02,,True,,1000,10800,cats_reg_g10b50,,False,CATS,50,regions,MultiMinded,19,Balance,3.7399999999979627,738.6202000000001,4,623.355,332.00099999999998,738.6202000000001,730.75184885252884,664.3516488525288,682.11582148542868,1,10,1,336,506
86,10,17,LinearSubgradientAuction,0.05,0.02,,True,,1000,10800,cats_reg_g10b50,,False,CATS,50,regions,MultiMinded,80,Balance,17.090000000003783,772.54,3,646.076,287.08299999999997,772.54,744.99173951196121,702.60921728278754,743.83170000000007,1,10,1,357,537
87,10,18,LinearSubgradientAuction,0.05,0.02,,True,,1000,10800,cats_reg_g10b50,,False,CATS,50,regions,MultiMinded,1000,MaxIter,228.0699999999997,883.32347,2,801.709,428.95349999999996,45.89987,940.34025752170908,0.0,4.2145860533514448,1,10,9,378,568
88,10,20,LinearSubgradientAuction,0.05,0.02,,True,,1000,10800,cats_reg_g10b50,,False,CATS,50,regions,MultiMinded,61,Balance,15.349999999998545,662.7294999999999,4,622.783,332.80799999999999,662.7294999999999,654.24278303672338,587.68118303672338,598.38822971355717,1,10,5,420,630
89,10,26,LinearSubgradientAuction,0.05,0.02,,True,,1000,10800,cats_reg_g10b50,,False,CATS,50,regions,MultiMinded,1000,MaxIter,325.2900000000009,844.3882,5,703.836,361.93200000000002,782.4252,821.31834487774654,665.36906478903268,711.27431801991099,1,10,7,546,816
90,10,21,LinearSubgradientAuction,0.05,0.02,,True,,1000,10800,cats_reg_g10b50,,False,CATS,50,regions,MultiMinded,1000,MaxIter,267.15000000000146,1011.3232,6,890.879,348.79300000000001,968.5201999999999,917.71502641965662,778.37512514928505,882.35006361498813,1,10,5,441,661
91,10,17,LinearSubgradientAuction,0.05,0.02,,True,,1000,10800,cats_reg_g10b50,,False,CATS,50,regions,MultiMinded,844,Balance,184.44000000000233,890.575,1,890.575,535.99700000000007,890.575,890.19137397870247,863.39152397870248,866.21349317230408,1,10,23,357,537
92,10,22,LinearSubgradientAuction,0.05,0.02,,True,,1000,10800,cats_reg_g10b50,,False,CATS,50,regions,MultiMinded,57,Balance,15.839999999996508,683.1735,2,627.133,263.76300000000003,683.1735,661.91864799322241,635.54234799322251,656.7972000000002,1,10,0,462,692
93,10,20,LinearSubgradientAuction,0.05,0.02,,True,,1000,10800,cats_reg_g10b50,,False,CATS,50,regions,MultiMinded,57,Balance,14.210000000006403,931.509,1,931.509,347.88099999999997,931.509,930.43781734929712,913.04376734929713,914.11495000000002,1,10,0,420,630
94,10,15,LinearSubgradientAuction,0.05,0.02,,True,,1000,10800,cats_reg_g10b50,,False,CATS,50,regions,MultiMinded,1000,MaxIter,194.63999999999942,772.037,2,770.337,295.54650000000004,406.473,771.0758322998023,87.149779534710134,94.237419469815919,1,10,9,315,475
95,10,17,LinearSubgradientAuction,0.05,0.02,,True,,1000,10800,cats_reg_g10b50,,False,CATS,50,regions,MultiMinded,66,Balance,14.130000000004657,901.2369,4,849.224,408.67100000000005,901.2369,896.88918934580965,818.5215979288555,844.19668914446515,1,10,6,357,537
96,10,19,LinearSubgradientAuction,0.05,0.02,,True,,1000,10800,cats_reg_g10b50,,False,CATS,50,regions,MultiMinded,14,Balance,3.220000000001164,752.0848,3,651.493,368.70849999999996,752.0848,717.60195978957995,662.29568478957992,710.31833864218572,1,10,14,399,599
97,10,20,LinearSubgradientAuction,0.05,0.02,,True,,1000,10800,cats_reg_g10b50,,False,CATS,50,regions,MultiMinded,1000,MaxIter,252.83000000000175,657.92043,1,602.694,360.185,400.287,695.62977793902189,0,0.4265460260760392,1,10,10,420,630
98,10,20,LinearSubgradientAuction,0.05,0.02,,True,,1000,10800,cats_reg_g10b50,,False,CATS,50,regions,MultiMinded,8,Balance,1.8799999999973807,1047.5140999999999,4,870.711,386.798,1047.5140999999999,975.62829052929135,898.26869052929123,970.15449999999987,1,10,0,420,630
99,10,22,LinearSubgradientAuction,0.05,0.02,,True,,1000,10800,cats_reg_g10b50,,False,CATS,50,regions,MultiMinded,45,Balance,12.349999999998545,1044.344,5,687.143,366.375,1044.344,1011.4418355953032,919.84808559530313,955.705787722389,1,10,4,462,692
100,10,21,LinearSubgradientAuction,0.05,0.02,,True,,1000,10800,cats_reg_g10b50,,False,CATS,50,regions,MultiMinded,586,Balance,156.40999999999622,587.8678,2,515.864,141.49099999999999,587.8678,568.30438770816659,554.15528770816661,573.84267455728695,1,10,7,441,661
