idx,items,agents,auction_class,epsilon,stepc,epoch,scalebyvalue,reserve_type,maxiter,maxtime,generator_param_name,personalized,int_prices,generator,bids,distribution,type,rounds,status,runtime,efficient_value,final_num_winners,final_max_agent_value,final_scalevalue,final_value,final_total_price,final_revenue,final_indirect_util,final_price_degree,final_price_sparsity,final_imbalance,final_wd_nvars,final_wd_ncons
1,30,36,LinearSubgradientAuction,0.2,0.02,,True,,1000,10800,cats_reg_g30b150,,False,CATS,150,regions,MultiMinded,58,Balance,82.40000000000873,2502.8085,9,1712.02,630.28700000000003,2502.8085,2167.5592797471272,1653.0512370361182,2076.6635682776787,1,28,8,2124,3162
2,30,38,LinearSubgradientAuction,0.2,0.02,,True,,1000,10800,cats_reg_g30b150,,False,CATS,150,regions,MultiMinded,416,Balance,647.9600000000064,2067.4249,7,1460.04,478.96600000000001,1989.7879,2078.4728968862473,1609.6980950629131,1654.1893472836805,1,29,7,2280,3412
3,30,36,LinearSubgradientAuction,0.2,0.02,,True,,1000,10800,cats_reg_g30b150,,False,CATS,150,regions,MultiMinded,1000,MaxIter,1430.2400000000052,2226.2472000000002,4,1961.0,494.50999999999999,292.3519,2222.7253140009448,64.439281686324335,97.947081989832611,1,28,22,2124,3162
4,30,38,LinearSubgradientAuction,0.2,0.02,,True,,1000,10800,cats_reg_g30b150,,False,CATS,150,regions,MultiMinded,65,Balance,102.70000000001164,2004.9491999999998,11,1505.7,557.86300000000006,2004.9491999999998,1885.9992610570469,911.56874153974991,1030.5186804827031,1,30,0,2318,3488
5,30,35,LinearSubgradientAuction,0.2,0.02,,True,,1000,10800,cats_reg_g30b150,,False,CATS,150,regions,MultiMinded,1000,MaxIter,1442.9300000000076,1864.626,7,1703.97,505.12049999999999,998.783,1858.9407379976735,478.81818704172611,496.371455518331,1,30,36,2135,3215
6,30,35,LinearSubgradientAuction,0.2,0.02,,True,,1000,10800,cats_reg_g30b150,,False,CATS,150,regions,MultiMinded,1000,MaxIter,1427.199999999997,2116.0368,3,1959.83,614.52500000000009,372.0778,2234.1631454781909,9.624758119244774,16.831761760296288,1,29,20,2100,3145
7,30,35,LinearSubgradientAuction,0.2,0.02,,True,,1000,10800,cats_reg_g30b150,,False,CATS,150,regions,MultiMinded,160,Balance,233.9499999999971,2031.9575,6,1330.11,558.39999999999998,2031.9575,1941.0354214948638,1380.41240417309,1515.4713955148904,1,30,5,2135,3215
8,30,35,LinearSubgradientAuction,0.2,0.02,,True,,1000,10800,cats_reg_g30b150,,False,CATS,150,regions,MultiMinded,160,Balance,229.7100000000064,2027.57669,10,1379.5,642.28750000000002,1953.3486899999998,1876.4378608906909,1286.0810719067536,1494.345126480511,1,30,42,2135,3215
9,30,36,LinearSubgradientAuction,0.2,0.02,,True,,1000,10800,cats_reg_g30b150,,False,CATS,150,regions,MultiMinded,74,Balance,105.43000000000757,1859.5272999999997,9,1542.29,443.88650000000001,1761.4186,1822.3634128695553,1335.0709479537286,1451.2632865117196,1,28,20,2124,3162
10,30,34,LinearSubgradientAuction,0.2,0.02,,True,,1000,10800,cats_reg_g30b150,,False,CATS,150,regions,MultiMinded,1000,MaxIter,1406.6800000000076,2566.974,5,2112.56,626.02300000000002,1716.133,2490.9877869492416,1018.2970527180935,1220.3483512537409,1,29,14,2040,3056
11,30,36,LinearSubgradientAuction,0.2,0.02,,True,,1000,10800,cats_reg_g30b150,,False,CATS,150,regions,MultiMinded,20,Balance,28.769999999989523,2431.6115,4,2098.81,721.22149999999999,2413.0615000000003,2354.5629133272282,1921.2331882359583,2114.5168952887011,1,29,3,2160,3234
12,30,32,LinearSubgradientAuction,0.2,0.02,,True,,1000,10800,cats_reg_g30b150,,False,CATS,150,regions,MultiMinded,1000,MaxIter,1306.2100000000064,1865.81568,5,1645.15,855.13049999999998,508.18378,1885.241509765289,0.0,122.38825213467624,1,29,22,1920,2878
13,30,35,LinearSubgradientAuction,0.2,0.02,,True,,1000,10800,cats_reg_g30b150,,False,CATS,150,regions,MultiMinded,1000,MaxIter,1449.3499999999913,1773.5022000000001,6,1494.31,678.60900000000004,712.1485,1760.7414835070526,242.67577466807984,369.63596199066478,1,30,19,2135,3215
14,30,32,LinearSubgradientAuction,0.2,0.02,,True,,1000,10800,cats_reg_g30b150,,False,CATS,150,regions,MultiMinded,441,Balance,577.5599999999977,1980.1873000000003,7,1559.99,631.08900000000006,1873.4867000000002,1870.4604751219717,1277.7688897384451,1472.7852048519305,1,30,50,1952,2942
15,30,36,LinearSubgradientAuction,0.2,0.02,,True,,1000,10800,cats_reg_g30b150,,False,CATS,150,regions,MultiMinded,34,Balance,49.520000000004075,2512.4141000000004,5,2312.23,781.00699999999995,2483.6781000000005,2353.6249012909111,2043.953201890919,2219.1298724101548,1,30,1,2196,3306
16,30,34,LinearSubgradientAuction,0.2,0.02,,True,,1000,10800,cats_reg_g30b150,,False,CATS,150,regions,MultiMinded,1000,MaxIter,1368.5800000000017,1929.452,3,1789.44,584.255,119.6755,1939.5453422493551,0.0,75.685332471620171,1,28,26,2006,2988
17,30,33,LinearSubgradientAuction,0.2,0.02,,True,,1000,10800,cats_reg_g30b150,,False,CATS,150,regions,MultiMinded,173,Balance,240.02999999999884,1934.7395999999999,9,1626.95,730.93200000000002,1729.7215,1876.6759622238164,1006.5609381185403,1091.2820344767467,1,30,48,2013,3033
18,30,34,LinearSubgradientAuction,0.2,0.02,,True,,1000,10800,cats_reg_g30b150,,False,CATS,150,regions,MultiMinded,1000,MaxIter,1410.1600000000035,2504.1384,5,1818.33,781.33600000000001,2275.8764,2388.5044012525341,1708.1782860941939,1837.4911590939876,1,29,8,2040,3056
19,30,36,LinearSubgradientAuction,0.2,0.02,,True,,1000,10800,cats_reg_g30b150,,False,CATS,150,regions,MultiMinded,27,Balance,37.9600000000064,2560.7110000000002,12,1508.06,549.71399999999994,2557.321,2118.2644374824758,1239.9368179924777,1767.4717741857357,1,28,2,2124,3162
20,30,37,LinearSubgradientAuction,0.2,0.02,,True,,1000,10800,cats_reg_g30b150,,False,CATS,150,regions,MultiMinded,1000,MaxIter,1547.2300000000105,1801.7813999999998,5,1490.47,395.125,653.0751,1796.5391613642789,423.45324779223529,488.14939447177187,1,30,21,2257,3397
21,30,33,LinearSubgradientAuction,0.2,0.02,,True,,1000,10800,cats_reg_g30b150,,False,CATS,150,regions,MultiMinded,157,Balance,215.5899999999965,1553.7635,4,1374.19,778.39550000000008,1553.7635,1599.5824091231364,1209.7331292666072,1277.3584415209843,1,30,1,2013,3033
22,30,38,LinearSubgradientAuction,0.2,0.02,,True,,1000,10800,cats_reg_g30b150,,False,CATS,150,regions,MultiMinded,196,Balance,302.3000000000029,2312.252,6,2123.59,638.69949999999994,2312.252,2410.8917329364112,1686.3095818090385,1712.010560371363,1,29,6,2280,3412
23,30,38,LinearSubgradientAuction,0.2,0.02,,True,,1000,10800,cats_reg_g30b150,,False,CATS,150,regions,MultiMinded,31,Balance,46.95999999999185,2354.8725,8,1818.1,597.00800000000004,2354.8725,2174.8040345779191,1689.66507174495,1987.8004457190916,1,29,3,2280,3412
24,30,35,LinearSubgradientAuction,0.2,0.02,,True,,1000,10800,cats_reg_g30b150,,False,CATS,150,regions,MultiMinded,1000,MaxIter,1454.8099999999977,1892.4884,11,1241.36,538.58849999999995,1262.3604,1762.2502971167191,576.69875299427076,803.48847147138736,1,30,18,2135,3215
25,30,33,LinearSubgradientAuction,0.2,0.02,,True,,1000,10800,cats_reg_g30b150,,False,CATS,150,regions,MultiMinded,1000,MaxIter,1343.9599999999919,1741.0822999999998,4,1538.41,861.41849999999999,140.8986,1691.9854852997803,0.0,130.52984007569563,1,29,16,1980,2967
26,30,34,LinearSubgradientAuction,0.2,0.02,,True,,1000,10800,cats_reg_g30b150,,False,CATS,150,regions,MultiMinded,1000,MaxIter,1405.3499999999913,2008.668,7,1919.5,424.82100000000003,1366.5693999999999,2019.1256510224987,979.08897185032947,1074.465320319008,1,30,9,2074,3124
27,30,32,LinearSubgradientAuction,0.2,0.02,,True,,1000,10800,cats_reg_g30b150,,False,CATS,150,regions,MultiMinded,1000,MaxIter,1252.979999999996,2175.2061,5,1890.21,644.31150000000002,998.9842,2276.3940661063671,840.2779518248675,842.46870747151183,1,28,13,1888,2814
28,30,37,LinearSubgradientAuction,0.2,0.02,,True,,1000,10800,cats_reg_g30b150,,False,CATS,150,regions,MultiMinded,1000,MaxIter,1525.6100000000006,2040.43179,7,1615.6,517.23699999999997,1582.0526,1949.0764738866012,656.86824895043458,793.087331687306,1,29,11,2220,3323
29,30,33,LinearSubgradientAuction,0.2,0.02,,True,,1000,10800,cats_reg_g30b150,,False,CATS,150,regions,MultiMinded,242,Balance,330.54000000000815,2111.632,9,1854.64,708.57899999999995,2044.527,2057.902637479162,1330.3155093534579,1589.0065158723933,1,30,42,2013,3033
30,30,35,LinearSubgradientAuction,0.2,0.02,,True,,1000,10800,cats_reg_g30b150,,False,CATS,150,regions,MultiMinded,1000,MaxIter,1382.5799999999872,2323.0769999999998,8,1594.17,462.18150000000003,1882.0703000000003,2117.1511537852284,1171.5425525426483,1431.5621553452183,1,27,20,2030,3005
31,30,34,LinearSubgradientAuction,0.2,0.02,,True,,1000,10800,cats_reg_g30b150,,False,CATS,150,regions,MultiMinded,63,Balance,80.95999999999185,2659.4860000000003,7,2167.09,585.07799999999997,2659.4860000000003,2615.7820993285723,2019.824623881211,2158.217067255337,1,27,3,1972,2920
32,30,37,LinearSubgradientAuction,0.2,0.02,,True,,1000,10800,cats_reg_g30b150,,False,CATS,150,regions,MultiMinded,1000,MaxIter,1554.1000000000058,1999.8556999999998,6,1545.46,522.50199999999995,1787.9346999999998,1929.9539934961754,1379.0339740023426,1479.1989036935086,1,30,3,2257,3397
33,30,37,LinearSubgradientAuction,0.2,0.02,,True,,1000,10800,cats_reg_g30b150,,False,CATS,150,regions,MultiMinded,22,Balance,31.34000000001106,1805.9524000000001,12,1582.17,487.50400000000002,1725.9506999999999,1712.4392871783814,981.09316483970349,1234.738778256507,1,28,21,2183,3249
34,30,39,LinearSubgradientAuction,0.2,0.02,,True,,1000,10800,cats_reg_g30b150,,False,CATS,150,regions,MultiMinded,359,Balance,576.5100000000093,1983.6001999999999,9,1564.76,623.41200000000003,1888.5729000000001,2060.6992236563924,1177.1104324298926,1182.8030696692733,1,30,26,2379,3579
35,30,38,LinearSubgradientAuction,0.2,0.02,,True,,1000,10800,cats_reg_g30b150,,False,CATS,150,regions,MultiMinded,1000,MaxIter,1556.6900000000023,2341.4052,9,1755.59,637.298,1763.6758,2307.6909723254007,1001.4615220342838,1151.6131461613031,1,29,40,2280,3412
36,30,33,LinearSubgradientAuction,0.2,0.02,,True,,1000,10800,cats_reg_g30b150,,False,CATS,150,regions,MultiMinded,148,Balance,196.31999999999243,2136.9992,8,1693.26,587.83249999999998,2088.638,2188.9613244338989,1304.1682940031769,1381.4884769717353,1,29,23,1980,2967
37,30,34,LinearSubgradientAuction,0.2,0.02,,True,,1000,10800,cats_reg_g30b150,,False,CATS,150,regions,MultiMinded,637,Balance,904.1499999999942,1991.3467,11,1812.59,701.23299999999995,1743.1569000000002,1979.0571950625831,989.43122428160495,1107.5872811485024,1,30,24,2074,3124
38,30,40,LinearSubgradientAuction,0.2,0.02,,True,,1000,10800,cats_reg_g30b150,,False,CATS,150,regions,MultiMinded,78,Balance,126.51999999998952,2724.0288,6,2153.9,576.38300000000004,2632.9038,2415.8345455260596,2023.4209634770748,2345.2316693112157,1,29,2,2400,3590
39,30,30,LinearSubgradientAuction,0.2,0.02,,True,,1000,10800,cats_reg_g30b150,,False,CATS,150,regions,MultiMinded,646,Balance,791.8500000000058,1968.0602,5,1918.66,764.726,1886.489,2010.6384320765508,1274.2623412120579,1428.0880254845176,1,30,14,1830,2760
40,30,33,LinearSubgradientAuction,0.2,0.02,,True,,1000,10800,cats_reg_g30b150,,False,CATS,150,regions,MultiMinded,41,Balance,55.51999999998952,1942.0583000000001,3,1674.34,688.69799999999998,1942.0583000000001,1951.8218226987724,1628.0405703996694,1665.3440431320937,1,30,14,2013,3033
41,30,35,LinearSubgradientAuction,0.2,0.02,,True,,1000,10800,cats_reg_g30b150,,False,CATS,150,regions,MultiMinded,157,Balance,228.75999999999476,1877.7214099999999,9,1423.29,646.35299999999995,1751.6444999999999,1866.0167119320674,1086.0498838393023,1161.2588208651439,1,30,37,2135,3215
42,30,32,LinearSubgradientAuction,0.2,0.02,,True,,1000,10800,cats_reg_g30b150,,False,CATS,150,regions,MultiMinded,1000,MaxIter,1306.6499999999942,2111.841,4,1703.5,646.17399999999998,564.4680000000001,2239.4615928656481,247.12327781612584,294.485234154502,1,30,8,1952,2942
43,30,40,LinearSubgradientAuction,0.2,0.02,,True,,1000,10800,cats_reg_g30b150,,False,CATS,150,regions,MultiMinded,74,Balance,120.47000000000116,2446.7208,6,1927.69,685.90899999999999,2446.7208,2146.8201823739801,1769.2032250595951,2157.440327640235,1,29,2,2400,3590
44,30,35,LinearSubgradientAuction,0.2,0.02,,True,,1000,10800,cats_reg_g30b150,,False,CATS,150,regions,MultiMinded,812,Balance,1187.4800000000105,1711.1515999999997,8,1299.51,651.40899999999999,1656.0716,1598.9895066444728,815.40265137580082,982.09322634936268,1,30,76,2135,3215
45,30,38,LinearSubgradientAuction,0.2,0.02,,True,,1000,10800,cats_reg_g30b150,,False,CATS,150,regions,MultiMinded,62,Balance,96.19000000000233,2034.5094,9,1828.07,742.07299999999998,1834.0014,2071.1060622955006,1324.3774855263291,1392.129496502831,1,29,36,2280,3412
46,30,31,LinearSubgradientAuction,0.2,0.02,,True,,1000,10800,cats_reg_g30b150,,False,CATS,150,regions,MultiMinded,26,Balance,31.910000000003492,2564.0325000000003,4,2373.4,807.26099999999997,2510.7187,2477.1343128216959,2098.2770905959383,2214.1345178116571,1,30,3,1891,2851
47,30,37,LinearSubgradientAuction,0.2,0.02,,True,,1000,10800,cats_reg_g30b150,,False,CATS,150,regions,MultiMinded,1000,MaxIter,1506.5999999999913,2233.1322,8,1669.44,664.97900000000004,1373.4992000000002,2003.9590297545312,677.03397655926483,930.94137526310965,1,29,10,2220,3323
48,30,35,LinearSubgradientAuction,0.2,0.02,,True,,1000,10800,cats_reg_g30b150,,False,CATS,150,regions,MultiMinded,1000,MaxIter,1452.6699999999983,2069.4358,5,1826.01,556.24350000000004,1243.9759,2017.6367118262165,801.30839546492359,964.66023008977118,1,30,15,2135,3215
49,30,30,LinearSubgradientAuction,0.2,0.02,,True,,1000,10800,cats_reg_g30b150,,False,CATS,150,regions,MultiMinded,133,Balance,162.72999999999593,1979.7895999999998,9,1594.07,673.82600000000002,1941.965,1974.1201983045412,1124.0377217888058,1258.9514472944306,1,30,49,1830,2760
50,30,33,LinearSubgradientAuction,0.2,0.02,,True,,1000,10800,cats_reg_g30b150,,False,CATS,150,regions,MultiMinded,1000,MaxIter,1324.9199999999983,2110.6722999999997,7,1335.35,460.47550000000001,2067.0203,1991.210228359153,1487.7504184411848,1741.1736572777131,1,29,11,1980,2967
51,30,37,LinearSubgradientAuction,0.2,0.02,,True,,1000,10800,cats_reg_g30b150,,False,CATS,150,regions,MultiMinded,100,Balance,146.57000000000698,2245.4244000000003,7,1882.26,597.73699999999997,2245.4244000000003,2228.9718293585092,1651.5353731414423,1738.3175219509696,1,28,15,2183,3249
52,30,32,LinearSubgradientAuction,0.2,0.02,,True,,1000,10800,cats_reg_g30b150,,False,CATS,150,regions,MultiMinded,40,Balance,50.5,1756.6213,7,1409.87,556.45500000000004,1756.6213,1721.4720677295543,1173.2319433492858,1316.01511458048,1,29,3,1920,2878
53,30,34,LinearSubgradientAuction,0.2,0.02,,True,,1000,10800,cats_reg_g30b150,,False,CATS,150,regions,MultiMinded,326,Balance,457.56999999999243,2325.6629000000003,12,1796.97,570.23000000000002,2221.4774,2172.6715653160659,1133.580742341604,1352.5456752657215,1,29,32,2040,3056
54,30,37,LinearSubgradientAuction,0.2,0.02,,True,,1000,10800,cats_reg_g30b150,,False,CATS,150,regions,MultiMinded,41,Balance,60.080000000001746,2355.424,7,2152.9,670.553,2355.424,2323.0120345981118,1787.564875267959,1926.2939054285287,1,28,4,2183,3249
55,30,33,LinearSubgradientAuction,0.2,0.02,,True,,1000,10800,cats_reg_g30b150,,False,CATS,150,regions,MultiMinded,1000,MaxIter,1372.0100000000093,2078.1524999999997,8,1352.37,548.28150000000005,755.3975,2041.6020445418944,311.15482221976617,372.5445559376497,1,30,13,2013,3033
56,30,39,LinearSubgradientAuction,0.2,0.02,,True,,1000,10800,cats_reg_g30b150,,False,CATS,150,regions,MultiMinded,265,Balance,423.45000000001164,1893.3772000000004,12,1498.24,591.42200000000003,1893.3772000000004,1765.6726676692999,925.34929067971461,1095.7301141938763,1,29,13,2340,3501
57,30,36,LinearSubgradientAuction,0.2,0.02,,True,,1000,10800,cats_reg_g30b150,,False,CATS,150,regions,MultiMinded,381,Balance,557.7599999999948,1899.5301999999997,8,1604.44,621.16750000000002,1651.6739,1887.1669720856326,1159.7918261205093,1244.9415556414394,1,29,28,2160,3234
58,30,36,LinearSubgradientAuction,0.2,0.02,,True,,1000,10800,cats_reg_g30b150,,False,CATS,150,regions,MultiMinded,122,Balance,184.15999999998894,2429.6093,7,2057.42,832.86300000000006,2429.6093,2362.4969366624982,1627.3946044681663,1789.0550941756421,1,30,2,2196,3306
59,30,39,LinearSubgradientAuction,0.2,0.02,,True,,1000,10800,cats_reg_g30b150,,False,CATS,150,regions,MultiMinded,241,Balance,397.8600000000006,2064.9126,7,1772.9,622.28800000000001,2035.9265,2052.2735266533432,1428.2852178327169,1557.4969828430653,1,30,15,2379,3579
60,30,35,LinearSubgradientAuction,0.2,0.02,,True,,1000,10800,cats_reg_g30b150,,False,CATS,150,regions,MultiMinded,46,Balance,63.95000000001164,1956.0875,9,1842.74,450.80399999999997,1934.0465,1922.0926881950982,1286.5686993091822,1384.877566355819,1,28,4,2065,3075
61,30,37,LinearSubgradientAuction,0.2,0.02,,True,,1000,10800,cats_reg_g30b150,,False,CATS,150,regions,MultiMinded,872,Balance,1349.300000000003,1951.6029999999998,12,1560.47,530.9905,1738.7631,1886.6654525519377,959.01770197309293,1068.4800148695463,1,30,55,2257,3397
62,30,34,LinearSubgradientAuction,0.2,0.02,,True,,1000,10800,cats_reg_g30b150,,False,CATS,150,regions,MultiMinded,92,Balance,129.49000000000524,1978.0167,8,1737.89,582.94900000000007,1978.0167,1926.1153829852738,1304.6391403251903,1482.1542759462684,1,30,6,2074,3124
63,30,30,LinearSubgradientAuction,0.2,0.02,,True,,1000,10800,cats_reg_g30b150,,False,CATS,150,regions,MultiMinded,95,Balance,114.47000000000116,2547.4234,6,1821.34,869.476,2547.4234,2366.9180164243362,1843.9503594882112,2099.8253110308533,1,29,16,1800,2700
64,30,34,LinearSubgradientAuction,0.2,0.02,,True,,1000,10800,cats_reg_g30b150,,False,CATS,150,regions,MultiMinded,338,Balance,477.00999999999476,2427.9729,9,1844.14,792.92899999999997,2427.9729,2273.3545973590653,1420.5803017909143,1646.0223375301503,1,30,10,2074,3124
65,30,36,LinearSubgradientAuction,0.2,0.02,,True,,1000,10800,cats_reg_g30b150,,False,CATS,150,regions,MultiMinded,92,Balance,134.00999999999476,2209.3287,11,1779.98,732.52250000000004,2134.5853,2084.1134993932446,1263.7634560348456,1522.719829386165,1,29,22,2160,3234
66,30,30,LinearSubgradientAuction,0.2,0.02,,True,,1000,10800,cats_reg_g30b150,,False,CATS,150,regions,MultiMinded,21,Balance,24.579999999987194,2387.3904,3,2290.03,553.03500000000008,2387.3904,2298.9558730873587,2150.6900103455819,2341.3203222264719,1,29,3,1800,2700
67,30,41,LinearSubgradientAuction,0.2,0.02,,True,,1000,10800,cats_reg_g30b150,,False,CATS,150,regions,MultiMinded,1000,MaxIter,1678.5299999999843,2130.5865999999996,8,1569.3,447.20299999999997,1088.1386,2072.7724517949241,699.20662666451801,876.46883403033667,1,29,20,2460,3679
68,30,34,LinearSubgradientAuction,0.2,0.02,,True,,1000,10800,cats_reg_g30b150,,False,CATS,150,regions,MultiMinded,123,Balance,172.13000000000466,1871.0335999999998,10,1491.62,623.48450000000003,1684.6644999999999,1805.7373773664899,916.97187183463814,1038.6500849939782,1,30,38,2074,3124
69,30,34,LinearSubgradientAuction,0.2,0.02,,True,,1000,10800,cats_reg_g30b150,,False,CATS,150,regions,MultiMinded,111,Balance,155.23000000001048,2248.1536,8,1918.69,909.28949999999998,2248.1536,2161.2584497448852,1346.4362727018706,1439.0813804453028,1,29,17,2040,3056
70,30,32,LinearSubgradientAuction,0.2,0.02,,True,,1000,10800,cats_reg_g30b150,,False,CATS,150,regions,MultiMinded,285,Balance,379.00999999999476,2074.3614,7,1794.89,671.03600000000006,2074.3614,2040.939383453268,1457.8797814255049,1599.1567294067258,1,30,8,1952,2942
71,30,30,LinearSubgradientAuction,0.2,0.02,,True,,1000,10800,cats_reg_g30b150,,False,CATS,150,regions,MultiMinded,1000,MaxIter,1200.0800000000163,2107.4125,5,1919.92,672.68100000000004,473.874,2144.8904102490146,184.70634263354964,317.12309270747295,1,29,28,1800,2700
72,30,35,LinearSubgradientAuction,0.2,0.02,,True,,1000,10800,cats_reg_g30b150,,False,CATS,150,regions,MultiMinded,225,Balance,319.25,1946.4843000000003,11,1216.53,554.09649999999999,1834.4973,1868.0359066641049,1106.0287007916859,1340.8701259836416,1,29,53,2100,3145
73,30,35,LinearSubgradientAuction,0.2,0.02,,True,,1000,10800,cats_reg_g30b150,,False,CATS,150,regions,MultiMinded,757,Balance,1100.1199999999808,1852.6272999999999,11,1445.38,663.03899999999999,1702.0949999999998,1702.188475027395,924.00628243875985,1188.0663494028108,1,30,42,2135,3215
74,30,31,LinearSubgradientAuction,0.2,0.02,,True,,1000,10800,cats_reg_g30b150,,False,CATS,150,regions,MultiMinded,1000,MaxIter,1287.820000000007,2020.0417,4,1744.34,781.83899999999994,1182.3620999999998,2032.9964294491897,791.15860184044845,942.09746306029547,1,30,15,1891,2851
75,30,39,LinearSubgradientAuction,0.2,0.02,,True,,1000,10800,cats_reg_g30b150,,False,CATS,150,regions,MultiMinded,1000,MaxIter,1637.1199999999953,2549.9302,8,1890.83,637.39099999999996,1465.9662,2452.2568190849315,379.68179687139934,574.68900437696948,1,30,18,2379,3579
76,30,36,LinearSubgradientAuction,0.2,0.02,,True,,1000,10800,cats_reg_g30b150,,False,CATS,150,regions,MultiMinded,198,Balance,297.68000000000757,1970.4382,7,1633.82,405.01099999999997,1957.2915,2034.648400584932,1530.1569100022778,1590.7417562519422,1,30,35,2196,3306
77,30,34,LinearSubgradientAuction,0.2,0.02,,True,,1000,10800,cats_reg_g30b150,,False,CATS,150,regions,MultiMinded,75,Balance,104.11000000000058,1646.3148,6,1576.38,831.28949999999998,1563.2302,1684.5539178382219,841.28517609667324,870.31135804745259,1,30,5,2074,3124
78,30,34,LinearSubgradientAuction,0.2,0.02,,True,,1000,10800,cats_reg_g30b150,,False,CATS,150,regions,MultiMinded,1000,MaxIter,1405.2400000000052,2412.1546,6,1881.66,768.41550000000007,1391.8126,2429.8325579154443,0.0,133.28281914308033,1,29,16,2040,3056
79,30,29,LinearSubgradientAuction,0.2,0.02,,True,,1000,10800,cats_reg_g30b150,,False,CATS,150,regions,MultiMinded,334,Balance,385.72000000000116,2267.359,8,2060.3,919.01300000000003,2003.968,2272.2320372638401,1279.7440862891669,1429.5508194799818,1,29,45,1740,2611
80,30,37,LinearSubgradientAuction,0.2,0.02,,True,,1000,10800,cats_reg_g30b150,,False,CATS,150,regions,MultiMinded,362,Balance,537.8399999999965,2112.5864,7,1592.54,576.49599999999998,2001.116,2020.6105443284964,1481.6526711381375,1628.6825067328371,1,29,15,2220,3323
81,30,33,LinearSubgradientAuction,0.2,0.02,,True,,1000,10800,cats_reg_g30b150,,False,CATS,150,regions,MultiMinded,91,Balance,123.51999999998952,1652.215,6,1316.69,725.81600000000003,1603.6039999999998,1791.1539511247706,1165.7691429295362,1196.166957156335,1,30,28,2013,3033
82,30,35,LinearSubgradientAuction,0.2,0.02,,True,,1000,10800,cats_reg_g30b150,,False,CATS,150,regions,MultiMinded,1000,MaxIter,1440.3800000000047,2109.0315,7,1900.31,619.13249999999994,752.3569,2266.9399386267669,348.82187396570566,386.80952134123908,1,30,26,2135,3215
83,30,32,LinearSubgradientAuction,0.2,0.02,,True,,1000,10800,cats_reg_g30b150,,False,CATS,150,regions,MultiMinded,81,Balance,107.00999999998021,2576.43019,8,2027.96,1059.6700000000001,2571.7672000000002,2616.0180881558144,1548.8361578021593,1616.9600298024509,1,30,21,1952,2942
84,30,34,LinearSubgradientAuction,0.2,0.02,,True,,1000,10800,cats_reg_g30b150,,False,CATS,150,regions,MultiMinded,266,Balance,370.6000000000058,1983.6759000000002,14,1485.27,650.14099999999996,1700.0871000000002,1888.1243346140218,804.86917123400008,1042.5431533374115,1,30,79,2074,3124
85,30,33,LinearSubgradientAuction,0.2,0.02,,True,,1000,10800,cats_reg_g30b150,,False,CATS,150,regions,MultiMinded,196,Balance,262.7600000000093,1650.3177,4,1136.81,534.83399999999995,1608.6533,1604.3864572248467,1272.7893772248467,1323.0055436146529,1,29,8,1980,2967
86,30,37,LinearSubgradientAuction,0.2,0.02,,True,,1000,10800,cats_reg_g30b150,,False,CATS,150,regions,MultiMinded,118,Balance,179.05999999999767,2073.2363,7,1605.13,504.47649999999999,2069.3503,1925.4953145434488,1459.2752239630531,1648.6731892490743,1,30,10,2257,3397
87,30,34,LinearSubgradientAuction,0.2,0.02,,True,,1000,10800,cats_reg_g30b150,,False,CATS,150,regions,MultiMinded,1000,MaxIter,1366.9400000000023,2161.5317,9,1611.82,461.19499999999999,1668.4247,2189.2619666568594,1110.0424175153362,1249.3178903475086,1,28,15,2006,2988
88,30,35,LinearSubgradientAuction,0.2,0.02,,True,,1000,10800,cats_reg_g30b150,,False,CATS,150,regions,MultiMinded,87,Balance,123.25,1960.6723,10,1579.4,529.16499999999996,1960.6723,1907.2379371669665,1126.7922221672536,1253.2691145277379,1,29,18,2100,3145
89,30,40,LinearSubgradientAuction,0.2,0.02,,True,,1000,10800,cats_reg_g30b150,,False,CATS,150,regions,MultiMinded,32,Balance,49.69000000000233,2103.4608,12,1324.86,455.78500000000003,2051.8125,1749.9520835002222,1018.5514827023322,1396.1492374781251,1,27,5,2320,3430
90,30,36,LinearSubgradientAuction,0.2,0.02,,True,,1000,10800,cats_reg_g30b150,,False,CATS,150,regions,MultiMinded,177,Balance,255.54000000000815,2252.2093,8,1749.09,686.99800000000005,2252.2093,2184.4740383272629,1422.3920348213398,1540.2590398938005,1,29,6,2160,3234
91,30,37,LinearSubgradientAuction,0.2,0.02,,True,,1000,10800,cats_reg_g30b150,,False,CATS,150,regions,MultiMinded,26,Balance,37.89000000001397,2533.4677,11,1557.05,605.50300000000004,2524.7637,2207.0949763545718,1539.3813272145674,1990.9054074166545,1,29,12,2220,3323
92,30,37,LinearSubgradientAuction,0.2,0.02,,True,,1000,10800,cats_reg_g30b150,,False,CATS,150,regions,MultiMinded,68,Balance,104.14999999999418,2087.0795,10,1557.29,467.12700000000001,2016.8539,1954.5471854711218,1270.1270279041048,1476.5329167722853,1,30,18,2257,3397
93,30,34,LinearSubgradientAuction,0.2,0.02,,True,,1000,10800,cats_reg_g30b150,,False,CATS,150,regions,MultiMinded,49,Balance,64.88999999998487,2220.4165999999996,9,1477.09,531.97949999999992,2160.0827,2073.2200003084308,1372.6761056812261,1584.4191543192539,1,28,18,2006,2988
94,30,33,LinearSubgradientAuction,0.2,0.02,,True,,1000,10800,cats_reg_g30b150,,False,CATS,150,regions,MultiMinded,100,Balance,129.02999999999884,2089.1439,9,1850.23,583.02999999999997,1908.8909,2050.5204126878602,1270.9008742419435,1465.9322546206811,1,28,37,1947,2901
95,30,36,LinearSubgradientAuction,0.2,0.02,,True,,1000,10800,cats_reg_g30b150,,False,CATS,150,regions,MultiMinded,46,Balance,67.76999999998952,2218.1557,9,1747.55,732.99250000000006,2218.1557,2221.3595604431021,1367.8360735398912,1535.1761031528745,1,30,18,2196,3306
96,30,33,LinearSubgradientAuction,0.2,0.02,,True,,1000,10800,cats_reg_g30b150,,False,CATS,150,regions,MultiMinded,1000,MaxIter,1336.1300000000047,1873.9284000000002,10,1690.89,555.43200000000002,1756.4524000000001,1906.5953025536114,1021.5589786770639,1073.8806208278445,1,29,17,1980,2967
97,30,37,LinearSubgradientAuction,0.2,0.02,,True,,1000,10800,cats_reg_g30b150,,False,CATS,150,regions,MultiMinded,77,Balance,113.86999999999534,1853.4531000000002,11,1334.16,635.36699999999996,1853.4531000000002,1779.833118655205,833.86976516166237,954.43404553516268,1,29,6,2220,3323
98,30,36,LinearSubgradientAuction,0.2,0.02,,True,,1000,10800,cats_reg_g30b150,,False,CATS,150,regions,MultiMinded,30,Balance,43.10999999998603,2779.0163,10,2131.76,620.35799999999995,2779.0163,2826.4162685332562,1782.3883256050183,1923.3546986662316,1,30,25,2196,3306
99,30,37,LinearSubgradientAuction,0.2,0.02,,True,,1000,10800,cats_reg_g30b150,,False,CATS,150,regions,MultiMinded,1000,MaxIter,1457.429999999993,2286.8288000000002,4,1573.72,543.00099999999998,2180.7238,2234.5241047730124,1100.4611364302914,1267.7676278549238,1,28,13,2183,3249
100,30,32,LinearSubgradientAuction,0.2,0.02,,True,,1000,10800,cats_reg_g30b150,,False,CATS,150,regions,MultiMinded,50,Balance,65.08999999999651,1906.0085,11,1496.95,591.39400000000001,1818.9705000000001,1758.2505809169052,868.75790524619379,1134.5117025634256,1,30,15,1952,2942
