idx,items,agents,auction_class,epsilon,stepc,epoch,scalebyvalue,reserve_type,maxiter,maxtime,generator_param_name,personalized,int_prices,generator,bids,distribution,type,rounds,status,runtime,efficient_value,final_num_winners,final_max_agent_value,final_scalevalue,final_value,final_total_price,final_revenue,final_indirect_util,final_price_degree,final_price_sparsity,final_imbalance,final_wd_nvars,final_wd_ncons
1,30,36,LinearSubgradientAuction,0.025,0.02,,True,,1000,10800,cats_reg_g30b150,,False,CATS,150,regions,MultiMinded,709,Balance,1016.9000000000015,2502.8085,9,1712.02,630.28700000000003,2502.8085,2169.2636572110159,2058.963432211016,2408.1562800227343,1,28,13,2124,3162
2,30,38,LinearSubgradientAuction,0.025,0.02,,True,,1000,10800,cats_reg_g30b150,,False,CATS,150,regions,MultiMinded,1000,MaxIter,1566.8599999999988,2067.4249,5,1460.04,478.96600000000001,1685.9609,2076.0548341558074,495.46041887012206,537.50432301016485,1,29,9,2280,3412
3,30,36,LinearSubgradientAuction,0.025,0.02,,True,,1000,10800,cats_reg_g30b150,,False,CATS,150,regions,MultiMinded,1000,MaxIter,1427.3900000000012,2226.2472000000002,4,1961.0,494.50999999999999,292.3519,2222.7253140009448,228.02569285591875,261.53349315942705,1,28,22,2124,3162
4,30,38,LinearSubgradientAuction,0.025,0.02,,True,,1000,10800,cats_reg_g30b150,,False,CATS,150,regions,MultiMinded,65,Balance,101.26999999999862,2004.9491999999998,11,1505.7,557.86300000000006,2004.9491999999998,1885.9992610570469,1732.5869360570471,1851.5368750000002,1,30,0,2318,3488
5,30,35,LinearSubgradientAuction,0.025,0.02,,True,,1000,10800,cats_reg_g30b150,,False,CATS,150,regions,MultiMinded,1000,MaxIter,1456.5599999999995,1864.626,7,1703.97,505.12049999999999,998.783,1858.9407379976735,920.79862454172621,938.35189301833111,1,30,36,2135,3215
6,30,35,LinearSubgradientAuction,0.025,0.02,,True,,1000,10800,cats_reg_g30b150,,False,CATS,150,regions,MultiMinded,1000,MaxIter,1410.9400000000005,2116.0368,3,1959.83,614.52500000000009,372.0778,2234.1631454781909,177.29105826864489,184.49806190969639,1,29,20,2100,3145
7,30,35,LinearSubgradientAuction,0.025,0.02,,True,,1000,10800,cats_reg_g30b150,,False,CATS,150,regions,MultiMinded,926,Balance,1342.2200000000012,2031.9575,6,1330.11,558.39999999999998,2031.9575,1928.5010993561189,1847.5330993561186,1964.5505389390983,1,30,5,2135,3215
8,30,35,LinearSubgradientAuction,0.025,0.02,,True,,1000,10800,cats_reg_g30b150,,False,CATS,150,regions,MultiMinded,1000,MaxIter,1438.289999999999,2027.57669,7,1379.5,642.28750000000002,1912.43169,1898.4321911747197,1586.331165615687,1755.1253459615764,1,30,3,2135,3215
9,30,36,LinearSubgradientAuction,0.025,0.02,,True,,1000,10800,cats_reg_g30b150,,False,CATS,150,regions,MultiMinded,1000,MaxIter,1418.8500000000004,1859.5272999999997,3,1542.29,443.88650000000001,155.6166,1798.2685270342884,37.638397289310824,142.70298669593612,1,28,25,2124,3162
10,30,34,LinearSubgradientAuction,0.025,0.02,,True,,1000,10800,cats_reg_g30b150,,False,CATS,150,regions,MultiMinded,1000,MaxIter,1384.7700000000004,2566.974,5,2112.56,626.02300000000002,1716.133,2490.9877869492416,1453.8658600991801,1655.9171586348275,1,29,14,2040,3056
11,30,36,LinearSubgradientAuction,0.025,0.02,,True,,1000,10800,cats_reg_g30b150,,False,CATS,150,regions,MultiMinded,364,Balance,543.4000000000015,2431.6115,5,2098.81,721.22149999999999,2431.6115,2282.0430414879506,2199.521275041961,2368.2763537747906,1,30,40,2196,3306
12,30,32,LinearSubgradientAuction,0.025,0.02,,True,,1000,10800,cats_reg_g30b150,,False,CATS,150,regions,MultiMinded,1000,MaxIter,1297.460000000001,1865.81568,5,1645.15,855.13049999999998,508.18378,1885.241509765289,36.769254322973197,159.15750645764945,1,29,22,1920,2878
13,30,35,LinearSubgradientAuction,0.025,0.02,,True,,1000,10800,cats_reg_g30b150,,False,CATS,150,regions,MultiMinded,1000,MaxIter,1440.42,1773.5022000000001,6,1494.31,678.60900000000004,712.1485,1760.7414835070526,519.27138675990329,646.23157408248824,1,30,19,2135,3215
14,30,32,LinearSubgradientAuction,0.025,0.02,,True,,1000,10800,cats_reg_g30b150,,False,CATS,150,regions,MultiMinded,1000,MaxIter,1327.8500000000004,1980.1873000000003,4,1559.99,631.08900000000006,447.8147,1882.0796945336635,234.49115582029094,406.05311497394615,1,30,23,1952,2942
15,30,36,LinearSubgradientAuction,0.025,0.02,,True,,1000,10800,cats_reg_g30b150,,False,CATS,150,regions,MultiMinded,42,Balance,61.779999999998836,2512.4141000000004,4,2312.23,781.00699999999995,2512.4141000000004,2366.0781038244122,2302.7531861026091,2460.3421549999994,1,30,3,2196,3306
16,30,34,LinearSubgradientAuction,0.025,0.02,,True,,1000,10800,cats_reg_g30b150,,False,CATS,150,regions,MultiMinded,1000,MaxIter,1369.1000000000004,1929.452,3,1789.44,584.255,119.6755,1939.5453422493551,0.0,75.685332471620171,1,28,26,2006,2988
17,30,33,LinearSubgradientAuction,0.025,0.02,,True,,1000,10800,cats_reg_g30b150,,False,CATS,150,regions,MultiMinded,227,Balance,313.2999999999993,1934.7395999999999,7,1626.95,730.93200000000002,1934.7395999999999,1872.5939816322721,1759.6627444670182,1850.4356672588938,1,30,60,2013,3033
18,30,34,LinearSubgradientAuction,0.025,0.02,,True,,1000,10800,cats_reg_g30b150,,False,CATS,150,regions,MultiMinded,1000,MaxIter,1398.2800000000025,2504.1384,5,1818.33,781.33600000000001,2275.8764,2388.5044012525341,2069.8689395337883,2199.1818125335822,1,29,8,2040,3056
19,30,36,LinearSubgradientAuction,0.025,0.02,,True,,1000,10800,cats_reg_g30b150,,False,CATS,150,regions,MultiMinded,226,Balance,323.6700000000001,2560.7110000000002,12,1508.06,549.71399999999994,2557.321,2101.0668657185888,1968.4437700996996,2440.6936502222138,1,28,7,2124,3162
20,30,37,LinearSubgradientAuction,0.025,0.02,,True,,1000,10800,cats_reg_g30b150,,False,CATS,150,regions,MultiMinded,1000,MaxIter,1532.2399999999998,1801.7813999999998,5,1490.47,395.125,653.0751,1796.5391613642789,561.74699779223533,626.44314447177192,1,30,21,2257,3397
21,30,33,LinearSubgradientAuction,0.025,0.02,,True,,1000,10800,cats_reg_g30b150,,False,CATS,150,regions,MultiMinded,1000,MaxIter,1389.840000000002,1553.7635,5,1374.19,778.39550000000008,1206.1748,1570.9844252480123,1080.9429595399558,1142.6014489413571,1,30,38,2013,3033
22,30,38,LinearSubgradientAuction,0.025,0.02,,True,,1000,10800,cats_reg_g30b150,,False,CATS,150,regions,MultiMinded,1000,MaxIter,1552.239999999998,2312.252,7,2123.59,638.69949999999994,1666.712,2406.9214482773132,1586.6615274842136,1589.0150818075087,1,29,4,2280,3412
23,30,38,LinearSubgradientAuction,0.025,0.02,,True,,1000,10800,cats_reg_g30b150,,False,CATS,150,regions,MultiMinded,284,Balance,437.25,2354.8725,7,1818.1,597.00800000000004,2354.8725,2112.5643910324306,2025.9982310324306,2283.0627454117166,1,29,3,2280,3412
24,30,35,LinearSubgradientAuction,0.025,0.02,,True,,1000,10800,cats_reg_g30b150,,False,CATS,150,regions,MultiMinded,1000,MaxIter,1446.9699999999993,1892.4884,11,1241.36,538.58849999999995,1262.3604,1762.2502971167191,934.48451348549031,1161.2742319626068,1,30,18,2135,3215
25,30,33,LinearSubgradientAuction,0.025,0.02,,True,,1000,10800,cats_reg_g30b150,,False,CATS,150,regions,MultiMinded,1000,MaxIter,1351.840000000002,1741.0822999999998,4,1538.41,861.41849999999999,140.8986,1691.9854852997803,0.0,130.52984007569563,1,29,16,1980,2967
26,30,34,LinearSubgradientAuction,0.025,0.02,,True,,1000,10800,cats_reg_g30b150,,False,CATS,150,regions,MultiMinded,1000,MaxIter,1391.9399999999987,2008.668,7,1919.5,424.82100000000003,1366.5693999999999,2019.1256510224987,1214.5001880481379,1309.8765365168165,1,30,9,2074,3124
27,30,32,LinearSubgradientAuction,0.025,0.02,,True,,1000,10800,cats_reg_g30b150,,False,CATS,150,regions,MultiMinded,1000,MaxIter,1257.6399999999994,2175.2061,5,1890.21,644.31150000000002,998.9842,2276.3940661063671,966.72761059733728,968.91836624398161,1,28,13,1888,2814
28,30,37,LinearSubgradientAuction,0.025,0.02,,True,,1000,10800,cats_reg_g30b150,,False,CATS,150,regions,MultiMinded,1000,MaxIter,1508.4400000000005,2040.43179,7,1615.6,517.23699999999997,1582.0526,1949.0764738866012,900.27483169997538,1036.4939144368468,1,29,11,2220,3323
29,30,33,LinearSubgradientAuction,0.025,0.02,,True,,1000,10800,cats_reg_g30b150,,False,CATS,150,regions,MultiMinded,1000,MaxIter,1393.9900000000016,2111.632,5,1854.64,708.57899999999995,608.684,2056.8045736353897,240.30629815399675,470.00974233191607,1,30,23,2013,3033
30,30,35,LinearSubgradientAuction,0.025,0.02,,True,,1000,10800,cats_reg_g30b150,,False,CATS,150,regions,MultiMinded,1000,MaxIter,1361.710000000001,2323.0769999999998,8,1594.17,462.18150000000003,1882.0703000000003,2117.1511537852284,1136.8953823683842,1396.9149851709542,1,27,20,2030,3005
31,30,34,LinearSubgradientAuction,0.025,0.02,,True,,1000,10800,cats_reg_g30b150,,False,CATS,150,regions,MultiMinded,1000,MaxIter,1353.7700000000004,2659.4860000000003,8,2167.09,585.07799999999997,1332.773,2573.8970039558726,1161.0840660829758,1262.1510012081949,1,28,9,2006,2988
32,30,37,LinearSubgradientAuction,0.025,0.02,,True,,1000,10800,cats_reg_g30b150,,False,CATS,150,regions,MultiMinded,1000,MaxIter,1535.010000000002,1999.8556999999998,6,1545.46,522.50199999999995,1787.9346999999998,1929.9539934961754,1623.7726089686748,1723.9375386598408,1,30,3,2257,3397
33,30,37,LinearSubgradientAuction,0.025,0.02,,True,,1000,10800,cats_reg_g30b150,,False,CATS,150,regions,MultiMinded,1000,MaxIter,1509.8700000000026,1805.9524000000001,6,1582.17,487.50400000000002,1010.9886,1639.9993618188907,220.19646047900423,411.68579092072451,1,29,14,2220,3323
34,30,39,LinearSubgradientAuction,0.025,0.02,,True,,1000,10800,cats_reg_g30b150,,False,CATS,150,regions,MultiMinded,1000,MaxIter,1623.1800000000003,1983.6001999999999,1,1564.76,623.41200000000003,1262.18,2051.470137130178,0,1.6396235601020379,1,30,27,2379,3579
35,30,38,LinearSubgradientAuction,0.025,0.02,,True,,1000,10800,cats_reg_g30b150,,False,CATS,150,regions,MultiMinded,1000,MaxIter,1567.630000000001,2341.4052,9,1755.59,637.298,1763.6758,2307.6909723254007,1508.1966942661377,1658.3483183931569,1,29,40,2280,3412
36,30,33,LinearSubgradientAuction,0.025,0.02,,True,,1000,10800,cats_reg_g30b150,,False,CATS,150,regions,MultiMinded,1000,MaxIter,1325.8400000000001,2136.9992,6,1693.26,587.83249999999998,1376.042,2171.5948161426941,1251.4896009295358,1319.2407914490791,1,29,12,1980,2967
37,30,34,LinearSubgradientAuction,0.025,0.02,,True,,1000,10800,cats_reg_g30b150,,False,CATS,150,regions,MultiMinded,1000,MaxIter,1415.6599999999999,1991.3467,5,1812.59,701.23299999999995,474.0675,1983.8803860817709,129.93947836153438,238.03243764151634,1,30,25,2074,3124
38,30,40,LinearSubgradientAuction,0.025,0.02,,True,,1000,10800,cats_reg_g30b150,,False,CATS,150,regions,MultiMinded,149,Balance,245.03000000000247,2724.0288,6,2153.9,576.38300000000004,2724.0288,2404.4752870216607,2332.4274120216601,2651.9809249999989,1,29,0,2400,3590
39,30,30,LinearSubgradientAuction,0.025,0.02,,True,,1000,10800,cats_reg_g30b150,,False,CATS,150,regions,MultiMinded,1000,MaxIter,1223.5200000000004,1968.0602,4,1918.66,764.726,881.4232,2005.7226747563082,674.6965526676729,825.23905942180204,1,30,16,1830,2760
40,30,33,LinearSubgradientAuction,0.025,0.02,,True,,1000,10800,cats_reg_g30b150,,False,CATS,150,regions,MultiMinded,78,Balance,106.43999999999869,1942.0583000000001,4,1674.34,688.69799999999998,1942.0583000000001,1918.0696695126874,1849.41868803529,1890.4059500000001,1,30,1,2013,3033
41,30,35,LinearSubgradientAuction,0.025,0.02,,True,,1000,10800,cats_reg_g30b150,,False,CATS,150,regions,MultiMinded,1000,MaxIter,1443.0299999999988,1877.7214099999999,12,1423.29,646.35299999999995,1262.09931,1884.5473364171676,1092.6728880883588,1138.8013552738771,1,30,46,2135,3215
42,30,32,LinearSubgradientAuction,0.025,0.02,,True,,1000,10800,cats_reg_g30b150,,False,CATS,150,regions,MultiMinded,1000,MaxIter,1317.3500000000022,2111.841,4,1703.5,646.17399999999998,564.4680000000001,2239.4615928656481,473.28417781612586,520.64613415450196,1,30,8,1952,2942
43,30,40,LinearSubgradientAuction,0.025,0.02,,True,,1000,10800,cats_reg_g30b150,,False,CATS,150,regions,MultiMinded,392,Balance,638.75,2446.7208,7,1927.69,685.90899999999999,2446.7208,2140.467836286226,2057.4650254544713,2364.4117200000005,1,29,1,2400,3590
44,30,35,LinearSubgradientAuction,0.025,0.02,,True,,1000,10800,cats_reg_g30b150,,False,CATS,150,regions,MultiMinded,1000,MaxIter,1463.6800000000003,1711.1515999999997,5,1299.51,651.40899999999999,1385.7888999999998,1605.137970578043,839.68428621652072,996.02712003943998,1,30,13,2135,3215
45,30,38,LinearSubgradientAuction,0.025,0.02,,True,,1000,10800,cats_reg_g30b150,,False,CATS,150,regions,MultiMinded,1000,MaxIter,1588.2400000000016,2034.5094,3,1828.07,742.07299999999998,652.7669000000001,2073.1585242493256,424.17871401496086,438.09098255202173,1,30,24,2318,3488
46,30,31,LinearSubgradientAuction,0.025,0.02,,True,,1000,10800,cats_reg_g30b150,,False,CATS,150,regions,MultiMinded,32,Balance,39.349999999998545,2564.0325000000003,4,2373.4,807.26099999999997,2564.0325000000003,2459.1972490061698,2382.5074540061696,2493.9679305838476,1,30,2,1891,2851
47,30,37,LinearSubgradientAuction,0.025,0.02,,True,,1000,10800,cats_reg_g30b150,,False,CATS,150,regions,MultiMinded,1000,MaxIter,1516.0200000000004,2233.1322,8,1669.44,664.97900000000004,1373.4992000000002,2003.9590297545312,1038.1529772732617,1292.0603759771066,1,29,10,2220,3323
48,30,35,LinearSubgradientAuction,0.025,0.02,,True,,1000,10800,cats_reg_g30b150,,False,CATS,150,regions,MultiMinded,1000,MaxIter,1438.5299999999988,2069.4358,5,1826.01,556.24350000000004,1243.9759,2017.6367118262165,1027.8293940154665,1191.181228640314,1,30,15,2135,3215
49,30,30,LinearSubgradientAuction,0.025,0.02,,True,,1000,10800,cats_reg_g30b150,,False,CATS,150,regions,MultiMinded,1000,MaxIter,1229.5,1979.7895999999998,9,1594.07,673.82600000000002,1678.83,1993.4398140102189,1498.8226246610741,1593.7358719559443,1,30,52,1830,2760
50,30,33,LinearSubgradientAuction,0.025,0.02,,True,,1000,10800,cats_reg_g30b150,,False,CATS,150,regions,MultiMinded,1000,MaxIter,1321.6299999999974,2110.6722999999997,7,1335.35,460.47550000000001,2067.0203,1991.210228359153,1757.8509794762376,2011.2742183127659,1,29,11,1980,2967
51,30,37,LinearSubgradientAuction,0.025,0.02,,True,,1000,10800,cats_reg_g30b150,,False,CATS,150,regions,MultiMinded,1000,MaxIter,1457.869999999999,2245.4244000000003,4,1882.26,597.73699999999997,1306.4864,2196.3090784221517,274.32471096290527,360.6880975223599,1,28,23,2183,3249
52,30,32,LinearSubgradientAuction,0.025,0.02,,True,,1000,10800,cats_reg_g30b150,,False,CATS,150,regions,MultiMinded,315,Balance,403.40999999999985,1756.6213,7,1409.87,556.45500000000004,1756.6213,1646.0829818669049,1551.7662365329659,1676.7291106542302,1,29,12,1920,2878
53,30,34,LinearSubgradientAuction,0.025,0.02,,True,,1000,10800,cats_reg_g30b150,,False,CATS,150,regions,MultiMinded,1000,MaxIter,1395.869999999999,2325.6629000000003,9,1796.97,570.23000000000002,1931.8589,2187.8625085407102,1639.6625021340315,1832.6302000412854,1,29,12,2040,3056
54,30,37,LinearSubgradientAuction,0.025,0.02,,True,,1000,10800,cats_reg_g30b150,,False,CATS,150,regions,MultiMinded,318,Balance,478.5400000000009,2355.424,7,2152.9,670.553,2355.424,2254.5518567065251,2158.2259710944049,2275.6457813938828,1,30,14,2257,3397
55,30,33,LinearSubgradientAuction,0.025,0.02,,True,,1000,10800,cats_reg_g30b150,,False,CATS,150,regions,MultiMinded,1000,MaxIter,1380.5699999999997,2078.1524999999997,8,1352.37,548.28150000000005,755.3975,2041.6020445418944,614.06918531046301,675.45891902834649,1,30,13,2013,3033
56,30,39,LinearSubgradientAuction,0.025,0.02,,True,,1000,10800,cats_reg_g30b150,,False,CATS,150,regions,MultiMinded,1000,MaxIter,1594.4400000000023,1893.3772000000004,6,1498.24,591.42200000000003,889.5722000000001,1764.0408297041622,496.71152027258637,662.15985143125522,1,29,17,2340,3501
57,30,36,LinearSubgradientAuction,0.025,0.02,,True,,1000,10800,cats_reg_g30b150,,False,CATS,150,regions,MultiMinded,1000,MaxIter,1471.1900000000023,1899.5301999999997,5,1604.44,621.16750000000002,833.6899000000001,1890.740439850335,344.45980681562588,417.63918048233938,1,30,20,2196,3306
58,30,36,LinearSubgradientAuction,0.025,0.02,,True,,1000,10800,cats_reg_g30b150,,False,CATS,150,regions,MultiMinded,1000,MaxIter,1517.5699999999997,2429.6093,6,2057.42,832.86300000000006,647.2583,2314.4962616815719,401.3736177175021,557.52965208429646,1,30,8,2196,3306
59,30,39,LinearSubgradientAuction,0.025,0.02,,True,,1000,10800,cats_reg_g30b150,,False,CATS,150,regions,MultiMinded,1000,MaxIter,1653.130000000001,2064.9126,7,1772.9,622.28800000000001,893.7375999999999,2025.2676147654138,681.03853378959832,804.1468257262793,1,30,14,2379,3579
60,30,35,LinearSubgradientAuction,0.025,0.02,,True,,1000,10800,cats_reg_g30b150,,False,CATS,150,regions,MultiMinded,1000,MaxIter,1410.800000000003,1956.0875,9,1842.74,450.80399999999997,1671.3795,1906.1899552107354,1528.7386237725382,1613.1400437725381,1,28,42,2065,3075
61,30,37,LinearSubgradientAuction,0.025,0.02,,True,,1000,10800,cats_reg_g30b150,,False,CATS,150,regions,MultiMinded,1000,MaxIter,1538.5900000000001,1951.6029999999998,10,1560.47,530.9905,1324.9905999999996,1893.4567046668096,1142.5284270519985,1243.3924058459452,1,30,17,2257,3397
62,30,34,LinearSubgradientAuction,0.025,0.02,,True,,1000,10800,cats_reg_g30b150,,False,CATS,150,regions,MultiMinded,380,Balance,529.9400000000023,1978.0167,6,1737.89,582.94900000000007,1978.0167,1809.9076495374361,1725.3800445374363,1907.2238887256315,1,30,4,2074,3124
63,30,30,LinearSubgradientAuction,0.025,0.02,,True,,1000,10800,cats_reg_g30b150,,False,CATS,150,regions,MultiMinded,385,Balance,462.6899999999987,2547.4234,6,1821.34,869.476,2547.4234,2334.2616135409571,2230.6044464069992,2467.7058915123725,1,30,24,1830,2760
64,30,34,LinearSubgradientAuction,0.025,0.02,,True,,1000,10800,cats_reg_g30b150,,False,CATS,150,regions,MultiMinded,1000,MaxIter,1414.75,2427.9729,5,1844.14,792.92899999999997,1218.5764000000001,2281.2107575240034,162.08695346760169,372.42522972005344,1,30,26,2074,3124
65,30,36,LinearSubgradientAuction,0.025,0.02,,True,,1000,10800,cats_reg_g30b150,,False,CATS,150,regions,MultiMinded,1000,MaxIter,1470.3100000000013,2209.3287,8,1779.98,732.52250000000004,1080.2197,2102.7503518463959,804.35452361540524,978.61006548806085,1,29,11,2160,3234
66,30,30,LinearSubgradientAuction,0.025,0.02,,True,,1000,10800,cats_reg_g30b150,,False,CATS,150,regions,MultiMinded,122,Balance,145.72999999999956,2387.3904,3,2290.03,553.03500000000008,2387.3904,2311.3656561759317,2275.1930215852344,2363.3744553121005,1,29,3,1800,2700
67,30,41,LinearSubgradientAuction,0.025,0.02,,True,,1000,10800,cats_reg_g30b150,,False,CATS,150,regions,MultiMinded,1000,MaxIter,1673.3400000000001,2130.5865999999996,8,1569.3,447.20299999999997,1088.1386,2072.7724517949241,859.81606714185739,1037.078274507676,1,29,20,2460,3679
68,30,34,LinearSubgradientAuction,0.025,0.02,,True,,1000,10800,cats_reg_g30b150,,False,CATS,150,regions,MultiMinded,1000,MaxIter,1392.4099999999999,1871.0335999999998,4,1491.62,623.48450000000003,634.1625,1820.7795123396702,445.45772537575925,536.7194566021883,1,30,19,2074,3124
69,30,34,LinearSubgradientAuction,0.025,0.02,,True,,1000,10800,cats_reg_g30b150,,False,CATS,150,regions,MultiMinded,111,Balance,154.0699999999997,2248.1536,8,1918.69,909.28949999999998,2248.1536,2161.2584497448852,1983.9469972448846,2076.5921049883168,1,29,17,2040,3056
70,30,32,LinearSubgradientAuction,0.025,0.02,,True,,1000,10800,cats_reg_g30b150,,False,CATS,150,regions,MultiMinded,1000,MaxIter,1322.2099999999991,2074.3614,7,1794.89,671.03600000000006,1300.0074,2020.0152750620548,1072.0515868241748,1212.7485792517855,1,30,10,1952,2942
71,30,30,LinearSubgradientAuction,0.025,0.02,,True,,1000,10800,cats_reg_g30b150,,False,CATS,150,regions,MultiMinded,1000,MaxIter,1198.130000000001,2107.4125,5,1919.92,672.68100000000004,473.874,2144.8904102490146,302.42551763354965,434.84226770747296,1,29,28,1800,2700
72,30,35,LinearSubgradientAuction,0.025,0.02,,True,,1000,10800,cats_reg_g30b150,,False,CATS,150,regions,MultiMinded,1000,MaxIter,1413.4699999999975,1946.4843000000003,5,1216.53,554.09649999999999,597.3524,1879.9356816094169,54.439542306096058,253.37209771003148,1,29,24,2100,3145
73,30,35,LinearSubgradientAuction,0.025,0.02,,True,,1000,10800,cats_reg_g30b150,,False,CATS,150,regions,MultiMinded,1000,MaxIter,1447.0400000000009,1852.6272999999999,7,1445.38,663.03899999999999,662.195,1704.2590069624932,313.90237397054307,574.34822637237266,1,30,19,2135,3215
74,30,31,LinearSubgradientAuction,0.025,0.02,,True,,1000,10800,cats_reg_g30b150,,False,CATS,150,regions,MultiMinded,1000,MaxIter,1287.949999999997,2020.0417,4,1744.34,781.83899999999994,1182.3620999999998,2032.9964294491897,977.42532837197655,1128.3641895918236,1,30,15,1891,2851
75,30,39,LinearSubgradientAuction,0.025,0.02,,True,,1000,10800,cats_reg_g30b150,,False,CATS,150,regions,MultiMinded,1000,MaxIter,1648.0,2549.9302,8,1890.83,637.39099999999996,1465.9662,2452.2568190849315,708.45474004160019,903.46194754717033,1,30,18,2379,3579
76,30,36,LinearSubgradientAuction,0.025,0.02,,True,,1000,10800,cats_reg_g30b150,,False,CATS,150,regions,MultiMinded,1000,MaxIter,1506.7799999999988,1970.4382,7,1633.82,405.01099999999997,521.9282000000001,2037.8269516844312,439.31578487552883,471.83455585926316,1,30,4,2196,3306
77,30,34,LinearSubgradientAuction,0.025,0.02,,True,,1000,10800,cats_reg_g30b150,,False,CATS,150,regions,MultiMinded,1000,MaxIter,1413.4300000000003,1646.3148,7,1576.38,831.28949999999998,801.6082,1660.9187408617909,698.99524195621029,698.99973721700314,1,30,19,2074,3124
78,30,34,LinearSubgradientAuction,0.025,0.02,,True,,1000,10800,cats_reg_g30b150,,False,CATS,150,regions,MultiMinded,1000,MaxIter,1402.4099999999999,2412.1546,6,1881.66,768.41550000000007,1391.8126,2429.8325579154443,189.02327440470526,322.30609354778562,1,29,16,2040,3056
79,30,29,LinearSubgradientAuction,0.025,0.02,,True,,1000,10800,cats_reg_g30b150,,False,CATS,150,regions,MultiMinded,1000,MaxIter,1171.9300000000003,2267.359,5,2060.3,919.01300000000003,222.48899999999998,2291.599268486234,136.44087535685287,244.62576124578345,1,29,25,1740,2611
80,30,37,LinearSubgradientAuction,0.025,0.02,,True,,1000,10800,cats_reg_g30b150,,False,CATS,150,regions,MultiMinded,1000,MaxIter,1492.3600000000006,2112.5864,8,1592.54,576.49599999999998,791.1439,2039.4668490044319,595.32281348990034,720.70574982309381,1,29,19,2220,3323
81,30,33,LinearSubgradientAuction,0.025,0.02,,True,,1000,10800,cats_reg_g30b150,,False,CATS,150,regions,MultiMinded,1000,MaxIter,1379.2599999999984,1652.215,5,1316.69,725.81600000000003,684.1756,1747.7200020843104,617.60928833976891,632.97370490440187,1,30,15,2013,3033
82,30,35,LinearSubgradientAuction,0.025,0.02,,True,,1000,10800,cats_reg_g30b150,,False,CATS,150,regions,MultiMinded,1000,MaxIter,1442.6899999999987,2109.0315,7,1900.31,619.13249999999994,752.3569,2266.9399386267669,662.14766837364459,700.13531574917795,1,30,26,2135,3215
83,30,32,LinearSubgradientAuction,0.025,0.02,,True,,1000,10800,cats_reg_g30b150,,False,CATS,150,regions,MultiMinded,379,Balance,497.83000000000175,2576.43019,8,2027.96,1059.6700000000001,2576.43019,2541.9804868550896,2357.0967838123424,2416.2423663874692,1,30,10,1952,2942
84,30,34,LinearSubgradientAuction,0.025,0.02,,True,,1000,10800,cats_reg_g30b150,,False,CATS,150,regions,MultiMinded,1000,MaxIter,1417.1899999999987,1983.6759000000002,10,1485.27,650.14099999999996,1341.7571000000003,1920.1394075915573,1070.4114113417886,1235.1751002260055,1,30,33,2074,3124
85,30,33,LinearSubgradientAuction,0.025,0.02,,True,,1000,10800,cats_reg_g30b150,,False,CATS,150,regions,MultiMinded,197,Balance,261.9900000000016,1650.3177,5,1136.81,534.83399999999995,1650.3177,1602.8583600819895,1538.6782800819894,1588.4577123376819,1,29,10,1980,2967
86,30,37,LinearSubgradientAuction,0.025,0.02,,True,,1000,10800,cats_reg_g30b150,,False,CATS,150,regions,MultiMinded,254,Balance,387.4500000000007,2073.2363,5,1605.13,504.47649999999999,2073.2363,1900.3064717190139,1839.7692917190141,2023.986376213687,1,30,9,2257,3397
87,30,34,LinearSubgradientAuction,0.025,0.02,,True,,1000,10800,cats_reg_g30b150,,False,CATS,150,regions,MultiMinded,1000,MaxIter,1350.7999999999993,2161.5317,9,1611.82,461.19499999999999,1668.4247,2189.2619666568594,1472.7293031547476,1612.0047759869203,1,28,15,2006,2988
88,30,35,LinearSubgradientAuction,0.025,0.02,,True,,1000,10800,cats_reg_g30b150,,False,CATS,150,regions,MultiMinded,1000,MaxIter,1415.8499999999985,1960.6723,10,1579.4,529.16499999999996,1607.8273,1920.4425346090652,1447.9070898141877,1517.1261074760814,1,29,21,2100,3145
89,30,40,LinearSubgradientAuction,0.025,0.02,,True,,1000,10800,cats_reg_g30b150,,False,CATS,150,regions,MultiMinded,49,Balance,75.93000000000029,2103.4608,12,1324.86,455.78500000000003,2103.4608,1731.7548383326689,1629.2032133326693,2000.9091750000002,1,27,0,2320,3430
90,30,36,LinearSubgradientAuction,0.025,0.02,,True,,1000,10800,cats_reg_g30b150,,False,CATS,150,regions,MultiMinded,603,Balance,886.25,2252.2093,8,1749.09,686.99800000000005,2252.2093,2143.7115848378039,2024.0775125000873,2150.0371105345625,1,29,12,2160,3234
91,30,37,LinearSubgradientAuction,0.025,0.02,,True,,1000,10800,cats_reg_g30b150,,False,CATS,150,regions,MultiMinded,1000,MaxIter,1518.0299999999988,2533.4677,9,1557.05,605.50300000000004,1318.8697,2125.114809042554,827.8078661597234,1259.9239625127839,1,29,10,2220,3323
92,30,37,LinearSubgradientAuction,0.025,0.02,,True,,1000,10800,cats_reg_g30b150,,False,CATS,150,regions,MultiMinded,1000,MaxIter,1536.5200000000004,2087.0795,8,1557.29,467.12700000000001,1216.2025,1980.328974648585,1007.7476977953778,1136.9166872076278,1,30,21,2257,3397
93,30,34,LinearSubgradientAuction,0.025,0.02,,True,,1000,10800,cats_reg_g30b150,,False,CATS,150,regions,MultiMinded,1000,MaxIter,1394.2400000000016,2220.4165999999996,6,1477.09,531.97949999999992,486.3227,2102.6026591284981,300.34709906110982,436.09126797432708,1,30,17,2074,3124
94,30,33,LinearSubgradientAuction,0.025,0.02,,True,,1000,10800,cats_reg_g30b150,,False,CATS,150,regions,MultiMinded,1000,MaxIter,1302.2799999999988,2089.1439,4,1850.23,583.02999999999997,673.6528999999999,2035.6454796657256,359.90591570526544,523.871480100962,1,28,20,1947,2901
95,30,36,LinearSubgradientAuction,0.025,0.02,,True,,1000,10800,cats_reg_g30b150,,False,CATS,150,regions,MultiMinded,1000,MaxIter,1502.869999999999,2218.1557,3,1747.55,732.99250000000006,286.303,2197.0729886529216,79.252231186511978,179.62705532789164,1,30,26,2196,3306
96,30,33,LinearSubgradientAuction,0.025,0.02,,True,,1000,10800,cats_reg_g30b150,,False,CATS,150,regions,MultiMinded,1000,MaxIter,1335.1599999999999,1873.9284000000002,10,1690.89,555.43200000000002,1756.4524000000001,1906.5953025536114,1595.4721169908594,1647.7937591416401,1,29,17,1980,2967
97,30,37,LinearSubgradientAuction,0.025,0.02,,True,,1000,10800,cats_reg_g30b150,,False,CATS,150,regions,MultiMinded,308,Balance,459.9599999999991,1853.4531000000002,11,1334.16,635.36699999999996,1853.4531000000002,1781.7304530979286,1610.3474424265594,1697.7881850000001,1,29,1,2220,3323
98,30,36,LinearSubgradientAuction,0.025,0.02,,True,,1000,10800,cats_reg_g30b150,,False,CATS,150,regions,MultiMinded,138,Balance,203.4200000000019,2779.0163,9,2131.76,620.35799999999995,2779.0163,2713.3061232024625,2581.2916985216079,2658.0464900000002,1,30,1,2196,3306
99,30,37,LinearSubgradientAuction,0.025,0.02,,True,,1000,10800,cats_reg_g30b150,,False,CATS,150,regions,MultiMinded,1000,MaxIter,1483.1599999999999,2286.8288000000002,4,1573.72,543.00099999999998,2180.7238,2234.5241047730124,1290.5114864302914,1457.8179778549238,1,28,13,2183,3249
100,30,32,LinearSubgradientAuction,0.025,0.02,,True,,1000,10800,cats_reg_g30b150,,False,CATS,150,regions,MultiMinded,1000,MaxIter,1306.0,1906.0085,5,1496.95,591.39400000000001,1600.2636000000002,1827.5474506888706,227.61100171007575,327.44844156882436,1,30,25,1952,2942
