idx,items,agents,auction_class,epsilon,stepc,epoch,scalebyvalue,reserve_type,maxiter,maxtime,generator_param_name,personalized,int_prices,generator,bids,distribution,type,rounds,status,runtime,efficient_value,final_num_winners,final_max_agent_value,final_scalevalue,final_value,final_total_price,final_revenue,final_indirect_util,final_price_degree,final_price_sparsity,final_imbalance,final_wd_nvars,final_wd_ncons
1,30,36,LinearHeuristicAuction,0.025,0.02,,True,,1000,10800,cats_reg_g30b150,,False,CATS,150,regions,MultiMinded,710,Balance,76.07000000000698,2502.8085,9,1712.02,630.28700000000003,2502.8085,2161.9788074230169,2051.6785824230174,2396.7789627235479,1,28,28,84,66
2,30,38,LinearHeuristicAuction,0.025,0.02,,True,,1000,10800,cats_reg_g30b150,,False,CATS,150,regions,MultiMinded,199,Balance,22.70999999999185,2067.4249,5,1460.04,478.96600000000001,2067.4249,2037.9803370740551,1980.5044170740553,2036.5848441509327,1,29,21,88,68
3,30,36,LinearHeuristicAuction,0.025,0.02,,True,,1000,10800,cats_reg_g30b150,,False,CATS,150,regions,MultiMinded,80,Balance,8.319999999977881,2226.2472000000002,3,1961.0,494.50999999999999,2226.2472000000002,2197.8412299317583,2160.7529799317585,2204.572914376507,1,28,11,76,66
4,30,38,LinearHeuristicAuction,0.025,0.02,,True,,1000,10800,cats_reg_g30b150,,False,CATS,150,regions,MultiMinded,71,Balance,7.75,2004.9491999999998,11,1505.7,557.86300000000006,2004.9491999999998,1885.4595011234653,1732.0471761234655,1853.7349373598445,1,30,5,81,68
5,30,35,LinearHeuristicAuction,0.025,0.02,,True,,1000,10800,cats_reg_g30b150,,False,CATS,150,regions,MultiMinded,117,Balance,11.60000000000582,1864.626,2,1703.97,505.12049999999999,1813.7730000000001,1771.7581033765991,1746.502078376599,1801.6144012786735,1,30,27,75,65
6,30,35,LinearHeuristicAuction,0.025,0.02,,True,,1000,10800,cats_reg_g30b150,,False,CATS,150,regions,MultiMinded,1000,MaxIter,105.61000000001513,2116.0368,2,1959.83,614.52500000000009,2035.6147999999998,2115.9680323467119,60.417588179400887,65.764573709539576,1,29,29,82,65
7,30,35,LinearHeuristicAuction,0.025,0.02,,True,,1000,10800,cats_reg_g30b150,,False,CATS,150,regions,MultiMinded,92,Balance,9.519999999989523,2031.9575,6,1330.11,558.39999999999998,2031.9575,1900.4252137090464,1819.4572137090463,1953.8125303819106,1,30,13,75,65
8,30,35,LinearHeuristicAuction,0.025,0.02,,True,,1000,10800,cats_reg_g30b150,,False,CATS,150,regions,MultiMinded,124,Balance,13.049999999988358,2027.57669,8,1379.5,642.28750000000002,2027.57669,1777.3774637991419,1660.0108256144972,1936.9062040301098,1,30,38,75,65
9,30,36,LinearHeuristicAuction,0.025,0.02,,True,,1000,10800,cats_reg_g30b150,,False,CATS,150,regions,MultiMinded,1000,MaxIter,108.35000000000582,1859.5272999999997,3,1542.29,443.88650000000001,1649.1709,1781.2384911656786,0.0,109.89619638609463,1,27,58,85,66
10,30,34,LinearHeuristicAuction,0.025,0.02,,True,,1000,10800,cats_reg_g30b150,,False,CATS,150,regions,MultiMinded,1000,MaxIter,102.74000000001979,2566.974,2,2112.56,626.02300000000002,1259.7232,2508.7578904586558,51.602284596207994,231.15134902424953,1,29,43,77,64
11,30,36,LinearHeuristicAuction,0.025,0.02,,True,,1000,10800,cats_reg_g30b150,,False,CATS,150,regions,MultiMinded,37,Balance,3.8299999999871943,2431.6115,4,2098.81,721.22149999999999,2431.6115,2208.3878672024966,2154.2962547024968,2415.4992979538065,1,28,45,76,66
12,30,32,LinearHeuristicAuction,0.025,0.02,,True,,1000,10800,cats_reg_g30b150,,False,CATS,150,regions,MultiMinded,1000,MaxIter,113.29999999998836,1865.81568,7,1645.15,855.13049999999998,1787.8909999999998,1795.5522236416209,407.68265255118854,518.22828808229849,1,30,30,81,62
13,30,35,LinearHeuristicAuction,0.025,0.02,,True,,1000,10800,cats_reg_g30b150,,False,CATS,150,regions,MultiMinded,1000,MaxIter,123.69999999998254,1773.5022000000001,4,1494.31,678.60900000000004,1541.9917,1728.4377380810986,66.430828977636111,204.70825184430601,1,30,33,88,65
14,30,32,LinearHeuristicAuction,0.025,0.02,,True,,1000,10800,cats_reg_g30b150,,False,CATS,150,regions,MultiMinded,232,Balance,24.199999999982538,1980.1873000000003,6,1559.99,631.08900000000006,1980.1873000000003,1775.7937053531825,1687.4412453531825,1894.8586760500407,1,29,16,73,62
15,30,36,LinearHeuristicAuction,0.025,0.02,,True,,1000,10800,cats_reg_g30b150,,False,CATS,150,regions,MultiMinded,39,Balance,4.35999999998603,2512.4141000000004,3,2312.23,781.00699999999995,2512.4141000000004,2358.7579067638067,2300.182381763806,2460.3421549999994,1,30,1,73,66
16,30,34,LinearHeuristicAuction,0.025,0.02,,True,,1000,10800,cats_reg_g30b150,,False,CATS,150,regions,MultiMinded,1000,MaxIter,110.78000000002794,1929.452,3,1789.44,584.255,1720.1021,1865.4453888361784,0.0,73.169524400576975,1,28,25,81,64
17,30,33,LinearHeuristicAuction,0.025,0.02,,True,,1000,10800,cats_reg_g30b150,,False,CATS,150,regions,MultiMinded,235,Balance,27.29999999998836,1934.7395999999999,7,1626.95,730.93200000000002,1934.7395999999999,1887.0543758849144,1769.816460519962,1858.2327898017334,1,30,104,80,63
18,30,34,LinearHeuristicAuction,0.025,0.02,,True,,1000,10800,cats_reg_g30b150,,False,CATS,150,regions,MultiMinded,59,Balance,6.14000000001397,2504.1384,4,1818.33,781.33600000000001,2504.1384,2376.3384302435979,2298.2048302435983,2463.4424258820782,1,29,28,74,64
19,30,36,LinearHeuristicAuction,0.025,0.02,,True,,1000,10800,cats_reg_g30b150,,False,CATS,150,regions,MultiMinded,37,Balance,3.6599999999743886,2560.7110000000002,12,1508.06,549.71399999999994,2554.963,2060.8192993250973,1926.1393693250971,2440.3888643125269,1,28,12,71,66
20,30,37,LinearHeuristicAuction,0.025,0.02,,True,,1000,10800,cats_reg_g30b150,,False,CATS,150,regions,MultiMinded,1000,MaxIter,106.16000000000349,1801.7813999999998,10,1490.47,395.125,1775.6864,1770.9483922053273,1437.0274333099032,1491.2322617521204,1,30,22,97,67
21,30,33,LinearHeuristicAuction,0.025,0.02,,True,,1000,10800,cats_reg_g30b150,,False,CATS,150,regions,MultiMinded,101,Balance,10.970000000001164,1553.7635,3,1374.19,778.39550000000008,1553.7635,1477.9334216140037,1419.5537591140037,1511.6785944137584,1,30,30,73,63
22,30,38,LinearHeuristicAuction,0.025,0.02,,True,,1000,10800,cats_reg_g30b150,,False,CATS,150,regions,MultiMinded,1000,MaxIter,115.07000000000698,2312.252,5,2123.59,638.69949999999994,2023.7920000000001,2392.9568861967614,1109.5704273098563,1112.1923342632797,1,29,85,87,68
23,30,38,LinearHeuristicAuction,0.025,0.02,,True,,1000,10800,cats_reg_g30b150,,False,CATS,150,regions,MultiMinded,113,Balance,11.579999999987194,2354.8725,7,1818.1,597.00800000000004,2354.8725,2097.2268757638085,2010.6607157638084,2269.2443886782949,1,29,4,82,68
24,30,35,LinearHeuristicAuction,0.025,0.02,,True,,1000,10800,cats_reg_g30b150,,False,CATS,150,regions,MultiMinded,1000,MaxIter,107.5,1892.4884,5,1241.36,538.58849999999995,1491.9232000000002,1748.352487688649,56.011963878311398,280.2712900038847,1,30,44,82,65
25,30,33,LinearHeuristicAuction,0.025,0.02,,True,,1000,10800,cats_reg_g30b150,,False,CATS,150,regions,MultiMinded,299,Balance,34.41000000000349,1741.0822999999998,4,1538.41,861.41849999999999,1692.8544000000002,1605.4325782868918,1544.0808930918595,1713.5752349808156,1,30,110,77,63
26,30,34,LinearHeuristicAuction,0.025,0.02,,True,,1000,10800,cats_reg_g30b150,,False,CATS,150,regions,MultiMinded,1000,MaxIter,105.5,2008.668,8,1919.5,424.82100000000003,1871.6773999999998,1984.3467039660279,1451.246065083862,1547.1023169854629,1,30,9,77,64
27,30,32,LinearHeuristicAuction,0.025,0.02,,True,,1000,10800,cats_reg_g30b150,,False,CATS,150,regions,MultiMinded,1000,MaxIter,99.89999999999418,2175.2061,3,1890.21,644.31150000000002,1676.4789,2068.0781682803326,755.78570320520453,765.87625963472692,1,28,21,75,62
28,30,37,LinearHeuristicAuction,0.025,0.02,,True,,1000,10800,cats_reg_g30b150,,False,CATS,150,regions,MultiMinded,508,Balance,56.179999999993015,2040.43179,8,1615.6,517.23699999999997,2040.43179,1891.466652783512,1813.7192279543194,1978.0401582250233,1,29,17,83,67
29,30,33,LinearHeuristicAuction,0.025,0.02,,True,,1000,10800,cats_reg_g30b150,,False,CATS,150,regions,MultiMinded,1000,MaxIter,105.83999999999651,2111.632,3,1854.64,708.57899999999995,1802.048,2027.089586301835,66.739433210193255,286.08936636649116,1,30,83,79,63
30,30,35,LinearHeuristicAuction,0.025,0.02,,True,,1000,10800,cats_reg_g30b150,,False,CATS,150,regions,MultiMinded,1000,MaxIter,109.14999999999418,2323.0769999999998,8,1594.17,462.18150000000003,2025.4813000000004,2033.0759795101394,1086.329871215205,1306.8482674511438,1,28,25,83,65
31,30,34,LinearHeuristicAuction,0.025,0.02,,True,,1000,10800,cats_reg_g30b150,,False,CATS,150,regions,MultiMinded,53,Balance,5.119999999995343,2659.4860000000003,6,2167.09,585.07799999999997,2659.4860000000003,2539.3612512895688,2466.2265012895687,2601.0674476353256,1,28,6,73,64
32,30,37,LinearHeuristicAuction,0.025,0.02,,True,,1000,10800,cats_reg_g30b150,,False,CATS,150,regions,MultiMinded,1000,MaxIter,116.52000000001863,1999.8556999999998,10,1545.46,522.50199999999995,1908.6869,1893.6140907493348,1558.3265788167214,1646.7465239997916,1,30,55,89,67
33,30,37,LinearHeuristicAuction,0.025,0.02,,True,,1000,10800,cats_reg_g30b150,,False,CATS,150,regions,MultiMinded,70,Balance,7.260000000009313,1805.9524000000001,4,1582.17,487.50400000000002,1805.9524000000001,1628.6554948659807,1592.0926948659808,1779.7598209041257,1,29,1,82,67
34,30,39,LinearHeuristicAuction,0.025,0.02,,True,,1000,10800,cats_reg_g30b150,,False,CATS,150,regions,MultiMinded,1000,MaxIter,122.79999999998836,1983.6001999999999,4,1564.76,623.41200000000003,1690.525,2044.1334349281412,286.48278247510473,287.27462997945094,1,30,62,89,69
35,30,38,LinearHeuristicAuction,0.025,0.02,,True,,1000,10800,cats_reg_g30b150,,False,CATS,150,regions,MultiMinded,1000,MaxIter,113.29000000000815,2341.4052,8,1755.59,637.298,2341.4052,2266.913968788399,1852.8772297981061,1995.4704524716904,1,29,27,90,68
36,30,33,LinearHeuristicAuction,0.025,0.02,,True,,1000,10800,cats_reg_g30b150,,False,CATS,150,regions,MultiMinded,1000,MaxIter,115.74000000001979,2136.9992,3,1693.26,587.83249999999998,1831.3418,2149.7748451318048,131.08971467622524,181.19017500000001,1,29,102,85,63
37,30,34,LinearHeuristicAuction,0.025,0.02,,True,,1000,10800,cats_reg_g30b150,,False,CATS,150,regions,MultiMinded,1000,MaxIter,109.5799999999872,1991.3467,4,1812.59,701.23299999999995,1695.2167000000002,1938.700601652374,105.35707731663734,208.31273438052202,1,30,27,79,64
38,30,40,LinearHeuristicAuction,0.025,0.02,,True,,1000,10800,cats_reg_g30b150,,False,CATS,150,regions,MultiMinded,61,Balance,6.649999999994179,2724.0288,6,2153.9,576.38300000000004,2724.0288,2398.4369742379963,2326.3890992379957,2671.1097397050589,1,29,17,87,70
39,30,30,LinearHeuristicAuction,0.025,0.02,,True,,1000,10800,cats_reg_g30b150,,False,CATS,150,regions,MultiMinded,238,Balance,24.289999999979045,1968.0602,3,1918.66,764.726,1933.5459999999998,1921.4767441906306,1864.1222941906308,1905.531999847861,1,30,48,69,60
40,30,33,LinearHeuristicAuction,0.025,0.02,,True,,1000,10800,cats_reg_g30b150,,False,CATS,150,regions,MultiMinded,42,Balance,4.39000000001397,1942.0583000000001,3,1674.34,688.69799999999998,1942.0583000000001,1895.0236729541634,1843.3713229541631,1891.0359078604752,1,30,3,71,63
41,30,35,LinearHeuristicAuction,0.025,0.02,,True,,1000,10800,cats_reg_g30b150,,False,CATS,150,regions,MultiMinded,746,Balance,81.32000000000698,1877.7214099999999,7,1423.29,646.35299999999995,1831.2470099999998,1811.1334594571526,1724.1621310735359,1772.4553325695892,1,29,62,84,65
42,30,32,LinearHeuristicAuction,0.025,0.02,,True,,1000,10800,cats_reg_g30b150,,False,CATS,150,regions,MultiMinded,178,Balance,19.29999999998836,2111.841,4,1703.5,646.17399999999998,2111.841,2076.7438703389093,2028.2808203389093,2082.4289128958962,1,29,52,74,62
43,30,40,LinearHeuristicAuction,0.025,0.02,,True,,1000,10800,cats_reg_g30b150,,False,CATS,150,regions,MultiMinded,185,Balance,21.260000000009313,2446.7208,6,1927.69,685.90899999999999,2446.7208,2143.8167948244381,2061.5077148244382,2372.5540453589042,1,29,47,86,70
44,30,35,LinearHeuristicAuction,0.025,0.02,,True,,1000,10800,cats_reg_g30b150,,False,CATS,150,regions,MultiMinded,1000,MaxIter,117.48999999999069,1711.1515999999997,7,1299.51,651.40899999999999,1598.4288999999999,1595.4140150268736,1316.8538276652018,1418.9285620573962,1,30,108,84,65
45,30,38,LinearHeuristicAuction,0.025,0.02,,True,,1000,10800,cats_reg_g30b150,,False,CATS,150,regions,MultiMinded,1000,MaxIter,121.83999999999651,2034.5094,3,1828.07,742.07299999999998,1865.0793999999999,2067.3161134530601,5.4212611325006392,14.110612008708898,1,30,109,94,68
46,30,31,LinearHeuristicAuction,0.025,0.02,,True,,1000,10800,cats_reg_g30b150,,False,CATS,150,regions,MultiMinded,34,Balance,3.330000000016298,2564.0325000000003,4,2373.4,807.26099999999997,2564.0325000000003,2462.1953410940123,2385.5055460940121,2489.0302422677773,1,30,5,68,61
47,30,37,LinearHeuristicAuction,0.025,0.02,,True,,1000,10800,cats_reg_g30b150,,False,CATS,150,regions,MultiMinded,43,Balance,4.519999999989523,2233.1322,7,1669.44,664.97900000000004,2233.1322,1895.213212249351,1811.5203754542836,2168.8697785911181,1,29,27,73,67
48,30,35,LinearHeuristicAuction,0.025,0.02,,True,,1000,10800,cats_reg_g30b150,,False,CATS,150,regions,MultiMinded,1000,MaxIter,111.63000000000466,2069.4358,3,1826.01,556.24350000000004,1562.7719,1936.7309264558917,38.647117386848237,192.13995755431526,1,30,56,83,65
49,30,30,LinearHeuristicAuction,0.025,0.02,,True,,1000,10800,cats_reg_g30b150,,False,CATS,150,regions,MultiMinded,79,Balance,8.550000000017462,1979.7895999999998,6,1594.07,673.82600000000002,1979.7895999999998,1896.3765790025047,1798.6718090025049,1917.2522487309518,1,30,37,71,60
50,30,33,LinearHeuristicAuction,0.025,0.02,,True,,1000,10800,cats_reg_g30b150,,False,CATS,150,regions,MultiMinded,1000,MaxIter,108.01999999998952,2110.6722999999997,7,1335.35,460.47550000000001,2110.6722999999997,1918.7037030306296,1297.6825172752199,1522.8888527868226,1,29,50,81,63
51,30,37,LinearHeuristicAuction,0.025,0.02,,True,,1000,10800,cats_reg_g30b150,,False,CATS,150,regions,MultiMinded,27,Balance,2.8100000000267755,2245.4244000000003,6,1882.26,597.73699999999997,2245.4244000000003,2166.2016845963503,2091.4845595963507,2202.2209119838408,1,28,31,79,67
52,30,32,LinearHeuristicAuction,0.025,0.02,,True,,1000,10800,cats_reg_g30b150,,False,CATS,150,regions,MultiMinded,265,Balance,26.829999999987194,1756.6213,6,1409.87,556.45500000000004,1756.6213,1637.699155431133,1557.0131804311329,1689.6450126545953,1,29,39,72,62
53,30,34,LinearHeuristicAuction,0.025,0.02,,True,,1000,10800,cats_reg_g30b150,,False,CATS,150,regions,MultiMinded,427,Balance,47.670000000012806,2325.6629000000003,8,1796.97,570.23000000000002,2279.8698999999997,2129.8094428618256,2030.0191928618253,2206.7716829797632,1,29,21,81,64
54,30,37,LinearHeuristicAuction,0.025,0.02,,True,,1000,10800,cats_reg_g30b150,,False,CATS,150,regions,MultiMinded,140,Balance,16.25999999998021,2355.424,6,2152.9,670.553,2355.424,2232.2499382464725,2155.1363432464727,2297.6701971317038,1,28,57,89,67
55,30,33,LinearHeuristicAuction,0.025,0.02,,True,,1000,10800,cats_reg_g30b150,,False,CATS,150,regions,MultiMinded,1000,MaxIter,107.02000000001863,2078.1524999999997,8,1352.37,548.28150000000005,1425.5235,2036.4913593624701,647.24035135485303,711.01742496047063,1,30,30,79,63
56,30,39,LinearHeuristicAuction,0.025,0.02,,True,,1000,10800,cats_reg_g30b150,,False,CATS,150,regions,MultiMinded,107,Balance,12.049999999988358,1893.3772000000004,9,1498.24,591.42200000000003,1893.3772000000004,1723.7253716326682,1605.4409716326677,1791.930564124151,1,29,20,85,69
57,30,36,LinearHeuristicAuction,0.025,0.02,,True,,1000,10800,cats_reg_g30b150,,False,CATS,150,regions,MultiMinded,1000,MaxIter,109.36000000001513,1899.5301999999997,5,1604.44,621.16750000000002,1763.1708999999998,1895.5591202386763,476.97271683338028,477.16782651513927,1,30,65,85,66
58,30,36,LinearHeuristicAuction,0.025,0.02,,True,,1000,10800,cats_reg_g30b150,,False,CATS,150,regions,MultiMinded,543,Balance,65.82000000000698,2429.6093,6,2057.42,832.86300000000006,2429.6093,2277.5073810127778,2173.3995060127781,2336.1284260154603,1,29,42,84,66
59,30,39,LinearHeuristicAuction,0.025,0.02,,True,,1000,10800,cats_reg_g30b150,,False,CATS,150,regions,MultiMinded,1000,MaxIter,121.23999999999069,2064.9126,6,1772.9,622.28800000000001,1478.8145,2009.4951504426513,376.78518942872375,497.39265373591951,1,30,56,92,69
60,30,35,LinearHeuristicAuction,0.025,0.02,,True,,1000,10800,cats_reg_g30b150,,False,CATS,150,regions,MultiMinded,1000,MaxIter,101.91000000000349,1956.0875,6,1842.74,450.80399999999997,1697.8015,1865.4136704770144,970.15295486512537,1057.5016073949669,1,28,32,79,65
61,30,37,LinearHeuristicAuction,0.025,0.02,,True,,1000,10800,cats_reg_g30b150,,False,CATS,150,regions,MultiMinded,1000,MaxIter,110.43999999997322,1951.6029999999998,8,1560.47,530.9905,1698.5653,1883.8937005513658,938.98241948366626,1040.6851431044543,1,30,26,88,67
62,30,34,LinearHeuristicAuction,0.025,0.02,,True,,1000,10800,cats_reg_g30b150,,False,CATS,150,regions,MultiMinded,276,Balance,29.95999999999185,1978.0167,7,1737.89,582.94900000000007,1977.3040999999998,1823.0049994719939,1723.9036694719941,1892.7271152711878,1,30,3,79,64
63,30,30,LinearHeuristicAuction,0.025,0.02,,True,,1000,10800,cats_reg_g30b150,,False,CATS,150,regions,MultiMinded,88,Balance,8.889999999984866,2547.4234,5,1821.34,869.476,2547.4234,2352.5934763326427,2263.7707161663657,2482.2304373271459,1,30,45,70,60
64,30,34,LinearHeuristicAuction,0.025,0.02,,True,,1000,10800,cats_reg_g30b150,,False,CATS,150,regions,MultiMinded,86,Balance,9.189999999973224,2427.9729,8,1844.14,792.92899999999997,2427.9729,2215.642044839451,2060.5967553774722,2297.7787626410318,1,30,41,75,64
65,30,36,LinearHeuristicAuction,0.025,0.02,,True,,1000,10800,cats_reg_g30b150,,False,CATS,150,regions,MultiMinded,1000,MaxIter,116.23000000001048,2209.3287,5,1779.98,732.52250000000004,1623.2435,2096.6350154695065,130.65340298935405,301.87729703231764,1,29,43,83,66
66,30,30,LinearHeuristicAuction,0.025,0.02,,True,,1000,10800,cats_reg_g30b150,,False,CATS,150,regions,MultiMinded,48,Balance,4.820000000006985,2387.3904,2,2290.03,553.03500000000008,2387.3904,2280.248319329442,2255.361744329442,2376.3005346068285,1,29,4,64,60
67,30,41,LinearHeuristicAuction,0.025,0.02,,True,,1000,10800,cats_reg_g30b150,,False,CATS,150,regions,MultiMinded,1000,MaxIter,109.23000000001048,2130.5865999999996,10,1569.3,447.20299999999997,2071.6138,2043.1350442797661,1692.728024799165,1866.9456738015401,1,29,11,97,71
68,30,34,LinearHeuristicAuction,0.025,0.02,,True,,1000,10800,cats_reg_g30b150,,False,CATS,150,regions,MultiMinded,53,Balance,5.399999999994179,1871.0335999999998,7,1491.62,623.48450000000003,1804.1255,1732.9621293963701,1623.8523418963698,1731.1531470506993,1,30,20,74,64
69,30,34,LinearHeuristicAuction,0.025,0.02,,True,,1000,10800,cats_reg_g30b150,,False,CATS,150,regions,MultiMinded,53,Balance,5.899999999994179,2248.1536,8,1918.69,909.28949999999998,2248.1536,2192.5265964829705,2015.2151439829697,2140.4517628147501,1,29,48,73,64
70,30,32,LinearHeuristicAuction,0.025,0.02,,True,,1000,10800,cats_reg_g30b150,,False,CATS,150,regions,MultiMinded,127,Balance,13.460000000020955,2074.3614,8,1794.89,671.03600000000006,2062.3628,1924.0087735520385,1793.1567535520383,1939.7350511700913,1,30,32,70,62
71,30,30,LinearHeuristicAuction,0.025,0.02,,True,,1000,10800,cats_reg_g30b150,,False,CATS,150,regions,MultiMinded,1000,MaxIter,109.78999999997905,2107.4125,2,1919.92,672.68100000000004,1414.6795,2119.7816197293296,0.0,51.904540044175604,1,29,56,74,60
72,30,35,LinearHeuristicAuction,0.025,0.02,,True,,1000,10800,cats_reg_g30b150,,False,CATS,150,regions,MultiMinded,57,Balance,5.830000000016298,1946.4843000000003,8,1216.53,554.09649999999999,1917.7996999999998,1738.7895864292093,1641.8226989292095,1858.0714674275323,1,29,24,73,65
73,30,35,LinearHeuristicAuction,0.025,0.02,,True,,1000,10800,cats_reg_g30b150,,False,CATS,150,regions,MultiMinded,1000,MaxIter,103.08999999999651,1852.6272999999999,10,1445.38,663.03899999999999,1686.876,1684.0859108840953,424.32632698470263,706.21323550795626,1,30,18,83,65
74,30,31,LinearHeuristicAuction,0.025,0.02,,True,,1000,10800,cats_reg_g30b150,,False,CATS,150,regions,MultiMinded,469,Balance,53.429999999993015,2020.0417,6,1744.34,781.83899999999994,2020.0417,1941.9935612013271,1824.7177112013271,1912.0519493127413,1,30,44,74,61
75,30,39,LinearHeuristicAuction,0.025,0.02,,True,,1000,10800,cats_reg_g30b150,,False,CATS,150,regions,MultiMinded,1000,MaxIter,110.4199999999837,2549.9302,4,1890.83,637.39099999999996,2081.0525,2437.1137108565499,60.416326054515309,250.00643830266259,1,30,28,91,69
76,30,36,LinearHeuristicAuction,0.025,0.02,,True,,1000,10800,cats_reg_g30b150,,False,CATS,150,regions,MultiMinded,1000,MaxIter,109.77000000001863,1970.4382,2,1633.82,405.01099999999997,1741.397,2028.715092524551,65.645510160829289,101.15733457647573,1,30,52,79,66
77,30,34,LinearHeuristicAuction,0.025,0.02,,True,,1000,10800,cats_reg_g30b150,,False,CATS,150,regions,MultiMinded,84,Balance,9.989999999990687,1646.3148,2,1576.38,831.28949999999998,1646.3148,1662.9214654302266,1621.3569904302265,1621.3569904302265,1,30,28,74,64
78,30,34,LinearHeuristicAuction,0.025,0.02,,True,,1000,10800,cats_reg_g30b150,,False,CATS,150,regions,MultiMinded,1000,MaxIter,111.85000000000582,2412.1546,7,1881.66,768.41550000000007,2305.4481,2303.9254158496701,1870.4553648312167,1936.3882128290106,1,29,19,80,64
79,30,29,LinearHeuristicAuction,0.025,0.02,,True,,1000,10800,cats_reg_g30b150,,False,CATS,150,regions,MultiMinded,1000,MaxIter,113.63000000000466,2267.359,5,2060.3,919.01300000000003,2255.609,2209.8445671623494,447.52004049910045,537.82734077383338,1,30,23,79,59
80,30,37,LinearHeuristicAuction,0.025,0.02,,True,,1000,10800,cats_reg_g30b150,,False,CATS,150,regions,MultiMinded,1000,MaxIter,113.60000000000582,2112.5864,8,1592.54,576.49599999999998,1943.511,1997.3381406846934,1401.3034652955764,1537.9585641673623,1,29,22,84,67
81,30,33,LinearHeuristicAuction,0.025,0.02,,True,,1000,10800,cats_reg_g30b150,,False,CATS,150,regions,MultiMinded,73,Balance,8.050000000017462,1652.215,4,1316.69,725.81600000000003,1652.215,1654.8630437165825,1582.2814437165825,1598.7265002272923,1,30,49,71,63
82,30,35,LinearHeuristicAuction,0.025,0.02,,True,,1000,10800,cats_reg_g30b150,,False,CATS,150,regions,MultiMinded,1000,MaxIter,113.89000000001397,2109.0315,3,1900.31,619.13249999999994,1170.8374999999999,2152.9254525916667,85.9642418171765,134.88669278646162,1,30,74,86,65
83,30,32,LinearHeuristicAuction,0.025,0.02,,True,,1000,10800,cats_reg_g30b150,,False,CATS,150,regions,MultiMinded,78,Balance,8.680000000022119,2576.43019,7,2027.96,1059.6700000000001,2576.43019,2528.3884852272686,2342.9462352272685,2420.801291718215,1,30,24,72,62
84,30,34,LinearHeuristicAuction,0.025,0.02,,True,,1000,10800,cats_reg_g30b150,,False,CATS,150,regions,MultiMinded,1000,MaxIter,104.61999999999534,1983.6759000000002,6,1485.27,650.14099999999996,1943.082,1880.3335381619872,1358.6899717353019,1523.9024369196745,1,30,25,80,64
85,30,33,LinearHeuristicAuction,0.025,0.02,,True,,1000,10800,cats_reg_g30b150,,False,CATS,150,regions,MultiMinded,49,Balance,5.169999999983702,1650.3177,5,1136.81,534.83399999999995,1650.3177,1600.3179416968394,1536.1378616968393,1598.8521090637496,1,30,10,74,63
86,30,37,LinearHeuristicAuction,0.025,0.02,,True,,1000,10800,cats_reg_g30b150,,False,CATS,150,regions,MultiMinded,44,Balance,4.459999999991851,2073.2363,6,1605.13,504.47649999999999,2069.3503,1907.741971508766,1834.592879008766,2007.4043206680094,1,30,1,77,67
87,30,34,LinearHeuristicAuction,0.025,0.02,,True,,1000,10800,cats_reg_g30b150,,False,CATS,150,regions,MultiMinded,1000,MaxIter,106.33999999999651,2161.5317,8,1611.82,461.19499999999999,1957.6967,2054.4674850613005,1403.4778328217353,1577.7308987020608,1,28,24,80,64
88,30,35,LinearHeuristicAuction,0.025,0.02,,True,,1000,10800,cats_reg_g30b150,,False,CATS,150,regions,MultiMinded,1000,MaxIter,115.45999999999185,1960.6723,6,1579.4,529.16499999999996,1921.4421000000002,1910.312945743211,1443.2126987022032,1513.0637389392921,1,29,27,83,65
89,30,40,LinearHeuristicAuction,0.025,0.02,,True,,1000,10800,cats_reg_g30b150,,False,CATS,150,regions,MultiMinded,40,Balance,4.25,2103.4608,12,1324.86,455.78500000000003,2103.4608,1739.5365432891622,1636.9849182891626,2012.2598508994818,1,27,8,80,70
90,30,36,LinearHeuristicAuction,0.025,0.02,,True,,1000,10800,cats_reg_g30b150,,False,CATS,150,regions,MultiMinded,181,Balance,19.0,2252.2093,7,1749.09,686.99800000000005,2252.2093,2133.2156637547369,2030.1659637547364,2169.6560122115175,1,29,17,80,66
91,30,37,LinearHeuristicAuction,0.025,0.02,,True,,1000,10800,cats_reg_g30b150,,False,CATS,150,regions,MultiMinded,95,Balance,9.440000000002328,2533.4677,9,1557.05,605.50300000000004,2524.7637,2094.5372385819251,1982.5191835819253,2418.9239431123683,1,29,11,79,67
92,30,37,LinearHeuristicAuction,0.025,0.02,,True,,1000,10800,cats_reg_g30b150,,False,CATS,150,regions,MultiMinded,742,Balance,78.54000000000815,2087.0795,9,1557.29,467.12700000000001,2087.0795,1937.7953062762936,1833.4251338846561,1986.3284832756826,1,30,36,83,67
93,30,34,LinearHeuristicAuction,0.025,0.02,,True,,1000,10800,cats_reg_g30b150,,False,CATS,150,regions,MultiMinded,26,Balance,2.4899999999906868,2220.4165999999996,8,1477.09,531.97949999999992,2187.6236,2012.5849855818146,1908.848983081815,2099.0412035392674,1,30,15,74,64
94,30,33,LinearHeuristicAuction,0.025,0.02,,True,,1000,10800,cats_reg_g30b150,,False,CATS,150,regions,MultiMinded,1000,MaxIter,107.52000000001863,2089.1439,4,1850.23,583.02999999999997,2035.0619,1973.1280924117177,280.23001654064831,446.09247209277044,1,28,24,79,63
95,30,36,LinearHeuristicAuction,0.025,0.02,,True,,1000,10800,cats_reg_g30b150,,False,CATS,150,regions,MultiMinded,497,Balance,53.73000000001048,2218.1557,7,1747.55,732.99250000000006,2218.1557,2134.7851803352387,2006.5114928352389,2119.6136707711803,1,30,52,85,66
96,30,33,LinearHeuristicAuction,0.025,0.02,,True,,1000,10800,cats_reg_g30b150,,False,CATS,150,regions,MultiMinded,1000,MaxIter,111.41000000000349,1873.9284000000002,3,1690.89,555.43200000000002,1734.1365,1894.6683461286757,26.460728544722443,83.486868570879921,1,29,35,79,63
97,30,37,LinearHeuristicAuction,0.025,0.02,,True,,1000,10800,cats_reg_g30b150,,False,CATS,150,regions,MultiMinded,53,Balance,5.75,1853.4531000000002,10,1334.16,635.36699999999996,1853.4531000000002,1762.6520661775144,1622.8713261775147,1745.4275360169834,1,28,31,82,67
98,30,36,LinearHeuristicAuction,0.025,0.02,,True,,1000,10800,cats_reg_g30b150,,False,CATS,150,regions,MultiMinded,90,Balance,9.89000000001397,2779.0163,8,2131.76,620.35799999999995,2779.0163,2726.7441217181181,2605.7743117181185,2675.8487580251322,1,30,43,78,66
99,30,37,LinearHeuristicAuction,0.025,0.02,,True,,1000,10800,cats_reg_g30b150,,False,CATS,150,regions,MultiMinded,1000,MaxIter,107.66000000000349,2286.8288000000002,2,1573.72,543.00099999999998,1223.2448,2272.1403364150374,0.0,87.137170889148308,1,28,53,84,67
100,30,32,LinearHeuristicAuction,0.025,0.02,,True,,1000,10800,cats_reg_g30b150,,False,CATS,150,regions,MultiMinded,282,Balance,31.420000000012806,1906.0085,9,1496.95,591.39400000000001,1906.0085,1773.4908845858206,1640.4272345858205,1789.870609029362,1,30,39,83,62
