idx,items,agents,auction_class,epsilon,stepc,epoch,scalebyvalue,reserve_type,maxiter,maxtime,generator_param_name,personalized,int_prices,generator,bids,distribution,type,rounds,status,runtime,efficient_value,final_num_winners,final_max_agent_value,final_scalevalue,final_value,final_total_price,final_revenue,final_indirect_util,final_price_degree,final_price_sparsity,final_imbalance,final_wd_nvars,final_wd_ncons
1,30,36,LinearHeuristicAuction,0.1,0.02,,True,,1000,10800,cats_reg_g30b150,,False,CATS,150,regions,MultiMinded,710,Balance,75.83999999999651,2502.8085,9,1712.02,630.28700000000003,2502.8085,2161.9788074230169,1791.6431461024511,2136.7435264029818,1,28,28,84,66
2,30,38,LinearHeuristicAuction,0.1,0.02,,True,,1000,10800,cats_reg_g30b150,,False,CATS,150,regions,MultiMinded,171,Balance,20.029999999998836,2067.4249,7,1460.04,478.96600000000001,2057.0263999999997,2040.7207753936843,1751.3366739658604,1807.3289811350687,1,29,46,88,68
3,30,36,LinearHeuristicAuction,0.1,0.02,,True,,1000,10800,cats_reg_g30b150,,False,CATS,150,regions,MultiMinded,69,Balance,7.070000000006985,2226.2472000000002,3,1961.0,494.50999999999999,2226.2472000000002,2206.3822745852694,2087.6998745852698,2129.1964291948448,1,28,25,76,66
4,30,38,LinearHeuristicAuction,0.1,0.02,,True,,1000,10800,cats_reg_g30b150,,False,CATS,150,regions,MultiMinded,71,Balance,7.819999999977881,2004.9491999999998,11,1505.7,557.86300000000006,2004.9491999999998,1885.4595011234653,1349.9110211234654,1471.5987823598443,1,30,5,81,68
5,30,35,LinearHeuristicAuction,0.1,0.02,,True,,1000,10800,cats_reg_g30b150,,False,CATS,150,regions,MultiMinded,56,Balance,5.480000000010477,1864.626,2,1703.97,505.12049999999999,1813.7730000000001,1752.5270516194751,1652.6455525022868,1763.2075010616109,1,30,1,72,65
6,30,35,LinearHeuristicAuction,0.1,0.02,,True,,1000,10800,cats_reg_g30b150,,False,CATS,150,regions,MultiMinded,494,Balance,51.91000000000349,2116.0368,7,1959.83,614.52500000000009,2051.8168,2122.1698205061953,1692.002320506195,1697.5880450877091,1,29,36,81,65
7,30,35,LinearHeuristicAuction,0.1,0.02,,True,,1000,10800,cats_reg_g30b150,,False,CATS,150,regions,MultiMinded,31,Balance,3.209999999991851,2031.9575,6,1330.11,558.39999999999998,2031.9575,1943.8570452187168,1653.4890452187169,1820.0044771125133,1,30,22,75,65
8,30,35,LinearHeuristicAuction,0.1,0.02,,True,,1000,10800,cats_reg_g30b150,,False,CATS,150,regions,MultiMinded,124,Balance,13.179999999993015,2027.57669,8,1379.5,642.28750000000002,2027.57669,1777.3774637991419,1444.9310264454059,1721.8264048610185,1,30,38,75,65
9,30,36,LinearHeuristicAuction,0.1,0.02,,True,,1000,10800,cats_reg_g30b150,,False,CATS,150,regions,MultiMinded,65,Balance,7.050000000017462,1859.5272999999997,8,1542.29,443.88650000000001,1859.5272999999997,1796.1220442150197,1529.7901442150196,1651.1162796017577,1,27,23,82,66
10,30,34,LinearHeuristicAuction,0.1,0.02,,True,,1000,10800,cats_reg_g30b150,,False,CATS,150,regions,MultiMinded,1000,MaxIter,105.06000000002678,2566.974,2,2112.56,626.02300000000002,1259.7232,2508.7578904586558,4.6505595962079909,184.19962402424952,1,29,43,77,64
11,30,36,LinearHeuristicAuction,0.1,0.02,,True,,1000,10800,cats_reg_g30b150,,False,CATS,150,regions,MultiMinded,37,Balance,3.8500000000058208,2431.6115,4,2098.81,721.22149999999999,2431.6115,2208.3878672024966,2020.8702772024969,2282.0733204538069,1,28,45,76,66
12,30,32,LinearHeuristicAuction,0.1,0.02,,True,,1000,10800,cats_reg_g30b150,,False,CATS,150,regions,MultiMinded,495,Balance,57.75,1865.81568,7,1645.15,855.13049999999998,1787.8909999999998,1792.5359512425341,1342.649466505462,1461.9463940451244,1,30,51,80,62
13,30,35,LinearHeuristicAuction,0.1,0.02,,True,,1000,10800,cats_reg_g30b150,,False,CATS,150,regions,MultiMinded,1000,MaxIter,124.38000000000466,1773.5022000000001,4,1494.31,678.60900000000004,1541.9917,1728.4377380810986,15.535153977636114,153.81257684430602,1,30,33,88,65
14,30,32,LinearHeuristicAuction,0.1,0.02,,True,,1000,10800,cats_reg_g30b150,,False,CATS,150,regions,MultiMinded,232,Balance,25.230000000010477,1980.1873000000003,6,1559.99,631.08900000000006,1980.1873000000003,1775.7937053531825,1498.1145453531826,1705.5319760500406,1,29,16,73,62
15,30,36,LinearHeuristicAuction,0.1,0.02,,True,,1000,10800,cats_reg_g30b150,,False,CATS,150,regions,MultiMinded,26,Balance,2.8500000000058208,2512.4141000000004,3,2312.23,781.00699999999995,2512.4141000000004,2381.8090106555974,2256.8478906555974,2433.2672226121799,1,29,31,70,66
16,30,34,LinearHeuristicAuction,0.1,0.02,,True,,1000,10800,cats_reg_g30b150,,False,CATS,150,regions,MultiMinded,112,Balance,12.099999999976717,1929.452,4,1789.44,584.255,1909.1155,1896.1321020226358,1786.9969936306409,1861.6011160771136,1,28,44,78,64
17,30,33,LinearHeuristicAuction,0.1,0.02,,True,,1000,10800,cats_reg_g30b150,,False,CATS,150,regions,MultiMinded,192,Balance,22.210000000020955,1934.7395999999999,5,1626.95,730.93200000000002,1840.0255000000002,1811.277538859958,1484.6388310827804,1589.8988910154803,1,30,103,79,63
18,30,34,LinearHeuristicAuction,0.1,0.02,,True,,1000,10800,cats_reg_g30b150,,False,CATS,150,regions,MultiMinded,33,Balance,3.3800000000046566,2504.1384,4,1818.33,781.33600000000001,2504.1384,2419.5262309012742,2183.1224182458914,2357.0378874287653,1,29,19,72,64
19,30,36,LinearHeuristicAuction,0.1,0.02,,True,,1000,10800,cats_reg_g30b150,,False,CATS,150,regions,MultiMinded,16,Balance,1.6199999999953434,2560.7110000000002,12,1508.06,549.71399999999994,2554.963,2094.4755413272751,1610.7272213272759,2127.9948791307202,1,28,10,70,66
20,30,37,LinearHeuristicAuction,0.1,0.02,,True,,1000,10800,cats_reg_g30b150,,False,CATS,150,regions,MultiMinded,512,Balance,54.29999999998836,1801.7813999999998,10,1490.47,395.125,1789.0344,1786.2396206065728,1436.2377219744096,1491.9825944439237,1,30,30,95,67
21,30,33,LinearHeuristicAuction,0.1,0.02,,True,,1000,10800,cats_reg_g30b150,,False,CATS,150,regions,MultiMinded,90,Balance,10.059999999997672,1553.7635,3,1374.19,778.39550000000008,1553.7635,1520.5747657933143,1331.8856896672019,1409.1896635410894,1,30,25,71,63
22,30,38,LinearHeuristicAuction,0.1,0.02,,True,,1000,10800,cats_reg_g30b150,,False,CATS,150,regions,MultiMinded,1000,MaxIter,117.35000000000582,2312.252,5,2123.59,638.69949999999994,2023.7920000000001,2392.9568861967614,1338.9152302037407,1341.5371371571641,1,29,85,87,68
23,30,38,LinearHeuristicAuction,0.1,0.02,,True,,1000,10800,cats_reg_g30b150,,False,CATS,150,regions,MultiMinded,113,Balance,11.670000000012806,2354.8725,7,1818.1,597.00800000000004,2354.8725,2097.2268757638085,1847.0796779751765,2105.663350889663,1,29,4,82,68
24,30,35,LinearHeuristicAuction,0.1,0.02,,True,,1000,10800,cats_reg_g30b150,,False,CATS,150,regions,MultiMinded,1000,MaxIter,108.85000000000582,1892.4884,5,1241.36,538.58849999999995,1491.9232000000002,1748.352487688649,0.0,224.25932612557332,1,30,44,82,65
25,30,33,LinearHeuristicAuction,0.1,0.02,,True,,1000,10800,cats_reg_g30b150,,False,CATS,150,regions,MultiMinded,222,Balance,25.35000000000582,1741.0822999999998,7,1538.41,861.41849999999999,1618.4172999999998,1612.1084003580609,1197.6637076332124,1367.1003366793423,1,29,68,74,63
26,30,34,LinearHeuristicAuction,0.1,0.02,,True,,1000,10800,cats_reg_g30b150,,False,CATS,150,regions,MultiMinded,1000,MaxIter,104.93000000002212,2008.668,8,1919.5,424.82100000000003,1871.6773999999998,1984.3467039660279,1311.4195738860533,1407.2758257876542,1,30,9,77,64
27,30,32,LinearHeuristicAuction,0.1,0.02,,True,,1000,10800,cats_reg_g30b150,,False,CATS,150,regions,MultiMinded,1000,MaxIter,100.23999999999069,2175.2061,3,1890.21,644.31150000000002,1676.4789,2068.0781682803326,699.53230496420531,709.6228613937277,1,28,21,75,62
28,30,37,LinearHeuristicAuction,0.1,0.02,,True,,1000,10800,cats_reg_g30b150,,False,CATS,150,regions,MultiMinded,30,Balance,3.1300000000046566,2040.43179,9,1615.6,517.23699999999997,1991.07949,1925.797909931098,1642.7651793113921,1863.9223757484326,1,29,42,75,67
29,30,33,LinearHeuristicAuction,0.1,0.02,,True,,1000,10800,cats_reg_g30b150,,False,CATS,150,regions,MultiMinded,1000,MaxIter,109.9200000000128,2111.632,3,1854.64,708.57899999999995,1802.048,2027.089586301835,0.0,219.34993315629794,1,30,83,79,63
30,30,35,LinearHeuristicAuction,0.1,0.02,,True,,1000,10800,cats_reg_g30b150,,False,CATS,150,regions,MultiMinded,1000,MaxIter,108.70999999999185,2323.0769999999998,8,1594.17,462.18150000000003,2025.4813000000004,2033.0759795101394,878.34819621520467,1098.8665924511433,1,28,25,83,65
31,30,34,LinearHeuristicAuction,0.1,0.02,,True,,1000,10800,cats_reg_g30b150,,False,CATS,150,regions,MultiMinded,45,Balance,4.330000000016298,2659.4860000000003,6,2167.09,585.07799999999997,2659.4860000000003,2546.1279577469913,2281.9211692791446,2418.5005287721842,1,27,6,72,64
32,30,37,LinearHeuristicAuction,0.1,0.02,,True,,1000,10800,cats_reg_g30b150,,False,CATS,150,regions,MultiMinded,131,Balance,14.160000000003492,1999.8556999999998,8,1545.46,522.50199999999995,1910.9342000000001,1842.4696474308273,1476.8929916147183,1602.4410775745364,1,30,19,84,67
33,30,37,LinearHeuristicAuction,0.1,0.02,,True,,1000,10800,cats_reg_g30b150,,False,CATS,150,regions,MultiMinded,28,Balance,2.779999999998836,1805.9524000000001,4,1582.17,487.50400000000002,1790.6487000000002,1633.9544431137447,1571.0771231781832,1818.4459269799752,1,28,53,78,67
34,30,39,LinearHeuristicAuction,0.1,0.02,,True,,1000,10800,cats_reg_g30b150,,False,CATS,150,regions,MultiMinded,1000,MaxIter,123.61000000001513,1983.6001999999999,4,1564.76,623.41200000000003,1690.525,2044.1334349281412,375.9356272300675,376.7274747344137,1,30,62,89,69
35,30,38,LinearHeuristicAuction,0.1,0.02,,True,,1000,10800,cats_reg_g30b150,,False,CATS,150,regions,MultiMinded,189,Balance,20.64999999999418,2341.4052,8,1755.59,637.298,2341.4052,2275.0160521122548,1854.3993721122549,2027.182009257187,1,29,21,86,68
36,30,33,LinearHeuristicAuction,0.1,0.02,,True,,1000,10800,cats_reg_g30b150,,False,CATS,150,regions,MultiMinded,1000,MaxIter,115.76999999998952,2136.9992,3,1693.26,587.83249999999998,1831.3418,2149.7748451318048,42.914839676225235,93.015299999999996,1,29,102,85,63
37,30,34,LinearHeuristicAuction,0.1,0.02,,True,,1000,10800,cats_reg_g30b150,,False,CATS,150,regions,MultiMinded,600,Balance,64.49000000001979,1991.3467,3,1812.59,701.23299999999995,1939.0544,1938.3035729836417,1807.3578979449514,1922.1673790494258,1,30,41,76,64
38,30,40,LinearHeuristicAuction,0.1,0.02,,True,,1000,10800,cats_reg_g30b150,,False,CATS,150,regions,MultiMinded,56,Balance,6.10999999998603,2724.0288,6,2153.9,576.38300000000004,2724.0288,2385.913305033303,2136.8507084620232,2505.2184990120286,1,29,24,87,70
39,30,30,LinearHeuristicAuction,0.1,0.02,,True,,1000,10800,cats_reg_g30b150,,False,CATS,150,regions,MultiMinded,82,Balance,8.239999999990687,1968.0602,1,1918.66,764.726,1918.66,1980.7546905415445,1904.2820905415444,1948.9090560577429,1,30,34,66,60
40,30,33,LinearHeuristicAuction,0.1,0.02,,True,,1000,10800,cats_reg_g30b150,,False,CATS,150,regions,MultiMinded,42,Balance,4.5899999999965075,1942.0583000000001,3,1674.34,688.69799999999998,1942.0583000000001,1895.0236729541634,1712.1419837967642,1759.8065687030762,1,30,3,71,63
41,30,35,LinearHeuristicAuction,0.1,0.02,,True,,1000,10800,cats_reg_g30b150,,False,CATS,150,regions,MultiMinded,52,Balance,5.670000000012806,1877.7214099999999,7,1423.29,646.35299999999995,1831.2470099999998,1810.2228877772948,1511.9628894806315,1673.6743691139977,1,29,76,78,65
42,30,32,LinearHeuristicAuction,0.1,0.02,,True,,1000,10800,cats_reg_g30b150,,False,CATS,150,regions,MultiMinded,129,Balance,14.110000000015134,2111.841,4,1703.5,646.17399999999998,2111.841,2095.9499383202974,1902.0977383202974,1958.6449275776745,1,29,32,74,62
43,30,40,LinearHeuristicAuction,0.1,0.02,,True,,1000,10800,cats_reg_g30b150,,False,CATS,150,regions,MultiMinded,185,Balance,21.220000000001164,2446.7208,6,1927.69,685.90899999999999,2446.7208,2143.8167948244381,1883.1713748244381,2194.2177053589044,1,29,47,86,70
44,30,35,LinearHeuristicAuction,0.1,0.02,,True,,1000,10800,cats_reg_g30b150,,False,CATS,150,regions,MultiMinded,623,Balance,72.83999999999651,1711.1515999999997,6,1299.51,651.40899999999999,1607.6064999999999,1562.6321908492696,1223.8995108492691,1341.7343285030186,1,30,34,84,65
45,30,38,LinearHeuristicAuction,0.1,0.02,,True,,1000,10800,cats_reg_g30b150,,False,CATS,150,regions,MultiMinded,1000,MaxIter,121.54999999998836,2034.5094,3,1828.07,742.07299999999998,1865.0793999999999,2067.3161134530601,0.0,8.689350876208259,1,30,109,94,68
46,30,31,LinearHeuristicAuction,0.1,0.02,,True,,1000,10800,cats_reg_g30b150,,False,CATS,150,regions,MultiMinded,34,Balance,3.5200000000186265,2564.0325000000003,4,2373.4,807.26099999999997,2564.0325000000003,2462.1953410940123,2252.742194441048,2356.2668906148133,1,30,5,68,61
47,30,37,LinearHeuristicAuction,0.1,0.02,,True,,1000,10800,cats_reg_g30b150,,False,CATS,150,regions,MultiMinded,27,Balance,2.8099999999976717,2233.1322,7,1669.44,664.97900000000004,2233.1322,1930.1253177649767,1699.364664965304,2102.5391239618079,1,29,43,72,67
48,30,35,LinearHeuristicAuction,0.1,0.02,,True,,1000,10800,cats_reg_g30b150,,False,CATS,150,regions,MultiMinded,181,Balance,19.420000000012806,2069.4358,7,1826.01,556.24350000000004,2050.2718,1926.8120839340086,1595.866656026802,1777.2378580795653,1,30,49,81,65
49,30,30,LinearHeuristicAuction,0.1,0.02,,True,,1000,10800,cats_reg_g30b150,,False,CATS,150,regions,MultiMinded,34,Balance,3.629999999975553,1979.7895999999998,6,1594.07,673.82600000000002,1979.7895999999998,1940.2858146411231,1662.6636323467353,1804.9290418488727,1,30,42,67,60
50,30,33,LinearHeuristicAuction,0.1,0.02,,True,,1000,10800,cats_reg_g30b150,,False,CATS,150,regions,MultiMinded,198,Balance,20.529999999998836,2110.6722999999997,7,1335.35,460.47550000000001,2110.6722999999997,1928.0582472395204,1670.4683615331949,1907.7050225722003,1,29,50,79,63
51,30,37,LinearHeuristicAuction,0.1,0.02,,True,,1000,10800,cats_reg_g30b150,,False,CATS,150,regions,MultiMinded,27,Balance,2.75,2245.4244000000003,6,1882.26,597.73699999999997,2245.4244000000003,2166.2016845963503,1891.2426645963506,2001.9790169838407,1,28,31,79,67
52,30,32,LinearHeuristicAuction,0.1,0.02,,True,,1000,10800,cats_reg_g30b150,,False,CATS,150,regions,MultiMinded,164,Balance,16.35999999998603,1756.6213,5,1409.87,556.45500000000004,1694.7150000000001,1646.3361813394577,1412.6250813394577,1547.7420425716318,1,29,37,71,62
53,30,34,LinearHeuristicAuction,0.1,0.02,,True,,1000,10800,cats_reg_g30b150,,False,CATS,150,regions,MultiMinded,39,Balance,3.790000000008149,2325.6629000000003,6,1796.97,570.23000000000002,2248.7839000000004,2045.360560699756,1808.8362463644423,2120.231748601097,1,29,38,69,64
54,30,37,LinearHeuristicAuction,0.1,0.02,,True,,1000,10800,cats_reg_g30b150,,False,CATS,150,regions,MultiMinded,140,Balance,16.929999999993015,2355.424,6,2152.9,670.553,2355.424,2232.2499382464725,2004.2619182464728,2146.7957721317039,1,28,57,89,67
55,30,33,LinearHeuristicAuction,0.1,0.02,,True,,1000,10800,cats_reg_g30b150,,False,CATS,150,regions,MultiMinded,1000,MaxIter,105.94999999998254,2078.1524999999997,8,1352.37,548.28150000000005,1425.5235,2036.4913593624701,431.1798234325712,494.9568970381888,1,30,30,79,63
56,30,39,LinearHeuristicAuction,0.1,0.02,,True,,1000,10800,cats_reg_g30b150,,False,CATS,150,regions,MultiMinded,70,Balance,7.779999999998836,1893.3772000000004,9,1498.24,591.42200000000003,1819.2022000000002,1712.1216608132179,1250.8125008132176,1460.530075356995,1,29,38,84,69
57,30,36,LinearHeuristicAuction,0.1,0.02,,True,,1000,10800,cats_reg_g30b150,,False,CATS,150,regions,MultiMinded,1000,MaxIter,110.39999999999418,1899.5301999999997,5,1604.44,621.16750000000002,1763.1708999999998,1895.5591202386763,308.67622015199743,308.87132983375642,1,30,65,85,66
58,30,36,LinearHeuristicAuction,0.1,0.02,,True,,1000,10800,cats_reg_g30b150,,False,CATS,150,regions,MultiMinded,543,Balance,67.37999999997555,2429.6093,6,2057.42,832.86300000000006,2429.6093,2277.5073810127778,1885.4321003626669,2048.161020365349,1,29,42,84,66
59,30,39,LinearHeuristicAuction,0.1,0.02,,True,,1000,10800,cats_reg_g30b150,,False,CATS,150,regions,MultiMinded,1000,MaxIter,121.98999999999069,2064.9126,6,1772.9,622.28800000000001,1478.8145,2009.4951504426513,210.23916690267876,330.84663120987454,1,30,56,92,69
60,30,35,LinearHeuristicAuction,0.1,0.02,,True,,1000,10800,cats_reg_g30b150,,False,CATS,150,regions,MultiMinded,1000,MaxIter,101.86999999999534,1956.0875,6,1842.74,450.80399999999997,1697.8015,1865.4136704770144,868.72205486512507,956.07070739496658,1,28,32,79,65
61,30,37,LinearHeuristicAuction,0.1,0.02,,True,,1000,10800,cats_reg_g30b150,,False,CATS,150,regions,MultiMinded,1000,MaxIter,111.40999999997439,1951.6029999999998,8,1560.47,530.9905,1698.5653,1883.8937005513658,724.95102225350229,826.65374587429028,1,30,26,88,67
62,30,34,LinearHeuristicAuction,0.1,0.02,,True,,1000,10800,cats_reg_g30b150,,False,CATS,150,regions,MultiMinded,152,Balance,16.880000000004657,1978.0167,4,1737.89,582.94900000000007,1941.8931400000001,1834.2500595376309,1736.3476494923982,1927.0899982178066,1,30,62,77,64
63,30,30,LinearHeuristicAuction,0.1,0.02,,True,,1000,10800,cats_reg_g30b150,,False,CATS,150,regions,MultiMinded,79,Balance,7.930000000022119,2547.4234,5,1821.34,869.476,2547.4234,2363.0867792001077,2060.5783106481535,2342.0841257976913,1,29,66,69,60
64,30,34,LinearHeuristicAuction,0.1,0.02,,True,,1000,10800,cats_reg_g30b150,,False,CATS,150,regions,MultiMinded,86,Balance,9.410000000003492,2427.9729,8,1844.14,792.92899999999997,2427.9729,2215.642044839451,1693.7686113158188,1930.9506185793787,1,30,41,75,64
65,30,36,LinearHeuristicAuction,0.1,0.02,,True,,1000,10800,cats_reg_g30b150,,False,CATS,150,regions,MultiMinded,1000,MaxIter,118.26000000000931,2209.3287,5,1779.98,732.52250000000004,1623.2435,2096.6350154695065,20.775027989354044,191.99892203231764,1,29,43,83,66
66,30,30,LinearHeuristicAuction,0.1,0.02,,True,,1000,10800,cats_reg_g30b150,,False,CATS,150,regions,MultiMinded,30,Balance,2.970000000001164,2387.3904,2,2290.03,553.03500000000008,2387.3904,2288.7871035717794,2222.4229035717794,2375.2311585259049,1,29,2,64,60
67,30,41,LinearHeuristicAuction,0.1,0.02,,True,,1000,10800,cats_reg_g30b150,,False,CATS,150,regions,MultiMinded,1000,MaxIter,109.18000000002212,2130.5865999999996,10,1569.3,447.20299999999997,2071.6138,2043.1350442797661,1519.9713507365477,1694.1889997389228,1,29,11,97,71
68,30,34,LinearHeuristicAuction,0.1,0.02,,True,,1000,10800,cats_reg_g30b150,,False,CATS,150,regions,MultiMinded,34,Balance,3.4100000000034925,1871.0335999999998,7,1491.62,623.48450000000003,1804.1255,1777.486539628306,1444.3520008648115,1591.554672116433,1,30,43,74,64
69,30,34,LinearHeuristicAuction,0.1,0.02,,True,,1000,10800,cats_reg_g30b150,,False,CATS,150,regions,MultiMinded,42,Balance,4.60999999998603,2248.1536,8,1918.69,909.28949999999998,2248.1536,2228.0231531207228,1683.6676760088981,1776.6317660858331,1,29,47,71,64
70,30,32,LinearHeuristicAuction,0.1,0.02,,True,,1000,10800,cats_reg_g30b150,,False,CATS,150,regions,MultiMinded,127,Balance,13.410000000003492,2074.3614,8,1794.89,671.03600000000006,2062.3628,1924.0087735520385,1476.9809411144104,1623.5592387324634,1,30,32,70,62
71,30,30,LinearHeuristicAuction,0.1,0.02,,True,,1000,10800,cats_reg_g30b150,,False,CATS,150,regions,MultiMinded,1000,MaxIter,109.98999999999069,2107.4125,2,1919.92,672.68100000000004,1414.6795,2119.7816197293296,0.0,51.904540044175604,1,29,56,74,60
72,30,35,LinearHeuristicAuction,0.1,0.02,,True,,1000,10800,cats_reg_g30b150,,False,CATS,150,regions,MultiMinded,38,Balance,3.849999999976717,1946.4843000000003,8,1216.53,554.09649999999999,1917.7996999999998,1753.1308578265875,1465.5219507825923,1708.6425346628191,1,29,43,73,65
73,30,35,LinearHeuristicAuction,0.1,0.02,,True,,1000,10800,cats_reg_g30b150,,False,CATS,150,regions,MultiMinded,1000,MaxIter,104.5,1852.6272999999999,10,1445.38,663.03899999999999,1686.876,1684.0859108840953,296.22115855787285,578.10806708112648,1,30,18,83,65
74,30,31,LinearHeuristicAuction,0.1,0.02,,True,,1000,10800,cats_reg_g30b150,,False,CATS,150,regions,MultiMinded,469,Balance,52.47999999998137,2020.0417,6,1744.34,781.83899999999994,2020.0417,1941.9935612013271,1608.1477258863467,1695.4819639977609,1,30,44,74,61
75,30,39,LinearHeuristicAuction,0.1,0.02,,True,,1000,10800,cats_reg_g30b150,,False,CATS,150,regions,MultiMinded,1000,MaxIter,112.01999999998952,2549.9302,4,1890.83,637.39099999999996,2081.0525,2437.1137108565499,0.0,189.59011224814728,1,30,28,91,69
76,30,36,LinearHeuristicAuction,0.1,0.02,,True,,1000,10800,cats_reg_g30b150,,False,CATS,150,regions,MultiMinded,1000,MaxIter,111.17999999999302,1970.4382,2,1633.82,405.01099999999997,1741.397,2028.715092524551,35.26968516082929,70.781509576475742,1,30,52,79,66
77,30,34,LinearHeuristicAuction,0.1,0.02,,True,,1000,10800,cats_reg_g30b150,,False,CATS,150,regions,MultiMinded,84,Balance,9.89999999999418,1646.3148,2,1576.38,831.28949999999998,1646.3148,1662.9214654302266,1508.4415590025417,1508.4415590025417,1,30,28,74,64
78,30,34,LinearHeuristicAuction,0.1,0.02,,True,,1000,10800,cats_reg_g30b150,,False,CATS,150,regions,MultiMinded,181,Balance,19.320000000006985,2412.1546,7,1881.66,768.41550000000007,2301.3391,2311.7805949606623,1863.885355260838,1979.0634894087746,1,29,24,76,64
79,30,29,LinearHeuristicAuction,0.1,0.02,,True,,1000,10800,cats_reg_g30b150,,False,CATS,150,regions,MultiMinded,148,Balance,15.75999999998021,2267.359,5,2060.3,919.01300000000003,2255.609,2243.9917455207215,1839.6260255207214,2008.0124684589957,1,29,115,73,59
80,30,37,LinearHeuristicAuction,0.1,0.02,,True,,1000,10800,cats_reg_g30b150,,False,CATS,150,regions,MultiMinded,124,Balance,13.569999999977881,2112.5864,9,1592.54,576.49599999999998,1990.7174,1957.4174570703169,1507.7505770703169,1694.0592497433236,1,28,73,80,67
81,30,33,LinearHeuristicAuction,0.1,0.02,,True,,1000,10800,cats_reg_g30b150,,False,CATS,150,regions,MultiMinded,73,Balance,8.139999999984866,1652.215,4,1316.69,725.81600000000003,1652.215,1654.8630437165825,1389.5185362689826,1405.9635927796924,1,30,49,71,63
82,30,35,LinearHeuristicAuction,0.1,0.02,,True,,1000,10800,cats_reg_g30b150,,False,CATS,150,regions,MultiMinded,1000,MaxIter,117.23999999999069,2109.0315,3,1900.31,619.13249999999994,1170.8374999999999,2152.9254525916667,39.529304317176511,88.451755286461633,1,30,74,86,65
83,30,32,LinearHeuristicAuction,0.1,0.02,,True,,1000,10800,cats_reg_g30b150,,False,CATS,150,regions,MultiMinded,65,Balance,7.079999999987194,2576.43019,7,2027.96,1059.6700000000001,2576.43019,2576.0949128031657,1996.3401484258679,2041.8134282568265,1,30,19,72,62
84,30,34,LinearHeuristicAuction,0.1,0.02,,True,,1000,10800,cats_reg_g30b150,,False,CATS,150,regions,MultiMinded,368,Balance,38.09999999997672,1983.6759000000002,7,1485.27,650.14099999999996,1907.8858,1860.3841676265665,1486.2434917398425,1676.6204665529178,1,30,39,77,64
85,30,33,LinearHeuristicAuction,0.1,0.02,,True,,1000,10800,cats_reg_g30b150,,False,CATS,150,regions,MultiMinded,33,Balance,3.4400000000023283,1650.3177,5,1136.81,534.83399999999995,1650.3177,1608.5780450413085,1394.3010386539609,1471.0479239514441,1,30,17,72,63
86,30,37,LinearHeuristicAuction,0.1,0.02,,True,,1000,10800,cats_reg_g30b150,,False,CATS,150,regions,MultiMinded,18,Balance,1.9100000000034925,2073.2363,6,1605.13,504.47649999999999,2069.3503,1944.5401052430479,1712.480915243048,1901.0570643485348,1,30,11,76,67
87,30,34,LinearHeuristicAuction,0.1,0.02,,True,,1000,10800,cats_reg_g30b150,,False,CATS,150,regions,MultiMinded,1000,MaxIter,105.76000000000931,2161.5317,8,1611.82,461.19499999999999,1957.6967,2054.4674850613005,1230.5297078217352,1404.7827737020607,1,28,24,80,64
88,30,35,LinearHeuristicAuction,0.1,0.02,,True,,1000,10800,cats_reg_g30b150,,False,CATS,150,regions,MultiMinded,154,Balance,17.339999999996508,1960.6723,6,1579.4,529.16499999999996,1921.4421000000002,1891.270907214767,1655.7952579480605,1753.5600478290946,1,29,35,80,65
89,30,40,LinearHeuristicAuction,0.1,0.02,,True,,1000,10800,cats_reg_g30b150,,False,CATS,150,regions,MultiMinded,28,Balance,2.9899999999906868,2103.4608,12,1324.86,455.78500000000003,2103.4608,1763.5100682145016,1380.6506682145016,1763.9471054696141,1,27,9,79,70
90,30,36,LinearHeuristicAuction,0.1,0.02,,True,,1000,10800,cats_reg_g30b150,,False,CATS,150,regions,MultiMinded,30,Balance,3.14000000001397,2252.2093,7,1749.09,686.99800000000005,2252.2093,2121.7905616197472,1750.811641619747,1980.7920485163374,1,29,12,75,66
91,30,37,LinearHeuristicAuction,0.1,0.02,,True,,1000,10800,cats_reg_g30b150,,False,CATS,150,regions,MultiMinded,95,Balance,9.540000000008149,2533.4677,9,1557.05,605.50300000000004,2524.7637,2094.5372385819251,1791.785738581925,2228.190498112368,1,29,11,79,67
92,30,37,LinearHeuristicAuction,0.1,0.02,,True,,1000,10800,cats_reg_g30b150,,False,CATS,150,regions,MultiMinded,742,Balance,78.29999999998836,2087.0795,9,1557.29,467.12700000000001,2087.0795,1937.7953062762936,1560.0510060104878,1712.9543554015145,1,30,36,83,67
93,30,34,LinearHeuristicAuction,0.1,0.02,,True,,1000,10800,cats_reg_g30b150,,False,CATS,150,regions,MultiMinded,8,Balance,0.7599999999802094,2220.4165999999996,8,1477.09,531.97949999999992,2187.6236,2031.1096548629084,1686.2991804341721,1940.8011743618429,1,30,37,70,64
94,30,33,LinearHeuristicAuction,0.1,0.02,,True,,1000,10800,cats_reg_g30b150,,False,CATS,150,regions,MultiMinded,186,Balance,20.089999999996508,2089.1439,7,1850.23,583.02999999999997,1989.02329,1987.8338376231331,1696.3188376231333,1867.6096466042288,1,28,63,79,63
95,30,36,LinearHeuristicAuction,0.1,0.02,,True,,1000,10800,cats_reg_g30b150,,False,CATS,150,regions,MultiMinded,497,Balance,54.0800000000163,2218.1557,7,1747.55,732.99250000000006,2218.1557,2134.7851803352387,1669.4207297748294,1782.5229077107708,1,30,52,85,66
96,30,33,LinearHeuristicAuction,0.1,0.02,,True,,1000,10800,cats_reg_g30b150,,False,CATS,150,regions,MultiMinded,1000,MaxIter,111.0800000000163,1873.9284000000002,3,1690.89,555.43200000000002,1734.1365,1894.6683461286757,0.0,57.026140026157485,1,29,35,79,63
97,30,37,LinearHeuristicAuction,0.1,0.02,,True,,1000,10800,cats_reg_g30b150,,False,CATS,150,regions,MultiMinded,47,Balance,5.260000000009313,1853.4531000000002,10,1334.16,635.36699999999996,1849.0271000000002,1777.6275406034129,1294.7486206034127,1424.183251880535,1,28,30,82,67
98,30,36,LinearHeuristicAuction,0.1,0.02,,True,,1000,10800,cats_reg_g30b150,,False,CATS,150,regions,MultiMinded,90,Balance,10.029999999998836,2779.0163,8,2131.76,620.35799999999995,2779.0163,2726.7441217181181,2280.0863617181176,2350.1608080251312,1,30,43,78,66
99,30,37,LinearHeuristicAuction,0.1,0.02,,True,,1000,10800,cats_reg_g30b150,,False,CATS,150,regions,MultiMinded,573,Balance,61.75,2286.8288000000002,6,1573.72,543.00099999999998,2217.4397,2268.2449805615561,1996.7444805615564,2090.0933200653963,1,28,32,84,67
100,30,32,LinearHeuristicAuction,0.1,0.02,,True,,1000,10800,cats_reg_g30b150,,False,CATS,150,regions,MultiMinded,282,Balance,32.11999999999534,1906.0085,9,1496.95,591.39400000000001,1906.0085,1773.4908845858206,1272.975041767276,1422.4184162108174,1,30,39,83,62
