idx,items,agents,auction_class,epsilon,stepc,epoch,scalebyvalue,reserve_type,maxiter,maxtime,generator_param_name,personalized,int_prices,generator,bids,distribution,type,rounds,status,runtime,efficient_value,final_num_winners,final_max_agent_value,final_scalevalue,final_value,final_total_price,final_revenue,final_indirect_util,final_price_degree,final_price_sparsity,final_imbalance,final_wd_nvars,final_wd_ncons
1,10,17,LinearHeuristicAuction,0.05,0.04,,True,,1000,10800,cats_reg_g10b50,,False,CATS,50,regions,MultiMinded,30,Balance,1.070000000006985,681.0817,4,513.163,288.52699999999999,681.0817,680.54247300729503,622.83707300729498,625.91540388278872,1,10,3,40,27
2,10,19,LinearHeuristicAuction,0.05,0.04,,True,,1000,10800,cats_reg_g10b50,,False,CATS,50,regions,MultiMinded,153,Balance,5.6600000000034925,734.1289999999999,2,640.313,226.71899999999999,732.193,676.78458717474155,654.1126871747415,729.6412555496953,1,10,13,39,29
3,10,17,LinearHeuristicAuction,0.05,0.04,,True,,1000,10800,cats_reg_g10b50,,False,CATS,50,regions,MultiMinded,1000,MaxIter,35.470000000001164,804.4359999999999,2,797.452,310.25200000000001,728.83041,825.41278209848042,0.0,1.9913272249965934,1,10,9,39,27
4,10,14,LinearHeuristicAuction,0.05,0.04,,True,,1000,10800,cats_reg_g10b50,,False,CATS,50,regions,MultiMinded,9,Balance,0.27999999999883585,574.909,2,568.922,272.93700000000001,574.909,558.84928757701596,531.55558757701601,568.44203239002491,1,10,11,28,24
5,10,21,LinearHeuristicAuction,0.05,0.04,,True,,1000,10800,cats_reg_g10b50,,False,CATS,50,regions,MultiMinded,63,Balance,2.370000000024447,650.6363,2,619.701,342.60149999999999,650.6363,645.76029066644674,611.50014066644667,630.0364050496878,1,10,16,42,31
6,10,17,LinearHeuristicAuction,0.05,0.04,,True,,1000,10800,cats_reg_g10b50,,False,CATS,50,regions,MultiMinded,1000,MaxIter,36.539999999979045,834.2848,2,784.19,470.66899999999998,732.1518,886.90278723742358,3.8520526517624063,5.4332781769152056,1,10,9,37,27
7,10,21,LinearHeuristicAuction,0.05,0.04,,True,,1000,10800,cats_reg_g10b50,,False,CATS,50,regions,MultiMinded,1000,MaxIter,40.26999999998952,854.667,2,696.341,343.76999999999998,685.804,871.39864012371663,86.364066095123306,86.768866575435993,1,10,9,46,31
8,10,18,LinearHeuristicAuction,0.05,0.04,,True,,1000,10800,cats_reg_g10b50,,False,CATS,50,regions,MultiMinded,233,Balance,8.64000000001397,663.572,3,592.441,275.35000000000002,663.572,660.98557282918034,619.68307282918033,622.96715705935912,1,10,2,39,28
9,10,18,LinearHeuristicAuction,0.05,0.04,,True,,1000,10800,cats_reg_g10b50,,False,CATS,50,regions,MultiMinded,9,Balance,0.3099999999976717,724.6032999999999,4,611.583,280.12,724.6032999999999,669.8182655031751,613.79426550317521,686.26206998831344,1,10,8,37,28
10,10,23,LinearHeuristicAuction,0.05,0.04,,True,,1000,10800,cats_reg_g10b50,,False,CATS,50,regions,MultiMinded,39,Balance,1.6099999999860302,946.3547,4,784.828,433.57950000000005,946.3547,927.04076603634417,851.64226204348233,889.15588780415476,1,10,4,48,33
11,10,16,LinearHeuristicAuction,0.05,0.04,,True,,1000,10800,cats_reg_g10b50,,False,CATS,50,regions,MultiMinded,36,Balance,1.2899999999790452,724.662,1,724.662,403.49950000000001,724.662,713.77155716954417,693.59658216954415,722.58030428780455,1,10,18,35,26
12,10,16,LinearHeuristicAuction,0.05,0.04,,True,,1000,10800,cats_reg_g10b50,,False,CATS,50,regions,MultiMinded,30,Balance,0.9899999999906868,522.114,1,522.114,283.13549999999998,522.114,515.79142640337818,501.6346514033782,521.53954447134993,1,10,13,35,26
13,10,17,LinearHeuristicAuction,0.05,0.04,,True,,1000,10800,cats_reg_g10b50,,False,CATS,50,regions,MultiMinded,10,Balance,0.35999999998603016,778.1078,2,718.401,353.04300000000001,778.1078,760.24192660133042,724.93762660133041,780.64044702703211,1,10,17,33,27
14,10,17,LinearHeuristicAuction,0.05,0.04,,True,,1000,10800,cats_reg_g10b50,,False,CATS,50,regions,MultiMinded,15,Balance,0.5299999999988358,588.9796,2,575.883,307.69200000000001,588.9796,601.20091466788085,573.7287379474601,597.30211028417557,1,10,22,34,27
15,10,17,LinearHeuristicAuction,0.05,0.04,,True,,1000,10800,cats_reg_g10b50,,False,CATS,50,regions,MultiMinded,98,Balance,3.5799999999871943,634.994,2,600.13,422.91899999999998,634.994,632.53389319444841,590.24199319444858,601.65032585118115,1,10,27,36,27
16,10,26,LinearHeuristicAuction,0.05,0.04,,True,,1000,10800,cats_reg_g10b50,,False,CATS,50,regions,MultiMinded,51,Balance,2.1600000000034925,519.6692,2,485.933,278.584,519.6692,530.50042989031601,502.64202989031611,503.94407744593053,1,10,9,52,36
17,10,16,LinearHeuristicAuction,0.05,0.04,,True,,1000,10800,cats_reg_g10b50,,False,CATS,50,regions,MultiMinded,23,Balance,0.7699999999895226,910.0260000000001,3,815.656,322.738,910.0260000000001,923.76544043316721,875.35474043316731,877.37065809730325,1,10,8,33,26
18,10,18,LinearHeuristicAuction,0.05,0.04,,True,,1000,10800,cats_reg_g10b50,,False,CATS,50,regions,MultiMinded,1000,MaxIter,35.30000000001746,982.461,1,932.103,367.83500000000004,932.103,1005.8923879810874,0,5.1762439060411509,1,10,10,38,28
19,10,19,LinearHeuristicAuction,0.05,0.04,,True,,1000,10800,cats_reg_g10b50,,False,CATS,50,regions,MultiMinded,1000,MaxIter,39.9199999999837,903.4849999999999,1,826.774,559.33850000000007,798.863,949.79884294420356,0,0.64320224164998763,1,10,23,43,29
20,10,21,LinearHeuristicAuction,0.05,0.04,,True,,1000,10800,cats_reg_g10b50,,False,CATS,50,regions,MultiMinded,1000,MaxIter,39.48000000001048,780.3014999999999,2,637.779,268.37200000000001,672.443,696.98276268445818,8.0511599999999923,103.75406063386338,1,10,13,45,31
21,10,17,LinearHeuristicAuction,0.05,0.04,,True,,1000,10800,cats_reg_g10b50,,False,CATS,50,regions,MultiMinded,14,Balance,0.4900000000197906,869.309,3,770.684,361.69299999999998,869.309,779.729908101717,725.47595810171697,829.05152489908778,1,10,8,38,27
22,10,16,LinearHeuristicAuction,0.05,0.04,,True,,1000,10800,cats_reg_g10b50,,False,CATS,50,regions,MultiMinded,1000,MaxIter,36.19000000000233,827.155,3,792.758,416.87799999999999,682.7562,911.27377538012888,570.2064250421422,581.14782230792525,1,10,12,34,26
23,10,21,LinearHeuristicAuction,0.05,0.04,,True,,1000,10800,cats_reg_g10b50,,False,CATS,50,regions,MultiMinded,1000,MaxIter,38.679999999993015,926.9879999999999,2,813.726,269.07900000000001,864.579,869.69034208151595,43.080950944660778,110.23606112495574,1,10,11,47,31
24,10,23,LinearHeuristicAuction,0.05,0.04,,True,,1000,10800,cats_reg_g10b50,,False,CATS,50,regions,MultiMinded,54,Balance,2.139999999984866,822.2049999999999,4,635.81,377.13200000000001,822.2049999999999,829.73404388670667,754.30764388670673,791.20024359469869,1,10,25,51,33
25,10,22,LinearHeuristicAuction,0.05,0.04,,True,,1000,10800,cats_reg_g10b50,,False,CATS,50,regions,MultiMinded,1000,MaxIter,39.12000000002445,534.8185,1,446.519,197.68200000000002,408.677,530.45972236472028,0,37.529329573490884,1,10,29,48,32
26,10,17,LinearHeuristicAuction,0.05,0.04,,True,,1000,10800,cats_reg_g10b50,,False,CATS,50,regions,MultiMinded,19,Balance,0.6499999999941792,716.487,1,716.487,299.23599999999999,716.487,711.41622348907777,696.45442348907773,701.52519999999993,1,10,0,35,27
27,10,17,LinearHeuristicAuction,0.05,0.04,,True,,1000,10800,cats_reg_g10b50,,False,CATS,50,regions,MultiMinded,90,Balance,3.2000000000116415,811.1127,4,667.768,330.15700000000004,811.1127,806.85080556103821,740.81940556103837,753.00217535360173,1,10,11,39,27
28,10,18,LinearHeuristicAuction,0.05,0.04,,True,,1000,10800,cats_reg_g10b50,,False,CATS,50,regions,MultiMinded,73,Balance,2.6300000000046566,818.682,1,802.322,385.84800000000001,802.322,818.67525740990936,799.38285740990932,820.23575058551046,1,10,31,42,28
29,10,20,LinearHeuristicAuction,0.05,0.04,,True,,1000,10800,cats_reg_g10b50,,False,CATS,50,regions,MultiMinded,54,Balance,2.0099999999802094,767.6940999999999,1,746.709,446.00549999999998,746.709,738.9841244129999,716.68384941299996,769.9269947861103,1,10,16,41,30
30,10,18,LinearHeuristicAuction,0.05,0.04,,True,,1000,10800,cats_reg_g10b50,,False,CATS,50,regions,MultiMinded,1000,MaxIter,37.72999999998137,794.5821000000001,1,739.446,385.6635,584.308,851.97627146282866,0,3.8764158786928107,1,10,10,39,28
31,10,21,LinearHeuristicAuction,0.05,0.04,,True,,1000,10800,cats_reg_g10b50,,False,CATS,50,regions,MultiMinded,1000,MaxIter,38.65000000002328,818.388,2,733.06,325.495,694.9743000000001,829.0717733651984,64.172137729223607,67.660868671221266,1,10,14,44,31
32,10,20,LinearHeuristicAuction,0.05,0.04,,True,,1000,10800,cats_reg_g10b50,,False,CATS,50,regions,MultiMinded,34,Balance,1.290000000008149,637.3713,4,533.498,304.15100000000001,637.3713,644.54740595716817,583.71720595716818,596.61777742932759,1,10,10,43,30
33,10,16,LinearHeuristicAuction,0.05,0.04,,True,,1000,10800,cats_reg_g10b50,,False,CATS,50,regions,MultiMinded,22,Balance,0.7600000000093132,560.5032,2,498.34,219.72300000000001,560.5032,510.9823536486374,489.01005364863738,538.53089999999997,1,10,0,34,26
34,10,20,LinearHeuristicAuction,0.05,0.04,,True,,1000,10800,cats_reg_g10b50,,False,CATS,50,regions,MultiMinded,60,Balance,2.3099999999976717,726.3012,4,568.454,249.64099999999999,726.3012,663.57935721034676,613.65115721034681,676.44770252320188,1,10,4,41,30
35,10,27,LinearHeuristicAuction,0.05,0.04,,True,,1000,10800,cats_reg_g10b50,,False,CATS,50,regions,MultiMinded,50,Balance,2.220000000001164,858.175,2,722.988,380.87900000000002,858.175,849.86135553967461,811.77345553967461,825.44903301299951,1,10,5,54,37
36,10,17,LinearHeuristicAuction,0.05,0.04,,True,,1000,10800,cats_reg_g10b50,,False,CATS,50,regions,MultiMinded,28,Balance,1.0199999999895226,716.498,1,716.498,379.51999999999998,716.498,735.25390657286539,716.27790657286539,750.4529427032852,1,10,27,36,27
37,10,20,LinearHeuristicAuction,0.05,0.04,,True,,1000,10800,cats_reg_g10b50,,False,CATS,50,regions,MultiMinded,23,Balance,0.8399999999965075,824.835,3,630.222,329.92600000000004,824.835,777.25921187604047,727.77031187604041,775.34609999999998,1,10,0,40,30
38,10,18,LinearHeuristicAuction,0.05,0.04,,True,,1000,10800,cats_reg_g10b50,,False,CATS,50,regions,MultiMinded,47,Balance,1.6999999999825377,825.56,1,825.56,471.01400000000001,825.56,822.8250457445298,799.2743457445298,823.35329419659524,1,10,1,37,28
39,10,25,LinearHeuristicAuction,0.05,0.04,,True,,1000,10800,cats_reg_g10b50,,False,CATS,50,regions,MultiMinded,21,Balance,0.8500000000058208,948.5501,5,753.385,196.10050000000001,948.5501,789.13712763466106,740.11200263466105,908.17387064753393,1,10,4,46,35
40,10,22,LinearHeuristicAuction,0.05,0.04,,True,,1000,10800,cats_reg_g10b50,,False,CATS,50,regions,MultiMinded,1000,MaxIter,41.61999999999534,694.64,2,671.57,320.48500000000001,694.64,727.5622689751043,99.35035000000002,112.88275000000002,1,10,17,47,32
41,10,18,LinearHeuristicAuction,0.05,0.04,,True,,1000,10800,cats_reg_g10b50,,False,CATS,50,regions,MultiMinded,17,Balance,0.5900000000256114,919.5834,3,833.068,428.51799999999997,919.5834,928.90586501531516,864.62816501531506,878.76690301607687,1,10,11,37,28
42,10,21,LinearHeuristicAuction,0.05,0.04,,True,,1000,10800,cats_reg_g10b50,,False,CATS,50,regions,MultiMinded,123,Balance,4.85999999998603,722.396,1,722.396,339.44,722.396,715.22905578391931,698.25705578391933,715.78932017769989,1,10,16,43,31
43,10,20,LinearHeuristicAuction,0.05,0.04,,True,,1000,10800,cats_reg_g10b50,,False,CATS,50,regions,MultiMinded,32,Balance,1.1600000000034925,820.8240000000001,2,681.374,265.63999999999999,820.8240000000001,805.8972919806555,779.33329198065542,796.04806804618897,1,10,5,39,30
44,10,19,LinearHeuristicAuction,0.05,0.04,,True,,1000,10800,cats_reg_g10b50,,False,CATS,50,regions,MultiMinded,1000,MaxIter,37.35999999998603,607.363,1,484.926,277.04599999999999,462.233,630.35176542050374,0,23.632914031412128,1,10,34,42,29
45,10,20,LinearHeuristicAuction,0.05,0.04,,True,,1000,10800,cats_reg_g10b50,,False,CATS,50,regions,MultiMinded,18,Balance,0.6300000000046566,687.7891,5,510.577,285.93000000000001,687.7891,683.78012045428022,617.80658396529452,644.54873754858897,1,10,11,40,30
46,10,19,LinearHeuristicAuction,0.05,0.04,,True,,1000,10800,cats_reg_g10b50,,False,CATS,50,regions,MultiMinded,72,Balance,2.720000000001164,810.368,2,810.368,345.00850000000003,808.7297,770.05209646827473,735.55124646827483,785.66128968958901,1,10,15,41,29
47,10,18,LinearHeuristicAuction,0.05,0.04,,True,,1000,10800,cats_reg_g10b50,,False,CATS,50,regions,MultiMinded,85,Balance,3.10999999998603,759.477,1,738.963,363.25599999999997,738.963,756.87015128941027,738.70735128941033,758.67634741160862,1,10,16,39,28
48,10,29,LinearHeuristicAuction,0.05,0.04,,True,,1000,10800,cats_reg_g10b50,,False,CATS,50,regions,MultiMinded,52,Balance,2.4100000000034925,726.774,3,661.833,328.96899999999999,726.774,722.81114550815914,673.46579550815932,680.03973711576816,1,10,3,61,39
49,10,23,LinearHeuristicAuction,0.05,0.04,,True,,1000,10800,cats_reg_g10b50,,False,CATS,50,regions,MultiMinded,33,Balance,1.3399999999965075,587.5914,6,462.576,216.20049999999998,587.5914,569.34254305865397,504.482393058654,534.57702104757163,1,10,3,50,33
50,10,17,LinearHeuristicAuction,0.05,0.04,,True,,1000,10800,cats_reg_g10b50,,False,CATS,50,regions,MultiMinded,13,Balance,0.4299999999930151,945.836,4,681.012,323.851,945.836,920.6106966621868,855.84049666218687,912.37510705110935,1,10,10,34,27
51,10,25,LinearHeuristicAuction,0.05,0.04,,True,,1000,10800,cats_reg_g10b50,,False,CATS,50,regions,MultiMinded,34,Balance,1.4400000000023283,831.2631000000001,3,644.905,285.66050000000001,831.2631000000001,814.29004305945023,771.44096805945014,788.41402500000004,1,10,0,51,35
52,10,19,LinearHeuristicAuction,0.05,0.04,,True,,1000,10800,cats_reg_g10b50,,False,CATS,50,regions,MultiMinded,26,Balance,0.9400000000023283,608.391,1,608.391,276.31299999999999,608.391,606.80920165689167,592.99355165689167,598.31492819344533,1,10,2,39,29
53,10,21,LinearHeuristicAuction,0.05,0.04,,True,,1000,10800,cats_reg_g10b50,,False,CATS,50,regions,MultiMinded,1000,MaxIter,39.420000000012806,623.5598,3,612.518,167.23250000000002,446.16999999999996,635.2974372008706,226.43405308653089,228.48462962434422,1,10,8,46,31
54,10,20,LinearHeuristicAuction,0.05,0.04,,True,,1000,10800,cats_reg_g10b50,,False,CATS,50,regions,MultiMinded,64,Balance,2.4800000000104774,1040.322,4,967.436,414.12850000000003,1040.322,989.86440401009634,907.03870401009635,970.41739973094491,1,10,7,46,30
55,10,17,LinearHeuristicAuction,0.05,0.04,,True,,1000,10800,cats_reg_g10b50,,False,CATS,50,regions,MultiMinded,6,Balance,0.20999999999185093,1001.244,2,739.168,309.35699999999997,1001.244,975.00061847246752,944.06491847246753,983.51896256014788,1,10,1,32,27
56,10,17,LinearHeuristicAuction,0.05,0.04,,True,,1000,10800,cats_reg_g10b50,,False,CATS,50,regions,MultiMinded,282,Balance,10.199999999982538,674.3464,4,592.43,348.80000000000001,674.3464,658.63161230556602,588.87161230556603,615.78516924235976,1,10,18,38,27
57,10,20,LinearHeuristicAuction,0.05,0.04,,True,,1000,10800,cats_reg_g10b50,,False,CATS,50,regions,MultiMinded,59,Balance,2.1600000000034925,783.158,3,568.928,268.62299999999999,783.158,763.04484731233458,722.75139731233457,747.48861953723576,1,10,9,41,30
58,10,21,LinearHeuristicAuction,0.05,0.04,,True,,1000,10800,cats_reg_g10b50,,False,CATS,50,regions,MultiMinded,39,Balance,1.5599999999976717,871.9079999999999,2,791.212,427.88200000000001,871.9079999999999,868.19560975539639,825.40740975539643,835.37522730069838,1,10,5,44,31
59,10,28,LinearHeuristicAuction,0.05,0.04,,True,,1000,10800,cats_reg_g10b50,,False,CATS,50,regions,MultiMinded,68,Balance,3.1300000000046566,875.1772,3,803.796,406.47899999999998,875.1772,870.62407033931981,809.6522203393198,820.67054158736983,1,10,8,57,38
60,10,22,LinearHeuristicAuction,0.05,0.04,,True,,1000,10800,cats_reg_g10b50,,False,CATS,50,regions,MultiMinded,34,Balance,1.3099999999976717,716.1357,3,662.173,358.10899999999998,716.1357,693.40249461597057,639.68614461597053,681.07435988290445,1,10,14,46,32
61,10,19,LinearHeuristicAuction,0.05,0.04,,True,,1000,10800,cats_reg_g10b50,,False,CATS,50,regions,MultiMinded,28,Balance,1.0,756.948,3,553.212,307.67700000000002,756.948,746.44737143739667,700.29582143739674,735.92067716512611,1,10,13,40,29
62,10,20,LinearHeuristicAuction,0.05,0.04,,True,,1000,10800,cats_reg_g10b50,,False,CATS,50,regions,MultiMinded,11,Balance,0.40999999997438863,962.414,3,839.979,365.63299999999998,962.414,979.54079887841419,924.69584887841415,945.63815242341082,1,10,8,40,30
63,10,20,LinearHeuristicAuction,0.05,0.04,,True,,1000,10800,cats_reg_g10b50,,False,CATS,50,regions,MultiMinded,53,Balance,2.029999999998836,966.8963000000001,4,783.33,502.36099999999999,966.8963000000001,944.67606860242574,844.20386860242559,871.70638878391401,1,10,16,43,30
64,10,24,LinearHeuristicAuction,0.05,0.04,,True,,1000,10800,cats_reg_g10b50,,False,CATS,50,regions,MultiMinded,24,Balance,0.9299999999930151,784.4846,2,723.45,238.8545,784.4846,782.49959543407101,758.61414543407102,787.86620107525528,1,10,17,47,34
65,10,18,LinearHeuristicAuction,0.05,0.04,,True,,1000,10800,cats_reg_g10b50,,False,CATS,50,regions,MultiMinded,48,Balance,1.6900000000023283,863.3610000000001,4,758.102,337.34500000000003,863.3610000000001,821.3356839463811,753.86668394638104,805.89009151944049,1,10,8,38,28
66,10,18,LinearHeuristicAuction,0.05,0.04,,True,,1000,10800,cats_reg_g10b50,,False,CATS,50,regions,MultiMinded,124,Balance,4.459999999991851,852.079,2,807.329,372.65700000000004,847.679,802.81588857432394,765.55018857432401,827.95173757701843,1,10,29,36,28
67,10,27,LinearHeuristicAuction,0.05,0.04,,True,,1000,10800,cats_reg_g10b50,,False,CATS,50,regions,MultiMinded,45,Balance,1.9899999999906868,860.8598,2,789.183,223.39999999999998,860.8598,848.66193002305727,826.32193002305723,851.30246262353478,1,10,8,53,37
68,10,20,LinearHeuristicAuction,0.05,0.04,,True,,1000,10800,cats_reg_g10b50,,False,CATS,50,regions,MultiMinded,27,Balance,1.0299999999988358,535.1916,4,486.692,201.834,535.1916,531.83506765791299,491.46826765791303,516.11297128890351,1,10,9,40,30
69,10,20,LinearHeuristicAuction,0.05,0.04,,True,,1000,10800,cats_reg_g10b50,,False,CATS,50,regions,MultiMinded,28,Balance,1.0800000000162981,550.5322,3,423.552,212.09399999999999,550.5322,541.34132874501154,509.5272287450116,521.50652764069241,1,10,2,41,30
70,10,18,LinearHeuristicAuction,0.05,0.04,,True,,1000,10800,cats_reg_g10b50,,False,CATS,50,regions,MultiMinded,1000,MaxIter,36.76000000000931,965.81,3,780.078,273.52800000000002,554.255,893.51931653566794,226.36187934782754,338.20271154831687,1,10,13,38,28
71,10,17,LinearHeuristicAuction,0.05,0.04,,True,,1000,10800,cats_reg_g10b50,,False,CATS,50,regions,MultiMinded,1000,MaxIter,36.36999999999534,745.048,1,745.048,330.73000000000002,745.048,779.82854711189214,0,4.1411795601396193,1,10,10,42,27
72,10,23,LinearHeuristicAuction,0.05,0.04,,True,,1000,10800,cats_reg_g10b50,,False,CATS,50,regions,MultiMinded,23,Balance,0.8999999999941792,619.2275000000001,7,497.631,317.09799999999996,619.2275000000001,627.21654941272311,516.23224941272315,528.2281551484258,1,10,4,46,33
73,10,20,LinearHeuristicAuction,0.05,0.04,,True,,1000,10800,cats_reg_g10b50,,False,CATS,50,regions,MultiMinded,1000,MaxIter,39.19999999998254,675.2625,1,656.76,362.82400000000001,656.76,700.79539242968667,0,0.0,1,10,10,44,30
74,10,26,LinearHeuristicAuction,0.05,0.04,,True,,1000,10800,cats_reg_g10b50,,False,CATS,50,regions,MultiMinded,12,Balance,0.4899999999906868,942.6876,2,890.025,245.483,942.6876,936.58555602066349,912.03725602066356,938.8111421924599,1,10,5,53,36
75,10,15,LinearHeuristicAuction,0.05,0.04,,True,,1000,10800,cats_reg_g10b50,,False,CATS,50,regions,MultiMinded,30,Balance,1.0299999999988358,986.353,1,977.088,450.65550000000002,977.088,973.08423920356449,950.55146420356448,1005.8911168679723,1,10,15,31,25
76,10,22,LinearHeuristicAuction,0.05,0.04,,True,,1000,10800,cats_reg_g10b50,,False,CATS,50,regions,MultiMinded,46,Balance,1.8000000000174623,900.434,6,820.61,441.17500000000001,900.434,889.61935724800605,757.26685724800609,781.897511208943,1,10,7,47,32
77,10,19,LinearHeuristicAuction,0.05,0.04,,True,,1000,10800,cats_reg_g10b50,,False,CATS,50,regions,MultiMinded,164,Balance,6.0499999999883585,505.8682,3,489.633,293.4085,502.3022,493.0884531699881,449.07717816998809,475.72645104739564,1,10,11,38,29
78,10,15,LinearHeuristicAuction,0.05,0.04,,True,,1000,10800,cats_reg_g10b50,,False,CATS,50,regions,MultiMinded,35,Balance,1.1700000000128057,723.896,1,723.896,268.85500000000002,723.896,717.12016740915988,703.67741740915983,731.98759295717196,1,10,16,30,25
79,10,20,LinearHeuristicAuction,0.05,0.04,,True,,1000,10800,cats_reg_g10b50,,False,CATS,50,regions,MultiMinded,57,Balance,2.10999999998603,830.055,3,715.055,304.07849999999996,830.055,791.49934991965551,745.88757491965544,784.44322499999987,1,10,0,40,30
80,10,23,LinearHeuristicAuction,0.05,0.04,,True,,1000,10800,cats_reg_g10b50,,False,CATS,50,regions,MultiMinded,134,Balance,5.510000000009313,858.2552999999999,5,815.519,326.65449999999998,858.2552999999999,848.27188790072523,766.60826290072532,781.48578916729195,1,10,5,48,33
81,10,19,LinearHeuristicAuction,0.05,0.04,,True,,1000,10800,cats_reg_g10b50,,False,CATS,50,regions,MultiMinded,9,Balance,0.3199999999778811,731.2354999999999,5,657.74,318.25649999999996,728.3769,728.42464784014214,648.86052284014215,670.83558145475411,1,10,10,38,29
82,10,20,LinearHeuristicAuction,0.05,0.04,,True,,1000,10800,cats_reg_g10b50,,False,CATS,50,regions,MultiMinded,1000,MaxIter,38.170000000012806,799.819,3,670.65,230.49700000000001,781.412,766.49668595500657,617.25592474925384,658.14493725570537,1,10,5,45,30
83,10,18,LinearHeuristicAuction,0.05,0.04,,True,,1000,10800,cats_reg_g10b50,,False,CATS,50,regions,MultiMinded,23,Balance,0.8299999999871943,778.391,2,740.964,303.2475,778.391,779.96763489052751,749.64288489052751,769.08064765385643,1,10,18,37,28
84,10,19,LinearHeuristicAuction,0.05,0.04,,True,,1000,10800,cats_reg_g10b50,,False,CATS,50,regions,MultiMinded,12,Balance,0.4200000000128057,653.4665,4,531.36,233.98450000000003,653.4665,612.4296009018542,565.63270090185415,615.62405943010231,1,10,9,39,29
85,10,16,LinearHeuristicAuction,0.05,0.04,,True,,1000,10800,cats_reg_g10b50,,False,CATS,50,regions,MultiMinded,9,Balance,0.2900000000081491,738.6202000000001,4,623.355,332.00099999999998,738.6202000000001,735.92420354795286,669.52400354795293,698.90402146379722,1,10,11,32,26
86,10,17,LinearHeuristicAuction,0.05,0.04,,True,,1000,10800,cats_reg_g10b50,,False,CATS,50,regions,MultiMinded,34,Balance,1.2100000000209548,772.54,2,646.076,287.08299999999997,772.54,764.95416699896657,736.24586699896656,743.83169999999996,1,10,0,34,27
87,10,18,LinearHeuristicAuction,0.05,0.04,,True,,1000,10800,cats_reg_g10b50,,False,CATS,50,regions,MultiMinded,1000,MaxIter,36.39999999999418,883.32347,2,801.709,428.95349999999996,671.90877,929.67640470412198,0.0,7.2983004209360214,1,10,9,37,28
88,10,20,LinearHeuristicAuction,0.05,0.04,,True,,1000,10800,cats_reg_g10b50,,False,CATS,50,regions,MultiMinded,39,Balance,1.4200000000128057,662.7294999999999,4,622.783,332.80799999999999,662.7294999999999,642.02064943629773,575.45904943629773,609.52995495498601,1,10,14,41,30
89,10,26,LinearHeuristicAuction,0.05,0.04,,True,,1000,10800,cats_reg_g10b50,,False,CATS,50,regions,MultiMinded,1000,MaxIter,44.12000000002445,844.3882,2,703.836,361.93200000000002,725.4582,850.9265013495226,39.812520000000013,56.557277765343564,1,10,25,55,36
90,10,21,LinearHeuristicAuction,0.05,0.04,,True,,1000,10800,cats_reg_g10b50,,False,CATS,50,regions,MultiMinded,25,Balance,0.9400000000023283,1011.3232,6,890.879,348.79300000000001,1011.3232,900.3484119215891,795.71051192158905,934.32569272178807,1,10,7,42,31
91,10,17,LinearHeuristicAuction,0.05,0.04,,True,,1000,10800,cats_reg_g10b50,,False,CATS,50,regions,MultiMinded,143,Balance,5.169999999983702,890.575,1,890.575,535.99700000000007,890.575,912.45051074821504,885.65066074821505,896.36317864262628,1,10,30,35,27
92,10,22,LinearHeuristicAuction,0.05,0.04,,True,,1000,10800,cats_reg_g10b50,,False,CATS,50,regions,MultiMinded,11,Balance,0.4300000000221189,683.1735,2,627.133,263.76300000000003,683.1735,664.37666122513588,638.00036122513598,679.45331667590779,1,10,9,44,32
93,10,20,LinearHeuristicAuction,0.05,0.04,,True,,1000,10800,cats_reg_g10b50,,False,CATS,50,regions,MultiMinded,18,Balance,0.6600000000034925,931.509,1,931.509,347.88099999999997,931.509,925.77935694042276,908.38530694042277,938.10858405264651,1,10,16,40,30
94,10,15,LinearHeuristicAuction,0.05,0.04,,True,,1000,10800,cats_reg_g10b50,,False,CATS,50,regions,MultiMinded,129,Balance,4.329999999987194,772.037,2,770.337,295.54650000000004,772.037,771.20282911403285,741.64817911403281,760.78548391002801,1,10,20,32,25
95,10,17,LinearHeuristicAuction,0.05,0.04,,True,,1000,10800,cats_reg_g10b50,,False,CATS,50,regions,MultiMinded,52,Balance,1.8500000000058208,901.2369,3,849.224,408.67100000000005,901.2369,884.80466275205231,823.5040127520524,848.88907483228445,1,10,9,36,27
96,10,19,LinearHeuristicAuction,0.05,0.04,,True,,1000,10800,cats_reg_g10b50,,False,CATS,50,regions,MultiMinded,14,Balance,0.5099999999802094,752.0848,3,651.493,368.70849999999996,752.0848,754.57845611836274,699.27218111836271,710.20034613412963,1,10,14,39,29
97,10,20,LinearHeuristicAuction,0.05,0.04,,True,,1000,10800,cats_reg_g10b50,,False,CATS,50,regions,MultiMinded,1000,MaxIter,39.94000000000233,657.92043,1,602.694,360.185,550.046,694.38231935777469,0,2.2381966316849291,1,10,16,45,30
98,10,20,LinearHeuristicAuction,0.05,0.04,,True,,1000,10800,cats_reg_g10b50,,False,CATS,50,regions,MultiMinded,9,Balance,0.3299999999871943,1047.5140999999999,4,870.711,386.798,1047.5140999999999,1038.476887644561,961.11728764456097,992.30411682363592,1,10,7,39,30
99,10,22,LinearHeuristicAuction,0.05,0.04,,True,,1000,10800,cats_reg_g10b50,,False,CATS,50,regions,MultiMinded,15,Balance,0.5800000000162981,1044.344,5,687.143,366.375,1044.344,1033.90464129661,942.31089129660984,967.12522616543583,1,10,9,47,32
100,10,21,LinearHeuristicAuction,0.05,0.04,,True,,1000,10800,cats_reg_g10b50,,False,CATS,50,regions,MultiMinded,194,Balance,7.580000000016298,587.8678,2,515.864,141.49099999999999,587.8678,565.33684215739424,551.18774215739415,574.51564698751395,1,10,11,43,31
