idx,items,agents,auction_class,epsilon,stepc,epoch,scalebyvalue,reserve_type,maxiter,maxtime,generator_param_name,personalized,int_prices,generator,bids,distribution,type,rounds,status,runtime,efficient_value,final_num_winners,final_max_agent_value,final_scalevalue,final_value,final_total_price,final_revenue,final_indirect_util,final_price_degree,final_price_sparsity,final_imbalance,final_wd_nvars,final_wd_ncons
1,10,17,LinearHeuristicAuction,0.025,0.01,,True,,1000,10800,cats_reg_g10b50,,False,CATS,50,regions,MultiMinded,139,Balance,5.029999999998836,681.0817,4,513.163,288.52699999999999,681.0817,673.1603097487432,644.30760974874329,653.86900720761889,1,10,14,40,27
2,10,19,LinearHeuristicAuction,0.025,0.01,,True,,1000,10800,cats_reg_g10b50,,False,CATS,50,regions,MultiMinded,1000,MaxIter,37.570000000006985,734.1289999999999,3,640.313,226.71899999999999,734.1289999999999,668.73184610671115,651.72792110671105,749.48751041549804,1,10,10,42,29
3,10,17,LinearHeuristicAuction,0.025,0.01,,True,,1000,10800,cats_reg_g10b50,,False,CATS,50,regions,MultiMinded,1000,MaxIter,35.11999999999534,804.4359999999999,2,797.452,310.25200000000001,728.83041,828.57805342640665,0.0,0.53836248533889508,1,10,19,40,27
4,10,14,LinearHeuristicAuction,0.025,0.01,,True,,1000,10800,cats_reg_g10b50,,False,CATS,50,regions,MultiMinded,96,Balance,2.9800000000104774,574.909,2,568.922,272.93700000000001,574.909,570.27171303463047,556.62486303463038,567.87427254929003,1,10,8,28,24
5,10,21,LinearHeuristicAuction,0.025,0.01,,True,,1000,10800,cats_reg_g10b50,,False,CATS,50,regions,MultiMinded,466,Balance,17.720000000001164,650.6363,2,619.701,342.60149999999999,650.6363,650.94144430619474,633.81136930619471,634.72655676518423,1,10,17,43,31
6,10,17,LinearHeuristicAuction,0.025,0.01,,True,,1000,10800,cats_reg_g10b50,,False,CATS,50,regions,MultiMinded,1000,MaxIter,35.60000000000582,834.2848,1,784.19,470.66899999999998,784.19,886.63106685633898,0,2.1246662873221176,1,10,10,37,27
7,10,21,LinearHeuristicAuction,0.025,0.01,,True,,1000,10800,cats_reg_g10b50,,False,CATS,50,regions,MultiMinded,1000,MaxIter,39.88000000000466,854.667,4,696.341,343.76999999999998,809.1469999999999,872.38248552644097,583.94229812678964,583.9423008680202,1,10,14,46,31
8,10,18,LinearHeuristicAuction,0.025,0.01,,True,,1000,10800,cats_reg_g10b50,,False,CATS,50,regions,MultiMinded,1000,MaxIter,36.279999999998836,663.572,2,592.441,275.35000000000002,552.596,649.09803898817745,79.640329354854913,105.97605233614915,1,10,17,37,28
9,10,18,LinearHeuristicAuction,0.025,0.01,,True,,1000,10800,cats_reg_g10b50,,False,CATS,50,regions,MultiMinded,65,Balance,2.39000000001397,724.6032999999999,4,611.583,280.12,724.6032999999999,634.4640959248768,606.45209592487674,703.84480949450733,1,10,5,39,28
10,10,23,LinearHeuristicAuction,0.025,0.01,,True,,1000,10800,cats_reg_g10b50,,False,CATS,50,regions,MultiMinded,41,Balance,1.6699999999837019,946.3547,4,784.828,433.57950000000005,946.3547,883.24418444907678,839.8862344490766,917.54966814544059,1,10,3,47,33
11,10,16,LinearHeuristicAuction,0.025,0.01,,True,,1000,10800,cats_reg_g10b50,,False,CATS,50,regions,MultiMinded,120,Balance,4.35999999998603,724.662,1,724.662,403.49950000000001,724.662,733.71721181325449,723.62972431325454,724.06353165371081,1,10,15,37,26
12,10,16,LinearHeuristicAuction,0.025,0.01,,True,,1000,10800,cats_reg_g10b50,,False,CATS,50,regions,MultiMinded,77,Balance,2.6499999999941792,522.114,1,522.114,283.13549999999998,522.114,521.09045225840066,514.0120647584007,518.55581123945763,1,10,13,35,26
13,10,17,LinearHeuristicAuction,0.025,0.01,,True,,1000,10800,cats_reg_g10b50,,False,CATS,50,regions,MultiMinded,241,Balance,8.85999999998603,778.1078,2,718.401,353.04300000000001,778.1078,766.9635488633229,749.31139886332301,770.02134351753614,1,10,11,39,27
14,10,17,LinearHeuristicAuction,0.025,0.01,,True,,1000,10800,cats_reg_g10b50,,False,CATS,50,regions,MultiMinded,92,Balance,3.2299999999813735,588.9796,2,575.883,307.69200000000001,588.9796,595.01025673098115,579.62565673098106,583.71469174862511,1,10,22,35,27
15,10,17,LinearHeuristicAuction,0.025,0.01,,True,,1000,10800,cats_reg_g10b50,,False,CATS,50,regions,MultiMinded,717,Balance,25.570000000006985,634.994,2,600.13,422.91899999999998,634.994,635.67781213946591,614.53186213946583,614.53186213946583,1,10,9,35,27
16,10,26,LinearHeuristicAuction,0.025,0.01,,True,,1000,10800,cats_reg_g10b50,,False,CATS,50,regions,MultiMinded,50,Balance,2.1300000000046566,519.6692,2,485.933,278.584,519.6692,504.70604069784503,490.77684069784499,515.61359897292107,1,10,23,54,36
17,10,16,LinearHeuristicAuction,0.025,0.01,,True,,1000,10800,cats_reg_g10b50,,False,CATS,50,regions,MultiMinded,113,Balance,4.0899999999965075,910.0260000000001,3,815.656,322.738,910.0260000000001,916.4311299433092,892.22577994330913,895.45568513157821,1,10,11,37,26
18,10,18,LinearHeuristicAuction,0.025,0.01,,True,,1000,10800,cats_reg_g10b50,,False,CATS,50,regions,MultiMinded,1000,MaxIter,35.429999999993015,982.461,1,932.103,367.83500000000004,932.103,1025.7353070934305,0,1.6142099845707207,1,10,10,39,28
19,10,19,LinearHeuristicAuction,0.025,0.01,,True,,1000,10800,cats_reg_g10b50,,False,CATS,50,regions,MultiMinded,1000,MaxIter,38.720000000001164,903.4849999999999,1,826.774,559.33850000000007,798.863,950.62906706746946,0,0.0,1,10,27,42,29
20,10,21,LinearHeuristicAuction,0.025,0.01,,True,,1000,10800,cats_reg_g10b50,,False,CATS,50,regions,MultiMinded,1000,MaxIter,39.54000000000815,780.3014999999999,2,637.779,268.37200000000001,672.443,691.10255423673266,11.873786323069913,117.49821235909769,1,10,10,45,31
21,10,17,LinearHeuristicAuction,0.025,0.01,,True,,1000,10800,cats_reg_g10b50,,False,CATS,50,regions,MultiMinded,42,Balance,1.570000000006985,869.309,3,770.684,361.69299999999998,869.309,791.28433461023167,764.15735961023154,852.24086072383432,1,10,4,40,27
22,10,16,LinearHeuristicAuction,0.025,0.01,,True,,1000,10800,cats_reg_g10b50,,False,CATS,50,regions,MultiMinded,1000,MaxIter,36.420000000012806,827.155,2,792.758,416.87799999999999,478.39,884.9414311063797,58.36465978441894,95.226914322625134,1,10,22,36,26
23,10,21,LinearHeuristicAuction,0.025,0.01,,True,,1000,10800,cats_reg_g10b50,,False,CATS,50,regions,MultiMinded,1000,MaxIter,39.389999999984866,926.9879999999999,5,813.726,269.07900000000001,913.9114999999999,906.75025956861214,735.75550587408293,790.43242556554515,1,10,15,49,31
24,10,23,LinearHeuristicAuction,0.025,0.01,,True,,1000,10800,cats_reg_g10b50,,False,CATS,50,regions,MultiMinded,1000,MaxIter,40.75,822.2049999999999,2,635.81,377.13200000000001,782.967,837.41180847573457,127.210833516587,138.93135008170484,1,10,9,52,33
25,10,22,LinearHeuristicAuction,0.025,0.01,,True,,1000,10800,cats_reg_g10b50,,False,CATS,50,regions,MultiMinded,1000,MaxIter,39.54000000000815,534.8185,2,446.519,197.68200000000002,534.8185,527.93838401788526,39.277048172890765,83.452560269616214,1,10,23,49,32
26,10,17,LinearHeuristicAuction,0.025,0.01,,True,,1000,10800,cats_reg_g10b50,,False,CATS,50,regions,MultiMinded,119,Balance,4.350000000005821,716.487,1,716.487,299.23599999999999,716.487,715.29756278713944,707.81666278713942,709.00609999999995,1,10,0,39,27
27,10,17,LinearHeuristicAuction,0.025,0.01,,True,,1000,10800,cats_reg_g10b50,,False,CATS,50,regions,MultiMinded,989,Balance,36.58999999999651,811.1127,4,667.768,330.15700000000004,811.1127,810.74348055775044,777.72778055775052,778.72154999539555,1,10,13,42,27
28,10,18,LinearHeuristicAuction,0.025,0.01,,True,,1000,10800,cats_reg_g10b50,,False,CATS,50,regions,MultiMinded,625,Balance,22.539999999979045,818.682,3,802.322,385.84800000000001,818.682,814.26201823056749,785.32341823056754,790.28948584737373,1,10,10,41,28
29,10,20,LinearHeuristicAuction,0.025,0.01,,True,,1000,10800,cats_reg_g10b50,,False,CATS,50,regions,MultiMinded,188,Balance,7.830000000016298,767.6940999999999,3,746.709,446.00549999999998,767.6940999999999,746.71120116228735,713.26078866228727,735.10553662929237,1,10,15,48,30
30,10,18,LinearHeuristicAuction,0.025,0.01,,True,,1000,10800,cats_reg_g10b50,,False,CATS,50,regions,MultiMinded,1000,MaxIter,37.110000000015134,794.5821000000001,3,739.446,385.6635,794.5821000000001,854.72392270255204,139.95524614740162,139.95530615233986,1,10,12,38,28
31,10,21,LinearHeuristicAuction,0.025,0.01,,True,,1000,10800,cats_reg_g10b50,,False,CATS,50,regions,MultiMinded,1000,MaxIter,38.75,818.388,1,733.06,325.495,705.581,830.64860426115604,0,0.38395152936780619,1,10,10,46,31
32,10,20,LinearHeuristicAuction,0.025,0.01,,True,,1000,10800,cats_reg_g10b50,,False,CATS,50,regions,MultiMinded,401,Balance,15.029999999998836,637.3713,4,533.498,304.15100000000001,637.3713,638.07205045700402,607.65695045700397,614.65339755870082,1,10,9,43,30
33,10,16,LinearHeuristicAuction,0.025,0.01,,True,,1000,10800,cats_reg_g10b50,,False,CATS,50,regions,MultiMinded,143,Balance,4.919999999983702,560.5032,2,498.34,219.72300000000001,560.5032,517.79110622904705,506.80495622904698,551.69680907447378,1,10,5,34,26
34,10,20,LinearHeuristicAuction,0.025,0.01,,True,,1000,10800,cats_reg_g10b50,,False,CATS,50,regions,MultiMinded,541,Balance,20.730000000010477,726.3012,4,568.454,249.64099999999999,726.3012,610.10840451767876,585.14430451767873,701.44859886076483,1,10,8,41,30
35,10,27,LinearHeuristicAuction,0.025,0.01,,True,,1000,10800,cats_reg_g10b50,,False,CATS,50,regions,MultiMinded,100,Balance,4.470000000001164,858.175,2,722.988,380.87900000000002,858.175,806.89375904029646,787.84980904029646,850.13004712209101,1,10,11,54,37
36,10,17,LinearHeuristicAuction,0.025,0.01,,True,,1000,10800,cats_reg_g10b50,,False,CATS,50,regions,MultiMinded,449,Balance,16.830000000016298,716.498,1,716.498,379.51999999999998,716.498,725.75606383536649,716.26806383536655,716.44735726565102,1,10,12,38,27
37,10,20,LinearHeuristicAuction,0.025,0.01,,True,,1000,10800,cats_reg_g10b50,,False,CATS,50,regions,MultiMinded,82,Balance,3.0599999999976717,824.835,3,630.222,329.92600000000004,824.835,687.1967009118207,662.45225091182067,800.09055000000001,1,10,0,42,30
38,10,18,LinearHeuristicAuction,0.025,0.01,,True,,1000,10800,cats_reg_g10b50,,False,CATS,50,regions,MultiMinded,460,Balance,17.25,825.56,1,825.56,471.01400000000001,825.56,824.95207906084136,813.17672906084135,828.28284485645986,1,10,17,40,28
39,10,25,LinearHeuristicAuction,0.025,0.01,,True,,1000,10800,cats_reg_g10b50,,False,CATS,50,regions,MultiMinded,162,Balance,6.840000000025611,948.5501,5,753.385,196.10050000000001,948.5501,783.05101839534791,758.53845589534762,928.82655818237367,1,10,1,50,35
40,10,22,LinearHeuristicAuction,0.025,0.01,,True,,1000,10800,cats_reg_g10b50,,False,CATS,50,regions,MultiMinded,1000,MaxIter,40.93000000002212,694.64,2,671.57,320.48500000000001,667.143,672.99746708669079,51.797134982047183,120.894875,1,10,9,47,32
41,10,18,LinearHeuristicAuction,0.025,0.01,,True,,1000,10800,cats_reg_g10b50,,False,CATS,50,regions,MultiMinded,54,Balance,1.9700000000011642,919.5834,3,833.068,428.51799999999997,919.5834,892.1623630775332,860.02351307753315,897.70835621059132,1,10,1,35,28
42,10,21,LinearHeuristicAuction,0.025,0.01,,True,,1000,10800,cats_reg_g10b50,,False,CATS,50,regions,MultiMinded,881,Balance,35.70000000001164,722.396,1,722.396,339.44,722.396,721.59462837102228,713.10862837102229,714.98249040030635,1,10,16,46,31
43,10,20,LinearHeuristicAuction,0.025,0.01,,True,,1000,10800,cats_reg_g10b50,,False,CATS,50,regions,MultiMinded,322,Balance,12.180000000022119,820.8240000000001,2,681.374,265.63999999999999,820.8240000000001,792.42717799007551,779.14517799007558,807.54200000000003,1,10,0,42,30
44,10,19,LinearHeuristicAuction,0.025,0.01,,True,,1000,10800,cats_reg_g10b50,,False,CATS,50,regions,MultiMinded,1000,MaxIter,35.820000000006985,607.363,1,484.926,277.04599999999999,462.233,608.88139660214631,0,48.83148216253359,1,10,22,40,29
45,10,20,LinearHeuristicAuction,0.025,0.01,,True,,1000,10800,cats_reg_g10b50,,False,CATS,50,regions,MultiMinded,266,Balance,9.579999999987194,687.7891,5,510.577,285.93000000000001,687.7891,659.93881791414583,624.19756791414591,659.85097764927411,1,10,11,40,30
46,10,19,LinearHeuristicAuction,0.025,0.01,,True,,1000,10800,cats_reg_g10b50,,False,CATS,50,regions,MultiMinded,752,Balance,29.19000000000233,810.368,2,810.368,345.00850000000003,808.7297,771.71194233129484,754.46151733129489,800.04086488739108,1,10,1,42,29
47,10,18,LinearHeuristicAuction,0.025,0.01,,True,,1000,10800,cats_reg_g10b50,,False,CATS,50,regions,MultiMinded,1000,MaxIter,37.929999999993015,759.477,3,738.963,363.25599999999997,394.6363,749.57622842603087,0,26.602286991542798,1,10,15,44,28
48,10,29,LinearHeuristicAuction,0.025,0.01,,True,,1000,10800,cats_reg_g10b50,,False,CATS,50,regions,MultiMinded,10,Balance,0.47000000000116415,726.774,3,661.833,328.96899999999999,726.774,724.67624563761035,700.00357063761021,711.79426219660263,1,10,9,61,39
49,10,23,LinearHeuristicAuction,0.025,0.01,,True,,1000,10800,cats_reg_g10b50,,False,CATS,50,regions,MultiMinded,461,Balance,19.329999999987194,587.5914,6,462.576,216.20049999999998,587.5914,556.90464583995686,524.47457083995675,560.69124226780343,1,10,6,48,33
50,10,17,LinearHeuristicAuction,0.025,0.01,,True,,1000,10800,cats_reg_g10b50,,False,CATS,50,regions,MultiMinded,71,Balance,2.470000000001164,945.836,4,681.012,323.851,945.836,866.39104089101022,834.00594089101025,921.7588214988225,1,10,8,33,27
51,10,25,LinearHeuristicAuction,0.025,0.01,,True,,1000,10800,cats_reg_g10b50,,False,CATS,50,regions,MultiMinded,166,Balance,6.829999999987194,831.2631000000001,3,644.905,285.66050000000001,831.2631000000001,762.02220910748406,740.59767160748413,809.98168607488628,1,10,8,49,35
52,10,19,LinearHeuristicAuction,0.025,0.01,,True,,1000,10800,cats_reg_g10b50,,False,CATS,50,regions,MultiMinded,138,Balance,5.25,608.391,1,608.391,276.31299999999999,608.391,605.47725549953998,598.56943049953998,601.71894097699067,1,10,2,40,29
53,10,21,LinearHeuristicAuction,0.025,0.01,,True,,1000,10800,cats_reg_g10b50,,False,CATS,50,regions,MultiMinded,1000,MaxIter,38.08999999999651,623.5598,3,612.518,167.23250000000002,446.16999999999996,642.86542936226544,235.32054628898226,235.34654783197968,1,10,17,45,31
54,10,20,LinearHeuristicAuction,0.025,0.01,,True,,1000,10800,cats_reg_g10b50,,False,CATS,50,regions,MultiMinded,464,Balance,18.410000000003492,1040.322,4,967.436,414.12850000000003,1040.322,987.62769688197614,946.21484688197609,1007.6256376156967,1,10,9,49,30
55,10,17,LinearHeuristicAuction,0.025,0.01,,True,,1000,10800,cats_reg_g10b50,,False,CATS,50,regions,MultiMinded,55,Balance,1.959999999991851,1001.244,2,739.168,309.35699999999997,1001.244,907.44918960691882,891.98133960691882,993.28173486729315,1,10,1,35,27
56,10,17,LinearHeuristicAuction,0.025,0.01,,True,,1000,10800,cats_reg_g10b50,,False,CATS,50,regions,MultiMinded,1000,MaxIter,35.59999999997672,674.3464,2,592.43,348.80000000000001,641.1755,654.37253472973475,51.09491495107325,92.078790105111963,1,10,13,36,27
57,10,20,LinearHeuristicAuction,0.025,0.01,,True,,1000,10800,cats_reg_g10b50,,False,CATS,50,regions,MultiMinded,758,Balance,28.05999999999767,783.158,3,568.928,268.62299999999999,783.158,763.24105657683958,743.09433157683952,763.32206606742136,1,10,5,42,30
58,10,21,LinearHeuristicAuction,0.025,0.01,,True,,1000,10800,cats_reg_g10b50,,False,CATS,50,regions,MultiMinded,30,Balance,1.1900000000023283,871.9079999999999,2,791.212,427.88200000000001,871.9079999999999,865.8829070366437,844.48880703664372,868.22208404622347,1,10,16,45,31
59,10,28,LinearHeuristicAuction,0.025,0.01,,True,,1000,10800,cats_reg_g10b50,,False,CATS,50,regions,MultiMinded,22,Balance,1.0100000000093132,875.1772,3,803.796,406.47899999999998,875.1772,849.90831897015596,819.42239397015601,864.56601444208911,1,10,14,56,38
60,10,22,LinearHeuristicAuction,0.025,0.01,,True,,1000,10800,cats_reg_g10b50,,False,CATS,50,regions,MultiMinded,36,Balance,1.429999999993015,716.1357,3,662.173,358.10899999999998,716.1357,682.38387664169761,655.52570164169765,695.87457371115397,1,10,9,48,32
61,10,19,LinearHeuristicAuction,0.025,0.01,,True,,1000,10800,cats_reg_g10b50,,False,CATS,50,regions,MultiMinded,307,Balance,11.60999999998603,756.948,3,553.212,307.67700000000002,756.948,751.90755251372093,728.83177751372102,742.16321849302381,1,10,8,42,29
62,10,20,LinearHeuristicAuction,0.025,0.01,,True,,1000,10800,cats_reg_g10b50,,False,CATS,50,regions,MultiMinded,62,Balance,2.320000000006985,962.414,3,839.979,365.63299999999998,962.414,962.43277186465912,935.01029686465915,945.20806905099141,1,10,8,42,30
63,10,20,LinearHeuristicAuction,0.025,0.01,,True,,1000,10800,cats_reg_g10b50,,False,CATS,50,regions,MultiMinded,391,Balance,15.209999999991851,966.8963000000001,4,783.33,502.36099999999999,966.8963000000001,935.9659727264177,885.72987272641763,916.98537987502823,1,10,11,44,30
64,10,24,LinearHeuristicAuction,0.025,0.01,,True,,1000,10800,cats_reg_g10b50,,False,CATS,50,regions,MultiMinded,233,Balance,9.430000000022119,784.4846,2,723.45,238.8545,784.4846,757.51319878777122,745.57047378777099,780.30515298639193,1,10,12,49,34
65,10,18,LinearHeuristicAuction,0.025,0.01,,True,,1000,10800,cats_reg_g10b50,,False,CATS,50,regions,MultiMinded,521,Balance,18.860000000015134,863.3610000000001,4,758.102,337.34500000000003,863.3610000000001,817.83063643553533,784.09613643553519,830.76312237640821,1,10,17,40,28
66,10,18,LinearHeuristicAuction,0.025,0.01,,True,,1000,10800,cats_reg_g10b50,,False,CATS,50,regions,MultiMinded,1000,MaxIter,37.91000000000349,852.079,2,807.329,372.65700000000004,765.23,807.03510893012651,87.689978969685981,136.14702225387055,1,10,11,40,28
67,10,27,LinearHeuristicAuction,0.025,0.01,,True,,1000,10800,cats_reg_g10b50,,False,CATS,50,regions,MultiMinded,302,Balance,13.309999999997672,860.8598,2,789.183,223.39999999999998,860.8598,850.46537668728365,839.29537668728369,855.47937072488958,1,10,5,54,37
68,10,20,LinearHeuristicAuction,0.025,0.01,,True,,1000,10800,cats_reg_g10b50,,False,CATS,50,regions,MultiMinded,321,Balance,12.290000000008149,535.1916,4,486.692,201.834,535.1916,529.05785399203114,508.87445399203125,520.04310813335519,1,10,1,41,30
69,10,20,LinearHeuristicAuction,0.025,0.01,,True,,1000,10800,cats_reg_g10b50,,False,CATS,50,regions,MultiMinded,67,Balance,2.5599999999976717,550.5322,3,423.552,212.09399999999999,550.5322,484.32527054481716,468.41822054481719,534.62515000000008,1,10,0,41,30
70,10,18,LinearHeuristicAuction,0.025,0.01,,True,,1000,10800,cats_reg_g10b50,,False,CATS,50,regions,MultiMinded,1000,MaxIter,38.05999999999767,965.81,2,780.078,273.52800000000002,739.0820000000001,880.16583343478817,20.550733359330287,145.56713434595238,1,10,16,41,28
71,10,17,LinearHeuristicAuction,0.025,0.01,,True,,1000,10800,cats_reg_g10b50,,False,CATS,50,regions,MultiMinded,1000,MaxIter,35.79999999998836,745.048,3,745.048,330.73000000000002,734.8829000000001,802.52745227985088,66.02683416131029,66.61182727795503,1,10,18,41,27
72,10,23,LinearHeuristicAuction,0.025,0.01,,True,,1000,10800,cats_reg_g10b50,,False,CATS,50,regions,MultiMinded,65,Balance,2.5899999999965075,619.2275000000001,7,497.631,317.09799999999996,619.2275000000001,597.67650296494662,542.18435296494658,571.55418078005778,1,10,3,48,33
73,10,20,LinearHeuristicAuction,0.025,0.01,,True,,1000,10800,cats_reg_g10b50,,False,CATS,50,regions,MultiMinded,1000,MaxIter,38.929999999993015,675.2625,1,656.76,362.82400000000001,656.76,704.78339879583291,0,0.0,1,10,31,44,30
74,10,26,LinearHeuristicAuction,0.025,0.01,,True,,1000,10800,cats_reg_g10b50,,False,CATS,50,regions,MultiMinded,180,Balance,7.760000000009313,942.6876,2,890.025,245.483,942.6876,942.4865838653717,930.21243386537174,936.52537582170203,1,10,1,59,36
75,10,15,LinearHeuristicAuction,0.025,0.01,,True,,1000,10800,cats_reg_g10b50,,False,CATS,50,regions,MultiMinded,899,Balance,32.30999999999767,986.353,4,977.088,450.65550000000002,986.353,981.25052394676641,936.18497394676649,942.60771235023753,1,10,13,37,25
76,10,22,LinearHeuristicAuction,0.025,0.01,,True,,1000,10800,cats_reg_g10b50,,False,CATS,50,regions,MultiMinded,127,Balance,4.869999999995343,900.434,6,820.61,441.17500000000001,900.434,836.61523316940111,770.43898316940113,847.48372645472193,1,10,19,42,32
77,10,19,LinearHeuristicAuction,0.025,0.01,,True,,1000,10800,cats_reg_g10b50,,False,CATS,50,regions,MultiMinded,1000,MaxIter,38.170000000012806,505.8682,2,489.633,293.4085,415.7472,490.03343583816917,7.3904508342565141,44.96503915904249,1,10,15,40,29
78,10,15,LinearHeuristicAuction,0.025,0.01,,True,,1000,10800,cats_reg_g10b50,,False,CATS,50,regions,MultiMinded,542,Balance,18.20999999999185,723.896,1,723.896,268.85500000000002,723.896,724.72384247884963,718.00246747884967,722.24392822233597,1,10,16,34,25
79,10,20,LinearHeuristicAuction,0.025,0.01,,True,,1000,10800,cats_reg_g10b50,,False,CATS,50,regions,MultiMinded,541,Balance,20.5,830.055,3,715.055,304.07849999999996,830.055,775.14294871727441,752.33706121727437,807.64004884059432,1,10,14,43,30
80,10,23,LinearHeuristicAuction,0.025,0.01,,True,,1000,10800,cats_reg_g10b50,,False,CATS,50,regions,MultiMinded,1000,MaxIter,40.85000000000582,858.2552999999999,2,815.519,326.65449999999998,744.0512,851.06892760024948,68.850042482971133,81.746822643626373,1,10,19,50,33
81,10,19,LinearHeuristicAuction,0.025,0.01,,True,,1000,10800,cats_reg_g10b50,,False,CATS,50,regions,MultiMinded,48,Balance,1.6600000000034925,731.2354999999999,5,657.74,318.25649999999996,728.3769,715.25650756729578,675.47444506729585,702.00071023238843,1,10,12,37,29
82,10,20,LinearHeuristicAuction,0.025,0.01,,True,,1000,10800,cats_reg_g10b50,,False,CATS,50,regions,MultiMinded,1000,MaxIter,38.16000000000349,799.819,2,670.65,230.49700000000001,713.0643,769.66300781192012,52.400989395868535,100.6776238001859,1,10,19,46,30
83,10,18,LinearHeuristicAuction,0.025,0.01,,True,,1000,10800,cats_reg_g10b50,,False,CATS,50,regions,MultiMinded,188,Balance,6.829999999987194,778.391,2,740.964,303.2475,778.391,778.90505982198067,763.74268482198067,771.38365113296982,1,10,10,40,28
84,10,19,LinearHeuristicAuction,0.025,0.01,,True,,1000,10800,cats_reg_g10b50,,False,CATS,50,regions,MultiMinded,14,Balance,0.4899999999906868,653.4665,4,531.36,233.98450000000003,653.4665,597.95079095181472,574.5523409518147,643.73354328889684,1,10,9,37,29
85,10,16,LinearHeuristicAuction,0.025,0.01,,True,,1000,10800,cats_reg_g10b50,,False,CATS,50,regions,MultiMinded,73,Balance,2.5399999999790452,738.6202000000001,4,623.355,332.00099999999998,738.6202000000001,735.63844891042106,702.43834891042104,713.39595878766602,1,10,1,34,26
86,10,17,LinearHeuristicAuction,0.025,0.01,,True,,1000,10800,cats_reg_g10b50,,False,CATS,50,regions,MultiMinded,303,Balance,10.389999999984866,772.54,2,646.076,287.08299999999997,772.54,703.04573207342764,688.69158207342787,758.18585000000019,1,10,0,34,27
87,10,18,LinearHeuristicAuction,0.025,0.01,,True,,1000,10800,cats_reg_g10b50,,False,CATS,50,regions,MultiMinded,1000,MaxIter,36.889999999984866,883.32347,2,801.709,428.95349999999996,671.90877,947.24468729615603,0.0,0.64458071700756037,1,10,9,39,28
88,10,20,LinearHeuristicAuction,0.025,0.01,,True,,1000,10800,cats_reg_g10b50,,False,CATS,50,regions,MultiMinded,176,Balance,6.610000000015134,662.7294999999999,4,622.783,332.80799999999999,662.7294999999999,653.0714339421188,619.79063394211892,630.15531465288984,1,10,13,45,30
89,10,26,LinearHeuristicAuction,0.025,0.01,,True,,1000,10800,cats_reg_g10b50,,False,CATS,50,regions,MultiMinded,1000,MaxIter,45.16000000000349,844.3882,2,703.836,361.93200000000002,725.4582,815.42473579935177,13.106717145852283,65.708259183435629,1,10,21,56,36
90,10,21,LinearHeuristicAuction,0.025,0.01,,True,,1000,10800,cats_reg_g10b50,,False,CATS,50,regions,MultiMinded,1000,MaxIter,38.54000000000815,1011.3232,5,890.879,348.79300000000001,777.5944999999999,919.7558587813312,620.83504547658265,722.28530962699574,1,10,11,45,31
91,10,17,LinearHeuristicAuction,0.025,0.01,,True,,1000,10800,cats_reg_g10b50,,False,CATS,50,regions,MultiMinded,1000,MaxIter,35.98999999999069,890.575,2,890.575,535.99700000000007,468.217,931.29019509379964,147.93857699696028,148.81595353092465,1,10,9,35,27
92,10,22,LinearHeuristicAuction,0.025,0.01,,True,,1000,10800,cats_reg_g10b50,,False,CATS,50,regions,MultiMinded,57,Balance,2.2300000000104774,683.1735,2,627.133,263.76300000000003,683.1735,655.87693893296785,642.6887889329679,677.13197589983974,1,10,11,45,32
93,10,20,LinearHeuristicAuction,0.025,0.01,,True,,1000,10800,cats_reg_g10b50,,False,CATS,50,regions,MultiMinded,102,Balance,3.900000000023283,931.509,1,931.509,347.88099999999997,931.509,931.16948914941543,922.47246414941537,931.45000311719969,1,10,1,44,30
94,10,15,LinearHeuristicAuction,0.025,0.01,,True,,1000,10800,cats_reg_g10b50,,False,CATS,50,regions,MultiMinded,1000,MaxIter,34.01000000000931,772.037,1,770.337,295.54650000000004,556.001,769.94753289387086,0,27.90765823000612,1,10,11,33,25
95,10,17,LinearHeuristicAuction,0.025,0.01,,True,,1000,10800,cats_reg_g10b50,,False,CATS,50,regions,MultiMinded,563,Balance,20.520000000018626,901.2369,3,849.224,408.67100000000005,901.2369,888.13431403359755,857.4839890335976,870.9468465968032,1,10,9,39,27
96,10,19,LinearHeuristicAuction,0.025,0.01,,True,,1000,10800,cats_reg_g10b50,,False,CATS,50,regions,MultiMinded,14,Balance,0.4899999999906868,752.0848,3,651.493,368.70849999999996,752.0848,735.78692818470859,708.13379068470874,740.85942954478855,1,10,4,40,29
97,10,20,LinearHeuristicAuction,0.025,0.01,,True,,1000,10800,cats_reg_g10b50,,False,CATS,50,regions,MultiMinded,1000,MaxIter,39.66000000000349,657.92043,2,602.694,360.185,581.55143,695.0654901215928,0.0,0.58239807599591131,1,10,10,46,30
98,10,20,LinearHeuristicAuction,0.025,0.01,,True,,1000,10800,cats_reg_g10b50,,False,CATS,50,regions,MultiMinded,9,Balance,0.3200000000069849,1047.5140999999999,4,870.711,386.798,1047.5140999999999,923.53942598972264,884.85962598972264,1016.849929613106,1,10,5,37,30
99,10,22,LinearHeuristicAuction,0.025,0.01,,True,,1000,10800,cats_reg_g10b50,,False,CATS,50,regions,MultiMinded,60,Balance,2.3699999999953434,1044.344,5,687.143,366.375,1044.344,1010.4407683824843,964.64389338248441,1008.6136610796095,1,10,15,47,32
100,10,21,LinearHeuristicAuction,0.025,0.01,,True,,1000,10800,cats_reg_g10b50,,False,CATS,50,regions,MultiMinded,1000,MaxIter,40.420000000012806,587.8678,2,515.864,141.49099999999999,456.48080000000004,568.3123823245304,61.777880492726901,93.297586018822585,1,10,9,46,31
