idx,items,agents,auction_class,epsilon,stepc,epoch,scalebyvalue,reserve_type,maxiter,maxtime,generator_param_name,personalized,int_prices,generator,bids,distribution,type,rounds,status,runtime,efficient_value,final_num_winners,final_max_agent_value,final_scalevalue,final_value,final_total_price,final_revenue,final_indirect_util,final_price_degree,final_price_sparsity,final_imbalance,final_wd_nvars,final_wd_ncons
1,10,17,LinearHeuristicAuction,0.025,0.08,,True,,1000,10800,cats_reg_g10b50,,False,CATS,50,regions,MultiMinded,54,Balance,1.9500000000116415,681.0817,4,513.163,288.52699999999999,681.0817,669.68464957356923,640.83194957356932,659.14185175577381,1,10,9,42,27
2,10,19,LinearHeuristicAuction,0.025,0.08,,True,,1000,10800,cats_reg_g10b50,,False,CATS,50,regions,MultiMinded,1000,MaxIter,37.48999999999069,734.1289999999999,3,640.313,226.71899999999999,734.1289999999999,708.81962516781334,456.46857751078045,493.9360175107804,1,10,15,41,29
3,10,17,LinearHeuristicAuction,0.025,0.08,,True,,1000,10800,cats_reg_g10b50,,False,CATS,50,regions,MultiMinded,1000,MaxIter,35.789999999979045,804.4359999999999,2,797.452,310.25200000000001,728.83041,825.81903770293252,0.0,1.6600363653633341,1,10,16,40,27
4,10,14,LinearHeuristicAuction,0.025,0.08,,True,,1000,10800,cats_reg_g10b50,,False,CATS,50,regions,MultiMinded,22,Balance,0.6900000000023283,574.909,2,568.922,272.93700000000001,574.909,566.6520424021021,553.00519240210201,563.53210759789795,1,10,9,31,24
5,10,21,LinearHeuristicAuction,0.025,0.08,,True,,1000,10800,cats_reg_g10b50,,False,CATS,50,regions,MultiMinded,57,Balance,2.1600000000034925,650.6363,2,619.701,342.60149999999999,650.6363,659.86820219576214,642.7381271957621,642.7381271957621,1,10,9,44,31
6,10,17,LinearHeuristicAuction,0.025,0.08,,True,,1000,10800,cats_reg_g10b50,,False,CATS,50,regions,MultiMinded,1000,MaxIter,35.75,834.2848,2,784.19,470.66899999999998,732.1518,890.95915976866775,15.61848287118989,15.619074999999999,1,10,28,36,27
7,10,21,LinearHeuristicAuction,0.025,0.08,,True,,1000,10800,cats_reg_g10b50,,False,CATS,50,regions,MultiMinded,1000,MaxIter,40.66000000000349,854.667,1,696.341,343.76999999999998,603.857,865.45061420493244,0,13.131590415343155,1,10,10,47,31
8,10,18,LinearHeuristicAuction,0.025,0.08,,True,,1000,10800,cats_reg_g10b50,,False,CATS,50,regions,MultiMinded,149,Balance,5.540000000008149,663.572,3,592.441,275.35000000000002,663.572,656.33448342042107,635.68323342042106,643.16720589383749,1,10,2,39,28
9,10,18,LinearHeuristicAuction,0.025,0.08,,True,,1000,10800,cats_reg_g10b50,,False,CATS,50,regions,MultiMinded,26,Balance,0.9100000000034925,724.6032999999999,4,611.583,280.12,724.6032999999999,696.3002483319982,668.28824833199815,703.16213862649533,1,10,8,37,28
10,10,23,LinearHeuristicAuction,0.025,0.08,,True,,1000,10800,cats_reg_g10b50,,False,CATS,50,regions,MultiMinded,56,Balance,2.290000000008149,946.3547,4,784.828,433.57950000000005,946.3547,890.13459142729562,849.45565904216301,913.6199353474567,1,10,2,48,33
11,10,16,LinearHeuristicAuction,0.025,0.08,,True,,1000,10800,cats_reg_g10b50,,False,CATS,50,regions,MultiMinded,49,Balance,1.7200000000011642,724.662,1,724.662,403.49950000000001,724.662,723.8360134482142,713.74852594821425,721.84882766411249,1,10,6,37,26
12,10,16,LinearHeuristicAuction,0.025,0.08,,True,,1000,10800,cats_reg_g10b50,,False,CATS,50,regions,MultiMinded,40,Balance,1.3699999999953434,522.114,1,522.114,283.13549999999998,522.114,517.08521664299667,510.00682914299665,521.32514191870803,1,10,8,40,26
13,10,17,LinearHeuristicAuction,0.025,0.08,,True,,1000,10800,cats_reg_g10b50,,False,CATS,50,regions,MultiMinded,52,Balance,1.8500000000058208,778.1078,2,718.401,353.04300000000001,778.1078,780.14833681308153,762.49618681308164,771.50670171002378,1,10,15,40,27
14,10,17,LinearHeuristicAuction,0.025,0.08,,True,,1000,10800,cats_reg_g10b50,,False,CATS,50,regions,MultiMinded,30,Balance,1.070000000006985,588.9796,2,575.883,307.69200000000001,588.9796,580.4140635272779,565.45457407511037,574.29145709322404,1,10,6,34,27
15,10,17,LinearHeuristicAuction,0.025,0.08,,True,,1000,10800,cats_reg_g10b50,,False,CATS,50,regions,MultiMinded,74,Balance,2.6900000000023283,634.994,2,600.13,422.91899999999998,634.994,633.52344297983723,612.37749297983714,623.86806536319864,1,10,12,36,27
16,10,26,LinearHeuristicAuction,0.025,0.08,,True,,1000,10800,cats_reg_g10b50,,False,CATS,50,regions,MultiMinded,101,Balance,4.350000000005821,519.6692,2,485.933,278.584,519.6692,518.11882387094317,504.18962387094314,505.74000000000001,1,10,0,53,36
17,10,16,LinearHeuristicAuction,0.025,0.08,,True,,1000,10800,cats_reg_g10b50,,False,CATS,50,regions,MultiMinded,47,Balance,1.639999999984866,910.0260000000001,3,815.656,322.738,910.0260000000001,904.33188801349365,880.12653801349359,891.2984530527433,1,10,8,33,26
18,10,18,LinearHeuristicAuction,0.025,0.08,,True,,1000,10800,cats_reg_g10b50,,False,CATS,50,regions,MultiMinded,1000,MaxIter,36.39999999999418,982.461,2,932.103,367.83500000000004,982.461,1011.6790665868953,104.23921808963921,104.2421572405738,1,10,21,40,28
19,10,19,LinearHeuristicAuction,0.025,0.08,,True,,1000,10800,cats_reg_g10b50,,False,CATS,50,regions,MultiMinded,1000,MaxIter,39.30000000001746,903.4849999999999,1,826.774,559.33850000000007,826.774,951.01413939767281,0,0.00030051326848479221,1,10,10,43,29
20,10,21,LinearHeuristicAuction,0.025,0.08,,True,,1000,10800,cats_reg_g10b50,,False,CATS,50,regions,MultiMinded,1000,MaxIter,38.91000000000349,780.3014999999999,5,637.779,268.37200000000001,712.5854,722.88308535339638,466.83140445791844,537.71588445791849,1,10,14,45,31
21,10,17,LinearHeuristicAuction,0.025,0.08,,True,,1000,10800,cats_reg_g10b50,,False,CATS,50,regions,MultiMinded,26,Balance,0.8900000000139698,869.309,3,770.684,361.69299999999998,869.309,838.09558254781166,810.96860754781176,855.41076471722999,1,10,5,37,27
22,10,16,LinearHeuristicAuction,0.025,0.08,,True,,1000,10800,cats_reg_g10b50,,False,CATS,50,regions,MultiMinded,1000,MaxIter,36.01000000000931,827.155,3,792.758,416.87799999999999,682.7562,912.39964041891892,591.85811362753736,602.37376009470404,1,10,12,36,26
23,10,21,LinearHeuristicAuction,0.025,0.08,,True,,1000,10800,cats_reg_g10b50,,False,CATS,50,regions,MultiMinded,1000,MaxIter,38.69000000000233,926.9879999999999,2,813.726,269.07900000000001,900.88,893.6089836482771,880.15503364827714,925.61034096771232,1,10,7,46,31
24,10,23,LinearHeuristicAuction,0.025,0.08,,True,,1000,10800,cats_reg_g10b50,,False,CATS,50,regions,MultiMinded,1000,MaxIter,41.48999999999069,822.2049999999999,4,635.81,377.13200000000001,822.2049999999999,848.46584554811864,398.53595172788692,401.53514246022439,1,10,21,52,33
25,10,22,LinearHeuristicAuction,0.025,0.08,,True,,1000,10800,cats_reg_g10b50,,False,CATS,50,regions,MultiMinded,1000,MaxIter,38.720000000001164,534.8185,2,446.519,197.68200000000002,534.8185,527.91147703128036,47.312897872937178,86.550420713891043,1,10,9,47,32
26,10,17,LinearHeuristicAuction,0.025,0.08,,True,,1000,10800,cats_reg_g10b50,,False,CATS,50,regions,MultiMinded,33,Balance,1.1600000000034925,716.487,1,716.487,299.23599999999999,716.487,712.15868594963626,704.67778594963625,709.00609999999995,1,10,0,35,27
27,10,17,LinearHeuristicAuction,0.025,0.08,,True,,1000,10800,cats_reg_g10b50,,False,CATS,50,regions,MultiMinded,60,Balance,2.1199999999953434,811.1127,4,667.768,330.15700000000004,811.1127,800.4698601092914,767.45416010929137,789.88361566911556,1,10,9,40,27
28,10,18,LinearHeuristicAuction,0.025,0.08,,True,,1000,10800,cats_reg_g10b50,,False,CATS,50,regions,MultiMinded,75,Balance,2.6900000000023283,818.682,1,802.322,385.84800000000001,802.322,804.02878625579274,794.38258625579272,831.69298429033483,1,10,40,42,28
29,10,20,LinearHeuristicAuction,0.025,0.08,,True,,1000,10800,cats_reg_g10b50,,False,CATS,50,regions,MultiMinded,59,Balance,2.209999999991851,767.6940999999999,3,746.709,446.00549999999998,767.6940999999999,741.37546745587554,707.92505495587545,747.96276668315306,1,10,13,43,30
30,10,18,LinearHeuristicAuction,0.025,0.08,,True,,1000,10800,cats_reg_g10b50,,False,CATS,50,regions,MultiMinded,1000,MaxIter,38.23999999999069,794.5821000000001,3,739.446,385.6635,794.5821000000001,858.66702695671677,140.35312878885895,140.35312878885895,1,10,12,40,28
31,10,21,LinearHeuristicAuction,0.025,0.08,,True,,1000,10800,cats_reg_g10b50,,False,CATS,50,regions,MultiMinded,1000,MaxIter,37.79999999998836,818.388,1,733.06,325.495,705.581,830.47235044450395,0,3.2093583239191616,1,10,10,43,31
32,10,20,LinearHeuristicAuction,0.025,0.08,,True,,1000,10800,cats_reg_g10b50,,False,CATS,50,regions,MultiMinded,46,Balance,1.709999999991851,637.3713,4,533.498,304.15100000000001,637.3713,632.86414357976241,602.44904357976236,618.27634558417549,1,10,8,46,30
33,10,16,LinearHeuristicAuction,0.025,0.08,,True,,1000,10800,cats_reg_g10b50,,False,CATS,50,regions,MultiMinded,20,Balance,0.7099999999918509,560.5032,2,498.34,219.72300000000001,560.5032,528.06411661028801,517.07796661028806,549.51705000000004,1,10,0,33,26
34,10,20,LinearHeuristicAuction,0.025,0.08,,True,,1000,10800,cats_reg_g10b50,,False,CATS,50,regions,MultiMinded,49,Balance,1.8999999999941792,726.3012,4,568.454,249.64099999999999,726.3012,696.34438347359037,671.38028347359034,703.02681224155378,1,10,4,43,30
35,10,27,LinearHeuristicAuction,0.025,0.08,,True,,1000,10800,cats_reg_g10b50,,False,CATS,50,regions,MultiMinded,71,Balance,3.0899999999965075,858.175,2,722.988,380.87900000000002,858.175,846.13683511046986,827.09288511046987,852.7181121029671,1,10,4,54,37
36,10,17,LinearHeuristicAuction,0.025,0.08,,True,,1000,10800,cats_reg_g10b50,,False,CATS,50,regions,MultiMinded,136,Balance,4.940000000002328,716.498,1,716.498,379.51999999999998,716.498,723.24417890606742,713.75617890606736,715.21436833871098,1,10,18,36,27
37,10,20,LinearHeuristicAuction,0.025,0.08,,True,,1000,10800,cats_reg_g10b50,,False,CATS,50,regions,MultiMinded,35,Balance,1.290000000008149,824.835,3,630.222,329.92600000000004,824.835,814.70884369776752,789.96439369776749,802.46098741207516,1,10,1,41,30
38,10,18,LinearHeuristicAuction,0.025,0.08,,True,,1000,10800,cats_reg_g10b50,,False,CATS,50,regions,MultiMinded,661,Balance,25.300000000017462,825.56,1,825.56,471.01400000000001,825.56,832.9286567454435,821.1533067454435,821.1533067454435,1,10,10,41,28
39,10,25,LinearHeuristicAuction,0.025,0.08,,True,,1000,10800,cats_reg_g10b50,,False,CATS,50,regions,MultiMinded,24,Balance,0.9700000000011642,948.5501,5,753.385,196.10050000000001,948.5501,911.08586951453526,886.5733070145352,931.14003192239761,1,10,5,49,35
40,10,22,LinearHeuristicAuction,0.025,0.08,,True,,1000,10800,cats_reg_g10b50,,False,CATS,50,regions,MultiMinded,1000,MaxIter,41.26000000000931,694.64,2,671.57,320.48500000000001,667.143,740.15733585963108,119.64351405961517,120.89487500000001,1,10,24,48,32
41,10,18,LinearHeuristicAuction,0.025,0.08,,True,,1000,10800,cats_reg_g10b50,,False,CATS,50,regions,MultiMinded,31,Balance,1.099999999976717,919.5834,3,833.068,428.51799999999997,919.5834,903.41609616136111,871.27724616136118,892.60775583818429,1,10,10,38,28
42,10,21,LinearHeuristicAuction,0.025,0.08,,True,,1000,10800,cats_reg_g10b50,,False,CATS,50,regions,MultiMinded,88,Balance,3.419999999983702,722.396,1,722.396,339.44,722.396,720.52291325694205,712.03691325694206,715.52583682745797,1,10,9,44,31
43,10,20,LinearHeuristicAuction,0.025,0.08,,True,,1000,10800,cats_reg_g10b50,,False,CATS,50,regions,MultiMinded,64,Balance,2.39000000001397,820.8240000000001,3,681.374,265.63999999999999,817.046,813.57570806592662,793.65270806592673,801.67208225466163,1,10,15,42,30
44,10,19,LinearHeuristicAuction,0.025,0.08,,True,,1000,10800,cats_reg_g10b50,,False,CATS,50,regions,MultiMinded,1000,MaxIter,36.3300000000163,607.363,1,484.926,277.04599999999999,462.233,651.01578620214832,0,5.0834592301770272,1,10,34,41,29
45,10,20,LinearHeuristicAuction,0.025,0.08,,True,,1000,10800,cats_reg_g10b50,,False,CATS,50,regions,MultiMinded,28,Balance,1.0100000000093132,687.7891,5,510.577,285.93000000000001,687.7891,691.67064596352645,655.92939596352653,665.71213110465112,1,10,11,41,30
46,10,19,LinearHeuristicAuction,0.025,0.08,,True,,1000,10800,cats_reg_g10b50,,False,CATS,50,regions,MultiMinded,44,Balance,1.6299999999755528,810.368,1,810.368,345.00850000000003,810.368,780.07444235728303,771.44922985728306,805.99671349630648,1,10,6,41,29
47,10,18,LinearHeuristicAuction,0.025,0.08,,True,,1000,10800,cats_reg_g10b50,,False,CATS,50,regions,MultiMinded,114,Balance,4.10999999998603,759.477,2,738.963,363.25599999999997,759.477,752.99163440865527,734.82883440865521,760.28974939318482,1,10,16,39,28
48,10,29,LinearHeuristicAuction,0.025,0.08,,True,,1000,10800,cats_reg_g10b50,,False,CATS,50,regions,MultiMinded,83,Balance,3.830000000016298,726.774,3,661.833,328.96899999999999,726.774,712.92202574985811,688.24935074985808,713.81599708804185,1,10,10,61,39
49,10,23,LinearHeuristicAuction,0.025,0.08,,True,,1000,10800,cats_reg_g10b50,,False,CATS,50,regions,MultiMinded,71,Balance,2.8500000000058208,587.5914,6,462.576,216.20049999999998,587.5914,562.49367049104944,530.06359549104934,564.00397073272268,1,10,6,50,33
50,10,17,LinearHeuristicAuction,0.025,0.08,,True,,1000,10800,cats_reg_g10b50,,False,CATS,50,regions,MultiMinded,30,Balance,1.0500000000174623,945.836,4,681.012,323.851,945.836,933.19438530364084,900.80928530364088,915.51275932137025,1,10,1,35,27
51,10,25,LinearHeuristicAuction,0.025,0.08,,True,,1000,10800,cats_reg_g10b50,,False,CATS,50,regions,MultiMinded,49,Balance,2.0599999999976717,831.2631000000001,3,644.905,285.66050000000001,831.2631000000001,823.32025596279914,801.89571846279921,810.69939151987194,1,10,3,51,35
52,10,19,LinearHeuristicAuction,0.025,0.08,,True,,1000,10800,cats_reg_g10b50,,False,CATS,50,regions,MultiMinded,35,Balance,1.2999999999883585,608.391,1,608.391,276.31299999999999,608.391,586.67850696385301,579.77068196385301,602.97851318650316,1,10,2,39,29
53,10,21,LinearHeuristicAuction,0.025,0.08,,True,,1000,10800,cats_reg_g10b50,,False,CATS,50,regions,MultiMinded,1000,MaxIter,38.73000000001048,623.5598,1,612.518,167.23250000000002,593.971,635.27986840751771,0,2.0477698212009869,1,10,12,45,31
54,10,20,LinearHeuristicAuction,0.025,0.08,,True,,1000,10800,cats_reg_g10b50,,False,CATS,50,regions,MultiMinded,67,Balance,2.540000000008149,1040.322,4,967.436,414.12850000000003,1040.322,1020.476197729409,979.06334772940897,1010.0433141844769,1,10,13,46,30
55,10,17,LinearHeuristicAuction,0.025,0.08,,True,,1000,10800,cats_reg_g10b50,,False,CATS,50,regions,MultiMinded,13,Balance,0.4499999999825377,1001.244,2,739.168,309.35699999999997,1001.244,970.44583837177652,954.97798837177652,989.83740937248194,1,10,1,34,27
56,10,17,LinearHeuristicAuction,0.025,0.08,,True,,1000,10800,cats_reg_g10b50,,False,CATS,50,regions,MultiMinded,108,Balance,3.8500000000058208,674.3464,4,592.43,348.80000000000001,674.3464,669.24559890155638,634.36559890155627,655.94973883520368,1,10,22,39,27
57,10,20,LinearHeuristicAuction,0.025,0.08,,True,,1000,10800,cats_reg_g10b50,,False,CATS,50,regions,MultiMinded,37,Balance,1.3500000000058208,783.158,3,568.928,268.62299999999999,783.158,775.18512684375082,755.03840184375099,777.71023372098205,1,10,8,42,30
58,10,21,LinearHeuristicAuction,0.025,0.08,,True,,1000,10800,cats_reg_g10b50,,False,CATS,50,regions,MultiMinded,52,Balance,2.0599999999976717,871.9079999999999,2,791.212,427.88200000000001,871.9079999999999,860.42440315908766,839.03030315908768,860.11137953861146,1,10,6,44,31
59,10,28,LinearHeuristicAuction,0.025,0.08,,True,,1000,10800,cats_reg_g10b50,,False,CATS,50,regions,MultiMinded,100,Balance,4.559999999997672,875.1772,3,803.796,406.47899999999998,875.1772,853.45464142297669,822.96871642297674,863.50505235902028,1,10,8,59,38
60,10,22,LinearHeuristicAuction,0.025,0.08,,True,,1000,10800,cats_reg_g10b50,,False,CATS,50,regions,MultiMinded,58,Balance,2.279999999998836,716.1357,3,662.173,358.10899999999998,716.1357,698.05369758264817,671.1955225826481,702.23364590243091,1,10,16,46,32
61,10,19,LinearHeuristicAuction,0.025,0.08,,True,,1000,10800,cats_reg_g10b50,,False,CATS,50,regions,MultiMinded,38,Balance,1.3500000000058208,756.948,3,553.212,307.67700000000002,756.948,754.41559570896129,731.33982070896138,744.64158417754038,1,10,11,42,29
62,10,20,LinearHeuristicAuction,0.025,0.08,,True,,1000,10800,cats_reg_g10b50,,False,CATS,50,regions,MultiMinded,23,Balance,0.8500000000058208,962.414,3,839.979,365.63299999999998,962.414,954.98068487706041,927.55820987706056,942.76416866066825,1,10,13,40,30
63,10,20,LinearHeuristicAuction,0.025,0.08,,True,,1000,10800,cats_reg_g10b50,,False,CATS,50,regions,MultiMinded,38,Balance,1.4399999999732245,966.8963000000001,4,783.33,502.36099999999999,966.8963000000001,943.79751714963936,893.56141714963928,926.58208089965592,1,10,9,43,30
64,10,24,LinearHeuristicAuction,0.025,0.08,,True,,1000,10800,cats_reg_g10b50,,False,CATS,50,regions,MultiMinded,53,Balance,2.080000000016298,784.4846,2,723.45,238.8545,784.4846,779.8422134409924,767.89948844099229,780.92756334121236,1,10,12,48,34
65,10,18,LinearHeuristicAuction,0.025,0.08,,True,,1000,10800,cats_reg_g10b50,,False,CATS,50,regions,MultiMinded,45,Balance,1.5900000000256114,863.3610000000001,4,758.102,337.34500000000003,863.3610000000001,855.2056402127206,821.47114021272057,839.88525146836787,1,10,4,39,28
66,10,18,LinearHeuristicAuction,0.025,0.08,,True,,1000,10800,cats_reg_g10b50,,False,CATS,50,regions,MultiMinded,68,Balance,2.4400000000023283,852.079,3,807.329,372.65700000000004,849.658,819.73499344497418,791.78571844497424,829.99266902967713,1,10,11,36,28
67,10,27,LinearHeuristicAuction,0.025,0.08,,True,,1000,10800,cats_reg_g10b50,,False,CATS,50,regions,MultiMinded,40,Balance,1.7399999999906868,860.8598,2,789.183,223.39999999999998,860.8598,853.72858160956639,842.55858160956643,860.75456938882348,1,10,8,54,37
68,10,20,LinearHeuristicAuction,0.025,0.08,,True,,1000,10800,cats_reg_g10b50,,False,CATS,50,regions,MultiMinded,45,Balance,1.6600000000034925,535.1916,4,486.692,201.834,535.1916,534.85589523139538,514.67249523139549,525.03859473517616,1,10,9,41,30
69,10,20,LinearHeuristicAuction,0.025,0.08,,True,,1000,10800,cats_reg_g10b50,,False,CATS,50,regions,MultiMinded,43,Balance,1.6499999999941792,550.5322,3,423.552,212.09399999999999,550.5322,532.3215888283612,516.41453882836129,537.48482352242684,1,10,2,42,30
70,10,18,LinearHeuristicAuction,0.025,0.08,,True,,1000,10800,cats_reg_g10b50,,False,CATS,50,regions,MultiMinded,1000,MaxIter,36.51000000000931,965.81,3,780.078,273.52800000000002,554.255,903.95232081902509,247.71039434276119,349.1704333603949,1,10,13,38,28
71,10,17,LinearHeuristicAuction,0.025,0.08,,True,,1000,10800,cats_reg_g10b50,,False,CATS,50,regions,MultiMinded,1000,MaxIter,35.920000000012806,745.048,2,745.048,330.73000000000002,666.1869999999999,783.04114756944819,375.6720073158732,377.03569908403722,1,10,11,41,27
72,10,23,LinearHeuristicAuction,0.025,0.08,,True,,1000,10800,cats_reg_g10b50,,False,CATS,50,regions,MultiMinded,46,Balance,1.8300000000162981,619.2275000000001,7,497.631,317.09799999999996,619.2275000000001,599.86311417551269,544.37096417551265,573.19285448227254,1,10,6,49,33
73,10,20,LinearHeuristicAuction,0.025,0.08,,True,,1000,10800,cats_reg_g10b50,,False,CATS,50,regions,MultiMinded,1000,MaxIter,40.35000000000582,675.2625,1,656.76,362.82400000000001,656.76,711.93980465800132,0,0.0,1,10,40,47,30
74,10,26,LinearHeuristicAuction,0.025,0.08,,True,,1000,10800,cats_reg_g10b50,,False,CATS,50,regions,MultiMinded,33,Balance,1.3599999999860302,942.6876,2,890.025,245.483,942.6876,938.98775386195848,926.7136038619584,941.88141979567831,1,10,7,55,36
75,10,15,LinearHeuristicAuction,0.025,0.08,,True,,1000,10800,cats_reg_g10b50,,False,CATS,50,regions,MultiMinded,58,Balance,1.9500000000116415,986.353,1,977.088,450.65550000000002,977.088,985.49187997574722,974.22549247574727,983.8711287884023,1,10,13,33,25
76,10,22,LinearHeuristicAuction,0.025,0.08,,True,,1000,10800,cats_reg_g10b50,,False,CATS,50,regions,MultiMinded,58,Balance,2.2699999999895226,900.434,6,820.61,441.17500000000001,900.434,902.90731501252242,836.73106501252232,849.625254345499,1,10,6,46,32
77,10,19,LinearHeuristicAuction,0.025,0.08,,True,,1000,10800,cats_reg_g10b50,,False,CATS,50,regions,MultiMinded,1000,MaxIter,37.73999999999069,505.8682,2,489.633,293.4085,360.4772,503.64798518337824,39.610147499999997,47.032555348638219,1,10,8,38,29
78,10,15,LinearHeuristicAuction,0.025,0.08,,True,,1000,10800,cats_reg_g10b50,,False,CATS,50,regions,MultiMinded,36,Balance,1.209999999991851,723.896,1,723.896,268.85500000000002,723.896,721.52268470099068,714.80130970099071,728.1705760840008,1,10,8,32,25
79,10,20,LinearHeuristicAuction,0.025,0.08,,True,,1000,10800,cats_reg_g10b50,,False,CATS,50,regions,MultiMinded,49,Balance,1.8099999999976717,830.055,3,715.055,304.07849999999996,830.055,823.77132839987121,800.96544089987117,807.24911249999991,1,10,0,42,30
80,10,23,LinearHeuristicAuction,0.025,0.08,,True,,1000,10800,cats_reg_g10b50,,False,CATS,50,regions,MultiMinded,63,Balance,2.540000000008149,858.2552999999999,5,815.519,326.65449999999998,858.2552999999999,850.44845006162791,809.61663756162773,822.94406474673076,1,10,8,48,33
81,10,19,LinearHeuristicAuction,0.025,0.08,,True,,1000,10800,cats_reg_g10b50,,False,CATS,50,regions,MultiMinded,32,Balance,1.1400000000139698,731.2354999999999,5,657.74,318.25649999999996,728.3769,718.63916538294927,678.85710288294922,700.01064927288689,1,10,14,42,29
82,10,20,LinearHeuristicAuction,0.025,0.08,,True,,1000,10800,cats_reg_g10b50,,False,CATS,50,regions,MultiMinded,429,Balance,16.29000000000815,799.819,3,670.65,230.49700000000001,799.819,764.79531988042777,747.50804488042775,793.31756326107984,1,10,14,46,30
83,10,18,LinearHeuristicAuction,0.025,0.08,,True,,1000,10800,cats_reg_g10b50,,False,CATS,50,regions,MultiMinded,46,Balance,1.6600000000034925,778.391,2,740.964,303.2475,778.391,776.89330398344896,761.73092898344896,774.11777258041616,1,10,10,39,28
84,10,19,LinearHeuristicAuction,0.025,0.08,,True,,1000,10800,cats_reg_g10b50,,False,CATS,50,regions,MultiMinded,31,Balance,1.0899999999965075,653.4665,4,531.36,233.98450000000003,653.4665,637.22914472915897,613.83069472915884,635.25814653049713,1,10,5,40,29
85,10,16,LinearHeuristicAuction,0.025,0.08,,True,,1000,10800,cats_reg_g10b50,,False,CATS,50,regions,MultiMinded,30,Balance,1.0299999999988358,738.6202000000001,4,623.355,332.00099999999998,738.6202000000001,738.98337056558728,705.78327056558726,709.89100568250501,1,10,9,35,26
86,10,17,LinearHeuristicAuction,0.025,0.08,,True,,1000,10800,cats_reg_g10b50,,False,CATS,50,regions,MultiMinded,40,Balance,1.3800000000046566,772.54,2,646.076,287.08299999999997,772.54,760.3610648282056,746.00691482820559,763.09410582329406,1,10,6,35,27
87,10,18,LinearHeuristicAuction,0.025,0.08,,True,,1000,10800,cats_reg_g10b50,,False,CATS,50,regions,MultiMinded,1000,MaxIter,36.220000000001164,883.32347,2,801.709,428.95349999999996,671.90877,939.08658054331102,0.0,1.6438903155618529,1,10,24,38,28
88,10,20,LinearHeuristicAuction,0.025,0.08,,True,,1000,10800,cats_reg_g10b50,,False,CATS,50,regions,MultiMinded,36,Balance,1.3000000000174623,662.7294999999999,4,622.783,332.80799999999999,662.7294999999999,648.14932203641695,614.86852203641695,631.37840922882856,1,10,8,41,30
89,10,26,LinearHeuristicAuction,0.025,0.08,,True,,1000,10800,cats_reg_g10b50,,False,CATS,50,regions,MultiMinded,1000,MaxIter,44.539999999979045,844.3882,2,703.836,361.93200000000002,725.4582,857.4213495075403,55.101771267460052,66.459616094151286,1,10,20,58,36
90,10,21,LinearHeuristicAuction,0.025,0.08,,True,,1000,10800,cats_reg_g10b50,,False,CATS,50,regions,MultiMinded,47,Balance,1.7600000000093132,1011.3232,6,890.879,348.79300000000001,1011.3232,947.35776911749349,895.03881911749352,977.68484989863612,1,10,9,45,31
91,10,17,LinearHeuristicAuction,0.025,0.08,,True,,1000,10800,cats_reg_g10b50,,False,CATS,50,regions,MultiMinded,126,Balance,4.509999999980209,890.575,1,890.575,535.99700000000007,890.575,880.12403347727184,866.72410847727178,911.54434996376324,1,10,23,35,27
92,10,22,LinearHeuristicAuction,0.025,0.08,,True,,1000,10800,cats_reg_g10b50,,False,CATS,50,regions,MultiMinded,26,Balance,1.0,683.1735,2,627.133,263.76300000000003,683.1735,667.55144138650041,654.36329138650046,675.48357682679318,1,10,3,47,32
93,10,20,LinearHeuristicAuction,0.025,0.08,,True,,1000,10800,cats_reg_g10b50,,False,CATS,50,regions,MultiMinded,52,Balance,1.9200000000128057,931.509,1,931.509,347.88099999999997,931.509,929.6148029388803,920.91777793888025,924.89273992556389,1,10,4,43,30
94,10,15,LinearHeuristicAuction,0.025,0.08,,True,,1000,10800,cats_reg_g10b50,,False,CATS,50,regions,MultiMinded,68,Balance,2.25,772.037,2,770.337,295.54650000000004,772.037,771.19254941784868,756.41522441784866,775.64133033838755,1,10,22,32,25
95,10,17,LinearHeuristicAuction,0.025,0.08,,True,,1000,10800,cats_reg_g10b50,,False,CATS,50,regions,MultiMinded,37,Balance,1.2599999999802094,901.2369,3,849.224,408.67100000000005,901.2369,876.16152008642302,845.51119508642296,877.04441676307988,1,10,7,36,27
96,10,19,LinearHeuristicAuction,0.025,0.08,,True,,1000,10800,cats_reg_g10b50,,False,CATS,50,regions,MultiMinded,33,Balance,1.179999999993015,752.0848,3,651.493,368.70849999999996,752.0848,732.67462568949463,705.02148818949479,728.95337067680975,1,10,4,42,29
97,10,20,LinearHeuristicAuction,0.025,0.08,,True,,1000,10800,cats_reg_g10b50,,False,CATS,50,regions,MultiMinded,1000,MaxIter,40.08999999999651,657.92043,1,602.694,360.185,550.046,702.6680218681588,0,0.0009106086364507604,1,10,31,46,30
98,10,20,LinearHeuristicAuction,0.025,0.08,,True,,1000,10800,cats_reg_g10b50,,False,CATS,50,regions,MultiMinded,23,Balance,0.8799999999755528,1047.5140999999999,4,870.711,386.798,1047.5140999999999,1007.2689706974459,968.58917069744575,1008.8343,1,10,0,40,30
99,10,22,LinearHeuristicAuction,0.025,0.08,,True,,1000,10800,cats_reg_g10b50,,False,CATS,50,regions,MultiMinded,47,Balance,1.8699999999953434,1044.344,5,687.143,366.375,1044.344,1035.5365344444672,989.73965944446741,1008.8751420660835,1,10,5,47,32
100,10,21,LinearHeuristicAuction,0.025,0.08,,True,,1000,10800,cats_reg_g10b50,,False,CATS,50,regions,MultiMinded,87,Balance,3.35999999998603,587.8678,2,515.864,141.49099999999999,587.8678,564.04844030811955,556.97389030811962,584.64868214676505,1,10,10,43,31
