idx,items,agents,auction_class,epsilon,stepc,epoch,scalebyvalue,reserve_type,maxiter,maxtime,generator_param_name,personalized,int_prices,generator,bids,distribution,type,rounds,status,runtime,efficient_value,final_num_winners,final_max_agent_value,final_scalevalue,final_value,final_total_price,final_revenue,final_indirect_util,final_price_degree,final_price_sparsity,final_imbalance,final_wd_nvars,final_wd_ncons
1,30,36,LinearSubgradientAuction,0.025,0.04,,True,,1000,10800,cats_reg_g30b150,,False,CATS,150,regions,MultiMinded,254,Balance,365.3899999999994,2502.8085,10,1712.02,630.28700000000003,2502.8085,2239.2167652527055,2114.1279121335624,2392.5082749999992,1,28,1,2124,3162
2,30,38,LinearSubgradientAuction,0.025,0.04,,True,,1000,10800,cats_reg_g30b150,,False,CATS,150,regions,MultiMinded,1000,MaxIter,1546.9699999999975,2067.4249,6,1460.04,478.96600000000001,1073.2319,2078.2362343686991,982.62073093238973,1018.8508129931524,1,29,8,2280,3412
3,30,36,LinearSubgradientAuction,0.025,0.04,,True,,1000,10800,cats_reg_g30b150,,False,CATS,150,regions,MultiMinded,1000,MaxIter,1419.380000000001,2226.2472000000002,3,1961.0,494.50999999999999,204.8765,2230.302409815381,96.82708281224393,124.82690992777391,1,28,24,2124,3162
4,30,38,LinearSubgradientAuction,0.025,0.04,,True,,1000,10800,cats_reg_g30b150,,False,CATS,150,regions,MultiMinded,84,Balance,131.90999999999985,2004.9491999999998,11,1505.7,557.86300000000006,2004.9491999999998,1885.9470052477741,1732.5346802477743,1852.4001928122848,1,30,4,2318,3488
5,30,35,LinearSubgradientAuction,0.025,0.04,,True,,1000,10800,cats_reg_g30b150,,False,CATS,150,regions,MultiMinded,1000,MaxIter,1440.25,1864.626,3,1703.97,505.12049999999999,501.371,1858.8569625701257,207.16777537939817,219.65206069042233,1,30,24,2135,3215
6,30,35,LinearSubgradientAuction,0.025,0.04,,True,,1000,10800,cats_reg_g30b150,,False,CATS,150,regions,MultiMinded,1000,MaxIter,1423.3199999999997,2116.0368,6,1959.83,614.52500000000009,1381.6978,2239.5718297019962,1331.3597862830982,1337.945381939282,1,29,24,2100,3145
7,30,35,LinearSubgradientAuction,0.025,0.04,,True,,1000,10800,cats_reg_g30b150,,False,CATS,150,regions,MultiMinded,458,Balance,666.4099999999999,2031.9575,7,1330.11,558.39999999999998,2031.9575,1946.887309533307,1851.8636047004306,1951.8683646980735,1,30,10,2135,3215
8,30,35,LinearSubgradientAuction,0.025,0.04,,True,,1000,10800,cats_reg_g30b150,,False,CATS,150,regions,MultiMinded,1000,MaxIter,1443.9900000000016,2027.57669,8,1379.5,642.28750000000002,1052.56369,1934.8236878362734,824.45820779364624,958.82228861284511,1,30,15,2135,3215
9,30,36,LinearSubgradientAuction,0.025,0.04,,True,,1000,10800,cats_reg_g30b150,,False,CATS,150,regions,MultiMinded,1000,MaxIter,1438.3100000000013,1859.5272999999997,6,1542.29,443.88650000000001,274.2326,1812.2908068429122,150.03246505569297,244.85271775202412,1,28,28,2124,3162
10,30,34,LinearSubgradientAuction,0.025,0.04,,True,,1000,10800,cats_reg_g30b150,,False,CATS,150,regions,MultiMinded,1000,MaxIter,1381.9300000000003,2566.974,6,2112.56,626.02300000000002,1173.855,2553.9108598186281,990.46801411235435,1117.3077462653425,1,29,8,2040,3056
11,30,36,LinearSubgradientAuction,0.025,0.04,,True,,1000,10800,cats_reg_g30b150,,False,CATS,150,regions,MultiMinded,236,Balance,347.3099999999977,2431.6115,4,2098.81,721.22149999999999,2431.6115,2326.2832033820746,2254.1610533820754,2375.8014166207258,1,30,5,2196,3306
12,30,32,LinearSubgradientAuction,0.025,0.04,,True,,1000,10800,cats_reg_g30b150,,False,CATS,150,regions,MultiMinded,1000,MaxIter,1321.9799999999996,1865.81568,9,1645.15,855.13049999999998,824.24278,1940.2350616384779,647.63698764633625,715.86845247596773,1,30,21,1952,2942
13,30,35,LinearSubgradientAuction,0.025,0.04,,True,,1000,10800,cats_reg_g30b150,,False,CATS,150,regions,MultiMinded,1000,MaxIter,1459.4400000000023,1773.5022000000001,11,1494.31,678.60900000000004,1547.5763000000002,1844.6213141323212,1372.9309379350916,1433.6011749569252,1,30,41,2135,3215
14,30,32,LinearSubgradientAuction,0.025,0.04,,True,,1000,10800,cats_reg_g30b150,,False,CATS,150,regions,MultiMinded,1000,MaxIter,1318.4099999999999,1980.1873000000003,5,1559.99,631.08900000000006,686.1447000000001,1913.06004397216,500.27666537546378,640.93183906446859,1,30,19,1952,2942
15,30,36,LinearSubgradientAuction,0.025,0.04,,True,,1000,10800,cats_reg_g30b150,,False,CATS,150,regions,MultiMinded,58,Balance,84.18000000000029,2512.4141000000004,3,2312.23,781.00699999999995,2512.4141000000004,2398.1329304444798,2339.5574054444796,2459.6032564231882,1,29,3,2160,3234
16,30,34,LinearSubgradientAuction,0.025,0.04,,True,,1000,10800,cats_reg_g30b150,,False,CATS,150,regions,MultiMinded,1000,MaxIter,1350.9099999999999,1929.452,11,1789.44,584.255,824.9317,1969.7264252212196,690.31717671407171,746.62907671407174,1,28,40,2006,2988
17,30,33,LinearSubgradientAuction,0.025,0.04,,True,,1000,10800,cats_reg_g30b150,,False,CATS,150,regions,MultiMinded,204,Balance,284.22000000000116,1934.7395999999999,7,1626.95,730.93200000000002,1930.7445000000002,1905.9714282697739,1792.2247807062377,1857.9198034223928,1,30,44,2013,3033
18,30,34,LinearSubgradientAuction,0.025,0.04,,True,,1000,10800,cats_reg_g30b150,,False,CATS,150,regions,MultiMinded,1000,MaxIter,1380.010000000002,2504.1384,5,1818.33,781.33600000000001,2297.8333000000002,2422.8513458451162,341.61135794361223,439.50034417818284,1,29,9,2040,3056
19,30,36,LinearSubgradientAuction,0.025,0.04,,True,,1000,10800,cats_reg_g30b150,,False,CATS,150,regions,MultiMinded,147,Balance,210.13000000000102,2560.7110000000002,12,1508.06,549.71399999999994,2557.321,2180.4786863848344,2050.0045987657336,2440.2937036846279,1,28,7,2124,3162
20,30,37,LinearSubgradientAuction,0.025,0.04,,True,,1000,10800,cats_reg_g30b150,,False,CATS,150,regions,MultiMinded,1000,MaxIter,1532.2999999999993,1801.7813999999998,5,1490.47,395.125,567.3204,1808.6432327998975,396.64348551975831,452.22410405048004,1,30,21,2257,3397
21,30,33,LinearSubgradientAuction,0.025,0.04,,True,,1000,10800,cats_reg_g30b150,,False,CATS,150,regions,MultiMinded,1000,MaxIter,1376.9699999999975,1553.7635,4,1374.19,778.39550000000008,1553.7635,1624.0725872990306,1498.217832363375,1508.4132158816185,1,30,17,2013,3033
22,30,38,LinearSubgradientAuction,0.025,0.04,,True,,1000,10800,cats_reg_g30b150,,False,CATS,150,regions,MultiMinded,1000,MaxIter,1559.7200000000012,2312.252,2,2123.59,638.69949999999994,86.586,2392.9398104907091,70.585671787015002,80.409330485908342,1,29,26,2280,3412
23,30,38,LinearSubgradientAuction,0.025,0.04,,True,,1000,10800,cats_reg_g30b150,,False,CATS,150,regions,MultiMinded,176,Balance,274.9500000000007,2354.8725,7,1818.1,597.00800000000004,2354.8725,2137.4918171327427,2047.9406171327425,2277.1894518847939,1,29,3,2280,3412
24,30,35,LinearSubgradientAuction,0.025,0.04,,True,,1000,10800,cats_reg_g30b150,,False,CATS,150,regions,MultiMinded,1000,MaxIter,1453.7299999999996,1892.4884,11,1241.36,538.58849999999995,911.1487999999999,1831.6159560298729,654.35679724977206,808.37302518632794,1,30,21,2135,3215
25,30,33,LinearSubgradientAuction,0.025,0.04,,True,,1000,10800,cats_reg_g30b150,,False,CATS,150,regions,MultiMinded,1000,MaxIter,1372.8300000000017,1741.0822999999998,3,1538.41,861.41849999999999,244.13760000000002,1759.8655960527519,12.921277500000009,99.511789013842815,1,30,26,2013,3033
26,30,34,LinearSubgradientAuction,0.025,0.04,,True,,1000,10800,cats_reg_g30b150,,False,CATS,150,regions,MultiMinded,1000,MaxIter,1405.5999999999985,2008.668,8,1919.5,424.82100000000003,1543.8754,2036.1429992537942,1404.978764286848,1486.9437414743022,1,29,24,2040,3056
27,30,32,LinearSubgradientAuction,0.025,0.04,,True,,1000,10800,cats_reg_g30b150,,False,CATS,150,regions,MultiMinded,1000,MaxIter,1266.8799999999974,2175.2061,6,1890.21,644.31150000000002,1035.801,2260.3831611425012,968.2761006094787,978.37407653119294,1,28,18,1888,2814
28,30,37,LinearSubgradientAuction,0.025,0.04,,True,,1000,10800,cats_reg_g30b150,,False,CATS,150,regions,MultiMinded,1000,MaxIter,1517.2800000000025,2040.43179,11,1615.6,517.23699999999997,1759.92339,1997.328397468794,1581.0682125692208,1677.7465316742255,1,29,34,2220,3323
29,30,33,LinearSubgradientAuction,0.025,0.04,,True,,1000,10800,cats_reg_g30b150,,False,CATS,150,regions,MultiMinded,1000,MaxIter,1384.7299999999996,2111.632,3,1854.64,708.57899999999995,367.71999999999997,2159.1522657557521,75.851599162533063,212.26722003029167,1,30,26,2013,3033
30,30,35,LinearSubgradientAuction,0.025,0.04,,True,,1000,10800,cats_reg_g30b150,,False,CATS,150,regions,MultiMinded,1000,MaxIter,1384.4799999999996,2323.0769999999998,8,1594.17,462.18150000000003,1821.8382000000001,2101.9750953000985,1486.2089112150313,1756.5626298700181,1,29,6,2100,3145
31,30,34,LinearSubgradientAuction,0.025,0.04,,True,,1000,10800,cats_reg_g30b150,,False,CATS,150,regions,MultiMinded,1000,MaxIter,1336.9300000000003,2659.4860000000003,3,2167.09,585.07799999999997,536.684,2556.0551238317648,376.50257162426954,496.45800826472919,1,28,22,2006,2988
32,30,37,LinearSubgradientAuction,0.025,0.04,,True,,1000,10800,cats_reg_g30b150,,False,CATS,150,regions,MultiMinded,1000,MaxIter,1528.25,1999.8556999999998,5,1545.46,522.50199999999995,323.2877,1949.3745627115215,201.63208222965858,285.24762616324307,1,30,23,2257,3397
33,30,37,LinearSubgradientAuction,0.025,0.04,,True,,1000,10800,cats_reg_g30b150,,False,CATS,150,regions,MultiMinded,1000,MaxIter,1498.140000000003,1805.9524000000001,7,1582.17,487.50400000000002,777.1176,1672.8504944141628,561.19762193429119,721.51352521174101,1,29,19,2220,3323
34,30,39,LinearSubgradientAuction,0.025,0.04,,True,,1000,10800,cats_reg_g30b150,,False,CATS,150,regions,MultiMinded,1000,MaxIter,1624.8899999999994,1983.6001999999999,5,1564.76,623.41200000000003,939.007,2040.4661446835032,876.86876168371373,886.81150209464295,1,30,20,2379,3579
35,30,38,LinearSubgradientAuction,0.025,0.04,,True,,1000,10800,cats_reg_g30b150,,False,CATS,150,regions,MultiMinded,1000,MaxIter,1545.5499999999993,2341.4052,9,1755.59,637.298,501.81809999999996,2337.4097518134963,323.19872586664383,427.16226305614532,1,29,19,2280,3412
36,30,33,LinearSubgradientAuction,0.025,0.04,,True,,1000,10800,cats_reg_g30b150,,False,CATS,150,regions,MultiMinded,1000,MaxIter,1330.5900000000001,2136.9992,3,1693.26,587.83249999999998,947.287,2184.741769233874,260.91268658400486,315.21411683539048,1,29,24,1980,2967
37,30,34,LinearSubgradientAuction,0.025,0.04,,True,,1000,10800,cats_reg_g30b150,,False,CATS,150,regions,MultiMinded,1000,MaxIter,1418.130000000001,1991.3467,7,1812.59,701.23299999999995,975.3035,2002.2193657227426,812.38611908193479,903.92915499921787,1,30,15,2074,3124
38,30,40,LinearSubgradientAuction,0.025,0.04,,True,,1000,10800,cats_reg_g30b150,,False,CATS,150,regions,MultiMinded,123,Balance,202.3199999999997,2724.0288,6,2153.9,576.38300000000004,2724.0288,2453.6668820688033,2381.6190070688031,2651.9809249999994,1,29,0,2400,3590
39,30,30,LinearSubgradientAuction,0.025,0.04,,True,,1000,10800,cats_reg_g30b150,,False,CATS,150,regions,MultiMinded,1000,MaxIter,1244.0800000000017,1968.0602,3,1918.66,764.726,818.259,2041.805269231671,676.89943904384961,785.79938077381291,1,30,20,1830,2760
40,30,33,LinearSubgradientAuction,0.025,0.04,,True,,1000,10800,cats_reg_g30b150,,False,CATS,150,regions,MultiMinded,67,Balance,92.66999999999825,1942.0583000000001,4,1674.34,688.69799999999998,1942.0583000000001,1900.7004220859856,1844.7732700632714,1893.429628794365,1,30,2,2013,3033
41,30,35,LinearSubgradientAuction,0.025,0.04,,True,,1000,10800,cats_reg_g30b150,,False,CATS,150,regions,MultiMinded,1000,MaxIter,1462.25,1877.7214099999999,12,1423.29,646.35299999999995,1195.0119099999997,1925.9177140484537,1066.9941549899231,1089.3172777128177,1,30,51,2135,3215
42,30,32,LinearSubgradientAuction,0.025,0.04,,True,,1000,10800,cats_reg_g30b150,,False,CATS,150,regions,MultiMinded,1000,MaxIter,1317.0,2111.841,4,1703.5,646.17399999999998,582.819,2245.7047623179533,505.04434261409324,537.06000077215901,1,30,9,1952,2942
43,30,40,LinearSubgradientAuction,0.025,0.04,,True,,1000,10800,cats_reg_g30b150,,False,CATS,150,regions,MultiMinded,331,Balance,546.0499999999993,2446.7208,6,1927.69,685.90899999999999,2446.7208,2199.0627770600204,2113.3241520600204,2361.8027089863344,1,29,7,2400,3590
44,30,35,LinearSubgradientAuction,0.025,0.04,,True,,1000,10800,cats_reg_g30b150,,False,CATS,150,regions,MultiMinded,1000,MaxIter,1452.1499999999978,1711.1515999999997,5,1299.51,651.40899999999999,1127.6966,1640.6276077219854,566.62439878481973,690.8879347503896,1,30,18,2135,3215
45,30,38,LinearSubgradientAuction,0.025,0.04,,True,,1000,10800,cats_reg_g30b150,,False,CATS,150,regions,MultiMinded,1000,MaxIter,1567.890000000003,2034.5094,11,1828.07,742.07299999999998,1660.5948999999998,2101.3976622976807,1563.3178248212173,1567.3245359480902,1,30,36,2318,3488
46,30,31,LinearSubgradientAuction,0.025,0.04,,True,,1000,10800,cats_reg_g30b150,,False,CATS,150,regions,MultiMinded,61,Balance,76.25,2564.0325000000003,4,2373.4,807.26099999999997,2564.0325000000003,2516.9495698210785,2436.2234698210787,2483.3063999999999,1,30,0,1891,2851
47,30,37,LinearSubgradientAuction,0.025,0.04,,True,,1000,10800,cats_reg_g30b150,,False,CATS,150,regions,MultiMinded,1000,MaxIter,1501.0499999999993,2233.1322,10,1669.44,664.97900000000004,1567.5362,2040.2712507838978,1249.2856751511399,1465.5924728005962,1,29,14,2220,3323
48,30,35,LinearSubgradientAuction,0.025,0.04,,True,,1000,10800,cats_reg_g30b150,,False,CATS,150,regions,MultiMinded,1000,MaxIter,1454.4199999999983,2069.4358,5,1826.01,556.24350000000004,1451.3009000000002,2034.1126398924771,601.50380202855149,748.45897142405011,1,30,22,2135,3215
49,30,30,LinearSubgradientAuction,0.025,0.04,,True,,1000,10800,cats_reg_g30b150,,False,CATS,150,regions,MultiMinded,1000,MaxIter,1223.4699999999975,1979.7895999999998,3,1594.07,673.82600000000002,526.273,2016.9884022893455,28.00283164747842,104.89569999999998,1,30,26,1830,2760
50,30,33,LinearSubgradientAuction,0.025,0.04,,True,,1000,10800,cats_reg_g30b150,,False,CATS,150,regions,MultiMinded,1000,MaxIter,1346.6899999999987,2110.6722999999997,8,1335.35,460.47550000000001,604.9643,2036.1320231388781,362.57721335750961,576.00535408314613,1,29,31,1980,2967
51,30,37,LinearSubgradientAuction,0.025,0.04,,True,,1000,10800,cats_reg_g30b150,,False,CATS,150,regions,MultiMinded,1000,MaxIter,1466.6599999999999,2245.4244000000003,9,1882.26,597.73699999999997,635.3584999999999,2249.1209120185772,540.7165461956007,581.2788291346485,1,28,35,2183,3249
52,30,32,LinearSubgradientAuction,0.025,0.04,,True,,1000,10800,cats_reg_g30b150,,False,CATS,150,regions,MultiMinded,159,Balance,202.95000000000073,1756.6213,8,1409.87,556.45500000000004,1756.6213,1656.4077615903045,1558.7047322471738,1679.7581547662983,1,29,14,1920,2878
53,30,34,LinearSubgradientAuction,0.025,0.04,,True,,1000,10800,cats_reg_g30b150,,False,CATS,150,regions,MultiMinded,1000,MaxIter,1396.8999999999978,2325.6629000000003,9,1796.97,570.23000000000002,1623.0464,2216.9991071278291,1363.1999364988142,1528.3781986374725,1,29,15,2040,3056
54,30,37,LinearSubgradientAuction,0.025,0.04,,True,,1000,10800,cats_reg_g30b150,,False,CATS,150,regions,MultiMinded,225,Balance,336.1100000000006,2355.424,7,2152.9,670.553,2355.424,2270.2755855835708,2166.5074842387776,2267.8168390206301,1,30,3,2257,3397
55,30,33,LinearSubgradientAuction,0.025,0.04,,True,,1000,10800,cats_reg_g30b150,,False,CATS,150,regions,MultiMinded,1000,MaxIter,1374.8600000000006,2078.1524999999997,12,1352.37,548.28150000000005,1199.9685,2078.7717298413827,1078.2427162111182,1112.2286207775924,1,30,36,2013,3033
56,30,39,LinearSubgradientAuction,0.025,0.04,,True,,1000,10800,cats_reg_g30b150,,False,CATS,150,regions,MultiMinded,1000,MaxIter,1601.2299999999996,1893.3772000000004,11,1498.24,591.42200000000003,1300.0022000000001,1845.0517535219567,1109.7997756282587,1204.2803780097693,1,29,34,2340,3501
57,30,36,LinearSubgradientAuction,0.025,0.04,,True,,1000,10800,cats_reg_g30b150,,False,CATS,150,regions,MultiMinded,1000,MaxIter,1505.1599999999999,1899.5301999999997,4,1604.44,621.16750000000002,634.2559,1927.5225287963267,270.08684704774242,317.7099845915136,1,30,21,2196,3306
58,30,36,LinearSubgradientAuction,0.025,0.04,,True,,1000,10800,cats_reg_g30b150,,False,CATS,150,regions,MultiMinded,1000,MaxIter,1499.1900000000023,2429.6093,9,2057.42,832.86300000000006,1636.1611999999998,2409.4284380344398,1406.4969725573701,1485.6507796472933,1,30,29,2196,3306
59,30,39,LinearSubgradientAuction,0.025,0.04,,True,,1000,10800,cats_reg_g30b150,,False,CATS,150,regions,MultiMinded,1000,MaxIter,1644.3600000000006,2064.9126,6,1772.9,622.28800000000001,1401.7036,2053.7499446169568,1225.9462854806804,1330.6761469253427,1,30,25,2379,3579
60,30,35,LinearSubgradientAuction,0.025,0.04,,True,,1000,10800,cats_reg_g30b150,,False,CATS,150,regions,MultiMinded,1000,MaxIter,1390.9399999999987,1956.0875,3,1842.74,450.80399999999997,93.4175,1907.0108480062966,6.7620599999999982,86.767038284277191,1,28,26,2065,3075
61,30,37,LinearSubgradientAuction,0.025,0.04,,True,,1000,10800,cats_reg_g30b150,,False,CATS,150,regions,MultiMinded,1000,MaxIter,1532.1399999999994,1951.6029999999998,10,1560.47,530.9905,1607.6971,1938.0327152036593,1448.7504293821821,1522.9586971785202,1,30,43,2257,3397
62,30,34,LinearSubgradientAuction,0.025,0.04,,True,,1000,10800,cats_reg_g30b150,,False,CATS,150,regions,MultiMinded,344,Balance,484.6000000000022,1978.0167,7,1737.89,582.94900000000007,1978.0167,1839.8096509775976,1750.9740111218578,1890.5743500000001,1,30,2,2074,3124
63,30,30,LinearSubgradientAuction,0.025,0.04,,True,,1000,10800,cats_reg_g30b150,,False,CATS,150,regions,MultiMinded,324,Balance,389.40999999999985,2547.4234,6,1821.34,869.476,2547.4234,2425.5452304484829,2320.9264562886983,2474.5364595128708,1,30,48,1830,2760
64,30,34,LinearSubgradientAuction,0.025,0.04,,True,,1000,10800,cats_reg_g30b150,,False,CATS,150,regions,MultiMinded,1000,MaxIter,1421.1800000000003,2427.9729,8,1844.14,792.92899999999997,1768.9789,2353.9380381975343,1018.2936156175432,1156.8892405503093,1,30,17,2074,3124
65,30,36,LinearSubgradientAuction,0.025,0.04,,True,,1000,10800,cats_reg_g30b150,,False,CATS,150,regions,MultiMinded,1000,MaxIter,1463.0,2209.3287,9,1779.98,732.52250000000004,589.7373,2157.7264966749503,360.22124148282973,485.88677280074415,1,29,22,2160,3234
66,30,30,LinearSubgradientAuction,0.025,0.04,,True,,1000,10800,cats_reg_g30b150,,False,CATS,150,regions,MultiMinded,151,Balance,182.20000000000073,2387.3904,3,2290.03,553.03500000000008,2387.3904,2316.9141433914538,2280.9198807707357,2359.7908327590185,1,29,4,1800,2700
67,30,41,LinearSubgradientAuction,0.025,0.04,,True,,1000,10800,cats_reg_g30b150,,False,CATS,150,regions,MultiMinded,1000,MaxIter,1668.0399999999972,2130.5865999999996,11,1569.3,447.20299999999997,1670.1956,2073.9547979687859,1423.9235514650707,1596.2388226384962,1,29,23,2460,3679
68,30,34,LinearSubgradientAuction,0.025,0.04,,True,,1000,10800,cats_reg_g30b150,,False,CATS,150,regions,MultiMinded,1000,MaxIter,1400.9399999999987,1871.0335999999998,8,1491.62,623.48450000000003,731.6345,1855.551167617632,586.50835412208278,644.67903232695483,1,30,15,2074,3124
69,30,34,LinearSubgradientAuction,0.025,0.04,,True,,1000,10800,cats_reg_g30b150,,False,CATS,150,regions,MultiMinded,118,Balance,164.14000000000306,2248.1536,8,1918.69,909.28949999999998,2248.1536,2204.4556635345066,2022.5977635345062,2097.6136685309248,1,29,32,2040,3056
70,30,32,LinearSubgradientAuction,0.025,0.04,,True,,1000,10800,cats_reg_g30b150,,False,CATS,150,regions,MultiMinded,1000,MaxIter,1322.9699999999975,2074.3614,6,1794.89,671.03600000000006,1288.4912,2054.9054159336492,1103.4562837908979,1205.2968372625171,1,30,12,1952,2942
71,30,30,LinearSubgradientAuction,0.025,0.04,,True,,1000,10800,cats_reg_g30b150,,False,CATS,150,regions,MultiMinded,1000,MaxIter,1213.8199999999997,2107.4125,6,1919.92,672.68100000000004,1289.687,2167.2934474666185,1103.0538727001092,1216.2333054277904,1,29,16,1800,2700
72,30,35,LinearSubgradientAuction,0.025,0.04,,True,,1000,10800,cats_reg_g30b150,,False,CATS,150,regions,MultiMinded,1000,MaxIter,1430.739999999998,1946.4843000000003,5,1216.53,554.09649999999999,597.3524,1917.4229534802955,90.688047418762594,252.07721201970372,1,29,26,2100,3145
73,30,35,LinearSubgradientAuction,0.025,0.04,,True,,1000,10800,cats_reg_g30b150,,False,CATS,150,regions,MultiMinded,1000,MaxIter,1453.5800000000017,1852.6272999999999,6,1445.38,663.03899999999999,633.6562000000001,1776.1406587448062,369.14356499948917,559.80648822151807,1,30,20,2135,3215
74,30,31,LinearSubgradientAuction,0.025,0.04,,True,,1000,10800,cats_reg_g30b150,,False,CATS,150,regions,MultiMinded,1000,MaxIter,1270.7099999999991,2020.0417,5,1744.34,781.83899999999994,1542.2633999999998,2086.9160226395143,482.67998520054658,573.24272999708705,1,30,14,1891,2851
75,30,39,LinearSubgradientAuction,0.025,0.04,,True,,1000,10800,cats_reg_g30b150,,False,CATS,150,regions,MultiMinded,1000,MaxIter,1621.7999999999993,2549.9302,6,1890.83,637.39099999999996,1042.7112,2537.3795292610666,171.70168677182713,290.75046615924231,1,30,25,2379,3579
76,30,36,LinearSubgradientAuction,0.025,0.04,,True,,1000,10800,cats_reg_g30b150,,False,CATS,150,regions,MultiMinded,1000,MaxIter,1505.5999999999985,1970.4382,6,1633.82,405.01099999999997,1970.4382,2019.90781537062,438.56305902268571,473.69524957036538,1,30,5,2196,3306
77,30,34,LinearSubgradientAuction,0.025,0.04,,True,,1000,10800,cats_reg_g30b150,,False,CATS,150,regions,MultiMinded,1000,MaxIter,1406.6699999999983,1646.3148,3,1576.38,831.28949999999998,347.892,1651.2763688181999,306.15016823586717,314.53283888408617,1,30,20,2074,3124
78,30,34,LinearSubgradientAuction,0.025,0.04,,True,,1000,10800,cats_reg_g30b150,,False,CATS,150,regions,MultiMinded,1000,MaxIter,1407.5600000000013,2412.1546,7,1881.66,768.41550000000007,917.9926,2448.8206077066438,736.82062749920692,848.43299828272256,1,29,15,2040,3056
79,30,29,LinearSubgradientAuction,0.025,0.04,,True,,1000,10800,cats_reg_g30b150,,False,CATS,150,regions,MultiMinded,1000,MaxIter,1175.7799999999988,2267.359,3,2060.3,919.01300000000003,1660.754,2322.1630827487597,245.76629262402093,334.67837063815563,1,30,24,1769,2669
80,30,37,LinearSubgradientAuction,0.025,0.04,,True,,1000,10800,cats_reg_g30b150,,False,CATS,150,regions,MultiMinded,1000,MaxIter,1511.1399999999994,2112.5864,9,1592.54,576.49599999999998,1400.2,2103.9606364127635,1238.3550911013663,1306.6974632583765,1,29,33,2220,3323
81,30,33,LinearSubgradientAuction,0.025,0.04,,True,,1000,10800,cats_reg_g30b150,,False,CATS,150,regions,MultiMinded,1000,MaxIter,1389.4699999999975,1652.215,3,1316.69,725.81600000000003,623.344,1733.7566445688124,567.17507436803726,605.8329945134542,1,30,19,2013,3033
82,30,35,LinearSubgradientAuction,0.025,0.04,,True,,1000,10800,cats_reg_g30b150,,False,CATS,150,regions,MultiMinded,1000,MaxIter,1447.6899999999987,2109.0315,5,1900.31,619.13249999999994,515.3424,2274.6657254801544,433.80681391714336,466.99179384677313,1,30,21,2135,3215
83,30,32,LinearSubgradientAuction,0.025,0.04,,True,,1000,10800,cats_reg_g30b150,,False,CATS,150,regions,MultiMinded,251,Balance,330.33000000000175,2576.43019,8,2027.96,1059.6700000000001,2571.7672000000002,2571.9801920071809,2384.5503246820922,2417.8895987284232,1,30,22,1952,2942
84,30,34,LinearSubgradientAuction,0.025,0.04,,True,,1000,10800,cats_reg_g30b150,,False,CATS,150,regions,MultiMinded,1000,MaxIter,1395.9599999999991,1983.6759000000002,5,1485.27,650.14099999999996,902.0098,1995.4183536819583,738.82005025662318,835.79564839997204,1,30,20,2074,3124
85,30,33,LinearSubgradientAuction,0.025,0.04,,True,,1000,10800,cats_reg_g30b150,,False,CATS,150,regions,MultiMinded,164,Balance,219.29000000000087,1650.3177,5,1136.81,534.83399999999995,1650.3177,1607.4575039151919,1540.6032539151922,1584.4469672237085,1,29,6,1980,2967
86,30,37,LinearSubgradientAuction,0.025,0.04,,True,,1000,10800,cats_reg_g30b150,,False,CATS,150,regions,MultiMinded,139,Balance,213.40999999999985,2073.2363,7,1605.13,504.47649999999999,2069.3503,1910.3069085859966,1824.2408129620767,1994.8911256313008,1,30,10,2257,3397
87,30,34,LinearSubgradientAuction,0.025,0.04,,True,,1000,10800,cats_reg_g30b150,,False,CATS,150,regions,MultiMinded,1000,MaxIter,1404.8100000000013,2161.5317,11,1611.82,461.19499999999999,2016.4647,2223.5357707476019,1831.2033721580019,1936.2166634026967,1,29,20,2040,3056
88,30,35,LinearSubgradientAuction,0.025,0.04,,True,,1000,10800,cats_reg_g30b150,,False,CATS,150,regions,MultiMinded,1000,MaxIter,1413.4600000000028,1960.6723,10,1579.4,529.16499999999996,1950.6343,1931.7381542257231,1789.8052441039076,1849.8434816535116,1,29,24,2100,3145
89,30,40,LinearSubgradientAuction,0.025,0.04,,True,,1000,10800,cats_reg_g30b150,,False,CATS,150,regions,MultiMinded,70,Balance,109.25,2103.4608,12,1324.86,455.78500000000003,2103.4608,1772.2989977511611,1669.7473727511615,2000.9091750000005,1,27,0,2320,3430
90,30,36,LinearSubgradientAuction,0.025,0.04,,True,,1000,10800,cats_reg_g30b150,,False,CATS,150,regions,MultiMinded,541,Balance,791.2799999999988,2252.2093,8,1749.09,686.99800000000005,2252.2093,2139.0072716153777,2023.5646962546161,2150.4957223247752,1,29,4,2160,3234
91,30,37,LinearSubgradientAuction,0.025,0.04,,True,,1000,10800,cats_reg_g30b150,,False,CATS,150,regions,MultiMinded,1000,MaxIter,1508.4700000000012,2533.4677,10,1557.05,605.50300000000004,1069.183,2192.7538422975836,636.75209209804189,998.3277413407767,1,29,8,2220,3323
92,30,37,LinearSubgradientAuction,0.025,0.04,,True,,1000,10800,cats_reg_g30b150,,False,CATS,150,regions,MultiMinded,1000,MaxIter,1529.9699999999975,2087.0795,7,1557.29,467.12700000000001,1385.3739999999998,2022.8156805127858,1234.6115002777744,1319.1695530376035,1,30,14,2257,3397
93,30,34,LinearSubgradientAuction,0.025,0.04,,True,,1000,10800,cats_reg_g30b150,,False,CATS,150,regions,MultiMinded,1000,MaxIter,1382.4600000000028,2220.4165999999996,9,1477.09,531.97949999999992,1073.6767,2119.8966455464747,864.32196348735761,985.46853248357036,1,30,16,2074,3124
94,30,33,LinearSubgradientAuction,0.025,0.04,,True,,1000,10800,cats_reg_g30b150,,False,CATS,150,regions,MultiMinded,1000,MaxIter,1293.3999999999978,2089.1439,7,1850.23,583.02999999999997,1572.2279,2044.6488685507913,1374.4053916400317,1535.8083792572459,1,28,16,1947,2901
95,30,36,LinearSubgradientAuction,0.025,0.04,,True,,1000,10800,cats_reg_g30b150,,False,CATS,150,regions,MultiMinded,1000,MaxIter,1509.2999999999993,2218.1557,7,1747.55,732.99250000000006,1275.9556999999998,2235.1450605071695,1114.8597426552506,1170.5731842167363,1,30,13,2196,3306
96,30,33,LinearSubgradientAuction,0.025,0.04,,True,,1000,10800,cats_reg_g30b150,,False,CATS,150,regions,MultiMinded,1000,MaxIter,1340.8500000000022,1873.9284000000002,5,1690.89,555.43200000000002,458.3104,1903.2911882646029,254.46108572827401,311.99971456392706,1,29,24,1980,2967
97,30,37,LinearSubgradientAuction,0.025,0.04,,True,,1000,10800,cats_reg_g30b150,,False,CATS,150,regions,MultiMinded,191,Balance,282.2400000000016,1853.4531000000002,11,1334.16,635.36699999999996,1853.4531000000002,1781.7398862380696,1616.6873928248451,1702.3829352995278,1,29,1,2220,3323
98,30,36,LinearSubgradientAuction,0.025,0.04,,True,,1000,10800,cats_reg_g30b150,,False,CATS,150,regions,MultiMinded,87,Balance,128.0799999999981,2779.0163,8,2131.76,620.35799999999995,2779.0163,2704.3066080734025,2580.2350080734036,2657.5497142573436,1,30,23,2196,3306
99,30,37,LinearSubgradientAuction,0.025,0.04,,True,,1000,10800,cats_reg_g30b150,,False,CATS,150,regions,MultiMinded,1000,MaxIter,1473.1000000000022,2286.8288000000002,4,1573.72,543.00099999999998,2180.7238,2271.1417480394598,1337.1248998962431,1457.2641815186626,1,28,4,2183,3249
100,30,32,LinearSubgradientAuction,0.025,0.04,,True,,1000,10800,cats_reg_g30b150,,False,CATS,150,regions,MultiMinded,974,Balance,1286.7099999999991,1906.0085,11,1496.95,591.39400000000001,1906.0085,1818.9090913167333,1676.086570505171,1803.8957155296887,1,30,71,1952,2942
