idx,items,agents,auction_class,epsilon,stepc,epoch,scalebyvalue,reserve_type,maxiter,maxtime,generator_param_name,personalized,int_prices,generator,bids,distribution,type,rounds,status,runtime,efficient_value,final_num_winners,final_max_agent_value,final_scalevalue,final_value,final_total_price,final_revenue,final_indirect_util,final_price_degree,final_price_sparsity,final_imbalance,final_wd_nvars,final_wd_ncons
1,30,36,LinearSubgradientAuction,0.05,0.04,,True,,1000,10800,cats_reg_g30b150,,False,CATS,150,regions,MultiMinded,164,Balance,235.24000000000524,2502.8085,10,1712.02,630.28700000000003,2502.8085,2220.1155497140658,1970.7177805077756,2284.8320084876664,1,28,7,2124,3162
2,30,38,LinearSubgradientAuction,0.05,0.04,,True,,1000,10800,cats_reg_g30b150,,False,CATS,150,regions,MultiMinded,1000,MaxIter,1540.4999999999927,2067.4249,6,1460.04,478.96600000000001,1073.2319,2078.2362343686991,927.53964093238983,963.76972299315253,1,29,8,2280,3412
3,30,36,LinearSubgradientAuction,0.05,0.04,,True,,1000,10800,cats_reg_g30b150,,False,CATS,150,regions,MultiMinded,1000,MaxIter,1431.6100000000006,2226.2472000000002,3,1961.0,494.50999999999999,204.8765,2230.302409815381,72.101582812243947,100.10140992777393,1,28,24,2124,3162
4,30,38,LinearSubgradientAuction,0.05,0.04,,True,,1000,10800,cats_reg_g30b150,,False,CATS,150,regions,MultiMinded,84,Balance,130.08000000000175,2004.9491999999998,11,1505.7,557.86300000000006,2004.9491999999998,1885.9470052477741,1579.1223552477734,1698.9878678122836,1,30,4,2318,3488
5,30,35,LinearSubgradientAuction,0.05,0.04,,True,,1000,10800,cats_reg_g30b150,,False,CATS,150,regions,MultiMinded,1000,MaxIter,1441.7600000000093,1864.626,3,1703.97,505.12049999999999,501.371,1858.8569625701257,181.91175037939817,194.39603569042234,1,30,24,2135,3215
6,30,35,LinearSubgradientAuction,0.05,0.04,,True,,1000,10800,cats_reg_g30b150,,False,CATS,150,regions,MultiMinded,1000,MaxIter,1423.7100000000064,2116.0368,6,1959.83,614.52500000000009,1381.6978,2239.5718297019962,1269.9072862830985,1276.4928819392821,1,29,24,2100,3145
7,30,35,LinearSubgradientAuction,0.05,0.04,,True,,1000,10800,cats_reg_g30b150,,False,CATS,150,regions,MultiMinded,284,Balance,409.0399999999936,2031.9575,6,1330.11,558.39999999999998,2031.9575,1959.3793281426738,1797.4433281426736,1895.9095388971989,1,30,6,2135,3215
8,30,35,LinearSubgradientAuction,0.05,0.04,,True,,1000,10800,cats_reg_g30b150,,False,CATS,150,regions,MultiMinded,1000,MaxIter,1454.729999999996,2027.57669,8,1379.5,642.28750000000002,1052.56369,1934.8236878362734,728.83779417219284,863.20187499139172,1,30,15,2135,3215
9,30,36,LinearSubgradientAuction,0.05,0.04,,True,,1000,10800,cats_reg_g30b150,,False,CATS,150,regions,MultiMinded,1000,MaxIter,1428.5,1859.5272999999997,6,1542.29,443.88650000000001,274.2326,1812.2908068429122,126.38029638660645,221.20054908293758,1,28,28,2124,3162
10,30,34,LinearSubgradientAuction,0.05,0.04,,True,,1000,10800,cats_reg_g30b150,,False,CATS,150,regions,MultiMinded,1000,MaxIter,1382.590000000011,2566.974,6,2112.56,626.02300000000002,1173.855,2553.9108598186281,927.86571411235434,1054.7054462653425,1,29,8,2040,3056
11,30,36,LinearSubgradientAuction,0.05,0.04,,True,,1000,10800,cats_reg_g30b150,,False,CATS,150,regions,MultiMinded,169,Balance,247.99000000000524,2431.6115,5,2098.81,721.22149999999999,2431.6115,2318.9966825948977,2189.7248301950472,2334.186540038706,1,30,18,2196,3306
12,30,32,LinearSubgradientAuction,0.05,0.04,,True,,1000,10800,cats_reg_g30b150,,False,CATS,150,regions,MultiMinded,1000,MaxIter,1314.9199999999983,1865.81568,9,1645.15,855.13049999999998,824.24278,1940.2350616384779,550.62141884049174,618.85288367012322,1,30,21,1952,2942
13,30,35,LinearSubgradientAuction,0.05,0.04,,True,,1000,10800,cats_reg_g30b150,,False,CATS,150,regions,MultiMinded,1000,MaxIter,1464.229999999996,1773.5022000000001,11,1494.31,678.60900000000004,1547.5763000000002,1844.6213141323212,1243.9952279350914,1304.665464956925,1,30,41,2135,3215
14,30,32,LinearSubgradientAuction,0.05,0.04,,True,,1000,10800,cats_reg_g30b150,,False,CATS,150,regions,MultiMinded,1000,MaxIter,1312.6500000000087,1980.1873000000003,5,1559.99,631.08900000000006,686.1447000000001,1913.06004397216,459.25588037546368,599.91105406446854,1,30,19,1952,2942
15,30,36,LinearSubgradientAuction,0.05,0.04,,True,,1000,10800,cats_reg_g30b150,,False,CATS,150,regions,MultiMinded,58,Balance,84.51000000000931,2512.4141000000004,3,2312.23,781.00699999999995,2512.4141000000004,2398.1329304444798,2280.9818804444799,2401.0277314231885,1,29,3,2160,3234
16,30,34,LinearSubgradientAuction,0.05,0.04,,True,,1000,10800,cats_reg_g30b150,,False,CATS,150,regions,MultiMinded,1000,MaxIter,1369.1100000000006,1929.452,11,1789.44,584.255,824.9317,1969.7264252212196,608.52147671407158,664.83337671407162,1,28,40,2006,2988
17,30,33,LinearSubgradientAuction,0.05,0.04,,True,,1000,10800,cats_reg_g30b150,,False,CATS,150,regions,MultiMinded,204,Balance,281.22000000000116,1934.7395999999999,7,1626.95,730.93200000000002,1930.7445000000002,1905.9714282697739,1682.584980706238,1748.2800034223931,1,30,44,2013,3033
18,30,34,LinearSubgradientAuction,0.05,0.04,,True,,1000,10800,cats_reg_g30b150,,False,CATS,150,regions,MultiMinded,1000,MaxIter,1401.8300000000017,2504.1384,5,1818.33,781.33600000000001,2297.8333000000002,2422.8513458451162,263.47775794361229,361.3667441781829,1,29,9,2040,3056
19,30,36,LinearSubgradientAuction,0.05,0.04,,True,,1000,10800,cats_reg_g30b150,,False,CATS,150,regions,MultiMinded,124,Balance,174.1600000000035,2560.7110000000002,12,1508.06,549.71399999999994,2557.321,2178.3297548826845,1922.1469010574142,2318.98382526146,1,28,7,2124,3162
20,30,37,LinearSubgradientAuction,0.05,0.04,,True,,1000,10800,cats_reg_g30b150,,False,CATS,150,regions,MultiMinded,1000,MaxIter,1545.0,1801.7813999999998,5,1490.47,395.125,567.3204,1808.6432327998975,361.08223551975834,416.66285405048006,1,30,21,2257,3397
21,30,33,LinearSubgradientAuction,0.05,0.04,,True,,1000,10800,cats_reg_g30b150,,False,CATS,150,regions,MultiMinded,1000,MaxIter,1383.9199999999983,1553.7635,4,1374.19,778.39550000000008,1553.7635,1624.0725872990306,1439.8381698633748,1450.0335533816183,1,30,17,2013,3033
22,30,38,LinearSubgradientAuction,0.05,0.04,,True,,1000,10800,cats_reg_g30b150,,False,CATS,150,regions,MultiMinded,1000,MaxIter,1543.3699999999953,2312.252,2,2123.59,638.69949999999994,86.586,2392.9398104907091,54.618184287015012,64.441842985908352,1,29,26,2280,3412
23,30,38,LinearSubgradientAuction,0.05,0.04,,True,,1000,10800,cats_reg_g30b150,,False,CATS,150,regions,MultiMinded,102,Balance,156.2899999999936,2354.8725,8,1818.1,597.00800000000004,2354.8725,2150.099066127656,1947.4065694123078,2181.7401799999998,1,29,1,2280,3412
24,30,35,LinearSubgradientAuction,0.05,0.04,,True,,1000,10800,cats_reg_g30b150,,False,CATS,150,regions,MultiMinded,1000,MaxIter,1446.4900000000052,1892.4884,11,1241.36,538.58849999999995,911.1487999999999,1831.6159560298729,552.48097858667393,706.49720652322981,1,30,21,2135,3215
25,30,33,LinearSubgradientAuction,0.05,0.04,,True,,1000,10800,cats_reg_g30b150,,False,CATS,150,regions,MultiMinded,1000,MaxIter,1380.8300000000017,1741.0822999999998,3,1538.41,861.41849999999999,244.13760000000002,1759.8655960527519,0.0,86.590511513842813,1,30,26,2013,3033
26,30,34,LinearSubgradientAuction,0.05,0.04,,True,,1000,10800,cats_reg_g30b150,,False,CATS,150,regions,MultiMinded,1000,MaxIter,1379.6399999999994,2008.668,8,1919.5,424.82100000000003,1543.8754,2036.1429992537942,1345.5038242868482,1427.4688014743024,1,29,24,2040,3056
27,30,32,LinearSubgradientAuction,0.05,0.04,,True,,1000,10800,cats_reg_g30b150,,False,CATS,150,regions,MultiMinded,1000,MaxIter,1258.8600000000006,2175.2061,6,1890.21,644.31150000000002,1035.801,2260.3831611425012,915.74341476519999,925.84139068691422,1,28,18,1888,2814
28,30,37,LinearSubgradientAuction,0.05,0.04,,True,,1000,10800,cats_reg_g30b150,,False,CATS,150,regions,MultiMinded,1000,MaxIter,1506.9700000000012,2040.43179,11,1615.6,517.23699999999997,1759.92339,1997.328397468794,1495.7241075692202,1592.4024266742249,1,29,34,2220,3323
29,30,33,LinearSubgradientAuction,0.05,0.04,,True,,1000,10800,cats_reg_g30b150,,False,CATS,150,regions,MultiMinded,1000,MaxIter,1377.3399999999965,2111.632,3,1854.64,708.57899999999995,367.71999999999997,2159.1522657557521,40.422649162533062,176.83827003029165,1,30,26,2013,3033
30,30,35,LinearSubgradientAuction,0.05,0.04,,True,,1000,10800,cats_reg_g30b150,,False,CATS,150,regions,MultiMinded,1000,MaxIter,1387.9899999999907,2323.0769999999998,8,1594.17,462.18150000000003,1821.8382000000001,2101.9750953000985,1416.8816862150311,1687.2354048700176,1,29,6,2100,3145
31,30,34,LinearSubgradientAuction,0.05,0.04,,True,,1000,10800,cats_reg_g30b150,,False,CATS,150,regions,MultiMinded,254,Balance,340.47000000000116,2659.4860000000003,7,2167.09,585.07799999999997,2659.4860000000003,2564.4875616184622,2391.2018986161779,2513.9085576446678,1,28,3,2006,2988
32,30,37,LinearSubgradientAuction,0.05,0.04,,True,,1000,10800,cats_reg_g30b150,,False,CATS,150,regions,MultiMinded,1000,MaxIter,1547.300000000003,1999.8556999999998,5,1545.46,522.50199999999995,323.2877,1949.3745627115215,160.28564984191715,243.90119377550167,1,30,23,2257,3397
33,30,37,LinearSubgradientAuction,0.05,0.04,,True,,1000,10800,cats_reg_g30b150,,False,CATS,150,regions,MultiMinded,1000,MaxIter,1516.0600000000122,1805.9524000000001,7,1582.17,487.50400000000002,777.1176,1672.8504944141628,500.25962193429103,660.5755252117408,1,29,19,2220,3323
34,30,39,LinearSubgradientAuction,0.05,0.04,,True,,1000,10800,cats_reg_g30b150,,False,CATS,150,regions,MultiMinded,1000,MaxIter,1625.9300000000076,1983.6001999999999,5,1564.76,623.41200000000003,939.007,2040.4661446835032,814.52756168371354,824.47030209464276,1,30,20,2379,3579
35,30,38,LinearSubgradientAuction,0.05,0.04,,True,,1000,10800,cats_reg_g30b150,,False,CATS,150,regions,MultiMinded,1000,MaxIter,1560.4000000000087,2341.4052,9,1755.59,637.298,501.81809999999996,2337.4097518134963,249.90945586664375,353.87299305614522,1,29,19,2280,3412
36,30,33,LinearSubgradientAuction,0.05,0.04,,True,,1000,10800,cats_reg_g30b150,,False,CATS,150,regions,MultiMinded,1000,MaxIter,1326.62999999999,2136.9992,3,1693.26,587.83249999999998,947.287,2184.741769233874,231.52106158400485,285.82249183539045,1,29,24,1980,2967
37,30,34,LinearSubgradientAuction,0.05,0.04,,True,,1000,10800,cats_reg_g30b150,,False,CATS,150,regions,MultiMinded,1000,MaxIter,1414.4600000000064,1991.3467,7,1812.59,701.23299999999995,975.3035,2002.2193657227426,742.26281908193482,833.8058549992179,1,30,15,2074,3124
38,30,40,LinearSubgradientAuction,0.05,0.04,,True,,1000,10800,cats_reg_g30b150,,False,CATS,150,regions,MultiMinded,123,Balance,198.3700000000099,2724.0288,6,2153.9,576.38300000000004,2724.0288,2453.6668820688033,2309.5711320688042,2579.9330500000005,1,29,0,2400,3590
39,30,30,LinearSubgradientAuction,0.05,0.04,,True,,1000,10800,cats_reg_g30b150,,False,CATS,150,regions,MultiMinded,1000,MaxIter,1235.2099999999919,1968.0602,3,1918.66,764.726,818.259,2041.805269231671,638.66313904384958,747.56308077381289,1,30,20,1830,2760
40,30,33,LinearSubgradientAuction,0.05,0.04,,True,,1000,10800,cats_reg_g30b150,,False,CATS,150,regions,MultiMinded,67,Balance,90.5399999999936,1942.0583000000001,4,1674.34,688.69799999999998,1942.0583000000001,1900.7004220859856,1793.1209200632718,1841.7772787943654,1,30,2,2013,3033
41,30,35,LinearSubgradientAuction,0.05,0.04,,True,,1000,10800,cats_reg_g30b150,,False,CATS,150,regions,MultiMinded,1000,MaxIter,1438.1100000000006,1877.7214099999999,12,1423.29,646.35299999999995,1195.0119099999997,1925.9177140484537,967.91840641631245,990.24152913920716,1,30,51,2135,3215
42,30,32,LinearSubgradientAuction,0.05,0.04,,True,,1000,10800,cats_reg_g30b150,,False,CATS,150,regions,MultiMinded,1000,MaxIter,1304.0099999999948,2111.841,4,1703.5,646.17399999999998,582.819,2245.7047623179533,456.58129261409329,488.59695077215906,1,30,9,1952,2942
43,30,40,LinearSubgradientAuction,0.05,0.04,,True,,1000,10800,cats_reg_g30b150,,False,CATS,150,regions,MultiMinded,331,Balance,542.8300000000017,2446.7208,6,1927.69,685.90899999999999,2446.7208,2199.0627770600204,2034.4446170600199,2282.9231739863339,1,29,7,2400,3590
44,30,35,LinearSubgradientAuction,0.05,0.04,,True,,1000,10800,cats_reg_g30b150,,False,CATS,150,regions,MultiMinded,1000,MaxIter,1445.020000000004,1711.1515999999997,5,1299.51,651.40899999999999,1127.6966,1640.6276077219854,507.9975887848197,632.26112475038951,1,30,18,2135,3215
45,30,38,LinearSubgradientAuction,0.05,0.04,,True,,1000,10800,cats_reg_g30b150,,False,CATS,150,regions,MultiMinded,1000,MaxIter,1591.729999999996,2034.5094,11,1828.07,742.07299999999998,1660.5948999999998,2101.3976622976807,1483.352196493684,1487.3589076205569,1,30,36,2318,3488
46,30,31,LinearSubgradientAuction,0.05,0.04,,True,,1000,10800,cats_reg_g30b150,,False,CATS,150,regions,MultiMinded,61,Balance,75.69000000000233,2564.0325000000003,4,2373.4,807.26099999999997,2564.0325000000003,2516.9495698210785,2370.9201607676405,2418.0030909465618,1,30,0,1891,2851
47,30,37,LinearSubgradientAuction,0.05,0.04,,True,,1000,10800,cats_reg_g30b150,,False,CATS,150,regions,MultiMinded,1000,MaxIter,1509.1100000000006,2233.1322,10,1669.44,664.97900000000004,1567.5362,2040.2712507838978,1149.5388251511404,1365.8456228005966,1,29,14,2220,3323
48,30,35,LinearSubgradientAuction,0.05,0.04,,True,,1000,10800,cats_reg_g30b150,,False,CATS,150,regions,MultiMinded,1000,MaxIter,1458.4599999999919,2069.4358,5,1826.01,556.24350000000004,1451.3009000000002,2034.1126398924771,559.78553952855145,706.74070892405007,1,30,22,2135,3215
49,30,30,LinearSubgradientAuction,0.05,0.04,,True,,1000,10800,cats_reg_g30b150,,False,CATS,150,regions,MultiMinded,1000,MaxIter,1240.8500000000058,1979.7895999999998,3,1594.07,673.82600000000002,526.273,2016.9884022893455,1.0497916474784219,77.942659999999989,1,30,26,1830,2760
50,30,33,LinearSubgradientAuction,0.05,0.04,,True,,1000,10800,cats_reg_g30b150,,False,CATS,150,regions,MultiMinded,1000,MaxIter,1321.2899999999936,2110.6722999999997,8,1335.35,460.47550000000001,604.9643,2036.1320231388781,328.04155085750961,541.46969158314619,1,29,31,1980,2967
51,30,37,LinearSubgradientAuction,0.05,0.04,,True,,1000,10800,cats_reg_g30b150,,False,CATS,150,regions,MultiMinded,1000,MaxIter,1474.12000000001,2245.4244000000003,9,1882.26,597.73699999999997,635.3584999999999,2249.1209120185772,480.94284619560085,521.50512913464854,1,28,35,2183,3249
52,30,32,LinearSubgradientAuction,0.05,0.04,,True,,1000,10800,cats_reg_g30b150,,False,CATS,150,regions,MultiMinded,103,Balance,131.49000000000524,1756.6213,7,1409.87,556.45500000000004,1756.6213,1686.1739031066772,1499.8857155922658,1596.3124885794955,1,29,13,1920,2878
53,30,34,LinearSubgradientAuction,0.05,0.04,,True,,1000,10800,cats_reg_g30b150,,False,CATS,150,regions,MultiMinded,1000,MaxIter,1391.5299999999988,2325.6629000000003,9,1796.97,570.23000000000002,1623.0464,2216.9991071278291,1263.4096864988144,1428.5879486374727,1,29,15,2040,3056
54,30,37,LinearSubgradientAuction,0.05,0.04,,True,,1000,10800,cats_reg_g30b150,,False,CATS,150,regions,MultiMinded,188,Balance,280.8899999999994,2355.424,7,2152.9,670.553,2355.424,2262.3227950904052,2100.1896429638955,2232.3381135761842,1,30,49,2257,3397
55,30,33,LinearSubgradientAuction,0.05,0.04,,True,,1000,10800,cats_reg_g30b150,,False,CATS,150,regions,MultiMinded,1000,MaxIter,1375.0,2078.1524999999997,12,1352.37,548.28150000000005,1199.9685,2078.7717298413827,991.33714858575104,1025.3230531522252,1,30,36,2013,3033
56,30,39,LinearSubgradientAuction,0.05,0.04,,True,,1000,10800,cats_reg_g30b150,,False,CATS,150,regions,MultiMinded,543,Balance,860.5,1893.3772000000004,10,1498.24,591.42200000000003,1893.3772000000004,1831.8017525536206,1578.5575377249352,1677.7949062030959,1,29,10,2340,3501
57,30,36,LinearSubgradientAuction,0.05,0.04,,True,,1000,10800,cats_reg_g30b150,,False,CATS,150,regions,MultiMinded,1000,MaxIter,1477.070000000007,1899.5301999999997,4,1604.44,621.16750000000002,634.2559,1927.5225287963267,223.49928454774241,271.12242209151361,1,30,21,2196,3306
58,30,36,LinearSubgradientAuction,0.05,0.04,,True,,1000,10800,cats_reg_g30b150,,False,CATS,150,regions,MultiMinded,1000,MaxIter,1513.270000000004,2429.6093,9,2057.42,832.86300000000006,1636.1611999999998,2409.4284380344398,1258.0105995533945,1337.1644066433178,1,30,29,2196,3306
59,30,39,LinearSubgradientAuction,0.05,0.04,,True,,1000,10800,cats_reg_g30b150,,False,CATS,150,regions,MultiMinded,1000,MaxIter,1633.550000000003,2064.9126,6,1772.9,622.28800000000001,1401.7036,2053.7499446169568,1148.1602854806804,1252.8901469253426,1,30,25,2379,3579
60,30,35,LinearSubgradientAuction,0.05,0.04,,True,,1000,10800,cats_reg_g30b150,,False,CATS,150,regions,MultiMinded,1000,MaxIter,1414.5099999999948,1956.0875,3,1842.74,450.80399999999997,93.4175,1907.0108480062966,0.0,80.0049782842772,1,28,26,2065,3075
61,30,37,LinearSubgradientAuction,0.05,0.04,,True,,1000,10800,cats_reg_g30b150,,False,CATS,150,regions,MultiMinded,1000,MaxIter,1553.0699999999924,1951.6029999999998,10,1560.47,530.9905,1607.6971,1938.0327152036593,1355.827091882182,1430.0353596785201,1,30,43,2257,3397
62,30,34,LinearSubgradientAuction,0.05,0.04,,True,,1000,10800,cats_reg_g30b150,,False,CATS,150,regions,MultiMinded,178,Balance,247.38999999999942,1978.0167,8,1737.89,582.94900000000007,1978.0167,1854.8221945191124,1666.5622865371722,1818.6828774222965,1,30,15,2074,3124
63,30,30,LinearSubgradientAuction,0.05,0.04,,True,,1000,10800,cats_reg_g30b150,,False,CATS,150,regions,MultiMinded,324,Balance,389.3099999999977,2547.4234,6,1821.34,869.476,2547.4234,2425.5452304484829,2233.9788562886984,2387.5888595128708,1,30,48,1830,2760
64,30,34,LinearSubgradientAuction,0.05,0.04,,True,,1000,10800,cats_reg_g30b150,,False,CATS,150,regions,MultiMinded,1000,MaxIter,1404.6499999999942,2427.9729,8,1844.14,792.92899999999997,1768.9789,2353.9380381975343,919.17749061754307,1057.7731155503091,1,30,17,2074,3124
65,30,36,LinearSubgradientAuction,0.05,0.04,,True,,1000,10800,cats_reg_g30b150,,False,CATS,150,regions,MultiMinded,1000,MaxIter,1473.8999999999942,2209.3287,9,1779.98,732.52250000000004,589.7373,2157.7264966749503,257.66809148282971,383.33362280074414,1,29,22,2160,3234
66,30,30,LinearSubgradientAuction,0.05,0.04,,True,,1000,10800,cats_reg_g30b150,,False,CATS,150,regions,MultiMinded,107,Balance,127.19999999999709,2387.3904,3,2290.03,553.03500000000008,2387.3904,2329.6154023425406,2261.3242488278333,2337.8321222431805,1,29,4,1800,2700
67,30,41,LinearSubgradientAuction,0.05,0.04,,True,,1000,10800,cats_reg_g30b150,,False,CATS,150,regions,MultiMinded,1000,MaxIter,1685.2200000000012,2130.5865999999996,11,1569.3,447.20299999999997,1670.1956,2073.9547979687859,1354.6070864650706,1526.9223576384961,1,29,23,2460,3679
68,30,34,LinearSubgradientAuction,0.05,0.04,,True,,1000,10800,cats_reg_g30b150,,False,CATS,150,regions,MultiMinded,1000,MaxIter,1392.179999999993,1871.0335999999998,8,1491.62,623.48450000000003,731.6345,1855.551167617632,501.66117239587743,559.83185060074948,1,30,15,2074,3124
69,30,34,LinearSubgradientAuction,0.05,0.04,,True,,1000,10800,cats_reg_g30b150,,False,CATS,150,regions,MultiMinded,118,Balance,163.51999999998952,2248.1536,8,1918.69,909.28949999999998,2248.1536,2204.4556635345066,1849.8327585345069,1924.8486635309253,1,29,32,2040,3056
70,30,32,LinearSubgradientAuction,0.05,0.04,,True,,1000,10800,cats_reg_g30b150,,False,CATS,150,regions,MultiMinded,1000,MaxIter,1318.5599999999977,2074.3614,6,1794.89,671.03600000000006,1288.4912,2054.9054159336492,1026.2871437908984,1128.1276972625176,1,30,12,1952,2942
71,30,30,LinearSubgradientAuction,0.05,0.04,,True,,1000,10800,cats_reg_g30b150,,False,CATS,150,regions,MultiMinded,1000,MaxIter,1199.409999999989,2107.4125,6,1919.92,672.68100000000004,1289.687,2167.2934474666185,1032.4223677001091,1145.6018004277903,1,29,16,1800,2700
72,30,35,LinearSubgradientAuction,0.05,0.04,,True,,1000,10800,cats_reg_g30b150,,False,CATS,150,regions,MultiMinded,1000,MaxIter,1419.0,1946.4843000000003,5,1216.53,554.09649999999999,597.3524,1917.4229534802955,49.130809918762594,210.51997451970374,1,29,26,2100,3145
73,30,35,LinearSubgradientAuction,0.05,0.04,,True,,1000,10800,cats_reg_g30b150,,False,CATS,150,regions,MultiMinded,1000,MaxIter,1438.5899999999965,1852.6272999999999,6,1445.38,663.03899999999999,633.6562000000001,1776.1406587448062,299.52446999948899,490.18739322151788,1,30,20,2135,3215
74,30,31,LinearSubgradientAuction,0.05,0.04,,True,,1000,10800,cats_reg_g30b150,,False,CATS,150,regions,MultiMinded,1000,MaxIter,1282.9400000000023,2020.0417,5,1744.34,781.83899999999994,1542.2633999999998,2086.9160226395143,421.48176403448105,512.04450883102152,1,30,14,1891,2851
75,30,39,LinearSubgradientAuction,0.05,0.04,,True,,1000,10800,cats_reg_g30b150,,False,CATS,150,regions,MultiMinded,1000,MaxIter,1627.949999999997,2549.9302,6,1890.83,637.39099999999996,1042.7112,2537.3795292610666,98.401721771827141,217.45050115924232,1,30,25,2379,3579
76,30,36,LinearSubgradientAuction,0.05,0.04,,True,,1000,10800,cats_reg_g30b150,,False,CATS,150,regions,MultiMinded,1000,MaxIter,1509.2799999999988,1970.4382,6,1633.82,405.01099999999997,1970.4382,2019.90781537062,387.93668402268577,423.06887457036544,1,30,5,2196,3306
77,30,34,LinearSubgradientAuction,0.05,0.04,,True,,1000,10800,cats_reg_g30b150,,False,CATS,150,regions,MultiMinded,1000,MaxIter,1423.3899999999994,1646.3148,3,1576.38,831.28949999999998,347.892,1651.2763688181999,264.58569323586721,272.96836388408622,1,30,20,2074,3124
78,30,34,LinearSubgradientAuction,0.05,0.04,,True,,1000,10800,cats_reg_g30b150,,False,CATS,150,regions,MultiMinded,1000,MaxIter,1387.2400000000052,2412.1546,7,1881.66,768.41550000000007,917.9926,2448.8206077066438,659.97907749920705,771.59144828272269,1,29,15,2040,3056
79,30,29,LinearSubgradientAuction,0.05,0.04,,True,,1000,10800,cats_reg_g30b150,,False,CATS,150,regions,MultiMinded,1000,MaxIter,1182.9100000000035,2267.359,3,2060.3,919.01300000000003,1660.754,2322.1630827487597,199.81564262402094,288.72772063815563,1,30,24,1769,2669
80,30,37,LinearSubgradientAuction,0.05,0.04,,True,,1000,10800,cats_reg_g30b150,,False,CATS,150,regions,MultiMinded,1000,MaxIter,1495.020000000004,2112.5864,9,1592.54,576.49599999999998,1400.2,2103.9606364127635,1137.468291101366,1205.8106632583763,1,29,33,2220,3323
81,30,33,LinearSubgradientAuction,0.05,0.04,,True,,1000,10800,cats_reg_g30b150,,False,CATS,150,regions,MultiMinded,1000,MaxIter,1369.2599999999948,1652.215,3,1316.69,725.81600000000003,623.344,1733.7566445688124,530.88427436803727,569.54219451345421,1,30,19,2013,3033
82,30,35,LinearSubgradientAuction,0.05,0.04,,True,,1000,10800,cats_reg_g30b150,,False,CATS,150,regions,MultiMinded,1000,MaxIter,1450.199999999997,2109.0315,5,1900.31,619.13249999999994,515.3424,2274.6657254801544,378.08488891714342,411.26986884677319,1,30,21,2135,3215
83,30,32,LinearSubgradientAuction,0.05,0.04,,True,,1000,10800,cats_reg_g30b150,,False,CATS,150,regions,MultiMinded,142,Balance,187.8000000000029,2576.43019,8,2027.96,1059.6700000000001,2571.7672000000002,2580.2050930714572,2213.0454806137154,2289.0958539302378,1,30,41,1952,2942
84,30,34,LinearSubgradientAuction,0.05,0.04,,True,,1000,10800,cats_reg_g30b150,,False,CATS,150,regions,MultiMinded,1000,MaxIter,1409.2599999999948,1983.6759000000002,5,1485.27,650.14099999999996,902.0098,1995.4183536819583,673.80595025662285,770.78154839997171,1,30,20,2074,3124
85,30,33,LinearSubgradientAuction,0.05,0.04,,True,,1000,10800,cats_reg_g30b150,,False,CATS,150,regions,MultiMinded,164,Balance,218.5100000000093,1650.3177,5,1136.81,534.83399999999995,1650.3177,1607.4575039151919,1479.0973439151917,1522.941057223708,1,29,6,1980,2967
86,30,37,LinearSubgradientAuction,0.05,0.04,,True,,1000,10800,cats_reg_g30b150,,False,CATS,150,regions,MultiMinded,115,Balance,174.35000000000582,2073.2363,7,1605.13,504.47649999999999,2069.3503,1913.3804142529466,1744.143449428891,1923.052115,1,30,1,2257,3397
87,30,34,LinearSubgradientAuction,0.05,0.04,,True,,1000,10800,cats_reg_g30b150,,False,CATS,150,regions,MultiMinded,1000,MaxIter,1387.7799999999988,2161.5317,11,1611.82,461.19499999999999,2016.4647,2223.5357707476019,1750.4942471580018,1855.5075384026966,1,29,20,2040,3056
88,30,35,LinearSubgradientAuction,0.05,0.04,,True,,1000,10800,cats_reg_g30b150,,False,CATS,150,regions,MultiMinded,1000,MaxIter,1405.1300000000047,1960.6723,10,1579.4,529.16499999999996,1950.6343,1931.7381542257231,1689.2638941039077,1749.3021316535117,1,29,24,2100,3145
89,30,40,LinearSubgradientAuction,0.05,0.04,,True,,1000,10800,cats_reg_g30b150,,False,CATS,150,regions,MultiMinded,70,Balance,109.19999999999709,2103.4608,12,1324.86,455.78500000000003,2103.4608,1772.2989977511611,1567.195747751161,1898.3575499999999,1,27,0,2320,3430
90,30,36,LinearSubgradientAuction,0.05,0.04,,True,,1000,10800,cats_reg_g30b150,,False,CATS,150,regions,MultiMinded,541,Balance,794.4399999999878,2252.2093,8,1749.09,686.99800000000005,2252.2093,2139.0072716153777,1935.2018332423895,2062.1328593125486,1,29,4,2160,3234
91,30,37,LinearSubgradientAuction,0.05,0.04,,True,,1000,10800,cats_reg_g30b150,,False,CATS,150,regions,MultiMinded,1000,MaxIter,1514.4800000000105,2533.4677,10,1557.05,605.50300000000004,1069.183,2192.7538422975836,548.95415709804183,910.52980634077664,1,29,8,2220,3323
92,30,37,LinearSubgradientAuction,0.05,0.04,,True,,1000,10800,cats_reg_g30b150,,False,CATS,150,regions,MultiMinded,462,Balance,710.8099999999977,2087.0795,10,1557.29,467.12700000000001,2087.0795,2018.6504149862581,1790.5008333902852,1882.1012133813304,1,30,10,2257,3397
93,30,34,LinearSubgradientAuction,0.05,0.04,,True,,1000,10800,cats_reg_g30b150,,False,CATS,150,regions,MultiMinded,1000,MaxIter,1401.300000000003,2220.4165999999996,9,1477.09,531.97949999999992,1073.6767,2119.8966455464747,771.22555098735734,892.37211998357009,1,30,16,2074,3124
94,30,33,LinearSubgradientAuction,0.05,0.04,,True,,1000,10800,cats_reg_g30b150,,False,CATS,150,regions,MultiMinded,1000,MaxIter,1295.3499999999913,2089.1439,7,1850.23,583.02999999999997,1572.2279,2044.6488685507913,1330.6781416400313,1492.0811292572455,1,28,16,1947,2901
95,30,36,LinearSubgradientAuction,0.05,0.04,,True,,1000,10800,cats_reg_g30b150,,False,CATS,150,regions,MultiMinded,1000,MaxIter,1508.7599999999948,2218.1557,7,1747.55,732.99250000000006,1275.9556999999998,2235.1450605071695,1004.9108676552503,1060.624309216736,1,30,13,2196,3306
96,30,33,LinearSubgradientAuction,0.05,0.04,,True,,1000,10800,cats_reg_g30b150,,False,CATS,150,regions,MultiMinded,1000,MaxIter,1320.229999999996,1873.9284000000002,5,1690.89,555.43200000000002,458.3104,1903.2911882646029,204.0358687978846,261.57449763353765,1,29,24,1980,2967
97,30,37,LinearSubgradientAuction,0.05,0.04,,True,,1000,10800,cats_reg_g30b150,,False,CATS,150,regions,MultiMinded,132,Balance,192.95999999999185,1853.4531000000002,10,1334.16,635.36699999999996,1853.4531000000002,1792.542089335841,1512.9806093358409,1607.4565107699655,1,28,12,2183,3249
98,30,36,LinearSubgradientAuction,0.05,0.04,,True,,1000,10800,cats_reg_g30b150,,False,CATS,150,regions,MultiMinded,87,Balance,127.38000000000466,2779.0163,8,2131.76,620.35799999999995,2779.0163,2704.3066080734025,2462.3669880734033,2539.6816942573432,1,30,23,2196,3306
99,30,37,LinearSubgradientAuction,0.05,0.04,,True,,1000,10800,cats_reg_g30b150,,False,CATS,150,regions,MultiMinded,1000,MaxIter,1477.2799999999988,2286.8288000000002,4,1573.72,543.00099999999998,2180.7238,2271.1417480394598,1309.9748498962433,1430.1141315186628,1,28,4,2183,3249
100,30,32,LinearSubgradientAuction,0.05,0.04,,True,,1000,10800,cats_reg_g30b150,,False,CATS,150,regions,MultiMinded,180,Balance,236.0399999999936,1906.0085,11,1496.95,591.39400000000001,1903.6245000000001,1783.1636910925235,1495.6209654961926,1690.9183032380358,1,30,97,1952,2942
