idx,items,agents,auction_class,epsilon,stepc,epoch,scalebyvalue,reserve_type,maxiter,maxtime,generator_param_name,personalized,int_prices,generator,bids,distribution,type,rounds,status,runtime,efficient_value,final_num_winners,final_max_agent_value,final_scalevalue,final_value,final_total_price,final_revenue,final_indirect_util,final_price_degree,final_price_sparsity,final_imbalance,final_wd_nvars,final_wd_ncons
1,30,36,LinearHeuristicAuction,0.1,0.08,,True,,1000,10800,cats_reg_g30b150,,False,CATS,150,regions,MultiMinded,124,Balance,14.160000000003492,2502.8085,9,1712.02,630.28700000000003,2502.8085,2312.4195595852111,1886.9781834506966,2135.6938923620532,1,28,33,91,66
2,30,38,LinearHeuristicAuction,0.1,0.08,,True,,1000,10800,cats_reg_g30b150,,False,CATS,150,regions,MultiMinded,60,Balance,6.600000000005821,2067.4249,5,1460.04,478.96600000000001,2067.4249,2070.05379108735,1852.1469470710358,1945.8653589234732,1,29,29,87,68
3,30,36,LinearHeuristicAuction,0.1,0.08,,True,,1000,10800,cats_reg_g30b150,,False,CATS,150,regions,MultiMinded,100,Balance,10.39999999999418,2226.2472000000002,3,1961.0,494.50999999999999,2226.2472000000002,2219.6985720037819,2084.2813887713451,2112.2090038069109,1,28,5,81,66
4,30,38,LinearHeuristicAuction,0.1,0.08,,True,,1000,10800,cats_reg_g30b150,,False,CATS,150,regions,MultiMinded,97,Balance,10.60000000000582,2004.9491999999998,11,1505.7,557.86300000000006,1908.7654,1901.5682242938374,1330.9989356851393,1439.6730752366273,1,30,19,85,68
5,30,35,LinearHeuristicAuction,0.1,0.08,,True,,1000,10800,cats_reg_g30b150,,False,CATS,150,regions,MultiMinded,79,Balance,8.14999999999418,1864.626,2,1703.97,505.12049999999999,1813.7730000000001,1770.8835037890369,1669.8594037890368,1728.4463078273386,1,30,22,79,65
6,30,35,LinearHeuristicAuction,0.1,0.08,,True,,1000,10800,cats_reg_g30b150,,False,CATS,150,regions,MultiMinded,215,Balance,21.70999999999185,2116.0368,7,1959.83,614.52500000000009,2051.8168,2095.507154144133,1665.3396541441327,1737.8203429878774,1,29,62,83,65
7,30,35,LinearHeuristicAuction,0.1,0.08,,True,,1000,10800,cats_reg_g30b150,,False,CATS,150,regions,MultiMinded,387,Balance,43.36999999999534,2031.9575,6,1330.11,558.39999999999998,2031.9575,1959.1039771128919,1635.2319771128921,1710.3639430628241,1,30,2,85,65
8,30,35,LinearHeuristicAuction,0.1,0.08,,True,,1000,10800,cats_reg_g30b150,,False,CATS,150,regions,MultiMinded,112,Balance,11.660000000003492,2027.57669,8,1379.5,642.28750000000002,2027.57669,1835.2967519368719,1413.2778992731853,1683.2885970010043,1,30,32,77,65
9,30,36,LinearHeuristicAuction,0.1,0.08,,True,,1000,10800,cats_reg_g30b150,,False,CATS,150,regions,MultiMinded,105,Balance,10.699999999982538,1859.5272999999997,8,1542.29,443.88650000000001,1859.5272999999997,1771.9148664537829,1505.5829664537828,1670.5276812752181,1,27,35,81,66
10,30,34,LinearHeuristicAuction,0.1,0.08,,True,,1000,10800,cats_reg_g30b150,,False,CATS,150,regions,MultiMinded,1000,MaxIter,120.36999999999534,2566.974,4,2112.56,626.02300000000002,2285.639,2582.3129971654275,211.78750638441545,309.52286494491045,1,29,50,86,64
11,30,36,LinearHeuristicAuction,0.1,0.08,,True,,1000,10800,cats_reg_g30b150,,False,CATS,150,regions,MultiMinded,63,Balance,6.619999999995343,2431.6115,4,2098.81,721.22149999999999,2431.6115,2270.2221174794022,2053.8556674794017,2442.1436485840809,1,29,60,77,66
12,30,32,LinearHeuristicAuction,0.1,0.08,,True,,1000,10800,cats_reg_g30b150,,False,CATS,150,regions,MultiMinded,636,Balance,75.08999999999651,1865.81568,7,1645.15,855.13049999999998,1787.8909999999998,1835.5188671103592,1316.4079635282758,1488.8363008129688,1,30,108,82,62
13,30,35,LinearHeuristicAuction,0.1,0.08,,True,,1000,10800,cats_reg_g30b150,,False,CATS,150,regions,MultiMinded,92,Balance,10.460000000020955,1773.5022000000001,5,1494.31,678.60900000000004,1756.9776,1741.1354502391252,1496.5244974809984,1899.2210659572283,1,30,145,91,65
14,30,32,LinearHeuristicAuction,0.1,0.08,,True,,1000,10800,cats_reg_g30b150,,False,CATS,150,regions,MultiMinded,108,Balance,11.619999999995343,1980.1873000000003,6,1559.99,631.08900000000006,1980.1873000000003,1871.4067760363675,1517.9969360363675,1704.4990926891819,1,29,11,76,62
15,30,36,LinearHeuristicAuction,0.1,0.08,,True,,1000,10800,cats_reg_g30b150,,False,CATS,150,regions,MultiMinded,73,Balance,8.320000000006985,2512.4141000000004,3,2312.23,781.00699999999995,2512.4141000000004,2518.6901692578126,2284.3880692578123,2301.7984346773906,1,29,26,77,66
16,30,34,LinearHeuristicAuction,0.1,0.08,,True,,1000,10800,cats_reg_g30b150,,False,CATS,150,regions,MultiMinded,206,Balance,23.35000000000582,1929.452,7,1789.44,584.255,1845.8446000000001,1877.8079118103851,1571.9904656057568,1643.3202245280868,1,28,33,85,64
17,30,33,LinearHeuristicAuction,0.1,0.08,,True,,1000,10800,cats_reg_g30b150,,False,CATS,150,regions,MultiMinded,96,Balance,10.639999999984866,1934.7395999999999,7,1626.95,730.93200000000002,1934.7395999999999,2020.1981505844367,1593.6962622680032,1647.5215946796416,1,30,36,81,63
18,30,34,LinearHeuristicAuction,0.1,0.08,,True,,1000,10800,cats_reg_g30b150,,False,CATS,150,regions,MultiMinded,79,Balance,8.329999999987194,2504.1384,4,1818.33,781.33600000000001,2504.1384,2521.9404260170786,2242.8132687300958,2340.8202670910687,1,29,15,77,64
19,30,36,LinearHeuristicAuction,0.1,0.08,,True,,1000,10800,cats_reg_g30b150,,False,CATS,150,regions,MultiMinded,45,Balance,4.519999999989523,2560.7110000000002,11,1508.06,549.71399999999994,2557.321,2284.4367341672405,1800.6884141672408,2179.2821280198373,1,28,23,76,66
20,30,37,LinearHeuristicAuction,0.1,0.08,,True,,1000,10800,cats_reg_g30b150,,False,CATS,150,regions,MultiMinded,88,Balance,9.070000000006985,1801.7813999999998,10,1490.47,395.125,1789.0344,1781.8823716298612,1408.1801487660553,1580.7713943520453,1,30,78,93,67
21,30,33,LinearHeuristicAuction,0.1,0.08,,True,,1000,10800,cats_reg_g30b150,,False,CATS,150,regions,MultiMinded,140,Balance,15.75,1553.7635,3,1374.19,778.39550000000008,1553.7635,1570.0065979554668,1350.2959138304755,1391.2188081821259,1,30,55,75,63
22,30,38,LinearHeuristicAuction,0.1,0.08,,True,,1000,10800,cats_reg_g30b150,,False,CATS,150,regions,MultiMinded,1000,MaxIter,118.30000000001746,2312.252,5,2123.59,638.69949999999994,2069.8997,2372.2068662885104,908.18945038632648,925.63442627377583,1,29,37,90,68
23,30,38,LinearHeuristicAuction,0.1,0.08,,True,,1000,10800,cats_reg_g30b150,,False,CATS,150,regions,MultiMinded,85,Balance,9.220000000001164,2354.8725,7,1818.1,597.00800000000004,2354.8725,2171.3045841005851,1859.290696637057,2062.4746580821752,1,29,16,87,68
24,30,35,LinearHeuristicAuction,0.1,0.08,,True,,1000,10800,cats_reg_g30b150,,False,CATS,150,regions,MultiMinded,1000,MaxIter,115.79999999998836,1892.4884,5,1241.36,538.58849999999995,1491.9232000000002,1893.1384660336873,64.994109864350577,161.26527603958024,1,30,75,90,65
25,30,33,LinearHeuristicAuction,0.1,0.08,,True,,1000,10800,cats_reg_g30b150,,False,CATS,150,regions,MultiMinded,157,Balance,18.019999999989523,1741.0822999999998,4,1538.41,861.41849999999999,1692.8544000000002,1651.1942277122798,1471.1216913340743,1749.9514198209363,1,29,101,81,63
26,30,34,LinearHeuristicAuction,0.1,0.08,,True,,1000,10800,cats_reg_g30b150,,False,CATS,150,regions,MultiMinded,1000,MaxIter,104.88999999998487,2008.668,8,1919.5,424.82100000000003,1664.7078999999999,1998.238178568276,325.41159439765005,403.35205610278297,1,29,23,79,64
27,30,32,LinearHeuristicAuction,0.1,0.08,,True,,1000,10800,cats_reg_g30b150,,False,CATS,150,regions,MultiMinded,181,Balance,18.30999999999767,2175.2061,5,1890.21,644.31150000000002,2107.6371,2186.0981410783347,1942.8835584050657,1951.059573151013,1,28,31,81,62
28,30,37,LinearHeuristicAuction,0.1,0.08,,True,,1000,10800,cats_reg_g30b150,,False,CATS,150,regions,MultiMinded,76,Balance,7.929999999993015,2040.43179,9,1615.6,517.23699999999997,1991.07949,2029.0751445504459,1675.8782609149232,1790.0330358209744,1,29,30,79,67
29,30,33,LinearHeuristicAuction,0.1,0.08,,True,,1000,10800,cats_reg_g30b150,,False,CATS,150,regions,MultiMinded,1000,MaxIter,121.48999999999069,2111.632,4,1854.64,708.57899999999995,1663.682,2259.4031228015533,31.943364133121833,92.220404430369214,1,30,114,91,63
30,30,35,LinearHeuristicAuction,0.1,0.08,,True,,1000,10800,cats_reg_g30b150,,False,CATS,150,regions,MultiMinded,286,Balance,31.0,2323.0769999999998,8,1594.17,462.18150000000003,2323.0769999999998,2120.7642645152955,1797.2372145152958,2018.8610040426047,1,28,48,87,65
31,30,34,LinearHeuristicAuction,0.1,0.08,,True,,1000,10800,cats_reg_g30b150,,False,CATS,150,regions,MultiMinded,60,Balance,6.149999999994179,2659.4860000000003,6,2167.09,585.07799999999997,2659.4860000000003,2507.5415582080077,2273.5103582080083,2485.9645969626231,1,26,6,73,64
32,30,37,LinearHeuristicAuction,0.1,0.08,,True,,1000,10800,cats_reg_g30b150,,False,CATS,150,regions,MultiMinded,62,Balance,6.489999999990687,1999.8556999999998,8,1545.46,522.50199999999995,1910.9342000000001,1967.3846672830496,1596.1913499738253,1662.2501506713952,1,30,24,86,67
33,30,37,LinearHeuristicAuction,0.1,0.08,,True,,1000,10800,cats_reg_g30b150,,False,CATS,150,regions,MultiMinded,77,Balance,7.929999999993015,1805.9524000000001,9,1582.17,487.50400000000002,1725.9506999999999,1697.2041756916863,1328.0912957431517,1461.9513013647284,1,29,18,89,67
34,30,39,LinearHeuristicAuction,0.1,0.08,,True,,1000,10800,cats_reg_g30b150,,False,CATS,150,regions,MultiMinded,1000,MaxIter,125.29000000000815,1983.6001999999999,4,1564.76,623.41200000000003,1459.304,2054.7995339830836,51.927938957318204,55.086740243234388,1,30,60,94,69
35,30,38,LinearHeuristicAuction,0.1,0.08,,True,,1000,10800,cats_reg_g30b150,,False,CATS,150,regions,MultiMinded,451,Balance,52.889999999984866,2341.4052,8,1755.59,637.298,2341.4052,2356.6824149376253,1859.5899749376256,1941.7089061427971,1,29,15,97,68
36,30,33,LinearHeuristicAuction,0.1,0.08,,True,,1000,10800,cats_reg_g30b150,,False,CATS,150,regions,MultiMinded,1000,MaxIter,118.63000000000466,2136.9992,3,1693.26,587.83249999999998,1856.5518,2168.2935136832366,78.049102540458591,130.86938742828116,1,29,30,88,63
37,30,34,LinearHeuristicAuction,0.1,0.08,,True,,1000,10800,cats_reg_g30b150,,False,CATS,150,regions,MultiMinded,442,Balance,51.35000000000582,1991.3467,8,1812.59,701.23299999999995,1969.7631000000001,1962.3306647589923,1471.9488770504956,1600.5130498347512,1,30,73,84,64
38,30,40,LinearHeuristicAuction,0.1,0.08,,True,,1000,10800,cats_reg_g30b150,,False,CATS,150,regions,MultiMinded,62,Balance,6.649999999994179,2724.0288,6,2153.9,576.38300000000004,2724.0288,2547.3334711606299,2259.1419711606295,2547.9121690043607,1,29,30,84,70
39,30,30,LinearHeuristicAuction,0.1,0.08,,True,,1000,10800,cats_reg_g30b150,,False,CATS,150,regions,MultiMinded,130,Balance,13.690000000002328,1968.0602,4,1918.66,764.726,1968.0602,1988.3736469966057,1697.5811443162802,1812.0243408802091,1,30,45,74,60
40,30,33,LinearHeuristicAuction,0.1,0.08,,True,,1000,10800,cats_reg_g30b150,,False,CATS,150,regions,MultiMinded,83,Balance,8.889999999984866,1942.0583000000001,3,1674.34,688.69799999999998,1942.0583000000001,1968.8738834639698,1764.1629235983676,1801.2459847015798,1,30,16,78,63
41,30,35,LinearHeuristicAuction,0.1,0.08,,True,,1000,10800,cats_reg_g30b150,,False,CATS,150,regions,MultiMinded,92,Balance,9.739999999990687,1877.7214099999999,7,1423.29,646.35299999999995,1831.2470099999998,1844.8114331512775,1515.4666163015977,1709.3656995488386,1,29,69,80,65
42,30,32,LinearHeuristicAuction,0.1,0.08,,True,,1000,10800,cats_reg_g30b150,,False,CATS,150,regions,MultiMinded,99,Balance,10.620000000024447,2111.841,4,1703.5,646.17399999999998,2111.841,2144.3822908231123,1908.3891534490883,1968.8017454868439,1,30,51,80,62
43,30,40,LinearHeuristicAuction,0.1,0.08,,True,,1000,10800,cats_reg_g30b150,,False,CATS,150,regions,MultiMinded,129,Balance,14.410000000003492,2446.7208,6,1927.69,685.90899999999999,2446.7208,2217.7280649041186,1888.4917449041186,2182.4052643696614,1,29,49,91,70
44,30,35,LinearHeuristicAuction,0.1,0.08,,True,,1000,10800,cats_reg_g30b150,,False,CATS,150,regions,MultiMinded,125,Balance,13.799999999988358,1711.1515999999997,7,1299.51,651.40899999999999,1646.6236,1616.7051330620552,1173.747013062055,1350.0069183906814,1,30,73,86,65
45,30,38,LinearHeuristicAuction,0.1,0.08,,True,,1000,10800,cats_reg_g30b150,,False,CATS,150,regions,MultiMinded,1000,MaxIter,123.16000000000349,2034.5094,3,1828.07,742.07299999999998,1865.0793999999999,2047.6630721107304,0.0,15.278695200054187,1,30,43,94,68
46,30,31,LinearHeuristicAuction,0.1,0.08,,True,,1000,10800,cats_reg_g30b150,,False,CATS,150,regions,MultiMinded,60,Balance,6.220000000001164,2564.0325000000003,4,2373.4,807.26099999999997,2564.0325000000003,2447.2028072665416,2266.8353054495365,2445.4215727955939,1,29,25,70,61
47,30,37,LinearHeuristicAuction,0.1,0.08,,True,,1000,10800,cats_reg_g30b150,,False,CATS,150,regions,MultiMinded,101,Balance,10.790000000008149,2233.1322,10,1669.44,664.97900000000004,2193.8092,2067.9417814766716,1505.8607046708864,1778.8082931952645,1,30,63,82,67
48,30,35,LinearHeuristicAuction,0.1,0.08,,True,,1000,10800,cats_reg_g30b150,,False,CATS,150,regions,MultiMinded,82,Balance,9.570000000006985,2069.4358,7,1826.01,556.24350000000004,2050.2718,2041.5379677495996,1676.7669453817664,1816.7944213925207,1,30,29,87,65
49,30,30,LinearHeuristicAuction,0.1,0.08,,True,,1000,10800,cats_reg_g30b150,,False,CATS,150,regions,MultiMinded,78,Balance,8.070000000006985,1979.7895999999998,8,1594.07,673.82600000000002,1974.7225999999998,1953.4885772834032,1569.9924448410122,1706.2944947839419,1,29,24,73,60
50,30,33,LinearHeuristicAuction,0.1,0.08,,True,,1000,10800,cats_reg_g30b150,,False,CATS,150,regions,MultiMinded,129,Balance,13.470000000001164,2110.6722999999997,7,1335.35,460.47550000000001,2110.6722999999997,2023.435828813436,1747.150528813436,1948.5140114513335,1,29,53,86,63
51,30,37,LinearHeuristicAuction,0.1,0.08,,True,,1000,10800,cats_reg_g30b150,,False,CATS,150,regions,MultiMinded,60,Balance,6.440000000002328,2245.4244000000003,6,1882.26,597.73699999999997,2245.4244000000003,2207.5107600224692,1908.6422600224689,1961.4605089153551,1,28,24,87,67
52,30,32,LinearHeuristicAuction,0.1,0.08,,True,,1000,10800,cats_reg_g30b150,,False,CATS,150,regions,MultiMinded,77,Balance,7.709999999991851,1756.6213,5,1409.87,556.45500000000004,1694.7150000000001,1665.7158522491764,1398.6174522491765,1586.9389011944188,1,29,44,71,62
53,30,34,LinearHeuristicAuction,0.1,0.08,,True,,1000,10800,cats_reg_g30b150,,False,CATS,150,regions,MultiMinded,79,Balance,8.0,2325.6629000000003,6,1796.97,570.23000000000002,2248.7839000000004,2114.4123125012334,1840.7019125012341,2049.574590404879,1,29,60,72,64
54,30,37,LinearHeuristicAuction,0.1,0.08,,True,,1000,10800,cats_reg_g30b150,,False,CATS,150,regions,MultiMinded,130,Balance,14.919999999983702,2355.424,4,2152.9,670.553,2343.7718,2303.6874114646175,2115.9325714646175,2184.3105425628682,1,28,42,91,67
55,30,33,LinearHeuristicAuction,0.1,0.08,,True,,1000,10800,cats_reg_g30b150,,False,CATS,150,regions,MultiMinded,145,Balance,15.709999999991851,2078.1524999999997,10,1352.37,548.28150000000005,2078.1524999999997,2069.7253130615236,1557.9756983223981,1608.0036368092437,1,30,32,84,63
56,30,39,LinearHeuristicAuction,0.1,0.08,,True,,1000,10800,cats_reg_g30b150,,False,CATS,150,regions,MultiMinded,143,Balance,16.93000000002212,1893.3772000000004,10,1498.24,591.42200000000003,1813.151,1814.6170659365741,1282.3372659365741,1401.3864465200431,1,29,31,91,69
57,30,36,LinearHeuristicAuction,0.1,0.08,,True,,1000,10800,cats_reg_g30b150,,False,CATS,150,regions,MultiMinded,59,Balance,6.119999999995343,1899.5301999999997,8,1604.44,621.16750000000002,1899.5301999999997,1947.6794578119859,1469.5145811825601,1613.3937742111566,1,30,65,83,66
58,30,36,LinearHeuristicAuction,0.1,0.08,,True,,1000,10800,cats_reg_g30b150,,False,CATS,150,regions,MultiMinded,224,Balance,27.179999999993015,2429.6093,6,2057.42,832.86300000000006,2429.6093,2328.0851466594218,1913.9494868472184,2047.1845815660226,1,29,22,85,66
59,30,39,LinearHeuristicAuction,0.1,0.08,,True,,1000,10800,cats_reg_g30b150,,False,CATS,150,regions,MultiMinded,157,Balance,19.18000000002212,2064.9126,5,1772.9,622.28800000000001,2023.1066,2006.1698911089577,1714.6742225358073,1916.7015436637409,1,30,91,90,69
60,30,35,LinearHeuristicAuction,0.1,0.08,,True,,1000,10800,cats_reg_g30b150,,False,CATS,150,regions,MultiMinded,77,Balance,7.7000000000116415,1956.0875,3,1842.74,450.80399999999997,1936.1575,1913.7904609575692,1832.6457409575692,1923.2192693333836,1,28,48,76,65
61,30,37,LinearHeuristicAuction,0.1,0.08,,True,,1000,10800,cats_reg_g30b150,,False,CATS,150,regions,MultiMinded,141,Balance,16.25999999998021,1951.6029999999998,10,1560.47,530.9905,1850.5417999999997,1981.736165299872,1514.1810317616066,1580.044230463013,1,30,43,94,67
62,30,34,LinearHeuristicAuction,0.1,0.08,,True,,1000,10800,cats_reg_g30b150,,False,CATS,150,regions,MultiMinded,139,Balance,15.160000000003492,1978.0167,7,1737.89,582.94900000000007,1977.3040999999998,1909.9422458984402,1533.2463685893024,1675.8883058020551,1,30,40,77,64
63,30,30,LinearHeuristicAuction,0.1,0.08,,True,,1000,10800,cats_reg_g30b150,,False,CATS,150,regions,MultiMinded,87,Balance,9.329999999987194,2547.4234,5,1821.34,869.476,2547.4234,2542.2627563897477,2194.4723563897473,2399.701987154046,1,29,66,73,60
64,30,34,LinearHeuristicAuction,0.1,0.08,,True,,1000,10800,cats_reg_g30b150,,False,CATS,150,regions,MultiMinded,91,Balance,10.060000000026776,2427.9729,11,1844.14,792.92899999999997,2368.9150999999997,2245.254123743186,1459.1928466603172,1808.1268967379397,1,30,75,84,64
65,30,36,LinearHeuristicAuction,0.1,0.08,,True,,1000,10800,cats_reg_g30b150,,False,CATS,150,regions,MultiMinded,1000,MaxIter,120.89999999999418,2209.3287,5,1779.98,732.52250000000004,1623.2435,2253.9699729797348,27.826957145610649,94.099194403802542,1,29,29,91,66
66,30,30,LinearHeuristicAuction,0.1,0.08,,True,,1000,10800,cats_reg_g30b150,,False,CATS,150,regions,MultiMinded,120,Balance,12.679999999993015,2387.3904,2,2290.03,553.03500000000008,2387.3904,2341.2925518032948,2241.7462518032949,2294.8638518032949,1,29,25,71,60
67,30,41,LinearHeuristicAuction,0.1,0.08,,True,,1000,10800,cats_reg_g30b150,,False,CATS,150,regions,MultiMinded,1000,MaxIter,109.01000000000931,2130.5865999999996,8,1569.3,447.20299999999997,2107.1669,2039.107876166142,1637.6101486079858,1788.9878515070031,1,29,13,96,71
68,30,34,LinearHeuristicAuction,0.1,0.08,,True,,1000,10800,cats_reg_g30b150,,False,CATS,150,regions,MultiMinded,112,Balance,11.580000000016298,1871.0335999999998,8,1491.62,623.48450000000003,1871.0335999999998,1907.746276236217,1479.8627613983758,1554.614735118425,1,30,49,86,64
69,30,34,LinearHeuristicAuction,0.1,0.08,,True,,1000,10800,cats_reg_g30b150,,False,CATS,150,regions,MultiMinded,96,Balance,11.080000000016298,2248.1536,8,1918.69,909.28949999999998,2248.1536,2152.9197625465686,1618.916542873242,1928.5273043788216,1,29,44,78,64
70,30,32,LinearHeuristicAuction,0.1,0.08,,True,,1000,10800,cats_reg_g30b150,,False,CATS,150,regions,MultiMinded,100,Balance,10.989999999990687,2074.3614,4,1794.89,671.03600000000006,1998.6884,1965.1773095757294,1769.6672716814651,1954.4154298316607,1,30,74,70,62
71,30,30,LinearHeuristicAuction,0.1,0.08,,True,,1000,10800,cats_reg_g30b150,,False,CATS,150,regions,MultiMinded,1000,MaxIter,113.91000000000349,2107.4125,3,1919.92,672.68100000000004,1049.8890000000001,2188.0944648384184,25.066584833009358,41.556430336962308,1,29,26,82,60
72,30,35,LinearHeuristicAuction,0.1,0.08,,True,,1000,10800,cats_reg_g30b150,,False,CATS,150,regions,MultiMinded,81,Balance,7.970000000001164,1946.4843000000003,8,1216.53,554.09649999999999,1862.8493,1851.2589495020047,1480.3202908907504,1603.1171065203157,1,30,22,75,65
73,30,35,LinearHeuristicAuction,0.1,0.08,,True,,1000,10800,cats_reg_g30b150,,False,CATS,150,regions,MultiMinded,1000,MaxIter,107.88999999998487,1852.6272999999999,4,1445.38,663.03899999999999,1495.3512,1897.7079118965821,2.2751901527082339,76.303851348404777,1,30,57,85,65
74,30,31,LinearHeuristicAuction,0.1,0.08,,True,,1000,10800,cats_reg_g30b150,,False,CATS,150,regions,MultiMinded,97,Balance,10.430000000022119,2020.0417,6,1744.34,781.83899999999994,2020.0417,2064.1569728848162,1640.020669088954,1678.4508923105468,1,30,17,72,61
75,30,39,LinearHeuristicAuction,0.1,0.08,,True,,1000,10800,cats_reg_g30b150,,False,CATS,150,regions,MultiMinded,1000,MaxIter,126.11000000001513,2549.9302,4,1890.83,637.39099999999996,2081.0525,2582.6286540496767,0.0,75.40260731111681,1,30,89,100,69
76,30,36,LinearHeuristicAuction,0.1,0.08,,True,,1000,10800,cats_reg_g30b150,,False,CATS,150,regions,MultiMinded,1000,MaxIter,116.4200000000128,1970.4382,2,1633.82,405.01099999999997,1741.397,2015.4744236259235,56.701540000000001,75.923622874383071,1,30,58,85,66
77,30,34,LinearHeuristicAuction,0.1,0.08,,True,,1000,10800,cats_reg_g30b150,,False,CATS,150,regions,MultiMinded,106,Balance,12.35000000000582,1646.3148,6,1576.38,831.28949999999998,1602.3807,1711.665489419483,1290.7206555002938,1355.9608278709663,1,30,53,74,64
78,30,34,LinearHeuristicAuction,0.1,0.08,,True,,1000,10800,cats_reg_g30b150,,False,CATS,150,regions,MultiMinded,86,Balance,9.220000000001164,2412.1546,7,1881.66,768.41550000000007,2305.4481,2415.8603432518398,1954.811043251839,2066.9566751647776,1,29,22,81,64
79,30,29,LinearHeuristicAuction,0.1,0.08,,True,,1000,10800,cats_reg_g30b150,,False,CATS,150,regions,MultiMinded,172,Balance,18.630000000004657,2267.359,5,2060.3,919.01300000000003,2255.609,2310.2805736366845,1850.7740736366843,1931.7359550943384,1,30,50,80,59
80,30,37,LinearHeuristicAuction,0.1,0.08,,True,,1000,10800,cats_reg_g30b150,,False,CATS,150,regions,MultiMinded,79,Balance,8.459999999991851,2112.5864,9,1592.54,576.49599999999998,1990.7174,2069.0472243052263,1607.8504243052266,1713.7131109857457,1,28,37,84,67
81,30,33,LinearHeuristicAuction,0.1,0.08,,True,,1000,10800,cats_reg_g30b150,,False,CATS,150,regions,MultiMinded,79,Balance,8.690000000002328,1652.215,4,1316.69,725.81600000000003,1650.6599999999999,1593.0497919835291,1329.8532405132378,1435.4815964492309,1,30,46,71,63
82,30,35,LinearHeuristicAuction,0.1,0.08,,True,,1000,10800,cats_reg_g30b150,,False,CATS,150,regions,MultiMinded,1000,MaxIter,123.20999999999185,2109.0315,3,1900.31,619.13249999999994,1170.8374999999999,2167.5654828856491,51.685384874803717,91.976049362964105,1,30,26,93,65
83,30,32,LinearHeuristicAuction,0.1,0.08,,True,,1000,10800,cats_reg_g30b150,,False,CATS,150,regions,MultiMinded,102,Balance,11.279999999998836,2576.43019,7,2027.96,1059.6700000000001,2576.43019,2552.5629619411629,1983.17947051287,2062.9833135963463,1,30,26,77,62
84,30,34,LinearHeuristicAuction,0.1,0.08,,True,,1000,10800,cats_reg_g30b150,,False,CATS,150,regions,MultiMinded,98,Balance,10.470000000001164,1983.6759000000002,8,1485.27,650.14099999999996,1970.4728,1967.2299994803991,1527.5488427007372,1696.2254299876711,1,30,40,83,64
85,30,33,LinearHeuristicAuction,0.1,0.08,,True,,1000,10800,cats_reg_g30b150,,False,CATS,150,regions,MultiMinded,77,Balance,7.829999999987194,1650.3177,5,1136.81,534.83399999999995,1650.3177,1606.6865980662142,1361.3785824928132,1450.9320565500711,1,30,37,80,63
86,30,37,LinearHeuristicAuction,0.1,0.08,,True,,1000,10800,cats_reg_g30b150,,False,CATS,150,regions,MultiMinded,97,Balance,10.14999999999418,2073.2363,6,1605.13,504.47649999999999,2069.3503,1975.215296570841,1682.618926570841,1823.2147239216331,1,30,1,78,67
87,30,34,LinearHeuristicAuction,0.1,0.08,,True,,1000,10800,cats_reg_g30b150,,False,CATS,150,regions,MultiMinded,1000,MaxIter,112.44000000000233,2161.5317,4,1611.82,461.19499999999999,1780.7587,2118.4428149677688,44.775790210618155,157.90426046439023,1,30,30,88,64
88,30,35,LinearHeuristicAuction,0.1,0.08,,True,,1000,10800,cats_reg_g30b150,,False,CATS,150,regions,MultiMinded,72,Balance,7.720000000001164,1960.6723,6,1579.4,529.16499999999996,1921.4421000000002,1916.1792718865847,1692.1141646759111,1810.1709268162035,1,29,43,81,65
89,30,40,LinearHeuristicAuction,0.1,0.08,,True,,1000,10800,cats_reg_g30b150,,False,CATS,150,regions,MultiMinded,74,Balance,8.019999999989523,2103.4608,12,1324.86,455.78500000000003,2103.4608,1802.4042067241119,1392.1977067241121,1748.540722282828,1,27,17,86,70
90,30,36,LinearHeuristicAuction,0.1,0.08,,True,,1000,10800,cats_reg_g30b150,,False,CATS,150,regions,MultiMinded,207,Balance,22.50999999998021,2252.2093,7,1749.09,686.99800000000005,2252.2093,2125.4605186793879,1770.1153126549343,1902.0193518388617,1,29,2,89,66
91,30,37,LinearHeuristicAuction,0.1,0.08,,True,,1000,10800,cats_reg_g30b150,,False,CATS,150,regions,MultiMinded,74,Balance,7.309999999997672,2533.4677,11,1557.05,605.50300000000004,2433.7927999999997,2250.8316814822774,1681.658861482277,1997.2139371649296,1,29,28,76,67
92,30,37,LinearHeuristicAuction,0.1,0.08,,True,,1000,10800,cats_reg_g30b150,,False,CATS,150,regions,MultiMinded,109,Balance,11.540000000008149,2087.0795,9,1557.29,467.12700000000001,2087.0795,2021.2045700391031,1617.2589281290755,1757.083965199148,1,30,53,86,67
93,30,34,LinearHeuristicAuction,0.1,0.08,,True,,1000,10800,cats_reg_g30b150,,False,CATS,150,regions,MultiMinded,127,Balance,12.410000000003492,2220.4165999999996,8,1477.09,531.97949999999992,2105.9327,2041.71983101613,1633.3759502481184,1859.5900102210674,1,30,47,83,64
94,30,33,LinearHeuristicAuction,0.1,0.08,,True,,1000,10800,cats_reg_g30b150,,False,CATS,150,regions,MultiMinded,207,Balance,22.29999999998836,2089.1439,7,1850.23,583.02999999999997,1989.02329,1989.8825373301636,1698.7361796019572,1893.9843527774985,1,28,54,80,63
95,30,36,LinearHeuristicAuction,0.1,0.08,,True,,1000,10800,cats_reg_g30b150,,False,CATS,150,regions,MultiMinded,280,Balance,30.85000000000582,2218.1557,7,1747.55,732.99250000000006,2218.1557,2182.9587582178992,1701.2042489777277,1858.4809132745208,1,30,73,89,66
96,30,33,LinearHeuristicAuction,0.1,0.08,,True,,1000,10800,cats_reg_g30b150,,False,CATS,150,regions,MultiMinded,135,Balance,14.89999999999418,1873.9284000000002,4,1690.89,555.43200000000002,1873.9284000000002,1908.2617430073492,1707.4215622746735,1797.5593761842549,1,29,78,82,63
97,30,37,LinearHeuristicAuction,0.1,0.08,,True,,1000,10800,cats_reg_g30b150,,False,CATS,150,regions,MultiMinded,118,Balance,13.050000000017462,1853.4531000000002,11,1334.16,635.36699999999996,1803.3401000000001,1828.8824139399273,1264.5700431586306,1366.6886454723428,1,29,19,88,67
98,30,36,LinearHeuristicAuction,0.1,0.08,,True,,1000,10800,cats_reg_g30b150,,False,CATS,150,regions,MultiMinded,82,Balance,8.970000000001164,2779.0163,8,2131.76,620.35799999999995,2779.0163,2730.1724716788758,2246.2932316788756,2380.8859369368192,1,30,32,80,66
99,30,37,LinearHeuristicAuction,0.1,0.08,,True,,1000,10800,cats_reg_g30b150,,False,CATS,150,regions,MultiMinded,539,Balance,59.70000000001164,2286.8288000000002,5,1573.72,543.00099999999998,2286.8288000000002,2280.8612337199638,2063.6608337199636,2159.521288266777,1,28,31,86,67
100,30,32,LinearHeuristicAuction,0.1,0.08,,True,,1000,10800,cats_reg_g30b150,,False,CATS,150,regions,MultiMinded,137,Balance,14.839999999996508,1906.0085,9,1496.95,591.39400000000001,1906.0085,1849.783717868364,1320.8063957525005,1443.3412203802552,1,30,27,85,62
