idx,items,agents,auction_class,epsilon,stepc,epoch,scalebyvalue,reserve_type,maxiter,maxtime,generator_param_name,personalized,int_prices,generator,bids,distribution,type,rounds,status,runtime,efficient_value,final_num_winners,final_max_agent_value,final_scalevalue,final_value,final_total_price,final_revenue,final_indirect_util,final_price_degree,final_price_sparsity,final_imbalance,final_wd_nvars,final_wd_ncons
1,10,17,LinearHeuristicAuction,0.05,0.02,,True,,1000,10800,cats_reg_g10b50,,False,CATS,50,regions,MultiMinded,39,Balance,1.4100000000034925,681.0817,4,513.163,288.52699999999999,681.0817,674.29894139099747,616.59354139099742,626.79439942519912,1,10,14,40,27
2,10,19,LinearHeuristicAuction,0.05,0.02,,True,,1000,10800,cats_reg_g10b50,,False,CATS,50,regions,MultiMinded,527,Balance,20.39999999999418,734.1289999999999,2,640.313,226.71899999999999,732.193,677.15569085615834,654.48379085615829,728.23244217164302,1,10,13,42,29
3,10,17,LinearHeuristicAuction,0.05,0.02,,True,,1000,10800,cats_reg_g10b50,,False,CATS,50,regions,MultiMinded,319,Balance,11.329999999987194,804.4359999999999,3,797.452,310.25200000000001,804.4359999999999,824.87957007088505,778.34177007088499,782.59343496956467,1,10,29,39,27
4,10,14,LinearHeuristicAuction,0.05,0.02,,True,,1000,10800,cats_reg_g10b50,,False,CATS,50,regions,MultiMinded,21,Balance,0.6300000000046566,574.909,2,568.922,272.93700000000001,574.909,578.77759946916603,551.48389946916609,565.08931459636563,1,10,8,28,24
5,10,21,LinearHeuristicAuction,0.05,0.02,,True,,1000,10800,cats_reg_g10b50,,False,CATS,50,regions,MultiMinded,125,Balance,4.7299999999813735,650.6363,2,619.701,342.60149999999999,650.6363,649.28738781865002,615.02723781864995,623.30864871247513,1,10,17,42,31
6,10,17,LinearHeuristicAuction,0.05,0.02,,True,,1000,10800,cats_reg_g10b50,,False,CATS,50,regions,MultiMinded,1000,MaxIter,35.60999999998603,834.2848,1,784.19,470.66899999999998,784.19,886.08261612110437,0,3.2215677577910924,1,10,10,36,27
7,10,21,LinearHeuristicAuction,0.05,0.02,,True,,1000,10800,cats_reg_g10b50,,False,CATS,50,regions,MultiMinded,1000,MaxIter,40.05999999999767,854.667,4,696.341,343.76999999999998,809.1469999999999,873.70673295339077,560.3884541411752,560.3884541411752,1,10,22,46,31
8,10,18,LinearHeuristicAuction,0.05,0.02,,True,,1000,10800,cats_reg_g10b50,,False,CATS,50,regions,MultiMinded,684,Balance,25.49000000001979,663.572,3,592.441,275.35000000000002,663.572,648.13357690422242,606.83107690422241,622.67876965621383,1,10,11,38,28
9,10,18,LinearHeuristicAuction,0.05,0.02,,True,,1000,10800,cats_reg_g10b50,,False,CATS,50,regions,MultiMinded,12,Balance,0.4299999999930151,724.6032999999999,4,611.583,280.12,724.6032999999999,637.65786628928458,581.6338662892847,679.68060547102357,1,10,3,38,28
10,10,23,LinearHeuristicAuction,0.05,0.02,,True,,1000,10800,cats_reg_g10b50,,False,CATS,50,regions,MultiMinded,16,Balance,0.6499999999941792,946.3547,4,784.828,433.57950000000005,946.3547,936.75688102305719,850.04098102305716,895.89953222016675,1,10,5,47,33
11,10,16,LinearHeuristicAuction,0.05,0.02,,True,,1000,10800,cats_reg_g10b50,,False,CATS,50,regions,MultiMinded,37,Balance,1.3999999999941792,724.662,1,724.662,403.49950000000001,724.662,741.99898242976917,721.82400742976915,721.82400742976915,1,10,10,36,26
12,10,16,LinearHeuristicAuction,0.05,0.02,,True,,1000,10800,cats_reg_g10b50,,False,CATS,50,regions,MultiMinded,25,Balance,0.8699999999953434,522.114,1,522.114,283.13549999999998,522.114,519.77738261265404,505.62060761265406,519.22619872053735,1,10,13,35,26
13,10,17,LinearHeuristicAuction,0.05,0.02,,True,,1000,10800,cats_reg_g10b50,,False,CATS,50,regions,MultiMinded,91,Balance,3.3500000000058208,778.1078,2,718.401,353.04300000000001,778.1078,769.88333046790638,734.57903046790636,749.44965883444581,1,10,9,38,27
14,10,17,LinearHeuristicAuction,0.05,0.02,,True,,1000,10800,cats_reg_g10b50,,False,CATS,50,regions,MultiMinded,9,Balance,0.3099999999976717,588.9796,2,575.883,307.69200000000001,588.9796,600.75419056389069,574.48757465130905,589.69027690093799,1,10,22,34,27
15,10,17,LinearHeuristicAuction,0.05,0.02,,True,,1000,10800,cats_reg_g10b50,,False,CATS,50,regions,MultiMinded,209,Balance,7.539999999979045,634.994,2,600.13,422.91899999999998,634.994,632.84539094130537,590.55349094130543,598.92177608273175,1,10,27,35,27
16,10,26,LinearHeuristicAuction,0.05,0.02,,True,,1000,10800,cats_reg_g10b50,,False,CATS,50,regions,MultiMinded,26,Balance,1.1199999999953434,519.6692,2,485.933,278.584,519.6692,533.06371891028084,505.20531891028082,512.04819292880074,1,10,23,51,36
17,10,16,LinearHeuristicAuction,0.05,0.02,,True,,1000,10800,cats_reg_g10b50,,False,CATS,50,regions,MultiMinded,22,Balance,0.7799999999988358,910.0260000000001,3,815.656,322.738,910.0260000000001,906.05633967420499,857.64563967420497,886.75241700011941,1,10,11,35,26
18,10,18,LinearHeuristicAuction,0.05,0.02,,True,,1000,10800,cats_reg_g10b50,,False,CATS,50,regions,MultiMinded,1000,MaxIter,36.329999999987194,982.461,2,932.103,367.83500000000004,982.461,1013.9621821484761,94.113251416665705,94.426878209571427,1,10,21,40,28
19,10,19,LinearHeuristicAuction,0.05,0.02,,True,,1000,10800,cats_reg_g10b50,,False,CATS,50,regions,MultiMinded,1000,MaxIter,39.10000000000582,903.4849999999999,1,826.774,559.33850000000007,826.774,948.63503628318483,0,1.4079534980646713,1,10,10,42,29
20,10,21,LinearHeuristicAuction,0.05,0.02,,True,,1000,10800,cats_reg_g10b50,,False,CATS,50,regions,MultiMinded,1000,MaxIter,39.22999999998137,780.3014999999999,5,637.779,268.37200000000001,712.5854,695.28794407413034,413.50907703890488,509.00749059568102,1,10,9,45,31
21,10,17,LinearHeuristicAuction,0.05,0.02,,True,,1000,10800,cats_reg_g10b50,,False,CATS,50,regions,MultiMinded,16,Balance,0.5800000000162981,869.309,3,770.684,361.69299999999998,869.309,799.673307424585,745.41935742458497,829.0020771592757,1,10,8,40,27
22,10,16,LinearHeuristicAuction,0.05,0.02,,True,,1000,10800,cats_reg_g10b50,,False,CATS,50,regions,MultiMinded,1000,MaxIter,37.43000000002212,827.155,2,792.758,416.87799999999999,478.39,883.18855133874172,45.823287598089237,84.679634879634975,1,10,22,36,26
23,10,21,LinearHeuristicAuction,0.05,0.02,,True,,1000,10800,cats_reg_g10b50,,False,CATS,50,regions,MultiMinded,1000,MaxIter,39.44000000000233,926.9879999999999,5,813.726,269.07900000000001,913.9114999999999,882.46381141389816,699.22822505327508,763.40795798672241,1,10,5,48,31
24,10,23,LinearHeuristicAuction,0.05,0.02,,True,,1000,10800,cats_reg_g10b50,,False,CATS,50,regions,MultiMinded,1000,MaxIter,41.070000000006985,822.2049999999999,2,635.81,377.13200000000001,782.967,838.09735435682751,119.31385818843985,131.19460766322453,1,10,9,51,33
25,10,22,LinearHeuristicAuction,0.05,0.02,,True,,1000,10800,cats_reg_g10b50,,False,CATS,50,regions,MultiMinded,1000,MaxIter,38.76999999998952,534.8185,2,446.519,197.68200000000002,534.8185,528.21366690008813,39.566402404027777,78.433773891107833,1,10,15,47,32
26,10,17,LinearHeuristicAuction,0.05,0.02,,True,,1000,10800,cats_reg_g10b50,,False,CATS,50,regions,MultiMinded,38,Balance,1.320000000006985,716.487,1,716.487,299.23599999999999,716.487,709.09606197301048,694.13426197301044,702.45626546499625,1,10,5,35,27
27,10,17,LinearHeuristicAuction,0.05,0.02,,True,,1000,10800,cats_reg_g10b50,,False,CATS,50,regions,MultiMinded,266,Balance,9.549999999988358,811.1127,4,667.768,330.15700000000004,811.1127,809.33272535169635,743.30132535169651,748.55188710843322,1,10,13,39,27
28,10,18,LinearHeuristicAuction,0.05,0.02,,True,,1000,10800,cats_reg_g10b50,,False,CATS,50,regions,MultiMinded,92,Balance,3.360000000015134,818.682,1,802.322,385.84800000000001,802.322,819.96726794429287,800.67486794429283,823.71448399001838,1,10,34,41,28
29,10,20,LinearHeuristicAuction,0.05,0.02,,True,,1000,10800,cats_reg_g10b50,,False,CATS,50,regions,MultiMinded,63,Balance,2.389999999984866,767.6940999999999,1,746.709,446.00549999999998,746.709,743.14602564757968,720.84575064757973,751.99007923173951,1,10,10,42,30
30,10,18,LinearHeuristicAuction,0.05,0.02,,True,,1000,10800,cats_reg_g10b50,,False,CATS,50,regions,MultiMinded,1000,MaxIter,37.429999999993015,794.5821000000001,1,739.446,385.6635,584.308,853.42708565058547,0,1.5621304146515342,1,10,11,38,28
31,10,21,LinearHeuristicAuction,0.05,0.02,,True,,1000,10800,cats_reg_g10b50,,False,CATS,50,regions,MultiMinded,1000,MaxIter,38.95999999999185,818.388,4,733.06,325.495,714.5047,832.29243169178619,618.8718232758514,618.8718232758514,1,10,18,45,31
32,10,20,LinearHeuristicAuction,0.05,0.02,,True,,1000,10800,cats_reg_g10b50,,False,CATS,50,regions,MultiMinded,82,Balance,3.069999999977881,637.3713,4,533.498,304.15100000000001,637.3713,643.59606615888868,582.76586615888868,592.74103707348968,1,10,10,43,30
33,10,16,LinearHeuristicAuction,0.05,0.02,,True,,1000,10800,cats_reg_g10b50,,False,CATS,50,regions,MultiMinded,40,Balance,1.4100000000034925,560.5032,2,498.34,219.72300000000001,560.5032,526.23947364105447,504.26717364105451,540.34541633813137,1,10,5,34,26
34,10,20,LinearHeuristicAuction,0.05,0.02,,True,,1000,10800,cats_reg_g10b50,,False,CATS,50,regions,MultiMinded,147,Balance,5.710000000020955,726.3012,4,568.454,249.64099999999999,726.3012,618.391304081106,568.46310408110605,676.37300000000005,1,10,0,41,30
35,10,27,LinearHeuristicAuction,0.05,0.02,,True,,1000,10800,cats_reg_g10b50,,False,CATS,50,regions,MultiMinded,31,Balance,1.3399999999965075,858.175,2,722.988,380.87900000000002,858.175,840.69709315846626,802.60919315846627,841.03838384965047,1,10,5,53,37
36,10,17,LinearHeuristicAuction,0.05,0.02,,True,,1000,10800,cats_reg_g10b50,,False,CATS,50,regions,MultiMinded,78,Balance,2.8399999999965075,716.498,1,716.498,379.51999999999998,716.498,734.96225852599514,715.98625852599514,724.46852069758029,1,10,27,36,27
37,10,20,LinearHeuristicAuction,0.05,0.02,,True,,1000,10800,cats_reg_g10b50,,False,CATS,50,regions,MultiMinded,23,Balance,0.8299999999871943,824.835,3,630.222,329.92600000000004,824.835,705.32673911791164,655.83783911791159,775.34609999999998,1,10,0,40,30
38,10,18,LinearHeuristicAuction,0.05,0.02,,True,,1000,10800,cats_reg_g10b50,,False,CATS,50,regions,MultiMinded,87,Balance,3.1300000000046566,825.56,1,825.56,471.01400000000001,825.56,825.35587263896502,801.80517263896502,825.35901530993192,1,10,1,38,28
39,10,25,LinearHeuristicAuction,0.05,0.02,,True,,1000,10800,cats_reg_g10b50,,False,CATS,50,regions,MultiMinded,44,Balance,1.8399999999965075,948.5501,5,753.385,196.10050000000001,948.5501,803.95645973178921,754.93133473178943,908.74673066635239,1,10,1,48,35
40,10,22,LinearHeuristicAuction,0.05,0.02,,True,,1000,10800,cats_reg_g10b50,,False,CATS,50,regions,MultiMinded,1000,MaxIter,41.0800000000163,694.64,2,671.57,320.48500000000001,667.143,681.43876936385618,57.291822473959549,112.88275000000002,1,10,20,46,32
41,10,18,LinearHeuristicAuction,0.05,0.02,,True,,1000,10800,cats_reg_g10b50,,False,CATS,50,regions,MultiMinded,10,Balance,0.3700000000244472,919.5834,3,833.068,428.51799999999997,919.5834,877.35491607751499,813.077216077515,881.63988366890339,1,10,5,34,28
42,10,21,LinearHeuristicAuction,0.05,0.02,,True,,1000,10800,cats_reg_g10b50,,False,CATS,50,regions,MultiMinded,296,Balance,11.760000000009313,722.396,1,722.396,339.44,722.396,722.72527785333955,705.75327785333957,705.75327785333957,1,10,9,43,31
43,10,20,LinearHeuristicAuction,0.05,0.02,,True,,1000,10800,cats_reg_g10b50,,False,CATS,50,regions,MultiMinded,94,Balance,3.5899999999965075,820.8240000000001,2,681.374,265.63999999999999,820.8240000000001,791.52085544762542,764.95685544762534,794.80109977495181,1,10,5,42,30
44,10,19,LinearHeuristicAuction,0.05,0.02,,True,,1000,10800,cats_reg_g10b50,,False,CATS,50,regions,MultiMinded,1000,MaxIter,36.39999999999418,607.363,1,484.926,277.04599999999999,462.233,618.26684554439009,0,35.288061523428354,1,10,22,41,29
45,10,20,LinearHeuristicAuction,0.05,0.02,,True,,1000,10800,cats_reg_g10b50,,False,CATS,50,regions,MultiMinded,61,Balance,2.279999999998836,687.7891,5,510.577,285.93000000000001,687.7891,689.08769226712695,619.42060234484745,634.71889301221665,1,10,11,42,30
46,10,19,LinearHeuristicAuction,0.05,0.02,,True,,1000,10800,cats_reg_g10b50,,False,CATS,50,regions,MultiMinded,265,Balance,10.450000000011642,810.368,1,810.368,345.00850000000003,810.368,773.0948490247348,755.84442402473485,793.4952576287443,1,10,4,43,29
47,10,18,LinearHeuristicAuction,0.05,0.02,,True,,1000,10800,cats_reg_g10b50,,False,CATS,50,regions,MultiMinded,342,Balance,13.14999999999418,759.477,1,738.963,363.25599999999997,738.963,754.56745383643238,736.40465383643243,754.77246025640227,1,10,16,43,28
48,10,29,LinearHeuristicAuction,0.05,0.02,,True,,1000,10800,cats_reg_g10b50,,False,CATS,50,regions,MultiMinded,17,Balance,0.7900000000081491,726.774,3,661.833,328.96899999999999,726.774,729.47521376863119,680.12986376863125,687.9989126969416,1,10,9,61,39
49,10,23,LinearHeuristicAuction,0.05,0.02,,True,,1000,10800,cats_reg_g10b50,,False,CATS,50,regions,MultiMinded,79,Balance,3.2300000000104774,587.5914,6,462.576,216.20049999999998,587.5914,561.72784329897695,496.86769329897697,533.77275559604675,1,10,6,47,33
50,10,17,LinearHeuristicAuction,0.05,0.02,,True,,1000,10800,cats_reg_g10b50,,False,CATS,50,regions,MultiMinded,20,Balance,0.7099999999918509,945.836,4,681.012,323.851,945.836,884.56368989648649,819.79348989648656,881.23692825627825,1,10,4,34,27
51,10,25,LinearHeuristicAuction,0.05,0.02,,True,,1000,10800,cats_reg_g10b50,,False,CATS,50,regions,MultiMinded,47,Balance,1.9500000000116415,831.2631000000001,3,644.905,285.66050000000001,831.2631000000001,779.53573994532246,736.68666494532249,788.41402500000004,1,10,0,49,35
52,10,19,LinearHeuristicAuction,0.05,0.02,,True,,1000,10800,cats_reg_g10b50,,False,CATS,50,regions,MultiMinded,48,Balance,1.8299999999871943,608.391,1,608.391,276.31299999999999,608.391,602.21260897364175,588.39695897364174,595.47069127008081,1,10,2,40,29
53,10,21,LinearHeuristicAuction,0.05,0.02,,True,,1000,10800,cats_reg_g10b50,,False,CATS,50,regions,MultiMinded,1000,MaxIter,38.74000000001979,623.5598,1,612.518,167.23250000000002,593.971,635.777266449943,0,1.1734569111922895,1,10,12,46,31
54,10,20,LinearHeuristicAuction,0.05,0.02,,True,,1000,10800,cats_reg_g10b50,,False,CATS,50,regions,MultiMinded,140,Balance,5.570000000006985,1040.322,4,967.436,414.12850000000003,1040.322,990.83252622909845,908.00682622909846,967.50366613068354,1,10,11,48,30
55,10,17,LinearHeuristicAuction,0.05,0.02,,True,,1000,10800,cats_reg_g10b50,,False,CATS,50,regions,MultiMinded,15,Balance,0.5299999999988358,1001.244,2,739.168,309.35699999999997,1001.244,920.19904704834244,889.26334704834244,984.19258718333458,1,10,1,34,27
56,10,17,LinearHeuristicAuction,0.05,0.02,,True,,1000,10800,cats_reg_g10b50,,False,CATS,50,regions,MultiMinded,978,Balance,35.10000000000582,674.3464,4,592.43,348.80000000000001,674.3464,656.55931570836196,586.79931570836186,613.36322006480827,1,10,18,38,27
57,10,20,LinearHeuristicAuction,0.05,0.02,,True,,1000,10800,cats_reg_g10b50,,False,CATS,50,regions,MultiMinded,231,Balance,8.610000000015134,783.158,3,568.928,268.62299999999999,783.158,762.83395168820039,722.54050168820038,743.77089194497944,1,10,6,42,30
58,10,21,LinearHeuristicAuction,0.05,0.02,,True,,1000,10800,cats_reg_g10b50,,False,CATS,50,regions,MultiMinded,26,Balance,1.0599999999976717,871.9079999999999,2,791.212,427.88200000000001,871.9079999999999,867.41615251322492,824.62795251322495,836.26283508091615,1,10,4,44,31
59,10,28,LinearHeuristicAuction,0.05,0.02,,True,,1000,10800,cats_reg_g10b50,,False,CATS,50,regions,MultiMinded,38,Balance,1.75,875.1772,3,803.796,406.47899999999998,875.1772,864.03013494391098,803.05828494391096,820.36995297821136,1,10,15,56,38
60,10,22,LinearHeuristicAuction,0.05,0.02,,True,,1000,10800,cats_reg_g10b50,,False,CATS,50,regions,MultiMinded,20,Balance,0.7900000000081491,716.1357,3,662.173,358.10899999999998,716.1357,675.55884264152269,621.84249264152265,670.86341507088503,1,10,9,46,32
61,10,19,LinearHeuristicAuction,0.05,0.02,,True,,1000,10800,cats_reg_g10b50,,False,CATS,50,regions,MultiMinded,42,Balance,1.6000000000058208,756.948,3,553.212,307.67700000000002,756.948,750.24651200545941,704.09496200545925,731.96430565032028,1,10,11,41,29
62,10,20,LinearHeuristicAuction,0.05,0.02,,True,,1000,10800,cats_reg_g10b50,,False,CATS,50,regions,MultiMinded,11,Balance,0.39000000001396984,962.414,3,839.979,365.63299999999998,962.414,956.88085917903891,902.03590917903887,947.97474695310939,1,10,9,38,30
63,10,20,LinearHeuristicAuction,0.05,0.02,,True,,1000,10800,cats_reg_g10b50,,False,CATS,50,regions,MultiMinded,122,Balance,4.690000000002328,966.8963000000001,4,783.33,502.36099999999999,966.8963000000001,940.21040820706571,839.73820820706555,867.49314319726739,1,10,4,42,30
64,10,24,LinearHeuristicAuction,0.05,0.02,,True,,1000,10800,cats_reg_g10b50,,False,CATS,50,regions,MultiMinded,85,Balance,3.6499999999941792,784.4846,2,723.45,238.8545,784.4846,764.13191111664059,740.2464611166406,767.45562840454295,1,10,12,51,34
65,10,18,LinearHeuristicAuction,0.05,0.02,,True,,1000,10800,cats_reg_g10b50,,False,CATS,50,regions,MultiMinded,148,Balance,5.420000000012806,863.3610000000001,4,758.102,337.34500000000003,863.3610000000001,818.74514004225216,751.27614004225211,799.88849284401067,1,10,20,41,28
66,10,18,LinearHeuristicAuction,0.05,0.02,,True,,1000,10800,cats_reg_g10b50,,False,CATS,50,regions,MultiMinded,327,Balance,11.869999999995343,852.079,3,807.329,372.65700000000004,852.079,807.30277438137114,751.40422438137114,796.74264898241154,1,10,26,36,28
67,10,27,LinearHeuristicAuction,0.05,0.02,,True,,1000,10800,cats_reg_g10b50,,False,CATS,50,regions,MultiMinded,88,Balance,3.8500000000058208,860.8598,2,789.183,223.39999999999998,860.8598,856.63938493483681,834.29938493483678,849.63099607399397,1,10,1,52,37
68,10,20,LinearHeuristicAuction,0.05,0.02,,True,,1000,10800,cats_reg_g10b50,,False,CATS,50,regions,MultiMinded,84,Balance,3.2899999999790452,535.1916,4,486.692,201.834,535.1916,525.64698812731024,485.28018812731023,504.849231804981,1,10,1,42,30
69,10,20,LinearHeuristicAuction,0.05,0.02,,True,,1000,10800,cats_reg_g10b50,,False,CATS,50,regions,MultiMinded,23,Balance,0.860000000015134,550.5322,3,423.552,212.09399999999999,550.5322,501.85540943697924,470.04130943697925,518.71810000000005,1,10,0,40,30
70,10,18,LinearHeuristicAuction,0.05,0.02,,True,,1000,10800,cats_reg_g10b50,,False,CATS,50,regions,MultiMinded,1000,MaxIter,37.70999999999185,965.81,3,780.078,273.52800000000002,965.81,892.37426713074512,239.06810814969182,351.97970079382105,1,10,13,40,28
71,10,17,LinearHeuristicAuction,0.05,0.02,,True,,1000,10800,cats_reg_g10b50,,False,CATS,50,regions,MultiMinded,1000,MaxIter,36.470000000001164,745.048,1,745.048,330.73000000000002,745.048,789.37670916740819,0,0.51031123975667469,1,10,26,42,27
72,10,23,LinearHeuristicAuction,0.05,0.02,,True,,1000,10800,cats_reg_g10b50,,False,CATS,50,regions,MultiMinded,17,Balance,0.6600000000034925,619.2275000000001,7,497.631,317.09799999999996,619.2275000000001,589.03497419473763,478.05067419473778,525.80913242318002,1,10,9,46,33
73,10,20,LinearHeuristicAuction,0.05,0.02,,True,,1000,10800,cats_reg_g10b50,,False,CATS,50,regions,MultiMinded,1000,MaxIter,39.33999999999651,675.2625,1,656.76,362.82400000000001,656.76,697.76794607129773,0,1.6461617861067452,1,10,10,44,30
74,10,26,LinearHeuristicAuction,0.05,0.02,,True,,1000,10800,cats_reg_g10b50,,False,CATS,50,regions,MultiMinded,39,Balance,1.6900000000023283,942.6876,2,890.025,245.483,942.6876,942.61321216814088,918.06491216814095,930.43721797760622,1,10,10,57,36
75,10,15,LinearHeuristicAuction,0.05,0.02,,True,,1000,10800,cats_reg_g10b50,,False,CATS,50,regions,MultiMinded,107,Balance,3.7699999999895226,986.353,1,977.088,450.65550000000002,977.088,976.91282786389741,954.38005286389739,982.53474040819265,1,10,15,34,25
76,10,22,LinearHeuristicAuction,0.05,0.02,,True,,1000,10800,cats_reg_g10b50,,False,CATS,50,regions,MultiMinded,58,Balance,2.2600000000093132,900.434,6,820.61,441.17500000000001,900.434,875.98852775520049,743.63602775520042,775.14074413903984,1,10,7,44,32
77,10,19,LinearHeuristicAuction,0.05,0.02,,True,,1000,10800,cats_reg_g10b50,,False,CATS,50,regions,MultiMinded,476,Balance,17.89999999999418,505.8682,3,489.633,293.4085,502.3022,489.76197044893428,445.75069544893427,474.22599077864658,1,10,15,38,29
78,10,15,LinearHeuristicAuction,0.05,0.02,,True,,1000,10800,cats_reg_g10b50,,False,CATS,50,regions,MultiMinded,80,Balance,2.7599999999802094,723.896,1,723.896,268.85500000000002,723.896,723.62989491432677,710.18714491432672,729.59592117131706,1,10,16,32,25
79,10,20,LinearHeuristicAuction,0.05,0.02,,True,,1000,10800,cats_reg_g10b50,,False,CATS,50,regions,MultiMinded,142,Balance,5.529999999998836,830.055,3,715.055,304.07849999999996,830.055,775.38664222785121,729.77486722785113,785.02504812215886,1,10,14,44,30
80,10,23,LinearHeuristicAuction,0.05,0.02,,True,,1000,10800,cats_reg_g10b50,,False,CATS,50,regions,MultiMinded,1000,MaxIter,41.279999999998836,858.2552999999999,4,815.519,326.65449999999998,764.4562999999999,849.48062515156812,579.26832764918936,588.85312499999998,1,10,10,50,33
81,10,19,LinearHeuristicAuction,0.05,0.02,,True,,1000,10800,cats_reg_g10b50,,False,CATS,50,regions,MultiMinded,16,Balance,0.5599999999976717,731.2354999999999,5,657.74,318.25649999999996,728.3769,726.11383177300297,646.54970677300298,665.90278410108215,1,10,12,39,29
82,10,20,LinearHeuristicAuction,0.05,0.02,,True,,1000,10800,cats_reg_g10b50,,False,CATS,50,regions,MultiMinded,1000,MaxIter,37.95999999999185,799.819,2,670.65,230.49700000000001,713.0643,766.7056193990453,64.579145160126416,104.93041318104966,1,10,14,46,30
83,10,18,LinearHeuristicAuction,0.05,0.02,,True,,1000,10800,cats_reg_g10b50,,False,CATS,50,regions,MultiMinded,52,Balance,1.900000000023283,778.391,2,740.964,303.2475,778.391,777.08428107586519,746.7595310758652,765.27581918295255,1,10,10,39,28
84,10,19,LinearHeuristicAuction,0.05,0.02,,True,,1000,10800,cats_reg_g10b50,,False,CATS,50,regions,MultiMinded,3,Balance,0.10000000000582077,653.4665,4,531.36,233.98450000000003,653.4665,595.4157650439912,548.61886504399115,634.8885366787282,1,10,13,38,29
85,10,16,LinearHeuristicAuction,0.05,0.02,,True,,1000,10800,cats_reg_g10b50,,False,CATS,50,regions,MultiMinded,17,Balance,0.6200000000244472,738.6202000000001,4,623.355,332.00099999999998,738.6202000000001,730.30935472859835,663.90915472859831,688.75190521454169,1,10,8,34,26
86,10,17,LinearHeuristicAuction,0.05,0.02,,True,,1000,10800,cats_reg_g10b50,,False,CATS,50,regions,MultiMinded,84,Balance,2.9800000000104774,772.54,2,646.076,287.08299999999997,772.54,706.0296610905184,677.32136109051839,743.83169999999996,1,10,0,34,27
87,10,18,LinearHeuristicAuction,0.05,0.02,,True,,1000,10800,cats_reg_g10b50,,False,CATS,50,regions,MultiMinded,1000,MaxIter,36.66000000000349,883.32347,2,801.709,428.95349999999996,671.90877,940.3402575217093,0.0,4.2145861047420734,1,10,9,38,28
88,10,20,LinearHeuristicAuction,0.05,0.02,,True,,1000,10800,cats_reg_g10b50,,False,CATS,50,regions,MultiMinded,55,Balance,2.0599999999976717,662.7294999999999,4,622.783,332.80799999999999,662.7294999999999,650.28001063409465,583.71841063409465,600.50957233504437,1,10,14,43,30
89,10,26,LinearHeuristicAuction,0.05,0.02,,True,,1000,10800,cats_reg_g10b50,,False,CATS,50,regions,MultiMinded,1000,MaxIter,44.6699999999837,844.3882,2,703.836,361.93200000000002,725.4582,821.31834487774677,10.857960000000006,56.7632132308783,1,10,25,55,36
90,10,21,LinearHeuristicAuction,0.05,0.02,,True,,1000,10800,cats_reg_g10b50,,False,CATS,50,regions,MultiMinded,89,Balance,3.3800000000046566,1011.3232,6,890.879,348.79300000000001,1011.3232,900.70767218840194,796.06977218840177,927.24734412664839,1,10,6,44,31
91,10,17,LinearHeuristicAuction,0.05,0.02,,True,,1000,10800,cats_reg_g10b50,,False,CATS,50,regions,MultiMinded,437,Balance,15.529999999998836,890.575,1,890.575,535.99700000000007,890.575,917.33440515686505,890.53455515686505,890.53455515686505,1,10,10,35,27
92,10,22,LinearHeuristicAuction,0.05,0.02,,True,,1000,10800,cats_reg_g10b50,,False,CATS,50,regions,MultiMinded,9,Balance,0.33000000001629815,683.1735,2,627.133,263.76300000000003,683.1735,674.12181519300816,647.74551519300826,680.19474697991006,1,10,17,46,32
93,10,20,LinearHeuristicAuction,0.05,0.02,,True,,1000,10800,cats_reg_g10b50,,False,CATS,50,regions,MultiMinded,27,Balance,1.0299999999988358,931.509,1,931.509,347.88099999999997,931.509,922.58710333872887,905.19305333872887,932.30270951631189,1,10,8,42,30
94,10,15,LinearHeuristicAuction,0.05,0.02,,True,,1000,10800,cats_reg_g10b50,,False,CATS,50,regions,MultiMinded,474,Balance,16.239999999990687,772.037,2,770.337,295.54650000000004,772.037,770.94667632181381,741.39202632181377,757.40626342211431,1,10,23,33,25
95,10,17,LinearHeuristicAuction,0.05,0.02,,True,,1000,10800,cats_reg_g10b50,,False,CATS,50,regions,MultiMinded,153,Balance,5.460000000020955,901.2369,3,849.224,408.67100000000005,901.2369,884.34697015315987,823.04632015315997,841.84913870395746,1,10,9,37,27
96,10,19,LinearHeuristicAuction,0.05,0.02,,True,,1000,10800,cats_reg_g10b50,,False,CATS,50,regions,MultiMinded,4,Balance,0.139999999984866,752.0848,3,651.493,368.70849999999996,752.0848,732.35885753154582,677.0525825315458,717.20077254951036,1,10,4,36,29
97,10,20,LinearHeuristicAuction,0.05,0.02,,True,,1000,10800,cats_reg_g10b50,,False,CATS,50,regions,MultiMinded,1000,MaxIter,40.15999999997439,657.92043,1,602.694,360.185,550.046,695.00479468200842,0,0.8618665632742859,1,10,9,45,30
98,10,20,LinearHeuristicAuction,0.05,0.02,,True,,1000,10800,cats_reg_g10b50,,False,CATS,50,regions,MultiMinded,4,Balance,0.15000000002328306,1047.5140999999999,4,870.711,386.798,1047.5140999999999,1012.2458875052527,934.88628750525254,1001.2007906554221,1,10,7,39,30
99,10,22,LinearHeuristicAuction,0.05,0.02,,True,,1000,10800,cats_reg_g10b50,,False,CATS,50,regions,MultiMinded,15,Balance,0.5700000000069849,1044.344,5,687.143,366.375,1044.344,1005.6574270547076,914.06367705470757,971.76809034176063,1,10,11,44,32
100,10,21,LinearHeuristicAuction,0.05,0.02,,True,,1000,10800,cats_reg_g10b50,,False,CATS,50,regions,MultiMinded,578,Balance,22.829999999987194,587.8678,2,515.864,141.49099999999999,587.8678,568.06534614575912,553.91624614575903,574.3171581868578,1,10,11,46,31
