idx,items,agents,auction_class,epsilon,stepc,epoch,scalebyvalue,reserve_type,maxiter,maxtime,generator_param_name,personalized,int_prices,generator,bids,distribution,type,rounds,status,runtime,efficient_value,final_num_winners,final_max_agent_value,final_scalevalue,final_value,final_total_price,final_revenue,final_indirect_util,final_price_degree,final_price_sparsity,final_imbalance,final_wd_nvars,final_wd_ncons
1,30,36,LinearHeuristicAuction,0.2,0.08,,True,,1000,10800,cats_reg_g30b150,,False,CATS,150,regions,MultiMinded,124,Balance,14.10000000000582,2502.8085,9,1712.02,630.28700000000003,2502.8085,2312.4195595852111,1612.69229557475,1861.4080044861066,1,28,33,91,66
2,30,38,LinearHeuristicAuction,0.2,0.08,,True,,1000,10800,cats_reg_g30b150,,False,CATS,150,regions,MultiMinded,45,Balance,4.949999999982538,2067.4249,7,1460.04,478.96600000000001,2057.0263999999997,2178.8062317206823,1625.6231877043679,1698.8633693852407,1,29,46,84,68
3,30,36,LinearHeuristicAuction,0.2,0.08,,True,,1000,10800,cats_reg_g30b150,,False,CATS,150,regions,MultiMinded,85,Balance,8.75,2226.2472000000002,7,1961.0,494.50999999999999,2021.7115000000003,2201.6547618359191,1606.8103653123751,1647.6058369685943,1,28,42,78,66
4,30,38,LinearHeuristicAuction,0.2,0.08,,True,,1000,10800,cats_reg_g30b150,,False,CATS,150,regions,MultiMinded,97,Balance,10.64999999999418,2004.9491999999998,11,1505.7,557.86300000000006,1908.7654,1901.5682242938374,946.50426874728214,1055.1784082987701,1,30,19,85,68
5,30,35,LinearHeuristicAuction,0.2,0.08,,True,,1000,10800,cats_reg_g30b150,,False,CATS,150,regions,MultiMinded,70,Balance,7.1600000000034925,1864.626,8,1703.97,505.12049999999999,1697.8092999999997,1766.9265105961638,1012.6179026392466,1111.2470833565096,1,30,59,78,65
6,30,35,LinearHeuristicAuction,0.2,0.08,,True,,1000,10800,cats_reg_g30b150,,False,CATS,150,regions,MultiMinded,88,Balance,8.709999999991851,2116.0368,7,1959.83,614.52500000000009,2051.8168,2088.7117878733702,1296.6573434289257,1467.1628018024423,1,29,60,78,65
7,30,35,LinearHeuristicAuction,0.2,0.08,,True,,1000,10800,cats_reg_g30b150,,False,CATS,150,regions,MultiMinded,151,Balance,16.75,2031.9575,9,1330.11,558.39999999999998,1901.1468999999997,1973.2285631068053,1192.1465067535671,1301.3074597337268,1,30,37,80,65
8,30,35,LinearHeuristicAuction,0.2,0.08,,True,,1000,10800,cats_reg_g30b150,,False,CATS,150,regions,MultiMinded,112,Balance,11.580000000016298,2027.57669,8,1379.5,642.28750000000002,2027.57669,1835.2967519368719,1196.6706558926639,1466.6813536204827,1,30,32,77,65
9,30,36,LinearHeuristicAuction,0.2,0.08,,True,,1000,10800,cats_reg_g30b150,,False,CATS,150,regions,MultiMinded,51,Balance,5.079999999987194,1859.5272999999997,8,1542.29,443.88650000000001,1859.5272999999997,1849.5436962163626,1354.6707948530363,1494.8277144665281,1,27,13,79,66
10,30,34,LinearHeuristicAuction,0.2,0.08,,True,,1000,10800,cats_reg_g30b150,,False,CATS,150,regions,MultiMinded,1000,MaxIter,119.9200000000128,2566.974,4,2112.56,626.02300000000002,2285.639,2582.3129971654275,1815.4415087094144,1913.1768672699095,1,29,50,86,64
11,30,36,LinearHeuristicAuction,0.2,0.08,,True,,1000,10800,cats_reg_g30b150,,False,CATS,150,regions,MultiMinded,59,Balance,6.139999999984866,2431.6115,3,2098.81,721.22149999999999,2337.85,2318.5210461130637,2065.2114662910799,2248.6454839380731,1,29,39,75,66
12,30,32,LinearHeuristicAuction,0.2,0.08,,True,,1000,10800,cats_reg_g30b150,,False,CATS,150,regions,MultiMinded,113,Balance,12.75,1865.81568,7,1645.15,855.13049999999998,1777.29768,1900.1458388899698,1183.2234169733283,1305.7789080226721,1,30,41,77,62
13,30,35,LinearHeuristicAuction,0.2,0.08,,True,,1000,10800,cats_reg_g30b150,,False,CATS,150,regions,MultiMinded,92,Balance,10.35000000000582,1773.5022000000001,5,1494.31,678.60900000000004,1756.9776,1741.1354502391252,1381.2733574195256,1783.9699258957555,1,30,145,91,65
14,30,32,LinearHeuristicAuction,0.2,0.08,,True,,1000,10800,cats_reg_g30b150,,False,CATS,150,regions,MultiMinded,108,Balance,11.789999999979045,1980.1873000000003,6,1559.99,631.08900000000006,1980.1873000000003,1871.4067760363675,1293.1907655785772,1479.6929222313915,1,29,11,76,62
15,30,36,LinearHeuristicAuction,0.2,0.08,,True,,1000,10800,cats_reg_g30b150,,False,CATS,150,regions,MultiMinded,71,Balance,8.069999999977881,2512.4141000000004,3,2312.23,781.00699999999995,2512.4141000000004,2637.8998315570725,2291.5096187164827,2307.5879930260207,1,29,27,77,66
16,30,34,LinearHeuristicAuction,0.2,0.08,,True,,1000,10800,cats_reg_g30b150,,False,CATS,150,regions,MultiMinded,168,Balance,18.95999999999185,1929.452,4,1789.44,584.255,1909.1155,1962.199002286332,1788.0733889125563,1854.065542707928,1,28,27,84,64
17,30,33,LinearHeuristicAuction,0.2,0.08,,True,,1000,10800,cats_reg_g30b150,,False,CATS,150,regions,MultiMinded,96,Balance,10.89000000001397,1934.7395999999999,7,1626.95,730.93200000000002,1934.7395999999999,2020.1981505844367,1327.6041019500688,1381.4294343617071,1,30,36,81,63
18,30,34,LinearHeuristicAuction,0.2,0.08,,True,,1000,10800,cats_reg_g30b150,,False,CATS,150,regions,MultiMinded,69,Balance,7.190000000002328,2504.1384,4,1818.33,781.33600000000001,2504.1384,2519.8515203861289,2037.5770030991464,2185.6210263484618,1,29,26,74,64
19,30,36,LinearHeuristicAuction,0.2,0.08,,True,,1000,10800,cats_reg_g30b150,,False,CATS,150,regions,MultiMinded,45,Balance,4.5200000000186265,2560.7110000000002,11,1508.06,549.71399999999994,2557.321,2284.4367341672405,1375.4249456280829,1754.0186594806794,1,28,23,76,66
20,30,37,LinearHeuristicAuction,0.2,0.08,,True,,1000,10800,cats_reg_g30b150,,False,CATS,150,regions,MultiMinded,59,Balance,6.0,1801.7813999999998,10,1490.47,395.125,1671.0402000000004,1828.6738601875534,1143.025861367053,1230.6959426763044,1,30,47,89,67
21,30,33,LinearHeuristicAuction,0.2,0.08,,True,,1000,10800,cats_reg_g30b150,,False,CATS,150,regions,MultiMinded,131,Balance,14.800000000017462,1553.7635,3,1374.19,778.39550000000008,1553.7635,1627.0145846191508,1305.9305582955178,1343.6877896200524,1,30,44,75,63
22,30,38,LinearHeuristicAuction,0.2,0.08,,True,,1000,10800,cats_reg_g30b150,,False,CATS,150,regions,MultiMinded,244,Balance,28.080000000016298,2312.252,8,2123.59,638.69949999999994,2099.7286999999997,2376.3407990016458,1474.2008841358211,1508.8208844242342,1,29,60,89,68
23,30,38,LinearHeuristicAuction,0.2,0.08,,True,,1000,10800,cats_reg_g30b150,,False,CATS,150,regions,MultiMinded,85,Balance,9.479999999981374,2354.8725,7,1818.1,597.00800000000004,2354.8725,2171.3045841005851,1712.322408780871,1915.5063702259895,1,29,16,87,68
24,30,35,LinearHeuristicAuction,0.2,0.08,,True,,1000,10800,cats_reg_g30b150,,False,CATS,150,regions,MultiMinded,430,Balance,49.09999999997672,1892.4884,10,1241.36,538.58849999999995,1892.4884,1861.3307510868988,1065.2628355193724,1184.0129454809289,1,30,53,88,65
25,30,33,LinearHeuristicAuction,0.2,0.08,,True,,1000,10800,cats_reg_g30b150,,False,CATS,150,regions,MultiMinded,121,Balance,13.730000000010477,1741.0822999999998,4,1538.41,861.41849999999999,1692.8544000000002,1793.157556529228,1534.0121858384437,1805.2768318024296,1,29,101,78,63
26,30,34,LinearHeuristicAuction,0.2,0.08,,True,,1000,10800,cats_reg_g30b150,,False,CATS,150,regions,MultiMinded,1000,MaxIter,105.52999999999884,2008.668,8,1919.5,424.82100000000003,1664.7078999999999,1998.238178568276,240.44739439764999,318.38785610278291,1,29,23,79,64
27,30,32,LinearHeuristicAuction,0.2,0.08,,True,,1000,10800,cats_reg_g30b150,,False,CATS,150,regions,MultiMinded,180,Balance,18.289999999979045,2175.2061,5,1890.21,644.31150000000002,2107.6371,2178.4142780773491,1738.0643139035867,1751.4213259354801,1,28,14,81,62
28,30,37,LinearHeuristicAuction,0.2,0.08,,True,,1000,10800,cats_reg_g30b150,,False,CATS,150,regions,MultiMinded,69,Balance,7.1600000000034925,2040.43179,9,1615.6,517.23699999999997,1991.07949,2088.3221993976554,1526.4576851957677,1638.6271559164998,1,29,32,78,67
29,30,33,LinearHeuristicAuction,0.2,0.08,,True,,1000,10800,cats_reg_g30b150,,False,CATS,150,regions,MultiMinded,154,Balance,17.489999999990687,2111.632,8,1854.64,708.57899999999995,2089.501,2149.0214091426178,1234.4734276568142,1414.1156521124558,1,30,51,85,63
30,30,35,LinearHeuristicAuction,0.2,0.08,,True,,1000,10800,cats_reg_g30b150,,False,CATS,150,regions,MultiMinded,286,Balance,31.55999999999767,2323.0769999999998,8,1594.17,462.18150000000003,2323.0769999999998,2120.7642645152955,1473.7101645152952,1695.3339540426041,1,28,48,87,65
31,30,34,LinearHeuristicAuction,0.2,0.08,,True,,1000,10800,cats_reg_g30b150,,False,CATS,150,regions,MultiMinded,59,Balance,6.070000000006985,2659.4860000000003,6,2167.09,585.07799999999997,2659.4860000000003,2519.7288650334217,2051.6664650334219,2255.297597673275,1,26,2,73,64
32,30,37,LinearHeuristicAuction,0.2,0.08,,True,,1000,10800,cats_reg_g30b150,,False,CATS,150,regions,MultiMinded,51,Balance,5.279999999998836,1999.8556999999998,8,1545.46,522.50199999999995,1910.9342000000001,2022.0545007165429,1317.4689182249849,1460.1551665463244,1,28,27,85,67
33,30,37,LinearHeuristicAuction,0.2,0.08,,True,,1000,10800,cats_reg_g30b150,,False,CATS,150,regions,MultiMinded,68,Balance,7.149999999994179,1805.9524000000001,4,1582.17,487.50400000000002,1790.6487000000002,1708.5892777031081,1548.4625390691285,1694.4850530280869,1,29,28,88,67
34,30,39,LinearHeuristicAuction,0.2,0.08,,True,,1000,10800,cats_reg_g30b150,,False,CATS,150,regions,MultiMinded,1000,MaxIter,125.60000000000582,1983.6001999999999,4,1564.76,623.41200000000003,1459.304,2054.7995339830836,0.0,3.15880128591618,1,30,60,94,69
35,30,38,LinearHeuristicAuction,0.2,0.08,,True,,1000,10800,cats_reg_g30b150,,False,CATS,150,regions,MultiMinded,290,Balance,34.3300000000163,2341.4052,8,1755.59,637.298,2341.4052,2344.2137070939675,1462.5556060888973,1572.301319290704,1,29,37,94,68
36,30,33,LinearHeuristicAuction,0.2,0.08,,True,,1000,10800,cats_reg_g30b150,,False,CATS,150,regions,MultiMinded,1000,MaxIter,118.81999999997788,2136.9992,3,1693.26,587.83249999999998,1856.5518,2168.2935136832366,16.014577074779844,68.834861962602417,1,29,30,88,63
37,30,34,LinearHeuristicAuction,0.2,0.08,,True,,1000,10800,cats_reg_g30b150,,False,CATS,150,regions,MultiMinded,290,Balance,33.44000000000233,1991.3467,3,1812.59,701.23299999999995,1939.0544,2006.1793475916616,1793.9825161107667,1854.2368546126584,1,30,32,84,64
38,30,40,LinearHeuristicAuction,0.2,0.08,,True,,1000,10800,cats_reg_g30b150,,False,CATS,150,regions,MultiMinded,62,Balance,6.730000000010477,2724.0288,6,2153.9,576.38300000000004,2724.0288,2547.3334711606299,2027.9167833864606,2316.6869812301916,1,29,30,84,70
39,30,30,LinearHeuristicAuction,0.2,0.08,,True,,1000,10800,cats_reg_g30b150,,False,CATS,150,regions,MultiMinded,116,Balance,12.010000000009313,1968.0602,5,1918.66,764.726,1856.0305,1990.8448019789384,1370.9076726148128,1533.422177834562,1,30,70,72,60
40,30,33,LinearHeuristicAuction,0.2,0.08,,True,,1000,10800,cats_reg_g30b150,,False,CATS,150,regions,MultiMinded,81,Balance,8.679999999993015,1942.0583000000001,3,1674.34,688.69799999999998,1942.0583000000001,2061.1121488566387,1718.6615889910363,1723.4085291254339,1,30,26,78,63
41,30,35,LinearHeuristicAuction,0.2,0.08,,True,,1000,10800,cats_reg_g30b150,,False,CATS,150,regions,MultiMinded,78,Balance,8.199999999982538,1877.7214099999999,7,1423.29,646.35299999999995,1831.2470099999998,1854.2454786922408,1290.9078163382194,1529.3220931309161,1,29,69,79,65
42,30,32,LinearHeuristicAuction,0.2,0.08,,True,,1000,10800,cats_reg_g30b150,,False,CATS,150,regions,MultiMinded,80,Balance,8.480000000010477,2111.841,4,1703.5,646.17399999999998,2111.841,2198.3059922889784,1763.1911643145388,1788.2205448151053,1,30,41,78,62
43,30,40,LinearHeuristicAuction,0.2,0.08,,True,,1000,10800,cats_reg_g30b150,,False,CATS,150,regions,MultiMinded,105,Balance,11.669999999983702,2446.7208,11,1927.69,685.90899999999999,2321.3928,2255.5053136981555,1076.5430568999238,1360.8615890533363,1,29,76,88,70
44,30,35,LinearHeuristicAuction,0.2,0.08,,True,,1000,10800,cats_reg_g30b150,,False,CATS,150,regions,MultiMinded,96,Balance,10.329999999987194,1711.1515999999997,7,1299.51,651.40899999999999,1553.8994999999998,1576.1677856032427,887.31464763269435,1154.5596564342518,1,30,107,80,65
45,30,38,LinearHeuristicAuction,0.2,0.08,,True,,1000,10800,cats_reg_g30b150,,False,CATS,150,regions,MultiMinded,91,Balance,10.040000000008149,2034.5094,8,1828.07,742.07299999999998,1930.617,2038.0258204953648,1287.4889001050103,1467.8915749950997,1,30,85,89,68
46,30,31,LinearHeuristicAuction,0.2,0.08,,True,,1000,10800,cats_reg_g30b150,,False,CATS,150,regions,MultiMinded,60,Balance,6.190000000002328,2564.0325000000003,4,2373.4,807.26099999999997,2564.0325000000003,2447.2028072665416,2105.3831054495358,2283.9693727955932,1,29,25,70,61
47,30,37,LinearHeuristicAuction,0.2,0.08,,True,,1000,10800,cats_reg_g30b150,,False,CATS,150,regions,MultiMinded,83,Balance,8.869999999995343,2233.1322,9,1669.44,664.97900000000004,2112.4602,2033.1871376577858,1253.1857203579552,1598.0488191406794,1,30,74,78,67
48,30,35,LinearHeuristicAuction,0.2,0.08,,True,,1000,10800,cats_reg_g30b150,,False,CATS,150,regions,MultiMinded,49,Balance,5.440000000002328,2069.4358,8,1826.01,556.24350000000004,1963.5418,2091.1888564814199,1327.7132532677858,1478.4634711410242,1,30,44,81,65
49,30,30,LinearHeuristicAuction,0.2,0.08,,True,,1000,10800,cats_reg_g30b150,,False,CATS,150,regions,MultiMinded,74,Balance,7.650000000023283,1979.7895999999998,6,1594.07,673.82600000000002,1979.7895999999998,2016.0294889885326,1573.6122197747256,1725.1974168963279,1,29,36,72,60
50,30,33,LinearHeuristicAuction,0.2,0.08,,True,,1000,10800,cats_reg_g30b150,,False,CATS,150,regions,MultiMinded,75,Balance,7.510000000009313,2110.6722999999997,7,1335.35,460.47550000000001,2110.6722999999997,2104.0226819141617,1569.8711019141617,1691.1651805680929,1,29,21,80,63
51,30,37,LinearHeuristicAuction,0.2,0.08,,True,,1000,10800,cats_reg_g30b150,,False,CATS,150,regions,MultiMinded,49,Balance,5.2299999999813735,2245.4244000000003,6,1882.26,597.73699999999997,2245.4244000000003,2314.4318021701174,1743.9618026770177,1819.4574365803635,1,27,32,81,67
52,30,32,LinearHeuristicAuction,0.2,0.08,,True,,1000,10800,cats_reg_g30b150,,False,CATS,150,regions,MultiMinded,77,Balance,7.779999999998836,1756.6213,5,1409.87,556.45500000000004,1694.7150000000001,1665.7158522491764,1176.0354522491764,1364.3569011944187,1,29,44,71,62
53,30,34,LinearHeuristicAuction,0.2,0.08,,True,,1000,10800,cats_reg_g30b150,,False,CATS,150,regions,MultiMinded,61,Balance,6.130000000004657,2325.6629000000003,6,1796.97,570.23000000000002,2248.7839000000004,2125.2311043571917,1643.2444879138543,1917.0405784049037,1,29,68,72,64
54,30,37,LinearHeuristicAuction,0.2,0.08,,True,,1000,10800,cats_reg_g30b150,,False,CATS,150,regions,MultiMinded,130,Balance,14.889999999984866,2355.424,4,2152.9,670.553,2343.7718,2303.6874114646175,1981.8219714646175,2050.1999425628683,1,28,42,91,67
55,30,33,LinearHeuristicAuction,0.2,0.08,,True,,1000,10800,cats_reg_g30b150,,False,CATS,150,regions,MultiMinded,145,Balance,15.839999999996508,2078.1524999999997,10,1352.37,548.28150000000005,2078.1524999999997,2069.7253130615236,1219.6938371507408,1269.7217756375865,1,30,32,84,63
56,30,39,LinearHeuristicAuction,0.2,0.08,,True,,1000,10800,cats_reg_g30b150,,False,CATS,150,regions,MultiMinded,99,Balance,11.229999999981374,1893.3772000000004,10,1498.24,591.42200000000003,1718.1255,1849.571499273427,845.99017365109808,989.81035640890309,1,29,32,85,69
57,30,36,LinearHeuristicAuction,0.2,0.08,,True,,1000,10800,cats_reg_g30b150,,False,CATS,150,regions,MultiMinded,53,Balance,5.5,1899.5301999999997,8,1604.44,621.16750000000002,1899.5301999999997,2038.0406431356089,1218.8390047158853,1332.1930768135076,1,30,28,79,66
58,30,36,LinearHeuristicAuction,0.2,0.08,,True,,1000,10800,cats_reg_g30b150,,False,CATS,150,regions,MultiMinded,159,Balance,18.830000000016298,2429.6093,7,2057.42,832.86300000000006,2152.4705,2296.764481171339,1458.8627257652897,1756.9687458481135,1,29,80,81,66
59,30,39,LinearHeuristicAuction,0.2,0.08,,True,,1000,10800,cats_reg_g30b150,,False,CATS,150,regions,MultiMinded,128,Balance,15.64999999999418,2064.9126,3,1772.9,622.28800000000001,2039.5116,2030.3355087373714,1751.379807192144,1938.0377300681027,1,30,69,87,69
60,30,35,LinearHeuristicAuction,0.2,0.08,,True,,1000,10800,cats_reg_g30b150,,False,CATS,150,regions,MultiMinded,77,Balance,7.6600000000034925,1956.0875,3,1842.74,450.80399999999997,1936.1575,1913.7904609575692,1787.5653409575693,1878.1388693333838,1,28,48,76,65
61,30,37,LinearHeuristicAuction,0.2,0.08,,True,,1000,10800,cats_reg_g30b150,,False,CATS,150,regions,MultiMinded,141,Balance,16.320000000006985,1951.6029999999998,10,1560.47,530.9905,1850.5417999999997,1981.736165299872,1095.9273675416466,1161.790566243053,1,30,43,94,67
62,30,34,LinearHeuristicAuction,0.2,0.08,,True,,1000,10800,cats_reg_g30b150,,False,CATS,150,regions,MultiMinded,116,Balance,12.790000000008149,1978.0167,4,1737.89,582.94900000000007,1941.8931400000001,1981.913274679082,1720.0552775812989,1822.3494595789737,1,30,43,76,64
63,30,30,LinearHeuristicAuction,0.2,0.08,,True,,1000,10800,cats_reg_g30b150,,False,CATS,150,regions,MultiMinded,84,Balance,8.920000000012806,2547.4234,5,1821.34,869.476,2547.4234,2531.4682980965199,1929.5840207182887,2294.9170884498626,1,29,67,72,60
64,30,34,LinearHeuristicAuction,0.2,0.08,,True,,1000,10800,cats_reg_g30b150,,False,CATS,150,regions,MultiMinded,60,Balance,6.39000000001397,2427.9729,11,1844.14,792.92899999999997,2373.9901,2533.2241724107894,1337.0764240768233,1540.7837091822539,1,30,30,73,64
65,30,36,LinearHeuristicAuction,0.2,0.08,,True,,1000,10800,cats_reg_g30b150,,False,CATS,150,regions,MultiMinded,1000,MaxIter,120.39999999999418,2209.3287,5,1779.98,732.52250000000004,1623.2435,2253.9699729797348,0.0,66.272237258191893,1,29,29,91,66
66,30,30,LinearHeuristicAuction,0.2,0.08,,True,,1000,10800,cats_reg_g30b150,,False,CATS,150,regions,MultiMinded,120,Balance,12.64000000001397,2387.3904,2,2290.03,553.03500000000008,2387.3904,2341.2925518032948,2186.4427518032949,2239.5603518032949,1,29,25,71,60
67,30,41,LinearHeuristicAuction,0.2,0.08,,True,,1000,10800,cats_reg_g30b150,,False,CATS,150,regions,MultiMinded,237,Balance,25.130000000004657,2130.5865999999996,8,1569.3,447.20299999999997,2107.1669,2054.2993594206755,1526.1211302665674,1669.3069636540006,1,29,14,96,71
68,30,34,LinearHeuristicAuction,0.2,0.08,,True,,1000,10800,cats_reg_g30b150,,False,CATS,150,regions,MultiMinded,90,Balance,9.309999999997672,1871.0335999999998,7,1491.62,623.48450000000003,1857.0625,1934.6728473079311,1267.8677847322863,1421.4868593752826,1,30,57,83,64
69,30,34,LinearHeuristicAuction,0.2,0.08,,True,,1000,10800,cats_reg_g30b150,,False,CATS,150,regions,MultiMinded,94,Balance,10.940000000002328,2248.1536,8,1918.69,909.28949999999998,2248.1536,2242.6772181141569,1427.8795040140403,1561.4855767739673,1,29,21,78,64
70,30,32,LinearHeuristicAuction,0.2,0.08,,True,,1000,10800,cats_reg_g30b150,,False,CATS,150,regions,MultiMinded,92,Balance,10.130000000004657,2074.3614,4,1794.89,671.03600000000006,1998.6884,2034.3090646977871,1764.5770746006885,1882.9687693843537,1,30,51,68,62
71,30,30,LinearHeuristicAuction,0.2,0.08,,True,,1000,10800,cats_reg_g30b150,,False,CATS,150,regions,MultiMinded,146,Balance,15.690000000002328,2107.4125,3,1919.92,672.68100000000004,2077.242,2176.7127213459175,1897.8758192344815,1958.4566626826186,1,29,52,78,60
72,30,35,LinearHeuristicAuction,0.2,0.08,,True,,1000,10800,cats_reg_g30b150,,False,CATS,150,regions,MultiMinded,67,Balance,6.619999999995343,1946.4843000000003,7,1216.53,554.09649999999999,1829.3884,1849.7607345287954,1348.3935829628663,1582.1108562135123,1,30,57,75,65
73,30,35,LinearHeuristicAuction,0.2,0.08,,True,,1000,10800,cats_reg_g30b150,,False,CATS,150,regions,MultiMinded,111,Balance,11.49000000001979,1852.6272999999999,10,1445.38,663.03899999999999,1800.6158999999998,1935.2531746001334,1050.4247818394285,1153.5034422274341,1,30,25,81,65
74,30,31,LinearHeuristicAuction,0.2,0.08,,True,,1000,10800,cats_reg_g30b150,,False,CATS,150,regions,MultiMinded,81,Balance,8.799999999988358,2020.0417,6,1744.34,781.83899999999994,2020.0417,2181.495056740323,1484.9489468582515,1502.2236253877006,1,30,22,72,61
75,30,39,LinearHeuristicAuction,0.2,0.08,,True,,1000,10800,cats_reg_g30b150,,False,CATS,150,regions,MultiMinded,1000,MaxIter,125.86999999999534,2549.9302,4,1890.83,637.39099999999996,2081.0525,2582.6286540496767,0.0,75.40260731111681,1,30,89,100,69
76,30,36,LinearHeuristicAuction,0.2,0.08,,True,,1000,10800,cats_reg_g30b150,,False,CATS,150,regions,MultiMinded,1000,MaxIter,117.80999999999767,1970.4382,2,1633.82,405.01099999999997,1741.397,2015.4744236259235,16.20044,35.42252287438307,1,30,58,85,66
77,30,34,LinearHeuristicAuction,0.2,0.08,,True,,1000,10800,cats_reg_g30b150,,False,CATS,150,regions,MultiMinded,93,Balance,10.880000000004657,1646.3148,6,1576.38,831.28949999999998,1602.3807,1780.222596340182,1062.0450996646264,1175.1794901277785,1,30,61,73,64
78,30,34,LinearHeuristicAuction,0.2,0.08,,True,,1000,10800,cats_reg_g30b150,,False,CATS,150,regions,MultiMinded,67,Balance,7.10999999998603,2412.1546,7,1881.66,768.41550000000007,2305.4481,2484.8491056437556,1676.4790611612771,1855.0682935357961,1,29,30,81,64
79,30,29,LinearHeuristicAuction,0.2,0.08,,True,,1000,10800,cats_reg_g30b150,,False,CATS,150,regions,MultiMinded,141,Balance,15.35999999998603,2267.359,5,2060.3,919.01300000000003,2255.609,2418.6900529609161,1668.2294266120659,1710.0393791516931,1,30,33,78,59
80,30,37,LinearHeuristicAuction,0.2,0.08,,True,,1000,10800,cats_reg_g30b150,,False,CATS,150,regions,MultiMinded,71,Balance,7.480000000010477,2112.5864,9,1592.54,576.49599999999998,1990.7174,2045.8498932825905,1180.6091369818,1350.7056998400988,1,28,43,83,67
81,30,33,LinearHeuristicAuction,0.2,0.08,,True,,1000,10800,cats_reg_g30b150,,False,CATS,150,regions,MultiMinded,65,Balance,7.190000000002328,1652.215,4,1316.69,725.81600000000003,1650.6599999999999,1725.8434002124532,1249.5489196373312,1303.4669460480425,1,30,45,71,63
82,30,35,LinearHeuristicAuction,0.2,0.08,,True,,1000,10800,cats_reg_g30b150,,False,CATS,150,regions,MultiMinded,96,Balance,10.760000000009313,2109.0315,7,1900.31,619.13249999999994,2109.0315,2138.7479409717139,1606.4304098892865,1824.8061328182359,1,30,70,90,65
83,30,32,LinearHeuristicAuction,0.2,0.08,,True,,1000,10800,cats_reg_g30b150,,False,CATS,150,regions,MultiMinded,97,Balance,10.770000000018626,2576.43019,7,2027.96,1059.6700000000001,2576.43019,2697.357942036735,1704.3199868939616,1730.5467990207389,1,30,25,76,62
84,30,34,LinearHeuristicAuction,0.2,0.08,,True,,1000,10800,cats_reg_g30b150,,False,CATS,150,regions,MultiMinded,75,Balance,7.8399999999965075,1983.6759000000002,8,1485.27,650.14099999999996,1970.4728,1993.3926762509984,1263.9772857742153,1493.8186273057518,1,29,52,80,64
85,30,33,LinearHeuristicAuction,0.2,0.08,,True,,1000,10800,cats_reg_g30b150,,False,CATS,150,regions,MultiMinded,77,Balance,7.970000000001164,1650.3177,5,1136.81,534.83399999999995,1650.3177,1606.6865980662142,1200.9283824928134,1290.4818565500714,1,30,37,80,63
86,30,37,LinearHeuristicAuction,0.2,0.08,,True,,1000,10800,cats_reg_g30b150,,False,CATS,150,regions,MultiMinded,85,Balance,8.89999999999418,2073.2363,6,1605.13,504.47649999999999,2069.3503,2029.898049512303,1533.7799898402438,1667.8733472552271,1,30,12,78,67
87,30,34,LinearHeuristicAuction,0.2,0.08,,True,,1000,10800,cats_reg_g30b150,,False,CATS,150,regions,MultiMinded,1000,MaxIter,112.38999999998487,2161.5317,4,1611.82,461.19499999999999,1780.7587,2118.4428149677688,0.0,113.12847025377206,1,30,30,88,64
88,30,35,LinearHeuristicAuction,0.2,0.08,,True,,1000,10800,cats_reg_g30b150,,False,CATS,150,regions,MultiMinded,67,Balance,7.290000000008149,1960.6723,7,1579.4,529.16499999999996,1852.6401,1980.9561589252182,1441.4560260627059,1527.6312637472543,1,29,35,81,65
89,30,40,LinearHeuristicAuction,0.2,0.08,,True,,1000,10800,cats_reg_g30b150,,False,CATS,150,regions,MultiMinded,67,Balance,7.320000000006985,2103.4608,12,1324.86,455.78500000000003,1933.7631000000001,1743.3527849819754,1003.8420281773419,1348.5754314835103,1,27,20,83,70
90,30,36,LinearHeuristicAuction,0.2,0.08,,True,,1000,10800,cats_reg_g30b150,,False,CATS,150,regions,MultiMinded,207,Balance,22.539999999979045,2252.2093,7,1749.09,686.99800000000005,2252.2093,2125.4605186793879,1426.6163126549345,1558.5203518388619,1,29,2,89,66
91,30,37,LinearHeuristicAuction,0.2,0.08,,True,,1000,10800,cats_reg_g30b150,,False,CATS,150,regions,MultiMinded,53,Balance,5.290000000008149,2533.4677,11,1557.05,605.50300000000004,2433.7927999999997,2380.9620196817,1495.3092218063643,1792.2054615315187,1,29,29,75,67
92,30,37,LinearHeuristicAuction,0.2,0.08,,True,,1000,10800,cats_reg_g30b150,,False,CATS,150,regions,MultiMinded,75,Balance,7.8399999999965075,2087.0795,9,1557.29,467.12700000000001,2087.0795,2116.6756780777914,1442.6137537789837,1534.1174506319119,1,30,29,85,67
93,30,34,LinearHeuristicAuction,0.2,0.08,,True,,1000,10800,cats_reg_g30b150,,False,CATS,150,regions,MultiMinded,70,Balance,6.739999999990687,2220.4165999999996,7,1477.09,531.97949999999992,2005.2830999999999,2109.2344305024571,1534.8765203990665,1687.5506830572715,1,30,45,80,64
94,30,33,LinearHeuristicAuction,0.2,0.08,,True,,1000,10800,cats_reg_g30b150,,False,CATS,150,regions,MultiMinded,78,Balance,8.010000000009313,2089.1439,6,1850.23,583.02999999999997,2075.2699000000002,2053.8891459500924,1587.4651459500922,1848.1546813557354,1,28,60,78,63
95,30,36,LinearHeuristicAuction,0.2,0.08,,True,,1000,10800,cats_reg_g30b150,,False,CATS,150,regions,MultiMinded,280,Balance,31.30999999999767,2218.1557,7,1747.55,732.99250000000006,2218.1557,2182.9587582178992,1394.6075638402192,1551.8842281370123,1,30,73,89,66
96,30,33,LinearHeuristicAuction,0.2,0.08,,True,,1000,10800,cats_reg_g30b150,,False,CATS,150,regions,MultiMinded,93,Balance,9.989999999990687,1873.9284000000002,7,1690.89,555.43200000000002,1842.0994,1890.424345529093,1296.0247249949161,1432.8008236352612,1,29,81,80,63
97,30,37,LinearHeuristicAuction,0.2,0.08,,True,,1000,10800,cats_reg_g30b150,,False,CATS,150,regions,MultiMinded,90,Balance,9.709999999991851,1853.4531000000002,9,1334.16,635.36699999999996,1676.2931,1847.5067282403731,1051.2192010779065,1179.1294493850637,1,28,38,84,67
98,30,36,LinearHeuristicAuction,0.2,0.08,,True,,1000,10800,cats_reg_g30b150,,False,CATS,150,regions,MultiMinded,71,Balance,7.850000000005821,2779.0163,8,2131.76,620.35799999999995,2779.0163,2740.1470838422802,1828.110942687814,2003.5714274330905,1,30,12,78,66
99,30,37,LinearHeuristicAuction,0.2,0.08,,True,,1000,10800,cats_reg_g30b150,,False,CATS,150,regions,MultiMinded,118,Balance,12.610000000015134,2286.8288000000002,5,1573.72,543.00099999999998,2286.8288000000002,2365.5477853055327,1931.1469853055323,2044.7849093130105,1,28,31,86,67
100,30,32,LinearHeuristicAuction,0.2,0.08,,True,,1000,10800,cats_reg_g30b150,,False,CATS,150,regions,MultiMinded,125,Balance,13.60000000000582,1906.0085,5,1496.95,591.39400000000001,1834.6555000000003,1799.1273806052782,1370.6422462759133,1619.43240481258,1,30,75,80,62
