idx,items,agents,auction_class,epsilon,stepc,epoch,scalebyvalue,reserve_type,maxiter,maxtime,generator_param_name,personalized,int_prices,generator,bids,distribution,type,rounds,status,runtime,efficient_value,final_num_winners,final_max_agent_value,final_scalevalue,final_value,final_total_price,final_revenue,final_indirect_util,final_price_degree,final_price_sparsity,final_imbalance,final_wd_nvars,final_wd_ncons
1,30,36,LinearHeuristicAuction,0.2,0.02,,True,,1000,10800,cats_reg_g30b150,,False,CATS,150,regions,MultiMinded,616,Balance,70.53999999997905,2502.8085,12,1712.02,630.28700000000003,2357.2425999999996,2154.7147596901409,1275.8967161711755,1636.814124317631,1,28,51,84,66
2,30,38,LinearHeuristicAuction,0.2,0.02,,True,,1000,10800,cats_reg_g30b150,,False,CATS,150,regions,MultiMinded,171,Balance,19.729999999981374,2067.4249,7,1460.04,478.96600000000001,2057.0263999999997,2040.7207753936843,1512.7679266294033,1568.7602337986116,1,29,46,88,68
3,30,36,LinearHeuristicAuction,0.2,0.02,,True,,1000,10800,cats_reg_g30b150,,False,CATS,150,regions,MultiMinded,69,Balance,7.100000000005821,2226.2472000000002,3,1961.0,494.50999999999999,2226.2472000000002,2206.3822745852694,1988.7978745852697,2030.2944291948447,1,28,25,76,66
4,30,38,LinearHeuristicAuction,0.2,0.02,,True,,1000,10800,cats_reg_g30b150,,False,CATS,150,regions,MultiMinded,71,Balance,7.850000000005821,2004.9491999999998,11,1505.7,557.86300000000006,2004.9491999999998,1885.4595011234653,911.02898160616837,1032.7167428425473,1,30,5,81,68
5,30,35,LinearHeuristicAuction,0.2,0.02,,True,,1000,10800,cats_reg_g30b150,,False,CATS,150,regions,MultiMinded,17,Balance,1.8099999999976717,1864.626,2,1703.97,505.12049999999999,1813.7730000000001,1809.9465350696828,1691.4374376762664,1857.2067913389992,1,30,29,71,65
6,30,35,LinearHeuristicAuction,0.2,0.02,,True,,1000,10800,cats_reg_g30b150,,False,CATS,150,regions,MultiMinded,58,Balance,5.569999999977881,2116.0368,2,1959.83,614.52500000000009,2035.6147999999998,2114.8014340442433,1958.2376431993705,2029.2049424855779,1,29,50,73,65
7,30,35,LinearHeuristicAuction,0.2,0.02,,True,,1000,10800,cats_reg_g30b150,,False,CATS,150,regions,MultiMinded,31,Balance,3.2899999999790452,2031.9575,6,1330.11,558.39999999999998,2031.9575,1943.8570452187168,1381.8880208475052,1548.4034527413016,1,30,22,75,65
8,30,35,LinearHeuristicAuction,0.2,0.02,,True,,1000,10800,cats_reg_g30b150,,False,CATS,150,regions,MultiMinded,85,Balance,9.090000000025611,2027.57669,7,1379.5,642.28750000000002,1859.9806899999999,1730.2556452083438,1265.6676358795987,1547.5381048520267,1,30,27,74,65
9,30,36,LinearHeuristicAuction,0.2,0.02,,True,,1000,10800,cats_reg_g30b150,,False,CATS,150,regions,MultiMinded,54,Balance,5.820000000006985,1859.5272999999997,8,1542.29,443.88650000000001,1763.6641,1796.6814849862822,1264.0176849862821,1392.8721147577658,1,27,75,82,66
10,30,34,LinearHeuristicAuction,0.2,0.02,,True,,1000,10800,cats_reg_g30b150,,False,CATS,150,regions,MultiMinded,1000,MaxIter,108.64999999999418,2566.974,2,2112.56,626.02300000000002,1259.7232,2508.7578904586558,0.0,179.54906442804153,1,29,43,77,64
11,30,36,LinearHeuristicAuction,0.2,0.02,,True,,1000,10800,cats_reg_g30b150,,False,CATS,150,regions,MultiMinded,37,Balance,3.7999999999883585,2431.6115,4,2098.81,721.22149999999999,2431.6115,2208.3878672024966,1914.769066031409,2175.972109282719,1,28,45,76,66
12,30,32,LinearHeuristicAuction,0.2,0.02,,True,,1000,10800,cats_reg_g30b150,,False,CATS,150,regions,MultiMinded,203,Balance,23.079999999987194,1865.81568,7,1645.15,855.13049999999998,1787.8909999999998,1792.3187550096177,1111.6458683375497,1255.9415385646012,1,30,88,76,62
13,30,35,LinearHeuristicAuction,0.2,0.02,,True,,1000,10800,cats_reg_g30b150,,False,CATS,150,regions,MultiMinded,399,Balance,48.55999999999767,1773.5022000000001,8,1494.31,678.60900000000004,1432.3605,1728.1236994395174,880.11079515266044,1039.9965370547857,1,30,104,87,65
14,30,32,LinearHeuristicAuction,0.2,0.02,,True,,1000,10800,cats_reg_g30b150,,False,CATS,150,regions,MultiMinded,220,Balance,24.239999999990687,1980.1873000000003,6,1559.99,631.08900000000006,1786.686,1779.2576731198758,1289.7010537531678,1497.3729010970501,1,29,25,73,62
15,30,36,LinearHeuristicAuction,0.2,0.02,,True,,1000,10800,cats_reg_g30b150,,False,CATS,150,regions,MultiMinded,24,Balance,2.679999999993015,2512.4141000000004,3,2312.23,781.00699999999995,2512.4141000000004,2514.3710008995617,2311.3091808995619,2478.3564288561442,1,29,31,70,66
16,30,34,LinearHeuristicAuction,0.2,0.02,,True,,1000,10800,cats_reg_g30b150,,False,CATS,150,regions,MultiMinded,42,Balance,4.429999999993015,1929.452,4,1789.44,584.255,1909.1155,1935.2943471898816,1774.8265333898808,1868.6678608100785,1,28,50,72,64
17,30,33,LinearHeuristicAuction,0.2,0.02,,True,,1000,10800,cats_reg_g30b150,,False,CATS,150,regions,MultiMinded,110,Balance,12.60999999998603,1934.7395999999999,2,1626.95,730.93200000000002,1694.8876,1825.1480029428458,1620.3310090527686,1695.8954586983039,1,30,62,77,63
18,30,34,LinearHeuristicAuction,0.2,0.02,,True,,1000,10800,cats_reg_g30b150,,False,CATS,150,regions,MultiMinded,33,Balance,3.429999999993015,2504.1384,4,1818.33,781.33600000000001,2504.1384,2419.5262309012742,2026.8552182458914,2200.7706874287651,1,29,19,72,64
19,30,36,LinearHeuristicAuction,0.2,0.02,,True,,1000,10800,cats_reg_g30b150,,False,CATS,150,regions,MultiMinded,8,Balance,0.7900000000081491,2560.7110000000002,12,1508.06,549.71399999999994,2554.963,2168.1304190195756,1244.6108990195762,1739.2641818406084,1,28,15,70,66
20,30,37,LinearHeuristicAuction,0.2,0.02,,True,,1000,10800,cats_reg_g30b150,,False,CATS,150,regions,MultiMinded,512,Balance,55.35000000000582,1801.7813999999998,10,1490.47,395.125,1789.0344,1786.2396206065728,1120.1377219744099,1175.8825944439241,1,30,30,95,67
21,30,33,LinearHeuristicAuction,0.2,0.02,,True,,1000,10800,cats_reg_g30b150,,False,CATS,150,regions,MultiMinded,90,Balance,10.080000000016298,1553.7635,3,1374.19,778.39550000000008,1553.7635,1520.5747657933143,1254.0461396672017,1331.3501135410893,1,30,25,71,63
22,30,38,LinearHeuristicAuction,0.2,0.02,,True,,1000,10800,cats_reg_g30b150,,False,CATS,150,regions,MultiMinded,1000,MaxIter,114.55000000001746,2312.252,5,2123.59,638.69949999999994,2023.7920000000001,2392.9568861967614,1083.4354302037409,1086.0573371571643,1,29,85,87,68
23,30,38,LinearHeuristicAuction,0.2,0.02,,True,,1000,10800,cats_reg_g30b150,,False,CATS,150,regions,MultiMinded,113,Balance,12.330000000016298,2354.8725,7,1818.1,597.00800000000004,2354.8725,2097.2268757638085,1702.3989443196463,1960.9826172341329,1,29,4,82,68
24,30,35,LinearHeuristicAuction,0.2,0.02,,True,,1000,10800,cats_reg_g30b150,,False,CATS,150,regions,MultiMinded,1000,MaxIter,112.41000000000349,1892.4884,5,1241.36,538.58849999999995,1491.9232000000002,1748.352487688649,0.0,224.25932612557332,1,30,44,82,65
25,30,33,LinearHeuristicAuction,0.2,0.02,,True,,1000,10800,cats_reg_g30b150,,False,CATS,150,regions,MultiMinded,219,Balance,24.95999999999185,1741.0822999999998,6,1538.41,861.41849999999999,1527.1990999999998,1612.987960659847,1088.9875854999241,1249.934372663944,1,29,85,74,63
26,30,34,LinearHeuristicAuction,0.2,0.02,,True,,1000,10800,cats_reg_g30b150,,False,CATS,150,regions,MultiMinded,121,Balance,11.85000000000582,2008.668,3,1919.5,424.82100000000003,2008.668,2017.8809436643573,1918.4124474665482,2024.9500450536671,1,30,54,73,64
27,30,32,LinearHeuristicAuction,0.2,0.02,,True,,1000,10800,cats_reg_g30b150,,False,CATS,150,regions,MultiMinded,1000,MaxIter,101.0799999999872,2175.2061,3,1890.21,644.31150000000002,1676.4789,2068.0781682803326,635.10115496420531,645.1917113937277,1,28,21,75,62
28,30,37,LinearHeuristicAuction,0.2,0.02,,True,,1000,10800,cats_reg_g30b150,,False,CATS,150,regions,MultiMinded,15,Balance,1.5,2040.43179,9,1615.6,517.23699999999997,1991.07949,2059.0712276293925,1557.9299849009017,1794.8399740716559,1,29,32,71,67
29,30,33,LinearHeuristicAuction,0.2,0.02,,True,,1000,10800,cats_reg_g30b150,,False,CATS,150,regions,MultiMinded,37,Balance,4.070000000006985,2111.632,3,1854.64,708.57899999999995,2009.6580000000001,2059.709391225696,1854.1242325492747,2173.2181380739971,1,30,68,69,63
30,30,35,LinearHeuristicAuction,0.2,0.02,,True,,1000,10800,cats_reg_g30b150,,False,CATS,150,regions,MultiMinded,1000,MaxIter,109.22000000000116,2323.0769999999998,8,1594.17,462.18150000000003,2025.4813000000004,2033.0759795101394,647.78527542122833,868.30367165716711,1,28,25,83,65
31,30,34,LinearHeuristicAuction,0.2,0.02,,True,,1000,10800,cats_reg_g30b150,,False,CATS,150,regions,MultiMinded,45,Balance,4.319999999977881,2659.4860000000003,6,2167.09,585.07799999999997,2659.4860000000003,2546.1279577469913,2047.8899692791445,2184.4693287721843,1,27,6,72,64
32,30,37,LinearHeuristicAuction,0.2,0.02,,True,,1000,10800,cats_reg_g30b150,,False,CATS,150,regions,MultiMinded,115,Balance,12.5,1999.8556999999998,8,1545.46,522.50199999999995,1910.9342000000001,1833.4522869776235,1170.1298471850243,1314.492695393368,1,30,58,84,67
33,30,37,LinearHeuristicAuction,0.2,0.02,,True,,1000,10800,cats_reg_g30b150,,False,CATS,150,regions,MultiMinded,21,Balance,2.070000000006985,1805.9524000000001,4,1582.17,487.50400000000002,1790.6487000000002,1682.5286762720286,1572.9796803769916,1818.1641026613324,1,28,46,77,67
34,30,39,LinearHeuristicAuction,0.2,0.02,,True,,1000,10800,cats_reg_g30b150,,False,CATS,150,regions,MultiMinded,1000,MaxIter,121.82000000000698,1983.6001999999999,4,1564.76,623.41200000000003,1690.525,2044.1334349281412,251.25322723006747,252.04507473441367,1,30,62,89,69
35,30,38,LinearHeuristicAuction,0.2,0.02,,True,,1000,10800,cats_reg_g30b150,,False,CATS,150,regions,MultiMinded,189,Balance,20.70999999999185,2341.4052,8,1755.59,637.298,2341.4052,2275.0160521122548,1472.020572112255,1644.8032092571871,1,29,21,86,68
36,30,33,LinearHeuristicAuction,0.2,0.02,,True,,1000,10800,cats_reg_g30b150,,False,CATS,150,regions,MultiMinded,1000,MaxIter,116.36999999999534,2136.9992,3,1693.26,587.83249999999998,1831.3418,2149.7748451318048,0.0,50.100460323774762,1,29,102,85,63
37,30,34,LinearHeuristicAuction,0.2,0.02,,True,,1000,10800,cats_reg_g30b150,,False,CATS,150,regions,MultiMinded,572,Balance,61.97999999998137,1991.3467,3,1812.59,701.23299999999995,1939.0544,1970.498890327199,1770.5936178506465,1883.672424547098,1,30,28,76,64
38,30,40,LinearHeuristicAuction,0.2,0.02,,True,,1000,10800,cats_reg_g30b150,,False,CATS,150,regions,MultiMinded,56,Balance,6.3399999999965075,2724.0288,6,2153.9,576.38300000000004,2724.0288,2385.913305033303,2009.9423552212313,2378.3101457712364,1,29,24,87,70
39,30,30,LinearHeuristicAuction,0.2,0.02,,True,,1000,10800,cats_reg_g30b150,,False,CATS,150,regions,MultiMinded,43,Balance,4.240000000019791,1968.0602,1,1918.66,764.726,1918.66,2063.5822195882988,1910.6370195882987,1999.8761374066312,1,30,56,65,60
40,30,33,LinearHeuristicAuction,0.2,0.02,,True,,1000,10800,cats_reg_g30b150,,False,CATS,150,regions,MultiMinded,42,Balance,4.580000000016298,1942.0583000000001,3,1674.34,688.69799999999998,1942.0583000000001,1895.0236729541634,1574.4023837967643,1622.0669687030763,1,30,3,71,63
41,30,35,LinearHeuristicAuction,0.2,0.02,,True,,1000,10800,cats_reg_g30b150,,False,CATS,150,regions,MultiMinded,50,Balance,5.53000000002794,1877.7214099999999,7,1423.29,646.35299999999995,1831.2470099999998,1831.7465625713039,1278.6197008804199,1390.5904560097704,1,29,52,78,65
42,30,32,LinearHeuristicAuction,0.2,0.02,,True,,1000,10800,cats_reg_g30b150,,False,CATS,150,regions,MultiMinded,129,Balance,14.169999999983702,2111.841,4,1703.5,646.17399999999998,2111.841,2095.9499383202974,1708.2455383202976,1764.7927275776747,1,29,32,74,62
43,30,40,LinearHeuristicAuction,0.2,0.02,,True,,1000,10800,cats_reg_g30b150,,False,CATS,150,regions,MultiMinded,127,Balance,14.589999999996508,2446.7208,11,1927.69,685.90899999999999,2321.3928,2155.0826573389472,1099.8249679660644,1418.0890162617661,1,29,44,83,70
44,30,35,LinearHeuristicAuction,0.2,0.02,,True,,1000,10800,cats_reg_g30b150,,False,CATS,150,regions,MultiMinded,102,Balance,11.329999999987194,1711.1515999999997,7,1299.51,651.40899999999999,1598.4288999999999,1579.6287424183479,872.37443080582852,1017.7084158678283,1,30,23,79,65
45,30,38,LinearHeuristicAuction,0.2,0.02,,True,,1000,10800,cats_reg_g30b150,,False,CATS,150,regions,MultiMinded,802,Balance,97.79999999998836,2034.5094,8,1828.07,742.07299999999998,1876.4824999999998,2040.3220901195239,1201.3907660984119,1226.5793794066387,1,30,90,93,68
46,30,31,LinearHeuristicAuction,0.2,0.02,,True,,1000,10800,cats_reg_g30b150,,False,CATS,150,regions,MultiMinded,34,Balance,3.5499999999883585,2564.0325000000003,4,2373.4,807.26099999999997,2564.0325000000003,2462.1953410940123,2098.0378497727561,2201.5625459465214,1,30,5,68,61
47,30,37,LinearHeuristicAuction,0.2,0.02,,True,,1000,10800,cats_reg_g30b150,,False,CATS,150,regions,MultiMinded,24,Balance,2.5599999999976717,2233.1322,7,1669.44,664.97900000000004,2233.1322,1969.4494750231399,1648.0125835628473,2060.3012809968768,1,29,46,70,67
48,30,35,LinearHeuristicAuction,0.2,0.02,,True,,1000,10800,cats_reg_g30b150,,False,CATS,150,regions,MultiMinded,53,Balance,5.880000000004657,2069.4358,2,1826.01,556.24350000000004,1917.7739,1956.4326810553891,1825.6293043900159,2042.5984326207035,1,30,71,78,65
49,30,30,LinearHeuristicAuction,0.2,0.02,,True,,1000,10800,cats_reg_g30b150,,False,CATS,150,regions,MultiMinded,29,Balance,3.0599999999976717,1979.7895999999998,6,1594.07,673.82600000000002,1979.7895999999998,2000.7749906089664,1525.1161892496943,1689.9624576779513,1,29,45,64,60
50,30,33,LinearHeuristicAuction,0.2,0.02,,True,,1000,10800,cats_reg_g30b150,,False,CATS,150,regions,MultiMinded,122,Balance,12.839999999996508,2110.6722999999997,6,1335.35,460.47550000000001,2084.2086,1931.1307802342706,1608.9165584930333,1857.1323831582054,1,29,46,79,63
51,30,37,LinearHeuristicAuction,0.2,0.02,,True,,1000,10800,cats_reg_g30b150,,False,CATS,150,regions,MultiMinded,27,Balance,3.029999999998836,2245.4244000000003,6,1882.26,597.73699999999997,2245.4244000000003,2166.2016845963503,1652.1478645963507,1762.8842169838408,1,28,31,79,67
52,30,32,LinearHeuristicAuction,0.2,0.02,,True,,1000,10800,cats_reg_g30b150,,False,CATS,150,regions,MultiMinded,114,Balance,11.270000000018626,1756.6213,5,1409.87,556.45500000000004,1694.7150000000001,1658.9633652941418,1202.6702652941417,1336.0482140693432,1,29,39,71,62
53,30,34,LinearHeuristicAuction,0.2,0.02,,True,,1000,10800,cats_reg_g30b150,,False,CATS,150,regions,MultiMinded,26,Balance,2.540000000008149,2325.6629000000003,6,1796.97,570.23000000000002,2248.7839000000004,2092.8460667712734,1691.3571125445617,2030.9798722252433,1,29,37,67,64
54,30,37,LinearHeuristicAuction,0.2,0.02,,True,,1000,10800,cats_reg_g30b150,,False,CATS,150,regions,MultiMinded,140,Balance,16.769999999989523,2355.424,6,2152.9,670.553,2355.424,2232.2499382464725,1803.0960182464728,1945.6298721317037,1,28,57,89,67
55,30,33,LinearHeuristicAuction,0.2,0.02,,True,,1000,10800,cats_reg_g30b150,,False,CATS,150,regions,MultiMinded,1000,MaxIter,105.93999999997322,2078.1524999999997,8,1352.37,548.28150000000005,1425.5235,2036.4913593624701,247.95571358799614,311.73278719361372,1,30,30,79,63
56,30,39,LinearHeuristicAuction,0.2,0.02,,True,,1000,10800,cats_reg_g30b150,,False,CATS,150,regions,MultiMinded,70,Balance,8.110000000015134,1893.3772000000004,9,1498.24,591.42200000000003,1819.2022000000002,1712.1216608132179,925.37272673506504,1135.0903012788424,1,29,38,84,69
57,30,36,LinearHeuristicAuction,0.2,0.02,,True,,1000,10800,cats_reg_g30b150,,False,CATS,150,regions,MultiMinded,94,Balance,10.180000000022119,1899.5301999999997,5,1604.44,621.16750000000002,1763.1708999999998,1876.8804334092256,1405.9923565706322,1447.7414062291714,1,30,16,81,66
58,30,36,LinearHeuristicAuction,0.2,0.02,,True,,1000,10800,cats_reg_g30b150,,False,CATS,150,regions,MultiMinded,347,Balance,42.19000000000233,2429.6093,4,2057.42,832.86300000000006,2287.9113,2297.7298123825294,1988.9408317324185,2149.4049055623505,1,29,62,83,66
59,30,39,LinearHeuristicAuction,0.2,0.02,,True,,1000,10800,cats_reg_g30b150,,False,CATS,150,regions,MultiMinded,93,Balance,11.49000000001979,2064.9126,3,1772.9,622.28800000000001,2039.5116,2043.291335888176,1772.2220417440622,1930.4301745388605,1,30,83,83,69
60,30,35,LinearHeuristicAuction,0.2,0.02,,True,,1000,10800,cats_reg_g30b150,,False,CATS,150,regions,MultiMinded,1000,MaxIter,101.45999999999185,1956.0875,6,1842.74,450.80399999999997,1697.8015,1865.4136704770144,733.48085486512525,820.82950739496675,1,28,32,79,65
61,30,37,LinearHeuristicAuction,0.2,0.02,,True,,1000,10800,cats_reg_g30b150,,False,CATS,150,regions,MultiMinded,611,Balance,67.70000000001164,1951.6029999999998,9,1560.47,530.9905,1902.7827999999997,1853.5129108144358,1167.9549739323288,1297.6907817679642,1,30,35,85,67
62,30,34,LinearHeuristicAuction,0.2,0.02,,True,,1000,10800,cats_reg_g30b150,,False,CATS,150,regions,MultiMinded,101,Balance,11.14000000001397,1978.0167,4,1737.89,582.94900000000007,1941.8931400000001,1889.9779280925634,1733.9819459281994,1928.1671858609645,1,30,58,75,64
63,30,30,LinearHeuristicAuction,0.2,0.02,,True,,1000,10800,cats_reg_g30b150,,False,CATS,150,regions,MultiMinded,79,Balance,8.39999999999418,2547.4234,5,1821.34,869.476,2547.4234,2363.0867792001077,1886.6831106481536,2168.1889257976914,1,29,66,69,60
64,30,34,LinearHeuristicAuction,0.2,0.02,,True,,1000,10800,cats_reg_g30b150,,False,CATS,150,regions,MultiMinded,86,Balance,9.420000000012806,2427.9729,8,1844.14,792.92899999999997,2427.9729,2215.642044839451,1438.261238263791,1675.4432455273509,1,30,41,75,64
65,30,36,LinearHeuristicAuction,0.2,0.02,,True,,1000,10800,cats_reg_g30b150,,False,CATS,150,regions,MultiMinded,1000,MaxIter,116.95999999999185,2209.3287,5,1779.98,732.52250000000004,1623.2435,2096.6350154695065,0.0,171.22389404296359,1,29,43,83,66
66,30,30,LinearHeuristicAuction,0.2,0.02,,True,,1000,10800,cats_reg_g30b150,,False,CATS,150,regions,MultiMinded,11,Balance,1.0599999999976717,2387.3904,2,2290.03,553.03500000000008,2387.3904,2358.1104225018548,2236.4427225018549,2481.6060793999723,1,29,43,61,60
67,30,41,LinearHeuristicAuction,0.2,0.02,,True,,1000,10800,cats_reg_g30b150,,False,CATS,150,regions,MultiMinded,20,Balance,2.1600000000034925,2130.5865999999996,8,1569.3,447.20299999999997,2086.2838,2005.88430472445,1598.9474579699106,1904.3622908734733,1,28,50,85,71
68,30,34,LinearHeuristicAuction,0.2,0.02,,True,,1000,10800,cats_reg_g30b150,,False,CATS,150,regions,MultiMinded,27,Balance,2.75,1871.0335999999998,7,1491.62,623.48450000000003,1804.1255,1857.4030908570314,1274.8747520935367,1385.5085551018242,1,30,18,73,64
69,30,34,LinearHeuristicAuction,0.2,0.02,,True,,1000,10800,cats_reg_g30b150,,False,CATS,150,regions,MultiMinded,42,Balance,4.5899999999965075,2248.1536,8,1918.69,909.28949999999998,2248.1536,2228.0231531207228,1410.8808260088981,1503.8449160858331,1,29,47,71,64
70,30,32,LinearHeuristicAuction,0.2,0.02,,True,,1000,10800,cats_reg_g30b150,,False,CATS,150,regions,MultiMinded,127,Balance,14.35000000000582,2074.3614,8,1794.89,671.03600000000006,2062.3628,1924.0087735520385,1162.5198291965485,1309.0981268146015,1,30,32,70,62
71,30,30,LinearHeuristicAuction,0.2,0.02,,True,,1000,10800,cats_reg_g30b150,,False,CATS,150,regions,MultiMinded,712,Balance,77.36000000001513,2107.4125,7,1919.92,672.68100000000004,2032.9072,2121.2284444773263,1343.1349986225273,1398.2922006184381,1,29,48,74,60
72,30,35,LinearHeuristicAuction,0.2,0.02,,True,,1000,10800,cats_reg_g30b150,,False,CATS,150,regions,MultiMinded,24,Balance,2.4100000000034925,1946.4843000000003,8,1216.53,554.09649999999999,1917.7996999999998,1775.3926217386779,1302.656239372187,1578.3183336164914,1,29,41,73,65
73,30,35,LinearHeuristicAuction,0.2,0.02,,True,,1000,10800,cats_reg_g30b150,,False,CATS,150,regions,MultiMinded,132,Balance,13.700000000011642,1852.6272999999999,9,1445.38,663.03899999999999,1636.202,1692.531312924239,1105.1482651061438,1393.3567971745601,1,30,67,76,65
74,30,31,LinearHeuristicAuction,0.2,0.02,,True,,1000,10800,cats_reg_g30b150,,False,CATS,150,regions,MultiMinded,340,Balance,38.39000000001397,2020.0417,2,1744.34,781.83899999999994,1853.2069999999999,1946.1151991229738,1742.8370591229739,1848.2406067847501,1,30,67,74,61
75,30,39,LinearHeuristicAuction,0.2,0.02,,True,,1000,10800,cats_reg_g30b150,,False,CATS,150,regions,MultiMinded,1000,MaxIter,120.17999999999302,2549.9302,4,1890.83,637.39099999999996,2081.0525,2437.1137108565499,0.0,189.59011224814728,1,30,28,91,69
76,30,36,LinearHeuristicAuction,0.2,0.02,,True,,1000,10800,cats_reg_g30b150,,False,CATS,150,regions,MultiMinded,1000,MaxIter,111.77000000001863,1970.4382,2,1633.82,405.01099999999997,1741.397,2028.715092524551,0.0,35.511824415646451,1,30,52,79,66
77,30,34,LinearHeuristicAuction,0.2,0.02,,True,,1000,10800,cats_reg_g30b150,,False,CATS,150,regions,MultiMinded,52,Balance,6.080000000016298,1646.3148,6,1576.38,831.28949999999998,1432.5188,1678.9141545131322,862.89076680005428,911.11520353582716,1,30,43,72,64
78,30,34,LinearHeuristicAuction,0.2,0.02,,True,,1000,10800,cats_reg_g30b150,,False,CATS,150,regions,MultiMinded,181,Balance,19.529999999998836,2412.1546,7,1881.66,768.41550000000007,2301.3391,2311.7805949606623,1526.0758448525714,1641.253979000508,1,29,24,76,64
79,30,29,LinearHeuristicAuction,0.2,0.02,,True,,1000,10800,cats_reg_g30b150,,False,CATS,150,regions,MultiMinded,59,Balance,6.169999999983702,2267.359,5,2060.3,919.01300000000003,2255.609,2327.0686547551468,1673.5191527346526,1869.4679627179639,1,29,89,67,59
80,30,37,LinearHeuristicAuction,0.2,0.02,,True,,1000,10800,cats_reg_g30b150,,False,CATS,150,regions,MultiMinded,28,Balance,3.070000000006985,2112.5864,9,1592.54,576.49599999999998,1990.7174,2007.5593699439801,1191.7521051007343,1403.100907477439,1,28,74,77,67
81,30,33,LinearHeuristicAuction,0.2,0.02,,True,,1000,10800,cats_reg_g30b150,,False,CATS,150,regions,MultiMinded,73,Balance,8.090000000025611,1652.215,4,1316.69,725.81600000000003,1652.215,1654.8630437165825,1181.560116810203,1198.0051733209127,1,30,49,71,63
82,30,35,LinearHeuristicAuction,0.2,0.02,,True,,1000,10800,cats_reg_g30b150,,False,CATS,150,regions,MultiMinded,1000,MaxIter,118.35000000000582,2109.0315,3,1900.31,619.13249999999994,1170.8374999999999,2152.9254525916667,0.0,48.92245096928513,1,30,74,86,65
83,30,32,LinearHeuristicAuction,0.2,0.02,,True,,1000,10800,cats_reg_g30b150,,False,CATS,150,regions,MultiMinded,65,Balance,7.100000000005821,2576.43019,7,2027.96,1059.6700000000001,2576.43019,2576.0949128031657,1572.472148425868,1617.9454282568265,1,30,19,72,62
84,30,34,LinearHeuristicAuction,0.2,0.02,,True,,1000,10800,cats_reg_g30b150,,False,CATS,150,regions,MultiMinded,27,Balance,2.6499999999941792,1983.6759000000002,7,1485.27,650.14099999999996,1907.8858,1916.6369175385212,1314.0227768692992,1570.4116745860329,1,29,57,71,64
85,30,33,LinearHeuristicAuction,0.2,0.02,,True,,1000,10800,cats_reg_g30b150,,False,CATS,150,regions,MultiMinded,33,Balance,3.5599999999976717,1650.3177,5,1136.81,534.83399999999995,1650.3177,1608.5780450413085,1233.8508386539609,1310.5977239514441,1,30,17,72,63
86,30,37,LinearHeuristicAuction,0.2,0.02,,True,,1000,10800,cats_reg_g30b150,,False,CATS,150,regions,MultiMinded,18,Balance,1.889999999984866,2073.2363,6,1605.13,504.47649999999999,2069.3503,1944.5401052430479,1510.690315243048,1699.2664643485348,1,30,11,76,67
87,30,34,LinearHeuristicAuction,0.2,0.02,,True,,1000,10800,cats_reg_g30b150,,False,CATS,150,regions,MultiMinded,1000,MaxIter,105.8299999999872,2161.5317,8,1611.82,461.19499999999999,1957.6967,2054.4674850613005,1011.954800013418,1186.2078658937435,1,28,24,80,64
88,30,35,LinearHeuristicAuction,0.2,0.02,,True,,1000,10800,cats_reg_g30b150,,False,CATS,150,regions,MultiMinded,112,Balance,12.549999999988358,1960.6723,6,1579.4,529.16499999999996,1896.3611,1899.9867687502906,1452.8849395548673,1567.5035934134007,1,29,39,80,65
89,30,40,LinearHeuristicAuction,0.2,0.02,,True,,1000,10800,cats_reg_g30b150,,False,CATS,150,regions,MultiMinded,28,Balance,3.179999999993015,2103.4608,12,1324.86,455.78500000000003,2103.4608,1763.5100682145016,1029.8785745911916,1413.1750118463042,1,27,9,79,70
90,30,36,LinearHeuristicAuction,0.2,0.02,,True,,1000,10800,cats_reg_g30b150,,False,CATS,150,regions,MultiMinded,30,Balance,3.1700000000128057,2252.2093,7,1749.09,686.99800000000005,2252.2093,2121.7905616197472,1423.2915584055627,1653.2719653021531,1,29,12,75,66
91,30,37,LinearHeuristicAuction,0.2,0.02,,True,,1000,10800,cats_reg_g30b150,,False,CATS,150,regions,MultiMinded,95,Balance,9.789999999979045,2533.4677,9,1557.05,605.50300000000004,2524.7637,2094.5372385819251,1549.5845385819252,1985.9892981123685,1,29,11,79,67
92,30,37,LinearHeuristicAuction,0.2,0.02,,True,,1000,10800,cats_reg_g30b150,,False,CATS,150,regions,MultiMinded,742,Balance,78.87000000002445,2087.0795,9,1557.29,467.12700000000001,2087.0795,1937.7953062762936,1316.6629845870573,1469.566333978084,1,30,36,83,67
93,30,34,LinearHeuristicAuction,0.2,0.02,,True,,1000,10800,cats_reg_g30b150,,False,CATS,150,regions,MultiMinded,7,Balance,0.6600000000034925,2220.4165999999996,8,1477.09,531.97949999999992,2187.6236,2087.4090732462878,1475.0710225448333,1713.0678363033878,1,30,26,69,64
94,30,33,LinearHeuristicAuction,0.2,0.02,,True,,1000,10800,cats_reg_g30b150,,False,CATS,150,regions,MultiMinded,143,Balance,15.60000000000582,2089.1439,4,1850.23,583.02999999999997,2035.0619,1987.459317322674,1754.2473173226742,1933.8018365697162,1,28,61,79,63
95,30,36,LinearHeuristicAuction,0.2,0.02,,True,,1000,10800,cats_reg_g30b150,,False,CATS,150,regions,MultiMinded,497,Balance,55.69000000000233,2218.1557,7,1747.55,732.99250000000006,2218.1557,2134.7851803352387,1417.8163958196139,1530.9185737555554,1,30,52,85,66
96,30,33,LinearHeuristicAuction,0.2,0.02,,True,,1000,10800,cats_reg_g30b150,,False,CATS,150,regions,MultiMinded,76,Balance,8.209999999991851,1873.9284000000002,4,1690.89,555.43200000000002,1873.9284000000002,1910.8533087997557,1689.8826661331314,1803.0647064441414,1,29,73,77,63
97,30,37,LinearHeuristicAuction,0.2,0.02,,True,,1000,10800,cats_reg_g30b150,,False,CATS,150,regions,MultiMinded,45,Balance,4.959999999991851,1853.4531000000002,9,1334.16,635.36699999999996,1790.8381,1781.6157180962712,981.05329809627096,1133.4153298524934,1,28,35,81,67
98,30,36,LinearHeuristicAuction,0.2,0.02,,True,,1000,10800,cats_reg_g30b150,,False,CATS,150,regions,MultiMinded,90,Balance,10.050000000017462,2779.0163,8,2131.76,620.35799999999995,2779.0163,2726.7441217181181,1846.6307133642715,1916.7051596712852,1,30,43,78,66
99,30,37,LinearHeuristicAuction,0.2,0.02,,True,,1000,10800,cats_reg_g30b150,,False,CATS,150,regions,MultiMinded,430,Balance,46.3300000000163,2286.8288000000002,6,1573.72,543.00099999999998,2217.4397,2273.5827475708634,1730.5817475708629,1826.8672357185828,1,28,27,83,67
100,30,32,LinearHeuristicAuction,0.2,0.02,,True,,1000,10800,cats_reg_g30b150,,False,CATS,150,regions,MultiMinded,74,Balance,7.889999999984866,1906.0085,5,1496.95,591.39400000000001,1834.6555000000003,1725.2196105044686,1374.9933597602978,1644.4275615960344,1,30,79,75,62
