idx,items,agents,auction_class,epsilon,stepc,epoch,scalebyvalue,reserve_type,maxiter,maxtime,generator_param_name,personalized,expstrat,int_prices,generator,bids,distribution,type,rounds,status,runtime,efficient_value,final_num_winners,final_max_agent_value,final_scalevalue,final_value,final_total_price,final_revenue,final_indirect_util,final_price_degree,final_price_sparsity,final_imbalance,final_wd_nvars,final_wd_ncons
1,10,17,AdaptiveCuttingAuction,0.05,0.04,10,True,,1000,10800,cats_reg_g10b50,True,abs,False,CATS,50,regions,MultiMinded,30,Balance,1.3800000000001091,681.0817,4,513.163,288.52699999999999,681.0817,680.54247300729503,622.83707300729498,625.91540388278872,1,10,3,40,27
2,10,19,AdaptiveCuttingAuction,0.05,0.04,10,True,,1000,10800,cats_reg_g10b50,True,abs,False,CATS,50,regions,MultiMinded,91,Balance,6.179999999999836,734.1289999999999,2,640.313,226.71899999999999,732.193,674.66108053803998,651.98918053803993,727.45691195758263,6,16,19,38,29
3,10,17,AdaptiveCuttingAuction,0.05,0.04,10,True,,1000,10800,cats_reg_g10b50,True,abs,False,CATS,50,regions,MultiMinded,32,Balance,1.9899999999997817,804.4359999999999,1,797.452,310.25200000000001,797.452,803.67514092449903,788.16254092449901,788.16254092449901,4,15,9,38,27
4,10,14,AdaptiveCuttingAuction,0.05,0.04,10,True,,1000,10800,cats_reg_g10b50,True,abs,False,CATS,50,regions,MultiMinded,9,Balance,0.2699999999999818,574.909,2,568.922,272.93700000000001,574.909,558.84928757701596,531.55558757701601,568.44203239002491,1,10,11,28,24
5,10,21,AdaptiveCuttingAuction,0.05,0.04,10,True,,1000,10800,cats_reg_g10b50,True,abs,False,CATS,50,regions,MultiMinded,50,Balance,2.849999999999909,650.6363,2,619.701,342.60149999999999,650.6363,642.67285698500234,608.41270698500227,625.22673093177775,8,15,13,42,31
6,10,17,AdaptiveCuttingAuction,0.05,0.04,10,True,,1000,10800,cats_reg_g10b50,True,abs,False,CATS,50,regions,MultiMinded,25,Balance,1.349999999999909,834.2848,4,784.19,470.66899999999998,834.2848,831.13470626307958,737.00090626307951,773.54790704791799,6,16,19,37,27
7,10,21,AdaptiveCuttingAuction,0.05,0.04,10,True,,1000,10800,cats_reg_g10b50,True,abs,False,CATS,50,regions,MultiMinded,43,Balance,3.4400000000000546,854.667,4,696.341,343.76999999999998,843.06,849.32356061254961,780.56956061254971,794.89283233315473,9,23,18,45,31
8,10,18,AdaptiveCuttingAuction,0.05,0.04,10,True,,1000,10800,cats_reg_g10b50,True,abs,False,CATS,50,regions,MultiMinded,52,Balance,3.7799999999997453,663.572,3,592.441,275.35000000000002,663.572,657.4736128153213,616.17111281532118,624.73080185557785,7,15,2,37,28
9,10,18,AdaptiveCuttingAuction,0.05,0.04,10,True,,1000,10800,cats_reg_g10b50,True,abs,False,CATS,50,regions,MultiMinded,9,Balance,0.3200000000001637,724.6032999999999,4,611.583,280.12,724.6032999999999,669.8182655031751,613.79426550317521,686.26206998831344,1,10,8,37,28
10,10,23,AdaptiveCuttingAuction,0.05,0.04,10,True,,1000,10800,cats_reg_g10b50,True,abs,False,CATS,50,regions,MultiMinded,39,Balance,2.1100000000001273,946.3547,4,784.828,433.57950000000005,946.3547,927.04076603634417,851.64226204348233,889.15588780415476,1,10,4,48,33
11,10,16,AdaptiveCuttingAuction,0.05,0.04,10,True,,1000,10800,cats_reg_g10b50,True,abs,False,CATS,50,regions,MultiMinded,25,Balance,1.3099999999999454,724.662,1,724.662,403.49950000000001,724.662,729.34708917616103,709.17211417616102,709.17211417616102,7,14,10,34,26
12,10,16,AdaptiveCuttingAuction,0.05,0.04,10,True,,1000,10800,cats_reg_g10b50,True,abs,False,CATS,50,regions,MultiMinded,30,Balance,1.2199999999998,522.114,1,522.114,283.13549999999998,522.114,515.79142640337818,501.6346514033782,521.53954447134993,1,10,13,35,26
13,10,17,AdaptiveCuttingAuction,0.05,0.04,10,True,,1000,10800,cats_reg_g10b50,True,abs,False,CATS,50,regions,MultiMinded,10,Balance,0.36000000000012733,778.1078,2,718.401,353.04300000000001,778.1078,760.24192660133042,724.93762660133041,780.64044702703211,1,10,17,33,27
14,10,17,AdaptiveCuttingAuction,0.05,0.04,10,True,,1000,10800,cats_reg_g10b50,True,abs,False,CATS,50,regions,MultiMinded,15,Balance,0.650000000000091,588.9796,2,575.883,307.69200000000001,588.9796,601.20091466788085,573.7287379474601,597.30211028417557,1,10,22,34,27
15,10,17,AdaptiveCuttingAuction,0.05,0.04,10,True,,1000,10800,cats_reg_g10b50,True,abs,False,CATS,50,regions,MultiMinded,41,Balance,2.269999999999982,634.994,2,600.13,422.91899999999998,634.994,623.87267900115535,581.58077900115541,617.41182389259063,9,15,26,35,27
16,10,26,AdaptiveCuttingAuction,0.05,0.04,10,True,,1000,10800,cats_reg_g10b50,True,abs,False,CATS,50,regions,MultiMinded,51,Balance,3.0900000000001455,519.6692,2,485.933,278.584,519.6692,530.50042989031601,502.64202989031611,503.94407744593053,1,10,9,52,36
17,10,16,AdaptiveCuttingAuction,0.05,0.04,10,True,,1000,10800,cats_reg_g10b50,True,abs,False,CATS,50,regions,MultiMinded,14,Balance,0.6199999999998909,910.0260000000001,3,815.656,322.738,910.0260000000001,909.38601424972069,860.97531424972067,871.57965822369761,7,15,8,33,26
18,10,18,AdaptiveCuttingAuction,0.05,0.04,10,True,,1000,10800,cats_reg_g10b50,True,abs,False,CATS,50,regions,MultiMinded,76,Balance,4.75,982.461,2,932.103,367.83500000000004,982.461,979.98492430001068,943.20142430001067,945.67750000000001,9,16,0,38,28
19,10,19,AdaptiveCuttingAuction,0.05,0.04,10,True,,1000,10800,cats_reg_g10b50,True,abs,False,CATS,50,regions,MultiMinded,106,Balance,6.679999999999836,903.4849999999999,2,826.774,559.33850000000007,903.4849999999999,913.62831665091085,857.69446665091095,895.42111487602642,9,19,13,43,29
20,10,21,AdaptiveCuttingAuction,0.05,0.04,10,True,,1000,10800,cats_reg_g10b50,True,abs,False,CATS,50,regions,MultiMinded,36,Balance,2.550000000000182,780.3014999999999,6,637.779,268.37200000000001,780.3014999999999,683.53702323130972,603.02542323130979,706.82848212441695,5,15,12,44,31
21,10,17,AdaptiveCuttingAuction,0.05,0.04,10,True,,1000,10800,cats_reg_g10b50,True,abs,False,CATS,50,regions,MultiMinded,14,Balance,0.650000000000091,869.309,3,770.684,361.69299999999998,869.309,779.729908101717,725.47595810171697,829.05152489908778,1,10,8,38,27
22,10,16,AdaptiveCuttingAuction,0.05,0.04,10,True,,1000,10800,cats_reg_g10b50,True,abs,False,CATS,50,regions,MultiMinded,470,Balance,34.279999999999745,827.155,2,792.758,416.87799999999999,773.9590000000001,794.1703266656823,752.48252666568226,766.61852386888722,8,18,31,36,26
23,10,21,AdaptiveCuttingAuction,0.05,0.04,10,True,,1000,10800,cats_reg_g10b50,True,abs,False,CATS,50,regions,MultiMinded,88,Balance,6.130000000000109,926.9879999999999,5,813.726,269.07900000000001,926.9879999999999,901.17159078176655,833.90184078176674,864.57607903569817,4,294,7,46,31
24,10,23,AdaptiveCuttingAuction,0.05,0.04,10,True,,1000,10800,cats_reg_g10b50,True,abs,False,CATS,50,regions,MultiMinded,71,Balance,5.070000000000164,822.2049999999999,4,635.81,377.13200000000001,822.2049999999999,830.89431818576463,755.46791818576469,778.21358403617842,7,15,21,51,33
25,10,22,AdaptiveCuttingAuction,0.05,0.04,10,True,,1000,10800,cats_reg_g10b50,True,abs,False,CATS,50,regions,MultiMinded,243,Balance,22.640000000000327,534.8185,2,446.519,197.68200000000002,527.864,527.36216143266518,507.5939614326652,520.79728552882045,9,25,18,47,32
26,10,17,AdaptiveCuttingAuction,0.05,0.04,10,True,,1000,10800,cats_reg_g10b50,True,abs,False,CATS,50,regions,MultiMinded,19,Balance,0.8900000000003274,716.487,1,716.487,299.23599999999999,716.487,711.41622348907777,696.45442348907773,701.52519999999993,1,10,0,35,27
27,10,17,AdaptiveCuttingAuction,0.05,0.04,10,True,,1000,10800,cats_reg_g10b50,True,abs,False,CATS,50,regions,MultiMinded,74,Balance,3.880000000000109,811.1127,4,667.768,330.15700000000004,811.1127,805.96314752818557,739.93174752818561,748.62437832068588,5,16,8,39,27
28,10,18,AdaptiveCuttingAuction,0.05,0.04,10,True,,1000,10800,cats_reg_g10b50,True,abs,False,CATS,50,regions,MultiMinded,73,Balance,3.869999999999891,818.682,1,802.322,385.84800000000001,802.322,818.67525740990936,799.38285740990932,820.23575058551046,1,10,31,42,28
29,10,20,AdaptiveCuttingAuction,0.05,0.04,10,True,,1000,10800,cats_reg_g10b50,True,abs,False,CATS,50,regions,MultiMinded,54,Balance,2.8900000000003274,767.6940999999999,1,746.709,446.00549999999998,746.709,738.9841244129999,716.68384941299996,769.9269947861103,1,10,16,41,30
30,10,18,AdaptiveCuttingAuction,0.05,0.04,10,True,,1000,10800,cats_reg_g10b50,True,abs,False,CATS,50,regions,MultiMinded,222,Balance,15.2199999999998,794.5821000000001,3,739.446,385.6635,792.0011000000001,807.88654969896436,750.03702469896427,752.37776939915489,9,20,17,40,28
31,10,21,AdaptiveCuttingAuction,0.05,0.04,10,True,,1000,10800,cats_reg_g10b50,True,abs,False,CATS,50,regions,MultiMinded,27,Balance,1.400000000000091,818.388,2,733.06,325.495,818.388,817.18406876496203,784.63456876496195,825.0790146678869,5,15,15,43,31
32,10,20,AdaptiveCuttingAuction,0.05,0.04,10,True,,1000,10800,cats_reg_g10b50,True,abs,False,CATS,50,regions,MultiMinded,31,Balance,2.2200000000002547,637.3713,4,533.498,304.15100000000001,637.3713,649.49660635541659,588.6664063554166,591.22162573168646,5,15,9,42,30
33,10,16,AdaptiveCuttingAuction,0.05,0.04,10,True,,1000,10800,cats_reg_g10b50,True,abs,False,CATS,50,regions,MultiMinded,15,Balance,0.7899999999999636,560.5032,2,498.34,219.72300000000001,560.5032,503.69157139179362,481.71927139179365,538.71263430529484,8,14,1,34,26
34,10,20,AdaptiveCuttingAuction,0.05,0.04,10,True,,1000,10800,cats_reg_g10b50,True,abs,False,CATS,50,regions,MultiMinded,60,Balance,3.3399999999996908,726.3012,4,568.454,249.64099999999999,726.3012,663.57935721034676,613.65115721034681,676.44770252320188,1,10,4,41,30
35,10,27,AdaptiveCuttingAuction,0.05,0.04,10,True,,1000,10800,cats_reg_g10b50,True,abs,False,CATS,50,regions,MultiMinded,50,Balance,3.150000000000091,858.175,2,722.988,380.87900000000002,858.175,849.86135553967461,811.77345553967461,825.44903301299951,1,10,5,54,37
36,10,17,AdaptiveCuttingAuction,0.05,0.04,10,True,,1000,10800,cats_reg_g10b50,True,abs,False,CATS,50,regions,MultiMinded,37,Balance,1.8600000000001273,716.498,1,716.498,379.51999999999998,716.498,716.45860131927884,697.48260131927884,703.96308259585214,9,16,9,36,27
37,10,20,AdaptiveCuttingAuction,0.05,0.04,10,True,,1000,10800,cats_reg_g10b50,True,abs,False,CATS,50,regions,MultiMinded,23,Balance,1.3500000000003638,824.835,3,630.222,329.92600000000004,824.835,777.25921187604047,727.77031187604041,775.34609999999998,1,10,0,40,30
38,10,18,AdaptiveCuttingAuction,0.05,0.04,10,True,,1000,10800,cats_reg_g10b50,True,abs,False,CATS,50,regions,MultiMinded,39,Balance,1.9899999999997817,825.56,3,825.56,471.01400000000001,819.1825,819.54984462904315,748.89774462904313,793.48871596428228,8,12,26,37,28
39,10,25,AdaptiveCuttingAuction,0.05,0.04,10,True,,1000,10800,cats_reg_g10b50,True,abs,False,CATS,50,regions,MultiMinded,21,Balance,1.1100000000001273,948.5501,5,753.385,196.10050000000001,948.5501,789.13712763466106,740.11200263466105,908.17387064753393,1,10,4,46,35
40,10,22,AdaptiveCuttingAuction,0.05,0.04,10,True,,1000,10800,cats_reg_g10b50,True,abs,False,CATS,50,regions,MultiMinded,90,Balance,5.9900000000002365,694.64,2,671.57,320.48500000000001,694.64,698.19916192066592,666.15066192066581,672.24966827414767,9,17,8,46,32
41,10,18,AdaptiveCuttingAuction,0.05,0.04,10,True,,1000,10800,cats_reg_g10b50,True,abs,False,CATS,50,regions,MultiMinded,17,Balance,0.7800000000002001,919.5834,3,833.068,428.51799999999997,919.5834,928.90586501531516,864.62816501531506,878.76690301607687,1,10,11,37,28
42,10,21,AdaptiveCuttingAuction,0.05,0.04,10,True,,1000,10800,cats_reg_g10b50,True,abs,False,CATS,50,regions,MultiMinded,65,Balance,4.059999999999945,722.396,1,722.396,339.44,722.396,738.21565576377361,721.24365576377363,721.24365576377363,10,18,9,44,31
43,10,20,AdaptiveCuttingAuction,0.05,0.04,10,True,,1000,10800,cats_reg_g10b50,True,abs,False,CATS,50,regions,MultiMinded,19,Balance,0.9700000000002547,820.8240000000001,2,681.374,265.63999999999999,820.8240000000001,802.84932345470179,776.28532345470171,794.25999999999999,7,15,0,39,30
44,10,19,AdaptiveCuttingAuction,0.05,0.04,10,True,,1000,10800,cats_reg_g10b50,True,abs,False,CATS,50,regions,MultiMinded,152,Balance,13.779999999999745,607.363,3,484.926,277.04599999999999,559.9440000000001,520.28455628205211,478.72765628205207,525.33956471221927,9,26,13,42,29
45,10,20,AdaptiveCuttingAuction,0.05,0.04,10,True,,1000,10800,cats_reg_g10b50,True,abs,False,CATS,50,regions,MultiMinded,15,Balance,0.830000000000382,687.7891,5,510.577,285.93000000000001,687.7891,679.83360217019697,613.86006568121127,654.27388926626907,2,11,11,40,30
46,10,19,AdaptiveCuttingAuction,0.05,0.04,10,True,,1000,10800,cats_reg_g10b50,True,abs,False,CATS,50,regions,MultiMinded,45,Balance,2.700000000000273,810.368,2,810.368,345.00850000000003,808.7297,771.32042904969978,736.81957904969988,795.18379823997361,7,14,17,40,29
47,10,18,AdaptiveCuttingAuction,0.05,0.04,10,True,,1000,10800,cats_reg_g10b50,True,abs,False,CATS,50,regions,MultiMinded,56,Balance,3.3299999999999272,759.477,2,738.963,363.25599999999997,759.477,757.31824339814273,720.99264339814272,725.62002377325325,6,16,6,39,28
48,10,29,AdaptiveCuttingAuction,0.05,0.04,10,True,,1000,10800,cats_reg_g10b50,True,abs,False,CATS,50,regions,MultiMinded,52,Balance,3.6600000000003092,726.774,3,661.833,328.96899999999999,726.774,722.81114550815914,673.46579550815932,681.88233207161863,2,12,3,61,39
49,10,23,AdaptiveCuttingAuction,0.05,0.04,10,True,,1000,10800,cats_reg_g10b50,True,abs,False,CATS,50,regions,MultiMinded,26,Balance,1.4900000000002365,587.5914,6,462.576,216.20049999999998,587.5914,563.62533459986969,498.76518459986971,532.57076756511435,2,12,3,50,33
50,10,17,AdaptiveCuttingAuction,0.05,0.04,10,True,,1000,10800,cats_reg_g10b50,True,abs,False,CATS,50,regions,MultiMinded,13,Balance,0.599999999999909,945.836,4,681.012,323.851,945.836,920.6106966621868,855.84049666218687,912.37510705110935,1,10,10,34,27
51,10,25,AdaptiveCuttingAuction,0.05,0.04,10,True,,1000,10800,cats_reg_g10b50,True,abs,False,CATS,50,regions,MultiMinded,34,Balance,2.269999999999982,831.2631000000001,3,644.905,285.66050000000001,831.2631000000001,814.29004305945023,771.44096805945014,788.41402500000004,1,10,0,51,35
52,10,19,AdaptiveCuttingAuction,0.05,0.04,10,True,,1000,10800,cats_reg_g10b50,True,abs,False,CATS,50,regions,MultiMinded,26,Balance,1.319999999999709,608.391,1,608.391,276.31299999999999,608.391,606.80920165689167,592.99355165689167,598.31492819344533,1,10,2,39,29
53,10,21,AdaptiveCuttingAuction,0.05,0.04,10,True,,1000,10800,cats_reg_g10b50,True,abs,False,CATS,50,regions,MultiMinded,91,Balance,7.099999999999909,623.5598,4,612.518,167.23250000000002,623.5598,625.9613792878049,592.51487928780489,600.17384065962449,9,21,7,45,31
54,10,20,AdaptiveCuttingAuction,0.05,0.04,10,True,,1000,10800,cats_reg_g10b50,True,abs,False,CATS,50,regions,MultiMinded,28,Balance,1.7100000000000364,1040.322,4,967.436,414.12850000000003,1039.9794,979.86981755216675,897.04411755216688,996.44000451122417,7,15,13,45,30
55,10,17,AdaptiveCuttingAuction,0.05,0.04,10,True,,1000,10800,cats_reg_g10b50,True,abs,False,CATS,50,regions,MultiMinded,6,Balance,0.1999999999998181,1001.244,2,739.168,309.35699999999997,1001.244,975.00061847246752,944.06491847246753,983.51896256014788,1,10,1,32,27
56,10,17,AdaptiveCuttingAuction,0.05,0.04,10,True,,1000,10800,cats_reg_g10b50,True,abs,False,CATS,50,regions,MultiMinded,107,Balance,5.880000000000109,674.3464,3,592.43,348.80000000000001,659.3265,632.81118841376735,580.4911884137673,621.89248741160225,9,19,11,36,27
57,10,20,AdaptiveCuttingAuction,0.05,0.04,10,True,,1000,10800,cats_reg_g10b50,True,abs,False,CATS,50,regions,MultiMinded,59,Balance,2.8600000000001273,783.158,3,568.928,268.62299999999999,783.158,763.04484731233458,722.75139731233457,747.48861953723576,1,10,9,41,30
58,10,21,AdaptiveCuttingAuction,0.05,0.04,10,True,,1000,10800,cats_reg_g10b50,True,abs,False,CATS,50,regions,MultiMinded,39,Balance,2.0,871.9079999999999,2,791.212,427.88200000000001,871.9079999999999,868.19560975539639,825.40740975539643,835.37522730069838,1,10,5,44,31
59,10,28,AdaptiveCuttingAuction,0.05,0.04,10,True,,1000,10800,cats_reg_g10b50,True,abs,False,CATS,50,regions,MultiMinded,68,Balance,4.760000000000218,875.1772,3,803.796,406.47899999999998,875.1772,870.62407033931981,809.6522203393198,820.67054158736983,1,10,8,57,38
60,10,22,AdaptiveCuttingAuction,0.05,0.04,10,True,,1000,10800,cats_reg_g10b50,True,abs,False,CATS,50,regions,MultiMinded,34,Balance,1.75,716.1357,3,662.173,358.10899999999998,716.1357,693.40249461597057,639.68614461597053,681.07435988290445,1,10,14,46,32
61,10,19,AdaptiveCuttingAuction,0.05,0.04,10,True,,1000,10800,cats_reg_g10b50,True,abs,False,CATS,50,regions,MultiMinded,28,Balance,1.2899999999999636,756.948,3,553.212,307.67700000000002,756.948,746.44737143739667,700.29582143739674,735.92067716512611,1,10,13,40,29
62,10,20,AdaptiveCuttingAuction,0.05,0.04,10,True,,1000,10800,cats_reg_g10b50,True,abs,False,CATS,50,regions,MultiMinded,11,Balance,0.7400000000002365,962.414,3,839.979,365.63299999999998,962.414,979.54079887841419,924.69584887841415,945.63815242341082,1,10,8,40,30
63,10,20,AdaptiveCuttingAuction,0.05,0.04,10,True,,1000,10800,cats_reg_g10b50,True,abs,False,CATS,50,regions,MultiMinded,28,Balance,1.4699999999998,966.8963000000001,4,783.33,502.36099999999999,966.8963000000001,937.86269470886396,837.3904947088638,879.48714719550401,6,13,11,41,30
64,10,24,AdaptiveCuttingAuction,0.05,0.04,10,True,,1000,10800,cats_reg_g10b50,True,abs,False,CATS,50,regions,MultiMinded,24,Balance,1.4299999999998363,784.4846,2,723.45,238.8545,784.4846,782.49959543407101,758.61414543407102,787.86620107525528,1,10,17,47,34
65,10,18,AdaptiveCuttingAuction,0.05,0.04,10,True,,1000,10800,cats_reg_g10b50,True,abs,False,CATS,50,regions,MultiMinded,24,Balance,1.2599999999997635,863.3610000000001,3,758.102,337.34500000000003,856.6320000000001,817.50170883010765,766.89995883010761,836.93488137197801,3,13,21,35,28
66,10,18,AdaptiveCuttingAuction,0.05,0.04,10,True,,1000,10800,cats_reg_g10b50,True,abs,False,CATS,50,regions,MultiMinded,96,Balance,5.039999999999964,852.079,3,807.329,372.65700000000004,852.079,793.85429981425045,737.95574981425057,827.39432021793891,5,14,30,36,28
67,10,27,AdaptiveCuttingAuction,0.05,0.04,10,True,,1000,10800,cats_reg_g10b50,True,abs,False,CATS,50,regions,MultiMinded,40,Balance,2.8099999999999454,860.8598,2,789.183,223.39999999999998,860.8598,858.64629738540373,836.3062973854037,849.2609250884484,5,16,1,53,37
68,10,20,AdaptiveCuttingAuction,0.05,0.04,10,True,,1000,10800,cats_reg_g10b50,True,abs,False,CATS,50,regions,MultiMinded,27,Balance,1.2899999999999636,535.1916,4,486.692,201.834,535.1916,531.83506765791299,491.46826765791303,516.11297128890351,1,10,9,40,30
69,10,20,AdaptiveCuttingAuction,0.05,0.04,10,True,,1000,10800,cats_reg_g10b50,True,abs,False,CATS,50,regions,MultiMinded,28,Balance,1.4100000000003092,550.5322,3,423.552,212.09399999999999,550.5322,541.34132874501154,509.5272287450116,521.50652764069241,1,10,2,41,30
70,10,18,AdaptiveCuttingAuction,0.05,0.04,10,True,,1000,10800,cats_reg_g10b50,True,abs,False,CATS,50,regions,MultiMinded,283,Balance,18.980000000000018,965.81,3,780.078,273.52800000000002,965.81,852.54259429495119,814.24867429495112,933.93167733502037,9,17,7,38,28
71,10,17,AdaptiveCuttingAuction,0.05,0.04,10,True,,1000,10800,cats_reg_g10b50,True,abs,False,CATS,50,regions,MultiMinded,198,Balance,18.309999999999945,745.048,3,745.048,330.73000000000002,734.8829000000001,766.81306867298417,717.20356867298403,718.26035367396753,10,28,19,41,27
72,10,23,AdaptiveCuttingAuction,0.05,0.04,10,True,,1000,10800,cats_reg_g10b50,True,abs,False,CATS,50,regions,MultiMinded,23,Balance,1.550000000000182,619.2275000000001,7,497.631,317.09799999999996,619.2275000000001,627.21654941272311,516.23224941272315,528.2281551484258,8,15,4,46,33
73,10,20,AdaptiveCuttingAuction,0.05,0.04,10,True,,1000,10800,cats_reg_g10b50,True,abs,False,CATS,50,regions,MultiMinded,87,Balance,4.75,675.2625,2,656.76,362.82400000000001,675.0855,674.43156527891324,638.14916527891319,664.61867901657001,7,12,27,45,30
74,10,26,AdaptiveCuttingAuction,0.05,0.04,10,True,,1000,10800,cats_reg_g10b50,True,abs,False,CATS,50,regions,MultiMinded,12,Balance,0.8099999999999454,942.6876,2,890.025,245.483,942.6876,936.58555602066349,912.03725602066356,938.8111421924599,1,10,5,53,36
75,10,15,AdaptiveCuttingAuction,0.05,0.04,10,True,,1000,10800,cats_reg_g10b50,True,abs,False,CATS,50,regions,MultiMinded,30,Balance,1.2999999999997272,986.353,1,977.088,450.65550000000002,977.088,973.08423920356449,950.55146420356448,1005.8911168679723,1,10,15,31,25
76,10,22,AdaptiveCuttingAuction,0.05,0.04,10,True,,1000,10800,cats_reg_g10b50,True,abs,False,CATS,50,regions,MultiMinded,49,Balance,2.7199999999998,900.434,6,820.61,441.17500000000001,900.434,887.42900812796131,755.07650812796135,784.02794280017145,5,14,7,47,32
77,10,19,AdaptiveCuttingAuction,0.05,0.04,10,True,,1000,10800,cats_reg_g10b50,True,abs,False,CATS,50,regions,MultiMinded,56,Balance,3.300000000000182,505.8682,3,489.633,293.4085,502.3022,486.04863422486807,442.03735922486806,490.63774715714368,6,14,24,38,29
78,10,15,AdaptiveCuttingAuction,0.05,0.04,10,True,,1000,10800,cats_reg_g10b50,True,abs,False,CATS,50,regions,MultiMinded,35,Balance,1.7100000000000364,723.896,1,723.896,268.85500000000002,723.896,717.12016740915988,703.67741740915983,731.98759295717196,1,10,16,30,25
79,10,20,AdaptiveCuttingAuction,0.05,0.04,10,True,,1000,10800,cats_reg_g10b50,True,abs,False,CATS,50,regions,MultiMinded,44,Balance,2.9700000000002547,830.055,3,715.055,304.07849999999996,830.055,781.56755045691341,735.95577545691333,784.44322499999987,7,14,0,40,30
80,10,23,AdaptiveCuttingAuction,0.05,0.04,10,True,,1000,10800,cats_reg_g10b50,True,abs,False,CATS,50,regions,MultiMinded,822,Balance,69.48999999999978,858.2552999999999,1,815.519,326.65449999999998,815.519,827.78889386102048,811.4561688610205,814.36755007948261,9,21,15,48,33
81,10,19,AdaptiveCuttingAuction,0.05,0.04,10,True,,1000,10800,cats_reg_g10b50,True,abs,False,CATS,50,regions,MultiMinded,9,Balance,0.30999999999994543,731.2354999999999,5,657.74,318.25649999999996,728.3769,728.42464784014214,648.86052284014215,670.83558145475411,1,10,10,38,29
82,10,20,AdaptiveCuttingAuction,0.05,0.04,10,True,,1000,10800,cats_reg_g10b50,True,abs,False,CATS,50,regions,MultiMinded,298,Balance,24.65000000000009,799.819,2,670.65,230.49700000000001,713.0643,691.61803145576948,668.56833145576945,700.39059259244618,9,22,9,41,30
83,10,18,AdaptiveCuttingAuction,0.05,0.04,10,True,,1000,10800,cats_reg_g10b50,True,abs,False,CATS,50,regions,MultiMinded,23,Balance,1.3099999999999454,778.391,2,740.964,303.2475,778.391,774.85628596933532,744.53153596933532,764.87001217398426,7,16,9,37,28
84,10,19,AdaptiveCuttingAuction,0.05,0.04,10,True,,1000,10800,cats_reg_g10b50,True,abs,False,CATS,50,regions,MultiMinded,12,Balance,0.5599999999999454,653.4665,4,531.36,233.98450000000003,653.4665,609.60764165363992,562.81074165363998,621.26797792653088,3,15,9,39,29
85,10,16,AdaptiveCuttingAuction,0.05,0.04,10,True,,1000,10800,cats_reg_g10b50,True,abs,False,CATS,50,regions,MultiMinded,9,Balance,0.30999999999994543,738.6202000000001,4,623.355,332.00099999999998,738.6202000000001,735.92420354795286,669.52400354795293,698.90402146379722,1,10,11,32,26
86,10,17,AdaptiveCuttingAuction,0.05,0.04,10,True,,1000,10800,cats_reg_g10b50,True,abs,False,CATS,50,regions,MultiMinded,34,Balance,1.6399999999998727,772.54,2,646.076,287.08299999999997,772.54,764.95416699896657,736.24586699896656,743.83169999999996,1,10,0,34,27
87,10,18,AdaptiveCuttingAuction,0.05,0.04,10,True,,1000,10800,cats_reg_g10b50,True,abs,False,CATS,50,regions,MultiMinded,52,Balance,3.6599999999998545,883.32347,3,801.709,428.95349999999996,836.6344700000001,852.46143815510152,805.86777204944292,813.80059897401702,7,16,15,37,28
88,10,20,AdaptiveCuttingAuction,0.05,0.04,10,True,,1000,10800,cats_reg_g10b50,True,abs,False,CATS,50,regions,MultiMinded,39,Balance,2.0700000000001637,662.7294999999999,4,622.783,332.80799999999999,662.7294999999999,642.02064943629773,575.45904943629773,609.52995495498601,1,10,14,41,30
89,10,26,AdaptiveCuttingAuction,0.05,0.04,10,True,,1000,10800,cats_reg_g10b50,True,abs,False,CATS,50,regions,MultiMinded,306,Balance,28.5300000000002,844.3882,3,703.836,361.93200000000002,821.2162,816.55535429959355,762.26555429959353,790.56535775410305,8,24,8,56,36
90,10,21,AdaptiveCuttingAuction,0.05,0.04,10,True,,1000,10800,cats_reg_g10b50,True,abs,False,CATS,50,regions,MultiMinded,25,Balance,1.2699999999999818,1011.3232,6,890.879,348.79300000000001,1011.3232,900.3484119215891,795.71051192158905,934.32569272178807,1,10,7,42,31
91,10,17,AdaptiveCuttingAuction,0.05,0.04,10,True,,1000,10800,cats_reg_g10b50,True,abs,False,CATS,50,regions,MultiMinded,97,Balance,5.010000000000218,890.575,1,890.575,535.99700000000007,890.575,912.78957960078787,885.98972960078788,887.02795394654459,7,14,11,34,27
92,10,22,AdaptiveCuttingAuction,0.05,0.04,10,True,,1000,10800,cats_reg_g10b50,True,abs,False,CATS,50,regions,MultiMinded,11,Balance,0.7600000000002183,683.1735,2,627.133,263.76300000000003,683.1735,664.37666122513588,638.00036122513598,679.45331667590779,1,10,9,44,32
93,10,20,AdaptiveCuttingAuction,0.05,0.04,10,True,,1000,10800,cats_reg_g10b50,True,abs,False,CATS,50,regions,MultiMinded,18,Balance,0.8100000000004002,931.509,1,931.509,347.88099999999997,931.509,925.77935694042276,908.38530694042277,938.10858405264651,1,10,16,40,30
94,10,15,AdaptiveCuttingAuction,0.05,0.04,10,True,,1000,10800,cats_reg_g10b50,True,abs,False,CATS,50,regions,MultiMinded,129,Balance,5.720000000000255,772.037,2,770.337,295.54650000000004,772.037,771.20282911403285,741.64817911403281,760.78548391002801,1,10,20,32,25
95,10,17,AdaptiveCuttingAuction,0.05,0.04,10,True,,1000,10800,cats_reg_g10b50,True,abs,False,CATS,50,regions,MultiMinded,52,Balance,2.9400000000000546,901.2369,3,849.224,408.67100000000005,901.2369,884.80466275205231,823.5040127520524,848.88907483228445,1,10,9,36,27
96,10,19,AdaptiveCuttingAuction,0.05,0.04,10,True,,1000,10800,cats_reg_g10b50,True,abs,False,CATS,50,regions,MultiMinded,14,Balance,0.599999999999909,752.0848,3,651.493,368.70849999999996,752.0848,754.57845611836274,699.27218111836271,710.20034613412963,1,10,14,39,29
97,10,20,AdaptiveCuttingAuction,0.05,0.04,10,True,,1000,10800,cats_reg_g10b50,True,abs,False,CATS,50,regions,MultiMinded,35,Balance,2.019999999999982,657.92043,3,602.694,360.185,657.92043,653.46676853748795,613.15402088704241,627.43347305151633,8,13,18,44,30
98,10,20,AdaptiveCuttingAuction,0.05,0.04,10,True,,1000,10800,cats_reg_g10b50,True,abs,False,CATS,50,regions,MultiMinded,9,Balance,0.36000000000012733,1047.5140999999999,4,870.711,386.798,1047.5140999999999,1038.476887644561,961.11728764456097,992.30411682363592,1,10,7,39,30
99,10,22,AdaptiveCuttingAuction,0.05,0.04,10,True,,1000,10800,cats_reg_g10b50,True,abs,False,CATS,50,regions,MultiMinded,15,Balance,0.9400000000000546,1044.344,5,687.143,366.375,1044.344,1033.90464129661,942.31089129660984,967.12522616543583,1,10,9,47,32
100,10,21,AdaptiveCuttingAuction,0.05,0.04,10,True,,1000,10800,cats_reg_g10b50,True,abs,False,CATS,50,regions,MultiMinded,55,Balance,3.730000000000018,587.8678,2,515.864,141.49099999999999,587.8678,540.58293777297979,526.4338377729797,576.75626496294558,9,22,9,43,31
