idx,items,agents,auction_class,epsilon,stepc,epoch,scalebyvalue,reserve_type,maxiter,maxtime,generator_param_name,personalized,expstrat,int_prices,generator,bids,distribution,type,rounds,status,runtime,efficient_value,final_num_winners,final_max_agent_value,final_scalevalue,final_value,final_total_price,final_revenue,final_indirect_util,final_price_degree,final_price_sparsity,final_imbalance,final_wd_nvars,final_wd_ncons
1,30,36,AdaptiveCuttingAuction,0.2,0.02,10,True,,1000,10800,cats_reg_g30b150,True,abs,False,CATS,150,regions,MultiMinded,23,Balance,6.25,2502.8085,8,1712.02,630.28700000000003,2310.1325,2113.0964633501089,1635.9846849595212,2126.399730932163,26,45,51,74,66
2,30,38,AdaptiveCuttingAuction,0.2,0.02,10,True,,1000,10800,cats_reg_g30b150,True,abs,False,CATS,150,regions,MultiMinded,37,Balance,9.229999999999563,2067.4249,7,1460.04,478.96600000000001,2057.0263999999997,2060.8349139106458,1534.0090785986565,1591.3870519255488,7,33,30,83,68
3,30,36,AdaptiveCuttingAuction,0.2,0.02,10,True,,1000,10800,cats_reg_g30b150,True,abs,False,CATS,150,regions,MultiMinded,49,Balance,10.460000000000036,2226.2472000000002,3,1961.0,494.50999999999999,2226.2472000000002,2196.0572667769907,1978.4728667769905,2035.3330938110353,25,39,9,75,66
4,30,38,AdaptiveCuttingAuction,0.2,0.02,10,True,,1000,10800,cats_reg_g30b150,True,abs,False,CATS,150,regions,MultiMinded,71,Balance,14.890000000000327,2004.9491999999998,11,1505.7,557.86300000000006,2004.9491999999998,1885.4595011234653,911.02898160616837,1032.7167428425473,1,30,5,81,68
5,30,35,AdaptiveCuttingAuction,0.2,0.02,10,True,,1000,10800,cats_reg_g30b150,True,abs,False,CATS,150,regions,MultiMinded,17,Balance,2.730000000000473,1864.626,2,1703.97,505.12049999999999,1813.7730000000001,1809.9465350696828,1691.4374376762664,1857.2067913389992,1,30,29,71,65
6,30,35,AdaptiveCuttingAuction,0.2,0.02,10,True,,1000,10800,cats_reg_g30b150,True,abs,False,CATS,150,regions,MultiMinded,47,Balance,11.050000000000182,2116.0368,7,1959.83,614.52500000000009,2051.8168,2107.2946593654178,1339.5863948462418,1413.0009752487995,7,40,13,73,65
7,30,35,AdaptiveCuttingAuction,0.2,0.02,10,True,,1000,10800,cats_reg_g30b150,True,abs,False,CATS,150,regions,MultiMinded,31,Balance,5.699999999999818,2031.9575,6,1330.11,558.39999999999998,2031.9575,1943.8570452187168,1381.8880208475052,1548.4034527413016,1,30,22,75,65
8,30,35,AdaptiveCuttingAuction,0.2,0.02,10,True,,1000,10800,cats_reg_g30b150,True,abs,False,CATS,150,regions,MultiMinded,68,Balance,14.30999999999949,2027.57669,7,1379.5,642.28750000000002,1859.9806899999999,1717.559795300356,1261.7274533408538,1556.5444726995836,13,42,17,74,65
9,30,36,AdaptiveCuttingAuction,0.2,0.02,10,True,,1000,10800,cats_reg_g30b150,True,abs,False,CATS,150,regions,MultiMinded,54,Balance,14.819999999999709,1859.5272999999997,8,1542.29,443.88650000000001,1763.6641,1796.6814849862822,1264.0176849862821,1392.8721147577658,1,27,75,82,66
10,30,34,AdaptiveCuttingAuction,0.2,0.02,10,True,,1000,10800,cats_reg_g30b150,True,abs,False,CATS,150,regions,MultiMinded,196,Balance,50.11000000000058,2566.974,5,2112.56,626.02300000000002,2566.974,2405.3057418909998,1787.0738894265414,1963.7460556323163,7,44,52,76,64
11,30,36,AdaptiveCuttingAuction,0.2,0.02,10,True,,1000,10800,cats_reg_g30b150,True,abs,False,CATS,150,regions,MultiMinded,37,Balance,9.200000000000728,2431.6115,4,2098.81,721.22149999999999,2431.6115,2208.3878672024966,1914.769066031409,2175.972109282719,1,28,45,76,66
12,30,32,AdaptiveCuttingAuction,0.2,0.02,10,True,,1000,10800,cats_reg_g30b150,True,abs,False,CATS,150,regions,MultiMinded,94,Balance,17.729999999999563,1865.81568,7,1645.15,855.13049999999998,1787.8909999999998,1829.1910841425577,1137.5187195216038,1271.7656172406125,3,33,69,71,62
13,30,35,AdaptiveCuttingAuction,0.2,0.02,10,True,,1000,10800,cats_reg_g30b150,True,abs,False,CATS,150,regions,MultiMinded,63,Balance,15.719999999999345,1773.5022000000001,4,1494.31,678.60900000000004,1681.9527,1726.4495069326185,1440.5599175893349,1603.1863853784262,11,44,89,81,65
14,30,32,AdaptiveCuttingAuction,0.2,0.02,10,True,,1000,10800,cats_reg_g30b150,True,abs,False,CATS,150,regions,MultiMinded,124,Balance,27.050000000000182,1980.1873000000003,6,1559.99,631.08900000000006,1980.1873000000003,1781.7569012887782,1293.1463123254139,1505.7477311783173,26,43,28,72,62
15,30,36,AdaptiveCuttingAuction,0.2,0.02,10,True,,1000,10800,cats_reg_g30b150,True,abs,False,CATS,150,regions,MultiMinded,24,Balance,4.449999999999818,2512.4141000000004,3,2312.23,781.00699999999995,2512.4141000000004,2514.3710008995617,2311.3091808995619,2478.3564288561442,1,29,31,70,66
16,30,34,AdaptiveCuttingAuction,0.2,0.02,10,True,,1000,10800,cats_reg_g30b150,True,abs,False,CATS,150,regions,MultiMinded,42,Balance,8.279999999999745,1929.452,4,1789.44,584.255,1909.1155,1935.2943471898816,1774.8265333898808,1868.6678608100785,1,28,50,72,64
17,30,33,AdaptiveCuttingAuction,0.2,0.02,10,True,,1000,10800,cats_reg_g30b150,True,abs,False,CATS,150,regions,MultiMinded,79,Balance,16.539999999999964,1934.7395999999999,2,1626.95,730.93200000000002,1694.8876,1803.9140863973576,1603.805401672575,1687.6243420780563,25,46,59,77,63
18,30,34,AdaptiveCuttingAuction,0.2,0.02,10,True,,1000,10800,cats_reg_g30b150,True,abs,False,CATS,150,regions,MultiMinded,33,Balance,7.460000000000036,2504.1384,4,1818.33,781.33600000000001,2504.1384,2419.5262309012742,2026.8552182458914,2200.7706874287651,1,29,19,72,64
19,30,36,AdaptiveCuttingAuction,0.2,0.02,10,True,,1000,10800,cats_reg_g30b150,True,abs,False,CATS,150,regions,MultiMinded,8,Balance,0.7899999999999636,2560.7110000000002,12,1508.06,549.71399999999994,2554.963,2168.1304190195756,1244.6108990195762,1739.2641818406084,1,28,15,70,66
20,30,37,AdaptiveCuttingAuction,0.2,0.02,10,True,,1000,10800,cats_reg_g30b150,True,abs,False,CATS,150,regions,MultiMinded,41,Balance,10.5,1801.7813999999998,8,1490.47,395.125,1753.5685,1681.8276177945315,1194.804526677276,1335.4115670665899,8,48,29,86,67
21,30,33,AdaptiveCuttingAuction,0.2,0.02,10,True,,1000,10800,cats_reg_g30b150,True,abs,False,CATS,150,regions,MultiMinded,90,Balance,16.55999999999949,1553.7635,3,1374.19,778.39550000000008,1553.7635,1520.5747657933143,1254.0461396672017,1331.3501135410893,1,30,25,71,63
22,30,38,AdaptiveCuttingAuction,0.2,0.02,10,True,,1000,10800,cats_reg_g30b150,True,abs,False,CATS,150,regions,MultiMinded,118,Balance,34.210000000000036,2312.252,3,2123.59,638.69949999999994,2224.6266,2334.3129865899691,1992.2505190495615,2036.6019141751274,21,48,64,87,68
23,30,38,AdaptiveCuttingAuction,0.2,0.02,10,True,,1000,10800,cats_reg_g30b150,True,abs,False,CATS,150,regions,MultiMinded,53,Balance,13.589999999999236,2354.8725,7,1818.1,597.00800000000004,2354.8725,2073.959868742405,1697.7857987800046,1979.4189086852198,25,42,13,79,68
24,30,35,AdaptiveCuttingAuction,0.2,0.02,10,True,,1000,10800,cats_reg_g30b150,True,abs,False,CATS,150,regions,MultiMinded,75,Balance,18.48999999999978,1892.4884,10,1241.36,538.58849999999995,1892.4884,1684.7833567773323,1008.4807850716976,1292.2563596742132,25,45,58,77,65
25,30,33,AdaptiveCuttingAuction,0.2,0.02,10,True,,1000,10800,cats_reg_g30b150,True,abs,False,CATS,150,regions,MultiMinded,133,Balance,28.199999999999818,1741.0822999999998,7,1538.41,861.41849999999999,1618.4172999999998,1625.6942530227302,929.11984016381666,1089.7216962189761,12,45,45,73,63
26,30,34,AdaptiveCuttingAuction,0.2,0.02,10,True,,1000,10800,cats_reg_g30b150,True,abs,False,CATS,150,regions,MultiMinded,121,Balance,27.69000000000051,2008.668,3,1919.5,424.82100000000003,2008.668,2017.8809436643573,1918.4124474665482,2024.9500450536671,1,30,54,73,64
27,30,32,AdaptiveCuttingAuction,0.2,0.02,10,True,,1000,10800,cats_reg_g30b150,True,abs,False,CATS,150,regions,MultiMinded,29,Balance,6.989999999999782,2175.2061,6,1890.21,644.31150000000002,1801.1017,2094.4740666511943,1489.2721473093627,1522.0158116180569,9,38,20,68,62
28,30,37,AdaptiveCuttingAuction,0.2,0.02,10,True,,1000,10800,cats_reg_g30b150,True,abs,False,CATS,150,regions,MultiMinded,15,Balance,2.5100000000002183,2040.43179,9,1615.6,517.23699999999997,1991.07949,2059.0712276293925,1557.9299849009017,1794.8399740716559,1,29,32,71,67
29,30,33,AdaptiveCuttingAuction,0.2,0.02,10,True,,1000,10800,cats_reg_g30b150,True,abs,False,CATS,150,regions,MultiMinded,37,Balance,6.25,2111.632,3,1854.64,708.57899999999995,2009.6580000000001,2059.709391225696,1854.1242325492747,2173.2181380739971,1,30,68,69,63
30,30,35,AdaptiveCuttingAuction,0.2,0.02,10,True,,1000,10800,cats_reg_g30b150,True,abs,False,CATS,150,regions,MultiMinded,105,Balance,33.5,2323.0769999999998,10,1594.17,462.18150000000003,2138.0757,1989.3759306539716,1202.2415707683965,1451.9338227572407,8,45,35,79,65
31,30,34,AdaptiveCuttingAuction,0.2,0.02,10,True,,1000,10800,cats_reg_g30b150,True,abs,False,CATS,150,regions,MultiMinded,45,Balance,7.920000000000073,2659.4860000000003,6,2167.09,585.07799999999997,2659.4860000000003,2546.1279577469913,2047.8899692791445,2184.4693287721843,1,27,6,72,64
32,30,37,AdaptiveCuttingAuction,0.2,0.02,10,True,,1000,10800,cats_reg_g30b150,True,abs,False,CATS,150,regions,MultiMinded,84,Balance,20.81999999999971,1999.8556999999998,8,1545.46,522.50199999999995,1910.9342000000001,1834.7512323071996,1175.6402478005891,1326.6435455093713,7,43,73,84,67
33,30,37,AdaptiveCuttingAuction,0.2,0.02,10,True,,1000,10800,cats_reg_g30b150,True,abs,False,CATS,150,regions,MultiMinded,21,Balance,5.420000000000073,1805.9524000000001,4,1582.17,487.50400000000002,1790.6487000000002,1682.5286762720286,1572.9796803769916,1818.1641026613324,1,28,46,77,67
34,30,39,AdaptiveCuttingAuction,0.2,0.02,10,True,,1000,10800,cats_reg_g30b150,True,abs,False,CATS,150,regions,MultiMinded,78,Balance,23.039999999999964,1983.6001999999999,8,1564.76,623.41200000000003,1983.6001999999999,2041.6763338466815,1208.2676845252461,1238.4196011534154,15,45,21,84,69
35,30,38,AdaptiveCuttingAuction,0.2,0.02,10,True,,1000,10800,cats_reg_g30b150,True,abs,False,CATS,150,regions,MultiMinded,65,Balance,20.170000000000073,2341.4052,8,1755.59,637.298,2341.4052,2243.977667326169,1440.9821873261687,1628.5252165414756,26,43,14,84,68
36,30,33,AdaptiveCuttingAuction,0.2,0.02,10,True,,1000,10800,cats_reg_g30b150,True,abs,False,CATS,150,regions,MultiMinded,59,Balance,12.1899999999996,2136.9992,7,1693.26,587.83249999999998,2028.4180000000001,2139.387764557564,1342.859182339851,1426.9598644440591,27,46,50,77,63
37,30,34,AdaptiveCuttingAuction,0.2,0.02,10,True,,1000,10800,cats_reg_g30b150,True,abs,False,CATS,150,regions,MultiMinded,80,Balance,15.470000000000255,1991.3467,8,1812.59,701.23299999999995,1969.7631000000001,1865.3733673125405,1250.2844649501312,1429.5096006821868,23,45,19,69,64
38,30,40,AdaptiveCuttingAuction,0.2,0.02,10,True,,1000,10800,cats_reg_g30b150,True,abs,False,CATS,150,regions,MultiMinded,44,Balance,15.639999999999418,2724.0288,6,2153.9,576.38300000000004,2633.8720000000003,2386.0413107132126,2004.918522159074,2359.6068345651047,5,41,2,88,70
39,30,30,AdaptiveCuttingAuction,0.2,0.02,10,True,,1000,10800,cats_reg_g30b150,True,abs,False,CATS,150,regions,MultiMinded,43,Balance,6.3400000000001455,1968.0602,1,1918.66,764.726,1918.66,2063.5822195882988,1910.6370195882987,1999.8761374066312,1,30,56,65,60
40,30,33,AdaptiveCuttingAuction,0.2,0.02,10,True,,1000,10800,cats_reg_g30b150,True,abs,False,CATS,150,regions,MultiMinded,42,Balance,9.849999999999454,1942.0583000000001,3,1674.34,688.69799999999998,1942.0583000000001,1895.0236729541634,1574.4023837967643,1622.0669687030763,1,30,3,71,63
41,30,35,AdaptiveCuttingAuction,0.2,0.02,10,True,,1000,10800,cats_reg_g30b150,True,abs,False,CATS,150,regions,MultiMinded,50,Balance,14.239999999999782,1877.7214099999999,7,1423.29,646.35299999999995,1831.2470099999998,1831.7465625713039,1278.6197008804199,1390.5904560097704,1,29,52,78,65
42,30,32,AdaptiveCuttingAuction,0.2,0.02,10,True,,1000,10800,cats_reg_g30b150,True,abs,False,CATS,150,regions,MultiMinded,114,Balance,27.0,2111.841,4,1703.5,646.17399999999998,2111.841,2074.9113361323916,1687.2069361323915,1757.3383615293872,11,43,62,74,62
43,30,40,AdaptiveCuttingAuction,0.2,0.02,10,True,,1000,10800,cats_reg_g30b150,True,abs,False,CATS,150,regions,MultiMinded,27,Balance,7.539999999999964,2446.7208,5,1927.69,685.90899999999999,2352.7618,2095.3366703787742,1886.8203343787743,2418.943397713786,10,39,43,79,70
44,30,35,AdaptiveCuttingAuction,0.2,0.02,10,True,,1000,10800,cats_reg_g30b150,True,abs,False,CATS,150,regions,MultiMinded,87,Balance,18.8100000000004,1711.1515999999997,8,1299.51,651.40899999999999,1554.4274999999998,1537.6513264960436,814.89804345730249,995.41022704499699,25,43,84,78,65
45,30,38,AdaptiveCuttingAuction,0.2,0.02,10,True,,1000,10800,cats_reg_g30b150,True,abs,False,CATS,150,regions,MultiMinded,86,Balance,22.61999999999989,2034.5094,8,1828.07,742.07299999999998,1930.617,2052.824756075514,1311.6720568435076,1336.9284789821622,13,47,18,90,68
46,30,31,AdaptiveCuttingAuction,0.2,0.02,10,True,,1000,10800,cats_reg_g30b150,True,abs,False,CATS,150,regions,MultiMinded,32,Balance,6.809999999999491,2564.0325000000003,3,2373.4,807.26099999999997,2549.4987,2464.6288777319755,2132.2814445857321,2244.9748024455512,14,38,7,67,61
47,30,37,AdaptiveCuttingAuction,0.2,0.02,10,True,,1000,10800,cats_reg_g30b150,True,abs,False,CATS,150,regions,MultiMinded,24,Balance,5.170000000000073,2233.1322,7,1669.44,664.97900000000004,2233.1322,1969.4494750231399,1648.0125835628473,2060.3012809968768,1,29,46,70,67
48,30,35,AdaptiveCuttingAuction,0.2,0.02,10,True,,1000,10800,cats_reg_g30b150,True,abs,False,CATS,150,regions,MultiMinded,53,Balance,10.460000000000036,2069.4358,2,1826.01,556.24350000000004,1917.7739,1956.4326810553891,1825.6293043900159,2042.5984326207035,1,30,71,78,65
49,30,30,AdaptiveCuttingAuction,0.2,0.02,10,True,,1000,10800,cats_reg_g30b150,True,abs,False,CATS,150,regions,MultiMinded,29,Balance,4.480000000000473,1979.7895999999998,6,1594.07,673.82600000000002,1979.7895999999998,2000.7749906089664,1525.1161892496943,1689.9624576779513,1,29,45,64,60
50,30,33,AdaptiveCuttingAuction,0.2,0.02,10,True,,1000,10800,cats_reg_g30b150,True,abs,False,CATS,150,regions,MultiMinded,61,Balance,14.389999999999418,2110.6722999999997,6,1335.35,460.47550000000001,2084.2086,1929.1747433889741,1609.1371004230482,1848.0899604562612,9,41,54,79,63
51,30,37,AdaptiveCuttingAuction,0.2,0.02,10,True,,1000,10800,cats_reg_g30b150,True,abs,False,CATS,150,regions,MultiMinded,23,Balance,7.640000000000327,2245.4244000000003,6,1882.26,597.73699999999997,2245.4244000000003,2244.6443151961571,1730.5904951961575,1811.4812636362635,8,40,23,79,67
52,30,32,AdaptiveCuttingAuction,0.2,0.02,10,True,,1000,10800,cats_reg_g30b150,True,abs,False,CATS,150,regions,MultiMinded,114,Balance,24.019999999999527,1756.6213,5,1409.87,556.45500000000004,1694.7150000000001,1658.9633652941418,1202.6702652941417,1336.0482140693432,1,29,39,71,62
53,30,34,AdaptiveCuttingAuction,0.2,0.02,10,True,,1000,10800,cats_reg_g30b150,True,abs,False,CATS,150,regions,MultiMinded,26,Balance,3.8299999999999272,2325.6629000000003,6,1796.97,570.23000000000002,2248.7839000000004,2092.8460667712734,1691.3571125445617,2030.9798722252433,1,29,37,67,64
54,30,37,AdaptiveCuttingAuction,0.2,0.02,10,True,,1000,10800,cats_reg_g30b150,True,abs,False,CATS,150,regions,MultiMinded,35,Balance,8.94000000000051,2355.424,6,2152.9,670.553,2355.424,2211.7567580955651,1782.6028380955652,2012.8349699877858,25,41,41,81,67
55,30,33,AdaptiveCuttingAuction,0.2,0.02,10,True,,1000,10800,cats_reg_g30b150,True,abs,False,CATS,150,regions,MultiMinded,206,Balance,47.58000000000084,2078.1524999999997,10,1352.37,548.28150000000005,2078.1524999999997,2011.9412871730051,1206.086507848313,1292.6242255196082,22,46,29,78,63
56,30,39,AdaptiveCuttingAuction,0.2,0.02,10,True,,1000,10800,cats_reg_g30b150,True,abs,False,CATS,150,regions,MultiMinded,70,Balance,15.6899999999996,1893.3772000000004,9,1498.24,591.42200000000003,1819.2022000000002,1712.1216608132179,925.37272673506504,1135.0903012788424,1,29,38,84,69
57,30,36,AdaptiveCuttingAuction,0.2,0.02,10,True,,1000,10800,cats_reg_g30b150,True,abs,False,CATS,150,regions,MultiMinded,39,Balance,9.970000000000255,1899.5301999999997,5,1604.44,621.16750000000002,1763.1708999999998,1846.7467092231452,1381.7161383306973,1463.269437424186,11,42,18,80,66
58,30,36,AdaptiveCuttingAuction,0.2,0.02,10,True,,1000,10800,cats_reg_g30b150,True,abs,False,CATS,150,regions,MultiMinded,245,Balance,73.30000000000018,2429.6093,4,2057.42,832.86300000000006,2287.9113,2288.7684327356405,1986.9966621611654,2160.4919042900747,13,45,55,82,66
59,30,39,AdaptiveCuttingAuction,0.2,0.02,10,True,,1000,10800,cats_reg_g30b150,True,abs,False,CATS,150,regions,MultiMinded,65,Balance,17.30999999999949,2064.9126,3,1772.9,622.28800000000001,2039.5116,2043.4319970853794,1772.4416386825781,1937.9557708296288,22,47,84,83,69
60,30,35,AdaptiveCuttingAuction,0.2,0.02,10,True,,1000,10800,cats_reg_g30b150,True,abs,False,CATS,150,regions,MultiMinded,34,Balance,5.979999999999563,1956.0875,3,1842.74,450.80399999999997,1936.1575,1896.371894264536,1797.195014264536,1887.9935240057387,10,35,32,75,65
61,30,37,AdaptiveCuttingAuction,0.2,0.02,10,True,,1000,10800,cats_reg_g30b150,True,abs,False,CATS,150,regions,MultiMinded,129,Balance,32.47999999999956,1951.6029999999998,9,1560.47,530.9905,1902.7827999999997,1739.7339210615432,1162.1903438855325,1430.8490984528048,9,45,58,81,67
62,30,34,AdaptiveCuttingAuction,0.2,0.02,10,True,,1000,10800,cats_reg_g30b150,True,abs,False,CATS,150,regions,MultiMinded,101,Balance,22.73999999999978,1978.0167,4,1737.89,582.94900000000007,1941.8931400000001,1889.9779280925634,1733.9819459281994,1928.1671858609645,1,30,58,75,64
63,30,30,AdaptiveCuttingAuction,0.2,0.02,10,True,,1000,10800,cats_reg_g30b150,True,abs,False,CATS,150,regions,MultiMinded,79,Balance,16.38000000000011,2547.4234,5,1821.34,869.476,2547.4234,2363.0867792001077,1886.6831106481536,2168.1889257976914,1,29,66,69,60
64,30,34,AdaptiveCuttingAuction,0.2,0.02,10,True,,1000,10800,cats_reg_g30b150,True,abs,False,CATS,150,regions,MultiMinded,46,Balance,9.319999999999709,2427.9729,9,1844.14,792.92899999999997,2334.6955000000003,2183.6360323361214,1169.5717891700476,1485.2568296057659,8,34,53,74,64
65,30,36,AdaptiveCuttingAuction,0.2,0.02,10,True,,1000,10800,cats_reg_g30b150,True,abs,False,CATS,150,regions,MultiMinded,78,Balance,18.75,2209.3287,5,1779.98,732.52250000000004,1966.1211,1997.6227589179825,1697.6189044818721,1920.9218401505505,26,45,55,76,66
66,30,30,AdaptiveCuttingAuction,0.2,0.02,10,True,,1000,10800,cats_reg_g30b150,True,abs,False,CATS,150,regions,MultiMinded,11,Balance,2.350000000000364,2387.3904,2,2290.03,553.03500000000008,2387.3904,2358.1104225018548,2236.4427225018549,2481.6060793999723,1,29,43,61,60
67,30,41,AdaptiveCuttingAuction,0.2,0.02,10,True,,1000,10800,cats_reg_g30b150,True,abs,False,CATS,150,regions,MultiMinded,20,Balance,2.969999999999345,2130.5865999999996,8,1569.3,447.20299999999997,2086.2838,2005.88430472445,1598.9474579699106,1904.3622908734733,1,28,50,85,71
68,30,34,AdaptiveCuttingAuction,0.2,0.02,10,True,,1000,10800,cats_reg_g30b150,True,abs,False,CATS,150,regions,MultiMinded,27,Balance,4.5,1871.0335999999998,7,1491.62,623.48450000000003,1804.1255,1857.4030908570314,1274.8747520935367,1385.5085551018242,1,30,18,73,64
69,30,34,AdaptiveCuttingAuction,0.2,0.02,10,True,,1000,10800,cats_reg_g30b150,True,abs,False,CATS,150,regions,MultiMinded,42,Balance,8.509999999999309,2248.1536,8,1918.69,909.28949999999998,2248.1536,2228.0231531207228,1410.8808260088981,1503.8449160858331,1,29,47,71,64
70,30,32,AdaptiveCuttingAuction,0.2,0.02,10,True,,1000,10800,cats_reg_g30b150,True,abs,False,CATS,150,regions,MultiMinded,127,Balance,24.51000000000022,2074.3614,8,1794.89,671.03600000000006,2062.3628,1924.0087735520385,1162.5198291965485,1309.0981268146015,1,30,32,70,62
71,30,30,AdaptiveCuttingAuction,0.2,0.02,10,True,,1000,10800,cats_reg_g30b150,True,abs,False,CATS,150,regions,MultiMinded,412,Balance,78.82000000000062,2107.4125,7,1919.92,672.68100000000004,2032.9072,2112.6468131898559,1335.7912891845483,1401.7320203156557,26,41,54,72,60
72,30,35,AdaptiveCuttingAuction,0.2,0.02,10,True,,1000,10800,cats_reg_g30b150,True,abs,False,CATS,150,regions,MultiMinded,24,Balance,3.7600000000002183,1946.4843000000003,8,1216.53,554.09649999999999,1917.7996999999998,1775.3926217386779,1302.656239372187,1578.3183336164914,1,29,41,73,65
73,30,35,AdaptiveCuttingAuction,0.2,0.02,10,True,,1000,10800,cats_reg_g30b150,True,abs,False,CATS,150,regions,MultiMinded,132,Balance,29.49000000000069,1852.6272999999999,9,1445.38,663.03899999999999,1636.202,1692.531312924239,1105.1482651061438,1393.3567971745601,1,30,67,76,65
74,30,31,AdaptiveCuttingAuction,0.2,0.02,10,True,,1000,10800,cats_reg_g30b150,True,abs,False,CATS,150,regions,MultiMinded,185,Balance,36.789999999999964,2020.0417,6,1744.34,781.83899999999994,2020.0417,1955.190254219229,1443.7932809147489,1549.5340783209845,23,43,32,74,61
75,30,39,AdaptiveCuttingAuction,0.2,0.02,10,True,,1000,10800,cats_reg_g30b150,True,abs,False,CATS,150,regions,MultiMinded,105,Balance,28.30999999999949,2549.9302,11,1890.83,637.39099999999996,2549.9302,2348.8730711217058,1514.0021088626438,1739.1550815466069,10,45,35,87,69
76,30,36,AdaptiveCuttingAuction,0.2,0.02,10,True,,1000,10800,cats_reg_g30b150,True,abs,False,CATS,150,regions,MultiMinded,52,Balance,14.570000000000618,1970.4382,5,1633.82,405.01099999999997,1957.2915,1889.1200542198339,1519.6934927746636,1606.7759713191085,20,46,28,73,66
77,30,34,AdaptiveCuttingAuction,0.2,0.02,10,True,,1000,10800,cats_reg_g30b150,True,abs,False,CATS,150,regions,MultiMinded,52,Balance,9.400000000000546,1646.3148,6,1576.38,831.28949999999998,1432.5188,1678.9141545131322,862.89076680005428,911.11520353582716,1,30,43,72,64
78,30,34,AdaptiveCuttingAuction,0.2,0.02,10,True,,1000,10800,cats_reg_g30b150,True,abs,False,CATS,150,regions,MultiMinded,93,Balance,23.210000000000036,2412.1546,7,1881.66,768.41550000000007,2345.1620999999996,2243.6620145276388,1481.9530059815577,1639.6447677900264,17,47,41,76,64
79,30,29,AdaptiveCuttingAuction,0.2,0.02,10,True,,1000,10800,cats_reg_g30b150,True,abs,False,CATS,150,regions,MultiMinded,59,Balance,8.730000000000473,2267.359,5,2060.3,919.01300000000003,2255.609,2327.0686547551468,1673.5191527346526,1869.4679627179639,1,29,89,67,59
80,30,37,AdaptiveCuttingAuction,0.2,0.02,10,True,,1000,10800,cats_reg_g30b150,True,abs,False,CATS,150,regions,MultiMinded,24,Balance,7.099999999999454,2112.5864,9,1592.54,576.49599999999998,1990.7174,2012.1874453214014,1198.7389973970658,1399.825533476371,6,35,61,76,67
81,30,33,AdaptiveCuttingAuction,0.2,0.02,10,True,,1000,10800,cats_reg_g30b150,True,abs,False,CATS,150,regions,MultiMinded,73,Balance,12.88000000000011,1652.215,4,1316.69,725.81600000000003,1652.215,1654.8630437165825,1181.560116810203,1198.0051733209127,1,30,49,71,63
82,30,35,AdaptiveCuttingAuction,0.2,0.02,10,True,,1000,10800,cats_reg_g30b150,True,abs,False,CATS,150,regions,MultiMinded,92,Balance,29.050000000000182,2109.0315,7,1900.31,619.13249999999994,2109.0315,2069.7568917737967,1564.9434865619291,1645.7492478769811,12,44,39,79,65
83,30,32,AdaptiveCuttingAuction,0.2,0.02,10,True,,1000,10800,cats_reg_g30b150,True,abs,False,CATS,150,regions,MultiMinded,65,Balance,12.280000000000655,2576.43019,7,2027.96,1059.6700000000001,2576.43019,2576.0949128031657,1572.472148425868,1617.9454282568265,1,30,19,72,62
84,30,34,AdaptiveCuttingAuction,0.2,0.02,10,True,,1000,10800,cats_reg_g30b150,True,abs,False,CATS,150,regions,MultiMinded,27,Balance,5.779999999999745,1983.6759000000002,7,1485.27,650.14099999999996,1907.8858,1916.6369175385212,1314.0227768692992,1570.4116745860329,1,29,57,71,64
85,30,33,AdaptiveCuttingAuction,0.2,0.02,10,True,,1000,10800,cats_reg_g30b150,True,abs,False,CATS,150,regions,MultiMinded,33,Balance,7.079999999999927,1650.3177,5,1136.81,534.83399999999995,1650.3177,1606.5358377950724,1231.8086314077248,1309.348002370419,26,46,19,72,63
86,30,37,AdaptiveCuttingAuction,0.2,0.02,10,True,,1000,10800,cats_reg_g30b150,True,abs,False,CATS,150,regions,MultiMinded,18,Balance,2.9700000000002547,2073.2363,6,1605.13,504.47649999999999,2069.3503,1944.5401052430479,1510.690315243048,1699.2664643485348,1,30,11,76,67
87,30,34,AdaptiveCuttingAuction,0.2,0.02,10,True,,1000,10800,cats_reg_g30b150,True,abs,False,CATS,150,regions,MultiMinded,291,Balance,75.0,2161.5317,10,1611.82,461.19499999999999,2161.5317,2024.8872963668196,1298.8380240775175,1461.4364643768899,8,44,59,80,64
88,30,35,AdaptiveCuttingAuction,0.2,0.02,10,True,,1000,10800,cats_reg_g30b150,True,abs,False,CATS,150,regions,MultiMinded,37,Balance,8.890000000000327,1960.6723,6,1579.4,529.16499999999996,1896.3611,1864.9427924109125,1429.0952550299642,1604.500981865468,7,37,30,77,65
89,30,40,AdaptiveCuttingAuction,0.2,0.02,10,True,,1000,10800,cats_reg_g30b150,True,abs,False,CATS,150,regions,MultiMinded,28,Balance,6.230000000000473,2103.4608,12,1324.86,455.78500000000003,2103.4608,1763.5100682145016,1029.8785745911916,1413.1750118463042,1,27,9,79,70
90,30,36,AdaptiveCuttingAuction,0.2,0.02,10,True,,1000,10800,cats_reg_g30b150,True,abs,False,CATS,150,regions,MultiMinded,30,Balance,4.960000000000036,2252.2093,7,1749.09,686.99800000000005,2252.2093,2121.7905616197472,1423.2915584055627,1653.2719653021531,1,29,12,75,66
91,30,37,AdaptiveCuttingAuction,0.2,0.02,10,True,,1000,10800,cats_reg_g30b150,True,abs,False,CATS,150,regions,MultiMinded,52,Balance,13.3100000000004,2533.4677,11,1557.05,605.50300000000004,2433.7927999999997,2090.4110002497173,1342.9158487471439,1789.225610035533,7,45,28,77,67
92,30,37,AdaptiveCuttingAuction,0.2,0.02,10,True,,1000,10800,cats_reg_g30b150,True,abs,False,CATS,150,regions,MultiMinded,64,Balance,15.25,2087.0795,9,1557.29,467.12700000000001,2087.0795,1904.756727495864,1284.125359550279,1471.223013138853,19,46,21,80,67
93,30,34,AdaptiveCuttingAuction,0.2,0.02,10,True,,1000,10800,cats_reg_g30b150,True,abs,False,CATS,150,regions,MultiMinded,7,Balance,0.6900000000005093,2220.4165999999996,8,1477.09,531.97949999999992,2187.6236,2087.4090732462878,1475.0710225448333,1713.0678363033878,1,30,26,69,64
94,30,33,AdaptiveCuttingAuction,0.2,0.02,10,True,,1000,10800,cats_reg_g30b150,True,abs,False,CATS,150,regions,MultiMinded,111,Balance,27.86999999999989,2089.1439,10,1850.23,583.02999999999997,1892.5925900000002,1999.1006052190046,1159.3681225010894,1335.4501208457059,6,29,24,77,63
95,30,36,AdaptiveCuttingAuction,0.2,0.02,10,True,,1000,10800,cats_reg_g30b150,True,abs,False,CATS,150,regions,MultiMinded,65,Balance,16.350000000000364,2218.1557,7,1747.55,732.99250000000006,2218.1557,2123.1727192834824,1405.1327532911105,1524.3105119180473,13,44,22,79,66
96,30,33,AdaptiveCuttingAuction,0.2,0.02,10,True,,1000,10800,cats_reg_g30b150,True,abs,False,CATS,150,regions,MultiMinded,41,Balance,8.659999999999854,1873.9284000000002,4,1690.89,555.43200000000002,1873.9284000000002,1900.4243912052916,1684.2121853522585,1767.4885914187178,15,43,32,76,63
97,30,37,AdaptiveCuttingAuction,0.2,0.02,10,True,,1000,10800,cats_reg_g30b150,True,abs,False,CATS,150,regions,MultiMinded,46,Balance,10.910000000000764,1853.4531000000002,9,1334.16,635.36699999999996,1790.8381,1775.1224608446923,974.56004084469237,1124.7348194856995,5,31,35,81,67
98,30,36,AdaptiveCuttingAuction,0.2,0.02,10,True,,1000,10800,cats_reg_g30b150,True,abs,False,CATS,150,regions,MultiMinded,59,Balance,13.0,2779.0163,8,2131.76,620.35799999999995,2779.0163,2697.8067655299287,1819.2390047861568,1932.076352667023,5,31,27,77,66
99,30,37,AdaptiveCuttingAuction,0.2,0.02,10,True,,1000,10800,cats_reg_g30b150,True,abs,False,CATS,150,regions,MultiMinded,61,Balance,17.93000000000029,2286.8288000000002,6,1573.72,543.00099999999998,2249.6814999999997,2182.1544252406989,1666.2119197857849,1783.1845528265314,9,36,24,83,67
100,30,32,AdaptiveCuttingAuction,0.2,0.02,10,True,,1000,10800,cats_reg_g30b150,True,abs,False,CATS,150,regions,MultiMinded,74,Balance,12.13000000000011,1906.0085,5,1496.95,591.39400000000001,1834.6555000000003,1725.2196105044686,1374.9933597602978,1644.4275615960344,1,30,79,75,62
