idx,items,agents,auction_class,epsilon,stepc,epoch,scalebyvalue,reserve_type,maxiter,maxtime,generator_param_name,personalized,expstrat,int_prices,generator,bids,distribution,type,rounds,status,runtime,efficient_value,final_num_winners,final_max_agent_value,final_scalevalue,final_value,final_total_price,final_revenue,final_indirect_util,final_price_degree,final_price_sparsity,final_imbalance,final_wd_nvars,final_wd_ncons
1,30,36,AdaptiveCuttingAuction,0.1,0.02,10,True,,1000,10800,cats_reg_g30b150,True,abs,False,CATS,150,regions,MultiMinded,37,Balance,10.920000000000073,2502.8085,9,1712.02,630.28700000000003,2502.8085,2112.0679314687868,1777.0645402372336,2209.7723238816388,26,46,13,75,66
2,30,38,AdaptiveCuttingAuction,0.1,0.02,10,True,,1000,10800,cats_reg_g30b150,True,abs,False,CATS,150,regions,MultiMinded,37,Balance,9.090000000000146,2067.4249,7,1460.04,478.96600000000001,2057.0263999999997,2060.8349139106458,1772.7547573085094,1830.1327306354017,7,33,30,83,68
3,30,36,AdaptiveCuttingAuction,0.1,0.02,10,True,,1000,10800,cats_reg_g30b150,True,abs,False,CATS,150,regions,MultiMinded,49,Balance,10.430000000000291,2226.2472000000002,3,1961.0,494.50999999999999,2226.2472000000002,2196.0572667769907,2077.3748667769905,2134.2350938110353,25,39,9,75,66
4,30,38,AdaptiveCuttingAuction,0.1,0.02,10,True,,1000,10800,cats_reg_g30b150,True,abs,False,CATS,150,regions,MultiMinded,71,Balance,14.770000000000437,2004.9491999999998,11,1505.7,557.86300000000006,2004.9491999999998,1885.4595011234653,1349.9110211234654,1471.5987823598443,1,30,5,81,68
5,30,35,AdaptiveCuttingAuction,0.1,0.02,10,True,,1000,10800,cats_reg_g30b150,True,abs,False,CATS,150,regions,MultiMinded,56,Balance,10.920000000000073,1864.626,2,1703.97,505.12049999999999,1813.7730000000001,1752.5270516194751,1652.6455525022868,1763.2075010616109,1,30,1,72,65
6,30,35,AdaptiveCuttingAuction,0.1,0.02,10,True,,1000,10800,cats_reg_g30b150,True,abs,False,CATS,150,regions,MultiMinded,183,Balance,51.52000000000044,2116.0368,7,1959.83,614.52500000000009,2047.2348000000002,2067.5087982048981,1650.4816297817783,1694.0572544723825,11,41,27,77,65
7,30,35,AdaptiveCuttingAuction,0.1,0.02,10,True,,1000,10800,cats_reg_g30b150,True,abs,False,CATS,150,regions,MultiMinded,31,Balance,5.5900000000001455,2031.9575,6,1330.11,558.39999999999998,2031.9575,1943.8570452187168,1653.4890452187169,1820.0044771125133,1,30,22,75,65
8,30,35,AdaptiveCuttingAuction,0.1,0.02,10,True,,1000,10800,cats_reg_g30b150,True,abs,False,CATS,150,regions,MultiMinded,82,Balance,17.979999999999563,2027.57669,8,1379.5,642.28750000000002,2027.57669,1737.7719748154987,1425.7952776202694,1767.4598166861092,13,43,61,75,65
9,30,36,AdaptiveCuttingAuction,0.1,0.02,10,True,,1000,10800,cats_reg_g30b150,True,abs,False,CATS,150,regions,MultiMinded,65,Balance,18.11999999999989,1859.5272999999997,8,1542.29,443.88650000000001,1859.5272999999997,1796.1220442150197,1529.7901442150196,1651.1162796017577,1,27,23,82,66
10,30,34,AdaptiveCuttingAuction,0.1,0.02,10,True,,1000,10800,cats_reg_g30b150,True,abs,False,CATS,150,regions,MultiMinded,196,Balance,49.76999999999953,2566.974,5,2112.56,626.02300000000002,2566.974,2405.3057418909998,2092.2942418910002,2268.966408096775,7,44,52,76,64
11,30,36,AdaptiveCuttingAuction,0.1,0.02,10,True,,1000,10800,cats_reg_g30b150,True,abs,False,CATS,150,regions,MultiMinded,37,Balance,9.38000000000011,2431.6115,4,2098.81,721.22149999999999,2431.6115,2208.3878672024966,2020.8702772024969,2282.0733204538069,1,28,45,76,66
12,30,32,AdaptiveCuttingAuction,0.1,0.02,10,True,,1000,10800,cats_reg_g30b150,True,abs,False,CATS,150,regions,MultiMinded,276,Balance,64.76000000000022,1865.81568,7,1645.15,855.13049999999998,1787.8909999999998,1794.5436270606197,1350.647638068971,1470.7195196988009,3,33,37,77,62
13,30,35,AdaptiveCuttingAuction,0.1,0.02,10,True,,1000,10800,cats_reg_g30b150,True,abs,False,CATS,150,regions,MultiMinded,72,Balance,18.090000000000146,1773.5022000000001,6,1494.31,678.60900000000004,1773.5022000000001,1688.7560475432215,1390.1680875432216,1605.3501935848224,11,46,91,84,65
14,30,32,AdaptiveCuttingAuction,0.1,0.02,10,True,,1000,10800,cats_reg_g30b150,True,abs,False,CATS,150,regions,MultiMinded,124,Balance,26.960000000000036,1980.1873000000003,6,1559.99,631.08900000000006,1980.1873000000003,1781.7569012887782,1504.0777412887783,1716.6791601416817,26,43,28,72,62
15,30,36,AdaptiveCuttingAuction,0.1,0.02,10,True,,1000,10800,cats_reg_g30b150,True,abs,False,CATS,150,regions,MultiMinded,26,Balance,4.739999999999782,2512.4141000000004,3,2312.23,781.00699999999995,2512.4141000000004,2381.8090106555974,2256.8478906555974,2433.2672226121799,1,29,31,70,66
16,30,34,AdaptiveCuttingAuction,0.1,0.02,10,True,,1000,10800,cats_reg_g30b150,True,abs,False,CATS,150,regions,MultiMinded,112,Balance,26.289999999999964,1929.452,4,1789.44,584.255,1909.1155,1896.282777145633,1786.0537022512945,1854.0507022512945,25,45,27,79,64
17,30,33,AdaptiveCuttingAuction,0.1,0.02,10,True,,1000,10800,cats_reg_g30b150,True,abs,False,CATS,150,regions,MultiMinded,88,Balance,20.170000000000073,1934.7395999999999,5,1626.95,730.93200000000002,1840.0255000000002,1785.0950416142725,1468.03723688949,1580.0197192028379,25,46,78,78,63
18,30,34,AdaptiveCuttingAuction,0.1,0.02,10,True,,1000,10800,cats_reg_g30b150,True,abs,False,CATS,150,regions,MultiMinded,33,Balance,7.399999999999636,2504.1384,4,1818.33,781.33600000000001,2504.1384,2419.5262309012742,2183.1224182458914,2357.0378874287653,1,29,19,72,64
19,30,36,AdaptiveCuttingAuction,0.1,0.02,10,True,,1000,10800,cats_reg_g30b150,True,abs,False,CATS,150,regions,MultiMinded,16,Balance,3.519999999999527,2560.7110000000002,12,1508.06,549.71399999999994,2554.963,2094.4755413272751,1610.7272213272759,2127.9948791307202,1,28,10,70,66
20,30,37,AdaptiveCuttingAuction,0.1,0.02,10,True,,1000,10800,cats_reg_g30b150,True,abs,False,CATS,150,regions,MultiMinded,61,Balance,19.220000000000255,1801.7813999999998,8,1490.47,395.125,1753.5685,1705.2057310899177,1455.2576399726618,1572.5456972941602,8,48,24,88,67
21,30,33,AdaptiveCuttingAuction,0.1,0.02,10,True,,1000,10800,cats_reg_g30b150,True,abs,False,CATS,150,regions,MultiMinded,90,Balance,16.579999999999927,1553.7635,3,1374.19,778.39550000000008,1553.7635,1520.5747657933143,1331.8856896672019,1409.1896635410894,1,30,25,71,63
22,30,38,AdaptiveCuttingAuction,0.1,0.02,10,True,,1000,10800,cats_reg_g30b150,True,abs,False,CATS,150,regions,MultiMinded,133,Balance,39.42999999999938,2312.252,6,2123.59,638.69949999999994,2312.252,2322.4682632007607,1939.2485632007601,1975.3304863218775,21,48,51,87,68
23,30,38,AdaptiveCuttingAuction,0.1,0.02,10,True,,1000,10800,cats_reg_g30b150,True,abs,False,CATS,150,regions,MultiMinded,53,Balance,13.410000000000764,2354.8725,7,1818.1,597.00800000000004,2354.8725,2073.959868742405,1826.1847413807095,2107.8178512859245,25,42,13,79,68
24,30,35,AdaptiveCuttingAuction,0.1,0.02,10,True,,1000,10800,cats_reg_g30b150,True,abs,False,CATS,150,regions,MultiMinded,75,Balance,17.75,1892.4884,10,1241.36,538.58849999999995,1892.4884,1684.7833567773323,1277.7750350716976,1561.5506096742133,25,45,58,77,65
25,30,33,AdaptiveCuttingAuction,0.1,0.02,10,True,,1000,10800,cats_reg_g30b150,True,abs,False,CATS,150,regions,MultiMinded,133,Balance,28.460000000000036,1741.0822999999998,7,1538.41,861.41849999999999,1618.4172999999998,1625.6942530227302,1213.7837404529971,1374.3855965081566,12,45,45,73,63
26,30,34,AdaptiveCuttingAuction,0.1,0.02,10,True,,1000,10800,cats_reg_g30b150,True,abs,False,CATS,150,regions,MultiMinded,286,Balance,64.85000000000036,2008.668,3,1919.5,424.82100000000003,2008.668,1975.0987420340193,1918.1123458362104,2014.5773437197947,9,45,35,74,64
27,30,32,AdaptiveCuttingAuction,0.1,0.02,10,True,,1000,10800,cats_reg_g30b150,True,abs,False,CATS,150,regions,MultiMinded,55,Balance,13.0600000000004,2175.2061,2,1890.21,644.31150000000002,1920.4422,1982.9588812943043,1886.9703159848323,1901.5471809297674,9,38,51,70,62
28,30,37,AdaptiveCuttingAuction,0.1,0.02,10,True,,1000,10800,cats_reg_g30b150,True,abs,False,CATS,150,regions,MultiMinded,30,Balance,5.519999999999527,2040.43179,9,1615.6,517.23699999999997,1991.07949,1925.797909931098,1642.7651793113921,1863.9223757484326,1,29,42,75,67
29,30,33,AdaptiveCuttingAuction,0.1,0.02,10,True,,1000,10800,cats_reg_g30b150,True,abs,False,CATS,150,regions,MultiMinded,458,Balance,105.60000000000036,2111.632,4,1854.64,708.57899999999995,2092.38,1954.5610445360146,1732.4036253391737,1941.019049849368,13,44,1,79,63
30,30,35,AdaptiveCuttingAuction,0.1,0.02,10,True,,1000,10800,cats_reg_g30b150,True,abs,False,CATS,150,regions,MultiMinded,222,Balance,77.69999999999982,2323.0769999999998,9,1594.17,462.18150000000003,2202.2282,1963.3820611726778,1593.636861172678,1835.0136592128831,8,45,9,79,65
31,30,34,AdaptiveCuttingAuction,0.1,0.02,10,True,,1000,10800,cats_reg_g30b150,True,abs,False,CATS,150,regions,MultiMinded,45,Balance,7.789999999999964,2659.4860000000003,6,2167.09,585.07799999999997,2659.4860000000003,2546.1279577469913,2281.9211692791446,2418.5005287721842,1,27,6,72,64
32,30,37,AdaptiveCuttingAuction,0.1,0.02,10,True,,1000,10800,cats_reg_g30b150,True,abs,False,CATS,150,regions,MultiMinded,114,Balance,31.409999999999854,1999.8556999999998,8,1545.46,522.50199999999995,1910.9342000000001,1847.8290373628008,1487.3014780312481,1616.2955183916308,7,44,22,84,67
33,30,37,AdaptiveCuttingAuction,0.1,0.02,10,True,,1000,10800,cats_reg_g30b150,True,abs,False,CATS,150,regions,MultiMinded,28,Balance,6.039999999999964,1805.9524000000001,4,1582.17,487.50400000000002,1790.6487000000002,1633.9544431137447,1571.0771231781832,1818.4459269799752,1,28,53,78,67
34,30,39,AdaptiveCuttingAuction,0.1,0.02,10,True,,1000,10800,cats_reg_g30b150,True,abs,False,CATS,150,regions,MultiMinded,78,Balance,22.579999999999927,1983.6001999999999,8,1564.76,623.41200000000003,1983.6001999999999,2041.6763338466815,1582.2826577389217,1612.434574367091,15,45,21,84,69
35,30,38,AdaptiveCuttingAuction,0.1,0.02,10,True,,1000,10800,cats_reg_g30b150,True,abs,False,CATS,150,regions,MultiMinded,65,Balance,19.75,2341.4052,8,1755.59,637.298,2341.4052,2243.977667326169,1823.3609873261685,2010.9040165414754,26,43,14,84,68
36,30,33,AdaptiveCuttingAuction,0.1,0.02,10,True,,1000,10800,cats_reg_g30b150,True,abs,False,CATS,150,regions,MultiMinded,89,Balance,20.970000000000255,2136.9992,6,1693.26,587.83249999999998,2087.04,2105.7230408076089,1753.0235408076087,1820.2157068025067,27,46,45,81,63
37,30,34,AdaptiveCuttingAuction,0.1,0.02,10,True,,1000,10800,cats_reg_g30b150,True,abs,False,CATS,150,regions,MultiMinded,81,Balance,16.3799999999992,1991.3467,8,1812.59,701.23299999999995,1969.7631000000001,1832.445269535152,1429.2942718288089,1679.2242062667779,23,45,58,70,64
38,30,40,AdaptiveCuttingAuction,0.1,0.02,10,True,,1000,10800,cats_reg_g30b150,True,abs,False,CATS,150,regions,MultiMinded,46,Balance,15.450000000000728,2724.0288,6,2153.9,576.38300000000004,2724.0288,2390.7900572318576,2141.7274606605779,2508.2606036873481,5,41,9,88,70
39,30,30,AdaptiveCuttingAuction,0.1,0.02,10,True,,1000,10800,cats_reg_g30b150,True,abs,False,CATS,150,regions,MultiMinded,82,Balance,13.090000000000146,1968.0602,1,1918.66,764.726,1918.66,1980.7546905415445,1904.2820905415444,1948.9090560577429,1,30,34,66,60
40,30,33,AdaptiveCuttingAuction,0.1,0.02,10,True,,1000,10800,cats_reg_g30b150,True,abs,False,CATS,150,regions,MultiMinded,42,Balance,9.920000000000073,1942.0583000000001,3,1674.34,688.69799999999998,1942.0583000000001,1895.0236729541634,1712.1419837967642,1759.8065687030762,1,30,3,71,63
41,30,35,AdaptiveCuttingAuction,0.1,0.02,10,True,,1000,10800,cats_reg_g30b150,True,abs,False,CATS,150,regions,MultiMinded,52,Balance,16.43000000000029,1877.7214099999999,7,1423.29,646.35299999999995,1831.2470099999998,1804.7924363783843,1506.532438081721,1688.1555728444259,9,41,76,78,65
42,30,32,AdaptiveCuttingAuction,0.1,0.02,10,True,,1000,10800,cats_reg_g30b150,True,abs,False,CATS,150,regions,MultiMinded,114,Balance,27.18000000000029,2111.841,4,1703.5,646.17399999999998,2111.841,2074.9113361323916,1881.0591361323914,1951.190561529387,11,43,62,74,62
43,30,40,AdaptiveCuttingAuction,0.1,0.02,10,True,,1000,10800,cats_reg_g30b150,True,abs,False,CATS,150,regions,MultiMinded,77,Balance,26.279999999999745,2446.7208,5,1927.69,685.90899999999999,2352.7618,2090.0042277273569,1919.5870332751638,2287.1212074830742,10,40,6,80,70
44,30,35,AdaptiveCuttingAuction,0.1,0.02,10,True,,1000,10800,cats_reg_g30b150,True,abs,False,CATS,150,regions,MultiMinded,87,Balance,18.529999999999745,1711.1515999999997,8,1299.51,651.40899999999999,1554.4274999999998,1537.6513264960436,1093.5783357406042,1274.0905193282986,25,43,84,78,65
45,30,38,AdaptiveCuttingAuction,0.1,0.02,10,True,,1000,10800,cats_reg_g30b150,True,abs,False,CATS,150,regions,MultiMinded,101,Balance,28.829999999999927,2034.5094,8,1828.07,742.07299999999998,1876.4824999999998,2027.5106312633593,1564.2723940749772,1589.5467866731199,13,47,43,90,68
46,30,31,AdaptiveCuttingAuction,0.1,0.02,10,True,,1000,10800,cats_reg_g30b150,True,abs,False,CATS,150,regions,MultiMinded,32,Balance,6.630000000000109,2564.0325000000003,3,2373.4,807.26099999999997,2549.4987,2464.6288777319755,2287.0314577319755,2399.7248155917946,14,38,7,67,61
47,30,37,AdaptiveCuttingAuction,0.1,0.02,10,True,,1000,10800,cats_reg_g30b150,True,abs,False,CATS,150,regions,MultiMinded,27,Balance,5.390000000000327,2233.1322,7,1669.44,664.97900000000004,2233.1322,1930.1253177649767,1699.364664965304,2102.5391239618079,1,29,43,72,67
48,30,35,AdaptiveCuttingAuction,0.1,0.02,10,True,,1000,10800,cats_reg_g30b150,True,abs,False,CATS,150,regions,MultiMinded,90,Balance,17.75,2069.4358,7,1826.01,556.24350000000004,2069.4358,1893.0494510530878,1567.9629905058678,1765.1209175029912,7,48,30,79,65
49,30,30,AdaptiveCuttingAuction,0.1,0.02,10,True,,1000,10800,cats_reg_g30b150,True,abs,False,CATS,150,regions,MultiMinded,34,Balance,6.079999999999927,1979.7895999999998,6,1594.07,673.82600000000002,1979.7895999999998,1940.2858146411231,1662.6636323467353,1804.9290418488727,1,30,42,67,60
50,30,33,AdaptiveCuttingAuction,0.1,0.02,10,True,,1000,10800,cats_reg_g30b150,True,abs,False,CATS,150,regions,MultiMinded,63,Balance,14.280000000000655,2110.6722999999997,7,1335.35,460.47550000000001,2110.6722999999997,1928.8801956539678,1674.0223169387475,1916.7962547852751,9,41,27,79,63
51,30,37,AdaptiveCuttingAuction,0.1,0.02,10,True,,1000,10800,cats_reg_g30b150,True,abs,False,CATS,150,regions,MultiMinded,24,Balance,7.4399999999996,2245.4244000000003,6,1882.26,597.73699999999997,2245.4244000000003,2174.8477182196257,1899.8886982196263,1996.8389741278131,8,41,25,79,67
52,30,32,AdaptiveCuttingAuction,0.1,0.02,10,True,,1000,10800,cats_reg_g30b150,True,abs,False,CATS,150,regions,MultiMinded,138,Balance,31.360000000000582,1756.6213,5,1409.87,556.45500000000004,1694.7150000000001,1646.1408883888694,1412.4297883888689,1546.304995187814,10,40,37,71,62
53,30,34,AdaptiveCuttingAuction,0.1,0.02,10,True,,1000,10800,cats_reg_g30b150,True,abs,False,CATS,150,regions,MultiMinded,39,Balance,5.640000000000327,2325.6629000000003,6,1796.97,570.23000000000002,2248.7839000000004,2045.360560699756,1808.8362463644423,2120.231748601097,1,29,38,69,64
54,30,37,AdaptiveCuttingAuction,0.1,0.02,10,True,,1000,10800,cats_reg_g30b150,True,abs,False,CATS,150,regions,MultiMinded,35,Balance,8.889999999999418,2355.424,6,2152.9,670.553,2355.424,2211.7567580955651,1983.7687380955654,2214.0008699877862,25,41,41,81,67
55,30,33,AdaptiveCuttingAuction,0.1,0.02,10,True,,1000,10800,cats_reg_g30b150,True,abs,False,CATS,150,regions,MultiMinded,206,Balance,47.57000000000062,2078.1524999999997,10,1352.37,548.28150000000005,2078.1524999999997,2011.9412871730051,1535.6812921631113,1622.2190098344065,22,46,29,78,63
56,30,39,AdaptiveCuttingAuction,0.1,0.02,10,True,,1000,10800,cats_reg_g30b150,True,abs,False,CATS,150,regions,MultiMinded,70,Balance,15.25,1893.3772000000004,9,1498.24,591.42200000000003,1819.2022000000002,1712.1216608132179,1250.8125008132176,1460.530075356995,1,29,38,84,69
57,30,36,AdaptiveCuttingAuction,0.1,0.02,10,True,,1000,10800,cats_reg_g30b150,True,abs,False,CATS,150,regions,MultiMinded,55,Balance,15.009999999999309,1899.5301999999997,6,1604.44,621.16750000000002,1848.6581999999999,1802.2597343771781,1456.6109219808341,1540.4385252284308,11,43,30,80,66
58,30,36,AdaptiveCuttingAuction,0.1,0.02,10,True,,1000,10800,cats_reg_g30b150,True,abs,False,CATS,150,regions,MultiMinded,279,Balance,85.17999999999938,2429.6093,6,2057.42,832.86300000000006,2429.6093,2279.7931325275658,1892.6802546421766,2055.5540697439619,13,45,25,83,66
59,30,39,AdaptiveCuttingAuction,0.1,0.02,10,True,,1000,10800,cats_reg_g30b150,True,abs,False,CATS,150,regions,MultiMinded,78,Balance,20.539999999999964,2064.9126,3,1772.9,622.28800000000001,2039.5116,1976.5782104098753,1810.8280239777328,1960.3071031480861,22,47,48,83,69
60,30,35,AdaptiveCuttingAuction,0.1,0.02,10,True,,1000,10800,cats_reg_g30b150,True,abs,False,CATS,150,regions,MultiMinded,34,Balance,6.0,1956.0875,3,1842.74,450.80399999999997,1936.1575,1896.371894264536,1842.2754142645358,1933.0739240057385,10,35,32,75,65
61,30,37,AdaptiveCuttingAuction,0.1,0.02,10,True,,1000,10800,cats_reg_g30b150,True,abs,False,CATS,150,regions,MultiMinded,323,Balance,96.40999999999985,1951.6029999999998,9,1560.47,530.9905,1902.7827999999997,1765.8020542836346,1373.9556341027701,1563.6406157591002,9,45,1,84,67
62,30,34,AdaptiveCuttingAuction,0.1,0.02,10,True,,1000,10800,cats_reg_g30b150,True,abs,False,CATS,150,regions,MultiMinded,152,Balance,34.92000000000007,1978.0167,4,1737.89,582.94900000000007,1941.8931400000001,1834.2500595376309,1736.3476494923982,1927.0899982178066,1,30,62,77,64
63,30,30,AdaptiveCuttingAuction,0.1,0.02,10,True,,1000,10800,cats_reg_g30b150,True,abs,False,CATS,150,regions,MultiMinded,79,Balance,15.930000000000291,2547.4234,5,1821.34,869.476,2547.4234,2363.0867792001077,2060.5783106481535,2342.0841257976913,1,29,66,69,60
64,30,34,AdaptiveCuttingAuction,0.1,0.02,10,True,,1000,10800,cats_reg_g30b150,True,abs,False,CATS,150,regions,MultiMinded,46,Balance,9.279999999999745,2427.9729,9,1844.14,792.92899999999997,2334.6955000000003,2183.6360323361214,1586.0562525643652,1901.7412930000835,8,34,53,74,64
65,30,36,AdaptiveCuttingAuction,0.1,0.02,10,True,,1000,10800,cats_reg_g30b150,True,abs,False,CATS,150,regions,MultiMinded,103,Balance,27.30999999999949,2209.3287,9,1779.98,732.52250000000004,2134.5853,1925.0201780784896,1493.184778284683,1735.4343708934257,26,45,55,77,66
66,30,30,AdaptiveCuttingAuction,0.1,0.02,10,True,,1000,10800,cats_reg_g30b150,True,abs,False,CATS,150,regions,MultiMinded,30,Balance,4.740000000000691,2387.3904,2,2290.03,553.03500000000008,2387.3904,2288.7871035717794,2222.4229035717794,2375.2311585259049,1,29,2,64,60
67,30,41,AdaptiveCuttingAuction,0.1,0.02,10,True,,1000,10800,cats_reg_g30b150,True,abs,False,CATS,150,regions,MultiMinded,867,Balance,308.9899999999998,2130.5865999999996,8,1569.3,447.20299999999997,2107.1669,1973.174965273138,1715.2277713320793,1897.2001772281551,18,44,30,95,71
68,30,34,AdaptiveCuttingAuction,0.1,0.02,10,True,,1000,10800,cats_reg_g30b150,True,abs,False,CATS,150,regions,MultiMinded,34,Balance,5.859999999999673,1871.0335999999998,7,1491.62,623.48450000000003,1804.1255,1777.486539628306,1444.3520008648115,1591.554672116433,1,30,43,74,64
69,30,34,AdaptiveCuttingAuction,0.1,0.02,10,True,,1000,10800,cats_reg_g30b150,True,abs,False,CATS,150,regions,MultiMinded,42,Balance,8.5,2248.1536,8,1918.69,909.28949999999998,2248.1536,2228.0231531207228,1683.6676760088981,1776.6317660858331,1,29,47,71,64
70,30,32,AdaptiveCuttingAuction,0.1,0.02,10,True,,1000,10800,cats_reg_g30b150,True,abs,False,CATS,150,regions,MultiMinded,127,Balance,23.6899999999996,2074.3614,8,1794.89,671.03600000000006,2062.3628,1924.0087735520385,1476.9809411144104,1623.5592387324634,1,30,32,70,62
71,30,30,AdaptiveCuttingAuction,0.1,0.02,10,True,,1000,10800,cats_reg_g30b150,True,abs,False,CATS,150,regions,MultiMinded,616,Balance,123.51000000000022,2107.4125,3,1919.92,672.68100000000004,2077.242,2089.0398680250537,1941.0500480250535,2000.0527548310363,26,41,28,73,60
72,30,35,AdaptiveCuttingAuction,0.1,0.02,10,True,,1000,10800,cats_reg_g30b150,True,abs,False,CATS,150,regions,MultiMinded,38,Balance,6.619999999999891,1946.4843000000003,8,1216.53,554.09649999999999,1917.7996999999998,1753.1308578265875,1465.5219507825923,1708.6425346628191,1,29,43,73,65
73,30,35,AdaptiveCuttingAuction,0.1,0.02,10,True,,1000,10800,cats_reg_g30b150,True,abs,False,CATS,150,regions,MultiMinded,317,Balance,73.96000000000004,1852.6272999999999,9,1445.38,663.03899999999999,1698.9179000000001,1595.693554442179,1223.1202476006711,1515.9506261566744,15,43,61,78,65
74,30,31,AdaptiveCuttingAuction,0.1,0.02,10,True,,1000,10800,cats_reg_g30b150,True,abs,False,CATS,150,regions,MultiMinded,185,Balance,37.06999999999971,2020.0417,6,1744.34,781.83899999999994,2020.0417,1955.190254219229,1600.1610809147489,1705.9018783209845,23,43,32,74,61
75,30,39,AdaptiveCuttingAuction,0.1,0.02,10,True,,1000,10800,cats_reg_g30b150,True,abs,False,CATS,150,regions,MultiMinded,105,Balance,27.44000000000051,2549.9302,11,1890.83,637.39099999999996,2549.9302,2348.8730711217058,1832.6976088626438,2057.8505815466069,10,45,35,87,69
76,30,36,AdaptiveCuttingAuction,0.1,0.02,10,True,,1000,10800,cats_reg_g30b150,True,abs,False,CATS,150,regions,MultiMinded,52,Balance,14.300000000000182,1970.4382,5,1633.82,405.01099999999997,1957.2915,1889.1200542198339,1686.6145542198337,1773.6970327642789,20,46,28,73,66
77,30,34,AdaptiveCuttingAuction,0.1,0.02,10,True,,1000,10800,cats_reg_g30b150,True,abs,False,CATS,150,regions,MultiMinded,84,Balance,14.5,1646.3148,2,1576.38,831.28949999999998,1646.3148,1662.9214654302266,1508.4415590025417,1508.4415590025417,1,30,28,74,64
78,30,34,AdaptiveCuttingAuction,0.1,0.02,10,True,,1000,10800,cats_reg_g30b150,True,abs,False,CATS,150,regions,MultiMinded,93,Balance,23.529999999999745,2412.1546,7,1881.66,768.41550000000007,2345.1620999999996,2243.6620145276388,1819.8443469717859,1977.5361087802548,17,47,41,76,64
79,30,29,AdaptiveCuttingAuction,0.1,0.02,10,True,,1000,10800,cats_reg_g30b150,True,abs,False,CATS,150,regions,MultiMinded,148,Balance,25.539999999999964,2267.359,5,2060.3,919.01300000000003,2255.609,2243.9917455207215,1839.6260255207214,2008.0124684589957,1,29,115,73,59
80,30,37,AdaptiveCuttingAuction,0.1,0.02,10,True,,1000,10800,cats_reg_g30b150,True,abs,False,CATS,150,regions,MultiMinded,44,Balance,13.13000000000011,2112.5864,9,1592.54,576.49599999999998,1990.7174,1949.5857597150225,1499.9188797150227,1658.1858411616122,6,35,48,78,67
81,30,33,AdaptiveCuttingAuction,0.1,0.02,10,True,,1000,10800,cats_reg_g30b150,True,abs,False,CATS,150,regions,MultiMinded,73,Balance,12.710000000000036,1652.215,4,1316.69,725.81600000000003,1652.215,1654.8630437165825,1389.5185362689826,1405.9635927796924,1,30,49,71,63
82,30,35,AdaptiveCuttingAuction,0.1,0.02,10,True,,1000,10800,cats_reg_g30b150,True,abs,False,CATS,150,regions,MultiMinded,92,Balance,29.63000000000011,2109.0315,7,1900.31,619.13249999999994,2109.0315,2069.7568917737967,1738.8685878202,1819.674349135252,12,44,39,79,65
83,30,32,AdaptiveCuttingAuction,0.1,0.02,10,True,,1000,10800,cats_reg_g30b150,True,abs,False,CATS,150,regions,MultiMinded,65,Balance,12.199999999999818,2576.43019,7,2027.96,1059.6700000000001,2576.43019,2576.0949128031657,1996.3401484258679,2041.8134282568265,1,30,19,72,62
84,30,34,AdaptiveCuttingAuction,0.1,0.02,10,True,,1000,10800,cats_reg_g30b150,True,abs,False,CATS,150,regions,MultiMinded,237,Balance,71.86999999999989,1983.6759000000002,7,1485.27,650.14099999999996,1907.8858,1828.3452773927277,1462.4352907160044,1661.6075479828235,17,44,43,80,64
85,30,33,AdaptiveCuttingAuction,0.1,0.02,10,True,,1000,10800,cats_reg_g30b150,True,abs,False,CATS,150,regions,MultiMinded,33,Balance,7.049999999999272,1650.3177,5,1136.81,534.83399999999995,1650.3177,1606.5358377950724,1392.2588314077245,1469.7982023704187,26,46,19,72,63
86,30,37,AdaptiveCuttingAuction,0.1,0.02,10,True,,1000,10800,cats_reg_g30b150,True,abs,False,CATS,150,regions,MultiMinded,18,Balance,2.9399999999996,2073.2363,6,1605.13,504.47649999999999,2069.3503,1944.5401052430479,1712.480915243048,1901.0570643485348,1,30,11,76,67
87,30,34,AdaptiveCuttingAuction,0.1,0.02,10,True,,1000,10800,cats_reg_g30b150,True,abs,False,CATS,150,regions,MultiMinded,291,Balance,74.49000000000069,2161.5317,10,1611.82,461.19499999999999,2161.5317,2024.8872963668196,1655.9312963668194,1818.5297366661919,8,44,59,80,64
88,30,35,AdaptiveCuttingAuction,0.1,0.02,10,True,,1000,10800,cats_reg_g30b150,True,abs,False,CATS,150,regions,MultiMinded,41,Balance,10.420000000000073,1960.6723,6,1579.4,529.16499999999996,1896.3611,1847.6937332760351,1621.7723120927383,1793.6727335949338,7,37,24,77,65
89,30,40,AdaptiveCuttingAuction,0.1,0.02,10,True,,1000,10800,cats_reg_g30b150,True,abs,False,CATS,150,regions,MultiMinded,28,Balance,6.009999999999309,2103.4608,12,1324.86,455.78500000000003,2103.4608,1763.5100682145016,1380.6506682145016,1763.9471054696141,1,27,9,79,70
90,30,36,AdaptiveCuttingAuction,0.1,0.02,10,True,,1000,10800,cats_reg_g30b150,True,abs,False,CATS,150,regions,MultiMinded,30,Balance,4.930000000000291,2252.2093,7,1749.09,686.99800000000005,2252.2093,2121.7905616197472,1750.811641619747,1980.7920485163374,1,29,12,75,66
91,30,37,AdaptiveCuttingAuction,0.1,0.02,10,True,,1000,10800,cats_reg_g30b150,True,abs,False,CATS,150,regions,MultiMinded,54,Balance,13.490000000000691,2533.4677,9,1557.05,605.50300000000004,2524.7637,2107.7097295531339,1804.9582295531338,2233.472401329449,7,45,14,77,67
92,30,37,AdaptiveCuttingAuction,0.1,0.02,10,True,,1000,10800,cats_reg_g30b150,True,abs,False,CATS,150,regions,MultiMinded,64,Balance,15.340000000000146,2087.0795,9,1557.29,467.12700000000001,2087.0795,1904.756727495864,1526.0868890775137,1713.1845426660877,19,46,21,80,67
93,30,34,AdaptiveCuttingAuction,0.1,0.02,10,True,,1000,10800,cats_reg_g30b150,True,abs,False,CATS,150,regions,MultiMinded,8,Balance,0.7700000000004366,2220.4165999999996,8,1477.09,531.97949999999992,2187.6236,2031.1096548629084,1686.2991804341721,1940.8011743618429,1,30,37,70,64
94,30,33,AdaptiveCuttingAuction,0.1,0.02,10,True,,1000,10800,cats_reg_g30b150,True,abs,False,CATS,150,regions,MultiMinded,160,Balance,42.850000000000364,2089.1439,6,1850.23,583.02999999999997,2075.2699000000002,1986.3833308216485,1753.1713308216486,1918.8687704944753,11,41,33,78,63
95,30,36,AdaptiveCuttingAuction,0.1,0.02,10,True,,1000,10800,cats_reg_g30b150,True,abs,False,CATS,150,regions,MultiMinded,65,Balance,16.26000000000022,2218.1557,7,1747.55,732.99250000000006,2218.1557,2123.1727192834824,1657.8217967965347,1776.9995554234715,13,44,22,79,66
96,30,33,AdaptiveCuttingAuction,0.1,0.02,10,True,,1000,10800,cats_reg_g30b150,True,abs,False,CATS,150,regions,MultiMinded,55,Balance,11.609999999999673,1873.9284000000002,4,1690.89,555.43200000000002,1873.9284000000002,1840.7351375773874,1695.2649032083818,1784.4777067723821,15,43,44,76,63
97,30,37,AdaptiveCuttingAuction,0.1,0.02,10,True,,1000,10800,cats_reg_g30b150,True,abs,False,CATS,150,regions,MultiMinded,50,Balance,11.429999999999382,1853.4531000000002,9,1334.16,635.36699999999996,1790.8381,1771.7286771344395,1352.3864571344393,1463.2409189101506,5,31,17,81,67
98,30,36,AdaptiveCuttingAuction,0.1,0.02,10,True,,1000,10800,cats_reg_g30b150,True,abs,False,CATS,150,regions,MultiMinded,59,Balance,13.110000000000582,2779.0163,8,2131.76,620.35799999999995,2779.0163,2697.8067655299287,2251.1490055299282,2363.9863534107944,5,31,27,77,66
99,30,37,AdaptiveCuttingAuction,0.1,0.02,10,True,,1000,10800,cats_reg_g30b150,True,abs,False,CATS,150,regions,MultiMinded,61,Balance,17.890000000000327,2286.8288000000002,6,1573.72,543.00099999999998,2249.6814999999997,2182.1544252406989,1910.6539252406992,2027.6265582814458,9,36,24,83,67
100,30,32,AdaptiveCuttingAuction,0.1,0.02,10,True,,1000,10800,cats_reg_g30b150,True,abs,False,CATS,150,regions,MultiMinded,96,Balance,17.949999999999818,1906.0085,9,1496.95,591.39400000000001,1906.0085,1729.3852261091588,1265.512074817824,1484.0213435190385,17,44,67,76,62
