idx,items,agents,auction_class,epsilon,stepc,epoch,scalebyvalue,reserve_type,maxiter,maxtime,generator_param_name,personalized,expstrat,int_prices,generator,bids,distribution,type,rounds,status,runtime,efficient_value,final_num_winners,final_max_agent_value,final_scalevalue,final_value,final_total_price,final_revenue,final_indirect_util,final_price_degree,final_price_sparsity,final_imbalance,final_wd_nvars,final_wd_ncons
1,10,17,AdaptiveCuttingAuction,0.1,0.02,10,True,,1000,10800,cats_reg_g10b50,True,abs,False,CATS,50,regions,MultiMinded,12,Balance,0.6000000000003638,681.0817,3,513.163,288.52699999999999,663.8767,659.71263183790802,573.15453183790794,639.60339216781176,1,10,7,35,27
2,10,19,AdaptiveCuttingAuction,0.1,0.02,10,True,,1000,10800,cats_reg_g10b50,True,abs,False,CATS,50,regions,MultiMinded,125,Balance,10.420000000000073,734.1289999999999,2,640.313,226.71899999999999,732.193,678.19844835603976,632.85464835603966,716.95918356826633,8,21,13,42,29
3,10,17,AdaptiveCuttingAuction,0.1,0.02,10,True,,1000,10800,cats_reg_g10b50,True,abs,False,CATS,50,regions,MultiMinded,51,Balance,3.2700000000004366,804.4359999999999,3,797.452,310.25200000000001,804.4359999999999,835.89753331271584,742.82193331271583,747.86307648685374,4,16,17,39,27
4,10,14,AdaptiveCuttingAuction,0.1,0.02,10,True,,1000,10800,cats_reg_g10b50,True,abs,False,CATS,50,regions,MultiMinded,8,Balance,0.27999999999974534,574.909,2,568.922,272.93700000000001,574.909,569.16487230901055,514.57747230901055,566.41451005467866,1,10,8,28,24
5,10,21,AdaptiveCuttingAuction,0.1,0.02,10,True,,1000,10800,cats_reg_g10b50,True,abs,False,CATS,50,regions,MultiMinded,39,Balance,2.4400000000005093,650.6363,2,619.701,342.60149999999999,650.6363,649.09602036743502,585.01566614524268,586.55594577780766,9,18,0,42,31
6,10,17,AdaptiveCuttingAuction,0.1,0.02,10,True,,1000,10800,cats_reg_g10b50,True,abs,False,CATS,50,regions,MultiMinded,70,Balance,4.270000000000437,834.2848,1,784.19,470.66899999999998,784.19,825.66318327082524,778.59628327082521,786.36579776065332,8,20,26,36,27
7,10,21,AdaptiveCuttingAuction,0.1,0.02,10,True,,1000,10800,cats_reg_g10b50,True,abs,False,CATS,50,regions,MultiMinded,32,Balance,2.3599999999996726,854.667,3,696.341,343.76999999999998,854.667,849.92733599065741,746.79633599065744,791.41065022869816,5,15,14,44,31
8,10,18,AdaptiveCuttingAuction,0.1,0.02,10,True,,1000,10800,cats_reg_g10b50,True,abs,False,CATS,50,regions,MultiMinded,123,Balance,8.920000000000073,663.572,3,592.441,275.35000000000002,663.572,644.88272007353874,562.27772007353872,582.2039199001523,7,15,11,37,28
9,10,18,AdaptiveCuttingAuction,0.1,0.02,10,True,,1000,10800,cats_reg_g10b50,True,abs,False,CATS,50,regions,MultiMinded,6,Balance,0.21000000000003638,724.6032999999999,4,611.583,280.12,724.6032999999999,635.95816618356673,531.15347115264717,643.34440497584956,1,10,3,38,28
10,10,23,AdaptiveCuttingAuction,0.1,0.02,10,True,,1000,10800,cats_reg_g10b50,True,abs,False,CATS,50,regions,MultiMinded,10,Balance,0.4099999999998545,946.3547,4,784.828,433.57950000000005,946.3547,981.22196261755425,807.7901626175543,846.39006980650186,1,10,5,47,33
11,10,16,AdaptiveCuttingAuction,0.1,0.02,10,True,,1000,10800,cats_reg_g10b50,True,abs,False,CATS,50,regions,MultiMinded,26,Balance,1.2600000000002183,724.662,1,724.662,403.49950000000001,724.662,753.55809563655384,713.20814563655381,717.59285612719009,1,10,14,35,26
12,10,16,AdaptiveCuttingAuction,0.1,0.02,10,True,,1000,10800,cats_reg_g10b50,True,abs,False,CATS,50,regions,MultiMinded,25,Balance,1.1400000000003274,522.114,1,522.114,283.13549999999998,522.114,519.77738261265404,491.46383261265402,505.06942372053732,1,10,13,35,26
13,10,17,AdaptiveCuttingAuction,0.1,0.02,10,True,,1000,10800,cats_reg_g10b50,True,abs,False,CATS,50,regions,MultiMinded,8,Balance,0.27999999999974534,778.1078,2,718.401,353.04300000000001,778.1078,774.2977183974549,714.88613442343717,785.33316119721871,1,10,11,36,27
14,10,17,AdaptiveCuttingAuction,0.1,0.02,10,True,,1000,10800,cats_reg_g10b50,True,abs,False,CATS,50,regions,MultiMinded,4,Balance,0.14000000000032742,588.9796,2,575.883,307.69200000000001,588.9796,622.62017920984488,575.1399623847318,587.7626624413615,1,10,16,33,27
15,10,17,AdaptiveCuttingAuction,0.1,0.02,10,True,,1000,10800,cats_reg_g10b50,True,abs,False,CATS,50,regions,MultiMinded,68,Balance,4.130000000000109,634.994,2,600.13,422.91899999999998,634.994,629.1632488750522,544.57944887505209,554.30376622085987,9,21,10,36,27
16,10,26,AdaptiveCuttingAuction,0.1,0.02,10,True,,1000,10800,cats_reg_g10b50,True,abs,False,CATS,50,regions,MultiMinded,20,Balance,1.0399999999999636,519.6692,2,485.933,278.584,519.6692,546.63595497844472,490.91915497844474,491.72749645676657,1,10,23,51,36
17,10,16,AdaptiveCuttingAuction,0.1,0.02,10,True,,1000,10800,cats_reg_g10b50,True,abs,False,CATS,50,regions,MultiMinded,9,Balance,0.31999999999970896,910.0260000000001,3,815.656,322.738,910.0260000000001,914.35519320267724,817.5337932026772,853.10655694140019,1,10,16,34,26
18,10,18,AdaptiveCuttingAuction,0.1,0.02,10,True,,1000,10800,cats_reg_g10b50,True,abs,False,CATS,50,regions,MultiMinded,103,Balance,6.519999999999527,982.461,2,932.103,367.83500000000004,982.461,992.39595297478991,918.8289529747899,918.8289529747899,9,19,10,40,28
19,10,19,AdaptiveCuttingAuction,0.1,0.02,10,True,,1000,10800,cats_reg_g10b50,True,abs,False,CATS,50,regions,MultiMinded,294,Balance,25.5,903.4849999999999,2,826.774,559.33850000000007,818.864,874.91687608490338,763.04917608490325,764.80969464479654,9,25,17,41,29
20,10,21,AdaptiveCuttingAuction,0.1,0.02,10,True,,1000,10800,cats_reg_g10b50,True,abs,False,CATS,50,regions,MultiMinded,71,Balance,4.739999999999782,780.3014999999999,6,637.779,268.37200000000001,780.3014999999999,680.46097991050158,527.94939346727779,629.48572061126004,5,15,7,44,31
21,10,17,AdaptiveCuttingAuction,0.1,0.02,10,True,,1000,10800,cats_reg_g10b50,True,abs,False,CATS,50,regions,MultiMinded,16,Balance,0.8099999999994907,869.309,3,770.684,361.69299999999998,869.309,799.673307424585,691.16540742458494,774.74812715927567,1,10,8,40,27
22,10,16,AdaptiveCuttingAuction,0.1,0.02,10,True,,1000,10800,cats_reg_g10b50,True,abs,False,CATS,50,regions,MultiMinded,1000,MaxIter,80.42999999999938,827.155,1,792.758,416.87799999999999,654.031,803.76297667560925,0,17.13426849718175,8,17,14,35,26
23,10,21,AdaptiveCuttingAuction,0.1,0.02,10,True,,1000,10800,cats_reg_g10b50,True,abs,False,CATS,50,regions,MultiMinded,124,Balance,10.409999999999854,926.9879999999999,5,813.726,269.07900000000001,913.9114999999999,905.58114628691305,771.04164628691285,807.41267856466163,4,357,8,48,31
24,10,23,AdaptiveCuttingAuction,0.1,0.02,10,True,,1000,10800,cats_reg_g10b50,True,abs,False,CATS,50,regions,MultiMinded,39,Balance,2.699999999999818,822.2049999999999,3,635.81,377.13200000000001,809.8186000000001,820.44935042061934,707.30975042061925,762.61647542214268,6,16,13,48,33
25,10,22,AdaptiveCuttingAuction,0.1,0.02,10,True,,1000,10800,cats_reg_g10b50,True,abs,False,CATS,50,regions,MultiMinded,297,Balance,25.3100000000004,534.8185,2,446.519,197.68200000000002,527.864,528.28607299806526,488.74967299806525,508.32795240643111,7,27,11,47,32
26,10,17,AdaptiveCuttingAuction,0.1,0.02,10,True,,1000,10800,cats_reg_g10b50,True,abs,False,CATS,50,regions,MultiMinded,12,Balance,0.6599999999998545,716.487,1,716.487,299.23599999999999,687.81,716.94225236011084,687.01865236011088,707.93196126810824,8,16,31,35,27
27,10,17,AdaptiveCuttingAuction,0.1,0.02,10,True,,1000,10800,cats_reg_g10b50,True,abs,False,CATS,50,regions,MultiMinded,53,Balance,3.130000000000109,811.1127,4,667.768,330.15700000000004,811.1127,810.4838821535227,678.42108215352255,683.56800209286541,6,16,11,38,27
28,10,18,AdaptiveCuttingAuction,0.1,0.02,10,True,,1000,10800,cats_reg_g10b50,True,abs,False,CATS,50,regions,MultiMinded,24,Balance,1.2899999999999636,818.682,1,802.322,385.84800000000001,802.322,840.53664223826343,801.95184223826345,824.41765665768912,5,15,23,40,28
29,10,20,AdaptiveCuttingAuction,0.1,0.02,10,True,,1000,10800,cats_reg_g10b50,True,abs,False,CATS,50,regions,MultiMinded,42,Balance,2.369999999999891,767.6940999999999,1,746.709,446.00549999999998,746.709,745.72743438022508,701.12688438022508,749.4407764523047,1,10,12,41,30
30,10,18,AdaptiveCuttingAuction,0.1,0.02,10,True,,1000,10800,cats_reg_g10b50,True,abs,False,CATS,50,regions,MultiMinded,1000,MaxIter,75.11000000000058,794.5821000000001,3,739.446,385.6635,501.0529,796.62860219510492,144.44893193022475,144.63909629548772,8,16,23,38,28
31,10,21,AdaptiveCuttingAuction,0.1,0.02,10,True,,1000,10800,cats_reg_g10b50,True,abs,False,CATS,50,regions,MultiMinded,33,Balance,1.9700000000002547,818.388,2,733.06,325.495,818.388,828.23390483809771,763.1349048380979,786.66745496585315,6,15,16,44,31
32,10,20,AdaptiveCuttingAuction,0.1,0.02,10,True,,1000,10800,cats_reg_g10b50,True,abs,False,CATS,50,regions,MultiMinded,20,Balance,1.1400000000003274,637.3713,4,533.498,304.15100000000001,637.3713,650.92891051881259,529.26851051881249,562.37716349220318,9,16,15,41,30
33,10,16,AdaptiveCuttingAuction,0.1,0.02,10,True,,1000,10800,cats_reg_g10b50,True,abs,False,CATS,50,regions,MultiMinded,36,Balance,2.2399999999997817,560.5032,2,498.34,219.72300000000001,560.5032,526.13483529378266,482.19023529378262,517.56860600550567,8,19,1,34,26
34,10,20,AdaptiveCuttingAuction,0.1,0.02,10,True,,1000,10800,cats_reg_g10b50,True,abs,False,CATS,50,regions,MultiMinded,101,Balance,5.960000000000036,726.3012,4,568.454,249.64099999999999,726.3012,606.27928936310468,506.42288936310456,626.8068691541298,4,14,4,40,30
35,10,27,AdaptiveCuttingAuction,0.1,0.02,10,True,,1000,10800,cats_reg_g10b50,True,abs,False,CATS,50,regions,MultiMinded,15,Balance,0.8999999999996362,858.175,2,722.988,380.87900000000002,858.175,847.54387881343837,771.36807881343839,818.98170106535451,1,10,5,53,37
36,10,17,AdaptiveCuttingAuction,0.1,0.02,10,True,,1000,10800,cats_reg_g10b50,True,abs,False,CATS,50,regions,MultiMinded,38,Balance,2.0900000000001455,716.498,1,716.498,379.51999999999998,716.498,747.42909318867339,709.47709318867339,709.47709318867339,9,16,10,35,27
37,10,20,AdaptiveCuttingAuction,0.1,0.02,10,True,,1000,10800,cats_reg_g10b50,True,abs,False,CATS,50,regions,MultiMinded,23,Balance,1.1899999999995998,824.835,3,630.222,329.92600000000004,824.835,705.32673911791164,606.34893911791153,725.85719999999992,1,10,0,40,30
38,10,18,AdaptiveCuttingAuction,0.1,0.02,10,True,,1000,10800,cats_reg_g10b50,True,abs,False,CATS,50,regions,MultiMinded,52,Balance,2.4099999999998545,825.56,1,825.56,471.01400000000001,825.56,818.3501814823652,771.24878148236519,825.08437194205248,1,10,1,36,28
39,10,25,AdaptiveCuttingAuction,0.1,0.02,10,True,,1000,10800,cats_reg_g10b50,True,abs,False,CATS,50,regions,MultiMinded,23,Balance,1.2399999999997817,948.5501,5,753.385,196.10050000000001,948.5501,803.13482961816385,705.08457961816384,869.47365680811379,1,10,2,47,35
40,10,22,AdaptiveCuttingAuction,0.1,0.02,10,True,,1000,10800,cats_reg_g10b50,True,abs,False,CATS,50,regions,MultiMinded,110,Balance,8.590000000000146,694.64,1,671.57,320.48500000000001,671.57,675.32197079485866,643.27347079485867,675.13384679140029,10,22,11,45,32
41,10,18,AdaptiveCuttingAuction,0.1,0.02,10,True,,1000,10800,cats_reg_g10b50,True,abs,False,CATS,50,regions,MultiMinded,4,Balance,0.1499999999996362,919.5834,3,833.068,428.51799999999997,919.5834,891.42665715967883,762.87125715967875,869.71424138779173,1,10,12,34,28
42,10,21,AdaptiveCuttingAuction,0.1,0.02,10,True,,1000,10800,cats_reg_g10b50,True,abs,False,CATS,50,regions,MultiMinded,67,Balance,3.8700000000008004,722.396,1,722.396,339.44,722.396,715.89319858644467,681.94919858644471,694.83637611431902,9,14,19,42,31
43,10,20,AdaptiveCuttingAuction,0.1,0.02,10,True,,1000,10800,cats_reg_g10b50,True,abs,False,CATS,50,regions,MultiMinded,33,Balance,2.6599999999998545,820.8240000000001,2,681.374,265.63999999999999,820.8240000000001,788.25676718525733,735.12876718525729,768.11772044860413,7,15,5,42,30
44,10,19,AdaptiveCuttingAuction,0.1,0.02,10,True,,1000,10800,cats_reg_g10b50,True,abs,False,CATS,50,regions,MultiMinded,287,Balance,25.68000000000029,607.363,3,484.926,277.04599999999999,543.9155999999999,512.40532806254055,429.29152806254058,490.35884366551932,9,25,9,41,29
45,10,20,AdaptiveCuttingAuction,0.1,0.02,10,True,,1000,10800,cats_reg_g10b50,True,abs,False,CATS,50,regions,MultiMinded,34,Balance,1.7299999999995634,687.7891,5,510.577,285.93000000000001,687.7891,688.49948660577513,561.64639668349548,593.12865384323186,1,10,11,42,30
46,10,19,AdaptiveCuttingAuction,0.1,0.02,10,True,,1000,10800,cats_reg_g10b50,True,abs,False,CATS,50,regions,MultiMinded,29,Balance,1.769999999999527,810.368,2,810.368,345.00850000000003,808.7297,818.40578476547569,749.40408476547566,774.28957837867233,9,14,3,42,29
47,10,18,AdaptiveCuttingAuction,0.1,0.02,10,True,,1000,10800,cats_reg_g10b50,True,abs,False,CATS,50,regions,MultiMinded,104,Balance,7.420000000000073,759.477,1,738.963,363.25599999999997,738.963,758.36132893197293,722.03572893197293,757.84139254062234,7,19,10,43,28
48,10,29,AdaptiveCuttingAuction,0.1,0.02,10,True,,1000,10800,cats_reg_g10b50,True,abs,False,CATS,50,regions,MultiMinded,14,Balance,0.930000000000291,726.774,3,661.833,328.96899999999999,726.774,755.10469749100184,656.41399749100174,660.13015029591486,1,10,11,61,39
49,10,23,AdaptiveCuttingAuction,0.1,0.02,10,True,,1000,10800,cats_reg_g10b50,True,abs,False,CATS,50,regions,MultiMinded,33,Balance,1.9299999999993815,587.5914,5,462.576,216.20049999999998,573.7130999999999,551.67679553149583,443.57654553149587,495.33803058054713,3,16,12,46,33
50,10,17,AdaptiveCuttingAuction,0.1,0.02,10,True,,1000,10800,cats_reg_g10b50,True,abs,False,CATS,50,regions,MultiMinded,20,Balance,0.8899999999994179,945.836,4,681.012,323.851,945.836,884.56368989648649,755.02328989648652,816.4667282562782,1,10,4,34,27
51,10,25,AdaptiveCuttingAuction,0.1,0.02,10,True,,1000,10800,cats_reg_g10b50,True,abs,False,CATS,50,regions,MultiMinded,47,Balance,3.2700000000004366,831.2631000000001,3,644.905,285.66050000000001,831.2631000000001,779.53573994532246,693.83758994532241,745.56494999999995,1,10,0,49,35
52,10,19,AdaptiveCuttingAuction,0.1,0.02,10,True,,1000,10800,cats_reg_g10b50,True,abs,False,CATS,50,regions,MultiMinded,25,Balance,1.6000000000003638,608.391,1,608.391,276.31299999999999,576.268,598.35180532608456,570.72050532608455,584.61937455463897,9,15,19,40,29
53,10,21,AdaptiveCuttingAuction,0.1,0.02,10,True,,1000,10800,cats_reg_g10b50,True,abs,False,CATS,50,regions,MultiMinded,158,Balance,12.550000000000182,623.5598,4,612.518,167.23250000000002,623.5598,616.71767840436405,549.82467840436402,574.13807666045409,10,23,13,44,31
54,10,20,AdaptiveCuttingAuction,0.1,0.02,10,True,,1000,10800,cats_reg_g10b50,True,abs,False,CATS,50,regions,MultiMinded,25,Balance,1.5,1040.322,4,967.436,414.12850000000003,1039.9794,994.95786965813897,829.30646965813889,933.32997158212174,6,14,13,46,30
55,10,17,AdaptiveCuttingAuction,0.1,0.02,10,True,,1000,10800,cats_reg_g10b50,True,abs,False,CATS,50,regions,MultiMinded,9,Balance,0.3100000000004002,1001.244,2,739.168,309.35699999999997,1001.244,904.67533380454643,842.80393380454643,969.4924563496545,1,10,5,33,27
56,10,17,AdaptiveCuttingAuction,0.1,0.02,10,True,,1000,10800,cats_reg_g10b50,True,abs,False,CATS,50,regions,MultiMinded,81,Balance,4.199999999999818,674.3464,3,592.43,348.80000000000001,644.3157,633.3231550407578,528.68315504075781,576.18507753732683,6,15,10,36,27
57,10,20,AdaptiveCuttingAuction,0.1,0.02,10,True,,1000,10800,cats_reg_g10b50,True,abs,False,CATS,50,regions,MultiMinded,121,Balance,7.1899999999996,783.158,3,568.928,268.62299999999999,763.1990000000001,761.17320128397012,680.5863012839701,709.65083092893235,7,18,6,42,30
58,10,21,AdaptiveCuttingAuction,0.1,0.02,10,True,,1000,10800,cats_reg_g10b50,True,abs,False,CATS,50,regions,MultiMinded,21,Balance,1.2799999999997453,871.9079999999999,2,791.212,427.88200000000001,838.6581,867.9527890896361,786.3488203841282,807.4588686477606,1,10,18,44,31
59,10,28,AdaptiveCuttingAuction,0.1,0.02,10,True,,1000,10800,cats_reg_g10b50,True,abs,False,CATS,50,regions,MultiMinded,38,Balance,2.800000000000182,875.1772,3,803.796,406.47899999999998,875.1772,864.03013494391098,742.08643494391083,759.39810297821123,1,10,15,56,38
60,10,22,AdaptiveCuttingAuction,0.1,0.02,10,True,,1000,10800,cats_reg_g10b50,True,abs,False,CATS,50,regions,MultiMinded,20,Balance,0.9200000000000728,716.1357,3,662.173,358.10899999999998,716.1357,675.55884264152269,568.12614264152262,617.14706507088499,1,10,9,46,32
61,10,19,AdaptiveCuttingAuction,0.1,0.02,10,True,,1000,10800,cats_reg_g10b50,True,abs,False,CATS,50,regions,MultiMinded,26,Balance,1.3900000000003274,756.948,3,553.212,307.67700000000002,756.948,754.85937935646803,662.55627935646805,691.09294457742351,1,10,11,40,29
62,10,20,AdaptiveCuttingAuction,0.1,0.02,10,True,,1000,10800,cats_reg_g10b50,True,abs,False,CATS,50,regions,MultiMinded,4,Balance,0.14000000000032742,962.414,3,839.979,365.63299999999998,962.414,914.93148637480124,805.24158637480116,991.99867625277625,1,10,11,36,30
63,10,20,AdaptiveCuttingAuction,0.1,0.02,10,True,,1000,10800,cats_reg_g10b50,True,abs,False,CATS,50,regions,MultiMinded,31,Balance,2.6099999999996726,966.8963000000001,4,783.33,502.36099999999999,966.8963000000001,928.38349116172333,736.86165840231297,786.25780315886527,7,18,11,40,30
64,10,24,AdaptiveCuttingAuction,0.1,0.02,10,True,,1000,10800,cats_reg_g10b50,True,abs,False,CATS,50,regions,MultiMinded,117,Balance,9.089999999999236,784.4846,2,723.45,238.8545,784.4846,768.72984236981279,720.9589423698128,741.21852870312057,6,13,9,51,34
65,10,18,AdaptiveCuttingAuction,0.1,0.02,10,True,,1000,10800,cats_reg_g10b50,True,abs,False,CATS,50,regions,MultiMinded,53,Balance,2.9299999999993815,863.3610000000001,3,758.102,337.34500000000003,856.6320000000001,802.76926685476474,701.56576685476466,766.81093419735316,5,14,4,37,28
66,10,18,AdaptiveCuttingAuction,0.1,0.02,10,True,,1000,10800,cats_reg_g10b50,True,abs,False,CATS,50,regions,MultiMinded,327,Balance,17.289999999999964,852.079,3,807.329,372.65700000000004,852.079,807.30277438137114,695.50567438137102,740.84409898241142,1,10,26,36,28
67,10,27,AdaptiveCuttingAuction,0.1,0.02,10,True,,1000,10800,cats_reg_g10b50,True,abs,False,CATS,50,regions,MultiMinded,61,Balance,3.619999999999891,860.8598,2,789.183,223.39999999999998,860.8598,854.87406457453801,810.19406457453795,838.29984351184453,1,10,1,52,37
68,10,20,AdaptiveCuttingAuction,0.1,0.02,10,True,,1000,10800,cats_reg_g10b50,True,abs,False,CATS,50,regions,MultiMinded,63,Balance,3.350000000000364,535.1916,4,486.692,201.834,535.1916,515.69954404243663,434.9659440424366,474.4298758898546,1,10,1,42,30
69,10,20,AdaptiveCuttingAuction,0.1,0.02,10,True,,1000,10800,cats_reg_g10b50,True,abs,False,CATS,50,regions,MultiMinded,23,Balance,1.199999999999818,550.5322,3,423.552,212.09399999999999,550.5322,501.85540943697924,438.22720943697919,486.90399999999994,1,10,0,40,30
70,10,18,AdaptiveCuttingAuction,0.1,0.02,10,True,,1000,10800,cats_reg_g10b50,True,abs,False,CATS,50,regions,MultiMinded,34,Balance,2.0600000000004,965.81,3,780.078,273.52800000000002,965.81,890.12611139606872,808.86985331155108,923.95651084485326,9,15,16,39,28
71,10,17,AdaptiveCuttingAuction,0.1,0.02,10,True,,1000,10800,cats_reg_g10b50,True,abs,False,CATS,50,regions,MultiMinded,89,Balance,6.319999999999709,745.048,1,745.048,330.73000000000002,745.048,777.90670115565536,744.83370115565538,752.28202322032018,10,22,14,40,27
72,10,23,AdaptiveCuttingAuction,0.1,0.02,10,True,,1000,10800,cats_reg_g10b50,True,abs,False,CATS,50,regions,MultiMinded,16,Balance,0.7599999999993088,619.2275000000001,3,497.631,317.09799999999996,601.3611000000001,596.96242419473765,501.83302419473773,537.54060740914872,1,10,7,46,33
73,10,20,AdaptiveCuttingAuction,0.1,0.02,10,True,,1000,10800,cats_reg_g10b50,True,abs,False,CATS,50,regions,MultiMinded,42,Balance,3.25,675.2625,2,656.76,362.82400000000001,675.0855,670.79190527427875,598.22710527427876,613.07205716986311,8,18,22,43,30
74,10,26,AdaptiveCuttingAuction,0.1,0.02,10,True,,1000,10800,cats_reg_g10b50,True,abs,False,CATS,50,regions,MultiMinded,21,Balance,1.860000000000582,942.6876,2,890.025,245.483,942.6876,935.83999190573434,886.74339190573426,925.89784166817981,1,10,5,56,36
75,10,15,AdaptiveCuttingAuction,0.1,0.02,10,True,,1000,10800,cats_reg_g10b50,True,abs,False,CATS,50,regions,MultiMinded,27,Balance,1.3499999999994543,986.353,1,977.088,450.65550000000002,977.088,971.39303232434793,926.3274823243479,979.03703332296334,6,12,9,34,25
76,10,22,AdaptiveCuttingAuction,0.1,0.02,10,True,,1000,10800,cats_reg_g10b50,True,abs,False,CATS,50,regions,MultiMinded,55,Balance,3.3299999999999272,900.434,6,820.61,441.17500000000001,874.067,851.68902819476909,586.98402819476905,614.07291359367423,5,14,5,43,32
77,10,19,AdaptiveCuttingAuction,0.1,0.02,10,True,,1000,10800,cats_reg_g10b50,True,abs,False,CATS,50,regions,MultiMinded,90,Balance,5.420000000000073,505.8682,3,489.633,293.4085,502.3022,489.84510511667696,418.78294977913328,463.06425689188819,7,14,24,38,29
78,10,15,AdaptiveCuttingAuction,0.1,0.02,10,True,,1000,10800,cats_reg_g10b50,True,abs,False,CATS,50,regions,MultiMinded,17,Balance,0.75,723.896,1,723.896,268.85500000000002,723.896,722.64987902070948,695.7643790207095,757.95806342998094,1,10,8,29,25
79,10,20,AdaptiveCuttingAuction,0.1,0.02,10,True,,1000,10800,cats_reg_g10b50,True,abs,False,CATS,50,regions,MultiMinded,99,Balance,6.460000000000036,830.055,2,715.055,304.07849999999996,792.734,773.83028278858546,713.01458278858559,771.3799101918504,5,14,16,44,30
80,10,23,AdaptiveCuttingAuction,0.1,0.02,10,True,,1000,10800,cats_reg_g10b50,True,abs,False,CATS,50,regions,MultiMinded,69,Balance,5.760000000000218,858.2552999999999,3,815.519,326.65449999999998,822.4562,836.00175928194767,738.00540928194766,742.45643004565363,10,24,8,49,33
81,10,19,AdaptiveCuttingAuction,0.1,0.02,10,True,,1000,10800,cats_reg_g10b50,True,abs,False,CATS,50,regions,MultiMinded,12,Balance,0.6599999999998545,731.2354999999999,5,657.74,318.25649999999996,728.3769,735.83701194028095,576.70876194028097,606.55476630947567,3,12,12,36,29
82,10,20,AdaptiveCuttingAuction,0.1,0.02,10,True,,1000,10800,cats_reg_g10b50,True,abs,False,CATS,50,regions,MultiMinded,144,Balance,10.849999999999454,799.819,3,670.65,230.49700000000001,799.819,777.90905489660315,708.75995489660318,753.589448527287,8,18,5,42,30
83,10,18,AdaptiveCuttingAuction,0.1,0.02,10,True,,1000,10800,cats_reg_g10b50,True,abs,False,CATS,50,regions,MultiMinded,37,Balance,1.860000000000582,778.391,2,740.964,303.2475,778.391,775.54503671021303,714.89553671021304,746.32553116834526,1,10,12,37,28
84,10,19,AdaptiveCuttingAuction,0.1,0.02,10,True,,1000,10800,cats_reg_g10b50,True,abs,False,CATS,50,regions,MultiMinded,3,Balance,0.1000000000003638,653.4665,4,531.36,233.98450000000003,653.4665,595.4157650439912,501.8219650439911,588.09163667872815,1,10,13,38,29
85,10,16,AdaptiveCuttingAuction,0.1,0.02,10,True,,1000,10800,cats_reg_g10b50,True,abs,False,CATS,50,regions,MultiMinded,13,Balance,0.6099999999996726,738.6202000000001,4,623.355,332.00099999999998,738.6202000000001,729.24849728340223,596.44809728340226,629.08224627495679,6,14,11,34,26
86,10,17,AdaptiveCuttingAuction,0.1,0.02,10,True,,1000,10800,cats_reg_g10b50,True,abs,False,CATS,50,regions,MultiMinded,78,Balance,4.390000000000327,772.54,2,646.076,287.08299999999997,772.54,704.87643594905205,647.45983594905204,715.12340000000006,6,13,0,34,27
87,10,18,AdaptiveCuttingAuction,0.1,0.02,10,True,,1000,10800,cats_reg_g10b50,True,abs,False,CATS,50,regions,MultiMinded,64,Balance,4.720000000000255,883.32347,3,801.709,428.95349999999996,836.6344700000001,866.14201829870024,773.70859050133845,795.42830558952573,9,18,18,38,28
88,10,20,AdaptiveCuttingAuction,0.1,0.02,10,True,,1000,10800,cats_reg_g10b50,True,abs,False,CATS,50,regions,MultiMinded,55,Balance,3.5399999999999636,662.7294999999999,1,622.783,332.80799999999999,622.783,654.26375294763398,620.98295294763398,622.79993047825008,6,14,27,43,30
89,10,26,AdaptiveCuttingAuction,0.1,0.02,10,True,,1000,10800,cats_reg_g10b50,True,abs,False,CATS,50,regions,MultiMinded,32,Balance,2.009999999999309,844.3882,3,703.836,361.93200000000002,821.2162,827.02636782125899,725.68540782125899,789.59470055392489,7,17,28,54,36
90,10,21,AdaptiveCuttingAuction,0.1,0.02,10,True,,1000,10800,cats_reg_g10b50,True,abs,False,CATS,50,regions,MultiMinded,21,Balance,1.2100000000000364,1011.3232,6,890.879,348.79300000000001,1011.3232,896.89554673138491,687.61974673138479,869.01665800922581,1,10,6,41,31
91,10,17,AdaptiveCuttingAuction,0.1,0.02,10,True,,1000,10800,cats_reg_g10b50,True,abs,False,CATS,50,regions,MultiMinded,16,Balance,0.8600000000005821,890.575,1,890.575,535.99700000000007,890.575,925.55065089005518,871.9509508900552,947.80667567215551,7,14,31,33,27
92,10,22,AdaptiveCuttingAuction,0.1,0.02,10,True,,1000,10800,cats_reg_g10b50,True,abs,False,CATS,50,regions,MultiMinded,7,Balance,0.2599999999993088,683.1735,2,627.133,263.76300000000003,683.1735,685.69865596845136,632.94605596845133,662.74038109205844,1,10,15,44,32
93,10,20,AdaptiveCuttingAuction,0.1,0.02,10,True,,1000,10800,cats_reg_g10b50,True,abs,False,CATS,50,regions,MultiMinded,8,Balance,0.2900000000008731,931.509,1,931.509,347.88099999999997,931.509,926.80382775431417,892.01572775431418,933.07406262864185,1,10,11,42,30
94,10,15,AdaptiveCuttingAuction,0.1,0.02,10,True,,1000,10800,cats_reg_g10b50,True,abs,False,CATS,50,regions,MultiMinded,225,Balance,10.840000000000146,772.037,1,770.337,295.54650000000004,770.337,773.12272246394093,743.56807246394089,772.90211685702741,9,15,11,33,25
95,10,17,AdaptiveCuttingAuction,0.1,0.02,10,True,,1000,10800,cats_reg_g10b50,True,abs,False,CATS,50,regions,MultiMinded,76,Balance,4.289999999999964,901.2369,3,849.224,408.67100000000005,901.2369,886.63840679149121,782.77788608400544,800.40871696114004,4,15,9,36,27
96,10,19,AdaptiveCuttingAuction,0.1,0.02,10,True,,1000,10800,cats_reg_g10b50,True,abs,False,CATS,50,regions,MultiMinded,4,Balance,0.13999999999941792,752.0848,3,651.493,368.70849999999996,752.0848,732.35885753154582,629.12047753154582,669.26866754951038,1,10,4,36,29
97,10,20,AdaptiveCuttingAuction,0.1,0.02,10,True,,1000,10800,cats_reg_g10b50,True,abs,False,CATS,50,regions,MultiMinded,34,Balance,2.4200000000000728,657.92043,3,602.694,360.185,657.92043,651.50543556759817,575.90094817667716,589.67246194655718,8,17,26,44,30
98,10,20,AdaptiveCuttingAuction,0.1,0.02,10,True,,1000,10800,cats_reg_g10b50,True,abs,False,CATS,50,regions,MultiMinded,4,Balance,0.1499999999996362,1047.5140999999999,4,870.711,386.798,1047.5140999999999,1012.2458875052527,859.7924977302647,926.10700088043427,1,10,7,39,30
99,10,22,AdaptiveCuttingAuction,0.1,0.02,10,True,,1000,10800,cats_reg_g10b50,True,abs,False,CATS,50,regions,MultiMinded,22,Balance,1.8299999999999272,1044.344,5,687.143,366.375,1044.344,1013.2509036967712,830.06340369677093,871.06805557987764,4,15,11,45,32
100,10,21,AdaptiveCuttingAuction,0.1,0.02,10,True,,1000,10800,cats_reg_g10b50,True,abs,False,CATS,50,regions,MultiMinded,97,Balance,7.760000000000218,587.8678,2,515.864,141.49099999999999,587.8678,539.17293035271268,510.87473035271273,559.56960000000004,9,20,0,46,31
