idx,items,agents,auction_class,epsilon,stepc,epoch,scalebyvalue,reserve_type,maxiter,maxtime,generator_param_name,personalized,expstrat,int_prices,generator,bids,distribution,type,rounds,status,runtime,efficient_value,final_num_winners,final_max_agent_value,final_scalevalue,final_value,final_total_price,final_revenue,final_indirect_util,final_price_degree,final_price_sparsity,final_imbalance,final_wd_nvars,final_wd_ncons
1,30,36,AdaptiveCuttingAuction,0.2,0.08,10,True,,1000,10800,cats_reg_g30b150,True,abs,False,CATS,150,regions,MultiMinded,95,Balance,21.07000000000062,2502.8085,11,1712.02,630.28700000000003,2474.8035000000004,2347.9329997969276,1414.6181469216874,1673.2332643971299,13,41,23,88,66
2,30,38,AdaptiveCuttingAuction,0.2,0.08,10,True,,1000,10800,cats_reg_g30b150,True,abs,False,CATS,150,regions,MultiMinded,45,Balance,9.280000000000655,2067.4249,7,1460.04,478.96600000000001,2057.0263999999997,2178.8062317206823,1625.6231877043679,1698.8633693852407,1,29,46,84,68
3,30,36,AdaptiveCuttingAuction,0.2,0.08,10,True,,1000,10800,cats_reg_g30b150,True,abs,False,CATS,150,regions,MultiMinded,56,Balance,14.19000000000051,2226.2472000000002,4,1961.0,494.50999999999999,2214.4609,2221.7792467816444,1916.3390463021669,1997.8772716768433,25,45,26,78,66
4,30,38,AdaptiveCuttingAuction,0.2,0.08,10,True,,1000,10800,cats_reg_g30b150,True,abs,False,CATS,150,regions,MultiMinded,78,Balance,18.779999999999745,2004.9491999999998,11,1505.7,557.86300000000006,1882.9956000000002,2013.5453761221795,1002.240401889844,1100.3470357430704,25,45,14,87,68
5,30,35,AdaptiveCuttingAuction,0.2,0.08,10,True,,1000,10800,cats_reg_g30b150,True,abs,False,CATS,150,regions,MultiMinded,70,Balance,13.760000000000218,1864.626,8,1703.97,505.12049999999999,1697.8092999999997,1766.9265105961638,1012.6179026392466,1111.2470833565096,1,30,59,78,65
6,30,35,AdaptiveCuttingAuction,0.2,0.08,10,True,,1000,10800,cats_reg_g30b150,True,abs,False,CATS,150,regions,MultiMinded,88,Balance,16.720000000000255,2116.0368,7,1959.83,614.52500000000009,2051.8168,2088.7117878733702,1296.6573434289257,1467.1628018024423,1,29,60,78,65
7,30,35,AdaptiveCuttingAuction,0.2,0.08,10,True,,1000,10800,cats_reg_g30b150,True,abs,False,CATS,150,regions,MultiMinded,74,Balance,16.529999999999745,2031.9575,6,1330.11,558.39999999999998,2031.9575,1915.2479893631271,1369.0937948076687,1647.3529734143108,6,40,41,78,65
8,30,35,AdaptiveCuttingAuction,0.2,0.08,10,True,,1000,10800,cats_reg_g30b150,True,abs,False,CATS,150,regions,MultiMinded,112,Balance,21.199999999999818,2027.57669,8,1379.5,642.28750000000002,2027.57669,1835.2967519368719,1196.6706558926639,1466.6813536204827,1,30,32,77,65
9,30,36,AdaptiveCuttingAuction,0.2,0.08,10,True,,1000,10800,cats_reg_g30b150,True,abs,False,CATS,150,regions,MultiMinded,51,Balance,9.649999999999636,1859.5272999999997,8,1542.29,443.88650000000001,1859.5272999999997,1849.5436962163626,1354.6707948530363,1494.8277144665281,1,27,13,79,66
10,30,34,AdaptiveCuttingAuction,0.2,0.08,10,True,,1000,10800,cats_reg_g30b150,True,abs,False,CATS,150,regions,MultiMinded,202,Balance,52.14000000000033,2566.974,5,2112.56,626.02300000000002,2566.974,2529.3419745131259,1903.3189745131256,1996.73484986072,6,45,31,84,64
11,30,36,AdaptiveCuttingAuction,0.2,0.08,10,True,,1000,10800,cats_reg_g30b150,True,abs,False,CATS,150,regions,MultiMinded,59,Balance,11.649999999999636,2431.6115,3,2098.81,721.22149999999999,2337.85,2318.5210461130637,2065.2114662910799,2248.6454839380731,1,29,39,75,66
12,30,32,AdaptiveCuttingAuction,0.2,0.08,10,True,,1000,10800,cats_reg_g30b150,True,abs,False,CATS,150,regions,MultiMinded,109,Balance,25.100000000000364,1865.81568,7,1645.15,855.13049999999998,1787.8909999999998,1910.5136048116597,1147.5365493303186,1219.0535263628135,25,43,49,78,62
13,30,35,AdaptiveCuttingAuction,0.2,0.08,10,True,,1000,10800,cats_reg_g30b150,True,abs,False,CATS,150,regions,MultiMinded,92,Balance,19.17999999999938,1773.5022000000001,5,1494.31,678.60900000000004,1756.9776,1729.7534418429168,1369.8913490233172,1904.9930110363175,14,41,133,92,65
14,30,32,AdaptiveCuttingAuction,0.2,0.08,10,True,,1000,10800,cats_reg_g30b150,True,abs,False,CATS,150,regions,MultiMinded,116,Balance,26.550000000000182,1980.1873000000003,6,1559.99,631.08900000000006,1786.686,1777.3832824250469,1247.6646603564618,1387.076154250115,22,42,20,72,62
15,30,36,AdaptiveCuttingAuction,0.2,0.08,10,True,,1000,10800,cats_reg_g30b150,True,abs,False,CATS,150,regions,MultiMinded,71,Balance,15.420000000000073,2512.4141000000004,3,2312.23,781.00699999999995,2512.4141000000004,2637.8998315570725,2291.5096187164827,2307.5879930260207,1,29,27,77,66
16,30,34,AdaptiveCuttingAuction,0.2,0.08,10,True,,1000,10800,cats_reg_g30b150,True,abs,False,CATS,150,regions,MultiMinded,87,Balance,20.029999999999745,1929.452,9,1789.44,584.255,1810.702,1863.2209868497814,1160.34396323903,1366.3919353241224,7,43,81,80,64
17,30,33,AdaptiveCuttingAuction,0.2,0.08,10,True,,1000,10800,cats_reg_g30b150,True,abs,False,CATS,150,regions,MultiMinded,92,Balance,18.48999999999978,1934.7395999999999,7,1626.95,730.93200000000002,1934.7395999999999,2115.0240492937351,1422.8982099446187,1474.6271720201171,25,43,23,81,63
18,30,34,AdaptiveCuttingAuction,0.2,0.08,10,True,,1000,10800,cats_reg_g30b150,True,abs,False,CATS,150,regions,MultiMinded,69,Balance,14.850000000000364,2504.1384,4,1818.33,781.33600000000001,2504.1384,2519.8515203861289,2037.5770030991464,2185.6210263484618,1,29,26,74,64
19,30,36,AdaptiveCuttingAuction,0.2,0.08,10,True,,1000,10800,cats_reg_g30b150,True,abs,False,CATS,150,regions,MultiMinded,42,Balance,17.279999999999745,2560.7110000000002,12,1508.06,549.71399999999994,2502.3390000000004,2318.6826295879114,1299.728041048754,1629.240341288935,11,39,23,76,66
20,30,37,AdaptiveCuttingAuction,0.2,0.08,10,True,,1000,10800,cats_reg_g30b150,True,abs,False,CATS,150,regions,MultiMinded,51,Balance,14.840000000000146,1801.7813999999998,10,1490.47,395.125,1775.6864,1843.4231463532824,1153.6265283541663,1229.4840520343726,6,32,38,88,67
21,30,33,AdaptiveCuttingAuction,0.2,0.08,10,True,,1000,10800,cats_reg_g30b150,True,abs,False,CATS,150,regions,MultiMinded,131,Balance,24.829999999999927,1553.7635,3,1374.19,778.39550000000008,1553.7635,1627.0145846191508,1305.9305582955178,1343.6877896200524,1,30,44,75,63
22,30,38,AdaptiveCuttingAuction,0.2,0.08,10,True,,1000,10800,cats_reg_g30b150,True,abs,False,CATS,150,regions,MultiMinded,83,Balance,25.699999999999818,2312.252,6,2123.59,638.69949999999994,2170.879,2377.5858509780446,1655.1797045234218,1782.5212022956148,19,45,48,85,68
23,30,38,AdaptiveCuttingAuction,0.2,0.08,10,True,,1000,10800,cats_reg_g30b150,True,abs,False,CATS,150,regions,MultiMinded,50,Balance,12.270000000000437,2354.8725,9,1818.1,597.00800000000004,2218.5915,2128.2796332817002,1463.1510989505357,1812.4929843640675,12,38,60,87,68
24,30,35,AdaptiveCuttingAuction,0.2,0.08,10,True,,1000,10800,cats_reg_g30b150,True,abs,False,CATS,150,regions,MultiMinded,76,Balance,16.6899999999996,1892.4884,10,1241.36,538.58849999999995,1892.4884,1787.5059986607134,1008.6164752595822,1342.5340624763408,8,45,53,81,65
25,30,33,AdaptiveCuttingAuction,0.2,0.08,10,True,,1000,10800,cats_reg_g30b150,True,abs,False,CATS,150,regions,MultiMinded,121,Balance,23.23999999999978,1741.0822999999998,4,1538.41,861.41849999999999,1692.8544000000002,1793.157556529228,1534.0121858384437,1805.2768318024296,1,29,101,78,63
26,30,34,AdaptiveCuttingAuction,0.2,0.08,10,True,,1000,10800,cats_reg_g30b150,True,abs,False,CATS,150,regions,MultiMinded,165,Balance,42.43000000000029,2008.668,9,1919.5,424.82100000000003,1957.6678,2005.6920289166546,1418.813901697381,1477.7016131829394,6,45,24,78,64
27,30,32,AdaptiveCuttingAuction,0.2,0.08,10,True,,1000,10800,cats_reg_g30b150,True,abs,False,CATS,150,regions,MultiMinded,113,Balance,26.460000000000036,2175.2061,5,1890.21,644.31150000000002,2107.6371,2051.7397148608616,1621.8658383346954,1686.6904115451289,9,42,8,80,62
28,30,37,AdaptiveCuttingAuction,0.2,0.08,10,True,,1000,10800,cats_reg_g30b150,True,abs,False,CATS,150,regions,MultiMinded,69,Balance,17.170000000000073,2040.43179,9,1615.6,517.23699999999997,1991.07949,2088.3221993976554,1526.4576851957677,1638.6271559164998,1,29,32,78,67
29,30,33,AdaptiveCuttingAuction,0.2,0.08,10,True,,1000,10800,cats_reg_g30b150,True,abs,False,CATS,150,regions,MultiMinded,102,Balance,23.9399999999996,2111.632,8,1854.64,708.57899999999995,2089.501,2316.4637961641856,1422.0617446364108,1517.0933442651954,8,46,21,85,63
30,30,35,AdaptiveCuttingAuction,0.2,0.08,10,True,,1000,10800,cats_reg_g30b150,True,abs,False,CATS,150,regions,MultiMinded,114,Balance,36.4399999999996,2323.0769999999998,11,1594.17,462.18150000000003,2121.3738000000003,2052.5069505719316,1157.8917869340894,1359.8675716054643,16,49,15,86,65
31,30,34,AdaptiveCuttingAuction,0.2,0.08,10,True,,1000,10800,cats_reg_g30b150,True,abs,False,CATS,150,regions,MultiMinded,59,Balance,11.099999999999454,2659.4860000000003,6,2167.09,585.07799999999997,2659.4860000000003,2519.7288650334217,2051.6664650334219,2255.297597673275,1,26,2,73,64
32,30,37,AdaptiveCuttingAuction,0.2,0.08,10,True,,1000,10800,cats_reg_g30b150,True,abs,False,CATS,150,regions,MultiMinded,51,Balance,10.650000000000546,1999.8556999999998,8,1545.46,522.50199999999995,1910.9342000000001,2022.0545007165429,1317.4689182249849,1460.1551665463244,1,28,27,85,67
33,30,37,AdaptiveCuttingAuction,0.2,0.08,10,True,,1000,10800,cats_reg_g30b150,True,abs,False,CATS,150,regions,MultiMinded,62,Balance,18.73999999999978,1805.9524000000001,4,1582.17,487.50400000000002,1790.6487000000002,1722.8241872913313,1577.1523065219562,1737.6296783455189,9,44,28,85,67
34,30,39,AdaptiveCuttingAuction,0.2,0.08,10,True,,1000,10800,cats_reg_g30b150,True,abs,False,CATS,150,regions,MultiMinded,127,Balance,46.280000000000655,1983.6001999999999,8,1564.76,623.41200000000003,1917.7762,2069.4622095028576,1240.4325258116692,1270.3642586386186,15,42,27,86,69
35,30,38,AdaptiveCuttingAuction,0.2,0.08,10,True,,1000,10800,cats_reg_g30b150,True,abs,False,CATS,150,regions,MultiMinded,71,Balance,16.56999999999971,2341.4052,8,1755.59,637.298,2323.3592,2364.5342243336577,1482.8761233285882,1621.7609396829746,25,44,26,88,68
36,30,33,AdaptiveCuttingAuction,0.2,0.08,10,True,,1000,10800,cats_reg_g30b150,True,abs,False,CATS,150,regions,MultiMinded,92,Balance,20.849999999999454,2136.9992,7,1693.26,587.83249999999998,2071.0868,2139.6305264982898,1376.1042547618322,1429.8596176451897,12,47,64,87,63
37,30,34,AdaptiveCuttingAuction,0.2,0.08,10,True,,1000,10800,cats_reg_g30b150,True,abs,False,CATS,150,regions,MultiMinded,105,Balance,21.3700000000008,1991.3467,8,1812.59,701.23299999999995,1969.7631000000001,1951.0019678140065,1238.2627409865343,1479.5026643292745,25,43,66,79,64
38,30,40,AdaptiveCuttingAuction,0.2,0.08,10,True,,1000,10800,cats_reg_g30b150,True,abs,False,CATS,150,regions,MultiMinded,92,Balance,36.10999999999967,2724.0288,9,2153.9,576.38300000000004,2402.6497999999997,2459.6458936613126,1560.488413661313,1937.0108027369718,24,46,79,85,70
39,30,30,AdaptiveCuttingAuction,0.2,0.08,10,True,,1000,10800,cats_reg_g30b150,True,abs,False,CATS,150,regions,MultiMinded,123,Balance,23.920000000000073,1968.0602,5,1918.66,764.726,1856.0305,1981.2017598127859,1373.6691435339058,1426.5326477417043,13,43,32,73,60
40,30,33,AdaptiveCuttingAuction,0.2,0.08,10,True,,1000,10800,cats_reg_g30b150,True,abs,False,CATS,150,regions,MultiMinded,81,Balance,17.06999999999971,1942.0583000000001,3,1674.34,688.69799999999998,1942.0583000000001,2061.1121488566387,1718.6615889910363,1723.4085291254339,1,30,26,78,63
41,30,35,AdaptiveCuttingAuction,0.2,0.08,10,True,,1000,10800,cats_reg_g30b150,True,abs,False,CATS,150,regions,MultiMinded,78,Balance,18.17999999999938,1877.7214099999999,7,1423.29,646.35299999999995,1831.2470099999998,1854.2454786922408,1290.9078163382194,1529.3220931309161,1,29,69,79,65
42,30,32,AdaptiveCuttingAuction,0.2,0.08,10,True,,1000,10800,cats_reg_g30b150,True,abs,False,CATS,150,regions,MultiMinded,80,Balance,15.220000000000255,2111.841,4,1703.5,646.17399999999998,2111.841,2198.3059922889784,1763.1911643145388,1788.2205448151053,1,30,41,78,62
43,30,40,AdaptiveCuttingAuction,0.2,0.08,10,True,,1000,10800,cats_reg_g30b150,True,abs,False,CATS,150,regions,MultiMinded,105,Balance,27.19000000000051,2446.7208,11,1927.69,685.90899999999999,2321.3928,2265.3892815228755,1081.0919069260738,1306.3657724383008,16,41,44,90,70
44,30,35,AdaptiveCuttingAuction,0.2,0.08,10,True,,1000,10800,cats_reg_g30b150,True,abs,False,CATS,150,regions,MultiMinded,76,Balance,18.389999999999418,1711.1515999999997,9,1299.51,651.40899999999999,1525.5154999999997,1712.6948342605981,745.01988124703132,839.2249693931376,16,44,13,75,65
45,30,38,AdaptiveCuttingAuction,0.2,0.08,10,True,,1000,10800,cats_reg_g30b150,True,abs,False,CATS,150,regions,MultiMinded,91,Balance,23.24000000000069,2034.5094,8,1828.07,742.07299999999998,1930.617,2038.0258204953648,1287.4889001050103,1467.8915749950997,1,30,85,89,68
46,30,31,AdaptiveCuttingAuction,0.2,0.08,10,True,,1000,10800,cats_reg_g30b150,True,abs,False,CATS,150,regions,MultiMinded,64,Balance,12.970000000000255,2564.0325000000003,4,2373.4,807.26099999999997,2564.0325000000003,2440.2438650387562,2098.4241632217509,2237.6512762374805,6,40,14,70,61
47,30,37,AdaptiveCuttingAuction,0.2,0.08,10,True,,1000,10800,cats_reg_g30b150,True,abs,False,CATS,150,regions,MultiMinded,83,Balance,15.359999999999673,2233.1322,9,1669.44,664.97900000000004,2112.4602,2033.1871376577858,1253.1857203579552,1598.0488191406794,1,30,74,78,67
48,30,35,AdaptiveCuttingAuction,0.2,0.08,10,True,,1000,10800,cats_reg_g30b150,True,abs,False,CATS,150,regions,MultiMinded,49,Balance,11.1899999999996,2069.4358,8,1826.01,556.24350000000004,1963.5418,2091.1888564814199,1327.7132532677858,1478.4634711410242,1,30,44,81,65
49,30,30,AdaptiveCuttingAuction,0.2,0.08,10,True,,1000,10800,cats_reg_g30b150,True,abs,False,CATS,150,regions,MultiMinded,72,Balance,12.539999999999964,1979.7895999999998,8,1594.07,673.82600000000002,1974.7225999999998,2079.8549786604603,1355.2015245415914,1477.999799256776,7,33,24,68,60
50,30,33,AdaptiveCuttingAuction,0.2,0.08,10,True,,1000,10800,cats_reg_g30b150,True,abs,False,CATS,150,regions,MultiMinded,75,Balance,13.829999999999927,2110.6722999999997,7,1335.35,460.47550000000001,2110.6722999999997,2104.0226819141617,1569.8711019141617,1691.1651805680929,1,29,21,80,63
51,30,37,AdaptiveCuttingAuction,0.2,0.08,10,True,,1000,10800,cats_reg_g30b150,True,abs,False,CATS,150,regions,MultiMinded,49,Balance,10.260000000000218,2245.4244000000003,6,1882.26,597.73699999999997,2245.4244000000003,2314.4318021701174,1743.9618026770177,1819.4574365803635,1,27,32,81,67
52,30,32,AdaptiveCuttingAuction,0.2,0.08,10,True,,1000,10800,cats_reg_g30b150,True,abs,False,CATS,150,regions,MultiMinded,77,Balance,12.859999999999673,1756.6213,5,1409.87,556.45500000000004,1694.7150000000001,1665.7158522491764,1176.0354522491764,1364.3569011944187,1,29,44,71,62
53,30,34,AdaptiveCuttingAuction,0.2,0.08,10,True,,1000,10800,cats_reg_g30b150,True,abs,False,CATS,150,regions,MultiMinded,61,Balance,10.3100000000004,2325.6629000000003,6,1796.97,570.23000000000002,2248.7839000000004,2125.2311043571917,1643.2444879138543,1917.0405784049037,1,29,68,72,64
54,30,37,AdaptiveCuttingAuction,0.2,0.08,10,True,,1000,10800,cats_reg_g30b150,True,abs,False,CATS,150,regions,MultiMinded,99,Balance,24.210000000000036,2355.424,6,2152.9,670.553,2355.424,2310.0227432554316,1838.3346691310305,1962.0925023451803,13,41,32,86,67
55,30,33,AdaptiveCuttingAuction,0.2,0.08,10,True,,1000,10800,cats_reg_g30b150,True,abs,False,CATS,150,regions,MultiMinded,86,Balance,20.17999999999938,2078.1524999999997,10,1352.37,548.28150000000005,2078.1524999999997,2090.7545828849898,1245.7642985109064,1276.6248387737546,6,40,29,84,63
56,30,39,AdaptiveCuttingAuction,0.2,0.08,10,True,,1000,10800,cats_reg_g30b150,True,abs,False,CATS,150,regions,MultiMinded,99,Balance,24.0600000000004,1893.3772000000004,10,1498.24,591.42200000000003,1718.1255,1849.571499273427,845.99017365109808,989.81035640890309,1,29,32,85,69
57,30,36,AdaptiveCuttingAuction,0.2,0.08,10,True,,1000,10800,cats_reg_g30b150,True,abs,False,CATS,150,regions,MultiMinded,52,Balance,12.4399999999996,1899.5301999999997,8,1604.44,621.16750000000002,1899.5301999999997,1996.4915355889937,1170.3986624864954,1269.0496511704132,3,34,34,80,66
58,30,36,AdaptiveCuttingAuction,0.2,0.08,10,True,,1000,10800,cats_reg_g30b150,True,abs,False,CATS,150,regions,MultiMinded,144,Balance,36.92999999999938,2429.6093,7,2057.42,832.86300000000006,2152.4705,2287.1559442082498,1449.254188802201,1851.2260176275872,25,31,69,82,66
59,30,39,AdaptiveCuttingAuction,0.2,0.08,10,True,,1000,10800,cats_reg_g30b150,True,abs,False,CATS,150,regions,MultiMinded,128,Balance,25.0,2064.9126,3,1772.9,622.28800000000001,2039.5116,2030.3355087373714,1751.379807192144,1938.0377300681027,1,30,69,87,69
60,30,35,AdaptiveCuttingAuction,0.2,0.08,10,True,,1000,10800,cats_reg_g30b150,True,abs,False,CATS,150,regions,MultiMinded,77,Balance,12.569999999999709,1956.0875,3,1842.74,450.80399999999997,1936.1575,1913.7904609575692,1787.5653409575693,1878.1388693333838,1,28,48,76,65
61,30,37,AdaptiveCuttingAuction,0.2,0.08,10,True,,1000,10800,cats_reg_g30b150,True,abs,False,CATS,150,regions,MultiMinded,109,Balance,26.390000000000327,1951.6029999999998,10,1560.47,530.9905,1850.5417999999997,1941.4763405019576,1064.0335572299682,1169.5778576096441,17,47,45,93,67
62,30,34,AdaptiveCuttingAuction,0.2,0.08,10,True,,1000,10800,cats_reg_g30b150,True,abs,False,CATS,150,regions,MultiMinded,116,Balance,20.909999999999854,1978.0167,4,1737.89,582.94900000000007,1941.8931400000001,1981.913274679082,1720.0552775812989,1822.3494595789737,1,30,43,76,64
63,30,30,AdaptiveCuttingAuction,0.2,0.08,10,True,,1000,10800,cats_reg_g30b150,True,abs,False,CATS,150,regions,MultiMinded,84,Balance,13.6899999999996,2547.4234,5,1821.34,869.476,2547.4234,2531.4682980965199,1929.5840207182887,2294.9170884498626,1,29,67,72,60
64,30,34,AdaptiveCuttingAuction,0.2,0.08,10,True,,1000,10800,cats_reg_g30b150,True,abs,False,CATS,150,regions,MultiMinded,62,Balance,13.8100000000004,2427.9729,11,1844.14,792.92899999999997,2368.9150999999997,2549.7349773489123,1327.9181873563789,1497.9475148802649,6,33,28,73,64
65,30,36,AdaptiveCuttingAuction,0.2,0.08,10,True,,1000,10800,cats_reg_g30b150,True,abs,False,CATS,150,regions,MultiMinded,98,Balance,25.5600000000004,2209.3287,9,1779.98,732.52250000000004,1954.1610999999998,2168.0433361702803,1383.7822396779829,1509.7024923696586,26,44,46,83,66
66,30,30,AdaptiveCuttingAuction,0.2,0.08,10,True,,1000,10800,cats_reg_g30b150,True,abs,False,CATS,150,regions,MultiMinded,120,Balance,22.26000000000022,2387.3904,2,2290.03,553.03500000000008,2387.3904,2341.2925518032948,2186.4427518032949,2239.5603518032949,1,29,25,71,60
67,30,41,AdaptiveCuttingAuction,0.2,0.08,10,True,,1000,10800,cats_reg_g30b150,True,abs,False,CATS,150,regions,MultiMinded,146,Balance,34.10999999999967,2130.5865999999996,8,1569.3,447.20299999999997,2107.1669,2059.0591383954034,1530.9305342982452,1679.7826331802905,9,45,22,94,71
68,30,34,AdaptiveCuttingAuction,0.2,0.08,10,True,,1000,10800,cats_reg_g30b150,True,abs,False,CATS,150,regions,MultiMinded,90,Balance,18.720000000000255,1871.0335999999998,7,1491.62,623.48450000000003,1857.0625,1934.6728473079311,1267.8677847322863,1421.4868593752826,1,30,57,83,64
69,30,34,AdaptiveCuttingAuction,0.2,0.08,10,True,,1000,10800,cats_reg_g30b150,True,abs,False,CATS,150,regions,MultiMinded,94,Balance,20.199999999999818,2248.1536,8,1918.69,909.28949999999998,2248.1536,2242.6772181141569,1427.8795040140403,1561.4855767739673,1,29,21,78,64
70,30,32,AdaptiveCuttingAuction,0.2,0.08,10,True,,1000,10800,cats_reg_g30b150,True,abs,False,CATS,150,regions,MultiMinded,92,Balance,18.0,2074.3614,4,1794.89,671.03600000000006,1998.6884,2034.3090646977871,1764.5770746006885,1882.9687693843537,1,30,51,68,62
71,30,30,AdaptiveCuttingAuction,0.2,0.08,10,True,,1000,10800,cats_reg_g30b150,True,abs,False,CATS,150,regions,MultiMinded,141,Balance,26.98999999999978,2107.4125,3,1919.92,672.68100000000004,2077.242,2190.5378464627411,1911.7009443513052,1971.9209551171195,6,40,38,78,60
72,30,35,AdaptiveCuttingAuction,0.2,0.08,10,True,,1000,10800,cats_reg_g30b150,True,abs,False,CATS,150,regions,MultiMinded,67,Balance,11.699999999999818,1946.4843000000003,7,1216.53,554.09649999999999,1829.3884,1849.7607345287954,1348.3935829628663,1582.1108562135123,1,30,57,75,65
73,30,35,AdaptiveCuttingAuction,0.2,0.08,10,True,,1000,10800,cats_reg_g30b150,True,abs,False,CATS,150,regions,MultiMinded,111,Balance,23.460000000000036,1852.6272999999999,10,1445.38,663.03899999999999,1800.6158999999998,1935.2531746001334,1050.4247818394285,1153.5034422274341,1,30,25,81,65
74,30,31,AdaptiveCuttingAuction,0.2,0.08,10,True,,1000,10800,cats_reg_g30b150,True,abs,False,CATS,150,regions,MultiMinded,81,Balance,14.600000000000364,2020.0417,6,1744.34,781.83899999999994,2020.0417,2181.495056740323,1484.9489468582515,1502.2236253877006,1,30,22,72,61
75,30,39,AdaptiveCuttingAuction,0.2,0.08,10,True,,1000,10800,cats_reg_g30b150,True,abs,False,CATS,150,regions,MultiMinded,81,Balance,28.289999999999964,2549.9302,9,1890.83,637.39099999999996,2489.9611999999997,2580.694586512594,1897.2751737851481,1982.8440144736344,27,50,24,94,69
76,30,36,AdaptiveCuttingAuction,0.2,0.08,10,True,,1000,10800,cats_reg_g30b150,True,abs,False,CATS,150,regions,MultiMinded,129,Balance,31.710000000000036,1970.4382,5,1633.82,405.01099999999997,1957.2915,1948.9792841920175,1579.9716358965443,1606.9679630978826,20,41,11,82,66
77,30,34,AdaptiveCuttingAuction,0.2,0.08,10,True,,1000,10800,cats_reg_g30b150,True,abs,False,CATS,150,regions,MultiMinded,93,Balance,17.670000000000073,1646.3148,6,1576.38,831.28949999999998,1602.3807,1780.222596340182,1062.0450996646264,1175.1794901277785,1,30,61,73,64
78,30,34,AdaptiveCuttingAuction,0.2,0.08,10,True,,1000,10800,cats_reg_g30b150,True,abs,False,CATS,150,regions,MultiMinded,67,Balance,12.800000000000182,2412.1546,7,1881.66,768.41550000000007,2305.4481,2484.8491056437556,1676.4790611612771,1855.0682935357961,1,29,30,81,64
79,30,29,AdaptiveCuttingAuction,0.2,0.08,10,True,,1000,10800,cats_reg_g30b150,True,abs,False,CATS,150,regions,MultiMinded,124,Balance,22.56999999999971,2267.359,5,2060.3,919.01300000000003,2255.609,2325.9952599890071,1626.2304176990542,1929.5636901692683,11,43,110,76,59
80,30,37,AdaptiveCuttingAuction,0.2,0.08,10,True,,1000,10800,cats_reg_g30b150,True,abs,False,CATS,150,regions,MultiMinded,71,Balance,18.850000000000364,2112.5864,9,1592.54,576.49599999999998,1990.7174,2045.8498932825905,1180.6091369818,1350.7056998400988,1,28,43,83,67
81,30,33,AdaptiveCuttingAuction,0.2,0.08,10,True,,1000,10800,cats_reg_g30b150,True,abs,False,CATS,150,regions,MultiMinded,65,Balance,12.220000000000255,1652.215,4,1316.69,725.81600000000003,1650.6599999999999,1725.8434002124532,1249.5489196373312,1303.4669460480425,1,30,45,71,63
82,30,35,AdaptiveCuttingAuction,0.2,0.08,10,True,,1000,10800,cats_reg_g30b150,True,abs,False,CATS,150,regions,MultiMinded,91,Balance,27.82000000000062,2109.0315,7,1900.31,619.13249999999994,2109.0315,2160.3226869353562,1638.4771850798506,1751.5270079016063,21,44,51,88,65
83,30,32,AdaptiveCuttingAuction,0.2,0.08,10,True,,1000,10800,cats_reg_g30b150,True,abs,False,CATS,150,regions,MultiMinded,74,Balance,15.69000000000051,2576.43019,7,2027.96,1059.6700000000001,2576.43019,2614.8339514899662,1632.0767029778829,1797.4104831333725,15,44,56,72,62
84,30,34,AdaptiveCuttingAuction,0.2,0.08,10,True,,1000,10800,cats_reg_g30b150,True,abs,False,CATS,150,regions,MultiMinded,75,Balance,19.479999999999563,1983.6759000000002,8,1485.27,650.14099999999996,1970.4728,1993.3926762509984,1263.9772857742153,1493.8186273057518,1,29,52,80,64
85,30,33,AdaptiveCuttingAuction,0.2,0.08,10,True,,1000,10800,cats_reg_g30b150,True,abs,False,CATS,150,regions,MultiMinded,77,Balance,13.850000000000364,1650.3177,5,1136.81,534.83399999999995,1650.3177,1606.6865980662142,1200.9283824928134,1290.4818565500714,1,30,37,80,63
86,30,37,AdaptiveCuttingAuction,0.2,0.08,10,True,,1000,10800,cats_reg_g30b150,True,abs,False,CATS,150,regions,MultiMinded,75,Balance,13.210000000000036,2073.2363,5,1605.13,504.47649999999999,2073.2363,2023.5141300162745,1628.2913703442152,1736.4043278562026,8,33,11,77,67
87,30,34,AdaptiveCuttingAuction,0.2,0.08,10,True,,1000,10800,cats_reg_g30b150,True,abs,False,CATS,150,regions,MultiMinded,139,Balance,36.01000000000022,2161.5317,10,1611.82,461.19499999999999,2047.5277,2037.1657966610751,1301.2362512429922,1460.6705389231888,10,45,44,84,64
88,30,35,AdaptiveCuttingAuction,0.2,0.08,10,True,,1000,10800,cats_reg_g30b150,True,abs,False,CATS,150,regions,MultiMinded,63,Balance,13.86999999999989,1960.6723,6,1579.4,529.16499999999996,1921.4421000000002,2010.8641790412557,1575.1330718305819,1638.7390867821362,5,32,32,81,65
89,30,40,AdaptiveCuttingAuction,0.2,0.08,10,True,,1000,10800,cats_reg_g30b150,True,abs,False,CATS,150,regions,MultiMinded,67,Balance,32.81999999999971,2103.4608,12,1324.86,455.78500000000003,1933.7631000000001,1726.3532264915598,990.06035557531879,1317.4504744232604,25,41,29,85,70
90,30,36,AdaptiveCuttingAuction,0.2,0.08,10,True,,1000,10800,cats_reg_g30b150,True,abs,False,CATS,150,regions,MultiMinded,90,Balance,20.0600000000004,2252.2093,7,1749.09,686.99800000000005,2252.2093,2228.6334832577613,1529.7892772333073,1634.7669395065366,8,41,8,84,66
91,30,37,AdaptiveCuttingAuction,0.2,0.08,10,True,,1000,10800,cats_reg_g30b150,True,abs,False,CATS,150,regions,MultiMinded,52,Balance,12.55999999999949,2533.4677,11,1557.05,605.50300000000004,2433.7927999999997,2327.2223984153052,1441.5696005399695,1799.8573669839602,6,30,25,75,67
92,30,37,AdaptiveCuttingAuction,0.2,0.08,10,True,,1000,10800,cats_reg_g30b150,True,abs,False,CATS,150,regions,MultiMinded,59,Balance,14.920000000000073,2087.0795,9,1557.29,467.12700000000001,2087.0795,2097.2247520972965,1419.0163239229059,1509.2236964511844,8,43,34,84,67
93,30,34,AdaptiveCuttingAuction,0.2,0.08,10,True,,1000,10800,cats_reg_g30b150,True,abs,False,CATS,150,regions,MultiMinded,36,Balance,7.899999999999636,2220.4165999999996,7,1477.09,531.97949999999992,2016.9177000000002,2048.1488702801835,1431.0526502801838,1641.6497058182761,12,39,45,71,64
94,30,33,AdaptiveCuttingAuction,0.2,0.08,10,True,,1000,10800,cats_reg_g30b150,True,abs,False,CATS,150,regions,MultiMinded,78,Balance,16.48999999999978,2089.1439,6,1850.23,583.02999999999997,2075.2699000000002,2053.8891459500924,1587.4651459500922,1848.1546813557354,1,28,60,78,63
95,30,36,AdaptiveCuttingAuction,0.2,0.08,10,True,,1000,10800,cats_reg_g30b150,True,abs,False,CATS,150,regions,MultiMinded,162,Balance,42.73000000000047,2218.1557,7,1747.55,732.99250000000006,2218.1557,2161.0228301978113,1368.8792301671269,1525.104641294992,11,46,38,85,66
96,30,33,AdaptiveCuttingAuction,0.2,0.08,10,True,,1000,10800,cats_reg_g30b150,True,abs,False,CATS,150,regions,MultiMinded,72,Balance,15.180000000000291,1873.9284000000002,3,1690.89,555.43200000000002,1776.7838,1881.4990906161509,1624.9939406942415,1712.1281604788951,8,36,64,77,63
97,30,37,AdaptiveCuttingAuction,0.2,0.08,10,True,,1000,10800,cats_reg_g30b150,True,abs,False,CATS,150,regions,MultiMinded,90,Balance,21.979999999999563,1853.4531000000002,7,1334.16,635.36699999999996,1635.1221,1824.0244676419552,1281.4130460431306,1392.4109499832889,7,42,27,83,67
98,30,36,AdaptiveCuttingAuction,0.2,0.08,10,True,,1000,10800,cats_reg_g30b150,True,abs,False,CATS,150,regions,MultiMinded,68,Balance,13.710000000000036,2779.0163,8,2131.76,620.35799999999995,2779.0163,2848.7024241315162,1930.5725841315164,1995.387903970704,5,36,20,78,66
99,30,37,AdaptiveCuttingAuction,0.2,0.08,10,True,,1000,10800,cats_reg_g30b150,True,abs,False,CATS,150,regions,MultiMinded,92,Balance,28.06999999999971,2286.8288000000002,6,1573.72,543.00099999999998,2249.6814999999997,2264.6663394679022,1736.2892470855784,1836.3961441989663,8,42,14,86,67
100,30,32,AdaptiveCuttingAuction,0.2,0.08,10,True,,1000,10800,cats_reg_g30b150,True,abs,False,CATS,150,regions,MultiMinded,291,Balance,69.19999999999982,1906.0085,9,1496.95,591.39400000000001,1821.3545,1899.6793035493411,1020.873981925658,1084.9808361725777,1,960,19,75,62
