idx,items,agents,auction_class,epsilon,stepc,epoch,scalebyvalue,reserve_type,maxiter,maxtime,generator_param_name,personalized,expstrat,int_prices,generator,bids,distribution,type,rounds,status,runtime,efficient_value,final_num_winners,final_max_agent_value,final_scalevalue,final_value,final_total_price,final_revenue,final_indirect_util,final_price_degree,final_price_sparsity,final_imbalance,final_wd_nvars,final_wd_ncons
1,10,17,AdaptiveCuttingAuction,0.1,0.01,10,True,,1000,10800,cats_reg_g10b50,True,abs,False,CATS,50,regions,MultiMinded,37,Balance,1.9799999999995634,681.0817,3,513.163,288.52699999999999,663.8767,658.93648910652098,572.37838910652101,634.74571379990721,1,10,10,34,27
2,10,19,AdaptiveCuttingAuction,0.1,0.01,10,True,,1000,10800,cats_reg_g10b50,True,abs,False,CATS,50,regions,MultiMinded,509,Balance,40.840000000000146,734.1289999999999,3,640.313,226.71899999999999,734.1289999999999,668.25241303448706,600.23671303448702,688.78166806570448,8,23,7,43,29
3,10,17,AdaptiveCuttingAuction,0.1,0.01,10,True,,1000,10800,cats_reg_g10b50,True,abs,False,CATS,50,regions,MultiMinded,94,Balance,5.850000000000364,804.4359999999999,3,797.452,310.25200000000001,804.4359999999999,832.91709310266629,739.84149310266616,745.32775147491145,9,24,21,39,27
4,10,14,AdaptiveCuttingAuction,0.1,0.01,10,True,,1000,10800,cats_reg_g10b50,True,abs,False,CATS,50,regions,MultiMinded,14,Balance,0.4900000000006912,574.909,2,568.922,272.93700000000001,574.909,570.14171378203105,515.55431378203093,573.79232529698572,1,10,8,27,24
5,10,21,AdaptiveCuttingAuction,0.1,0.01,10,True,,1000,10800,cats_reg_g10b50,True,abs,False,CATS,50,regions,MultiMinded,32,Balance,2.600000000000364,650.6363,2,619.701,342.60149999999999,650.6363,646.995934767785,582.11894878029398,589.02454272018338,8,15,9,43,31
6,10,17,AdaptiveCuttingAuction,0.1,0.01,10,True,,1000,10800,cats_reg_g10b50,True,abs,False,CATS,50,regions,MultiMinded,95,Balance,6.490000000000691,834.2848,1,784.19,470.66899999999998,784.19,823.30504377992247,776.23814377992244,776.23814377992244,6,14,10,37,27
7,10,21,AdaptiveCuttingAuction,0.1,0.01,10,True,,1000,10800,cats_reg_g10b50,True,abs,False,CATS,50,regions,MultiMinded,96,Balance,7.519999999999527,854.667,3,696.341,343.76999999999998,854.667,856.22301352834165,753.09201352834157,787.14344656263461,7,21,11,46,31
8,10,18,AdaptiveCuttingAuction,0.1,0.01,10,True,,1000,10800,cats_reg_g10b50,True,abs,False,CATS,50,regions,MultiMinded,590,Balance,37.18000000000029,663.572,3,592.441,275.35000000000002,663.572,637.42165783098199,554.81665783098197,581.10702484972671,7,14,2,37,28
9,10,18,AdaptiveCuttingAuction,0.1,0.01,10,True,,1000,10800,cats_reg_g10b50,True,abs,False,CATS,50,regions,MultiMinded,21,Balance,1.0900000000001455,724.6032999999999,4,611.583,280.12,724.6032999999999,633.22627367984717,528.37533683725201,646.47868424900457,1,10,5,39,28
10,10,23,AdaptiveCuttingAuction,0.1,0.01,10,True,,1000,10800,cats_reg_g10b50,True,abs,False,CATS,50,regions,MultiMinded,14,Balance,0.7100000000000364,946.3547,4,784.828,433.57950000000005,946.3547,907.55086383995945,738.75204949242391,846.85650057656846,1,10,3,47,33
11,10,16,AdaptiveCuttingAuction,0.1,0.01,10,True,,1000,10800,cats_reg_g10b50,True,abs,False,CATS,50,regions,MultiMinded,43,Balance,2.2100000000000364,724.662,1,724.662,403.49950000000001,724.662,762.48758705389082,722.13763705389078,745.74906837381127,1,10,14,35,26
12,10,16,AdaptiveCuttingAuction,0.1,0.01,10,True,,1000,10800,cats_reg_g10b50,True,abs,False,CATS,50,regions,MultiMinded,7,Balance,0.2600000000002183,522.114,1,522.114,283.13549999999998,522.114,546.95741057072667,518.6438605707267,565.74857691759735,1,10,19,32,26
13,10,17,AdaptiveCuttingAuction,0.1,0.01,10,True,,1000,10800,cats_reg_g10b50,True,abs,False,CATS,50,regions,MultiMinded,257,Balance,16.700000000000728,778.1078,2,718.401,353.04300000000001,778.1078,754.4693114925816,683.86071149258157,708.06360626095113,6,19,7,40,27
14,10,17,AdaptiveCuttingAuction,0.1,0.01,10,True,,1000,10800,cats_reg_g10b50,True,abs,False,CATS,50,regions,MultiMinded,9,Balance,0.32999999999992724,588.9796,2,575.883,307.69200000000001,588.9796,600.9329120261732,558.19557107837693,589.81524195598001,1,10,15,33,27
15,10,17,AdaptiveCuttingAuction,0.1,0.01,10,True,,1000,10800,cats_reg_g10b50,True,abs,False,CATS,50,regions,MultiMinded,57,Balance,3.369999999999891,634.994,2,600.13,422.91899999999998,634.994,634.43808827009752,549.85428827009741,552.29013802351494,9,19,6,35,27
16,10,26,AdaptiveCuttingAuction,0.1,0.01,10,True,,1000,10800,cats_reg_g10b50,True,abs,False,CATS,50,regions,MultiMinded,4,Balance,0.17000000000007276,519.6692,2,485.933,278.584,519.6692,523.27988347954852,467.56308347954848,521.87813369292292,1,10,23,50,36
17,10,16,AdaptiveCuttingAuction,0.1,0.01,10,True,,1000,10800,cats_reg_g10b50,True,abs,False,CATS,50,regions,MultiMinded,25,Balance,1.2299999999995634,910.0260000000001,3,815.656,322.738,910.0260000000001,900.69383337795921,803.87243337795917,852.41724239852124,7,17,17,36,26
18,10,18,AdaptiveCuttingAuction,0.1,0.01,10,True,,1000,10800,cats_reg_g10b50,True,abs,False,CATS,50,regions,MultiMinded,314,Balance,21.449999999999818,982.461,2,932.103,367.83500000000004,982.461,982.12708646998772,908.56008646998771,908.89400000000001,4,15,0,40,28
19,10,19,AdaptiveCuttingAuction,0.1,0.01,10,True,,1000,10800,cats_reg_g10b50,True,abs,False,CATS,50,regions,MultiMinded,774,Balance,70.48999999999978,903.4849999999999,2,826.774,559.33850000000007,818.864,873.20359168370078,761.33589168370077,767.32268918691443,9,24,31,42,29
20,10,21,AdaptiveCuttingAuction,0.1,0.01,10,True,,1000,10800,cats_reg_g10b50,True,abs,False,CATS,50,regions,MultiMinded,282,Balance,22.039999999999964,780.3014999999999,6,637.779,268.37200000000001,780.3014999999999,674.37285046898694,521.6037641459169,627.84271428414741,6,19,11,46,31
21,10,17,AdaptiveCuttingAuction,0.1,0.01,10,True,,1000,10800,cats_reg_g10b50,True,abs,False,CATS,50,regions,MultiMinded,17,Balance,0.75,869.309,3,770.684,361.69299999999998,869.309,792.88723742618004,684.37933742617997,800.43414124897834,1,10,6,39,27
22,10,16,AdaptiveCuttingAuction,0.1,0.01,10,True,,1000,10800,cats_reg_g10b50,True,abs,False,CATS,50,regions,MultiMinded,1000,MaxIter,84.90999999999985,827.155,3,792.758,416.87799999999999,682.7562,805.45748272183368,496.50673905915056,539.00339999999994,9,25,12,36,26
23,10,21,AdaptiveCuttingAuction,0.1,0.01,10,True,,1000,10800,cats_reg_g10b50,True,abs,False,CATS,50,regions,MultiMinded,248,Balance,20.26000000000022,926.9879999999999,5,813.726,269.07900000000001,913.9114999999999,889.01443933949281,754.47493933949272,806.00827599230797,8,357,2,48,31
24,10,23,AdaptiveCuttingAuction,0.1,0.01,10,True,,1000,10800,cats_reg_g10b50,True,abs,False,CATS,50,regions,MultiMinded,141,Balance,11.730000000000473,822.2049999999999,3,635.81,377.13200000000001,809.8186000000001,811.03839979800375,697.89879979800367,754.5915425210851,6,21,4,50,33
25,10,22,AdaptiveCuttingAuction,0.1,0.01,10,True,,1000,10800,cats_reg_g10b50,True,abs,False,CATS,50,regions,MultiMinded,912,Balance,91.93000000000029,534.8185,2,446.519,197.68200000000002,527.864,527.98433055628766,488.4479305562877,508.29781772765307,9,24,5,48,32
26,10,17,AdaptiveCuttingAuction,0.1,0.01,10,True,,1000,10800,cats_reg_g10b50,True,abs,False,CATS,50,regions,MultiMinded,28,Balance,2.1400000000003274,716.487,1,716.487,299.23599999999999,687.81,717.69014796018814,687.76654796018818,690.78958133439255,8,18,24,39,27
27,10,17,AdaptiveCuttingAuction,0.1,0.01,10,True,,1000,10800,cats_reg_g10b50,True,abs,False,CATS,50,regions,MultiMinded,76,Balance,4.960000000000036,811.1127,4,667.768,330.15700000000004,778.0657000000001,805.22987640892563,673.1670764089256,686.67279535113073,5,16,14,39,27
28,10,18,AdaptiveCuttingAuction,0.1,0.01,10,True,,1000,10800,cats_reg_g10b50,True,abs,False,CATS,50,regions,MultiMinded,37,Balance,2.0399999999999636,818.682,1,802.322,385.84800000000001,802.322,838.48716055039347,799.9023605503935,820.42769887601355,8,17,23,40,28
29,10,20,AdaptiveCuttingAuction,0.1,0.01,10,True,,1000,10800,cats_reg_g10b50,True,abs,False,CATS,50,regions,MultiMinded,102,Balance,6.8200000000006185,767.6940999999999,1,746.709,446.00549999999998,746.709,745.72014897076633,701.11959897076633,744.53493449436223,1,10,16,46,30
30,10,18,AdaptiveCuttingAuction,0.1,0.01,10,True,,1000,10800,cats_reg_g10b50,True,abs,False,CATS,50,regions,MultiMinded,1000,MaxIter,73.89999999999964,794.5821000000001,3,739.446,385.6635,501.0529,798.20811219509267,54.81742104229717,67.398650000000004,8,15,17,38,28
31,10,21,AdaptiveCuttingAuction,0.1,0.01,10,True,,1000,10800,cats_reg_g10b50,True,abs,False,CATS,50,regions,MultiMinded,63,Balance,3.7399999999997817,818.388,2,733.06,325.495,818.388,825.22772852098115,760.1287285209811,788.2709754071077,6,18,21,45,31
32,10,20,AdaptiveCuttingAuction,0.1,0.01,10,True,,1000,10800,cats_reg_g10b50,True,abs,False,CATS,50,regions,MultiMinded,60,Balance,4.259999999999309,637.3713,4,533.498,304.15100000000001,637.3713,641.22785983460051,519.56745983460053,555.56382019135845,9,21,9,41,30
33,10,16,AdaptiveCuttingAuction,0.1,0.01,10,True,,1000,10800,cats_reg_g10b50,True,abs,False,CATS,50,regions,MultiMinded,38,Balance,2.3400000000001455,560.5032,2,498.34,219.72300000000001,560.5032,500.40854451423593,456.46394451423589,537.4919958670057,9,15,1,33,26
34,10,20,AdaptiveCuttingAuction,0.1,0.01,10,True,,1000,10800,cats_reg_g10b50,True,abs,False,CATS,50,regions,MultiMinded,541,Balance,33.650000000000546,726.3012,4,568.454,249.64099999999999,726.3012,610.10840451767876,510.25200451767876,626.55629886076485,1,10,8,41,30
35,10,27,AdaptiveCuttingAuction,0.1,0.01,10,True,,1000,10800,cats_reg_g10b50,True,abs,False,CATS,50,regions,MultiMinded,20,Balance,1.0999999999994543,858.175,2,722.988,380.87900000000002,858.175,793.40790749232997,717.23210749232999,823.24771159415229,1,10,2,53,37
36,10,17,AdaptiveCuttingAuction,0.1,0.01,10,True,,1000,10800,cats_reg_g10b50,True,abs,False,CATS,50,regions,MultiMinded,29,Balance,1.6000000000003638,716.498,1,716.498,379.51999999999998,716.498,750.20791090523983,712.25591090523983,712.25591090523983,6,14,10,37,27
37,10,20,AdaptiveCuttingAuction,0.1,0.01,10,True,,1000,10800,cats_reg_g10b50,True,abs,False,CATS,50,regions,MultiMinded,82,Balance,5.540000000000873,824.835,3,630.222,329.92600000000004,824.835,687.1967009118207,588.2189009118207,725.85720000000003,1,10,0,42,30
38,10,18,AdaptiveCuttingAuction,0.1,0.01,10,True,,1000,10800,cats_reg_g10b50,True,abs,False,CATS,50,regions,MultiMinded,140,Balance,6.759999999999309,825.56,1,825.56,471.01400000000001,825.56,822.40333967725348,775.30193967725347,827.57163631083972,1,10,10,39,28
39,10,25,AdaptiveCuttingAuction,0.1,0.01,10,True,,1000,10800,cats_reg_g10b50,True,abs,False,CATS,50,regions,MultiMinded,51,Balance,3.019999999999527,948.5501,5,753.385,196.10050000000001,948.5501,772.39382054030284,674.34357054030284,880.54754538941052,1,10,2,49,35
40,10,22,AdaptiveCuttingAuction,0.1,0.01,10,True,,1000,10800,cats_reg_g10b50,True,abs,False,CATS,50,regions,MultiMinded,539,Balance,41.81999999999971,694.64,1,671.57,320.48500000000001,671.57,675.21040712751858,643.16190712751859,673.90721016524481,10,23,11,46,32
41,10,18,AdaptiveCuttingAuction,0.1,0.01,10,True,,1000,10800,cats_reg_g10b50,True,abs,False,CATS,50,regions,MultiMinded,13,Balance,0.6300000000001091,919.5834,3,833.068,428.51799999999997,919.5834,858.99776285595374,730.44236285595377,846.00529036502883,1,10,5,34,28
42,10,21,AdaptiveCuttingAuction,0.1,0.01,10,True,,1000,10800,cats_reg_g10b50,True,abs,False,CATS,50,regions,MultiMinded,186,Balance,13.359999999999673,722.396,1,722.396,339.44,722.396,724.904754120691,690.96075412069104,690.96075412069104,10,19,9,45,31
43,10,20,AdaptiveCuttingAuction,0.1,0.01,10,True,,1000,10800,cats_reg_g10b50,True,abs,False,CATS,50,regions,MultiMinded,72,Balance,7.300000000000182,820.8240000000001,2,681.374,265.63999999999999,820.8240000000001,781.84119217452405,728.71319217452412,767.69600000000014,4,14,0,41,30
44,10,19,AdaptiveCuttingAuction,0.1,0.01,10,True,,1000,10800,cats_reg_g10b50,True,abs,False,CATS,50,regions,MultiMinded,300,Balance,21.149999999999636,607.363,3,484.926,277.04599999999999,559.9440000000001,511.46816049115444,428.35436049115447,493.08302600784293,9,19,17,39,29
45,10,20,AdaptiveCuttingAuction,0.1,0.01,10,True,,1000,10800,cats_reg_g10b50,True,abs,False,CATS,50,regions,MultiMinded,101,Balance,6.030000000000655,687.7891,5,510.577,285.93000000000001,687.7891,657.9232806470651,531.98727001709085,591.26588760568052,4,12,11,40,30
46,10,19,AdaptiveCuttingAuction,0.1,0.01,10,True,,1000,10800,cats_reg_g10b50,True,abs,False,CATS,50,regions,MultiMinded,69,Balance,4.299999999999272,810.368,2,810.368,345.00850000000003,808.7297,779.50557755045202,710.5038775504521,774.47031962910899,9,16,5,41,29
47,10,18,AdaptiveCuttingAuction,0.1,0.01,10,True,,1000,10800,cats_reg_g10b50,True,abs,False,CATS,50,regions,MultiMinded,195,Balance,13.960000000000036,759.477,1,738.963,363.25599999999997,738.963,740.60437222073165,704.27877222073164,740.37892504609908,9,23,10,44,28
48,10,29,AdaptiveCuttingAuction,0.1,0.01,10,True,,1000,10800,cats_reg_g10b50,True,abs,False,CATS,50,regions,MultiMinded,6,Balance,0.28000000000065484,726.774,3,661.833,328.96899999999999,726.774,744.22655034003583,645.53585034003584,658.84948148283968,1,10,9,61,39
49,10,23,AdaptiveCuttingAuction,0.1,0.01,10,True,,1000,10800,cats_reg_g10b50,True,abs,False,CATS,50,regions,MultiMinded,34,Balance,2.2399999999997817,587.5914,5,462.576,216.20049999999998,573.7130999999999,547.60788345743038,439.50763345743042,509.9898793286805,3,12,9,47,33
50,10,17,AdaptiveCuttingAuction,0.1,0.01,10,True,,1000,10800,cats_reg_g10b50,True,abs,False,CATS,50,regions,MultiMinded,80,Balance,4.289999999999964,945.836,4,681.012,323.851,945.836,875.42172227405104,745.88132227405106,816.60457674426345,5,11,3,34,27
51,10,25,AdaptiveCuttingAuction,0.1,0.01,10,True,,1000,10800,cats_reg_g10b50,True,abs,False,CATS,50,regions,MultiMinded,166,Balance,12.430000000000291,831.2631000000001,3,644.905,285.66050000000001,831.2631000000001,762.02220910748406,676.324059107484,745.70807357488616,1,10,8,49,35
52,10,19,AdaptiveCuttingAuction,0.1,0.01,10,True,,1000,10800,cats_reg_g10b50,True,abs,False,CATS,50,regions,MultiMinded,63,Balance,4.050000000000182,608.391,1,608.391,276.31299999999999,576.268,603.02734959668294,575.39604959668293,584.04055867855993,9,15,19,40,29
53,10,21,AdaptiveCuttingAuction,0.1,0.01,10,True,,1000,10800,cats_reg_g10b50,True,abs,False,CATS,50,regions,MultiMinded,607,Balance,51.13000000000011,623.5598,4,612.518,167.23250000000002,623.5598,621.43198245074939,554.53898245074936,573.33794360749573,10,23,6,44,31
54,10,20,AdaptiveCuttingAuction,0.1,0.01,10,True,,1000,10800,cats_reg_g10b50,True,abs,False,CATS,50,regions,MultiMinded,43,Balance,3.3099999999994907,1040.322,4,967.436,414.12850000000003,1039.9794,985.08127775998707,819.42987775998688,940.4204919548888,4,16,15,47,30
55,10,17,AdaptiveCuttingAuction,0.1,0.01,10,True,,1000,10800,cats_reg_g10b50,True,abs,False,CATS,50,regions,MultiMinded,25,Balance,1.0600000000004002,1001.244,2,739.168,309.35699999999997,1001.244,865.86645484343671,803.99505484343672,990.1000853300518,1,10,7,32,27
56,10,17,AdaptiveCuttingAuction,0.1,0.01,10,True,,1000,10800,cats_reg_g10b50,True,abs,False,CATS,50,regions,MultiMinded,94,Balance,6.199999999999818,674.3464,3,592.43,348.80000000000001,644.3157,632.65321416031497,528.01321416031499,575.27525353781959,9,21,10,37,27
57,10,20,AdaptiveCuttingAuction,0.1,0.01,10,True,,1000,10800,cats_reg_g10b50,True,abs,False,CATS,50,regions,MultiMinded,231,Balance,17.649999999999636,783.158,3,568.928,268.62299999999999,763.1990000000001,761.27527847414092,680.6883784741409,709.54478816353401,7,19,6,41,30
58,10,21,AdaptiveCuttingAuction,0.1,0.01,10,True,,1000,10800,cats_reg_g10b50,True,abs,False,CATS,50,regions,MultiMinded,27,Balance,1.4200000000000728,871.9079999999999,2,791.212,427.88200000000001,871.9079999999999,869.69324442746222,784.1168444274623,799.94154845583489,1,10,10,45,31
59,10,28,AdaptiveCuttingAuction,0.1,0.01,10,True,,1000,10800,cats_reg_g10b50,True,abs,False,CATS,50,regions,MultiMinded,8,Balance,0.3599999999996726,875.1772,3,803.796,406.47899999999998,875.1772,880.24944306885413,758.30574306885421,827.42214167493171,1,10,12,54,38
60,10,22,AdaptiveCuttingAuction,0.1,0.01,10,True,,1000,10800,cats_reg_g10b50,True,abs,False,CATS,50,regions,MultiMinded,31,Balance,2.1099999999996726,716.1357,3,662.173,358.10899999999998,716.1357,678.09763205062814,571.7915781087172,617.84003287100643,7,16,13,48,32
61,10,19,AdaptiveCuttingAuction,0.1,0.01,10,True,,1000,10800,cats_reg_g10b50,True,abs,False,CATS,50,regions,MultiMinded,80,Balance,4.630000000000109,756.948,3,553.212,307.67700000000002,756.948,745.31240849366804,653.00930849366807,690.7652932190274,1,10,11,41,29
62,10,20,AdaptiveCuttingAuction,0.1,0.01,10,True,,1000,10800,cats_reg_g10b50,True,abs,False,CATS,50,regions,MultiMinded,11,Balance,0.5599999999994907,962.414,3,839.979,365.63299999999998,962.414,903.69150353344844,794.00160353344836,995.93918731627036,1,10,11,37,30
63,10,20,AdaptiveCuttingAuction,0.1,0.01,10,True,,1000,10800,cats_reg_g10b50,True,abs,False,CATS,50,regions,MultiMinded,93,Balance,6.720000000000255,966.8963000000001,4,783.33,502.36099999999999,966.8963000000001,923.26768273831624,733.14710622633322,777.09037215525711,6,14,5,42,30
64,10,24,AdaptiveCuttingAuction,0.1,0.01,10,True,,1000,10800,cats_reg_g10b50,True,abs,False,CATS,50,regions,MultiMinded,21,Balance,1.339999999999236,784.4846,2,723.45,238.8545,784.4846,763.69181253180739,715.9209125318074,801.32577647482367,7,12,18,47,34
65,10,18,AdaptiveCuttingAuction,0.1,0.01,10,True,,1000,10800,cats_reg_g10b50,True,abs,False,CATS,50,regions,MultiMinded,176,Balance,10.260000000000218,863.3610000000001,3,758.102,337.34500000000003,856.6320000000001,803.31156665085427,702.1080666508542,762.25344545226471,5,14,13,37,28
66,10,18,AdaptiveCuttingAuction,0.1,0.01,10,True,,1000,10800,cats_reg_g10b50,True,abs,False,CATS,50,regions,MultiMinded,694,Balance,38.650000000000546,852.079,3,807.329,372.65700000000004,852.079,806.0395800295214,694.2424800295214,743.64419270959115,6,15,23,40,28
67,10,27,AdaptiveCuttingAuction,0.1,0.01,10,True,,1000,10800,cats_reg_g10b50,True,abs,False,CATS,50,regions,MultiMinded,153,Balance,11.149999999999636,860.8598,2,789.183,223.39999999999998,860.8598,851.13001685155041,806.45001685155034,838.51399267633269,9,16,1,54,37
68,10,20,AdaptiveCuttingAuction,0.1,0.01,10,True,,1000,10800,cats_reg_g10b50,True,abs,False,CATS,50,regions,MultiMinded,201,Balance,10.720000000000255,535.1916,4,486.692,201.834,535.1916,513.94973268964804,433.21613268964802,474.60102943573816,1,10,1,41,30
69,10,20,AdaptiveCuttingAuction,0.1,0.01,10,True,,1000,10800,cats_reg_g10b50,True,abs,False,CATS,50,regions,MultiMinded,67,Balance,3.7399999999997817,550.5322,3,423.552,212.09399999999999,550.5322,484.32527054481716,420.69707054481711,486.90399999999994,1,10,0,41,30
70,10,18,AdaptiveCuttingAuction,0.1,0.01,10,True,,1000,10800,cats_reg_g10b50,True,abs,False,CATS,50,regions,MultiMinded,318,Balance,22.590000000000146,965.81,3,780.078,273.52800000000002,965.81,881.29841967134462,799.24001967134461,915.18752051241972,9,20,16,41,28
71,10,17,AdaptiveCuttingAuction,0.1,0.01,10,True,,1000,10800,cats_reg_g10b50,True,abs,False,CATS,50,regions,MultiMinded,81,Balance,5.760000000000218,745.048,1,745.048,330.73000000000002,745.048,776.86214961258452,743.78914961258454,759.38466684899595,10,23,20,39,27
72,10,23,AdaptiveCuttingAuction,0.1,0.01,10,True,,1000,10800,cats_reg_g10b50,True,abs,False,CATS,50,regions,MultiMinded,36,Balance,2.0299999999997453,619.2275000000001,3,497.631,317.09799999999996,601.3611000000001,600.45859254345214,505.32919254345222,538.17818854952384,1,10,7,48,33
73,10,20,AdaptiveCuttingAuction,0.1,0.01,10,True,,1000,10800,cats_reg_g10b50,True,abs,False,CATS,50,regions,MultiMinded,134,Balance,10.079999999999927,675.2625,2,656.76,362.82400000000001,675.0855,674.50971103750044,601.94491103750033,606.51163269050676,7,16,22,44,30
74,10,26,AdaptiveCuttingAuction,0.1,0.01,10,True,,1000,10800,cats_reg_g10b50,True,abs,False,CATS,50,regions,MultiMinded,68,Balance,5.5,942.6876,2,890.025,245.483,942.6876,943.53038880430324,894.43378880430316,925.70008386085522,5,19,11,57,36
75,10,15,AdaptiveCuttingAuction,0.1,0.01,10,True,,1000,10800,cats_reg_g10b50,True,abs,False,CATS,50,regions,MultiMinded,72,Balance,4.099999999999454,986.353,1,977.088,450.65550000000002,977.088,981.00702074981348,935.94147074981345,980.93224515662746,6,12,11,36,25
76,10,22,AdaptiveCuttingAuction,0.1,0.01,10,True,,1000,10800,cats_reg_g10b50,True,abs,False,CATS,50,regions,MultiMinded,89,Balance,4.8400000000001455,900.434,2,820.61,441.17500000000001,836.495,836.16811809673914,747.93311809673901,835.12047087409076,1,10,12,42,32
77,10,19,AdaptiveCuttingAuction,0.1,0.01,10,True,,1000,10800,cats_reg_g10b50,True,abs,False,CATS,50,regions,MultiMinded,448,Balance,29.449999999999818,505.8682,3,489.633,293.4085,502.3022,492.69378922532462,420.22579026051619,459.58943392170448,6,14,13,40,29
78,10,15,AdaptiveCuttingAuction,0.1,0.01,10,True,,1000,10800,cats_reg_g10b50,True,abs,False,CATS,50,regions,MultiMinded,45,Balance,2.149999999999636,723.896,1,723.896,268.85500000000002,723.896,723.82935102700935,696.94385102700937,760.63571177672213,1,10,8,29,25
79,10,20,AdaptiveCuttingAuction,0.1,0.01,10,True,,1000,10800,cats_reg_g10b50,True,abs,False,CATS,50,regions,MultiMinded,204,Balance,15.529999999999745,830.055,2,715.055,304.07849999999996,792.734,765.62876478383021,704.81306478383021,773.46404016709369,5,15,23,42,30
80,10,23,AdaptiveCuttingAuction,0.1,0.01,10,True,,1000,10800,cats_reg_g10b50,True,abs,False,CATS,50,regions,MultiMinded,1000,MaxIter,91.84000000000015,858.2552999999999,2,815.519,326.65449999999998,744.0512,817.27435414584841,56.081900023702708,57.161997186355812,9,26,15,51,33
81,10,19,AdaptiveCuttingAuction,0.1,0.01,10,True,,1000,10800,cats_reg_g10b50,True,abs,False,CATS,50,regions,MultiMinded,11,Balance,0.5200000000004366,731.2354999999999,5,657.74,318.25649999999996,728.3769,700.30147941337168,542.04599047480042,686.23382609420855,1,10,13,33,29
82,10,20,AdaptiveCuttingAuction,0.1,0.01,10,True,,1000,10800,cats_reg_g10b50,True,abs,False,CATS,50,regions,MultiMinded,388,Balance,26.93000000000029,799.819,3,670.65,230.49700000000001,799.819,757.80584531836848,688.65674531836839,753.8026062400852,5,16,8,44,30
83,10,18,AdaptiveCuttingAuction,0.1,0.01,10,True,,1000,10800,cats_reg_g10b50,True,abs,False,CATS,50,regions,MultiMinded,69,Balance,3.4399999999996,778.391,2,740.964,303.2475,778.391,780.30337866609761,719.65387866609763,774.43376997495056,4,14,15,37,28
84,10,19,AdaptiveCuttingAuction,0.1,0.01,10,True,,1000,10800,cats_reg_g10b50,True,abs,False,CATS,50,regions,MultiMinded,9,Balance,0.31999999999970896,653.4665,4,531.36,233.98450000000003,653.4665,575.52223388588038,481.92843388588028,600.15267675338589,1,10,15,36,29
85,10,16,AdaptiveCuttingAuction,0.1,0.01,10,True,,1000,10800,cats_reg_g10b50,True,abs,False,CATS,50,regions,MultiMinded,18,Balance,0.7400000000006912,738.6202000000001,4,623.355,332.00099999999998,738.6202000000001,719.8773680528443,587.07696805284422,647.73153306102097,1,10,9,32,26
86,10,17,AdaptiveCuttingAuction,0.1,0.01,10,True,,1000,10800,cats_reg_g10b50,True,abs,False,CATS,50,regions,MultiMinded,131,Balance,8.099999999999454,772.54,2,646.076,287.08299999999997,772.54,683.93911982470149,626.52251982470148,715.12340000000006,6,13,0,34,27
87,10,18,AdaptiveCuttingAuction,0.1,0.01,10,True,,1000,10800,cats_reg_g10b50,True,abs,False,CATS,50,regions,MultiMinded,216,Balance,13.840000000000146,883.32347,3,801.709,428.95349999999996,836.6344700000001,876.70986574566211,781.59116463605528,785.80176862909207,9,20,17,39,28
88,10,20,AdaptiveCuttingAuction,0.1,0.01,10,True,,1000,10800,cats_reg_g10b50,True,abs,False,CATS,50,regions,MultiMinded,99,Balance,7.079999999999927,662.7294999999999,1,622.783,332.80799999999999,622.783,654.06142107110441,620.78062107110441,628.14062561818582,7,19,29,43,30
89,10,26,AdaptiveCuttingAuction,0.1,0.01,10,True,,1000,10800,cats_reg_g10b50,True,abs,False,CATS,50,regions,MultiMinded,61,Balance,5.280000000000655,844.3882,3,703.836,361.93200000000002,821.2162,821.31309596222536,726.77167881637297,782.41972490077728,9,22,23,56,36
90,10,21,AdaptiveCuttingAuction,0.1,0.01,10,True,,1000,10800,cats_reg_g10b50,True,abs,False,CATS,50,regions,MultiMinded,61,Balance,3.240000000000691,1011.3232,6,890.879,348.79300000000001,1011.3232,895.56565573614637,686.28985573614636,869.45920946709509,1,10,6,41,31
91,10,17,AdaptiveCuttingAuction,0.1,0.01,10,True,,1000,10800,cats_reg_g10b50,True,abs,False,CATS,50,regions,MultiMinded,33,Balance,1.9200000000000728,890.575,1,890.575,535.99700000000007,890.575,938.86574219794852,885.26604219794854,931.42368481333051,7,15,11,34,27
92,10,22,AdaptiveCuttingAuction,0.1,0.01,10,True,,1000,10800,cats_reg_g10b50,True,abs,False,CATS,50,regions,MultiMinded,7,Balance,0.25,683.1735,2,627.133,263.76300000000003,683.1735,645.11525832652774,592.36265832652771,703.31796571200834,1,10,9,40,32
93,10,20,AdaptiveCuttingAuction,0.1,0.01,10,True,,1000,10800,cats_reg_g10b50,True,abs,False,CATS,50,regions,MultiMinded,16,Balance,0.9200000000000728,931.509,1,931.509,347.88099999999997,931.509,927.01836854971134,892.23026854971135,931.30584698909138,1,10,4,44,30
94,10,15,AdaptiveCuttingAuction,0.1,0.01,10,True,,1000,10800,cats_reg_g10b50,True,abs,False,CATS,50,regions,MultiMinded,315,Balance,16.07000000000062,772.037,2,770.337,295.54650000000004,772.037,770.36677359530904,711.25747359530897,742.34033473247212,7,15,9,33,25
95,10,17,AdaptiveCuttingAuction,0.1,0.01,10,True,,1000,10800,cats_reg_g10b50,True,abs,False,CATS,50,regions,MultiMinded,73,Balance,4.670000000000073,901.2369,3,849.224,408.67100000000005,901.2369,887.43884402353808,779.13397431626527,803.15055948551696,4,14,6,37,27
96,10,19,AdaptiveCuttingAuction,0.1,0.01,10,True,,1000,10800,cats_reg_g10b50,True,abs,False,CATS,50,regions,MultiMinded,5,Balance,0.18999999999959982,752.0848,3,651.493,368.70849999999996,752.0848,716.39139334471497,609.24294106764501,706.87748263338051,1,10,12,38,29
97,10,20,AdaptiveCuttingAuction,0.1,0.01,10,True,,1000,10800,cats_reg_g10b50,True,abs,False,CATS,50,regions,MultiMinded,101,Balance,6.480000000000473,657.92043,3,602.694,360.185,657.92043,645.22614516552937,569.40388084805147,582.44761649952784,7,16,5,45,30
98,10,20,AdaptiveCuttingAuction,0.1,0.01,10,True,,1000,10800,cats_reg_g10b50,True,abs,False,CATS,50,regions,MultiMinded,6,Balance,0.2000000000007276,1047.5140999999999,4,870.711,386.798,1047.5140999999999,885.39951996384582,737.05091787652805,960.94945213032588,1,10,16,33,30
99,10,22,AdaptiveCuttingAuction,0.1,0.01,10,True,,1000,10800,cats_reg_g10b50,True,abs,False,CATS,50,regions,MultiMinded,99,Balance,7.630000000000109,1044.344,5,687.143,366.375,1044.344,1011.2544517154369,828.06695171543686,862.03616131989224,4,16,9,48,32
100,10,21,AdaptiveCuttingAuction,0.1,0.01,10,True,,1000,10800,cats_reg_g10b50,True,abs,False,CATS,50,regions,MultiMinded,169,Balance,17.079999999999927,587.8678,2,515.864,141.49099999999999,587.8678,531.26564584943776,502.96744584943781,559.56960000000004,9,24,0,47,31
