idx,items,agents,auction_class,epsilon,stepc,epoch,scalebyvalue,reserve_type,maxiter,maxtime,generator_param_name,personalized,expstrat,int_prices,generator,bids,distribution,type,rounds,status,runtime,efficient_value,final_num_winners,final_max_agent_value,final_scalevalue,final_value,final_total_price,final_revenue,final_indirect_util,final_price_degree,final_price_sparsity,final_imbalance,final_wd_nvars,final_wd_ncons
1,30,36,AdaptiveCuttingAuction,0.1,0.01,10,True,,1000,10800,cats_reg_g30b150,True,abs,False,CATS,150,regions,MultiMinded,86,Balance,26.26000000000022,2502.8085,9,1712.02,630.28700000000003,2502.8085,2059.6238322758486,1736.7432115759959,2185.4364246132845,26,44,15,89,66
2,30,38,AdaptiveCuttingAuction,0.1,0.01,10,True,,1000,10800,cats_reg_g30b150,True,abs,False,CATS,150,regions,MultiMinded,56,Balance,17.73999999999978,2067.4249,7,1460.04,478.96600000000001,2057.0263999999997,2057.7200573686118,1771.7046828070759,1844.0312917104711,9,44,48,88,68
3,30,36,AdaptiveCuttingAuction,0.1,0.01,10,True,,1000,10800,cats_reg_g30b150,True,abs,False,CATS,150,regions,MultiMinded,147,Balance,40.779999999999745,2226.2472000000002,3,1961.0,494.50999999999999,2226.2472000000002,2195.6662190927827,2076.383877861846,2123.4299908906332,6,41,23,86,66
4,30,38,AdaptiveCuttingAuction,0.1,0.01,10,True,,1000,10800,cats_reg_g30b150,True,abs,False,CATS,150,regions,MultiMinded,62,Balance,11.489999999999782,2004.9491999999998,11,1505.7,557.86300000000006,2004.9491999999998,1791.1753468833599,1278.2406583336515,1492.2713516860938,25,41,2,79,68
5,30,35,AdaptiveCuttingAuction,0.1,0.01,10,True,,1000,10800,cats_reg_g30b150,True,abs,False,CATS,150,regions,MultiMinded,178,Balance,36.48000000000047,1864.626,2,1703.97,505.12049999999999,1813.7730000000001,1754.9847192552822,1653.9606192552822,1763.4293027923175,1,30,5,86,65
6,30,35,AdaptiveCuttingAuction,0.1,0.01,10,True,,1000,10800,cats_reg_g30b150,True,abs,False,CATS,150,regions,MultiMinded,334,Balance,103.09000000000015,2116.0368,7,1959.83,614.52500000000009,2051.8168,2074.3007183763521,1651.9934725305966,1691.0972464485785,11,49,7,83,65
7,30,35,AdaptiveCuttingAuction,0.1,0.01,10,True,,1000,10800,cats_reg_g30b150,True,abs,False,CATS,150,regions,MultiMinded,113,Balance,28.520000000000437,2031.9575,6,1330.11,558.39999999999998,2031.9575,1897.4259580822884,1612.6419580822887,1768.5105200499781,5,31,19,78,65
8,30,35,AdaptiveCuttingAuction,0.1,0.01,10,True,,1000,10800,cats_reg_g30b150,True,abs,False,CATS,150,regions,MultiMinded,103,Balance,29.950000000000728,2027.57669,8,1379.5,642.28750000000002,2027.57669,1763.5554065699978,1450.6653638965486,1741.0250906406832,13,42,22,76,65
9,30,36,AdaptiveCuttingAuction,0.1,0.01,10,True,,1000,10800,cats_reg_g30b150,True,abs,False,CATS,150,regions,MultiMinded,39,Balance,9.519999999999527,1859.5272999999997,8,1542.29,443.88650000000001,1859.5272999999997,1780.5172445608398,1511.0465930185678,1647.6455108325076,11,43,48,86,66
10,30,34,AdaptiveCuttingAuction,0.1,0.01,10,True,,1000,10800,cats_reg_g30b150,True,abs,False,CATS,150,regions,MultiMinded,264,Balance,70.65000000000055,2566.974,5,2112.56,626.02300000000002,2566.974,2320.9016859266662,2007.8901859266662,2255.7602851936795,9,44,35,77,64
11,30,36,AdaptiveCuttingAuction,0.1,0.01,10,True,,1000,10800,cats_reg_g30b150,True,abs,False,CATS,150,regions,MultiMinded,32,Balance,10.019999999999527,2431.6115,4,2098.81,721.22149999999999,2431.6115,2227.0800097366332,2044.1235187953937,2251.5450925044806,13,40,11,81,66
12,30,32,AdaptiveCuttingAuction,0.1,0.01,10,True,,1000,10800,cats_reg_g30b150,True,abs,False,CATS,150,regions,MultiMinded,251,Balance,58.970000000000255,1865.81568,7,1645.15,855.13049999999998,1787.8909999999998,1755.0898038990595,1342.9615866766562,1500.7595385178015,21,42,78,78,62
13,30,35,AdaptiveCuttingAuction,0.1,0.01,10,True,,1000,10800,cats_reg_g30b150,True,abs,False,CATS,150,regions,MultiMinded,127,Balance,37.150000000000546,1773.5022000000001,5,1494.31,678.60900000000004,1756.9776,1644.8435986170971,1434.0802397910109,1593.1230401669222,23,47,63,80,65
14,30,32,AdaptiveCuttingAuction,0.1,0.01,10,True,,1000,10800,cats_reg_g30b150,True,abs,False,CATS,150,regions,MultiMinded,332,Balance,75.26999999999953,1980.1873000000003,6,1559.99,631.08900000000006,1980.1873000000003,1766.2695437260734,1501.2121637260734,1718.7211634546586,7,44,23,73,62
15,30,36,AdaptiveCuttingAuction,0.1,0.01,10,True,,1000,10800,cats_reg_g30b150,True,abs,False,CATS,150,regions,MultiMinded,15,Balance,5.220000000000255,2512.4141000000004,3,2312.23,781.00699999999995,2512.4141000000004,2323.0916950965247,2209.7173164498004,2424.0290623864958,25,35,3,72,66
16,30,34,AdaptiveCuttingAuction,0.1,0.01,10,True,,1000,10800,cats_reg_g30b150,True,abs,False,CATS,150,regions,MultiMinded,351,Balance,94.65999999999985,1929.452,4,1789.44,584.255,1909.1155,1878.4150728710938,1770.3505010365143,1841.5961398203904,7,43,36,82,64
17,30,33,AdaptiveCuttingAuction,0.1,0.01,10,True,,1000,10800,cats_reg_g30b150,True,abs,False,CATS,150,regions,MultiMinded,171,Balance,43.029999999999745,1934.7395999999999,5,1626.95,730.93200000000002,1840.0255000000002,1779.3342446653262,1485.8606849009464,1589.1679109738845,25,46,73,79,63
18,30,34,AdaptiveCuttingAuction,0.1,0.01,10,True,,1000,10800,cats_reg_g30b150,True,abs,False,CATS,150,regions,MultiMinded,44,Balance,11.180000000000291,2504.1384,4,1818.33,781.33600000000001,2504.1384,2359.1430459953785,2124.0418139111753,2302.2595057380377,26,42,8,77,64
19,30,36,AdaptiveCuttingAuction,0.1,0.01,10,True,,1000,10800,cats_reg_g30b150,True,abs,False,CATS,150,regions,MultiMinded,9,Balance,0.910000000000764,2560.7110000000002,12,1508.06,549.71399999999994,2554.963,1978.3873242510251,1481.0373684499627,2128.1506306623005,1,29,9,73,66
20,30,37,AdaptiveCuttingAuction,0.1,0.01,10,True,,1000,10800,cats_reg_g30b150,True,abs,False,CATS,150,regions,MultiMinded,473,Balance,189.40999999999985,1801.7813999999998,8,1490.47,395.125,1764.9505,1771.4642820271374,1494.6490842448929,1546.3125014627169,23,61,59,96,67
21,30,33,AdaptiveCuttingAuction,0.1,0.01,10,True,,1000,10800,cats_reg_g30b150,True,abs,False,CATS,150,regions,MultiMinded,160,Balance,33.55000000000018,1553.7635,3,1374.19,778.39550000000008,1553.7635,1464.6469289791469,1316.619484565543,1434.5850901519389,1,30,25,72,63
22,30,38,AdaptiveCuttingAuction,0.1,0.01,10,True,,1000,10800,cats_reg_g30b150,True,abs,False,CATS,150,regions,MultiMinded,203,Balance,71.09000000000015,2312.252,6,2123.59,638.69949999999994,2312.252,2309.4391558462798,1926.2194558462791,1964.4009132716758,7,46,87,89,68
23,30,38,AdaptiveCuttingAuction,0.1,0.01,10,True,,1000,10800,cats_reg_g30b150,True,abs,False,CATS,150,regions,MultiMinded,169,Balance,53.400000000000546,2354.8725,7,1818.1,597.00800000000004,2354.8725,2082.5318791538589,1845.8690742991284,2126.3938985331715,12,46,25,84,68
24,30,35,AdaptiveCuttingAuction,0.1,0.01,10,True,,1000,10800,cats_reg_g30b150,True,abs,False,CATS,150,regions,MultiMinded,430,Balance,101.57999999999993,1892.4884,10,1241.36,538.58849999999995,1892.4884,1677.752729784444,1298.7670820158392,1563.896174636026,12,43,37,80,65
25,30,33,AdaptiveCuttingAuction,0.1,0.01,10,True,,1000,10800,cats_reg_g30b150,True,abs,False,CATS,150,regions,MultiMinded,220,Balance,50.25,1741.0822999999998,7,1538.41,861.41849999999999,1618.4172999999998,1607.1823990687246,1201.5798418799882,1383.7906304880769,12,43,104,75,63
26,30,34,AdaptiveCuttingAuction,0.1,0.01,10,True,,1000,10800,cats_reg_g30b150,True,abs,False,CATS,150,regions,MultiMinded,265,Balance,73.06999999999971,2008.668,3,1919.5,424.82100000000003,2008.668,1943.9305261992849,1887.7196106447675,2018.2959091189734,6,40,30,78,64
27,30,32,AdaptiveCuttingAuction,0.1,0.01,10,True,,1000,10800,cats_reg_g30b150,True,abs,False,CATS,150,regions,MultiMinded,259,Balance,106.18000000000029,2175.2061,3,1890.21,644.31150000000002,2075.148,2131.4601469551044,1938.1666969551047,1947.0125288303791,11,55,27,87,62
28,30,37,AdaptiveCuttingAuction,0.1,0.01,10,True,,1000,10800,cats_reg_g30b150,True,abs,False,CATS,150,regions,MultiMinded,31,Balance,9.9399999999996,2040.43179,8,1615.6,517.23699999999997,2018.6335,1936.0537620647233,1635.0445149567431,1887.374260229913,8,39,74,88,67
29,30,33,AdaptiveCuttingAuction,0.1,0.01,10,True,,1000,10800,cats_reg_g30b150,True,abs,False,CATS,150,regions,MultiMinded,195,Balance,41.649999999999636,2111.632,3,1854.64,708.57899999999995,2009.6580000000001,1907.04710632714,1779.8408119050032,2009.7827679714328,13,46,2,75,63
30,30,35,AdaptiveCuttingAuction,0.1,0.01,10,True,,1000,10800,cats_reg_g30b150,True,abs,False,CATS,150,regions,MultiMinded,146,Balance,61.14000000000033,2323.0769999999998,10,1594.17,462.18150000000003,2187.0007,2014.5179606305289,1589.3499710403548,1823.6270238730401,8,45,31,88,65
31,30,34,AdaptiveCuttingAuction,0.1,0.01,10,True,,1000,10800,cats_reg_g30b150,True,abs,False,CATS,150,regions,MultiMinded,46,Balance,12.44000000000051,2659.4860000000003,6,2167.09,585.07799999999997,2659.4860000000003,2540.3675266943374,2274.0038637429516,2445.1002445213148,7,42,6,84,64
32,30,37,AdaptiveCuttingAuction,0.1,0.01,10,True,,1000,10800,cats_reg_g30b150,True,abs,False,CATS,150,regions,MultiMinded,180,Balance,54.13999999999942,1999.8556999999998,9,1545.46,522.50199999999995,1910.7444,1856.7846447570164,1447.8160240801262,1598.4627898774711,12,44,12,90,67
33,30,37,AdaptiveCuttingAuction,0.1,0.01,10,True,,1000,10800,cats_reg_g30b150,True,abs,False,CATS,150,regions,MultiMinded,48,Balance,9.820000000000618,1805.9524000000001,4,1582.17,487.50400000000002,1790.6487000000002,1656.6642174468959,1577.265768266529,1804.5960925526026,1,28,84,88,67
34,30,39,AdaptiveCuttingAuction,0.1,0.01,10,True,,1000,10800,cats_reg_g30b150,True,abs,False,CATS,150,regions,MultiMinded,297,Balance,87.52999999999975,1983.6001999999999,8,1564.76,623.41200000000003,1983.6001999999999,2005.50428678761,1547.1833160023145,1569.4141930905712,15,47,32,88,69
35,30,38,AdaptiveCuttingAuction,0.1,0.01,10,True,,1000,10800,cats_reg_g30b150,True,abs,False,CATS,150,regions,MultiMinded,85,Balance,22.409999999999854,2341.4052,8,1755.59,637.298,2341.4052,2201.2199839813411,1799.7222439813404,2036.9096943966265,13,44,14,88,68
36,30,33,AdaptiveCuttingAuction,0.1,0.01,10,True,,1000,10800,cats_reg_g30b150,True,abs,False,CATS,150,regions,MultiMinded,266,Balance,83.65999999999985,2136.9992,7,1693.26,587.83249999999998,2071.0868,2071.5497327380281,1660.0669827380286,1725.2542780540114,25,61,60,88,63
37,30,34,AdaptiveCuttingAuction,0.1,0.01,10,True,,1000,10800,cats_reg_g30b150,True,abs,False,CATS,150,regions,MultiMinded,258,Balance,51.19000000000051,1991.3467,3,1812.59,701.23299999999995,1939.0544,1861.4712115020784,1756.6738833929564,1952.9161779836707,10,44,42,70,64
38,30,40,AdaptiveCuttingAuction,0.1,0.01,10,True,,1000,10800,cats_reg_g30b150,True,abs,False,CATS,150,regions,MultiMinded,91,Balance,31.159999999999854,2724.0288,6,2153.9,576.38300000000004,2724.0288,2371.8950960286693,2138.2998280444817,2504.6468841835053,13,46,10,93,70
39,30,30,AdaptiveCuttingAuction,0.1,0.01,10,True,,1000,10800,cats_reg_g30b150,True,abs,False,CATS,150,regions,MultiMinded,47,Balance,7.969999999999345,1968.0602,1,1918.66,764.726,1918.66,1994.6790652241957,1918.2064652241957,1983.6731007704448,1,30,51,65,60
40,30,33,AdaptiveCuttingAuction,0.1,0.01,10,True,,1000,10800,cats_reg_g30b150,True,abs,False,CATS,150,regions,MultiMinded,25,Balance,7.739999999999782,1942.0583000000001,3,1674.34,688.69799999999998,1942.0583000000001,1879.5529269931492,1698.9322497113064,1767.7212719222362,22,46,10,69,63
41,30,35,AdaptiveCuttingAuction,0.1,0.01,10,True,,1000,10800,cats_reg_g30b150,True,abs,False,CATS,150,regions,MultiMinded,23,Balance,8.069999999999709,1877.7214099999999,7,1423.29,646.35299999999995,1831.2470099999998,1765.6798724238336,1488.6603331697249,1645.6062756859756,9,42,72,79,65
42,30,32,AdaptiveCuttingAuction,0.1,0.01,10,True,,1000,10800,cats_reg_g30b150,True,abs,False,CATS,150,regions,MultiMinded,90,Balance,25.81999999999971,2111.841,5,1703.5,646.17399999999998,2002.9270000000001,2164.6272402457312,1841.540240245731,1888.0341487060125,17,48,43,79,62
43,30,40,AdaptiveCuttingAuction,0.1,0.01,10,True,,1000,10800,cats_reg_g30b150,True,abs,False,CATS,150,regions,MultiMinded,118,Balance,39.23999999999978,2446.7208,6,1927.69,685.90899999999999,2446.7208,2083.1339579159489,1846.0208520431463,2210.2846429378783,19,42,3,84,70
44,30,35,AdaptiveCuttingAuction,0.1,0.01,10,True,,1000,10800,cats_reg_g30b150,True,abs,False,CATS,150,regions,MultiMinded,57,Balance,13.890000000000327,1711.1515999999997,8,1299.51,651.40899999999999,1554.4274999999998,1512.0308271630743,1087.0639703922745,1261.9694748771431,24,45,49,78,65
45,30,38,AdaptiveCuttingAuction,0.1,0.01,10,True,,1000,10800,cats_reg_g30b150,True,abs,False,CATS,150,regions,MultiMinded,77,Balance,18.699999999999818,2034.5094,6,1828.07,742.07299999999998,2034.5094,2028.2934328857084,1699.8041025266334,1732.606713913513,8,45,49,85,68
46,30,31,AdaptiveCuttingAuction,0.1,0.01,10,True,,1000,10800,cats_reg_g30b150,True,abs,False,CATS,150,regions,MultiMinded,35,Balance,7.539999999999964,2564.0325000000003,4,2373.4,807.26099999999997,2564.0325000000003,2463.5282744107994,2253.7131182559929,2357.7083494040712,25,38,6,68,61
47,30,37,AdaptiveCuttingAuction,0.1,0.01,10,True,,1000,10800,cats_reg_g30b150,True,abs,False,CATS,150,regions,MultiMinded,41,Balance,10.480000000000473,2233.1322,7,1669.44,664.97900000000004,2233.1322,1905.4177219346398,1673.1089689321045,2029.0873651054442,1,29,31,73,67
48,30,35,AdaptiveCuttingAuction,0.1,0.01,10,True,,1000,10800,cats_reg_g30b150,True,abs,False,CATS,150,regions,MultiMinded,145,Balance,46.029999999999745,2069.4358,7,1826.01,556.24350000000004,2050.2718,1894.6245081915256,1576.8656038048334,1764.349634112403,7,47,27,86,65
49,30,30,AdaptiveCuttingAuction,0.1,0.01,10,True,,1000,10800,cats_reg_g30b150,True,abs,False,CATS,150,regions,MultiMinded,40,Balance,6.109999999999673,1979.7895999999998,6,1594.07,673.82600000000002,1979.7895999999998,1909.0176686613447,1611.7708086129489,1749.8499004347052,1,30,52,67,60
50,30,33,AdaptiveCuttingAuction,0.1,0.01,10,True,,1000,10800,cats_reg_g30b150,True,abs,False,CATS,150,regions,MultiMinded,94,Balance,28.039999999999964,2110.6722999999997,7,1335.35,460.47550000000001,2110.6722999999997,1932.380113732685,1686.2526252001105,1935.5364523640865,9,47,50,84,63
51,30,37,AdaptiveCuttingAuction,0.1,0.01,10,True,,1000,10800,cats_reg_g30b150,True,abs,False,CATS,150,regions,MultiMinded,27,Balance,8.670000000000073,2245.4244000000003,6,1882.26,597.73699999999997,2245.4244000000003,2152.6133622741104,1887.1331745527882,2028.4453636728713,8,42,33,84,67
52,30,32,AdaptiveCuttingAuction,0.1,0.01,10,True,,1000,10800,cats_reg_g30b150,True,abs,False,CATS,150,regions,MultiMinded,129,Balance,31.6299999999992,1756.6213,6,1409.87,556.45500000000004,1756.6213,1624.1052953607591,1367.4609022430045,1505.6632970584305,10,42,18,75,62
53,30,34,AdaptiveCuttingAuction,0.1,0.01,10,True,,1000,10800,cats_reg_g30b150,True,abs,False,CATS,150,regions,MultiMinded,252,Balance,60.61999999999989,2325.6629000000003,8,1796.97,570.23000000000002,2279.8698999999997,2075.9724086487199,1686.2979844018957,1946.972647124627,6,36,1,81,64
54,30,37,AdaptiveCuttingAuction,0.1,0.01,10,True,,1000,10800,cats_reg_g30b150,True,abs,False,CATS,150,regions,MultiMinded,43,Balance,14.270000000000437,2355.424,6,2152.9,670.553,2355.424,2214.2951537492463,1989.5103548423986,2174.1565184608089,6,41,63,85,67
55,30,33,AdaptiveCuttingAuction,0.1,0.01,10,True,,1000,10800,cats_reg_g30b150,True,abs,False,CATS,150,regions,MultiMinded,182,Balance,47.24000000000069,2078.1524999999997,10,1352.37,548.28150000000005,2078.1524999999997,2012.8910056364418,1537.2633797441392,1610.6409152537249,14,43,25,82,63
56,30,39,AdaptiveCuttingAuction,0.1,0.01,10,True,,1000,10800,cats_reg_g30b150,True,abs,False,CATS,150,regions,MultiMinded,115,Balance,32.9399999999996,1893.3772000000004,10,1498.24,591.42200000000003,1813.151,1646.9540098695845,1164.6829188620022,1389.6615314247013,15,51,1,84,69
57,30,36,AdaptiveCuttingAuction,0.1,0.01,10,True,,1000,10800,cats_reg_g30b150,True,abs,False,CATS,150,regions,MultiMinded,187,Balance,67.83999999999924,1899.5301999999997,5,1604.44,621.16750000000002,1806.0958999999998,1799.5161530761716,1535.6261385074688,1604.0463991146851,15,45,5,89,66
58,30,36,AdaptiveCuttingAuction,0.1,0.01,10,True,,1000,10800,cats_reg_g30b150,True,abs,False,CATS,150,regions,MultiMinded,162,Balance,49.159999999999854,2429.6093,6,2057.42,832.86300000000006,2429.6093,2235.9087512685824,1889.5072919323827,2098.4418481889866,7,40,50,77,66
59,30,39,AdaptiveCuttingAuction,0.1,0.01,10,True,,1000,10800,cats_reg_g30b150,True,abs,False,CATS,150,regions,MultiMinded,294,Balance,81.52999999999975,2064.9126,3,1772.9,622.28800000000001,2039.5116,1981.5629506226871,1814.6729565919763,1941.6949364557831,22,48,48,84,69
60,30,35,AdaptiveCuttingAuction,0.1,0.01,10,True,,1000,10800,cats_reg_g30b150,True,abs,False,CATS,150,regions,MultiMinded,23,Balance,4.489999999999782,1956.0875,3,1842.74,450.80399999999997,1936.1575,1860.4813643456459,1807.7052586917857,1961.5004543151713,1,28,48,77,65
61,30,37,AdaptiveCuttingAuction,0.1,0.01,10,True,,1000,10800,cats_reg_g30b150,True,abs,False,CATS,150,regions,MultiMinded,808,Balance,250.1800000000003,1951.6029999999998,9,1560.47,530.9905,1902.7827999999997,1753.9684147107914,1370.6006683715505,1573.8807377402022,9,48,29,87,67
62,30,34,AdaptiveCuttingAuction,0.1,0.01,10,True,,1000,10800,cats_reg_g30b150,True,abs,False,CATS,150,regions,MultiMinded,89,Balance,25.859999999999673,1978.0167,4,1737.89,582.94900000000007,1941.8931400000001,1818.5673376231082,1737.2078803857473,1960.0355064697469,25,48,34,80,64
63,30,30,AdaptiveCuttingAuction,0.1,0.01,10,True,,1000,10800,cats_reg_g30b150,True,abs,False,CATS,150,regions,MultiMinded,104,Balance,17.960000000000036,2547.4234,5,1821.34,869.476,2547.4234,2333.1175889538754,2059.1628127022582,2316.8612942592131,1,30,60,69,60
64,30,34,AdaptiveCuttingAuction,0.1,0.01,10,True,,1000,10800,cats_reg_g30b150,True,abs,False,CATS,150,regions,MultiMinded,42,Balance,12.05999999999949,2427.9729,8,1844.14,792.92899999999997,2427.9729,2128.3068272828837,1677.4616283788566,2010.0262856655781,20,40,54,75,64
65,30,36,AdaptiveCuttingAuction,0.1,0.01,10,True,,1000,10800,cats_reg_g30b150,True,abs,False,CATS,150,regions,MultiMinded,43,Balance,11.090000000000146,2209.3287,9,1779.98,732.52250000000004,2072.1837,1918.8341947458089,1506.5463998027158,1812.9444892839251,10,41,71,78,66
66,30,30,AdaptiveCuttingAuction,0.1,0.01,10,True,,1000,10800,cats_reg_g30b150,True,abs,False,CATS,150,regions,MultiMinded,36,Balance,6.210000000000036,2387.3904,2,2290.03,553.03500000000008,2387.3904,2296.9233133430503,2232.1789153557152,2377.7777366477007,1,29,2,73,60
67,30,41,AdaptiveCuttingAuction,0.1,0.01,10,True,,1000,10800,cats_reg_g30b150,True,abs,False,CATS,150,regions,MultiMinded,1000,MaxIter,468.02000000000044,2130.5865999999996,9,1569.3,447.20299999999997,2030.1996000000001,1994.8689865228137,1412.0348963481451,1588.4893229078762,18,52,22,105,71
68,30,34,AdaptiveCuttingAuction,0.1,0.01,10,True,,1000,10800,cats_reg_g30b150,True,abs,False,CATS,150,regions,MultiMinded,21,Balance,4.079999999999927,1871.0335999999998,7,1491.62,623.48450000000003,1857.0625,1798.5118962919817,1480.1647381016044,1622.5258733854253,1,30,56,79,64
69,30,34,AdaptiveCuttingAuction,0.1,0.01,10,True,,1000,10800,cats_reg_g30b150,True,abs,False,CATS,150,regions,MultiMinded,62,Balance,13.890000000000327,2248.1536,8,1918.69,909.28949999999998,2248.1536,2104.3756086149306,1640.6029111579746,1805.9922443335929,1,29,21,73,64
70,30,32,AdaptiveCuttingAuction,0.1,0.01,10,True,,1000,10800,cats_reg_g30b150,True,abs,False,CATS,150,regions,MultiMinded,231,Balance,49.100000000000364,2074.3614,8,1794.89,671.03600000000006,2062.3628,1910.7363141351336,1482.8037992537261,1637.359146979622,1,30,27,70,62
71,30,30,AdaptiveCuttingAuction,0.1,0.01,10,True,,1000,10800,cats_reg_g30b150,True,abs,False,CATS,150,regions,MultiMinded,678,Balance,138.23999999999978,2107.4125,3,1919.92,672.68100000000004,2077.242,2037.5437248846936,1896.2807148846935,1974.458028169689,26,54,28,72,60
72,30,35,AdaptiveCuttingAuction,0.1,0.01,10,True,,1000,10800,cats_reg_g30b150,True,abs,False,CATS,150,regions,MultiMinded,139,Balance,30.149999999999636,1946.4843000000003,8,1216.53,554.09649999999999,1946.4843000000003,1743.5931393994056,1453.5132263504511,1693.9281855687673,1,30,23,82,65
73,30,35,AdaptiveCuttingAuction,0.1,0.01,10,True,,1000,10800,cats_reg_g30b150,True,abs,False,CATS,150,regions,MultiMinded,30,Balance,5.890000000000327,1852.6272999999999,7,1445.38,663.03899999999999,1852.6272999999999,1610.4245426874975,1349.8266884383938,1652.9357175068628,19,42,41,74,65
74,30,31,AdaptiveCuttingAuction,0.1,0.01,10,True,,1000,10800,cats_reg_g30b150,True,abs,False,CATS,150,regions,MultiMinded,1000,MaxIter,234.53999999999996,2020.0417,4,1744.34,781.83899999999994,1170.6984,1923.123708180575,0.0,118.36228654229706,1,30,22,74,61
75,30,39,AdaptiveCuttingAuction,0.1,0.01,10,True,,1000,10800,cats_reg_g30b150,True,abs,False,CATS,150,regions,MultiMinded,263,Balance,98.32999999999993,2549.9302,11,1890.83,637.39099999999996,2386.7731999999996,2233.99585734321,1756.0699048930344,1996.7239904298374,10,46,64,91,69
76,30,36,AdaptiveCuttingAuction,0.1,0.01,10,True,,1000,10800,cats_reg_g30b150,True,abs,False,CATS,150,regions,MultiMinded,114,Balance,28.609999999999673,1970.4382,4,1633.82,405.01099999999997,1931.5365,1888.3570639023351,1726.3526639023353,1806.1169595467234,20,43,31,79,66
77,30,34,AdaptiveCuttingAuction,0.1,0.01,10,True,,1000,10800,cats_reg_g30b150,True,abs,False,CATS,150,regions,MultiMinded,96,Balance,18.5,1646.3148,2,1576.38,831.28949999999998,1646.3148,1639.5151309501045,1488.7694283899532,1495.5690974398487,1,30,0,72,64
78,30,34,AdaptiveCuttingAuction,0.1,0.01,10,True,,1000,10800,cats_reg_g30b150,True,abs,False,CATS,150,regions,MultiMinded,71,Balance,20.079999999999927,2412.1546,7,1881.66,768.41550000000007,2346.1201,2272.8705541961972,1865.9686160451076,2061.7659354897637,17,46,43,75,64
79,30,29,AdaptiveCuttingAuction,0.1,0.01,10,True,,1000,10800,cats_reg_g30b150,True,abs,False,CATS,150,regions,MultiMinded,134,Balance,24.199999999999818,2267.359,4,2060.3,919.01300000000003,2256.911,2191.6275163552291,1905.120686231855,2075.5572149298723,1,29,71,69,59
80,30,37,AdaptiveCuttingAuction,0.1,0.01,10,True,,1000,10800,cats_reg_g30b150,True,abs,False,CATS,150,regions,MultiMinded,320,Balance,102.38000000000011,2112.5864,9,1592.54,576.49599999999998,1990.7174,1936.6540047603216,1505.9705224510528,1680.6349502091689,16,46,35,83,67
81,30,33,AdaptiveCuttingAuction,0.1,0.01,10,True,,1000,10800,cats_reg_g30b150,True,abs,False,CATS,150,regions,MultiMinded,227,Balance,51.0,1652.215,4,1316.69,725.81600000000003,1652.215,1652.6277417828162,1386.3403725371375,1395.1116063484374,14,42,40,75,63
82,30,35,AdaptiveCuttingAuction,0.1,0.01,10,True,,1000,10800,cats_reg_g30b150,True,abs,False,CATS,150,regions,MultiMinded,119,Balance,41.07999999999993,2109.0315,7,1900.31,619.13249999999994,2109.0315,2032.7827534789228,1705.5255433304051,1809.4173642795777,24,45,21,79,65
83,30,32,AdaptiveCuttingAuction,0.1,0.01,10,True,,1000,10800,cats_reg_g30b150,True,abs,False,CATS,150,regions,MultiMinded,71,Balance,14.519999999999527,2576.43019,7,2027.96,1059.6700000000001,2576.43019,2517.032100663338,1980.2020101644116,2066.8666986252001,5,31,7,72,62
84,30,34,AdaptiveCuttingAuction,0.1,0.01,10,True,,1000,10800,cats_reg_g30b150,True,abs,False,CATS,150,regions,MultiMinded,172,Balance,63.39000000000033,1983.6759000000002,6,1485.27,650.14099999999996,1943.082,1741.5555051406,1485.0705737141323,1758.1843998446157,16,45,67,80,64
85,30,33,AdaptiveCuttingAuction,0.1,0.01,10,True,,1000,10800,cats_reg_g30b150,True,abs,False,CATS,150,regions,MultiMinded,33,Balance,5.890000000000327,1650.3177,5,1136.81,534.83399999999995,1650.3177,1600.3648637743513,1392.8826153159494,1473.6288007212879,1,30,22,73,63
86,30,37,AdaptiveCuttingAuction,0.1,0.01,10,True,,1000,10800,cats_reg_g30b150,True,abs,False,CATS,150,regions,MultiMinded,17,Balance,3.4099999999998545,2073.2363,6,1605.13,504.47649999999999,2069.3503,1882.8417271102373,1655.2152694872598,1879.39006223666,11,44,23,78,67
87,30,34,AdaptiveCuttingAuction,0.1,0.01,10,True,,1000,10800,cats_reg_g30b150,True,abs,False,CATS,150,regions,MultiMinded,357,Balance,140.30000000000018,2161.5317,10,1611.82,461.19499999999999,2161.5317,2039.5473856170777,1664.0691033780909,1830.753648997967,26,46,17,84,64
88,30,35,AdaptiveCuttingAuction,0.1,0.01,10,True,,1000,10800,cats_reg_g30b150,True,abs,False,CATS,150,regions,MultiMinded,122,Balance,31.280000000000655,1960.6723,6,1579.4,529.16499999999996,1896.3611,1870.1788578219341,1630.5537119653061,1781.0199563023946,6,43,37,83,65
89,30,40,AdaptiveCuttingAuction,0.1,0.01,10,True,,1000,10800,cats_reg_g30b150,True,abs,False,CATS,150,regions,MultiMinded,56,Balance,13.510000000000218,2103.4608,12,1324.86,455.78500000000003,2103.4608,1687.0212988086369,1300.3860522381124,1730.2229389703155,1,29,11,88,70
90,30,36,AdaptiveCuttingAuction,0.1,0.01,10,True,,1000,10800,cats_reg_g30b150,True,abs,False,CATS,150,regions,MultiMinded,42,Balance,10.900000000000546,2252.2093,8,1749.09,686.99800000000005,2212.3947999999996,2062.988807087841,1637.0500470878405,1873.8705098599971,10,43,24,79,66
91,30,37,AdaptiveCuttingAuction,0.1,0.01,10,True,,1000,10800,cats_reg_g30b150,True,abs,False,CATS,150,regions,MultiMinded,73,Balance,21.960000000000036,2533.4677,9,1557.05,605.50300000000004,2524.7637,2078.5154496567247,1788.9128885635728,2250.0154541379379,6,43,20,81,67
92,30,37,AdaptiveCuttingAuction,0.1,0.01,10,True,,1000,10800,cats_reg_g30b150,True,abs,False,CATS,150,regions,MultiMinded,98,Balance,25.329999999999927,2087.0795,9,1557.29,467.12700000000001,2087.0795,1868.7205105269177,1489.1779918243681,1719.2142577170409,8,47,49,86,67
93,30,34,AdaptiveCuttingAuction,0.1,0.01,10,True,,1000,10800,cats_reg_g30b150,True,abs,False,CATS,150,regions,MultiMinded,31,Balance,6.510000000000218,2220.4165999999996,8,1477.09,531.97949999999992,2187.6236,2057.3117756043621,1691.4896158355562,1868.7384178556322,1,30,27,79,64
94,30,33,AdaptiveCuttingAuction,0.1,0.01,10,True,,1000,10800,cats_reg_g30b150,True,abs,False,CATS,150,regions,MultiMinded,27,Balance,7.5900000000001455,2089.1439,6,1850.23,583.02999999999997,2075.2699000000002,1962.2628615665226,1726.4434721406792,1950.3963215240165,11,47,48,77,63
95,30,36,AdaptiveCuttingAuction,0.1,0.01,10,True,,1000,10800,cats_reg_g30b150,True,abs,False,CATS,150,regions,MultiMinded,87,Balance,21.38000000000011,2218.1557,7,1747.55,732.99250000000006,2218.1557,2082.951349023585,1645.0979494076264,1791.2136506195368,9,46,31,80,66
96,30,33,AdaptiveCuttingAuction,0.1,0.01,10,True,,1000,10800,cats_reg_g30b150,True,abs,False,CATS,150,regions,MultiMinded,141,Balance,37.6899999999996,1873.9284000000002,4,1690.89,555.43200000000002,1873.9284000000002,1853.3588721801032,1707.9816144497572,1785.1557709401538,15,44,36,76,63
97,30,37,AdaptiveCuttingAuction,0.1,0.01,10,True,,1000,10800,cats_reg_g30b150,True,abs,False,CATS,150,regions,MultiMinded,34,Balance,8.009999999999309,1853.4531000000002,7,1334.16,635.36699999999996,1790.2279,1738.37345246218,1414.33628246218,1564.0685426197076,5,30,37,78,67
98,30,36,AdaptiveCuttingAuction,0.1,0.01,10,True,,1000,10800,cats_reg_g30b150,True,abs,False,CATS,150,regions,MultiMinded,89,Balance,19.969999999999345,2779.0163,8,2131.76,620.35799999999995,2779.0163,2706.0417754752493,2265.5875954752496,2355.1717109213773,6,39,44,80,66
99,30,37,AdaptiveCuttingAuction,0.1,0.01,10,True,,1000,10800,cats_reg_g30b150,True,abs,False,CATS,150,regions,MultiMinded,195,Balance,107.25,2286.8288000000002,5,1573.72,543.00099999999998,2286.8288000000002,2260.0657256062982,2039.0257287133877,2122.0204860313061,8,46,23,94,67
100,30,32,AdaptiveCuttingAuction,0.1,0.01,10,True,,1000,10800,cats_reg_g30b150,True,abs,False,CATS,150,regions,MultiMinded,169,Balance,33.23000000000047,1906.0085,9,1496.95,591.39400000000001,1906.0085,1716.3133111617626,1250.1089732245887,1462.9741994015865,17,46,55,77,62
