idx,items,agents,auction_class,epsilon,stepc,epoch,scalebyvalue,reserve_type,maxiter,maxtime,generator_param_name,personalized,expstrat,int_prices,generator,bids,distribution,type,rounds,status,runtime,efficient_value,final_num_winners,final_max_agent_value,final_scalevalue,final_value,final_total_price,final_revenue,final_indirect_util,final_price_degree,final_price_sparsity,final_imbalance,final_wd_nvars,final_wd_ncons
1,30,36,AdaptiveCuttingAuction,0.025,0.08,10,True,,1000,10800,cats_reg_g30b150,True,abs,False,CATS,150,regions,MultiMinded,98,Balance,20.99000000000001,2502.8085,9,1712.02,630.28700000000003,2502.8085,2253.7298664339705,2143.4296414339706,2410.4024545558354,13,41,27,89,66
2,30,38,AdaptiveCuttingAuction,0.025,0.08,10,True,,1000,10800,cats_reg_g30b150,True,abs,False,CATS,150,regions,MultiMinded,148,Balance,54.75,2067.4249,5,1460.04,478.96600000000001,2067.4249,2048.3862176446682,1988.5154676446682,2028.5733526602803,7,44,10,89,68
3,30,36,AdaptiveCuttingAuction,0.025,0.08,10,True,,1000,10800,cats_reg_g30b150,True,abs,False,CATS,150,regions,MultiMinded,78,Balance,18.480000000000018,2226.2472000000002,4,1961.0,494.50999999999999,2214.4609,2128.7148806382238,2079.2638806382242,2193.1530413724035,25,45,20,78,66
4,30,38,AdaptiveCuttingAuction,0.025,0.08,10,True,,1000,10800,cats_reg_g30b150,True,abs,False,CATS,150,regions,MultiMinded,103,Balance,28.29000000000019,2004.9491999999998,11,1505.7,557.86300000000006,1956.5161999999998,1850.0954053007649,1696.6830803007651,1833.6619933071902,25,45,11,88,68
5,30,35,AdaptiveCuttingAuction,0.025,0.08,10,True,,1000,10800,cats_reg_g30b150,True,abs,False,CATS,150,regions,MultiMinded,79,Balance,16.579999999999927,1864.626,2,1703.97,505.12049999999999,1813.7730000000001,1770.8835037890369,1745.6274787890368,1804.2143828273386,1,30,22,79,65
6,30,35,AdaptiveCuttingAuction,0.025,0.08,10,True,,1000,10800,cats_reg_g30b150,True,abs,False,CATS,150,regions,MultiMinded,224,Balance,52.08999999999992,2116.0368,5,1959.83,614.52500000000009,2096.9018,2101.1303801657068,2024.3147551657069,2062.7043203270659,5,31,34,85,65
7,30,35,AdaptiveCuttingAuction,0.025,0.08,10,True,,1000,10800,cats_reg_g30b150,True,abs,False,CATS,150,regions,MultiMinded,102,Balance,24.37999999999988,2031.9575,6,1330.11,558.39999999999998,2031.9575,1914.1288233128873,1830.3688233128871,1968.2114129345239,6,41,11,79,65
8,30,35,AdaptiveCuttingAuction,0.025,0.08,10,True,,1000,10800,cats_reg_g30b150,True,abs,False,CATS,150,regions,MultiMinded,116,Balance,21.3900000000001,2027.57669,8,1379.5,642.28750000000002,2027.57669,1864.986291880633,1747.172320594173,1943.7718762483983,1,30,31,77,65
9,30,36,AdaptiveCuttingAuction,0.025,0.08,10,True,,1000,10800,cats_reg_g30b150,True,abs,False,CATS,150,regions,MultiMinded,157,Balance,41.13000000000011,1859.5272999999997,8,1542.29,443.88650000000001,1859.5272999999997,1737.7786113398897,1671.1956363398897,1823.8694462286994,8,42,27,81,66
10,30,34,AdaptiveCuttingAuction,0.025,0.08,10,True,,1000,10800,cats_reg_g30b150,True,abs,False,CATS,150,regions,MultiMinded,204,Balance,50.90000000000009,2566.974,5,2112.56,626.02300000000002,2566.974,2501.1780764623836,2422.9252014623835,2510.7125735346062,6,45,38,84,64
11,30,36,AdaptiveCuttingAuction,0.025,0.08,10,True,,1000,10800,cats_reg_g30b150,True,abs,False,CATS,150,regions,MultiMinded,82,Balance,16.699999999999818,2431.6115,4,2098.81,721.22149999999999,2431.6115,2280.446359681931,2226.3547471819315,2383.8842605641867,1,29,7,81,66
12,30,32,AdaptiveCuttingAuction,0.025,0.08,10,True,,1000,10800,cats_reg_g30b150,True,abs,False,CATS,150,regions,MultiMinded,246,Balance,67.16000000000008,1865.81568,6,1645.15,855.13049999999998,1829.0418999999997,1802.0692450191568,1673.799670019157,1734.9618508022638,25,43,40,85,62
13,30,35,AdaptiveCuttingAuction,0.025,0.08,10,True,,1000,10800,cats_reg_g30b150,True,abs,False,CATS,150,regions,MultiMinded,199,Balance,70.78999999999996,1773.5022000000001,5,1494.31,678.60900000000004,1756.9776,1703.6515936550163,1619.8898957089543,1675.5506979069853,25,69,27,96,65
14,30,32,AdaptiveCuttingAuction,0.025,0.08,10,True,,1000,10800,cats_reg_g30b150,True,abs,False,CATS,150,regions,MultiMinded,185,Balance,43.789999999999964,1980.1873000000003,6,1559.99,631.08900000000006,1786.686,1697.2441926765096,1602.5808426765095,1729.9871807659231,22,42,29,75,62
15,30,36,AdaptiveCuttingAuction,0.025,0.08,10,True,,1000,10800,cats_reg_g30b150,True,abs,False,CATS,150,regions,MultiMinded,76,Balance,15.829999999999927,2512.4141000000004,3,2312.23,781.00699999999995,2512.4141000000004,2446.0807098097343,2387.5051848097337,2466.1439376500739,1,29,2,78,66
16,30,34,AdaptiveCuttingAuction,0.025,0.08,10,True,,1000,10800,cats_reg_g30b150,True,abs,False,CATS,150,regions,MultiMinded,191,Balance,47.710000000000036,1929.452,4,1789.44,584.255,1909.1155,1855.0095086038093,1812.1068123991809,1878.2949149632943,7,43,26,84,64
17,30,33,AdaptiveCuttingAuction,0.025,0.08,10,True,,1000,10800,cats_reg_g30b150,True,abs,False,CATS,150,regions,MultiMinded,155,Balance,39.92000000000007,1934.7395999999999,7,1626.95,730.93200000000002,1934.7395999999999,1838.4847068706056,1726.5367513481256,1871.3611380167788,25,43,69,86,63
18,30,34,AdaptiveCuttingAuction,0.025,0.08,10,True,,1000,10800,cats_reg_g30b150,True,abs,False,CATS,150,regions,MultiMinded,138,Balance,34.799999999999955,2504.1384,4,1818.33,781.33600000000001,2504.1384,2449.601739935033,2371.4681399350334,2456.6799611481019,6,33,9,78,64
19,30,36,AdaptiveCuttingAuction,0.025,0.08,10,True,,1000,10800,cats_reg_g30b150,True,abs,False,CATS,150,regions,MultiMinded,49,Balance,17.920000000000073,2560.7110000000002,12,1508.06,549.71399999999994,2502.3390000000004,2211.7673529149906,2074.3388529149902,2372.1775943220382,11,39,4,77,66
20,30,37,AdaptiveCuttingAuction,0.025,0.08,10,True,,1000,10800,cats_reg_g30b150,True,abs,False,CATS,150,regions,MultiMinded,124,Balance,49.24000000000001,1801.7813999999998,8,1490.47,395.125,1784.6365,1745.8515986500793,1666.8265986500794,1728.9684003171799,19,53,30,95,67
21,30,33,AdaptiveCuttingAuction,0.025,0.08,10,True,,1000,10800,cats_reg_g30b150,True,abs,False,CATS,150,regions,MultiMinded,229,Balance,49.49000000000001,1553.7635,3,1374.19,778.39550000000008,1553.7635,1522.3520585697713,1463.9723960697713,1522.8638648366937,13,43,31,76,63
22,30,38,AdaptiveCuttingAuction,0.025,0.08,10,True,,1000,10800,cats_reg_g30b150,True,abs,False,CATS,150,regions,MultiMinded,180,Balance,54.190000000000055,2312.252,6,2123.59,638.69949999999994,2312.252,2309.3188871383236,2213.5139621383232,2252.9510313984338,19,45,37,90,68
23,30,38,AdaptiveCuttingAuction,0.025,0.08,10,True,,1000,10800,cats_reg_g30b150,True,abs,False,CATS,150,regions,MultiMinded,61,Balance,21.04000000000019,2354.8725,7,1818.1,597.00800000000004,2354.8725,2163.4853748092901,2067.1798003257277,2266.4626317600591,12,47,10,87,68
24,30,35,AdaptiveCuttingAuction,0.025,0.08,10,True,,1000,10800,cats_reg_g30b150,True,abs,False,CATS,150,regions,MultiMinded,129,Balance,31.539999999999964,1892.4884,10,1241.36,538.58849999999995,1892.4884,1807.1891454106928,1673.3868193602202,1794.3162635108679,8,45,22,85,65
25,30,33,AdaptiveCuttingAuction,0.025,0.08,10,True,,1000,10800,cats_reg_g30b150,True,abs,False,CATS,150,regions,MultiMinded,203,Balance,45.450000000000045,1741.0822999999998,4,1538.41,861.41849999999999,1692.8544000000002,1613.3457503540351,1559.2734922096367,1663.4935815330673,12,44,25,86,63
26,30,34,AdaptiveCuttingAuction,0.025,0.08,10,True,,1000,10800,cats_reg_g30b150,True,abs,False,CATS,150,regions,MultiMinded,500,Balance,138.66999999999985,2008.668,3,1919.5,424.82100000000003,2008.668,1960.7056813619777,1939.4646313619776,1997.2165737694872,6,45,32,80,64
27,30,32,AdaptiveCuttingAuction,0.025,0.08,10,True,,1000,10800,cats_reg_g30b150,True,abs,False,CATS,150,regions,MultiMinded,113,Balance,26.799999999999955,2175.2061,5,1890.21,644.31150000000002,2107.6371,2051.7397148608616,1971.2007773608614,2036.0253505712949,9,42,8,80,62
28,30,37,AdaptiveCuttingAuction,0.025,0.08,10,True,,1000,10800,cats_reg_g30b150,True,abs,False,CATS,150,regions,MultiMinded,133,Balance,37.419999999999845,2040.43179,10,1615.6,517.23699999999997,2031.7835999999998,1972.2550218034121,1855.8766968034126,1959.0236990183741,8,39,21,84,67
29,30,33,AdaptiveCuttingAuction,0.025,0.08,10,True,,1000,10800,cats_reg_g30b150,True,abs,False,CATS,150,regions,MultiMinded,167,Balance,44.02999999999997,2111.632,9,1854.64,708.57899999999995,2111.632,2085.037094393223,1925.6068193932226,1986.6803626128374,8,46,44,89,63
30,30,35,AdaptiveCuttingAuction,0.025,0.08,10,True,,1000,10800,cats_reg_g30b150,True,abs,False,CATS,150,regions,MultiMinded,171,Balance,57.90000000000009,2323.0769999999998,9,1594.17,462.18150000000003,2202.2282,2088.9964547269437,1985.0056172269437,2123.0652804867223,16,49,16,87,65
31,30,34,AdaptiveCuttingAuction,0.025,0.08,10,True,,1000,10800,cats_reg_g30b150,True,abs,False,CATS,150,regions,MultiMinded,77,Balance,14.8599999999999,2659.4860000000003,6,2167.09,585.07799999999997,2659.4860000000003,2482.1360164661278,2412.3815020321331,2603.5808541655197,1,28,9,75,64
32,30,37,AdaptiveCuttingAuction,0.025,0.08,10,True,,1000,10800,cats_reg_g30b150,True,abs,False,CATS,150,regions,MultiMinded,175,Balance,58.75999999999999,1999.8556999999998,6,1545.46,522.50199999999995,1923.6037,1918.413797538584,1842.5524279081546,1875.2119328200833,7,46,42,92,67
33,30,37,AdaptiveCuttingAuction,0.025,0.08,10,True,,1000,10800,cats_reg_g30b150,True,abs,False,CATS,150,regions,MultiMinded,132,Balance,35.92000000000007,1805.9524000000001,4,1582.17,487.50400000000002,1805.9524000000001,1669.7226715661072,1633.1598715661073,1769.3896000000002,9,44,0,91,67
34,30,39,AdaptiveCuttingAuction,0.025,0.08,10,True,,1000,10800,cats_reg_g30b150,True,abs,False,CATS,150,regions,MultiMinded,222,Balance,82.32999999999993,1983.6001999999999,8,1564.76,623.41200000000003,1983.6001999999999,1991.4367358300879,1866.7543358300882,1902.4272263154189,15,42,42,88,69
35,30,38,AdaptiveCuttingAuction,0.025,0.08,10,True,,1000,10800,cats_reg_g30b150,True,abs,False,CATS,150,regions,MultiMinded,124,Balance,40.309999999999945,2341.4052,8,1755.59,637.298,2341.4052,2237.6903345796786,2110.2307345796789,2229.7055018390879,25,45,7,94,68
36,30,33,AdaptiveCuttingAuction,0.025,0.08,10,True,,1000,10800,cats_reg_g30b150,True,abs,False,CATS,150,regions,MultiMinded,204,Balance,75.31999999999994,2136.9992,6,1693.26,587.83249999999998,2087.04,2086.3411519366223,1998.1662769366217,2046.8161274707431,27,64,53,92,63
37,30,34,AdaptiveCuttingAuction,0.025,0.08,10,True,,1000,10800,cats_reg_g30b150,True,abs,False,CATS,150,regions,MultiMinded,372,Balance,81.46000000000004,1991.3467,4,1812.59,701.23299999999995,1991.3467,1900.5929268156208,1830.4696268156208,1947.280135780109,25,45,23,81,64
38,30,40,AdaptiveCuttingAuction,0.025,0.08,10,True,,1000,10800,cats_reg_g30b150,True,abs,False,CATS,150,regions,MultiMinded,130,Balance,44.299999999999955,2724.0288,5,2153.9,576.38300000000004,2647.3538000000003,2508.8642728146256,2442.7015122086627,2583.0683543347282,24,47,23,87,70
39,30,30,AdaptiveCuttingAuction,0.025,0.08,10,True,,1000,10800,cats_reg_g30b150,True,abs,False,CATS,150,regions,MultiMinded,188,Balance,40.75,1968.0602,4,1918.66,764.726,1968.0602,1970.44245888758,1893.9698588875801,1937.6450599211848,13,44,22,74,60
40,30,33,AdaptiveCuttingAuction,0.025,0.08,10,True,,1000,10800,cats_reg_g30b150,True,abs,False,CATS,150,regions,MultiMinded,88,Balance,17.779999999999973,1942.0583000000001,3,1674.34,688.69799999999998,1942.0583000000001,1951.5515827713039,1899.899232771304,1904.6461729057016,1,30,26,78,63
41,30,35,AdaptiveCuttingAuction,0.025,0.08,10,True,,1000,10800,cats_reg_g30b150,True,abs,False,CATS,150,regions,MultiMinded,102,Balance,26.36999999999989,1877.7214099999999,8,1423.29,646.35299999999995,1811.2750099999996,1776.8133483514887,1673.4289238391796,1774.9395708670818,12,43,54,82,65
42,30,32,AdaptiveCuttingAuction,0.025,0.08,10,True,,1000,10800,cats_reg_g30b150,True,abs,False,CATS,150,regions,MultiMinded,106,Balance,24.950000000000045,2111.841,4,1703.5,646.17399999999998,2111.841,2088.2337709320886,2023.6163709320883,2080.9942850485895,11,48,12,80,62
43,30,40,AdaptiveCuttingAuction,0.025,0.08,10,True,,1000,10800,cats_reg_g30b150,True,abs,False,CATS,150,regions,MultiMinded,154,Balance,39.25,2446.7208,6,1927.69,685.90899999999999,2446.7208,2271.1395674665646,2185.4009424665646,2360.9821750000001,16,41,0,91,70
44,30,35,AdaptiveCuttingAuction,0.025,0.08,10,True,,1000,10800,cats_reg_g30b150,True,abs,False,CATS,150,regions,MultiMinded,152,Balance,48.25999999999999,1711.1515999999997,6,1299.51,651.40899999999999,1607.6064999999999,1525.6525484112703,1427.9411984112699,1546.8760505914386,16,45,55,86,65
45,30,38,AdaptiveCuttingAuction,0.025,0.08,10,True,,1000,10800,cats_reg_g30b150,True,abs,False,CATS,150,regions,MultiMinded,186,Balance,59.809999999999945,2034.5094,6,1828.07,742.07299999999998,2034.5094,2040.7279642699875,1937.4861590738151,1955.0916135157986,20,50,16,90,68
46,30,31,AdaptiveCuttingAuction,0.025,0.08,10,True,,1000,10800,cats_reg_g30b150,True,abs,False,CATS,150,regions,MultiMinded,64,Balance,13.009999999999991,2564.0325000000003,4,2373.4,807.26099999999997,2564.0325000000003,2440.2438650387562,2380.9655132217508,2520.19262623748,6,40,14,70,61
47,30,37,AdaptiveCuttingAuction,0.025,0.08,10,True,,1000,10800,cats_reg_g30b150,True,abs,False,CATS,150,regions,MultiMinded,164,Balance,30.36999999999989,2233.1322,7,1669.44,664.97900000000004,2233.1322,2069.1974091452744,1961.6679733154228,2146.5923840487108,1,30,14,83,67
48,30,35,AdaptiveCuttingAuction,0.025,0.08,10,True,,1000,10800,cats_reg_g30b150,True,abs,False,CATS,150,regions,MultiMinded,135,Balance,48.08999999999992,2069.4358,7,1826.01,556.24350000000004,2050.2718,1955.309102436396,1857.9664899363959,1970.9009482077058,25,50,11,90,65
49,30,30,AdaptiveCuttingAuction,0.025,0.08,10,True,,1000,10800,cats_reg_g30b150,True,abs,False,CATS,150,regions,MultiMinded,141,Balance,27.25,1979.7895999999998,8,1594.07,673.82600000000002,1974.7225999999998,1835.0124822945249,1712.0461953712336,1877.9365462659939,7,39,21,77,60
50,30,33,AdaptiveCuttingAuction,0.025,0.08,10,True,,1000,10800,cats_reg_g30b150,True,abs,False,CATS,150,regions,MultiMinded,150,Balance,38.52999999999997,2110.6722999999997,7,1335.35,460.47550000000001,2110.6722999999997,2022.3486686081894,1953.2773436081893,2073.6649937497446,9,42,21,85,63
51,30,37,AdaptiveCuttingAuction,0.025,0.08,10,True,,1000,10800,cats_reg_g30b150,True,abs,False,CATS,150,regions,MultiMinded,60,Balance,12.259999999999991,2245.4244000000003,6,1882.26,597.73699999999997,2245.4244000000003,2207.5107600224692,2132.7936350224695,2185.611883915356,1,28,24,87,67
52,30,32,AdaptiveCuttingAuction,0.025,0.08,10,True,,1000,10800,cats_reg_g30b150,True,abs,False,CATS,150,regions,MultiMinded,99,Balance,17.539999999999964,1756.6213,6,1409.87,556.45500000000004,1756.6213,1665.0248198364791,1581.5565698364794,1685.8619145761345,26,41,10,72,62
53,30,34,AdaptiveCuttingAuction,0.025,0.08,10,True,,1000,10800,cats_reg_g30b150,True,abs,False,CATS,150,regions,MultiMinded,166,Balance,36.789999999999964,2325.6629000000003,10,1796.97,570.23000000000002,2325.6629000000003,2178.3169741683287,2040.9352726711152,2189.7348337308608,23,47,6,82,64
54,30,37,AdaptiveCuttingAuction,0.025,0.08,10,True,,1000,10800,cats_reg_g30b150,True,abs,False,CATS,150,regions,MultiMinded,101,Balance,25.470000000000027,2355.424,6,2152.9,670.553,2355.424,2294.5240207512816,2210.7048957512816,2283.3908474478399,13,41,49,86,67
55,30,33,AdaptiveCuttingAuction,0.025,0.08,10,True,,1000,10800,cats_reg_g30b150,True,abs,False,CATS,150,regions,MultiMinded,90,Balance,20.3599999999999,2078.1524999999997,10,1352.37,548.28150000000005,2078.1524999999997,2053.4969921536863,1916.4266171536858,1994.9417935670808,14,43,27,84,63
56,30,39,AdaptiveCuttingAuction,0.025,0.08,10,True,,1000,10800,cats_reg_g30b150,True,abs,False,CATS,150,regions,MultiMinded,135,Balance,35.26999999999998,1893.3772000000004,10,1498.24,591.42200000000003,1888.8312000000003,1813.7676918040634,1680.6977418040631,1798.1926661896539,8,43,20,91,69
57,30,36,AdaptiveCuttingAuction,0.025,0.08,10,True,,1000,10800,cats_reg_g30b150,True,abs,False,CATS,150,regions,MultiMinded,90,Balance,30.980000000000018,1899.5301999999997,8,1604.44,621.16750000000002,1899.5301999999997,1873.1393966310409,1748.9058966310404,1815.0421149689962,25,57,45,87,66
58,30,36,AdaptiveCuttingAuction,0.025,0.08,10,True,,1000,10800,cats_reg_g30b150,True,abs,False,CATS,150,regions,MultiMinded,193,Balance,57.58999999999992,2429.6093,6,2057.42,832.86300000000006,2429.6093,2300.1070648509299,2195.9991898509302,2346.8932282001892,25,43,51,84,66
59,30,39,AdaptiveCuttingAuction,0.025,0.08,10,True,,1000,10800,cats_reg_g30b150,True,abs,False,CATS,150,regions,MultiMinded,257,Balance,72.76999999999998,2064.9126,5,1772.9,622.28800000000001,2023.1066,1942.1455138268893,1864.3595138268895,2006.9835452114778,22,50,65,96,69
60,30,35,AdaptiveCuttingAuction,0.025,0.08,10,True,,1000,10800,cats_reg_g30b150,True,abs,False,CATS,150,regions,MultiMinded,717,Balance,143.4799999999998,1956.0875,7,1842.74,450.80399999999997,1937.2965,1875.2694144275183,1807.6488144275186,1882.2419212802292,10,35,32,76,65
61,30,37,AdaptiveCuttingAuction,0.025,0.08,10,True,,1000,10800,cats_reg_g30b150,True,abs,False,CATS,150,regions,MultiMinded,169,Balance,58.23999999999978,1951.6029999999998,7,1560.47,530.9905,1951.6029999999998,1946.8851378297729,1853.961800329773,1879.4634794522945,17,64,18,97,67
62,30,34,AdaptiveCuttingAuction,0.025,0.08,10,True,,1000,10800,cats_reg_g30b150,True,abs,False,CATS,150,regions,MultiMinded,154,Balance,31.560000000000173,1978.0167,6,1737.89,582.94900000000007,1978.0167,1931.0943362306059,1843.6519862306059,1906.5244647534296,15,45,18,79,64
63,30,30,AdaptiveCuttingAuction,0.025,0.08,10,True,,1000,10800,cats_reg_g30b150,True,abs,False,CATS,150,regions,MultiMinded,110,Balance,19.00999999999999,2547.4234,5,1821.34,869.476,2547.4234,2481.8043135711141,2380.7950692143995,2468.2689834216762,1,30,51,76,60
64,30,34,AdaptiveCuttingAuction,0.025,0.08,10,True,,1000,10800,cats_reg_g30b150,True,abs,False,CATS,150,regions,MultiMinded,108,Balance,23.440000000000055,2427.9729,8,1844.14,792.92899999999997,2427.9729,2301.309216414742,2142.7234164147417,2281.0421777909951,6,33,13,80,64
65,30,36,AdaptiveCuttingAuction,0.025,0.08,10,True,,1000,10800,cats_reg_g30b150,True,abs,False,CATS,150,regions,MultiMinded,145,Balance,39.940000000000055,2209.3287,10,1779.98,732.52250000000004,2142.4379,2082.3101175675874,1899.1794925675877,1998.0293379211505,26,45,46,89,66
66,30,30,AdaptiveCuttingAuction,0.025,0.08,10,True,,1000,10800,cats_reg_g30b150,True,abs,False,CATS,150,regions,MultiMinded,120,Balance,22.190000000000282,2387.3904,2,2290.03,553.03500000000008,2387.3904,2341.2925518032948,2313.6408018032948,2366.7584018032949,1,29,25,71,60
67,30,41,AdaptiveCuttingAuction,0.025,0.08,10,True,,1000,10800,cats_reg_g30b150,True,abs,False,CATS,150,regions,MultiMinded,730,Balance,283.8100000000002,2130.5865999999996,8,1569.3,447.20299999999997,2114.4146,1995.7800620683613,1906.3394620683614,2040.9113721581264,18,64,16,98,71
68,30,34,AdaptiveCuttingAuction,0.025,0.08,10,True,,1000,10800,cats_reg_g30b150,True,abs,False,CATS,150,regions,MultiMinded,132,Balance,36.41000000000008,1871.0335999999998,8,1491.62,623.48450000000003,1871.0335999999998,1884.4921425085972,1759.7952425085971,1780.5710200000376,7,40,32,88,64
69,30,34,AdaptiveCuttingAuction,0.025,0.08,10,True,,1000,10800,cats_reg_g30b150,True,abs,False,CATS,150,regions,MultiMinded,118,Balance,25.75999999999999,2248.1536,8,1918.69,909.28949999999998,2248.1536,2195.7843037602861,2022.4056252098658,2125.2118655676977,1,29,20,79,64
70,30,32,AdaptiveCuttingAuction,0.025,0.08,10,True,,1000,10800,cats_reg_g30b150,True,abs,False,CATS,150,regions,MultiMinded,151,Balance,29.279999999999973,2074.3614,4,1794.89,671.03600000000006,1998.6884,1944.7878108997124,1880.9874603254989,1986.6403421316099,1,30,81,72,62
71,30,30,AdaptiveCuttingAuction,0.025,0.08,10,True,,1000,10800,cats_reg_g30b150,True,abs,False,CATS,150,regions,MultiMinded,230,Balance,51.50999999999976,2107.4125,3,1919.92,672.68100000000004,2107.4125,2041.7879655055799,1991.3368905055797,2108.0069542700089,12,41,43,80,60
72,30,35,AdaptiveCuttingAuction,0.025,0.08,10,True,,1000,10800,cats_reg_g30b150,True,abs,False,CATS,150,regions,MultiMinded,112,Balance,21.570000000000164,1946.4843000000003,8,1216.53,554.09649999999999,1946.4843000000003,1810.2108518210971,1701.3841061102748,1882.5385905769331,1,30,39,78,65
73,30,35,AdaptiveCuttingAuction,0.025,0.08,10,True,,1000,10800,cats_reg_g30b150,True,abs,False,CATS,150,regions,MultiMinded,688,Balance,226.07999999999993,1852.6272999999999,10,1445.38,663.03899999999999,1800.6158999999998,1779.4612543066512,1613.7015043066515,1682.7551018393351,25,63,14,92,65
74,30,31,AdaptiveCuttingAuction,0.025,0.08,10,True,,1000,10800,cats_reg_g30b150,True,abs,False,CATS,150,regions,MultiMinded,177,Balance,35.51000000000022,2020.0417,6,1744.34,781.83899999999994,2020.0417,2013.3557490639143,1896.0798990639144,1915.9525897910785,1,30,19,76,61
75,30,39,AdaptiveCuttingAuction,0.025,0.08,10,True,,1000,10800,cats_reg_g30b150,True,abs,False,CATS,150,regions,MultiMinded,158,Balance,72.36999999999989,2549.9302,9,1890.83,637.39099999999996,2489.9611999999997,2407.1032056612657,2268.6341947649707,2377.4751833337309,27,70,17,98,69
76,30,36,AdaptiveCuttingAuction,0.025,0.08,10,True,,1000,10800,cats_reg_g30b150,True,abs,False,CATS,150,regions,MultiMinded,129,Balance,31.420000000000073,1970.4382,5,1633.82,405.01099999999997,1957.2915,1948.9792841920175,1898.3529091920175,1925.3492363933558,20,41,11,82,66
77,30,34,AdaptiveCuttingAuction,0.025,0.08,10,True,,1000,10800,cats_reg_g30b150,True,abs,False,CATS,150,regions,MultiMinded,221,Balance,46.76999999999998,1646.3148,2,1576.38,831.28949999999998,1646.3148,1662.0619481355536,1620.4974731355535,1620.4974731355535,1,30,28,80,64
78,30,34,AdaptiveCuttingAuction,0.025,0.08,10,True,,1000,10800,cats_reg_g30b150,True,abs,False,CATS,150,regions,MultiMinded,110,Balance,24.43000000000029,2412.1546,7,1881.66,768.41550000000007,2345.1620999999996,2325.1241964459959,2209.8618714459967,2313.7194563939547,1,986,47,81,64
79,30,29,AdaptiveCuttingAuction,0.025,0.08,10,True,,1000,10800,cats_reg_g30b150,True,abs,False,CATS,150,regions,MultiMinded,445,Balance,103.10999999999967,2267.359,5,2060.3,919.01300000000003,2255.609,2232.624146432684,2117.7475214326832,2184.238223672653,11,44,62,81,59
80,30,37,AdaptiveCuttingAuction,0.025,0.08,10,True,,1000,10800,cats_reg_g30b150,True,abs,False,CATS,150,regions,MultiMinded,133,Balance,38.13000000000011,2112.5864,6,1592.54,576.49599999999998,2047.4059000000002,1966.1124156999306,1880.8536174994524,2007.3764153090469,27,47,59,87,67
81,30,33,AdaptiveCuttingAuction,0.025,0.08,10,True,,1000,10800,cats_reg_g30b150,True,abs,False,CATS,150,regions,MultiMinded,83,Balance,14.849999999999909,1652.215,4,1316.69,725.81600000000003,1650.6599999999999,1620.8141865961718,1548.2325865961718,1608.6335796531923,1,30,18,71,63
82,30,35,AdaptiveCuttingAuction,0.025,0.08,10,True,,1000,10800,cats_reg_g30b150,True,abs,False,CATS,150,regions,MultiMinded,129,Balance,44.01999999999998,2109.0315,7,1900.31,619.13249999999994,2109.0315,2102.0889958272937,1995.2295757639665,2055.6941659719155,24,63,52,91,65
83,30,32,AdaptiveCuttingAuction,0.025,0.08,10,True,,1000,10800,cats_reg_g30b150,True,abs,False,CATS,150,regions,MultiMinded,87,Balance,19.299999999999727,2576.43019,7,2027.96,1059.6700000000001,2576.43019,2525.7853472179581,2345.0454679200202,2417.3682568719087,26,45,4,76,62
84,30,34,AdaptiveCuttingAuction,0.025,0.08,10,True,,1000,10800,cats_reg_g30b150,True,abs,False,CATS,150,regions,MultiMinded,255,Balance,100.29000000000042,1983.6759000000002,8,1485.27,650.14099999999996,1970.4728,1898.5627051619579,1768.5345051619577,1876.8633361507254,17,57,38,93,64
85,30,33,AdaptiveCuttingAuction,0.025,0.08,10,True,,1000,10800,cats_reg_g30b150,True,abs,False,CATS,150,regions,MultiMinded,77,Balance,13.809999999999945,1650.3177,5,1136.81,534.83399999999995,1650.3177,1606.6865980662142,1539.8323480662141,1629.3858221234721,1,30,37,80,63
86,30,37,AdaptiveCuttingAuction,0.025,0.08,10,True,,1000,10800,cats_reg_g30b150,True,abs,False,CATS,150,regions,MultiMinded,365,Balance,63.7800000000002,2073.2363,6,1605.13,504.47649999999999,2069.3503,1923.5888990484505,1847.9174240484504,2006.1941170687337,8,33,10,78,67
87,30,34,AdaptiveCuttingAuction,0.025,0.08,10,True,,1000,10800,cats_reg_g30b150,True,abs,False,CATS,150,regions,MultiMinded,168,Balance,45.42000000000007,2161.5317,10,1611.82,461.19499999999999,2161.5317,2063.328807302119,1959.559932302119,2084.6391390810304,10,45,14,85,64
88,30,35,AdaptiveCuttingAuction,0.025,0.08,10,True,,1000,10800,cats_reg_g30b150,True,abs,False,CATS,150,regions,MultiMinded,151,Balance,42.40000000000009,1960.6723,9,1579.4,529.16499999999996,1950.6343,1871.039975008279,1766.0369927976053,1875.5818116603302,7,40,26,85,65
89,30,40,AdaptiveCuttingAuction,0.025,0.08,10,True,,1000,10800,cats_reg_g30b150,True,abs,False,CATS,150,regions,MultiMinded,85,Balance,39.38999999999987,2103.4608,12,1324.86,455.78500000000003,1933.7631000000001,1618.0316168478391,1515.4799918478395,1849.4028644211298,25,41,16,85,70
90,30,36,AdaptiveCuttingAuction,0.025,0.08,10,True,,1000,10800,cats_reg_g30b150,True,abs,False,CATS,150,regions,MultiMinded,99,Balance,23.7800000000002,2252.2093,7,1749.09,686.99800000000005,2252.2093,2098.5598928645118,2000.8389368400578,2187.0210225731125,8,42,18,85,66
91,30,37,AdaptiveCuttingAuction,0.025,0.08,10,True,,1000,10800,cats_reg_g30b150,True,abs,False,CATS,150,regions,MultiMinded,69,Balance,16.36999999999989,2533.4677,9,1557.05,605.50300000000004,2524.7637,2225.7712513228444,2104.6706513228446,2435.941928647122,6,32,20,76,67
92,30,37,AdaptiveCuttingAuction,0.025,0.08,10,True,,1000,10800,cats_reg_g30b150,True,abs,False,CATS,150,regions,MultiMinded,92,Balance,26.13000000000011,2087.0795,9,1557.29,467.12700000000001,2087.0795,2002.6238731673584,1897.5202981673583,1996.6947263415641,8,43,5,86,67
93,30,34,AdaptiveCuttingAuction,0.025,0.08,10,True,,1000,10800,cats_reg_g30b150,True,abs,False,CATS,150,regions,MultiMinded,74,Balance,18.579999999999927,2220.4165999999996,8,1477.09,531.97949999999992,2187.6236,2041.9635162018346,1935.5676162018349,2104.0953808207746,12,40,16,74,64
94,30,33,AdaptiveCuttingAuction,0.025,0.08,10,True,,1000,10800,cats_reg_g30b150,True,abs,False,CATS,150,regions,MultiMinded,209,Balance,68.65000000000009,2089.1439,6,1850.23,583.02999999999997,2075.2699000000002,1899.0726751462576,1840.7696751462577,2053.7020283256961,27,61,53,81,63
95,30,36,AdaptiveCuttingAuction,0.025,0.08,10,True,,1000,10800,cats_reg_g30b150,True,abs,False,CATS,150,regions,MultiMinded,164,Balance,43.41000000000031,2218.1557,7,1747.55,732.99250000000006,2218.1557,2202.7277671631232,2074.4540796631231,2119.9119903964006,11,46,17,85,66
96,30,33,AdaptiveCuttingAuction,0.025,0.08,10,True,,1000,10800,cats_reg_g30b150,True,abs,False,CATS,150,regions,MultiMinded,125,Balance,28.329999999999927,1873.9284000000002,4,1690.89,555.43200000000002,1873.9284000000002,1861.4639090474102,1805.9207090474101,1825.3350603670287,8,36,25,78,63
97,30,37,AdaptiveCuttingAuction,0.025,0.08,10,True,,1000,10800,cats_reg_g30b150,True,abs,False,CATS,150,regions,MultiMinded,127,Balance,32.5,1853.4531000000002,10,1334.16,635.36699999999996,1780.1541000000002,1685.2368210947584,1543.2758462341312,1675.2399534472897,7,42,29,88,67
98,30,36,AdaptiveCuttingAuction,0.025,0.08,10,True,,1000,10800,cats_reg_g30b150,True,abs,False,CATS,150,regions,MultiMinded,85,Balance,17.480000000000018,2779.0163,8,2131.76,620.35799999999995,2779.0163,2741.6853324829926,2617.6137324829929,2683.3264421041572,5,36,33,79,66
99,30,37,AdaptiveCuttingAuction,0.025,0.08,10,True,,1000,10800,cats_reg_g30b150,True,abs,False,CATS,150,regions,MultiMinded,114,Balance,37.210000000000036,2286.8288000000002,5,1573.72,543.00099999999998,2286.8288000000002,2220.2228229508555,2165.9227229508551,2260.9609348163399,8,42,17,86,67
100,30,32,AdaptiveCuttingAuction,0.025,0.08,10,True,,1000,10800,cats_reg_g30b150,True,abs,False,CATS,150,regions,MultiMinded,775,Balance,175.5999999999999,1906.0085,9,1496.95,591.39400000000001,1821.3545,1838.8485757735552,1705.7849257735552,1720.8747902817818,1,960,46,78,62
