idx,items,agents,auction_class,epsilon,stepc,epoch,scalebyvalue,reserve_type,maxiter,maxtime,generator_param_name,personalized,expstrat,int_prices,generator,bids,distribution,type,rounds,status,runtime,efficient_value,final_num_winners,final_max_agent_value,final_scalevalue,final_value,final_total_price,final_revenue,final_indirect_util,final_price_degree,final_price_sparsity,final_imbalance,final_wd_nvars,final_wd_ncons
1,10,17,AdaptiveCuttingAuction,0.1,0.08,10,True,,1000,10800,cats_reg_g10b50,True,abs,False,CATS,50,regions,MultiMinded,48,Balance,2.2299999999995634,681.0817,3,513.163,288.52699999999999,663.8767,679.12677478066087,592.56867478066079,608.58395560415795,1,10,7,40,27
2,10,19,AdaptiveCuttingAuction,0.1,0.08,10,True,,1000,10800,cats_reg_g10b50,True,abs,False,CATS,50,regions,MultiMinded,28,Balance,1.3800000000001091,734.1289999999999,3,640.313,226.71899999999999,734.1289999999999,720.7933830080226,652.77768300802256,705.16322875973231,4,13,13,39,29
3,10,17,AdaptiveCuttingAuction,0.1,0.08,10,True,,1000,10800,cats_reg_g10b50,True,abs,False,CATS,50,regions,MultiMinded,37,Balance,2.0799999999999272,804.4359999999999,3,797.452,310.25200000000001,804.4359999999999,806.77531676810702,713.69971676810701,776.01250263186523,1,10,26,39,27
4,10,14,AdaptiveCuttingAuction,0.1,0.08,10,True,,1000,10800,cats_reg_g10b50,True,abs,False,CATS,50,regions,MultiMinded,17,Balance,0.6700000000000728,574.909,2,568.922,272.93700000000001,574.909,570.18161224243283,515.59421224243283,536.53358919796938,1,10,5,31,24
5,10,21,AdaptiveCuttingAuction,0.1,0.08,10,True,,1000,10800,cats_reg_g10b50,True,abs,False,CATS,50,regions,MultiMinded,50,Balance,2.550000000000182,650.6363,2,619.701,342.60149999999999,650.6363,663.86168151564948,597.43175512245557,604.85121906402185,1,10,18,43,31
6,10,17,AdaptiveCuttingAuction,0.1,0.08,10,True,,1000,10800,cats_reg_g10b50,True,abs,False,CATS,50,regions,MultiMinded,461,Balance,22.779999999999745,834.2848,4,784.19,470.66899999999998,834.2848,842.52949721200491,673.94489639259348,680.93842386938172,8,17,15,37,27
7,10,21,AdaptiveCuttingAuction,0.1,0.08,10,True,,1000,10800,cats_reg_g10b50,True,abs,False,CATS,50,regions,MultiMinded,52,Balance,3.4200000000000728,854.667,4,696.341,343.76999999999998,843.06,873.92538016380161,736.41738016380157,748.86750352127979,7,15,10,46,31
8,10,18,AdaptiveCuttingAuction,0.1,0.08,10,True,,1000,10800,cats_reg_g10b50,True,abs,False,CATS,50,regions,MultiMinded,82,Balance,4.380000000000109,663.572,3,592.441,275.35000000000002,663.572,651.65701940427812,569.0520194042781,592.63063916552403,7,15,11,39,28
9,10,18,AdaptiveCuttingAuction,0.1,0.08,10,True,,1000,10800,cats_reg_g10b50,True,abs,False,CATS,50,regions,MultiMinded,23,Balance,1.0399999999999636,724.6032999999999,4,611.583,280.12,724.6032999999999,710.10376266540732,598.0557626654072,628.28674696302312,1,10,8,37,28
10,10,23,AdaptiveCuttingAuction,0.1,0.08,10,True,,1000,10800,cats_reg_g10b50,True,abs,False,CATS,50,regions,MultiMinded,52,Balance,3.139999999999418,946.3547,4,784.828,433.57950000000005,946.3547,928.0785798231359,789.84425993800335,844.52378254823179,1,10,2,48,33
11,10,16,AdaptiveCuttingAuction,0.1,0.08,10,True,,1000,10800,cats_reg_g10b50,True,abs,False,CATS,50,regions,MultiMinded,65,Balance,3.3200000000006185,724.662,1,724.662,403.49950000000001,684.58,707.35603303641767,667.00608303641764,695.19780900465628,8,14,20,37,26
12,10,16,AdaptiveCuttingAuction,0.1,0.08,10,True,,1000,10800,cats_reg_g10b50,True,abs,False,CATS,50,regions,MultiMinded,36,Balance,1.75,522.114,1,522.114,283.13549999999998,522.114,516.29880267723149,487.98525267723147,504.55466371855692,1,10,8,40,26
13,10,17,AdaptiveCuttingAuction,0.1,0.08,10,True,,1000,10800,cats_reg_g10b50,True,abs,False,CATS,50,regions,MultiMinded,25,Balance,1.2899999999999636,778.1078,2,718.401,353.04300000000001,778.1078,784.01329232423871,713.40469232423868,740.83563487530569,1,10,22,36,27
14,10,17,AdaptiveCuttingAuction,0.1,0.08,10,True,,1000,10800,cats_reg_g10b50,True,abs,False,CATS,50,regions,MultiMinded,25,Balance,1.0800000000008367,588.9796,2,575.883,307.69200000000001,588.9796,599.1728198097245,561.13643035755706,577.21660733368503,1,10,15,34,27
15,10,17,AdaptiveCuttingAuction,0.1,0.08,10,True,,1000,10800,cats_reg_g10b50,True,abs,False,CATS,50,regions,MultiMinded,48,Balance,2.480000000000473,634.994,2,600.13,422.91899999999998,634.994,669.4993756293909,584.91557562939079,584.91557562939079,9,15,9,36,27
16,10,26,AdaptiveCuttingAuction,0.1,0.08,10,True,,1000,10800,cats_reg_g10b50,True,abs,False,CATS,50,regions,MultiMinded,90,Balance,5.470000000000255,519.6692,2,485.933,278.584,519.6692,525.16964890240149,469.45284890240151,470.93053199830922,9,15,9,53,36
17,10,16,AdaptiveCuttingAuction,0.1,0.08,10,True,,1000,10800,cats_reg_g10b50,True,abs,False,CATS,50,regions,MultiMinded,15,Balance,0.6400000000003274,910.0260000000001,3,815.656,322.738,910.0260000000001,917.62201642161722,820.80061642161718,875.41386571829321,1,10,13,33,26
18,10,18,AdaptiveCuttingAuction,0.1,0.08,10,True,,1000,10800,cats_reg_g10b50,True,abs,False,CATS,50,regions,MultiMinded,30,Balance,1.3400000000001455,982.461,2,932.103,367.83500000000004,982.461,1003.7357849066969,930.16878490669694,975.93679931497206,1,10,21,39,28
19,10,19,AdaptiveCuttingAuction,0.1,0.08,10,True,,1000,10800,cats_reg_g10b50,True,abs,False,CATS,50,regions,MultiMinded,54,Balance,2.869999999999891,903.4849999999999,2,826.774,559.33850000000007,903.4849999999999,983.94961657875376,872.08191657875375,872.08191657875375,8,16,9,42,29
20,10,21,AdaptiveCuttingAuction,0.1,0.08,10,True,,1000,10800,cats_reg_g10b50,True,abs,False,CATS,50,regions,MultiMinded,57,Balance,3.4099999999998545,780.3014999999999,6,637.779,268.37200000000001,780.3014999999999,684.17584975941315,523.15264975941318,651.98884432033128,3,16,20,46,31
21,10,17,AdaptiveCuttingAuction,0.1,0.08,10,True,,1000,10800,cats_reg_g10b50,True,abs,False,CATS,50,regions,MultiMinded,25,Balance,1.1299999999991996,869.309,3,770.684,361.69299999999998,869.309,861.24393454781182,752.73603454781176,775.36019665282743,1,10,4,37,27
22,10,16,AdaptiveCuttingAuction,0.1,0.08,10,True,,1000,10800,cats_reg_g10b50,True,abs,False,CATS,50,regions,MultiMinded,122,Balance,9.210000000000036,827.155,2,792.758,416.87799999999999,773.9590000000001,807.95116307238595,724.57556307238588,777.33555178406118,9,19,38,36,26
23,10,21,AdaptiveCuttingAuction,0.1,0.08,10,True,,1000,10800,cats_reg_g10b50,True,abs,False,CATS,50,regions,MultiMinded,103,Balance,7.4099999999998545,926.9879999999999,5,813.726,269.07900000000001,913.9114999999999,900.1432878925757,765.60378789257572,808.23599310104566,4,336,13,46,31
24,10,23,AdaptiveCuttingAuction,0.1,0.08,10,True,,1000,10800,cats_reg_g10b50,True,abs,False,CATS,50,regions,MultiMinded,41,Balance,2.5499999999992724,822.2049999999999,4,635.81,377.13200000000001,803.295,838.17735704423683,687.32455704423671,718.83023501834589,4,15,17,48,33
25,10,22,AdaptiveCuttingAuction,0.1,0.08,10,True,,1000,10800,cats_reg_g10b50,True,abs,False,CATS,50,regions,MultiMinded,78,Balance,5.290000000000873,534.8185,2,446.519,197.68200000000002,534.8185,506.50776877364501,466.97136877364505,507.82718877364505,9,24,9,45,32
26,10,17,AdaptiveCuttingAuction,0.1,0.08,10,True,,1000,10800,cats_reg_g10b50,True,abs,False,CATS,50,regions,MultiMinded,32,Balance,1.4899999999997817,716.487,1,716.487,299.23599999999999,687.81,713.21899384497374,683.29539384497377,687.62370789533747,1,10,19,35,27
27,10,17,AdaptiveCuttingAuction,0.1,0.08,10,True,,1000,10800,cats_reg_g10b50,True,abs,False,CATS,50,regions,MultiMinded,51,Balance,2.619999999999891,811.1127,4,667.768,330.15700000000004,778.0657000000001,806.86573151584548,677.24329926405142,701.92980339228939,1,10,14,38,27
28,10,18,AdaptiveCuttingAuction,0.1,0.08,10,True,,1000,10800,cats_reg_g10b50,True,abs,False,CATS,50,regions,MultiMinded,46,Balance,2.2100000000000364,818.682,1,802.322,385.84800000000001,802.322,806.54830724818225,767.96350724818228,815.40363592129791,3,17,37,41,28
29,10,20,AdaptiveCuttingAuction,0.1,0.08,10,True,,1000,10800,cats_reg_g10b50,True,abs,False,CATS,50,regions,MultiMinded,51,Balance,2.75,767.6940999999999,1,746.709,446.00549999999998,746.709,738.24901698379631,693.64846698379631,766.35751311553554,1,10,16,42,30
30,10,18,AdaptiveCuttingAuction,0.1,0.08,10,True,,1000,10800,cats_reg_g10b50,True,abs,False,CATS,50,regions,MultiMinded,182,Balance,11.039999999999964,794.5821000000001,3,739.446,385.6635,792.0011000000001,821.52300699149112,705.82395699149106,707.06337453485753,8,16,7,41,28
31,10,21,AdaptiveCuttingAuction,0.1,0.08,10,True,,1000,10800,cats_reg_g10b50,True,abs,False,CATS,50,regions,MultiMinded,33,Balance,1.7100000000000364,818.388,2,733.06,325.495,813.5073,794.85402657429813,729.7550265742982,832.45702250722422,5,11,21,42,31
32,10,20,AdaptiveCuttingAuction,0.1,0.08,10,True,,1000,10800,cats_reg_g10b50,True,abs,False,CATS,50,regions,MultiMinded,48,Balance,2.899999999999636,637.3713,4,533.498,304.15100000000001,636.0468,636.29074327062995,514.63034327062985,528.71939969763491,5,17,10,46,30
33,10,16,AdaptiveCuttingAuction,0.1,0.08,10,True,,1000,10800,cats_reg_g10b50,True,abs,False,CATS,50,regions,MultiMinded,20,Balance,0.8699999999998909,560.5032,2,498.34,219.72300000000001,560.5032,528.06411661028801,484.11951661028803,516.55859999999996,1,10,0,33,26
34,10,20,AdaptiveCuttingAuction,0.1,0.08,10,True,,1000,10800,cats_reg_g10b50,True,abs,False,CATS,50,regions,MultiMinded,49,Balance,2.7299999999995634,726.3012,4,568.454,249.64099999999999,726.3012,696.34438347359037,596.48798347359036,628.13451224155381,1,10,4,43,30
35,10,27,AdaptiveCuttingAuction,0.1,0.08,10,True,,1000,10800,cats_reg_g10b50,True,abs,False,CATS,50,regions,MultiMinded,70,Balance,5.399999999999636,858.175,2,722.988,380.87900000000002,858.175,848.64947412700849,772.47367412700851,784.27646204906068,7,17,1,54,37
36,10,17,AdaptiveCuttingAuction,0.1,0.08,10,True,,1000,10800,cats_reg_g10b50,True,abs,False,CATS,50,regions,MultiMinded,31,Balance,1.480000000000473,716.498,1,716.498,379.51999999999998,716.498,751.70184407953479,713.7498440795348,740.86169738268131,1,10,18,36,27
37,10,20,AdaptiveCuttingAuction,0.1,0.08,10,True,,1000,10800,cats_reg_g10b50,True,abs,False,CATS,50,regions,MultiMinded,33,Balance,1.7200000000002547,824.835,3,630.222,329.92600000000004,824.835,842.07234455870366,743.09454455870377,754.56727708502046,1,10,5,41,30
38,10,18,AdaptiveCuttingAuction,0.1,0.08,10,True,,1000,10800,cats_reg_g10b50,True,abs,False,CATS,50,regions,MultiMinded,36,Balance,1.819999999999709,825.56,3,825.56,471.01400000000001,819.1825,876.38815855482915,735.08395855482911,739.96894704113527,7,12,9,39,28
39,10,25,AdaptiveCuttingAuction,0.1,0.08,10,True,,1000,10800,cats_reg_g10b50,True,abs,False,CATS,50,regions,MultiMinded,21,Balance,1.2700000000004366,948.5501,5,753.385,196.10050000000001,948.5501,931.16445916504983,833.11420916504983,873.44052070610417,1,10,4,49,35
40,10,22,AdaptiveCuttingAuction,0.1,0.08,10,True,,1000,10800,cats_reg_g10b50,True,abs,False,CATS,50,regions,MultiMinded,121,Balance,8.069999999999709,694.64,2,671.57,320.48500000000001,694.64,699.63832307733992,635.54132307733994,638.87868252757539,9,16,14,48,32
41,10,18,AdaptiveCuttingAuction,0.1,0.08,10,True,,1000,10800,cats_reg_g10b50,True,abs,False,CATS,50,regions,MultiMinded,31,Balance,1.6500000000005457,919.5834,3,833.068,428.51799999999997,919.5834,903.41609616136111,774.86069616136115,796.19120583818426,1,10,10,38,28
42,10,21,AdaptiveCuttingAuction,0.1,0.08,10,True,,1000,10800,cats_reg_g10b50,True,abs,False,CATS,50,regions,MultiMinded,89,Balance,4.930000000000291,722.396,1,722.396,339.44,722.396,720.81421490301307,686.87021490301311,691.21903883066636,9,15,1,44,31
43,10,20,AdaptiveCuttingAuction,0.1,0.08,10,True,,1000,10800,cats_reg_g10b50,True,abs,False,CATS,50,regions,MultiMinded,21,Balance,1.2200000000002547,820.8240000000001,2,681.374,265.63999999999999,820.8240000000001,791.26659891188899,738.13859891188906,785.76652709951225,1,10,5,40,30
44,10,19,AdaptiveCuttingAuction,0.1,0.08,10,True,,1000,10800,cats_reg_g10b50,True,abs,False,CATS,50,regions,MultiMinded,155,Balance,12.569999999999709,607.363,3,484.926,277.04599999999999,517.8266,543.71662226728415,460.60282226728407,508.54349448940911,9,23,44,41,29
45,10,20,AdaptiveCuttingAuction,0.1,0.08,10,True,,1000,10800,cats_reg_g10b50,True,abs,False,CATS,50,regions,MultiMinded,24,Balance,1.3500000000003638,687.7891,5,510.577,285.93000000000001,687.7891,684.80940314724921,562.20076486466485,604.32044576279702,5,15,9,41,30
46,10,19,AdaptiveCuttingAuction,0.1,0.08,10,True,,1000,10800,cats_reg_g10b50,True,abs,False,CATS,50,regions,MultiMinded,33,Balance,1.6599999999998545,810.368,2,810.368,345.00850000000003,808.7297,837.595080593288,768.59338059328786,771.73396377267136,1,10,1,40,29
47,10,18,AdaptiveCuttingAuction,0.1,0.08,10,True,,1000,10800,cats_reg_g10b50,True,abs,False,CATS,50,regions,MultiMinded,61,Balance,3.649999999999636,759.477,1,738.963,363.25599999999997,738.963,758.37688632139532,722.05128632139531,725.58933184093667,6,16,16,38,28
48,10,29,AdaptiveCuttingAuction,0.1,0.08,10,True,,1000,10800,cats_reg_g10b50,True,abs,False,CATS,50,regions,MultiMinded,83,Balance,5.630000000000109,726.774,3,661.833,328.96899999999999,726.774,712.92202574985811,614.23132574985823,639.797972088042,1,10,10,61,39
49,10,23,AdaptiveCuttingAuction,0.1,0.08,10,True,,1000,10800,cats_reg_g10b50,True,abs,False,CATS,50,regions,MultiMinded,30,Balance,1.5799999999999272,587.5914,6,462.576,216.20049999999998,587.5914,593.27277221532484,463.55247221532488,491.14657847588217,1,10,6,49,33
50,10,17,AdaptiveCuttingAuction,0.1,0.08,10,True,,1000,10800,cats_reg_g10b50,True,abs,False,CATS,50,regions,MultiMinded,23,Balance,1.0600000000004002,945.836,4,681.012,323.851,945.836,960.35812587761507,830.81772587761498,849.56347845115533,1,10,9,35,27
51,10,25,AdaptiveCuttingAuction,0.1,0.08,10,True,,1000,10800,cats_reg_g10b50,True,abs,False,CATS,50,regions,MultiMinded,47,Balance,2.649999999999636,831.2631000000001,3,644.905,285.66050000000001,831.2631000000001,843.21611389401789,757.51796389401784,766.32163695109057,1,10,3,51,35
52,10,19,AdaptiveCuttingAuction,0.1,0.08,10,True,,1000,10800,cats_reg_g10b50,True,abs,False,CATS,50,regions,MultiMinded,33,Balance,1.569999999999709,608.391,1,608.391,276.31299999999999,576.268,583.78816050178045,556.15686050178044,586.13522114247269,1,10,21,39,29
53,10,21,AdaptiveCuttingAuction,0.1,0.08,10,True,,1000,10800,cats_reg_g10b50,True,abs,False,CATS,50,regions,MultiMinded,53,Balance,2.9500000000007276,623.5598,4,612.518,167.23250000000002,623.5598,643.85084645838822,576.95784645838819,578.89012243344632,1,10,16,45,31
54,10,20,AdaptiveCuttingAuction,0.1,0.08,10,True,,1000,10800,cats_reg_g10b50,True,abs,False,CATS,50,regions,MultiMinded,42,Balance,2.4099999999998545,1040.322,4,967.436,414.12850000000003,1039.9794,1011.0187333610065,845.36733336100644,926.14630000468173,6,16,14,45,30
55,10,17,AdaptiveCuttingAuction,0.1,0.08,10,True,,1000,10800,cats_reg_g10b50,True,abs,False,CATS,50,regions,MultiMinded,12,Balance,0.5399999999999636,1001.244,2,739.168,309.35699999999997,1001.244,977.59013226080424,915.71873226080425,955.76242425367468,1,10,5,34,27
56,10,17,AdaptiveCuttingAuction,0.1,0.08,10,True,,1000,10800,cats_reg_g10b50,True,abs,False,CATS,50,regions,MultiMinded,82,Balance,4.460000000000036,674.3464,3,592.43,348.80000000000001,644.3157,648.46667855522924,543.82667855522925,589.26317830307107,7,19,10,38,27
57,10,20,AdaptiveCuttingAuction,0.1,0.08,10,True,,1000,10800,cats_reg_g10b50,True,abs,False,CATS,50,regions,MultiMinded,27,Balance,1.3500000000003638,783.158,3,568.928,268.62299999999999,763.1990000000001,808.43392019633461,727.8470201963346,732.02366703962298,4,12,12,41,30
58,10,21,AdaptiveCuttingAuction,0.1,0.08,10,True,,1000,10800,cats_reg_g10b50,True,abs,False,CATS,50,regions,MultiMinded,52,Balance,2.7899999999999636,871.9079999999999,2,791.212,427.88200000000001,871.9079999999999,860.42440315908766,774.84800315908774,795.92907953861152,1,10,6,44,31
59,10,28,AdaptiveCuttingAuction,0.1,0.08,10,True,,1000,10800,cats_reg_g10b50,True,abs,False,CATS,50,regions,MultiMinded,100,Balance,6.869999999999891,875.1772,3,803.796,406.47899999999998,875.1772,853.45464142297669,731.51094142297666,772.0472773590202,1,10,8,59,38
60,10,22,AdaptiveCuttingAuction,0.1,0.08,10,True,,1000,10800,cats_reg_g10b50,True,abs,False,CATS,50,regions,MultiMinded,52,Balance,3.009999999999309,716.1357,3,662.173,358.10899999999998,716.1357,712.726582152064,605.29388215206404,656.25373562732443,3,11,14,46,32
61,10,19,AdaptiveCuttingAuction,0.1,0.08,10,True,,1000,10800,cats_reg_g10b50,True,abs,False,CATS,50,regions,MultiMinded,35,Balance,1.7999999999992724,756.948,3,553.212,307.67700000000002,756.948,729.22188699531011,636.91878699531014,700.95237157690235,1,10,11,42,29
62,10,20,AdaptiveCuttingAuction,0.1,0.08,10,True,,1000,10800,cats_reg_g10b50,True,abs,False,CATS,50,regions,MultiMinded,23,Balance,1.199999999999818,962.414,3,839.979,365.63299999999998,962.414,954.98068487706041,845.29078487706045,860.49674366066813,1,10,13,40,30
63,10,20,AdaptiveCuttingAuction,0.1,0.08,10,True,,1000,10800,cats_reg_g10b50,True,abs,False,CATS,50,regions,MultiMinded,38,Balance,1.7899999999999636,966.8963000000001,4,783.33,502.36099999999999,966.8963000000001,943.79751714963936,749.5563099009986,782.57697365101524,1,10,9,43,30
64,10,24,AdaptiveCuttingAuction,0.1,0.08,10,True,,1000,10800,cats_reg_g10b50,True,abs,False,CATS,50,regions,MultiMinded,37,Balance,2.119999999999891,784.4846,2,723.45,238.8545,784.4846,797.96451799206989,750.1936179920699,773.43572219714974,1,10,17,48,34
65,10,18,AdaptiveCuttingAuction,0.1,0.08,10,True,,1000,10800,cats_reg_g10b50,True,abs,False,CATS,50,regions,MultiMinded,42,Balance,2.0799999999999272,863.3610000000001,3,758.102,337.34500000000003,856.6320000000001,856.99510869420783,755.79160869420775,774.58368306729733,1,10,9,38,28
66,10,18,AdaptiveCuttingAuction,0.1,0.08,10,True,,1000,10800,cats_reg_g10b50,True,abs,False,CATS,50,regions,MultiMinded,68,Balance,3.4200000000000728,852.079,3,807.329,372.65700000000004,849.658,819.73499344497418,707.93789344497407,746.14484402967696,1,10,11,36,28
67,10,27,AdaptiveCuttingAuction,0.1,0.08,10,True,,1000,10800,cats_reg_g10b50,True,abs,False,CATS,50,regions,MultiMinded,40,Balance,2.2600000000002183,860.8598,2,789.183,223.39999999999998,860.8598,853.72858160956639,809.04858160956644,827.24456938882349,1,10,8,54,37
68,10,20,AdaptiveCuttingAuction,0.1,0.08,10,True,,1000,10800,cats_reg_g10b50,True,abs,False,CATS,50,regions,MultiMinded,37,Balance,1.819999999999709,535.1916,4,486.692,201.834,535.1916,536.56465117626453,455.83105117626451,482.9513698422295,1,10,9,41,30
69,10,20,AdaptiveCuttingAuction,0.1,0.08,10,True,,1000,10800,cats_reg_g10b50,True,abs,False,CATS,50,regions,MultiMinded,43,Balance,2.4099999999998545,550.5322,3,423.552,212.09399999999999,550.5322,532.3215888283612,468.69338882836126,489.76367352242676,1,10,2,42,30
70,10,18,AdaptiveCuttingAuction,0.1,0.08,10,True,,1000,10800,cats_reg_g10b50,True,abs,False,CATS,50,regions,MultiMinded,160,Balance,11.470000000000255,965.81,3,780.078,273.52800000000002,965.81,851.83773496602737,775.24989496602734,911.37908270582057,7,21,7,38,28
71,10,17,AdaptiveCuttingAuction,0.1,0.08,10,True,,1000,10800,cats_reg_g10b50,True,abs,False,CATS,50,regions,MultiMinded,86,Balance,7.400000000000546,745.048,3,745.048,330.73000000000002,734.8829000000001,767.04047732310983,667.82147732310989,688.54068859518179,10,29,19,40,27
72,10,23,AdaptiveCuttingAuction,0.1,0.08,10,True,,1000,10800,cats_reg_g10b50,True,abs,False,CATS,50,regions,MultiMinded,35,Balance,1.9200000000000728,619.2275000000001,7,497.631,317.09799999999996,619.2275000000001,648.88728699861826,426.91868699861851,438.22641455575575,1,10,6,48,33
73,10,20,AdaptiveCuttingAuction,0.1,0.08,10,True,,1000,10800,cats_reg_g10b50,True,abs,False,CATS,50,regions,MultiMinded,67,Balance,3.8499999999994543,675.2625,2,656.76,362.82400000000001,675.0855,676.14068850954777,603.57588850954767,637.37857543923667,7,14,22,48,30
74,10,26,AdaptiveCuttingAuction,0.1,0.08,10,True,,1000,10800,cats_reg_g10b50,True,abs,False,CATS,50,regions,MultiMinded,28,Balance,1.5200000000004366,942.6876,2,890.025,245.483,942.6876,960.79169447044501,911.69509447044481,925.6316872646712,1,10,13,54,36
75,10,15,AdaptiveCuttingAuction,0.1,0.08,10,True,,1000,10800,cats_reg_g10b50,True,abs,False,CATS,50,regions,MultiMinded,20,Balance,0.7699999999995271,986.353,4,977.088,450.65550000000002,986.353,1003.6591776674931,823.39697766749293,881.38351600327314,1,10,11,31,25
76,10,22,AdaptiveCuttingAuction,0.1,0.08,10,True,,1000,10800,cats_reg_g10b50,True,abs,False,CATS,50,regions,MultiMinded,55,Balance,3.1400000000003274,900.434,6,820.61,441.17500000000001,900.434,879.19295790050364,614.48795790050349,663.04784828472816,1,10,7,46,32
77,10,19,AdaptiveCuttingAuction,0.1,0.08,10,True,,1000,10800,cats_reg_g10b50,True,abs,False,CATS,50,regions,MultiMinded,46,Balance,2.2799999999997453,505.8682,3,489.633,293.4085,502.3022,516.6885350956079,428.66598509560794,451.91973836772399,6,14,14,38,29
78,10,15,AdaptiveCuttingAuction,0.1,0.08,10,True,,1000,10800,cats_reg_g10b50,True,abs,False,CATS,50,regions,MultiMinded,29,Balance,1.3099999999994907,723.896,1,723.896,268.85500000000002,723.896,749.31715482637969,722.43165482637971,722.43165482637971,1,10,10,31,25
79,10,20,AdaptiveCuttingAuction,0.1,0.08,10,True,,1000,10800,cats_reg_g10b50,True,abs,False,CATS,50,regions,MultiMinded,44,Balance,2.630000000000109,830.055,3,715.055,304.07849999999996,830.055,812.7497291700995,721.52617917009934,754.14059192039815,5,14,5,42,30
80,10,23,AdaptiveCuttingAuction,0.1,0.08,10,True,,1000,10800,cats_reg_g10b50,True,abs,False,CATS,50,regions,MultiMinded,214,Balance,16.349999999999454,858.2552999999999,3,815.519,326.65449999999998,845.1892,839.35323542860215,741.35688542860214,778.04791236388053,9,21,21,49,33
81,10,19,AdaptiveCuttingAuction,0.1,0.08,10,True,,1000,10800,cats_reg_g10b50,True,abs,False,CATS,50,regions,MultiMinded,16,Balance,0.7399999999997817,731.2354999999999,5,657.74,318.25649999999996,728.3769,733.73222421553987,574.60397421553989,629.32554616621314,1,10,17,41,29
82,10,20,AdaptiveCuttingAuction,0.1,0.08,10,True,,1000,10800,cats_reg_g10b50,True,abs,False,CATS,50,regions,MultiMinded,31,Balance,2.0100000000002183,799.819,3,670.65,230.49700000000001,799.819,773.05069125721502,703.90159125721493,754.37784973470934,5,16,5,43,30
83,10,18,AdaptiveCuttingAuction,0.1,0.08,10,True,,1000,10800,cats_reg_g10b50,True,abs,False,CATS,50,regions,MultiMinded,27,Balance,1.360000000000582,778.391,2,740.964,303.2475,778.391,781.93864456562108,721.28914456562109,775.10847383662144,1,10,24,39,28
84,10,19,AdaptiveCuttingAuction,0.1,0.08,10,True,,1000,10800,cats_reg_g10b50,True,abs,False,CATS,50,regions,MultiMinded,27,Balance,1.2200000000002547,653.4665,4,531.36,233.98450000000003,653.4665,658.21093472911411,564.6171347291139,595.55782072997965,1,10,9,40,29
85,10,16,AdaptiveCuttingAuction,0.1,0.08,10,True,,1000,10800,cats_reg_g10b50,True,abs,False,CATS,50,regions,MultiMinded,23,Balance,1.050000000000182,738.6202000000001,4,623.355,332.00099999999998,738.6202000000001,726.48461782941638,593.68421782941641,629.68628454478926,1,10,8,35,26
86,10,17,AdaptiveCuttingAuction,0.1,0.08,10,True,,1000,10800,cats_reg_g10b50,True,abs,False,CATS,50,regions,MultiMinded,33,Balance,1.75,772.54,2,646.076,287.08299999999997,772.54,768.69329816635718,711.27669816635716,719.7477831231671,6,13,6,35,27
87,10,18,AdaptiveCuttingAuction,0.1,0.08,10,True,,1000,10800,cats_reg_g10b50,True,abs,False,CATS,50,regions,MultiMinded,58,Balance,3.069999999999709,883.32347,3,801.709,428.95349999999996,836.6344700000001,870.50137208072852,777.31403986941143,783.94548244306043,5,15,9,37,28
88,10,20,AdaptiveCuttingAuction,0.1,0.08,10,True,,1000,10800,cats_reg_g10b50,True,abs,False,CATS,50,regions,MultiMinded,44,Balance,2.6900000000005093,662.7294999999999,4,622.783,332.80799999999999,610.8715,626.72473792057008,493.60153792057008,505.48385806794317,5,15,11,40,30
89,10,26,AdaptiveCuttingAuction,0.1,0.08,10,True,,1000,10800,cats_reg_g10b50,True,abs,False,CATS,50,regions,MultiMinded,77,Balance,4.910000000000764,844.3882,3,703.836,361.93200000000002,821.2162,871.55994598682651,762.98034598682648,786.76692384073999,7,16,18,57,36
90,10,21,AdaptiveCuttingAuction,0.1,0.08,10,True,,1000,10800,cats_reg_g10b50,True,abs,False,CATS,50,regions,MultiMinded,38,Balance,2.0,1011.3232,5,890.879,348.79300000000001,966.4754,918.40557537881909,744.00907537881926,831.13039415390597,5,15,9,44,31
91,10,17,AdaptiveCuttingAuction,0.1,0.08,10,True,,1000,10800,cats_reg_g10b50,True,abs,False,CATS,50,regions,MultiMinded,53,Balance,2.6099999999996726,890.575,1,890.575,535.99700000000007,890.575,935.42138204491266,881.82168204491268,886.8124400677807,1,10,16,35,27
92,10,22,AdaptiveCuttingAuction,0.1,0.08,10,True,,1000,10800,cats_reg_g10b50,True,abs,False,CATS,50,regions,MultiMinded,23,Balance,1.2600000000002183,683.1735,2,627.133,263.76300000000003,683.1735,684.64562928560713,631.8930292856071,650.44875460631397,1,10,11,46,32
93,10,20,AdaptiveCuttingAuction,0.1,0.08,10,True,,1000,10800,cats_reg_g10b50,True,abs,False,CATS,50,regions,MultiMinded,52,Balance,2.680000000000291,931.509,1,931.509,347.88099999999997,931.509,929.6148029388803,894.82670293888032,898.80166492556395,1,10,4,43,30
94,10,15,AdaptiveCuttingAuction,0.1,0.08,10,True,,1000,10800,cats_reg_g10b50,True,abs,False,CATS,50,regions,MultiMinded,43,Balance,2.0399999999999636,772.037,1,770.337,295.54650000000004,770.337,747.03583509346186,717.48118509346182,767.61349008061256,7,14,1,32,25
95,10,17,AdaptiveCuttingAuction,0.1,0.08,10,True,,1000,10800,cats_reg_g10b50,True,abs,False,CATS,50,regions,MultiMinded,33,Balance,1.7799999999997453,901.2369,3,849.224,408.67100000000005,901.2369,858.84136088185323,753.71342866059558,822.37510140959932,1,10,8,36,27
96,10,19,AdaptiveCuttingAuction,0.1,0.08,10,True,,1000,10800,cats_reg_g10b50,True,abs,False,CATS,50,regions,MultiMinded,29,Balance,1.269999999999527,752.0848,3,651.493,368.70849999999996,752.0848,737.02801143731904,626.41546143731898,661.10256775351593,1,10,7,41,29
97,10,20,AdaptiveCuttingAuction,0.1,0.08,10,True,,1000,10800,cats_reg_g10b50,True,abs,False,CATS,50,regions,MultiMinded,66,Balance,4.039999999999964,657.92043,3,602.694,360.185,657.92043,641.89811702764996,569.19109686950264,595.50000877321031,8,21,23,45,30
98,10,20,AdaptiveCuttingAuction,0.1,0.08,10,True,,1000,10800,cats_reg_g10b50,True,abs,False,CATS,50,regions,MultiMinded,22,Balance,1.0600000000004002,1047.5140999999999,4,870.711,386.798,1047.5140999999999,1046.8524638262061,892.13326382620596,903.22504554581189,1,10,6,40,30
99,10,22,AdaptiveCuttingAuction,0.1,0.08,10,True,,1000,10800,cats_reg_g10b50,True,abs,False,CATS,50,regions,MultiMinded,84,Balance,6.199999999999818,1044.344,5,687.143,366.375,1044.344,1033.0715801381136,849.8840801381134,861.15649999999982,4,13,0,48,32
100,10,21,AdaptiveCuttingAuction,0.1,0.08,10,True,,1000,10800,cats_reg_g10b50,True,abs,False,CATS,50,regions,MultiMinded,78,Balance,4.030000000000655,587.8678,2,515.864,141.49099999999999,587.8678,569.00395239369686,540.7057523936968,568.18810750022328,5,14,9,43,31
