idx,items,agents,auction_class,epsilon,stepc,epoch,scalebyvalue,reserve_type,maxiter,maxtime,generator_param_name,personalized,expstrat,int_prices,generator,bids,distribution,type,rounds,status,runtime,efficient_value,final_num_winners,final_max_agent_value,final_scalevalue,final_value,final_total_price,final_revenue,final_indirect_util,final_price_degree,final_price_sparsity,final_imbalance,final_wd_nvars,final_wd_ncons
1,30,36,AdaptiveCuttingAuction,0.025,0.01,10,True,,1000,10800,cats_reg_g30b150,True,abs,False,CATS,150,regions,MultiMinded,86,Balance,26.120000000000005,2502.8085,9,1712.02,630.28700000000003,2502.8085,2059.6238322758486,1944.8668051579116,2393.5600181952004,26,44,15,89,66
2,30,38,AdaptiveCuttingAuction,0.025,0.01,10,True,,1000,10800,cats_reg_g30b150,True,abs,False,CATS,150,regions,MultiMinded,117,Balance,39.00999999999999,2067.4249,5,1460.04,478.96600000000001,2067.4249,2030.9828030192214,1971.5229408880655,2028.5588599740711,9,44,35,89,68
3,30,36,AdaptiveCuttingAuction,0.025,0.01,10,True,,1000,10800,cats_reg_g30b150,True,abs,False,CATS,150,regions,MultiMinded,147,Balance,40.69999999999999,2226.2472000000002,3,1961.0,494.50999999999999,2226.2472000000002,2195.6662190927827,2158.5779690927834,2205.6240821215706,6,41,23,86,66
4,30,38,AdaptiveCuttingAuction,0.025,0.01,10,True,,1000,10800,cats_reg_g30b150,True,abs,False,CATS,150,regions,MultiMinded,62,Balance,11.20999999999998,2004.9491999999998,11,1505.7,557.86300000000006,2004.9491999999998,1791.1753468833599,1640.5523368833601,1854.5830302358024,25,41,2,79,68
5,30,35,AdaptiveCuttingAuction,0.025,0.01,10,True,,1000,10800,cats_reg_g30b150,True,abs,False,CATS,150,regions,MultiMinded,499,Balance,113.68,1864.626,2,1703.97,505.12049999999999,1813.7730000000001,1775.9856680094022,1750.729643009402,1805.121471560846,1,30,29,86,65
6,30,35,AdaptiveCuttingAuction,0.025,0.01,10,True,,1000,10800,cats_reg_g30b150,True,abs,False,CATS,150,regions,MultiMinded,369,Balance,115.40000000000003,2116.0368,5,1959.83,614.52500000000009,2096.9018,2085.3474825311446,2008.5318575311442,2043.4216791256113,11,51,20,84,65
7,30,35,AdaptiveCuttingAuction,0.025,0.01,10,True,,1000,10800,cats_reg_g30b150,True,abs,False,CATS,150,regions,MultiMinded,113,Balance,28.019999999999982,2031.9575,6,1330.11,558.39999999999998,2031.9575,1897.4259580822884,1822.0419580822884,1977.9105200499778,5,31,19,78,65
8,30,35,AdaptiveCuttingAuction,0.025,0.01,10,True,,1000,10800,cats_reg_g30b150,True,abs,False,CATS,150,regions,MultiMinded,108,Balance,30.560000000000002,2027.57669,8,1379.5,642.28750000000002,2027.57669,1754.2835029668881,1646.6220749540662,1943.216561925572,13,42,17,76,65
9,30,36,AdaptiveCuttingAuction,0.025,0.01,10,True,,1000,10800,cats_reg_g30b150,True,abs,False,CATS,150,regions,MultiMinded,322,Balance,100.58999999999997,1859.5272999999997,8,1542.29,443.88650000000001,1859.5272999999997,1762.6288242358094,1692.9070976935379,1801.0548328770637,11,45,25,87,66
10,30,34,AdaptiveCuttingAuction,0.025,0.01,10,True,,1000,10800,cats_reg_g30b150,True,abs,False,CATS,150,regions,MultiMinded,264,Balance,68.93,2566.974,5,2112.56,626.02300000000002,2566.974,2320.9016859266662,2242.6488109266661,2490.5189101936794,9,44,35,77,64
11,30,36,AdaptiveCuttingAuction,0.025,0.01,10,True,,1000,10800,cats_reg_g30b150,True,abs,False,CATS,150,regions,MultiMinded,32,Balance,10.060000000000002,2431.6115,4,2098.81,721.22149999999999,2431.6115,2227.0800097366332,2167.8885911027583,2375.310164811845,13,40,11,81,66
12,30,32,AdaptiveCuttingAuction,0.025,0.01,10,True,,1000,10800,cats_reg_g30b150,True,abs,False,CATS,150,regions,MultiMinded,657,Balance,189.94,1865.81568,4,1645.15,855.13049999999998,1793.98938,1733.9434353355209,1663.7456082976448,1762.2247384756095,27,58,33,82,62
13,30,35,AdaptiveCuttingAuction,0.025,0.01,10,True,,1000,10800,cats_reg_g30b150,True,abs,False,CATS,150,regions,MultiMinded,243,Balance,77.85000000000002,1773.5022000000001,5,1494.31,678.60900000000004,1756.9776,1640.445507661939,1573.075031987079,1706.6307785279805,23,47,6,81,65
14,30,32,AdaptiveCuttingAuction,0.025,0.01,10,True,,1000,10800,cats_reg_g30b150,True,abs,False,CATS,150,regions,MultiMinded,332,Balance,75.34000000000003,1980.1873000000003,6,1559.99,631.08900000000006,1980.1873000000003,1766.2695437260734,1690.5388637260733,1908.0478634546585,7,44,23,73,62
15,30,36,AdaptiveCuttingAuction,0.025,0.01,10,True,,1000,10800,cats_reg_g30b150,True,abs,False,CATS,150,regions,MultiMinded,19,Balance,5.739999999999952,2512.4141000000004,3,2312.23,781.00699999999995,2512.4141000000004,2330.6784324022192,2276.0079424022188,2478.6185590344353,25,35,5,72,66
16,30,34,AdaptiveCuttingAuction,0.025,0.01,10,True,,1000,10800,cats_reg_g30b150,True,abs,False,CATS,150,regions,MultiMinded,535,Balance,152.45999999999998,1929.452,8,1789.44,584.255,1923.897,1850.7397503767215,1753.1276436522999,1830.10296647522,7,43,41,82,64
17,30,33,AdaptiveCuttingAuction,0.025,0.01,10,True,,1000,10800,cats_reg_g30b150,True,abs,False,CATS,150,regions,MultiMinded,200,Balance,49.39999999999998,1934.7395999999999,5,1626.95,730.93200000000002,1840.0255000000002,1767.3509933890361,1675.9844933890361,1768.5602802107121,25,46,14,79,63
18,30,34,AdaptiveCuttingAuction,0.025,0.01,10,True,,1000,10800,cats_reg_g30b150,True,abs,False,CATS,150,regions,MultiMinded,45,Balance,11.199999999999989,2504.1384,4,1818.33,781.33600000000001,2504.1384,2360.3209543350135,2286.0940343350135,2462.9184261466849,26,42,26,77,64
19,30,36,AdaptiveCuttingAuction,0.025,0.01,10,True,,1000,10800,cats_reg_g30b150,True,abs,False,CATS,150,regions,MultiMinded,47,Balance,9.78000000000003,2560.7110000000002,12,1508.06,549.71399999999994,2554.963,1956.1448191576212,1811.413769273094,2434.6569568009254,1,29,9,74,66
20,30,37,AdaptiveCuttingAuction,0.025,0.01,10,True,,1000,10800,cats_reg_g30b150,True,abs,False,CATS,150,regions,MultiMinded,1000,MaxIter,424.28999999999996,1801.7813999999998,8,1490.47,395.125,1764.9505,1731.2323117186347,1218.2752859511288,1266.6025612329818,23,61,27,98,67
21,30,33,AdaptiveCuttingAuction,0.025,0.01,10,True,,1000,10800,cats_reg_g30b150,True,abs,False,CATS,150,regions,MultiMinded,168,Balance,34.900000000000034,1553.7635,3,1374.19,778.39550000000008,1553.7635,1448.6744553026135,1390.2947928026135,1507.6544183141193,1,30,25,73,63
22,30,38,AdaptiveCuttingAuction,0.025,0.01,10,True,,1000,10800,cats_reg_g30b150,True,abs,False,CATS,150,regions,MultiMinded,203,Balance,71.08000000000004,2312.252,6,2123.59,638.69949999999994,2312.252,2309.4391558462798,2213.6342308462795,2251.8156882716762,7,46,87,89,68
23,30,38,AdaptiveCuttingAuction,0.025,0.01,10,True,,1000,10800,cats_reg_g30b150,True,abs,False,CATS,150,regions,MultiMinded,169,Balance,52.639999999999986,2354.8725,7,1818.1,597.00800000000004,2354.8725,2082.5318791538589,1997.7143151016328,2278.2391393356756,12,46,25,84,68
24,30,35,AdaptiveCuttingAuction,0.025,0.01,10,True,,1000,10800,cats_reg_g30b150,True,abs,False,CATS,150,regions,MultiMinded,799,Balance,205.57,1892.4884,10,1241.36,538.58849999999995,1892.4884,1659.8796546093024,1536.0042996093027,1799.7478448405845,12,43,38,81,65
25,30,33,AdaptiveCuttingAuction,0.025,0.01,10,True,,1000,10800,cats_reg_g30b150,True,abs,False,CATS,150,regions,MultiMinded,315,Balance,76.82999999999998,1741.0822999999998,4,1538.41,861.41849999999999,1692.8544000000002,1576.6779305182558,1520.3728656238527,1668.3184735820246,14,45,71,76,63
26,30,34,AdaptiveCuttingAuction,0.025,0.01,10,True,,1000,10800,cats_reg_g30b150,True,abs,False,CATS,150,regions,MultiMinded,504,Balance,131.98000000000002,2008.668,3,1919.5,424.82100000000003,2008.668,1941.8977090908163,1917.5483685362988,2009.1011360390828,6,40,30,78,64
27,30,32,AdaptiveCuttingAuction,0.025,0.01,10,True,,1000,10800,cats_reg_g30b150,True,abs,False,CATS,150,regions,MultiMinded,363,Balance,153.42000000000002,2175.2061,3,1890.21,644.31150000000002,2075.148,2089.9866073966491,2041.6632448966488,2044.3392744720072,11,55,25,87,62
28,30,37,AdaptiveCuttingAuction,0.025,0.01,10,True,,1000,10800,cats_reg_g30b150,True,abs,False,CATS,150,regions,MultiMinded,160,Balance,66.74000000000001,2040.43179,7,1615.6,517.23699999999997,2037.8705,1872.7487867670625,1799.2643738652571,1979.6432290689195,8,45,51,95,67
29,30,33,AdaptiveCuttingAuction,0.025,0.01,10,True,,1000,10800,cats_reg_g30b150,True,abs,False,CATS,150,regions,MultiMinded,224,Balance,50.29000000000002,2111.632,9,1854.64,708.57899999999995,2111.632,1900.3461785295208,1740.9159035295208,1969.2403510002641,13,46,37,75,63
30,30,35,AdaptiveCuttingAuction,0.025,0.01,10,True,,1000,10800,cats_reg_g30b150,True,abs,False,CATS,150,regions,MultiMinded,950,Balance,457.01000000000005,2323.0769999999998,9,1594.17,462.18150000000003,2202.2282,1994.5602709375196,1890.56943343752,2100.9985614686234,8,45,20,90,65
31,30,34,AdaptiveCuttingAuction,0.025,0.01,10,True,,1000,10800,cats_reg_g30b150,True,abs,False,CATS,150,regions,MultiMinded,74,Balance,22.18999999999994,2659.4860000000003,6,2167.09,585.07799999999997,2659.4860000000003,2525.4771785537614,2452.3424285537617,2600.3256506519997,7,44,6,86,64
32,30,37,AdaptiveCuttingAuction,0.025,0.01,10,True,,1000,10800,cats_reg_g30b150,True,abs,False,CATS,150,regions,MultiMinded,664,Balance,247.35000000000002,1999.8556999999998,8,1545.46,522.50199999999995,1999.8556999999998,1899.9778419179147,1795.4774419179146,1898.3538416658778,12,44,46,91,67
33,30,37,AdaptiveCuttingAuction,0.025,0.01,10,True,,1000,10800,cats_reg_g30b150,True,abs,False,CATS,150,regions,MultiMinded,200,Balance,43.039999999999964,1805.9524000000001,4,1582.17,487.50400000000002,1805.9524000000001,1654.7246560286246,1618.1618560286247,1770.9660837252568,8,44,1,90,67
34,30,39,AdaptiveCuttingAuction,0.025,0.01,10,True,,1000,10800,cats_reg_g30b150,True,abs,False,CATS,150,regions,MultiMinded,579,Balance,197.67999999999995,1983.6001999999999,8,1564.76,623.41200000000003,1983.6001999999999,1998.2232583879561,1873.5408583879564,1874.7586980899664,15,47,18,90,69
35,30,38,AdaptiveCuttingAuction,0.025,0.01,10,True,,1000,10800,cats_reg_g30b150,True,abs,False,CATS,150,regions,MultiMinded,377,Balance,134.3699999999999,2341.4052,8,1755.59,637.298,2341.4052,2196.3489208149031,2081.6352808149031,2243.2682179508156,13,44,19,92,68
36,30,33,AdaptiveCuttingAuction,0.025,0.01,10,True,,1000,10800,cats_reg_g30b150,True,abs,False,CATS,150,regions,MultiMinded,529,Balance,181.05999999999995,2136.9992,6,1693.26,587.83249999999998,2083.292,2038.4912147678465,1950.3163397678459,2006.7378648562433,25,61,56,90,63
37,30,34,AdaptiveCuttingAuction,0.025,0.01,10,True,,1000,10800,cats_reg_g30b150,True,abs,False,CATS,150,regions,MultiMinded,407,Balance,87.01999999999998,1991.3467,4,1812.59,701.23299999999995,1991.3467,1861.5848637855922,1793.1438574586587,1940.291512088658,21,45,1,71,64
38,30,40,AdaptiveCuttingAuction,0.025,0.01,10,True,,1000,10800,cats_reg_g30b150,True,abs,False,CATS,150,regions,MultiMinded,91,Balance,31.16999999999996,2724.0288,6,2153.9,576.38300000000004,2724.0288,2371.8950960286693,2299.8472210286691,2666.1942771676927,13,46,10,93,70
39,30,30,AdaptiveCuttingAuction,0.025,0.01,10,True,,1000,10800,cats_reg_g30b150,True,abs,False,CATS,150,regions,MultiMinded,273,Balance,55.65000000000009,1968.0602,4,1918.66,764.726,1949.6532000000002,1923.6861209636818,1847.2135209636817,1880.6120602772357,13,44,27,68,60
40,30,33,AdaptiveCuttingAuction,0.025,0.01,10,True,,1000,10800,cats_reg_g30b150,True,abs,False,CATS,150,regions,MultiMinded,25,Balance,7.659999999999968,1942.0583000000001,3,1674.34,688.69799999999998,1942.0583000000001,1879.5529269931492,1827.9005769931491,1896.6895992040788,22,46,10,69,63
41,30,35,AdaptiveCuttingAuction,0.025,0.01,10,True,,1000,10800,cats_reg_g30b150,True,abs,False,CATS,150,regions,MultiMinded,35,Balance,11.519999999999982,1877.7214099999999,7,1423.29,646.35299999999995,1831.2470099999998,1762.1305123455229,1677.6901082922161,1803.6364161513347,9,42,40,80,65
42,30,32,AdaptiveCuttingAuction,0.025,0.01,10,True,,1000,10800,cats_reg_g30b150,True,abs,False,CATS,150,regions,MultiMinded,198,Balance,62.56000000000006,2111.841,4,1703.5,646.17399999999998,2111.841,2068.9433512164269,2015.9111610441623,2062.4378412392239,17,50,51,82,62
43,30,40,AdaptiveCuttingAuction,0.025,0.01,10,True,,1000,10800,cats_reg_g30b150,True,abs,False,CATS,150,regions,MultiMinded,118,Balance,39.39999999999998,2446.7208,6,1927.69,685.90899999999999,2446.7208,2083.1339579159489,1998.8737614062843,2363.1375523010165,19,42,3,84,70
44,30,35,AdaptiveCuttingAuction,0.025,0.01,10,True,,1000,10800,cats_reg_g30b150,True,abs,False,CATS,150,regions,MultiMinded,128,Balance,34.559999999999945,1711.1515999999997,6,1299.51,651.40899999999999,1607.6064999999999,1487.6928998171391,1399.7526848171387,1547.2094009043205,24,45,15,79,65
45,30,38,AdaptiveCuttingAuction,0.025,0.01,10,True,,1000,10800,cats_reg_g30b150,True,abs,False,CATS,150,regions,MultiMinded,77,Balance,18.410000000000082,2034.5094,6,1828.07,742.07299999999998,2034.5094,2028.2934328857084,1928.1135778857083,1960.9161892725879,8,45,49,85,68
46,30,31,AdaptiveCuttingAuction,0.025,0.01,10,True,,1000,10800,cats_reg_g30b150,True,abs,False,CATS,150,regions,MultiMinded,35,Balance,7.289999999999964,2564.0325000000003,4,2373.4,807.26099999999997,2564.0325000000003,2463.5282744107994,2394.9110894107994,2498.9063205588777,25,38,6,68,61
47,30,37,AdaptiveCuttingAuction,0.025,0.01,10,True,,1000,10800,cats_reg_g30b150,True,abs,False,CATS,150,regions,MultiMinded,45,Balance,10.809999999999945,2233.1322,7,1669.44,664.97900000000004,2233.1322,1883.9301017972462,1804.132621797246,2172.2297268375182,1,29,78,74,67
48,30,35,AdaptiveCuttingAuction,0.025,0.01,10,True,,1000,10800,cats_reg_g30b150,True,abs,False,CATS,150,regions,MultiMinded,163,Balance,52.639999999999986,2069.4358,7,1826.01,556.24350000000004,2069.4358,1888.7923032765341,1791.449690776534,1979.6390249511851,7,47,26,86,65
49,30,30,AdaptiveCuttingAuction,0.025,0.01,10,True,,1000,10800,cats_reg_g30b150,True,abs,False,CATS,150,regions,MultiMinded,144,Balance,29.25,1979.7895999999998,6,1594.07,673.82600000000002,1979.7895999999998,1887.5581207538091,1796.5916107538092,1907.0637245710484,9,39,20,69,60
50,30,33,AdaptiveCuttingAuction,0.025,0.01,10,True,,1000,10800,cats_reg_g30b150,True,abs,False,CATS,150,regions,MultiMinded,404,Balance,123.73000000000002,2110.6722999999997,7,1335.35,460.47550000000001,2110.6722999999997,1906.6056440939856,1831.02221212158,2054.5029944962535,9,47,38,85,63
51,30,37,AdaptiveCuttingAuction,0.025,0.01,10,True,,1000,10800,cats_reg_g30b150,True,abs,False,CATS,150,regions,MultiMinded,51,Balance,18.269999999999982,2245.4244000000003,6,1882.26,597.73699999999997,2245.4244000000003,2151.2890294191202,2076.5719044191205,2185.0006445560543,8,42,3,85,67
52,30,32,AdaptiveCuttingAuction,0.025,0.01,10,True,,1000,10800,cats_reg_g30b150,True,abs,False,CATS,150,regions,MultiMinded,129,Balance,31.610000000000014,1756.6213,6,1409.87,556.45500000000004,1756.6213,1624.1052953607591,1541.1144082822561,1679.3168030976822,10,42,18,75,62
53,30,34,AdaptiveCuttingAuction,0.025,0.01,10,True,,1000,10800,cats_reg_g30b150,True,abs,False,CATS,150,regions,MultiMinded,418,Balance,103.16999999999996,2325.6629000000003,10,1796.97,570.23000000000002,2325.6629000000003,2079.4874886621128,1943.1214686653925,2190.9639512839067,6,36,25,82,64
54,30,37,AdaptiveCuttingAuction,0.025,0.01,10,True,,1000,10800,cats_reg_g30b150,True,abs,False,CATS,150,regions,MultiMinded,63,Balance,23.99000000000001,2355.424,6,2152.9,670.553,2355.424,2228.2154453132725,2154.4546153132728,2294.438454491185,6,41,47,86,67
55,30,33,AdaptiveCuttingAuction,0.025,0.01,10,True,,1000,10800,cats_reg_g30b150,True,abs,False,CATS,150,regions,MultiMinded,182,Balance,47.54000000000008,2078.1524999999997,10,1352.37,548.28150000000005,2078.1524999999997,2012.8910056364418,1875.8206306364414,1949.198166146027,14,43,25,82,63
56,30,39,AdaptiveCuttingAuction,0.025,0.01,10,True,,1000,10800,cats_reg_g30b150,True,abs,False,CATS,150,regions,MultiMinded,354,Balance,116.63,1893.3772000000004,9,1498.24,591.42200000000003,1893.3772000000004,1684.1050609116146,1565.8206609116144,1780.1989864661878,15,53,46,86,69
57,30,36,AdaptiveCuttingAuction,0.025,0.01,10,True,,1000,10800,cats_reg_g30b150,True,abs,False,CATS,150,regions,MultiMinded,229,Balance,77.88999999999999,1899.5301999999997,5,1604.44,621.16750000000002,1859.0458999999998,1790.5216336773367,1712.8756961773365,1781.5933299033425,15,45,2,89,66
58,30,36,AdaptiveCuttingAuction,0.025,0.01,10,True,,1000,10800,cats_reg_g30b150,True,abs,False,CATS,150,regions,MultiMinded,162,Balance,48.95999999999992,2429.6093,6,2057.42,832.86300000000006,2429.6093,2235.9087512685824,2131.8008762685822,2340.7354325251863,7,40,50,77,66
59,30,39,AdaptiveCuttingAuction,0.025,0.01,10,True,,1000,10800,cats_reg_g30b150,True,abs,False,CATS,150,regions,MultiMinded,596,Balance,168.19999999999993,2064.9126,3,1772.9,622.28800000000001,2039.5116,1932.7842052599517,1886.1126052599518,2011.6689565687338,22,48,48,85,69
60,30,35,AdaptiveCuttingAuction,0.025,0.01,10,True,,1000,10800,cats_reg_g30b150,True,abs,False,CATS,150,regions,MultiMinded,339,Balance,78.98000000000002,1956.0875,3,1842.74,450.80399999999997,1936.1575,1858.1674287502426,1839.2016230963825,1934.6667616096211,10,35,32,83,65
61,30,37,AdaptiveCuttingAuction,0.025,0.01,10,True,,1000,10800,cats_reg_g30b150,True,abs,False,CATS,150,regions,MultiMinded,878,Balance,273.99,1951.6029999999998,7,1560.47,530.9905,1951.6029999999998,1753.015328768166,1660.0919912681663,1860.0290844934902,9,48,18,87,67
62,30,34,AdaptiveCuttingAuction,0.025,0.01,10,True,,1000,10800,cats_reg_g30b150,True,abs,False,CATS,150,regions,MultiMinded,187,Balance,47.79000000000008,1978.0167,7,1737.89,582.94900000000007,1977.3040999999998,1765.5651680449148,1675.208073044915,1901.5647441132796,25,48,3,80,64
63,30,30,AdaptiveCuttingAuction,0.025,0.01,10,True,,1000,10800,cats_reg_g30b150,True,abs,False,CATS,150,regions,MultiMinded,137,Balance,24.269999999999982,2547.4234,5,1821.34,869.476,2547.4234,2326.1440928526877,2230.0659178467185,2481.3094510706424,1,30,50,69,60
64,30,34,AdaptiveCuttingAuction,0.025,0.01,10,True,,1000,10800,cats_reg_g30b150,True,abs,False,CATS,150,regions,MultiMinded,42,Balance,11.860000000000014,2427.9729,8,1844.14,792.92899999999997,2427.9729,2128.3068272828837,1976.0808784435153,2308.6455357302366,20,40,54,75,64
65,30,36,AdaptiveCuttingAuction,0.025,0.01,10,True,,1000,10800,cats_reg_g30b150,True,abs,False,CATS,150,regions,MultiMinded,162,Balance,59.93999999999994,2209.3287,9,1779.98,732.52250000000004,2134.5853,1919.5548844399939,1787.7008344399937,2020.9263924934164,10,41,19,79,66
66,30,30,AdaptiveCuttingAuction,0.025,0.01,10,True,,1000,10800,cats_reg_g30b150,True,abs,False,CATS,150,regions,MultiMinded,79,Balance,12.759999999999991,2387.3904,2,2290.03,553.03500000000008,2387.3904,2292.7940249347776,2269.5272519474424,2377.3759772822946,1,29,2,73,60
67,30,41,AdaptiveCuttingAuction,0.025,0.01,10,True,,1000,10800,cats_reg_g30b150,True,abs,False,CATS,150,regions,MultiMinded,1000,MaxIter,467.65,2130.5865999999996,9,1569.3,447.20299999999997,2030.1996000000001,1994.8689865228137,1432.9626028615801,1609.4170294213111,18,52,22,105,71
68,30,34,AdaptiveCuttingAuction,0.025,0.01,10,True,,1000,10800,cats_reg_g30b150,True,abs,False,CATS,150,regions,MultiMinded,89,Balance,20.889999999999986,1871.0335999999998,7,1491.62,623.48450000000003,1857.0625,1744.4101287770652,1638.4177637770651,1776.177154459155,1,30,62,82,64
69,30,34,AdaptiveCuttingAuction,0.025,0.01,10,True,,1000,10800,cats_reg_g30b150,True,abs,False,CATS,150,regions,MultiMinded,62,Balance,13.660000000000082,2248.1536,8,1918.69,909.28949999999998,2248.1536,2104.3756086149306,1940.7034986149299,2106.0928317905482,1,29,21,73,64
70,30,32,AdaptiveCuttingAuction,0.025,0.01,10,True,,1000,10800,cats_reg_g30b150,True,abs,False,CATS,150,regions,MultiMinded,231,Balance,50.07000000000005,2074.3614,8,1794.89,671.03600000000006,2062.3628,1910.7363141351336,1786.5946541351334,1941.1500018610293,1,30,27,70,62
71,30,30,AdaptiveCuttingAuction,0.025,0.01,10,True,,1000,10800,cats_reg_g30b150,True,abs,False,CATS,150,regions,MultiMinded,711,Balance,148.30000000000007,2107.4125,3,1919.92,672.68100000000004,2077.242,2017.6929936607407,1977.3321336607405,2053.6255398005965,26,54,28,73,60
72,30,35,AdaptiveCuttingAuction,0.025,0.01,10,True,,1000,10800,cats_reg_g30b150,True,abs,False,CATS,150,regions,MultiMinded,141,Balance,30.420000000000073,1946.4843000000003,8,1216.53,554.09649999999999,1946.4843000000003,1731.3854684696553,1630.5005270438382,1875.0669627812679,1,30,18,82,65
73,30,35,AdaptiveCuttingAuction,0.025,0.01,10,True,,1000,10800,cats_reg_g30b150,True,abs,False,CATS,150,regions,MultiMinded,168,Balance,51.27999999999997,1852.6272999999999,7,1445.38,663.03899999999999,1852.6272999999999,1607.2649107049699,1507.8090607049699,1773.7823901003585,19,42,27,75,65
74,30,31,AdaptiveCuttingAuction,0.025,0.01,10,True,,1000,10800,cats_reg_g30b150,True,abs,False,CATS,150,regions,MultiMinded,1000,MaxIter,234.29999999999995,2020.0417,4,1744.34,781.83899999999994,1170.6984,1923.123708180575,60.214574113162939,178.57686065546,1,30,22,74,61
75,30,39,AdaptiveCuttingAuction,0.025,0.01,10,True,,1000,10800,cats_reg_g30b150,True,abs,False,CATS,150,regions,MultiMinded,1000,MaxIter,391.8399999999999,2549.9302,10,1890.83,637.39099999999996,2270.4432,2202.8884115015289,1710.5962472107065,1930.0787688791706,10,46,21,93,69
76,30,36,AdaptiveCuttingAuction,0.025,0.01,10,True,,1000,10800,cats_reg_g30b150,True,abs,False,CATS,150,regions,MultiMinded,126,Balance,31.629999999999995,1970.4382,5,1633.82,405.01099999999997,1957.2915,1892.6750043024895,1842.0486293024894,1906.868987494074,20,43,3,79,66
77,30,34,AdaptiveCuttingAuction,0.025,0.01,10,True,,1000,10800,cats_reg_g30b150,True,abs,False,CATS,150,regions,MultiMinded,96,Balance,18.440000000000055,1646.3148,2,1576.38,831.28949999999998,1646.3148,1639.5151309501045,1597.9506559501044,1604.750325,1,30,0,72,64
78,30,34,AdaptiveCuttingAuction,0.025,0.01,10,True,,1000,10800,cats_reg_g30b150,True,abs,False,CATS,150,regions,MultiMinded,200,Balance,62.75,2412.1546,7,1881.66,768.41550000000007,2346.1201,2212.2735278644732,2097.011202864473,2251.9190377365348,17,46,11,76,64
79,30,29,AdaptiveCuttingAuction,0.025,0.01,10,True,,1000,10800,cats_reg_g30b150,True,abs,False,CATS,150,regions,MultiMinded,255,Balance,53.059999999999945,2267.359,3,2060.3,919.01300000000003,2267.359,2174.8329634025358,2105.9069884025357,2228.6801613525658,10,45,29,72,59
80,30,37,AdaptiveCuttingAuction,0.025,0.01,10,True,,1000,10800,cats_reg_g30b150,True,abs,False,CATS,150,regions,MultiMinded,496,Balance,165.49,2112.5864,7,1592.54,576.49599999999998,2080.0854,1924.5727889471091,1835.0814891937812,2006.6335692049449,16,47,21,85,67
81,30,33,AdaptiveCuttingAuction,0.025,0.01,10,True,,1000,10800,cats_reg_g30b150,True,abs,False,CATS,150,regions,MultiMinded,227,Balance,50.08999999999992,1652.215,4,1316.69,725.81600000000003,1652.215,1652.6277417828162,1580.046141782816,1588.8173755941159,14,42,40,75,63
82,30,35,AdaptiveCuttingAuction,0.025,0.01,10,True,,1000,10800,cats_reg_g30b150,True,abs,False,CATS,150,regions,MultiMinded,119,Balance,40.819999999999936,2109.0315,7,1900.31,619.13249999999994,2109.0315,2032.7827534789228,1934.3522782961791,2038.2440992453517,24,45,21,79,65
83,30,32,AdaptiveCuttingAuction,0.025,0.01,10,True,,1000,10800,cats_reg_g30b150,True,abs,False,CATS,150,regions,MultiMinded,71,Balance,14.280000000000086,2576.43019,7,2027.96,1059.6700000000001,2576.43019,2517.032100663338,2336.8882006633376,2423.5528891241261,5,31,7,72,62
84,30,34,AdaptiveCuttingAuction,0.025,0.01,10,True,,1000,10800,cats_reg_g30b150,True,abs,False,CATS,150,regions,MultiMinded,961,Balance,424.99,1983.6759000000002,6,1485.27,650.14099999999996,1943.082,1747.1002585695874,1656.9911427128213,1872.9261315143526,16,46,53,81,64
85,30,33,AdaptiveCuttingAuction,0.025,0.01,10,True,,1000,10800,cats_reg_g30b150,True,abs,False,CATS,150,regions,MultiMinded,67,Balance,11.920000000000073,1650.3177,5,1136.81,534.83399999999995,1650.3177,1591.7550282457139,1532.9232882457138,1608.055023119678,1,30,29,73,63
86,30,37,AdaptiveCuttingAuction,0.025,0.01,10,True,,1000,10800,cats_reg_g30b150,True,abs,False,CATS,150,regions,MultiMinded,31,Balance,6.509999999999991,2073.2363,6,1605.13,504.47649999999999,2069.3503,1881.3872630747246,1806.1485604927395,2006.2885715712446,11,44,1,79,67
87,30,34,AdaptiveCuttingAuction,0.025,0.01,10,True,,1000,10800,cats_reg_g30b150,True,abs,False,CATS,150,regions,MultiMinded,1000,MaxIter,406.48,2161.5317,10,1611.82,461.19499999999999,2039.5637000000002,2054.4622641567466,1644.9637209710145,1772.1828330111391,26,46,24,86,64
88,30,35,AdaptiveCuttingAuction,0.025,0.01,10,True,,1000,10800,cats_reg_g30b150,True,abs,False,CATS,150,regions,MultiMinded,579,Balance,166.06000000000006,1960.6723,9,1579.4,529.16499999999996,1950.6343,1861.5737830665576,1751.9990214678917,1857.695251992697,6,43,30,86,65
89,30,40,AdaptiveCuttingAuction,0.025,0.01,10,True,,1000,10800,cats_reg_g30b150,True,abs,False,CATS,150,regions,MultiMinded,56,Balance,13.100000000000023,2103.4608,12,1324.86,455.78500000000003,2103.4608,1687.0212988086369,1578.0239005233748,2007.8607872555779,1,29,11,88,70
90,30,36,AdaptiveCuttingAuction,0.025,0.01,10,True,,1000,10800,cats_reg_g30b150,True,abs,False,CATS,150,regions,MultiMinded,91,Balance,22.91999999999996,2252.2093,7,1749.09,686.99800000000005,2252.2093,2069.9997185162879,1970.3850085162881,2172.1367881634387,10,43,15,79,66
91,30,37,AdaptiveCuttingAuction,0.025,0.01,10,True,,1000,10800,cats_reg_g30b150,True,abs,False,CATS,150,regions,MultiMinded,73,Balance,21.57000000000005,2533.4677,9,1557.05,605.50300000000004,2524.7637,2078.5154496567247,1976.0993791101491,2437.2019446845143,6,43,20,81,67
92,30,37,AdaptiveCuttingAuction,0.025,0.01,10,True,,1000,10800,cats_reg_g30b150,True,abs,False,CATS,150,regions,MultiMinded,98,Balance,25.00999999999999,2087.0795,9,1557.29,467.12700000000001,2087.0795,1868.7205105269177,1763.6169355269176,1993.6532014195905,8,47,49,86,67
93,30,34,AdaptiveCuttingAuction,0.025,0.01,10,True,,1000,10800,cats_reg_g30b150,True,abs,False,CATS,150,regions,MultiMinded,87,Balance,21.029999999999973,2220.4165999999996,8,1477.09,531.97949999999992,2187.6236,2040.0528343253245,1933.6569343253245,2097.7305032252816,1,30,27,79,64
94,30,33,AdaptiveCuttingAuction,0.025,0.01,10,True,,1000,10800,cats_reg_g30b150,True,abs,False,CATS,150,regions,MultiMinded,257,Balance,86.19000000000005,2089.1439,6,1850.23,583.02999999999997,2075.2699000000002,1919.7007659922763,1858.790376566433,2032.3667331957599,11,47,21,79,63
95,30,36,AdaptiveCuttingAuction,0.025,0.01,10,True,,1000,10800,cats_reg_g30b150,True,abs,False,CATS,150,regions,MultiMinded,87,Balance,21.31000000000006,2218.1557,7,1747.55,732.99250000000006,2218.1557,2082.951349023585,1958.3426240235849,2104.4583252354955,9,46,31,80,66
96,30,33,AdaptiveCuttingAuction,0.025,0.01,10,True,,1000,10800,cats_reg_g30b150,True,abs,False,CATS,150,regions,MultiMinded,187,Balance,50.639999999999986,1873.9284000000002,4,1690.89,555.43200000000002,1873.9284000000002,1809.928574350005,1754.3853743500049,1838.3647772159541,15,44,87,76,63
97,30,37,AdaptiveCuttingAuction,0.025,0.01,10,True,,1000,10800,cats_reg_g30b150,True,abs,False,CATS,150,regions,MultiMinded,70,Balance,15.360000000000014,1853.4531000000002,10,1334.16,635.36699999999996,1849.0271000000002,1745.4299030869129,1603.7386269160286,1723.8546438553487,5,31,34,81,67
98,30,36,AdaptiveCuttingAuction,0.025,0.01,10,True,,1000,10800,cats_reg_g30b150,True,abs,False,CATS,150,regions,MultiMinded,89,Balance,19.529999999999973,2779.0163,8,2131.76,620.35799999999995,2779.0163,2706.0417754752493,2591.2755454752501,2680.8596609213778,6,39,44,80,66
99,30,37,AdaptiveCuttingAuction,0.025,0.01,10,True,,1000,10800,cats_reg_g30b150,True,abs,False,CATS,150,regions,MultiMinded,396,Balance,211.89999999999998,2286.8288000000002,5,1573.72,543.00099999999998,2286.8288000000002,2226.7107260296593,2168.5710291367482,2244.0778358934685,9,53,23,96,67
100,30,32,AdaptiveCuttingAuction,0.025,0.01,10,True,,1000,10800,cats_reg_g30b150,True,abs,False,CATS,150,regions,MultiMinded,169,Balance,32.31000000000006,1906.0085,9,1496.95,591.39400000000001,1906.0085,1716.3133111617626,1583.2496611617626,1796.1148873387604,17,46,55,77,62
