idx,items,agents,auction_class,epsilon,stepc,epoch,scalebyvalue,reserve_type,maxiter,maxtime,generator_param_name,personalized,expstrat,int_prices,generator,bids,distribution,type,rounds,status,runtime,efficient_value,final_num_winners,final_max_agent_value,final_scalevalue,final_value,final_total_price,final_revenue,final_indirect_util,final_price_degree,final_price_sparsity,final_imbalance,final_wd_nvars,final_wd_ncons
1,10,17,AdaptiveCuttingAuction,0.05,0.16,10,True,,1000,10800,cats_reg_g10b50,True,abs,False,CATS,50,regions,MultiMinded,71,Balance,3.4299999999998363,681.0817,4,513.163,288.52699999999999,681.0817,674.21884573022453,616.51344573022448,633.69947944799071,1,10,3,43,27
2,10,19,AdaptiveCuttingAuction,0.05,0.16,10,True,,1000,10800,cats_reg_g10b50,True,abs,False,CATS,50,regions,MultiMinded,60,Balance,3.3099999999999454,734.1289999999999,3,640.313,226.71899999999999,734.1289999999999,721.00307812087101,686.99522812087105,712.02050004507066,6,19,16,42,29
3,10,17,AdaptiveCuttingAuction,0.05,0.16,10,True,,1000,10800,cats_reg_g10b50,True,abs,False,CATS,50,regions,MultiMinded,52,Balance,2.8299999999999272,804.4359999999999,3,797.452,310.25200000000001,804.4359999999999,825.10863896723959,778.57083896723952,794.55805729295616,5,14,16,40,27
4,10,14,AdaptiveCuttingAuction,0.05,0.16,10,True,,1000,10800,cats_reg_g10b50,True,abs,False,CATS,50,regions,MultiMinded,44,Balance,1.8699999999998909,574.909,2,568.922,272.93700000000001,574.909,558.98891304453787,531.69521304453781,557.54838695546209,1,10,9,32,24
5,10,21,AdaptiveCuttingAuction,0.05,0.16,10,True,,1000,10800,cats_reg_g10b50,True,abs,False,CATS,50,regions,MultiMinded,68,Balance,3.419999999999618,650.6363,2,619.701,342.60149999999999,650.6363,655.47814506741793,621.21799506741786,621.37745314267784,1,10,18,44,31
6,10,17,AdaptiveCuttingAuction,0.05,0.16,10,True,,1000,10800,cats_reg_g10b50,True,abs,False,CATS,50,regions,MultiMinded,126,Balance,6.179999999999836,834.2848,4,784.19,470.66899999999998,834.2848,829.37669252980913,735.24289252980896,783.61559681065103,8,17,20,38,27
7,10,21,AdaptiveCuttingAuction,0.05,0.16,10,True,,1000,10800,cats_reg_g10b50,True,abs,False,CATS,50,regions,MultiMinded,71,Balance,5.190000000000055,854.667,4,696.341,343.76999999999998,843.06,852.29528172038806,783.54128172038816,794.40639643962811,9,24,4,47,31
8,10,18,AdaptiveCuttingAuction,0.05,0.16,10,True,,1000,10800,cats_reg_g10b50,True,abs,False,CATS,50,regions,MultiMinded,104,Balance,6.679999999999836,663.572,3,592.441,275.35000000000002,663.572,651.89282081236524,610.59032081236512,632.56999883019478,6,14,11,40,28
9,10,18,AdaptiveCuttingAuction,0.05,0.16,10,True,,1000,10800,cats_reg_g10b50,True,abs,False,CATS,50,regions,MultiMinded,41,Balance,2.5300000000002,724.6032999999999,4,611.583,280.12,724.6032999999999,719.05811204060433,663.03411204060433,680.2684909412867,5,15,6,39,28
10,10,23,AdaptiveCuttingAuction,0.05,0.16,10,True,,1000,10800,cats_reg_g10b50,True,abs,False,CATS,50,regions,MultiMinded,70,Balance,3.949999999999818,946.3547,4,784.828,433.57950000000005,946.3547,892.99763042511506,823.90324584018867,894.43324118391342,5,15,7,49,33
11,10,16,AdaptiveCuttingAuction,0.05,0.16,10,True,,1000,10800,cats_reg_g10b50,True,abs,False,CATS,50,regions,MultiMinded,79,Balance,4.619999999999891,724.662,1,724.662,403.49950000000001,724.662,703.4326405839887,683.25766558398868,704.48702500000002,8,14,0,35,26
12,10,16,AdaptiveCuttingAuction,0.05,0.16,10,True,,1000,10800,cats_reg_g10b50,True,abs,False,CATS,50,regions,MultiMinded,46,Balance,2.0100000000002183,522.114,1,522.114,283.13549999999998,522.114,502.22459034414709,488.06781534414711,521.39635042999305,1,10,12,38,26
13,10,17,AdaptiveCuttingAuction,0.05,0.16,10,True,,1000,10800,cats_reg_g10b50,True,abs,False,CATS,50,regions,MultiMinded,42,Balance,1.9700000000002547,778.1078,2,718.401,353.04300000000001,778.1078,785.05122964557017,749.74692964557016,770.94045735719021,1,10,9,40,27
14,10,17,AdaptiveCuttingAuction,0.05,0.16,10,True,,1000,10800,cats_reg_g10b50,True,abs,False,CATS,50,regions,MultiMinded,45,Balance,2.0,588.9796,2,575.883,307.69200000000001,588.9796,557.48306380343013,542.00358798985189,591.7764348304604,1,10,8,35,27
15,10,17,AdaptiveCuttingAuction,0.05,0.16,10,True,,1000,10800,cats_reg_g10b50,True,abs,False,CATS,50,regions,MultiMinded,69,Balance,3.3099999999999454,634.994,2,600.13,422.91899999999998,634.994,622.48598966707812,580.19408966707806,617.85561034494049,1,10,28,37,27
16,10,26,AdaptiveCuttingAuction,0.05,0.16,10,True,,1000,10800,cats_reg_g10b50,True,abs,False,CATS,50,regions,MultiMinded,142,Balance,8.989999999999782,519.6692,2,485.933,278.584,519.6692,520.79412505500761,492.93572505500765,495.65662724761364,2,11,9,54,36
17,10,16,AdaptiveCuttingAuction,0.05,0.16,10,True,,1000,10800,cats_reg_g10b50,True,abs,False,CATS,50,regions,MultiMinded,38,Balance,1.8699999999998909,910.0260000000001,3,815.656,322.738,910.0260000000001,914.0753238026299,865.66462380262988,894.71204405916581,1,10,17,35,26
18,10,18,AdaptiveCuttingAuction,0.05,0.16,10,True,,1000,10800,cats_reg_g10b50,True,abs,False,CATS,50,regions,MultiMinded,70,Balance,3.769999999999982,982.461,2,932.103,367.83500000000004,982.461,986.61802622746643,949.83452622746643,950.42734590523128,5,14,9,44,28
19,10,19,AdaptiveCuttingAuction,0.05,0.16,10,True,,1000,10800,cats_reg_g10b50,True,abs,False,CATS,50,regions,MultiMinded,112,Balance,6.450000000000273,903.4849999999999,2,826.774,559.33850000000007,903.4849999999999,948.3134483737565,892.37959837375638,908.80057511852192,10,21,17,43,29
20,10,21,AdaptiveCuttingAuction,0.05,0.16,10,True,,1000,10800,cats_reg_g10b50,True,abs,False,CATS,50,regions,MultiMinded,58,Balance,3.3700000000003456,780.3014999999999,6,637.779,268.37200000000001,780.3014999999999,737.68512759105715,657.17352759105722,713.18206577838805,6,16,2,46,31
21,10,17,AdaptiveCuttingAuction,0.05,0.16,10,True,,1000,10800,cats_reg_g10b50,True,abs,False,CATS,50,regions,MultiMinded,33,Balance,1.5399999999999636,869.309,3,770.684,361.69299999999998,869.309,811.70815782371756,757.45420782371752,837.81724503691737,1,10,8,39,27
22,10,16,AdaptiveCuttingAuction,0.05,0.16,10,True,,1000,10800,cats_reg_g10b50,True,abs,False,CATS,50,regions,MultiMinded,431,Balance,31.11999999999989,827.155,2,792.758,416.87799999999999,773.9590000000001,788.62672620220917,746.93892620220925,764.79462225148131,9,27,18,41,26
23,10,21,AdaptiveCuttingAuction,0.05,0.16,10,True,,1000,10800,cats_reg_g10b50,True,abs,False,CATS,50,regions,MultiMinded,80,Balance,4.559999999999945,926.9879999999999,5,813.726,269.07900000000001,926.9879999999999,903.20703982608438,835.93728982608445,870.84693202388632,3,231,10,47,31
24,10,23,AdaptiveCuttingAuction,0.05,0.16,10,True,,1000,10800,cats_reg_g10b50,True,abs,False,CATS,50,regions,MultiMinded,134,Balance,9.220000000000255,822.2049999999999,4,635.81,377.13200000000001,822.2049999999999,837.85683607814349,762.43043607814343,785.98382967142516,7,22,26,53,33
25,10,22,AdaptiveCuttingAuction,0.05,0.16,10,True,,1000,10800,cats_reg_g10b50,True,abs,False,CATS,50,regions,MultiMinded,149,Balance,11.190000000000055,534.8185,2,446.519,197.68200000000002,534.8185,520.32633064625202,500.55813064625204,516.33543588121506,9,24,9,48,32
26,10,17,AdaptiveCuttingAuction,0.05,0.16,10,True,,1000,10800,cats_reg_g10b50,True,abs,False,CATS,50,regions,MultiMinded,44,Balance,1.9600000000000364,716.487,1,716.487,299.23599999999999,716.487,696.83149730191133,681.86969730191129,701.52519999999993,1,10,0,36,27
27,10,17,AdaptiveCuttingAuction,0.05,0.16,10,True,,1000,10800,cats_reg_g10b50,True,abs,False,CATS,50,regions,MultiMinded,55,Balance,2.7599999999997635,811.1127,4,667.768,330.15700000000004,811.1127,823.74427542552269,757.71287542552284,775.36909348293932,5,15,12,43,27
28,10,18,AdaptiveCuttingAuction,0.05,0.16,10,True,,1000,10800,cats_reg_g10b50,True,abs,False,CATS,50,regions,MultiMinded,55,Balance,2.7199999999998,818.682,3,802.322,385.84800000000001,818.682,828.29882696547656,770.42162696547643,802.88079934736015,1,10,17,41,28
29,10,20,AdaptiveCuttingAuction,0.05,0.16,10,True,,1000,10800,cats_reg_g10b50,True,abs,False,CATS,50,regions,MultiMinded,57,Balance,3.1399999999998727,767.6940999999999,4,746.709,446.00549999999998,752.0042000000001,742.6506048991032,653.4495048991032,707.8944230190159,1,10,17,42,30
30,10,18,AdaptiveCuttingAuction,0.05,0.16,10,True,,1000,10800,cats_reg_g10b50,True,abs,False,CATS,50,regions,MultiMinded,185,Balance,11.400000000000091,794.5821000000001,3,739.446,385.6635,792.0011000000001,781.16546789443476,723.31594289443467,786.75740342680444,9,20,24,42,28
31,10,21,AdaptiveCuttingAuction,0.05,0.16,10,True,,1000,10800,cats_reg_g10b50,True,abs,False,CATS,50,regions,MultiMinded,64,Balance,3.6399999999998727,818.388,2,733.06,325.495,818.388,844.04222806949349,811.49272806949341,816.34093987993015,7,17,16,43,31
32,10,20,AdaptiveCuttingAuction,0.05,0.16,10,True,,1000,10800,cats_reg_g10b50,True,abs,False,CATS,50,regions,MultiMinded,47,Balance,3.130000000000109,637.3713,4,533.498,304.15100000000001,636.0468,657.03582697803461,596.2056269780345,604.00863775491757,6,15,17,45,30
33,10,16,AdaptiveCuttingAuction,0.05,0.16,10,True,,1000,10800,cats_reg_g10b50,True,abs,False,CATS,50,regions,MultiMinded,26,Balance,1.150000000000091,560.5032,2,498.34,219.72300000000001,560.5032,546.50968271893055,524.53738271893064,545.43502658841896,1,10,2,34,26
34,10,20,AdaptiveCuttingAuction,0.05,0.16,10,True,,1000,10800,cats_reg_g10b50,True,abs,False,CATS,50,regions,MultiMinded,48,Balance,2.3899999999998727,726.3012,4,568.454,249.64099999999999,726.3012,711.56599106483998,661.63779106483992,693.001281566702,1,10,5,44,30
35,10,27,AdaptiveCuttingAuction,0.05,0.16,10,True,,1000,10800,cats_reg_g10b50,True,abs,False,CATS,50,regions,MultiMinded,101,Balance,7.630000000000109,858.175,2,722.988,380.87900000000002,858.175,848.89212782146672,810.80422782146672,820.08709999999996,7,17,0,54,37
36,10,17,AdaptiveCuttingAuction,0.05,0.16,10,True,,1000,10800,cats_reg_g10b50,True,abs,False,CATS,50,regions,MultiMinded,51,Balance,2.400000000000091,716.498,1,716.498,379.51999999999998,716.498,709.88508199477826,690.90908199477826,722.76935649168877,1,10,10,36,27
37,10,20,AdaptiveCuttingAuction,0.05,0.16,10,True,,1000,10800,cats_reg_g10b50,True,abs,False,CATS,50,regions,MultiMinded,45,Balance,2.2600000000002183,824.835,3,630.222,329.92600000000004,824.835,815.58012823305171,766.09122823305165,791.81613701002607,1,10,5,41,30
38,10,18,AdaptiveCuttingAuction,0.05,0.16,10,True,,1000,10800,cats_reg_g10b50,True,abs,False,CATS,50,regions,MultiMinded,166,Balance,11.019999999999982,825.56,1,825.56,471.01400000000001,825.56,843.07467822420688,819.52397822420687,819.52397822420687,8,17,10,42,28
39,10,25,AdaptiveCuttingAuction,0.05,0.16,10,True,,1000,10800,cats_reg_g10b50,True,abs,False,CATS,50,regions,MultiMinded,40,Balance,2.1700000000000728,948.5501,5,753.385,196.10050000000001,948.5501,940.49555313674182,891.47042813674182,920.05829357615266,1,10,9,50,35
40,10,22,AdaptiveCuttingAuction,0.05,0.16,10,True,,1000,10800,cats_reg_g10b50,True,abs,False,CATS,50,regions,MultiMinded,199,Balance,13.819999999999709,694.64,2,671.57,320.48500000000001,694.64,696.0259228744967,663.97742287449671,664.52516293598649,9,22,12,52,32
41,10,18,AdaptiveCuttingAuction,0.05,0.16,10,True,,1000,10800,cats_reg_g10b50,True,abs,False,CATS,50,regions,MultiMinded,39,Balance,1.8299999999999272,919.5834,3,833.068,428.51799999999997,919.5834,888.0247735274047,823.74707352740484,880.1740178856453,1,10,6,39,28
42,10,21,AdaptiveCuttingAuction,0.05,0.16,10,True,,1000,10800,cats_reg_g10b50,True,abs,False,CATS,50,regions,MultiMinded,70,Balance,3.8399999999996908,722.396,1,722.396,339.44,722.396,721.41959379899993,704.44759379899995,707.71398499279621,9,15,3,44,31
43,10,20,AdaptiveCuttingAuction,0.05,0.16,10,True,,1000,10800,cats_reg_g10b50,True,abs,False,CATS,50,regions,MultiMinded,35,Balance,1.8100000000004002,820.8240000000001,2,681.374,265.63999999999999,820.8240000000001,806.84171531699599,780.27771531699591,805.22822091391731,1,10,8,44,30
44,10,19,AdaptiveCuttingAuction,0.05,0.16,10,True,,1000,10800,cats_reg_g10b50,True,abs,False,CATS,50,regions,MultiMinded,112,Balance,8.66000000000031,607.363,3,484.926,277.04599999999999,590.487,581.09231851740378,539.53541851740385,576.57575895399282,9,23,19,50,29
45,10,20,AdaptiveCuttingAuction,0.05,0.16,10,True,,1000,10800,cats_reg_g10b50,True,abs,False,CATS,50,regions,MultiMinded,42,Balance,2.0600000000004,687.7891,5,510.577,285.93000000000001,687.7891,654.95918257344397,597.666283735506,642.95761108558418,1,10,7,42,30
46,10,19,AdaptiveCuttingAuction,0.05,0.16,10,True,,1000,10800,cats_reg_g10b50,True,abs,False,CATS,50,regions,MultiMinded,47,Balance,2.299999999999727,810.368,2,810.368,345.00850000000003,808.7297,802.67309226855537,768.17224226855546,781.73910011688122,1,10,1,41,29
47,10,18,AdaptiveCuttingAuction,0.05,0.16,10,True,,1000,10800,cats_reg_g10b50,True,abs,False,CATS,50,regions,MultiMinded,62,Balance,3.569999999999709,759.477,2,738.963,363.25599999999997,759.477,756.00623709744764,719.68063709744763,735.35755491363568,8,16,18,42,28
48,10,29,AdaptiveCuttingAuction,0.05,0.16,10,True,,1000,10800,cats_reg_g10b50,True,abs,False,CATS,50,regions,MultiMinded,99,Balance,6.320000000000164,726.774,3,661.833,328.96899999999999,726.774,712.2774872905751,662.93213729057516,683.90471065310737,1,10,8,61,39
49,10,23,AdaptiveCuttingAuction,0.05,0.16,10,True,,1000,10800,cats_reg_g10b50,True,abs,False,CATS,50,regions,MultiMinded,63,Balance,3.800000000000182,587.5914,6,462.576,216.20049999999998,587.5914,567.53177681267834,502.67162681267837,531.67788020658065,4,16,3,51,33
50,10,17,AdaptiveCuttingAuction,0.05,0.16,10,True,,1000,10800,cats_reg_g10b50,True,abs,False,CATS,50,regions,MultiMinded,31,Balance,1.4099999999998545,945.836,4,681.012,323.851,945.836,927.88166770425494,863.11146770425501,908.55888178803809,1,10,8,35,27
51,10,25,AdaptiveCuttingAuction,0.05,0.16,10,True,,1000,10800,cats_reg_g10b50,True,abs,False,CATS,50,regions,MultiMinded,69,Balance,4.5,831.2631000000001,3,644.905,285.66050000000001,831.2631000000001,804.79273803881961,761.94366303881952,796.61775337594565,5,12,10,51,35
52,10,19,AdaptiveCuttingAuction,0.05,0.16,10,True,,1000,10800,cats_reg_g10b50,True,abs,False,CATS,50,regions,MultiMinded,45,Balance,2.130000000000109,608.391,1,608.391,276.31299999999999,608.391,575.33839843703447,561.52274843703447,609.99544973735135,1,10,21,40,29
53,10,21,AdaptiveCuttingAuction,0.05,0.16,10,True,,1000,10800,cats_reg_g10b50,True,abs,False,CATS,50,regions,MultiMinded,106,Balance,6.699999999999818,623.5598,4,612.518,167.23250000000002,623.5598,615.13476499695912,581.68826499695911,609.34779559345895,6,18,18,45,31
54,10,20,AdaptiveCuttingAuction,0.05,0.16,10,True,,1000,10800,cats_reg_g10b50,True,abs,False,CATS,50,regions,MultiMinded,52,Balance,2.9600000000000364,1040.322,4,967.436,414.12850000000003,1039.9794,1026.8532260695927,944.0275260695928,987.64399056389823,7,14,5,44,30
55,10,17,AdaptiveCuttingAuction,0.05,0.16,10,True,,1000,10800,cats_reg_g10b50,True,abs,False,CATS,50,regions,MultiMinded,23,Balance,1.1799999999998363,1001.244,2,739.168,309.35699999999997,1001.244,918.62712394043888,887.69142394043888,970.30830000000014,7,12,0,34,27
56,10,17,AdaptiveCuttingAuction,0.05,0.16,10,True,,1000,10800,cats_reg_g10b50,True,abs,False,CATS,50,regions,MultiMinded,88,Balance,4.7199999999998,674.3464,3,592.43,348.80000000000001,659.3265,648.11848211582515,595.7984821158251,630.51678733257188,6,15,15,37,27
57,10,20,AdaptiveCuttingAuction,0.05,0.16,10,True,,1000,10800,cats_reg_g10b50,True,abs,False,CATS,50,regions,MultiMinded,58,Balance,2.9600000000000364,783.158,3,568.928,268.62299999999999,783.158,766.45582854440454,726.16237854440453,768.25024657764334,9,17,9,43,30
58,10,21,AdaptiveCuttingAuction,0.05,0.16,10,True,,1000,10800,cats_reg_g10b50,True,abs,False,CATS,50,regions,MultiMinded,67,Balance,3.569999999999709,871.9079999999999,2,791.212,427.88200000000001,871.9079999999999,868.97344804069166,826.1852480406917,848.6653016070203,1,10,8,46,31
59,10,28,AdaptiveCuttingAuction,0.05,0.16,10,True,,1000,10800,cats_reg_g10b50,True,abs,False,CATS,50,regions,MultiMinded,124,Balance,8.549999999999727,875.1772,3,803.796,406.47899999999998,875.1772,881.67911255886122,820.7072625588612,832.53314904526337,1,10,11,59,38
60,10,22,AdaptiveCuttingAuction,0.05,0.16,10,True,,1000,10800,cats_reg_g10b50,True,abs,False,CATS,50,regions,MultiMinded,64,Balance,3.5599999999999454,716.1357,3,662.173,358.10899999999998,716.1357,704.12163163113632,650.4052816311364,689.59790075323326,5,16,10,46,32
61,10,19,AdaptiveCuttingAuction,0.05,0.16,10,True,,1000,10800,cats_reg_g10b50,True,abs,False,CATS,50,regions,MultiMinded,45,Balance,2.319999999999709,756.948,3,553.212,307.67700000000002,720.7754,710.69041744417325,664.53886744417321,687.97198321047449,5,14,7,42,29
62,10,20,AdaptiveCuttingAuction,0.05,0.16,10,True,,1000,10800,cats_reg_g10b50,True,abs,False,CATS,50,regions,MultiMinded,33,Balance,1.6200000000003456,962.414,4,839.979,365.63299999999998,959.2605000000001,951.65263304135419,878.52603304135403,898.71981257177731,1,10,8,42,30
63,10,20,AdaptiveCuttingAuction,0.05,0.16,10,True,,1000,10800,cats_reg_g10b50,True,abs,False,CATS,50,regions,MultiMinded,41,Balance,2.449999999999818,966.8963000000001,4,783.33,502.36099999999999,966.8963000000001,898.15485154388568,797.68265154388564,907.69962362600131,1,10,18,42,30
64,10,24,AdaptiveCuttingAuction,0.05,0.16,10,True,,1000,10800,cats_reg_g10b50,True,abs,False,CATS,50,regions,MultiMinded,72,Balance,4.7800000000002,784.4846,2,723.45,238.8545,784.4846,771.73432145423203,747.84887145423204,762.85583005783053,7,13,3,48,34
65,10,18,AdaptiveCuttingAuction,0.05,0.16,10,True,,1000,10800,cats_reg_g10b50,True,abs,False,CATS,50,regions,MultiMinded,39,Balance,2.1600000000003092,863.3610000000001,3,758.102,337.34500000000003,856.6320000000001,840.96274215799815,790.36099215799811,828.39510897572109,7,16,12,37,28
66,10,18,AdaptiveCuttingAuction,0.05,0.16,10,True,,1000,10800,cats_reg_g10b50,True,abs,False,CATS,50,regions,MultiMinded,65,Balance,3.230000000000018,852.079,2,807.329,372.65700000000004,847.679,848.70330911746373,811.43760911746369,838.54027506096725,1,10,17,37,28
67,10,27,AdaptiveCuttingAuction,0.05,0.16,10,True,,1000,10800,cats_reg_g10b50,True,abs,False,CATS,50,regions,MultiMinded,55,Balance,3.3200000000001637,860.8598,2,789.183,223.39999999999998,860.8598,869.76417942062858,847.42417942062866,848.72379579136748,1,10,9,54,37
68,10,20,AdaptiveCuttingAuction,0.05,0.16,10,True,,1000,10800,cats_reg_g10b50,True,abs,False,CATS,50,regions,MultiMinded,55,Balance,3.800000000000182,535.1916,4,486.692,201.834,535.1916,535.21854859400185,494.85174859400189,512.1188963918903,6,14,9,44,30
69,10,20,AdaptiveCuttingAuction,0.05,0.16,10,True,,1000,10800,cats_reg_g10b50,True,abs,False,CATS,50,regions,MultiMinded,52,Balance,2.6399999999998727,550.5322,3,423.552,212.09399999999999,550.5322,518.05494658275825,486.24084658275831,524.31922614296263,1,10,2,42,30
70,10,18,AdaptiveCuttingAuction,0.05,0.16,10,True,,1000,10800,cats_reg_g10b50,True,abs,False,CATS,50,regions,MultiMinded,157,Balance,9.659999999999854,965.81,3,780.078,273.52800000000002,965.81,853.26172754331037,812.2325275433102,935.06097308479582,9,21,7,39,28
71,10,17,AdaptiveCuttingAuction,0.05,0.16,10,True,,1000,10800,cats_reg_g10b50,True,abs,False,CATS,50,regions,MultiMinded,127,Balance,8.579999999999927,745.048,3,745.048,330.73000000000002,724.974,759.62534306030716,710.01584306030713,735.50831704290397,6,21,29,42,27
72,10,23,AdaptiveCuttingAuction,0.05,0.16,10,True,,1000,10800,cats_reg_g10b50,True,abs,False,CATS,50,regions,MultiMinded,52,Balance,2.9400000000000546,619.2275000000001,7,497.631,317.09799999999996,619.2275000000001,601.82994440095752,490.84564440095761,535.01622168912661,4,14,3,48,33
73,10,20,AdaptiveCuttingAuction,0.05,0.16,10,True,,1000,10800,cats_reg_g10b50,True,abs,False,CATS,50,regions,MultiMinded,95,Balance,5.289999999999964,675.2625,2,656.76,362.82400000000001,675.0855,660.06775337160184,623.78535337160179,661.82052559280476,9,13,16,50,30
74,10,26,AdaptiveCuttingAuction,0.05,0.16,10,True,,1000,10800,cats_reg_g10b50,True,abs,False,CATS,50,regions,MultiMinded,51,Balance,3.069999999999709,942.6876,2,890.025,245.483,942.6876,932.84286510567381,908.29456510567388,932.62199432440718,1,10,10,56,36
75,10,15,AdaptiveCuttingAuction,0.05,0.16,10,True,,1000,10800,cats_reg_g10b50,True,abs,False,CATS,50,regions,MultiMinded,45,Balance,2.0,986.353,1,977.088,450.65550000000002,977.088,976.52375863262171,953.99098363262169,981.88980776120502,1,10,14,34,25
76,10,22,AdaptiveCuttingAuction,0.05,0.16,10,True,,1000,10800,cats_reg_g10b50,True,abs,False,CATS,50,regions,MultiMinded,55,Balance,3.0900000000001455,900.434,6,820.61,441.17500000000001,900.434,926.30908662080583,793.95658662080575,824.23604153403073,1,10,11,46,32
77,10,19,AdaptiveCuttingAuction,0.05,0.16,10,True,,1000,10800,cats_reg_g10b50,True,abs,False,CATS,50,regions,MultiMinded,77,Balance,4.5600000000004,505.8682,3,489.633,293.4085,502.3022,515.07588805068735,471.0646130506874,476.12622921175466,9,15,10,41,29
78,10,15,AdaptiveCuttingAuction,0.05,0.16,10,True,,1000,10800,cats_reg_g10b50,True,abs,False,CATS,50,regions,MultiMinded,48,Balance,2.1099999999996726,723.896,1,723.896,268.85500000000002,723.896,736.84020517095041,723.39745517095037,723.39745517095037,1,10,10,33,25
79,10,20,AdaptiveCuttingAuction,0.05,0.16,10,True,,1000,10800,cats_reg_g10b50,True,abs,False,CATS,50,regions,MultiMinded,63,Balance,4.460000000000036,830.055,3,715.055,304.07849999999996,830.055,828.75067709812345,783.13890209812337,793.64927672750957,9,17,6,42,30
80,10,23,AdaptiveCuttingAuction,0.05,0.16,10,True,,1000,10800,cats_reg_g10b50,True,abs,False,CATS,50,regions,MultiMinded,56,Balance,3.150000000000091,858.2552999999999,5,815.519,326.65449999999998,858.2552999999999,841.31927924827471,759.6556542482748,797.2932547346096,1,10,9,49,33
81,10,19,AdaptiveCuttingAuction,0.05,0.16,10,True,,1000,10800,cats_reg_g10b50,True,abs,False,CATS,50,regions,MultiMinded,40,Balance,2.3299999999999272,731.2354999999999,3,657.74,318.25649999999996,731.2354999999999,733.00486875921581,685.26639375921582,707.81830604319362,3,13,13,42,29
82,10,20,AdaptiveCuttingAuction,0.05,0.16,10,True,,1000,10800,cats_reg_g10b50,True,abs,False,CATS,50,regions,MultiMinded,88,Balance,7.119999999999891,799.819,3,670.65,230.49700000000001,792.4733,761.41406938837076,726.83951938837072,791.40070529271657,9,25,19,46,30
83,10,18,AdaptiveCuttingAuction,0.05,0.16,10,True,,1000,10800,cats_reg_g10b50,True,abs,False,CATS,50,regions,MultiMinded,50,Balance,2.5300000000002,778.391,2,740.964,303.2475,778.391,774.7521852407591,744.42743524075911,776.02878110356846,1,10,10,40,28
84,10,19,AdaptiveCuttingAuction,0.05,0.16,10,True,,1000,10800,cats_reg_g10b50,True,abs,False,CATS,50,regions,MultiMinded,45,Balance,2.2200000000002547,653.4665,4,531.36,233.98450000000003,653.4665,639.84223646517626,593.04533646517632,618.07368078261015,3,12,5,41,29
85,10,16,AdaptiveCuttingAuction,0.05,0.16,10,True,,1000,10800,cats_reg_g10b50,True,abs,False,CATS,50,regions,MultiMinded,33,Balance,1.5299999999997453,738.6202000000001,4,623.355,332.00099999999998,738.6202000000001,739.62138305191922,673.2211830519193,689.16962864052516,1,10,9,36,26
86,10,17,AdaptiveCuttingAuction,0.05,0.16,10,True,,1000,10800,cats_reg_g10b50,True,abs,False,CATS,50,regions,MultiMinded,51,Balance,2.3599999999996726,772.54,2,646.076,287.08299999999997,772.54,760.20223929293149,731.49393929293149,750.92185116714404,1,10,12,37,27
87,10,18,AdaptiveCuttingAuction,0.05,0.16,10,True,,1000,10800,cats_reg_g10b50,True,abs,False,CATS,50,regions,MultiMinded,86,Balance,5.179999999999836,883.32347,3,801.709,428.95349999999996,836.6344700000001,840.24033347821057,787.65019374951578,802.91182499248146,9,19,25,38,28
88,10,20,AdaptiveCuttingAuction,0.05,0.16,10,True,,1000,10800,cats_reg_g10b50,True,abs,False,CATS,50,regions,MultiMinded,65,Balance,3.919999999999618,662.7294999999999,4,622.783,332.80799999999999,662.7294999999999,662.23309939247611,595.67149939247611,613.32112595747753,5,15,6,41,30
89,10,26,AdaptiveCuttingAuction,0.05,0.16,10,True,,1000,10800,cats_reg_g10b50,True,abs,False,CATS,50,regions,MultiMinded,164,Balance,13.299999999999727,844.3882,3,703.836,361.93200000000002,821.2162,824.96199123524946,770.67219123524956,790.00215338090777,9,22,12,58,36
90,10,21,AdaptiveCuttingAuction,0.05,0.16,10,True,,1000,10800,cats_reg_g10b50,True,abs,False,CATS,50,regions,MultiMinded,93,Balance,6.5300000000002,1011.3232,5,890.879,348.79300000000001,966.4754,935.82137955576354,848.6231295557634,917.1230902635391,9,21,8,44,31
91,10,17,AdaptiveCuttingAuction,0.05,0.16,10,True,,1000,10800,cats_reg_g10b50,True,abs,False,CATS,50,regions,MultiMinded,102,Balance,5.920000000000073,890.575,1,890.575,535.99700000000007,890.575,884.61625713706133,857.81640713706133,863.77515000000005,9,14,0,36,27
92,10,22,AdaptiveCuttingAuction,0.05,0.16,10,True,,1000,10800,cats_reg_g10b50,True,abs,False,CATS,50,regions,MultiMinded,51,Balance,3.1399999999998727,683.1735,2,627.133,263.76300000000003,683.1735,674.12043528351126,647.74413528351135,662.5103277456418,3,12,11,48,32
93,10,20,AdaptiveCuttingAuction,0.05,0.16,10,True,,1000,10800,cats_reg_g10b50,True,abs,False,CATS,50,regions,MultiMinded,77,Balance,4.150000000000091,931.509,1,931.509,347.88099999999997,931.509,899.15125268509257,881.75720268509258,951.1258097156616,1,10,10,44,30
94,10,15,AdaptiveCuttingAuction,0.05,0.16,10,True,,1000,10800,cats_reg_g10b50,True,abs,False,CATS,50,regions,MultiMinded,33,Balance,1.4900000000002365,772.037,1,770.337,295.54650000000004,770.337,763.46021038267645,748.68288538267643,801.53778883524024,1,10,21,31,25
95,10,17,AdaptiveCuttingAuction,0.05,0.16,10,True,,1000,10800,cats_reg_g10b50,True,abs,False,CATS,50,regions,MultiMinded,38,Balance,1.650000000000091,901.2369,3,849.224,408.67100000000005,901.2369,849.32027075419455,788.01962075419465,878.37426221482633,1,10,17,36,27
96,10,19,AdaptiveCuttingAuction,0.05,0.16,10,True,,1000,10800,cats_reg_g10b50,True,abs,False,CATS,50,regions,MultiMinded,45,Balance,2.1900000000000546,752.0848,3,651.493,368.70849999999996,752.0848,728.4612811909692,673.15500619096917,708.49933380756886,1,10,11,42,29
97,10,20,AdaptiveCuttingAuction,0.05,0.16,10,True,,1000,10800,cats_reg_g10b50,True,abs,False,CATS,50,regions,MultiMinded,66,Balance,3.7100000000000364,657.92043,3,602.694,360.185,657.92043,651.85695187928377,615.1274143208617,633.02936483616713,7,17,17,45,30
98,10,20,AdaptiveCuttingAuction,0.05,0.16,10,True,,1000,10800,cats_reg_g10b50,True,abs,False,CATS,50,regions,MultiMinded,33,Balance,1.6399999999998727,1047.5140999999999,4,870.711,386.798,1047.5140999999999,1055.9534635468431,978.59386354684307,986.90598335526636,1,10,7,41,30
99,10,22,AdaptiveCuttingAuction,0.05,0.16,10,True,,1000,10800,cats_reg_g10b50,True,abs,False,CATS,50,regions,MultiMinded,66,Balance,4.949999999999818,1044.344,5,687.143,366.375,1044.344,1021.3758835394433,929.78213353944318,953.90886106219966,4,16,6,48,32
100,10,21,AdaptiveCuttingAuction,0.05,0.16,10,True,,1000,10800,cats_reg_g10b50,True,abs,False,CATS,50,regions,MultiMinded,63,Balance,3.7200000000002547,587.8678,2,515.864,141.49099999999999,587.8678,570.97063706051563,556.82153706051554,579.35070311821551,5,14,9,43,31
