idx,items,agents,auction_class,epsilon,stepc,epoch,scalebyvalue,reserve_type,maxiter,maxtime,generator_param_name,personalized,expstrat,int_prices,generator,bids,distribution,type,rounds,status,runtime,efficient_value,final_num_winners,final_max_agent_value,final_scalevalue,final_value,final_total_price,final_revenue,final_indirect_util,final_price_degree,final_price_sparsity,final_imbalance,final_wd_nvars,final_wd_ncons
1,10,17,AdaptiveCuttingAuction,0.2,0.08,10,True,,1000,10800,cats_reg_g10b50,True,abs,False,CATS,50,regions,MultiMinded,36,Balance,1.6799999999993815,681.0817,3,513.163,288.52699999999999,663.8767,717.73806559375839,544.62186559375846,549.53401087222198,1,10,8,38,27
2,10,19,AdaptiveCuttingAuction,0.2,0.08,10,True,,1000,10800,cats_reg_g10b50,True,abs,False,CATS,50,regions,MultiMinded,22,Balance,1.1599999999998545,734.1289999999999,3,640.313,226.71899999999999,734.1289999999999,748.52964672504334,612.49824672504326,670.26650222379817,4,12,16,39,29
3,10,17,AdaptiveCuttingAuction,0.2,0.08,10,True,,1000,10800,cats_reg_g10b50,True,abs,False,CATS,50,regions,MultiMinded,21,Balance,1.2899999999999636,804.4359999999999,3,797.452,310.25200000000001,773.636,820.39452205910425,634.24332205910423,698.61599695187397,1,10,26,38,27
4,10,14,AdaptiveCuttingAuction,0.2,0.08,10,True,,1000,10800,cats_reg_g10b50,True,abs,False,CATS,50,regions,MultiMinded,14,Balance,0.5700000000006185,574.909,2,568.922,272.93700000000001,574.909,626.99269606795997,517.81789606795985,529.9450609812061,1,10,8,30,24
5,10,21,AdaptiveCuttingAuction,0.2,0.08,10,True,,1000,10800,cats_reg_g10b50,True,abs,False,CATS,50,regions,MultiMinded,32,Balance,1.6499999999996362,650.6363,2,619.701,342.60149999999999,650.6363,708.96786081228299,608.32115071372414,633.49279194006613,1,10,18,42,31
6,10,17,AdaptiveCuttingAuction,0.2,0.08,10,True,,1000,10800,cats_reg_g10b50,True,abs,False,CATS,50,regions,MultiMinded,45,Balance,2.1299999999991996,834.2848,1,784.19,470.66899999999998,784.19,849.47723945247287,755.34343945247292,831.81044757114819,1,10,29,36,27
7,10,21,AdaptiveCuttingAuction,0.2,0.08,10,True,,1000,10800,cats_reg_g10b50,True,abs,False,CATS,50,regions,MultiMinded,33,Balance,1.9699999999993452,854.667,4,696.341,343.76999999999998,843.06,950.83545534303892,675.81945534303873,703.86159927365998,7,15,15,44,31
8,10,18,AdaptiveCuttingAuction,0.2,0.08,10,True,,1000,10800,cats_reg_g10b50,True,abs,False,CATS,50,regions,MultiMinded,77,Balance,4.009999999999309,663.572,4,592.441,275.35000000000002,615.9541,657.33791500581935,437.05791500581932,446.42557642267985,7,14,10,39,28
9,10,18,AdaptiveCuttingAuction,0.2,0.08,10,True,,1000,10800,cats_reg_g10b50,True,abs,False,CATS,50,regions,MultiMinded,23,Balance,1.0,724.6032999999999,4,611.583,280.12,724.6032999999999,710.10376266540732,486.00776266540731,516.23874696302323,1,10,8,37,28
10,10,23,AdaptiveCuttingAuction,0.2,0.08,10,True,,1000,10800,cats_reg_g10b50,True,abs,False,CATS,50,regions,MultiMinded,46,Balance,2.699999999999818,946.3547,4,784.828,433.57950000000005,946.3547,987.87446675709668,719.56629687196391,759.30003525740744,1,10,4,48,33
11,10,16,AdaptiveCuttingAuction,0.2,0.08,10,True,,1000,10800,cats_reg_g10b50,True,abs,False,CATS,50,regions,MultiMinded,41,Balance,2.130000000000109,724.662,1,724.662,403.49950000000001,684.58,748.145367952279,667.44546795227893,677.23982112185979,8,14,20,36,26
12,10,16,AdaptiveCuttingAuction,0.2,0.08,10,True,,1000,10800,cats_reg_g10b50,True,abs,False,CATS,50,regions,MultiMinded,33,Balance,1.6199999999998909,522.114,1,522.114,283.13549999999998,460.909,507.15823464378144,450.53113464378146,491.83625751154494,1,10,39,40,26
13,10,17,AdaptiveCuttingAuction,0.2,0.08,10,True,,1000,10800,cats_reg_g10b50,True,abs,False,CATS,50,regions,MultiMinded,21,Balance,1.1499999999996362,778.1078,2,718.401,353.04300000000001,778.1078,818.03399574638627,690.9385157463862,694.49530762446398,1,10,10,34,27
14,10,17,AdaptiveCuttingAuction,0.2,0.08,10,True,,1000,10800,cats_reg_g10b50,True,abs,False,CATS,50,regions,MultiMinded,24,Balance,1.0600000000004002,588.9796,2,575.883,307.69200000000001,588.9796,644.39412368591104,575.58853423374353,581.41794478157601,1,10,9,34,27
15,10,17,AdaptiveCuttingAuction,0.2,0.08,10,True,,1000,10800,cats_reg_g10b50,True,abs,False,CATS,50,regions,MultiMinded,32,Balance,1.7299999999995634,634.994,1,600.13,422.91899999999998,600.13,674.63514842499035,590.05134842499035,652.41577666542003,1,10,25,34,27
16,10,26,AdaptiveCuttingAuction,0.2,0.08,10,True,,1000,10800,cats_reg_g10b50,True,abs,False,CATS,50,regions,MultiMinded,64,Balance,3.730000000000473,519.6692,3,485.933,278.584,494.4575,537.20982035740553,377.04570345331319,393.62543879330332,1,10,8,53,36
17,10,16,AdaptiveCuttingAuction,0.2,0.08,10,True,,1000,10800,cats_reg_g10b50,True,abs,False,CATS,50,regions,MultiMinded,15,Balance,0.6400000000003274,910.0260000000001,3,815.656,322.738,910.0260000000001,917.62201642161722,723.97921642161725,778.59246571829328,1,10,13,33,26
18,10,18,AdaptiveCuttingAuction,0.2,0.08,10,True,,1000,10800,cats_reg_g10b50,True,abs,False,CATS,50,regions,MultiMinded,26,Balance,1.1699999999991633,982.461,2,932.103,367.83500000000004,982.461,1001.4468642333209,854.31286423332085,936.8841950920106,1,10,31,38,28
19,10,19,AdaptiveCuttingAuction,0.2,0.08,10,True,,1000,10800,cats_reg_g10b50,True,abs,False,CATS,50,regions,MultiMinded,54,Balance,2.850000000000364,903.4849999999999,2,826.774,559.33850000000007,903.4849999999999,983.94961657875376,760.21421657875374,760.21421657875374,8,16,9,42,29
20,10,21,AdaptiveCuttingAuction,0.2,0.08,10,True,,1000,10800,cats_reg_g10b50,True,abs,False,CATS,50,regions,MultiMinded,57,Balance,3.4600000000000364,780.3014999999999,6,637.779,268.37200000000001,780.3014999999999,684.17584975941315,372.86432975941324,501.70052432033128,3,16,20,46,31
21,10,17,AdaptiveCuttingAuction,0.2,0.08,10,True,,1000,10800,cats_reg_g10b50,True,abs,False,CATS,50,regions,MultiMinded,25,Balance,1.1300000000001091,869.309,3,770.684,361.69299999999998,869.309,861.24393454781182,644.22813454781169,666.85229665282736,1,10,4,37,27
22,10,16,AdaptiveCuttingAuction,0.2,0.08,10,True,,1000,10800,cats_reg_g10b50,True,abs,False,CATS,50,regions,MultiMinded,64,Balance,4.069999999999709,827.155,2,792.758,416.87799999999999,773.9590000000001,830.01730755908375,663.26610755908371,717.48176659250669,9,19,21,35,26
23,10,21,AdaptiveCuttingAuction,0.2,0.08,10,True,,1000,10800,cats_reg_g10b50,True,abs,False,CATS,50,regions,MultiMinded,29,Balance,1.5,926.9879999999999,5,813.726,269.07900000000001,897.2155,934.81838992688154,665.73938992688147,706.11651229385097,1,10,8,46,31
24,10,23,AdaptiveCuttingAuction,0.2,0.08,10,True,,1000,10800,cats_reg_g10b50,True,abs,False,CATS,50,regions,MultiMinded,37,Balance,2.0100000000002183,822.2049999999999,4,635.81,377.13200000000001,803.295,867.03734348589546,565.33174348589546,602.17929897821296,4,15,10,48,33
25,10,22,AdaptiveCuttingAuction,0.2,0.08,10,True,,1000,10800,cats_reg_g10b50,True,abs,False,CATS,50,regions,MultiMinded,60,Balance,3.9700000000002547,534.8185,2,446.519,197.68200000000002,534.8185,525.65937362599163,446.58657362599166,487.44239362599166,9,24,9,45,32
26,10,17,AdaptiveCuttingAuction,0.2,0.08,10,True,,1000,10800,cats_reg_g10b50,True,abs,False,CATS,50,regions,MultiMinded,29,Balance,1.2299999999995634,716.487,1,716.487,299.23599999999999,687.81,721.99668827814423,662.14948827814419,662.14948827814419,1,10,10,35,27
27,10,17,AdaptiveCuttingAuction,0.2,0.08,10,True,,1000,10800,cats_reg_g10b50,True,abs,False,CATS,50,regions,MultiMinded,37,Balance,1.730000000000473,811.1127,4,667.768,330.15700000000004,778.0657000000001,838.55726620069856,606.02227805179666,615.15461997216357,1,10,7,37,27
28,10,18,AdaptiveCuttingAuction,0.2,0.08,10,True,,1000,10800,cats_reg_g10b50,True,abs,False,CATS,50,regions,MultiMinded,40,Balance,1.8599999999996726,818.682,1,802.322,385.84800000000001,802.322,872.45512011374115,795.28552011374109,811.8624764287224,1,10,20,40,28
29,10,20,AdaptiveCuttingAuction,0.2,0.08,10,True,,1000,10800,cats_reg_g10b50,True,abs,False,CATS,50,regions,MultiMinded,48,Balance,2.389999999999418,767.6940999999999,2,746.709,446.00549999999998,700.6921,773.83336877540705,623.4209414939312,663.42054621483419,1,10,14,41,30
30,10,18,AdaptiveCuttingAuction,0.2,0.08,10,True,,1000,10800,cats_reg_g10b50,True,abs,False,CATS,50,regions,MultiMinded,41,Balance,2.009999999999309,794.5821000000001,3,739.446,385.6635,792.0011000000001,838.6539240447654,634.9530385431691,678.36389696593938,1,10,25,40,28
31,10,21,AdaptiveCuttingAuction,0.2,0.08,10,True,,1000,10800,cats_reg_g10b50,True,abs,False,CATS,50,regions,MultiMinded,33,Balance,1.730000000000473,818.388,2,733.06,325.495,813.5073,794.85402657429813,664.65602657429804,767.35802250722406,5,11,21,42,31
32,10,20,AdaptiveCuttingAuction,0.2,0.08,10,True,,1000,10800,cats_reg_g10b50,True,abs,False,CATS,50,regions,MultiMinded,28,Balance,1.300000000000182,637.3713,4,533.498,304.15100000000001,636.0468,685.71925597460063,462.41181669719549,493.18383574468675,1,10,15,42,30
33,10,16,AdaptiveCuttingAuction,0.2,0.08,10,True,,1000,10800,cats_reg_g10b50,True,abs,False,CATS,50,regions,MultiMinded,20,Balance,0.8699999999998909,560.5032,2,498.34,219.72300000000001,560.5032,528.06411661028801,444.82069998941734,477.25978337912926,1,10,0,33,26
34,10,20,AdaptiveCuttingAuction,0.2,0.08,10,True,,1000,10800,cats_reg_g10b50,True,abs,False,CATS,50,regions,MultiMinded,47,Balance,2.7200000000002547,726.3012,2,568.454,249.64099999999999,663.586,693.02419169539166,593.16779169539154,629.75321205232467,1,10,20,43,30
35,10,27,AdaptiveCuttingAuction,0.2,0.08,10,True,,1000,10800,cats_reg_g10b50,True,abs,False,CATS,50,regions,MultiMinded,70,Balance,5.449999999999818,858.175,2,722.988,380.87900000000002,858.175,848.64947412700849,696.29787412700841,708.10066204906059,7,17,1,54,37
36,10,17,AdaptiveCuttingAuction,0.2,0.08,10,True,,1000,10800,cats_reg_g10b50,True,abs,False,CATS,50,regions,MultiMinded,29,Balance,1.2599999999993088,716.498,1,716.498,379.51999999999998,716.498,785.71941591500672,709.81541591500672,721.29869796188746,1,10,12,36,27
37,10,20,AdaptiveCuttingAuction,0.2,0.08,10,True,,1000,10800,cats_reg_g10b50,True,abs,False,CATS,50,regions,MultiMinded,31,Balance,1.6199999999998909,824.835,3,630.222,329.92600000000004,824.835,870.29146940244539,672.33586940244538,683.80860192876207,1,10,5,41,30
38,10,18,AdaptiveCuttingAuction,0.2,0.08,10,True,,1000,10800,cats_reg_g10b50,True,abs,False,CATS,50,regions,MultiMinded,34,Balance,1.7199999999993452,825.56,2,825.56,471.01400000000001,764.7130000000001,817.99649141460986,629.59089141460981,720.49519622711739,7,12,20,39,28
39,10,25,AdaptiveCuttingAuction,0.2,0.08,10,True,,1000,10800,cats_reg_g10b50,True,abs,False,CATS,50,regions,MultiMinded,21,Balance,1.269999999999527,948.5501,5,753.385,196.10050000000001,948.5501,931.16445916504983,735.06395916504982,775.39027070610416,1,10,4,49,35
40,10,22,AdaptiveCuttingAuction,0.2,0.08,10,True,,1000,10800,cats_reg_g10b50,True,abs,False,CATS,50,regions,MultiMinded,92,Balance,5.510000000000218,694.64,2,671.57,320.48500000000001,667.143,719.36010428806287,591.16610428806291,596.62671838239703,9,16,16,47,32
41,10,18,AdaptiveCuttingAuction,0.2,0.08,10,True,,1000,10800,cats_reg_g10b50,True,abs,False,CATS,50,regions,MultiMinded,28,Balance,1.319999999999709,919.5834,3,833.068,428.51799999999997,919.5834,979.82966733355454,761.79692995455798,776.86853363412774,1,10,10,37,28
42,10,21,AdaptiveCuttingAuction,0.2,0.08,10,True,,1000,10800,cats_reg_g10b50,True,abs,False,CATS,50,regions,MultiMinded,89,Balance,4.940000000000509,722.396,1,722.396,339.44,722.396,720.81421490301307,652.92621490301303,657.27503883066629,9,15,1,44,31
43,10,20,AdaptiveCuttingAuction,0.2,0.08,10,True,,1000,10800,cats_reg_g10b50,True,abs,False,CATS,50,regions,MultiMinded,17,Balance,0.8400000000001455,820.8240000000001,2,681.374,265.63999999999999,820.8240000000001,835.51793665244702,729.26193665244693,760.93139931705412,1,10,12,40,30
44,10,19,AdaptiveCuttingAuction,0.2,0.08,10,True,,1000,10800,cats_reg_g10b50,True,abs,False,CATS,50,regions,MultiMinded,52,Balance,3.630000000000109,607.363,3,484.926,277.04599999999999,517.8266,562.79249107752628,396.56489107752617,437.40794170610974,7,18,25,40,29
45,10,20,AdaptiveCuttingAuction,0.2,0.08,10,True,,1000,10800,cats_reg_g10b50,True,abs,False,CATS,50,regions,MultiMinded,22,Balance,1.2100000000000364,687.7891,5,510.577,285.93000000000001,687.7891,722.85934369720883,485.87870541462428,499.80931904850411,5,15,9,41,30
46,10,19,AdaptiveCuttingAuction,0.2,0.08,10,True,,1000,10800,cats_reg_g10b50,True,abs,False,CATS,50,regions,MultiMinded,28,Balance,1.3599999999996726,810.368,2,810.368,345.00850000000003,808.7297,862.81199358063088,724.80859358063083,727.94917676001432,1,10,1,40,29
47,10,18,AdaptiveCuttingAuction,0.2,0.08,10,True,,1000,10800,cats_reg_g10b50,True,abs,False,CATS,50,regions,MultiMinded,34,Balance,1.860000000000582,759.477,1,738.963,363.25599999999997,738.963,811.29834287470658,738.64714287470656,752.41787237353878,1,10,16,38,28
48,10,29,AdaptiveCuttingAuction,0.2,0.08,10,True,,1000,10800,cats_reg_g10b50,True,abs,False,CATS,50,regions,MultiMinded,81,Balance,5.5600000000004,726.774,4,661.833,328.96899999999999,689.6066,724.54716133427917,507.5256003401438,519.34206406184285,1,10,4,60,39
49,10,23,AdaptiveCuttingAuction,0.2,0.08,10,True,,1000,10800,cats_reg_g10b50,True,abs,False,CATS,50,regions,MultiMinded,23,Balance,1.2899999999999636,587.5914,5,462.576,216.20049999999998,577.4804999999999,617.61673000138364,408.44759317729614,428.01990272814163,1,10,6,48,33
50,10,17,AdaptiveCuttingAuction,0.2,0.08,10,True,,1000,10800,cats_reg_g10b50,True,abs,False,CATS,50,regions,MultiMinded,21,Balance,1.0100000000002183,945.836,4,681.012,323.851,945.836,1004.4171102585359,745.33631025853595,754.07470313941405,1,10,9,35,27
51,10,25,AdaptiveCuttingAuction,0.2,0.08,10,True,,1000,10800,cats_reg_g10b50,True,abs,False,CATS,50,regions,MultiMinded,44,Balance,2.5200000000004366,831.2631000000001,3,644.905,285.66050000000001,831.2631000000001,873.88020271141863,702.48390271141852,711.28757576849125,1,10,3,51,35
52,10,19,AdaptiveCuttingAuction,0.2,0.08,10,True,,1000,10800,cats_reg_g10b50,True,abs,False,CATS,50,regions,MultiMinded,30,Balance,1.3400000000001455,608.391,1,608.391,276.31299999999999,576.268,623.52099266115408,568.25839266115406,568.25839266115406,1,10,10,39,29
53,10,21,AdaptiveCuttingAuction,0.2,0.08,10,True,,1000,10800,cats_reg_g10b50,True,abs,False,CATS,50,regions,MultiMinded,53,Balance,2.9700000000002547,623.5598,4,612.518,167.23250000000002,623.5598,643.85084645838822,510.06484645838816,511.99712243344629,1,10,16,45,31
54,10,20,AdaptiveCuttingAuction,0.2,0.08,10,True,,1000,10800,cats_reg_g10b50,True,abs,False,CATS,50,regions,MultiMinded,32,Balance,1.6300000000001091,1040.322,3,967.436,414.12850000000003,973.844,1052.1712518635766,803.69415186357662,853.24520960488269,4,14,18,45,30
55,10,17,AdaptiveCuttingAuction,0.2,0.08,10,True,,1000,10800,cats_reg_g10b50,True,abs,False,CATS,50,regions,MultiMinded,11,Balance,0.47999999999956344,1001.244,2,739.168,309.35699999999997,1001.244,992.51407546473115,868.77127546473116,919.67765128904659,1,10,4,34,27
56,10,17,AdaptiveCuttingAuction,0.2,0.08,10,True,,1000,10800,cats_reg_g10b50,True,abs,False,CATS,50,regions,MultiMinded,35,Balance,1.6400000000003274,674.3464,2,592.43,348.80000000000001,641.1755,690.93871076166977,551.41871076166979,592.65324209437335,1,10,22,36,27
57,10,20,AdaptiveCuttingAuction,0.2,0.08,10,True,,1000,10800,cats_reg_g10b50,True,abs,False,CATS,50,regions,MultiMinded,23,Balance,1.180000000000291,783.158,3,568.928,268.62299999999999,763.1990000000001,870.07442294928592,708.90062294928589,713.07726979257427,4,12,12,41,30
58,10,21,AdaptiveCuttingAuction,0.2,0.08,10,True,,1000,10800,cats_reg_g10b50,True,abs,False,CATS,50,regions,MultiMinded,50,Balance,2.5799999999999272,871.9079999999999,2,791.212,427.88200000000001,808.0441,864.83607968920012,737.65096381952469,774.58972559761798,1,10,26,43,31
59,10,28,AdaptiveCuttingAuction,0.2,0.08,10,True,,1000,10800,cats_reg_g10b50,True,abs,False,CATS,50,regions,MultiMinded,100,Balance,6.809999999999491,875.1772,3,803.796,406.47899999999998,875.1772,853.45464142297669,612.66477481695949,653.20111075300304,1,10,8,59,38
60,10,22,AdaptiveCuttingAuction,0.2,0.08,10,True,,1000,10800,cats_reg_g10b50,True,abs,False,CATS,50,regions,MultiMinded,47,Balance,2.5,716.1357,3,662.173,358.10899999999998,716.1357,769.4640131530773,560.53195733739199,584.05105385586057,1,10,10,46,32
61,10,19,AdaptiveCuttingAuction,0.2,0.08,10,True,,1000,10800,cats_reg_g10b50,True,abs,False,CATS,50,regions,MultiMinded,35,Balance,1.7799999999997453,756.948,3,553.212,307.67700000000002,756.948,729.22188699531011,544.61568699531017,608.64927157690227,1,10,11,42,29
62,10,20,AdaptiveCuttingAuction,0.2,0.08,10,True,,1000,10800,cats_reg_g10b50,True,abs,False,CATS,50,regions,MultiMinded,23,Balance,1.2399999999997817,962.414,3,839.979,365.63299999999998,962.414,954.98068487706041,735.60088487706048,750.80684366066816,1,10,13,40,30
63,10,20,AdaptiveCuttingAuction,0.2,0.08,10,True,,1000,10800,cats_reg_g10b50,True,abs,False,CATS,50,regions,MultiMinded,25,Balance,1.2100000000000364,966.8963000000001,4,783.33,502.36099999999999,966.8963000000001,989.37356808800678,732.58711530017479,795.24555586967517,1,10,5,41,30
64,10,24,AdaptiveCuttingAuction,0.2,0.08,10,True,,1000,10800,cats_reg_g10b50,True,abs,False,CATS,50,regions,MultiMinded,30,Balance,1.5700000000006185,784.4846,2,723.45,238.8545,784.4846,821.28111100408273,725.73931100408277,748.98141520916261,1,10,17,48,34
65,10,18,AdaptiveCuttingAuction,0.2,0.08,10,True,,1000,10800,cats_reg_g10b50,True,abs,False,CATS,50,regions,MultiMinded,42,Balance,2.069999999999709,863.3610000000001,3,758.102,337.34500000000003,856.6320000000001,856.99510869420783,654.5881086942079,673.38018306729748,1,10,9,38,28
66,10,18,AdaptiveCuttingAuction,0.2,0.08,10,True,,1000,10800,cats_reg_g10b50,True,abs,False,CATS,50,regions,MultiMinded,68,Balance,3.4799999999995634,852.079,3,807.329,372.65700000000004,849.658,819.73499344497418,596.14079344497418,634.34774402967707,1,10,11,36,28
67,10,27,AdaptiveCuttingAuction,0.2,0.08,10,True,,1000,10800,cats_reg_g10b50,True,abs,False,CATS,50,regions,MultiMinded,40,Balance,2.2600000000002183,860.8598,2,789.183,223.39999999999998,860.8598,853.72858160956639,764.36858160956649,782.56456938882354,1,10,8,54,37
68,10,20,AdaptiveCuttingAuction,0.2,0.08,10,True,,1000,10800,cats_reg_g10b50,True,abs,False,CATS,50,regions,MultiMinded,30,Balance,1.3499999999994543,535.1916,4,486.692,201.834,535.1916,596.07729235717522,453.00624730059076,454.71680174452916,1,10,8,41,30
69,10,20,AdaptiveCuttingAuction,0.2,0.08,10,True,,1000,10800,cats_reg_g10b50,True,abs,False,CATS,50,regions,MultiMinded,43,Balance,2.430000000000291,550.5322,3,423.552,212.09399999999999,550.5322,532.3215888283612,405.06518882836122,426.13547352242676,1,10,2,42,30
70,10,18,AdaptiveCuttingAuction,0.2,0.08,10,True,,1000,10800,cats_reg_g10b50,True,abs,False,CATS,50,regions,MultiMinded,160,Balance,11.529999999999745,965.81,3,780.078,273.52800000000002,965.81,851.83773496602737,720.54429496602734,856.67348270582056,7,21,7,38,28
71,10,17,AdaptiveCuttingAuction,0.2,0.08,10,True,,1000,10800,cats_reg_g10b50,True,abs,False,CATS,50,regions,MultiMinded,18,Balance,0.75,745.048,1,745.048,330.73000000000002,745.048,796.55086259302584,730.40486259302588,782.28478493366504,1,10,20,37,27
72,10,23,AdaptiveCuttingAuction,0.2,0.08,10,True,,1000,10800,cats_reg_g10b50,True,abs,False,CATS,50,regions,MultiMinded,31,Balance,1.7399999999997817,619.2275000000001,7,497.631,317.09799999999996,619.2275000000001,694.0126521057349,287.60327937826673,301.62163248043316,1,10,4,46,33
73,10,20,AdaptiveCuttingAuction,0.2,0.08,10,True,,1000,10800,cats_reg_g10b50,True,abs,False,CATS,50,regions,MultiMinded,60,Balance,3.069999999999709,675.2625,1,656.76,362.82400000000001,656.76,704.19407519845799,631.629275198458,642.81442919085146,1,10,22,46,30
74,10,26,AdaptiveCuttingAuction,0.2,0.08,10,True,,1000,10800,cats_reg_g10b50,True,abs,False,CATS,50,regions,MultiMinded,27,Balance,1.5,942.6876,2,890.025,245.483,942.6876,979.68898462130869,881.49578462130864,895.00118187836267,1,10,13,54,36
75,10,15,AdaptiveCuttingAuction,0.2,0.08,10,True,,1000,10800,cats_reg_g10b50,True,abs,False,CATS,50,regions,MultiMinded,20,Balance,0.7899999999999636,986.353,4,977.088,450.65550000000002,986.353,1003.6591776674931,643.13477766749293,701.12131600327325,1,10,11,31,25
76,10,22,AdaptiveCuttingAuction,0.2,0.08,10,True,,1000,10800,cats_reg_g10b50,True,abs,False,CATS,50,regions,MultiMinded,41,Balance,2.300000000000182,900.434,3,820.61,441.17500000000001,782.3779999999999,924.43303734433573,663.08996820691505,681.55073022808813,1,10,14,45,32
77,10,19,AdaptiveCuttingAuction,0.2,0.08,10,True,,1000,10800,cats_reg_g10b50,True,abs,False,CATS,50,regions,MultiMinded,33,Balance,1.5700000000006185,505.8682,3,489.633,293.4085,502.3022,536.92111386891293,372.61235386891292,399.58703075405811,1,10,12,38,29
78,10,15,AdaptiveCuttingAuction,0.2,0.08,10,True,,1000,10800,cats_reg_g10b50,True,abs,False,CATS,50,regions,MultiMinded,25,Balance,1.1700000000000728,723.896,1,723.896,268.85500000000002,723.896,759.1812415760628,705.41024157606284,705.41024157606284,1,10,10,31,25
79,10,20,AdaptiveCuttingAuction,0.2,0.08,10,True,,1000,10800,cats_reg_g10b50,True,abs,False,CATS,50,regions,MultiMinded,44,Balance,2.5999999999994543,830.055,3,715.055,304.07849999999996,830.055,812.7497291700995,630.30262917009952,662.91704192039833,5,14,5,42,30
80,10,23,AdaptiveCuttingAuction,0.2,0.08,10,True,,1000,10800,cats_reg_g10b50,True,abs,False,CATS,50,regions,MultiMinded,172,Balance,12.849999999999454,858.2552999999999,4,815.519,326.65449999999998,764.4562999999999,819.25560820356009,557.93200820356003,586.02666414463124,9,21,20,48,33
81,10,19,AdaptiveCuttingAuction,0.2,0.08,10,True,,1000,10800,cats_reg_g10b50,True,abs,False,CATS,50,regions,MultiMinded,15,Balance,0.6900000000005093,731.2354999999999,3,657.74,318.25649999999996,695.5069,766.60161419746692,601.28918089771241,611.37431774095592,1,10,13,41,29
82,10,20,AdaptiveCuttingAuction,0.2,0.08,10,True,,1000,10800,cats_reg_g10b50,True,abs,False,CATS,50,regions,MultiMinded,19,Balance,0.930000000000291,799.819,3,670.65,230.49700000000001,799.819,784.58094457649293,646.28274457649286,710.38083217284145,1,10,12,43,30
83,10,18,AdaptiveCuttingAuction,0.2,0.08,10,True,,1000,10800,cats_reg_g10b50,True,abs,False,CATS,50,regions,MultiMinded,25,Balance,1.3100000000004002,778.391,2,740.964,303.2475,778.391,815.33703385697288,694.0380338569729,722.72004290976565,1,10,17,39,28
84,10,19,AdaptiveCuttingAuction,0.2,0.08,10,True,,1000,10800,cats_reg_g10b50,True,abs,False,CATS,50,regions,MultiMinded,27,Balance,1.2100000000000364,653.4665,4,531.36,233.98450000000003,653.4665,658.21093472911411,471.02333472911408,501.96402072997984,1,10,9,40,29
85,10,16,AdaptiveCuttingAuction,0.2,0.08,10,True,,1000,10800,cats_reg_g10b50,True,abs,False,CATS,50,regions,MultiMinded,15,Balance,0.5900000000001455,738.6202000000001,4,623.355,332.00099999999998,738.6202000000001,807.495598784555,544.84786477134207,548.52459875947159,1,10,9,32,26
86,10,17,AdaptiveCuttingAuction,0.2,0.08,10,True,,1000,10800,cats_reg_g10b50,True,abs,False,CATS,50,regions,MultiMinded,33,Balance,1.7600000000002183,772.54,2,646.076,287.08299999999997,772.54,768.69329816635718,653.86009816635715,662.33118312316708,6,13,6,35,27
87,10,18,AdaptiveCuttingAuction,0.2,0.08,10,True,,1000,10800,cats_reg_g10b50,True,abs,False,CATS,50,regions,MultiMinded,58,Balance,3.050000000000182,883.32347,3,801.709,428.95349999999996,836.6344700000001,870.50137208072852,710.67100249288694,717.30244506653594,5,15,9,37,28
88,10,20,AdaptiveCuttingAuction,0.2,0.08,10,True,,1000,10800,cats_reg_g10b50,True,abs,False,CATS,50,regions,MultiMinded,34,Balance,1.9600000000000364,662.7294999999999,4,622.783,332.80799999999999,610.8715,653.77116707227947,408.33160817140964,427.71338067356635,5,15,20,40,30
89,10,26,AdaptiveCuttingAuction,0.2,0.08,10,True,,1000,10800,cats_reg_g10b50,True,abs,False,CATS,50,regions,MultiMinded,72,Balance,4.760000000000218,844.3882,3,703.836,361.93200000000002,821.2162,884.61897050845243,675.69609924099234,699.57122367148611,7,16,23,57,36
90,10,21,AdaptiveCuttingAuction,0.2,0.08,10,True,,1000,10800,cats_reg_g10b50,True,abs,False,CATS,50,regions,MultiMinded,28,Balance,1.3599999999996726,1011.3232,5,890.879,348.79300000000001,966.4754,963.10734214207594,628.26606214207595,716.83345647907265,1,10,10,42,31
91,10,17,AdaptiveCuttingAuction,0.2,0.08,10,True,,1000,10800,cats_reg_g10b50,True,abs,False,CATS,50,regions,MultiMinded,52,Balance,2.589999999999236,890.575,1,890.575,535.99700000000007,890.575,994.88491026013946,887.68551026013938,887.68551026013938,1,10,10,35,27
92,10,22,AdaptiveCuttingAuction,0.2,0.08,10,True,,1000,10800,cats_reg_g10b50,True,abs,False,CATS,50,regions,MultiMinded,22,Balance,1.2200000000002547,683.1735,2,627.133,263.76300000000003,683.1735,702.64065666100066,603.13779625927032,622.35881850467513,1,10,14,46,32
93,10,20,AdaptiveCuttingAuction,0.2,0.08,10,True,,1000,10800,cats_reg_g10b50,True,abs,False,CATS,50,regions,MultiMinded,45,Balance,2.1899999999996,931.509,1,931.509,347.88099999999997,931.509,974.60440175515214,905.02820175515217,905.02820175515217,1,10,10,43,30
94,10,15,AdaptiveCuttingAuction,0.2,0.08,10,True,,1000,10800,cats_reg_g10b50,True,abs,False,CATS,50,regions,MultiMinded,26,Balance,1.0999999999994543,772.037,2,770.337,295.54650000000004,772.037,770.97321636794845,659.75022223284532,728.64654999169625,1,10,20,32,25
95,10,17,AdaptiveCuttingAuction,0.2,0.08,10,True,,1000,10800,cats_reg_g10b50,True,abs,False,CATS,50,regions,MultiMinded,33,Balance,1.7600000000002183,901.2369,3,849.224,408.67100000000005,901.2369,858.84136088185323,671.97922866059571,740.64090140959945,1,10,8,36,27
96,10,19,AdaptiveCuttingAuction,0.2,0.08,10,True,,1000,10800,cats_reg_g10b50,True,abs,False,CATS,50,regions,MultiMinded,29,Balance,1.2599999999993088,752.0848,3,651.493,368.70849999999996,752.0848,737.02801143731904,548.53365626451409,583.22076258071104,1,10,7,41,29
97,10,20,AdaptiveCuttingAuction,0.2,0.08,10,True,,1000,10800,cats_reg_g10b50,True,abs,False,CATS,50,regions,MultiMinded,60,Balance,3.1500000000005457,657.92043,2,602.694,360.185,586.9044299999999,628.76989236096063,552.43400653958099,628.79211949978117,7,17,27,45,30
98,10,20,AdaptiveCuttingAuction,0.2,0.08,10,True,,1000,10800,cats_reg_g10b50,True,abs,False,CATS,50,regions,MultiMinded,21,Balance,1.019999999999527,1047.5140999999999,4,870.711,386.798,1047.5140999999999,1094.1199601904068,784.6815601904068,795.2922261676481,1,10,7,40,30
99,10,22,AdaptiveCuttingAuction,0.2,0.08,10,True,,1000,10800,cats_reg_g10b50,True,abs,False,CATS,50,regions,MultiMinded,28,Balance,1.430000000000291,1044.344,5,687.143,366.375,1044.344,1093.9381509172797,727.5631509172797,757.44188448221053,1,10,12,47,32
100,10,21,AdaptiveCuttingAuction,0.2,0.08,10,True,,1000,10800,cats_reg_g10b50,True,abs,False,CATS,50,regions,MultiMinded,76,Balance,3.9299999999993815,587.8678,2,515.864,141.49099999999999,587.8678,576.85362670890197,520.25722670890195,547.73958181542844,5,14,9,43,31
