idx,items,agents,auction_class,epsilon,stepc,epoch,scalebyvalue,reserve_type,maxiter,maxtime,generator_param_name,personalized,expstrat,int_prices,generator,bids,distribution,type,rounds,status,runtime,efficient_value,final_num_winners,final_max_agent_value,final_scalevalue,final_value,final_total_price,final_revenue,final_indirect_util,final_price_degree,final_price_sparsity,final_imbalance,final_wd_nvars,final_wd_ncons
1,30,36,AdaptiveCuttingAuction,0.025,0.16,10,True,,1000,10800,cats_reg_g30b150,True,abs,False,CATS,150,regions,MultiMinded,976,Balance,363.80999999999995,2502.8085,9,1712.02,630.28700000000003,2502.8085,2319.7392636742106,2193.6818636742105,2393.42434858246,25,60,14,100,66
2,30,38,AdaptiveCuttingAuction,0.025,0.16,10,True,,1000,10800,cats_reg_g30b150,True,abs,False,CATS,150,regions,MultiMinded,373,Balance,173.65999999999985,2067.4249,5,1460.04,478.96600000000001,2067.4249,2008.9479441665499,1949.0771941665498,2015.9811441561917,27,57,3,93,68
3,30,36,AdaptiveCuttingAuction,0.025,0.16,10,True,,1000,10800,cats_reg_g30b150,True,abs,False,CATS,150,regions,MultiMinded,88,Balance,23.13000000000011,2226.2472000000002,4,1961.0,494.50999999999999,2214.4609,2172.680258233926,2123.2292582339269,2182.1706157571416,25,46,7,83,66
4,30,38,AdaptiveCuttingAuction,0.025,0.16,10,True,,1000,10800,cats_reg_g30b150,True,abs,False,CATS,150,regions,MultiMinded,129,Balance,40.14000000000033,2004.9491999999998,11,1505.7,557.86300000000006,1956.5161999999998,1825.9648809405874,1672.5525559405876,1820.7013730921858,25,44,11,92,68
5,30,35,AdaptiveCuttingAuction,0.025,0.16,10,True,,1000,10800,cats_reg_g30b150,True,abs,False,CATS,150,regions,MultiMinded,247,Balance,69.34999999999991,1864.626,2,1703.97,505.12049999999999,1813.7730000000001,1781.1448770096861,1755.8888520096859,1803.560391825936,11,47,7,89,65
6,30,35,AdaptiveCuttingAuction,0.025,0.16,10,True,,1000,10800,cats_reg_g30b150,True,abs,False,CATS,150,regions,MultiMinded,297,Balance,94.23999999999978,2116.0368,6,1959.83,614.52500000000009,2115.4038,2130.2420111795113,2038.0632611795111,2069.3605852151636,25,44,21,91,65
7,30,35,AdaptiveCuttingAuction,0.025,0.16,10,True,,1000,10800,cats_reg_g30b150,True,abs,False,CATS,150,regions,MultiMinded,115,Balance,30.440000000000055,2031.9575,6,1330.11,558.39999999999998,2031.9575,1983.7540385628308,1899.9940385628306,1977.0322939903135,6,43,18,82,65
8,30,35,AdaptiveCuttingAuction,0.025,0.16,10,True,,1000,10800,cats_reg_g30b150,True,abs,False,CATS,150,regions,MultiMinded,128,Balance,23.449999999999818,2027.57669,8,1379.5,642.28750000000002,2027.57669,1931.2956682617521,1818.7790733377467,1931.2338472671192,1,30,29,79,65
9,30,36,AdaptiveCuttingAuction,0.025,0.16,10,True,,1000,10800,cats_reg_g30b150,True,abs,False,CATS,150,regions,MultiMinded,201,Balance,86.09999999999991,1859.5272999999997,8,1542.29,443.88650000000001,1859.5272999999997,1748.2054406629293,1681.6224656629295,1803.8882891126088,27,56,17,86,66
10,30,34,AdaptiveCuttingAuction,0.025,0.16,10,True,,1000,10800,cats_reg_g30b150,True,abs,False,CATS,150,regions,MultiMinded,144,Balance,40.70999999999958,2566.974,5,2112.56,626.02300000000002,2566.974,2428.3246303874957,2350.0717553874952,2507.6315117714739,4,32,20,88,64
11,30,36,AdaptiveCuttingAuction,0.025,0.16,10,True,,1000,10800,cats_reg_g30b150,True,abs,False,CATS,150,regions,MultiMinded,182,Balance,54.91000000000031,2431.6115,4,2098.81,721.22149999999999,2431.6115,2228.7074378865746,2174.6158253865747,2394.6137115300985,26,64,6,89,66
12,30,32,AdaptiveCuttingAuction,0.025,0.16,10,True,,1000,10800,cats_reg_g30b150,True,abs,False,CATS,150,regions,MultiMinded,696,Balance,264.17999999999984,1865.81568,6,1645.15,855.13049999999998,1829.0418999999997,1867.1781400950449,1738.9085650950453,1748.6797358970011,26,56,28,93,62
13,30,35,AdaptiveCuttingAuction,0.025,0.16,10,True,,1000,10800,cats_reg_g30b150,True,abs,False,CATS,150,regions,MultiMinded,456,Balance,180.8800000000001,1773.5022000000001,6,1494.31,678.60900000000004,1773.5022000000001,1770.9489770957057,1669.1576270957059,1686.3650965316551,23,67,31,103,65
14,30,32,AdaptiveCuttingAuction,0.025,0.16,10,True,,1000,10800,cats_reg_g30b150,True,abs,False,CATS,150,regions,MultiMinded,441,Balance,110.0600000000004,1980.1873000000003,6,1559.99,631.08900000000006,1786.686,1722.4969364222204,1627.8335864222204,1714.0871429623335,22,42,18,80,62
15,30,36,AdaptiveCuttingAuction,0.025,0.16,10,True,,1000,10800,cats_reg_g30b150,True,abs,False,CATS,150,regions,MultiMinded,97,Balance,21.199999999999818,2512.4141000000004,3,2312.23,781.00699999999995,2512.4141000000004,2453.2168453650806,2394.6413203650804,2474.6950194992655,1,30,9,81,66
16,30,34,AdaptiveCuttingAuction,0.025,0.16,10,True,,1000,10800,cats_reg_g30b150,True,abs,False,CATS,150,regions,MultiMinded,339,Balance,96.57999999999993,1929.452,9,1789.44,584.255,1929.452,1862.076463880878,1745.2254638808777,1858.4092986639528,25,44,50,90,64
17,30,33,AdaptiveCuttingAuction,0.025,0.16,10,True,,1000,10800,cats_reg_g30b150,True,abs,False,CATS,150,regions,MultiMinded,250,Balance,66.49000000000024,1934.7395999999999,7,1626.95,730.93200000000002,1934.7395999999999,1878.5911006368585,1763.0409877271827,1844.5799627582753,25,57,57,94,63
18,30,34,AdaptiveCuttingAuction,0.025,0.16,10,True,,1000,10800,cats_reg_g30b150,True,abs,False,CATS,150,regions,MultiMinded,149,Balance,38.60999999999967,2504.1384,4,1818.33,781.33600000000001,2504.1384,2421.7047483698416,2343.5711483698419,2465.4953993550725,26,43,21,86,64
19,30,36,AdaptiveCuttingAuction,0.025,0.16,10,True,,1000,10800,cats_reg_g30b150,True,abs,False,CATS,150,regions,MultiMinded,91,Balance,31.509999999999764,2560.7110000000002,12,1508.06,549.71399999999994,2554.963,2178.1709371343777,2026.9995871343772,2411.8464066874326,11,40,2,81,66
20,30,37,AdaptiveCuttingAuction,0.025,0.16,10,True,,1000,10800,cats_reg_g30b150,True,abs,False,CATS,150,regions,MultiMinded,170,Balance,55.86000000000013,1801.7813999999998,10,1490.47,395.125,1801.7813999999998,1721.1844363109758,1622.4031863109758,1712.9608123459648,8,47,16,97,67
21,30,33,AdaptiveCuttingAuction,0.025,0.16,10,True,,1000,10800,cats_reg_g30b150,True,abs,False,CATS,150,regions,MultiMinded,922,Balance,262.1899999999996,1553.7635,5,1374.19,778.39550000000008,1545.38,1530.0242884454249,1432.724850945425,1493.0048092460079,22,47,54,89,63
22,30,38,AdaptiveCuttingAuction,0.025,0.16,10,True,,1000,10800,cats_reg_g30b150,True,abs,False,CATS,150,regions,MultiMinded,269,Balance,78.30000000000018,2312.252,6,2123.59,638.69949999999994,2312.252,2287.2477148939279,2191.442789893928,2233.997711772533,19,45,28,94,68
23,30,38,AdaptiveCuttingAuction,0.025,0.16,10,True,,1000,10800,cats_reg_g30b150,True,abs,False,CATS,150,regions,MultiMinded,167,Balance,67.48999999999978,2354.8725,7,1818.1,597.00800000000004,2354.8725,2233.9261655826313,2129.4497655826312,2263.6988718058192,25,57,13,92,68
24,30,35,AdaptiveCuttingAuction,0.025,0.16,10,True,,1000,10800,cats_reg_g30b150,True,abs,False,CATS,150,regions,MultiMinded,213,Balance,73.0300000000002,1892.4884,10,1241.36,538.58849999999995,1892.4884,1842.4927880271212,1707.8456630271214,1789.247543984646,24,49,20,95,65
25,30,33,AdaptiveCuttingAuction,0.025,0.16,10,True,,1000,10800,cats_reg_g30b150,True,abs,False,CATS,150,regions,MultiMinded,587,Balance,262.52,1741.0822999999998,4,1538.41,861.41849999999999,1692.8544000000002,1691.2863558150325,1614.4943740876395,1645.219325310826,25,64,27,101,63
26,30,34,AdaptiveCuttingAuction,0.025,0.16,10,True,,1000,10800,cats_reg_g30b150,True,abs,False,CATS,150,regions,MultiMinded,635,Balance,173.76999999999998,2008.668,6,1919.5,424.82100000000003,1998.3684,1945.6818820347539,1892.5792570347537,1962.6823754373584,24,54,26,82,64
27,30,32,AdaptiveCuttingAuction,0.025,0.16,10,True,,1000,10800,cats_reg_g30b150,True,abs,False,CATS,150,regions,MultiMinded,200,Balance,53.539999999999964,2175.2061,5,1890.21,644.31150000000002,2171.3010999999997,2117.9343626640343,2037.3954251640339,2090.7621624999997,25,51,0,83,62
28,30,37,AdaptiveCuttingAuction,0.025,0.16,10,True,,1000,10800,cats_reg_g30b150,True,abs,False,CATS,150,regions,MultiMinded,159,Balance,44.7199999999998,2040.43179,8,1615.6,517.23699999999997,2040.43179,1957.4646463465788,1876.5996018529413,1989.9782066057396,8,44,30,93,67
29,30,33,AdaptiveCuttingAuction,0.025,0.16,10,True,,1000,10800,cats_reg_g30b150,True,abs,False,CATS,150,regions,MultiMinded,750,Balance,227.75999999999976,2111.632,9,1854.64,708.57899999999995,2111.632,2092.4400739081088,1933.0097989081091,2009.0788358188463,12,46,47,96,63
30,30,35,AdaptiveCuttingAuction,0.025,0.16,10,True,,1000,10800,cats_reg_g30b150,True,abs,False,CATS,150,regions,MultiMinded,194,Balance,63.07999999999993,2323.0769999999998,9,1594.17,462.18150000000003,2202.2282,2115.0236165614369,2011.0327790614372,2117.479951374843,8,45,13,89,65
31,30,34,AdaptiveCuttingAuction,0.025,0.16,10,True,,1000,10800,cats_reg_g30b150,True,abs,False,CATS,150,regions,MultiMinded,89,Balance,17.75,2659.4860000000003,6,2167.09,585.07799999999997,2659.4860000000003,2487.1674068489306,2414.0326568489313,2591.8797906265049,12,45,2,77,64
32,30,37,AdaptiveCuttingAuction,0.025,0.16,10,True,,1000,10800,cats_reg_g30b150,True,abs,False,CATS,150,regions,MultiMinded,194,Balance,63.38999999999987,1999.8556999999998,8,1545.46,522.50199999999995,1906.9457,1914.7082274175073,1813.1553461706035,1863.7919724935307,12,46,45,94,67
33,30,37,AdaptiveCuttingAuction,0.025,0.16,10,True,,1000,10800,cats_reg_g30b150,True,abs,False,CATS,150,regions,MultiMinded,1000,MaxIter,382.5899999999997,1805.9524000000001,9,1582.17,487.50400000000002,1725.9506999999999,1640.1820658129227,945.70137246625666,1075.8087536396108,27,65,50,99,67
34,30,39,AdaptiveCuttingAuction,0.025,0.16,10,True,,1000,10800,cats_reg_g30b150,True,abs,False,CATS,150,regions,MultiMinded,219,Balance,74.25,1983.6001999999999,8,1564.76,623.41200000000003,1983.6001999999999,1970.2069376370457,1845.524537637046,1873.1701292334606,15,42,6,91,69
35,30,38,AdaptiveCuttingAuction,0.025,0.16,10,True,,1000,10800,cats_reg_g30b150,True,abs,False,CATS,150,regions,MultiMinded,217,Balance,68.48000000000002,2341.4052,8,1755.59,637.298,2341.4052,2221.7688718980394,2094.3092718980397,2229.7436594110941,25,45,9,103,68
36,30,33,AdaptiveCuttingAuction,0.025,0.16,10,True,,1000,10800,cats_reg_g30b150,True,abs,False,CATS,150,regions,MultiMinded,431,Balance,160.60999999999967,2136.9992,7,1693.26,587.83249999999998,2088.638,2121.344675633165,2018.4739881331648,2043.7904005669543,22,62,35,93,63
37,30,34,AdaptiveCuttingAuction,0.025,0.16,10,True,,1000,10800,cats_reg_g30b150,True,abs,False,CATS,150,regions,MultiMinded,1000,MaxIter,270.8800000000001,1991.3467,4,1812.59,701.23299999999995,1991.3467,1870.7738790337057,1800.6505790337055,1981.6306452963315,25,44,27,89,64
38,30,40,AdaptiveCuttingAuction,0.025,0.16,10,True,,1000,10800,cats_reg_g30b150,True,abs,False,CATS,150,regions,MultiMinded,298,Balance,111.87999999999965,2724.0288,6,2153.9,576.38300000000004,2724.0288,2586.5214167858335,2500.0639667858331,2661.3276768875921,24,47,5,95,70
39,30,30,AdaptiveCuttingAuction,0.025,0.16,10,True,,1000,10800,cats_reg_g30b150,True,abs,False,CATS,150,regions,MultiMinded,323,Balance,63.7199999999998,1968.0602,3,1918.66,764.726,1940.4589999999998,1928.1758010982137,1870.8213510982134,1934.7639909815966,1,30,74,79,60
40,30,33,AdaptiveCuttingAuction,0.025,0.16,10,True,,1000,10800,cats_reg_g30b150,True,abs,False,CATS,150,regions,MultiMinded,158,Balance,47.720000000000255,1942.0583000000001,3,1674.34,688.69799999999998,1942.0583000000001,1830.1867742587806,1778.5344242587805,1892.157971479566,25,47,26,85,63
41,30,35,AdaptiveCuttingAuction,0.025,0.16,10,True,,1000,10800,cats_reg_g30b150,True,abs,False,CATS,150,regions,MultiMinded,178,Balance,52.13000000000011,1877.7214099999999,7,1423.29,646.35299999999995,1831.2470099999998,1770.6778308302135,1685.9181705287501,1793.8995326750489,12,44,31,91,65
42,30,32,AdaptiveCuttingAuction,0.025,0.16,10,True,,1000,10800,cats_reg_g30b150,True,abs,False,CATS,150,regions,MultiMinded,398,Balance,160.3199999999997,2111.841,4,1703.5,646.17399999999998,2111.841,2107.7605237626112,2043.1431237626109,2056.325780101939,20,64,41,90,62
43,30,40,AdaptiveCuttingAuction,0.025,0.16,10,True,,1000,10800,cats_reg_g30b150,True,abs,False,CATS,150,regions,MultiMinded,470,Balance,233.30000000000018,2446.7208,6,1927.69,685.90899999999999,2446.7208,2239.6057512655457,2153.8671262655457,2360.9821750000001,22,62,0,101,70
44,30,35,AdaptiveCuttingAuction,0.025,0.16,10,True,,1000,10800,cats_reg_g30b150,True,abs,False,CATS,150,regions,MultiMinded,369,Balance,108.02000000000044,1711.1515999999997,6,1299.51,651.40899999999999,1607.6064999999999,1622.8872887419511,1525.1759387419509,1565.2076350890497,24,46,41,90,65
45,30,38,AdaptiveCuttingAuction,0.025,0.16,10,True,,1000,10800,cats_reg_g30b150,True,abs,False,CATS,150,regions,MultiMinded,271,Balance,127.4699999999998,2034.5094,6,1828.07,742.07299999999998,2034.5094,2024.7512237574451,1932.2075897802272,1974.2976084410991,27,63,16,105,68
46,30,31,AdaptiveCuttingAuction,0.025,0.16,10,True,,1000,10800,cats_reg_g30b150,True,abs,False,CATS,150,regions,MultiMinded,122,Balance,27.800000000000182,2564.0325000000003,4,2373.4,807.26099999999997,2564.0325000000003,2388.9792437210108,2316.1195781088991,2511.0573566911444,6,41,2,79,61
47,30,37,AdaptiveCuttingAuction,0.025,0.16,10,True,,1000,10800,cats_reg_g30b150,True,abs,False,CATS,150,regions,MultiMinded,695,Balance,219.0999999999999,2233.1322,7,1669.44,664.97900000000004,2233.1322,2195.2297676034686,2086.4597424267045,2143.0013607370315,25,61,29,93,67
48,30,35,AdaptiveCuttingAuction,0.025,0.16,10,True,,1000,10800,cats_reg_g30b150,True,abs,False,CATS,150,regions,MultiMinded,285,Balance,129.83000000000038,2069.4358,7,1826.01,556.24350000000004,2069.4358,2071.1727029626745,1973.8300904626744,1996.9102287477383,12,62,19,100,65
49,30,30,AdaptiveCuttingAuction,0.025,0.16,10,True,,1000,10800,cats_reg_g30b150,True,abs,False,CATS,150,regions,MultiMinded,160,Balance,31.409999999999854,1979.7895999999998,6,1594.07,673.82600000000002,1979.7895999999998,1866.2749323231355,1771.6240874196526,1915.9236080182573,8,43,20,81,60
50,30,33,AdaptiveCuttingAuction,0.025,0.16,10,True,,1000,10800,cats_reg_g30b150,True,abs,False,CATS,150,regions,MultiMinded,218,Balance,55.5300000000002,2110.6722999999997,7,1335.35,460.47550000000001,2110.6722999999997,1981.3335352258539,1912.2622102258536,2061.2599265627978,9,42,23,87,63
51,30,37,AdaptiveCuttingAuction,0.025,0.16,10,True,,1000,10800,cats_reg_g30b150,True,abs,False,CATS,150,regions,MultiMinded,116,Balance,37.49000000000024,2245.4244000000003,6,1882.26,597.73699999999997,2245.4244000000003,2182.8734405439322,2108.1563155439326,2171.6695591822136,9,45,2,94,67
52,30,32,AdaptiveCuttingAuction,0.025,0.16,10,True,,1000,10800,cats_reg_g30b150,True,abs,False,CATS,150,regions,MultiMinded,163,Balance,32.84999999999991,1756.6213,6,1409.87,556.45500000000004,1756.6213,1699.9371237009454,1616.4688737009456,1681.7418389856018,1,30,15,78,62
53,30,34,AdaptiveCuttingAuction,0.025,0.16,10,True,,1000,10800,cats_reg_g30b150,True,abs,False,CATS,150,regions,MultiMinded,194,Balance,44.179999999999836,2325.6629000000003,8,1796.97,570.23000000000002,2279.8698999999997,2165.4422855936095,2051.3962855936097,2208.8237407300016,11,39,47,85,64
54,30,37,AdaptiveCuttingAuction,0.025,0.16,10,True,,1000,10800,cats_reg_g30b150,True,abs,False,CATS,150,regions,MultiMinded,160,Balance,41.66000000000031,2355.424,6,2152.9,670.553,2313.336,2261.8144546398053,2177.9953296398053,2266.313192675153,13,42,45,91,67
55,30,33,AdaptiveCuttingAuction,0.025,0.16,10,True,,1000,10800,cats_reg_g30b150,True,abs,False,CATS,150,regions,MultiMinded,157,Balance,44.309999999999945,2078.1524999999997,10,1352.37,548.28150000000005,2078.1524999999997,2046.6325711632498,1909.5621961632496,1969.9073285175784,20,48,24,88,63
56,30,39,AdaptiveCuttingAuction,0.025,0.16,10,True,,1000,10800,cats_reg_g30b150,True,abs,False,CATS,150,regions,MultiMinded,555,Balance,187.50999999999976,1893.3772000000004,10,1498.24,591.42200000000003,1888.8312000000003,1799.3830993535637,1666.3131493535634,1784.7085391322885,25,56,27,102,69
57,30,36,AdaptiveCuttingAuction,0.025,0.16,10,True,,1000,10800,cats_reg_g30b150,True,abs,False,CATS,150,regions,MultiMinded,357,Balance,127.57999999999993,1899.5301999999997,8,1604.44,621.16750000000002,1899.5301999999997,1867.6092885962178,1743.3757885962177,1789.231849645545,25,62,8,101,66
58,30,36,AdaptiveCuttingAuction,0.025,0.16,10,True,,1000,10800,cats_reg_g30b150,True,abs,False,CATS,150,regions,MultiMinded,181,Balance,50.100000000000364,2429.6093,6,2057.42,832.86300000000006,2429.6093,2348.5473594867622,2244.4394844867625,2368.6219444832141,25,45,44,89,66
59,30,39,AdaptiveCuttingAuction,0.025,0.16,10,True,,1000,10800,cats_reg_g30b150,True,abs,False,CATS,150,regions,MultiMinded,629,Balance,235.36000000000013,2064.9126,6,1772.9,622.28800000000001,2035.9265,2030.7323722718188,1937.3891722718188,1990.8466469703271,30,68,49,100,69
60,30,35,AdaptiveCuttingAuction,0.025,0.16,10,True,,1000,10800,cats_reg_g30b150,True,abs,False,CATS,150,regions,MultiMinded,238,Balance,51.06999999999971,1956.0875,8,1842.74,450.80399999999997,1956.0875,1858.6986943744014,1779.8079943744017,1894.1170200546148,5,45,30,81,65
61,30,37,AdaptiveCuttingAuction,0.025,0.16,10,True,,1000,10800,cats_reg_g30b150,True,abs,False,CATS,150,regions,MultiMinded,251,Balance,108.88000000000011,1951.6029999999998,7,1560.47,530.9905,1951.6029999999998,1957.0444555582565,1864.1211180582568,1874.4547896404313,25,66,22,103,67
62,30,34,AdaptiveCuttingAuction,0.025,0.16,10,True,,1000,10800,cats_reg_g30b150,True,abs,False,CATS,150,regions,MultiMinded,227,Balance,62.63000000000011,1978.0167,7,1737.89,582.94900000000007,1977.3040999999998,1916.2421195348588,1814.2260445348591,1888.5673315693421,15,45,28,85,64
63,30,30,AdaptiveCuttingAuction,0.025,0.16,10,True,,1000,10800,cats_reg_g30b150,True,abs,False,CATS,150,regions,MultiMinded,151,Balance,34.67000000000007,2547.4234,5,1821.34,869.476,2547.4234,2394.1657482823944,2285.4812482823945,2448.6837336023173,26,46,13,79,60
64,30,34,AdaptiveCuttingAuction,0.025,0.16,10,True,,1000,10800,cats_reg_g30b150,True,abs,False,CATS,150,regions,MultiMinded,315,Balance,130.74000000000024,2427.9729,12,1844.14,792.92899999999997,2394.9043,2389.1625186084871,2151.2838186084859,2221.322919142614,25,54,29,97,64
65,30,36,AdaptiveCuttingAuction,0.025,0.16,10,True,,1000,10800,cats_reg_g30b150,True,abs,False,CATS,150,regions,MultiMinded,253,Balance,84.53999999999996,2209.3287,9,1779.98,732.52250000000004,2155.1597,2085.9717572979907,1921.1541947979908,2038.598290544053,25,60,49,96,66
66,30,30,AdaptiveCuttingAuction,0.025,0.16,10,True,,1000,10800,cats_reg_g30b150,True,abs,False,CATS,150,regions,MultiMinded,135,Balance,30.639999999999873,2387.3904,2,2290.03,553.03500000000008,2387.3904,2386.0232411859797,2358.3714911859797,2367.2462911859798,19,43,25,75,60
67,30,41,AdaptiveCuttingAuction,0.025,0.16,10,True,,1000,10800,cats_reg_g30b150,True,abs,False,CATS,150,regions,MultiMinded,760,Balance,313.21000000000004,2130.5865999999996,7,1569.3,447.20299999999997,2130.5865999999996,2037.3541381294117,1960.4655214477414,2077.7027124123642,19,54,40,102,71
68,30,34,AdaptiveCuttingAuction,0.025,0.16,10,True,,1000,10800,cats_reg_g30b150,True,abs,False,CATS,150,regions,MultiMinded,245,Balance,73.0300000000002,1871.0335999999998,8,1491.62,623.48450000000003,1871.0335999999998,1876.5896490057023,1751.8927490057022,1777.8463599085392,5,41,19,97,64
69,30,34,AdaptiveCuttingAuction,0.025,0.16,10,True,,1000,10800,cats_reg_g30b150,True,abs,False,CATS,150,regions,MultiMinded,185,Balance,40.48000000000002,2248.1536,8,1918.69,909.28949999999998,2248.1536,2201.8213023648382,2019.9634023648373,2067.0560153458709,1,30,5,88,64
70,30,32,AdaptiveCuttingAuction,0.025,0.16,10,True,,1000,10800,cats_reg_g30b150,True,abs,False,CATS,150,regions,MultiMinded,357,Balance,75.6899999999996,2074.3614,4,1794.89,671.03600000000006,1998.6884,1953.4819136167769,1895.8419263463816,1950.7947430109095,19,41,27,76,62
71,30,30,AdaptiveCuttingAuction,0.025,0.16,10,True,,1000,10800,cats_reg_g30b150,True,abs,False,CATS,150,regions,MultiMinded,1000,MaxIter,336.5500000000002,2107.4125,5,1919.92,672.68100000000004,2059.3849999999998,2077.8066197436319,1141.7954383059196,1175.2511591756602,26,64,41,88,60
72,30,35,AdaptiveCuttingAuction,0.025,0.16,10,True,,1000,10800,cats_reg_g30b150,True,abs,False,CATS,150,regions,MultiMinded,130,Balance,25.340000000000146,1946.4843000000003,8,1216.53,554.09649999999999,1946.4843000000003,1871.2294692906269,1760.4101692906272,1869.6288463609278,1,30,26,84,65
73,30,35,AdaptiveCuttingAuction,0.025,0.16,10,True,,1000,10800,cats_reg_g30b150,True,abs,False,CATS,150,regions,MultiMinded,426,Balance,155.1600000000003,1852.6272999999999,7,1445.38,663.03899999999999,1852.6272999999999,1811.2878719291023,1695.2560469291025,1766.0362385148794,25,48,14,96,65
74,30,31,AdaptiveCuttingAuction,0.025,0.16,10,True,,1000,10800,cats_reg_g30b150,True,abs,False,CATS,150,regions,MultiMinded,668,Balance,162.95000000000027,2020.0417,6,1744.34,781.83899999999994,2020.0417,1998.3003779221783,1881.0245279221783,1926.3842732343066,24,46,18,82,61
75,30,39,AdaptiveCuttingAuction,0.025,0.16,10,True,,1000,10800,cats_reg_g30b150,True,abs,False,CATS,150,regions,MultiMinded,226,Balance,91.01999999999998,2549.9302,11,1890.83,637.39099999999996,2549.9302,2461.4999484893215,2286.2174234893214,2403.5817790939327,10,55,30,107,69
76,30,36,AdaptiveCuttingAuction,0.025,0.16,10,True,,1000,10800,cats_reg_g30b150,True,abs,False,CATS,150,regions,MultiMinded,128,Balance,33.68000000000029,1970.4382,6,1633.82,405.01099999999997,1970.4382,1925.8810766769188,1865.1294266769189,1914.6187759332183,20,47,7,86,66
77,30,34,AdaptiveCuttingAuction,0.025,0.16,10,True,,1000,10800,cats_reg_g30b150,True,abs,False,CATS,150,regions,MultiMinded,1000,MaxIter,287.5,1646.3148,6,1576.38,831.28949999999998,1602.3807,1754.0490374706528,418.84936913263664,418.84936913263664,19,49,49,85,64
78,30,34,AdaptiveCuttingAuction,0.025,0.16,10,True,,1000,10800,cats_reg_g30b150,True,abs,False,CATS,150,regions,MultiMinded,176,Balance,47.029999999999745,2412.1546,8,1881.66,768.41550000000007,2399.9085999999998,2433.8938913126926,2280.2107913126929,2302.2051021001594,14,47,27,94,64
79,30,29,AdaptiveCuttingAuction,0.025,0.16,10,True,,1000,10800,cats_reg_g30b150,True,abs,False,CATS,150,regions,MultiMinded,1000,MaxIter,330.53999999999996,2267.359,5,2060.3,919.01300000000003,2255.609,2291.4197008596943,526.38612321492803,572.45183977218733,26,60,22,87,59
80,30,37,AdaptiveCuttingAuction,0.025,0.16,10,True,,1000,10800,cats_reg_g30b150,True,abs,False,CATS,150,regions,MultiMinded,243,Balance,84.75,2112.5864,6,1592.54,576.49599999999998,2047.4059000000002,1974.4767747668427,1888.0023747668426,1997.9673019547822,19,62,38,96,67
81,30,33,AdaptiveCuttingAuction,0.025,0.16,10,True,,1000,10800,cats_reg_g30b150,True,abs,False,CATS,150,regions,MultiMinded,142,Balance,29.529999999999745,1652.215,4,1316.69,725.81600000000003,1652.215,1636.6284976765207,1564.0468976765208,1587.9574354900969,1,30,8,73,63
82,30,35,AdaptiveCuttingAuction,0.025,0.16,10,True,,1000,10800,cats_reg_g30b150,True,abs,False,CATS,150,regions,MultiMinded,184,Balance,56.16000000000031,2109.0315,7,1900.31,619.13249999999994,2109.0315,2081.0544114263521,1973.221146759719,2014.4326091511425,28,46,6,84,65
83,30,32,AdaptiveCuttingAuction,0.025,0.16,10,True,,1000,10800,cats_reg_g30b150,True,abs,False,CATS,150,regions,MultiMinded,128,Balance,32.98000000000002,2576.43019,6,2027.96,1059.6700000000001,2571.7672000000002,2408.0391294764668,2249.0886294764664,2426.4226555850405,26,44,7,82,62
84,30,34,AdaptiveCuttingAuction,0.025,0.16,10,True,,1000,10800,cats_reg_g30b150,True,abs,False,CATS,150,regions,MultiMinded,157,Balance,61.33000000000038,1983.6759000000002,7,1485.27,650.14099999999996,1962.444,1916.1724474876412,1802.3977724876411,1878.9058276031922,26,62,17,89,64
85,30,33,AdaptiveCuttingAuction,0.025,0.16,10,True,,1000,10800,cats_reg_g30b150,True,abs,False,CATS,150,regions,MultiMinded,129,Balance,26.960000000000036,1650.3177,5,1136.81,534.83399999999995,1650.3177,1523.359543706822,1456.5052937068219,1606.2078925302203,9,43,18,87,63
86,30,37,AdaptiveCuttingAuction,0.025,0.16,10,True,,1000,10800,cats_reg_g30b150,True,abs,False,CATS,150,regions,MultiMinded,820,Balance,152.19999999999982,2073.2363,5,1605.13,504.47649999999999,2073.2363,1996.4483494253573,1933.3887869253572,2022.7864575840358,8,32,13,82,67
87,30,34,AdaptiveCuttingAuction,0.025,0.16,10,True,,1000,10800,cats_reg_g30b150,True,abs,False,CATS,150,regions,MultiMinded,350,Balance,95.57000000000016,2161.5317,10,1611.82,461.19499999999999,2161.5317,2108.4905042023929,1995.6696181648122,2073.5200504688078,10,50,21,91,64
88,30,35,AdaptiveCuttingAuction,0.025,0.16,10,True,,1000,10800,cats_reg_g30b150,True,abs,False,CATS,150,regions,MultiMinded,252,Balance,90.17999999999984,1960.6723,9,1579.4,529.16499999999996,1953.1233,1935.5221145207456,1816.4599895207455,1864.6121721146128,25,53,18,94,65
89,30,40,AdaptiveCuttingAuction,0.025,0.16,10,True,,1000,10800,cats_reg_g30b150,True,abs,False,CATS,150,regions,MultiMinded,123,Balance,71.99000000000024,2103.4608,12,1324.86,455.78500000000003,1933.7631000000001,1653.4395810275853,1539.4933310275856,1859.741510888982,25,48,34,92,70
90,30,36,AdaptiveCuttingAuction,0.025,0.16,10,True,,1000,10800,cats_reg_g30b150,True,abs,False,CATS,150,regions,MultiMinded,152,Balance,44.059999999999945,2252.2093,7,1749.09,686.99800000000005,2252.2093,2122.8932118964399,2019.8435118964401,2187.7931442647696,26,56,23,89,66
91,30,37,AdaptiveCuttingAuction,0.025,0.16,10,True,,1000,10800,cats_reg_g30b150,True,abs,False,CATS,150,regions,MultiMinded,106,Balance,31.7800000000002,2533.4677,9,1557.05,605.50300000000004,2524.7637,2380.8357071196297,2259.735107119629,2415.7140873613548,13,44,12,86,67
92,30,37,AdaptiveCuttingAuction,0.025,0.16,10,True,,1000,10800,cats_reg_g30b150,True,abs,False,CATS,150,regions,MultiMinded,117,Balance,31.440000000000055,2087.0795,9,1557.29,467.12700000000001,2087.0795,2005.6016937267193,1900.4981187267192,1983.5284234026808,9,44,8,87,67
93,30,34,AdaptiveCuttingAuction,0.025,0.16,10,True,,1000,10800,cats_reg_g30b150,True,abs,False,CATS,150,regions,MultiMinded,210,Balance,58.38999999999987,2220.4165999999996,7,1477.09,531.97949999999992,2083.1156,1987.2884340624923,1894.1920215624928,2025.3944897062695,13,45,36,81,64
94,30,33,AdaptiveCuttingAuction,0.025,0.16,10,True,,1000,10800,cats_reg_g30b150,True,abs,False,CATS,150,regions,MultiMinded,275,Balance,102.90999999999985,2089.1439,6,1850.23,583.02999999999997,2075.2699000000002,1922.7822543672871,1864.4792543672872,2053.1490426269788,27,60,34,90,63
95,30,36,AdaptiveCuttingAuction,0.025,0.16,10,True,,1000,10800,cats_reg_g30b150,True,abs,False,CATS,150,regions,MultiMinded,220,Balance,67.34999999999991,2218.1557,7,1747.55,732.99250000000006,2218.1557,2172.7867403391592,2044.5130528391592,2123.5070223119255,16,56,17,94,66
96,30,33,AdaptiveCuttingAuction,0.025,0.16,10,True,,1000,10800,cats_reg_g30b150,True,abs,False,CATS,150,regions,MultiMinded,641,Balance,197.94999999999982,1873.9284000000002,4,1690.89,555.43200000000002,1873.9284000000002,1872.7464076680149,1817.203207668015,1823.9879115299375,25,60,25,93,63
97,30,37,AdaptiveCuttingAuction,0.025,0.16,10,True,,1000,10800,cats_reg_g30b150,True,abs,False,CATS,150,regions,MultiMinded,170,Balance,36.86999999999989,1853.4531000000002,10,1334.16,635.36699999999996,1849.0271000000002,1797.769900494932,1638.9281504949322,1717.5931028033244,7,40,14,95,67
98,30,36,AdaptiveCuttingAuction,0.025,0.16,10,True,,1000,10800,cats_reg_g30b150,True,abs,False,CATS,150,regions,MultiMinded,133,Balance,28.13000000000011,2779.0163,8,2131.76,620.35799999999995,2779.0163,2678.787584791934,2554.7159847919347,2690.1951714660186,5,36,28,81,66
99,30,37,AdaptiveCuttingAuction,0.025,0.16,10,True,,1000,10800,cats_reg_g30b150,True,abs,False,CATS,150,regions,MultiMinded,259,Balance,92.32999999999993,2286.8288000000002,5,1573.72,543.00099999999998,2286.8288000000002,2263.1706720730326,2195.2955470730321,2245.160907565657,9,45,25,92,67
100,30,32,AdaptiveCuttingAuction,0.025,0.16,10,True,,1000,10800,cats_reg_g30b150,True,abs,False,CATS,150,regions,MultiMinded,387,Balance,93.90000000000009,1906.0085,9,1496.95,591.39400000000001,1906.0085,1833.055700199428,1699.9920501994279,1787.7287855029074,23,45,7,85,62
