idx,items,agents,auction_class,epsilon,stepc,epoch,scalebyvalue,reserve_type,maxiter,maxtime,generator_param_name,personalized,expstrat,int_prices,generator,bids,distribution,type,rounds,status,runtime,efficient_value,final_num_winners,final_max_agent_value,final_scalevalue,final_value,final_total_price,final_revenue,final_indirect_util,final_price_degree,final_price_sparsity,final_imbalance,final_wd_nvars,final_wd_ncons
1,10,17,AdaptiveCuttingAuction,0.05,0.02,10,True,,1000,10800,cats_reg_g10b50,True,abs,False,CATS,50,regions,MultiMinded,39,Balance,2.0399999999999636,681.0817,4,513.163,288.52699999999999,681.0817,674.29894139099747,616.59354139099742,626.79439942519912,1,10,14,40,27
2,10,19,AdaptiveCuttingAuction,0.05,0.02,10,True,,1000,10800,cats_reg_g10b50,True,abs,False,CATS,50,regions,MultiMinded,163,Balance,14.539999999999964,734.1289999999999,2,640.313,226.71899999999999,732.193,675.99693198624846,653.3250319862484,725.82458838945206,8,21,13,42,29
3,10,17,AdaptiveCuttingAuction,0.05,0.02,10,True,,1000,10800,cats_reg_g10b50,True,abs,False,CATS,50,regions,MultiMinded,83,Balance,5.5900000000001455,804.4359999999999,3,797.452,310.25200000000001,804.4359999999999,817.29538402407707,770.757584024077,783.58415000614218,4,16,24,39,27
4,10,14,AdaptiveCuttingAuction,0.05,0.02,10,True,,1000,10800,cats_reg_g10b50,True,abs,False,CATS,50,regions,MultiMinded,21,Balance,0.849999999999909,574.909,2,568.922,272.93700000000001,574.909,578.77759946916603,551.48389946916609,565.08931459636563,1,10,8,28,24
5,10,21,AdaptiveCuttingAuction,0.05,0.02,10,True,,1000,10800,cats_reg_g10b50,True,abs,False,CATS,50,regions,MultiMinded,39,Balance,2.480000000000018,650.6363,2,619.701,342.60149999999999,650.6363,649.09602036743502,614.83587036743495,616.37614999999994,9,18,0,42,31
6,10,17,AdaptiveCuttingAuction,0.05,0.02,10,True,,1000,10800,cats_reg_g10b50,True,abs,False,CATS,50,regions,MultiMinded,81,Balance,5.489999999999782,834.2848,1,784.19,470.66899999999998,784.19,797.3778921952553,773.84444219525528,776.92138243904697,8,20,18,36,27
7,10,21,AdaptiveCuttingAuction,0.05,0.02,10,True,,1000,10800,cats_reg_g10b50,True,abs,False,CATS,50,regions,MultiMinded,53,Balance,3.9100000000003092,854.667,3,696.341,343.76999999999998,854.667,856.76908680518181,805.20358680518189,822.80364878573789,5,15,3,45,31
8,10,18,AdaptiveCuttingAuction,0.05,0.02,10,True,,1000,10800,cats_reg_g10b50,True,abs,False,CATS,50,regions,MultiMinded,123,Balance,8.830000000000382,663.572,3,592.441,275.35000000000002,663.572,644.88272007353874,603.58022007353861,623.5064199001522,7,15,11,37,28
9,10,18,AdaptiveCuttingAuction,0.05,0.02,10,True,,1000,10800,cats_reg_g10b50,True,abs,False,CATS,50,regions,MultiMinded,12,Balance,0.5499999999997272,724.6032999999999,4,611.583,280.12,724.6032999999999,637.65786628928458,581.6338662892847,679.68060547102357,1,10,3,38,28
10,10,23,AdaptiveCuttingAuction,0.05,0.02,10,True,,1000,10800,cats_reg_g10b50,True,abs,False,CATS,50,regions,MultiMinded,16,Balance,0.8599999999996726,946.3547,4,784.828,433.57950000000005,946.3547,936.75688102305719,850.04098102305716,895.89953222016675,1,10,5,47,33
11,10,16,AdaptiveCuttingAuction,0.05,0.02,10,True,,1000,10800,cats_reg_g10b50,True,abs,False,CATS,50,regions,MultiMinded,35,Balance,1.800000000000182,724.662,1,724.662,403.49950000000001,724.662,742.21216316467167,722.03718816467165,723.90807658229767,5,14,15,36,26
12,10,16,AdaptiveCuttingAuction,0.05,0.02,10,True,,1000,10800,cats_reg_g10b50,True,abs,False,CATS,50,regions,MultiMinded,25,Balance,1.1399999999998727,522.114,1,522.114,283.13549999999998,522.114,519.77738261265404,505.62060761265406,519.22619872053735,1,10,13,35,26
13,10,17,AdaptiveCuttingAuction,0.05,0.02,10,True,,1000,10800,cats_reg_g10b50,True,abs,False,CATS,50,regions,MultiMinded,43,Balance,2.5,778.1078,2,718.401,353.04300000000001,778.1078,760.84184370396338,725.53754370396337,759.40636720673467,5,13,19,37,27
14,10,17,AdaptiveCuttingAuction,0.05,0.02,10,True,,1000,10800,cats_reg_g10b50,True,abs,False,CATS,50,regions,MultiMinded,9,Balance,0.3000000000001819,588.9796,2,575.883,307.69200000000001,588.9796,600.75419056389069,574.48757465130905,589.69027690093799,1,10,22,34,27
15,10,17,AdaptiveCuttingAuction,0.05,0.02,10,True,,1000,10800,cats_reg_g10b50,True,abs,False,CATS,50,regions,MultiMinded,68,Balance,4.109999999999673,634.994,2,600.13,422.91899999999998,634.994,629.1632488750522,586.87134887505215,596.59566622085981,9,21,10,36,27
16,10,26,AdaptiveCuttingAuction,0.05,0.02,10,True,,1000,10800,cats_reg_g10b50,True,abs,False,CATS,50,regions,MultiMinded,26,Balance,1.6599999999998545,519.6692,2,485.933,278.584,519.6692,533.06371891028084,505.20531891028082,512.04819292880074,1,10,23,51,36
17,10,16,AdaptiveCuttingAuction,0.05,0.02,10,True,,1000,10800,cats_reg_g10b50,True,abs,False,CATS,50,regions,MultiMinded,15,Balance,0.7000000000002728,910.0260000000001,3,815.656,322.738,910.0260000000001,904.28246026763236,855.87176026763245,880.29238367525829,7,15,16,35,26
18,10,18,AdaptiveCuttingAuction,0.05,0.02,10,True,,1000,10800,cats_reg_g10b50,True,abs,False,CATS,50,regions,MultiMinded,103,Balance,6.480000000000018,982.461,2,932.103,367.83500000000004,982.461,992.39595297478991,955.6124529747899,955.6124529747899,9,19,10,40,28
19,10,19,AdaptiveCuttingAuction,0.05,0.02,10,True,,1000,10800,cats_reg_g10b50,True,abs,False,CATS,50,regions,MultiMinded,404,Balance,37.090000000000146,903.4849999999999,2,826.774,559.33850000000007,860.0336,861.56925569033547,805.63540569033557,807.29829979045996,9,25,13,41,29
20,10,21,AdaptiveCuttingAuction,0.05,0.02,10,True,,1000,10800,cats_reg_g10b50,True,abs,False,CATS,50,regions,MultiMinded,71,Balance,4.710000000000036,780.3014999999999,6,637.779,268.37200000000001,780.3014999999999,680.46097991050158,599.94937991050176,701.48570705448401,5,15,7,44,31
21,10,17,AdaptiveCuttingAuction,0.05,0.02,10,True,,1000,10800,cats_reg_g10b50,True,abs,False,CATS,50,regions,MultiMinded,16,Balance,0.7899999999999636,869.309,3,770.684,361.69299999999998,869.309,799.673307424585,745.41935742458497,829.0020771592757,1,10,8,40,27
22,10,16,AdaptiveCuttingAuction,0.05,0.02,10,True,,1000,10800,cats_reg_g10b50,True,abs,False,CATS,50,regions,MultiMinded,1000,MaxIter,79.03999999999996,827.155,1,792.758,416.87799999999999,654.031,803.76297667560925,0,17.13426849718175,8,17,14,35,26
23,10,21,AdaptiveCuttingAuction,0.05,0.02,10,True,,1000,10800,cats_reg_g10b50,True,abs,False,CATS,50,regions,MultiMinded,149,Balance,12.690000000000055,926.9879999999999,5,813.726,269.07900000000001,926.9879999999999,897.05895349563764,829.78920349563771,863.82560339849863,4,357,7,48,31
24,10,23,AdaptiveCuttingAuction,0.05,0.02,10,True,,1000,10800,cats_reg_g10b50,True,abs,False,CATS,50,regions,MultiMinded,65,Balance,4.9900000000002365,822.2049999999999,3,635.81,377.13200000000001,809.8186000000001,822.22594437780526,765.65614437780516,796.35727691037073,6,16,15,50,33
25,10,22,AdaptiveCuttingAuction,0.05,0.02,10,True,,1000,10800,cats_reg_g10b50,True,abs,False,CATS,50,regions,MultiMinded,504,Balance,45.590000000000146,534.8185,2,446.519,197.68200000000002,527.864,527.51012386948537,507.74192386948539,518.38611961738491,9,28,7,47,32
26,10,17,AdaptiveCuttingAuction,0.05,0.02,10,True,,1000,10800,cats_reg_g10b50,True,abs,False,CATS,50,regions,MultiMinded,18,Balance,0.8699999999998909,716.487,1,716.487,299.23599999999999,716.487,709.1787959516007,694.21699595160067,701.52519999999993,8,16,0,35,27
27,10,17,AdaptiveCuttingAuction,0.05,0.02,10,True,,1000,10800,cats_reg_g10b50,True,abs,False,CATS,50,regions,MultiMinded,53,Balance,3.130000000000109,811.1127,4,667.768,330.15700000000004,811.1127,810.4838821535227,744.45248215352274,749.5994020928656,6,16,11,38,27
28,10,18,AdaptiveCuttingAuction,0.05,0.02,10,True,,1000,10800,cats_reg_g10b50,True,abs,False,CATS,50,regions,MultiMinded,29,Balance,1.4800000000000182,818.682,3,802.322,385.84800000000001,818.682,812.53736607869234,754.66016607869221,778.00095932637555,5,15,12,40,28
29,10,20,AdaptiveCuttingAuction,0.05,0.02,10,True,,1000,10800,cats_reg_g10b50,True,abs,False,CATS,50,regions,MultiMinded,66,Balance,3.949999999999818,767.6940999999999,3,746.709,446.00549999999998,767.6940999999999,743.2514555473864,676.35063054738657,712.37079345116138,7,15,15,43,30
30,10,18,AdaptiveCuttingAuction,0.05,0.02,10,True,,1000,10800,cats_reg_g10b50,True,abs,False,CATS,50,regions,MultiMinded,1000,MaxIter,75.17000000000007,794.5821000000001,3,739.446,385.6635,501.0529,796.62860219510492,86.49166063473703,86.681825000000003,8,16,23,38,28
31,10,21,AdaptiveCuttingAuction,0.05,0.02,10,True,,1000,10800,cats_reg_g10b50,True,abs,False,CATS,50,regions,MultiMinded,70,Balance,5.059999999999945,818.388,2,733.06,325.495,818.388,828.98201166093349,796.43251166093341,811.1786915431951,6,19,11,44,31
32,10,20,AdaptiveCuttingAuction,0.05,0.02,10,True,,1000,10800,cats_reg_g10b50,True,abs,False,CATS,50,regions,MultiMinded,45,Balance,3.369999999999891,637.3713,4,533.498,304.15100000000001,637.3713,646.30923522201977,585.47903522201977,592.41581611574486,9,16,8,42,30
33,10,16,AdaptiveCuttingAuction,0.05,0.02,10,True,,1000,10800,cats_reg_g10b50,True,abs,False,CATS,50,regions,MultiMinded,36,Balance,2.2200000000002547,560.5032,2,498.34,219.72300000000001,560.5032,526.13483529378266,504.1625352937827,539.5409060055058,8,19,1,34,26
34,10,20,AdaptiveCuttingAuction,0.05,0.02,10,True,,1000,10800,cats_reg_g10b50,True,abs,False,CATS,50,regions,MultiMinded,101,Balance,5.940000000000055,726.3012,4,568.454,249.64099999999999,726.3012,606.27928936310468,556.35108936310473,676.73506915412997,4,14,4,40,30
35,10,27,AdaptiveCuttingAuction,0.05,0.02,10,True,,1000,10800,cats_reg_g10b50,True,abs,False,CATS,50,regions,MultiMinded,31,Balance,2.0399999999999636,858.175,2,722.988,380.87900000000002,858.175,840.69709315846626,802.60919315846627,841.03838384965047,1,10,5,53,37
36,10,17,AdaptiveCuttingAuction,0.05,0.02,10,True,,1000,10800,cats_reg_g10b50,True,abs,False,CATS,50,regions,MultiMinded,50,Balance,2.849999999999909,716.498,1,716.498,379.51999999999998,716.498,731.49637753577326,712.52037753577326,712.52037753577326,9,16,10,35,27
37,10,20,AdaptiveCuttingAuction,0.05,0.02,10,True,,1000,10800,cats_reg_g10b50,True,abs,False,CATS,50,regions,MultiMinded,23,Balance,1.2000000000002728,824.835,3,630.222,329.92600000000004,824.835,705.32673911791164,655.83783911791159,775.34609999999998,1,10,0,40,30
38,10,18,AdaptiveCuttingAuction,0.05,0.02,10,True,,1000,10800,cats_reg_g10b50,True,abs,False,CATS,50,regions,MultiMinded,87,Balance,4.029999999999745,825.56,1,825.56,471.01400000000001,825.56,825.35587263896502,801.80517263896502,825.35901530993192,1,10,1,38,28
39,10,25,AdaptiveCuttingAuction,0.05,0.02,10,True,,1000,10800,cats_reg_g10b50,True,abs,False,CATS,50,regions,MultiMinded,44,Balance,2.5099999999997635,948.5501,5,753.385,196.10050000000001,948.5501,803.95645973178921,754.93133473178943,908.74673066635239,1,10,1,48,35
40,10,22,AdaptiveCuttingAuction,0.05,0.02,10,True,,1000,10800,cats_reg_g10b50,True,abs,False,CATS,50,regions,MultiMinded,136,Balance,10.740000000000236,694.64,2,671.57,320.48500000000001,694.64,670.4744988766397,638.4259988766396,667.06000365352509,10,22,18,45,32
41,10,18,AdaptiveCuttingAuction,0.05,0.02,10,True,,1000,10800,cats_reg_g10b50,True,abs,False,CATS,50,regions,MultiMinded,10,Balance,0.36000000000012733,919.5834,3,833.068,428.51799999999997,919.5834,877.35491607751499,813.077216077515,881.63988366890339,1,10,5,34,28
42,10,21,AdaptiveCuttingAuction,0.05,0.02,10,True,,1000,10800,cats_reg_g10b50,True,abs,False,CATS,50,regions,MultiMinded,67,Balance,3.8599999999996726,722.396,1,722.396,339.44,722.396,715.89319858644467,698.92119858644469,711.808376114319,9,14,19,42,31
43,10,20,AdaptiveCuttingAuction,0.05,0.02,10,True,,1000,10800,cats_reg_g10b50,True,abs,False,CATS,50,regions,MultiMinded,33,Balance,2.6100000000001273,820.8240000000001,2,681.374,265.63999999999999,820.8240000000001,788.25676718525733,761.69276718525714,794.68172044860398,7,15,5,42,30
44,10,19,AdaptiveCuttingAuction,0.05,0.02,10,True,,1000,10800,cats_reg_g10b50,True,abs,False,CATS,50,regions,MultiMinded,481,Balance,44.960000000000036,607.363,3,484.926,277.04599999999999,559.9440000000001,508.99034195045078,467.43344195045074,520.42053611039398,9,25,12,41,29
45,10,20,AdaptiveCuttingAuction,0.05,0.02,10,True,,1000,10800,cats_reg_g10b50,True,abs,False,CATS,50,regions,MultiMinded,55,Balance,3.0,687.7891,5,510.577,285.93000000000001,687.7891,687.3752558134546,617.70816589117499,637.76377961498849,4,12,11,42,30
46,10,19,AdaptiveCuttingAuction,0.05,0.02,10,True,,1000,10800,cats_reg_g10b50,True,abs,False,CATS,50,regions,MultiMinded,63,Balance,4.100000000000364,810.368,2,810.368,345.00850000000003,808.7297,797.31259829096734,762.81174829096744,791.51040428550914,9,14,5,42,29
47,10,18,AdaptiveCuttingAuction,0.05,0.02,10,True,,1000,10800,cats_reg_g10b50,True,abs,False,CATS,50,regions,MultiMinded,184,Balance,14.61999999999989,759.477,1,738.963,363.25599999999997,738.963,748.57105996958728,730.40825996958733,748.41951488404561,8,20,10,43,28
48,10,29,AdaptiveCuttingAuction,0.05,0.02,10,True,,1000,10800,cats_reg_g10b50,True,abs,False,CATS,50,regions,MultiMinded,17,Balance,1.0499999999997272,726.774,3,661.833,328.96899999999999,726.774,729.47521376863119,680.12986376863125,687.9989126969416,1,10,9,61,39
49,10,23,AdaptiveCuttingAuction,0.05,0.02,10,True,,1000,10800,cats_reg_g10b50,True,abs,False,CATS,50,regions,MultiMinded,38,Balance,2.130000000000109,587.5914,6,462.576,216.20049999999998,587.5914,553.19569067259829,488.33554067259831,535.07935906240505,3,16,7,47,33
50,10,17,AdaptiveCuttingAuction,0.05,0.02,10,True,,1000,10800,cats_reg_g10b50,True,abs,False,CATS,50,regions,MultiMinded,20,Balance,0.8899999999998727,945.836,4,681.012,323.851,945.836,884.56368989648649,819.79348989648656,881.23692825627825,1,10,4,34,27
51,10,25,AdaptiveCuttingAuction,0.05,0.02,10,True,,1000,10800,cats_reg_g10b50,True,abs,False,CATS,50,regions,MultiMinded,47,Balance,3.3099999999999454,831.2631000000001,3,644.905,285.66050000000001,831.2631000000001,779.53573994532246,736.68666494532249,788.41402500000004,1,10,0,49,35
52,10,19,AdaptiveCuttingAuction,0.05,0.02,10,True,,1000,10800,cats_reg_g10b50,True,abs,False,CATS,50,regions,MultiMinded,27,Balance,1.6900000000000546,608.391,1,608.391,276.31299999999999,608.391,594.49213077144555,580.67648077144554,595.61110689624343,9,15,2,40,29
53,10,21,AdaptiveCuttingAuction,0.05,0.02,10,True,,1000,10800,cats_reg_g10b50,True,abs,False,CATS,50,regions,MultiMinded,200,Balance,16.2800000000002,623.5598,4,612.518,167.23250000000002,623.5598,612.19770210871661,578.7512021087166,599.31371773405965,10,23,11,44,31
54,10,20,AdaptiveCuttingAuction,0.05,0.02,10,True,,1000,10800,cats_reg_g10b50,True,abs,False,CATS,50,regions,MultiMinded,57,Balance,3.919999999999618,1040.322,4,967.436,414.12850000000003,1039.9794,983.52988780520525,900.70418780520527,981.68328987856546,6,17,12,47,30
55,10,17,AdaptiveCuttingAuction,0.05,0.02,10,True,,1000,10800,cats_reg_g10b50,True,abs,False,CATS,50,regions,MultiMinded,15,Balance,0.6100000000001273,1001.244,2,739.168,309.35699999999997,1001.244,920.19904704834244,889.26334704834244,984.19258718333458,1,10,1,34,27
56,10,17,AdaptiveCuttingAuction,0.05,0.02,10,True,,1000,10800,cats_reg_g10b50,True,abs,False,CATS,50,regions,MultiMinded,104,Balance,5.400000000000091,674.3464,3,592.43,348.80000000000001,659.3265,619.41963515464363,567.09963515464358,616.65875185453115,6,15,11,36,27
57,10,20,AdaptiveCuttingAuction,0.05,0.02,10,True,,1000,10800,cats_reg_g10b50,True,abs,False,CATS,50,regions,MultiMinded,173,Balance,11.179999999999836,783.158,3,568.928,268.62299999999999,783.158,762.26346668315887,721.97001668315886,744.98844694530897,7,18,14,42,30
58,10,21,AdaptiveCuttingAuction,0.05,0.02,10,True,,1000,10800,cats_reg_g10b50,True,abs,False,CATS,50,regions,MultiMinded,26,Balance,1.4600000000000364,871.9079999999999,2,791.212,427.88200000000001,871.9079999999999,867.41615251322492,824.62795251322495,836.26283508091615,1,10,4,44,31
59,10,28,AdaptiveCuttingAuction,0.05,0.02,10,True,,1000,10800,cats_reg_g10b50,True,abs,False,CATS,50,regions,MultiMinded,38,Balance,2.7899999999999636,875.1772,3,803.796,406.47899999999998,875.1772,864.03013494391098,803.05828494391096,820.36995297821136,1,10,15,56,38
60,10,22,AdaptiveCuttingAuction,0.05,0.02,10,True,,1000,10800,cats_reg_g10b50,True,abs,False,CATS,50,regions,MultiMinded,20,Balance,0.8900000000003274,716.1357,3,662.173,358.10899999999998,716.1357,675.55884264152269,621.84249264152265,670.86341507088503,1,10,9,46,32
61,10,19,AdaptiveCuttingAuction,0.05,0.02,10,True,,1000,10800,cats_reg_g10b50,True,abs,False,CATS,50,regions,MultiMinded,42,Balance,2.380000000000109,756.948,3,553.212,307.67700000000002,756.948,750.24651200545941,704.09496200545925,731.96430565032028,1,10,11,41,29
62,10,20,AdaptiveCuttingAuction,0.05,0.02,10,True,,1000,10800,cats_reg_g10b50,True,abs,False,CATS,50,regions,MultiMinded,11,Balance,0.849999999999909,962.414,3,839.979,365.63299999999998,962.414,956.88085917903891,902.03590917903887,947.97474695310939,1,10,9,38,30
63,10,20,AdaptiveCuttingAuction,0.05,0.02,10,True,,1000,10800,cats_reg_g10b50,True,abs,False,CATS,50,regions,MultiMinded,31,Balance,2.619999999999891,966.8963000000001,4,783.33,502.36099999999999,966.8963000000001,928.38349116172333,827.91129116172317,877.30743591827547,7,18,11,40,30
64,10,24,AdaptiveCuttingAuction,0.05,0.02,10,True,,1000,10800,cats_reg_g10b50,True,abs,False,CATS,50,regions,MultiMinded,117,Balance,9.019999999999982,784.4846,2,723.45,238.8545,784.4846,768.72984236981279,744.84439236981279,765.10397870312056,6,13,9,51,34
65,10,18,AdaptiveCuttingAuction,0.05,0.02,10,True,,1000,10800,cats_reg_g10b50,True,abs,False,CATS,50,regions,MultiMinded,53,Balance,2.869999999999891,863.3610000000001,3,758.102,337.34500000000003,856.6320000000001,802.76926685476474,752.1675168547647,817.4126841973532,5,14,4,37,28
66,10,18,AdaptiveCuttingAuction,0.05,0.02,10,True,,1000,10800,cats_reg_g10b50,True,abs,False,CATS,50,regions,MultiMinded,327,Balance,17.230000000000018,852.079,3,807.329,372.65700000000004,852.079,807.30277438137114,751.40422438137114,796.74264898241154,1,10,26,36,28
67,10,27,AdaptiveCuttingAuction,0.05,0.02,10,True,,1000,10800,cats_reg_g10b50,True,abs,False,CATS,50,regions,MultiMinded,88,Balance,5.289999999999964,860.8598,2,789.183,223.39999999999998,860.8598,856.63938493483681,834.29938493483678,849.63099607399397,1,10,1,52,37
68,10,20,AdaptiveCuttingAuction,0.05,0.02,10,True,,1000,10800,cats_reg_g10b50,True,abs,False,CATS,50,regions,MultiMinded,84,Balance,4.360000000000127,535.1916,4,486.692,201.834,535.1916,525.64698812731024,485.28018812731023,504.849231804981,1,10,1,42,30
69,10,20,AdaptiveCuttingAuction,0.05,0.02,10,True,,1000,10800,cats_reg_g10b50,True,abs,False,CATS,50,regions,MultiMinded,23,Balance,1.2000000000002728,550.5322,3,423.552,212.09399999999999,550.5322,501.85540943697924,470.04130943697925,518.71810000000005,1,10,0,40,30
70,10,18,AdaptiveCuttingAuction,0.05,0.02,10,True,,1000,10800,cats_reg_g10b50,True,abs,False,CATS,50,regions,MultiMinded,388,Balance,29.13000000000011,965.81,3,780.078,273.52800000000002,965.81,888.24684346631921,847.21764346631926,939.43722180508792,9,18,13,41,28
71,10,17,AdaptiveCuttingAuction,0.05,0.02,10,True,,1000,10800,cats_reg_g10b50,True,abs,False,CATS,50,regions,MultiMinded,352,Balance,27.829999999999927,745.048,1,745.048,330.73000000000002,745.048,759.55046245794551,743.01396245794547,743.06512790202487,10,22,14,41,27
72,10,23,AdaptiveCuttingAuction,0.05,0.02,10,True,,1000,10800,cats_reg_g10b50,True,abs,False,CATS,50,regions,MultiMinded,17,Balance,0.7899999999999636,619.2275000000001,7,497.631,317.09799999999996,619.2275000000001,589.03497419473763,478.05067419473778,525.80913242318002,1,10,9,46,33
73,10,20,AdaptiveCuttingAuction,0.05,0.02,10,True,,1000,10800,cats_reg_g10b50,True,abs,False,CATS,50,regions,MultiMinded,42,Balance,3.2100000000000364,675.2625,2,656.76,362.82400000000001,675.0855,670.79190527427875,634.50950527427869,649.35445716986305,8,18,22,43,30
74,10,26,AdaptiveCuttingAuction,0.05,0.02,10,True,,1000,10800,cats_reg_g10b50,True,abs,False,CATS,50,regions,MultiMinded,40,Balance,3.549999999999727,942.6876,2,890.025,245.483,942.6876,944.48445970788168,919.93615970788176,932.37739448138859,9,25,10,57,36
75,10,15,AdaptiveCuttingAuction,0.05,0.02,10,True,,1000,10800,cats_reg_g10b50,True,abs,False,CATS,50,regions,MultiMinded,49,Balance,2.380000000000109,986.353,1,977.088,450.65550000000002,977.088,976.0146106265388,953.48183562653878,975.79314991562035,6,12,1,34,25
76,10,22,AdaptiveCuttingAuction,0.05,0.02,10,True,,1000,10800,cats_reg_g10b50,True,abs,False,CATS,50,regions,MultiMinded,55,Balance,3.3299999999999272,900.434,6,820.61,441.17500000000001,874.067,851.68902819476909,719.33652819476902,746.42541359367419,5,14,5,43,32
77,10,19,AdaptiveCuttingAuction,0.05,0.02,10,True,,1000,10800,cats_reg_g10b50,True,abs,False,CATS,50,regions,MultiMinded,239,Balance,15.359999999999673,505.8682,3,489.633,293.4085,502.3022,492.8372660421777,448.82599104217763,472.86056956675486,7,14,9,38,29
78,10,15,AdaptiveCuttingAuction,0.05,0.02,10,True,,1000,10800,cats_reg_g10b50,True,abs,False,CATS,50,regions,MultiMinded,80,Balance,3.9899999999997817,723.896,1,723.896,268.85500000000002,723.896,723.62989491432677,710.18714491432672,729.59592117131706,1,10,16,32,25
79,10,20,AdaptiveCuttingAuction,0.05,0.02,10,True,,1000,10800,cats_reg_g10b50,True,abs,False,CATS,50,regions,MultiMinded,104,Balance,7.039999999999964,830.055,3,715.055,304.07849999999996,830.055,773.35024267774622,727.73846767774614,784.81162352010335,5,14,7,44,30
80,10,23,AdaptiveCuttingAuction,0.05,0.02,10,True,,1000,10800,cats_reg_g10b50,True,abs,False,CATS,50,regions,MultiMinded,69,Balance,5.75,858.2552999999999,3,815.519,326.65449999999998,822.4562,836.00175928194767,787.00358428194772,791.45460504565369,10,24,8,49,33
81,10,19,AdaptiveCuttingAuction,0.05,0.02,10,True,,1000,10800,cats_reg_g10b50,True,abs,False,CATS,50,regions,MultiMinded,16,Balance,0.7699999999999818,731.2354999999999,5,657.74,318.25649999999996,728.3769,722.58309291300395,643.01896791300396,668.76203415573877,3,14,13,39,29
82,10,20,AdaptiveCuttingAuction,0.05,0.02,10,True,,1000,10800,cats_reg_g10b50,True,abs,False,CATS,50,regions,MultiMinded,193,Balance,14.38000000000011,799.819,3,670.65,230.49700000000001,799.819,777.16592125536749,742.59137125536745,776.56721370731361,8,18,1,43,30
83,10,18,AdaptiveCuttingAuction,0.05,0.02,10,True,,1000,10800,cats_reg_g10b50,True,abs,False,CATS,50,regions,MultiMinded,52,Balance,2.7599999999997635,778.391,2,740.964,303.2475,778.391,777.08428107586519,746.7595310758652,765.27581918295255,1,10,10,39,28
84,10,19,AdaptiveCuttingAuction,0.05,0.02,10,True,,1000,10800,cats_reg_g10b50,True,abs,False,CATS,50,regions,MultiMinded,3,Balance,0.11000000000012733,653.4665,4,531.36,233.98450000000003,653.4665,595.4157650439912,548.61886504399115,634.8885366787282,1,10,13,38,29
85,10,16,AdaptiveCuttingAuction,0.05,0.02,10,True,,1000,10800,cats_reg_g10b50,True,abs,False,CATS,50,regions,MultiMinded,15,Balance,0.6799999999998363,738.6202000000001,4,623.355,332.00099999999998,738.6202000000001,726.1011985420339,659.70099854203386,694.08255912276172,7,15,10,34,26
86,10,17,AdaptiveCuttingAuction,0.05,0.02,10,True,,1000,10800,cats_reg_g10b50,True,abs,False,CATS,50,regions,MultiMinded,78,Balance,4.400000000000091,772.54,2,646.076,287.08299999999997,772.54,704.87643594905205,676.16813594905204,743.83170000000007,6,13,0,34,27
87,10,18,AdaptiveCuttingAuction,0.05,0.02,10,True,,1000,10800,cats_reg_g10b50,True,abs,False,CATS,50,regions,MultiMinded,137,Balance,10.150000000000091,883.32347,3,801.709,428.95349999999996,836.6344700000001,853.96277421242337,804.42469641506159,808.67208703953293,9,18,11,38,28
88,10,20,AdaptiveCuttingAuction,0.05,0.02,10,True,,1000,10800,cats_reg_g10b50,True,abs,False,CATS,50,regions,MultiMinded,61,Balance,4.110000000000127,662.7294999999999,4,622.783,332.80799999999999,662.7294999999999,662.77814032527158,596.21654032527158,601.27515761978123,6,14,19,44,30
89,10,26,AdaptiveCuttingAuction,0.05,0.02,10,True,,1000,10800,cats_reg_g10b50,True,abs,False,CATS,50,regions,MultiMinded,175,Balance,17.33999999999969,844.3882,3,703.836,361.93200000000002,821.2162,788.69369140052561,734.40389140052559,790.5515012197061,9,27,11,55,36
90,10,21,AdaptiveCuttingAuction,0.05,0.02,10,True,,1000,10800,cats_reg_g10b50,True,abs,False,CATS,50,regions,MultiMinded,89,Balance,4.889999999999873,1011.3232,6,890.879,348.79300000000001,1011.3232,900.70767218840194,796.06977218840177,927.24734412664839,1,10,6,44,31
91,10,17,AdaptiveCuttingAuction,0.05,0.02,10,True,,1000,10800,cats_reg_g10b50,True,abs,False,CATS,50,regions,MultiMinded,55,Balance,3.019999999999982,890.575,1,890.575,535.99700000000007,890.575,913.35569334872378,886.55584334872378,901.36318104024508,7,14,11,33,27
92,10,22,AdaptiveCuttingAuction,0.05,0.02,10,True,,1000,10800,cats_reg_g10b50,True,abs,False,CATS,50,regions,MultiMinded,9,Balance,0.3400000000001455,683.1735,2,627.133,263.76300000000003,683.1735,674.12181519300816,647.74551519300826,680.19474697991006,1,10,17,46,32
93,10,20,AdaptiveCuttingAuction,0.05,0.02,10,True,,1000,10800,cats_reg_g10b50,True,abs,False,CATS,50,regions,MultiMinded,25,Balance,1.25,931.509,1,931.509,347.88099999999997,931.509,927.68992695980069,910.29587695980069,930.29569702913363,3,14,1,42,30
94,10,15,AdaptiveCuttingAuction,0.05,0.02,10,True,,1000,10800,cats_reg_g10b50,True,abs,False,CATS,50,regions,MultiMinded,296,Balance,15.279999999999745,772.037,1,770.337,295.54650000000004,770.337,770.94941709194097,756.17209209194095,770.84443554177915,9,15,12,33,25
95,10,17,AdaptiveCuttingAuction,0.05,0.02,10,True,,1000,10800,cats_reg_g10b50,True,abs,False,CATS,50,regions,MultiMinded,76,Balance,4.300000000000182,901.2369,3,849.224,408.67100000000005,901.2369,886.63840679149121,825.3377567914913,842.9685876686259,4,15,9,36,27
96,10,19,AdaptiveCuttingAuction,0.05,0.02,10,True,,1000,10800,cats_reg_g10b50,True,abs,False,CATS,50,regions,MultiMinded,4,Balance,0.13000000000010914,752.0848,3,651.493,368.70849999999996,752.0848,732.35885753154582,677.0525825315458,717.20077254951036,1,10,4,36,29
97,10,20,AdaptiveCuttingAuction,0.05,0.02,10,True,,1000,10800,cats_reg_g10b50,True,abs,False,CATS,50,regions,MultiMinded,34,Balance,2.400000000000091,657.92043,3,602.694,360.185,657.92043,651.50543556759817,611.91944817667729,625.69096194655731,8,17,26,44,30
98,10,20,AdaptiveCuttingAuction,0.05,0.02,10,True,,1000,10800,cats_reg_g10b50,True,abs,False,CATS,50,regions,MultiMinded,4,Balance,0.13999999999987267,1047.5140999999999,4,870.711,386.798,1047.5140999999999,1012.2458875052527,934.88628750525254,1001.2007906554221,1,10,7,39,30
99,10,22,AdaptiveCuttingAuction,0.05,0.02,10,True,,1000,10800,cats_reg_g10b50,True,abs,False,CATS,50,regions,MultiMinded,22,Balance,1.8200000000001637,1044.344,5,687.143,366.375,1044.344,1013.2509036967712,921.65715369677116,962.66180557987786,4,15,11,45,32
100,10,21,AdaptiveCuttingAuction,0.05,0.02,10,True,,1000,10800,cats_reg_g10b50,True,abs,False,CATS,50,regions,MultiMinded,97,Balance,7.75,587.8678,2,515.864,141.49099999999999,587.8678,539.17293035271268,525.02383035271259,573.7186999999999,9,20,0,46,31
