idx,items,agents,auction_class,epsilon,stepc,epoch,scalebyvalue,reserve_type,maxiter,maxtime,generator_param_name,personalized,expstrat,int_prices,generator,bids,distribution,type,rounds,status,runtime,efficient_value,final_num_winners,final_max_agent_value,final_scalevalue,final_value,final_total_price,final_revenue,final_indirect_util,final_price_degree,final_price_sparsity,final_imbalance,final_wd_nvars,final_wd_ncons
1,10,17,AdaptiveCuttingAuction,0.025,0.04,10,True,,1000,10800,cats_reg_g10b50,True,abs,False,CATS,50,regions,MultiMinded,30,Balance,1.3799999999999955,681.0817,4,513.163,288.52699999999999,681.0817,680.54247300729503,651.689773007295,654.76810388278864,1,10,3,40,27
2,10,19,AdaptiveCuttingAuction,0.025,0.04,10,True,,1000,10800,cats_reg_g10b50,True,abs,False,CATS,50,regions,MultiMinded,106,Balance,7.02000000000001,734.1289999999999,3,640.313,226.71899999999999,734.1289999999999,675.22646358643192,658.22253858643194,727.53364147423906,6,16,13,39,29
3,10,17,AdaptiveCuttingAuction,0.025,0.04,10,True,,1000,10800,cats_reg_g10b50,True,abs,False,CATS,50,regions,MultiMinded,32,Balance,1.9800000000000182,804.4359999999999,1,797.452,310.25200000000001,797.452,803.67514092449903,795.91884092449902,795.91884092449902,4,15,9,38,27
4,10,14,AdaptiveCuttingAuction,0.025,0.04,10,True,,1000,10800,cats_reg_g10b50,True,abs,False,CATS,50,regions,MultiMinded,12,Balance,0.46000000000000796,574.909,2,568.922,272.93700000000001,574.909,564.99860941461156,551.35175941461148,571.72992489015701,1,10,11,29,24
5,10,21,AdaptiveCuttingAuction,0.025,0.04,10,True,,1000,10800,cats_reg_g10b50,True,abs,False,CATS,50,regions,MultiMinded,50,Balance,2.8600000000000136,650.6363,2,619.701,342.60149999999999,650.6363,642.67285698500234,625.54278198500231,642.35680593177779,8,15,13,42,31
6,10,17,AdaptiveCuttingAuction,0.025,0.04,10,True,,1000,10800,cats_reg_g10b50,True,abs,False,CATS,50,regions,MultiMinded,33,Balance,1.8700000000000045,834.2848,4,784.19,470.66899999999998,834.2848,843.94222686818898,796.87532686818918,797.43474849713743,6,16,8,37,27
7,10,21,AdaptiveCuttingAuction,0.025,0.04,10,True,,1000,10800,cats_reg_g10b50,True,abs,False,CATS,50,regions,MultiMinded,48,Balance,3.6200000000000045,854.667,3,696.341,343.76999999999998,854.667,855.64457479227462,829.86182479227466,845.55176614843799,9,23,14,46,31
8,10,18,AdaptiveCuttingAuction,0.025,0.04,10,True,,1000,10800,cats_reg_g10b50,True,abs,False,CATS,50,regions,MultiMinded,52,Balance,3.8499999999999943,663.572,3,592.441,275.35000000000002,663.572,657.4736128153213,636.82236281532141,645.38205185557808,7,15,2,37,28
9,10,18,AdaptiveCuttingAuction,0.025,0.04,10,True,,1000,10800,cats_reg_g10b50,True,abs,False,CATS,50,regions,MultiMinded,13,Balance,0.5600000000000023,724.6032999999999,4,611.583,280.12,724.6032999999999,663.71143273497137,635.6994327349712,700.734236213749,1,10,5,37,28
10,10,23,AdaptiveCuttingAuction,0.025,0.04,10,True,,1000,10800,cats_reg_g10b50,True,abs,False,CATS,50,regions,MultiMinded,41,Balance,2.3499999999999943,946.3547,4,784.828,433.57950000000005,946.3547,916.00210818029768,873.12206668743579,913.37788998162227,1,10,4,48,33
11,10,16,AdaptiveCuttingAuction,0.025,0.04,10,True,,1000,10800,cats_reg_g10b50,True,abs,False,CATS,50,regions,MultiMinded,25,Balance,1.3199999999999932,724.662,1,724.662,403.49950000000001,724.662,729.34708917616103,719.25960167616108,719.25960167616108,7,14,10,34,26
12,10,16,AdaptiveCuttingAuction,0.025,0.04,10,True,,1000,10800,cats_reg_g10b50,True,abs,False,CATS,50,regions,MultiMinded,33,Balance,1.4299999999999784,522.114,1,522.114,283.13549999999998,522.114,518.32671233030533,511.24832483030531,519.7785864690228,1,10,13,35,26
13,10,17,AdaptiveCuttingAuction,0.025,0.04,10,True,,1000,10800,cats_reg_g10b50,True,abs,False,CATS,50,regions,MultiMinded,42,Balance,2.3600000000000136,778.1078,2,718.401,353.04300000000001,778.1078,767.64020135433861,749.98805135433872,770.08000397734725,9,14,7,37,27
14,10,17,AdaptiveCuttingAuction,0.025,0.04,10,True,,1000,10800,cats_reg_g10b50,True,abs,False,CATS,50,regions,MultiMinded,25,Balance,1.1500000000000057,588.9796,2,575.883,307.69200000000001,588.9796,594.18187239406484,578.79727239406475,582.40519668604134,1,10,16,35,27
15,10,17,AdaptiveCuttingAuction,0.025,0.04,10,True,,1000,10800,cats_reg_g10b50,True,abs,False,CATS,50,regions,MultiMinded,41,Balance,2.2900000000000205,634.994,2,600.13,422.91899999999998,634.994,623.87267900115535,602.72672900115526,638.55777389259049,9,15,26,35,27
16,10,26,AdaptiveCuttingAuction,0.025,0.04,10,True,,1000,10800,cats_reg_g10b50,True,abs,False,CATS,50,regions,MultiMinded,69,Balance,4.0,519.6692,2,485.933,278.584,519.6692,525.22653670433772,511.29733670433768,512.5993842599521,1,10,9,53,36
17,10,16,AdaptiveCuttingAuction,0.025,0.04,10,True,,1000,10800,cats_reg_g10b50,True,abs,False,CATS,50,regions,MultiMinded,16,Balance,0.6999999999999886,910.0260000000001,3,815.656,322.738,910.0260000000001,911.78331304869346,887.5779630486935,893.47914852845031,7,15,8,33,26
18,10,18,AdaptiveCuttingAuction,0.025,0.04,10,True,,1000,10800,cats_reg_g10b50,True,abs,False,CATS,50,regions,MultiMinded,76,Balance,4.77000000000001,982.461,2,932.103,367.83500000000004,982.461,979.98492430001068,961.59317430001067,964.06925000000001,9,16,0,38,28
19,10,19,AdaptiveCuttingAuction,0.025,0.04,10,True,,1000,10800,cats_reg_g10b50,True,abs,False,CATS,50,regions,MultiMinded,147,Balance,9.860000000000014,903.4849999999999,2,826.774,559.33850000000007,903.4849999999999,905.28948263699181,877.32255763699186,886.97351625211195,9,21,12,43,29
20,10,21,AdaptiveCuttingAuction,0.025,0.04,10,True,,1000,10800,cats_reg_g10b50,True,abs,False,CATS,50,regions,MultiMinded,36,Balance,2.6100000000000136,780.3014999999999,6,637.779,268.37200000000001,780.3014999999999,683.53702323130972,643.28122323130981,747.08428212441697,5,15,12,44,31
21,10,17,AdaptiveCuttingAuction,0.025,0.04,10,True,,1000,10800,cats_reg_g10b50,True,abs,False,CATS,50,regions,MultiMinded,14,Balance,0.6599999999999966,869.309,3,770.684,361.69299999999998,869.309,779.729908101717,752.60293310171721,856.17849989908802,1,10,8,38,27
22,10,16,AdaptiveCuttingAuction,0.025,0.04,10,True,,1000,10800,cats_reg_g10b50,True,abs,False,CATS,50,regions,MultiMinded,728,Balance,55.0,827.155,1,792.758,416.87799999999999,792.758,802.04187204099094,791.6199220409909,791.6199220409909,8,18,10,37,26
23,10,21,AdaptiveCuttingAuction,0.025,0.04,10,True,,1000,10800,cats_reg_g10b50,True,abs,False,CATS,50,regions,MultiMinded,88,Balance,6.069999999999993,926.9879999999999,5,813.726,269.07900000000001,926.9879999999999,901.17159078176655,867.53671578176659,898.21095403569802,4,294,7,46,31
24,10,23,AdaptiveCuttingAuction,0.025,0.04,10,True,,1000,10800,cats_reg_g10b50,True,abs,False,CATS,50,regions,MultiMinded,146,Balance,12.580000000000041,822.2049999999999,4,635.81,377.13200000000001,822.2049999999999,826.15961591269638,788.44641591269635,802.81216837529007,7,24,24,51,33
25,10,22,AdaptiveCuttingAuction,0.025,0.04,10,True,,1000,10800,cats_reg_g10b50,True,abs,False,CATS,50,regions,MultiMinded,280,Balance,25.74000000000001,534.8185,2,446.519,197.68200000000002,534.8185,531.99298769358427,522.10888769358428,529.51451363735919,9,25,13,47,32
26,10,17,AdaptiveCuttingAuction,0.025,0.04,10,True,,1000,10800,cats_reg_g10b50,True,abs,False,CATS,50,regions,MultiMinded,19,Balance,0.8799999999999955,716.487,1,716.487,299.23599999999999,716.487,711.41622348907777,703.93532348907775,709.00609999999995,1,10,0,35,27
27,10,17,AdaptiveCuttingAuction,0.025,0.04,10,True,,1000,10800,cats_reg_g10b50,True,abs,False,CATS,50,regions,MultiMinded,74,Balance,3.9199999999999875,811.1127,4,667.768,330.15700000000004,811.1127,805.96314752818557,772.94744752818553,781.6400783206858,5,16,8,39,27
28,10,18,AdaptiveCuttingAuction,0.025,0.04,10,True,,1000,10800,cats_reg_g10b50,True,abs,False,CATS,50,regions,MultiMinded,102,Balance,5.400000000000006,818.682,3,802.322,385.84800000000001,818.682,813.20103188182395,784.26243188182389,793.34534263444118,1,10,15,42,28
29,10,20,AdaptiveCuttingAuction,0.025,0.04,10,True,,1000,10800,cats_reg_g10b50,True,abs,False,CATS,50,regions,MultiMinded,61,Balance,3.549999999999983,767.6940999999999,3,746.709,446.00549999999998,767.6940999999999,749.36265210294414,715.91223960294406,742.1534580843429,1,10,10,42,30
30,10,18,AdaptiveCuttingAuction,0.025,0.04,10,True,,1000,10800,cats_reg_g10b50,True,abs,False,CATS,50,regions,MultiMinded,272,Balance,19.759999999999962,794.5821000000001,3,739.446,385.6635,792.0011000000001,799.2283390587894,770.30357655878936,772.05808236669895,9,20,11,41,28
31,10,21,AdaptiveCuttingAuction,0.025,0.04,10,True,,1000,10800,cats_reg_g10b50,True,abs,False,CATS,50,regions,MultiMinded,31,Balance,2.0600000000000023,818.388,2,733.06,325.495,818.388,830.30210000116494,814.0273500011649,828.63192594760244,5,15,21,43,31
32,10,20,AdaptiveCuttingAuction,0.025,0.04,10,True,,1000,10800,cats_reg_g10b50,True,abs,False,CATS,50,regions,MultiMinded,37,Balance,2.490000000000009,637.3713,4,533.498,304.15100000000001,637.3713,631.9594301952252,601.54433019522514,610.79493258354569,6,18,3,42,30
33,10,16,AdaptiveCuttingAuction,0.025,0.04,10,True,,1000,10800,cats_reg_g10b50,True,abs,False,CATS,50,regions,MultiMinded,15,Balance,0.7700000000000102,560.5032,2,498.34,219.72300000000001,560.5032,503.69157139179362,492.70542139179366,549.69878430529491,8,14,1,34,26
34,10,20,AdaptiveCuttingAuction,0.025,0.04,10,True,,1000,10800,cats_reg_g10b50,True,abs,False,CATS,50,regions,MultiMinded,60,Balance,3.3499999999999943,726.3012,4,568.454,249.64099999999999,726.3012,663.57935721034676,638.61525721034673,701.4118025232018,1,10,4,41,30
35,10,27,AdaptiveCuttingAuction,0.025,0.04,10,True,,1000,10800,cats_reg_g10b50,True,abs,False,CATS,50,regions,MultiMinded,50,Balance,3.1500000000000057,858.175,2,722.988,380.87900000000002,858.175,849.86135553967461,830.81740553967461,844.4929830129995,1,10,5,54,37
36,10,17,AdaptiveCuttingAuction,0.025,0.04,10,True,,1000,10800,cats_reg_g10b50,True,abs,False,CATS,50,regions,MultiMinded,37,Balance,1.829999999999984,716.498,1,716.498,379.51999999999998,716.498,716.45860131927884,706.97060131927879,713.45108259585209,9,16,9,36,27
37,10,20,AdaptiveCuttingAuction,0.025,0.04,10,True,,1000,10800,cats_reg_g10b50,True,abs,False,CATS,50,regions,MultiMinded,23,Balance,1.3700000000000045,824.835,3,630.222,329.92600000000004,824.835,777.25921187604047,752.51476187604044,800.09054999999989,1,10,0,40,30
38,10,18,AdaptiveCuttingAuction,0.025,0.04,10,True,,1000,10800,cats_reg_g10b50,True,abs,False,CATS,50,regions,MultiMinded,83,Balance,5.7099999999999795,825.56,3,825.56,471.01400000000001,819.1825,828.26870056194002,792.94265056194001,802.39941666542563,8,16,26,40,28
39,10,25,AdaptiveCuttingAuction,0.025,0.04,10,True,,1000,10800,cats_reg_g10b50,True,abs,False,CATS,50,regions,MultiMinded,26,Balance,1.299999999999983,948.5501,5,753.385,196.10050000000001,948.5501,787.38815480581843,762.8755923058186,927.43158143549942,1,10,1,46,35
40,10,22,AdaptiveCuttingAuction,0.025,0.04,10,True,,1000,10800,cats_reg_g10b50,True,abs,False,CATS,50,regions,MultiMinded,94,Balance,6.3300000000000125,694.64,2,671.57,320.48500000000001,694.64,694.34040565995031,678.31615565995037,683.07132374984496,9,17,8,46,32
41,10,18,AdaptiveCuttingAuction,0.025,0.04,10,True,,1000,10800,cats_reg_g10b50,True,abs,False,CATS,50,regions,MultiMinded,18,Balance,0.789999999999992,919.5834,3,833.068,428.51799999999997,919.5834,916.43415929899675,884.29530929899681,898.57335768141081,1,10,4,37,28
42,10,21,AdaptiveCuttingAuction,0.025,0.04,10,True,,1000,10800,cats_reg_g10b50,True,abs,False,CATS,50,regions,MultiMinded,68,Balance,4.160000000000025,722.396,1,722.396,339.44,722.396,723.15809968175222,714.67209968175223,716.32543018434319,10,18,10,44,31
43,10,20,AdaptiveCuttingAuction,0.025,0.04,10,True,,1000,10800,cats_reg_g10b50,True,abs,False,CATS,50,regions,MultiMinded,19,Balance,0.9699999999999989,820.8240000000001,2,681.374,265.63999999999999,820.8240000000001,802.84932345470179,789.56732345470186,807.54200000000014,7,15,0,39,30
44,10,19,AdaptiveCuttingAuction,0.025,0.04,10,True,,1000,10800,cats_reg_g10b50,True,abs,False,CATS,50,regions,MultiMinded,152,Balance,13.640000000000015,607.363,3,484.926,277.04599999999999,559.9440000000001,520.28455628205211,499.50610628205209,546.11801471221929,9,26,13,42,29
45,10,20,AdaptiveCuttingAuction,0.025,0.04,10,True,,1000,10800,cats_reg_g10b50,True,abs,False,CATS,50,regions,MultiMinded,27,Balance,1.6199999999999761,687.7891,5,510.577,285.93000000000001,687.7891,674.67755258655347,638.93630258655355,660.22640872893362,7,16,9,41,30
46,10,19,AdaptiveCuttingAuction,0.025,0.04,10,True,,1000,10800,cats_reg_g10b50,True,abs,False,CATS,50,regions,MultiMinded,55,Balance,3.299999999999983,810.368,2,810.368,345.00850000000003,808.7297,791.57305867426282,774.32263367426287,803.18506022832503,7,14,5,40,29
47,10,18,AdaptiveCuttingAuction,0.025,0.04,10,True,,1000,10800,cats_reg_g10b50,True,abs,False,CATS,50,regions,MultiMinded,56,Balance,3.3000000000000114,759.477,2,738.963,363.25599999999997,759.477,757.31824339814273,739.15544339814267,743.78282377325331,6,16,6,39,28
48,10,29,AdaptiveCuttingAuction,0.025,0.04,10,True,,1000,10800,cats_reg_g10b50,True,abs,False,CATS,50,regions,MultiMinded,52,Balance,3.6499999999999773,726.774,3,661.833,328.96899999999999,726.774,722.81114550815914,698.13847050815912,706.55500707161843,2,12,3,61,39
49,10,23,AdaptiveCuttingAuction,0.025,0.04,10,True,,1000,10800,cats_reg_g10b50,True,abs,False,CATS,50,regions,MultiMinded,31,Balance,1.8700000000000045,587.5914,6,462.576,216.20049999999998,587.5914,552.14396848844274,519.71389348844275,561.41823469892176,2,12,9,50,33
50,10,17,AdaptiveCuttingAuction,0.025,0.04,10,True,,1000,10800,cats_reg_g10b50,True,abs,False,CATS,50,regions,MultiMinded,15,Balance,0.6800000000000068,945.836,4,681.012,323.851,945.836,913.94785391936341,881.56275391936344,919.7412686431976,1,10,10,34,27
51,10,25,AdaptiveCuttingAuction,0.025,0.04,10,True,,1000,10800,cats_reg_g10b50,True,abs,False,CATS,50,regions,MultiMinded,34,Balance,2.2600000000000477,831.2631000000001,3,644.905,285.66050000000001,831.2631000000001,814.29004305945023,792.8655055594503,809.83856250000019,1,10,0,51,35
52,10,19,AdaptiveCuttingAuction,0.025,0.04,10,True,,1000,10800,cats_reg_g10b50,True,abs,False,CATS,50,regions,MultiMinded,26,Balance,1.2799999999999727,608.391,1,608.391,276.31299999999999,608.391,606.80920165689167,599.90137665689167,605.22275319344533,1,10,2,39,29
53,10,21,AdaptiveCuttingAuction,0.025,0.04,10,True,,1000,10800,cats_reg_g10b50,True,abs,False,CATS,50,regions,MultiMinded,113,Balance,8.759999999999991,623.5598,4,612.518,167.23250000000002,623.5598,621.37832223143323,604.65507223143322,610.39643044705508,9,21,10,46,31
54,10,20,AdaptiveCuttingAuction,0.025,0.04,10,True,,1000,10800,cats_reg_g10b50,True,abs,False,CATS,50,regions,MultiMinded,42,Balance,2.660000000000025,1040.322,4,967.436,414.12850000000003,1039.9794,998.8521406729642,957.43929067296415,1022.3972372738026,7,15,13,45,30
55,10,17,AdaptiveCuttingAuction,0.025,0.04,10,True,,1000,10800,cats_reg_g10b50,True,abs,False,CATS,50,regions,MultiMinded,8,Balance,0.2599999999999909,1001.244,2,739.168,309.35699999999997,1001.244,984.72943534725732,969.26158534725732,989.25799568535808,1,10,1,32,27
56,10,17,AdaptiveCuttingAuction,0.025,0.04,10,True,,1000,10800,cats_reg_g10b50,True,abs,False,CATS,50,regions,MultiMinded,113,Balance,6.25,674.3464,3,592.43,348.80000000000001,659.3265,643.35891062143878,617.19891062143881,643.98822580520891,9,20,10,36,27
57,10,20,AdaptiveCuttingAuction,0.025,0.04,10,True,,1000,10800,cats_reg_g10b50,True,abs,False,CATS,50,regions,MultiMinded,59,Balance,2.910000000000025,783.158,3,568.928,268.62299999999999,783.158,763.04484731233458,742.89812231233464,767.63534453723582,1,10,9,41,30
58,10,21,AdaptiveCuttingAuction,0.025,0.04,10,True,,1000,10800,cats_reg_g10b50,True,abs,False,CATS,50,regions,MultiMinded,39,Balance,2.0,871.9079999999999,2,791.212,427.88200000000001,871.9079999999999,868.19560975539639,846.80150975539641,856.76932730069836,1,10,5,44,31
59,10,28,AdaptiveCuttingAuction,0.025,0.04,10,True,,1000,10800,cats_reg_g10b50,True,abs,False,CATS,50,regions,MultiMinded,68,Balance,4.760000000000048,875.1772,3,803.796,406.47899999999998,875.1772,870.62407033931981,840.13814533931975,851.15646658736978,1,10,8,57,38
60,10,22,AdaptiveCuttingAuction,0.025,0.04,10,True,,1000,10800,cats_reg_g10b50,True,abs,False,CATS,50,regions,MultiMinded,39,Balance,1.9399999999999977,716.1357,3,662.173,358.10899999999998,716.1357,684.82884245652144,657.97066745652148,706.55736222926078,1,10,16,46,32
61,10,19,AdaptiveCuttingAuction,0.025,0.04,10,True,,1000,10800,cats_reg_g10b50,True,abs,False,CATS,50,regions,MultiMinded,36,Balance,1.7799999999999727,756.948,3,553.212,307.67700000000002,756.948,750.03768021111841,726.96190521111839,748.91780143014239,1,10,11,40,29
62,10,20,AdaptiveCuttingAuction,0.025,0.04,10,True,,1000,10800,cats_reg_g10b50,True,abs,False,CATS,50,regions,MultiMinded,16,Balance,0.9499999999999886,962.414,3,839.979,365.63299999999998,962.414,959.91785697970795,932.49538197970787,948.24158081807025,4,11,14,42,30
63,10,20,AdaptiveCuttingAuction,0.025,0.04,10,True,,1000,10800,cats_reg_g10b50,True,abs,False,CATS,50,regions,MultiMinded,28,Balance,1.4699999999999704,966.8963000000001,4,783.33,502.36099999999999,966.8963000000001,937.86269470886396,887.62659470886388,929.72324719550409,6,13,11,41,30
64,10,24,AdaptiveCuttingAuction,0.025,0.04,10,True,,1000,10800,cats_reg_g10b50,True,abs,False,CATS,50,regions,MultiMinded,33,Balance,2.0400000000000205,784.4846,2,723.45,238.8545,784.4846,776.57403093804385,764.63130593804374,785.2223796030903,1,10,17,47,34
65,10,18,AdaptiveCuttingAuction,0.025,0.04,10,True,,1000,10800,cats_reg_g10b50,True,abs,False,CATS,50,regions,MultiMinded,27,Balance,1.3600000000000136,863.3610000000001,3,758.102,337.34500000000003,856.6320000000001,815.40861853982824,790.10774353982822,855.67930504820947,3,13,21,36,28
66,10,18,AdaptiveCuttingAuction,0.025,0.04,10,True,,1000,10800,cats_reg_g10b50,True,abs,False,CATS,50,regions,MultiMinded,106,Balance,5.569999999999993,852.079,3,807.329,372.65700000000004,852.079,804.93826222483074,776.98898722483079,828.90826101552966,9,15,18,36,28
67,10,27,AdaptiveCuttingAuction,0.025,0.04,10,True,,1000,10800,cats_reg_g10b50,True,abs,False,CATS,50,regions,MultiMinded,47,Balance,3.329999999999984,860.8598,2,789.183,223.39999999999998,860.8598,852.956174520579,841.78617452057892,854.97447068685028,5,16,1,53,37
68,10,20,AdaptiveCuttingAuction,0.025,0.04,10,True,,1000,10800,cats_reg_g10b50,True,abs,False,CATS,50,regions,MultiMinded,44,Balance,2.2100000000000364,535.1916,4,486.692,201.834,535.1916,533.86183041070922,513.67843041070932,519.58515199336557,1,10,3,40,30
69,10,20,AdaptiveCuttingAuction,0.025,0.04,10,True,,1000,10800,cats_reg_g10b50,True,abs,False,CATS,50,regions,MultiMinded,28,Balance,1.4399999999999977,550.5322,3,423.552,212.09399999999999,550.5322,541.34132874501154,525.43427874501151,537.41357764069232,1,10,2,41,30
70,10,18,AdaptiveCuttingAuction,0.025,0.04,10,True,,1000,10800,cats_reg_g10b50,True,abs,False,CATS,50,regions,MultiMinded,283,Balance,19.05000000000001,965.81,3,780.078,273.52800000000002,965.81,852.54259429495119,832.0279942949511,951.71099733502035,9,17,7,38,28
71,10,17,AdaptiveCuttingAuction,0.025,0.04,10,True,,1000,10800,cats_reg_g10b50,True,abs,False,CATS,50,regions,MultiMinded,312,Balance,30.200000000000045,745.048,3,745.048,330.73000000000002,734.8829000000001,755.25283567944098,730.44808567944108,730.44808567944108,10,28,9,41,27
72,10,23,AdaptiveCuttingAuction,0.025,0.04,10,True,,1000,10800,cats_reg_g10b50,True,abs,False,CATS,50,regions,MultiMinded,32,Balance,2.1000000000000227,619.2275000000001,7,497.631,317.09799999999996,619.2275000000001,597.23677155388043,541.74462155388039,569.37431033511507,8,15,1,47,33
73,10,20,AdaptiveCuttingAuction,0.025,0.04,10,True,,1000,10800,cats_reg_g10b50,True,abs,False,CATS,50,regions,MultiMinded,87,Balance,4.660000000000025,675.2625,2,656.76,362.82400000000001,675.0855,674.43156527891324,656.29036527891321,682.75987901657004,7,12,27,45,30
74,10,26,AdaptiveCuttingAuction,0.025,0.04,10,True,,1000,10800,cats_reg_g10b50,True,abs,False,CATS,50,regions,MultiMinded,14,Balance,0.8899999999999864,942.6876,2,890.025,245.483,942.6876,937.14157680681524,924.86742680681527,944.01465594859792,1,10,7,54,36
75,10,15,AdaptiveCuttingAuction,0.025,0.04,10,True,,1000,10800,cats_reg_g10b50,True,abs,False,CATS,50,regions,MultiMinded,46,Balance,2.1499999999999773,986.353,1,977.088,450.65550000000002,977.088,974.24369294909968,962.97730544909973,995.28498677622451,1,10,22,32,25
76,10,22,AdaptiveCuttingAuction,0.025,0.04,10,True,,1000,10800,cats_reg_g10b50,True,abs,False,CATS,50,regions,MultiMinded,50,Balance,2.740000000000009,900.434,6,820.61,441.17500000000001,900.434,905.07600812796136,838.89975812796138,845.4140161285269,5,14,4,47,32
77,10,19,AdaptiveCuttingAuction,0.025,0.04,10,True,,1000,10800,cats_reg_g10b50,True,abs,False,CATS,50,regions,MultiMinded,88,Balance,5.259999999999991,505.8682,3,489.633,293.4085,502.3022,492.46857882875332,470.46294132875329,488.16874572215778,6,14,22,39,29
78,10,15,AdaptiveCuttingAuction,0.025,0.04,10,True,,1000,10800,cats_reg_g10b50,True,abs,False,CATS,50,regions,MultiMinded,45,Balance,2.160000000000025,723.896,1,723.896,268.85500000000002,723.896,721.68882746061342,714.96745246061346,728.86413681887348,1,10,16,32,25
79,10,20,AdaptiveCuttingAuction,0.025,0.04,10,True,,1000,10800,cats_reg_g10b50,True,abs,False,CATS,50,regions,MultiMinded,44,Balance,2.9699999999999704,830.055,3,715.055,304.07849999999996,830.055,781.56755045691341,758.76166295691337,807.24911249999991,7,14,0,40,30
80,10,23,AdaptiveCuttingAuction,0.025,0.04,10,True,,1000,10800,cats_reg_g10b50,True,abs,False,CATS,50,regions,MultiMinded,876,Balance,74.27999999999997,858.2552999999999,1,815.519,326.65449999999998,815.519,822.1894694876529,814.02310698765291,817.41664841931856,9,21,15,48,33
81,10,19,AdaptiveCuttingAuction,0.025,0.04,10,True,,1000,10800,cats_reg_g10b50,True,abs,False,CATS,50,regions,MultiMinded,11,Balance,0.5299999999999727,731.2354999999999,5,657.74,318.25649999999996,728.3769,720.37332447891504,680.5912619789151,699.64270579571564,1,10,19,39,29
82,10,20,AdaptiveCuttingAuction,0.025,0.04,10,True,,1000,10800,cats_reg_g10b50,True,abs,False,CATS,50,regions,MultiMinded,392,Balance,31.680000000000007,799.819,2,670.65,230.49700000000001,713.0643,686.97037680820915,675.44552680820914,706.77140629177109,9,22,9,41,30
83,10,18,AdaptiveCuttingAuction,0.025,0.04,10,True,,1000,10800,cats_reg_g10b50,True,abs,False,CATS,50,regions,MultiMinded,27,Balance,1.4800000000000182,778.391,2,740.964,303.2475,778.391,771.00505553456844,755.84268053456844,767.54514615237485,7,17,2,37,28
84,10,19,AdaptiveCuttingAuction,0.025,0.04,10,True,,1000,10800,cats_reg_g10b50,True,abs,False,CATS,50,regions,MultiMinded,14,Balance,0.6499999999999773,653.4665,4,531.36,233.98450000000003,653.4665,617.92509313721348,594.52664313721345,636.03002737187398,3,15,5,39,29
85,10,16,AdaptiveCuttingAuction,0.025,0.04,10,True,,1000,10800,cats_reg_g10b50,True,abs,False,CATS,50,regions,MultiMinded,16,Balance,0.839999999999975,738.6202000000001,4,623.355,332.00099999999998,738.6202000000001,743.22560084860038,710.02550084860036,713.16314273288549,1,10,8,33,26
86,10,17,AdaptiveCuttingAuction,0.025,0.04,10,True,,1000,10800,cats_reg_g10b50,True,abs,False,CATS,50,regions,MultiMinded,34,Balance,1.6299999999999955,772.54,2,646.076,287.08299999999997,772.54,764.95416699896657,750.60001699896668,758.18585000000007,1,10,0,34,27
87,10,18,AdaptiveCuttingAuction,0.025,0.04,10,True,,1000,10800,cats_reg_g10b50,True,abs,False,CATS,50,regions,MultiMinded,72,Balance,5.029999999999973,883.32347,3,801.709,428.95349999999996,836.6344700000001,841.02425944932259,815.8782683436641,821.93572708416286,7,16,9,37,28
88,10,20,AdaptiveCuttingAuction,0.025,0.04,10,True,,1000,10800,cats_reg_g10b50,True,abs,False,CATS,50,regions,MultiMinded,41,Balance,2.2800000000000296,662.7294999999999,4,622.783,332.80799999999999,662.7294999999999,654.99841510495639,621.71761510495628,629.57543205483933,1,10,4,41,30
89,10,26,AdaptiveCuttingAuction,0.025,0.04,10,True,,1000,10800,cats_reg_g10b50,True,abs,False,CATS,50,regions,MultiMinded,390,Balance,37.52999999999997,844.3882,3,703.836,361.93200000000002,821.2162,807.89888409226614,780.75398409226602,810.43279434752469,8,24,11,56,36
90,10,21,AdaptiveCuttingAuction,0.025,0.04,10,True,,1000,10800,cats_reg_g10b50,True,abs,False,CATS,50,regions,MultiMinded,37,Balance,1.910000000000025,1011.3232,6,890.879,348.79300000000001,1011.3232,911.54224994297488,859.22329994297468,973.68418824456535,1,10,10,44,31
91,10,17,AdaptiveCuttingAuction,0.025,0.04,10,True,,1000,10800,cats_reg_g10b50,True,abs,False,CATS,50,regions,MultiMinded,112,Balance,5.939999999999998,890.575,1,890.575,535.99700000000007,890.575,900.66991862090174,887.26999362090169,888.17627461480754,7,14,11,34,27
92,10,22,AdaptiveCuttingAuction,0.025,0.04,10,True,,1000,10800,cats_reg_g10b50,True,abs,False,CATS,50,regions,MultiMinded,17,Balance,1.0199999999999818,683.1735,2,627.133,263.76300000000003,683.1735,664.74595228855537,651.55780228855542,680.26045489339424,1,10,9,46,32
93,10,20,AdaptiveCuttingAuction,0.025,0.04,10,True,,1000,10800,cats_reg_g10b50,True,abs,False,CATS,50,regions,MultiMinded,23,Balance,1.1100000000000136,931.509,1,931.509,347.88099999999997,931.509,919.1135403084711,910.41651530847105,938.39838177890158,1,10,16,40,30
94,10,15,AdaptiveCuttingAuction,0.025,0.04,10,True,,1000,10800,cats_reg_g10b50,True,abs,False,CATS,50,regions,MultiMinded,164,Balance,7.319999999999993,772.037,2,770.337,295.54650000000004,772.037,770.89876876516189,756.12144376516187,769.33518294820965,1,10,23,32,25
95,10,17,AdaptiveCuttingAuction,0.025,0.04,10,True,,1000,10800,cats_reg_g10b50,True,abs,False,CATS,50,regions,MultiMinded,52,Balance,2.8899999999999864,901.2369,3,849.224,408.67100000000005,901.2369,884.80466275205231,854.15433775205236,879.5393998322844,1,10,9,36,27
96,10,19,AdaptiveCuttingAuction,0.025,0.04,10,True,,1000,10800,cats_reg_g10b50,True,abs,False,CATS,50,regions,MultiMinded,14,Balance,0.5999999999999659,752.0848,3,651.493,368.70849999999996,752.0848,754.57845611836274,726.92531861836289,737.85348363412982,1,10,14,39,29
97,10,20,AdaptiveCuttingAuction,0.025,0.04,10,True,,1000,10800,cats_reg_g10b50,True,abs,False,CATS,50,regions,MultiMinded,35,Balance,2.0,657.92043,3,602.694,360.185,657.92043,653.46676853748795,631.16327088704236,645.44272305151628,8,13,18,44,30
98,10,20,AdaptiveCuttingAuction,0.025,0.04,10,True,,1000,10800,cats_reg_g10b50,True,abs,False,CATS,50,regions,MultiMinded,10,Balance,0.3800000000000523,1047.5140999999999,4,870.711,386.798,1047.5140999999999,1002.3757409778942,963.69594097789434,1008.8343000000001,1,10,0,39,30
99,10,22,AdaptiveCuttingAuction,0.025,0.04,10,True,,1000,10800,cats_reg_g10b50,True,abs,False,CATS,50,regions,MultiMinded,16,Balance,1.009999999999991,1044.344,5,687.143,366.375,1044.344,1037.6885460258545,991.89167102585463,1010.1261387455251,1,10,11,47,32
100,10,21,AdaptiveCuttingAuction,0.025,0.04,10,True,,1000,10800,cats_reg_g10b50,True,abs,False,CATS,50,regions,MultiMinded,55,Balance,3.6999999999999886,587.8678,2,515.864,141.49099999999999,587.8678,540.58293777297979,533.50838777297975,583.83081496294562,9,22,9,43,31
