idx,items,agents,auction_class,epsilon,stepc,epoch,scalebyvalue,reserve_type,maxiter,maxtime,generator_param_name,personalized,expstrat,int_prices,generator,bids,distribution,type,rounds,status,runtime,efficient_value,final_num_winners,final_max_agent_value,final_scalevalue,final_value,final_total_price,final_revenue,final_indirect_util,final_price_degree,final_price_sparsity,final_imbalance,final_wd_nvars,final_wd_ncons
1,10,17,AdaptiveCuttingAuction,0.05,0.08,10,True,,1000,10800,cats_reg_g10b50,True,abs,False,CATS,50,regions,MultiMinded,52,Balance,2.6599999999998545,681.0817,4,513.163,288.52699999999999,681.0817,669.53294379571093,611.82754379571099,632.30632809528697,1,10,7,42,27
2,10,19,AdaptiveCuttingAuction,0.05,0.08,10,True,,1000,10800,cats_reg_g10b50,True,abs,False,CATS,50,regions,MultiMinded,38,Balance,2.150000000000091,734.1289999999999,2,640.313,226.71899999999999,732.193,698.54747100400391,675.87557100400386,729.58500976247274,4,13,19,39,29
3,10,17,AdaptiveCuttingAuction,0.05,0.08,10,True,,1000,10800,cats_reg_g10b50,True,abs,False,CATS,50,regions,MultiMinded,45,Balance,2.5399999999999636,804.4359999999999,3,797.452,310.25200000000001,804.4359999999999,825.53853242107948,779.00073242107942,793.75347409883534,4,15,14,40,27
4,10,14,AdaptiveCuttingAuction,0.05,0.08,10,True,,1000,10800,cats_reg_g10b50,True,abs,False,CATS,50,regions,MultiMinded,17,Balance,0.7100000000000364,574.909,2,568.922,272.93700000000001,574.909,570.18161224243283,542.88791224243278,563.82728919796932,1,10,5,31,24
5,10,21,AdaptiveCuttingAuction,0.05,0.08,10,True,,1000,10800,cats_reg_g10b50,True,abs,False,CATS,50,regions,MultiMinded,50,Balance,2.5799999999999272,650.6363,2,619.701,342.60149999999999,650.6363,663.86168151564948,629.60153151564941,637.02099545721569,1,10,18,43,31
6,10,17,AdaptiveCuttingAuction,0.05,0.08,10,True,,1000,10800,cats_reg_g10b50,True,abs,False,CATS,50,regions,MultiMinded,461,Balance,22.890000000000327,834.2848,4,784.19,470.66899999999998,834.2848,842.52949721200491,748.39569721200496,755.38922468879321,8,17,15,37,27
7,10,21,AdaptiveCuttingAuction,0.05,0.08,10,True,,1000,10800,cats_reg_g10b50,True,abs,False,CATS,50,regions,MultiMinded,80,Balance,5.139999999999873,854.667,4,696.341,343.76999999999998,843.06,863.17530905194599,794.42130905194608,820.40708236156786,7,15,21,46,31
8,10,18,AdaptiveCuttingAuction,0.05,0.08,10,True,,1000,10800,cats_reg_g10b50,True,abs,False,CATS,50,regions,MultiMinded,82,Balance,4.359999999999673,663.572,3,592.441,275.35000000000002,663.572,651.65701940427812,610.35451940427799,633.93313916552393,7,15,11,39,28
9,10,18,AdaptiveCuttingAuction,0.05,0.08,10,True,,1000,10800,cats_reg_g10b50,True,abs,False,CATS,50,regions,MultiMinded,26,Balance,1.1399999999998727,724.6032999999999,4,611.583,280.12,724.6032999999999,696.3002483319982,640.27624833199832,675.1501386264955,1,10,8,37,28
10,10,23,AdaptiveCuttingAuction,0.05,0.08,10,True,,1000,10800,cats_reg_g10b50,True,abs,False,CATS,50,regions,MultiMinded,55,Balance,3.2400000000002365,946.3547,4,784.828,433.57950000000005,946.3547,899.48880708383581,826.29141219870326,890.45568850399695,1,10,2,48,33
11,10,16,AdaptiveCuttingAuction,0.05,0.08,10,True,,1000,10800,cats_reg_g10b50,True,abs,False,CATS,50,regions,MultiMinded,67,Balance,3.3899999999998727,724.662,1,724.662,403.49950000000001,724.662,717.12237169530704,696.94739669530702,704.48702500000002,8,14,0,37,26
12,10,16,AdaptiveCuttingAuction,0.05,0.08,10,True,,1000,10800,cats_reg_g10b50,True,abs,False,CATS,50,regions,MultiMinded,36,Balance,1.7599999999997635,522.114,1,522.114,283.13549999999998,522.114,516.29880267723149,502.14202767723151,518.71143871855691,1,10,8,40,26
13,10,17,AdaptiveCuttingAuction,0.05,0.08,10,True,,1000,10800,cats_reg_g10b50,True,abs,False,CATS,50,regions,MultiMinded,27,Balance,1.3700000000003456,778.1078,2,718.401,353.04300000000001,778.1078,789.99106143681706,754.68676143681705,769.72313410739878,1,10,21,37,27
14,10,17,AdaptiveCuttingAuction,0.05,0.08,10,True,,1000,10800,cats_reg_g10b50,True,abs,False,CATS,50,regions,MultiMinded,26,Balance,1.1499999999996362,588.9796,2,575.883,307.69200000000001,588.9796,584.40360380972447,561.75181435755701,578.36572150002951,1,10,22,34,27
15,10,17,AdaptiveCuttingAuction,0.05,0.08,10,True,,1000,10800,cats_reg_g10b50,True,abs,False,CATS,50,regions,MultiMinded,51,Balance,2.7100000000000364,634.994,2,600.13,422.91899999999998,634.994,650.10074511357982,607.80884511357988,609.84699484525436,9,15,4,36,27
16,10,26,AdaptiveCuttingAuction,0.05,0.08,10,True,,1000,10800,cats_reg_g10b50,True,abs,False,CATS,50,regions,MultiMinded,90,Balance,5.519999999999982,519.6692,2,485.933,278.584,519.6692,525.16964890240149,497.31124890240159,498.78893199830929,9,15,9,53,36
17,10,16,AdaptiveCuttingAuction,0.05,0.08,10,True,,1000,10800,cats_reg_g10b50,True,abs,False,CATS,50,regions,MultiMinded,24,Balance,1.1399999999998727,910.0260000000001,3,815.656,322.738,910.0260000000001,926.63312178681599,878.22242178681608,879.54633895324412,7,15,8,33,26
18,10,18,AdaptiveCuttingAuction,0.05,0.08,10,True,,1000,10800,cats_reg_g10b50,True,abs,False,CATS,50,regions,MultiMinded,49,Balance,2.8299999999999272,982.461,2,932.103,367.83500000000004,982.461,995.74895109731619,958.96545109731619,959.23386269060825,8,16,9,40,28
19,10,19,AdaptiveCuttingAuction,0.05,0.08,10,True,,1000,10800,cats_reg_g10b50,True,abs,False,CATS,50,regions,MultiMinded,74,Balance,4.570000000000164,903.4849999999999,2,826.774,559.33850000000007,903.4849999999999,941.68913267114567,885.75528267114578,896.39930880034149,8,16,17,42,29
20,10,21,AdaptiveCuttingAuction,0.05,0.08,10,True,,1000,10800,cats_reg_g10b50,True,abs,False,CATS,50,regions,MultiMinded,61,Balance,3.7599999999997635,780.3014999999999,6,637.779,268.37200000000001,780.3014999999999,693.48500465837412,612.97340465837419,709.12873287073103,3,16,6,46,31
21,10,17,AdaptiveCuttingAuction,0.05,0.08,10,True,,1000,10800,cats_reg_g10b50,True,abs,False,CATS,50,regions,MultiMinded,25,Balance,1.1400000000003274,869.309,3,770.684,361.69299999999998,869.309,861.24393454781182,806.98998454781179,829.61414665282746,1,10,4,37,27
22,10,16,AdaptiveCuttingAuction,0.05,0.08,10,True,,1000,10800,cats_reg_g10b50,True,abs,False,CATS,50,regions,MultiMinded,722,Balance,57.73999999999978,827.155,1,792.758,416.87799999999999,792.758,812.33078396814494,791.48688396814498,791.48821231379338,9,19,11,39,26
23,10,21,AdaptiveCuttingAuction,0.05,0.08,10,True,,1000,10800,cats_reg_g10b50,True,abs,False,CATS,50,regions,MultiMinded,115,Balance,8.140000000000327,926.9879999999999,5,813.726,269.07900000000001,926.9879999999999,898.35157069158026,831.08182069158033,863.11757709703897,4,336,8,46,31
24,10,23,AdaptiveCuttingAuction,0.05,0.08,10,True,,1000,10800,cats_reg_g10b50,True,abs,False,CATS,50,regions,MultiMinded,66,Balance,4.730000000000018,822.2049999999999,4,635.81,377.13200000000001,822.2049999999999,832.38415016612043,756.9577501661206,781.97576197434978,8,25,11,52,33
25,10,22,AdaptiveCuttingAuction,0.05,0.08,10,True,,1000,10800,cats_reg_g10b50,True,abs,False,CATS,50,regions,MultiMinded,91,Balance,6.420000000000073,534.8185,2,446.519,197.68200000000002,534.8185,500.970473258467,481.20227325846702,522.05809325846701,9,24,9,45,32
26,10,17,AdaptiveCuttingAuction,0.05,0.08,10,True,,1000,10800,cats_reg_g10b50,True,abs,False,CATS,50,regions,MultiMinded,33,Balance,1.5199999999999818,716.487,1,716.487,299.23599999999999,716.487,712.15868594963626,697.19688594963623,701.52519999999993,1,10,0,35,27
27,10,17,AdaptiveCuttingAuction,0.05,0.08,10,True,,1000,10800,cats_reg_g10b50,True,abs,False,CATS,50,regions,MultiMinded,58,Balance,2.8400000000001455,811.1127,4,667.768,330.15700000000004,811.1127,796.73607154989838,730.70467154989853,760.13603580950212,1,10,10,40,27
28,10,18,AdaptiveCuttingAuction,0.05,0.08,10,True,,1000,10800,cats_reg_g10b50,True,abs,False,CATS,50,regions,MultiMinded,46,Balance,2.2100000000000364,818.682,1,802.322,385.84800000000001,802.322,806.54830724818225,787.25590724818221,834.69603592129783,3,17,37,41,28
29,10,20,AdaptiveCuttingAuction,0.05,0.08,10,True,,1000,10800,cats_reg_g10b50,True,abs,False,CATS,50,regions,MultiMinded,51,Balance,2.849999999999909,767.6940999999999,1,746.709,446.00549999999998,746.709,738.24901698379631,715.94874198379625,788.65778811553548,1,10,16,42,30
30,10,18,AdaptiveCuttingAuction,0.05,0.08,10,True,,1000,10800,cats_reg_g10b50,True,abs,False,CATS,50,regions,MultiMinded,234,Balance,14.800000000000182,794.5821000000001,3,739.446,385.6635,792.0011000000001,794.74095206979837,736.89142706979828,775.18220212013955,8,16,28,42,28
31,10,21,AdaptiveCuttingAuction,0.05,0.08,10,True,,1000,10800,cats_reg_g10b50,True,abs,False,CATS,50,regions,MultiMinded,68,Balance,3.9099999999998545,818.388,2,733.06,325.495,818.388,837.57956766458528,805.0300676645852,814.98483535954347,8,18,16,43,31
32,10,20,AdaptiveCuttingAuction,0.05,0.08,10,True,,1000,10800,cats_reg_g10b50,True,abs,False,CATS,50,regions,MultiMinded,48,Balance,2.900000000000091,637.3713,4,533.498,304.15100000000001,636.0468,636.29074327062995,575.46054327062996,589.54959969763502,5,17,10,46,30
33,10,16,AdaptiveCuttingAuction,0.05,0.08,10,True,,1000,10800,cats_reg_g10b50,True,abs,False,CATS,50,regions,MultiMinded,20,Balance,0.8699999999998909,560.5032,2,498.34,219.72300000000001,560.5032,528.06411661028801,506.09181661028805,538.53089999999997,1,10,0,33,26
34,10,20,AdaptiveCuttingAuction,0.05,0.08,10,True,,1000,10800,cats_reg_g10b50,True,abs,False,CATS,50,regions,MultiMinded,49,Balance,2.7800000000002,726.3012,4,568.454,249.64099999999999,726.3012,696.34438347359037,646.41618347359042,678.06271224155387,1,10,4,43,30
35,10,27,AdaptiveCuttingAuction,0.05,0.08,10,True,,1000,10800,cats_reg_g10b50,True,abs,False,CATS,50,regions,MultiMinded,70,Balance,5.4399999999996,858.175,2,722.988,380.87900000000002,858.175,848.64947412700849,810.5615741270085,822.36436204906067,7,17,1,54,37
36,10,17,AdaptiveCuttingAuction,0.05,0.08,10,True,,1000,10800,cats_reg_g10b50,True,abs,False,CATS,50,regions,MultiMinded,35,Balance,1.6200000000003456,716.498,1,716.498,379.51999999999998,716.498,730.21779821246923,711.24179821246923,730.26940473485331,1,10,25,36,27
37,10,20,AdaptiveCuttingAuction,0.05,0.08,10,True,,1000,10800,cats_reg_g10b50,True,abs,False,CATS,50,regions,MultiMinded,34,Balance,1.7300000000000182,824.835,3,630.222,329.92600000000004,824.835,828.28848582618207,778.79958582618201,790.2723183524987,1,10,5,41,30
38,10,18,AdaptiveCuttingAuction,0.05,0.08,10,True,,1000,10800,cats_reg_g10b50,True,abs,False,CATS,50,regions,MultiMinded,40,Balance,1.949999999999818,825.56,3,825.56,471.01400000000001,819.1825,845.9453555553531,775.29325555535308,784.05908075293246,7,12,16,39,28
39,10,25,AdaptiveCuttingAuction,0.05,0.08,10,True,,1000,10800,cats_reg_g10b50,True,abs,False,CATS,50,regions,MultiMinded,23,Balance,1.3699999999998909,948.5501,5,753.385,196.10050000000001,948.5501,917.62823445114316,868.60310945114315,908.92942099219749,1,10,4,49,35
40,10,22,AdaptiveCuttingAuction,0.05,0.08,10,True,,1000,10800,cats_reg_g10b50,True,abs,False,CATS,50,regions,MultiMinded,121,Balance,8.019999999999982,694.64,2,671.57,320.48500000000001,694.64,699.63832307733992,667.58982307733982,670.92718252757527,9,16,14,48,32
41,10,18,AdaptiveCuttingAuction,0.05,0.08,10,True,,1000,10800,cats_reg_g10b50,True,abs,False,CATS,50,regions,MultiMinded,31,Balance,1.669999999999618,919.5834,3,833.068,428.51799999999997,919.5834,903.41609616136111,839.13839616136124,860.46890583818436,1,10,10,38,28
42,10,21,AdaptiveCuttingAuction,0.05,0.08,10,True,,1000,10800,cats_reg_g10b50,True,abs,False,CATS,50,regions,MultiMinded,89,Balance,4.940000000000055,722.396,1,722.396,339.44,722.396,720.81421490301307,703.84221490301309,708.19103883066634,9,15,1,44,31
43,10,20,AdaptiveCuttingAuction,0.05,0.08,10,True,,1000,10800,cats_reg_g10b50,True,abs,False,CATS,50,regions,MultiMinded,24,Balance,1.3500000000003638,820.8240000000001,3,681.374,265.63999999999999,817.046,828.47298306323728,788.62698306323716,792.46750784874212,1,10,8,42,30
44,10,19,AdaptiveCuttingAuction,0.05,0.08,10,True,,1000,10800,cats_reg_g10b50,True,abs,False,CATS,50,regions,MultiMinded,199,Balance,17.220000000000255,607.363,3,484.926,277.04599999999999,559.9440000000001,544.02210061443338,502.46520061443334,532.65762727764661,9,23,14,41,29
45,10,20,AdaptiveCuttingAuction,0.05,0.08,10,True,,1000,10800,cats_reg_g10b50,True,abs,False,CATS,50,regions,MultiMinded,26,Balance,1.3899999999998727,687.7891,5,510.577,285.93000000000001,687.7891,694.05350049494257,628.63086221235801,641.43992827969839,5,15,11,41,30
46,10,19,AdaptiveCuttingAuction,0.05,0.08,10,True,,1000,10800,cats_reg_g10b50,True,abs,False,CATS,50,regions,MultiMinded,41,Balance,2.2200000000002547,810.368,2,810.368,345.00850000000003,808.7297,791.85003163051215,757.34918163051225,783.13939142007951,1,10,1,41,29
47,10,18,AdaptiveCuttingAuction,0.05,0.08,10,True,,1000,10800,cats_reg_g10b50,True,abs,False,CATS,50,regions,MultiMinded,67,Balance,3.9099999999998545,759.477,2,738.963,363.25599999999997,759.477,763.9230899919387,727.59748999193869,727.6964064853446,6,16,6,38,28
48,10,29,AdaptiveCuttingAuction,0.05,0.08,10,True,,1000,10800,cats_reg_g10b50,True,abs,False,CATS,50,regions,MultiMinded,83,Balance,5.610000000000127,726.774,3,661.833,328.96899999999999,726.774,712.92202574985811,663.57667574985817,689.14332208804194,1,10,10,61,39
49,10,23,AdaptiveCuttingAuction,0.05,0.08,10,True,,1000,10800,cats_reg_g10b50,True,abs,False,CATS,50,regions,MultiMinded,60,Balance,3.669999999999618,587.5914,6,462.576,216.20049999999998,587.5914,568.78365093766774,503.92350093766777,536.20136598582189,1,10,6,50,33
50,10,17,AdaptiveCuttingAuction,0.05,0.08,10,True,,1000,10800,cats_reg_g10b50,True,abs,False,CATS,50,regions,MultiMinded,25,Balance,1.1599999999998545,945.836,4,681.012,323.851,945.836,918.1641518367544,853.39395183675447,891.34279172949175,1,10,5,35,27
51,10,25,AdaptiveCuttingAuction,0.05,0.08,10,True,,1000,10800,cats_reg_g10b50,True,abs,False,CATS,50,regions,MultiMinded,48,Balance,2.699999999999818,831.2631000000001,3,644.905,285.66050000000001,831.2631000000001,833.2158259571097,790.36675095710962,799.17042401418234,1,10,3,51,35
52,10,19,AdaptiveCuttingAuction,0.05,0.08,10,True,,1000,10800,cats_reg_g10b50,True,abs,False,CATS,50,regions,MultiMinded,35,Balance,1.6400000000003274,608.391,1,608.391,276.31299999999999,608.391,586.67850696385301,572.86285696385301,596.07068818650316,1,10,2,39,29
53,10,21,AdaptiveCuttingAuction,0.05,0.08,10,True,,1000,10800,cats_reg_g10b50,True,abs,False,CATS,50,regions,MultiMinded,86,Balance,5.299999999999727,623.5598,4,612.518,167.23250000000002,623.5598,634.4087816846378,600.96228168463779,606.77215356989336,5,16,19,45,31
54,10,20,AdaptiveCuttingAuction,0.05,0.08,10,True,,1000,10800,cats_reg_g10b50,True,abs,False,CATS,50,regions,MultiMinded,46,Balance,2.5599999999999454,1040.322,4,967.436,414.12850000000003,1039.9794,1002.7056054482144,919.87990544821446,991.54416252057251,6,17,8,45,30
55,10,17,AdaptiveCuttingAuction,0.05,0.08,10,True,,1000,10800,cats_reg_g10b50,True,abs,False,CATS,50,regions,MultiMinded,12,Balance,0.5,1001.244,2,739.168,309.35699999999997,1001.244,977.59013226080424,946.65443226080424,986.69812425367468,1,10,5,34,27
56,10,17,AdaptiveCuttingAuction,0.05,0.08,10,True,,1000,10800,cats_reg_g10b50,True,abs,False,CATS,50,regions,MultiMinded,89,Balance,4.7599999999997635,674.3464,3,592.43,348.80000000000001,659.3265,646.09747119388965,593.7774711938896,628.51013169256828,9,20,11,38,27
57,10,20,AdaptiveCuttingAuction,0.05,0.08,10,True,,1000,10800,cats_reg_g10b50,True,abs,False,CATS,50,regions,MultiMinded,39,Balance,2.150000000000091,783.158,3,568.928,268.62299999999999,763.1990000000001,772.40430890541052,732.11085890541062,751.44606814511508,5,18,14,42,30
58,10,21,AdaptiveCuttingAuction,0.05,0.08,10,True,,1000,10800,cats_reg_g10b50,True,abs,False,CATS,50,regions,MultiMinded,52,Balance,2.8099999999999454,871.9079999999999,2,791.212,427.88200000000001,871.9079999999999,860.42440315908766,817.6362031590877,838.71727953861148,1,10,6,44,31
59,10,28,AdaptiveCuttingAuction,0.05,0.08,10,True,,1000,10800,cats_reg_g10b50,True,abs,False,CATS,50,regions,MultiMinded,100,Balance,6.860000000000127,875.1772,3,803.796,406.47899999999998,875.1772,853.45464142297669,792.48279142297679,833.01912735902033,1,10,8,59,38
60,10,22,AdaptiveCuttingAuction,0.05,0.08,10,True,,1000,10800,cats_reg_g10b50,True,abs,False,CATS,50,regions,MultiMinded,54,Balance,3.099999999999909,716.1357,3,662.173,358.10899999999998,716.1357,697.2117147043856,643.49536470438568,702.98555678112086,3,11,21,47,32
61,10,19,AdaptiveCuttingAuction,0.05,0.08,10,True,,1000,10800,cats_reg_g10b50,True,abs,False,CATS,50,regions,MultiMinded,35,Balance,1.7899999999999636,756.948,3,553.212,307.67700000000002,756.948,729.22188699531011,683.07033699531007,747.10392157690217,1,10,11,42,29
62,10,20,AdaptiveCuttingAuction,0.05,0.08,10,True,,1000,10800,cats_reg_g10b50,True,abs,False,CATS,50,regions,MultiMinded,23,Balance,1.1600000000003092,962.414,3,839.979,365.63299999999998,962.414,954.98068487706041,900.13573487706037,915.34169366066806,1,10,13,40,30
63,10,20,AdaptiveCuttingAuction,0.05,0.08,10,True,,1000,10800,cats_reg_g10b50,True,abs,False,CATS,50,regions,MultiMinded,38,Balance,1.800000000000182,966.8963000000001,4,783.33,502.36099999999999,966.8963000000001,943.79751714963936,843.3253171496392,876.34598089965584,1,10,9,43,30
64,10,24,AdaptiveCuttingAuction,0.05,0.08,10,True,,1000,10800,cats_reg_g10b50,True,abs,False,CATS,50,regions,MultiMinded,41,Balance,2.5399999999999636,784.4846,2,723.45,238.8545,784.4846,785.64225423775974,761.75680423775975,784.99890844283959,1,10,17,48,34
65,10,18,AdaptiveCuttingAuction,0.05,0.08,10,True,,1000,10800,cats_reg_g10b50,True,abs,False,CATS,50,regions,MultiMinded,42,Balance,2.0700000000001637,863.3610000000001,3,758.102,337.34500000000003,856.6320000000001,856.99510869420783,806.39335869420779,825.18543306729737,1,10,9,38,28
66,10,18,AdaptiveCuttingAuction,0.05,0.08,10,True,,1000,10800,cats_reg_g10b50,True,abs,False,CATS,50,regions,MultiMinded,68,Balance,3.4699999999998,852.079,3,807.329,372.65700000000004,849.658,819.73499344497418,763.83644344497429,802.04339402967719,1,10,11,36,28
67,10,27,AdaptiveCuttingAuction,0.05,0.08,10,True,,1000,10800,cats_reg_g10b50,True,abs,False,CATS,50,regions,MultiMinded,40,Balance,2.269999999999982,860.8598,2,789.183,223.39999999999998,860.8598,853.72858160956639,831.38858160956647,849.58456938882352,1,10,8,54,37
68,10,20,AdaptiveCuttingAuction,0.05,0.08,10,True,,1000,10800,cats_reg_g10b50,True,abs,False,CATS,50,regions,MultiMinded,43,Balance,2.1599999999998545,535.1916,4,486.692,201.834,535.1916,527.35627173791056,486.98947173791055,514.77366466373405,1,10,9,41,30
69,10,20,AdaptiveCuttingAuction,0.05,0.08,10,True,,1000,10800,cats_reg_g10b50,True,abs,False,CATS,50,regions,MultiMinded,43,Balance,2.4400000000000546,550.5322,3,423.552,212.09399999999999,550.5322,532.3215888283612,500.50748882836126,521.57777352242681,1,10,2,42,30
70,10,18,AdaptiveCuttingAuction,0.05,0.08,10,True,,1000,10800,cats_reg_g10b50,True,abs,False,CATS,50,regions,MultiMinded,205,Balance,14.320000000000164,965.81,3,780.078,273.52800000000002,965.81,858.07683608403977,817.04763608403982,938.05048655045528,7,21,7,38,28
71,10,17,AdaptiveCuttingAuction,0.05,0.08,10,True,,1000,10800,cats_reg_g10b50,True,abs,False,CATS,50,regions,MultiMinded,126,Balance,10.580000000000382,745.048,3,745.048,330.73000000000002,724.974,750.4412053991424,700.83170539914227,735.46568655574208,10,29,31,41,27
72,10,23,AdaptiveCuttingAuction,0.05,0.08,10,True,,1000,10800,cats_reg_g10b50,True,abs,False,CATS,50,regions,MultiMinded,42,Balance,2.349999999999909,619.2275000000001,7,497.631,317.09799999999996,619.2275000000001,611.29498983726876,500.31068983726885,521.4128824247997,1,10,1,48,33
73,10,20,AdaptiveCuttingAuction,0.05,0.08,10,True,,1000,10800,cats_reg_g10b50,True,abs,False,CATS,50,regions,MultiMinded,67,Balance,3.800000000000182,675.2625,2,656.76,362.82400000000001,675.0855,676.14068850954777,639.85828850954772,673.66097543923672,7,14,22,48,30
74,10,26,AdaptiveCuttingAuction,0.05,0.08,10,True,,1000,10800,cats_reg_g10b50,True,abs,False,CATS,50,regions,MultiMinded,50,Balance,3.319999999999709,942.6876,2,890.025,245.483,942.6876,953.95046307681923,929.40216307681931,929.89445164768131,3,15,9,56,36
75,10,15,AdaptiveCuttingAuction,0.05,0.08,10,True,,1000,10800,cats_reg_g10b50,True,abs,False,CATS,50,regions,MultiMinded,26,Balance,1.1100000000001273,986.353,1,977.088,450.65550000000002,977.088,973.54955911345996,951.01678411345995,996.67488278216695,1,10,14,31,25
76,10,22,AdaptiveCuttingAuction,0.05,0.08,10,True,,1000,10800,cats_reg_g10b50,True,abs,False,CATS,50,regions,MultiMinded,55,Balance,3.099999999999909,900.434,6,820.61,441.17500000000001,900.434,879.19295790050364,746.84045790050345,795.40034828472812,1,10,7,46,32
77,10,19,AdaptiveCuttingAuction,0.05,0.08,10,True,,1000,10800,cats_reg_g10b50,True,abs,False,CATS,50,regions,MultiMinded,58,Balance,2.9899999999997817,505.8682,3,489.633,293.4085,502.3022,498.90894298840317,454.89766798840316,474.92754778472187,6,14,15,39,29
78,10,15,AdaptiveCuttingAuction,0.05,0.08,10,True,,1000,10800,cats_reg_g10b50,True,abs,False,CATS,50,regions,MultiMinded,33,Balance,1.6399999999998727,723.896,1,723.896,268.85500000000002,723.896,728.65848751504336,715.21573751504332,715.21573751504332,6,14,10,31,25
79,10,20,AdaptiveCuttingAuction,0.05,0.08,10,True,,1000,10800,cats_reg_g10b50,True,abs,False,CATS,50,regions,MultiMinded,46,Balance,2.6899999999996,830.055,3,715.055,304.07849999999996,830.055,823.79268023820339,778.18090523820331,788.62746189021141,5,14,5,42,30
80,10,23,AdaptiveCuttingAuction,0.05,0.08,10,True,,1000,10800,cats_reg_g10b50,True,abs,False,CATS,50,regions,MultiMinded,214,Balance,16.4399999999996,858.2552999999999,3,815.519,326.65449999999998,845.1892,839.35323542860215,790.3550604286022,827.04608736388059,9,21,21,49,33
81,10,19,AdaptiveCuttingAuction,0.05,0.08,10,True,,1000,10800,cats_reg_g10b50,True,abs,False,CATS,50,regions,MultiMinded,20,Balance,0.8599999999996726,731.2354999999999,3,657.74,318.25649999999996,731.2354999999999,711.8305894385328,664.0921144385328,704.93637209671886,1,10,15,42,29
82,10,20,AdaptiveCuttingAuction,0.05,0.08,10,True,,1000,10800,cats_reg_g10b50,True,abs,False,CATS,50,regions,MultiMinded,37,Balance,2.230000000000018,799.819,3,670.65,230.49700000000001,799.819,766.38535854294901,731.81080854294896,783.3853665109192,5,16,9,44,30
83,10,18,AdaptiveCuttingAuction,0.05,0.08,10,True,,1000,10800,cats_reg_g10b50,True,abs,False,CATS,50,regions,MultiMinded,46,Balance,2.5100000000002183,778.391,2,740.964,303.2475,778.391,776.89330398344896,746.56855398344896,758.95539758041616,1,10,10,39,28
84,10,19,AdaptiveCuttingAuction,0.05,0.08,10,True,,1000,10800,cats_reg_g10b50,True,abs,False,CATS,50,regions,MultiMinded,29,Balance,1.2699999999999818,653.4665,4,531.36,233.98450000000003,653.4665,640.58828299438733,593.79138299438739,615.33568299895228,1,10,5,40,29
85,10,16,AdaptiveCuttingAuction,0.05,0.08,10,True,,1000,10800,cats_reg_g10b50,True,abs,False,CATS,50,regions,MultiMinded,30,Balance,1.2899999999999636,738.6202000000001,4,623.355,332.00099999999998,738.6202000000001,738.98337056558728,672.58317056558724,676.69090568250499,1,10,9,35,26
86,10,17,AdaptiveCuttingAuction,0.05,0.08,10,True,,1000,10800,cats_reg_g10b50,True,abs,False,CATS,50,regions,MultiMinded,33,Balance,1.7699999999999818,772.54,2,646.076,287.08299999999997,772.54,768.69329816635718,739.98499816635729,748.45608312316722,6,13,6,35,27
87,10,18,AdaptiveCuttingAuction,0.05,0.08,10,True,,1000,10800,cats_reg_g10b50,True,abs,False,CATS,50,regions,MultiMinded,72,Balance,4.4399999999996,883.32347,3,801.709,428.95349999999996,836.6344700000001,848.68414849147393,798.39216628015686,805.00441032802371,5,15,2,37,28
88,10,20,AdaptiveCuttingAuction,0.05,0.08,10,True,,1000,10800,cats_reg_g10b50,True,abs,False,CATS,50,regions,MultiMinded,70,Balance,4.069999999999709,662.7294999999999,4,622.783,332.80799999999999,617.7613,628.95792803106929,562.39632803106929,567.0133624354479,5,15,6,40,30
89,10,26,AdaptiveCuttingAuction,0.05,0.08,10,True,,1000,10800,cats_reg_g10b50,True,abs,False,CATS,50,regions,MultiMinded,145,Balance,11.709999999999582,844.3882,3,703.836,361.93200000000002,821.2162,814.74495091820427,760.45515091820437,800.84641303080423,9,25,11,59,36
90,10,21,AdaptiveCuttingAuction,0.05,0.08,10,True,,1000,10800,cats_reg_g10b50,True,abs,False,CATS,50,regions,MultiMinded,39,Balance,2.019999999999982,1011.3232,5,890.879,348.79300000000001,966.4754,895.77289692263423,808.5746469226342,928.15685011210564,5,15,27,44,31
91,10,17,AdaptiveCuttingAuction,0.05,0.08,10,True,,1000,10800,cats_reg_g10b50,True,abs,False,CATS,50,regions,MultiMinded,60,Balance,2.9299999999998363,890.575,1,890.575,535.99700000000007,890.575,913.64563373668352,886.84578373668353,918.17321321070199,1,10,30,35,27
92,10,22,AdaptiveCuttingAuction,0.05,0.08,10,True,,1000,10800,cats_reg_g10b50,True,abs,False,CATS,50,regions,MultiMinded,23,Balance,1.2400000000002365,683.1735,2,627.133,263.76300000000003,683.1735,684.64562928560713,658.26932928560723,676.8250546063141,1,10,11,46,32
93,10,20,AdaptiveCuttingAuction,0.05,0.08,10,True,,1000,10800,cats_reg_g10b50,True,abs,False,CATS,50,regions,MultiMinded,52,Balance,2.6799999999998363,931.509,1,931.509,347.88099999999997,931.509,929.6148029388803,912.22075293888031,916.19571492556395,1,10,4,43,30
94,10,15,AdaptiveCuttingAuction,0.05,0.08,10,True,,1000,10800,cats_reg_g10b50,True,abs,False,CATS,50,regions,MultiMinded,47,Balance,2.2199999999998,772.037,1,770.337,295.54650000000004,770.337,761.21656749979297,746.43924249979295,768.21008267428135,7,14,1,32,25
95,10,17,AdaptiveCuttingAuction,0.05,0.08,10,True,,1000,10800,cats_reg_g10b50,True,abs,False,CATS,50,regions,MultiMinded,33,Balance,1.75,901.2369,3,849.224,408.67100000000005,901.2369,858.84136088185323,797.54071088185322,866.20238363085696,1,10,8,36,27
96,10,19,AdaptiveCuttingAuction,0.05,0.08,10,True,,1000,10800,cats_reg_g10b50,True,abs,False,CATS,50,regions,MultiMinded,29,Balance,1.2699999999999818,752.0848,3,651.493,368.70849999999996,752.0848,737.02801143731904,681.72173643731901,716.40884275351596,1,10,7,41,29
97,10,20,AdaptiveCuttingAuction,0.05,0.08,10,True,,1000,10800,cats_reg_g10b50,True,abs,False,CATS,50,regions,MultiMinded,66,Balance,4.049999999999727,657.92043,3,602.694,360.185,657.92043,641.89811702764996,605.20959686950266,631.51850877321033,8,21,23,45,30
98,10,20,AdaptiveCuttingAuction,0.05,0.08,10,True,,1000,10800,cats_reg_g10b50,True,abs,False,CATS,50,regions,MultiMinded,22,Balance,1.0399999999999636,1047.5140999999999,4,870.711,386.798,1047.5140999999999,1046.8524638262061,969.49286382620608,980.58464554581201,1,10,6,40,30
99,10,22,AdaptiveCuttingAuction,0.05,0.08,10,True,,1000,10800,cats_reg_g10b50,True,abs,False,CATS,50,regions,MultiMinded,84,Balance,6.190000000000055,1044.344,5,687.143,366.375,1044.344,1033.0715801381136,941.47783013811352,952.75025000000005,4,13,0,48,32
100,10,21,AdaptiveCuttingAuction,0.05,0.08,10,True,,1000,10800,cats_reg_g10b50,True,abs,False,CATS,50,regions,MultiMinded,79,Balance,4.079999999999927,587.8678,2,515.864,141.49099999999999,587.8678,552.34242337052888,538.19332337052879,581.23129720588474,5,14,11,43,31
