idx,items,agents,auction_class,epsilon,stepc,epoch,scalebyvalue,reserve_type,maxiter,maxtime,generator_param_name,personalized,expstrat,int_prices,generator,bids,distribution,type,rounds,status,runtime,efficient_value,final_num_winners,final_max_agent_value,final_scalevalue,final_value,final_total_price,final_revenue,final_indirect_util,final_price_degree,final_price_sparsity,final_imbalance,final_wd_nvars,final_wd_ncons
1,30,36,AdaptiveCuttingAuction,0.1,0.08,10,True,,1000,10800,cats_reg_g30b150,True,abs,False,CATS,150,regions,MultiMinded,98,Balance,21.599999999999454,2502.8085,9,1712.02,630.28700000000003,2502.8085,2253.7298664339705,1832.9239826240926,2099.8967957459577,13,41,27,89,66
2,30,38,AdaptiveCuttingAuction,0.1,0.08,10,True,,1000,10800,cats_reg_g30b150,True,abs,False,CATS,150,regions,MultiMinded,71,Balance,20.920000000000073,2067.4249,7,1460.04,478.96600000000001,2057.0263999999997,2138.301934133568,1824.6018901172536,1853.1162716717092,7,44,21,88,68
3,30,36,AdaptiveCuttingAuction,0.1,0.08,10,True,,1000,10800,cats_reg_g30b150,True,abs,False,CATS,150,regions,MultiMinded,56,Balance,14.100000000000364,2226.2472000000002,4,1961.0,494.50999999999999,2214.4609,2221.7792467816444,2045.1187952601661,2126.6570206348424,25,45,26,78,66
4,30,38,AdaptiveCuttingAuction,0.1,0.08,10,True,,1000,10800,cats_reg_g30b150,True,abs,False,CATS,150,regions,MultiMinded,86,Balance,22.720000000000255,2004.9491999999998,11,1505.7,557.86300000000006,1928.4774,1968.1086288541833,1397.8656507800124,1466.7184927864009,25,45,16,88,68
5,30,35,AdaptiveCuttingAuction,0.1,0.08,10,True,,1000,10800,cats_reg_g30b150,True,abs,False,CATS,150,regions,MultiMinded,79,Balance,16.61999999999989,1864.626,2,1703.97,505.12049999999999,1813.7730000000001,1770.8835037890369,1669.8594037890368,1728.4463078273386,1,30,22,79,65
6,30,35,AdaptiveCuttingAuction,0.1,0.08,10,True,,1000,10800,cats_reg_g30b150,True,abs,False,CATS,150,regions,MultiMinded,224,Balance,51.840000000000146,2116.0368,5,1959.83,614.52500000000009,2096.9018,2101.1303801657068,1793.8678801657068,1832.2574453270659,5,31,34,85,65
7,30,35,AdaptiveCuttingAuction,0.1,0.08,10,True,,1000,10800,cats_reg_g30b150,True,abs,False,CATS,150,regions,MultiMinded,84,Balance,19.30999999999949,2031.9575,6,1330.11,558.39999999999998,2031.9575,1943.1108199353214,1619.2388199353215,1770.4592489965066,6,41,29,78,65
8,30,35,AdaptiveCuttingAuction,0.1,0.08,10,True,,1000,10800,cats_reg_g30b150,True,abs,False,CATS,150,regions,MultiMinded,112,Balance,21.200000000000728,2027.57669,8,1379.5,642.28750000000002,2027.57669,1835.2967519368719,1413.2778992731853,1683.2885970010043,1,30,32,77,65
9,30,36,AdaptiveCuttingAuction,0.1,0.08,10,True,,1000,10800,cats_reg_g30b150,True,abs,False,CATS,150,regions,MultiMinded,99,Balance,23.1899999999996,1859.5272999999997,8,1542.29,443.88650000000001,1859.5272999999997,1805.5137962979411,1539.1818962979407,1651.0604165980646,8,41,21,81,66
10,30,34,AdaptiveCuttingAuction,0.1,0.08,10,True,,1000,10800,cats_reg_g30b150,True,abs,False,CATS,150,regions,MultiMinded,202,Balance,52.07000000000062,2566.974,5,2112.56,626.02300000000002,2566.974,2529.3419745131259,2216.3304745131259,2309.7463498607203,6,45,31,84,64
11,30,36,AdaptiveCuttingAuction,0.1,0.08,10,True,,1000,10800,cats_reg_g30b150,True,abs,False,CATS,150,regions,MultiMinded,63,Balance,13.61999999999989,2431.6115,4,2098.81,721.22149999999999,2431.6115,2270.2221174794022,2053.8556674794017,2442.1436485840809,1,29,60,77,66
12,30,32,AdaptiveCuttingAuction,0.1,0.08,10,True,,1000,10800,cats_reg_g30b150,True,abs,False,CATS,150,regions,MultiMinded,132,Balance,33.94999999999982,1865.81568,6,1645.15,855.13049999999998,1829.0418999999997,1804.8841796551185,1321.4759525601473,1513.85649948983,25,43,96,81,62
13,30,35,AdaptiveCuttingAuction,0.1,0.08,10,True,,1000,10800,cats_reg_g30b150,True,abs,False,CATS,150,regions,MultiMinded,99,Balance,20.419999999999163,1773.5022000000001,5,1494.31,678.60900000000004,1756.9776,1734.8337497722407,1483.9386943786865,1696.6239317947075,14,44,99,93,65
14,30,32,AdaptiveCuttingAuction,0.1,0.08,10,True,,1000,10800,cats_reg_g30b150,True,abs,False,CATS,150,regions,MultiMinded,132,Balance,31.649999999999636,1980.1873000000003,6,1559.99,631.08900000000006,1786.686,1722.1232238591626,1368.7133838591626,1513.1474375605519,22,42,23,74,62
15,30,36,AdaptiveCuttingAuction,0.1,0.08,10,True,,1000,10800,cats_reg_g30b150,True,abs,False,CATS,150,regions,MultiMinded,73,Balance,15.449999999999818,2512.4141000000004,3,2312.23,781.00699999999995,2512.4141000000004,2518.6901692578126,2284.3880692578123,2301.7984346773906,1,29,26,77,66
16,30,34,AdaptiveCuttingAuction,0.1,0.08,10,True,,1000,10800,cats_reg_g30b150,True,abs,False,CATS,150,regions,MultiMinded,106,Balance,25.900000000000546,1929.452,4,1789.44,584.255,1909.1155,1900.8006658236545,1788.7261275075341,1854.7525891914138,7,43,26,82,64
17,30,33,AdaptiveCuttingAuction,0.1,0.08,10,True,,1000,10800,cats_reg_g30b150,True,abs,False,CATS,150,regions,MultiMinded,106,Balance,24.460000000000036,1934.7395999999999,7,1626.95,730.93200000000002,1934.7395999999999,1948.6904383976823,1522.3348917843623,1599.0281384760567,25,43,29,83,63
18,30,34,AdaptiveCuttingAuction,0.1,0.08,10,True,,1000,10800,cats_reg_g30b150,True,abs,False,CATS,150,regions,MultiMinded,79,Balance,16.919999999999163,2504.1384,4,1818.33,781.33600000000001,2504.1384,2521.9404260170786,2242.8132687300958,2340.8202670910687,1,29,15,77,64
19,30,36,AdaptiveCuttingAuction,0.1,0.08,10,True,,1000,10800,cats_reg_g30b150,True,abs,False,CATS,150,regions,MultiMinded,44,Balance,17.219999999999345,2560.7110000000002,12,1508.06,549.71399999999994,2502.3390000000004,2284.912282920166,1746.1925629201664,2036.7146943869179,11,39,23,77,66
20,30,37,AdaptiveCuttingAuction,0.1,0.08,10,True,,1000,10800,cats_reg_g30b150,True,abs,False,CATS,150,regions,MultiMinded,62,Balance,19.280000000000655,1801.7813999999998,10,1490.47,395.125,1775.6864,1831.75443752252,1462.0683610235421,1519.8800774262804,6,37,31,90,67
21,30,33,AdaptiveCuttingAuction,0.1,0.08,10,True,,1000,10800,cats_reg_g30b150,True,abs,False,CATS,150,regions,MultiMinded,140,Balance,25.699999999999818,1553.7635,3,1374.19,778.39550000000008,1553.7635,1570.0065979554668,1350.2959138304755,1391.2188081821259,1,30,55,75,63
22,30,38,AdaptiveCuttingAuction,0.1,0.08,10,True,,1000,10800,cats_reg_g30b150,True,abs,False,CATS,150,regions,MultiMinded,156,Balance,49.23999999999978,2312.252,6,2123.59,638.69949999999994,2312.252,2441.4252254176499,2058.2055254176498,2060.9261096580144,19,45,22,90,68
23,30,38,AdaptiveCuttingAuction,0.1,0.08,10,True,,1000,10800,cats_reg_g30b150,True,abs,False,CATS,150,regions,MultiMinded,56,Balance,17.390000000000327,2354.8725,7,1818.1,597.00800000000004,2354.8725,2226.89327850481,1903.5544833060535,2091.9702125868207,12,46,21,87,68
24,30,35,AdaptiveCuttingAuction,0.1,0.08,10,True,,1000,10800,cats_reg_g30b150,True,abs,False,CATS,150,regions,MultiMinded,90,Balance,20.710000000000036,1892.4884,10,1241.36,538.58849999999995,1892.4884,1867.6775499850557,1393.7165736379015,1536.4501076238071,8,45,29,83,65
25,30,33,AdaptiveCuttingAuction,0.1,0.08,10,True,,1000,10800,cats_reg_g30b150,True,abs,False,CATS,150,regions,MultiMinded,157,Balance,29.349999999999454,1741.0822999999998,4,1538.41,861.41849999999999,1692.8544000000002,1651.1942277122798,1471.1216913340743,1749.9514198209363,1,29,101,81,63
26,30,34,AdaptiveCuttingAuction,0.1,0.08,10,True,,1000,10800,cats_reg_g30b150,True,abs,False,CATS,150,regions,MultiMinded,353,Balance,95.71000000000004,2008.668,3,1919.5,424.82100000000003,2008.668,1995.0779403357285,1918.6101603357286,1973.7936952480843,6,45,28,80,64
27,30,32,AdaptiveCuttingAuction,0.1,0.08,10,True,,1000,10800,cats_reg_g30b150,True,abs,False,CATS,150,regions,MultiMinded,113,Balance,27.109999999999673,2175.2061,5,1890.21,644.31150000000002,2107.6371,2051.7397148608616,1815.1592883346952,1879.9838615451288,9,42,8,80,62
28,30,37,AdaptiveCuttingAuction,0.1,0.08,10,True,,1000,10800,cats_reg_g30b150,True,abs,False,CATS,150,regions,MultiMinded,76,Balance,19.74000000000069,2040.43179,9,1615.6,517.23699999999997,1991.07949,2029.0751445504459,1675.8782609149232,1790.0330358209744,1,29,30,79,67
29,30,33,AdaptiveCuttingAuction,0.1,0.08,10,True,,1000,10800,cats_reg_g30b150,True,abs,False,CATS,150,regions,MultiMinded,121,Balance,31.73999999999978,2111.632,8,1854.64,708.57899999999995,2089.501,2099.1194113151832,1551.0972474493421,1652.484335536758,8,46,34,85,63
30,30,35,AdaptiveCuttingAuction,0.1,0.08,10,True,,1000,10800,cats_reg_g30b150,True,abs,False,CATS,150,regions,MultiMinded,149,Balance,48.89000000000033,2323.0769999999998,6,1594.17,462.18150000000003,2159.2561,2071.455078682261,1794.1461786822615,1965.2810111415556,16,49,45,87,65
31,30,34,AdaptiveCuttingAuction,0.1,0.08,10,True,,1000,10800,cats_reg_g30b150,True,abs,False,CATS,150,regions,MultiMinded,60,Balance,11.149999999999636,2659.4860000000003,6,2167.09,585.07799999999997,2659.4860000000003,2507.5415582080077,2273.5103582080083,2485.9645969626231,1,26,6,73,64
32,30,37,AdaptiveCuttingAuction,0.1,0.08,10,True,,1000,10800,cats_reg_g30b150,True,abs,False,CATS,150,regions,MultiMinded,62,Balance,12.520000000000437,1999.8556999999998,8,1545.46,522.50199999999995,1910.9342000000001,1967.3846672830496,1596.1913499738253,1662.2501506713952,1,30,24,86,67
33,30,37,AdaptiveCuttingAuction,0.1,0.08,10,True,,1000,10800,cats_reg_g30b150,True,abs,False,CATS,150,regions,MultiMinded,82,Balance,24.599999999999454,1805.9524000000001,4,1582.17,487.50400000000002,1805.9524000000001,1712.9867671524423,1575.3290217960916,1705.8923290326786,9,44,27,91,67
34,30,39,AdaptiveCuttingAuction,0.1,0.08,10,True,,1000,10800,cats_reg_g30b150,True,abs,False,CATS,150,regions,MultiMinded,134,Balance,50.81999999999971,1983.6001999999999,8,1564.76,623.41200000000003,1983.6001999999999,2008.7340293671816,1554.768045651924,1676.7542354181976,15,42,57,86,69
35,30,38,AdaptiveCuttingAuction,0.1,0.08,10,True,,1000,10800,cats_reg_g30b150,True,abs,False,CATS,150,regions,MultiMinded,88,Balance,21.539999999999964,2341.4052,8,1755.59,637.298,2341.4052,2344.3168560007953,1847.2244160007954,1916.4756138527516,25,44,9,90,68
36,30,33,AdaptiveCuttingAuction,0.1,0.08,10,True,,1000,10800,cats_reg_g30b150,True,abs,False,CATS,150,regions,MultiMinded,99,Balance,22.44000000000051,2136.9992,7,1693.26,587.83249999999998,2071.0868,2165.1256025071107,1754.2475955881912,1800.1412578200111,18,63,33,87,63
37,30,34,AdaptiveCuttingAuction,0.1,0.08,10,True,,1000,10800,cats_reg_g30b150,True,abs,False,CATS,150,regions,MultiMinded,108,Balance,22.199999999999818,1991.3467,8,1812.59,701.23299999999995,1969.7631000000001,2002.1293290037797,1524.5640554791453,1602.1357472845291,25,44,19,79,64
38,30,40,AdaptiveCuttingAuction,0.1,0.08,10,True,,1000,10800,cats_reg_g30b150,True,abs,False,CATS,150,regions,MultiMinded,103,Balance,39.470000000000255,2724.0288,5,2153.9,576.38300000000004,2647.3538000000003,2516.632451802273,2286.0792518022727,2446.2785773690871,24,46,28,85,70
39,30,30,AdaptiveCuttingAuction,0.1,0.08,10,True,,1000,10800,cats_reg_g30b150,True,abs,False,CATS,150,regions,MultiMinded,144,Balance,30.049999999999272,1968.0602,4,1918.66,764.726,1968.0602,2051.1878900951215,1760.0107513391554,1799.8580302712919,13,44,26,74,60
40,30,33,AdaptiveCuttingAuction,0.1,0.08,10,True,,1000,10800,cats_reg_g30b150,True,abs,False,CATS,150,regions,MultiMinded,83,Balance,17.099999999999454,1942.0583000000001,3,1674.34,688.69799999999998,1942.0583000000001,1968.8738834639698,1764.1629235983676,1801.2459847015798,1,30,16,78,63
41,30,35,AdaptiveCuttingAuction,0.1,0.08,10,True,,1000,10800,cats_reg_g30b150,True,abs,False,CATS,150,regions,MultiMinded,86,Balance,21.31999999999971,1877.7214099999999,7,1423.29,646.35299999999995,1831.2470099999998,1853.6832248089277,1535.6754871082949,1649.0158101800159,12,43,73,79,65
42,30,32,AdaptiveCuttingAuction,0.1,0.08,10,True,,1000,10800,cats_reg_g30b150,True,abs,False,CATS,150,regions,MultiMinded,103,Balance,24.61999999999989,2111.841,4,1703.5,646.17399999999998,2111.841,2066.4908798662927,1825.2178915372706,1956.8212837574542,11,48,55,80,62
43,30,40,AdaptiveCuttingAuction,0.1,0.08,10,True,,1000,10800,cats_reg_g30b150,True,abs,False,CATS,150,regions,MultiMinded,147,Balance,37.60999999999967,2446.7208,11,1927.69,685.90899999999999,2321.3928,2278.7574053645349,1606.5665853645344,1794.9696515282628,16,41,42,91,70
44,30,35,AdaptiveCuttingAuction,0.1,0.08,10,True,,1000,10800,cats_reg_g30b150,True,abs,False,CATS,150,regions,MultiMinded,97,Balance,26.949999999999818,1711.1515999999997,6,1299.51,651.40899999999999,1607.6064999999999,1568.008766398176,1190.1915463981757,1319.7506133875522,16,45,56,78,65
45,30,38,AdaptiveCuttingAuction,0.1,0.08,10,True,,1000,10800,cats_reg_g30b150,True,abs,False,CATS,150,regions,MultiMinded,158,Balance,40.85999999999967,2034.5094,9,1828.07,742.07299999999998,1958.0327,1987.6218443163066,1522.280254078034,1686.5838976451478,20,44,83,90,68
46,30,31,AdaptiveCuttingAuction,0.1,0.08,10,True,,1000,10800,cats_reg_g30b150,True,abs,False,CATS,150,regions,MultiMinded,64,Balance,13.0,2564.0325000000003,4,2373.4,807.26099999999997,2564.0325000000003,2440.2438650387562,2259.876363221751,2399.1034762374802,6,40,14,70,61
47,30,37,AdaptiveCuttingAuction,0.1,0.08,10,True,,1000,10800,cats_reg_g30b150,True,abs,False,CATS,150,regions,MultiMinded,101,Balance,18.389999999999418,2233.1322,10,1669.44,664.97900000000004,2193.8092,2067.9417814766716,1505.8607046708864,1778.8082931952645,1,30,63,82,67
48,30,35,AdaptiveCuttingAuction,0.1,0.08,10,True,,1000,10800,cats_reg_g30b150,True,abs,False,CATS,150,regions,MultiMinded,79,Balance,21.63000000000011,2069.4358,8,1826.01,556.24350000000004,1963.5418,2040.9949626961261,1620.5995903282928,1728.1519003131352,25,49,36,86,65
49,30,30,AdaptiveCuttingAuction,0.1,0.08,10,True,,1000,10800,cats_reg_g30b150,True,abs,False,CATS,150,regions,MultiMinded,77,Balance,13.400000000000546,1979.7895999999998,8,1594.07,673.82600000000002,1974.7225999999998,1985.605196531103,1589.5770134368086,1717.2714464340881,7,38,25,73,60
50,30,33,AdaptiveCuttingAuction,0.1,0.08,10,True,,1000,10800,cats_reg_g30b150,True,abs,False,CATS,150,regions,MultiMinded,99,Balance,21.609999999999673,2110.6722999999997,7,1335.35,460.47550000000001,2110.6722999999997,2040.9683032996329,1764.6830032996329,1923.6443457439304,9,42,33,85,63
51,30,37,AdaptiveCuttingAuction,0.1,0.08,10,True,,1000,10800,cats_reg_g30b150,True,abs,False,CATS,150,regions,MultiMinded,60,Balance,12.470000000000255,2245.4244000000003,6,1882.26,597.73699999999997,2245.4244000000003,2207.5107600224692,1908.6422600224689,1961.4605089153551,1,28,24,87,67
52,30,32,AdaptiveCuttingAuction,0.1,0.08,10,True,,1000,10800,cats_reg_g30b150,True,abs,False,CATS,150,regions,MultiMinded,77,Balance,13.0,1756.6213,5,1409.87,556.45500000000004,1694.7150000000001,1665.7158522491764,1398.6174522491765,1586.9389011944188,1,29,44,71,62
53,30,34,AdaptiveCuttingAuction,0.1,0.08,10,True,,1000,10800,cats_reg_g30b150,True,abs,False,CATS,150,regions,MultiMinded,81,Balance,14.640000000000327,2325.6629000000003,6,1796.97,570.23000000000002,2248.7839000000004,2111.089203352361,1837.3788033523617,2048.6368755570097,6,32,35,74,64
54,30,37,AdaptiveCuttingAuction,0.1,0.08,10,True,,1000,10800,cats_reg_g30b150,True,abs,False,CATS,150,regions,MultiMinded,99,Balance,24.07000000000062,2355.424,6,2152.9,670.553,2355.424,2310.0227432554316,2039.5005691310307,2163.2584023451805,13,41,32,86,67
55,30,33,AdaptiveCuttingAuction,0.1,0.08,10,True,,1000,10800,cats_reg_g30b150,True,abs,False,CATS,150,regions,MultiMinded,86,Balance,20.039999999999964,2078.1524999999997,10,1352.37,548.28150000000005,2078.1524999999997,2090.7545828849898,1579.2849506615973,1610.1454909244455,6,40,29,84,63
56,30,39,AdaptiveCuttingAuction,0.1,0.08,10,True,,1000,10800,cats_reg_g30b150,True,abs,False,CATS,150,regions,MultiMinded,125,Balance,33.06999999999971,1893.3772000000004,10,1498.24,591.42200000000003,1888.8312000000003,1893.2872504205934,1361.0074504205932,1439.427604426774,8,43,34,91,69
57,30,36,AdaptiveCuttingAuction,0.1,0.08,10,True,,1000,10800,cats_reg_g30b150,True,abs,False,CATS,150,regions,MultiMinded,55,Balance,12.949999999999818,1899.5301999999997,8,1604.44,621.16750000000002,1899.5301999999997,1978.0187006719189,1499.9123323186609,1549.2947105884275,5,38,13,81,66
58,30,36,AdaptiveCuttingAuction,0.1,0.08,10,True,,1000,10800,cats_reg_g30b150,True,abs,False,CATS,150,regions,MultiMinded,193,Balance,58.0,2429.6093,6,2057.42,832.86300000000006,2429.6093,2300.1070648509299,1885.9714050387258,2036.8654433879847,25,43,51,84,66
59,30,39,AdaptiveCuttingAuction,0.1,0.08,10,True,,1000,10800,cats_reg_g30b150,True,abs,False,CATS,150,regions,MultiMinded,157,Balance,33.339999999999236,2064.9126,5,1772.9,622.28800000000001,2023.1066,2006.1698911089577,1714.6742225358073,1916.7015436637409,1,30,91,90,69
60,30,35,AdaptiveCuttingAuction,0.1,0.08,10,True,,1000,10800,cats_reg_g30b150,True,abs,False,CATS,150,regions,MultiMinded,77,Balance,12.760000000000218,1956.0875,3,1842.74,450.80399999999997,1936.1575,1913.7904609575692,1832.6457409575692,1923.2192693333836,1,28,48,76,65
61,30,37,AdaptiveCuttingAuction,0.1,0.08,10,True,,1000,10800,cats_reg_g30b150,True,abs,False,CATS,150,regions,MultiMinded,109,Balance,26.230000000000473,1951.6029999999998,10,1560.47,530.9905,1850.5417999999997,1941.4763405019576,1477.8071511955479,1583.3514515752238,17,47,45,93,67
62,30,34,AdaptiveCuttingAuction,0.1,0.08,10,True,,1000,10800,cats_reg_g30b150,True,abs,False,CATS,150,regions,MultiMinded,139,Balance,25.280000000000655,1978.0167,7,1737.89,582.94900000000007,1977.3040999999998,1909.9422458984402,1533.2463685893024,1675.8883058020551,1,30,40,77,64
63,30,30,AdaptiveCuttingAuction,0.1,0.08,10,True,,1000,10800,cats_reg_g30b150,True,abs,False,CATS,150,regions,MultiMinded,87,Balance,14.039999999999964,2547.4234,5,1821.34,869.476,2547.4234,2542.2627563897477,2194.4723563897473,2399.701987154046,1,29,66,73,60
64,30,34,AdaptiveCuttingAuction,0.1,0.08,10,True,,1000,10800,cats_reg_g30b150,True,abs,False,CATS,150,regions,MultiMinded,71,Balance,15.920000000000073,2427.9729,11,1844.14,792.92899999999997,2368.9150999999997,2289.9543583264563,1513.0772958214454,1853.7695551775805,6,33,64,76,64
65,30,36,AdaptiveCuttingAuction,0.1,0.08,10,True,,1000,10800,cats_reg_g30b150,True,abs,False,CATS,150,regions,MultiMinded,129,Balance,34.73999999999978,2209.3287,10,1779.98,732.52250000000004,2142.4379,2052.084899987557,1437.3073270082523,1730.2986045051534,26,45,131,88,66
66,30,30,AdaptiveCuttingAuction,0.1,0.08,10,True,,1000,10800,cats_reg_g30b150,True,abs,False,CATS,150,regions,MultiMinded,120,Balance,22.159999999999854,2387.3904,2,2290.03,553.03500000000008,2387.3904,2341.2925518032948,2241.7462518032949,2294.8638518032949,1,29,25,71,60
67,30,41,AdaptiveCuttingAuction,0.1,0.08,10,True,,1000,10800,cats_reg_g30b150,True,abs,False,CATS,150,regions,MultiMinded,372,Balance,105.80000000000018,2130.5865999999996,8,1569.3,447.20299999999997,2107.1669,1998.034070329928,1693.5069662327699,1854.3954945452992,9,47,21,98,71
68,30,34,AdaptiveCuttingAuction,0.1,0.08,10,True,,1000,10800,cats_reg_g30b150,True,abs,False,CATS,150,regions,MultiMinded,111,Balance,29.0,1871.0335999999998,8,1491.62,623.48450000000003,1871.0335999999998,1921.6659853549186,1493.8269564059185,1543.0167195135798,7,40,34,86,64
69,30,34,AdaptiveCuttingAuction,0.1,0.08,10,True,,1000,10800,cats_reg_g30b150,True,abs,False,CATS,150,regions,MultiMinded,96,Balance,20.55999999999949,2248.1536,8,1918.69,909.28949999999998,2248.1536,2152.9197625465686,1618.916542873242,1928.5273043788216,1,29,44,78,64
70,30,32,AdaptiveCuttingAuction,0.1,0.08,10,True,,1000,10800,cats_reg_g30b150,True,abs,False,CATS,150,regions,MultiMinded,100,Balance,18.639999999999418,2074.3614,4,1794.89,671.03600000000006,1998.6884,1965.1773095757294,1769.6672716814651,1954.4154298316607,1,30,74,70,62
71,30,30,AdaptiveCuttingAuction,0.1,0.08,10,True,,1000,10800,cats_reg_g30b150,True,abs,False,CATS,150,regions,MultiMinded,184,Balance,40.789999999999964,2107.4125,3,1919.92,672.68100000000004,2077.242,2093.660299827251,1905.3096198272508,1990.0867036182303,12,41,25,79,60
72,30,35,AdaptiveCuttingAuction,0.1,0.08,10,True,,1000,10800,cats_reg_g30b150,True,abs,False,CATS,150,regions,MultiMinded,81,Balance,14.9399999999996,1946.4843000000003,8,1216.53,554.09649999999999,1862.8493,1851.2589495020047,1480.3202908907504,1603.1171065203157,1,30,22,75,65
73,30,35,AdaptiveCuttingAuction,0.1,0.08,10,True,,1000,10800,cats_reg_g30b150,True,abs,False,CATS,150,regions,MultiMinded,340,Balance,86.55999999999949,1852.6272999999999,10,1445.38,663.03899999999999,1800.6158999999998,1826.7080547611408,1265.3105616068842,1350.7152702841177,25,44,19,87,65
74,30,31,AdaptiveCuttingAuction,0.1,0.08,10,True,,1000,10800,cats_reg_g30b150,True,abs,False,CATS,150,regions,MultiMinded,97,Balance,17.229999999999563,2020.0417,6,1744.34,781.83899999999994,2020.0417,2064.1569728848162,1640.020669088954,1678.4508923105468,1,30,17,72,61
75,30,39,AdaptiveCuttingAuction,0.1,0.08,10,True,,1000,10800,cats_reg_g30b150,True,abs,False,CATS,150,regions,MultiMinded,92,Balance,33.67000000000007,2549.9302,9,1890.83,637.39099999999996,2489.9611999999997,2469.0556324870204,2040.4973326578927,2129.640939381753,27,50,19,96,69
76,30,36,AdaptiveCuttingAuction,0.1,0.08,10,True,,1000,10800,cats_reg_g30b150,True,abs,False,CATS,150,regions,MultiMinded,129,Balance,31.6899999999996,1970.4382,5,1633.82,405.01099999999997,1957.2915,1948.9792841920175,1746.4737841920173,1773.4701113933556,20,41,11,82,66
77,30,34,AdaptiveCuttingAuction,0.1,0.08,10,True,,1000,10800,cats_reg_g30b150,True,abs,False,CATS,150,regions,MultiMinded,106,Balance,19.779999999999745,1646.3148,6,1576.38,831.28949999999998,1602.3807,1711.665489419483,1290.7206555002938,1355.9608278709663,1,30,53,74,64
78,30,34,AdaptiveCuttingAuction,0.1,0.08,10,True,,1000,10800,cats_reg_g30b150,True,abs,False,CATS,150,regions,MultiMinded,86,Balance,17.51000000000022,2412.1546,7,1881.66,768.41550000000007,2305.4481,2415.8603432518398,1954.811043251839,2066.9566751647776,1,29,22,81,64
79,30,29,AdaptiveCuttingAuction,0.1,0.08,10,True,,1000,10800,cats_reg_g30b150,True,abs,False,CATS,150,regions,MultiMinded,142,Balance,28.079999999999927,2267.359,5,2060.3,919.01300000000003,2255.609,2332.1653752274688,1878.8400046323213,1930.468432775514,11,44,45,78,59
80,30,37,AdaptiveCuttingAuction,0.1,0.08,10,True,,1000,10800,cats_reg_g30b150,True,abs,False,CATS,150,regions,MultiMinded,79,Balance,19.789999999999964,2112.5864,9,1592.54,576.49599999999998,1990.7174,2069.0472243052263,1607.8504243052266,1713.7131109857457,1,28,37,84,67
81,30,33,AdaptiveCuttingAuction,0.1,0.08,10,True,,1000,10800,cats_reg_g30b150,True,abs,False,CATS,150,regions,MultiMinded,79,Balance,14.090000000000146,1652.215,4,1316.69,725.81600000000003,1650.6599999999999,1593.0497919835291,1329.8532405132378,1435.4815964492309,1,30,46,71,63
82,30,35,AdaptiveCuttingAuction,0.1,0.08,10,True,,1000,10800,cats_reg_g30b150,True,abs,False,CATS,150,regions,MultiMinded,107,Balance,31.289999999999964,2109.0315,7,1900.31,619.13249999999994,2109.0315,2133.7296704356145,1811.2322935489881,1891.2361969132448,24,60,63,90,65
83,30,32,AdaptiveCuttingAuction,0.1,0.08,10,True,,1000,10800,cats_reg_g30b150,True,abs,False,CATS,150,regions,MultiMinded,74,Balance,15.8100000000004,2576.43019,7,2027.96,1059.6700000000001,2576.43019,2614.8339514899662,2055.944702977883,2221.2784831333724,15,44,56,72,62
84,30,34,AdaptiveCuttingAuction,0.1,0.08,10,True,,1000,10800,cats_reg_g30b150,True,abs,False,CATS,150,regions,MultiMinded,115,Balance,34.01000000000022,1983.6759000000002,8,1485.27,650.14099999999996,1970.4728,1916.5684035303163,1471.5414652211232,1626.4360441991341,14,44,43,86,64
85,30,33,AdaptiveCuttingAuction,0.1,0.08,10,True,,1000,10800,cats_reg_g30b150,True,abs,False,CATS,150,regions,MultiMinded,77,Balance,14.069999999999709,1650.3177,5,1136.81,534.83399999999995,1650.3177,1606.6865980662142,1361.3785824928132,1450.9320565500711,1,30,37,80,63
86,30,37,AdaptiveCuttingAuction,0.1,0.08,10,True,,1000,10800,cats_reg_g30b150,True,abs,False,CATS,150,regions,MultiMinded,75,Balance,13.139999999999418,2073.2363,5,1605.13,504.47649999999999,2073.2363,2023.5141300162745,1781.3654100162746,1889.478367528262,8,33,11,77,67
87,30,34,AdaptiveCuttingAuction,0.1,0.08,10,True,,1000,10800,cats_reg_g30b150,True,abs,False,CATS,150,regions,MultiMinded,141,Balance,37.8100000000004,2161.5317,10,1611.82,461.19499999999999,2161.5317,2071.8232454327153,1686.9138181403102,1844.2383223175971,10,45,24,85,64
88,30,35,AdaptiveCuttingAuction,0.1,0.08,10,True,,1000,10800,cats_reg_g30b150,True,abs,False,CATS,150,regions,MultiMinded,68,Balance,14.300000000000182,1960.6723,6,1579.4,529.16499999999996,1921.4421000000002,1957.3275192556289,1733.2624120449552,1839.1294249974999,5,32,43,81,65
89,30,40,AdaptiveCuttingAuction,0.1,0.08,10,True,,1000,10800,cats_reg_g30b150,True,abs,False,CATS,150,regions,MultiMinded,72,Balance,35.39000000000033,2103.4608,12,1324.86,455.78500000000003,1933.7631000000001,1725.4722422955142,1315.265742295514,1632.2919262578691,25,41,22,85,70
90,30,36,AdaptiveCuttingAuction,0.1,0.08,10,True,,1000,10800,cats_reg_g30b150,True,abs,False,CATS,150,regions,MultiMinded,90,Balance,20.030000000000655,2252.2093,7,1749.09,686.99800000000005,2252.2093,2228.6334832577613,1873.2882772333073,1978.2659395065366,8,41,8,84,66
91,30,37,AdaptiveCuttingAuction,0.1,0.08,10,True,,1000,10800,cats_reg_g30b150,True,abs,False,CATS,150,regions,MultiMinded,58,Balance,13.13000000000011,2533.4677,11,1557.05,605.50300000000004,2433.7927999999997,2288.8829185908312,1719.7100985908312,2068.5370741551815,6,32,35,75,67
92,30,37,AdaptiveCuttingAuction,0.1,0.08,10,True,,1000,10800,cats_reg_g30b150,True,abs,False,CATS,150,regions,MultiMinded,62,Balance,17.9399999999996,2087.0795,9,1557.29,467.12700000000001,2087.0795,2106.3554684332039,1702.5151248014465,1782.4879609833627,8,43,31,84,67
93,30,34,AdaptiveCuttingAuction,0.1,0.08,10,True,,1000,10800,cats_reg_g30b150,True,abs,False,CATS,150,regions,MultiMinded,50,Balance,10.949999999999818,2220.4165999999996,8,1477.09,531.97949999999992,2187.6236,2080.0354285572894,1701.3241736079642,1860.3796010744459,12,40,16,74,64
94,30,33,AdaptiveCuttingAuction,0.1,0.08,10,True,,1000,10800,cats_reg_g30b150,True,abs,False,CATS,150,regions,MultiMinded,150,Balance,40.93000000000029,2089.1439,6,1850.23,583.02999999999997,2075.2699000000002,1961.3590265109344,1728.1470265109342,1943.4571118464153,11,40,31,81,63
95,30,36,AdaptiveCuttingAuction,0.1,0.08,10,True,,1000,10800,cats_reg_g30b150,True,abs,False,CATS,150,regions,MultiMinded,162,Balance,42.47999999999956,2218.1557,7,1747.55,732.99250000000006,2218.1557,2161.0228301978113,1679.2683209576398,1835.4937320855049,11,46,38,85,66
96,30,33,AdaptiveCuttingAuction,0.1,0.08,10,True,,1000,10800,cats_reg_g30b150,True,abs,False,CATS,150,regions,MultiMinded,75,Balance,15.659999999999854,1873.9284000000002,4,1690.89,555.43200000000002,1873.9284000000002,1889.4328388290846,1692.6040252758251,1757.4366002926049,8,36,58,78,63
97,30,37,AdaptiveCuttingAuction,0.1,0.08,10,True,,1000,10800,cats_reg_g30b150,True,abs,False,CATS,150,regions,MultiMinded,112,Balance,29.920000000000073,1853.4531000000002,10,1334.16,635.36699999999996,1737.0921,1753.4149952056896,1257.3999301631702,1352.356865120651,7,42,22,85,67
98,30,36,AdaptiveCuttingAuction,0.1,0.08,10,True,,1000,10800,cats_reg_g30b150,True,abs,False,CATS,150,regions,MultiMinded,69,Balance,13.770000000000437,2779.0163,8,2131.76,620.35799999999995,2779.0163,2716.298578688381,2232.4193386883817,2395.3294904506515,5,36,36,78,66
99,30,37,AdaptiveCuttingAuction,0.1,0.08,10,True,,1000,10800,cats_reg_g30b150,True,abs,False,CATS,150,regions,MultiMinded,98,Balance,28.9399999999996,2286.8288000000002,6,1573.72,543.00099999999998,2249.6814999999997,2277.7338152740149,2006.2333152740152,2084.1826493288027,8,42,22,86,67
100,30,32,AdaptiveCuttingAuction,0.1,0.08,10,True,,1000,10800,cats_reg_g30b150,True,abs,False,CATS,150,regions,MultiMinded,371,Balance,91.20000000000073,1906.0085,9,1496.95,591.39400000000001,1821.3545,1825.5188900889409,1293.2642900889405,1362.2324967446318,1,960,21,76,62
