idx,items,agents,auction_class,epsilon,stepc,epoch,scalebyvalue,reserve_type,maxiter,maxtime,generator_param_name,personalized,expstrat,int_prices,generator,bids,distribution,type,rounds,status,runtime,efficient_value,final_num_winners,final_max_agent_value,final_scalevalue,final_value,final_total_price,final_revenue,final_indirect_util,final_price_degree,final_price_sparsity,final_imbalance,final_wd_nvars,final_wd_ncons
1,10,17,AdaptiveCuttingAuction,0.2,0.04,10,True,,1000,10800,cats_reg_g10b50,True,abs,False,CATS,50,regions,MultiMinded,15,Balance,0.6899999999995998,681.0817,3,513.163,288.52699999999999,663.8767,712.12128237608999,539.00508237609006,548.8402356112814,1,10,10,37,27
2,10,19,AdaptiveCuttingAuction,0.2,0.04,10,True,,1000,10800,cats_reg_g10b50,True,abs,False,CATS,50,regions,MultiMinded,26,Balance,1.269999999999527,734.1289999999999,2,640.313,226.71899999999999,732.193,689.29298162728924,616.74290162728926,722.91347563294767,1,10,13,38,29
3,10,17,AdaptiveCuttingAuction,0.2,0.04,10,True,,1000,10800,cats_reg_g10b50,True,abs,False,CATS,50,regions,MultiMinded,32,Balance,1.9899999999997817,804.4359999999999,1,797.452,310.25200000000001,797.452,803.67514092449903,741.62474092449906,741.62474092449906,4,15,9,38,27
4,10,14,AdaptiveCuttingAuction,0.2,0.04,10,True,,1000,10800,cats_reg_g10b50,True,abs,False,CATS,50,regions,MultiMinded,5,Balance,0.1499999999996362,574.909,2,568.922,272.93700000000001,574.909,588.03918336663651,478.86438336663662,519.19987752497741,1,10,8,28,24
5,10,21,AdaptiveCuttingAuction,0.2,0.04,10,True,,1000,10800,cats_reg_g10b50,True,abs,False,CATS,50,regions,MultiMinded,50,Balance,2.860000000000582,650.6363,2,619.701,342.60149999999999,650.6363,642.67285698500234,544.91181616512893,561.7258401119044,8,15,13,42,31
6,10,17,AdaptiveCuttingAuction,0.2,0.04,10,True,,1000,10800,cats_reg_g10b50,True,abs,False,CATS,50,regions,MultiMinded,25,Balance,1.360000000000582,834.2848,4,784.19,470.66899999999998,834.2848,831.13470626307958,521.39869557402403,557.94569635886251,6,16,19,37,27
7,10,21,AdaptiveCuttingAuction,0.2,0.04,10,True,,1000,10800,cats_reg_g10b50,True,abs,False,CATS,50,regions,MultiMinded,32,Balance,2.3299999999999272,854.667,4,696.341,343.76999999999998,843.06,875.63920036205798,600.6232003620579,643.72311627277031,8,21,12,44,31
8,10,18,AdaptiveCuttingAuction,0.2,0.04,10,True,,1000,10800,cats_reg_g10b50,True,abs,False,CATS,50,regions,MultiMinded,52,Balance,3.8599999999996726,663.572,3,592.441,275.35000000000002,663.572,657.4736128153213,492.26361281532132,500.82330185557799,7,15,2,37,28
9,10,18,AdaptiveCuttingAuction,0.2,0.04,10,True,,1000,10800,cats_reg_g10b50,True,abs,False,CATS,50,regions,MultiMinded,7,Balance,0.22999999999956344,724.6032999999999,2,611.583,280.12,701.6700999999999,695.77540605872628,606.13700605872623,663.53519041678112,1,10,10,35,28
10,10,23,AdaptiveCuttingAuction,0.2,0.04,10,True,,1000,10800,cats_reg_g10b50,True,abs,False,CATS,50,regions,MultiMinded,26,Balance,1.4200000000000728,946.3547,4,784.828,433.57950000000005,946.3547,1020.4065979515797,736.66024435924294,754.80340718467335,1,10,3,47,33
11,10,16,AdaptiveCuttingAuction,0.2,0.04,10,True,,1000,10800,cats_reg_g10b50,True,abs,False,CATS,50,regions,MultiMinded,17,Balance,0.8500000000003638,724.662,1,724.662,403.49950000000001,684.58,736.49673057623068,655.7968305762306,675.21677622104062,7,14,19,33,26
12,10,16,AdaptiveCuttingAuction,0.2,0.04,10,True,,1000,10800,cats_reg_g10b50,True,abs,False,CATS,50,regions,MultiMinded,24,Balance,0.9899999999997817,522.114,1,522.114,283.13549999999998,522.114,518.18486495430614,461.55776495430615,492.05831796202403,1,10,17,35,26
13,10,17,AdaptiveCuttingAuction,0.2,0.04,10,True,,1000,10800,cats_reg_g10b50,True,abs,False,CATS,50,regions,MultiMinded,8,Balance,0.27999999999974534,778.1078,2,718.401,353.04300000000001,778.1078,799.89864051039228,701.0466005103923,760.16574850367419,1,10,11,32,27
14,10,17,AdaptiveCuttingAuction,0.2,0.04,10,True,,1000,10800,cats_reg_g10b50,True,abs,False,CATS,50,regions,MultiMinded,13,Balance,0.5700000000006185,588.9796,2,575.883,307.69200000000001,588.9796,621.30962096007897,547.68364423965818,563.80939802613193,1,10,15,34,27
15,10,17,AdaptiveCuttingAuction,0.2,0.04,10,True,,1000,10800,cats_reg_g10b50,True,abs,False,CATS,50,regions,MultiMinded,20,Balance,0.8600000000005821,634.994,1,600.13,422.91899999999998,600.13,672.42491961690382,587.84111961690382,613.35230543431658,1,10,25,34,27
16,10,26,AdaptiveCuttingAuction,0.2,0.04,10,True,,1000,10800,cats_reg_g10b50,True,abs,False,CATS,50,regions,MultiMinded,35,Balance,1.9600000000000364,519.6692,2,485.933,278.584,519.6692,566.13862640513844,461.51567396075291,462.81772151636733,1,10,9,52,36
17,10,16,AdaptiveCuttingAuction,0.2,0.04,10,True,,1000,10800,cats_reg_g10b50,True,abs,False,CATS,50,regions,MultiMinded,6,Balance,0.1999999999998181,910.0260000000001,3,815.656,322.738,910.0260000000001,900.10780815222233,706.46500815222225,771.78593112559338,1,10,16,30,26
18,10,18,AdaptiveCuttingAuction,0.2,0.04,10,True,,1000,10800,cats_reg_g10b50,True,abs,False,CATS,50,regions,MultiMinded,14,Balance,0.7600000000002183,982.461,3,932.103,367.83500000000004,930.15,1035.4032837336665,814.70228373366649,844.02576479542734,4,11,21,35,28
19,10,19,AdaptiveCuttingAuction,0.2,0.04,10,True,,1000,10800,cats_reg_g10b50,True,abs,False,CATS,50,regions,MultiMinded,85,Balance,5.260000000000218,903.4849999999999,2,826.774,559.33850000000007,818.864,922.41240260786117,698.67700260786114,742.63936936767243,9,17,21,42,29
20,10,21,AdaptiveCuttingAuction,0.2,0.04,10,True,,1000,10800,cats_reg_g10b50,True,abs,False,CATS,50,regions,MultiMinded,36,Balance,2.600000000000364,780.3014999999999,6,637.779,268.37200000000001,780.3014999999999,683.53702323130972,393.69526323130981,497.49832212441697,5,15,12,44,31
21,10,17,AdaptiveCuttingAuction,0.2,0.04,10,True,,1000,10800,cats_reg_g10b50,True,abs,False,CATS,50,regions,MultiMinded,14,Balance,0.680000000000291,869.309,3,770.684,361.69299999999998,869.309,779.729908101717,577.1818281017172,680.75739489908801,1,10,8,38,27
22,10,16,AdaptiveCuttingAuction,0.2,0.04,10,True,,1000,10800,cats_reg_g10b50,True,abs,False,CATS,50,regions,MultiMinded,167,Balance,10.960000000000036,827.155,2,792.758,416.87799999999999,773.9590000000001,814.62287751442045,647.87167751442053,656.16759292023733,8,18,16,34,26
23,10,21,AdaptiveCuttingAuction,0.2,0.04,10,True,,1000,10800,cats_reg_g10b50,True,abs,False,CATS,50,regions,MultiMinded,25,Balance,1.610000000000582,926.9879999999999,5,813.726,269.07900000000001,913.9114999999999,924.44958826776019,655.37058826776024,702.78735671394008,4,14,6,45,31
24,10,23,AdaptiveCuttingAuction,0.2,0.04,10,True,,1000,10800,cats_reg_g10b50,True,abs,False,CATS,50,regions,MultiMinded,33,Balance,1.9899999999997817,822.2049999999999,4,635.81,377.13200000000001,822.2049999999999,851.31761297819526,549.61201297819525,577.90816107846217,1,10,14,48,33
25,10,22,AdaptiveCuttingAuction,0.2,0.04,10,True,,1000,10800,cats_reg_g10b50,True,abs,False,CATS,50,regions,MultiMinded,62,Balance,6.0700000000006185,534.8185,2,446.519,197.68200000000002,527.864,533.49594908874985,454.42314908874988,493.61492136444235,6,21,11,46,32
26,10,17,AdaptiveCuttingAuction,0.2,0.04,10,True,,1000,10800,cats_reg_g10b50,True,abs,False,CATS,50,regions,MultiMinded,10,Balance,0.3400000000001455,716.487,1,716.487,299.23599999999999,687.81,746.00818061730195,686.1609806173019,689.60139909905274,1,10,17,35,27
27,10,17,AdaptiveCuttingAuction,0.2,0.04,10,True,,1000,10800,cats_reg_g10b50,True,abs,False,CATS,50,regions,MultiMinded,33,Balance,1.6599999999998545,811.1127,4,667.768,330.15700000000004,778.0657000000001,839.54336390193703,607.40266933542728,615.0276187823788,1,10,12,37,27
28,10,18,AdaptiveCuttingAuction,0.2,0.04,10,True,,1000,10800,cats_reg_g10b50,True,abs,False,CATS,50,regions,MultiMinded,21,Balance,1.069999999999709,818.682,1,802.322,385.84800000000001,802.322,870.75315813663212,793.58355813663206,825.74901341872703,1,10,23,40,28
29,10,20,AdaptiveCuttingAuction,0.2,0.04,10,True,,1000,10800,cats_reg_g10b50,True,abs,False,CATS,50,regions,MultiMinded,43,Balance,2.269999999999527,767.6940999999999,2,746.709,446.00549999999998,700.6921,766.41238255814858,623.69062255814856,672.14282153425575,1,10,20,40,30
30,10,18,AdaptiveCuttingAuction,0.2,0.04,10,True,,1000,10800,cats_reg_g10b50,True,abs,False,CATS,50,regions,MultiMinded,57,Balance,2.9700000000002547,794.5821000000001,3,739.446,385.6635,792.0011000000001,852.65117913875076,647.25517242144076,665.57855002850624,1,10,21,37,28
31,10,21,AdaptiveCuttingAuction,0.2,0.04,10,True,,1000,10800,cats_reg_g10b50,True,abs,False,CATS,50,regions,MultiMinded,24,Balance,1.2799999999997453,818.388,2,733.06,325.495,818.388,854.08158674313904,723.88358674313895,736.21868187289078,5,15,11,43,31
32,10,20,AdaptiveCuttingAuction,0.2,0.04,10,True,,1000,10800,cats_reg_g10b50,True,abs,False,CATS,50,regions,MultiMinded,23,Balance,1.5099999999993088,637.3713,5,533.498,304.15100000000001,559.9042000000001,665.2287508349915,412.36975334282619,418.9512184069024,5,14,15,41,30
33,10,16,AdaptiveCuttingAuction,0.2,0.04,10,True,,1000,10800,cats_reg_g10b50,True,abs,False,CATS,50,regions,MultiMinded,15,Balance,0.7699999999995271,560.5032,2,498.34,219.72300000000001,560.5032,503.69157139179362,431.837672152501,488.83103506600219,8,14,1,34,26
34,10,20,AdaptiveCuttingAuction,0.2,0.04,10,True,,1000,10800,cats_reg_g10b50,True,abs,False,CATS,50,regions,MultiMinded,60,Balance,3.3599999999996726,726.3012,4,568.454,249.64099999999999,726.3012,663.57935721034676,473.85219721034679,536.6487425232018,1,10,4,41,30
35,10,27,AdaptiveCuttingAuction,0.2,0.04,10,True,,1000,10800,cats_reg_g10b50,True,abs,False,CATS,50,regions,MultiMinded,50,Balance,3.180000000000291,858.175,2,722.988,380.87900000000002,858.175,849.86135553967461,697.50975553967464,711.18533301299954,1,10,5,54,37
36,10,17,AdaptiveCuttingAuction,0.2,0.04,10,True,,1000,10800,cats_reg_g10b50,True,abs,False,CATS,50,regions,MultiMinded,16,Balance,0.6599999999998545,716.498,1,716.498,379.51999999999998,716.498,784.02831539098827,708.12431539098827,718.97602177297131,1,10,19,34,27
37,10,20,AdaptiveCuttingAuction,0.2,0.04,10,True,,1000,10800,cats_reg_g10b50,True,abs,False,CATS,50,regions,MultiMinded,23,Balance,1.3299999999999272,824.835,3,630.222,329.92600000000004,824.835,777.25921187604047,579.30361187604046,626.87940000000003,1,10,0,40,30
38,10,18,AdaptiveCuttingAuction,0.2,0.04,10,True,,1000,10800,cats_reg_g10b50,True,abs,False,CATS,50,regions,MultiMinded,18,Balance,0.8200000000006185,825.56,3,825.56,471.01400000000001,772.9135000000001,805.39170198553188,558.70339923734036,678.3510996292714,1,10,27,36,28
39,10,25,AdaptiveCuttingAuction,0.2,0.04,10,True,,1000,10800,cats_reg_g10b50,True,abs,False,CATS,50,regions,MultiMinded,5,Balance,0.2000000000007276,948.5501,5,753.385,196.10050000000001,948.5501,777.59268642827965,591.63366669451671,805.73968400641934,1,10,2,45,35
40,10,22,AdaptiveCuttingAuction,0.2,0.04,10,True,,1000,10800,cats_reg_g10b50,True,abs,False,CATS,50,regions,MultiMinded,51,Balance,2.9899999999997817,694.64,2,671.57,320.48500000000001,667.143,710.00291320970473,581.80891320970477,615.01161537894927,9,17,27,46,32
41,10,18,AdaptiveCuttingAuction,0.2,0.04,10,True,,1000,10800,cats_reg_g10b50,True,abs,False,CATS,50,regions,MultiMinded,14,Balance,0.6399999999994179,919.5834,3,833.068,428.51799999999997,919.5834,973.20741485260237,745.35765419902236,762.75347672003818,1,10,11,37,28
42,10,21,AdaptiveCuttingAuction,0.2,0.04,10,True,,1000,10800,cats_reg_g10b50,True,abs,False,CATS,50,regions,MultiMinded,63,Balance,3.9700000000002547,722.396,1,722.396,339.44,722.396,740.06044066911704,672.17244066911701,672.18010931165736,10,18,10,44,31
43,10,20,AdaptiveCuttingAuction,0.2,0.04,10,True,,1000,10800,cats_reg_g10b50,True,abs,False,CATS,50,regions,MultiMinded,19,Balance,0.9700000000002547,820.8240000000001,2,681.374,265.63999999999999,820.8240000000001,802.84932345470179,696.5933234547017,714.56799999999998,7,15,0,39,30
44,10,19,AdaptiveCuttingAuction,0.2,0.04,10,True,,1000,10800,cats_reg_g10b50,True,abs,False,CATS,50,regions,MultiMinded,45,Balance,2.819999999999709,607.363,3,484.926,277.04599999999999,543.9155999999999,569.71155233977606,403.48395233977601,450.72810778092412,9,26,15,40,29
45,10,20,AdaptiveCuttingAuction,0.2,0.04,10,True,,1000,10800,cats_reg_g10b50,True,abs,False,CATS,50,regions,MultiMinded,10,Balance,0.3500000000003638,687.7891,5,510.577,285.93000000000001,687.7891,719.98987332526099,482.66287296568441,506.62411176721434,1,10,6,40,30
46,10,19,AdaptiveCuttingAuction,0.2,0.04,10,True,,1000,10800,cats_reg_g10b50,True,abs,False,CATS,50,regions,MultiMinded,18,Balance,0.8900000000003274,810.368,2,810.368,345.00850000000003,808.7297,836.12959788672129,698.12619788672123,723.34659556775625,1,10,1,40,29
47,10,18,AdaptiveCuttingAuction,0.2,0.04,10,True,,1000,10800,cats_reg_g10b50,True,abs,False,CATS,50,regions,MultiMinded,11,Balance,0.5700000000006185,759.477,1,738.963,363.25599999999997,738.963,780.70083587958447,708.04963587958446,778.50099096756321,1,10,16,36,28
48,10,29,AdaptiveCuttingAuction,0.2,0.04,10,True,,1000,10800,cats_reg_g10b50,True,abs,False,CATS,50,regions,MultiMinded,48,Balance,3.0799999999999272,726.774,2,661.833,328.96899999999999,682.1795999999999,745.33754992994,659.66442660926953,664.8679935316643,1,10,12,60,39
49,10,23,AdaptiveCuttingAuction,0.2,0.04,10,True,,1000,10800,cats_reg_g10b50,True,abs,False,CATS,50,regions,MultiMinded,11,Balance,0.6199999999998909,587.5914,5,462.576,216.20049999999998,577.4804999999999,602.54249802792128,395.17160828096223,416.44324208399934,1,10,4,48,33
50,10,17,AdaptiveCuttingAuction,0.2,0.04,10,True,,1000,10800,cats_reg_g10b50,True,abs,False,CATS,50,regions,MultiMinded,13,Balance,0.6099999999996726,945.836,4,681.012,323.851,945.836,920.6106966621868,661.52989666218684,718.06450705110933,1,10,10,34,27
51,10,25,AdaptiveCuttingAuction,0.2,0.04,10,True,,1000,10800,cats_reg_g10b50,True,abs,False,CATS,50,regions,MultiMinded,34,Balance,2.25,831.2631000000001,3,644.905,285.66050000000001,831.2631000000001,814.29004305945023,642.89374305945012,659.86680000000001,1,10,0,51,35
52,10,19,AdaptiveCuttingAuction,0.2,0.04,10,True,,1000,10800,cats_reg_g10b50,True,abs,False,CATS,50,regions,MultiMinded,15,Balance,0.6599999999998545,608.391,1,608.391,276.31299999999999,576.268,620.14159790764859,564.87899790764857,570.73731764377419,1,10,12,38,29
53,10,21,AdaptiveCuttingAuction,0.2,0.04,10,True,,1000,10800,cats_reg_g10b50,True,abs,False,CATS,50,regions,MultiMinded,59,Balance,4.329999999999927,623.5598,4,612.518,167.23250000000002,623.5598,645.01287709312408,511.22687709312402,511.41576600399407,9,15,8,45,31
54,10,20,AdaptiveCuttingAuction,0.2,0.04,10,True,,1000,10800,cats_reg_g10b50,True,abs,False,CATS,50,regions,MultiMinded,15,Balance,0.9200000000000728,1040.322,4,967.436,414.12850000000003,1039.9794,1003.7776160856923,672.4748160856924,777.58270130658127,1,10,9,44,30
55,10,17,AdaptiveCuttingAuction,0.2,0.04,10,True,,1000,10800,cats_reg_g10b50,True,abs,False,CATS,50,regions,MultiMinded,2,Balance,0.06000000000040018,1001.244,2,739.168,309.35699999999997,1001.244,952.81955999999991,829.07675999999992,963.44029999999998,1,10,6,31,27
56,10,17,AdaptiveCuttingAuction,0.2,0.04,10,True,,1000,10800,cats_reg_g10b50,True,abs,False,CATS,50,regions,MultiMinded,24,Balance,1.160000000000764,674.3464,2,592.43,348.80000000000001,641.1755,685.34578095621976,545.82578095621977,611.07395124067011,1,10,29,36,27
57,10,20,AdaptiveCuttingAuction,0.2,0.04,10,True,,1000,10800,cats_reg_g10b50,True,abs,False,CATS,50,regions,MultiMinded,8,Balance,0.2899999999999636,783.158,3,568.928,268.62299999999999,763.1990000000001,760.44758798716509,599.27378798716506,668.06254810502503,1,10,11,40,30
58,10,21,AdaptiveCuttingAuction,0.2,0.04,10,True,,1000,10800,cats_reg_g10b50,True,abs,False,CATS,50,regions,MultiMinded,34,Balance,1.7800000000006548,871.9079999999999,2,791.212,427.88200000000001,808.0441,864.81444133782463,739.99453188773111,777.53383370377571,1,10,24,42,31
59,10,28,AdaptiveCuttingAuction,0.2,0.04,10,True,,1000,10800,cats_reg_g10b50,True,abs,False,CATS,50,regions,MultiMinded,68,Balance,4.829999999999927,875.1772,3,803.796,406.47899999999998,875.1772,870.62407033931981,627.07807854358305,638.09639979163308,1,10,8,57,38
60,10,22,AdaptiveCuttingAuction,0.2,0.04,10,True,,1000,10800,cats_reg_g10b50,True,abs,False,CATS,50,regions,MultiMinded,26,Balance,1.2599999999993088,716.1357,3,662.173,358.10899999999998,716.1357,748.39323819157266,562.17655819157255,598.73550808514346,1,10,4,44,32
61,10,19,AdaptiveCuttingAuction,0.2,0.04,10,True,,1000,10800,cats_reg_g10b50,True,abs,False,CATS,50,regions,MultiMinded,28,Balance,1.2899999999999636,756.948,3,553.212,307.67700000000002,756.948,746.44737143739667,561.84117143739672,597.46602716512621,1,10,13,40,29
62,10,20,AdaptiveCuttingAuction,0.2,0.04,10,True,,1000,10800,cats_reg_g10b50,True,abs,False,CATS,50,regions,MultiMinded,11,Balance,0.7200000000002547,962.414,3,839.979,365.63299999999998,962.414,979.54079887841419,760.16099887841415,781.10330242341081,1,10,8,40,30
63,10,20,AdaptiveCuttingAuction,0.2,0.04,10,True,,1000,10800,cats_reg_g10b50,True,abs,False,CATS,50,regions,MultiMinded,22,Balance,1.230000000000473,966.8963000000001,4,783.33,502.36099999999999,847.2206000000001,937.23318979988858,611.82882675709652,676.74175118636185,6,13,11,40,30
64,10,24,AdaptiveCuttingAuction,0.2,0.04,10,True,,1000,10800,cats_reg_g10b50,True,abs,False,CATS,50,regions,MultiMinded,10,Balance,0.38000000000010914,784.4846,2,723.45,238.8545,784.4846,816.22984364687454,720.68804364687458,749.94009928805883,1,10,17,47,34
65,10,18,AdaptiveCuttingAuction,0.2,0.04,10,True,,1000,10800,cats_reg_g10b50,True,abs,False,CATS,50,regions,MultiMinded,24,Balance,1.2600000000002183,863.3610000000001,3,758.102,337.34500000000003,856.6320000000001,817.50170883010765,615.09470883010772,685.12963137197812,3,13,21,35,28
66,10,18,AdaptiveCuttingAuction,0.2,0.04,10,True,,1000,10800,cats_reg_g10b50,True,abs,False,CATS,50,regions,MultiMinded,60,Balance,2.9700000000002547,852.079,1,807.329,372.65700000000004,807.329,802.66831060641096,728.13691060641099,815.97670242614743,1,10,14,35,28
67,10,27,AdaptiveCuttingAuction,0.2,0.04,10,True,,1000,10800,cats_reg_g10b50,True,abs,False,CATS,50,regions,MultiMinded,14,Balance,1.1899999999995998,860.8598,2,789.183,223.39999999999998,860.8598,888.19040637567105,798.83040637567115,845.78466735673419,5,16,15,53,37
68,10,20,AdaptiveCuttingAuction,0.2,0.04,10,True,,1000,10800,cats_reg_g10b50,True,abs,False,CATS,50,regions,MultiMinded,18,Balance,0.8000000000001819,535.1916,4,486.692,201.834,535.1916,548.32004032992813,402.24494525403134,432.41644466627497,1,10,14,40,30
69,10,20,AdaptiveCuttingAuction,0.2,0.04,10,True,,1000,10800,cats_reg_g10b50,True,abs,False,CATS,50,regions,MultiMinded,28,Balance,1.449999999999818,550.5322,3,423.552,212.09399999999999,550.5322,541.34132874501154,414.08492874501155,426.06422764069242,1,10,2,41,30
70,10,18,AdaptiveCuttingAuction,0.2,0.04,10,True,,1000,10800,cats_reg_g10b50,True,abs,False,CATS,50,regions,MultiMinded,283,Balance,19.05999999999949,965.81,3,780.078,273.52800000000002,965.81,852.54259429495119,732.19027429495122,851.87327733502048,9,17,7,38,28
71,10,17,AdaptiveCuttingAuction,0.2,0.04,10,True,,1000,10800,cats_reg_g10b50,True,abs,False,CATS,50,regions,MultiMinded,9,Balance,0.3099999999994907,745.048,1,745.048,330.73000000000002,745.048,804.32419179094052,738.17819179094056,777.29280904337782,1,10,20,38,27
72,10,23,AdaptiveCuttingAuction,0.2,0.04,10,True,,1000,10800,cats_reg_g10b50,True,abs,False,CATS,50,regions,MultiMinded,17,Balance,1.0299999999997453,619.2275000000001,7,497.631,317.09799999999996,619.2275000000001,714.00918965552921,283.20531880237075,293.31234219895111,8,15,6,46,33
73,10,20,AdaptiveCuttingAuction,0.2,0.04,10,True,,1000,10800,cats_reg_g10b50,True,abs,False,CATS,50,regions,MultiMinded,33,Balance,1.7100000000000364,675.2625,1,656.76,362.82400000000001,656.76,726.87349771193726,654.30869771193727,658.56097504989373,1,10,17,42,30
74,10,26,AdaptiveCuttingAuction,0.2,0.04,10,True,,1000,10800,cats_reg_g10b50,True,abs,False,CATS,50,regions,MultiMinded,10,Balance,0.4099999999998545,942.6876,2,890.025,245.483,942.6876,960.84866803443856,863.4112621503848,885.44426208275149,1,10,14,53,36
75,10,15,AdaptiveCuttingAuction,0.2,0.04,10,True,,1000,10800,cats_reg_g10b50,True,abs,False,CATS,50,regions,MultiMinded,13,Balance,0.5600000000004002,986.353,1,977.088,450.65550000000002,977.088,972.54345092847575,882.41235092847569,964.82407963272999,1,10,10,31,25
76,10,22,AdaptiveCuttingAuction,0.2,0.04,10,True,,1000,10800,cats_reg_g10b50,True,abs,False,CATS,50,regions,MultiMinded,40,Balance,2.0399999999999636,900.434,3,820.61,441.17500000000001,782.3779999999999,900.13038985151923,635.79593978033688,650.13960956539233,1,10,20,45,32
77,10,19,AdaptiveCuttingAuction,0.2,0.04,10,True,,1000,10800,cats_reg_g10b50,True,abs,False,CATS,50,regions,MultiMinded,27,Balance,1.4099999999998545,505.8682,3,489.633,293.4085,502.3022,523.69868828399285,382.86260828399281,422.87655758200361,6,14,12,38,29
78,10,15,AdaptiveCuttingAuction,0.2,0.04,10,True,,1000,10800,cats_reg_g10b50,True,abs,False,CATS,50,regions,MultiMinded,12,Balance,0.6000000000003638,723.896,1,723.896,268.85500000000002,723.896,721.73953570171898,667.96853570171902,723.23450647741811,1,10,8,28,25
79,10,20,AdaptiveCuttingAuction,0.2,0.04,10,True,,1000,10800,cats_reg_g10b50,True,abs,False,CATS,50,regions,MultiMinded,43,Balance,2.9099999999998545,830.055,2,715.055,304.07849999999996,738.4359999999999,797.52833082276868,675.8969308227687,712.25983762381998,7,14,10,40,30
80,10,23,AdaptiveCuttingAuction,0.2,0.04,10,True,,1000,10800,cats_reg_g10b50,True,abs,False,CATS,50,regions,MultiMinded,647,Balance,53.350000000000364,858.2552999999999,4,815.519,326.65449999999998,764.4562999999999,826.50993330876031,565.18633330876025,574.00013787684554,9,21,24,47,33
81,10,19,AdaptiveCuttingAuction,0.2,0.04,10,True,,1000,10800,cats_reg_g10b50,True,abs,False,CATS,50,regions,MultiMinded,5,Balance,0.17999999999938154,731.2354999999999,5,657.74,318.25649999999996,728.3769,750.63298413866073,473.31118192853899,532.77801894514437,1,10,12,36,29
82,10,20,AdaptiveCuttingAuction,0.2,0.04,10,True,,1000,10800,cats_reg_g10b50,True,abs,False,CATS,50,regions,MultiMinded,29,Balance,1.6599999999998545,799.819,2,670.65,230.49700000000001,713.0643,704.33978688085165,631.47301997908767,715.30335267509327,5,15,25,40,30
83,10,18,AdaptiveCuttingAuction,0.2,0.04,10,True,,1000,10800,cats_reg_g10b50,True,abs,False,CATS,50,regions,MultiMinded,13,Balance,0.680000000000291,778.391,2,740.964,303.2475,778.391,826.91247149069375,705.61347149069377,728.89097303827225,1,10,13,36,28
84,10,19,AdaptiveCuttingAuction,0.2,0.04,10,True,,1000,10800,cats_reg_g10b50,True,abs,False,CATS,50,regions,MultiMinded,7,Balance,0.23999999999978172,653.4665,4,531.36,233.98450000000003,653.4665,681.42945814914003,512.96061814913992,549.19785303358913,1,10,6,38,29
85,10,16,AdaptiveCuttingAuction,0.2,0.04,10,True,,1000,10800,cats_reg_g10b50,True,abs,False,CATS,50,regions,MultiMinded,6,Balance,0.1999999999998181,738.6202000000001,4,623.355,332.00099999999998,738.6202000000001,776.07927010908452,526.83510555314535,556.16363999999999,1,10,16,32,26
86,10,17,AdaptiveCuttingAuction,0.2,0.04,10,True,,1000,10800,cats_reg_g10b50,True,abs,False,CATS,50,regions,MultiMinded,34,Balance,1.6300000000001091,772.54,2,646.076,287.08299999999997,772.54,764.95416699896657,650.12096699896654,657.70679999999993,1,10,0,34,27
87,10,18,AdaptiveCuttingAuction,0.2,0.04,10,True,,1000,10800,cats_reg_g10b50,True,abs,False,CATS,50,regions,MultiMinded,28,Balance,1.6700000000000728,883.32347,3,801.709,428.95349999999996,836.6344700000001,859.47111168430854,693.39254461144992,731.08316121195526,5,15,12,36,28
88,10,20,AdaptiveCuttingAuction,0.2,0.04,10,True,,1000,10800,cats_reg_g10b50,True,abs,False,CATS,50,regions,MultiMinded,19,Balance,0.8099999999994907,662.7294999999999,1,622.783,332.80799999999999,622.783,683.36838311678821,616.80678311678821,635.70807107432938,1,10,20,39,30
89,10,26,AdaptiveCuttingAuction,0.2,0.04,10,True,,1000,10800,cats_reg_g10b50,True,abs,False,CATS,50,regions,MultiMinded,33,Balance,1.9700000000002547,844.3882,3,703.836,361.93200000000002,821.2162,907.20763393558116,704.52571393558117,724.60337498598483,7,15,16,52,36
90,10,21,AdaptiveCuttingAuction,0.2,0.04,10,True,,1000,10800,cats_reg_g10b50,True,abs,False,CATS,50,regions,MultiMinded,17,Balance,0.7999999999992724,1011.3232,5,890.879,348.79300000000001,966.4754,938.24934069435153,631.31150069435159,761.04537064003046,1,10,10,40,31
91,10,17,AdaptiveCuttingAuction,0.2,0.04,10,True,,1000,10800,cats_reg_g10b50,True,abs,False,CATS,50,regions,MultiMinded,40,Balance,1.889999999999418,890.575,1,890.575,535.99700000000007,890.575,988.69101919310765,881.49161919310768,881.49161919310768,1,10,10,34,27
92,10,22,AdaptiveCuttingAuction,0.2,0.04,10,True,,1000,10800,cats_reg_g10b50,True,abs,False,CATS,50,regions,MultiMinded,8,Balance,0.3100000000004002,683.1735,2,627.133,263.76300000000003,683.1735,710.11226552568075,615.1575855256807,634.95586332970197,1,10,12,44,32
93,10,20,AdaptiveCuttingAuction,0.2,0.04,10,True,,1000,10800,cats_reg_g10b50,True,abs,False,CATS,50,regions,MultiMinded,18,Balance,0.8400000000001455,931.509,1,931.509,347.88099999999997,931.509,925.77935694042276,856.20315694042279,885.92643405264653,1,10,16,40,30
94,10,15,AdaptiveCuttingAuction,0.2,0.04,10,True,,1000,10800,cats_reg_g10b50,True,abs,False,CATS,50,regions,MultiMinded,36,Balance,1.680000000000291,772.037,2,770.337,295.54650000000004,772.037,770.56290273513878,663.48505795078711,724.91592858492868,1,10,10,32,25
95,10,17,AdaptiveCuttingAuction,0.2,0.04,10,True,,1000,10800,cats_reg_g10b50,True,abs,False,CATS,50,regions,MultiMinded,52,Balance,2.9199999999991633,901.2369,3,849.224,408.67100000000005,901.2369,884.80466275205231,688.64258275205236,714.02764483228441,1,10,9,36,27
96,10,19,AdaptiveCuttingAuction,0.2,0.04,10,True,,1000,10800,cats_reg_g10b50,True,abs,False,CATS,50,regions,MultiMinded,13,Balance,0.6000000000003638,752.0848,3,651.493,368.70849999999996,752.0848,787.30208448634824,606.31199986964702,612.54641525294585,1,10,8,38,29
97,10,20,AdaptiveCuttingAuction,0.2,0.04,10,True,,1000,10800,cats_reg_g10b50,True,abs,False,CATS,50,regions,MultiMinded,31,Balance,1.8400000000001455,657.92043,3,602.694,360.185,590.52793,647.57258329013098,499.24508850828909,537.38801733689479,8,13,28,44,30
98,10,20,AdaptiveCuttingAuction,0.2,0.04,10,True,,1000,10800,cats_reg_g10b50,True,abs,False,CATS,50,regions,MultiMinded,8,Balance,0.2899999999999636,1047.5140999999999,4,870.711,386.798,1047.5140999999999,1076.767936069476,782.8014560694761,813.98828524855105,1,10,7,39,30
99,10,22,AdaptiveCuttingAuction,0.2,0.04,10,True,,1000,10800,cats_reg_g10b50,True,abs,False,CATS,50,regions,MultiMinded,15,Balance,0.9600000000000364,1044.344,5,687.143,366.375,1044.344,1033.90464129661,667.52964129660995,692.34397616543595,1,10,9,47,32
100,10,21,AdaptiveCuttingAuction,0.2,0.04,10,True,,1000,10800,cats_reg_g10b50,True,abs,False,CATS,50,regions,MultiMinded,42,Balance,2.7799999999997453,587.8678,2,515.864,141.49099999999999,587.8678,551.24095415683792,494.64455415683796,544.96698134680378,4,16,9,43,31
