idx,items,agents,auction_class,epsilon,stepc,epoch,scalebyvalue,reserve_type,maxiter,maxtime,generator_param_name,personalized,expstrat,int_prices,generator,bids,distribution,type,rounds,status,runtime,efficient_value,final_num_winners,final_max_agent_value,final_scalevalue,final_value,final_total_price,final_revenue,final_indirect_util,final_price_degree,final_price_sparsity,final_imbalance,final_wd_nvars,final_wd_ncons
1,30,36,AdaptiveCuttingAuction,0.025,0.02,10,True,,1000,10800,cats_reg_g30b150,True,abs,False,CATS,150,regions,MultiMinded,39,Balance,11.200000000000045,2502.8085,9,1712.02,630.28700000000003,2502.8085,2048.208731533929,1937.9085065339293,2415.3048485702293,26,46,18,75,66
2,30,38,AdaptiveCuttingAuction,0.025,0.02,10,True,,1000,10800,cats_reg_g30b150,True,abs,False,CATS,150,regions,MultiMinded,60,Balance,17.860000000000127,2067.4249,5,1460.04,478.96600000000001,2067.4249,2032.2307176689237,1974.7547976689234,2032.2766467872032,7,48,28,83,68
3,30,36,AdaptiveCuttingAuction,0.025,0.02,10,True,,1000,10800,cats_reg_g30b150,True,abs,False,CATS,150,regions,MultiMinded,55,Balance,14.290000000000077,2226.2472000000002,3,1961.0,494.50999999999999,2226.2472000000002,2201.5067604882952,2164.4185104882959,2202.9444372485286,25,39,13,76,66
4,30,38,AdaptiveCuttingAuction,0.025,0.02,10,True,,1000,10800,cats_reg_g30b150,True,abs,False,CATS,150,regions,MultiMinded,71,Balance,14.7199999999998,2004.9491999999998,11,1505.7,557.86300000000006,2004.9491999999998,1885.4595011234653,1732.0471761234655,1853.7349373598445,1,30,5,81,68
5,30,35,AdaptiveCuttingAuction,0.025,0.02,10,True,,1000,10800,cats_reg_g30b150,True,abs,False,CATS,150,regions,MultiMinded,117,Balance,19.809999999999945,1864.626,2,1703.97,505.12049999999999,1813.7730000000001,1771.7581033765991,1746.502078376599,1801.6144012786735,1,30,27,75,65
6,30,35,AdaptiveCuttingAuction,0.025,0.02,10,True,,1000,10800,cats_reg_g30b150,True,abs,False,CATS,150,regions,MultiMinded,473,Balance,136.23000000000002,2116.0368,6,1959.83,614.52500000000009,2053.8997999999997,2048.7515643961183,1956.5728143961178,1983.9616752445188,11,41,33,79,65
7,30,35,AdaptiveCuttingAuction,0.025,0.02,10,True,,1000,10800,cats_reg_g30b150,True,abs,False,CATS,150,regions,MultiMinded,75,Balance,16.029999999999973,2031.9575,6,1330.11,558.39999999999998,2031.9575,1901.6445193735876,1820.6765193735878,1955.4605754595291,7,42,20,75,65
8,30,35,AdaptiveCuttingAuction,0.025,0.02,10,True,,1000,10800,cats_reg_g30b150,True,abs,False,CATS,150,regions,MultiMinded,85,Balance,18.829999999999927,2027.57669,8,1379.5,642.28750000000002,2027.57669,1749.7514969986901,1633.1658692249484,1921.5794362523377,13,43,21,75,65
9,30,36,AdaptiveCuttingAuction,0.025,0.02,10,True,,1000,10800,cats_reg_g30b150,True,abs,False,CATS,150,regions,MultiMinded,389,Balance,126.66000000000008,1859.5272999999997,8,1542.29,443.88650000000001,1859.5272999999997,1758.3502007712277,1691.7672257712279,1804.0529382374693,11,49,3,85,66
10,30,34,AdaptiveCuttingAuction,0.025,0.02,10,True,,1000,10800,cats_reg_g30b150,True,abs,False,CATS,150,regions,MultiMinded,196,Balance,48.789999999999964,2566.974,5,2112.56,626.02300000000002,2566.974,2405.3057418909998,2327.0528668909997,2503.7250330967745,7,44,52,76,64
11,30,36,AdaptiveCuttingAuction,0.025,0.02,10,True,,1000,10800,cats_reg_g30b150,True,abs,False,CATS,150,regions,MultiMinded,37,Balance,9.259999999999991,2431.6115,4,2098.81,721.22149999999999,2431.6115,2208.3878672024966,2154.2962547024968,2415.4992979538065,1,28,45,76,66
12,30,32,AdaptiveCuttingAuction,0.025,0.02,10,True,,1000,10800,cats_reg_g30b150,True,abs,False,CATS,150,regions,MultiMinded,778,Balance,201.98000000000002,1865.81568,4,1645.15,855.13049999999998,1793.98938,1723.9856611148591,1653.5600932031628,1757.284027494107,13,42,75,84,62
13,30,35,AdaptiveCuttingAuction,0.025,0.02,10,True,,1000,10800,cats_reg_g30b150,True,abs,False,CATS,150,regions,MultiMinded,124,Balance,36.149999999999864,1773.5022000000001,6,1494.31,678.60900000000004,1773.5022000000001,1665.9476339719474,1570.9423739719477,1695.96489308182,11,46,5,84,65
14,30,32,AdaptiveCuttingAuction,0.025,0.02,10,True,,1000,10800,cats_reg_g30b150,True,abs,False,CATS,150,regions,MultiMinded,124,Balance,26.470000000000027,1980.1873000000003,6,1559.99,631.08900000000006,1980.1873000000003,1781.7569012887782,1693.4044412887783,1906.0058601416818,26,43,28,72,62
15,30,36,AdaptiveCuttingAuction,0.025,0.02,10,True,,1000,10800,cats_reg_g30b150,True,abs,False,CATS,150,regions,MultiMinded,39,Balance,7.899999999999864,2512.4141000000004,3,2312.23,781.00699999999995,2512.4141000000004,2358.7579067638067,2300.182381763806,2460.3421549999994,1,30,1,73,66
16,30,34,AdaptiveCuttingAuction,0.025,0.02,10,True,,1000,10800,cats_reg_g30b150,True,abs,False,CATS,150,regions,MultiMinded,136,Balance,33.07999999999993,1929.452,4,1789.44,584.255,1909.1155,1851.4209464633213,1810.5230964633213,1880.0215596873877,25,45,29,80,64
17,30,33,AdaptiveCuttingAuction,0.025,0.02,10,True,,1000,10800,cats_reg_g30b150,True,abs,False,CATS,150,regions,MultiMinded,96,Balance,22.090000000000146,1934.7395999999999,5,1626.95,730.93200000000002,1840.0255000000002,1768.1435486927603,1676.7770486927602,1787.2517326025638,25,46,52,78,63
18,30,34,AdaptiveCuttingAuction,0.025,0.02,10,True,,1000,10800,cats_reg_g30b150,True,abs,False,CATS,150,regions,MultiMinded,59,Balance,14.370000000000118,2504.1384,4,1818.33,781.33600000000001,2504.1384,2376.3384302435979,2298.2048302435983,2463.4424258820782,1,29,28,74,64
19,30,36,AdaptiveCuttingAuction,0.025,0.02,10,True,,1000,10800,cats_reg_g30b150,True,abs,False,CATS,150,regions,MultiMinded,37,Balance,8.910000000000082,2560.7110000000002,12,1508.06,549.71399999999994,2554.963,2060.8192993250973,1926.1393693250971,2440.3888643125269,1,28,12,71,66
20,30,37,AdaptiveCuttingAuction,0.025,0.02,10,True,,1000,10800,cats_reg_g30b150,True,abs,False,CATS,150,regions,MultiMinded,141,Balance,54.25999999999999,1801.7813999999998,8,1490.47,395.125,1753.5685,1684.56928973766,1610.1576300200868,1700.1089046618113,8,49,23,90,67
21,30,33,AdaptiveCuttingAuction,0.025,0.02,10,True,,1000,10800,cats_reg_g30b150,True,abs,False,CATS,150,regions,MultiMinded,101,Balance,18.930000000000064,1553.7635,3,1374.19,778.39550000000008,1553.7635,1477.9334216140037,1419.5537591140037,1511.6785944137584,1,30,30,73,63
22,30,38,AdaptiveCuttingAuction,0.025,0.02,10,True,,1000,10800,cats_reg_g30b150,True,abs,False,CATS,150,regions,MultiMinded,139,Balance,40.169999999999845,2312.252,6,2123.59,638.69949999999994,2312.252,2323.7699735068072,2227.9650485068069,2252.1613892686332,21,48,67,87,68
23,30,38,AdaptiveCuttingAuction,0.025,0.02,10,True,,1000,10800,cats_reg_g30b150,True,abs,False,CATS,150,regions,MultiMinded,53,Balance,13.490000000000009,2354.8725,7,1818.1,597.00800000000004,2354.8725,2073.959868742405,1987.3937087424049,2269.0268186476201,25,42,13,79,68
24,30,35,AdaptiveCuttingAuction,0.025,0.02,10,True,,1000,10800,cats_reg_g30b150,True,abs,False,CATS,150,regions,MultiMinded,120,Balance,31.529999999999973,1892.4884,10,1241.36,538.58849999999995,1892.4884,1682.6827969106032,1550.7286144106035,1804.0681568165944,25,45,39,78,65
25,30,33,AdaptiveCuttingAuction,0.025,0.02,10,True,,1000,10800,cats_reg_g30b150,True,abs,False,CATS,150,regions,MultiMinded,154,Balance,34.86000000000013,1741.0822999999998,4,1538.41,861.41849999999999,1692.8544000000002,1591.6237205364482,1531.3244255364482,1698.7397042823,14,46,83,73,63
26,30,34,AdaptiveCuttingAuction,0.025,0.02,10,True,,1000,10800,cats_reg_g30b150,True,abs,False,CATS,150,regions,MultiMinded,653,Balance,169.27999999999997,2008.668,3,1919.5,424.82100000000003,2008.668,1944.3899624793944,1919.2651412815853,1993.9288450837764,9,45,27,76,64
27,30,32,AdaptiveCuttingAuction,0.025,0.02,10,True,,1000,10800,cats_reg_g30b150,True,abs,False,CATS,150,regions,MultiMinded,72,Balance,18.440000000000055,2175.2061,3,1890.21,644.31150000000002,1960.706,1974.0083463426622,1925.6849838426619,1928.4426508866427,9,38,15,73,62
28,30,37,AdaptiveCuttingAuction,0.025,0.02,10,True,,1000,10800,cats_reg_g30b150,True,abs,False,CATS,150,regions,MultiMinded,123,Balance,32.570000000000164,2040.43179,8,1615.6,517.23699999999997,2040.43179,1879.3983175070612,1801.7743202106601,1976.6425142038117,8,41,17,80,67
29,30,33,AdaptiveCuttingAuction,0.025,0.02,10,True,,1000,10800,cats_reg_g30b150,True,abs,False,CATS,150,regions,MultiMinded,536,Balance,123.05999999999995,2111.632,9,1854.64,708.57899999999995,2111.632,1957.7691616826887,1798.3388866826888,1965.4431596293739,13,44,48,79,63
30,30,35,AdaptiveCuttingAuction,0.025,0.02,10,True,,1000,10800,cats_reg_g30b150,True,abs,False,CATS,150,regions,MultiMinded,222,Balance,77.92999999999984,2323.0769999999998,9,1594.17,462.18150000000003,2202.2282,1963.3820611726778,1870.945761172678,2112.3225592128833,8,45,9,79,65
31,30,34,AdaptiveCuttingAuction,0.025,0.02,10,True,,1000,10800,cats_reg_g30b150,True,abs,False,CATS,150,regions,MultiMinded,53,Balance,10.509999999999991,2659.4860000000003,6,2167.09,585.07799999999997,2659.4860000000003,2539.3612512895688,2466.2265012895687,2601.0674476353256,1,28,6,73,64
32,30,37,AdaptiveCuttingAuction,0.025,0.02,10,True,,1000,10800,cats_reg_g30b150,True,abs,False,CATS,150,regions,MultiMinded,653,Balance,244.23000000000002,1999.8556999999998,6,1545.46,522.50199999999995,1923.6037,1862.7353255903561,1785.1652249769463,1856.4558329782346,20,60,55,88,67
33,30,37,AdaptiveCuttingAuction,0.025,0.02,10,True,,1000,10800,cats_reg_g30b150,True,abs,False,CATS,150,regions,MultiMinded,64,Balance,16.690000000000055,1805.9524000000001,4,1582.17,487.50400000000002,1805.9524000000001,1637.22425094307,1600.6614509430701,1780.9662279927695,9,43,1,82,67
34,30,39,AdaptiveCuttingAuction,0.025,0.02,10,True,,1000,10800,cats_reg_g30b150,True,abs,False,CATS,150,regions,MultiMinded,185,Balance,56.6099999999999,1983.6001999999999,8,1564.76,623.41200000000003,1983.6001999999999,1994.3087306814043,1869.6263306814046,1878.4492654144153,15,45,23,86,69
35,30,38,AdaptiveCuttingAuction,0.025,0.02,10,True,,1000,10800,cats_reg_g30b150,True,abs,False,CATS,150,regions,MultiMinded,244,Balance,88.24000000000001,2341.4052,8,1755.59,637.298,2341.4052,2204.4300683509405,2080.1569583509408,2246.6904076408673,26,43,32,90,68
36,30,33,AdaptiveCuttingAuction,0.025,0.02,10,True,,1000,10800,cats_reg_g30b150,True,abs,False,CATS,150,regions,MultiMinded,468,Balance,160.20000000000005,2136.9992,6,1693.26,587.83249999999998,2087.04,2092.5250508655622,2004.3501758655616,2026.1839478586762,27,46,41,83,63
37,30,34,AdaptiveCuttingAuction,0.025,0.02,10,True,,1000,10800,cats_reg_g30b150,True,abs,False,CATS,150,regions,MultiMinded,123,Balance,25.539999999999964,1991.3467,4,1812.59,701.23299999999995,1991.3467,1861.0284393034899,1799.2896569497968,1947.008485337612,23,45,28,70,64
38,30,40,AdaptiveCuttingAuction,0.025,0.02,10,True,,1000,10800,cats_reg_g30b150,True,abs,False,CATS,150,regions,MultiMinded,48,Balance,15.740000000000009,2724.0288,6,2153.9,576.38300000000004,2724.0288,2384.0459504078967,2311.9980754078961,2671.5326096371346,5,41,9,88,70
39,30,30,AdaptiveCuttingAuction,0.025,0.02,10,True,,1000,10800,cats_reg_g30b150,True,abs,False,CATS,150,regions,MultiMinded,238,Balance,43.77999999999997,1968.0602,3,1918.66,764.726,1933.5459999999998,1921.4767441906306,1864.1222941906308,1905.531999847861,1,30,48,69,60
40,30,33,AdaptiveCuttingAuction,0.025,0.02,10,True,,1000,10800,cats_reg_g30b150,True,abs,False,CATS,150,regions,MultiMinded,42,Balance,9.809999999999945,1942.0583000000001,3,1674.34,688.69799999999998,1942.0583000000001,1895.0236729541634,1843.3713229541631,1891.0359078604752,1,30,3,71,63
41,30,35,AdaptiveCuttingAuction,0.025,0.02,10,True,,1000,10800,cats_reg_g30b150,True,abs,False,CATS,150,regions,MultiMinded,63,Balance,19.059999999999945,1877.7214099999999,7,1423.29,646.35299999999995,1831.2470099999998,1788.1067558582845,1702.4424178905774,1835.1915356230675,12,44,71,78,65
42,30,32,AdaptiveCuttingAuction,0.025,0.02,10,True,,1000,10800,cats_reg_g30b150,True,abs,False,CATS,150,regions,MultiMinded,114,Balance,27.0,2111.841,4,1703.5,646.17399999999998,2111.841,2074.9113361323916,2026.4482861323916,2096.5797115293872,11,43,62,74,62
43,30,40,AdaptiveCuttingAuction,0.025,0.02,10,True,,1000,10800,cats_reg_g30b150,True,abs,False,CATS,150,regions,MultiMinded,96,Balance,29.74000000000001,2446.7208,6,1927.69,685.90899999999999,2446.7208,2093.3401293395364,2011.0310493395364,2367.882454245655,10,40,2,83,70
44,30,35,AdaptiveCuttingAuction,0.025,0.02,10,True,,1000,10800,cats_reg_g30b150,True,abs,False,CATS,150,regions,MultiMinded,159,Balance,39.450000000000045,1711.1515999999997,8,1299.51,651.40899999999999,1647.8545999999997,1524.2964599745794,1397.2717049745793,1534.7771185619372,26,45,38,81,65
45,30,38,AdaptiveCuttingAuction,0.025,0.02,10,True,,1000,10800,cats_reg_g30b150,True,abs,False,CATS,150,regions,MultiMinded,103,Balance,29.059999999999945,2034.5094,6,1828.07,742.07299999999998,2034.5094,2034.5552736413783,1937.4491856500872,1951.884348060011,13,47,17,90,68
46,30,31,AdaptiveCuttingAuction,0.025,0.02,10,True,,1000,10800,cats_reg_g30b150,True,abs,False,CATS,150,regions,MultiMinded,32,Balance,6.569999999999936,2564.0325000000003,3,2373.4,807.26099999999997,2549.4987,2464.6288777319755,2408.1206077319753,2520.8139655917944,14,38,7,67,61
47,30,37,AdaptiveCuttingAuction,0.025,0.02,10,True,,1000,10800,cats_reg_g30b150,True,abs,False,CATS,150,regions,MultiMinded,43,Balance,8.849999999999909,2233.1322,7,1669.44,664.97900000000004,2233.1322,1895.213212249351,1811.5203754542836,2168.8697785911181,1,29,27,73,67
48,30,35,AdaptiveCuttingAuction,0.025,0.02,10,True,,1000,10800,cats_reg_g30b150,True,abs,False,CATS,150,regions,MultiMinded,90,Balance,17.550000000000182,2069.4358,7,1826.01,556.24350000000004,2069.4358,1893.0494510530878,1795.7068385530877,1992.8647655502114,7,48,30,79,65
49,30,30,AdaptiveCuttingAuction,0.025,0.02,10,True,,1000,10800,cats_reg_g30b150,True,abs,False,CATS,150,regions,MultiMinded,79,Balance,15.210000000000036,1979.7895999999998,6,1594.07,673.82600000000002,1979.7895999999998,1896.3765790025047,1798.6718090025049,1917.2522487309518,1,30,37,71,60
50,30,33,AdaptiveCuttingAuction,0.025,0.02,10,True,,1000,10800,cats_reg_g30b150,True,abs,False,CATS,150,regions,MultiMinded,173,Balance,51.08999999999992,2110.6722999999997,7,1335.35,460.47550000000001,2110.6722999999997,1892.2374295387201,1823.1661045387198,2066.7600441615214,9,41,34,79,63
51,30,37,AdaptiveCuttingAuction,0.025,0.02,10,True,,1000,10800,cats_reg_g30b150,True,abs,False,CATS,150,regions,MultiMinded,24,Balance,7.589999999999918,2245.4244000000003,6,1882.26,597.73699999999997,2245.4244000000003,2174.8477182196257,2100.130593219626,2197.0808691278125,8,41,25,79,67
52,30,32,AdaptiveCuttingAuction,0.025,0.02,10,True,,1000,10800,cats_reg_g30b150,True,abs,False,CATS,150,regions,MultiMinded,149,Balance,33.430000000000064,1756.6213,6,1409.87,556.45500000000004,1756.6213,1636.2091557195363,1555.5231807195364,1680.7588719215528,10,40,19,71,62
53,30,34,AdaptiveCuttingAuction,0.025,0.02,10,True,,1000,10800,cats_reg_g30b150,True,abs,False,CATS,150,regions,MultiMinded,301,Balance,69.21000000000004,2325.6629000000003,8,1796.97,570.23000000000002,2279.8698999999997,2119.8914000875839,2020.1011500875838,2201.4359222331996,9,32,16,78,64
54,30,37,AdaptiveCuttingAuction,0.025,0.02,10,True,,1000,10800,cats_reg_g30b150,True,abs,False,CATS,150,regions,MultiMinded,44,Balance,13.579999999999927,2355.424,6,2152.9,670.553,2355.424,2243.161630048899,2166.0480350488992,2286.228862736622,25,41,22,83,67
55,30,33,AdaptiveCuttingAuction,0.025,0.02,10,True,,1000,10800,cats_reg_g30b150,True,abs,False,CATS,150,regions,MultiMinded,206,Balance,47.01999999999998,2078.1524999999997,10,1352.37,548.28150000000005,2078.1524999999997,2011.9412871730051,1874.8709121730046,1961.4086298442999,22,46,29,78,63
56,30,39,AdaptiveCuttingAuction,0.025,0.02,10,True,,1000,10800,cats_reg_g30b150,True,abs,False,CATS,150,regions,MultiMinded,75,Balance,18.949999999999818,1893.3772000000004,9,1498.24,591.42200000000003,1893.3772000000004,1700.8194039461059,1582.5350039461059,1787.1595466993967,8,42,13,85,69
57,30,36,AdaptiveCuttingAuction,0.025,0.02,10,True,,1000,10800,cats_reg_g30b150,True,abs,False,CATS,150,regions,MultiMinded,55,Balance,14.600000000000136,1899.5301999999997,6,1604.44,621.16750000000002,1848.6581999999999,1802.2597343771781,1709.0846093771779,1792.9122126247746,11,43,30,80,66
58,30,36,AdaptiveCuttingAuction,0.025,0.02,10,True,,1000,10800,cats_reg_g30b150,True,abs,False,CATS,150,regions,MultiMinded,279,Balance,84.43000000000006,2429.6093,6,2057.42,832.86300000000006,2429.6093,2279.7931325275658,2175.6852575275657,2338.5590726293512,13,45,25,83,66
59,30,39,AdaptiveCuttingAuction,0.025,0.02,10,True,,1000,10800,cats_reg_g30b150,True,abs,False,CATS,150,regions,MultiMinded,170,Balance,51.649999999999864,2064.9126,6,1772.9,622.28800000000001,2035.9265,1922.3678790434446,1829.0246790434451,1960.5839667787518,22,47,35,86,69
60,30,35,AdaptiveCuttingAuction,0.025,0.02,10,True,,1000,10800,cats_reg_g30b150,True,abs,False,CATS,150,regions,MultiMinded,73,Balance,14.689999999999827,1956.0875,7,1842.74,450.80399999999997,1937.2965,1844.6988377080665,1779.3322577080667,1883.2098794289343,10,35,32,75,65
61,30,37,AdaptiveCuttingAuction,0.025,0.02,10,True,,1000,10800,cats_reg_g30b150,True,abs,False,CATS,150,regions,MultiMinded,334,Balance,99.80999999999995,1951.6029999999998,7,1560.47,530.9905,1951.6029999999998,1764.6573611042218,1671.7340236042223,1862.1304478849743,9,45,27,84,67
62,30,34,AdaptiveCuttingAuction,0.025,0.02,10,True,,1000,10800,cats_reg_g30b150,True,abs,False,CATS,150,regions,MultiMinded,276,Balance,68.06000000000017,1978.0167,7,1737.89,582.94900000000007,1977.3040999999998,1823.0049994719939,1723.9036694719941,1892.7271152711878,1,30,3,79,64
63,30,30,AdaptiveCuttingAuction,0.025,0.02,10,True,,1000,10800,cats_reg_g30b150,True,abs,False,CATS,150,regions,MultiMinded,88,Balance,18.149999999999864,2547.4234,5,1821.34,869.476,2547.4234,2352.5934763326427,2263.7707161663657,2482.2304373271459,1,30,45,70,60
64,30,34,AdaptiveCuttingAuction,0.025,0.02,10,True,,1000,10800,cats_reg_g30b150,True,abs,False,CATS,150,regions,MultiMinded,78,Balance,18.1099999999999,2427.9729,8,1844.14,792.92899999999997,2427.9729,2189.1736489872765,2031.7842544163204,2277.5489083654174,8,34,17,75,64
65,30,36,AdaptiveCuttingAuction,0.025,0.02,10,True,,1000,10800,cats_reg_g30b150,True,abs,False,CATS,150,regions,MultiMinded,107,Balance,27.50999999999999,2209.3287,9,1779.98,732.52250000000004,2134.5853,1935.1227010746964,1792.2808135746964,2019.8763141086156,26,45,33,77,66
66,30,30,AdaptiveCuttingAuction,0.025,0.02,10,True,,1000,10800,cats_reg_g30b150,True,abs,False,CATS,150,regions,MultiMinded,48,Balance,7.319999999999936,2387.3904,2,2290.03,553.03500000000008,2387.3904,2280.248319329442,2255.361744329442,2376.3005346068285,1,29,4,64,60
67,30,41,AdaptiveCuttingAuction,0.025,0.02,10,True,,1000,10800,cats_reg_g30b150,True,abs,False,CATS,150,regions,MultiMinded,1000,MaxIter,362.96000000000004,2130.5865999999996,8,1569.3,447.20299999999997,2107.1669,1982.9575353677396,1806.1518142630493,1981.5487203219905,18,44,54,95,71
68,30,34,AdaptiveCuttingAuction,0.025,0.02,10,True,,1000,10800,cats_reg_g30b150,True,abs,False,CATS,150,regions,MultiMinded,53,Balance,10.579999999999927,1871.0335999999998,7,1491.62,623.48450000000003,1804.1255,1732.9621293963701,1623.8523418963698,1731.1531470506993,1,30,20,74,64
69,30,34,AdaptiveCuttingAuction,0.025,0.02,10,True,,1000,10800,cats_reg_g30b150,True,abs,False,CATS,150,regions,MultiMinded,53,Balance,11.1099999999999,2248.1536,8,1918.69,909.28949999999998,2248.1536,2192.5265964829705,2015.2151439829697,2140.4517628147501,1,29,48,73,64
70,30,32,AdaptiveCuttingAuction,0.025,0.02,10,True,,1000,10800,cats_reg_g30b150,True,abs,False,CATS,150,regions,MultiMinded,127,Balance,23.75,2074.3614,8,1794.89,671.03600000000006,2062.3628,1924.0087735520385,1793.1567535520383,1939.7350511700913,1,30,32,70,62
71,30,30,AdaptiveCuttingAuction,0.025,0.02,10,True,,1000,10800,cats_reg_g30b150,True,abs,False,CATS,150,regions,MultiMinded,1000,MaxIter,213.56999999999994,2107.4125,7,1919.92,672.68100000000004,2032.9072,2073.4535277589721,1801.1656119983163,1863.8589263704935,26,41,23,74,60
72,30,35,AdaptiveCuttingAuction,0.025,0.02,10,True,,1000,10800,cats_reg_g30b150,True,abs,False,CATS,150,regions,MultiMinded,57,Balance,10.8900000000001,1946.4843000000003,8,1216.53,554.09649999999999,1917.7996999999998,1738.7895864292093,1641.8226989292095,1858.0714674275323,1,29,24,73,65
73,30,35,AdaptiveCuttingAuction,0.025,0.02,10,True,,1000,10800,cats_reg_g30b150,True,abs,False,CATS,150,regions,MultiMinded,1000,MaxIter,264.29999999999995,1852.6272999999999,8,1445.38,663.03899999999999,1814.038,1585.4387480510932,568.89269230705293,838.17517455682241,15,43,14,80,65
74,30,31,AdaptiveCuttingAuction,0.025,0.02,10,True,,1000,10800,cats_reg_g30b150,True,abs,False,CATS,150,regions,MultiMinded,205,Balance,41.430000000000064,2020.0417,6,1744.34,781.83899999999994,2020.0417,1938.8462352770832,1821.5703852770832,1933.0788897324387,23,43,31,74,61
75,30,39,AdaptiveCuttingAuction,0.025,0.02,10,True,,1000,10800,cats_reg_g30b150,True,abs,False,CATS,150,regions,MultiMinded,105,Balance,27.430000000000064,2549.9302,11,1890.83,637.39099999999996,2549.9302,2348.8730711217058,2176.7775011217059,2401.930473805669,10,45,35,87,69
76,30,36,AdaptiveCuttingAuction,0.025,0.02,10,True,,1000,10800,cats_reg_g30b150,True,abs,False,CATS,150,regions,MultiMinded,52,Balance,14.079999999999927,1970.4382,5,1633.82,405.01099999999997,1957.2915,1889.1200542198339,1838.4936792198337,1925.5761577642788,20,46,28,73,66
77,30,34,AdaptiveCuttingAuction,0.025,0.02,10,True,,1000,10800,cats_reg_g30b150,True,abs,False,CATS,150,regions,MultiMinded,84,Balance,14.610000000000127,1646.3148,2,1576.38,831.28949999999998,1646.3148,1662.9214654302266,1621.3569904302265,1621.3569904302265,1,30,28,74,64
78,30,34,AdaptiveCuttingAuction,0.025,0.02,10,True,,1000,10800,cats_reg_g30b150,True,abs,False,CATS,150,regions,MultiMinded,96,Balance,23.49000000000001,2412.1546,7,1881.66,768.41550000000007,2345.1620999999996,2239.0171458322279,2123.7548208322278,2268.928098617354,17,47,37,76,64
79,30,29,AdaptiveCuttingAuction,0.025,0.02,10,True,,1000,10800,cats_reg_g30b150,True,abs,False,CATS,150,regions,MultiMinded,178,Balance,33.710000000000036,2267.359,5,2060.3,919.01300000000003,2255.609,2182.5520115418158,2067.6753865418154,2203.7920791319107,10,45,72,76,59
80,30,37,AdaptiveCuttingAuction,0.025,0.02,10,True,,1000,10800,cats_reg_g30b150,True,abs,False,CATS,150,regions,MultiMinded,66,Balance,21.700000000000045,2112.5864,6,1592.54,576.49599999999998,2047.4059000000002,1906.9452408556751,1834.8832408556755,1997.6796441085469,25,54,51,79,67
81,30,33,AdaptiveCuttingAuction,0.025,0.02,10,True,,1000,10800,cats_reg_g30b150,True,abs,False,CATS,150,regions,MultiMinded,73,Balance,12.810000000000173,1652.215,4,1316.69,725.81600000000003,1652.215,1654.8630437165825,1582.2814437165825,1598.7265002272923,1,30,49,71,63
82,30,35,AdaptiveCuttingAuction,0.025,0.02,10,True,,1000,10800,cats_reg_g30b150,True,abs,False,CATS,150,regions,MultiMinded,102,Balance,34.539999999999964,2109.0315,7,1900.31,619.13249999999994,2109.0315,2045.9272483368743,1943.0682911233362,2042.9285367377558,12,44,46,79,65
83,30,32,AdaptiveCuttingAuction,0.025,0.02,10,True,,1000,10800,cats_reg_g30b150,True,abs,False,CATS,150,regions,MultiMinded,78,Balance,14.230000000000018,2576.43019,7,2027.96,1059.6700000000001,2576.43019,2528.3884852272686,2342.9462352272685,2420.801291718215,1,30,24,72,62
84,30,34,AdaptiveCuttingAuction,0.025,0.02,10,True,,1000,10800,cats_reg_g30b150,True,abs,False,CATS,150,regions,MultiMinded,533,Balance,197.51000000000022,1983.6759000000002,7,1485.27,650.14099999999996,1962.444,1800.508452939669,1686.7337779396689,1866.7923061767162,17,60,9,82,64
85,30,33,AdaptiveCuttingAuction,0.025,0.02,10,True,,1000,10800,cats_reg_g30b150,True,abs,False,CATS,150,regions,MultiMinded,45,Balance,10.040000000000191,1650.3177,5,1136.81,534.83399999999995,1650.3177,1578.9206283463998,1514.7405483463997,1599.3011764336225,26,46,1,73,63
86,30,37,AdaptiveCuttingAuction,0.025,0.02,10,True,,1000,10800,cats_reg_g30b150,True,abs,False,CATS,150,regions,MultiMinded,44,Balance,10.059999999999945,2073.2363,6,1605.13,504.47649999999999,2069.3503,1907.6475187483893,1834.4984262483895,2007.4043206680096,4,32,1,77,67
87,30,34,AdaptiveCuttingAuction,0.025,0.02,10,True,,1000,10800,cats_reg_g30b150,True,abs,False,CATS,150,regions,MultiMinded,331,Balance,87.47999999999979,2161.5317,10,1611.82,461.19499999999999,2161.5317,2024.5803813875393,1932.3413813875395,2082.442284455854,8,44,14,80,64
88,30,35,AdaptiveCuttingAuction,0.025,0.02,10,True,,1000,10800,cats_reg_g30b150,True,abs,False,CATS,150,regions,MultiMinded,83,Balance,21.38000000000011,1960.6723,9,1579.4,529.16499999999996,1960.6723,1845.33091567721,1739.4979156772097,1866.6457211796553,7,43,25,77,65
89,30,40,AdaptiveCuttingAuction,0.025,0.02,10,True,,1000,10800,cats_reg_g30b150,True,abs,False,CATS,150,regions,MultiMinded,40,Balance,9.680000000000064,2103.4608,12,1324.86,455.78500000000003,2103.4608,1739.5365432891622,1636.9849182891626,2012.2598508994818,1,27,8,80,70
90,30,36,AdaptiveCuttingAuction,0.025,0.02,10,True,,1000,10800,cats_reg_g30b150,True,abs,False,CATS,150,regions,MultiMinded,91,Balance,18.25999999999999,2252.2093,7,1749.09,686.99800000000005,2252.2093,2132.8402527589419,2029.7905527589417,2166.3661081162973,18,43,4,78,66
91,30,37,AdaptiveCuttingAuction,0.025,0.02,10,True,,1000,10800,cats_reg_g30b150,True,abs,False,CATS,150,regions,MultiMinded,54,Balance,13.599999999999909,2533.4677,9,1557.05,605.50300000000004,2524.7637,2107.7097295531339,1995.6916745531341,2424.2058463294493,7,45,14,77,67
92,30,37,AdaptiveCuttingAuction,0.025,0.02,10,True,,1000,10800,cats_reg_g30b150,True,abs,False,CATS,150,regions,MultiMinded,64,Balance,15.170000000000073,2087.0795,9,1557.29,467.12700000000001,2087.0795,1904.756727495864,1799.6531524958639,1986.750806084438,19,46,21,80,67
93,30,34,AdaptiveCuttingAuction,0.025,0.02,10,True,,1000,10800,cats_reg_g30b150,True,abs,False,CATS,150,regions,MultiMinded,26,Balance,4.569999999999936,2220.4165999999996,8,1477.09,531.97949999999992,2187.6236,2012.5849855818146,1908.848983081815,2099.0412035392674,1,30,15,74,64
94,30,33,AdaptiveCuttingAuction,0.025,0.02,10,True,,1000,10800,cats_reg_g30b150,True,abs,False,CATS,150,regions,MultiMinded,1000,MaxIter,330.89999999999986,2089.1439,9,1850.23,583.02999999999997,1963.7245900000003,1937.4956769542123,1584.0098685675325,1742.3349676683777,11,45,29,80,63
95,30,36,AdaptiveCuttingAuction,0.025,0.02,10,True,,1000,10800,cats_reg_g30b150,True,abs,False,CATS,150,regions,MultiMinded,65,Balance,16.190000000000055,2218.1557,7,1747.55,732.99250000000006,2218.1557,2123.1727192834824,1994.8990317834821,2114.0767904104187,13,44,22,79,66
96,30,33,AdaptiveCuttingAuction,0.025,0.02,10,True,,1000,10800,cats_reg_g30b150,True,abs,False,CATS,150,regions,MultiMinded,66,Balance,14.519999999999982,1873.9284000000002,4,1690.89,555.43200000000002,1873.9284000000002,1813.0595890322588,1757.5163890322588,1837.5868187031544,15,43,48,76,63
97,30,37,AdaptiveCuttingAuction,0.025,0.02,10,True,,1000,10800,cats_reg_g30b150,True,abs,False,CATS,150,regions,MultiMinded,57,Balance,14.480000000000018,1853.4531000000002,9,1334.16,635.36699999999996,1834.6931,1762.0593574672776,1638.1627924672778,1746.2558724672779,5,31,24,82,67
98,30,36,AdaptiveCuttingAuction,0.025,0.02,10,True,,1000,10800,cats_reg_g30b150,True,abs,False,CATS,150,regions,MultiMinded,66,Balance,15.3599999999999,2779.0163,8,2131.76,620.35799999999995,2779.0163,2730.7166080033467,2609.7467980033471,2686.1253059562719,5,31,24,77,66
99,30,37,AdaptiveCuttingAuction,0.025,0.02,10,True,,1000,10800,cats_reg_g30b150,True,abs,False,CATS,150,regions,MultiMinded,75,Balance,20.529999999999973,2286.8288000000002,5,1573.72,543.00099999999998,2260.4235,2193.3711918195504,2139.07109181955,2227.4337535968507,9,36,33,83,67
100,30,32,AdaptiveCuttingAuction,0.025,0.02,10,True,,1000,10800,cats_reg_g30b150,True,abs,False,CATS,150,regions,MultiMinded,112,Balance,21.710000000000036,1906.0085,9,1496.95,591.39400000000001,1906.0085,1738.3484254520906,1605.2847754520906,1798.6514274774572,17,44,37,78,62
