idx,items,agents,auction_class,epsilon,stepc,epoch,scalebyvalue,reserve_type,maxiter,maxtime,generator_param_name,personalized,expstrat,int_prices,generator,bids,distribution,type,rounds,status,runtime,efficient_value,final_num_winners,final_max_agent_value,final_scalevalue,final_value,final_total_price,final_revenue,final_indirect_util,final_price_degree,final_price_sparsity,final_imbalance,final_wd_nvars,final_wd_ncons
1,10,17,AdaptiveCuttingAuction,0.025,0.02,10,True,,1000,10800,cats_reg_g10b50,True,abs,False,CATS,50,regions,MultiMinded,39,Balance,2.030000000000001,681.0817,4,513.163,288.52699999999999,681.0817,674.29894139099747,645.44624139099744,655.64709942519914,1,10,14,40,27
2,10,19,AdaptiveCuttingAuction,0.025,0.02,10,True,,1000,10800,cats_reg_g10b50,True,abs,False,CATS,50,regions,MultiMinded,186,Balance,16.22,734.1289999999999,3,640.313,226.71899999999999,734.1289999999999,673.061370591593,656.05744559159314,724.07444221525884,9,22,13,43,29
3,10,17,AdaptiveCuttingAuction,0.025,0.02,10,True,,1000,10800,cats_reg_g10b50,True,abs,False,CATS,50,regions,MultiMinded,101,Balance,7.039999999999992,804.4359999999999,3,797.452,310.25200000000001,804.4359999999999,812.3849358454429,789.11603584544287,797.13262699892891,4,16,17,39,27
4,10,14,AdaptiveCuttingAuction,0.025,0.02,10,True,,1000,10800,cats_reg_g10b50,True,abs,False,CATS,50,regions,MultiMinded,30,Balance,1.1599999999999966,574.909,2,568.922,272.93700000000001,574.909,571.63864222377424,557.99179222377415,567.1627826210422,1,10,2,28,24
5,10,21,AdaptiveCuttingAuction,0.025,0.02,10,True,,1000,10800,cats_reg_g10b50,True,abs,False,CATS,50,regions,MultiMinded,39,Balance,2.430000000000007,650.6363,2,619.701,342.60149999999999,650.6363,649.09602036743502,631.96594536743498,633.50622499999997,9,18,0,42,31
6,10,17,AdaptiveCuttingAuction,0.025,0.02,10,True,,1000,10800,cats_reg_g10b50,True,abs,False,CATS,50,regions,MultiMinded,84,Balance,5.680000000000007,834.2848,4,784.19,470.66899999999998,834.2848,835.97187254724884,788.90497254724903,793.66962686880163,8,20,25,37,27
7,10,21,AdaptiveCuttingAuction,0.025,0.02,10,True,,1000,10800,cats_reg_g10b50,True,abs,False,CATS,50,regions,MultiMinded,69,Balance,4.980000000000018,854.667,3,696.341,343.76999999999998,854.667,853.96473618458845,828.18198618458848,840.33541775362562,5,15,26,46,31
8,10,18,AdaptiveCuttingAuction,0.025,0.02,10,True,,1000,10800,cats_reg_g10b50,True,abs,False,CATS,50,regions,MultiMinded,123,Balance,8.840000000000003,663.572,3,592.441,275.35000000000002,663.572,644.88272007353874,624.23147007353884,644.15766990015243,7,15,11,37,28
9,10,18,AdaptiveCuttingAuction,0.025,0.02,10,True,,1000,10800,cats_reg_g10b50,True,abs,False,CATS,50,regions,MultiMinded,17,Balance,0.7400000000000091,724.6032999999999,4,611.583,280.12,724.6032999999999,643.13185286049873,615.11985286049855,702.8876316331349,1,10,3,38,28
10,10,23,AdaptiveCuttingAuction,0.025,0.02,10,True,,1000,10800,cats_reg_g10b50,True,abs,False,CATS,50,regions,MultiMinded,21,Balance,1.4099999999999966,946.3547,4,784.828,433.57950000000005,946.3547,907.96568943463592,864.60773943463585,916.38422214268803,1,10,4,47,33
11,10,16,AdaptiveCuttingAuction,0.025,0.02,10,True,,1000,10800,cats_reg_g10b50,True,abs,False,CATS,50,regions,MultiMinded,43,Balance,2.219999999999999,724.662,1,724.662,403.49950000000001,724.662,727.63164752759781,717.54416002759785,719.27336787006197,5,14,15,36,26
12,10,16,AdaptiveCuttingAuction,0.025,0.02,10,True,,1000,10800,cats_reg_g10b50,True,abs,False,CATS,50,regions,MultiMinded,25,Balance,1.1400000000000148,522.114,1,522.114,283.13549999999998,522.114,519.77738261265404,512.69899511265407,526.30458622053732,1,10,13,35,26
13,10,17,AdaptiveCuttingAuction,0.025,0.02,10,True,,1000,10800,cats_reg_g10b50,True,abs,False,CATS,50,regions,MultiMinded,43,Balance,2.509999999999991,778.1078,2,718.401,353.04300000000001,778.1078,760.84184370396338,743.18969370396348,777.05851720673479,5,13,19,37,27
14,10,17,AdaptiveCuttingAuction,0.025,0.02,10,True,,1000,10800,cats_reg_g10b50,True,abs,False,CATS,50,regions,MultiMinded,19,Balance,0.7599999999999909,588.9796,2,575.883,307.69200000000001,588.9796,594.28065789989284,578.89605789989275,588.98531512949569,1,10,22,35,27
15,10,17,AdaptiveCuttingAuction,0.025,0.02,10,True,,1000,10800,cats_reg_g10b50,True,abs,False,CATS,50,regions,MultiMinded,68,Balance,4.1200000000000045,634.994,2,600.13,422.91899999999998,634.994,629.1632488750522,608.01729887505212,617.7416162208599,9,21,10,36,27
16,10,26,AdaptiveCuttingAuction,0.025,0.02,10,True,,1000,10800,cats_reg_g10b50,True,abs,False,CATS,50,regions,MultiMinded,30,Balance,1.8499999999999943,519.6692,2,485.933,278.584,519.6692,524.82979552701022,510.90059552701018,521.49240525039977,1,10,23,51,36
17,10,16,AdaptiveCuttingAuction,0.025,0.02,10,True,,1000,10800,cats_reg_g10b50,True,abs,False,CATS,50,regions,MultiMinded,24,Balance,1.460000000000008,910.0260000000001,3,815.656,322.738,910.0260000000001,897.05750233947288,872.85215233947281,891.70396962728501,7,15,3,35,26
18,10,18,AdaptiveCuttingAuction,0.025,0.02,10,True,,1000,10800,cats_reg_g10b50,True,abs,False,CATS,50,regions,MultiMinded,107,Balance,6.640000000000015,982.461,2,932.103,367.83500000000004,982.461,990.12843248206229,971.73668248206229,972.44342420693306,9,19,9,40,28
19,10,19,AdaptiveCuttingAuction,0.025,0.02,10,True,,1000,10800,cats_reg_g10b50,True,abs,False,CATS,50,regions,MultiMinded,404,Balance,37.03,903.4849999999999,2,826.774,559.33850000000007,860.0336,861.56925569033547,833.60233069033552,835.26522479045991,9,25,13,41,29
20,10,21,AdaptiveCuttingAuction,0.025,0.02,10,True,,1000,10800,cats_reg_g10b50,True,abs,False,CATS,50,regions,MultiMinded,71,Balance,4.739999999999981,780.3014999999999,6,637.779,268.37200000000001,780.3014999999999,680.46097991050158,640.20517991050167,741.74150705448392,5,15,7,44,31
21,10,17,AdaptiveCuttingAuction,0.025,0.02,10,True,,1000,10800,cats_reg_g10b50,True,abs,False,CATS,50,regions,MultiMinded,19,Balance,0.9399999999999977,869.309,3,770.684,361.69299999999998,869.309,791.13899237699343,764.01201737699341,849.01242612366616,1,10,5,40,27
22,10,16,AdaptiveCuttingAuction,0.025,0.02,10,True,,1000,10800,cats_reg_g10b50,True,abs,False,CATS,50,regions,MultiMinded,1000,MaxIter,79.01000000000002,827.155,1,792.758,416.87799999999999,654.031,803.76297667560925,0,17.13426849718175,8,17,14,35,26
23,10,21,AdaptiveCuttingAuction,0.025,0.02,10,True,,1000,10800,cats_reg_g10b50,True,abs,False,CATS,50,regions,MultiMinded,149,Balance,12.629999999999995,926.9879999999999,5,813.726,269.07900000000001,926.9879999999999,897.05895349563764,863.42407849563745,897.46047839849837,4,357,7,48,31
24,10,23,AdaptiveCuttingAuction,0.025,0.02,10,True,,1000,10800,cats_reg_g10b50,True,abs,False,CATS,50,regions,MultiMinded,98,Balance,8.960000000000008,822.2049999999999,3,635.81,377.13200000000001,809.8186000000001,820.85981553712827,792.57491553712816,799.54809348264655,8,28,12,50,33
25,10,22,AdaptiveCuttingAuction,0.025,0.02,10,True,,1000,10800,cats_reg_g10b50,True,abs,False,CATS,50,regions,MultiMinded,531,Balance,48.09,534.8185,2,446.519,197.68200000000002,534.8185,530.77641090607483,520.89231090607484,529.48164554743744,9,28,9,47,32
26,10,17,AdaptiveCuttingAuction,0.025,0.02,10,True,,1000,10800,cats_reg_g10b50,True,abs,False,CATS,50,regions,MultiMinded,18,Balance,0.8799999999999955,716.487,1,716.487,299.23599999999999,716.487,709.1787959516007,701.69789595160069,709.00609999999995,8,16,0,35,27
27,10,17,AdaptiveCuttingAuction,0.025,0.02,10,True,,1000,10800,cats_reg_g10b50,True,abs,False,CATS,50,regions,MultiMinded,53,Balance,3.1599999999999966,811.1127,4,667.768,330.15700000000004,811.1127,810.4838821535227,777.46818215352266,782.61510209286553,6,16,11,38,27
28,10,18,AdaptiveCuttingAuction,0.025,0.02,10,True,,1000,10800,cats_reg_g10b50,True,abs,False,CATS,50,regions,MultiMinded,33,Balance,1.8300000000000125,818.682,3,802.322,385.84800000000001,818.682,807.21839349085485,778.27979349085479,802.47032899175178,5,15,8,40,28
29,10,20,AdaptiveCuttingAuction,0.025,0.02,10,True,,1000,10800,cats_reg_g10b50,True,abs,False,CATS,50,regions,MultiMinded,66,Balance,3.960000000000008,767.6940999999999,3,746.709,446.00549999999998,767.6940999999999,743.2514555473864,709.80104304738632,745.82120595116112,7,15,15,43,30
30,10,18,AdaptiveCuttingAuction,0.025,0.02,10,True,,1000,10800,cats_reg_g10b50,True,abs,False,CATS,50,regions,MultiMinded,1000,MaxIter,75.06,794.5821000000001,3,739.446,385.6635,501.0529,796.62860219510492,96.13324813473703,96.323412500000003,8,16,23,38,28
31,10,21,AdaptiveCuttingAuction,0.025,0.02,10,True,,1000,10800,cats_reg_g10b50,True,abs,False,CATS,50,regions,MultiMinded,135,Balance,10.280000000000001,818.388,2,733.06,325.495,818.388,828.10852200350382,811.83377200350378,818.89628478828115,6,19,11,44,31
32,10,20,AdaptiveCuttingAuction,0.025,0.02,10,True,,1000,10800,cats_reg_g10b50,True,abs,False,CATS,50,regions,MultiMinded,87,Balance,6.069999999999993,637.3713,4,533.498,304.15100000000001,637.3713,632.47028667010557,602.05518667010551,616.03427703077375,9,16,12,42,30
33,10,16,AdaptiveCuttingAuction,0.025,0.02,10,True,,1000,10800,cats_reg_g10b50,True,abs,False,CATS,50,regions,MultiMinded,36,Balance,2.2099999999999795,560.5032,2,498.34,219.72300000000001,560.5032,526.13483529378266,515.14868529378271,550.52705600550576,8,19,1,34,26
34,10,20,AdaptiveCuttingAuction,0.025,0.02,10,True,,1000,10800,cats_reg_g10b50,True,abs,False,CATS,50,regions,MultiMinded,101,Balance,5.899999999999977,726.3012,4,568.454,249.64099999999999,726.3012,606.27928936310468,581.31518936310454,701.69916915412978,4,14,4,40,30
35,10,27,AdaptiveCuttingAuction,0.025,0.02,10,True,,1000,10800,cats_reg_g10b50,True,abs,False,CATS,50,regions,MultiMinded,43,Balance,2.7900000000000205,858.175,2,722.988,380.87900000000002,858.175,841.46823265264402,822.42428265264391,849.32948581229596,1,10,5,53,37
36,10,17,AdaptiveCuttingAuction,0.025,0.02,10,True,,1000,10800,cats_reg_g10b50,True,abs,False,CATS,50,regions,MultiMinded,53,Balance,3.0700000000000216,716.498,1,716.498,379.51999999999998,716.498,724.05139233443799,714.56339233443805,714.56339233443805,9,16,10,35,27
37,10,20,AdaptiveCuttingAuction,0.025,0.02,10,True,,1000,10800,cats_reg_g10b50,True,abs,False,CATS,50,regions,MultiMinded,23,Balance,1.2199999999999989,824.835,3,630.222,329.92600000000004,824.835,705.32673911791164,680.58228911791161,800.09055000000001,1,10,0,40,30
38,10,18,AdaptiveCuttingAuction,0.025,0.02,10,True,,1000,10800,cats_reg_g10b50,True,abs,False,CATS,50,regions,MultiMinded,130,Balance,7.030000000000001,825.56,1,825.56,471.01400000000001,825.56,831.16068770876223,819.38533770876222,827.11847096788233,10,20,11,39,28
39,10,25,AdaptiveCuttingAuction,0.025,0.02,10,True,,1000,10800,cats_reg_g10b50,True,abs,False,CATS,50,regions,MultiMinded,56,Balance,3.180000000000007,948.5501,5,753.385,196.10050000000001,948.5501,803.95715639512127,779.44459389512099,928.79127385900358,1,10,1,48,35
40,10,22,AdaptiveCuttingAuction,0.025,0.02,10,True,,1000,10800,cats_reg_g10b50,True,abs,False,CATS,50,regions,MultiMinded,136,Balance,10.849999999999994,694.64,2,671.57,320.48500000000001,694.64,670.4744988766397,654.45024887663976,683.08425365352525,10,22,18,45,32
41,10,18,AdaptiveCuttingAuction,0.025,0.02,10,True,,1000,10800,cats_reg_g10b50,True,abs,False,CATS,50,regions,MultiMinded,14,Balance,0.6500000000000057,919.5834,3,833.068,428.51799999999997,919.5834,898.3409458418173,866.20209584181725,897.50200999010622,1,10,1,35,28
42,10,21,AdaptiveCuttingAuction,0.025,0.02,10,True,,1000,10800,cats_reg_g10b50,True,abs,False,CATS,50,regions,MultiMinded,67,Balance,3.8400000000000034,722.396,1,722.396,339.44,722.396,715.89319858644467,707.40719858644468,720.29437611431899,9,14,19,42,31
43,10,20,AdaptiveCuttingAuction,0.025,0.02,10,True,,1000,10800,cats_reg_g10b50,True,abs,False,CATS,50,regions,MultiMinded,33,Balance,2.670000000000016,820.8240000000001,2,681.374,265.63999999999999,820.8240000000001,788.25676718525733,774.97476718525729,807.96372044860414,7,15,5,42,30
44,10,19,AdaptiveCuttingAuction,0.025,0.02,10,True,,1000,10800,cats_reg_g10b50,True,abs,False,CATS,50,regions,MultiMinded,481,Balance,44.53999999999999,607.363,3,484.926,277.04599999999999,559.9440000000001,508.99034195045078,488.21189195045076,541.198986110394,9,25,12,41,29
45,10,20,AdaptiveCuttingAuction,0.025,0.02,10,True,,1000,10800,cats_reg_g10b50,True,abs,False,CATS,50,regions,MultiMinded,65,Balance,3.569999999999993,687.7891,5,510.577,285.93000000000001,687.7891,686.15976158984131,650.41851158984127,664.87637377369435,7,18,11,42,30
46,10,19,AdaptiveCuttingAuction,0.025,0.02,10,True,,1000,10800,cats_reg_g10b50,True,abs,False,CATS,50,regions,MultiMinded,105,Balance,6.860000000000014,810.368,2,810.368,345.00850000000003,808.7297,783.7615014703149,766.51107647031495,801.65562375302818,9,16,3,42,29
47,10,18,AdaptiveCuttingAuction,0.025,0.02,10,True,,1000,10800,cats_reg_g10b50,True,abs,False,CATS,50,regions,MultiMinded,194,Balance,15.48999999999998,759.477,2,738.963,363.25599999999997,759.477,743.19003523938522,725.02723523938516,742.18072701347864,8,20,2,43,28
48,10,29,AdaptiveCuttingAuction,0.025,0.02,10,True,,1000,10800,cats_reg_g10b50,True,abs,False,CATS,50,regions,MultiMinded,18,Balance,1.1099999999999852,726.774,3,661.833,328.96899999999999,726.774,721.49654356537349,696.82386856537335,706.63757619669173,1,10,7,61,39
49,10,23,AdaptiveCuttingAuction,0.025,0.02,10,True,,1000,10800,cats_reg_g10b50,True,abs,False,CATS,50,regions,MultiMinded,62,Balance,4.060000000000002,587.5914,6,462.576,216.20049999999998,587.5914,548.67926108491088,516.24918608491089,560.71526226503647,3,16,3,48,33
50,10,17,AdaptiveCuttingAuction,0.025,0.02,10,True,,1000,10800,cats_reg_g10b50,True,abs,False,CATS,50,regions,MultiMinded,20,Balance,0.8999999999999773,945.836,4,681.012,323.851,945.836,884.56368989648649,852.17858989648653,913.62202825627821,1,10,4,34,27
51,10,25,AdaptiveCuttingAuction,0.025,0.02,10,True,,1000,10800,cats_reg_g10b50,True,abs,False,CATS,50,regions,MultiMinded,47,Balance,3.240000000000009,831.2631000000001,3,644.905,285.66050000000001,831.2631000000001,779.53573994532246,758.11120244532253,809.83856250000008,1,10,0,49,35
52,10,19,AdaptiveCuttingAuction,0.025,0.02,10,True,,1000,10800,cats_reg_g10b50,True,abs,False,CATS,50,regions,MultiMinded,27,Balance,1.6900000000000261,608.391,1,608.391,276.31299999999999,608.391,594.49213077144555,587.58430577144554,602.51893189624343,9,15,2,40,29
53,10,21,AdaptiveCuttingAuction,0.025,0.02,10,True,,1000,10800,cats_reg_g10b50,True,abs,False,CATS,50,regions,MultiMinded,234,Balance,19.5,623.5598,4,612.518,167.23250000000002,623.5598,612.96258238094697,596.23933238094696,611.14002746885376,10,23,4,44,31
54,10,20,AdaptiveCuttingAuction,0.025,0.02,10,True,,1000,10800,cats_reg_g10b50,True,abs,False,CATS,50,regions,MultiMinded,81,Balance,6.140000000000015,1040.322,4,967.436,414.12850000000003,1039.9794,978.25825306723038,936.84540306723022,1013.1666609574188,6,17,12,48,30
55,10,17,AdaptiveCuttingAuction,0.025,0.02,10,True,,1000,10800,cats_reg_g10b50,True,abs,False,CATS,50,regions,MultiMinded,20,Balance,0.8099999999999739,1001.244,2,739.168,309.35699999999997,1001.244,927.72169674118345,912.25384674118345,992.13778749049357,1,10,1,34,27
56,10,17,AdaptiveCuttingAuction,0.025,0.02,10,True,,1000,10800,cats_reg_g10b50,True,abs,False,CATS,50,regions,MultiMinded,104,Balance,5.3799999999999955,674.3464,3,592.43,348.80000000000001,659.3265,619.41963515464363,593.25963515464366,642.81875185453123,6,15,11,36,27
57,10,20,AdaptiveCuttingAuction,0.025,0.02,10,True,,1000,10800,cats_reg_g10b50,True,abs,False,CATS,50,regions,MultiMinded,173,Balance,11.22999999999999,783.158,3,568.928,268.62299999999999,783.158,762.26346668315887,742.11674168315903,765.13517194530914,7,18,14,42,30
58,10,21,AdaptiveCuttingAuction,0.025,0.02,10,True,,1000,10800,cats_reg_g10b50,True,abs,False,CATS,50,regions,MultiMinded,26,Balance,1.460000000000008,871.9079999999999,2,791.212,427.88200000000001,871.9079999999999,867.41615251322492,846.02205251322493,857.65693508091613,1,10,4,44,31
59,10,28,AdaptiveCuttingAuction,0.025,0.02,10,True,,1000,10800,cats_reg_g10b50,True,abs,False,CATS,50,regions,MultiMinded,38,Balance,2.7600000000000193,875.1772,3,803.796,406.47899999999998,875.1772,864.03013494391098,833.54420994391091,850.85587797821131,1,10,15,56,38
60,10,22,AdaptiveCuttingAuction,0.025,0.02,10,True,,1000,10800,cats_reg_g10b50,True,abs,False,CATS,50,regions,MultiMinded,20,Balance,0.9300000000000068,716.1357,3,662.173,358.10899999999998,716.1357,675.55884264152269,648.70066764152273,697.7215900708851,1,10,9,46,32
61,10,19,AdaptiveCuttingAuction,0.025,0.02,10,True,,1000,10800,cats_reg_g10b50,True,abs,False,CATS,50,regions,MultiMinded,81,Balance,4.839999999999975,756.948,3,553.212,307.67700000000002,756.948,754.64610869689659,731.57033369689645,744.61402473930991,1,10,11,41,29
62,10,20,AdaptiveCuttingAuction,0.025,0.02,10,True,,1000,10800,cats_reg_g10b50,True,abs,False,CATS,50,regions,MultiMinded,16,Balance,1.0300000000000011,962.414,3,839.979,365.63299999999998,962.414,965.42064406527368,937.99816906527371,956.96459135558985,4,14,4,40,30
63,10,20,AdaptiveCuttingAuction,0.025,0.02,10,True,,1000,10800,cats_reg_g10b50,True,abs,False,CATS,50,regions,MultiMinded,31,Balance,2.609999999999985,966.8963000000001,4,783.33,502.36099999999999,966.8963000000001,928.38349116172333,878.14739116172325,927.54353591827555,7,18,11,40,30
64,10,24,AdaptiveCuttingAuction,0.025,0.02,10,True,,1000,10800,cats_reg_g10b50,True,abs,False,CATS,50,regions,MultiMinded,117,Balance,8.969999999999999,784.4846,2,723.45,238.8545,784.4846,768.72984236981279,756.78711736981268,777.04670370312044,6,13,9,51,34
65,10,18,AdaptiveCuttingAuction,0.025,0.02,10,True,,1000,10800,cats_reg_g10b50,True,abs,False,CATS,50,regions,MultiMinded,57,Balance,3.039999999999992,863.3610000000001,3,758.102,337.34500000000003,856.6320000000001,805.57289087969934,780.27201587969932,839.2335735488407,5,14,1,38,28
66,10,18,AdaptiveCuttingAuction,0.025,0.02,10,True,,1000,10800,cats_reg_g10b50,True,abs,False,CATS,50,regions,MultiMinded,327,Balance,17.22999999999999,852.079,3,807.329,372.65700000000004,852.079,807.30277438137114,779.35349938137119,824.69192398241159,1,10,26,36,28
67,10,27,AdaptiveCuttingAuction,0.025,0.02,10,True,,1000,10800,cats_reg_g10b50,True,abs,False,CATS,50,regions,MultiMinded,105,Balance,6.569999999999993,860.8598,2,789.183,223.39999999999998,860.8598,857.12426935552776,845.95426935552769,854.85743067761348,1,10,1,52,37
68,10,20,AdaptiveCuttingAuction,0.025,0.02,10,True,,1000,10800,cats_reg_g10b50,True,abs,False,CATS,50,regions,MultiMinded,96,Balance,4.969999999999999,535.1916,4,486.692,201.834,535.1916,530.77013418039837,510.58673418039848,519.90948575189293,1,10,1,42,30
69,10,20,AdaptiveCuttingAuction,0.025,0.02,10,True,,1000,10800,cats_reg_g10b50,True,abs,False,CATS,50,regions,MultiMinded,23,Balance,1.1899999999999977,550.5322,3,423.552,212.09399999999999,550.5322,501.85540943697924,485.94835943697927,534.62515000000008,1,10,0,40,30
70,10,18,AdaptiveCuttingAuction,0.025,0.02,10,True,,1000,10800,cats_reg_g10b50,True,abs,False,CATS,50,regions,MultiMinded,551,Balance,41.19,965.81,3,780.078,273.52800000000002,965.81,882.63519193007551,862.12059193007542,953.58982176886843,9,18,13,41,28
71,10,17,AdaptiveCuttingAuction,0.025,0.02,10,True,,1000,10800,cats_reg_g10b50,True,abs,False,CATS,50,regions,MultiMinded,661,Balance,56.16,745.048,1,745.048,330.73000000000002,745.048,752.3930349414311,744.12478494143113,744.12478494143113,10,22,10,42,27
72,10,23,AdaptiveCuttingAuction,0.025,0.02,10,True,,1000,10800,cats_reg_g10b50,True,abs,False,CATS,50,regions,MultiMinded,26,Balance,1.3100000000000023,619.2275000000001,7,497.631,317.09799999999996,619.2275000000001,591.39607633555261,535.90392633555246,573.51052367025261,1,10,9,46,33
73,10,20,AdaptiveCuttingAuction,0.025,0.02,10,True,,1000,10800,cats_reg_g10b50,True,abs,False,CATS,50,regions,MultiMinded,42,Balance,3.259999999999991,675.2625,2,656.76,362.82400000000001,675.0855,670.79190527427875,652.65070527427872,667.49565716986308,8,18,22,43,30
74,10,26,AdaptiveCuttingAuction,0.025,0.02,10,True,,1000,10800,cats_reg_g10b50,True,abs,False,CATS,50,regions,MultiMinded,52,Balance,5.27000000000001,942.6876,2,890.025,245.483,942.6876,939.5622549908494,927.28810499084943,936.11264746141012,9,25,1,57,36
75,10,15,AdaptiveCuttingAuction,0.025,0.02,10,True,,1000,10800,cats_reg_g10b50,True,abs,False,CATS,50,regions,MultiMinded,61,Balance,3.030000000000001,986.353,1,977.088,450.65550000000002,977.088,987.40198073998931,976.13559323998936,986.3986309865295,6,13,11,34,25
76,10,22,AdaptiveCuttingAuction,0.025,0.02,10,True,,1000,10800,cats_reg_g10b50,True,abs,False,CATS,50,regions,MultiMinded,55,Balance,3.3400000000000034,900.434,6,820.61,441.17500000000001,874.067,851.68902819476909,785.51277819476911,812.60166359367429,5,14,5,43,32
77,10,19,AdaptiveCuttingAuction,0.025,0.02,10,True,,1000,10800,cats_reg_g10b50,True,abs,False,CATS,50,regions,MultiMinded,305,Balance,20.789999999999992,505.8682,3,489.633,293.4085,502.3022,490.08819368650228,468.08255618650225,488.69237814539144,9,19,20,39,29
78,10,15,AdaptiveCuttingAuction,0.025,0.02,10,True,,1000,10800,cats_reg_g10b50,True,abs,False,CATS,50,regions,MultiMinded,116,Balance,6.100000000000023,723.896,1,723.896,268.85500000000002,723.896,723.60684019068697,716.885465190687,728.21354071767496,1,10,16,34,25
79,10,20,AdaptiveCuttingAuction,0.025,0.02,10,True,,1000,10800,cats_reg_g10b50,True,abs,False,CATS,50,regions,MultiMinded,104,Balance,7.100000000000023,830.055,3,715.055,304.07849999999996,830.055,773.35024267774622,750.54435517774618,807.61751102010339,5,14,7,44,30
80,10,23,AdaptiveCuttingAuction,0.025,0.02,10,True,,1000,10800,cats_reg_g10b50,True,abs,False,CATS,50,regions,MultiMinded,121,Balance,10.75,858.2552999999999,3,815.519,326.65449999999998,822.4562,825.45327203758268,800.95418453758259,804.86176509196616,10,24,8,50,33
81,10,19,AdaptiveCuttingAuction,0.025,0.02,10,True,,1000,10800,cats_reg_g10b50,True,abs,False,CATS,50,regions,MultiMinded,20,Balance,0.950000000000017,731.2354999999999,5,657.74,318.25649999999996,728.3769,719.76509156519853,679.98302906519848,698.16911725316982,3,14,9,39,29
82,10,20,AdaptiveCuttingAuction,0.025,0.02,10,True,,1000,10800,cats_reg_g10b50,True,abs,False,CATS,50,regions,MultiMinded,220,Balance,15.980000000000018,799.819,3,670.65,230.49700000000001,799.819,777.4755608848759,760.18828588487588,788.16114255894024,8,18,5,43,30
83,10,18,AdaptiveCuttingAuction,0.025,0.02,10,True,,1000,10800,cats_reg_g10b50,True,abs,False,CATS,50,regions,MultiMinded,66,Balance,3.530000000000001,778.391,2,740.964,303.2475,778.391,778.94808804250601,763.78571304250602,771.60589004913447,7,16,18,39,28
84,10,19,AdaptiveCuttingAuction,0.025,0.02,10,True,,1000,10800,cats_reg_g10b50,True,abs,False,CATS,50,regions,MultiMinded,7,Balance,0.2599999999999909,653.4665,4,531.36,233.98450000000003,653.4665,619.51832832563809,596.11987832563807,634.88767410163018,1,10,2,40,29
85,10,16,AdaptiveCuttingAuction,0.025,0.02,10,True,,1000,10800,cats_reg_g10b50,True,abs,False,CATS,50,regions,MultiMinded,26,Balance,1.4399999999999977,738.6202000000001,4,623.355,332.00099999999998,738.6202000000001,732.72642112129051,699.52632112129049,712.91798393665306,7,15,1,34,26
86,10,17,AdaptiveCuttingAuction,0.025,0.02,10,True,,1000,10800,cats_reg_g10b50,True,abs,False,CATS,50,regions,MultiMinded,78,Balance,4.430000000000007,772.54,2,646.076,287.08299999999997,772.54,704.87643594905205,690.52228594905216,758.18585000000019,6,13,0,34,27
87,10,18,AdaptiveCuttingAuction,0.025,0.02,10,True,,1000,10800,cats_reg_g10b50,True,abs,False,CATS,50,regions,MultiMinded,200,Balance,15.629999999999995,883.32347,3,801.709,428.95349999999996,836.6344700000001,844.11020026404674,816.01979746668496,819.80579265013341,9,18,12,38,28
88,10,20,AdaptiveCuttingAuction,0.025,0.02,10,True,,1000,10800,cats_reg_g10b50,True,abs,False,CATS,50,regions,MultiMinded,61,Balance,4.090000000000003,662.7294999999999,4,622.783,332.80799999999999,662.7294999999999,662.77814032527158,629.49734032527147,634.55595761978111,6,14,19,44,30
89,10,26,AdaptiveCuttingAuction,0.025,0.02,10,True,,1000,10800,cats_reg_g10b50,True,abs,False,CATS,50,regions,MultiMinded,333,Balance,37.52000000000001,844.3882,3,703.836,361.93200000000002,821.2162,783.91081592587477,756.76591592587465,804.33233267383901,9,27,11,55,36
90,10,21,AdaptiveCuttingAuction,0.025,0.02,10,True,,1000,10800,cats_reg_g10b50,True,abs,False,CATS,50,regions,MultiMinded,144,Balance,9.169999999999987,1011.3232,6,890.879,348.79300000000001,1011.3232,903.110679924956,850.79172992495592,969.76826829837887,5,15,8,44,31
91,10,17,AdaptiveCuttingAuction,0.025,0.02,10,True,,1000,10800,cats_reg_g10b50,True,abs,False,CATS,50,regions,MultiMinded,61,Balance,3.460000000000008,890.575,1,890.575,535.99700000000007,890.575,903.07500843315518,889.67508343315512,904.44826758567444,7,14,17,33,27
92,10,22,AdaptiveCuttingAuction,0.025,0.02,10,True,,1000,10800,cats_reg_g10b50,True,abs,False,CATS,50,regions,MultiMinded,17,Balance,0.9000000000000057,683.1735,2,627.133,263.76300000000003,683.1735,665.16428229271537,651.97613229271542,680.21916242683267,1,10,14,46,32
93,10,20,AdaptiveCuttingAuction,0.025,0.02,10,True,,1000,10800,cats_reg_g10b50,True,abs,False,CATS,50,regions,MultiMinded,34,Balance,1.7800000000000011,931.509,1,931.509,347.88099999999997,931.509,929.88311641062808,921.18609141062802,931.14491267074163,3,14,1,42,30
94,10,15,AdaptiveCuttingAuction,0.025,0.02,10,True,,1000,10800,cats_reg_g10b50,True,abs,False,CATS,50,regions,MultiMinded,333,Balance,17.870000000000005,772.037,1,770.337,295.54650000000004,770.337,774.74689936355651,767.3582368635565,774.69019199881177,9,15,11,33,25
95,10,17,AdaptiveCuttingAuction,0.025,0.02,10,True,,1000,10800,cats_reg_g10b50,True,abs,False,CATS,50,regions,MultiMinded,76,Balance,4.319999999999993,901.2369,3,849.224,408.67100000000005,901.2369,886.63840679149121,855.98808179149125,873.61891266862585,4,15,9,36,27
96,10,19,AdaptiveCuttingAuction,0.025,0.02,10,True,,1000,10800,cats_reg_g10b50,True,abs,False,CATS,50,regions,MultiMinded,6,Balance,0.21999999999999886,752.0848,3,651.493,368.70849999999996,752.0848,719.94605305437824,692.2929155543784,745.71813949658781,1,10,15,37,29
97,10,20,AdaptiveCuttingAuction,0.025,0.02,10,True,,1000,10800,cats_reg_g10b50,True,abs,False,CATS,50,regions,MultiMinded,34,Balance,2.3799999999999955,657.92043,3,602.694,360.185,657.92043,651.50543556759817,629.92869817667724,643.70021194655726,8,17,26,44,30
98,10,20,AdaptiveCuttingAuction,0.025,0.02,10,True,,1000,10800,cats_reg_g10b50,True,abs,False,CATS,50,regions,MultiMinded,5,Balance,0.18999999999999773,1047.5140999999999,4,870.711,386.798,1047.5140999999999,985.17002750525251,946.49022750525262,1017.0661098364751,1,10,1,39,30
99,10,22,AdaptiveCuttingAuction,0.025,0.02,10,True,,1000,10800,cats_reg_g10b50,True,abs,False,CATS,50,regions,MultiMinded,22,Balance,1.7700000000000102,1044.344,5,687.143,366.375,1044.344,1013.2509036967712,967.45402869677116,1008.4586805798779,4,15,11,45,32
100,10,21,AdaptiveCuttingAuction,0.025,0.02,10,True,,1000,10800,cats_reg_g10b50,True,abs,False,CATS,50,regions,MultiMinded,97,Balance,7.649999999999977,587.8678,2,515.864,141.49099999999999,587.8678,539.17293035271268,532.09838035271264,580.79324999999994,9,20,0,46,31
