idx,items,agents,auction_class,epsilon,stepc,epoch,scalebyvalue,reserve_type,maxiter,maxtime,generator_param_name,personalized,expstrat,int_prices,generator,bids,distribution,type,rounds,status,runtime,efficient_value,final_num_winners,final_max_agent_value,final_scalevalue,final_value,final_total_price,final_revenue,final_indirect_util,final_price_degree,final_price_sparsity,final_imbalance,final_wd_nvars,final_wd_ncons
1,30,36,AdaptiveCuttingAuction,0.025,0.04,10,True,,1000,10800,cats_reg_g30b150,True,abs,False,CATS,150,regions,MultiMinded,133,Balance,31.669999999999845,2502.8085,9,1712.02,630.28700000000003,2502.8085,2156.2037062566578,2045.9034812566581,2401.4732996213534,7,40,14,83,66
2,30,38,AdaptiveCuttingAuction,0.025,0.04,10,True,,1000,10800,cats_reg_g30b150,True,abs,False,CATS,150,regions,MultiMinded,82,Balance,31.529999999999973,2067.4249,5,1460.04,478.96600000000001,2067.4249,2009.9520781515075,1950.0813281515077,2041.9914766439347,27,46,32,87,68
3,30,36,AdaptiveCuttingAuction,0.025,0.04,10,True,,1000,10800,cats_reg_g30b150,True,abs,False,CATS,150,regions,MultiMinded,54,Balance,15.439999999999827,2226.2472000000002,4,1961.0,494.50999999999999,2214.4609,2196.5738416848626,2147.1228416848635,2167.8764192956296,25,45,21,74,66
4,30,38,AdaptiveCuttingAuction,0.025,0.04,10,True,,1000,10800,cats_reg_g30b150,True,abs,False,CATS,150,regions,MultiMinded,82,Balance,15.829999999999927,2004.9491999999998,11,1505.7,557.86300000000006,1985.2371999999998,1908.8607135510845,1755.4483885510845,1844.1024838743808,3,31,4,83,68
5,30,35,AdaptiveCuttingAuction,0.025,0.04,10,True,,1000,10800,cats_reg_g30b150,True,abs,False,CATS,150,regions,MultiMinded,81,Balance,16.159999999999854,1864.626,2,1703.97,505.12049999999999,1813.7730000000001,1776.2389785252722,1750.9829535252723,1806.8498988426627,1,30,27,79,65
6,30,35,AdaptiveCuttingAuction,0.025,0.04,10,True,,1000,10800,cats_reg_g30b150,True,abs,False,CATS,150,regions,MultiMinded,327,Balance,88.3900000000001,2116.0368,5,1959.83,614.52500000000009,2096.9018,2104.3057570282458,2027.4901320282454,2039.846354688397,25,50,11,82,65
7,30,35,AdaptiveCuttingAuction,0.025,0.04,10,True,,1000,10800,cats_reg_g30b150,True,abs,False,CATS,150,regions,MultiMinded,143,Balance,40.940000000000055,2031.9575,6,1330.11,558.39999999999998,2031.9575,1954.4384748452821,1870.6784748452819,1961.7156202713147,6,41,10,78,65
8,30,35,AdaptiveCuttingAuction,0.025,0.04,10,True,,1000,10800,cats_reg_g30b150,True,abs,False,CATS,150,regions,MultiMinded,94,Balance,21.13000000000011,2027.57669,8,1379.5,642.28750000000002,2027.57669,1805.5998251319786,1689.5833539896166,1929.5472104654555,13,42,21,75,65
9,30,36,AdaptiveCuttingAuction,0.025,0.04,10,True,,1000,10800,cats_reg_g30b150,True,abs,False,CATS,150,regions,MultiMinded,115,Balance,36.09999999999991,1859.5272999999997,8,1542.29,443.88650000000001,1859.5272999999997,1769.255279796861,1702.672304796861,1812.7425967771339,22,38,12,81,66
10,30,34,AdaptiveCuttingAuction,0.025,0.04,10,True,,1000,10800,cats_reg_g30b150,True,abs,False,CATS,150,regions,MultiMinded,224,Balance,51.590000000000146,2566.974,5,2112.56,626.02300000000002,2566.974,2507.6440270430712,2429.3911520430715,2507.6276189353212,7,43,20,78,64
11,30,36,AdaptiveCuttingAuction,0.025,0.04,10,True,,1000,10800,cats_reg_g30b150,True,abs,False,CATS,150,regions,MultiMinded,46,Balance,8.599999999999909,2431.6115,4,2098.81,721.22149999999999,2431.6115,2266.2809141432681,2212.1893016432687,2387.7804090655031,1,28,43,74,66
12,30,32,AdaptiveCuttingAuction,0.025,0.04,10,True,,1000,10800,cats_reg_g30b150,True,abs,False,CATS,150,regions,MultiMinded,448,Balance,115.54000000000019,1865.81568,6,1645.15,855.13049999999998,1829.0418999999997,1765.1216053783214,1636.8520303783218,1713.4222036647329,27,63,50,83,62
13,30,35,AdaptiveCuttingAuction,0.025,0.04,10,True,,1000,10800,cats_reg_g30b150,True,abs,False,CATS,150,regions,MultiMinded,125,Balance,35.819999999999936,1773.5022000000001,5,1494.31,678.60900000000004,1756.9776,1696.6438617053636,1611.8177367053638,1719.9755978336586,11,48,46,90,65
14,30,32,AdaptiveCuttingAuction,0.025,0.04,10,True,,1000,10800,cats_reg_g30b150,True,abs,False,CATS,150,regions,MultiMinded,110,Balance,22.180000000000064,1980.1873000000003,6,1559.99,631.08900000000006,1980.1873000000003,1792.0091871907307,1697.3458371907307,1905.5190358215068,7,43,20,73,62
15,30,36,AdaptiveCuttingAuction,0.025,0.04,10,True,,1000,10800,cats_reg_g30b150,True,abs,False,CATS,150,regions,MultiMinded,54,Balance,10.990000000000009,2512.4141000000004,3,2312.23,781.00699999999995,2512.4141000000004,2404.722534749169,2346.1470097491683,2455.7199904695372,1,29,5,76,66
16,30,34,AdaptiveCuttingAuction,0.025,0.04,10,True,,1000,10800,cats_reg_g30b150,True,abs,False,CATS,150,regions,MultiMinded,105,Balance,22.590000000000146,1929.452,4,1789.44,584.255,1909.1155,1861.975814640356,1818.1566896403558,1875.3245256383273,7,41,26,79,64
17,30,33,AdaptiveCuttingAuction,0.025,0.04,10,True,,1000,10800,cats_reg_g30b150,True,abs,False,CATS,150,regions,MultiMinded,87,Balance,19.1099999999999,1934.7395999999999,7,1626.95,730.93200000000002,1934.7395999999999,1892.7780999185011,1782.3013929962005,1873.0981045755809,25,44,86,80,63
18,30,34,AdaptiveCuttingAuction,0.025,0.04,10,True,,1000,10800,cats_reg_g30b150,True,abs,False,CATS,150,regions,MultiMinded,85,Balance,19.339999999999918,2504.1384,4,1818.33,781.33600000000001,2504.1384,2399.1558546578362,2321.0222546578366,2445.0229306350152,26,44,9,75,64
19,30,36,AdaptiveCuttingAuction,0.025,0.04,10,True,,1000,10800,cats_reg_g30b150,True,abs,False,CATS,150,regions,MultiMinded,41,Balance,8.009999999999991,2560.7110000000002,11,1508.06,549.71399999999994,2560.7110000000002,2166.9904327031063,2043.304782703106,2461.8781526471525,1,28,17,75,66
20,30,37,AdaptiveCuttingAuction,0.025,0.04,10,True,,1000,10800,cats_reg_g30b150,True,abs,False,CATS,150,regions,MultiMinded,93,Balance,29.580000000000155,1801.7813999999998,8,1490.47,395.125,1753.5685,1721.9235494179036,1642.898549417904,1713.2809677614548,8,47,51,91,67
21,30,33,AdaptiveCuttingAuction,0.025,0.04,10,True,,1000,10800,cats_reg_g30b150,True,abs,False,CATS,150,regions,MultiMinded,125,Balance,23.690000000000055,1553.7635,3,1374.19,778.39550000000008,1553.7635,1561.2770481067314,1502.8973856067314,1521.793992306677,1,30,42,74,63
22,30,38,AdaptiveCuttingAuction,0.025,0.04,10,True,,1000,10800,cats_reg_g30b150,True,abs,False,CATS,150,regions,MultiMinded,123,Balance,43.15000000000009,2312.252,6,2123.59,638.69949999999994,2312.252,2309.7100782461393,2213.9051532461394,2244.017880912239,19,45,37,86,68
23,30,38,AdaptiveCuttingAuction,0.025,0.04,10,True,,1000,10800,cats_reg_g30b150,True,abs,False,CATS,150,regions,MultiMinded,47,Balance,15.230000000000018,2354.8725,7,1818.1,597.00800000000004,2354.8725,2124.8637014528022,2035.3125014528021,2267.9581157051662,10,42,1,84,68
24,30,35,AdaptiveCuttingAuction,0.025,0.04,10,True,,1000,10800,cats_reg_g30b150,True,abs,False,CATS,150,regions,MultiMinded,135,Balance,34.23000000000002,1892.4884,10,1241.36,538.58849999999995,1892.4884,1768.712152863935,1634.0650278639353,1794.7539365934235,8,43,31,82,65
25,30,33,AdaptiveCuttingAuction,0.025,0.04,10,True,,1000,10800,cats_reg_g30b150,True,abs,False,CATS,150,regions,MultiMinded,163,Balance,37.92000000000007,1741.0822999999998,5,1538.41,861.41849999999999,1713.4334,1647.9553032057893,1542.8437824137732,1641.7822946932195,12,45,11,79,63
26,30,34,AdaptiveCuttingAuction,0.025,0.04,10,True,,1000,10800,cats_reg_g30b150,True,abs,False,CATS,150,regions,MultiMinded,218,Balance,74.68999999999983,2008.668,6,1919.5,424.82100000000003,1998.3684,1947.0402282966406,1893.9376032966404,1972.6824877501572,27,59,32,80,64
27,30,32,AdaptiveCuttingAuction,0.025,0.04,10,True,,1000,10800,cats_reg_g30b150,True,abs,False,CATS,150,regions,MultiMinded,167,Balance,38.98000000000002,2175.2061,3,1890.21,644.31150000000002,1960.706,1960.0131132539977,1911.6897507539975,1930.2251761330335,25,43,16,76,62
28,30,37,AdaptiveCuttingAuction,0.025,0.04,10,True,,1000,10800,cats_reg_g30b150,True,abs,False,CATS,150,regions,MultiMinded,87,Balance,24.410000000000082,2040.43179,8,1615.6,517.23699999999997,2040.43179,1914.2982375894642,1835.9994027067216,1990.5846350563238,8,40,34,82,67
29,30,33,AdaptiveCuttingAuction,0.025,0.04,10,True,,1000,10800,cats_reg_g30b150,True,abs,False,CATS,150,regions,MultiMinded,206,Balance,60.02999999999997,2111.632,9,1854.64,708.57899999999995,2111.632,2065.7695400994844,1906.3392650994845,1972.937178124668,16,47,19,85,63
30,30,35,AdaptiveCuttingAuction,0.025,0.04,10,True,,1000,10800,cats_reg_g30b150,True,abs,False,CATS,150,regions,MultiMinded,133,Balance,39.940000000000055,2323.0769999999998,9,1594.17,462.18150000000003,2202.2282,1977.6011389041364,1885.1648389041366,2119.3201904840234,8,39,4,83,65
31,30,34,AdaptiveCuttingAuction,0.025,0.04,10,True,,1000,10800,cats_reg_g30b150,True,abs,False,CATS,150,regions,MultiMinded,55,Balance,8.560000000000173,2659.4860000000003,6,2167.09,585.07799999999997,2659.4860000000003,2490.411220175245,2424.6042680297182,2610.9696794962988,1,27,9,78,64
32,30,37,AdaptiveCuttingAuction,0.025,0.04,10,True,,1000,10800,cats_reg_g30b150,True,abs,False,CATS,150,regions,MultiMinded,229,Balance,70.21000000000004,1999.8556999999998,8,1545.46,522.50199999999995,1910.9342000000001,1863.8957449790801,1765.4106582890468,1838.2637641066963,13,48,20,87,67
33,30,37,AdaptiveCuttingAuction,0.025,0.04,10,True,,1000,10800,cats_reg_g30b150,True,abs,False,CATS,150,regions,MultiMinded,58,Balance,12.700000000000045,1805.9524000000001,4,1582.17,487.50400000000002,1805.9524000000001,1653.5007629051488,1616.9379629051489,1779.519172145456,9,42,1,84,67
34,30,39,AdaptiveCuttingAuction,0.025,0.04,10,True,,1000,10800,cats_reg_g30b150,True,abs,False,CATS,150,regions,MultiMinded,199,Balance,67.15000000000009,1983.6001999999999,8,1564.76,623.41200000000003,1983.6001999999999,1987.9668402718416,1863.2844402718415,1876.8422890271938,15,42,14,84,69
35,30,38,AdaptiveCuttingAuction,0.025,0.04,10,True,,1000,10800,cats_reg_g30b150,True,abs,False,CATS,150,regions,MultiMinded,175,Balance,52.37999999999988,2341.4052,8,1755.59,637.298,2341.4052,2246.474262273252,2119.0146622732523,2236.2932009565425,8,43,6,91,68
36,30,33,AdaptiveCuttingAuction,0.025,0.04,10,True,,1000,10800,cats_reg_g30b150,True,abs,False,CATS,150,regions,MultiMinded,180,Balance,59.680000000000064,2136.9992,6,1693.26,587.83249999999998,2087.04,2105.5002865828192,2017.325411582819,2067.6378453037537,27,46,68,87,63
37,30,34,AdaptiveCuttingAuction,0.025,0.04,10,True,,1000,10800,cats_reg_g30b150,True,abs,False,CATS,150,regions,MultiMinded,263,Balance,68.7800000000002,1991.3467,4,1812.59,701.23299999999995,1991.3467,1934.8750308424299,1879.5320937266026,1948.4214816556957,25,44,27,79,64
38,30,40,AdaptiveCuttingAuction,0.025,0.04,10,True,,1000,10800,cats_reg_g30b150,True,abs,False,CATS,150,regions,MultiMinded,94,Balance,31.579999999999927,2724.0288,5,2153.9,576.38300000000004,2647.3538000000003,2406.9779523310767,2349.3396523310766,2604.5963610900044,24,46,27,85,70
39,30,30,AdaptiveCuttingAuction,0.025,0.04,10,True,,1000,10800,cats_reg_g30b150,True,abs,False,CATS,150,regions,MultiMinded,213,Balance,39.45999999999981,1968.0602,3,1918.66,764.726,1933.5459999999998,1910.3490135164448,1852.9945635164445,1936.8844508767525,1,30,67,70,60
40,30,33,AdaptiveCuttingAuction,0.025,0.04,10,True,,1000,10800,cats_reg_g30b150,True,abs,False,CATS,150,regions,MultiMinded,49,Balance,9.370000000000118,1942.0583000000001,3,1674.34,688.69799999999998,1942.0583000000001,1901.0939861117645,1849.4416361117642,1927.2195880751553,16,46,40,75,63
41,30,35,AdaptiveCuttingAuction,0.025,0.04,10,True,,1000,10800,cats_reg_g30b150,True,abs,False,CATS,150,regions,MultiMinded,96,Balance,26.88000000000011,1877.7214099999999,7,1423.29,646.35299999999995,1831.2470099999998,1792.6247870665516,1705.3649610505731,1771.9272000601791,12,43,25,81,65
42,30,32,AdaptiveCuttingAuction,0.025,0.04,10,True,,1000,10800,cats_reg_g30b150,True,abs,False,CATS,150,regions,MultiMinded,107,Balance,20.350000000000136,2111.841,4,1703.5,646.17399999999998,2111.841,2111.5164279704331,2046.8990279704333,2090.653197504721,1,30,63,76,62
43,30,40,AdaptiveCuttingAuction,0.025,0.04,10,True,,1000,10800,cats_reg_g30b150,True,abs,False,CATS,150,regions,MultiMinded,133,Balance,37.87999999999988,2446.7208,6,1927.69,685.90899999999999,2446.7208,2205.6827894275812,2119.9441644275817,2366.1989063010342,19,44,4,88,70
44,30,35,AdaptiveCuttingAuction,0.025,0.04,10,True,,1000,10800,cats_reg_g30b150,True,abs,False,CATS,150,regions,MultiMinded,159,Balance,39.319999999999936,1711.1515999999997,6,1299.51,651.40899999999999,1570.8409,1512.7026559045237,1414.9913059045236,1542.9118379795414,21,44,79,84,65
45,30,38,AdaptiveCuttingAuction,0.025,0.04,10,True,,1000,10800,cats_reg_g30b150,True,abs,False,CATS,150,regions,MultiMinded,69,Balance,16.980000000000018,2034.5094,6,1828.07,742.07299999999998,2034.5094,2040.1063247733175,1938.6532737907353,1975.4960876926684,8,33,25,85,68
46,30,31,AdaptiveCuttingAuction,0.025,0.04,10,True,,1000,10800,cats_reg_g30b150,True,abs,False,CATS,150,regions,MultiMinded,43,Balance,6.759999999999991,2564.0325000000003,4,2373.4,807.26099999999997,2564.0325000000003,2438.8305975600701,2378.2860225600703,2522.0838066807501,1,29,6,68,61
47,30,37,AdaptiveCuttingAuction,0.025,0.04,10,True,,1000,10800,cats_reg_g30b150,True,abs,False,CATS,150,regions,MultiMinded,68,Balance,16.610000000000127,2233.1322,7,1669.44,664.97900000000004,2233.1322,1957.1311816447476,1862.8931980546133,2149.4336116862046,22,42,21,77,67
48,30,35,AdaptiveCuttingAuction,0.025,0.04,10,True,,1000,10800,cats_reg_g30b150,True,abs,False,CATS,150,regions,MultiMinded,87,Balance,19.560000000000173,2069.4358,7,1826.01,556.24350000000004,2069.4358,1896.3858440026256,1799.0432315026255,2006.6381240255387,6,47,29,80,65
49,30,30,AdaptiveCuttingAuction,0.025,0.04,10,True,,1000,10800,cats_reg_g30b150,True,abs,False,CATS,150,regions,MultiMinded,71,Balance,12.659999999999854,1979.7895999999998,6,1594.07,673.82600000000002,1979.7895999999998,1854.1222828640705,1766.3240155039439,1936.8079385539195,1,30,57,72,60
50,30,33,AdaptiveCuttingAuction,0.025,0.04,10,True,,1000,10800,cats_reg_g30b150,True,abs,False,CATS,150,regions,MultiMinded,124,Balance,29.930000000000064,2110.6722999999997,7,1335.35,460.47550000000001,2110.6722999999997,1941.0130972025229,1871.9417722025225,2068.3326556766765,9,35,31,80,63
51,30,37,AdaptiveCuttingAuction,0.025,0.04,10,True,,1000,10800,cats_reg_g30b150,True,abs,False,CATS,150,regions,MultiMinded,34,Balance,7.189999999999827,2245.4244000000003,6,1882.26,597.73699999999997,2245.4244000000003,2182.4959155512379,2107.7787905512382,2198.0938375443379,1,28,29,81,67
52,30,32,AdaptiveCuttingAuction,0.025,0.04,10,True,,1000,10800,cats_reg_g30b150,True,abs,False,CATS,150,regions,MultiMinded,85,Balance,17.450000000000045,1756.6213,6,1409.87,556.45500000000004,1756.6213,1644.0200181732057,1560.551768173206,1694.4381089594872,7,39,18,71,62
53,30,34,AdaptiveCuttingAuction,0.025,0.04,10,True,,1000,10800,cats_reg_g30b150,True,abs,False,CATS,150,regions,MultiMinded,146,Balance,30.84999999999991,2325.6629000000003,10,1796.97,570.23000000000002,2325.6629000000003,2166.6748385389355,2038.3730885389352,2198.9214017211625,11,44,1,76,64
54,30,37,AdaptiveCuttingAuction,0.025,0.04,10,True,,1000,10800,cats_reg_g30b150,True,abs,False,CATS,150,regions,MultiMinded,100,Balance,24.299999999999955,2355.424,6,2152.9,670.553,2355.424,2269.4264536991254,2185.9563602345197,2290.8818155212448,25,42,8,88,67
55,30,33,AdaptiveCuttingAuction,0.025,0.04,10,True,,1000,10800,cats_reg_g30b150,True,abs,False,CATS,150,regions,MultiMinded,118,Balance,23.6400000000001,2078.1524999999997,10,1352.37,548.28150000000005,2078.1524999999997,2056.8529488011472,1919.782573801147,1970.9662182450718,14,42,33,80,63
56,30,39,AdaptiveCuttingAuction,0.025,0.04,10,True,,1000,10800,cats_reg_g30b150,True,abs,False,CATS,150,regions,MultiMinded,87,Balance,22.039999999999964,1893.3772000000004,9,1498.24,591.42200000000003,1893.3772000000004,1807.9058439456169,1689.6214439456169,1802.612826647942,1,29,31,86,69
57,30,36,AdaptiveCuttingAuction,0.025,0.04,10,True,,1000,10800,cats_reg_g30b150,True,abs,False,CATS,150,regions,MultiMinded,42,Balance,11.930000000000064,1899.5301999999997,5,1604.44,621.16750000000002,1859.0458999999998,1816.4607534574636,1738.8148159574637,1785.9235010139387,11,42,16,78,66
58,30,36,AdaptiveCuttingAuction,0.025,0.04,10,True,,1000,10800,cats_reg_g30b150,True,abs,False,CATS,150,regions,MultiMinded,276,Balance,84.76999999999998,2429.6093,6,2057.42,832.86300000000006,2429.6093,2326.6420755534173,2222.5342005534171,2351.9447651860828,25,44,60,85,66
59,30,39,AdaptiveCuttingAuction,0.025,0.04,10,True,,1000,10800,cats_reg_g30b150,True,abs,False,CATS,150,regions,MultiMinded,206,Balance,52.01999999999998,2064.9126,6,1772.9,622.28800000000001,2029.2505,1944.4285756518234,1851.0853756518234,1973.3434797585251,22,47,35,90,69
60,30,35,AdaptiveCuttingAuction,0.025,0.04,10,True,,1000,10800,cats_reg_g30b150,True,abs,False,CATS,150,regions,MultiMinded,219,Balance,41.549999999999955,1956.0875,3,1842.74,450.80399999999997,1936.1575,1868.7613995971003,1846.2211995971004,1932.8372268056207,10,35,49,78,65
61,30,37,AdaptiveCuttingAuction,0.025,0.04,10,True,,1000,10800,cats_reg_g30b150,True,abs,False,CATS,150,regions,MultiMinded,161,Balance,53.909999999999854,1951.6029999999998,7,1560.47,530.9905,1951.6029999999998,1786.4456065183076,1693.5222690183075,1875.673850858303,25,46,26,87,67
62,30,34,AdaptiveCuttingAuction,0.025,0.04,10,True,,1000,10800,cats_reg_g30b150,True,abs,False,CATS,150,regions,MultiMinded,122,Balance,29.059999999999945,1978.0167,7,1737.89,582.94900000000007,1977.3040999999998,1852.7877078700851,1750.7716328700853,1898.0932507739155,15,45,6,75,64
63,30,30,AdaptiveCuttingAuction,0.025,0.04,10,True,,1000,10800,cats_reg_g30b150,True,abs,False,CATS,150,regions,MultiMinded,101,Balance,19.710000000000036,2547.4234,5,1821.34,869.476,2547.4234,2441.8712582690823,2347.6665792420085,2505.0982967613622,8,42,41,72,60
64,30,34,AdaptiveCuttingAuction,0.025,0.04,10,True,,1000,10800,cats_reg_g30b150,True,abs,False,CATS,150,regions,MultiMinded,89,Balance,22.960000000000036,2427.9729,8,1844.14,792.92899999999997,2427.9729,2246.2418231689871,2090.5832622342805,2272.3143390652931,20,42,0,77,64
65,30,36,AdaptiveCuttingAuction,0.025,0.04,10,True,,1000,10800,cats_reg_g30b150,True,abs,False,CATS,150,regions,MultiMinded,99,Balance,25.079999999999927,2209.3287,9,1779.98,732.52250000000004,2134.5853,1955.5872813118781,1809.0827813118781,2016.1988511091456,13,40,75,81,66
66,30,30,AdaptiveCuttingAuction,0.025,0.04,10,True,,1000,10800,cats_reg_g30b150,True,abs,False,CATS,150,regions,MultiMinded,52,Balance,7.430000000000064,2387.3904,2,2290.03,553.03500000000008,2387.3904,2324.1572220505059,2296.5054720505059,2373.7829602318807,1,29,27,66,60
67,30,41,AdaptiveCuttingAuction,0.025,0.04,10,True,,1000,10800,cats_reg_g30b150,True,abs,False,CATS,150,regions,MultiMinded,1000,MaxIter,358.8799999999999,2130.5865999999996,9,1569.3,447.20299999999997,2030.1996000000001,1957.1458546782658,1444.1272243326121,1609.7970097411478,9,47,36,96,71
68,30,34,AdaptiveCuttingAuction,0.025,0.04,10,True,,1000,10800,cats_reg_g30b150,True,abs,False,CATS,150,regions,MultiMinded,116,Balance,25.210000000000036,1871.0335999999998,7,1491.62,623.48450000000003,1804.1255,1730.3260735290585,1621.2162860290582,1738.4782885037066,1,30,75,79,64
69,30,34,AdaptiveCuttingAuction,0.025,0.04,10,True,,1000,10800,cats_reg_g30b150,True,abs,False,CATS,150,regions,MultiMinded,85,Balance,15.450000000000045,2248.1536,8,1918.69,909.28949999999998,2248.1536,2220.6011719087464,2038.7432719087462,2134.6461344658646,1,29,49,74,64
70,30,32,AdaptiveCuttingAuction,0.025,0.04,10,True,,1000,10800,cats_reg_g30b150,True,abs,False,CATS,150,regions,MultiMinded,145,Balance,27.519999999999982,2074.3614,4,1794.89,671.03600000000006,1998.6884,1902.8695702086939,1843.1799789273382,1995.5968537604381,1,30,88,71,62
71,30,30,AdaptiveCuttingAuction,0.025,0.04,10,True,,1000,10800,cats_reg_g30b150,True,abs,False,CATS,150,regions,MultiMinded,290,Balance,65.90000000000009,2107.4125,3,1919.92,672.68100000000004,2107.4125,2071.529362881311,2021.0782878813109,2087.7439011761644,6,38,19,77,60
72,30,35,AdaptiveCuttingAuction,0.025,0.04,10,True,,1000,10800,cats_reg_g30b150,True,abs,False,CATS,150,regions,MultiMinded,69,Balance,12.63000000000011,1946.4843000000003,8,1216.53,554.09649999999999,1917.7996999999998,1786.3114377173663,1689.3445502173665,1856.8685660749543,1,29,22,74,65
73,30,35,AdaptiveCuttingAuction,0.025,0.04,10,True,,1000,10800,cats_reg_g30b150,True,abs,False,CATS,150,regions,MultiMinded,473,Balance,129.23000000000002,1852.6272999999999,8,1445.38,663.03899999999999,1814.038,1637.4994501776118,1504.8916501776118,1728.6717310969643,15,45,120,82,65
74,30,31,AdaptiveCuttingAuction,0.025,0.04,10,True,,1000,10800,cats_reg_g30b150,True,abs,False,CATS,150,regions,MultiMinded,186,Balance,38.59999999999991,2020.0417,6,1744.34,781.83899999999994,2020.0417,1993.3310274939229,1876.0551774939229,1938.1961019123321,1,30,25,71,61
75,30,39,AdaptiveCuttingAuction,0.025,0.04,10,True,,1000,10800,cats_reg_g30b150,True,abs,False,CATS,150,regions,MultiMinded,83,Balance,18.539999999999964,2549.9302,11,1890.83,637.39099999999996,2549.9302,2419.893553761362,2244.6110287613619,2386.9793432782749,27,48,29,90,69
76,30,36,AdaptiveCuttingAuction,0.025,0.04,10,True,,1000,10800,cats_reg_g30b150,True,abs,False,CATS,150,regions,MultiMinded,58,Balance,13.309999999999945,1970.4382,5,1633.82,405.01099999999997,1957.2915,1914.7529740361015,1864.1265990361014,1921.2425112848505,25,38,23,74,66
77,30,34,AdaptiveCuttingAuction,0.025,0.04,10,True,,1000,10800,cats_reg_g30b150,True,abs,False,CATS,150,regions,MultiMinded,116,Balance,20.440000000000055,1646.3148,2,1576.38,831.28949999999998,1646.3148,1640.5552586317103,1598.9907836317102,1605.2525015844753,1,30,1,76,64
78,30,34,AdaptiveCuttingAuction,0.025,0.04,10,True,,1000,10800,cats_reg_g30b150,True,abs,False,CATS,150,regions,MultiMinded,131,Balance,33.93999999999983,2412.1546,7,1881.66,768.41550000000007,2345.1620999999996,2302.8788797021502,2187.6165547021501,2258.0925119690091,7,47,23,80,64
79,30,29,AdaptiveCuttingAuction,0.025,0.04,10,True,,1000,10800,cats_reg_g30b150,True,abs,False,CATS,150,regions,MultiMinded,245,Balance,43.37000000000012,2267.359,5,2060.3,919.01300000000003,2255.609,2223.6521905899222,2108.7755655899218,2206.7163242759739,15,44,87,78,59
80,30,37,AdaptiveCuttingAuction,0.025,0.04,10,True,,1000,10800,cats_reg_g30b150,True,abs,False,CATS,150,regions,MultiMinded,84,Balance,22.559999999999945,2112.5864,6,1592.54,576.49599999999998,2047.4059000000002,1955.1780951024571,1880.4354431526472,1995.3247765259514,11,45,31,83,67
81,30,33,AdaptiveCuttingAuction,0.025,0.04,10,True,,1000,10800,cats_reg_g30b150,True,abs,False,CATS,150,regions,MultiMinded,77,Balance,12.740000000000009,1652.215,4,1316.69,725.81600000000003,1652.215,1640.2412450572774,1567.6596450572772,1599.8022307312904,1,30,33,71,63
82,30,35,AdaptiveCuttingAuction,0.025,0.04,10,True,,1000,10800,cats_reg_g30b150,True,abs,False,CATS,150,regions,MultiMinded,73,Balance,25.589999999999918,2109.0315,7,1900.31,619.13249999999994,2109.0315,2083.2630314900298,1976.9721894814033,2036.8219315262038,24,47,35,82,65
83,30,32,AdaptiveCuttingAuction,0.025,0.04,10,True,,1000,10800,cats_reg_g30b150,True,abs,False,CATS,150,regions,MultiMinded,91,Balance,19.970000000000027,2576.43019,7,2027.96,1059.6700000000001,2576.43019,2555.7132218764732,2371.0187187177053,2427.2030373218277,15,46,7,73,62
84,30,34,AdaptiveCuttingAuction,0.025,0.04,10,True,,1000,10800,cats_reg_g30b150,True,abs,False,CATS,150,regions,MultiMinded,303,Balance,109.31999999999994,1983.6759000000002,7,1485.27,650.14099999999996,1962.444,1827.1681377499795,1713.3934627499793,1899.2114871031324,17,45,86,87,64
85,30,33,AdaptiveCuttingAuction,0.025,0.04,10,True,,1000,10800,cats_reg_g30b150,True,abs,False,CATS,150,regions,MultiMinded,51,Balance,9.339999999999918,1650.3177,5,1136.81,534.83399999999995,1650.3177,1588.6439918202525,1521.7897418202524,1596.5926200069796,1,30,1,73,63
86,30,37,AdaptiveCuttingAuction,0.025,0.04,10,True,,1000,10800,cats_reg_g30b150,True,abs,False,CATS,150,regions,MultiMinded,52,Balance,9.410000000000082,2073.2363,5,1605.13,504.47649999999999,2073.2363,1933.1102508649494,1870.0506883649493,2010.1767374999999,8,33,0,75,67
87,30,34,AdaptiveCuttingAuction,0.025,0.04,10,True,,1000,10800,cats_reg_g30b150,True,abs,False,CATS,150,regions,MultiMinded,131,Balance,35.38000000000011,2161.5317,10,1611.82,461.19499999999999,2161.5317,2062.4866680285959,1970.2476680285961,2085.2392151815848,19,42,27,79,64
88,30,35,AdaptiveCuttingAuction,0.025,0.04,10,True,,1000,10800,cats_reg_g30b150,True,abs,False,CATS,150,regions,MultiMinded,110,Balance,28.279999999999973,1960.6723,9,1579.4,529.16499999999996,1950.6343,1904.8945658518076,1799.0615658518075,1867.8744801529333,10,40,29,81,65
89,30,40,AdaptiveCuttingAuction,0.025,0.04,10,True,,1000,10800,cats_reg_g30b150,True,abs,False,CATS,150,regions,MultiMinded,70,Balance,20.180000000000064,2103.4608,12,1324.86,455.78500000000003,2103.4608,1779.5170316875947,1676.9654066875951,2011.4560916501273,1,27,1,84,70
90,30,36,AdaptiveCuttingAuction,0.025,0.04,10,True,,1000,10800,cats_reg_g30b150,True,abs,False,CATS,150,regions,MultiMinded,119,Balance,25.49000000000001,2252.2093,7,1749.09,686.99800000000005,2252.2093,2122.174787120488,2019.1250871204879,2174.0875387419346,4,36,20,84,66
91,30,37,AdaptiveCuttingAuction,0.025,0.04,10,True,,1000,10800,cats_reg_g30b150,True,abs,False,CATS,150,regions,MultiMinded,66,Balance,13.789999999999964,2533.4677,9,1557.05,605.50300000000004,2524.7637,2186.334147423262,2065.2335474232623,2409.3645038313489,6,33,15,77,67
92,30,37,AdaptiveCuttingAuction,0.025,0.04,10,True,,1000,10800,cats_reg_g30b150,True,abs,False,CATS,150,regions,MultiMinded,85,Balance,19.6400000000001,2087.0795,9,1557.29,467.12700000000001,2087.0795,1996.8451690170111,1891.741594017011,1990.144417569177,20,44,27,82,67
93,30,34,AdaptiveCuttingAuction,0.025,0.04,10,True,,1000,10800,cats_reg_g30b150,True,abs,False,CATS,150,regions,MultiMinded,41,Balance,7.9099999999998545,2220.4165999999996,8,1477.09,531.97949999999992,2187.6236,1995.3509548780389,1888.9550548780389,2123.1718249749588,1,30,36,75,64
94,30,33,AdaptiveCuttingAuction,0.025,0.04,10,True,,1000,10800,cats_reg_g30b150,True,abs,False,CATS,150,regions,MultiMinded,278,Balance,95.2199999999998,2089.1439,6,1850.23,583.02999999999997,2075.2699000000002,1922.7186362674713,1864.4156362674714,2045.3445471812172,11,43,35,80,63
95,30,36,AdaptiveCuttingAuction,0.025,0.04,10,True,,1000,10800,cats_reg_g30b150,True,abs,False,CATS,150,regions,MultiMinded,115,Balance,29.660000000000082,2218.1557,7,1747.55,732.99250000000006,2218.1557,2194.0985347897022,2065.8248472897021,2125.1545265958198,11,46,23,84,66
96,30,33,AdaptiveCuttingAuction,0.025,0.04,10,True,,1000,10800,cats_reg_g30b150,True,abs,False,CATS,150,regions,MultiMinded,150,Balance,35.7800000000002,1873.9284000000002,4,1690.89,555.43200000000002,1873.9284000000002,1840.9915367682652,1785.4483367682651,1836.3268394731278,12,45,32,79,63
97,30,37,AdaptiveCuttingAuction,0.025,0.04,10,True,,1000,10800,cats_reg_g30b150,True,abs,False,CATS,150,regions,MultiMinded,108,Balance,28.559999999999945,1853.4531000000002,11,1334.16,635.36699999999996,1803.3401000000001,1727.5760197569357,1568.7342697569359,1682.1392846220213,25,42,25,83,67
98,30,36,AdaptiveCuttingAuction,0.025,0.04,10,True,,1000,10800,cats_reg_g30b150,True,abs,False,CATS,150,regions,MultiMinded,59,Balance,12.509999999999991,2779.0163,8,2131.76,620.35799999999995,2779.0163,2670.8266225067891,2546.7550225067894,2680.4198775406398,10,40,27,78,66
99,30,37,AdaptiveCuttingAuction,0.025,0.04,10,True,,1000,10800,cats_reg_g30b150,True,abs,False,CATS,150,regions,MultiMinded,138,Balance,38.58999999999992,2286.8288000000002,5,1573.72,543.00099999999998,2260.4235,2187.8310916706941,2133.5309916706938,2229.7162334908044,9,41,29,84,67
100,30,32,AdaptiveCuttingAuction,0.025,0.04,10,True,,1000,10800,cats_reg_g30b150,True,abs,False,CATS,150,regions,MultiMinded,117,Balance,23.610000000000127,1906.0085,9,1496.95,591.39400000000001,1906.0085,1784.86735146107,1651.80370146107,1781.8594492295501,23,45,32,78,62
