idx,items,agents,auction_class,epsilon,stepc,epoch,scalebyvalue,reserve_type,maxiter,maxtime,generator_param_name,personalized,expstrat,int_prices,generator,bids,distribution,type,rounds,status,runtime,efficient_value,final_num_winners,final_max_agent_value,final_scalevalue,final_value,final_total_price,final_revenue,final_indirect_util,final_price_degree,final_price_sparsity,final_imbalance,final_wd_nvars,final_wd_ncons
1,10,17,AdaptiveCuttingAuction,0.025,0.16,10,True,,1000,10800,cats_reg_g10b50,True,abs,False,CATS,50,regions,MultiMinded,76,Balance,3.6399999999999864,681.0817,4,513.163,288.52699999999999,681.0817,663.80884938888209,634.95614938888218,656.7147650693239,1,10,6,44,27
2,10,19,AdaptiveCuttingAuction,0.025,0.16,10,True,,1000,10800,cats_reg_g10b50,True,abs,False,CATS,50,regions,MultiMinded,62,Balance,3.590000000000032,734.1289999999999,2,640.313,226.71899999999999,732.193,726.34489773145526,715.00894773145535,724.65002735004862,6,19,15,42,29
3,10,17,AdaptiveCuttingAuction,0.025,0.16,10,True,,1000,10800,cats_reg_g10b50,True,abs,False,CATS,50,regions,MultiMinded,126,Balance,7.599999999999966,804.4359999999999,3,797.452,310.25200000000001,804.4359999999999,805.18073702704783,781.9118370270478,784.55945825902188,5,17,4,41,27
4,10,14,AdaptiveCuttingAuction,0.025,0.16,10,True,,1000,10800,cats_reg_g10b50,True,abs,False,CATS,50,regions,MultiMinded,56,Balance,2.329999999999984,574.909,2,568.922,272.93700000000001,574.909,562.40531488222473,548.75846488222464,567.7788351177752,1,10,9,32,24
5,10,21,AdaptiveCuttingAuction,0.025,0.16,10,True,,1000,10800,cats_reg_g10b50,True,abs,False,CATS,50,regions,MultiMinded,68,Balance,3.3999999999999773,650.6363,2,619.701,342.60149999999999,650.6363,655.47814506741793,638.34807006741789,638.50752814267787,1,10,18,44,31
6,10,17,AdaptiveCuttingAuction,0.025,0.16,10,True,,1000,10800,cats_reg_g10b50,True,abs,False,CATS,50,regions,MultiMinded,142,Balance,7.279999999999973,834.2848,4,784.19,470.66899999999998,834.2848,807.05553618155966,759.98863618155985,788.98443640408902,8,17,4,38,27
7,10,21,AdaptiveCuttingAuction,0.025,0.16,10,True,,1000,10800,cats_reg_g10b50,True,abs,False,CATS,50,regions,MultiMinded,75,Balance,5.410000000000025,854.667,4,696.341,343.76999999999998,843.06,833.11317816737619,798.73617816737612,821.20243320326313,9,24,10,47,31
8,10,18,AdaptiveCuttingAuction,0.025,0.16,10,True,,1000,10800,cats_reg_g10b50,True,abs,False,CATS,50,regions,MultiMinded,104,Balance,6.569999999999993,663.572,3,592.441,275.35000000000002,663.572,651.89282081236524,631.24157081236535,653.22124883019501,6,14,11,40,28
9,10,18,AdaptiveCuttingAuction,0.025,0.16,10,True,,1000,10800,cats_reg_g10b50,True,abs,False,CATS,50,regions,MultiMinded,41,Balance,2.5600000000000023,724.6032999999999,4,611.583,280.12,724.6032999999999,719.05811204060433,691.04611204060404,708.28049094128642,5,15,6,39,28
10,10,23,AdaptiveCuttingAuction,0.025,0.16,10,True,,1000,10800,cats_reg_g10b50,True,abs,False,CATS,50,regions,MultiMinded,72,Balance,4.279999999999973,946.3547,4,784.828,433.57950000000005,946.3547,917.87250832051836,881.29658623559203,924.63141489674149,5,15,4,49,33
11,10,16,AdaptiveCuttingAuction,0.025,0.16,10,True,,1000,10800,cats_reg_g10b50,True,abs,False,CATS,50,regions,MultiMinded,79,Balance,4.589999999999975,724.662,1,724.662,403.49950000000001,724.662,703.4326405839887,693.34515308398875,714.57451250000008,8,14,0,35,26
12,10,16,AdaptiveCuttingAuction,0.025,0.16,10,True,,1000,10800,cats_reg_g10b50,True,abs,False,CATS,50,regions,MultiMinded,46,Balance,1.9700000000000273,522.114,1,522.114,283.13549999999998,522.114,502.22459034414709,495.14620284414707,528.47473792999301,1,10,12,38,26
13,10,17,AdaptiveCuttingAuction,0.025,0.16,10,True,,1000,10800,cats_reg_g10b50,True,abs,False,CATS,50,regions,MultiMinded,237,Balance,12.550000000000011,778.1078,2,718.401,353.04300000000001,778.1078,763.61695993657838,745.96480993657849,776.95625592788906,1,10,8,41,27
14,10,17,AdaptiveCuttingAuction,0.025,0.16,10,True,,1000,10800,cats_reg_g10b50,True,abs,False,CATS,50,regions,MultiMinded,47,Balance,2.089999999999975,588.9796,2,575.883,307.69200000000001,588.9796,550.86606033334192,543.07888451976362,586.61827188337304,1,10,7,35,27
15,10,17,AdaptiveCuttingAuction,0.025,0.16,10,True,,1000,10800,cats_reg_g10b50,True,abs,False,CATS,50,regions,MultiMinded,69,Balance,3.2900000000000205,634.994,2,600.13,422.91899999999998,634.994,622.48598966707812,601.34003966707803,639.00156034494046,1,10,28,37,27
16,10,26,AdaptiveCuttingAuction,0.025,0.16,10,True,,1000,10800,cats_reg_g10b50,True,abs,False,CATS,50,regions,MultiMinded,142,Balance,9.0,519.6692,2,485.933,278.584,519.6692,520.79412505500761,506.86492505500757,509.58582724761357,2,11,9,54,36
17,10,16,AdaptiveCuttingAuction,0.025,0.16,10,True,,1000,10800,cats_reg_g10b50,True,abs,False,CATS,50,regions,MultiMinded,56,Balance,3.1899999999999977,910.0260000000001,3,815.656,322.738,910.0260000000001,890.57191901257238,866.36656901257231,892.74639396490761,5,16,7,35,26
18,10,18,AdaptiveCuttingAuction,0.025,0.16,10,True,,1000,10800,cats_reg_g10b50,True,abs,False,CATS,50,regions,MultiMinded,70,Balance,3.8000000000000114,982.461,2,932.103,367.83500000000004,982.461,986.61802622746643,968.22627622746643,968.81909590523128,5,14,9,44,28
19,10,19,AdaptiveCuttingAuction,0.025,0.16,10,True,,1000,10800,cats_reg_g10b50,True,abs,False,CATS,50,regions,MultiMinded,175,Balance,11.859999999999957,903.4849999999999,2,826.774,559.33850000000007,903.4849999999999,873.00624910584202,845.03932410584207,907.28351887026815,10,21,30,44,29
20,10,21,AdaptiveCuttingAuction,0.025,0.16,10,True,,1000,10800,cats_reg_g10b50,True,abs,False,CATS,50,regions,MultiMinded,63,Balance,3.9700000000000273,780.3014999999999,6,637.779,268.37200000000001,780.3014999999999,727.51647895638894,687.26067895638903,744.83163861496701,6,16,5,46,31
21,10,17,AdaptiveCuttingAuction,0.025,0.16,10,True,,1000,10800,cats_reg_g10b50,True,abs,False,CATS,50,regions,MultiMinded,33,Balance,1.5300000000000296,869.309,3,770.684,361.69299999999998,869.309,811.70815782371756,784.58118282371765,864.9442200369175,1,10,8,39,27
22,10,16,AdaptiveCuttingAuction,0.025,0.16,10,True,,1000,10800,cats_reg_g10b50,True,abs,False,CATS,50,regions,MultiMinded,505,Balance,36.52000000000004,827.155,1,792.758,416.87799999999999,792.758,799.67316033984832,789.25121033984829,789.25121033984829,9,27,10,41,26
23,10,21,AdaptiveCuttingAuction,0.025,0.16,10,True,,1000,10800,cats_reg_g10b50,True,abs,False,CATS,50,regions,MultiMinded,80,Balance,4.5400000000000205,926.9879999999999,5,813.726,269.07900000000001,926.9879999999999,903.20703982608438,869.57216482608419,904.48180702388606,3,231,10,47,31
24,10,23,AdaptiveCuttingAuction,0.025,0.16,10,True,,1000,10800,cats_reg_g10b50,True,abs,False,CATS,50,regions,MultiMinded,221,Balance,18.739999999999952,822.2049999999999,4,635.81,377.13200000000001,822.2049999999999,813.30647093855214,775.59327093855211,800.59149673421246,9,29,28,55,33
25,10,22,AdaptiveCuttingAuction,0.025,0.16,10,True,,1000,10800,cats_reg_g10b50,True,abs,False,CATS,50,regions,MultiMinded,149,Balance,10.970000000000027,534.8185,2,446.519,197.68200000000002,534.8185,520.32633064625202,510.44223064625203,526.21953588121505,9,24,9,48,32
26,10,17,AdaptiveCuttingAuction,0.025,0.16,10,True,,1000,10800,cats_reg_g10b50,True,abs,False,CATS,50,regions,MultiMinded,44,Balance,1.9499999999999886,716.487,1,716.487,299.23599999999999,716.487,696.83149730191133,689.35059730191131,709.00609999999995,1,10,0,36,27
27,10,17,AdaptiveCuttingAuction,0.025,0.16,10,True,,1000,10800,cats_reg_g10b50,True,abs,False,CATS,50,regions,MultiMinded,80,Balance,4.090000000000032,811.1127,4,667.768,330.15700000000004,811.1127,796.48663920345814,763.47093920345822,782.89137998364617,5,16,3,43,27
28,10,18,AdaptiveCuttingAuction,0.025,0.16,10,True,,1000,10800,cats_reg_g10b50,True,abs,False,CATS,50,regions,MultiMinded,164,Balance,10.300000000000011,818.682,3,802.322,385.84800000000001,818.682,813.99841738360806,785.05981738360799,805.51283298533849,9,25,22,45,28
29,10,20,AdaptiveCuttingAuction,0.025,0.16,10,True,,1000,10800,cats_reg_g10b50,True,abs,False,CATS,50,regions,MultiMinded,70,Balance,3.8600000000000136,767.6940999999999,3,746.709,446.00549999999998,767.6940999999999,740.82362266463997,707.37321016464,754.70525341817245,1,10,21,44,30
30,10,18,AdaptiveCuttingAuction,0.025,0.16,10,True,,1000,10800,cats_reg_g10b50,True,abs,False,CATS,50,regions,MultiMinded,509,Balance,33.629999999999995,794.5821000000001,3,739.446,385.6635,794.5821000000001,792.47908575061786,763.55432325061781,779.25173888975723,9,20,15,42,28
31,10,21,AdaptiveCuttingAuction,0.025,0.16,10,True,,1000,10800,cats_reg_g10b50,True,abs,False,CATS,50,regions,MultiMinded,167,Balance,11.509999999999991,818.388,2,733.06,325.495,818.388,826.00535027965179,809.73060027965175,809.85205051687592,7,20,16,44,31
32,10,20,AdaptiveCuttingAuction,0.025,0.16,10,True,,1000,10800,cats_reg_g10b50,True,abs,False,CATS,50,regions,MultiMinded,62,Balance,4.319999999999993,637.3713,4,533.498,304.15100000000001,636.0468,626.14870403862517,595.73360403862523,618.96309810813216,6,15,10,45,30
33,10,16,AdaptiveCuttingAuction,0.025,0.16,10,True,,1000,10800,cats_reg_g10b50,True,abs,False,CATS,50,regions,MultiMinded,33,Balance,1.5300000000000296,560.5032,2,498.34,219.72300000000001,560.5032,522.32365072391224,511.33750072391229,549.51705000000004,1,10,0,35,26
34,10,20,AdaptiveCuttingAuction,0.025,0.16,10,True,,1000,10800,cats_reg_g10b50,True,abs,False,CATS,50,regions,MultiMinded,52,Balance,2.660000000000025,726.3012,4,568.454,249.64099999999999,726.3012,717.04249942181707,692.07839942181704,706.20529820452612,1,10,5,44,30
35,10,27,AdaptiveCuttingAuction,0.025,0.16,10,True,,1000,10800,cats_reg_g10b50,True,abs,False,CATS,50,regions,MultiMinded,101,Balance,7.6200000000000045,858.175,2,722.988,380.87900000000002,858.175,848.89212782146672,829.84817782146672,839.13104999999996,7,17,0,54,37
36,10,17,AdaptiveCuttingAuction,0.025,0.16,10,True,,1000,10800,cats_reg_g10b50,True,abs,False,CATS,50,regions,MultiMinded,185,Balance,11.159999999999968,716.498,1,716.498,379.51999999999998,716.498,715.56260995971923,706.07460995971928,707.0100000000001,9,20,0,38,27
37,10,20,AdaptiveCuttingAuction,0.025,0.16,10,True,,1000,10800,cats_reg_g10b50,True,abs,False,CATS,50,regions,MultiMinded,47,Balance,2.32000000000005,824.835,3,630.222,329.92600000000004,824.835,815.3221141162777,790.57766411627767,807.74868247122492,1,10,4,41,30
38,10,18,AdaptiveCuttingAuction,0.025,0.16,10,True,,1000,10800,cats_reg_g10b50,True,abs,False,CATS,50,regions,MultiMinded,722,Balance,49.43000000000001,825.56,1,825.56,471.01400000000001,825.56,810.43613650117311,798.66078650117311,822.5376227263173,10,21,9,42,28
39,10,25,AdaptiveCuttingAuction,0.025,0.16,10,True,,1000,10800,cats_reg_g10b50,True,abs,False,CATS,50,regions,MultiMinded,41,Balance,2.5600000000000023,948.5501,5,753.385,196.10050000000001,948.5501,935.53455929435916,911.02199679435898,931.35750330704764,1,10,8,50,35
40,10,22,AdaptiveCuttingAuction,0.025,0.16,10,True,,1000,10800,cats_reg_g10b50,True,abs,False,CATS,50,regions,MultiMinded,199,Balance,13.619999999999948,694.64,2,671.57,320.48500000000001,694.64,696.0259228744967,680.00167287449676,680.54941293598654,9,22,12,52,32
41,10,18,AdaptiveCuttingAuction,0.025,0.16,10,True,,1000,10800,cats_reg_g10b50,True,abs,False,CATS,50,regions,MultiMinded,43,Balance,2.1999999999999886,919.5834,3,833.068,428.51799999999997,919.5834,889.07581527979005,856.93696527979012,896.14146363531404,1,10,2,40,28
42,10,21,AdaptiveCuttingAuction,0.025,0.16,10,True,,1000,10800,cats_reg_g10b50,True,abs,False,CATS,50,regions,MultiMinded,70,Balance,3.839999999999975,722.396,1,722.396,339.44,722.396,721.41959379899993,712.93359379899994,716.1999849927962,9,15,3,44,31
43,10,20,AdaptiveCuttingAuction,0.025,0.16,10,True,,1000,10800,cats_reg_g10b50,True,abs,False,CATS,50,regions,MultiMinded,41,Balance,2.319999999999993,820.8240000000001,2,681.374,265.63999999999999,820.8240000000001,808.79224178011714,795.51024178011721,816.28104781320758,1,10,8,44,30
44,10,19,AdaptiveCuttingAuction,0.025,0.16,10,True,,1000,10800,cats_reg_g10b50,True,abs,False,CATS,50,regions,MultiMinded,201,Balance,17.519999999999982,607.363,3,484.926,277.04599999999999,590.487,585.2368406135829,564.45839061358288,578.10870096702206,9,23,17,50,29
45,10,20,AdaptiveCuttingAuction,0.025,0.16,10,True,,1000,10800,cats_reg_g10b50,True,abs,False,CATS,50,regions,MultiMinded,49,Balance,2.3500000000000227,687.7891,5,510.577,285.93000000000001,687.7891,654.99471089882513,626.29481206088712,665.88244963443765,1,10,6,42,30
46,10,19,AdaptiveCuttingAuction,0.025,0.16,10,True,,1000,10800,cats_reg_g10b50,True,abs,False,CATS,50,regions,MultiMinded,47,Balance,2.319999999999993,810.368,2,810.368,345.00850000000003,808.7297,802.67309226855537,785.42266726855541,798.98952511688117,1,10,1,41,29
47,10,18,AdaptiveCuttingAuction,0.025,0.16,10,True,,1000,10800,cats_reg_g10b50,True,abs,False,CATS,50,regions,MultiMinded,62,Balance,3.5200000000000387,759.477,2,738.963,363.25599999999997,759.477,756.00623709744764,737.84343709744758,753.52035491363563,8,16,18,42,28
48,10,29,AdaptiveCuttingAuction,0.025,0.16,10,True,,1000,10800,cats_reg_g10b50,True,abs,False,CATS,50,regions,MultiMinded,99,Balance,6.300000000000011,726.774,3,661.833,328.96899999999999,726.774,712.2774872905751,687.60481229057496,708.57738565310717,1,10,8,61,39
49,10,23,AdaptiveCuttingAuction,0.025,0.16,10,True,,1000,10800,cats_reg_g10b50,True,abs,False,CATS,50,regions,MultiMinded,69,Balance,4.119999999999948,587.5914,6,462.576,216.20049999999998,587.5914,571.85135121349128,539.4212762134913,558.44702438974321,4,16,1,51,33
50,10,17,AdaptiveCuttingAuction,0.025,0.16,10,True,,1000,10800,cats_reg_g10b50,True,abs,False,CATS,50,regions,MultiMinded,36,Balance,1.599999999999966,945.836,4,681.012,323.851,945.836,927.10968236073302,894.72458236073305,920.12103184883244,1,10,1,35,27
51,10,25,AdaptiveCuttingAuction,0.025,0.16,10,True,,1000,10800,cats_reg_g10b50,True,abs,False,CATS,50,regions,MultiMinded,69,Balance,4.46999999999997,831.2631000000001,3,644.905,285.66050000000001,831.2631000000001,804.79273803881961,783.36820053881968,818.04229087594581,5,12,10,51,35
52,10,19,AdaptiveCuttingAuction,0.025,0.16,10,True,,1000,10800,cats_reg_g10b50,True,abs,False,CATS,50,regions,MultiMinded,45,Balance,2.1200000000000045,608.391,1,608.391,276.31299999999999,608.391,575.33839843703447,568.43057343703447,616.90327473735135,1,10,21,40,29
53,10,21,AdaptiveCuttingAuction,0.025,0.16,10,True,,1000,10800,cats_reg_g10b50,True,abs,False,CATS,50,regions,MultiMinded,141,Balance,9.970000000000027,623.5598,4,612.518,167.23250000000002,623.5598,616.5928792725374,599.8696292725374,613.04946567256138,6,18,14,45,31
54,10,20,AdaptiveCuttingAuction,0.025,0.16,10,True,,1000,10800,cats_reg_g10b50,True,abs,False,CATS,50,regions,MultiMinded,114,Balance,7.460000000000036,1040.322,4,967.436,414.12850000000003,1040.322,1040.8265407616543,999.41369076165427,1015.3288020294731,7,20,9,48,30
55,10,17,AdaptiveCuttingAuction,0.025,0.16,10,True,,1000,10800,cats_reg_g10b50,True,abs,False,CATS,50,regions,MultiMinded,23,Balance,1.1399999999999864,1001.244,2,739.168,309.35699999999997,1001.244,918.62712394043888,903.15927394043888,985.77615000000014,7,12,0,34,27
56,10,17,AdaptiveCuttingAuction,0.025,0.16,10,True,,1000,10800,cats_reg_g10b50,True,abs,False,CATS,50,regions,MultiMinded,92,Balance,5.060000000000002,674.3464,3,592.43,348.80000000000001,659.3265,654.43575755627035,628.27575755627038,647.45957168214045,6,15,22,37,27
57,10,20,AdaptiveCuttingAuction,0.025,0.16,10,True,,1000,10800,cats_reg_g10b50,True,abs,False,CATS,50,regions,MultiMinded,60,Balance,3.080000000000041,783.158,3,568.928,268.62299999999999,783.158,761.19656594013691,741.04984094013685,775.19021177753007,9,17,10,43,30
58,10,21,AdaptiveCuttingAuction,0.025,0.16,10,True,,1000,10800,cats_reg_g10b50,True,abs,False,CATS,50,regions,MultiMinded,75,Balance,4.0,871.9079999999999,2,791.212,427.88200000000001,871.9079999999999,855.46647205563272,834.07237205563274,862.25350605815026,1,10,6,46,31
59,10,28,AdaptiveCuttingAuction,0.025,0.16,10,True,,1000,10800,cats_reg_g10b50,True,abs,False,CATS,50,regions,MultiMinded,150,Balance,10.32000000000005,875.1772,3,803.796,406.47899999999998,875.1772,875.61174835897998,845.12582335898003,856.10560693917182,1,10,11,61,38
60,10,22,AdaptiveCuttingAuction,0.025,0.16,10,True,,1000,10800,cats_reg_g10b50,True,abs,False,CATS,50,regions,MultiMinded,77,Balance,4.400000000000034,716.1357,3,662.173,358.10899999999998,716.1357,669.93989511054565,643.08172011054569,699.22937249654535,5,16,14,47,32
61,10,19,AdaptiveCuttingAuction,0.025,0.16,10,True,,1000,10800,cats_reg_g10b50,True,abs,False,CATS,50,regions,MultiMinded,45,Balance,2.2800000000000296,756.948,3,553.212,307.67700000000002,720.7754,710.69041744417325,687.61464244417323,711.04775821047451,5,14,7,42,29
62,10,20,AdaptiveCuttingAuction,0.025,0.16,10,True,,1000,10800,cats_reg_g10b50,True,abs,False,CATS,50,regions,MultiMinded,33,Balance,1.6299999999999955,962.414,4,839.979,365.63299999999998,959.2605000000001,951.65263304135419,915.08933304135439,935.28311257177756,1,10,8,42,30
63,10,20,AdaptiveCuttingAuction,0.025,0.16,10,True,,1000,10800,cats_reg_g10b50,True,abs,False,CATS,50,regions,MultiMinded,47,Balance,2.680000000000007,966.8963000000001,4,783.33,502.36099999999999,966.8963000000001,974.54541113298149,924.30931113298152,928.02743800287692,6,14,7,42,30
64,10,24,AdaptiveCuttingAuction,0.025,0.16,10,True,,1000,10800,cats_reg_g10b50,True,abs,False,CATS,50,regions,MultiMinded,72,Balance,4.710000000000036,784.4846,2,723.45,238.8545,784.4846,771.73432145423203,759.79159645423192,774.79855505783041,7,13,3,48,34
65,10,18,AdaptiveCuttingAuction,0.025,0.16,10,True,,1000,10800,cats_reg_g10b50,True,abs,False,CATS,50,regions,MultiMinded,45,Balance,2.6999999999999886,863.3610000000001,3,758.102,337.34500000000003,856.6320000000001,827.76216569887583,802.46129069887581,842.83295895402239,7,16,13,38,28
66,10,18,AdaptiveCuttingAuction,0.025,0.16,10,True,,1000,10800,cats_reg_g10b50,True,abs,False,CATS,50,regions,MultiMinded,66,Balance,3.1999999999999886,852.079,2,807.329,372.65700000000004,847.679,841.30772318341383,822.67487318341387,849.77753912691742,1,10,17,37,28
67,10,27,AdaptiveCuttingAuction,0.025,0.16,10,True,,1000,10800,cats_reg_g10b50,True,abs,False,CATS,50,regions,MultiMinded,56,Balance,3.340000000000032,860.8598,2,789.183,223.39999999999998,860.8598,826.38669962963377,815.21669962963369,854.72631099586363,1,10,4,54,37
68,10,20,AdaptiveCuttingAuction,0.025,0.16,10,True,,1000,10800,cats_reg_g10b50,True,abs,False,CATS,50,regions,MultiMinded,59,Balance,3.980000000000018,535.1916,4,486.692,201.834,535.1916,535.63207400997646,515.44867400997657,521.66906694914098,6,14,3,44,30
69,10,20,AdaptiveCuttingAuction,0.025,0.16,10,True,,1000,10800,cats_reg_g10b50,True,abs,False,CATS,50,regions,MultiMinded,53,Balance,2.6499999999999773,550.5322,3,423.552,212.09399999999999,550.5322,508.64305990930279,492.73600990930282,534.62515000000008,1,10,0,42,30
70,10,18,AdaptiveCuttingAuction,0.025,0.16,10,True,,1000,10800,cats_reg_g10b50,True,abs,False,CATS,50,regions,MultiMinded,169,Balance,10.520000000000039,965.81,3,780.078,273.52800000000002,965.81,860.83987282615681,840.32527282615672,951.39557146384811,9,21,7,39,28
71,10,17,AdaptiveCuttingAuction,0.025,0.16,10,True,,1000,10800,cats_reg_g10b50,True,abs,False,CATS,50,regions,MultiMinded,478,Balance,36.19,745.048,1,745.048,330.73000000000002,745.048,753.17800528316127,744.9097552831613,744.9097552831613,9,27,10,43,27
72,10,23,AdaptiveCuttingAuction,0.025,0.16,10,True,,1000,10800,cats_reg_g10b50,True,abs,False,CATS,50,regions,MultiMinded,60,Balance,3.25,619.2275000000001,7,497.631,317.09799999999996,619.2275000000001,595.41510418496136,539.92295418496121,574.85857983520509,4,15,6,49,33
73,10,20,AdaptiveCuttingAuction,0.025,0.16,10,True,,1000,10800,cats_reg_g10b50,True,abs,False,CATS,50,regions,MultiMinded,168,Balance,9.870000000000005,675.2625,2,656.76,362.82400000000001,675.0855,665.62186709184675,647.48066709184684,665.94103642909511,9,13,9,50,30
74,10,26,AdaptiveCuttingAuction,0.025,0.16,10,True,,1000,10800,cats_reg_g10b50,True,abs,False,CATS,50,regions,MultiMinded,53,Balance,3.1100000000000136,942.6876,2,890.025,245.483,942.6876,938.82104946728077,926.54689946728092,937.63904884522219,1,10,4,56,36
75,10,15,AdaptiveCuttingAuction,0.025,0.16,10,True,,1000,10800,cats_reg_g10b50,True,abs,False,CATS,50,regions,MultiMinded,59,Balance,2.579999999999984,986.353,4,977.088,450.65550000000002,986.353,974.69945214964264,929.63390214964272,969.04490395460937,1,10,22,35,25
76,10,22,AdaptiveCuttingAuction,0.025,0.16,10,True,,1000,10800,cats_reg_g10b50,True,abs,False,CATS,50,regions,MultiMinded,74,Balance,4.109999999999957,900.434,6,820.61,441.17500000000001,900.434,915.29992899194644,849.12367899194646,854.19755228779502,1,10,6,46,32
77,10,19,AdaptiveCuttingAuction,0.025,0.16,10,True,,1000,10800,cats_reg_g10b50,True,abs,False,CATS,50,regions,MultiMinded,98,Balance,5.939999999999998,505.8682,3,489.633,293.4085,502.3022,505.85549041291836,483.84985291291832,487.4991074243369,9,15,10,41,29
78,10,15,AdaptiveCuttingAuction,0.025,0.16,10,True,,1000,10800,cats_reg_g10b50,True,abs,False,CATS,50,regions,MultiMinded,59,Balance,2.6199999999999477,723.896,1,723.896,268.85500000000002,723.896,718.85833873205797,712.13696373205801,720.96361950148639,1,10,6,34,25
79,10,20,AdaptiveCuttingAuction,0.025,0.16,10,True,,1000,10800,cats_reg_g10b50,True,abs,False,CATS,50,regions,MultiMinded,68,Balance,4.569999999999993,830.055,3,715.055,304.07849999999996,830.055,805.25426325118076,782.44837575118072,807.24911249999991,9,17,0,42,30
80,10,23,AdaptiveCuttingAuction,0.025,0.16,10,True,,1000,10800,cats_reg_g10b50,True,abs,False,CATS,50,regions,MultiMinded,61,Balance,3.5499999999999545,858.2552999999999,5,815.519,326.65449999999998,858.2552999999999,848.42625354944164,807.5944410494418,831.17626872118853,1,10,9,49,33
81,10,19,AdaptiveCuttingAuction,0.025,0.16,10,True,,1000,10800,cats_reg_g10b50,True,abs,False,CATS,50,regions,MultiMinded,50,Balance,3.0600000000000023,731.2354999999999,3,657.74,318.25649999999996,731.2354999999999,715.57410301589925,691.7048655158992,723.30607083594214,3,13,10,42,29
82,10,20,AdaptiveCuttingAuction,0.025,0.16,10,True,,1000,10800,cats_reg_g10b50,True,abs,False,CATS,50,regions,MultiMinded,114,Balance,10.420000000000016,799.819,3,670.65,230.49700000000001,799.819,759.00950063710957,741.72222563710955,788.66822469128203,9,25,5,46,30
83,10,18,AdaptiveCuttingAuction,0.025,0.16,10,True,,1000,10800,cats_reg_g10b50,True,abs,False,CATS,50,regions,MultiMinded,62,Balance,3.4600000000000364,778.391,2,740.964,303.2475,778.391,772.40641892014298,757.24404392014287,763.22862499999985,7,16,0,40,28
84,10,19,AdaptiveCuttingAuction,0.025,0.16,10,True,,1000,10800,cats_reg_g10b50,True,abs,False,CATS,50,regions,MultiMinded,47,Balance,2.329999999999984,653.4665,4,531.36,233.98450000000003,653.4665,628.80251410040012,605.40406410040021,638.22719221312013,3,12,9,41,29
85,10,16,AdaptiveCuttingAuction,0.025,0.16,10,True,,1000,10800,cats_reg_g10b50,True,abs,False,CATS,50,regions,MultiMinded,33,Balance,1.5100000000000477,738.6202000000001,4,623.355,332.00099999999998,738.6202000000001,739.62138305191922,706.4212830519192,722.36972864052507,1,10,9,36,26
86,10,17,AdaptiveCuttingAuction,0.025,0.16,10,True,,1000,10800,cats_reg_g10b50,True,abs,False,CATS,50,regions,MultiMinded,51,Balance,2.3700000000000045,772.54,2,646.076,287.08299999999997,772.54,760.20223929293149,745.8480892929316,765.27600116714416,1,10,12,37,27
87,10,18,AdaptiveCuttingAuction,0.025,0.16,10,True,,1000,10800,cats_reg_g10b50,True,abs,False,CATS,50,regions,MultiMinded,94,Balance,5.8700000000000045,883.32347,3,801.709,428.95349999999996,836.6344700000001,841.25830489996565,810.11103303788832,812.38603220194818,9,19,14,38,28
88,10,20,AdaptiveCuttingAuction,0.025,0.16,10,True,,1000,10800,cats_reg_g10b50,True,abs,False,CATS,50,regions,MultiMinded,69,Balance,4.099999999999966,662.7294999999999,4,622.783,332.80799999999999,662.7294999999999,636.88213840503158,603.60133840503147,640.27829922796354,5,15,18,41,30
89,10,26,AdaptiveCuttingAuction,0.025,0.16,10,True,,1000,10800,cats_reg_g10b50,True,abs,False,CATS,50,regions,MultiMinded,213,Balance,17.939999999999998,844.3882,3,703.836,361.93200000000002,821.2162,805.50435895778867,778.35945895778866,799.58568566948065,9,22,1,58,36
90,10,21,AdaptiveCuttingAuction,0.025,0.16,10,True,,1000,10800,cats_reg_g10b50,True,abs,False,CATS,50,regions,MultiMinded,163,Balance,11.850000000000023,1011.3232,5,890.879,348.79300000000001,966.4754,950.05593115952388,906.45680615952369,942.21526506337375,9,21,9,44,31
91,10,17,AdaptiveCuttingAuction,0.025,0.16,10,True,,1000,10800,cats_reg_g10b50,True,abs,False,CATS,50,regions,MultiMinded,102,Balance,5.919999999999959,890.575,1,890.575,535.99700000000007,890.575,884.61625713706133,871.21633213706127,877.17507499999999,9,14,0,36,27
92,10,22,AdaptiveCuttingAuction,0.025,0.16,10,True,,1000,10800,cats_reg_g10b50,True,abs,False,CATS,50,regions,MultiMinded,51,Balance,3.099999999999966,683.1735,2,627.133,263.76300000000003,683.1735,674.12043528351126,660.93228528351131,675.69847774564175,3,12,11,48,32
93,10,20,AdaptiveCuttingAuction,0.025,0.16,10,True,,1000,10800,cats_reg_g10b50,True,abs,False,CATS,50,regions,MultiMinded,97,Balance,5.340000000000032,931.509,1,931.509,347.88099999999997,931.509,925.2903541676078,916.59332916760775,922.81197499999996,1,10,0,44,30
94,10,15,AdaptiveCuttingAuction,0.025,0.16,10,True,,1000,10800,cats_reg_g10b50,True,abs,False,CATS,50,regions,MultiMinded,66,Balance,2.920000000000016,772.037,2,770.337,295.54650000000004,772.037,771.36369557774231,756.58637057774229,769.11859155518516,1,10,15,34,25
95,10,17,AdaptiveCuttingAuction,0.025,0.16,10,True,,1000,10800,cats_reg_g10b50,True,abs,False,CATS,50,regions,MultiMinded,41,Balance,1.9099999999999682,901.2369,3,849.224,408.67100000000005,901.2369,883.17956438332067,852.52923938332071,870.58657500000004,1,10,0,36,27
96,10,19,AdaptiveCuttingAuction,0.025,0.16,10,True,,1000,10800,cats_reg_g10b50,True,abs,False,CATS,50,regions,MultiMinded,47,Balance,2.2800000000000296,752.0848,3,651.493,368.70849999999996,752.0848,738.21663687162106,710.56349937162122,724.92634594346532,1,10,3,42,29
97,10,20,AdaptiveCuttingAuction,0.025,0.16,10,True,,1000,10800,cats_reg_g10b50,True,abs,False,CATS,50,regions,MultiMinded,66,Balance,3.7199999999999704,657.92043,3,602.694,360.185,657.92043,651.85695187928377,633.13666432086154,651.03861483616697,7,17,17,45,30
98,10,20,AdaptiveCuttingAuction,0.025,0.16,10,True,,1000,10800,cats_reg_g10b50,True,abs,False,CATS,50,regions,MultiMinded,37,Balance,1.8000000000000114,1047.5140999999999,4,870.711,386.798,1047.5140999999999,1043.8101810425603,1005.1303810425604,1008.8343000000001,1,10,0,41,30
99,10,22,AdaptiveCuttingAuction,0.025,0.16,10,True,,1000,10800,cats_reg_g10b50,True,abs,False,CATS,50,regions,MultiMinded,66,Balance,4.810000000000002,1044.344,5,687.143,366.375,1044.344,1021.3758835394433,975.57900853944352,999.7057360622,4,16,6,48,32
100,10,21,AdaptiveCuttingAuction,0.025,0.16,10,True,,1000,10800,cats_reg_g10b50,True,abs,False,CATS,50,regions,MultiMinded,67,Balance,3.819999999999993,587.8678,2,515.864,141.49099999999999,587.8678,570.87748804745445,563.8029380474544,583.50228410515444,5,14,9,43,31
