idx,items,agents,auction_class,epsilon,stepc,epoch,scalebyvalue,reserve_type,maxiter,maxtime,generator_param_name,personalized,expstrat,int_prices,generator,bids,distribution,type,rounds,status,runtime,efficient_value,final_num_winners,final_max_agent_value,final_scalevalue,final_value,final_total_price,final_revenue,final_indirect_util,final_price_degree,final_price_sparsity,final_imbalance,final_wd_nvars,final_wd_ncons
1,10,17,AdaptiveCuttingAuction,0.2,0.02,10,True,,1000,10800,cats_reg_g10b50,True,abs,False,CATS,50,regions,MultiMinded,9,Balance,0.3100000000004002,681.0817,3,513.163,288.52699999999999,663.8767,646.24803850457465,473.13183850457477,584.62186848659212,1,10,17,33,27
2,10,19,AdaptiveCuttingAuction,0.2,0.02,10,True,,1000,10800,cats_reg_g10b50,True,abs,False,CATS,50,regions,MultiMinded,69,Balance,4.4099999999998545,734.1289999999999,2,640.313,226.71899999999999,732.193,682.00407167445292,607.6140427749383,714.72529853234823,8,21,13,42,29
3,10,17,AdaptiveCuttingAuction,0.2,0.02,10,True,,1000,10800,cats_reg_g10b50,True,abs,False,CATS,50,regions,MultiMinded,10,Balance,0.32999999999992724,804.4359999999999,3,797.452,310.25200000000001,773.636,855.98097178317153,669.8297717831714,694.31700096173722,1,10,21,37,27
4,10,14,AdaptiveCuttingAuction,0.2,0.02,10,True,,1000,10800,cats_reg_g10b50,True,abs,False,CATS,50,regions,MultiMinded,4,Balance,0.13000000000010914,574.909,2,568.922,272.93700000000001,574.909,586.95747606235227,477.78267606235227,536.25788764376011,1,10,8,27,24
5,10,21,AdaptiveCuttingAuction,0.2,0.02,10,True,,1000,10800,cats_reg_g10b50,True,abs,False,CATS,50,regions,MultiMinded,39,Balance,2.4600000000000364,650.6363,2,619.701,342.60149999999999,650.6363,649.09602036743502,550.75551614524261,552.2957957778076,9,18,0,42,31
6,10,17,AdaptiveCuttingAuction,0.2,0.02,10,True,,1000,10800,cats_reg_g10b50,True,abs,False,CATS,50,regions,MultiMinded,2,Balance,0.06000000000040018,834.2848,1,784.19,470.66899999999998,784.19,847.20420000000024,753.07040000000029,965.35205999999994,1,10,30,29,27
7,10,21,AdaptiveCuttingAuction,0.2,0.02,10,True,,1000,10800,cats_reg_g10b50,True,abs,False,CATS,50,regions,MultiMinded,22,Balance,1.6599999999998545,854.667,4,696.341,343.76999999999998,843.06,870.92202281878633,596.90570483821114,638.59357781000097,5,15,13,43,31
8,10,18,AdaptiveCuttingAuction,0.2,0.02,10,True,,1000,10800,cats_reg_g10b50,True,abs,False,CATS,50,regions,MultiMinded,123,Balance,8.899999999999636,663.572,3,592.441,275.35000000000002,663.572,644.88272007353874,479.67272007353876,499.59891990015228,7,15,11,37,28
9,10,18,AdaptiveCuttingAuction,0.2,0.02,10,True,,1000,10800,cats_reg_g10b50,True,abs,False,CATS,50,regions,MultiMinded,4,Balance,0.1500000000005457,724.6032999999999,4,611.583,280.12,724.6032999999999,626.66737452585357,437.82667949493407,570.00366437577338,1,10,12,37,28
10,10,23,AdaptiveCuttingAuction,0.2,0.02,10,True,,1000,10800,cats_reg_g10b50,True,abs,False,CATS,50,regions,MultiMinded,4,Balance,0.15999999999985448,946.3547,4,784.828,433.57950000000005,946.3547,1044.1858507971797,717.13212571065117,754.70225017305688,1,10,3,46,33
11,10,16,AdaptiveCuttingAuction,0.2,0.02,10,True,,1000,10800,cats_reg_g10b50,True,abs,False,CATS,50,regions,MultiMinded,26,Balance,1.269999999999527,724.662,1,724.662,403.49950000000001,724.662,753.55809563655384,672.85819563655377,677.24290612719005,1,10,14,35,26
12,10,16,AdaptiveCuttingAuction,0.2,0.02,10,True,,1000,10800,cats_reg_g10b50,True,abs,False,CATS,50,regions,MultiMinded,2,Balance,0.05999999999949068,522.114,1,522.114,283.13549999999998,522.114,560.6082899999999,503.98118999999991,601.23239000000035,1,10,26,29,26
13,10,17,AdaptiveCuttingAuction,0.2,0.02,10,True,,1000,10800,cats_reg_g10b50,True,abs,False,CATS,50,regions,MultiMinded,8,Balance,0.3099999999994907,778.1078,2,718.401,353.04300000000001,778.1078,774.2977183974549,679.58183442343716,750.0288611972187,1,10,11,36,27
14,10,17,AdaptiveCuttingAuction,0.2,0.02,10,True,,1000,10800,cats_reg_g10b50,True,abs,False,CATS,50,regions,MultiMinded,2,Balance,0.06999999999970896,588.9796,2,575.883,307.69200000000001,588.9796,584.61480000000017,498.46104000000014,603.62603999999988,1,10,14,31,27
15,10,17,AdaptiveCuttingAuction,0.2,0.02,10,True,,1000,10800,cats_reg_g10b50,True,abs,False,CATS,50,regions,MultiMinded,67,Balance,4.050000000000182,634.994,2,600.13,422.91899999999998,553.0052000000001,631.01153895381833,461.84393895381834,468.69763312640453,9,21,4,36,27
16,10,26,AdaptiveCuttingAuction,0.2,0.02,10,True,,1000,10800,cats_reg_g10b50,True,abs,False,CATS,50,regions,MultiMinded,11,Balance,0.6400000000003274,519.6692,2,485.933,278.584,519.6692,572.83009782022145,466.9681778202214,467.57721284893819,1,10,16,51,36
17,10,16,AdaptiveCuttingAuction,0.2,0.02,10,True,,1000,10800,cats_reg_g10b50,True,abs,False,CATS,50,regions,MultiMinded,4,Balance,0.13000000000010914,910.0260000000001,3,815.656,322.738,910.0260000000001,865.60376963036674,673.96043194859942,818.37853779114607,1,10,22,31,26
18,10,18,AdaptiveCuttingAuction,0.2,0.02,10,True,,1000,10800,cats_reg_g10b50,True,abs,False,CATS,50,regions,MultiMinded,21,Balance,1.2399999999997817,982.461,2,932.103,367.83500000000004,982.461,1039.797223093103,892.66322309310294,917.87404485972911,1,10,21,37,28
19,10,19,AdaptiveCuttingAuction,0.2,0.02,10,True,,1000,10800,cats_reg_g10b50,True,abs,False,CATS,50,regions,MultiMinded,72,Balance,6.519999999999527,903.4849999999999,2,826.774,559.33850000000007,818.864,922.89307646741486,699.15767646741483,713.94186584277816,9,18,17,40,29
20,10,21,AdaptiveCuttingAuction,0.2,0.02,10,True,,1000,10800,cats_reg_g10b50,True,abs,False,CATS,50,regions,MultiMinded,71,Balance,4.739999999999782,780.3014999999999,6,637.779,268.37200000000001,780.3014999999999,680.46097991050158,393.76339346727787,495.29972061126017,5,15,7,44,31
21,10,17,AdaptiveCuttingAuction,0.2,0.02,10,True,,1000,10800,cats_reg_g10b50,True,abs,False,CATS,50,regions,MultiMinded,11,Balance,0.6199999999998909,869.309,3,770.684,361.69299999999998,830.299,815.78639815611211,611.48308939518733,704.02404882569067,1,10,8,39,27
22,10,16,AdaptiveCuttingAuction,0.2,0.02,10,True,,1000,10800,cats_reg_g10b50,True,abs,False,CATS,50,regions,MultiMinded,1000,MaxIter,80.82000000000062,827.155,1,792.758,416.87799999999999,654.031,803.76297667560925,0,17.13426849718175,8,17,14,35,26
23,10,21,AdaptiveCuttingAuction,0.2,0.02,10,True,,1000,10800,cats_reg_g10b50,True,abs,False,CATS,50,regions,MultiMinded,74,Balance,5.5,926.9879999999999,5,813.726,269.07900000000001,913.9114999999999,922.27390549909398,657.79168370072068,706.00949676906555,4,357,8,48,31
24,10,23,AdaptiveCuttingAuction,0.2,0.02,10,True,,1000,10800,cats_reg_g10b50,True,abs,False,CATS,50,regions,MultiMinded,35,Balance,2.5,822.2049999999999,3,635.81,377.13200000000001,809.8186000000001,821.55659663372569,595.27739663372563,653.23546097766155,6,16,9,48,33
25,10,22,AdaptiveCuttingAuction,0.2,0.02,10,True,,1000,10800,cats_reg_g10b50,True,abs,False,CATS,50,regions,MultiMinded,112,Balance,9.699999999999818,534.8185,2,446.519,197.68200000000002,527.864,529.95195115589365,450.87915115589368,490.1991179586239,6,20,11,46,32
26,10,17,AdaptiveCuttingAuction,0.2,0.02,10,True,,1000,10800,cats_reg_g10b50,True,abs,False,CATS,50,regions,MultiMinded,5,Balance,0.18000000000029104,716.487,1,716.487,299.23599999999999,687.81,728.38184411708573,668.53464411708569,706.73176717122806,1,10,33,34,27
27,10,17,AdaptiveCuttingAuction,0.2,0.02,10,True,,1000,10800,cats_reg_g10b50,True,abs,False,CATS,50,regions,MultiMinded,32,Balance,1.9099999999998545,811.1127,4,667.768,330.15700000000004,778.0657000000001,849.67548466058383,608.26247994896164,617.12514396304994,6,15,12,37,27
28,10,18,AdaptiveCuttingAuction,0.2,0.02,10,True,,1000,10800,cats_reg_g10b50,True,abs,False,CATS,50,regions,MultiMinded,8,Balance,0.27999999999974534,818.682,1,802.322,385.84800000000001,802.322,876.41198442618213,799.24238442618207,827.81642949038246,1,10,23,40,28
29,10,20,AdaptiveCuttingAuction,0.2,0.02,10,True,,1000,10800,cats_reg_g10b50,True,abs,False,CATS,50,regions,MultiMinded,37,Balance,1.980000000000473,767.6940999999999,2,746.709,446.00549999999998,700.6921,755.49066179822182,621.05862928500687,670.20774739826015,1,10,20,41,30
30,10,18,AdaptiveCuttingAuction,0.2,0.02,10,True,,1000,10800,cats_reg_g10b50,True,abs,False,CATS,50,regions,MultiMinded,36,Balance,2.0399999999999636,794.5821000000001,1,739.446,385.6635,739.446,807.38203638292885,730.24933638292885,764.0860752072382,8,16,18,36,28
31,10,21,AdaptiveCuttingAuction,0.2,0.02,10,True,,1000,10800,cats_reg_g10b50,True,abs,False,CATS,50,regions,MultiMinded,33,Balance,1.9600000000000364,818.388,2,733.06,325.495,818.388,828.23390483809771,698.03590483809774,721.56845496585299,6,15,16,44,31
32,10,20,AdaptiveCuttingAuction,0.2,0.02,10,True,,1000,10800,cats_reg_g10b50,True,abs,False,CATS,50,regions,MultiMinded,12,Balance,0.819999999999709,637.3713,5,533.498,304.15100000000001,559.9042000000001,651.21006366957431,389.21224126561663,457.98317539995787,9,16,20,39,30
33,10,16,AdaptiveCuttingAuction,0.2,0.02,10,True,,1000,10800,cats_reg_g10b50,True,abs,False,CATS,50,regions,MultiMinded,32,Balance,2.0799999999999272,560.5032,3,498.34,219.72300000000001,514.7262000000001,522.5792117892704,407.38076427691283,451.88727672891861,8,17,17,34,26
34,10,20,AdaptiveCuttingAuction,0.2,0.02,10,True,,1000,10800,cats_reg_g10b50,True,abs,False,CATS,50,regions,MultiMinded,101,Balance,5.949999999999818,726.3012,4,568.454,249.64099999999999,726.3012,606.27928936310468,429.462495604617,549.84647539564219,4,14,4,40,30
35,10,27,AdaptiveCuttingAuction,0.2,0.02,10,True,,1000,10800,cats_reg_g10b50,True,abs,False,CATS,50,regions,MultiMinded,15,Balance,0.8899999999994179,858.175,2,722.988,380.87900000000002,858.175,847.54387881343837,695.19227881343841,742.80590106535453,1,10,5,53,37
36,10,17,AdaptiveCuttingAuction,0.2,0.02,10,True,,1000,10800,cats_reg_g10b50,True,abs,False,CATS,50,regions,MultiMinded,2,Balance,0.07999999999992724,716.498,1,716.498,379.51999999999998,716.498,781.8112000000001,705.9072000000001,839.62519999999995,1,10,24,31,27
37,10,20,AdaptiveCuttingAuction,0.2,0.02,10,True,,1000,10800,cats_reg_g10b50,True,abs,False,CATS,50,regions,MultiMinded,23,Balance,1.2200000000002547,824.835,3,630.222,329.92600000000004,824.835,705.32673911791164,507.5762972516273,627.08455813371575,1,10,0,40,30
38,10,18,AdaptiveCuttingAuction,0.2,0.02,10,True,,1000,10800,cats_reg_g10b50,True,abs,False,CATS,50,regions,MultiMinded,14,Balance,0.6100000000005821,825.56,1,825.56,471.01400000000001,825.56,802.83155850129685,708.62875850129683,823.50191029143991,1,10,1,35,28
39,10,25,AdaptiveCuttingAuction,0.2,0.02,10,True,,1000,10800,cats_reg_g10b50,True,abs,False,CATS,50,regions,MultiMinded,5,Balance,0.1999999999998181,948.5501,5,753.385,196.10050000000001,948.5501,792.46260353785806,596.36210353785805,812.26198171449221,1,10,5,47,35
40,10,22,AdaptiveCuttingAuction,0.2,0.02,10,True,,1000,10800,cats_reg_g10b50,True,abs,False,CATS,50,regions,MultiMinded,42,Balance,3.2700000000004366,694.64,2,671.57,320.48500000000001,667.143,667.6155282199818,539.42152821998184,613.48930445523956,9,17,24,45,32
41,10,18,AdaptiveCuttingAuction,0.2,0.02,10,True,,1000,10800,cats_reg_g10b50,True,abs,False,CATS,50,regions,MultiMinded,2,Balance,0.07000000000061846,919.5834,3,833.068,428.51799999999997,919.5834,831.32491999999979,625.63627999999972,826.35288000000025,1,10,28,31,28
42,10,21,AdaptiveCuttingAuction,0.2,0.02,10,True,,1000,10800,cats_reg_g10b50,True,abs,False,CATS,50,regions,MultiMinded,67,Balance,3.889999999999418,722.396,1,722.396,339.44,722.396,715.89319858644467,648.00519858644464,660.89237611431895,9,14,19,42,31
43,10,20,AdaptiveCuttingAuction,0.2,0.02,10,True,,1000,10800,cats_reg_g10b50,True,abs,False,CATS,50,regions,MultiMinded,33,Balance,2.6599999999998545,820.8240000000001,2,681.374,265.63999999999999,820.8240000000001,788.25676718525733,682.00076718525713,714.98972044860398,7,15,5,42,30
44,10,19,AdaptiveCuttingAuction,0.2,0.02,10,True,,1000,10800,cats_reg_g10b50,True,abs,False,CATS,50,regions,MultiMinded,57,Balance,3.6299999999991996,607.363,3,484.926,277.04599999999999,543.9155999999999,541.21689419637812,374.98929419637813,436.45070534373798,8,22,19,38,29
45,10,20,AdaptiveCuttingAuction,0.2,0.02,10,True,,1000,10800,cats_reg_g10b50,True,abs,False,CATS,50,regions,MultiMinded,12,Balance,0.6599999999998545,687.7891,5,510.577,285.93000000000001,687.7891,690.01315847459159,448.78806855231198,505.07261716713441,1,10,13,42,30
46,10,19,AdaptiveCuttingAuction,0.2,0.02,10,True,,1000,10800,cats_reg_g10b50,True,abs,False,CATS,50,regions,MultiMinded,18,Balance,1.0399999999999636,810.368,1,810.368,345.00850000000003,771.243,839.22222674748082,770.22052674748079,787.45855912065724,9,14,18,42,29
47,10,18,AdaptiveCuttingAuction,0.2,0.02,10,True,,1000,10800,cats_reg_g10b50,True,abs,False,CATS,50,regions,MultiMinded,18,Balance,0.9099999999998545,759.477,1,738.963,363.25599999999997,738.963,744.67933490444932,672.0281349044493,755.15717389716997,1,10,25,41,28
48,10,29,AdaptiveCuttingAuction,0.2,0.02,10,True,,1000,10800,cats_reg_g10b50,True,abs,False,CATS,50,regions,MultiMinded,13,Balance,0.8400000000001455,726.774,3,661.833,328.96899999999999,726.774,760.57907255656221,563.19767255656211,566.67165381234861,1,10,7,61,39
49,10,23,AdaptiveCuttingAuction,0.2,0.02,10,True,,1000,10800,cats_reg_g10b50,True,abs,False,CATS,50,regions,MultiMinded,19,Balance,0.9799999999995634,587.5914,3,462.576,216.20049999999998,532.3787,550.16639805899331,421.78933997094555,484.09234152804549,1,10,16,45,33
50,10,17,AdaptiveCuttingAuction,0.2,0.02,10,True,,1000,10800,cats_reg_g10b50,True,abs,False,CATS,50,regions,MultiMinded,20,Balance,0.8800000000001091,945.836,4,681.012,323.851,945.836,884.56368989648649,625.48288989648643,686.92632825627811,1,10,4,34,27
51,10,25,AdaptiveCuttingAuction,0.2,0.02,10,True,,1000,10800,cats_reg_g10b50,True,abs,False,CATS,50,regions,MultiMinded,47,Balance,3.300000000000182,831.2631000000001,3,644.905,285.66050000000001,831.2631000000001,779.53573994532246,608.13943994532235,659.8667999999999,1,10,0,49,35
52,10,19,AdaptiveCuttingAuction,0.2,0.02,10,True,,1000,10800,cats_reg_g10b50,True,abs,False,CATS,50,regions,MultiMinded,6,Balance,0.22000000000025466,608.391,1,608.391,276.31299999999999,576.268,618.72765295929855,563.46505295929853,579.62472947932793,1,10,28,38,29
53,10,21,AdaptiveCuttingAuction,0.2,0.02,10,True,,1000,10800,cats_reg_g10b50,True,abs,False,CATS,50,regions,MultiMinded,146,Balance,11.400000000000546,623.5598,4,612.518,167.23250000000002,623.5598,619.92949235941103,486.14349235941097,512.20482117634708,10,23,13,44,31
54,10,20,AdaptiveCuttingAuction,0.2,0.02,10,True,,1000,10800,cats_reg_g10b50,True,abs,False,CATS,50,regions,MultiMinded,11,Balance,0.5999999999994543,1040.322,4,967.436,414.12850000000003,1039.9794,1021.9970123422662,694.54118527900494,821.97539459994744,1,10,5,44,30
55,10,17,AdaptiveCuttingAuction,0.2,0.02,10,True,,1000,10800,cats_reg_g10b50,True,abs,False,CATS,50,regions,MultiMinded,5,Balance,0.17000000000007276,1001.244,2,739.168,309.35699999999997,1001.244,853.89625154440319,730.1534515444032,989.17229026927862,1,10,7,31,27
56,10,17,AdaptiveCuttingAuction,0.2,0.02,10,True,,1000,10800,cats_reg_g10b50,True,abs,False,CATS,50,regions,MultiMinded,42,Balance,2.130000000000109,674.3464,3,592.43,348.80000000000001,644.3157,678.41500877100964,480.68896652097499,528.47281848537955,6,15,17,35,27
57,10,20,AdaptiveCuttingAuction,0.2,0.02,10,True,,1000,10800,cats_reg_g10b50,True,abs,False,CATS,50,regions,MultiMinded,21,Balance,1.2700000000004366,783.158,3,568.928,268.62299999999999,763.1990000000001,761.87195858009829,600.69815858009827,658.07239831896891,4,11,10,41,30
58,10,21,AdaptiveCuttingAuction,0.2,0.02,10,True,,1000,10800,cats_reg_g10b50,True,abs,False,CATS,50,regions,MultiMinded,14,Balance,0.8800000000001091,871.9079999999999,2,791.212,427.88200000000001,838.6581,861.16097766777102,747.3314321249585,792.18398230324692,1,10,9,43,31
59,10,28,AdaptiveCuttingAuction,0.2,0.02,10,True,,1000,10800,cats_reg_g10b50,True,abs,False,CATS,50,regions,MultiMinded,38,Balance,2.7700000000004366,875.1772,3,803.796,406.47899999999998,875.1772,864.03013494391098,628.27231494391094,645.58398297821134,1,10,15,56,38
60,10,22,AdaptiveCuttingAuction,0.2,0.02,10,True,,1000,10800,cats_reg_g10b50,True,abs,False,CATS,50,regions,MultiMinded,13,Balance,0.6499999999996362,716.1357,2,662.173,358.10899999999998,654.9817,674.1611357099323,571.26666124235442,632.34579971783853,1,10,25,44,32
61,10,19,AdaptiveCuttingAuction,0.2,0.02,10,True,,1000,10800,cats_reg_g10b50,True,abs,False,CATS,50,regions,MultiMinded,26,Balance,1.4000000000005457,756.948,3,553.212,307.67700000000002,756.948,754.85937935646803,570.25317935646808,598.78984457742354,1,10,11,40,29
62,10,20,AdaptiveCuttingAuction,0.2,0.02,10,True,,1000,10800,cats_reg_g10b50,True,abs,False,CATS,50,regions,MultiMinded,3,Balance,0.1000000000003638,962.414,3,839.979,365.63299999999998,962.414,851.60199308241818,632.22219308241802,987.64711447832633,1,10,25,34,30
63,10,20,AdaptiveCuttingAuction,0.2,0.02,10,True,,1000,10800,cats_reg_g10b50,True,abs,False,CATS,50,regions,MultiMinded,13,Balance,0.9600000000000364,966.8963000000001,4,783.33,502.36099999999999,847.2206000000001,922.51224408927521,600.71954753841351,687.61478902357976,6,12,10,40,30
64,10,24,AdaptiveCuttingAuction,0.2,0.02,10,True,,1000,10800,cats_reg_g10b50,True,abs,False,CATS,50,regions,MultiMinded,85,Balance,6.539999999999964,784.4846,5,723.45,238.8545,699.3765999999999,765.86408934350675,534.00547567681463,559.61789119522518,6,13,10,51,34
65,10,18,AdaptiveCuttingAuction,0.2,0.02,10,True,,1000,10800,cats_reg_g10b50,True,abs,False,CATS,50,regions,MultiMinded,53,Balance,2.9000000000005457,863.3610000000001,3,758.102,337.34500000000003,856.6320000000001,802.76926685476474,602.18799246990091,667.43315981248941,5,14,4,37,28
66,10,18,AdaptiveCuttingAuction,0.2,0.02,10,True,,1000,10800,cats_reg_g10b50,True,abs,False,CATS,50,regions,MultiMinded,123,Balance,6.4299999999993815,852.079,1,807.329,372.65700000000004,807.329,802.6035917019251,728.07219170192514,815.72539542026516,1,10,20,35,28
67,10,27,AdaptiveCuttingAuction,0.2,0.02,10,True,,1000,10800,cats_reg_g10b50,True,abs,False,CATS,50,regions,MultiMinded,20,Balance,1.0,860.8598,2,789.183,223.39999999999998,860.8598,844.57579671543726,755.21579671543725,835.07676079177929,1,10,5,50,37
68,10,20,AdaptiveCuttingAuction,0.2,0.02,10,True,,1000,10800,cats_reg_g10b50,True,abs,False,CATS,50,regions,MultiMinded,31,Balance,1.6200000000008004,535.1916,4,486.692,201.834,535.1916,498.10647435923113,349.05691442431123,432.39092542295828,1,10,8,42,30
69,10,20,AdaptiveCuttingAuction,0.2,0.02,10,True,,1000,10800,cats_reg_g10b50,True,abs,False,CATS,50,regions,MultiMinded,23,Balance,1.230000000000473,550.5322,3,423.552,212.09399999999999,550.5322,501.85540943697924,383.08276943697922,431.75955999999996,1,10,0,40,30
70,10,18,AdaptiveCuttingAuction,0.2,0.02,10,True,,1000,10800,cats_reg_g10b50,True,abs,False,CATS,50,regions,MultiMinded,6,Balance,0.21000000000003638,965.81,3,780.078,273.52800000000002,965.81,862.37273052958699,726.41087244506934,892.21123615517899,1,10,13,37,28
71,10,17,AdaptiveCuttingAuction,0.2,0.02,10,True,,1000,10800,cats_reg_g10b50,True,abs,False,CATS,50,regions,MultiMinded,4,Balance,0.15999999999985448,745.048,1,745.048,330.73000000000002,745.048,801.79811467317279,735.65211467317283,833.73120611286572,1,10,27,33,27
72,10,23,AdaptiveCuttingAuction,0.2,0.02,10,True,,1000,10800,cats_reg_g10b50,True,abs,False,CATS,50,regions,MultiMinded,10,Balance,0.3899999999994179,619.2275000000001,3,497.631,317.09799999999996,584.9741,597.60788152449538,430.84458551892538,478.12090358595566,1,10,4,45,33
73,10,20,AdaptiveCuttingAuction,0.2,0.02,10,True,,1000,10800,cats_reg_g10b50,True,abs,False,CATS,50,regions,MultiMinded,21,Balance,1.25,675.2625,1,656.76,362.82400000000001,656.76,728.02741946619881,655.46261946619882,659.28459264831497,1,10,17,42,30
74,10,26,AdaptiveCuttingAuction,0.2,0.02,10,True,,1000,10800,cats_reg_g10b50,True,abs,False,CATS,50,regions,MultiMinded,5,Balance,0.1999999999998181,942.6876,2,890.025,245.483,942.6876,875.82259097045198,777.62939097045205,968.57420618479046,1,10,8,51,36
75,10,15,AdaptiveCuttingAuction,0.2,0.02,10,True,,1000,10800,cats_reg_g10b50,True,abs,False,CATS,50,regions,MultiMinded,6,Balance,0.21000000000003638,986.353,1,977.088,450.65550000000002,977.088,966.7267456494335,876.59564564943344,979.46500124903719,1,10,10,32,25
76,10,22,AdaptiveCuttingAuction,0.2,0.02,10,True,,1000,10800,cats_reg_g10b50,True,abs,False,CATS,50,regions,MultiMinded,40,Balance,2.139999999999418,900.434,3,820.61,441.17500000000001,782.3779999999999,892.48262449756749,636.60112449756741,658.71680774785966,1,10,12,42,32
77,10,19,AdaptiveCuttingAuction,0.2,0.02,10,True,,1000,10800,cats_reg_g10b50,True,abs,False,CATS,50,regions,MultiMinded,36,Balance,2.089999999999236,505.8682,3,489.633,293.4085,502.3022,515.03568416502344,385.93594416502356,436.2649787601656,7,14,14,38,29
78,10,15,AdaptiveCuttingAuction,0.2,0.02,10,True,,1000,10800,cats_reg_g10b50,True,abs,False,CATS,50,regions,MultiMinded,12,Balance,0.5799999999999272,723.896,1,723.896,268.85500000000002,723.896,721.5541302638876,667.78313026388764,743.490443959819,1,10,8,29,25
79,10,20,AdaptiveCuttingAuction,0.2,0.02,10,True,,1000,10800,cats_reg_g10b50,True,abs,False,CATS,50,regions,MultiMinded,46,Balance,2.7399999999997817,830.055,2,715.055,304.07849999999996,792.734,772.95825425229054,651.32685425229045,736.04175974276143,5,14,16,43,30
80,10,23,AdaptiveCuttingAuction,0.2,0.02,10,True,,1000,10800,cats_reg_g10b50,True,abs,False,CATS,50,regions,MultiMinded,2,Balance,0.10999999999967258,858.2552999999999,1,815.519,326.65449999999998,815.519,803.57006999999987,738.23916999999983,936.87948999999992,1,10,17,40,33
81,10,19,AdaptiveCuttingAuction,0.2,0.02,10,True,,1000,10800,cats_reg_g10b50,True,abs,False,CATS,50,regions,MultiMinded,3,Balance,0.1000000000003638,731.2354999999999,5,657.74,318.25649999999996,728.3769,688.28387175416947,438.49936223736592,640.85062676475025,1,10,22,31,29
82,10,20,AdaptiveCuttingAuction,0.2,0.02,10,True,,1000,10800,cats_reg_g10b50,True,abs,False,CATS,50,regions,MultiMinded,57,Balance,4.4099999999998545,799.819,3,670.65,230.49700000000001,799.819,782.20910333713255,643.91090333713237,709.57306970763261,8,15,7,41,30
83,10,18,AdaptiveCuttingAuction,0.2,0.02,10,True,,1000,10800,cats_reg_g10b50,True,abs,False,CATS,50,regions,MultiMinded,18,Balance,0.9099999999998545,778.391,2,740.964,303.2475,778.391,775.7636731642865,654.46467316428641,750.71418842405592,1,10,5,36,28
84,10,19,AdaptiveCuttingAuction,0.2,0.02,10,True,,1000,10800,cats_reg_g10b50,True,abs,False,CATS,50,regions,MultiMinded,3,Balance,0.10999999999967258,653.4665,4,531.36,233.98450000000003,653.4665,595.4157650439912,431.05887344543856,517.32854508017556,1,10,13,38,29
85,10,16,AdaptiveCuttingAuction,0.2,0.02,10,True,,1000,10800,cats_reg_g10b50,True,abs,False,CATS,50,regions,MultiMinded,12,Balance,0.569999999999709,738.6202000000001,2,623.355,332.00099999999998,673.7090000000001,731.16530595061454,598.36490595061457,632.09473393997496,6,13,17,34,26
86,10,17,AdaptiveCuttingAuction,0.2,0.02,10,True,,1000,10800,cats_reg_g10b50,True,abs,False,CATS,50,regions,MultiMinded,63,Balance,3.4600000000000364,772.54,1,646.076,287.08299999999997,646.076,701.19573191077848,643.77913191077846,725.79450953382388,1,10,17,34,27
87,10,18,AdaptiveCuttingAuction,0.2,0.02,10,True,,1000,10800,cats_reg_g10b50,True,abs,False,CATS,50,regions,MultiMinded,60,Balance,4.260000000000218,883.32347,3,801.709,428.95349999999996,836.6344700000001,882.46304193974822,711.61420833640989,714.72625053904812,9,18,8,38,28
88,10,20,AdaptiveCuttingAuction,0.2,0.02,10,True,,1000,10800,cats_reg_g10b50,True,abs,False,CATS,50,regions,MultiMinded,14,Balance,0.8299999999999272,662.7294999999999,1,622.783,332.80799999999999,622.783,684.33107427617983,617.76947427617984,635.75109350453351,1,10,18,40,30
89,10,26,AdaptiveCuttingAuction,0.2,0.02,10,True,,1000,10800,cats_reg_g10b50,True,abs,False,CATS,50,regions,MultiMinded,32,Balance,2.0,844.3882,3,703.836,361.93200000000002,821.2162,827.02636782125899,653.29900782125901,717.20830055392491,7,17,28,54,36
90,10,21,AdaptiveCuttingAuction,0.2,0.02,10,True,,1000,10800,cats_reg_g10b50,True,abs,False,CATS,50,regions,MultiMinded,10,Balance,0.36999999999989086,1011.3232,6,890.879,348.79300000000001,1011.3232,890.52499575797401,508.95472737732086,714.65451291240765,1,10,14,40,31
91,10,17,AdaptiveCuttingAuction,0.2,0.02,10,True,,1000,10800,cats_reg_g10b50,True,abs,False,CATS,50,regions,MultiMinded,15,Balance,0.7899999999999636,890.575,1,890.575,535.99700000000007,890.575,961.53304677008555,854.33364677008558,891.66733961442435,7,14,11,33,27
92,10,22,AdaptiveCuttingAuction,0.2,0.02,10,True,,1000,10800,cats_reg_g10b50,True,abs,False,CATS,50,regions,MultiMinded,4,Balance,0.14000000000032742,683.1735,2,627.133,263.76300000000003,683.1735,707.14989757409978,618.37556910001115,656.25998277217332,1,10,15,44,32
93,10,20,AdaptiveCuttingAuction,0.2,0.02,10,True,,1000,10800,cats_reg_g10b50,True,abs,False,CATS,50,regions,MultiMinded,8,Balance,0.2999999999992724,931.509,1,931.509,347.88099999999997,931.509,926.80382775431417,857.2276277543142,898.28596262864187,1,10,11,42,30
94,10,15,AdaptiveCuttingAuction,0.2,0.02,10,True,,1000,10800,cats_reg_g10b50,True,abs,False,CATS,50,regions,MultiMinded,74,Balance,3.5,772.037,2,770.337,295.54650000000004,772.037,770.89049232816421,663.27827880443954,722.98010078793777,1,10,16,33,25
95,10,17,AdaptiveCuttingAuction,0.2,0.02,10,True,,1000,10800,cats_reg_g10b50,True,abs,False,CATS,50,regions,MultiMinded,76,Balance,4.309999999999491,901.2369,3,849.224,408.67100000000005,901.2369,886.63840679149121,701.04368608400557,718.67451696114017,4,15,9,36,27
96,10,19,AdaptiveCuttingAuction,0.2,0.02,10,True,,1000,10800,cats_reg_g10b50,True,abs,False,CATS,50,regions,MultiMinded,2,Balance,0.06999999999970896,752.0848,3,651.493,368.70849999999996,752.0848,700.54614999999967,538.31440999999973,666.08317000000022,1,10,11,33,29
97,10,20,AdaptiveCuttingAuction,0.2,0.02,10,True,,1000,10800,cats_reg_g10b50,True,abs,False,CATS,50,regions,MultiMinded,34,Balance,2.4099999999998545,657.92043,3,602.694,360.185,657.92043,651.50543556759817,503.86394817667724,517.63546194655726,8,17,26,44,30
98,10,20,AdaptiveCuttingAuction,0.2,0.02,10,True,,1000,10800,cats_reg_g10b50,True,abs,False,CATS,50,regions,MultiMinded,3,Balance,0.11999999999989086,1047.5140999999999,4,870.711,386.798,1047.5140999999999,1043.510397624334,775.01760784934595,841.33211099951552,1,10,7,39,30
99,10,22,AdaptiveCuttingAuction,0.2,0.02,10,True,,1000,10800,cats_reg_g10b50,True,abs,False,CATS,50,regions,MultiMinded,22,Balance,1.7899999999999636,1044.344,5,687.143,366.375,1044.344,1013.2509036967712,646.87590369677116,687.88055557987786,4,15,11,45,32
100,10,21,AdaptiveCuttingAuction,0.2,0.02,10,True,,1000,10800,cats_reg_g10b50,True,abs,False,CATS,50,regions,MultiMinded,97,Balance,7.720000000000255,587.8678,2,515.864,141.49099999999999,587.8678,539.17293035271268,482.57653035271267,531.27139999999997,9,20,0,46,31
