idx,items,agents,auction_class,epsilon,stepc,epoch,scalebyvalue,reserve_type,maxiter,maxtime,generator_param_name,personalized,expstrat,int_prices,generator,bids,distribution,type,rounds,status,runtime,efficient_value,final_num_winners,final_max_agent_value,final_scalevalue,final_value,final_total_price,final_revenue,final_indirect_util,final_price_degree,final_price_sparsity,final_imbalance,final_wd_nvars,final_wd_ncons
1,10,17,AdaptiveCuttingAuction,0.1,0.16,10,True,,1000,10800,cats_reg_g10b50,True,abs,False,CATS,50,regions,MultiMinded,66,Balance,3.1700000000000728,681.0817,3,513.163,288.52699999999999,663.8767,656.95332692099191,570.39522692099183,614.290002557089,1,10,11,41,27
2,10,19,AdaptiveCuttingAuction,0.1,0.16,10,True,,1000,10800,cats_reg_g10b50,True,abs,False,CATS,50,regions,MultiMinded,60,Balance,3.350000000000364,734.1289999999999,3,640.313,226.71899999999999,734.1289999999999,721.00307812087101,652.98737812087097,678.01265004507059,6,19,16,42,29
3,10,17,AdaptiveCuttingAuction,0.1,0.16,10,True,,1000,10800,cats_reg_g10b50,True,abs,False,CATS,50,regions,MultiMinded,44,Balance,2.139999999999418,804.4359999999999,1,797.452,310.25200000000001,797.452,823.4157891902571,792.39058919025706,830.69253991555286,1,10,21,40,27
4,10,14,AdaptiveCuttingAuction,0.1,0.16,10,True,,1000,10800,cats_reg_g10b50,True,abs,False,CATS,50,regions,MultiMinded,35,Balance,1.4799999999995634,574.909,2,568.922,272.93700000000001,574.909,553.40134418057596,498.81394418057602,541.41339968249622,1,10,13,32,24
5,10,21,AdaptiveCuttingAuction,0.1,0.16,10,True,,1000,10800,cats_reg_g10b50,True,abs,False,CATS,50,regions,MultiMinded,68,Balance,3.4299999999993815,650.6363,2,619.701,342.60149999999999,650.6363,655.47814506741793,589.57826039326119,589.73771846852117,1,10,18,44,31
6,10,17,AdaptiveCuttingAuction,0.1,0.16,10,True,,1000,10800,cats_reg_g10b50,True,abs,False,CATS,50,regions,MultiMinded,40,Balance,1.930000000000291,834.2848,4,784.19,470.66899999999998,834.2848,859.49287740231864,691.01790057180665,786.16141085324773,1,10,26,38,27
7,10,21,AdaptiveCuttingAuction,0.1,0.16,10,True,,1000,10800,cats_reg_g10b50,True,abs,False,CATS,50,regions,MultiMinded,65,Balance,4.710000000000036,854.667,4,696.341,343.76999999999998,843.06,829.14229129770229,691.63429129770225,781.42831105508981,9,24,20,47,31
8,10,18,AdaptiveCuttingAuction,0.1,0.16,10,True,,1000,10800,cats_reg_g10b50,True,abs,False,CATS,50,regions,MultiMinded,104,Balance,6.619999999999891,663.572,3,592.441,275.35000000000002,663.572,651.89282081236524,569.28782081236534,591.267498830195,6,14,11,40,28
9,10,18,AdaptiveCuttingAuction,0.1,0.16,10,True,,1000,10800,cats_reg_g10b50,True,abs,False,CATS,50,regions,MultiMinded,41,Balance,2.5900000000001455,724.6032999999999,4,611.583,280.12,724.6032999999999,719.05811204060433,607.01011204060433,624.2444909412867,5,15,6,39,28
10,10,23,AdaptiveCuttingAuction,0.1,0.16,10,True,,1000,10800,cats_reg_g10b50,True,abs,False,CATS,50,regions,MultiMinded,66,Balance,3.759999999999309,946.3547,4,784.828,433.57950000000005,946.3547,900.59418897740261,766.46287939247634,862.35953201922985,5,15,9,49,33
11,10,16,AdaptiveCuttingAuction,0.1,0.16,10,True,,1000,10800,cats_reg_g10b50,True,abs,False,CATS,50,regions,MultiMinded,79,Balance,4.6599999999998545,724.662,1,724.662,403.49950000000001,724.662,703.4326405839887,663.08269058398866,684.31205,8,14,0,35,26
12,10,16,AdaptiveCuttingAuction,0.1,0.16,10,True,,1000,10800,cats_reg_g10b50,True,abs,False,CATS,50,regions,MultiMinded,46,Balance,1.9600000000000364,522.114,1,522.114,283.13549999999998,522.114,502.22459034414709,473.91104034414707,507.23957542999301,1,10,12,38,26
13,10,17,AdaptiveCuttingAuction,0.1,0.16,10,True,,1000,10800,cats_reg_g10b50,True,abs,False,CATS,50,regions,MultiMinded,32,Balance,1.5,778.1078,2,718.401,353.04300000000001,778.1078,798.64974395977356,728.04114395977354,738.24877257470268,1,10,10,38,27
14,10,17,AdaptiveCuttingAuction,0.1,0.16,10,True,,1000,10800,cats_reg_g10b50,True,abs,False,CATS,50,regions,MultiMinded,41,Balance,1.8599999999996726,588.9796,2,575.883,307.69200000000001,588.9796,593.92257648017949,563.05850066660128,576.0602248530231,1,10,9,34,27
15,10,17,AdaptiveCuttingAuction,0.1,0.16,10,True,,1000,10800,cats_reg_g10b50,True,abs,False,CATS,50,regions,MultiMinded,67,Balance,3.25,634.994,2,600.13,422.91899999999998,634.994,638.9586682654932,554.37486826549321,574.38901711576011,1,10,4,37,27
16,10,26,AdaptiveCuttingAuction,0.1,0.16,10,True,,1000,10800,cats_reg_g10b50,True,abs,False,CATS,50,regions,MultiMinded,106,Balance,6.460000000000036,519.6692,3,485.933,278.584,494.4575,507.21846561211726,423.6432656121172,446.24197921490247,1,10,17,54,36
17,10,16,AdaptiveCuttingAuction,0.1,0.16,10,True,,1000,10800,cats_reg_g10b50,True,abs,False,CATS,50,regions,MultiMinded,36,Balance,1.7599999999993088,910.0260000000001,3,815.656,322.738,910.0260000000001,913.95822519435626,817.13682519435622,854.90769072583248,1,10,17,35,26
18,10,18,AdaptiveCuttingAuction,0.1,0.16,10,True,,1000,10800,cats_reg_g10b50,True,abs,False,CATS,50,regions,MultiMinded,39,Balance,1.7799999999997453,982.461,2,932.103,367.83500000000004,982.461,991.31740798715737,917.75040798715736,990.68375231945015,1,10,27,44,28
19,10,19,AdaptiveCuttingAuction,0.1,0.16,10,True,,1000,10800,cats_reg_g10b50,True,abs,False,CATS,50,regions,MultiMinded,85,Balance,4.449999999999818,903.4849999999999,2,826.774,559.33850000000007,903.4849999999999,924.45817860376155,812.59047860376143,904.2255809957918,1,10,22,42,29
20,10,21,AdaptiveCuttingAuction,0.1,0.16,10,True,,1000,10800,cats_reg_g10b50,True,abs,False,CATS,50,regions,MultiMinded,58,Balance,3.3400000000001455,780.3014999999999,6,637.779,268.37200000000001,780.3014999999999,737.68512759105715,576.66192759105707,632.67046577838801,6,16,2,46,31
21,10,17,AdaptiveCuttingAuction,0.1,0.16,10,True,,1000,10800,cats_reg_g10b50,True,abs,False,CATS,50,regions,MultiMinded,32,Balance,1.480000000000473,869.309,3,770.684,361.69299999999998,869.309,852.62904950495056,744.12114950495049,788.96404501847587,1,10,4,39,27
22,10,16,AdaptiveCuttingAuction,0.1,0.16,10,True,,1000,10800,cats_reg_g10b50,True,abs,False,CATS,50,regions,MultiMinded,193,Balance,12.970000000000255,827.155,2,792.758,416.87799999999999,773.9590000000001,802.67444831575131,719.29884831575123,768.28887597177811,9,27,31,40,26
23,10,21,AdaptiveCuttingAuction,0.1,0.16,10,True,,1000,10800,cats_reg_g10b50,True,abs,False,CATS,50,regions,MultiMinded,69,Balance,3.850000000000364,926.9879999999999,5,813.726,269.07900000000001,913.9114999999999,872.11521221606733,737.57571221606725,824.81070591256923,3,11,13,47,31
24,10,23,AdaptiveCuttingAuction,0.1,0.16,10,True,,1000,10800,cats_reg_g10b50,True,abs,False,CATS,50,regions,MultiMinded,55,Balance,2.9700000000002547,822.2049999999999,3,635.81,377.13200000000001,809.8186000000001,823.66669744595379,710.52709744595381,767.60796727648642,1,10,17,51,33
25,10,22,AdaptiveCuttingAuction,0.1,0.16,10,True,,1000,10800,cats_reg_g10b50,True,abs,False,CATS,50,regions,MultiMinded,111,Balance,8.390000000000327,534.8185,2,446.519,197.68200000000002,534.8185,530.70753713686031,491.1711371368603,506.94844237182338,9,24,9,47,32
26,10,17,AdaptiveCuttingAuction,0.1,0.16,10,True,,1000,10800,cats_reg_g10b50,True,abs,False,CATS,50,regions,MultiMinded,44,Balance,1.9899999999997817,716.487,1,716.487,299.23599999999999,716.487,696.83149730191133,666.90789730191136,686.5634,1,10,0,36,27
27,10,17,AdaptiveCuttingAuction,0.1,0.16,10,True,,1000,10800,cats_reg_g10b50,True,abs,False,CATS,50,regions,MultiMinded,51,Balance,2.5900000000001455,811.1127,4,667.768,330.15700000000004,811.1127,809.30531791769238,677.24251791769234,708.98998516339498,1,10,8,42,27
28,10,18,AdaptiveCuttingAuction,0.1,0.16,10,True,,1000,10800,cats_reg_g10b50,True,abs,False,CATS,50,regions,MultiMinded,55,Balance,2.7399999999997817,818.682,3,802.322,385.84800000000001,818.682,828.29882696547656,712.54442696547653,745.00359934736025,1,10,17,41,28
29,10,20,AdaptiveCuttingAuction,0.1,0.16,10,True,,1000,10800,cats_reg_g10b50,True,abs,False,CATS,50,regions,MultiMinded,57,Balance,3.1299999999991996,767.6940999999999,4,746.709,446.00549999999998,752.0042000000001,742.6506048991032,564.24840489910332,618.69332301901602,1,10,17,42,30
30,10,18,AdaptiveCuttingAuction,0.1,0.16,10,True,,1000,10800,cats_reg_g10b50,True,abs,False,CATS,50,regions,MultiMinded,92,Balance,5.289999999999964,794.5821000000001,3,739.446,385.6635,792.0011000000001,813.45867546635805,697.75962546635787,778.01253545212285,9,14,19,41,28
31,10,21,AdaptiveCuttingAuction,0.1,0.16,10,True,,1000,10800,cats_reg_g10b50,True,abs,False,CATS,50,regions,MultiMinded,47,Balance,2.550000000000182,818.388,2,733.06,325.495,813.5073,806.81171304225461,741.71271304225468,809.41852610102035,5,11,23,43,31
32,10,20,AdaptiveCuttingAuction,0.1,0.16,10,True,,1000,10800,cats_reg_g10b50,True,abs,False,CATS,50,regions,MultiMinded,47,Balance,3.1799999999993815,637.3713,4,533.498,304.15100000000001,636.0468,657.03582697803461,535.3754269780344,543.17843775491747,6,15,17,45,30
33,10,16,AdaptiveCuttingAuction,0.1,0.16,10,True,,1000,10800,cats_reg_g10b50,True,abs,False,CATS,50,regions,MultiMinded,26,Balance,1.1599999999998545,560.5032,2,498.34,219.72300000000001,560.5032,546.50968271893055,502.56508271893051,523.46272658841883,1,10,2,34,26
34,10,20,AdaptiveCuttingAuction,0.1,0.16,10,True,,1000,10800,cats_reg_g10b50,True,abs,False,CATS,50,regions,MultiMinded,48,Balance,2.4099999999998545,726.3012,4,568.454,249.64099999999999,726.3012,711.56599106483998,611.70959106483986,643.07308156670194,1,10,5,44,30
35,10,27,AdaptiveCuttingAuction,0.1,0.16,10,True,,1000,10800,cats_reg_g10b50,True,abs,False,CATS,50,regions,MultiMinded,101,Balance,7.539999999999964,858.175,2,722.988,380.87900000000002,858.175,848.89212782146672,772.71632782146673,781.99919999999997,7,17,0,54,37
36,10,17,AdaptiveCuttingAuction,0.1,0.16,10,True,,1000,10800,cats_reg_g10b50,True,abs,False,CATS,50,regions,MultiMinded,51,Balance,2.4000000000005457,716.498,1,716.498,379.51999999999998,716.498,709.88508199477826,671.93308199477826,703.79335649168888,1,10,10,36,27
37,10,20,AdaptiveCuttingAuction,0.1,0.16,10,True,,1000,10800,cats_reg_g10b50,True,abs,False,CATS,50,regions,MultiMinded,45,Balance,2.2600000000002183,824.835,3,630.222,329.92600000000004,824.835,815.58012823305171,716.60232823305159,742.32723701002601,1,10,5,41,30
38,10,18,AdaptiveCuttingAuction,0.1,0.16,10,True,,1000,10800,cats_reg_g10b50,True,abs,False,CATS,50,regions,MultiMinded,58,Balance,3.100000000000364,825.56,3,825.56,471.01400000000001,819.1825,796.00316684375366,654.69896684375362,759.24600128618852,7,12,28,41,28
39,10,25,AdaptiveCuttingAuction,0.1,0.16,10,True,,1000,10800,cats_reg_g10b50,True,abs,False,CATS,50,regions,MultiMinded,39,Balance,2.1599999999998545,948.5501,5,753.385,196.10050000000001,948.5501,965.61652195694546,867.56627195694546,888.29062066104871,1,10,5,50,35
40,10,22,AdaptiveCuttingAuction,0.1,0.16,10,True,,1000,10800,cats_reg_g10b50,True,abs,False,CATS,50,regions,MultiMinded,199,Balance,13.80999999999949,694.64,2,671.57,320.48500000000001,694.64,696.0259228744967,631.92892287449683,632.47666293598661,9,22,12,52,32
41,10,18,AdaptiveCuttingAuction,0.1,0.16,10,True,,1000,10800,cats_reg_g10b50,True,abs,False,CATS,50,regions,MultiMinded,39,Balance,1.8499999999994543,919.5834,3,833.068,428.51799999999997,919.5834,888.0247735274047,759.46937352740474,815.8963178856452,1,10,6,39,28
42,10,21,AdaptiveCuttingAuction,0.1,0.16,10,True,,1000,10800,cats_reg_g10b50,True,abs,False,CATS,50,regions,MultiMinded,70,Balance,3.8400000000001455,722.396,1,722.396,339.44,722.396,721.41959379899993,687.47559379899997,690.74198499279623,9,15,3,44,31
43,10,20,AdaptiveCuttingAuction,0.1,0.16,10,True,,1000,10800,cats_reg_g10b50,True,abs,False,CATS,50,regions,MultiMinded,33,Balance,1.7399999999997817,820.8240000000001,2,681.374,265.63999999999999,820.8240000000001,813.473116586174,760.34511658617407,795.32826306686036,1,10,7,44,30
44,10,19,AdaptiveCuttingAuction,0.1,0.16,10,True,,1000,10800,cats_reg_g10b50,True,abs,False,CATS,50,regions,MultiMinded,89,Balance,6.4099999999998545,607.363,3,484.926,277.04599999999999,590.487,587.03781475383494,503.92401475383485,546.46135401420679,9,23,22,49,29
45,10,20,AdaptiveCuttingAuction,0.1,0.16,10,True,,1000,10800,cats_reg_g10b50,True,abs,False,CATS,50,regions,MultiMinded,35,Balance,1.6900000000005093,687.7891,5,510.577,285.93000000000001,687.7891,692.49297270662476,578.01407386868686,604.64235264092372,1,10,6,42,30
46,10,19,AdaptiveCuttingAuction,0.1,0.16,10,True,,1000,10800,cats_reg_g10b50,True,abs,False,CATS,50,regions,MultiMinded,47,Balance,2.269999999999527,810.368,2,810.368,345.00850000000003,808.7297,802.67309226855537,735.85229215167419,749.41914999999995,1,10,1,41,29
47,10,18,AdaptiveCuttingAuction,0.1,0.16,10,True,,1000,10800,cats_reg_g10b50,True,abs,False,CATS,50,regions,MultiMinded,55,Balance,3.100000000000364,759.477,2,738.963,363.25599999999997,759.477,777.77172145448435,705.12052145448422,711.45140845916626,8,16,5,42,28
48,10,29,AdaptiveCuttingAuction,0.1,0.16,10,True,,1000,10800,cats_reg_g10b50,True,abs,False,CATS,50,regions,MultiMinded,99,Balance,6.3400000000001455,726.774,3,661.833,328.96899999999999,726.774,712.2774872905751,613.5867872905751,634.55936065310732,1,10,8,61,39
49,10,23,AdaptiveCuttingAuction,0.1,0.16,10,True,,1000,10800,cats_reg_g10b50,True,abs,False,CATS,50,regions,MultiMinded,49,Balance,2.6700000000000728,587.5914,6,462.576,216.20049999999998,587.5914,584.7121332877507,454.99183328775075,486.49453384615259,4,16,8,51,33
50,10,17,AdaptiveCuttingAuction,0.1,0.16,10,True,,1000,10800,cats_reg_g10b50,True,abs,False,CATS,50,regions,MultiMinded,31,Balance,1.4099999999998545,945.836,4,681.012,323.851,945.836,927.88166770425494,798.34126770425496,843.78868178803805,1,10,8,35,27
51,10,25,AdaptiveCuttingAuction,0.1,0.16,10,True,,1000,10800,cats_reg_g10b50,True,abs,False,CATS,50,regions,MultiMinded,69,Balance,4.489999999999782,831.2631000000001,3,644.905,285.66050000000001,831.2631000000001,804.79273803881961,719.09458803881955,753.76867837594568,5,12,10,51,35
52,10,19,AdaptiveCuttingAuction,0.1,0.16,10,True,,1000,10800,cats_reg_g10b50,True,abs,False,CATS,50,regions,MultiMinded,43,Balance,2.069999999999709,608.391,1,608.391,276.31299999999999,576.268,582.17497619106484,554.54367619106483,588.65008962500087,1,10,28,40,29
53,10,21,AdaptiveCuttingAuction,0.1,0.16,10,True,,1000,10800,cats_reg_g10b50,True,abs,False,CATS,50,regions,MultiMinded,68,Balance,3.5900000000001455,623.5598,4,612.518,167.23250000000002,623.5598,614.87647231275753,547.9834723127575,587.43503798558459,6,18,17,45,31
54,10,20,AdaptiveCuttingAuction,0.1,0.16,10,True,,1000,10800,cats_reg_g10b50,True,abs,False,CATS,50,regions,MultiMinded,47,Balance,2.5600000000004,1040.322,4,967.436,414.12850000000003,1039.9794,1065.1061119138644,899.45471191386423,943.71450641435376,7,14,6,44,30
55,10,17,AdaptiveCuttingAuction,0.1,0.16,10,True,,1000,10800,cats_reg_g10b50,True,abs,False,CATS,50,regions,MultiMinded,22,Balance,1.1300000000001091,1001.244,2,739.168,309.35699999999997,1001.244,1034.7081597973747,972.83675979737461,972.83675979737461,7,12,10,34,27
56,10,17,AdaptiveCuttingAuction,0.1,0.16,10,True,,1000,10800,cats_reg_g10b50,True,abs,False,CATS,50,regions,MultiMinded,49,Balance,2.3299999999999272,674.3464,2,592.43,348.80000000000001,641.1755,637.91979942114085,568.15979942114086,624.99335525343577,6,15,22,37,27
57,10,20,AdaptiveCuttingAuction,0.1,0.16,10,True,,1000,10800,cats_reg_g10b50,True,abs,False,CATS,50,regions,MultiMinded,52,Balance,2.7200000000002547,783.158,3,568.928,268.62299999999999,763.1990000000001,757.29908927789234,676.71218927789232,745.55715574002977,4,16,18,43,30
58,10,21,AdaptiveCuttingAuction,0.1,0.16,10,True,,1000,10800,cats_reg_g10b50,True,abs,False,CATS,50,regions,MultiMinded,63,Balance,3.4099999999998545,871.9079999999999,2,791.212,427.88200000000001,838.6581,814.62059686166856,747.1808439527133,879.16894013727983,1,10,27,46,31
59,10,28,AdaptiveCuttingAuction,0.1,0.16,10,True,,1000,10800,cats_reg_g10b50,True,abs,False,CATS,50,regions,MultiMinded,116,Balance,8.039999999999964,875.1772,3,803.796,406.47899999999998,875.1772,893.70634009152536,771.76264009152533,801.87404003426354,1,10,11,59,38
60,10,22,AdaptiveCuttingAuction,0.1,0.16,10,True,,1000,10800,cats_reg_g10b50,True,abs,False,CATS,50,regions,MultiMinded,64,Balance,3.5600000000004,716.1357,3,662.173,358.10899999999998,716.1357,704.12163163113632,596.68893163113637,635.88155075323323,5,16,10,46,32
61,10,19,AdaptiveCuttingAuction,0.1,0.16,10,True,,1000,10800,cats_reg_g10b50,True,abs,False,CATS,50,regions,MultiMinded,45,Balance,2.319999999999709,756.948,3,553.212,307.67700000000002,720.7754,710.69041744417325,618.38731744417328,641.82043321047456,5,14,7,42,29
62,10,20,AdaptiveCuttingAuction,0.1,0.16,10,True,,1000,10800,cats_reg_g10b50,True,abs,False,CATS,50,regions,MultiMinded,33,Balance,1.6300000000001091,962.414,4,839.979,365.63299999999998,959.2605000000001,951.65263304135419,805.39943304135409,825.59321257177726,1,10,8,42,30
63,10,20,AdaptiveCuttingAuction,0.1,0.16,10,True,,1000,10800,cats_reg_g10b50,True,abs,False,CATS,50,regions,MultiMinded,36,Balance,1.819999999999709,966.8963000000001,4,783.33,502.36099999999999,966.8963000000001,935.97704049864819,767.94388102409232,842.39296398935858,1,10,5,41,30
64,10,24,AdaptiveCuttingAuction,0.1,0.16,10,True,,1000,10800,cats_reg_g10b50,True,abs,False,CATS,50,regions,MultiMinded,47,Balance,2.6700000000000728,784.4846,2,723.45,238.8545,784.4846,794.58745388042246,746.81655388042248,780.80889122145186,5,11,15,48,34
65,10,18,AdaptiveCuttingAuction,0.1,0.16,10,True,,1000,10800,cats_reg_g10b50,True,abs,False,CATS,50,regions,MultiMinded,37,Balance,2.069999999999709,863.3610000000001,3,758.102,337.34500000000003,856.6320000000001,875.9864767572667,774.78297675726662,804.76636734389422,7,16,12,37,28
66,10,18,AdaptiveCuttingAuction,0.1,0.16,10,True,,1000,10800,cats_reg_g10b50,True,abs,False,CATS,50,regions,MultiMinded,62,Balance,3.069999999999709,852.079,2,807.329,372.65700000000004,847.679,871.24090594950258,796.7095059495025,823.81217189300605,1,10,17,37,28
67,10,27,AdaptiveCuttingAuction,0.1,0.16,10,True,,1000,10800,cats_reg_g10b50,True,abs,False,CATS,50,regions,MultiMinded,55,Balance,3.3400000000001455,860.8598,2,789.183,223.39999999999998,860.8598,869.76417942062858,825.08417942062863,826.38379579136745,1,10,9,54,37
68,10,20,AdaptiveCuttingAuction,0.1,0.16,10,True,,1000,10800,cats_reg_g10b50,True,abs,False,CATS,50,regions,MultiMinded,52,Balance,3.6700000000000728,535.1916,4,486.692,201.834,535.1916,530.06462030287389,449.8601424311193,492.36583503000458,6,14,16,44,30
69,10,20,AdaptiveCuttingAuction,0.1,0.16,10,True,,1000,10800,cats_reg_g10b50,True,abs,False,CATS,50,regions,MultiMinded,52,Balance,2.6500000000005457,550.5322,3,423.552,212.09399999999999,550.5322,518.05494658275825,454.42674658275826,492.50512614296258,1,10,2,42,30
70,10,18,AdaptiveCuttingAuction,0.1,0.16,10,True,,1000,10800,cats_reg_g10b50,True,abs,False,CATS,50,regions,MultiMinded,127,Balance,7.8100000000004,965.81,3,780.078,273.52800000000002,965.81,854.58873469174534,772.53033469174534,910.83801398786022,9,21,7,39,28
71,10,17,AdaptiveCuttingAuction,0.1,0.16,10,True,,1000,10800,cats_reg_g10b50,True,abs,False,CATS,50,regions,MultiMinded,68,Balance,4.289999999999964,745.048,3,745.048,330.73000000000002,724.974,774.55131018020666,675.3323101802066,698.72008281940555,6,19,12,39,27
72,10,23,AdaptiveCuttingAuction,0.1,0.16,10,True,,1000,10800,cats_reg_g10b50,True,abs,False,CATS,50,regions,MultiMinded,52,Balance,2.9200000000000728,619.2275000000001,7,497.631,317.09799999999996,619.2275000000001,601.82994440095752,379.86134440095759,424.03192168912653,4,14,3,48,33
73,10,20,AdaptiveCuttingAuction,0.1,0.16,10,True,,1000,10800,cats_reg_g10b50,True,abs,False,CATS,50,regions,MultiMinded,95,Balance,5.369999999999891,675.2625,2,656.76,362.82400000000001,675.0855,660.06775337160184,587.50295337160173,625.5381255928047,9,13,16,50,30
74,10,26,AdaptiveCuttingAuction,0.1,0.16,10,True,,1000,10800,cats_reg_g10b50,True,abs,False,CATS,50,regions,MultiMinded,47,Balance,2.740000000000691,942.6876,2,890.025,245.483,942.6876,971.96203986286525,922.86543986286517,928.78230884618574,1,10,14,56,36
75,10,15,AdaptiveCuttingAuction,0.1,0.16,10,True,,1000,10800,cats_reg_g10b50,True,abs,False,CATS,50,regions,MultiMinded,27,Balance,1.0599999999994907,986.353,4,977.088,450.65550000000002,986.353,953.77786153877423,773.51566153877422,903.96040084521519,1,10,22,32,25
76,10,22,AdaptiveCuttingAuction,0.1,0.16,10,True,,1000,10800,cats_reg_g10b50,True,abs,False,CATS,50,regions,MultiMinded,54,Balance,3.0200000000004366,900.434,6,820.61,441.17500000000001,900.434,916.70327651171817,651.99827651171813,693.22409692599751,1,10,13,46,32
77,10,19,AdaptiveCuttingAuction,0.1,0.16,10,True,,1000,10800,cats_reg_g10b50,True,abs,False,CATS,50,regions,MultiMinded,45,Balance,2.199999999999818,505.8682,3,489.633,293.4085,502.3022,524.79314308676078,436.77059308676075,453.15427500483906,9,14,5,40,29
78,10,15,AdaptiveCuttingAuction,0.1,0.16,10,True,,1000,10800,cats_reg_g10b50,True,abs,False,CATS,50,regions,MultiMinded,40,Balance,1.6900000000005093,723.896,1,723.896,268.85500000000002,723.896,745.41860648313229,718.53310648313231,718.53310648313231,1,10,10,32,25
79,10,20,AdaptiveCuttingAuction,0.1,0.16,10,True,,1000,10800,cats_reg_g10b50,True,abs,False,CATS,50,regions,MultiMinded,59,Balance,3.8900000000003274,830.055,3,715.055,304.07849999999996,830.055,835.14435624990995,743.92080624991013,754.5345738883575,9,17,6,42,30
80,10,23,AdaptiveCuttingAuction,0.1,0.16,10,True,,1000,10800,cats_reg_g10b50,True,abs,False,CATS,50,regions,MultiMinded,56,Balance,3.119999999999891,858.2552999999999,5,815.519,326.65449999999998,858.2552999999999,841.31927924827471,677.99202924827478,715.62962973460958,1,10,9,49,33
81,10,19,AdaptiveCuttingAuction,0.1,0.16,10,True,,1000,10800,cats_reg_g10b50,True,abs,False,CATS,50,regions,MultiMinded,40,Balance,2.3200000000006185,731.2354999999999,3,657.74,318.25649999999996,731.2354999999999,733.00486875921581,637.52791875921582,660.07983104319362,3,13,13,42,29
82,10,20,AdaptiveCuttingAuction,0.1,0.16,10,True,,1000,10800,cats_reg_g10b50,True,abs,False,CATS,50,regions,MultiMinded,53,Balance,4.1799999999993815,799.819,3,670.65,230.49700000000001,799.819,797.75143643927368,728.60233643927359,760.66396245928695,5,18,14,46,30
83,10,18,AdaptiveCuttingAuction,0.1,0.16,10,True,,1000,10800,cats_reg_g10b50,True,abs,False,CATS,50,regions,MultiMinded,46,Balance,2.4199999999991633,778.391,2,740.964,303.2475,778.391,766.56679866129844,705.91729866129845,760.89717953240461,1,10,10,40,28
84,10,19,AdaptiveCuttingAuction,0.1,0.16,10,True,,1000,10800,cats_reg_g10b50,True,abs,False,CATS,50,regions,MultiMinded,42,Balance,2.110000000000582,653.4665,4,531.36,233.98450000000003,653.4665,639.84918654449029,546.25538654449031,593.633977279644,3,12,6,41,29
85,10,16,AdaptiveCuttingAuction,0.1,0.16,10,True,,1000,10800,cats_reg_g10b50,True,abs,False,CATS,50,regions,MultiMinded,33,Balance,1.5,738.6202000000001,4,623.355,332.00099999999998,738.6202000000001,739.62138305191922,606.82098305191926,622.76942864052512,1,10,9,36,26
86,10,17,AdaptiveCuttingAuction,0.1,0.16,10,True,,1000,10800,cats_reg_g10b50,True,abs,False,CATS,50,regions,MultiMinded,43,Balance,1.949999999999818,772.54,2,646.076,287.08299999999997,772.54,746.88558473467594,689.46898473467593,743.65481122418487,1,10,6,36,27
87,10,18,AdaptiveCuttingAuction,0.1,0.16,10,True,,1000,10800,cats_reg_g10b50,True,abs,False,CATS,50,regions,MultiMinded,86,Balance,5.219999999999345,883.32347,3,801.709,428.95349999999996,836.6344700000001,840.24033347821057,750.69346275041892,765.95509399338459,9,19,25,38,28
88,10,20,AdaptiveCuttingAuction,0.1,0.16,10,True,,1000,10800,cats_reg_g10b50,True,abs,False,CATS,50,regions,MultiMinded,56,Balance,3.319999999999709,662.7294999999999,4,622.783,332.80799999999999,610.8715,618.30423305491695,485.18103305491695,575.09961719153955,5,15,35,40,30
89,10,26,AdaptiveCuttingAuction,0.1,0.16,10,True,,1000,10800,cats_reg_g10b50,True,abs,False,CATS,50,regions,MultiMinded,120,Balance,8.569999999999709,844.3882,3,703.836,361.93200000000002,821.2162,831.98712548199376,723.40752548199373,782.73296474270455,6,16,19,57,36
90,10,21,AdaptiveCuttingAuction,0.1,0.16,10,True,,1000,10800,cats_reg_g10b50,True,abs,False,CATS,50,regions,MultiMinded,35,Balance,2.009999999999309,1011.3232,5,890.879,348.79300000000001,966.4754,954.13782675599293,779.74132675599299,845.20723314728889,7,14,12,43,31
91,10,17,AdaptiveCuttingAuction,0.1,0.16,10,True,,1000,10800,cats_reg_g10b50,True,abs,False,CATS,50,regions,MultiMinded,102,Balance,5.8400000000001455,890.575,1,890.575,535.99700000000007,890.575,884.61625713706133,831.01655713706134,836.97530000000006,9,14,0,36,27
92,10,22,AdaptiveCuttingAuction,0.1,0.16,10,True,,1000,10800,cats_reg_g10b50,True,abs,False,CATS,50,regions,MultiMinded,43,Balance,2.4799999999995634,683.1735,4,627.133,263.76300000000003,654.0775,655.24710308892895,549.74190308892901,598.59352688366926,3,12,16,47,32
93,10,20,AdaptiveCuttingAuction,0.1,0.16,10,True,,1000,10800,cats_reg_g10b50,True,abs,False,CATS,50,regions,MultiMinded,76,Balance,4.079999999999927,931.509,1,931.509,347.88099999999997,931.509,962.99875261679244,928.21065261679246,928.21065261679246,1,10,10,44,30
94,10,15,AdaptiveCuttingAuction,0.1,0.16,10,True,,1000,10800,cats_reg_g10b50,True,abs,False,CATS,50,regions,MultiMinded,32,Balance,1.480000000000473,772.037,2,770.337,295.54650000000004,772.037,788.5381624993903,729.42886249939022,753.04189324232868,1,10,15,31,25
95,10,17,AdaptiveCuttingAuction,0.1,0.16,10,True,,1000,10800,cats_reg_g10b50,True,abs,False,CATS,50,regions,MultiMinded,36,Balance,1.5700000000006185,901.2369,3,849.224,408.67100000000005,901.2369,870.37466958704863,751.02207885889754,814.74093458232687,1,10,4,36,27
96,10,19,AdaptiveCuttingAuction,0.1,0.16,10,True,,1000,10800,cats_reg_g10b50,True,abs,False,CATS,50,regions,MultiMinded,45,Balance,2.2299999999995634,752.0848,3,651.493,368.70849999999996,752.0848,728.4612811909692,617.84873119096915,653.19305880756883,1,10,11,42,29
97,10,20,AdaptiveCuttingAuction,0.1,0.16,10,True,,1000,10800,cats_reg_g10b50,True,abs,False,CATS,50,regions,MultiMinded,66,Balance,3.7200000000002547,657.92043,3,602.694,360.185,657.92043,651.85695187928377,579.10891432086157,597.010864836167,7,17,17,45,30
98,10,20,AdaptiveCuttingAuction,0.1,0.16,10,True,,1000,10800,cats_reg_g10b50,True,abs,False,CATS,50,regions,MultiMinded,33,Balance,1.6900000000005093,1047.5140999999999,4,870.711,386.798,1047.5140999999999,1055.9534635468431,901.23426354684295,909.54638335526624,1,10,7,41,30
99,10,22,AdaptiveCuttingAuction,0.1,0.16,10,True,,1000,10800,cats_reg_g10b50,True,abs,False,CATS,50,regions,MultiMinded,57,Balance,3.949999999999818,1044.344,5,687.143,366.375,1044.344,1074.3905912630294,891.20309126302936,899.1620880878811,4,13,6,47,32
100,10,21,AdaptiveCuttingAuction,0.1,0.16,10,True,,1000,10800,cats_reg_g10b50,True,abs,False,CATS,50,regions,MultiMinded,63,Balance,3.6700000000000728,587.8678,2,515.864,141.49099999999999,587.8678,570.97063706051563,542.67243706051568,565.20160311821564,5,14,9,43,31
