idx,items,agents,auction_class,epsilon,stepc,epoch,scalebyvalue,reserve_type,maxiter,maxtime,generator_param_name,personalized,expstrat,int_prices,generator,bids,distribution,type,rounds,status,runtime,efficient_value,final_num_winners,final_max_agent_value,final_scalevalue,final_value,final_total_price,final_revenue,final_indirect_util,final_price_degree,final_price_sparsity,final_imbalance,final_wd_nvars,final_wd_ncons
1,30,36,AdaptiveCuttingAuction,0.05,0.04,10,True,,1000,10800,cats_reg_g30b150,True,abs,False,CATS,150,regions,MultiMinded,119,Balance,27.269999999999527,2502.8085,9,1712.02,630.28700000000003,2502.8085,2191.8466973727932,1971.2462473727935,2304.8266763338697,7,40,13,83,66
2,30,38,AdaptiveCuttingAuction,0.05,0.04,10,True,,1000,10800,cats_reg_g30b150,True,abs,False,CATS,150,regions,MultiMinded,56,Balance,18.829999999999927,2067.4249,5,1460.04,478.96600000000001,2067.4249,2036.4573401683442,1921.505500168344,1994.3686042261934,27,46,25,87,68
3,30,36,AdaptiveCuttingAuction,0.05,0.04,10,True,,1000,10800,cats_reg_g30b150,True,abs,False,CATS,150,regions,MultiMinded,50,Balance,13.860000000000582,2226.2472000000002,4,1961.0,494.50999999999999,2214.4609,2222.7671358237308,2123.8651358237307,2144.6187134344968,25,45,21,74,66
4,30,38,AdaptiveCuttingAuction,0.05,0.04,10,True,,1000,10800,cats_reg_g30b150,True,abs,False,CATS,150,regions,MultiMinded,78,Balance,14.579999999999927,2004.9491999999998,11,1505.7,557.86300000000006,1985.2371999999998,1911.3733586627147,1604.5487086627143,1705.4573530472712,3,31,2,83,68
5,30,35,AdaptiveCuttingAuction,0.05,0.04,10,True,,1000,10800,cats_reg_g30b150,True,abs,False,CATS,150,regions,MultiMinded,65,Balance,12.949999999999818,1864.626,2,1703.97,505.12049999999999,1813.7730000000001,1766.3569423716308,1715.8448923716307,1788.2736844592823,1,30,27,76,65
6,30,35,AdaptiveCuttingAuction,0.05,0.04,10,True,,1000,10800,cats_reg_g30b150,True,abs,False,CATS,150,regions,MultiMinded,319,Balance,84.32999999999993,2116.0368,5,1959.83,614.52500000000009,2096.9018,2123.4226689969678,1969.7914189969681,1990.9914605881797,25,50,26,82,65
7,30,35,AdaptiveCuttingAuction,0.05,0.04,10,True,,1000,10800,cats_reg_g30b150,True,abs,False,CATS,150,regions,MultiMinded,143,Balance,41.38000000000011,2031.9575,6,1330.11,558.39999999999998,2031.9575,1954.4384748452821,1792.502474845282,1883.5396202713148,6,41,10,78,65
8,30,35,AdaptiveCuttingAuction,0.05,0.04,10,True,,1000,10800,cats_reg_g30b150,True,abs,False,CATS,150,regions,MultiMinded,91,Balance,20.920000000000073,2027.57669,8,1379.5,642.28750000000002,2027.57669,1796.7892228650653,1581.2328661765937,1901.081433498925,13,42,45,75,65
9,30,36,AdaptiveCuttingAuction,0.05,0.04,10,True,,1000,10800,cats_reg_g30b150,True,abs,False,CATS,150,regions,MultiMinded,87,Balance,26.610000000000582,1859.5272999999997,8,1542.29,443.88650000000001,1859.5272999999997,1748.9815678416512,1615.8156178416511,1763.5383823623524,22,38,26,81,66
10,30,34,AdaptiveCuttingAuction,0.05,0.04,10,True,,1000,10800,cats_reg_g30b150,True,abs,False,CATS,150,regions,MultiMinded,221,Balance,50.159999999999854,2566.974,5,2112.56,626.02300000000002,2566.974,2482.4189547098458,2325.913204709846,2450.5977668883938,7,43,47,78,64
11,30,36,AdaptiveCuttingAuction,0.05,0.04,10,True,,1000,10800,cats_reg_g30b150,True,abs,False,CATS,150,regions,MultiMinded,41,Balance,8.11999999999989,2431.6115,4,2098.81,721.22149999999999,2431.6115,2267.2523874452045,2159.0691624452043,2380.4787739303974,1,28,43,74,66
12,30,32,AdaptiveCuttingAuction,0.05,0.04,10,True,,1000,10800,cats_reg_g30b150,True,abs,False,CATS,150,regions,MultiMinded,437,Balance,112.72999999999956,1865.81568,7,1645.15,855.13049999999998,1787.8909999999998,1762.8742451554758,1474.247824797694,1557.4815199719935,25,54,71,82,62
13,30,35,AdaptiveCuttingAuction,0.05,0.04,10,True,,1000,10800,cats_reg_g30b150,True,abs,False,CATS,150,regions,MultiMinded,97,Balance,23.51000000000022,1773.5022000000001,5,1494.31,678.60900000000004,1756.9776,1715.8047286496665,1555.8468929353805,1678.0885255350568,11,47,105,90,65
14,30,32,AdaptiveCuttingAuction,0.05,0.04,10,True,,1000,10800,cats_reg_g30b150,True,abs,False,CATS,150,regions,MultiMinded,106,Balance,21.579999999999927,1980.1873000000003,6,1559.99,631.08900000000006,1980.1873000000003,1808.9213842917038,1632.2164642917037,1848.0208027085096,7,42,22,73,62
15,30,36,AdaptiveCuttingAuction,0.05,0.04,10,True,,1000,10800,cats_reg_g30b150,True,abs,False,CATS,150,regions,MultiMinded,50,Balance,9.180000000000291,2512.4141000000004,3,2312.23,781.00699999999995,2512.4141000000004,2444.8348286219962,2327.6837786219962,2421.829739595923,1,29,27,74,66
16,30,34,AdaptiveCuttingAuction,0.05,0.04,10,True,,1000,10800,cats_reg_g30b150,True,abs,False,CATS,150,regions,MultiMinded,84,Balance,18.150000000000546,1929.452,4,1789.44,584.255,1909.1155,1876.8368502478061,1795.0411502478062,1852.2200690380014,7,41,27,79,64
17,30,33,AdaptiveCuttingAuction,0.05,0.04,10,True,,1000,10800,cats_reg_g30b150,True,abs,False,CATS,150,regions,MultiMinded,71,Balance,14.6899999999996,1934.7395999999999,7,1626.95,730.93200000000002,1934.7395999999999,1973.6200125355115,1740.4047087735289,1754.7588187757585,1,30,24,78,63
18,30,34,AdaptiveCuttingAuction,0.05,0.04,10,True,,1000,10800,cats_reg_g30b150,True,abs,False,CATS,150,regions,MultiMinded,74,Balance,14.710000000000036,2504.1384,4,1818.33,781.33600000000001,2504.1384,2451.2500492519916,2294.9828492519914,2408.9547147480566,1,29,15,75,64
19,30,36,AdaptiveCuttingAuction,0.05,0.04,10,True,,1000,10800,cats_reg_g30b150,True,abs,False,CATS,150,regions,MultiMinded,38,Balance,6.5600000000004,2560.7110000000002,11,1508.06,549.71399999999994,2560.7110000000002,2173.9507739895053,1932.0766139895056,2363.4002238828371,1,28,16,75,66
20,30,37,AdaptiveCuttingAuction,0.05,0.04,10,True,,1000,10800,cats_reg_g30b150,True,abs,False,CATS,150,regions,MultiMinded,93,Balance,29.390000000000327,1801.7813999999998,8,1490.47,395.125,1753.5685,1721.9235494179036,1567.8247994179039,1638.2072177614548,8,47,51,91,67
21,30,33,AdaptiveCuttingAuction,0.05,0.04,10,True,,1000,10800,cats_reg_g30b150,True,abs,False,CATS,150,regions,MultiMinded,104,Balance,20.18000000000029,1553.7635,3,1374.19,778.39550000000008,1553.7635,1553.59678781651,1436.8374628165097,1508.859006890224,1,30,67,73,63
22,30,38,AdaptiveCuttingAuction,0.05,0.04,10,True,,1000,10800,cats_reg_g30b150,True,abs,False,CATS,150,regions,MultiMinded,113,Balance,41.13000000000011,2312.252,6,2123.59,638.69949999999994,2312.252,2306.6362090433345,2115.0263590433342,2155.5394182325549,19,45,40,86,68
23,30,38,AdaptiveCuttingAuction,0.05,0.04,10,True,,1000,10800,cats_reg_g30b150,True,abs,False,CATS,150,regions,MultiMinded,47,Balance,14.930000000000291,2354.8725,7,1818.1,597.00800000000004,2354.8725,2124.8637014528022,1951.7313814528018,2184.3769957051654,10,42,1,84,68
24,30,35,AdaptiveCuttingAuction,0.05,0.04,10,True,,1000,10800,cats_reg_g30b150,True,abs,False,CATS,150,regions,MultiMinded,111,Balance,26.539999999999964,1892.4884,10,1241.36,538.58849999999995,1892.4884,1775.4901555022554,1513.8188214887687,1682.9247313713374,8,43,44,82,65
25,30,33,AdaptiveCuttingAuction,0.05,0.04,10,True,,1000,10800,cats_reg_g30b150,True,abs,False,CATS,150,regions,MultiMinded,138,Balance,30.590000000000146,1741.0822999999998,5,1538.41,861.41849999999999,1713.4334,1656.1377379766582,1473.3915637946552,1580.0237365506339,12,45,6,79,63
26,30,34,AdaptiveCuttingAuction,0.05,0.04,10,True,,1000,10800,cats_reg_g30b150,True,abs,False,CATS,150,regions,MultiMinded,193,Balance,68.35000000000036,2008.668,6,1919.5,424.82100000000003,1998.3684,1946.3989286104656,1844.4418886104654,1931.443797788997,27,59,66,79,64
27,30,32,AdaptiveCuttingAuction,0.05,0.04,10,True,,1000,10800,cats_reg_g30b150,True,abs,False,CATS,150,regions,MultiMinded,159,Balance,36.0600000000004,2175.2061,3,1890.21,644.31150000000002,1960.706,1969.7674697234918,1873.120744723492,1889.7816936166437,25,43,32,76,62
28,30,37,AdaptiveCuttingAuction,0.05,0.04,10,True,,1000,10800,cats_reg_g30b150,True,abs,False,CATS,150,regions,MultiMinded,81,Balance,23.36999999999989,2040.43179,8,1615.6,517.23699999999997,2040.43179,1931.9116044940567,1776.6702566327504,1918.242002547875,8,40,23,80,67
29,30,33,AdaptiveCuttingAuction,0.05,0.04,10,True,,1000,10800,cats_reg_g30b150,True,abs,False,CATS,150,regions,MultiMinded,155,Balance,48.26000000000022,2111.632,8,1854.64,708.57899999999995,2089.501,2020.7935803754335,1737.3619803754336,1885.8139945505322,16,47,66,84,63
30,30,35,AdaptiveCuttingAuction,0.05,0.04,10,True,,1000,10800,cats_reg_g30b150,True,abs,False,CATS,150,regions,MultiMinded,120,Balance,32.19999999999982,2323.0769999999998,9,1594.17,462.18150000000003,2202.2282,1979.3231384021365,1794.4505384021361,2036.4140182924255,8,39,15,83,65
31,30,34,AdaptiveCuttingAuction,0.05,0.04,10,True,,1000,10800,cats_reg_g30b150,True,abs,False,CATS,150,regions,MultiMinded,49,Balance,7.519999999999527,2659.4860000000003,6,2167.09,585.07799999999997,2659.4860000000003,2496.8556489959724,2375.8841997075879,2563.2352995358265,1,27,10,78,64
32,30,37,AdaptiveCuttingAuction,0.05,0.04,10,True,,1000,10800,cats_reg_g30b150,True,abs,False,CATS,150,regions,MultiMinded,172,Balance,53.38000000000011,1999.8556999999998,8,1545.46,522.50199999999995,1910.9342000000001,1869.9800011562843,1680.0570644662516,1771.3534473639888,13,48,34,87,67
33,30,37,AdaptiveCuttingAuction,0.05,0.04,10,True,,1000,10800,cats_reg_g30b150,True,abs,False,CATS,150,regions,MultiMinded,56,Balance,12.270000000000437,1805.9524000000001,4,1582.17,487.50400000000002,1805.9524000000001,1648.3120851268088,1575.186485126809,1745.5621906350016,9,42,1,84,67
34,30,39,AdaptiveCuttingAuction,0.05,0.04,10,True,,1000,10800,cats_reg_g30b150,True,abs,False,CATS,150,regions,MultiMinded,153,Balance,49.82000000000062,1983.6001999999999,8,1564.76,623.41200000000003,1983.6001999999999,2008.3339845574544,1767.4813576168508,1779.8418391664202,15,42,20,84,69
35,30,38,AdaptiveCuttingAuction,0.05,0.04,10,True,,1000,10800,cats_reg_g30b150,True,abs,False,CATS,150,regions,MultiMinded,139,Balance,38.94000000000051,2341.4052,8,1755.59,637.298,2341.4052,2256.6849672088915,2008.1387472088913,2131.8597755762271,8,43,15,90,68
36,30,33,AdaptiveCuttingAuction,0.05,0.04,10,True,,1000,10800,cats_reg_g30b150,True,abs,False,CATS,150,regions,MultiMinded,110,Balance,33.659999999999854,2136.9992,7,1693.26,587.83249999999998,2073.502,2111.9201166607954,1906.1787416607956,1966.4902077673835,27,46,83,84,63
37,30,34,AdaptiveCuttingAuction,0.05,0.04,10,True,,1000,10800,cats_reg_g30b150,True,abs,False,CATS,150,regions,MultiMinded,219,Balance,56.81999999999971,1991.3467,8,1812.59,701.23299999999995,1969.7631000000001,1893.122136794849,1644.9401246790219,1817.8654362364773,25,44,83,79,64
38,30,40,AdaptiveCuttingAuction,0.05,0.04,10,True,,1000,10800,cats_reg_g30b150,True,abs,False,CATS,150,regions,MultiMinded,86,Balance,28.05999999999949,2724.0288,5,2153.9,576.38300000000004,2647.3538000000003,2405.6771535577291,2290.4005535577294,2553.1744546291693,24,46,26,84,70
39,30,30,AdaptiveCuttingAuction,0.05,0.04,10,True,,1000,10800,cats_reg_g30b150,True,abs,False,CATS,150,regions,MultiMinded,133,Balance,22.600000000000364,1968.0602,3,1918.66,764.726,1933.5459999999998,1923.6175087019283,1808.9086087019282,1892.7326649363656,1,30,40,69,60
40,30,33,AdaptiveCuttingAuction,0.05,0.04,10,True,,1000,10800,cats_reg_g30b150,True,abs,False,CATS,150,regions,MultiMinded,49,Balance,9.38000000000011,1942.0583000000001,3,1674.34,688.69799999999998,1942.0583000000001,1901.0939861117645,1797.7892861117643,1875.5672380751555,16,46,40,75,63
41,30,35,AdaptiveCuttingAuction,0.05,0.04,10,True,,1000,10800,cats_reg_g30b150,True,abs,False,CATS,150,regions,MultiMinded,68,Balance,18.5,1877.7214099999999,7,1423.29,646.35299999999995,1831.2470099999998,1807.0349008631947,1635.8788706084197,1721.7259898739946,12,43,38,77,65
42,30,32,AdaptiveCuttingAuction,0.05,0.04,10,True,,1000,10800,cats_reg_g30b150,True,abs,False,CATS,150,regions,MultiMinded,86,Balance,17.210000000000036,2111.841,4,1703.5,646.17399999999998,2111.841,2099.5202315394854,1972.7658721950161,2040.4766308104602,1,30,35,75,62
43,30,40,AdaptiveCuttingAuction,0.05,0.04,10,True,,1000,10800,cats_reg_g30b150,True,abs,False,CATS,150,regions,MultiMinded,133,Balance,38.25,2446.7208,6,1927.69,685.90899999999999,2446.7208,2205.6827894275812,2041.0646294275812,2287.3193713010337,19,44,4,88,70
44,30,35,AdaptiveCuttingAuction,0.05,0.04,10,True,,1000,10800,cats_reg_g30b150,True,abs,False,CATS,150,regions,MultiMinded,159,Balance,39.56999999999971,1711.1515999999997,6,1299.51,651.40899999999999,1570.8409,1512.7026559045237,1323.7940459045237,1451.7145779795414,21,44,79,84,65
45,30,38,AdaptiveCuttingAuction,0.05,0.04,10,True,,1000,10800,cats_reg_g30b150,True,abs,False,CATS,150,regions,MultiMinded,67,Balance,16.860000000000582,2034.5094,6,1828.07,742.07299999999998,2034.5094,2032.3183717723537,1855.9176332098045,1918.015704291962,8,33,47,85,68
46,30,31,AdaptiveCuttingAuction,0.05,0.04,10,True,,1000,10800,cats_reg_g30b150,True,abs,False,CATS,150,regions,MultiMinded,43,Balance,6.800000000000182,2564.0325000000003,4,2373.4,807.26099999999997,2564.0325000000003,2438.8305975600701,2325.8140575600701,2469.6118416807499,1,29,6,68,61
47,30,37,AdaptiveCuttingAuction,0.05,0.04,10,True,,1000,10800,cats_reg_g30b150,True,abs,False,CATS,150,regions,MultiMinded,63,Balance,15.699999999999818,2233.1322,7,1669.44,664.97900000000004,2233.1322,1956.8328887705864,1789.4472151804525,2085.9126986586925,22,41,21,76,67
48,30,35,AdaptiveCuttingAuction,0.05,0.04,10,True,,1000,10800,cats_reg_g30b150,True,abs,False,CATS,150,regions,MultiMinded,83,Balance,19.300000000000182,2069.4358,7,1826.01,556.24350000000004,2069.4358,1904.6997434378777,1725.1909897300175,1940.7189741580282,6,47,60,80,65
49,30,30,AdaptiveCuttingAuction,0.05,0.04,10,True,,1000,10800,cats_reg_g30b150,True,abs,False,CATS,150,regions,MultiMinded,65,Balance,10.769999999999527,1979.7895999999998,6,1594.07,673.82600000000002,1979.7895999999998,1885.691058347285,1723.6976822923884,1871.9948745049564,1,30,53,70,60
50,30,33,AdaptiveCuttingAuction,0.05,0.04,10,True,,1000,10800,cats_reg_g30b150,True,abs,False,CATS,150,regions,MultiMinded,83,Balance,18.210000000000036,2110.6722999999997,7,1335.35,460.47550000000001,2110.6722999999997,1933.6938792669057,1795.5512292669055,2020.3847559166322,9,35,29,80,63
51,30,37,AdaptiveCuttingAuction,0.05,0.04,10,True,,1000,10800,cats_reg_g30b150,True,abs,False,CATS,150,regions,MultiMinded,34,Balance,7.3700000000008,2245.4244000000003,6,1882.26,597.73699999999997,2245.4244000000003,2182.4959155512379,2033.0616655512374,2123.3767125443369,1,28,29,81,67
52,30,32,AdaptiveCuttingAuction,0.05,0.04,10,True,,1000,10800,cats_reg_g30b150,True,abs,False,CATS,150,regions,MultiMinded,85,Balance,17.469999999999345,1756.6213,6,1409.87,556.45500000000004,1756.6213,1644.0200181732057,1482.6480681732057,1616.5344089594869,7,39,18,71,62
53,30,34,AdaptiveCuttingAuction,0.05,0.04,10,True,,1000,10800,cats_reg_g30b150,True,abs,False,CATS,150,regions,MultiMinded,51,Balance,8.19000000000051,2325.6629000000003,6,1796.97,570.23000000000002,2248.7839000000004,2072.7723963316466,1935.9171963316462,2200.362338131768,1,29,52,71,64
54,30,37,AdaptiveCuttingAuction,0.05,0.04,10,True,,1000,10800,cats_reg_g30b150,True,abs,False,CATS,150,regions,MultiMinded,64,Balance,13.969999999999345,2355.424,6,2152.9,670.553,2355.424,2250.9293840931882,2115.6682970309871,2307.990907706087,1,28,50,85,67
55,30,33,AdaptiveCuttingAuction,0.05,0.04,10,True,,1000,10800,cats_reg_g30b150,True,abs,False,CATS,150,regions,MultiMinded,118,Balance,23.25999999999931,2078.1524999999997,10,1352.37,548.28150000000005,2078.1524999999997,2056.8529488011472,1790.3491593178189,1841.5328037617437,14,42,33,80,63
56,30,39,AdaptiveCuttingAuction,0.05,0.04,10,True,,1000,10800,cats_reg_g30b150,True,abs,False,CATS,150,regions,MultiMinded,87,Balance,22.0,1893.3772000000004,9,1498.24,591.42200000000003,1893.3772000000004,1807.9058439456169,1571.3370439456171,1684.3284266479423,1,29,31,86,69
57,30,36,AdaptiveCuttingAuction,0.05,0.04,10,True,,1000,10800,cats_reg_g30b150,True,abs,False,CATS,150,regions,MultiMinded,42,Balance,11.75,1899.5301999999997,5,1604.44,621.16750000000002,1859.0458999999998,1816.4607534574636,1661.1688784574635,1708.2775635139385,11,42,16,78,66
58,30,36,AdaptiveCuttingAuction,0.05,0.04,10,True,,1000,10800,cats_reg_g30b150,True,abs,False,CATS,150,regions,MultiMinded,276,Balance,86.32999999999993,2429.6093,6,2057.42,832.86300000000006,2429.6093,2326.6420755534173,2118.426325553417,2247.8368901860827,25,44,60,85,66
59,30,39,AdaptiveCuttingAuction,0.05,0.04,10,True,,1000,10800,cats_reg_g30b150,True,abs,False,CATS,150,regions,MultiMinded,162,Balance,37.0600000000004,2064.9126,3,1772.9,622.28800000000001,2039.5116,1966.7048081922921,1873.3616081922924,1982.1538202307461,22,47,40,89,69
60,30,35,AdaptiveCuttingAuction,0.05,0.04,10,True,,1000,10800,cats_reg_g30b150,True,abs,False,CATS,150,regions,MultiMinded,219,Balance,41.44000000000051,1956.0875,3,1842.74,450.80399999999997,1936.1575,1868.7613995971003,1828.1890395971004,1914.8050668056208,10,35,49,78,65
61,30,37,AdaptiveCuttingAuction,0.05,0.04,10,True,,1000,10800,cats_reg_g30b150,True,abs,False,CATS,150,regions,MultiMinded,161,Balance,54.26000000000022,1951.6029999999998,7,1560.47,530.9905,1951.6029999999998,1786.4456065183076,1600.5989315183078,1782.7505133583031,25,46,26,87,67
62,30,34,AdaptiveCuttingAuction,0.05,0.04,10,True,,1000,10800,cats_reg_g30b150,True,abs,False,CATS,150,regions,MultiMinded,111,Balance,25.539999999999964,1978.0167,7,1737.89,582.94900000000007,1977.3040999999998,1839.0368117263799,1640.8341517263802,1853.8917873322087,15,45,36,75,64
63,30,30,AdaptiveCuttingAuction,0.05,0.04,10,True,,1000,10800,cats_reg_g30b150,True,abs,False,CATS,150,regions,MultiMinded,99,Balance,18.970000000000255,2547.4234,5,1821.34,869.476,2547.4234,2437.9027652095265,2256.7504861824527,2457.5695086114624,8,42,52,72,60
64,30,34,AdaptiveCuttingAuction,0.05,0.04,10,True,,1000,10800,cats_reg_g30b150,True,abs,False,CATS,150,regions,MultiMinded,82,Balance,22.109999999999673,2427.9729,8,1844.14,792.92899999999997,2427.9729,2280.8168156670299,1986.3956797323237,2166.4800131483325,20,42,27,77,64
65,30,36,AdaptiveCuttingAuction,0.05,0.04,10,True,,1000,10800,cats_reg_g30b150,True,abs,False,CATS,150,regions,MultiMinded,83,Balance,21.93000000000029,2209.3287,9,1779.98,732.52250000000004,2134.5853,1992.6249111514044,1706.9411361514046,1884.2799539600283,13,40,28,79,66
66,30,30,AdaptiveCuttingAuction,0.05,0.04,10,True,,1000,10800,cats_reg_g30b150,True,abs,False,CATS,150,regions,MultiMinded,52,Balance,7.479999999999563,2387.3904,2,2290.03,553.03500000000008,2387.3904,2324.1572220505059,2274.3840720505059,2351.6615602318807,1,29,27,66,60
67,30,41,AdaptiveCuttingAuction,0.05,0.04,10,True,,1000,10800,cats_reg_g30b150,True,abs,False,CATS,150,regions,MultiMinded,747,Balance,264.21999999999935,2130.5865999999996,8,1569.3,447.20299999999997,2107.1669,1964.1136647765748,1804.577359460643,1975.8562688351053,9,47,19,96,71
68,30,34,AdaptiveCuttingAuction,0.05,0.04,10,True,,1000,10800,cats_reg_g30b150,True,abs,False,CATS,150,regions,MultiMinded,100,Balance,19.789999999999964,1871.0335999999998,7,1491.62,623.48450000000003,1804.1255,1776.8448272774413,1567.9502447632829,1640.0083358318832,1,30,24,78,64
69,30,34,AdaptiveCuttingAuction,0.05,0.04,10,True,,1000,10800,cats_reg_g30b150,True,abs,False,CATS,150,regions,MultiMinded,70,Balance,12.6899999999996,2248.1536,8,1918.69,909.28949999999998,2248.1536,2263.4784465871085,1908.8555415871085,2001.5202734456882,1,29,46,74,64
70,30,32,AdaptiveCuttingAuction,0.05,0.04,10,True,,1000,10800,cats_reg_g30b150,True,abs,False,CATS,150,regions,MultiMinded,106,Balance,18.92999999999938,2074.3614,4,1794.89,671.03600000000006,1998.6884,1929.1103255752394,1823.5353159305478,1939.3002043670595,1,30,45,70,62
71,30,30,AdaptiveCuttingAuction,0.05,0.04,10,True,,1000,10800,cats_reg_g30b150,True,abs,False,CATS,150,regions,MultiMinded,232,Balance,52.13999999999942,2107.4125,3,1919.92,672.68100000000004,2107.4125,2104.3475020132223,2010.1721620132225,2068.1436321930937,6,38,39,77,60
72,30,35,AdaptiveCuttingAuction,0.05,0.04,10,True,,1000,10800,cats_reg_g30b150,True,abs,False,CATS,150,regions,MultiMinded,65,Balance,12.070000000000618,1946.4843000000003,8,1216.53,554.09649999999999,1917.7996999999998,1797.47326383367,1603.5394888336698,1781.7672968921647,1,29,20,74,65
73,30,35,AdaptiveCuttingAuction,0.05,0.04,10,True,,1000,10800,cats_reg_g30b150,True,abs,False,CATS,150,regions,MultiMinded,333,Balance,87.36999999999989,1852.6272999999999,10,1445.38,663.03899999999999,1800.6158999999998,1675.9023360855999,1363.7114661196854,1554.0046707596077,15,45,27,80,65
74,30,31,AdaptiveCuttingAuction,0.05,0.04,10,True,,1000,10800,cats_reg_g30b150,True,abs,False,CATS,150,regions,MultiMinded,140,Balance,29.06999999999971,2020.0417,6,1744.34,781.83899999999994,2020.0417,1989.5085680695822,1754.9568680695822,1855.3212729862917,1,30,36,69,61
75,30,39,AdaptiveCuttingAuction,0.05,0.04,10,True,,1000,10800,cats_reg_g30b150,True,abs,False,CATS,150,regions,MultiMinded,83,Balance,18.350000000000364,2549.9302,11,1890.83,637.39099999999996,2549.9302,2419.893553761362,2085.4753762714436,2227.8436907883565,27,48,29,90,69
76,30,36,AdaptiveCuttingAuction,0.05,0.04,10,True,,1000,10800,cats_reg_g30b150,True,abs,False,CATS,150,regions,MultiMinded,58,Balance,13.320000000000618,1970.4382,5,1633.82,405.01099999999997,1957.2915,1914.7529740361015,1813.5002240361016,1870.6161362848507,25,38,23,74,66
77,30,34,AdaptiveCuttingAuction,0.05,0.04,10,True,,1000,10800,cats_reg_g30b150,True,abs,False,CATS,150,regions,MultiMinded,112,Balance,20.020000000000437,1646.3148,2,1576.38,831.28949999999998,1646.3148,1675.4060192381182,1592.2770692381184,1592.2770692381184,1,30,28,76,64
78,30,34,AdaptiveCuttingAuction,0.05,0.04,10,True,,1000,10800,cats_reg_g30b150,True,abs,False,CATS,150,regions,MultiMinded,102,Balance,23.18000000000029,2412.1546,7,1881.66,768.41550000000007,2345.1620999999996,2334.5153358229682,2103.9906858229679,2200.2542021939912,7,47,39,79,64
79,30,29,AdaptiveCuttingAuction,0.05,0.04,10,True,,1000,10800,cats_reg_g30b150,True,abs,False,CATS,150,regions,MultiMinded,233,Balance,41.289999999999964,2267.359,5,2060.3,919.01300000000003,2255.609,2264.9515632449616,2035.1983132449611,2100.9097663885977,15,44,33,78,59
80,30,37,AdaptiveCuttingAuction,0.05,0.04,10,True,,1000,10800,cats_reg_g30b150,True,abs,False,CATS,150,regions,MultiMinded,84,Balance,22.360000000000582,2112.5864,6,1592.54,576.49599999999998,2047.4059000000002,1955.1780951024571,1808.3734431526466,1923.2627765259508,11,45,31,83,67
81,30,33,AdaptiveCuttingAuction,0.05,0.04,10,True,,1000,10800,cats_reg_g30b150,True,abs,False,CATS,150,regions,MultiMinded,65,Balance,10.649999999999636,1652.215,4,1316.69,725.81600000000003,1652.215,1629.3633304552632,1484.2001304552634,1547.2615284246549,1,30,35,71,63
82,30,35,AdaptiveCuttingAuction,0.05,0.04,10,True,,1000,10800,cats_reg_g30b150,True,abs,False,CATS,150,regions,MultiMinded,65,Balance,22.030000000000655,2109.0315,7,1900.31,619.13249999999994,2109.0315,2101.1854620353779,1908.2160700267507,1966.9075228476345,24,47,23,82,65
83,30,32,AdaptiveCuttingAuction,0.05,0.04,10,True,,1000,10800,cats_reg_g30b150,True,abs,False,CATS,150,regions,MultiMinded,77,Balance,12.010000000000218,2576.43019,7,2027.96,1059.6700000000001,2576.43019,2598.1134472861254,2240.6658828189147,2311.7413278059867,1,30,34,73,62
84,30,34,AdaptiveCuttingAuction,0.05,0.04,10,True,,1000,10800,cats_reg_g30b150,True,abs,False,CATS,150,regions,MultiMinded,218,Balance,71.19000000000051,1983.6759000000002,7,1485.27,650.14099999999996,1962.444,1853.9341051491733,1631.4910453303469,1777.0410400353519,17,45,20,85,64
85,30,33,AdaptiveCuttingAuction,0.05,0.04,10,True,,1000,10800,cats_reg_g30b150,True,abs,False,CATS,150,regions,MultiMinded,45,Balance,8.360000000000582,1650.3177,5,1136.81,534.83399999999995,1650.3177,1592.0615325512426,1463.7013725512425,1555.8583162708633,1,30,18,72,63
86,30,37,AdaptiveCuttingAuction,0.05,0.04,10,True,,1000,10800,cats_reg_g30b150,True,abs,False,CATS,150,regions,MultiMinded,46,Balance,7.6599999999998545,2073.2363,5,1605.13,504.47649999999999,2073.2363,1962.3851013849376,1841.3107413849373,1973.6810710890436,1,30,6,75,67
87,30,34,AdaptiveCuttingAuction,0.05,0.04,10,True,,1000,10800,cats_reg_g30b150,True,abs,False,CATS,150,regions,MultiMinded,103,Balance,27.829999999999927,2161.5317,10,1611.82,461.19499999999999,2161.5317,2066.6876857782086,1882.209685778209,2012.8653982932722,19,42,24,79,64
88,30,35,AdaptiveCuttingAuction,0.05,0.04,10,True,,1000,10800,cats_reg_g30b150,True,abs,False,CATS,150,regions,MultiMinded,110,Balance,28.5600000000004,1960.6723,9,1579.4,529.16499999999996,1950.6343,1904.8945658518076,1695.8320549636453,1764.6449692647711,10,40,29,81,65
89,30,40,AdaptiveCuttingAuction,0.05,0.04,10,True,,1000,10800,cats_reg_g30b150,True,abs,False,CATS,150,regions,MultiMinded,60,Balance,18.73999999999978,2103.4608,12,1324.86,455.78500000000003,2103.4608,1804.6732162156668,1599.5699662156665,1936.575155446639,1,27,14,83,70
90,30,36,AdaptiveCuttingAuction,0.05,0.04,10,True,,1000,10800,cats_reg_g30b150,True,abs,False,CATS,150,regions,MultiMinded,112,Balance,24.25,2252.2093,7,1749.09,686.99800000000005,2252.2093,2134.4750467960343,1943.0624837838077,2095.4823609110817,4,34,21,84,66
91,30,37,AdaptiveCuttingAuction,0.05,0.04,10,True,,1000,10800,cats_reg_g30b150,True,abs,False,CATS,150,regions,MultiMinded,66,Balance,13.949999999999818,2533.4677,9,1557.05,605.50300000000004,2524.7637,2186.334147423262,1962.2980374232623,2306.4289938313491,6,33,15,77,67
92,30,37,AdaptiveCuttingAuction,0.05,0.04,10,True,,1000,10800,cats_reg_g30b150,True,abs,False,CATS,150,regions,MultiMinded,84,Balance,19.609999999999673,2087.0795,9,1557.29,467.12700000000001,2087.0795,2005.0000064899925,1799.4641264899924,1904.4604161238685,20,44,33,82,67
93,30,34,AdaptiveCuttingAuction,0.05,0.04,10,True,,1000,10800,cats_reg_g30b150,True,abs,False,CATS,150,regions,MultiMinded,28,Balance,5.609999999999673,2220.4165999999996,8,1477.09,531.97949999999992,2187.6236,2040.0057210427087,1837.8535110427088,2045.2888901526865,1,30,34,73,64
94,30,33,AdaptiveCuttingAuction,0.05,0.04,10,True,,1000,10800,cats_reg_g30b150,True,abs,False,CATS,150,regions,MultiMinded,206,Balance,68.74000000000069,2089.1439,6,1850.23,583.02999999999997,2075.2699000000002,1943.541894419423,1826.935894419423,1997.5712013627401,11,43,27,80,63
95,30,36,AdaptiveCuttingAuction,0.05,0.04,10,True,,1000,10800,cats_reg_g30b150,True,abs,False,CATS,150,regions,MultiMinded,115,Balance,30.020000000000437,2218.1557,7,1747.55,732.99250000000006,2218.1557,2194.0985347897022,1937.5511597897021,1996.8808390958197,11,46,23,84,66
96,30,33,AdaptiveCuttingAuction,0.05,0.04,10,True,,1000,10800,cats_reg_g30b150,True,abs,False,CATS,150,regions,MultiMinded,141,Balance,34.47999999999956,1873.9284000000002,4,1690.89,555.43200000000002,1873.9284000000002,1844.1968520872326,1733.1104520872327,1791.0312500137609,12,45,55,79,63
97,30,37,AdaptiveCuttingAuction,0.05,0.04,10,True,,1000,10800,cats_reg_g30b150,True,abs,False,CATS,150,regions,MultiMinded,91,Balance,25.5600000000004,1853.4531000000002,11,1334.16,635.36699999999996,1803.3401000000001,1765.4349092949412,1454.1050792949411,1544.7258866003231,25,42,16,83,67
98,30,36,AdaptiveCuttingAuction,0.05,0.04,10,True,,1000,10800,cats_reg_g30b150,True,abs,False,CATS,150,regions,MultiMinded,45,Balance,9.94000000000051,2779.0163,8,2131.76,620.35799999999995,2779.0163,2659.0236177146508,2417.0839977146511,2583.1356819834277,10,40,37,77,66
99,30,37,AdaptiveCuttingAuction,0.05,0.04,10,True,,1000,10800,cats_reg_g30b150,True,abs,False,CATS,150,regions,MultiMinded,100,Balance,26.100000000000364,2286.8288000000002,5,1573.72,543.00099999999998,2260.4235,2205.4112620281148,2096.811062028115,2214.7082094459324,9,41,51,84,67
100,30,32,AdaptiveCuttingAuction,0.05,0.04,10,True,,1000,10800,cats_reg_g30b150,True,abs,False,CATS,150,regions,MultiMinded,95,Balance,18.090000000000146,1906.0085,9,1496.95,591.39400000000001,1906.0085,1769.5561727742174,1506.8765293064796,1723.3720261768917,23,44,67,77,62
