idx,items,agents,auction_class,epsilon,stepc,epoch,scalebyvalue,reserve_type,maxiter,maxtime,generator_param_name,personalized,expstrat,int_prices,generator,bids,distribution,type,rounds,status,runtime,efficient_value,final_num_winners,final_max_agent_value,final_scalevalue,final_value,final_total_price,final_revenue,final_indirect_util,final_price_degree,final_price_sparsity,final_imbalance,final_wd_nvars,final_wd_ncons
1,30,36,AdaptiveCuttingAuction,0.2,0.04,10,True,,1000,10800,cats_reg_g30b150,True,abs,False,CATS,150,regions,MultiMinded,113,Balance,27.289999999999964,2502.8085,12,1712.02,630.28700000000003,2357.2425999999996,2175.4664417298345,1278.3721261298954,1645.3275491410996,7,39,33,83,66
2,30,38,AdaptiveCuttingAuction,0.2,0.04,10,True,,1000,10800,cats_reg_g30b150,True,abs,False,CATS,150,regions,MultiMinded,42,Balance,12.5600000000004,2067.4249,7,1460.04,478.96600000000001,2057.0263999999997,2090.1797235732042,1553.0969084518254,1609.4323960530148,6,35,26,86,68
3,30,36,AdaptiveCuttingAuction,0.2,0.04,10,True,,1000,10800,cats_reg_g30b150,True,abs,False,CATS,150,regions,MultiMinded,22,Balance,6.289999999999964,2226.2472000000002,8,1961.0,494.50999999999999,2112.2945,2251.7057293541561,1574.7490974519421,1654.4086836975498,25,45,32,73,66
4,30,38,AdaptiveCuttingAuction,0.2,0.04,10,True,,1000,10800,cats_reg_g30b150,True,abs,False,CATS,150,regions,MultiMinded,63,Balance,12.289999999999964,2004.9491999999998,11,1505.7,557.86300000000006,1985.2371999999998,1991.5010927966152,970.93219492037611,1071.8408393049331,3,31,2,83,68
5,30,35,AdaptiveCuttingAuction,0.2,0.04,10,True,,1000,10800,cats_reg_g30b150,True,abs,False,CATS,150,regions,MultiMinded,47,Balance,8.320000000000618,1864.626,2,1703.97,505.12049999999999,1813.7730000000001,1803.6596351744884,1665.220557789281,1759.4174804040736,1,30,27,74,65
6,30,35,AdaptiveCuttingAuction,0.2,0.04,10,True,,1000,10800,cats_reg_g30b150,True,abs,False,CATS,150,regions,MultiMinded,73,Balance,14.3100000000004,2116.0368,7,1959.83,614.52500000000009,2047.2348000000002,2121.0028385446094,1339.4655489529889,1400.5501797207999,1,29,35,73,65
7,30,35,AdaptiveCuttingAuction,0.2,0.04,10,True,,1000,10800,cats_reg_g30b150,True,abs,False,CATS,150,regions,MultiMinded,143,Balance,41.35999999999967,2031.9575,6,1330.11,558.39999999999998,2031.9575,1954.4384748452821,1381.6731062387851,1472.7102516648179,6,41,10,78,65
8,30,35,AdaptiveCuttingAuction,0.2,0.04,10,True,,1000,10800,cats_reg_g30b150,True,abs,False,CATS,150,regions,MultiMinded,91,Balance,20.889999999999418,2027.57669,8,1379.5,642.28750000000002,2027.57669,1796.7892228650653,1223.2771714815058,1543.1257388038371,13,42,45,75,65
9,30,36,AdaptiveCuttingAuction,0.2,0.04,10,True,,1000,10800,cats_reg_g30b150,True,abs,False,CATS,150,regions,MultiMinded,25,Balance,6.280000000000655,1859.5272999999997,9,1542.29,443.88650000000001,1761.7136,1871.1077399678966,1292.3937719444607,1422.4764934853943,22,38,25,77,66
10,30,34,AdaptiveCuttingAuction,0.2,0.04,10,True,,1000,10800,cats_reg_g30b150,True,abs,False,CATS,150,regions,MultiMinded,221,Balance,52.07999999999993,2566.974,5,2112.56,626.02300000000002,2566.974,2482.4189547098458,1856.3959547098452,1981.080516888393,7,43,47,78,64
11,30,36,AdaptiveCuttingAuction,0.2,0.04,10,True,,1000,10800,cats_reg_g30b150,True,abs,False,CATS,150,regions,MultiMinded,32,Balance,6.610000000000582,2431.6115,4,2098.81,721.22149999999999,2431.6115,2398.306657425971,2079.4549982412864,2333.3510423329526,1,28,49,74,66
12,30,32,AdaptiveCuttingAuction,0.2,0.04,10,True,,1000,10800,cats_reg_g30b150,True,abs,False,CATS,150,regions,MultiMinded,110,Balance,21.699999999999818,1865.81568,7,1645.15,855.13049999999998,1787.8909999999998,1865.4087755311862,1143.5591810506874,1246.2591778124674,1,30,57,73,62
13,30,35,AdaptiveCuttingAuction,0.2,0.04,10,True,,1000,10800,cats_reg_g30b150,True,abs,False,CATS,150,regions,MultiMinded,63,Balance,12.460000000000036,1773.5022000000001,9,1494.31,678.60900000000004,1582.3419000000001,1851.6927894882497,959.09228903488042,1075.1461293313364,1,30,54,82,65
14,30,32,AdaptiveCuttingAuction,0.2,0.04,10,True,,1000,10800,cats_reg_g30b150,True,abs,False,CATS,150,regions,MultiMinded,103,Balance,21.579999999999927,1980.1873000000003,6,1559.99,631.08900000000006,1980.1873000000003,1821.3569637350784,1312.7291321584889,1520.3777604541735,7,41,23,73,62
15,30,36,AdaptiveCuttingAuction,0.2,0.04,10,True,,1000,10800,cats_reg_g30b150,True,abs,False,CATS,150,regions,MultiMinded,48,Balance,9.050000000000182,2512.4141000000004,3,2312.23,781.00699999999995,2512.4141000000004,2512.7957609935725,2244.1858843852224,2345.9973478847241,1,29,30,74,66
16,30,34,AdaptiveCuttingAuction,0.2,0.04,10,True,,1000,10800,cats_reg_g30b150,True,abs,False,CATS,150,regions,MultiMinded,70,Balance,15.420000000000073,1929.452,4,1789.44,584.255,1909.1155,1965.0087165320192,1785.6500525299907,1842.8178885279622,7,41,26,79,64
17,30,33,AdaptiveCuttingAuction,0.2,0.04,10,True,,1000,10800,cats_reg_g30b150,True,abs,False,CATS,150,regions,MultiMinded,61,Balance,10.989999999999782,1934.7395999999999,7,1626.95,730.93200000000002,1934.7395999999999,2033.3354056819596,1319.5848080681603,1383.2876380350865,1,30,34,72,63
18,30,34,AdaptiveCuttingAuction,0.2,0.04,10,True,,1000,10800,cats_reg_g30b150,True,abs,False,CATS,150,regions,MultiMinded,49,Balance,7.959999999999127,2504.1384,4,1818.33,781.33600000000001,2504.1384,2533.8099267978396,2096.2617667978393,2224.8552568140872,1,29,25,70,64
19,30,36,AdaptiveCuttingAuction,0.2,0.04,10,True,,1000,10800,cats_reg_g30b150,True,abs,False,CATS,150,regions,MultiMinded,29,Balance,4.9299999999993815,2560.7110000000002,11,1508.06,549.71399999999994,2560.7110000000002,2293.024641287634,1435.4708012876338,1843.1380457099303,1,28,18,74,66
20,30,37,AdaptiveCuttingAuction,0.2,0.04,10,True,,1000,10800,cats_reg_g30b150,True,abs,False,CATS,150,regions,MultiMinded,76,Balance,21.31999999999971,1801.7813999999998,9,1490.47,395.125,1656.8604,1747.6608787690361,1152.1314928553606,1212.6873134091609,8,47,35,89,67
21,30,33,AdaptiveCuttingAuction,0.2,0.04,10,True,,1000,10800,cats_reg_g30b150,True,abs,False,CATS,150,regions,MultiMinded,100,Balance,19.18000000000029,1553.7635,3,1374.19,778.39550000000008,1553.7635,1605.63525342094,1271.9980369391833,1286.6293051139726,1,30,28,73,63
22,30,38,AdaptiveCuttingAuction,0.2,0.04,10,True,,1000,10800,cats_reg_g30b150,True,abs,False,CATS,150,regions,MultiMinded,41,Balance,12.520000000000437,2312.252,6,2123.59,638.69949999999994,2170.879,2570.9517446868726,1849.3470924015598,1870.6486944968181,18,44,27,82,68
23,30,38,AdaptiveCuttingAuction,0.2,0.04,10,True,,1000,10800,cats_reg_g30b150,True,abs,False,CATS,150,regions,MultiMinded,40,Balance,10.649999999999636,2354.8725,8,1818.1,597.00800000000004,2151.0054999999998,2087.3614689081423,1578.0228802039915,1924.8615323014212,10,41,49,84,68
24,30,35,AdaptiveCuttingAuction,0.2,0.04,10,True,,1000,10800,cats_reg_g30b150,True,abs,False,CATS,150,regions,MultiMinded,91,Balance,21.779999999999745,1892.4884,10,1241.36,538.58849999999995,1892.4884,1785.9290672493514,1026.018674470788,1217.6286479039829,8,43,52,81,65
25,30,33,AdaptiveCuttingAuction,0.2,0.04,10,True,,1000,10800,cats_reg_g30b150,True,abs,False,CATS,150,regions,MultiMinded,103,Balance,20.43000000000029,1741.0822999999998,4,1538.41,861.41849999999999,1692.8544000000002,1723.706395388092,1498.69863785189,1672.7401540282847,1,29,97,75,63
26,30,34,AdaptiveCuttingAuction,0.2,0.04,10,True,,1000,10800,cats_reg_g30b150,True,abs,False,CATS,150,regions,MultiMinded,136,Balance,44.529999999999745,2008.668,9,1919.5,424.82100000000003,1957.6678,1960.264041430662,1391.7047309757836,1505.5317285851081,27,59,67,78,64
27,30,32,AdaptiveCuttingAuction,0.2,0.04,10,True,,1000,10800,cats_reg_g30b150,True,abs,False,CATS,150,regions,MultiMinded,104,Balance,22.98999999999978,2175.2061,6,1890.21,644.31150000000002,1801.1017,2002.2637590277084,1467.3580989001471,1507.6456381783828,25,43,42,72,62
28,30,37,AdaptiveCuttingAuction,0.2,0.04,10,True,,1000,10800,cats_reg_g30b150,True,abs,False,CATS,150,regions,MultiMinded,44,Balance,9.149999999999636,2040.43179,9,1615.6,517.23699999999997,1991.07949,2089.693866287289,1563.4696820465142,1711.6507853834567,1,29,31,77,67
29,30,33,AdaptiveCuttingAuction,0.2,0.04,10,True,,1000,10800,cats_reg_g30b150,True,abs,False,CATS,150,regions,MultiMinded,93,Balance,22.06999999999971,2111.632,7,1854.64,708.57899999999995,2036.4690000000003,2036.9882690770096,1339.3732594046392,1544.7650796032863,16,47,65,80,63
30,30,35,AdaptiveCuttingAuction,0.2,0.04,10,True,,1000,10800,cats_reg_g30b150,True,abs,False,CATS,150,regions,MultiMinded,85,Balance,22.31999999999971,2323.0769999999998,10,1594.17,462.18150000000003,2138.0757,1995.7707365496153,1208.6606617376503,1447.5324132304274,8,39,15,80,65
31,30,34,AdaptiveCuttingAuction,0.2,0.04,10,True,,1000,10800,cats_reg_g30b150,True,abs,False,CATS,150,regions,MultiMinded,49,Balance,7.579999999999927,2659.4860000000003,6,2167.09,585.07799999999997,2659.4860000000003,2496.8556489959724,2024.837399707588,2212.1884995358264,1,27,10,78,64
32,30,37,AdaptiveCuttingAuction,0.2,0.04,10,True,,1000,10800,cats_reg_g30b150,True,abs,False,CATS,150,regions,MultiMinded,43,Balance,10.0,1999.8556999999998,9,1545.46,522.50199999999995,1713.5254,1868.8469699760185,1208.5376217517164,1390.8606537141209,4,30,49,81,67
33,30,37,AdaptiveCuttingAuction,0.2,0.04,10,True,,1000,10800,cats_reg_g30b150,True,abs,False,CATS,150,regions,MultiMinded,35,Balance,5.979999999999563,1805.9524000000001,4,1582.17,487.50400000000002,1790.6487000000002,1679.5614279950846,1562.5604679950845,1776.1898296393667,1,28,74,77,67
34,30,39,AdaptiveCuttingAuction,0.2,0.04,10,True,,1000,10800,cats_reg_g30b150,True,abs,False,CATS,150,regions,MultiMinded,63,Balance,17.420000000000073,1983.6001999999999,8,1564.76,623.41200000000003,1983.6001999999999,2045.5174442581781,1216.0952846708572,1254.3559881415708,15,41,34,83,69
35,30,38,AdaptiveCuttingAuction,0.2,0.04,10,True,,1000,10800,cats_reg_g30b150,True,abs,False,CATS,150,regions,MultiMinded,112,Balance,30.699999999999818,2341.4052,8,1755.59,637.298,2341.4052,2238.0794918162514,1396.8461318162515,1567.0282677771702,8,43,14,89,68
36,30,33,AdaptiveCuttingAuction,0.2,0.04,10,True,,1000,10800,cats_reg_g30b150,True,abs,False,CATS,150,regions,MultiMinded,61,Balance,16.649999999999636,2136.9992,7,1693.26,587.83249999999998,2028.4180000000001,2208.1106108941817,1398.4668819913804,1459.1207739891454,27,46,23,80,63
37,30,34,AdaptiveCuttingAuction,0.2,0.04,10,True,,1000,10800,cats_reg_g30b150,True,abs,False,CATS,150,regions,MultiMinded,131,Balance,30.329999999999927,1991.3467,3,1812.59,701.23299999999995,1939.0544,1956.5244473648975,1777.262609628742,1907.4388744143569,1,30,80,77,64
38,30,40,AdaptiveCuttingAuction,0.2,0.04,10,True,,1000,10800,cats_reg_g30b150,True,abs,False,CATS,150,regions,MultiMinded,75,Balance,26.230000000000473,2724.0288,9,2153.9,576.38300000000004,2402.6497999999997,2361.8942533624363,1526.2027652575484,1864.5410294767203,24,46,41,84,70
39,30,30,AdaptiveCuttingAuction,0.2,0.04,10,True,,1000,10800,cats_reg_g30b150,True,abs,False,CATS,150,regions,MultiMinded,97,Balance,15.480000000000473,1968.0602,1,1918.66,764.726,1918.66,2030.3541537655576,1877.4089537655577,1944.602358604126,1,30,28,68,60
40,30,33,AdaptiveCuttingAuction,0.2,0.04,10,True,,1000,10800,cats_reg_g30b150,True,abs,False,CATS,150,regions,MultiMinded,44,Balance,8.6899999999996,1942.0583000000001,3,1674.34,688.69799999999998,1942.0583000000001,2033.5288170942085,1694.885178133793,1703.4390391733775,16,45,26,72,63
41,30,35,AdaptiveCuttingAuction,0.2,0.04,10,True,,1000,10800,cats_reg_g30b150,True,abs,False,CATS,150,regions,MultiMinded,54,Balance,13.299999999999272,1877.7214099999999,8,1423.29,646.35299999999995,1801.0199099999998,1878.5823247672006,1301.5317454014462,1398.3415983447012,12,43,45,76,65
42,30,32,AdaptiveCuttingAuction,0.2,0.04,10,True,,1000,10800,cats_reg_g30b150,True,abs,False,CATS,150,regions,MultiMinded,54,Balance,10.759999999999309,2111.841,4,1703.5,646.17399999999998,2111.841,2139.1201166642804,1731.1899723015697,1842.4008407313916,1,30,76,72,62
43,30,40,AdaptiveCuttingAuction,0.2,0.04,10,True,,1000,10800,cats_reg_g30b150,True,abs,False,CATS,150,regions,MultiMinded,79,Balance,17.769999999999527,2446.7208,11,1927.69,685.90899999999999,2321.3928,2208.2267299082609,1113.249879959247,1424.8938931564217,1,29,48,84,70
44,30,35,AdaptiveCuttingAuction,0.2,0.04,10,True,,1000,10800,cats_reg_g30b150,True,abs,False,CATS,150,regions,MultiMinded,64,Balance,12.38000000000011,1711.1515999999997,8,1299.51,651.40899999999999,1554.4274999999998,1644.1766926575704,843.90433502326277,1053.2206708251895,1,30,34,74,65
45,30,38,AdaptiveCuttingAuction,0.2,0.04,10,True,,1000,10800,cats_reg_g30b150,True,abs,False,CATS,150,regions,MultiMinded,55,Balance,13.75,2034.5094,9,1828.07,742.07299999999998,1909.1945,2039.1075623225843,1184.142617633732,1256.7843561132145,8,33,34,81,68
46,30,31,AdaptiveCuttingAuction,0.2,0.04,10,True,,1000,10800,cats_reg_g30b150,True,abs,False,CATS,150,regions,MultiMinded,43,Balance,6.809999999999491,2564.0325000000003,4,2373.4,807.26099999999997,2564.0325000000003,2438.8305975600701,2083.63575756007,2227.4335416807498,1,29,6,68,61
47,30,37,AdaptiveCuttingAuction,0.2,0.04,10,True,,1000,10800,cats_reg_g30b150,True,abs,False,CATS,150,regions,MultiMinded,51,Balance,11.329999999999927,2233.1322,7,1669.44,664.97900000000004,2233.1322,1972.6220807716679,1582.8652733562712,1899.384403225316,1,29,43,75,67
48,30,35,AdaptiveCuttingAuction,0.2,0.04,10,True,,1000,10800,cats_reg_g30b150,True,abs,False,CATS,150,regions,MultiMinded,73,Balance,17.170000000000073,2069.4358,7,1826.01,556.24350000000004,1936.2419000000002,1884.029137036669,1270.6504533288089,1575.5587892228502,6,46,79,79,65
49,30,30,AdaptiveCuttingAuction,0.2,0.04,10,True,,1000,10800,cats_reg_g30b150,True,abs,False,CATS,150,regions,MultiMinded,52,Balance,8.489999999999782,1979.7895999999998,6,1594.07,673.82600000000002,1979.7895999999998,1958.8728424486349,1496.5334571144606,1660.7703690137873,1,29,52,65,60
50,30,33,AdaptiveCuttingAuction,0.2,0.04,10,True,,1000,10800,cats_reg_g30b150,True,abs,False,CATS,150,regions,MultiMinded,43,Balance,8.269999999999527,2110.6722999999997,7,1335.35,460.47550000000001,2110.6722999999997,1971.147807905108,1510.672307905108,1755.0414699263499,9,35,18,75,63
51,30,37,AdaptiveCuttingAuction,0.2,0.04,10,True,,1000,10800,cats_reg_g30b150,True,abs,False,CATS,150,regions,MultiMinded,28,Balance,5.0600000000004,2245.4244000000003,6,1882.26,597.73699999999997,2245.4244000000003,2259.8150307613223,1709.8969907613227,1809.1290022847722,1,27,45,80,67
52,30,32,AdaptiveCuttingAuction,0.2,0.04,10,True,,1000,10800,cats_reg_g30b150,True,abs,False,CATS,150,regions,MultiMinded,55,Balance,9.479999999999563,1756.6213,5,1409.87,556.45500000000004,1694.7150000000001,1719.8761652149249,1252.4539652149249,1358.382278902702,1,29,27,68,62
53,30,34,AdaptiveCuttingAuction,0.2,0.04,10,True,,1000,10800,cats_reg_g30b150,True,abs,False,CATS,150,regions,MultiMinded,39,Balance,5.690000000000509,2325.6629000000003,6,1796.97,570.23000000000002,2248.7839000000004,2161.0167762232004,1704.8327762232,1977.7884491611974,1,29,38,67,64
54,30,37,AdaptiveCuttingAuction,0.2,0.04,10,True,,1000,10800,cats_reg_g30b150,True,abs,False,CATS,150,regions,MultiMinded,64,Balance,13.799999999999272,2355.424,6,2152.9,670.553,2355.424,2250.9293840931882,1813.9194470309872,2006.2420577060871,1,28,50,85,67
55,30,33,AdaptiveCuttingAuction,0.2,0.04,10,True,,1000,10800,cats_reg_g30b150,True,abs,False,CATS,150,regions,MultiMinded,118,Balance,23.449999999999818,2078.1524999999997,10,1352.37,548.28150000000005,2078.1524999999997,2056.8529488011472,1223.0385361418641,1274.2221805857889,14,42,33,80,63
56,30,39,AdaptiveCuttingAuction,0.2,0.04,10,True,,1000,10800,cats_reg_g30b150,True,abs,False,CATS,150,regions,MultiMinded,70,Balance,15.909999999999854,1893.3772000000004,6,1498.24,591.42200000000003,1799.9405,1830.489977375574,1286.3817373755739,1426.1365685280448,1,29,51,83,69
57,30,36,AdaptiveCuttingAuction,0.2,0.04,10,True,,1000,10800,cats_reg_g30b150,True,abs,False,CATS,150,regions,MultiMinded,38,Balance,9.099999999999454,1899.5301999999997,9,1604.44,621.16750000000002,1707.3102,1829.9331732731143,889.69876950350226,937.06358288016702,11,42,23,77,66
58,30,36,AdaptiveCuttingAuction,0.2,0.04,10,True,,1000,10800,cats_reg_g30b150,True,abs,False,CATS,150,regions,MultiMinded,181,Balance,49.029999999999745,2429.6093,4,2057.42,832.86300000000006,2287.9113,2347.1502469442603,1990.1670770381586,2157.4064920667365,25,31,85,83,66
59,30,39,AdaptiveCuttingAuction,0.2,0.04,10,True,,1000,10800,cats_reg_g30b150,True,abs,False,CATS,150,regions,MultiMinded,86,Balance,16.899999999999636,2064.9126,7,1772.9,622.28800000000001,1923.6326000000001,2055.1463245010523,1272.7821558082521,1422.6174511998106,1,30,62,85,69
60,30,35,AdaptiveCuttingAuction,0.2,0.04,10,True,,1000,10800,cats_reg_g30b150,True,abs,False,CATS,150,regions,MultiMinded,122,Balance,22.949999999999818,1956.0875,3,1842.74,450.80399999999997,1936.1575,1914.2867548475842,1806.0937948475844,1895.5725797681719,1,28,32,77,65
61,30,37,AdaptiveCuttingAuction,0.2,0.04,10,True,,1000,10800,cats_reg_g30b150,True,abs,False,CATS,150,regions,MultiMinded,67,Balance,18.920000000000073,1951.6029999999998,9,1560.47,530.9905,1902.7827999999997,1810.7623984136278,1208.5716435994011,1435.3509991046446,25,46,11,83,67
62,30,34,AdaptiveCuttingAuction,0.2,0.04,10,True,,1000,10800,cats_reg_g30b150,True,abs,False,CATS,150,regions,MultiMinded,101,Balance,22.63000000000011,1978.0167,4,1737.89,582.94900000000007,1941.8931400000001,1929.3373346654723,1737.2588182176773,1902.1032073987578,1,30,57,75,64
63,30,30,AdaptiveCuttingAuction,0.2,0.04,10,True,,1000,10800,cats_reg_g30b150,True,abs,False,CATS,150,regions,MultiMinded,79,Balance,13.970000000000255,2547.4234,5,1821.34,869.476,2361.1973999999996,2363.9380923392632,1797.2869073664215,2028.428624566898,1,29,50,70,60
64,30,34,AdaptiveCuttingAuction,0.2,0.04,10,True,,1000,10800,cats_reg_g30b150,True,abs,False,CATS,150,regions,MultiMinded,51,Balance,11.770000000000437,2427.9729,11,1844.14,792.92899999999997,2373.9901,2357.1052054567708,1202.9539908950974,1437.2150890507883,1,30,30,69,64
65,30,36,AdaptiveCuttingAuction,0.2,0.04,10,True,,1000,10800,cats_reg_g30b150,True,abs,False,CATS,150,regions,MultiMinded,65,Balance,16.69000000000051,2209.3287,9,1779.98,732.52250000000004,2072.1837,2052.6454413521174,1287.5195002820633,1482.2832374558802,13,40,52,78,66
66,30,30,AdaptiveCuttingAuction,0.2,0.04,10,True,,1000,10800,cats_reg_g30b150,True,abs,False,CATS,150,regions,MultiMinded,46,Balance,6.4299999999993815,2387.3904,2,2290.03,553.03500000000008,2387.3904,2364.3608747230032,2231.6324747230033,2315.3643773555668,1,29,27,64,60
67,30,41,AdaptiveCuttingAuction,0.2,0.04,10,True,,1000,10800,cats_reg_g30b150,True,abs,False,CATS,150,regions,MultiMinded,80,Balance,17.93000000000029,2130.5865999999996,9,1569.3,447.20299999999997,2030.1996000000001,2028.9881840327957,1444.6379242398134,1643.0659270723881,9,44,38,92,71
68,30,34,AdaptiveCuttingAuction,0.2,0.04,10,True,,1000,10800,cats_reg_g30b150,True,abs,False,CATS,150,regions,MultiMinded,66,Balance,13.779999999999745,1871.0335999999998,7,1491.62,623.48450000000003,1804.1255,1875.5680031630486,1250.556650151987,1327.6206857727418,1,30,24,76,64
69,30,34,AdaptiveCuttingAuction,0.2,0.04,10,True,,1000,10800,cats_reg_g30b150,True,abs,False,CATS,150,regions,MultiMinded,66,Balance,12.039999999999964,2248.1536,8,1918.69,909.28949999999998,2248.1536,2280.4445328677934,1419.9639488797202,1480.9584839617132,1,29,34,74,64
70,30,32,AdaptiveCuttingAuction,0.2,0.04,10,True,,1000,10800,cats_reg_g30b150,True,abs,False,CATS,150,regions,MultiMinded,106,Balance,19.530000000000655,2074.3614,4,1794.89,671.03600000000006,1998.6884,1929.1103255752394,1684.9353184652932,1800.7002069018049,1,30,45,70,62
71,30,30,AdaptiveCuttingAuction,0.2,0.04,10,True,,1000,10800,cats_reg_g30b150,True,abs,False,CATS,150,regions,MultiMinded,85,Balance,13.829999999999927,2107.4125,3,1919.92,672.68100000000004,2077.242,2113.4064398650557,1888.0989564987626,2037.4172218234951,6,38,55,70,60
72,30,35,AdaptiveCuttingAuction,0.2,0.04,10,True,,1000,10800,cats_reg_g30b150,True,abs,False,CATS,150,regions,MultiMinded,47,Balance,8.30999999999949,1946.4843000000003,8,1216.53,554.09649999999999,1917.7996999999998,1811.8617036721798,1289.7609672094345,1527.4635965208086,1,29,51,74,65
73,30,35,AdaptiveCuttingAuction,0.2,0.04,10,True,,1000,10800,cats_reg_g30b150,True,abs,False,CATS,150,regions,MultiMinded,79,Balance,14.680000000000291,1852.6272999999999,10,1445.38,663.03899999999999,1800.6158999999998,1791.3666668189881,1015.3103451498405,1238.3681764210833,4,31,24,75,65
74,30,31,AdaptiveCuttingAuction,0.2,0.04,10,True,,1000,10800,cats_reg_g30b150,True,abs,False,CATS,150,regions,MultiMinded,80,Balance,13.820000000000618,2020.0417,5,1744.34,781.83899999999994,1958.9530999999997,2031.2307587974924,1427.8733051453369,1560.5547162956268,1,30,58,68,61
75,30,39,AdaptiveCuttingAuction,0.2,0.04,10,True,,1000,10800,cats_reg_g30b150,True,abs,False,CATS,150,regions,MultiMinded,80,Balance,17.389999999999418,2549.9302,11,1890.83,637.39099999999996,2512.3372,2453.1213047993028,1539.9955635697295,1667.2755953434248,27,48,13,90,69
76,30,36,AdaptiveCuttingAuction,0.2,0.04,10,True,,1000,10800,cats_reg_g30b150,True,abs,False,CATS,150,regions,MultiMinded,58,Balance,13.61999999999989,1970.4382,5,1633.82,405.01099999999997,1957.2915,1914.7529740361015,1546.8186216530175,1603.9345339017666,25,38,23,74,66
77,30,34,AdaptiveCuttingAuction,0.2,0.04,10,True,,1000,10800,cats_reg_g30b150,True,abs,False,CATS,150,regions,MultiMinded,68,Balance,11.420000000000073,1646.3148,6,1576.38,831.28949999999998,1602.3807,1847.3085684835239,1129.8930599867697,1146.3675328679512,1,30,31,73,64
78,30,34,AdaptiveCuttingAuction,0.2,0.04,10,True,,1000,10800,cats_reg_g30b150,True,abs,False,CATS,150,regions,MultiMinded,49,Balance,8.890000000000327,2412.1546,7,1881.66,768.41550000000007,2305.4481,2428.13102283947,1642.4193560232823,1807.2221972963218,1,29,22,75,64
79,30,29,AdaptiveCuttingAuction,0.2,0.04,10,True,,1000,10800,cats_reg_g30b150,True,abs,False,CATS,150,regions,MultiMinded,86,Balance,13.389999999999418,2267.359,5,2060.3,919.01300000000003,2255.609,2355.2602173771461,1646.2215027034126,1876.8959535561389,1,29,115,72,59
80,30,37,AdaptiveCuttingAuction,0.2,0.04,10,True,,1000,10800,cats_reg_g30b150,True,abs,False,CATS,150,regions,MultiMinded,39,Balance,10.789999999999964,2112.5864,9,1592.54,576.49599999999998,1990.7174,2040.0516846780761,1178.8857138240478,1326.3576437629076,11,43,41,77,67
81,30,33,AdaptiveCuttingAuction,0.2,0.04,10,True,,1000,10800,cats_reg_g30b150,True,abs,False,CATS,150,regions,MultiMinded,62,Balance,10.320000000000618,1652.215,4,1316.69,725.81600000000003,1652.215,1609.7606757535086,1139.6959228576816,1284.441088185248,1,30,49,71,63
82,30,35,AdaptiveCuttingAuction,0.2,0.04,10,True,,1000,10800,cats_reg_g30b150,True,abs,False,CATS,150,regions,MultiMinded,48,Balance,15.859999999999673,2109.0315,7,1900.31,619.13249999999994,2109.0315,2135.4471500234517,1609.8430602107721,1689.1549513398102,24,47,13,82,65
83,30,32,AdaptiveCuttingAuction,0.2,0.04,10,True,,1000,10800,cats_reg_g30b150,True,abs,False,CATS,150,regions,MultiMinded,77,Balance,11.960000000000036,2576.43019,7,2027.96,1059.6700000000001,2576.43019,2598.1134472861254,1554.9538176370015,1626.0292626240735,1,30,34,73,62
84,30,34,AdaptiveCuttingAuction,0.2,0.04,10,True,,1000,10800,cats_reg_g30b150,True,abs,False,CATS,150,regions,MultiMinded,55,Balance,14.300000000000182,1983.6759000000002,7,1485.27,650.14099999999996,1907.8858,1942.7049240371605,1306.4394048706197,1565.3587711681305,1,29,68,76,64
85,30,33,AdaptiveCuttingAuction,0.2,0.04,10,True,,1000,10800,cats_reg_g30b150,True,abs,False,CATS,150,regions,MultiMinded,40,Balance,7.380000000000109,1650.3177,5,1136.81,534.83399999999995,1650.3177,1580.3437797769693,1196.3932340485978,1328.4857319226201,1,30,21,71,63
86,30,37,AdaptiveCuttingAuction,0.2,0.04,10,True,,1000,10800,cats_reg_g30b150,True,abs,False,CATS,150,regions,MultiMinded,41,Balance,7.25,2073.2363,5,1605.13,504.47649999999999,2073.2363,2009.4690904669819,1646.2460104669819,1800.0636862108718,1,30,12,74,67
87,30,34,AdaptiveCuttingAuction,0.2,0.04,10,True,,1000,10800,cats_reg_g30b150,True,abs,False,CATS,150,regions,MultiMinded,60,Balance,14.599999999999454,2161.5317,10,1611.82,461.19499999999999,2161.5317,2112.0992324636745,1384.1186460841634,1518.1138510158871,19,42,23,78,64
88,30,35,AdaptiveCuttingAuction,0.2,0.04,10,True,,1000,10800,cats_reg_g30b150,True,abs,False,CATS,150,regions,MultiMinded,48,Balance,9.359999999999673,1960.6723,6,1579.4,529.16499999999996,1874.4331000000002,1904.6118593318729,1460.113259331873,1607.7120216101512,1,29,41,76,65
89,30,40,AdaptiveCuttingAuction,0.2,0.04,10,True,,1000,10800,cats_reg_g30b150,True,abs,False,CATS,150,regions,MultiMinded,48,Balance,15.420000000000073,2103.4608,12,1324.86,455.78500000000003,1933.7631000000001,1722.1804010798073,1000.107676248306,1365.5062451090212,1,27,19,82,70
90,30,36,AdaptiveCuttingAuction,0.2,0.04,10,True,,1000,10800,cats_reg_g30b150,True,abs,False,CATS,150,regions,MultiMinded,112,Balance,24.36999999999989,2252.2093,7,1749.09,686.99800000000005,2252.2093,2134.4750467960343,1427.8139837838078,1580.233860911082,4,34,21,84,66
91,30,37,AdaptiveCuttingAuction,0.2,0.04,10,True,,1000,10800,cats_reg_g30b150,True,abs,False,CATS,150,regions,MultiMinded,58,Balance,11.800000000000182,2533.4677,11,1557.05,605.50300000000004,2433.7927999999997,2195.7546371214157,1385.2652200567836,1741.4755201664098,6,33,32,77,67
92,30,37,AdaptiveCuttingAuction,0.2,0.04,10,True,,1000,10800,cats_reg_g30b150,True,abs,False,CATS,150,regions,MultiMinded,84,Balance,19.409999999999854,2087.0795,9,1557.29,467.12700000000001,2087.0795,2005.0000064899925,1355.9474198235093,1460.9437094573855,20,44,33,82,67
93,30,34,AdaptiveCuttingAuction,0.2,0.04,10,True,,1000,10800,cats_reg_g30b150,True,abs,False,CATS,150,regions,MultiMinded,25,Balance,5.3100000000004,2220.4165999999996,8,1477.09,531.97949999999992,2187.6236,2098.7015000851097,1480.407811460703,1705.4963760094097,1,30,31,73,64
94,30,33,AdaptiveCuttingAuction,0.2,0.04,10,True,,1000,10800,cats_reg_g30b150,True,abs,False,CATS,150,regions,MultiMinded,44,Balance,9.339999999999236,2089.1439,6,1850.23,583.02999999999997,2075.2699000000002,2120.0015913298603,1653.5775913298605,1822.7768508352208,1,28,33,74,63
95,30,36,AdaptiveCuttingAuction,0.2,0.04,10,True,,1000,10800,cats_reg_g30b150,True,abs,False,CATS,150,regions,MultiMinded,115,Balance,30.140000000000327,2218.1557,7,1747.55,732.99250000000006,2218.1557,2194.0985347897022,1420.3772956361495,1479.7069749422672,11,46,23,84,66
96,30,33,AdaptiveCuttingAuction,0.2,0.04,10,True,,1000,10800,cats_reg_g30b150,True,abs,False,CATS,150,regions,MultiMinded,49,Balance,10.139999999999418,1873.9284000000002,4,1690.89,555.43200000000002,1873.9284000000002,1887.8232004420945,1666.9619550818106,1860.0126321270432,1,29,94,75,63
97,30,37,AdaptiveCuttingAuction,0.2,0.04,10,True,,1000,10800,cats_reg_g30b150,True,abs,False,CATS,150,regions,MultiMinded,68,Balance,17.579999999999927,1853.4531000000002,8,1334.16,635.36699999999996,1613.6781,1803.7261318699761,1092.1150918699761,1178.4966307467744,25,42,28,79,67
98,30,36,AdaptiveCuttingAuction,0.2,0.04,10,True,,1000,10800,cats_reg_g30b150,True,abs,False,CATS,150,regions,MultiMinded,38,Balance,8.079999999999927,2779.0163,8,2131.76,620.35799999999995,2779.0163,2731.6105179539109,1844.1310293860035,1997.4874431905425,10,39,36,76,66
99,30,37,AdaptiveCuttingAuction,0.2,0.04,10,True,,1000,10800,cats_reg_g30b150,True,abs,False,CATS,150,regions,MultiMinded,81,Balance,23.210000000000036,2286.8288000000002,5,1573.72,543.00099999999998,2260.4235,2291.3761861512066,1877.9783476945656,1993.0138919087137,9,40,44,83,67
100,30,32,AdaptiveCuttingAuction,0.2,0.04,10,True,,1000,10800,cats_reg_g30b150,True,abs,False,CATS,150,regions,MultiMinded,92,Balance,17.529999999999745,1906.0085,5,1496.95,591.39400000000001,1834.6555000000003,1781.4556374854253,1369.6713471431315,1536.5553660761402,23,43,34,76,62
