idx,items,agents,auction_class,epsilon,stepc,epoch,scalebyvalue,reserve_type,maxiter,maxtime,generator_param_name,personalized,expstrat,int_prices,generator,bids,distribution,type,rounds,status,runtime,efficient_value,final_num_winners,final_max_agent_value,final_scalevalue,final_value,final_total_price,final_revenue,final_indirect_util,final_price_degree,final_price_sparsity,final_imbalance,final_wd_nvars,final_wd_ncons
1,10,17,AdaptiveCuttingAuction,0.2,0.16,10,True,,1000,10800,cats_reg_g10b50,True,abs,False,CATS,50,regions,MultiMinded,52,Balance,2.550000000000182,681.0817,3,513.163,288.52699999999999,663.8767,703.97999198437742,530.86379198437749,562.13186054424523,1,10,7,39,27
2,10,19,AdaptiveCuttingAuction,0.2,0.16,10,True,,1000,10800,cats_reg_g10b50,True,abs,False,CATS,50,regions,MultiMinded,44,Balance,2.300000000000182,734.1289999999999,3,640.313,226.71899999999999,734.1289999999999,768.84761183285457,632.81621183285461,657.22944420177885,6,13,14,42,29
3,10,17,AdaptiveCuttingAuction,0.2,0.16,10,True,,1000,10800,cats_reg_g10b50,True,abs,False,CATS,50,regions,MultiMinded,29,Balance,1.3099999999994907,804.4359999999999,3,797.452,310.25200000000001,804.4359999999999,794.72399796267644,608.57279796267642,688.87914343852731,1,10,25,39,27
4,10,14,AdaptiveCuttingAuction,0.2,0.16,10,True,,1000,10800,cats_reg_g10b50,True,abs,False,CATS,50,regions,MultiMinded,30,Balance,1.230000000000473,574.909,2,568.922,272.93700000000001,574.909,595.83097462871717,486.65617462871717,499.18480110841415,1,10,6,31,24
5,10,21,AdaptiveCuttingAuction,0.2,0.16,10,True,,1000,10800,cats_reg_g10b50,True,abs,False,CATS,50,regions,MultiMinded,51,Balance,2.630000000000109,650.6363,1,619.701,342.60149999999999,610.948,656.42377753467872,587.9034775346787,645.68260285714916,1,10,34,43,31
6,10,17,AdaptiveCuttingAuction,0.2,0.16,10,True,,1000,10800,cats_reg_g10b50,True,abs,False,CATS,50,regions,MultiMinded,40,Balance,1.9200000000000728,834.2848,4,784.19,470.66899999999998,834.2848,859.49287740231864,549.81720057180678,644.96071085324786,1,10,26,38,27
7,10,21,AdaptiveCuttingAuction,0.2,0.16,10,True,,1000,10800,cats_reg_g10b50,True,abs,False,CATS,50,regions,MultiMinded,60,Balance,4.019999999999527,854.667,4,696.341,343.76999999999998,843.06,919.37307899173538,644.35707899173519,651.79341339931807,9,24,8,47,31
8,10,18,AdaptiveCuttingAuction,0.2,0.16,10,True,,1000,10800,cats_reg_g10b50,True,abs,False,CATS,50,regions,MultiMinded,89,Balance,5.660000000000764,663.572,4,592.441,275.35000000000002,615.9541,651.3735654989589,431.09356549895892,457.79414889096074,6,14,12,40,28
9,10,18,AdaptiveCuttingAuction,0.2,0.16,10,True,,1000,10800,cats_reg_g10b50,True,abs,False,CATS,50,regions,MultiMinded,41,Balance,2.530000000000655,724.6032999999999,4,611.583,280.12,724.6032999999999,719.05811204060433,494.96211204060421,512.19649094128658,5,15,6,39,28
10,10,23,AdaptiveCuttingAuction,0.2,0.16,10,True,,1000,10800,cats_reg_g10b50,True,abs,False,CATS,50,regions,MultiMinded,60,Balance,3.3100000000004,946.3547,4,784.828,433.57950000000005,946.3547,943.17967094666824,678.97451136174186,760.09924418473042,1,10,11,49,33
11,10,16,AdaptiveCuttingAuction,0.2,0.16,10,True,,1000,10800,cats_reg_g10b50,True,abs,False,CATS,50,regions,MultiMinded,39,Balance,2.0299999999997453,724.662,1,724.662,403.49950000000001,684.58,750.47385599602387,669.77395599602391,741.09237310674359,8,14,20,33,26
12,10,16,AdaptiveCuttingAuction,0.2,0.16,10,True,,1000,10800,cats_reg_g10b50,True,abs,False,CATS,50,regions,MultiMinded,41,Balance,1.8100000000004002,522.114,1,522.114,283.13549999999998,460.909,480.43666806303372,423.80956806303374,545.63560058409996,1,10,34,37,26
13,10,17,AdaptiveCuttingAuction,0.2,0.16,10,True,,1000,10800,cats_reg_g10b50,True,abs,False,CATS,50,regions,MultiMinded,32,Balance,1.4899999999997817,778.1078,2,718.401,353.04300000000001,778.1078,798.64974395977356,677.13300494535986,687.34063356028901,1,10,10,38,27
14,10,17,AdaptiveCuttingAuction,0.2,0.16,10,True,,1000,10800,cats_reg_g10b50,True,abs,False,CATS,50,regions,MultiMinded,38,Balance,1.6500000000005457,588.9796,2,575.883,307.69200000000001,588.9796,625.49047520056502,563.85719938698674,576.85892357340856,1,10,9,34,27
15,10,17,AdaptiveCuttingAuction,0.2,0.16,10,True,,1000,10800,cats_reg_g10b50,True,abs,False,CATS,50,regions,MultiMinded,45,Balance,2.2200000000002547,634.994,1,600.13,422.91899999999998,600.13,636.62116112239096,552.03736112239096,665.12057750704014,1,10,34,36,27
16,10,26,AdaptiveCuttingAuction,0.2,0.16,10,True,,1000,10800,cats_reg_g10b50,True,abs,False,CATS,50,regions,MultiMinded,87,Balance,5.149999999999636,519.6692,2,485.933,278.584,519.6692,542.42928711406364,443.38168401865073,453.48492863693667,1,10,23,54,36
17,10,16,AdaptiveCuttingAuction,0.2,0.16,10,True,,1000,10800,cats_reg_g10b50,True,abs,False,CATS,50,regions,MultiMinded,34,Balance,1.7399999999997817,910.0260000000001,3,815.656,322.738,910.0260000000001,904.97493847900716,711.33213847900709,768.27093472977413,1,10,16,35,26
18,10,18,AdaptiveCuttingAuction,0.2,0.16,10,True,,1000,10800,cats_reg_g10b50,True,abs,False,CATS,50,regions,MultiMinded,38,Balance,1.7299999999995634,982.461,2,932.103,367.83500000000004,982.461,1039.0539811404647,891.91998114046464,916.91512070003489,1,10,13,44,28
19,10,19,AdaptiveCuttingAuction,0.2,0.16,10,True,,1000,10800,cats_reg_g10b50,True,abs,False,CATS,50,regions,MultiMinded,85,Balance,4.460000000000036,903.4849999999999,2,826.774,559.33850000000007,903.4849999999999,924.45817860376155,700.72277860376153,792.3578809957919,1,10,22,42,29
20,10,21,AdaptiveCuttingAuction,0.2,0.16,10,True,,1000,10800,cats_reg_g10b50,True,abs,False,CATS,50,regions,MultiMinded,57,Balance,3.259999999999309,780.3014999999999,6,637.779,268.37200000000001,780.3014999999999,760.43504104579392,438.38864104579386,488.75514281087862,6,16,3,46,31
21,10,17,AdaptiveCuttingAuction,0.2,0.16,10,True,,1000,10800,cats_reg_g10b50,True,abs,False,CATS,50,regions,MultiMinded,27,Balance,1.1400000000003274,869.309,4,770.684,361.69299999999998,814.7204999999999,831.76563740850315,565.89499273776801,683.03867170937338,1,10,15,37,27
22,10,16,AdaptiveCuttingAuction,0.2,0.16,10,True,,1000,10800,cats_reg_g10b50,True,abs,False,CATS,50,regions,MultiMinded,91,Balance,5.239999999999782,827.155,2,792.758,416.87799999999999,773.9590000000001,822.12796702318951,655.37676702318947,755.09556735493425,8,20,31,37,26
23,10,21,AdaptiveCuttingAuction,0.2,0.16,10,True,,1000,10800,cats_reg_g10b50,True,abs,False,CATS,50,regions,MultiMinded,53,Balance,2.9899999999997817,926.9879999999999,5,813.726,269.07900000000001,913.9114999999999,903.79783277120396,634.71883277120412,687.32888870916258,1,10,6,47,31
24,10,23,AdaptiveCuttingAuction,0.2,0.16,10,True,,1000,10800,cats_reg_g10b50,True,abs,False,CATS,50,regions,MultiMinded,47,Balance,2.519999999999527,822.2049999999999,3,635.81,377.13200000000001,793.2339999999999,828.96202211066191,602.68282211066185,709.52015443584503,1,10,22,49,33
25,10,22,AdaptiveCuttingAuction,0.2,0.16,10,True,,1000,10800,cats_reg_g10b50,True,abs,False,CATS,50,regions,MultiMinded,80,Balance,4.829999999999927,534.8185,4,446.519,197.68200000000002,471.9987,515.63521196986972,357.48961196986977,430.82363960718931,9,23,32,47,32
26,10,17,AdaptiveCuttingAuction,0.2,0.16,10,True,,1000,10800,cats_reg_g10b50,True,abs,False,CATS,50,regions,MultiMinded,44,Balance,1.9600000000000364,716.487,1,716.487,299.23599999999999,716.487,696.83149730191133,636.98429730191128,656.63979999999992,1,10,0,36,27
27,10,17,AdaptiveCuttingAuction,0.2,0.16,10,True,,1000,10800,cats_reg_g10b50,True,abs,False,CATS,50,regions,MultiMinded,51,Balance,2.600000000000364,811.1127,4,667.768,330.15700000000004,811.1127,809.30531791769238,577.98846908865596,609.7359363343586,1,10,8,42,27
28,10,18,AdaptiveCuttingAuction,0.2,0.16,10,True,,1000,10800,cats_reg_g10b50,True,abs,False,CATS,50,regions,MultiMinded,49,Balance,2.3299999999999272,818.682,1,802.322,385.84800000000001,802.322,875.97567426238265,798.80607426238271,832.87451816521809,1,10,23,41,28
29,10,20,AdaptiveCuttingAuction,0.2,0.16,10,True,,1000,10800,cats_reg_g10b50,True,abs,False,CATS,50,regions,MultiMinded,57,Balance,3.1099999999996726,767.6940999999999,4,746.709,446.00549999999998,752.0042000000001,742.6506048991032,424.14504826848861,478.58996638840131,1,10,17,42,30
30,10,18,AdaptiveCuttingAuction,0.2,0.16,10,True,,1000,10800,cats_reg_g10b50,True,abs,False,CATS,50,regions,MultiMinded,59,Balance,3.1200000000008004,794.5821000000001,3,739.446,385.6635,794.5821000000001,835.20358208476659,627.9453348763883,693.38021435141422,1,10,18,40,28
31,10,21,AdaptiveCuttingAuction,0.2,0.16,10,True,,1000,10800,cats_reg_g10b50,True,abs,False,CATS,50,regions,MultiMinded,47,Balance,2.5200000000004366,818.388,2,733.06,325.495,813.5073,806.81171304225461,676.61371304225452,744.31952610102019,5,11,23,43,31
32,10,20,AdaptiveCuttingAuction,0.2,0.16,10,True,,1000,10800,cats_reg_g10b50,True,abs,False,CATS,50,regions,MultiMinded,41,Balance,2.9200000000000728,637.3713,5,533.498,304.15100000000001,588.1012000000001,639.43414111048753,397.62002391260194,474.22846497955078,6,15,23,44,30
33,10,16,AdaptiveCuttingAuction,0.2,0.16,10,True,,1000,10800,cats_reg_g10b50,True,abs,False,CATS,50,regions,MultiMinded,26,Balance,1.1700000000000728,560.5032,2,498.34,219.72300000000001,560.5032,546.50968271893055,458.62048271893059,479.51812658841891,1,10,2,34,26
34,10,20,AdaptiveCuttingAuction,0.2,0.16,10,True,,1000,10800,cats_reg_g10b50,True,abs,False,CATS,50,regions,MultiMinded,45,Balance,2.2899999999999636,726.3012,2,568.454,249.64099999999999,663.586,704.78844387968161,604.93204387968171,652.35265626116836,1,10,18,44,30
35,10,27,AdaptiveCuttingAuction,0.2,0.16,10,True,,1000,10800,cats_reg_g10b50,True,abs,False,CATS,50,regions,MultiMinded,101,Balance,7.630000000000109,858.175,2,722.988,380.87900000000002,858.175,848.89212782146672,696.54052782146675,705.82339999999999,7,17,0,54,37
36,10,17,AdaptiveCuttingAuction,0.2,0.16,10,True,,1000,10800,cats_reg_g10b50,True,abs,False,CATS,50,regions,MultiMinded,47,Balance,2.1700000000000728,716.498,1,716.498,379.51999999999998,716.498,786.83905560693688,710.93505560693688,718.26169676233053,1,10,12,36,27
37,10,20,AdaptiveCuttingAuction,0.2,0.16,10,True,,1000,10800,cats_reg_g10b50,True,abs,False,CATS,50,regions,MultiMinded,43,Balance,2.180000000000291,824.835,3,630.222,329.92600000000004,824.835,863.60482867359724,665.64922867359712,691.37413745057154,1,10,5,41,30
38,10,18,AdaptiveCuttingAuction,0.2,0.16,10,True,,1000,10800,cats_reg_g10b50,True,abs,False,CATS,50,regions,MultiMinded,54,Balance,2.949999999999818,825.56,3,825.56,471.01400000000001,819.1825,916.08063824633894,647.07710245373778,653.10305475570772,7,12,9,40,28
39,10,25,AdaptiveCuttingAuction,0.2,0.16,10,True,,1000,10800,cats_reg_g10b50,True,abs,False,CATS,50,regions,MultiMinded,39,Balance,2.1500000000005457,948.5501,5,753.385,196.10050000000001,948.5501,965.61652195694546,769.51602195694545,790.2403706610487,1,10,5,50,35
40,10,22,AdaptiveCuttingAuction,0.2,0.16,10,True,,1000,10800,cats_reg_g10b50,True,abs,False,CATS,50,regions,MultiMinded,193,Balance,13.5600000000004,694.64,2,671.57,320.48500000000001,694.64,747.31944503098885,619.12544503098889,619.15746549915946,9,22,8,52,32
41,10,18,AdaptiveCuttingAuction,0.2,0.16,10,True,,1000,10800,cats_reg_g10b50,True,abs,False,CATS,50,regions,MultiMinded,39,Balance,1.8400000000001455,919.5834,3,833.068,428.51799999999997,919.5834,888.0247735274047,673.52147026944613,729.94841462768659,1,10,6,39,28
42,10,21,AdaptiveCuttingAuction,0.2,0.16,10,True,,1000,10800,cats_reg_g10b50,True,abs,False,CATS,50,regions,MultiMinded,70,Balance,3.8499999999994543,722.396,1,722.396,339.44,722.396,721.41959379899993,653.53159379899989,656.79798499279616,9,15,3,44,31
43,10,20,AdaptiveCuttingAuction,0.2,0.16,10,True,,1000,10800,cats_reg_g10b50,True,abs,False,CATS,50,regions,MultiMinded,32,Balance,1.6900000000005093,820.8240000000001,2,681.374,265.63999999999999,820.8240000000001,866.06715328540452,759.81115328540443,765.43310761354883,1,10,7,44,30
44,10,19,AdaptiveCuttingAuction,0.2,0.16,10,True,,1000,10800,cats_reg_g10b50,True,abs,False,CATS,50,regions,MultiMinded,56,Balance,3.25,607.363,4,484.926,277.04599999999999,557.7441,652.79034401005549,431.15354401005555,461.10977723206099,9,23,26,46,29
45,10,20,AdaptiveCuttingAuction,0.2,0.16,10,True,,1000,10800,cats_reg_g10b50,True,abs,False,CATS,50,regions,MultiMinded,35,Balance,1.699999999999818,687.7891,5,510.577,285.93000000000001,687.7891,692.49297270662476,466.5458835864946,493.17416235873145,1,10,6,42,30
46,10,19,AdaptiveCuttingAuction,0.2,0.16,10,True,,1000,10800,cats_reg_g10b50,True,abs,False,CATS,50,regions,MultiMinded,43,Balance,2.119999999999891,810.368,1,810.368,345.00850000000003,771.243,837.19023303264851,768.18853303264848,768.18853303264848,1,10,10,41,29
47,10,18,AdaptiveCuttingAuction,0.2,0.16,10,True,,1000,10800,cats_reg_g10b50,True,abs,False,CATS,50,regions,MultiMinded,45,Balance,2.380000000000109,759.477,2,738.963,363.25599999999997,759.477,783.09360889204038,637.79120889204034,691.13501824238119,8,16,16,40,28
48,10,29,AdaptiveCuttingAuction,0.2,0.16,10,True,,1000,10800,cats_reg_g10b50,True,abs,False,CATS,50,regions,MultiMinded,97,Balance,6.25,726.774,4,661.833,328.96899999999999,689.6066,722.6926780666588,509.71405946773291,524.85527460574156,1,10,12,61,39
49,10,23,AdaptiveCuttingAuction,0.2,0.16,10,True,,1000,10800,cats_reg_g10b50,True,abs,False,CATS,50,regions,MultiMinded,33,Balance,1.819999999999709,587.5914,5,462.576,216.20049999999998,577.4804999999999,621.77199064757633,415.14220705550935,444.66178121371144,1,10,6,49,33
50,10,17,AdaptiveCuttingAuction,0.2,0.16,10,True,,1000,10800,cats_reg_g10b50,True,abs,False,CATS,50,regions,MultiMinded,31,Balance,1.389999999999418,945.836,4,681.012,323.851,945.836,927.88166770425494,668.80086770425498,714.24828178803807,1,10,8,35,27
51,10,25,AdaptiveCuttingAuction,0.2,0.16,10,True,,1000,10800,cats_reg_g10b50,True,abs,False,CATS,50,regions,MultiMinded,69,Balance,4.449999999999818,831.2631000000001,3,644.905,285.66050000000001,831.2631000000001,804.79273803881961,633.3964380388195,668.07052837594563,5,12,10,51,35
52,10,19,AdaptiveCuttingAuction,0.2,0.16,10,True,,1000,10800,cats_reg_g10b50,True,abs,False,CATS,50,regions,MultiMinded,43,Balance,2.030000000000655,608.391,1,608.391,276.31299999999999,576.268,582.17497619106484,526.91237619106482,561.01878962500086,1,10,28,40,29
53,10,21,AdaptiveCuttingAuction,0.2,0.16,10,True,,1000,10800,cats_reg_g10b50,True,abs,False,CATS,50,regions,MultiMinded,57,Balance,3.0399999999999636,623.5598,4,612.518,167.23250000000002,623.5598,648.35727999617291,514.57127999617285,516.86979166111223,1,10,7,45,31
54,10,20,AdaptiveCuttingAuction,0.2,0.16,10,True,,1000,10800,cats_reg_g10b50,True,abs,False,CATS,50,regions,MultiMinded,43,Balance,2.4099999999998545,1040.322,4,967.436,414.12850000000003,1039.9794,1063.7837707824781,735.60745032160321,781.49244078681625,7,14,8,44,30
55,10,17,AdaptiveCuttingAuction,0.2,0.16,10,True,,1000,10800,cats_reg_g10b50,True,abs,False,CATS,50,regions,MultiMinded,22,Balance,1.0999999999994543,1001.244,2,739.168,309.35699999999997,1001.244,1034.7081597973747,910.96535979737462,910.96535979737462,7,12,10,34,27
56,10,17,AdaptiveCuttingAuction,0.2,0.16,10,True,,1000,10800,cats_reg_g10b50,True,abs,False,CATS,50,regions,MultiMinded,38,Balance,1.730000000000473,674.3464,2,592.43,348.80000000000001,641.1755,701.0174435693358,561.49744356933581,595.16714437337623,1,10,24,36,27
57,10,20,AdaptiveCuttingAuction,0.2,0.16,10,True,,1000,10800,cats_reg_g10b50,True,abs,False,CATS,50,regions,MultiMinded,52,Balance,2.7299999999995634,783.158,3,568.928,268.62299999999999,763.1990000000001,757.29908927789234,596.12528927789231,664.97025574002976,4,16,18,43,30
58,10,21,AdaptiveCuttingAuction,0.2,0.16,10,True,,1000,10800,cats_reg_g10b50,True,abs,False,CATS,50,regions,MultiMinded,61,Balance,3.319999999999709,871.9079999999999,2,791.212,427.88200000000001,808.0441,858.02247426760857,747.79452135865324,795.26059776433181,1,10,19,43,31
59,10,28,AdaptiveCuttingAuction,0.2,0.16,10,True,,1000,10800,cats_reg_g10b50,True,abs,False,CATS,50,regions,MultiMinded,116,Balance,7.950000000000728,875.1772,3,803.796,406.47899999999998,875.1772,893.70634009152536,655.37491139546182,685.48631133820004,1,10,11,59,38
60,10,22,AdaptiveCuttingAuction,0.2,0.16,10,True,,1000,10800,cats_reg_g10b50,True,abs,False,CATS,50,regions,MultiMinded,64,Balance,3.5700000000006185,716.1357,3,662.173,358.10899999999998,716.1357,704.12163163113632,491.23053240764204,530.4231515297389,5,16,10,46,32
61,10,19,AdaptiveCuttingAuction,0.2,0.16,10,True,,1000,10800,cats_reg_g10b50,True,abs,False,CATS,50,regions,MultiMinded,44,Balance,2.2799999999997453,756.948,3,553.212,307.67700000000002,720.7754,770.06200526219072,609.16764195198766,621.08459066329942,5,14,10,42,29
62,10,20,AdaptiveCuttingAuction,0.2,0.16,10,True,,1000,10800,cats_reg_g10b50,True,abs,False,CATS,50,regions,MultiMinded,29,Balance,1.3800000000001091,962.414,3,839.979,365.63299999999998,962.414,992.63558469953125,773.2557846995312,830.61274934159349,1,10,13,41,30
63,10,20,AdaptiveCuttingAuction,0.2,0.16,10,True,,1000,10800,cats_reg_g10b50,True,abs,False,CATS,50,regions,MultiMinded,36,Balance,1.8100000000004002,966.8963000000001,4,783.33,502.36099999999999,966.8963000000001,935.97704049864819,696.38149225769416,770.83057522296031,1,10,5,41,30
64,10,24,AdaptiveCuttingAuction,0.2,0.16,10,True,,1000,10800,cats_reg_g10b50,True,abs,False,CATS,50,regions,MultiMinded,47,Balance,2.680000000000291,784.4846,2,723.45,238.8545,784.4846,794.58745388042246,699.04565388042249,733.03799122145188,5,11,15,48,34
65,10,18,AdaptiveCuttingAuction,0.2,0.16,10,True,,1000,10800,cats_reg_g10b50,True,abs,False,CATS,50,regions,MultiMinded,37,Balance,2.100000000000364,863.3610000000001,3,758.102,337.34500000000003,856.6320000000001,875.9864767572667,673.57947675726678,703.56286734389437,7,16,12,37,28
66,10,18,AdaptiveCuttingAuction,0.2,0.16,10,True,,1000,10800,cats_reg_g10b50,True,abs,False,CATS,50,regions,MultiMinded,55,Balance,2.6700000000000728,852.079,2,807.329,372.65700000000004,847.679,902.35133934015698,753.28853934015694,806.29239853706213,1,10,22,37,28
67,10,27,AdaptiveCuttingAuction,0.2,0.16,10,True,,1000,10800,cats_reg_g10b50,True,abs,False,CATS,50,regions,MultiMinded,55,Balance,3.3200000000006185,860.8598,2,789.183,223.39999999999998,860.8598,869.76417942062858,780.40417942062868,781.7037957913675,1,10,9,54,37
68,10,20,AdaptiveCuttingAuction,0.2,0.16,10,True,,1000,10800,cats_reg_g10b50,True,abs,False,CATS,50,regions,MultiMinded,45,Balance,2.7600000000002183,535.1916,4,486.692,201.834,535.1916,566.02902763570341,425.51841915994032,437.99301512461727,6,14,10,43,30
69,10,20,AdaptiveCuttingAuction,0.2,0.16,10,True,,1000,10800,cats_reg_g10b50,True,abs,False,CATS,50,regions,MultiMinded,52,Balance,2.619999999999891,550.5322,3,423.552,212.09399999999999,550.5322,518.05494658275825,390.79854658275826,428.87692614296259,1,10,2,42,30
70,10,18,AdaptiveCuttingAuction,0.2,0.16,10,True,,1000,10800,cats_reg_g10b50,True,abs,False,CATS,50,regions,MultiMinded,77,Balance,4.610000000000582,965.81,3,780.078,273.52800000000002,965.81,843.46221333048447,690.28653333048442,864.33606236161449,9,21,7,39,28
71,10,17,AdaptiveCuttingAuction,0.2,0.16,10,True,,1000,10800,cats_reg_g10b50,True,abs,False,CATS,50,regions,MultiMinded,48,Balance,2.3900000000003274,745.048,3,745.048,330.73000000000002,734.8829000000001,761.93285723584449,563.49485723584462,653.39191139656191,6,19,29,38,27
72,10,23,AdaptiveCuttingAuction,0.2,0.16,10,True,,1000,10800,cats_reg_g10b50,True,abs,False,CATS,50,regions,MultiMinded,42,Balance,2.339999999999236,619.2275000000001,7,497.631,317.09799999999996,619.2275000000001,669.82452718345007,270.83682208157614,297.0815022902633,4,11,7,47,33
73,10,20,AdaptiveCuttingAuction,0.2,0.16,10,True,,1000,10800,cats_reg_g10b50,True,abs,False,CATS,50,regions,MultiMinded,95,Balance,5.350000000000364,675.2625,2,656.76,362.82400000000001,675.0855,660.06775337160184,537.7695174419174,575.80468966312037,9,13,16,50,30
74,10,26,AdaptiveCuttingAuction,0.2,0.16,10,True,,1000,10800,cats_reg_g10b50,True,abs,False,CATS,50,regions,MultiMinded,45,Balance,2.6700000000000728,942.6876,2,890.025,245.483,942.6876,989.78334230422763,891.5901423042277,893.0942664127615,1,10,11,56,36
75,10,15,AdaptiveCuttingAuction,0.2,0.16,10,True,,1000,10800,cats_reg_g10b50,True,abs,False,CATS,50,regions,MultiMinded,27,Balance,1.0799999999999272,986.353,4,977.088,450.65550000000002,986.353,953.77786153877423,593.25346153877422,723.69820084521507,1,10,22,32,25
76,10,22,AdaptiveCuttingAuction,0.2,0.16,10,True,,1000,10800,cats_reg_g10b50,True,abs,False,CATS,50,regions,MultiMinded,53,Balance,2.990000000000691,900.434,3,820.61,441.17500000000001,782.3779999999999,936.09529148773822,677.42050618521159,716.8961002801193,1,10,14,46,32
77,10,19,AdaptiveCuttingAuction,0.2,0.16,10,True,,1000,10800,cats_reg_g10b50,True,abs,False,CATS,50,regions,MultiMinded,44,Balance,2.1700000000000728,505.8682,3,489.633,293.4085,485.07309999999995,529.97822910338027,371.77958142465138,390.12694491530931,9,14,17,40,29
78,10,15,AdaptiveCuttingAuction,0.2,0.16,10,True,,1000,10800,cats_reg_g10b50,True,abs,False,CATS,50,regions,MultiMinded,34,Balance,1.4899999999997817,723.896,1,723.896,268.85500000000002,723.896,776.47557268083415,722.70457268083419,722.70457268083419,1,10,10,32,25
79,10,20,AdaptiveCuttingAuction,0.2,0.16,10,True,,1000,10800,cats_reg_g10b50,True,abs,False,CATS,50,regions,MultiMinded,59,Balance,3.880000000000109,830.055,3,715.055,304.07849999999996,830.055,835.14435624990995,652.69725624990997,663.31102388835734,9,17,6,42,30
80,10,23,AdaptiveCuttingAuction,0.2,0.16,10,True,,1000,10800,cats_reg_g10b50,True,abs,False,CATS,50,regions,MultiMinded,56,Balance,3.1500000000005457,858.2552999999999,5,815.519,326.65449999999998,858.2552999999999,841.31927924827471,514.66477924827461,552.30237973460942,1,10,9,49,33
81,10,19,AdaptiveCuttingAuction,0.2,0.16,10,True,,1000,10800,cats_reg_g10b50,True,abs,False,CATS,50,regions,MultiMinded,33,Balance,2.0399999999999636,731.2354999999999,3,657.74,318.25649999999996,731.2354999999999,809.59709119157424,622.26264208017233,627.41529296877036,3,13,9,42,29
82,10,20,AdaptiveCuttingAuction,0.2,0.16,10,True,,1000,10800,cats_reg_g10b50,True,abs,False,CATS,50,regions,MultiMinded,23,Balance,1.1700000000000728,799.819,4,670.65,230.49700000000001,782.9797000000001,812.96245110346763,628.56485110346762,680.78791931407477,5,15,11,44,30
83,10,18,AdaptiveCuttingAuction,0.2,0.16,10,True,,1000,10800,cats_reg_g10b50,True,abs,False,CATS,50,regions,MultiMinded,36,Balance,1.839999999999236,778.391,2,740.964,303.2475,778.391,768.25377468389934,646.95477468389936,750.04412568800831,1,10,20,40,28
84,10,19,AdaptiveCuttingAuction,0.2,0.16,10,True,,1000,10800,cats_reg_g10b50,True,abs,False,CATS,50,regions,MultiMinded,42,Balance,2.119999999999891,653.4665,4,531.36,233.98450000000003,653.4665,639.84918654449029,453.95157305708943,501.33016379224318,3,12,6,41,29
85,10,16,AdaptiveCuttingAuction,0.2,0.16,10,True,,1000,10800,cats_reg_g10b50,True,abs,False,CATS,50,regions,MultiMinded,29,Balance,1.2899999999999636,738.6202000000001,4,623.355,332.00099999999998,738.6202000000001,715.64706022590076,456.43745589986355,560.14885950202006,1,10,20,36,26
86,10,17,AdaptiveCuttingAuction,0.2,0.16,10,True,,1000,10800,cats_reg_g10b50,True,abs,False,CATS,50,regions,MultiMinded,43,Balance,1.930000000000291,772.54,2,646.076,287.08299999999997,772.54,746.88558473467594,632.05238473467591,686.23821122418485,1,10,6,36,27
87,10,18,AdaptiveCuttingAuction,0.2,0.16,10,True,,1000,10800,cats_reg_g10b50,True,abs,False,CATS,50,regions,MultiMinded,78,Balance,4.4099999999998545,883.32347,3,801.709,428.95349999999996,836.6344700000001,938.97151914303379,791.40471478874622,791.55718447879349,9,19,8,38,28
88,10,20,AdaptiveCuttingAuction,0.2,0.16,10,True,,1000,10800,cats_reg_g10b50,True,abs,False,CATS,50,regions,MultiMinded,48,Balance,2.75,662.7294999999999,4,622.783,332.80799999999999,610.8715,659.27794155489414,410.52744762538924,424.36191470992185,5,15,5,40,30
89,10,26,AdaptiveCuttingAuction,0.2,0.16,10,True,,1000,10800,cats_reg_g10b50,True,abs,False,CATS,50,regions,MultiMinded,89,Balance,5.569999999999709,844.3882,3,703.836,361.93200000000002,821.2162,885.31080218489603,683.66449468290921,721.3187902528889,6,16,18,55,36
90,10,21,AdaptiveCuttingAuction,0.2,0.16,10,True,,1000,10800,cats_reg_g10b50,True,abs,False,CATS,50,regions,MultiMinded,30,Balance,1.5999999999994543,1011.3232,5,890.879,348.79300000000001,966.4754,991.24328485156332,642.4502848515632,702.91545722838191,7,14,12,43,31
91,10,17,AdaptiveCuttingAuction,0.2,0.16,10,True,,1000,10800,cats_reg_g10b50,True,abs,False,CATS,50,regions,MultiMinded,78,Balance,4.109999999999673,890.575,2,890.575,535.99700000000007,835.337,846.60802813942234,632.20922813942229,717.20237305494732,9,14,23,35,27
92,10,22,AdaptiveCuttingAuction,0.2,0.16,10,True,,1000,10800,cats_reg_g10b50,True,abs,False,CATS,50,regions,MultiMinded,36,Balance,1.819999999999709,683.1735,2,627.133,263.76300000000003,683.1735,708.62881351842884,614.42885059045739,629.77341006197128,1,10,11,47,32
93,10,20,AdaptiveCuttingAuction,0.2,0.16,10,True,,1000,10800,cats_reg_g10b50,True,abs,False,CATS,50,regions,MultiMinded,76,Balance,4.079999999999927,931.509,1,931.509,347.88099999999997,931.509,962.99875261679244,893.42255261679247,893.42255261679247,1,10,10,44,30
94,10,15,AdaptiveCuttingAuction,0.2,0.16,10,True,,1000,10800,cats_reg_g10b50,True,abs,False,CATS,50,regions,MultiMinded,31,Balance,1.430000000000291,772.037,2,770.337,295.54650000000004,772.037,797.03123744266338,678.81263744266346,717.70917480134005,1,10,17,31,25
95,10,17,AdaptiveCuttingAuction,0.2,0.16,10,True,,1000,10800,cats_reg_g10b50,True,abs,False,CATS,50,regions,MultiMinded,29,Balance,1.2000000000007276,901.2369,3,849.224,408.67100000000005,901.2369,853.82866987874309,676.26648543622809,808.62065163798297,1,10,22,36,27
96,10,19,AdaptiveCuttingAuction,0.2,0.16,10,True,,1000,10800,cats_reg_g10b50,True,abs,False,CATS,50,regions,MultiMinded,45,Balance,2.2200000000002547,752.0848,3,651.493,368.70849999999996,752.0848,728.4612811909692,546.53865372748692,581.8829813440866,1,10,11,42,29
97,10,20,AdaptiveCuttingAuction,0.2,0.16,10,True,,1000,10800,cats_reg_g10b50,True,abs,False,CATS,50,regions,MultiMinded,66,Balance,3.6700000000000728,657.92043,3,602.694,360.185,657.92043,651.85695187928377,507.07191432086154,524.97386483616697,7,17,17,45,30
98,10,20,AdaptiveCuttingAuction,0.2,0.16,10,True,,1000,10800,cats_reg_g10b50,True,abs,False,CATS,50,regions,MultiMinded,33,Balance,1.6199999999998909,1047.5140999999999,4,870.711,386.798,1047.5140999999999,1055.9534635468431,746.51506354684307,754.82718335526636,1,10,7,41,30
99,10,22,AdaptiveCuttingAuction,0.2,0.16,10,True,,1000,10800,cats_reg_g10b50,True,abs,False,CATS,50,regions,MultiMinded,57,Balance,3.9399999999996,1044.344,5,687.143,366.375,1044.344,1074.3905912630294,708.01559126302948,715.97458808788133,4,13,6,47,32
100,10,21,AdaptiveCuttingAuction,0.2,0.16,10,True,,1000,10800,cats_reg_g10b50,True,abs,False,CATS,50,regions,MultiMinded,56,Balance,3.0900000000001455,587.8678,2,515.864,141.49099999999999,587.8678,577.23213594742788,520.63573594742797,546.16345252886379,5,14,9,43,31
