idx,items,agents,auction_class,epsilon,stepc,epoch,scalebyvalue,reserve_type,maxiter,maxtime,generator_param_name,personalized,expstrat,int_prices,generator,bids,distribution,type,rounds,status,runtime,efficient_value,final_num_winners,final_max_agent_value,final_scalevalue,final_value,final_total_price,final_revenue,final_indirect_util,final_price_degree,final_price_sparsity,final_imbalance,final_wd_nvars,final_wd_ncons
1,30,36,AdaptiveCuttingAuction,0.2,0.16,10,True,,1000,10800,cats_reg_g30b150,True,abs,False,CATS,150,regions,MultiMinded,86,Balance,23.699999999999818,2502.8085,8,1712.02,630.28700000000003,2310.1325,2332.3378063206187,1718.4798940976411,2108.4575184081123,25,45,72,92,66
2,30,38,AdaptiveCuttingAuction,0.2,0.16,10,True,,1000,10800,cats_reg_g30b150,True,abs,False,CATS,150,regions,MultiMinded,84,Balance,30.139999999999418,2067.4249,7,1460.04,478.96600000000001,2057.0263999999997,2196.4995165754403,1663.6189812937209,1706.114460497711,27,46,26,92,68
3,30,36,AdaptiveCuttingAuction,0.2,0.16,10,True,,1000,10800,cats_reg_g30b150,True,abs,False,CATS,150,regions,MultiMinded,88,Balance,23.300000000000182,2226.2472000000002,4,1961.0,494.50999999999999,2214.4609,2172.680258233926,1882.1180122902365,1941.0593698134512,25,46,7,83,66
4,30,38,AdaptiveCuttingAuction,0.2,0.16,10,True,,1000,10800,cats_reg_g30b150,True,abs,False,CATS,150,regions,MultiMinded,98,Balance,29.039999999999964,2004.9491999999998,11,1505.7,557.86300000000006,1882.9956000000002,1954.5471415179425,986.23405651186749,1127.8314173695846,25,44,34,89,68
5,30,35,AdaptiveCuttingAuction,0.2,0.16,10,True,,1000,10800,cats_reg_g30b150,True,abs,False,CATS,150,regions,MultiMinded,88,Balance,19.829999999999927,1864.626,7,1703.97,505.12049999999999,1679.8323100000002,1754.9582042723571,1138.6695447534307,1482.9048665698447,11,45,114,86,65
6,30,35,AdaptiveCuttingAuction,0.2,0.16,10,True,,1000,10800,cats_reg_g30b150,True,abs,False,CATS,150,regions,MultiMinded,105,Balance,28.949999999999818,2116.0368,7,1959.83,614.52500000000009,2100.4658,2111.040260130409,1345.8068511617271,1547.0832433571425,25,42,46,83,65
7,30,35,AdaptiveCuttingAuction,0.2,0.16,10,True,,1000,10800,cats_reg_g30b150,True,abs,False,CATS,150,regions,MultiMinded,94,Balance,23.859999999999673,2031.9575,6,1330.11,558.39999999999998,2031.9575,1996.9740436838147,1368.8822279956462,1547.1978311395574,6,43,22,81,65
8,30,35,AdaptiveCuttingAuction,0.2,0.16,10,True,,1000,10800,cats_reg_g30b150,True,abs,False,CATS,150,regions,MultiMinded,124,Balance,22.75,2027.57669,8,1379.5,642.28750000000002,2027.57669,1967.3265197646099,1267.2851271731406,1409.2416175368849,1,30,27,79,65
9,30,36,AdaptiveCuttingAuction,0.2,0.16,10,True,,1000,10800,cats_reg_g30b150,True,abs,False,CATS,150,regions,MultiMinded,68,Balance,13.799999999999272,1859.5272999999997,8,1542.29,443.88650000000001,1859.5272999999997,1902.7915051729224,1401.1478719957615,1536.5145076598424,6,37,17,82,66
10,30,34,AdaptiveCuttingAuction,0.2,0.16,10,True,,1000,10800,cats_reg_g30b150,True,abs,False,CATS,150,regions,MultiMinded,112,Balance,28.850000000000364,2566.974,7,2112.56,626.02300000000002,2188.8197,2437.9867620528639,1594.767833740485,1766.1542615713715,4,32,55,87,64
11,30,36,AdaptiveCuttingAuction,0.2,0.16,10,True,,1000,10800,cats_reg_g30b150,True,abs,False,CATS,150,regions,MultiMinded,104,Balance,27.839999999999236,2431.6115,4,2098.81,721.22149999999999,2431.6115,2358.7239911570346,2035.8168118280767,2189.9554324991191,13,42,21,83,66
12,30,32,AdaptiveCuttingAuction,0.2,0.16,10,True,,1000,10800,cats_reg_g30b150,True,abs,False,CATS,150,regions,MultiMinded,120,Balance,24.399999999999636,1865.81568,7,1645.15,855.13049999999998,1787.8909999999998,2131.0358885258779,1341.0652256058352,1453.5426559476784,26,42,54,79,62
13,30,35,AdaptiveCuttingAuction,0.2,0.16,10,True,,1000,10800,cats_reg_g30b150,True,abs,False,CATS,150,regions,MultiMinded,91,Balance,20.670000000000073,1773.5022000000001,8,1494.31,678.60900000000004,1495.359,1773.3819347072513,1015.960949869251,1553.8109789619734,9,42,174,92,65
14,30,32,AdaptiveCuttingAuction,0.2,0.16,10,True,,1000,10800,cats_reg_g30b150,True,abs,False,CATS,150,regions,MultiMinded,168,Balance,39.30000000000018,1980.1873000000003,6,1559.99,631.08900000000006,1786.686,1857.4541425352922,1277.4404973788628,1424.7053688931726,22,42,26,74,62
15,30,36,AdaptiveCuttingAuction,0.2,0.16,10,True,,1000,10800,cats_reg_g30b150,True,abs,False,CATS,150,regions,MultiMinded,92,Balance,20.850000000000364,2512.4141000000004,3,2312.23,781.00699999999995,2512.4141000000004,2475.2888585472829,2133.9647257490428,2213.1420753938937,1,30,5,80,66
16,30,34,AdaptiveCuttingAuction,0.2,0.16,10,True,,1000,10800,cats_reg_g30b150,True,abs,False,CATS,150,regions,MultiMinded,152,Balance,36.969999999999345,1929.452,8,1789.44,584.255,1654.7923,1783.015141983597,1192.7863120202396,1485.2169762271371,25,44,86,86,64
17,30,33,AdaptiveCuttingAuction,0.2,0.16,10,True,,1000,10800,cats_reg_g30b150,True,abs,False,CATS,150,regions,MultiMinded,138,Balance,28.4399999999996,1934.7395999999999,7,1626.95,730.93200000000002,1934.7395999999999,1977.3806814360169,1255.553624523714,1355.4370915537372,7,37,68,87,63
18,30,34,AdaptiveCuttingAuction,0.2,0.16,10,True,,1000,10800,cats_reg_g30b150,True,abs,False,CATS,150,regions,MultiMinded,91,Balance,19.029999999999745,2504.1384,4,1818.33,781.33600000000001,2504.1384,2516.2736566205326,2020.5262220465677,2143.1172377199409,1,29,25,81,64
19,30,36,AdaptiveCuttingAuction,0.2,0.16,10,True,,1000,10800,cats_reg_g30b150,True,abs,False,CATS,150,regions,MultiMinded,61,Balance,22.63000000000011,2560.7110000000002,12,1508.06,549.71399999999994,2502.3390000000004,2439.3392213038278,1443.3495731650714,1720.1923250263153,11,40,22,78,66
20,30,37,AdaptiveCuttingAuction,0.2,0.16,10,True,,1000,10800,cats_reg_g30b150,True,abs,False,CATS,150,regions,MultiMinded,61,Balance,13.86999999999989,1801.7813999999998,10,1490.47,395.125,1788.4334,1964.4153295832907,1294.235442600115,1370.5151829299846,8,44,20,91,67
21,30,33,AdaptiveCuttingAuction,0.2,0.16,10,True,,1000,10800,cats_reg_g30b150,True,abs,False,CATS,150,regions,MultiMinded,151,Balance,30.199999999999818,1553.7635,3,1374.19,778.39550000000008,1400.5034999999998,1487.886616012762,1170.6849991125614,1662.8952262052608,1,30,181,75,63
22,30,38,AdaptiveCuttingAuction,0.2,0.16,10,True,,1000,10800,cats_reg_g30b150,True,abs,False,CATS,150,regions,MultiMinded,120,Balance,30.339999999999236,2312.252,6,2123.59,638.69949999999994,2170.879,2406.3360335777315,1690.3824765611394,1755.5932935571768,19,45,50,86,68
23,30,38,AdaptiveCuttingAuction,0.2,0.16,10,True,,1000,10800,cats_reg_g30b150,True,abs,False,CATS,150,regions,MultiMinded,83,Balance,24.199999999999818,2354.8725,7,1818.1,597.00800000000004,2354.8725,2263.3697778088294,1725.1373506687819,1917.0210208095282,25,44,39,91,68
24,30,35,AdaptiveCuttingAuction,0.2,0.16,10,True,,1000,10800,cats_reg_g30b150,True,abs,False,CATS,150,regions,MultiMinded,92,Balance,19.720000000000255,1892.4884,10,1241.36,538.58849999999995,1892.4884,1934.3281914560632,1080.0253792490273,1232.0103913496091,18,47,32,85,65
25,30,33,AdaptiveCuttingAuction,0.2,0.16,10,True,,1000,10800,cats_reg_g30b150,True,abs,False,CATS,150,regions,MultiMinded,138,Balance,24.289999999999964,1741.0822999999998,4,1538.41,861.41849999999999,1692.8544000000002,1784.0521831821029,1511.6995337606372,1748.4856853677709,1,29,98,83,63
26,30,34,AdaptiveCuttingAuction,0.2,0.16,10,True,,1000,10800,cats_reg_g30b150,True,abs,False,CATS,150,regions,MultiMinded,207,Balance,52.60999999999967,2008.668,9,1919.5,424.82100000000003,1957.6678,1930.6376405532551,1362.4605074516089,1597.4128060897567,24,54,67,80,64
27,30,32,AdaptiveCuttingAuction,0.2,0.16,10,True,,1000,10800,cats_reg_g30b150,True,abs,False,CATS,150,regions,MultiMinded,148,Balance,37.279999999999745,2175.2061,3,1890.21,644.31150000000002,1960.706,1974.1095574838159,1614.7904167445256,1794.408230914187,25,51,66,82,62
28,30,37,AdaptiveCuttingAuction,0.2,0.16,10,True,,1000,10800,cats_reg_g30b150,True,abs,False,CATS,150,regions,MultiMinded,83,Balance,20.079999999999927,2040.43179,9,1615.6,517.23699999999997,1991.07949,2047.1161822078841,1439.323783825711,1597.0978443768122,1,29,49,85,67
29,30,33,AdaptiveCuttingAuction,0.2,0.16,10,True,,1000,10800,cats_reg_g30b150,True,abs,False,CATS,150,regions,MultiMinded,110,Balance,23.57000000000062,2111.632,8,1854.64,708.57899999999995,2089.501,2150.5201440367282,1226.1815362133061,1472.813048331072,8,45,65,84,63
30,30,35,AdaptiveCuttingAuction,0.2,0.16,10,True,,1000,10800,cats_reg_g30b150,True,abs,False,CATS,150,regions,MultiMinded,108,Balance,28.729999999999563,2323.0769999999998,6,1594.17,462.18150000000003,2159.2561,2128.230487010067,1650.7090924929996,1816.9633236744719,8,45,35,87,65
31,30,34,AdaptiveCuttingAuction,0.2,0.16,10,True,,1000,10800,cats_reg_g30b150,True,abs,False,CATS,150,regions,MultiMinded,83,Balance,17.210000000000036,2659.4860000000003,6,2167.09,585.07799999999997,2659.4860000000003,2744.1134818265273,2254.9752249011544,2374.3083679757819,12,44,25,77,64
32,30,37,AdaptiveCuttingAuction,0.2,0.16,10,True,,1000,10800,cats_reg_g30b150,True,abs,False,CATS,150,regions,MultiMinded,77,Balance,17.99000000000069,1999.8556999999998,5,1545.46,522.50199999999995,1822.2848999999999,1866.9051656578583,1462.627110327252,1802.4072073337084,1,30,61,90,67
33,30,37,AdaptiveCuttingAuction,0.2,0.16,10,True,,1000,10800,cats_reg_g30b150,True,abs,False,CATS,150,regions,MultiMinded,81,Balance,24.590000000000146,1805.9524000000001,9,1582.17,487.50400000000002,1725.9506999999999,1757.790291885683,1123.9813484362519,1274.8647249958503,1,29,19,89,67
34,30,39,AdaptiveCuttingAuction,0.2,0.16,10,True,,1000,10800,cats_reg_g30b150,True,abs,False,CATS,150,regions,MultiMinded,138,Balance,47.5,1983.6001999999999,8,1564.76,623.41200000000003,1983.6001999999999,2195.2023324544225,1375.7648303148153,1391.6314286471106,15,42,19,89,69
35,30,38,AdaptiveCuttingAuction,0.2,0.16,10,True,,1000,10800,cats_reg_g30b150,True,abs,False,CATS,150,regions,MultiMinded,87,Balance,19.5600000000004,2341.4052,8,1755.59,637.298,2323.3592,2329.9397589180726,1462.354262394434,1656.7664781451208,6,43,16,92,68
36,30,33,AdaptiveCuttingAuction,0.2,0.16,10,True,,1000,10800,cats_reg_g30b150,True,abs,False,CATS,150,regions,MultiMinded,97,Balance,21.099999999999454,2136.9992,7,1693.26,587.83249999999998,2028.4180000000001,2143.0904700973097,1320.1249700973094,1647.2417398314965,1,29,67,89,63
37,30,34,AdaptiveCuttingAuction,0.2,0.16,10,True,,1000,10800,cats_reg_g30b150,True,abs,False,CATS,150,regions,MultiMinded,109,Balance,23.24000000000069,1991.3467,3,1812.59,701.23299999999995,1939.0544,1958.6498849981704,1760.499951280477,2186.4562474171926,1,30,109,84,64
38,30,40,AdaptiveCuttingAuction,0.2,0.16,10,True,,1000,10800,cats_reg_g30b150,True,abs,False,CATS,150,regions,MultiMinded,155,Balance,70.34000000000015,2724.0288,5,2153.9,576.38300000000004,2647.3538000000003,2554.0749915150564,2142.2569048057712,2307.5873021114803,24,46,32,90,70
39,30,30,AdaptiveCuttingAuction,0.2,0.16,10,True,,1000,10800,cats_reg_g30b150,True,abs,False,CATS,150,regions,MultiMinded,130,Balance,23.670000000000073,1968.0602,1,1918.66,764.726,1918.66,1998.3029803884308,1845.3577803884309,1958.7499127285378,1,30,64,75,60
40,30,33,AdaptiveCuttingAuction,0.2,0.16,10,True,,1000,10800,cats_reg_g30b150,True,abs,False,CATS,150,regions,MultiMinded,91,Balance,23.909999999999854,1942.0583000000001,6,1674.34,688.69799999999998,1736.1783,2176.0851482442004,1501.4733632058951,1545.7624115384822,25,47,45,81,63
41,30,35,AdaptiveCuttingAuction,0.2,0.16,10,True,,1000,10800,cats_reg_g30b150,True,abs,False,CATS,150,regions,MultiMinded,95,Balance,20.220000000000255,1877.7214099999999,7,1423.29,646.35299999999995,1831.2470099999998,1944.8974315460177,1356.021439569535,1512.6206470411848,1,29,70,85,65
42,30,32,AdaptiveCuttingAuction,0.2,0.16,10,True,,1000,10800,cats_reg_g30b150,True,abs,False,CATS,150,regions,MultiMinded,100,Balance,20.660000000000764,2111.841,4,1703.5,646.17399999999998,1867.696,2051.5103859758106,1621.456616764159,1875.243135208168,9,44,75,83,62
43,30,40,AdaptiveCuttingAuction,0.2,0.16,10,True,,1000,10800,cats_reg_g30b150,True,abs,False,CATS,150,regions,MultiMinded,107,Balance,27.300000000000182,2446.7208,14,1927.69,685.90899999999999,2279.3961,2413.2158106589791,872.54889939302666,1066.0406945226234,8,33,25,89,70
44,30,35,AdaptiveCuttingAuction,0.2,0.16,10,True,,1000,10800,cats_reg_g30b150,True,abs,False,CATS,150,regions,MultiMinded,95,Balance,21.600000000000364,1711.1515999999997,8,1299.51,651.40899999999999,1505.0714999999998,1872.7804497286693,975.74283101581864,1087.5181101303269,24,46,21,78,65
45,30,38,AdaptiveCuttingAuction,0.2,0.16,10,True,,1000,10800,cats_reg_g30b150,True,abs,False,CATS,150,regions,MultiMinded,97,Balance,27.770000000000437,2034.5094,9,1828.07,742.07299999999998,1958.0327,2038.1804938853593,1220.4252285988614,1829.570598090429,27,45,122,92,68
46,30,31,AdaptiveCuttingAuction,0.2,0.16,10,True,,1000,10800,cats_reg_g30b150,True,abs,False,CATS,150,regions,MultiMinded,110,Balance,22.050000000000182,2564.0325000000003,3,2373.4,807.26099999999997,2510.7187,2256.8327498860986,1895.9786530874555,2372.7251343681924,2,30,43,77,61
47,30,37,AdaptiveCuttingAuction,0.2,0.16,10,True,,1000,10800,cats_reg_g30b150,True,abs,False,CATS,150,regions,MultiMinded,105,Balance,22.789999999999964,2233.1322,10,1669.44,664.97900000000004,2193.8092,2445.0298371079061,1458.0914018235053,1562.2646721785675,1,30,17,85,67
48,30,35,AdaptiveCuttingAuction,0.2,0.16,10,True,,1000,10800,cats_reg_g30b150,True,abs,False,CATS,150,regions,MultiMinded,61,Balance,18.210000000000036,2069.4358,8,1826.01,556.24350000000004,1919.2237999999998,2111.184938975854,1311.3750990631763,1493.1089364494337,8,47,33,85,65
49,30,30,AdaptiveCuttingAuction,0.2,0.16,10,True,,1000,10800,cats_reg_g30b150,True,abs,False,CATS,150,regions,MultiMinded,102,Balance,17.589999999999236,1979.7895999999998,6,1594.07,673.82600000000002,1979.7895999999998,1827.1410287251035,1355.860808644798,1699.859139692958,1,29,68,78,60
50,30,33,AdaptiveCuttingAuction,0.2,0.16,10,True,,1000,10800,cats_reg_g30b150,True,abs,False,CATS,150,regions,MultiMinded,99,Balance,19.159999999999854,2110.6722999999997,7,1335.35,460.47550000000001,2110.6722999999997,2044.8629322796601,1494.8309926797392,1736.9928688762479,1,29,30,84,63
51,30,37,AdaptiveCuttingAuction,0.2,0.16,10,True,,1000,10800,cats_reg_g30b150,True,abs,False,CATS,150,regions,MultiMinded,85,Balance,21.5,2245.4244000000003,6,1882.26,597.73699999999997,2245.4244000000003,2307.1986758220328,1734.5320475183025,1759.4733125288053,9,42,21,90,67
52,30,32,AdaptiveCuttingAuction,0.2,0.16,10,True,,1000,10800,cats_reg_g30b150,True,abs,False,CATS,150,regions,MultiMinded,102,Balance,19.449999999999818,1756.6213,6,1409.87,556.45500000000004,1756.6213,1711.8959678660021,1201.1955544088169,1341.2830269583219,1,30,40,75,62
53,30,34,AdaptiveCuttingAuction,0.2,0.16,10,True,,1000,10800,cats_reg_g30b150,True,abs,False,CATS,150,regions,MultiMinded,101,Balance,20.710000000000036,2325.6629000000003,9,1796.97,570.23000000000002,2136.5705000000003,2165.8250266920427,1311.5825259561962,1489.6056046104359,1,30,23,75,64
54,30,37,AdaptiveCuttingAuction,0.2,0.16,10,True,,1000,10800,cats_reg_g30b150,True,abs,False,CATS,150,regions,MultiMinded,108,Balance,25.409999999999854,2355.424,6,2152.9,670.553,2313.336,2330.8722471154365,1857.4906327843119,2006.8348556292758,13,42,47,88,67
55,30,33,AdaptiveCuttingAuction,0.2,0.16,10,True,,1000,10800,cats_reg_g30b150,True,abs,False,CATS,150,regions,MultiMinded,92,Balance,22.659999999999854,2078.1524999999997,10,1352.37,548.28150000000005,2078.1524999999997,2070.7206840618842,1219.7995325026739,1311.9882772267163,2,32,27,85,63
56,30,39,AdaptiveCuttingAuction,0.2,0.16,10,True,,1000,10800,cats_reg_g30b150,True,abs,False,CATS,150,regions,MultiMinded,134,Balance,35.86999999999989,1893.3772000000004,10,1498.24,591.42200000000003,1687.9864,1758.4216044351292,784.98346280170767,1200.3835916960536,15,47,133,96,69
57,30,36,AdaptiveCuttingAuction,0.2,0.16,10,True,,1000,10800,cats_reg_g30b150,True,abs,False,CATS,150,regions,MultiMinded,66,Balance,15.0,1899.5301999999997,8,1604.44,621.16750000000002,1899.5301999999997,2096.0442272713822,1292.4102148176487,1366.3206507780194,1,30,24,82,66
58,30,36,AdaptiveCuttingAuction,0.2,0.16,10,True,,1000,10800,cats_reg_g30b150,True,abs,False,CATS,150,regions,MultiMinded,135,Balance,39.63999999999942,2429.6093,7,2057.42,832.86300000000006,2152.4705,2224.3154759500503,1377.1598355341325,1921.203621974649,25,45,112,86,66
59,30,39,AdaptiveCuttingAuction,0.2,0.16,10,True,,1000,10800,cats_reg_g30b150,True,abs,False,CATS,150,regions,MultiMinded,147,Balance,38.93000000000029,2064.9126,8,1772.9,622.28800000000001,2002.8646,2020.8037101669356,1108.042462295731,1376.5095432328314,22,47,66,91,69
60,30,35,AdaptiveCuttingAuction,0.2,0.16,10,True,,1000,10800,cats_reg_g30b150,True,abs,False,CATS,150,regions,MultiMinded,84,Balance,14.969999999999345,1956.0875,9,1842.74,450.80399999999997,1741.4660000000001,1915.5002614002924,1263.2486718620557,1417.4218797655003,1,28,41,81,65
61,30,37,AdaptiveCuttingAuction,0.2,0.16,10,True,,1000,10800,cats_reg_g30b150,True,abs,False,CATS,150,regions,MultiMinded,122,Balance,37.26999999999953,1951.6029999999998,10,1560.47,530.9905,1850.5417999999997,1979.3000853049248,1101.0109285978847,1187.4847914216159,9,47,60,100,67
62,30,34,AdaptiveCuttingAuction,0.2,0.16,10,True,,1000,10800,cats_reg_g30b150,True,abs,False,CATS,150,regions,MultiMinded,119,Balance,25.6899999999996,1978.0167,6,1737.89,582.94900000000007,1978.0167,1909.2610654944726,1298.9933760522194,1486.6704913524284,15,44,76,83,64
63,30,30,AdaptiveCuttingAuction,0.2,0.16,10,True,,1000,10800,cats_reg_g30b150,True,abs,False,CATS,150,regions,MultiMinded,106,Balance,20.68000000000029,2547.4234,5,1821.34,869.476,2547.4234,2675.0590240995516,2105.3090946587818,2228.3029652180121,26,45,24,77,60
64,30,34,AdaptiveCuttingAuction,0.2,0.16,10,True,,1000,10800,cats_reg_g30b150,True,abs,False,CATS,150,regions,MultiMinded,78,Balance,14.449999999999818,2427.9729,11,1844.14,792.92899999999997,2368.9150999999997,2629.3848493957325,1368.9805868199464,1571.6221706499164,1,30,22,80,64
65,30,36,AdaptiveCuttingAuction,0.2,0.16,10,True,,1000,10800,cats_reg_g30b150,True,abs,False,CATS,150,regions,MultiMinded,81,Balance,20.109999999999673,2209.3287,9,1779.98,732.52250000000004,1954.1610999999998,2088.235242781222,1390.349070192648,1815.1748038743028,6,43,90,83,66
66,30,30,AdaptiveCuttingAuction,0.2,0.16,10,True,,1000,10800,cats_reg_g30b150,True,abs,False,CATS,150,regions,MultiMinded,118,Balance,27.079999999999927,2387.3904,2,2290.03,553.03500000000008,2387.3904,2381.1493377378856,2182.0567377378857,2210.7751791349665,9,42,2,73,60
67,30,41,AdaptiveCuttingAuction,0.2,0.16,10,True,,1000,10800,cats_reg_g30b150,True,abs,False,CATS,150,regions,MultiMinded,125,Balance,37.26000000000022,2130.5865999999996,8,1569.3,447.20299999999997,2107.1669,2092.6025796402037,1543.1063479449815,1708.3081756769002,19,44,22,98,71
68,30,34,AdaptiveCuttingAuction,0.2,0.16,10,True,,1000,10800,cats_reg_g30b150,True,abs,False,CATS,150,regions,MultiMinded,130,Balance,33.5600000000004,1871.0335999999998,7,1491.62,623.48450000000003,1857.0625,2028.162871814711,1364.6916191622922,1407.7476166370188,5,40,31,89,64
69,30,34,AdaptiveCuttingAuction,0.2,0.16,10,True,,1000,10800,cats_reg_g30b150,True,abs,False,CATS,150,regions,MultiMinded,110,Balance,23.399999999999636,2248.1536,8,1918.69,909.28949999999998,2248.1536,2291.8964585422113,1482.7005271655889,1574.2725868047726,1,30,29,81,64
70,30,32,AdaptiveCuttingAuction,0.2,0.16,10,True,,1000,10800,cats_reg_g30b150,True,abs,False,CATS,150,regions,MultiMinded,129,Balance,23.890000000000327,2074.3614,4,1794.89,671.03600000000006,1998.6884,2087.3796063110121,1764.1922917724607,1813.5600579339816,1,30,36,72,62
71,30,30,AdaptiveCuttingAuction,0.2,0.16,10,True,,1000,10800,cats_reg_g30b150,True,abs,False,CATS,150,regions,MultiMinded,146,Balance,28.840000000000146,2107.4125,8,1919.92,672.68100000000004,1877.0062000000003,2118.1132197360448,1187.8619724920577,1559.75755619344,6,41,99,83,60
72,30,35,AdaptiveCuttingAuction,0.2,0.16,10,True,,1000,10800,cats_reg_g30b150,True,abs,False,CATS,150,regions,MultiMinded,78,Balance,13.909999999999854,1946.4843000000003,8,1216.53,554.09649999999999,1862.8493,1954.6179287016735,1327.1485934533694,1557.4406046956447,1,29,57,78,65
73,30,35,AdaptiveCuttingAuction,0.2,0.16,10,True,,1000,10800,cats_reg_g30b150,True,abs,False,CATS,150,regions,MultiMinded,111,Balance,24.909999999999854,1852.6272999999999,7,1445.38,663.03899999999999,1852.6272999999999,1870.696607101873,1267.1719687810908,1482.0699718673529,4,32,43,88,65
74,30,31,AdaptiveCuttingAuction,0.2,0.16,10,True,,1000,10800,cats_reg_g30b150,True,abs,False,CATS,150,regions,MultiMinded,118,Balance,24.05999999999949,2020.0417,5,1744.34,781.83899999999994,1958.9530999999997,2108.1687292653683,1515.9885711710012,1595.3966052184599,24,46,17,74,61
75,30,39,AdaptiveCuttingAuction,0.2,0.16,10,True,,1000,10800,cats_reg_g30b150,True,abs,False,CATS,150,regions,MultiMinded,103,Balance,29.410000000000764,2549.9302,12,1890.83,637.39099999999996,2464.4222,2548.7973536261879,1521.6065061234674,1700.6930370159544,6,36,44,101,69
76,30,36,AdaptiveCuttingAuction,0.2,0.16,10,True,,1000,10800,cats_reg_g30b150,True,abs,False,CATS,150,regions,MultiMinded,126,Balance,33.94999999999982,1970.4382,6,1633.82,405.01099999999997,1970.4382,2012.7265768463635,1584.2491260622696,1614.2387221934694,20,47,29,86,66
77,30,34,AdaptiveCuttingAuction,0.2,0.16,10,True,,1000,10800,cats_reg_g30b150,True,abs,False,CATS,150,regions,MultiMinded,127,Balance,25.23999999999978,1646.3148,6,1576.38,831.28949999999998,1602.3807,1781.540298929574,1080.5788872075841,1117.1149288092388,1,30,50,78,64
78,30,34,AdaptiveCuttingAuction,0.2,0.16,10,True,,1000,10800,cats_reg_g30b150,True,abs,False,CATS,150,regions,MultiMinded,87,Balance,17.1899999999996,2412.1546,8,1881.66,768.41550000000007,2399.9085999999998,2656.4857176320165,1711.2052757786557,1784.0707151540846,1,30,22,88,64
79,30,29,AdaptiveCuttingAuction,0.2,0.16,10,True,,1000,10800,cats_reg_g30b150,True,abs,False,CATS,150,regions,MultiMinded,166,Balance,30.050000000000182,2267.359,5,2060.3,919.01300000000003,2255.609,2337.799375997527,1592.351140759419,1757.1824284838308,1,30,92,79,59
80,30,37,AdaptiveCuttingAuction,0.2,0.16,10,True,,1000,10800,cats_reg_g30b150,True,abs,False,CATS,150,regions,MultiMinded,82,Balance,22.4399999999996,2112.5864,9,1592.54,576.49599999999998,1990.7174,2107.5730827612028,1247.2051328479483,1423.1044183468557,4,30,54,83,67
81,30,33,AdaptiveCuttingAuction,0.2,0.16,10,True,,1000,10800,cats_reg_g30b150,True,abs,False,CATS,150,regions,MultiMinded,79,Balance,13.680000000000291,1652.215,4,1316.69,725.81600000000003,1560.648,1809.3180605615903,1356.3379927245883,1425.8323687458355,1,30,28,73,63
82,30,35,AdaptiveCuttingAuction,0.2,0.16,10,True,,1000,10800,cats_reg_g30b150,True,abs,False,CATS,150,regions,MultiMinded,127,Balance,35.80000000000018,2109.0315,8,1900.31,619.13249999999994,2053.3515,2071.7570934024848,1414.0573572728431,1619.4241703355081,28,46,63,82,65
83,30,32,AdaptiveCuttingAuction,0.2,0.16,10,True,,1000,10800,cats_reg_g30b150,True,abs,False,CATS,150,regions,MultiMinded,105,Balance,26.029999999999745,2576.43019,7,2027.96,1059.6700000000001,1914.4685900000002,2507.1976722674099,1478.2573801923434,1506.6515712534022,26,44,22,76,62
84,30,34,AdaptiveCuttingAuction,0.2,0.16,10,True,,1000,10800,cats_reg_g30b150,True,abs,False,CATS,150,regions,MultiMinded,99,Balance,32.039999999999964,1983.6759000000002,7,1485.27,650.14099999999996,1962.444,2003.1240888205255,1345.0818353386942,1491.4252719990768,16,43,32,82,64
85,30,33,AdaptiveCuttingAuction,0.2,0.16,10,True,,1000,10800,cats_reg_g30b150,True,abs,False,CATS,150,regions,MultiMinded,98,Balance,18.36999999999989,1650.3177,5,1136.81,534.83399999999995,1650.3177,1645.4010408503691,1251.4740433538432,1409.9570659882656,1,30,52,85,63
86,30,37,AdaptiveCuttingAuction,0.2,0.16,10,True,,1000,10800,cats_reg_g30b150,True,abs,False,CATS,150,regions,MultiMinded,94,Balance,18.519999999999527,2073.2363,6,1605.13,504.47649999999999,2069.3503,2074.6227007583057,1572.9274443061609,1691.3248962138407,8,32,11,81,67
87,30,34,AdaptiveCuttingAuction,0.2,0.16,10,True,,1000,10800,cats_reg_g30b150,True,abs,False,CATS,150,regions,MultiMinded,162,Balance,38.849999999999454,2161.5317,8,1611.82,461.19499999999999,2075.8167,2160.7331832681871,1568.8772783512109,1671.5039891813549,4,32,38,86,64
88,30,35,AdaptiveCuttingAuction,0.2,0.16,10,True,,1000,10800,cats_reg_g30b150,True,abs,False,CATS,150,regions,MultiMinded,76,Balance,17.210000000000036,1960.6723,6,1579.4,529.16499999999996,1921.4421000000002,1974.9775463643196,1533.3963007742886,1670.3394884510362,5,38,44,82,65
89,30,40,AdaptiveCuttingAuction,0.2,0.16,10,True,,1000,10800,cats_reg_g30b150,True,abs,False,CATS,150,regions,MultiMinded,87,Balance,49.42999999999938,2103.4608,12,1324.86,455.78500000000003,1933.7631000000001,1773.4692773078871,1017.1498517613397,1402.922461145768,25,41,58,87,70
90,30,36,AdaptiveCuttingAuction,0.2,0.16,10,True,,1000,10800,cats_reg_g30b150,True,abs,False,CATS,150,regions,MultiMinded,118,Balance,32.07999999999993,2252.2093,7,1749.09,686.99800000000005,2060.9115,2102.9168165160013,1423.446620205749,1666.1675144347223,26,51,28,87,66
91,30,37,AdaptiveCuttingAuction,0.2,0.16,10,True,,1000,10800,cats_reg_g30b150,True,abs,False,CATS,150,regions,MultiMinded,64,Balance,16.01000000000022,2533.4677,11,1557.05,605.50300000000004,2433.7927999999997,2514.5288336992721,1542.945429184862,1790.4249444359568,8,40,45,81,67
92,30,37,AdaptiveCuttingAuction,0.2,0.16,10,True,,1000,10800,cats_reg_g30b150,True,abs,False,CATS,150,regions,MultiMinded,83,Balance,21.789999999999964,2087.0795,9,1557.29,467.12700000000001,2087.0795,2087.7722752215714,1364.9681947685344,1599.1392814368505,9,44,43,87,67
93,30,34,AdaptiveCuttingAuction,0.2,0.16,10,True,,1000,10800,cats_reg_g30b150,True,abs,False,CATS,150,regions,MultiMinded,87,Balance,21.5,2220.4165999999996,7,1477.09,531.97949999999992,2083.1156,2134.6741406378455,1580.73238030318,1700.9575976256588,12,44,18,79,64
94,30,33,AdaptiveCuttingAuction,0.2,0.16,10,True,,1000,10800,cats_reg_g30b150,True,abs,False,CATS,150,regions,MultiMinded,81,Balance,20.88000000000011,2089.1439,6,1850.23,583.02999999999997,2075.2699000000002,2092.7045206440976,1626.2805206440974,2091.0469562693511,7,41,95,82,63
95,30,36,AdaptiveCuttingAuction,0.2,0.16,10,True,,1000,10800,cats_reg_g30b150,True,abs,False,CATS,150,regions,MultiMinded,135,Balance,28.399999999999636,2218.1557,7,1747.55,732.99250000000006,2218.1557,2189.0735146754332,1429.4477863796246,1796.6490072619799,1,30,74,86,66
96,30,33,AdaptiveCuttingAuction,0.2,0.16,10,True,,1000,10800,cats_reg_g30b150,True,abs,False,CATS,150,regions,MultiMinded,93,Balance,20.289999999999964,1873.9284000000002,3,1690.89,555.43200000000002,1776.7838,1936.3586457291574,1681.2428123720513,1783.6433424195973,15,42,52,82,63
97,30,37,AdaptiveCuttingAuction,0.2,0.16,10,True,,1000,10800,cats_reg_g30b150,True,abs,False,CATS,150,regions,MultiMinded,117,Balance,21.93000000000029,1853.4531000000002,7,1334.16,635.36699999999996,1790.2279,1857.6103587933649,1208.8668266492703,1394.7952654673313,1,28,38,86,67
98,30,36,AdaptiveCuttingAuction,0.2,0.16,10,True,,1000,10800,cats_reg_g30b150,True,abs,False,CATS,150,regions,MultiMinded,90,Balance,17.710000000000036,2779.0163,8,2131.76,620.35799999999995,2779.0163,2712.4376805131992,1816.4137686968177,2046.2041617477594,5,36,40,79,66
99,30,37,AdaptiveCuttingAuction,0.2,0.16,10,True,,1000,10800,cats_reg_g30b150,True,abs,False,CATS,150,regions,MultiMinded,150,Balance,44.19999999999982,2286.8288000000002,6,1573.72,543.00099999999998,2217.4397,2310.1642875833809,1767.1632875833805,1915.3639076265495,9,30,29,89,67
100,30,32,AdaptiveCuttingAuction,0.2,0.16,10,True,,1000,10800,cats_reg_g30b150,True,abs,False,CATS,150,regions,MultiMinded,119,Balance,23.730000000000473,1906.0085,9,1496.95,591.39400000000001,1906.0085,1905.8818133259067,1028.3259567725822,1210.6832983345093,23,45,52,80,62
