idx,items,agents,auction_class,epsilon,stepc,epoch,scalebyvalue,reserve_type,maxiter,maxtime,generator_param_name,personalized,int_prices,generator,bids,distribution,type,rounds,status,runtime,efficient_value,final_num_winners,final_max_agent_value,final_scalevalue,final_value,final_total_price,final_revenue,final_indirect_util,final_price_degree,final_price_sparsity,final_imbalance,final_wd_nvars,final_wd_ncons
1,10,41,LinearHeuristicAuction,0.2,0.04,,True,,1000,10800,cats_path_g10b50,,False,CATS,50,paths,MultiMinded,567,Balance,28.010000000009313,5.1295980000000005,9,1.05837,0.48806749999999999,5.107027,4.2567741094750744,3.3782526094750747,4.2898589143749639,1,10,7,83,51
2,10,32,LinearHeuristicAuction,0.2,0.04,,True,,1000,10800,cats_path_g10b50,,False,CATS,50,paths,MultiMinded,161,Balance,7.25,5.881798,9,0.89658,0.700376,5.881798,4.2872302273975595,3.166628627397559,4.903805691804946,1,9,7,74,42
3,10,23,LinearHeuristicAuction,0.2,0.04,,True,,1000,10800,cats_path_g10b50,,False,CATS,50,paths,MultiMinded,139,Balance,5.899999999965075,6.1772789999999995,8,1.4872,0.84460199999999996,6.1772789999999995,5.3015024861450364,3.9501392861450357,4.999503553176786,1,10,8,71,33
4,10,24,LinearHeuristicAuction,0.2,0.04,,True,,1000,10800,cats_path_g10b50,,False,CATS,50,paths,MultiMinded,33,Balance,1.3699999999953434,5.0370452,7,0.92099,0.79058200000000001,4.882917,3.7191132348036788,2.6122984348036784,4.0443137299055705,1,10,8,67,34
5,10,34,LinearHeuristicAuction,0.2,0.04,,True,,1000,10800,cats_path_g10b50,,False,CATS,50,paths,MultiMinded,122,Balance,5.600000000034925,6.641525,9,1.19553,0.74441100000000004,6.600319000000001,6.2556757667277587,4.915735966727758,5.4128966675293064,1,10,5,76,44
6,10,26,LinearHeuristicAuction,0.2,0.04,,True,,1000,10800,cats_path_g10b50,,False,CATS,50,paths,MultiMinded,163,Balance,7.179999999993015,7.117255999999999,9,1.27499,1.03579,6.9495059999999995,6.0452542297737093,4.1968546192266682,5.4694326709922869,1,10,4,70,36
7,10,30,LinearHeuristicAuction,0.2,0.04,,True,,1000,10800,cats_path_g10b50,,False,CATS,50,paths,MultiMinded,119,Balance,5.190000000002328,5.604355000000001,10,0.860832,0.57241200000000003,5.604355000000001,3.7153392476111611,2.7994800476111612,4.8024487329430086,1,10,4,72,40
8,10,29,LinearHeuristicAuction,0.2,0.04,,True,,1000,10800,cats_path_g10b50,,False,CATS,50,paths,MultiMinded,25,Balance,1.0599999999976717,4.14936,8,1.21473,0.53942699999999999,4.021464,3.7310444777767016,2.8679612777767023,3.5292337630116064,1,10,12,67,39
9,10,34,LinearHeuristicAuction,0.2,0.04,,True,,1000,10800,cats_path_g10b50,,False,CATS,50,paths,MultiMinded,56,Balance,2.570000000006985,8.312487,10,1.40383,1.19224,8.312487,7.4088038433163268,5.0473129571777964,6.3811530802350003,1,10,3,76,44
10,10,35,LinearHeuristicAuction,0.2,0.04,,True,,1000,10800,cats_path_g10b50,,False,CATS,50,paths,MultiMinded,71,Balance,3.2999999999883585,5.813495100000001,9,1.32539,0.73520450000000004,5.775242100000001,5.1673604462847766,3.8934972975323219,4.7944995323188193,1,10,3,75,45
11,10,32,LinearHeuristicAuction,0.2,0.04,,True,,1000,10800,cats_path_g10b50,,False,CATS,50,paths,MultiMinded,38,Balance,1.6900000000023283,5.665188000000001,8,0.988013,0.84758449999999996,5.650162999999999,5.1163372987096221,3.7602020987096227,4.4917482739823473,1,10,13,75,42
12,10,31,LinearHeuristicAuction,0.2,0.04,,True,,1000,10800,cats_path_g10b50,,False,CATS,50,paths,MultiMinded,111,Balance,5.100000000034925,5.822862,8,1.20008,0.80469999999999997,5.578907,4.9242275913564333,3.6961040904270819,4.6801571900679004,1,10,3,73,41
13,10,24,LinearHeuristicAuction,0.2,0.04,,True,,1000,10800,cats_path_g10b50,,False,CATS,50,paths,MultiMinded,144,Balance,6.169999999983702,5.960460200000001,9,1.3072,0.85787999999999998,5.8855433,5.1783871495268672,3.6342031495268667,4.6615730114290468,1,10,5,68,34
14,10,17,LinearHeuristicAuction,0.2,0.04,,True,,1000,10800,cats_path_g10b50,,False,CATS,50,paths,MultiMinded,254,Balance,10.330000000016298,5.653834,7,0.86218,0.82208099999999995,5.653834,3.3333516469822975,2.2962556368533917,4.7824433152313199,1,10,9,61,27
15,10,33,LinearHeuristicAuction,0.2,0.04,,True,,1000,10800,cats_path_g10b50,,False,CATS,50,paths,MultiMinded,164,Balance,7.309999999997672,5.368371,10,1.226,0.410271,5.368371,4.9021587660711328,4.0816167660711322,4.5869357505760107,1,10,3,73,43
16,10,34,LinearHeuristicAuction,0.2,0.04,,True,,1000,10800,cats_path_g10b50,,False,CATS,50,paths,MultiMinded,206,Balance,9.450000000011642,6.969046,10,1.43412,0.68306999999999995,6.882083,5.7356323279336783,4.4983341648376616,5.7799093226843752,1,10,1,76,44
17,10,30,LinearHeuristicAuction,0.2,0.04,,True,,1000,10800,cats_path_g10b50,,False,CATS,50,paths,MultiMinded,86,Balance,3.7299999999813735,6.379521,9,1.33671,0.75658099999999995,6.311771,5.6338846805919776,4.2720388805919765,5.2810691905760851,1,10,3,70,40
18,10,28,LinearHeuristicAuction,0.2,0.04,,True,,1000,10800,cats_path_g10b50,,False,CATS,50,paths,MultiMinded,82,Balance,3.5200000000186265,3.7659457999999995,10,0.809737,0.424898,3.7639937999999997,3.2578768576357029,2.4215615519776712,3.0452192026943661,1,10,8,68,38
19,10,29,LinearHeuristicAuction,0.2,0.04,,True,,1000,10800,cats_path_g10b50,,False,CATS,50,paths,MultiMinded,29,Balance,1.2699999999604188,5.399328000000001,9,0.984412,0.88883350000000005,5.266199,4.1315286135105831,2.7067064880076375,4.7363827397554026,1,10,10,66,39
20,10,31,LinearHeuristicAuction,0.2,0.04,,True,,1000,10800,cats_path_g10b50,,False,CATS,50,paths,MultiMinded,40,Balance,1.820000000006985,5.347376,9,1.11574,0.85649200000000003,5.300765999999999,3.7686530270948739,2.4698451382911899,4.4689032881594208,1,9,7,74,41
21,10,33,LinearHeuristicAuction,0.2,0.04,,True,,1000,10800,cats_path_g10b50,,False,CATS,50,paths,MultiMinded,209,Balance,9.809999999997672,6.346977999999999,9,1.04535,0.887351,6.154797,5.1453563947623202,3.5656847062303725,4.8491176334291621,1,10,5,76,43
22,10,29,LinearHeuristicAuction,0.2,0.04,,True,,1000,10800,cats_path_g10b50,,False,CATS,50,paths,MultiMinded,198,Balance,9.25,3.679525,6,0.81347,0.62753999999999999,3.6539279999999996,3.2640201728650706,2.5109721728650705,3.0365404851757463,1,10,8,76,39
23,10,33,LinearHeuristicAuction,0.2,0.04,,True,,1000,10800,cats_path_g10b50,,False,CATS,50,paths,MultiMinded,142,Balance,6.540000000037253,6.968433999999999,9,1.11046,0.85569899999999999,6.809646,5.9239449076902773,4.4687588604766537,5.5663328348418801,1,10,2,74,43
24,10,26,LinearHeuristicAuction,0.2,0.04,,True,,1000,10800,cats_path_g10b50,,False,CATS,50,paths,MultiMinded,185,Balance,7.809999999997672,5.079491000000001,8,0.912266,0.59736,4.998710000000001,4.3225989362888102,3.36682293628881,4.2476920843823214,1,10,5,69,36
25,10,23,LinearHeuristicAuction,0.2,0.04,,True,,1000,10800,cats_path_g10b50,,False,CATS,50,paths,MultiMinded,112,Balance,4.519999999960419,5.799925999999999,10,0.932562,0.85897900000000005,5.734436,5.063872545262174,3.4063716433608113,4.4946243420506686,1,10,4,64,33
26,10,22,LinearHeuristicAuction,0.2,0.04,,True,,1000,10800,cats_path_g10b50,,False,CATS,50,paths,MultiMinded,71,Balance,3.0100000000093132,7.226532999999999,9,1.05046,0.94945649999999993,7.226532999999999,3.6008247851303814,2.2715856851303817,5.9286131047156836,1,10,9,69,32
27,10,33,LinearHeuristicAuction,0.2,0.04,,True,,1000,10800,cats_path_g10b50,,False,CATS,50,paths,MultiMinded,91,Balance,4.410000000032596,5.22312,8,1.38199,0.74170000000000003,5.22312,4.7219590499469284,3.5352390499469277,4.1693724623518547,1,10,2,78,43
28,10,38,LinearHeuristicAuction,0.2,0.04,,True,,1000,10800,cats_path_g10b50,,False,CATS,50,paths,MultiMinded,45,Balance,2.1499999999650754,7.158904,10,1.38531,1.05223,7.027398999999999,6.1124765411365543,4.0080165411365538,5.9239798976559026,1,10,6,80,48
29,10,22,LinearHeuristicAuction,0.2,0.04,,True,,1000,10800,cats_path_g10b50,,False,CATS,50,paths,MultiMinded,260,Balance,10.700000000011642,5.222893,8,1.14292,0.81835199999999997,5.106147,4.6142801928765032,3.3049169928765032,4.1101253833273388,1,10,8,64,32
30,10,26,LinearHeuristicAuction,0.2,0.04,,True,,1000,10800,cats_path_g10b50,,False,CATS,50,paths,MultiMinded,82,Balance,3.400000000023283,8.367289,12,1.00864,0.79848300000000005,8.348212,4.3393272064001769,3.1765508470926864,7.3691227840909477,1,10,9,65,36
31,10,34,LinearHeuristicAuction,0.2,0.04,,True,,1000,10800,cats_path_g10b50,,False,CATS,50,paths,MultiMinded,350,Balance,16.339999999967404,7.570106999999999,9,1.56629,0.87534100000000004,7.570106999999999,6.6827049897257655,5.1070911897257645,6.1689240352409254,1,10,4,76,44
32,10,22,LinearHeuristicAuction,0.2,0.04,,True,,1000,10800,cats_path_g10b50,,False,CATS,50,paths,MultiMinded,106,Balance,4.310000000055879,5.8430159999999995,7,0.990041,0.83248200000000006,5.8430159999999995,4.6569808727622313,3.4915060727622307,4.854872489736958,1,10,8,64,32
33,10,23,LinearHeuristicAuction,0.2,0.04,,True,,1000,10800,cats_path_g10b50,,False,CATS,50,paths,MultiMinded,90,Balance,3.7299999999813735,5.328471,8,1.14706,0.74653400000000003,5.328471,3.6318428090812804,2.5502190533622984,4.405414547093752,1,10,8,67,33
34,10,23,LinearHeuristicAuction,0.2,0.04,,True,,1000,10800,cats_path_g10b50,,False,CATS,50,paths,MultiMinded,66,Balance,2.900000000023283,4.414205,7,1.07941,0.93713999999999997,4.316274,3.4722150562993166,2.1602190562993164,3.1891969596084726,1,10,1,69,33
35,10,25,LinearHeuristicAuction,0.2,0.04,,True,,1000,10800,cats_path_g10b50,,False,CATS,50,paths,MultiMinded,256,Balance,11.340000000025611,6.118125,8,1.03776,0.84872099999999995,6.1076239999999995,5.2838915436393217,3.9863649432855039,4.9845260796313768,1,10,9,72,35
36,10,20,LinearHeuristicAuction,0.2,0.04,,True,,1000,10800,cats_path_g10b50,,False,CATS,50,paths,MultiMinded,30,Balance,1.3800000000046566,2.51735,7,0.765931,0.744537,2.3760120000000002,2.1841923012037787,1.3246960240442258,1.7232730657245119,1,9,9,67,30
37,10,33,LinearHeuristicAuction,0.2,0.04,,True,,1000,10800,cats_path_g10b50,,False,CATS,50,paths,MultiMinded,86,Balance,3.970000000030268,6.394280999999999,9,1.32219,0.90059900000000004,6.252431,5.7196764786499141,4.0985982786499155,4.8098489581237196,1,10,2,75,43
38,10,37,LinearHeuristicAuction,0.2,0.04,,True,,1000,10800,cats_path_g10b50,,False,CATS,50,paths,MultiMinded,109,Balance,5.419999999983702,4.9241600000000005,7,1.27538,0.75259950000000009,4.915955,4.4386249219547125,3.384985621954713,4.0114395540622336,1,10,5,83,47
39,10,36,LinearHeuristicAuction,0.2,0.04,,True,,1000,10800,cats_path_g10b50,,False,CATS,50,paths,MultiMinded,69,Balance,3.290000000037253,7.180720999999999,10,1.37975,0.95457900000000007,7.125342999999999,6.4020993772905435,4.5584663332637794,5.4990917914873858,1,10,6,79,46
40,10,24,LinearHeuristicAuction,0.2,0.04,,True,,1000,10800,cats_path_g10b50,,False,CATS,50,paths,MultiMinded,102,Balance,4.179999999993015,7.3709551,10,1.05191,0.99338300000000002,7.192885399999999,6.506247907373151,4.6277348917032244,5.6474154702527244,1,10,6,63,34
41,10,20,LinearHeuristicAuction,0.2,0.04,,True,,1000,10800,cats_path_g10b50,,False,CATS,50,paths,MultiMinded,113,Balance,4.64000000001397,11.936720999999999,10,1.66283,1.30715,11.544628,7.265016977937174,5.5296416586612249,10.316268052361105,1,10,9,66,30
42,10,35,LinearHeuristicAuction,0.2,0.04,,True,,1000,10800,cats_path_g10b50,,False,CATS,50,paths,MultiMinded,169,Balance,7.619999999995343,5.98905,10,1.26887,0.57787949999999999,5.907348000000001,5.6646517651074788,4.5088927651074791,4.8814971544531618,1,10,2,75,45
43,10,34,LinearHeuristicAuction,0.2,0.04,,True,,1000,10800,cats_path_g10b50,,False,CATS,50,paths,MultiMinded,25,Balance,1.1399999999557622,5.305578,8,1.49562,0.65433600000000003,5.265623,4.7322965129844574,3.6853589129844582,4.5519462001220106,1,10,6,75,44
44,10,24,LinearHeuristicAuction,0.2,0.04,,True,,1000,10800,cats_path_g10b50,,False,CATS,50,paths,MultiMinded,111,Balance,4.619999999995343,5.406871999999999,9,0.914107,0.79918800000000001,5.406871999999999,4.479800851431893,3.0412624514318938,4.1296702336789064,1,10,4,68,34
45,10,33,LinearHeuristicAuction,0.2,0.04,,True,,1000,10800,cats_path_g10b50,,False,CATS,50,paths,MultiMinded,163,Balance,7.75,4.392568,8,1.04017,0.61580250000000003,4.349706,4.1305625071784071,3.1452785071784071,3.5357865577627456,1,10,3,78,43
46,10,37,LinearHeuristicAuction,0.2,0.04,,True,,1000,10800,cats_path_g10b50,,False,CATS,50,paths,MultiMinded,87,Balance,4.10999999998603,7.650231000000001,10,1.33928,0.87604700000000002,7.650231000000001,6.765198084921737,5.0819009469623335,6.3130661387536202,1,10,3,80,47
47,10,26,LinearHeuristicAuction,0.2,0.04,,True,,1000,10800,cats_path_g10b50,,False,CATS,50,paths,MultiMinded,95,Balance,4.260000000009313,4.863733,8,1.11721,0.68613100000000005,4.847598,4.4237494292774731,3.3259398292774729,4.0001901632613102,1,10,16,67,36
48,10,40,LinearHeuristicAuction,0.2,0.04,,True,,1000,10800,cats_path_g10b50,,False,CATS,50,paths,MultiMinded,627,Balance,30.85999999998603,13.668893,15,1.73275,0.850549,13.668893,5.7546223435650266,4.2236341435650271,12.310147952439362,1,10,5,78,50
49,10,25,LinearHeuristicAuction,0.2,0.04,,True,,1000,10800,cats_path_g10b50,,False,CATS,50,paths,MultiMinded,176,Balance,7.53000000002794,4.105134,8,0.775577,0.59589599999999998,4.105134,3.8563648856241155,2.9029312856241156,3.2744469953326458,1,10,4,70,35
50,10,43,LinearHeuristicAuction,0.2,0.04,,True,,1000,10800,cats_path_g10b50,,False,CATS,50,paths,MultiMinded,96,Balance,4.85999999998603,7.516903,10,1.3359,0.92906500000000003,7.495348,7.0131837532065875,5.1550537532065874,6.0045427922652692,1,10,3,86,53
51,10,23,LinearHeuristicAuction,0.2,0.04,,True,,1000,10800,cats_path_g10b50,,False,CATS,50,paths,MultiMinded,107,Balance,4.369999999995343,3.8581627999999997,7,0.728995,0.60365150000000001,3.7774998,3.48425484424483,2.7162306723744689,3.1103206062364404,1,10,9,68,33
52,10,28,LinearHeuristicAuction,0.2,0.04,,True,,1000,10800,cats_path_g10b50,,False,CATS,50,paths,MultiMinded,74,Balance,3.2000000000116415,6.103176,8,1.01863,0.782582,5.975078,5.4717397756189783,4.2196085756189783,4.9224572514804752,1,10,6,74,38
53,10,26,LinearHeuristicAuction,0.2,0.04,,True,,1000,10800,cats_path_g10b50,,False,CATS,50,paths,MultiMinded,73,Balance,3.0399999999790452,9.548895000000002,10,1.84651,1.2191000000000001,9.378483000000001,7.2629480631438215,5.0685680631438217,7.5050590618372794,1,9,6,65,36
54,10,30,LinearHeuristicAuction,0.2,0.04,,True,,1000,10800,cats_path_g10b50,,False,CATS,50,paths,MultiMinded,218,Balance,9.710000000020955,3.5444180000000003,9,0.62406,0.46356900000000001,3.5444180000000003,3.1857397920973267,2.3513155920973259,2.7136333528646701,1,10,6,72,40
55,10,24,LinearHeuristicAuction,0.2,0.04,,True,,1000,10800,cats_path_g10b50,,False,CATS,50,paths,MultiMinded,130,Balance,5.369999999995343,5.614495000000001,8,1.03261,0.81608499999999995,5.614495000000001,5.0147224539186412,3.7575034109788983,4.4611860174237696,1,10,7,68,34
56,10,26,LinearHeuristicAuction,0.2,0.04,,True,,1000,10800,cats_path_g10b50,,False,CATS,50,paths,MultiMinded,58,Balance,2.5100000000093132,5.021542,8,1.22335,0.86009449999999998,5.0143097,4.8476018716135414,3.471450671613542,3.8305695471951715,1,10,9,72,36
57,10,29,LinearHeuristicAuction,0.2,0.04,,True,,1000,10800,cats_path_g10b50,,False,CATS,50,paths,MultiMinded,159,Balance,6.9799999999813735,5.662903,10,1.20543,0.7060765,5.662903,4.9642894631641585,3.5521364631641594,4.2665271890048926,1,10,1,72,39
58,10,32,LinearHeuristicAuction,0.2,0.04,,True,,1000,10800,cats_path_g10b50,,False,CATS,50,paths,MultiMinded,127,Balance,5.980000000039581,5.435453000000001,8,1.10141,0.84788050000000004,5.435453000000001,4.9724414264962444,3.6158326264962439,4.0884947568881174,1,10,1,78,42
59,10,31,LinearHeuristicAuction,0.2,0.04,,True,,1000,10800,cats_path_g10b50,,False,CATS,50,paths,MultiMinded,141,Balance,6.480000000039581,7.500881000000001,9,1.37858,1.0170600000000001,7.500881000000001,6.8050690274394992,4.9743610274394978,5.8801345870570492,1,10,4,75,41
60,10,18,LinearHeuristicAuction,0.2,0.04,,True,,1000,10800,cats_path_g10b50,,False,CATS,50,paths,MultiMinded,13,Balance,0.5100000000093132,3.938055,5,1.01239,0.77787200000000001,3.5944030000000002,2.8570048765847789,2.0791328765847785,3.2905534394066707,1,10,12,62,28
61,10,39,LinearHeuristicAuction,0.2,0.04,,True,,1000,10800,cats_path_g10b50,,False,CATS,50,paths,MultiMinded,102,Balance,4.820000000006985,6.514431,10,1.15445,0.68256899999999998,6.514431,5.5547837173130157,4.1896457173130157,5.2846343970544094,1,10,1,80,49
62,10,24,LinearHeuristicAuction,0.2,0.04,,True,,1000,10800,cats_path_g10b50,,False,CATS,50,paths,MultiMinded,382,Balance,17.179999999993015,5.874828,9,1.13322,0.74950450000000002,5.8604174,4.9456650725360234,3.6614226305370883,4.9183440657059041,1,10,6,66,34
63,10,26,LinearHeuristicAuction,0.2,0.04,,True,,1000,10800,cats_path_g10b50,,False,CATS,50,paths,MultiMinded,205,Balance,8.460000000020955,10.817572,16,1.05624,0.85327799999999998,10.791586,4.2567637351713623,2.6867322151713631,9.4485386869220473,1,10,2,62,36
64,10,15,LinearHeuristicAuction,0.2,0.04,,True,,1000,10800,cats_path_g10b50,,False,CATS,50,paths,MultiMinded,32,Balance,1.349999999976717,4.3252115,7,1.18924,0.88682499999999997,4.2154565,3.7157648260383529,2.5794602217416345,3.3381253834527937,1,10,11,66,25
65,10,35,LinearHeuristicAuction,0.2,0.04,,True,,1000,10800,cats_path_g10b50,,False,CATS,50,paths,MultiMinded,194,Balance,9.0,9.498291,10,1.37422,0.81186400000000003,9.498291,6.2341413602061619,4.9259213426562978,8.3502102581442301,1,10,2,75,45
66,10,22,LinearHeuristicAuction,0.2,0.04,,True,,1000,10800,cats_path_g10b50,,False,CATS,50,paths,MultiMinded,191,Balance,7.989999999990687,6.527464,6,1.20805,0.92267349999999992,6.371836,5.5886630126629147,4.4814548126629132,5.4560257684724514,1,10,10,67,32
67,10,31,LinearHeuristicAuction,0.2,0.04,,True,,1000,10800,cats_path_g10b50,,False,CATS,50,paths,MultiMinded,179,Balance,7.960000000020955,4.99912,8,0.980804,0.62215900000000002,4.99912,4.6266235530830953,3.6311691530830954,4.0579823056330824,1,10,10,74,41
68,10,21,LinearHeuristicAuction,0.2,0.04,,True,,1000,10800,cats_path_g10b50,,False,CATS,50,paths,MultiMinded,120,Balance,5.239999999990687,4.354444,7,1.10844,0.58718800000000004,4.354444,3.9824163270687265,3.1633691693246329,3.5499908000171168,1,10,9,68,31
69,10,31,LinearHeuristicAuction,0.2,0.04,,True,,1000,10800,cats_path_g10b50,,False,CATS,50,paths,MultiMinded,110,Balance,4.9500000000116415,4.638021,8,0.932286,0.72681200000000001,4.547684,4.2476967112060784,3.0847975112060784,3.6796802776363391,1,10,11,75,41
70,10,32,LinearHeuristicAuction,0.2,0.04,,True,,1000,10800,cats_path_g10b50,,False,CATS,50,paths,MultiMinded,151,Balance,6.849999999976717,5.529561,10,0.883645,0.71283099999999999,5.466518,4.9499191478607694,3.5242571478607698,4.3195090447418565,1,10,2,75,42
71,10,29,LinearHeuristicAuction,0.2,0.04,,True,,1000,10800,cats_path_g10b50,,False,CATS,50,paths,MultiMinded,122,Balance,5.349999999976717,3.8155849999999996,8,0.722118,0.584781,3.736669,3.259024324799392,2.323374724799391,3.0524848212073801,1,10,5,73,39
72,10,23,LinearHeuristicAuction,0.2,0.04,,True,,1000,10800,cats_path_g10b50,,False,CATS,50,paths,MultiMinded,155,Balance,6.39000000001397,4.337076,9,1.09941,0.63108900000000001,4.337076,4.0074658101094807,2.8893555025667697,3.345410803805366,1,10,4,67,33
73,10,23,LinearHeuristicAuction,0.2,0.04,,True,,1000,10800,cats_path_g10b50,,False,CATS,50,paths,MultiMinded,25,Balance,1.0,4.733565,7,1.17805,0.79788950000000003,4.639829,4.2380976838722049,3.1210523838722048,3.8913401826088769,1,10,10,63,33
74,10,28,LinearHeuristicAuction,0.2,0.04,,True,,1000,10800,cats_path_g10b50,,False,CATS,50,paths,MultiMinded,63,Balance,2.7400000000488944,4.250006,9,0.944433,0.60220899999999999,4.154668000000001,4.0639129965222214,2.9799367965222214,3.3270162573344102,1,10,13,73,38
75,10,23,LinearHeuristicAuction,0.2,0.04,,True,,1000,10800,cats_path_g10b50,,False,CATS,50,paths,MultiMinded,100,Balance,4.320000000006985,4.765222,7,0.954458,0.87700599999999995,4.684574,4.376061036357795,3.1482526363577938,3.8100051087998184,1,10,9,67,33
76,10,29,LinearHeuristicAuction,0.2,0.04,,True,,1000,10800,cats_path_g10b50,,False,CATS,50,paths,MultiMinded,32,Balance,1.429999999993015,6.904471,9,1.28641,1.1137699999999999,6.652758,5.6178742710891916,3.8358422710891906,5.3802999106071745,1,9,4,76,39
77,10,20,LinearHeuristicAuction,0.2,0.04,,True,,1000,10800,cats_path_g10b50,,False,CATS,50,paths,MultiMinded,223,Balance,9.520000000018626,3.7830920000000003,7,0.987819,0.58873500000000001,3.7830920000000003,3.4353266846483299,2.61109768464833,3.0798801085170027,1,10,7,67,30
78,10,31,LinearHeuristicAuction,0.2,0.04,,True,,1000,10800,cats_path_g10b50,,False,CATS,50,paths,MultiMinded,54,Balance,2.5599999999976717,6.355665,9,1.59706,0.92678550000000004,6.355665,6.0848729845803105,4.41665908458031,4.8703173183038011,1,10,1,80,41
79,10,26,LinearHeuristicAuction,0.2,0.04,,True,,1000,10800,cats_path_g10b50,,False,CATS,50,paths,MultiMinded,622,Balance,26.989999999990687,6.17396,9,1.51269,0.757185,6.17396,5.4035099637334874,4.0806083067796219,5.0017313029049459,1,10,2,69,36
80,10,28,LinearHeuristicAuction,0.2,0.04,,True,,1000,10800,cats_path_g10b50,,False,CATS,50,paths,MultiMinded,106,Balance,4.580000000016298,6.124957,9,1.1598,0.90218600000000004,5.916146,5.6778352663384322,4.0539004663384315,4.5411052097712989,1,10,3,70,38
81,10,27,LinearHeuristicAuction,0.2,0.04,,True,,1000,10800,cats_path_g10b50,,False,CATS,50,paths,MultiMinded,206,Balance,9.210000000020955,6.033706,7,1.09603,0.84438299999999999,6.033706,5.0726360127920298,3.8904998127920321,5.0124619540034629,1,10,2,73,37
82,10,40,LinearHeuristicAuction,0.2,0.04,,True,,1000,10800,cats_path_g10b50,,False,CATS,50,paths,MultiMinded,106,Balance,5.03000000002794,7.125598999999999,10,1.12357,0.66202150000000004,7.085456000000001,6.3755866919157231,5.0515436919157217,5.8937855075293042,1,10,2,80,50
83,10,29,LinearHeuristicAuction,0.2,0.04,,True,,1000,10800,cats_path_g10b50,,False,CATS,50,paths,MultiMinded,56,Balance,2.4300000000512227,4.406853099999999,8,0.788029,0.64298299999999997,4.244165,3.9203101623962588,2.8915373623962592,3.6592534857080912,1,10,10,70,39
84,10,23,LinearHeuristicAuction,0.2,0.04,,True,,1000,10800,cats_path_g10b50,,False,CATS,50,paths,MultiMinded,54,Balance,2.179999999993015,4.1736754000000005,8,0.851051,0.68298999999999999,4.127139000000001,2.8550446282010267,2.0199141225341126,3.5764276727842903,1,10,8,62,33
85,10,26,LinearHeuristicAuction,0.2,0.04,,True,,1000,10800,cats_path_g10b50,,False,CATS,50,paths,MultiMinded,122,Balance,5.029999999969732,6.722310500000001,10,1.11978,0.81925350000000008,6.712860500000001,6.0735940507004571,4.4350870507004565,5.274176843314172,1,10,3,67,36
86,10,25,LinearHeuristicAuction,0.2,0.04,,True,,1000,10800,cats_path_g10b50,,False,CATS,50,paths,MultiMinded,272,Balance,11.769999999960419,6.8755869999999994,10,1.01302,0.62419199999999997,6.8755869999999994,3.1756345444003187,2.176927344400319,6.0012986304520588,1,10,1,68,35
87,10,19,LinearHeuristicAuction,0.2,0.04,,True,,1000,10800,cats_path_g10b50,,False,CATS,50,paths,MultiMinded,74,Balance,3.25,7.4913935,11,0.90213,0.84762199999999999,7.360207399999999,2.7774180163812865,1.5552324452312292,6.7812565921889485,1,9,8,60,29
88,10,24,LinearHeuristicAuction,0.2,0.04,,True,,1000,10800,cats_path_g10b50,,False,CATS,50,paths,MultiMinded,102,Balance,4.39000000001397,6.671337600000001,8,1.23763,0.97929250000000001,6.469883000000001,5.2148752230529176,3.6480072230529186,5.4346630875655855,1,10,7,69,34
89,10,30,LinearHeuristicAuction,0.2,0.04,,True,,1000,10800,cats_path_g10b50,,False,CATS,50,paths,MultiMinded,61,Balance,2.6600000000325963,4.893484,9,0.957818,0.66029399999999994,4.893484,3.6972467704794338,2.640776370479434,4.2030133266839886,1,9,11,70,40
90,10,24,LinearHeuristicAuction,0.2,0.04,,True,,1000,10800,cats_path_g10b50,,False,CATS,50,paths,MultiMinded,164,Balance,6.75,4.9815499999999995,8,1.03037,0.59696149999999992,4.9815499999999995,4.1679839553778253,3.2128455553778257,4.2681786587325119,1,10,3,67,34
91,10,26,LinearHeuristicAuction,0.2,0.04,,True,,1000,10800,cats_path_g10b50,,False,CATS,50,paths,MultiMinded,413,Balance,18.57999999995809,5.608700000000001,7,1.15219,0.65921200000000002,5.475143000000001,4.7610475314903855,3.8381507314903853,4.7938463928197255,1,10,7,70,36
92,10,29,LinearHeuristicAuction,0.2,0.04,,True,,1000,10800,cats_path_g10b50,,False,CATS,50,paths,MultiMinded,27,Balance,1.150000000023283,6.734538,7,1.30249,1.03973,6.5861979999999996,5.7294853076124426,4.2916039180066825,5.9967326907801732,1,10,10,69,39
93,10,36,LinearHeuristicAuction,0.2,0.04,,True,,1000,10800,cats_path_g10b50,,False,CATS,50,paths,MultiMinded,60,Balance,2.830000000016298,5.941976,7,1.19352,0.81540649999999992,5.789747,5.5075984933464195,4.3660293933464187,5.0668178160523336,1,10,7,77,46
94,10,36,LinearHeuristicAuction,0.2,0.04,,True,,1000,10800,cats_path_g10b50,,False,CATS,50,paths,MultiMinded,77,Balance,3.5599999999976717,6.659274999999999,10,1.32087,0.72828700000000002,6.635954999999999,6.1625600939080316,4.70598609390803,5.2897322095256758,1,10,2,78,46
95,10,20,LinearHeuristicAuction,0.2,0.04,,True,,1000,10800,cats_path_g10b50,,False,CATS,50,paths,MultiMinded,23,Balance,0.8900000000139698,5.242984999999999,7,0.986125,0.95783799999999997,5.242984999999999,3.4956867056327092,2.335382554743981,4.53418267037787,1,10,9,61,30
96,10,27,LinearHeuristicAuction,0.2,0.04,,True,,1000,10800,cats_path_g10b50,,False,CATS,50,paths,MultiMinded,48,Balance,2.0200000000186265,5.968370999999999,8,1.36717,0.912686,5.886269,5.3832221487087155,3.9364847553964091,4.7650172347423823,1,10,2,72,37
97,10,40,LinearHeuristicAuction,0.2,0.04,,True,,1000,10800,cats_path_g10b50,,False,CATS,50,paths,MultiMinded,143,Balance,7.039999999979045,5.874736,9,1.39812,0.64802099999999996,5.874736,5.4188919381932212,4.2524541381932206,4.835766923376104,1,10,1,84,50
98,10,29,LinearHeuristicAuction,0.2,0.04,,True,,1000,10800,cats_path_g10b50,,False,CATS,50,paths,MultiMinded,165,Balance,7.419999999983702,8.221217,9,1.32075,0.95510399999999995,8.202357,7.0472317818337258,5.3280445818337263,6.7031695431554983,1,10,5,71,39
99,10,24,LinearHeuristicAuction,0.2,0.04,,True,,1000,10800,cats_path_g10b50,,False,CATS,50,paths,MultiMinded,163,Balance,6.7700000000186265,4.068553,8,0.837895,0.57574999999999998,4.068553,3.6622613077701098,2.7410613077701105,3.3444222102767993,1,10,6,66,34
100,10,26,LinearHeuristicAuction,0.2,0.04,,True,,1000,10800,cats_path_g10b50,,False,CATS,50,paths,MultiMinded,293,Balance,12.67000000004191,5.4685310000000005,9,1.22663,0.78226099999999998,5.359288,4.9855940707411195,3.5775242707411201,4.1074812166621353,1,10,5,71,36
