idx,items,agents,auction_class,epsilon,stepc,epoch,scalebyvalue,reserve_type,maxiter,maxtime,generator_param_name,personalized,int_prices,generator,bids,distribution,type,rounds,status,runtime,efficient_value,final_num_winners,final_max_agent_value,final_scalevalue,final_value,final_total_price,final_revenue,final_indirect_util,final_price_degree,final_price_sparsity,final_imbalance,final_wd_nvars,final_wd_ncons
1,10,41,LinearHeuristicAuction,0.05,0.02,,True,,1000,10800,cats_path_g10b50,,False,CATS,50,paths,MultiMinded,1000,MaxIter,49.72999999998137,5.1295980000000005,9,1.05837,0.48806749999999999,4.686425,3.8758441655243163,3.243140931897361,4.7696592888650233,1,10,4,82,51
2,10,32,LinearHeuristicAuction,0.05,0.02,,True,,1000,10800,cats_path_g10b50,,False,CATS,50,paths,MultiMinded,999,Balance,44.9199999999837,5.881798,9,0.89658,0.700376,5.881798,4.4869680398180307,4.2068176398180306,5.6384309983268102,1,9,7,73,42
3,10,23,LinearHeuristicAuction,0.05,0.02,,True,,1000,10800,cats_path_g10b50,,False,CATS,50,paths,MultiMinded,949,Balance,40.53000000002794,6.1772789999999995,8,1.4872,0.84460199999999996,6.1772789999999995,5.5349874023673742,5.1971466023673738,5.88180563869496,1,10,8,71,33
4,10,24,LinearHeuristicAuction,0.05,0.02,,True,,1000,10800,cats_path_g10b50,,False,CATS,50,paths,MultiMinded,108,Balance,4.380000000004657,5.0370452,8,0.92099,0.79058200000000001,5.0370452,3.6572044809701838,3.3409716809701835,4.7665016742771424,1,10,8,67,34
5,10,34,LinearHeuristicAuction,0.05,0.02,,True,,1000,10800,cats_path_g10b50,,False,CATS,50,paths,MultiMinded,617,Balance,27.869999999995343,6.641525,9,1.19553,0.74441100000000004,6.641525,6.3450730934799751,6.0100881434799769,6.3066650931629757,1,10,4,77,44
6,10,26,LinearHeuristicAuction,0.05,0.02,,True,,1000,10800,cats_path_g10b50,,False,CATS,50,paths,MultiMinded,1000,MaxIter,44.20999999996275,7.117255999999999,9,1.27499,1.03579,6.8095799999999995,6.302131529961553,4.6128240234101741,5.4865440725679866,1,10,4,70,36
7,10,30,LinearHeuristicAuction,0.05,0.02,,True,,1000,10800,cats_path_g10b50,,False,CATS,50,paths,MultiMinded,812,Balance,35.90000000002328,5.604355000000001,10,0.860832,0.57241200000000003,5.604355000000001,3.8731676538733137,3.6442028538733138,5.4047642070255915,1,10,8,71,40
8,10,29,LinearHeuristicAuction,0.05,0.02,,True,,1000,10800,cats_path_g10b50,,False,CATS,50,paths,MultiMinded,253,Balance,10.950000000011642,4.14936,8,1.21473,0.53942699999999999,4.14936,3.9581937858976004,3.7424229858975999,3.9619036942207706,1,10,6,72,39
9,10,34,LinearHeuristicAuction,0.05,0.02,,True,,1000,10800,cats_path_g10b50,,False,CATS,50,paths,MultiMinded,238,Balance,10.85999999998603,8.312487,10,1.40383,1.19224,8.312487,7.5674697821183301,6.971349782118331,7.7949566819592695,1,10,2,76,44
10,10,35,LinearHeuristicAuction,0.05,0.02,,True,,1000,10800,cats_path_g10b50,,False,CATS,50,paths,MultiMinded,301,Balance,13.89000000001397,5.813495100000001,9,1.32539,0.73520450000000004,5.813495100000001,5.2675491676548285,4.9367071426548277,5.5190823489628773,1,10,1,77,45
11,10,32,LinearHeuristicAuction,0.05,0.02,,True,,1000,10800,cats_path_g10b50,,False,CATS,50,paths,MultiMinded,217,Balance,9.809999999997672,5.665188000000001,8,0.988013,0.84758449999999996,5.665188000000001,5.2458097193341384,4.9067759193341374,5.3736734574922735,1,10,6,76,42
12,10,31,LinearHeuristicAuction,0.05,0.02,,True,,1000,10800,cats_path_g10b50,,False,CATS,50,paths,MultiMinded,448,Balance,20.459999999962747,5.822862,8,1.20008,0.80469999999999997,5.822862,4.9331320399566723,4.6112520399566721,5.5405396555936095,1,10,1,73,41
13,10,24,LinearHeuristicAuction,0.05,0.02,,True,,1000,10800,cats_path_g10b50,,False,CATS,50,paths,MultiMinded,723,Balance,31.039999999979045,5.960460200000001,9,1.3072,0.85787999999999998,5.960460200000001,5.373382218702849,4.9873362187028469,5.6158497157257496,1,10,4,69,34
14,10,17,LinearHeuristicAuction,0.05,0.02,,True,,1000,10800,cats_path_g10b50,,False,CATS,50,paths,MultiMinded,1000,MaxIter,40.30999999999767,5.653834,8,0.86218,0.82208099999999995,5.484555,3.2036007041642485,2.675820477047302,5.2967576442719784,1,10,5,61,27
15,10,33,LinearHeuristicAuction,0.05,0.02,,True,,1000,10800,cats_path_g10b50,,False,CATS,50,paths,MultiMinded,683,Balance,30.520000000018626,5.368371,10,1.226,0.410271,5.368371,4.908365853526548,4.7032303535265481,5.1837325214871948,1,10,1,74,43
16,10,34,LinearHeuristicAuction,0.05,0.02,,True,,1000,10800,cats_path_g10b50,,False,CATS,50,paths,MultiMinded,913,Balance,41.70000000001164,6.969046,10,1.43412,0.68306999999999995,6.969046,5.7807464583567887,5.4694788768087781,6.6577784184519899,1,10,0,76,44
17,10,30,LinearHeuristicAuction,0.05,0.02,,True,,1000,10800,cats_path_g10b50,,False,CATS,50,paths,MultiMinded,402,Balance,17.639999999955762,6.379521,9,1.33671,0.75658099999999995,6.379521,5.8176352878567474,5.4771738378567472,6.0390595499999993,1,10,0,73,40
18,10,28,LinearHeuristicAuction,0.05,0.02,,True,,1000,10800,cats_path_g10b50,,False,CATS,50,paths,MultiMinded,402,Balance,17.160000000032596,3.7659457999999995,10,0.809737,0.424898,3.7659457999999995,3.3457155397498934,3.1332665397498922,3.5743833941114938,1,10,1,70,38
19,10,29,LinearHeuristicAuction,0.05,0.02,,True,,1000,10800,cats_path_g10b50,,False,CATS,50,paths,MultiMinded,229,Balance,9.85999999998603,5.399328000000001,9,0.984412,0.88883350000000005,5.364363000000001,4.672936240439781,4.2729611654397814,5.0779638196034984,1,10,5,71,39
20,10,31,LinearHeuristicAuction,0.05,0.02,,True,,1000,10800,cats_path_g10b50,,False,CATS,50,paths,MultiMinded,269,Balance,12.5,5.347376,9,1.11574,0.85649200000000003,5.344033,3.997944217954152,3.6553474179541516,5.0363483509048921,1,9,3,74,41
21,10,33,LinearHeuristicAuction,0.05,0.02,,True,,1000,10800,cats_path_g10b50,,False,CATS,50,paths,MultiMinded,1000,MaxIter,46.78000000002794,6.346977999999999,8,1.04535,0.887351,6.232367999999999,5.2435683294520468,4.8886279294520474,6.0290874469970053,1,10,7,77,43
22,10,29,LinearHeuristicAuction,0.05,0.02,,True,,1000,10800,cats_path_g10b50,,False,CATS,50,paths,MultiMinded,1000,MaxIter,46.54999999998836,3.679525,7,0.81347,0.62753999999999999,3.5176040000000004,3.3761180318943005,2.735014327528118,3.0840537083981507,1,10,5,76,39
23,10,33,LinearHeuristicAuction,0.05,0.02,,True,,1000,10800,cats_path_g10b50,,False,CATS,50,paths,MultiMinded,549,Balance,25.21999999997206,6.968433999999999,9,1.11046,0.85569899999999999,6.968433999999999,6.0376790817562682,5.652614531756269,6.5899685705995292,1,10,1,75,43
24,10,26,LinearHeuristicAuction,0.05,0.02,,True,,1000,10800,cats_path_g10b50,,False,CATS,50,paths,MultiMinded,873,Balance,37.259999999951106,5.079491000000001,8,0.912266,0.59736,5.079491000000001,4.3980554441043331,4.159111444104334,4.8718915378399066,1,10,7,69,36
25,10,23,LinearHeuristicAuction,0.05,0.02,,True,,1000,10800,cats_path_g10b50,,False,CATS,50,paths,MultiMinded,735,Balance,29.869999999995343,5.799925999999999,9,0.932562,0.85897900000000005,5.788068,5.4836186354299903,5.09707808542999,5.455420728172145,1,10,8,68,33
26,10,22,LinearHeuristicAuction,0.05,0.02,,True,,1000,10800,cats_path_g10b50,,False,CATS,50,paths,MultiMinded,253,Balance,10.630000000004657,7.226532999999999,9,1.05046,0.94945649999999993,7.226532999999999,3.498891075383217,3.1665813003832173,6.9066198995736254,1,9,9,68,32
27,10,33,LinearHeuristicAuction,0.05,0.02,,True,,1000,10800,cats_path_g10b50,,False,CATS,50,paths,MultiMinded,580,Balance,28.320000000006985,5.22312,8,1.38199,0.74170000000000003,5.22312,4.7926817852172059,4.4960017852172065,4.963210831265096,1,10,1,78,43
28,10,38,LinearHeuristicAuction,0.05,0.02,,True,,1000,10800,cats_path_g10b50,,False,CATS,50,paths,MultiMinded,404,Balance,20.149999999965075,7.158904,10,1.38531,1.05223,7.109398,6.5874028447788859,6.0612878447788852,6.6357848191499125,1,10,4,85,48
29,10,22,LinearHeuristicAuction,0.05,0.02,,True,,1000,10800,cats_path_g10b50,,False,CATS,50,paths,MultiMinded,1000,MaxIter,41.35999999998603,5.222893,7,1.14292,0.81835199999999997,5.013075,4.6281433004240728,4.3417201004240731,5.1030481958413532,1,10,7,64,32
30,10,26,LinearHeuristicAuction,0.05,0.02,,True,,1000,10800,cats_path_g10b50,,False,CATS,50,paths,MultiMinded,393,Balance,16.300000000046566,8.367289,12,1.00864,0.79848300000000005,8.323031,4.4437702235558074,4.124377023555807,8.0833647943728106,1,10,7,65,36
31,10,34,LinearHeuristicAuction,0.05,0.02,,True,,1000,10800,cats_path_g10b50,,False,CATS,50,paths,MultiMinded,1000,MaxIter,45.820000000006985,7.570106999999999,9,1.56629,0.87534100000000004,7.570106999999999,6.4880510553660606,6.0941476053660608,7.5055842759293396,1,10,4,76,44
32,10,22,LinearHeuristicAuction,0.05,0.02,,True,,1000,10800,cats_path_g10b50,,False,CATS,50,paths,MultiMinded,995,Balance,41.21999999997206,5.8430159999999995,7,0.990041,0.83248200000000006,5.8430159999999995,4.9242146667959545,4.6328459667959532,5.5957832192356518,1,10,7,65,32
33,10,23,LinearHeuristicAuction,0.05,0.02,,True,,1000,10800,cats_path_g10b50,,False,CATS,50,paths,MultiMinded,840,Balance,35.23999999999069,5.328471,8,1.14706,0.74653400000000003,5.328471,3.9415574598696841,3.6429438598696851,5.0689453179444728,1,10,4,67,33
34,10,23,LinearHeuristicAuction,0.05,0.02,,True,,1000,10800,cats_path_g10b50,,False,CATS,50,paths,MultiMinded,349,Balance,15.190000000002328,4.414205,7,1.07941,0.93713999999999997,4.414205000000001,3.5192617827346684,3.1912627827346682,4.0924304250201846,1,10,4,70,33
35,10,25,LinearHeuristicAuction,0.05,0.02,,True,,1000,10800,cats_path_g10b50,,False,CATS,50,paths,MultiMinded,1000,MaxIter,44.54999999998836,6.118125,7,1.03776,0.84872099999999995,5.922937999999999,5.3039625616318311,5.0069102116318307,5.9618537336480104,1,10,5,72,35
36,10,20,LinearHeuristicAuction,0.05,0.02,,True,,1000,10800,cats_path_g10b50,,False,CATS,50,paths,MultiMinded,93,Balance,4.149999999965075,2.51735,8,0.765931,0.744537,2.51735,2.1329976360870653,1.8724096860870654,2.3299962762177882,1,9,2,66,30
37,10,33,LinearHeuristicAuction,0.05,0.02,,True,,1000,10800,cats_path_g10b50,,False,CATS,50,paths,MultiMinded,349,Balance,16.130000000004657,6.394280999999999,9,1.32219,0.90059900000000004,6.394280999999999,5.7736404330835471,5.3683708830835473,5.9890114499999996,1,10,0,76,43
38,10,37,LinearHeuristicAuction,0.05,0.02,,True,,1000,10800,cats_path_g10b50,,False,CATS,50,paths,MultiMinded,622,Balance,30.90999999997439,4.9241600000000005,8,1.27538,0.75259950000000009,4.9241600000000005,4.4553059808555542,4.1542661808555534,4.6593655521136208,1,10,4,82,47
39,10,36,LinearHeuristicAuction,0.05,0.02,,True,,1000,10800,cats_path_g10b50,,False,CATS,50,paths,MultiMinded,405,Balance,19.46999999997206,7.180720999999999,10,1.37975,0.95457900000000007,7.180720999999999,6.5435485340785746,6.0662590340785751,6.7508650737345253,1,10,1,78,46
40,10,24,LinearHeuristicAuction,0.05,0.02,,True,,1000,10800,cats_path_g10b50,,False,CATS,50,paths,MultiMinded,372,Balance,15.029999999969732,7.3709551,10,1.05191,0.99338300000000002,7.3709551,6.4441070921696415,5.9474155921696426,6.9605042852904839,1,10,13,65,34
41,10,20,LinearHeuristicAuction,0.05,0.02,,True,,1000,10800,cats_path_g10b50,,False,CATS,50,paths,MultiMinded,578,Balance,24.14000000001397,11.936720999999999,10,1.66283,1.30715,11.936720999999999,7.2483678945832857,6.7908653945832844,11.479501236092275,1,10,8,67,30
42,10,35,LinearHeuristicAuction,0.05,0.02,,True,,1000,10800,cats_path_g10b50,,False,CATS,50,paths,MultiMinded,778,Balance,35.289999999979045,5.98905,10,1.26887,0.57787949999999999,5.98905,5.7552441576072839,5.4663044076072831,5.7001102499999998,1,10,0,77,45
43,10,34,LinearHeuristicAuction,0.05,0.02,,True,,1000,10800,cats_path_g10b50,,False,CATS,50,paths,MultiMinded,143,Balance,6.60999999998603,5.305578,8,1.49562,0.65433600000000003,5.305578,4.9235949613106191,4.6618605613106174,5.1118160505624246,1,10,6,75,44
44,10,24,LinearHeuristicAuction,0.05,0.02,,True,,1000,10800,cats_path_g10b50,,False,CATS,50,paths,MultiMinded,708,Balance,29.509999999951106,5.406871999999999,9,0.914107,0.79918800000000001,5.406871999999999,4.6935785074313623,4.3339439074313626,5.0885830936248526,1,10,6,67,34
45,10,33,LinearHeuristicAuction,0.05,0.02,,True,,1000,10800,cats_path_g10b50,,False,CATS,50,paths,MultiMinded,899,Balance,41.98999999999069,4.392568,7,1.04017,0.61580250000000003,4.392568,4.2284296815816713,4.0128988065816706,4.1780555134458046,1,10,6,78,43
46,10,37,LinearHeuristicAuction,0.05,0.02,,True,,1000,10800,cats_path_g10b50,,False,CATS,50,paths,MultiMinded,380,Balance,18.09000000002561,7.650231000000001,10,1.33928,0.87604700000000002,7.650231000000001,6.8884992137981866,6.4504757137981867,7.2975865371140163,1,10,2,80,47
47,10,26,LinearHeuristicAuction,0.05,0.02,,True,,1000,10800,cats_path_g10b50,,False,CATS,50,paths,MultiMinded,504,Balance,22.229999999981374,4.863733,8,1.11721,0.68613100000000005,4.847598,4.7166947082139705,4.4422423082139693,4.6140011972643551,1,10,6,72,36
48,10,40,LinearHeuristicAuction,0.05,0.02,,True,,1000,10800,cats_path_g10b50,,False,CATS,50,paths,MultiMinded,1000,MaxIter,49.050000000046566,13.668893,15,1.73275,0.850549,13.619971,5.1401518414611536,4.7574047914611546,13.675411199068382,1,10,2,78,50
49,10,25,LinearHeuristicAuction,0.05,0.02,,True,,1000,10800,cats_path_g10b50,,False,CATS,50,paths,MultiMinded,1000,MaxIter,42.98000000003958,4.105134,8,0.775577,0.59589599999999998,4.105134,3.900067640396693,3.6617092403966938,3.9272690187679582,1,10,4,69,35
50,10,43,LinearHeuristicAuction,0.05,0.02,,True,,1000,10800,cats_path_g10b50,,False,CATS,50,paths,MultiMinded,653,Balance,33.19000000000233,7.516903,10,1.3359,0.92906500000000003,7.497962,7.1727096242665702,6.7081771242665704,7.0797591666031288,1,10,1,86,53
51,10,23,LinearHeuristicAuction,0.05,0.02,,True,,1000,10800,cats_path_g10b50,,False,CATS,50,paths,MultiMinded,389,Balance,16.05999999999767,3.8581627999999997,8,0.728995,0.60365150000000001,3.8581627999999997,3.4628054841648854,3.2213448841648851,3.6432513940777422,1,10,11,68,33
52,10,28,LinearHeuristicAuction,0.05,0.02,,True,,1000,10800,cats_path_g10b50,,False,CATS,50,paths,MultiMinded,256,Balance,10.989999999990687,6.103176,9,1.01863,0.782582,6.103176,5.4410662010052029,5.0889043010052042,5.7861701533445542,1,10,5,74,38
53,10,26,LinearHeuristicAuction,0.05,0.02,,True,,1000,10800,cats_path_g10b50,,False,CATS,50,paths,MultiMinded,325,Balance,13.5,9.548895000000002,10,1.84651,1.2191000000000001,9.548895000000002,7.3655347087333789,6.8114609885337467,9.0368478370394953,1,10,4,66,36
54,10,30,LinearHeuristicAuction,0.05,0.02,,True,,1000,10800,cats_path_g10b50,,False,CATS,50,paths,MultiMinded,791,Balance,35.350000000034925,3.5444180000000003,9,0.62406,0.46356900000000001,3.5444180000000003,3.1786586866153921,2.9700526366153919,3.3363900759977452,1,10,6,72,40
55,10,24,LinearHeuristicAuction,0.05,0.02,,True,,1000,10800,cats_path_g10b50,,False,CATS,50,paths,MultiMinded,672,Balance,28.100000000034925,5.614495000000001,8,1.03261,0.81608499999999995,5.614495000000001,5.1883184326522702,4.8618844326522703,5.3016381719027237,1,10,7,67,34
56,10,26,LinearHeuristicAuction,0.05,0.02,,True,,1000,10800,cats_path_g10b50,,False,CATS,50,paths,MultiMinded,425,Balance,18.369999999995343,5.021542,8,1.22335,0.86009449999999998,5.0143097,4.8330891243976364,4.4890513243976358,4.7162447313304368,1,10,8,72,36
57,10,29,LinearHeuristicAuction,0.05,0.02,,True,,1000,10800,cats_path_g10b50,,False,CATS,50,paths,MultiMinded,526,Balance,23.270000000018626,5.662903,9,1.20543,0.7060765,5.648968999999999,4.9243408407870062,4.6066064157870059,5.3811082571646942,1,10,2,72,39
58,10,32,LinearHeuristicAuction,0.05,0.02,,True,,1000,10800,cats_path_g10b50,,False,CATS,50,paths,MultiMinded,461,Balance,21.419999999983702,5.435453000000001,8,1.10141,0.84788050000000004,5.435453000000001,4.9681832108187853,4.6290310108187853,5.0973768105151294,1,10,1,78,42
59,10,31,LinearHeuristicAuction,0.05,0.02,,True,,1000,10800,cats_path_g10b50,,False,CATS,50,paths,MultiMinded,694,Balance,31.65999999997439,7.500881000000001,9,1.37858,1.0170600000000001,7.500881000000001,6.8925104578262575,6.4348334578262572,7.0937799304367255,1,10,1,74,41
60,10,18,LinearHeuristicAuction,0.05,0.02,,True,,1000,10800,cats_path_g10b50,,False,CATS,50,paths,MultiMinded,75,Balance,2.9500000000116415,3.938055,7,1.01239,0.77787200000000001,3.938055,2.9136545718539755,2.641399371853975,3.710009247061679,1,10,9,62,28
61,10,39,LinearHeuristicAuction,0.05,0.02,,True,,1000,10800,cats_path_g10b50,,False,CATS,50,paths,MultiMinded,595,Balance,28.599999999976717,6.514431,10,1.15445,0.68256899999999998,6.514431,5.6871123008487672,5.3458278008487667,6.1731473611933438,1,10,0,81,49
62,10,24,LinearHeuristicAuction,0.05,0.02,,True,,1000,10800,cats_path_g10b50,,False,CATS,50,paths,MultiMinded,1000,MaxIter,45.14000000001397,5.874828,8,1.13322,0.74950450000000002,5.772769,4.6263724435140254,3.7883945164510817,5.5489475852076691,1,10,7,66,34
63,10,26,LinearHeuristicAuction,0.05,0.02,,True,,1000,10800,cats_path_g10b50,,False,CATS,50,paths,MultiMinded,1000,MaxIter,40.88000000000466,10.817572,16,1.05624,0.85327799999999998,10.791586,4.3438625850406529,3.5795116228680737,10.180709172097318,1,10,2,62,36
64,10,15,LinearHeuristicAuction,0.05,0.02,,True,,1000,10800,cats_path_g10b50,,False,CATS,50,paths,MultiMinded,188,Balance,8.210000000020955,4.3252115,8,1.18924,0.88682499999999997,4.2922855,3.6762835728503522,3.3465617092548432,4.0326729220855633,1,10,16,66,25
65,10,35,LinearHeuristicAuction,0.05,0.02,,True,,1000,10800,cats_path_g10b50,,False,CATS,50,paths,MultiMinded,944,Balance,43.65000000002328,9.498291,10,1.37422,0.81186400000000003,9.498291,6.3449612031531268,6.0155967943781947,9.2090312439492052,1,10,2,75,45
66,10,22,LinearHeuristicAuction,0.05,0.02,,True,,1000,10800,cats_path_g10b50,,False,CATS,50,paths,MultiMinded,652,Balance,27.660000000032596,6.527464,7,1.20805,0.92267349999999992,6.527464,5.5196058713539804,5.1966701463539806,6.2564285482490902,1,10,7,67,32
67,10,31,LinearHeuristicAuction,0.05,0.02,,True,,1000,10800,cats_path_g10b50,,False,CATS,50,paths,MultiMinded,843,Balance,37.84999999997672,4.99912,8,0.980804,0.62215900000000002,4.99912,4.7082273039450309,4.4593637039450309,4.7516327254279416,1,10,7,75,41
68,10,21,LinearHeuristicAuction,0.05,0.02,,True,,1000,10800,cats_path_g10b50,,False,CATS,50,paths,MultiMinded,425,Balance,18.580000000016298,4.354444,7,1.10844,0.58718800000000004,4.354444,3.9638975339505125,3.7583817339505123,4.1550213941385463,1,10,15,68,31
69,10,31,LinearHeuristicAuction,0.05,0.02,,True,,1000,10800,cats_path_g10b50,,False,CATS,50,paths,MultiMinded,939,Balance,42.4199999999837,4.638021,8,0.932286,0.72681200000000001,4.638021,4.4120420188666669,4.1213172188666674,4.3478415984182694,1,10,4,77,41
70,10,32,LinearHeuristicAuction,0.05,0.02,,True,,1000,10800,cats_path_g10b50,,False,CATS,50,paths,MultiMinded,796,Balance,36.47999999998137,5.529561,10,0.883645,0.71283099999999999,5.505921,5.0368774705179327,4.6804619705179347,5.184939927116714,1,10,1,75,42
71,10,29,LinearHeuristicAuction,0.05,0.02,,True,,1000,10800,cats_path_g10b50,,False,CATS,50,paths,MultiMinded,755,Balance,33.34999999997672,3.8155849999999996,8,0.722118,0.584781,3.799984,3.5461104587601548,3.3121980587601545,3.611237450091445,1,10,5,73,39
72,10,23,LinearHeuristicAuction,0.05,0.02,,True,,1000,10800,cats_path_g10b50,,False,CATS,50,paths,MultiMinded,704,Balance,29.400000000023283,4.337076,9,1.09941,0.63108900000000001,4.337076,4.0280414213739597,3.7440513713739616,4.0849110860000986,1,10,4,65,33
73,10,23,LinearHeuristicAuction,0.05,0.02,,True,,1000,10800,cats_path_g10b50,,False,CATS,50,paths,MultiMinded,215,Balance,8.910000000032596,4.733565,7,1.17805,0.79788950000000003,4.733565,4.4562092255839287,4.1769479005839285,4.4959692111358596,1,10,7,66,33
74,10,28,LinearHeuristicAuction,0.05,0.02,,True,,1000,10800,cats_path_g10b50,,False,CATS,50,paths,MultiMinded,400,Balance,17.54999999998836,4.250006,8,0.944433,0.60220899999999999,4.232692999999999,4.0432964859758469,3.8024128859758468,4.0252465136260422,1,10,5,73,38
75,10,23,LinearHeuristicAuction,0.05,0.02,,True,,1000,10800,cats_path_g10b50,,False,CATS,50,paths,MultiMinded,601,Balance,25.869999999995343,4.765222,7,0.954458,0.87700599999999995,4.765222,4.4876592448830399,4.1807071448830406,4.5035801886681757,1,10,6,71,33
76,10,29,LinearHeuristicAuction,0.05,0.02,,True,,1000,10800,cats_path_g10b50,,False,CATS,50,paths,MultiMinded,160,Balance,7.259999999951106,6.904471,9,1.28641,1.1137699999999999,6.904471,5.609451890307585,5.1639438903075865,6.487676759940749,1,9,6,76,39
77,10,20,LinearHeuristicAuction,0.05,0.02,,True,,1000,10800,cats_path_g10b50,,False,CATS,50,paths,MultiMinded,1000,MaxIter,42.48999999999069,3.7830920000000003,7,0.987819,0.58873500000000001,3.7830920000000003,3.4786561150464523,3.272598865046453,3.6728357121123927,1,10,4,67,30
78,10,31,LinearHeuristicAuction,0.05,0.02,,True,,1000,10800,cats_path_g10b50,,False,CATS,50,paths,MultiMinded,339,Balance,16.160000000032596,6.355665,9,1.59706,0.92678550000000004,6.355665,6.0768149410541525,5.6597614660541531,5.9839709349598316,1,10,1,80,41
79,10,26,LinearHeuristicAuction,0.05,0.02,,True,,1000,10800,cats_path_g10b50,,False,CATS,50,paths,MultiMinded,1000,MaxIter,43.05999999999767,6.17396,9,1.51269,0.757185,6.17396,4.84924197457239,4.5085087245723887,6.2409119737566332,1,10,2,68,36
80,10,28,LinearHeuristicAuction,0.05,0.02,,True,,1000,10800,cats_path_g10b50,,False,CATS,50,paths,MultiMinded,362,Balance,15.580000000016298,6.124957,9,1.1598,0.90218600000000004,6.124957,5.6353529581183111,5.2293692581183109,5.7505024911820186,1,10,6,70,38
81,10,27,LinearHeuristicAuction,0.05,0.02,,True,,1000,10800,cats_path_g10b50,,False,CATS,50,paths,MultiMinded,1000,MaxIter,44.38000000000466,6.033706,7,1.09603,0.84438299999999999,5.812855,5.169620431266079,3.9608782682988748,4.949222906159453,1,10,3,73,37
82,10,40,LinearHeuristicAuction,0.05,0.02,,True,,1000,10800,cats_path_g10b50,,False,CATS,50,paths,MultiMinded,544,Balance,26.320000000006985,7.125598999999999,10,1.12357,0.66202150000000004,7.125598999999999,6.4538983941118957,6.1228876441118949,6.7945882499999994,1,10,0,82,50
83,10,29,LinearHeuristicAuction,0.05,0.02,,True,,1000,10800,cats_path_g10b50,,False,CATS,50,paths,MultiMinded,331,Balance,14.5,4.406853099999999,9,0.788029,0.64298299999999997,4.3997201,4.05282660879113,3.7634842587911304,4.1419496388487556,1,10,1,72,39
84,10,23,LinearHeuristicAuction,0.05,0.02,,True,,1000,10800,cats_path_g10b50,,False,CATS,50,paths,MultiMinded,430,Balance,17.60999999998603,4.1736754000000005,9,0.851051,0.68298999999999999,4.1583984,2.8665605816861435,2.6197428288526869,3.9477064836335192,1,10,6,63,33
85,10,26,LinearHeuristicAuction,0.05,0.02,,True,,1000,10800,cats_path_g10b50,,False,CATS,50,paths,MultiMinded,878,Balance,36.4199999999837,6.722310500000001,10,1.11978,0.81925350000000008,6.722310500000001,6.2068234160445366,5.7971966660445373,6.3531696646442422,1,10,1,68,36
86,10,25,LinearHeuristicAuction,0.05,0.02,,True,,1000,10800,cats_path_g10b50,,False,CATS,50,paths,MultiMinded,1000,MaxIter,43.04999999998836,6.8755869999999994,10,1.01302,0.62419199999999997,6.510330999999999,3.1261038472507217,2.8764270472507221,6.7548940581591808,1,10,5,68,35
87,10,19,LinearHeuristicAuction,0.05,0.02,,True,,1000,10800,cats_path_g10b50,,False,CATS,50,paths,MultiMinded,690,Balance,29.210000000020955,7.4913935,12,0.90213,0.84762199999999999,7.4913935,3.0927670758753285,2.7570615773810405,7.1991957008935064,1,9,5,65,29
88,10,24,LinearHeuristicAuction,0.05,0.02,,True,,1000,10800,cats_path_g10b50,,False,CATS,50,paths,MultiMinded,574,Balance,24.5,6.671337600000001,9,1.23763,0.97929250000000001,6.671337600000001,5.5598202999858506,5.1191386749858507,6.2774122369417356,1,10,2,70,34
89,10,30,LinearHeuristicAuction,0.05,0.02,,True,,1000,10800,cats_path_g10b50,,False,CATS,50,paths,MultiMinded,648,Balance,29.25,4.893484,9,0.957818,0.66029399999999994,4.893484,3.8138272187100615,3.5497096187100619,4.6631876685501457,1,9,3,75,40
90,10,24,LinearHeuristicAuction,0.05,0.02,,True,,1000,10800,cats_path_g10b50,,False,CATS,50,paths,MultiMinded,938,Balance,38.71999999997206,4.9815499999999995,8,1.03037,0.59696149999999992,4.9815499999999995,4.4365206911634321,4.1977360911634323,4.8021525259968154,1,10,3,67,34
91,10,26,LinearHeuristicAuction,0.05,0.02,,True,,1000,10800,cats_path_g10b50,,False,CATS,50,paths,MultiMinded,1000,MaxIter,43.399999999965075,5.608700000000001,8,1.15219,0.65921200000000002,5.4552551000000005,4.5842894290801626,4.1321965555627775,5.4043241180095549,1,10,2,69,36
92,10,29,LinearHeuristicAuction,0.05,0.02,,True,,1000,10800,cats_path_g10b50,,False,CATS,50,paths,MultiMinded,176,Balance,7.650000000023283,6.734538,7,1.30249,1.03973,6.734538,6.2621512248862183,5.8982457248862188,6.5028566241924119,1,10,6,72,39
93,10,36,LinearHeuristicAuction,0.05,0.02,,True,,1000,10800,cats_path_g10b50,,False,CATS,50,paths,MultiMinded,306,Balance,14.549999999988358,5.941976,7,1.19352,0.81540649999999992,5.927713,5.7363132616741117,5.4509209866741131,5.6993229652855799,1,10,6,81,46
94,10,36,LinearHeuristicAuction,0.05,0.02,,True,,1000,10800,cats_path_g10b50,,False,CATS,50,paths,MultiMinded,325,Balance,15.160000000032596,6.659274999999999,10,1.32087,0.72828700000000002,6.659274999999999,6.1664375502026649,5.802294050202665,6.3313022433100166,1,10,1,79,46
95,10,20,LinearHeuristicAuction,0.05,0.02,,True,,1000,10800,cats_path_g10b50,,False,CATS,50,paths,MultiMinded,186,Balance,7.809999999997672,5.242984999999999,7,0.986125,0.95783799999999997,5.234794999999999,3.8589522163592385,3.5661515409148739,5.0331095007133211,1,10,14,63,30
96,10,27,LinearHeuristicAuction,0.05,0.02,,True,,1000,10800,cats_path_g10b50,,False,CATS,50,paths,MultiMinded,366,Balance,16.0,5.968370999999999,9,1.36717,0.912686,5.921723999999999,5.3991928818325858,4.9884841818325869,5.5887357975224958,1,10,2,72,37
97,10,40,LinearHeuristicAuction,0.05,0.02,,True,,1000,10800,cats_path_g10b50,,False,CATS,50,paths,MultiMinded,831,Balance,41.02999999996973,5.874736,9,1.39812,0.64802099999999996,5.874736,5.4145512438100436,5.1229417938100434,5.6154433595678457,1,10,1,83,50
98,10,29,LinearHeuristicAuction,0.05,0.02,,True,,1000,10800,cats_path_g10b50,,False,CATS,50,paths,MultiMinded,1000,MaxIter,45.73999999999069,8.221217,9,1.32075,0.95510399999999995,8.182974999999999,7.0905811270030679,6.4333151340741095,7.6263238105529982,1,10,5,72,39
99,10,24,LinearHeuristicAuction,0.05,0.02,,True,,1000,10800,cats_path_g10b50,,False,CATS,50,paths,MultiMinded,807,Balance,33.679999999993015,4.068553,9,0.837895,0.57574999999999998,4.0440249999999995,3.7732341916891099,3.5141466916891102,3.8386092809666117,1,10,3,66,34
100,10,26,LinearHeuristicAuction,0.05,0.02,,True,,1000,10800,cats_path_g10b50,,False,CATS,50,paths,MultiMinded,1000,MaxIter,43.34000000002561,5.4685310000000005,9,1.22663,0.78226099999999998,5.359288,4.9404045929587097,4.5883871429587089,5.1771964388884681,1,10,2,71,36
