idx,items,agents,auction_class,epsilon,stepc,epoch,scalebyvalue,reserve_type,maxiter,maxtime,generator_param_name,personalized,int_prices,generator,bids,distribution,type,rounds,status,runtime,efficient_value,final_num_winners,final_max_agent_value,final_scalevalue,final_value,final_total_price,final_revenue,final_indirect_util,final_price_degree,final_price_sparsity,final_imbalance,final_wd_nvars,final_wd_ncons
1,10,41,LinearSubgradientAuction,0.05,0.04,,True,,1000,10800,cats_path_g10b50,,False,CATS,50,paths,MultiMinded,638,Balance,330.3700000000099,5.1295980000000005,10,1.05837,0.48806749999999999,5.121627600000001,4.2805013364958748,4.036467586495875,4.9015122186665785,1,10,1,861,1281
2,10,32,LinearSubgradientAuction,0.05,0.04,,True,,1000,10800,cats_path_g10b50,,False,CATS,50,paths,MultiMinded,1000,MaxIter,377.41999999999825,5.881798,8,0.89658,0.700376,4.985218,4.5653706956596389,3.2351655508246062,4.5524771660104886,1,9,5,640,938
3,10,23,LinearSubgradientAuction,0.05,0.04,,True,,1000,10800,cats_path_g10b50,,False,CATS,50,paths,MultiMinded,255,Balance,73.10000000000582,6.1772789999999995,8,1.4872,0.84460199999999996,6.1772789999999995,5.5882952019057317,5.2504544019057313,5.8714512938810142,1,10,3,483,723
4,10,24,LinearSubgradientAuction,0.05,0.04,,True,,1000,10800,cats_path_g10b50,,False,CATS,50,paths,MultiMinded,1000,MaxIter,299.04000000000815,5.0370452,7,0.92099,0.79058200000000001,4.1160552,3.7256654553630923,2.3506035438975363,3.6648215120227117,1,10,6,504,754
5,10,34,LinearSubgradientAuction,0.05,0.04,,True,,1000,10800,cats_path_g10b50,,False,CATS,50,paths,MultiMinded,181,Balance,77.16000000000349,6.641525,9,1.19553,0.74441100000000004,6.641525,6.3604657951555055,6.0254808451555064,6.3115221957261074,1,10,3,714,1064
6,10,26,LinearSubgradientAuction,0.05,0.04,,True,,1000,10800,cats_path_g10b50,,False,CATS,50,paths,MultiMinded,1000,MaxIter,326.0199999999895,7.117255999999999,8,1.27499,1.03579,3.9618690000000005,6.4224244171247813,2.2365869279020187,2.9329951263739664,1,10,4,546,816
7,10,30,LinearSubgradientAuction,0.05,0.04,,True,,1000,10800,cats_path_g10b50,,False,CATS,50,paths,MultiMinded,1000,MaxIter,372.7700000000041,5.604355000000001,8,0.860832,0.57241200000000003,3.68365,3.9312779874218657,3.2023342556736707,4.8754112682518045,1,10,3,630,940
8,10,29,LinearSubgradientAuction,0.05,0.04,,True,,1000,10800,cats_path_g10b50,,False,CATS,50,paths,MultiMinded,77,Balance,27.710000000006403,4.14936,8,1.21473,0.53942699999999999,4.14936,3.9752924978520277,3.7595216978520263,3.9587736411229795,1,10,2,609,909
9,10,34,LinearSubgradientAuction,0.05,0.04,,True,,1000,10800,cats_path_g10b50,,False,CATS,50,paths,MultiMinded,61,Balance,25.669999999998254,8.312487,10,1.40383,1.19224,8.312487,7.5721318521493188,6.976011852149318,7.7971691640141554,1,10,2,714,1064
10,10,35,LinearSubgradientAuction,0.05,0.04,,True,,1000,10800,cats_path_g10b50,,False,CATS,50,paths,MultiMinded,86,Balance,37.33999999999651,5.813495100000001,9,1.32539,0.73520450000000004,5.8134951,5.2975959593842497,4.9667539343842506,5.5181524420634878,1,10,1,735,1095
11,10,32,LinearSubgradientAuction,0.05,0.04,,True,,1000,10800,cats_path_g10b50,,False,CATS,50,paths,MultiMinded,58,Balance,23.25,5.665188000000001,8,0.988013,0.84758449999999996,5.650163000000001,5.3082963529700686,4.9692625529700685,5.3523684447981967,1,10,10,672,1002
12,10,31,LinearSubgradientAuction,0.05,0.04,,True,,1000,10800,cats_path_g10b50,,False,CATS,50,paths,MultiMinded,122,Balance,47.070000000006985,5.822862,8,1.20008,0.80469999999999997,5.822862,5.0011388082235166,4.6792588082235165,5.5103629765740472,1,10,1,651,971
13,10,24,LinearSubgradientAuction,0.05,0.04,,True,,1000,10800,cats_path_g10b50,,False,CATS,50,paths,MultiMinded,251,Balance,75.3700000000099,5.960460200000001,9,1.3072,0.85787999999999998,5.960460200000001,5.4206674145875837,5.0346214145875825,5.5751254979076075,1,10,2,504,754
14,10,17,LinearSubgradientAuction,0.05,0.04,,True,,1000,10800,cats_path_g10b50,,False,CATS,50,paths,MultiMinded,494,Balance,100.19999999999709,5.653834,7,0.86218,0.82208099999999995,5.653834,3.7025310701056986,3.414802720105699,5.4117370058748246,1,9,5,340,503
15,10,33,LinearSubgradientAuction,0.05,0.04,,True,,1000,10800,cats_path_g10b50,,False,CATS,50,paths,MultiMinded,181,Balance,74.36000000000058,5.368371,10,1.226,0.410271,5.368371,4.9277744316657586,4.7226389316657587,5.1807092794593093,1,10,5,693,1033
16,10,34,LinearSubgradientAuction,0.05,0.04,,True,,1000,10800,cats_path_g10b50,,False,CATS,50,paths,MultiMinded,264,Balance,104.1299999999901,6.969046,10,1.43412,0.68306999999999995,6.969046,5.8018245300388518,5.49444303003885,6.6616644999999997,1,9,0,680,996
17,10,30,LinearSubgradientAuction,0.05,0.04,,True,,1000,10800,cats_path_g10b50,,False,CATS,50,paths,MultiMinded,102,Balance,37.970000000001164,6.379521,9,1.33671,0.75658099999999995,6.379521,5.8283323894429291,5.4878709394429288,6.0390595499999984,1,10,0,630,940
18,10,28,LinearSubgradientAuction,0.05,0.04,,True,,1000,10800,cats_path_g10b50,,False,CATS,50,paths,MultiMinded,112,Balance,39.24000000000524,3.7659457999999995,10,0.809737,0.424898,3.7659457999999995,3.352751766493129,3.1403027664931287,3.5745328917853194,1,10,1,588,878
19,10,29,LinearSubgradientAuction,0.05,0.04,,True,,1000,10800,cats_path_g10b50,,False,CATS,50,paths,MultiMinded,95,Balance,34.11000000000058,5.399328000000001,8,0.984412,0.88883350000000005,5.399328000000001,4.8391051593232115,4.4835717593232127,5.0625892767095255,1,10,6,609,909
20,10,31,LinearSubgradientAuction,0.05,0.04,,True,,1000,10800,cats_path_g10b50,,False,CATS,50,paths,MultiMinded,102,Balance,37.020000000004075,5.347376,9,1.11574,0.85649200000000003,5.347376,4.0287245488045658,3.6861277488045663,5.014231577560758,1,9,7,620,909
21,10,33,LinearSubgradientAuction,0.05,0.04,,True,,1000,10800,cats_path_g10b50,,False,CATS,50,paths,MultiMinded,314,Balance,130.30999999999767,6.346977999999999,8,1.04535,0.887351,6.346977999999999,5.3785483779129448,5.0236079779129454,5.9994224996745977,1,10,4,693,1033
22,10,29,LinearSubgradientAuction,0.05,0.04,,True,,1000,10800,cats_path_g10b50,,False,CATS,50,paths,MultiMinded,323,Balance,116.67999999999302,3.679525,7,0.81347,0.62753999999999999,3.679525,3.4709672542515877,3.2513282542515878,3.46110009177956,1,10,3,609,909
23,10,33,LinearSubgradientAuction,0.05,0.04,,True,,1000,10800,cats_path_g10b50,,False,CATS,50,paths,MultiMinded,133,Balance,53.25999999999476,6.968433999999999,9,1.11046,0.85569899999999999,6.968433999999999,5.9373147575016585,5.5522502075016593,6.6568400311125071,1,10,2,693,1033
24,10,26,LinearSubgradientAuction,0.05,0.04,,True,,1000,10800,cats_path_g10b50,,False,CATS,50,paths,MultiMinded,1000,MaxIter,328.7100000000064,5.079491000000001,7,0.912266,0.59736,4.2627299999999995,4.4491914026716488,3.1012761117987249,3.7318824399284867,1,10,6,546,816
25,10,23,LinearSubgradientAuction,0.05,0.04,,True,,1000,10800,cats_path_g10b50,,False,CATS,50,paths,MultiMinded,263,Balance,76.80999999999767,5.799925999999999,9,0.932562,0.85897900000000005,5.799925999999999,5.5303535079155948,5.1438129579155936,5.4161799203169299,1,10,2,483,723
26,10,22,LinearSubgradientAuction,0.05,0.04,,True,,1000,10800,cats_path_g10b50,,False,CATS,50,paths,MultiMinded,1000,MaxIter,278.59999999999127,7.226532999999999,6,1.05046,0.94945649999999993,3.435324,3.6003535074854822,2.0410742277410203,5.6672715017081252,1,10,10,462,692
27,10,33,LinearSubgradientAuction,0.05,0.04,,True,,1000,10800,cats_path_g10b50,,False,CATS,50,paths,MultiMinded,241,Balance,99.3700000000099,5.22312,8,1.38199,0.74170000000000003,5.22312,4.8775269608986527,4.5808469608986533,4.9264400000000013,1,10,0,693,1033
28,10,38,LinearSubgradientAuction,0.05,0.04,,True,,1000,10800,cats_path_g10b50,,False,CATS,50,paths,MultiMinded,94,Balance,45.05999999999767,7.158904,10,1.38531,1.05223,7.158904,6.6259325267252329,6.0998175267252313,6.6347116084237516,1,10,3,798,1188
29,10,22,LinearSubgradientAuction,0.05,0.04,,True,,1000,10800,cats_path_g10b50,,False,CATS,50,paths,MultiMinded,1000,MaxIter,274.3899999999994,5.222893,6,1.14292,0.81835199999999997,4.404541,4.8199494171147306,2.8725735025775467,3.2794878895900395,1,10,7,462,692
30,10,26,LinearSubgradientAuction,0.05,0.04,,True,,1000,10800,cats_path_g10b50,,False,CATS,50,paths,MultiMinded,1000,MaxIter,324.79999999998836,8.367289,8,1.00864,0.79848300000000005,4.82465,4.5099085595713655,3.4327982641356427,7.2914815882699955,1,10,7,546,816
31,10,34,LinearSubgradientAuction,0.05,0.04,,True,,1000,10800,cats_path_g10b50,,False,CATS,50,paths,MultiMinded,444,Balance,190.70999999999185,7.570106999999999,9,1.56629,0.87534100000000004,7.570106999999999,6.8643614594848241,6.4704580094848261,7.1770400689794798,1,10,3,714,1064
32,10,22,LinearSubgradientAuction,0.05,0.04,,True,,1000,10800,cats_path_g10b50,,False,CATS,50,paths,MultiMinded,1000,MaxIter,274.9400000000023,5.8430159999999995,5,0.990041,0.83248200000000006,3.9990090000000005,5.0160340245106916,2.4660763601431226,3.2982631522019612,1,10,9,462,692
33,10,23,LinearSubgradientAuction,0.05,0.04,,True,,1000,10800,cats_path_g10b50,,False,CATS,50,paths,MultiMinded,298,Balance,86.02000000000407,5.328471,8,1.14706,0.74653400000000003,5.328471,4.1018498792543614,3.803236279254361,5.0379222516969033,1,10,3,483,723
34,10,23,LinearSubgradientAuction,0.05,0.04,,True,,1000,10800,cats_path_g10b50,,False,CATS,50,paths,MultiMinded,1000,MaxIter,293.20000000001164,4.414205,7,1.07941,0.93713999999999997,2.4969,3.5477392756546697,1.8545331517950745,2.7303019178324597,1,10,4,483,723
35,10,25,LinearSubgradientAuction,0.05,0.04,,True,,1000,10800,cats_path_g10b50,,False,CATS,50,paths,MultiMinded,535,Balance,168.6999999999971,6.118125,8,1.03776,0.84872099999999995,6.118125,5.5901194766669811,5.2506310766669815,5.7807200493282487,1,10,3,525,785
36,10,20,LinearSubgradientAuction,0.05,0.04,,True,,1000,10800,cats_path_g10b50,,False,CATS,50,paths,MultiMinded,29,Balance,6.7299999999959255,2.51735,8,0.765931,0.744537,2.51735,2.1775539484149489,1.9169659984149496,2.3523445584047291,1,9,6,400,590
37,10,33,LinearSubgradientAuction,0.05,0.04,,True,,1000,10800,cats_path_g10b50,,False,CATS,50,paths,MultiMinded,95,Balance,38.970000000001164,6.394280999999999,9,1.32219,0.90059900000000004,6.394280999999999,5.8450867489081091,5.4398171989081092,5.9890114499999996,1,10,0,693,1033
38,10,37,LinearSubgradientAuction,0.05,0.04,,True,,1000,10800,cats_path_g10b50,,False,CATS,50,paths,MultiMinded,240,Balance,111.76999999998952,4.9241600000000005,8,1.27538,0.75259950000000009,4.9241600000000005,4.4871385662484462,4.1860987662484463,4.628950341443236,1,10,6,777,1157
39,10,36,LinearSubgradientAuction,0.05,0.04,,True,,1000,10800,cats_path_g10b50,,False,CATS,50,paths,MultiMinded,140,Balance,62.90000000000873,7.180720999999999,10,1.37975,0.95457900000000007,7.180720999999999,6.6666526605654104,6.18936316056541,6.7034314999999998,1,10,0,756,1126
40,10,24,LinearSubgradientAuction,0.05,0.04,,True,,1000,10800,cats_path_g10b50,,False,CATS,50,paths,MultiMinded,98,Balance,28.830000000001746,7.3709551,10,1.05191,0.99338300000000002,7.3709551,6.448755354158699,5.9520638541586983,6.9685090002786634,1,10,9,504,754
41,10,20,LinearSubgradientAuction,0.05,0.04,,True,,1000,10800,cats_path_g10b50,,False,CATS,50,paths,MultiMinded,1000,MaxIter,252.5899999999965,11.936720999999999,7,1.66283,1.30715,4.534491,7.2657596501541466,3.6183630078240223,8.2899680019640485,1,10,9,420,630
42,10,35,LinearSubgradientAuction,0.05,0.04,,True,,1000,10800,cats_path_g10b50,,False,CATS,50,paths,MultiMinded,175,Balance,76.60000000000582,5.98905,10,1.26887,0.57787949999999999,5.98905,5.7094242392579293,5.4204844892579311,5.729551000617537,1,10,5,735,1095
43,10,34,LinearSubgradientAuction,0.05,0.04,,True,,1000,10800,cats_path_g10b50,,False,CATS,50,paths,MultiMinded,50,Balance,20.960000000006403,5.305578,8,1.49562,0.65433600000000003,5.305578,4.9755249547528138,4.7137905547528129,5.0520475207984505,1,10,3,714,1064
44,10,24,LinearSubgradientAuction,0.05,0.04,,True,,1000,10800,cats_path_g10b50,,False,CATS,50,paths,MultiMinded,181,Balance,53.919999999998254,5.406871999999999,9,0.914107,0.79918800000000001,5.406871999999999,4.689262794843291,4.3296281948432904,5.08899363728725,1,10,8,504,754
45,10,33,LinearSubgradientAuction,0.05,0.04,,True,,1000,10800,cats_path_g10b50,,False,CATS,50,paths,MultiMinded,250,Balance,102.34999999999127,4.392568,7,1.04017,0.61580250000000003,4.392568,4.2680293682101107,4.05249849321011,4.1811114933448437,1,10,3,693,1033
46,10,37,LinearSubgradientAuction,0.05,0.04,,True,,1000,10800,cats_path_g10b50,,False,CATS,50,paths,MultiMinded,111,Balance,51.76999999998952,7.650231000000001,10,1.33928,0.87604700000000002,7.650231000000001,6.8991943004340559,6.461170800434056,7.2887734237169637,1,10,2,777,1157
47,10,26,LinearSubgradientAuction,0.05,0.04,,True,,1000,10800,cats_path_g10b50,,False,CATS,50,paths,MultiMinded,137,Balance,44.270000000004075,4.863733,8,1.11721,0.68613100000000005,4.863733,4.7337942594674445,4.4593418594674441,4.6099409154988811,1,10,7,546,816
48,10,40,LinearSubgradientAuction,0.05,0.04,,True,,1000,10800,cats_path_g10b50,,False,CATS,50,paths,MultiMinded,1000,MaxIter,504.52999999999884,13.668893,9,1.73275,0.850549,5.57867,6.2153680314374,4.6421499413177578,12.113949203775789,1,10,13,840,1250
49,10,25,LinearSubgradientAuction,0.05,0.04,,True,,1000,10800,cats_path_g10b50,,False,CATS,50,paths,MultiMinded,377,Balance,118.1700000000128,4.105134,8,0.775577,0.59589599999999998,4.105134,3.9703610463868237,3.7320026463868241,3.8719988012965985,1,10,4,525,785
50,10,43,LinearSubgradientAuction,0.05,0.04,,True,,1000,10800,cats_path_g10b50,,False,CATS,50,paths,MultiMinded,196,Balance,106.73999999999069,7.516903,10,1.3359,0.92906500000000003,7.516903,7.1880936380502485,6.7235611380502496,7.0537146656722367,1,10,2,903,1343
51,10,23,LinearSubgradientAuction,0.05,0.04,,True,,1000,10800,cats_path_g10b50,,False,CATS,50,paths,MultiMinded,1000,MaxIter,286.3099999999977,3.8581627999999997,7,0.728995,0.60365150000000001,3.3722018,3.4808625874322199,2.148916433015148,2.5300202462259582,1,10,5,483,723
52,10,28,LinearSubgradientAuction,0.05,0.04,,True,,1000,10800,cats_path_g10b50,,False,CATS,50,paths,MultiMinded,102,Balance,35.63000000000466,6.103176,9,1.01863,0.782582,6.1031759999999995,5.4798635767785102,5.1277016767785097,5.7597628872676419,1,10,5,588,878
53,10,26,LinearSubgradientAuction,0.05,0.04,,True,,1000,10800,cats_path_g10b50,,False,CATS,50,paths,MultiMinded,1000,MaxIter,305.1899999999878,9.548895000000002,10,1.84651,1.2191000000000001,8.028115,7.5568747025041896,5.8983979173512537,7.8915260823929527,1,9,2,520,764
54,10,30,LinearSubgradientAuction,0.05,0.04,,True,,1000,10800,cats_path_g10b50,,False,CATS,50,paths,MultiMinded,208,Balance,76.01000000000931,3.5444180000000003,9,0.62406,0.46356900000000001,3.5444180000000003,3.1911352616495416,2.9825292116495419,3.3364209442306456,1,10,3,630,940
55,10,24,LinearSubgradientAuction,0.05,0.04,,True,,1000,10800,cats_path_g10b50,,False,CATS,50,paths,MultiMinded,1000,MaxIter,303.29000000000815,5.614495000000001,7,1.03261,0.81608499999999995,4.691238,5.1946197945548009,3.31699153602964,3.7417651290629075,1,10,6,504,754
56,10,26,LinearSubgradientAuction,0.05,0.04,,True,,1000,10800,cats_path_g10b50,,False,CATS,50,paths,MultiMinded,129,Balance,42.08999999999651,5.021542,7,1.22335,0.86009449999999998,5.021542,4.838596253560512,4.5375631785605117,4.7334041495477921,1,10,7,546,816
57,10,29,LinearSubgradientAuction,0.05,0.04,,True,,1000,10800,cats_path_g10b50,,False,CATS,50,paths,MultiMinded,188,Balance,67.71999999998661,5.662903,10,1.20543,0.7060765,5.662903,4.9977186406064646,4.6446803906064638,5.3114993254063281,1,10,3,609,909
58,10,32,LinearSubgradientAuction,0.05,0.04,,True,,1000,10800,cats_path_g10b50,,False,CATS,50,paths,MultiMinded,121,Balance,49.330000000001746,5.435453000000001,8,1.10141,0.84788050000000004,5.435453000000001,4.9688269397822236,4.6296747397822227,5.0988868127556062,1,10,2,672,1002
59,10,31,LinearSubgradientAuction,0.05,0.04,,True,,1000,10800,cats_path_g10b50,,False,CATS,50,paths,MultiMinded,187,Balance,70.60000000000582,7.500881000000001,9,1.37858,1.0170600000000001,7.500881000000001,6.897433905677925,6.4397569056779247,7.0939247550941156,1,10,1,651,971
60,10,18,LinearSubgradientAuction,0.05,0.04,,True,,1000,10800,cats_path_g10b50,,False,CATS,50,paths,MultiMinded,1000,MaxIter,227.11999999999534,3.938055,6,1.01239,0.77787200000000001,3.3282049999999996,2.9884471485148594,1.7010260245371331,2.6516944800243252,1,10,6,378,568
61,10,39,LinearSubgradientAuction,0.05,0.04,,True,,1000,10800,cats_path_g10b50,,False,CATS,50,paths,MultiMinded,152,Balance,74.41000000000349,6.514431,10,1.15445,0.68256899999999998,6.514431,5.730311293482643,5.3890267934826444,6.1731465000000005,1,10,0,819,1219
62,10,24,LinearSubgradientAuction,0.05,0.04,,True,,1000,10800,cats_path_g10b50,,False,CATS,50,paths,MultiMinded,727,Balance,220.1999999999971,5.874828,8,1.13322,0.74950450000000002,5.874828,5.3746132574678089,5.074811457467808,5.575027947094723,1,10,2,504,754
63,10,26,LinearSubgradientAuction,0.05,0.04,,True,,1000,10800,cats_path_g10b50,,False,CATS,50,paths,MultiMinded,1000,MaxIter,323.6000000000058,10.817572,9,1.05624,0.85327799999999998,5.0590150000000005,4.5778908638710236,4.0900584102725164,10.332206465179592,1,10,10,546,816
64,10,15,LinearSubgradientAuction,0.05,0.04,,True,,1000,10800,cats_path_g10b50,,False,CATS,50,paths,MultiMinded,101,Balance,19.169999999998254,4.3252115,7,1.18924,0.88682499999999997,4.304619000000001,3.7001930621076387,3.3898043121076387,4.0304894344679179,1,10,8,315,475
65,10,35,LinearSubgradientAuction,0.05,0.04,,True,,1000,10800,cats_path_g10b50,,False,CATS,50,paths,MultiMinded,1000,MaxIter,438.22000000000116,9.498291,9,1.37422,0.81186400000000003,6.960061000000001,6.423335307230885,4.8815755244156875,7.9565312171848026,1,10,2,735,1095
66,10,22,LinearSubgradientAuction,0.05,0.04,,True,,1000,10800,cats_path_g10b50,,False,CATS,50,paths,MultiMinded,1000,MaxIter,280.58000000000175,6.527464,5,1.20805,0.92267349999999992,3.1454630000000003,5.6310643385312389,1.4447923707154715,2.345484735289598,1,10,7,462,692
67,10,31,LinearSubgradientAuction,0.05,0.04,,True,,1000,10800,cats_path_g10b50,,False,CATS,50,paths,MultiMinded,228,Balance,87.74000000000524,4.99912,8,0.980804,0.62215900000000002,4.99912,4.7241557088035409,4.4752921088035409,4.7561297675857617,1,10,3,651,971
68,10,21,LinearSubgradientAuction,0.05,0.04,,True,,1000,10800,cats_path_g10b50,,False,CATS,50,paths,MultiMinded,1000,MaxIter,265.88000000000466,4.354444,6,1.10844,0.58718800000000004,3.7672560000000006,3.9816877069136267,2.7064176436807403,3.0801460001973138,1,10,6,441,661
69,10,31,LinearSubgradientAuction,0.05,0.04,,True,,1000,10800,cats_path_g10b50,,False,CATS,50,paths,MultiMinded,288,Balance,112.41000000000349,4.638021,8,0.932286,0.72681200000000001,4.638021,4.4101364324631644,4.1194116324631649,4.3481805406991718,1,10,3,651,971
70,10,32,LinearSubgradientAuction,0.05,0.04,,True,,1000,10800,cats_path_g10b50,,False,CATS,50,paths,MultiMinded,238,Balance,94.7899999999936,5.529561,10,0.883645,0.71283099999999999,5.529561,5.0439431135448469,4.6875276135448471,5.1749965852149815,1,10,2,672,1002
71,10,29,LinearSubgradientAuction,0.05,0.04,,True,,1000,10800,cats_path_g10b50,,False,CATS,50,paths,MultiMinded,186,Balance,66.93000000000757,3.8155849999999996,8,0.722118,0.584781,3.8155849999999996,3.5562273891911991,3.3223149891911987,3.6113418649745395,1,10,4,609,909
72,10,23,LinearSubgradientAuction,0.05,0.04,,True,,1000,10800,cats_path_g10b50,,False,CATS,50,paths,MultiMinded,191,Balance,54.429999999993015,4.337076,9,1.09941,0.63108900000000001,4.337076,4.027219484587313,3.7432294345873145,4.0885599783917099,1,10,4,483,723
73,10,23,LinearSubgradientAuction,0.05,0.04,,True,,1000,10800,cats_path_g10b50,,False,CATS,50,paths,MultiMinded,1000,MaxIter,288.3000000000029,4.733565,6,1.17805,0.79788950000000003,3.8040160000000003,4.5107935293258876,2.2554244595615125,2.4812230405009581,1,10,6,483,723
74,10,28,LinearSubgradientAuction,0.05,0.04,,True,,1000,10800,cats_path_g10b50,,False,CATS,50,paths,MultiMinded,111,Balance,38.48999999999069,4.250006,8,0.944433,0.60220899999999999,4.250006,4.0574970430461557,3.8166134430461556,4.0139502278092376,1,10,3,588,878
75,10,23,LinearSubgradientAuction,0.05,0.04,,True,,1000,10800,cats_path_g10b50,,False,CATS,50,paths,MultiMinded,221,Balance,63.68000000000757,4.765222,7,0.954458,0.87700599999999995,4.765222,4.4983592400793855,4.1914071400793862,4.4647939429793286,1,10,7,483,723
76,10,29,LinearSubgradientAuction,0.05,0.04,,True,,1000,10800,cats_path_g10b50,,False,CATS,50,paths,MultiMinded,51,Balance,17.44000000000233,6.904471,9,1.28641,1.1137699999999999,6.904471,5.6053236607722514,5.1598156607722521,6.5174350486322963,1,9,8,580,851
77,10,20,LinearSubgradientAuction,0.05,0.04,,True,,1000,10800,cats_path_g10b50,,False,CATS,50,paths,MultiMinded,825,Balance,209.13999999999942,3.7830920000000003,7,0.987819,0.58873500000000001,3.783092,3.609958644695288,3.4039013946952887,3.6071517761752379,1,10,7,420,630
78,10,31,LinearSubgradientAuction,0.05,0.04,,True,,1000,10800,cats_path_g10b50,,False,CATS,50,paths,MultiMinded,104,Balance,39.679999999993015,6.355665,9,1.59706,0.92678550000000004,6.355665,6.0687023498581407,5.6516488748581413,5.9416843205840504,1,10,2,651,971
79,10,26,LinearSubgradientAuction,0.05,0.04,,True,,1000,10800,cats_path_g10b50,,False,CATS,50,paths,MultiMinded,767,Balance,251.72000000000116,6.17396,9,1.51269,0.757185,6.17396,5.5980302596465972,5.2572970096465959,5.8699682513293103,1,10,1,546,816
80,10,28,LinearSubgradientAuction,0.05,0.04,,True,,1000,10800,cats_path_g10b50,,False,CATS,50,paths,MultiMinded,109,Balance,38.00999999999476,6.124957,9,1.1598,0.90218600000000004,6.124957,5.6777292499672098,5.2717455499672097,5.7292396765036351,1,10,2,588,878
81,10,27,LinearSubgradientAuction,0.05,0.04,,True,,1000,10800,cats_path_g10b50,,False,CATS,50,paths,MultiMinded,420,Balance,140.43000000000757,6.033706,7,1.09603,0.84438299999999999,6.020901,5.4439286067194361,5.1483945567194356,5.7671789918057508,1,10,2,567,847
82,10,40,LinearSubgradientAuction,0.05,0.04,,True,,1000,10800,cats_path_g10b50,,False,CATS,50,paths,MultiMinded,147,Balance,73.47999999999593,7.125598999999999,10,1.12357,0.66202150000000004,7.125598999999999,6.4897980005175278,6.158787250517527,6.7945882499999986,1,10,0,840,1250
83,10,29,LinearSubgradientAuction,0.05,0.04,,True,,1000,10800,cats_path_g10b50,,False,CATS,50,paths,MultiMinded,104,Balance,37.70999999999185,4.406853099999999,9,0.788029,0.64298299999999997,4.3997201,4.0440990003120936,3.7547566503120939,4.1404166501632167,1,10,1,609,909
84,10,23,LinearSubgradientAuction,0.05,0.04,,True,,1000,10800,cats_path_g10b50,,False,CATS,50,paths,MultiMinded,1000,MaxIter,271.25999999999476,4.1736754000000005,9,0.851051,0.68298999999999999,3.3226244000000005,2.9248490729462824,2.6584829729462829,3.9099020609119512,1,9,4,460,677
85,10,26,LinearSubgradientAuction,0.05,0.04,,True,,1000,10800,cats_path_g10b50,,False,CATS,50,paths,MultiMinded,288,Balance,94.75,6.722310500000001,10,1.11978,0.81925350000000008,6.722310500000001,6.2563651478227618,5.8467383978227625,6.3130862080596799,1,10,3,546,816
86,10,25,LinearSubgradientAuction,0.05,0.04,,True,,1000,10800,cats_path_g10b50,,False,CATS,50,paths,MultiMinded,1000,MaxIter,311.2600000000093,6.8755869999999994,8,1.01302,0.62419199999999997,3.235907,3.5822888141472253,2.145257309823795,5.4390841337207192,1,10,4,525,785
87,10,19,LinearSubgradientAuction,0.05,0.04,,True,,1000,10800,cats_path_g10b50,,False,CATS,50,paths,MultiMinded,1000,MaxIter,227.09999999999127,7.4913935,9,0.90213,0.84762199999999999,3.9519195,3.0252849864945448,1.8363496105315542,6.3033996104640462,1,9,6,380,561
88,10,24,LinearSubgradientAuction,0.05,0.04,,True,,1000,10800,cats_path_g10b50,,False,CATS,50,paths,MultiMinded,136,Balance,40.38000000000466,6.671337600000001,9,1.23763,0.97929250000000001,6.671337600000001,5.5718393028127329,5.131157677812733,6.2760590616608614,1,10,2,504,754
89,10,30,LinearSubgradientAuction,0.05,0.04,,True,,1000,10800,cats_path_g10b50,,False,CATS,50,paths,MultiMinded,230,Balance,80.16999999999825,4.893484,9,0.957818,0.66029399999999994,4.893484,3.7879205361649948,3.5238029361649952,4.6327200369688404,1,9,7,600,880
90,10,24,LinearSubgradientAuction,0.05,0.04,,True,,1000,10800,cats_path_g10b50,,False,CATS,50,paths,MultiMinded,273,Balance,80.75999999999476,4.9815499999999995,8,1.03037,0.59696149999999992,4.9815499999999995,4.5550099641876303,4.3162253641876305,4.7427784792222063,1,10,1,504,754
91,10,26,LinearSubgradientAuction,0.05,0.04,,True,,1000,10800,cats_path_g10b50,,False,CATS,50,paths,MultiMinded,553,Balance,176.86000000000058,5.608700000000001,9,1.15219,0.65921200000000002,5.608700000000001,4.8517921671041826,4.5551467671041825,5.3120875319534422,1,10,2,546,816
92,10,29,LinearSubgradientAuction,0.05,0.04,,True,,1000,10800,cats_path_g10b50,,False,CATS,50,paths,MultiMinded,1000,MaxIter,362.7100000000064,6.734538,6,1.30249,1.03973,5.870877999999999,6.4037652833090766,4.5137430851238687,4.8515593423370991,1,10,7,609,909
93,10,36,LinearSubgradientAuction,0.05,0.04,,True,,1000,10800,cats_path_g10b50,,False,CATS,50,paths,MultiMinded,88,Balance,40.04999999998836,5.941976,7,1.19352,0.81540649999999992,5.940651000000001,5.7376146057269377,5.4522223307269364,5.7173498513036449,1,10,6,756,1126
94,10,36,LinearSubgradientAuction,0.05,0.04,,True,,1000,10800,cats_path_g10b50,,False,CATS,50,paths,MultiMinded,103,Balance,45.80000000000291,6.659274999999999,10,1.32087,0.72828700000000002,6.659274999999999,6.170443545204912,5.8063000452049121,6.2951307314500662,1,10,2,756,1126
95,10,20,LinearSubgradientAuction,0.05,0.04,,True,,1000,10800,cats_path_g10b50,,False,CATS,50,paths,MultiMinded,1000,MaxIter,238.86000000000058,5.242984999999999,5,0.986125,0.95783799999999997,3.311911,4.0658187152242569,1.6345351686185328,2.8149908191026283,1,9,6,400,590
96,10,27,LinearSubgradientAuction,0.05,0.04,,True,,1000,10800,cats_path_g10b50,,False,CATS,50,paths,MultiMinded,116,Balance,39.36999999999534,5.968370999999999,9,1.36717,0.912686,5.968370999999999,5.4342458940842295,5.0235371940842306,5.5621908549561772,1,10,4,567,847
97,10,40,LinearSubgradientAuction,0.05,0.04,,True,,1000,10800,cats_path_g10b50,,False,CATS,50,paths,MultiMinded,227,Balance,113.83999999999651,5.874736,9,1.39812,0.64802099999999996,5.874736,5.4279995538134465,5.1363901038134463,5.6139001054687032,1,10,1,840,1250
98,10,29,LinearSubgradientAuction,0.05,0.04,,True,,1000,10800,cats_path_g10b50,,False,CATS,50,paths,MultiMinded,468,Balance,170.4100000000035,8.221217,9,1.32075,0.95510399999999995,8.221217,7.2647440454688299,6.8349472454688289,7.7965649319936174,1,10,3,609,909
99,10,24,LinearSubgradientAuction,0.05,0.04,,True,,1000,10800,cats_path_g10b50,,False,CATS,50,paths,MultiMinded,238,Balance,70.66999999999825,4.068553,8,0.837895,0.57574999999999998,4.068553,3.8325087528761301,3.6022087528761304,3.8654185298152739,1,10,5,504,754
100,10,26,LinearSubgradientAuction,0.05,0.04,,True,,1000,10800,cats_path_g10b50,,False,CATS,50,paths,MultiMinded,352,Balance,115.26000000000931,5.4685310000000005,9,1.22663,0.78226099999999998,5.4685310000000005,5.1270399822965711,4.7750225322965703,5.1165135499999996,1,10,0,546,816
