idx,items,agents,auction_class,epsilon,stepc,epoch,scalebyvalue,reserve_type,maxiter,maxtime,generator_param_name,personalized,int_prices,generator,bids,distribution,type,rounds,status,runtime,efficient_value,final_num_winners,final_max_agent_value,final_scalevalue,final_value,final_total_price,final_revenue,final_indirect_util,final_price_degree,final_price_sparsity,final_imbalance,final_wd_nvars,final_wd_ncons
1,10,41,LinearSubgradientAuction,0.1,0.04,,True,,1000,10800,cats_path_g10b50,,False,CATS,50,paths,MultiMinded,548,Balance,281.3399999999965,5.1295980000000005,10,1.05837,0.48806749999999999,5.121627600000001,4.256422816168711,3.7683553161687122,4.6815570673601181,1,10,1,861,1281
2,10,32,LinearSubgradientAuction,0.1,0.04,,True,,1000,10800,cats_path_g10b50,,False,CATS,50,paths,MultiMinded,1000,MaxIter,375.97000000000116,5.881798,8,0.89658,0.700376,4.985218,4.5653706956596389,3.0250527508246061,4.3423643660104885,1,9,5,640,938
3,10,23,LinearSubgradientAuction,0.1,0.04,,True,,1000,10800,cats_path_g10b50,,False,CATS,50,paths,MultiMinded,210,Balance,60.88000000000466,6.1772789999999995,8,1.4872,0.84460199999999996,6.1772789999999995,5.4880282024512912,4.8123466024512913,5.5850590784614305,1,10,4,483,723
4,10,24,LinearSubgradientAuction,0.1,0.04,,True,,1000,10800,cats_path_g10b50,,False,CATS,50,paths,MultiMinded,1000,MaxIter,302.570000000007,5.0370452,7,0.92099,0.79058200000000001,4.1160552,3.7256654553630923,2.1134289438975369,3.4276469120227122,1,10,6,504,754
5,10,34,LinearSubgradientAuction,0.1,0.04,,True,,1000,10800,cats_path_g10b50,,False,CATS,50,paths,MultiMinded,181,Balance,77.33999999999651,6.641525,9,1.19553,0.74441100000000004,6.641525,6.3604657951555055,5.6904958951555065,5.9765372457261075,1,10,3,714,1064
6,10,26,LinearSubgradientAuction,0.1,0.04,,True,,1000,10800,cats_path_g10b50,,False,CATS,50,paths,MultiMinded,1000,MaxIter,323.3999999999942,7.117255999999999,8,1.27499,1.03579,3.9618690000000005,6.4224244171247813,1.9776394279020184,2.6740476263739659,1,10,4,546,816
7,10,30,LinearSubgradientAuction,0.1,0.04,,True,,1000,10800,cats_path_g10b50,,False,CATS,50,paths,MultiMinded,1000,MaxIter,380.0,5.604355000000001,8,0.860832,0.57241200000000003,3.68365,3.9312779874218657,3.0019900556736707,4.6750670682518045,1,10,3,630,940
8,10,29,LinearSubgradientAuction,0.1,0.04,,True,,1000,10800,cats_path_g10b50,,False,CATS,50,paths,MultiMinded,49,Balance,17.5,4.14936,8,1.21473,0.53942699999999999,4.14936,3.8843165862361495,3.4527749862361499,3.776793098831229,1,10,2,609,909
9,10,34,LinearSubgradientAuction,0.1,0.04,,True,,1000,10800,cats_path_g10b50,,False,CATS,50,paths,MultiMinded,57,Balance,24.089999999996508,8.312487,10,1.40383,1.19224,8.312487,7.5222439500184981,6.330003950018499,7.3008249682757977,1,10,2,714,1064
10,10,35,LinearSubgradientAuction,0.1,0.04,,True,,1000,10800,cats_path_g10b50,,False,CATS,50,paths,MultiMinded,81,Balance,35.110000000015134,5.813495100000001,9,1.32539,0.73520450000000004,5.752762100000001,5.2620451971476356,4.6003611471476358,5.249218677087593,1,10,3,735,1095
11,10,32,LinearSubgradientAuction,0.1,0.04,,True,,1000,10800,cats_path_g10b50,,False,CATS,50,paths,MultiMinded,48,Balance,19.35000000000582,5.665188000000001,8,0.988013,0.84758449999999996,5.650163000000001,5.2594044809610567,4.5813368809610573,5.0672180321823408,1,10,10,672,1002
12,10,31,LinearSubgradientAuction,0.1,0.04,,True,,1000,10800,cats_path_g10b50,,False,CATS,50,paths,MultiMinded,122,Balance,47.19999999998254,5.822862,8,1.20008,0.80469999999999997,5.822862,5.0011388082235166,4.3573788082235163,5.188482976574047,1,10,1,651,971
13,10,24,LinearSubgradientAuction,0.1,0.04,,True,,1000,10800,cats_path_g10b50,,False,CATS,50,paths,MultiMinded,251,Balance,74.97000000000116,5.960460200000001,9,1.3072,0.85787999999999998,5.960460200000001,5.4206674145875837,4.6487645639045798,5.1892686472246048,1,10,2,504,754
14,10,17,LinearSubgradientAuction,0.1,0.04,,True,,1000,10800,cats_path_g10b50,,False,CATS,50,paths,MultiMinded,422,Balance,86.64999999999418,5.653834,7,0.86218,0.82208099999999995,5.653834,3.567195483760603,3.0178116817692189,5.1937702774671326,1,9,5,340,503
15,10,33,LinearSubgradientAuction,0.1,0.04,,True,,1000,10800,cats_path_g10b50,,False,CATS,50,paths,MultiMinded,181,Balance,74.97000000000116,5.368371,10,1.226,0.410271,5.368371,4.9277744316657586,4.5175034316657596,4.9755737794593102,1,10,5,693,1033
16,10,34,LinearSubgradientAuction,0.1,0.04,,True,,1000,10800,cats_path_g10b50,,False,CATS,50,paths,MultiMinded,264,Balance,105.27999999999884,6.969046,10,1.43412,0.68306999999999995,6.969046,5.8018245300388518,5.1870615300388527,6.3542830000000023,1,9,0,680,996
17,10,30,LinearSubgradientAuction,0.1,0.04,,True,,1000,10800,cats_path_g10b50,,False,CATS,50,paths,MultiMinded,92,Balance,33.98999999999069,6.379521,9,1.33671,0.75658099999999995,6.339200999999999,5.7850591209440445,5.104136220944044,5.7362844871905567,1,10,3,630,940
18,10,28,LinearSubgradientAuction,0.1,0.04,,True,,1000,10800,cats_path_g10b50,,False,CATS,50,paths,MultiMinded,100,Balance,34.889999999984866,3.7659457999999995,10,0.809737,0.424898,3.7659457999999995,3.3328874205491714,2.9079894205491725,3.3819482377292784,1,10,1,588,878
19,10,29,LinearSubgradientAuction,0.1,0.04,,True,,1000,10800,cats_path_g10b50,,False,CATS,50,paths,MultiMinded,95,Balance,34.610000000015134,5.399328000000001,8,0.984412,0.88883350000000005,5.399328000000001,4.8391051593232115,4.1290355821965328,4.7080530995828447,1,10,6,609,909
20,10,31,LinearSubgradientAuction,0.1,0.04,,True,,1000,10800,cats_path_g10b50,,False,CATS,50,paths,MultiMinded,88,Balance,32.05999999999767,5.347376,9,1.11574,0.85649200000000003,5.300765999999999,3.9824991352425783,3.2973055352425775,4.6865195312872974,1,9,3,620,909
21,10,33,LinearSubgradientAuction,0.1,0.04,,True,,1000,10800,cats_path_g10b50,,False,CATS,50,paths,MultiMinded,314,Balance,130.0800000000163,6.346977999999999,8,1.04535,0.887351,6.346977999999999,5.3785483779129448,4.6686675779129443,5.6444820996745966,1,10,4,693,1033
22,10,29,LinearSubgradientAuction,0.1,0.04,,True,,1000,10800,cats_path_g10b50,,False,CATS,50,paths,MultiMinded,323,Balance,116.9200000000128,3.679525,7,0.81347,0.62753999999999999,3.679525,3.4709672542515877,3.0316892542515879,3.2414610917795601,1,10,3,609,909
23,10,33,LinearSubgradientAuction,0.1,0.04,,True,,1000,10800,cats_path_g10b50,,False,CATS,50,paths,MultiMinded,116,Balance,46.45999999999185,6.968433999999999,9,1.11046,0.85569899999999999,6.968433999999999,5.8143283558569454,5.0441992558569444,6.3579274575560731,1,10,2,693,1033
24,10,26,LinearSubgradientAuction,0.1,0.04,,True,,1000,10800,cats_path_g10b50,,False,CATS,50,paths,MultiMinded,1000,MaxIter,325.13000000000466,5.079491000000001,7,0.912266,0.59736,4.2627299999999995,4.4491914026716488,2.9220681117987253,3.5526744399284871,1,10,6,546,816
25,10,23,LinearSubgradientAuction,0.1,0.04,,True,,1000,10800,cats_path_g10b50,,False,CATS,50,paths,MultiMinded,263,Balance,76.22000000000116,5.799925999999999,9,0.932562,0.85897900000000005,5.799925999999999,5.5303535079155948,4.757272407915595,5.0296393703169313,1,10,2,483,723
26,10,22,LinearSubgradientAuction,0.1,0.04,,True,,1000,10800,cats_path_g10b50,,False,CATS,50,paths,MultiMinded,1000,MaxIter,278.79000000000815,7.226532999999999,6,1.05046,0.94945649999999993,3.435324,3.6003535074854822,1.8511829277410201,5.477380201708125,1,10,10,462,692
27,10,33,LinearSubgradientAuction,0.1,0.04,,True,,1000,10800,cats_path_g10b50,,False,CATS,50,paths,MultiMinded,241,Balance,99.79000000000815,5.22312,8,1.38199,0.74170000000000003,5.22312,4.8775269608986527,4.284166960898653,4.629760000000001,1,10,0,693,1033
28,10,38,LinearSubgradientAuction,0.1,0.04,,True,,1000,10800,cats_path_g10b50,,False,CATS,50,paths,MultiMinded,94,Balance,44.970000000001164,7.158904,10,1.38531,1.05223,7.158904,6.6259325267252329,5.5737025267252331,6.1085966084237535,1,10,3,798,1188
29,10,22,LinearSubgradientAuction,0.1,0.04,,True,,1000,10800,cats_path_g10b50,,False,CATS,50,paths,MultiMinded,1000,MaxIter,277.61999999999534,5.222893,6,1.14292,0.81835199999999997,4.404541,4.8199494171147306,2.667985502577547,3.0748998895900397,1,10,7,462,692
30,10,26,LinearSubgradientAuction,0.1,0.04,,True,,1000,10800,cats_path_g10b50,,False,CATS,50,paths,MultiMinded,1000,MaxIter,327.4899999999907,8.367289,8,1.00864,0.79848300000000005,4.82465,4.5099085595713655,3.1533292141356424,7.0120125382699952,1,10,7,546,816
31,10,34,LinearSubgradientAuction,0.1,0.04,,True,,1000,10800,cats_path_g10b50,,False,CATS,50,paths,MultiMinded,444,Balance,188.1599999999744,7.570106999999999,9,1.56629,0.87534100000000004,7.570106999999999,6.8643614594848241,6.0765545594848245,6.7831366189794782,1,10,3,714,1064
32,10,22,LinearSubgradientAuction,0.1,0.04,,True,,1000,10800,cats_path_g10b50,,False,CATS,50,paths,MultiMinded,1000,MaxIter,279.30000000001746,5.8430159999999995,5,0.990041,0.83248200000000006,3.9990090000000005,5.0160340245106916,2.2995799601431224,3.131766752201961,1,10,9,462,692
33,10,23,LinearSubgradientAuction,0.1,0.04,,True,,1000,10800,cats_path_g10b50,,False,CATS,50,paths,MultiMinded,298,Balance,85.61999999999534,5.328471,8,1.14706,0.74653400000000003,5.328471,4.1018498792543614,3.5046226792543611,4.7393086516969039,1,10,3,483,723
34,10,23,LinearSubgradientAuction,0.1,0.04,,True,,1000,10800,cats_path_g10b50,,False,CATS,50,paths,MultiMinded,1000,MaxIter,287.0799999999872,4.414205,7,1.07941,0.93713999999999997,2.4969,3.5477392756546697,1.6202481517950742,2.4960169178324594,1,10,4,483,723
35,10,25,LinearSubgradientAuction,0.1,0.04,,True,,1000,10800,cats_path_g10b50,,False,CATS,50,paths,MultiMinded,535,Balance,167.4100000000035,6.118125,8,1.03776,0.84872099999999995,6.118125,5.5901194766669811,4.9111426766669801,5.4412316493282473,1,10,3,525,785
36,10,20,LinearSubgradientAuction,0.1,0.04,,True,,1000,10800,cats_path_g10b50,,False,CATS,50,paths,MultiMinded,26,Balance,6.0499999999883585,2.51735,9,0.765931,0.744537,2.51735,2.1152250570875375,1.5906227095829244,2.1029367101775218,1,9,3,400,590
37,10,33,LinearSubgradientAuction,0.1,0.04,,True,,1000,10800,cats_path_g10b50,,False,CATS,50,paths,MultiMinded,95,Balance,39.10000000000582,6.394280999999999,9,1.32219,0.90059900000000004,6.394280999999999,5.8450867489081091,5.0345476489081094,5.5837418999999997,1,10,0,693,1033
38,10,37,LinearSubgradientAuction,0.1,0.04,,True,,1000,10800,cats_path_g10b50,,False,CATS,50,paths,MultiMinded,240,Balance,112.48000000001048,4.9241600000000005,8,1.27538,0.75259950000000009,4.9241600000000005,4.4871385662484462,3.8850589662484465,4.3279105414432362,1,10,6,777,1157
39,10,36,LinearSubgradientAuction,0.1,0.04,,True,,1000,10800,cats_path_g10b50,,False,CATS,50,paths,MultiMinded,116,Balance,52.470000000001164,7.180720999999999,10,1.37975,0.95457900000000007,7.125342999999999,6.5851661708925961,5.6305871708925954,6.2658269000000528,1,10,1,756,1126
40,10,24,LinearSubgradientAuction,0.1,0.04,,True,,1000,10800,cats_path_g10b50,,False,CATS,50,paths,MultiMinded,98,Balance,29.449999999982538,7.3709551,10,1.05191,0.99338300000000002,7.3709551,6.448755354158699,5.4730288832518843,6.4894740293718502,1,10,9,504,754
41,10,20,LinearSubgradientAuction,0.1,0.04,,True,,1000,10800,cats_path_g10b50,,False,CATS,50,paths,MultiMinded,1000,MaxIter,251.69000000000233,11.936720999999999,7,1.66283,1.30715,4.534491,7.2657596501541466,3.3569330078240225,8.0285380019640478,1,10,9,420,630
42,10,35,LinearSubgradientAuction,0.1,0.04,,True,,1000,10800,cats_path_g10b50,,False,CATS,50,paths,MultiMinded,168,Balance,74.20999999999185,5.98905,10,1.26887,0.57787949999999999,5.98905,5.6987865668399937,5.1209070668399956,5.4460391338521559,1,10,5,735,1095
43,10,34,LinearSubgradientAuction,0.1,0.04,,True,,1000,10800,cats_path_g10b50,,False,CATS,50,paths,MultiMinded,50,Balance,21.119999999995343,5.305578,8,1.49562,0.65433600000000003,5.305578,4.9755249547528138,4.4520561547528139,4.7903131207984515,1,10,3,714,1064
44,10,24,LinearSubgradientAuction,0.1,0.04,,True,,1000,10800,cats_path_g10b50,,False,CATS,50,paths,MultiMinded,149,Balance,44.970000000001164,5.406871999999999,9,0.914107,0.79918800000000001,5.406871999999999,4.6090409624082653,3.8897717624082659,4.7711844053993575,1,10,8,504,754
45,10,33,LinearSubgradientAuction,0.1,0.04,,True,,1000,10800,cats_path_g10b50,,False,CATS,50,paths,MultiMinded,250,Balance,103.02999999999884,4.392568,7,1.04017,0.61580250000000003,4.392568,4.2680293682101107,3.8369676182101102,3.9655806183448439,1,10,3,693,1033
46,10,37,LinearSubgradientAuction,0.1,0.04,,True,,1000,10800,cats_path_g10b50,,False,CATS,50,paths,MultiMinded,104,Balance,47.960000000020955,7.650231000000001,10,1.33928,0.87604700000000002,7.650231000000001,6.8517613143486109,5.9757143143486111,6.9456158958878573,1,10,2,777,1157
47,10,26,LinearSubgradientAuction,0.1,0.04,,True,,1000,10800,cats_path_g10b50,,False,CATS,50,paths,MultiMinded,137,Balance,44.63000000000466,4.863733,8,1.11721,0.68613100000000005,4.863733,4.7337942594674445,4.1848894594674446,4.3354885154988816,1,10,7,546,816
48,10,40,LinearSubgradientAuction,0.1,0.04,,True,,1000,10800,cats_path_g10b50,,False,CATS,50,paths,MultiMinded,1000,MaxIter,503.6499999999942,13.668893,9,1.73275,0.850549,5.57867,6.2153680314374,4.3444577913177591,11.816257053775789,1,10,13,840,1250
49,10,25,LinearSubgradientAuction,0.1,0.04,,True,,1000,10800,cats_path_g10b50,,False,CATS,50,paths,MultiMinded,251,Balance,78.64999999999418,4.105134,8,0.775577,0.59589599999999998,4.105134,3.909663175680234,3.4329463756802356,3.6884897544900119,1,10,7,525,785
50,10,43,LinearSubgradientAuction,0.1,0.04,,True,,1000,10800,cats_path_g10b50,,False,CATS,50,paths,MultiMinded,196,Balance,107.02999999999884,7.516903,10,1.3359,0.92906500000000003,7.516903,7.1880936380502485,6.2590286380502498,6.5891821656722369,1,10,2,903,1343
51,10,23,LinearSubgradientAuction,0.1,0.04,,True,,1000,10800,cats_path_g10b50,,False,CATS,50,paths,MultiMinded,1000,MaxIter,287.12000000002445,3.8581627999999997,7,0.728995,0.60365150000000001,3.3722018,3.4808625874322199,1.9873034694554863,2.3684072826662961,1,10,5,483,723
52,10,28,LinearSubgradientAuction,0.1,0.04,,True,,1000,10800,cats_path_g10b50,,False,CATS,50,paths,MultiMinded,102,Balance,35.85999999998603,6.103176,9,1.01863,0.782582,6.1031759999999995,5.4798635767785102,4.7755397767785093,5.4076009872676414,1,10,5,588,878
53,10,26,LinearSubgradientAuction,0.1,0.04,,True,,1000,10800,cats_path_g10b50,,False,CATS,50,paths,MultiMinded,1000,MaxIter,306.02999999999884,9.548895000000002,10,1.84651,1.2191000000000001,8.028115,7.5568747025041896,5.4107579173512521,7.4038860823929511,1,9,2,520,764
54,10,30,LinearSubgradientAuction,0.1,0.04,,True,,1000,10800,cats_path_g10b50,,False,CATS,50,paths,MultiMinded,208,Balance,76.02000000001863,3.5444180000000003,9,0.62406,0.46356900000000001,3.5444180000000003,3.1911352616495416,2.7739231616495417,3.1278148942306454,1,10,3,630,940
55,10,24,LinearSubgradientAuction,0.1,0.04,,True,,1000,10800,cats_path_g10b50,,False,CATS,50,paths,MultiMinded,1000,MaxIter,302.2399999999907,5.614495000000001,7,1.03261,0.81608499999999995,4.691238,5.1946197945548009,3.0721660360296386,3.496939629062906,1,10,6,504,754
56,10,26,LinearSubgradientAuction,0.1,0.04,,True,,1000,10800,cats_path_g10b50,,False,CATS,50,paths,MultiMinded,129,Balance,42.220000000001164,5.021542,7,1.22335,0.86009449999999998,5.021542,4.838596253560512,4.2365301035605114,4.4323710745477918,1,10,7,546,816
57,10,29,LinearSubgradientAuction,0.1,0.04,,True,,1000,10800,cats_path_g10b50,,False,CATS,50,paths,MultiMinded,188,Balance,68.38999999998487,5.662903,10,1.20543,0.7060765,5.662903,4.9977186406064646,4.2916421406064647,4.958461075406329,1,10,3,609,909
58,10,32,LinearSubgradientAuction,0.1,0.04,,True,,1000,10800,cats_path_g10b50,,False,CATS,50,paths,MultiMinded,121,Balance,48.939999999973224,5.435453000000001,8,1.10141,0.84788050000000004,5.435453000000001,4.9688269397822236,4.2905225397822226,4.7597346127556062,1,10,2,672,1002
59,10,31,LinearSubgradientAuction,0.1,0.04,,True,,1000,10800,cats_path_g10b50,,False,CATS,50,paths,MultiMinded,171,Balance,63.820000000006985,7.500881000000001,9,1.37858,1.0170600000000001,7.500881000000001,6.848701692407781,5.9333476924077804,6.684979968364261,1,10,1,651,971
60,10,18,LinearSubgradientAuction,0.1,0.04,,True,,1000,10800,cats_path_g10b50,,False,CATS,50,paths,MultiMinded,1000,MaxIter,229.5899999999965,3.938055,6,1.01239,0.77787200000000001,3.3282049999999996,2.9884471485148594,1.5065580245371333,2.4572264800243255,1,10,6,378,568
61,10,39,LinearSubgradientAuction,0.1,0.04,,True,,1000,10800,cats_path_g10b50,,False,CATS,50,paths,MultiMinded,152,Balance,75.62999999997555,6.514431,10,1.15445,0.68256899999999998,6.514431,5.730311293482643,5.0477422934826439,5.8318620000000001,1,10,0,819,1219
62,10,24,LinearSubgradientAuction,0.1,0.04,,True,,1000,10800,cats_path_g10b50,,False,CATS,50,paths,MultiMinded,727,Balance,217.89999999999418,5.874828,8,1.13322,0.74950450000000002,5.874828,5.3746132574678089,4.7750096574678071,5.2752261470947222,1,10,2,504,754
63,10,26,LinearSubgradientAuction,0.1,0.04,,True,,1000,10800,cats_path_g10b50,,False,CATS,50,paths,MultiMinded,1000,MaxIter,327.27999999999884,10.817572,9,1.05624,0.85327799999999998,5.0590150000000005,4.5778908638710236,3.7487472102725161,9.9908952651795904,1,10,10,546,816
64,10,15,LinearSubgradientAuction,0.1,0.04,,True,,1000,10800,cats_path_g10b50,,False,CATS,50,paths,MultiMinded,101,Balance,19.55999999999767,4.3252115,7,1.18924,0.88682499999999997,4.304619000000001,3.7001930621076387,3.0794155621076387,3.7201006844679179,1,10,8,315,475
65,10,35,LinearSubgradientAuction,0.1,0.04,,True,,1000,10800,cats_path_g10b50,,False,CATS,50,paths,MultiMinded,1000,MaxIter,439.1499999999942,9.498291,9,1.37422,0.81186400000000003,6.960061000000001,6.423335307230885,4.5974231244156876,7.6723788171848026,1,10,2,735,1095
66,10,22,LinearSubgradientAuction,0.1,0.04,,True,,1000,10800,cats_path_g10b50,,False,CATS,50,paths,MultiMinded,1000,MaxIter,275.97000000000116,6.527464,5,1.20805,0.92267349999999992,3.1454630000000003,5.6310643385312389,1.3063913457154717,2.2070837102895977,1,10,7,462,692
67,10,31,LinearSubgradientAuction,0.1,0.04,,True,,1000,10800,cats_path_g10b50,,False,CATS,50,paths,MultiMinded,228,Balance,89.38000000000466,4.99912,8,0.980804,0.62215900000000002,4.99912,4.7241557088035409,4.2264285088035409,4.5072661675857617,1,10,3,651,971
68,10,21,LinearSubgradientAuction,0.1,0.04,,True,,1000,10800,cats_path_g10b50,,False,CATS,50,paths,MultiMinded,1000,MaxIter,263.5100000000093,4.354444,6,1.10844,0.58718800000000004,3.7672560000000006,3.9816877069136267,2.5596206436807405,2.9333490001973139,1,10,6,441,661
69,10,31,LinearSubgradientAuction,0.1,0.04,,True,,1000,10800,cats_path_g10b50,,False,CATS,50,paths,MultiMinded,288,Balance,112.95000000001164,4.638021,8,0.932286,0.72681200000000001,4.638021,4.4101364324631644,3.8286868324631653,4.0574557406991723,1,10,3,651,971
70,10,32,LinearSubgradientAuction,0.1,0.04,,True,,1000,10800,cats_path_g10b50,,False,CATS,50,paths,MultiMinded,238,Balance,96.52000000001863,5.529561,10,0.883645,0.71283099999999999,5.529561,5.0439431135448469,4.3311121135448474,4.8185810852149817,1,10,2,672,1002
71,10,29,LinearSubgradientAuction,0.1,0.04,,True,,1000,10800,cats_path_g10b50,,False,CATS,50,paths,MultiMinded,156,Balance,56.41000000000349,3.8155849999999996,8,0.722118,0.584781,3.773152,3.4858176103273211,3.0179928103273208,3.4050916620889664,1,10,7,609,909
72,10,23,LinearSubgradientAuction,0.1,0.04,,True,,1000,10800,cats_path_g10b50,,False,CATS,50,paths,MultiMinded,174,Balance,49.670000000012806,4.337076,9,1.09941,0.63108900000000001,4.337076,3.9935281169145127,3.4488389807532083,3.8566459345766613,1,10,4,483,723
73,10,23,LinearSubgradientAuction,0.1,0.04,,True,,1000,10800,cats_path_g10b50,,False,CATS,50,paths,MultiMinded,1000,MaxIter,290.45999999999185,4.733565,6,1.17805,0.79788950000000003,3.8040160000000003,4.5107935293258876,2.0559520845615125,2.2817506655009581,1,10,6,483,723
74,10,28,LinearSubgradientAuction,0.1,0.04,,True,,1000,10800,cats_path_g10b50,,False,CATS,50,paths,MultiMinded,111,Balance,38.44999999998254,4.250006,8,0.944433,0.60220899999999999,4.250006,4.0574970430461557,3.5757298430461555,3.7730666278092371,1,10,3,588,878
75,10,23,LinearSubgradientAuction,0.1,0.04,,True,,1000,10800,cats_path_g10b50,,False,CATS,50,paths,MultiMinded,221,Balance,64.40000000002328,4.765222,7,0.954458,0.87700599999999995,4.765222,4.4983592400793855,3.884455040079386,4.1578418429793285,1,10,7,483,723
76,10,29,LinearSubgradientAuction,0.1,0.04,,True,,1000,10800,cats_path_g10b50,,False,CATS,50,paths,MultiMinded,43,Balance,14.650000000023283,6.904471,9,1.28641,1.1137699999999999,6.904471,5.6041232438368001,4.7131072438367996,6.1060533984494416,1,9,8,580,851
77,10,20,LinearSubgradientAuction,0.1,0.04,,True,,1000,10800,cats_path_g10b50,,False,CATS,50,paths,MultiMinded,467,Balance,118.05999999999767,3.7830920000000003,7,0.987819,0.58873500000000001,3.7830920000000003,3.5513478077560006,3.1392333077560011,3.4310279889850608,1,10,7,420,630
78,10,31,LinearSubgradientAuction,0.1,0.04,,True,,1000,10800,cats_path_g10b50,,False,CATS,50,paths,MultiMinded,104,Balance,40.63000000000466,6.355665,9,1.59706,0.92678550000000004,6.355665,6.0687023498581407,5.2345953998581427,5.5246308455840518,1,10,2,651,971
79,10,26,LinearSubgradientAuction,0.1,0.04,,True,,1000,10800,cats_path_g10b50,,False,CATS,50,paths,MultiMinded,699,Balance,225.44000000000233,6.17396,9,1.51269,0.757185,6.17396,5.521860006606877,4.8403935066068779,5.5673581096484854,1,10,5,546,816
80,10,28,LinearSubgradientAuction,0.1,0.04,,True,,1000,10800,cats_path_g10b50,,False,CATS,50,paths,MultiMinded,109,Balance,37.86999999999534,6.124957,9,1.1598,0.90218600000000004,6.124957,5.6777292499672098,4.8657618499672086,5.323255976503634,1,10,2,588,878
81,10,27,LinearSubgradientAuction,0.1,0.04,,True,,1000,10800,cats_path_g10b50,,False,CATS,50,paths,MultiMinded,354,Balance,118.21000000002095,6.033706,7,1.09603,0.84438299999999999,6.020901,5.3285039730632286,4.7374358730632276,5.512925463894331,1,10,6,567,847
82,10,40,LinearSubgradientAuction,0.1,0.04,,True,,1000,10800,cats_path_g10b50,,False,CATS,50,paths,MultiMinded,135,Balance,69.1699999999837,7.125598999999999,10,1.12357,0.66202150000000004,7.085456000000001,6.4629832630177768,5.800961763017777,6.4883493590799368,1,10,1,840,1250
83,10,29,LinearSubgradientAuction,0.1,0.04,,True,,1000,10800,cats_path_g10b50,,False,CATS,50,paths,MultiMinded,93,Balance,33.55999999999767,4.406853099999999,9,0.788029,0.64298299999999997,4.351878099999999,4.018148947495841,3.4516599314320584,3.9032652728974191,1,10,3,609,909
84,10,23,LinearSubgradientAuction,0.1,0.04,,True,,1000,10800,cats_path_g10b50,,False,CATS,50,paths,MultiMinded,1000,MaxIter,273.38999999998487,4.1736754000000005,9,0.851051,0.68298999999999999,3.3226244000000005,2.9248490729462824,2.4194364729462823,3.6708555609119506,1,9,4,460,677
85,10,26,LinearSubgradientAuction,0.1,0.04,,True,,1000,10800,cats_path_g10b50,,False,CATS,50,paths,MultiMinded,288,Balance,93.20999999999185,6.722310500000001,10,1.11978,0.81925350000000008,6.722310500000001,6.2563651478227618,5.4371116478227632,5.9034594580596806,1,10,3,546,816
86,10,25,LinearSubgradientAuction,0.1,0.04,,True,,1000,10800,cats_path_g10b50,,False,CATS,50,paths,MultiMinded,1000,MaxIter,309.63000000000466,6.8755869999999994,8,1.01302,0.62419199999999997,3.235907,3.5822888141472253,1.9579997098237949,5.2518265337207186,1,10,4,525,785
87,10,19,LinearSubgradientAuction,0.1,0.04,,True,,1000,10800,cats_path_g10b50,,False,CATS,50,paths,MultiMinded,1000,MaxIter,226.63000000000466,7.4913935,9,0.90213,0.84762199999999999,3.9519195,3.0252849864945448,1.642527493268974,6.1095774932014653,1,9,6,380,561
88,10,24,LinearSubgradientAuction,0.1,0.04,,True,,1000,10800,cats_path_g10b50,,False,CATS,50,paths,MultiMinded,128,Balance,38.63000000000466,6.671337600000001,9,1.23763,0.97929250000000001,6.671337600000001,5.5375985548152702,4.6911402917913989,5.88402569120667,1,10,2,504,754
89,10,30,LinearSubgradientAuction,0.1,0.04,,True,,1000,10800,cats_path_g10b50,,False,CATS,50,paths,MultiMinded,230,Balance,81.80999999999767,4.893484,9,0.957818,0.66029399999999994,4.893484,3.7879205361649948,3.2596853361649942,4.368602436968839,1,9,7,600,880
90,10,24,LinearSubgradientAuction,0.1,0.04,,True,,1000,10800,cats_path_g10b50,,False,CATS,50,paths,MultiMinded,273,Balance,81.64999999999418,4.9815499999999995,8,1.03037,0.59696149999999992,4.9815499999999995,4.5550099641876303,4.0774407641876298,4.5039938792222056,1,10,1,504,754
91,10,26,LinearSubgradientAuction,0.1,0.04,,True,,1000,10800,cats_path_g10b50,,False,CATS,50,paths,MultiMinded,553,Balance,176.63000000000466,5.608700000000001,9,1.15219,0.65921200000000002,5.608700000000001,4.8517921671041826,4.2585013671041825,5.0154421319534421,1,10,2,546,816
92,10,29,LinearSubgradientAuction,0.1,0.04,,True,,1000,10800,cats_path_g10b50,,False,CATS,50,paths,MultiMinded,1000,MaxIter,368.0899999999965,6.734538,6,1.30249,1.03973,5.870877999999999,6.4037652833090766,4.253810585123869,4.5916268423370994,1,10,7,609,909
93,10,36,LinearSubgradientAuction,0.1,0.04,,True,,1000,10800,cats_path_g10b50,,False,CATS,50,paths,MultiMinded,77,Balance,34.24000000001979,5.941976,7,1.19352,0.81540649999999992,5.927713,5.6547375456664666,5.0839529956664666,5.4995913658296978,1,10,5,756,1126
94,10,36,LinearSubgradientAuction,0.1,0.04,,True,,1000,10800,cats_path_g10b50,,False,CATS,50,paths,MultiMinded,103,Balance,46.04000000000815,6.659274999999999,10,1.32087,0.72828700000000002,6.659274999999999,6.170443545204912,5.442156545204913,5.9309872314500671,1,10,2,756,1126
95,10,20,LinearSubgradientAuction,0.1,0.04,,True,,1000,10800,cats_path_g10b50,,False,CATS,50,paths,MultiMinded,1000,MaxIter,236.22999999998137,5.242984999999999,5,0.986125,0.95783799999999997,3.311911,4.0658187152242569,1.490859468618533,2.6713151191026281,1,9,6,400,590
96,10,27,LinearSubgradientAuction,0.1,0.04,,True,,1000,10800,cats_path_g10b50,,False,CATS,50,paths,MultiMinded,116,Balance,39.41000000000349,5.968370999999999,9,1.36717,0.912686,5.968370999999999,5.4342458940842295,4.612828494084229,5.1514821549561756,1,10,4,567,847
97,10,40,LinearSubgradientAuction,0.1,0.04,,True,,1000,10800,cats_path_g10b50,,False,CATS,50,paths,MultiMinded,191,Balance,96.53000000002794,5.874736,9,1.39812,0.64802099999999996,5.874736,5.4279217039345351,4.8447028039345357,5.3546721088116529,1,10,1,840,1250
98,10,29,LinearSubgradientAuction,0.1,0.04,,True,,1000,10800,cats_path_g10b50,,False,CATS,50,paths,MultiMinded,468,Balance,169.7399999999907,8.221217,9,1.32075,0.95510399999999995,8.221217,7.2647440454688299,6.4051504454688279,7.3667681319936165,1,10,3,609,909
99,10,24,LinearSubgradientAuction,0.1,0.04,,True,,1000,10800,cats_path_g10b50,,False,CATS,50,paths,MultiMinded,212,Balance,63.73000000001048,4.068553,8,0.837895,0.57574999999999998,4.068553,3.803185289572812,3.3425852895728125,3.6585169872147247,1,10,5,504,754
100,10,26,LinearSubgradientAuction,0.1,0.04,,True,,1000,10800,cats_path_g10b50,,False,CATS,50,paths,MultiMinded,352,Balance,113.25,5.4685310000000005,9,1.22663,0.78226099999999998,5.4685310000000005,5.1270399822965711,4.4230050822965703,4.7644960999999997,1,10,0,546,816
