idx,items,agents,auction_class,epsilon,stepc,epoch,scalebyvalue,reserve_type,maxiter,maxtime,generator_param_name,personalized,int_prices,generator,bids,distribution,type,rounds,status,runtime,efficient_value,final_num_winners,final_max_agent_value,final_scalevalue,final_value,final_total_price,final_revenue,final_indirect_util,final_price_degree,final_price_sparsity,final_imbalance,final_wd_nvars,final_wd_ncons
1,10,41,LinearSubgradientAuction,0.025,0.08,,True,,1000,10800,cats_path_g10b50,,False,CATS,50,paths,MultiMinded,327,Balance,170.21000000000004,5.1295980000000005,10,1.05837,0.48806749999999999,5.121627600000001,4.3076996982864841,4.1856828232864833,5.0103395885573496,1,10,1,861,1281
2,10,32,LinearSubgradientAuction,0.025,0.08,,True,,1000,10800,cats_path_g10b50,,False,CATS,50,paths,MultiMinded,1000,MaxIter,380.4400000000005,5.881798,8,0.89658,0.700376,4.146522,4.6109202199522077,2.6316930579217055,3.9085790998090832,1,9,7,640,938
3,10,23,LinearSubgradientAuction,0.025,0.08,,True,,1000,10800,cats_path_g10b50,,False,CATS,50,paths,MultiMinded,93,Balance,26.48999999999978,6.1772789999999995,8,1.4872,0.84460199999999996,6.1772789999999995,5.7332145697599604,5.5642941697599602,6.021120604663964,1,10,2,483,723
4,10,24,LinearSubgradientAuction,0.025,0.08,,True,,1000,10800,cats_path_g10b50,,False,CATS,50,paths,MultiMinded,1000,MaxIter,300.0700000000006,5.0370452,7,0.92099,0.79058200000000001,4.1160552,3.7644249891121206,2.4865891843014296,3.7592123920572762,1,10,6,504,754
5,10,34,LinearSubgradientAuction,0.025,0.08,,True,,1000,10800,cats_path_g10b50,,False,CATS,50,paths,MultiMinded,48,Balance,20.48999999999978,6.641525,9,1.19553,0.74441100000000004,6.641525,6.4158707744893428,6.2483782994893415,6.4755289560457134,1,10,3,714,1064
6,10,26,LinearSubgradientAuction,0.025,0.08,,True,,1000,10800,cats_path_g10b50,,False,CATS,50,paths,MultiMinded,1000,MaxIter,322.8099999999995,7.117255999999999,9,1.27499,1.03579,5.236859,6.4649751599528358,4.5838700223307542,5.2361518623800434,1,10,4,546,816
7,10,30,LinearSubgradientAuction,0.025,0.08,,True,,1000,10800,cats_path_g10b50,,False,CATS,50,paths,MultiMinded,1000,MaxIter,372.9400000000005,5.604355000000001,8,0.860832,0.57241200000000003,3.68365,3.9507392816511198,3.3175892004232872,4.9714307765980639,1,10,6,630,940
8,10,29,LinearSubgradientAuction,0.025,0.08,,True,,1000,10800,cats_path_g10b50,,False,CATS,50,paths,MultiMinded,61,Balance,22.230000000000473,4.14936,8,1.21473,0.53942699999999999,4.14936,4.0490655628882415,3.9411801628882408,4.0435157240514146,1,10,2,609,909
9,10,34,LinearSubgradientAuction,0.025,0.08,,True,,1000,10800,cats_path_g10b50,,False,CATS,50,paths,MultiMinded,21,Balance,8.730000000000473,8.312487,10,1.40383,1.19224,8.312487,7.601780416734333,7.3037204167343344,8.0406646216164219,1,10,2,714,1064
10,10,35,LinearSubgradientAuction,0.025,0.08,,True,,1000,10800,cats_path_g10b50,,False,CATS,50,paths,MultiMinded,39,Balance,16.9399999999996,5.813495100000001,9,1.32539,0.73520450000000004,5.8134951,5.4079039811115583,5.242482968611557,5.6488692042960498,1,10,1,735,1095
11,10,32,LinearSubgradientAuction,0.025,0.08,,True,,1000,10800,cats_path_g10b50,,False,CATS,50,paths,MultiMinded,68,Balance,27.43000000000029,5.665188000000001,9,0.988013,0.84758449999999996,5.665008,5.4333867588665647,5.2426802463665636,5.5048973623754565,1,10,11,672,1002
12,10,31,LinearSubgradientAuction,0.025,0.08,,True,,1000,10800,cats_path_g10b50,,False,CATS,50,paths,MultiMinded,77,Balance,29.61999999999989,5.822862,8,1.20008,0.80469999999999997,5.822862,5.0683968951347671,4.9074568951347679,5.6619220000000006,1,10,0,651,971
13,10,24,LinearSubgradientAuction,0.025,0.08,,True,,1000,10800,cats_path_g10b50,,False,CATS,50,paths,MultiMinded,82,Balance,24.730000000000473,5.960460200000001,9,1.3072,0.85787999999999998,5.9559802,5.4264763886852556,5.2334533886852537,5.774705164119915,1,10,3,504,754
14,10,17,LinearSubgradientAuction,0.025,0.08,,True,,1000,10800,cats_path_g10b50,,False,CATS,50,paths,MultiMinded,128,Balance,25.73999999999978,5.653834,7,0.86218,0.82208099999999995,5.653834,3.9371849116884636,3.7933207366884636,5.5389424517504171,1,9,5,340,503
15,10,33,LinearSubgradientAuction,0.025,0.08,,True,,1000,10800,cats_path_g10b50,,False,CATS,50,paths,MultiMinded,60,Balance,24.769999999999527,5.368371,10,1.226,0.410271,5.368371,5.0182995464753581,4.9157317964753577,5.2658620834209131,1,10,1,693,1033
16,10,34,LinearSubgradientAuction,0.025,0.08,,True,,1000,10800,cats_path_g10b50,,False,CATS,50,paths,MultiMinded,77,Balance,30.529999999999745,6.969046,10,1.43412,0.68306999999999995,6.969046,5.807389857712197,5.6536991077121961,6.8153552499999996,1,9,0,680,996
17,10,30,LinearSubgradientAuction,0.025,0.08,,True,,1000,10800,cats_path_g10b50,,False,CATS,50,paths,MultiMinded,32,Balance,11.789999999999964,6.379521,9,1.33671,0.75658099999999995,6.379521,5.8851337710556049,5.7149030460556069,6.2092902750000016,1,10,0,630,940
18,10,28,LinearSubgradientAuction,0.025,0.08,,True,,1000,10800,cats_path_g10b50,,False,CATS,50,paths,MultiMinded,120,Balance,42.149999999999636,3.7659457999999995,10,0.809737,0.424898,3.7659457999999995,3.4038314708923556,3.2976069708923545,3.661737020656302,1,10,1,588,878
19,10,29,LinearSubgradientAuction,0.025,0.08,,True,,1000,10800,cats_path_g10b50,,False,CATS,50,paths,MultiMinded,44,Balance,15.779999999999745,5.399328000000001,8,0.984412,0.88883350000000005,5.399328000000001,4.9264597146358282,4.7486930146358288,5.2518071729087907,1,10,7,609,909
20,10,31,LinearSubgradientAuction,0.025,0.08,,True,,1000,10800,cats_path_g10b50,,False,CATS,50,paths,MultiMinded,33,Balance,11.88000000000011,5.347376,9,1.11574,0.85649200000000003,5.347376,4.0199026958532835,3.848604295853284,5.2015942110956104,1,9,5,620,909
21,10,33,LinearSubgradientAuction,0.025,0.08,,True,,1000,10800,cats_path_g10b50,,False,CATS,50,paths,MultiMinded,86,Balance,35.67000000000007,6.346977999999999,8,1.04535,0.887351,6.346977999999999,5.3709855591952236,5.1935153591952234,6.1884129860613797,1,10,4,693,1033
22,10,29,LinearSubgradientAuction,0.025,0.08,,True,,1000,10800,cats_path_g10b50,,False,CATS,50,paths,MultiMinded,92,Balance,33.340000000000146,3.679525,7,0.81347,0.62753999999999999,3.679525,3.5003780946708201,3.3905585946708201,3.5698333720960735,1,10,3,609,909
23,10,33,LinearSubgradientAuction,0.025,0.08,,True,,1000,10800,cats_path_g10b50,,False,CATS,50,paths,MultiMinded,50,Balance,19.890000000000327,6.968433999999999,9,1.11046,0.85569899999999999,6.968433999999999,6.0091708674914273,5.8166385924914277,6.796996806052424,1,10,1,693,1033
24,10,26,LinearSubgradientAuction,0.025,0.08,,True,,1000,10800,cats_path_g10b50,,False,CATS,50,paths,MultiMinded,1000,MaxIter,326.8200000000006,5.079491000000001,7,0.912266,0.59736,4.622273,4.5102775307445047,3.2351356105137348,3.8089718520206457,1,10,5,546,816
25,10,23,LinearSubgradientAuction,0.025,0.08,,True,,1000,10800,cats_path_g10b50,,False,CATS,50,paths,MultiMinded,74,Balance,21.109999999999673,5.799925999999999,9,0.932562,0.85897900000000005,5.799925999999999,5.5350551548625271,5.3417848798625265,5.6137659162221363,1,10,2,483,723
26,10,22,LinearSubgradientAuction,0.025,0.08,,True,,1000,10800,cats_path_g10b50,,False,CATS,50,paths,MultiMinded,1000,MaxIter,277.90000000000055,7.226532999999999,6,1.05046,0.94945649999999993,3.435324,3.8364299802677326,2.0845869993776365,5.4777248768182858,1,10,10,462,692
27,10,33,LinearSubgradientAuction,0.025,0.08,,True,,1000,10800,cats_path_g10b50,,False,CATS,50,paths,MultiMinded,81,Balance,32.93000000000029,5.22312,8,1.38199,0.74170000000000003,5.22312,4.8757271280493537,4.7273871280493545,5.0780611561502891,1,10,3,693,1033
28,10,38,LinearSubgradientAuction,0.025,0.08,,True,,1000,10800,cats_path_g10b50,,False,CATS,50,paths,MultiMinded,33,Balance,15.890000000000327,7.158904,10,1.38531,1.05223,7.158904,6.6453069075966091,6.3822494075966114,6.901066584980077,1,10,3,798,1188
29,10,22,LinearSubgradientAuction,0.025,0.08,,True,,1000,10800,cats_path_g10b50,,False,CATS,50,paths,MultiMinded,1000,MaxIter,278.75,5.222893,6,1.14292,0.81835199999999997,4.404541,4.8839519339165971,3.0105370286065374,3.356865293331285,1,10,7,462,692
30,10,26,LinearSubgradientAuction,0.025,0.08,,True,,1000,10800,cats_path_g10b50,,False,CATS,50,paths,MultiMinded,1000,MaxIter,328.8599999999997,8.367289,8,1.00864,0.79848300000000005,4.82465,4.4953751586359569,3.5619962388329265,7.4344051462727601,1,10,7,546,816
31,10,34,LinearSubgradientAuction,0.025,0.08,,True,,1000,10800,cats_path_g10b50,,False,CATS,50,paths,MultiMinded,125,Balance,53.32999999999993,7.570106999999999,9,1.56629,0.87534100000000004,7.570106999999999,7.0167577708459898,6.8198060458459917,7.3731781325060632,1,10,3,714,1064
32,10,22,LinearSubgradientAuction,0.025,0.08,,True,,1000,10800,cats_path_g10b50,,False,CATS,50,paths,MultiMinded,1000,MaxIter,276.78999999999996,5.8430159999999995,6,0.990041,0.83248200000000006,4.864184,5.053750410400772,3.1083968607864971,3.9035659105040263,1,10,6,462,692
33,10,23,LinearSubgradientAuction,0.025,0.08,,True,,1000,10800,cats_path_g10b50,,False,CATS,50,paths,MultiMinded,79,Balance,22.42999999999938,5.328471,8,1.14706,0.74653400000000003,5.328471,4.1007823674403285,3.9514755674403284,5.1886082902580792,1,10,3,483,723
34,10,23,LinearSubgradientAuction,0.025,0.08,,True,,1000,10800,cats_path_g10b50,,False,CATS,50,paths,MultiMinded,1000,MaxIter,285.6300000000001,4.414205,7,1.07941,0.93713999999999997,2.4969,3.5476699488179877,1.9486301869445857,2.8257954940568615,1,10,3,483,723
35,10,25,LinearSubgradientAuction,0.025,0.08,,True,,1000,10800,cats_path_g10b50,,False,CATS,50,paths,MultiMinded,162,Balance,50.780000000000655,6.118125,8,1.03776,0.84872099999999995,6.118125,5.6282004033890649,5.4584562033890656,5.9676296743339723,1,10,6,525,785
36,10,20,LinearSubgradientAuction,0.025,0.08,,True,,1000,10800,cats_path_g10b50,,False,CATS,50,paths,MultiMinded,26,Balance,6.479999999999563,2.51735,9,0.765931,0.744537,2.51735,2.2127236492161302,2.0505257456020236,2.3967587337913621,1,10,5,420,630
37,10,33,LinearSubgradientAuction,0.025,0.08,,True,,1000,10800,cats_path_g10b50,,False,CATS,50,paths,MultiMinded,27,Balance,11.070000000000618,6.394280999999999,9,1.32219,0.90059900000000004,6.394280999999999,5.8512587970076524,5.6486240220076525,6.1978304913853464,1,10,3,693,1033
38,10,37,LinearSubgradientAuction,0.025,0.08,,True,,1000,10800,cats_path_g10b50,,False,CATS,50,paths,MultiMinded,96,Balance,44.75,4.9241600000000005,8,1.27538,0.75259950000000009,4.9241600000000005,4.4732391831294489,4.3227192831294499,4.7888545036547816,1,10,9,777,1157
39,10,36,LinearSubgradientAuction,0.025,0.08,,True,,1000,10800,cats_path_g10b50,,False,CATS,50,paths,MultiMinded,44,Balance,19.699999999999818,7.180720999999999,10,1.37975,0.95457900000000007,7.180720999999999,6.7680961225696388,6.5294513725696399,6.9420762500000013,1,10,0,756,1126
40,10,24,LinearSubgradientAuction,0.025,0.08,,True,,1000,10800,cats_path_g10b50,,False,CATS,50,paths,MultiMinded,35,Balance,10.139999999999418,7.3709551,10,1.05191,0.99338300000000002,7.3694454,6.6565863790582487,6.4082406290582501,7.1418207222120991,1,10,8,504,754
41,10,20,LinearSubgradientAuction,0.025,0.08,,True,,1000,10800,cats_path_g10b50,,False,CATS,50,paths,MultiMinded,1000,MaxIter,252.71000000000004,11.936720999999999,7,1.66283,1.30715,4.534491,7.3591418998529416,3.691999333129147,8.2695774334770356,1,10,9,420,630
42,10,35,LinearSubgradientAuction,0.025,0.08,,True,,1000,10800,cats_path_g10b50,,False,CATS,50,paths,MultiMinded,58,Balance,25.05999999999949,5.98905,10,1.26887,0.57787949999999999,5.986124,5.7804947153259771,5.6360248403259776,5.8465395334335719,1,10,1,735,1095
43,10,34,LinearSubgradientAuction,0.025,0.08,,True,,1000,10800,cats_path_g10b50,,False,CATS,50,paths,MultiMinded,30,Balance,12.550000000000182,5.305578,8,1.49562,0.65433600000000003,5.305578,5.0844103639510969,4.9535431639510978,5.1884031780179694,1,10,3,714,1064
44,10,24,LinearSubgradientAuction,0.025,0.08,,True,,1000,10800,cats_path_g10b50,,False,CATS,50,paths,MultiMinded,59,Balance,17.36999999999989,5.406871999999999,9,0.914107,0.79918800000000001,5.406871999999999,4.8445100686711653,4.6646927686711654,5.2589624158927064,1,10,7,504,754
45,10,33,LinearSubgradientAuction,0.025,0.08,,True,,1000,10800,cats_path_g10b50,,False,CATS,50,paths,MultiMinded,112,Balance,45.97999999999956,4.392568,7,1.04017,0.61580250000000003,4.392568,4.3130495576545496,4.2052841201545501,4.295496964686258,1,10,3,693,1033
46,10,37,LinearSubgradientAuction,0.025,0.08,,True,,1000,10800,cats_path_g10b50,,False,CATS,50,paths,MultiMinded,36,Balance,16.399999999999636,7.650231000000001,10,1.33928,0.87604700000000002,7.650231000000001,6.9584691922962572,6.7394574422962572,7.4588976773428337,1,10,2,777,1157
47,10,26,LinearSubgradientAuction,0.025,0.08,,True,,1000,10800,cats_path_g10b50,,False,CATS,50,paths,MultiMinded,114,Balance,37.159999999999854,4.863733,8,1.11721,0.68613100000000005,4.863733,4.7338219322649904,4.5965957322649897,4.7460234824040679,1,10,8,546,816
48,10,40,LinearSubgradientAuction,0.025,0.08,,True,,1000,10800,cats_path_g10b50,,False,CATS,50,paths,MultiMinded,1000,MaxIter,503.4399999999996,13.668893,9,1.73275,0.850549,5.57867,6.3393294611274973,4.8658822081940514,12.195445747066556,1,10,8,840,1250
49,10,25,LinearSubgradientAuction,0.025,0.08,,True,,1000,10800,cats_path_g10b50,,False,CATS,50,paths,MultiMinded,1000,MaxIter,311.3200000000006,4.105134,7,0.775577,0.59589599999999998,2.988826,3.993923429052936,2.7918472533670728,2.9070237158462096,1,10,5,525,785
50,10,43,LinearSubgradientAuction,0.025,0.08,,True,,1000,10800,cats_path_g10b50,,False,CATS,50,paths,MultiMinded,60,Balance,32.529999999999745,7.516903,10,1.3359,0.92906500000000003,7.516903,7.2344667168295906,7.0022004668295876,7.2851021877568538,1,10,2,903,1343
51,10,23,LinearSubgradientAuction,0.025,0.08,,True,,1000,10800,cats_path_g10b50,,False,CATS,50,paths,MultiMinded,1000,MaxIter,291.53999999999996,3.8581627999999997,7,0.728995,0.60365150000000001,3.2477247999999994,3.5068500149019277,2.2551214534252488,2.6124724308594462,1,10,6,483,723
52,10,28,LinearSubgradientAuction,0.025,0.08,,True,,1000,10800,cats_path_g10b50,,False,CATS,50,paths,MultiMinded,43,Balance,14.849999999999454,6.103176,9,1.01863,0.782582,6.1031759999999995,5.5712524806287247,5.3951715306287236,5.9290028018693359,1,10,5,588,878
53,10,26,LinearSubgradientAuction,0.025,0.08,,True,,1000,10800,cats_path_g10b50,,False,CATS,50,paths,MultiMinded,1000,MaxIter,303.8699999999999,9.548895000000002,10,1.84651,1.2191000000000001,8.309625,7.8178875896921411,6.3774988728422439,8.1113499671949398,1,9,4,520,764
54,10,30,LinearSubgradientAuction,0.025,0.08,,True,,1000,10800,cats_path_g10b50,,False,CATS,50,paths,MultiMinded,66,Balance,24.039999999999964,3.5444180000000003,9,0.62406,0.46356900000000001,3.5444180000000003,3.2153787829360336,3.1110757579360344,3.4509274079404135,1,10,3,630,940
55,10,24,LinearSubgradientAuction,0.025,0.08,,True,,1000,10800,cats_path_g10b50,,False,CATS,50,paths,MultiMinded,1000,MaxIter,302.34999999999945,5.614495000000001,7,1.03261,0.81608499999999995,4.691238,5.2628196859816816,3.4869596734169184,3.8448308440449042,1,10,6,504,754
56,10,26,LinearSubgradientAuction,0.025,0.08,,True,,1000,10800,cats_path_g10b50,,False,CATS,50,paths,MultiMinded,46,Balance,14.829999999999927,5.021542,7,1.22335,0.86009449999999998,5.021542,4.8769479205316291,4.7264313830316285,4.9034815474460158,1,10,8,546,816
57,10,29,LinearSubgradientAuction,0.025,0.08,,True,,1000,10800,cats_path_g10b50,,False,CATS,50,paths,MultiMinded,53,Balance,19.199999999999818,5.662903,10,1.20543,0.7060765,5.662903,5.0305744162348596,4.85405529123486,5.4938232819513004,1,10,2,609,909
58,10,32,LinearSubgradientAuction,0.025,0.08,,True,,1000,10800,cats_path_g10b50,,False,CATS,50,paths,MultiMinded,39,Balance,15.350000000000364,5.435453000000001,8,1.10141,0.84788050000000004,5.435453000000001,4.9816696863149144,4.8120935863149139,5.2664048203984644,1,10,2,672,1002
59,10,31,LinearSubgradientAuction,0.025,0.08,,True,,1000,10800,cats_path_g10b50,,False,CATS,50,paths,MultiMinded,57,Balance,21.609999999999673,7.500881000000001,9,1.37858,1.0170600000000001,7.500881000000001,6.9793681718439924,6.7505296718439922,7.2856972689204635,1,10,2,651,971
60,10,18,LinearSubgradientAuction,0.025,0.08,,True,,1000,10800,cats_path_g10b50,,False,CATS,50,paths,MultiMinded,1000,MaxIter,227.92000000000007,3.938055,6,1.01239,0.77787200000000001,3.3282049999999996,3.1721052085155099,1.8951802584534294,2.6709634512792491,1,10,6,378,568
61,10,39,LinearSubgradientAuction,0.025,0.08,,True,,1000,10800,cats_path_g10b50,,False,CATS,50,paths,MultiMinded,43,Balance,20.75,6.514431,10,1.15445,0.68256899999999998,6.514431,5.7769088701740641,5.606266620174063,6.343788749999999,1,10,0,819,1219
62,10,24,LinearSubgradientAuction,0.025,0.08,,True,,1000,10800,cats_path_g10b50,,False,CATS,50,paths,MultiMinded,211,Balance,64.09000000000015,5.874828,8,1.13322,0.74950450000000002,5.874828,5.3964106767493902,5.2465097767493898,5.7325455505938168,1,10,2,504,754
63,10,26,LinearSubgradientAuction,0.025,0.08,,True,,1000,10800,cats_path_g10b50,,False,CATS,50,paths,MultiMinded,1000,MaxIter,326.9200000000001,10.817572,9,1.05624,0.85327799999999998,5.0590150000000005,4.8642970667502032,4.4005989595531858,10.357461648935793,1,10,10,546,816
64,10,15,LinearSubgradientAuction,0.025,0.08,,True,,1000,10800,cats_path_g10b50,,False,CATS,50,paths,MultiMinded,63,Balance,11.989999999999782,4.3252115,8,1.18924,0.88682499999999997,4.325211500000001,3.7589796224152892,3.5907960210437659,4.1989815687740766,1,10,7,315,475
65,10,35,LinearSubgradientAuction,0.025,0.08,,True,,1000,10800,cats_path_g10b50,,False,CATS,50,paths,MultiMinded,1000,MaxIter,441.5100000000002,9.498291,9,1.37422,0.81186400000000003,6.960061000000001,6.4987365114538207,5.1121253863017095,8.1116798748478889,1,10,2,735,1095
66,10,22,LinearSubgradientAuction,0.025,0.08,,True,,1000,10800,cats_path_g10b50,,False,CATS,50,paths,MultiMinded,1000,MaxIter,274.03000000000065,6.527464,5,1.20805,0.92267349999999992,3.032634,5.6726067258751138,1.5330201408465609,2.3880439240349487,1,10,4,462,692
67,10,31,LinearSubgradientAuction,0.025,0.08,,True,,1000,10800,cats_path_g10b50,,False,CATS,50,paths,MultiMinded,81,Balance,31.090000000000146,4.99912,8,0.980804,0.62215900000000002,4.99912,4.7392582815272286,4.6148264815272286,4.8793948633710453,1,10,3,651,971
68,10,21,LinearSubgradientAuction,0.025,0.08,,True,,1000,10800,cats_path_g10b50,,False,CATS,50,paths,MultiMinded,1000,MaxIter,264.5100000000002,4.354444,6,1.10844,0.58718800000000004,3.7672560000000006,4.0679492320249704,2.8222050284464815,3.119915826432857,1,10,7,441,661
69,10,31,LinearSubgradientAuction,0.025,0.08,,True,,1000,10800,cats_path_g10b50,,False,CATS,50,paths,MultiMinded,280,Balance,109.84999999999945,4.638021,8,0.932286,0.72681200000000001,4.638021,4.4069252648651585,4.2615628648651578,4.4939735741670486,1,10,3,651,971
70,10,32,LinearSubgradientAuction,0.025,0.08,,True,,1000,10800,cats_path_g10b50,,False,CATS,50,paths,MultiMinded,88,Balance,35.099999999999454,5.529561,10,0.883645,0.71283099999999999,5.528168000000001,5.076301572003735,4.8980938220037356,5.3550383320195252,1,10,1,672,1002
71,10,29,LinearSubgradientAuction,0.025,0.08,,True,,1000,10800,cats_path_g10b50,,False,CATS,50,paths,MultiMinded,57,Balance,20.470000000000255,3.8155849999999996,8,0.722118,0.584781,3.8155849999999996,3.6083586481678429,3.4914024481678427,3.7120973543998983,1,10,4,609,909
72,10,23,LinearSubgradientAuction,0.025,0.08,,True,,1000,10800,cats_path_g10b50,,False,CATS,50,paths,MultiMinded,61,Balance,17.390000000000327,4.337076,9,1.09941,0.63108900000000001,4.337076,4.0524510149916377,3.9104559899916382,4.2152242661056416,1,10,4,483,723
73,10,23,LinearSubgradientAuction,0.025,0.08,,True,,1000,10800,cats_path_g10b50,,False,CATS,50,paths,MultiMinded,1000,MaxIter,289.3699999999999,4.733565,6,1.17805,0.79788950000000003,3.8040160000000003,4.5826372338636521,3.163733086676888,3.3161964477016017,1,10,6,483,723
74,10,28,LinearSubgradientAuction,0.025,0.08,,True,,1000,10800,cats_path_g10b50,,False,CATS,50,paths,MultiMinded,33,Balance,11.430000000000291,4.250006,8,0.944433,0.60220899999999999,4.250006,4.0828905113210361,3.9624487113210365,4.1400541430786593,1,10,3,588,878
75,10,23,LinearSubgradientAuction,0.025,0.08,,True,,1000,10800,cats_path_g10b50,,False,CATS,50,paths,MultiMinded,78,Balance,22.670000000000073,4.765222,7,0.954458,0.87700599999999995,4.765222,4.5136576902003682,4.3601816402003681,4.6352107043050736,1,10,7,483,723
76,10,29,LinearSubgradientAuction,0.025,0.08,,True,,1000,10800,cats_path_g10b50,,False,CATS,50,paths,MultiMinded,23,Balance,7.609999999999673,6.904471,9,1.28641,1.1137699999999999,6.904471,5.5864142530240137,5.3636602530240118,6.7468471167017015,1,9,10,580,851
77,10,20,LinearSubgradientAuction,0.025,0.08,,True,,1000,10800,cats_path_g10b50,,False,CATS,50,paths,MultiMinded,338,Balance,85.88000000000011,3.7830920000000003,7,0.987819,0.58873500000000001,3.7830920000000003,3.6467210216520956,3.5436923966520952,3.7010237036481604,1,10,7,420,630
78,10,31,LinearSubgradientAuction,0.025,0.08,,True,,1000,10800,cats_path_g10b50,,False,CATS,50,paths,MultiMinded,34,Balance,12.970000000000255,6.355665,9,1.59706,0.92678550000000004,6.355665,6.1530147513834752,5.9444880138834755,6.1471547506868829,1,10,2,651,971
79,10,26,LinearSubgradientAuction,0.025,0.08,,True,,1000,10800,cats_path_g10b50,,False,CATS,50,paths,MultiMinded,207,Balance,67.47000000000025,6.17396,9,1.51269,0.757185,6.17396,5.71104987507338,5.5406832500733785,6.01842825514903,1,10,1,546,816
80,10,28,LinearSubgradientAuction,0.025,0.08,,True,,1000,10800,cats_path_g10b50,,False,CATS,50,paths,MultiMinded,37,Balance,12.6899999999996,6.124957,9,1.1598,0.90218600000000004,6.124957,5.7265033033761412,5.5235114533761411,5.9241751601932835,1,10,1,588,878
81,10,27,LinearSubgradientAuction,0.025,0.08,,True,,1000,10800,cats_path_g10b50,,False,CATS,50,paths,MultiMinded,122,Balance,40.60999999999967,6.033706,7,1.09603,0.84438299999999999,6.020901,5.4997838704621511,5.3520168454621508,5.9015884097994267,1,10,6,567,847
82,10,40,LinearSubgradientAuction,0.025,0.08,,True,,1000,10800,cats_path_g10b50,,False,CATS,50,paths,MultiMinded,43,Balance,21.44000000000051,7.125598999999999,10,1.12357,0.66202150000000004,7.125598999999999,6.5163878793722434,6.3508825043722448,6.9600936250000007,1,10,0,840,1250
83,10,29,LinearSubgradientAuction,0.025,0.08,,True,,1000,10800,cats_path_g10b50,,False,CATS,50,paths,MultiMinded,50,Balance,17.859999999999673,4.406853099999999,9,0.788029,0.64298299999999997,4.4044344,4.1486634206079733,4.0039922456079724,4.2651377995443642,1,10,1,609,909
84,10,23,LinearSubgradientAuction,0.025,0.08,,True,,1000,10800,cats_path_g10b50,,False,CATS,50,paths,MultiMinded,1000,MaxIter,270.02999999999975,4.1736754000000005,9,0.851051,0.68298999999999999,3.3226244000000005,2.9629365669934145,2.8263385669934151,4.0417880271202762,1,9,4,460,677
85,10,26,LinearSubgradientAuction,0.025,0.08,,True,,1000,10800,cats_path_g10b50,,False,CATS,50,paths,MultiMinded,103,Balance,33.0,6.722310500000001,10,1.11978,0.81925350000000008,6.722310500000001,6.2814888851634905,6.0766755101634908,6.518262440205131,1,10,3,546,816
86,10,25,LinearSubgradientAuction,0.025,0.08,,True,,1000,10800,cats_path_g10b50,,False,CATS,50,paths,MultiMinded,1000,MaxIter,308.3800000000001,6.8755869999999994,8,1.01302,0.62419199999999997,3.8600990000000004,3.7093075644635105,2.9739075181205834,6.1417662594345357,1,10,4,525,785
87,10,19,LinearSubgradientAuction,0.025,0.08,,True,,1000,10800,cats_path_g10b50,,False,CATS,50,paths,MultiMinded,1000,MaxIter,226.9400000000005,7.4913935,10,0.90213,0.84762199999999999,3.8963675,3.0721971824427645,2.7871146287661515,7.2106036834797766,1,9,8,380,561
88,10,24,LinearSubgradientAuction,0.025,0.08,,True,,1000,10800,cats_path_g10b50,,False,CATS,50,paths,MultiMinded,52,Balance,15.460000000000036,6.671337600000001,9,1.23763,0.97929250000000001,6.671337600000001,5.7128647076692083,5.4925238951692084,6.4589531160685292,1,10,1,504,754
89,10,30,LinearSubgradientAuction,0.025,0.08,,True,,1000,10800,cats_path_g10b50,,False,CATS,50,paths,MultiMinded,84,Balance,29.670000000000073,4.893484,9,0.957818,0.66029399999999994,4.893484,3.8040141637477753,3.671955363747776,4.7702220606813412,1,9,7,600,880
90,10,24,LinearSubgradientAuction,0.025,0.08,,True,,1000,10800,cats_path_g10b50,,False,CATS,50,paths,MultiMinded,76,Balance,22.230000000000473,4.9815499999999995,8,1.03037,0.59696149999999992,4.9815499999999995,4.5981138549495348,4.4787215549495345,4.8698910273384772,1,10,1,504,754
91,10,26,LinearSubgradientAuction,0.025,0.08,,True,,1000,10800,cats_path_g10b50,,False,CATS,50,paths,MultiMinded,172,Balance,55.42000000000007,5.608700000000001,9,1.15219,0.65921200000000002,5.606121,4.8807264956326959,4.7324037956326963,5.4626180152385606,1,10,3,546,816
92,10,29,LinearSubgradientAuction,0.025,0.08,,True,,1000,10800,cats_path_g10b50,,False,CATS,50,paths,MultiMinded,227,Balance,81.97999999999956,6.734538,7,1.30249,1.03973,6.734538,6.413425359058361,6.2314726090583621,6.5600421428888565,1,10,4,609,909
93,10,36,LinearSubgradientAuction,0.025,0.08,,True,,1000,10800,cats_path_g10b50,,False,CATS,50,paths,MultiMinded,34,Balance,14.970000000000255,5.941976,7,1.19352,0.81540649999999992,5.940651000000001,5.790537603992866,5.6478414664928653,5.8220985102582565,1,10,6,756,1126
94,10,36,LinearSubgradientAuction,0.025,0.08,,True,,1000,10800,cats_path_g10b50,,False,CATS,50,paths,MultiMinded,34,Balance,15.199999999999818,6.659274999999999,10,1.32087,0.72828700000000002,6.659274999999999,6.1830198529440041,6.0009481029440064,6.477973417352163,1,10,2,756,1126
95,10,20,LinearSubgradientAuction,0.025,0.08,,True,,1000,10800,cats_path_g10b50,,False,CATS,50,paths,MultiMinded,1000,MaxIter,236.52999999999975,5.242984999999999,6,0.986125,0.95783799999999997,4.882101,4.2299663198810427,2.8205856817001207,3.8481717203431742,1,9,8,400,590
96,10,27,LinearSubgradientAuction,0.025,0.08,,True,,1000,10800,cats_path_g10b50,,False,CATS,50,paths,MultiMinded,39,Balance,12.960000000000036,5.968370999999999,9,1.36717,0.912686,5.968370999999999,5.60843953438909,5.4030851843890915,5.7661853068465501,1,10,1,567,847
97,10,40,LinearSubgradientAuction,0.025,0.08,,True,,1000,10800,cats_path_g10b50,,False,CATS,50,paths,MultiMinded,82,Balance,40.80999999999949,5.874736,9,1.39812,0.64802099999999996,5.874736,5.4232101886544832,5.2774054636544818,5.7407268711375394,1,10,1,840,1250
98,10,29,LinearSubgradientAuction,0.025,0.08,,True,,1000,10800,cats_path_g10b50,,False,CATS,50,paths,MultiMinded,140,Balance,51.32999999999993,8.221217,9,1.32075,0.95510399999999995,8.221217,7.2953641275145795,7.0804657275145813,8.0153142527092207,1,10,3,609,909
99,10,24,LinearSubgradientAuction,0.025,0.08,,True,,1000,10800,cats_path_g10b50,,False,CATS,50,paths,MultiMinded,94,Balance,28.11999999999989,4.068553,8,0.837895,0.57574999999999998,4.068553,3.8739124925343171,3.7587624925343173,3.963769881164652,1,10,4,504,754
100,10,26,LinearSubgradientAuction,0.025,0.08,,True,,1000,10800,cats_path_g10b50,,False,CATS,50,paths,MultiMinded,92,Balance,29.800000000000182,5.4685310000000005,9,1.22663,0.78226099999999998,5.4685310000000005,5.1002015548732871,4.924192829873288,5.3050654010082132,1,10,5,546,816
