idx,items,agents,auction_class,epsilon,stepc,epoch,scalebyvalue,reserve_type,maxiter,maxtime,generator_param_name,personalized,int_prices,generator,bids,distribution,type,rounds,status,runtime,efficient_value,final_num_winners,final_max_agent_value,final_scalevalue,final_value,final_total_price,final_revenue,final_indirect_util,final_price_degree,final_price_sparsity,final_imbalance,final_wd_nvars,final_wd_ncons
1,10,41,LinearSubgradientAuction,0.05,0.08,,True,,1000,10800,cats_path_g10b50,,False,CATS,50,paths,MultiMinded,305,Balance,159.20999999999185,5.1295980000000005,10,1.05837,0.48806749999999999,5.121627600000001,4.2857437663665952,4.0417100163665962,4.901528625930208,1,10,1,861,1281
2,10,32,LinearSubgradientAuction,0.05,0.08,,True,,1000,10800,cats_path_g10b50,,False,CATS,50,paths,MultiMinded,1000,MaxIter,379.0799999999872,5.881798,8,0.89658,0.700376,4.146522,4.6109202199522077,2.5441460579217048,3.8210320998090825,1,9,7,640,938
3,10,23,LinearSubgradientAuction,0.05,0.08,,True,,1000,10800,cats_path_g10b50,,False,CATS,50,paths,MultiMinded,93,Balance,26.679999999993015,6.1772789999999995,8,1.4872,0.84460199999999996,6.1772789999999995,5.7332145697599604,5.3953737697599591,5.852200204663963,1,10,2,483,723
4,10,24,LinearSubgradientAuction,0.05,0.08,,True,,1000,10800,cats_path_g10b50,,False,CATS,50,paths,MultiMinded,1000,MaxIter,298.9799999999959,5.0370452,7,0.92099,0.79058200000000001,4.1160552,3.7644249891121206,2.3680018843014299,3.6406250920572765,1,10,6,504,754
5,10,34,LinearSubgradientAuction,0.05,0.08,,True,,1000,10800,cats_path_g10b50,,False,CATS,50,paths,MultiMinded,48,Balance,20.19000000000233,6.641525,9,1.19553,0.74441100000000004,6.641525,6.4158707744893428,6.0808858244893438,6.3080364810457157,1,10,3,714,1064
6,10,26,LinearSubgradientAuction,0.05,0.08,,True,,1000,10800,cats_path_g10b50,,False,CATS,50,paths,MultiMinded,1000,MaxIter,325.4499999999971,7.117255999999999,9,1.27499,1.03579,5.236859,6.4649751599528358,4.4026067723307545,5.0548886123800436,1,10,4,546,816
7,10,30,LinearSubgradientAuction,0.05,0.08,,True,,1000,10800,cats_path_g10b50,,False,CATS,50,paths,MultiMinded,1000,MaxIter,373.7299999999959,5.604355000000001,8,0.860832,0.57241200000000003,3.68365,3.9507392816511198,3.2174171004232872,4.8712586765980639,1,10,6,630,940
8,10,29,LinearSubgradientAuction,0.05,0.08,,True,,1000,10800,cats_path_g10b50,,False,CATS,50,paths,MultiMinded,61,Balance,21.819999999992433,4.14936,8,1.21473,0.53942699999999999,4.14936,4.0490655628882415,3.8332947628882406,3.9356303240514148,1,10,2,609,909
9,10,34,LinearSubgradientAuction,0.05,0.08,,True,,1000,10800,cats_path_g10b50,,False,CATS,50,paths,MultiMinded,19,Balance,7.849999999991269,8.312487,10,1.40383,1.19224,8.312487,7.5787908242102811,6.9826708242102828,7.7690633712201098,1,10,3,714,1064
10,10,35,LinearSubgradientAuction,0.05,0.08,,True,,1000,10800,cats_path_g10b50,,False,CATS,50,paths,MultiMinded,39,Balance,16.819999999992433,5.813495100000001,9,1.32539,0.73520450000000004,5.8134951,5.4079039811115583,5.0770619561115575,5.4834481917960503,1,10,1,735,1095
11,10,32,LinearSubgradientAuction,0.05,0.08,,True,,1000,10800,cats_path_g10b50,,False,CATS,50,paths,MultiMinded,28,Balance,10.94999999999709,5.665188000000001,9,0.988013,0.84758449999999996,5.665008,5.4105800194765763,5.0291669944765758,5.3950963793446212,1,10,11,672,1002
12,10,31,LinearSubgradientAuction,0.05,0.08,,True,,1000,10800,cats_path_g10b50,,False,CATS,50,paths,MultiMinded,77,Balance,29.69999999999709,5.822862,8,1.20008,0.80469999999999997,5.822862,5.0683968951347671,4.7465168951347669,5.5009819999999996,1,10,0,651,971
13,10,24,LinearSubgradientAuction,0.05,0.08,,True,,1000,10800,cats_path_g10b50,,False,CATS,50,paths,MultiMinded,82,Balance,24.830000000001746,5.960460200000001,9,1.3072,0.85787999999999998,5.9559802,5.4264763886852556,5.0404303886852535,5.5816821641199148,1,10,3,504,754
14,10,17,LinearSubgradientAuction,0.05,0.08,,True,,1000,10800,cats_path_g10b50,,False,CATS,50,paths,MultiMinded,121,Balance,24.20999999999185,5.653834,7,0.86218,0.82208099999999995,5.653834,3.8897402609877769,3.6020119109877777,5.4090450216068193,1,9,5,340,503
15,10,33,LinearSubgradientAuction,0.05,0.08,,True,,1000,10800,cats_path_g10b50,,False,CATS,50,paths,MultiMinded,60,Balance,24.80000000000291,5.368371,10,1.226,0.410271,5.368371,5.0182995464753581,4.8131640464753582,5.1632943334209136,1,10,1,693,1033
16,10,34,LinearSubgradientAuction,0.05,0.08,,True,,1000,10800,cats_path_g10b50,,False,CATS,50,paths,MultiMinded,77,Balance,30.569999999992433,6.969046,10,1.43412,0.68306999999999995,6.969046,5.807389857712197,5.5000083577121952,6.6616644999999988,1,9,0,680,996
17,10,30,LinearSubgradientAuction,0.05,0.08,,True,,1000,10800,cats_path_g10b50,,False,CATS,50,paths,MultiMinded,32,Balance,11.660000000003492,6.379521,9,1.33671,0.75658099999999995,6.379521,5.8851337710556049,5.5446723210556046,6.0390595499999993,1,10,0,630,940
18,10,28,LinearSubgradientAuction,0.05,0.08,,True,,1000,10800,cats_path_g10b50,,False,CATS,50,paths,MultiMinded,120,Balance,41.86000000000058,3.7659457999999995,10,0.809737,0.424898,3.7659457999999995,3.4038314708923556,3.1913824708923553,3.5555125206563027,1,10,1,588,878
19,10,29,LinearSubgradientAuction,0.05,0.08,,True,,1000,10800,cats_path_g10b50,,False,CATS,50,paths,MultiMinded,44,Balance,15.639999999999418,5.399328000000001,8,0.984412,0.88883350000000005,5.399328000000001,4.9264597146358282,4.5709263146358294,5.0740404729087913,1,10,7,609,909
20,10,31,LinearSubgradientAuction,0.05,0.08,,True,,1000,10800,cats_path_g10b50,,False,CATS,50,paths,MultiMinded,33,Balance,11.860000000000582,5.347376,9,1.11574,0.85649200000000003,5.347376,4.0199026958532835,3.6773058958532836,5.03029581109561,1,9,5,620,909
21,10,33,LinearSubgradientAuction,0.05,0.08,,True,,1000,10800,cats_path_g10b50,,False,CATS,50,paths,MultiMinded,86,Balance,35.15999999998894,6.346977999999999,8,1.04535,0.887351,6.346977999999999,5.3709855591952236,5.0160451591952242,6.0109427860613804,1,10,4,693,1033
22,10,29,LinearSubgradientAuction,0.05,0.08,,True,,1000,10800,cats_path_g10b50,,False,CATS,50,paths,MultiMinded,92,Balance,33.580000000001746,3.679525,7,0.81347,0.62753999999999999,3.679525,3.5003780946708201,3.2807390946708201,3.4600138720960736,1,10,3,609,909
23,10,33,LinearSubgradientAuction,0.05,0.08,,True,,1000,10800,cats_path_g10b50,,False,CATS,50,paths,MultiMinded,47,Balance,18.60999999998603,6.968433999999999,9,1.11046,0.85569899999999999,6.968433999999999,5.9697459500570265,5.5846814000570264,6.6243306142011091,1,10,1,693,1033
24,10,26,LinearSubgradientAuction,0.05,0.08,,True,,1000,10800,cats_path_g10b50,,False,CATS,50,paths,MultiMinded,1000,MaxIter,328.61999999999534,5.079491000000001,7,0.912266,0.59736,4.622273,4.5102775307445047,3.1455316105137339,3.7193678520206448,1,10,5,546,816
25,10,23,LinearSubgradientAuction,0.05,0.08,,True,,1000,10800,cats_path_g10b50,,False,CATS,50,paths,MultiMinded,74,Balance,21.05999999999767,5.799925999999999,9,0.932562,0.85897900000000005,5.799925999999999,5.5350551548625271,5.1485146048625259,5.4204956412221357,1,10,2,483,723
26,10,22,LinearSubgradientAuction,0.05,0.08,,True,,1000,10800,cats_path_g10b50,,False,CATS,50,paths,MultiMinded,1000,MaxIter,277.52999999999884,7.226532999999999,6,1.05046,0.94945649999999993,3.435324,3.8364299802677326,1.9896413493776357,5.3827792268182852,1,10,10,462,692
27,10,33,LinearSubgradientAuction,0.05,0.08,,True,,1000,10800,cats_path_g10b50,,False,CATS,50,paths,MultiMinded,81,Balance,33.330000000001746,5.22312,8,1.38199,0.74170000000000003,5.22312,4.8757271280493537,4.5790471280493543,4.9297211561502898,1,10,3,693,1033
28,10,38,LinearSubgradientAuction,0.05,0.08,,True,,1000,10800,cats_path_g10b50,,False,CATS,50,paths,MultiMinded,33,Balance,15.75,7.158904,10,1.38531,1.05223,7.158904,6.6453069075966091,6.1191919075966092,6.6380090849800748,1,10,3,798,1188
29,10,22,LinearSubgradientAuction,0.05,0.08,,True,,1000,10800,cats_path_g10b50,,False,CATS,50,paths,MultiMinded,1000,MaxIter,275.41999999999825,5.222893,6,1.14292,0.81835199999999997,4.404541,4.8839519339165971,2.9082430286065373,3.2545712933312849,1,10,7,462,692
30,10,26,LinearSubgradientAuction,0.05,0.08,,True,,1000,10800,cats_path_g10b50,,False,CATS,50,paths,MultiMinded,1000,MaxIter,327.429999999993,8.367289,8,1.00864,0.79848300000000005,4.82465,4.4953751586359569,3.4222617138329263,7.2946706212727594,1,10,7,546,816
31,10,34,LinearSubgradientAuction,0.05,0.08,,True,,1000,10800,cats_path_g10b50,,False,CATS,50,paths,MultiMinded,125,Balance,53.83999999999651,7.570106999999999,9,1.56629,0.87534100000000004,7.570106999999999,7.0167577708459898,6.6228543208459918,7.1762264075060633,1,10,3,714,1064
32,10,22,LinearSubgradientAuction,0.05,0.08,,True,,1000,10800,cats_path_g10b50,,False,CATS,50,paths,MultiMinded,1000,MaxIter,274.5,5.8430159999999995,6,0.990041,0.83248200000000006,4.864184,5.053750410400772,3.0043366107864973,3.7995056605040265,1,10,6,462,692
33,10,23,LinearSubgradientAuction,0.05,0.08,,True,,1000,10800,cats_path_g10b50,,False,CATS,50,paths,MultiMinded,78,Balance,22.39999999999418,5.328471,8,1.14706,0.74653400000000003,5.328471,4.1075446338675938,3.8089310338675939,5.0595882895398745,1,10,3,483,723
34,10,23,LinearSubgradientAuction,0.05,0.08,,True,,1000,10800,cats_path_g10b50,,False,CATS,50,paths,MultiMinded,1000,MaxIter,289.5100000000093,4.414205,7,1.07941,0.93713999999999997,2.4969,3.5476699488179877,1.831487686944586,2.7086529940568616,1,10,3,483,723
35,10,25,LinearSubgradientAuction,0.05,0.08,,True,,1000,10800,cats_path_g10b50,,False,CATS,50,paths,MultiMinded,157,Balance,49.679999999993015,6.118125,8,1.03776,0.84872099999999995,6.118125,5.6281493589759863,5.2886609589759859,5.8200376561156757,1,10,8,525,785
36,10,20,LinearSubgradientAuction,0.05,0.08,,True,,1000,10800,cats_path_g10b50,,False,CATS,50,paths,MultiMinded,26,Balance,6.260000000009313,2.51735,9,0.765931,0.744537,2.51735,2.2127236492161302,1.9016183456020246,2.2478513337913633,1,10,5,420,630
37,10,33,LinearSubgradientAuction,0.05,0.08,,True,,1000,10800,cats_path_g10b50,,False,CATS,50,paths,MultiMinded,27,Balance,10.860000000000582,6.394280999999999,9,1.32219,0.90059900000000004,6.394280999999999,5.8512587970076524,5.4459892470076525,5.9951957163853464,1,10,3,693,1033
38,10,37,LinearSubgradientAuction,0.05,0.08,,True,,1000,10800,cats_path_g10b50,,False,CATS,50,paths,MultiMinded,96,Balance,44.370000000009895,4.9241600000000005,8,1.27538,0.75259950000000009,4.9241600000000005,4.4732391831294489,4.172199383129449,4.6383346036547808,1,10,9,777,1157
39,10,36,LinearSubgradientAuction,0.05,0.08,,True,,1000,10800,cats_path_g10b50,,False,CATS,50,paths,MultiMinded,44,Balance,20.039999999993597,7.180720999999999,10,1.37975,0.95457900000000007,7.180720999999999,6.7680961225696388,6.2908066225696375,6.7034314999999989,1,10,0,756,1126
40,10,24,LinearSubgradientAuction,0.05,0.08,,True,,1000,10800,cats_path_g10b50,,False,CATS,50,paths,MultiMinded,35,Balance,10.25,7.3709551,10,1.05191,0.99338300000000002,7.3694454,6.6565863790582487,6.1598948790582497,6.8934749722120987,1,10,8,504,754
41,10,20,LinearSubgradientAuction,0.05,0.08,,True,,1000,10800,cats_path_g10b50,,False,CATS,50,paths,MultiMinded,1000,MaxIter,254.91999999999825,11.936720999999999,7,1.66283,1.30715,4.534491,7.3591418998529416,3.5612843331291471,8.138862433477037,1,10,9,420,630
42,10,35,LinearSubgradientAuction,0.05,0.08,,True,,1000,10800,cats_path_g10b50,,False,CATS,50,paths,MultiMinded,58,Balance,24.960000000006403,5.98905,10,1.26887,0.57787949999999999,5.986124,5.7804947153259771,5.491554965325979,5.7020696584335733,1,10,1,735,1095
43,10,34,LinearSubgradientAuction,0.05,0.08,,True,,1000,10800,cats_path_g10b50,,False,CATS,50,paths,MultiMinded,30,Balance,12.510000000009313,5.305578,8,1.49562,0.65433600000000003,5.305578,5.0844103639510969,4.822675963951097,5.0575359780179685,1,10,3,714,1064
44,10,24,LinearSubgradientAuction,0.05,0.08,,True,,1000,10800,cats_path_g10b50,,False,CATS,50,paths,MultiMinded,51,Balance,14.94999999999709,5.406871999999999,9,0.914107,0.79918800000000001,5.406871999999999,4.7987412935669269,4.4391066935669281,5.1178759591653655,1,10,9,504,754
45,10,33,LinearSubgradientAuction,0.05,0.08,,True,,1000,10800,cats_path_g10b50,,False,CATS,50,paths,MultiMinded,100,Balance,40.80000000000291,4.392568,7,1.04017,0.61580250000000003,4.392568,4.3229882842449854,4.1074574092449856,4.1980128839610185,1,10,3,693,1033
46,10,37,LinearSubgradientAuction,0.05,0.08,,True,,1000,10800,cats_path_g10b50,,False,CATS,50,paths,MultiMinded,35,Balance,15.880000000004657,7.650231000000001,10,1.33928,0.87604700000000002,7.650231000000001,6.9347765571157076,6.4967530571157077,7.2872711977039311,1,10,2,777,1157
47,10,26,LinearSubgradientAuction,0.05,0.08,,True,,1000,10800,cats_path_g10b50,,False,CATS,50,paths,MultiMinded,62,Balance,19.74000000000524,4.863733,8,1.11721,0.68613100000000005,4.863733,4.7467754094111241,4.4723230094111237,4.6423211238119535,1,10,7,546,816
48,10,40,LinearSubgradientAuction,0.05,0.08,,True,,1000,10800,cats_path_g10b50,,False,CATS,50,paths,MultiMinded,1000,MaxIter,512.1500000000087,13.668893,9,1.73275,0.850549,5.57867,6.3393294611274973,4.7170361331940507,12.046599672066556,1,10,8,840,1250
49,10,25,LinearSubgradientAuction,0.05,0.08,,True,,1000,10800,cats_path_g10b50,,False,CATS,50,paths,MultiMinded,1000,MaxIter,314.34999999999127,4.105134,7,0.775577,0.59589599999999998,2.988826,3.993923429052936,2.702462853367074,2.8176393158462107,1,10,5,525,785
50,10,43,LinearSubgradientAuction,0.05,0.08,,True,,1000,10800,cats_path_g10b50,,False,CATS,50,paths,MultiMinded,60,Balance,32.33999999999651,7.516903,10,1.3359,0.92906500000000003,7.516903,7.2344667168295906,6.7699342168295917,7.0528359377568579,1,10,2,903,1343
51,10,23,LinearSubgradientAuction,0.05,0.08,,True,,1000,10800,cats_path_g10b50,,False,CATS,50,paths,MultiMinded,1000,MaxIter,287.1200000000099,3.8581627999999997,7,0.728995,0.60365150000000001,3.2477247999999994,3.5068500149019277,2.1645737284252493,2.5219247058594467,1,10,6,483,723
52,10,28,LinearSubgradientAuction,0.05,0.08,,True,,1000,10800,cats_path_g10b50,,False,CATS,50,paths,MultiMinded,40,Balance,13.729999999995925,6.103176,9,1.01863,0.782582,6.1031759999999995,5.5806743182005301,5.2285124182005305,5.7829875079602129,1,10,5,588,878
53,10,26,LinearSubgradientAuction,0.05,0.08,,True,,1000,10800,cats_path_g10b50,,False,CATS,50,paths,MultiMinded,1000,MaxIter,303.5200000000041,9.548895000000002,10,1.84651,1.2191000000000001,8.309625,7.8178875896921411,6.1336788728422444,7.8675299671949395,1,9,4,520,764
54,10,30,LinearSubgradientAuction,0.05,0.08,,True,,1000,10800,cats_path_g10b50,,False,CATS,50,paths,MultiMinded,66,Balance,23.980000000010477,3.5444180000000003,9,0.62406,0.46356900000000001,3.5444180000000003,3.2153787829360336,3.0067727329360325,3.3466243829404116,1,10,3,630,940
55,10,24,LinearSubgradientAuction,0.05,0.08,,True,,1000,10800,cats_path_g10b50,,False,CATS,50,paths,MultiMinded,1000,MaxIter,301.4699999999866,5.614495000000001,7,1.03261,0.81608499999999995,4.691238,5.2628196859816816,3.3645469234169183,3.7224180940449045,1,10,6,504,754
56,10,26,LinearSubgradientAuction,0.05,0.08,,True,,1000,10800,cats_path_g10b50,,False,CATS,50,paths,MultiMinded,46,Balance,14.669999999998254,5.021542,7,1.22335,0.86009449999999998,5.021542,4.8769479205316291,4.5759148455316287,4.7529650099460161,1,10,8,546,816
57,10,29,LinearSubgradientAuction,0.05,0.08,,True,,1000,10800,cats_path_g10b50,,False,CATS,50,paths,MultiMinded,53,Balance,18.869999999995343,5.662903,10,1.20543,0.7060765,5.662903,5.0305744162348596,4.6775361662348587,5.3173041569512991,1,10,2,609,909
58,10,32,LinearSubgradientAuction,0.05,0.08,,True,,1000,10800,cats_path_g10b50,,False,CATS,50,paths,MultiMinded,39,Balance,15.420000000012806,5.435453000000001,8,1.10141,0.84788050000000004,5.435453000000001,4.9816696863149144,4.6425174863149143,5.0968287203984648,1,10,2,672,1002
59,10,31,LinearSubgradientAuction,0.05,0.08,,True,,1000,10800,cats_path_g10b50,,False,CATS,50,paths,MultiMinded,53,Balance,19.680000000007567,7.500881000000001,9,1.37858,1.0170600000000001,7.500881000000001,6.9350730874291084,6.4773960874291081,7.1011538533353482,1,10,2,651,971
60,10,18,LinearSubgradientAuction,0.05,0.08,,True,,1000,10800,cats_path_g10b50,,False,CATS,50,paths,MultiMinded,1000,MaxIter,228.93000000000757,3.938055,6,1.01239,0.77787200000000001,3.3282049999999996,3.1721052085155099,1.7979462584534298,2.5737294512792497,1,10,6,378,568
61,10,39,LinearSubgradientAuction,0.05,0.08,,True,,1000,10800,cats_path_g10b50,,False,CATS,50,paths,MultiMinded,43,Balance,20.80000000000291,6.514431,10,1.15445,0.68256899999999998,6.514431,5.7769088701740641,5.4356243701740645,6.1731465000000005,1,10,0,819,1219
62,10,24,LinearSubgradientAuction,0.05,0.08,,True,,1000,10800,cats_path_g10b50,,False,CATS,50,paths,MultiMinded,211,Balance,63.179999999993015,5.874828,8,1.13322,0.74950450000000002,5.874828,5.3964106767493902,5.0966088767493893,5.5826446505938163,1,10,2,504,754
63,10,26,LinearSubgradientAuction,0.05,0.08,,True,,1000,10800,cats_path_g10b50,,False,CATS,50,paths,MultiMinded,1000,MaxIter,324.41999999999825,10.817572,9,1.05624,0.85327799999999998,5.0590150000000005,4.8642970667502032,4.2299433595531868,10.186806048935793,1,10,10,546,816
64,10,15,LinearSubgradientAuction,0.05,0.08,,True,,1000,10800,cats_path_g10b50,,False,CATS,50,paths,MultiMinded,63,Balance,11.990000000005239,4.3252115,8,1.18924,0.88682499999999997,4.325211500000001,3.7589796224152892,3.4356016460437657,4.0437871937740768,1,10,7,315,475
65,10,35,LinearSubgradientAuction,0.05,0.08,,True,,1000,10800,cats_path_g10b50,,False,CATS,50,paths,MultiMinded,1000,MaxIter,440.5500000000029,9.498291,9,1.37422,0.81186400000000003,6.960061000000001,6.4987365114538207,4.9497525863017104,7.9493070748478907,1,10,2,735,1095
66,10,22,LinearSubgradientAuction,0.05,0.08,,True,,1000,10800,cats_path_g10b50,,False,CATS,50,paths,MultiMinded,1000,MaxIter,277.4400000000023,6.527464,5,1.20805,0.92267349999999992,3.032634,5.6726067258751138,1.463819628346561,2.318843411534949,1,10,4,462,692
67,10,31,LinearSubgradientAuction,0.05,0.08,,True,,1000,10800,cats_path_g10b50,,False,CATS,50,paths,MultiMinded,68,Balance,26.169999999998254,4.99912,8,0.980804,0.62215900000000002,4.99912,4.7453618609232464,4.4964982609232456,4.7727994768821196,1,10,3,651,971
68,10,21,LinearSubgradientAuction,0.05,0.08,,True,,1000,10800,cats_path_g10b50,,False,CATS,50,paths,MultiMinded,1000,MaxIter,265.33000000000175,4.354444,6,1.10844,0.58718800000000004,3.7672560000000006,4.0679492320249704,2.7488065284464818,3.0465173264328573,1,10,7,441,661
69,10,31,LinearSubgradientAuction,0.05,0.08,,True,,1000,10800,cats_path_g10b50,,False,CATS,50,paths,MultiMinded,280,Balance,108.22000000000116,4.638021,8,0.932286,0.72681200000000001,4.638021,4.4069252648651585,4.1162004648651589,4.3486111741670497,1,10,3,651,971
70,10,32,LinearSubgradientAuction,0.05,0.08,,True,,1000,10800,cats_path_g10b50,,False,CATS,50,paths,MultiMinded,88,Balance,35.51000000000931,5.529561,10,0.883645,0.71283099999999999,5.528168000000001,5.076301572003735,4.7198860720037361,5.1768305820195257,1,10,1,672,1002
71,10,29,LinearSubgradientAuction,0.05,0.08,,True,,1000,10800,cats_path_g10b50,,False,CATS,50,paths,MultiMinded,56,Balance,20.080000000001746,3.8155849999999996,8,0.722118,0.584781,3.8155849999999996,3.6083586481678429,3.3744462481678426,3.6326505855135274,1,10,4,609,909
72,10,23,LinearSubgradientAuction,0.05,0.08,,True,,1000,10800,cats_path_g10b50,,False,CATS,50,paths,MultiMinded,58,Balance,16.789999999993597,4.337076,9,1.09941,0.63108900000000001,4.337076,4.0393052886489214,3.7553152386489228,4.0921377765441864,1,10,4,483,723
73,10,23,LinearSubgradientAuction,0.05,0.08,,True,,1000,10800,cats_path_g10b50,,False,CATS,50,paths,MultiMinded,1000,MaxIter,292.1100000000006,4.733565,6,1.17805,0.79788950000000003,3.8040160000000003,4.5826372338636521,3.0639968991768876,3.2164602602016013,1,10,6,483,723
74,10,28,LinearSubgradientAuction,0.05,0.08,,True,,1000,10800,cats_path_g10b50,,False,CATS,50,paths,MultiMinded,33,Balance,11.259999999994761,4.250006,8,0.944433,0.60220899999999999,4.250006,4.0828905113210361,3.8420069113210356,4.0196123430786583,1,10,3,588,878
75,10,23,LinearSubgradientAuction,0.05,0.08,,True,,1000,10800,cats_path_g10b50,,False,CATS,50,paths,MultiMinded,70,Balance,19.930000000007567,4.765222,7,0.954458,0.87700599999999995,4.765222,4.5129839700807706,4.2060318700807713,4.4846481306620696,1,10,7,483,723
76,10,29,LinearSubgradientAuction,0.05,0.08,,True,,1000,10800,cats_path_g10b50,,False,CATS,50,paths,MultiMinded,23,Balance,7.559999999997672,6.904471,9,1.28641,1.1137699999999999,6.904471,5.5864142530240137,5.1409062530240135,6.5240931167017031,1,9,10,580,851
77,10,20,LinearSubgradientAuction,0.05,0.08,,True,,1000,10800,cats_path_g10b50,,False,CATS,50,paths,MultiMinded,290,Balance,72.72000000000116,3.7830920000000003,7,0.987819,0.58873500000000001,3.7830920000000003,3.6251397885746131,3.4190825385746124,3.6098635556695053,1,10,7,420,630
78,10,31,LinearSubgradientAuction,0.05,0.08,,True,,1000,10800,cats_path_g10b50,,False,CATS,50,paths,MultiMinded,34,Balance,12.990000000005239,6.355665,9,1.59706,0.92678550000000004,6.355665,6.1530147513834752,5.7359612763834749,5.9386280131868823,1,10,2,651,971
79,10,26,LinearSubgradientAuction,0.05,0.08,,True,,1000,10800,cats_path_g10b50,,False,CATS,50,paths,MultiMinded,196,Balance,63.75,6.17396,9,1.51269,0.757185,6.17396,5.6597304548175593,5.318997204817558,5.8723080939134986,1,10,5,546,816
80,10,28,LinearSubgradientAuction,0.05,0.08,,True,,1000,10800,cats_path_g10b50,,False,CATS,50,paths,MultiMinded,37,Balance,12.759999999994761,6.124957,9,1.1598,0.90218600000000004,6.124957,5.7265033033761412,5.320519603376141,5.7211833101932834,1,10,1,588,878
81,10,27,LinearSubgradientAuction,0.05,0.08,,True,,1000,10800,cats_path_g10b50,,False,CATS,50,paths,MultiMinded,116,Balance,38.970000000001164,6.033706,7,1.09603,0.84438299999999999,6.020901,5.4622856232890324,5.1667515732890328,5.7669725807129444,1,10,6,567,847
82,10,40,LinearSubgradientAuction,0.05,0.08,,True,,1000,10800,cats_path_g10b50,,False,CATS,50,paths,MultiMinded,43,Balance,21.20999999999185,7.125598999999999,10,1.12357,0.66202150000000004,7.125598999999999,6.5163878793722434,6.1853771293722426,6.7945882499999986,1,10,0,840,1250
83,10,29,LinearSubgradientAuction,0.05,0.08,,True,,1000,10800,cats_path_g10b50,,False,CATS,50,paths,MultiMinded,50,Balance,17.739999999990687,4.406853099999999,9,0.788029,0.64298299999999997,4.4044344,4.1486634206079733,3.8593210706079737,4.120466624544366,1,10,1,609,909
84,10,23,LinearSubgradientAuction,0.05,0.08,,True,,1000,10800,cats_path_g10b50,,False,CATS,50,paths,MultiMinded,1000,MaxIter,268.8099999999977,4.1736754000000005,9,0.851051,0.68298999999999999,3.3226244000000005,2.9629365669934145,2.6897405669934149,3.905190027120276,1,9,4,460,677
85,10,26,LinearSubgradientAuction,0.05,0.08,,True,,1000,10800,cats_path_g10b50,,False,CATS,50,paths,MultiMinded,103,Balance,33.25,6.722310500000001,10,1.11978,0.81925350000000008,6.722310500000001,6.2814888851634905,5.8718621351634894,6.3134490652051296,1,10,3,546,816
86,10,25,LinearSubgradientAuction,0.05,0.08,,True,,1000,10800,cats_path_g10b50,,False,CATS,50,paths,MultiMinded,1000,MaxIter,310.45999999999185,6.8755869999999994,8,1.01302,0.62419199999999997,3.8600990000000004,3.7093075644635105,2.8646739181205834,6.0325326594345352,1,10,4,525,785
87,10,19,LinearSubgradientAuction,0.05,0.08,,True,,1000,10800,cats_path_g10b50,,False,CATS,50,paths,MultiMinded,1000,MaxIter,224.11999999999534,7.4913935,10,0.90213,0.84762199999999999,3.8963675,3.0721971824427645,2.6599713287661513,7.0834603834797765,1,9,8,380,561
88,10,24,LinearSubgradientAuction,0.05,0.08,,True,,1000,10800,cats_path_g10b50,,False,CATS,50,paths,MultiMinded,52,Balance,15.290000000008149,6.671337600000001,9,1.23763,0.97929250000000001,6.671337600000001,5.7128647076692083,5.2721830826692084,6.2386123035685292,1,10,1,504,754
89,10,30,LinearSubgradientAuction,0.05,0.08,,True,,1000,10800,cats_path_g10b50,,False,CATS,50,paths,MultiMinded,84,Balance,29.529999999998836,4.893484,9,0.957818,0.66029399999999994,4.893484,3.8040141637477753,3.5398965637477766,4.6381632606813419,1,9,7,600,880
90,10,24,LinearSubgradientAuction,0.05,0.08,,True,,1000,10800,cats_path_g10b50,,False,CATS,50,paths,MultiMinded,76,Balance,22.24000000000524,4.9815499999999995,8,1.03037,0.59696149999999992,4.9815499999999995,4.5981138549495348,4.3593292549495359,4.7504987273384787,1,10,1,504,754
91,10,26,LinearSubgradientAuction,0.05,0.08,,True,,1000,10800,cats_path_g10b50,,False,CATS,50,paths,MultiMinded,172,Balance,55.169999999998254,5.608700000000001,9,1.15219,0.65921200000000002,5.606121,4.8807264956326959,4.5840810956326958,5.3142953152385601,1,10,3,546,816
92,10,29,LinearSubgradientAuction,0.05,0.08,,True,,1000,10800,cats_path_g10b50,,False,CATS,50,paths,MultiMinded,227,Balance,82.6200000000099,6.734538,7,1.30249,1.03973,6.734538,6.413425359058361,6.0495198590583614,6.3780893928888558,1,10,4,609,909
93,10,36,LinearSubgradientAuction,0.05,0.08,,True,,1000,10800,cats_path_g10b50,,False,CATS,50,paths,MultiMinded,34,Balance,15.110000000000582,5.941976,7,1.19352,0.81540649999999992,5.940651000000001,5.790537603992866,5.5051453289928673,5.6794023727582585,1,10,6,756,1126
94,10,36,LinearSubgradientAuction,0.05,0.08,,True,,1000,10800,cats_path_g10b50,,False,CATS,50,paths,MultiMinded,34,Balance,14.940000000002328,6.659274999999999,10,1.32087,0.72828700000000002,6.659274999999999,6.1830198529440041,5.8188763529440042,6.2959016673521608,1,10,2,756,1126
95,10,20,LinearSubgradientAuction,0.05,0.08,,True,,1000,10800,cats_path_g10b50,,False,CATS,50,paths,MultiMinded,1000,MaxIter,237.80999999999767,5.242984999999999,6,0.986125,0.95783799999999997,4.882101,4.2299663198810427,2.7248018817001203,3.7523879203431738,1,9,8,400,590
96,10,27,LinearSubgradientAuction,0.05,0.08,,True,,1000,10800,cats_path_g10b50,,False,CATS,50,paths,MultiMinded,39,Balance,12.94999999999709,5.968370999999999,9,1.36717,0.912686,5.968370999999999,5.60843953438909,5.1977308343890911,5.5608309568465497,1,10,1,567,847
97,10,40,LinearSubgradientAuction,0.05,0.08,,True,,1000,10800,cats_path_g10b50,,False,CATS,50,paths,MultiMinded,76,Balance,37.90999999998894,5.874736,9,1.39812,0.64802099999999996,5.874736,5.4229491647543409,5.1313397147543416,5.6126093470992862,1,10,1,840,1250
98,10,29,LinearSubgradientAuction,0.05,0.08,,True,,1000,10800,cats_path_g10b50,,False,CATS,50,paths,MultiMinded,140,Balance,50.479999999995925,8.221217,9,1.32075,0.95510399999999995,8.221217,7.2953641275145795,6.8655673275145785,7.8004158527092171,1,10,3,609,909
99,10,24,LinearSubgradientAuction,0.05,0.08,,True,,1000,10800,cats_path_g10b50,,False,CATS,50,paths,MultiMinded,94,Balance,28.130000000004657,4.068553,8,0.837895,0.57574999999999998,4.068553,3.8739124925343171,3.6436124925343174,3.8486198811646521,1,10,4,504,754
100,10,26,LinearSubgradientAuction,0.05,0.08,,True,,1000,10800,cats_path_g10b50,,False,CATS,50,paths,MultiMinded,80,Balance,25.80999999999767,5.4685310000000005,9,1.22663,0.78226099999999998,5.4685310000000005,5.018454279246793,4.6664368292467922,5.1579158869720034,1,10,5,546,816
