idx,items,agents,auction_class,epsilon,stepc,epoch,scalebyvalue,reserve_type,maxiter,maxtime,generator_param_name,personalized,int_prices,generator,bids,distribution,type,rounds,status,runtime,efficient_value,final_num_winners,final_max_agent_value,final_scalevalue,final_value,final_total_price,final_revenue,final_indirect_util,final_price_degree,final_price_sparsity,final_imbalance,final_wd_nvars,final_wd_ncons
1,10,41,LinearHeuristicAuction,0.025,0.04,,True,,1000,10800,cats_path_g10b50,,False,CATS,50,paths,MultiMinded,704,Balance,34.77000000001863,5.1295980000000005,10,1.05837,0.48806749999999999,5.121627600000001,4.2985816354587003,4.1765647604586986,5.0118101993917321,1,10,1,83,51
2,10,32,LinearHeuristicAuction,0.025,0.04,,True,,1000,10800,cats_path_g10b50,,False,CATS,50,paths,MultiMinded,289,Balance,13.0,5.881798,9,0.89658,0.700376,5.881798,4.5287989051198165,4.3887237051198182,5.7625638734228577,1,9,7,74,42
3,10,23,LinearHeuristicAuction,0.025,0.04,,True,,1000,10800,cats_path_g10b50,,False,CATS,50,paths,MultiMinded,259,Balance,11.099999999976717,6.1772789999999995,8,1.4872,0.84460199999999996,6.1772789999999995,5.5946020619547703,5.425681661954771,6.0311561826488198,1,10,8,71,33
4,10,24,LinearHeuristicAuction,0.025,0.04,,True,,1000,10800,cats_path_g10b50,,False,CATS,50,paths,MultiMinded,46,Balance,1.9199999999837019,5.0370452,8,0.92099,0.79058200000000001,5.0370452,3.6992748056731894,3.5411584056731886,4.8962100449093047,1,10,7,68,34
5,10,34,LinearHeuristicAuction,0.025,0.04,,True,,1000,10800,cats_path_g10b50,,False,CATS,50,paths,MultiMinded,166,Balance,7.570000000006985,6.641525,9,1.19553,0.74441100000000004,6.641525,6.363052506922017,6.1955600319220165,6.478088835688113,1,10,4,77,44
6,10,26,LinearHeuristicAuction,0.025,0.04,,True,,1000,10800,cats_path_g10b50,,False,CATS,50,paths,MultiMinded,285,Balance,12.5,7.117255999999999,9,1.27499,1.03579,7.117255999999999,6.3806906167023234,6.1476378667023228,6.9066552667326739,1,10,4,70,36
7,10,30,LinearHeuristicAuction,0.025,0.04,,True,,1000,10800,cats_path_g10b50,,False,CATS,50,paths,MultiMinded,230,Balance,10.059999999997672,5.604355000000001,10,0.860832,0.57241200000000003,5.604355000000001,3.9109477478497396,3.7964653478497397,5.5049092339616212,1,10,4,72,40
8,10,29,LinearHeuristicAuction,0.025,0.04,,True,,1000,10800,cats_path_g10b50,,False,CATS,50,paths,MultiMinded,95,Balance,4.2000000000116415,4.14936,8,1.21473,0.53942699999999999,4.14936,4.0347583213573834,3.9268729213573823,4.0448067892420312,1,10,5,73,39
9,10,34,LinearHeuristicAuction,0.025,0.04,,True,,1000,10800,cats_path_g10b50,,False,CATS,50,paths,MultiMinded,73,Balance,3.330000000016298,8.312487,10,1.40383,1.19224,8.312487,7.6183062221617801,7.3202462221617814,8.04263913832383,1,10,1,78,44
10,10,35,LinearHeuristicAuction,0.025,0.04,,True,,1000,10800,cats_path_g10b50,,False,CATS,50,paths,MultiMinded,94,Balance,4.369999999995343,5.813495100000001,9,1.32539,0.73520450000000004,5.813495100000001,5.3023719726961591,5.1369509601961578,5.6641412984560642,1,10,1,77,45
11,10,32,LinearHeuristicAuction,0.025,0.04,,True,,1000,10800,cats_path_g10b50,,False,CATS,50,paths,MultiMinded,66,Balance,3.0,5.665188000000001,8,0.988013,0.84758449999999996,5.665188000000001,5.3045440525307841,5.1350271525307836,5.548857700376649,1,10,6,76,42
12,10,31,LinearHeuristicAuction,0.025,0.04,,True,,1000,10800,cats_path_g10b50,,False,CATS,50,paths,MultiMinded,132,Balance,6.010000000009313,5.822862,8,1.20008,0.80469999999999997,5.820212000000001,5.0038773096396429,4.8429373096396438,5.6812021336428344,1,10,6,74,41
13,10,24,LinearHeuristicAuction,0.025,0.04,,True,,1000,10800,cats_path_g10b50,,False,CATS,50,paths,MultiMinded,260,Balance,11.309999999997672,5.960460200000001,9,1.3072,0.85787999999999998,5.944012500000001,5.422702560201051,5.22967956020105,5.7706044625223729,1,10,4,69,34
14,10,17,LinearHeuristicAuction,0.025,0.04,,True,,1000,10800,cats_path_g10b50,,False,CATS,50,paths,MultiMinded,467,Balance,18.900000000023283,5.653834,7,0.86218,0.82208099999999995,5.653834,3.787144017347305,3.6432798423473041,5.5365507722818688,1,10,5,61,27
15,10,33,LinearHeuristicAuction,0.025,0.04,,True,,1000,10800,cats_path_g10b50,,False,CATS,50,paths,MultiMinded,203,Balance,8.989999999990687,5.368371,10,1.226,0.410271,5.368371,4.9421497976747739,4.8395820476747726,5.2754613644563291,1,10,5,74,43
16,10,34,LinearHeuristicAuction,0.025,0.04,,True,,1000,10800,cats_path_g10b50,,False,CATS,50,paths,MultiMinded,233,Balance,10.759999999951106,6.969046,10,1.43412,0.68306999999999995,6.969046,5.7855062138919795,5.62404330079596,6.8075830869039802,1,10,0,77,44
17,10,30,LinearHeuristicAuction,0.025,0.04,,True,,1000,10800,cats_path_g10b50,,False,CATS,50,paths,MultiMinded,108,Balance,4.709999999962747,6.379521,9,1.33671,0.75658099999999995,6.379521,5.8276998050043129,5.6574690800043133,6.2092902750000007,1,10,0,73,40
18,10,28,LinearHeuristicAuction,0.025,0.04,,True,,1000,10800,cats_path_g10b50,,False,CATS,50,paths,MultiMinded,121,Balance,5.190000000002328,3.7659457999999995,10,0.809737,0.424898,3.7659457999999995,3.3627075855830855,3.2564830855830844,3.6696869908020453,1,10,1,70,38
19,10,29,LinearHeuristicAuction,0.025,0.04,,True,,1000,10800,cats_path_g10b50,,False,CATS,50,paths,MultiMinded,85,Balance,3.6900000000023283,5.399328000000001,8,0.984412,0.88883350000000005,5.399328000000001,4.8286852730755694,4.65091857307557,5.2584665502947638,1,10,7,75,39
20,10,31,LinearHeuristicAuction,0.025,0.04,,True,,1000,10800,cats_path_g10b50,,False,CATS,50,paths,MultiMinded,90,Balance,4.2000000000116415,5.347376,9,1.11574,0.85649200000000003,5.344033,4.0453620611870438,3.8740636611870429,5.1860736371101108,1,9,2,75,41
21,10,33,LinearHeuristicAuction,0.025,0.04,,True,,1000,10800,cats_path_g10b50,,False,CATS,50,paths,MultiMinded,316,Balance,14.529999999969732,6.346977999999999,8,1.04535,0.887351,6.346977999999999,5.381290046725967,5.2038198467259669,6.1781151420427927,1,10,7,77,43
22,10,29,LinearHeuristicAuction,0.025,0.04,,True,,1000,10800,cats_path_g10b50,,False,CATS,50,paths,MultiMinded,328,Balance,15.299999999988358,3.679525,7,0.81347,0.62753999999999999,3.679525,3.4644354020217563,3.3546159020217554,3.57361414641242,1,10,5,77,39
23,10,33,LinearHeuristicAuction,0.025,0.04,,True,,1000,10800,cats_path_g10b50,,False,CATS,50,paths,MultiMinded,154,Balance,7.0499999999883585,6.968433999999999,9,1.11046,0.85569899999999999,6.968433999999999,5.980437998804236,5.7879057238042382,6.7957058819635776,1,10,1,75,43
24,10,26,LinearHeuristicAuction,0.025,0.04,,True,,1000,10800,cats_path_g10b50,,False,CATS,50,paths,MultiMinded,250,Balance,10.510000000009313,5.079491000000001,8,0.912266,0.59736,5.079491000000001,4.4284515617772406,4.3089795617772415,4.9752407969133188,1,10,8,69,36
25,10,23,LinearHeuristicAuction,0.025,0.04,,True,,1000,10800,cats_path_g10b50,,False,CATS,50,paths,MultiMinded,178,Balance,7.21999999997206,5.799925999999999,9,0.932562,0.85897900000000005,5.799925999999999,5.4721936559881783,5.2789233809881777,5.6335160841570273,1,10,6,66,33
26,10,22,LinearHeuristicAuction,0.025,0.04,,True,,1000,10800,cats_path_g10b50,,False,CATS,50,paths,MultiMinded,72,Balance,3.0499999999883585,7.226532999999999,9,1.05046,0.94945649999999993,7.226532999999999,3.5873032144169468,3.4211483269169465,7.0916485628822041,1,10,8,69,32
27,10,33,LinearHeuristicAuction,0.025,0.04,,True,,1000,10800,cats_path_g10b50,,False,CATS,50,paths,MultiMinded,194,Balance,9.410000000032596,5.22312,8,1.38199,0.74170000000000003,5.22312,4.8361554268646962,4.6878154268646961,5.0929453391441069,1,10,3,78,43
28,10,38,LinearHeuristicAuction,0.025,0.04,,True,,1000,10800,cats_path_g10b50,,False,CATS,50,paths,MultiMinded,118,Balance,5.880000000004657,7.158904,10,1.38531,1.05223,7.158904,6.6097887651491973,6.3467312651491978,6.896947900162349,1,10,3,85,48
29,10,22,LinearHeuristicAuction,0.025,0.04,,True,,1000,10800,cats_path_g10b50,,False,CATS,50,paths,MultiMinded,336,Balance,13.929999999993015,5.222893,7,1.14292,0.81835199999999997,5.222893,4.8249508954145979,4.6817392954145971,5.1103552006644852,1,10,7,65,32
30,10,26,LinearHeuristicAuction,0.025,0.04,,True,,1000,10800,cats_path_g10b50,,False,CATS,50,paths,MultiMinded,114,Balance,4.739999999990687,8.367289,12,1.00864,0.79848300000000005,8.367289,4.4430688771375824,4.2833722771375831,8.2276228083068794,1,10,5,66,36
31,10,34,LinearHeuristicAuction,0.025,0.04,,True,,1000,10800,cats_path_g10b50,,False,CATS,50,paths,MultiMinded,437,Balance,20.25,7.570106999999999,9,1.56629,0.87534100000000004,7.570106999999999,6.8349267963073208,6.6379750713073209,7.3987133964894829,1,10,4,76,44
32,10,22,LinearHeuristicAuction,0.025,0.04,,True,,1000,10800,cats_path_g10b50,,False,CATS,50,paths,MultiMinded,331,Balance,13.869999999995343,5.8430159999999995,7,0.990041,0.83248200000000006,5.8430159999999995,4.9801698468576321,4.8344854968576323,5.7226038748267003,1,10,14,65,32
33,10,23,LinearHeuristicAuction,0.025,0.04,,True,,1000,10800,cats_path_g10b50,,False,CATS,50,paths,MultiMinded,257,Balance,10.739999999990687,5.328471,8,1.14706,0.74653400000000003,5.328471,4.0263688487401428,3.8770620487401413,5.2022114790434708,1,10,8,67,33
34,10,23,LinearHeuristicAuction,0.025,0.04,,True,,1000,10800,cats_path_g10b50,,False,CATS,50,paths,MultiMinded,106,Balance,4.690000000002328,4.414205,7,1.07941,0.93713999999999997,4.414205000000001,3.5315898615127468,3.3675903615127463,4.280787642711676,1,10,3,70,33
35,10,25,LinearHeuristicAuction,0.025,0.04,,True,,1000,10800,cats_path_g10b50,,False,CATS,50,paths,MultiMinded,546,Balance,24.430000000051223,6.118125,8,1.03776,0.84872099999999995,6.1089709999999995,5.567538107862096,5.3977939078620967,5.9627781938227091,1,10,8,72,35
36,10,20,LinearHeuristicAuction,0.025,0.04,,True,,1000,10800,cats_path_g10b50,,False,CATS,50,paths,MultiMinded,40,Balance,1.7899999999790452,2.51735,8,0.765931,0.744537,2.516245,2.2138808636668919,2.0677928738205633,2.4146117866943237,1,10,16,70,30
37,10,33,LinearHeuristicAuction,0.025,0.04,,True,,1000,10800,cats_path_g10b50,,False,CATS,50,paths,MultiMinded,101,Balance,4.710000000020955,6.394280999999999,9,1.32219,0.90059900000000004,6.394280999999999,5.8020756369896382,5.5994408619896383,6.1916462249999995,1,10,0,77,43
38,10,37,LinearHeuristicAuction,0.025,0.04,,True,,1000,10800,cats_path_g10b50,,False,CATS,50,paths,MultiMinded,248,Balance,12.159999999974389,4.9241600000000005,8,1.27538,0.75259950000000009,4.9241600000000005,4.5186199374711222,4.3681000374711223,4.7929957629820166,1,10,4,83,47
39,10,36,LinearHeuristicAuction,0.025,0.04,,True,,1000,10800,cats_path_g10b50,,False,CATS,50,paths,MultiMinded,123,Balance,5.840000000025611,7.180720999999999,10,1.37975,0.95457900000000007,7.180720999999999,6.6336828919630202,6.3950381419630213,6.9653266167240009,1,10,1,79,46
40,10,24,LinearHeuristicAuction,0.025,0.04,,True,,1000,10800,cats_path_g10b50,,False,CATS,50,paths,MultiMinded,116,Balance,4.690000000002328,7.3709551,10,1.05191,0.99338300000000002,7.3709551,6.6325994827507264,6.3842537327507278,7.1433184816907653,1,10,2,67,34
41,10,20,LinearHeuristicAuction,0.025,0.04,,True,,1000,10800,cats_path_g10b50,,False,CATS,50,paths,MultiMinded,130,Balance,5.400000000023283,11.936720999999999,10,1.66283,1.30715,11.936720999999999,7.2895755648953093,7.06082431489531,11.738947373777972,1,10,6,67,30
42,10,35,LinearHeuristicAuction,0.025,0.04,,True,,1000,10800,cats_path_g10b50,,False,CATS,50,paths,MultiMinded,199,Balance,9.149999999965075,5.98905,10,1.26887,0.57787949999999999,5.98905,5.7642241564655476,5.6197542814655455,5.8445801249999976,1,10,0,77,45
43,10,34,LinearHeuristicAuction,0.025,0.04,,True,,1000,10800,cats_path_g10b50,,False,CATS,50,paths,MultiMinded,45,Balance,2.070000000006985,5.305578,8,1.49562,0.65433600000000003,5.305578,5.0039851335558421,4.8731179335558412,5.2040486691944112,1,10,6,76,44
44,10,24,LinearHeuristicAuction,0.025,0.04,,True,,1000,10800,cats_path_g10b50,,False,CATS,50,paths,MultiMinded,214,Balance,8.940000000002328,5.406871999999999,9,0.914107,0.79918800000000001,5.406872,4.7622974648462577,4.582480164846257,5.2483403513894062,1,10,2,68,34
45,10,33,LinearHeuristicAuction,0.025,0.04,,True,,1000,10800,cats_path_g10b50,,False,CATS,50,paths,MultiMinded,239,Balance,11.169999999983702,4.392568,7,1.04017,0.61580250000000003,4.392568,4.2505185748080416,4.1427531373080422,4.2879751508039075,1,10,4,79,43
46,10,37,LinearHeuristicAuction,0.025,0.04,,True,,1000,10800,cats_path_g10b50,,False,CATS,50,paths,MultiMinded,109,Balance,5.150000000023283,7.650231000000001,10,1.33928,0.87604700000000002,7.650231000000001,6.9216773779560228,6.7026656279560228,7.4644914758707248,1,10,2,80,47
47,10,26,LinearHeuristicAuction,0.025,0.04,,True,,1000,10800,cats_path_g10b50,,False,CATS,50,paths,MultiMinded,142,Balance,6.239999999990687,4.863733,8,1.11721,0.68613100000000005,4.847598,4.7508934209711908,4.6136672209711911,4.7458467931773125,1,10,10,72,36
48,10,40,LinearHeuristicAuction,0.025,0.04,,True,,1000,10800,cats_path_g10b50,,False,CATS,50,paths,MultiMinded,998,Balance,48.84000000002561,13.668893,15,1.73275,0.850549,13.668893,6.2008137461951085,6.009440221195109,13.498378160136509,1,10,5,78,50
49,10,25,LinearHeuristicAuction,0.025,0.04,,True,,1000,10800,cats_path_g10b50,,False,CATS,50,paths,MultiMinded,386,Balance,16.630000000004657,4.105134,8,0.775577,0.59589599999999998,4.105134,3.9534066447185818,3.8342274447185813,4.0044987681462132,1,10,4,70,35
50,10,43,LinearHeuristicAuction,0.025,0.04,,True,,1000,10800,cats_path_g10b50,,False,CATS,50,paths,MultiMinded,196,Balance,9.960000000020955,7.516903,10,1.3359,0.92906500000000003,7.497962,7.187842955430165,6.9555767054301638,7.2872605179176837,1,10,1,87,53
51,10,23,LinearHeuristicAuction,0.025,0.04,,True,,1000,10800,cats_path_g10b50,,False,CATS,50,paths,MultiMinded,112,Balance,4.589999999967404,3.8581627999999997,8,0.728995,0.60365150000000001,3.8581627999999997,3.4934434271295514,3.372713127129551,3.7684434267028113,1,10,8,68,33
52,10,28,LinearHeuristicAuction,0.025,0.04,,True,,1000,10800,cats_path_g10b50,,False,CATS,50,paths,MultiMinded,97,Balance,4.2700000000186265,6.103176,9,1.01863,0.782582,6.1031759999999995,5.4658829126244139,5.2898019626244146,5.9447232636444918,1,10,18,74,38
53,10,26,LinearHeuristicAuction,0.025,0.04,,True,,1000,10800,cats_path_g10b50,,False,CATS,50,paths,MultiMinded,121,Balance,5.050000000046566,9.548895000000002,10,1.84651,1.2191000000000001,9.548895000000002,7.5606666281702601,7.2863691281702607,9.2789858573884345,1,9,3,67,36
54,10,30,LinearHeuristicAuction,0.025,0.04,,True,,1000,10800,cats_path_g10b50,,False,CATS,50,paths,MultiMinded,218,Balance,9.659999999974389,3.5444180000000003,9,0.62406,0.46356900000000001,3.5444180000000003,3.1857397920973267,3.0814367670973275,3.4437545278646717,1,10,6,72,40
55,10,24,LinearHeuristicAuction,0.025,0.04,,True,,1000,10800,cats_path_g10b50,,False,CATS,50,paths,MultiMinded,182,Balance,7.619999999995343,5.614495000000001,8,1.03261,0.81608499999999995,5.614495000000001,5.190636884709714,5.0274198847097136,5.460902497794109,1,10,6,69,34
56,10,26,LinearHeuristicAuction,0.025,0.04,,True,,1000,10800,cats_path_g10b50,,False,CATS,50,paths,MultiMinded,143,Balance,6.210000000020955,5.021542,8,1.22335,0.86009449999999998,5.0143097,4.8441296127053892,4.6721107127053898,4.8760528010480764,1,10,9,72,36
57,10,29,LinearHeuristicAuction,0.025,0.04,,True,,1000,10800,cats_path_g10b50,,False,CATS,50,paths,MultiMinded,159,Balance,7.0200000000186265,5.662903,10,1.20543,0.7060765,5.662903,4.9642894631641585,4.787770338164159,5.5021610640048921,1,10,1,72,39
58,10,32,LinearHeuristicAuction,0.025,0.04,,True,,1000,10800,cats_path_g10b50,,False,CATS,50,paths,MultiMinded,127,Balance,6.010000000009313,5.435453000000001,8,1.10141,0.84788050000000004,5.435453000000001,4.9724414264962444,4.802865326496244,5.2755274568881179,1,10,1,78,42
59,10,31,LinearHeuristicAuction,0.025,0.04,,True,,1000,10800,cats_path_g10b50,,False,CATS,50,paths,MultiMinded,198,Balance,9.049999999988358,7.500881000000001,9,1.37858,1.0170600000000001,7.500881000000001,6.9841463419326928,6.7553078419326926,7.296155479882529,1,10,1,75,41
60,10,18,LinearHeuristicAuction,0.025,0.04,,True,,1000,10800,cats_path_g10b50,,False,CATS,50,paths,MultiMinded,33,Balance,1.2999999999883585,3.938055,7,1.01239,0.77787200000000001,3.938055,2.9798145730447185,2.8436869730447185,3.8206145331131589,1,10,9,62,28
61,10,39,LinearHeuristicAuction,0.025,0.04,,True,,1000,10800,cats_path_g10b50,,False,CATS,50,paths,MultiMinded,152,Balance,7.2700000000186265,6.514431,10,1.15445,0.68256899999999998,6.514431,5.676761974828179,5.5061197248281779,6.3571518895392458,1,10,1,80,49
62,10,24,LinearHeuristicAuction,0.025,0.04,,True,,1000,10800,cats_path_g10b50,,False,CATS,50,paths,MultiMinded,713,Balance,31.710000000020955,5.874828,9,1.13322,0.74950450000000002,5.8633588,5.3750847546992482,5.2064462421992488,5.714446776731668,1,10,5,69,34
63,10,26,LinearHeuristicAuction,0.025,0.04,,True,,1000,10800,cats_path_g10b50,,False,CATS,50,paths,MultiMinded,414,Balance,17.14000000001397,10.817572,15,1.05624,0.85327799999999998,10.817572,4.491824404034662,4.2998368540346608,10.653990807954386,1,10,4,64,36
64,10,15,LinearHeuristicAuction,0.025,0.04,,True,,1000,10800,cats_path_g10b50,,False,CATS,50,paths,MultiMinded,68,Balance,3.0,4.3252115,8,1.18924,0.88682499999999997,4.325211500000001,3.6886073864027584,3.5156941447292418,4.2051555297714183,1,10,16,66,25
65,10,35,LinearHeuristicAuction,0.025,0.04,,True,,1000,10800,cats_path_g10b50,,False,CATS,50,paths,MultiMinded,259,Balance,11.930000000051223,9.498291,10,1.37422,0.81186400000000003,9.498291,6.3749189729525773,6.203308555402713,9.3460422453978129,1,10,2,75,45
66,10,22,LinearHeuristicAuction,0.025,0.04,,True,,1000,10800,cats_path_g10b50,,False,CATS,50,paths,MultiMinded,195,Balance,8.160000000032596,6.527464,7,1.20805,0.92267349999999992,6.527464,5.593983053621125,5.4325151911211247,6.3916642442015705,1,10,7,67,32
67,10,31,LinearHeuristicAuction,0.025,0.04,,True,,1000,10800,cats_path_g10b50,,False,CATS,50,paths,MultiMinded,228,Balance,10.230000000039581,4.99912,8,0.980804,0.62215900000000002,4.99912,4.7158961082061612,4.5914643082061612,4.8810373838438936,1,10,7,75,41
68,10,21,LinearHeuristicAuction,0.025,0.04,,True,,1000,10800,cats_path_g10b50,,False,CATS,50,paths,MultiMinded,120,Balance,5.179999999993015,4.354444,7,1.10844,0.58718800000000004,4.354444,3.9824163270687265,3.8796584270687262,4.2662800577612101,1,10,9,68,31
69,10,31,LinearHeuristicAuction,0.025,0.04,,True,,1000,10800,cats_path_g10b50,,False,CATS,50,paths,MultiMinded,251,Balance,11.510000000009313,4.638021,8,0.932286,0.72681200000000001,4.638021,4.4122426593386308,4.266880259338631,4.4949713933867681,1,10,7,77,41
70,10,32,LinearHeuristicAuction,0.025,0.04,,True,,1000,10800,cats_path_g10b50,,False,CATS,50,paths,MultiMinded,270,Balance,12.260000000009313,5.529561,10,0.883645,0.71283099999999999,5.529561,5.0459327241744409,4.8677249741744424,5.3530906960568156,1,10,2,76,42
71,10,29,LinearHeuristicAuction,0.025,0.04,,True,,1000,10800,cats_path_g10b50,,False,CATS,50,paths,MultiMinded,240,Balance,10.720000000030268,3.8155849999999996,8,0.722118,0.584781,3.8155849999999996,3.6150380529304207,3.4980818529304201,3.7142664387139908,1,10,4,74,39
72,10,23,LinearHeuristicAuction,0.025,0.04,,True,,1000,10800,cats_path_g10b50,,False,CATS,50,paths,MultiMinded,214,Balance,8.910000000032596,4.337076,9,1.09941,0.63108900000000001,4.337076,4.1194995919959281,3.9775045669959295,4.2130166385984928,1,10,4,67,33
73,10,23,LinearHeuristicAuction,0.025,0.04,,True,,1000,10800,cats_path_g10b50,,False,CATS,50,paths,MultiMinded,67,Balance,2.779999999969732,4.733565,7,1.17805,0.79788950000000003,4.733565,4.5506610052065408,4.4110303427065416,4.6241249706665739,1,10,7,67,33
74,10,28,LinearHeuristicAuction,0.025,0.04,,True,,1000,10800,cats_path_g10b50,,False,CATS,50,paths,MultiMinded,117,Balance,5.21999999997206,4.250006,8,0.944433,0.60220899999999999,4.23689,4.0498591095116705,3.9294173095116709,4.1346887182985546,1,10,4,74,38
75,10,23,LinearHeuristicAuction,0.025,0.04,,True,,1000,10800,cats_path_g10b50,,False,CATS,50,paths,MultiMinded,192,Balance,8.200000000011642,4.765222,7,0.954458,0.87700599999999995,4.765222,4.5013849685323502,4.3479089185323501,4.6401975767227253,1,10,6,71,33
76,10,29,LinearHeuristicAuction,0.025,0.04,,True,,1000,10800,cats_path_g10b50,,False,CATS,50,paths,MultiMinded,50,Balance,2.279999999969732,6.904471,9,1.28641,1.1137699999999999,6.904471,5.67192257777947,5.4491685777794698,6.7124698270453163,1,9,4,78,39
77,10,20,LinearHeuristicAuction,0.025,0.04,,True,,1000,10800,cats_path_g10b50,,False,CATS,50,paths,MultiMinded,1000,MaxIter,44.11999999999534,3.7830920000000003,7,0.987819,0.58873500000000001,3.7830920000000003,3.624992182456245,3.5219635574562447,3.7054606549018452,1,10,7,68,30
78,10,31,LinearHeuristicAuction,0.025,0.04,,True,,1000,10800,cats_path_g10b50,,False,CATS,50,paths,MultiMinded,137,Balance,6.580000000016298,6.355665,9,1.59706,0.92678550000000004,6.355665,6.087768686397828,5.8792419488978274,6.1694898208235394,1,10,1,80,41
79,10,26,LinearHeuristicAuction,0.025,0.04,,True,,1000,10800,cats_path_g10b50,,False,CATS,50,paths,MultiMinded,858,Balance,37.02000000001863,6.17396,9,1.51269,0.757185,6.17396,5.6682377247623279,5.4978710997623272,6.0234689747736603,1,10,2,69,36
80,10,28,LinearHeuristicAuction,0.025,0.04,,True,,1000,10800,cats_path_g10b50,,False,CATS,50,paths,MultiMinded,117,Balance,5.10999999998603,6.124957,8,1.1598,0.90218600000000004,6.113325000000001,5.7086368533538296,5.5281996533538296,5.9616511469061662,1,10,5,70,38
81,10,27,LinearHeuristicAuction,0.025,0.04,,True,,1000,10800,cats_path_g10b50,,False,CATS,50,paths,MultiMinded,408,Balance,18.020000000018626,6.033706,7,1.09603,0.84438299999999999,6.033706,5.4687634103553737,5.3209963853553734,5.9081167382880428,1,10,6,73,37
82,10,40,LinearHeuristicAuction,0.025,0.04,,True,,1000,10800,cats_path_g10b50,,False,CATS,50,paths,MultiMinded,144,Balance,6.869999999995343,7.125598999999999,10,1.12357,0.66202150000000004,7.125598999999999,6.4686081272375313,6.3031027522375327,6.9600936250000025,1,10,0,82,50
83,10,29,LinearHeuristicAuction,0.025,0.04,,True,,1000,10800,cats_path_g10b50,,False,CATS,50,paths,MultiMinded,96,Balance,4.220000000030268,4.406853099999999,9,0.788029,0.64298299999999997,4.3997201,4.0853926262123519,3.940721451212351,4.2696084743272822,1,10,1,72,39
84,10,23,LinearHeuristicAuction,0.025,0.04,,True,,1000,10800,cats_path_g10b50,,False,CATS,50,paths,MultiMinded,138,Balance,5.64000000001397,4.1736754000000005,9,0.851051,0.68298999999999999,4.1736754000000005,2.8895480121029782,2.7544822564360643,4.0424175817626988,1,10,5,63,33
85,10,26,LinearHeuristicAuction,0.025,0.04,,True,,1000,10800,cats_path_g10b50,,False,CATS,50,paths,MultiMinded,294,Balance,12.239999999990687,6.722310500000001,10,1.11978,0.81925350000000008,6.722310500000001,6.2345746322578153,6.0297612572578165,6.538820719324284,1,10,2,69,36
86,10,25,LinearHeuristicAuction,0.025,0.04,,True,,1000,10800,cats_path_g10b50,,False,CATS,50,paths,MultiMinded,530,Balance,23.160000000032596,6.8755869999999994,10,1.01302,0.62419199999999997,6.8755869999999994,3.5018994078456629,3.3770610078456622,6.7662002320640653,1,10,1,68,35
87,10,19,LinearHeuristicAuction,0.025,0.04,,True,,1000,10800,cats_path_g10b50,,False,CATS,50,paths,MultiMinded,234,Balance,10.14000000001397,7.4913935,11,0.90213,0.84762199999999999,7.4838861,3.0756741473456879,2.9061497473456877,7.3524314713921397,1,9,7,65,29
88,10,24,LinearHeuristicAuction,0.025,0.04,,True,,1000,10800,cats_path_g10b50,,False,CATS,50,paths,MultiMinded,179,Balance,7.7700000000186265,6.671337600000001,9,1.23763,0.97929250000000001,6.671337600000001,5.6144062177509184,5.3940654052509185,6.477723927746128,1,10,3,70,34
89,10,30,LinearHeuristicAuction,0.025,0.04,,True,,1000,10800,cats_path_g10b50,,False,CATS,50,paths,MultiMinded,221,Balance,9.839999999967404,4.893484,9,0.957818,0.66029399999999994,4.893484,3.8018246011317958,3.669765801131796,4.778178150771641,1,9,2,75,40
90,10,24,LinearHeuristicAuction,0.025,0.04,,True,,1000,10800,cats_path_g10b50,,False,CATS,50,paths,MultiMinded,261,Balance,10.860000000044238,4.9815499999999995,8,1.03037,0.59696149999999992,4.9815499999999995,4.4851961587048432,4.365803858704842,4.8935196721836514,1,10,8,67,34
91,10,26,LinearHeuristicAuction,0.025,0.04,,True,,1000,10800,cats_path_g10b50,,False,CATS,50,paths,MultiMinded,574,Balance,25.880000000004657,5.608700000000001,9,1.15219,0.65921200000000002,5.608700000000001,4.8403021742703958,4.6919794742703962,5.47555442222035,1,10,1,70,36
92,10,29,LinearHeuristicAuction,0.025,0.04,,True,,1000,10800,cats_path_g10b50,,False,CATS,50,paths,MultiMinded,57,Balance,2.459999999962747,6.734538,7,1.30249,1.03973,6.734538,6.3411236073985862,6.1591708573985864,6.6114677226751555,1,10,12,72,39
93,10,36,LinearHeuristicAuction,0.025,0.04,,True,,1000,10800,cats_path_g10b50,,False,CATS,50,paths,MultiMinded,94,Balance,4.4799999999813735,5.941976,7,1.19352,0.81540649999999992,5.927713,5.769461032090998,5.6267648945909965,5.8284569968183186,1,10,5,81,46
94,10,36,LinearHeuristicAuction,0.025,0.04,,True,,1000,10800,cats_path_g10b50,,False,CATS,50,paths,MultiMinded,111,Balance,5.2299999999813735,6.659274999999999,10,1.32087,0.72828700000000002,6.659274999999999,6.1818871590571245,5.9998154090571258,6.4941801136551787,1,10,1,79,46
95,10,20,LinearHeuristicAuction,0.025,0.04,,True,,1000,10800,cats_path_g10b50,,False,CATS,50,paths,MultiMinded,71,Balance,3.0,5.242984999999999,7,0.986125,0.95783799999999997,5.242984999999999,4.0610901194148576,3.9065158685261303,5.0976789882441489,1,10,7,67,30
96,10,27,LinearHeuristicAuction,0.025,0.04,,True,,1000,10800,cats_path_g10b50,,False,CATS,50,paths,MultiMinded,114,Balance,4.929999999993015,5.968370999999999,9,1.36717,0.912686,5.963214000000001,5.4516823093577438,5.2463279593577452,5.7657179705426351,1,10,1,72,37
97,10,40,LinearHeuristicAuction,0.025,0.04,,True,,1000,10800,cats_path_g10b50,,False,CATS,50,paths,MultiMinded,265,Balance,13.0,5.874736,9,1.39812,0.64802099999999996,5.874736,5.4191807343394611,5.2733760093394615,5.7441190427834288,1,10,1,84,50
98,10,29,LinearHeuristicAuction,0.025,0.04,,True,,1000,10800,cats_path_g10b50,,False,CATS,50,paths,MultiMinded,489,Balance,22.869999999995343,8.221217,9,1.32075,0.95510399999999995,8.202357,7.2555891784780862,7.0406907784780879,8.0123466690673109,1,10,5,72,39
99,10,24,LinearHeuristicAuction,0.025,0.04,,True,,1000,10800,cats_path_g10b50,,False,CATS,50,paths,MultiMinded,236,Balance,9.880000000004657,4.068553,8,0.837895,0.57574999999999998,4.0628519999999995,3.8378332772436652,3.7226832772436653,3.9688730734475186,1,10,5,67,34
100,10,26,LinearHeuristicAuction,0.025,0.04,,True,,1000,10800,cats_path_g10b50,,False,CATS,50,paths,MultiMinded,377,Balance,16.5,5.4685310000000005,9,1.22663,0.78226099999999998,5.4685310000000005,5.1315247318833785,4.9555160068833786,5.2925222749999996,1,10,0,72,36
