idx,items,agents,auction_class,epsilon,stepc,epoch,scalebyvalue,reserve_type,maxiter,maxtime,generator_param_name,personalized,int_prices,generator,bids,distribution,type,rounds,status,runtime,efficient_value,final_num_winners,final_max_agent_value,final_scalevalue,final_value,final_total_price,final_revenue,final_indirect_util,final_price_degree,final_price_sparsity,final_imbalance,final_wd_nvars,final_wd_ncons
1,10,41,LinearSubgradientAuction,0.2,0.08,,True,,1000,10800,cats_path_g10b50,,False,CATS,50,paths,MultiMinded,217,Balance,112.80999999999767,5.1295980000000005,10,1.05837,0.48806749999999999,5.121627600000001,4.2183368316236693,3.2422018316236687,4.2425503990320586,1,10,1,861,1281
2,10,32,LinearSubgradientAuction,0.2,0.08,,True,,1000,10800,cats_path_g10b50,,False,CATS,50,paths,MultiMinded,1000,MaxIter,381.53999999997905,5.881798,8,0.89658,0.700376,4.146522,4.6109202199522077,2.0188640579217041,3.2957500998090818,1,9,7,640,938
3,10,23,LinearSubgradientAuction,0.2,0.08,,True,,1000,10800,cats_path_g10b50,,False,CATS,50,paths,MultiMinded,84,Balance,24.099999999976717,6.1772789999999995,8,1.4872,0.84460199999999996,6.024311,5.7038853855327378,4.3525221855327372,4.8427969749848732,1,10,8,483,723
4,10,24,LinearSubgradientAuction,0.2,0.08,,True,,1000,10800,cats_path_g10b50,,False,CATS,50,paths,MultiMinded,1000,MaxIter,300.1600000000326,5.0370452,7,0.92099,0.79058200000000001,4.1160552,3.7644249891121206,1.7268407421155789,2.9994639498714255,1,10,6,504,754
5,10,34,LinearSubgradientAuction,0.2,0.08,,True,,1000,10800,cats_path_g10b50,,False,CATS,50,paths,MultiMinded,48,Balance,20.30999999999767,6.641525,9,1.19553,0.74441100000000004,6.641525,6.4158707744893428,5.0759309744893422,5.3030816310457141,1,10,3,714,1064
6,10,26,LinearSubgradientAuction,0.2,0.08,,True,,1000,10800,cats_path_g10b50,,False,CATS,50,paths,MultiMinded,1000,MaxIter,326.80000000004657,7.117255999999999,9,1.27499,1.03579,5.236859,6.4649751599528358,3.3484445505018825,4.0007263905511721,1,10,4,546,816
7,10,30,LinearSubgradientAuction,0.2,0.08,,True,,1000,10800,cats_path_g10b50,,False,CATS,50,paths,MultiMinded,1000,MaxIter,376.88000000000466,5.604355000000001,8,0.860832,0.57241200000000003,3.68365,3.9507392816511198,2.6163845004232873,4.270226076598064,1,10,6,630,940
8,10,29,LinearSubgradientAuction,0.2,0.08,,True,,1000,10800,cats_path_g10b50,,False,CATS,50,paths,MultiMinded,19,Balance,6.64000000001397,4.14936,8,1.21473,0.53942699999999999,4.14936,3.9144227937828382,3.0513395937828389,3.3516507516303928,1,10,2,609,909
9,10,34,LinearSubgradientAuction,0.2,0.08,,True,,1000,10800,cats_path_g10b50,,False,CATS,50,paths,MultiMinded,16,Balance,6.46999999997206,8.312487,10,1.40383,1.19224,8.290197000000001,7.4146648234006349,5.074303382469223,6.3274220378987591,1,10,4,714,1064
10,10,35,LinearSubgradientAuction,0.2,0.08,,True,,1000,10800,cats_path_g10b50,,False,CATS,50,paths,MultiMinded,31,Balance,13.239999999990687,5.813495100000001,9,1.32539,0.73520450000000004,5.714580000000001,5.4174391641872557,4.1245060377956531,4.5396331059349144,1,10,2,735,1095
11,10,32,LinearSubgradientAuction,0.2,0.08,,True,,1000,10800,cats_path_g10b50,,False,CATS,50,paths,MultiMinded,14,Balance,5.389999999955762,5.665188000000001,9,0.988013,0.84758449999999996,5.649983000000001,5.4510181938754192,3.9253660938754193,4.3148234966164187,1,10,9,672,1002
12,10,31,LinearSubgradientAuction,0.2,0.08,,True,,1000,10800,cats_path_g10b50,,False,CATS,50,paths,MultiMinded,77,Balance,29.510000000009313,5.822862,8,1.20008,0.80469999999999997,5.822862,5.0683968951347671,3.8130648951347665,4.5675299999999996,1,10,0,651,971
13,10,24,LinearSubgradientAuction,0.2,0.08,,True,,1000,10800,cats_path_g10b50,,False,CATS,50,paths,MultiMinded,58,Balance,17.29999999998836,5.960460200000001,8,1.3072,0.85787999999999998,5.764984,5.373539370943921,4.0009313709439214,4.6767640683077065,1,10,8,504,754
14,10,17,LinearSubgradientAuction,0.2,0.08,,True,,1000,10800,cats_path_g10b50,,False,CATS,50,paths,MultiMinded,88,Balance,17.479999999981374,5.653834,7,0.86218,0.82208099999999995,5.653834,3.6372441961709803,2.5384765921882115,4.7016112521384255,1,9,5,340,503
15,10,33,LinearSubgradientAuction,0.2,0.08,,True,,1000,10800,cats_path_g10b50,,False,CATS,50,paths,MultiMinded,60,Balance,24.600000000034925,5.368371,10,1.226,0.410271,5.368371,5.0182995464753581,4.1977575464753585,4.5478878334209139,1,10,1,693,1033
16,10,34,LinearSubgradientAuction,0.2,0.08,,True,,1000,10800,cats_path_g10b50,,False,CATS,50,paths,MultiMinded,69,Balance,27.239999999990687,6.969046,10,1.43412,0.68306999999999995,6.882083,5.7560282005225902,4.5265022005225912,5.7883629095128803,1,9,1,680,996
17,10,30,LinearSubgradientAuction,0.2,0.08,,True,,1000,10800,cats_path_g10b50,,False,CATS,50,paths,MultiMinded,25,Balance,8.970000000030268,6.379521,9,1.33671,0.75658099999999995,6.339200999999999,5.7340826751800149,4.3722368751800129,5.2491807415145573,1,10,3,630,940
18,10,28,LinearSubgradientAuction,0.2,0.08,,True,,1000,10800,cats_path_g10b50,,False,CATS,50,paths,MultiMinded,38,Balance,12.929999999993015,3.7659457999999995,10,0.809737,0.424898,3.6925779999999997,3.4038314708923556,2.5644268152302847,2.9309978174950961,1,10,2,588,878
19,10,29,LinearSubgradientAuction,0.2,0.08,,True,,1000,10800,cats_path_g10b50,,False,CATS,50,paths,MultiMinded,36,Balance,12.710000000020955,5.399328000000001,8,0.984412,0.88883350000000005,5.399328000000001,4.9113156089291836,3.5970121505262767,4.1677892386069182,1,10,7,609,909
20,10,31,LinearSubgradientAuction,0.2,0.08,,True,,1000,10800,cats_path_g10b50,,False,CATS,50,paths,MultiMinded,29,Balance,10.35999999998603,5.347376,9,1.11574,0.85649200000000003,5.192829,4.0067712964426319,2.7123532920795563,4.1294638601455489,1,9,4,620,909
21,10,33,LinearSubgradientAuction,0.2,0.08,,True,,1000,10800,cats_path_g10b50,,False,CATS,50,paths,MultiMinded,86,Balance,35.699999999953434,6.346977999999999,8,1.04535,0.887351,6.346977999999999,5.3709855591952236,3.9690341846575476,4.9639318115237039,1,10,4,693,1033
22,10,29,LinearSubgradientAuction,0.2,0.08,,True,,1000,10800,cats_path_g10b50,,False,CATS,50,paths,MultiMinded,80,Balance,28.92000000004191,3.679525,6,0.81347,0.62753999999999999,3.652153,3.4614916571592769,2.7084436571592763,2.941267447973487,1,10,7,609,909
23,10,33,LinearSubgradientAuction,0.2,0.08,,True,,1000,10800,cats_path_g10b50,,False,CATS,50,paths,MultiMinded,40,Balance,15.60999999998603,6.968433999999999,9,1.11046,0.85569899999999999,6.898514,5.8652539574215705,4.4494780562370115,5.6411353593996925,1,10,2,693,1033
24,10,26,LinearSubgradientAuction,0.2,0.08,,True,,1000,10800,cats_path_g10b50,,False,CATS,50,paths,MultiMinded,1000,MaxIter,325.0,5.079491000000001,7,0.912266,0.59736,4.622273,4.5102775307445047,2.6079076105137338,3.1817438520206447,1,10,5,546,816
25,10,23,LinearSubgradientAuction,0.2,0.08,,True,,1000,10800,cats_path_g10b50,,False,CATS,50,paths,MultiMinded,74,Balance,20.989999999990687,5.799925999999999,9,0.932562,0.85897900000000005,5.799925999999999,5.5350551548625271,4.0663673538571601,4.3383483902167699,1,10,2,483,723
26,10,22,LinearSubgradientAuction,0.2,0.08,,True,,1000,10800,cats_path_g10b50,,False,CATS,50,paths,MultiMinded,1000,MaxIter,274.96000000002095,7.226532999999999,6,1.05046,0.94945649999999993,3.435324,3.8364299802677326,1.4199674493776362,4.8131053268182855,1,10,10,462,692
27,10,33,LinearSubgradientAuction,0.2,0.08,,True,,1000,10800,cats_path_g10b50,,False,CATS,50,paths,MultiMinded,72,Balance,29.489999999990687,5.22312,8,1.38199,0.74170000000000003,5.101273,4.8553030762795055,3.6928903998715956,4.0797025782164997,1,10,2,693,1033
28,10,38,LinearSubgradientAuction,0.2,0.08,,True,,1000,10800,cats_path_g10b50,,False,CATS,50,paths,MultiMinded,33,Balance,15.779999999969732,7.158904,10,1.38531,1.05223,7.158904,6.6453069075966091,4.5408469075966096,5.059664084980076,1,10,3,798,1188
29,10,22,LinearSubgradientAuction,0.2,0.08,,True,,1000,10800,cats_path_g10b50,,False,CATS,50,paths,MultiMinded,1000,MaxIter,278.70000000001164,5.222893,6,1.14292,0.81835199999999997,4.404541,4.8839519339165971,2.2944790286065375,2.6408072933312852,1,10,7,462,692
30,10,26,LinearSubgradientAuction,0.2,0.08,,True,,1000,10800,cats_path_g10b50,,False,CATS,50,paths,MultiMinded,1000,MaxIter,329.2599999999511,8.367289,8,1.00864,0.79848300000000005,4.82465,4.4953751586359569,2.6615017943164858,6.5339107017563194,1,10,7,546,816
31,10,34,LinearSubgradientAuction,0.2,0.08,,True,,1000,10800,cats_path_g10b50,,False,CATS,50,paths,MultiMinded,125,Balance,52.78000000002794,7.570106999999999,9,1.56629,0.87534100000000004,7.570106999999999,7.0167577708459898,5.4411439708459897,5.9945160575060612,1,10,3,714,1064
32,10,22,LinearSubgradientAuction,0.2,0.08,,True,,1000,10800,cats_path_g10b50,,False,CATS,50,paths,MultiMinded,1000,MaxIter,274.54999999998836,5.8430159999999995,6,0.990041,0.83248200000000006,4.864184,5.053750410400772,2.3799751107864968,3.1751441605040265,1,10,6,462,692
33,10,23,LinearSubgradientAuction,0.2,0.08,,True,,1000,10800,cats_path_g10b50,,False,CATS,50,paths,MultiMinded,78,Balance,22.28000000002794,5.328471,8,1.14706,0.74653400000000003,5.328471,4.1075446338675938,2.9130902338675932,4.1637474895398743,1,10,3,483,723
34,10,23,LinearSubgradientAuction,0.2,0.08,,True,,1000,10800,cats_path_g10b50,,False,CATS,50,paths,MultiMinded,1000,MaxIter,287.9200000000419,4.414205,7,1.07941,0.93713999999999997,2.4969,3.5476699488179877,1.128632686944586,2.0057979940568615,1,10,3,483,723
35,10,25,LinearSubgradientAuction,0.2,0.08,,True,,1000,10800,cats_path_g10b50,,False,CATS,50,paths,MultiMinded,94,Balance,29.080000000016298,6.118125,7,1.03776,0.84872099999999995,5.953167,5.4517098546789029,4.2635004546789022,5.061673203962477,1,10,5,525,785
36,10,20,LinearSubgradientAuction,0.2,0.08,,True,,1000,10800,cats_path_g10b50,,False,CATS,50,paths,MultiMinded,26,Balance,6.2700000000186265,2.51735,9,0.765931,0.744537,2.51735,2.2127236492161302,1.1582223436328067,1.5044553318221452,1,10,5,420,630
37,10,33,LinearSubgradientAuction,0.2,0.08,,True,,1000,10800,cats_path_g10b50,,False,CATS,50,paths,MultiMinded,25,Balance,10.049999999988358,6.394280999999999,9,1.32219,0.90059900000000004,6.252431,5.8083098693925077,4.1872316693925073,4.8109790815821079,1,10,2,693,1033
38,10,37,LinearSubgradientAuction,0.2,0.08,,True,,1000,10800,cats_path_g10b50,,False,CATS,50,paths,MultiMinded,69,Balance,31.78000000002794,4.9241600000000005,8,1.27538,0.75259950000000009,4.812445,4.3906732279171656,3.305094326345718,3.8803393572376756,1,10,4,777,1157
39,10,36,LinearSubgradientAuction,0.2,0.08,,True,,1000,10800,cats_path_g10b50,,False,CATS,50,paths,MultiMinded,27,Balance,12.020000000018626,7.180720999999999,9,1.37975,0.95457900000000007,7.012939,6.5667929895515833,4.9157736858465038,5.6854752517259826,1,10,5,756,1126
40,10,24,LinearSubgradientAuction,0.2,0.08,,True,,1000,10800,cats_path_g10b50,,False,CATS,50,paths,MultiMinded,35,Balance,10.169999999983702,7.3709551,10,1.05191,0.99338300000000002,7.3694454,6.6565863790582487,4.7905853125953559,5.5241654057492049,1,10,8,504,754
41,10,20,LinearSubgradientAuction,0.2,0.08,,True,,1000,10800,cats_path_g10b50,,False,CATS,50,paths,MultiMinded,1000,MaxIter,252.4099999999744,11.936720999999999,7,1.66283,1.30715,4.534491,7.3591418998529416,2.7769943331291471,7.3545724334770366,1,10,9,420,630
42,10,35,LinearSubgradientAuction,0.2,0.08,,True,,1000,10800,cats_path_g10b50,,False,CATS,50,paths,MultiMinded,54,Balance,23.229999999981374,5.98905,10,1.26887,0.57787949999999999,5.904422,5.7615139339187653,4.6057549339187656,4.84051817423427,1,10,2,735,1095
43,10,34,LinearSubgradientAuction,0.2,0.08,,True,,1000,10800,cats_path_g10b50,,False,CATS,50,paths,MultiMinded,30,Balance,12.409999999974389,5.305578,8,1.49562,0.65433600000000003,5.305578,5.0844103639510969,4.0374727639510981,4.2723327780179696,1,10,3,714,1064
44,10,24,LinearSubgradientAuction,0.2,0.08,,True,,1000,10800,cats_path_g10b50,,False,CATS,50,paths,MultiMinded,51,Balance,14.990000000048894,5.406871999999999,9,0.914107,0.79918800000000001,5.406871999999999,4.7987412935669269,3.3602028935669277,4.0389721591653656,1,10,9,504,754
45,10,33,LinearSubgradientAuction,0.2,0.08,,True,,1000,10800,cats_path_g10b50,,False,CATS,50,paths,MultiMinded,100,Balance,40.84000000002561,4.392568,7,1.04017,0.61580250000000003,4.392568,4.3229882842449854,3.4608647842449858,3.5514202589610182,1,10,3,693,1033
46,10,37,LinearSubgradientAuction,0.2,0.08,,True,,1000,10800,cats_path_g10b50,,False,CATS,50,paths,MultiMinded,30,Balance,13.619999999995343,7.650231000000001,10,1.33928,0.87604700000000002,7.650231000000001,6.8107938408480626,5.1245520526499702,6.2870183420411303,1,10,2,777,1157
47,10,26,LinearSubgradientAuction,0.2,0.08,,True,,1000,10800,cats_path_g10b50,,False,CATS,50,paths,MultiMinded,46,Balance,14.570000000006985,4.863733,8,1.11721,0.68613100000000005,4.863733,4.7403654185036252,3.6425558185036251,3.8305935786709884,1,10,7,546,816
48,10,40,LinearSubgradientAuction,0.2,0.08,,True,,1000,10800,cats_path_g10b50,,False,CATS,50,paths,MultiMinded,1000,MaxIter,503.6500000000233,13.668893,9,1.73275,0.850549,5.57867,6.3393294611274973,3.8296379340095155,11.159201472882019,1,10,8,840,1250
49,10,25,LinearSubgradientAuction,0.2,0.08,,True,,1000,10800,cats_path_g10b50,,False,CATS,50,paths,MultiMinded,1000,MaxIter,311.39000000001397,4.105134,7,0.775577,0.59589599999999998,2.988826,3.993923429052936,2.1661564533670736,2.2813329158462103,1,10,5,525,785
50,10,43,LinearSubgradientAuction,0.2,0.08,,True,,1000,10800,cats_path_g10b50,,False,CATS,50,paths,MultiMinded,60,Balance,32.51000000000931,7.516903,10,1.3359,0.92906500000000003,7.516903,7.2344667168295906,5.3763367168295897,5.6592384377568559,1,10,2,903,1343
51,10,23,LinearSubgradientAuction,0.2,0.08,,True,,1000,10800,cats_path_g10b50,,False,CATS,50,paths,MultiMinded,1000,MaxIter,289.94999999995343,3.8581627999999997,7,0.728995,0.60365150000000001,3.2477247999999994,3.5068500149019277,1.7011895625590765,2.0585405399932739,1,10,6,483,723
52,10,28,LinearSubgradientAuction,0.2,0.08,,True,,1000,10800,cats_path_g10b50,,False,CATS,50,paths,MultiMinded,40,Balance,13.910000000032596,6.103176,9,1.01863,0.782582,6.1031759999999995,5.5806743182005301,4.1720267182005291,4.7265018079602115,1,10,5,588,878
53,10,26,LinearSubgradientAuction,0.2,0.08,,True,,1000,10800,cats_path_g10b50,,False,CATS,50,paths,MultiMinded,1000,MaxIter,304.3099999999977,9.548895000000002,10,1.84651,1.2191000000000001,8.309625,7.8178875896921411,4.670758872842244,6.404609967194939,1,9,4,520,764
54,10,30,LinearSubgradientAuction,0.2,0.08,,True,,1000,10800,cats_path_g10b50,,False,CATS,50,paths,MultiMinded,41,Balance,14.710000000020955,3.5444180000000003,9,0.62406,0.46356900000000001,3.494527,3.0999968223812324,2.2655726223812325,2.7539208397760575,1,10,5,630,940
55,10,24,LinearSubgradientAuction,0.2,0.08,,True,,1000,10800,cats_path_g10b50,,False,CATS,50,paths,MultiMinded,1000,MaxIter,303.570000000007,5.614495000000001,7,1.03261,0.81608499999999995,4.691238,5.2628196859816816,2.6773997629228594,3.0352709335508452,1,10,6,504,754
56,10,26,LinearSubgradientAuction,0.2,0.08,,True,,1000,10800,cats_path_g10b50,,False,CATS,50,paths,MultiMinded,30,Balance,9.60999999998603,5.021542,7,1.22335,0.86009449999999998,4.981845,4.9187796517524198,3.7146473517524203,3.9566818352057904,1,10,9,546,816
57,10,29,LinearSubgradientAuction,0.2,0.08,,True,,1000,10800,cats_path_g10b50,,False,CATS,50,paths,MultiMinded,44,Balance,15.789999999979045,5.662903,9,1.20543,0.7060765,5.648968999999999,5.0053545387923064,3.7344168387923071,4.4196052373279784,1,10,1,609,909
58,10,32,LinearSubgradientAuction,0.2,0.08,,True,,1000,10800,cats_path_g10b50,,False,CATS,50,paths,MultiMinded,39,Balance,15.75,5.435453000000001,8,1.10141,0.84788050000000004,5.435453000000001,4.9816696863149144,3.6250608863149147,4.0793721203984648,1,10,2,672,1002
59,10,31,LinearSubgradientAuction,0.2,0.08,,True,,1000,10800,cats_path_g10b50,,False,CATS,50,paths,MultiMinded,49,Balance,18.26999999996042,7.500881000000001,9,1.37858,1.0170600000000001,7.500881000000001,6.8890392999186378,5.1309784285862534,5.8468037695134347,1,10,2,651,971
60,10,18,LinearSubgradientAuction,0.2,0.08,,True,,1000,10800,cats_path_g10b50,,False,CATS,50,paths,MultiMinded,1000,MaxIter,227.56999999994878,3.938055,6,1.01239,0.77787200000000001,3.3282049999999996,3.1721052085155099,1.2145422584534296,1.9903254512792494,1,10,6,378,568
61,10,39,LinearSubgradientAuction,0.2,0.08,,True,,1000,10800,cats_path_g10b50,,False,CATS,50,paths,MultiMinded,39,Balance,18.820000000006985,6.514431,10,1.15445,0.68256899999999998,6.410369,5.7425773341272981,4.3774393341272981,5.1793584530570147,1,10,1,819,1219
62,10,24,LinearSubgradientAuction,0.2,0.08,,True,,1000,10800,cats_path_g10b50,,False,CATS,50,paths,MultiMinded,160,Balance,48.12999999994645,5.874828,8,1.13322,0.74950450000000002,5.7700588,5.3837140734994628,4.2892705669700781,4.8360704967964709,1,10,7,504,754
63,10,26,LinearSubgradientAuction,0.2,0.08,,True,,1000,10800,cats_path_g10b50,,False,CATS,50,paths,MultiMinded,1000,MaxIter,328.04999999998836,10.817572,9,1.05624,0.85327799999999998,5.0590150000000005,4.8642970667502032,3.2060097595531869,9.1628724489357936,1,10,10,546,816
64,10,15,LinearSubgradientAuction,0.2,0.08,,True,,1000,10800,cats_path_g10b50,,False,CATS,50,paths,MultiMinded,63,Balance,12.099999999976717,4.3252115,8,1.18924,0.88682499999999997,4.325211500000001,3.7589796224152892,2.5044353960437657,3.1126209437740764,1,10,7,315,475
65,10,35,LinearSubgradientAuction,0.2,0.08,,True,,1000,10800,cats_path_g10b50,,False,CATS,50,paths,MultiMinded,1000,MaxIter,441.4400000000023,9.498291,9,1.37422,0.81186400000000003,6.960061000000001,6.4987365114538207,4.07293946630171,7.0724939548478893,1,10,2,735,1095
66,10,22,LinearSubgradientAuction,0.2,0.08,,True,,1000,10800,cats_path_g10b50,,False,CATS,50,paths,MultiMinded,1000,MaxIter,277.429999999993,6.527464,5,1.20805,0.92267349999999992,3.032634,5.6726067258751138,1.048616553346561,1.903640336534949,1,10,4,462,692
67,10,31,LinearSubgradientAuction,0.2,0.08,,True,,1000,10800,cats_path_g10b50,,False,CATS,50,paths,MultiMinded,68,Balance,26.070000000006985,4.99912,8,0.980804,0.62215900000000002,4.99912,4.7453618609232464,3.7499074609232461,4.0262086768821206,1,10,3,651,971
68,10,21,LinearSubgradientAuction,0.2,0.08,,True,,1000,10800,cats_path_g10b50,,False,CATS,50,paths,MultiMinded,1000,MaxIter,265.6699999999837,4.354444,6,1.10844,0.58718800000000004,3.7672560000000006,4.0679492320249704,2.3084155284464813,2.6061263264328565,1,10,7,441,661
69,10,31,LinearSubgradientAuction,0.2,0.08,,True,,1000,10800,cats_path_g10b50,,False,CATS,50,paths,MultiMinded,280,Balance,108.53999999997905,4.638021,8,0.932286,0.72681200000000001,4.638021,4.4069252648651585,3.2440260648651584,3.4764367741670497,1,10,3,651,971
70,10,32,LinearSubgradientAuction,0.2,0.08,,True,,1000,10800,cats_path_g10b50,,False,CATS,50,paths,MultiMinded,82,Balance,32.649999999965075,5.529561,10,0.883645,0.71283099999999999,5.4013860000000005,5.0761559830292855,3.6558648289197309,4.1234784858069462,1,10,2,672,1002
71,10,29,LinearSubgradientAuction,0.2,0.08,,True,,1000,10800,cats_path_g10b50,,False,CATS,50,paths,MultiMinded,38,Balance,13.349999999976717,3.8155849999999996,8,0.722118,0.584781,3.773152,3.388681166608511,2.453031566608511,3.0178744051412778,1,10,7,609,909
72,10,23,LinearSubgradientAuction,0.2,0.08,,True,,1000,10800,cats_path_g10b50,,False,CATS,50,paths,MultiMinded,45,Balance,12.790000000037253,4.337076,9,1.09941,0.63108900000000001,4.337076,3.9547890148851161,2.8945594948851157,3.4166133361878588,1,10,4,483,723
73,10,23,LinearSubgradientAuction,0.2,0.08,,True,,1000,10800,cats_path_g10b50,,False,CATS,50,paths,MultiMinded,1000,MaxIter,289.429999999993,4.733565,6,1.17805,0.79788950000000003,3.8040160000000003,4.5826372338636521,2.4655797741768883,2.618043135201602,1,10,6,483,723
74,10,28,LinearSubgradientAuction,0.2,0.08,,True,,1000,10800,cats_path_g10b50,,False,CATS,50,paths,MultiMinded,33,Balance,11.330000000016298,4.250006,8,0.944433,0.60220899999999999,4.250006,4.0828905113210361,3.1193561113210353,3.2969615430786581,1,10,3,588,878
75,10,23,LinearSubgradientAuction,0.2,0.08,,True,,1000,10800,cats_path_g10b50,,False,CATS,50,paths,MultiMinded,70,Balance,20.099999999976717,4.765222,7,0.954458,0.87700599999999995,4.765222,4.5129839700807706,3.3396105022360305,3.6182267628173292,1,10,7,483,723
76,10,29,LinearSubgradientAuction,0.2,0.08,,True,,1000,10800,cats_path_g10b50,,False,CATS,50,paths,MultiMinded,12,Balance,3.879999999946449,6.904471,8,1.28641,1.1137699999999999,6.829421000000001,5.6553517130897042,4.0960737130897025,5.7785481507388905,1,9,11,580,851
77,10,20,LinearSubgradientAuction,0.2,0.08,,True,,1000,10800,cats_path_g10b50,,False,CATS,50,paths,MultiMinded,73,Balance,18.21999999997206,3.7830920000000003,7,0.987819,0.58873500000000001,3.783092,3.4690464589949346,2.6448174589949343,3.071154454121845,1,10,7,420,630
78,10,31,LinearSubgradientAuction,0.2,0.08,,True,,1000,10800,cats_path_g10b50,,False,CATS,50,paths,MultiMinded,34,Balance,13.03000000002794,6.355665,9,1.59706,0.92678550000000004,6.355665,6.1530147513834752,4.4848008513834738,4.6874675881868813,1,10,2,651,971
79,10,26,LinearSubgradientAuction,0.2,0.08,,True,,1000,10800,cats_path_g10b50,,False,CATS,50,paths,MultiMinded,148,Balance,47.71999999997206,6.17396,9,1.51269,0.757185,6.17396,5.4365002277914041,4.1185823516532487,5.0088789301285646,1,10,5,546,816
80,10,28,LinearSubgradientAuction,0.2,0.08,,True,,1000,10800,cats_path_g10b50,,False,CATS,50,paths,MultiMinded,37,Balance,12.699999999953434,6.124957,9,1.1598,0.90218600000000004,6.124957,5.7265033033761412,4.1025685033761405,4.5032322101932829,1,10,1,588,878
81,10,27,LinearSubgradientAuction,0.2,0.08,,True,,1000,10800,cats_path_g10b50,,False,CATS,50,paths,MultiMinded,67,Balance,22.419999999983702,6.033706,7,1.09603,0.84438299999999999,6.020901,5.1171230456740773,3.9349868456740777,5.0094640457332869,1,10,2,567,847
82,10,40,LinearSubgradientAuction,0.2,0.08,,True,,1000,10800,cats_path_g10b50,,False,CATS,50,paths,MultiMinded,32,Balance,15.860000000044238,7.125598999999999,10,1.12357,0.66202150000000004,7.085456000000001,6.4203476253531688,5.0963046253531683,5.8907184536027515,1,10,1,840,1250
83,10,29,LinearSubgradientAuction,0.2,0.08,,True,,1000,10800,cats_path_g10b50,,False,CATS,50,paths,MultiMinded,35,Balance,12.479999999981374,4.406853099999999,9,0.788029,0.64298299999999997,4.351878099999999,4.1137062899298318,3.0531158744577791,3.4409885930475221,1,10,3,609,909
84,10,23,LinearSubgradientAuction,0.2,0.08,,True,,1000,10800,cats_path_g10b50,,False,CATS,50,paths,MultiMinded,1000,MaxIter,270.5599999999977,4.1736754000000005,9,0.851051,0.68298999999999999,3.3226244000000005,2.9629365669934145,2.0191470098141391,3.2345964699410001,1,9,4,460,677
85,10,26,LinearSubgradientAuction,0.2,0.08,,True,,1000,10800,cats_path_g10b50,,False,CATS,50,paths,MultiMinded,72,Balance,23.070000000006985,6.722310500000001,10,1.11978,0.81925350000000008,6.629831,6.2170501307713719,4.5787110497659356,5.1551746999999981,1,10,1,546,816
86,10,25,LinearSubgradientAuction,0.2,0.08,,True,,1000,10800,cats_path_g10b50,,False,CATS,50,paths,MultiMinded,1000,MaxIter,311.39000000001397,6.8755869999999994,8,1.01302,0.62419199999999997,3.8600990000000004,3.7093075644635105,2.2092723181205836,5.3771310594345358,1,10,4,525,785
87,10,19,LinearSubgradientAuction,0.2,0.08,,True,,1000,10800,cats_path_g10b50,,False,CATS,50,paths,MultiMinded,1000,MaxIter,224.55999999999767,7.4913935,10,0.90213,0.84762199999999999,3.8963675,3.0721971824427645,2.0745917278994375,6.4980807826130622,1,9,8,380,561
88,10,24,LinearSubgradientAuction,0.2,0.08,,True,,1000,10800,cats_path_g10b50,,False,CATS,50,paths,MultiMinded,49,Balance,14.35999999998603,6.671337600000001,9,1.23763,0.97929250000000001,6.608301000000001,5.7017819529902312,4.0700155268797857,5.0473201974166395,1,10,3,504,754
89,10,30,LinearSubgradientAuction,0.2,0.08,,True,,1000,10800,cats_path_g10b50,,False,CATS,50,paths,MultiMinded,77,Balance,26.85999999998603,4.893484,9,0.957818,0.66029399999999994,4.78271,3.8270857971213528,2.7789527783611221,3.8835325472018285,1,9,6,600,880
90,10,24,LinearSubgradientAuction,0.2,0.08,,True,,1000,10800,cats_path_g10b50,,False,CATS,50,paths,MultiMinded,49,Balance,14.350000000034925,4.9815499999999995,8,1.03037,0.59696149999999992,4.9815499999999995,4.2883462956579042,3.3332078956579054,4.26099594714014,1,10,7,504,754
91,10,26,LinearSubgradientAuction,0.2,0.08,,True,,1000,10800,cats_path_g10b50,,False,CATS,50,paths,MultiMinded,168,Balance,53.75,5.608700000000001,8,1.15219,0.65921200000000002,5.484284000000001,4.8766220071346682,3.829719410860108,4.5664233953049989,1,10,2,546,816
92,10,29,LinearSubgradientAuction,0.2,0.08,,True,,1000,10800,cats_path_g10b50,,False,CATS,50,paths,MultiMinded,227,Balance,82.80999999999767,6.734538,7,1.30249,1.03973,6.734538,6.413425359058361,4.957803359058361,5.2863728928888554,1,10,4,609,909
93,10,36,LinearSubgradientAuction,0.2,0.08,,True,,1000,10800,cats_path_g10b50,,False,CATS,50,paths,MultiMinded,34,Balance,15.050000000046566,5.941976,7,1.19352,0.81540649999999992,5.940651000000001,5.790537603992866,4.6489685039928661,4.8232255477582573,1,10,6,756,1126
94,10,36,LinearSubgradientAuction,0.2,0.08,,True,,1000,10800,cats_path_g10b50,,False,CATS,50,paths,MultiMinded,24,Balance,10.559999999997672,6.659274999999999,9,1.32087,0.72828700000000002,6.573074,6.1820442389728321,4.8711276389728306,5.4007809457149554,1,10,1,756,1126
95,10,20,LinearSubgradientAuction,0.2,0.08,,True,,1000,10800,cats_path_g10b50,,False,CATS,50,paths,MultiMinded,1000,MaxIter,236.39000000001397,5.242984999999999,6,0.986125,0.95783799999999997,4.882101,4.2299663198810427,2.1500990817001204,3.177685120343174,1,9,8,400,590
96,10,27,LinearSubgradientAuction,0.2,0.08,,True,,1000,10800,cats_path_g10b50,,False,CATS,50,paths,MultiMinded,39,Balance,12.940000000002328,5.968370999999999,9,1.36717,0.912686,5.968370999999999,5.60843953438909,3.9775787810301941,4.3406789034876523,1,10,1,567,847
97,10,40,LinearSubgradientAuction,0.2,0.08,,True,,1000,10800,cats_path_g10b50,,False,CATS,50,paths,MultiMinded,47,Balance,23.570000000006985,5.874736,9,1.39812,0.64802099999999996,5.874736,5.4289310901448449,4.2624932901448442,4.8317322019173314,1,10,1,840,1250
98,10,29,LinearSubgradientAuction,0.2,0.08,,True,,1000,10800,cats_path_g10b50,,False,CATS,50,paths,MultiMinded,116,Balance,41.910000000032596,8.221217,8,1.32075,0.95510399999999995,8.059552,7.2335674934407486,5.7054010934407486,6.7226070005346497,1,10,5,609,909
99,10,24,LinearSubgradientAuction,0.2,0.08,,True,,1000,10800,cats_path_g10b50,,False,CATS,50,paths,MultiMinded,88,Balance,26.229999999981374,4.068553,8,0.837895,0.57574999999999998,3.981677,3.8737247170145448,2.9525247170145454,3.1668319365581787,1,10,5,504,754
100,10,26,LinearSubgradientAuction,0.2,0.08,,True,,1000,10800,cats_path_g10b50,,False,CATS,50,paths,MultiMinded,79,Balance,25.619999999995343,5.4685310000000005,9,1.22663,0.78226099999999998,5.359288,5.0114133801550622,3.6044593355070318,4.097388515126192,1,10,1,546,816
