idx,items,agents,auction_class,epsilon,stepc,epoch,scalebyvalue,reserve_type,maxiter,maxtime,generator_param_name,personalized,int_prices,generator,bids,distribution,type,rounds,status,runtime,efficient_value,final_num_winners,final_max_agent_value,final_scalevalue,final_value,final_total_price,final_revenue,final_indirect_util,final_price_degree,final_price_sparsity,final_imbalance,final_wd_nvars,final_wd_ncons
1,10,41,LinearHeuristicAuction,0.1,0.04,,True,,1000,10800,cats_path_g10b50,,False,CATS,50,paths,MultiMinded,569,Balance,28.110000000044238,5.1295980000000005,10,1.05837,0.48806749999999999,5.121627600000001,4.2592337384808143,3.7711662384808147,4.6784000634547187,1,10,1,83,51
2,10,32,LinearHeuristicAuction,0.1,0.04,,True,,1000,10800,cats_path_g10b50,,False,CATS,50,paths,MultiMinded,229,Balance,10.210000000020955,5.881798,9,0.89658,0.700376,5.881798,4.4241767098377638,3.8638759098377635,5.3950061372897524,1,9,7,74,42
3,10,23,LinearHeuristicAuction,0.1,0.04,,True,,1000,10800,cats_path_g10b50,,False,CATS,50,paths,MultiMinded,202,Balance,8.649999999965075,6.1772789999999995,8,1.4872,0.84460199999999996,6.134500999999999,5.4714457391769438,4.7957641391769439,5.5901468556277818,1,10,5,71,33
4,10,24,LinearHeuristicAuction,0.1,0.04,,True,,1000,10800,cats_path_g10b50,,False,CATS,50,paths,MultiMinded,38,Balance,1.5800000000162981,5.0370452,8,0.92099,0.79058200000000001,5.0370452,3.718650841615029,3.0861852416150284,4.4869461642025792,1,10,8,67,34
5,10,34,LinearHeuristicAuction,0.1,0.04,,True,,1000,10800,cats_path_g10b50,,False,CATS,50,paths,MultiMinded,152,Balance,6.9799999999813735,6.641525,9,1.19553,0.74441100000000004,6.600319000000001,6.3322505029419576,5.6622806029419595,6.005727439638223,1,10,5,76,44
6,10,26,LinearHeuristicAuction,0.1,0.04,,True,,1000,10800,cats_path_g10b50,,False,CATS,50,paths,MultiMinded,256,Balance,11.119999999995343,7.117255999999999,9,1.27499,1.03579,7.072699999999999,6.3074635654561364,5.3752525654561376,6.2455432986654813,1,10,4,70,36
7,10,30,LinearHeuristicAuction,0.1,0.04,,True,,1000,10800,cats_path_g10b50,,False,CATS,50,paths,MultiMinded,183,Balance,8.049999999988358,5.604355000000001,10,0.860832,0.57241200000000003,5.604355000000001,3.8356607719531448,3.3777311719531449,5.199348887396094,1,10,8,72,40
8,10,29,LinearHeuristicAuction,0.1,0.04,,True,,1000,10800,cats_path_g10b50,,False,CATS,50,paths,MultiMinded,45,Balance,1.9199999999837019,4.14936,8,1.21473,0.53942699999999999,4.14936,3.885702233569742,3.4541606335697428,3.771149847434625,1,10,2,71,39
9,10,34,LinearHeuristicAuction,0.1,0.04,,True,,1000,10800,cats_path_g10b50,,False,CATS,50,paths,MultiMinded,66,Balance,3.0399999999790452,8.312487,10,1.40383,1.19224,8.312487,7.5379047271676241,6.345664727167625,7.2995542666359716,1,10,2,77,44
10,10,35,LinearHeuristicAuction,0.1,0.04,,True,,1000,10800,cats_path_g10b50,,False,CATS,50,paths,MultiMinded,82,Balance,3.8299999999580905,5.813495100000001,9,1.32539,0.73520450000000004,5.775242100000001,5.2485783245191406,4.586894274519139,5.2532797682661618,1,10,2,76,45
11,10,32,LinearHeuristicAuction,0.1,0.04,,True,,1000,10800,cats_path_g10b50,,False,CATS,50,paths,MultiMinded,54,Balance,2.419999999983702,5.665188000000001,8,0.988013,0.84758449999999996,5.650162999999999,5.2124102772415872,4.5343426772415887,5.0957000191865882,1,10,12,76,42
12,10,31,LinearHeuristicAuction,0.1,0.04,,True,,1000,10800,cats_path_g10b50,,False,CATS,50,paths,MultiMinded,118,Balance,5.339999999967404,5.822862,8,1.20008,0.80469999999999997,5.820212000000001,4.9604465098128161,4.3166865098128158,5.2254902404887167,1,10,2,74,41
13,10,24,LinearHeuristicAuction,0.1,0.04,,True,,1000,10800,cats_path_g10b50,,False,CATS,50,paths,MultiMinded,260,Balance,11.300000000046566,5.960460200000001,9,1.3072,0.85787999999999998,5.944012500000001,5.422702560201051,4.6506105602010521,5.191535462522376,1,10,4,69,34
14,10,17,LinearHeuristicAuction,0.1,0.04,,True,,1000,10800,cats_path_g10b50,,False,CATS,50,paths,MultiMinded,363,Balance,14.729999999981374,5.653834,7,0.86218,0.82208099999999995,5.653834,3.5815596261722829,3.0377122160433774,5.1921718365201155,1,10,5,61,27
15,10,33,LinearHeuristicAuction,0.1,0.04,,True,,1000,10800,cats_path_g10b50,,False,CATS,50,paths,MultiMinded,164,Balance,7.349999999976717,5.368371,10,1.226,0.410271,5.368371,4.9021587660711328,4.4918877660711329,4.9972067505760114,1,10,3,73,43
16,10,34,LinearHeuristicAuction,0.1,0.04,,True,,1000,10800,cats_path_g10b50,,False,CATS,50,paths,MultiMinded,233,Balance,10.700000000011642,6.969046,10,1.43412,0.68306999999999995,6.969046,5.7855062138919795,5.1629710507959619,6.3465108369039829,1,10,0,77,44
17,10,30,LinearHeuristicAuction,0.1,0.04,,True,,1000,10800,cats_path_g10b50,,False,CATS,50,paths,MultiMinded,98,Balance,4.2299999999813735,6.379521,9,1.33671,0.75658099999999995,6.311771,5.7857211469459244,5.1047982469459239,5.7337617819173587,1,10,3,70,40
18,10,28,LinearHeuristicAuction,0.1,0.04,,True,,1000,10800,cats_path_g10b50,,False,CATS,50,paths,MultiMinded,101,Balance,4.309999999997672,3.7659457999999995,10,0.809737,0.424898,3.7659457999999995,3.3303379072936821,2.9054399072936827,3.3833831690914495,1,10,1,70,38
19,10,29,LinearHeuristicAuction,0.1,0.04,,True,,1000,10800,cats_path_g10b50,,False,CATS,50,paths,MultiMinded,47,Balance,2.0300000000279397,5.399328000000001,9,0.984412,0.88883350000000005,5.364363000000001,4.5954040873291397,3.810312433573035,4.8156252739029419,1,10,10,71,39
20,10,31,LinearHeuristicAuction,0.1,0.04,,True,,1000,10800,cats_path_g10b50,,False,CATS,50,paths,MultiMinded,75,Balance,3.4600000000209548,5.347376,9,1.11574,0.85649200000000003,5.347376,3.9728267616483626,3.2876331616483618,4.7061987894356232,1,9,5,74,41
21,10,33,LinearHeuristicAuction,0.1,0.04,,True,,1000,10800,cats_path_g10b50,,False,CATS,50,paths,MultiMinded,316,Balance,14.89000000001397,6.346977999999999,8,1.04535,0.887351,6.346977999999999,5.381290046725967,4.6714092467259665,5.6457045420427923,1,10,7,77,43
22,10,29,LinearHeuristicAuction,0.1,0.04,,True,,1000,10800,cats_path_g10b50,,False,CATS,50,paths,MultiMinded,278,Balance,12.950000000011642,3.679525,6,0.81347,0.62753999999999999,3.653836,3.3934032793136293,3.0168792793136294,3.3426912148619135,1,10,10,76,39
23,10,33,LinearHeuristicAuction,0.1,0.04,,True,,1000,10800,cats_path_g10b50,,False,CATS,50,paths,MultiMinded,146,Balance,6.739999999990687,6.968433999999999,9,1.11046,0.85569899999999999,6.968433999999999,5.9496561172221796,5.1795270172221795,6.2321210538483811,1,10,1,75,43
24,10,26,LinearHeuristicAuction,0.1,0.04,,True,,1000,10800,cats_path_g10b50,,False,CATS,50,paths,MultiMinded,222,Balance,9.489999999990687,5.079491000000001,8,0.912266,0.59736,5.079491000000001,4.3847888533005115,3.9069008533005114,4.6607665504275539,1,10,8,69,36
25,10,23,LinearHeuristicAuction,0.1,0.04,,True,,1000,10800,cats_path_g10b50,,False,CATS,50,paths,MultiMinded,137,Balance,5.4799999999813735,5.799925999999999,9,0.932562,0.85897900000000005,5.799925999999999,5.2339237748874714,4.4608426748874717,5.2331825498962807,1,10,3,64,33
26,10,22,LinearHeuristicAuction,0.1,0.04,,True,,1000,10800,cats_path_g10b50,,False,CATS,50,paths,MultiMinded,71,Balance,3.0100000000093132,7.226532999999999,9,1.05046,0.94945649999999993,7.226532999999999,3.6008247851303814,2.9362052351303807,6.5932326547156821,1,10,9,69,32
27,10,33,LinearHeuristicAuction,0.1,0.04,,True,,1000,10800,cats_path_g10b50,,False,CATS,50,paths,MultiMinded,109,Balance,5.309999999997672,5.22312,8,1.38199,0.74170000000000003,5.22312,4.7398265861100413,4.1464665861100416,4.7267566996208812,1,10,2,78,43
28,10,38,LinearHeuristicAuction,0.1,0.04,,True,,1000,10800,cats_path_g10b50,,False,CATS,50,paths,MultiMinded,92,Balance,4.53000000002794,7.158904,10,1.38531,1.05223,7.109398,6.6097887651491973,5.5575587651491976,6.1582646509543109,1,10,4,85,48
29,10,22,LinearHeuristicAuction,0.1,0.04,,True,,1000,10800,cats_path_g10b50,,False,CATS,50,paths,MultiMinded,303,Balance,12.569999999948777,5.222893,7,1.14292,0.81835199999999997,5.222893,4.7514767753701781,4.1786303753701777,4.7388016746284594,1,10,8,65,32
30,10,26,LinearHeuristicAuction,0.1,0.04,,True,,1000,10800,cats_path_g10b50,,False,CATS,50,paths,MultiMinded,104,Balance,4.309999999997672,8.367289,12,1.00864,0.79848300000000005,8.348212,4.4123173080374274,3.7735309080374266,7.7824323179791044,1,10,9,65,36
31,10,34,LinearHeuristicAuction,0.1,0.04,,True,,1000,10800,cats_path_g10b50,,False,CATS,50,paths,MultiMinded,398,Balance,18.349999999976717,7.570106999999999,9,1.56629,0.87534100000000004,7.570106999999999,6.7697129061445702,5.9819060061445688,6.8697225484720716,1,10,4,76,44
32,10,22,LinearHeuristicAuction,0.1,0.04,,True,,1000,10800,cats_path_g10b50,,False,CATS,50,paths,MultiMinded,203,Balance,8.309999999997672,5.8430159999999995,7,0.990041,0.83248200000000006,5.790484999999999,4.8569787799751571,4.2742413799751571,5.3601676546753838,1,10,9,65,32
33,10,23,LinearHeuristicAuction,0.1,0.04,,True,,1000,10800,cats_path_g10b50,,False,CATS,50,paths,MultiMinded,165,Balance,6.96999999997206,5.328471,8,1.14706,0.74653400000000003,5.328471,3.8358922229586763,3.2386650229586764,4.8076081579127674,1,10,4,67,33
34,10,23,LinearHeuristicAuction,0.1,0.04,,True,,1000,10800,cats_path_g10b50,,False,CATS,50,paths,MultiMinded,106,Balance,4.60999999998603,4.414205,7,1.07941,0.93713999999999997,4.414205000000001,3.5315898615127468,2.875591861512746,3.7887891427116758,1,10,3,70,33
35,10,25,LinearHeuristicAuction,0.1,0.04,,True,,1000,10800,cats_path_g10b50,,False,CATS,50,paths,MultiMinded,421,Balance,18.630000000004657,6.118125,8,1.03776,0.84872099999999995,6.1089709999999995,5.4524482335277193,4.7734714335277184,5.5136967845450879,1,10,13,72,35
36,10,20,LinearHeuristicAuction,0.1,0.04,,True,,1000,10800,cats_path_g10b50,,False,CATS,50,paths,MultiMinded,40,Balance,1.8299999999580905,2.51735,8,0.765931,0.744537,2.516245,2.2138808636668919,1.6769109488205634,2.0237298616943233,1,10,16,70,30
37,10,33,LinearHeuristicAuction,0.1,0.04,,True,,1000,10800,cats_path_g10b50,,False,CATS,50,paths,MultiMinded,101,Balance,4.7299999999813735,6.394280999999999,9,1.32219,0.90059900000000004,6.394280999999999,5.8020756369896382,4.9915365369896385,5.5837418999999997,1,10,0,77,43
38,10,37,LinearHeuristicAuction,0.1,0.04,,True,,1000,10800,cats_path_g10b50,,False,CATS,50,paths,MultiMinded,171,Balance,8.549999999988358,4.9241600000000005,7,1.27538,0.75259950000000009,4.915955,4.4524847180342526,3.9256650680342529,4.4634083957172139,1,10,3,83,47
39,10,36,LinearHeuristicAuction,0.1,0.04,,True,,1000,10800,cats_path_g10b50,,False,CATS,50,paths,MultiMinded,87,Balance,4.160000000032596,7.180720999999999,10,1.37975,0.95457900000000007,7.180720999999999,6.498221642548776,5.5436426425487753,6.3167169370535641,1,10,1,79,46
40,10,24,LinearHeuristicAuction,0.1,0.04,,True,,1000,10800,cats_path_g10b50,,False,CATS,50,paths,MultiMinded,108,Balance,4.369999999995343,7.3709551,10,1.05191,0.99338300000000002,7.3117141,6.5685917236408864,5.5919182818277093,6.4528987801801563,1,10,3,66,34
41,10,20,LinearHeuristicAuction,0.1,0.04,,True,,1000,10800,cats_path_g10b50,,False,CATS,50,paths,MultiMinded,126,Balance,5.210000000020955,11.936720999999999,10,1.66283,1.30715,11.936720999999999,7.3220363250251719,6.4070313250251711,11.075983870832692,1,10,6,67,30
42,10,35,LinearHeuristicAuction,0.1,0.04,,True,,1000,10800,cats_path_g10b50,,False,CATS,50,paths,MultiMinded,199,Balance,8.989999999990687,5.98905,10,1.26887,0.57787949999999999,5.98905,5.7642241564655476,5.1863446564655495,5.4111705000000017,1,10,0,77,45
43,10,34,LinearHeuristicAuction,0.1,0.04,,True,,1000,10800,cats_path_g10b50,,False,CATS,50,paths,MultiMinded,32,Balance,1.4699999999720603,5.305578,8,1.49562,0.65433600000000003,5.27149,4.8209774306209523,4.2975086306209516,4.9561960230644289,1,10,6,75,44
44,10,24,LinearHeuristicAuction,0.1,0.04,,True,,1000,10800,cats_path_g10b50,,False,CATS,50,paths,MultiMinded,162,Balance,6.779999999969732,5.406871999999999,9,0.914107,0.79918800000000001,5.406872,4.640780237572244,3.9215110375722433,4.7698184595660216,1,10,2,68,34
45,10,33,LinearHeuristicAuction,0.1,0.04,,True,,1000,10800,cats_path_g10b50,,False,CATS,50,paths,MultiMinded,196,Balance,9.369999999995343,4.392568,8,1.04017,0.61580250000000003,4.349706,4.1913831747584691,3.6987411747584695,3.9676078901826841,1,10,3,78,43
46,10,37,LinearHeuristicAuction,0.1,0.04,,True,,1000,10800,cats_path_g10b50,,False,CATS,50,paths,MultiMinded,99,Balance,4.7299999999813735,7.650231000000001,10,1.33928,0.87604700000000002,7.650231000000001,6.8527688849390849,5.9767218849390851,6.9452732119045999,1,10,2,80,47
47,10,26,LinearHeuristicAuction,0.1,0.04,,True,,1000,10800,cats_path_g10b50,,False,CATS,50,paths,MultiMinded,121,Balance,5.369999999995343,4.863733,8,1.11721,0.68613100000000005,4.847598,4.6809386574300653,4.1320338574300646,4.416748974728165,1,10,9,67,36
48,10,40,LinearHeuristicAuction,0.1,0.04,,True,,1000,10800,cats_path_g10b50,,False,CATS,50,paths,MultiMinded,830,Balance,40.29999999998836,13.668893,15,1.73275,0.850549,13.668893,6.0113991134466342,5.2459050134466345,12.987708051455046,1,10,5,78,50
49,10,25,LinearHeuristicAuction,0.1,0.04,,True,,1000,10800,cats_path_g10b50,,False,CATS,50,paths,MultiMinded,282,Balance,12.080000000016298,4.105134,8,0.775577,0.59589599999999998,4.105134,3.9092722914682128,3.4325554914682144,3.6931854612713577,1,10,4,70,35
50,10,43,LinearHeuristicAuction,0.1,0.04,,True,,1000,10800,cats_path_g10b50,,False,CATS,50,paths,MultiMinded,142,Balance,7.28000000002794,7.516903,10,1.3359,0.92906500000000003,7.516903,7.1634267580057021,6.2343617580057042,6.6926492091029637,1,10,2,86,53
51,10,23,LinearHeuristicAuction,0.1,0.04,,True,,1000,10800,cats_path_g10b50,,False,CATS,50,paths,MultiMinded,108,Balance,4.429999999993015,3.8581627999999997,8,0.728995,0.60365150000000001,3.8581627999999997,3.4819205565179616,3.0157221346476004,3.4216074517001562,1,10,11,68,33
52,10,28,LinearHeuristicAuction,0.1,0.04,,True,,1000,10800,cats_path_g10b50,,False,CATS,50,paths,MultiMinded,97,Balance,4.279999999969732,6.103176,9,1.01863,0.782582,6.1031759999999995,5.4658829126244139,4.7615591126244157,5.4164804136444928,1,10,18,74,38
53,10,26,LinearHeuristicAuction,0.1,0.04,,True,,1000,10800,cats_path_g10b50,,False,CATS,50,paths,MultiMinded,114,Balance,4.7700000000186265,9.548895000000002,9,1.84651,1.2191000000000001,9.432675000000001,7.5380098341826498,6.5627298341826501,8.5890370961432954,1,9,7,66,36
54,10,30,LinearHeuristicAuction,0.1,0.04,,True,,1000,10800,cats_path_g10b50,,False,CATS,50,paths,MultiMinded,218,Balance,9.769999999960419,3.5444180000000003,9,0.62406,0.46356900000000001,3.5444180000000003,3.1857397920973267,2.7685276920973263,3.1308454528646705,1,10,6,72,40
55,10,24,LinearHeuristicAuction,0.1,0.04,,True,,1000,10800,cats_path_g10b50,,False,CATS,50,paths,MultiMinded,175,Balance,7.35999999998603,5.614495000000001,8,1.03261,0.81608499999999995,5.544175000000001,5.171049153261766,4.5181811532617653,4.9768247382969442,1,10,7,68,34
56,10,26,LinearHeuristicAuction,0.1,0.04,,True,,1000,10800,cats_path_g10b50,,False,CATS,50,paths,MultiMinded,104,Balance,4.509999999951106,5.021542,8,1.22335,0.86009449999999998,5.0143097,4.8444013308203155,4.1563257308203143,4.4140543170614137,1,10,6,72,36
57,10,29,LinearHeuristicAuction,0.1,0.04,,True,,1000,10800,cats_path_g10b50,,False,CATS,50,paths,MultiMinded,159,Balance,6.9500000000116415,5.662903,10,1.20543,0.7060765,5.662903,4.9642894631641585,4.2582129631641585,4.9726036890048917,1,10,1,72,39
58,10,32,LinearHeuristicAuction,0.1,0.04,,True,,1000,10800,cats_path_g10b50,,False,CATS,50,paths,MultiMinded,127,Balance,6.0200000000186265,5.435453000000001,8,1.10141,0.84788050000000004,5.435453000000001,4.9724414264962444,4.2941370264962435,4.7667991568881174,1,10,1,78,42
59,10,31,LinearHeuristicAuction,0.1,0.04,,True,,1000,10800,cats_path_g10b50,,False,CATS,50,paths,MultiMinded,173,Balance,7.85999999998603,7.500881000000001,9,1.37858,1.0170600000000001,7.500881000000001,6.9093279144267594,5.9939739144267588,6.684458407388461,1,10,1,75,41
60,10,18,LinearHeuristicAuction,0.1,0.04,,True,,1000,10800,cats_path_g10b50,,False,CATS,50,paths,MultiMinded,16,Balance,0.6100000000442378,3.938055,7,1.01239,0.77787200000000001,3.897353,2.8665124531558268,2.3220020531558272,3.4648501152350994,1,10,12,62,28
61,10,39,LinearHeuristicAuction,0.1,0.04,,True,,1000,10800,cats_path_g10b50,,False,CATS,50,paths,MultiMinded,134,Balance,6.440000000002328,6.514431,10,1.15445,0.68256899999999998,6.514431,5.6355723512659264,4.9530033512659273,5.8864147631015005,1,10,1,80,49
62,10,24,LinearHeuristicAuction,0.1,0.04,,True,,1000,10800,cats_path_g10b50,,False,CATS,50,paths,MultiMinded,560,Balance,24.880000000004657,5.874828,8,1.13322,0.74950450000000002,5.846068,5.3537566634356857,4.7541530634356848,5.3407369535866236,1,10,8,68,34
63,10,26,LinearHeuristicAuction,0.1,0.04,,True,,1000,10800,cats_path_g10b50,,False,CATS,50,paths,MultiMinded,311,Balance,12.930000000051223,10.817572,15,1.05624,0.85327799999999998,10.817572,4.4233910084077221,3.696928650686488,10.178553958543571,1,10,6,64,36
64,10,15,LinearHeuristicAuction,0.1,0.04,,True,,1000,10800,cats_path_g10b50,,False,CATS,50,paths,MultiMinded,68,Balance,3.0,4.3252115,8,1.18924,0.88682499999999997,4.325211500000001,3.6886073864027584,3.0501110197292411,3.7395724047714172,1,10,16,66,25
65,10,35,LinearHeuristicAuction,0.1,0.04,,True,,1000,10800,cats_path_g10b50,,False,CATS,50,paths,MultiMinded,230,Balance,10.590000000025611,9.498291,10,1.37422,0.81186400000000003,9.498291,6.3146021999750177,5.6558733824251535,8.9192406183753743,1,10,2,75,45
66,10,22,LinearHeuristicAuction,0.1,0.04,,True,,1000,10800,cats_path_g10b50,,False,CATS,50,paths,MultiMinded,195,Balance,8.130000000004657,6.527464,7,1.20805,0.92267349999999992,6.527464,5.593983053621125,4.9481116036211255,5.9072606567015713,1,10,7,67,32
67,10,31,LinearHeuristicAuction,0.1,0.04,,True,,1000,10800,cats_path_g10b50,,False,CATS,50,paths,MultiMinded,179,Balance,8.020000000018626,4.99912,8,0.980804,0.62215900000000002,4.99912,4.6266235530830953,4.1288963530830953,4.5557095056330823,1,10,10,74,41
68,10,21,LinearHeuristicAuction,0.1,0.04,,True,,1000,10800,cats_path_g10b50,,False,CATS,50,paths,MultiMinded,120,Balance,5.25,4.354444,7,1.10844,0.58718800000000004,4.354444,3.9824163270687265,3.5713847270687271,3.958006357761211,1,10,9,68,31
69,10,31,LinearHeuristicAuction,0.1,0.04,,True,,1000,10800,cats_path_g10b50,,False,CATS,50,paths,MultiMinded,190,Balance,8.590000000025611,4.638021,8,0.932286,0.72681200000000001,4.5660799999999995,4.3732555031816363,3.7918059031816362,4.1332728635777478,1,10,9,75,41
70,10,32,LinearHeuristicAuction,0.1,0.04,,True,,1000,10800,cats_path_g10b50,,False,CATS,50,paths,MultiMinded,220,Balance,9.989999999990687,5.529561,10,0.883645,0.71283099999999999,5.505921,5.0495934721083531,4.3367624721083535,4.8635639420812584,1,10,1,76,42
71,10,29,LinearHeuristicAuction,0.1,0.04,,True,,1000,10800,cats_path_g10b50,,False,CATS,50,paths,MultiMinded,163,Balance,7.260000000009313,3.8155849999999996,8,0.722118,0.584781,3.7712899999999996,3.4421835874413538,2.974358787441354,3.4218249166362225,1,10,6,73,39
72,10,23,LinearHeuristicAuction,0.1,0.04,,True,,1000,10800,cats_path_g10b50,,False,CATS,50,paths,MultiMinded,187,Balance,7.869999999995343,4.337076,9,1.09941,0.63108900000000001,4.337076,4.0694893720395227,3.501509272039522,3.8333350274002367,1,10,4,67,33
73,10,23,LinearHeuristicAuction,0.1,0.04,,True,,1000,10800,cats_path_g10b50,,False,CATS,50,paths,MultiMinded,46,Balance,1.8900000000139698,4.733565,7,1.17805,0.79788950000000003,4.733565,4.4686889123512339,3.9101662623512325,4.2909615034078366,1,10,8,66,33
74,10,28,LinearHeuristicAuction,0.1,0.04,,True,,1000,10800,cats_path_g10b50,,False,CATS,50,paths,MultiMinded,79,Balance,3.4200000000419095,4.250006,8,0.944433,0.60220899999999999,4.239244,4.0446642145274634,3.5628970145274632,3.856927427471422,1,10,6,73,38
75,10,23,LinearHeuristicAuction,0.1,0.04,,True,,1000,10800,cats_path_g10b50,,False,CATS,50,paths,MultiMinded,144,Balance,6.240000000048894,4.765222,7,0.954458,0.87700599999999995,4.765222,4.5032800390274561,3.8893758390274566,4.2426157507287279,1,10,6,71,33
76,10,29,LinearHeuristicAuction,0.1,0.04,,True,,1000,10800,cats_path_g10b50,,False,CATS,50,paths,MultiMinded,48,Balance,2.169999999983702,6.904471,8,1.28641,1.1137699999999999,6.829421000000001,5.6523676991273977,4.8727286991273973,6.1878724176834847,1,9,9,77,39
77,10,20,LinearHeuristicAuction,0.1,0.04,,True,,1000,10800,cats_path_g10b50,,False,CATS,50,paths,MultiMinded,507,Balance,22.349999999976717,3.7830920000000003,7,0.987819,0.58873500000000001,3.7830920000000003,3.5541448205964006,3.1420303205964015,3.4318965981888434,1,10,3,68,30
78,10,31,LinearHeuristicAuction,0.1,0.04,,True,,1000,10800,cats_path_g10b50,,False,CATS,50,paths,MultiMinded,97,Balance,4.619999999995343,6.355665,9,1.59706,0.92678550000000004,6.355665,6.088373242878685,5.2542662928786852,5.6131601174403425,1,10,1,80,41
79,10,26,LinearHeuristicAuction,0.1,0.04,,True,,1000,10800,cats_path_g10b50,,False,CATS,50,paths,MultiMinded,753,Balance,32.14000000001397,6.17396,9,1.51269,0.757185,6.17396,5.5550562779151056,4.8735897779151065,5.5679535905459918,1,10,2,69,36
80,10,28,LinearHeuristicAuction,0.1,0.04,,True,,1000,10800,cats_path_g10b50,,False,CATS,50,paths,MultiMinded,117,Balance,5.119999999995343,6.124957,8,1.1598,0.90218600000000004,6.113325000000001,5.7086368533538296,4.9868880533538293,5.4203395469061659,1,10,5,70,38
81,10,27,LinearHeuristicAuction,0.1,0.04,,True,,1000,10800,cats_path_g10b50,,False,CATS,50,paths,MultiMinded,303,Balance,13.60999999998603,6.033706,7,1.09603,0.84438299999999999,6.033706,5.2796642761269172,4.6885961761269161,5.5280825156097881,1,10,6,73,37
82,10,40,LinearHeuristicAuction,0.1,0.04,,True,,1000,10800,cats_path_g10b50,,False,CATS,50,paths,MultiMinded,133,Balance,6.350000000034925,7.125598999999999,10,1.12357,0.66202150000000004,7.085456000000001,6.4438070357094954,5.7817855357094965,6.4882554599203779,1,10,1,81,50
83,10,29,LinearHeuristicAuction,0.1,0.04,,True,,1000,10800,cats_path_g10b50,,False,CATS,50,paths,MultiMinded,79,Balance,3.4600000000209548,4.406853099999999,9,0.788029,0.64298299999999997,4.406853099999999,4.038460846738638,3.4837020266461058,3.9064526087084639,1,10,1,72,39
84,10,23,LinearHeuristicAuction,0.1,0.04,,True,,1000,10800,cats_path_g10b50,,False,CATS,50,paths,MultiMinded,97,Balance,3.9899999999906868,4.1736754000000005,8,0.851051,0.68298999999999999,4.127139000000001,2.8762155304578285,2.4508790247909147,3.8238114326544852,1,10,7,63,33
85,10,26,LinearHeuristicAuction,0.1,0.04,,True,,1000,10800,cats_path_g10b50,,False,CATS,50,paths,MultiMinded,207,Balance,8.589999999967404,6.722310500000001,10,1.11978,0.81925350000000008,6.722310500000001,6.1780656758823342,5.3588121758823339,5.9844614728078511,1,10,4,69,36
86,10,25,LinearHeuristicAuction,0.1,0.04,,True,,1000,10800,cats_path_g10b50,,False,CATS,50,paths,MultiMinded,406,Balance,17.669999999983702,6.8755869999999994,10,1.01302,0.62419199999999997,6.8755869999999994,3.3583919509406344,2.8590383509406347,6.4379781437348154,1,10,1,68,35
87,10,19,LinearHeuristicAuction,0.1,0.04,,True,,1000,10800,cats_path_g10b50,,False,CATS,50,paths,MultiMinded,136,Balance,5.89000000001397,7.4913935,12,0.90213,0.84762199999999999,7.4913935,3.1758072242167099,2.520145151202025,6.9319812315377263,1,9,6,63,29
88,10,24,LinearHeuristicAuction,0.1,0.04,,True,,1000,10800,cats_path_g10b50,,False,CATS,50,paths,MultiMinded,152,Balance,6.580000000016298,6.671337600000001,9,1.23763,0.97929250000000001,6.615725600000001,5.5071928521989131,4.6617051739826501,5.9091655096636302,1,10,14,70,34
89,10,30,LinearHeuristicAuction,0.1,0.04,,True,,1000,10800,cats_path_g10b50,,False,CATS,50,paths,MultiMinded,145,Balance,6.550000000046566,4.893484,9,0.957818,0.66029399999999994,4.893484,3.8546693594682377,3.3264341594682372,4.4332631888105425,1,9,2,75,40
90,10,24,LinearHeuristicAuction,0.1,0.04,,True,,1000,10800,cats_path_g10b50,,False,CATS,50,paths,MultiMinded,218,Balance,9.179999999993015,4.9815499999999995,8,1.03037,0.59696149999999992,4.9815499999999995,4.3521370048714001,3.8745678048713996,4.620938806469562,1,10,8,67,34
91,10,26,LinearHeuristicAuction,0.1,0.04,,True,,1000,10800,cats_path_g10b50,,False,CATS,50,paths,MultiMinded,472,Balance,21.10999999998603,5.608700000000001,9,1.15219,0.65921200000000002,5.608700000000001,4.8010153981967827,4.2077245981967826,5.0698733728952945,1,10,1,70,36
92,10,29,LinearHeuristicAuction,0.1,0.04,,True,,1000,10800,cats_path_g10b50,,False,CATS,50,paths,MultiMinded,41,Balance,1.779999999969732,6.734538,7,1.30249,1.03973,6.734538,6.0805727915356416,5.3527617915356416,6.3157135961513742,1,10,8,71,39
93,10,36,LinearHeuristicAuction,0.1,0.04,,True,,1000,10800,cats_path_g10b50,,False,CATS,50,paths,MultiMinded,77,Balance,3.6300000000046566,5.941976,7,1.19352,0.81540649999999992,5.927713,5.6948229933021004,5.1240384433020996,5.4692544898955324,1,10,5,79,46
94,10,36,LinearHeuristicAuction,0.1,0.04,,True,,1000,10800,cats_path_g10b50,,False,CATS,50,paths,MultiMinded,83,Balance,3.8800000000046566,6.659274999999999,10,1.32087,0.72828700000000002,6.659274999999999,6.1821051396059161,5.4538181396059162,5.9897010499635446,1,10,1,79,46
95,10,20,LinearHeuristicAuction,0.1,0.04,,True,,1000,10800,cats_path_g10b50,,False,CATS,50,paths,MultiMinded,43,Balance,1.7899999999790452,5.242984999999999,7,0.986125,0.95783799999999997,5.234794999999999,3.8563305216948827,3.2707291708061543,4.8938913055304702,1,10,14,63,30
96,10,27,LinearHeuristicAuction,0.1,0.04,,True,,1000,10800,cats_path_g10b50,,False,CATS,50,paths,MultiMinded,85,Balance,3.6900000000023283,5.968370999999999,9,1.36717,0.912686,5.921723999999999,5.4082921631222529,4.5868747631222533,5.2303637355538255,1,10,2,72,37
97,10,40,LinearHeuristicAuction,0.1,0.04,,True,,1000,10800,cats_path_g10b50,,False,CATS,50,paths,MultiMinded,207,Balance,10.239999999990687,5.874736,9,1.39812,0.64802099999999996,5.874736,5.4190757383056223,4.8358568383056229,5.3558345108482142,1,10,1,84,50
98,10,29,LinearHeuristicAuction,0.1,0.04,,True,,1000,10800,cats_path_g10b50,,False,CATS,50,paths,MultiMinded,227,Balance,10.409999999974389,8.221217,9,1.32075,0.95510399999999995,8.182974999999999,7.1097050172042104,6.2501114172042094,7.4747510633366758,1,10,5,72,39
99,10,24,LinearHeuristicAuction,0.1,0.04,,True,,1000,10800,cats_path_g10b50,,False,CATS,50,paths,MultiMinded,196,Balance,8.209999999962747,4.068553,8,0.837895,0.57574999999999998,4.068553,3.7775320167231801,3.3169320167231806,3.6924082903633164,1,10,6,66,34
100,10,26,LinearHeuristicAuction,0.1,0.04,,True,,1000,10800,cats_path_g10b50,,False,CATS,50,paths,MultiMinded,377,Balance,16.520000000018626,5.4685310000000005,9,1.22663,0.78226099999999998,5.4685310000000005,5.1315247318833785,4.4274898318833777,4.7644960999999988,1,10,0,72,36
