idx,items,agents,auction_class,epsilon,stepc,epoch,scalebyvalue,reserve_type,maxiter,maxtime,generator_param_name,personalized,int_prices,generator,bids,distribution,type,rounds,status,runtime,efficient_value,final_num_winners,final_max_agent_value,final_scalevalue,final_value,final_total_price,final_revenue,final_indirect_util,final_price_degree,final_price_sparsity,final_imbalance,final_wd_nvars,final_wd_ncons
1,10,41,LinearSubgradientAuction,0.2,0.01,,True,,1000,10800,cats_path_g10b50,,False,CATS,50,paths,MultiMinded,1000,MaxIter,492.0,5.1295980000000005,10,1.05837,0.48806749999999999,4.759539,3.3508955161669083,2.2560373013261499,4.8111725604525795,1,9,4,820,1199
2,10,32,LinearSubgradientAuction,0.2,0.01,,True,,1000,10800,cats_path_g10b50,,False,CATS,50,paths,MultiMinded,1000,MaxIter,373.60999999998603,5.881798,8,0.89658,0.700376,4.146522,4.06540707454384,1.9689609276776561,4.0299534302415676,1,9,9,640,938
3,10,23,LinearSubgradientAuction,0.2,0.01,,True,,1000,10800,cats_path_g10b50,,False,CATS,50,paths,MultiMinded,1000,MaxIter,287.0900000000256,6.1772789999999995,8,1.4872,0.84460199999999996,6.1772789999999995,5.0259322210830755,3.6745690210830748,5.1189443835236723,1,10,4,483,723
4,10,24,LinearSubgradientAuction,0.2,0.01,,True,,1000,10800,cats_path_g10b50,,False,CATS,50,paths,MultiMinded,1000,MaxIter,296.2600000000093,5.0370452,7,0.92099,0.79058200000000001,4.1160552,3.6763699941539856,1.6727601270748491,3.0334860080730905,1,10,6,504,754
5,10,34,LinearSubgradientAuction,0.2,0.01,,True,,1000,10800,cats_path_g10b50,,False,CATS,50,paths,MultiMinded,1000,MaxIter,430.7599999999511,6.641525,9,1.19553,0.74441100000000004,5.678814,6.0172602493414402,3.9984988530225305,4.977229100204652,1,10,7,714,1064
6,10,26,LinearSubgradientAuction,0.2,0.01,,True,,1000,10800,cats_path_g10b50,,False,CATS,50,paths,MultiMinded,1000,MaxIter,323.79999999998836,7.117255999999999,7,1.27499,1.03579,4.83355,5.200287857369509,1.1272809711312699,3.8498530118940497,1,10,16,546,816
7,10,30,LinearSubgradientAuction,0.2,0.01,,True,,1000,10800,cats_path_g10b50,,False,CATS,50,paths,MultiMinded,1000,MaxIter,372.60999999998603,5.604355000000001,7,0.860832,0.57241200000000003,3.1112379999999997,3.580692130870343,1.4399871154546848,3.6388252788010096,1,10,11,630,940
8,10,29,LinearSubgradientAuction,0.2,0.01,,True,,1000,10800,cats_path_g10b50,,False,CATS,50,paths,MultiMinded,484,Balance,175.5900000000256,4.14936,8,1.21473,0.53942699999999999,4.064062,3.826221175450351,2.9631379754503517,3.366088466599249,1,10,3,609,909
9,10,34,LinearSubgradientAuction,0.2,0.01,,True,,1000,10800,cats_path_g10b50,,False,CATS,50,paths,MultiMinded,634,Balance,267.8500000000349,8.312487,10,1.40383,1.19224,8.312487,7.3218939949401367,4.9596291698227599,6.4558522575202879,1,10,3,714,1064
10,10,35,LinearSubgradientAuction,0.2,0.01,,True,,1000,10800,cats_path_g10b50,,False,CATS,50,paths,MultiMinded,871,Balance,380.79999999998836,5.813495100000001,9,1.32539,0.73520450000000004,5.752762100000001,5.0942351714511789,3.81921814541702,4.8567124185702299,1,10,3,735,1095
11,10,32,LinearSubgradientAuction,0.2,0.01,,True,,1000,10800,cats_path_g10b50,,False,CATS,50,paths,MultiMinded,561,Balance,226.14999999996508,5.665188000000001,8,0.988013,0.84758449999999996,5.490038,5.1597590667019935,3.8036238667019924,4.4357896291993555,1,10,8,672,1002
12,10,31,LinearSubgradientAuction,0.2,0.01,,True,,1000,10800,cats_path_g10b50,,False,CATS,50,paths,MultiMinded,1000,MaxIter,385.8099999999977,5.822862,8,1.20008,0.80469999999999997,5.822862,4.6753469264436625,3.451633121057105,4.8724199180239509,1,10,2,651,971
13,10,24,LinearSubgradientAuction,0.2,0.01,,True,,1000,10800,cats_path_g10b50,,False,CATS,50,paths,MultiMinded,1000,MaxIter,298.8499999999767,5.960460200000001,7,1.3072,0.85787999999999998,5.012625,4.7922037043228816,2.262161417739629,4.0020513769439967,1,10,8,504,754
14,10,17,LinearSubgradientAuction,0.2,0.01,,True,,1000,10800,cats_path_g10b50,,False,CATS,50,paths,MultiMinded,1000,MaxIter,215.3399999999674,5.653834,7,0.86218,0.82208099999999995,4.526801,2.4798773794017799,0.95790243724708379,4.5246791961473454,1,10,6,357,537
15,10,33,LinearSubgradientAuction,0.2,0.01,,True,,1000,10800,cats_path_g10b50,,False,CATS,50,paths,MultiMinded,1000,MaxIter,414.46000000002095,5.368371,10,1.226,0.410271,4.815174,4.0883228911835161,2.9621120880464633,5.9090968743871848,1,10,9,693,1033
16,10,34,LinearSubgradientAuction,0.2,0.01,,True,,1000,10800,cats_path_g10b50,,False,CATS,50,paths,MultiMinded,1000,MaxIter,400.3300000000163,6.969046,10,1.43412,0.68306999999999995,6.8636289999999995,5.222692990626868,3.993166990626869,6.3007559612850512,1,9,3,680,996
17,10,30,LinearSubgradientAuction,0.2,0.01,,True,,1000,10800,cats_path_g10b50,,False,CATS,50,paths,MultiMinded,1000,MaxIter,372.9899999999907,6.379521,9,1.33671,0.75658099999999995,6.339200999999999,5.4822020195676942,4.120356219567693,5.459654871471523,1,10,3,630,940
18,10,28,LinearSubgradientAuction,0.2,0.01,,True,,1000,10800,cats_path_g10b50,,False,CATS,50,paths,MultiMinded,1000,MaxIter,351.6900000000023,3.7659457999999995,10,0.809737,0.424898,3.6925779999999997,3.2334691545722491,2.3953823845883275,3.0674812187964626,1,10,5,588,878
19,10,29,LinearSubgradientAuction,0.2,0.01,,True,,1000,10800,cats_path_g10b50,,False,CATS,50,paths,MultiMinded,1000,MaxIter,362.46999999997206,5.399328000000001,6,0.984412,0.88883350000000005,4.1194120000000005,4.7149187860573747,1.8404458342054986,2.5673628062550309,1,10,9,609,909
20,10,31,LinearSubgradientAuction,0.2,0.01,,True,,1000,10800,cats_path_g10b50,,False,CATS,50,paths,MultiMinded,616,Balance,223.19999999995343,5.347376,9,1.11574,0.85649200000000003,5.192829,3.7722175520509809,2.4879514048483871,4.3348658508297397,1,9,4,620,909
21,10,33,LinearSubgradientAuction,0.2,0.01,,True,,1000,10800,cats_path_g10b50,,False,CATS,50,paths,MultiMinded,1000,MaxIter,411.2299999999814,6.346977999999999,7,1.04535,0.887351,5.031109000000001,4.7100837802422468,2.0686562702812266,3.9859140933141477,1,10,8,693,1033
22,10,29,LinearSubgradientAuction,0.2,0.01,,True,,1000,10800,cats_path_g10b50,,False,CATS,50,paths,MultiMinded,1000,MaxIter,361.61999999999534,3.679525,6,0.81347,0.62753999999999999,2.769698,2.9690960971422564,1.4363735902398564,2.4289841892406132,1,10,5,609,909
23,10,33,LinearSubgradientAuction,0.2,0.01,,True,,1000,10800,cats_path_g10b50,,False,CATS,50,paths,MultiMinded,1000,MaxIter,397.7600000000093,6.968433999999999,9,1.11046,0.85569899999999999,6.7449639999999995,5.5329319040955278,4.0535500349622167,6.0195712569993987,1,10,5,693,1033
24,10,26,LinearSubgradientAuction,0.2,0.01,,True,,1000,10800,cats_path_g10b50,,False,CATS,50,paths,MultiMinded,1000,MaxIter,327.03999999997905,5.079491000000001,7,0.912266,0.59736,3.805512,3.8265769919454193,2.0786182224101553,3.9294876483849848,1,10,11,546,816
25,10,23,LinearSubgradientAuction,0.2,0.01,,True,,1000,10800,cats_path_g10b50,,False,CATS,50,paths,MultiMinded,1000,MaxIter,283.88000000000466,5.799925999999999,9,0.932562,0.85897900000000005,5.00082,4.6043579289928109,2.4319298553341575,4.389272822892476,1,10,6,483,723
26,10,22,LinearSubgradientAuction,0.2,0.01,,True,,1000,10800,cats_path_g10b50,,False,CATS,50,paths,MultiMinded,1000,MaxIter,275.3299999999581,7.226532999999999,6,1.05046,0.94945649999999993,2.5635030000000003,3.5014032161073723,1.5822274408168979,5.309096158319548,1,10,10,462,692
27,10,33,LinearSubgradientAuction,0.2,0.01,,True,,1000,10800,cats_path_g10b50,,False,CATS,50,paths,MultiMinded,1000,MaxIter,415.54999999998836,5.22312,7,1.38199,0.74170000000000003,4.136955,4.6212918466656081,2.6133135676042554,3.437448517345163,1,10,6,693,1033
28,10,38,LinearSubgradientAuction,0.2,0.01,,True,,1000,10800,cats_path_g10b50,,False,CATS,50,paths,MultiMinded,1000,MaxIter,481.79999999998836,7.158904,9,1.38531,1.05223,6.422575,6.5999032153371679,4.1552186980434973,4.7862238017745025,1,10,3,798,1188
29,10,22,LinearSubgradientAuction,0.2,0.01,,True,,1000,10800,cats_path_g10b50,,False,CATS,50,paths,MultiMinded,1000,MaxIter,274.61000000004424,5.222893,7,1.14292,0.81835199999999997,4.500511,3.843040563347059,1.3310013059052799,3.5397052238136415,1,10,6,462,692
30,10,26,LinearSubgradientAuction,0.2,0.01,,True,,1000,10800,cats_path_g10b50,,False,CATS,50,paths,MultiMinded,1000,MaxIter,326.8399999999674,8.367289,7,1.00864,0.79848300000000005,4.57805,4.3508798344623854,2.3526828162056574,6.5612129428762698,1,10,10,546,816
31,10,34,LinearSubgradientAuction,0.2,0.01,,True,,1000,10800,cats_path_g10b50,,False,CATS,50,paths,MultiMinded,1000,MaxIter,424.4799999999814,7.570106999999999,9,1.56629,0.87534100000000004,6.643089999999999,5.9655010874184677,3.6889290882122414,6.1484979839710725,1,10,4,714,1064
32,10,22,LinearSubgradientAuction,0.2,0.01,,True,,1000,10800,cats_path_g10b50,,False,CATS,50,paths,MultiMinded,1000,MaxIter,276.21999999997206,5.8430159999999995,6,0.990041,0.83248200000000006,4.54484,4.5466648049512974,1.9505243441715294,3.4404972586829121,1,10,8,462,692
33,10,23,LinearSubgradientAuction,0.2,0.01,,True,,1000,10800,cats_path_g10b50,,False,CATS,50,paths,MultiMinded,1000,MaxIter,286.8099999999977,5.328471,7,1.14706,0.74653400000000003,3.7785390000000003,3.5423155244278406,1.6457981517784146,3.6239720747267814,1,10,4,483,723
34,10,23,LinearSubgradientAuction,0.2,0.01,,True,,1000,10800,cats_path_g10b50,,False,CATS,50,paths,MultiMinded,1000,MaxIter,290.45000000001164,4.414205,6,1.07941,0.93713999999999997,3.193609,3.4798990567085042,1.0518762239424262,2.007478426228527,1,10,2,483,723
35,10,25,LinearSubgradientAuction,0.2,0.01,,True,,1000,10800,cats_path_g10b50,,False,CATS,50,paths,MultiMinded,1000,MaxIter,314.9799999999814,6.118125,7,1.03776,0.84872099999999995,5.740156,4.830118664049543,3.6419092640495432,5.3885916937229172,1,10,8,525,785
36,10,20,LinearSubgradientAuction,0.2,0.01,,True,,1000,10800,cats_path_g10b50,,False,CATS,50,paths,MultiMinded,185,Balance,44.13999999995576,2.51735,8,0.765931,0.744537,2.396879,1.9592337453214685,1.0054601115349897,1.8682864344908787,1,9,3,400,590
37,10,33,LinearSubgradientAuction,0.2,0.01,,True,,1000,10800,cats_path_g10b50,,False,CATS,50,paths,MultiMinded,1000,MaxIter,413.78000000002794,6.394280999999999,9,1.32219,0.90059900000000004,6.252431,5.6428224609654549,4.0217442609654546,4.8907177122812291,1,10,2,693,1033
38,10,37,LinearSubgradientAuction,0.2,0.01,,True,,1000,10800,cats_path_g10b50,,False,CATS,50,paths,MultiMinded,1000,MaxIter,471.4400000000023,4.9241600000000005,9,1.27538,0.75259950000000009,4.651465,4.3720283788700423,2.931970661704459,3.653685374949835,1,10,3,777,1157
39,10,36,LinearSubgradientAuction,0.2,0.01,,True,,1000,10800,cats_path_g10b50,,False,CATS,50,paths,MultiMinded,986,Balance,448.71000000002095,7.180720999999999,9,1.37975,0.95457900000000007,7.012939,6.3597203267666584,4.7083132646550352,5.6770012379638306,1,10,5,756,1126
40,10,24,LinearSubgradientAuction,0.2,0.01,,True,,1000,10800,cats_path_g10b50,,False,CATS,50,paths,MultiMinded,1000,MaxIter,293.4100000000326,7.3709551,10,1.05191,0.99338300000000002,6.6565311,5.9440413965482115,3.6861660708654482,5.6583141177910381,1,10,6,504,754
41,10,20,LinearSubgradientAuction,0.2,0.01,,True,,1000,10800,cats_path_g10b50,,False,CATS,50,paths,MultiMinded,1000,MaxIter,251.29999999998836,11.936720999999999,8,1.66283,1.30715,3.858937,6.4972812088022867,1.9951328256769665,8.0546884073899587,1,10,15,420,630
42,10,35,LinearSubgradientAuction,0.2,0.01,,True,,1000,10800,cats_path_g10b50,,False,CATS,50,paths,MultiMinded,1000,MaxIter,433.9099999999744,5.98905,9,1.26887,0.57787949999999999,5.036561000000001,4.8282385035729583,3.4000114572858009,5.7064133775581816,1,10,11,735,1095
43,10,34,LinearSubgradientAuction,0.2,0.01,,True,,1000,10800,cats_path_g10b50,,False,CATS,50,paths,MultiMinded,664,Balance,283.61999999999534,5.305578,8,1.49562,0.65433600000000003,5.305578,4.9999147204669674,3.9529771204669686,4.2588470403618155,1,10,3,714,1064
44,10,24,LinearSubgradientAuction,0.2,0.01,,True,,1000,10800,cats_path_g10b50,,False,CATS,50,paths,MultiMinded,1000,MaxIter,304.36999999999534,5.406871999999999,7,0.914107,0.79918800000000001,4.393711,4.2562342839069194,1.6284686014814467,3.0882029244514948,1,10,11,504,754
45,10,33,LinearSubgradientAuction,0.2,0.01,,True,,1000,10800,cats_path_g10b50,,False,CATS,50,paths,MultiMinded,1000,MaxIter,409.2599999999511,4.392568,8,1.04017,0.61580250000000003,4.048432,3.8435341210717024,2.6836013150285813,3.5947357077652908,1,10,2,693,1033
46,10,37,LinearSubgradientAuction,0.2,0.01,,True,,1000,10800,cats_path_g10b50,,False,CATS,50,paths,MultiMinded,1000,MaxIter,472.0100000000093,7.650231000000001,10,1.33928,0.87604700000000002,7.650231000000001,6.6489426431819236,4.9624722269685329,6.5117389307560058,1,10,2,777,1157
47,10,26,LinearSubgradientAuction,0.2,0.01,,True,,1000,10800,cats_path_g10b50,,False,CATS,50,paths,MultiMinded,1000,MaxIter,324.3199999999488,4.863733,6,1.11721,0.68613100000000005,4.328293,4.1422257695646643,2.4279959228211037,3.5560243847453012,1,10,9,546,816
48,10,40,LinearSubgradientAuction,0.2,0.01,,True,,1000,10800,cats_path_g10b50,,False,CATS,50,paths,MultiMinded,1000,MaxIter,509.0,13.668893,9,1.73275,0.850549,5.382038,4.5920359386671281,2.6689650546888104,12.325782736147865,1,10,10,840,1250
49,10,25,LinearSubgradientAuction,0.2,0.01,,True,,1000,10800,cats_path_g10b50,,False,CATS,50,paths,MultiMinded,1000,MaxIter,314.070000000007,4.105134,8,0.775577,0.59589599999999998,3.740192,3.621203858481894,2.2345742293149438,3.1160049959741922,1,10,6,525,785
50,10,43,LinearSubgradientAuction,0.2,0.01,,True,,1000,10800,cats_path_g10b50,,False,CATS,50,paths,MultiMinded,1000,MaxIter,542.8800000000047,7.516903,10,1.3359,0.92906500000000003,7.299752000000001,6.9916480382669191,4.8787392359959938,5.8956296932982726,1,10,2,903,1343
51,10,23,LinearSubgradientAuction,0.2,0.01,,True,,1000,10800,cats_path_g10b50,,False,CATS,50,paths,MultiMinded,1000,MaxIter,287.8300000000163,3.8581627999999997,7,0.728995,0.60365150000000001,3.0095497999999994,3.2718221379099885,1.557307232017056,2.2898209115076065,1,10,9,483,723
52,10,28,LinearSubgradientAuction,0.2,0.01,,True,,1000,10800,cats_path_g10b50,,False,CATS,50,paths,MultiMinded,1000,MaxIter,352.3500000000349,6.103176,8,1.01863,0.782582,4.705737999999999,5.4398283248929102,2.5001854746829362,3.1911433382386689,1,10,9,588,878
53,10,26,LinearSubgradientAuction,0.2,0.01,,True,,1000,10800,cats_path_g10b50,,False,CATS,50,paths,MultiMinded,1000,MaxIter,306.85999999998603,9.548895000000002,8,1.84651,1.2191000000000001,7.350653000000001,7.2596116259999688,3.0799225652729065,5.4487400949525853,1,9,10,520,764
54,10,30,LinearSubgradientAuction,0.2,0.01,,True,,1000,10800,cats_path_g10b50,,False,CATS,50,paths,MultiMinded,1000,MaxIter,358.0,3.5444180000000003,9,0.62406,0.46356900000000001,3.436186,2.952331424985783,2.1179072249857827,2.7866033794866367,1,10,4,630,940
55,10,24,LinearSubgradientAuction,0.2,0.01,,True,,1000,10800,cats_path_g10b50,,False,CATS,50,paths,MultiMinded,1000,MaxIter,304.2699999999604,5.614495000000001,7,1.03261,0.81608499999999995,4.553611,4.6942856309591576,2.382121133210755,3.5504689571579826,1,10,9,504,754
56,10,26,LinearSubgradientAuction,0.2,0.01,,True,,1000,10800,cats_path_g10b50,,False,CATS,50,paths,MultiMinded,688,Balance,222.2399999999907,5.021542,6,1.22335,0.86009449999999998,4.920076999999999,4.8181562446334834,3.7860428446334842,4.1440008565915418,1,10,11,546,816
57,10,29,LinearSubgradientAuction,0.2,0.01,,True,,1000,10800,cats_path_g10b50,,False,CATS,50,paths,MultiMinded,1000,MaxIter,360.429999999993,5.662903,7,1.20543,0.7060765,4.608816,4.7732552068072938,2.5371041986104914,3.5660967243953405,1,10,7,609,909
58,10,32,LinearSubgradientAuction,0.2,0.01,,True,,1000,10800,cats_path_g10b50,,False,CATS,50,paths,MultiMinded,1000,MaxIter,398.0,5.435453000000001,7,1.10141,0.84788050000000004,5.117759000000001,4.8068702996752553,3.6198375996752552,4.4111975978762121,1,10,1,672,1002
59,10,31,LinearSubgradientAuction,0.2,0.01,,True,,1000,10800,cats_path_g10b50,,False,CATS,50,paths,MultiMinded,1000,MaxIter,366.69999999995343,7.500881000000001,8,1.37858,1.0170600000000001,7.146142,6.2861248913514833,3.7966883214669318,5.6708137117669413,1,10,9,651,971
60,10,18,LinearSubgradientAuction,0.2,0.01,,True,,1000,10800,cats_path_g10b50,,False,CATS,50,paths,MultiMinded,1000,MaxIter,230.0,3.938055,6,1.01239,0.77787200000000001,3.3282049999999996,2.9790683541933713,1.1106517644500791,2.0706829893373926,1,10,6,378,568
61,10,39,LinearSubgradientAuction,0.2,0.01,,True,,1000,10800,cats_path_g10b50,,False,CATS,50,paths,MultiMinded,1000,MaxIter,488.38000000000466,6.514431,10,1.15445,0.68256899999999998,5.629995,5.3931426958393827,3.6140690718604631,5.0879600498939865,1,10,7,819,1219
62,10,24,LinearSubgradientAuction,0.2,0.01,,True,,1000,10800,cats_path_g10b50,,False,CATS,50,paths,MultiMinded,1000,MaxIter,301.46999999997206,5.874828,8,1.13322,0.74950450000000002,5.339516,3.4388748886673466,2.0793157055678688,5.9183584711078314,1,10,5,504,754
63,10,26,LinearSubgradientAuction,0.2,0.01,,True,,1000,10800,cats_path_g10b50,,False,CATS,50,paths,MultiMinded,1000,MaxIter,329.0,10.817572,8,1.05624,0.85327799999999998,4.867725999999999,3.7987776005644802,2.5867076272857172,10.143287513080605,1,10,16,546,816
64,10,15,LinearSubgradientAuction,0.2,0.01,,True,,1000,10800,cats_path_g10b50,,False,CATS,50,paths,MultiMinded,1000,MaxIter,192.2600000000093,4.3252115,6,1.18924,0.88682499999999997,3.0591425,3.6600712248221452,1.1206967803348813,1.791709622673789,1,10,6,315,475
65,10,35,LinearSubgradientAuction,0.2,0.01,,True,,1000,10800,cats_path_g10b50,,False,CATS,50,paths,MultiMinded,1000,MaxIter,442.8499999999767,9.498291,9,1.37422,0.81186400000000003,6.342298000000001,5.5908054589522047,3.618822703932266,8.358778902467396,1,10,6,735,1095
66,10,22,LinearSubgradientAuction,0.2,0.01,,True,,1000,10800,cats_path_g10b50,,False,CATS,50,paths,MultiMinded,1000,MaxIter,269.70000000001164,6.527464,5,1.20805,0.92267349999999992,3.934946,4.6910518292037189,1.4693072887517613,3.8891991340602554,1,10,13,462,692
67,10,31,LinearSubgradientAuction,0.2,0.01,,True,,1000,10800,cats_path_g10b50,,False,CATS,50,paths,MultiMinded,1000,MaxIter,390.4400000000023,4.99912,8,0.980804,0.62215900000000002,4.48639,4.3525290598298536,3.1955567042865942,4.1379044991494016,1,10,3,651,971
68,10,21,LinearSubgradientAuction,0.2,0.01,,True,,1000,10800,cats_path_g10b50,,False,CATS,50,paths,MultiMinded,1000,MaxIter,265.02999999996973,4.354444,5,1.10844,0.58718800000000004,3.589847,3.8645516935370683,1.625733151935062,2.1548282908502951,1,10,8,441,661
69,10,31,LinearSubgradientAuction,0.2,0.01,,True,,1000,10800,cats_path_g10b50,,False,CATS,50,paths,MultiMinded,1000,MaxIter,385.4799999999814,4.638021,7,0.932286,0.72681200000000001,3.694229,4.0239864007944286,2.1927084564639001,3.1611759002909818,1,10,7,651,971
70,10,32,LinearSubgradientAuction,0.2,0.01,,True,,1000,10800,cats_path_g10b50,,False,CATS,50,paths,MultiMinded,1000,MaxIter,398.0599999999977,5.529561,10,0.883645,0.71283099999999999,5.361983,4.6382498001132788,3.0574999099571669,4.4780556455488378,1,10,3,672,1002
71,10,29,LinearSubgradientAuction,0.2,0.01,,True,,1000,10800,cats_path_g10b50,,False,CATS,50,paths,MultiMinded,1000,MaxIter,355.54999999998836,3.8155849999999996,6,0.722118,0.584781,3.1645689999999997,2.9577047150745255,1.4406542776297506,2.6810393623644022,1,10,9,609,909
72,10,23,LinearSubgradientAuction,0.2,0.01,,True,,1000,10800,cats_path_g10b50,,False,CATS,50,paths,MultiMinded,1000,MaxIter,287.38000000000466,4.337076,8,1.09941,0.63108900000000001,3.0827839999999997,3.5581356639150901,1.7301897810139171,2.9436008540347323,1,10,7,483,723
73,10,23,LinearSubgradientAuction,0.2,0.01,,True,,1000,10800,cats_path_g10b50,,False,CATS,50,paths,MultiMinded,1000,MaxIter,289.52999999996973,4.733565,7,1.17805,0.79788950000000003,4.15624,4.4898742721481923,1.8186170239070463,2.0714119989937845,1,10,5,483,723
74,10,28,LinearSubgradientAuction,0.2,0.01,,True,,1000,10800,cats_path_g10b50,,False,CATS,50,paths,MultiMinded,1000,MaxIter,352.0199999999604,4.250006,7,0.944433,0.60220899999999999,3.942664,4.0447502646469182,2.3567103978136705,2.6710184632512943,1,10,5,588,878
75,10,23,LinearSubgradientAuction,0.2,0.01,,True,,1000,10800,cats_path_g10b50,,False,CATS,50,paths,MultiMinded,1000,MaxIter,287.1700000000419,4.765222,6,0.954458,0.87700599999999995,3.6662999999999997,4.1145171737165551,2.2240489699204598,3.3680130141876892,1,10,9,483,723
76,10,29,LinearSubgradientAuction,0.2,0.01,,True,,1000,10800,cats_path_g10b50,,False,CATS,50,paths,MultiMinded,263,Balance,90.54999999998836,6.904471,9,1.28641,1.1137699999999999,6.904471,4.9603088567696449,3.2626695550335985,6.1459427390039592,1,9,12,580,851
77,10,20,LinearSubgradientAuction,0.2,0.01,,True,,1000,10800,cats_path_g10b50,,False,CATS,50,paths,MultiMinded,1000,MaxIter,251.1700000000419,3.7830920000000003,7,0.987819,0.58873500000000001,2.795273,3.0477243726204843,1.3537499563100204,2.3729775716628074,1,10,3,420,630
78,10,31,LinearSubgradientAuction,0.2,0.01,,True,,1000,10800,cats_path_g10b50,,False,CATS,50,paths,MultiMinded,1000,MaxIter,388.3999999999651,6.355665,9,1.59706,0.92678550000000004,5.859310000000001,6.0724331376789547,4.043092231154958,4.3764531999999994,1,10,1,651,971
79,10,26,LinearSubgradientAuction,0.2,0.01,,True,,1000,10800,cats_path_g10b50,,False,CATS,50,paths,MultiMinded,1000,MaxIter,329.4400000000023,6.17396,7,1.51269,0.757185,5.80936,4.215189580304413,2.3881791321162491,5.10774780816012,1,10,7,546,816
80,10,28,LinearSubgradientAuction,0.2,0.01,,True,,1000,10800,cats_path_g10b50,,False,CATS,50,paths,MultiMinded,1000,MaxIter,353.20000000001164,6.124957,10,1.1598,0.90218600000000004,5.564625,5.3429391283936356,3.1818939823796351,4.2809474173938931,1,10,4,588,878
81,10,27,LinearSubgradientAuction,0.2,0.01,,True,,1000,10800,cats_path_g10b50,,False,CATS,50,paths,MultiMinded,1000,MaxIter,336.03000000002794,6.033706,7,1.09603,0.84438299999999999,6.020901,4.6314592258466485,3.4783138175717294,5.2591725256328985,1,10,2,567,847
82,10,40,LinearSubgradientAuction,0.2,0.01,,True,,1000,10800,cats_path_g10b50,,False,CATS,50,paths,MultiMinded,1000,MaxIter,502.4800000000396,7.125598999999999,10,1.12357,0.66202150000000004,6.823748999999999,6.004937261055991,4.6808942610559896,6.3508537034582968,1,10,5,840,1250
83,10,29,LinearSubgradientAuction,0.2,0.01,,True,,1000,10800,cats_path_g10b50,,False,CATS,50,paths,MultiMinded,857,Balance,309.69999999995343,4.406853099999999,9,0.788029,0.64298299999999997,4.339485,3.9331726117218984,2.8994437489379994,3.5576708315456091,1,10,4,609,909
84,10,23,LinearSubgradientAuction,0.2,0.01,,True,,1000,10800,cats_path_g10b50,,False,CATS,50,paths,MultiMinded,1000,MaxIter,272.38999999995576,4.1736754000000005,8,0.851051,0.68298999999999999,3.0826200000000004,2.8294094142122086,1.8975207805710486,3.3563554580722741,1,9,6,460,677
85,10,26,LinearSubgradientAuction,0.2,0.01,,True,,1000,10800,cats_path_g10b50,,False,CATS,50,paths,MultiMinded,1000,MaxIter,325.5899999999674,6.722310500000001,10,1.11978,0.81925350000000008,6.539142000000001,5.7873670043113439,4.0275047337612744,5.3267347087420003,1,10,5,546,816
86,10,25,LinearSubgradientAuction,0.2,0.01,,True,,1000,10800,cats_path_g10b50,,False,CATS,50,paths,MultiMinded,1000,MaxIter,309.64000000001397,6.8755869999999994,9,1.01302,0.62419199999999997,3.5374640000000004,2.609278296745793,1.4333785207927507,6.0016799799305396,1,10,8,525,785
87,10,19,LinearSubgradientAuction,0.2,0.01,,True,,1000,10800,cats_path_g10b50,,False,CATS,50,paths,MultiMinded,1000,MaxIter,224.94000000000233,7.4913935,9,0.90213,0.84762199999999999,4.661111399999999,2.8005174203864636,1.7547482148918434,6.8470716629059467,1,9,8,380,561
88,10,24,LinearSubgradientAuction,0.2,0.01,,True,,1000,10800,cats_path_g10b50,,False,CATS,50,paths,MultiMinded,1000,MaxIter,301.5200000000186,6.671337600000001,9,1.23763,0.97929250000000001,5.523748600000001,5.1524631186718954,2.7420408076616547,4.6222272634689974,1,10,6,504,754
89,10,30,LinearSubgradientAuction,0.2,0.01,,True,,1000,10800,cats_path_g10b50,,False,CATS,50,paths,MultiMinded,1000,MaxIter,352.3499999999767,4.893484,9,0.957818,0.66029399999999994,4.780673,3.8144590306677539,2.6661666814709242,3.9191520602150671,1,9,7,600,880
90,10,24,LinearSubgradientAuction,0.2,0.01,,True,,1000,10800,cats_path_g10b50,,False,CATS,50,paths,MultiMinded,1000,MaxIter,298.3099999999977,4.9815499999999995,7,1.03037,0.59696149999999992,4.524357999999999,3.6599808920573387,2.5163801704398079,4.4398691225433105,1,10,4,504,754
91,10,26,LinearSubgradientAuction,0.2,0.01,,True,,1000,10800,cats_path_g10b50,,False,CATS,50,paths,MultiMinded,1000,MaxIter,304.820000000007,5.608700000000001,8,1.15219,0.65921200000000002,5.133414,3.8443649149875303,2.639311137914695,5.341037697850699,1,9,3,520,764
92,10,29,LinearSubgradientAuction,0.2,0.01,,True,,1000,10800,cats_path_g10b50,,False,CATS,50,paths,MultiMinded,1000,MaxIter,364.8500000000349,6.734538,5,1.30249,1.03973,5.065284,6.3804135742875747,2.671228639787405,3.0340324017584708,1,10,10,609,909
93,10,36,LinearSubgradientAuction,0.2,0.01,,True,,1000,10800,cats_path_g10b50,,False,CATS,50,paths,MultiMinded,948,Balance,426.5599999999977,5.941976,7,1.19352,0.81540649999999992,5.927713,5.611089487956729,4.46952038795673,4.9289284046091977,1,10,5,756,1126
94,10,36,LinearSubgradientAuction,0.2,0.01,,True,,1000,10800,cats_path_g10b50,,False,CATS,50,paths,MultiMinded,957,Balance,432.7599999999511,6.659274999999999,9,1.32087,0.72828700000000002,6.573074,6.126990837308222,4.8160742373082215,5.4277720279748998,1,10,2,756,1126
95,10,20,LinearSubgradientAuction,0.2,0.01,,True,,1000,10800,cats_path_g10b50,,False,CATS,50,paths,MultiMinded,1000,MaxIter,238.71000000002095,5.242984999999999,6,0.986125,0.95783799999999997,4.882101,3.9226490975166994,1.8652409561644636,3.1876440584885763,1,9,8,400,590
96,10,27,LinearSubgradientAuction,0.2,0.01,,True,,1000,10800,cats_path_g10b50,,False,CATS,50,paths,MultiMinded,1000,MaxIter,335.3999999999651,5.968370999999999,8,1.36717,0.912686,5.373953000000001,5.3314411850634276,3.6021104735750913,4.3416272058930341,1,10,4,567,847
97,10,40,LinearSubgradientAuction,0.2,0.01,,True,,1000,10800,cats_path_g10b50,,False,CATS,50,paths,MultiMinded,1000,MaxIter,503.8499999999767,5.874736,10,1.39812,0.64802099999999996,5.708831,5.4110886889697642,3.8952007868866128,4.5425970195411525,1,10,1,840,1250
98,10,29,LinearSubgradientAuction,0.2,0.01,,True,,1000,10800,cats_path_g10b50,,False,CATS,50,paths,MultiMinded,1000,MaxIter,363.63000000000466,8.221217,7,1.32075,0.95510399999999995,7.522493,6.6892990030801105,3.7137734073790578,5.6427763016330852,1,10,7,609,909
99,10,24,LinearSubgradientAuction,0.2,0.01,,True,,1000,10800,cats_path_g10b50,,False,CATS,50,paths,MultiMinded,1000,MaxIter,301.25,4.068553,8,0.837895,0.57574999999999998,3.23108,3.1985395541514605,1.5594947729417583,3.0291288667063903,1,10,4,504,754
100,10,26,LinearSubgradientAuction,0.2,0.01,,True,,1000,10800,cats_path_g10b50,,False,CATS,50,paths,MultiMinded,1000,MaxIter,324.1900000000023,5.4685310000000005,10,1.22663,0.78226099999999998,4.51591,4.4458645654522453,2.225227086013148,3.6286355609363805,1,10,4,546,816
