idx,items,agents,auction_class,epsilon,stepc,epoch,scalebyvalue,reserve_type,maxiter,maxtime,generator_param_name,personalized,int_prices,generator,bids,distribution,type,rounds,status,runtime,efficient_value,final_num_winners,final_max_agent_value,final_scalevalue,final_value,final_total_price,final_revenue,final_indirect_util,final_price_degree,final_price_sparsity,final_imbalance,final_wd_nvars,final_wd_ncons
1,10,41,LinearHeuristicAuction,0.2,0.01,,True,,1000,10800,cats_path_g10b50,,False,CATS,50,paths,MultiMinded,1000,MaxIter,48.47000000003027,5.1295980000000005,9,1.05837,0.48806749999999999,4.718563,3.3403257421154691,2.5594177421154689,5.1410560035960087,1,9,4,78,51
2,10,32,LinearHeuristicAuction,0.2,0.01,,True,,1000,10800,cats_path_g10b50,,False,CATS,50,paths,MultiMinded,1000,MaxIter,44.3300000000163,5.881798,9,0.89658,0.700376,5.748974,4.0568862907385492,2.9362846907385491,5.0095863768709838,1,9,8,73,42
3,10,23,LinearHeuristicAuction,0.2,0.01,,True,,1000,10800,cats_path_g10b50,,False,CATS,50,paths,MultiMinded,1000,MaxIter,41.71999999997206,6.1772789999999995,8,1.4872,0.84460199999999996,6.1772789999999995,5.0123374330527879,3.6609742330527881,5.1254663940787317,1,10,4,71,33
4,10,24,LinearHeuristicAuction,0.2,0.01,,True,,1000,10800,cats_path_g10b50,,False,CATS,50,paths,MultiMinded,355,Balance,14.330000000016298,5.0370452,7,0.92099,0.79058200000000001,4.8922620000000006,3.6231282769719866,2.5163134769719866,3.958681321025515,1,10,8,67,34
5,10,34,LinearHeuristicAuction,0.2,0.01,,True,,1000,10800,cats_path_g10b50,,False,CATS,50,paths,MultiMinded,1000,MaxIter,44.65000000002328,6.641525,9,1.19553,0.74441100000000004,6.514765000000001,6.0233200011538877,4.683380201153887,5.6473942419911669,1,10,7,73,44
6,10,26,LinearHeuristicAuction,0.2,0.01,,True,,1000,10800,cats_path_g10b50,,False,CATS,50,paths,MultiMinded,1000,MaxIter,43.699999999953434,7.117255999999999,8,1.27499,1.03579,6.66812,5.2114764974938197,3.5542124974938192,6.2614020563838633,1,10,11,68,36
7,10,30,LinearHeuristicAuction,0.2,0.01,,True,,1000,10800,cats_path_g10b50,,False,CATS,50,paths,MultiMinded,1000,MaxIter,43.51000000000931,5.604355000000001,9,0.860832,0.57241200000000003,5.529118,3.5832351536756231,2.7818583536756232,4.9767679863659593,1,10,7,71,40
8,10,29,LinearHeuristicAuction,0.2,0.01,,True,,1000,10800,cats_path_g10b50,,False,CATS,50,paths,MultiMinded,318,Balance,13.410000000032596,4.14936,8,1.21473,0.53942699999999999,4.009537,3.7035617825695182,2.8404785825695189,3.4929655912164215,1,10,13,68,39
9,10,34,LinearHeuristicAuction,0.2,0.01,,True,,1000,10800,cats_path_g10b50,,False,CATS,50,paths,MultiMinded,664,Balance,30.270000000018626,8.312487,10,1.40383,1.19224,8.312487,7.3364746513040675,4.9739202009911772,6.4400051927236319,1,10,3,75,44
10,10,35,LinearHeuristicAuction,0.2,0.01,,True,,1000,10800,cats_path_g10b50,,False,CATS,50,paths,MultiMinded,876,Balance,40.8300000000163,5.813495100000001,9,1.32539,0.73520450000000004,5.775242100000001,5.1028198770437507,3.8278113555245352,4.8473934508919232,1,10,3,75,45
11,10,32,LinearHeuristicAuction,0.2,0.01,,True,,1000,10800,cats_path_g10b50,,False,CATS,50,paths,MultiMinded,483,Balance,21.29999999998836,5.665188000000001,8,0.988013,0.84758449999999996,5.650163000000001,5.069347273778428,3.7132120737784273,4.5554266050951737,1,10,6,74,42
12,10,31,LinearHeuristicAuction,0.2,0.01,,True,,1000,10800,cats_path_g10b50,,False,CATS,50,paths,MultiMinded,1000,MaxIter,44.84000000002561,5.822862,8,1.20008,0.80469999999999997,5.615266,4.6663917298056825,3.4367187351823558,4.8889922574806759,1,10,2,72,41
13,10,24,LinearHeuristicAuction,0.2,0.01,,True,,1000,10800,cats_path_g10b50,,False,CATS,50,paths,MultiMinded,1000,MaxIter,42.78000000002794,5.960460200000001,7,1.3072,0.85787999999999998,5.359683,4.7906758898533388,1.6172459029627113,3.3615415632775019,1,10,9,67,34
14,10,17,LinearHeuristicAuction,0.2,0.01,,True,,1000,10800,cats_path_g10b50,,False,CATS,50,paths,MultiMinded,1000,MaxIter,40.72000000003027,5.653834,8,0.86218,0.82208099999999995,5.484555,2.4925611115160544,1.2535646335306385,4.8043957602786227,1,10,5,60,27
15,10,33,LinearHeuristicAuction,0.2,0.01,,True,,1000,10800,cats_path_g10b50,,False,CATS,50,paths,MultiMinded,1000,MaxIter,43.22999999998137,5.368371,9,1.226,0.410271,4.870461,4.0838841105598913,3.3453963105598921,6.3244910840341451,1,10,9,67,43
16,10,34,LinearHeuristicAuction,0.2,0.01,,True,,1000,10800,cats_path_g10b50,,False,CATS,50,paths,MultiMinded,1000,MaxIter,45.44000000000233,6.969046,10,1.43412,0.68306999999999995,6.744473,5.2436700254206734,4.01220098464667,6.2746662084787301,1,10,3,73,44
17,10,30,LinearHeuristicAuction,0.2,0.01,,True,,1000,10800,cats_path_g10b50,,False,CATS,50,paths,MultiMinded,1000,MaxIter,42.98000000003958,6.379521,9,1.33671,0.75658099999999995,6.311771,5.4661879267427942,4.1043421267427931,5.4836897354466174,1,10,3,70,40
18,10,28,LinearHeuristicAuction,0.2,0.01,,True,,1000,10800,cats_path_g10b50,,False,CATS,50,paths,MultiMinded,1000,MaxIter,42.77999999996973,3.7659457999999995,9,0.809737,0.424898,3.711189,3.2208928343753951,2.4560764343753947,3.1489102571793799,1,10,7,68,38
19,10,29,LinearHeuristicAuction,0.2,0.01,,True,,1000,10800,cats_path_g10b50,,False,CATS,50,paths,MultiMinded,389,Balance,16.479999999981374,5.399328000000001,9,0.984412,0.88883350000000005,5.266199,4.090482031922746,2.7175181150101646,4.6946493281041253,1,10,9,67,39
20,10,31,LinearHeuristicAuction,0.2,0.01,,True,,1000,10800,cats_path_g10b50,,False,CATS,50,paths,MultiMinded,521,Balance,23.679999999993015,5.347376,9,1.11574,0.85649200000000003,5.280691,3.7170418387669595,2.4248983022221102,4.4108591608364893,1,9,4,74,41
21,10,33,LinearHeuristicAuction,0.2,0.01,,True,,1000,10800,cats_path_g10b50,,False,CATS,50,paths,MultiMinded,1000,MaxIter,46.30999999999767,6.346977999999999,8,1.04535,0.887351,5.9964949999999995,4.6946344456509497,3.3155590047194483,5.252361586279787,1,10,5,76,43
22,10,29,LinearHeuristicAuction,0.2,0.01,,True,,1000,10800,cats_path_g10b50,,False,CATS,50,paths,MultiMinded,1000,MaxIter,46.23000000003958,3.679525,6,0.81347,0.62753999999999999,3.5565759999999997,2.9656842418976277,2.2126362418976275,3.2152198209222016,1,10,5,76,39
23,10,33,LinearHeuristicAuction,0.2,0.01,,True,,1000,10800,cats_path_g10b50,,False,CATS,50,paths,MultiMinded,1000,MaxIter,45.23000000003958,6.968433999999999,8,1.11046,0.85569899999999999,6.581926,5.541519776967136,3.1376797041828945,5.083642657789702,1,10,7,74,43
24,10,26,LinearHeuristicAuction,0.2,0.01,,True,,1000,10800,cats_path_g10b50,,False,CATS,50,paths,MultiMinded,1000,MaxIter,41.339999999967404,5.079491000000001,8,0.912266,0.59736,4.95139,3.8337682062033585,2.8779922062033583,4.7121038754278226,1,10,9,66,36
25,10,23,LinearHeuristicAuction,0.2,0.01,,True,,1000,10800,cats_path_g10b50,,False,CATS,50,paths,MultiMinded,1000,MaxIter,40.27999999996973,5.799925999999999,8,0.932562,0.85897900000000005,5.576291,4.6075885085880968,3.2909710831299845,5.2591146737446532,1,10,7,63,33
26,10,22,LinearHeuristicAuction,0.2,0.01,,True,,1000,10800,cats_path_g10b50,,False,CATS,50,paths,MultiMinded,913,Balance,39.10999999998603,7.226532999999999,9,1.05046,0.94945649999999993,7.226532999999999,3.4547773381225881,2.125538238122588,5.9257274356143306,1,9,11,68,32
27,10,33,LinearHeuristicAuction,0.2,0.01,,True,,1000,10800,cats_path_g10b50,,False,CATS,50,paths,MultiMinded,1000,MaxIter,47.36999999999534,5.22312,7,1.38199,0.74170000000000003,4.889557,4.6120562976630914,3.5736762976630914,4.4118423992177025,1,10,6,76,43
28,10,38,LinearHeuristicAuction,0.2,0.01,,True,,1000,10800,cats_path_g10b50,,False,CATS,50,paths,MultiMinded,524,Balance,25.239999999990687,7.158904,10,1.38531,1.05223,6.974970000000001,6.0082982649467622,3.9038382649467618,6.0270033954843258,1,10,7,79,48
29,10,22,LinearHeuristicAuction,0.2,0.01,,True,,1000,10800,cats_path_g10b50,,False,CATS,50,paths,MultiMinded,1000,MaxIter,40.839999999967404,5.222893,7,1.14292,0.81835199999999997,5.013075,3.8267521618743632,2.73738337740195,4.9738524803503577,1,10,6,64,32
30,10,26,LinearHeuristicAuction,0.2,0.01,,True,,1000,10800,cats_path_g10b50,,False,CATS,50,paths,MultiMinded,885,Balance,36.30999999999767,8.367289,12,1.00864,0.79848300000000005,8.323031,4.2889816782527879,3.0783591153570269,7.4037038260696493,1,10,7,64,36
31,10,34,LinearHeuristicAuction,0.2,0.01,,True,,1000,10800,cats_path_g10b50,,False,CATS,50,paths,MultiMinded,1000,MaxIter,45.40999999997439,7.570106999999999,9,1.56629,0.87534100000000004,7.570106999999999,5.9531826854388648,4.3775688854388655,6.8522446138064375,1,10,4,76,44
32,10,22,LinearHeuristicAuction,0.2,0.01,,True,,1000,10800,cats_path_g10b50,,False,CATS,50,paths,MultiMinded,1000,MaxIter,40.51000000000931,5.8430159999999995,7,0.990041,0.83248200000000006,5.8430159999999995,4.5491624017941019,3.3836876017941013,4.869544581076318,1,10,8,64,32
33,10,23,LinearHeuristicAuction,0.2,0.01,,True,,1000,10800,cats_path_g10b50,,False,CATS,50,paths,MultiMinded,1000,MaxIter,41.460000000020955,5.328471,7,1.14706,0.74653400000000003,4.9185490000000005,3.5339601826361919,2.6362100728964477,4.6232773207420363,1,10,4,67,33
34,10,23,LinearHeuristicAuction,0.2,0.01,,True,,1000,10800,cats_path_g10b50,,False,CATS,50,paths,MultiMinded,545,Balance,23.779999999969732,4.414205,7,1.07941,0.93713999999999997,4.316274,3.4174045191407338,2.1054085191407332,3.1913869780847532,1,10,1,69,33
35,10,25,LinearHeuristicAuction,0.2,0.01,,True,,1000,10800,cats_path_g10b50,,False,CATS,50,paths,MultiMinded,1000,MaxIter,43.45000000001164,6.118125,7,1.03776,0.84872099999999995,5.837063,4.8293519705770311,3.6411425705770304,5.3895192039461577,1,10,8,69,35
36,10,20,LinearHeuristicAuction,0.2,0.01,,True,,1000,10800,cats_path_g10b50,,False,CATS,50,paths,MultiMinded,171,Balance,7.849999999976717,2.51735,7,0.765931,0.744537,2.469408,1.9460331461704428,1.1433903662620393,2.0446691915409487,1,9,3,66,30
37,10,33,LinearHeuristicAuction,0.2,0.01,,True,,1000,10800,cats_path_g10b50,,False,CATS,50,paths,MultiMinded,1000,MaxIter,46.36000000004424,6.394280999999999,9,1.32219,0.90059900000000004,6.252431,5.6315329083385226,4.0104547083385222,4.9140048792677113,1,10,2,74,43
38,10,37,LinearHeuristicAuction,0.2,0.01,,True,,1000,10800,cats_path_g10b50,,False,CATS,50,paths,MultiMinded,1000,MaxIter,49.4199999999837,4.9241600000000005,7,1.27538,0.75259950000000009,4.790051,4.3750142689243798,2.5847649228200358,3.3259667676371216,1,10,5,80,47
39,10,36,LinearHeuristicAuction,0.2,0.01,,True,,1000,10800,cats_path_g10b50,,False,CATS,50,paths,MultiMinded,700,Balance,32.789999999979045,7.180720999999999,10,1.37975,0.95457900000000007,7.178558999999999,6.2954622296371259,4.4123124757997383,5.5435938268697456,1,10,3,78,46
40,10,24,LinearHeuristicAuction,0.2,0.01,,True,,1000,10800,cats_path_g10b50,,False,CATS,50,paths,MultiMinded,1000,MaxIter,39.88000000000466,7.3709551,9,1.05191,0.99338300000000002,6.9198371,5.9381562716033196,4.3408684970658458,6.3291220405376984,1,10,8,61,34
41,10,20,LinearHeuristicAuction,0.2,0.01,,True,,1000,10800,cats_path_g10b50,,False,CATS,50,paths,MultiMinded,1000,MaxIter,40.84999999997672,11.936720999999999,10,1.66283,1.30715,11.533147,6.5269479598900038,4.7526570972035325,10.771586964677754,1,10,13,61,30
42,10,35,LinearHeuristicAuction,0.2,0.01,,True,,1000,10800,cats_path_g10b50,,False,CATS,50,paths,MultiMinded,1000,MaxIter,45.070000000006985,5.98905,9,1.26887,0.57787949999999999,5.757461000000001,4.8098184620315632,3.7696353620315617,6.1440174126805811,1,10,11,71,45
43,10,34,LinearHeuristicAuction,0.2,0.01,,True,,1000,10800,cats_path_g10b50,,False,CATS,50,paths,MultiMinded,268,Balance,12.210000000020955,5.305578,8,1.49562,0.65433600000000003,5.27149,4.6048925472683226,3.5579549472683221,4.6461325598303249,1,10,7,74,44
44,10,24,LinearHeuristicAuction,0.2,0.01,,True,,1000,10800,cats_path_g10b50,,False,CATS,50,paths,MultiMinded,1000,MaxIter,40.51999999996042,5.406871999999999,9,0.914107,0.79918800000000001,5.406871999999999,4.2083049089560056,2.7697665089560064,4.3263622998257043,1,10,7,63,34
45,10,33,LinearHeuristicAuction,0.2,0.01,,True,,1000,10800,cats_path_g10b50,,False,CATS,50,paths,MultiMinded,1000,MaxIter,46.69000000000233,4.392568,8,1.04017,0.61580250000000003,4.314321,3.8479181435264636,2.8626341435264635,3.7672400118840148,1,10,4,76,43
46,10,37,LinearHeuristicAuction,0.2,0.01,,True,,1000,10800,cats_path_g10b50,,False,CATS,50,paths,MultiMinded,1000,MaxIter,46.60999999998603,7.650231000000001,10,1.33928,0.87604700000000002,7.650231000000001,6.6633705839973398,4.9769068914860863,6.4942247144581424,1,10,2,79,47
47,10,26,LinearHeuristicAuction,0.2,0.01,,True,,1000,10800,cats_path_g10b50,,False,CATS,50,paths,MultiMinded,1000,MaxIter,44.65999999997439,4.863733,8,1.11721,0.68613100000000005,4.847598,4.1375442827139999,3.0397346827139988,4.1780663885040177,1,10,17,67,36
48,10,40,LinearHeuristicAuction,0.2,0.01,,True,,1000,10800,cats_path_g10b50,,False,CATS,50,paths,MultiMinded,1000,MaxIter,48.19000000000233,13.668893,14,1.73275,0.850549,13.174973,4.5926162857400055,3.3190817461783246,12.975050780901393,1,10,4,77,50
49,10,25,LinearHeuristicAuction,0.2,0.01,,True,,1000,10800,cats_path_g10b50,,False,CATS,50,paths,MultiMinded,1000,MaxIter,41.54999999998836,4.105134,7,0.775577,0.59589599999999998,3.971656,3.6150072193383087,2.7807528193383084,3.6717628949580021,1,10,11,64,35
50,10,43,LinearHeuristicAuction,0.2,0.01,,True,,1000,10800,cats_path_g10b50,,False,CATS,50,paths,MultiMinded,1000,MaxIter,50.73000000003958,7.516903,10,1.3359,0.92906500000000003,7.516903,6.9910641856872848,4.8762980617332072,5.8971805337973349,1,10,2,85,53
51,10,23,LinearHeuristicAuction,0.2,0.01,,True,,1000,10800,cats_path_g10b50,,False,CATS,50,paths,MultiMinded,1000,MaxIter,40.87999999994645,3.8581627999999997,8,0.728995,0.60365150000000001,3.5718507999999995,3.2667980471571507,2.3784294673609327,3.1185951102015665,1,10,5,66,33
52,10,28,LinearHeuristicAuction,0.2,0.01,,True,,1000,10800,cats_path_g10b50,,False,CATS,50,paths,MultiMinded,1000,MaxIter,43.76000000000931,6.103176,8,1.01863,0.782582,5.975078,5.4389825761471275,4.1868513761471258,4.8811928953038839,1,10,6,74,38
53,10,26,LinearHeuristicAuction,0.2,0.01,,True,,1000,10800,cats_path_g10b50,,False,CATS,50,paths,MultiMinded,915,Balance,37.649999999965075,9.548895000000002,10,1.84651,1.2191000000000001,9.378483000000001,7.1668745939291476,4.9724945939291469,7.5065140187283461,1,9,6,65,36
54,10,30,LinearHeuristicAuction,0.2,0.01,,True,,1000,10800,cats_path_g10b50,,False,CATS,50,paths,MultiMinded,1000,MaxIter,43.93000000005122,3.5444180000000003,9,0.62406,0.46356900000000001,3.436186,2.9530443738793557,2.1186201738793553,2.785251890996971,1,10,1,71,40
55,10,24,LinearHeuristicAuction,0.2,0.01,,True,,1000,10800,cats_path_g10b50,,False,CATS,50,paths,MultiMinded,1000,MaxIter,40.88999999995576,5.614495000000001,8,1.03261,0.81608499999999995,5.4924800000000005,4.7046001053088435,3.4445919278502291,4.6011828373263075,1,10,8,66,34
56,10,26,LinearHeuristicAuction,0.2,0.01,,True,,1000,10800,cats_path_g10b50,,False,CATS,50,paths,MultiMinded,389,Balance,16.520000000018626,5.021542,7,1.22335,0.86009449999999998,4.972666,4.2094418028833083,3.0053095028833088,4.7649759271360557,1,10,10,64,36
57,10,29,LinearHeuristicAuction,0.2,0.01,,True,,1000,10800,cats_path_g10b50,,False,CATS,50,paths,MultiMinded,976,Balance,42.59999999997672,5.662903,9,1.20543,0.7060765,5.648968999999999,4.7707805722220256,3.5037201322154319,4.5399581353093543,1,10,3,71,39
58,10,32,LinearHeuristicAuction,0.2,0.01,,True,,1000,10800,cats_path_g10b50,,False,CATS,50,paths,MultiMinded,1000,MaxIter,46.79999999998836,5.435453000000001,7,1.10141,0.84788050000000004,5.117759000000001,4.7954656615378477,3.6084329615378476,4.4196764028762114,1,10,1,77,42
59,10,31,LinearHeuristicAuction,0.2,0.01,,True,,1000,10800,cats_path_g10b50,,False,CATS,50,paths,MultiMinded,1000,MaxIter,45.46999999997206,7.500881000000001,9,1.37858,1.0170600000000001,7.3101193,6.3169836227061236,4.6388346227061223,6.4951680289589833,1,10,4,72,41
60,10,18,LinearHeuristicAuction,0.2,0.01,,True,,1000,10800,cats_path_g10b50,,False,CATS,50,paths,MultiMinded,112,Balance,4.220000000030268,3.938055,7,1.01239,0.77787200000000001,3.688081,2.7145224265394527,1.6255016265394526,3.0588472339549488,1,10,16,59,28
61,10,39,LinearHeuristicAuction,0.2,0.01,,True,,1000,10800,cats_path_g10b50,,False,CATS,50,paths,MultiMinded,1000,MaxIter,47.15000000002328,6.514431,9,1.15445,0.68256899999999998,5.948754,5.3754313480634979,4.1468071480634983,5.6628764689584576,1,10,7,77,49
62,10,24,LinearHeuristicAuction,0.2,0.01,,True,,1000,10800,cats_path_g10b50,,False,CATS,50,paths,MultiMinded,1000,MaxIter,43.79000000003725,5.874828,7,1.13322,0.74950450000000002,5.514272999999999,3.4426004353204012,2.3932941353204016,6.2354316885726284,1,10,9,65,34
63,10,26,LinearHeuristicAuction,0.2,0.01,,True,,1000,10800,cats_path_g10b50,,False,CATS,50,paths,MultiMinded,1000,MaxIter,40.05999999999767,10.817572,14,1.05624,0.85327799999999998,10.621065999999999,3.7591398772259299,2.5588576865565495,10.181999673887827,1,10,8,59,36
64,10,15,LinearHeuristicAuction,0.2,0.01,,True,,1000,10800,cats_path_g10b50,,False,CATS,50,paths,MultiMinded,269,Balance,11.53000000002794,4.3252115,6,1.18924,0.88682499999999997,4.102313,3.4682818452102553,2.4040918452102549,3.5810018243530859,1,10,18,63,25
65,10,35,LinearHeuristicAuction,0.2,0.01,,True,,1000,10800,cats_path_g10b50,,False,CATS,50,paths,MultiMinded,1000,MaxIter,44.949999999953434,9.498291,9,1.37422,0.81186400000000003,9.402953000000002,5.5952661122233716,4.4563471078359056,9.1911870411045555,1,10,6,74,45
66,10,22,LinearHeuristicAuction,0.2,0.01,,True,,1000,10800,cats_path_g10b50,,False,CATS,50,paths,MultiMinded,1000,MaxIter,41.65999999997439,6.527464,7,1.20805,0.92267349999999992,6.138204,4.69219735471831,3.4004544547183095,5.8146381368437599,1,10,12,66,32
67,10,31,LinearHeuristicAuction,0.2,0.01,,True,,1000,10800,cats_path_g10b50,,False,CATS,50,paths,MultiMinded,1000,MaxIter,44.570000000006985,4.99912,7,0.980804,0.62215900000000002,4.744867,4.3483905614366289,3.4773679614366291,4.4287396214764652,1,10,10,73,41
68,10,21,LinearHeuristicAuction,0.2,0.01,,True,,1000,10800,cats_path_g10b50,,False,CATS,50,paths,MultiMinded,456,Balance,18.729999999981374,4.354444,7,1.10844,0.58718800000000004,4.349964,3.6357204662460205,2.8136572662460195,3.7414452759674486,1,10,11,64,31
69,10,31,LinearHeuristicAuction,0.2,0.01,,True,,1000,10800,cats_path_g10b50,,False,CATS,50,paths,MultiMinded,1000,MaxIter,45.22999999998137,4.638021,7,0.932286,0.72681200000000001,4.4459219999999995,4.0269588267533951,2.4273055304260751,3.3804234092352661,1,10,10,72,41
70,10,32,LinearHeuristicAuction,0.2,0.01,,True,,1000,10800,cats_path_g10b50,,False,CATS,50,paths,MultiMinded,1000,MaxIter,44.22999999998137,5.529561,9,0.883645,0.71283099999999999,5.353129,4.6258309643401239,2.5473352285815656,3.9960835665841854,1,10,5,73,42
71,10,29,LinearHeuristicAuction,0.2,0.01,,True,,1000,10800,cats_path_g10b50,,False,CATS,50,paths,MultiMinded,1000,MaxIter,44.05999999999767,3.8155849999999996,6,0.722118,0.584781,3.612256,2.9354180861036818,1.9793526918613675,3.2651536266355272,1,10,11,72,39
72,10,23,LinearHeuristicAuction,0.2,0.01,,True,,1000,10800,cats_path_g10b50,,False,CATS,50,paths,MultiMinded,1000,MaxIter,41.11999999999534,4.337076,9,1.09941,0.63108900000000001,4.004491,3.5567420949236341,2.4007072456242624,3.6236865946919483,1,10,4,63,33
73,10,23,LinearHeuristicAuction,0.2,0.01,,True,,1000,10800,cats_path_g10b50,,False,CATS,50,paths,MultiMinded,236,Balance,9.440000000002328,4.733565,7,1.17805,0.79788950000000003,4.504397,3.9056432223186186,2.8021268383013345,4.0962863651486972,1,10,11,60,33
74,10,28,LinearHeuristicAuction,0.2,0.01,,True,,1000,10800,cats_path_g10b50,,False,CATS,50,paths,MultiMinded,737,Balance,31.70000000001164,4.250006,8,0.944433,0.60220899999999999,4.206765,4.083891613110799,3.1203572131107986,3.4718629597315029,1,10,9,73,38
75,10,23,LinearHeuristicAuction,0.2,0.01,,True,,1000,10800,cats_path_g10b50,,False,CATS,50,paths,MultiMinded,1000,MaxIter,42.12000000005355,4.765222,7,0.954458,0.87700599999999995,4.542153,4.0719353470726016,2.8441269470726009,4.0686254311896546,1,10,9,67,33
76,10,29,LinearHeuristicAuction,0.2,0.01,,True,,1000,10800,cats_path_g10b50,,False,CATS,50,paths,MultiMinded,427,Balance,18.919999999983702,6.904471,10,1.28641,1.1137699999999999,6.727808000000001,5.4945608178608074,3.5744414003439826,5.1427305641418632,1,9,5,75,39
77,10,20,LinearHeuristicAuction,0.2,0.01,,True,,1000,10800,cats_path_g10b50,,False,CATS,50,paths,MultiMinded,1000,MaxIter,42.02999999996973,3.7830920000000003,7,0.987819,0.58873500000000001,3.7830920000000003,3.0444300603160031,2.2202010603160027,3.2447667489777574,1,10,3,65,30
78,10,31,LinearHeuristicAuction,0.2,0.01,,True,,1000,10800,cats_path_g10b50,,False,CATS,50,paths,MultiMinded,731,Balance,35.009999999951106,6.355665,9,1.59706,0.92678550000000004,6.355665,6.0713432005077568,4.4031293005077563,4.7939118614972553,1,10,1,80,41
79,10,26,LinearHeuristicAuction,0.2,0.01,,True,,1000,10800,cats_path_g10b50,,False,CATS,50,paths,MultiMinded,1000,MaxIter,42.47999999998137,6.17396,8,1.51269,0.757185,6.063518,4.2165823005920018,3.0050863005920014,5.7243681745155808,1,10,7,66,36
80,10,28,LinearHeuristicAuction,0.2,0.01,,True,,1000,10800,cats_path_g10b50,,False,CATS,50,paths,MultiMinded,1000,MaxIter,42.929999999993015,6.124957,9,1.1598,0.90218600000000004,5.888922000000001,5.3504579061931121,3.7265231061931119,4.8117805647397773,1,10,6,69,38
81,10,27,LinearHeuristicAuction,0.2,0.01,,True,,1000,10800,cats_path_g10b50,,False,CATS,50,paths,MultiMinded,1000,MaxIter,44.29999999998836,6.033706,7,1.09603,0.84438299999999999,6.033706,4.6376225418392423,3.4814445955930888,5.2531786776583305,1,10,2,73,37
82,10,40,LinearHeuristicAuction,0.2,0.01,,True,,1000,10800,cats_path_g10b50,,False,CATS,50,paths,MultiMinded,1000,MaxIter,47.47000000003027,7.125598999999999,10,1.12357,0.66202150000000004,6.644874,5.9981519187682402,4.6741089187682414,6.3511629331566155,1,10,5,77,50
83,10,29,LinearHeuristicAuction,0.2,0.01,,True,,1000,10800,cats_path_g10b50,,False,CATS,50,paths,MultiMinded,778,Balance,33.45999999996275,4.406853099999999,7,0.788029,0.64298299999999997,4.248484999999999,3.8932723527308979,2.9930961527308986,3.7618753771948787,1,10,8,70,39
84,10,23,LinearHeuristicAuction,0.2,0.01,,True,,1000,10800,cats_path_g10b50,,False,CATS,50,paths,MultiMinded,600,Balance,23.850000000034925,4.1736754000000005,8,0.851051,0.68298999999999999,4.142416000000001,2.8153208057029522,1.9918471792862233,3.6121119092477518,1,10,9,62,33
85,10,26,LinearHeuristicAuction,0.2,0.01,,True,,1000,10800,cats_path_g10b50,,False,CATS,50,paths,MultiMinded,1000,MaxIter,40.68000000005122,6.722310500000001,10,1.11978,0.81925350000000008,6.6316215000000005,5.8099763451574775,4.0460583585317158,5.3037966860314203,1,10,4,64,36
86,10,25,LinearHeuristicAuction,0.2,0.01,,True,,1000,10800,cats_path_g10b50,,False,CATS,50,paths,MultiMinded,1000,MaxIter,42.600000000034925,6.8755869999999994,10,1.01302,0.62419199999999997,6.8755869999999994,2.6318527895469219,1.7135699942231386,6.2450186323971071,1,10,2,66,35
87,10,19,LinearHeuristicAuction,0.2,0.01,,True,,1000,10800,cats_path_g10b50,,False,CATS,50,paths,MultiMinded,885,Balance,37.899999999965075,7.4913935,11,0.90213,0.84762199999999999,7.3602074,2.6812158009296518,1.4884512293114842,6.8155088208123198,1,9,8,60,29
88,10,24,LinearHeuristicAuction,0.2,0.01,,True,,1000,10800,cats_path_g10b50,,False,CATS,50,paths,MultiMinded,1000,MaxIter,42.26000000000931,6.671337600000001,8,1.23763,0.97929250000000001,6.1443806,5.1020773050748289,3.6677941198770809,5.6381321760054242,1,10,6,69,34
89,10,30,LinearHeuristicAuction,0.2,0.01,,True,,1000,10800,cats_path_g10b50,,False,CATS,50,paths,MultiMinded,640,Balance,27.989999999990687,4.893484,9,0.957818,0.66029399999999994,4.874398,3.6182136913847245,2.5617432913847247,4.264579816278566,1,9,11,70,40
90,10,24,LinearHeuristicAuction,0.2,0.01,,True,,1000,10800,cats_path_g10b50,,False,CATS,50,paths,MultiMinded,1000,MaxIter,40.899999999965075,4.9815499999999995,7,1.03037,0.59696149999999992,4.951772999999999,3.6596562479098056,2.8239101479098063,4.7410509692997547,1,10,4,65,34
91,10,26,LinearHeuristicAuction,0.2,0.01,,True,,1000,10800,cats_path_g10b50,,False,CATS,50,paths,MultiMinded,1000,MaxIter,41.75,5.608700000000001,8,1.15219,0.65921200000000002,5.315985,3.8344028791822837,2.4091648354348623,5.1341133587143961,1,10,7,67,36
92,10,29,LinearHeuristicAuction,0.2,0.01,,True,,1000,10800,cats_path_g10b50,,False,CATS,50,paths,MultiMinded,314,Balance,13.429999999993015,6.734538,7,1.30249,1.03973,6.536508,5.6487125504740572,4.2229877582684576,5.9650156666746446,1,10,13,67,39
93,10,36,LinearHeuristicAuction,0.2,0.01,,True,,1000,10800,cats_path_g10b50,,False,CATS,50,paths,MultiMinded,730,Balance,34.0800000000163,5.941976,7,1.19352,0.81540649999999992,5.789747,5.4307899475928689,4.289220847592869,5.134754867473907,1,10,7,77,46
94,10,36,LinearHeuristicAuction,0.2,0.01,,True,,1000,10800,cats_path_g10b50,,False,CATS,50,paths,MultiMinded,1000,MaxIter,46.0,6.659274999999999,9,1.32087,0.72828700000000002,6.573074,6.1329959183758485,4.822079318375847,5.4270380886691214,1,10,2,77,46
95,10,20,LinearHeuristicAuction,0.2,0.01,,True,,1000,10800,cats_path_g10b50,,False,CATS,50,paths,MultiMinded,236,Balance,9.440000000002328,5.242984999999999,7,0.986125,0.95783799999999997,5.242984999999999,3.2371126590441426,2.0849824213219605,4.5791538476236813,1,10,11,61,30
96,10,27,LinearHeuristicAuction,0.2,0.01,,True,,1000,10800,cats_path_g10b50,,False,CATS,50,paths,MultiMinded,484,Balance,20.400000000023283,5.968370999999999,8,1.36717,0.912686,5.898092999999999,5.2390518237476851,3.7912526028010523,4.8858429940587538,1,10,8,65,37
97,10,40,LinearHeuristicAuction,0.2,0.01,,True,,1000,10800,cats_path_g10b50,,False,CATS,50,paths,MultiMinded,1000,MaxIter,48.48999999999069,5.874736,9,1.39812,0.64802099999999996,5.874736,5.4110605484849144,4.2446227484849146,4.896887048027434,1,10,1,83,50
98,10,29,LinearHeuristicAuction,0.2,0.01,,True,,1000,10800,cats_path_g10b50,,False,CATS,50,paths,MultiMinded,837,Balance,36.38000000000466,8.221217,8,1.32075,0.95510399999999995,7.975545,6.5880039701095177,5.0598375701095168,7.2163526721204576,1,10,7,70,39
99,10,24,LinearHeuristicAuction,0.2,0.01,,True,,1000,10800,cats_path_g10b50,,False,CATS,50,paths,MultiMinded,1000,MaxIter,40.88000000000466,4.068553,8,0.837895,0.57574999999999998,4.03372,3.1900375502297083,2.268837550229708,3.7436268562611663,1,10,6,65,34
100,10,26,LinearHeuristicAuction,0.2,0.01,,True,,1000,10800,cats_path_g10b50,,False,CATS,50,paths,MultiMinded,1000,MaxIter,42.77999999996973,5.4685310000000005,9,1.22663,0.78226099999999998,5.224669,4.4380107617153683,3.0299409617153685,4.4427733269816532,1,10,5,68,36
