idx,items,agents,auction_class,epsilon,stepc,epoch,scalebyvalue,reserve_type,maxiter,maxtime,generator_param_name,personalized,int_prices,generator,bids,distribution,type,rounds,status,runtime,efficient_value,final_num_winners,final_max_agent_value,final_scalevalue,final_value,final_total_price,final_revenue,final_indirect_util,final_price_degree,final_price_sparsity,final_imbalance,final_wd_nvars,final_wd_ncons
1,10,41,LinearHeuristicAuction,0.2,0.02,,True,,1000,10800,cats_path_g10b50,,False,CATS,50,paths,MultiMinded,1000,MaxIter,49.94000000000233,5.1295980000000005,9,1.05837,0.48806749999999999,4.686425,3.8758441655243163,3.0169585359215279,4.5434768928891902,1,10,4,82,51
2,10,32,LinearHeuristicAuction,0.2,0.02,,True,,1000,10800,cats_path_g10b50,,False,CATS,50,paths,MultiMinded,583,Balance,26.10999999998603,5.881798,9,0.89658,0.700376,5.881798,4.2779319507340263,3.1573303507340258,4.9033552888168259,1,9,7,73,42
3,10,23,LinearHeuristicAuction,0.2,0.02,,True,,1000,10800,cats_path_g10b50,,False,CATS,50,paths,MultiMinded,540,Balance,22.84000000002561,6.1772789999999995,8,1.4872,0.84460199999999996,6.1772789999999995,5.2793725143388928,3.9280093143388921,4.9951207225954288,1,10,8,71,33
4,10,24,LinearHeuristicAuction,0.2,0.02,,True,,1000,10800,cats_path_g10b50,,False,CATS,50,paths,MultiMinded,104,Balance,4.289999999979045,5.0370452,7,0.92099,0.79058200000000001,4.882917,3.6587695339395396,2.5519547339395396,3.9875307707765217,1,10,8,67,34
5,10,34,LinearHeuristicAuction,0.2,0.02,,True,,1000,10800,cats_path_g10b50,,False,CATS,50,paths,MultiMinded,450,Balance,20.429999999993015,6.641525,9,1.19553,0.74441100000000004,6.600746000000001,6.2356907688424599,4.8957509688424592,5.4114572218553532,1,10,5,76,44
6,10,26,LinearHeuristicAuction,0.2,0.02,,True,,1000,10800,cats_path_g10b50,,False,CATS,50,paths,MultiMinded,615,Balance,26.78000000002794,7.117255999999999,9,1.27499,1.03579,7.117255999999999,6.0203516470232685,4.1787370460415874,5.4785292713768001,1,10,4,70,36
7,10,30,LinearHeuristicAuction,0.2,0.02,,True,,1000,10800,cats_path_g10b50,,False,CATS,50,paths,MultiMinded,444,Balance,19.330000000016298,5.604355000000001,10,0.860832,0.57241200000000003,5.604355000000001,3.703059497209487,2.7872002972094871,4.8021919018097812,1,10,8,71,40
8,10,29,LinearHeuristicAuction,0.2,0.02,,True,,1000,10800,cats_path_g10b50,,False,CATS,50,paths,MultiMinded,87,Balance,3.6600000000325963,4.14936,8,1.21473,0.53942699999999999,4.021464,3.7208280731686219,2.8577448731686226,3.4922140747113808,1,10,12,67,39
9,10,34,LinearHeuristicAuction,0.2,0.02,,True,,1000,10800,cats_path_g10b50,,False,CATS,50,paths,MultiMinded,184,Balance,8.39000000001397,8.312487,10,1.40383,1.19224,8.312487,7.3503140937466327,4.9874356381879492,6.4224463596203663,1,10,3,75,44
10,10,35,LinearHeuristicAuction,0.2,0.02,,True,,1000,10800,cats_path_g10b50,,False,CATS,50,paths,MultiMinded,239,Balance,11.0,5.813495100000001,9,1.32539,0.73520450000000004,5.775242100000001,5.1187790532711981,3.8444439431703517,4.8328224271864979,1,10,3,75,45
11,10,32,LinearHeuristicAuction,0.2,0.02,,True,,1000,10800,cats_path_g10b50,,False,CATS,50,paths,MultiMinded,130,Balance,5.75,5.665188000000001,9,0.988013,0.84758449999999996,5.649982999999999,5.0787805169851392,3.5531284169851385,4.3848078901380267,1,10,14,74,42
12,10,31,LinearHeuristicAuction,0.2,0.02,,True,,1000,10800,cats_path_g10b50,,False,CATS,50,paths,MultiMinded,365,Balance,16.639999999955762,5.822862,8,1.20008,0.80469999999999997,5.680071999999999,4.8484765588001055,3.6179741940091996,4.7162190183786565,1,10,2,72,41
13,10,24,LinearHeuristicAuction,0.2,0.02,,True,,1000,10800,cats_path_g10b50,,False,CATS,50,paths,MultiMinded,584,Balance,25.20000000001164,5.960460200000001,9,1.3072,0.85787999999999998,5.8855433,5.2515890112916042,3.7199406461771227,4.5917879858227169,1,10,5,68,34
14,10,17,LinearHeuristicAuction,0.2,0.02,,True,,1000,10800,cats_path_g10b50,,False,CATS,50,paths,MultiMinded,1000,MaxIter,40.6699999999837,5.653834,8,0.86218,0.82208099999999995,5.484555,3.2036007041642485,1.9359475770473014,4.5568847442719775,1,10,5,61,27
15,10,33,LinearHeuristicAuction,0.2,0.02,,True,,1000,10800,cats_path_g10b50,,False,CATS,50,paths,MultiMinded,607,Balance,27.05999999999767,5.368371,10,1.226,0.410271,5.368371,4.8682109978424952,4.0476689978424956,4.6030479319246256,1,10,3,73,43
16,10,34,LinearHeuristicAuction,0.2,0.02,,True,,1000,10800,cats_path_g10b50,,False,CATS,50,paths,MultiMinded,807,Balance,36.80999999999767,6.969046,10,1.43412,0.68306999999999995,6.882083,5.7313284964901161,4.4979164149421083,5.7849273357616466,1,10,1,75,44
17,10,30,LinearHeuristicAuction,0.2,0.02,,True,,1000,10800,cats_path_g10b50,,False,CATS,50,paths,MultiMinded,303,Balance,13.110000000044238,6.379521,9,1.33671,0.75658099999999995,6.311771,5.6028850615336045,4.2410392615336043,5.2902905640770239,1,10,3,70,40
18,10,28,LinearHeuristicAuction,0.2,0.02,,True,,1000,10800,cats_path_g10b50,,False,CATS,50,paths,MultiMinded,280,Balance,11.840000000025611,3.7659457999999995,10,0.809737,0.424898,3.7639937999999997,3.2419622271089867,2.4035493976275162,3.0513106579856046,1,10,5,68,38
19,10,29,LinearHeuristicAuction,0.2,0.02,,True,,1000,10800,cats_path_g10b50,,False,CATS,50,paths,MultiMinded,104,Balance,4.429999999993015,5.399328000000001,9,0.984412,0.88883350000000005,5.266199,4.0968278299080687,2.7180199096085373,4.7000260672302403,1,10,13,66,39
20,10,31,LinearHeuristicAuction,0.2,0.02,,True,,1000,10800,cats_path_g10b50,,False,CATS,50,paths,MultiMinded,141,Balance,6.4200000000419095,5.347376,9,1.11574,0.85649200000000003,5.300765999999999,3.7301248242865896,2.4377862628962688,4.422615779397864,1,9,3,74,41
21,10,33,LinearHeuristicAuction,0.2,0.02,,True,,1000,10800,cats_path_g10b50,,False,CATS,50,paths,MultiMinded,759,Balance,35.0800000000163,6.346977999999999,9,1.04535,0.887351,6.154797,5.097798317238424,3.5180658136017779,4.855284697160398,1,10,5,76,43
22,10,29,LinearHeuristicAuction,0.2,0.02,,True,,1000,10800,cats_path_g10b50,,False,CATS,50,paths,MultiMinded,726,Balance,33.73999999999069,3.679525,6,0.81347,0.62753999999999999,3.60656,3.2582779572730338,2.5052299572730341,3.0309389398838951,1,10,8,76,39
23,10,33,LinearHeuristicAuction,0.2,0.02,,True,,1000,10800,cats_path_g10b50,,False,CATS,50,paths,MultiMinded,533,Balance,24.44000000000233,6.968433999999999,9,1.11046,0.85569899999999999,6.809646,6.0104433299703839,4.5389954517516466,5.5234374865945339,1,10,2,74,43
24,10,26,LinearHeuristicAuction,0.2,0.02,,True,,1000,10800,cats_path_g10b50,,False,CATS,50,paths,MultiMinded,665,Balance,28.40999999997439,5.079491000000001,8,0.912266,0.59736,5.079491000000001,4.3082959034295936,3.3525199034295929,4.2451730749099976,1,10,7,69,36
25,10,23,LinearHeuristicAuction,0.2,0.02,,True,,1000,10800,cats_path_g10b50,,False,CATS,50,paths,MultiMinded,398,Balance,16.039999999979045,5.799925999999999,9,0.932562,0.85897900000000005,5.799925999999999,5.0064873594549253,3.5176916367819295,4.7108122987968111,1,10,3,64,33
26,10,22,LinearHeuristicAuction,0.2,0.02,,True,,1000,10800,cats_path_g10b50,,False,CATS,50,paths,MultiMinded,253,Balance,10.690000000002328,7.226532999999999,9,1.05046,0.94945649999999993,7.226532999999999,3.498891075383217,2.1696519753832177,5.9096905745736263,1,9,9,68,32
27,10,33,LinearHeuristicAuction,0.2,0.02,,True,,1000,10800,cats_path_g10b50,,False,CATS,50,paths,MultiMinded,352,Balance,17.169999999983702,5.22312,7,1.38199,0.74170000000000003,5.203720000000001,4.7218057991033966,3.6834257991033965,4.291364802878423,1,10,11,77,43
28,10,38,LinearHeuristicAuction,0.2,0.02,,True,,1000,10800,cats_path_g10b50,,False,CATS,50,paths,MultiMinded,144,Balance,6.900000000023283,7.158904,9,1.38531,1.05223,6.829053,5.996363245162657,4.1023492451626558,6.2383475419082908,1,10,7,79,48
29,10,22,LinearHeuristicAuction,0.2,0.02,,True,,1000,10800,cats_path_g10b50,,False,CATS,50,paths,MultiMinded,961,Balance,40.15999999997439,5.222893,8,1.14292,0.81835199999999997,5.106147,4.5920905105183252,3.2827273105183243,4.1067840498561354,1,10,6,64,32
30,10,26,LinearHeuristicAuction,0.2,0.02,,True,,1000,10800,cats_path_g10b50,,False,CATS,50,paths,MultiMinded,240,Balance,9.770000000018626,8.367289,12,1.00864,0.79848300000000005,8.323031,4.2957234659048025,3.0965338193036245,7.4138753524186551,1,10,7,64,36
31,10,34,LinearHeuristicAuction,0.2,0.02,,True,,1000,10800,cats_path_g10b50,,False,CATS,50,paths,MultiMinded,1000,MaxIter,46.03000000002794,7.570106999999999,9,1.56629,0.87534100000000004,7.570106999999999,6.4880510553660606,4.9124372553660596,6.3238739259293384,1,10,4,76,44
32,10,22,LinearHeuristicAuction,0.2,0.02,,True,,1000,10800,cats_path_g10b50,,False,CATS,50,paths,MultiMinded,370,Balance,14.979999999981374,5.8430159999999995,7,0.990041,0.83248200000000006,5.790484999999999,4.6300109030086531,3.4645361030086517,4.8502427803675205,1,10,10,64,32
33,10,23,LinearHeuristicAuction,0.2,0.02,,True,,1000,10800,cats_path_g10b50,,False,CATS,50,paths,MultiMinded,325,Balance,13.440000000002328,5.328471,8,1.14706,0.74653400000000003,5.2931490000000005,3.6091249291295533,2.5440713835779114,4.419096771201283,1,10,5,67,33
34,10,23,LinearHeuristicAuction,0.2,0.02,,True,,1000,10800,cats_path_g10b50,,False,CATS,50,paths,MultiMinded,170,Balance,7.410000000032596,4.414205,7,1.07941,0.93713999999999997,4.316274,3.4333982179449007,2.1214022179449006,3.1913869526952747,1,10,1,69,33
35,10,25,LinearHeuristicAuction,0.2,0.02,,True,,1000,10800,cats_path_g10b50,,False,CATS,50,paths,MultiMinded,930,Balance,41.52999999996973,6.118125,8,1.03776,0.84872099999999995,6.1089709999999995,5.280998653383512,3.9820845031082879,4.9726017370765065,1,10,8,72,35
36,10,20,LinearHeuristicAuction,0.2,0.02,,True,,1000,10800,cats_path_g10b50,,False,CATS,50,paths,MultiMinded,51,Balance,2.330000000016298,2.51735,8,0.765931,0.744537,2.51735,1.9602970264683213,1.0026813171600828,1.866172401454667,1,9,3,66,30
37,10,33,LinearHeuristicAuction,0.2,0.02,,True,,1000,10800,cats_path_g10b50,,False,CATS,50,paths,MultiMinded,295,Balance,13.679999999993015,6.394280999999999,9,1.32219,0.90059900000000004,6.252431,5.697018959484808,4.0759407594848085,4.8140080595146042,1,10,2,74,43
38,10,37,LinearHeuristicAuction,0.2,0.02,,True,,1000,10800,cats_path_g10b50,,False,CATS,50,paths,MultiMinded,308,Balance,15.020000000018626,4.9241600000000005,8,1.27538,0.75259950000000009,4.8994976,4.411696392009044,3.225396785819278,3.8859665740789424,1,10,2,81,47
39,10,36,LinearHeuristicAuction,0.2,0.02,,True,,1000,10800,cats_path_g10b50,,False,CATS,50,paths,MultiMinded,246,Balance,11.619999999995343,7.180720999999999,9,1.37975,0.95457900000000007,7.113288,6.3560290601496376,4.6377868601496379,5.6123355948870479,1,10,8,78,46
40,10,24,LinearHeuristicAuction,0.2,0.02,,True,,1000,10800,cats_path_g10b50,,False,CATS,50,paths,MultiMinded,370,Balance,15.029999999969732,7.3709551,9,1.05191,0.99338300000000002,7.053094,6.4461714401433152,4.6978173601433157,5.7151240306835085,1,10,5,65,34
41,10,20,LinearHeuristicAuction,0.2,0.02,,True,,1000,10800,cats_path_g10b50,,False,CATS,50,paths,MultiMinded,529,Balance,22.119999999995343,11.936720999999999,10,1.66283,1.30715,11.712028,7.1760567334003884,5.3460467334003887,10.146920605542151,1,10,6,66,30
42,10,35,LinearHeuristicAuction,0.2,0.02,,True,,1000,10800,cats_path_g10b50,,False,CATS,50,paths,MultiMinded,660,Balance,30.169999999983702,5.98905,10,1.26887,0.57787949999999999,5.8285160000000005,5.6794595851960281,4.5237005851960301,4.871824745374008,1,10,3,75,45
43,10,34,LinearHeuristicAuction,0.2,0.02,,True,,1000,10800,cats_path_g10b50,,False,CATS,50,paths,MultiMinded,72,Balance,3.290000000037253,5.305578,8,1.49562,0.65433600000000003,5.305578,4.6103169723679009,3.5633793723679008,4.6473015190846167,1,10,7,74,44
44,10,24,LinearHeuristicAuction,0.2,0.02,,True,,1000,10800,cats_path_g10b50,,False,CATS,50,paths,MultiMinded,387,Balance,15.830000000016298,5.406871999999999,9,0.914107,0.79918800000000001,5.406871999999999,4.4528186965000796,3.0142802965000794,4.1287602608299396,1,10,4,67,34
45,10,33,LinearHeuristicAuction,0.2,0.02,,True,,1000,10800,cats_path_g10b50,,False,CATS,50,paths,MultiMinded,624,Balance,29.410000000032596,4.392568,8,1.04017,0.61580250000000003,4.349706,4.1059678247465179,3.1206838247465174,3.5307356895781865,1,10,3,77,43
46,10,37,LinearHeuristicAuction,0.2,0.02,,True,,1000,10800,cats_path_g10b50,,False,CATS,50,paths,MultiMinded,310,Balance,14.700000000011642,7.650231000000001,10,1.33928,0.87604700000000002,7.650231000000001,6.7561707621685985,5.0699805244380087,6.3140767026426001,1,10,2,80,47
47,10,26,LinearHeuristicAuction,0.2,0.02,,True,,1000,10800,cats_path_g10b50,,False,CATS,50,paths,MultiMinded,350,Balance,15.67000000004191,4.863733,8,1.11721,0.68613100000000005,4.816140000000001,4.400323118406674,3.302513518406673,4.0050579000273183,1,10,10,67,36
48,10,40,LinearHeuristicAuction,0.2,0.02,,True,,1000,10800,cats_path_g10b50,,False,CATS,50,paths,MultiMinded,1000,MaxIter,48.63999999995576,13.668893,15,1.73275,0.850549,13.619971,5.1401518414611536,3.6091636414611536,12.527170049068379,1,10,2,78,50
49,10,25,LinearHeuristicAuction,0.2,0.02,,True,,1000,10800,cats_path_g10b50,,False,CATS,50,paths,MultiMinded,602,Balance,25.429999999993015,4.105134,8,0.775577,0.59589599999999998,4.105134,3.8497292422460716,2.8962956422460713,3.2713251743048284,1,10,4,69,35
50,10,43,LinearHeuristicAuction,0.2,0.02,,True,,1000,10800,cats_path_g10b50,,False,CATS,50,paths,MultiMinded,341,Balance,17.32999999995809,7.516903,10,1.3359,0.92906500000000003,7.516903,6.9944653204128606,5.1363353204128614,6.0075998338540222,1,10,2,85,53
51,10,23,LinearHeuristicAuction,0.2,0.02,,True,,1000,10800,cats_path_g10b50,,False,CATS,50,paths,MultiMinded,389,Balance,15.950000000011642,3.8581627999999997,8,0.728995,0.60365150000000001,3.8581627999999997,3.4628054841648854,2.5751311512281125,2.9970376611409697,1,10,11,68,33
52,10,28,LinearHeuristicAuction,0.2,0.02,,True,,1000,10800,cats_path_g10b50,,False,CATS,50,paths,MultiMinded,256,Balance,11.160000000032596,6.103176,9,1.01863,0.782582,6.103176,5.4410662010052029,4.0324186010052037,4.7296844533445537,1,10,5,74,38
53,10,26,LinearHeuristicAuction,0.2,0.02,,True,,1000,10800,cats_path_g10b50,,False,CATS,50,paths,MultiMinded,248,Balance,10.260000000009313,9.548895000000002,10,1.84651,1.2191000000000001,9.378483000000001,7.1876038187924038,4.9932238187924041,7.5086457917627127,1,9,6,65,36
54,10,30,LinearHeuristicAuction,0.2,0.02,,True,,1000,10800,cats_path_g10b50,,False,CATS,50,paths,MultiMinded,791,Balance,35.44000000000233,3.5444180000000003,9,0.62406,0.46356900000000001,3.5444180000000003,3.1786586866153921,2.3442344866153926,2.7105719259977459,1,10,6,72,40
55,10,24,LinearHeuristicAuction,0.2,0.02,,True,,1000,10800,cats_path_g10b50,,False,CATS,50,paths,MultiMinded,384,Balance,16.039999999979045,5.614495000000001,8,1.03261,0.81608499999999995,5.614495000000001,4.9131187839407886,3.6529555392902342,4.5068362468725693,1,10,7,67,34
56,10,26,LinearHeuristicAuction,0.2,0.02,,True,,1000,10800,cats_path_g10b50,,False,CATS,50,paths,MultiMinded,173,Balance,7.320000000006985,5.021542,8,1.22335,0.86009449999999998,5.0143097,4.82845115254697,3.4522999525469693,3.8158325065506444,1,10,8,72,36
57,10,29,LinearHeuristicAuction,0.2,0.02,,True,,1000,10800,cats_path_g10b50,,False,CATS,50,paths,MultiMinded,182,Balance,7.849999999976717,5.662903,9,1.20543,0.7060765,5.559901,4.6449581406288099,3.41245992634577,4.7060204004057828,1,10,4,70,39
58,10,32,LinearHeuristicAuction,0.2,0.02,,True,,1000,10800,cats_path_g10b50,,False,CATS,50,paths,MultiMinded,461,Balance,21.850000000034925,5.435453000000001,8,1.10141,0.84788050000000004,5.435453000000001,4.9681832108187853,3.6115744108187862,4.0799202105151302,1,10,1,78,42
59,10,31,LinearHeuristicAuction,0.2,0.02,,True,,1000,10800,cats_path_g10b50,,False,CATS,50,paths,MultiMinded,511,Balance,23.32999999995809,7.500881000000001,9,1.37858,1.0170600000000001,7.500881000000001,6.7403525547039456,4.9905381130921418,5.953800391947234,1,10,1,74,41
60,10,18,LinearHeuristicAuction,0.2,0.02,,True,,1000,10800,cats_path_g10b50,,False,CATS,50,paths,MultiMinded,37,Balance,1.4100000000325963,3.938055,6,1.01239,0.77787200000000001,3.521541,2.7928883956453081,1.8594419956453083,3.1359240086858642,1,10,15,59,28
61,10,39,LinearHeuristicAuction,0.2,0.02,,True,,1000,10800,cats_path_g10b50,,False,CATS,50,paths,MultiMinded,538,Balance,25.820000000006985,6.514431,10,1.15445,0.68256899999999998,6.410369,5.6543947394163148,4.2892567394163157,5.181725947587716,1,10,1,80,49
62,10,24,LinearHeuristicAuction,0.2,0.02,,True,,1000,10800,cats_path_g10b50,,False,CATS,50,paths,MultiMinded,1000,MaxIter,44.97999999998137,5.874828,8,1.13322,0.74950450000000002,5.772769,4.6263724435140254,3.1772063951155505,4.9377594638721369,1,10,7,66,34
63,10,26,LinearHeuristicAuction,0.2,0.02,,True,,1000,10800,cats_path_g10b50,,False,CATS,50,paths,MultiMinded,745,Balance,30.380000000004657,10.817572,16,1.05624,0.85327799999999998,10.791586,4.1955503102978318,2.6419739695073243,9.4800904425065831,1,10,2,62,36
64,10,15,LinearHeuristicAuction,0.2,0.02,,True,,1000,10800,cats_path_g10b50,,False,CATS,50,paths,MultiMinded,106,Balance,4.570000000006985,4.3252115,6,1.18924,0.88682499999999997,4.16842,3.6676976779493642,2.6035076779493647,3.392630550732143,1,10,10,63,25
65,10,35,LinearHeuristicAuction,0.2,0.02,,True,,1000,10800,cats_path_g10b50,,False,CATS,50,paths,MultiMinded,727,Balance,33.320000000006985,9.498291,10,1.37422,0.81186400000000003,9.498291,6.2227665461133883,4.9191653373384563,8.3569891009889439,1,10,2,75,45
66,10,22,LinearHeuristicAuction,0.2,0.02,,True,,1000,10800,cats_path_g10b50,,False,CATS,50,paths,MultiMinded,652,Balance,27.70000000001164,6.527464,7,1.20805,0.92267349999999992,6.527464,5.5196058713539804,4.2278629713539804,5.28762137324909,1,10,7,67,32
67,10,31,LinearHeuristicAuction,0.2,0.02,,True,,1000,10800,cats_path_g10b50,,False,CATS,50,paths,MultiMinded,590,Balance,26.5,4.99912,8,0.980804,0.62215900000000002,4.943041,4.5896860900522087,3.5942316900522089,4.0666510713455155,1,10,3,74,41
68,10,21,LinearHeuristicAuction,0.2,0.02,,True,,1000,10800,cats_path_g10b50,,False,CATS,50,paths,MultiMinded,125,Balance,5.14000000001397,4.354444,7,1.10844,0.58718800000000004,4.349964,3.647245808545339,2.8251826085453389,3.742822957732578,1,10,14,64,31
69,10,31,LinearHeuristicAuction,0.2,0.02,,True,,1000,10800,cats_path_g10b50,,False,CATS,50,paths,MultiMinded,473,Balance,21.69000000000233,4.638021,8,0.932286,0.72681200000000001,4.5364735,4.2791294732116389,3.1162302732116398,3.6380096701791542,1,10,3,75,41
70,10,32,LinearHeuristicAuction,0.2,0.02,,True,,1000,10800,cats_path_g10b50,,False,CATS,50,paths,MultiMinded,434,Balance,19.54999999998836,5.529561,10,0.883645,0.71283099999999999,5.5041970000000005,4.8927208263602946,3.4670588263602951,4.3614917176743724,1,10,3,73,42
71,10,29,LinearHeuristicAuction,0.2,0.02,,True,,1000,10800,cats_path_g10b50,,False,CATS,50,paths,MultiMinded,389,Balance,17.04999999998836,3.8155849999999996,8,0.722118,0.584781,3.7791019999999995,3.1964978815200942,2.2608482815200936,3.084475425243784,1,10,12,72,39
72,10,23,LinearHeuristicAuction,0.2,0.02,,True,,1000,10800,cats_path_g10b50,,False,CATS,50,paths,MultiMinded,519,Balance,21.510000000009313,4.337076,9,1.09941,0.63108900000000001,4.337076,3.9338179560900697,2.8609666560900693,3.391577962094126,1,10,4,65,33
73,10,23,LinearHeuristicAuction,0.2,0.02,,True,,1000,10800,cats_path_g10b50,,False,CATS,50,paths,MultiMinded,83,Balance,3.360000000044238,4.733565,7,1.17805,0.79788950000000003,4.54425,4.1094044255234286,2.9923591255234285,3.9128776608859859,1,10,10,62,33
74,10,28,LinearHeuristicAuction,0.2,0.02,,True,,1000,10800,cats_path_g10b50,,False,CATS,50,paths,MultiMinded,190,Balance,8.150000000023283,4.250006,9,0.944433,0.60220899999999999,4.161219,4.0795404053676929,2.9955642053676925,3.3584981626384525,1,10,11,72,38
75,10,23,LinearHeuristicAuction,0.2,0.02,,True,,1000,10800,cats_path_g10b50,,False,CATS,50,paths,MultiMinded,319,Balance,13.529999999969732,4.765222,7,0.954458,0.87700599999999995,4.684574,4.2219655654816561,2.9941571654816559,3.9312802931401118,1,10,9,67,33
76,10,29,LinearHeuristicAuction,0.2,0.02,,True,,1000,10800,cats_path_g10b50,,False,CATS,50,paths,MultiMinded,111,Balance,4.960000000020955,6.904471,10,1.28641,1.1137699999999999,6.727808000000001,5.520946317943106,3.6008720676945947,5.149403897032153,1,9,5,75,39
77,10,20,LinearHeuristicAuction,0.2,0.02,,True,,1000,10800,cats_path_g10b50,,False,CATS,50,paths,MultiMinded,806,Balance,33.85999999998603,3.7830920000000003,7,0.987819,0.58873500000000001,3.7830920000000003,3.4329622803738462,2.6087332803738463,3.0772354890553668,1,10,3,66,30
78,10,31,LinearHeuristicAuction,0.2,0.02,,True,,1000,10800,cats_path_g10b50,,False,CATS,50,paths,MultiMinded,188,Balance,9.010000000009313,6.355665,9,1.59706,0.92678550000000004,6.355665,6.0759460794680891,4.4077321794680895,4.8195922142018413,1,10,1,80,41
79,10,26,LinearHeuristicAuction,0.2,0.02,,True,,1000,10800,cats_path_g10b50,,False,CATS,50,paths,MultiMinded,1000,MaxIter,42.53000000002794,6.17396,9,1.51269,0.757185,6.17396,4.84924197457239,3.5263414841181469,5.2587447333023913,1,10,2,68,36
80,10,28,LinearHeuristicAuction,0.2,0.02,,True,,1000,10800,cats_path_g10b50,,False,CATS,50,paths,MultiMinded,362,Balance,15.660000000032596,6.124957,9,1.1598,0.90218600000000004,6.124957,5.6353529581183111,4.0114181581183113,4.532551391182019,1,10,6,70,38
81,10,27,LinearHeuristicAuction,0.2,0.02,,True,,1000,10800,cats_path_g10b50,,False,CATS,50,paths,MultiMinded,812,Balance,36.4199999999837,6.033706,7,1.09603,0.84438299999999999,6.033706,5.0604590791896191,3.8783228791896196,5.0159995273723217,1,10,6,73,37
82,10,40,LinearHeuristicAuction,0.2,0.02,,True,,1000,10800,cats_path_g10b50,,False,CATS,50,paths,MultiMinded,394,Balance,18.95000000001164,7.125598999999999,10,1.12357,0.66202150000000004,7.085456000000001,6.361844264378588,5.0378012643785883,5.8931623162251006,1,10,1,81,50
83,10,29,LinearHeuristicAuction,0.2,0.02,,True,,1000,10800,cats_path_g10b50,,False,CATS,50,paths,MultiMinded,202,Balance,8.760000000009313,4.406853099999999,9,0.788029,0.64298299999999997,4.406853099999999,3.8964941182179045,2.8447902254306556,3.6167839307316862,1,10,5,70,39
84,10,23,LinearHeuristicAuction,0.2,0.02,,True,,1000,10800,cats_path_g10b50,,False,CATS,50,paths,MultiMinded,170,Balance,6.860000000044238,4.1736754000000005,8,0.851051,0.68298999999999999,4.127139000000001,2.8298737440414179,2.0025144912079611,3.5893157610818327,1,10,9,62,33
85,10,26,LinearHeuristicAuction,0.2,0.02,,True,,1000,10800,cats_path_g10b50,,False,CATS,50,paths,MultiMinded,369,Balance,15.0,6.722310500000001,10,1.11978,0.81925350000000008,6.722310500000001,5.9902008265959941,4.3516938265959935,5.3076817216740082,1,10,6,67,36
86,10,25,LinearHeuristicAuction,0.2,0.02,,True,,1000,10800,cats_path_g10b50,,False,CATS,50,paths,MultiMinded,1000,MaxIter,42.89000000001397,6.8755869999999994,10,1.01302,0.62419199999999997,6.510330999999999,3.1261038472507217,2.1273966472507215,6.0058636581591802,1,10,5,68,35
87,10,19,LinearHeuristicAuction,0.2,0.02,,True,,1000,10800,cats_path_g10b50,,False,CATS,50,paths,MultiMinded,243,Balance,10.369999999995343,7.4913935,11,0.90213,0.84762199999999999,7.360207399999999,2.7037960600430599,1.5164568264217757,6.8188844927884773,1,9,8,60,29
88,10,24,LinearHeuristicAuction,0.2,0.02,,True,,1000,10800,cats_path_g10b50,,False,CATS,50,paths,MultiMinded,368,Balance,15.75,6.671337600000001,9,1.23763,0.97929250000000001,6.4809016,5.2792413148095312,3.6493371129463004,5.3033764118369744,1,10,5,69,34
89,10,30,LinearHeuristicAuction,0.2,0.02,,True,,1000,10800,cats_path_g10b50,,False,CATS,50,paths,MultiMinded,178,Balance,7.7999999999883585,4.893484,9,0.957818,0.66029399999999994,4.891447,3.6269511160781676,2.5704807160781677,4.2680332042433493,1,9,11,70,40
90,10,24,LinearHeuristicAuction,0.2,0.02,,True,,1000,10800,cats_path_g10b50,,False,CATS,50,paths,MultiMinded,624,Balance,25.95000000001164,4.9815499999999995,8,1.03037,0.59696149999999992,4.9815499999999995,4.1662218654297734,3.2110834654297737,4.2661778546449556,1,10,8,67,34
91,10,26,LinearHeuristicAuction,0.2,0.02,,True,,1000,10800,cats_path_g10b50,,False,CATS,50,paths,MultiMinded,1000,MaxIter,43.35999999998603,5.608700000000001,8,1.15219,0.65921200000000002,5.4552551000000005,4.5842894290801626,3.5340279959228278,4.8061555583696052,1,10,2,69,36
92,10,29,LinearHeuristicAuction,0.2,0.02,,True,,1000,10800,cats_path_g10b50,,False,CATS,50,paths,MultiMinded,86,Balance,3.64000000001397,6.734538,7,1.30249,1.03973,6.536508,5.6576897739292127,4.2298373070317821,5.9548150204376533,1,10,13,67,39
93,10,36,LinearHeuristicAuction,0.2,0.02,,True,,1000,10800,cats_path_g10b50,,False,CATS,50,paths,MultiMinded,200,Balance,9.330000000016298,5.941976,7,1.19352,0.81540649999999992,5.789747,5.4494446169010127,4.3078755169010119,5.1181741033262353,1,10,7,77,46
94,10,36,LinearHeuristicAuction,0.2,0.02,,True,,1000,10800,cats_path_g10b50,,False,CATS,50,paths,MultiMinded,274,Balance,12.730000000039581,6.659274999999999,9,1.32087,0.72828700000000002,6.573074,6.1490891067102194,4.8381725067102188,5.4213562435303713,1,10,2,77,46
95,10,20,LinearHeuristicAuction,0.2,0.02,,True,,1000,10800,cats_path_g10b50,,False,CATS,50,paths,MultiMinded,66,Balance,2.5900000000256114,5.242984999999999,7,0.986125,0.95783799999999997,5.242984999999999,3.2875832253842083,2.1327283499398444,4.570252902614854,1,10,15,61,30
96,10,27,LinearHeuristicAuction,0.2,0.02,,True,,1000,10800,cats_path_g10b50,,False,CATS,50,paths,MultiMinded,142,Balance,6.0499999999883585,5.968370999999999,9,1.36717,0.912686,5.926881,5.3183895377104351,3.6838789802845056,4.6143545847271801,1,10,4,70,37
97,10,40,LinearHeuristicAuction,0.2,0.02,,True,,1000,10800,cats_path_g10b50,,False,CATS,50,paths,MultiMinded,455,Balance,22.160000000032596,5.874736,9,1.39812,0.64802099999999996,5.874736,5.4144974876546108,4.2480596876546093,4.8378371403022049,1,10,1,83,50
98,10,29,LinearHeuristicAuction,0.2,0.02,,True,,1000,10800,cats_path_g10b50,,False,CATS,50,paths,MultiMinded,225,Balance,9.660000000032596,8.221217,8,1.32075,0.95510399999999995,7.975545,6.6001545570060651,5.0719881570060643,7.212410877467847,1,10,7,70,39
99,10,24,LinearHeuristicAuction,0.2,0.02,,True,,1000,10800,cats_path_g10b50,,False,CATS,50,paths,MultiMinded,608,Balance,25.149999999965075,4.068553,8,0.837895,0.57574999999999998,4.068553,3.6005050953733884,2.6793050953733886,3.3499219385336398,1,10,6,65,34
100,10,26,LinearHeuristicAuction,0.2,0.02,,True,,1000,10800,cats_path_g10b50,,False,CATS,50,paths,MultiMinded,1000,MaxIter,43.61999999999534,5.4685310000000005,9,1.22663,0.78226099999999998,5.359288,4.9404045929587097,3.5323347929587094,4.1211440888884692,1,10,2,71,36
