idx,items,agents,auction_class,epsilon,stepc,epoch,scalebyvalue,reserve_type,maxiter,maxtime,generator_param_name,personalized,int_prices,generator,bids,distribution,type,rounds,status,runtime,efficient_value,final_num_winners,final_max_agent_value,final_scalevalue,final_value,final_total_price,final_revenue,final_indirect_util,final_price_degree,final_price_sparsity,final_imbalance,final_wd_nvars,final_wd_ncons
1,10,41,LinearSubgradientAuction,0.1,0.08,,True,,1000,10800,cats_path_g10b50,,False,CATS,50,paths,MultiMinded,274,Balance,143.0899999999965,5.1295980000000005,10,1.05837,0.48806749999999999,5.121627600000001,4.2605054094667043,3.7724379094667051,4.6804905373568042,1,10,1,861,1281
2,10,32,LinearSubgradientAuction,0.1,0.08,,True,,1000,10800,cats_path_g10b50,,False,CATS,50,paths,MultiMinded,1000,MaxIter,379.38000000000466,5.881798,8,0.89658,0.700376,4.146522,4.6109202199522077,2.3690520579217043,3.645938099809082,1,9,7,640,938
3,10,23,LinearSubgradientAuction,0.1,0.08,,True,,1000,10800,cats_path_g10b50,,False,CATS,50,paths,MultiMinded,93,Balance,26.70000000001164,6.1772789999999995,8,1.4872,0.84460199999999996,6.1772789999999995,5.7332145697599604,5.0575329697599605,5.5143594046639643,1,10,2,483,723
4,10,24,LinearSubgradientAuction,0.1,0.08,,True,,1000,10800,cats_path_g10b50,,False,CATS,50,paths,MultiMinded,1000,MaxIter,302.0,5.0370452,7,0.92099,0.79058200000000001,4.1160552,3.7644249891121206,2.13082728430143,3.4034504920572766,1,10,6,504,754
5,10,34,LinearSubgradientAuction,0.1,0.08,,True,,1000,10800,cats_path_g10b50,,False,CATS,50,paths,MultiMinded,48,Balance,20.279999999998836,6.641525,9,1.19553,0.74441100000000004,6.641525,6.4158707744893428,5.7459008744893429,5.9730515310457148,1,10,3,714,1064
6,10,26,LinearSubgradientAuction,0.1,0.08,,True,,1000,10800,cats_path_g10b50,,False,CATS,50,paths,MultiMinded,1000,MaxIter,322.47000000000116,7.117255999999999,9,1.27499,1.03579,5.236859,6.4649751599528358,4.040080272330755,4.6923621123800441,1,10,4,546,816
7,10,30,LinearSubgradientAuction,0.1,0.08,,True,,1000,10800,cats_path_g10b50,,False,CATS,50,paths,MultiMinded,1000,MaxIter,380.12000000002445,5.604355000000001,8,0.860832,0.57241200000000003,3.68365,3.9507392816511198,3.0170729004232872,4.6709144765980639,1,10,6,630,940
8,10,29,LinearSubgradientAuction,0.1,0.08,,True,,1000,10800,cats_path_g10b50,,False,CATS,50,paths,MultiMinded,19,Balance,6.649999999994179,4.14936,8,1.21473,0.53942699999999999,4.14936,3.9144227937828382,3.482881193782839,3.7831923516303929,1,10,2,609,909
9,10,34,LinearSubgradientAuction,0.1,0.08,,True,,1000,10800,cats_path_g10b50,,False,CATS,50,paths,MultiMinded,19,Balance,7.830000000016298,8.312487,10,1.40383,1.19224,8.312487,7.5787908242102811,6.3865508242102811,7.1729433712201081,1,10,3,714,1064
10,10,35,LinearSubgradientAuction,0.1,0.08,,True,,1000,10800,cats_path_g10b50,,False,CATS,50,paths,MultiMinded,39,Balance,16.85000000000582,5.813495100000001,9,1.32539,0.73520450000000004,5.8134951,5.4079039811115583,4.7462199311115585,5.1526061667960512,1,10,1,735,1095
11,10,32,LinearSubgradientAuction,0.1,0.08,,True,,1000,10800,cats_path_g10b50,,False,CATS,50,paths,MultiMinded,20,Balance,7.820000000006985,5.665188000000001,9,0.988013,0.84758449999999996,5.665008,5.4600641476717211,4.6972380976717218,5.0307894127488959,1,10,8,672,1002
12,10,31,LinearSubgradientAuction,0.1,0.08,,True,,1000,10800,cats_path_g10b50,,False,CATS,50,paths,MultiMinded,77,Balance,29.679999999993015,5.822862,8,1.20008,0.80469999999999997,5.822862,5.0683968951347671,4.4246368951347668,5.1791019999999994,1,10,0,651,971
13,10,24,LinearSubgradientAuction,0.1,0.08,,True,,1000,10800,cats_path_g10b50,,False,CATS,50,paths,MultiMinded,82,Balance,24.54999999998836,5.960460200000001,9,1.3072,0.85787999999999998,5.9559802,5.4264763886852556,4.6562081287730459,5.1974599042077072,1,10,3,504,754
14,10,17,LinearSubgradientAuction,0.1,0.08,,True,,1000,10800,cats_path_g10b50,,False,CATS,50,paths,MultiMinded,105,Balance,20.85000000000582,5.653834,7,0.86218,0.82208099999999995,5.653834,3.7780081027697245,3.2025514027697244,5.1792254259442512,1,9,4,340,503
15,10,33,LinearSubgradientAuction,0.1,0.08,,True,,1000,10800,cats_path_g10b50,,False,CATS,50,paths,MultiMinded,60,Balance,24.489999999990687,5.368371,10,1.226,0.410271,5.368371,5.0182995464753581,4.6080285464753592,4.9581588334209146,1,10,1,693,1033
16,10,34,LinearSubgradientAuction,0.1,0.08,,True,,1000,10800,cats_path_g10b50,,False,CATS,50,paths,MultiMinded,77,Balance,30.60999999998603,6.969046,10,1.43412,0.68306999999999995,6.969046,5.807389857712197,5.1926268577121979,6.3542830000000015,1,9,0,680,996
17,10,30,LinearSubgradientAuction,0.1,0.08,,True,,1000,10800,cats_path_g10b50,,False,CATS,50,paths,MultiMinded,27,Balance,9.810000000026776,6.379521,9,1.33671,0.75658099999999995,6.339200999999999,5.8060092211733698,5.1250863211733693,5.7221267345114954,1,10,1,630,940
18,10,28,LinearSubgradientAuction,0.1,0.08,,True,,1000,10800,cats_path_g10b50,,False,CATS,50,paths,MultiMinded,120,Balance,41.76000000000931,3.7659457999999995,10,0.809737,0.424898,3.7659457999999995,3.4038314708923556,2.9789334708923563,3.3430635206563037,1,10,1,588,878
19,10,29,LinearSubgradientAuction,0.1,0.08,,True,,1000,10800,cats_path_g10b50,,False,CATS,50,paths,MultiMinded,36,Balance,12.959999999991851,5.399328000000001,8,0.984412,0.88883350000000005,5.399328000000001,4.9113156089291836,4.2002488089291843,4.7710258970098263,1,10,7,609,909
20,10,31,LinearSubgradientAuction,0.1,0.08,,True,,1000,10800,cats_path_g10b50,,False,CATS,50,paths,MultiMinded,33,Balance,11.869999999995343,5.347376,9,1.11574,0.85649200000000003,5.347376,4.0199026958532835,3.3347090958532837,4.68769901109561,1,9,5,620,909
21,10,33,LinearSubgradientAuction,0.1,0.08,,True,,1000,10800,cats_path_g10b50,,False,CATS,50,paths,MultiMinded,86,Balance,35.139999999984866,6.346977999999999,8,1.04535,0.887351,6.346977999999999,5.3709855591952236,4.661104759195223,5.6560023860613793,1,10,4,693,1033
22,10,29,LinearSubgradientAuction,0.1,0.08,,True,,1000,10800,cats_path_g10b50,,False,CATS,50,paths,MultiMinded,80,Balance,28.64999999999418,3.679525,6,0.81347,0.62753999999999999,3.652153,3.4614916571592769,3.0849676571592761,3.3177914479734869,1,10,7,609,909
23,10,33,LinearSubgradientAuction,0.1,0.08,,True,,1000,10800,cats_path_g10b50,,False,CATS,50,paths,MultiMinded,41,Balance,16.339999999996508,6.968433999999999,9,1.11046,0.85569899999999999,6.968433999999999,5.8869016200737985,5.1169457931414684,6.2812182578800346,1,10,1,693,1033
24,10,26,LinearSubgradientAuction,0.1,0.08,,True,,1000,10800,cats_path_g10b50,,False,CATS,50,paths,MultiMinded,1000,MaxIter,327.5199999999895,5.079491000000001,7,0.912266,0.59736,4.622273,4.5102775307445047,2.9663236105137338,3.5401598520206448,1,10,5,546,816
25,10,23,LinearSubgradientAuction,0.1,0.08,,True,,1000,10800,cats_path_g10b50,,False,CATS,50,paths,MultiMinded,74,Balance,21.089999999996508,5.799925999999999,9,0.932562,0.85897900000000005,5.799925999999999,5.5350551548625271,4.7619740548625273,5.0339550912221371,1,10,2,483,723
26,10,22,LinearSubgradientAuction,0.1,0.08,,True,,1000,10800,cats_path_g10b50,,False,CATS,50,paths,MultiMinded,1000,MaxIter,278.9400000000023,7.226532999999999,6,1.05046,0.94945649999999993,3.435324,3.8364299802677326,1.7997500493776362,5.192887926818285,1,10,10,462,692
27,10,33,LinearSubgradientAuction,0.1,0.08,,True,,1000,10800,cats_path_g10b50,,False,CATS,50,paths,MultiMinded,81,Balance,33.08999999999651,5.22312,8,1.38199,0.74170000000000003,5.22312,4.8757271280493537,4.2823671280493549,4.6330411561502896,1,10,3,693,1033
28,10,38,LinearSubgradientAuction,0.1,0.08,,True,,1000,10800,cats_path_g10b50,,False,CATS,50,paths,MultiMinded,33,Balance,15.60000000000582,7.158904,10,1.38531,1.05223,7.158904,6.6453069075966091,5.593076907596612,6.1118940849800776,1,10,3,798,1188
29,10,22,LinearSubgradientAuction,0.1,0.08,,True,,1000,10800,cats_path_g10b50,,False,CATS,50,paths,MultiMinded,1000,MaxIter,275.7399999999907,5.222893,6,1.14292,0.81835199999999997,4.404541,4.8839519339165971,2.7036550286065375,3.0499832933312852,1,10,7,462,692
30,10,26,LinearSubgradientAuction,0.1,0.08,,True,,1000,10800,cats_path_g10b50,,False,CATS,50,paths,MultiMinded,1000,MaxIter,323.679999999993,8.367289,8,1.00864,0.79848300000000005,4.82465,4.4953751586359569,3.142792663832926,7.01520157127276,1,10,7,546,816
31,10,34,LinearSubgradientAuction,0.1,0.08,,True,,1000,10800,cats_path_g10b50,,False,CATS,50,paths,MultiMinded,125,Balance,53.33999999999651,7.570106999999999,9,1.56629,0.87534100000000004,7.570106999999999,7.0167577708459898,6.2289508708459902,6.7823229575060617,1,10,3,714,1064
32,10,22,LinearSubgradientAuction,0.1,0.08,,True,,1000,10800,cats_path_g10b50,,False,CATS,50,paths,MultiMinded,1000,MaxIter,271.7600000000093,5.8430159999999995,6,0.990041,0.83248200000000006,4.864184,5.053750410400772,2.7962161107864967,3.5913851605040259,1,10,6,462,692
33,10,23,LinearSubgradientAuction,0.1,0.08,,True,,1000,10800,cats_path_g10b50,,False,CATS,50,paths,MultiMinded,78,Balance,22.260000000009313,5.328471,8,1.14706,0.74653400000000003,5.328471,4.1075446338675938,3.510317433867594,4.760974689539875,1,10,3,483,723
34,10,23,LinearSubgradientAuction,0.1,0.08,,True,,1000,10800,cats_path_g10b50,,False,CATS,50,paths,MultiMinded,1000,MaxIter,287.37999999997555,4.414205,7,1.07941,0.93713999999999997,2.4969,3.5476699488179877,1.5972026869445857,2.4743679940568613,1,10,3,483,723
35,10,25,LinearSubgradientAuction,0.1,0.08,,True,,1000,10800,cats_path_g10b50,,False,CATS,50,paths,MultiMinded,157,Balance,49.29000000000815,6.118125,8,1.03776,0.84872099999999995,6.118125,5.6281493589759863,4.9491725589759854,5.4805492561156752,1,10,8,525,785
36,10,20,LinearSubgradientAuction,0.1,0.08,,True,,1000,10800,cats_path_g10b50,,False,CATS,50,paths,MultiMinded,26,Balance,6.3399999999965075,2.51735,9,0.765931,0.744537,2.51735,2.2127236492161302,1.6107191972402146,1.9569521854295531,1,10,5,420,630
37,10,33,LinearSubgradientAuction,0.1,0.08,,True,,1000,10800,cats_path_g10b50,,False,CATS,50,paths,MultiMinded,27,Balance,10.959999999991851,6.394280999999999,9,1.32219,0.90059900000000004,6.394280999999999,5.8512587970076524,5.0407196970076527,5.5899261663853466,1,10,3,693,1033
38,10,37,LinearSubgradientAuction,0.1,0.08,,True,,1000,10800,cats_path_g10b50,,False,CATS,50,paths,MultiMinded,96,Balance,44.88000000000466,4.9241600000000005,8,1.27538,0.75259950000000009,4.9241600000000005,4.4732391831294489,3.9038460763320413,4.3699812968573735,1,10,9,777,1157
39,10,36,LinearSubgradientAuction,0.1,0.08,,True,,1000,10800,cats_path_g10b50,,False,CATS,50,paths,MultiMinded,37,Balance,16.589999999996508,7.180720999999999,10,1.37975,0.95457900000000007,7.123180999999999,6.7058190234605499,5.7512400234605483,6.2753712439787632,1,10,6,756,1126
40,10,24,LinearSubgradientAuction,0.1,0.08,,True,,1000,10800,cats_path_g10b50,,False,CATS,50,paths,MultiMinded,35,Balance,10.200000000011642,7.3709551,10,1.05191,0.99338300000000002,7.3694454,6.6565863790582487,5.6846300125953553,6.4182101057492043,1,10,8,504,754
41,10,20,LinearSubgradientAuction,0.1,0.08,,True,,1000,10800,cats_path_g10b50,,False,CATS,50,paths,MultiMinded,1000,MaxIter,253.69000000000233,11.936720999999999,7,1.66283,1.30715,4.534491,7.3591418998529416,3.2998543331291477,7.8774324334770363,1,10,9,420,630
42,10,35,LinearSubgradientAuction,0.1,0.08,,True,,1000,10800,cats_path_g10b50,,False,CATS,50,paths,MultiMinded,58,Balance,25.279999999998836,5.98905,10,1.26887,0.57787949999999999,5.986124,5.7804947153259771,5.202615215325979,5.4131299084335733,1,10,1,735,1095
43,10,34,LinearSubgradientAuction,0.1,0.08,,True,,1000,10800,cats_path_g10b50,,False,CATS,50,paths,MultiMinded,30,Balance,12.630000000004657,5.305578,8,1.49562,0.65433600000000003,5.305578,5.0844103639510969,4.5609415639510971,4.7958015780179686,1,10,3,714,1064
44,10,24,LinearSubgradientAuction,0.1,0.08,,True,,1000,10800,cats_path_g10b50,,False,CATS,50,paths,MultiMinded,51,Balance,15.10000000000582,5.406871999999999,9,0.914107,0.79918800000000001,5.406871999999999,4.7987412935669269,4.0794720935669266,4.7582413591653641,1,10,9,504,754
45,10,33,LinearSubgradientAuction,0.1,0.08,,True,,1000,10800,cats_path_g10b50,,False,CATS,50,paths,MultiMinded,100,Balance,41.179999999993015,4.392568,7,1.04017,0.61580250000000003,4.392568,4.3229882842449854,3.8919265342449862,3.9824820089610187,1,10,3,693,1033
46,10,37,LinearSubgradientAuction,0.1,0.08,,True,,1000,10800,cats_path_g10b50,,False,CATS,50,paths,MultiMinded,33,Balance,15.130000000004657,7.650231000000001,10,1.33928,0.87604700000000002,7.650231000000001,6.8863379924300503,6.0102909924300496,6.9461248270752449,1,10,2,777,1157
47,10,26,LinearSubgradientAuction,0.1,0.08,,True,,1000,10800,cats_path_g10b50,,False,CATS,50,paths,MultiMinded,46,Balance,14.670000000012806,4.863733,8,1.11721,0.68613100000000005,4.863733,4.7403654185036252,4.1914606185036254,4.3794983786709887,1,10,7,546,816
48,10,40,LinearSubgradientAuction,0.1,0.08,,True,,1000,10800,cats_path_g10b50,,False,CATS,50,paths,MultiMinded,1000,MaxIter,503.4400000000023,13.668893,9,1.73275,0.850549,5.57867,6.3393294611274973,4.4193439831940511,11.748907522066556,1,10,8,840,1250
49,10,25,LinearSubgradientAuction,0.1,0.08,,True,,1000,10800,cats_path_g10b50,,False,CATS,50,paths,MultiMinded,1000,MaxIter,314.0100000000093,4.105134,7,0.775577,0.59589599999999998,2.988826,3.993923429052936,2.5236940533670738,2.6388705158462105,1,10,5,525,785
50,10,43,LinearSubgradientAuction,0.1,0.08,,True,,1000,10800,cats_path_g10b50,,False,CATS,50,paths,MultiMinded,60,Balance,32.529999999998836,7.516903,10,1.3359,0.92906500000000003,7.516903,7.2344667168295906,6.3054017168295919,6.5883034377568581,1,10,2,903,1343
51,10,23,LinearSubgradientAuction,0.1,0.08,,True,,1000,10800,cats_path_g10b50,,False,CATS,50,paths,MultiMinded,1000,MaxIter,290.2599999999802,3.8581627999999997,7,0.728995,0.60365150000000001,3.2477247999999994,3.5068500149019277,2.0030153125590764,2.3603662899932738,1,10,6,483,723
52,10,28,LinearSubgradientAuction,0.1,0.08,,True,,1000,10800,cats_path_g10b50,,False,CATS,50,paths,MultiMinded,40,Balance,13.919999999983702,6.103176,9,1.01863,0.782582,6.1031759999999995,5.5806743182005301,4.87635051820053,5.4308256079602124,1,10,5,588,878
53,10,26,LinearSubgradientAuction,0.1,0.08,,True,,1000,10800,cats_path_g10b50,,False,CATS,50,paths,MultiMinded,1000,MaxIter,309.79999999998836,9.548895000000002,10,1.84651,1.2191000000000001,8.309625,7.8178875896921411,5.6460388728422455,7.3798899671949405,1,9,4,520,764
54,10,30,LinearSubgradientAuction,0.1,0.08,,True,,1000,10800,cats_path_g10b50,,False,CATS,50,paths,MultiMinded,66,Balance,24.179999999993015,3.5444180000000003,9,0.62406,0.46356900000000001,3.5444180000000003,3.2153787829360336,2.7981666829360332,3.1380183329404123,1,10,3,630,940
55,10,24,LinearSubgradientAuction,0.1,0.08,,True,,1000,10800,cats_path_g10b50,,False,CATS,50,paths,MultiMinded,1000,MaxIter,301.820000000007,5.614495000000001,7,1.03261,0.81608499999999995,4.691238,5.2628196859816816,3.1197214234169182,3.4775925940449044,1,10,6,504,754
56,10,26,LinearSubgradientAuction,0.1,0.08,,True,,1000,10800,cats_path_g10b50,,False,CATS,50,paths,MultiMinded,46,Balance,14.979999999981374,5.021542,7,1.22335,0.86009449999999998,5.021542,4.8769479205316291,4.2748817705316284,4.4519319349460158,1,10,8,546,816
57,10,29,LinearSubgradientAuction,0.1,0.08,,True,,1000,10800,cats_path_g10b50,,False,CATS,50,paths,MultiMinded,44,Balance,15.570000000006985,5.662903,9,1.20543,0.7060765,5.648968999999999,5.0053545387923064,4.3698856887923068,5.055074087327978,1,10,1,609,909
58,10,32,LinearSubgradientAuction,0.1,0.08,,True,,1000,10800,cats_path_g10b50,,False,CATS,50,paths,MultiMinded,39,Balance,15.580000000016298,5.435453000000001,8,1.10141,0.84788050000000004,5.435453000000001,4.9816696863149144,4.3033652863149143,4.7576765203984648,1,10,2,672,1002
59,10,31,LinearSubgradientAuction,0.1,0.08,,True,,1000,10800,cats_path_g10b50,,False,CATS,50,paths,MultiMinded,49,Balance,18.5,7.500881000000001,9,1.37858,1.0170600000000001,7.500881000000001,6.8890392999186378,5.9736852999186372,6.6895106408458185,1,10,2,651,971
60,10,18,LinearSubgradientAuction,0.1,0.08,,True,,1000,10800,cats_path_g10b50,,False,CATS,50,paths,MultiMinded,1000,MaxIter,229.45999999999185,3.938055,6,1.01239,0.77787200000000001,3.3282049999999996,3.1721052085155099,1.6034782584534297,2.3792614512792496,1,10,6,378,568
61,10,39,LinearSubgradientAuction,0.1,0.08,,True,,1000,10800,cats_path_g10b50,,False,CATS,50,paths,MultiMinded,43,Balance,20.539999999979045,6.514431,10,1.15445,0.68256899999999998,6.514431,5.7769088701740641,5.094339870174065,5.831862000000001,1,10,0,819,1219
62,10,24,LinearSubgradientAuction,0.1,0.08,,True,,1000,10800,cats_path_g10b50,,False,CATS,50,paths,MultiMinded,211,Balance,64.10000000000582,5.874828,8,1.13322,0.74950450000000002,5.874828,5.3964106767493902,4.7968070767493884,5.2828428505938154,1,10,2,504,754
63,10,26,LinearSubgradientAuction,0.1,0.08,,True,,1000,10800,cats_path_g10b50,,False,CATS,50,paths,MultiMinded,1000,MaxIter,327.52999999999884,10.817572,9,1.05624,0.85327799999999998,5.0590150000000005,4.8642970667502032,3.8886321595531874,9.8454948489357932,1,10,10,546,816
64,10,15,LinearSubgradientAuction,0.1,0.08,,True,,1000,10800,cats_path_g10b50,,False,CATS,50,paths,MultiMinded,63,Balance,11.89999999999418,4.3252115,8,1.18924,0.88682499999999997,4.325211500000001,3.7589796224152892,3.1252128960437657,3.7333984437740764,1,10,7,315,475
65,10,35,LinearSubgradientAuction,0.1,0.08,,True,,1000,10800,cats_path_g10b50,,False,CATS,50,paths,MultiMinded,1000,MaxIter,433.820000000007,9.498291,9,1.37422,0.81186400000000003,6.960061000000001,6.4987365114538207,4.6412442663017099,7.6407987548478893,1,10,2,735,1095
66,10,22,LinearSubgradientAuction,0.1,0.08,,True,,1000,10800,cats_path_g10b50,,False,CATS,50,paths,MultiMinded,1000,MaxIter,274.54000000000815,6.527464,5,1.20805,0.92267349999999992,3.032634,5.6726067258751138,1.3254186033465609,2.1804423865349487,1,10,4,462,692
67,10,31,LinearSubgradientAuction,0.1,0.08,,True,,1000,10800,cats_path_g10b50,,False,CATS,50,paths,MultiMinded,68,Balance,26.110000000015134,4.99912,8,0.980804,0.62215900000000002,4.99912,4.7453618609232464,4.2476346609232465,4.5239358768821205,1,10,3,651,971
68,10,21,LinearSubgradientAuction,0.1,0.08,,True,,1000,10800,cats_path_g10b50,,False,CATS,50,paths,MultiMinded,1000,MaxIter,264.5899999999965,4.354444,6,1.10844,0.58718800000000004,3.7672560000000006,4.0679492320249704,2.6020095284464815,2.899720326432857,1,10,7,441,661
69,10,31,LinearSubgradientAuction,0.1,0.08,,True,,1000,10800,cats_path_g10b50,,False,CATS,50,paths,MultiMinded,280,Balance,110.07000000000698,4.638021,8,0.932286,0.72681200000000001,4.638021,4.4069252648651585,3.8254756648651593,4.0578863741670501,1,10,3,651,971
70,10,32,LinearSubgradientAuction,0.1,0.08,,True,,1000,10800,cats_path_g10b50,,False,CATS,50,paths,MultiMinded,88,Balance,35.19999999998254,5.529561,10,0.883645,0.71283099999999999,5.528168000000001,5.076301572003735,4.3634705720037346,4.8204150820195242,1,10,1,672,1002
71,10,29,LinearSubgradientAuction,0.1,0.08,,True,,1000,10800,cats_path_g10b50,,False,CATS,50,paths,MultiMinded,47,Balance,16.679999999993015,3.8155849999999996,8,0.722118,0.584781,3.8155849999999996,3.5290666160812796,3.0612418160812802,3.3910520858475506,1,10,5,609,909
72,10,23,LinearSubgradientAuction,0.1,0.08,,True,,1000,10800,cats_path_g10b50,,False,CATS,50,paths,MultiMinded,54,Balance,15.410000000003492,4.337076,9,1.09941,0.63108900000000001,4.337076,4.0123155600938505,3.4569572400938497,3.8482479860132681,1,10,4,483,723
73,10,23,LinearSubgradientAuction,0.1,0.08,,True,,1000,10800,cats_path_g10b50,,False,CATS,50,paths,MultiMinded,1000,MaxIter,290.5,4.733565,6,1.17805,0.79788950000000003,3.8040160000000003,4.5826372338636521,2.8645245241768871,3.0169878852016008,1,10,6,483,723
74,10,28,LinearSubgradientAuction,0.1,0.08,,True,,1000,10800,cats_path_g10b50,,False,CATS,50,paths,MultiMinded,33,Balance,11.599999999976717,4.250006,8,0.944433,0.60220899999999999,4.250006,4.0828905113210361,3.6011233113210355,3.7787287430786582,1,10,3,588,878
75,10,23,LinearSubgradientAuction,0.1,0.08,,True,,1000,10800,cats_path_g10b50,,False,CATS,50,paths,MultiMinded,70,Balance,20.260000000009313,4.765222,7,0.954458,0.87700599999999995,4.765222,4.5129839700807706,3.899079770080772,4.1776960306620712,1,10,7,483,723
76,10,29,LinearSubgradientAuction,0.1,0.08,,True,,1000,10800,cats_path_g10b50,,False,CATS,50,paths,MultiMinded,23,Balance,7.720000000001164,6.904471,9,1.28641,1.1137699999999999,6.904471,5.5864142530240137,4.6953982530240115,6.0785851167017011,1,9,10,580,851
77,10,20,LinearSubgradientAuction,0.1,0.08,,True,,1000,10800,cats_path_g10b50,,False,CATS,50,paths,MultiMinded,163,Balance,41.09999999997672,3.7830920000000003,7,0.987819,0.58873500000000001,3.783092,3.5566023137382885,3.144487813738289,3.4375216693253687,1,10,7,420,630
78,10,31,LinearSubgradientAuction,0.1,0.08,,True,,1000,10800,cats_path_g10b50,,False,CATS,50,paths,MultiMinded,34,Balance,13.059999999997672,6.355665,9,1.59706,0.92678550000000004,6.355665,6.1530147513834752,5.3189078013834763,5.5215745381868837,1,10,2,651,971
79,10,26,LinearSubgradientAuction,0.1,0.08,,True,,1000,10800,cats_path_g10b50,,False,CATS,50,paths,MultiMinded,180,Balance,58.51000000000931,6.17396,9,1.51269,0.757185,6.17396,5.5887201341882218,4.9072536341882236,5.5676847659016833,1,10,5,546,816
80,10,28,LinearSubgradientAuction,0.1,0.08,,True,,1000,10800,cats_path_g10b50,,False,CATS,50,paths,MultiMinded,37,Balance,12.839999999996508,6.124957,9,1.1598,0.90218600000000004,6.124957,5.7265033033761412,4.9145359033761409,5.3151996101932832,1,10,1,588,878
81,10,27,LinearSubgradientAuction,0.1,0.08,,True,,1000,10800,cats_path_g10b50,,False,CATS,50,paths,MultiMinded,94,Balance,31.45000000001164,6.033706,7,1.09603,0.84438299999999999,6.020901,5.3225263965361869,4.7314582965361858,5.52037612947586,1,10,6,567,847
82,10,40,LinearSubgradientAuction,0.1,0.08,,True,,1000,10800,cats_path_g10b50,,False,CATS,50,paths,MultiMinded,40,Balance,20.25,7.125598999999999,10,1.12357,0.66202150000000004,7.085456000000001,6.491570494307993,5.8295489943079941,6.481517084647928,1,10,1,840,1250
83,10,29,LinearSubgradientAuction,0.1,0.08,,True,,1000,10800,cats_path_g10b50,,False,CATS,50,paths,MultiMinded,47,Balance,16.919999999983702,4.406853099999999,9,0.788029,0.64298299999999997,4.3590111,4.1560117977508311,3.5944431388403748,3.8548183801067304,1,10,2,609,909
84,10,23,LinearSubgradientAuction,0.1,0.08,,True,,1000,10800,cats_path_g10b50,,False,CATS,50,paths,MultiMinded,1000,MaxIter,271.52999999999884,4.1736754000000005,9,0.851051,0.68298999999999999,3.3226244000000005,2.9629365669934145,2.4302043669934141,3.6456538271202752,1,9,4,460,677
85,10,26,LinearSubgradientAuction,0.1,0.08,,True,,1000,10800,cats_path_g10b50,,False,CATS,50,paths,MultiMinded,103,Balance,33.61999999999534,6.722310500000001,10,1.11978,0.81925350000000008,6.722310500000001,6.2814888851634905,5.4622353851634902,5.9038223152051303,1,10,3,546,816
86,10,25,LinearSubgradientAuction,0.1,0.08,,True,,1000,10800,cats_path_g10b50,,False,CATS,50,paths,MultiMinded,1000,MaxIter,314.5599999999977,6.8755869999999994,8,1.01302,0.62419199999999997,3.8600990000000004,3.7093075644635105,2.6462067181205842,5.814065459434536,1,10,4,525,785
87,10,19,LinearSubgradientAuction,0.1,0.08,,True,,1000,10800,cats_path_g10b50,,False,CATS,50,paths,MultiMinded,1000,MaxIter,225.76999999998952,7.4913935,10,0.90213,0.84762199999999999,3.8963675,3.0721971824427645,2.4247758101527017,6.8482648648663265,1,9,8,380,561
88,10,24,LinearSubgradientAuction,0.1,0.08,,True,,1000,10800,cats_path_g10b50,,False,CATS,50,paths,MultiMinded,49,Balance,14.580000000016298,6.671337600000001,9,1.23763,0.97929250000000001,6.608301000000001,5.7017819529902312,4.8534495268797855,5.8307541974166393,1,10,3,504,754
89,10,30,LinearSubgradientAuction,0.1,0.08,,True,,1000,10800,cats_path_g10b50,,False,CATS,50,paths,MultiMinded,84,Balance,29.45000000001164,4.893484,9,0.957818,0.66029399999999994,4.893484,3.8040141637477753,3.2757789637477743,4.3740456606813396,1,9,7,600,880
90,10,24,LinearSubgradientAuction,0.1,0.08,,True,,1000,10800,cats_path_g10b50,,False,CATS,50,paths,MultiMinded,64,Balance,18.910000000003492,4.9815499999999995,8,1.03037,0.59696149999999992,4.9815499999999995,4.4759007073482628,3.9983315073482619,4.5955035388622107,1,10,7,504,754
91,10,26,LinearSubgradientAuction,0.1,0.08,,True,,1000,10800,cats_path_g10b50,,False,CATS,50,paths,MultiMinded,172,Balance,55.68000000002212,5.608700000000001,9,1.15219,0.65921200000000002,5.606121,4.8807264956326959,4.2874356956326958,5.0176499152385601,1,10,3,546,816
92,10,29,LinearSubgradientAuction,0.1,0.08,,True,,1000,10800,cats_path_g10b50,,False,CATS,50,paths,MultiMinded,227,Balance,81.91000000000349,6.734538,7,1.30249,1.03973,6.734538,6.413425359058361,5.6856143590583619,6.0141838928888562,1,10,4,609,909
93,10,36,LinearSubgradientAuction,0.1,0.08,,True,,1000,10800,cats_path_g10b50,,False,CATS,50,paths,MultiMinded,34,Balance,15.169999999983702,5.941976,7,1.19352,0.81540649999999992,5.940651000000001,5.790537603992866,5.219753053992866,5.3940100977582572,1,10,6,756,1126
94,10,36,LinearSubgradientAuction,0.1,0.08,,True,,1000,10800,cats_path_g10b50,,False,CATS,50,paths,MultiMinded,34,Balance,15.10000000000582,6.659274999999999,10,1.32087,0.72828700000000002,6.659274999999999,6.1830198529440041,5.4547328529440051,5.9317581673521618,1,10,2,756,1126
95,10,20,LinearSubgradientAuction,0.1,0.08,,True,,1000,10800,cats_path_g10b50,,False,CATS,50,paths,MultiMinded,1000,MaxIter,237.45999999999185,5.242984999999999,6,0.986125,0.95783799999999997,4.882101,4.2299663198810427,2.5332342817001203,3.5608203203431739,1,9,8,400,590
96,10,27,LinearSubgradientAuction,0.1,0.08,,True,,1000,10800,cats_path_g10b50,,False,CATS,50,paths,MultiMinded,39,Balance,12.920000000012806,5.968370999999999,9,1.36717,0.912686,5.968370999999999,5.60843953438909,4.7870221343890913,5.1501222568465499,1,10,1,567,847
97,10,40,LinearSubgradientAuction,0.1,0.08,,True,,1000,10800,cats_path_g10b50,,False,CATS,50,paths,MultiMinded,65,Balance,32.55999999999767,5.874736,9,1.39812,0.64802099999999996,5.874736,5.4288866920430481,4.8456677920430486,5.3521367465057192,1,10,1,840,1250
98,10,29,LinearSubgradientAuction,0.1,0.08,,True,,1000,10800,cats_path_g10b50,,False,CATS,50,paths,MultiMinded,140,Balance,50.69000000000233,8.221217,9,1.32075,0.95510399999999995,8.221217,7.2953641275145795,6.4357705275145793,7.3706190527092179,1,10,3,609,909
99,10,24,LinearSubgradientAuction,0.1,0.08,,True,,1000,10800,cats_path_g10b50,,False,CATS,50,paths,MultiMinded,94,Balance,28.20999999999185,4.068553,8,0.837895,0.57574999999999998,4.068553,3.8739124925343171,3.4133124925343172,3.618319881164652,1,10,4,504,754
100,10,26,LinearSubgradientAuction,0.1,0.08,,True,,1000,10800,cats_path_g10b50,,False,CATS,50,paths,MultiMinded,80,Balance,26.160000000003492,5.4685310000000005,9,1.22663,0.78226099999999998,5.4685310000000005,5.018454279246793,4.3144193792467922,4.8058984369720035,1,10,5,546,816
