idx,items,agents,auction_class,epsilon,stepc,epoch,scalebyvalue,reserve_type,maxiter,maxtime,generator_param_name,personalized,int_prices,generator,bids,distribution,type,rounds,status,runtime,efficient_value,final_num_winners,final_max_agent_value,final_scalevalue,final_value,final_total_price,final_revenue,final_indirect_util,final_price_degree,final_price_sparsity,final_imbalance,final_wd_nvars,final_wd_ncons
1,10,41,LinearHeuristicAuction,0.025,0.08,,True,,1000,10800,cats_path_g10b50,,False,CATS,50,paths,MultiMinded,291,Balance,14.479999999981374,5.1295980000000005,10,1.05837,0.48806749999999999,5.121627600000001,4.3081203119353528,4.186103436935352,5.0097961203626227,1,10,1,84,51
2,10,32,LinearHeuristicAuction,0.025,0.08,,True,,1000,10800,cats_path_g10b50,,False,CATS,50,paths,MultiMinded,85,Balance,3.8399999999674037,5.881798,9,0.89658,0.700376,5.881798,4.592401263279017,4.4523260632790187,5.7711329588260085,1,9,8,74,42
3,10,23,LinearHeuristicAuction,0.025,0.08,,True,,1000,10800,cats_path_g10b50,,False,CATS,50,paths,MultiMinded,68,Balance,2.900000000023283,6.1772789999999995,8,1.4872,0.84460199999999996,6.1772789999999995,5.6565130472076541,5.4875926472076539,6.0482530031073569,1,10,8,71,33
4,10,24,LinearHeuristicAuction,0.025,0.08,,True,,1000,10800,cats_path_g10b50,,False,CATS,50,paths,MultiMinded,36,Balance,1.5100000000093132,5.0370452,8,0.92099,0.79058200000000001,5.0370452,3.7520503967935754,3.5939339967935751,4.8948567996750176,1,10,6,70,34
5,10,34,LinearHeuristicAuction,0.025,0.08,,True,,1000,10800,cats_path_g10b50,,False,CATS,50,paths,MultiMinded,55,Balance,2.529999999969732,6.641525,9,1.19553,0.74441100000000004,6.641525,6.4025840988143994,6.235091623814399,6.4793870987264839,1,10,4,79,44
6,10,26,LinearHeuristicAuction,0.025,0.08,,True,,1000,10800,cats_path_g10b50,,False,CATS,50,paths,MultiMinded,81,Balance,3.580000000016298,7.117255999999999,9,1.27499,1.03579,7.117255999999999,6.4436424068327334,6.2105896568327337,6.9144803654886067,1,10,4,70,36
7,10,30,LinearHeuristicAuction,0.025,0.08,,True,,1000,10800,cats_path_g10b50,,False,CATS,50,paths,MultiMinded,62,Balance,2.7600000000093132,5.604355000000001,10,0.860832,0.57241200000000003,5.604355000000001,3.9341828877348481,3.8197004877348482,5.500537563970104,1,10,4,73,40
8,10,29,LinearHeuristicAuction,0.025,0.08,,True,,1000,10800,cats_path_g10b50,,False,CATS,50,paths,MultiMinded,33,Balance,1.470000000030268,4.14936,8,1.21473,0.53942699999999999,4.14936,4.0643644796863656,3.9564790796863645,4.0562037494450722,1,10,5,74,39
9,10,34,LinearHeuristicAuction,0.025,0.08,,True,,1000,10800,cats_path_g10b50,,False,CATS,50,paths,MultiMinded,25,Balance,1.1400000000139698,8.312487,10,1.40383,1.19224,8.308797000000002,7.6838725252850502,7.3858125252850515,8.0334683612291897,1,10,2,79,44
10,10,35,LinearHeuristicAuction,0.025,0.08,,True,,1000,10800,cats_path_g10b50,,False,CATS,50,paths,MultiMinded,30,Balance,1.3900000000139698,5.813495100000001,9,1.32539,0.73520450000000004,5.813495100000001,5.3737219091999089,5.2083008966999085,5.6663044082191254,1,10,1,77,45
11,10,32,LinearHeuristicAuction,0.025,0.08,,True,,1000,10800,cats_path_g10b50,,False,CATS,50,paths,MultiMinded,33,Balance,1.4899999999906868,5.665188000000001,9,0.988013,0.84758449999999996,5.665008,5.2656899943824174,5.074983481882418,5.5347483227828524,1,10,8,77,42
12,10,31,LinearHeuristicAuction,0.025,0.08,,True,,1000,10800,cats_path_g10b50,,False,CATS,50,paths,MultiMinded,37,Balance,1.720000000030268,5.822862,8,1.20008,0.80469999999999997,5.822862,5.0606467372929282,4.899706737292929,5.6833453072915168,1,10,7,75,41
13,10,24,LinearHeuristicAuction,0.025,0.08,,True,,1000,10800,cats_path_g10b50,,False,CATS,50,paths,MultiMinded,82,Balance,3.580000000016298,5.960460200000001,9,1.3072,0.85787999999999998,5.9559802,5.4470421264379176,5.2540191264379175,5.8030109859198458,1,10,9,71,34
14,10,17,LinearHeuristicAuction,0.025,0.08,,True,,1000,10800,cats_path_g10b50,,False,CATS,50,paths,MultiMinded,134,Balance,5.53000000002794,5.653834,7,0.86218,0.82208099999999995,5.653834,4.1814548389020789,4.037590663902078,5.5332649308482056,1,10,8,61,27
15,10,33,LinearHeuristicAuction,0.025,0.08,,True,,1000,10800,cats_path_g10b50,,False,CATS,50,paths,MultiMinded,61,Balance,2.7199999999720603,5.368371,10,1.226,0.410271,5.368371,4.9837945136216373,4.8812267636216369,5.2716626765005703,1,10,5,75,43
16,10,34,LinearHeuristicAuction,0.025,0.08,,True,,1000,10800,cats_path_g10b50,,False,CATS,50,paths,MultiMinded,61,Balance,2.830000000016298,6.969046,10,1.43412,0.68306999999999995,6.969046,5.8316447769695685,5.6624097007775314,6.7998109238079634,1,10,0,78,44
17,10,30,LinearHeuristicAuction,0.025,0.08,,True,,1000,10800,cats_path_g10b50,,False,CATS,50,paths,MultiMinded,34,Balance,1.5,6.379521,9,1.33671,0.75658099999999995,6.379521,5.9065983659883283,5.7363676409883304,6.2092902750000016,1,10,0,73,40
18,10,28,LinearHeuristicAuction,0.025,0.08,,True,,1000,10800,cats_path_g10b50,,False,CATS,50,paths,MultiMinded,38,Balance,1.6700000000419095,3.7659457999999995,10,0.809737,0.424898,3.7659457999999995,3.4062741212613936,3.300049621261393,3.6664896429799811,1,10,1,70,38
19,10,29,LinearHeuristicAuction,0.025,0.08,,True,,1000,10800,cats_path_g10b50,,False,CATS,50,paths,MultiMinded,63,Balance,2.7700000000186265,5.399328000000001,8,0.984412,0.88883350000000005,5.39433,4.894009780630534,4.7162430806305347,5.2465212932893488,1,10,5,75,39
20,10,31,LinearHeuristicAuction,0.025,0.08,,True,,1000,10800,cats_path_g10b50,,False,CATS,50,paths,MultiMinded,26,Balance,1.179999999993015,5.347376,9,1.11574,0.85649200000000003,5.347376,4.0406466845743676,3.8693482845743685,5.1927840182890641,1,9,3,75,41
21,10,33,LinearHeuristicAuction,0.025,0.08,,True,,1000,10800,cats_path_g10b50,,False,CATS,50,paths,MultiMinded,93,Balance,4.340000000025611,6.346977999999999,8,1.04535,0.887351,6.346977999999999,5.3841376098417184,5.2066674098417192,6.1779019057856255,1,10,6,79,43
22,10,29,LinearHeuristicAuction,0.025,0.08,,True,,1000,10800,cats_path_g10b50,,False,CATS,50,paths,MultiMinded,94,Balance,4.380000000004657,3.679525,7,0.81347,0.62753999999999999,3.679525,3.4744345427196688,3.3646150427196688,3.5932707487804234,1,10,11,77,39
23,10,33,LinearHeuristicAuction,0.025,0.08,,True,,1000,10800,cats_path_g10b50,,False,CATS,50,paths,MultiMinded,57,Balance,2.6599999999743886,6.968433999999999,9,1.11046,0.85569899999999999,6.968433999999999,6.0071907618518248,5.8146584868518252,6.7933625707335787,1,10,1,76,43
24,10,26,LinearHeuristicAuction,0.025,0.08,,True,,1000,10800,cats_path_g10b50,,False,CATS,50,paths,MultiMinded,74,Balance,3.1900000000023283,5.079491000000001,8,0.912266,0.59736,5.079491000000001,4.4784262082642732,4.3589542082642732,4.9831216252107602,1,10,7,71,36
25,10,23,LinearHeuristicAuction,0.025,0.08,,True,,1000,10800,cats_path_g10b50,,False,CATS,50,paths,MultiMinded,53,Balance,2.1700000000419095,5.799925999999999,9,0.932562,0.85897900000000005,5.799926,5.4998793151002738,5.3066090401002732,5.6306296796835698,1,10,6,69,33
26,10,22,LinearHeuristicAuction,0.025,0.08,,True,,1000,10800,cats_path_g10b50,,False,CATS,50,paths,MultiMinded,22,Balance,0.9600000000209548,7.226532999999999,9,1.05046,0.94945649999999993,7.226532999999999,3.8794162003771016,3.7132613128771013,7.1020838920969691,1,10,9,69,32
27,10,33,LinearHeuristicAuction,0.025,0.08,,True,,1000,10800,cats_path_g10b50,,False,CATS,50,paths,MultiMinded,63,Balance,3.070000000006985,5.22312,8,1.38199,0.74170000000000003,5.22312,4.85933728797961,4.7109972879796089,5.0947407889597587,1,10,3,78,43
28,10,38,LinearHeuristicAuction,0.025,0.08,,True,,1000,10800,cats_path_g10b50,,False,CATS,50,paths,MultiMinded,50,Balance,2.4500000000116415,7.158904,10,1.38531,1.05223,7.151171,6.6972944611393519,6.4342369611393524,6.8968976568634819,1,10,1,86,48
29,10,22,LinearHeuristicAuction,0.025,0.08,,True,,1000,10800,cats_path_g10b50,,False,CATS,50,paths,MultiMinded,102,Balance,4.25,5.222893,7,1.14292,0.81835199999999997,5.222893,4.8392993063024896,4.6960877063024888,5.1245057578939601,1,10,10,66,32
30,10,26,LinearHeuristicAuction,0.025,0.08,,True,,1000,10800,cats_path_g10b50,,False,CATS,50,paths,MultiMinded,41,Balance,1.7399999999906868,8.367289,12,1.00864,0.79848300000000005,8.367289,4.4770636940406421,4.3173670940406428,8.2227498142637874,1,10,5,66,36
31,10,34,LinearHeuristicAuction,0.025,0.08,,True,,1000,10800,cats_path_g10b50,,False,CATS,50,paths,MultiMinded,125,Balance,5.809999999997672,7.570106999999999,9,1.56629,0.87534100000000004,7.570106999999999,6.9378504781336838,6.7408987531336857,7.4004634869264549,1,10,4,77,44
32,10,22,LinearHeuristicAuction,0.025,0.08,,True,,1000,10800,cats_path_g10b50,,False,CATS,50,paths,MultiMinded,115,Balance,4.900000000023283,5.8430159999999995,7,0.990041,0.83248200000000006,5.8430159999999995,5.0269005530055209,4.8812162030055211,5.7211083404071683,1,10,7,66,32
33,10,23,LinearHeuristicAuction,0.025,0.08,,True,,1000,10800,cats_path_g10b50,,False,CATS,50,paths,MultiMinded,67,Balance,2.7800000000279397,5.328471,8,1.14706,0.74653400000000003,5.328471,4.0361577408152467,3.8868509408152461,5.2238494109375679,1,10,8,67,33
34,10,23,LinearHeuristicAuction,0.025,0.08,,True,,1000,10800,cats_path_g10b50,,False,CATS,50,paths,MultiMinded,59,Balance,2.6600000000325963,4.414205,7,1.07941,0.93713999999999997,4.414205,3.5194447450424415,3.355445245042441,4.2869636029092861,1,10,15,71,33
35,10,25,LinearHeuristicAuction,0.025,0.08,,True,,1000,10800,cats_path_g10b50,,False,CATS,50,paths,MultiMinded,169,Balance,7.569999999948777,6.118125,8,1.03776,0.84872099999999995,6.1089709999999995,5.6115166274163037,5.4417724274163044,5.9742063417082374,1,10,14,73,35
36,10,20,LinearHeuristicAuction,0.025,0.08,,True,,1000,10800,cats_path_g10b50,,False,CATS,50,paths,MultiMinded,37,Balance,1.6900000000023283,2.51735,8,0.765931,0.744537,2.51735,2.2395563048373037,2.0906489048373036,2.4457115305109958,1,10,16,70,30
37,10,33,LinearHeuristicAuction,0.025,0.08,,True,,1000,10800,cats_path_g10b50,,False,CATS,50,paths,MultiMinded,31,Balance,1.4400000000023283,6.394280999999999,9,1.32219,0.90059900000000004,6.394280999999999,5.8570658917760907,5.6544311167760908,6.1975969706589655,1,10,3,79,43
38,10,37,LinearHeuristicAuction,0.025,0.08,,True,,1000,10800,cats_path_g10b50,,False,CATS,50,paths,MultiMinded,109,Balance,5.440000000002328,4.9241600000000005,8,1.27538,0.75259950000000009,4.9241600000000005,4.560372787161052,4.4098528871610521,4.788900636658302,1,10,2,83,47
39,10,36,LinearHeuristicAuction,0.025,0.08,,True,,1000,10800,cats_path_g10b50,,False,CATS,50,paths,MultiMinded,39,Balance,1.8699999999953434,7.180720999999999,10,1.37975,0.95457900000000007,7.180720999999999,6.7606632691789912,6.5220185191789923,6.9472045951169763,1,10,1,79,46
40,10,24,LinearHeuristicAuction,0.025,0.08,,True,,1000,10800,cats_path_g10b50,,False,CATS,50,paths,MultiMinded,50,Balance,2.0499999999883585,7.3709551,10,1.05191,0.99338300000000002,7.3709551,6.6897223561357526,6.441376606135754,7.142213623591954,1,10,5,69,34
41,10,20,LinearHeuristicAuction,0.025,0.08,,True,,1000,10800,cats_path_g10b50,,False,CATS,50,paths,MultiMinded,68,Balance,2.929999999993015,11.936720999999999,10,1.66283,1.30715,11.936720999999999,7.28312340109788,7.0870509010978804,11.778699477650697,1,9,17,68,30
42,10,35,LinearHeuristicAuction,0.025,0.08,,True,,1000,10800,cats_path_g10b50,,False,CATS,50,paths,MultiMinded,54,Balance,2.4500000000116415,5.98905,10,1.26887,0.57787949999999999,5.98905,5.7590357645172841,5.6145658895172827,5.8568102510405984,1,10,1,77,45
43,10,34,LinearHeuristicAuction,0.025,0.08,,True,,1000,10800,cats_path_g10b50,,False,CATS,50,paths,MultiMinded,21,Balance,1.0100000000093132,5.305578,8,1.49562,0.65433600000000003,5.305578,5.0541666680294677,4.9232994680294686,5.1805072816281541,1,10,5,81,44
44,10,24,LinearHeuristicAuction,0.025,0.08,,True,,1000,10800,cats_path_g10b50,,False,CATS,50,paths,MultiMinded,66,Balance,2.7399999999906868,5.406871999999999,9,0.914107,0.79918800000000001,5.406872,4.8105537112606163,4.6307364112606164,5.2464626576630167,1,10,4,69,34
45,10,33,LinearHeuristicAuction,0.025,0.08,,True,,1000,10800,cats_path_g10b50,,False,CATS,50,paths,MultiMinded,71,Balance,3.3800000000046566,4.392568,7,1.04017,0.61580250000000003,4.392568,4.3273855431530741,4.2196201056530738,4.3068466480235754,1,10,4,79,43
46,10,37,LinearHeuristicAuction,0.025,0.08,,True,,1000,10800,cats_path_g10b50,,False,CATS,50,paths,MultiMinded,34,Balance,1.6099999999860302,7.650231000000001,10,1.33928,0.87604700000000002,7.650231000000001,6.9882872584735889,6.7692755084735889,7.4494034930475523,1,10,2,84,47
47,10,26,LinearHeuristicAuction,0.025,0.08,,True,,1000,10800,cats_path_g10b50,,False,CATS,50,paths,MultiMinded,50,Balance,2.2199999999720603,4.863733,8,1.11721,0.68613100000000005,4.863733,4.8092339630308425,4.6720077630308419,4.746614841606565,1,10,5,73,36
48,10,40,LinearHeuristicAuction,0.025,0.08,,True,,1000,10800,cats_path_g10b50,,False,CATS,50,paths,MultiMinded,258,Balance,12.490000000048894,13.668893,15,1.73275,0.850549,13.668893,6.2647014199437923,6.0733278949437928,13.500208164536975,1,10,5,78,50
49,10,25,LinearHeuristicAuction,0.025,0.08,,True,,1000,10800,cats_path_g10b50,,False,CATS,50,paths,MultiMinded,114,Balance,4.919999999983702,4.105134,8,0.775577,0.59589599999999998,4.1034809999999995,3.9823859561911736,3.8632067561911727,3.9979618369944614,1,10,4,70,35
50,10,43,LinearHeuristicAuction,0.025,0.08,,True,,1000,10800,cats_path_g10b50,,False,CATS,50,paths,MultiMinded,63,Balance,3.2399999999906868,7.516903,10,1.3359,0.92906500000000003,7.516903,7.262133560216137,7.029867310216134,7.2909345326513133,1,10,3,88,53
51,10,23,LinearHeuristicAuction,0.025,0.08,,True,,1000,10800,cats_path_g10b50,,False,CATS,50,paths,MultiMinded,37,Balance,1.5399999999790452,3.8581627999999997,8,0.728995,0.60365150000000001,3.8581627999999997,3.5102026663490422,3.3894723663490418,3.762662670243099,1,10,9,70,33
52,10,28,LinearHeuristicAuction,0.025,0.08,,True,,1000,10800,cats_path_g10b50,,False,CATS,50,paths,MultiMinded,31,Balance,1.3599999999860302,6.103176,9,1.01863,0.782582,6.103176,5.5410734853777308,5.3649925353777297,5.9296283397952978,1,10,5,75,38
53,10,26,LinearHeuristicAuction,0.025,0.08,,True,,1000,10800,cats_path_g10b50,,False,CATS,50,paths,MultiMinded,37,Balance,1.529999999969732,9.548895000000002,10,1.84651,1.2191000000000001,9.548895000000002,7.8412958420437562,7.5669983420437568,9.304874572151542,1,9,4,67,36
54,10,30,LinearHeuristicAuction,0.025,0.08,,True,,1000,10800,cats_path_g10b50,,False,CATS,50,paths,MultiMinded,65,Balance,2.89000000001397,3.5444180000000003,9,0.62406,0.46356900000000001,3.5444180000000003,3.2070330076653231,3.1027299826653234,3.4508656960093327,1,10,6,74,40
55,10,24,LinearHeuristicAuction,0.025,0.08,,True,,1000,10800,cats_path_g10b50,,False,CATS,50,paths,MultiMinded,58,Balance,2.4500000000116415,5.614495000000001,8,1.03261,0.81608499999999995,5.614495000000001,5.2541840853972293,5.0909670853972289,5.4549187308699958,1,10,6,70,34
56,10,26,LinearHeuristicAuction,0.025,0.08,,True,,1000,10800,cats_path_g10b50,,False,CATS,50,paths,MultiMinded,59,Balance,2.599999999976717,5.021542,7,1.22335,0.86009449999999998,5.021542,4.9221575387247949,4.7716410012247952,4.891770228449051,1,10,6,72,36
57,10,29,LinearHeuristicAuction,0.025,0.08,,True,,1000,10800,cats_path_g10b50,,False,CATS,50,paths,MultiMinded,51,Balance,2.2599999999511056,5.662903,10,1.20543,0.7060765,5.662903,5.0148469463345346,4.8383278213345351,5.5012031720290766,1,10,5,72,39
58,10,32,LinearHeuristicAuction,0.025,0.08,,True,,1000,10800,cats_path_g10b50,,False,CATS,50,paths,MultiMinded,40,Balance,1.8900000000139698,5.435453000000001,8,1.10141,0.84788050000000004,5.435453000000001,4.992433272427621,4.8228571724276206,5.27319022,1,10,1,79,42
59,10,31,LinearHeuristicAuction,0.025,0.08,,True,,1000,10800,cats_path_g10b50,,False,CATS,50,paths,MultiMinded,69,Balance,3.2000000000116415,7.500881000000001,9,1.37858,1.0170600000000001,7.500881000000001,7.0810197037439329,6.8521812037439327,7.2911409417316557,1,10,1,76,41
60,10,18,LinearHeuristicAuction,0.025,0.08,,True,,1000,10800,cats_path_g10b50,,False,CATS,50,paths,MultiMinded,26,Balance,1.0100000000093132,3.938055,7,1.01239,0.77787200000000001,3.938055,3.0857897633990543,2.9496621633990547,3.8246534364081155,1,10,9,64,28
61,10,39,LinearHeuristicAuction,0.025,0.08,,True,,1000,10800,cats_path_g10b50,,False,CATS,50,paths,MultiMinded,42,Balance,2.0100000000093132,6.514431,10,1.15445,0.68256899999999998,6.506976999999999,5.7327147269928176,5.5620724769928165,6.3561648497286365,1,10,2,81,49
62,10,24,LinearHeuristicAuction,0.025,0.08,,True,,1000,10800,cats_path_g10b50,,False,CATS,50,paths,MultiMinded,243,Balance,10.940000000002328,5.874828,9,1.13322,0.74950450000000002,5.8633588,5.3880843630549,5.2194458505549006,5.7167468047987571,1,10,6,69,34
63,10,26,LinearHeuristicAuction,0.025,0.08,,True,,1000,10800,cats_path_g10b50,,False,CATS,50,paths,MultiMinded,109,Balance,4.509999999951106,10.817572,15,1.05624,0.85327799999999998,10.817572,4.6340409076055087,4.4420533576055075,10.653778589617502,1,10,8,66,36
64,10,15,LinearHeuristicAuction,0.025,0.08,,True,,1000,10800,cats_path_g10b50,,False,CATS,50,paths,MultiMinded,29,Balance,1.2800000000279397,4.3252115,8,1.18924,0.88682499999999997,4.325211500000001,3.7666341399469232,3.5892691399469232,4.2212886532854768,1,10,14,66,25
65,10,35,LinearHeuristicAuction,0.025,0.08,,True,,1000,10800,cats_path_g10b50,,False,CATS,50,paths,MultiMinded,67,Balance,3.1300000000046566,9.498291,10,1.37422,0.81186400000000003,9.498102000000001,6.4205517245798998,6.2397036894801721,9.3437867416377394,1,10,4,75,45
66,10,22,LinearHeuristicAuction,0.025,0.08,,True,,1000,10800,cats_path_g10b50,,False,CATS,50,paths,MultiMinded,62,Balance,2.610000000044238,6.527464,7,1.20805,0.92267349999999992,6.527464,5.6536520845735678,5.4921842220735675,6.3868297979536033,1,10,9,70,32
67,10,31,LinearHeuristicAuction,0.025,0.08,,True,,1000,10800,cats_path_g10b50,,False,CATS,50,paths,MultiMinded,67,Balance,3.0399999999790452,4.99912,8,0.980804,0.62215900000000002,4.989660000000001,4.7218234203064267,4.5973916203064258,4.9101740620054191,1,10,10,76,41
68,10,21,LinearHeuristicAuction,0.025,0.08,,True,,1000,10800,cats_path_g10b50,,False,CATS,50,paths,MultiMinded,56,Balance,2.480000000039581,4.354444,7,1.10844,0.58718800000000004,4.354444,4.0166400605183306,3.9138821605183312,4.2608097959882612,1,10,15,71,31
69,10,31,LinearHeuristicAuction,0.025,0.08,,True,,1000,10800,cats_path_g10b50,,False,CATS,50,paths,MultiMinded,98,Balance,4.5499999999883585,4.638021,8,0.932286,0.72681200000000001,4.6355070000000005,4.3934730779361528,4.248110677936153,4.5188041448178966,1,10,10,78,41
70,10,32,LinearHeuristicAuction,0.025,0.08,,True,,1000,10800,cats_path_g10b50,,False,CATS,50,paths,MultiMinded,105,Balance,4.789999999979045,5.529561,10,0.883645,0.71283099999999999,5.528168000000001,5.0710898567878457,4.8928821067878454,5.3584839448543011,1,10,3,76,42
71,10,29,LinearHeuristicAuction,0.025,0.08,,True,,1000,10800,cats_path_g10b50,,False,CATS,50,paths,MultiMinded,68,Balance,3.0200000000186265,3.8155849999999996,8,0.722118,0.584781,3.8155849999999996,3.6012627370484984,3.4843065370484982,3.7124368396088268,1,10,5,74,39
72,10,23,LinearHeuristicAuction,0.025,0.08,,True,,1000,10800,cats_path_g10b50,,False,CATS,50,paths,MultiMinded,68,Balance,2.849999999976717,4.337076,9,1.09941,0.63108900000000001,4.337076,4.1234678585936324,3.9814728335936334,4.221147063337563,1,10,4,68,33
73,10,23,LinearHeuristicAuction,0.025,0.08,,True,,1000,10800,cats_path_g10b50,,False,CATS,50,paths,MultiMinded,31,Balance,1.2999999999883585,4.733565,7,1.17805,0.79788950000000003,4.720924999999999,4.6097366594894957,4.4701059969894947,4.6286751327287776,1,10,13,70,33
74,10,28,LinearHeuristicAuction,0.025,0.08,,True,,1000,10800,cats_path_g10b50,,False,CATS,50,paths,MultiMinded,37,Balance,1.6300000000046566,4.250006,8,0.944433,0.60220899999999999,4.250006,4.0704111995364141,3.9499693995364153,4.1403886936522767,1,10,4,74,38
75,10,23,LinearHeuristicAuction,0.025,0.08,,True,,1000,10800,cats_path_g10b50,,False,CATS,50,paths,MultiMinded,77,Balance,3.3400000000256114,4.765222,7,0.954458,0.87700599999999995,4.765222,4.5500787013818051,4.3966026513818051,4.6601353317016114,1,10,4,72,33
76,10,29,LinearHeuristicAuction,0.025,0.08,,True,,1000,10800,cats_path_g10b50,,False,CATS,50,paths,MultiMinded,39,Balance,1.820000000006985,6.904471,9,1.28641,1.1137699999999999,6.904471,5.6485457490528184,5.4257917490528174,6.7613964195130603,1,9,13,80,39
77,10,20,LinearHeuristicAuction,0.025,0.08,,True,,1000,10800,cats_path_g10b50,,False,CATS,50,paths,MultiMinded,397,Balance,18.239999999990687,3.7830920000000003,7,0.987819,0.58873500000000001,3.7830920000000003,3.6425063027352165,3.5394776777352162,3.7035350100621023,1,10,6,68,30
78,10,31,LinearHeuristicAuction,0.025,0.08,,True,,1000,10800,cats_path_g10b50,,False,CATS,50,paths,MultiMinded,64,Balance,3.070000000006985,6.355665,9,1.59706,0.92678550000000004,6.355665,6.1613998621762063,5.9528731246762074,6.1695206547512331,1,10,1,82,41
79,10,26,LinearHeuristicAuction,0.025,0.08,,True,,1000,10800,cats_path_g10b50,,False,CATS,50,paths,MultiMinded,236,Balance,10.049999999988358,6.17396,9,1.51269,0.757185,6.17396,5.7015039610360798,5.5311373360360783,6.0192424002018932,1,10,1,69,36
80,10,28,LinearHeuristicAuction,0.025,0.08,,True,,1000,10800,cats_path_g10b50,,False,CATS,50,paths,MultiMinded,55,Balance,2.4400000000023283,6.124957,9,1.1598,0.90218600000000004,6.124957,5.7392581029772174,5.5362662529772173,5.9391631020976297,1,10,6,73,38
81,10,27,LinearHeuristicAuction,0.025,0.08,,True,,1000,10800,cats_path_g10b50,,False,CATS,50,paths,MultiMinded,113,Balance,5.100000000034925,6.033706,7,1.09603,0.84438299999999999,6.033706,5.4757532270532119,5.3279862020532125,5.9102119842877379,1,10,5,73,37
82,10,40,LinearHeuristicAuction,0.025,0.08,,True,,1000,10800,cats_path_g10b50,,False,CATS,50,paths,MultiMinded,43,Balance,2.0699999999487773,7.125598999999999,10,1.12357,0.66202150000000004,7.125598999999999,6.5156546859262292,6.3501493109262297,6.9600936250000016,1,10,0,84,50
83,10,29,LinearHeuristicAuction,0.025,0.08,,True,,1000,10800,cats_path_g10b50,,False,CATS,50,paths,MultiMinded,28,Balance,1.2400000000488944,4.406853099999999,9,0.788029,0.64298299999999997,4.406853099999999,4.2098749564172291,4.0652037814172282,4.2789220509380872,1,10,2,73,39
84,10,23,LinearHeuristicAuction,0.025,0.08,,True,,1000,10800,cats_path_g10b50,,False,CATS,50,paths,MultiMinded,43,Balance,1.779999999969732,4.1736754000000005,9,0.851051,0.68298999999999999,4.1736754000000005,2.9198874522894682,2.7692791909556411,4.0428602179058206,1,10,5,64,33
85,10,26,LinearHeuristicAuction,0.025,0.08,,True,,1000,10800,cats_path_g10b50,,False,CATS,50,paths,MultiMinded,105,Balance,4.470000000030268,6.722310500000001,10,1.11978,0.81925350000000008,6.722310500000001,6.2622153292414939,6.0574019542414952,6.5396664359242385,1,10,4,69,36
86,10,25,LinearHeuristicAuction,0.025,0.08,,True,,1000,10800,cats_path_g10b50,,False,CATS,50,paths,MultiMinded,126,Balance,5.589999999967404,6.8755869999999994,10,1.01302,0.62419199999999997,6.8755869999999994,3.5912484652407759,3.4664100652407752,6.7650968441938275,1,10,5,69,35
87,10,19,LinearHeuristicAuction,0.025,0.08,,True,,1000,10800,cats_path_g10b50,,False,CATS,50,paths,MultiMinded,85,Balance,3.75,7.4913935,12,0.90213,0.84762199999999999,7.491393499999999,3.0980378647547009,2.9170673903720994,7.3338378479795736,1,9,6,66,29
88,10,24,LinearHeuristicAuction,0.025,0.08,,True,,1000,10800,cats_path_g10b50,,False,CATS,50,paths,MultiMinded,59,Balance,2.5499999999883585,6.671337600000001,9,1.23763,0.97929250000000001,6.671337600000001,5.6515225772546733,5.4311817647546734,6.485361625231473,1,10,5,70,34
89,10,30,LinearHeuristicAuction,0.025,0.08,,True,,1000,10800,cats_path_g10b50,,False,CATS,50,paths,MultiMinded,88,Balance,3.9400000000023283,4.893484,9,0.957818,0.66029399999999994,4.891447,3.8257464729900361,3.6936876729900372,4.782408033504395,1,9,3,77,40
90,10,24,LinearHeuristicAuction,0.025,0.08,,True,,1000,10800,cats_path_g10b50,,False,CATS,50,paths,MultiMinded,85,Balance,3.5799999999580905,4.9815499999999995,8,1.03037,0.59696149999999992,4.9815499999999995,4.6664614761204586,4.5470691761204582,4.8782859470574627,1,10,3,71,34
91,10,26,LinearHeuristicAuction,0.025,0.08,,True,,1000,10800,cats_path_g10b50,,False,CATS,50,paths,MultiMinded,202,Balance,9.019999999960419,5.608700000000001,9,1.15219,0.65921200000000002,5.608700000000001,4.8537701672444538,4.7054474672444542,5.4608272645285441,1,10,1,72,36
92,10,29,LinearHeuristicAuction,0.025,0.08,,True,,1000,10800,cats_path_g10b50,,False,CATS,50,paths,MultiMinded,30,Balance,1.320000000006985,6.734538,7,1.30249,1.03973,6.734538,6.3878141875944578,6.2058614375944581,6.6020308834200971,1,10,8,76,39
93,10,36,LinearHeuristicAuction,0.025,0.08,,True,,1000,10800,cats_path_g10b50,,False,CATS,50,paths,MultiMinded,30,Balance,1.4199999999837019,5.941976,7,1.19352,0.81540649999999992,5.927713,5.7755012905862007,5.6328051530862,5.824789000307419,1,10,5,82,46
94,10,36,LinearHeuristicAuction,0.025,0.08,,True,,1000,10800,cats_path_g10b50,,False,CATS,50,paths,MultiMinded,44,Balance,2.0900000000256114,6.659274999999999,10,1.32087,0.72828700000000002,6.659274999999999,6.2281798137269018,6.0461080637269005,6.4875396829987757,1,10,1,81,46
95,10,20,LinearHeuristicAuction,0.025,0.08,,True,,1000,10800,cats_path_g10b50,,False,CATS,50,paths,MultiMinded,24,Balance,1.0200000000186265,5.242984999999999,7,0.986125,0.95783799999999997,5.234794999999999,4.2597750416972344,4.0943022399197782,5.105710614651283,1,10,6,69,30
96,10,27,LinearHeuristicAuction,0.025,0.08,,True,,1000,10800,cats_path_g10b50,,False,CATS,50,paths,MultiMinded,34,Balance,1.4600000000209548,5.968370999999999,9,1.36717,0.912686,5.968370999999999,5.6077844634352738,5.4024301134352735,5.7866343407930367,1,10,4,73,37
97,10,40,LinearHeuristicAuction,0.025,0.08,,True,,1000,10800,cats_path_g10b50,,False,CATS,50,paths,MultiMinded,89,Balance,4.460000000020955,5.874736,9,1.39812,0.64802099999999996,5.857828,5.4339050802124547,5.2881003552124541,5.7332233633524021,1,10,5,85,50
98,10,29,LinearHeuristicAuction,0.025,0.08,,True,,1000,10800,cats_path_g10b50,,False,CATS,50,paths,MultiMinded,160,Balance,7.46999999997206,8.221217,9,1.32075,0.95510399999999995,8.202357,7.2647197871749327,7.0498213871749345,8.0327953544079058,1,10,9,73,39
99,10,24,LinearHeuristicAuction,0.025,0.08,,True,,1000,10800,cats_path_g10b50,,False,CATS,50,paths,MultiMinded,71,Balance,2.929999999993015,4.068553,8,0.837895,0.57574999999999998,4.068553,3.8776369085148725,3.7624869085148727,3.9648025929897499,1,10,3,70,34
100,10,26,LinearHeuristicAuction,0.025,0.08,,True,,1000,10800,cats_path_g10b50,,False,CATS,50,paths,MultiMinded,108,Balance,4.7000000000116415,5.4685310000000005,9,1.22663,0.78226099999999998,5.463355000000001,5.1305644582045549,4.9545557332045567,5.2928913159763473,1,10,1,72,36
