idx,items,agents,auction_class,epsilon,stepc,epoch,scalebyvalue,reserve_type,maxiter,maxtime,generator_param_name,personalized,int_prices,generator,bids,distribution,type,rounds,status,runtime,efficient_value,final_num_winners,final_max_agent_value,final_scalevalue,final_value,final_total_price,final_revenue,final_indirect_util,final_price_degree,final_price_sparsity,final_imbalance,final_wd_nvars,final_wd_ncons
1,10,41,LinearSubgradientAuction,0.05,0.01,,True,,1000,10800,cats_path_g10b50,,False,CATS,50,paths,MultiMinded,1000,MaxIter,485.1900000000023,5.1295980000000005,10,1.05837,0.48806749999999999,4.759539,3.3508955161669083,2.8417183013261509,5.3968535604525805,1,9,4,820,1199
2,10,32,LinearSubgradientAuction,0.05,0.01,,True,,1000,10800,cats_path_g10b50,,False,CATS,50,paths,MultiMinded,1000,MaxIter,380.09000000001106,5.881798,8,0.89658,0.700376,4.146522,4.06540707454384,2.4942429276776568,4.5552354302415683,1,9,9,640,938
3,10,23,LinearSubgradientAuction,0.05,0.01,,True,,1000,10800,cats_path_g10b50,,False,CATS,50,paths,MultiMinded,1000,MaxIter,286.59999999999127,6.1772789999999995,8,1.4872,0.84460199999999996,6.1772789999999995,5.0259322210830755,4.688091421083076,6.1324667835236735,1,10,4,483,723
4,10,24,LinearSubgradientAuction,0.05,0.01,,True,,1000,10800,cats_path_g10b50,,False,CATS,50,paths,MultiMinded,1000,MaxIter,293.77999999999884,5.0370452,7,0.92099,0.79058200000000001,4.1160552,3.6763699941539856,2.3245134696975476,3.685239350695789,1,10,6,504,754
5,10,34,LinearSubgradientAuction,0.05,0.01,,True,,1000,10800,cats_path_g10b50,,False,CATS,50,paths,MultiMinded,1000,MaxIter,429.0200000000041,6.641525,9,1.19553,0.74441100000000004,5.678814,6.0172602493414402,4.8917920530225318,5.8705223002046534,1,10,7,714,1064
6,10,26,LinearSubgradientAuction,0.05,0.01,,True,,1000,10800,cats_path_g10b50,,False,CATS,50,paths,MultiMinded,1000,MaxIter,324.02999999999884,7.117255999999999,7,1.27499,1.03579,4.83355,5.200287857369509,1.74875497113127,4.4713270118940498,1,10,16,546,816
7,10,30,LinearSubgradientAuction,0.05,0.01,,True,,1000,10800,cats_path_g10b50,,False,CATS,50,paths,MultiMinded,1000,MaxIter,372.8100000000122,5.604355000000001,7,0.860832,0.57241200000000003,3.1112379999999997,3.580692130870343,1.8692961154546848,4.0681342788010095,1,10,11,630,940
8,10,29,LinearSubgradientAuction,0.05,0.01,,True,,1000,10800,cats_path_g10b50,,False,CATS,50,paths,MultiMinded,1000,MaxIter,360.63000000000466,4.14936,7,1.21473,0.53942699999999999,3.058805,3.9595109537954718,2.7672161754000451,2.9816107796381135,1,10,5,609,909
9,10,34,LinearSubgradientAuction,0.05,0.01,,True,,1000,10800,cats_path_g10b50,,False,CATS,50,paths,MultiMinded,837,Balance,353.93000000000757,8.312487,10,1.40383,1.19224,8.312487,7.5681490482047149,6.9720290482047158,7.7971639173122709,1,10,2,714,1064
10,10,35,LinearSubgradientAuction,0.05,0.01,,True,,1000,10800,cats_path_g10b50,,False,CATS,50,paths,MultiMinded,1000,MaxIter,432.1900000000023,5.813495100000001,9,1.32539,0.73520450000000004,5.752762100000001,5.1880374542405283,4.8571954292405275,5.6445502816221387,1,10,3,735,1095
11,10,32,LinearSubgradientAuction,0.05,0.01,,True,,1000,10800,cats_path_g10b50,,False,CATS,50,paths,MultiMinded,841,Balance,337.13000000000466,5.665188000000001,8,0.988013,0.84758449999999996,5.650163000000001,5.2593480231200758,4.9203142231200747,5.353226664548246,1,10,7,672,1002
12,10,31,LinearSubgradientAuction,0.05,0.01,,True,,1000,10800,cats_path_g10b50,,False,CATS,50,paths,MultiMinded,1000,MaxIter,389.3000000000029,5.822862,8,1.20008,0.80469999999999997,5.822862,4.6753469264436625,4.3534669264436632,5.77425372341051,1,10,2,651,971
13,10,24,LinearSubgradientAuction,0.05,0.01,,True,,1000,10800,cats_path_g10b50,,False,CATS,50,paths,MultiMinded,1000,MaxIter,299.4499999999971,5.960460200000001,7,1.3072,0.85787999999999998,5.012625,4.7922037043228816,2.9975282826724436,4.7374182418768118,1,10,8,504,754
14,10,17,LinearSubgradientAuction,0.05,0.01,,True,,1000,10800,cats_path_g10b50,,False,CATS,50,paths,MultiMinded,1000,MaxIter,215.31999999999243,5.653834,7,0.86218,0.82208099999999995,4.526801,2.4798773794017799,1.3887832542366698,4.9555600131369308,1,10,6,357,537
15,10,33,LinearSubgradientAuction,0.05,0.01,,True,,1000,10800,cats_path_g10b50,,False,CATS,50,paths,MultiMinded,1000,MaxIter,410.4100000000035,5.368371,10,1.226,0.410271,4.815174,4.0883228911835161,3.4544372880464636,6.4014220743871846,1,10,9,693,1033
16,10,34,LinearSubgradientAuction,0.05,0.01,,True,,1000,10800,cats_path_g10b50,,False,CATS,50,paths,MultiMinded,1000,MaxIter,399.8500000000058,6.969046,10,1.43412,0.68306999999999995,6.8636289999999995,5.222692990626868,4.9153114906268671,7.2229004612850494,1,9,3,680,996
17,10,30,LinearSubgradientAuction,0.05,0.01,,True,,1000,10800,cats_path_g10b50,,False,CATS,50,paths,MultiMinded,1000,MaxIter,373.5,6.379521,9,1.33671,0.75658099999999995,6.339200999999999,5.4822020195676942,5.1417405695676939,6.4810392214715238,1,10,3,630,940
18,10,28,LinearSubgradientAuction,0.05,0.01,,True,,1000,10800,cats_path_g10b50,,False,CATS,50,paths,MultiMinded,1000,MaxIter,347.8399999999965,3.7659457999999995,10,0.809737,0.424898,3.6925779999999997,3.2334691545722491,2.9689946845883273,3.6410935187964624,1,10,5,588,878
19,10,29,LinearSubgradientAuction,0.05,0.01,,True,,1000,10800,cats_path_g10b50,,False,CATS,50,paths,MultiMinded,1000,MaxIter,366.7100000000064,5.399328000000001,6,0.984412,0.88883350000000005,4.1194120000000005,4.7149187860573747,2.3152485019049194,3.0421654739544515,1,10,9,609,909
20,10,31,LinearSubgradientAuction,0.05,0.01,,True,,1000,10800,cats_path_g10b50,,False,CATS,50,paths,MultiMinded,992,Balance,358.0599999999977,5.347376,9,1.11574,0.85649200000000003,5.347376,3.9883692261500787,3.6457724261500792,5.0358955908658327,1,9,6,620,909
21,10,33,LinearSubgradientAuction,0.05,0.01,,True,,1000,10800,cats_path_g10b50,,False,CATS,50,paths,MultiMinded,1000,MaxIter,415.2399999999907,6.346977999999999,7,1.04535,0.887351,5.031109000000001,4.7100837802422468,2.832773618533682,4.7500314415666027,1,10,8,693,1033
22,10,29,LinearSubgradientAuction,0.05,0.01,,True,,1000,10800,cats_path_g10b50,,False,CATS,50,paths,MultiMinded,1000,MaxIter,364.7600000000093,3.679525,6,0.81347,0.62753999999999999,2.769698,2.9690960971422564,1.9070285902398565,2.899639189240613,1,10,5,609,909
23,10,33,LinearSubgradientAuction,0.05,0.01,,True,,1000,10800,cats_path_g10b50,,False,CATS,50,paths,MultiMinded,1000,MaxIter,394.0100000000093,6.968433999999999,9,1.11046,0.85569899999999999,6.7449639999999995,5.5329319040955278,4.9520339849622177,6.9180552069993997,1,10,5,693,1033
24,10,26,LinearSubgradientAuction,0.05,0.01,,True,,1000,10800,cats_path_g10b50,,False,CATS,50,paths,MultiMinded,1000,MaxIter,327.3000000000029,5.079491000000001,7,0.912266,0.59736,3.805512,3.8265769919454193,2.6162422224101554,4.4671116483849849,1,10,11,546,816
25,10,23,LinearSubgradientAuction,0.05,0.01,,True,,1000,10800,cats_path_g10b50,,False,CATS,50,paths,MultiMinded,1000,MaxIter,284.5799999999872,5.799925999999999,9,0.932562,0.85897900000000005,5.00082,4.6043579289928109,3.3852939783959677,5.3426369459542862,1,10,6,483,723
26,10,22,LinearSubgradientAuction,0.05,0.01,,True,,1000,10800,cats_path_g10b50,,False,CATS,50,paths,MultiMinded,1000,MaxIter,274.5,7.226532999999999,6,1.05046,0.94945649999999993,2.5635030000000003,3.5014032161073723,2.1519013408168979,5.8787700583195477,1,10,10,462,692
27,10,33,LinearSubgradientAuction,0.05,0.01,,True,,1000,10800,cats_path_g10b50,,False,CATS,50,paths,MultiMinded,1000,MaxIter,415.6900000000023,5.22312,7,1.38199,0.74170000000000003,4.136955,4.6212918466656081,3.2808435676042564,4.1049785173451641,1,10,6,693,1033
28,10,38,LinearSubgradientAuction,0.05,0.01,,True,,1000,10800,cats_path_g10b50,,False,CATS,50,paths,MultiMinded,1000,MaxIter,481.5899999999965,7.158904,9,1.38531,1.05223,6.422575,6.5999032153371679,5.4178946980434972,6.0488998017745024,1,10,3,798,1188
29,10,22,LinearSubgradientAuction,0.05,0.01,,True,,1000,10800,cats_path_g10b50,,False,CATS,50,paths,MultiMinded,1000,MaxIter,274.7899999999936,5.222893,7,1.14292,0.81835199999999997,4.500511,3.843040563347059,2.0216567786441555,4.2303606965525171,1,10,6,462,692
30,10,26,LinearSubgradientAuction,0.05,0.01,,True,,1000,10800,cats_path_g10b50,,False,CATS,50,paths,MultiMinded,1000,MaxIter,328.52999999999884,8.367289,7,1.00864,0.79848300000000005,4.57805,4.3508798344623854,3.0113846937717357,7.219914820442348,1,10,10,546,816
31,10,34,LinearSubgradientAuction,0.05,0.01,,True,,1000,10800,cats_path_g10b50,,False,CATS,50,paths,MultiMinded,1000,MaxIter,431.8000000000029,7.570106999999999,9,1.56629,0.87534100000000004,6.643089999999999,5.9655010874184677,4.7393382882122426,7.1989071839710732,1,10,4,714,1064
32,10,22,LinearSubgradientAuction,0.05,0.01,,True,,1000,10800,cats_path_g10b50,,False,CATS,50,paths,MultiMinded,1000,MaxIter,276.27999999999884,5.8430159999999995,6,0.990041,0.83248200000000006,4.54484,4.5466648049512974,2.5748858441715292,4.0648587586829121,1,10,8,462,692
33,10,23,LinearSubgradientAuction,0.05,0.01,,True,,1000,10800,cats_path_g10b50,,False,CATS,50,paths,MultiMinded,1000,MaxIter,287.1399999999994,5.328471,7,1.14706,0.74653400000000003,3.7785390000000003,3.5423155244278406,2.2056986517784147,4.1838725747267818,1,10,4,483,723
34,10,23,LinearSubgradientAuction,0.05,0.01,,True,,1000,10800,cats_path_g10b50,,False,CATS,50,paths,MultiMinded,1000,MaxIter,287.7899999999936,4.414205,6,1.07941,0.93713999999999997,3.193609,3.4798990567085042,1.6141602239424262,2.569762426228527,1,10,2,483,723
35,10,25,LinearSubgradientAuction,0.05,0.01,,True,,1000,10800,cats_path_g10b50,,False,CATS,50,paths,MultiMinded,1000,MaxIter,313.72000000000116,6.118125,7,1.03776,0.84872099999999995,5.740156,4.830118664049543,4.0773954616628592,5.8240778913362332,1,10,8,525,785
36,10,20,LinearSubgradientAuction,0.05,0.01,,True,,1000,10800,cats_path_g10b50,,False,CATS,50,paths,MultiMinded,346,Balance,81.63999999999942,2.51735,9,0.765931,0.744537,2.51735,2.1362359834473819,1.8755979046195255,2.3306051764004367,1,9,3,400,590
37,10,33,LinearSubgradientAuction,0.05,0.01,,True,,1000,10800,cats_path_g10b50,,False,CATS,50,paths,MultiMinded,1000,MaxIter,413.6299999999901,6.394280999999999,9,1.32219,0.90059900000000004,6.252431,5.6428224609654549,5.2375529109654551,6.1065263622812296,1,10,2,693,1033
38,10,37,LinearSubgradientAuction,0.05,0.01,,True,,1000,10800,cats_path_g10b50,,False,CATS,50,paths,MultiMinded,1000,MaxIter,466.04999999998836,4.9241600000000005,9,1.27538,0.75259950000000009,4.651465,4.3720283788700423,3.6856726664461479,4.4073873796915244,1,10,3,777,1157
39,10,36,LinearSubgradientAuction,0.05,0.01,,True,,1000,10800,cats_path_g10b50,,False,CATS,50,paths,MultiMinded,1000,MaxIter,451.0199999999895,7.180720999999999,9,1.37975,0.95457900000000007,6.766033999999999,6.3639611779631036,5.6072195384749888,6.5666791441637598,1,10,3,756,1126
40,10,24,LinearSubgradientAuction,0.05,0.01,,True,,1000,10800,cats_path_g10b50,,False,CATS,50,paths,MultiMinded,1000,MaxIter,297.7700000000041,7.3709551,10,1.05191,0.99338300000000002,6.6565311,5.9440413965482115,4.8272912382111688,6.7994392851367582,1,10,6,504,754
41,10,20,LinearSubgradientAuction,0.05,0.01,,True,,1000,10800,cats_path_g10b50,,False,CATS,50,paths,MultiMinded,1000,MaxIter,253.6299999999901,11.936720999999999,8,1.66283,1.30715,3.858937,6.4972812088022867,2.7304369252221035,8.7899925069350964,1,10,15,420,630
42,10,35,LinearSubgradientAuction,0.05,0.01,,True,,1000,10800,cats_path_g10b50,,False,CATS,50,paths,MultiMinded,1000,MaxIter,435.5599999999977,5.98905,9,1.26887,0.57787949999999999,5.036561000000001,4.8282385035729583,4.0934668572858026,6.3998687775581837,1,10,11,735,1095
43,10,34,LinearSubgradientAuction,0.05,0.01,,True,,1000,10800,cats_path_g10b50,,False,CATS,50,paths,MultiMinded,664,Balance,281.18000000000757,5.305578,8,1.49562,0.65433600000000003,5.305578,4.9999147204669674,4.7381803204669666,5.0440502403618135,1,10,3,714,1064
44,10,24,LinearSubgradientAuction,0.05,0.01,,True,,1000,10800,cats_path_g10b50,,False,CATS,50,paths,MultiMinded,1000,MaxIter,299.1999999999971,5.406871999999999,7,0.914107,0.79918800000000001,4.393711,4.2562342839069194,2.3477378014814465,3.8074721244514946,1,10,11,504,754
45,10,33,LinearSubgradientAuction,0.05,0.01,,True,,1000,10800,cats_path_g10b50,,False,CATS,50,paths,MultiMinded,1000,MaxIter,413.070000000007,4.392568,8,1.04017,0.61580250000000003,4.048432,3.8435341210717024,3.3301939400285807,4.2413283327652902,1,10,2,693,1033
46,10,37,LinearSubgradientAuction,0.05,0.01,,True,,1000,10800,cats_path_g10b50,,False,CATS,50,paths,MultiMinded,1000,MaxIter,474.7399999999907,7.650231000000001,10,1.33928,0.87604700000000002,7.650231000000001,6.6489426431819236,6.2109191431819237,7.7601858469693967,1,10,2,777,1157
47,10,26,LinearSubgradientAuction,0.05,0.01,,True,,1000,10800,cats_path_g10b50,,False,CATS,50,paths,MultiMinded,1000,MaxIter,325.3500000000058,4.863733,6,1.11721,0.68613100000000005,4.328293,4.1422257695646643,2.9425941728211038,4.0706226347453018,1,10,9,546,816
48,10,40,LinearSubgradientAuction,0.05,0.01,,True,,1000,10800,cats_path_g10b50,,False,CATS,50,paths,MultiMinded,1000,MaxIter,508.27999999999884,13.668893,9,1.73275,0.850549,5.382038,4.5920359386671281,3.3466394586049897,13.003457140064045,1,10,10,840,1250
49,10,25,LinearSubgradientAuction,0.05,0.01,,True,,1000,10800,cats_path_g10b50,,False,CATS,50,paths,MultiMinded,1000,MaxIter,316.16999999999825,4.105134,8,0.775577,0.59589599999999998,3.740192,3.621203858481894,2.8602650293149443,3.7416957959741928,1,10,6,525,785
50,10,43,LinearSubgradientAuction,0.05,0.01,,True,,1000,10800,cats_path_g10b50,,False,CATS,50,paths,MultiMinded,1000,MaxIter,551.0200000000041,7.516903,10,1.3359,0.92906500000000003,7.299752000000001,6.9916480382669191,6.1329769859959944,7.1498674432982732,1,10,2,903,1343
51,10,23,LinearSubgradientAuction,0.05,0.01,,True,,1000,10800,cats_path_g10b50,,False,CATS,50,paths,MultiMinded,1000,MaxIter,289.1999999999971,3.8581627999999997,7,0.728995,0.60365150000000001,3.0095497999999994,3.2718221379099885,2.0232883344843602,2.7558020139749106,1,10,9,483,723
52,10,28,LinearSubgradientAuction,0.05,0.01,,True,,1000,10800,cats_path_g10b50,,False,CATS,50,paths,MultiMinded,1000,MaxIter,347.7299999999959,6.103176,8,1.01863,0.782582,4.705737999999999,5.4398283248929102,3.2045092746829376,3.8954671382386703,1,10,9,588,878
53,10,26,LinearSubgradientAuction,0.05,0.01,,True,,1000,10800,cats_path_g10b50,,False,CATS,50,paths,MultiMinded,1000,MaxIter,303.3099999999977,9.548895000000002,8,1.84651,1.2191000000000001,7.350653000000001,7.2596116259999688,4.1771125652729078,6.5459300949525865,1,9,10,520,764
54,10,30,LinearSubgradientAuction,0.05,0.01,,True,,1000,10800,cats_path_g10b50,,False,CATS,50,paths,MultiMinded,1000,MaxIter,351.4899999999907,3.5444180000000003,9,0.62406,0.46356900000000001,3.436186,2.952331424985783,2.7437253749857828,3.4124215294866369,1,10,4,630,940
55,10,24,LinearSubgradientAuction,0.05,0.01,,True,,1000,10800,cats_path_g10b50,,False,CATS,50,paths,MultiMinded,1000,MaxIter,299.3399999999965,5.614495000000001,7,1.03261,0.81608499999999995,4.553611,4.6942856309591576,3.0710423157815416,4.2393901397287692,1,10,9,504,754
56,10,26,LinearSubgradientAuction,0.05,0.01,,True,,1000,10800,cats_path_g10b50,,False,CATS,50,paths,MultiMinded,1000,MaxIter,327.8099999999977,5.021542,6,1.22335,0.86009449999999998,3.3549360000000004,4.8457193873818785,2.9866262597025623,3.2572770631538952,1,10,9,546,816
57,10,29,LinearSubgradientAuction,0.05,0.01,,True,,1000,10800,cats_path_g10b50,,False,CATS,50,paths,MultiMinded,1000,MaxIter,362.2399999999907,5.662903,7,1.20543,0.7060765,4.608816,4.7732552068072938,3.1725730486104911,4.2015655743953406,1,10,7,609,909
58,10,32,LinearSubgradientAuction,0.05,0.01,,True,,1000,10800,cats_path_g10b50,,False,CATS,50,paths,MultiMinded,1000,MaxIter,401.8899999999994,5.435453000000001,7,1.10141,0.84788050000000004,5.117759000000001,4.8068702996752553,4.5101121246752545,5.3014721228762109,1,10,1,672,1002
59,10,31,LinearSubgradientAuction,0.05,0.01,,True,,1000,10800,cats_path_g10b50,,False,CATS,50,paths,MultiMinded,1000,MaxIter,367.0,7.500881000000001,8,1.37858,1.0170600000000001,7.146142,6.2861248913514833,4.7120423214669325,6.5861677117669419,1,10,9,651,971
60,10,18,LinearSubgradientAuction,0.05,0.01,,True,,1000,10800,cats_path_g10b50,,False,CATS,50,paths,MultiMinded,1000,MaxIter,231.0899999999965,3.938055,6,1.01239,0.77787200000000001,3.3282049999999996,2.9790683541933713,1.6940557644500787,2.654086989337392,1,10,6,378,568
61,10,39,LinearSubgradientAuction,0.05,0.01,,True,,1000,10800,cats_path_g10b50,,False,CATS,50,paths,MultiMinded,1000,MaxIter,489.8500000000058,6.514431,10,1.15445,0.68256899999999998,5.629995,5.3931426958393827,4.5355372218604639,6.0094281998939874,1,10,7,819,1219
62,10,24,LinearSubgradientAuction,0.05,0.01,,True,,1000,10800,cats_path_g10b50,,False,CATS,50,paths,MultiMinded,1000,MaxIter,300.4499999999971,5.874828,8,1.13322,0.74950450000000002,5.339516,3.4388748886673466,2.7538697555678686,6.5929125211078317,1,10,5,504,754
63,10,26,LinearSubgradientAuction,0.05,0.01,,True,,1000,10800,cats_path_g10b50,,False,CATS,50,paths,MultiMinded,1000,MaxIter,323.9400000000023,10.817572,8,1.05624,0.85327799999999998,4.867725999999999,3.7987776005644802,3.3582301178983283,10.914810003693216,1,10,16,546,816
64,10,15,LinearSubgradientAuction,0.05,0.01,,True,,1000,10800,cats_path_g10b50,,False,CATS,50,paths,MultiMinded,1000,MaxIter,190.5899999999965,4.3252115,6,1.18924,0.88682499999999997,3.0591425,3.6600712248221452,1.6527917803348813,2.323804622673789,1,10,6,315,475
65,10,35,LinearSubgradientAuction,0.05,0.01,,True,,1000,10800,cats_path_g10b50,,False,CATS,50,paths,MultiMinded,1000,MaxIter,434.1000000000058,9.498291,9,1.37422,0.81186400000000003,6.342298000000001,5.5908054589522047,4.3495003039322659,9.0894565024673959,1,10,6,735,1095
66,10,22,LinearSubgradientAuction,0.05,0.01,,True,,1000,10800,cats_path_g10b50,,False,CATS,50,paths,MultiMinded,1000,MaxIter,269.74000000000524,6.527464,5,1.20805,0.92267349999999992,3.934946,4.6910518292037189,1.8845103637517608,4.3044022090602549,1,10,13,462,692
67,10,31,LinearSubgradientAuction,0.05,0.01,,True,,1000,10800,cats_path_g10b50,,False,CATS,50,paths,MultiMinded,1000,MaxIter,391.54000000000815,4.99912,8,0.980804,0.62215900000000002,4.48639,4.3525290598298536,3.8488236542865941,4.7911714491494015,1,10,3,651,971
68,10,21,LinearSubgradientAuction,0.05,0.01,,True,,1000,10800,cats_path_g10b50,,False,CATS,50,paths,MultiMinded,1000,MaxIter,265.31999999999243,4.354444,5,1.10844,0.58718800000000004,3.589847,3.8645516935370683,1.9780459519350619,2.5071410908502951,1,10,8,441,661
69,10,31,LinearSubgradientAuction,0.05,0.01,,True,,1000,10800,cats_path_g10b50,,False,CATS,50,paths,MultiMinded,1000,MaxIter,391.8500000000058,4.638021,7,0.932286,0.72681200000000001,3.694229,4.0239864007944286,2.8468392564639009,3.8153067002909826,1,10,7,651,971
70,10,32,LinearSubgradientAuction,0.05,0.01,,True,,1000,10800,cats_path_g10b50,,False,CATS,50,paths,MultiMinded,1000,MaxIter,401.3999999999942,5.529561,10,0.883645,0.71283099999999999,5.361983,4.6382498001132788,4.0198217599571686,5.4403774955488391,1,10,3,672,1002
71,10,29,LinearSubgradientAuction,0.05,0.01,,True,,1000,10800,cats_path_g10b50,,False,CATS,50,paths,MultiMinded,1000,MaxIter,352.0,3.8155849999999996,6,0.722118,0.584781,3.1645689999999997,2.9577047150745255,1.8543138248785955,3.0946989096132471,1,10,9,609,909
72,10,23,LinearSubgradientAuction,0.05,0.01,,True,,1000,10800,cats_path_g10b50,,False,CATS,50,paths,MultiMinded,1000,MaxIter,289.3600000000006,4.337076,8,1.09941,0.63108900000000001,3.0827839999999997,3.5581356639150901,2.2981698810139184,3.5115809540347334,1,10,7,483,723
73,10,23,LinearSubgradientAuction,0.05,0.01,,True,,1000,10800,cats_path_g10b50,,False,CATS,50,paths,MultiMinded,1000,MaxIter,291.1200000000099,4.733565,7,1.17805,0.79788950000000003,4.15624,4.4898742721481923,2.5367175739070458,2.789512548993784,1,10,5,483,723
74,10,28,LinearSubgradientAuction,0.05,0.01,,True,,1000,10800,cats_path_g10b50,,False,CATS,50,paths,MultiMinded,1000,MaxIter,350.84999999999127,4.250006,7,0.944433,0.60220899999999999,3.942664,4.0447502646469182,2.8986984978136707,3.2130065632512945,1,10,5,588,878
75,10,23,LinearSubgradientAuction,0.05,0.01,,True,,1000,10800,cats_path_g10b50,,False,CATS,50,paths,MultiMinded,1000,MaxIter,287.14000000001397,4.765222,6,0.954458,0.87700599999999995,3.6662999999999997,4.1145171737165551,2.8818034699204604,4.0257675141876899,1,10,9,483,723
76,10,29,LinearSubgradientAuction,0.05,0.01,,True,,1000,10800,cats_path_g10b50,,False,CATS,50,paths,MultiMinded,501,Balance,170.47999999999593,6.904471,9,1.28641,1.1137699999999999,6.904471,5.5319125552333901,5.0864045552333907,6.5600563104772727,1,9,9,580,851
77,10,20,LinearSubgradientAuction,0.05,0.01,,True,,1000,10800,cats_path_g10b50,,False,CATS,50,paths,MultiMinded,1000,MaxIter,253.41999999999825,3.7830920000000003,7,0.987819,0.58873500000000001,2.795273,3.0477243726204843,1.8836114563100208,2.9028390716628083,1,10,3,420,630
78,10,31,LinearSubgradientAuction,0.05,0.01,,True,,1000,10800,cats_path_g10b50,,False,CATS,50,paths,MultiMinded,1000,MaxIter,388.1100000000006,6.355665,9,1.59706,0.92678550000000004,5.859310000000001,6.0724331376789547,5.1552348311549583,5.4885957999999997,1,10,1,651,971
79,10,26,LinearSubgradientAuction,0.05,0.01,,True,,1000,10800,cats_path_g10b50,,False,CATS,50,paths,MultiMinded,1000,MaxIter,323.61999999999534,6.17396,7,1.51269,0.757185,5.80936,4.215189580304413,3.0696456321162495,5.7892143081601208,1,10,7,546,816
80,10,28,LinearSubgradientAuction,0.05,0.01,,True,,1000,10800,cats_path_g10b50,,False,CATS,50,paths,MultiMinded,1000,MaxIter,348.59999999999127,6.124957,10,1.1598,0.90218600000000004,5.564625,5.3429391283936356,4.3998450823796356,5.4988985173938936,1,10,4,588,878
81,10,27,LinearSubgradientAuction,0.05,0.01,,True,,1000,10800,cats_path_g10b50,,False,CATS,50,paths,MultiMinded,1000,MaxIter,335.4800000000105,6.033706,7,1.09603,0.84438299999999999,6.020901,4.6314592258466485,4.3359251758466479,6.116783883907817,1,10,2,567,847
82,10,40,LinearSubgradientAuction,0.05,0.01,,True,,1000,10800,cats_path_g10b50,,False,CATS,50,paths,MultiMinded,1000,MaxIter,507.99000000000524,7.125598999999999,10,1.12357,0.66202150000000004,6.823748999999999,6.004937261055991,5.6739265110559902,7.3438859534582974,1,10,5,840,1250
83,10,29,LinearSubgradientAuction,0.05,0.01,,True,,1000,10800,cats_path_g10b50,,False,CATS,50,paths,MultiMinded,1000,MaxIter,366.56999999999243,4.406853099999999,9,0.788029,0.64298299999999997,4.3997201,3.9687230679232863,3.6793807179232867,4.2153253606086416,1,10,2,609,909
84,10,23,LinearSubgradientAuction,0.05,0.01,,True,,1000,10800,cats_path_g10b50,,False,CATS,50,paths,MultiMinded,1000,MaxIter,268.7300000000105,4.1736754000000005,8,0.851051,0.68298999999999999,3.0826200000000004,2.8294094142122086,2.4097632805710489,3.8685979580722742,1,9,6,460,677
85,10,26,LinearSubgradientAuction,0.05,0.01,,True,,1000,10800,cats_path_g10b50,,False,CATS,50,paths,MultiMinded,1000,MaxIter,328.8600000000006,6.722310500000001,10,1.11978,0.81925350000000008,6.539142000000001,5.7873670043113439,5.133496958761274,6.4327269337419999,1,10,5,546,816
86,10,25,LinearSubgradientAuction,0.05,0.01,,True,,1000,10800,cats_path_g10b50,,False,CATS,50,paths,MultiMinded,1000,MaxIter,310.7699999999895,6.8755869999999994,9,1.01302,0.62419199999999997,3.5374640000000004,2.609278296745793,1.9961765224362229,6.5644779815740115,1,10,8,525,785
87,10,19,LinearSubgradientAuction,0.05,0.01,,True,,1000,10800,cats_path_g10b50,,False,CATS,50,paths,MultiMinded,1000,MaxIter,224.52999999999884,7.4913935,9,0.90213,0.84762199999999999,4.661111399999999,2.8005174203864636,2.3904647148918432,7.4827881629059467,1,9,8,380,561
88,10,24,LinearSubgradientAuction,0.05,0.01,,True,,1000,10800,cats_path_g10b50,,False,CATS,50,paths,MultiMinded,1000,MaxIter,300.6900000000023,6.671337600000001,9,1.23763,0.97929250000000001,5.523748600000001,5.1524631186718954,3.6377867085830431,5.5179731643903853,1,10,6,504,754
89,10,30,LinearSubgradientAuction,0.05,0.01,,True,,1000,10800,cats_path_g10b50,,False,CATS,50,paths,MultiMinded,1000,MaxIter,355.4799999999959,4.893484,9,0.957818,0.66029399999999994,4.780673,3.8144590306677539,3.3594753814709248,4.6124607602150682,1,9,7,600,880
90,10,24,LinearSubgradientAuction,0.05,0.01,,True,,1000,10800,cats_path_g10b50,,False,CATS,50,paths,MultiMinded,1000,MaxIter,293.3799999999901,4.9815499999999995,7,1.03037,0.59696149999999992,4.524357999999999,3.6599808920573387,3.0536455204398076,4.9771344725433098,1,10,4,504,754
91,10,26,LinearSubgradientAuction,0.05,0.01,,True,,1000,10800,cats_path_g10b50,,False,CATS,50,paths,MultiMinded,1000,MaxIter,304.6000000000058,5.608700000000001,8,1.15219,0.65921200000000002,5.133414,3.8443649149875303,3.2326019379146951,5.9343284978506992,1,9,3,520,764
92,10,29,LinearSubgradientAuction,0.05,0.01,,True,,1000,10800,cats_path_g10b50,,False,CATS,50,paths,MultiMinded,1000,MaxIter,358.8600000000006,6.734538,5,1.30249,1.03973,5.065284,6.3804135742875747,3.2950666397874051,3.6578704017584709,1,10,10,609,909
93,10,36,LinearSubgradientAuction,0.05,0.01,,True,,1000,10800,cats_path_g10b50,,False,CATS,50,paths,MultiMinded,1000,MaxIter,449.6000000000058,5.941976,7,1.19352,0.81540649999999992,5.940651000000001,5.6434888788751953,5.3580966038751949,5.7607787498061471,1,10,6,756,1126
94,10,36,LinearSubgradientAuction,0.05,0.01,,True,,1000,10800,cats_path_g10b50,,False,CATS,50,paths,MultiMinded,1000,MaxIter,457.1100000000006,6.659274999999999,9,1.32087,0.72828700000000002,6.573074,6.1474803791833663,5.8197512291833666,6.3904699360997563,1,10,2,756,1126
95,10,20,LinearSubgradientAuction,0.05,0.01,,True,,1000,10800,cats_path_g10b50,,False,CATS,50,paths,MultiMinded,1000,MaxIter,236.0,5.242984999999999,6,0.986125,0.95783799999999997,4.882101,3.9226490975166994,2.439943756164463,3.7623468584885753,1,9,8,400,590
96,10,27,LinearSubgradientAuction,0.05,0.01,,True,,1000,10800,cats_path_g10b50,,False,CATS,50,paths,MultiMinded,1000,MaxIter,340.6299999999901,5.968370999999999,8,1.36717,0.912686,5.373953000000001,5.3314411850634276,4.5492710694401541,5.2887878017580974,1,10,4,567,847
97,10,40,LinearSubgradientAuction,0.05,0.01,,True,,1000,10800,cats_path_g10b50,,False,CATS,50,paths,MultiMinded,1000,MaxIter,506.5,5.874736,10,1.39812,0.64802099999999996,5.708831,5.4110886889697642,4.7700291368866141,5.4174253695411538,1,10,1,840,1250
98,10,29,LinearSubgradientAuction,0.05,0.01,,True,,1000,10800,cats_path_g10b50,,False,CATS,50,paths,MultiMinded,1000,MaxIter,366.25,8.221217,7,1.32075,0.95510399999999995,7.522493,6.6892990030801105,4.5733670073790575,6.5023699016330845,1,10,7,609,909
99,10,24,LinearSubgradientAuction,0.05,0.01,,True,,1000,10800,cats_path_g10b50,,False,CATS,50,paths,MultiMinded,1000,MaxIter,300.49000000000524,4.068553,8,0.837895,0.57574999999999998,3.23108,3.1985395541514605,2.1640322729417587,3.6336663667063904,1,10,4,504,754
100,10,26,LinearSubgradientAuction,0.05,0.01,,True,,1000,10800,cats_path_g10b50,,False,CATS,50,paths,MultiMinded,1000,MaxIter,325.59000000001106,5.4685310000000005,10,1.22663,0.78226099999999998,4.51591,4.4458645654522453,3.1639402860131476,4.5673487609363796,1,10,4,546,816
