idx,items,agents,auction_class,epsilon,stepc,epoch,scalebyvalue,reserve_type,maxiter,maxtime,generator_param_name,personalized,int_prices,generator,bids,distribution,type,rounds,status,runtime,efficient_value,final_num_winners,final_max_agent_value,final_scalevalue,final_value,final_total_price,final_revenue,final_indirect_util,final_price_degree,final_price_sparsity,final_imbalance,final_wd_nvars,final_wd_ncons
1,10,41,LinearSubgradientAuction,0.1,0.01,,True,,1000,10800,cats_path_g10b50,,False,CATS,50,paths,MultiMinded,1000,MaxIter,492.5,5.1295980000000005,10,1.05837,0.48806749999999999,4.759539,3.3508955161669083,2.6464913013261508,5.2016265604525795,1,9,4,820,1199
2,10,32,LinearSubgradientAuction,0.1,0.01,,True,,1000,10800,cats_path_g10b50,,False,CATS,50,paths,MultiMinded,1000,MaxIter,376.36000000001513,5.881798,8,0.89658,0.700376,4.146522,4.06540707454384,2.3191489276776562,4.3801414302415687,1,9,9,640,938
3,10,23,LinearSubgradientAuction,0.1,0.01,,True,,1000,10800,cats_path_g10b50,,False,CATS,50,paths,MultiMinded,1000,MaxIter,286.4800000000105,6.1772789999999995,8,1.4872,0.84460199999999996,6.1772789999999995,5.0259322210830755,4.3502506210830756,5.7946259835236731,1,10,4,483,723
4,10,24,LinearSubgradientAuction,0.1,0.01,,True,,1000,10800,cats_path_g10b50,,False,CATS,50,paths,MultiMinded,1000,MaxIter,298.0100000000093,5.0370452,7,0.92099,0.79058200000000001,4.1160552,3.6763699941539856,2.0873388696975481,3.4480647506957895,1,10,6,504,754
5,10,34,LinearSubgradientAuction,0.1,0.01,,True,,1000,10800,cats_path_g10b50,,False,CATS,50,paths,MultiMinded,1000,MaxIter,424.25,6.641525,9,1.19553,0.74441100000000004,5.678814,6.0172602493414402,4.5940276530225308,5.5727579002046523,1,10,7,714,1064
6,10,26,LinearSubgradientAuction,0.1,0.01,,True,,1000,10800,cats_path_g10b50,,False,CATS,50,paths,MultiMinded,1000,MaxIter,329.570000000007,7.117255999999999,7,1.27499,1.03579,4.83355,5.200287857369509,1.5415969711312696,4.2641690118940492,1,10,16,546,816
7,10,30,LinearSubgradientAuction,0.1,0.01,,True,,1000,10800,cats_path_g10b50,,False,CATS,50,paths,MultiMinded,1000,MaxIter,377.6900000000023,5.604355000000001,7,0.860832,0.57241200000000003,3.1112379999999997,3.580692130870343,1.7261931154546848,3.9250312788010095,1,10,11,630,940
8,10,29,LinearSubgradientAuction,0.1,0.01,,True,,1000,10800,cats_path_g10b50,,False,CATS,50,paths,MultiMinded,624,Balance,226.29000000000815,4.14936,8,1.21473,0.53942699999999999,4.14936,3.874752281045978,3.4432106810459788,3.7716967553961451,1,10,1,609,909
9,10,34,LinearSubgradientAuction,0.1,0.01,,True,,1000,10800,cats_path_g10b50,,False,CATS,50,paths,MultiMinded,766,Balance,326.8300000000163,8.312487,10,1.40383,1.19224,8.312487,7.5006044238648908,6.3083644238648899,7.328026367763079,1,10,3,714,1064
10,10,35,LinearSubgradientAuction,0.1,0.01,,True,,1000,10800,cats_path_g10b50,,False,CATS,50,paths,MultiMinded,1000,MaxIter,441.2399999999907,5.813495100000001,9,1.32539,0.73520450000000004,5.752762100000001,5.1880374542405283,4.5263534042405276,5.3137082566221387,1,10,3,735,1095
11,10,32,LinearSubgradientAuction,0.1,0.01,,True,,1000,10800,cats_path_g10b50,,False,CATS,50,paths,MultiMinded,701,Balance,283.320000000007,5.665188000000001,8,0.988013,0.84758449999999996,5.650163000000001,5.2164433429184367,4.5383757429184364,5.0571535883624144,1,10,7,672,1002
12,10,31,LinearSubgradientAuction,0.1,0.01,,True,,1000,10800,cats_path_g10b50,,False,CATS,50,paths,MultiMinded,1000,MaxIter,384.679999999993,5.822862,8,1.20008,0.80469999999999997,5.822862,4.6753469264436625,4.031586926443663,5.4523737234105099,1,10,2,651,971
13,10,24,LinearSubgradientAuction,0.1,0.01,,True,,1000,10800,cats_path_g10b50,,False,CATS,50,paths,MultiMinded,1000,MaxIter,300.47000000000116,5.960460200000001,7,1.3072,0.85787999999999998,5.012625,4.7922037043228816,2.7401642826724437,4.480054241876811,1,10,8,504,754
14,10,17,LinearSubgradientAuction,0.1,0.01,,True,,1000,10800,cats_path_g10b50,,False,CATS,50,paths,MultiMinded,1000,MaxIter,214.0899999999965,5.653834,7,0.86218,0.82208099999999995,4.526801,2.4798773794017799,1.2243670542366694,4.7911438131369302,1,10,6,357,537
15,10,33,LinearSubgradientAuction,0.1,0.01,,True,,1000,10800,cats_path_g10b50,,False,CATS,50,paths,MultiMinded,1000,MaxIter,413.8099999999977,5.368371,10,1.226,0.410271,4.815174,4.0883228911835161,3.2903288880464636,6.2373136743871846,1,10,9,693,1033
16,10,34,LinearSubgradientAuction,0.1,0.01,,True,,1000,10800,cats_path_g10b50,,False,CATS,50,paths,MultiMinded,1000,MaxIter,403.1700000000128,6.969046,10,1.43412,0.68306999999999995,6.8636289999999995,5.222692990626868,4.607929990626868,6.9155189612850503,1,9,3,680,996
17,10,30,LinearSubgradientAuction,0.1,0.01,,True,,1000,10800,cats_path_g10b50,,False,CATS,50,paths,MultiMinded,1000,MaxIter,372.69999999998254,6.379521,9,1.33671,0.75658099999999995,6.339200999999999,5.4822020195676942,4.8012791195676936,6.1405777714715235,1,10,3,630,940
18,10,28,LinearSubgradientAuction,0.1,0.01,,True,,1000,10800,cats_path_g10b50,,False,CATS,50,paths,MultiMinded,1000,MaxIter,348.820000000007,3.7659457999999995,10,0.809737,0.424898,3.6925779999999997,3.2334691545722491,2.7777905845883284,3.4498894187964635,1,10,5,588,878
19,10,29,LinearSubgradientAuction,0.1,0.01,,True,,1000,10800,cats_path_g10b50,,False,CATS,50,paths,MultiMinded,1000,MaxIter,367.62999999997555,5.399328000000001,6,0.984412,0.88883350000000005,4.1194120000000005,4.7149187860573747,2.1292161707447756,2.8561331427943077,1,10,9,609,909
20,10,31,LinearSubgradientAuction,0.1,0.01,,True,,1000,10800,cats_path_g10b50,,False,CATS,50,paths,MultiMinded,988,Balance,358.0800000000163,5.347376,9,1.11574,0.85649200000000003,5.300765999999999,3.9861907120117803,3.3009971120117796,4.6948295301159142,1,9,2,620,909
21,10,33,LinearSubgradientAuction,0.1,0.01,,True,,1000,10800,cats_path_g10b50,,False,CATS,50,paths,MultiMinded,1000,MaxIter,411.6600000000035,6.346977999999999,7,1.04535,0.887351,5.031109000000001,4.7100837802422468,2.5665683185336814,4.4838261415666025,1,10,8,693,1033
22,10,29,LinearSubgradientAuction,0.1,0.01,,True,,1000,10800,cats_path_g10b50,,False,CATS,50,paths,MultiMinded,1000,MaxIter,365.0599999999977,3.679525,6,0.81347,0.62753999999999999,2.769698,2.9690960971422564,1.7501435902398566,2.7427541892406131,1,10,5,609,909
23,10,33,LinearSubgradientAuction,0.1,0.01,,True,,1000,10800,cats_path_g10b50,,False,CATS,50,paths,MultiMinded,1000,MaxIter,393.5199999999895,6.968433999999999,9,1.11046,0.85569899999999999,6.7449639999999995,5.5329319040955278,4.6525393349622162,6.6185605569993982,1,10,5,693,1033
24,10,26,LinearSubgradientAuction,0.1,0.01,,True,,1000,10800,cats_path_g10b50,,False,CATS,50,paths,MultiMinded,1000,MaxIter,329.14000000001397,5.079491000000001,7,0.912266,0.59736,3.805512,3.8265769919454193,2.4370342224101549,4.2879036483849839,1,10,11,546,816
25,10,23,LinearSubgradientAuction,0.1,0.01,,True,,1000,10800,cats_path_g10b50,,False,CATS,50,paths,MultiMinded,1000,MaxIter,286.5100000000093,5.799925999999999,9,0.932562,0.85897900000000005,5.00082,4.6043579289928109,3.0417023783959678,4.9990453459542863,1,10,6,483,723
26,10,22,LinearSubgradientAuction,0.1,0.01,,True,,1000,10800,cats_path_g10b50,,False,CATS,50,paths,MultiMinded,1000,MaxIter,276.2700000000186,7.226532999999999,6,1.05046,0.94945649999999993,2.5635030000000003,3.5014032161073723,1.9620100408168972,5.6888787583195466,1,10,10,462,692
27,10,33,LinearSubgradientAuction,0.1,0.01,,True,,1000,10800,cats_path_g10b50,,False,CATS,50,paths,MultiMinded,1000,MaxIter,419.4400000000023,5.22312,7,1.38199,0.74170000000000003,4.136955,4.6212918466656081,3.0583335676042558,3.8824685173451634,1,10,6,693,1033
28,10,38,LinearSubgradientAuction,0.1,0.01,,True,,1000,10800,cats_path_g10b50,,False,CATS,50,paths,MultiMinded,1000,MaxIter,482.72000000000116,7.158904,9,1.38531,1.05223,6.422575,6.5999032153371679,4.9970026980434978,5.628007801774503,1,10,3,798,1188
29,10,22,LinearSubgradientAuction,0.1,0.01,,True,,1000,10800,cats_path_g10b50,,False,CATS,50,paths,MultiMinded,1000,MaxIter,275.7399999999907,5.222893,7,1.14292,0.81835199999999997,4.500511,3.843040563347059,1.7761511786441559,3.9848550965525176,1,10,6,462,692
30,10,26,LinearSubgradientAuction,0.1,0.01,,True,,1000,10800,cats_path_g10b50,,False,CATS,50,paths,MultiMinded,1000,MaxIter,326.63000000000466,8.367289,7,1.00864,0.79848300000000005,4.57805,4.3508798344623854,2.7718397937717354,6.9803699204423477,1,10,10,546,816
31,10,34,LinearSubgradientAuction,0.1,0.01,,True,,1000,10800,cats_path_g10b50,,False,CATS,50,paths,MultiMinded,1000,MaxIter,423.3500000000058,7.570106999999999,9,1.56629,0.87534100000000004,6.643089999999999,5.9655010874184677,4.3892018882122423,6.848770783971073,1,10,4,714,1064
32,10,22,LinearSubgradientAuction,0.1,0.01,,True,,1000,10800,cats_path_g10b50,,False,CATS,50,paths,MultiMinded,1000,MaxIter,277.5799999999872,5.8430159999999995,6,0.990041,0.83248200000000006,4.54484,4.5466648049512974,2.3667653441715295,3.8567382586829124,1,10,8,462,692
33,10,23,LinearSubgradientAuction,0.1,0.01,,True,,1000,10800,cats_path_g10b50,,False,CATS,50,paths,MultiMinded,1000,MaxIter,289.2300000000105,5.328471,7,1.14706,0.74653400000000003,3.7785390000000003,3.5423155244278406,2.0190651517784142,3.9972390747267807,1,10,4,483,723
34,10,23,LinearSubgradientAuction,0.1,0.01,,True,,1000,10800,cats_path_g10b50,,False,CATS,50,paths,MultiMinded,1000,MaxIter,287.28999999997905,4.414205,6,1.07941,0.93713999999999997,3.193609,3.4798990567085042,1.426732223942426,2.3823344262285269,1,10,2,483,723
35,10,25,LinearSubgradientAuction,0.1,0.01,,True,,1000,10800,cats_path_g10b50,,False,CATS,50,paths,MultiMinded,1000,MaxIter,315.97000000000116,6.118125,7,1.03776,0.84872099999999995,5.740156,4.830118664049543,3.8227791616628592,5.5694615913362338,1,10,8,525,785
36,10,20,LinearSubgradientAuction,0.1,0.01,,True,,1000,10800,cats_path_g10b50,,False,CATS,50,paths,MultiMinded,282,Balance,66.51000000000931,2.51735,9,0.765931,0.744537,2.51735,2.0646381000203773,1.5434254127418241,2.1424265052259734,1,9,3,400,590
37,10,33,LinearSubgradientAuction,0.1,0.01,,True,,1000,10800,cats_path_g10b50,,False,CATS,50,paths,MultiMinded,1000,MaxIter,411.60999999998603,6.394280999999999,9,1.32219,0.90059900000000004,6.252431,5.6428224609654549,4.8322833609654552,5.7012568122812297,1,10,2,693,1033
38,10,37,LinearSubgradientAuction,0.1,0.01,,True,,1000,10800,cats_path_g10b50,,False,CATS,50,paths,MultiMinded,1000,MaxIter,466.3500000000058,4.9241600000000005,9,1.27538,0.75259950000000009,4.651465,4.3720283788700423,3.4222628414461487,4.1439775546915252,1,10,3,777,1157
39,10,36,LinearSubgradientAuction,0.1,0.01,,True,,1000,10800,cats_path_g10b50,,False,CATS,50,paths,MultiMinded,1000,MaxIter,459.1000000000058,7.180720999999999,9,1.37975,0.95457900000000007,6.766033999999999,6.3639611779631036,5.2253879384749879,6.1848475441637589,1,10,3,756,1126
40,10,24,LinearSubgradientAuction,0.1,0.01,,True,,1000,10800,cats_path_g10b50,,False,CATS,50,paths,MultiMinded,1000,MaxIter,292.8499999999767,7.3709551,10,1.05191,0.99338300000000002,6.6565311,5.9440413965482115,4.3971557630882234,6.3693038100138128,1,10,6,504,754
41,10,20,LinearSubgradientAuction,0.1,0.01,,True,,1000,10800,cats_path_g10b50,,False,CATS,50,paths,MultiMinded,1000,MaxIter,254.76999999998952,11.936720999999999,8,1.66283,1.30715,3.858937,6.4972812088022867,2.4690069252221036,8.5285625069350957,1,10,15,420,630
42,10,35,LinearSubgradientAuction,0.1,0.01,,True,,1000,10800,cats_path_g10b50,,False,CATS,50,paths,MultiMinded,1000,MaxIter,437.679999999993,5.98905,9,1.26887,0.57787949999999999,5.036561000000001,4.8282385035729583,3.862315057285802,6.1687169775581836,1,10,11,735,1095
43,10,34,LinearSubgradientAuction,0.1,0.01,,True,,1000,10800,cats_path_g10b50,,False,CATS,50,paths,MultiMinded,664,Balance,280.7599999999802,5.305578,8,1.49562,0.65433600000000003,5.305578,4.9999147204669674,4.4764459204669675,4.7823158403618145,1,10,3,714,1064
44,10,24,LinearSubgradientAuction,0.1,0.01,,True,,1000,10800,cats_path_g10b50,,False,CATS,50,paths,MultiMinded,1000,MaxIter,303.0,5.406871999999999,7,0.914107,0.79918800000000001,4.393711,4.2562342839069194,2.1079814014814464,3.5677157244514945,1,10,11,504,754
45,10,33,LinearSubgradientAuction,0.1,0.01,,True,,1000,10800,cats_path_g10b50,,False,CATS,50,paths,MultiMinded,1000,MaxIter,412.8500000000058,4.392568,8,1.04017,0.61580250000000003,4.048432,3.8435341210717024,3.1146630650285814,4.0257974577652904,1,10,2,693,1033
46,10,37,LinearSubgradientAuction,0.1,0.01,,True,,1000,10800,cats_path_g10b50,,False,CATS,50,paths,MultiMinded,1000,MaxIter,467.9100000000035,7.650231000000001,10,1.33928,0.87604700000000002,7.650231000000001,6.6489426431819236,5.7728956431819238,7.3221623469693968,1,10,2,777,1157
47,10,26,LinearSubgradientAuction,0.1,0.01,,True,,1000,10800,cats_path_g10b50,,False,CATS,50,paths,MultiMinded,1000,MaxIter,322.6499999999942,4.863733,6,1.11721,0.68613100000000005,4.328293,4.1422257695646643,2.7710614228211043,3.8990898847453019,1,10,9,546,816
48,10,40,LinearSubgradientAuction,0.1,0.01,,True,,1000,10800,cats_path_g10b50,,False,CATS,50,paths,MultiMinded,1000,MaxIter,509.21000000002095,13.668893,9,1.73275,0.850549,5.382038,4.5920359386671281,3.0942395546888108,12.751057236147865,1,10,10,840,1250
49,10,25,LinearSubgradientAuction,0.1,0.01,,True,,1000,10800,cats_path_g10b50,,False,CATS,50,paths,MultiMinded,1000,MaxIter,310.25,4.105134,8,0.775577,0.59589599999999998,3.740192,3.621203858481894,2.6517014293149446,3.533132195974193,1,10,6,525,785
50,10,43,LinearSubgradientAuction,0.1,0.01,,True,,1000,10800,cats_path_g10b50,,False,CATS,50,paths,MultiMinded,1000,MaxIter,552.4199999999837,7.516903,10,1.3359,0.92906500000000003,7.299752000000001,6.9916480382669191,5.7148977359959963,6.731788193298275,1,10,2,903,1343
51,10,23,LinearSubgradientAuction,0.1,0.01,,True,,1000,10800,cats_path_g10b50,,False,CATS,50,paths,MultiMinded,1000,MaxIter,288.03999999997905,3.8581627999999997,7,0.728995,0.60365150000000001,3.0095497999999994,3.2718221379099885,1.8591329820170559,2.5916466615076064,1,10,9,483,723
52,10,28,LinearSubgradientAuction,0.1,0.01,,True,,1000,10800,cats_path_g10b50,,False,CATS,50,paths,MultiMinded,1000,MaxIter,349.70999999999185,6.103176,8,1.01863,0.782582,4.705737999999999,5.4398283248929102,2.9697346746829369,3.6606925382386697,1,10,9,588,878
53,10,26,LinearSubgradientAuction,0.1,0.01,,True,,1000,10800,cats_path_g10b50,,False,CATS,50,paths,MultiMinded,1000,MaxIter,306.429999999993,9.548895000000002,8,1.84651,1.2191000000000001,7.350653000000001,7.2596116259999688,3.8113825652729059,6.1802000949525846,1,9,10,520,764
54,10,30,LinearSubgradientAuction,0.1,0.01,,True,,1000,10800,cats_path_g10b50,,False,CATS,50,paths,MultiMinded,1000,MaxIter,358.6700000000128,3.5444180000000003,9,0.62406,0.46356900000000001,3.436186,2.952331424985783,2.5351193249857826,3.2038154794866367,1,10,4,630,940
55,10,24,LinearSubgradientAuction,0.1,0.01,,True,,1000,10800,cats_path_g10b50,,False,CATS,50,paths,MultiMinded,1000,MaxIter,299.5199999999895,5.614495000000001,7,1.03261,0.81608499999999995,4.553611,4.6942856309591576,2.8262168157815419,3.9945646397287691,1,10,9,504,754
56,10,26,LinearSubgradientAuction,0.1,0.01,,True,,1000,10800,cats_path_g10b50,,False,CATS,50,paths,MultiMinded,1000,MaxIter,323.6699999999837,5.021542,6,1.22335,0.86009449999999998,3.3549360000000004,4.8457193873818785,2.7716026347025622,3.042253438153895,1,10,9,546,816
57,10,29,LinearSubgradientAuction,0.1,0.01,,True,,1000,10800,cats_path_g10b50,,False,CATS,50,paths,MultiMinded,1000,MaxIter,364.7699999999895,5.662903,7,1.20543,0.7060765,4.608816,4.7732552068072938,2.9607500986104918,3.9897426243953409,1,10,7,609,909
58,10,32,LinearSubgradientAuction,0.1,0.01,,True,,1000,10800,cats_path_g10b50,,False,CATS,50,paths,MultiMinded,1000,MaxIter,402.3999999999942,5.435453000000001,7,1.10141,0.84788050000000004,5.117759000000001,4.8068702996752553,4.2133539496752554,5.0047139478762119,1,10,1,672,1002
59,10,31,LinearSubgradientAuction,0.1,0.01,,True,,1000,10800,cats_path_g10b50,,False,CATS,50,paths,MultiMinded,1000,MaxIter,362.88000000000466,7.500881000000001,8,1.37858,1.0170600000000001,7.146142,6.2861248913514833,4.4069243214669322,6.2810497117669417,1,10,9,651,971
60,10,18,LinearSubgradientAuction,0.1,0.01,,True,,1000,10800,cats_path_g10b50,,False,CATS,50,paths,MultiMinded,1000,MaxIter,228.30999999999767,3.938055,6,1.01239,0.77787200000000001,3.3282049999999996,2.9790683541933713,1.4995877644500788,2.4596189893373923,1,10,6,378,568
61,10,39,LinearSubgradientAuction,0.1,0.01,,True,,1000,10800,cats_path_g10b50,,False,CATS,50,paths,MultiMinded,1000,MaxIter,488.30000000001746,6.514431,10,1.15445,0.68256899999999998,5.629995,5.3931426958393827,4.2283811718604625,5.7022721498939859,1,10,7,819,1219
62,10,24,LinearSubgradientAuction,0.1,0.01,,True,,1000,10800,cats_path_g10b50,,False,CATS,50,paths,MultiMinded,1000,MaxIter,302.1500000000233,5.874828,8,1.13322,0.74950450000000002,5.339516,3.4388748886673466,2.5290184055678688,6.3680611711078319,1,10,5,504,754
63,10,26,LinearSubgradientAuction,0.1,0.01,,True,,1000,10800,cats_path_g10b50,,False,CATS,50,paths,MultiMinded,1000,MaxIter,328.70999999999185,10.817572,8,1.05624,0.85327799999999998,4.867725999999999,3.7987776005644802,3.098674427285717,10.655254313080604,1,10,16,546,816
64,10,15,LinearSubgradientAuction,0.1,0.01,,True,,1000,10800,cats_path_g10b50,,False,CATS,50,paths,MultiMinded,1000,MaxIter,191.0899999999965,4.3252115,6,1.18924,0.88682499999999997,3.0591425,3.6600712248221452,1.4754267803348813,2.146439622673789,1,10,6,315,475
65,10,35,LinearSubgradientAuction,0.1,0.01,,True,,1000,10800,cats_path_g10b50,,False,CATS,50,paths,MultiMinded,1000,MaxIter,436.5800000000163,9.498291,9,1.37422,0.81186400000000003,6.342298000000001,5.5908054589522047,4.105941103932266,8.8458973024673959,1,10,6,735,1095
66,10,22,LinearSubgradientAuction,0.1,0.01,,True,,1000,10800,cats_path_g10b50,,False,CATS,50,paths,MultiMinded,1000,MaxIter,272.79000000000815,6.527464,5,1.20805,0.92267349999999992,3.934946,4.6910518292037189,1.7461093387517612,4.1660011840602555,1,10,13,462,692
67,10,31,LinearSubgradientAuction,0.1,0.01,,True,,1000,10800,cats_path_g10b50,,False,CATS,50,paths,MultiMinded,1000,MaxIter,385.3099999999977,4.99912,8,0.980804,0.62215900000000002,4.48639,4.3525290598298536,3.6310680042865942,4.5734157991494016,1,10,3,651,971
68,10,21,LinearSubgradientAuction,0.1,0.01,,True,,1000,10800,cats_path_g10b50,,False,CATS,50,paths,MultiMinded,1000,MaxIter,264.5100000000093,4.354444,5,1.10844,0.58718800000000004,3.589847,3.8645516935370683,1.8606083519350618,2.3897034908502954,1,10,8,441,661
69,10,31,LinearSubgradientAuction,0.1,0.01,,True,,1000,10800,cats_path_g10b50,,False,CATS,50,paths,MultiMinded,1000,MaxIter,391.9199999999837,4.638021,7,0.932286,0.72681200000000001,3.694229,4.0239864007944286,2.6287956564639012,3.597263100290983,1,10,7,651,971
70,10,32,LinearSubgradientAuction,0.1,0.01,,True,,1000,10800,cats_path_g10b50,,False,CATS,50,paths,MultiMinded,1000,MaxIter,401.97000000000116,5.529561,10,0.883645,0.71283099999999999,5.361983,4.6382498001132788,3.6990478099571669,5.1196035455488378,1,10,3,672,1002
71,10,29,LinearSubgradientAuction,0.1,0.01,,True,,1000,10800,cats_path_g10b50,,False,CATS,50,paths,MultiMinded,1000,MaxIter,353.39000000001397,3.8155849999999996,6,0.722118,0.584781,3.1645689999999997,2.9577047150745255,1.7081185748785952,2.9485036596132468,1,10,9,609,909
72,10,23,LinearSubgradientAuction,0.1,0.01,,True,,1000,10800,cats_path_g10b50,,False,CATS,50,paths,MultiMinded,1000,MaxIter,289.10999999998603,4.337076,8,1.09941,0.63108900000000001,3.0827839999999997,3.5581356639150901,2.108843181013917,3.322254254034732,1,10,7,483,723
73,10,23,LinearSubgradientAuction,0.1,0.01,,True,,1000,10800,cats_path_g10b50,,False,CATS,50,paths,MultiMinded,1000,MaxIter,286.6000000000058,4.733565,7,1.17805,0.79788950000000003,4.15624,4.4898742721481923,2.2973507239070461,2.5501456989937843,1,10,5,483,723
74,10,28,LinearSubgradientAuction,0.1,0.01,,True,,1000,10800,cats_path_g10b50,,False,CATS,50,paths,MultiMinded,1000,MaxIter,353.4900000000198,4.250006,7,0.944433,0.60220899999999999,3.942664,4.0447502646469182,2.7180357978136707,3.0323438632512945,1,10,5,588,878
75,10,23,LinearSubgradientAuction,0.1,0.01,,True,,1000,10800,cats_path_g10b50,,False,CATS,50,paths,MultiMinded,1000,MaxIter,290.52999999999884,4.765222,6,0.954458,0.87700599999999995,3.6662999999999997,4.1145171737165551,2.6625519699204601,3.8065160141876895,1,10,9,483,723
76,10,29,LinearSubgradientAuction,0.1,0.01,,True,,1000,10800,cats_path_g10b50,,False,CATS,50,paths,MultiMinded,383,Balance,132.52999999999884,6.904471,9,1.28641,1.1137699999999999,6.904471,5.4341129286012038,4.5430969286012033,6.2528663097676862,1,9,11,580,851
77,10,20,LinearSubgradientAuction,0.1,0.01,,True,,1000,10800,cats_path_g10b50,,False,CATS,50,paths,MultiMinded,1000,MaxIter,251.47000000000116,3.7830920000000003,7,0.987819,0.58873500000000001,2.795273,3.0477243726204843,1.7069909563100205,2.726218571662808,1,10,3,420,630
78,10,31,LinearSubgradientAuction,0.1,0.01,,True,,1000,10800,cats_path_g10b50,,False,CATS,50,paths,MultiMinded,1000,MaxIter,386.7600000000093,6.355665,9,1.59706,0.92678550000000004,5.859310000000001,6.0724331376789547,4.7845206311549582,5.1178815999999996,1,10,1,651,971
79,10,26,LinearSubgradientAuction,0.1,0.01,,True,,1000,10800,cats_path_g10b50,,False,CATS,50,paths,MultiMinded,1000,MaxIter,324.0800000000163,6.17396,7,1.51269,0.757185,5.80936,4.215189580304413,2.8424901321162501,5.5620588081601205,1,10,7,546,816
80,10,28,LinearSubgradientAuction,0.1,0.01,,True,,1000,10800,cats_path_g10b50,,False,CATS,50,paths,MultiMinded,1000,MaxIter,347.3500000000058,6.124957,10,1.1598,0.90218600000000004,5.564625,5.3429391283936356,3.9938613823796345,5.0929148173938925,1,10,4,588,878
81,10,27,LinearSubgradientAuction,0.1,0.01,,True,,1000,10800,cats_path_g10b50,,False,CATS,50,paths,MultiMinded,1000,MaxIter,335.7399999999907,6.033706,7,1.09603,0.84438299999999999,6.020901,4.6314592258466485,4.0403911258466483,5.8212498339078174,1,10,2,567,847
82,10,40,LinearSubgradientAuction,0.1,0.01,,True,,1000,10800,cats_path_g10b50,,False,CATS,50,paths,MultiMinded,1000,MaxIter,507.2699999999895,7.125598999999999,10,1.12357,0.66202150000000004,6.823748999999999,6.004937261055991,5.3429157610559912,7.0128752034582984,1,10,5,840,1250
83,10,29,LinearSubgradientAuction,0.1,0.01,,True,,1000,10800,cats_path_g10b50,,False,CATS,50,paths,MultiMinded,1000,MaxIter,367.55000000001746,4.406853099999999,9,0.788029,0.64298299999999997,4.3997201,3.9687230679232863,3.4107884449354109,3.9467330876207658,1,10,2,609,909
84,10,23,LinearSubgradientAuction,0.1,0.01,,True,,1000,10800,cats_path_g10b50,,False,CATS,50,paths,MultiMinded,1000,MaxIter,272.0200000000186,4.1736754000000005,8,0.851051,0.68298999999999999,3.0826200000000004,2.8294094142122086,2.2390157805710484,3.6978504580722742,1,9,6,460,677
85,10,26,LinearSubgradientAuction,0.1,0.01,,True,,1000,10800,cats_path_g10b50,,False,CATS,50,paths,MultiMinded,1000,MaxIter,323.1000000000058,6.722310500000001,10,1.11978,0.81925350000000008,6.539142000000001,5.7873670043113439,4.7648328837612741,6.064062858742,1,10,5,546,816
86,10,25,LinearSubgradientAuction,0.1,0.01,,True,,1000,10800,cats_path_g10b50,,False,CATS,50,paths,MultiMinded,1000,MaxIter,309.72000000000116,6.8755869999999994,9,1.01302,0.62419199999999997,3.5374640000000004,2.609278296745793,1.8017539284053663,6.3700553875431556,1,10,8,525,785
87,10,19,LinearSubgradientAuction,0.1,0.01,,True,,1000,10800,cats_path_g10b50,,False,CATS,50,paths,MultiMinded,1000,MaxIter,227.13000000000466,7.4913935,9,0.90213,0.84762199999999999,4.661111399999999,2.8005174203864636,2.1785592148918429,7.2708826629059464,1,9,8,380,561
88,10,24,LinearSubgradientAuction,0.1,0.01,,True,,1000,10800,cats_path_g10b50,,False,CATS,50,paths,MultiMinded,1000,MaxIter,303.1900000000023,6.671337600000001,9,1.23763,0.97929250000000001,5.523748600000001,5.1524631186718954,3.3296163076616545,5.2098027634689972,1,10,6,504,754
89,10,30,LinearSubgradientAuction,0.1,0.01,,True,,1000,10800,cats_path_g10b50,,False,CATS,50,paths,MultiMinded,1000,MaxIter,353.25,4.893484,9,0.957818,0.66029399999999994,4.780673,3.8144590306677539,3.1283724814709237,4.3813578602150667,1,9,7,600,880
90,10,24,LinearSubgradientAuction,0.1,0.01,,True,,1000,10800,cats_path_g10b50,,False,CATS,50,paths,MultiMinded,1000,MaxIter,293.5899999999965,4.9815499999999995,7,1.03037,0.59696149999999992,4.524357999999999,3.6599808920573387,2.8745570704398067,4.7980460225433088,1,10,4,504,754
91,10,26,LinearSubgradientAuction,0.1,0.01,,True,,1000,10800,cats_path_g10b50,,False,CATS,50,paths,MultiMinded,1000,MaxIter,303.38999999998487,5.608700000000001,8,1.15219,0.65921200000000002,5.133414,3.8443649149875303,3.034838337914695,5.7365648978506991,1,9,3,520,764
92,10,29,LinearSubgradientAuction,0.1,0.01,,True,,1000,10800,cats_path_g10b50,,False,CATS,50,paths,MultiMinded,1000,MaxIter,363.5199999999895,6.734538,5,1.30249,1.03973,5.065284,6.3804135742875747,3.0871206397874049,3.4499244017584707,1,10,10,609,909
93,10,36,LinearSubgradientAuction,0.1,0.01,,True,,1000,10800,cats_path_g10b50,,False,CATS,50,paths,MultiMinded,976,Balance,438.5599999999977,5.941976,7,1.19352,0.81540649999999992,5.927713,5.6284440644123981,5.057659514412399,5.4865478677592243,1,10,5,756,1126
94,10,36,LinearSubgradientAuction,0.1,0.01,,True,,1000,10800,cats_path_g10b50,,False,CATS,50,paths,MultiMinded,1000,MaxIter,458.1900000000023,6.659274999999999,9,1.32087,0.72828700000000002,6.573074,6.1474803791833663,5.4920220791833678,6.0627407860997575,1,10,2,756,1126
95,10,20,LinearSubgradientAuction,0.1,0.01,,True,,1000,10800,cats_path_g10b50,,False,CATS,50,paths,MultiMinded,1000,MaxIter,237.5099999999802,5.242984999999999,6,0.986125,0.95783799999999997,4.882101,3.9226490975166994,2.2483761561644635,3.5707792584885762,1,9,8,400,590
96,10,27,LinearSubgradientAuction,0.1,0.01,,True,,1000,10800,cats_path_g10b50,,False,CATS,50,paths,MultiMinded,1000,MaxIter,334.78999999997905,5.968370999999999,8,1.36717,0.912686,5.373953000000001,5.3314411850634276,4.2298309694401537,4.969347701758096,1,10,4,567,847
97,10,40,LinearSubgradientAuction,0.1,0.01,,True,,1000,10800,cats_path_g10b50,,False,CATS,50,paths,MultiMinded,1000,MaxIter,503.7399999999907,5.874736,10,1.39812,0.64802099999999996,5.708831,5.4110886889697642,4.478419686886614,5.1258159195411537,1,10,1,840,1250
98,10,29,LinearSubgradientAuction,0.1,0.01,,True,,1000,10800,cats_path_g10b50,,False,CATS,50,paths,MultiMinded,1000,MaxIter,366.6700000000128,8.221217,7,1.32075,0.95510399999999995,7.522493,6.6892990030801105,4.2868358073790578,6.2158387016330847,1,10,7,609,909
99,10,24,LinearSubgradientAuction,0.1,0.01,,True,,1000,10800,cats_path_g10b50,,False,CATS,50,paths,MultiMinded,1000,MaxIter,301.5599999999977,4.068553,8,0.837895,0.57574999999999998,3.23108,3.1985395541514605,1.9625197729417585,3.4321538667063902,1,10,4,504,754
100,10,26,LinearSubgradientAuction,0.1,0.01,,True,,1000,10800,cats_path_g10b50,,False,CATS,50,paths,MultiMinded,1000,MaxIter,325.25,5.4685310000000005,10,1.22663,0.78226099999999998,4.51591,4.4458645654522453,2.8510358860131477,4.2544443609363807,1,10,4,546,816
