idx,items,agents,auction_class,epsilon,stepc,epoch,scalebyvalue,reserve_type,maxiter,maxtime,generator_param_name,personalized,int_prices,generator,bids,distribution,type,rounds,status,runtime,efficient_value,final_num_winners,final_max_agent_value,final_scalevalue,final_value,final_total_price,final_revenue,final_indirect_util,final_price_degree,final_price_sparsity,final_imbalance,final_wd_nvars,final_wd_ncons
1,10,41,LinearHeuristicAuction,0.05,0.08,,True,,1000,10800,cats_path_g10b50,,False,CATS,50,paths,MultiMinded,271,Balance,13.60999999998603,5.1295980000000005,10,1.05837,0.48806749999999999,5.121627600000001,4.2895430904302927,4.0455093404302929,4.9018074154334261,1,10,1,84,51
2,10,32,LinearHeuristicAuction,0.05,0.08,,True,,1000,10800,cats_path_g10b50,,False,CATS,50,paths,MultiMinded,79,Balance,3.519999999960419,5.881798,9,0.89658,0.700376,5.881798,4.5552708161841959,4.2751204161841958,5.6505375237733286,1,9,8,74,42
3,10,23,LinearHeuristicAuction,0.05,0.08,,True,,1000,10800,cats_path_g10b50,,False,CATS,50,paths,MultiMinded,62,Balance,2.679999999993015,6.1772789999999995,8,1.4872,0.84460199999999996,6.1772789999999995,5.6136875683713905,5.2758467683713901,5.8858811407082063,1,10,4,71,33
4,10,24,LinearHeuristicAuction,0.05,0.08,,True,,1000,10800,cats_path_g10b50,,False,CATS,50,paths,MultiMinded,24,Balance,1.0,5.0370452,8,0.92099,0.79058200000000001,5.0370452,3.7842783320610835,3.4680455320610828,4.7545657845072782,1,10,6,70,34
5,10,34,LinearHeuristicAuction,0.05,0.08,,True,,1000,10800,cats_path_g10b50,,False,CATS,50,paths,MultiMinded,46,Balance,2.0899999999674037,6.641525,9,1.19553,0.74441100000000004,6.641525,6.4025840988143994,6.0675991488144003,6.3345483005149239,1,10,4,79,44
6,10,26,LinearHeuristicAuction,0.05,0.08,,True,,1000,10800,cats_path_g10b50,,False,CATS,50,paths,MultiMinded,74,Balance,3.279999999969732,7.117255999999999,9,1.27499,1.03579,7.117255999999999,6.3587826909480318,5.8926771909480324,6.7108782420095991,1,10,4,70,36
7,10,30,LinearHeuristicAuction,0.05,0.08,,True,,1000,10800,cats_path_g10b50,,False,CATS,50,paths,MultiMinded,55,Balance,2.419999999983702,5.604355000000001,10,0.860832,0.57241200000000003,5.604355000000001,3.8917606063279244,3.6627958063279245,5.4133057828211131,1,10,8,73,40
8,10,29,LinearHeuristicAuction,0.05,0.08,,True,,1000,10800,cats_path_g10b50,,False,CATS,50,paths,MultiMinded,29,Balance,1.2800000000279397,4.14936,8,1.21473,0.53942699999999999,4.141371,4.0250479229957046,3.8092771229957041,3.957521955956492,1,10,6,74,39
9,10,34,LinearHeuristicAuction,0.05,0.08,,True,,1000,10800,cats_path_g10b50,,False,CATS,50,paths,MultiMinded,24,Balance,1.099999999976717,8.312487,10,1.40383,1.19224,8.312487,7.6644033276121455,7.0682833276121464,7.7910255177583938,1,10,3,78,44
10,10,35,LinearHeuristicAuction,0.05,0.08,,True,,1000,10800,cats_path_g10b50,,False,CATS,50,paths,MultiMinded,29,Balance,1.3400000000256114,5.813495100000001,9,1.32539,0.73520450000000004,5.813495100000001,5.3627999853393655,5.0319579603393656,5.5118053195796683,1,10,1,77,45
11,10,32,LinearHeuristicAuction,0.05,0.08,,True,,1000,10800,cats_path_g10b50,,False,CATS,50,paths,MultiMinded,22,Balance,0.9800000000395812,5.665188000000001,8,0.988013,0.84758449999999996,5.665188000000001,5.3202598009769462,4.981226000976946,5.389651643123174,1,10,8,77,42
12,10,31,LinearHeuristicAuction,0.05,0.08,,True,,1000,10800,cats_path_g10b50,,False,CATS,50,paths,MultiMinded,37,Balance,1.6600000000325963,5.822862,8,1.20008,0.80469999999999997,5.822862,5.0606467372929282,4.7387667372929281,5.5224053072915158,1,10,7,75,41
13,10,24,LinearHeuristicAuction,0.05,0.08,,True,,1000,10800,cats_path_g10b50,,False,CATS,50,paths,MultiMinded,82,Balance,3.610000000044238,5.960460200000001,9,1.3072,0.85787999999999998,5.9559802,5.4470421264379176,5.0609961264379164,5.6099879859198438,1,10,9,71,34
14,10,17,LinearHeuristicAuction,0.05,0.08,,True,,1000,10800,cats_path_g10b50,,False,CATS,50,paths,MultiMinded,134,Balance,5.489999999990687,5.653834,7,0.86218,0.82208099999999995,5.653834,4.1814548389020789,3.8937264889020784,5.3894007558482055,1,10,8,61,27
15,10,33,LinearHeuristicAuction,0.05,0.08,,True,,1000,10800,cats_path_g10b50,,False,CATS,50,paths,MultiMinded,53,Balance,2.3699999999953434,5.368371,10,1.226,0.410271,5.368371,4.9575823099684149,4.7524468099684141,5.1912414285197999,1,10,2,75,43
16,10,34,LinearHeuristicAuction,0.05,0.08,,True,,1000,10800,cats_path_g10b50,,False,CATS,50,paths,MultiMinded,61,Balance,2.8399999999674037,6.969046,10,1.43412,0.68306999999999995,6.969046,5.8316447769695685,5.5087189507775305,6.6461201738079625,1,10,0,78,44
17,10,30,LinearHeuristicAuction,0.05,0.08,,True,,1000,10800,cats_path_g10b50,,False,CATS,50,paths,MultiMinded,34,Balance,1.4800000000395812,6.379521,9,1.33671,0.75658099999999995,6.379521,5.9065983659883283,5.566136915988328,6.0390595499999993,1,10,0,73,40
18,10,28,LinearHeuristicAuction,0.05,0.08,,True,,1000,10800,cats_path_g10b50,,False,CATS,50,paths,MultiMinded,36,Balance,1.5599999999976717,3.7659457999999995,10,0.809737,0.424898,3.7659457999999995,3.4006858971887479,3.1882368971887476,3.5753472599430824,1,10,2,70,38
19,10,29,LinearHeuristicAuction,0.05,0.08,,True,,1000,10800,cats_path_g10b50,,False,CATS,50,paths,MultiMinded,29,Balance,1.2600000000093132,5.399328000000001,8,0.984412,0.88883350000000005,5.399328000000001,4.9042123081075717,4.5486789081075729,5.1252790463124187,1,10,8,75,39
20,10,31,LinearHeuristicAuction,0.05,0.08,,True,,1000,10800,cats_path_g10b50,,False,CATS,50,paths,MultiMinded,26,Balance,1.1999999999534339,5.347376,9,1.11574,0.85649200000000003,5.347376,4.0406466845743676,3.6980498845743681,5.0214856182890637,1,9,3,75,41
21,10,33,LinearHeuristicAuction,0.05,0.08,,True,,1000,10800,cats_path_g10b50,,False,CATS,50,paths,MultiMinded,93,Balance,4.380000000004657,6.346977999999999,8,1.04535,0.887351,6.346977999999999,5.3841376098417184,5.029197209841719,6.0004317057856253,1,10,6,79,43
22,10,29,LinearHeuristicAuction,0.05,0.08,,True,,1000,10800,cats_path_g10b50,,False,CATS,50,paths,MultiMinded,90,Balance,4.240000000048894,3.679525,6,0.81347,0.62753999999999999,3.653836,3.4689117657281261,3.2806497657281262,3.5005475367468142,1,10,10,76,39
23,10,33,LinearHeuristicAuction,0.05,0.08,,True,,1000,10800,cats_path_g10b50,,False,CATS,50,paths,MultiMinded,54,Balance,2.480000000039581,6.968433999999999,9,1.11046,0.85569899999999999,6.968433999999999,5.9703488825158981,5.5852843325158981,6.6193765608740476,1,10,1,76,43
24,10,26,LinearHeuristicAuction,0.05,0.08,,True,,1000,10800,cats_path_g10b50,,False,CATS,50,paths,MultiMinded,72,Balance,3.070000000006985,5.079491000000001,8,0.912266,0.59736,5.079491000000001,4.4784649163799424,4.2395209163799414,4.8862936059209439,1,10,7,71,36
25,10,23,LinearHeuristicAuction,0.05,0.08,,True,,1000,10800,cats_path_g10b50,,False,CATS,50,paths,MultiMinded,49,Balance,1.9899999999906868,5.799925999999999,9,0.932562,0.85897900000000005,5.799926,5.4610907280694905,5.0745501780694893,5.4583514694290933,1,10,6,69,33
26,10,22,LinearHeuristicAuction,0.05,0.08,,True,,1000,10800,cats_path_g10b50,,False,CATS,50,paths,MultiMinded,22,Balance,0.9399999999441206,7.226532999999999,9,1.05046,0.94945649999999993,7.226532999999999,3.8794162003771016,3.5471064253771019,6.9359290045969697,1,10,9,69,32
27,10,33,LinearHeuristicAuction,0.05,0.08,,True,,1000,10800,cats_path_g10b50,,False,CATS,50,paths,MultiMinded,55,Balance,2.679999999993015,5.22312,8,1.38199,0.74170000000000003,5.22312,4.8274869045261113,4.5308069045261119,4.9625289115426838,1,10,3,78,43
28,10,38,LinearHeuristicAuction,0.05,0.08,,True,,1000,10800,cats_path_g10b50,,False,CATS,50,paths,MultiMinded,48,Balance,2.35999999998603,7.158904,10,1.38531,1.05223,7.130488,6.7093199468536362,6.1832049468536354,6.6457239564277044,1,10,2,86,48
29,10,22,LinearHeuristicAuction,0.05,0.08,,True,,1000,10800,cats_path_g10b50,,False,CATS,50,paths,MultiMinded,94,Balance,3.9200000000419095,5.222893,7,1.14292,0.81835199999999997,5.222893,4.8193262118244435,4.5329030118244429,5.0350365103131063,1,10,9,65,32
30,10,26,LinearHeuristicAuction,0.05,0.08,,True,,1000,10800,cats_path_g10b50,,False,CATS,50,paths,MultiMinded,36,Balance,1.5399999999790452,8.367289,12,1.00864,0.79848300000000005,8.367289,4.4245816510655764,4.1051884510655761,8.1158747341952218,1,10,6,66,36
31,10,34,LinearHeuristicAuction,0.05,0.08,,True,,1000,10800,cats_path_g10b50,,False,CATS,50,paths,MultiMinded,121,Balance,5.570000000006985,7.570106999999999,9,1.56629,0.87534100000000004,7.570106999999999,6.9124899510115414,6.5185865010115434,7.2289756013199726,1,10,4,77,44
32,10,22,LinearHeuristicAuction,0.05,0.08,,True,,1000,10800,cats_path_g10b50,,False,CATS,50,paths,MultiMinded,108,Balance,4.5499999999883585,5.8430159999999995,7,0.990041,0.83248200000000006,5.8430159999999995,5.0017298108940844,4.7103611108940848,5.5883571967518675,1,10,7,66,32
33,10,23,LinearHeuristicAuction,0.05,0.08,,True,,1000,10800,cats_path_g10b50,,False,CATS,50,paths,MultiMinded,56,Balance,2.2999999999883585,5.328471,8,1.14706,0.74653400000000003,5.328471,3.960068327360724,3.6614547273607245,5.0970172002645393,1,10,4,67,33
34,10,23,LinearHeuristicAuction,0.05,0.08,,True,,1000,10800,cats_path_g10b50,,False,CATS,50,paths,MultiMinded,51,Balance,2.290000000037253,4.414205,7,1.07941,0.93713999999999997,4.414204999999999,3.5698395034739479,3.2418405034739477,4.1333762021229816,1,10,4,71,33
35,10,25,LinearHeuristicAuction,0.05,0.08,,True,,1000,10800,cats_path_g10b50,,False,CATS,50,paths,MultiMinded,156,Balance,7.0499999999883585,6.118125,8,1.03776,0.84872099999999995,6.1076239999999995,5.5732249102009117,5.2337365102009112,5.8329006193973854,1,10,13,73,35
36,10,20,LinearHeuristicAuction,0.05,0.08,,True,,1000,10800,cats_path_g10b50,,False,CATS,50,paths,MultiMinded,16,Balance,0.7299999999813735,2.51735,8,0.765931,0.744537,2.5073010000000004,2.2474809240371072,1.9496661240371078,2.3063816324671618,1,10,11,70,30
37,10,33,LinearHeuristicAuction,0.05,0.08,,True,,1000,10800,cats_path_g10b50,,False,CATS,50,paths,MultiMinded,31,Balance,1.4600000000209548,6.394280999999999,9,1.32219,0.90059900000000004,6.394280999999999,5.8570658917760907,5.4517963417760908,5.9949621956589656,1,10,3,79,43
38,10,37,LinearHeuristicAuction,0.05,0.08,,True,,1000,10800,cats_path_g10b50,,False,CATS,50,paths,MultiMinded,102,Balance,5.040000000037253,4.9241600000000005,8,1.27538,0.75259950000000009,4.9241600000000005,4.5428267596958065,4.2417869596958067,4.6502183461218412,1,10,2,83,47
39,10,36,LinearHeuristicAuction,0.05,0.08,,True,,1000,10800,cats_path_g10b50,,False,CATS,50,paths,MultiMinded,34,Balance,1.6199999999953434,7.180720999999999,10,1.37975,0.95457900000000007,7.178558999999999,6.7224801091789903,6.2451906091789899,6.7722701050098406,1,10,2,79,46
40,10,24,LinearHeuristicAuction,0.05,0.08,,True,,1000,10800,cats_path_g10b50,,False,CATS,50,paths,MultiMinded,50,Balance,2.0799999999580905,7.3709551,10,1.05191,0.99338300000000002,7.3709551,6.6897223561357526,6.1930308561357537,6.8938678735919536,1,10,5,69,34
41,10,20,LinearHeuristicAuction,0.05,0.08,,True,,1000,10800,cats_path_g10b50,,False,CATS,50,paths,MultiMinded,62,Balance,2.6600000000325963,11.936720999999999,10,1.66283,1.30715,11.936720999999999,7.3200456063460315,6.9279006063460313,11.634959336029446,1,9,12,68,30
42,10,35,LinearHeuristicAuction,0.05,0.08,,True,,1000,10800,cats_path_g10b50,,False,CATS,50,paths,MultiMinded,52,Balance,2.3500000000349246,5.98905,10,1.26887,0.57787949999999999,5.98905,5.746274538755241,5.4573347887552428,5.7251016018026419,1,10,1,77,45
43,10,34,LinearHeuristicAuction,0.05,0.08,,True,,1000,10800,cats_path_g10b50,,False,CATS,50,paths,MultiMinded,17,Balance,0.8099999999976717,5.305578,8,1.49562,0.65433600000000003,5.305578,5.0411952303571645,4.7794608303571637,5.0870812910595848,1,10,4,80,44
44,10,24,LinearHeuristicAuction,0.05,0.08,,True,,1000,10800,cats_path_g10b50,,False,CATS,50,paths,MultiMinded,58,Balance,2.429999999993015,5.406871999999999,9,0.914107,0.79918800000000001,5.406872,4.7368415305590643,4.3772069305590655,5.0909661321024,1,10,2,69,34
45,10,33,LinearHeuristicAuction,0.05,0.08,,True,,1000,10800,cats_path_g10b50,,False,CATS,50,paths,MultiMinded,71,Balance,3.419999999983702,4.392568,7,1.04017,0.61580250000000003,4.392568,4.3273855431530741,4.1118546681530734,4.1990812105235751,1,10,4,79,43
46,10,37,LinearHeuristicAuction,0.05,0.08,,True,,1000,10800,cats_path_g10b50,,False,CATS,50,paths,MultiMinded,34,Balance,1.6099999999860302,7.650231000000001,10,1.33928,0.87604700000000002,7.650231000000001,6.9882872584735889,6.550263758473589,7.2303917430475524,1,10,2,84,47
47,10,26,LinearHeuristicAuction,0.05,0.08,,True,,1000,10800,cats_path_g10b50,,False,CATS,50,paths,MultiMinded,39,Balance,1.709999999962747,4.863733,8,1.11721,0.68613100000000005,4.847598,4.7789215958465556,4.5044691958465544,4.624445370407356,1,10,8,72,36
48,10,40,LinearHeuristicAuction,0.05,0.08,,True,,1000,10800,cats_path_g10b50,,False,CATS,50,paths,MultiMinded,249,Balance,12.190000000002328,13.668893,15,1.73275,0.850549,13.668893,6.2261227764308309,5.8433757264308319,13.321940187188346,1,10,5,78,50
49,10,25,LinearHeuristicAuction,0.05,0.08,,True,,1000,10800,cats_path_g10b50,,False,CATS,50,paths,MultiMinded,101,Balance,4.330000000016298,4.105134,8,0.775577,0.59589599999999998,4.102052,3.978008955268916,3.7396505552689168,3.9146126753538186,1,10,5,70,35
50,10,43,LinearHeuristicAuction,0.05,0.08,,True,,1000,10800,cats_path_g10b50,,False,CATS,50,paths,MultiMinded,63,Balance,3.2600000000093132,7.516903,10,1.3359,0.92906500000000003,7.516903,7.262133560216137,6.7976010602161372,7.0586682826513165,1,10,3,88,53
51,10,23,LinearHeuristicAuction,0.05,0.08,,True,,1000,10800,cats_path_g10b50,,False,CATS,50,paths,MultiMinded,34,Balance,1.3999999999650754,3.8581627999999997,8,0.728995,0.60365150000000001,3.8581627999999997,3.5014539489217786,3.2599933489217787,3.6737752080463024,1,10,11,69,33
52,10,28,LinearHeuristicAuction,0.05,0.08,,True,,1000,10800,cats_path_g10b50,,False,CATS,50,paths,MultiMinded,28,Balance,1.2199999999720603,6.103176,9,1.01863,0.782582,6.103176,5.551907236477569,5.1997453364775694,5.7773006401971845,1,10,5,75,38
53,10,26,LinearHeuristicAuction,0.05,0.08,,True,,1000,10800,cats_path_g10b50,,False,CATS,50,paths,MultiMinded,37,Balance,1.5599999999976717,9.548895000000002,10,1.84651,1.2191000000000001,9.548895000000002,7.8412958420437562,7.2927008420437573,9.0305770721515426,1,9,4,67,36
54,10,30,LinearHeuristicAuction,0.05,0.08,,True,,1000,10800,cats_path_g10b50,,False,CATS,50,paths,MultiMinded,65,Balance,2.919999999983702,3.5444180000000003,9,0.62406,0.46356900000000001,3.5444180000000003,3.2070330076653231,2.9984269576653224,3.3465626710093317,1,10,6,74,40
55,10,24,LinearHeuristicAuction,0.05,0.08,,True,,1000,10800,cats_path_g10b50,,False,CATS,50,paths,MultiMinded,58,Balance,2.4799999999813735,5.614495000000001,8,1.03261,0.81608499999999995,5.614495000000001,5.2541840853972293,4.9277500853972303,5.2917017308699972,1,10,6,70,34
56,10,26,LinearHeuristicAuction,0.05,0.08,,True,,1000,10800,cats_path_g10b50,,False,CATS,50,paths,MultiMinded,50,Balance,2.169999999983702,5.021542,8,1.22335,0.86009449999999998,5.0143097,4.9119216373727488,4.5678838373727482,4.7273288787446077,1,10,5,72,36
57,10,29,LinearHeuristicAuction,0.05,0.08,,True,,1000,10800,cats_path_g10b50,,False,CATS,50,paths,MultiMinded,40,Balance,1.7399999999906868,5.662903,9,1.20543,0.7060765,5.648968999999999,4.9542948062355325,4.6365603812355314,5.3855078302239461,1,10,2,72,39
58,10,32,LinearHeuristicAuction,0.05,0.08,,True,,1000,10800,cats_path_g10b50,,False,CATS,50,paths,MultiMinded,40,Balance,1.8800000000046566,5.435453000000001,8,1.10141,0.84788050000000004,5.435453000000001,4.992433272427621,4.6532810724276201,5.1036141199999996,1,10,1,79,42
59,10,31,LinearHeuristicAuction,0.05,0.08,,True,,1000,10800,cats_path_g10b50,,False,CATS,50,paths,MultiMinded,66,Balance,3.029999999969732,7.500881000000001,9,1.37858,1.0170600000000001,7.500881000000001,7.0411068287962495,6.5834298287962492,7.0989711971986553,1,10,3,76,41
60,10,18,LinearHeuristicAuction,0.05,0.08,,True,,1000,10800,cats_path_g10b50,,False,CATS,50,paths,MultiMinded,16,Balance,0.6300000000046566,3.938055,7,1.01239,0.77787200000000001,3.938055,3.098777927206366,2.8265227272063655,3.6967825896421482,1,10,7,64,28
61,10,39,LinearHeuristicAuction,0.05,0.08,,True,,1000,10800,cats_path_g10b50,,False,CATS,50,paths,MultiMinded,40,Balance,1.9199999999837019,6.514431,10,1.15445,0.68256899999999998,6.506976999999999,5.7154469453910295,5.3741624453910308,6.2027903813304262,1,10,2,81,49
62,10,24,LinearHeuristicAuction,0.05,0.08,,True,,1000,10800,cats_path_g10b50,,False,CATS,50,paths,MultiMinded,225,Balance,10.190000000002328,5.874828,8,1.13322,0.74950450000000002,5.846068,5.3723033573796322,5.072501557379633,5.6070307059086684,1,10,8,68,34
63,10,26,LinearHeuristicAuction,0.05,0.08,,True,,1000,10800,cats_path_g10b50,,False,CATS,50,paths,MultiMinded,101,Balance,4.220000000030268,10.817572,15,1.05624,0.85327799999999998,10.817572,4.6335998791914088,4.249624779191409,10.472724729866695,1,10,4,66,36
64,10,15,LinearHeuristicAuction,0.05,0.08,,True,,1000,10800,cats_path_g10b50,,False,CATS,50,paths,MultiMinded,24,Balance,1.0499999999883585,4.3252115,8,1.18924,0.88682499999999997,4.325211500000001,3.7884104630341193,3.4346697140875353,4.0772263774709012,1,10,17,66,25
65,10,35,LinearHeuristicAuction,0.05,0.08,,True,,1000,10800,cats_path_g10b50,,False,CATS,50,paths,MultiMinded,65,Balance,3.0100000000093132,9.498291,10,1.37422,0.81186400000000003,9.498102000000001,6.4043785680154874,6.0611577329157598,9.1975870982021508,1,10,4,75,45
66,10,22,LinearHeuristicAuction,0.05,0.08,,True,,1000,10800,cats_path_g10b50,,False,CATS,50,paths,MultiMinded,62,Balance,2.5799999999580905,6.527464,7,1.20805,0.92267349999999992,6.527464,5.6536520845735678,5.3307163595735672,6.2253619354536029,1,10,9,70,32
67,10,31,LinearHeuristicAuction,0.05,0.08,,True,,1000,10800,cats_path_g10b50,,False,CATS,50,paths,MultiMinded,62,Balance,2.820000000006985,4.99912,8,0.980804,0.62215900000000002,4.989660000000001,4.6903630716519382,4.4414994716519383,4.7941772226939978,1,10,10,76,41
68,10,21,LinearHeuristicAuction,0.05,0.08,,True,,1000,10800,cats_path_g10b50,,False,CATS,50,paths,MultiMinded,56,Balance,2.5,4.354444,7,1.10844,0.58718800000000004,4.354444,4.0166400605183306,3.8111242605183304,4.1580518959882609,1,10,15,71,31
69,10,31,LinearHeuristicAuction,0.05,0.08,,True,,1000,10800,cats_path_g10b50,,False,CATS,50,paths,MultiMinded,94,Balance,4.309999999997672,4.638021,8,0.932286,0.72681200000000001,4.617111,4.3990014556080279,4.1082766556080283,4.3761661058960719,1,10,10,78,41
70,10,32,LinearHeuristicAuction,0.05,0.08,,True,,1000,10800,cats_path_g10b50,,False,CATS,50,paths,MultiMinded,102,Balance,4.630000000004657,5.529561,10,0.883645,0.71283099999999999,5.505921,5.0710898567878457,4.714674356787846,5.1820422527183734,1,10,2,76,42
71,10,29,LinearHeuristicAuction,0.05,0.08,,True,,1000,10800,cats_path_g10b50,,False,CATS,50,paths,MultiMinded,60,Balance,2.6900000000023283,3.8155849999999996,8,0.722118,0.584781,3.799984,3.5597883690790013,3.325875969079001,3.6157708745506518,1,10,10,74,39
72,10,23,LinearHeuristicAuction,0.05,0.08,,True,,1000,10800,cats_path_g10b50,,False,CATS,50,paths,MultiMinded,66,Balance,2.7700000000186265,4.337076,9,1.09941,0.63108900000000001,4.337076,4.1111318917985322,3.8271418417985332,4.0916742110466728,1,10,4,68,33
73,10,23,LinearHeuristicAuction,0.05,0.08,,True,,1000,10800,cats_path_g10b50,,False,CATS,50,paths,MultiMinded,20,Balance,0.8300000000162981,4.733565,7,1.17805,0.79788950000000003,4.733565,4.601998777260909,4.3227374522609097,4.5085929125438362,1,10,9,68,33
74,10,28,LinearHeuristicAuction,0.05,0.08,,True,,1000,10800,cats_path_g10b50,,False,CATS,50,paths,MultiMinded,35,Balance,1.5200000000186265,4.250006,7,0.944433,0.60220899999999999,4.226575,4.0782128555816684,3.8674397055816687,4.0796354911638364,1,10,8,74,38
75,10,23,LinearHeuristicAuction,0.05,0.08,,True,,1000,10800,cats_path_g10b50,,False,CATS,50,paths,MultiMinded,71,Balance,3.10999999998603,4.765222,8,0.954458,0.87700599999999995,4.74321,4.500911127645602,4.1501087276456028,4.4923064942755904,1,10,8,72,33
76,10,29,LinearHeuristicAuction,0.05,0.08,,True,,1000,10800,cats_path_g10b50,,False,CATS,50,paths,MultiMinded,39,Balance,1.8400000000256114,6.904471,9,1.28641,1.1137699999999999,6.904471,5.6485457490528184,5.2030377490528181,6.538642419513061,1,9,13,80,39
77,10,20,LinearHeuristicAuction,0.05,0.08,,True,,1000,10800,cats_path_g10b50,,False,CATS,50,paths,MultiMinded,332,Balance,15.28000000002794,3.7830920000000003,7,0.987819,0.58873500000000001,3.783092,3.6055166151979208,3.399459365197921,3.6086678363987938,1,10,7,68,30
78,10,31,LinearHeuristicAuction,0.05,0.08,,True,,1000,10800,cats_path_g10b50,,False,CATS,50,paths,MultiMinded,60,Balance,2.85999999998603,6.355665,9,1.59706,0.92678550000000004,6.355665,6.1615536740387453,5.7445001990387459,5.9799818668327376,1,10,1,82,41
79,10,26,LinearHeuristicAuction,0.05,0.08,,True,,1000,10800,cats_path_g10b50,,False,CATS,50,paths,MultiMinded,227,Balance,9.799999999988358,6.17396,9,1.51269,0.757185,6.17396,5.6696015188051447,5.3288682688051434,5.8688243520444798,1,10,2,69,36
80,10,28,LinearHeuristicAuction,0.05,0.08,,True,,1000,10800,cats_path_g10b50,,False,CATS,50,paths,MultiMinded,48,Balance,2.0899999999674037,6.124957,9,1.1598,0.90218600000000004,6.106847,5.7284559956378001,5.3224722956377999,5.7613810219502781,1,10,3,73,38
81,10,27,LinearHeuristicAuction,0.05,0.08,,True,,1000,10800,cats_path_g10b50,,False,CATS,50,paths,MultiMinded,105,Balance,4.7000000000116415,6.033706,7,1.09603,0.84438299999999999,6.033706,5.4172372490565284,5.1217031990565269,5.7842369291947282,1,10,6,73,37
82,10,40,LinearHeuristicAuction,0.05,0.08,,True,,1000,10800,cats_path_g10b50,,False,CATS,50,paths,MultiMinded,43,Balance,2.080000000016298,7.125598999999999,10,1.12357,0.66202150000000004,7.125598999999999,6.5156546859262292,6.1846439359262275,6.7945882499999994,1,10,0,84,50
83,10,29,LinearHeuristicAuction,0.05,0.08,,True,,1000,10800,cats_path_g10b50,,False,CATS,50,paths,MultiMinded,26,Balance,1.1399999999557622,4.406853099999999,9,0.788029,0.64298299999999997,4.406853099999999,4.1900762146500634,3.9007338646500638,4.1544267704852178,1,10,2,73,39
84,10,23,LinearHeuristicAuction,0.05,0.08,,True,,1000,10800,cats_path_g10b50,,False,CATS,50,paths,MultiMinded,38,Balance,1.5800000000162981,4.1736754000000005,9,0.851051,0.68298999999999999,4.1583984,2.9281995305050397,2.6580680191712118,3.9227169322786164,1,10,6,64,33
85,10,26,LinearHeuristicAuction,0.05,0.08,,True,,1000,10800,cats_path_g10b50,,False,CATS,50,paths,MultiMinded,99,Balance,4.119999999995343,6.722310500000001,10,1.11978,0.81925350000000008,6.722310500000001,6.2621870725689748,5.8525603225689746,6.3485930741381456,1,10,1,69,36
86,10,25,LinearHeuristicAuction,0.05,0.08,,True,,1000,10800,cats_path_g10b50,,False,CATS,50,paths,MultiMinded,117,Balance,5.119999999995343,6.8755869999999994,10,1.01302,0.62419199999999997,6.8755869999999994,3.5457886011232658,3.2961118011232657,6.6589182249114955,1,10,5,69,35
87,10,19,LinearHeuristicAuction,0.05,0.08,,True,,1000,10800,cats_path_g10b50,,False,CATS,50,paths,MultiMinded,77,Balance,3.39000000001397,7.4913935,12,0.90213,0.84762199999999999,7.491393499999999,3.1279115197050591,2.777694185058277,7.1801526153488897,1,9,6,66,29
88,10,24,LinearHeuristicAuction,0.05,0.08,,True,,1000,10800,cats_path_g10b50,,False,CATS,50,paths,MultiMinded,57,Balance,2.4799999999813735,6.671337600000001,9,1.23763,0.97929250000000001,6.671337600000001,5.630768903602176,5.1900872786021761,6.2900054663498253,1,10,6,70,34
89,10,30,LinearHeuristicAuction,0.05,0.08,,True,,1000,10800,cats_path_g10b50,,False,CATS,50,paths,MultiMinded,80,Balance,3.599999999976717,4.893484,9,0.957818,0.66029399999999994,4.891447,3.8313758597397172,3.5672582597397176,4.6564290933103258,1,9,3,77,40
90,10,24,LinearHeuristicAuction,0.05,0.08,,True,,1000,10800,cats_path_g10b50,,False,CATS,50,paths,MultiMinded,85,Balance,3.570000000006985,4.9815499999999995,8,1.03037,0.59696149999999992,4.9815499999999995,4.6664614761204586,4.4276768761204588,4.7588936470574632,1,10,3,71,34
91,10,26,LinearHeuristicAuction,0.05,0.08,,True,,1000,10800,cats_path_g10b50,,False,CATS,50,paths,MultiMinded,197,Balance,8.92000000004191,5.608700000000001,9,1.15219,0.65921200000000002,5.5770921,4.8499847402219558,4.5533393402219557,5.3127911940276045,1,10,3,72,36
92,10,29,LinearHeuristicAuction,0.05,0.08,,True,,1000,10800,cats_path_g10b50,,False,CATS,50,paths,MultiMinded,24,Balance,1.070000000006985,6.734538,7,1.30249,1.03973,6.734538,6.3477765574411453,5.9838710574411458,6.4686499613047665,1,10,11,76,39
93,10,36,LinearHeuristicAuction,0.05,0.08,,True,,1000,10800,cats_path_g10b50,,False,CATS,50,paths,MultiMinded,28,Balance,1.3099999999976717,5.941976,7,1.19352,0.81540649999999992,5.940651000000001,5.7878290781086328,5.5024368031086333,5.7223499449083421,1,10,3,82,46
94,10,36,LinearHeuristicAuction,0.05,0.08,,True,,1000,10800,cats_path_g10b50,,False,CATS,50,paths,MultiMinded,40,Balance,1.9100000000325963,6.659274999999999,10,1.32087,0.72828700000000002,6.659274999999999,6.2283980027294632,5.8642545027294615,6.3236702857466476,1,10,1,81,46
95,10,20,LinearHeuristicAuction,0.05,0.08,,True,,1000,10800,cats_path_g10b50,,False,CATS,50,paths,MultiMinded,20,Balance,0.8400000000256114,5.242984999999999,7,0.986125,0.95783799999999997,5.234794999999999,4.2747325613187401,3.9655840595412832,4.9800805682940386,1,10,6,69,30
96,10,27,LinearHeuristicAuction,0.05,0.08,,True,,1000,10800,cats_path_g10b50,,False,CATS,50,paths,MultiMinded,34,Balance,1.4699999999720603,5.968370999999999,9,1.36717,0.912686,5.968370999999999,5.6077844634352738,5.1970757634352749,5.5812799907930382,1,10,4,73,37
97,10,40,LinearHeuristicAuction,0.05,0.08,,True,,1000,10800,cats_path_g10b50,,False,CATS,50,paths,MultiMinded,81,Balance,4.010000000009313,5.874736,8,1.39812,0.64802099999999996,5.8526430000000005,5.4396670188765786,5.1804586188765791,5.6483468693679111,1,10,3,85,50
98,10,29,LinearHeuristicAuction,0.05,0.08,,True,,1000,10800,cats_path_g10b50,,False,CATS,50,paths,MultiMinded,132,Balance,6.160000000032596,8.221217,9,1.32075,0.95510399999999995,8.202357,7.1878321747416969,6.7580353747416959,7.8461720513201154,1,10,9,73,39
99,10,24,LinearHeuristicAuction,0.05,0.08,,True,,1000,10800,cats_path_g10b50,,False,CATS,50,paths,MultiMinded,63,Balance,2.64000000001397,4.068553,8,0.837895,0.57574999999999998,4.0628519999999995,3.8717869987314577,3.641486998731458,3.8828513297666261,1,10,5,68,34
100,10,26,LinearHeuristicAuction,0.05,0.08,,True,,1000,10800,cats_path_g10b50,,False,CATS,50,paths,MultiMinded,108,Balance,4.679999999993015,5.4685310000000005,9,1.22663,0.78226099999999998,5.463355000000001,5.1305644582045549,4.7785470082045558,5.1168825909763465,1,10,1,72,36
