idx,items,agents,auction_class,epsilon,stepc,epoch,scalebyvalue,reserve_type,maxiter,maxtime,generator_param_name,personalized,int_prices,generator,bids,distribution,type,rounds,status,runtime,efficient_value,final_num_winners,final_max_agent_value,final_scalevalue,final_value,final_total_price,final_revenue,final_indirect_util,final_price_degree,final_price_sparsity,final_imbalance,final_wd_nvars,final_wd_ncons
1,10,41,LinearHeuristicAuction,0.1,0.08,,True,,1000,10800,cats_path_g10b50,,False,CATS,50,paths,MultiMinded,241,Balance,12.0,5.1295980000000005,10,1.05837,0.48806749999999999,5.121627600000001,4.265297034013626,3.7772295340136268,4.6823068727979305,1,10,1,84,51
2,10,32,LinearHeuristicAuction,0.1,0.08,,True,,1000,10800,cats_path_g10b50,,False,CATS,50,paths,MultiMinded,69,Balance,3.1199999999953434,5.881798,9,0.89658,0.700376,5.881798,4.4901014232778573,3.9298006232778575,5.4047551887218752,1,9,8,74,42
3,10,23,LinearHeuristicAuction,0.1,0.08,,True,,1000,10800,cats_path_g10b50,,False,CATS,50,paths,MultiMinded,53,Balance,2.2999999999883585,6.1772789999999995,8,1.4872,0.84460199999999996,6.134500999999999,5.5598170745045143,4.8841354745045145,5.6202220697948242,1,10,5,71,33
4,10,24,LinearHeuristicAuction,0.1,0.08,,True,,1000,10800,cats_path_g10b50,,False,CATS,50,paths,MultiMinded,24,Balance,1.0100000000093132,5.0370452,8,0.92099,0.79058200000000001,5.0370452,3.7842783320610835,3.1518127320610838,4.4383329845072783,1,10,6,70,34
5,10,34,LinearHeuristicAuction,0.1,0.08,,True,,1000,10800,cats_path_g10b50,,False,CATS,50,paths,MultiMinded,42,Balance,1.9199999999837019,6.641525,9,1.19553,0.74441100000000004,6.600319000000001,6.375335226410181,5.7053653264101811,6.025915865110977,1,10,5,78,44
6,10,26,LinearHeuristicAuction,0.1,0.08,,True,,1000,10800,cats_path_g10b50,,False,CATS,50,paths,MultiMinded,64,Balance,2.8500000000349246,7.117255999999999,9,1.27499,1.03579,7.117255999999999,6.2596972967450561,5.3274862967450574,6.2961483522060595,1,10,4,70,36
7,10,30,LinearHeuristicAuction,0.1,0.08,,True,,1000,10800,cats_path_g10b50,,False,CATS,50,paths,MultiMinded,47,Balance,2.080000000016298,5.604355000000001,10,0.860832,0.57241200000000003,5.604355000000001,3.8462010603463179,3.388271460346318,5.2019784824188378,1,10,4,73,40
8,10,29,LinearHeuristicAuction,0.1,0.08,,True,,1000,10800,cats_path_g10b50,,False,CATS,50,paths,MultiMinded,28,Balance,1.2299999999813735,4.14936,8,1.21473,0.53942699999999999,4.113658,4.0250479229957046,3.5935063229957049,3.7374039662600702,1,10,4,74,39
9,10,34,LinearHeuristicAuction,0.1,0.08,,True,,1000,10800,cats_path_g10b50,,False,CATS,50,paths,MultiMinded,23,Balance,1.0599999999976717,8.312487,10,1.40383,1.19224,8.312487,7.6047395136084486,6.4124995136084486,7.2718702744617527,1,10,3,78,44
10,10,35,LinearHeuristicAuction,0.1,0.08,,True,,1000,10800,cats_path_g10b50,,False,CATS,50,paths,MultiMinded,28,Balance,1.2699999999604188,5.813495100000001,9,1.32539,0.73520450000000004,5.775242100000001,5.3405694908276446,4.678885440827643,5.2163235281827784,1,10,2,76,45
11,10,32,LinearHeuristicAuction,0.1,0.08,,True,,1000,10800,cats_path_g10b50,,False,CATS,50,paths,MultiMinded,16,Balance,0.720000000030268,5.665188000000001,8,0.988013,0.84758449999999996,5.665188000000001,5.2853904047614693,4.6073228047614707,5.1493425788026448,1,10,6,76,42
12,10,31,LinearHeuristicAuction,0.1,0.08,,True,,1000,10800,cats_path_g10b50,,False,CATS,50,paths,MultiMinded,37,Balance,1.6600000000325963,5.822862,8,1.20008,0.80469999999999997,5.822862,5.0606467372929282,4.4168867372929279,5.2005253072915156,1,10,7,75,41
13,10,24,LinearHeuristicAuction,0.1,0.08,,True,,1000,10800,cats_path_g10b50,,False,CATS,50,paths,MultiMinded,59,Balance,2.5499999999883585,5.960460200000001,9,1.3072,0.85787999999999998,5.8855433,5.3469800745462095,4.5748880745462088,5.30413886710895,1,10,5,69,34
14,10,17,LinearHeuristicAuction,0.1,0.08,,True,,1000,10800,cats_path_g10b50,,False,CATS,50,paths,MultiMinded,93,Balance,3.849999999976717,5.653834,7,0.86218,0.82208099999999995,5.653834,3.8920416217859271,3.3165849217859273,5.2440899645536732,1,10,6,60,27
15,10,33,LinearHeuristicAuction,0.1,0.08,,True,,1000,10800,cats_path_g10b50,,False,CATS,50,paths,MultiMinded,49,Balance,2.1900000000023283,5.368371,10,1.226,0.410271,5.368371,4.9483904010027464,4.5381194010027466,5.00467811157867,1,10,2,75,43
16,10,34,LinearHeuristicAuction,0.1,0.08,,True,,1000,10800,cats_path_g10b50,,False,CATS,50,paths,MultiMinded,61,Balance,2.8099999999976717,6.969046,10,1.43412,0.68306999999999995,6.969046,5.8316447769695685,5.2013374507775332,6.3387386738079652,1,10,0,78,44
17,10,30,LinearHeuristicAuction,0.1,0.08,,True,,1000,10800,cats_path_g10b50,,False,CATS,50,paths,MultiMinded,31,Balance,1.3699999999953434,6.379521,9,1.33671,0.75658099999999995,6.339200999999999,5.874491510393324,5.1935686103933234,5.7225109678148049,1,10,1,72,40
18,10,28,LinearHeuristicAuction,0.1,0.08,,True,,1000,10800,cats_path_g10b50,,False,CATS,50,paths,MultiMinded,33,Balance,1.4199999999837019,3.7659457999999995,10,0.809737,0.424898,3.7659457999999995,3.3773601182502855,2.9524621182502861,3.3766978664339691,1,10,2,70,38
19,10,29,LinearHeuristicAuction,0.1,0.08,,True,,1000,10800,cats_path_g10b50,,False,CATS,50,paths,MultiMinded,23,Balance,1.0100000000093132,5.399328000000001,8,0.984412,0.88883350000000005,5.399328000000001,4.9068571094624804,4.2343936438468193,4.8353030533313426,1,10,7,75,39
20,10,31,LinearHeuristicAuction,0.1,0.08,,True,,1000,10800,cats_path_g10b50,,False,CATS,50,paths,MultiMinded,23,Balance,1.0800000000162981,5.347376,9,1.11574,0.85649200000000003,5.300765999999999,4.0263776449906903,3.34118404499069,4.7139765327127208,1,9,2,75,41
21,10,33,LinearHeuristicAuction,0.1,0.08,,True,,1000,10800,cats_path_g10b50,,False,CATS,50,paths,MultiMinded,91,Balance,4.309999999997672,6.346977999999999,8,1.04535,0.887351,6.307606,5.3841376098417184,4.6742568098417179,5.6581818663497385,1,10,8,79,43
22,10,29,LinearHeuristicAuction,0.1,0.08,,True,,1000,10800,cats_path_g10b50,,False,CATS,50,paths,MultiMinded,81,Balance,3.7800000000279397,3.679525,6,0.81347,0.62753999999999999,3.652153,3.4195655987715114,3.0430415987715116,3.3393438638381228,1,10,6,76,39
23,10,33,LinearHeuristicAuction,0.1,0.08,,True,,1000,10800,cats_path_g10b50,,False,CATS,50,paths,MultiMinded,46,Balance,2.099999999976717,6.968433999999999,9,1.11046,0.85569899999999999,6.968433999999999,5.8633773654238164,5.0987471729163083,6.2886432454296619,1,10,1,76,43
24,10,26,LinearHeuristicAuction,0.1,0.08,,True,,1000,10800,cats_path_g10b50,,False,CATS,50,paths,MultiMinded,67,Balance,2.879999999946449,5.079491000000001,8,0.912266,0.59736,5.071116000000001,4.4266698268936207,3.9487818268936206,4.6928830364662044,1,10,9,71,36
25,10,23,LinearHeuristicAuction,0.1,0.08,,True,,1000,10800,cats_path_g10b50,,False,CATS,50,paths,MultiMinded,41,Balance,1.6700000000419095,5.799925999999999,9,0.932562,0.85897900000000005,5.749066999999999,5.3167459111222737,4.5436648111222731,5.1903618334335553,1,10,5,67,33
26,10,22,LinearHeuristicAuction,0.1,0.08,,True,,1000,10800,cats_path_g10b50,,False,CATS,50,paths,MultiMinded,21,Balance,0.9000000000232831,7.226532999999999,9,1.05046,0.94945649999999993,7.226532999999999,3.8959912719211691,3.2313717219211688,6.6437129959100272,1,10,6,69,32
27,10,33,LinearHeuristicAuction,0.1,0.08,,True,,1000,10800,cats_path_g10b50,,False,CATS,50,paths,MultiMinded,41,Balance,1.9900000000488944,5.22312,8,1.38199,0.74170000000000003,5.22312,4.77349567013494,4.1801356701349395,4.7172547096842514,1,10,6,78,43
28,10,38,LinearHeuristicAuction,0.1,0.08,,True,,1000,10800,cats_path_g10b50,,False,CATS,50,paths,MultiMinded,44,Balance,2.1900000000023283,7.158904,10,1.38531,1.05223,7.130488,6.7589744600058719,5.706744460005873,6.1698125549200906,1,10,2,86,48
29,10,22,LinearHeuristicAuction,0.1,0.08,,True,,1000,10800,cats_path_g10b50,,False,CATS,50,paths,MultiMinded,94,Balance,3.919999999983702,5.222893,7,1.14292,0.81835199999999997,5.222893,4.8193262118244435,4.2464798118244431,4.7486133103131065,1,10,9,65,32
30,10,26,LinearHeuristicAuction,0.1,0.08,,True,,1000,10800,cats_path_g10b50,,False,CATS,50,paths,MultiMinded,33,Balance,1.3800000000046566,8.367289,12,1.00864,0.79848300000000005,8.367289,4.3918811094591037,3.753094709459103,7.8508542073749839,1,10,6,66,36
31,10,34,LinearHeuristicAuction,0.1,0.08,,True,,1000,10800,cats_path_g10b50,,False,CATS,50,paths,MultiMinded,115,Balance,5.350000000034925,7.570106999999999,9,1.56629,0.87534100000000004,7.570106999999999,6.8736429668321755,6.0858360668321749,6.8740841392995478,1,10,4,77,44
32,10,22,LinearHeuristicAuction,0.1,0.08,,True,,1000,10800,cats_path_g10b50,,False,CATS,50,paths,MultiMinded,75,Balance,3.179999999993015,5.8430159999999995,7,0.990041,0.83248200000000006,5.8430159999999995,4.8897778168870074,4.3070404168870082,5.3771879247798227,1,10,8,66,32
33,10,23,LinearHeuristicAuction,0.1,0.08,,True,,1000,10800,cats_path_g10b50,,False,CATS,50,paths,MultiMinded,46,Balance,1.9099999999743886,5.328471,8,1.14706,0.74653400000000003,5.328471,3.8769238887149791,3.2796966887149801,4.833823098368609,1,10,4,67,33
34,10,23,LinearHeuristicAuction,0.1,0.08,,True,,1000,10800,cats_path_g10b50,,False,CATS,50,paths,MultiMinded,44,Balance,1.9699999999720603,4.414205,7,1.07941,0.93713999999999997,4.414205000000001,3.5929715868903545,2.9369735868903546,3.8454629358391719,1,10,3,71,33
35,10,25,LinearHeuristicAuction,0.1,0.08,,True,,1000,10800,cats_path_g10b50,,False,CATS,50,paths,MultiMinded,149,Balance,6.699999999953434,6.118125,8,1.03776,0.84872099999999995,6.074433,5.5785905884743237,4.8996137884743227,5.487338033101345,1,10,4,73,35
36,10,20,LinearHeuristicAuction,0.1,0.08,,True,,1000,10800,cats_path_g10b50,,False,CATS,50,paths,MultiMinded,10,Balance,0.4299999999930151,2.51735,8,0.765931,0.744537,2.491962,2.2916535716485038,1.7704776716485033,2.1321539330270478,1,9,8,67,30
37,10,33,LinearHeuristicAuction,0.1,0.08,,True,,1000,10800,cats_path_g10b50,,False,CATS,50,paths,MultiMinded,31,Balance,1.4600000000209548,6.394280999999999,9,1.32219,0.90059900000000004,6.394280999999999,5.8570658917760907,5.046526791776091,5.5896926456589657,1,10,3,79,43
38,10,37,LinearHeuristicAuction,0.1,0.08,,True,,1000,10800,cats_path_g10b50,,False,CATS,50,paths,MultiMinded,82,Balance,4.119999999995343,4.9241600000000005,8,1.27538,0.75259950000000009,4.9241600000000005,4.4932847443756945,3.8912051443756943,4.3875116389167044,1,10,2,83,47
39,10,36,LinearHeuristicAuction,0.1,0.08,,True,,1000,10800,cats_path_g10b50,,False,CATS,50,paths,MultiMinded,34,Balance,1.6099999999860302,7.180720999999999,10,1.37975,0.95457900000000007,7.178558999999999,6.7224801091789903,5.7679011091789896,6.2949806050098402,1,10,2,79,46
40,10,24,LinearHeuristicAuction,0.1,0.08,,True,,1000,10800,cats_path_g10b50,,False,CATS,50,paths,MultiMinded,42,Balance,1.7199999999720603,7.3709551,10,1.05191,0.99338300000000002,7.311714099999999,6.6043498299700296,5.6393785791647097,6.4739855808708455,1,10,8,67,34
41,10,20,LinearHeuristicAuction,0.1,0.08,,True,,1000,10800,cats_path_g10b50,,False,CATS,50,paths,MultiMinded,46,Balance,1.9400000000023283,11.936720999999999,10,1.66283,1.30715,11.936720999999999,7.4021153657954395,6.6178253657954391,11.261154609773524,1,9,11,68,30
42,10,35,LinearHeuristicAuction,0.1,0.08,,True,,1000,10800,cats_path_g10b50,,False,CATS,50,paths,MultiMinded,52,Balance,2.3999999999650754,5.98905,10,1.26887,0.57787949999999999,5.98905,5.746274538755241,5.1683950387552429,5.436161851802642,1,10,1,77,45
43,10,34,LinearHeuristicAuction,0.1,0.08,,True,,1000,10800,cats_path_g10b50,,False,CATS,50,paths,MultiMinded,15,Balance,0.7000000000116415,5.305578,8,1.49562,0.65433600000000003,5.305578,5.0411952303571654,4.5177264303571638,4.8532370762504966,1,10,4,80,44
44,10,24,LinearHeuristicAuction,0.1,0.08,,True,,1000,10800,cats_path_g10b50,,False,CATS,50,paths,MultiMinded,52,Balance,2.1599999999743886,5.406871999999999,9,0.914107,0.79918800000000001,5.406872,4.6936549395393454,3.9743857395393456,4.7834103939885342,1,10,2,69,34
45,10,33,LinearHeuristicAuction,0.1,0.08,,True,,1000,10800,cats_path_g10b50,,False,CATS,50,paths,MultiMinded,71,Balance,3.360000000044238,4.392568,7,1.04017,0.61580250000000003,4.392568,4.3273855431530741,3.8963237931530741,3.9835503355235762,1,10,4,79,43
46,10,37,LinearHeuristicAuction,0.1,0.08,,True,,1000,10800,cats_path_g10b50,,False,CATS,50,paths,MultiMinded,34,Balance,1.6199999999953434,7.650231000000001,10,1.33928,0.87604700000000002,7.650231000000001,6.9882872584735889,6.1122402584735891,6.7923682430475525,1,10,2,84,47
47,10,26,LinearHeuristicAuction,0.1,0.08,,True,,1000,10800,cats_path_g10b50,,False,CATS,50,paths,MultiMinded,36,Balance,1.5800000000162981,4.863733,8,1.11721,0.68613100000000005,4.847598,4.8414865865006398,4.2925817865006399,4.4817729856940591,1,10,9,72,36
48,10,40,LinearHeuristicAuction,0.1,0.08,,True,,1000,10800,cats_path_g10b50,,False,CATS,50,paths,MultiMinded,219,Balance,10.730000000039581,13.668893,15,1.73275,0.850549,13.668893,6.087530803830826,5.3220367038308245,12.991389263072115,1,10,9,78,50
49,10,25,LinearHeuristicAuction,0.1,0.08,,True,,1000,10800,cats_path_g10b50,,False,CATS,50,paths,MultiMinded,85,Balance,3.679999999993015,4.105134,8,0.775577,0.59589599999999998,4.1034809999999995,3.9388383947821661,3.4621215947821669,3.7043975019022777,1,10,6,70,35
50,10,43,LinearHeuristicAuction,0.1,0.08,,True,,1000,10800,cats_path_g10b50,,False,CATS,50,paths,MultiMinded,50,Balance,2.570000000006985,7.516903,10,1.3359,0.92906500000000003,7.495348,7.2712766781333853,6.3422116781333875,6.6618499551912267,1,10,4,88,53
51,10,23,LinearHeuristicAuction,0.1,0.08,,True,,1000,10800,cats_path_g10b50,,False,CATS,50,paths,MultiMinded,34,Balance,1.4199999999837019,3.8581627999999997,8,0.728995,0.60365150000000001,3.8581627999999997,3.5014539489217786,3.0352575462409632,3.4490394053654869,1,10,11,69,33
52,10,28,LinearHeuristicAuction,0.1,0.08,,True,,1000,10800,cats_path_g10b50,,False,CATS,50,paths,MultiMinded,28,Balance,1.1900000000023283,6.103176,9,1.01863,0.782582,6.103176,5.551907236477569,4.847583436477569,5.425138740197184,1,10,5,75,38
53,10,26,LinearHeuristicAuction,0.1,0.08,,True,,1000,10800,cats_path_g10b50,,False,CATS,50,paths,MultiMinded,37,Balance,1.5499999999883585,9.548895000000002,10,1.84651,1.2191000000000001,9.548895000000002,7.8412958420437562,6.7441058420437567,8.481982072151542,1,9,4,67,36
54,10,30,LinearHeuristicAuction,0.1,0.08,,True,,1000,10800,cats_path_g10b50,,False,CATS,50,paths,MultiMinded,65,Balance,2.900000000023283,3.5444180000000003,9,0.62406,0.46356900000000001,3.5444180000000003,3.2070330076653231,2.7898209076653226,3.1379566210093319,1,10,6,74,40
55,10,24,LinearHeuristicAuction,0.1,0.08,,True,,1000,10800,cats_path_g10b50,,False,CATS,50,paths,MultiMinded,53,Balance,2.2100000000209548,5.614495000000001,7,1.03261,0.81608499999999995,5.565458,5.2101721064490993,4.6389126064491002,5.0891967773062152,1,10,7,69,34
56,10,26,LinearHeuristicAuction,0.1,0.08,,True,,1000,10800,cats_path_g10b50,,False,CATS,50,paths,MultiMinded,41,Balance,1.7800000000279397,5.021542,8,1.22335,0.86009449999999998,5.0143097,4.9107452839293915,4.2226696839293911,4.4674968475991905,1,10,9,72,36
57,10,29,LinearHeuristicAuction,0.1,0.08,,True,,1000,10800,cats_path_g10b50,,False,CATS,50,paths,MultiMinded,40,Balance,1.779999999969732,5.662903,9,1.20543,0.7060765,5.648968999999999,4.9542948062355325,4.318825956235532,5.0677734052239467,1,10,2,72,39
58,10,32,LinearHeuristicAuction,0.1,0.08,,True,,1000,10800,cats_path_g10b50,,False,CATS,50,paths,MultiMinded,40,Balance,1.8699999999953434,5.435453000000001,8,1.10141,0.84788050000000004,5.435453000000001,4.992433272427621,4.314128872427621,4.7644619200000005,1,10,1,79,42
59,10,31,LinearHeuristicAuction,0.1,0.08,,True,,1000,10800,cats_path_g10b50,,False,CATS,50,paths,MultiMinded,62,Balance,2.900000000023283,7.500881000000001,9,1.37858,1.0170600000000001,7.500881000000001,6.999779131742021,6.0844251317420204,6.6927139556257851,1,10,3,76,41
60,10,18,LinearHeuristicAuction,0.1,0.08,,True,,1000,10800,cats_path_g10b50,,False,CATS,50,paths,MultiMinded,11,Balance,0.4400000000023283,3.938055,6,1.01239,0.77787200000000001,3.907339,3.0761408979291369,2.6094176979291377,3.6066779739931092,1,10,12,62,28
61,10,39,LinearHeuristicAuction,0.1,0.08,,True,,1000,10800,cats_path_g10b50,,False,CATS,50,paths,MultiMinded,36,Balance,1.7399999999906868,6.514431,10,1.15445,0.68256899999999998,6.506976999999999,5.6795287352790611,4.9969597352790611,5.8974240914423932,1,10,2,81,49
62,10,24,LinearHeuristicAuction,0.1,0.08,,True,,1000,10800,cats_path_g10b50,,False,CATS,50,paths,MultiMinded,190,Balance,8.630000000004657,5.874828,8,1.13322,0.74950450000000002,5.84206,5.3605949467896936,4.7609913467896936,5.3943768426887893,1,10,4,68,34
63,10,26,LinearHeuristicAuction,0.1,0.08,,True,,1000,10800,cats_path_g10b50,,False,CATS,50,paths,MultiMinded,81,Balance,3.3500000000349246,10.817572,15,1.05624,0.85327799999999998,10.817572,4.6052395526657603,3.8372893526657599,10.146681304835656,1,10,4,66,36
64,10,15,LinearHeuristicAuction,0.1,0.08,,True,,1000,10800,cats_path_g10b50,,False,CATS,50,paths,MultiMinded,24,Balance,1.070000000006985,4.3252115,8,1.18924,0.88682499999999997,4.325211500000001,3.7884104630341193,3.1242809640875353,3.7668376274709012,1,10,17,66,25
65,10,35,LinearHeuristicAuction,0.1,0.08,,True,,1000,10800,cats_path_g10b50,,False,CATS,50,paths,MultiMinded,60,Balance,2.8099999999976717,9.498291,10,1.37422,0.81186400000000003,9.498291,6.3796345418902911,5.7116681067905626,8.9154670995116447,1,10,4,75,45
66,10,22,LinearHeuristicAuction,0.1,0.08,,True,,1000,10800,cats_path_g10b50,,False,CATS,50,paths,MultiMinded,62,Balance,2.550000000046566,6.527464,7,1.20805,0.92267349999999992,6.527464,5.6536520845735678,5.0077806345735665,5.9024262104536023,1,10,9,70,32
67,10,31,LinearHeuristicAuction,0.1,0.08,,True,,1000,10800,cats_path_g10b50,,False,CATS,50,paths,MultiMinded,62,Balance,2.7999999999883585,4.99912,8,0.980804,0.62215900000000002,4.989660000000001,4.6903630716519382,4.1926358716519383,4.5453136226939979,1,10,10,76,41
68,10,21,LinearHeuristicAuction,0.1,0.08,,True,,1000,10800,cats_path_g10b50,,False,CATS,50,paths,MultiMinded,56,Balance,2.4500000000116415,4.354444,7,1.10844,0.58718800000000004,4.354444,4.0166400605183306,3.6056084605183312,3.9525360959882616,1,10,15,71,31
69,10,31,LinearHeuristicAuction,0.1,0.08,,True,,1000,10800,cats_path_g10b50,,False,CATS,50,paths,MultiMinded,87,Balance,4.03000000002794,4.638021,8,0.932286,0.72681200000000001,4.5660799999999995,4.429590818207882,3.8481412182078829,4.1003480126141794,1,10,5,77,41
70,10,32,LinearHeuristicAuction,0.1,0.08,,True,,1000,10800,cats_path_g10b50,,False,CATS,50,paths,MultiMinded,88,Balance,3.970000000030268,5.529561,10,0.883645,0.71283099999999999,5.505921,5.0710898567878457,4.3582588567878462,4.8670456069956858,1,10,2,76,42
71,10,29,LinearHeuristicAuction,0.1,0.08,,True,,1000,10800,cats_path_g10b50,,False,CATS,50,paths,MultiMinded,52,Balance,2.3099999999976717,3.8155849999999996,8,0.722118,0.584781,3.799984,3.5346720147768353,3.066847214776836,3.4268161040020364,1,10,5,74,39
72,10,23,LinearHeuristicAuction,0.1,0.08,,True,,1000,10800,cats_path_g10b50,,False,CATS,50,paths,MultiMinded,61,Balance,2.519999999960419,4.337076,9,1.09941,0.63108900000000001,4.337076,4.0729575936268869,3.5049774936268872,3.8370314278483844,1,10,4,68,33
73,10,23,LinearHeuristicAuction,0.1,0.08,,True,,1000,10800,cats_path_g10b50,,False,CATS,50,paths,MultiMinded,15,Balance,0.6400000000139698,4.733565,7,1.17805,0.79788950000000003,4.733565,4.599993429405548,4.0414707794055467,4.2965764561683875,1,10,7,68,33
74,10,28,LinearHeuristicAuction,0.1,0.08,,True,,1000,10800,cats_path_g10b50,,False,CATS,50,paths,MultiMinded,29,Balance,1.2600000000093132,4.250006,8,0.944433,0.60220899999999999,4.232692999999999,4.0955116244333594,3.6137444244333596,3.8543548825129421,1,10,5,74,38
75,10,23,LinearHeuristicAuction,0.1,0.08,,True,,1000,10800,cats_path_g10b50,,False,CATS,50,paths,MultiMinded,62,Balance,2.679999999993015,4.765222,7,0.954458,0.87700599999999995,4.765222,4.534612261092632,3.9207080610926326,4.2674276278449588,1,10,6,72,33
76,10,29,LinearHeuristicAuction,0.1,0.08,,True,,1000,10800,cats_path_g10b50,,False,CATS,50,paths,MultiMinded,29,Balance,1.3599999999860302,6.904471,9,1.28641,1.1137699999999999,6.904471,5.6379197799179224,4.7469037799179219,6.1937278981016579,1,9,10,80,39
77,10,20,LinearHeuristicAuction,0.1,0.08,,True,,1000,10800,cats_path_g10b50,,False,CATS,50,paths,MultiMinded,201,Balance,9.220000000030268,3.7830920000000003,7,0.987819,0.58873500000000001,3.7830920000000003,3.5533748259002778,3.1412603259002783,3.4354938378856303,1,10,4,68,30
78,10,31,LinearHeuristicAuction,0.1,0.08,,True,,1000,10800,cats_path_g10b50,,False,CATS,50,paths,MultiMinded,50,Balance,2.3800000000046566,6.355665,9,1.59706,0.92678550000000004,6.355665,6.1620167354492894,5.3279097854492914,5.6134282829461899,1,10,1,82,41
79,10,26,LinearHeuristicAuction,0.1,0.08,,True,,1000,10800,cats_path_g10b50,,False,CATS,50,paths,MultiMinded,208,Balance,8.929999999993015,6.17396,9,1.51269,0.757185,6.17396,5.5872351493857906,4.9057686493857924,5.5651256255093795,1,10,1,69,36
80,10,28,LinearHeuristicAuction,0.1,0.08,,True,,1000,10800,cats_path_g10b50,,False,CATS,50,paths,MultiMinded,36,Balance,1.570000000006985,6.124957,9,1.1598,0.90218600000000004,6.082685,5.683277827317176,4.8713104273171757,5.4022256100306159,1,10,6,73,38
81,10,27,LinearHeuristicAuction,0.1,0.08,,True,,1000,10800,cats_path_g10b50,,False,CATS,50,paths,MultiMinded,89,Balance,3.929999999993015,6.033706,7,1.09603,0.84438299999999999,6.033706,5.3063406006894116,4.7152725006894114,5.5246277089189482,1,10,6,73,37
82,10,40,LinearHeuristicAuction,0.1,0.08,,True,,1000,10800,cats_path_g10b50,,False,CATS,50,paths,MultiMinded,40,Balance,1.9600000000209548,7.125598999999999,10,1.12357,0.66202150000000004,7.085456000000001,6.4908373008619797,5.828815800861979,6.486253306602717,1,10,1,83,50
83,10,29,LinearHeuristicAuction,0.1,0.08,,True,,1000,10800,cats_path_g10b50,,False,CATS,50,paths,MultiMinded,24,Balance,1.0500000000465661,4.406853099999999,9,0.788029,0.64298299999999997,4.406853099999999,4.1695007586500639,3.6123390702867333,3.9076071689656731,1,10,2,73,39
84,10,23,LinearHeuristicAuction,0.1,0.08,,True,,1000,10800,cats_path_g10b50,,False,CATS,50,paths,MultiMinded,28,Balance,1.1599999999743886,4.1736754000000005,8,0.851051,0.68298999999999999,4.127139000000001,2.9080654416144349,2.4671864302806075,3.837999766127278,1,10,7,64,33
85,10,26,LinearHeuristicAuction,0.1,0.08,,True,,1000,10800,cats_path_g10b50,,False,CATS,50,paths,MultiMinded,81,Balance,3.39000000001397,6.722310500000001,10,1.11978,0.81925350000000008,6.722310500000001,6.2207590581259193,5.4015055581259199,5.9805247233542005,1,10,1,69,36
86,10,25,LinearHeuristicAuction,0.1,0.08,,True,,1000,10800,cats_path_g10b50,,False,CATS,50,paths,MultiMinded,96,Balance,4.25,6.8755869999999994,10,1.01302,0.62419199999999997,6.8755869999999994,3.4484018278581461,2.949048227858146,6.4401886005968265,1,10,5,69,35
87,10,19,LinearHeuristicAuction,0.1,0.08,,True,,1000,10800,cats_path_g10b50,,False,CATS,50,paths,MultiMinded,61,Balance,2.7199999999720603,7.4913935,12,0.90213,0.84762199999999999,7.4913935,3.1926316710523142,2.5040754175788269,6.8760022562921748,1,9,6,66,29
88,10,24,LinearHeuristicAuction,0.1,0.08,,True,,1000,10800,cats_path_g10b50,,False,CATS,50,paths,MultiMinded,51,Balance,2.2100000000209548,6.671337600000001,9,1.23763,0.97929250000000001,6.671337600000001,5.5439198683914572,4.7001115031016845,5.9380803735049792,1,10,10,70,34
89,10,30,LinearHeuristicAuction,0.1,0.08,,True,,1000,10800,cats_path_g10b50,,False,CATS,50,paths,MultiMinded,62,Balance,2.75,4.893484,9,0.957818,0.66029399999999994,4.891447,3.8680997267284942,3.3398645267284937,4.4303015493936009,1,9,3,77,40
90,10,24,LinearHeuristicAuction,0.1,0.08,,True,,1000,10800,cats_path_g10b50,,False,CATS,50,paths,MultiMinded,85,Balance,3.64000000001397,4.9815499999999995,8,1.03037,0.59696149999999992,4.9815499999999995,4.6664614761204586,4.1888922761204581,4.5201090470574625,1,10,3,71,34
91,10,26,LinearHeuristicAuction,0.1,0.08,,True,,1000,10800,cats_path_g10b50,,False,CATS,50,paths,MultiMinded,196,Balance,8.85999999998603,5.608700000000001,9,1.15219,0.65921200000000002,5.57231,4.8499847402219558,4.2566939402219557,5.0185575609807627,1,10,2,72,36
92,10,29,LinearHeuristicAuction,0.1,0.08,,True,,1000,10800,cats_path_g10b50,,False,CATS,50,paths,MultiMinded,14,Balance,0.5999999999767169,6.734538,7,1.30249,1.03973,6.734538,6.2677705647103359,5.5399595647103368,6.3181677895977666,1,10,14,71,39
93,10,36,LinearHeuristicAuction,0.1,0.08,,True,,1000,10800,cats_path_g10b50,,False,CATS,50,paths,MultiMinded,25,Balance,1.1900000000023283,5.941976,7,1.19352,0.81540649999999992,5.940651000000001,5.7248199110916849,5.1540353610916849,5.4521616165811748,1,10,2,82,46
94,10,36,LinearHeuristicAuction,0.1,0.08,,True,,1000,10800,cats_path_g10b50,,False,CATS,50,paths,MultiMinded,32,Balance,1.5100000000093132,6.659274999999999,10,1.32087,0.72828700000000002,6.659274999999999,6.228953115911807,5.5006661159118062,5.9989803279836806,1,10,1,81,46
95,10,20,LinearHeuristicAuction,0.1,0.08,,True,,1000,10800,cats_path_g10b50,,False,CATS,50,paths,MultiMinded,10,Balance,0.39000000001396984,5.242984999999999,7,0.986125,0.95783799999999997,5.234794999999999,4.1479708349293345,3.5514709331518772,4.8788796864944626,1,10,14,63,30
96,10,27,LinearHeuristicAuction,0.1,0.08,,True,,1000,10800,cats_path_g10b50,,False,CATS,50,paths,MultiMinded,27,Balance,1.1700000000419095,5.968370999999999,9,1.36717,0.912686,5.963214000000001,5.5525586942011831,4.7311412942011843,5.2136720182420628,1,10,4,73,37
97,10,40,LinearHeuristicAuction,0.1,0.08,,True,,1000,10800,cats_path_g10b50,,False,CATS,50,paths,MultiMinded,74,Balance,3.6599999999743886,5.874736,10,1.39812,0.64802099999999996,5.861514999999999,5.4338686249112147,4.7858476249112138,5.2755441730910873,1,10,3,85,50
98,10,29,LinearHeuristicAuction,0.1,0.08,,True,,1000,10800,cats_path_g10b50,,False,CATS,50,paths,MultiMinded,98,Balance,4.480000000039581,8.221217,9,1.32075,0.95510399999999995,8.182974999999999,7.1813037806149982,6.321710180614998,7.4972373136491264,1,10,5,73,39
99,10,24,LinearHeuristicAuction,0.1,0.08,,True,,1000,10800,cats_path_g10b50,,False,CATS,50,paths,MultiMinded,55,Balance,2.300000000046566,4.068553,8,0.837895,0.57574999999999998,4.068553,3.8356829282698692,3.3750829282698698,3.6797101375100945,1,10,6,67,34
100,10,26,LinearHeuristicAuction,0.1,0.08,,True,,1000,10800,cats_path_g10b50,,False,CATS,50,paths,MultiMinded,74,Balance,3.2000000000116415,5.4685310000000005,9,1.22663,0.78226099999999998,5.463355000000001,4.9038346899068195,4.1997997899068178,4.8497475538507588,1,10,6,71,36
