idx,items,agents,auction_class,epsilon,stepc,epoch,scalebyvalue,reserve_type,maxiter,maxtime,generator_param_name,personalized,int_prices,generator,bids,distribution,type,rounds,status,runtime,efficient_value,final_num_winners,final_max_agent_value,final_scalevalue,final_value,final_total_price,final_revenue,final_indirect_util,final_price_degree,final_price_sparsity,final_imbalance,final_wd_nvars,final_wd_ncons
1,10,41,LinearSubgradientAuction,0.025,0.01,,True,,1000,10800,cats_path_g10b50,,False,CATS,50,paths,MultiMinded,1000,MaxIter,487.86,5.1295980000000005,10,1.05837,0.48806749999999999,4.759539,3.3508955161669083,2.93933180132615,5.4944670604525792,1,9,4,820,1199
2,10,32,LinearSubgradientAuction,0.025,0.01,,True,,1000,10800,cats_path_g10b50,,False,CATS,50,paths,MultiMinded,1000,MaxIter,377.28,5.881798,8,0.89658,0.700376,4.146522,4.06540707454384,2.5817899276776575,4.642782430241569,1,9,9,640,938
3,10,23,LinearSubgradientAuction,0.025,0.01,,True,,1000,10800,cats_path_g10b50,,False,CATS,50,paths,MultiMinded,1000,MaxIter,290.04,6.1772789999999995,8,1.4872,0.84460199999999996,6.1772789999999995,5.0259322210830755,4.8570118210830762,6.3013871835236737,1,10,4,483,723
4,10,24,LinearSubgradientAuction,0.025,0.01,,True,,1000,10800,cats_path_g10b50,,False,CATS,50,paths,MultiMinded,1000,MaxIter,294.17,5.0370452,7,0.92099,0.79058200000000001,4.1160552,3.6763699941539856,2.4431007696975473,3.8038266506957887,1,10,6,504,754
5,10,34,LinearSubgradientAuction,0.025,0.01,,True,,1000,10800,cats_path_g10b50,,False,CATS,50,paths,MultiMinded,1000,MaxIter,427.85,6.641525,9,1.19553,0.74441100000000004,5.678814,6.0172602493414402,5.040674253022531,6.0194045002046526,1,10,7,714,1064
6,10,26,LinearSubgradientAuction,0.025,0.01,,True,,1000,10800,cats_path_g10b50,,False,CATS,50,paths,MultiMinded,1000,MaxIter,329.33,7.117255999999999,7,1.27499,1.03579,4.83355,5.200287857369509,1.8523339711312701,4.5749060118940497,1,10,16,546,816
7,10,30,LinearSubgradientAuction,0.025,0.01,,True,,1000,10800,cats_path_g10b50,,False,CATS,50,paths,MultiMinded,1000,MaxIter,372.97,5.604355000000001,7,0.860832,0.57241200000000003,3.1112379999999997,3.580692130870343,1.9408476154546848,4.1396857788010095,1,10,11,630,940
8,10,29,LinearSubgradientAuction,0.025,0.01,,True,,1000,10800,cats_path_g10b50,,False,CATS,50,paths,MultiMinded,1000,MaxIter,362.48,4.14936,7,1.21473,0.53942699999999999,3.058805,3.9595109537954718,2.8481302254000447,3.0625248296381131,1,10,5,609,909
9,10,34,LinearSubgradientAuction,0.025,0.01,,True,,1000,10800,cats_path_g10b50,,False,CATS,50,paths,MultiMinded,883,Balance,375.67,8.312487,10,1.40383,1.19224,8.312487,7.5978990738644221,7.2998390738644234,8.044035432996429,1,10,1,714,1064
10,10,35,LinearSubgradientAuction,0.025,0.01,,True,,1000,10800,cats_path_g10b50,,False,CATS,50,paths,MultiMinded,1000,MaxIter,432.61,5.813495100000001,9,1.32539,0.73520450000000004,5.752762100000001,5.1880374542405283,5.0226164417405279,5.8099712941221391,1,10,3,735,1095
11,10,32,LinearSubgradientAuction,0.025,0.01,,True,,1000,10800,cats_path_g10b50,,False,CATS,50,paths,MultiMinded,912,Balance,365.28,5.665188000000001,8,0.988013,0.84758449999999996,5.650163000000001,5.2802921166776464,5.1107752166776459,5.5047762067581134,1,10,10,672,1002
12,10,31,LinearSubgradientAuction,0.025,0.01,,True,,1000,10800,cats_path_g10b50,,False,CATS,50,paths,MultiMinded,1000,MaxIter,386.01,5.822862,8,1.20008,0.80469999999999997,5.822862,4.6753469264436625,4.5144069264436641,5.9351937234105101,1,10,2,651,971
13,10,24,LinearSubgradientAuction,0.025,0.01,,True,,1000,10800,cats_path_g10b50,,False,CATS,50,paths,MultiMinded,1000,MaxIter,302.43,5.960460200000001,7,1.3072,0.85787999999999998,5.012625,4.7922037043228816,3.1262102826724432,4.8661002418768113,1,10,8,504,754
14,10,17,LinearSubgradientAuction,0.025,0.01,,True,,1000,10800,cats_path_g10b50,,False,CATS,50,paths,MultiMinded,1000,MaxIter,214.43,5.653834,7,0.86218,0.82208099999999995,4.526801,2.4798773794017799,1.4709913542366697,5.0377681131369307,1,10,6,357,537
15,10,33,LinearSubgradientAuction,0.025,0.01,,True,,1000,10800,cats_path_g10b50,,False,CATS,50,paths,MultiMinded,1000,MaxIter,417.99,5.368371,10,1.226,0.410271,4.815174,4.0883228911835161,3.5364914880464626,6.4834762743871837,1,10,9,693,1033
16,10,34,LinearSubgradientAuction,0.025,0.01,,True,,1000,10800,cats_path_g10b50,,False,CATS,50,paths,MultiMinded,1000,MaxIter,399.88,6.969046,10,1.43412,0.68306999999999995,6.8636289999999995,5.222692990626868,5.0690022406268671,7.3765912112850494,1,9,3,680,996
17,10,30,LinearSubgradientAuction,0.025,0.01,,True,,1000,10800,cats_path_g10b50,,False,CATS,50,paths,MultiMinded,1000,MaxIter,372.77000000000004,6.379521,9,1.33671,0.75658099999999995,6.339200999999999,5.4822020195676942,5.3119712945676962,6.6512699464715261,1,10,3,630,940
18,10,28,LinearSubgradientAuction,0.025,0.01,,True,,1000,10800,cats_path_g10b50,,False,CATS,50,paths,MultiMinded,1000,MaxIter,346.64,3.7659457999999995,10,0.809737,0.424898,3.6925779999999997,3.2334691545722491,3.0645967345883274,3.7366955687964625,1,10,5,588,878
19,10,29,LinearSubgradientAuction,0.025,0.01,,True,,1000,10800,cats_path_g10b50,,False,CATS,50,paths,MultiMinded,1000,MaxIter,363.39,5.399328000000001,6,0.984412,0.88883350000000005,4.1194120000000005,4.7149187860573747,2.4263526894049194,3.153269661454452,1,10,9,609,909
20,10,31,LinearSubgradientAuction,0.025,0.01,,True,,1000,10800,cats_path_g10b50,,False,CATS,50,paths,MultiMinded,992,Balance,364.58,5.347376,9,1.11574,0.85649200000000003,5.347376,3.9883692261500787,3.8170708261500788,5.2071939908658322,1,9,6,620,909
21,10,33,LinearSubgradientAuction,0.025,0.01,,True,,1000,10800,cats_path_g10b50,,False,CATS,50,paths,MultiMinded,1000,MaxIter,411.73999999999995,6.346977999999999,7,1.04535,0.887351,5.031109000000001,4.7100837802422468,2.9658762685336817,4.8831340915666024,1,10,8,693,1033
22,10,29,LinearSubgradientAuction,0.025,0.01,,True,,1000,10800,cats_path_g10b50,,False,CATS,50,paths,MultiMinded,1000,MaxIter,364.95000000000005,3.679525,6,0.81347,0.62753999999999999,2.769698,2.9690960971422564,1.9854710902398565,2.9780816892406134,1,10,5,609,909
23,10,33,LinearSubgradientAuction,0.025,0.01,,True,,1000,10800,cats_path_g10b50,,False,CATS,50,paths,MultiMinded,1000,MaxIter,393.65,6.968433999999999,9,1.11046,0.85569899999999999,6.7449639999999995,5.5329319040955278,5.115945487513506,7.081966709550688,1,10,5,693,1033
24,10,26,LinearSubgradientAuction,0.025,0.01,,True,,1000,10800,cats_path_g10b50,,False,CATS,50,paths,MultiMinded,1000,MaxIter,328.31000000000006,5.079491000000001,7,0.912266,0.59736,3.805512,3.8265769919454193,2.7058462224101558,4.5567156483849853,1,10,11,546,816
25,10,23,LinearSubgradientAuction,0.025,0.01,,True,,1000,10800,cats_path_g10b50,,False,CATS,50,paths,MultiMinded,1000,MaxIter,285.00000000000006,5.799925999999999,9,0.932562,0.85897900000000005,5.00082,4.6043579289928109,3.5570897783959667,5.5144327459542852,1,10,6,483,723
26,10,22,LinearSubgradientAuction,0.025,0.01,,True,,1000,10800,cats_path_g10b50,,False,CATS,50,paths,MultiMinded,1000,MaxIter,278.4000000000001,7.226532999999999,6,1.05046,0.94945649999999993,2.5635030000000003,3.5014032161073723,2.246846990816898,5.9737157083195473,1,10,10,462,692
27,10,33,LinearSubgradientAuction,0.025,0.01,,True,,1000,10800,cats_path_g10b50,,False,CATS,50,paths,MultiMinded,1000,MaxIter,411.42999999999995,5.22312,7,1.38199,0.74170000000000003,4.136955,4.6212918466656081,3.3920985676042554,4.2162335173451631,1,10,6,693,1033
28,10,38,LinearSubgradientAuction,0.025,0.01,,True,,1000,10800,cats_path_g10b50,,False,CATS,50,paths,MultiMinded,1000,MaxIter,482.7400000000001,7.158904,9,1.38531,1.05223,6.422575,6.5999032153371679,5.6283406980434973,6.2593458017745025,1,10,3,798,1188
29,10,22,LinearSubgradientAuction,0.025,0.01,,True,,1000,10800,cats_path_g10b50,,False,CATS,50,paths,MultiMinded,1000,MaxIter,277.51,5.222893,7,1.14292,0.81835199999999997,4.500511,3.843040563347059,2.1444095786441557,4.3531134965525169,1,10,6,462,692
30,10,26,LinearSubgradientAuction,0.025,0.01,,True,,1000,10800,cats_path_g10b50,,False,CATS,50,paths,MultiMinded,1000,MaxIter,326.96000000000004,8.367289,7,1.00864,0.79848300000000005,4.57805,4.3508798344623854,3.1311571437717363,7.339687270442349,1,10,10,546,816
31,10,34,LinearSubgradientAuction,0.025,0.01,,True,,1000,10800,cats_path_g10b50,,False,CATS,50,paths,MultiMinded,1000,MaxIter,430.7700000000001,7.570106999999999,9,1.56629,0.87534100000000004,6.643089999999999,5.9655010874184677,4.9144064882122427,7.3739753839710733,1,10,4,714,1064
32,10,22,LinearSubgradientAuction,0.025,0.01,,True,,1000,10800,cats_path_g10b50,,False,CATS,50,paths,MultiMinded,1000,MaxIter,276.99,5.8430159999999995,6,0.990041,0.83248200000000006,4.54484,4.5466648049512974,2.6789460941715291,4.168919008682912,1,10,8,462,692
33,10,23,LinearSubgradientAuction,0.025,0.01,,True,,1000,10800,cats_path_g10b50,,False,CATS,50,paths,MultiMinded,1000,MaxIter,289.2199999999999,5.328471,7,1.14706,0.74653400000000003,3.7785390000000003,3.5423155244278406,2.2990154017784143,4.2771893247267814,1,10,4,483,723
34,10,23,LinearSubgradientAuction,0.025,0.01,,True,,1000,10800,cats_path_g10b50,,False,CATS,50,paths,MultiMinded,1000,MaxIter,287.3599999999999,4.414205,6,1.07941,0.93713999999999997,3.193609,3.4798990567085042,1.7078742239424261,2.6634764262285269,1,10,2,483,723
35,10,25,LinearSubgradientAuction,0.025,0.01,,True,,1000,10800,cats_path_g10b50,,False,CATS,50,paths,MultiMinded,1000,MaxIter,313.7499999999999,6.118125,7,1.03776,0.84872099999999995,5.740156,4.830118664049543,4.2047036116628602,5.9513860413362343,1,10,8,525,785
36,10,20,LinearSubgradientAuction,0.025,0.01,,True,,1000,10800,cats_path_g10b50,,False,CATS,50,paths,MultiMinded,382,Balance,91.0,2.51735,9,0.765931,0.744537,2.51735,2.1737494793069372,2.0433989507195207,2.4234114341028317,1,9,3,400,590
37,10,33,LinearSubgradientAuction,0.025,0.01,,True,,1000,10800,cats_path_g10b50,,False,CATS,50,paths,MultiMinded,1000,MaxIter,410.09000000000003,6.394280999999999,9,1.32219,0.90059900000000004,6.252431,5.6428224609654549,5.440187685965455,6.3091611372812295,1,10,2,693,1033
38,10,37,LinearSubgradientAuction,0.025,0.01,,True,,1000,10800,cats_path_g10b50,,False,CATS,50,paths,MultiMinded,1000,MaxIter,472.5,4.9241600000000005,9,1.27538,0.75259950000000009,4.651465,4.3720283788700423,3.8173775789461493,4.5390922921915253,1,10,3,777,1157
39,10,36,LinearSubgradientAuction,0.025,0.01,,True,,1000,10800,cats_path_g10b50,,False,CATS,50,paths,MultiMinded,1000,MaxIter,454.5,7.180720999999999,9,1.37975,0.95457900000000007,6.766033999999999,6.3639611779631036,5.7981353384749896,6.7575949441637606,1,10,3,756,1126
40,10,24,LinearSubgradientAuction,0.025,0.01,,True,,1000,10800,cats_path_g10b50,,False,CATS,50,paths,MultiMinded,1000,MaxIter,296.19000000000005,7.3709551,10,1.05191,0.99338300000000002,6.6565311,5.9440413965482115,5.0508024132111684,7.0229504601367587,1,10,6,504,754
41,10,20,LinearSubgradientAuction,0.025,0.01,,True,,1000,10800,cats_path_g10b50,,False,CATS,50,paths,MultiMinded,1000,MaxIter,251.99,11.936720999999999,8,1.66283,1.30715,3.858937,6.4972812088022867,2.8611519252221034,8.920707506935095,1,10,15,420,630
42,10,35,LinearSubgradientAuction,0.025,0.01,,True,,1000,10800,cats_path_g10b50,,False,CATS,50,paths,MultiMinded,1000,MaxIter,438.16999999999985,5.98905,9,1.26887,0.57787949999999999,5.036561000000001,4.8282385035729583,4.2090427572858014,6.5154446775581825,1,10,11,735,1095
43,10,34,LinearSubgradientAuction,0.025,0.01,,True,,1000,10800,cats_path_g10b50,,False,CATS,50,paths,MultiMinded,664,Balance,284.14999999999986,5.305578,8,1.49562,0.65433600000000003,5.305578,4.9999147204669674,4.8690475204669683,5.1749174403618152,1,10,3,714,1064
44,10,24,LinearSubgradientAuction,0.025,0.01,,True,,1000,10800,cats_path_g10b50,,False,CATS,50,paths,MultiMinded,1000,MaxIter,301.73,5.406871999999999,7,0.914107,0.79918800000000001,4.393711,4.2562342839069194,2.467616001481447,3.9273503244514951,1,10,11,504,754
45,10,33,LinearSubgradientAuction,0.025,0.01,,True,,1000,10800,cats_path_g10b50,,False,CATS,50,paths,MultiMinded,1000,MaxIter,409.5799999999999,4.392568,8,1.04017,0.61580250000000003,4.048432,3.8435341210717024,3.4379593775285811,4.3490937702652905,1,10,2,693,1033
46,10,37,LinearSubgradientAuction,0.025,0.01,,True,,1000,10800,cats_path_g10b50,,False,CATS,50,paths,MultiMinded,1000,MaxIter,464.54999999999995,7.650231000000001,10,1.33928,0.87604700000000002,7.650231000000001,6.6489426431819236,6.4299308931819237,7.9791975969693967,1,10,2,777,1157
47,10,26,LinearSubgradientAuction,0.025,0.01,,True,,1000,10800,cats_path_g10b50,,False,CATS,50,paths,MultiMinded,1000,MaxIter,327.77,4.863733,6,1.11721,0.68613100000000005,4.328293,4.1422257695646643,3.0283605478211042,4.1563890097453022,1,10,9,546,816
48,10,40,LinearSubgradientAuction,0.025,0.01,,True,,1000,10800,cats_path_g10b50,,False,CATS,50,paths,MultiMinded,1000,MaxIter,505.1299999999999,13.668893,9,1.73275,0.850549,5.382038,4.5920359386671281,3.4742218086049901,13.131039490064044,1,10,10,840,1250
49,10,25,LinearSubgradientAuction,0.025,0.01,,True,,1000,10800,cats_path_g10b50,,False,CATS,50,paths,MultiMinded,1000,MaxIter,312.1399999999999,4.105134,8,0.775577,0.59589599999999998,3.740192,3.621203858481894,2.9645468293149442,3.8459775959741926,1,10,6,525,785
50,10,43,LinearSubgradientAuction,0.025,0.01,,True,,1000,10800,cats_path_g10b50,,False,CATS,50,paths,MultiMinded,1000,MaxIter,550.0,7.516903,10,1.3359,0.92906500000000003,7.299752000000001,6.9916480382669191,6.3420166109959935,7.3589070682982722,1,10,2,903,1343
51,10,23,LinearSubgradientAuction,0.025,0.01,,True,,1000,10800,cats_path_g10b50,,False,CATS,50,paths,MultiMinded,1000,MaxIter,288.9399999999998,3.8581627999999997,7,0.728995,0.60365150000000001,3.0095497999999994,3.2718221379099885,2.1138360594843602,2.8463497389749106,1,10,9,483,723
52,10,28,LinearSubgradientAuction,0.025,0.01,,True,,1000,10800,cats_path_g10b50,,False,CATS,50,paths,MultiMinded,1000,MaxIter,353.3900000000001,6.103176,8,1.01863,0.782582,4.705737999999999,5.4398283248929102,3.321896574682937,4.0128544382386693,1,10,9,588,878
53,10,26,LinearSubgradientAuction,0.025,0.01,,True,,1000,10800,cats_path_g10b50,,False,CATS,50,paths,MultiMinded,1000,MaxIter,307.83000000000015,9.548895000000002,8,1.84651,1.2191000000000001,7.350653000000001,7.2596116259999688,4.3599775652729074,6.7287950949525861,1,9,10,520,764
54,10,30,LinearSubgradientAuction,0.025,0.01,,True,,1000,10800,cats_path_g10b50,,False,CATS,50,paths,MultiMinded,1000,MaxIter,353.24,3.5444180000000003,9,0.62406,0.46356900000000001,3.436186,2.952331424985783,2.8480283999857838,3.5167245544866379,1,10,4,630,940
55,10,24,LinearSubgradientAuction,0.025,0.01,,True,,1000,10800,cats_path_g10b50,,False,CATS,50,paths,MultiMinded,1000,MaxIter,301.6099999999999,5.614495000000001,7,1.03261,0.81608499999999995,4.553611,4.6942856309591576,3.1934550657815426,4.3618028897287697,1,10,9,504,754
56,10,26,LinearSubgradientAuction,0.025,0.01,,True,,1000,10800,cats_path_g10b50,,False,CATS,50,paths,MultiMinded,1000,MaxIter,329.53,5.021542,6,1.22335,0.86009449999999998,3.3549360000000004,4.8457193873818785,3.0941380722025622,3.3647888756538951,1,10,9,546,816
57,10,29,LinearSubgradientAuction,0.025,0.01,,True,,1000,10800,cats_path_g10b50,,False,CATS,50,paths,MultiMinded,1000,MaxIter,364.03999999999996,5.662903,7,1.20543,0.7060765,4.608816,4.7732552068072938,3.2784845236104916,4.3074770493953407,1,10,7,609,909
58,10,32,LinearSubgradientAuction,0.025,0.01,,True,,1000,10800,cats_path_g10b50,,False,CATS,50,paths,MultiMinded,1000,MaxIter,396.45000000000005,5.435453000000001,7,1.10141,0.84788050000000004,5.117759000000001,4.8068702996752553,4.6584912121752549,5.4498512103762113,1,10,1,672,1002
59,10,31,LinearSubgradientAuction,0.025,0.01,,True,,1000,10800,cats_path_g10b50,,False,CATS,50,paths,MultiMinded,1000,MaxIter,363.6899999999998,7.500881000000001,8,1.37858,1.0170600000000001,7.146142,6.2861248913514833,4.8646013214669326,6.738726711766942,1,10,9,651,971
60,10,18,LinearSubgradientAuction,0.025,0.01,,True,,1000,10800,cats_path_g10b50,,False,CATS,50,paths,MultiMinded,1000,MaxIter,226.45000000000005,3.938055,6,1.01239,0.77787200000000001,3.3282049999999996,2.9790683541933713,1.7912897644500785,2.7513209893373922,1,10,6,378,568
61,10,39,LinearSubgradientAuction,0.025,0.01,,True,,1000,10800,cats_path_g10b50,,False,CATS,50,paths,MultiMinded,1000,MaxIter,489.1399999999999,6.514431,10,1.15445,0.68256899999999998,5.629995,5.3931426958393827,4.6891152468604611,6.1630062248939845,1,10,7,819,1219
62,10,24,LinearSubgradientAuction,0.025,0.01,,True,,1000,10800,cats_path_g10b50,,False,CATS,50,paths,MultiMinded,1000,MaxIter,302.8399999999999,5.874828,8,1.13322,0.74950450000000002,5.339516,3.4388748886673466,2.866295430567869,6.7053381961078315,1,10,5,504,754
63,10,26,LinearSubgradientAuction,0.025,0.01,,True,,1000,10800,cats_path_g10b50,,False,CATS,50,paths,MultiMinded,1000,MaxIter,326.51,10.817572,8,1.05624,0.85327799999999998,4.867725999999999,3.7987776005644802,3.5075537678983282,11.064133653693215,1,10,16,546,816
64,10,15,LinearSubgradientAuction,0.025,0.01,,True,,1000,10800,cats_path_g10b50,,False,CATS,50,paths,MultiMinded,1000,MaxIter,192.91000000000008,4.3252115,6,1.18924,0.88682499999999997,3.0591425,3.6600712248221452,1.7414742803348811,2.4124871226737885,1,10,6,315,475
65,10,35,LinearSubgradientAuction,0.025,0.01,,True,,1000,10800,cats_path_g10b50,,False,CATS,50,paths,MultiMinded,1000,MaxIter,435.28,9.498291,9,1.37422,0.81186400000000003,6.342298000000001,5.5908054589522047,4.4712799039322659,9.2112361024673959,1,10,6,735,1095
66,10,22,LinearSubgradientAuction,0.025,0.01,,True,,1000,10800,cats_path_g10b50,,False,CATS,50,paths,MultiMinded,1000,MaxIter,270.0100000000002,6.527464,5,1.20805,0.92267349999999992,3.934946,4.6910518292037189,1.953710876251761,4.3736027215602551,1,10,13,462,692
67,10,31,LinearSubgradientAuction,0.025,0.01,,True,,1000,10800,cats_path_g10b50,,False,CATS,50,paths,MultiMinded,1000,MaxIter,385.18000000000006,4.99912,8,0.980804,0.62215900000000002,4.48639,4.3525290598298536,3.9577014792865941,4.9000492741494019,1,10,3,651,971
68,10,21,LinearSubgradientAuction,0.025,0.01,,True,,1000,10800,cats_path_g10b50,,False,CATS,50,paths,MultiMinded,1000,MaxIter,266.82000000000016,4.354444,5,1.10844,0.58718800000000004,3.589847,3.8645516935370683,2.036764751935062,2.5658598908502954,1,10,8,441,661
69,10,31,LinearSubgradientAuction,0.025,0.01,,True,,1000,10800,cats_path_g10b50,,False,CATS,50,paths,MultiMinded,1000,MaxIter,391.4000000000001,4.638021,7,0.932286,0.72681200000000001,3.694229,4.0239864007944286,2.9558610564639007,3.9243285002909825,1,10,7,651,971
70,10,32,LinearSubgradientAuction,0.025,0.01,,True,,1000,10800,cats_path_g10b50,,False,CATS,50,paths,MultiMinded,1000,MaxIter,401.48,5.529561,10,0.883645,0.71283099999999999,5.361983,4.6382498001132788,4.1802087349571675,5.600764470548838,1,10,3,672,1002
71,10,29,LinearSubgradientAuction,0.025,0.01,,True,,1000,10800,cats_path_g10b50,,False,CATS,50,paths,MultiMinded,1000,MaxIter,357.3499999999999,3.8155849999999996,6,0.722118,0.584781,3.1645689999999997,2.9577047150745255,1.9274114498785953,3.1677965346132471,1,10,9,609,909
72,10,23,LinearSubgradientAuction,0.025,0.01,,True,,1000,10800,cats_path_g10b50,,False,CATS,50,paths,MultiMinded,1000,MaxIter,285.7299999999998,4.337076,8,1.09941,0.63108900000000001,3.0827839999999997,3.5581356639150901,2.4071503844928737,3.6205614575136886,1,10,7,483,723
73,10,23,LinearSubgradientAuction,0.025,0.01,,True,,1000,10800,cats_path_g10b50,,False,CATS,50,paths,MultiMinded,1000,MaxIter,287.0899999999999,4.733565,7,1.17805,0.79788950000000003,4.15624,4.4898742721481923,2.6564009989070465,2.9091959739937847,1,10,5,483,723
74,10,28,LinearSubgradientAuction,0.025,0.01,,True,,1000,10800,cats_path_g10b50,,False,CATS,50,paths,MultiMinded,1000,MaxIter,353.4400000000003,4.250006,7,0.944433,0.60220899999999999,3.942664,4.0447502646469182,2.9890298478136712,3.303337913251295,1,10,5,588,878
75,10,23,LinearSubgradientAuction,0.025,0.01,,True,,1000,10800,cats_path_g10b50,,False,CATS,50,paths,MultiMinded,1000,MaxIter,287.4699999999998,4.765222,6,0.954458,0.87700599999999995,3.6662999999999997,4.1145171737165551,2.9914292199204602,4.1353932641876892,1,10,9,483,723
76,10,29,LinearSubgradientAuction,0.025,0.01,,True,,1000,10800,cats_path_g10b50,,False,CATS,50,paths,MultiMinded,613,Balance,209.68000000000006,6.904471,9,1.28641,1.1137699999999999,6.904471,5.5777541873102621,5.3550001873102611,6.710297979579976,1,9,8,580,851
77,10,20,LinearSubgradientAuction,0.025,0.01,,True,,1000,10800,cats_path_g10b50,,False,CATS,50,paths,MultiMinded,1000,MaxIter,251.28999999999996,3.7830920000000003,7,0.987819,0.58873500000000001,2.795273,3.0477243726204843,1.9719217063100209,2.9911493216628084,1,10,3,420,630
78,10,31,LinearSubgradientAuction,0.025,0.01,,True,,1000,10800,cats_path_g10b50,,False,CATS,50,paths,MultiMinded,1000,MaxIter,391.21000000000004,6.355665,9,1.59706,0.92678550000000004,5.859310000000001,6.0724331376789547,5.3405919311549583,5.6739528999999997,1,10,1,651,971
79,10,26,LinearSubgradientAuction,0.025,0.01,,True,,1000,10800,cats_path_g10b50,,False,CATS,50,paths,MultiMinded,1000,MaxIter,325.07000000000016,6.17396,7,1.51269,0.757185,5.80936,4.215189580304413,3.1832233821162488,5.9027920581601201,1,10,7,546,816
80,10,28,LinearSubgradientAuction,0.025,0.01,,True,,1000,10800,cats_path_g10b50,,False,CATS,50,paths,MultiMinded,1000,MaxIter,347.3900000000003,6.124957,10,1.1598,0.90218600000000004,5.564625,5.3429391283936356,4.6028369323796356,5.7018903673938937,1,10,4,588,878
81,10,27,LinearSubgradientAuction,0.025,0.01,,True,,1000,10800,cats_path_g10b50,,False,CATS,50,paths,MultiMinded,1000,MaxIter,330.53999999999996,6.033706,7,1.09603,0.84438299999999999,6.020901,4.6314592258466485,4.4836922008466482,6.2645509089078173,1,10,2,567,847
82,10,40,LinearSubgradientAuction,0.025,0.01,,True,,1000,10800,cats_path_g10b50,,False,CATS,50,paths,MultiMinded,1000,MaxIter,502.8800000000001,7.125598999999999,10,1.12357,0.66202150000000004,6.823748999999999,6.004937261055991,5.8394318860559915,7.5093913284582978,1,10,5,840,1250
83,10,29,LinearSubgradientAuction,0.025,0.01,,True,,1000,10800,cats_path_g10b50,,False,CATS,50,paths,MultiMinded,1000,MaxIter,364.02,4.406853099999999,9,0.788029,0.64298299999999997,4.3997201,3.9687230679232863,3.8240518929232858,4.3599965356086408,1,10,2,609,909
84,10,23,LinearSubgradientAuction,0.025,0.01,,True,,1000,10800,cats_path_g10b50,,False,CATS,50,paths,MultiMinded,1000,MaxIter,271.8899999999999,4.1736754000000005,8,0.851051,0.68298999999999999,3.0826200000000004,2.8294094142122086,2.4951370305710485,3.9539717080722738,1,9,6,460,677
85,10,26,LinearSubgradientAuction,0.025,0.01,,True,,1000,10800,cats_path_g10b50,,False,CATS,50,paths,MultiMinded,1000,MaxIter,329.73,6.722310500000001,10,1.11978,0.81925350000000008,6.539142000000001,5.7873670043113439,5.3178289962612739,6.6170589712419998,1,10,5,546,816
86,10,25,LinearSubgradientAuction,0.025,0.01,,True,,1000,10800,cats_path_g10b50,,False,CATS,50,paths,MultiMinded,1000,MaxIter,312.34000000000015,6.8755869999999994,9,1.01302,0.62419199999999997,3.5374640000000004,2.609278296745793,2.1054101224362221,6.6737115815740111,1,10,8,525,785
87,10,19,LinearSubgradientAuction,0.025,0.01,,True,,1000,10800,cats_path_g10b50,,False,CATS,50,paths,MultiMinded,1000,MaxIter,224.3699999999999,7.4913935,9,0.90213,0.84762199999999999,4.661111399999999,2.8005174203864636,2.4964174648918434,7.5887409129059469,1,9,8,380,561
88,10,24,LinearSubgradientAuction,0.025,0.01,,True,,1000,10800,cats_path_g10b50,,False,CATS,50,paths,MultiMinded,1000,MaxIter,302.5499999999997,6.671337600000001,9,1.23763,0.97929250000000001,5.523748600000001,5.1524631186718954,3.809162896083043,5.6893493518903853,1,10,6,504,754
89,10,30,LinearSubgradientAuction,0.025,0.01,,True,,1000,10800,cats_path_g10b50,,False,CATS,50,paths,MultiMinded,1000,MaxIter,352.25,4.893484,9,0.957818,0.66029399999999994,4.780673,3.8144590306677539,3.4750268314709243,4.7280122102150672,1,9,7,600,880
90,10,24,LinearSubgradientAuction,0.025,0.01,,True,,1000,10800,cats_path_g10b50,,False,CATS,50,paths,MultiMinded,1000,MaxIter,294.5699999999997,4.9815499999999995,7,1.03037,0.59696149999999992,4.524357999999999,3.6599808920573387,3.1431897454398068,5.0666786975433089,1,10,4,504,754
91,10,26,LinearSubgradientAuction,0.025,0.01,,True,,1000,10800,cats_path_g10b50,,False,CATS,50,paths,MultiMinded,1000,MaxIter,307.6500000000001,5.608700000000001,8,1.15219,0.65921200000000002,5.133414,3.8443649149875303,3.3314837379146947,6.0332102978506992,1,9,3,520,764
92,10,29,LinearSubgradientAuction,0.025,0.01,,True,,1000,10800,cats_path_g10b50,,False,CATS,50,paths,MultiMinded,1000,MaxIter,363.12000000000035,6.734538,5,1.30249,1.03973,5.065284,6.3804135742875747,3.399039639787405,3.7618434017584708,1,10,10,609,909
93,10,36,LinearSubgradientAuction,0.025,0.01,,True,,1000,10800,cats_path_g10b50,,False,CATS,50,paths,MultiMinded,1000,MaxIter,450.0,5.941976,7,1.19352,0.81540649999999992,5.940651000000001,5.6434888788751953,5.5007927413751938,5.903474887306146,1,10,6,756,1126
94,10,36,LinearSubgradientAuction,0.025,0.01,,True,,1000,10800,cats_path_g10b50,,False,CATS,50,paths,MultiMinded,1000,MaxIter,447.09000000000015,6.659274999999999,9,1.32087,0.72828700000000002,6.573074,6.1474803791833663,5.9836158041833674,6.5543345110997571,1,10,2,756,1126
95,10,20,LinearSubgradientAuction,0.025,0.01,,True,,1000,10800,cats_path_g10b50,,False,CATS,50,paths,MultiMinded,1000,MaxIter,235.82999999999993,5.242984999999999,6,0.986125,0.95783799999999997,4.882101,3.9226490975166994,2.5357275561644639,3.8581306584885766,1,9,8,400,590
96,10,27,LinearSubgradientAuction,0.025,0.01,,True,,1000,10800,cats_path_g10b50,,False,CATS,50,paths,MultiMinded,1000,MaxIter,340.62999999999965,5.968370999999999,8,1.36717,0.912686,5.373953000000001,5.3314411850634276,4.7089911194401548,5.448507851758098,1,10,4,567,847
97,10,40,LinearSubgradientAuction,0.025,0.01,,True,,1000,10800,cats_path_g10b50,,False,CATS,50,paths,MultiMinded,1000,MaxIter,507.03999999999996,5.874736,10,1.39812,0.64802099999999996,5.708831,5.4110886889697642,4.9158338618866146,5.5632300945411544,1,10,1,840,1250
98,10,29,LinearSubgradientAuction,0.025,0.01,,True,,1000,10800,cats_path_g10b50,,False,CATS,50,paths,MultiMinded,1000,MaxIter,363.8900000000003,8.221217,7,1.32075,0.95510399999999995,7.522493,6.6892990030801105,4.7166326073790588,6.6456355016330857,1,10,7,609,909
99,10,24,LinearSubgradientAuction,0.025,0.01,,True,,1000,10800,cats_path_g10b50,,False,CATS,50,paths,MultiMinded,1000,MaxIter,301.3199999999997,4.068553,8,0.837895,0.57574999999999998,3.23108,3.1985395541514605,2.2647885229417586,3.7344226167063903,1,10,4,504,754
100,10,26,LinearSubgradientAuction,0.025,0.01,,True,,1000,10800,cats_path_g10b50,,False,CATS,50,paths,MultiMinded,1000,MaxIter,325.1400000000003,5.4685310000000005,10,1.22663,0.78226099999999998,4.51591,4.4458645654522453,3.3203924860131475,4.72380096093638,1,10,4,546,816
