idx,items,agents,auction_class,epsilon,stepc,epoch,scalebyvalue,reserve_type,maxiter,maxtime,generator_param_name,personalized,int_prices,generator,bids,distribution,type,rounds,status,runtime,efficient_value,final_num_winners,final_max_agent_value,final_scalevalue,final_value,final_total_price,final_revenue,final_indirect_util,final_price_degree,final_price_sparsity,final_imbalance,final_wd_nvars,final_wd_ncons
1,10,41,LinearHeuristicAuction,0.025,0.02,,True,,1000,10800,cats_path_g10b50,,False,CATS,50,paths,MultiMinded,1000,MaxIter,49.27000000001863,5.1295980000000005,9,1.05837,0.48806749999999999,4.686425,3.8758441655243163,3.3407544318973597,4.867272788865022,1,10,4,82,51
2,10,32,LinearHeuristicAuction,0.025,0.02,,True,,1000,10800,cats_path_g10b50,,False,CATS,50,paths,MultiMinded,1000,MaxIter,44.27999999996973,5.881798,9,0.89658,0.700376,5.748974,4.4878539531694379,4.3477787531694387,5.7780564706958346,1,9,7,73,42
3,10,23,LinearHeuristicAuction,0.025,0.02,,True,,1000,10800,cats_path_g10b50,,False,CATS,50,paths,MultiMinded,1000,MaxIter,42.67000000004191,6.1772789999999995,8,1.4872,0.84460199999999996,6.134500999999999,5.5642321875764251,4.6289371457499167,5.2696470137930884,1,10,5,71,33
4,10,24,LinearHeuristicAuction,0.025,0.02,,True,,1000,10800,cats_path_g10b50,,False,CATS,50,paths,MultiMinded,117,Balance,4.75,5.0370452,8,0.92099,0.79058200000000001,5.0370452,3.6571912219663512,3.4990748219663499,4.905448867011283,1,10,8,67,34
5,10,34,LinearHeuristicAuction,0.025,0.02,,True,,1000,10800,cats_path_g10b50,,False,CATS,50,paths,MultiMinded,617,Balance,27.839999999967404,6.641525,9,1.19553,0.74441100000000004,6.641525,6.3450730934799751,6.1775806184799755,6.4741575681629744,1,10,4,77,44
6,10,26,LinearHeuristicAuction,0.025,0.02,,True,,1000,10800,cats_path_g10b50,,False,CATS,50,paths,MultiMinded,1000,MaxIter,43.45999999996275,7.117255999999999,9,1.27499,1.03579,6.8095799999999995,6.302131529961553,4.8199820234101738,5.6937020725679863,1,10,4,70,36
7,10,30,LinearHeuristicAuction,0.025,0.02,,True,,1000,10800,cats_path_g10b50,,False,CATS,50,paths,MultiMinded,886,Balance,38.399999999965075,5.604355000000001,10,0.860832,0.57241200000000003,5.604355000000001,3.9026598808547646,3.7881774808547646,5.5043738936294115,1,10,4,71,40
8,10,29,LinearHeuristicAuction,0.025,0.02,,True,,1000,10800,cats_path_g10b50,,False,CATS,50,paths,MultiMinded,316,Balance,13.75,4.14936,8,1.21473,0.53942699999999999,4.14936,3.9978391953039805,3.8899537953039798,4.0553851853170508,1,10,6,72,39
9,10,34,LinearHeuristicAuction,0.025,0.02,,True,,1000,10800,cats_path_g10b50,,False,CATS,50,paths,MultiMinded,250,Balance,11.330000000016298,8.312487,10,1.40383,1.19224,8.312487,7.5965601725361562,7.2985001725361576,8.0435914505618094,1,10,1,77,44
10,10,35,LinearHeuristicAuction,0.025,0.02,,True,,1000,10800,cats_path_g10b50,,False,CATS,50,paths,MultiMinded,323,Balance,14.929999999993015,5.813495100000001,9,1.32539,0.73520450000000004,5.813495100000001,5.2858807264150443,5.1204597139150438,5.6661718027026629,1,10,1,77,45
11,10,32,LinearHeuristicAuction,0.025,0.02,,True,,1000,10800,cats_path_g10b50,,False,CATS,50,paths,MultiMinded,237,Balance,10.710000000020955,5.665188000000001,8,0.988013,0.84758449999999996,5.665188000000001,5.2681924632573605,5.0986755632573599,5.520507567611924,1,10,6,76,42
12,10,31,LinearHeuristicAuction,0.025,0.02,,True,,1000,10800,cats_path_g10b50,,False,CATS,50,paths,MultiMinded,476,Balance,21.55999999999767,5.822862,8,1.20008,0.80469999999999997,5.822862,4.9541134435154559,4.7931734435154567,5.6819805984017702,1,10,1,73,41
13,10,24,LinearHeuristicAuction,0.025,0.02,,True,,1000,10800,cats_path_g10b50,,False,CATS,50,paths,MultiMinded,821,Balance,35.149999999965075,5.960460200000001,9,1.3072,0.85787999999999998,5.960460200000001,5.3924959171387012,5.1994729171386993,5.7879136760970766,1,10,3,69,34
14,10,17,LinearHeuristicAuction,0.025,0.02,,True,,1000,10800,cats_path_g10b50,,False,CATS,50,paths,MultiMinded,1000,MaxIter,40.30999999999767,5.653834,8,0.86218,0.82208099999999995,5.484555,3.2036007041642485,2.7991326270473014,5.4200697942719778,1,10,5,61,27
15,10,33,LinearHeuristicAuction,0.025,0.02,,True,,1000,10800,cats_path_g10b50,,False,CATS,50,paths,MultiMinded,751,Balance,33.40000000002328,5.368371,10,1.226,0.410271,5.368371,4.9292276299415994,4.8266598799415981,5.2758784761031627,1,10,1,74,43
16,10,34,LinearHeuristicAuction,0.025,0.02,,True,,1000,10800,cats_path_g10b50,,False,CATS,50,paths,MultiMinded,913,Balance,41.75,6.969046,10,1.43412,0.68306999999999995,6.969046,5.7807464583567887,5.623169626808779,6.8114691684519908,1,10,0,76,44
17,10,30,LinearHeuristicAuction,0.025,0.02,,True,,1000,10800,cats_path_g10b50,,False,CATS,50,paths,MultiMinded,402,Balance,17.339999999967404,6.379521,9,1.33671,0.75658099999999995,6.379521,5.8176352878567474,5.6474045628567486,6.2092902750000007,1,10,0,73,40
18,10,28,LinearHeuristicAuction,0.025,0.02,,True,,1000,10800,cats_path_g10b50,,False,CATS,50,paths,MultiMinded,427,Balance,18.21999999997206,3.7659457999999995,10,0.809737,0.424898,3.7659457999999995,3.3561580268599847,3.2499335268599845,3.6701654070014027,1,10,1,70,38
19,10,29,LinearHeuristicAuction,0.025,0.02,,True,,1000,10800,cats_path_g10b50,,False,CATS,50,paths,MultiMinded,273,Balance,11.709999999962747,5.399328000000001,8,0.984412,0.88883350000000005,5.399328000000001,4.7386845656403276,4.5609178656403273,5.2556737348729774,1,10,7,72,39
20,10,31,LinearHeuristicAuction,0.025,0.02,,True,,1000,10800,cats_path_g10b50,,False,CATS,50,paths,MultiMinded,269,Balance,12.380000000004657,5.347376,9,1.11574,0.85649200000000003,5.344033,3.997944217954152,3.826645817954152,5.2076467509048925,1,9,3,74,41
21,10,33,LinearHeuristicAuction,0.025,0.02,,True,,1000,10800,cats_path_g10b50,,False,CATS,50,paths,MultiMinded,1000,MaxIter,46.20000000001164,6.346977999999999,8,1.04535,0.887351,6.232367999999999,5.2435683294520468,4.9283107004882023,6.0687702180331602,1,10,7,77,43
22,10,29,LinearHeuristicAuction,0.025,0.02,,True,,1000,10800,cats_path_g10b50,,False,CATS,50,paths,MultiMinded,1000,MaxIter,46.710000000020955,3.679525,7,0.81347,0.62753999999999999,3.5176040000000004,3.3761180318943005,2.8291453275281184,3.1781847083981511,1,10,5,76,39
23,10,33,LinearHeuristicAuction,0.025,0.02,,True,,1000,10800,cats_path_g10b50,,False,CATS,50,paths,MultiMinded,549,Balance,24.709999999962747,6.968433999999999,9,1.11046,0.85569899999999999,6.968433999999999,6.0376790817562682,5.8451468067562695,6.7825008455995297,1,10,1,75,43
24,10,26,LinearHeuristicAuction,0.025,0.02,,True,,1000,10800,cats_path_g10b50,,False,CATS,50,paths,MultiMinded,910,Balance,38.64000000001397,5.079491000000001,8,0.912266,0.59736,5.079491000000001,4.4120606841229835,4.2925886841229843,4.9752137651344768,1,10,7,69,36
25,10,23,LinearHeuristicAuction,0.025,0.02,,True,,1000,10800,cats_path_g10b50,,False,CATS,50,paths,MultiMinded,829,Balance,33.79000000003725,5.799925999999999,9,0.932562,0.85897900000000005,5.799925999999999,5.5033553856767261,5.3100851106767255,5.6285678407622894,1,10,3,68,33
26,10,22,LinearHeuristicAuction,0.025,0.02,,True,,1000,10800,cats_path_g10b50,,False,CATS,50,paths,MultiMinded,253,Balance,10.700000000011642,7.226532999999999,9,1.05046,0.94945649999999993,7.226532999999999,3.498891075383217,3.3327361878832176,7.0727747870736266,1,9,9,68,32
27,10,33,LinearHeuristicAuction,0.025,0.02,,True,,1000,10800,cats_path_g10b50,,False,CATS,50,paths,MultiMinded,697,Balance,33.88000000000466,5.22312,8,1.38199,0.74170000000000003,5.22312,4.8243742784017689,4.6760342784017688,5.093249645669891,1,10,1,78,43
28,10,38,LinearHeuristicAuction,0.025,0.02,,True,,1000,10800,cats_path_g10b50,,False,CATS,50,paths,MultiMinded,410,Balance,20.229999999981374,7.158904,10,1.38531,1.05223,7.158904,6.5874028447788859,6.3243453447788873,6.8964308592536732,1,10,3,85,48
29,10,22,LinearHeuristicAuction,0.025,0.02,,True,,1000,10800,cats_path_g10b50,,False,CATS,50,paths,MultiMinded,1000,MaxIter,41.23999999999069,5.222893,7,1.14292,0.81835199999999997,5.013075,4.6281433004240728,4.484931700424073,5.246259795841353,1,10,7,64,32
30,10,26,LinearHeuristicAuction,0.025,0.02,,True,,1000,10800,cats_path_g10b50,,False,CATS,50,paths,MultiMinded,406,Balance,16.619999999995343,8.367289,12,1.00864,0.79848300000000005,8.367289,4.4541499189505611,4.2944533189505618,8.2302303293997952,1,10,6,65,36
31,10,34,LinearHeuristicAuction,0.025,0.02,,True,,1000,10800,cats_path_g10b50,,False,CATS,50,paths,MultiMinded,1000,MaxIter,46.289999999979045,7.570106999999999,9,1.56629,0.87534100000000004,7.570106999999999,6.4880510553660606,6.2910993303660616,7.7025360009293404,1,10,4,76,44
32,10,22,LinearHeuristicAuction,0.025,0.02,,True,,1000,10800,cats_path_g10b50,,False,CATS,50,paths,MultiMinded,1000,MaxIter,41.78000000002794,5.8430159999999995,7,0.990041,0.83248200000000006,5.23053,4.9242154674050065,3.1247469850935881,4.0859354651169433,1,10,6,65,32
33,10,23,LinearHeuristicAuction,0.025,0.02,,True,,1000,10800,cats_path_g10b50,,False,CATS,50,paths,MultiMinded,1000,MaxIter,41.63999999995576,5.328471,9,1.14706,0.74653400000000003,5.127683,4.0214013622645597,3.8534312122645598,5.1826025036841408,1,10,1,67,33
34,10,23,LinearHeuristicAuction,0.025,0.02,,True,,1000,10800,cats_path_g10b50,,False,CATS,50,paths,MultiMinded,349,Balance,15.239999999990687,4.414205,7,1.07941,0.93713999999999997,4.414205000000001,3.5192617827346684,3.3552622827346679,4.2564299250201847,1,10,4,70,33
35,10,25,LinearHeuristicAuction,0.025,0.02,,True,,1000,10800,cats_path_g10b50,,False,CATS,50,paths,MultiMinded,1000,MaxIter,44.26000000000931,6.118125,7,1.03776,0.84872099999999995,5.922937999999999,5.3039625616318311,5.1554363866318313,6.1103799086480111,1,10,5,72,35
36,10,20,LinearHeuristicAuction,0.025,0.02,,True,,1000,10800,cats_path_g10b50,,False,CATS,50,paths,MultiMinded,102,Balance,4.4799999999813735,2.51735,8,0.765931,0.744537,2.51735,2.1693168488065568,2.039022873806557,2.4240410846656548,1,9,2,66,30
37,10,33,LinearHeuristicAuction,0.025,0.02,,True,,1000,10800,cats_path_g10b50,,False,CATS,50,paths,MultiMinded,349,Balance,16.070000000006985,6.394280999999999,9,1.32219,0.90059900000000004,6.394280999999999,5.7736404330835471,5.5710056580835472,6.1916462249999995,1,10,0,76,43
38,10,37,LinearHeuristicAuction,0.025,0.02,,True,,1000,10800,cats_path_g10b50,,False,CATS,50,paths,MultiMinded,741,Balance,36.589999999967404,4.9241600000000005,8,1.27538,0.75259950000000009,4.9241600000000005,4.4893947174414013,4.3388748174414014,4.7925277492692899,1,10,4,82,47
39,10,36,LinearHeuristicAuction,0.025,0.02,,True,,1000,10800,cats_path_g10b50,,False,CATS,50,paths,MultiMinded,457,Balance,21.71999999997206,7.180720999999999,10,1.37975,0.95457900000000007,7.180720999999999,6.5914595341182123,6.3528147841182134,6.9655890622093466,1,10,1,78,46
40,10,24,LinearHeuristicAuction,0.025,0.02,,True,,1000,10800,cats_path_g10b50,,False,CATS,50,paths,MultiMinded,425,Balance,17.070000000006985,7.3709551,10,1.05191,0.99338300000000002,7.3709551,6.5597491023073449,6.3114033523073463,7.135828767923786,1,10,7,65,34
41,10,20,LinearHeuristicAuction,0.025,0.02,,True,,1000,10800,cats_path_g10b50,,False,CATS,50,paths,MultiMinded,578,Balance,23.960000000020955,11.936720999999999,10,1.66283,1.30715,11.936720999999999,7.2483678945832857,7.0196166445832864,11.708252486092277,1,10,8,67,30
42,10,35,LinearHeuristicAuction,0.025,0.02,,True,,1000,10800,cats_path_g10b50,,False,CATS,50,paths,MultiMinded,778,Balance,35.20000000001164,5.98905,10,1.26887,0.57787949999999999,5.98905,5.7552441576072839,5.6107742826072817,5.8445801249999985,1,10,0,77,45
43,10,34,LinearHeuristicAuction,0.025,0.02,,True,,1000,10800,cats_path_g10b50,,False,CATS,50,paths,MultiMinded,162,Balance,7.4500000000116415,5.305578,8,1.49562,0.65433600000000003,5.305578,4.9863414732344031,4.8554742732344041,5.1942949375935843,1,10,5,77,44
44,10,24,LinearHeuristicAuction,0.025,0.02,,True,,1000,10800,cats_path_g10b50,,False,CATS,50,paths,MultiMinded,776,Balance,32.320000000006985,5.406871999999999,9,0.914107,0.79918800000000001,5.406871999999999,4.7335306149368863,4.5537133149368874,5.2483096991713545,1,10,6,67,34
45,10,33,LinearHeuristicAuction,0.025,0.02,,True,,1000,10800,cats_path_g10b50,,False,CATS,50,paths,MultiMinded,899,Balance,42.01999999996042,4.392568,7,1.04017,0.61580250000000003,4.392568,4.2284296815816713,4.120664244081671,4.285820950945805,1,10,6,78,43
46,10,37,LinearHeuristicAuction,0.025,0.02,,True,,1000,10800,cats_path_g10b50,,False,CATS,50,paths,MultiMinded,392,Balance,18.630000000004657,7.650231000000001,10,1.33928,0.87604700000000002,7.650231000000001,6.9099167501860874,6.6909050001860875,7.4737632143382138,1,10,2,80,47
47,10,26,LinearHeuristicAuction,0.025,0.02,,True,,1000,10800,cats_path_g10b50,,False,CATS,50,paths,MultiMinded,532,Balance,23.19000000000233,4.863733,8,1.11721,0.68613100000000005,4.847598,4.731151331457383,4.5939251314573823,4.7319001364183171,1,10,6,72,36
48,10,40,LinearHeuristicAuction,0.025,0.02,,True,,1000,10800,cats_path_g10b50,,False,CATS,50,paths,MultiMinded,1000,MaxIter,48.850000000034925,13.668893,15,1.73275,0.850549,13.619971,5.1401518414611536,4.7341074329222508,13.652113840529477,1,10,2,78,50
49,10,25,LinearHeuristicAuction,0.025,0.02,,True,,1000,10800,cats_path_g10b50,,False,CATS,50,paths,MultiMinded,1000,MaxIter,42.54000000003725,4.105134,8,0.775577,0.59589599999999998,4.105134,3.900067640396693,3.780888440396692,4.0464482187679565,1,10,4,69,35
50,10,43,LinearHeuristicAuction,0.025,0.02,,True,,1000,10800,cats_path_g10b50,,False,CATS,50,paths,MultiMinded,719,Balance,36.820000000006985,7.516903,10,1.3359,0.92906500000000003,7.497962,7.172710180663076,6.9404439306630747,7.2885983802732524,1,10,1,86,53
51,10,23,LinearHeuristicAuction,0.025,0.02,,True,,1000,10800,cats_path_g10b50,,False,CATS,50,paths,MultiMinded,514,Balance,21.229999999981374,3.8581627999999997,8,0.728995,0.60365150000000001,3.8581627999999997,3.4862052562923975,3.3654749562923971,3.7381181345450987,1,10,5,69,33
52,10,28,LinearHeuristicAuction,0.025,0.02,,True,,1000,10800,cats_path_g10b50,,False,CATS,50,paths,MultiMinded,319,Balance,13.849999999976717,6.103176,9,1.01863,0.782582,6.103176,5.4586159470914488,5.2825349970914486,5.9396785181432694,1,10,5,74,38
53,10,26,LinearHeuristicAuction,0.025,0.02,,True,,1000,10800,cats_path_g10b50,,False,CATS,50,paths,MultiMinded,357,Balance,14.880000000004657,9.548895000000002,10,1.84651,1.2191000000000001,9.548895000000002,7.4131329902988607,7.1281052282370769,9.2951325483694944,1,10,8,66,36
54,10,30,LinearHeuristicAuction,0.025,0.02,,True,,1000,10800,cats_path_g10b50,,False,CATS,50,paths,MultiMinded,791,Balance,34.68000000005122,3.5444180000000003,9,0.62406,0.46356900000000001,3.5444180000000003,3.1786586866153921,3.0743556616153929,3.4406931009977462,1,10,6,72,40
55,10,24,LinearHeuristicAuction,0.025,0.02,,True,,1000,10800,cats_path_g10b50,,False,CATS,50,paths,MultiMinded,672,Balance,27.85999999998603,5.614495000000001,8,1.03261,0.81608499999999995,5.614495000000001,5.1883184326522702,5.0251014326522689,5.4648551719027223,1,10,7,67,34
56,10,26,LinearHeuristicAuction,0.025,0.02,,True,,1000,10800,cats_path_g10b50,,False,CATS,50,paths,MultiMinded,478,Balance,20.79999999998836,5.021542,8,1.22335,0.86009449999999998,5.0143097,4.8330308200997818,4.6610119200997824,4.8651756971013889,1,10,2,72,36
57,10,29,LinearHeuristicAuction,0.025,0.02,,True,,1000,10800,cats_path_g10b50,,False,CATS,50,paths,MultiMinded,585,Balance,25.820000000006985,5.662903,9,1.20543,0.7060765,5.648968999999999,4.9465912174443245,4.7877240049443257,5.5237815322034978,1,10,2,72,39
58,10,32,LinearHeuristicAuction,0.025,0.02,,True,,1000,10800,cats_path_g10b50,,False,CATS,50,paths,MultiMinded,461,Balance,21.600000000034925,5.435453000000001,8,1.10141,0.84788050000000004,5.435453000000001,4.9681832108187853,4.7986071108187849,5.2669529105151298,1,10,1,78,42
59,10,31,LinearHeuristicAuction,0.025,0.02,,True,,1000,10800,cats_path_g10b50,,False,CATS,50,paths,MultiMinded,727,Balance,33.17000000004191,7.500881000000001,9,1.37858,1.0170600000000001,7.500881000000001,6.9177040812295623,6.6888655812295621,7.2974248070334209,1,10,1,74,41
60,10,18,LinearHeuristicAuction,0.025,0.02,,True,,1000,10800,cats_path_g10b50,,False,CATS,50,paths,MultiMinded,101,Balance,3.9500000000116415,3.938055,7,1.01239,0.77787200000000001,3.938055,2.9570112370836621,2.8208836370836625,3.8231402192842667,1,10,9,62,28
61,10,39,LinearHeuristicAuction,0.025,0.02,,True,,1000,10800,cats_path_g10b50,,False,CATS,50,paths,MultiMinded,595,Balance,28.330000000016298,6.514431,10,1.15445,0.68256899999999998,6.514431,5.6871123008487672,5.5164700508487652,6.3437896111933423,1,10,0,81,49
62,10,24,LinearHeuristicAuction,0.025,0.02,,True,,1000,10800,cats_path_g10b50,,False,CATS,50,paths,MultiMinded,1000,MaxIter,44.80999999999767,5.874828,8,1.13322,0.74950450000000002,5.772769,4.6263724435140254,3.9008201914510825,5.6613732602076698,1,10,7,66,34
63,10,26,LinearHeuristicAuction,0.025,0.02,,True,,1000,10800,cats_path_g10b50,,False,CATS,50,paths,MultiMinded,1000,MaxIter,40.90000000002328,10.817572,16,1.05624,0.85327799999999998,10.791586,4.3438625850406529,3.7714991728680736,10.372696722097318,1,10,2,62,36
64,10,15,LinearHeuristicAuction,0.025,0.02,,True,,1000,10800,cats_path_g10b50,,False,CATS,50,paths,MultiMinded,195,Balance,8.519999999960419,4.3252115,8,1.18924,0.88682499999999997,4.325211500000001,3.677565225777498,3.5030139904175597,4.1863059342161284,1,10,12,66,25
65,10,35,LinearHeuristicAuction,0.025,0.02,,True,,1000,10800,cats_path_g10b50,,False,CATS,50,paths,MultiMinded,982,Balance,45.27000000001863,9.498291,10,1.37422,0.81186400000000003,9.498291,6.364850418506153,6.1978588097312208,9.3515148285961782,1,10,2,75,45
66,10,22,LinearHeuristicAuction,0.025,0.02,,True,,1000,10800,cats_path_g10b50,,False,CATS,50,paths,MultiMinded,745,Balance,31.699999999953434,6.527464,7,1.20805,0.92267349999999992,6.527464,5.5741029070898973,5.412635044589897,6.390568527437205,1,10,7,67,32
67,10,31,LinearHeuristicAuction,0.025,0.02,,True,,1000,10800,cats_path_g10b50,,False,CATS,50,paths,MultiMinded,843,Balance,37.63000000000466,4.99912,8,0.980804,0.62215900000000002,4.99912,4.7082273039450309,4.5837955039450309,4.8760645254279416,1,10,7,75,41
68,10,21,LinearHeuristicAuction,0.025,0.02,,True,,1000,10800,cats_path_g10b50,,False,CATS,50,paths,MultiMinded,425,Balance,18.45000000001164,4.354444,7,1.10844,0.58718800000000004,4.354444,3.9638975339505125,3.8611396339505135,4.2577792941385475,1,10,15,68,31
69,10,31,LinearHeuristicAuction,0.025,0.02,,True,,1000,10800,cats_path_g10b50,,False,CATS,50,paths,MultiMinded,939,Balance,42.79999999998836,4.638021,8,0.932286,0.72681200000000001,4.638021,4.4120420188666669,4.2666796188666662,4.4932039984182683,1,10,4,77,41
70,10,32,LinearHeuristicAuction,0.025,0.02,,True,,1000,10800,cats_path_g10b50,,False,CATS,50,paths,MultiMinded,844,Balance,38.14000000001397,5.529561,10,0.883645,0.71283099999999999,5.529561,5.0368774705165382,4.858669720516537,5.351353249999999,1,10,0,75,42
71,10,29,LinearHeuristicAuction,0.025,0.02,,True,,1000,10800,cats_path_g10b50,,False,CATS,50,paths,MultiMinded,883,Balance,39.02999999996973,3.8155849999999996,8,0.722118,0.584781,3.8155849999999996,3.6058496570787435,3.4888934570787433,3.7136098305356491,1,10,9,73,39
72,10,23,LinearHeuristicAuction,0.025,0.02,,True,,1000,10800,cats_path_g10b50,,False,CATS,50,paths,MultiMinded,738,Balance,30.540000000037253,4.337076,9,1.09941,0.63108900000000001,4.337076,4.0440356551866055,3.9020406301866069,4.2109007785591368,1,10,4,65,33
73,10,23,LinearHeuristicAuction,0.025,0.02,,True,,1000,10800,cats_path_g10b50,,False,CATS,50,paths,MultiMinded,240,Balance,9.790000000037253,4.733565,7,1.17805,0.79788950000000003,4.733565,4.4741810279452823,4.334550365445283,4.6183815481958828,1,10,7,66,33
74,10,28,LinearHeuristicAuction,0.025,0.02,,True,,1000,10800,cats_path_g10b50,,False,CATS,50,paths,MultiMinded,436,Balance,19.19000000000233,4.250006,8,0.944433,0.60220899999999999,4.23689,4.0432945306555874,3.9228527306555878,4.1312735640769649,1,10,4,74,38
75,10,23,LinearHeuristicAuction,0.025,0.02,,True,,1000,10800,cats_path_g10b50,,False,CATS,50,paths,MultiMinded,664,Balance,28.460000000020955,4.765222,7,0.954458,0.87700599999999995,4.765222,4.4883677361393204,4.3348916861393203,4.6361152065831153,1,10,6,71,33
76,10,29,LinearHeuristicAuction,0.025,0.02,,True,,1000,10800,cats_path_g10b50,,False,CATS,50,paths,MultiMinded,160,Balance,7.21999999997206,6.904471,9,1.28641,1.1137699999999999,6.904471,5.609451890307585,5.3866978903075848,6.7104307599407473,1,9,6,76,39
77,10,20,LinearHeuristicAuction,0.025,0.02,,True,,1000,10800,cats_path_g10b50,,False,CATS,50,paths,MultiMinded,1000,MaxIter,41.73999999999069,3.7830920000000003,7,0.987819,0.58873500000000001,3.7830920000000003,3.4786561150464523,3.3756274900464529,3.7758643371123926,1,10,4,67,30
78,10,31,LinearHeuristicAuction,0.025,0.02,,True,,1000,10800,cats_path_g10b50,,False,CATS,50,paths,MultiMinded,384,Balance,18.270000000018626,6.355665,9,1.59706,0.92678550000000004,6.355665,6.0758080957230352,5.8672813582230354,6.1700335031378026,1,10,1,80,41
79,10,26,LinearHeuristicAuction,0.025,0.02,,True,,1000,10800,cats_path_g10b50,,False,CATS,50,paths,MultiMinded,1000,MaxIter,42.79999999998836,6.17396,9,1.51269,0.757185,6.17396,4.84924197457239,4.6788753495723885,6.411278598756633,1,10,2,68,36
80,10,28,LinearHeuristicAuction,0.025,0.02,,True,,1000,10800,cats_path_g10b50,,False,CATS,50,paths,MultiMinded,362,Balance,15.460000000020955,6.124957,9,1.1598,0.90218600000000004,6.124957,5.6353529581183111,5.432361108118311,5.9534943411820187,1,10,6,70,38
81,10,27,LinearHeuristicAuction,0.025,0.02,,True,,1000,10800,cats_path_g10b50,,False,CATS,50,paths,MultiMinded,1000,MaxIter,44.679999999993015,6.033706,7,1.09603,0.84438299999999999,5.812855,5.169620431266079,4.0875357182988763,5.0758803561594545,1,10,3,73,37
82,10,40,LinearHeuristicAuction,0.025,0.02,,True,,1000,10800,cats_path_g10b50,,False,CATS,50,paths,MultiMinded,544,Balance,26.32999999995809,7.125598999999999,10,1.12357,0.66202150000000004,7.125598999999999,6.4538983941118957,6.2883930191118971,6.9600936250000016,1,10,0,82,50
83,10,29,LinearHeuristicAuction,0.025,0.02,,True,,1000,10800,cats_path_g10b50,,False,CATS,50,paths,MultiMinded,354,Balance,15.470000000030268,4.406853099999999,9,0.788029,0.64298299999999997,4.3997201,4.0688223938849317,3.9241512188849308,4.270625028754953,1,10,1,72,39
84,10,23,LinearHeuristicAuction,0.025,0.02,,True,,1000,10800,cats_path_g10b50,,False,CATS,50,paths,MultiMinded,440,Balance,17.880000000004657,4.1736754000000005,9,0.851051,0.68298999999999999,4.1736754000000005,2.8678765361214129,2.7405820332879567,4.0632788585747601,1,10,4,63,33
85,10,26,LinearHeuristicAuction,0.025,0.02,,True,,1000,10800,cats_path_g10b50,,False,CATS,50,paths,MultiMinded,989,Balance,41.429999999993015,6.722310500000001,10,1.11978,0.81925350000000008,6.722310500000001,6.2256154720336525,6.0208020970336538,6.5380129832724698,1,10,7,68,36
86,10,25,LinearHeuristicAuction,0.025,0.02,,True,,1000,10800,cats_path_g10b50,,False,CATS,50,paths,MultiMinded,1000,MaxIter,42.75,6.8755869999999994,10,1.01302,0.62419199999999997,6.510330999999999,3.1261038472507217,3.0012654472507214,6.8797324581591806,1,10,5,68,35
87,10,19,LinearHeuristicAuction,0.025,0.02,,True,,1000,10800,cats_path_g10b50,,False,CATS,50,paths,MultiMinded,865,Balance,36.78000000002794,7.4913935,12,0.90213,0.84762199999999999,7.4913935,3.0386031481026374,2.8539632772807932,7.3235165638818325,1,9,6,65,29
88,10,24,LinearHeuristicAuction,0.025,0.02,,True,,1000,10800,cats_path_g10b50,,False,CATS,50,paths,MultiMinded,623,Balance,26.619999999995343,6.671337600000001,9,1.23763,0.97929250000000001,6.671337600000001,5.6062843371427427,5.3859435246427427,6.4759895037993411,1,10,4,70,34
89,10,30,LinearHeuristicAuction,0.025,0.02,,True,,1000,10800,cats_path_g10b50,,False,CATS,50,paths,MultiMinded,747,Balance,33.25,4.893484,9,0.957818,0.66029399999999994,4.893484,3.7974167753039669,3.665357975303968,4.7786815794323294,1,9,3,75,40
90,10,24,LinearHeuristicAuction,0.025,0.02,,True,,1000,10800,cats_path_g10b50,,False,CATS,50,paths,MultiMinded,997,Balance,41.71999999997206,4.9815499999999995,8,1.03037,0.59696149999999992,4.9815499999999995,4.4818383812793279,4.3624460812793266,4.8908179758127037,1,10,3,67,34
91,10,26,LinearHeuristicAuction,0.025,0.02,,True,,1000,10800,cats_path_g10b50,,False,CATS,50,paths,MultiMinded,1000,MaxIter,42.76000000000931,5.608700000000001,8,1.15219,0.65921200000000002,5.4552551000000005,4.5842894290801626,4.247558655562778,5.5196862180095554,1,10,2,69,36
92,10,29,LinearHeuristicAuction,0.025,0.02,,True,,1000,10800,cats_path_g10b50,,False,CATS,50,paths,MultiMinded,207,Balance,9.070000000006985,6.734538,7,1.30249,1.03973,6.734538,6.3395308714559597,6.1575781214559591,6.6043536127646139,1,10,9,73,39
93,10,36,LinearHeuristicAuction,0.025,0.02,,True,,1000,10800,cats_path_g10b50,,False,CATS,50,paths,MultiMinded,329,Balance,15.5,5.941976,7,1.19352,0.81540649999999992,5.940651000000001,5.7592396305557294,5.6165434930557288,5.8191001677826817,1,10,3,81,46
94,10,36,LinearHeuristicAuction,0.025,0.02,,True,,1000,10800,cats_path_g10b50,,False,CATS,50,paths,MultiMinded,371,Balance,17.30999999999767,6.659274999999999,10,1.32087,0.72828700000000002,6.659274999999999,6.1664116210670477,5.984339871067049,6.4953797290577828,1,10,1,79,46
95,10,20,LinearHeuristicAuction,0.025,0.02,,True,,1000,10800,cats_path_g10b50,,False,CATS,50,paths,MultiMinded,226,Balance,9.559999999997672,5.242984999999999,7,0.986125,0.95783799999999997,5.242984999999999,3.945488687076347,3.7963637116319831,5.1041787732462049,1,10,8,64,30
96,10,27,LinearHeuristicAuction,0.025,0.02,,True,,1000,10800,cats_path_g10b50,,False,CATS,50,paths,MultiMinded,389,Balance,16.860000000044238,5.968370999999999,9,1.36717,0.912686,5.968370999999999,5.4114106325092974,5.2060562825092971,5.7838868275217541,1,10,1,72,37
97,10,40,LinearHeuristicAuction,0.025,0.02,,True,,1000,10800,cats_path_g10b50,,False,CATS,50,paths,MultiMinded,906,Balance,44.850000000034925,5.874736,9,1.39812,0.64802099999999996,5.874736,5.4141206793591508,5.2683159543591493,5.7449630660896327,1,10,1,83,50
98,10,29,LinearHeuristicAuction,0.025,0.02,,True,,1000,10800,cats_path_g10b50,,False,CATS,50,paths,MultiMinded,1000,MaxIter,46.21999999997206,8.221217,9,1.32075,0.95510399999999995,8.182974999999999,7.0905811270030679,6.6243359340741117,7.8173446105530005,1,10,5,72,39
99,10,24,LinearHeuristicAuction,0.025,0.02,,True,,1000,10800,cats_path_g10b50,,False,CATS,50,paths,MultiMinded,866,Balance,35.76999999996042,4.068553,8,0.837895,0.57574999999999998,4.068553,3.79396112372129,3.6788111237212902,3.9681509374937787,1,10,7,66,34
100,10,26,LinearHeuristicAuction,0.025,0.02,,True,,1000,10800,cats_path_g10b50,,False,CATS,50,paths,MultiMinded,1000,MaxIter,43.429999999993015,5.4685310000000005,9,1.22663,0.78226099999999998,5.359288,4.9404045929587097,4.7643958679587097,5.353205163888469,1,10,2,71,36
