idx,items,agents,auction_class,epsilon,stepc,epoch,scalebyvalue,reserve_type,maxiter,maxtime,generator_param_name,personalized,int_prices,generator,bids,distribution,type,rounds,status,runtime,efficient_value,final_num_winners,final_max_agent_value,final_scalevalue,final_value,final_total_price,final_revenue,final_indirect_util,final_price_degree,final_price_sparsity,final_imbalance,final_wd_nvars,final_wd_ncons
1,10,41,LinearSubgradientAuction,0.05,0.02,,True,,1000,10800,cats_path_g10b50,,False,CATS,50,paths,MultiMinded,1000,MaxIter,506.58000000000175,5.1295980000000005,9,1.05837,0.48806749999999999,4.9147110000000005,3.8931490050405837,3.0267986807946432,4.5228527944966821,1,10,4,861,1281
2,10,32,LinearSubgradientAuction,0.05,0.02,,True,,1000,10800,cats_path_g10b50,,False,CATS,50,paths,MultiMinded,1000,MaxIter,374.1100000000006,5.881798,8,0.89658,0.700376,4.146522,4.5024956513389558,2.497494314287644,3.9056481112725154,1,9,9,640,938
3,10,23,LinearSubgradientAuction,0.05,0.02,,True,,1000,10800,cats_path_g10b50,,False,CATS,50,paths,MultiMinded,925,Balance,265.429999999993,6.1772789999999995,8,1.4872,0.84460199999999996,6.1772789999999995,5.5311856526456049,5.1933448526456054,5.8805036063778129,1,10,3,483,723
4,10,24,LinearSubgradientAuction,0.05,0.02,,True,,1000,10800,cats_path_g10b50,,False,CATS,50,paths,MultiMinded,1000,MaxIter,300.31999999999243,5.0370452,7,0.92099,0.79058200000000001,4.1160552,3.6846360873063255,2.330095817848111,3.6855048979074532,1,10,6,504,754
5,10,34,LinearSubgradientAuction,0.05,0.02,,True,,1000,10800,cats_path_g10b50,,False,CATS,50,paths,MultiMinded,624,Balance,264.58000000000175,6.641525,9,1.19553,0.74441100000000004,6.641525,6.3455566448367247,6.0105716948367256,6.306852613533195,1,10,3,714,1064
6,10,26,LinearSubgradientAuction,0.05,0.02,,True,,1000,10800,cats_path_g10b50,,False,CATS,50,paths,MultiMinded,1000,MaxIter,328.7700000000041,7.117255999999999,9,1.27499,1.03579,5.192303,6.2911314981840087,4.2755739431050088,5.1670058686760463,1,10,6,546,816
7,10,30,LinearSubgradientAuction,0.05,0.02,,True,,1000,10800,cats_path_g10b50,,False,CATS,50,paths,MultiMinded,1000,MaxIter,375.3000000000029,5.604355000000001,8,0.860832,0.57241200000000003,3.68365,3.9298002775954468,3.201219994858195,4.8757747172627486,1,10,3,630,940
8,10,29,LinearSubgradientAuction,0.05,0.02,,True,,1000,10800,cats_path_g10b50,,False,CATS,50,paths,MultiMinded,258,Balance,94.22000000000116,4.14936,8,1.21473,0.53942699999999999,4.14936,3.9585791140274034,3.7428083140274029,3.9603428858210226,1,10,2,609,909
9,10,34,LinearSubgradientAuction,0.05,0.02,,True,,1000,10800,cats_path_g10b50,,False,CATS,50,paths,MultiMinded,221,Balance,93.44999999999709,8.312487,10,1.40383,1.19224,8.312487,7.5698014957917561,6.9736814957917552,7.792776115518385,1,10,2,714,1064
10,10,35,LinearSubgradientAuction,0.05,0.02,,True,,1000,10800,cats_path_g10b50,,False,CATS,50,paths,MultiMinded,299,Balance,131.9600000000064,5.813495100000001,9,1.32539,0.73520450000000004,5.8134951,5.270528124072011,4.9396860990720102,5.5190302836101655,1,10,1,735,1095
11,10,32,LinearSubgradientAuction,0.05,0.02,,True,,1000,10800,cats_path_g10b50,,False,CATS,50,paths,MultiMinded,221,Balance,88.05000000000291,5.665188000000001,9,0.988013,0.84758449999999996,5.649983000000001,5.2792546371093039,4.8978416121093042,5.3056096109815645,1,10,9,672,1002
12,10,31,LinearSubgradientAuction,0.05,0.02,,True,,1000,10800,cats_path_g10b50,,False,CATS,50,paths,MultiMinded,367,Balance,142.04000000000815,5.822862,8,1.20008,0.80469999999999997,5.822862,4.8864296735784771,4.564549673578477,5.5725199938702161,1,10,2,651,971
13,10,24,LinearSubgradientAuction,0.05,0.02,,True,,1000,10800,cats_path_g10b50,,False,CATS,50,paths,MultiMinded,916,Balance,277.6600000000035,5.960460200000001,9,1.3072,0.85787999999999998,5.960460200000001,5.4116293660350285,5.0255833660350273,5.5753394923870143,1,10,7,504,754
14,10,17,LinearSubgradientAuction,0.05,0.02,,True,,1000,10800,cats_path_g10b50,,False,CATS,50,paths,MultiMinded,1000,MaxIter,200.6999999999971,5.653834,7,0.86218,0.82208099999999995,5.653834,3.1327682005207809,2.8580762995250883,5.5663661910079583,1,9,5,340,503
15,10,33,LinearSubgradientAuction,0.05,0.02,,True,,1000,10800,cats_path_g10b50,,False,CATS,50,paths,MultiMinded,699,Balance,290.40000000000873,5.368371,10,1.226,0.410271,5.368371,4.9271591868181632,4.7220236868181633,5.1789947963813239,1,10,5,693,1033
16,10,34,LinearSubgradientAuction,0.05,0.02,,True,,1000,10800,cats_path_g10b50,,False,CATS,50,paths,MultiMinded,975,Balance,389.11999999999534,6.969046,10,1.43412,0.68306999999999995,6.969046,5.787623074276806,5.4802415742768051,6.6616644999999988,1,9,0,680,996
17,10,30,LinearSubgradientAuction,0.05,0.02,,True,,1000,10800,cats_path_g10b50,,False,CATS,50,paths,MultiMinded,391,Balance,147.72999999999593,6.379521,9,1.33671,0.75658099999999995,6.379521,5.8177125438200825,5.4772510938200822,6.0390595499999993,1,10,0,630,940
18,10,28,LinearSubgradientAuction,0.05,0.02,,True,,1000,10800,cats_path_g10b50,,False,CATS,50,paths,MultiMinded,397,Balance,138.00999999999476,3.7659457999999995,10,0.809737,0.424898,3.7659457999999995,3.3443990034045186,3.1319500034045182,3.5745163302370191,1,10,1,588,878
19,10,29,LinearSubgradientAuction,0.05,0.02,,True,,1000,10800,cats_path_g10b50,,False,CATS,50,paths,MultiMinded,321,Balance,115.41000000000349,5.399328000000001,8,0.984412,0.88883350000000005,5.399328000000001,4.7894518600224325,4.4339184600224337,5.0522552197708954,1,10,6,609,909
20,10,31,LinearSubgradientAuction,0.05,0.02,,True,,1000,10800,cats_path_g10b50,,False,CATS,50,paths,MultiMinded,278,Balance,100.83999999999651,5.347376,9,1.11574,0.85649200000000003,5.347376,4.0021146103971246,3.6595178103971242,5.0231408332905954,1,9,5,620,909
21,10,33,LinearSubgradientAuction,0.05,0.02,,True,,1000,10800,cats_path_g10b50,,False,CATS,50,paths,MultiMinded,1000,MaxIter,416.3600000000006,6.346977999999999,8,1.04535,0.887351,5.2236519999999995,5.2678318111203728,3.9798831132369457,5.0894364600547686,1,10,6,693,1033
22,10,29,LinearSubgradientAuction,0.05,0.02,,True,,1000,10800,cats_path_g10b50,,False,CATS,50,paths,MultiMinded,1000,MaxIter,365.1900000000023,3.679525,6,0.81347,0.62753999999999999,2.877843,3.3900281423132279,1.9984123760050085,2.327152321934733,1,10,6,609,909
23,10,33,LinearSubgradientAuction,0.05,0.02,,True,,1000,10800,cats_path_g10b50,,False,CATS,50,paths,MultiMinded,494,Balance,198.3399999999965,6.968433999999999,9,1.11046,0.85569899999999999,6.968433999999999,5.9281710749552516,5.5431065249552525,6.6639326815377053,1,10,2,693,1033
24,10,26,LinearSubgradientAuction,0.05,0.02,,True,,1000,10800,cats_path_g10b50,,False,CATS,50,paths,MultiMinded,1000,MaxIter,329.8899999999994,5.079491000000001,7,0.912266,0.59736,4.2627299999999995,4.4285519977192909,3.0842804266310093,3.7355148432339274,1,10,6,546,816
25,10,23,LinearSubgradientAuction,0.05,0.02,,True,,1000,10800,cats_path_g10b50,,False,CATS,50,paths,MultiMinded,1000,MaxIter,285.58000000000175,5.799925999999999,9,0.932562,0.85897900000000005,4.623608,5.5382561122101368,4.0300429835682463,4.2923254942630482,1,10,4,483,723
26,10,22,LinearSubgradientAuction,0.05,0.02,,True,,1000,10800,cats_path_g10b50,,False,CATS,50,paths,MultiMinded,1000,MaxIter,275.81999999999243,7.226532999999999,6,1.05046,0.94945649999999993,3.435324,3.5289100870612065,2.0640083811213739,5.764641169803479,1,10,10,462,692
27,10,33,LinearSubgradientAuction,0.05,0.02,,True,,1000,10800,cats_path_g10b50,,False,CATS,50,paths,MultiMinded,860,Balance,354.09000000001106,5.22312,8,1.38199,0.74170000000000003,5.22312,4.8604856714085347,4.5638056714085353,4.9266722546621633,1,10,3,693,1033
28,10,38,LinearSubgradientAuction,0.05,0.02,,True,,1000,10800,cats_path_g10b50,,False,CATS,50,paths,MultiMinded,376,Balance,184.02999999999884,7.158904,10,1.38531,1.05223,7.158904,6.6080890233907841,6.0819740233907824,6.6327889999999989,1,10,0,798,1188
29,10,22,LinearSubgradientAuction,0.05,0.02,,True,,1000,10800,cats_path_g10b50,,False,CATS,50,paths,MultiMinded,1000,MaxIter,276.070000000007,5.222893,7,1.14292,0.81835199999999997,4.731829,4.6709280064052994,2.999195254249714,3.699007077663814,1,10,9,462,692
30,10,26,LinearSubgradientAuction,0.05,0.02,,True,,1000,10800,cats_path_g10b50,,False,CATS,50,paths,MultiMinded,1000,MaxIter,327.5199999999895,8.367289,8,1.00864,0.79848300000000005,4.868200999999999,4.4997733892965508,3.4257764647169342,7.2932910757431344,1,10,9,546,816
31,10,34,LinearSubgradientAuction,0.05,0.02,,True,,1000,10800,cats_path_g10b50,,False,CATS,50,paths,MultiMinded,1000,MaxIter,424.5500000000029,7.570106999999999,9,1.56629,0.87534100000000004,6.643089999999999,6.5101667600836297,5.2823851577108307,6.6653644140699937,1,10,4,714,1064
32,10,22,LinearSubgradientAuction,0.05,0.02,,True,,1000,10800,cats_path_g10b50,,False,CATS,50,paths,MultiMinded,1000,MaxIter,274.79999999998836,5.8430159999999995,7,0.990041,0.83248200000000006,5.410015,4.9212989978382353,3.3384509935856905,4.3032600696182222,1,10,5,462,692
33,10,23,LinearSubgradientAuction,0.05,0.02,,True,,1000,10800,cats_path_g10b50,,False,CATS,50,paths,MultiMinded,1000,MaxIter,291.820000000007,5.328471,9,1.14706,0.74653400000000003,4.92398,4.0345647982109112,3.5327191772165172,4.8438786758213634,1,10,2,483,723
34,10,23,LinearSubgradientAuction,0.05,0.02,,True,,1000,10800,cats_path_g10b50,,False,CATS,50,paths,MultiMinded,1000,MaxIter,288.34000000001106,4.414205,7,1.07941,0.93713999999999997,2.397655,3.5123488941731456,2.1176161378362233,3.0257729341979873,1,10,13,483,723
35,10,25,LinearSubgradientAuction,0.05,0.02,,True,,1000,10800,cats_path_g10b50,,False,CATS,50,paths,MultiMinded,1000,MaxIter,311.41999999999825,6.118125,7,1.03776,0.84872099999999995,5.191992,5.3038119826478543,3.8639875211825458,4.8220428134143711,1,10,10,525,785
36,10,20,LinearSubgradientAuction,0.05,0.02,,True,,1000,10800,cats_path_g10b50,,False,CATS,50,paths,MultiMinded,96,Balance,22.59999999999127,2.51735,9,0.765931,0.744537,2.51735,2.1428571952032929,1.8821377652430877,2.3243275279258624,1,9,3,400,590
37,10,33,LinearSubgradientAuction,0.05,0.02,,True,,1000,10800,cats_path_g10b50,,False,CATS,50,paths,MultiMinded,336,Balance,137.52999999999884,6.394280999999999,9,1.32219,0.90059900000000004,6.394280999999999,5.7720026058904867,5.3667330558904869,5.9890114499999996,1,10,0,693,1033
38,10,37,LinearSubgradientAuction,0.05,0.02,,True,,1000,10800,cats_path_g10b50,,False,CATS,50,paths,MultiMinded,779,Balance,365.6999999999971,4.9241600000000005,8,1.27538,0.75259950000000009,4.9241600000000005,4.5036641827222965,4.2026243827222967,4.6238542380334264,1,10,2,777,1157
39,10,36,LinearSubgradientAuction,0.05,0.02,,True,,1000,10800,cats_path_g10b50,,False,CATS,50,paths,MultiMinded,523,Balance,239.93000000000757,7.180720999999999,10,1.37975,0.95457900000000007,7.180720999999999,6.6353101087318338,6.1580206087318343,6.7039196299187358,1,10,3,756,1126
40,10,24,LinearSubgradientAuction,0.05,0.02,,True,,1000,10800,cats_path_g10b50,,False,CATS,50,paths,MultiMinded,365,Balance,108.57000000000698,7.3709551,10,1.05191,0.99338300000000002,7.3709551,6.4523662354397358,5.9556747354397368,6.9408117907530187,1,10,9,504,754
41,10,20,LinearSubgradientAuction,0.05,0.02,,True,,1000,10800,cats_path_g10b50,,False,CATS,50,paths,MultiMinded,1000,MaxIter,253.1600000000035,11.936720999999999,7,1.66283,1.30715,4.534491,7.2500818111847192,3.6296730334891207,8.3163148745962996,1,10,11,420,630
42,10,35,LinearSubgradientAuction,0.05,0.02,,True,,1000,10800,cats_path_g10b50,,False,CATS,50,paths,MultiMinded,680,Balance,296.5300000000134,5.98905,10,1.26887,0.57787949999999999,5.98905,5.6982801626429369,5.4093404126429379,5.7282034973581757,1,10,5,735,1095
43,10,34,LinearSubgradientAuction,0.05,0.02,,True,,1000,10800,cats_path_g10b50,,False,CATS,50,paths,MultiMinded,169,Balance,72.44000000000233,5.305578,8,1.49562,0.65433600000000003,5.305578,4.9977458137931441,4.7360114137931433,5.0461425080994387,1,10,3,714,1064
44,10,24,LinearSubgradientAuction,0.05,0.02,,True,,1000,10800,cats_path_g10b50,,False,CATS,50,paths,MultiMinded,852,Balance,255.38000000000466,5.406871999999999,9,0.914107,0.79918800000000001,5.406872,4.777943490255673,4.4183088902556733,5.0481376593199618,1,10,3,504,754
45,10,33,LinearSubgradientAuction,0.05,0.02,,True,,1000,10800,cats_path_g10b50,,False,CATS,50,paths,MultiMinded,904,Balance,373.99000000000524,4.392568,7,1.04017,0.61580250000000003,4.392568,4.2316685003831216,4.0161376253831209,4.1788023678801789,1,10,3,693,1033
46,10,37,LinearSubgradientAuction,0.05,0.02,,True,,1000,10800,cats_path_g10b50,,False,CATS,50,paths,MultiMinded,390,Balance,181.11999999999534,7.650231000000001,10,1.33928,0.87604700000000002,7.650231000000001,6.887024461720423,6.4490009617204231,7.2968864615627176,1,10,2,777,1157
47,10,26,LinearSubgradientAuction,0.05,0.02,,True,,1000,10800,cats_path_g10b50,,False,CATS,50,paths,MultiMinded,482,Balance,157.47999999999593,4.863733,8,1.11721,0.68613100000000005,4.863733,4.7072481227475436,4.4327957227475423,4.615441531818564,1,10,9,546,816
48,10,40,LinearSubgradientAuction,0.05,0.02,,True,,1000,10800,cats_path_g10b50,,False,CATS,50,paths,MultiMinded,1000,MaxIter,514.4700000000012,13.668893,8,1.73275,0.850549,3.6492880000000003,5.1464566818920323,2.062622916461692,10.972073533799357,1,10,12,840,1250
49,10,25,LinearSubgradientAuction,0.05,0.02,,True,,1000,10800,cats_path_g10b50,,False,CATS,50,paths,MultiMinded,1000,MaxIter,313.52999999999884,4.105134,7,0.775577,0.59589599999999998,3.329557,3.9130548422665115,2.623318634057473,2.8665970849249605,1,10,8,525,785
50,10,43,LinearSubgradientAuction,0.05,0.02,,True,,1000,10800,cats_path_g10b50,,False,CATS,50,paths,MultiMinded,727,Balance,395.5500000000029,7.516903,10,1.3359,0.92906500000000003,7.516903,7.171864482575427,6.7073319825754298,7.0529440443325377,1,10,2,903,1343
51,10,23,LinearSubgradientAuction,0.05,0.02,,True,,1000,10800,cats_path_g10b50,,False,CATS,50,paths,MultiMinded,1000,MaxIter,292.27999999999884,3.8581627999999997,7,0.728995,0.60365150000000001,3.3722018,3.4861942044077194,2.1539076963350876,2.5265401008976509,1,10,6,483,723
52,10,28,LinearSubgradientAuction,0.05,0.02,,True,,1000,10800,cats_path_g10b50,,False,CATS,50,paths,MultiMinded,334,Balance,116.0,6.103176,9,1.01863,0.782582,6.1031759999999995,5.4672574962129303,5.1150955962129316,5.7552243336630866,1,10,5,588,878
53,10,26,LinearSubgradientAuction,0.05,0.02,,True,,1000,10800,cats_path_g10b50,,False,CATS,50,paths,MultiMinded,1000,MaxIter,320.70999999999185,9.548895000000002,10,1.84651,1.2191000000000001,8.309625,7.5245146110430188,5.8447176967742411,7.8699394345013527,1,10,4,546,816
54,10,30,LinearSubgradientAuction,0.05,0.02,,True,,1000,10800,cats_path_g10b50,,False,CATS,50,paths,MultiMinded,786,Balance,291.27999999999884,3.5444180000000003,9,0.62406,0.46356900000000001,3.5444180000000003,3.1778898656389512,2.9692838156389509,3.3367307811086513,1,10,3,630,940
55,10,24,LinearSubgradientAuction,0.05,0.02,,True,,1000,10800,cats_path_g10b50,,False,CATS,50,paths,MultiMinded,1000,MaxIter,299.77999999999884,5.614495000000001,7,1.03261,0.81608499999999995,4.691238,5.197423759349511,3.3256713410385803,3.7453472457401857,1,10,6,504,754
56,10,26,LinearSubgradientAuction,0.05,0.02,,True,,1000,10800,cats_path_g10b50,,False,CATS,50,paths,MultiMinded,1000,MaxIter,325.0500000000029,5.021542,6,1.22335,0.86009449999999998,4.149229,4.8371746186874525,2.9317727157679836,3.1181122739263487,1,10,5,546,816
57,10,29,LinearSubgradientAuction,0.05,0.02,,True,,1000,10800,cats_path_g10b50,,False,CATS,50,paths,MultiMinded,729,Balance,264.6399999999994,5.662903,10,1.20543,0.7060765,5.662903,4.9873628050625145,4.6343245550625136,5.3098647499999991,1,10,0,609,909
58,10,32,LinearSubgradientAuction,0.05,0.02,,True,,1000,10800,cats_path_g10b50,,False,CATS,50,paths,MultiMinded,446,Balance,177.63000000000466,5.435453000000001,8,1.10141,0.84788050000000004,5.435453000000001,4.9711680860022041,4.632015886002204,5.0967100315032541,1,10,2,672,1002
59,10,31,LinearSubgradientAuction,0.05,0.02,,True,,1000,10800,cats_path_g10b50,,False,CATS,50,paths,MultiMinded,692,Balance,259.25,7.500881000000001,9,1.37858,1.0170600000000001,7.500881000000001,6.8908186029167782,6.4331416029167778,7.0937416694767101,1,10,1,651,971
60,10,18,LinearSubgradientAuction,0.05,0.02,,True,,1000,10800,cats_path_g10b50,,False,CATS,50,paths,MultiMinded,1000,MaxIter,228.75999999999476,3.938055,6,1.01239,0.77787200000000001,3.3282049999999996,2.9668591552641028,1.6883790178397768,2.6606480728240056,1,10,7,378,568
61,10,39,LinearSubgradientAuction,0.05,0.02,,True,,1000,10800,cats_path_g10b50,,False,CATS,50,paths,MultiMinded,584,Balance,287.24000000000524,6.514431,10,1.15445,0.68256899999999998,6.514431,5.6871797367345058,5.3458952367345072,6.1731465000000014,1,10,0,819,1219
62,10,24,LinearSubgradientAuction,0.05,0.02,,True,,1000,10800,cats_path_g10b50,,False,CATS,50,paths,MultiMinded,1000,MaxIter,304.13000000000466,5.874828,7,1.13322,0.74950450000000002,5.412066,4.6353334145090868,3.8067506219644258,5.5438437711482589,1,10,7,504,754
63,10,26,LinearSubgradientAuction,0.05,0.02,,True,,1000,10800,cats_path_g10b50,,False,CATS,50,paths,MultiMinded,1000,MaxIter,323.7600000000093,10.817572,10,1.05624,0.85327799999999998,4.793157999999999,4.3692624809659666,3.5038820893811771,10.079953653783289,1,10,9,546,816
64,10,15,LinearSubgradientAuction,0.05,0.02,,True,,1000,10800,cats_path_g10b50,,False,CATS,50,paths,MultiMinded,292,Balance,56.169999999998254,4.3252115,8,1.18924,0.88682499999999997,4.325211500000001,3.664296825539231,3.3333314954625024,3.9991511005156841,1,10,7,315,475
65,10,35,LinearSubgradientAuction,0.05,0.02,,True,,1000,10800,cats_path_g10b50,,False,CATS,50,paths,MultiMinded,1000,MaxIter,442.02999999999884,9.498291,9,1.37422,0.81186400000000003,6.960061000000001,6.3935061204006782,4.8742375678073362,7.9850924649576838,1,10,6,735,1095
66,10,22,LinearSubgradientAuction,0.05,0.02,,True,,1000,10800,cats_path_g10b50,,False,CATS,50,paths,MultiMinded,1000,MaxIter,274.9899999999907,6.527464,5,1.20805,0.92267349999999992,3.032634,5.618421284743329,2.20522467519113,3.1157188240998481,1,10,5,462,692
67,10,31,LinearSubgradientAuction,0.05,0.02,,True,,1000,10800,cats_path_g10b50,,False,CATS,50,paths,MultiMinded,834,Balance,322.1900000000023,4.99912,8,0.980804,0.62215900000000002,4.99912,4.7094652659945737,4.4606016659945738,4.7515967601952429,1,10,3,651,971
68,10,21,LinearSubgradientAuction,0.05,0.02,,True,,1000,10800,cats_path_g10b50,,False,CATS,50,paths,MultiMinded,1000,MaxIter,264.83000000000175,4.354444,6,1.10844,0.58718800000000004,3.7672560000000006,3.9607208829837854,2.6959666618667435,3.0930469736799222,1,10,7,441,661
69,10,31,LinearSubgradientAuction,0.05,0.02,,True,,1000,10800,cats_path_g10b50,,False,CATS,50,paths,MultiMinded,975,Balance,375.08000000000175,4.638021,8,0.932286,0.72681200000000001,4.638021,4.4103281435284707,4.1196033435284702,4.3474163801140078,1,10,2,651,971
70,10,32,LinearSubgradientAuction,0.05,0.02,,True,,1000,10800,cats_path_g10b50,,False,CATS,50,paths,MultiMinded,845,Balance,343.0,5.529561,10,0.883645,0.71283099999999999,5.529561,5.0338880337453453,4.6774725337453456,5.1736351017596478,1,10,2,672,1002
71,10,29,LinearSubgradientAuction,0.05,0.02,,True,,1000,10800,cats_path_g10b50,,False,CATS,50,paths,MultiMinded,718,Balance,258.59999999999127,3.8155849999999996,8,0.722118,0.584781,3.8155849999999996,3.5461280722781794,3.312215672278179,3.6129906276716475,1,10,4,609,909
72,10,23,LinearSubgradientAuction,0.05,0.02,,True,,1000,10800,cats_path_g10b50,,False,CATS,50,paths,MultiMinded,699,Balance,202.0899999999965,4.337076,9,1.09941,0.63108900000000001,4.337076,3.9986430020635004,3.714652952063501,4.0856311823379352,1,10,4,483,723
73,10,23,LinearSubgradientAuction,0.05,0.02,,True,,1000,10800,cats_path_g10b50,,False,CATS,50,paths,MultiMinded,1000,MaxIter,289.75,4.733565,6,1.17805,0.79788950000000003,3.8040160000000003,4.5023359237001079,3.0142272125114933,3.247061950143626,1,10,6,483,723
74,10,28,LinearSubgradientAuction,0.05,0.02,,True,,1000,10800,cats_path_g10b50,,False,CATS,50,paths,MultiMinded,434,Balance,152.5500000000029,4.250006,8,0.944433,0.60220899999999999,4.250006,4.0451734096326266,3.804289809632627,4.0107995230638762,1,10,3,588,878
75,10,23,LinearSubgradientAuction,0.05,0.02,,True,,1000,10800,cats_path_g10b50,,False,CATS,50,paths,MultiMinded,709,Balance,206.97000000000116,4.765222,7,0.954458,0.87700599999999995,4.765222,4.4896872420219971,4.1827351420219978,4.4626135339150466,1,10,7,483,723
76,10,29,LinearSubgradientAuction,0.05,0.02,,True,,1000,10800,cats_path_g10b50,,False,CATS,50,paths,MultiMinded,142,Balance,47.970000000001164,6.904471,9,1.28641,1.1137699999999999,6.904471,5.5570021130940894,5.111494113094091,6.5365112975125115,1,9,9,580,851
77,10,20,LinearSubgradientAuction,0.05,0.02,,True,,1000,10800,cats_path_g10b50,,False,CATS,50,paths,MultiMinded,1000,MaxIter,253.36000000000058,3.7830920000000003,6,0.987819,0.58873500000000001,3.6502760000000003,3.4909000396056125,2.6225365752595873,3.004047808606606,1,10,6,420,630
78,10,31,LinearSubgradientAuction,0.05,0.02,,True,,1000,10800,cats_path_g10b50,,False,CATS,50,paths,MultiMinded,363,Balance,140.30999999999767,6.355665,9,1.59706,0.92678550000000004,6.355665,6.0730339380840199,5.6559804630840196,5.9393608093466588,1,10,2,651,971
79,10,26,LinearSubgradientAuction,0.05,0.02,,True,,1000,10800,cats_path_g10b50,,False,CATS,50,paths,MultiMinded,1000,MaxIter,324.2700000000041,6.17396,9,1.51269,0.757185,6.062557,4.8679059686135506,4.4541062950023225,6.1527007923142154,1,10,2,546,816
80,10,28,LinearSubgradientAuction,0.05,0.02,,True,,1000,10800,cats_path_g10b50,,False,CATS,50,paths,MultiMinded,364,Balance,127.04000000000815,6.124957,9,1.1598,0.90218600000000004,6.1014740000000005,5.6424221901574363,5.2364384901574361,5.7389003416198126,1,10,3,588,878
81,10,27,LinearSubgradientAuction,0.05,0.02,,True,,1000,10800,cats_path_g10b50,,False,CATS,50,paths,MultiMinded,1000,MaxIter,334.47000000000116,6.033706,7,1.09603,0.84438299999999999,6.020901,5.1553842327015307,4.8598501827015292,5.863647150751885,1,10,2,567,847
82,10,40,LinearSubgradientAuction,0.05,0.02,,True,,1000,10800,cats_path_g10b50,,False,CATS,50,paths,MultiMinded,541,Balance,271.8500000000058,7.125598999999999,10,1.12357,0.66202150000000004,7.125598999999999,6.4713768555036504,6.1403661055036496,6.7945882499999986,1,10,0,840,1250
83,10,29,LinearSubgradientAuction,0.05,0.02,,True,,1000,10800,cats_path_g10b50,,False,CATS,50,paths,MultiMinded,351,Balance,127.33000000000175,4.406853099999999,9,0.788029,0.64298299999999997,4.3997201,4.0365907897471374,3.7472484397471373,4.1418986109941232,1,10,1,609,909
84,10,23,LinearSubgradientAuction,0.05,0.02,,True,,1000,10800,cats_path_g10b50,,False,CATS,50,paths,MultiMinded,1000,MaxIter,272.1000000000058,4.1736754000000005,9,0.851051,0.68298999999999999,3.3226244000000005,2.8764393898003999,2.6237330898004001,3.9219029036444519,1,9,4,460,677
85,10,26,LinearSubgradientAuction,0.05,0.02,,True,,1000,10800,cats_path_g10b50,,False,CATS,50,paths,MultiMinded,1000,MaxIter,326.0500000000029,6.722310500000001,9,1.11978,0.81925350000000008,6.629831,6.2332453780688128,4.9260736059761161,5.4270288856068047,1,10,2,546,816
86,10,25,LinearSubgradientAuction,0.05,0.02,,True,,1000,10800,cats_path_g10b50,,False,CATS,50,paths,MultiMinded,1000,MaxIter,309.41999999999825,6.8755869999999994,9,1.01302,0.62419199999999997,3.8600990000000004,3.0952096515468281,2.3934497835579891,6.3145363443126019,1,10,5,525,785
87,10,19,LinearSubgradientAuction,0.05,0.02,,True,,1000,10800,cats_path_g10b50,,False,CATS,50,paths,MultiMinded,1000,MaxIter,227.02999999999884,7.4913935,8,0.90213,0.84762199999999999,2.9883083999999998,3.0098652888253659,1.765544668079384,6.250464466722331,1,9,9,380,561
88,10,24,LinearSubgradientAuction,0.05,0.02,,True,,1000,10800,cats_path_g10b50,,False,CATS,50,paths,MultiMinded,513,Balance,156.36999999999534,6.671337600000001,9,1.23763,0.97929250000000001,6.671337600000001,5.5584950001680067,5.1178133751680068,6.2783953069950824,1,10,2,504,754
89,10,30,LinearSubgradientAuction,0.05,0.02,,True,,1000,10800,cats_path_g10b50,,False,CATS,50,paths,MultiMinded,826,Balance,292.81999999999243,4.893484,9,0.957818,0.66029399999999994,4.893484,3.7799158481087547,3.5157982481087551,4.6298415607292958,1,9,2,600,880
90,10,24,LinearSubgradientAuction,0.05,0.02,,True,,1000,10800,cats_path_g10b50,,False,CATS,50,paths,MultiMinded,1000,MaxIter,297.47000000000116,4.9815499999999995,8,1.03037,0.59696149999999992,4.3927,4.5023247437775122,3.7039837244008047,4.2085407485465627,1,10,3,504,754
91,10,26,LinearSubgradientAuction,0.05,0.02,,True,,1000,10800,cats_path_g10b50,,False,CATS,50,paths,MultiMinded,1000,MaxIter,318.49000000000524,5.608700000000001,7,1.15219,0.65921200000000002,4.80832,4.5899999736756385,3.6287096833774486,4.8813910718612661,1,10,3,546,816
92,10,29,LinearSubgradientAuction,0.05,0.02,,True,,1000,10800,cats_path_g10b50,,False,CATS,50,paths,MultiMinded,1000,MaxIter,365.2299999999959,6.734538,5,1.30249,1.03973,4.622198,6.3929820293727238,3.3053894335473677,3.648801412235835,1,10,7,609,909
93,10,36,LinearSubgradientAuction,0.05,0.02,,True,,1000,10800,cats_path_g10b50,,False,CATS,50,paths,MultiMinded,306,Balance,141.0899999999965,5.941976,7,1.19352,0.81540649999999992,5.927713,5.729507316586961,5.4441150415869615,5.7027156609143299,1,10,5,756,1126
94,10,36,LinearSubgradientAuction,0.05,0.02,,True,,1000,10800,cats_path_g10b50,,False,CATS,50,paths,MultiMinded,375,Balance,167.99000000000524,6.659274999999999,10,1.32087,0.72828700000000002,6.659274999999999,6.1663320449947969,5.8021885449947961,6.295528679665602,1,10,2,756,1126
95,10,20,LinearSubgradientAuction,0.05,0.02,,True,,1000,10800,cats_path_g10b50,,False,CATS,50,paths,MultiMinded,1000,MaxIter,237.13999999999942,5.242984999999999,6,0.986125,0.95783799999999997,4.882101,3.9683020058174008,2.4761093118149824,3.7537986106991159,1,9,8,400,590
96,10,27,LinearSubgradientAuction,0.05,0.02,,True,,1000,10800,cats_path_g10b50,,False,CATS,50,paths,MultiMinded,451,Balance,152.0399999999936,5.968370999999999,9,1.36717,0.912686,5.968370999999999,5.4249237882578303,5.0142150882578314,5.5590518565312212,1,10,4,567,847
97,10,40,LinearSubgradientAuction,0.05,0.02,,True,,1000,10800,cats_path_g10b50,,False,CATS,50,paths,MultiMinded,802,Balance,402.95999999999185,5.874736,9,1.39812,0.64802099999999996,5.874736,5.4134895580674192,5.1218801080674208,5.6154342975283598,1,10,1,840,1250
98,10,29,LinearSubgradientAuction,0.05,0.02,,True,,1000,10800,cats_path_g10b50,,False,CATS,50,paths,MultiMinded,1000,MaxIter,363.79000000000815,8.221217,7,1.32075,0.95510399999999995,6.794132,7.0996235338454197,4.7979250535233922,5.9769799266893564,1,10,6,609,909
99,10,24,LinearSubgradientAuction,0.05,0.02,,True,,1000,10800,cats_path_g10b50,,False,CATS,50,paths,MultiMinded,833,Balance,248.01999999998952,4.068553,8,0.837895,0.57574999999999998,4.068553,3.7854784934173136,3.5551784934173138,3.8652064233358292,1,10,5,504,754
100,10,26,LinearSubgradientAuction,0.05,0.02,,True,,1000,10800,cats_path_g10b50,,False,CATS,50,paths,MultiMinded,1000,MaxIter,331.33000000000175,5.4685310000000005,9,1.22663,0.78226099999999998,5.359288,4.9633701002993984,4.6113526502993976,5.1714318858139521,1,10,5,546,816
