idx,items,agents,auction_class,epsilon,stepc,epoch,scalebyvalue,reserve_type,maxiter,maxtime,generator_param_name,personalized,int_prices,generator,bids,distribution,type,rounds,status,runtime,efficient_value,final_num_winners,final_max_agent_value,final_scalevalue,final_value,final_total_price,final_revenue,final_indirect_util,final_price_degree,final_price_sparsity,final_imbalance,final_wd_nvars,final_wd_ncons
1,10,41,LinearSubgradientAuction,0.025,0.04,,True,,1000,10800,cats_path_g10b50,,False,CATS,50,paths,MultiMinded,695,Balance,356.0499999999993,5.1295980000000005,10,1.05837,0.48806749999999999,5.121627600000001,4.2993946939855192,4.1773778189855184,5.0114108895693494,1,10,1,861,1281
2,10,32,LinearSubgradientAuction,0.025,0.04,,True,,1000,10800,cats_path_g10b50,,False,CATS,50,paths,MultiMinded,1000,MaxIter,377.15000000000055,5.881798,8,0.89658,0.700376,4.985218,4.5653706956596389,3.3402219508246072,4.6575335660104891,1,9,5,640,938
3,10,23,LinearSubgradientAuction,0.025,0.04,,True,,1000,10800,cats_path_g10b50,,False,CATS,50,paths,MultiMinded,267,Balance,76.71000000000004,6.1772789999999995,8,1.4872,0.84460199999999996,6.1772789999999995,5.6134956928357109,5.4445752928357116,6.0277271790520892,1,10,3,483,723
4,10,24,LinearSubgradientAuction,0.025,0.04,,True,,1000,10800,cats_path_g10b50,,False,CATS,50,paths,MultiMinded,1000,MaxIter,302.39999999999964,5.0370452,7,0.92099,0.79058200000000001,4.1160552,3.7256654553630923,2.4691908438975365,3.7834088120227118,1,10,6,504,754
5,10,34,LinearSubgradientAuction,0.025,0.04,,True,,1000,10800,cats_path_g10b50,,False,CATS,50,paths,MultiMinded,181,Balance,76.90999999999985,6.641525,9,1.19553,0.74441100000000004,6.641525,6.3604657951555055,6.1929733201555051,6.479014670726106,1,10,3,714,1064
6,10,26,LinearSubgradientAuction,0.025,0.04,,True,,1000,10800,cats_path_g10b50,,False,CATS,50,paths,MultiMinded,1000,MaxIter,322.8299999999999,7.117255999999999,8,1.27499,1.03579,3.9618690000000005,6.4224244171247813,2.3660606779020186,3.0624688763739663,1,10,4,546,816
7,10,30,LinearSubgradientAuction,0.025,0.04,,True,,1000,10800,cats_path_g10b50,,False,CATS,50,paths,MultiMinded,1000,MaxIter,374.5,5.604355000000001,8,0.860832,0.57241200000000003,3.68365,3.9312779874218657,3.3025063556736707,4.9755833682518045,1,10,3,630,940
8,10,29,LinearSubgradientAuction,0.025,0.04,,True,,1000,10800,cats_path_g10b50,,False,CATS,50,paths,MultiMinded,172,Balance,62.81999999999971,4.14936,8,1.21473,0.53942699999999999,4.14936,4.0379848074285984,3.9300994074285978,4.0422615938188322,1,10,2,609,909
9,10,34,LinearSubgradientAuction,0.025,0.04,,True,,1000,10800,cats_path_g10b50,,False,CATS,50,paths,MultiMinded,64,Balance,26.98999999999978,8.312487,10,1.40383,1.19224,8.312487,7.6024654026849978,7.3044054026849992,8.043454531471399,1,10,1,714,1064
10,10,35,LinearSubgradientAuction,0.025,0.04,,True,,1000,10800,cats_path_g10b50,,False,CATS,50,paths,MultiMinded,92,Balance,39.530000000000655,5.813495100000001,9,1.32539,0.73520450000000004,5.8134951,5.3163549054674668,5.1509338929674682,5.664814508480271,1,10,1,735,1095
11,10,32,LinearSubgradientAuction,0.025,0.04,,True,,1000,10800,cats_path_g10b50,,False,CATS,50,paths,MultiMinded,63,Balance,25.340000000000146,5.665188000000001,8,0.988013,0.84758449999999996,5.665188000000001,5.32661427577208,5.1570973757720795,5.5034895690409469,1,10,9,672,1002
12,10,31,LinearSubgradientAuction,0.025,0.04,,True,,1000,10800,cats_path_g10b50,,False,CATS,50,paths,MultiMinded,122,Balance,47.5600000000004,5.822862,8,1.20008,0.80469999999999997,5.822862,5.0011388082235166,4.8401988082235174,5.6713029765740481,1,10,1,651,971
13,10,24,LinearSubgradientAuction,0.025,0.04,,True,,1000,10800,cats_path_g10b50,,False,CATS,50,paths,MultiMinded,251,Balance,74.75999999999931,5.960460200000001,9,1.3072,0.85787999999999998,5.960460200000001,5.4206674145875837,5.2276444145875836,5.7681484979076085,1,10,2,504,754
14,10,17,LinearSubgradientAuction,0.025,0.04,,True,,1000,10800,cats_path_g10b50,,False,CATS,50,paths,MultiMinded,527,Balance,106.42000000000007,5.653834,7,0.86218,0.82208099999999995,5.653834,3.7622572731968966,3.6183930981968961,5.5326197360006137,1,9,5,340,503
15,10,33,LinearSubgradientAuction,0.025,0.04,,True,,1000,10800,cats_path_g10b50,,False,CATS,50,paths,MultiMinded,201,Balance,84.0600000000004,5.368371,10,1.226,0.410271,5.368371,4.9516098294841902,4.8490420794841889,5.2711475829757433,1,10,5,693,1033
16,10,34,LinearSubgradientAuction,0.025,0.04,,True,,1000,10800,cats_path_g10b50,,False,CATS,50,paths,MultiMinded,264,Balance,106.32999999999993,6.969046,10,1.43412,0.68306999999999995,6.969046,5.8018245300388518,5.6481337800388509,6.8153552500000005,1,9,0,680,996
17,10,30,LinearSubgradientAuction,0.025,0.04,,True,,1000,10800,cats_path_g10b50,,False,CATS,50,paths,MultiMinded,102,Balance,37.589999999999236,6.379521,9,1.33671,0.75658099999999995,6.379521,5.8283323894429291,5.6581016644429303,6.2092902749999999,1,10,0,630,940
18,10,28,LinearSubgradientAuction,0.025,0.04,,True,,1000,10800,cats_path_g10b50,,False,CATS,50,paths,MultiMinded,119,Balance,41.210000000000036,3.7659457999999995,10,0.809737,0.424898,3.7659457999999995,3.3638471692783543,3.2576226692783541,3.6696619890000939,1,10,1,588,878
19,10,29,LinearSubgradientAuction,0.025,0.04,,True,,1000,10800,cats_path_g10b50,,False,CATS,50,paths,MultiMinded,95,Balance,34.529999999999745,5.399328000000001,8,0.984412,0.88883350000000005,5.399328000000001,4.8391051593232115,4.6613384593232121,5.2403559767095249,1,10,6,609,909
20,10,31,LinearSubgradientAuction,0.025,0.04,,True,,1000,10800,cats_path_g10b50,,False,CATS,50,paths,MultiMinded,102,Balance,36.61999999999989,5.347376,9,1.11574,0.85649200000000003,5.347376,4.0287245488045658,3.8574261488045658,5.1855299775607575,1,9,7,620,909
21,10,33,LinearSubgradientAuction,0.025,0.04,,True,,1000,10800,cats_path_g10b50,,False,CATS,50,paths,MultiMinded,314,Balance,130.34000000000015,6.346977999999999,8,1.04535,0.887351,6.346977999999999,5.3785483779129448,5.2010781779129447,6.176892699674597,1,10,4,693,1033
22,10,29,LinearSubgradientAuction,0.025,0.04,,True,,1000,10800,cats_path_g10b50,,False,CATS,50,paths,MultiMinded,323,Balance,118.82000000000062,3.679525,7,0.81347,0.62753999999999999,3.679525,3.4709672542515877,3.3611477542515873,3.5709195917795595,1,10,3,609,909
23,10,33,LinearSubgradientAuction,0.025,0.04,,True,,1000,10800,cats_path_g10b50,,False,CATS,50,paths,MultiMinded,143,Balance,57.780000000000655,6.968433999999999,9,1.11046,0.85569899999999999,6.968433999999999,6.0044457860599625,5.8119135110599638,6.7997254084182917,1,10,2,693,1033
24,10,26,LinearSubgradientAuction,0.025,0.04,,True,,1000,10800,cats_path_g10b50,,False,CATS,50,paths,MultiMinded,1000,MaxIter,323.5100000000002,5.079491000000001,7,0.912266,0.59736,4.2627299999999995,4.4491914026716488,3.1908801117987262,3.821486439928488,1,10,6,546,816
25,10,23,LinearSubgradientAuction,0.025,0.04,,True,,1000,10800,cats_path_g10b50,,False,CATS,50,paths,MultiMinded,263,Balance,75.22999999999956,5.799925999999999,9,0.932562,0.85897900000000005,5.799925999999999,5.5303535079155948,5.3370832329155942,5.6094501953169305,1,10,2,483,723
26,10,22,LinearSubgradientAuction,0.025,0.04,,True,,1000,10800,cats_path_g10b50,,False,CATS,50,paths,MultiMinded,1000,MaxIter,276.1900000000005,7.226532999999999,6,1.05046,0.94945649999999993,3.435324,3.6003535074854822,2.1360198777410204,5.7622171517081249,1,10,10,462,692
27,10,33,LinearSubgradientAuction,0.025,0.04,,True,,1000,10800,cats_path_g10b50,,False,CATS,50,paths,MultiMinded,241,Balance,98.92000000000007,5.22312,8,1.38199,0.74170000000000003,5.22312,4.8775269608986527,4.7291869608986525,5.0747800000000005,1,10,0,693,1033
28,10,38,LinearSubgradientAuction,0.025,0.04,,True,,1000,10800,cats_path_g10b50,,False,CATS,50,paths,MultiMinded,94,Balance,45.80999999999949,7.158904,10,1.38531,1.05223,7.158904,6.6259325267252329,6.3628750267252343,6.8977691084237547,1,10,3,798,1188
29,10,22,LinearSubgradientAuction,0.025,0.04,,True,,1000,10800,cats_path_g10b50,,False,CATS,50,paths,MultiMinded,1000,MaxIter,278.8699999999999,5.222893,6,1.14292,0.81835199999999997,4.404541,4.8199494171147306,2.9748675025775464,3.3817818895900391,1,10,7,462,692
30,10,26,LinearSubgradientAuction,0.025,0.04,,True,,1000,10800,cats_path_g10b50,,False,CATS,50,paths,MultiMinded,1000,MaxIter,325.8800000000001,8.367289,8,1.00864,0.79848300000000005,4.82465,4.5099085595713655,3.5725327891356433,7.4312161132699961,1,10,7,546,816
31,10,34,LinearSubgradientAuction,0.025,0.04,,True,,1000,10800,cats_path_g10b50,,False,CATS,50,paths,MultiMinded,444,Balance,190.02000000000044,7.570106999999999,9,1.56629,0.87534100000000004,7.570106999999999,6.8643614594848241,6.667409734484826,7.3739917939794797,1,10,3,714,1064
32,10,22,LinearSubgradientAuction,0.025,0.04,,True,,1000,10800,cats_path_g10b50,,False,CATS,50,paths,MultiMinded,1000,MaxIter,277.22000000000025,5.8430159999999995,5,0.990041,0.83248200000000006,3.9990090000000005,5.0160340245106916,2.5493245601431225,3.3815113522019611,1,10,9,462,692
33,10,23,LinearSubgradientAuction,0.025,0.04,,True,,1000,10800,cats_path_g10b50,,False,CATS,50,paths,MultiMinded,298,Balance,85.31999999999971,5.328471,8,1.14706,0.74653400000000003,5.328471,4.1018498792543614,3.9525430792543599,5.1872290516969031,1,10,3,483,723
34,10,23,LinearSubgradientAuction,0.025,0.04,,True,,1000,10800,cats_path_g10b50,,False,CATS,50,paths,MultiMinded,1000,MaxIter,289.7400000000007,4.414205,7,1.07941,0.93713999999999997,2.4969,3.5477392756546697,1.971675651795074,2.8474444178324592,1,10,4,483,723
35,10,25,LinearSubgradientAuction,0.025,0.04,,True,,1000,10800,cats_path_g10b50,,False,CATS,50,paths,MultiMinded,535,Balance,169.15999999999985,6.118125,8,1.03776,0.84872099999999995,6.118125,5.5901194766669811,5.4203752766669826,5.9504642493282498,1,10,3,525,785
36,10,20,LinearSubgradientAuction,0.025,0.04,,True,,1000,10800,cats_path_g10b50,,False,CATS,50,paths,MultiMinded,31,Balance,7.230000000000473,2.51735,8,0.765931,0.744537,2.51735,2.1777398534870498,2.0474458784870491,2.4220842890127336,1,9,6,400,590
37,10,33,LinearSubgradientAuction,0.025,0.04,,True,,1000,10800,cats_path_g10b50,,False,CATS,50,paths,MultiMinded,95,Balance,38.67000000000007,6.394280999999999,9,1.32219,0.90059900000000004,6.394280999999999,5.8450867489081091,5.6424519739081092,6.1916462249999995,1,10,0,693,1033
38,10,37,LinearSubgradientAuction,0.025,0.04,,True,,1000,10800,cats_path_g10b50,,False,CATS,50,paths,MultiMinded,240,Balance,112.43000000000029,4.9241600000000005,8,1.27538,0.75259950000000009,4.9241600000000005,4.4871385662484462,4.3366186662484472,4.7794702414432368,1,10,6,777,1157
39,10,36,LinearSubgradientAuction,0.025,0.04,,True,,1000,10800,cats_path_g10b50,,False,CATS,50,paths,MultiMinded,140,Balance,63.539999999999964,7.180720999999999,10,1.37975,0.95457900000000007,7.180720999999999,6.6666526605654104,6.4280079105654107,6.9420762500000004,1,10,0,756,1126
40,10,24,LinearSubgradientAuction,0.025,0.04,,True,,1000,10800,cats_path_g10b50,,False,CATS,50,paths,MultiMinded,103,Balance,30.299999999999272,7.3709551,10,1.05191,0.99338300000000002,7.3709551,6.5007142670538514,6.2523685170538519,7.1739206142955023,1,10,8,504,754
41,10,20,LinearSubgradientAuction,0.025,0.04,,True,,1000,10800,cats_path_g10b50,,False,CATS,50,paths,MultiMinded,1000,MaxIter,250.4400000000005,11.936720999999999,7,1.66283,1.30715,4.534491,7.2657596501541466,3.7490780078240222,8.4206830019640471,1,10,9,420,630
42,10,35,LinearSubgradientAuction,0.025,0.04,,True,,1000,10800,cats_path_g10b50,,False,CATS,50,paths,MultiMinded,192,Balance,83.13999999999942,5.98905,10,1.26887,0.57787949999999999,5.98905,5.7385637770519224,5.5940939020519211,5.8616923842343711,1,10,5,735,1095
43,10,34,LinearSubgradientAuction,0.025,0.04,,True,,1000,10800,cats_path_g10b50,,False,CATS,50,paths,MultiMinded,50,Balance,21.100000000000364,5.305578,8,1.49562,0.65433600000000003,5.305578,4.9755249547528138,4.8446577547528147,5.1829147207984523,1,10,3,714,1064
44,10,24,LinearSubgradientAuction,0.025,0.04,,True,,1000,10800,cats_path_g10b50,,False,CATS,50,paths,MultiMinded,197,Balance,59.340000000000146,5.406871999999999,9,0.914107,0.79918800000000001,5.406871999999999,4.7266746659179031,4.5468573659179041,5.2511853651215805,1,10,8,504,754
45,10,33,LinearSubgradientAuction,0.025,0.04,,True,,1000,10800,cats_path_g10b50,,False,CATS,50,paths,MultiMinded,250,Balance,103.14000000000033,4.392568,7,1.04017,0.61580250000000003,4.392568,4.2680293682101107,4.1602639307101095,4.2888769308448431,1,10,3,693,1033
46,10,37,LinearSubgradientAuction,0.025,0.04,,True,,1000,10800,cats_path_g10b50,,False,CATS,50,paths,MultiMinded,114,Balance,53.409999999999854,7.650231000000001,10,1.33928,0.87604700000000002,7.650231000000001,6.9190615749621021,6.7000498249621021,7.4680506246608749,1,10,2,777,1157
47,10,26,LinearSubgradientAuction,0.025,0.04,,True,,1000,10800,cats_path_g10b50,,False,CATS,50,paths,MultiMinded,137,Balance,44.17000000000007,4.863733,8,1.11721,0.68613100000000005,4.863733,4.7337942594674445,4.5965680594674438,4.7471671154988808,1,10,7,546,816
48,10,40,LinearSubgradientAuction,0.025,0.04,,True,,1000,10800,cats_path_g10b50,,False,CATS,50,paths,MultiMinded,1000,MaxIter,514.0699999999997,13.668893,9,1.73275,0.850549,5.57867,6.2153680314374,4.7909960163177585,12.262795278775789,1,10,13,840,1250
49,10,25,LinearSubgradientAuction,0.025,0.04,,True,,1000,10800,cats_path_g10b50,,False,CATS,50,paths,MultiMinded,377,Balance,117.72999999999956,4.105134,8,0.775577,0.59589599999999998,4.105134,3.9703610463868237,3.8511818463868228,3.9911780012965972,1,10,4,525,785
50,10,43,LinearSubgradientAuction,0.025,0.04,,True,,1000,10800,cats_path_g10b50,,False,CATS,50,paths,MultiMinded,196,Balance,105.69000000000051,7.516903,10,1.3359,0.92906500000000003,7.516903,7.1880936380502485,6.9558273880502464,7.2859809156722335,1,10,2,903,1343
51,10,23,LinearSubgradientAuction,0.025,0.04,,True,,1000,10800,cats_path_g10b50,,False,CATS,50,paths,MultiMinded,1000,MaxIter,291.0199999999995,3.8581627999999997,7,0.728995,0.60365150000000001,3.3722018,3.4808625874322199,2.2394641580151475,2.6205679712259577,1,10,5,483,723
52,10,28,LinearSubgradientAuction,0.025,0.04,,True,,1000,10800,cats_path_g10b50,,False,CATS,50,paths,MultiMinded,102,Balance,35.92000000000007,6.103176,9,1.01863,0.782582,6.1031759999999995,5.4798635767785102,5.3037826267785091,5.9358438372676412,1,10,5,588,878
53,10,26,LinearSubgradientAuction,0.025,0.04,,True,,1000,10800,cats_path_g10b50,,False,CATS,50,paths,MultiMinded,1000,MaxIter,303.0799999999999,9.548895000000002,10,1.84651,1.2191000000000001,8.028115,7.5568747025041896,6.1422179173512532,8.1353460823929531,1,9,2,520,764
54,10,30,LinearSubgradientAuction,0.025,0.04,,True,,1000,10800,cats_path_g10b50,,False,CATS,50,paths,MultiMinded,208,Balance,76.05000000000018,3.5444180000000003,9,0.62406,0.46356900000000001,3.5444180000000003,3.1911352616495416,3.0868322366495424,3.4407239692306462,1,10,3,630,940
55,10,24,LinearSubgradientAuction,0.025,0.04,,True,,1000,10800,cats_path_g10b50,,False,CATS,50,paths,MultiMinded,1000,MaxIter,302.40999999999985,5.614495000000001,7,1.03261,0.81608499999999995,4.691238,5.1946197945548009,3.4394042860296392,3.8641778790629067,1,10,6,504,754
56,10,26,LinearSubgradientAuction,0.025,0.04,,True,,1000,10800,cats_path_g10b50,,False,CATS,50,paths,MultiMinded,129,Balance,41.89000000000033,5.021542,7,1.22335,0.86009449999999998,5.021542,4.838596253560512,4.6880797160605114,4.8839206870477918,1,10,7,546,816
57,10,29,LinearSubgradientAuction,0.025,0.04,,True,,1000,10800,cats_path_g10b50,,False,CATS,50,paths,MultiMinded,188,Balance,68.72000000000025,5.662903,10,1.20543,0.7060765,5.662903,4.9977186406064646,4.8211995156064642,5.4880184504063285,1,10,3,609,909
58,10,32,LinearSubgradientAuction,0.025,0.04,,True,,1000,10800,cats_path_g10b50,,False,CATS,50,paths,MultiMinded,121,Balance,48.55999999999949,5.435453000000001,8,1.10141,0.84788050000000004,5.435453000000001,4.9688269397822236,4.7992508397822231,5.2684629127556066,1,10,2,672,1002
59,10,31,LinearSubgradientAuction,0.025,0.04,,True,,1000,10800,cats_path_g10b50,,False,CATS,50,paths,MultiMinded,196,Balance,73.93000000000029,7.500881000000001,9,1.37858,1.0170600000000001,7.500881000000001,6.9239287980157211,6.695090298015721,7.2962683627563205,1,10,1,651,971
60,10,18,LinearSubgradientAuction,0.025,0.04,,True,,1000,10800,cats_path_g10b50,,False,CATS,50,paths,MultiMinded,1000,MaxIter,228.15999999999985,3.938055,6,1.01239,0.77787200000000001,3.3282049999999996,2.9884471485148594,1.798260024537133,2.748928480024325,1,10,6,378,568
61,10,39,LinearSubgradientAuction,0.025,0.04,,True,,1000,10800,cats_path_g10b50,,False,CATS,50,paths,MultiMinded,152,Balance,74.23000000000047,6.514431,10,1.15445,0.68256899999999998,6.514431,5.730311293482643,5.5596690434826419,6.3437887499999981,1,10,0,819,1219
62,10,24,LinearSubgradientAuction,0.025,0.04,,True,,1000,10800,cats_path_g10b50,,False,CATS,50,paths,MultiMinded,727,Balance,218.01999999999953,5.874828,8,1.13322,0.74950450000000002,5.874828,5.3746132574678089,5.2247123574678085,5.7249288470947235,1,10,2,504,754
63,10,26,LinearSubgradientAuction,0.025,0.04,,True,,1000,10800,cats_path_g10b50,,False,CATS,50,paths,MultiMinded,1000,MaxIter,322.60000000000036,10.817572,9,1.05624,0.85327799999999998,5.0590150000000005,4.5778908638710236,4.2607140102725154,10.50286206517959,1,10,10,546,816
64,10,15,LinearSubgradientAuction,0.025,0.04,,True,,1000,10800,cats_path_g10b50,,False,CATS,50,paths,MultiMinded,107,Balance,20.279999999999745,4.3252115,8,1.18924,0.88682499999999997,4.325211500000001,3.6968155227613453,3.5213312841174398,4.1616097858361218,1,10,7,315,475
65,10,35,LinearSubgradientAuction,0.025,0.04,,True,,1000,10800,cats_path_g10b50,,False,CATS,50,paths,MultiMinded,1000,MaxIter,441.09000000000015,9.498291,9,1.37422,0.81186400000000003,6.960061000000001,6.423335307230885,5.0358296844156873,8.1107853771848024,1,10,2,735,1095
66,10,22,LinearSubgradientAuction,0.025,0.04,,True,,1000,10800,cats_path_g10b50,,False,CATS,50,paths,MultiMinded,1000,MaxIter,276.65999999999985,6.527464,5,1.20805,0.92267349999999992,3.1454630000000003,5.6310643385312389,1.5139928832154714,2.4146852477895977,1,10,7,462,692
67,10,31,LinearSubgradientAuction,0.025,0.04,,True,,1000,10800,cats_path_g10b50,,False,CATS,50,paths,MultiMinded,228,Balance,87.57000000000062,4.99912,8,0.980804,0.62215900000000002,4.99912,4.7241557088035409,4.59972390880354,4.8805615675857608,1,10,3,651,971
68,10,21,LinearSubgradientAuction,0.025,0.04,,True,,1000,10800,cats_path_g10b50,,False,CATS,50,paths,MultiMinded,1000,MaxIter,264.96000000000004,4.354444,6,1.10844,0.58718800000000004,3.7672560000000006,3.9816877069136267,2.77981614368074,3.1535445001973135,1,10,6,441,661
69,10,31,LinearSubgradientAuction,0.025,0.04,,True,,1000,10800,cats_path_g10b50,,False,CATS,50,paths,MultiMinded,288,Balance,111.61999999999989,4.638021,8,0.932286,0.72681200000000001,4.638021,4.4101364324631644,4.2647740324631647,4.4935429406991716,1,10,3,651,971
70,10,32,LinearSubgradientAuction,0.025,0.04,,True,,1000,10800,cats_path_g10b50,,False,CATS,50,paths,MultiMinded,238,Balance,94.75,5.529561,10,0.883645,0.71283099999999999,5.529561,5.0439431135448469,4.8657353635448466,5.353204335214981,1,10,2,672,1002
71,10,29,LinearSubgradientAuction,0.025,0.04,,True,,1000,10800,cats_path_g10b50,,False,CATS,50,paths,MultiMinded,218,Balance,78.64000000000033,3.8155849999999996,8,0.722118,0.584781,3.8155849999999996,3.6157666518348428,3.4988104518348426,3.7125186257364726,1,10,5,609,909
72,10,23,LinearSubgradientAuction,0.025,0.04,,True,,1000,10800,cats_path_g10b50,,False,CATS,50,paths,MultiMinded,200,Balance,57.840000000000146,4.337076,9,1.09941,0.63108900000000001,4.337076,4.0416820288392703,3.8996870038392717,4.2110568953791541,1,10,4,483,723
73,10,23,LinearSubgradientAuction,0.025,0.04,,True,,1000,10800,cats_path_g10b50,,False,CATS,50,paths,MultiMinded,1000,MaxIter,289.8299999999999,4.733565,6,1.17805,0.79788950000000003,3.8040160000000003,4.5107935293258876,2.3551606470615125,2.5809592280009581,1,10,6,483,723
74,10,28,LinearSubgradientAuction,0.025,0.04,,True,,1000,10800,cats_path_g10b50,,False,CATS,50,paths,MultiMinded,111,Balance,38.60999999999967,4.250006,8,0.944433,0.60220899999999999,4.250006,4.0574970430461557,3.9370552430461565,4.1343920278092385,1,10,3,588,878
75,10,23,LinearSubgradientAuction,0.025,0.04,,True,,1000,10800,cats_path_g10b50,,False,CATS,50,paths,MultiMinded,221,Balance,63.63000000000011,4.765222,7,0.954458,0.87700599999999995,4.765222,4.4983592400793855,4.3448831900793854,4.6182699929793278,1,10,7,483,723
76,10,29,LinearSubgradientAuction,0.025,0.04,,True,,1000,10800,cats_path_g10b50,,False,CATS,50,paths,MultiMinded,59,Balance,19.829999999999927,6.904471,9,1.28641,1.1137699999999999,6.904471,5.6062604553384565,5.3835064553384564,6.7097842790002291,1,9,8,580,851
77,10,20,LinearSubgradientAuction,0.025,0.04,,True,,1000,10800,cats_path_g10b50,,False,CATS,50,paths,MultiMinded,1000,MaxIter,250.67999999999938,3.7830920000000003,6,0.987819,0.58873500000000001,3.6502760000000003,3.6319227985958156,2.8382654319647482,3.0069875011907081,1,10,6,420,630
78,10,31,LinearSubgradientAuction,0.025,0.04,,True,,1000,10800,cats_path_g10b50,,False,CATS,50,paths,MultiMinded,104,Balance,40.26000000000022,6.355665,9,1.59706,0.92678550000000004,6.355665,6.0687023498581407,5.8601756123581419,6.150211058084051,1,10,2,651,971
79,10,26,LinearSubgradientAuction,0.025,0.04,,True,,1000,10800,cats_path_g10b50,,False,CATS,50,paths,MultiMinded,800,Balance,261.16999999999916,6.17396,9,1.51269,0.757185,6.17396,5.6348438395412508,5.4644772145412492,6.0219415512450905,1,10,1,546,816
80,10,28,LinearSubgradientAuction,0.025,0.04,,True,,1000,10800,cats_path_g10b50,,False,CATS,50,paths,MultiMinded,109,Balance,37.60999999999967,6.124957,9,1.1598,0.90218600000000004,6.124957,5.6777292499672098,5.4747373999672098,5.9322315265036352,1,10,2,588,878
81,10,27,LinearSubgradientAuction,0.025,0.04,,True,,1000,10800,cats_path_g10b50,,False,CATS,50,paths,MultiMinded,460,Balance,154.60999999999967,6.033706,7,1.09603,0.84438299999999999,6.020901,5.508464200008687,5.3606971750086876,5.8959909579194356,1,10,6,567,847
82,10,40,LinearSubgradientAuction,0.025,0.04,,True,,1000,10800,cats_path_g10b50,,False,CATS,50,paths,MultiMinded,147,Balance,74.23999999999978,7.125598999999999,10,1.12357,0.66202150000000004,7.125598999999999,6.4897980005175278,6.32429262551753,6.9600936250000025,1,10,0,840,1250
83,10,29,LinearSubgradientAuction,0.025,0.04,,True,,1000,10800,cats_path_g10b50,,False,CATS,50,paths,MultiMinded,110,Balance,39.73000000000047,4.406853099999999,9,0.788029,0.64298299999999997,4.3997201,4.0590537042534889,3.9143825292534888,4.2701331212218205,1,10,1,609,909
84,10,23,LinearSubgradientAuction,0.025,0.04,,True,,1000,10800,cats_path_g10b50,,False,CATS,50,paths,MultiMinded,1000,MaxIter,269.3299999999999,4.1736754000000005,9,0.851051,0.68298999999999999,3.3226244000000005,2.9248490729462824,2.7882510729462826,4.0396701609119514,1,9,4,460,677
85,10,26,LinearSubgradientAuction,0.025,0.04,,True,,1000,10800,cats_path_g10b50,,False,CATS,50,paths,MultiMinded,288,Balance,93.42999999999938,6.722310500000001,10,1.11978,0.81925350000000008,6.722310500000001,6.2563651478227618,6.051551772822763,6.5178995830596804,1,10,3,546,816
86,10,25,LinearSubgradientAuction,0.025,0.04,,True,,1000,10800,cats_path_g10b50,,False,CATS,50,paths,MultiMinded,1000,MaxIter,311.65000000000055,6.8755869999999994,8,1.01302,0.62419199999999997,3.235907,3.5822888141472253,2.2388861098237944,5.5327129337207186,1,10,4,525,785
87,10,19,LinearSubgradientAuction,0.025,0.04,,True,,1000,10800,cats_path_g10b50,,False,CATS,50,paths,MultiMinded,1000,MaxIter,225.80000000000018,7.4913935,9,0.90213,0.84762199999999999,3.9519195,3.0252849864945448,1.9634929105315542,6.4305429104640464,1,9,6,380,561
88,10,24,LinearSubgradientAuction,0.025,0.04,,True,,1000,10800,cats_path_g10b50,,False,CATS,50,paths,MultiMinded,149,Balance,44.26999999999953,6.671337600000001,9,1.23763,0.97929250000000001,6.671337600000001,5.6212056852427175,5.4008648727427175,6.4732562033732961,1,10,2,504,754
89,10,30,LinearSubgradientAuction,0.025,0.04,,True,,1000,10800,cats_path_g10b50,,False,CATS,50,paths,MultiMinded,230,Balance,81.55000000000018,4.893484,9,0.957818,0.66029399999999994,4.893484,3.7879205361649948,3.655861736164995,4.7647788369688406,1,9,7,600,880
90,10,24,LinearSubgradientAuction,0.025,0.04,,True,,1000,10800,cats_path_g10b50,,False,CATS,50,paths,MultiMinded,273,Balance,80.53000000000065,4.9815499999999995,8,1.03037,0.59696149999999992,4.9815499999999995,4.5550099641876303,4.435617664187629,4.8621707792222049,1,10,1,504,754
91,10,26,LinearSubgradientAuction,0.025,0.04,,True,,1000,10800,cats_path_g10b50,,False,CATS,50,paths,MultiMinded,553,Balance,179.5599999999995,5.608700000000001,9,1.15219,0.65921200000000002,5.608700000000001,4.8517921671041826,4.703469467104183,5.4604102319534427,1,10,2,546,816
92,10,29,LinearSubgradientAuction,0.025,0.04,,True,,1000,10800,cats_path_g10b50,,False,CATS,50,paths,MultiMinded,1000,MaxIter,364.91000000000076,6.734538,6,1.30249,1.03973,5.870877999999999,6.4037652833090766,4.6437093351238685,4.981525592337098,1,10,7,609,909
93,10,36,LinearSubgradientAuction,0.025,0.04,,True,,1000,10800,cats_path_g10b50,,False,CATS,50,paths,MultiMinded,94,Balance,42.210000000000036,5.941976,7,1.19352,0.81540649999999992,5.927713,5.7754407662630909,5.6327446287630911,5.8299445694827172,1,10,5,756,1126
94,10,36,LinearSubgradientAuction,0.025,0.04,,True,,1000,10800,cats_path_g10b50,,False,CATS,50,paths,MultiMinded,103,Balance,46.400000000000546,6.659274999999999,10,1.32087,0.72828700000000002,6.659274999999999,6.170443545204912,5.9883717952049134,6.4772024814500675,1,10,2,756,1126
95,10,20,LinearSubgradientAuction,0.025,0.04,,True,,1000,10800,cats_path_g10b50,,False,CATS,50,paths,MultiMinded,1000,MaxIter,235.3699999999999,5.242984999999999,5,0.986125,0.95783799999999997,3.311911,4.0658187152242569,1.7063730186185326,2.8868286691026279,1,9,6,400,590
96,10,27,LinearSubgradientAuction,0.025,0.04,,True,,1000,10800,cats_path_g10b50,,False,CATS,50,paths,MultiMinded,116,Balance,38.970000000000255,5.968370999999999,9,1.36717,0.912686,5.968370999999999,5.4342458940842295,5.228891544084231,5.7675452049561775,1,10,4,567,847
97,10,40,LinearSubgradientAuction,0.025,0.04,,True,,1000,10800,cats_path_g10b50,,False,CATS,50,paths,MultiMinded,245,Balance,124.88000000000011,5.874736,9,1.39812,0.64802099999999996,5.874736,5.4280318587016776,5.282227133701678,5.7444840706652585,1,10,1,840,1250
98,10,29,LinearSubgradientAuction,0.025,0.04,,True,,1000,10800,cats_path_g10b50,,False,CATS,50,paths,MultiMinded,468,Balance,170.39999999999964,8.221217,9,1.32075,0.95510399999999995,8.221217,7.2647440454688299,7.0498456454688316,8.011463331993621,1,10,3,609,909
99,10,24,LinearSubgradientAuction,0.025,0.04,,True,,1000,10800,cats_path_g10b50,,False,CATS,50,paths,MultiMinded,276,Balance,82.31999999999971,4.068553,8,0.837895,0.57574999999999998,4.068553,3.8559795113105655,3.7408295113105656,3.9564962465940288,1,10,4,504,754
100,10,26,LinearSubgradientAuction,0.025,0.04,,True,,1000,10800,cats_path_g10b50,,False,CATS,50,paths,MultiMinded,352,Balance,114.15999999999985,5.4685310000000005,9,1.22663,0.78226099999999998,5.4685310000000005,5.1270399822965711,4.9510312572965711,5.2925222750000005,1,10,0,546,816
