idx,items,agents,auction_class,epsilon,stepc,epoch,scalebyvalue,reserve_type,maxiter,maxtime,generator_param_name,personalized,int_prices,generator,bids,distribution,type,rounds,status,runtime,efficient_value,final_num_winners,final_max_agent_value,final_scalevalue,final_value,final_total_price,final_revenue,final_indirect_util,final_price_degree,final_price_sparsity,final_imbalance,final_wd_nvars,final_wd_ncons
1,10,41,LinearHeuristicAuction,0.025,0.01,,True,,1000,10800,cats_path_g10b50,,False,CATS,50,paths,MultiMinded,1000,MaxIter,48.210000000020955,5.1295980000000005,9,1.05837,0.48806749999999999,4.718563,3.3403257421154691,3.2427122421154686,5.8243505035960084,1,9,4,78,51
2,10,32,LinearHeuristicAuction,0.025,0.01,,True,,1000,10800,cats_path_g10b50,,False,CATS,50,paths,MultiMinded,1000,MaxIter,43.72999999998137,5.881798,9,0.89658,0.700376,5.748974,4.0568862907385492,3.9168110907385509,5.9901127768709852,1,9,8,73,42
3,10,23,LinearHeuristicAuction,0.025,0.01,,True,,1000,10800,cats_path_g10b50,,False,CATS,50,paths,MultiMinded,1000,MaxIter,41.73000000003958,6.1772789999999995,8,1.4872,0.84460199999999996,6.1772789999999995,5.0123374330527879,4.8434170330527886,6.3079091940787322,1,10,4,71,33
4,10,24,LinearHeuristicAuction,0.025,0.01,,True,,1000,10800,cats_path_g10b50,,False,CATS,50,paths,MultiMinded,394,Balance,15.980000000039581,5.0370452,8,0.92099,0.79058200000000001,5.0370452,3.6394702651357473,3.4813538651357465,4.9003201170336146,1,10,7,67,34
5,10,34,LinearHeuristicAuction,0.025,0.01,,True,,1000,10800,cats_path_g10b50,,False,CATS,50,paths,MultiMinded,1000,MaxIter,44.09000000002561,6.641525,9,1.19553,0.74441100000000004,6.514765000000001,6.0233200011538877,5.552434765690812,6.5164488065280919,1,10,7,73,44
6,10,26,LinearHeuristicAuction,0.025,0.01,,True,,1000,10800,cats_path_g10b50,,False,CATS,50,paths,MultiMinded,1000,MaxIter,42.86999999999534,7.117255999999999,8,1.27499,1.03579,6.66812,5.2114764974938197,3.70832744048167,6.4155169993717145,1,10,11,68,36
7,10,30,LinearHeuristicAuction,0.025,0.01,,True,,1000,10800,cats_path_g10b50,,False,CATS,50,paths,MultiMinded,1000,MaxIter,42.850000000034925,5.604355000000001,9,0.860832,0.57241200000000003,5.529118,3.5832351536756231,3.4830630536756231,5.6779726863659592,1,10,7,71,40
8,10,29,LinearHeuristicAuction,0.025,0.01,,True,,1000,10800,cats_path_g10b50,,False,CATS,50,paths,MultiMinded,1000,MaxIter,43.15000000002328,4.14936,8,1.21473,0.53942699999999999,4.114238,3.9569362303799043,3.6882182348575192,3.9043723741138585,1,10,4,72,39
9,10,34,LinearHeuristicAuction,0.025,0.01,,True,,1000,10800,cats_path_g10b50,,False,CATS,50,paths,MultiMinded,917,Balance,41.36999999999534,8.312487,10,1.40383,1.19224,8.312487,7.5975190220793891,7.2994590220793905,8.0441943193623118,1,10,1,77,44
10,10,35,LinearHeuristicAuction,0.025,0.01,,True,,1000,10800,cats_path_g10b50,,False,CATS,50,paths,MultiMinded,1000,MaxIter,45.85999999998603,5.813495100000001,9,1.32539,0.73520450000000004,5.775242100000001,5.1928897208117331,5.0274687083117326,5.8068645536311658,1,10,3,75,45
11,10,32,LinearHeuristicAuction,0.025,0.01,,True,,1000,10800,cats_path_g10b50,,False,CATS,50,paths,MultiMinded,889,Balance,39.649999999965075,5.665188000000001,8,0.988013,0.84758449999999996,5.665188000000001,5.2564699864429683,5.0869530864429677,5.5178602887975572,1,10,4,76,42
12,10,31,LinearHeuristicAuction,0.025,0.01,,True,,1000,10800,cats_path_g10b50,,False,CATS,50,paths,MultiMinded,1000,MaxIter,44.69000000000233,5.822862,8,1.20008,0.80469999999999997,5.615266,4.6663917298056825,4.5054517298056833,5.9577252521040034,1,10,2,72,41
13,10,24,LinearHeuristicAuction,0.025,0.01,,True,,1000,10800,cats_path_g10b50,,False,CATS,50,paths,MultiMinded,1000,MaxIter,41.9199999999837,5.960460200000001,7,1.3072,0.85787999999999998,5.359683,4.7906758898533388,2.3299396365310838,4.0742352968458748,1,10,9,67,34
14,10,17,LinearHeuristicAuction,0.025,0.01,,True,,1000,10800,cats_path_g10b50,,False,CATS,50,paths,MultiMinded,1000,MaxIter,39.960000000020955,5.653834,8,0.86218,0.82208099999999995,5.484555,2.4925611115160544,2.0563104877139686,5.6071416144619528,1,10,5,60,27
15,10,33,LinearHeuristicAuction,0.025,0.01,,True,,1000,10800,cats_path_g10b50,,False,CATS,50,paths,MultiMinded,1000,MaxIter,42.95999999996275,5.368371,9,1.226,0.410271,4.870461,4.0838841105598913,3.8419002315262096,6.8209950050004622,1,10,9,67,43
16,10,34,LinearHeuristicAuction,0.025,0.01,,True,,1000,10800,cats_path_g10b50,,False,CATS,50,paths,MultiMinded,1000,MaxIter,44.54999999998836,6.969046,10,1.43412,0.68306999999999995,6.744473,5.2436700254206734,5.0880362346466672,7.3505014584787274,1,10,3,73,44
17,10,30,LinearHeuristicAuction,0.025,0.01,,True,,1000,10800,cats_path_g10b50,,False,CATS,50,paths,MultiMinded,1000,MaxIter,42.75,6.379521,9,1.33671,0.75658099999999995,6.311771,5.4661879267427942,5.2959572017427963,6.6753048104466206,1,10,3,70,40
18,10,28,LinearHeuristicAuction,0.025,0.01,,True,,1000,10800,cats_path_g10b50,,False,CATS,50,paths,MultiMinded,1000,MaxIter,41.82999999995809,3.7659457999999995,9,0.809737,0.424898,3.711189,3.2208928343753951,3.125290784375395,3.8181246071793802,1,10,7,68,38
19,10,29,LinearHeuristicAuction,0.025,0.01,,True,,1000,10800,cats_path_g10b50,,False,CATS,50,paths,MultiMinded,1000,MaxIter,42.97999999998137,5.399328000000001,8,0.984412,0.88883350000000005,5.399328000000001,4.7111602378627024,4.533393537862703,5.266217729342654,1,10,7,72,39
20,10,31,LinearHeuristicAuction,0.025,0.01,,True,,1000,10800,cats_path_g10b50,,False,CATS,50,paths,MultiMinded,996,Balance,45.46999999997206,5.347376,9,1.11574,0.85649200000000003,5.347376,3.9903890182277215,3.819090618227722,5.2121898894247227,1,9,2,74,41
21,10,33,LinearHeuristicAuction,0.025,0.01,,True,,1000,10800,cats_path_g10b50,,False,CATS,50,paths,MultiMinded,1000,MaxIter,45.19000000000233,6.346977999999999,8,1.04535,0.887351,5.9964949999999995,4.6946344456509497,4.3796574285155732,6.3164600100759118,1,10,5,76,43
22,10,29,LinearHeuristicAuction,0.025,0.01,,True,,1000,10800,cats_path_g10b50,,False,CATS,50,paths,MultiMinded,1000,MaxIter,45.85999999998603,3.679525,6,0.81347,0.62753999999999999,3.5565759999999997,2.9656842418976277,2.8715532418976277,3.8741368209222018,1,10,5,76,39
23,10,33,LinearHeuristicAuction,0.025,0.01,,True,,1000,10800,cats_path_g10b50,,False,CATS,50,paths,MultiMinded,1000,MaxIter,44.5,6.968433999999999,8,1.11046,0.85569899999999999,6.581926,5.541519776967136,4.0520278902851352,5.9979908438919427,1,10,7,74,43
24,10,26,LinearHeuristicAuction,0.025,0.01,,True,,1000,10800,cats_path_g10b50,,False,CATS,50,paths,MultiMinded,1000,MaxIter,41.09999999997672,5.079491000000001,8,0.912266,0.59736,4.95139,3.8337682062033585,3.7142962062033589,5.5484078754278228,1,10,9,66,36
25,10,23,LinearHeuristicAuction,0.025,0.01,,True,,1000,10800,cats_path_g10b50,,False,CATS,50,paths,MultiMinded,1000,MaxIter,39.80999999999767,5.799925999999999,8,0.932562,0.85897900000000005,5.576291,4.6075885085880968,4.4357927085880959,6.4039362992027646,1,10,7,63,33
26,10,22,LinearHeuristicAuction,0.025,0.01,,True,,1000,10800,cats_path_g10b50,,False,CATS,50,paths,MultiMinded,931,Balance,38.949999999953434,7.226532999999999,9,1.05046,0.94945649999999993,7.226532999999999,3.4622909109843536,3.2961360234843542,7.0850321666954734,1,9,11,68,32
27,10,33,LinearHeuristicAuction,0.025,0.01,,True,,1000,10800,cats_path_g10b50,,False,CATS,50,paths,MultiMinded,1000,MaxIter,47.320000000006985,5.22312,7,1.38199,0.74170000000000003,4.889557,4.6120562976630914,4.4822587976630919,5.3204248992177021,1,10,6,76,43
28,10,38,LinearHeuristicAuction,0.025,0.01,,True,,1000,10800,cats_path_g10b50,,False,CATS,50,paths,MultiMinded,1000,MaxIter,48.19000000000233,7.158904,9,1.38531,1.05223,7.074829,6.5833615356164472,6.3466097856164474,7.0033972816441601,1,10,4,84,48
29,10,22,LinearHeuristicAuction,0.025,0.01,,True,,1000,10800,cats_path_g10b50,,False,CATS,50,paths,MultiMinded,1000,MaxIter,40.820000000006985,5.222893,7,1.14292,0.81835199999999997,5.013075,3.8267521618743632,2.6092727650272689,4.8457418679756774,1,10,6,64,32
30,10,26,LinearHeuristicAuction,0.025,0.01,,True,,1000,10800,cats_path_g10b50,,False,CATS,50,paths,MultiMinded,1000,MaxIter,40.46999999997206,8.367289,10,1.00864,0.79848300000000005,7.489979999999999,4.3394499643893552,2.6277077783141696,6.8525885650773715,1,10,8,64,36
31,10,34,LinearHeuristicAuction,0.025,0.01,,True,,1000,10800,cats_path_g10b50,,False,CATS,50,paths,MultiMinded,1000,MaxIter,45.4199999999837,7.570106999999999,9,1.56629,0.87534100000000004,7.570106999999999,5.9531826854388648,5.7562309604388666,8.2309066888064386,1,10,4,76,44
32,10,22,LinearHeuristicAuction,0.025,0.01,,True,,1000,10800,cats_path_g10b50,,False,CATS,50,paths,MultiMinded,1000,MaxIter,39.67000000004191,5.8430159999999995,7,0.990041,0.83248200000000006,5.8430159999999995,4.5491624017941019,4.4034780517941021,5.8893350310763193,1,10,8,64,32
33,10,23,LinearHeuristicAuction,0.025,0.01,,True,,1000,10800,cats_path_g10b50,,False,CATS,50,paths,MultiMinded,1000,MaxIter,40.96999999997206,5.328471,7,1.14706,0.74653400000000003,4.9185490000000005,3.5339601826361919,3.4200707728964477,5.4071380207420363,1,10,4,67,33
34,10,23,LinearHeuristicAuction,0.025,0.01,,True,,1000,10800,cats_path_g10b50,,False,CATS,50,paths,MultiMinded,1000,MaxIter,43.21999999997206,4.414205,7,1.07941,0.93713999999999997,4.316274,3.4785309694907878,3.0280275697792773,3.9901779999999993,1,10,1,69,33
35,10,25,LinearHeuristicAuction,0.025,0.01,,True,,1000,10800,cats_path_g10b50,,False,CATS,50,paths,MultiMinded,1000,MaxIter,42.63000000000466,6.118125,7,1.03776,0.84872099999999995,5.837063,4.8293519705770311,4.6808257955770314,6.4292024289461587,1,10,8,69,35
36,10,20,LinearHeuristicAuction,0.025,0.01,,True,,1000,10800,cats_path_g10b50,,False,CATS,50,paths,MultiMinded,378,Balance,16.630000000004657,2.51735,8,0.765931,0.744537,2.51735,2.170502548367693,2.0402085733676927,2.423866112373616,1,9,2,66,30
37,10,33,LinearHeuristicAuction,0.025,0.01,,True,,1000,10800,cats_path_g10b50,,False,CATS,50,paths,MultiMinded,1000,MaxIter,45.61999999999534,6.394280999999999,9,1.32219,0.90059900000000004,6.252431,5.6315329083385226,5.4288981333385227,6.3324483042677127,1,10,2,74,43
38,10,37,LinearHeuristicAuction,0.025,0.01,,True,,1000,10800,cats_path_g10b50,,False,CATS,50,paths,MultiMinded,1000,MaxIter,48.65000000002328,4.9241600000000005,7,1.27538,0.75259950000000009,4.790051,4.3750142689243798,3.3509289329522436,4.092130777769329,1,10,5,80,47
39,10,36,LinearHeuristicAuction,0.025,0.01,,True,,1000,10800,cats_path_g10b50,,False,CATS,50,paths,MultiMinded,1000,MaxIter,46.94000000000233,7.180720999999999,9,1.37975,0.95457900000000007,7.119402999999999,6.3730896664681449,6.1583093914681459,7.1022872266411774,1,10,5,78,46
40,10,24,LinearHeuristicAuction,0.025,0.01,,True,,1000,10800,cats_path_g10b50,,False,CATS,50,paths,MultiMinded,1000,MaxIter,39.289999999979045,7.3709551,9,1.05191,0.99338300000000002,6.9198371,5.9381562716033196,5.7146450966033209,7.7028986400751736,1,10,8,61,34
41,10,20,LinearHeuristicAuction,0.025,0.01,,True,,1000,10800,cats_path_g10b50,,False,CATS,50,paths,MultiMinded,1000,MaxIter,40.710000000020955,11.936720999999999,10,1.66283,1.30715,11.533147,6.5269479598900038,6.2981967098900045,12.317126577364226,1,10,13,61,30
42,10,35,LinearHeuristicAuction,0.025,0.01,,True,,1000,10800,cats_path_g10b50,,False,CATS,50,paths,MultiMinded,1000,MaxIter,44.70000000001164,5.98905,9,1.26887,0.57787949999999999,5.757461000000001,4.8098184620315632,4.6797955745315614,7.0541776251805812,1,10,11,71,45
43,10,34,LinearHeuristicAuction,0.025,0.01,,True,,1000,10800,cats_path_g10b50,,False,CATS,50,paths,MultiMinded,622,Balance,28.619999999995343,5.305578,8,1.49562,0.65433600000000003,5.305578,4.9840569539686355,4.8531897539686355,5.1911986829246768,1,10,3,77,44
44,10,24,LinearHeuristicAuction,0.025,0.01,,True,,1000,10800,cats_path_g10b50,,False,CATS,50,paths,MultiMinded,1000,MaxIter,40.02000000001863,5.406871999999999,9,0.914107,0.79918800000000001,5.406871999999999,4.2083049089560056,4.0284876089560058,5.5850833998257041,1,10,7,63,34
45,10,33,LinearHeuristicAuction,0.025,0.01,,True,,1000,10800,cats_path_g10b50,,False,CATS,50,paths,MultiMinded,1000,MaxIter,45.95000000001164,4.392568,8,1.04017,0.61580250000000003,4.314321,3.8479181435264636,3.441111460805284,4.3457173291628353,1,10,4,76,43
46,10,37,LinearHeuristicAuction,0.025,0.01,,True,,1000,10800,cats_path_g10b50,,False,CATS,50,paths,MultiMinded,1000,MaxIter,46.51999999996042,7.650231000000001,10,1.33928,0.87604700000000002,7.650231000000001,6.6633705839973398,6.4443588339973399,7.961676656969396,1,10,2,79,47
47,10,26,LinearHeuristicAuction,0.025,0.01,,True,,1000,10800,cats_path_g10b50,,False,CATS,50,paths,MultiMinded,1000,MaxIter,44.12999999994645,4.863733,8,1.11721,0.68613100000000005,4.847598,4.1375442827139999,4.0003180827139992,5.1386497885040185,1,10,17,67,36
48,10,40,LinearHeuristicAuction,0.025,0.01,,True,,1000,10800,cats_path_g10b50,,False,CATS,50,paths,MultiMinded,1000,MaxIter,47.79000000003725,13.668893,14,1.73275,0.850549,13.174973,4.5926162857400055,4.4225064857400058,14.078475520463073,1,10,4,77,50
49,10,25,LinearHeuristicAuction,0.025,0.01,,True,,1000,10800,cats_path_g10b50,,False,CATS,50,paths,MultiMinded,1000,MaxIter,40.97000000003027,4.105134,7,0.775577,0.59589599999999998,3.971656,3.6150072193383087,3.510725419338308,4.4017354949580012,1,10,11,64,35
50,10,43,LinearHeuristicAuction,0.025,0.01,,True,,1000,10800,cats_path_g10b50,,False,CATS,50,paths,MultiMinded,1000,MaxIter,49.96999999997206,7.516903,10,1.3359,0.92906500000000003,7.516903,6.9910641856872848,6.3395754367332042,7.3604579087973319,1,10,2,85,53
51,10,23,LinearHeuristicAuction,0.025,0.01,,True,,1000,10800,cats_path_g10b50,,False,CATS,50,paths,MultiMinded,1000,MaxIter,40.70000000001164,3.8581627999999997,8,0.728995,0.60365150000000001,3.5718507999999995,3.2667980471571507,3.1460677471571503,3.8862333899977841,1,10,5,66,33
52,10,28,LinearHeuristicAuction,0.025,0.01,,True,,1000,10800,cats_path_g10b50,,False,CATS,50,paths,MultiMinded,1000,MaxIter,42.60999999998603,6.103176,8,1.01863,0.782582,5.975078,5.4394775244622968,5.2829611244622958,5.976891007392525,1,10,6,74,38
53,10,26,LinearHeuristicAuction,0.025,0.01,,True,,1000,10800,cats_path_g10b50,,False,CATS,50,paths,MultiMinded,1000,MaxIter,40.850000000034925,9.548895000000002,10,1.84651,1.2191000000000001,9.408475000000003,7.2350372108530081,6.9607397108530087,9.3697809619463737,1,9,10,65,36
54,10,30,LinearHeuristicAuction,0.025,0.01,,True,,1000,10800,cats_path_g10b50,,False,CATS,50,paths,MultiMinded,1000,MaxIter,42.88000000000466,3.5444180000000003,9,0.62406,0.46356900000000001,3.436186,2.9530443738793557,2.8487413488793556,3.5153730659969713,1,10,1,71,40
55,10,24,LinearHeuristicAuction,0.025,0.01,,True,,1000,10800,cats_path_g10b50,,False,CATS,50,paths,MultiMinded,1000,MaxIter,40.679999999993015,5.614495000000001,8,1.03261,0.81608499999999995,5.4924800000000005,4.7046001053088435,4.5413831053088431,5.6979740147849212,1,10,8,66,34
56,10,26,LinearHeuristicAuction,0.025,0.01,,True,,1000,10800,cats_path_g10b50,,False,CATS,50,paths,MultiMinded,1000,MaxIter,42.52000000001863,5.021542,7,1.22335,0.86009449999999998,4.999225,4.8362708505572636,4.685754313057263,4.9756617742259728,1,10,5,72,36
57,10,29,LinearHeuristicAuction,0.025,0.01,,True,,1000,10800,cats_path_g10b50,,False,CATS,50,paths,MultiMinded,1000,MaxIter,42.9199999999837,5.662903,7,1.20543,0.7060765,5.290081000000001,4.776846320272865,3.2825000332688474,4.3081851952568293,1,10,6,71,39
58,10,32,LinearHeuristicAuction,0.025,0.01,,True,,1000,10800,cats_path_g10b50,,False,CATS,50,paths,MultiMinded,1000,MaxIter,45.90000000002328,5.435453000000001,7,1.10141,0.84788050000000004,5.117759000000001,4.7954656615378477,4.6470865740378473,5.4583300153762107,1,10,1,77,42
59,10,31,LinearHeuristicAuction,0.025,0.01,,True,,1000,10800,cats_path_g10b50,,False,CATS,50,paths,MultiMinded,1000,MaxIter,44.23999999999069,7.500881000000001,9,1.37858,1.0170600000000001,7.3101193,6.3169836227061236,5.886540783479651,7.742874189732512,1,10,4,72,41
60,10,18,LinearHeuristicAuction,0.025,0.01,,True,,1000,10800,cats_path_g10b50,,False,CATS,50,paths,MultiMinded,384,Balance,14.909999999974389,3.938055,7,1.01239,0.77787200000000001,3.938055,2.9686932361650511,2.8325656361650511,3.8146806338763608,1,10,10,62,28
61,10,39,LinearHeuristicAuction,0.025,0.01,,True,,1000,10800,cats_path_g10b50,,False,CATS,50,paths,MultiMinded,1000,MaxIter,46.63000000000466,6.514431,9,1.15445,0.68256899999999998,5.948754,5.3754313480634979,5.2218533230634971,6.7379226439584565,1,10,7,77,49
62,10,24,LinearHeuristicAuction,0.025,0.01,,True,,1000,10800,cats_path_g10b50,,False,CATS,50,paths,MultiMinded,1000,MaxIter,43.53000000002794,5.874828,7,1.13322,0.74950450000000002,5.514272999999999,3.4426004353204012,3.0791560235868145,6.9212935768390418,1,10,9,65,34
63,10,26,LinearHeuristicAuction,0.025,0.01,,True,,1000,10800,cats_path_g10b50,,False,CATS,50,paths,MultiMinded,1000,MaxIter,40.070000000006985,10.817572,14,1.05624,0.85327799999999998,10.621065999999999,3.7591398772259299,3.58848427722593,11.211626264557207,1,10,8,59,36
64,10,15,LinearHeuristicAuction,0.025,0.01,,True,,1000,10800,cats_path_g10b50,,False,CATS,50,paths,MultiMinded,735,Balance,31.400000000023283,4.3252115,8,1.18924,0.88682499999999997,4.325211500000001,3.6681764594264905,3.4926248955634689,4.1763137817676439,1,10,9,66,25
65,10,35,LinearHeuristicAuction,0.025,0.01,,True,,1000,10800,cats_path_g10b50,,False,CATS,50,paths,MultiMinded,1000,MaxIter,44.80999999999767,9.498291,9,1.37422,0.81186400000000003,9.402953000000002,5.5952661122233716,5.4508805078359055,10.185720441104557,1,10,6,74,45
66,10,22,LinearHeuristicAuction,0.025,0.01,,True,,1000,10800,cats_path_g10b50,,False,CATS,50,paths,MultiMinded,1000,MaxIter,40.89000000001397,6.527464,7,1.20805,0.92267349999999992,6.138204,4.69219735471831,4.5307294922183097,6.9449131743437604,1,10,12,66,32
67,10,31,LinearHeuristicAuction,0.025,0.01,,True,,1000,10800,cats_path_g10b50,,False,CATS,50,paths,MultiMinded,1000,MaxIter,43.59000000002561,4.99912,7,0.980804,0.62215900000000002,4.744867,4.3483905614366289,4.2395127364366285,5.1908843964764646,1,10,10,73,41
68,10,21,LinearHeuristicAuction,0.025,0.01,,True,,1000,10800,cats_path_g10b50,,False,CATS,50,paths,MultiMinded,1000,MaxIter,42.06000000005588,4.354444,6,1.10844,0.58718800000000004,4.1948300000000005,3.8554985157630517,3.7674203157630521,4.3099358253836382,1,10,14,67,31
69,10,31,LinearHeuristicAuction,0.025,0.01,,True,,1000,10800,cats_path_g10b50,,False,CATS,50,paths,MultiMinded,1000,MaxIter,44.28000000002794,4.638021,7,0.932286,0.72681200000000001,4.4459219999999995,4.0269588267533951,3.1904581304260757,4.1435760092352663,1,10,10,72,41
70,10,32,LinearHeuristicAuction,0.025,0.01,,True,,1000,10800,cats_path_g10b50,,False,CATS,50,paths,MultiMinded,1000,MaxIter,44.17000000004191,5.529561,9,0.883645,0.71283099999999999,5.353129,4.6258309643401239,3.5452986285815662,4.994046966584186,1,10,5,73,42
71,10,29,LinearHeuristicAuction,0.025,0.01,,True,,1000,10800,cats_path_g10b50,,False,CATS,50,paths,MultiMinded,1000,MaxIter,43.13000000000466,3.8155849999999996,6,0.722118,0.584781,3.612256,2.9354180861036818,2.4910360668613674,3.7768370016355268,1,10,11,72,39
72,10,23,LinearHeuristicAuction,0.025,0.01,,True,,1000,10800,cats_path_g10b50,,False,CATS,50,paths,MultiMinded,1000,MaxIter,40.60999999998603,4.337076,9,1.09941,0.63108900000000001,4.004491,3.5567420949236341,3.2007124360083181,4.423691785076004,1,10,4,63,33
73,10,23,LinearHeuristicAuction,0.025,0.01,,True,,1000,10800,cats_path_g10b50,,False,CATS,50,paths,MultiMinded,953,Balance,38.71999999997206,4.733565,7,1.17805,0.79788950000000003,4.733565,4.4748228421312835,4.3351921796312833,4.6147723949370576,1,10,7,66,33
74,10,28,LinearHeuristicAuction,0.025,0.01,,True,,1000,10800,cats_path_g10b50,,False,CATS,50,paths,MultiMinded,1000,MaxIter,43.04999999998836,4.250006,7,0.944433,0.60220899999999999,4.178646,4.0473771272209795,3.1215450636193598,3.4370969999187064,1,10,9,73,38
75,10,23,LinearHeuristicAuction,0.025,0.01,,True,,1000,10800,cats_path_g10b50,,False,CATS,50,paths,MultiMinded,1000,MaxIter,41.85999999998603,4.765222,7,0.954458,0.87700599999999995,4.542153,4.0719353470726016,3.5002670507835143,4.7247655349005679,1,10,9,67,33
76,10,29,LinearHeuristicAuction,0.025,0.01,,True,,1000,10800,cats_path_g10b50,,False,CATS,50,paths,MultiMinded,619,Balance,27.619999999995343,6.904471,9,1.28641,1.1137699999999999,6.904471,5.587983337368442,5.3652293373684419,6.7002128988028513,1,9,6,76,39
77,10,20,LinearHeuristicAuction,0.025,0.01,,True,,1000,10800,cats_path_g10b50,,False,CATS,50,paths,MultiMinded,1000,MaxIter,41.18000000005122,3.7830920000000003,7,0.987819,0.58873500000000001,3.7830920000000003,3.0444300603160031,2.9414014353160027,3.9659671239777574,1,10,3,65,30
78,10,31,LinearHeuristicAuction,0.025,0.01,,True,,1000,10800,cats_path_g10b50,,False,CATS,50,paths,MultiMinded,1000,MaxIter,47.45000000001164,6.355665,8,1.59706,0.92678550000000004,6.2535099999999995,6.0713182509120633,5.8859611509120633,6.2340970137504703,1,10,1,80,41
79,10,26,LinearHeuristicAuction,0.025,0.01,,True,,1000,10800,cats_path_g10b50,,False,CATS,50,paths,MultiMinded,1000,MaxIter,42.02000000001863,6.17396,8,1.51269,0.757185,6.063518,4.2165823005920018,3.4755574691825744,6.1948393431061541,1,10,7,66,36
80,10,28,LinearHeuristicAuction,0.025,0.01,,True,,1000,10800,cats_path_g10b50,,False,CATS,50,paths,MultiMinded,1000,MaxIter,42.52999999996973,6.124957,9,1.1598,0.90218600000000004,5.888922000000001,5.3504579061931121,5.147466056193112,6.232723514739777,1,10,6,69,38
81,10,27,LinearHeuristicAuction,0.025,0.01,,True,,1000,10800,cats_path_g10b50,,False,CATS,50,paths,MultiMinded,1000,MaxIter,43.13000000000466,6.033706,7,1.09603,0.84438299999999999,6.033706,4.6376225418392423,4.4898555168392429,6.2615895989044841,1,10,2,73,37
82,10,40,LinearHeuristicAuction,0.025,0.01,,True,,1000,10800,cats_path_g10b50,,False,CATS,50,paths,MultiMinded,1000,MaxIter,47.14000000001397,7.125598999999999,10,1.12357,0.66202150000000004,6.644874,5.9981519187682402,5.8326465437682424,7.5097005581566165,1,10,5,77,50
83,10,29,LinearHeuristicAuction,0.025,0.01,,True,,1000,10800,cats_path_g10b50,,False,CATS,50,paths,MultiMinded,1000,MaxIter,43.23000000003958,4.406853099999999,9,0.788029,0.64298299999999997,4.3152341,3.9739065109198162,3.8292353359198152,4.3575268625358188,1,10,2,71,39
84,10,23,LinearHeuristicAuction,0.025,0.01,,True,,1000,10800,cats_path_g10b50,,False,CATS,50,paths,MultiMinded,1000,MaxIter,40.1699999999837,4.1736754000000005,8,0.851051,0.68298999999999999,4.0047025,2.8264943055696774,1.7153993866433188,3.1755733274194018,1,10,5,63,33
85,10,26,LinearHeuristicAuction,0.025,0.01,,True,,1000,10800,cats_path_g10b50,,False,CATS,50,paths,MultiMinded,1000,MaxIter,39.94000000000233,6.722310500000001,10,1.11978,0.81925350000000008,6.6316215000000005,5.8099763451574775,5.3363826210317162,6.5941209485314207,1,10,4,64,36
86,10,25,LinearHeuristicAuction,0.025,0.01,,True,,1000,10800,cats_path_g10b50,,False,CATS,50,paths,MultiMinded,1000,MaxIter,41.76000000000931,6.8755869999999994,10,1.01302,0.62419199999999997,6.8755869999999994,2.6318527895469219,2.5070143895469217,7.0384630277208906,1,10,2,66,35
87,10,19,LinearHeuristicAuction,0.025,0.01,,True,,1000,10800,cats_path_g10b50,,False,CATS,50,paths,MultiMinded,1000,MaxIter,42.17000000004191,7.4913935,11,0.90213,0.84762199999999999,7.3607544,2.7739550106312234,2.6195521241576532,7.7548058244989448,1,9,6,60,29
88,10,24,LinearHeuristicAuction,0.025,0.01,,True,,1000,10800,cats_path_g10b50,,False,CATS,50,paths,MultiMinded,1000,MaxIter,42.02999999996973,6.671337600000001,8,1.23763,0.97929250000000001,6.1443806,5.1020773050748289,4.906218805074829,6.8765568612031718,1,10,6,69,34
89,10,30,LinearHeuristicAuction,0.025,0.01,,True,,1000,10800,cats_path_g10b50,,False,CATS,50,paths,MultiMinded,1000,MaxIter,43.17000000004191,4.893484,9,0.957818,0.66029399999999994,4.893484,3.8037302792379686,3.359045208028927,4.637170688357763,1,9,9,71,40
90,10,24,LinearHeuristicAuction,0.025,0.01,,True,,1000,10800,cats_path_g10b50,,False,CATS,50,paths,MultiMinded,1000,MaxIter,40.53000000002794,4.9815499999999995,7,1.03037,0.59696149999999992,4.951772999999999,3.6596562479098056,3.5551879854098045,5.4723288067997533,1,10,4,65,34
91,10,26,LinearHeuristicAuction,0.025,0.01,,True,,1000,10800,cats_path_g10b50,,False,CATS,50,paths,MultiMinded,1000,MaxIter,41.72999999998137,5.608700000000001,8,1.15219,0.65921200000000002,5.315985,3.8344028791822837,3.1013374354348624,5.8262859587143971,1,10,7,67,36
92,10,29,LinearHeuristicAuction,0.025,0.01,,True,,1000,10800,cats_path_g10b50,,False,CATS,50,paths,MultiMinded,801,Balance,34.87000000005355,6.734538,7,1.30249,1.03973,6.734538,6.3347853184142817,6.1528325684142811,6.6066516024415698,1,10,10,73,39
93,10,36,LinearHeuristicAuction,0.025,0.01,,True,,1000,10800,cats_path_g10b50,,False,CATS,50,paths,MultiMinded,1000,MaxIter,46.54999999998836,5.941976,7,1.19352,0.81540649999999992,5.927713,5.6543379446859747,5.5116418071859732,5.8980596792220936,1,10,5,79,46
94,10,36,LinearHeuristicAuction,0.025,0.01,,True,,1000,10800,cats_path_g10b50,,False,CATS,50,paths,MultiMinded,1000,MaxIter,45.45000000001164,6.659274999999999,9,1.32087,0.72828700000000002,6.573074,6.1334565275179065,5.9695919525179084,6.5736295045270658,1,10,2,77,46
95,10,20,LinearHeuristicAuction,0.025,0.01,,True,,1000,10800,cats_path_g10b50,,False,CATS,50,paths,MultiMinded,809,Balance,33.78000000002794,5.242984999999999,7,0.986125,0.95783799999999997,5.242984999999999,3.9018814690039334,3.7554811312817509,5.1044180885487078,1,10,12,64,30
96,10,27,LinearHeuristicAuction,0.025,0.01,,True,,1000,10800,cats_path_g10b50,,False,CATS,50,paths,MultiMinded,1000,MaxIter,42.589999999967404,5.968370999999999,8,1.36717,0.912686,5.725266000000001,5.3343682474179603,4.7100237464415526,5.4498214802420293,1,10,4,70,37
97,10,40,LinearHeuristicAuction,0.025,0.01,,True,,1000,10800,cats_path_g10b50,,False,CATS,50,paths,MultiMinded,1000,MaxIter,48.02999999996973,5.874736,9,1.39812,0.64802099999999996,5.874736,5.4110605484849144,5.2652558234849138,5.9175201230274332,1,10,1,83,50
98,10,29,LinearHeuristicAuction,0.025,0.01,,True,,1000,10800,cats_path_g10b50,,False,CATS,50,paths,MultiMinded,1000,MaxIter,43.01999999996042,8.221217,8,1.32075,0.95510399999999995,7.975545,6.6835876847349898,4.7012511799422034,6.6511862292302801,1,10,7,70,39
99,10,24,LinearHeuristicAuction,0.025,0.01,,True,,1000,10800,cats_path_g10b50,,False,CATS,50,paths,MultiMinded,1000,MaxIter,40.11999999999534,4.068553,8,0.837895,0.57574999999999998,4.03372,3.1900375502297083,3.0748875502297084,4.5496768562611667,1,10,6,65,34
100,10,26,LinearHeuristicAuction,0.025,0.01,,True,,1000,10800,cats_path_g10b50,,False,CATS,50,paths,MultiMinded,1000,MaxIter,42.27999999996973,5.4685310000000005,9,1.22663,0.78226099999999998,5.224669,4.4380107617153683,3.3928864743069553,4.80571883957324,1,10,5,68,36
