idx,items,agents,auction_class,epsilon,stepc,epoch,scalebyvalue,reserve_type,maxiter,maxtime,generator_param_name,personalized,int_prices,generator,bids,distribution,type,rounds,status,runtime,efficient_value,final_num_winners,final_max_agent_value,final_scalevalue,final_value,final_total_price,final_revenue,final_indirect_util,final_price_degree,final_price_sparsity,final_imbalance,final_wd_nvars,final_wd_ncons
1,10,41,LinearHeuristicAuction,0.05,0.01,,True,,1000,10800,cats_path_g10b50,,False,CATS,50,paths,MultiMinded,1000,MaxIter,48.73000000003958,5.1295980000000005,9,1.05837,0.48806749999999999,4.718563,3.3403257421154691,3.1450987421154695,5.7267370035960088,1,9,4,78,51
2,10,32,LinearHeuristicAuction,0.05,0.01,,True,,1000,10800,cats_path_g10b50,,False,CATS,50,paths,MultiMinded,1000,MaxIter,43.929999999993015,5.881798,9,0.89658,0.700376,5.748974,4.0568862907385492,3.7767358907385495,5.8500375768709842,1,9,8,73,42
3,10,23,LinearHeuristicAuction,0.05,0.01,,True,,1000,10800,cats_path_g10b50,,False,CATS,50,paths,MultiMinded,1000,MaxIter,41.61999999999534,6.1772789999999995,8,1.4872,0.84460199999999996,6.1772789999999995,5.0123374330527879,4.6744966330527884,6.1389887940787311,1,10,4,71,33
4,10,24,LinearHeuristicAuction,0.05,0.01,,True,,1000,10800,cats_path_g10b50,,False,CATS,50,paths,MultiMinded,360,Balance,14.60999999998603,5.0370452,8,0.92099,0.79058200000000001,5.0370452,3.6252198112389644,3.3089870112389637,4.7483565533165866,1,10,7,67,34
5,10,34,LinearHeuristicAuction,0.05,0.01,,True,,1000,10800,cats_path_g10b50,,False,CATS,50,paths,MultiMinded,1000,MaxIter,44.22999999998137,6.641525,9,1.19553,0.74441100000000004,6.514765000000001,6.0233200011538877,5.4035525656908137,6.3675666065280936,1,10,7,73,44
6,10,26,LinearHeuristicAuction,0.05,0.01,,True,,1000,10800,cats_path_g10b50,,False,CATS,50,paths,MultiMinded,1000,MaxIter,43.550000000046566,7.117255999999999,8,1.27499,1.03579,6.66812,5.2114764974938197,4.7971604974938202,7.5043500563838643,1,10,11,68,36
7,10,30,LinearHeuristicAuction,0.05,0.01,,True,,1000,10800,cats_path_g10b50,,False,CATS,50,paths,MultiMinded,1000,MaxIter,43.350000000034925,5.604355000000001,9,0.860832,0.57241200000000003,5.529118,3.5832351536756231,3.3828909536756231,5.5778005863659592,1,10,7,71,40
8,10,29,LinearHeuristicAuction,0.05,0.01,,True,,1000,10800,cats_path_g10b50,,False,CATS,50,paths,MultiMinded,945,Balance,41.01000000000931,4.14936,8,1.21473,0.53942699999999999,4.14936,3.9479389570014645,3.7321681570014631,3.9609369878888572,1,10,6,72,39
9,10,34,LinearHeuristicAuction,0.05,0.01,,True,,1000,10800,cats_path_g10b50,,False,CATS,50,paths,MultiMinded,871,Balance,40.02000000001863,8.312487,10,1.40383,1.19224,8.312487,7.568342969545629,6.9722229695456281,7.7963337437921378,1,10,2,76,44
10,10,35,LinearHeuristicAuction,0.05,0.01,,True,,1000,10800,cats_path_g10b50,,False,CATS,50,paths,MultiMinded,1000,MaxIter,46.429999999993015,5.813495100000001,9,1.32539,0.73520450000000004,5.775242100000001,5.1928897208117331,4.8620476958117322,5.6414435411311654,1,10,3,75,45
11,10,32,LinearHeuristicAuction,0.05,0.01,,True,,1000,10800,cats_path_g10b50,,False,CATS,50,paths,MultiMinded,818,Balance,36.910000000032596,5.665188000000001,8,0.988013,0.84758449999999996,5.665188000000001,5.2367618121331301,4.8977280121331299,5.3698535931217224,1,10,4,76,42
12,10,31,LinearHeuristicAuction,0.05,0.01,,True,,1000,10800,cats_path_g10b50,,False,CATS,50,paths,MultiMinded,1000,MaxIter,45.179999999993015,5.822862,8,1.20008,0.80469999999999997,5.615266,4.6663917298056825,4.3445117298056823,5.7967852521040024,1,10,2,72,41
13,10,24,LinearHeuristicAuction,0.05,0.01,,True,,1000,10800,cats_path_g10b50,,False,CATS,50,paths,MultiMinded,1000,MaxIter,42.03000000002794,5.960460200000001,7,1.3072,0.85787999999999998,5.359683,4.7906758898533388,2.2227046365310841,3.9670002968458746,1,10,9,67,34
14,10,17,LinearHeuristicAuction,0.05,0.01,,True,,1000,10800,cats_path_g10b50,,False,CATS,50,paths,MultiMinded,1000,MaxIter,40.199999999953434,5.653834,8,0.86218,0.82208099999999995,5.484555,2.4925611115160544,1.9329983377139688,5.4838294644619534,1,10,5,60,27
15,10,33,LinearHeuristicAuction,0.05,0.01,,True,,1000,10800,cats_path_g10b50,,False,CATS,50,paths,MultiMinded,1000,MaxIter,43.04999999998836,5.368371,9,1.226,0.410271,4.870461,4.0838841105598913,3.759846031526211,6.738940805000464,1,10,9,67,43
16,10,34,LinearHeuristicAuction,0.05,0.01,,True,,1000,10800,cats_path_g10b50,,False,CATS,50,paths,MultiMinded,1000,MaxIter,44.94000000000233,6.969046,10,1.43412,0.68306999999999995,6.744473,5.2436700254206734,4.9343454846466681,7.1968107084787283,1,10,3,73,44
17,10,30,LinearHeuristicAuction,0.05,0.01,,True,,1000,10800,cats_path_g10b50,,False,CATS,50,paths,MultiMinded,1000,MaxIter,43.429999999993015,6.379521,9,1.33671,0.75658099999999995,6.311771,5.4661879267427942,5.1257264767427948,6.5050740854466191,1,10,3,70,40
18,10,28,LinearHeuristicAuction,0.05,0.01,,True,,1000,10800,cats_path_g10b50,,False,CATS,50,paths,MultiMinded,1000,MaxIter,42.550000000046566,3.7659457999999995,9,0.809737,0.424898,3.711189,3.2208928343753951,3.0296887343753949,3.7225225571793801,1,10,7,68,38
19,10,29,LinearHeuristicAuction,0.05,0.01,,True,,1000,10800,cats_path_g10b50,,False,CATS,50,paths,MultiMinded,882,Balance,38.179999999993015,5.399328000000001,9,0.984412,0.88883350000000005,5.364363000000001,4.6618564458116269,4.2618813708116274,5.0774850238295279,1,10,9,71,39
20,10,31,LinearHeuristicAuction,0.05,0.01,,True,,1000,10800,cats_path_g10b50,,False,CATS,50,paths,MultiMinded,974,Balance,45.1699999999837,5.347376,9,1.11574,0.85649200000000003,5.347376,3.9783767447354466,3.6357799447354466,5.0490803131545263,1,9,2,74,41
21,10,33,LinearHeuristicAuction,0.05,0.01,,True,,1000,10800,cats_path_g10b50,,False,CATS,50,paths,MultiMinded,1000,MaxIter,46.11000000004424,6.346977999999999,8,1.04535,0.887351,5.9964949999999995,4.6946344456509497,4.3396940456509494,6.2764966272112881,1,10,5,76,43
22,10,29,LinearHeuristicAuction,0.05,0.01,,True,,1000,10800,cats_path_g10b50,,False,CATS,50,paths,MultiMinded,1000,MaxIter,46.10999999998603,3.679525,6,0.81347,0.62753999999999999,3.5565759999999997,2.9656842418976277,2.7774222418976278,3.7800058209222018,1,10,5,76,39
23,10,33,LinearHeuristicAuction,0.05,0.01,,True,,1000,10800,cats_path_g10b50,,False,CATS,50,paths,MultiMinded,1000,MaxIter,44.94000000000233,6.968433999999999,8,1.11046,0.85569899999999999,6.581926,5.541519776967136,3.9078088041828947,5.8537717577897022,1,10,7,74,43
24,10,26,LinearHeuristicAuction,0.05,0.01,,True,,1000,10800,cats_path_g10b50,,False,CATS,50,paths,MultiMinded,1000,MaxIter,41.759999999951106,5.079491000000001,8,0.912266,0.59736,4.95139,3.8337682062033585,3.594824206203358,5.4289358754278219,1,10,9,66,36
25,10,23,LinearHeuristicAuction,0.05,0.01,,True,,1000,10800,cats_path_g10b50,,False,CATS,50,paths,MultiMinded,1000,MaxIter,39.660000000032596,5.799925999999999,8,0.932562,0.85897900000000005,5.576291,4.6075885085880968,4.263996908588096,6.2321404992027647,1,10,7,63,33
26,10,22,LinearHeuristicAuction,0.05,0.01,,True,,1000,10800,cats_path_g10b50,,False,CATS,50,paths,MultiMinded,913,Balance,38.97000000003027,7.226532999999999,9,1.05046,0.94945649999999993,7.226532999999999,3.4547773381225881,3.1224675631225884,6.9226567606143306,1,9,11,68,32
27,10,33,LinearHeuristicAuction,0.05,0.01,,True,,1000,10800,cats_path_g10b50,,False,CATS,50,paths,MultiMinded,1000,MaxIter,47.4199999999837,5.22312,7,1.38199,0.74170000000000003,4.889557,4.6120562976630914,4.3524612976630914,5.1906273992177017,1,10,6,76,43
28,10,38,LinearHeuristicAuction,0.05,0.01,,True,,1000,10800,cats_path_g10b50,,False,CATS,50,paths,MultiMinded,1000,MaxIter,48.88999999995576,7.158904,9,1.38531,1.05223,7.074829,6.5833615356164472,6.1098580356164467,6.7666455316441585,1,10,4,84,48
29,10,22,LinearHeuristicAuction,0.05,0.01,,True,,1000,10800,cats_path_g10b50,,False,CATS,50,paths,MultiMinded,1000,MaxIter,41.39000000001397,5.222893,7,1.14292,0.81835199999999997,5.013075,3.8267521618743632,2.4865199650272691,4.7229890679756767,1,10,6,64,32
30,10,26,LinearHeuristicAuction,0.05,0.01,,True,,1000,10800,cats_path_g10b50,,False,CATS,50,paths,MultiMinded,1000,MaxIter,41.29999999998836,8.367289,10,1.00864,0.79848300000000005,7.489979999999999,4.3394499643893552,2.5278974033141695,6.7527781900773718,1,10,8,64,36
31,10,34,LinearHeuristicAuction,0.05,0.01,,True,,1000,10800,cats_path_g10b50,,False,CATS,50,paths,MultiMinded,1000,MaxIter,45.44000000000233,7.570106999999999,9,1.56629,0.87534100000000004,7.570106999999999,5.9531826854388648,5.5592792354388667,8.0339549638064387,1,10,4,76,44
32,10,22,LinearHeuristicAuction,0.05,0.01,,True,,1000,10800,cats_path_g10b50,,False,CATS,50,paths,MultiMinded,1000,MaxIter,40.37999999994645,5.8430159999999995,7,0.990041,0.83248200000000006,5.8430159999999995,4.5491624017941019,4.2577937017941023,5.7436506810763195,1,10,8,64,32
33,10,23,LinearHeuristicAuction,0.05,0.01,,True,,1000,10800,cats_path_g10b50,,False,CATS,50,paths,MultiMinded,1000,MaxIter,41.26000000000931,5.328471,7,1.14706,0.74653400000000003,4.9185490000000005,3.5339601826361919,3.3080906728964483,5.2951579207420369,1,10,4,67,33
34,10,23,LinearHeuristicAuction,0.05,0.01,,True,,1000,10800,cats_path_g10b50,,False,CATS,50,paths,MultiMinded,1000,MaxIter,43.82999999995809,4.414205,7,1.07941,0.93713999999999997,4.316274,3.4785309694907878,2.8874565697792773,3.8496069999999998,1,10,1,69,33
35,10,25,LinearHeuristicAuction,0.05,0.01,,True,,1000,10800,cats_path_g10b50,,False,CATS,50,paths,MultiMinded,1000,MaxIter,42.789999999979045,6.118125,7,1.03776,0.84872099999999995,5.837063,4.8293519705770311,4.5322996205770307,6.280676253946158,1,10,8,69,35
36,10,20,LinearHeuristicAuction,0.05,0.01,,True,,1000,10800,cats_path_g10b50,,False,CATS,50,paths,MultiMinded,346,Balance,15.309999999997672,2.51735,8,0.765931,0.744537,2.51735,2.137202002856236,1.8766140528562361,2.3272427557590225,1,9,2,66,30
37,10,33,LinearHeuristicAuction,0.05,0.01,,True,,1000,10800,cats_path_g10b50,,False,CATS,50,paths,MultiMinded,1000,MaxIter,46.61999999999534,6.394280999999999,9,1.32219,0.90059900000000004,6.252431,5.6315329083385226,5.2262633583385227,6.1298135292677127,1,10,2,74,43
38,10,37,LinearHeuristicAuction,0.05,0.01,,True,,1000,10800,cats_path_g10b50,,False,CATS,50,paths,MultiMinded,1000,MaxIter,48.910000000032596,4.9241600000000005,7,1.27538,0.75259950000000009,4.790051,4.3750142689243798,3.238039007952243,3.9792408527693288,1,10,5,80,47
39,10,36,LinearHeuristicAuction,0.05,0.01,,True,,1000,10800,cats_path_g10b50,,False,CATS,50,paths,MultiMinded,1000,MaxIter,47.11999999999534,7.180720999999999,9,1.37975,0.95457900000000007,7.119402999999999,6.3730896664681449,5.9435291164681452,6.8875069516411767,1,10,5,78,46
40,10,24,LinearHeuristicAuction,0.05,0.01,,True,,1000,10800,cats_path_g10b50,,False,CATS,50,paths,MultiMinded,1000,MaxIter,39.649999999965075,7.3709551,9,1.05191,0.99338300000000002,6.9198371,5.9381562716033196,5.4911339216033204,7.479387465075173,1,10,8,61,34
41,10,20,LinearHeuristicAuction,0.05,0.01,,True,,1000,10800,cats_path_g10b50,,False,CATS,50,paths,MultiMinded,1000,MaxIter,41.19000000000233,11.936720999999999,10,1.66283,1.30715,11.533147,6.5269479598900038,6.0694454598900025,12.088375327364224,1,10,13,61,30
42,10,35,LinearHeuristicAuction,0.05,0.01,,True,,1000,10800,cats_path_g10b50,,False,CATS,50,paths,MultiMinded,1000,MaxIter,45.32999999995809,5.98905,9,1.26887,0.57787949999999999,5.757461000000001,4.8098184620315632,4.5497726870315631,6.924154737680583,1,10,11,71,45
43,10,34,LinearHeuristicAuction,0.05,0.01,,True,,1000,10800,cats_path_g10b50,,False,CATS,50,paths,MultiMinded,552,Balance,25.57999999995809,5.305578,8,1.49562,0.65433600000000003,5.305578,4.9295781380796191,4.6678437380796174,5.1034210936817246,1,10,9,75,44
44,10,24,LinearHeuristicAuction,0.05,0.01,,True,,1000,10800,cats_path_g10b50,,False,CATS,50,paths,MultiMinded,1000,MaxIter,40.34999999997672,5.406871999999999,9,0.914107,0.79918800000000001,5.406871999999999,4.2083049089560056,3.8486703089560059,5.4052660998257043,1,10,7,63,34
45,10,33,LinearHeuristicAuction,0.05,0.01,,True,,1000,10800,cats_path_g10b50,,False,CATS,50,paths,MultiMinded,1000,MaxIter,46.70000000001164,4.392568,8,1.04017,0.61580250000000003,4.314321,3.8479181435264636,3.3333460233052845,4.2379518916628358,1,10,4,76,43
46,10,37,LinearHeuristicAuction,0.05,0.01,,True,,1000,10800,cats_path_g10b50,,False,CATS,50,paths,MultiMinded,1000,MaxIter,47.02000000001863,7.650231000000001,10,1.33928,0.87604700000000002,7.650231000000001,6.6633705839973398,6.2253470839973399,7.742664906969396,1,10,2,79,47
47,10,26,LinearHeuristicAuction,0.05,0.01,,True,,1000,10800,cats_path_g10b50,,False,CATS,50,paths,MultiMinded,1000,MaxIter,44.10999999998603,4.863733,8,1.11721,0.68613100000000005,4.847598,4.1375442827139999,3.8630918827139986,5.0014235885040179,1,10,17,67,36
48,10,40,LinearHeuristicAuction,0.05,0.01,,True,,1000,10800,cats_path_g10b50,,False,CATS,50,paths,MultiMinded,1000,MaxIter,48.70999999996275,13.668893,14,1.73275,0.850549,13.174973,4.5926162857400055,4.2523966857400062,13.908365720463074,1,10,4,77,50
49,10,25,LinearHeuristicAuction,0.05,0.01,,True,,1000,10800,cats_path_g10b50,,False,CATS,50,paths,MultiMinded,1000,MaxIter,41.80999999999767,4.105134,7,0.775577,0.59589599999999998,3.971656,3.6150072193383087,3.406443619338309,4.2974536949580022,1,10,11,64,35
50,10,43,LinearHeuristicAuction,0.05,0.01,,True,,1000,10800,cats_path_g10b50,,False,CATS,50,paths,MultiMinded,1000,MaxIter,50.589999999967404,7.516903,10,1.3359,0.92906500000000003,7.516903,6.9910641856872848,6.1305358117332069,7.1514182837973346,1,10,2,85,53
51,10,23,LinearHeuristicAuction,0.05,0.01,,True,,1000,10800,cats_path_g10b50,,False,CATS,50,paths,MultiMinded,1000,MaxIter,40.910000000032596,3.8581627999999997,8,0.728995,0.60365150000000001,3.5718507999999995,3.2667980471571507,3.0253374471571508,3.7655030899977846,1,10,5,66,33
52,10,28,LinearHeuristicAuction,0.05,0.01,,True,,1000,10800,cats_path_g10b50,,False,CATS,50,paths,MultiMinded,1000,MaxIter,43.039999999979045,6.103176,8,1.01863,0.782582,5.975078,5.4394775244622968,5.1264447244622966,5.8203746073925258,1,10,6,74,38
53,10,26,LinearHeuristicAuction,0.05,0.01,,True,,1000,10800,cats_path_g10b50,,False,CATS,50,paths,MultiMinded,1000,MaxIter,41.44000000000233,9.548895000000002,10,1.84651,1.2191000000000001,9.408475000000003,7.2350372108530081,6.6864422108530093,9.0954834619463742,1,9,10,65,36
54,10,30,LinearHeuristicAuction,0.05,0.01,,True,,1000,10800,cats_path_g10b50,,False,CATS,50,paths,MultiMinded,1000,MaxIter,42.98999999999069,3.5444180000000003,9,0.62406,0.46356900000000001,3.436186,2.9530443738793557,2.744438323879355,3.4110700409969708,1,10,1,71,40
55,10,24,LinearHeuristicAuction,0.05,0.01,,True,,1000,10800,cats_path_g10b50,,False,CATS,50,paths,MultiMinded,1000,MaxIter,40.84000000002561,5.614495000000001,8,1.03261,0.81608499999999995,5.4924800000000005,4.7046001053088435,4.3781661053088436,5.5347570147849217,1,10,8,66,34
56,10,26,LinearHeuristicAuction,0.05,0.01,,True,,1000,10800,cats_path_g10b50,,False,CATS,50,paths,MultiMinded,1000,MaxIter,43.46999999997206,5.021542,7,1.22335,0.86009449999999998,4.999225,4.8362708505572636,4.5352377755572633,4.8251452367259731,1,10,5,72,36
57,10,29,LinearHeuristicAuction,0.05,0.01,,True,,1000,10800,cats_path_g10b50,,False,CATS,50,paths,MultiMinded,1000,MaxIter,43.600000000034925,5.662903,7,1.20543,0.7060765,5.290081000000001,4.776846320272865,3.1765885582688473,4.2022737202568301,1,10,6,71,39
58,10,32,LinearHeuristicAuction,0.05,0.01,,True,,1000,10800,cats_path_g10b50,,False,CATS,50,paths,MultiMinded,1000,MaxIter,46.45000000001164,5.435453000000001,7,1.10141,0.84788050000000004,5.117759000000001,4.7954656615378477,4.4987074865378478,5.3099509278762111,1,10,1,77,42
59,10,31,LinearHeuristicAuction,0.05,0.01,,True,,1000,10800,cats_path_g10b50,,False,CATS,50,paths,MultiMinded,1000,MaxIter,44.44000000000233,7.500881000000001,9,1.37858,1.0170600000000001,7.3101193,6.3169836227061236,5.6831287834796509,7.5394621897325118,1,10,4,72,41
60,10,18,LinearHeuristicAuction,0.05,0.01,,True,,1000,10800,cats_path_g10b50,,False,CATS,50,paths,MultiMinded,261,Balance,10.319999999948777,3.938055,7,1.01239,0.77787200000000001,3.908271,2.9146871693753993,2.6424319693753993,3.7068265934033473,1,10,10,62,28
61,10,39,LinearHeuristicAuction,0.05,0.01,,True,,1000,10800,cats_path_g10b50,,False,CATS,50,paths,MultiMinded,1000,MaxIter,46.86999999999534,6.514431,9,1.15445,0.68256899999999998,5.948754,5.3754313480634979,5.0682752980634991,6.5843446189584585,1,10,7,77,49
62,10,24,LinearHeuristicAuction,0.05,0.01,,True,,1000,10800,cats_path_g10b50,,False,CATS,50,paths,MultiMinded,1000,MaxIter,44.35999999998603,5.874828,7,1.13322,0.74950450000000002,5.514272999999999,3.4426004353204012,2.9667303485868137,6.808867901839041,1,10,9,65,34
63,10,26,LinearHeuristicAuction,0.05,0.01,,True,,1000,10800,cats_path_g10b50,,False,CATS,50,paths,MultiMinded,1000,MaxIter,40.86999999999534,10.817572,14,1.05624,0.85327799999999998,10.621065999999999,3.7591398772259299,3.426150103721608,11.049292091052886,1,10,8,59,36
64,10,15,LinearHeuristicAuction,0.05,0.01,,True,,1000,10800,cats_path_g10b50,,False,CATS,50,paths,MultiMinded,662,Balance,28.62999999994645,4.3252115,8,1.18924,0.88682499999999997,4.2922855,3.6624728772723008,3.3317290977541258,4.0270197531353498,1,10,9,66,25
65,10,35,LinearHeuristicAuction,0.05,0.01,,True,,1000,10800,cats_path_g10b50,,False,CATS,50,paths,MultiMinded,1000,MaxIter,45.13999999995576,9.498291,9,1.37422,0.81186400000000003,9.402953000000002,5.5952661122233716,5.3088043078359055,10.043644241104555,1,10,6,74,45
66,10,22,LinearHeuristicAuction,0.05,0.01,,True,,1000,10800,cats_path_g10b50,,False,CATS,50,paths,MultiMinded,1000,MaxIter,41.72000000003027,6.527464,7,1.20805,0.92267349999999992,6.138204,4.69219735471831,4.3692616297183093,6.7834453118437601,1,10,12,66,32
67,10,31,LinearHeuristicAuction,0.05,0.01,,True,,1000,10800,cats_path_g10b50,,False,CATS,50,paths,MultiMinded,1000,MaxIter,43.899999999965075,4.99912,7,0.980804,0.62215900000000002,4.744867,4.3483905614366289,4.130634911436629,5.0820065714764651,1,10,10,73,41
68,10,21,LinearHeuristicAuction,0.05,0.01,,True,,1000,10800,cats_path_g10b50,,False,CATS,50,paths,MultiMinded,1000,MaxIter,42.05999999999767,4.354444,6,1.10844,0.58718800000000004,4.1948300000000005,3.8554985157630517,3.6793421157630513,4.2218576253836373,1,10,14,67,31
69,10,31,LinearHeuristicAuction,0.05,0.01,,True,,1000,10800,cats_path_g10b50,,False,CATS,50,paths,MultiMinded,1000,MaxIter,45.410000000032596,4.638021,7,0.932286,0.72681200000000001,4.4459219999999995,4.0269588267533951,3.0814363304260759,4.0345542092352664,1,10,10,72,41
70,10,32,LinearHeuristicAuction,0.05,0.01,,True,,1000,10800,cats_path_g10b50,,False,CATS,50,paths,MultiMinded,1000,MaxIter,44.76000000000931,5.529561,9,0.883645,0.71283099999999999,5.353129,4.6258309643401239,3.402732428581567,4.8514807665841868,1,10,5,73,42
71,10,29,LinearHeuristicAuction,0.05,0.01,,True,,1000,10800,cats_path_g10b50,,False,CATS,50,paths,MultiMinded,1000,MaxIter,43.45000000001164,3.8155849999999996,6,0.722118,0.584781,3.612256,2.9354180861036818,2.4179384418613674,3.7037393766355269,1,10,11,72,39
72,10,23,LinearHeuristicAuction,0.05,0.01,,True,,1000,10800,cats_path_g10b50,,False,CATS,50,paths,MultiMinded,1000,MaxIter,41.03000000002794,4.337076,9,1.09941,0.63108900000000001,4.004491,3.5567420949236341,3.0744946360083181,4.297473985076004,1,10,4,63,33
73,10,23,LinearHeuristicAuction,0.05,0.01,,True,,1000,10800,cats_path_g10b50,,False,CATS,50,paths,MultiMinded,841,Balance,34.339999999967404,4.733565,7,1.17805,0.79788950000000003,4.733565,4.4545683213844978,4.1753069963844984,4.4950781647764764,1,10,7,66,33
74,10,28,LinearHeuristicAuction,0.05,0.01,,True,,1000,10800,cats_path_g10b50,,False,CATS,50,paths,MultiMinded,1000,MaxIter,43.490000000048894,4.250006,7,0.944433,0.60220899999999999,4.178646,4.0473771272209795,3.0312137136193593,3.346765649918706,1,10,9,73,38
75,10,23,LinearHeuristicAuction,0.05,0.01,,True,,1000,10800,cats_path_g10b50,,False,CATS,50,paths,MultiMinded,1000,MaxIter,42.3300000000163,4.765222,7,0.954458,0.87700599999999995,4.542153,4.0719353470726016,3.764983247072601,4.9894817311896542,1,10,9,67,33
76,10,29,LinearHeuristicAuction,0.05,0.01,,True,,1000,10800,cats_path_g10b50,,False,CATS,50,paths,MultiMinded,619,Balance,28.179999999993015,6.904471,9,1.28641,1.1137699999999999,6.904471,5.587983337368442,5.1424753373684435,6.477458898802853,1,9,6,76,39
77,10,20,LinearHeuristicAuction,0.05,0.01,,True,,1000,10800,cats_path_g10b50,,False,CATS,50,paths,MultiMinded,1000,MaxIter,41.88000000000466,3.7830920000000003,7,0.987819,0.58873500000000001,3.7830920000000003,3.0444300603160031,2.8383728103160037,3.8629384989777584,1,10,3,65,30
78,10,31,LinearHeuristicAuction,0.05,0.01,,True,,1000,10800,cats_path_g10b50,,False,CATS,50,paths,MultiMinded,1000,MaxIter,47.79000000003725,6.355665,8,1.59706,0.92678550000000004,6.2535099999999995,6.0713182509120633,5.7006040509120632,6.0487399137504703,1,10,1,80,41
79,10,26,LinearHeuristicAuction,0.05,0.01,,True,,1000,10800,cats_path_g10b50,,False,CATS,50,paths,MultiMinded,1000,MaxIter,41.97000000003027,6.17396,8,1.51269,0.757185,6.063518,4.2165823005920018,3.3430500941825763,6.0623319681061556,1,10,7,66,36
80,10,28,LinearHeuristicAuction,0.05,0.01,,True,,1000,10800,cats_path_g10b50,,False,CATS,50,paths,MultiMinded,1000,MaxIter,42.73999999999069,6.124957,9,1.1598,0.90218600000000004,5.888922000000001,5.3504579061931121,4.944474206193112,6.029731664739777,1,10,6,69,38
81,10,27,LinearHeuristicAuction,0.05,0.01,,True,,1000,10800,cats_path_g10b50,,False,CATS,50,paths,MultiMinded,1000,MaxIter,44.09000000002561,6.033706,7,1.09603,0.84438299999999999,6.033706,4.6376225418392423,4.3420884918392426,6.1138225739044838,1,10,2,73,37
82,10,40,LinearHeuristicAuction,0.05,0.01,,True,,1000,10800,cats_path_g10b50,,False,CATS,50,paths,MultiMinded,1000,MaxIter,47.679999999993015,7.125598999999999,10,1.12357,0.66202150000000004,6.644874,5.9981519187682402,5.6671411687682403,7.3441951831566143,1,10,5,77,50
83,10,29,LinearHeuristicAuction,0.05,0.01,,True,,1000,10800,cats_path_g10b50,,False,CATS,50,paths,MultiMinded,1000,MaxIter,43.35999999998603,4.406853099999999,9,0.788029,0.64298299999999997,4.3152341,3.9739065109198162,3.6845641609198165,4.2128556875358205,1,10,2,71,39
84,10,23,LinearHeuristicAuction,0.05,0.01,,True,,1000,10800,cats_path_g10b50,,False,CATS,50,paths,MultiMinded,1000,MaxIter,41.089999999967404,4.1736754000000005,8,0.851051,0.68298999999999999,4.0047025,2.8264943055696774,1.6471003866433183,3.1072743274194012,1,10,5,63,33
85,10,26,LinearHeuristicAuction,0.05,0.01,,True,,1000,10800,cats_path_g10b50,,False,CATS,50,paths,MultiMinded,1000,MaxIter,40.63999999995576,6.722310500000001,10,1.11978,0.81925350000000008,6.6316215000000005,5.8099763451574775,5.1520505835317163,6.4097889110314199,1,10,4,64,36
86,10,25,LinearHeuristicAuction,0.05,0.01,,True,,1000,10800,cats_path_g10b50,,False,CATS,50,paths,MultiMinded,1000,MaxIter,41.820000000006985,6.8755869999999994,10,1.01302,0.62419199999999997,6.8755869999999994,2.6318527895469219,2.3821759895469223,6.9136246277208908,1,10,2,66,35
87,10,19,LinearHeuristicAuction,0.05,0.01,,True,,1000,10800,cats_path_g10b50,,False,CATS,50,paths,MultiMinded,1000,MaxIter,42.539999999979045,7.4913935,11,0.90213,0.84762199999999999,7.3607544,2.7739550106312234,2.492408824157653,7.6276625244989447,1,9,6,60,29
88,10,24,LinearHeuristicAuction,0.05,0.01,,True,,1000,10800,cats_path_g10b50,,False,CATS,50,paths,MultiMinded,1000,MaxIter,42.61999999999534,6.671337600000001,8,1.23763,0.97929250000000001,6.1443806,5.1020773050748289,4.7103603050748291,6.6806983612031718,1,10,6,69,34
89,10,30,LinearHeuristicAuction,0.05,0.01,,True,,1000,10800,cats_path_g10b50,,False,CATS,50,paths,MultiMinded,1000,MaxIter,44.04999999998836,4.893484,9,0.957818,0.66029399999999994,4.893484,3.8037302792379686,3.2434937580289267,4.5216192383577631,1,9,9,71,40
90,10,24,LinearHeuristicAuction,0.05,0.01,,True,,1000,10800,cats_path_g10b50,,False,CATS,50,paths,MultiMinded,1000,MaxIter,40.61999999999534,4.9815499999999995,7,1.03037,0.59696149999999992,4.951772999999999,3.6596562479098056,3.4507197229098061,5.3678605442997549,1,10,4,65,34
91,10,26,LinearHeuristicAuction,0.05,0.01,,True,,1000,10800,cats_path_g10b50,,False,CATS,50,paths,MultiMinded,1000,MaxIter,41.73999999999069,5.608700000000001,8,1.15219,0.65921200000000002,5.315985,3.8344028791822837,3.0024556354348624,5.7274041587143962,1,10,7,67,36
92,10,29,LinearHeuristicAuction,0.05,0.01,,True,,1000,10800,cats_path_g10b50,,False,CATS,50,paths,MultiMinded,664,Balance,28.869999999995343,6.734538,7,1.30249,1.03973,6.734538,6.2584441601527505,5.894538660152751,6.4984820145157522,1,10,7,72,39
93,10,36,LinearHeuristicAuction,0.05,0.01,,True,,1000,10800,cats_path_g10b50,,False,CATS,50,paths,MultiMinded,1000,MaxIter,47.53000000002794,5.941976,7,1.19352,0.81540649999999992,5.927713,5.6543379446859747,5.3689456696859743,5.7553635417220947,1,10,5,79,46
94,10,36,LinearHeuristicAuction,0.05,0.01,,True,,1000,10800,cats_path_g10b50,,False,CATS,50,paths,MultiMinded,1000,MaxIter,45.70000000001164,6.659274999999999,9,1.32087,0.72828700000000002,6.573074,6.1334565275179065,5.8057273775179068,6.4097649295270642,1,10,2,77,46
95,10,20,LinearHeuristicAuction,0.05,0.01,,True,,1000,10800,cats_path_g10b50,,False,CATS,50,paths,MultiMinded,809,Balance,34.399999999965075,5.242984999999999,7,0.986125,0.95783799999999997,5.242984999999999,3.9018814690039334,3.6118054312817502,4.9607423885487076,1,10,12,64,30
96,10,27,LinearHeuristicAuction,0.05,0.01,,True,,1000,10800,cats_path_g10b50,,False,CATS,50,paths,MultiMinded,1000,MaxIter,43.009999999951106,5.968370999999999,8,1.36717,0.912686,5.725266000000001,5.3343682474179603,4.5503036964415529,5.2901014302420286,1,10,4,70,37
97,10,40,LinearHeuristicAuction,0.05,0.01,,True,,1000,10800,cats_path_g10b50,,False,CATS,50,paths,MultiMinded,1000,MaxIter,48.679999999993015,5.874736,9,1.39812,0.64802099999999996,5.874736,5.4110605484849144,5.119451098484916,5.7717153980274354,1,10,1,83,50
98,10,29,LinearHeuristicAuction,0.05,0.01,,True,,1000,10800,cats_path_g10b50,,False,CATS,50,paths,MultiMinded,1000,MaxIter,43.28000000002794,8.221217,8,1.32075,0.95510399999999995,7.975545,6.6835876847349898,4.5579855799422022,6.5079206292302789,1,10,7,70,39
99,10,24,LinearHeuristicAuction,0.05,0.01,,True,,1000,10800,cats_path_g10b50,,False,CATS,50,paths,MultiMinded,1000,MaxIter,40.63000000000466,4.068553,8,0.837895,0.57574999999999998,4.03372,3.1900375502297083,2.9597375502297085,4.4345268562611668,1,10,6,65,34
100,10,26,LinearHeuristicAuction,0.05,0.01,,True,,1000,10800,cats_path_g10b50,,False,CATS,50,paths,MultiMinded,1000,MaxIter,42.53000000002794,5.4685310000000005,9,1.22663,0.78226099999999998,5.224669,4.4380107617153683,3.236434274306955,4.6492666395732396,1,10,5,68,36
