idx,items,agents,auction_class,epsilon,stepc,epoch,scalebyvalue,reserve_type,maxiter,maxtime,generator_param_name,personalized,int_prices,generator,bids,distribution,type,rounds,status,runtime,efficient_value,final_num_winners,final_max_agent_value,final_scalevalue,final_value,final_total_price,final_revenue,final_indirect_util,final_price_degree,final_price_sparsity,final_imbalance,final_wd_nvars,final_wd_ncons
1,10,41,LinearHeuristicAuction,0.1,0.01,,True,,1000,10800,cats_path_g10b50,,False,CATS,50,paths,MultiMinded,1000,MaxIter,48.69000000000233,5.1295980000000005,9,1.05837,0.48806749999999999,4.718563,3.3403257421154691,2.9498717421154699,5.5315100035960096,1,9,4,78,51
2,10,32,LinearHeuristicAuction,0.1,0.01,,True,,1000,10800,cats_path_g10b50,,False,CATS,50,paths,MultiMinded,1000,MaxIter,44.350000000034925,5.881798,9,0.89658,0.700376,5.748974,4.0568862907385492,3.4965854907385494,5.5698871768709841,1,9,8,73,42
3,10,23,LinearHeuristicAuction,0.1,0.01,,True,,1000,10800,cats_path_g10b50,,False,CATS,50,paths,MultiMinded,1000,MaxIter,42.179999999993015,6.1772789999999995,8,1.4872,0.84460199999999996,6.1772789999999995,5.0123374330527879,4.336655833052788,5.8011479940787307,1,10,4,71,33
4,10,24,LinearHeuristicAuction,0.1,0.01,,True,,1000,10800,cats_path_g10b50,,False,CATS,50,paths,MultiMinded,360,Balance,14.720000000030268,5.0370452,8,0.92099,0.79058200000000001,5.0370452,3.6252198112389644,2.9927542112389642,4.4321237533165876,1,10,7,67,34
5,10,34,LinearHeuristicAuction,0.1,0.01,,True,,1000,10800,cats_path_g10b50,,False,CATS,50,paths,MultiMinded,1000,MaxIter,44.759999999951106,6.641525,9,1.19553,0.74441100000000004,6.514765000000001,6.0233200011538877,5.3533501011538878,6.3173641419911677,1,10,7,73,44
6,10,26,LinearHeuristicAuction,0.1,0.01,,True,,1000,10800,cats_path_g10b50,,False,CATS,50,paths,MultiMinded,1000,MaxIter,43.15000000002328,7.117255999999999,8,1.27499,1.03579,6.66812,5.2114764974938197,4.382844497493819,7.0900340563838631,1,10,11,68,36
7,10,30,LinearHeuristicAuction,0.1,0.01,,True,,1000,10800,cats_path_g10b50,,False,CATS,50,paths,MultiMinded,1000,MaxIter,43.1699999999837,5.604355000000001,9,0.860832,0.57241200000000003,5.529118,3.5832351536756231,3.1825467536756231,5.3774563863659592,1,10,7,71,40
8,10,29,LinearHeuristicAuction,0.1,0.01,,True,,1000,10800,cats_path_g10b50,,False,CATS,50,paths,MultiMinded,609,Balance,25.900000000023283,4.14936,8,1.21473,0.53942699999999999,4.14936,3.8702174934518183,3.4386758934518187,3.7715612591309942,1,10,1,72,39
9,10,34,LinearHeuristicAuction,0.1,0.01,,True,,1000,10800,cats_path_g10b50,,False,CATS,50,paths,MultiMinded,799,Balance,36.55999999999767,8.312487,10,1.40383,1.19224,8.312487,7.5088981394343257,6.3166581394343266,7.3191034040147436,1,10,2,76,44
10,10,35,LinearHeuristicAuction,0.1,0.01,,True,,1000,10800,cats_path_g10b50,,False,CATS,50,paths,MultiMinded,1000,MaxIter,46.570000000006985,5.813495100000001,9,1.32539,0.73520450000000004,5.775242100000001,5.1928897208117331,4.5312056708117323,5.3106015161311655,1,10,3,75,45
11,10,32,LinearHeuristicAuction,0.1,0.01,,True,,1000,10800,cats_path_g10b50,,False,CATS,50,paths,MultiMinded,682,Balance,30.75,5.665188000000001,8,0.988013,0.84758449999999996,5.665188000000001,5.1956203885304975,4.517552788530498,5.0739757948052624,1,10,4,76,42
12,10,31,LinearHeuristicAuction,0.1,0.01,,True,,1000,10800,cats_path_g10b50,,False,CATS,50,paths,MultiMinded,1000,MaxIter,44.77999999996973,5.822862,8,1.20008,0.80469999999999997,5.615266,4.6663917298056825,4.0226317298056822,5.4749052521040023,1,10,2,72,41
13,10,24,LinearHeuristicAuction,0.1,0.01,,True,,1000,10800,cats_path_g10b50,,False,CATS,50,paths,MultiMinded,1000,MaxIter,42.339999999967404,5.960460200000001,7,1.3072,0.85787999999999998,5.359683,4.7906758898533388,2.0082346365310841,3.7525302968458751,1,10,9,67,34
14,10,17,LinearHeuristicAuction,0.1,0.01,,True,,1000,10800,cats_path_g10b50,,False,CATS,50,paths,MultiMinded,1000,MaxIter,40.63000000000466,5.653834,8,0.86218,0.82208099999999995,5.484555,2.4925611115160544,1.6863740377139687,5.2372051644619528,1,10,5,60,27
15,10,33,LinearHeuristicAuction,0.1,0.01,,True,,1000,10800,cats_path_g10b50,,False,CATS,50,paths,MultiMinded,1000,MaxIter,43.539999999979045,5.368371,9,1.226,0.410271,4.870461,4.0838841105598913,3.7146402105598919,6.693734984034144,1,10,9,67,43
16,10,34,LinearHeuristicAuction,0.1,0.01,,True,,1000,10800,cats_path_g10b50,,False,CATS,50,paths,MultiMinded,1000,MaxIter,45.35999999998603,6.969046,10,1.43412,0.68306999999999995,6.744473,5.2436700254206734,4.6269639846466699,6.8894292084787301,1,10,3,73,44
17,10,30,LinearHeuristicAuction,0.1,0.01,,True,,1000,10800,cats_path_g10b50,,False,CATS,50,paths,MultiMinded,1000,MaxIter,42.90000000002328,6.379521,9,1.33671,0.75658099999999995,6.311771,5.4661879267427942,4.7852650267427936,6.164612635446618,1,10,3,70,40
18,10,28,LinearHeuristicAuction,0.1,0.01,,True,,1000,10800,cats_path_g10b50,,False,CATS,50,paths,MultiMinded,1000,MaxIter,42.07999999995809,3.7659457999999995,9,0.809737,0.424898,3.711189,3.2208928343753951,2.838484634375396,3.5313184571793812,1,10,7,68,38
19,10,29,LinearHeuristicAuction,0.1,0.01,,True,,1000,10800,cats_path_g10b50,,False,CATS,50,paths,MultiMinded,694,Balance,30.069999999948777,5.399328000000001,9,0.984412,0.88883350000000005,5.364363000000001,4.5276135647272708,3.7684655499729418,4.8150172433038279,1,10,5,71,39
20,10,31,LinearHeuristicAuction,0.1,0.01,,True,,1000,10800,cats_path_g10b50,,False,CATS,50,paths,MultiMinded,832,Balance,38.65999999997439,5.347376,9,1.11574,0.85649200000000003,5.347376,3.9013371223256201,3.2161435223256194,4.7895369686246214,1,9,3,74,41
21,10,33,LinearHeuristicAuction,0.1,0.01,,True,,1000,10800,cats_path_g10b50,,False,CATS,50,paths,MultiMinded,1000,MaxIter,46.289999999979045,6.346977999999999,8,1.04535,0.887351,5.9964949999999995,4.6946344456509497,3.9847536456509491,5.9215562272112878,1,10,5,76,43
22,10,29,LinearHeuristicAuction,0.1,0.01,,True,,1000,10800,cats_path_g10b50,,False,CATS,50,paths,MultiMinded,1000,MaxIter,45.71999999997206,3.679525,6,0.81347,0.62753999999999999,3.5565759999999997,2.9656842418976277,2.5891602418976278,3.5917438209222019,1,10,5,76,39
23,10,33,LinearHeuristicAuction,0.1,0.01,,True,,1000,10800,cats_path_g10b50,,False,CATS,50,paths,MultiMinded,1000,MaxIter,45.39000000001397,6.968433999999999,8,1.11046,0.85569899999999999,6.581926,5.541519776967136,3.6510991041828955,5.597062057789703,1,10,7,74,43
24,10,26,LinearHeuristicAuction,0.1,0.01,,True,,1000,10800,cats_path_g10b50,,False,CATS,50,paths,MultiMinded,1000,MaxIter,41.35999999998603,5.079491000000001,8,0.912266,0.59736,4.95139,3.8337682062033585,3.3558802062033584,5.1899918754278227,1,10,9,66,36
25,10,23,LinearHeuristicAuction,0.1,0.01,,True,,1000,10800,cats_path_g10b50,,False,CATS,50,paths,MultiMinded,1000,MaxIter,40.45000000001164,5.799925999999999,8,0.932562,0.85897900000000005,5.576291,4.6075885085880968,3.920405308588097,5.8885488992027657,1,10,7,63,33
26,10,22,LinearHeuristicAuction,0.1,0.01,,True,,1000,10800,cats_path_g10b50,,False,CATS,50,paths,MultiMinded,913,Balance,38.67000000004191,7.226532999999999,9,1.05046,0.94945649999999993,7.226532999999999,3.4547773381225881,2.790157788122587,6.59034698561433,1,9,11,68,32
27,10,33,LinearHeuristicAuction,0.1,0.01,,True,,1000,10800,cats_path_g10b50,,False,CATS,50,paths,MultiMinded,1000,MaxIter,47.94000000000233,5.22312,7,1.38199,0.74170000000000003,4.889557,4.6120562976630914,4.0928662976630914,4.9310323992177025,1,10,6,76,43
28,10,38,LinearHeuristicAuction,0.1,0.01,,True,,1000,10800,cats_path_g10b50,,False,CATS,50,paths,MultiMinded,1000,MaxIter,48.679999999993015,7.158904,9,1.38531,1.05223,7.074829,6.5833615356164472,5.6363545356164479,6.2931420316441606,1,10,4,84,48
29,10,22,LinearHeuristicAuction,0.1,0.01,,True,,1000,10800,cats_path_g10b50,,False,CATS,50,paths,MultiMinded,1000,MaxIter,40.79000000003725,5.222893,7,1.14292,0.81835199999999997,5.013075,3.8267521618743632,3.2539057618743636,5.4903748648227717,1,10,6,64,32
30,10,26,LinearHeuristicAuction,0.1,0.01,,True,,1000,10800,cats_path_g10b50,,False,CATS,50,paths,MultiMinded,1000,MaxIter,41.17000000004191,8.367289,10,1.00864,0.79848300000000005,7.489979999999999,4.3394499643893552,2.3282766533141697,6.5531574400773716,1,10,8,64,36
31,10,34,LinearHeuristicAuction,0.1,0.01,,True,,1000,10800,cats_path_g10b50,,False,CATS,50,paths,MultiMinded,1000,MaxIter,45.910000000032596,7.570106999999999,9,1.56629,0.87534100000000004,7.570106999999999,5.9531826854388648,5.165375785438866,7.6400515138064389,1,10,4,76,44
32,10,22,LinearHeuristicAuction,0.1,0.01,,True,,1000,10800,cats_path_g10b50,,False,CATS,50,paths,MultiMinded,1000,MaxIter,40.179999999993015,5.8430159999999995,7,0.990041,0.83248200000000006,5.8430159999999995,4.5491624017941019,3.9664250017941018,5.4522819810763181,1,10,8,64,32
33,10,23,LinearHeuristicAuction,0.1,0.01,,True,,1000,10800,cats_path_g10b50,,False,CATS,50,paths,MultiMinded,1000,MaxIter,40.90000000002328,5.328471,7,1.14706,0.74653400000000003,4.9185490000000005,3.5339601826361919,3.0841304728964483,5.0711977207420373,1,10,4,67,33
34,10,23,LinearHeuristicAuction,0.1,0.01,,True,,1000,10800,cats_path_g10b50,,False,CATS,50,paths,MultiMinded,1000,MaxIter,43.98999999999069,4.414205,7,1.07941,0.93713999999999997,4.316274,3.4785309694907878,2.6063145697792773,3.5684649999999998,1,10,1,69,33
35,10,25,LinearHeuristicAuction,0.1,0.01,,True,,1000,10800,cats_path_g10b50,,False,CATS,50,paths,MultiMinded,1000,MaxIter,43.22000000003027,6.118125,7,1.03776,0.84872099999999995,5.837063,4.8293519705770311,4.2352472705770303,5.9836239039461576,1,10,8,69,35
36,10,20,LinearHeuristicAuction,0.1,0.01,,True,,1000,10800,cats_path_g10b50,,False,CATS,50,paths,MultiMinded,278,Balance,12.67000000004191,2.51735,8,0.765931,0.744537,2.51735,2.0607281816378977,1.5395522816378977,2.1435366119789787,1,9,2,66,30
37,10,33,LinearHeuristicAuction,0.1,0.01,,True,,1000,10800,cats_path_g10b50,,False,CATS,50,paths,MultiMinded,1000,MaxIter,45.72000000003027,6.394280999999999,9,1.32219,0.90059900000000004,6.252431,5.6315329083385226,4.820993808338522,5.7245439792677111,1,10,2,74,43
38,10,37,LinearHeuristicAuction,0.1,0.01,,True,,1000,10800,cats_path_g10b50,,False,CATS,50,paths,MultiMinded,1000,MaxIter,49.179999999993015,4.9241600000000005,7,1.27538,0.75259950000000009,4.790051,4.3750142689243798,3.0122591579522435,3.7534610027693294,1,10,5,80,47
39,10,36,LinearHeuristicAuction,0.1,0.01,,True,,1000,10800,cats_path_g10b50,,False,CATS,50,paths,MultiMinded,1000,MaxIter,47.20999999996275,7.180720999999999,9,1.37975,0.95457900000000007,7.119402999999999,6.3730896664681449,5.5139685664681446,6.4579464016411761,1,10,5,78,46
40,10,24,LinearHeuristicAuction,0.1,0.01,,True,,1000,10800,cats_path_g10b50,,False,CATS,50,paths,MultiMinded,1000,MaxIter,40.11999999999534,7.3709551,9,1.05191,0.99338300000000002,6.9198371,5.9381562716033196,5.0610671455927152,7.0493206890645679,1,10,8,61,34
41,10,20,LinearHeuristicAuction,0.1,0.01,,True,,1000,10800,cats_path_g10b50,,False,CATS,50,paths,MultiMinded,1000,MaxIter,41.39000000001397,11.936720999999999,10,1.66283,1.30715,11.533147,6.5269479598900038,5.611942959890003,11.630872827364225,1,10,13,61,30
42,10,35,LinearHeuristicAuction,0.1,0.01,,True,,1000,10800,cats_path_g10b50,,False,CATS,50,paths,MultiMinded,1000,MaxIter,45.13999999995576,5.98905,9,1.26887,0.57787949999999999,5.757461000000001,4.8098184620315632,4.289726912031564,6.6641089626805838,1,10,11,71,45
43,10,34,LinearHeuristicAuction,0.1,0.01,,True,,1000,10800,cats_path_g10b50,,False,CATS,50,paths,MultiMinded,423,Balance,19.75,5.305578,8,1.49562,0.65433600000000003,5.305578,4.7978843829167142,4.2744155829167134,4.9509001247892073,1,10,7,75,44
44,10,24,LinearHeuristicAuction,0.1,0.01,,True,,1000,10800,cats_path_g10b50,,False,CATS,50,paths,MultiMinded,1000,MaxIter,40.44000000000233,5.406871999999999,9,0.914107,0.79918800000000001,5.406871999999999,4.2083049089560056,3.4890357089560049,5.0456314998257028,1,10,7,63,34
45,10,33,LinearHeuristicAuction,0.1,0.01,,True,,1000,10800,cats_path_g10b50,,False,CATS,50,paths,MultiMinded,1000,MaxIter,46.56999999994878,4.392568,8,1.04017,0.61580250000000003,4.314321,3.8479181435264636,3.3552761435264635,4.2598820118840148,1,10,4,76,43
46,10,37,LinearHeuristicAuction,0.1,0.01,,True,,1000,10800,cats_path_g10b50,,False,CATS,50,paths,MultiMinded,1000,MaxIter,46.600000000034925,7.650231000000001,10,1.33928,0.87604700000000002,7.650231000000001,6.6633705839973398,5.78732358399734,7.3046414069693961,1,10,2,79,47
47,10,26,LinearHeuristicAuction,0.1,0.01,,True,,1000,10800,cats_path_g10b50,,False,CATS,50,paths,MultiMinded,1000,MaxIter,44.75,4.863733,8,1.11721,0.68613100000000005,4.847598,4.1375442827139999,3.5886394827140005,4.7269711885040193,1,10,17,67,36
48,10,40,LinearHeuristicAuction,0.1,0.01,,True,,1000,10800,cats_path_g10b50,,False,CATS,50,paths,MultiMinded,1000,MaxIter,48.899999999965075,13.668893,14,1.73275,0.850549,13.174973,4.5926162857400055,3.9144660461783256,13.570435080901394,1,10,4,77,50
49,10,25,LinearHeuristicAuction,0.1,0.01,,True,,1000,10800,cats_path_g10b50,,False,CATS,50,paths,MultiMinded,1000,MaxIter,41.399999999965075,4.105134,7,0.775577,0.59589599999999998,3.971656,3.6150072193383087,3.1978800193383092,4.0888900949580025,1,10,11,64,35
50,10,43,LinearHeuristicAuction,0.1,0.01,,True,,1000,10800,cats_path_g10b50,,False,CATS,50,paths,MultiMinded,1000,MaxIter,50.17000000004191,7.516903,10,1.3359,0.92906500000000003,7.516903,6.9910641856872848,5.7124565617332079,6.7333390337973356,1,10,2,85,53
51,10,23,LinearHeuristicAuction,0.1,0.01,,True,,1000,10800,cats_path_g10b50,,False,CATS,50,paths,MultiMinded,1000,MaxIter,41.11999999999534,3.8581627999999997,8,0.728995,0.60365150000000001,3.5718507999999995,3.2667980471571507,2.8009855173609326,3.5411511602015664,1,10,5,66,33
52,10,28,LinearHeuristicAuction,0.1,0.01,,True,,1000,10800,cats_path_g10b50,,False,CATS,50,paths,MultiMinded,1000,MaxIter,43.429999999993015,6.103176,8,1.01863,0.782582,5.975078,5.4394775244622968,4.8134119244622973,5.5073418073925264,1,10,6,74,38
53,10,26,LinearHeuristicAuction,0.1,0.01,,True,,1000,10800,cats_path_g10b50,,False,CATS,50,paths,MultiMinded,1000,MaxIter,41.820000000006985,9.548895000000002,10,1.84651,1.2191000000000001,9.408475000000003,7.2350372108530081,6.1378472108530095,8.5468884619463754,1,9,10,65,36
54,10,30,LinearHeuristicAuction,0.1,0.01,,True,,1000,10800,cats_path_g10b50,,False,CATS,50,paths,MultiMinded,1000,MaxIter,43.15999999997439,3.5444180000000003,9,0.62406,0.46356900000000001,3.436186,2.9530443738793557,2.5358322738793553,3.202463990996971,1,10,1,71,40
55,10,24,LinearHeuristicAuction,0.1,0.01,,True,,1000,10800,cats_path_g10b50,,False,CATS,50,paths,MultiMinded,1000,MaxIter,40.97000000003027,5.614495000000001,8,1.03261,0.81608499999999995,5.4924800000000005,4.7046001053088435,4.051732105308842,5.20832301478492,1,10,8,66,34
56,10,26,LinearHeuristicAuction,0.1,0.01,,True,,1000,10800,cats_path_g10b50,,False,CATS,50,paths,MultiMinded,1000,MaxIter,43.320000000006985,5.021542,7,1.22335,0.86009449999999998,4.999225,4.8362708505572636,4.2342047005572629,4.5241121617259727,1,10,5,72,36
57,10,29,LinearHeuristicAuction,0.1,0.01,,True,,1000,10800,cats_path_g10b50,,False,CATS,50,paths,MultiMinded,1000,MaxIter,43.4199999999837,5.662903,7,1.20543,0.7060765,5.290081000000001,4.776846320272865,2.9647656082688472,3.9904507702568295,1,10,6,71,39
58,10,32,LinearHeuristicAuction,0.1,0.01,,True,,1000,10800,cats_path_g10b50,,False,CATS,50,paths,MultiMinded,1000,MaxIter,46.14000000001397,5.435453000000001,7,1.10141,0.84788050000000004,5.117759000000001,4.7954656615378477,4.2019493115378479,5.0131927528762112,1,10,1,77,42
59,10,31,LinearHeuristicAuction,0.1,0.01,,True,,1000,10800,cats_path_g10b50,,False,CATS,50,paths,MultiMinded,1000,MaxIter,45.27999999996973,7.500881000000001,9,1.37858,1.0170600000000001,7.3101193,6.3169836227061236,5.3271577834796506,7.1834911897325116,1,10,4,72,41
60,10,18,LinearHeuristicAuction,0.1,0.01,,True,,1000,10800,cats_path_g10b50,,False,CATS,50,paths,MultiMinded,162,Balance,6.21999999997206,3.938055,7,1.01239,0.77787200000000001,3.868958,2.8593289750936157,2.3148185750936161,3.4620285399630051,1,10,13,62,28
61,10,39,LinearHeuristicAuction,0.1,0.01,,True,,1000,10800,cats_path_g10b50,,False,CATS,50,paths,MultiMinded,1000,MaxIter,47.289999999979045,6.514431,9,1.15445,0.68256899999999998,5.948754,5.3754313480634979,4.7611192480634985,6.2771885689584579,1,10,7,77,49
62,10,24,LinearHeuristicAuction,0.1,0.01,,True,,1000,10800,cats_path_g10b50,,False,CATS,50,paths,MultiMinded,1000,MaxIter,44.23999999999069,5.874828,7,1.13322,0.74950450000000002,5.514272999999999,3.4426004353204012,2.9179472853204009,6.7600848385726282,1,10,9,65,34
63,10,26,LinearHeuristicAuction,0.1,0.01,,True,,1000,10800,cats_path_g10b50,,False,CATS,50,paths,MultiMinded,1000,MaxIter,40.70999999996275,10.817572,14,1.05624,0.85327799999999998,10.621065999999999,3.7591398772259299,3.1275028037216077,10.750644791052885,1,10,8,59,36
64,10,15,LinearHeuristicAuction,0.1,0.01,,True,,1000,10800,cats_path_g10b50,,False,CATS,50,paths,MultiMinded,617,Balance,27.039999999979045,4.3252115,8,1.18924,0.88682499999999997,4.2922855,3.6624470531946449,3.0213179048880732,3.7253599824938197,1,10,16,66,25
65,10,35,LinearHeuristicAuction,0.1,0.01,,True,,1000,10800,cats_path_g10b50,,False,CATS,50,paths,MultiMinded,1000,MaxIter,45.589999999967404,9.498291,9,1.37422,0.81186400000000003,9.402953000000002,5.5952661122233716,5.0246519078359055,9.7594918411045555,1,10,6,74,45
66,10,22,LinearHeuristicAuction,0.1,0.01,,True,,1000,10800,cats_path_g10b50,,False,CATS,50,paths,MultiMinded,1000,MaxIter,41.320000000006985,6.527464,7,1.20805,0.92267349999999992,6.138204,4.69219735471831,4.0463259047183087,6.4605095868437594,1,10,12,66,32
67,10,31,LinearHeuristicAuction,0.1,0.01,,True,,1000,10800,cats_path_g10b50,,False,CATS,50,paths,MultiMinded,1000,MaxIter,43.88000000000466,4.99912,7,0.980804,0.62215900000000002,4.744867,4.3483905614366289,3.912879261436629,4.8642509214764651,1,10,10,73,41
68,10,21,LinearHeuristicAuction,0.1,0.01,,True,,1000,10800,cats_path_g10b50,,False,CATS,50,paths,MultiMinded,1000,MaxIter,42.12999999994645,4.354444,6,1.10844,0.58718800000000004,4.1948300000000005,3.8554985157630517,3.5031857157630522,4.0457012253836382,1,10,14,67,31
69,10,31,LinearHeuristicAuction,0.1,0.01,,True,,1000,10800,cats_path_g10b50,,False,CATS,50,paths,MultiMinded,1000,MaxIter,45.320000000006985,4.638021,7,0.932286,0.72681200000000001,4.4459219999999995,4.0269588267533951,2.8633927304260753,3.8165106092352663,1,10,10,72,41
70,10,32,LinearHeuristicAuction,0.1,0.01,,True,,1000,10800,cats_path_g10b50,,False,CATS,50,paths,MultiMinded,1000,MaxIter,44.54000000003725,5.529561,9,0.883645,0.71283099999999999,5.353129,4.6258309643401239,3.117600028581565,4.5663483665841849,1,10,5,73,42
71,10,29,LinearHeuristicAuction,0.1,0.01,,True,,1000,10800,cats_path_g10b50,,False,CATS,50,paths,MultiMinded,1000,MaxIter,43.84999999997672,3.8155849999999996,6,0.722118,0.584781,3.612256,2.9354180861036818,2.2717431918613675,3.557544126635527,1,10,11,72,39
72,10,23,LinearHeuristicAuction,0.1,0.01,,True,,1000,10800,cats_path_g10b50,,False,CATS,50,paths,MultiMinded,1000,MaxIter,40.570000000006985,4.337076,9,1.09941,0.63108900000000001,4.004491,3.5567420949236341,2.8424695456242621,4.065448894691948,1,10,4,63,33
73,10,23,LinearHeuristicAuction,0.1,0.01,,True,,1000,10800,cats_path_g10b50,,False,CATS,50,paths,MultiMinded,638,Balance,26.369999999995343,4.733565,7,1.17805,0.79788950000000003,4.715386,4.3569452625062279,3.798422612506227,4.2845025474184766,1,10,8,64,33
74,10,28,LinearHeuristicAuction,0.1,0.01,,True,,1000,10800,cats_path_g10b50,,False,CATS,50,paths,MultiMinded,1000,MaxIter,43.70000000001164,4.250006,7,0.944433,0.60220899999999999,4.178646,4.0473771272209795,2.8505510136193593,3.1661029499187059,1,10,9,73,38
75,10,23,LinearHeuristicAuction,0.1,0.01,,True,,1000,10800,cats_path_g10b50,,False,CATS,50,paths,MultiMinded,1000,MaxIter,42.48999999999069,4.765222,7,0.954458,0.87700599999999995,4.542153,4.0719353470726016,3.4580311470726013,4.6825296311896549,1,10,9,67,33
76,10,29,LinearHeuristicAuction,0.1,0.01,,True,,1000,10800,cats_path_g10b50,,False,CATS,50,paths,MultiMinded,617,Balance,27.830000000016298,6.904471,10,1.28641,1.1137699999999999,6.857776,5.5897761592034749,4.5873831592034744,5.9216374967698471,1,9,2,76,39
77,10,20,LinearHeuristicAuction,0.1,0.01,,True,,1000,10800,cats_path_g10b50,,False,CATS,50,paths,MultiMinded,1000,MaxIter,41.460000000020955,3.7830920000000003,7,0.987819,0.58873500000000001,3.7830920000000003,3.0444300603160031,2.6323155603160036,3.6568812489777582,1,10,3,65,30
78,10,31,LinearHeuristicAuction,0.1,0.01,,True,,1000,10800,cats_path_g10b50,,False,CATS,50,paths,MultiMinded,815,Balance,38.65999999997439,6.355665,9,1.59706,0.92678550000000004,6.355665,6.0713341190841819,5.2372271690841838,5.6140042137639883,1,10,1,80,41
79,10,26,LinearHeuristicAuction,0.1,0.01,,True,,1000,10800,cats_path_g10b50,,False,CATS,50,paths,MultiMinded,1000,MaxIter,41.960000000020955,6.17396,8,1.51269,0.757185,6.063518,4.2165823005920018,3.6108343005920021,6.3301161745155818,1,10,7,66,36
80,10,28,LinearHeuristicAuction,0.1,0.01,,True,,1000,10800,cats_path_g10b50,,False,CATS,50,paths,MultiMinded,1000,MaxIter,43.36000000004424,6.124957,9,1.1598,0.90218600000000004,5.888922000000001,5.3504579061931121,4.5384905061931118,5.6237479647397768,1,10,6,69,38
81,10,27,LinearHeuristicAuction,0.1,0.01,,True,,1000,10800,cats_path_g10b50,,False,CATS,50,paths,MultiMinded,1000,MaxIter,43.990000000048894,6.033706,7,1.09603,0.84438299999999999,6.033706,4.6376225418392423,4.046554441839243,5.818288523904485,1,10,2,73,37
82,10,40,LinearHeuristicAuction,0.1,0.01,,True,,1000,10800,cats_path_g10b50,,False,CATS,50,paths,MultiMinded,1000,MaxIter,47.90000000002328,7.125598999999999,10,1.12357,0.66202150000000004,6.644874,5.9981519187682402,5.3361304187682412,7.0131844331566153,1,10,5,77,50
83,10,29,LinearHeuristicAuction,0.1,0.01,,True,,1000,10800,cats_path_g10b50,,False,CATS,50,paths,MultiMinded,1000,MaxIter,43.54000000003725,4.406853099999999,9,0.788029,0.64298299999999997,4.3152341,3.9739065109198162,3.4160600833440133,3.9443516099600169,1,10,2,71,39
84,10,23,LinearHeuristicAuction,0.1,0.01,,True,,1000,10800,cats_path_g10b50,,False,CATS,50,paths,MultiMinded,1000,MaxIter,40.79000000003725,4.1736754000000005,8,0.851051,0.68298999999999999,4.0047025,2.8264943055696774,1.570571208943798,3.0307451497198805,1,10,5,63,33
85,10,26,LinearHeuristicAuction,0.1,0.01,,True,,1000,10800,cats_path_g10b50,,False,CATS,50,paths,MultiMinded,1000,MaxIter,40.22000000003027,6.722310500000001,10,1.11978,0.81925350000000008,6.6316215000000005,5.8099763451574775,4.7833865085317155,6.04112483603142,1,10,4,64,36
86,10,25,LinearHeuristicAuction,0.1,0.01,,True,,1000,10800,cats_path_g10b50,,False,CATS,50,paths,MultiMinded,1000,MaxIter,42.42000000004191,6.8755869999999994,10,1.01302,0.62419199999999997,6.8755869999999994,2.6318527895469219,2.1448803438807911,6.67632898205476,1,10,2,66,35
87,10,19,LinearHeuristicAuction,0.1,0.01,,True,,1000,10800,cats_path_g10b50,,False,CATS,50,paths,MultiMinded,1000,MaxIter,42.54000000003725,7.4913935,11,0.90213,0.84762199999999999,7.3607544,2.7739550106312234,2.2381222241576531,7.3733759244989443,1,9,6,60,29
88,10,24,LinearHeuristicAuction,0.1,0.01,,True,,1000,10800,cats_path_g10b50,,False,CATS,50,paths,MultiMinded,1000,MaxIter,42.76000000000931,6.671337600000001,8,1.23763,0.97929250000000001,6.1443806,5.1020773050748289,4.3532988698770811,6.3236369260054239,1,10,6,69,34
89,10,30,LinearHeuristicAuction,0.1,0.01,,True,,1000,10800,cats_path_g10b50,,False,CATS,50,paths,MultiMinded,1000,MaxIter,43.48999999999069,4.893484,9,0.957818,0.66029399999999994,4.893484,3.8037302792379686,3.0123908580289265,4.2905163383577625,1,9,9,71,40
90,10,24,LinearHeuristicAuction,0.1,0.01,,True,,1000,10800,cats_path_g10b50,,False,CATS,50,paths,MultiMinded,1000,MaxIter,40.73999999999069,4.9815499999999995,7,1.03037,0.59696149999999992,4.951772999999999,3.6596562479098056,3.2417831979098044,5.1589240192997536,1,10,4,65,34
91,10,26,LinearHeuristicAuction,0.1,0.01,,True,,1000,10800,cats_path_g10b50,,False,CATS,50,paths,MultiMinded,1000,MaxIter,41.73999999999069,5.608700000000001,8,1.15219,0.65921200000000002,5.315985,3.8344028791822837,2.8046920354348623,5.5296405587143962,1,10,7,67,36
92,10,29,LinearHeuristicAuction,0.1,0.01,,True,,1000,10800,cats_path_g10b50,,False,CATS,50,paths,MultiMinded,508,Balance,22.080000000016298,6.734538,7,1.30249,1.03973,6.734538,6.0566676863963131,5.3288566863963132,6.2842710450084507,1,10,7,71,39
93,10,36,LinearHeuristicAuction,0.1,0.01,,True,,1000,10800,cats_path_g10b50,,False,CATS,50,paths,MultiMinded,976,Balance,46.20000000001164,5.941976,7,1.19352,0.81540649999999992,5.927713,5.6392919530242605,5.0685074030242605,5.4811279508794959,1,10,5,79,46
94,10,36,LinearHeuristicAuction,0.1,0.01,,True,,1000,10800,cats_path_g10b50,,False,CATS,50,paths,MultiMinded,1000,MaxIter,46.55999999999767,6.659274999999999,9,1.32087,0.72828700000000002,6.573074,6.1334565275179065,5.4779982275179089,6.0820357795270663,1,10,2,77,46
95,10,20,LinearHeuristicAuction,0.1,0.01,,True,,1000,10800,cats_path_g10b50,,False,CATS,50,paths,MultiMinded,536,Balance,22.099999999976717,5.242984999999999,7,0.986125,0.95783799999999997,5.242984999999999,3.7033436340587187,3.1259161963365369,4.812376486071213,1,10,14,63,30
96,10,27,LinearHeuristicAuction,0.1,0.01,,True,,1000,10800,cats_path_g10b50,,False,CATS,50,paths,MultiMinded,900,Balance,38.60999999998603,5.968370999999999,9,1.36717,0.912686,5.926881,5.3243126586550309,4.5028952586550313,5.2774150713795374,1,10,2,70,37
97,10,40,LinearHeuristicAuction,0.1,0.01,,True,,1000,10800,cats_path_g10b50,,False,CATS,50,paths,MultiMinded,1000,MaxIter,48.15000000002328,5.874736,9,1.39812,0.64802099999999996,5.874736,5.4110605484849144,4.8278416484849149,5.4801059480274343,1,10,1,83,50
98,10,29,LinearHeuristicAuction,0.1,0.01,,True,,1000,10800,cats_path_g10b50,,False,CATS,50,paths,MultiMinded,1000,MaxIter,43.84999999997672,8.221217,8,1.32075,0.95510399999999995,7.975545,6.6835876847349898,4.2714543799422025,6.2213894292302792,1,10,7,70,39
99,10,24,LinearHeuristicAuction,0.1,0.01,,True,,1000,10800,cats_path_g10b50,,False,CATS,50,paths,MultiMinded,1000,MaxIter,40.72999999998137,4.068553,8,0.837895,0.57574999999999998,4.03372,3.1900375502297083,2.7294375502297088,4.2042268562611671,1,10,6,65,34
100,10,26,LinearHeuristicAuction,0.1,0.01,,True,,1000,10800,cats_path_g10b50,,False,CATS,50,paths,MultiMinded,1000,MaxIter,42.710000000020955,5.4685310000000005,9,1.22663,0.78226099999999998,5.224669,4.4380107617153683,2.9235298743069555,4.3363622395732406,1,10,5,68,36
