idx,items,agents,auction_class,epsilon,stepc,epoch,scalebyvalue,reserve_type,maxiter,maxtime,generator_param_name,personalized,bidding_strategy,heuristic_pool_num,int_prices,generator,bids,distribution,type,rounds,status,runtime,efficient_value,final_num_winners,final_max_agent_value,final_scalevalue,final_value,final_total_price,final_revenue,final_indirect_util,final_price_degree,final_price_sparsity,final_imbalance,final_wd_nvars,final_wd_ncons
1,30,36,AdaptiveCuttingAuction,0.05,0.02,10,True,,1000,3600,cats_reg_g30b150,True,default,2,False,CATS,150,regions,MultiMinded,39,Balance,11.119999999995343,2502.8085,9,1712.02,630.28700000000003,2502.8085,2048.208731533929,1830.6321588189958,2308.0285008552955,26,46,18,75,66
2,30,38,AdaptiveCuttingAuction,0.05,0.02,10,True,,1000,3600,cats_reg_g30b150,True,default,2,False,CATS,150,regions,MultiMinded,60,Balance,17.929999999993015,2067.4249,5,1460.04,478.96600000000001,2067.4249,2032.2307176689237,1926.8581976689234,1984.3800467872031,7,48,28,83,68
3,30,36,AdaptiveCuttingAuction,0.05,0.02,10,True,,1000,3600,cats_reg_g30b150,True,default,2,False,CATS,150,regions,MultiMinded,49,Balance,10.479999999981374,2226.2472000000002,3,1961.0,494.50999999999999,2226.2472000000002,2196.0572667769907,2126.8258667769906,2183.6860938110353,25,39,9,75,66
4,30,38,AdaptiveCuttingAuction,0.05,0.02,10,True,,1000,3600,cats_reg_g30b150,True,default,2,False,CATS,150,regions,MultiMinded,71,Balance,14.570000000006985,2004.9491999999998,11,1505.7,557.86300000000006,2004.9491999999998,1885.4595011234653,1584.213481123465,1705.9012423598442,1,30,5,81,68
5,30,35,AdaptiveCuttingAuction,0.05,0.02,10,True,,1000,3600,cats_reg_g30b150,True,default,2,False,CATS,150,regions,MultiMinded,90,Balance,15.220000000001164,1864.626,2,1703.97,505.12049999999999,1813.7730000000001,1763.618873407077,1713.1068234070772,1787.5045031126638,1,30,1,74,65
6,30,35,AdaptiveCuttingAuction,0.05,0.02,10,True,,1000,3600,cats_reg_g30b150,True,default,2,False,CATS,150,regions,MultiMinded,321,Balance,92.11000000001513,2116.0368,7,1959.83,614.52500000000009,2051.8168,2053.8977819550087,1838.8140319550089,1870.3235846788855,11,41,29,79,65
7,30,35,AdaptiveCuttingAuction,0.05,0.02,10,True,,1000,3600,cats_reg_g30b150,True,default,2,False,CATS,150,regions,MultiMinded,75,Balance,16.080000000016298,2031.9575,6,1330.11,558.39999999999998,2031.9575,1901.6445193735876,1750.8765193735876,1885.6605754595289,7,42,20,75,65
8,30,35,AdaptiveCuttingAuction,0.05,0.02,10,True,,1000,3600,cats_reg_g30b150,True,default,2,False,CATS,150,regions,MultiMinded,82,Balance,17.79000000000815,2027.57669,8,1379.5,642.28750000000002,2027.57669,1737.7719748154987,1543.7461326272221,1885.4106716930619,13,43,61,75,65
9,30,36,AdaptiveCuttingAuction,0.05,0.02,10,True,,1000,3600,cats_reg_g30b150,True,default,2,False,CATS,150,regions,MultiMinded,289,Balance,89.67999999999302,1859.5272999999997,8,1542.29,443.88650000000001,1859.5272999999997,1763.8468526480206,1630.6809026480207,1752.0035115941384,11,49,31,85,66
10,30,34,AdaptiveCuttingAuction,0.05,0.02,10,True,,1000,3600,cats_reg_g30b150,True,default,2,False,CATS,150,regions,MultiMinded,196,Balance,49.029999999998836,2566.974,5,2112.56,626.02300000000002,2566.974,2405.3057418909998,2248.7999918910004,2425.4721580967753,7,44,52,76,64
11,30,36,AdaptiveCuttingAuction,0.05,0.02,10,True,,1000,3600,cats_reg_g30b150,True,default,2,False,CATS,150,regions,MultiMinded,37,Balance,9.279999999998836,2431.6115,4,2098.81,721.22149999999999,2431.6115,2208.3878672024966,2100.2046422024964,2361.4076854538062,1,28,45,76,66
12,30,32,AdaptiveCuttingAuction,0.05,0.02,10,True,,1000,3600,cats_reg_g30b150,True,default,2,False,CATS,150,regions,MultiMinded,575,Balance,145.8299999999872,1865.81568,4,1645.15,855.13049999999998,1793.98938,1744.4824553474559,1630.342805957933,1742.6940440047381,13,42,50,81,62
13,30,35,AdaptiveCuttingAuction,0.05,0.02,10,True,,1000,3600,cats_reg_g30b150,True,default,2,False,CATS,150,regions,MultiMinded,90,Balance,23.110000000015134,1773.5022000000001,6,1494.31,678.60900000000004,1773.5022000000001,1687.7572921628864,1524.8911321628866,1657.1256215921933,11,46,2,84,65
14,30,32,AdaptiveCuttingAuction,0.05,0.02,10,True,,1000,3600,cats_reg_g30b150,True,default,2,False,CATS,150,regions,MultiMinded,124,Balance,26.45999999999185,1980.1873000000003,6,1559.99,631.08900000000006,1980.1873000000003,1781.7569012887782,1630.2955412887782,1842.8969601416816,26,43,28,72,62
15,30,36,AdaptiveCuttingAuction,0.05,0.02,10,True,,1000,3600,cats_reg_g30b150,True,default,2,False,CATS,150,regions,MultiMinded,26,Balance,4.6600000000034925,2512.4141000000004,3,2312.23,781.00699999999995,2512.4141000000004,2381.8090106555974,2295.8982406555974,2472.3175726121799,1,29,31,70,66
16,30,34,AdaptiveCuttingAuction,0.05,0.02,10,True,,1000,3600,cats_reg_g30b150,True,default,2,False,CATS,150,regions,MultiMinded,131,Balance,31.970000000001164,1929.452,4,1789.44,584.255,1909.1155,1856.5595744033403,1786.4489744033406,1855.3981208894536,25,45,26,80,64
17,30,33,AdaptiveCuttingAuction,0.05,0.02,10,True,,1000,3600,cats_reg_g30b150,True,default,2,False,CATS,150,regions,MultiMinded,88,Balance,19.94000000000233,1934.7395999999999,5,1626.95,730.93200000000002,1840.0255000000002,1785.0950416142725,1602.3620416142726,1714.3445239276205,25,46,78,78,63
18,30,34,AdaptiveCuttingAuction,0.05,0.02,10,True,,1000,3600,cats_reg_g30b150,True,default,2,False,CATS,150,regions,MultiMinded,41,Balance,9.989999999990687,2504.1384,4,1818.33,781.33600000000001,2504.1384,2390.5468351353124,2242.0929951353123,2402.4509028337875,1,29,27,74,64
19,30,36,AdaptiveCuttingAuction,0.05,0.02,10,True,,1000,3600,cats_reg_g30b150,True,default,2,False,CATS,150,regions,MultiMinded,26,Balance,5.850000000005821,2560.7110000000002,12,1508.06,549.71399999999994,2554.963,2073.1245116491709,1814.7589316491715,2328.3301950711211,1,28,19,71,66
20,30,37,AdaptiveCuttingAuction,0.05,0.02,10,True,,1000,3600,cats_reg_g30b150,True,default,2,False,CATS,150,regions,MultiMinded,107,Balance,38.80999999999767,1801.7813999999998,8,1490.47,395.125,1753.5685,1669.2124295258261,1536.9183120489611,1640.5974471171623,8,49,11,89,67
21,30,33,AdaptiveCuttingAuction,0.05,0.02,10,True,,1000,3600,cats_reg_g30b150,True,default,2,False,CATS,150,regions,MultiMinded,101,Balance,18.620000000024447,1553.7635,3,1374.19,778.39550000000008,1553.7635,1477.9334216140037,1365.4866616231702,1457.611496922925,1,30,30,73,63
22,30,38,AdaptiveCuttingAuction,0.05,0.02,10,True,,1000,3600,cats_reg_g30b150,True,default,2,False,CATS,150,regions,MultiMinded,133,Balance,39.18000000002212,2312.252,6,2123.59,638.69949999999994,2312.252,2322.4682632007607,2130.8584132007604,2166.940336321878,21,48,51,87,68
23,30,38,AdaptiveCuttingAuction,0.05,0.02,10,True,,1000,3600,cats_reg_g30b150,True,default,2,False,CATS,150,regions,MultiMinded,53,Balance,13.330000000016298,2354.8725,7,1818.1,597.00800000000004,2354.8725,2073.959868742405,1925.2032132762572,2206.8363231814724,25,42,13,79,68
24,30,35,AdaptiveCuttingAuction,0.05,0.02,10,True,,1000,3600,cats_reg_g30b150,True,default,2,False,CATS,150,regions,MultiMinded,75,Balance,17.5,1892.4884,10,1241.36,538.58849999999995,1892.4884,1684.7833567773323,1438.3721328100924,1722.1477074126078,25,45,58,77,65
25,30,33,AdaptiveCuttingAuction,0.05,0.02,10,True,,1000,3600,cats_reg_g30b150,True,default,2,False,CATS,150,regions,MultiMinded,154,Balance,34.110000000015134,1741.0822999999998,4,1538.41,861.41849999999999,1692.8544000000002,1591.6237205364482,1508.0067932737095,1675.4220720195613,14,46,83,73,63
26,30,34,AdaptiveCuttingAuction,0.05,0.02,10,True,,1000,3600,cats_reg_g30b150,True,default,2,False,CATS,150,regions,MultiMinded,454,Balance,113.73000000001048,2008.668,3,1919.5,424.82100000000003,2008.668,1954.4066682359037,1918.6613220380946,2011.0916997779311,9,45,28,75,64
27,30,32,AdaptiveCuttingAuction,0.05,0.02,10,True,,1000,3600,cats_reg_g30b150,True,default,2,False,CATS,150,regions,MultiMinded,72,Balance,18.230000000010477,2175.2061,3,1890.21,644.31150000000002,1960.706,1974.0083463426622,1877.3616213426624,1880.1192883866431,9,38,15,73,62
28,30,37,AdaptiveCuttingAuction,0.05,0.02,10,True,,1000,3600,cats_reg_g30b150,True,default,2,False,CATS,150,regions,MultiMinded,106,Balance,25.669999999983702,2040.43179,10,1615.6,517.23699999999997,2031.7835999999998,1894.9710097919872,1677.7314697919871,1847.5264686222115,8,41,10,79,67
29,30,33,AdaptiveCuttingAuction,0.05,0.02,10,True,,1000,3600,cats_reg_g30b150,True,default,2,False,CATS,150,regions,MultiMinded,525,Balance,119.40000000002328,2111.632,9,1854.64,708.57899999999995,2111.632,1943.5826420217163,1631.8078820217165,1829.5657514188549,13,44,46,79,63
30,30,35,AdaptiveCuttingAuction,0.05,0.02,10,True,,1000,3600,cats_reg_g30b150,True,default,2,False,CATS,150,regions,MultiMinded,222,Balance,75.9200000000128,2323.0769999999998,9,1594.17,462.18150000000003,2202.2282,1963.3820611726778,1778.5094611726772,2019.8862592128824,8,45,9,79,65
31,30,34,AdaptiveCuttingAuction,0.05,0.02,10,True,,1000,3600,cats_reg_g30b150,True,default,2,False,CATS,150,regions,MultiMinded,45,Balance,7.809999999997672,2659.4860000000003,6,2167.09,585.07799999999997,2659.4860000000003,2546.1279577469913,2399.858457746991,2536.4378172400311,1,27,6,72,64
32,30,37,AdaptiveCuttingAuction,0.05,0.02,10,True,,1000,3600,cats_reg_g30b150,True,default,2,False,CATS,150,regions,MultiMinded,314,Balance,100.17999999999302,1999.8556999999998,8,1545.46,522.50199999999995,1910.9342000000001,1848.2979031147997,1653.1648525013907,1748.5133285064621,7,44,21,87,67
33,30,37,AdaptiveCuttingAuction,0.05,0.02,10,True,,1000,3600,cats_reg_g30b150,True,default,2,False,CATS,150,regions,MultiMinded,60,Balance,15.639999999984866,1805.9524000000001,4,1582.17,487.50400000000002,1805.9524000000001,1632.250495190706,1559.3496727732345,1747.1251968890328,9,43,1,82,67
34,30,39,AdaptiveCuttingAuction,0.05,0.02,10,True,,1000,3600,cats_reg_g30b150,True,default,2,False,CATS,150,regions,MultiMinded,140,Balance,40.33999999999651,1983.6001999999999,8,1564.76,623.41200000000003,1983.6001999999999,1981.5133226490341,1740.4169317024448,1780.3784493172636,15,45,24,84,69
35,30,38,AdaptiveCuttingAuction,0.05,0.02,10,True,,1000,3600,cats_reg_g30b150,True,default,2,False,CATS,150,regions,MultiMinded,93,Balance,29.410000000003492,2341.4052,8,1755.59,637.298,2341.4052,2219.6974205121555,1990.2701405121554,2174.2461149815704,26,43,26,86,68
36,30,33,AdaptiveCuttingAuction,0.05,0.02,10,True,,1000,3600,cats_reg_g30b150,True,default,2,False,CATS,150,regions,MultiMinded,118,Balance,30.470000000001164,2136.9992,7,1693.26,587.83249999999998,2073.502,2086.140159902096,1880.3987849020966,1957.431844103123,27,46,64,81,63
37,30,34,AdaptiveCuttingAuction,0.05,0.02,10,True,,1000,3600,cats_reg_g30b150,True,default,2,False,CATS,150,regions,MultiMinded,95,Balance,18.93000000002212,1991.3467,4,1812.59,701.23299999999995,1991.3467,1892.5666449503203,1785.2477175966271,1953.1740656229324,23,45,28,70,64
38,30,40,AdaptiveCuttingAuction,0.05,0.02,10,True,,1000,3600,cats_reg_g30b150,True,default,2,False,CATS,150,regions,MultiMinded,46,Balance,15.299999999988358,2724.0288,6,2153.9,576.38300000000004,2724.0288,2390.7900572318576,2252.4581372318585,2618.9912802586286,5,41,9,88,70
39,30,30,AdaptiveCuttingAuction,0.05,0.02,10,True,,1000,3600,cats_reg_g30b150,True,default,2,False,CATS,150,regions,MultiMinded,167,Balance,27.660000000003492,1968.0602,1,1918.66,764.726,1918.66,1953.5420821118053,1915.3057821118052,1952.7538239792611,1,30,28,68,60
40,30,33,AdaptiveCuttingAuction,0.05,0.02,10,True,,1000,3600,cats_reg_g30b150,True,default,2,False,CATS,150,regions,MultiMinded,42,Balance,9.870000000024447,1942.0583000000001,3,1674.34,688.69799999999998,1942.0583000000001,1895.0236729541634,1791.7189729541633,1839.3835578604753,1,30,3,71,63
41,30,35,AdaptiveCuttingAuction,0.05,0.02,10,True,,1000,3600,cats_reg_g30b150,True,default,2,False,CATS,150,regions,MultiMinded,63,Balance,18.95999999999185,1877.7214099999999,7,1423.29,646.35299999999995,1831.2470099999998,1788.1067558582845,1621.6482928905775,1754.3974106230676,12,44,71,78,65
42,30,32,AdaptiveCuttingAuction,0.05,0.02,10,True,,1000,3600,cats_reg_g30b150,True,default,2,False,CATS,150,regions,MultiMinded,114,Balance,26.75,2111.841,4,1703.5,646.17399999999998,2111.841,2074.9113361323916,1977.9852361323915,2048.1166615293873,11,43,62,74,62
43,30,40,AdaptiveCuttingAuction,0.05,0.02,10,True,,1000,3600,cats_reg_g30b150,True,default,2,False,CATS,150,regions,MultiMinded,96,Balance,29.769999999989523,2446.7208,6,1927.69,685.90899999999999,2446.7208,2093.3401293395364,1942.4401493395362,2299.2915542456549,10,40,2,83,70
44,30,35,AdaptiveCuttingAuction,0.05,0.02,10,True,,1000,3600,cats_reg_g30b150,True,default,2,False,CATS,150,regions,MultiMinded,156,Balance,39.19999999998254,1711.1515999999997,6,1299.51,651.40899999999999,1607.6064999999999,1519.2205956323864,1343.3401656323865,1486.6774165666027,26,45,72,81,65
45,30,38,AdaptiveCuttingAuction,0.05,0.02,10,True,,1000,3600,cats_reg_g30b150,True,default,2,False,CATS,150,regions,MultiMinded,103,Balance,28.779999999998836,2034.5094,6,1828.07,742.07299999999998,2034.5094,2034.5552736413783,1857.6927439298406,1872.1279063397644,13,47,17,90,68
46,30,31,AdaptiveCuttingAuction,0.05,0.02,10,True,,1000,3600,cats_reg_g30b150,True,default,2,False,CATS,150,regions,MultiMinded,32,Balance,6.489999999990687,2564.0325000000003,3,2373.4,807.26099999999997,2549.4987,2464.6288777319755,2367.7575577319753,2480.4509155917945,14,38,7,67,61
47,30,37,AdaptiveCuttingAuction,0.05,0.02,10,True,,1000,3600,cats_reg_g30b150,True,default,2,False,CATS,150,regions,MultiMinded,36,Balance,6.619999999995343,2233.1322,7,1669.44,664.97900000000004,2233.1322,1891.7353916870472,1741.5446548919804,2133.6930718795702,1,29,53,73,67
48,30,35,AdaptiveCuttingAuction,0.05,0.02,10,True,,1000,3600,cats_reg_g30b150,True,default,2,False,CATS,150,regions,MultiMinded,90,Balance,17.45999999999185,2069.4358,7,1826.01,556.24350000000004,2069.4358,1893.0494510530878,1707.0238655058679,1904.1817925029914,7,48,30,79,65
49,30,30,AdaptiveCuttingAuction,0.05,0.02,10,True,,1000,3600,cats_reg_g30b150,True,default,2,False,CATS,150,regions,MultiMinded,41,Balance,7.85999999998603,1979.7895999999998,6,1594.07,673.82600000000002,1979.7895999999998,1907.0393326137307,1749.7577226843462,1891.877599897346,1,30,54,69,60
50,30,33,AdaptiveCuttingAuction,0.05,0.02,10,True,,1000,3600,cats_reg_g30b150,True,default,2,False,CATS,150,regions,MultiMinded,104,Balance,30.489999999990687,2110.6722999999997,7,1335.35,460.47550000000001,2110.6722999999997,1904.4741593569079,1766.3315093569076,2013.2472199636488,9,41,43,79,63
51,30,37,AdaptiveCuttingAuction,0.05,0.02,10,True,,1000,3600,cats_reg_g30b150,True,default,2,False,CATS,150,regions,MultiMinded,24,Balance,7.490000000019791,2245.4244000000003,6,1882.26,597.73699999999997,2245.4244000000003,2174.8477182196257,2025.4134682196257,2122.3637441278124,8,41,25,79,67
52,30,32,AdaptiveCuttingAuction,0.05,0.02,10,True,,1000,3600,cats_reg_g30b150,True,default,2,False,CATS,150,regions,MultiMinded,149,Balance,33.20999999999185,1756.6213,6,1409.87,556.45500000000004,1756.6213,1636.2091557195363,1485.9663057195362,1611.2019969215526,10,40,19,71,62
53,30,34,AdaptiveCuttingAuction,0.05,0.02,10,True,,1000,3600,cats_reg_g30b150,True,default,2,False,CATS,150,regions,MultiMinded,238,Balance,53.44999999998254,2325.6629000000003,8,1796.97,570.23000000000002,2279.8698999999997,2115.3756705892179,1915.7951705892178,2110.8679084471696,9,32,15,78,64
54,30,37,AdaptiveCuttingAuction,0.05,0.02,10,True,,1000,3600,cats_reg_g30b150,True,default,2,False,CATS,150,regions,MultiMinded,44,Balance,13.839999999996508,2355.424,6,2152.9,670.553,2355.424,2243.161630048899,2115.7565600488992,2235.937387736622,25,41,22,83,67
55,30,33,AdaptiveCuttingAuction,0.05,0.02,10,True,,1000,3600,cats_reg_g30b150,True,default,2,False,CATS,150,regions,MultiMinded,206,Balance,46.48000000001048,2078.1524999999997,10,1352.37,548.28150000000005,2078.1524999999997,2011.9412871730051,1753.0162028178734,1839.5539204891686,22,46,29,78,63
56,30,39,AdaptiveCuttingAuction,0.05,0.02,10,True,,1000,3600,cats_reg_g30b150,True,default,2,False,CATS,150,regions,MultiMinded,75,Balance,18.64999999999418,1893.3772000000004,9,1498.24,591.42200000000003,1893.3772000000004,1700.8194039461059,1464.2506039461059,1668.8751466993967,8,42,13,85,69
57,30,36,AdaptiveCuttingAuction,0.05,0.02,10,True,,1000,3600,cats_reg_g30b150,True,default,2,False,CATS,150,regions,MultiMinded,55,Balance,14.959999999991851,1899.5301999999997,6,1604.44,621.16750000000002,1848.6581999999999,1802.2597343771781,1615.9094843771777,1699.7370876247744,11,43,30,80,66
58,30,36,AdaptiveCuttingAuction,0.05,0.02,10,True,,1000,3600,cats_reg_g30b150,True,default,2,False,CATS,150,regions,MultiMinded,279,Balance,84.29000000000815,2429.6093,6,2057.42,832.86300000000006,2429.6093,2279.7931325275658,2071.5773825275655,2234.4511976293511,13,45,25,83,66
59,30,39,AdaptiveCuttingAuction,0.05,0.02,10,True,,1000,3600,cats_reg_g30b150,True,default,2,False,CATS,150,regions,MultiMinded,147,Balance,43.54999999998836,2064.9126,3,1772.9,622.28800000000001,2039.5116,1961.7162529565517,1868.3730529565519,1976.8089217630957,22,47,25,86,69
60,30,35,AdaptiveCuttingAuction,0.05,0.02,10,True,,1000,3600,cats_reg_g30b150,True,default,2,False,CATS,150,regions,MultiMinded,46,Balance,7.850000000005821,1956.0875,3,1842.74,450.80399999999997,1936.1575,1871.6934039982791,1840.1371239982791,1924.538543998279,10,35,26,75,65
61,30,37,AdaptiveCuttingAuction,0.05,0.02,10,True,,1000,3600,cats_reg_g30b150,True,default,2,False,CATS,150,regions,MultiMinded,334,Balance,98.44000000000233,1951.6029999999998,7,1560.47,530.9905,1951.6029999999998,1764.6573611042218,1584.1205911042223,1774.5170153849742,9,45,27,84,67
62,30,34,AdaptiveCuttingAuction,0.05,0.02,10,True,,1000,3600,cats_reg_g30b150,True,default,2,False,CATS,150,regions,MultiMinded,167,Balance,39.1699999999837,1978.0167,7,1737.89,582.94900000000007,1977.3040999999998,1827.020218145896,1646.3060281458961,1839.7681245204315,1,30,35,78,64
63,30,30,AdaptiveCuttingAuction,0.05,0.02,10,True,,1000,3600,cats_reg_g30b150,True,default,2,False,CATS,150,regions,MultiMinded,79,Balance,15.779999999998836,2547.4234,5,1821.34,869.476,2547.4234,2363.0867792001077,2189.1915792001078,2470.6973943496455,1,29,66,69,60
64,30,34,AdaptiveCuttingAuction,0.05,0.02,10,True,,1000,3600,cats_reg_g30b150,True,default,2,False,CATS,150,regions,MultiMinded,78,Balance,17.869999999995343,2427.9729,8,1844.14,792.92899999999997,2427.9729,2189.1736489872765,1893.0216794163209,2138.7863333654177,8,34,17,75,64
65,30,36,AdaptiveCuttingAuction,0.05,0.02,10,True,,1000,3600,cats_reg_g30b150,True,default,2,False,CATS,150,regions,MultiMinded,103,Balance,26.989999999990687,2209.3287,9,1779.98,732.52250000000004,2134.5853,1925.0201780784896,1661.3120780784895,1903.5616706872322,26,45,55,77,66
66,30,30,AdaptiveCuttingAuction,0.05,0.02,10,True,,1000,3600,cats_reg_g30b150,True,default,2,False,CATS,150,regions,MultiMinded,42,Balance,6.5899999999965075,2387.3904,2,2290.03,553.03500000000008,2387.3904,2289.8171796093957,2251.1047296093957,2373.1065415424191,1,29,2,64,60
67,30,41,AdaptiveCuttingAuction,0.05,0.02,10,True,,1000,3600,cats_reg_g30b150,True,default,2,False,CATS,150,regions,MultiMinded,1000,MaxIter,360.679999999993,2130.5865999999996,8,1569.3,447.20299999999997,2107.1669,1982.9575353677396,1757.3431237857103,1932.7400298446514,18,44,54,95,71
68,30,34,AdaptiveCuttingAuction,0.05,0.02,10,True,,1000,3600,cats_reg_g30b150,True,default,2,False,CATS,150,regions,MultiMinded,47,Balance,7.970000000001164,1871.0335999999998,7,1491.62,623.48450000000003,1804.1255,1745.7219638763779,1543.5191701128833,1657.7069338636124,1,30,16,74,64
69,30,34,AdaptiveCuttingAuction,0.05,0.02,10,True,,1000,3600,cats_reg_g30b150,True,default,2,False,CATS,150,regions,MultiMinded,48,Balance,9.099999999976717,2248.1536,8,1918.69,909.28949999999998,2248.1536,2209.8004858808545,1882.4562658808545,1976.4736763274898,1,29,36,71,64
70,30,32,AdaptiveCuttingAuction,0.05,0.02,10,True,,1000,3600,cats_reg_g30b150,True,default,2,False,CATS,150,regions,MultiMinded,127,Balance,23.329999999987194,2074.3614,8,1794.89,671.03600000000006,2062.3628,1924.0087735520385,1675.7254535520387,1822.3037511700918,1,30,32,70,62
71,30,30,AdaptiveCuttingAuction,0.05,0.02,10,True,,1000,3600,cats_reg_g30b150,True,default,2,False,CATS,150,regions,MultiMinded,1000,MaxIter,212.05999999999767,2107.4125,7,1919.92,672.68100000000004,2032.9072,2073.4535277589721,1717.0804869983162,1779.7738013704934,26,41,23,74,60
72,30,35,AdaptiveCuttingAuction,0.05,0.02,10,True,,1000,3600,cats_reg_g30b150,True,default,2,False,CATS,150,regions,MultiMinded,47,Balance,8.89000000001397,1946.4843000000003,8,1216.53,554.09649999999999,1917.7996999999998,1718.4942231676191,1535.642378167619,1800.6705487816821,1,29,44,73,65
73,30,35,AdaptiveCuttingAuction,0.05,0.02,10,True,,1000,3600,cats_reg_g30b150,True,default,2,False,CATS,150,regions,MultiMinded,1000,MaxIter,261.79000000000815,1852.6272999999999,8,1445.38,663.03899999999999,1814.038,1585.4387480510932,503.88708844543794,773.16957069520754,15,43,14,80,65
74,30,31,AdaptiveCuttingAuction,0.05,0.02,10,True,,1000,3600,cats_reg_g30b150,True,default,2,False,CATS,150,regions,MultiMinded,185,Balance,36.45999999999185,2020.0417,6,1744.34,781.83899999999994,2020.0417,1955.190254219229,1722.157473248878,1827.8982706551135,23,43,32,74,61
75,30,39,AdaptiveCuttingAuction,0.05,0.02,10,True,,1000,3600,cats_reg_g30b150,True,default,2,False,CATS,150,regions,MultiMinded,105,Balance,26.95999999999185,2549.9302,11,1890.83,637.39099999999996,2549.9302,2348.8730711217058,2032.1336972631207,2257.2866699470837,10,45,35,87,69
76,30,36,AdaptiveCuttingAuction,0.05,0.02,10,True,,1000,3600,cats_reg_g30b150,True,default,2,False,CATS,150,regions,MultiMinded,52,Balance,14.050000000017462,1970.4382,5,1633.82,405.01099999999997,1957.2915,1889.1200542198339,1787.8673042198338,1874.949782764279,20,46,28,73,66
77,30,34,AdaptiveCuttingAuction,0.05,0.02,10,True,,1000,3600,cats_reg_g30b150,True,default,2,False,CATS,150,regions,MultiMinded,84,Balance,14.369999999995343,1646.3148,2,1576.38,831.28949999999998,1646.3148,1662.9214654302266,1579.7925154302266,1579.7925154302266,1,30,28,74,64
78,30,34,AdaptiveCuttingAuction,0.05,0.02,10,True,,1000,3600,cats_reg_g30b150,True,default,2,False,CATS,150,regions,MultiMinded,93,Balance,23.19000000000233,2412.1546,7,1881.66,768.41550000000007,2345.1620999999996,2243.6620145276388,2013.1373645276385,2170.8291263361075,17,47,41,76,64
79,30,29,AdaptiveCuttingAuction,0.05,0.02,10,True,,1000,3600,cats_reg_g30b150,True,default,2,False,CATS,150,regions,MultiMinded,164,Balance,30.170000000012806,2267.359,4,2060.3,919.01300000000003,2256.911,2217.3026747784465,2042.6902047784467,2141.3721117561877,10,44,13,74,59
80,30,37,AdaptiveCuttingAuction,0.05,0.02,10,True,,1000,3600,cats_reg_g30b150,True,default,2,False,CATS,150,regions,MultiMinded,66,Balance,21.029999999998836,2112.5864,6,1592.54,576.49599999999998,2047.4059000000002,1906.9452408556751,1762.8212408556749,1925.6176441085463,25,54,51,79,67
81,30,33,AdaptiveCuttingAuction,0.05,0.02,10,True,,1000,3600,cats_reg_g30b150,True,default,2,False,CATS,150,regions,MultiMinded,73,Balance,12.559999999997672,1652.215,4,1316.69,725.81600000000003,1652.215,1654.8630437165825,1509.6998437165828,1526.1449002272925,1,30,49,71,63
82,30,35,AdaptiveCuttingAuction,0.05,0.02,10,True,,1000,3600,cats_reg_g30b150,True,default,2,False,CATS,150,regions,MultiMinded,92,Balance,28.720000000001164,2109.0315,7,1900.31,619.13249999999994,2109.0315,2069.7568917737967,1889.5063720602582,1970.3121333753102,12,44,39,79,65
83,30,32,AdaptiveCuttingAuction,0.05,0.02,10,True,,1000,3600,cats_reg_g30b150,True,default,2,False,CATS,150,regions,MultiMinded,65,Balance,11.930000000022119,2576.43019,7,2027.96,1059.6700000000001,2576.43019,2576.0949128031657,2226.5021904404398,2271.9754702713981,1,30,19,72,62
84,30,34,AdaptiveCuttingAuction,0.05,0.02,10,True,,1000,3600,cats_reg_g30b150,True,default,2,False,CATS,150,regions,MultiMinded,504,Balance,181.79000000000815,1983.6759000000002,6,1485.27,650.14099999999996,1943.082,1787.3246251126532,1601.2054285002953,1796.0198805701757,17,60,41,81,64
85,30,33,AdaptiveCuttingAuction,0.05,0.02,10,True,,1000,3600,cats_reg_g30b150,True,default,2,False,CATS,150,regions,MultiMinded,36,Balance,7.489999999990687,1650.3177,5,1136.81,534.83399999999995,1650.3177,1591.2543799473606,1473.5908999473604,1558.9746327429036,26,46,7,73,63
86,30,37,AdaptiveCuttingAuction,0.05,0.02,10,True,,1000,3600,cats_reg_g30b150,True,default,2,False,CATS,150,regions,MultiMinded,31,Balance,6.739999999990687,2073.2363,6,1605.13,504.47649999999999,2069.3503,1920.6985717186424,1789.5346817186421,1962.6648036093698,1,30,1,76,67
87,30,34,AdaptiveCuttingAuction,0.05,0.02,10,True,,1000,3600,cats_reg_g30b150,True,default,2,False,CATS,150,regions,MultiMinded,291,Balance,72.92999999999302,2161.5317,10,1611.82,461.19499999999999,2161.5317,2024.8872963668196,1840.4092963668197,2003.0077366661922,8,44,59,80,64
88,30,35,AdaptiveCuttingAuction,0.05,0.02,10,True,,1000,3600,cats_reg_g30b150,True,default,2,False,CATS,150,regions,MultiMinded,58,Balance,13.619999999995343,1960.6723,9,1579.4,529.16499999999996,1950.6343,1841.3589140751583,1638.7950646015302,1797.8791541502012,7,37,38,77,65
89,30,40,AdaptiveCuttingAuction,0.05,0.02,10,True,,1000,3600,cats_reg_g30b150,True,default,2,False,CATS,150,regions,MultiMinded,33,Balance,8.819999999977881,2103.4608,12,1324.86,455.78500000000003,2103.4608,1732.8187634877002,1532.2733634877002,1934.9124362041998,1,27,11,80,70
90,30,36,AdaptiveCuttingAuction,0.05,0.02,10,True,,1000,3600,cats_reg_g30b150,True,default,2,False,CATS,150,regions,MultiMinded,67,Balance,13.989999999990687,2252.2093,7,1749.09,686.99800000000005,2252.2093,2118.9924288593393,1919.7630088593394,2087.4274300188399,4,34,4,78,66
91,30,37,AdaptiveCuttingAuction,0.05,0.02,10,True,,1000,3600,cats_reg_g30b150,True,default,2,False,CATS,150,regions,MultiMinded,54,Balance,13.470000000001164,2533.4677,9,1557.05,605.50300000000004,2524.7637,2107.7097295531339,1926.0588295531338,2354.5730013294487,7,45,14,77,67
92,30,37,AdaptiveCuttingAuction,0.05,0.02,10,True,,1000,3600,cats_reg_g30b150,True,default,2,False,CATS,150,regions,MultiMinded,64,Balance,14.959999999991851,2087.0795,9,1557.29,467.12700000000001,2087.0795,1904.756727495864,1705.6897964430298,1892.7874500316038,19,46,21,80,67
93,30,34,AdaptiveCuttingAuction,0.05,0.02,10,True,,1000,3600,cats_reg_g30b150,True,default,2,False,CATS,150,regions,MultiMinded,12,Balance,2.279999999998836,2220.4165999999996,8,1477.09,531.97949999999992,2187.6236,1999.8143578746785,1811.0512034459425,2070.9169297839608,1,30,37,71,64
94,30,33,AdaptiveCuttingAuction,0.05,0.02,10,True,,1000,3600,cats_reg_g30b150,True,default,2,False,CATS,150,regions,MultiMinded,567,Balance,179.04000000000815,2089.1439,6,1850.23,583.02999999999997,2075.2699000000002,1947.6646071221094,1831.0586071221096,1993.4759488864477,11,44,30,79,63
95,30,36,AdaptiveCuttingAuction,0.05,0.02,10,True,,1000,3600,cats_reg_g30b150,True,default,2,False,CATS,150,regions,MultiMinded,65,Balance,16.130000000004657,2218.1557,7,1747.55,732.99250000000006,2218.1557,2123.1727192834824,1873.955269283482,1993.1330279104188,13,44,22,79,66
96,30,33,AdaptiveCuttingAuction,0.05,0.02,10,True,,1000,3600,cats_reg_g30b150,True,default,2,False,CATS,150,regions,MultiMinded,56,Balance,11.699999999982538,1873.9284000000002,4,1690.89,555.43200000000002,1873.9284000000002,1815.2710294728652,1725.3439951038597,1840.4845598438555,15,43,89,76,63
97,30,37,AdaptiveCuttingAuction,0.05,0.02,10,True,,1000,3600,cats_reg_g30b150,True,default,2,False,CATS,150,regions,MultiMinded,57,Balance,14.690000000002328,1853.4531000000002,9,1334.16,635.36699999999996,1834.6931,1762.0593574672776,1533.3272374672772,1641.4203174672773,5,31,24,82,67
98,30,36,AdaptiveCuttingAuction,0.05,0.02,10,True,,1000,3600,cats_reg_g30b150,True,default,2,False,CATS,150,regions,MultiMinded,59,Balance,12.880000000004657,2779.0163,8,2131.76,620.35799999999995,2779.0163,2697.8067655299287,2468.2743055299288,2581.111653410795,5,31,27,77,66
99,30,37,AdaptiveCuttingAuction,0.05,0.02,10,True,,1000,3600,cats_reg_g30b150,True,default,2,False,CATS,150,regions,MultiMinded,61,Balance,17.670000000012806,2286.8288000000002,6,1573.72,543.00099999999998,2249.6814999999997,2182.1544252406989,2046.404175240699,2163.3768082814454,9,36,24,83,67
100,30,32,AdaptiveCuttingAuction,0.05,0.02,10,True,,1000,3600,cats_reg_g30b150,True,default,2,False,CATS,150,regions,MultiMinded,96,Balance,17.529999999998836,1906.0085,9,1496.95,591.39400000000001,1906.0085,1729.3852261091588,1467.7450251920825,1686.254293893297,17,44,67,76,62
