idx,items,agents,auction_class,epsilon,stepc,epoch,scalebyvalue,reserve_type,maxiter,maxtime,generator_param_name,personalized,bidding_strategy,heuristic_pool_num,int_prices,generator,bids,distribution,type,rounds,status,runtime,efficient_value,final_num_winners,final_max_agent_value,final_scalevalue,final_value,final_total_price,final_revenue,final_indirect_util,final_price_degree,final_price_sparsity,final_imbalance,final_wd_nvars,final_wd_ncons
1,30,36,LinearSubgradientAuction,0.05,0.02,,True,,1000,3600,cats_reg_g30b150,,heuristic,3,False,CATS,150,regions,MultiMinded,1000,MaxIter,1455.6399999999994,2502.8085,11,1712.02,630.28700000000003,1455.4464,2262.5224520077441,256.45315246884275,613.75344130312919,1,29,18,2160,3234
2,30,38,LinearSubgradientAuction,0.05,0.02,,True,,1000,3600,cats_reg_g30b150,,heuristic,3,False,CATS,150,regions,MultiMinded,1000,MaxIter,1578.909999999989,2067.4249,6,1460.04,478.96600000000001,328.1884,2197.1581970288607,237.11374099085992,259.95323820348898,1,30,12,2318,3488
3,30,36,LinearSubgradientAuction,0.05,0.02,,True,,1000,3600,cats_reg_g30b150,,heuristic,3,False,CATS,150,regions,MultiMinded,1000,MaxIter,1426.7400000000052,2226.2472000000002,7,1961.0,494.50999999999999,1184.7179,2297.3221889685219,57.267098576661638,85.112899328166364,1,28,26,2124,3162
4,30,38,LinearSubgradientAuction,0.05,0.02,,True,,1000,3600,cats_reg_g30b150,,heuristic,3,False,CATS,150,regions,MultiMinded,1000,MaxIter,1579.3500000000058,2004.9491999999998,10,1505.7,557.86300000000006,1662.0931999999998,1924.4706012202096,888.68015451966698,1057.4967882688411,1,30,10,2318,3488
5,30,35,LinearSubgradientAuction,0.05,0.02,,True,,1000,3600,cats_reg_g30b150,,heuristic,3,False,CATS,150,regions,MultiMinded,1000,MaxIter,1453.8600000000006,1864.626,8,1703.97,505.12049999999999,1582.8083,1979.6601540277502,884.98814889598646,979.92922091556886,1,30,5,2135,3215
6,30,35,LinearSubgradientAuction,0.05,0.02,,True,,1000,3600,cats_reg_g30b150,,heuristic,3,False,CATS,150,regions,MultiMinded,1000,MaxIter,1389.929999999993,2116.0368,5,1959.83,614.52500000000009,1256.6808,2390.9459249603497,442.74840519816945,545.49059448731975,1,28,13,2065,3075
7,30,35,LinearSubgradientAuction,0.05,0.02,,True,,1000,3600,cats_reg_g30b150,,heuristic,3,False,CATS,150,regions,MultiMinded,1000,MaxIter,1451.4100000000035,2031.9575,10,1330.11,558.39999999999998,1125.7549,2189.7203808547956,584.96755270277254,791.74950174581011,1,30,18,2135,3215
8,30,35,LinearSubgradientAuction,0.05,0.02,,True,,1000,3600,cats_reg_g30b150,,heuristic,3,False,CATS,150,regions,MultiMinded,1000,MaxIter,1444.1300000000047,2027.57669,4,1379.5,642.28750000000002,552.921,2072.9709359917993,112.48060390183758,237.68692463577401,1,30,24,2135,3215
9,30,36,LinearSubgradientAuction,0.05,0.02,,True,,1000,3600,cats_reg_g30b150,,heuristic,3,False,CATS,150,regions,MultiMinded,1000,MaxIter,1434.5999999999913,1859.5272999999997,6,1542.29,443.88650000000001,891.2447,1887.1690489889172,355.79841160663949,438.76523111719177,1,28,15,2124,3162
10,30,34,LinearSubgradientAuction,0.05,0.02,,True,,1000,3600,cats_reg_g30b150,,heuristic,3,False,CATS,150,regions,MultiMinded,1000,MaxIter,1388.2999999999884,2566.974,8,2112.56,626.02300000000002,1308.554,2750.4484726489682,207.55291154354401,456.78332570322311,1,30,16,2074,3124
11,30,36,LinearSubgradientAuction,0.05,0.02,,True,,1000,3600,cats_reg_g30b150,,heuristic,3,False,CATS,150,regions,MultiMinded,1000,MaxIter,1498.2100000000064,2431.6115,4,2098.81,721.22149999999999,1009.5442999999999,2495.8321969796643,128.29885414650636,240.57406460997959,1,30,19,2196,3306
12,30,32,LinearSubgradientAuction,0.05,0.02,,True,,1000,3600,cats_reg_g30b150,,heuristic,3,False,CATS,150,regions,MultiMinded,1000,MaxIter,1323.229999999996,1865.81568,10,1645.15,855.13049999999998,1053.15338,2099.744042679049,574.75574043705228,823.1281433599936,1,30,14,1952,2942
13,30,35,LinearSubgradientAuction,0.05,0.02,,True,,1000,3600,cats_reg_g30b150,,heuristic,3,False,CATS,150,regions,MultiMinded,1000,MaxIter,1437.3999999999942,1773.5022000000001,6,1494.31,678.60900000000004,729.8895,2126.1948886535047,360.19552771172846,410.79986011847438,1,30,14,2135,3215
14,30,32,LinearSubgradientAuction,0.05,0.02,,True,,1000,3600,cats_reg_g30b150,,heuristic,3,False,CATS,150,regions,MultiMinded,1000,MaxIter,1233.9199999999983,1980.1873000000003,4,1559.99,631.08900000000006,1242.2437000000002,2118.2454850955837,0.0,251.33458227939241,1,27,16,1856,2750
15,30,36,LinearSubgradientAuction,0.05,0.02,,True,,1000,3600,cats_reg_g30b150,,heuristic,3,False,CATS,150,regions,MultiMinded,47,Balance,67.91999999999825,2512.4141000000004,4,2312.23,781.00699999999995,2490.0381,2401.8529944681181,2260.2146796461561,2415.9240292701397,1,30,3,2196,3306
16,30,34,LinearSubgradientAuction,0.05,0.02,,True,,1000,3600,cats_reg_g30b150,,heuristic,3,False,CATS,150,regions,MultiMinded,1000,MaxIter,1386.0299999999988,1929.452,8,1789.44,584.255,702.4036,2051.8096258297328,36.711389401109017,125.50985339359492,1,29,12,2040,3056
17,30,33,LinearSubgradientAuction,0.05,0.02,,True,,1000,3600,cats_reg_g30b150,,heuristic,3,False,CATS,150,regions,MultiMinded,1000,MaxIter,1385.729999999996,1934.7395999999999,10,1626.95,730.93200000000002,640.9575,2053.9140448023463,105.55210174923616,171.79852727893081,1,30,41,2013,3033
18,30,34,LinearSubgradientAuction,0.05,0.02,,True,,1000,3600,cats_reg_g30b150,,heuristic,3,False,CATS,150,regions,MultiMinded,1000,MaxIter,1356.6399999999994,2504.1384,5,1818.33,781.33600000000001,1072.6944,2555.5164279269407,645.42089308477898,704.28906276959606,1,28,12,2006,2988
19,30,36,LinearSubgradientAuction,0.05,0.02,,True,,1000,3600,cats_reg_g30b150,,heuristic,3,False,CATS,150,regions,MultiMinded,1000,MaxIter,1490.1399999999994,2560.7110000000002,12,1508.06,549.71399999999994,2095.915,2275.4611029457337,1244.0577960437497,1673.6122257825664,1,30,9,2196,3306
20,30,37,LinearSubgradientAuction,0.05,0.02,,True,,1000,3600,cats_reg_g30b150,,heuristic,3,False,CATS,150,regions,MultiMinded,1000,MaxIter,1537.7899999999936,1801.7813999999998,8,1490.47,395.125,1048.01,2023.4473104297383,121.75207864238348,198.11553828271835,1,30,11,2257,3397
21,30,33,LinearSubgradientAuction,0.05,0.02,,True,,1000,3600,cats_reg_g30b150,,heuristic,3,False,CATS,150,regions,MultiMinded,1000,MaxIter,1378.8300000000017,1553.7635,4,1374.19,778.39550000000008,426.3295,1662.4337075432404,98.367694949401709,129.37196032958707,1,30,21,2013,3033
22,30,38,LinearSubgradientAuction,0.05,0.02,,True,,1000,3600,cats_reg_g30b150,,heuristic,3,False,CATS,150,regions,MultiMinded,1000,MaxIter,1565.0,2312.252,6,2123.59,638.69949999999994,1286.61,2519.7300214768343,54.396996846059508,99.813749641442513,1,29,16,2280,3412
23,30,38,LinearSubgradientAuction,0.05,0.02,,True,,1000,3600,cats_reg_g30b150,,heuristic,3,False,CATS,150,regions,MultiMinded,1000,MaxIter,1540.9600000000064,2354.8725,8,1818.1,597.00800000000004,1139.7575,2244.6394851547743,561.44845383025165,787.14902036006606,1,29,17,2280,3412
24,30,35,LinearSubgradientAuction,0.05,0.02,,True,,1000,3600,cats_reg_g30b150,,heuristic,3,False,CATS,150,regions,MultiMinded,1000,MaxIter,1456.3399999999965,1892.4884,7,1241.36,538.58849999999995,1039.2658000000001,1959.5204068161765,362.42833776834374,624.28847065034029,1,30,14,2135,3215
25,30,33,LinearSubgradientAuction,0.05,0.02,,True,,1000,3600,cats_reg_g30b150,,heuristic,3,False,CATS,150,regions,MultiMinded,1000,MaxIter,1382.2399999999907,1741.0822999999998,5,1538.41,861.41849999999999,904.6403,1891.7123066407871,113.10587901526496,211.26633209515481,1,30,16,2013,3033
26,30,34,LinearSubgradientAuction,0.05,0.02,,True,,1000,3600,cats_reg_g30b150,,heuristic,3,False,CATS,150,regions,MultiMinded,1000,MaxIter,1387.9400000000023,2008.668,6,1919.5,424.82100000000003,1294.2124,2124.1300071075971,1118.4069913214598,1220.6993576695795,1,29,7,2040,3056
27,30,32,LinearSubgradientAuction,0.05,0.02,,True,,1000,3600,cats_reg_g30b150,,heuristic,3,False,CATS,150,regions,MultiMinded,1000,MaxIter,1213.8300000000017,2175.2061,3,1890.21,644.31150000000002,573.5742,2487.8253833651997,0.0,6.3786239873864545,1,27,13,1856,2750
28,30,37,LinearSubgradientAuction,0.05,0.02,,True,,1000,3600,cats_reg_g30b150,,heuristic,3,False,CATS,150,regions,MultiMinded,1000,MaxIter,1498.3399999999965,2040.43179,9,1615.6,517.23699999999997,1308.402,2171.8231318168105,572.92257108255603,755.71539818144504,1,29,14,2220,3323
29,30,33,LinearSubgradientAuction,0.05,0.02,,True,,1000,3600,cats_reg_g30b150,,heuristic,3,False,CATS,150,regions,MultiMinded,1000,MaxIter,1373.2099999999919,2111.632,7,1854.64,708.57899999999995,1185.578,2229.8602780128181,97.086135769168877,343.83564357686839,1,30,11,2013,3033
30,30,35,LinearSubgradientAuction,0.05,0.02,,True,,1000,3600,cats_reg_g30b150,,heuristic,3,False,CATS,150,regions,MultiMinded,1000,MaxIter,1416.6900000000023,2323.0769999999998,9,1594.17,462.18150000000003,1437.4813000000004,2261.4040091965012,780.94530606129842,1049.7589916428965,1,29,10,2100,3145
31,30,34,LinearSubgradientAuction,0.05,0.02,,True,,1000,3600,cats_reg_g30b150,,heuristic,3,False,CATS,150,regions,MultiMinded,1000,MaxIter,1385.3500000000058,2659.4860000000003,8,2167.09,585.07799999999997,1638.662,2851.0516729780074,1054.2536081782832,1274.3705288231179,1,29,16,2040,3056
32,30,37,LinearSubgradientAuction,0.05,0.02,,True,,1000,3600,cats_reg_g30b150,,heuristic,3,False,CATS,150,regions,MultiMinded,1000,MaxIter,1527.699999999997,1999.8556999999998,10,1545.46,522.50199999999995,686.6031999999999,2023.0795272275764,211.02624935101923,381.70913960008045,1,30,15,2257,3397
33,30,37,LinearSubgradientAuction,0.05,0.02,,True,,1000,3600,cats_reg_g30b150,,heuristic,3,False,CATS,150,regions,MultiMinded,1000,MaxIter,1505.0599999999977,1805.9524000000001,5,1582.17,487.50400000000002,295.1606,1799.1177511971293,66.185432843314913,237.3125339692167,1,29,23,2220,3323
34,30,39,LinearSubgradientAuction,0.05,0.02,,True,,1000,3600,cats_reg_g30b150,,heuristic,3,False,CATS,150,regions,MultiMinded,1000,MaxIter,1497.820000000007,1983.6001999999999,11,1564.76,623.41200000000003,1367.2926,2105.6610138476717,129.25692300897217,385.09637494283504,1,26,23,2223,3267
35,30,38,LinearSubgradientAuction,0.05,0.02,,True,,1000,3600,cats_reg_g30b150,,heuristic,3,False,CATS,150,regions,MultiMinded,1000,MaxIter,1499.3300000000017,2341.4052,8,1755.59,637.298,926.4718,2443.7451548858298,657.0798002752623,891.33781441048882,1,28,19,2242,3336
36,30,33,LinearSubgradientAuction,0.05,0.02,,True,,1000,3600,cats_reg_g30b150,,heuristic,3,False,CATS,150,regions,MultiMinded,1000,MaxIter,1331.409999999989,2136.9992,6,1693.26,587.83249999999998,1383.3848,2429.9168876020753,1053.3711203418641,1242.4811920856393,1,29,10,1980,2967
37,30,34,LinearSubgradientAuction,0.05,0.02,,True,,1000,3600,cats_reg_g30b150,,heuristic,3,False,CATS,150,regions,MultiMinded,1000,MaxIter,1415.0999999999913,1991.3467,8,1812.59,701.23299999999995,727.8007,2528.5420297541746,154.82759066120576,286.90243735721504,1,30,35,2074,3124
38,30,40,LinearSubgradientAuction,0.05,0.02,,True,,1000,3600,cats_reg_g30b150,,heuristic,3,False,CATS,150,regions,MultiMinded,1000,MaxIter,1654.409999999989,2724.0288,9,2153.9,576.38300000000004,1893.6342999999997,2478.7840195294357,1391.559472706112,1645.2835439940586,1,30,7,2440,3670
39,30,30,LinearSubgradientAuction,0.05,0.02,,True,,1000,3600,cats_reg_g30b150,,heuristic,3,False,CATS,150,regions,MultiMinded,1000,MaxIter,1232.3499999999913,1968.0602,6,1918.66,764.726,619.2615,2184.4911641027884,79.117579045393626,400.31971409645132,1,30,18,1830,2760
40,30,33,LinearSubgradientAuction,0.05,0.02,,True,,1000,3600,cats_reg_g30b150,,heuristic,3,False,CATS,150,regions,MultiMinded,1000,MaxIter,1370.070000000007,1942.0583000000001,3,1674.34,688.69799999999998,805.0947,1910.6209755977325,0.0,43.239133523330786,1,30,18,2013,3033
41,30,35,LinearSubgradientAuction,0.05,0.02,,True,,1000,3600,cats_reg_g30b150,,heuristic,3,False,CATS,150,regions,MultiMinded,1000,MaxIter,1439.4900000000052,1877.7214099999999,9,1423.29,646.35299999999995,1278.5823099999998,1934.3943363076755,1036.7282158222179,1087.3113272675703,1,30,11,2135,3215
42,30,32,LinearSubgradientAuction,0.05,0.02,,True,,1000,3600,cats_reg_g30b150,,heuristic,3,False,CATS,150,regions,MultiMinded,1000,MaxIter,1319.6399999999994,2111.841,4,1703.5,646.17399999999998,542.105,2567.4965329254619,15.148630958394243,57.742620838554132,1,30,6,1952,2942
43,30,40,LinearSubgradientAuction,0.05,0.02,,True,,1000,3600,cats_reg_g30b150,,heuristic,3,False,CATS,150,regions,MultiMinded,1000,MaxIter,1640.3800000000047,2446.7208,13,1927.69,685.90899999999999,2269.8750000000005,2490.8457919800107,1638.3476781595618,1743.971985490298,1,29,11,2400,3590
44,30,35,LinearSubgradientAuction,0.05,0.02,,True,,1000,3600,cats_reg_g30b150,,heuristic,3,False,CATS,150,regions,MultiMinded,1000,MaxIter,1424.8699999999953,1711.1515999999997,5,1299.51,651.40899999999999,941.2446,1695.6423033625874,90.062032437109309,318.29774129020689,1,30,17,2135,3215
45,30,38,LinearSubgradientAuction,0.05,0.02,,True,,1000,3600,cats_reg_g30b150,,heuristic,3,False,CATS,150,regions,MultiMinded,1000,MaxIter,1576.449999999997,2034.5094,9,1828.07,742.07299999999998,587.0421,2374.3283287095142,126.71992708731429,155.24002988186695,1,30,14,2318,3488
46,30,31,LinearSubgradientAuction,0.05,0.02,,True,,1000,3600,cats_reg_g30b150,,heuristic,3,False,CATS,150,regions,MultiMinded,29,Balance,36.33999999999651,2564.0325000000003,4,2373.4,807.26099999999997,2564.0325000000003,2444.1600933533246,2323.2572591064518,2473.6583149663397,1,30,2,1891,2851
47,30,37,LinearSubgradientAuction,0.05,0.02,,True,,1000,3600,cats_reg_g30b150,,heuristic,3,False,CATS,150,regions,MultiMinded,1000,MaxIter,1541.9900000000052,2233.1322,7,1669.44,664.97900000000004,1310.3008999999997,2134.6927467318537,1018.5142736462705,1179.7856388779987,1,30,14,2257,3397
48,30,35,LinearSubgradientAuction,0.05,0.02,,True,,1000,3600,cats_reg_g30b150,,heuristic,3,False,CATS,150,regions,MultiMinded,1000,MaxIter,1456.25,2069.4358,8,1826.01,556.24350000000004,1501.2958,2121.8738780129238,80.089808408175344,276.28839177601367,1,30,14,2135,3215
49,30,30,LinearSubgradientAuction,0.05,0.02,,True,,1000,3600,cats_reg_g30b150,,heuristic,3,False,CATS,150,regions,MultiMinded,1000,MaxIter,1223.1100000000006,1979.7895999999998,4,1594.07,673.82600000000002,773.239,2042.2895210258237,21.165085423773967,89.154941290028518,1,30,20,1830,2760
50,30,33,LinearSubgradientAuction,0.05,0.02,,True,,1000,3600,cats_reg_g30b150,,heuristic,3,False,CATS,150,regions,MultiMinded,1000,MaxIter,1329.8500000000058,2110.6722999999997,9,1335.35,460.47550000000001,972.5676,2031.8009048372517,600.52585415971953,876.25863847612663,1,29,8,1980,2967
51,30,37,LinearSubgradientAuction,0.05,0.02,,True,,1000,3600,cats_reg_g30b150,,heuristic,3,False,CATS,150,regions,MultiMinded,1000,MaxIter,1473.6300000000047,2245.4244000000003,3,1882.26,597.73699999999997,111.1704,2225.2938196208997,5.9773699999999899,84.746372766394259,1,28,26,2183,3249
52,30,32,LinearSubgradientAuction,0.05,0.02,,True,,1000,3600,cats_reg_g30b150,,heuristic,3,False,CATS,150,regions,MultiMinded,1000,MaxIter,1303.1699999999983,1756.6213,8,1409.87,556.45500000000004,302.8838,1816.9061516447211,56.337512473475556,161.93211776095865,1,30,18,1952,2942
53,30,34,LinearSubgradientAuction,0.05,0.02,,True,,1000,3600,cats_reg_g30b150,,heuristic,3,False,CATS,150,regions,MultiMinded,1000,MaxIter,1382.3800000000047,2325.6629000000003,8,1796.97,570.23000000000002,1838.2614,2199.2813555317734,654.68490166243771,991.79502652240592,1,29,7,2040,3056
54,30,37,LinearSubgradientAuction,0.05,0.02,,True,,1000,3600,cats_reg_g30b150,,heuristic,3,False,CATS,150,regions,MultiMinded,1000,MaxIter,1548.729999999996,2355.424,11,2152.9,670.553,1440.2817,2525.2828214064111,572.0622093314679,614.357737505008,1,30,13,2257,3397
55,30,33,LinearSubgradientAuction,0.05,0.02,,True,,1000,3600,cats_reg_g30b150,,heuristic,3,False,CATS,150,regions,MultiMinded,1000,MaxIter,1369.0100000000093,2078.1524999999997,7,1352.37,548.28150000000005,1389.0285999999999,2185.8386147981892,416.04983863069322,479.81300815797408,1,30,9,2013,3033
56,30,39,LinearSubgradientAuction,0.05,0.02,,True,,1000,3600,cats_reg_g30b150,,heuristic,3,False,CATS,150,regions,MultiMinded,1000,MaxIter,1623.7099999999919,1893.3772000000004,7,1498.24,591.42200000000003,781.0612000000001,1843.8884901893082,268.41681886364353,378.49341293173569,1,30,12,2379,3579
57,30,36,LinearSubgradientAuction,0.05,0.02,,True,,1000,3600,cats_reg_g30b150,,heuristic,3,False,CATS,150,regions,MultiMinded,1000,MaxIter,1490.199999999997,1899.5301999999997,6,1604.44,621.16750000000002,1037.1131,2074.0496142618849,91.69648401993949,123.94487847438985,1,30,15,2196,3306
58,30,36,LinearSubgradientAuction,0.05,0.02,,True,,1000,3600,cats_reg_g30b150,,heuristic,3,False,CATS,150,regions,MultiMinded,1000,MaxIter,1494.5599999999977,2429.6093,8,2057.42,832.86300000000006,639.0908999999999,2433.125400212276,166.69582563648549,280.97293916655877,1,30,14,2196,3306
59,30,39,LinearSubgradientAuction,0.05,0.02,,True,,1000,3600,cats_reg_g30b150,,heuristic,3,False,CATS,150,regions,MultiMinded,1000,MaxIter,1645.409999999989,2064.9126,3,1772.9,622.28800000000001,1139.868,2149.8665937103888,70.390671574432005,197.04884728130139,1,30,19,2379,3579
60,30,35,LinearSubgradientAuction,0.05,0.02,,True,,1000,3600,cats_reg_g30b150,,heuristic,3,False,CATS,150,regions,MultiMinded,1000,MaxIter,1398.7799999999988,1956.0875,8,1842.74,450.80399999999997,1463.4155,2149.3360670439815,182.49712804359007,263.82206852518863,1,28,13,2065,3075
61,30,37,LinearSubgradientAuction,0.05,0.02,,True,,1000,3600,cats_reg_g30b150,,heuristic,3,False,CATS,150,regions,MultiMinded,1000,MaxIter,1513.9199999999983,1951.6029999999998,9,1560.47,530.9905,1196.2818,2006.858304475295,720.24119953415027,761.80514464580324,1,29,24,2220,3323
62,30,34,LinearSubgradientAuction,0.05,0.02,,True,,1000,3600,cats_reg_g30b150,,heuristic,3,False,CATS,150,regions,MultiMinded,1000,MaxIter,1408.070000000007,1978.0167,9,1737.89,582.94900000000007,558.38944,1971.9389854538101,6.1332046141222847,321.49092799097622,1,30,13,2074,3124
63,30,30,LinearSubgradientAuction,0.05,0.02,,True,,1000,3600,cats_reg_g30b150,,heuristic,3,False,CATS,150,regions,MultiMinded,1000,MaxIter,1208.8300000000017,2547.4234,3,1821.34,869.476,344.9534,2448.4609657807146,39.656456149664798,259.09379325665742,1,29,23,1800,2700
64,30,34,LinearSubgradientAuction,0.05,0.02,,True,,1000,3600,cats_reg_g30b150,,heuristic,3,False,CATS,150,regions,MultiMinded,1000,MaxIter,1381.199999999997,2427.9729,10,1844.14,792.92899999999997,1450.9101,2485.998293770951,584.32490571987887,732.38955501524674,1,29,13,2040,3056
65,30,36,LinearSubgradientAuction,0.05,0.02,,True,,1000,3600,cats_reg_g30b150,,heuristic,3,False,CATS,150,regions,MultiMinded,1000,MaxIter,1490.87999999999,2209.3287,12,1779.98,732.52250000000004,1598.4007,2301.3669187555843,471.35393657015129,552.77808277022541,1,30,29,2196,3306
66,30,30,LinearSubgradientAuction,0.05,0.02,,True,,1000,3600,cats_reg_g30b150,,heuristic,3,False,CATS,150,regions,MultiMinded,1000,MaxIter,1224.1699999999983,2387.3904,6,2290.03,553.03500000000008,1291.7084,2377.2375572805554,122.22236292939526,187.17917396928334,1,30,13,1830,2760
67,30,41,LinearSubgradientAuction,0.05,0.02,,True,,1000,3600,cats_reg_g30b150,,heuristic,3,False,CATS,150,regions,MultiMinded,1000,MaxIter,1681.429999999993,2130.5865999999996,10,1569.3,447.20299999999997,1177.441,2207.9865328507558,166.87626753425181,361.18868489276326,1,29,17,2460,3679
68,30,34,LinearSubgradientAuction,0.05,0.02,,True,,1000,3600,cats_reg_g30b150,,heuristic,3,False,CATS,150,regions,MultiMinded,1000,MaxIter,1400.5599999999977,1871.0335999999998,6,1491.62,623.48450000000003,828.9769,1913.3423369020204,0.0,249.78799679698201,1,30,12,2074,3124
69,30,34,LinearSubgradientAuction,0.05,0.02,,True,,1000,3600,cats_reg_g30b150,,heuristic,3,False,CATS,150,regions,MultiMinded,1000,MaxIter,1400.6800000000076,2248.1536,9,1918.69,909.28949999999998,1301.1423000000002,2408.9261252382157,115.86016746605802,190.05285999527854,1,29,20,2040,3056
70,30,32,LinearSubgradientAuction,0.05,0.02,,True,,1000,3600,cats_reg_g30b150,,heuristic,3,False,CATS,150,regions,MultiMinded,1000,MaxIter,1315.7999999999884,2074.3614,5,1794.89,671.03600000000006,1323.7712,2755.9252430324041,685.02459475657645,924.48793676647074,1,30,10,1952,2942
71,30,30,LinearSubgradientAuction,0.05,0.02,,True,,1000,3600,cats_reg_g30b150,,heuristic,3,False,CATS,150,regions,MultiMinded,1000,MaxIter,1174.6600000000035,2107.4125,8,1919.92,672.68100000000004,1239.5151999999998,2307.1714079251587,325.51145714911212,433.2381964253193,1,28,9,1770,2640
72,30,35,LinearSubgradientAuction,0.05,0.02,,True,,1000,3600,cats_reg_g30b150,,heuristic,3,False,CATS,150,regions,MultiMinded,1000,MaxIter,1426.3499999999913,1946.4843000000003,11,1216.53,554.09649999999999,870.4358,2046.9307168631881,342.37476065922613,560.93902811962778,1,30,15,2135,3215
73,30,35,LinearSubgradientAuction,0.05,0.02,,True,,1000,3600,cats_reg_g30b150,,heuristic,3,False,CATS,150,regions,MultiMinded,1000,MaxIter,1448.3100000000122,1852.6272999999999,8,1445.38,663.03899999999999,957.081,1921.1640409743934,36.234364881660213,245.26881269147106,1,30,15,2135,3215
74,30,31,LinearSubgradientAuction,0.05,0.02,,True,,1000,3600,cats_reg_g30b150,,heuristic,3,False,CATS,150,regions,MultiMinded,1000,MaxIter,1245.3300000000017,2020.0417,4,1744.34,781.83899999999994,823.1381,2181.2310266975642,173.39512339793333,289.0357076870273,1,29,22,1860,2789
75,30,39,LinearSubgradientAuction,0.05,0.02,,True,,1000,3600,cats_reg_g30b150,,heuristic,3,False,CATS,150,regions,MultiMinded,1000,MaxIter,1599.1800000000076,2549.9302,11,1890.83,637.39099999999996,1047.6372,2674.7227543847407,6.4923199460727297,500.38818782393889,1,29,18,2340,3501
76,30,36,LinearSubgradientAuction,0.05,0.02,,True,,1000,3600,cats_reg_g30b150,,heuristic,3,False,CATS,150,regions,MultiMinded,1000,MaxIter,1484.5699999999924,1970.4382,5,1633.82,405.01099999999997,775.7455,2086.5217805680222,357.72491415204763,393.46385529901443,1,30,20,2196,3306
77,30,34,LinearSubgradientAuction,0.05,0.02,,True,,1000,3600,cats_reg_g30b150,,heuristic,3,False,CATS,150,regions,MultiMinded,1000,MaxIter,1403.7100000000064,1646.3148,7,1576.38,831.28949999999998,541.226,1708.7199459810606,190.94588193678078,263.17955535121564,1,30,19,2074,3124
78,30,34,LinearSubgradientAuction,0.05,0.02,,True,,1000,3600,cats_reg_g30b150,,heuristic,3,False,CATS,150,regions,MultiMinded,1000,MaxIter,1404.300000000003,2412.1546,10,1881.66,768.41550000000007,1210.2131000000002,2747.9627713119626,68.37160749403192,381.2199132340354,1,30,14,2074,3124
79,30,29,LinearSubgradientAuction,0.05,0.02,,True,,1000,3600,cats_reg_g30b150,,heuristic,3,False,CATS,150,regions,MultiMinded,1000,MaxIter,1198.050000000003,2267.359,4,2060.3,919.01300000000003,403.8956,2502.0101585474422,284.05744453418436,460.64105852770797,1,30,19,1769,2669
80,30,37,LinearSubgradientAuction,0.05,0.02,,True,,1000,3600,cats_reg_g30b150,,heuristic,3,False,CATS,150,regions,MultiMinded,1000,MaxIter,1508.8500000000058,2112.5864,8,1592.54,576.49599999999998,1375.4004,2145.2076749797411,52.72379804515225,215.36945555504809,1,29,9,2220,3323
81,30,33,LinearSubgradientAuction,0.05,0.02,,True,,1000,3600,cats_reg_g30b150,,heuristic,3,False,CATS,150,regions,MultiMinded,1000,MaxIter,1364.699999999997,1652.215,3,1316.69,725.81600000000003,1241.631,1910.7065492990068,12.561881313593091,191.77681701913377,1,30,11,2013,3033
82,30,35,LinearSubgradientAuction,0.05,0.02,,True,,1000,3600,cats_reg_g30b150,,heuristic,3,False,CATS,150,regions,MultiMinded,1000,MaxIter,1411.8600000000006,2109.0315,6,1900.31,619.13249999999994,1451.9779,2294.8337548283089,26.845024114890872,180.68197811673474,1,29,15,2100,3145
83,30,32,LinearSubgradientAuction,0.05,0.02,,True,,1000,3600,cats_reg_g30b150,,heuristic,3,False,CATS,150,regions,MultiMinded,1000,MaxIter,1315.659999999989,2576.43019,6,2027.96,1059.6700000000001,1219.0492000000002,2690.3329274413304,473.11912766009829,582.9309897679218,1,30,17,1952,2942
84,30,34,LinearSubgradientAuction,0.05,0.02,,True,,1000,3600,cats_reg_g30b150,,heuristic,3,False,CATS,150,regions,MultiMinded,1000,MaxIter,1397.0899999999965,1983.6759000000002,7,1485.27,650.14099999999996,894.6160000000001,1971.4072119635962,83.935695583678836,259.67361272046173,1,30,19,2074,3124
85,30,33,LinearSubgradientAuction,0.05,0.02,,True,,1000,3600,cats_reg_g30b150,,heuristic,3,False,CATS,150,regions,MultiMinded,1000,MaxIter,1334.1300000000047,1650.3177,4,1136.81,534.83399999999995,793.0424,1703.3881379607219,38.077586785753581,86.765470023435455,1,29,17,1980,2967
86,30,37,LinearSubgradientAuction,0.05,0.02,,True,,1000,3600,cats_reg_g30b150,,heuristic,3,False,CATS,150,regions,MultiMinded,1000,MaxIter,1501.699999999997,2073.2363,3,1605.13,504.47649999999999,1017.6963000000001,1818.0588903704131,0.0,336.89082223150615,1,29,17,2220,3323
87,30,34,LinearSubgradientAuction,0.05,0.02,,True,,1000,3600,cats_reg_g30b150,,heuristic,3,False,CATS,150,regions,MultiMinded,1000,MaxIter,1372.2799999999988,2161.5317,8,1611.82,461.19499999999999,1586.2947,2149.5777448792624,394.6001052295361,727.48960145576302,1,29,11,2040,3056
88,30,35,LinearSubgradientAuction,0.05,0.02,,True,,1000,3600,cats_reg_g30b150,,heuristic,3,False,CATS,150,regions,MultiMinded,1000,MaxIter,1424.3399999999965,1960.6723,11,1579.4,529.16499999999996,747.3452000000001,2024.8542163917157,143.16437370941728,234.30993185108304,1,29,23,2100,3145
89,30,40,LinearSubgradientAuction,0.05,0.02,,True,,1000,3600,cats_reg_g30b150,,heuristic,3,False,CATS,150,regions,MultiMinded,1000,MaxIter,1631.3600000000006,2103.4608,8,1324.86,455.78500000000003,1246.8345,1834.079723354409,410.73444676935884,739.43469483174511,1,29,12,2400,3590
90,30,36,LinearSubgradientAuction,0.05,0.02,,True,,1000,3600,cats_reg_g30b150,,heuristic,3,False,CATS,150,regions,MultiMinded,1000,MaxIter,1487.4400000000023,2252.2093,7,1749.09,686.99800000000005,1315.1673000000003,2332.7462330307958,182.5699613539395,307.21699899128919,1,30,15,2196,3306
91,30,37,LinearSubgradientAuction,0.05,0.02,,True,,1000,3600,cats_reg_g30b150,,heuristic,3,False,CATS,150,regions,MultiMinded,1000,MaxIter,1443.2100000000064,2533.4677,11,1557.05,605.50300000000004,1950.213,2439.6354567879293,774.79087987047092,1364.3786414300816,1,28,5,2183,3249
92,30,37,LinearSubgradientAuction,0.05,0.02,,True,,1000,3600,cats_reg_g30b150,,heuristic,3,False,CATS,150,regions,MultiMinded,1000,MaxIter,1529.5299999999988,2087.0795,10,1557.29,467.12700000000001,1167.632,2028.8804621527861,501.69682010247766,623.49988021027514,1,30,16,2257,3397
93,30,34,LinearSubgradientAuction,0.05,0.02,,True,,1000,3600,cats_reg_g30b150,,heuristic,3,False,CATS,150,regions,MultiMinded,1000,MaxIter,1397.4300000000076,2220.4165999999996,7,1477.09,531.97949999999992,1134.0846999999999,2558.4345920941223,51.421306340331967,211.61049202293117,1,30,12,2074,3124
94,30,33,LinearSubgradientAuction,0.05,0.02,,True,,1000,3600,cats_reg_g30b150,,heuristic,3,False,CATS,150,regions,MultiMinded,1000,MaxIter,1333.25,2089.1439,6,1850.23,583.02999999999997,955.3759,2131.0551246706846,0.0,159.61789443219163,1,29,16,1980,2967
95,30,36,LinearSubgradientAuction,0.05,0.02,,True,,1000,3600,cats_reg_g30b150,,heuristic,3,False,CATS,150,regions,MultiMinded,1000,MaxIter,1454.6300000000047,2218.1557,9,1747.55,732.99250000000006,617.6246,2518.310127729625,208.67847423712749,264.76231170784757,1,29,33,2160,3234
96,30,33,LinearSubgradientAuction,0.05,0.02,,True,,1000,3600,cats_reg_g30b150,,heuristic,3,False,CATS,150,regions,MultiMinded,1000,MaxIter,1374.4100000000035,1873.9284000000002,5,1690.89,555.43200000000002,528.2475000000001,1981.3361838112692,10.931310802107408,161.99937541904214,1,30,19,2013,3033
97,30,37,LinearSubgradientAuction,0.05,0.02,,True,,1000,3600,cats_reg_g30b150,,heuristic,3,False,CATS,150,regions,MultiMinded,1000,MaxIter,1400.6800000000076,1853.4531000000002,8,1334.16,635.36699999999996,904.4881,1825.3013388797062,564.73915918179318,713.4092799119943,1,26,13,2109,3101
98,30,36,LinearSubgradientAuction,0.05,0.02,,True,,1000,3600,cats_reg_g30b150,,heuristic,3,False,CATS,150,regions,MultiMinded,1000,MaxIter,1495.7799999999988,2779.0163,7,2131.76,620.35799999999995,2032.7833,2944.6478249412125,746.75285125691858,1071.127460456953,1,30,9,2196,3306
99,30,37,LinearSubgradientAuction,0.05,0.02,,True,,1000,3600,cats_reg_g30b150,,heuristic,3,False,CATS,150,regions,MultiMinded,1000,MaxIter,1525.6499999999942,2286.8288000000002,4,1573.72,543.00099999999998,1116.0478,2425.2708409357783,626.40531575138073,741.12282948495874,1,30,7,2257,3397
100,30,32,LinearSubgradientAuction,0.05,0.02,,True,,1000,3600,cats_reg_g30b150,,heuristic,3,False,CATS,150,regions,MultiMinded,1000,MaxIter,1326.7300000000105,1906.0085,7,1496.95,591.39400000000001,1132.2385000000002,1812.0521303685289,314.19558965811598,505.32436235146008,1,30,16,1952,2942
