idx,items,agents,auction_class,epsilon,stepc,epoch,scalebyvalue,reserve_type,maxiter,maxtime,generator_param_name,personalized,bidding_strategy,heuristic_pool_num,int_prices,generator,bids,distribution,type,rounds,status,runtime,efficient_value,final_num_winners,final_max_agent_value,final_scalevalue,final_value,final_total_price,final_revenue,final_indirect_util,final_price_degree,final_price_sparsity,final_imbalance,final_wd_nvars,final_wd_ncons
1,30,36,LinearHeuristicAuction,0.05,0.02,,True,,1000,3600,cats_reg_g30b150,,heuristic,3,False,CATS,150,regions,MultiMinded,1000,MaxIter,125.6700000000128,2502.8085,5,1712.02,630.28700000000003,2077.1704,2166.326609506682,0.0,382.00816981937771,1,29,27,105,66
2,30,38,LinearHeuristicAuction,0.05,0.02,,True,,1000,3600,cats_reg_g30b150,,heuristic,3,False,CATS,150,regions,MultiMinded,1000,MaxIter,121.50999999998021,2067.4249,7,1460.04,478.96600000000001,1906.0219000000002,2209.0965452256573,155.63241447869751,178.85463468285198,1,30,37,104,68
3,30,36,LinearHeuristicAuction,0.05,0.02,,True,,1000,3600,cats_reg_g30b150,,heuristic,3,False,CATS,150,regions,MultiMinded,1000,MaxIter,117.04000000000815,2226.2472000000002,8,1961.0,494.50999999999999,1617.9667,2236.1108460435557,370.13766328602088,401.25710058849256,1,28,29,94,66
4,30,38,LinearHeuristicAuction,0.05,0.02,,True,,1000,3600,cats_reg_g30b150,,heuristic,3,False,CATS,150,regions,MultiMinded,1000,MaxIter,114.44000000000233,2004.9491999999998,11,1505.7,557.86300000000006,1925.1552000000001,1880.5143049181406,975.8894325079383,1202.888350900389,1,30,14,103,68
5,30,35,LinearHeuristicAuction,0.05,0.02,,True,,1000,3600,cats_reg_g30b150,,heuristic,3,False,CATS,150,regions,MultiMinded,1000,MaxIter,132.47000000000116,1864.626,3,1703.97,505.12049999999999,1641.7913,1925.8382047916259,157.95759080682453,245.32083584863881,1,30,38,106,65
6,30,35,LinearHeuristicAuction,0.05,0.02,,True,,1000,3600,cats_reg_g30b150,,heuristic,3,False,CATS,150,regions,MultiMinded,1000,MaxIter,120.60000000000582,2116.0368,6,1959.83,614.52500000000009,1688.7187999999999,2339.7569655672596,329.33056113773972,463.54524998736059,1,30,41,102,65
7,30,35,LinearHeuristicAuction,0.05,0.02,,True,,1000,3600,cats_reg_g30b150,,heuristic,3,False,CATS,150,regions,MultiMinded,1000,MaxIter,124.83999999999651,2031.9575,7,1330.11,558.39999999999998,1613.4546,2096.7430394363137,965.9087389860216,1065.2777738596649,1,30,19,97,65
8,30,35,LinearHeuristicAuction,0.05,0.02,,True,,1000,3600,cats_reg_g30b150,,heuristic,3,False,CATS,150,regions,MultiMinded,1000,MaxIter,124.84000000002561,2027.57669,10,1379.5,642.28750000000002,1720.13279,1920.4394878744949,263.74190658538373,459.00591443106509,1,30,31,102,65
9,30,36,LinearHeuristicAuction,0.05,0.02,,True,,1000,3600,cats_reg_g30b150,,heuristic,3,False,CATS,150,regions,MultiMinded,1000,MaxIter,124.05999999999767,1859.5272999999997,8,1542.29,443.88650000000001,1495.1626,1879.4262215863364,87.983725940517658,183.32205151291345,1,29,34,109,66
10,30,34,LinearHeuristicAuction,0.05,0.02,,True,,1000,3600,cats_reg_g30b150,,heuristic,3,False,CATS,150,regions,MultiMinded,1000,MaxIter,117.0,2566.974,1,2112.56,626.02300000000002,2023.99,2633.1586793912356,0,318.4611873367673,1,30,50,98,64
11,30,36,LinearHeuristicAuction,0.05,0.02,,True,,1000,3600,cats_reg_g30b150,,heuristic,3,False,CATS,150,regions,MultiMinded,1000,MaxIter,115.79000000000815,2431.6115,4,2098.81,721.22149999999999,2386.8621,2433.4875598612693,146.52023097674095,241.07558613519632,1,30,3,93,66
12,30,32,LinearHeuristicAuction,0.05,0.02,,True,,1000,3600,cats_reg_g30b150,,heuristic,3,False,CATS,150,regions,MultiMinded,1000,MaxIter,120.9199999999837,1865.81568,9,1645.15,855.13049999999998,1621.6203799999998,2162.8280458405316,174.96006538163721,360.98104563841656,1,30,39,90,62
13,30,35,LinearHeuristicAuction,0.05,0.02,,True,,1000,3600,cats_reg_g30b150,,heuristic,3,False,CATS,150,regions,MultiMinded,1000,MaxIter,133.5899999999965,1773.5022000000001,6,1494.31,678.60900000000004,1773.5022000000001,1841.5961589938413,134.90849118361558,230.98989381797679,1,29,32,106,65
14,30,32,LinearHeuristicAuction,0.05,0.02,,True,,1000,3600,cats_reg_g30b150,,heuristic,3,False,CATS,150,regions,MultiMinded,1000,MaxIter,117.60000000000582,1980.1873000000003,6,1559.99,631.08900000000006,1539.8353000000002,1888.5503140559117,256.34091883382757,519.47307781696747,1,29,27,88,62
15,30,36,LinearHeuristicAuction,0.05,0.02,,True,,1000,3600,cats_reg_g30b150,,heuristic,3,False,CATS,150,regions,MultiMinded,37,Balance,4.149999999994179,2512.4141000000004,4,2312.23,781.00699999999995,2483.6781000000005,2385.0948406764392,2236.7035106764392,2401.7998095924618,1,30,3,76,66
16,30,34,LinearHeuristicAuction,0.05,0.02,,True,,1000,3600,cats_reg_g30b150,,heuristic,3,False,CATS,150,regions,MultiMinded,1000,MaxIter,119.69000000000233,1929.452,9,1789.44,584.255,1555.391,2080.6129647675316,492.60922253734759,572.85836332450924,1,28,81,101,64
17,30,33,LinearHeuristicAuction,0.05,0.02,,True,,1000,3600,cats_reg_g30b150,,heuristic,3,False,CATS,150,regions,MultiMinded,1000,MaxIter,128.55999999999767,1934.7395999999999,7,1626.95,730.93200000000002,1934.7395999999999,1997.5387649135539,1051.3579508958724,1108.0354450067421,1,30,28,101,63
18,30,34,LinearHeuristicAuction,0.05,0.02,,True,,1000,3600,cats_reg_g30b150,,heuristic,3,False,CATS,150,regions,MultiMinded,154,Balance,17.139999999984866,2504.1384,4,1818.33,781.33600000000001,2504.1384,2465.9961252976859,2317.5422852976858,2434.2566202315284,1,28,12,86,64
19,30,36,LinearHeuristicAuction,0.05,0.02,,True,,1000,3600,cats_reg_g30b150,,heuristic,3,False,CATS,150,regions,MultiMinded,1000,MaxIter,110.70999999999185,2560.7110000000002,11,1508.06,549.71399999999994,1769.548,2296.4925984109509,332.09791338601292,762.58188520612703,1,29,28,98,66
20,30,37,LinearHeuristicAuction,0.05,0.02,,True,,1000,3600,cats_reg_g30b150,,heuristic,3,False,CATS,150,regions,MultiMinded,1000,MaxIter,129.85999999998603,1801.7813999999998,8,1490.47,395.125,1499.5430000000001,2062.5826603719715,490.10392715834246,575.64186758206654,1,30,22,115,67
21,30,33,LinearHeuristicAuction,0.05,0.02,,True,,1000,3600,cats_reg_g30b150,,heuristic,3,False,CATS,150,regions,MultiMinded,1000,MaxIter,123.61000000001513,1553.7635,5,1374.19,778.39550000000008,1511.0220000000002,1590.119784124088,1227.4058013324814,1320.5549698077059,1,30,38,93,63
22,30,38,LinearHeuristicAuction,0.05,0.02,,True,,1000,3600,cats_reg_g30b150,,heuristic,3,False,CATS,150,regions,MultiMinded,1000,MaxIter,123.70000000001164,2312.252,8,2123.59,638.69949999999994,1750.4085999999998,2596.5830249678916,301.47206716005343,333.84846872219691,1,29,24,113,68
23,30,38,LinearHeuristicAuction,0.05,0.02,,True,,1000,3600,cats_reg_g30b150,,heuristic,3,False,CATS,150,regions,MultiMinded,1000,MaxIter,114.54000000000815,2354.8725,9,1818.1,597.00800000000004,1734.7102999999997,2184.2586102459695,239.26130141314255,510.79143528353222,1,29,68,96,68
24,30,35,LinearHeuristicAuction,0.05,0.02,,True,,1000,3600,cats_reg_g30b150,,heuristic,3,False,CATS,150,regions,MultiMinded,1000,MaxIter,118.97999999998137,1892.4884,10,1241.36,538.58849999999995,1710.1968000000002,2097.4704281677614,556.10650716256066,746.28658678660508,1,30,35,96,65
25,30,33,LinearHeuristicAuction,0.05,0.02,,True,,1000,3600,cats_reg_g30b150,,heuristic,3,False,CATS,150,regions,MultiMinded,1000,MaxIter,128.88000000000466,1741.0822999999998,7,1538.41,861.41849999999999,1741.0822999999998,1810.5668822879909,1374.6965182339939,1429.4650207103659,1,30,75,100,63
26,30,34,LinearHeuristicAuction,0.05,0.02,,True,,1000,3600,cats_reg_g30b150,,heuristic,3,False,CATS,150,regions,MultiMinded,1000,MaxIter,112.44000000000233,2008.668,8,1919.5,424.82100000000003,1583.3857999999998,2139.8706580733765,1.759666197809004,99.272879594939241,1,29,40,92,64
27,30,32,LinearHeuristicAuction,0.05,0.02,,True,,1000,3600,cats_reg_g30b150,,heuristic,3,False,CATS,150,regions,MultiMinded,1000,MaxIter,107.64000000001397,2175.2061,3,1890.21,644.31150000000002,2075.148,2295.4863058475439,610.51135039807809,615.09723914205222,1,29,25,91,62
28,30,37,LinearHeuristicAuction,0.05,0.02,,True,,1000,3600,cats_reg_g30b150,,heuristic,3,False,CATS,150,regions,MultiMinded,1000,MaxIter,121.08999999999651,2040.43179,9,1615.6,517.23699999999997,1827.8463,2068.6275326091345,598.32136567467364,849.89609355969822,1,30,28,100,67
29,30,33,LinearHeuristicAuction,0.05,0.02,,True,,1000,3600,cats_reg_g30b150,,heuristic,3,False,CATS,150,regions,MultiMinded,1000,MaxIter,128.28999999997905,2111.632,9,1854.64,708.57899999999995,1858.317,2224.2658802427313,263.26228278579816,431.23628662647889,1,30,48,102,63
30,30,35,LinearHeuristicAuction,0.05,0.02,,True,,1000,3600,cats_reg_g30b150,,heuristic,3,False,CATS,150,regions,MultiMinded,1000,MaxIter,119.89999999999418,2323.0769999999998,10,1594.17,462.18150000000003,2119.4321999999997,2200.0084679911388,923.88682233924908,1219.2085429204481,1,29,26,104,65
31,30,34,LinearHeuristicAuction,0.05,0.02,,True,,1000,3600,cats_reg_g30b150,,heuristic,3,False,CATS,150,regions,MultiMinded,1000,MaxIter,125.41000000000349,2659.4860000000003,8,2167.09,585.07799999999997,2331.898,2896.6215028021234,822.31160164030337,969.35812362344041,1,29,14,98,64
32,30,37,LinearHeuristicAuction,0.05,0.02,,True,,1000,3600,cats_reg_g30b150,,heuristic,3,False,CATS,150,regions,MultiMinded,1000,MaxIter,125.60999999998603,1999.8556999999998,7,1545.46,522.50199999999995,1698.8052,2016.6220312173664,160.98413568332336,310.34890126425302,1,30,44,113,67
33,30,37,LinearHeuristicAuction,0.05,0.02,,True,,1000,3600,cats_reg_g30b150,,heuristic,3,False,CATS,150,regions,MultiMinded,1000,MaxIter,119.97000000000116,1805.9524000000001,9,1582.17,487.50400000000002,1125.985,1695.0240692527527,61.94121765413702,247.17689734968752,1,28,51,105,67
34,30,39,LinearHeuristicAuction,0.05,0.02,,True,,1000,3600,cats_reg_g30b150,,heuristic,3,False,CATS,150,regions,MultiMinded,1000,MaxIter,128.9199999999837,1983.6001999999999,9,1564.76,623.41200000000003,1751.5757,2083.4012176185802,330.50251575026101,601.63370818195449,1,30,18,112,69
35,30,38,LinearHeuristicAuction,0.05,0.02,,True,,1000,3600,cats_reg_g30b150,,heuristic,3,False,CATS,150,regions,MultiMinded,1000,MaxIter,120.36999999999534,2341.4052,8,1755.59,637.298,1919.5826,2434.4760942406515,453.03264071571715,751.95599421206884,1,28,30,103,68
36,30,33,LinearHeuristicAuction,0.05,0.02,,True,,1000,3600,cats_reg_g30b150,,heuristic,3,False,CATS,150,regions,MultiMinded,1000,MaxIter,126.22000000000116,2136.9992,3,1693.26,587.83249999999998,1890.5818,2372.1537232159949,132.36672054491021,221.18112267198839,1,29,35,97,63
37,30,34,LinearHeuristicAuction,0.05,0.02,,True,,1000,3600,cats_reg_g30b150,,heuristic,3,False,CATS,150,regions,MultiMinded,1000,MaxIter,120.83999999999651,1991.3467,7,1812.59,701.23299999999995,1436.0576999999998,2448.9682645482599,229.92891752638934,412.90141687614869,1,30,49,92,64
38,30,40,LinearHeuristicAuction,0.05,0.02,,True,,1000,3600,cats_reg_g30b150,,heuristic,3,False,CATS,150,regions,MultiMinded,199,Balance,22.29000000000815,2724.0288,6,2153.9,576.38300000000004,2724.0288,2416.8632963869336,2267.0037163869338,2616.0412582686872,1,30,32,98,70
39,30,30,LinearHeuristicAuction,0.05,0.02,,True,,1000,3600,cats_reg_g30b150,,heuristic,3,False,CATS,150,regions,MultiMinded,1000,MaxIter,112.19000000000233,1968.0602,6,1918.66,764.726,1871.4459,2024.7533118977267,323.00313878620841,635.56407660905234,1,30,26,86,60
40,30,33,LinearHeuristicAuction,0.05,0.02,,True,,1000,3600,cats_reg_g30b150,,heuristic,3,False,CATS,150,regions,MultiMinded,1000,MaxIter,129.6600000000035,1942.0583000000001,2,1674.34,688.69799999999998,1407.9583,1989.615874801776,0.0,46.127777160707282,1,30,64,105,63
41,30,35,LinearHeuristicAuction,0.05,0.02,,True,,1000,3600,cats_reg_g30b150,,heuristic,3,False,CATS,150,regions,MultiMinded,1000,MaxIter,116.6700000000128,1877.7214099999999,9,1423.29,646.35299999999995,1563.4915,1939.5038741693256,519.66479933824519,559.58675113891388,1,30,44,105,65
42,30,32,LinearHeuristicAuction,0.05,0.02,,True,,1000,3600,cats_reg_g30b150,,heuristic,3,False,CATS,150,regions,MultiMinded,1000,MaxIter,122.3300000000163,2111.841,3,1703.5,646.17399999999998,1797.056,2190.2194098856407,0.0,64.477233489643353,1,30,25,88,62
43,30,40,LinearHeuristicAuction,0.05,0.02,,True,,1000,3600,cats_reg_g30b150,,heuristic,3,False,CATS,150,regions,MultiMinded,1000,MaxIter,126.92999999999302,2446.7208,13,1927.69,685.90899999999999,2359.3614,2359.3522018715566,860.76237302482207,1072.6587782990214,1,29,24,103,70
44,30,35,LinearHeuristicAuction,0.05,0.02,,True,,1000,3600,cats_reg_g30b150,,heuristic,3,False,CATS,150,regions,MultiMinded,1000,MaxIter,126.89000000001397,1711.1515999999997,6,1299.51,651.40899999999999,1451.6648,1577.6975726098372,329.02355036469356,499.6204797694229,1,30,69,98,65
45,30,38,LinearHeuristicAuction,0.05,0.02,,True,,1000,3600,cats_reg_g30b150,,heuristic,3,False,CATS,150,regions,MultiMinded,1000,MaxIter,127.26000000000931,2034.5094,9,1828.07,742.07299999999998,1762.1061000000002,2376.9985024257135,57.472016169940389,75.905807169875715,1,30,43,110,68
46,30,31,LinearHeuristicAuction,0.05,0.02,,True,,1000,3600,cats_reg_g30b150,,heuristic,3,False,CATS,150,regions,MultiMinded,31,Balance,3.1300000000046566,2564.0325000000003,4,2373.4,807.26099999999997,2564.0325000000003,2493.7876568022757,2367.1615219085297,2479.5727615485252,1,30,9,75,61
47,30,37,LinearHeuristicAuction,0.05,0.02,,True,,1000,3600,cats_reg_g30b150,,heuristic,3,False,CATS,150,regions,MultiMinded,1000,MaxIter,122.20999999999185,2233.1322,12,1669.44,664.97900000000004,2128.8241999999996,2099.5606663979206,1333.6033466322383,1549.2944200824361,1,30,21,108,67
48,30,35,LinearHeuristicAuction,0.05,0.02,,True,,1000,3600,cats_reg_g30b150,,heuristic,3,False,CATS,150,regions,MultiMinded,1000,MaxIter,131.42999999999302,2069.4358,8,1826.01,556.24350000000004,1963.5418,2185.8052353697212,678.13817726589446,862.83955697702299,1,30,21,110,65
49,30,30,LinearHeuristicAuction,0.05,0.02,,True,,1000,3600,cats_reg_g30b150,,heuristic,3,False,CATS,150,regions,MultiMinded,279,Balance,31.279999999998836,1979.7895999999998,6,1594.07,673.82600000000002,1979.7895999999998,2027.325271794731,1825.1774717947312,1886.486091090127,1,30,40,84,60
50,30,33,LinearHeuristicAuction,0.05,0.02,,True,,1000,3600,cats_reg_g30b150,,heuristic,3,False,CATS,150,regions,MultiMinded,1000,MaxIter,113.6700000000128,2110.6722999999997,3,1335.35,460.47550000000001,1317.2873,2028.4360958168736,49.798813028981698,254.9419372577548,1,29,33,94,63
51,30,37,LinearHeuristicAuction,0.05,0.02,,True,,1000,3600,cats_reg_g30b150,,heuristic,3,False,CATS,150,regions,MultiMinded,194,Balance,22.679999999993015,2245.4244000000003,6,1882.26,597.73699999999997,2245.4244000000003,2192.214390597188,2048.7575105971878,2153.5439607081048,1,28,67,105,67
52,30,32,LinearHeuristicAuction,0.05,0.02,,True,,1000,3600,cats_reg_g30b150,,heuristic,3,False,CATS,150,regions,MultiMinded,1000,MaxIter,109.88000000000466,1756.6213,8,1409.87,556.45500000000004,1328.0566000000001,1804.8994923908481,808.90255518625372,908.12421696859349,1,30,40,89,62
53,30,34,LinearHeuristicAuction,0.05,0.02,,True,,1000,3600,cats_reg_g30b150,,heuristic,3,False,CATS,150,regions,MultiMinded,1000,MaxIter,115.60000000000582,2325.6629000000003,7,1796.97,570.23000000000002,2188.5084,2155.0910984969069,247.32229466215881,652.80577399143067,1,29,23,93,64
54,30,37,LinearHeuristicAuction,0.05,0.02,,True,,1000,3600,cats_reg_g30b150,,heuristic,3,False,CATS,150,regions,MultiMinded,1000,MaxIter,126.95000000001164,2355.424,9,2152.9,670.553,1992.2107,2572.4221690495442,729.13710174535277,837.90536434903743,1,29,26,106,67
55,30,33,LinearHeuristicAuction,0.05,0.02,,True,,1000,3600,cats_reg_g30b150,,heuristic,3,False,CATS,150,regions,MultiMinded,1000,MaxIter,133.9100000000035,2078.1524999999997,3,1352.37,548.28150000000005,1042.6876,2349.7253373832045,30.913779677803657,81.438241142911195,1,30,50,95,63
56,30,39,LinearHeuristicAuction,0.05,0.02,,True,,1000,3600,cats_reg_g30b150,,heuristic,3,False,CATS,150,regions,MultiMinded,1000,MaxIter,128.20000000001164,1893.3772000000004,3,1498.24,591.42200000000003,1351.0995,1810.5483104550885,82.572490835744517,229.01246912982873,1,29,34,100,69
57,30,36,LinearHeuristicAuction,0.05,0.02,,True,,1000,3600,cats_reg_g30b150,,heuristic,3,False,CATS,150,regions,MultiMinded,1000,MaxIter,122.73000000001048,1899.5301999999997,6,1604.44,621.16750000000002,1622.0358999999999,1921.9148857664629,38.020322381156376,124.11641750330982,1,30,62,110,66
58,30,36,LinearHeuristicAuction,0.05,0.02,,True,,1000,3600,cats_reg_g30b150,,heuristic,3,False,CATS,150,regions,MultiMinded,1000,MaxIter,134.05000000001746,2429.6093,9,2057.42,832.86300000000006,2324.0874,2426.3338286661701,546.34219404302212,670.10792203233564,1,30,48,102,66
59,30,39,LinearHeuristicAuction,0.05,0.02,,True,,1000,3600,cats_reg_g30b150,,heuristic,3,False,CATS,150,regions,MultiMinded,1000,MaxIter,133.17999999999302,2064.9126,2,1772.9,622.28800000000001,1298.6016,2160.0715133605008,11.477267226961324,132.25684176427322,1,30,33,108,69
60,30,35,LinearHeuristicAuction,0.05,0.02,,True,,1000,3600,cats_reg_g30b150,,heuristic,3,False,CATS,150,regions,MultiMinded,1000,MaxIter,115.94000000000233,1956.0875,8,1842.74,450.80399999999997,1884.6405,2082.3196980750063,689.19867134675394,781.22410870592796,1,29,31,100,65
61,30,37,LinearHeuristicAuction,0.05,0.02,,True,,1000,3600,cats_reg_g30b150,,heuristic,3,False,CATS,150,regions,MultiMinded,1000,MaxIter,122.55999999999767,1951.6029999999998,5,1560.47,530.9905,1848.4206,2069.7093093047924,187.44128967068838,214.64750017087633,1,29,34,102,67
62,30,34,LinearHeuristicAuction,0.05,0.02,,True,,1000,3600,cats_reg_g30b150,,heuristic,3,False,CATS,150,regions,MultiMinded,1000,MaxIter,120.85000000000582,1978.0167,8,1737.89,582.94900000000007,1611.29554,1976.7928581857707,232.40126520669941,530.98512063393059,1,30,31,99,64
63,30,30,LinearHeuristicAuction,0.05,0.02,,True,,1000,3600,cats_reg_g30b150,,heuristic,3,False,CATS,150,regions,MultiMinded,875,Balance,106.82000000000698,2547.4234,5,1821.34,869.476,2547.4234,2336.1742084270518,2154.5728739272945,2416.9247079185843,1,30,89,89,60
64,30,34,LinearHeuristicAuction,0.05,0.02,,True,,1000,3600,cats_reg_g30b150,,heuristic,3,False,CATS,150,regions,MultiMinded,1000,MaxIter,126.92999999999302,2427.9729,10,1844.14,792.92899999999997,2169.8581000000004,2423.3748046376741,1359.8567461006871,1472.1163176431542,1,30,24,105,64
65,30,36,LinearHeuristicAuction,0.05,0.02,,True,,1000,3600,cats_reg_g30b150,,heuristic,3,False,CATS,150,regions,MultiMinded,1000,MaxIter,130.0,2209.3287,6,1779.98,732.52250000000004,2060.2897,2231.0601410283839,82.151556080832222,248.13178734366343,1,30,32,105,66
66,30,30,LinearHeuristicAuction,0.05,0.02,,True,,1000,3600,cats_reg_g30b150,,heuristic,3,False,CATS,150,regions,MultiMinded,108,Balance,11.179999999993015,2387.3904,2,2290.03,553.03500000000008,2387.3904,2336.49396261841,2281.19046261841,2361.1779945971994,1,29,27,71,60
67,30,41,LinearHeuristicAuction,0.05,0.02,,True,,1000,3600,cats_reg_g30b150,,heuristic,3,False,CATS,150,regions,MultiMinded,1000,MaxIter,113.48999999999069,2130.5865999999996,7,1569.3,447.20299999999997,1682.5919000000001,2185.4484419425971,1155.5137033272174,1351.4190034861599,1,29,28,111,71
68,30,34,LinearHeuristicAuction,0.05,0.02,,True,,1000,3600,cats_reg_g30b150,,heuristic,3,False,CATS,150,regions,MultiMinded,1000,MaxIter,126.04000000000815,1871.0335999999998,8,1491.62,623.48450000000003,1675.3725,1920.6036230178377,439.44537085893143,654.57149596228544,1,30,46,100,64
69,30,34,LinearHeuristicAuction,0.05,0.02,,True,,1000,3600,cats_reg_g30b150,,heuristic,3,False,CATS,150,regions,MultiMinded,1000,MaxIter,132.88000000000466,2248.1536,6,1918.69,909.28949999999998,1756.5876,2474.7478614754518,51.817735713825947,137.3375569809067,1,30,56,96,64
70,30,32,LinearHeuristicAuction,0.05,0.02,,True,,1000,3600,cats_reg_g30b150,,heuristic,3,False,CATS,150,regions,MultiMinded,1000,MaxIter,116.16000000000349,2074.3614,7,1794.89,671.03600000000006,1906.2965,2751.8085646742875,587.01854260005211,717.37310532156084,1,30,20,84,62
71,30,30,LinearHeuristicAuction,0.05,0.02,,True,,1000,3600,cats_reg_g30b150,,heuristic,3,False,CATS,150,regions,MultiMinded,1000,MaxIter,121.5,2107.4125,8,1919.92,672.68100000000004,1813.1131999999998,2333.7318928858731,777.78480589212813,867.0471351427899,1,29,44,95,60
72,30,35,LinearHeuristicAuction,0.05,0.02,,True,,1000,3600,cats_reg_g30b150,,heuristic,3,False,CATS,150,regions,MultiMinded,1000,MaxIter,114.08999999999651,1946.4843000000003,8,1216.53,554.09649999999999,1917.7996999999998,1861.8835565354639,887.16313058675405,1067.9201397132683,1,29,22,96,65
73,30,35,LinearHeuristicAuction,0.05,0.02,,True,,1000,3600,cats_reg_g30b150,,heuristic,3,False,CATS,150,regions,MultiMinded,1000,MaxIter,123.13999999998487,1852.6272999999999,10,1445.38,663.03899999999999,1448.8138000000001,1852.8478557439955,0.0,250.31093653157893,1,30,34,93,65
74,30,31,LinearHeuristicAuction,0.05,0.02,,True,,1000,3600,cats_reg_g30b150,,heuristic,3,False,CATS,150,regions,MultiMinded,1000,MaxIter,120.28999999997905,2020.0417,6,1744.34,781.83899999999994,1826.1524,2119.8545045917599,323.45576198209454,493.20401342400339,1,29,23,96,61
75,30,39,LinearHeuristicAuction,0.05,0.02,,True,,1000,3600,cats_reg_g30b150,,heuristic,3,False,CATS,150,regions,MultiMinded,1000,MaxIter,124.3300000000163,2549.9302,10,1890.83,637.39099999999996,1985.67,2596.7986478978073,48.732618568174715,493.5395688503865,1,30,32,106,69
76,30,36,LinearHeuristicAuction,0.05,0.02,,True,,1000,3600,cats_reg_g30b150,,heuristic,3,False,CATS,150,regions,MultiMinded,1000,MaxIter,118.26999999998952,1970.4382,2,1633.82,405.01099999999997,1741.397,2067.0377092850686,53.135001155418564,94.062152894822162,1,30,30,101,66
77,30,34,LinearHeuristicAuction,0.05,0.02,,True,,1000,3600,cats_reg_g30b150,,heuristic,3,False,CATS,150,regions,MultiMinded,106,Balance,12.89000000001397,1646.3148,2,1576.38,831.28949999999998,1646.3148,1686.5866860340627,1603.4577360340627,1632.0629021674786,1,30,68,93,64
78,30,34,LinearHeuristicAuction,0.05,0.02,,True,,1000,3600,cats_reg_g30b150,,heuristic,3,False,CATS,150,regions,MultiMinded,1000,MaxIter,127.58999999999651,2412.1546,8,1881.66,768.41550000000007,2242.2766,2525.2434812301904,1333.4773393720925,1534.7167647536321,1,29,39,99,64
79,30,29,LinearHeuristicAuction,0.05,0.02,,True,,1000,3600,cats_reg_g30b150,,heuristic,3,False,CATS,150,regions,MultiMinded,1000,MaxIter,122.4199999999837,2267.359,5,2060.3,919.01300000000003,1792.629,2431.4833039186565,283.75040715485864,480.45960483197905,1,30,37,86,59
80,30,37,LinearHeuristicAuction,0.05,0.02,,True,,1000,3600,cats_reg_g30b150,,heuristic,3,False,CATS,150,regions,MultiMinded,1000,MaxIter,122.05999999999767,2112.5864,9,1592.54,576.49599999999998,2112.5864,2096.2078687097637,1304.2495729352709,1453.7120116201465,1,30,33,101,67
81,30,33,LinearHeuristicAuction,0.05,0.02,,True,,1000,3600,cats_reg_g30b150,,heuristic,3,False,CATS,150,regions,MultiMinded,1000,MaxIter,114.35000000000582,1652.215,7,1316.69,725.81600000000003,1521.4790999999998,1891.2459916567641,196.37444288194928,273.165743844958,1,30,41,86,63
82,30,35,LinearHeuristicAuction,0.05,0.02,,True,,1000,3600,cats_reg_g30b150,,heuristic,3,False,CATS,150,regions,MultiMinded,1000,MaxIter,129.0899999999965,2109.0315,9,1900.31,619.13249999999994,2019.7645,2290.5084664265828,514.56880495315397,582.94245686818306,1,30,30,104,65
83,30,32,LinearHeuristicAuction,0.05,0.02,,True,,1000,3600,cats_reg_g30b150,,heuristic,3,False,CATS,150,regions,MultiMinded,1000,MaxIter,127.55000000001746,2576.43019,2,2027.96,1059.6700000000001,1976.2586000000001,2663.5453727160561,0.0,75.675431298039911,1,30,49,94,62
84,30,34,LinearHeuristicAuction,0.05,0.02,,True,,1000,3600,cats_reg_g30b150,,heuristic,3,False,CATS,150,regions,MultiMinded,1000,MaxIter,116.26000000000931,1983.6759000000002,4,1485.27,650.14099999999996,1688.4048,1986.8813429457884,79.870057688487975,277.51800111021078,1,29,28,100,64
85,30,33,LinearHeuristicAuction,0.05,0.02,,True,,1000,3600,cats_reg_g30b150,,heuristic,3,False,CATS,150,regions,MultiMinded,54,Balance,5.949999999982538,1650.3177,5,1136.81,534.83399999999995,1650.3177,1607.079405866886,1477.9948191317869,1567.075124938297,1,30,29,87,63
86,30,37,LinearHeuristicAuction,0.05,0.02,,True,,1000,3600,cats_reg_g30b150,,heuristic,3,False,CATS,150,regions,MultiMinded,48,Balance,4.920000000012806,2073.2363,6,1605.13,504.47649999999999,2069.3503,1805.8094726593226,1694.8246426593225,2013.1893025920378,1,29,32,84,67
87,30,34,LinearHeuristicAuction,0.05,0.02,,True,,1000,3600,cats_reg_g30b150,,heuristic,3,False,CATS,150,regions,MultiMinded,1000,MaxIter,113.43999999997322,2161.5317,8,1611.82,461.19499999999999,2158.4927,2104.0070851259698,993.78158316471217,1290.5352261713128,1,29,27,99,64
88,30,35,LinearHeuristicAuction,0.05,0.02,,True,,1000,3600,cats_reg_g30b150,,heuristic,3,False,CATS,150,regions,MultiMinded,1000,MaxIter,121.05999999999767,1960.6723,8,1579.4,529.16499999999996,1868.8607999999997,1980.2800797167993,1397.6892334928189,1488.5449038189317,1,30,29,102,65
89,30,40,LinearHeuristicAuction,0.05,0.02,,True,,1000,3600,cats_reg_g30b150,,heuristic,3,False,CATS,150,regions,MultiMinded,1000,MaxIter,120.99000000001979,2103.4608,12,1324.86,455.78500000000003,1880.1218000000001,1861.9893502446207,553.55896601226345,877.79835933644165,1,28,33,109,70
90,30,36,LinearHeuristicAuction,0.05,0.02,,True,,1000,3600,cats_reg_g30b150,,heuristic,3,False,CATS,150,regions,MultiMinded,1000,MaxIter,111.66000000000349,2252.2093,7,1749.09,686.99800000000005,2120.1034999999997,2232.5073724388899,338.69161634872967,514.68247253841673,1,29,11,90,66
91,30,37,LinearHeuristicAuction,0.05,0.02,,True,,1000,3600,cats_reg_g30b150,,heuristic,3,False,CATS,150,regions,MultiMinded,1000,MaxIter,123.37999999997555,2533.4677,9,1557.05,605.50300000000004,2062.6819,2299.5548609782722,516.85248409678138,948.98859425718706,1,28,22,95,67
92,30,37,LinearHeuristicAuction,0.05,0.02,,True,,1000,3600,cats_reg_g30b150,,heuristic,3,False,CATS,150,regions,MultiMinded,403,Balance,48.51999999998952,2087.0795,9,1557.29,467.12700000000001,2087.0795,1989.2931484239946,1779.0859984239944,1927.2123203596429,1,30,39,110,67
93,30,34,LinearHeuristicAuction,0.05,0.02,,True,,1000,3600,cats_reg_g30b150,,heuristic,3,False,CATS,150,regions,MultiMinded,1000,MaxIter,124.96000000002095,2220.4165999999996,7,1477.09,531.97949999999992,2131.4015999999997,2536.1931875513114,208.71182257773776,353.1818646998114,1,30,29,102,64
94,30,33,LinearHeuristicAuction,0.05,0.02,,True,,1000,3600,cats_reg_g30b150,,heuristic,3,False,CATS,150,regions,MultiMinded,1000,MaxIter,118.63000000000466,2089.1439,6,1850.23,583.02999999999997,1864.7819,2143.8947389454452,0.0,146.16129999999998,1,29,22,94,63
95,30,36,LinearHeuristicAuction,0.05,0.02,,True,,1000,3600,cats_reg_g30b150,,heuristic,3,False,CATS,150,regions,MultiMinded,1000,MaxIter,115.39999999999418,2218.1557,5,1747.55,732.99250000000006,1980.7702,2449.4724267547272,341.52029948597124,383.23599563212696,1,30,64,97,66
96,30,33,LinearHeuristicAuction,0.05,0.02,,True,,1000,3600,cats_reg_g30b150,,heuristic,3,False,CATS,150,regions,MultiMinded,1000,MaxIter,122.6700000000128,1873.9284000000002,8,1690.89,555.43200000000002,1708.6315000000002,1951.0078144631384,953.41824513189272,1047.2199062423351,1,29,14,97,63
97,30,37,LinearHeuristicAuction,0.05,0.02,,True,,1000,3600,cats_reg_g30b150,,heuristic,3,False,CATS,150,regions,MultiMinded,1000,MaxIter,122.02999999999884,1853.4531000000002,7,1334.16,635.36699999999996,1698.8991,1885.7010433432981,156.99652512488592,255.68222784473068,1,29,26,99,67
98,30,36,LinearHeuristicAuction,0.05,0.02,,True,,1000,3600,cats_reg_g30b150,,heuristic,3,False,CATS,150,regions,MultiMinded,1000,MaxIter,110.98999999999069,2779.0163,2,2131.76,620.35799999999995,1116.7033,2824.6177430126459,0.0,247.06703961100726,1,30,52,92,66
99,30,37,LinearHeuristicAuction,0.05,0.02,,True,,1000,3600,cats_reg_g30b150,,heuristic,3,False,CATS,150,regions,MultiMinded,1000,MaxIter,116.4199999999837,2286.8288000000002,7,1573.72,543.00099999999998,1855.5395,2470.0749177153443,856.02429744078813,894.30838126715162,1,30,38,98,67
100,30,32,LinearHeuristicAuction,0.05,0.02,,True,,1000,3600,cats_reg_g30b150,,heuristic,3,False,CATS,150,regions,MultiMinded,1000,MaxIter,123.56999999997788,1906.0085,9,1496.95,591.39400000000001,1785.8445,1780.2655654765056,744.73678868598154,918.81624796789004,1,30,49,96,62
