idx,items,agents,auction_class,epsilon,stepc,epoch,scalebyvalue,reserve_type,maxiter,maxtime,generator_param_name,personalized,bidding_strategy,heuristic_pool_num,int_prices,generator,bids,distribution,type,rounds,status,runtime,efficient_value,final_num_winners,final_max_agent_value,final_scalevalue,final_value,final_total_price,final_revenue,final_indirect_util,final_price_degree,final_price_sparsity,final_imbalance,final_wd_nvars,final_wd_ncons
1,30,36,LinearSubgradientAuction,0.05,0.02,,True,,1000,3600,cats_reg_g30b150,,heuristic,2,False,CATS,150,regions,MultiMinded,1000,MaxIter,1500.9700000000012,2502.8085,9,1712.02,630.28700000000003,2181.2134,2211.9002415794885,1635.1170829452185,1993.6801349972566,1,30,9,2196,3306
2,30,38,LinearSubgradientAuction,0.05,0.02,,True,,1000,3600,cats_reg_g30b150,,heuristic,2,False,CATS,150,regions,MultiMinded,1000,MaxIter,1584.8699999999953,2067.4249,5,1460.04,478.96600000000001,1443.4799,2118.9472001341342,311.91154823067347,356.4112378333852,1,30,14,2318,3488
3,30,36,LinearSubgradientAuction,0.05,0.02,,True,,1000,3600,cats_reg_g30b150,,heuristic,2,False,CATS,150,regions,MultiMinded,1000,MaxIter,1461.5599999999977,2226.2472000000002,6,1961.0,494.50999999999999,971.9689,2247.0496707106377,255.18944292655306,295.49418524308203,1,29,14,2160,3234
4,30,38,LinearSubgradientAuction,0.05,0.02,,True,,1000,3600,cats_reg_g30b150,,heuristic,2,False,CATS,150,regions,MultiMinded,1000,MaxIter,1588.5199999999968,2004.9491999999998,11,1505.7,557.86300000000006,1454.3061,1868.2370988973723,653.4191192486702,835.29828310686662,1,30,5,2318,3488
5,30,35,LinearSubgradientAuction,0.05,0.02,,True,,1000,3600,cats_reg_g30b150,,heuristic,2,False,CATS,150,regions,MultiMinded,1000,MaxIter,1439.1399999999994,1864.626,8,1703.97,505.12049999999999,1335.036,1908.8469658340775,899.24236012398092,916.89935693593577,1,30,28,2135,3215
6,30,35,LinearSubgradientAuction,0.05,0.02,,True,,1000,3600,cats_reg_g30b150,,heuristic,2,False,CATS,150,regions,MultiMinded,1000,MaxIter,1401.9300000000003,2116.0368,4,1959.83,614.52500000000009,1076.6188000000002,2299.3049984565487,789.85282895138823,830.45529178655738,1,28,15,2065,3075
7,30,35,LinearSubgradientAuction,0.05,0.02,,True,,1000,3600,cats_reg_g30b150,,heuristic,2,False,CATS,150,regions,MultiMinded,1000,MaxIter,1438.2900000000009,2031.9575,6,1330.11,558.39999999999998,676.9385,2027.6862675588704,507.09276419463919,610.26734775750106,1,30,18,2135,3215
8,30,35,LinearSubgradientAuction,0.05,0.02,,True,,1000,3600,cats_reg_g30b150,,heuristic,2,False,CATS,150,regions,MultiMinded,1000,MaxIter,1437.5,2027.57669,5,1379.5,642.28750000000002,401.44269,1949.8084509033713,44.741569919331873,187.09113422344933,1,30,25,2135,3215
9,30,36,LinearSubgradientAuction,0.05,0.02,,True,,1000,3600,cats_reg_g30b150,,heuristic,2,False,CATS,150,regions,MultiMinded,1000,MaxIter,1417.3799999999974,1859.5272999999997,4,1542.29,443.88650000000001,192.6497,1826.771073595829,0.0,105.67062358528639,1,28,17,2124,3162
10,30,34,LinearSubgradientAuction,0.05,0.02,,True,,1000,3600,cats_reg_g30b150,,heuristic,2,False,CATS,150,regions,MultiMinded,1000,MaxIter,1396.270000000004,2566.974,6,2112.56,626.02300000000002,998.292,2576.1950669546877,743.59313200895758,902.30854090224454,1,29,17,2040,3056
11,30,36,LinearSubgradientAuction,0.05,0.02,,True,,1000,3600,cats_reg_g30b150,,heuristic,2,False,CATS,150,regions,MultiMinded,1000,MaxIter,1417.6199999999953,2431.6115,7,2098.81,721.22149999999999,1018.1928,2432.6820924417084,130.23085698224742,223.99225042139409,1,28,41,2124,3162
12,30,32,LinearSubgradientAuction,0.05,0.02,,True,,1000,3600,cats_reg_g30b150,,heuristic,2,False,CATS,150,regions,MultiMinded,1000,MaxIter,1323.5999999999985,1865.81568,9,1645.15,855.13049999999998,840.6583800000001,1933.934625099856,22.227826264872512,125.42378947573911,1,30,13,1952,2942
13,30,35,LinearSubgradientAuction,0.05,0.02,,True,,1000,3600,cats_reg_g30b150,,heuristic,2,False,CATS,150,regions,MultiMinded,1000,MaxIter,1452.489999999998,1773.5022000000001,3,1494.31,678.60900000000004,302.5117,1845.4193224491917,0.0,73.139035886846301,1,30,28,2135,3215
14,30,32,LinearSubgradientAuction,0.05,0.02,,True,,1000,3600,cats_reg_g30b150,,heuristic,2,False,CATS,150,regions,MultiMinded,1000,MaxIter,1322.4199999999983,1980.1873000000003,5,1559.99,631.08900000000006,846.5467000000001,1950.6228201977956,586.43921169283294,781.42509564902525,1,30,16,1952,2942
15,30,36,LinearSubgradientAuction,0.05,0.02,,True,,1000,3600,cats_reg_g30b150,,heuristic,2,False,CATS,150,regions,MultiMinded,54,Balance,77.95000000000437,2512.4141000000004,3,2312.23,781.00699999999995,2512.4141000000004,2380.6316397910364,2283.9588707993212,2428.2895837006436,1,30,3,2196,3306
16,30,34,LinearSubgradientAuction,0.05,0.02,,True,,1000,3600,cats_reg_g30b150,,heuristic,2,False,CATS,150,regions,MultiMinded,1000,MaxIter,1354.3600000000006,1929.452,8,1789.44,584.255,861.5236,1962.6788967106691,206.4245766074695,277.94030572439749,1,28,20,2006,2988
17,30,33,LinearSubgradientAuction,0.05,0.02,,True,,1000,3600,cats_reg_g30b150,,heuristic,2,False,CATS,150,regions,MultiMinded,1000,MaxIter,1380.5799999999945,1934.7395999999999,3,1626.95,730.93200000000002,1025.5789,1992.6064856544751,467.09433379792966,547.79462134890287,1,30,18,2013,3033
18,30,34,LinearSubgradientAuction,0.05,0.02,,True,,1000,3600,cats_reg_g30b150,,heuristic,2,False,CATS,150,regions,MultiMinded,358,Balance,487.6600000000035,2504.1384,4,1818.33,781.33600000000001,2504.1384,2477.9315086012311,2321.6643086012309,2386.5350165074419,1,28,0,2006,2988
19,30,36,LinearSubgradientAuction,0.05,0.02,,True,,1000,3600,cats_reg_g30b150,,heuristic,2,False,CATS,150,regions,MultiMinded,726,Balance,1059.5099999999948,2560.7110000000002,12,1508.06,549.71399999999994,2557.321,2184.0862701268202,1918.6064568360005,2306.1096230613903,1,29,9,2160,3234
20,30,37,LinearSubgradientAuction,0.05,0.02,,True,,1000,3600,cats_reg_g30b150,,heuristic,2,False,CATS,150,regions,MultiMinded,1000,MaxIter,1526.4800000000032,1801.7813999999998,10,1490.47,395.125,1107.2954,1826.8088938764977,883.47436538090744,937.91317726913223,1,30,15,2257,3397
21,30,33,LinearSubgradientAuction,0.05,0.02,,True,,1000,3600,cats_reg_g30b150,,heuristic,2,False,CATS,150,regions,MultiMinded,1000,MaxIter,1371.5,1553.7635,5,1374.19,778.39550000000008,285.5938,1605.0138863538298,58.754500130981178,110.31394999999998,1,30,33,2013,3033
22,30,38,LinearSubgradientAuction,0.05,0.02,,True,,1000,3600,cats_reg_g30b150,,heuristic,2,False,CATS,150,regions,MultiMinded,1000,MaxIter,1541.5399999999936,2312.252,4,2123.59,638.69949999999994,1559.846,2444.9075172685102,230.54083935449552,279.86151341167567,1,29,15,2280,3412
23,30,38,LinearSubgradientAuction,0.05,0.02,,True,,1000,3600,cats_reg_g30b150,,heuristic,2,False,CATS,150,regions,MultiMinded,1000,MaxIter,1587.2900000000009,2354.8725,10,1818.1,597.00800000000004,766.5186999999999,2226.1976403138324,346.08139841266546,559.50424680834908,1,30,19,2318,3488
24,30,35,LinearSubgradientAuction,0.05,0.02,,True,,1000,3600,cats_reg_g30b150,,heuristic,2,False,CATS,150,regions,MultiMinded,1000,MaxIter,1443.7699999999968,1892.4884,11,1241.36,538.58849999999995,786.4008,1915.4862127928147,180.02137057367364,317.98293454295447,1,30,11,2135,3215
25,30,33,LinearSubgradientAuction,0.05,0.02,,True,,1000,3600,cats_reg_g30b150,,heuristic,2,False,CATS,150,regions,MultiMinded,1000,MaxIter,1331.6599999999962,1741.0822999999998,6,1538.41,861.41849999999999,1145.1143000000002,1810.614254258948,365.86293124304217,458.5108929567935,1,29,11,1980,2967
26,30,34,LinearSubgradientAuction,0.05,0.02,,True,,1000,3600,cats_reg_g30b150,,heuristic,2,False,CATS,150,regions,MultiMinded,1000,MaxIter,1404.7000000000044,2008.668,6,1919.5,424.82100000000003,1294.2124,2061.541322727338,1102.6423800431126,1225.7700359570858,1,30,8,2074,3124
27,30,32,LinearSubgradientAuction,0.05,0.02,,True,,1000,3600,cats_reg_g30b150,,heuristic,2,False,CATS,150,regions,MultiMinded,1000,MaxIter,1257.2999999999956,2175.2061,5,1890.21,644.31150000000002,695.3404,2351.117736195004,597.67670392053424,599.43879550107465,1,28,16,1888,2814
28,30,37,LinearSubgradientAuction,0.05,0.02,,True,,1000,3600,cats_reg_g30b150,,heuristic,2,False,CATS,150,regions,MultiMinded,1000,MaxIter,1508.9700000000012,2040.43179,8,1615.6,517.23699999999997,1483.5311000000002,1990.6226287185827,749.1743403275467,898.0098398761786,1,29,13,2220,3323
29,30,33,LinearSubgradientAuction,0.05,0.02,,True,,1000,3600,cats_reg_g30b150,,heuristic,2,False,CATS,150,regions,MultiMinded,1000,MaxIter,1374.0900000000038,2111.632,9,1854.64,708.57899999999995,1266.515,2153.049480186171,239.81632574091242,429.66334327145285,1,30,9,2013,3033
30,30,35,LinearSubgradientAuction,0.05,0.02,,True,,1000,3600,cats_reg_g30b150,,heuristic,2,False,CATS,150,regions,MultiMinded,1000,MaxIter,1410.0899999999965,2323.0769999999998,9,1594.17,462.18150000000003,1624.3683,2156.5797111405782,701.13640533359523,998.92504092489958,1,29,13,2100,3145
31,30,34,LinearSubgradientAuction,0.05,0.02,,True,,1000,3600,cats_reg_g30b150,,heuristic,2,False,CATS,150,regions,MultiMinded,1000,MaxIter,1353.8499999999985,2659.4860000000003,4,2167.09,585.07799999999997,791.318,2611.7535860832936,530.37584631619495,667.30977209241644,1,28,21,2006,2988
32,30,37,LinearSubgradientAuction,0.05,0.02,,True,,1000,3600,cats_reg_g30b150,,heuristic,2,False,CATS,150,regions,MultiMinded,1000,MaxIter,1518.520000000004,1999.8556999999998,11,1545.46,522.50199999999995,900.2937,1981.3901075365118,457.92360940659273,578.53901863851752,1,30,20,2257,3397
33,30,37,LinearSubgradientAuction,0.05,0.02,,True,,1000,3600,cats_reg_g30b150,,heuristic,2,False,CATS,150,regions,MultiMinded,1000,MaxIter,1461.3700000000026,1805.9524000000001,10,1582.17,487.50400000000002,941.487,1712.337498142731,538.3680207480952,717.05002957478291,1,28,50,2183,3249
34,30,39,LinearSubgradientAuction,0.05,0.02,,True,,1000,3600,cats_reg_g30b150,,heuristic,2,False,CATS,150,regions,MultiMinded,1000,MaxIter,1600.0399999999936,1983.6001999999999,4,1564.76,623.41200000000003,629.073,2090.4421527785935,163.60611369423364,208.72992509277339,1,29,19,2340,3501
35,30,38,LinearSubgradientAuction,0.05,0.02,,True,,1000,3600,cats_reg_g30b150,,heuristic,2,False,CATS,150,regions,MultiMinded,1000,MaxIter,1531.9000000000015,2341.4052,9,1755.59,637.298,1140.1598,2380.5933223935272,872.96764548313024,1089.5208325194931,1,29,30,2280,3412
36,30,33,LinearSubgradientAuction,0.05,0.02,,True,,1000,3600,cats_reg_g30b150,,heuristic,2,False,CATS,150,regions,MultiMinded,1000,MaxIter,1371.6299999999974,2136.9992,4,1693.26,587.83249999999998,952.6668000000001,2199.6296368141711,98.112189783284322,190.92503330518497,1,30,22,2013,3033
37,30,34,LinearSubgradientAuction,0.05,0.02,,True,,1000,3600,cats_reg_g30b150,,heuristic,2,False,CATS,150,regions,MultiMinded,1000,MaxIter,1410.270000000004,1991.3467,7,1812.59,701.23299999999995,987.2094999999999,2167.4528939568654,106.96711333441208,194.52138148268725,1,30,18,2074,3124
38,30,40,LinearSubgradientAuction,0.05,0.02,,True,,1000,3600,cats_reg_g30b150,,heuristic,2,False,CATS,150,regions,MultiMinded,288,Balance,477.9400000000023,2724.0288,6,2153.9,576.38300000000004,2724.0288,2413.4496284938909,2282.0519379704442,2592.6311094765529,1,30,0,2440,3670
39,30,30,LinearSubgradientAuction,0.05,0.02,,True,,1000,3600,cats_reg_g30b150,,heuristic,2,False,CATS,150,regions,MultiMinded,1000,MaxIter,1207.9900000000052,1968.0602,6,1918.66,764.726,1606.209,2063.6071426013218,1354.2899088456691,1510.4262702392064,1,30,26,1830,2760
40,30,33,LinearSubgradientAuction,0.05,0.02,,True,,1000,3600,cats_reg_g30b150,,heuristic,2,False,CATS,150,regions,MultiMinded,145,Balance,195.95000000000437,1942.0583000000001,4,1674.34,688.69799999999998,1942.0583000000001,1911.1108984507191,1784.2399154956759,1846.2963426879228,1,30,1,2013,3033
41,30,35,LinearSubgradientAuction,0.05,0.02,,True,,1000,3600,cats_reg_g30b150,,heuristic,2,False,CATS,150,regions,MultiMinded,1000,MaxIter,1453.1600000000035,1877.7214099999999,3,1423.29,646.35299999999995,115.14301,1917.4570838012992,13.193098304937079,44.729978440496161,1,30,23,2135,3215
42,30,32,LinearSubgradientAuction,0.05,0.02,,True,,1000,3600,cats_reg_g30b150,,heuristic,2,False,CATS,150,regions,MultiMinded,1000,MaxIter,1316.989999999998,2111.841,3,1703.5,646.17399999999998,574.331,2332.009154451634,126.99801383610067,165.95634190156267,1,30,24,1952,2942
43,30,40,LinearSubgradientAuction,0.05,0.02,,True,,1000,3600,cats_reg_g30b150,,heuristic,2,False,CATS,150,regions,MultiMinded,1000,MaxIter,1686.2900000000009,2446.7208,10,1927.69,685.90899999999999,1076.962,2232.769647075042,405.80309769934769,646.29418130652607,1,30,16,2440,3670
44,30,35,LinearSubgradientAuction,0.05,0.02,,True,,1000,3600,cats_reg_g30b150,,heuristic,2,False,CATS,150,regions,MultiMinded,1000,MaxIter,1414.1399999999994,1711.1515999999997,4,1299.51,651.40899999999999,439.3139,1585.1333764428177,28.666412827371552,267.5968858880272,1,30,18,2135,3215
45,30,38,LinearSubgradientAuction,0.05,0.02,,True,,1000,3600,cats_reg_g30b150,,heuristic,2,False,CATS,150,regions,MultiMinded,1000,MaxIter,1576.6299999999974,2034.5094,6,1828.07,742.07299999999998,924.3214,2165.9970671062792,249.25353196806657,303.83744989918836,1,30,16,2318,3488
46,30,31,LinearSubgradientAuction,0.05,0.02,,True,,1000,3600,cats_reg_g30b150,,heuristic,2,False,CATS,150,regions,MultiMinded,46,Balance,57.029999999998836,2564.0325000000003,4,2373.4,807.26099999999997,2564.0325000000003,2485.3279127705564,2361.7542960902488,2442.9706844248713,1,30,1,1891,2851
47,30,37,LinearSubgradientAuction,0.05,0.02,,True,,1000,3600,cats_reg_g30b150,,heuristic,2,False,CATS,150,regions,MultiMinded,1000,MaxIter,1523.5999999999985,2233.1322,8,1669.44,664.97900000000004,1307.3662,2130.746715301927,960.68234377816509,1111.1754903251858,1,30,14,2257,3397
48,30,35,LinearSubgradientAuction,0.05,0.02,,True,,1000,3600,cats_reg_g30b150,,heuristic,2,False,CATS,150,regions,MultiMinded,1000,MaxIter,1438.0699999999997,2069.4358,4,1826.01,556.24350000000004,800.9268999999999,2164.8403141749732,41.250687812308492,171.66510242471779,1,30,21,2135,3215
49,30,30,LinearSubgradientAuction,0.05,0.02,,True,,1000,3600,cats_reg_g30b150,,heuristic,2,False,CATS,150,regions,MultiMinded,1000,MaxIter,1225.6500000000015,1979.7895999999998,6,1594.07,673.82600000000002,1498.932,2051.2295201170268,641.98618524306971,698.11661502360289,1,30,11,1830,2760
50,30,33,LinearSubgradientAuction,0.05,0.02,,True,,1000,3600,cats_reg_g30b150,,heuristic,2,False,CATS,150,regions,MultiMinded,1000,MaxIter,1325.8600000000006,2110.6722999999997,8,1335.35,460.47550000000001,1694.5443,2027.968560736643,902.38805305991957,1157.346543372623,1,29,25,1980,2967
51,30,37,LinearSubgradientAuction,0.05,0.02,,True,,1000,3600,cats_reg_g30b150,,heuristic,2,False,CATS,150,regions,MultiMinded,1000,MaxIter,1470.0599999999977,2245.4244000000003,6,1882.26,597.73699999999997,792.8405,2282.909196773061,458.73391845340177,526.08538727609846,1,28,16,2183,3249
52,30,32,LinearSubgradientAuction,0.05,0.02,,True,,1000,3600,cats_reg_g30b150,,heuristic,2,False,CATS,150,regions,MultiMinded,1000,MaxIter,1314.0800000000017,1756.6213,4,1409.87,556.45500000000004,1255.5588,1779.6286032078765,323.962270414025,393.59487356233052,1,30,12,1952,2942
53,30,34,LinearSubgradientAuction,0.05,0.02,,True,,1000,3600,cats_reg_g30b150,,heuristic,2,False,CATS,150,regions,MultiMinded,1000,MaxIter,1362.9400000000023,2325.6629000000003,9,1796.97,570.23000000000002,1313.7924,2193.4474928645809,854.50257642282122,1146.1810200109066,1,28,10,2006,2988
54,30,37,LinearSubgradientAuction,0.05,0.02,,True,,1000,3600,cats_reg_g30b150,,heuristic,2,False,CATS,150,regions,MultiMinded,1000,MaxIter,1504.2200000000012,2355.424,7,2152.9,670.553,825.6569999999999,2339.1413693580357,641.98064631898706,719.35911503596787,1,29,16,2220,3323
55,30,33,LinearSubgradientAuction,0.05,0.02,,True,,1000,3600,cats_reg_g30b150,,heuristic,2,False,CATS,150,regions,MultiMinded,1000,MaxIter,1375.6100000000006,2078.1524999999997,12,1352.37,548.28150000000005,1490.2614999999998,2104.8607870849137,1159.4978744091902,1255.2508133703366,1,30,20,2013,3033
56,30,39,LinearSubgradientAuction,0.05,0.02,,True,,1000,3600,cats_reg_g30b150,,heuristic,2,False,CATS,150,regions,MultiMinded,1000,MaxIter,1585.3899999999994,1893.3772000000004,12,1498.24,591.42200000000003,1291.0479,1820.9323832012371,797.83237922915873,930.01524766079365,1,29,13,2340,3501
57,30,36,LinearSubgradientAuction,0.05,0.02,,True,,1000,3600,cats_reg_g30b150,,heuristic,2,False,CATS,150,regions,MultiMinded,1000,MaxIter,1462.4400000000023,1899.5301999999997,6,1604.44,621.16750000000002,822.1479,1962.397506263628,661.93784235665748,698.62218690484724,1,29,16,2160,3234
58,30,36,LinearSubgradientAuction,0.05,0.02,,True,,1000,3600,cats_reg_g30b150,,heuristic,2,False,CATS,150,regions,MultiMinded,1000,MaxIter,1501.9900000000052,2429.6093,7,2057.42,832.86300000000006,1880.2242999999999,2464.5626535044917,1600.7271850341749,1705.4706936338105,1,30,17,2196,3306
59,30,39,LinearSubgradientAuction,0.05,0.02,,True,,1000,3600,cats_reg_g30b150,,heuristic,2,False,CATS,150,regions,MultiMinded,1000,MaxIter,1628.6599999999962,2064.9126,1,1772.9,622.28800000000001,218.926,2082.5217726896531,0,125.35086047659098,1,30,28,2379,3579
60,30,35,LinearSubgradientAuction,0.05,0.02,,True,,1000,3600,cats_reg_g30b150,,heuristic,2,False,CATS,150,regions,MultiMinded,1000,MaxIter,1384.6699999999983,1956.0875,5,1842.74,450.80399999999997,941.4869000000001,1955.6489695509072,0.0,81.571943715603865,1,28,14,2065,3075
61,30,37,LinearSubgradientAuction,0.05,0.02,,True,,1000,3600,cats_reg_g30b150,,heuristic,2,False,CATS,150,regions,MultiMinded,1000,MaxIter,1509.989999999998,1951.6029999999998,6,1560.47,530.9905,728.8523000000001,2005.0494823927688,270.978190640722,312.26222228877305,1,29,24,2220,3323
62,30,34,LinearSubgradientAuction,0.05,0.02,,True,,1000,3600,cats_reg_g30b150,,heuristic,2,False,CATS,150,regions,MultiMinded,1000,MaxIter,1394.8199999999997,1978.0167,6,1737.89,582.94900000000007,300.92274,1878.5484920791873,73.110505333798244,337.08955904649821,1,30,18,2074,3124
63,30,30,LinearSubgradientAuction,0.05,0.02,,True,,1000,3600,cats_reg_g30b150,,heuristic,2,False,CATS,150,regions,MultiMinded,1000,MaxIter,1224.6900000000023,2547.4234,5,1821.34,869.476,684.1904000000001,2334.5349517834297,17.118218569038888,262.35684025674914,1,30,10,1830,2760
64,30,34,LinearSubgradientAuction,0.05,0.02,,True,,1000,3600,cats_reg_g30b150,,heuristic,2,False,CATS,150,regions,MultiMinded,1000,MaxIter,1413.5499999999956,2427.9729,11,1844.14,792.92899999999997,1357.8479000000002,2465.4065646632494,351.72215796329829,485.43389349795109,1,30,32,2074,3124
65,30,36,LinearSubgradientAuction,0.05,0.02,,True,,1000,3600,cats_reg_g30b150,,heuristic,2,False,CATS,150,regions,MultiMinded,1000,MaxIter,1468.1900000000023,2209.3287,9,1779.98,732.52250000000004,639.2093,2178.1203854241221,154.51710468148906,295.79929208771034,1,29,18,2160,3234
66,30,30,LinearSubgradientAuction,0.05,0.02,,True,,1000,3600,cats_reg_g30b150,,heuristic,2,False,CATS,150,regions,MultiMinded,170,Balance,209.15000000000146,2387.3904,3,2290.03,553.03500000000008,2387.3904,2320.4989160563209,2257.9033887576134,2348.6779500000002,1,30,1,1830,2760
67,30,41,LinearSubgradientAuction,0.05,0.02,,True,,1000,3600,cats_reg_g30b150,,heuristic,2,False,CATS,150,regions,MultiMinded,1000,MaxIter,1679.8499999999985,2130.5865999999996,9,1569.3,447.20299999999997,1555.7785999999999,2149.5433147715962,524.38380650802094,691.39478431602265,1,29,10,2460,3679
68,30,34,LinearSubgradientAuction,0.05,0.02,,True,,1000,3600,cats_reg_g30b150,,heuristic,2,False,CATS,150,regions,MultiMinded,1000,MaxIter,1408.2999999999956,1871.0335999999998,4,1491.62,623.48450000000003,733.1393,1864.3357567439364,0.0,126.69510715814179,1,30,19,2074,3124
69,30,34,LinearSubgradientAuction,0.05,0.02,,True,,1000,3600,cats_reg_g30b150,,heuristic,2,False,CATS,150,regions,MultiMinded,163,Balance,222.27000000000407,2248.1536,8,1918.69,909.28949999999998,2248.1536,2183.9967560217606,1874.8383260217608,1956.109958406201,1,28,17,2006,2988
70,30,32,LinearSubgradientAuction,0.05,0.02,,True,,1000,3600,cats_reg_g30b150,,heuristic,2,False,CATS,150,regions,MultiMinded,1000,MaxIter,1327.1900000000023,2074.3614,5,1794.89,671.03600000000006,1254.2508,2104.9786742930605,381.09895020543297,563.36773488224014,1,30,11,1952,2942
71,30,30,LinearSubgradientAuction,0.05,0.02,,True,,1000,3600,cats_reg_g30b150,,heuristic,2,False,CATS,150,regions,MultiMinded,1000,MaxIter,1204.3499999999985,2107.4125,7,1919.92,672.68100000000004,1535.952,2213.9362750286955,672.22804416867564,791.89090181425786,1,29,8,1800,2700
72,30,35,LinearSubgradientAuction,0.05,0.02,,True,,1000,3600,cats_reg_g30b150,,heuristic,2,False,CATS,150,regions,MultiMinded,1000,MaxIter,1431.1500000000015,1946.4843000000003,7,1216.53,554.09649999999999,874.152,1986.5584031908829,27.734540475871214,188.3965572739375,1,30,16,2135,3215
73,30,35,LinearSubgradientAuction,0.05,0.02,,True,,1000,3600,cats_reg_g30b150,,heuristic,2,False,CATS,150,regions,MultiMinded,1000,MaxIter,1442.199999999997,1852.6272999999999,11,1445.38,663.03899999999999,1179.2809999999997,1787.3693189399321,287.05879189255018,554.16557832154626,1,30,21,2135,3215
74,30,31,LinearSubgradientAuction,0.05,0.02,,True,,1000,3600,cats_reg_g30b150,,heuristic,2,False,CATS,150,regions,MultiMinded,1000,MaxIter,1264.4400000000023,2020.0417,7,1744.34,781.83899999999994,662.5917000000001,2191.148744765947,55.988297181510859,125.03806945674559,1,30,12,1891,2851
75,30,39,LinearSubgradientAuction,0.05,0.02,,True,,1000,3600,cats_reg_g30b150,,heuristic,2,False,CATS,150,regions,MultiMinded,1000,MaxIter,1576.810000000005,2549.9302,9,1890.83,637.39099999999996,1589.1878,2395.2790402367855,671.99350104773612,1128.6595987849703,1,29,15,2340,3501
76,30,36,LinearSubgradientAuction,0.05,0.02,,True,,1000,3600,cats_reg_g30b150,,heuristic,2,False,CATS,150,regions,MultiMinded,1000,MaxIter,1499.5699999999997,1970.4382,11,1633.82,405.01099999999997,1124.7435,2059.4495377045678,950.68002940600218,985.45827234146043,1,30,22,2196,3306
77,30,34,LinearSubgradientAuction,0.05,0.02,,True,,1000,3600,cats_reg_g30b150,,heuristic,2,False,CATS,150,regions,MultiMinded,1000,MaxIter,1385.8499999999985,1646.3148,2,1576.38,831.28949999999998,544.4870000000001,1665.6366100744301,160.84059457323076,228.79720668549237,1,29,21,2040,3056
78,30,34,LinearSubgradientAuction,0.05,0.02,,True,,1000,3600,cats_reg_g30b150,,heuristic,2,False,CATS,150,regions,MultiMinded,1000,MaxIter,1415.3999999999942,2412.1546,9,1881.66,768.41550000000007,1239.3881000000001,2542.5875514828617,909.40661687103102,1042.4935087158449,1,30,15,2074,3124
79,30,29,LinearSubgradientAuction,0.05,0.02,,True,,1000,3600,cats_reg_g30b150,,heuristic,2,False,CATS,150,regions,MultiMinded,1000,MaxIter,1191.4300000000003,2267.359,4,2060.3,919.01300000000003,2009.674,2378.1928131360373,75.739854338147126,300.42475281329035,1,30,20,1769,2669
80,30,37,LinearSubgradientAuction,0.05,0.02,,True,,1000,3600,cats_reg_g30b150,,heuristic,2,False,CATS,150,regions,MultiMinded,1000,MaxIter,1513.2100000000064,2112.5864,9,1592.54,576.49599999999998,1300.9963000000002,2066.3409582647305,630.53090804736928,762.01562213346938,1,29,57,2220,3323
81,30,33,LinearSubgradientAuction,0.05,0.02,,True,,1000,3600,cats_reg_g30b150,,heuristic,2,False,CATS,150,regions,MultiMinded,1000,MaxIter,1376.75,1652.215,5,1316.69,725.81600000000003,520.619,1755.7208783276012,109.98610796364464,150.69371432660441,1,30,18,2013,3033
82,30,35,LinearSubgradientAuction,0.05,0.02,,True,,1000,3600,cats_reg_g30b150,,heuristic,2,False,CATS,150,regions,MultiMinded,1000,MaxIter,1453.3299999999945,2109.0315,10,1900.31,619.13249999999994,1422.7500000000002,2315.4100384910012,598.76662423577716,656.72527960578634,1,30,31,2135,3215
83,30,32,LinearSubgradientAuction,0.05,0.02,,True,,1000,3600,cats_reg_g30b150,,heuristic,2,False,CATS,150,regions,MultiMinded,862,Balance,1142.5499999999956,2576.43019,6,2027.96,1059.6700000000001,2571.7672000000002,2554.8465208521266,2268.7356208521264,2337.6764414528679,1,30,12,1952,2942
84,30,34,LinearSubgradientAuction,0.05,0.02,,True,,1000,3600,cats_reg_g30b150,,heuristic,2,False,CATS,150,regions,MultiMinded,1000,MaxIter,1390.699999999997,1983.6759000000002,5,1485.27,650.14099999999996,1151.6828,1967.530884178921,852.75263697809953,998.83478348487552,1,30,13,2074,3124
85,30,33,LinearSubgradientAuction,0.05,0.02,,True,,1000,3600,cats_reg_g30b150,,heuristic,2,False,CATS,150,regions,MultiMinded,315,Balance,417.3199999999997,1650.3177,6,1136.81,534.83399999999995,1650.3177,1622.5234499620888,1500.6441271748572,1554.7598360777024,1,29,8,1980,2967
86,30,37,LinearSubgradientAuction,0.05,0.02,,True,,1000,3600,cats_reg_g30b150,,heuristic,2,False,CATS,150,regions,MultiMinded,591,Balance,903.8199999999997,2073.2363,7,1605.13,504.47649999999999,2069.3503,1879.983471133273,1746.9364248722516,1957.2763104864543,1,30,2,2257,3397
87,30,34,LinearSubgradientAuction,0.05,0.02,,True,,1000,3600,cats_reg_g30b150,,heuristic,2,False,CATS,150,regions,MultiMinded,1000,MaxIter,1391.020000000004,2161.5317,8,1611.82,461.19499999999999,1028.2757,2220.2825869237304,412.47014536002661,625.06021334988407,1,29,12,2040,3056
88,30,35,LinearSubgradientAuction,0.05,0.02,,True,,1000,3600,cats_reg_g30b150,,heuristic,2,False,CATS,150,regions,MultiMinded,1000,MaxIter,1412.4900000000052,1960.6723,7,1579.4,529.16499999999996,786.3451,1946.2288117814028,490.40786297170041,558.46489563242164,1,29,15,2100,3145
89,30,40,LinearSubgradientAuction,0.05,0.02,,True,,1000,3600,cats_reg_g30b150,,heuristic,2,False,CATS,150,regions,MultiMinded,1000,MaxIter,1647.8499999999985,2103.4608,10,1324.86,455.78500000000003,996.4108,1751.2664426235929,477.47557003099263,835.96629426003472,1,29,17,2400,3590
90,30,36,LinearSubgradientAuction,0.05,0.02,,True,,1000,3600,cats_reg_g30b150,,heuristic,2,False,CATS,150,regions,MultiMinded,1000,MaxIter,1460.6000000000058,2252.2093,5,1749.09,686.99800000000005,726.8653,2174.0564990674711,531.87790073877227,651.82225888561823,1,29,17,2160,3234
91,30,37,LinearSubgradientAuction,0.05,0.02,,True,,1000,3600,cats_reg_g30b150,,heuristic,2,False,CATS,150,regions,MultiMinded,1000,MaxIter,1455.6100000000006,2533.4677,10,1557.05,605.50300000000004,1885.1267,2200.1401448093757,187.44785196514215,660.77587809105876,1,28,16,2183,3249
92,30,37,LinearSubgradientAuction,0.05,0.02,,True,,1000,3600,cats_reg_g30b150,,heuristic,2,False,CATS,150,regions,MultiMinded,899,Balance,1381.1800000000003,2087.0795,10,1557.29,467.12700000000001,2087.0795,1994.7637909754872,1775.8613062187774,1909.0937751143351,1,30,17,2257,3397
93,30,34,LinearSubgradientAuction,0.05,0.02,,True,,1000,3600,cats_reg_g30b150,,heuristic,2,False,CATS,150,regions,MultiMinded,1000,MaxIter,1399.1299999999974,2220.4165999999996,4,1477.09,531.97949999999992,568.7407000000001,2279.9872121795356,229.65901296767095,340.94349973075913,1,30,25,2074,3124
94,30,33,LinearSubgradientAuction,0.05,0.02,,True,,1000,3600,cats_reg_g30b150,,heuristic,2,False,CATS,150,regions,MultiMinded,1000,MaxIter,1324.2900000000009,2089.1439,5,1850.23,583.02999999999997,1143.2599000000002,2100.8694798216857,0.0,152.72466859272606,1,29,13,1980,2967
95,30,36,LinearSubgradientAuction,0.05,0.02,,True,,1000,3600,cats_reg_g30b150,,heuristic,2,False,CATS,150,regions,MultiMinded,1000,MaxIter,1458.6199999999953,2218.1557,4,1747.55,732.99250000000006,1088.445,2280.1217069700992,43.079522031076003,163.44970542965675,1,29,16,2160,3234
96,30,33,LinearSubgradientAuction,0.05,0.02,,True,,1000,3600,cats_reg_g30b150,,heuristic,2,False,CATS,150,regions,MultiMinded,1000,MaxIter,1375.9300000000003,1873.9284000000002,8,1690.89,555.43200000000002,1015.5744000000001,2015.842065089782,663.30435859770887,746.75348525715572,1,30,13,2013,3033
97,30,37,LinearSubgradientAuction,0.05,0.02,,True,,1000,3600,cats_reg_g30b150,,heuristic,2,False,CATS,150,regions,MultiMinded,1000,MaxIter,1511.1700000000055,1853.4531000000002,10,1334.16,635.36699999999996,829.1391000000001,1807.599280964032,480.98093324889277,556.78449627077714,1,29,37,2220,3323
98,30,36,LinearSubgradientAuction,0.05,0.02,,True,,1000,3600,cats_reg_g30b150,,heuristic,2,False,CATS,150,regions,MultiMinded,1000,MaxIter,1478.8199999999997,2779.0163,10,2131.76,620.35799999999995,1127.2103000000002,2819.0242173484576,91.503473237089878,210.69688922305011,1,30,19,2196,3306
99,30,37,LinearSubgradientAuction,0.05,0.02,,True,,1000,3600,cats_reg_g30b150,,heuristic,2,False,CATS,150,regions,MultiMinded,1000,MaxIter,1529.8499999999985,2286.8288000000002,5,1573.72,543.00099999999998,620.8125000000001,2369.5599790427332,34.452612983440012,140.55947306224999,1,30,14,2257,3397
100,30,32,LinearSubgradientAuction,0.05,0.02,,True,,1000,3600,cats_reg_g30b150,,heuristic,2,False,CATS,150,regions,MultiMinded,1000,MaxIter,1311.6900000000023,1906.0085,9,1496.95,591.39400000000001,775.5535,1803.1561077936244,464.00388639252168,603.09506430040233,1,30,32,1952,2942
