idx,items,agents,auction_class,epsilon,stepc,epoch,scalebyvalue,reserve_type,maxiter,maxtime,generator_param_name,personalized,bidding_strategy,heuristic_pool_num,int_prices,generator,bids,distribution,type,rounds,status,runtime,efficient_value,final_num_winners,final_max_agent_value,final_scalevalue,final_value,final_total_price,final_revenue,final_indirect_util,final_price_degree,final_price_sparsity,final_imbalance,final_wd_nvars,final_wd_ncons
1,30,36,AdaptiveCuttingAuction,0.05,0.02,10,True,,1000,3600,cats_reg_g30b150,True,heuristic,3,False,CATS,150,regions,MultiMinded,155,Balance,72.51000000000931,2502.8085,9,1712.02,630.28700000000003,2502.8085,2099.627247106338,1885.3296671063383,2318.1236437375383,14,60,28,99,66
2,30,38,AdaptiveCuttingAuction,0.05,0.02,10,True,,1000,3600,cats_reg_g30b150,True,heuristic,3,False,CATS,150,regions,MultiMinded,1000,MaxIter,811.4800000000105,2067.4249,5,1460.04,478.96600000000001,2067.4249,2085.7636603445794,1406.0767155865019,1425.8747242020061,22,69,21,108,68
3,30,36,AdaptiveCuttingAuction,0.05,0.02,10,True,,1000,3600,cats_reg_g30b150,True,heuristic,3,False,CATS,150,regions,MultiMinded,315,Balance,83.66000000000349,2226.2472000000002,3,1961.0,494.50999999999999,2226.2472000000002,2212.6092544507483,2143.3778544507481,2188.3225316387452,25,44,23,86,66
4,30,38,AdaptiveCuttingAuction,0.05,0.02,10,True,,1000,3600,cats_reg_g30b150,True,heuristic,3,False,CATS,150,regions,MultiMinded,1000,MaxIter,376.4400000000023,2004.9491999999998,12,1505.7,557.86300000000006,1940.2142,1880.8799752396021,1257.2010524267023,1458.2905060514379,5,58,21,105,68
5,30,35,AdaptiveCuttingAuction,0.05,0.02,10,True,,1000,3600,cats_reg_g30b150,True,heuristic,3,False,CATS,150,regions,MultiMinded,1000,MaxIter,447.85999999998603,1864.626,8,1703.97,505.12049999999999,1450.8101,1904.9256743859798,134.21138474781779,213.67202554829839,11,58,64,102,65
6,30,35,AdaptiveCuttingAuction,0.05,0.02,10,True,,1000,3600,cats_reg_g30b150,True,heuristic,3,False,CATS,150,regions,MultiMinded,1000,MaxIter,428.14000000001397,2116.0368,6,1959.83,614.52500000000009,1676.3418000000001,2206.364237280909,191.14075017076777,303.53937044057517,14,60,16,97,65
7,30,35,AdaptiveCuttingAuction,0.05,0.02,10,True,,1000,3600,cats_reg_g30b150,True,heuristic,3,False,CATS,150,regions,MultiMinded,1000,MaxIter,368.13000000000466,2031.9575,6,1330.11,558.39999999999998,2031.9575,2069.4018311816044,790.0685580312653,924.94352991602648,23,58,38,93,65
8,30,35,AdaptiveCuttingAuction,0.05,0.02,10,True,,1000,3600,cats_reg_g30b150,True,heuristic,3,False,CATS,150,regions,MultiMinded,486,Balance,193.86000000001513,2027.57669,8,1379.5,642.28750000000002,2027.57669,1859.9441411675964,1629.7166715587539,1853.9592073295235,17,54,26,96,65
9,30,36,AdaptiveCuttingAuction,0.05,0.02,10,True,,1000,3600,cats_reg_g30b150,True,heuristic,3,False,CATS,150,regions,MultiMinded,773,Balance,504.4900000000198,1859.5272999999997,8,1542.29,443.88650000000001,1859.5272999999997,1790.0360521400946,1644.6402205139834,1741.6968744333724,27,2558,36,114,66
10,30,34,AdaptiveCuttingAuction,0.05,0.02,10,True,,1000,3600,cats_reg_g30b150,True,heuristic,3,False,CATS,150,regions,MultiMinded,78,Balance,22.85000000000582,2566.974,6,2112.56,626.02300000000002,2549.5312000000004,2381.9735875709944,2224.8140831559831,2447.1943487398885,7,44,21,89,64
11,30,36,AdaptiveCuttingAuction,0.05,0.02,10,True,,1000,3600,cats_reg_g30b150,True,heuristic,3,False,CATS,150,regions,MultiMinded,38,Balance,10.349999999976717,2431.6115,4,2098.81,721.22149999999999,2431.6115,2248.1438576997411,2140.5529922036972,2438.7978075687734,1,30,54,85,66
12,30,32,AdaptiveCuttingAuction,0.05,0.02,10,True,,1000,3600,cats_reg_g30b150,True,heuristic,3,False,CATS,150,regions,MultiMinded,1000,MaxIter,292.9099999999744,1865.81568,7,1645.15,855.13049999999998,1457.64428,1998.1412587856623,47.526465657919779,172.97588965708698,25,47,34,91,62
13,30,35,AdaptiveCuttingAuction,0.05,0.02,10,True,,1000,3600,cats_reg_g30b150,True,heuristic,3,False,CATS,150,regions,MultiMinded,424,Balance,202.39999999999418,1773.5022000000001,6,1494.31,678.60900000000004,1773.5022000000001,1740.8558376346648,1566.4811401074821,1660.2175172809357,28,62,57,101,65
14,30,32,AdaptiveCuttingAuction,0.05,0.02,10,True,,1000,3600,cats_reg_g30b150,True,heuristic,3,False,CATS,150,regions,MultiMinded,1000,MaxIter,369.6800000000221,1980.1873000000003,6,1559.99,631.08900000000006,1786.686,1822.6597898557063,52.48687671446578,287.90364750757459,22,55,33,88,62
15,30,36,AdaptiveCuttingAuction,0.05,0.02,10,True,,1000,3600,cats_reg_g30b150,True,heuristic,3,False,CATS,150,regions,MultiMinded,32,Balance,5.970000000001164,2512.4141000000004,4,2312.23,781.00699999999995,2490.0381,2431.4129889915271,2275.2115889915272,2402.0846747045425,1,30,5,75,66
16,30,34,AdaptiveCuttingAuction,0.05,0.02,10,True,,1000,3600,cats_reg_g30b150,True,heuristic,3,False,CATS,150,regions,MultiMinded,1000,MaxIter,397.35999999998603,1929.452,7,1789.44,584.255,1836.1798000000003,2002.9906176036966,611.83758546341676,691.00988291453905,14,62,36,100,64
17,30,33,AdaptiveCuttingAuction,0.05,0.02,10,True,,1000,3600,cats_reg_g30b150,True,heuristic,3,False,CATS,150,regions,MultiMinded,159,Balance,50.13000000000466,1934.7395999999999,7,1626.95,730.93200000000002,1934.7395999999999,1954.0864117497742,1698.2602117497743,1771.4035568859463,14,44,52,98,63
18,30,34,AdaptiveCuttingAuction,0.05,0.02,10,True,,1000,3600,cats_reg_g30b150,True,heuristic,3,False,CATS,150,regions,MultiMinded,1000,MaxIter,388.4100000000035,2504.1384,4,1818.33,781.33600000000001,2504.1384,2395.3792283513844,431.92066202886411,601.24244165605944,18,57,22,93,64
19,30,36,AdaptiveCuttingAuction,0.05,0.02,10,True,,1000,3600,cats_reg_g30b150,True,heuristic,3,False,CATS,150,regions,MultiMinded,1000,MaxIter,617.5,2560.7110000000002,12,1508.06,549.71399999999994,2298.40777,2295.9963600796841,1054.9822163335994,1460.0710022274302,26,62,21,96,66
20,30,37,AdaptiveCuttingAuction,0.05,0.02,10,True,,1000,3600,cats_reg_g30b150,True,heuristic,3,False,CATS,150,regions,MultiMinded,1000,MaxIter,757.4400000000023,1801.7813999999998,9,1490.47,395.125,1699.6483999999998,1902.4484142508272,397.33272304860662,458.55778556510131,23,74,29,118,67
21,30,33,AdaptiveCuttingAuction,0.05,0.02,10,True,,1000,3600,cats_reg_g30b150,True,heuristic,3,False,CATS,150,regions,MultiMinded,149,Balance,35.960000000020955,1553.7635,5,1374.19,778.39550000000008,1545.38,1536.6941028312492,1342.0952278312491,1492.8131237502291,12,46,85,81,63
22,30,38,AdaptiveCuttingAuction,0.05,0.02,10,True,,1000,3600,cats_reg_g30b150,True,heuristic,3,False,CATS,150,regions,MultiMinded,1000,MaxIter,558.6200000000244,2312.252,5,2123.59,638.69949999999994,1688.2710000000002,2403.9955066055886,54.687340011936087,69.671851474299487,21,66,64,113,68
23,30,38,AdaptiveCuttingAuction,0.05,0.02,10,True,,1000,3600,cats_reg_g30b150,True,heuristic,3,False,CATS,150,regions,MultiMinded,248,Balance,130.5100000000093,2354.8725,7,1818.1,597.00800000000004,2354.8725,2104.6550564183904,1955.9761255377625,2240.1635190658926,22,66,50,99,68
24,30,35,AdaptiveCuttingAuction,0.05,0.02,10,True,,1000,3600,cats_reg_g30b150,True,heuristic,3,False,CATS,150,regions,MultiMinded,1000,MaxIter,512.0900000000256,1892.4884,7,1241.36,538.58849999999995,1676.2402,1961.7318061431656,88.533606105052883,317.80322494675249,20,67,45,97,65
25,30,33,AdaptiveCuttingAuction,0.05,0.02,10,True,,1000,3600,cats_reg_g30b150,True,heuristic,3,False,CATS,150,regions,MultiMinded,324,Balance,120.8299999999872,1741.0822999999998,5,1538.41,861.41849999999999,1713.4334,1704.4677376809366,1524.7405888025974,1577.004384490443,17,59,35,92,63
26,30,34,AdaptiveCuttingAuction,0.05,0.02,10,True,,1000,3600,cats_reg_g30b150,True,heuristic,3,False,CATS,150,regions,MultiMinded,139,Balance,45.41000000000349,2008.668,6,1919.5,424.82100000000003,1998.3684,1939.6909933958091,1833.564384483027,1953.4281369833291,11,46,68,97,64
27,30,32,AdaptiveCuttingAuction,0.05,0.02,10,True,,1000,3600,cats_reg_g30b150,True,heuristic,3,False,CATS,150,regions,MultiMinded,442,Balance,170.61999999999534,2175.2061,5,1890.21,644.31150000000002,2175.2061,2238.3458311503628,2088.4166693616771,2095.1229532108455,14,60,30,93,62
28,30,37,AdaptiveCuttingAuction,0.05,0.02,10,True,,1000,3600,cats_reg_g30b150,True,heuristic,3,False,CATS,150,regions,MultiMinded,1000,MaxIter,414.8300000000163,2040.43179,8,1615.6,517.23699999999997,1777.1321000000003,2045.9542779173216,618.73149267825693,747.98345479993998,8,50,45,101,67
29,30,33,AdaptiveCuttingAuction,0.05,0.02,10,True,,1000,3600,cats_reg_g30b150,True,heuristic,3,False,CATS,150,regions,MultiMinded,429,Balance,185.26999999998952,2111.632,9,1854.64,708.57899999999995,2111.632,1969.0299225998638,1650.1693725998639,1868.8652036322896,26,64,94,97,63
30,30,35,AdaptiveCuttingAuction,0.05,0.02,10,True,,1000,3600,cats_reg_g30b150,True,heuristic,3,False,CATS,150,regions,MultiMinded,1000,MaxIter,489.3099999999977,2323.0769999999998,9,1594.17,462.18150000000003,2139.3371,2118.5043407554385,1117.1925302838902,1355.2141718423802,14,64,26,98,65
31,30,34,AdaptiveCuttingAuction,0.05,0.02,10,True,,1000,3600,cats_reg_g30b150,True,heuristic,3,False,CATS,150,regions,MultiMinded,1000,MaxIter,383.20999999999185,2659.4860000000003,7,2167.09,585.07799999999997,2122.6139000000003,2742.5630144525849,1362.9013557919509,1550.2010650160205,10,64,16,101,64
32,30,37,AdaptiveCuttingAuction,0.05,0.02,10,True,,1000,3600,cats_reg_g30b150,True,heuristic,3,False,CATS,150,regions,MultiMinded,1000,MaxIter,461.25,1999.8556999999998,8,1545.46,522.50199999999995,1535.1001999999999,1895.1124034063973,202.25910461874068,368.73740194486425,10,1851,36,107,67
33,30,37,AdaptiveCuttingAuction,0.05,0.02,10,True,,1000,3600,cats_reg_g30b150,True,heuristic,3,False,CATS,150,regions,MultiMinded,177,Balance,81.08999999999651,1805.9524000000001,4,1582.17,487.50400000000002,1805.9524000000001,1672.3320493365025,1600.1970615547889,1750.0892815727673,14,62,27,101,67
34,30,39,AdaptiveCuttingAuction,0.05,0.02,10,True,,1000,3600,cats_reg_g30b150,True,heuristic,3,False,CATS,150,regions,MultiMinded,1000,MaxIter,790.3000000000175,1983.6001999999999,10,1564.76,623.41200000000003,1299.9431,2132.2203801677342,243.34955050737184,352.07846152546387,26,2847,13,112,69
35,30,38,AdaptiveCuttingAuction,0.05,0.02,10,True,,1000,3600,cats_reg_g30b150,True,heuristic,3,False,CATS,150,regions,MultiMinded,1000,MaxIter,522.0299999999988,2341.4052,8,1755.59,637.298,2323.3592,2167.8555988335238,1886.116221379064,2101.3474103014828,13,61,21,104,68
36,30,33,AdaptiveCuttingAuction,0.05,0.02,10,True,,1000,3600,cats_reg_g30b150,True,heuristic,3,False,CATS,150,regions,MultiMinded,1000,MaxIter,506.64000000001397,2136.9992,8,1693.26,587.83249999999998,1907.5577999999998,2331.1496853159219,1094.4024194682092,1221.9278555365515,26,70,73,110,63
37,30,34,AdaptiveCuttingAuction,0.05,0.02,10,True,,1000,3600,cats_reg_g30b150,True,heuristic,3,False,CATS,150,regions,MultiMinded,1000,MaxIter,440.4000000000233,1991.3467,3,1812.59,701.23299999999995,1924.7316,1965.8576297582761,55.808060634637087,95.504885242913119,26,64,28,106,64
38,30,40,AdaptiveCuttingAuction,0.05,0.02,10,True,,1000,3600,cats_reg_g30b150,True,heuristic,3,False,CATS,150,regions,MultiMinded,80,Balance,35.820000000006985,2724.0288,6,2153.9,576.38300000000004,2724.0288,2374.8211716096916,2240.988491987192,2609.2724315251207,25,67,30,98,70
39,30,30,AdaptiveCuttingAuction,0.05,0.02,10,True,,1000,3600,cats_reg_g30b150,True,heuristic,3,False,CATS,150,regions,MultiMinded,1000,MaxIter,334.3300000000163,1968.0602,5,1918.66,764.726,1735.4817,2163.6953439334379,54.316679329493681,235.55679307471945,19,63,14,85,60
40,30,33,AdaptiveCuttingAuction,0.05,0.02,10,True,,1000,3600,cats_reg_g30b150,True,heuristic,3,False,CATS,150,regions,MultiMinded,62,Balance,17.589999999996508,1942.0583000000001,3,1674.34,688.69799999999998,1942.0583000000001,1889.9801935618098,1786.6754935618098,1856.7906808989571,25,46,52,82,63
41,30,35,AdaptiveCuttingAuction,0.05,0.02,10,True,,1000,3600,cats_reg_g30b150,True,heuristic,3,False,CATS,150,regions,MultiMinded,185,Balance,79.16000000000349,1877.7214099999999,9,1423.29,646.35299999999995,1877.7214099999999,1862.5318972205387,1617.4830234659612,1683.7926505939779,15,62,35,106,65
42,30,32,AdaptiveCuttingAuction,0.05,0.02,10,True,,1000,3600,cats_reg_g30b150,True,heuristic,3,False,CATS,150,regions,MultiMinded,1000,MaxIter,591.8099999999977,2111.841,7,1703.5,646.17399999999998,1912.675,2360.453648542768,737.69236081154077,758.32225760038568,20,66,36,108,62
43,30,40,AdaptiveCuttingAuction,0.05,0.02,10,True,,1000,3600,cats_reg_g30b150,True,heuristic,3,False,CATS,150,regions,MultiMinded,1000,MaxIter,465.11999999999534,2446.7208,12,1927.69,685.90899999999999,2269.8750000000005,2343.019451943519,1596.954423940685,1756.7950276226247,23,56,18,101,70
44,30,35,AdaptiveCuttingAuction,0.05,0.02,10,True,,1000,3600,cats_reg_g30b150,True,heuristic,3,False,CATS,150,regions,MultiMinded,1000,MaxIter,497.1000000000058,1711.1515999999997,5,1299.51,651.40899999999999,1543.2196,1504.5787320904569,177.33942578294364,381.43261560532073,25,64,32,106,65
45,30,38,AdaptiveCuttingAuction,0.05,0.02,10,True,,1000,3600,cats_reg_g30b150,True,heuristic,3,False,CATS,150,regions,MultiMinded,1000,MaxIter,617.2000000000116,2034.5094,7,1828.07,742.07299999999998,1628.4913,2248.5750250454885,37.118633388951835,40.894526769229337,20,64,18,112,68
46,30,31,AdaptiveCuttingAuction,0.05,0.02,10,True,,1000,3600,cats_reg_g30b150,True,heuristic,3,False,CATS,150,regions,MultiMinded,45,Balance,6.769999999989523,2564.0325000000003,4,2373.4,807.26099999999997,2564.0325000000003,2514.2251394879727,2377.3740428288988,2467.4806053873463,1,30,10,70,61
47,30,37,AdaptiveCuttingAuction,0.05,0.02,10,True,,1000,3600,cats_reg_g30b150,True,heuristic,3,False,CATS,150,regions,MultiMinded,228,Balance,64.6699999999837,2233.1322,7,1669.44,664.97900000000004,2233.1322,1983.487447805192,1804.6314074371646,2101.3365327884676,8,42,52,99,67
48,30,35,AdaptiveCuttingAuction,0.05,0.02,10,True,,1000,3600,cats_reg_g30b150,True,heuristic,3,False,CATS,150,regions,MultiMinded,1000,MaxIter,660.4100000000035,2069.4358,6,1826.01,556.24350000000004,1545.8189,2120.1726465804422,128.88989896213386,286.22571507497241,12,79,65,109,65
49,30,30,AdaptiveCuttingAuction,0.05,0.02,10,True,,1000,3600,cats_reg_g30b150,True,heuristic,3,False,CATS,150,regions,MultiMinded,1000,MaxIter,285.5,1979.7895999999998,6,1594.07,673.82600000000002,1902.3349999999998,1960.44180155003,1397.4558550842473,1482.108840584086,9,46,9,87,60
50,30,33,AdaptiveCuttingAuction,0.05,0.02,10,True,,1000,3600,cats_reg_g30b150,True,heuristic,3,False,CATS,150,regions,MultiMinded,140,Balance,48.30000000001746,2110.6722999999997,7,1335.35,460.47550000000001,2110.6722999999997,1898.8496568141229,1756.1022518141231,2008.480408136046,25,55,17,86,63
51,30,37,AdaptiveCuttingAuction,0.05,0.02,10,True,,1000,3600,cats_reg_g30b150,True,heuristic,3,False,CATS,150,regions,MultiMinded,136,Balance,55.60000000000582,2245.4244000000003,6,1882.26,597.73699999999997,2245.4244000000003,2195.8901796592227,2074.652124114958,2185.4950258308754,8,49,23,104,67
52,30,32,AdaptiveCuttingAuction,0.05,0.02,10,True,,1000,3600,cats_reg_g30b150,True,heuristic,3,False,CATS,150,regions,MultiMinded,1000,MaxIter,354.60999999998603,1756.6213,6,1409.87,556.45500000000004,1324.2873000000002,1690.9611498378547,163.66232533020062,317.62196588057947,12,63,19,90,62
53,30,34,AdaptiveCuttingAuction,0.05,0.02,10,True,,1000,3600,cats_reg_g30b150,True,heuristic,3,False,CATS,150,regions,MultiMinded,1000,MaxIter,287.0199999999895,2325.6629000000003,10,1796.97,570.23000000000002,2243.8459000000003,2155.8546544637215,908.41481534170555,1191.1633632624159,6,1496,32,94,64
54,30,37,AdaptiveCuttingAuction,0.05,0.02,10,True,,1000,3600,cats_reg_g30b150,True,heuristic,3,False,CATS,150,regions,MultiMinded,1000,MaxIter,524.8399999999965,2355.424,9,2152.9,670.553,2093.8876999999998,2481.5087997302858,703.64538214706295,770.41887085465339,17,67,21,109,67
55,30,33,AdaptiveCuttingAuction,0.05,0.02,10,True,,1000,3600,cats_reg_g30b150,True,heuristic,3,False,CATS,150,regions,MultiMinded,1000,MaxIter,409.79000000000815,2078.1524999999997,10,1352.37,548.28150000000005,2078.1524999999997,2234.7099632305117,1047.3944555001488,1149.3906678876122,6,48,37,92,63
56,30,39,AdaptiveCuttingAuction,0.05,0.02,10,True,,1000,3600,cats_reg_g30b150,True,heuristic,3,False,CATS,150,regions,MultiMinded,1000,MaxIter,401.1699999999837,1893.3772000000004,10,1498.24,591.42200000000003,1813.151,1842.2175850368446,1161.2058817777324,1282.495590565818,15,63,19,104,69
57,30,36,AdaptiveCuttingAuction,0.05,0.02,10,True,,1000,3600,cats_reg_g30b150,True,heuristic,3,False,CATS,150,regions,MultiMinded,142,Balance,55.079999999987194,1899.5301999999997,9,1604.44,621.16750000000002,1806.2730999999999,1869.4084959513905,1589.8831209513899,1629.9169840287882,11,46,40,99,66
58,30,36,AdaptiveCuttingAuction,0.05,0.02,10,True,,1000,3600,cats_reg_g30b150,True,heuristic,3,False,CATS,150,regions,MultiMinded,1000,MaxIter,358.70999999999185,2429.6093,8,2057.42,832.86300000000006,1968.5022000000001,2313.3257106308774,708.66891185981308,866.12300710174986,14,47,25,92,66
59,30,39,AdaptiveCuttingAuction,0.05,0.02,10,True,,1000,3600,cats_reg_g30b150,True,heuristic,3,False,CATS,150,regions,MultiMinded,1000,MaxIter,502.45000000001164,2064.9126,7,1772.9,622.28800000000001,1860.3156,2087.6639982866677,630.50159825193646,734.97026362851307,10,64,71,114,69
60,30,35,AdaptiveCuttingAuction,0.05,0.02,10,True,,1000,3600,cats_reg_g30b150,True,heuristic,3,False,CATS,150,regions,MultiMinded,1000,MaxIter,571.5,1956.0875,6,1842.74,450.80399999999997,1267.2664999999997,1975.9029695138902,0.0,75.387399748058812,7,62,61,101,65
61,30,37,AdaptiveCuttingAuction,0.05,0.02,10,True,,1000,3600,cats_reg_g30b150,True,heuristic,3,False,CATS,150,regions,MultiMinded,1000,MaxIter,608.5200000000186,1951.6029999999998,9,1560.47,530.9905,1719.2031,1849.8812005272555,687.063377695957,809.84454467444698,12,58,41,106,67
62,30,34,AdaptiveCuttingAuction,0.05,0.02,10,True,,1000,3600,cats_reg_g30b150,True,heuristic,3,False,CATS,150,regions,MultiMinded,1000,MaxIter,367.8299999999872,1978.0167,9,1737.89,582.94900000000007,1693.97844,1973.3467550948267,285.00149034218367,496.57555579337884,16,58,47,100,64
63,30,30,AdaptiveCuttingAuction,0.05,0.02,10,True,,1000,3600,cats_reg_g30b150,True,heuristic,3,False,CATS,150,regions,MultiMinded,82,Balance,19.660000000003492,2547.4234,5,1821.34,869.476,2547.4234,2301.3561309446377,2152.2344934421185,2508.1956522551081,11,43,81,78,60
64,30,34,AdaptiveCuttingAuction,0.05,0.02,10,True,,1000,3600,cats_reg_g30b150,True,heuristic,3,False,CATS,150,regions,MultiMinded,426,Balance,201.0899999999965,2427.9729,10,1844.14,792.92899999999997,2360.6847000000002,2241.8831105677809,1864.4987192714807,2075.9071666088021,16,58,26,98,64
65,30,36,AdaptiveCuttingAuction,0.05,0.02,10,True,,1000,3600,cats_reg_g30b150,True,heuristic,3,False,CATS,150,regions,MultiMinded,875,Balance,528.710000000021,2209.3287,7,1779.98,732.52250000000004,2209.3287,2135.9069163439235,1916.1501663439233,2035.6628262162703,14,62,45,103,66
66,30,30,AdaptiveCuttingAuction,0.05,0.02,10,True,,1000,3600,cats_reg_g30b150,True,heuristic,3,False,CATS,150,regions,MultiMinded,96,Balance,20.300000000017462,2387.3904,2,2290.03,553.03500000000008,2387.3904,2316.558100494899,2261.254600494899,2359.191408298504,27,44,6,75,60
67,30,41,AdaptiveCuttingAuction,0.05,0.02,10,True,,1000,3600,cats_reg_g30b150,True,heuristic,3,False,CATS,150,regions,MultiMinded,1000,MaxIter,468.77999999999884,2130.5865999999996,9,1569.3,447.20299999999997,1993.4956000000002,2167.3425832411604,1688.738747442954,1857.690644048557,9,1687,40,105,71
68,30,34,AdaptiveCuttingAuction,0.05,0.02,10,True,,1000,3600,cats_reg_g30b150,True,heuristic,3,False,CATS,150,regions,MultiMinded,1000,MaxIter,564.3300000000163,1871.0335999999998,9,1491.62,623.48450000000003,1675.6464999999998,1854.9341575392357,988.23464799756198,1091.9698950873774,15,62,23,104,64
69,30,34,AdaptiveCuttingAuction,0.05,0.02,10,True,,1000,3600,cats_reg_g30b150,True,heuristic,3,False,CATS,150,regions,MultiMinded,1000,MaxIter,456.9100000000035,2248.1536,9,1918.69,909.28949999999998,1949.4396,2233.8547518841233,206.97216353141931,313.69536868863366,12,65,29,104,64
70,30,32,AdaptiveCuttingAuction,0.05,0.02,10,True,,1000,3600,cats_reg_g30b150,True,heuristic,3,False,CATS,150,regions,MultiMinded,1000,MaxIter,352.62000000002445,2074.3614,5,1794.89,671.03600000000006,1678.3232,2369.2026063055528,133.17776563376992,389.40353014241481,18,45,41,85,62
71,30,30,AdaptiveCuttingAuction,0.05,0.02,10,True,,1000,3600,cats_reg_g30b150,True,heuristic,3,False,CATS,150,regions,MultiMinded,1000,MaxIter,392.46000000002095,2107.4125,3,1919.92,672.68100000000004,2077.242,2162.2010834342677,57.637565117785257,112.45243490424861,26,66,21,98,60
72,30,35,AdaptiveCuttingAuction,0.05,0.02,10,True,,1000,3600,cats_reg_g30b150,True,heuristic,3,False,CATS,150,regions,MultiMinded,1000,MaxIter,377.38000000000466,1946.4843000000003,8,1216.53,554.09649999999999,1706.8743,1834.1217825584861,809.21547511010544,1038.988140762744,11,59,32,95,65
73,30,35,AdaptiveCuttingAuction,0.05,0.02,10,True,,1000,3600,cats_reg_g30b150,True,heuristic,3,False,CATS,150,regions,MultiMinded,1000,MaxIter,384.29000000000815,1852.6272999999999,10,1445.38,663.03899999999999,1640.1199,1793.3732886559139,600.98716325593637,843.21109958640341,15,58,29,92,65
74,30,31,AdaptiveCuttingAuction,0.05,0.02,10,True,,1000,3600,cats_reg_g30b150,True,heuristic,3,False,CATS,150,regions,MultiMinded,251,Balance,55.329999999987194,2020.0417,6,1744.34,781.83899999999994,2020.0417,1978.2892120377528,1767.1926820377528,1881.9320213711242,11,44,17,77,61
75,30,39,AdaptiveCuttingAuction,0.05,0.02,10,True,,1000,3600,cats_reg_g30b150,True,heuristic,3,False,CATS,150,regions,MultiMinded,1000,MaxIter,403.61000000001513,2549.9302,10,1890.83,637.39099999999996,2138.2052000000003,2335.2222152499385,1085.1184259349584,1493.5434395650195,13,51,24,100,69
76,30,36,AdaptiveCuttingAuction,0.05,0.02,10,True,,1000,3600,cats_reg_g30b150,True,heuristic,3,False,CATS,150,regions,MultiMinded,1000,MaxIter,413.1000000000058,1970.4382,10,1633.82,405.01099999999997,1691.5811999999999,1975.4093798623167,562.43502045591492,601.82567715227981,24,70,21,103,66
77,30,34,AdaptiveCuttingAuction,0.05,0.02,10,True,,1000,3600,cats_reg_g30b150,True,heuristic,3,False,CATS,150,regions,MultiMinded,237,Balance,78.07000000000698,1646.3148,2,1576.38,831.28949999999998,1641.8248,1676.6511554763965,1593.5222054763967,1593.5235946774314,25,63,27,104,64
78,30,34,AdaptiveCuttingAuction,0.05,0.02,10,True,,1000,3600,cats_reg_g30b150,True,heuristic,3,False,CATS,150,regions,MultiMinded,1000,MaxIter,420.4200000000128,2412.1546,8,1881.66,768.41550000000007,2246.3631,2411.6596772340672,1065.7062510374153,1200.6715304553354,14,63,47,97,64
79,30,29,AdaptiveCuttingAuction,0.05,0.02,10,True,,1000,3600,cats_reg_g30b150,True,heuristic,3,False,CATS,150,regions,MultiMinded,1000,MaxIter,363.14000000001397,2267.359,4,2060.3,919.01300000000003,2080.0636000000004,2336.4154185205953,1693.7832015702902,1833.506829597728,20,67,22,98,59
80,30,37,AdaptiveCuttingAuction,0.05,0.02,10,True,,1000,3600,cats_reg_g30b150,True,heuristic,3,False,CATS,150,regions,MultiMinded,1000,MaxIter,454.94999999998254,2112.5864,8,1592.54,576.49599999999998,1916.3923,2174.2808471316866,1139.7144660569099,1296.2982074086676,9,58,16,99,67
81,30,33,AdaptiveCuttingAuction,0.05,0.02,10,True,,1000,3600,cats_reg_g30b150,True,heuristic,3,False,CATS,150,regions,MultiMinded,836,Balance,296.9199999999837,1652.215,4,1316.69,725.81600000000003,1652.215,1666.8356127190991,1521.6724127190989,1535.6347711381197,15,59,34,97,63
82,30,35,AdaptiveCuttingAuction,0.05,0.02,10,True,,1000,3600,cats_reg_g30b150,True,heuristic,3,False,CATS,150,regions,MultiMinded,1000,MaxIter,530.6000000000058,2109.0315,10,1900.31,619.13249999999994,1845.6143,2203.1278246127022,910.87189234716175,1039.9261736385597,24,60,26,101,65
83,30,32,AdaptiveCuttingAuction,0.05,0.02,10,True,,1000,3600,cats_reg_g30b150,True,heuristic,3,False,CATS,150,regions,MultiMinded,1000,MaxIter,354.5799999999872,2576.43019,6,2027.96,1059.6700000000001,2286.0391999999997,2559.8349374161012,752.00775048644846,829.01555773347934,25,47,25,89,62
84,30,34,AdaptiveCuttingAuction,0.05,0.02,10,True,,1000,3600,cats_reg_g30b150,True,heuristic,3,False,CATS,150,regions,MultiMinded,1000,MaxIter,483.0899999999965,1983.6759000000002,7,1485.27,650.14099999999996,1785.4678,1885.0314942346072,93.153692171001012,249.12343134344732,17,61,7,104,64
85,30,33,AdaptiveCuttingAuction,0.05,0.02,10,True,,1000,3600,cats_reg_g30b150,True,heuristic,3,False,CATS,150,regions,MultiMinded,42,Balance,9.14999999999418,1650.3177,5,1136.81,534.83399999999995,1650.3177,1623.2678316138988,1497.9420747273687,1573.8777641661613,1,30,23,82,63
86,30,37,AdaptiveCuttingAuction,0.05,0.02,10,True,,1000,3600,cats_reg_g30b150,True,heuristic,3,False,CATS,150,regions,MultiMinded,178,Balance,64.85000000000582,2073.2363,5,1605.13,504.47649999999999,2073.2363,1784.1800098084734,1688.3294748084732,2001.3698089199893,11,50,13,85,67
87,30,34,AdaptiveCuttingAuction,0.05,0.02,10,True,,1000,3600,cats_reg_g30b150,True,heuristic,3,False,CATS,150,regions,MultiMinded,1000,MaxIter,399.72000000000116,2161.5317,9,1611.82,461.19499999999999,1990.4967000000001,2124.9123135804284,578.645648767392,853.57807527413684,10,50,21,94,64
88,30,35,AdaptiveCuttingAuction,0.05,0.02,10,True,,1000,3600,cats_reg_g30b150,True,heuristic,3,False,CATS,150,regions,MultiMinded,1000,MaxIter,547.1900000000023,1960.6723,9,1579.4,529.16499999999996,1577.4870999999998,2019.2659097458759,163.33356191876157,209.16807454582874,27,70,44,104,65
89,30,40,AdaptiveCuttingAuction,0.05,0.02,10,True,,1000,3600,cats_reg_g30b150,True,heuristic,3,False,CATS,150,regions,MultiMinded,1000,MaxIter,908.1300000000047,2103.4608,9,1324.86,455.78500000000003,1860.6330999999998,1791.7284282229266,166.27171684803869,535.1980731430873,25,71,25,112,70
90,30,36,AdaptiveCuttingAuction,0.05,0.02,10,True,,1000,3600,cats_reg_g30b150,True,heuristic,3,False,CATS,150,regions,MultiMinded,1000,MaxIter,286.179999999993,2252.2093,7,1749.09,686.99800000000005,2067.3953,2260.4396838996699,1175.1055402399156,1406.4288058177497,13,44,28,92,66
91,30,37,AdaptiveCuttingAuction,0.05,0.02,10,True,,1000,3600,cats_reg_g30b150,True,heuristic,3,False,CATS,150,regions,MultiMinded,434,Balance,252.35999999998603,2533.4677,9,1557.05,605.50300000000004,2533.4677,2164.4297347931588,2002.1832644834362,2403.8010042693918,26,2114,29,98,67
92,30,37,AdaptiveCuttingAuction,0.05,0.02,10,True,,1000,3600,cats_reg_g30b150,True,heuristic,3,False,CATS,150,regions,MultiMinded,104,Balance,34.39999999999418,2087.0795,9,1557.29,467.12700000000001,2087.0795,1919.2341283014241,1709.0269783014239,1918.1678456227992,8,48,21,96,67
93,30,34,AdaptiveCuttingAuction,0.05,0.02,10,True,,1000,3600,cats_reg_g30b150,True,heuristic,3,False,CATS,150,regions,MultiMinded,1000,MaxIter,458.72000000000116,2220.4165999999996,8,1477.09,531.97949999999992,1752.9336999999998,2376.9546194163695,366.44525551081472,512.49980000000005,13,67,51,103,64
94,30,33,AdaptiveCuttingAuction,0.05,0.02,10,True,,1000,3600,cats_reg_g30b150,True,heuristic,3,False,CATS,150,regions,MultiMinded,1000,MaxIter,422.6900000000023,2089.1439,6,1850.23,583.02999999999997,1814.0149000000001,2034.1210439211541,645.79334273392442,796.1260170167227,12,61,20,98,63
95,30,36,AdaptiveCuttingAuction,0.05,0.02,10,True,,1000,3600,cats_reg_g30b150,True,heuristic,3,False,CATS,150,regions,MultiMinded,1000,MaxIter,372.5799999999872,2218.1557,8,1747.55,732.99250000000006,1875.897,2535.6687838238722,853.43080965271372,890.5823942273538,26,65,29,94,66
96,30,33,AdaptiveCuttingAuction,0.05,0.02,10,True,,1000,3600,cats_reg_g30b150,True,heuristic,3,False,CATS,150,regions,MultiMinded,27,Balance,6.669999999983702,1873.9284000000002,4,1690.89,555.43200000000002,1873.9284000000002,1818.7975706989389,1729.9284506989388,1874.0682273766884,15,47,70,80,63
97,30,37,AdaptiveCuttingAuction,0.05,0.02,10,True,,1000,3600,cats_reg_g30b150,True,heuristic,3,False,CATS,150,regions,MultiMinded,588,Balance,255.22000000000116,1853.4531000000002,10,1334.16,635.36699999999996,1853.4531000000002,1757.5009452352028,1535.1224952352025,1684.0309191543629,18,52,22,102,67
98,30,36,AdaptiveCuttingAuction,0.05,0.02,10,True,,1000,3600,cats_reg_g30b150,True,heuristic,3,False,CATS,150,regions,MultiMinded,1000,MaxIter,399.4800000000105,2779.0163,6,2131.76,620.35799999999995,1991.8893,2780.6560925797212,399.14714361772138,503.6462576929132,19,62,18,99,66
99,30,37,AdaptiveCuttingAuction,0.05,0.02,10,True,,1000,3600,cats_reg_g30b150,True,heuristic,3,False,CATS,150,regions,MultiMinded,1000,MaxIter,542.8699999999953,2286.8288000000002,6,1573.72,543.00099999999998,2134.6243999999997,2492.6749131600282,1037.7687192871554,1044.2125800321219,25,63,25,99,67
100,30,32,AdaptiveCuttingAuction,0.05,0.02,10,True,,1000,3600,cats_reg_g30b150,True,heuristic,3,False,CATS,150,regions,MultiMinded,77,Balance,16.679999999993015,1906.0085,9,1496.95,591.39400000000001,1906.0085,1760.8845801766577,1497.9017431323375,1693.5307138498638,1,960,21,82,62
