idx,items,agents,auction_class,epsilon,stepc,epoch,scalebyvalue,reserve_type,maxiter,maxtime,generator_param_name,personalized,bidding_strategy,heuristic_pool_num,int_prices,generator,bids,distribution,type,rounds,status,runtime,efficient_value,final_num_winners,final_max_agent_value,final_scalevalue,final_value,final_total_price,final_revenue,final_indirect_util,final_price_degree,final_price_sparsity,final_imbalance,final_wd_nvars,final_wd_ncons
1,30,36,LinearHeuristicAuction,0.05,0.02,,True,,1000,3600,cats_reg_g30b150,,default,2,False,CATS,150,regions,MultiMinded,710,Balance,75.72000000000116,2502.8085,9,1712.02,630.28700000000003,2502.8085,2161.9788074230169,1941.3783574230172,2286.478737723548,1,28,28,84,66
2,30,38,LinearHeuristicAuction,0.05,0.02,,True,,1000,3600,cats_reg_g30b150,,default,2,False,CATS,150,regions,MultiMinded,199,Balance,22.94000000000233,2067.4249,5,1460.04,478.96600000000001,2067.4249,2037.9803370740551,1932.6078170740552,1988.6882441509326,1,29,21,88,68
3,30,36,LinearHeuristicAuction,0.05,0.02,,True,,1000,3600,cats_reg_g30b150,,default,2,False,CATS,150,regions,MultiMinded,69,Balance,7.130000000004657,2226.2472000000002,3,1961.0,494.50999999999999,2226.2472000000002,2206.3822745852694,2137.1508745852693,2178.6474291948443,1,28,25,76,66
4,30,38,LinearHeuristicAuction,0.05,0.02,,True,,1000,3600,cats_reg_g30b150,,default,2,False,CATS,150,regions,MultiMinded,71,Balance,7.7999999999883585,2004.9491999999998,11,1505.7,557.86300000000006,2004.9491999999998,1885.4595011234653,1584.213481123465,1705.9012423598442,1,30,5,81,68
5,30,35,LinearHeuristicAuction,0.05,0.02,,True,,1000,3600,cats_reg_g30b150,,default,2,False,CATS,150,regions,MultiMinded,90,Balance,8.89999999999418,1864.626,2,1703.97,505.12049999999999,1813.7730000000001,1763.618873407077,1713.1068234070772,1787.5045031126638,1,30,1,74,65
6,30,35,LinearHeuristicAuction,0.05,0.02,,True,,1000,3600,cats_reg_g30b150,,default,2,False,CATS,150,regions,MultiMinded,1000,MaxIter,103.41000000000349,2116.0368,2,1959.83,614.52500000000009,2035.6147999999998,2115.9680323467119,45.054463179400884,50.401448709539565,1,29,29,82,65
7,30,35,LinearHeuristicAuction,0.05,0.02,,True,,1000,3600,cats_reg_g30b150,,default,2,False,CATS,150,regions,MultiMinded,92,Balance,9.410000000003492,2031.9575,6,1330.11,558.39999999999998,2031.9575,1900.4252137090464,1749.6572137090461,1884.0125303819104,1,30,13,75,65
8,30,35,LinearHeuristicAuction,0.05,0.02,,True,,1000,3600,cats_reg_g30b150,,default,2,False,CATS,150,regions,MultiMinded,124,Balance,13.139999999999418,2027.57669,8,1379.5,642.28750000000002,2027.57669,1777.3774637991419,1572.7494341616371,1849.6448125772497,1,30,38,75,65
9,30,36,LinearHeuristicAuction,0.05,0.02,,True,,1000,3600,cats_reg_g30b150,,default,2,False,CATS,150,regions,MultiMinded,1000,MaxIter,110.6299999999901,1859.5272999999997,3,1542.29,443.88650000000001,1649.1709,1781.2384911656786,0.0,109.89619638609463,1,27,58,85,66
10,30,34,LinearHeuristicAuction,0.05,0.02,,True,,1000,3600,cats_reg_g30b150,,default,2,False,CATS,150,regions,MultiMinded,1000,MaxIter,102.80000000000291,2566.974,2,2112.56,626.02300000000002,1259.7232,2508.7578904586558,35.951709596207991,215.50077402424952,1,29,43,77,64
11,30,36,LinearHeuristicAuction,0.05,0.02,,True,,1000,3600,cats_reg_g30b150,,default,2,False,CATS,150,regions,MultiMinded,37,Balance,3.8099999999976717,2431.6115,4,2098.81,721.22149999999999,2431.6115,2208.3878672024966,2100.2046422024964,2361.4076854538062,1,28,45,76,66
12,30,32,LinearHeuristicAuction,0.05,0.02,,True,,1000,3600,cats_reg_g30b150,,default,2,False,CATS,150,regions,MultiMinded,1000,MaxIter,113.69999999999709,1865.81568,7,1645.15,855.13049999999998,1787.8909999999998,1795.5522236416209,423.49525903041257,534.04089456152258,1,30,30,81,62
13,30,35,LinearHeuristicAuction,0.05,0.02,,True,,1000,3600,cats_reg_g30b150,,default,2,False,CATS,150,regions,MultiMinded,1000,MaxIter,123.77000000000407,1773.5022000000001,4,1494.31,678.60900000000004,1541.9917,1728.4377380810986,49.465603977636114,187.743026844306,1,30,33,88,65
14,30,32,LinearHeuristicAuction,0.05,0.02,,True,,1000,3600,cats_reg_g30b150,,default,2,False,CATS,150,regions,MultiMinded,232,Balance,25.09000000001106,1980.1873000000003,6,1559.99,631.08900000000006,1980.1873000000003,1775.7937053531825,1624.3323453531825,1831.7497760500405,1,29,16,73,62
15,30,36,LinearHeuristicAuction,0.05,0.02,,True,,1000,3600,cats_reg_g30b150,,default,2,False,CATS,150,regions,MultiMinded,26,Balance,2.8800000000046566,2512.4141000000004,3,2312.23,781.00699999999995,2512.4141000000004,2381.8090106555974,2295.8982406555974,2472.3175726121799,1,29,31,70,66
16,30,34,LinearHeuristicAuction,0.05,0.02,,True,,1000,3600,cats_reg_g30b150,,default,2,False,CATS,150,regions,MultiMinded,1000,MaxIter,113.59999999999127,1929.452,3,1789.44,584.255,1720.1021,1865.4453888361784,0.0,73.169524400576975,1,28,25,81,64
17,30,33,LinearHeuristicAuction,0.05,0.02,,True,,1000,3600,cats_reg_g30b150,,default,2,False,CATS,150,regions,MultiMinded,192,Balance,22.419999999998254,1934.7395999999999,5,1626.95,730.93200000000002,1840.0255000000002,1811.277538859958,1628.544538859958,1733.804598792658,1,30,103,79,63
18,30,34,LinearHeuristicAuction,0.05,0.02,,True,,1000,3600,cats_reg_g30b150,,default,2,False,CATS,150,regions,MultiMinded,41,Balance,4.139999999999418,2504.1384,4,1818.33,781.33600000000001,2504.1384,2390.5468351353124,2242.0929951353123,2402.4509028337875,1,29,27,74,64
19,30,36,LinearHeuristicAuction,0.05,0.02,,True,,1000,3600,cats_reg_g30b150,,default,2,False,CATS,150,regions,MultiMinded,26,Balance,2.569999999992433,2560.7110000000002,12,1508.06,549.71399999999994,2554.963,2073.1245116491709,1814.7589316491715,2328.3301950711211,1,28,19,71,66
20,30,37,LinearHeuristicAuction,0.05,0.02,,True,,1000,3600,cats_reg_g30b150,,default,2,False,CATS,150,regions,MultiMinded,1000,MaxIter,106.34000000001106,1801.7813999999998,10,1490.47,395.125,1775.6864,1770.9483922053273,1488.6911851925347,1542.8960136347519,1,30,22,97,67
21,30,33,LinearHeuristicAuction,0.05,0.02,,True,,1000,3600,cats_reg_g30b150,,default,2,False,CATS,150,regions,MultiMinded,101,Balance,11.039999999993597,1553.7635,3,1374.19,778.39550000000008,1553.7635,1477.9334216140037,1365.4866616231702,1457.611496922925,1,30,30,73,63
22,30,38,LinearHeuristicAuction,0.05,0.02,,True,,1000,3600,cats_reg_g30b150,,default,2,False,CATS,150,regions,MultiMinded,1000,MaxIter,115.10000000000582,2312.252,5,2123.59,638.69949999999994,2023.7920000000001,2392.9568861967614,1466.6551302037408,1469.2770371571642,1,29,85,87,68
23,30,38,LinearHeuristicAuction,0.05,0.02,,True,,1000,3600,cats_reg_g30b150,,default,2,False,CATS,150,regions,MultiMinded,113,Balance,11.59000000001106,2354.8725,7,1818.1,597.00800000000004,2354.8725,2097.2268757638085,1946.098149870724,2204.6818227852104,1,29,4,82,68
24,30,35,LinearHeuristicAuction,0.05,0.02,,True,,1000,3600,cats_reg_g30b150,,default,2,False,CATS,150,regions,MultiMinded,1000,MaxIter,108.83000000000175,1892.4884,5,1241.36,538.58849999999995,1491.9232000000002,1748.352487688649,21.003711378311387,245.2630375038847,1,30,44,82,65
25,30,33,LinearHeuristicAuction,0.05,0.02,,True,,1000,3600,cats_reg_g30b150,,default,2,False,CATS,150,regions,MultiMinded,264,Balance,30.119999999995343,1741.0822999999998,4,1538.41,861.41849999999999,1692.8544000000002,1610.3446477652585,1521.7354810374036,1676.2548440925952,1,29,102,74,63
26,30,34,LinearHeuristicAuction,0.05,0.02,,True,,1000,3600,cats_reg_g30b150,,default,2,False,CATS,150,regions,MultiMinded,1000,MaxIter,104.25999999999476,2008.668,8,1919.5,424.82100000000003,1871.6773999999998,1984.3467039660279,1398.1434400838618,1493.9996919854627,1,30,9,77,64
27,30,32,LinearHeuristicAuction,0.05,0.02,,True,,1000,3600,cats_reg_g30b150,,default,2,False,CATS,150,regions,MultiMinded,1000,MaxIter,98.91999999999825,2175.2061,3,1890.21,644.31150000000002,1676.4789,2068.0781682803326,731.74787996420537,741.83843639372776,1,28,21,75,62
28,30,37,LinearHeuristicAuction,0.05,0.02,,True,,1000,3600,cats_reg_g30b150,,default,2,False,CATS,150,regions,MultiMinded,251,Balance,27.10000000000582,2040.43179,10,1615.6,517.23699999999997,2031.7835999999998,1889.0430023936506,1671.8034623936505,1847.5577056131237,1,29,42,83,67
29,30,33,LinearHeuristicAuction,0.05,0.02,,True,,1000,3600,cats_reg_g30b150,,default,2,False,CATS,150,regions,MultiMinded,1000,MaxIter,103.84999999999127,2111.632,3,1854.64,708.57899999999995,1802.048,2027.089586301835,31.310483210193254,250.66041636649118,1,30,83,79,63
30,30,35,LinearHeuristicAuction,0.05,0.02,,True,,1000,3600,cats_reg_g30b150,,default,2,False,CATS,150,regions,MultiMinded,1000,MaxIter,108.52000000000407,2323.0769999999998,8,1594.17,462.18150000000003,2025.4813000000004,2033.0759795101394,1017.0026462152049,1237.5210424511438,1,28,25,83,65
31,30,34,LinearHeuristicAuction,0.05,0.02,,True,,1000,3600,cats_reg_g30b150,,default,2,False,CATS,150,regions,MultiMinded,45,Balance,4.360000000000582,2659.4860000000003,6,2167.09,585.07799999999997,2659.4860000000003,2546.1279577469913,2399.858457746991,2536.4378172400311,1,27,6,72,64
32,30,37,LinearHeuristicAuction,0.05,0.02,,True,,1000,3600,cats_reg_g30b150,,default,2,False,CATS,150,regions,MultiMinded,1000,MaxIter,117.48999999999069,1999.8556999999998,10,1545.46,522.50199999999995,1908.6869,1893.6140907493348,1574.4412131394004,1662.8611583224706,1,30,55,89,67
33,30,37,LinearHeuristicAuction,0.05,0.02,,True,,1000,3600,cats_reg_g30b150,,default,2,False,CATS,150,regions,MultiMinded,70,Balance,7.349999999991269,1805.9524000000001,4,1582.17,487.50400000000002,1805.9524000000001,1628.6554948659807,1555.5298948659809,1743.1970209041258,1,29,1,82,67
34,30,39,LinearHeuristicAuction,0.05,0.02,,True,,1000,3600,cats_reg_g30b150,,default,2,False,CATS,150,regions,MultiMinded,1000,MaxIter,122.75,1983.6001999999999,4,1564.76,623.41200000000003,1690.525,2044.1334349281412,263.56836743963822,264.36021494398443,1,30,62,89,69
35,30,38,LinearHeuristicAuction,0.05,0.02,,True,,1000,3600,cats_reg_g30b150,,default,2,False,CATS,150,regions,MultiMinded,1000,MaxIter,113.24000000000524,2341.4052,8,1755.59,637.298,2341.4052,2266.913968788399,1944.3062168105075,2086.8994394840915,1,29,27,90,68
36,30,33,LinearHeuristicAuction,0.05,0.02,,True,,1000,3600,cats_reg_g30b150,,default,2,False,CATS,150,regions,MultiMinded,1000,MaxIter,115.73999999999069,2136.9992,3,1693.26,587.83249999999998,1831.3418,2149.7748451318048,101.69808967622524,151.79855000000001,1,29,102,85,63
37,30,34,LinearHeuristicAuction,0.05,0.02,,True,,1000,3600,cats_reg_g30b150,,default,2,False,CATS,150,regions,MultiMinded,1000,MaxIter,109.0,1991.3467,4,1812.59,701.23299999999995,1695.2167000000002,1938.700601652374,70.295427316637344,173.251084380522,1,30,27,79,64
38,30,40,LinearHeuristicAuction,0.05,0.02,,True,,1000,3600,cats_reg_g30b150,,default,2,False,CATS,150,regions,MultiMinded,56,Balance,6.119999999995343,2724.0288,6,2153.9,576.38300000000004,2724.0288,2385.913305033303,2247.5813850333038,2615.9491755833092,1,29,24,87,70
39,30,30,LinearHeuristicAuction,0.05,0.02,,True,,1000,3600,cats_reg_g30b150,,default,2,False,CATS,150,regions,MultiMinded,167,Balance,17.19000000000233,1968.0602,1,1918.66,764.726,1918.66,1953.5420821118053,1915.3057821118052,1952.7538239792611,1,30,28,68,60
40,30,33,LinearHeuristicAuction,0.05,0.02,,True,,1000,3600,cats_reg_g30b150,,default,2,False,CATS,150,regions,MultiMinded,42,Balance,4.519999999989523,1942.0583000000001,3,1674.34,688.69799999999998,1942.0583000000001,1895.0236729541634,1791.7189729541633,1839.3835578604753,1,30,3,71,63
41,30,35,LinearHeuristicAuction,0.05,0.02,,True,,1000,3600,cats_reg_g30b150,,default,2,False,CATS,150,regions,MultiMinded,105,Balance,11.40999999998894,1877.7214099999999,7,1423.29,646.35299999999995,1831.2470099999998,1846.7423246786932,1677.2933340990205,1733.4342000319132,1,29,41,79,65
42,30,32,LinearHeuristicAuction,0.05,0.02,,True,,1000,3600,cats_reg_g30b150,,default,2,False,CATS,150,regions,MultiMinded,163,Balance,17.84999999999127,2111.841,4,1703.5,646.17399999999998,2111.841,2088.9005950888582,1991.974495088858,2042.962951329946,1,29,24,74,62
43,30,40,LinearHeuristicAuction,0.05,0.02,,True,,1000,3600,cats_reg_g30b150,,default,2,False,CATS,150,regions,MultiMinded,185,Balance,21.080000000001746,2446.7208,6,1927.69,685.90899999999999,2446.7208,2143.8167948244381,1992.916814824438,2303.9631453589041,1,29,47,86,70
44,30,35,LinearHeuristicAuction,0.05,0.02,,True,,1000,3600,cats_reg_g30b150,,default,2,False,CATS,150,regions,MultiMinded,1000,MaxIter,117.52999999999884,1711.1515999999997,7,1299.51,651.40899999999999,1598.4288999999999,1595.4140150268736,1235.4277026652023,1337.5024370573967,1,30,108,84,65
45,30,38,LinearHeuristicAuction,0.05,0.02,,True,,1000,3600,cats_reg_g30b150,,default,2,False,CATS,150,regions,MultiMinded,1000,MaxIter,122.1200000000099,2034.5094,3,1828.07,742.07299999999998,1865.0793999999999,2067.3161134530601,0.0,8.689350876208259,1,30,109,94,68
46,30,31,LinearHeuristicAuction,0.05,0.02,,True,,1000,3600,cats_reg_g30b150,,default,2,False,CATS,150,regions,MultiMinded,34,Balance,3.470000000001164,2564.0325000000003,4,2373.4,807.26099999999997,2564.0325000000003,2462.1953410940123,2333.4682944410479,2436.9929906148132,1,30,5,68,61
47,30,37,LinearHeuristicAuction,0.05,0.02,,True,,1000,3600,cats_reg_g30b150,,default,2,False,CATS,150,regions,MultiMinded,36,Balance,3.709999999991851,2233.1322,7,1669.44,664.97900000000004,2233.1322,1891.7353916870472,1741.5446548919804,2133.6930718795702,1,29,53,73,67
48,30,35,LinearHeuristicAuction,0.05,0.02,,True,,1000,3600,cats_reg_g30b150,,default,2,False,CATS,150,regions,MultiMinded,233,Balance,25.680000000007567,2069.4358,7,1826.01,556.24350000000004,2069.4358,1927.6046543614991,1738.4818643614988,1912.9327175346468,1,30,24,82,65
49,30,30,LinearHeuristicAuction,0.05,0.02,,True,,1000,3600,cats_reg_g30b150,,default,2,False,CATS,150,regions,MultiMinded,41,Balance,4.25,1979.7895999999998,6,1594.07,673.82600000000002,1979.7895999999998,1907.0393326137307,1749.7577226843462,1891.877599897346,1,30,54,69,60
50,30,33,LinearHeuristicAuction,0.05,0.02,,True,,1000,3600,cats_reg_g30b150,,default,2,False,CATS,150,regions,MultiMinded,1000,MaxIter,107.58999999999651,2110.6722999999997,7,1335.35,460.47550000000001,2110.6722999999997,1918.7037030306296,1240.12307977522,1465.3294152868227,1,29,50,81,63
51,30,37,LinearHeuristicAuction,0.05,0.02,,True,,1000,3600,cats_reg_g30b150,,default,2,False,CATS,150,regions,MultiMinded,27,Balance,2.75,2245.4244000000003,6,1882.26,597.73699999999997,2245.4244000000003,2166.2016845963503,2016.7674345963496,2127.5037869838397,1,28,31,79,67
52,30,32,LinearHeuristicAuction,0.05,0.02,,True,,1000,3600,cats_reg_g30b150,,default,2,False,CATS,150,regions,MultiMinded,265,Balance,26.25999999999476,1756.6213,6,1409.87,556.45500000000004,1756.6213,1637.699155431133,1487.4563054311327,1620.0881376545951,1,29,39,72,62
53,30,34,LinearHeuristicAuction,0.05,0.02,,True,,1000,3600,cats_reg_g30b150,,default,2,False,CATS,150,regions,MultiMinded,260,Balance,28.130000000004657,2325.6629000000003,8,1796.97,570.23000000000002,2279.8698999999997,2123.2674213856312,1923.6869213856312,2117.4427864592417,1,29,13,80,64
54,30,37,LinearHeuristicAuction,0.05,0.02,,True,,1000,3600,cats_reg_g30b150,,default,2,False,CATS,150,regions,MultiMinded,140,Balance,16.65000000000873,2355.424,6,2152.9,670.553,2355.424,2232.2499382464725,2104.8448682464727,2247.3787221317039,1,28,57,89,67
55,30,33,LinearHeuristicAuction,0.05,0.02,,True,,1000,3600,cats_reg_g30b150,,default,2,False,CATS,150,regions,MultiMinded,1000,MaxIter,107.25,2078.1524999999997,8,1352.37,548.28150000000005,1425.5235,2036.4913593624701,565.47062280411421,629.24769640973182,1,30,30,79,63
56,30,39,LinearHeuristicAuction,0.05,0.02,,True,,1000,3600,cats_reg_g30b150,,default,2,False,CATS,150,regions,MultiMinded,107,Balance,12.389999999999418,1893.3772000000004,9,1498.24,591.42200000000003,1893.3772000000004,1723.7253716326682,1487.1565716326681,1673.6461641241515,1,29,20,85,69
57,30,36,LinearHeuristicAuction,0.05,0.02,,True,,1000,3600,cats_reg_g30b150,,default,2,False,CATS,150,regions,MultiMinded,1000,MaxIter,109.11000000000058,1899.5301999999997,5,1604.44,621.16750000000002,1763.1708999999998,1895.5591202386763,414.85596683338019,415.05107651513919,1,30,65,85,66
58,30,36,LinearHeuristicAuction,0.05,0.02,,True,,1000,3600,cats_reg_g30b150,,default,2,False,CATS,150,regions,MultiMinded,543,Balance,67.36999999999534,2429.6093,6,2057.42,832.86300000000006,2429.6093,2277.5073810127778,2069.291631012778,2232.0205510154601,1,29,42,84,66
59,30,39,LinearHeuristicAuction,0.05,0.02,,True,,1000,3600,cats_reg_g30b150,,default,2,False,CATS,150,regions,MultiMinded,1000,MaxIter,120.97000000000116,2064.9126,6,1772.9,622.28800000000001,1478.8145,2009.4951504426513,314.55638942872383,435.16385373591959,1,30,56,92,69
60,30,35,LinearHeuristicAuction,0.05,0.02,,True,,1000,3600,cats_reg_g30b150,,default,2,False,CATS,150,regions,MultiMinded,1000,MaxIter,101.47999999999593,1956.0875,6,1842.74,450.80399999999997,1697.8015,1865.4136704770144,936.34265486512516,1023.6913073949667,1,28,32,79,65
61,30,37,LinearHeuristicAuction,0.05,0.02,,True,,1000,3600,cats_reg_g30b150,,default,2,False,CATS,150,regions,MultiMinded,1000,MaxIter,110.47999999999593,1951.6029999999998,8,1560.47,530.9905,1698.5653,1883.8937005513658,857.69864725350214,959.40137087429014,1,30,26,88,67
62,30,34,LinearHeuristicAuction,0.05,0.02,,True,,1000,3600,cats_reg_g30b150,,default,2,False,CATS,150,regions,MultiMinded,167,Balance,18.30999999999767,1978.0167,7,1737.89,582.94900000000007,1977.3040999999998,1827.020218145896,1646.3060281458961,1839.7681245204315,1,30,35,78,64
63,30,30,LinearHeuristicAuction,0.05,0.02,,True,,1000,3600,cats_reg_g30b150,,default,2,False,CATS,150,regions,MultiMinded,79,Balance,7.889999999999418,2547.4234,5,1821.34,869.476,2547.4234,2363.0867792001077,2189.1915792001078,2470.6973943496455,1,29,66,69,60
64,30,34,LinearHeuristicAuction,0.05,0.02,,True,,1000,3600,cats_reg_g30b150,,default,2,False,CATS,150,regions,MultiMinded,86,Balance,9.119999999995343,2427.9729,8,1844.14,792.92899999999997,2427.9729,2215.642044839451,1921.8341803774722,2159.016187641032,1,30,41,75,64
65,30,36,LinearHeuristicAuction,0.05,0.02,,True,,1000,3600,cats_reg_g30b150,,default,2,False,CATS,150,regions,MultiMinded,1000,MaxIter,116.69000000000233,2209.3287,5,1779.98,732.52250000000004,1623.2435,2096.6350154695065,94.027277989354047,265.25117203231764,1,29,43,83,66
66,30,30,LinearHeuristicAuction,0.05,0.02,,True,,1000,3600,cats_reg_g30b150,,default,2,False,CATS,150,regions,MultiMinded,42,Balance,4.110000000000582,2387.3904,2,2290.03,553.03500000000008,2387.3904,2289.8171796093957,2251.1047296093957,2373.1065415424191,1,29,2,64,60
67,30,41,LinearHeuristicAuction,0.05,0.02,,True,,1000,3600,cats_reg_g30b150,,default,2,False,CATS,150,regions,MultiMinded,1000,MaxIter,108.16999999999825,2130.5865999999996,10,1569.3,447.20299999999997,2071.6138,2043.1350442797661,1631.7721007365476,1805.9897497389227,1,29,11,97,71
68,30,34,LinearHeuristicAuction,0.05,0.02,,True,,1000,3600,cats_reg_g30b150,,default,2,False,CATS,150,regions,MultiMinded,47,Balance,4.720000000001164,1871.0335999999998,7,1491.62,623.48450000000003,1804.1255,1745.7219638763779,1543.5191701128833,1657.7069338636124,1,30,16,74,64
69,30,34,LinearHeuristicAuction,0.05,0.02,,True,,1000,3600,cats_reg_g30b150,,default,2,False,CATS,150,regions,MultiMinded,48,Balance,5.25,2248.1536,8,1918.69,909.28949999999998,2248.1536,2209.8004858808545,1882.4562658808545,1976.4736763274898,1,29,36,71,64
70,30,32,LinearHeuristicAuction,0.05,0.02,,True,,1000,3600,cats_reg_g30b150,,default,2,False,CATS,150,regions,MultiMinded,127,Balance,13.479999999995925,2074.3614,8,1794.89,671.03600000000006,2062.3628,1924.0087735520385,1675.7254535520387,1822.3037511700918,1,30,32,70,62
71,30,30,LinearHeuristicAuction,0.05,0.02,,True,,1000,3600,cats_reg_g30b150,,default,2,False,CATS,150,regions,MultiMinded,1000,MaxIter,109.25999999999476,2107.4125,2,1919.92,672.68100000000004,1414.6795,2119.7816197293296,0.0,51.904540044175604,1,29,56,74,60
72,30,35,LinearHeuristicAuction,0.05,0.02,,True,,1000,3600,cats_reg_g30b150,,default,2,False,CATS,150,regions,MultiMinded,47,Balance,4.739999999990687,1946.4843000000003,8,1216.53,554.09649999999999,1917.7996999999998,1718.4942231676191,1535.642378167619,1800.6705487816821,1,29,44,73,65
73,30,35,LinearHeuristicAuction,0.05,0.02,,True,,1000,3600,cats_reg_g30b150,,default,2,False,CATS,150,regions,MultiMinded,1000,MaxIter,104.30000000000291,1852.6272999999999,10,1445.38,663.03899999999999,1686.876,1684.0859108840953,359.32116134070947,641.20806986396315,1,30,18,83,65
74,30,31,LinearHeuristicAuction,0.05,0.02,,True,,1000,3600,cats_reg_g30b150,,default,2,False,CATS,150,regions,MultiMinded,469,Balance,52.820000000006985,2020.0417,6,1744.34,781.83899999999994,2020.0417,1941.9935612013271,1719.8953797425047,1807.2296178539186,1,30,44,74,61
75,30,39,LinearHeuristicAuction,0.05,0.02,,True,,1000,3600,cats_reg_g30b150,,default,2,False,CATS,150,regions,MultiMinded,1000,MaxIter,111.10000000000582,2549.9302,4,1890.83,637.39099999999996,2081.0525,2437.1137108565499,28.546776054515309,218.13688830266258,1,30,28,91,69
76,30,36,LinearHeuristicAuction,0.05,0.02,,True,,1000,3600,cats_reg_g30b150,,default,2,False,CATS,150,regions,MultiMinded,1000,MaxIter,110.10000000000582,1970.4382,2,1633.82,405.01099999999997,1741.397,2028.715092524551,55.520235160829287,91.032059576475746,1,30,52,79,66
77,30,34,LinearHeuristicAuction,0.05,0.02,,True,,1000,3600,cats_reg_g30b150,,default,2,False,CATS,150,regions,MultiMinded,84,Balance,9.970000000001164,1646.3148,2,1576.38,831.28949999999998,1646.3148,1662.9214654302266,1579.7925154302266,1579.7925154302266,1,30,28,74,64
78,30,34,LinearHeuristicAuction,0.05,0.02,,True,,1000,3600,cats_reg_g30b150,,default,2,False,CATS,150,regions,MultiMinded,1000,MaxIter,112.15000000000873,2412.1546,7,1881.66,768.41550000000007,2305.4481,2303.9254158496701,1774.4034273312166,1840.3362753290105,1,29,19,80,64
79,30,29,LinearHeuristicAuction,0.05,0.02,,True,,1000,3600,cats_reg_g30b150,,default,2,False,CATS,150,regions,MultiMinded,661,Balance,73.06999999999243,2267.359,5,2060.3,919.01300000000003,2255.609,2204.3233646697172,1983.7602446697172,2112.1997318403546,1,30,101,79,59
80,30,37,LinearHeuristicAuction,0.05,0.02,,True,,1000,3600,cats_reg_g30b150,,default,2,False,CATS,150,regions,MultiMinded,1000,MaxIter,114.69999999999709,2112.5864,8,1592.54,576.49599999999998,1943.511,1997.3381406846934,1307.7150542791283,1444.3701531509141,1,29,22,84,67
81,30,33,LinearHeuristicAuction,0.05,0.02,,True,,1000,3600,cats_reg_g30b150,,default,2,False,CATS,150,regions,MultiMinded,73,Balance,8.009999999994761,1652.215,4,1316.69,725.81600000000003,1652.215,1654.8630437165825,1509.6998437165828,1526.1449002272925,1,30,49,71,63
82,30,35,LinearHeuristicAuction,0.05,0.02,,True,,1000,3600,cats_reg_g30b150,,default,2,False,CATS,150,regions,MultiMinded,1000,MaxIter,117.18999999998778,2109.0315,3,1900.31,619.13249999999994,1170.8374999999999,2152.9254525916667,70.485929317176499,119.40838028646164,1,30,74,86,65
83,30,32,LinearHeuristicAuction,0.05,0.02,,True,,1000,3600,cats_reg_g30b150,,default,2,False,CATS,150,regions,MultiMinded,65,Balance,7.010000000009313,2576.43019,7,2027.96,1059.6700000000001,2576.43019,2576.0949128031657,2226.5021904404398,2271.9754702713981,1,30,19,72,62
84,30,34,LinearHeuristicAuction,0.05,0.02,,True,,1000,3600,cats_reg_g30b150,,default,2,False,CATS,150,regions,MultiMinded,1000,MaxIter,103.45000000001164,1983.6759000000002,6,1485.27,650.14099999999996,1943.082,1880.3335381619872,1277.4223467353022,1442.634811919675,1,30,25,80,64
85,30,33,LinearHeuristicAuction,0.05,0.02,,True,,1000,3600,cats_reg_g30b150,,default,2,False,CATS,150,regions,MultiMinded,37,Balance,3.820000000006985,1650.3177,5,1136.81,534.83399999999995,1650.3177,1591.8432497445542,1474.1797697445541,1560.5324648735816,1,30,9,73,63
86,30,37,LinearHeuristicAuction,0.05,0.02,,True,,1000,3600,cats_reg_g30b150,,default,2,False,CATS,150,regions,MultiMinded,31,Balance,3.0899999999965075,2073.2363,6,1605.13,504.47649999999999,2069.3503,1920.6985717186424,1789.5346817186421,1962.6648036093698,1,30,1,76,67
87,30,34,LinearHeuristicAuction,0.05,0.02,,True,,1000,3600,cats_reg_g30b150,,default,2,False,CATS,150,regions,MultiMinded,1000,MaxIter,105.3700000000099,2161.5317,8,1611.82,461.19499999999999,1957.6967,2054.4674850613005,1345.8284578217354,1520.0815237020608,1,28,24,80,64
88,30,35,LinearHeuristicAuction,0.05,0.02,,True,,1000,3600,cats_reg_g30b150,,default,2,False,CATS,150,regions,MultiMinded,1000,MaxIter,114.49000000000524,1960.6723,6,1579.4,529.16499999999996,1921.4421000000002,1910.312945743211,1392.9396640589759,1462.7907042960649,1,29,27,83,65
89,30,40,LinearHeuristicAuction,0.05,0.02,,True,,1000,3600,cats_reg_g30b150,,default,2,False,CATS,150,regions,MultiMinded,33,Balance,3.5500000000029104,2103.4608,12,1324.86,455.78500000000003,2103.4608,1732.8187634877002,1532.2733634877002,1934.9124362041998,1,27,11,80,70
90,30,36,LinearHeuristicAuction,0.05,0.02,,True,,1000,3600,cats_reg_g30b150,,default,2,False,CATS,150,regions,MultiMinded,80,Balance,8.369999999995343,2252.2093,7,1749.09,686.99800000000005,2252.2093,2124.0426993280121,1924.813279328012,2091.1910968946063,1,29,19,78,66
91,30,37,LinearHeuristicAuction,0.05,0.02,,True,,1000,3600,cats_reg_g30b150,,default,2,False,CATS,150,regions,MultiMinded,95,Balance,9.679999999993015,2533.4677,9,1557.05,605.50300000000004,2524.7637,2094.5372385819251,1912.8863385819254,2349.2910981123687,1,29,11,79,67
92,30,37,LinearHeuristicAuction,0.05,0.02,,True,,1000,3600,cats_reg_g30b150,,default,2,False,CATS,150,regions,MultiMinded,742,Balance,78.77000000000407,2087.0795,9,1557.29,467.12700000000001,2087.0795,1937.7953062762936,1739.9997338846561,1892.9030832756825,1,30,36,83,67
93,30,34,LinearHeuristicAuction,0.05,0.02,,True,,1000,3600,cats_reg_g30b150,,default,2,False,CATS,150,regions,MultiMinded,12,Balance,1.1199999999953434,2220.4165999999996,8,1477.09,531.97949999999992,2187.6236,1999.8143578746785,1811.0512034459425,2070.9169297839608,1,30,37,71,64
94,30,33,LinearHeuristicAuction,0.05,0.02,,True,,1000,3600,cats_reg_g30b150,,default,2,False,CATS,150,regions,MultiMinded,1000,MaxIter,107.48999999999069,2089.1439,4,1850.23,583.02999999999997,2035.0619,1973.1280924117177,265.65426654064828,431.51672209277046,1,28,24,79,63
95,30,36,LinearHeuristicAuction,0.05,0.02,,True,,1000,3600,cats_reg_g30b150,,default,2,False,CATS,150,regions,MultiMinded,497,Balance,54.55999999999767,2218.1557,7,1747.55,732.99250000000006,2218.1557,2134.7851803352387,1885.567730335239,1998.6699082711805,1,30,52,85,66
96,30,33,LinearHeuristicAuction,0.05,0.02,,True,,1000,3600,cats_reg_g30b150,,default,2,False,CATS,150,regions,MultiMinded,1000,MaxIter,109.80999999999767,1873.9284000000002,3,1690.89,555.43200000000002,1734.1365,1894.6683461286757,10.088941734744498,67.115081760901987,1,29,35,79,63
97,30,37,LinearHeuristicAuction,0.05,0.02,,True,,1000,3600,cats_reg_g30b150,,default,2,False,CATS,150,regions,MultiMinded,47,Balance,5.139999999999418,1853.4531000000002,10,1334.16,635.36699999999996,1849.0271000000002,1777.6275406034129,1517.1270706034127,1646.5617018805351,1,28,30,82,67
98,30,36,LinearHeuristicAuction,0.05,0.02,,True,,1000,3600,cats_reg_g30b150,,default,2,False,CATS,150,regions,MultiMinded,90,Balance,9.860000000000582,2779.0163,8,2131.76,620.35799999999995,2779.0163,2726.7441217181181,2497.2116617181177,2567.2861080251314,1,30,43,78,66
99,30,37,LinearHeuristicAuction,0.05,0.02,,True,,1000,3600,cats_reg_g30b150,,default,2,False,CATS,150,regions,MultiMinded,1000,MaxIter,106.91999999999825,2286.8288000000002,2,1573.72,543.00099999999998,1223.2448,2272.1403364150374,0.0,87.137170889148308,1,28,53,84,67
100,30,32,LinearHeuristicAuction,0.05,0.02,,True,,1000,3600,cats_reg_g30b150,,default,2,False,CATS,150,regions,MultiMinded,282,Balance,31.19000000000233,1906.0085,9,1496.95,591.39400000000001,1906.0085,1773.4908845858206,1507.3635845858209,1656.8069590293624,1,30,39,83,62
