idx,items,agents,auction_class,epsilon,stepc,epoch,scalebyvalue,reserve_type,maxiter,maxtime,generator_param_name,personalized,bidding_strategy,heuristic_pool_num,int_prices,generator,bids,distribution,type,rounds,status,runtime,efficient_value,final_num_winners,final_max_agent_value,final_scalevalue,final_value,final_total_price,final_revenue,final_indirect_util,final_price_degree,final_price_sparsity,final_imbalance,final_wd_nvars,final_wd_ncons
1,30,36,LinearSubgradientAuction,0.05,0.01,,True,,1000,3600,cats_reg_g30b150,,heuristic,3,False,CATS,150,regions,MultiMinded,1000,MaxIter,1473.050000000003,2502.8085,11,1712.02,630.28700000000003,1660.3964999999998,2163.1392121484805,1093.364211865674,1508.9854028764619,1,29,22,2160,3234
2,30,38,LinearSubgradientAuction,0.05,0.01,,True,,1000,3600,cats_reg_g30b150,,heuristic,3,False,CATS,150,regions,MultiMinded,1000,MaxIter,1554.3899999999994,2067.4249,5,1460.04,478.96600000000001,801.3369,2182.159209721056,16.236435529282794,53.550425130691259,1,29,9,2280,3412
3,30,36,LinearSubgradientAuction,0.05,0.01,,True,,1000,3600,cats_reg_g30b150,,heuristic,3,False,CATS,150,regions,MultiMinded,1000,MaxIter,1458.820000000007,2226.2472000000002,8,1961.0,494.50999999999999,1226.4589,2277.2008440732843,296.08615988924521,331.35161043271614,1,29,20,2160,3234
4,30,38,LinearSubgradientAuction,0.05,0.01,,True,,1000,3600,cats_reg_g30b150,,heuristic,3,False,CATS,150,regions,MultiMinded,1000,MaxIter,1578.8600000000006,2004.9491999999998,12,1505.7,557.86300000000006,919.6334,1808.4643380660698,372.03194177146088,632.97481434742394,1,30,12,2318,3488
5,30,35,LinearSubgradientAuction,0.05,0.01,,True,,1000,3600,cats_reg_g30b150,,heuristic,3,False,CATS,150,regions,MultiMinded,1000,MaxIter,1440.8500000000058,1864.626,6,1703.97,505.12049999999999,1214.8903,1929.5924367942816,141.26786377607382,239.53386086766082,1,30,14,2135,3215
6,30,35,LinearSubgradientAuction,0.05,0.01,,True,,1000,3600,cats_reg_g30b150,,heuristic,3,False,CATS,150,regions,MultiMinded,1000,MaxIter,1420.770000000004,2116.0368,5,1959.83,614.52500000000009,983.0648000000001,2273.327737940147,101.71900819705431,212.59470382379109,1,29,13,2100,3145
7,30,35,LinearSubgradientAuction,0.05,0.01,,True,,1000,3600,cats_reg_g30b150,,heuristic,3,False,CATS,150,regions,MultiMinded,1000,MaxIter,1445.8600000000006,2031.9575,5,1330.11,558.39999999999998,432.0918,1994.277804776139,61.675123807468694,375.30062606153626,1,30,19,2135,3215
8,30,35,LinearSubgradientAuction,0.05,0.01,,True,,1000,3600,cats_reg_g30b150,,heuristic,3,False,CATS,150,regions,MultiMinded,1000,MaxIter,1439.979999999996,2027.57669,9,1379.5,642.28750000000002,1026.65169,1974.7486323471196,536.43177121059102,715.18346055605207,1,30,17,2135,3215
9,30,36,LinearSubgradientAuction,0.05,0.01,,True,,1000,3600,cats_reg_g30b150,,heuristic,3,False,CATS,150,regions,MultiMinded,1000,MaxIter,1450.550000000003,1859.5272999999997,5,1542.29,443.88650000000001,928.7899,1834.8782913524458,0.0,100.88769373290974,1,29,9,2160,3234
10,30,34,LinearSubgradientAuction,0.05,0.01,,True,,1000,3600,cats_reg_g30b150,,heuristic,3,False,CATS,150,regions,MultiMinded,1000,MaxIter,1391.0899999999965,2566.974,8,2112.56,626.02300000000002,1254.9292,2549.6216201603825,964.52259197776812,1264.4837885219331,1,30,16,2074,3124
11,30,36,LinearSubgradientAuction,0.05,0.01,,True,,1000,3600,cats_reg_g30b150,,heuristic,3,False,CATS,150,regions,MultiMinded,1000,MaxIter,1505.75,2431.6115,3,2098.81,721.22149999999999,945.0854999999999,2431.2394575093954,80.358424878266845,187.41523492777,1,30,19,2196,3306
12,30,32,LinearSubgradientAuction,0.05,0.01,,True,,1000,3600,cats_reg_g30b150,,heuristic,3,False,CATS,150,regions,MultiMinded,1000,MaxIter,1299.449999999997,1865.81568,9,1645.15,855.13049999999998,855.3962799999999,2066.8646285274681,172.42242702282653,372.65048169571878,1,30,14,1952,2942
13,30,35,LinearSubgradientAuction,0.05,0.01,,True,,1000,3600,cats_reg_g30b150,,heuristic,3,False,CATS,150,regions,MultiMinded,1000,MaxIter,1427.2600000000093,1773.5022000000001,9,1494.31,678.60900000000004,860.3665000000001,1960.9171657727331,655.59023479296297,745.9755905306547,1,29,30,2100,3145
14,30,32,LinearSubgradientAuction,0.05,0.01,,True,,1000,3600,cats_reg_g30b150,,heuristic,3,False,CATS,150,regions,MultiMinded,1000,MaxIter,1263.3699999999953,1980.1873000000003,8,1559.99,631.08900000000006,887.3667,2027.9079601926967,213.95319297550398,439.73102603146265,1,28,19,1888,2814
15,30,36,LinearSubgradientAuction,0.05,0.01,,True,,1000,3600,cats_reg_g30b150,,heuristic,3,False,CATS,150,regions,MultiMinded,18,Balance,26.129999999990105,2512.4141000000004,3,2312.23,781.00699999999995,2512.4141000000004,2326.197270455074,2246.5569615565018,2458.2595533127906,1,30,1,2196,3306
16,30,34,LinearSubgradientAuction,0.05,0.01,,True,,1000,3600,cats_reg_g30b150,,heuristic,3,False,CATS,150,regions,MultiMinded,1000,MaxIter,1396.7600000000093,1929.452,9,1789.44,584.255,702.5597,2040.302916419962,78.623730251335587,182.63408099954043,1,29,15,2040,3056
17,30,33,LinearSubgradientAuction,0.05,0.01,,True,,1000,3600,cats_reg_g30b150,,heuristic,3,False,CATS,150,regions,MultiMinded,1000,MaxIter,1375.75,1934.7395999999999,9,1626.95,730.93200000000002,1009.8435000000001,2011.6743189671413,31.390409829289972,104.22955882059745,1,30,25,2013,3033
18,30,34,LinearSubgradientAuction,0.05,0.01,,True,,1000,3600,cats_reg_g30b150,,heuristic,3,False,CATS,150,regions,MultiMinded,1000,MaxIter,1387.5,2504.1384,6,1818.33,781.33600000000001,1157.4204,2522.2199620908782,950.90613393057629,1026.257849128333,1,29,16,2040,3056
19,30,36,LinearSubgradientAuction,0.05,0.01,,True,,1000,3600,cats_reg_g30b150,,heuristic,3,False,CATS,150,regions,MultiMinded,1000,MaxIter,1467.5400000000081,2560.7110000000002,14,1508.06,549.71399999999994,2088.8762699999997,2199.3033585873513,1183.8865188466857,1658.51485878941,1,29,17,2160,3234
20,30,37,LinearSubgradientAuction,0.05,0.01,,True,,1000,3600,cats_reg_g30b150,,heuristic,3,False,CATS,150,regions,MultiMinded,1000,MaxIter,1532.4399999999878,1801.7813999999998,8,1490.47,395.125,1242.9014000000002,2004.8399533880777,121.76825756837181,218.40070929679857,1,30,15,2257,3397
21,30,33,LinearSubgradientAuction,0.05,0.01,,True,,1000,3600,cats_reg_g30b150,,heuristic,3,False,CATS,150,regions,MultiMinded,1000,MaxIter,1370.3600000000006,1553.7635,6,1374.19,778.39550000000008,430.54850000000005,1628.370082211753,210.04935821623599,276.46918023641638,1,30,41,2013,3033
22,30,38,LinearSubgradientAuction,0.05,0.01,,True,,1000,3600,cats_reg_g30b150,,heuristic,3,False,CATS,150,regions,MultiMinded,1000,MaxIter,1545.9400000000023,2312.252,6,2123.59,638.69949999999994,1121.286,2495.2943412644031,396.19969356058647,469.25095370587087,1,29,9,2280,3412
23,30,38,LinearSubgradientAuction,0.05,0.01,,True,,1000,3600,cats_reg_g30b150,,heuristic,3,False,CATS,150,regions,MultiMinded,1000,MaxIter,1539.37999999999,2354.8725,6,1818.1,597.00800000000004,581.053,2202.0576254918742,0.0,261.76996733048992,1,29,18,2280,3412
24,30,35,LinearSubgradientAuction,0.05,0.01,,True,,1000,3600,cats_reg_g30b150,,heuristic,3,False,CATS,150,regions,MultiMinded,1000,MaxIter,1452.6199999999953,1892.4884,10,1241.36,538.58849999999995,764.6298,1888.8819586019915,78.435404894464241,343.74308582232436,1,30,19,2135,3215
25,30,33,LinearSubgradientAuction,0.05,0.01,,True,,1000,3600,cats_reg_g30b150,,heuristic,3,False,CATS,150,regions,MultiMinded,1000,MaxIter,1383.1499999999942,1741.0822999999998,7,1538.41,861.41849999999999,708.9163000000001,1813.095275263481,22.593351239693106,155.95657361728087,1,30,8,2013,3033
26,30,34,LinearSubgradientAuction,0.05,0.01,,True,,1000,3600,cats_reg_g30b150,,heuristic,3,False,CATS,150,regions,MultiMinded,1000,MaxIter,1408.6700000000128,2008.668,8,1919.5,424.82100000000003,649.6604000000001,2170.919225351739,0.0,95.988142975001296,1,30,25,2074,3124
27,30,32,LinearSubgradientAuction,0.05,0.01,,True,,1000,3600,cats_reg_g30b150,,heuristic,3,False,CATS,150,regions,MultiMinded,1000,MaxIter,1261.1199999999953,2175.2061,5,1890.21,644.31150000000002,612.1105,2397.5475466604967,0.0,2.5594335647130428,1,28,10,1888,2814
28,30,37,LinearSubgradientAuction,0.05,0.01,,True,,1000,3600,cats_reg_g30b150,,heuristic,3,False,CATS,150,regions,MultiMinded,1000,MaxIter,1507.4199999999983,2040.43179,8,1615.6,517.23699999999997,1443.1571,2061.4180855648497,517.92575931053693,709.27380631329106,1,29,9,2220,3323
29,30,33,LinearSubgradientAuction,0.05,0.01,,True,,1000,3600,cats_reg_g30b150,,heuristic,3,False,CATS,150,regions,MultiMinded,1000,MaxIter,1373.770000000004,2111.632,7,1854.64,708.57899999999995,1382.934,2074.0590792329535,817.18483793828807,1146.5711549111277,1,30,10,2013,3033
30,30,35,LinearSubgradientAuction,0.05,0.01,,True,,1000,3600,cats_reg_g30b150,,heuristic,3,False,CATS,150,regions,MultiMinded,1000,MaxIter,1399.9100000000035,2323.0769999999998,6,1594.17,462.18150000000003,1054.407,2202.1306597102093,244.52486020079613,536.88650389442432,1,29,12,2100,3145
31,30,34,LinearSubgradientAuction,0.05,0.01,,True,,1000,3600,cats_reg_g30b150,,heuristic,3,False,CATS,150,regions,MultiMinded,1000,MaxIter,1411.1100000000006,2659.4860000000003,6,2167.09,585.07799999999997,1284.43,2698.3412177505311,227.42197599813647,430.45933490172968,1,30,16,2074,3124
32,30,37,LinearSubgradientAuction,0.05,0.01,,True,,1000,3600,cats_reg_g30b150,,heuristic,3,False,CATS,150,regions,MultiMinded,1000,MaxIter,1519.6100000000006,1999.8556999999998,10,1545.46,522.50199999999995,1832.3817,1984.7678494241889,612.10115748139015,787.70770746126755,1,30,19,2257,3397
33,30,37,LinearSubgradientAuction,0.05,0.01,,True,,1000,3600,cats_reg_g30b150,,heuristic,3,False,CATS,150,regions,MultiMinded,1000,MaxIter,1495.5400000000081,1805.9524000000001,8,1582.17,487.50400000000002,1210.1646,1772.6032232114294,51.405502876033111,261.41900551865939,1,29,15,2220,3323
34,30,39,LinearSubgradientAuction,0.05,0.01,,True,,1000,3600,cats_reg_g30b150,,heuristic,3,False,CATS,150,regions,MultiMinded,1000,MaxIter,1590.1399999999994,1983.6001999999999,6,1564.76,623.41200000000003,1099.3222,2098.1911123153509,16.731424564400193,259.02259579285663,1,29,11,2340,3501
35,30,38,LinearSubgradientAuction,0.05,0.01,,True,,1000,3600,cats_reg_g30b150,,heuristic,3,False,CATS,150,regions,MultiMinded,1000,MaxIter,1537.6700000000128,2341.4052,5,1755.59,637.298,1613.9449,2362.8869179102167,356.35192951118768,662.6044183671512,1,29,16,2280,3412
36,30,33,LinearSubgradientAuction,0.05,0.01,,True,,1000,3600,cats_reg_g30b150,,heuristic,3,False,CATS,150,regions,MultiMinded,1000,MaxIter,1380.1399999999994,2136.9992,7,1693.26,587.83249999999998,1698.5,2308.607162380818,68.352106091511885,287.31923739570811,1,30,7,2013,3033
37,30,34,LinearSubgradientAuction,0.05,0.01,,True,,1000,3600,cats_reg_g30b150,,heuristic,3,False,CATS,150,regions,MultiMinded,1000,MaxIter,1401.7899999999936,1991.3467,6,1812.59,701.23299999999995,694.0266999999999,2354.4711527890004,49.841177679159593,217.00260802193981,1,29,14,2040,3056
38,30,40,LinearSubgradientAuction,0.05,0.01,,True,,1000,3600,cats_reg_g30b150,,heuristic,3,False,CATS,150,regions,MultiMinded,966,Balance,1602.3600000000006,2724.0288,6,2153.9,576.38300000000004,2724.0288,2437.5192161610994,2296.1947058768069,2582.7362989388848,1,30,3,2440,3670
39,30,30,LinearSubgradientAuction,0.05,0.01,,True,,1000,3600,cats_reg_g30b150,,heuristic,3,False,CATS,150,regions,MultiMinded,1000,MaxIter,1237.449999999997,1968.0602,4,1918.66,764.726,1696.3072000000002,1964.1891097258551,1075.5646023295249,1480.2315293072509,1,30,9,1830,2760
40,30,33,LinearSubgradientAuction,0.05,0.01,,True,,1000,3600,cats_reg_g30b150,,heuristic,3,False,CATS,150,regions,MultiMinded,1000,MaxIter,1376.229999999996,1942.0583000000001,6,1674.34,688.69799999999998,543.9673,1930.0056847786338,96.853621101842947,151.345578540595,1,30,21,2013,3033
41,30,35,LinearSubgradientAuction,0.05,0.01,,True,,1000,3600,cats_reg_g30b150,,heuristic,3,False,CATS,150,regions,MultiMinded,1000,MaxIter,1448.2099999999919,1877.7214099999999,4,1423.29,646.35299999999995,535.0550099999999,1913.7444454646995,385.3185667431614,462.30165789810957,1,30,18,2135,3215
42,30,32,LinearSubgradientAuction,0.05,0.01,,True,,1000,3600,cats_reg_g30b150,,heuristic,3,False,CATS,150,regions,MultiMinded,1000,MaxIter,1307.0299999999988,2111.841,1,1703.5,646.17399999999998,47.462,2457.5102512336425,0,24.541388628763819,1,30,25,1952,2942
43,30,40,LinearSubgradientAuction,0.05,0.01,,True,,1000,3600,cats_reg_g30b150,,heuristic,3,False,CATS,150,regions,MultiMinded,1000,MaxIter,1651.8999999999942,2446.7208,9,1927.69,685.90899999999999,1161.3786999999998,2274.9878593316594,409.80945516545484,649.88951645191673,1,29,14,2400,3590
44,30,35,LinearSubgradientAuction,0.05,0.01,,True,,1000,3600,cats_reg_g30b150,,heuristic,3,False,CATS,150,regions,MultiMinded,1000,MaxIter,1441.9600000000064,1711.1515999999997,5,1299.51,651.40899999999999,1268.8428999999999,1672.1722536847337,378.78397198961852,574.00003784173396,1,30,15,2135,3215
45,30,38,LinearSubgradientAuction,0.05,0.01,,True,,1000,3600,cats_reg_g30b150,,heuristic,3,False,CATS,150,regions,MultiMinded,1000,MaxIter,1547.2300000000105,2034.5094,8,1828.07,742.07299999999998,675.7911,2257.8011618940991,0.0,54.796247096192729,1,30,15,2318,3488
46,30,31,LinearSubgradientAuction,0.05,0.01,,True,,1000,3600,cats_reg_g30b150,,heuristic,3,False,CATS,150,regions,MultiMinded,45,Balance,55.33999999999651,2564.0325000000003,4,2373.4,807.26099999999997,2564.0325000000003,2505.1193103040587,2387.5026585784867,2491.1415219449909,1,30,2,1891,2851
47,30,37,LinearSubgradientAuction,0.05,0.01,,True,,1000,3600,cats_reg_g30b150,,heuristic,3,False,CATS,150,regions,MultiMinded,1000,MaxIter,1538.1600000000035,2233.1322,9,1669.44,664.97900000000004,1539.7181999999998,2145.3121403772739,280.86376076478888,489.02373190519006,1,30,13,2257,3397
48,30,35,LinearSubgradientAuction,0.05,0.01,,True,,1000,3600,cats_reg_g30b150,,heuristic,3,False,CATS,150,regions,MultiMinded,1000,MaxIter,1434.8300000000017,2069.4358,7,1826.01,556.24350000000004,993.7359000000001,2122.8345036140563,453.30021282712931,635.27117848707974,1,30,17,2135,3215
49,30,30,LinearSubgradientAuction,0.05,0.01,,True,,1000,3600,cats_reg_g30b150,,heuristic,3,False,CATS,150,regions,MultiMinded,1000,MaxIter,1228.7400000000052,1979.7895999999998,4,1594.07,673.82600000000002,986.904,2032.5518781202238,446.08438328685668,529.77447057724578,1,30,15,1830,2760
50,30,33,LinearSubgradientAuction,0.05,0.01,,True,,1000,3600,cats_reg_g30b150,,heuristic,3,False,CATS,150,regions,MultiMinded,1000,MaxIter,1377.2600000000093,2110.6722999999997,8,1335.35,460.47550000000001,1681.4053,1995.4461135575157,480.24589318522442,772.41811833525196,1,30,11,2013,3033
51,30,37,LinearSubgradientAuction,0.05,0.01,,True,,1000,3600,cats_reg_g30b150,,heuristic,3,False,CATS,150,regions,MultiMinded,1000,MaxIter,1481.1900000000023,2245.4244000000003,10,1882.26,597.73699999999997,1335.215746,2208.9145484875894,446.64131666581403,551.05368009976951,1,28,36,2183,3249
52,30,32,LinearSubgradientAuction,0.05,0.01,,True,,1000,3600,cats_reg_g30b150,,heuristic,3,False,CATS,150,regions,MultiMinded,1000,MaxIter,1317.800000000003,1756.6213,9,1409.87,556.45500000000004,667.1948,1778.3578751851423,154.65135509288908,257.74508023016477,1,30,26,1952,2942
53,30,34,LinearSubgradientAuction,0.05,0.01,,True,,1000,3600,cats_reg_g30b150,,heuristic,3,False,CATS,150,regions,MultiMinded,1000,MaxIter,1386.770000000004,2325.6629000000003,9,1796.97,570.23000000000002,1725.8554000000001,2173.8549675478548,499.85278983739391,916.88396092709377,1,29,7,2040,3056
54,30,37,LinearSubgradientAuction,0.05,0.01,,True,,1000,3600,cats_reg_g30b150,,heuristic,3,False,CATS,150,regions,MultiMinded,1000,MaxIter,1537.5,2355.424,11,2152.9,670.553,1109.031,2361.5463191602371,650.29447548383462,810.04647207438757,1,30,13,2257,3397
55,30,33,LinearSubgradientAuction,0.05,0.01,,True,,1000,3600,cats_reg_g30b150,,heuristic,3,False,CATS,150,regions,MultiMinded,1000,MaxIter,1324.2200000000012,2078.1524999999997,11,1352.37,548.28150000000005,1298.2924999999998,2186.2253304566029,261.28163204872715,366.07303934915842,1,29,21,1980,2967
56,30,39,LinearSubgradientAuction,0.05,0.01,,True,,1000,3600,cats_reg_g30b150,,heuristic,3,False,CATS,150,regions,MultiMinded,1000,MaxIter,1643.0099999999948,1893.3772000000004,6,1498.24,591.42200000000003,801.1082000000001,1811.4339344189229,126.19039349721606,299.08205500908002,1,30,20,2379,3579
57,30,36,LinearSubgradientAuction,0.05,0.01,,True,,1000,3600,cats_reg_g30b150,,heuristic,3,False,CATS,150,regions,MultiMinded,1000,MaxIter,1481.9400000000023,1899.5301999999997,6,1604.44,621.16750000000002,634.2559,2026.6504189857196,210.81966162248199,262.7360571637526,1,30,20,2196,3306
58,30,36,LinearSubgradientAuction,0.05,0.01,,True,,1000,3600,cats_reg_g30b150,,heuristic,3,False,CATS,150,regions,MultiMinded,1000,MaxIter,1499.1600000000035,2429.6093,5,2057.42,832.86300000000006,481.1773,2357.2072391628676,26.768162283984211,233.06169351206603,1,30,17,2196,3306
59,30,39,LinearSubgradientAuction,0.05,0.01,,True,,1000,3600,cats_reg_g30b150,,heuristic,3,False,CATS,150,regions,MultiMinded,1000,MaxIter,1624.0399999999936,2064.9126,5,1772.9,622.28800000000001,1143.4906,2124.1261231287845,899.45766837580049,1029.2029944757439,1,30,15,2379,3579
60,30,35,LinearSubgradientAuction,0.05,0.01,,True,,1000,3600,cats_reg_g30b150,,heuristic,3,False,CATS,150,regions,MultiMinded,1000,MaxIter,1451.679999999993,1956.0875,6,1842.74,450.80399999999997,975.1829,2127.6137423790888,213.58713298448714,295.80880451055248,1,30,14,2135,3215
61,30,37,LinearSubgradientAuction,0.05,0.01,,True,,1000,3600,cats_reg_g30b150,,heuristic,3,False,CATS,150,regions,MultiMinded,1000,MaxIter,1533.2200000000012,1951.6029999999998,10,1560.47,530.9905,1452.6851,1979.5388758985837,637.58493085373027,738.516640579203,1,30,19,2257,3397
62,30,34,LinearSubgradientAuction,0.05,0.01,,True,,1000,3600,cats_reg_g30b150,,heuristic,3,False,CATS,150,regions,MultiMinded,1000,MaxIter,1408.0099999999948,1978.0167,10,1737.89,582.94900000000007,959.50604,1959.0071332908899,20.018485193342443,318.80327188956034,1,30,19,2074,3124
63,30,30,LinearSubgradientAuction,0.05,0.01,,True,,1000,3600,cats_reg_g30b150,,heuristic,3,False,CATS,150,regions,MultiMinded,1000,MaxIter,1238.5800000000017,2547.4234,4,1821.34,869.476,684.1904000000001,2391.6388557538489,22.673328679089387,261.95596558972699,1,30,21,1830,2760
64,30,34,LinearSubgradientAuction,0.05,0.01,,True,,1000,3600,cats_reg_g30b150,,heuristic,3,False,CATS,150,regions,MultiMinded,1000,MaxIter,1411.3099999999977,2427.9729,8,1844.14,792.92899999999997,1120.7536,2426.503568315874,138.31548554444714,299.71367502184432,1,30,14,2074,3124
65,30,36,LinearSubgradientAuction,0.05,0.01,,True,,1000,3600,cats_reg_g30b150,,heuristic,3,False,CATS,150,regions,MultiMinded,1000,MaxIter,1491.9399999999878,2209.3287,10,1779.98,732.52250000000004,661.7687000000001,2162.1774389865795,60.242157048931659,263.93400709133743,1,30,15,2196,3306
66,30,30,LinearSubgradientAuction,0.05,0.01,,True,,1000,3600,cats_reg_g30b150,,heuristic,3,False,CATS,150,regions,MultiMinded,318,Balance,383.8600000000006,2387.3904,3,2290.03,553.03500000000008,2387.3904,2358.5925666416433,2278.4500838440181,2332.2402794783907,1,29,9,1800,2700
67,30,41,LinearSubgradientAuction,0.05,0.01,,True,,1000,3600,cats_reg_g30b150,,heuristic,3,False,CATS,150,regions,MultiMinded,1000,MaxIter,1719.4700000000012,2130.5865999999996,5,1569.3,447.20299999999997,431.014,2215.5249774214049,88.04113246059093,280.53082769161364,1,30,24,2501,3761
68,30,34,LinearSubgradientAuction,0.05,0.01,,True,,1000,3600,cats_reg_g30b150,,heuristic,3,False,CATS,150,regions,MultiMinded,1000,MaxIter,1405.5,1871.0335999999998,7,1491.62,623.48450000000003,1167.0334999999998,1892.355667630372,728.16348083399589,950.64539918771038,1,30,17,2074,3124
69,30,34,LinearSubgradientAuction,0.05,0.01,,True,,1000,3600,cats_reg_g30b150,,heuristic,3,False,CATS,150,regions,MultiMinded,1000,MaxIter,1391.050000000003,2248.1536,8,1918.69,909.28949999999998,1836.9906,2210.6914953939877,411.40464804188599,610.76842740283837,1,29,10,2040,3056
70,30,32,LinearSubgradientAuction,0.05,0.01,,True,,1000,3600,cats_reg_g30b150,,heuristic,3,False,CATS,150,regions,MultiMinded,1000,MaxIter,1331.5399999999936,2074.3614,7,1794.89,671.03600000000006,1261.4192,2476.0505367392284,487.68031743092115,681.97760191778821,1,30,20,1952,2942
71,30,30,LinearSubgradientAuction,0.05,0.01,,True,,1000,3600,cats_reg_g30b150,,heuristic,3,False,CATS,150,regions,MultiMinded,1000,MaxIter,1203.5299999999988,2107.4125,6,1919.92,672.68100000000004,1137.1689999999999,2266.278841178897,263.71444735342641,367.54837446019837,1,29,23,1800,2700
72,30,35,LinearSubgradientAuction,0.05,0.01,,True,,1000,3600,cats_reg_g30b150,,heuristic,3,False,CATS,150,regions,MultiMinded,1000,MaxIter,1458.2200000000012,1946.4843000000003,6,1216.53,554.09649999999999,951.5824,1965.9155671328801,0.0,234.41141461211745,1,30,17,2135,3215
73,30,35,LinearSubgradientAuction,0.05,0.01,,True,,1000,3600,cats_reg_g30b150,,heuristic,3,False,CATS,150,regions,MultiMinded,1000,MaxIter,1418.300000000003,1852.6272999999999,7,1445.38,663.03899999999999,1074.6882999999998,1810.2854337535177,0.0,295.56010183220104,1,29,13,2100,3145
74,30,31,LinearSubgradientAuction,0.05,0.01,,True,,1000,3600,cats_reg_g30b150,,heuristic,3,False,CATS,150,regions,MultiMinded,1000,MaxIter,1243.3899999999994,2020.0417,4,1744.34,781.83899999999994,1529.7870999999998,2154.1726335165858,249.28126675364126,460.00404085904745,1,29,13,1860,2789
75,30,39,LinearSubgradientAuction,0.05,0.01,,True,,1000,3600,cats_reg_g30b150,,heuristic,3,False,CATS,150,regions,MultiMinded,1000,MaxIter,1615.1900000000023,2549.9302,8,1890.83,637.39099999999996,845.3532,2496.2875052891914,21.712549902172196,482.36197004645499,1,30,16,2379,3579
76,30,36,LinearSubgradientAuction,0.05,0.01,,True,,1000,3600,cats_reg_g30b150,,heuristic,3,False,CATS,150,regions,MultiMinded,1000,MaxIter,1485.2099999999919,1970.4382,10,1633.82,405.01099999999997,1248.2102,2092.3483395376234,562.27835357947424,597.19702769977437,1,30,19,2196,3306
77,30,34,LinearSubgradientAuction,0.05,0.01,,True,,1000,3600,cats_reg_g30b150,,heuristic,3,False,CATS,150,regions,MultiMinded,1000,MaxIter,1410.300000000003,1646.3148,6,1576.38,831.28949999999998,740.481,1747.5392648358807,410.86025576981257,446.20200814461845,1,30,21,2074,3124
78,30,34,LinearSubgradientAuction,0.05,0.01,,True,,1000,3600,cats_reg_g30b150,,heuristic,3,False,CATS,150,regions,MultiMinded,1000,MaxIter,1402.6000000000058,2412.1546,7,1881.66,768.41550000000007,714.0821000000001,2523.7887003600317,330.06344141586578,687.50314294899999,1,30,13,2074,3124
79,30,29,LinearSubgradientAuction,0.05,0.01,,True,,1000,3600,cats_reg_g30b150,,heuristic,3,False,CATS,150,regions,MultiMinded,1000,MaxIter,1195.2600000000093,2267.359,6,2060.3,919.01300000000003,464.824,2464.1965227598675,0,211.54483676630292,1,30,40,1769,2669
80,30,37,LinearSubgradientAuction,0.05,0.01,,True,,1000,3600,cats_reg_g30b150,,heuristic,3,False,CATS,150,regions,MultiMinded,1000,MaxIter,1539.3500000000058,2112.5864,6,1592.54,576.49599999999998,1291.5593,2064.6349026128128,571.27798260872044,734.24046286743351,1,30,12,2257,3397
81,30,33,LinearSubgradientAuction,0.05,0.01,,True,,1000,3600,cats_reg_g30b150,,heuristic,3,False,CATS,150,regions,MultiMinded,1000,MaxIter,1324.949999999997,1652.215,3,1316.69,725.81600000000003,596.684,1893.8903703338065,98.141216723211201,216.47549283505305,1,29,20,1980,2967
82,30,35,LinearSubgradientAuction,0.05,0.01,,True,,1000,3600,cats_reg_g30b150,,heuristic,3,False,CATS,150,regions,MultiMinded,1000,MaxIter,1441.3800000000047,2109.0315,6,1900.31,619.13249999999994,970.6574,2417.033770816432,211.46019344378084,345.3036027135106,1,30,16,2135,3215
83,30,32,LinearSubgradientAuction,0.05,0.01,,True,,1000,3600,cats_reg_g30b150,,heuristic,3,False,CATS,150,regions,MultiMinded,1000,MaxIter,1327.2200000000012,2576.43019,6,2027.96,1059.6700000000001,852.5002,2674.5087986277022,0.0,122.37339924980256,1,30,11,1952,2942
84,30,34,LinearSubgradientAuction,0.05,0.01,,True,,1000,3600,cats_reg_g30b150,,heuristic,3,False,CATS,150,regions,MultiMinded,1000,MaxIter,1380.62999999999,1983.6759000000002,5,1485.27,650.14099999999996,1237.731,1933.3323847818542,323.22733838130517,520.06793286477796,1,30,14,2074,3124
85,30,33,LinearSubgradientAuction,0.05,0.01,,True,,1000,3600,cats_reg_g30b150,,heuristic,3,False,CATS,150,regions,MultiMinded,1000,MaxIter,1390.7599999999948,1650.3177,5,1136.81,534.83399999999995,955.2144000000001,1664.0301030770538,38.558370413029863,77.172903611487428,1,30,12,2013,3033
86,30,37,LinearSubgradientAuction,0.05,0.01,,True,,1000,3600,cats_reg_g30b150,,heuristic,3,False,CATS,150,regions,MultiMinded,1000,MaxIter,1544.699999999997,2073.2363,6,1605.13,504.47649999999999,822.6953000000001,1834.8060255155171,0.0,336.3837022611371,1,30,18,2257,3397
87,30,34,LinearSubgradientAuction,0.05,0.01,,True,,1000,3600,cats_reg_g30b150,,heuristic,3,False,CATS,150,regions,MultiMinded,1000,MaxIter,1389.270000000004,2161.5317,9,1611.82,461.19499999999999,1124.1237,2188.2691238052839,670.71157251258535,979.99565690744305,1,29,10,2040,3056
88,30,35,LinearSubgradientAuction,0.05,0.01,,True,,1000,3600,cats_reg_g30b150,,heuristic,3,False,CATS,150,regions,MultiMinded,1000,MaxIter,1407.5899999999965,1960.6723,7,1579.4,529.16499999999996,1162.5195,1948.6857388318751,159.96860831137568,253.2140572783272,1,29,17,2100,3145
89,30,40,LinearSubgradientAuction,0.05,0.01,,True,,1000,3600,cats_reg_g30b150,,heuristic,3,False,CATS,150,regions,MultiMinded,1000,MaxIter,1625.800000000003,2103.4608,12,1324.86,455.78500000000003,881.1431,1788.6918919443017,417.88364497991506,808.21893269192333,1,29,22,2400,3590
90,30,36,LinearSubgradientAuction,0.05,0.01,,True,,1000,3600,cats_reg_g30b150,,heuristic,3,False,CATS,150,regions,MultiMinded,1000,MaxIter,1488.340000000011,2252.2093,8,1749.09,686.99800000000005,1466.1883,2193.7620210708019,1169.3477446884685,1319.0518000006075,1,30,4,2196,3306
91,30,37,LinearSubgradientAuction,0.05,0.01,,True,,1000,3600,cats_reg_g30b150,,heuristic,3,False,CATS,150,regions,MultiMinded,1000,MaxIter,1471.5,2533.4677,11,1557.05,605.50300000000004,1486.4399999999998,2289.2071441987664,572.13756534540425,1114.0896112613445,1,28,13,2183,3249
92,30,37,LinearSubgradientAuction,0.05,0.01,,True,,1000,3600,cats_reg_g30b150,,heuristic,3,False,CATS,150,regions,MultiMinded,1000,MaxIter,1539.6399999999994,2087.0795,11,1557.29,467.12700000000001,1337.2651,2000.9660042356534,559.78441360341174,707.08972085942275,1,30,36,2257,3397
93,30,34,LinearSubgradientAuction,0.05,0.01,,True,,1000,3600,cats_reg_g30b150,,heuristic,3,False,CATS,150,regions,MultiMinded,1000,MaxIter,1393.909999999989,2220.4165999999996,6,1477.09,531.97949999999992,1276.3777,2267.7730830092078,27.354487500560971,220.19735692534755,1,30,16,2074,3124
94,30,33,LinearSubgradientAuction,0.05,0.01,,True,,1000,3600,cats_reg_g30b150,,heuristic,3,False,CATS,150,regions,MultiMinded,1000,MaxIter,1335.6500000000087,2089.1439,6,1850.23,583.02999999999997,1024.9859,2150.1578551595594,838.23718262580792,979.84548906714804,1,29,8,1980,2967
95,30,36,LinearSubgradientAuction,0.05,0.01,,True,,1000,3600,cats_reg_g30b150,,heuristic,3,False,CATS,150,regions,MultiMinded,1000,MaxIter,1486.699999999997,2218.1557,8,1747.55,732.99250000000006,1851.3583,2422.340415515007,178.9475005733799,255.76593577558964,1,30,22,2196,3306
96,30,33,LinearSubgradientAuction,0.05,0.01,,True,,1000,3600,cats_reg_g30b150,,heuristic,3,False,CATS,150,regions,MultiMinded,1000,MaxIter,1373.6199999999953,1873.9284000000002,7,1690.89,555.43200000000002,1030.2735,2043.6609602569665,411.76939741087335,465.26058737196371,1,30,16,2013,3033
97,30,37,LinearSubgradientAuction,0.05,0.01,,True,,1000,3600,cats_reg_g30b150,,heuristic,3,False,CATS,150,regions,MultiMinded,1000,MaxIter,1445.0399999999936,1853.4531000000002,6,1334.16,635.36699999999996,944.5131,1853.9451629432215,0.0,136.71643821878212,1,27,14,2146,3175
98,30,36,LinearSubgradientAuction,0.05,0.01,,True,,1000,3600,cats_reg_g30b150,,heuristic,3,False,CATS,150,regions,MultiMinded,1000,MaxIter,1500.140000000014,2779.0163,7,2131.76,620.35799999999995,1935.2953,2835.1851246277329,848.35756383389639,1194.1394321740888,1,30,11,2196,3306
99,30,37,LinearSubgradientAuction,0.05,0.01,,True,,1000,3600,cats_reg_g30b150,,heuristic,3,False,CATS,150,regions,MultiMinded,1000,MaxIter,1545.2099999999919,2286.8288000000002,4,1573.72,543.00099999999998,1229.5618,2412.7693562732034,205.6255308719733,336.28250077835031,1,30,14,2257,3397
100,30,32,LinearSubgradientAuction,0.05,0.01,,True,,1000,3600,cats_reg_g30b150,,heuristic,3,False,CATS,150,regions,MultiMinded,1000,MaxIter,1309.4700000000012,1906.0085,11,1496.95,591.39400000000001,1245.1895000000002,1839.208222934644,437.75888178225739,634.8217708281893,1,30,51,1952,2942
