idx,items,agents,auction_class,epsilon,stepc,epoch,scalebyvalue,reserve_type,maxiter,maxtime,generator_param_name,personalized,bidding_strategy,heuristic_pool_num,int_prices,generator,bids,distribution,type,rounds,status,runtime,efficient_value,final_num_winners,final_max_agent_value,final_scalevalue,final_value,final_total_price,final_revenue,final_indirect_util,final_price_degree,final_price_sparsity,final_imbalance,final_wd_nvars,final_wd_ncons
1,30,36,AdaptiveCuttingAuction,0.05,0.04,10,True,,1000,3600,cats_reg_g30b150,True,heuristic,3,False,CATS,150,regions,MultiMinded,58,Balance,14.449999999982538,2502.8085,12,1712.02,630.28700000000003,2453.4986,2118.70120151221,1778.3462215122106,2218.9356376111555,6,42,32,87,66
2,30,38,AdaptiveCuttingAuction,0.05,0.04,10,True,,1000,3600,cats_reg_g30b150,True,heuristic,3,False,CATS,150,regions,MultiMinded,208,Balance,122.78999999997905,2067.4249,5,1460.04,478.96600000000001,2067.4249,2097.987115695275,1978.2456156952746,2027.9382560937092,26,60,48,104,68
3,30,36,AdaptiveCuttingAuction,0.05,0.04,10,True,,1000,3600,cats_reg_g30b150,True,heuristic,3,False,CATS,150,regions,MultiMinded,145,Balance,43.429999999993015,2226.2472000000002,3,1961.0,494.50999999999999,2226.2472000000002,2202.5337146099846,2133.3023146099845,2175.2331359776513,20,44,40,82,66
4,30,38,AdaptiveCuttingAuction,0.05,0.04,10,True,,1000,3600,cats_reg_g30b150,True,heuristic,3,False,CATS,150,regions,MultiMinded,805,Balance,366.04000000000815,2004.9491999999998,10,1505.7,557.86300000000006,1970.1392,1899.9932556260326,1626.6403856260324,1766.4859366270728,19,74,28,106,68
5,30,35,AdaptiveCuttingAuction,0.05,0.04,10,True,,1000,3600,cats_reg_g30b150,True,heuristic,3,False,CATS,150,regions,MultiMinded,1000,MaxIter,935.0799999999872,1864.626,8,1703.97,505.12049999999999,1476.2411,1964.6705024612268,311.26540078706466,350.99119489673001,25,83,34,110,65
6,30,35,AdaptiveCuttingAuction,0.05,0.04,10,True,,1000,3600,cats_reg_g30b150,True,heuristic,3,False,CATS,150,regions,MultiMinded,1000,MaxIter,487.679999999993,2116.0368,6,1959.83,614.52500000000009,1906.9058000000002,2432.2160903483591,836.93652543085238,955.03785545066546,18,79,48,107,65
7,30,35,AdaptiveCuttingAuction,0.05,0.04,10,True,,1000,3600,cats_reg_g30b150,True,heuristic,3,False,CATS,150,regions,MultiMinded,1000,MaxIter,409.11000000001513,2031.9575,7,1330.11,558.39999999999998,1344.7588999999998,2153.4392841590088,60.748380979485788,123.21685336172303,9,57,40,100,65
8,30,35,AdaptiveCuttingAuction,0.05,0.04,10,True,,1000,3600,cats_reg_g30b150,True,heuristic,3,False,CATS,150,regions,MultiMinded,1000,MaxIter,426.20000000001164,2027.57669,10,1379.5,642.28750000000002,1720.13279,1927.5441583193019,290.53481125719014,483.32581424833842,18,56,19,101,65
9,30,36,AdaptiveCuttingAuction,0.05,0.04,10,True,,1000,3600,cats_reg_g30b150,True,heuristic,3,False,CATS,150,regions,MultiMinded,1000,MaxIter,576.5799999999872,1859.5272999999997,8,1542.29,443.88650000000001,1377.0394000000001,1897.4827627454792,373.30271231905726,450.50711575381297,11,67,41,117,66
10,30,34,AdaptiveCuttingAuction,0.05,0.04,10,True,,1000,3600,cats_reg_g30b150,True,heuristic,3,False,CATS,150,regions,MultiMinded,1000,MaxIter,443.8299999999872,2566.974,5,2112.56,626.02300000000002,2566.974,2545.876098735389,1754.9308392508665,1950.6744380666769,24,65,37,99,64
11,30,36,AdaptiveCuttingAuction,0.05,0.04,10,True,,1000,3600,cats_reg_g30b150,True,heuristic,3,False,CATS,150,regions,MultiMinded,250,Balance,105.02999999999884,2431.6115,4,2098.81,721.22149999999999,2431.6115,2381.7718927123769,2237.5275927123771,2322.3981983331309,26,63,22,96,66
12,30,32,AdaptiveCuttingAuction,0.05,0.04,10,True,,1000,3600,cats_reg_g30b150,True,heuristic,3,False,CATS,150,regions,MultiMinded,1000,MaxIter,309.02999999999884,1865.81568,8,1645.15,855.13049999999998,1767.21838,2043.7632427574904,49.040194046680462,176.11566373692617,15,50,25,94,62
13,30,35,AdaptiveCuttingAuction,0.05,0.04,10,True,,1000,3600,cats_reg_g30b150,True,heuristic,3,False,CATS,150,regions,MultiMinded,292,Balance,117.98000000001048,1773.5022000000001,6,1494.31,678.60900000000004,1773.5022000000001,1784.3508711793822,1580.7681711793819,1619.6299332635331,8,49,42,109,65
14,30,32,AdaptiveCuttingAuction,0.05,0.04,10,True,,1000,3600,cats_reg_g30b150,True,heuristic,3,False,CATS,150,regions,MultiMinded,459,Balance,149.20000000001164,1980.1873000000003,6,1559.99,631.08900000000006,1980.1873000000003,1810.9784201583807,1659.5170601583809,1855.8517173939897,21,60,16,93,62
15,30,36,AdaptiveCuttingAuction,0.05,0.04,10,True,,1000,3600,cats_reg_g30b150,True,heuristic,3,False,CATS,150,regions,MultiMinded,73,Balance,13.639999999984866,2512.4141000000004,4,2312.23,781.00699999999995,2490.0381,2464.3624849911944,2308.1610849911945,2398.2915714032961,1,30,29,80,66
16,30,34,AdaptiveCuttingAuction,0.05,0.04,10,True,,1000,3600,cats_reg_g30b150,True,heuristic,3,False,CATS,150,regions,MultiMinded,1000,MaxIter,557.2599999999802,1929.452,9,1789.44,584.255,1929.452,2060.8982284763911,1311.2382652552442,1371.0638989437466,21,60,25,107,64
17,30,33,AdaptiveCuttingAuction,0.05,0.04,10,True,,1000,3600,cats_reg_g30b150,True,heuristic,3,False,CATS,150,regions,MultiMinded,175,Balance,64.98000000001048,1934.7395999999999,6,1626.95,730.93200000000002,1779.6635,1817.994713873599,1598.7151138735992,1663.332663696264,27,48,76,94,63
18,30,34,AdaptiveCuttingAuction,0.05,0.04,10,True,,1000,3600,cats_reg_g30b150,True,heuristic,3,False,CATS,150,regions,MultiMinded,163,Balance,46.210000000020955,2504.1384,4,1818.33,781.33600000000001,2504.1384,2407.0401651410111,2258.586325141011,2400.1836150304594,7,41,10,86,64
19,30,36,AdaptiveCuttingAuction,0.05,0.04,10,True,,1000,3600,cats_reg_g30b150,True,heuristic,3,False,CATS,150,regions,MultiMinded,392,Balance,136.32000000000698,2560.7110000000002,11,1508.06,549.71399999999994,2560.7110000000002,2257.0620421178264,1987.98572045783,2328.8174721255314,6,43,29,98,66
20,30,37,AdaptiveCuttingAuction,0.05,0.04,10,True,,1000,3600,cats_reg_g30b150,True,heuristic,3,False,CATS,150,regions,MultiMinded,1000,MaxIter,628.0199999999895,1801.7813999999998,8,1490.47,395.125,1642.0864000000001,2004.2481641025138,225.09932809807262,277.04136231862788,8,2406,38,119,67
21,30,33,AdaptiveCuttingAuction,0.05,0.04,10,True,,1000,3600,cats_reg_g30b150,True,heuristic,3,False,CATS,150,regions,MultiMinded,1000,MaxIter,416.88000000000466,1553.7635,6,1374.19,778.39550000000008,1212.5286999999998,1572.8448317079426,153.16110449552133,184.11878942911858,25,74,39,101,63
22,30,38,AdaptiveCuttingAuction,0.05,0.04,10,True,,1000,3600,cats_reg_g30b150,True,heuristic,3,False,CATS,150,regions,MultiMinded,1000,MaxIter,591.4499999999825,2312.252,6,2123.59,638.69949999999994,2312.252,2495.1735079426612,1548.6101313479392,1578.6865640744102,21,70,31,113,68
23,30,38,AdaptiveCuttingAuction,0.05,0.04,10,True,,1000,3600,cats_reg_g30b150,True,heuristic,3,False,CATS,150,regions,MultiMinded,1000,MaxIter,382.77999999999884,2354.8725,9,1818.1,597.00800000000004,2083.8639,2311.50986020039,266.42925372494619,518.5480356274054,13,49,4,100,68
24,30,35,AdaptiveCuttingAuction,0.05,0.04,10,True,,1000,3600,cats_reg_g30b150,True,heuristic,3,False,CATS,150,regions,MultiMinded,1000,MaxIter,456.5799999999872,1892.4884,9,1241.36,538.58849999999995,1313.2598,2120.8595329703098,117.1258817254968,251.04975870808511,25,66,39,94,65
25,30,33,AdaptiveCuttingAuction,0.05,0.04,10,True,,1000,3600,cats_reg_g30b150,True,heuristic,3,False,CATS,150,regions,MultiMinded,313,Balance,102.05999999999767,1741.0822999999998,7,1538.41,861.41849999999999,1733.1982999999998,1761.6156242901613,1460.1191492901614,1481.3476213867305,21,58,23,98,63
26,30,34,AdaptiveCuttingAuction,0.05,0.04,10,True,,1000,3600,cats_reg_g30b150,True,heuristic,3,False,CATS,150,regions,MultiMinded,1000,MaxIter,480.0899999999965,2008.668,7,1919.5,424.82100000000003,1725.4279,2043.9658746814409,179.11163117898744,256.61561101875526,27,65,28,94,64
27,30,32,AdaptiveCuttingAuction,0.05,0.04,10,True,,1000,3600,cats_reg_g30b150,True,heuristic,3,False,CATS,150,regions,MultiMinded,1000,MaxIter,384.3500000000058,2175.2061,4,1890.21,644.31150000000002,1888.6289,2249.8367450054438,598.2838074008755,607.37123143797658,12,57,30,91,62
28,30,37,AdaptiveCuttingAuction,0.05,0.04,10,True,,1000,3600,cats_reg_g30b150,True,heuristic,3,False,CATS,150,regions,MultiMinded,1000,MaxIter,648.570000000007,2040.43179,9,1615.6,517.23699999999997,1638.94639,2057.5088795580268,558.58129006160084,675.44396747776807,14,61,33,108,67
29,30,33,AdaptiveCuttingAuction,0.05,0.04,10,True,,1000,3600,cats_reg_g30b150,True,heuristic,3,False,CATS,150,regions,MultiMinded,352,Balance,178.09999999997672,2111.632,8,1854.64,708.57899999999995,2106.768,2022.5309774427287,1741.4449570010916,1942.7152639485732,19,68,51,110,63
30,30,35,AdaptiveCuttingAuction,0.05,0.04,10,True,,1000,3600,cats_reg_g30b150,True,heuristic,3,False,CATS,150,regions,MultiMinded,1000,MaxIter,468.4100000000035,2323.0769999999998,10,1594.17,462.18150000000003,1736.8408000000004,2239.4931208984476,375.33706299272887,572.12739569062273,12,60,21,104,65
31,30,34,AdaptiveCuttingAuction,0.05,0.04,10,True,,1000,3600,cats_reg_g30b150,True,heuristic,3,False,CATS,150,regions,MultiMinded,1000,MaxIter,428.4899999999907,2659.4860000000003,7,2167.09,585.07799999999997,1907.2546000000002,2947.4097040276683,861.25478140629366,1053.8811335878722,8,57,23,104,64
32,30,37,AdaptiveCuttingAuction,0.05,0.04,10,True,,1000,3600,cats_reg_g30b150,True,heuristic,3,False,CATS,150,regions,MultiMinded,1000,MaxIter,378.0100000000093,1999.8556999999998,7,1545.46,522.50199999999995,1666.8397,1900.1415908294264,490.53740453761611,635.63571306325923,1,1073,37,103,67
33,30,37,AdaptiveCuttingAuction,0.05,0.04,10,True,,1000,3600,cats_reg_g30b150,True,heuristic,3,False,CATS,150,regions,MultiMinded,1000,MaxIter,665.5899999999965,1805.9524000000001,8,1582.17,487.50400000000002,1504.702,1770.0008159706995,732.44782001114413,856.91363889925822,22,2368,38,111,67
34,30,39,AdaptiveCuttingAuction,0.05,0.04,10,True,,1000,3600,cats_reg_g30b150,True,heuristic,3,False,CATS,150,regions,MultiMinded,1000,MaxIter,599.3699999999953,1983.6001999999999,8,1564.76,623.41200000000003,1917.7762,2069.4134004379343,1332.1337553975341,1478.9696296536881,15,59,31,111,69
35,30,38,AdaptiveCuttingAuction,0.05,0.04,10,True,,1000,3600,cats_reg_g30b150,True,heuristic,3,False,CATS,150,regions,MultiMinded,1000,MaxIter,543.7900000000081,2341.4052,7,1755.59,637.298,2062.4518,2424.2004830027322,847.27004744946578,1036.2514626829231,20,70,26,112,68
36,30,33,AdaptiveCuttingAuction,0.05,0.04,10,True,,1000,3600,cats_reg_g30b150,True,heuristic,3,False,CATS,150,regions,MultiMinded,1000,MaxIter,493.86000000001513,2136.9992,8,1693.26,587.83249999999998,1820.9968,2288.838773380673,422.08161476116004,492.95217214418551,18,64,32,107,63
37,30,34,AdaptiveCuttingAuction,0.05,0.04,10,True,,1000,3600,cats_reg_g30b150,True,heuristic,3,False,CATS,150,regions,MultiMinded,1000,MaxIter,479.97000000000116,1991.3467,7,1812.59,701.23299999999995,1884.5725000000002,2015.7496599458184,780.90388413301378,842.14360196954499,26,67,20,110,64
38,30,40,AdaptiveCuttingAuction,0.05,0.04,10,True,,1000,3600,cats_reg_g30b150,True,heuristic,3,False,CATS,150,regions,MultiMinded,203,Balance,87.32000000000698,2724.0288,6,2153.9,576.38300000000004,2724.0288,2514.5209700968321,2370.4252200968326,2606.3814496465025,25,49,25,99,70
39,30,30,AdaptiveCuttingAuction,0.05,0.04,10,True,,1000,3600,cats_reg_g30b150,True,heuristic,3,False,CATS,150,regions,MultiMinded,1000,MaxIter,296.2300000000105,1968.0602,5,1918.66,764.726,1903.0061999999998,2206.8095206561993,697.51787998769134,743.58802204579342,11,56,38,84,60
40,30,33,AdaptiveCuttingAuction,0.05,0.04,10,True,,1000,3600,cats_reg_g30b150,True,heuristic,3,False,CATS,150,regions,MultiMinded,467,Balance,245.45999999999185,1942.0583000000001,3,1674.34,688.69799999999998,1942.0583000000001,1944.4753824708146,1841.1706824708147,1850.7264584724103,26,74,34,102,63
41,30,35,AdaptiveCuttingAuction,0.05,0.04,10,True,,1000,3600,cats_reg_g30b150,True,heuristic,3,False,CATS,150,regions,MultiMinded,1000,MaxIter,776.8099999999977,1877.7214099999999,9,1423.29,646.35299999999995,1721.7673099999997,1826.0270642539924,870.02152960321291,929.74881063607086,27,82,36,113,65
42,30,32,AdaptiveCuttingAuction,0.05,0.04,10,True,,1000,3600,cats_reg_g30b150,True,heuristic,3,False,CATS,150,regions,MultiMinded,1000,MaxIter,429.820000000007,2111.841,7,1703.5,646.17399999999998,1384.776,2224.6048621109639,298.0845768181411,351.3505494461802,17,1827,25,96,62
43,30,40,AdaptiveCuttingAuction,0.05,0.04,10,True,,1000,3600,cats_reg_g30b150,True,heuristic,3,False,CATS,150,regions,MultiMinded,1000,MaxIter,448.20999999999185,2446.7208,13,1927.69,685.90899999999999,2238.1496499999994,2287.2725578110117,1028.6992953115328,1265.2879291917307,23,56,23,97,70
44,30,35,AdaptiveCuttingAuction,0.05,0.04,10,True,,1000,3600,cats_reg_g30b150,True,heuristic,3,False,CATS,150,regions,MultiMinded,1000,MaxIter,504.04999999998836,1711.1515999999997,8,1299.51,651.40899999999999,1647.8545999999997,1639.0083424257298,1202.8903269901109,1292.8621732239233,25,65,31,108,65
45,30,38,AdaptiveCuttingAuction,0.05,0.04,10,True,,1000,3600,cats_reg_g30b150,True,heuristic,3,False,CATS,150,regions,MultiMinded,1000,MaxIter,633.8099999999977,2034.5094,9,1828.07,742.07299999999998,1641.9823999999999,2283.2090955511949,735.51423388288515,752.7822302029989,16,70,38,111,68
46,30,31,AdaptiveCuttingAuction,0.05,0.04,10,True,,1000,3600,cats_reg_g30b150,True,heuristic,3,False,CATS,150,regions,MultiMinded,150,Balance,38.139999999984866,2564.0325000000003,4,2373.4,807.26099999999997,2564.0325000000003,2552.4507597205816,2391.3553114627257,2408.0304823771303,25,58,27,80,61
47,30,37,AdaptiveCuttingAuction,0.05,0.04,10,True,,1000,3600,cats_reg_g30b150,True,heuristic,3,False,CATS,150,regions,MultiMinded,431,Balance,179.42999999999302,2233.1322,10,1669.44,664.97900000000004,2231.8882,2069.8109094733895,1768.2786958775059,1995.5165732216201,21,68,27,101,67
48,30,35,AdaptiveCuttingAuction,0.05,0.04,10,True,,1000,3600,cats_reg_g30b150,True,heuristic,3,False,CATS,150,regions,MultiMinded,1000,MaxIter,624.3699999999953,2069.4358,8,1826.01,556.24350000000004,1681.0258000000001,2207.7232148883759,711.29921052294662,829.81036808542581,12,2450,31,114,65
49,30,30,AdaptiveCuttingAuction,0.05,0.04,10,True,,1000,3600,cats_reg_g30b150,True,heuristic,3,False,CATS,150,regions,MultiMinded,118,Balance,31.25999999998021,1979.7895999999998,8,1594.07,673.82600000000002,1974.7225999999998,1983.4480478907205,1720.6559078907208,1764.1228427709541,5,38,30,83,60
50,30,33,AdaptiveCuttingAuction,0.05,0.04,10,True,,1000,3600,cats_reg_g30b150,True,heuristic,3,False,CATS,150,regions,MultiMinded,239,Balance,63.66000000000349,2110.6722999999997,7,1335.35,460.47550000000001,2110.6722999999997,1987.7349521682966,1849.5923021682966,2005.4168187958369,7,41,21,90,63
51,30,37,AdaptiveCuttingAuction,0.05,0.04,10,True,,1000,3600,cats_reg_g30b150,True,heuristic,3,False,CATS,150,regions,MultiMinded,105,Balance,47.5,2245.4244000000003,6,1882.26,597.73699999999997,2245.4244000000003,2167.193091338198,2017.7588413381977,2138.787382833505,19,65,38,104,67
52,30,32,AdaptiveCuttingAuction,0.05,0.04,10,True,,1000,3600,cats_reg_g30b150,True,heuristic,3,False,CATS,150,regions,MultiMinded,1000,MaxIter,393.2699999999895,1756.6213,7,1409.87,556.45500000000004,1249.2843,1775.9858094586166,231.70725734702242,373.38836530534536,26,51,33,91,62
53,30,34,AdaptiveCuttingAuction,0.05,0.04,10,True,,1000,3600,cats_reg_g30b150,True,heuristic,3,False,CATS,150,regions,MultiMinded,334,Balance,108.32000000000698,2325.6629000000003,8,1796.97,570.23000000000002,2279.8698999999997,2199.0765287936424,1976.6868287936425,2125.1890318409105,6,1496,46,94,64
54,30,37,AdaptiveCuttingAuction,0.05,0.04,10,True,,1000,3600,cats_reg_g30b150,True,heuristic,3,False,CATS,150,regions,MultiMinded,1000,MaxIter,586.6700000000128,2355.424,9,2152.9,670.553,1992.2107,2666.8192368826681,1228.3638739810008,1264.8042188049942,23,77,24,112,67
55,30,33,AdaptiveCuttingAuction,0.05,0.04,10,True,,1000,3600,cats_reg_g30b150,True,heuristic,3,False,CATS,150,regions,MultiMinded,1000,MaxIter,384.5799999999872,2078.1524999999997,8,1352.37,548.28150000000005,1610.2285,2224.1065483322259,793.92913697229017,820.76008854688689,14,65,16,99,63
56,30,39,AdaptiveCuttingAuction,0.05,0.04,10,True,,1000,3600,cats_reg_g30b150,True,heuristic,3,False,CATS,150,regions,MultiMinded,1000,MaxIter,429.27999999999884,1893.3772000000004,7,1498.24,591.42200000000003,1694.8432,1860.3422723518572,765.53073575112376,864.95915597398641,25,67,18,100,69
57,30,36,AdaptiveCuttingAuction,0.05,0.04,10,True,,1000,3600,cats_reg_g30b150,True,heuristic,3,False,CATS,150,regions,MultiMinded,216,Balance,92.72000000000116,1899.5301999999997,8,1604.44,621.16750000000002,1899.5301999999997,1951.3792054889523,1702.9122054889522,1710.8203136164746,11,59,29,112,66
58,30,36,AdaptiveCuttingAuction,0.05,0.04,10,True,,1000,3600,cats_reg_g30b150,True,heuristic,3,False,CATS,150,regions,MultiMinded,1000,MaxIter,488.47000000000116,2429.6093,7,2057.42,832.86300000000006,2313.7559,2450.1441068207764,678.4315919227281,736.8755673932734,26,62,3,105,66
59,30,39,AdaptiveCuttingAuction,0.05,0.04,10,True,,1000,3600,cats_reg_g30b150,True,heuristic,3,False,CATS,150,regions,MultiMinded,1000,MaxIter,495.77999999999884,2064.9126,6,1772.9,622.28800000000001,1433.1515,2096.9097500897847,806.79792008008383,914.31745208086932,22,66,47,111,69
60,30,35,AdaptiveCuttingAuction,0.05,0.04,10,True,,1000,3600,cats_reg_g30b150,True,heuristic,3,False,CATS,150,regions,MultiMinded,1000,MaxIter,595.1199999999953,1956.0875,7,1842.74,450.80399999999997,1611.8514,2041.0114792546335,538.87533980889123,631.8762073889161,20,83,30,108,65
61,30,37,AdaptiveCuttingAuction,0.05,0.04,10,True,,1000,3600,cats_reg_g30b150,True,heuristic,3,False,CATS,150,regions,MultiMinded,977,Balance,719.7200000000012,1951.6029999999998,7,1560.47,530.9905,1951.6029999999998,1958.4827328787464,1772.6360578787471,1800.7970643812541,15,80,29,120,67
62,30,34,AdaptiveCuttingAuction,0.05,0.04,10,True,,1000,3600,cats_reg_g30b150,True,heuristic,3,False,CATS,150,regions,MultiMinded,1000,MaxIter,430.7600000000093,1978.0167,9,1737.89,582.94900000000007,1680.00844,1965.7918948650527,586.85304074118233,668.72948893930948,16,1942,40,97,64
63,30,30,AdaptiveCuttingAuction,0.05,0.04,10,True,,1000,3600,cats_reg_g30b150,True,heuristic,3,False,CATS,150,regions,MultiMinded,1000,MaxIter,340.9899999999907,2547.4234,6,1821.34,869.476,1786.9434,2428.6379174008734,1152.6227482327492,1264.5795551160643,24,59,57,90,60
64,30,34,AdaptiveCuttingAuction,0.05,0.04,10,True,,1000,3600,cats_reg_g30b150,True,heuristic,3,False,CATS,150,regions,MultiMinded,642,Balance,359.38000000000466,2427.9729,8,1844.14,792.92899999999997,2427.9729,2433.5594575382152,2116.387857538215,2165.1821000420773,25,60,35,113,64
65,30,36,AdaptiveCuttingAuction,0.05,0.04,10,True,,1000,3600,cats_reg_g30b150,True,heuristic,3,False,CATS,150,regions,MultiMinded,831,Balance,673.7300000000105,2209.3287,7,1779.98,732.52250000000004,2209.3287,2180.084859803866,1960.3281098038658,2035.1281204099371,26,65,24,107,66
66,30,30,AdaptiveCuttingAuction,0.05,0.04,10,True,,1000,3600,cats_reg_g30b150,True,heuristic,3,False,CATS,150,regions,MultiMinded,117,Balance,24.68000000002212,2387.3904,2,2290.03,553.03500000000008,2387.3904,2376.0838237743451,2320.7803237743451,2379.0810210453205,27,47,35,81,60
67,30,41,AdaptiveCuttingAuction,0.05,0.04,10,True,,1000,3600,cats_reg_g30b150,True,heuristic,3,False,CATS,150,regions,MultiMinded,1000,MaxIter,460.320000000007,2130.5865999999996,10,1569.3,447.20299999999997,1524.2075,2226.0788080138796,464.60898171893075,622.49669124323191,19,2173,30,101,71
68,30,34,AdaptiveCuttingAuction,0.05,0.04,10,True,,1000,3600,cats_reg_g30b150,True,heuristic,3,False,CATS,150,regions,MultiMinded,1000,MaxIter,730.9700000000012,1871.0335999999998,8,1491.62,623.48450000000003,1766.2846,1891.3799462592472,1246.007238416601,1291.5707104879471,15,62,28,110,64
69,30,34,AdaptiveCuttingAuction,0.05,0.04,10,True,,1000,3600,cats_reg_g30b150,True,heuristic,3,False,CATS,150,regions,MultiMinded,1000,MaxIter,510.7700000000186,2248.1536,9,1918.69,909.28949999999998,1949.4396,2348.9576618705123,245.79337334896729,282.32564130920002,22,60,17,104,64
70,30,32,AdaptiveCuttingAuction,0.05,0.04,10,True,,1000,3600,cats_reg_g30b150,True,heuristic,3,False,CATS,150,regions,MultiMinded,1000,MaxIter,313.52999999999884,2074.3614,6,1794.89,671.03600000000006,1447.5347,3037.749953455364,46.97252000000001,152.80185498398737,19,52,33,81,62
71,30,30,AdaptiveCuttingAuction,0.05,0.04,10,True,,1000,3600,cats_reg_g30b150,True,heuristic,3,False,CATS,150,regions,MultiMinded,1000,MaxIter,438.79999999998836,2107.4125,8,1919.92,672.68100000000004,1758.7801999999997,2102.9493736930335,515.97519045724107,597.81212944926699,18,61,28,102,60
72,30,35,AdaptiveCuttingAuction,0.05,0.04,10,True,,1000,3600,cats_reg_g30b150,True,heuristic,3,False,CATS,150,regions,MultiMinded,1000,MaxIter,632.5199999999895,1946.4843000000003,8,1216.53,554.09649999999999,1897.8203,2041.0504829365809,893.26115983591978,1103.8472975026582,23,63,31,107,65
73,30,35,AdaptiveCuttingAuction,0.05,0.04,10,True,,1000,3600,cats_reg_g30b150,True,heuristic,3,False,CATS,150,regions,MultiMinded,649,Balance,279.36999999999534,1852.6272999999999,7,1445.38,663.03899999999999,1852.6272999999999,1773.4240539868904,1579.173227297249,1717.0171909062794,12,2205,31,100,65
74,30,31,AdaptiveCuttingAuction,0.05,0.04,10,True,,1000,3600,cats_reg_g30b150,True,heuristic,3,False,CATS,150,regions,MultiMinded,1000,MaxIter,320.0899999999965,2020.0417,6,1744.34,781.83899999999994,2020.0417,1996.8337220301687,1391.2291472311081,1530.1714938044258,8,42,27,93,61
75,30,39,AdaptiveCuttingAuction,0.05,0.04,10,True,,1000,3600,cats_reg_g30b150,True,heuristic,3,False,CATS,150,regions,MultiMinded,1000,MaxIter,464.0199999999895,2549.9302,9,1890.83,637.39099999999996,2088.5532,2468.0082771182033,620.54489586283955,825.88985456592286,15,66,34,109,69
76,30,36,AdaptiveCuttingAuction,0.05,0.04,10,True,,1000,3600,cats_reg_g30b150,True,heuristic,3,False,CATS,150,regions,MultiMinded,1000,MaxIter,514.820000000007,1970.4382,9,1633.82,405.01099999999997,1616.1762,2163.1124610878696,562.07391547548445,596.38606079315912,25,80,35,106,66
77,30,34,AdaptiveCuttingAuction,0.05,0.04,10,True,,1000,3600,cats_reg_g30b150,True,heuristic,3,False,CATS,150,regions,MultiMinded,290,Balance,110.52999999999884,1646.3148,5,1576.38,831.28949999999998,1618.8128,1665.3333720810169,1457.510997081017,1475.1482263823327,25,63,42,111,64
78,30,34,AdaptiveCuttingAuction,0.05,0.04,10,True,,1000,3600,cats_reg_g30b150,True,heuristic,3,False,CATS,150,regions,MultiMinded,215,Balance,95.11999999999534,2412.1546,8,1881.66,768.41550000000007,2412.1546,2403.05344299115,2103.3713979911495,2195.2077600178427,25,62,17,102,64
79,30,29,AdaptiveCuttingAuction,0.05,0.04,10,True,,1000,3600,cats_reg_g30b150,True,heuristic,3,False,CATS,150,regions,MultiMinded,1000,MaxIter,327.69999999998254,2267.359,4,2060.3,919.01300000000003,2160.757,2504.2209357161178,238.1799921441808,393.22163576981484,27,66,28,96,59
80,30,37,AdaptiveCuttingAuction,0.05,0.04,10,True,,1000,3600,cats_reg_g30b150,True,heuristic,3,False,CATS,150,regions,MultiMinded,1000,MaxIter,518.1600000000035,2112.5864,11,1592.54,576.49599999999998,1836.8258,2185.5619668536601,434.89949193900509,576.04152872817201,17,63,30,107,67
81,30,33,AdaptiveCuttingAuction,0.05,0.04,10,True,,1000,3600,cats_reg_g30b150,True,heuristic,3,False,CATS,150,regions,MultiMinded,1000,MaxIter,408.79000000000815,1652.215,4,1316.69,725.81600000000003,1522.011,1693.2745418838101,530.01243269370752,554.25173023486104,20,68,23,97,63
82,30,35,AdaptiveCuttingAuction,0.05,0.04,10,True,,1000,3600,cats_reg_g30b150,True,heuristic,3,False,CATS,150,regions,MultiMinded,1000,MaxIter,762.9499999999825,2109.0315,7,1900.31,619.13249999999994,1762.6244000000002,2184.4290032683243,22.691361122409262,189.58630022961131,28,74,24,108,65
83,30,32,AdaptiveCuttingAuction,0.05,0.04,10,True,,1000,3600,cats_reg_g30b150,True,heuristic,3,False,CATS,150,regions,MultiMinded,1000,MaxIter,351.77999999999884,2576.43019,7,2027.96,1059.6700000000001,2489.4241899999997,2721.9153980396004,1974.5064831071172,2013.9550471387311,23,69,26,94,62
84,30,34,AdaptiveCuttingAuction,0.05,0.04,10,True,,1000,3600,cats_reg_g30b150,True,heuristic,3,False,CATS,150,regions,MultiMinded,1000,MaxIter,634.5600000000268,1983.6759000000002,7,1485.27,650.14099999999996,1827.3318,1963.3816894951021,338.0904245785764,505.78689014611717,17,78,26,121,64
85,30,33,AdaptiveCuttingAuction,0.05,0.04,10,True,,1000,3600,cats_reg_g30b150,True,heuristic,3,False,CATS,150,regions,MultiMinded,223,Balance,89.30000000001746,1650.3177,5,1136.81,534.83399999999995,1650.3177,1648.1665951724465,1516.277509247185,1553.6373706904737,17,57,30,98,63
86,30,37,AdaptiveCuttingAuction,0.05,0.04,10,True,,1000,3600,cats_reg_g30b150,True,heuristic,3,False,CATS,150,regions,MultiMinded,166,Balance,47.25,2073.2363,6,1605.13,504.47649999999999,2069.3503,1946.8070120091172,1795.4640620091168,1946.12538626732,11,44,19,91,67
87,30,34,AdaptiveCuttingAuction,0.05,0.04,10,True,,1000,3600,cats_reg_g30b150,True,heuristic,3,False,CATS,150,regions,MultiMinded,1000,MaxIter,513.8099999999977,2161.5317,5,1611.82,461.19499999999999,1177.8891,2151.1618011468672,58.54456042209074,276.95222993455536,25,66,44,98,64
88,30,35,AdaptiveCuttingAuction,0.05,0.04,10,True,,1000,3600,cats_reg_g30b150,True,heuristic,3,False,CATS,150,regions,MultiMinded,1000,MaxIter,516.9700000000012,1960.6723,7,1579.4,529.16499999999996,1721.7733,2059.2059711996549,1175.8778016223223,1233.7609340326419,13,1890,43,102,65
89,30,40,AdaptiveCuttingAuction,0.05,0.04,10,True,,1000,3600,cats_reg_g30b150,True,heuristic,3,False,CATS,150,regions,MultiMinded,385,Balance,190.1600000000035,2103.4608,12,1324.86,455.78500000000003,2103.4608,1794.2858102667014,1570.9511602667014,1920.3909198077622,25,58,26,111,70
90,30,36,AdaptiveCuttingAuction,0.05,0.04,10,True,,1000,3600,cats_reg_g30b150,True,heuristic,3,False,CATS,150,regions,MultiMinded,1000,MaxIter,348.9400000000023,2252.2093,7,1749.09,686.99800000000005,2018.1653000000001,2338.2776049614467,225.8659407476099,274.52053549425858,25,1846,8,96,66
91,30,37,AdaptiveCuttingAuction,0.05,0.04,10,True,,1000,3600,cats_reg_g30b150,True,heuristic,3,False,CATS,150,regions,MultiMinded,1000,MaxIter,700.429999999993,2533.4677,10,1557.05,605.50300000000004,2067.2997,2216.8206777195342,478.53852781215369,875.42150930091179,26,2007,0,101,67
92,30,37,AdaptiveCuttingAuction,0.05,0.04,10,True,,1000,3600,cats_reg_g30b150,True,heuristic,3,False,CATS,150,regions,MultiMinded,131,Balance,60.13000000000466,2087.0795,9,1557.29,467.12700000000001,2087.0795,2029.7726503430235,1819.5655003430234,1910.2793421215167,25,61,9,102,67
93,30,34,AdaptiveCuttingAuction,0.05,0.04,10,True,,1000,3600,cats_reg_g30b150,True,heuristic,3,False,CATS,150,regions,MultiMinded,1000,MaxIter,489.02999999999884,2220.4165999999996,8,1477.09,531.97949999999992,1735.4707,2277.8621360768461,357.07486135352468,542.34152327787126,13,61,31,104,64
94,30,33,AdaptiveCuttingAuction,0.05,0.04,10,True,,1000,3600,cats_reg_g30b150,True,heuristic,3,False,CATS,150,regions,MultiMinded,1000,MaxIter,545.7099999999919,2089.1439,9,1850.23,583.02999999999997,1879.15459,2087.5747604505486,773.53695173730534,923.45650287118758,21,74,23,106,63
95,30,36,AdaptiveCuttingAuction,0.05,0.04,10,True,,1000,3600,cats_reg_g30b150,True,heuristic,3,False,CATS,150,regions,MultiMinded,1000,MaxIter,517.2200000000012,2218.1557,7,1747.55,732.99250000000006,1789.4049,2264.4531787321803,165.1413612448471,226.97163381789755,26,64,22,102,66
96,30,33,AdaptiveCuttingAuction,0.05,0.04,10,True,,1000,3600,cats_reg_g30b150,True,heuristic,3,False,CATS,150,regions,MultiMinded,1000,MaxIter,393.4100000000035,1873.9284000000002,7,1690.89,555.43200000000002,1431.4005,2040.1326777868874,620.8287607813719,643.65560847300287,15,63,16,103,63
97,30,37,AdaptiveCuttingAuction,0.05,0.04,10,True,,1000,3600,cats_reg_g30b150,True,heuristic,3,False,CATS,150,regions,MultiMinded,1000,MaxIter,432.29999999998836,1853.4531000000002,6,1334.16,635.36699999999996,1662.9231,1796.9856888169861,554.91907656349144,677.80119898735495,16,61,19,102,67
98,30,36,AdaptiveCuttingAuction,0.05,0.04,10,True,,1000,3600,cats_reg_g30b150,True,heuristic,3,False,CATS,150,regions,MultiMinded,1000,MaxIter,468.429999999993,2779.0163,9,2131.76,620.35799999999995,1858.9323,2843.3677419081323,649.62230403381227,698.84498954278615,24,65,42,103,66
99,30,37,AdaptiveCuttingAuction,0.05,0.04,10,True,,1000,3600,cats_reg_g30b150,True,heuristic,3,False,CATS,150,regions,MultiMinded,1000,MaxIter,450.0899999999965,2286.8288000000002,5,1573.72,543.00099999999998,1927.1618,2440.4772488081639,1085.5739859304049,1103.6967587675249,9,51,37,102,67
100,30,32,AdaptiveCuttingAuction,0.05,0.04,10,True,,1000,3600,cats_reg_g30b150,True,heuristic,3,False,CATS,150,regions,MultiMinded,227,Balance,64.14000000001397,1906.0085,9,1496.95,591.39400000000001,1906.0085,1772.4052513650772,1508.8786758650838,1662.006317851939,7,44,64,90,62
