idx,items,agents,auction_class,epsilon,stepc,epoch,scalebyvalue,reserve_type,maxiter,maxtime,generator_param_name,personalized,bidding_strategy,heuristic_pool_num,int_prices,generator,bids,distribution,type,rounds,status,runtime,efficient_value,final_num_winners,final_max_agent_value,final_scalevalue,final_value,final_total_price,final_revenue,final_indirect_util,final_price_degree,final_price_sparsity,final_imbalance,final_wd_nvars,final_wd_ncons
1,30,36,AdaptiveCuttingAuction,0.05,0.01,10,True,,1000,3600,cats_reg_g30b150,True,heuristic,3,False,CATS,150,regions,MultiMinded,152,Balance,64.47000000000116,2502.8085,9,1712.02,630.28700000000003,2502.8085,2070.0897019164267,1880.2389355626149,2343.9471152221204,14,47,25,101,66
2,30,38,AdaptiveCuttingAuction,0.05,0.01,10,True,,1000,3600,cats_reg_g30b150,True,heuristic,3,False,CATS,150,regions,MultiMinded,223,Balance,191.5899999999965,2067.4249,7,1460.04,478.96600000000001,2057.0263999999997,2067.4070011835593,1905.9614201179811,1943.557057194861,21,82,27,117,68
3,30,36,AdaptiveCuttingAuction,0.05,0.01,10,True,,1000,3600,cats_reg_g30b150,True,heuristic,3,False,CATS,150,regions,MultiMinded,114,Balance,37.860000000015134,2226.2472000000002,3,1961.0,494.50999999999999,2226.2472000000002,2212.6851963068971,2151.2956688196059,2210.9972955912663,25,67,30,96,66
4,30,38,AdaptiveCuttingAuction,0.05,0.01,10,True,,1000,3600,cats_reg_g30b150,True,heuristic,3,False,CATS,150,regions,MultiMinded,569,Balance,215.97999999998137,2004.9491999999998,10,1505.7,557.86300000000006,1960.1981999999998,1794.6081147671553,1554.7270247671549,1815.7834983813996,11,55,24,101,68
5,30,35,AdaptiveCuttingAuction,0.05,0.01,10,True,,1000,3600,cats_reg_g30b150,True,heuristic,3,False,CATS,150,regions,MultiMinded,208,Balance,61.55999999999767,1864.626,3,1703.97,505.12049999999999,1864.626,1765.0268596994069,1689.258784699407,1815.2777349026082,11,46,30,96,65
6,30,35,AdaptiveCuttingAuction,0.05,0.01,10,True,,1000,3600,cats_reg_g30b150,True,heuristic,3,False,CATS,150,regions,MultiMinded,1000,MaxIter,705.789999999979,2116.0368,9,1959.83,614.52500000000009,2116.0368,2220.3796874837185,1035.1674665394423,1161.446414531842,25,74,36,109,65
7,30,35,AdaptiveCuttingAuction,0.05,0.01,10,True,,1000,3600,cats_reg_g30b150,True,heuristic,3,False,CATS,150,regions,MultiMinded,1000,MaxIter,496.6499999999942,2031.9575,7,1330.11,558.39999999999998,1697.9144999999999,1934.1617971281578,426.97441341803926,695.20706877480688,26,63,27,97,65
8,30,35,AdaptiveCuttingAuction,0.05,0.01,10,True,,1000,3600,cats_reg_g30b150,True,heuristic,3,False,CATS,150,regions,MultiMinded,283,Balance,103.55000000001746,2027.57669,8,1379.5,642.28750000000002,2027.57669,1767.2134090706631,1570.1855249681603,1893.937885636127,13,53,31,87,65
9,30,36,AdaptiveCuttingAuction,0.05,0.01,10,True,,1000,3600,cats_reg_g30b150,True,heuristic,3,False,CATS,150,regions,MultiMinded,1000,MaxIter,723.7599999999802,1859.5272999999997,6,1542.29,443.88650000000001,1644.1037,1764.7151354779521,1022.0463827166956,1147.1071908734684,27,76,29,118,66
10,30,34,AdaptiveCuttingAuction,0.05,0.01,10,True,,1000,3600,cats_reg_g30b150,True,heuristic,3,False,CATS,150,regions,MultiMinded,1000,MaxIter,576.5499999999884,2566.974,7,2112.56,626.02300000000002,2414.383,2361.5057878337548,1335.545024680496,1678.1459920439597,25,63,33,101,64
11,30,36,AdaptiveCuttingAuction,0.05,0.01,10,True,,1000,3600,cats_reg_g30b150,True,heuristic,3,False,CATS,150,regions,MultiMinded,26,Balance,7.0499999999883585,2431.6115,4,2098.81,721.22149999999999,2431.6115,2289.4595792747232,2165.4613440128892,2336.4428907646898,21,45,3,84,66
12,30,32,AdaptiveCuttingAuction,0.05,0.01,10,True,,1000,3600,cats_reg_g30b150,True,heuristic,3,False,CATS,150,regions,MultiMinded,1000,MaxIter,340.04999999998836,1865.81568,5,1645.15,855.13049999999998,1422.98238,1949.5053386419493,0.0,123.97994325223723,18,57,6,91,62
13,30,35,AdaptiveCuttingAuction,0.05,0.01,10,True,,1000,3600,cats_reg_g30b150,True,heuristic,3,False,CATS,150,regions,MultiMinded,307,Balance,137.4100000000035,1773.5022000000001,5,1494.31,678.60900000000004,1756.9776,1716.72074527675,1579.0802013433702,1685.1305302758303,26,69,30,99,65
14,30,32,AdaptiveCuttingAuction,0.05,0.01,10,True,,1000,3600,cats_reg_g30b150,True,heuristic,3,False,CATS,150,regions,MultiMinded,1000,MaxIter,440.3500000000058,1980.1873000000003,5,1559.99,631.08900000000006,1901.0967000000003,1845.7785840721169,1322.4733057239912,1523.3264832163929,25,65,21,90,62
15,30,36,AdaptiveCuttingAuction,0.05,0.01,10,True,,1000,3600,cats_reg_g30b150,True,heuristic,3,False,CATS,150,regions,MultiMinded,16,Balance,3.75,2512.4141000000004,3,2312.23,781.00699999999995,2512.4141000000004,2333.8392439908143,2247.9284739908144,2495.264450182076,1,30,4,73,66
16,30,34,AdaptiveCuttingAuction,0.05,0.01,10,True,,1000,3600,cats_reg_g30b150,True,heuristic,3,False,CATS,150,regions,MultiMinded,155,Balance,55.139999999984866,1929.452,7,1789.44,584.255,1918.2200000000003,1856.1251962782455,1701.8264048622141,1784.533688502213,25,64,17,94,64
17,30,33,AdaptiveCuttingAuction,0.05,0.01,10,True,,1000,3600,cats_reg_g30b150,True,heuristic,3,False,CATS,150,regions,MultiMinded,1000,MaxIter,509.52999999999884,1934.7395999999999,5,1626.95,730.93200000000002,1695.3255,1894.90229138116,194.76049477553923,310.43248817396682,25,68,17,103,63
18,30,34,AdaptiveCuttingAuction,0.05,0.01,10,True,,1000,3600,cats_reg_g30b150,True,heuristic,3,False,CATS,150,regions,MultiMinded,55,Balance,15.660000000003492,2504.1384,4,1818.33,781.33600000000001,2504.1384,2348.3962942035441,2223.3825342035443,2447.2481849084784,26,40,14,83,64
19,30,36,AdaptiveCuttingAuction,0.05,0.01,10,True,,1000,3600,cats_reg_g30b150,True,heuristic,3,False,CATS,150,regions,MultiMinded,1000,MaxIter,485.04999999998836,2560.7110000000002,11,1508.06,549.71399999999994,2135.02527,2209.9599319514828,960.01911131547081,1390.4961514137688,11,59,30,102,66
20,30,37,AdaptiveCuttingAuction,0.05,0.01,10,True,,1000,3600,cats_reg_g30b150,True,heuristic,3,False,CATS,150,regions,MultiMinded,1000,MaxIter,947.0899999999965,1801.7813999999998,8,1490.47,395.125,1649.6045,1883.3978828398017,938.54754217592347,997.43053412604377,19,89,37,127,67
21,30,33,AdaptiveCuttingAuction,0.05,0.01,10,True,,1000,3600,cats_reg_g30b150,True,heuristic,3,False,CATS,150,regions,MultiMinded,653,Balance,249.1699999999837,1553.7635,5,1374.19,778.39550000000008,1494.4719,1493.7577544270325,1299.1588794270324,1374.8936954532371,27,59,21,88,63
22,30,38,AdaptiveCuttingAuction,0.05,0.01,10,True,,1000,3600,cats_reg_g30b150,True,heuristic,3,False,CATS,150,regions,MultiMinded,1000,MaxIter,484.21000000002095,2312.252,6,2123.59,638.69949999999994,2312.252,2400.49242509857,1560.1455990279762,1568.0331032543768,25,74,13,111,68
23,30,38,AdaptiveCuttingAuction,0.05,0.01,10,True,,1000,3600,cats_reg_g30b150,True,heuristic,3,False,CATS,150,regions,MultiMinded,393,Balance,225.0,2354.8725,7,1818.1,597.00800000000004,2354.8725,2083.2292707205138,1952.4970327987473,2261.7965963570896,12,58,27,102,68
24,30,35,AdaptiveCuttingAuction,0.05,0.01,10,True,,1000,3600,cats_reg_g30b150,True,heuristic,3,False,CATS,150,regions,MultiMinded,1000,MaxIter,476.1000000000058,1892.4884,8,1241.36,538.58849999999995,1611.4198000000001,1790.2028212868649,289.0071838910398,618.3094979808352,24,64,23,100,65
25,30,33,AdaptiveCuttingAuction,0.05,0.01,10,True,,1000,3600,cats_reg_g30b150,True,heuristic,3,False,CATS,150,regions,MultiMinded,304,Balance,94.68000000002212,1741.0822999999998,5,1538.41,861.41849999999999,1705.5494,1661.8623062690308,1518.5715707040092,1639.6979080365277,12,47,50,89,63
26,30,34,AdaptiveCuttingAuction,0.05,0.01,10,True,,1000,3600,cats_reg_g30b150,True,heuristic,3,False,CATS,150,regions,MultiMinded,1000,MaxIter,600.4000000000233,2008.668,8,1919.5,424.82100000000003,1755.2909,2047.8114169591267,642.69739109425166,733.78450350067851,24,70,47,114,64
27,30,32,AdaptiveCuttingAuction,0.05,0.01,10,True,,1000,3600,cats_reg_g30b150,True,heuristic,3,False,CATS,150,regions,MultiMinded,1000,MaxIter,664.070000000007,2175.2061,3,1890.21,644.31150000000002,2075.148,2309.442459523164,608.27154557886342,616.47013277099938,25,74,36,107,62
28,30,37,AdaptiveCuttingAuction,0.05,0.01,10,True,,1000,3600,cats_reg_g30b150,True,heuristic,3,False,CATS,150,regions,MultiMinded,1000,MaxIter,565.570000000007,2040.43179,8,1615.6,517.23699999999997,2018.6335,1956.5086786140341,1288.3023581458419,1459.6717517270063,18,63,33,110,67
29,30,33,AdaptiveCuttingAuction,0.05,0.01,10,True,,1000,3600,cats_reg_g30b150,True,heuristic,3,False,CATS,150,regions,MultiMinded,1000,MaxIter,488.179999999993,2111.632,5,1854.64,708.57899999999995,1570.2640000000001,1949.9044689397749,60.444510035919436,302.66726446561233,25,67,24,100,63
30,30,35,AdaptiveCuttingAuction,0.05,0.01,10,True,,1000,3600,cats_reg_g30b150,True,heuristic,3,False,CATS,150,regions,MultiMinded,1000,MaxIter,860.179999999993,2323.0769999999998,11,1594.17,462.18150000000003,2102.7303,2092.8629721703082,892.89408461030712,1205.3970774492161,16,77,21,114,65
31,30,34,AdaptiveCuttingAuction,0.05,0.01,10,True,,1000,3600,cats_reg_g30b150,True,heuristic,3,False,CATS,150,regions,MultiMinded,224,Balance,84.64000000001397,2659.4860000000003,6,2167.09,585.07799999999997,2659.4860000000003,2587.7544244343885,2412.2310244343889,2512.3421101964545,8,53,37,104,64
32,30,37,AdaptiveCuttingAuction,0.05,0.01,10,True,,1000,3600,cats_reg_g30b150,True,heuristic,3,False,CATS,150,regions,MultiMinded,1000,MaxIter,558.0200000000186,1999.8556999999998,9,1545.46,522.50199999999995,1796.3361999999997,1885.4453820066465,831.860054990094,979.75928986979898,9,1814,32,116,67
33,30,37,AdaptiveCuttingAuction,0.05,0.01,10,True,,1000,3600,cats_reg_g30b150,True,heuristic,3,False,CATS,150,regions,MultiMinded,865,Balance,552.6600000000035,1805.9524000000001,4,1582.17,487.50400000000002,1805.9524000000001,1668.2455341568088,1602.2051757136176,1765.8820402342071,22,2257,43,118,67
34,30,39,AdaptiveCuttingAuction,0.05,0.01,10,True,,1000,3600,cats_reg_g30b150,True,heuristic,3,False,CATS,150,regions,MultiMinded,1000,MaxIter,570.460000000021,1983.6001999999999,10,1564.76,623.41200000000003,1662.3669,2088.1821257397978,638.5387560175626,804.39342807622529,15,54,59,109,69
35,30,38,AdaptiveCuttingAuction,0.05,0.01,10,True,,1000,3600,cats_reg_g30b150,True,heuristic,3,False,CATS,150,regions,MultiMinded,1000,MaxIter,568.4100000000035,2341.4052,7,1755.59,637.298,2062.4518,2173.7172223054422,787.87301628314174,1064.4715826181832,13,64,47,105,68
36,30,33,AdaptiveCuttingAuction,0.05,0.01,10,True,,1000,3600,cats_reg_g30b150,True,heuristic,3,False,CATS,150,regions,MultiMinded,1000,MaxIter,563.0100000000093,2136.9992,7,1693.26,587.83249999999998,1748.9139999999998,2187.3665772377208,926.86424281342045,1150.0182155347111,22,73,38,103,63
37,30,34,AdaptiveCuttingAuction,0.05,0.01,10,True,,1000,3600,cats_reg_g30b150,True,heuristic,3,False,CATS,150,regions,MultiMinded,1000,MaxIter,416.3299999999872,1991.3467,8,1812.59,701.23299999999995,1544.9434999999999,1964.9930803799439,188.02171708307577,292.7990561889755,27,81,70,105,64
38,30,40,AdaptiveCuttingAuction,0.05,0.01,10,True,,1000,3600,cats_reg_g30b150,True,heuristic,3,False,CATS,150,regions,MultiMinded,37,Balance,17.139999999984866,2724.0288,6,2153.9,576.38300000000004,2724.0288,2389.136970652311,2254.1814240950989,2667.7310009811599,10,46,33,105,70
39,30,30,AdaptiveCuttingAuction,0.05,0.01,10,True,,1000,3600,cats_reg_g30b150,True,heuristic,3,False,CATS,150,regions,MultiMinded,1000,MaxIter,329.9100000000035,1968.0602,5,1918.66,764.726,1856.6502,2082.6087549470103,711.26404841748194,822.73884533708815,17,52,23,87,60
40,30,33,AdaptiveCuttingAuction,0.05,0.01,10,True,,1000,3600,cats_reg_g30b150,True,heuristic,3,False,CATS,150,regions,MultiMinded,30,Balance,6.940000000002328,1942.0583000000001,3,1674.34,688.69799999999998,1942.0583000000001,1906.2055899882425,1811.3452470626262,1873.2558114095182,1,30,42,79,63
41,30,35,AdaptiveCuttingAuction,0.05,0.01,10,True,,1000,3600,cats_reg_g30b150,True,heuristic,3,False,CATS,150,regions,MultiMinded,1000,MaxIter,498.9100000000035,1877.7214099999999,7,1423.29,646.35299999999995,1831.2470099999998,1835.8519182735913,486.62953071039516,567.51168113540257,12,64,22,103,65
42,30,32,AdaptiveCuttingAuction,0.05,0.01,10,True,,1000,3600,cats_reg_g30b150,True,heuristic,3,False,CATS,150,regions,MultiMinded,1000,MaxIter,480.80000000001746,2111.841,4,1703.5,646.17399999999998,1961.92,2260.2270962005359,197.12880018310312,251.93664332505224,17,2113,44,107,62
43,30,40,AdaptiveCuttingAuction,0.05,0.01,10,True,,1000,3600,cats_reg_g30b150,True,heuristic,3,False,CATS,150,regions,MultiMinded,639,Balance,274.0800000000163,2446.7208,6,1927.69,685.90899999999999,2446.7208,2238.682655052763,2060.3463150527627,2303.6845909171834,22,59,39,100,70
44,30,35,AdaptiveCuttingAuction,0.05,0.01,10,True,,1000,3600,cats_reg_g30b150,True,heuristic,3,False,CATS,150,regions,MultiMinded,1000,MaxIter,486.1000000000058,1711.1515999999997,5,1299.51,651.40899999999999,1530.8906,1607.4903744222349,345.27481698333065,560.81229443041616,26,67,32,91,65
45,30,38,AdaptiveCuttingAuction,0.05,0.01,10,True,,1000,3600,cats_reg_g30b150,True,heuristic,3,False,CATS,150,regions,MultiMinded,1000,MaxIter,572.1900000000023,2034.5094,9,1828.07,742.07299999999998,1539.575,2179.3885242313791,460.56063721223882,467.69713519779276,13,62,38,105,68
46,30,31,AdaptiveCuttingAuction,0.05,0.01,10,True,,1000,3600,cats_reg_g30b150,True,heuristic,3,False,CATS,150,regions,MultiMinded,69,Balance,17.320000000006985,2564.0325000000003,3,2373.4,807.26099999999997,2549.4987,2457.9770541622361,2369.1783441622365,2476.7432277271205,25,44,2,73,61
47,30,37,AdaptiveCuttingAuction,0.05,0.01,10,True,,1000,3600,cats_reg_g30b150,True,heuristic,3,False,CATS,150,regions,MultiMinded,90,Balance,27.080000000016298,2233.1322,10,1669.44,664.97900000000004,2193.8092,1931.7894431267675,1655.4140027709814,1990.1238697750439,8,48,21,93,67
48,30,35,AdaptiveCuttingAuction,0.05,0.01,10,True,,1000,3600,cats_reg_g30b150,True,heuristic,3,False,CATS,150,regions,MultiMinded,1000,MaxIter,518.9500000000116,2069.4358,8,1826.01,556.24350000000004,1912.7688,2029.6591650480232,1291.9111813258303,1443.9572663273541,15,2345,35,109,65
49,30,30,AdaptiveCuttingAuction,0.05,0.01,10,True,,1000,3600,cats_reg_g30b150,True,heuristic,3,False,CATS,150,regions,MultiMinded,198,Balance,51.220000000001164,1979.7895999999998,6,1594.07,673.82600000000002,1979.7895999999998,1951.6849657683365,1763.0136857683367,1869.3313483201805,7,40,34,83,60
50,30,33,AdaptiveCuttingAuction,0.05,0.01,10,True,,1000,3600,cats_reg_g30b150,True,heuristic,3,False,CATS,150,regions,MultiMinded,1000,MaxIter,485.679999999993,2110.6722999999997,7,1335.35,460.47550000000001,2110.6722999999997,1918.0080398194862,1463.2364787626211,1714.6804026013601,14,74,17,107,63
51,30,37,AdaptiveCuttingAuction,0.05,0.01,10,True,,1000,3600,cats_reg_g30b150,True,heuristic,3,False,CATS,150,regions,MultiMinded,133,Balance,61.25,2245.4244000000003,6,1882.26,597.73699999999997,2245.4244000000003,2150.3680880146403,2016.3900402933182,2145.4083826872161,14,62,3,110,67
52,30,32,AdaptiveCuttingAuction,0.05,0.01,10,True,,1000,3600,cats_reg_g30b150,True,heuristic,3,False,CATS,150,regions,MultiMinded,1000,MaxIter,446.0,1756.6213,6,1409.87,556.45500000000004,1533.8348,1678.9588085210441,453.70352156157497,594.75819129283957,17,63,6,100,62
53,30,34,AdaptiveCuttingAuction,0.05,0.01,10,True,,1000,3600,cats_reg_g30b150,True,heuristic,3,False,CATS,150,regions,MultiMinded,1000,MaxIter,519.0200000000186,2325.6629000000003,10,1796.97,570.23000000000002,2110.4214,2031.690353313071,699.11793727685324,1102.5899388922198,22,67,23,103,64
54,30,37,AdaptiveCuttingAuction,0.05,0.01,10,True,,1000,3600,cats_reg_g30b150,True,heuristic,3,False,CATS,150,regions,MultiMinded,1000,MaxIter,525.7099999999919,2355.424,4,2152.9,670.553,1816.272,2347.1225584088697,24.690938206893989,83.59501752275186,25,67,28,106,67
55,30,33,AdaptiveCuttingAuction,0.05,0.01,10,True,,1000,3600,cats_reg_g30b150,True,heuristic,3,False,CATS,150,regions,MultiMinded,1000,MaxIter,858.5299999999988,2078.1524999999997,9,1352.37,548.28150000000005,2066.0955999999996,2091.5504025420337,1070.4292368906295,1176.4064222651152,25,75,21,109,63
56,30,39,AdaptiveCuttingAuction,0.05,0.01,10,True,,1000,3600,cats_reg_g30b150,True,heuristic,3,False,CATS,150,regions,MultiMinded,1000,MaxIter,367.6700000000128,1893.3772000000004,7,1498.24,591.42200000000003,1669.5319,1770.4433667943197,625.32524155522549,794.297581146477,9,49,34,94,69
57,30,36,AdaptiveCuttingAuction,0.05,0.01,10,True,,1000,3600,cats_reg_g30b150,True,heuristic,3,False,CATS,150,regions,MultiMinded,81,Balance,32.19000000000233,1899.5301999999997,6,1604.44,621.16750000000002,1859.7639,1761.8860039798058,1595.9901364647785,1748.74088912054,25,67,27,97,66
58,30,36,AdaptiveCuttingAuction,0.05,0.01,10,True,,1000,3600,cats_reg_g30b150,True,heuristic,3,False,CATS,150,regions,MultiMinded,1000,MaxIter,419.5899999999965,2429.6093,9,2057.42,832.86300000000006,2046.9165,2286.0363484938384,440.91733880484531,726.49634615755826,25,58,8,94,66
59,30,39,AdaptiveCuttingAuction,0.05,0.01,10,True,,1000,3600,cats_reg_g30b150,True,heuristic,3,False,CATS,150,regions,MultiMinded,1000,MaxIter,505.77999999999884,2064.9126,7,1772.9,622.28800000000001,1944.1654,2095.8433287092075,773.82858902106591,912.4634104353172,26,65,28,110,69
60,30,35,AdaptiveCuttingAuction,0.05,0.01,10,True,,1000,3600,cats_reg_g30b150,True,heuristic,3,False,CATS,150,regions,MultiMinded,1000,MaxIter,597.3500000000058,1956.0875,6,1842.74,450.80399999999997,1598.3235,1934.7766918507393,350.83992252910593,505.52901644204826,20,78,43,109,65
61,30,37,AdaptiveCuttingAuction,0.05,0.01,10,True,,1000,3600,cats_reg_g30b150,True,heuristic,3,False,CATS,150,regions,MultiMinded,513,Balance,243.35999999998603,1951.6029999999998,7,1560.47,530.9905,1951.6029999999998,1832.5614601410941,1646.7147851410948,1810.7114583454729,25,71,26,103,67
62,30,34,AdaptiveCuttingAuction,0.05,0.01,10,True,,1000,3600,cats_reg_g30b150,True,heuristic,3,False,CATS,150,regions,MultiMinded,520,Balance,178.54000000000815,1978.0167,7,1737.89,582.94900000000007,1977.3040999999998,1817.6640955005253,1636.9499055005256,1839.0038223562738,15,1496,43,98,64
63,30,30,AdaptiveCuttingAuction,0.05,0.01,10,True,,1000,3600,cats_reg_g30b150,True,heuristic,3,False,CATS,150,regions,MultiMinded,171,Balance,32.60000000000582,2547.4234,5,1821.34,869.476,2547.4234,2312.8889035916472,2159.3354644786682,2438.1750906551147,1,30,21,79,60
64,30,34,AdaptiveCuttingAuction,0.05,0.01,10,True,,1000,3600,cats_reg_g30b150,True,heuristic,3,False,CATS,150,regions,MultiMinded,413,Balance,197.67999999999302,2427.9729,12,1844.14,792.92899999999997,2399.9793,2205.6635463533416,1762.563151963195,2030.8603909516751,15,59,31,97,64
65,30,36,AdaptiveCuttingAuction,0.05,0.01,10,True,,1000,3600,cats_reg_g30b150,True,heuristic,3,False,CATS,150,regions,MultiMinded,424,Balance,174.72000000000116,2209.3287,7,1779.98,732.52250000000004,2209.3287,2035.3148931565966,1854.1643265056512,2067.3968345634562,14,56,17,95,66
66,30,30,AdaptiveCuttingAuction,0.05,0.01,10,True,,1000,3600,cats_reg_g30b150,True,heuristic,3,False,CATS,150,regions,MultiMinded,137,Balance,30.470000000001164,2387.3904,2,2290.03,553.03500000000008,2387.3904,2328.9305811378294,2273.6270811378295,2359.3808130714074,11,45,6,77,60
67,30,41,AdaptiveCuttingAuction,0.05,0.01,10,True,,1000,3600,cats_reg_g30b150,True,heuristic,3,False,CATS,150,regions,MultiMinded,1000,MaxIter,562.820000000007,2130.5865999999996,8,1569.3,447.20299999999997,1807.7136000000003,2084.5967098948804,327.94736191191248,486.54714487019271,9,1815,42,117,71
68,30,34,AdaptiveCuttingAuction,0.05,0.01,10,True,,1000,3600,cats_reg_g30b150,True,heuristic,3,False,CATS,150,regions,MultiMinded,1000,MaxIter,546.7900000000081,1871.0335999999998,6,1491.62,623.48450000000003,1576.4485,1828.8529880160311,56.469442709790883,251.28667254245107,12,60,29,103,64
69,30,34,AdaptiveCuttingAuction,0.05,0.01,10,True,,1000,3600,cats_reg_g30b150,True,heuristic,3,False,CATS,150,regions,MultiMinded,68,Balance,18.079999999987194,2248.1536,4,1918.69,909.28949999999998,2114.8795,2041.097334641818,1906.0339082935573,2046.0851961405563,11,42,27,84,64
70,30,32,AdaptiveCuttingAuction,0.05,0.01,10,True,,1000,3600,cats_reg_g30b150,True,heuristic,3,False,CATS,150,regions,MultiMinded,1000,MaxIter,310.61999999999534,2074.3614,7,1794.89,671.03600000000006,1290.2886999999998,2125.4921375006038,80.892411922607607,387.79163442585281,19,56,47,86,62
71,30,30,AdaptiveCuttingAuction,0.05,0.01,10,True,,1000,3600,cats_reg_g30b150,True,heuristic,3,False,CATS,150,regions,MultiMinded,1000,MaxIter,345.89000000001397,2107.4125,8,1919.92,672.68100000000004,1813.1131999999998,2121.3222229599246,990.79942648630106,1092.0099425504741,19,68,27,94,60
72,30,35,AdaptiveCuttingAuction,0.05,0.01,10,True,,1000,3600,cats_reg_g30b150,True,heuristic,3,False,CATS,150,regions,MultiMinded,1000,MaxIter,672.5899999999965,1946.4843000000003,9,1216.53,554.09649999999999,1712.82,1860.1640273039995,204.52956459357111,454.58044136514263,10,58,33,104,65
73,30,35,AdaptiveCuttingAuction,0.05,0.01,10,True,,1000,3600,cats_reg_g30b150,True,heuristic,3,False,CATS,150,regions,MultiMinded,1000,MaxIter,402.6700000000128,1852.6272999999999,10,1445.38,663.03899999999999,1800.6158999999998,1723.4552755194609,358.54973923293733,617.69249757738362,25,2170,28,94,65
74,30,31,AdaptiveCuttingAuction,0.05,0.01,10,True,,1000,3600,cats_reg_g30b150,True,heuristic,3,False,CATS,150,regions,MultiMinded,212,Balance,59.13000000000466,2020.0417,6,1744.34,781.83899999999994,2020.0417,1972.2288930148786,1776.7691430148786,1935.5961479938046,11,44,27,82,61
75,30,39,AdaptiveCuttingAuction,0.05,0.01,10,True,,1000,3600,cats_reg_g30b150,True,heuristic,3,False,CATS,150,regions,MultiMinded,1000,MaxIter,542.4599999999919,2549.9302,10,1890.83,637.39099999999996,2151.4402,2276.2602023122768,967.59863966535261,1382.292717451367,27,65,20,113,69
76,30,36,AdaptiveCuttingAuction,0.05,0.01,10,True,,1000,3600,cats_reg_g30b150,True,heuristic,3,False,CATS,150,regions,MultiMinded,1000,MaxIter,622.2699999999895,1970.4382,10,1633.82,405.01099999999997,1691.5811999999999,2002.4244811532776,553.8703608399743,604.34934721584102,24,72,17,115,66
77,30,34,AdaptiveCuttingAuction,0.05,0.01,10,True,,1000,3600,cats_reg_g30b150,True,heuristic,3,False,CATS,150,regions,MultiMinded,131,Balance,50.35000000000582,1646.3148,2,1576.38,831.28949999999998,1641.8248,1669.9417883545898,1586.8128383545898,1589.385471892381,11,43,27,94,64
78,30,34,AdaptiveCuttingAuction,0.05,0.01,10,True,,1000,3600,cats_reg_g30b150,True,heuristic,3,False,CATS,150,regions,MultiMinded,126,Balance,45.0,2412.1546,8,1881.66,768.41550000000007,2395.7996,2278.9758272345784,2019.9651941263896,2252.4616074475548,6,46,31,93,64
79,30,29,AdaptiveCuttingAuction,0.05,0.01,10,True,,1000,3600,cats_reg_g30b150,True,heuristic,3,False,CATS,150,regions,MultiMinded,1000,MaxIter,293.55000000001746,2267.359,4,2060.3,919.01300000000003,2053.045,2274.5066766374071,1434.446113814058,1604.5038933525057,28,64,62,88,59
80,30,37,AdaptiveCuttingAuction,0.05,0.01,10,True,,1000,3600,cats_reg_g30b150,True,heuristic,3,False,CATS,150,regions,MultiMinded,127,Balance,39.69999999998254,2112.5864,9,1592.54,576.49599999999998,2112.5864,1977.9817491829567,1747.3318684565343,1936.3720407894789,6,41,19,100,67
81,30,33,AdaptiveCuttingAuction,0.05,0.01,10,True,,1000,3600,cats_reg_g30b150,True,heuristic,3,False,CATS,150,regions,MultiMinded,135,Balance,34.91000000000349,1652.215,4,1316.69,725.81600000000003,1652.215,1684.5271746661551,1539.3639746661554,1567.1840485686578,18,42,31,82,63
82,30,35,AdaptiveCuttingAuction,0.05,0.01,10,True,,1000,3600,cats_reg_g30b150,True,heuristic,3,False,CATS,150,regions,MultiMinded,1000,MaxIter,528.679999999993,2109.0315,8,1900.31,619.13249999999994,2034.9059,2108.7718409600539,781.62809709810699,913.32383780093846,22,82,27,109,65
83,30,32,AdaptiveCuttingAuction,0.05,0.01,10,True,,1000,3600,cats_reg_g30b150,True,heuristic,3,False,CATS,150,regions,MultiMinded,1000,MaxIter,352.0,2576.43019,8,2027.96,1059.6700000000001,2011.4341900000002,2544.7953913013048,351.11891745695323,428.8713342136848,13,50,32,90,62
84,30,34,AdaptiveCuttingAuction,0.05,0.01,10,True,,1000,3600,cats_reg_g30b150,True,heuristic,3,False,CATS,150,regions,MultiMinded,1000,MaxIter,487.61999999999534,1983.6759000000002,7,1485.27,650.14099999999996,1827.3318,1837.2905002715472,276.35744378530734,492.22395442549396,26,69,39,100,64
85,30,33,AdaptiveCuttingAuction,0.05,0.01,10,True,,1000,3600,cats_reg_g30b150,True,heuristic,3,False,CATS,150,regions,MultiMinded,44,Balance,16.99000000001979,1650.3177,5,1136.81,534.83399999999995,1650.3177,1609.2129005448733,1482.6607966499921,1552.95154623751,25,60,14,85,63
86,30,37,AdaptiveCuttingAuction,0.05,0.01,10,True,,1000,3600,cats_reg_g30b150,True,heuristic,3,False,CATS,150,regions,MultiMinded,159,Balance,63.39999999999418,2073.2363,6,1605.13,504.47649999999999,2069.3503,1777.3274806584993,1664.253040576514,1985.6884517491644,26,69,32,95,67
87,30,34,AdaptiveCuttingAuction,0.05,0.01,10,True,,1000,3600,cats_reg_g30b150,True,heuristic,3,False,CATS,150,regions,MultiMinded,1000,MaxIter,393.5799999999872,2161.5317,10,1611.82,461.19499999999999,1942.8467,2142.5040971651642,822.50849065677801,1021.8700680419588,10,62,21,100,64
88,30,35,AdaptiveCuttingAuction,0.05,0.01,10,True,,1000,3600,cats_reg_g30b150,True,heuristic,3,False,CATS,150,regions,MultiMinded,1000,MaxIter,547.6700000000128,1960.6723,7,1579.4,529.16499999999996,1636.3081000000002,1970.4026659451765,528.72052849787224,600.82243113680886,13,2310,39,106,65
89,30,40,AdaptiveCuttingAuction,0.05,0.01,10,True,,1000,3600,cats_reg_g30b150,True,heuristic,3,False,CATS,150,regions,MultiMinded,1000,MaxIter,655.9700000000012,2103.4608,11,1324.86,455.78500000000003,1541.1575999999998,1757.6719250084134,413.96294130404499,814.62613550529977,25,69,27,121,70
90,30,36,AdaptiveCuttingAuction,0.05,0.01,10,True,,1000,3600,cats_reg_g30b150,True,heuristic,3,False,CATS,150,regions,MultiMinded,132,Balance,34.529999999998836,2252.2093,7,1749.09,686.99800000000005,2252.2093,2091.6966855325436,1899.3372455325439,2155.7926030495519,10,43,32,94,66
91,30,37,AdaptiveCuttingAuction,0.05,0.01,10,True,,1000,3600,cats_reg_g30b150,True,heuristic,3,False,CATS,150,regions,MultiMinded,701,Balance,433.61999999999534,2533.4677,9,1557.05,605.50300000000004,2533.4677,2220.5711023336389,2026.555388970668,2396.6808474622753,17,2123,30,111,67
92,30,37,AdaptiveCuttingAuction,0.05,0.01,10,True,,1000,3600,cats_reg_g30b150,True,heuristic,3,False,CATS,150,regions,MultiMinded,991,Balance,592.3399999999965,2087.0795,9,1557.29,467.12700000000001,2087.0795,1922.9447166537477,1712.7375666537475,1901.7256765578963,20,72,32,112,67
93,30,34,AdaptiveCuttingAuction,0.05,0.01,10,True,,1000,3600,cats_reg_g30b150,True,heuristic,3,False,CATS,150,regions,MultiMinded,1000,MaxIter,716.7699999999895,2220.4165999999996,7,1477.09,531.97949999999992,2008.8305999999998,2279.4961897160797,1256.5472377525934,1452.2888309531893,13,81,29,116,64
94,30,33,AdaptiveCuttingAuction,0.05,0.01,10,True,,1000,3600,cats_reg_g30b150,True,heuristic,3,False,CATS,150,regions,MultiMinded,1000,MaxIter,494.9899999999907,2089.1439,5,1850.23,583.02999999999997,2014.3709000000001,2003.5738701070825,404.44454725324795,563.57848506386165,11,68,27,100,63
95,30,36,AdaptiveCuttingAuction,0.05,0.01,10,True,,1000,3600,cats_reg_g30b150,True,heuristic,3,False,CATS,150,regions,MultiMinded,1000,MaxIter,532.140000000014,2218.1557,8,1747.55,732.99250000000006,2015.9383,2331.3325136367489,1397.2557627306037,1489.4299813655944,16,61,52,99,66
96,30,33,AdaptiveCuttingAuction,0.05,0.01,10,True,,1000,3600,cats_reg_g30b150,True,heuristic,3,False,CATS,150,regions,MultiMinded,577,Balance,284.27999999999884,1873.9284000000002,4,1690.89,555.43200000000002,1873.9284000000002,1813.8196799693985,1731.2955875809214,1818.4678461832714,24,64,39,107,63
97,30,37,AdaptiveCuttingAuction,0.05,0.01,10,True,,1000,3600,cats_reg_g30b150,True,heuristic,3,False,CATS,150,regions,MultiMinded,1000,MaxIter,429.9200000000128,1853.4531000000002,8,1334.16,635.36699999999996,1750.8261000000002,1785.4240146192344,730.09046518865534,859.64980459081767,16,60,32,101,67
98,30,36,AdaptiveCuttingAuction,0.05,0.01,10,True,,1000,3600,cats_reg_g30b150,True,heuristic,3,False,CATS,150,regions,MultiMinded,1000,MaxIter,406.820000000007,2779.0163,8,2131.76,620.35799999999995,1844.7063,2702.7497151897624,316.47558053648703,528.7910690219677,19,64,28,103,66
99,30,37,AdaptiveCuttingAuction,0.05,0.01,10,True,,1000,3600,cats_reg_g30b150,True,heuristic,3,False,CATS,150,regions,MultiMinded,1000,MaxIter,532.1100000000151,2286.8288000000002,6,1573.72,543.00099999999998,1843.066,2517.5331481781677,200.0558843140287,338.82267361990091,23,63,31,106,67
100,30,32,AdaptiveCuttingAuction,0.05,0.01,10,True,,1000,3600,cats_reg_g30b150,True,heuristic,3,False,CATS,150,regions,MultiMinded,93,Balance,20.770000000018626,1906.0085,9,1496.95,591.39400000000001,1906.0085,1641.9161467008532,1427.0372309447657,1731.9281734325882,17,47,60,84,62
