idx,items,agents,auction_class,epsilon,stepc,epoch,scalebyvalue,reserve_type,maxiter,maxtime,generator_param_name,personalized,bidding_strategy,heuristic_pool_num,int_prices,generator,bids,distribution,type,rounds,status,runtime,efficient_value,final_num_winners,final_max_agent_value,final_scalevalue,final_value,final_total_price,final_revenue,final_indirect_util,final_price_degree,final_price_sparsity,final_imbalance,final_wd_nvars,final_wd_ncons
1,30,36,LinearHeuristicAuction,0.05,0.08,,True,,1000,3600,cats_reg_g30b150,,heuristic,2,False,CATS,150,regions,MultiMinded,1000,MaxIter,128.78999999997905,2502.8085,12,1712.02,630.28700000000003,2453.4986,2383.2071247123627,1377.8948108339787,1566.7406675112902,1,29,8,106,66
2,30,38,LinearHeuristicAuction,0.05,0.08,,True,,1000,3600,cats_reg_g30b150,,heuristic,2,False,CATS,150,regions,MultiMinded,1000,MaxIter,135.25,2067.4249,6,1460.04,478.96600000000001,2007.5957,2123.5484961662896,1404.5788054110565,1415.5726436318603,1,30,36,103,68
3,30,36,LinearHeuristicAuction,0.05,0.08,,True,,1000,3600,cats_reg_g30b150,,heuristic,2,False,CATS,150,regions,MultiMinded,565,Balance,65.21000000002095,2226.2472000000002,3,1961.0,494.50999999999999,2226.2472000000002,2257.2035937572546,2183.0270937572541,2197.1876583801991,1,28,47,95,66
4,30,38,LinearHeuristicAuction,0.05,0.08,,True,,1000,3600,cats_reg_g30b150,,heuristic,2,False,CATS,150,regions,MultiMinded,461,Balance,51.0,2004.9491999999998,11,1505.7,557.86300000000006,2004.9491999999998,1934.9552586851657,1628.1306086851653,1709.4346670120283,1,30,9,98,68
5,30,35,LinearHeuristicAuction,0.05,0.08,,True,,1000,3600,cats_reg_g30b150,,heuristic,2,False,CATS,150,regions,MultiMinded,1000,MaxIter,133.70000000001164,1864.626,8,1703.97,505.12049999999999,1596.7881000000004,1874.6721867841547,737.91763490324513,779.28011292781753,1,30,24,101,65
6,30,35,LinearHeuristicAuction,0.05,0.08,,True,,1000,3600,cats_reg_g30b150,,heuristic,2,False,CATS,150,regions,MultiMinded,1000,MaxIter,113.04000000000815,2116.0368,5,1959.83,614.52500000000009,1973.6448,2322.1231246347743,1021.5639768998707,1073.4740161287214,1,28,30,101,65
7,30,35,LinearHeuristicAuction,0.05,0.08,,True,,1000,3600,cats_reg_g30b150,,heuristic,2,False,CATS,150,regions,MultiMinded,1000,MaxIter,124.06999999997788,2031.9575,2,1330.11,558.39999999999998,1435.71,2213.8647366256532,0,85.36541310807273,1,30,39,99,65
8,30,35,LinearHeuristicAuction,0.05,0.08,,True,,1000,3600,cats_reg_g30b150,,heuristic,2,False,CATS,150,regions,MultiMinded,194,Balance,20.820000000006985,2027.57669,8,1379.5,642.28750000000002,2027.57669,1957.3586356093549,1723.4473977981761,1853.6707447104893,1,30,34,87,65
9,30,36,LinearHeuristicAuction,0.05,0.08,,True,,1000,3600,cats_reg_g30b150,,heuristic,2,False,CATS,150,regions,MultiMinded,1000,MaxIter,117.80999999999767,1859.5272999999997,4,1542.29,443.88650000000001,1614.5078999999998,1891.5064020344339,13.316594999999996,88.779318733807003,1,29,48,104,66
10,30,34,LinearHeuristicAuction,0.05,0.08,,True,,1000,3600,cats_reg_g30b150,,heuristic,2,False,CATS,150,regions,MultiMinded,1000,MaxIter,119.50999999998021,2566.974,6,2112.56,626.02300000000002,1585.1662000000001,2634.2171857308945,98.065240407445799,209.76028198409745,1,30,38,97,64
11,30,36,LinearHeuristicAuction,0.05,0.08,,True,,1000,3600,cats_reg_g30b150,,heuristic,2,False,CATS,150,regions,MultiMinded,116,Balance,12.420000000012806,2431.6115,4,2098.81,721.22149999999999,2413.0615000000003,2357.3442279812753,2213.099927981275,2316.1700406747623,1,29,31,89,66
12,30,32,LinearHeuristicAuction,0.05,0.08,,True,,1000,3600,cats_reg_g30b150,,heuristic,2,False,CATS,150,regions,MultiMinded,1000,MaxIter,130.54999999998836,1865.81568,3,1645.15,855.13049999999998,1572.91368,2077.6050347609857,0.0,55.53062833182409,1,30,60,98,62
13,30,35,LinearHeuristicAuction,0.05,0.08,,True,,1000,3600,cats_reg_g30b150,,heuristic,2,False,CATS,150,regions,MultiMinded,1000,MaxIter,130.82000000000698,1773.5022000000001,8,1494.31,678.60900000000004,1690.5013,1889.0289212064754,641.85965566140214,708.1460375007066,1,30,20,105,65
14,30,32,LinearHeuristicAuction,0.05,0.08,,True,,1000,3600,cats_reg_g30b150,,heuristic,2,False,CATS,150,regions,MultiMinded,1000,MaxIter,125.24000000001979,1980.1873000000003,7,1559.99,631.08900000000006,1627.1067000000003,2034.0883125939206,138.52210458468832,208.38037283700919,1,30,81,101,62
15,30,36,LinearHeuristicAuction,0.05,0.08,,True,,1000,3600,cats_reg_g30b150,,heuristic,2,False,CATS,150,regions,MultiMinded,87,Balance,9.64999999999418,2512.4141000000004,3,2312.23,781.00699999999995,2512.4141000000004,2453.4000557509939,2336.249005750994,2449.4205707245369,1,30,8,79,66
16,30,34,LinearHeuristicAuction,0.05,0.08,,True,,1000,3600,cats_reg_g30b150,,heuristic,2,False,CATS,150,regions,MultiMinded,1000,MaxIter,129.92999999999302,1929.452,4,1789.44,584.255,1593.3163,2007.3273508821535,9.3034207595753102,67.157471243918508,1,29,28,111,64
17,30,33,LinearHeuristicAuction,0.05,0.08,,True,,1000,3600,cats_reg_g30b150,,heuristic,2,False,CATS,150,regions,MultiMinded,215,Balance,26.019999999989523,1934.7395999999999,7,1626.95,730.93200000000002,1934.7395999999999,1980.5169934982346,1733.7195501412848,1801.7313279795817,1,30,34,103,63
18,30,34,LinearHeuristicAuction,0.05,0.08,,True,,1000,3600,cats_reg_g30b150,,heuristic,2,False,CATS,150,regions,MultiMinded,1000,MaxIter,124.45999999999185,2504.1384,2,1818.33,781.33600000000001,1584.0914,2577.9230781041606,23.440080000000371,41.959109919550713,1,29,65,92,64
19,30,36,LinearHeuristicAuction,0.05,0.08,,True,,1000,3600,cats_reg_g30b150,,heuristic,2,False,CATS,150,regions,MultiMinded,156,Balance,15.839999999996508,2560.7110000000002,11,1508.06,549.71399999999994,2557.321,2317.4734416762035,2042.6164416762037,2322.0134378955609,1,29,30,91,66
20,30,37,LinearHeuristicAuction,0.05,0.08,,True,,1000,3600,cats_reg_g30b150,,heuristic,2,False,CATS,150,regions,MultiMinded,1000,MaxIter,129.27999999999884,1801.7813999999998,10,1490.47,395.125,1616.171,1874.4960619274498,596.43235131280574,631.97798952680137,1,30,38,111,67
21,30,33,LinearHeuristicAuction,0.05,0.08,,True,,1000,3600,cats_reg_g30b150,,heuristic,2,False,CATS,150,regions,MultiMinded,1000,MaxIter,123.27999999999884,1553.7635,2,1374.19,778.39550000000008,1260.494,1627.3477187906644,105.82605075757652,128.3921150486172,1,30,40,89,63
22,30,38,LinearHeuristicAuction,0.05,0.08,,True,,1000,3600,cats_reg_g30b150,,heuristic,2,False,CATS,150,regions,MultiMinded,1000,MaxIter,125.08999999999651,2312.252,3,2123.59,638.69949999999994,2160.4049999999997,2462.4190848446151,55.414467842506966,78.725951392058462,1,29,46,104,68
23,30,38,LinearHeuristicAuction,0.05,0.08,,True,,1000,3600,cats_reg_g30b150,,heuristic,2,False,CATS,150,regions,MultiMinded,1000,MaxIter,123.63000000000466,2354.8725,8,1818.1,597.00800000000004,2174.4276000000004,2294.1463432500036,172.55344112232652,276.35970534749265,1,30,48,102,68
24,30,35,LinearHeuristicAuction,0.05,0.08,,True,,1000,3600,cats_reg_g30b150,,heuristic,2,False,CATS,150,regions,MultiMinded,1000,MaxIter,120.62999999997555,1892.4884,5,1241.36,538.58849999999995,1378.8502,2052.5205267413917,101.82057399605357,162.87865159042116,1,30,69,92,65
25,30,33,LinearHeuristicAuction,0.05,0.08,,True,,1000,3600,cats_reg_g30b150,,heuristic,2,False,CATS,150,regions,MultiMinded,1000,MaxIter,136.44999999998254,1741.0822999999998,7,1538.41,861.41849999999999,1733.1982999999998,1968.9713545809293,177.52822521214449,185.6662935767815,1,30,96,107,63
26,30,34,LinearHeuristicAuction,0.05,0.08,,True,,1000,3600,cats_reg_g30b150,,heuristic,2,False,CATS,150,regions,MultiMinded,1000,MaxIter,107.16000000000349,2008.668,10,1919.5,424.82100000000003,1875.0618999999997,2129.9076334901051,603.67064929205469,714.96429673734656,1,29,17,88,64
27,30,32,LinearHeuristicAuction,0.05,0.08,,True,,1000,3600,cats_reg_g30b150,,heuristic,2,False,CATS,150,regions,MultiMinded,327,Balance,35.18000000002212,2175.2061,5,1890.21,644.31150000000002,2175.2061,2220.1118429600283,2061.4259809176256,2098.9892328786541,1,29,48,91,62
28,30,37,LinearHeuristicAuction,0.05,0.08,,True,,1000,3600,cats_reg_g30b150,,heuristic,2,False,CATS,150,regions,MultiMinded,1000,MaxIter,123.61000000001513,2040.43179,8,1615.6,517.23699999999997,1685.25849,2108.5841401359362,584.92317934747223,629.29805162017522,1,29,51,104,67
29,30,33,LinearHeuristicAuction,0.05,0.08,,True,,1000,3600,cats_reg_g30b150,,heuristic,2,False,CATS,150,regions,MultiMinded,1000,MaxIter,135.6600000000035,2111.632,7,1854.64,708.57899999999995,1959.6249999999998,2282.5107504618741,485.71164007317066,536.22237850217095,1,30,57,109,63
30,30,35,LinearHeuristicAuction,0.05,0.08,,True,,1000,3600,cats_reg_g30b150,,heuristic,2,False,CATS,150,regions,MultiMinded,1000,MaxIter,120.9200000000128,2323.0769999999998,9,1594.17,462.18150000000003,2089.1467000000002,2191.7215130996778,1036.2693493652523,1280.6900088909608,1,29,49,99,65
31,30,34,LinearHeuristicAuction,0.05,0.08,,True,,1000,3600,cats_reg_g30b150,,heuristic,2,False,CATS,150,regions,MultiMinded,94,Balance,9.630000000004657,2659.4860000000003,6,2167.09,585.07799999999997,2659.4860000000003,2658.1471865073327,2511.8776865073323,2594.0399308456554,1,28,25,88,64
32,30,37,LinearHeuristicAuction,0.05,0.08,,True,,1000,3600,cats_reg_g30b150,,heuristic,2,False,CATS,150,regions,MultiMinded,1000,MaxIter,120.39999999999418,1999.8556999999998,9,1545.46,522.50199999999995,1826.0046999999995,2054.9222398648235,952.86045296456837,1001.0971654477547,1,30,47,105,67
33,30,37,LinearHeuristicAuction,0.05,0.08,,True,,1000,3600,cats_reg_g30b150,,heuristic,2,False,CATS,150,regions,MultiMinded,1000,MaxIter,126.13999999998487,1805.9524000000001,3,1582.17,487.50400000000002,1728.8005,1762.4771968008317,28.128242516737021,150.41605328291121,1,29,31,113,67
34,30,39,LinearHeuristicAuction,0.05,0.08,,True,,1000,3600,cats_reg_g30b150,,heuristic,2,False,CATS,150,regions,MultiMinded,1000,MaxIter,117.98000000001048,1983.6001999999999,1,1564.76,623.41200000000003,983.286,2181.840737639478,0,23.163165990884515,1,30,38,105,69
35,30,38,LinearHeuristicAuction,0.05,0.08,,True,,1000,3600,cats_reg_g30b150,,heuristic,2,False,CATS,150,regions,MultiMinded,1000,MaxIter,118.76000000000931,2341.4052,8,1755.59,637.298,1919.5826,2478.2101603644624,542.03532426843935,633.44311825722059,1,30,29,105,68
36,30,33,LinearHeuristicAuction,0.05,0.08,,True,,1000,3600,cats_reg_g30b150,,heuristic,2,False,CATS,150,regions,MultiMinded,1000,MaxIter,130.57000000000698,2136.9992,7,1693.26,587.83249999999998,2043.6147999999996,2247.9309331906825,1109.9078253087996,1110.4814639526296,1,29,63,103,63
37,30,34,LinearHeuristicAuction,0.05,0.08,,True,,1000,3600,cats_reg_g30b150,,heuristic,2,False,CATS,150,regions,MultiMinded,1000,MaxIter,126.29000000000815,1991.3467,2,1812.59,701.23299999999995,1521.1451000000002,2092.4869866895692,0.0,56.087084517661935,1,30,62,100,64
38,30,40,LinearHeuristicAuction,0.05,0.08,,True,,1000,3600,cats_reg_g30b150,,heuristic,2,False,CATS,150,regions,MultiMinded,66,Balance,7.300000000017462,2724.0288,6,2153.9,576.38300000000004,2724.0288,2543.211073474266,2399.1153234742665,2672.617622974788,1,29,52,89,70
39,30,30,LinearHeuristicAuction,0.05,0.08,,True,,1000,3600,cats_reg_g30b150,,heuristic,2,False,CATS,150,regions,MultiMinded,183,Balance,19.989999999990687,1968.0602,4,1918.66,764.726,1968.0602,1986.4176468474398,1833.4724468474399,1966.2123009566997,1,30,44,83,60
40,30,33,LinearHeuristicAuction,0.05,0.08,,True,,1000,3600,cats_reg_g30b150,,heuristic,2,False,CATS,150,regions,MultiMinded,93,Balance,10.279999999998836,1942.0583000000001,3,1674.34,688.69799999999998,1942.0583000000001,1997.4807360545774,1894.1760360545775,1894.6612981337464,1,30,26,86,63
41,30,35,LinearHeuristicAuction,0.05,0.08,,True,,1000,3600,cats_reg_g30b150,,heuristic,2,False,CATS,150,regions,MultiMinded,165,Balance,18.320000000006985,1877.7214099999999,7,1423.29,646.35299999999995,1831.2470099999998,1866.9252015502575,1687.7321004397743,1736.409357831441,1,30,52,101,65
42,30,32,LinearHeuristicAuction,0.05,0.08,,True,,1000,3600,cats_reg_g30b150,,heuristic,2,False,CATS,150,regions,MultiMinded,1000,MaxIter,131.27999999999884,2111.841,3,1703.5,646.17399999999998,1347.654,2151.6093273895303,196.63086324922341,225.27082668233498,1,30,29,93,62
43,30,40,LinearHeuristicAuction,0.05,0.08,,True,,1000,3600,cats_reg_g30b150,,heuristic,2,False,CATS,150,regions,MultiMinded,1000,MaxIter,124.55000000001746,2446.7208,5,1927.69,685.90899999999999,2296.9147,2369.6058714493506,279.05176510314635,444.45578159755723,1,29,91,97,70
44,30,35,LinearHeuristicAuction,0.05,0.08,,True,,1000,3600,cats_reg_g30b150,,heuristic,2,False,CATS,150,regions,MultiMinded,162,Balance,18.20999999999185,1711.1515999999997,8,1299.51,651.40899999999999,1711.1515999999997,1595.4462146752169,1334.8826146752169,1568.9840429451544,1,30,75,98,65
45,30,38,LinearHeuristicAuction,0.05,0.08,,True,,1000,3600,cats_reg_g30b150,,heuristic,2,False,CATS,150,regions,MultiMinded,1000,MaxIter,144.6699999999837,2034.5094,5,1828.07,742.07299999999998,1742.1095,2098.7461676804651,64.409377129800347,194.48723253541198,1,29,53,110,68
46,30,31,LinearHeuristicAuction,0.05,0.08,,True,,1000,3600,cats_reg_g30b150,,heuristic,2,False,CATS,150,regions,MultiMinded,86,Balance,8.970000000001164,2564.0325000000003,3,2373.4,807.26099999999997,2549.4987,2557.6387682154232,2436.5496182154234,2504.8127194864928,1,30,13,83,61
47,30,37,LinearHeuristicAuction,0.05,0.08,,True,,1000,3600,cats_reg_g30b150,,heuristic,2,False,CATS,150,regions,MultiMinded,391,Balance,46.48000000001048,2233.1322,7,1669.44,664.97900000000004,2233.1322,2229.5158149177742,2019.5756481189158,2060.3884583617341,1,30,40,102,67
48,30,35,LinearHeuristicAuction,0.05,0.08,,True,,1000,3600,cats_reg_g30b150,,heuristic,2,False,CATS,150,regions,MultiMinded,1000,MaxIter,161.57000000000698,2069.4358,8,1826.01,556.24350000000004,1748.2768999999998,2140.1719595608461,313.27287102371429,361.61292774015459,1,30,43,104,65
49,30,30,LinearHeuristicAuction,0.05,0.08,,True,,1000,3600,cats_reg_g30b150,,heuristic,2,False,CATS,150,regions,MultiMinded,125,Balance,13.549999999988358,1979.7895999999998,9,1594.07,673.82600000000002,1938.2455999999997,1917.0544923029406,1650.036466387005,1787.7259041222981,1,29,28,84,60
50,30,33,LinearHeuristicAuction,0.05,0.08,,True,,1000,3600,cats_reg_g30b150,,heuristic,2,False,CATS,150,regions,MultiMinded,1000,MaxIter,116.23000000001048,2110.6722999999997,7,1335.35,460.47550000000001,2110.6722999999997,2089.8633712534001,631.03319267392874,730.62848974786277,1,29,44,92,63
51,30,37,LinearHeuristicAuction,0.05,0.08,,True,,1000,3600,cats_reg_g30b150,,heuristic,2,False,CATS,150,regions,MultiMinded,1000,MaxIter,125.89999999999418,2245.4244000000003,6,1882.26,597.73699999999997,1938.5967460000004,2315.4919402173387,305.56884110887455,322.76883801491516,1,27,50,109,67
52,30,32,LinearHeuristicAuction,0.05,0.08,,True,,1000,3600,cats_reg_g30b150,,heuristic,2,False,CATS,150,regions,MultiMinded,1000,MaxIter,113.94000000000233,1756.6213,7,1409.87,556.45500000000004,1265.7558000000001,1750.7193915849909,178.86348132996025,249.94582199833761,1,30,26,89,62
53,30,34,LinearHeuristicAuction,0.05,0.08,,True,,1000,3600,cats_reg_g30b150,,heuristic,2,False,CATS,150,regions,MultiMinded,482,Balance,55.860000000015134,2325.6629000000003,8,1796.97,570.23000000000002,2279.8698999999997,2197.9670742336884,1969.8750742336879,2111.3551451648932,1,30,26,93,64
54,30,37,LinearHeuristicAuction,0.05,0.08,,True,,1000,3600,cats_reg_g30b150,,heuristic,2,False,CATS,150,regions,MultiMinded,116,Balance,13.169999999983702,2355.424,6,2152.9,670.553,2355.424,2301.4313305642795,2144.7222000702977,2246.262914518149,1,28,27,95,67
55,30,33,LinearHeuristicAuction,0.05,0.08,,True,,1000,3600,cats_reg_g30b150,,heuristic,2,False,CATS,150,regions,MultiMinded,1000,MaxIter,118.47000000000116,2078.1524999999997,8,1352.37,548.28150000000005,1925.0534999999998,2154.4760118256149,1062.8231336694375,1069.7528655146637,1,30,35,98,63
56,30,39,LinearHeuristicAuction,0.05,0.08,,True,,1000,3600,cats_reg_g30b150,,heuristic,2,False,CATS,150,regions,MultiMinded,1000,MaxIter,132.94000000000233,1893.3772000000004,3,1498.24,591.42200000000003,1351.0995,1873.5944515890042,91.150294644776849,178.44474781560228,1,29,35,103,69
57,30,36,LinearHeuristicAuction,0.05,0.08,,True,,1000,3600,cats_reg_g30b150,,heuristic,2,False,CATS,150,regions,MultiMinded,136,Balance,15.130000000004657,1899.5301999999997,8,1604.44,621.16750000000002,1899.5301999999997,1915.4787277764183,1667.011727776418,1783.1993944969067,1,30,56,103,66
58,30,36,LinearHeuristicAuction,0.05,0.08,,True,,1000,3600,cats_reg_g30b150,,heuristic,2,False,CATS,150,regions,MultiMinded,1000,MaxIter,134.04999999998836,2429.6093,7,2057.42,832.86300000000006,2152.4705,2472.4072989907454,848.59847629332978,894.9006505987976,1,30,39,98,66
59,30,39,LinearHeuristicAuction,0.05,0.08,,True,,1000,3600,cats_reg_g30b150,,heuristic,2,False,CATS,150,regions,MultiMinded,1000,MaxIter,134.30999999999767,2064.9126,3,1772.9,622.28800000000001,1530.2876,2089.8730995816168,91.760270384122919,209.22107848227199,1,30,28,104,69
60,30,35,LinearHeuristicAuction,0.05,0.08,,True,,1000,3600,cats_reg_g30b150,,heuristic,2,False,CATS,150,regions,MultiMinded,1000,MaxIter,139.29000000000815,1956.0875,8,1842.74,450.80399999999997,1514.0899,2003.2367418430913,357.04316009274305,474.12058966022221,1,28,41,100,65
61,30,37,LinearHeuristicAuction,0.05,0.08,,True,,1000,3600,cats_reg_g30b150,,heuristic,2,False,CATS,150,regions,MultiMinded,1000,MaxIter,124.91000000000349,1951.6029999999998,6,1560.47,530.9905,1694.5543999999998,2031.2500955184942,176.01646902823023,207.89862869561446,1,30,30,111,67
62,30,34,LinearHeuristicAuction,0.05,0.08,,True,,1000,3600,cats_reg_g30b150,,heuristic,2,False,CATS,150,regions,MultiMinded,1000,MaxIter,117.5,1978.0167,4,1737.89,582.94900000000007,1941.8931400000001,1950.4091545835045,52.836994388237073,228.83953186406444,1,30,35,93,64
63,30,30,LinearHeuristicAuction,0.05,0.08,,True,,1000,3600,cats_reg_g30b150,,heuristic,2,False,CATS,150,regions,MultiMinded,148,Balance,15.89000000001397,2547.4234,5,1821.34,869.476,2547.4234,2480.2575818745463,2293.9008947255338,2408.5835818960159,1,30,26,79,60
64,30,34,LinearHeuristicAuction,0.05,0.08,,True,,1000,3600,cats_reg_g30b150,,heuristic,2,False,CATS,150,regions,MultiMinded,1000,MaxIter,126.26999999998952,2427.9729,9,1844.14,792.92899999999997,2193.0139000000004,2533.1241303579218,895.79093493530218,916.7702612686744,1,30,31,103,64
65,30,36,LinearHeuristicAuction,0.05,0.08,,True,,1000,3600,cats_reg_g30b150,,heuristic,2,False,CATS,150,regions,MultiMinded,1000,MaxIter,121.84999999997672,2209.3287,7,1779.98,732.52250000000004,2012.3761,2261.9334673750982,163.74218685401564,252.06833456831816,1,30,32,100,66
66,30,30,LinearHeuristicAuction,0.05,0.08,,True,,1000,3600,cats_reg_g30b150,,heuristic,2,False,CATS,150,regions,MultiMinded,136,Balance,14.760000000009313,2387.3904,2,2290.03,553.03500000000008,2387.3904,2287.8796044313845,2252.1329018336364,2357.6908750043949,1,30,4,85,60
67,30,41,LinearHeuristicAuction,0.05,0.08,,True,,1000,3600,cats_reg_g30b150,,heuristic,2,False,CATS,150,regions,MultiMinded,1000,MaxIter,114.8300000000163,2130.5865999999996,7,1569.3,447.20299999999997,1682.5919000000001,2132.8969811411225,1116.6652426485202,1290.6167863033679,1,29,22,108,71
68,30,34,LinearHeuristicAuction,0.05,0.08,,True,,1000,3600,cats_reg_g30b150,,heuristic,2,False,CATS,150,regions,MultiMinded,1000,MaxIter,127.36999999999534,1871.0335999999998,8,1491.62,623.48450000000003,1773.6655,1872.9165046582591,783.44534955686026,891.302005062749,1,29,23,109,64
69,30,34,LinearHeuristicAuction,0.05,0.08,,True,,1000,3600,cats_reg_g30b150,,heuristic,2,False,CATS,150,regions,MultiMinded,146,Balance,17.70000000001164,2248.1536,8,1918.69,909.28949999999998,2248.1536,2220.8400308431333,1900.5537681372809,1988.5963322645709,1,30,36,94,64
70,30,32,LinearHeuristicAuction,0.05,0.08,,True,,1000,3600,cats_reg_g30b150,,heuristic,2,False,CATS,150,regions,MultiMinded,544,Balance,62.45999999999185,2074.3614,8,1794.89,671.03600000000006,2074.3064,2024.9663421807236,1778.5857113122952,1878.5404010400746,1,30,35,83,62
71,30,30,LinearHeuristicAuction,0.05,0.08,,True,,1000,3600,cats_reg_g30b150,,heuristic,2,False,CATS,150,regions,MultiMinded,1000,MaxIter,124.23000000001048,2107.4125,8,1919.92,672.68100000000004,1877.0062000000003,2246.5383237967262,1035.1061635284091,1052.9927366863717,1,30,46,93,60
72,30,35,LinearHeuristicAuction,0.05,0.08,,True,,1000,3600,cats_reg_g30b150,,heuristic,2,False,CATS,150,regions,MultiMinded,1000,MaxIter,121.17999999999302,1946.4843000000003,8,1216.53,554.09649999999999,1646.2675,1941.0387379058836,301.52307959377163,380.25334263934326,1,30,54,95,65
73,30,35,LinearHeuristicAuction,0.05,0.08,,True,,1000,3600,cats_reg_g30b150,,heuristic,2,False,CATS,150,regions,MultiMinded,1000,MaxIter,113.08999999999651,1852.6272999999999,10,1445.38,663.03899999999999,1736.2309,1950.0004022772164,411.33077695215985,499.47488274894033,1,30,30,99,65
74,30,31,LinearHeuristicAuction,0.05,0.08,,True,,1000,3600,cats_reg_g30b150,,heuristic,2,False,CATS,150,regions,MultiMinded,192,Balance,21.070000000006985,2020.0417,6,1744.34,781.83899999999994,2020.0417,2016.9348786690275,1796.7389091536797,1879.2919366321105,1,30,25,80,61
75,30,39,LinearHeuristicAuction,0.05,0.08,,True,,1000,3600,cats_reg_g30b150,,heuristic,2,False,CATS,150,regions,MultiMinded,1000,MaxIter,126.20999999999185,2549.9302,4,1890.83,637.39099999999996,1471.2718000000002,2462.9587230940174,49.234270896294319,409.14563951459655,1,30,33,104,69
76,30,36,LinearHeuristicAuction,0.05,0.08,,True,,1000,3600,cats_reg_g30b150,,heuristic,2,False,CATS,150,regions,MultiMinded,1000,MaxIter,124.66000000000349,1970.4382,10,1633.82,405.01099999999997,1734.9691999999998,2083.7389277103871,1029.4856751667526,1040.1365186402963,1,30,59,96,66
77,30,34,LinearHeuristicAuction,0.05,0.08,,True,,1000,3600,cats_reg_g30b150,,heuristic,2,False,CATS,150,regions,MultiMinded,188,Balance,23.25999999998021,1646.3148,5,1576.38,831.28949999999998,1613.1848,1659.3791153069815,1451.5567403069817,1561.5634521484951,1,30,56,93,64
78,30,34,LinearHeuristicAuction,0.05,0.08,,True,,1000,3600,cats_reg_g30b150,,heuristic,2,False,CATS,150,regions,MultiMinded,1000,MaxIter,151.60000000000582,2412.1546,7,1881.66,768.41550000000007,1648.2321,2565.5755939569553,235.44225083033211,310.46434410383205,1,29,50,99,64
79,30,29,LinearHeuristicAuction,0.05,0.08,,True,,1000,3600,cats_reg_g30b150,,heuristic,2,False,CATS,150,regions,MultiMinded,1000,MaxIter,119.45000000001164,2267.359,4,2060.3,919.01300000000003,2160.757,2410.7365773837846,285.94215113029804,338.27111514934523,1,30,22,88,59
80,30,37,LinearHeuristicAuction,0.05,0.08,,True,,1000,3600,cats_reg_g30b150,,heuristic,2,False,CATS,150,regions,MultiMinded,1000,MaxIter,126.83999999999651,2112.5864,7,1592.54,576.49599999999998,2080.0854,2201.5749560634722,567.39604346366423,611.08676346366428,1,29,82,111,67
81,30,33,LinearHeuristicAuction,0.05,0.08,,True,,1000,3600,cats_reg_g30b150,,heuristic,2,False,CATS,150,regions,MultiMinded,1000,MaxIter,122.55999999999767,1652.215,4,1316.69,725.81600000000003,1652.215,1756.3481265493087,1100.336461455347,1105.0614147484914,1,30,62,95,63
82,30,35,LinearHeuristicAuction,0.05,0.08,,True,,1000,3600,cats_reg_g30b150,,heuristic,2,False,CATS,150,regions,MultiMinded,1000,MaxIter,148.94000000000233,2109.0315,8,1900.31,619.13249999999994,2022.4768000000001,2252.3296143499524,679.9811222239216,723.05401143525216,1,29,39,106,65
83,30,32,LinearHeuristicAuction,0.05,0.08,,True,,1000,3600,cats_reg_g30b150,,heuristic,2,False,CATS,150,regions,MultiMinded,1000,MaxIter,128.0,2576.43019,2,2027.96,1059.6700000000001,1963.8086,2633.0179869386698,31.790099999999981,39.473216087828533,1,30,77,95,62
84,30,34,LinearHeuristicAuction,0.05,0.08,,True,,1000,3600,cats_reg_g30b150,,heuristic,2,False,CATS,150,regions,MultiMinded,1000,MaxIter,129.07000000000698,1983.6759000000002,6,1485.27,650.14099999999996,1943.082,2063.9354058978006,1440.7853967642166,1459.2873826035184,1,30,13,112,64
85,30,33,LinearHeuristicAuction,0.05,0.08,,True,,1000,3600,cats_reg_g30b150,,heuristic,2,False,CATS,150,regions,MultiMinded,158,Balance,18.0,1650.3177,5,1136.81,534.83399999999995,1650.3177,1599.3994437557519,1492.4326437557518,1590.6464816806842,1,29,18,96,63
86,30,37,LinearHeuristicAuction,0.05,0.08,,True,,1000,3600,cats_reg_g30b150,,heuristic,2,False,CATS,150,regions,MultiMinded,98,Balance,10.35999999998603,2073.2363,6,1605.13,504.47649999999999,2069.3503,1903.716764132537,1777.5976391325366,1977.4370897521169,1,29,18,81,67
87,30,34,LinearHeuristicAuction,0.05,0.08,,True,,1000,3600,cats_reg_g30b150,,heuristic,2,False,CATS,150,regions,MultiMinded,1000,MaxIter,114.04999999998836,2161.5317,9,1611.82,461.19499999999999,1967.0857,2196.886342275785,561.95154569805311,612.67026133440129,1,29,44,95,64
88,30,35,LinearHeuristicAuction,0.05,0.08,,True,,1000,3600,cats_reg_g30b150,,heuristic,2,False,CATS,150,regions,MultiMinded,1000,MaxIter,121.60999999998603,1960.6723,8,1579.4,529.16499999999996,1567.4289,1989.5506224680068,1162.0242414848294,1249.1295101637343,1,30,35,105,65
89,30,40,LinearHeuristicAuction,0.05,0.08,,True,,1000,3600,cats_reg_g30b150,,heuristic,2,False,CATS,150,regions,MultiMinded,111,Balance,12.570000000006985,2103.4608,12,1324.86,455.78500000000003,2103.4608,1765.1869155808822,1539.2231046153752,1907.3736524269532,1,28,16,98,70
90,30,36,LinearHeuristicAuction,0.05,0.08,,True,,1000,3600,cats_reg_g30b150,,heuristic,2,False,CATS,150,regions,MultiMinded,1000,MaxIter,115.83999999999651,2252.2093,8,1749.09,686.99800000000005,1825.6253000000002,2262.8878584302693,253.8719930491859,265.47662998057962,1,30,42,95,66
91,30,37,LinearHeuristicAuction,0.05,0.08,,True,,1000,3600,cats_reg_g30b150,,heuristic,2,False,CATS,150,regions,MultiMinded,1000,MaxIter,118.23000000001048,2533.4677,11,1557.05,605.50300000000004,2379.666,2396.4494806679468,1137.1218391798991,1456.8297610861152,1,28,17,104,67
92,30,37,LinearHeuristicAuction,0.05,0.08,,True,,1000,3600,cats_reg_g30b150,,heuristic,2,False,CATS,150,regions,MultiMinded,93,Balance,10.420000000012806,2087.0795,9,1557.29,467.12700000000001,2087.0795,2069.0352432984341,1858.8280932984342,1945.4323910220451,1,30,61,96,67
93,30,34,LinearHeuristicAuction,0.05,0.08,,True,,1000,3600,cats_reg_g30b150,,heuristic,2,False,CATS,150,regions,MultiMinded,1000,MaxIter,122.08999999999651,2220.4165999999996,8,1477.09,531.97949999999992,2220.4165999999996,2573.5189580682259,748.91292619575893,799.69318342020472,1,30,31,101,64
94,30,33,LinearHeuristicAuction,0.05,0.08,,True,,1000,3600,cats_reg_g30b150,,heuristic,2,False,CATS,150,regions,MultiMinded,1000,MaxIter,117.27999999999884,2089.1439,6,1850.23,583.02999999999997,1917.2089,2091.0252978727772,223.42153808114227,382.76721268450979,1,28,48,101,63
95,30,36,LinearHeuristicAuction,0.05,0.08,,True,,1000,3600,cats_reg_g30b150,,heuristic,2,False,CATS,150,regions,MultiMinded,1000,MaxIter,123.00999999998021,2218.1557,3,1747.55,732.99250000000006,1637.5069999999998,2372.1127675406519,43.079247138147473,115.52564637071856,1,30,38,97,66
96,30,33,LinearHeuristicAuction,0.05,0.08,,True,,1000,3600,cats_reg_g30b150,,heuristic,2,False,CATS,150,regions,MultiMinded,1000,MaxIter,114.85000000000582,1873.9284000000002,8,1690.89,555.43200000000002,1542.3964,2088.8129202201417,462.20182775020481,521.82569955952431,1,30,47,93,63
97,30,37,LinearHeuristicAuction,0.05,0.08,,True,,1000,3600,cats_reg_g30b150,,heuristic,2,False,CATS,150,regions,MultiMinded,309,Balance,36.30999999999767,1853.4531000000002,10,1334.16,635.36699999999996,1849.0271000000002,1807.1363350038969,1523.2143852826412,1630.1450010173535,1,29,31,99,67
98,30,36,LinearHeuristicAuction,0.05,0.08,,True,,1000,3600,cats_reg_g30b150,,heuristic,2,False,CATS,150,regions,MultiMinded,401,Balance,44.920000000012806,2779.0163,8,2131.76,620.35799999999995,2779.0163,2810.1956304047617,2562.0524304047626,2596.9849837672896,1,30,32,91,66
99,30,37,LinearHeuristicAuction,0.05,0.08,,True,,1000,3600,cats_reg_g30b150,,heuristic,2,False,CATS,150,regions,MultiMinded,1000,MaxIter,115.95999999999185,2286.8288000000002,5,1573.72,543.00099999999998,1940.4417999999998,2446.8926724231023,1090.0317512168765,1123.4647440027109,1,30,25,97,67
100,30,32,LinearHeuristicAuction,0.05,0.08,,True,,1000,3600,cats_reg_g30b150,,heuristic,2,False,CATS,150,regions,MultiMinded,1000,MaxIter,120.23999999999069,1906.0085,3,1496.95,591.39400000000001,1479.8069999999998,1947.0955661337766,158.42759982189233,168.33021608923514,1,30,35,95,62
