idx,items,agents,auction_class,epsilon,stepc,epoch,scalebyvalue,reserve_type,maxiter,maxtime,generator_param_name,personalized,bidding_strategy,heuristic_pool_num,int_prices,generator,bids,distribution,type,rounds,status,runtime,efficient_value,final_num_winners,final_max_agent_value,final_scalevalue,final_value,final_total_price,final_revenue,final_indirect_util,final_price_degree,final_price_sparsity,final_imbalance,final_wd_nvars,final_wd_ncons
1,30,36,LinearHeuristicAuction,0.05,0.04,,True,,1000,3600,cats_reg_g30b150,,heuristic,2,False,CATS,150,regions,MultiMinded,1000,MaxIter,116.54000000000815,2502.8085,5,1712.02,630.28700000000003,2100.1264,2315.3593557026807,177.34635645794017,420.5441068810693,1,30,63,97,66
2,30,38,LinearHeuristicAuction,0.05,0.04,,True,,1000,3600,cats_reg_g30b150,,heuristic,2,False,CATS,150,regions,MultiMinded,1000,MaxIter,122.60000000000582,2067.4249,2,1460.04,478.96600000000001,1438.3562,2153.5438131683554,16.181530577802384,38.880775175961929,1,30,36,98,68
3,30,36,LinearHeuristicAuction,0.05,0.04,,True,,1000,3600,cats_reg_g30b150,,heuristic,2,False,CATS,150,regions,MultiMinded,410,Balance,46.29000000000815,2226.2472000000002,3,1961.0,494.50999999999999,2226.2472000000002,2220.660384587859,2151.4289845878588,2180.974245691234,1,29,12,86,66
4,30,38,LinearHeuristicAuction,0.05,0.04,,True,,1000,3600,cats_reg_g30b150,,heuristic,2,False,CATS,150,regions,MultiMinded,82,Balance,8.679999999993015,2004.9491999999998,11,1505.7,557.86300000000006,2004.9491999999998,1958.672248010877,1651.8475980108767,1733.0049847147015,1,30,20,89,68
5,30,35,LinearHeuristicAuction,0.05,0.04,,True,,1000,3600,cats_reg_g30b150,,heuristic,2,False,CATS,150,regions,MultiMinded,1000,MaxIter,149.01999999998952,1864.626,8,1703.97,505.12049999999999,1732.6764100000003,1888.7151894929823,1531.0231123692561,1554.527968126059,1,29,15,102,65
6,30,35,LinearHeuristicAuction,0.05,0.04,,True,,1000,3600,cats_reg_g30b150,,heuristic,2,False,CATS,150,regions,MultiMinded,1000,MaxIter,108.69000000000233,2116.0368,7,1959.83,614.52500000000009,1844.6417999999999,2186.4469725228282,439.91249256149325,482.23505640541356,1,29,32,91,65
7,30,35,LinearHeuristicAuction,0.05,0.04,,True,,1000,3600,cats_reg_g30b150,,heuristic,2,False,CATS,150,regions,MultiMinded,1000,MaxIter,115.65000000002328,2031.9575,6,1330.11,558.39999999999998,1420.3315,2125.2427001845372,362.88110736864371,435.6654368954637,1,30,47,89,65
8,30,35,LinearHeuristicAuction,0.05,0.04,,True,,1000,3600,cats_reg_g30b150,,heuristic,2,False,CATS,150,regions,MultiMinded,183,Balance,20.029999999998836,2027.57669,8,1379.5,642.28750000000002,2027.57669,1848.5502187841628,1620.1988707677526,1834.6460956063074,1,30,20,81,65
9,30,36,LinearHeuristicAuction,0.05,0.04,,True,,1000,3600,cats_reg_g30b150,,heuristic,2,False,CATS,150,regions,MultiMinded,1000,MaxIter,120.25,1859.5272999999997,7,1542.29,443.88650000000001,1541.1154,1853.4441786261179,94.1781951627664,183.3036351627664,1,28,59,107,66
10,30,34,LinearHeuristicAuction,0.05,0.04,,True,,1000,3600,cats_reg_g30b150,,heuristic,2,False,CATS,150,regions,MultiMinded,1000,MaxIter,123.38000000000466,2566.974,7,2112.56,626.02300000000002,2414.383,2548.127608829192,1080.7626311489607,1247.7845006400482,1,30,28,94,64
11,30,36,LinearHeuristicAuction,0.05,0.04,,True,,1000,3600,cats_reg_g30b150,,heuristic,2,False,CATS,150,regions,MultiMinded,315,Balance,36.720000000001164,2431.6115,4,2098.81,721.22149999999999,2431.6115,2291.6853447915846,2176.0895257276866,2379.9405976868616,1,30,52,90,66
12,30,32,LinearHeuristicAuction,0.05,0.04,,True,,1000,3600,cats_reg_g30b150,,heuristic,2,False,CATS,150,regions,MultiMinded,1000,MaxIter,128.32000000000698,1865.81568,8,1645.15,855.13049999999998,1784.04378,2027.1456423851173,127.50814488673234,191.06115636335988,1,30,22,95,62
13,30,35,LinearHeuristicAuction,0.05,0.04,,True,,1000,3600,cats_reg_g30b150,,heuristic,2,False,CATS,150,regions,MultiMinded,1000,MaxIter,123.02999999999884,1773.5022000000001,6,1494.31,678.60900000000004,1561.4313000000002,1822.8647461520879,1115.9171806494799,1169.2567304042536,1,30,33,96,65
14,30,32,LinearHeuristicAuction,0.05,0.04,,True,,1000,3600,cats_reg_g30b150,,heuristic,2,False,CATS,150,regions,MultiMinded,1000,MaxIter,119.60999999998603,1980.1873000000003,6,1559.99,631.08900000000006,1564.0333,1944.8278340041077,306.18926969403901,457.00899921039434,1,30,24,93,62
15,30,36,LinearHeuristicAuction,0.05,0.04,,True,,1000,3600,cats_reg_g30b150,,heuristic,2,False,CATS,150,regions,MultiMinded,52,Balance,5.820000000006985,2512.4141000000004,3,2312.23,781.00699999999995,2512.4141000000004,2435.7094753074553,2318.5584253074553,2426.3852386005533,1,30,4,77,66
16,30,34,LinearHeuristicAuction,0.05,0.04,,True,,1000,3600,cats_reg_g30b150,,heuristic,2,False,CATS,150,regions,MultiMinded,1000,MaxIter,122.97000000000116,1929.452,8,1789.44,584.255,1849.0507,1985.5898111597294,632.92899472187378,690.49841741931027,1,28,44,95,64
17,30,33,LinearHeuristicAuction,0.05,0.04,,True,,1000,3600,cats_reg_g30b150,,heuristic,2,False,CATS,150,regions,MultiMinded,87,Balance,9.960000000020955,1934.7395999999999,7,1626.95,730.93200000000002,1934.7395999999999,1980.6727436254146,1747.1595183817894,1840.1579723790383,1,30,79,83,63
18,30,34,LinearHeuristicAuction,0.05,0.04,,True,,1000,3600,cats_reg_g30b150,,heuristic,2,False,CATS,150,regions,MultiMinded,1000,MaxIter,114.86999999999534,2504.1384,6,1818.33,781.33600000000001,2373.2813,2531.5755291558939,2115.7319660577568,2132.7272999999996,1,28,5,87,64
19,30,36,LinearHeuristicAuction,0.05,0.04,,True,,1000,3600,cats_reg_g30b150,,heuristic,2,False,CATS,150,regions,MultiMinded,167,Balance,17.669999999983702,2560.7110000000002,11,1508.06,549.71399999999994,2557.321,2276.2879588275232,2006.9280988275234,2307.9607089666229,1,28,20,88,66
20,30,37,LinearHeuristicAuction,0.05,0.04,,True,,1000,3600,cats_reg_g30b150,,heuristic,2,False,CATS,150,regions,MultiMinded,1000,MaxIter,137.22000000000116,1801.7813999999998,4,1490.47,395.125,1652.3964,1854.7564604911884,62.728281109677845,114.63697463150527,1,30,55,105,67
21,30,33,LinearHeuristicAuction,0.05,0.04,,True,,1000,3600,cats_reg_g30b150,,heuristic,2,False,CATS,150,regions,MultiMinded,1000,MaxIter,124.97000000000116,1553.7635,3,1374.19,778.39550000000008,1553.7635,1603.4351825927663,107.8985304852545,116.93139101430053,1,30,38,89,63
22,30,38,LinearHeuristicAuction,0.05,0.04,,True,,1000,3600,cats_reg_g30b150,,heuristic,2,False,CATS,150,regions,MultiMinded,1000,MaxIter,123.72000000000116,2312.252,3,2123.59,638.69949999999994,2259.8316999999997,2475.9576867185442,73.800298549418059,110.54680367598995,1,29,51,106,68
23,30,38,LinearHeuristicAuction,0.05,0.04,,True,,1000,3600,cats_reg_g30b150,,heuristic,2,False,CATS,150,regions,MultiMinded,100,Balance,10.669999999983702,2354.8725,7,1818.1,597.00800000000004,2354.8725,2115.8383915063278,1943.5046673370007,2184.9795118511756,1,29,8,83,68
24,30,35,LinearHeuristicAuction,0.05,0.04,,True,,1000,3600,cats_reg_g30b150,,heuristic,2,False,CATS,150,regions,MultiMinded,1000,MaxIter,117.47000000000116,1892.4884,4,1241.36,538.58849999999995,1279.6722,1988.363355817658,64.090436133135299,154.89225465170796,1,30,33,90,65
25,30,33,LinearHeuristicAuction,0.05,0.04,,True,,1000,3600,cats_reg_g30b150,,heuristic,2,False,CATS,150,regions,MultiMinded,1000,MaxIter,126.52000000001863,1741.0822999999998,4,1538.41,861.41849999999999,1475.5493,1772.7425980121448,29.131893849887604,87.10700176339256,1,30,42,95,63
26,30,34,LinearHeuristicAuction,0.05,0.04,,True,,1000,3600,cats_reg_g30b150,,heuristic,2,False,CATS,150,regions,MultiMinded,1000,MaxIter,105.38999999998487,2008.668,9,1919.5,424.82100000000003,1549.9657999999997,2131.252865643426,12.744630000000001,97.752773869641103,1,29,32,89,64
27,30,32,LinearHeuristicAuction,0.05,0.04,,True,,1000,3600,cats_reg_g30b150,,heuristic,2,False,CATS,150,regions,MultiMinded,1000,MaxIter,111.5,2175.2061,3,1890.21,644.31150000000002,2075.148,2275.181109750109,1348.6604666145206,1356.8470858128906,1,29,19,90,62
28,30,37,LinearHeuristicAuction,0.05,0.04,,True,,1000,3600,cats_reg_g30b150,,heuristic,2,False,CATS,150,regions,MultiMinded,1000,MaxIter,119.13000000000466,2040.43179,9,1615.6,517.23699999999997,2021.19479,2005.0379944304318,690.84319996365093,792.56341248755518,1,29,33,99,67
29,30,33,LinearHeuristicAuction,0.05,0.04,,True,,1000,3600,cats_reg_g30b150,,heuristic,2,False,CATS,150,regions,MultiMinded,1000,MaxIter,129.38000000000466,2111.632,6,1854.64,708.57899999999995,1864.7232000000001,2135.8090890696644,185.38385820751404,278.87424352019781,1,30,86,99,63
30,30,35,LinearHeuristicAuction,0.05,0.04,,True,,1000,3600,cats_reg_g30b150,,heuristic,2,False,CATS,150,regions,MultiMinded,1000,MaxIter,110.6699999999837,2323.0769999999998,2,1594.17,462.18150000000003,1524.7060000000001,2178.9433647691826,32.352705,310.69269151915677,1,27,46,94,65
31,30,34,LinearHeuristicAuction,0.05,0.04,,True,,1000,3600,cats_reg_g30b150,,heuristic,2,False,CATS,150,regions,MultiMinded,464,Balance,52.10999999998603,2659.4860000000003,6,2167.09,585.07799999999997,2659.4860000000003,2526.872094162833,2380.6025941628332,2542.2529127651519,1,28,17,93,64
32,30,37,LinearHeuristicAuction,0.05,0.04,,True,,1000,3600,cats_reg_g30b150,,heuristic,2,False,CATS,150,regions,MultiMinded,1000,MaxIter,124.19000000000233,1999.8556999999998,10,1545.46,522.50199999999995,1851.1211999999998,1973.9154427418475,917.42804480502559,1021.110521938303,1,30,31,103,67
33,30,37,LinearHeuristicAuction,0.05,0.04,,True,,1000,3600,cats_reg_g30b150,,heuristic,2,False,CATS,150,regions,MultiMinded,1000,MaxIter,122.80999999999767,1805.9524000000001,10,1582.17,487.50400000000002,1528.1596,1729.7561103173723,735.85082009338998,886.91453521961034,1,29,68,103,67
34,30,39,LinearHeuristicAuction,0.05,0.04,,True,,1000,3600,cats_reg_g30b150,,heuristic,2,False,CATS,150,regions,MultiMinded,1000,MaxIter,123.88999999998487,1983.6001999999999,6,1564.76,623.41200000000003,1480.0875,2189.730757905365,575.74509459585113,592.84019676497087,1,29,40,103,69
35,30,38,LinearHeuristicAuction,0.05,0.04,,True,,1000,3600,cats_reg_g30b150,,heuristic,2,False,CATS,150,regions,MultiMinded,1000,MaxIter,119.08999999999651,2341.4052,8,1755.59,637.298,1919.5826,2417.1353076092064,348.87370458802098,529.23711481134751,1,28,51,102,68
36,30,33,LinearHeuristicAuction,0.05,0.04,,True,,1000,3600,cats_reg_g30b150,,heuristic,2,False,CATS,150,regions,MultiMinded,1000,MaxIter,123.21000000002095,2136.9992,3,1693.26,587.83249999999998,1856.5518,2272.1628089549349,152.53923664509114,181.69691076754813,1,29,36,99,63
37,30,34,LinearHeuristicAuction,0.05,0.04,,True,,1000,3600,cats_reg_g30b150,,heuristic,2,False,CATS,150,regions,MultiMinded,1000,MaxIter,118.29999999998836,1991.3467,4,1812.59,701.23299999999995,1695.2167000000002,2078.8594033799072,50.951102762307855,133.31654617823085,1,30,33,92,64
38,30,40,LinearHeuristicAuction,0.05,0.04,,True,,1000,3600,cats_reg_g30b150,,heuristic,2,False,CATS,150,regions,MultiMinded,105,Balance,11.639999999984866,2724.0288,6,2153.9,576.38300000000004,2724.0288,2478.1509824272384,2334.0552324272394,2650.1336619224835,1,29,45,93,70
39,30,30,LinearHeuristicAuction,0.05,0.04,,True,,1000,3600,cats_reg_g30b150,,heuristic,2,False,CATS,150,regions,MultiMinded,1000,MaxIter,113.6699999999837,1968.0602,6,1918.66,764.726,1871.4459,2046.6646484414778,1655.2871726937517,1814.940756621173,1,30,32,85,60
40,30,33,LinearHeuristicAuction,0.05,0.04,,True,,1000,3600,cats_reg_g30b150,,heuristic,2,False,CATS,150,regions,MultiMinded,65,Balance,7.319999999977881,1942.0583000000001,3,1674.34,688.69799999999998,1942.0583000000001,1981.4435411400705,1878.1388411400706,1894.7613011400706,1,30,26,84,63
41,30,35,LinearHeuristicAuction,0.05,0.04,,True,,1000,3600,cats_reg_g30b150,,heuristic,2,False,CATS,150,regions,MultiMinded,1000,MaxIter,122.44000000000233,1877.7214099999999,7,1423.29,646.35299999999995,1831.2470099999998,1872.400504009627,1385.2960970079673,1402.0395594999047,1,30,24,105,65
42,30,32,LinearHeuristicAuction,0.05,0.04,,True,,1000,3600,cats_reg_g30b150,,heuristic,2,False,CATS,150,regions,MultiMinded,1000,MaxIter,121.52999999999884,2111.841,6,1703.5,646.17399999999998,1364.155,2217.8789734397365,378.65621783782956,380.5290240880492,1,30,80,93,62
43,30,40,LinearHeuristicAuction,0.05,0.04,,True,,1000,3600,cats_reg_g30b150,,heuristic,2,False,CATS,150,regions,MultiMinded,194,Balance,21.079999999987194,2446.7208,6,1927.69,685.90899999999999,2446.7208,2228.668395403974,2064.0502354039741,2304.9715556240849,1,29,0,90,70
44,30,35,LinearHeuristicAuction,0.05,0.04,,True,,1000,3600,cats_reg_g30b150,,heuristic,2,False,CATS,150,regions,MultiMinded,1000,MaxIter,128.02999999999884,1711.1515999999997,6,1299.51,651.40899999999999,1502.4945999999998,1587.5156513898962,354.82530263211248,560.43224985245308,1,30,33,110,65
45,30,38,LinearHeuristicAuction,0.05,0.04,,True,,1000,3600,cats_reg_g30b150,,heuristic,2,False,CATS,150,regions,MultiMinded,1000,MaxIter,127.56000000002678,2034.5094,8,1828.07,742.07299999999998,1716.5589,2207.4847022635222,370.70152101549093,380.48256606836634,1,30,42,106,68
46,30,31,LinearHeuristicAuction,0.05,0.04,,True,,1000,3600,cats_reg_g30b150,,heuristic,2,False,CATS,150,regions,MultiMinded,59,Balance,6.2299999999813735,2564.0325000000003,5,2373.4,807.26099999999997,2521.3455000000004,2498.6830641731203,2343.2850076742461,2442.2994860439494,1,30,44,78,61
47,30,37,LinearHeuristicAuction,0.05,0.04,,True,,1000,3600,cats_reg_g30b150,,heuristic,2,False,CATS,150,regions,MultiMinded,109,Balance,11.60999999998603,2233.1322,7,1669.44,664.97900000000004,2233.1322,2050.8930543896959,1845.6660929857801,2120.2813200223118,1,30,79,92,67
48,30,35,LinearHeuristicAuction,0.05,0.04,,True,,1000,3600,cats_reg_g30b150,,heuristic,2,False,CATS,150,regions,MultiMinded,1000,MaxIter,166.0800000000163,2069.4358,6,1826.01,556.24350000000004,2033.8899000000001,2043.7067093493115,971.14054156953011,1090.7645462142555,1,30,28,100,65
49,30,30,LinearHeuristicAuction,0.05,0.04,,True,,1000,3600,cats_reg_g30b150,,heuristic,2,False,CATS,150,regions,MultiMinded,100,Balance,10.64999999999418,1979.7895999999998,6,1594.07,673.82600000000002,1979.7895999999998,1973.0804710346613,1770.9326710346616,1846.9145061989125,1,30,27,77,60
50,30,33,LinearHeuristicAuction,0.05,0.04,,True,,1000,3600,cats_reg_g30b150,,heuristic,2,False,CATS,150,regions,MultiMinded,158,Balance,16.79999999998836,2110.6722999999997,7,1335.35,460.47550000000001,2110.6722999999997,1977.0801372274577,1820.5184672274577,2013.1893841509022,1,30,50,83,63
51,30,37,LinearHeuristicAuction,0.05,0.04,,True,,1000,3600,cats_reg_g30b150,,heuristic,2,False,CATS,150,regions,MultiMinded,44,Balance,4.690000000002328,2245.4244000000003,6,1882.26,597.73699999999997,2245.4244000000003,2187.4868179850446,2038.0525679850441,2126.6039640925428,1,27,12,87,67
52,30,32,LinearHeuristicAuction,0.05,0.04,,True,,1000,3600,cats_reg_g30b150,,heuristic,2,False,CATS,150,regions,MultiMinded,1000,MaxIter,112.38000000000466,1756.6213,7,1409.87,556.45500000000004,1325.2168000000001,1739.9675277717547,835.8908181443818,871.5485476401401,1,30,17,86,62
53,30,34,LinearHeuristicAuction,0.05,0.04,,True,,1000,3600,cats_reg_g30b150,,heuristic,2,False,CATS,150,regions,MultiMinded,1000,MaxIter,119.64000000001397,2325.6629000000003,8,1796.97,570.23000000000002,2279.8698999999997,2160.6073190656689,1301.596766070674,1525.3443364897894,1,29,20,88,64
54,30,37,LinearHeuristicAuction,0.05,0.04,,True,,1000,3600,cats_reg_g30b150,,heuristic,2,False,CATS,150,regions,MultiMinded,61,Balance,6.919999999983702,2355.424,6,2152.9,670.553,2355.424,2294.1145686895925,2130.4131443630313,2212.0955383089813,1,30,20,91,67
55,30,33,LinearHeuristicAuction,0.05,0.04,,True,,1000,3600,cats_reg_g30b150,,heuristic,2,False,CATS,150,regions,MultiMinded,307,Balance,34.35000000000582,2078.1524999999997,10,1352.37,548.28150000000005,2078.1524999999997,2082.5921660419849,1818.9044150591351,1860.2501131505253,1,30,16,89,63
56,30,39,LinearHeuristicAuction,0.05,0.04,,True,,1000,3600,cats_reg_g30b150,,heuristic,2,False,CATS,150,regions,MultiMinded,1000,MaxIter,130.52999999999884,1893.3772000000004,7,1498.24,591.42200000000003,1709.4825,1912.9042695187845,467.54980182146221,541.84110324991877,1,29,35,98,69
57,30,36,LinearHeuristicAuction,0.05,0.04,,True,,1000,3600,cats_reg_g30b150,,heuristic,2,False,CATS,150,regions,MultiMinded,1000,MaxIter,123.80999999999767,1899.5301999999997,6,1604.44,621.16750000000002,1782.4716999999998,1950.8321621531745,1305.8857034478501,1339.0234377773902,1,30,44,111,66
58,30,36,LinearHeuristicAuction,0.05,0.04,,True,,1000,3600,cats_reg_g30b150,,heuristic,2,False,CATS,150,regions,MultiMinded,1000,MaxIter,127.85000000000582,2429.6093,3,2057.42,832.86300000000006,1799.3202999999999,2470.655176683651,64.570890333762989,135.88912318652183,1,30,44,91,66
59,30,39,LinearHeuristicAuction,0.05,0.04,,True,,1000,3600,cats_reg_g30b150,,heuristic,2,False,CATS,150,regions,MultiMinded,1000,MaxIter,130.9100000000035,2064.9126,4,1772.9,622.28800000000001,1990.2156,2068.8499054952572,273.72063429796435,399.20915279948679,1,30,3,107,69
60,30,35,LinearHeuristicAuction,0.05,0.04,,True,,1000,3600,cats_reg_g30b150,,heuristic,2,False,CATS,150,regions,MultiMinded,184,Balance,20.860000000015134,1956.0875,8,1842.74,450.80399999999997,1956.0875,1938.5372907196393,1780.7558907196394,1837.8458832049305,1,28,36,92,65
61,30,37,LinearHeuristicAuction,0.05,0.04,,True,,1000,3600,cats_reg_g30b150,,heuristic,2,False,CATS,150,regions,MultiMinded,1000,MaxIter,117.22999999998137,1951.6029999999998,6,1560.47,530.9905,1694.5543999999998,2052.9165619069831,187.52034400020614,206.65517195903567,1,30,28,102,67
62,30,34,LinearHeuristicAuction,0.05,0.04,,True,,1000,3600,cats_reg_g30b150,,heuristic,2,False,CATS,150,regions,MultiMinded,1000,MaxIter,114.85000000000582,1978.0167,11,1737.89,582.94900000000007,1786.30224,1930.4838661910292,580.62130657544708,841.14153010931113,1,29,20,91,64
63,30,30,LinearHeuristicAuction,0.05,0.04,,True,,1000,3600,cats_reg_g30b150,,heuristic,2,False,CATS,150,regions,MultiMinded,93,Balance,9.429999999993015,2547.4234,5,1821.34,869.476,2547.4234,2417.4456394936801,2239.9046054669057,2447.3504358554383,1,30,30,77,60
64,30,34,LinearHeuristicAuction,0.05,0.04,,True,,1000,3600,cats_reg_g30b150,,heuristic,2,False,CATS,150,regions,MultiMinded,1000,MaxIter,124.85000000000582,2427.9729,10,1844.14,792.92899999999997,2169.8581000000004,2506.7217675459938,841.37891630738204,893.38244442772873,1,30,24,99,64
65,30,36,LinearHeuristicAuction,0.05,0.04,,True,,1000,3600,cats_reg_g30b150,,heuristic,2,False,CATS,150,regions,MultiMinded,1000,MaxIter,118.22999999998137,2209.3287,10,1779.98,732.52250000000004,2007.9411,2257.6096311587708,880.88343666553874,963.12892060802778,1,29,91,96,66
66,30,30,LinearHeuristicAuction,0.05,0.04,,True,,1000,3600,cats_reg_g30b150,,heuristic,2,False,CATS,150,regions,MultiMinded,53,Balance,5.470000000001164,2387.3904,2,2290.03,553.03500000000008,2387.3904,2327.4115599693605,2272.1080599693605,2360.6883420070058,1,30,12,75,60
67,30,41,LinearHeuristicAuction,0.05,0.04,,True,,1000,3600,cats_reg_g30b150,,heuristic,2,False,CATS,150,regions,MultiMinded,1000,MaxIter,114.32000000000698,2130.5865999999996,6,1569.3,447.20299999999997,1981.0766,2048.6307375300098,1314.1279993220264,1508.7553686829274,1,28,23,103,71
68,30,34,LinearHeuristicAuction,0.05,0.04,,True,,1000,3600,cats_reg_g30b150,,heuristic,2,False,CATS,150,regions,MultiMinded,1000,MaxIter,121.55999999999767,1871.0335999999998,8,1491.62,623.48450000000003,1773.6655,1849.8488300836079,720.83370071825243,865.53482671476445,1,30,26,101,64
69,30,34,LinearHeuristicAuction,0.05,0.04,,True,,1000,3600,cats_reg_g30b150,,heuristic,2,False,CATS,150,regions,MultiMinded,192,Balance,23.64000000001397,2248.1536,8,1918.69,909.28949999999998,2248.1536,2273.0238237837298,1919.6541761480507,1953.4722201277739,1,29,15,95,64
70,30,32,LinearHeuristicAuction,0.05,0.04,,True,,1000,3600,cats_reg_g30b150,,heuristic,2,False,CATS,150,regions,MultiMinded,125,Balance,13.320000000006985,2074.3614,8,1794.89,671.03600000000006,2074.3064,2024.2531906156571,1785.0808205698697,1924.5213813440419,1,30,30,78,62
71,30,30,LinearHeuristicAuction,0.05,0.04,,True,,1000,3600,cats_reg_g30b150,,heuristic,2,False,CATS,150,regions,MultiMinded,1000,MaxIter,117.59000000002561,2107.4125,8,1919.92,672.68100000000004,1972.6382,2292.5406913189263,957.71301411706531,1055.4490483421314,1,29,15,87,60
72,30,35,LinearHeuristicAuction,0.05,0.04,,True,,1000,3600,cats_reg_g30b150,,heuristic,2,False,CATS,150,regions,MultiMinded,1000,MaxIter,128.98000000001048,1946.4843000000003,8,1216.53,554.09649999999999,1917.7996999999998,1859.7248224205503,985.54000775615316,1143.5854482278994,1,29,38,96,65
73,30,35,LinearHeuristicAuction,0.05,0.04,,True,,1000,3600,cats_reg_g30b150,,heuristic,2,False,CATS,150,regions,MultiMinded,1000,MaxIter,113.66000000000349,1852.6272999999999,4,1445.38,663.03899999999999,1495.3512,1840.9804978513951,29.578316509770275,229.30459079745953,1,30,76,94,65
74,30,31,LinearHeuristicAuction,0.05,0.04,,True,,1000,3600,cats_reg_g30b150,,heuristic,2,False,CATS,150,regions,MultiMinded,1000,MaxIter,116.93000000002212,2020.0417,4,1744.34,781.83899999999994,1170.6984,2138.6198463926903,48.334122641544965,164.22358680760146,1,28,42,87,61
75,30,39,LinearHeuristicAuction,0.05,0.04,,True,,1000,3600,cats_reg_g30b150,,heuristic,2,False,CATS,150,regions,MultiMinded,1000,MaxIter,121.0,2549.9302,4,1890.83,637.39099999999996,2081.0525,2492.395368018013,30.957600534320012,363.54829042676135,1,30,59,105,69
76,30,36,LinearHeuristicAuction,0.05,0.04,,True,,1000,3600,cats_reg_g30b150,,heuristic,2,False,CATS,150,regions,MultiMinded,1000,MaxIter,118.13000000000466,1970.4382,2,1633.82,405.01099999999997,1741.397,2031.5517962333392,54.255523523567007,97.782967804180032,1,30,30,98,66
77,30,34,LinearHeuristicAuction,0.05,0.04,,True,,1000,3600,cats_reg_g30b150,,heuristic,2,False,CATS,150,regions,MultiMinded,956,Balance,121.61999999999534,1646.3148,5,1576.38,831.28949999999998,1618.8128,1657.7833579190558,1449.9609829190561,1503.3399565500943,1,30,68,104,64
78,30,34,LinearHeuristicAuction,0.05,0.04,,True,,1000,3600,cats_reg_g30b150,,heuristic,2,False,CATS,150,regions,MultiMinded,1000,MaxIter,121.0,2412.1546,7,1881.66,768.41550000000007,2311.8801000000003,2511.224298542842,1587.1352123966446,1645.893614003312,1,30,33,98,64
79,30,29,LinearHeuristicAuction,0.05,0.04,,True,,1000,3600,cats_reg_g30b150,,heuristic,2,False,CATS,150,regions,MultiMinded,1000,MaxIter,120.62000000002445,2267.359,5,2060.3,919.01300000000003,1967.771,2356.4467153197807,891.53216799605082,1050.3594931179171,1,30,70,92,59
80,30,37,LinearHeuristicAuction,0.05,0.04,,True,,1000,3600,cats_reg_g30b150,,heuristic,2,False,CATS,150,regions,MultiMinded,1000,MaxIter,122.86000000001513,2112.5864,9,1592.54,576.49599999999998,2010.7133,2143.2913864980683,1318.1627003671351,1372.8772958795669,1,29,12,101,67
81,30,33,LinearHeuristicAuction,0.05,0.04,,True,,1000,3600,cats_reg_g30b150,,heuristic,2,False,CATS,150,regions,MultiMinded,112,Balance,12.170000000012806,1652.215,4,1316.69,725.81600000000003,1652.215,1699.0509111633442,1553.8877111633442,1564.4850366585842,1,30,29,75,63
82,30,35,LinearHeuristicAuction,0.05,0.04,,True,,1000,3600,cats_reg_g30b150,,heuristic,2,False,CATS,150,regions,MultiMinded,1000,MaxIter,128.44000000000233,2109.0315,2,1900.31,619.13249999999994,1929.8049,2283.5750361416267,0.0,31.432154924693812,1,30,52,103,65
83,30,32,LinearHeuristicAuction,0.05,0.04,,True,,1000,3600,cats_reg_g30b150,,heuristic,2,False,CATS,150,regions,MultiMinded,1000,MaxIter,127.61999999999534,2576.43019,2,2027.96,1059.6700000000001,1480.7286000000001,2557.4824476245412,6.4632914723688799,46.206117112091221,1,29,35,93,62
84,30,34,LinearHeuristicAuction,0.05,0.04,,True,,1000,3600,cats_reg_g30b150,,heuristic,2,False,CATS,150,regions,MultiMinded,1000,MaxIter,120.66000000000349,1983.6759000000002,9,1485.27,650.14099999999996,1760.7561,1908.0115898586084,198.36643157042346,309.09338370410359,1,30,73,102,64
85,30,33,LinearHeuristicAuction,0.05,0.04,,True,,1000,3600,cats_reg_g30b150,,heuristic,2,False,CATS,150,regions,MultiMinded,97,Balance,10.60000000000582,1650.3177,5,1136.81,534.83399999999995,1650.3177,1639.7430355610568,1511.3828755610566,1584.1607608734139,1,30,50,88,63
86,30,37,LinearHeuristicAuction,0.05,0.04,,True,,1000,3600,cats_reg_g30b150,,heuristic,2,False,CATS,150,regions,MultiMinded,115,Balance,11.74000000001979,2073.2363,5,1605.13,504.47649999999999,2073.2363,1921.1025289510601,1794.9834039510599,1979.8347639774884,1,30,17,79,67
87,30,34,LinearHeuristicAuction,0.05,0.04,,True,,1000,3600,cats_reg_g30b150,,heuristic,2,False,CATS,150,regions,MultiMinded,1000,MaxIter,108.86999999999534,2161.5317,5,1611.82,461.19499999999999,1883.3797,2192.005863576906,154.97173547433266,226.18037698501075,1,29,37,88,64
88,30,35,LinearHeuristicAuction,0.05,0.04,,True,,1000,3600,cats_reg_g30b150,,heuristic,2,False,CATS,150,regions,MultiMinded,1000,MaxIter,125.29000000000815,1960.6723,8,1579.4,529.16499999999996,1910.9483000000002,1950.8992164198935,1111.6654009357956,1183.4351188576152,1,29,46,99,65
89,30,40,LinearHeuristicAuction,0.05,0.04,,True,,1000,3600,cats_reg_g30b150,,heuristic,2,False,CATS,150,regions,MultiMinded,73,Balance,7.779999999998836,2103.4608,12,1324.86,455.78500000000003,2103.4608,1794.6773769143715,1575.9005769143714,1936.5284206061438,1,28,35,92,70
90,30,36,LinearHeuristicAuction,0.05,0.04,,True,,1000,3600,cats_reg_g30b150,,heuristic,2,False,CATS,150,regions,MultiMinded,1000,MaxIter,112.77000000001863,2252.2093,9,1749.09,686.99800000000005,2057.5634999999997,2254.1823807775813,1481.1997405102697,1502.5688456437504,1,30,39,95,66
91,30,37,LinearHeuristicAuction,0.05,0.04,,True,,1000,3600,cats_reg_g30b150,,heuristic,2,False,CATS,150,regions,MultiMinded,1000,MaxIter,110.5,2533.4677,12,1557.05,605.50300000000004,2403.9741000000004,2272.5268870876844,1216.2740807404557,1560.7442061811732,1,29,52,98,67
92,30,37,LinearHeuristicAuction,0.05,0.04,,True,,1000,3600,cats_reg_g30b150,,heuristic,2,False,CATS,150,regions,MultiMinded,77,Balance,8.10999999998603,2087.0795,9,1557.29,467.12700000000001,2087.0795,2057.0164787802787,1846.8093287802783,1923.5309522182868,1,30,36,86,67
93,30,34,LinearHeuristicAuction,0.05,0.04,,True,,1000,3600,cats_reg_g30b150,,heuristic,2,False,CATS,150,regions,MultiMinded,1000,MaxIter,111.14999999999418,2220.4165999999996,7,1477.09,531.97949999999992,1995.3304999999998,2265.6055524471976,708.41771086121003,826.85814714228968,1,30,34,101,64
94,30,33,LinearHeuristicAuction,0.05,0.04,,True,,1000,3600,cats_reg_g30b150,,heuristic,2,False,CATS,150,regions,MultiMinded,1000,MaxIter,113.39999999999418,2089.1439,7,1850.23,583.02999999999997,1730.6144,2088.984230720228,246.20846187843637,395.09480167810381,1,29,36,92,63
95,30,36,LinearHeuristicAuction,0.05,0.04,,True,,1000,3600,cats_reg_g30b150,,heuristic,2,False,CATS,150,regions,MultiMinded,1000,MaxIter,114.97000000000116,2218.1557,3,1747.55,732.99250000000006,1798.9969999999998,2299.557803946348,43.039755454995095,135.03746863039689,1,30,40,94,66
96,30,33,LinearHeuristicAuction,0.05,0.04,,True,,1000,3600,cats_reg_g30b150,,heuristic,2,False,CATS,150,regions,MultiMinded,1000,MaxIter,115.47999999998137,1873.9284000000002,6,1690.89,555.43200000000002,1562.3205,2203.4688470851152,4.0047487626855727,60.995470584651947,1,29,27,95,63
97,30,37,LinearHeuristicAuction,0.05,0.04,,True,,1000,3600,cats_reg_g30b150,,heuristic,2,False,CATS,150,regions,MultiMinded,109,Balance,12.200000000011642,1853.4531000000002,9,1334.16,635.36699999999996,1830.2671,1847.7976895667489,1574.5898795667486,1679.4730185672172,1,30,36,89,67
98,30,36,LinearHeuristicAuction,0.05,0.04,,True,,1000,3600,cats_reg_g30b150,,heuristic,2,False,CATS,150,regions,MultiMinded,775,Balance,88.63000000000466,2779.0163,8,2131.76,620.35799999999995,2779.0163,2764.1897674143029,2522.2501474143032,2596.0420134419601,1,30,38,91,66
99,30,37,LinearHeuristicAuction,0.05,0.04,,True,,1000,3600,cats_reg_g30b150,,heuristic,2,False,CATS,150,regions,MultiMinded,1000,MaxIter,115.95999999999185,2286.8288000000002,7,1573.72,543.00099999999998,2003.2044999999998,2366.6463569144535,852.70064513658826,904.38933374675617,1,30,39,95,67
100,30,32,LinearHeuristicAuction,0.05,0.04,,True,,1000,3600,cats_reg_g30b150,,heuristic,2,False,CATS,150,regions,MultiMinded,451,Balance,51.69000000000233,1906.0085,9,1496.95,591.39400000000001,1906.0085,1840.5638367551837,1575.5834123700315,1708.875082692718,1,30,57,93,62
