idx,items,agents,auction_class,epsilon,stepc,epoch,scalebyvalue,reserve_type,maxiter,maxtime,generator_param_name,personalized,bidding_strategy,heuristic_pool_num,int_prices,generator,bids,distribution,type,rounds,status,runtime,efficient_value,final_num_winners,final_max_agent_value,final_scalevalue,final_value,final_total_price,final_revenue,final_indirect_util,final_price_degree,final_price_sparsity,final_imbalance,final_wd_nvars,final_wd_ncons
1,30,36,LinearSubgradientAuction,0.05,0.08,,True,,1000,3600,cats_reg_g30b150,,default,2,False,CATS,150,regions,MultiMinded,115,Balance,163.65999999999985,2502.8085,10,1712.02,630.28700000000003,2502.8085,2286.4185472999948,2036.3927733414544,2282.2080500000006,1,28,1,2124,3162
2,30,38,LinearSubgradientAuction,0.05,0.08,,True,,1000,3600,cats_reg_g30b150,,default,2,False,CATS,150,regions,MultiMinded,1000,MaxIter,1561.8199999999997,2067.4249,5,1460.04,478.96600000000001,620.0099,2085.7006964594812,530.74010273960903,558.73995522922291,1,29,7,2280,3412
3,30,36,LinearSubgradientAuction,0.05,0.08,,True,,1000,3600,cats_reg_g30b150,,default,2,False,CATS,150,regions,MultiMinded,1000,MaxIter,1416.0699999999997,2226.2472000000002,3,1961.0,494.50999999999999,204.8765,2227.6216294452092,60.471948694807637,91.169342680810786,1,28,25,2124,3162
4,30,38,LinearSubgradientAuction,0.05,0.08,,True,,1000,3600,cats_reg_g30b150,,default,2,False,CATS,150,regions,MultiMinded,105,Balance,166.97999999999956,2004.9491999999998,11,1505.7,557.86300000000006,2004.9491999999998,1918.6248674676572,1611.8002174676567,1698.1245499999993,1,30,0,2318,3488
5,30,35,LinearSubgradientAuction,0.05,0.08,,True,,1000,3600,cats_reg_g30b150,,default,2,False,CATS,150,regions,MultiMinded,1000,MaxIter,1446.989999999998,1864.626,2,1703.97,505.12049999999999,545.169,1867.8421208779034,84.54674547559452,93.302485410161395,1,30,27,2135,3215
6,30,35,LinearSubgradientAuction,0.05,0.08,,True,,1000,3600,cats_reg_g30b150,,default,2,False,CATS,150,regions,MultiMinded,1000,MaxIter,1411.119999999999,2116.0368,9,1959.83,614.52500000000009,1577.3978000000002,2261.1432554491826,1416.639868380779,1417.283525227758,1,29,32,2100,3145
7,30,35,LinearSubgradientAuction,0.05,0.08,,True,,1000,3600,cats_reg_g30b150,,default,2,False,CATS,150,regions,MultiMinded,273,Balance,392.8700000000026,2031.9575,6,1330.11,558.39999999999998,2031.9575,1984.2152489663374,1816.6952489663372,1883.7421700501659,1,30,3,2135,3215
8,30,35,LinearSubgradientAuction,0.05,0.08,,True,,1000,3600,cats_reg_g30b150,,default,2,False,CATS,150,regions,MultiMinded,1000,MaxIter,1446.0099999999984,2027.57669,6,1379.5,642.28750000000002,592.6056900000001,1962.7745607218653,257.00324512978159,390.9578524482319,1,30,20,2135,3215
9,30,36,LinearSubgradientAuction,0.05,0.08,,True,,1000,3600,cats_reg_g30b150,,default,2,False,CATS,150,regions,MultiMinded,1000,MaxIter,1412.1900000000023,1859.5272999999997,6,1542.29,443.88650000000001,479.2896,1821.7551904342674,336.94856915311436,424.16775695559477,1,28,23,2124,3162
10,30,34,LinearSubgradientAuction,0.05,0.08,,True,,1000,3600,cats_reg_g30b150,,default,2,False,CATS,150,regions,MultiMinded,1000,MaxIter,1392.4399999999987,2566.974,4,2112.56,626.02300000000002,1574.931,2608.3990629393056,1402.7331306361039,1484.7202690684667,1,29,12,2040,3056
11,30,36,LinearSubgradientAuction,0.05,0.08,,True,,1000,3600,cats_reg_g30b150,,default,2,False,CATS,150,regions,MultiMinded,159,Balance,234.7400000000016,2431.6115,4,2098.81,721.22149999999999,2431.6115,2349.2876506481371,2205.0433506481372,2319.9207501941319,1,30,7,2196,3306
12,30,32,LinearSubgradientAuction,0.05,0.08,,True,,1000,3600,cats_reg_g30b150,,default,2,False,CATS,150,regions,MultiMinded,1000,MaxIter,1310.6599999999999,1865.81568,4,1645.15,855.13049999999998,217.31878,2014.1741173639687,51.884951994708331,99.769937179738776,1,30,27,1952,2942
13,30,35,LinearSubgradientAuction,0.05,0.08,,True,,1000,3600,cats_reg_g30b150,,default,2,False,CATS,150,regions,MultiMinded,1000,MaxIter,1456.8100000000013,1773.5022000000001,7,1494.31,678.60900000000004,921.3965000000001,1843.2163235815879,709.92104940290551,763.74842475319781,1,30,17,2135,3215
14,30,32,LinearSubgradientAuction,0.05,0.08,,True,,1000,3600,cats_reg_g30b150,,default,2,False,CATS,150,regions,MultiMinded,1000,MaxIter,1314.2100000000028,1980.1873000000003,4,1559.99,631.08900000000006,686.1447000000001,1966.9451753567892,493.62454418426137,592.95535087772703,1,30,20,1952,2942
15,30,36,LinearSubgradientAuction,0.05,0.08,,True,,1000,3600,cats_reg_g30b150,,default,2,False,CATS,150,regions,MultiMinded,77,Balance,111.2400000000016,2512.4141000000004,3,2312.23,781.00699999999995,2512.4141000000004,2409.1593245937552,2292.0082745937552,2399.009061384626,1,29,3,2160,3234
16,30,34,LinearSubgradientAuction,0.05,0.08,,True,,1000,3600,cats_reg_g30b150,,default,2,False,CATS,150,regions,MultiMinded,1000,MaxIter,1352.9100000000035,1929.452,9,1789.44,584.255,1325.2892000000002,1932.229645775114,1097.6414075944951,1183.90025264521,1,28,16,2006,2988
17,30,33,LinearSubgradientAuction,0.05,0.08,,True,,1000,3600,cats_reg_g30b150,,default,2,False,CATS,150,regions,MultiMinded,442,Balance,612.1599999999999,1934.7395999999999,7,1626.95,730.93200000000002,1934.7395999999999,1897.1942178628669,1676.6200293474953,1738.6743425202824,1,30,41,2013,3033
18,30,34,LinearSubgradientAuction,0.05,0.08,,True,,1000,3600,cats_reg_g30b150,,default,2,False,CATS,150,regions,MultiMinded,1000,MaxIter,1389.630000000001,2504.1384,5,1818.33,781.33600000000001,2297.8333000000002,2438.8753176913797,276.43951181499818,361.88062991885539,1,29,9,2040,3056
19,30,36,LinearSubgradientAuction,0.05,0.08,,True,,1000,3600,cats_reg_g30b150,,default,2,False,CATS,150,regions,MultiMinded,341,Balance,485.3700000000026,2560.7110000000002,11,1508.06,549.71399999999994,2560.7110000000002,2249.3609961941852,2001.9896961941859,2318.6541962038077,1,28,6,2124,3162
20,30,37,LinearSubgradientAuction,0.05,0.08,,True,,1000,3600,cats_reg_g30b150,,default,2,False,CATS,150,regions,MultiMinded,1000,MaxIter,1537.2599999999984,1801.7813999999998,6,1490.47,395.125,634.9834999999999,1828.834240018029,234.62873967544289,275.18470572850288,1,30,23,2257,3397
21,30,33,LinearSubgradientAuction,0.05,0.08,,True,,1000,3600,cats_reg_g30b150,,default,2,False,CATS,150,regions,MultiMinded,1000,MaxIter,1384.579999999998,1553.7635,3,1374.19,778.39550000000008,304.9535,1689.685568268118,90.872543683951051,110.31394999999999,1,30,27,2013,3033
22,30,38,LinearSubgradientAuction,0.05,0.08,,True,,1000,3600,cats_reg_g30b150,,default,2,False,CATS,150,regions,MultiMinded,1000,MaxIter,1554.3700000000026,2312.252,3,2123.59,638.69949999999994,313.497,2396.8282049162931,249.61948673155314,262.31054259070908,1,29,24,2280,3412
23,30,38,LinearSubgradientAuction,0.05,0.08,,True,,1000,3600,cats_reg_g30b150,,default,2,False,CATS,150,regions,MultiMinded,153,Balance,237.65000000000146,2354.8725,8,1818.1,597.00800000000004,2354.8725,2181.5502936851303,1980.9260144683144,2181.827404302519,1,29,7,2280,3412
24,30,35,LinearSubgradientAuction,0.05,0.08,,True,,1000,3600,cats_reg_g30b150,,default,2,False,CATS,150,regions,MultiMinded,1000,MaxIter,1444.7899999999972,1892.4884,10,1241.36,538.58849999999995,1273.1014,1896.7310121936241,1016.2973135012057,1133.3450721398478,1,30,39,2135,3215
25,30,33,LinearSubgradientAuction,0.05,0.08,,True,,1000,3600,cats_reg_g30b150,,default,2,False,CATS,150,regions,MultiMinded,1000,MaxIter,1381.4699999999975,1741.0822999999998,4,1538.41,861.41849999999999,349.36330000000004,1788.7257705133936,48.441672096307229,103.38884074566361,1,30,26,2013,3033
26,30,34,LinearSubgradientAuction,0.05,0.08,,True,,1000,3600,cats_reg_g30b150,,default,2,False,CATS,150,regions,MultiMinded,1000,MaxIter,1382.0099999999984,2008.668,5,1919.5,424.82100000000003,1215.9813999999997,2041.3110583088815,192.41833576485647,271.66469270522009,1,29,23,2040,3056
27,30,32,LinearSubgradientAuction,0.05,0.08,,True,,1000,3600,cats_reg_g30b150,,default,2,False,CATS,150,regions,MultiMinded,1000,MaxIter,1242.9399999999987,2175.2061,8,1890.21,644.31150000000002,977.5279,2290.9263552057018,936.98668236025651,937.39059466075776,1,28,32,1888,2814
28,30,37,LinearSubgradientAuction,0.05,0.08,,True,,1000,3600,cats_reg_g30b150,,default,2,False,CATS,150,regions,MultiMinded,1000,MaxIter,1510.9400000000023,2040.43179,6,1615.6,517.23699999999997,1554.4926,1994.5259892134941,150.67808089557718,239.42316423729005,1,29,25,2220,3323
29,30,33,LinearSubgradientAuction,0.05,0.08,,True,,1000,3600,cats_reg_g30b150,,default,2,False,CATS,150,regions,MultiMinded,1000,MaxIter,1375.869999999999,2111.632,4,1854.64,708.57899999999995,419.82399999999996,2216.1530025916027,101.87824553190156,183.50709273814516,1,30,25,2013,3033
30,30,35,LinearSubgradientAuction,0.05,0.08,,True,,1000,3600,cats_reg_g30b150,,default,2,False,CATS,150,regions,MultiMinded,1000,MaxIter,1410.4300000000003,2323.0769999999998,8,1594.17,462.18150000000003,1912.7302000000002,2117.608032676731,1503.984203991673,1760.0590701274584,1,29,11,2100,3145
31,30,34,LinearSubgradientAuction,0.05,0.08,,True,,1000,3600,cats_reg_g30b150,,default,2,False,CATS,150,regions,MultiMinded,235,Balance,312.97000000000116,2659.4860000000003,7,2167.09,585.07799999999997,2659.4860000000003,2552.4373820547285,2380.0374369423707,2515.9431476276609,1,28,3,2006,2988
32,30,37,LinearSubgradientAuction,0.05,0.08,,True,,1000,3600,cats_reg_g30b150,,default,2,False,CATS,150,regions,MultiMinded,1000,MaxIter,1531.8600000000006,1999.8556999999998,3,1545.46,522.50199999999995,987.3172,2018.7683949862082,69.718203409317312,91.503004429468533,1,30,27,2257,3397
33,30,37,LinearSubgradientAuction,0.05,0.08,,True,,1000,3600,cats_reg_g30b150,,default,2,False,CATS,150,regions,MultiMinded,1000,MaxIter,1495.3300000000017,1805.9524000000001,8,1582.17,487.50400000000002,777.1176,1699.0590839610145,532.48865241728708,676.74031389886886,1,29,24,2220,3323
34,30,39,LinearSubgradientAuction,0.05,0.08,,True,,1000,3600,cats_reg_g30b150,,default,2,False,CATS,150,regions,MultiMinded,1000,MaxIter,1633.6800000000003,1983.6001999999999,6,1564.76,623.41200000000003,950.214,2035.4111418971077,801.39911349230624,819.78404283315547,1,30,19,2379,3579
35,30,38,LinearSubgradientAuction,0.05,0.08,,True,,1000,3600,cats_reg_g30b150,,default,2,False,CATS,150,regions,MultiMinded,1000,MaxIter,1557.239999999998,2341.4052,8,1755.59,637.298,1763.6758,2374.716198125072,1471.8050164567892,1543.8849072152868,1,29,4,2280,3412
36,30,33,LinearSubgradientAuction,0.05,0.08,,True,,1000,3600,cats_reg_g30b150,,default,2,False,CATS,150,regions,MultiMinded,1000,MaxIter,1376.0200000000004,2136.9992,3,1693.26,587.83249999999998,1276.95,2194.2607790070756,586.81777570625877,637.09225263055782,1,30,21,2013,3033
37,30,34,LinearSubgradientAuction,0.05,0.08,,True,,1000,3600,cats_reg_g30b150,,default,2,False,CATS,150,regions,MultiMinded,1000,MaxIter,1396.5499999999993,1991.3467,8,1812.59,701.23299999999995,1656.098,2043.7872233744799,1407.923619749552,1484.4105428308542,1,30,24,2074,3124
38,30,40,LinearSubgradientAuction,0.05,0.08,,True,,1000,3600,cats_reg_g30b150,,default,2,False,CATS,150,regions,MultiMinded,137,Balance,223.41999999999825,2724.0288,6,2153.9,576.38300000000004,2724.0288,2554.3652515119411,2410.2695015119416,2579.9330500000005,1,29,0,2400,3590
39,30,30,LinearSubgradientAuction,0.05,0.08,,True,,1000,3600,cats_reg_g30b150,,default,2,False,CATS,150,regions,MultiMinded,1000,MaxIter,1225.9500000000007,1968.0602,1,1918.66,764.726,247.624,2068.8763923543256,0,105.97138308015752,1,30,24,1830,2760
40,30,33,LinearSubgradientAuction,0.05,0.08,,True,,1000,3600,cats_reg_g30b150,,default,2,False,CATS,150,regions,MultiMinded,97,Balance,130.95000000000073,1942.0583000000001,3,1674.34,688.69799999999998,1942.0583000000001,1914.6756288954341,1811.3709288954342,1840.9217033488969,1,30,14,2013,3033
41,30,35,LinearSubgradientAuction,0.05,0.08,,True,,1000,3600,cats_reg_g30b150,,default,2,False,CATS,150,regions,MultiMinded,1000,MaxIter,1433.739999999998,1877.7214099999999,5,1423.29,646.35299999999995,585.8544999999999,1936.5036781864505,416.87456343228479,422.88917636067401,1,30,18,2135,3215
42,30,32,LinearSubgradientAuction,0.05,0.08,,True,,1000,3600,cats_reg_g30b150,,default,2,False,CATS,150,regions,MultiMinded,1000,MaxIter,1320.4400000000023,2111.841,3,1703.5,646.17399999999998,1849.493,2249.1720339946614,1706.8599797567881,1741.2813557844047,1,30,5,1952,2942
43,30,40,LinearSubgradientAuction,0.05,0.08,,True,,1000,3600,cats_reg_g30b150,,default,2,False,CATS,150,regions,MultiMinded,788,Balance,1296.5700000000033,2446.7208,6,1927.69,685.90899999999999,2446.7208,2280.9441390060697,2109.4668890060698,2275.2435500000001,1,29,0,2400,3590
44,30,35,LinearSubgradientAuction,0.05,0.08,,True,,1000,3600,cats_reg_g30b150,,default,2,False,CATS,150,regions,MultiMinded,1000,MaxIter,1451.479999999996,1711.1515999999997,5,1299.51,651.40899999999999,982.8138999999999,1671.3388626447352,774.7053157488881,870.43792067304264,1,30,15,2135,3215
45,30,38,LinearSubgradientAuction,0.05,0.08,,True,,1000,3600,cats_reg_g30b150,,default,2,False,CATS,150,regions,MultiMinded,1000,MaxIter,1560.1100000000006,2034.5094,4,1828.07,742.07299999999998,247.9929,2069.6436246734575,0.0,26.455825719049198,1,29,26,2280,3412
46,30,31,LinearSubgradientAuction,0.05,0.08,,True,,1000,3600,cats_reg_g30b150,,default,2,False,CATS,150,regions,MultiMinded,88,Balance,109.61999999999898,2564.0325000000003,4,2373.4,807.26099999999997,2564.0325000000003,2528.3948602208079,2390.4367300826798,2431.9611037082041,1,30,2,1891,2851
47,30,37,LinearSubgradientAuction,0.05,0.08,,True,,1000,3600,cats_reg_g30b150,,default,2,False,CATS,150,regions,MultiMinded,1000,MaxIter,1535.9299999999967,2233.1322,7,1669.44,664.97900000000004,814.9872,2081.0326748795414,242.54073769865536,426.11328184824492,1,30,22,2257,3397
48,30,35,LinearSubgradientAuction,0.05,0.08,,True,,1000,3600,cats_reg_g30b150,,default,2,False,CATS,150,regions,MultiMinded,1000,MaxIter,1445.8100000000013,2069.4358,8,1826.01,556.24350000000004,1683.2498,2094.2358809480861,1436.5672981987723,1526.4397231126384,1,30,12,2135,3215
49,30,30,LinearSubgradientAuction,0.05,0.08,,True,,1000,3600,cats_reg_g30b150,,default,2,False,CATS,150,regions,MultiMinded,1000,MaxIter,1235.880000000001,1979.7895999999998,6,1594.07,673.82600000000002,1472.6369999999997,1981.9282501127072,1229.0754168158492,1341.1597584798262,1,30,8,1830,2760
50,30,33,LinearSubgradientAuction,0.05,0.08,,True,,1000,3600,cats_reg_g30b150,,default,2,False,CATS,150,regions,MultiMinded,1000,MaxIter,1314.2800000000025,2110.6722999999997,6,1335.35,460.47550000000001,1377.5393,2111.5233448466583,327.28498851339208,461.79243621810485,1,29,13,1980,2967
51,30,37,LinearSubgradientAuction,0.05,0.08,,True,,1000,3600,cats_reg_g30b150,,default,2,False,CATS,150,regions,MultiMinded,1000,MaxIter,1435.520000000004,2245.4244000000003,7,1882.26,597.73699999999997,696.0645,2275.966143308206,586.33662595464591,615.47154626830218,1,27,31,2146,3175
52,30,32,LinearSubgradientAuction,0.05,0.08,,True,,1000,3600,cats_reg_g30b150,,default,2,False,CATS,150,regions,MultiMinded,154,Balance,197.8299999999981,1756.6213,7,1409.87,556.45500000000004,1756.6213,1650.5614380529369,1481.4015549557589,1598.5596989359492,1,29,21,1920,2878
53,30,34,LinearSubgradientAuction,0.05,0.08,,True,,1000,3600,cats_reg_g30b150,,default,2,False,CATS,150,regions,MultiMinded,1000,MaxIter,1377.869999999999,2325.6629000000003,5,1796.97,570.23000000000002,1711.6264,2250.3091606157132,165.71591954764494,322.11233418961524,1,29,26,2040,3056
54,30,37,LinearSubgradientAuction,0.05,0.08,,True,,1000,3600,cats_reg_g30b150,,default,2,False,CATS,150,regions,MultiMinded,478,Balance,734.1900000000023,2355.424,7,2152.9,670.553,2355.424,2333.8246283560702,2129.0572647036274,2170.3615534548103,1,30,18,2257,3397
55,30,33,LinearSubgradientAuction,0.05,0.08,,True,,1000,3600,cats_reg_g30b150,,default,2,False,CATS,150,regions,MultiMinded,1000,MaxIter,1373.2099999999991,2078.1524999999997,10,1352.37,548.28150000000005,897.5125,2088.518945067935,668.04306869820152,691.1318383998979,1,30,8,2013,3033
56,30,39,LinearSubgradientAuction,0.05,0.08,,True,,1000,3600,cats_reg_g30b150,,default,2,False,CATS,150,regions,MultiMinded,1000,MaxIter,1598.5400000000009,1893.3772000000004,6,1498.24,591.42200000000003,1309.5862000000002,1843.1993357831248,521.75259796085822,611.30969491890858,1,29,13,2340,3501
57,30,36,LinearSubgradientAuction,0.05,0.08,,True,,1000,3600,cats_reg_g30b150,,default,2,False,CATS,150,regions,MultiMinded,1000,MaxIter,1477.270000000004,1899.5301999999997,3,1604.44,621.16750000000002,428.71790000000004,1948.8154456534185,48.948457309527754,84.896132030208378,1,30,23,2196,3306
58,30,36,LinearSubgradientAuction,0.05,0.08,,True,,1000,3600,cats_reg_g30b150,,default,2,False,CATS,150,regions,MultiMinded,1000,MaxIter,1514.7300000000032,2429.6093,7,2057.42,832.86300000000006,745.2002,2376.0644747065135,412.20306912840692,516.08474147174707,1,30,5,2196,3306
59,30,39,LinearSubgradientAuction,0.05,0.08,,True,,1000,3600,cats_reg_g30b150,,default,2,False,CATS,150,regions,MultiMinded,1000,MaxIter,1643.8499999999985,2064.9126,4,1772.9,622.28800000000001,1226.0686,2036.9569830349019,223.28384745379878,340.97000536425497,1,30,17,2379,3579
60,30,35,LinearSubgradientAuction,0.05,0.08,,True,,1000,3600,cats_reg_g30b150,,default,2,False,CATS,150,regions,MultiMinded,1000,MaxIter,1397.8300000000017,1956.0875,4,1842.74,450.80399999999997,441.66890000000006,1933.0912987094466,275.00925225468052,337.51955261707633,1,28,22,2065,3075
61,30,37,LinearSubgradientAuction,0.05,0.08,,True,,1000,3600,cats_reg_g30b150,,default,2,False,CATS,150,regions,MultiMinded,1000,MaxIter,1545.989999999998,1951.6029999999998,10,1560.47,530.9905,1521.5575999999996,1977.0476352073226,1293.8507873415972,1340.5433943742557,1,30,32,2257,3397
62,30,34,LinearSubgradientAuction,0.05,0.08,,True,,1000,3600,cats_reg_g30b150,,default,2,False,CATS,150,regions,MultiMinded,476,Balance,667.9700000000012,1978.0167,6,1737.89,582.94900000000007,1978.0167,1909.7551420569291,1734.8704420569295,1810.1836647201692,1,30,7,2074,3124
63,30,30,LinearSubgradientAuction,0.05,0.08,,True,,1000,3600,cats_reg_g30b150,,default,2,False,CATS,150,regions,MultiMinded,208,Balance,251.3399999999965,2547.4234,6,1821.34,869.476,2547.4234,2492.1740925655531,2277.8094286078745,2356.0628966960694,1,30,16,1830,2760
64,30,34,LinearSubgradientAuction,0.05,0.08,,True,,1000,3600,cats_reg_g30b150,,default,2,False,CATS,150,regions,MultiMinded,1000,MaxIter,1403.5900000000038,2427.9729,12,1844.14,792.92899999999997,1366.6161,2431.120779046164,959.04739843626555,1067.1285347081334,1,30,38,2074,3124
65,30,36,LinearSubgradientAuction,0.05,0.08,,True,,1000,3600,cats_reg_g30b150,,default,2,False,CATS,150,regions,MultiMinded,1000,MaxIter,1450.3300000000017,2209.3287,13,1779.98,732.52250000000004,1519.3197,2288.6122904727181,1211.5484547423393,1283.4226328101477,1,29,59,2160,3234
66,30,30,LinearSubgradientAuction,0.05,0.08,,True,,1000,3600,cats_reg_g30b150,,default,2,False,CATS,150,regions,MultiMinded,152,Balance,182.72999999999593,2387.3904,3,2290.03,553.03500000000008,2387.3904,2324.2700408609057,2263.255089999016,2335.6671747821338,1,29,3,1800,2700
67,30,41,LinearSubgradientAuction,0.05,0.08,,True,,1000,3600,cats_reg_g30b150,,default,2,False,CATS,150,regions,MultiMinded,1000,MaxIter,1637.0299999999988,2130.5865999999996,6,1569.3,447.20299999999997,1098.0746000000001,2102.4916211008122,868.33889936134722,1010.8330264675125,1,28,15,2419,3597
68,30,34,LinearSubgradientAuction,0.05,0.08,,True,,1000,3600,cats_reg_g30b150,,default,2,False,CATS,150,regions,MultiMinded,1000,MaxIter,1407.8300000000017,1871.0335999999998,4,1491.62,623.48450000000003,700.5295,1880.0815094741704,480.93636376953339,532.71159885689235,1,30,19,2074,3124
69,30,34,LinearSubgradientAuction,0.05,0.08,,True,,1000,3600,cats_reg_g30b150,,default,2,False,CATS,150,regions,MultiMinded,265,Balance,368.8600000000006,2248.1536,8,1918.69,909.28949999999998,2248.1536,2168.3480814979321,1858.5759779475122,1947.8780312950541,1,29,7,2040,3056
70,30,32,LinearSubgradientAuction,0.05,0.08,,True,,1000,3600,cats_reg_g30b150,,default,2,False,CATS,150,regions,MultiMinded,1000,MaxIter,1310.260000000002,2074.3614,2,1794.89,671.03600000000006,192.2822,2090.8619877763117,40.803000592699739,116.15795995999699,1,30,24,1952,2942
71,30,30,LinearSubgradientAuction,0.05,0.08,,True,,1000,3600,cats_reg_g30b150,,default,2,False,CATS,150,regions,MultiMinded,1000,MaxIter,1205.560000000005,2107.4125,4,1919.92,672.68100000000004,790.563,2202.9628367483401,374.27160465435259,465.87091829396087,1,29,17,1800,2700
72,30,35,LinearSubgradientAuction,0.05,0.08,,True,,1000,3600,cats_reg_g30b150,,default,2,False,CATS,150,regions,MultiMinded,1000,MaxIter,1418.9900000000052,1946.4843000000003,7,1216.53,554.09649999999999,936.6323000000001,1962.2136050486438,695.58513692973486,822.50093172746438,1,29,18,2100,3145
73,30,35,LinearSubgradientAuction,0.05,0.08,,True,,1000,3600,cats_reg_g30b150,,default,2,False,CATS,150,regions,MultiMinded,1000,MaxIter,1447.6800000000003,1852.6272999999999,8,1445.38,663.03899999999999,1344.9629999999997,1897.4667784502797,793.61609418563307,867.00167496430481,1,30,12,2135,3215
74,30,31,LinearSubgradientAuction,0.05,0.08,,True,,1000,3600,cats_reg_g30b150,,default,2,False,CATS,150,regions,MultiMinded,1000,MaxIter,1280.300000000003,2020.0417,5,1744.34,781.83899999999994,1542.2633999999998,2125.5765495216638,436.30455733386412,487.05019275052473,1,30,13,1891,2851
75,30,39,LinearSubgradientAuction,0.05,0.08,,True,,1000,3600,cats_reg_g30b150,,default,2,False,CATS,150,regions,MultiMinded,1000,MaxIter,1624.2900000000009,2549.9302,5,1890.83,637.39099999999996,1010.2348,2575.7094062608444,155.83373179258876,241.18015791088379,1,30,26,2379,3579
76,30,36,LinearSubgradientAuction,0.05,0.08,,True,,1000,3600,cats_reg_g30b150,,default,2,False,CATS,150,regions,MultiMinded,1000,MaxIter,1502.729999999996,1970.4382,10,1633.82,405.01099999999997,1207.1755,2060.973688564397,1100.9266092477271,1111.9581015616611,1,30,47,2196,3306
77,30,34,LinearSubgradientAuction,0.05,0.08,,True,,1000,3600,cats_reg_g30b150,,default,2,False,CATS,150,regions,MultiMinded,1000,MaxIter,1410.8599999999933,1646.3148,1,1576.38,831.28949999999998,235.187,1656.7576683281598,0,11.180317787631051,1,30,26,2074,3124
78,30,34,LinearSubgradientAuction,0.05,0.08,,True,,1000,3600,cats_reg_g30b150,,default,2,False,CATS,150,regions,MultiMinded,1000,MaxIter,1395.260000000002,2412.1546,10,1881.66,768.41550000000007,1152.2026,2515.6419834351045,896.2526110043425,983.82373967211686,1,29,41,2040,3056
79,30,29,LinearSubgradientAuction,0.05,0.08,,True,,1000,3600,cats_reg_g30b150,,default,2,False,CATS,150,regions,MultiMinded,1000,MaxIter,1175.8300000000017,2267.359,4,2060.3,919.01300000000003,1767.836,2345.0545353776388,260.41851461676316,333.73692602038477,1,30,23,1769,2669
80,30,37,LinearSubgradientAuction,0.05,0.08,,True,,1000,3600,cats_reg_g30b150,,default,2,False,CATS,150,regions,MultiMinded,1000,MaxIter,1502.6399999999994,2112.5864,7,1592.54,576.49599999999998,816.6474,2147.2286191227699,669.72548476460747,714.29841195980248,1,29,26,2220,3323
81,30,33,LinearSubgradientAuction,0.05,0.08,,True,,1000,3600,cats_reg_g30b150,,default,2,False,CATS,150,regions,MultiMinded,1000,MaxIter,1373.2000000000044,1652.215,3,1316.69,725.81600000000003,623.344,1754.163670120399,537.19930349974879,559.49741181308764,1,30,21,2013,3033
82,30,35,LinearSubgradientAuction,0.05,0.08,,True,,1000,3600,cats_reg_g30b150,,default,2,False,CATS,150,regions,MultiMinded,1000,MaxIter,1444.3799999999974,2109.0315,5,1900.31,619.13249999999994,679.4178999999999,2250.9491006363933,146.10112152858969,234.65882052963877,1,30,20,2135,3215
83,30,32,LinearSubgradientAuction,0.05,0.08,,True,,1000,3600,cats_reg_g30b150,,default,2,False,CATS,150,regions,MultiMinded,141,Balance,183.65000000000146,2576.43019,8,2027.96,1059.6700000000001,2571.7672000000002,2529.7554465526946,2167.0668350473934,2302.1762844233863,1,30,41,1952,2942
84,30,34,LinearSubgradientAuction,0.05,0.08,,True,,1000,3600,cats_reg_g30b150,,default,2,False,CATS,150,regions,MultiMinded,1000,MaxIter,1410.300000000003,1983.6759000000002,13,1485.27,650.14099999999996,1424.9531000000002,2075.292474625679,1116.3708729441428,1146.2520715009568,1,30,32,2074,3124
85,30,33,LinearSubgradientAuction,0.05,0.08,,True,,1000,3600,cats_reg_g30b150,,default,2,False,CATS,150,regions,MultiMinded,309,Balance,410.9699999999939,1650.3177,5,1136.81,534.83399999999995,1650.3177,1640.5696211083145,1506.8611211083144,1525.4909643800554,1,29,9,1980,2967
86,30,37,LinearSubgradientAuction,0.05,0.08,,True,,1000,3600,cats_reg_g30b150,,default,2,False,CATS,150,regions,MultiMinded,126,Balance,191.54000000000087,2073.2363,5,1605.13,504.47649999999999,2073.2363,1935.6570467798761,1809.5379217798761,1962.9787938252957,1,30,10,2257,3397
87,30,34,LinearSubgradientAuction,0.05,0.08,,True,,1000,3600,cats_reg_g30b150,,default,2,False,CATS,150,regions,MultiMinded,1000,MaxIter,1392.9199999999983,2161.5317,5,1611.82,461.19499999999999,809.6777000000001,2225.6908555780101,571.17457782640429,671.72932755394345,1,29,18,2040,3056
88,30,35,LinearSubgradientAuction,0.05,0.08,,True,,1000,3600,cats_reg_g30b150,,default,2,False,CATS,150,regions,MultiMinded,1000,MaxIter,1433.0,1960.6723,5,1579.4,529.16499999999996,317.1131,1923.1448037587331,191.52707516913782,263.2103444646915,1,30,23,2135,3215
89,30,40,LinearSubgradientAuction,0.05,0.08,,True,,1000,3600,cats_reg_g30b150,,default,2,False,CATS,150,regions,MultiMinded,95,Balance,148.6800000000003,2103.4608,12,1324.86,455.78500000000003,2103.4608,1782.5015714639301,1577.3983214639297,1898.3575499999997,1,27,0,2320,3430
90,30,36,LinearSubgradientAuction,0.05,0.08,,True,,1000,3600,cats_reg_g30b150,,default,2,False,CATS,150,regions,MultiMinded,871,Balance,1271.0699999999997,2252.2093,8,1749.09,686.99800000000005,2252.2093,2125.7801679768972,1928.3566218697331,2070.4544166071901,1,29,4,2160,3234
91,30,37,LinearSubgradientAuction,0.05,0.08,,True,,1000,3600,cats_reg_g30b150,,default,2,False,CATS,150,regions,MultiMinded,1000,MaxIter,1504.6800000000003,2533.4677,9,1557.05,605.50300000000004,1914.968,2289.259329348818,641.65578970333161,917.45614396182486,1,29,11,2220,3323
92,30,37,LinearSubgradientAuction,0.05,0.08,,True,,1000,3600,cats_reg_g30b150,,default,2,False,CATS,150,regions,MultiMinded,571,Balance,875.6100000000006,2087.0795,10,1557.29,467.12700000000001,2087.0795,2033.779760941791,1800.5376903226213,1879.678848623216,1,30,15,2257,3397
93,30,34,LinearSubgradientAuction,0.05,0.08,,True,,1000,3600,cats_reg_g30b150,,default,2,False,CATS,150,regions,MultiMinded,1000,MaxIter,1384.5699999999997,2220.4165999999996,5,1477.09,531.97949999999992,803.0507,2139.2439275158335,453.71570670978411,565.89534293377051,1,30,21,2074,3124
94,30,33,LinearSubgradientAuction,0.05,0.08,,True,,1000,3600,cats_reg_g30b150,,default,2,False,CATS,150,regions,MultiMinded,1000,MaxIter,1306.8300000000017,2089.1439,8,1850.23,583.02999999999997,1750.9089000000001,2052.8399482834675,1486.7588063568601,1644.6031634012988,1,28,19,1947,2901
95,30,36,LinearSubgradientAuction,0.05,0.08,,True,,1000,3600,cats_reg_g30b150,,default,2,False,CATS,150,regions,MultiMinded,1000,MaxIter,1488.2900000000009,2218.1557,10,1747.55,732.99250000000006,1145.9017,2285.4526700674937,904.96306010352032,941.71916495620474,1,30,34,2196,3306
96,30,33,LinearSubgradientAuction,0.05,0.08,,True,,1000,3600,cats_reg_g30b150,,default,2,False,CATS,150,regions,MultiMinded,1000,MaxIter,1323.9599999999991,1873.9284000000002,4,1690.89,555.43200000000002,381.75149999999996,1933.0015318308092,148.35439922997352,178.31181304096518,1,29,24,1980,2967
97,30,37,LinearSubgradientAuction,0.05,0.08,,True,,1000,3600,cats_reg_g30b150,,default,2,False,CATS,150,regions,MultiMinded,179,Balance,266.9799999999959,1853.4531000000002,11,1334.16,635.36699999999996,1853.4531000000002,1758.7598422867254,1460.0418451559922,1570.7056479149423,1,29,16,2220,3323
98,30,36,LinearSubgradientAuction,0.05,0.08,,True,,1000,3600,cats_reg_g30b150,,default,2,False,CATS,150,regions,MultiMinded,185,Balance,271.8399999999965,2779.0163,8,2131.76,620.35799999999995,2779.0163,2740.6210214249659,2492.4778214249664,2541.2779423297261,1,30,4,2196,3306
99,30,37,LinearSubgradientAuction,0.05,0.08,,True,,1000,3600,cats_reg_g30b150,,default,2,False,CATS,150,regions,MultiMinded,1000,MaxIter,1475.5899999999965,2286.8288000000002,6,1573.72,543.00099999999998,2180.7238,2273.8135603877063,1984.3984067149131,2101.7742488300182,1,28,10,2183,3249
100,30,32,LinearSubgradientAuction,0.05,0.08,,True,,1000,3600,cats_reg_g30b150,,default,2,False,CATS,150,regions,MultiMinded,336,Balance,443.4100000000035,1906.0085,11,1496.95,591.39400000000001,1906.0085,1818.5292457388693,1540.3675471961815,1705.7194128266176,1,30,73,1952,2942
