idx,items,agents,auction_class,epsilon,stepc,epoch,scalebyvalue,reserve_type,maxiter,maxtime,generator_param_name,personalized,bidding_strategy,heuristic_pool_num,int_prices,generator,bids,distribution,type,rounds,status,runtime,efficient_value,final_num_winners,final_max_agent_value,final_scalevalue,final_value,final_total_price,final_revenue,final_indirect_util,final_price_degree,final_price_sparsity,final_imbalance,final_wd_nvars,final_wd_ncons
1,30,36,LinearSubgradientAuction,0.05,0.04,,True,,1000,3600,cats_reg_g30b150,,heuristic,2,False,CATS,150,regions,MultiMinded,1000,MaxIter,1492.449999999997,2502.8085,11,1712.02,630.28700000000003,1397.6945,2317.8757486803188,312.19959225247675,560.91579640164127,1,30,18,2196,3306
2,30,38,LinearSubgradientAuction,0.05,0.04,,True,,1000,3600,cats_reg_g30b150,,heuristic,2,False,CATS,150,regions,MultiMinded,1000,MaxIter,1569.7999999999956,2067.4249,5,1460.04,478.96600000000001,1645.6247,2171.3916474888297,1108.4980643934557,1124.8341571058156,1,30,10,2318,3488
3,30,36,LinearSubgradientAuction,0.05,0.04,,True,,1000,3600,cats_reg_g30b150,,heuristic,2,False,CATS,150,regions,MultiMinded,1000,MaxIter,1425.1500000000015,2226.2472000000002,2,1961.0,494.50999999999999,604.3342,2267.0686717420731,0.0,37.534303060784126,1,28,20,2124,3162
4,30,38,LinearSubgradientAuction,0.05,0.04,,True,,1000,3600,cats_reg_g30b150,,heuristic,2,False,CATS,150,regions,MultiMinded,1000,MaxIter,1585.2900000000009,2004.9491999999998,12,1505.7,557.86300000000006,1526.1652,1918.6670152888864,1125.2611953522344,1220.640060280939,1,30,3,2318,3488
5,30,35,LinearSubgradientAuction,0.05,0.04,,True,,1000,3600,cats_reg_g30b150,,heuristic,2,False,CATS,150,regions,MultiMinded,1000,MaxIter,1447.6100000000006,1864.626,4,1703.97,505.12049999999999,1035.4300999999998,1938.844958582406,529.04418983190419,540.48888271040778,1,30,21,2135,3215
6,30,35,LinearSubgradientAuction,0.05,0.04,,True,,1000,3600,cats_reg_g30b150,,heuristic,2,False,CATS,150,regions,MultiMinded,1000,MaxIter,1409.469999999994,2116.0368,7,1959.83,614.52500000000009,1559.7017999999998,2287.2300973669398,941.62683601173046,954.79407357096648,1,29,14,2100,3145
7,30,35,LinearSubgradientAuction,0.05,0.04,,True,,1000,3600,cats_reg_g30b150,,heuristic,2,False,CATS,150,regions,MultiMinded,1000,MaxIter,1456.0299999999988,2031.9575,6,1330.11,558.39999999999998,895.3665000000001,2066.2829620872535,713.37250393058707,833.04167348700332,1,30,20,2135,3215
8,30,35,LinearSubgradientAuction,0.05,0.04,,True,,1000,3600,cats_reg_g30b150,,heuristic,2,False,CATS,150,regions,MultiMinded,1000,MaxIter,1451.4599999999991,2027.57669,6,1379.5,642.28750000000002,592.6056900000001,2045.8407926971727,264.27747356772898,341.38691317028724,1,30,21,2135,3215
9,30,36,LinearSubgradientAuction,0.05,0.04,,True,,1000,3600,cats_reg_g30b150,,heuristic,2,False,CATS,150,regions,MultiMinded,1000,MaxIter,1461.689999999995,1859.5272999999997,7,1542.29,443.88650000000001,932.4399,1867.6159214953047,759.89314509360452,837.96053688008942,1,29,17,2160,3234
10,30,34,LinearSubgradientAuction,0.05,0.04,,True,,1000,3600,cats_reg_g30b150,,heuristic,2,False,CATS,150,regions,MultiMinded,1000,MaxIter,1392.0400000000009,2566.974,4,2112.56,626.02300000000002,1456.9660000000001,2627.1079762066902,951.51403459656899,1064.947959924601,1,30,15,2074,3124
11,30,36,LinearSubgradientAuction,0.05,0.04,,True,,1000,3600,cats_reg_g30b150,,heuristic,2,False,CATS,150,regions,MultiMinded,1000,MaxIter,1474.8300000000017,2431.6115,6,2098.81,721.22149999999999,1533.88,2476.7329153884643,649.207776109316,696.52145730037421,1,30,28,2196,3306
12,30,32,LinearSubgradientAuction,0.05,0.04,,True,,1000,3600,cats_reg_g30b150,,heuristic,2,False,CATS,150,regions,MultiMinded,1000,MaxIter,1323.2099999999991,1865.81568,4,1645.15,855.13049999999998,217.31878,2008.5232976825914,73.531547102203831,121.10851769398418,1,30,24,1952,2942
13,30,35,LinearSubgradientAuction,0.05,0.04,,True,,1000,3600,cats_reg_g30b150,,heuristic,2,False,CATS,150,regions,MultiMinded,1000,MaxIter,1453.7000000000044,1773.5022000000001,7,1494.31,678.60900000000004,1160.5453,1867.2117434454613,92.692390679191476,158.23773478631065,1,30,14,2135,3215
14,30,32,LinearSubgradientAuction,0.05,0.04,,True,,1000,3600,cats_reg_g30b150,,heuristic,2,False,CATS,150,regions,MultiMinded,1000,MaxIter,1311.939999999995,1980.1873000000003,3,1559.99,631.08900000000006,639.6857,1964.5920590377145,27.583723477415191,152.14466808300503,1,30,25,1952,2942
15,30,36,LinearSubgradientAuction,0.05,0.04,,True,,1000,3600,cats_reg_g30b150,,heuristic,2,False,CATS,150,regions,MultiMinded,62,Balance,88.90000000000146,2512.4141000000004,3,2312.23,781.00699999999995,2512.4141000000004,2403.6103574259369,2286.4593074259369,2427.3744719885854,1,29,12,2160,3234
16,30,34,LinearSubgradientAuction,0.05,0.04,,True,,1000,3600,cats_reg_g30b150,,heuristic,2,False,CATS,150,regions,MultiMinded,1000,MaxIter,1379.4300000000003,1929.452,8,1789.44,584.255,1803.3307,2063.818403548903,80.821792803194228,133.19070915965736,1,29,12,2040,3056
17,30,33,LinearSubgradientAuction,0.05,0.04,,True,,1000,3600,cats_reg_g30b150,,heuristic,2,False,CATS,150,regions,MultiMinded,1000,MaxIter,1388.2300000000032,1934.7395999999999,4,1626.95,730.93200000000002,1277.4549000000002,2030.0948625823148,524.13586934312946,545.26297137892755,1,30,16,2013,3033
18,30,34,LinearSubgradientAuction,0.05,0.04,,True,,1000,3600,cats_reg_g30b150,,heuristic,2,False,CATS,150,regions,MultiMinded,1000,MaxIter,1389.9599999999991,2504.1384,7,1818.33,781.33600000000001,1055.6974,2522.3427426903713,301.15713804078371,345.58900286321762,1,29,20,2040,3056
19,30,36,LinearSubgradientAuction,0.05,0.04,,True,,1000,3600,cats_reg_g30b150,,heuristic,2,False,CATS,150,regions,MultiMinded,464,Balance,691.8700000000026,2560.7110000000002,11,1508.06,549.71399999999994,2557.321,2301.7365419878706,2010.3881219878706,2291.712197766949,1,30,8,2196,3306
20,30,37,LinearSubgradientAuction,0.05,0.04,,True,,1000,3600,cats_reg_g30b150,,heuristic,2,False,CATS,150,regions,MultiMinded,1000,MaxIter,1544.4000000000015,1801.7813999999998,8,1490.47,395.125,1005.4243999999999,1884.2311560375406,628.33321406405082,675.74354486476659,1,30,20,2257,3397
21,30,33,LinearSubgradientAuction,0.05,0.04,,True,,1000,3600,cats_reg_g30b150,,heuristic,2,False,CATS,150,regions,MultiMinded,1000,MaxIter,1382.949999999997,1553.7635,3,1374.19,778.39550000000008,304.9535,1596.5333093088079,82.252386200531333,179.10177427571941,1,30,26,2013,3033
22,30,38,LinearSubgradientAuction,0.05,0.04,,True,,1000,3600,cats_reg_g30b150,,heuristic,2,False,CATS,150,regions,MultiMinded,1000,MaxIter,1517.5800000000017,2312.252,3,2123.59,638.69949999999994,540.3109999999999,2469.8714220122051,220.38446254611361,233.5545694882417,1,28,22,2242,3336
23,30,38,LinearSubgradientAuction,0.05,0.04,,True,,1000,3600,cats_reg_g30b150,,heuristic,2,False,CATS,150,regions,MultiMinded,1000,MaxIter,1574.3799999999974,2354.8725,8,1818.1,597.00800000000004,1496.1605,2324.1361880387249,156.20258364894752,271.11465872451168,1,30,16,2318,3488
24,30,35,LinearSubgradientAuction,0.05,0.04,,True,,1000,3600,cats_reg_g30b150,,heuristic,2,False,CATS,150,regions,MultiMinded,1000,MaxIter,1455.25,1892.4884,10,1241.36,538.58849999999995,1221.5678,2003.4103711498531,953.63613438961011,1012.3052335810179,1,30,15,2135,3215
25,30,33,LinearSubgradientAuction,0.05,0.04,,True,,1000,3600,cats_reg_g30b150,,heuristic,2,False,CATS,150,regions,MultiMinded,1000,MaxIter,1366.7900000000009,1741.0822999999998,5,1538.41,861.41849999999999,1079.4436,1804.5296373512147,346.93370057575635,421.02434436039471,1,30,11,2013,3033
26,30,34,LinearSubgradientAuction,0.05,0.04,,True,,1000,3600,cats_reg_g30b150,,heuristic,2,False,CATS,150,regions,MultiMinded,1000,MaxIter,1381.270000000004,2008.668,9,1919.5,424.82100000000003,629.5919000000001,2117.0329043201959,433.83027621284532,549.64690824957302,1,29,16,2040,3056
27,30,32,LinearSubgradientAuction,0.05,0.04,,True,,1000,3600,cats_reg_g30b150,,heuristic,2,False,CATS,150,regions,MultiMinded,1000,MaxIter,1247.060000000005,2175.2061,5,1890.21,644.31150000000002,839.6271,2390.4394395884669,749.62469225749328,757.83979013784199,1,28,14,1888,2814
28,30,37,LinearSubgradientAuction,0.05,0.04,,True,,1000,3600,cats_reg_g30b150,,heuristic,2,False,CATS,150,regions,MultiMinded,1000,MaxIter,1507.7099999999991,2040.43179,10,1615.6,517.23699999999997,1083.2837,2071.9329679117486,676.37389594570141,761.72300854890773,1,29,4,2220,3323
29,30,33,LinearSubgradientAuction,0.05,0.04,,True,,1000,3600,cats_reg_g30b150,,heuristic,2,False,CATS,150,regions,MultiMinded,1000,MaxIter,1367.9900000000052,2111.632,6,1854.64,708.57899999999995,1202.1680000000001,2221.242941238746,303.96171974060951,431.11802168603288,1,30,17,2013,3033
30,30,35,LinearSubgradientAuction,0.05,0.04,,True,,1000,3600,cats_reg_g30b150,,heuristic,2,False,CATS,150,regions,MultiMinded,1000,MaxIter,1409.3099999999977,2323.0769999999998,5,1594.17,462.18150000000003,1646.975,2219.9452793013143,759.19310791459509,1027.978100005645,1,29,11,2100,3145
31,30,34,LinearSubgradientAuction,0.05,0.04,,True,,1000,3600,cats_reg_g30b150,,heuristic,2,False,CATS,150,regions,MultiMinded,1000,MaxIter,1301.1900000000023,2659.4860000000003,7,2167.09,585.07799999999997,1875.535,2640.4969625252461,391.82105069289867,513.70924220715551,1,27,6,1972,2920
32,30,37,LinearSubgradientAuction,0.05,0.04,,True,,1000,3600,cats_reg_g30b150,,heuristic,2,False,CATS,150,regions,MultiMinded,1000,MaxIter,1532.1300000000047,1999.8556999999998,7,1545.46,522.50199999999995,1276.9132,2007.2509129014165,609.78658448656188,677.79865128995721,1,30,10,2257,3397
33,30,37,LinearSubgradientAuction,0.05,0.04,,True,,1000,3600,cats_reg_g30b150,,heuristic,2,False,CATS,150,regions,MultiMinded,1000,MaxIter,1511.760000000002,1805.9524000000001,9,1582.17,487.50400000000002,1039.7826,1809.9112498957493,207.0443493047884,371.75554434844059,1,29,14,2220,3323
34,30,39,LinearSubgradientAuction,0.05,0.04,,True,,1000,3600,cats_reg_g30b150,,heuristic,2,False,CATS,150,regions,MultiMinded,1000,MaxIter,1563.520000000004,1983.6001999999999,5,1564.76,623.41200000000003,857.298,2112.2766980119031,140.9477820292993,163.07015236123999,1,28,8,2301,3423
35,30,38,LinearSubgradientAuction,0.05,0.04,,True,,1000,3600,cats_reg_g30b150,,heuristic,2,False,CATS,150,regions,MultiMinded,1000,MaxIter,1535.5199999999968,2341.4052,9,1755.59,637.298,1475.3536,2411.5279360732661,1157.8599611223763,1293.345153682154,1,29,8,2280,3412
36,30,33,LinearSubgradientAuction,0.05,0.04,,True,,1000,3600,cats_reg_g30b150,,heuristic,2,False,CATS,150,regions,MultiMinded,1000,MaxIter,1370.510000000002,2136.9992,8,1693.26,587.83249999999998,1151.021,2260.4649901855664,972.37226021243418,1019.8387454118106,1,30,19,2013,3033
37,30,34,LinearSubgradientAuction,0.05,0.04,,True,,1000,3600,cats_reg_g30b150,,heuristic,2,False,CATS,150,regions,MultiMinded,1000,MaxIter,1389.7699999999968,1991.3467,6,1812.59,701.23299999999995,661.6414,2285.070868949429,164.77880240460263,284.05101959096544,1,30,18,2074,3124
38,30,40,LinearSubgradientAuction,0.05,0.04,,True,,1000,3600,cats_reg_g30b150,,heuristic,2,False,CATS,150,regions,MultiMinded,1000,MaxIter,1674.1000000000058,2724.0288,8,2153.9,576.38300000000004,945.8208000000001,2618.3089672305769,653.85765730145192,782.76327540814918,1,30,51,2440,3670
39,30,30,LinearSubgradientAuction,0.05,0.04,,True,,1000,3600,cats_reg_g30b150,,heuristic,2,False,CATS,150,regions,MultiMinded,1000,MaxIter,1230.550000000003,1968.0602,4,1918.66,764.726,1446.2069999999999,2050.4642130255193,1371.820388393131,1536.7171983668507,1,30,14,1830,2760
40,30,33,LinearSubgradientAuction,0.05,0.04,,True,,1000,3600,cats_reg_g30b150,,heuristic,2,False,CATS,150,regions,MultiMinded,93,Balance,126.88000000000466,1942.0583000000001,4,1674.34,688.69799999999998,1942.0583000000001,1931.9341555320229,1823.0349331818568,1839.0575120095466,1,30,2,2013,3033
41,30,35,LinearSubgradientAuction,0.05,0.04,,True,,1000,3600,cats_reg_g30b150,,heuristic,2,False,CATS,150,regions,MultiMinded,1000,MaxIter,1434.1299999999974,1877.7214099999999,6,1423.29,646.35299999999995,459.23291,1919.4978070020215,316.1961757585587,348.34324374003762,1,30,19,2135,3215
42,30,32,LinearSubgradientAuction,0.05,0.04,,True,,1000,3600,cats_reg_g30b150,,heuristic,2,False,CATS,150,regions,MultiMinded,1000,MaxIter,1317.7099999999991,2111.841,4,1703.5,646.17399999999998,597.2650000000001,2365.3170087458225,197.52878132182985,209.38668009944863,1,30,12,1952,2942
43,30,40,LinearSubgradientAuction,0.05,0.04,,True,,1000,3600,cats_reg_g30b150,,heuristic,2,False,CATS,150,regions,MultiMinded,1000,MaxIter,1654.4899999999907,2446.7208,7,1927.69,685.90899999999999,1180.1808,2233.7269824544251,418.76853145449257,639.46975487173722,1,29,20,2400,3590
44,30,35,LinearSubgradientAuction,0.05,0.04,,True,,1000,3600,cats_reg_g30b150,,heuristic,2,False,CATS,150,regions,MultiMinded,1000,MaxIter,1440.6299999999974,1711.1515999999997,7,1299.51,651.40899999999999,1008.8059000000001,1646.5627771044537,693.07672250016662,885.24508130717709,1,30,15,2135,3215
45,30,38,LinearSubgradientAuction,0.05,0.04,,True,,1000,3600,cats_reg_g30b150,,heuristic,2,False,CATS,150,regions,MultiMinded,1000,MaxIter,1577.010000000002,2034.5094,10,1828.07,742.07299999999998,1028.3396,2213.1016235295965,772.8390491113912,803.0652290356436,1,30,18,2318,3488
46,30,31,LinearSubgradientAuction,0.05,0.04,,True,,1000,3600,cats_reg_g30b150,,heuristic,2,False,CATS,150,regions,MultiMinded,74,Balance,92.19000000000233,2564.0325000000003,4,2373.4,807.26099999999997,2564.0325000000003,2546.7941456467047,2389.3463426007593,2407.8233463789966,1,29,0,1860,2789
47,30,37,LinearSubgradientAuction,0.05,0.04,,True,,1000,3600,cats_reg_g30b150,,heuristic,2,False,CATS,150,regions,MultiMinded,1000,MaxIter,1549.8899999999994,2233.1322,7,1669.44,664.97900000000004,814.9872,2126.7294262251216,256.86571939316741,403.78446603055363,1,30,22,2257,3397
48,30,35,LinearSubgradientAuction,0.05,0.04,,True,,1000,3600,cats_reg_g30b150,,heuristic,2,False,CATS,150,regions,MultiMinded,1000,MaxIter,1448.8900000000067,2069.4358,6,1826.01,556.24350000000004,744.3159,2148.8116893434408,338.63850927715021,485.34405615330502,1,30,17,2135,3215
49,30,30,LinearSubgradientAuction,0.05,0.04,,True,,1000,3600,cats_reg_g30b150,,heuristic,2,False,CATS,150,regions,MultiMinded,1000,MaxIter,1225.729999999996,1979.7895999999998,4,1594.07,673.82600000000002,848.7620000000001,2049.9095317322117,329.97941392061693,405.08259946107682,1,30,17,1830,2760
50,30,33,LinearSubgradientAuction,0.05,0.04,,True,,1000,3600,cats_reg_g30b150,,heuristic,2,False,CATS,150,regions,MultiMinded,1000,MaxIter,1362.0199999999895,2110.6722999999997,8,1335.35,460.47550000000001,959.7943,2094.0663374125893,257.79066813126491,452.25751275222103,1,30,15,2013,3033
51,30,37,LinearSubgradientAuction,0.05,0.04,,True,,1000,3600,cats_reg_g30b150,,heuristic,2,False,CATS,150,regions,MultiMinded,1000,MaxIter,1457.4200000000055,2245.4244000000003,4,1882.26,597.73699999999997,454.3314,2288.9283511254825,357.81577376017884,430.8438251608606,1,28,22,2183,3249
52,30,32,LinearSubgradientAuction,0.05,0.04,,True,,1000,3600,cats_reg_g30b150,,heuristic,2,False,CATS,150,regions,MultiMinded,1000,MaxIter,1272.030000000006,1756.6213,7,1409.87,556.45500000000004,545.2982999999999,1732.122402096416,63.561904771247455,203.15279206432501,1,29,16,1920,2878
53,30,34,LinearSubgradientAuction,0.05,0.04,,True,,1000,3600,cats_reg_g30b150,,heuristic,2,False,CATS,150,regions,MultiMinded,1000,MaxIter,1393.679999999993,2325.6629000000003,8,1796.97,570.23000000000002,1440.6304,2198.1015054274735,656.67801059631063,897.66584666656263,1,29,13,2040,3056
54,30,37,LinearSubgradientAuction,0.05,0.04,,True,,1000,3600,cats_reg_g30b150,,heuristic,2,False,CATS,150,regions,MultiMinded,1000,MaxIter,1539.449999999997,2355.424,7,2152.9,670.553,610.721,2385.1394510883952,153.23263839438806,204.20991012492584,1,30,15,2257,3397
55,30,33,LinearSubgradientAuction,0.05,0.04,,True,,1000,3600,cats_reg_g30b150,,heuristic,2,False,CATS,150,regions,MultiMinded,1000,MaxIter,1360.75,2078.1524999999997,8,1352.37,548.28150000000005,1244.5995,2107.9878591615593,435.02509252726736,511.08024040852092,1,30,14,2013,3033
56,30,39,LinearSubgradientAuction,0.05,0.04,,True,,1000,3600,cats_reg_g30b150,,heuristic,2,False,CATS,150,regions,MultiMinded,1000,MaxIter,1591.429999999993,1893.3772000000004,12,1498.24,591.42200000000003,747.2979,1842.1436606786569,384.932142971156,504.08505494436554,1,29,17,2340,3501
57,30,36,LinearSubgradientAuction,0.05,0.04,,True,,1000,3600,cats_reg_g30b150,,heuristic,2,False,CATS,150,regions,MultiMinded,1000,MaxIter,1497.75,1899.5301999999997,6,1604.44,621.16750000000002,942.3159,1967.2638027997648,412.78500430542334,457.74266514136133,1,30,11,2196,3306
58,30,36,LinearSubgradientAuction,0.05,0.04,,True,,1000,3600,cats_reg_g30b150,,heuristic,2,False,CATS,150,regions,MultiMinded,1000,MaxIter,1498.4400000000023,2429.6093,6,2057.42,832.86300000000006,1107.564,2483.9345215509966,149.32508852252874,216.88674800107941,1,30,10,2196,3306
59,30,39,LinearSubgradientAuction,0.05,0.04,,True,,1000,3600,cats_reg_g30b150,,heuristic,2,False,CATS,150,regions,MultiMinded,1000,MaxIter,1637.8600000000006,2064.9126,3,1772.9,622.28800000000001,1603.1316,2087.5109980432858,11.476748398399273,133.1489931190778,1,30,8,2379,3579
60,30,35,LinearSubgradientAuction,0.05,0.04,,True,,1000,3600,cats_reg_g30b150,,heuristic,2,False,CATS,150,regions,MultiMinded,1000,MaxIter,1427.6100000000006,1956.0875,5,1842.74,450.80399999999997,902.5105000000001,1978.3754300659173,768.12048865274153,837.95579125484664,1,30,15,2135,3215
61,30,37,LinearSubgradientAuction,0.05,0.04,,True,,1000,3600,cats_reg_g30b150,,heuristic,2,False,CATS,150,regions,MultiMinded,1000,MaxIter,1535.6199999999953,1951.6029999999998,5,1560.47,530.9905,628.6473000000001,2031.5828287994118,210.31021734787601,244.69655535825081,1,30,26,2257,3397
62,30,34,LinearSubgradientAuction,0.05,0.04,,True,,1000,3600,cats_reg_g30b150,,heuristic,2,False,CATS,150,regions,MultiMinded,1000,MaxIter,1396.0099999999948,1978.0167,8,1737.89,582.94900000000007,1291.04514,1917.6102757827728,413.29579049620355,682.58674181976289,1,30,8,2074,3124
63,30,30,LinearSubgradientAuction,0.05,0.04,,True,,1000,3600,cats_reg_g30b150,,heuristic,2,False,CATS,150,regions,MultiMinded,1000,MaxIter,1232.2800000000134,2547.4234,4,1821.34,869.476,344.9534,2492.1237975585327,156.50568000000001,250.06109120808881,1,30,20,1830,2760
64,30,34,LinearSubgradientAuction,0.05,0.04,,True,,1000,3600,cats_reg_g30b150,,heuristic,2,False,CATS,150,regions,MultiMinded,1000,MaxIter,1412.4899999999907,2427.9729,6,1844.14,792.92899999999997,979.4695999999999,2554.5299332004615,218.72297562904834,284.14383207552373,1,30,20,2074,3124
65,30,36,LinearSubgradientAuction,0.05,0.04,,True,,1000,3600,cats_reg_g30b150,,heuristic,2,False,CATS,150,regions,MultiMinded,1000,MaxIter,1500.4700000000012,2209.3287,11,1779.98,732.52250000000004,888.2887,2289.2130908035097,558.54007280542703,611.23373887312187,1,30,59,2196,3306
66,30,30,LinearSubgradientAuction,0.05,0.04,,True,,1000,3600,cats_reg_g30b150,,heuristic,2,False,CATS,150,regions,MultiMinded,379,Balance,459.79000000000815,2387.3904,3,2290.03,553.03500000000008,2387.3904,2333.8864069332435,2260.3020113137986,2341.0782564280353,1,30,10,1830,2760
67,30,41,LinearSubgradientAuction,0.05,0.04,,True,,1000,3600,cats_reg_g30b150,,heuristic,2,False,CATS,150,regions,MultiMinded,1000,MaxIter,1698.679999999993,2130.5865999999996,9,1569.3,447.20299999999997,1670.6806,2228.0414264743149,1343.1029893238308,1511.3057283847402,1,30,6,2501,3761
68,30,34,LinearSubgradientAuction,0.05,0.04,,True,,1000,3600,cats_reg_g30b150,,heuristic,2,False,CATS,150,regions,MultiMinded,1000,MaxIter,1399.1900000000023,1871.0335999999998,9,1491.62,623.48450000000003,1408.7044999999998,1925.6269493045597,1143.3550895653477,1232.4284558455197,1,30,13,2074,3124
69,30,34,LinearSubgradientAuction,0.05,0.04,,True,,1000,3600,cats_reg_g30b150,,heuristic,2,False,CATS,150,regions,MultiMinded,1000,MaxIter,1385.3899999999994,2248.1536,9,1918.69,909.28949999999998,1523.4292,2260.3456163838864,1217.4703682715667,1262.5786383116381,1,29,10,2040,3056
70,30,32,LinearSubgradientAuction,0.05,0.04,,True,,1000,3600,cats_reg_g30b150,,heuristic,2,False,CATS,150,regions,MultiMinded,1000,MaxIter,1329.2600000000093,2074.3614,3,1794.89,671.03600000000006,691.6512,2104.715007579448,0.0,249.97717892184079,1,30,20,1952,2942
71,30,30,LinearSubgradientAuction,0.05,0.04,,True,,1000,3600,cats_reg_g30b150,,heuristic,2,False,CATS,150,regions,MultiMinded,1000,MaxIter,1239.1000000000058,2107.4125,7,1919.92,672.68100000000004,1295.898,2268.7688688084727,444.27836162445124,535.3947575730964,1,30,23,1830,2760
72,30,35,LinearSubgradientAuction,0.05,0.04,,True,,1000,3600,cats_reg_g30b150,,heuristic,2,False,CATS,150,regions,MultiMinded,1000,MaxIter,1426.5099999999948,1946.4843000000003,4,1216.53,554.09649999999999,931.4873,2108.7949577272084,593.07778903958695,655.76282353870056,1,30,17,2135,3215
73,30,35,LinearSubgradientAuction,0.05,0.04,,True,,1000,3600,cats_reg_g30b150,,heuristic,2,False,CATS,150,regions,MultiMinded,1000,MaxIter,1449.5,1852.6272999999999,5,1445.38,663.03899999999999,637.8062000000001,1869.8115339169394,48.852087483315167,244.64702026509448,1,30,20,2135,3215
74,30,31,LinearSubgradientAuction,0.05,0.04,,True,,1000,3600,cats_reg_g30b150,,heuristic,2,False,CATS,150,regions,MultiMinded,1000,MaxIter,1234.1699999999983,2020.0417,5,1744.34,781.83899999999994,1704.4983,2226.9277945002282,23.455170000000024,81.917718165871577,1,29,3,1860,2789
75,30,39,LinearSubgradientAuction,0.05,0.04,,True,,1000,3600,cats_reg_g30b150,,heuristic,2,False,CATS,150,regions,MultiMinded,1000,MaxIter,1576.1300000000047,2549.9302,12,1890.83,637.39099999999996,2002.4802000000002,2453.560202962492,1080.5638843378351,1459.6796454624573,1,29,12,2340,3501
76,30,36,LinearSubgradientAuction,0.05,0.04,,True,,1000,3600,cats_reg_g30b150,,heuristic,2,False,CATS,150,regions,MultiMinded,1000,MaxIter,1503.449999999997,1970.4382,11,1633.82,405.01099999999997,1391.3802,2051.2165499082403,579.0852137913281,608.70960931416698,1,30,26,2196,3306
77,30,34,LinearSubgradientAuction,0.05,0.04,,True,,1000,3600,cats_reg_g30b150,,heuristic,2,False,CATS,150,regions,MultiMinded,1000,MaxIter,1403.5399999999936,1646.3148,7,1576.38,831.28949999999998,961.2896999999998,1673.1964191621059,719.56102564650155,781.46376848960551,1,30,13,2074,3124
78,30,34,LinearSubgradientAuction,0.05,0.04,,True,,1000,3600,cats_reg_g30b150,,heuristic,2,False,CATS,150,regions,MultiMinded,1000,MaxIter,1410.4400000000023,2412.1546,9,1881.66,768.41550000000007,2025.9655999999998,2569.6690515711794,1427.3977644583069,1533.960501849082,1,30,12,2074,3124
79,30,29,LinearSubgradientAuction,0.05,0.04,,True,,1000,3600,cats_reg_g30b150,,heuristic,2,False,CATS,150,regions,MultiMinded,1000,MaxIter,1188.62999999999,2267.359,6,2060.3,919.01300000000003,1771.132,2405.4550120431118,1327.907439705466,1581.8955693468108,1,30,8,1769,2669
80,30,37,LinearSubgradientAuction,0.05,0.04,,True,,1000,3600,cats_reg_g30b150,,heuristic,2,False,CATS,150,regions,MultiMinded,1000,MaxIter,1510.5099999999948,2112.5864,10,1592.54,576.49599999999998,1541.5183000000002,2116.2449567193244,795.2618164321716,888.00662931527745,1,29,44,2220,3323
81,30,33,LinearSubgradientAuction,0.05,0.04,,True,,1000,3600,cats_reg_g30b150,,heuristic,2,False,CATS,150,regions,MultiMinded,1000,MaxIter,1363.0999999999913,1652.215,7,1316.69,725.81600000000003,616.1146,1788.203676900295,135.89073583783249,150.1250270811542,1,30,54,2013,3033
82,30,35,LinearSubgradientAuction,0.05,0.04,,True,,1000,3600,cats_reg_g30b150,,heuristic,2,False,CATS,150,regions,MultiMinded,1000,MaxIter,1451.8699999999953,2109.0315,4,1900.31,619.13249999999994,1265.0379,2320.8251928347222,740.09653392239306,771.47481323741476,1,30,16,2135,3215
83,30,32,LinearSubgradientAuction,0.05,0.04,,True,,1000,3600,cats_reg_g30b150,,heuristic,2,False,CATS,150,regions,MultiMinded,400,Balance,530.7799999999988,2576.43019,8,2027.96,1059.6700000000001,2571.7672000000002,2554.5029872801988,2201.7623798641125,2274.155786665608,1,30,23,1952,2942
84,30,34,LinearSubgradientAuction,0.05,0.04,,True,,1000,3600,cats_reg_g30b150,,heuristic,2,False,CATS,150,regions,MultiMinded,1000,MaxIter,1393.979999999996,1983.6759000000002,3,1485.27,650.14099999999996,238.5308,2011.8569753812208,40.997160995124538,166.62427499647441,1,30,26,2074,3124
85,30,33,LinearSubgradientAuction,0.05,0.04,,True,,1000,3600,cats_reg_g30b150,,heuristic,2,False,CATS,150,regions,MultiMinded,301,Balance,397.070000000007,1650.3177,6,1136.81,534.83399999999995,1650.3177,1615.9262564526953,1483.5463029971943,1534.7405771562712,1,29,45,1980,2967
86,30,37,LinearSubgradientAuction,0.05,0.04,,True,,1000,3600,cats_reg_g30b150,,heuristic,2,False,CATS,150,regions,MultiMinded,713,Balance,1067.770000000004,2073.2363,5,1605.13,504.47649999999999,2073.2363,1945.1869089646652,1824.1125489646647,1972.079782895079,1,29,9,2220,3323
87,30,34,LinearSubgradientAuction,0.05,0.04,,True,,1000,3600,cats_reg_g30b150,,heuristic,2,False,CATS,150,regions,MultiMinded,1000,MaxIter,1381.75,2161.5317,9,1611.82,461.19499999999999,1631.6617,2262.0088526626082,726.01042428988694,899.78553955052234,1,29,14,2040,3056
88,30,35,LinearSubgradientAuction,0.05,0.04,,True,,1000,3600,cats_reg_g30b150,,heuristic,2,False,CATS,150,regions,MultiMinded,1000,MaxIter,1423.9700000000012,1960.6723,8,1579.4,529.16499999999996,887.3825999999999,1949.1343229774941,562.69944461373291,656.45759137623213,1,29,13,2100,3145
89,30,40,LinearSubgradientAuction,0.05,0.04,,True,,1000,3600,cats_reg_g30b150,,heuristic,2,False,CATS,150,regions,MultiMinded,1000,MaxIter,1601.979999999996,2103.4608,9,1324.86,455.78500000000003,1209.0121000000001,1789.4990333619899,241.43639558594904,565.14340936535064,1,28,12,2360,3510
90,30,36,LinearSubgradientAuction,0.05,0.04,,True,,1000,3600,cats_reg_g30b150,,heuristic,2,False,CATS,150,regions,MultiMinded,1000,MaxIter,1487.7600000000093,2252.2093,9,1749.09,686.99800000000005,1729.4523000000002,2259.5234211336583,844.19747968946331,894.31981788746532,1,30,12,2196,3306
91,30,37,LinearSubgradientAuction,0.05,0.04,,True,,1000,3600,cats_reg_g30b150,,heuristic,2,False,CATS,150,regions,MultiMinded,1000,MaxIter,1485.199999999997,2533.4677,8,1557.05,605.50300000000004,1528.516,2296.7676091588696,947.64566733674758,1347.5091175270766,1,29,14,2220,3323
92,30,37,LinearSubgradientAuction,0.05,0.04,,True,,1000,3600,cats_reg_g30b150,,heuristic,2,False,CATS,150,regions,MultiMinded,587,Balance,905.7599999999948,2087.0795,11,1557.29,467.12700000000001,2087.0795,2049.9412548268269,1820.2723577245952,1899.9050770262384,1,30,33,2257,3397
93,30,34,LinearSubgradientAuction,0.05,0.04,,True,,1000,3600,cats_reg_g30b150,,heuristic,2,False,CATS,150,regions,MultiMinded,1000,MaxIter,1395.8899999999994,2220.4165999999996,4,1477.09,531.97949999999992,571.2157,2344.5909345816672,238.97487522513723,349.71435301276699,1,30,23,2074,3124
94,30,33,LinearSubgradientAuction,0.05,0.04,,True,,1000,3600,cats_reg_g30b150,,heuristic,2,False,CATS,150,regions,MultiMinded,1000,MaxIter,1313.8099999999977,2089.1439,4,1850.23,583.02999999999997,997.6839,2066.7053934051469,0.0,165.17407316113315,1,29,17,1980,2967
95,30,36,LinearSubgradientAuction,0.05,0.04,,True,,1000,3600,cats_reg_g30b150,,heuristic,2,False,CATS,150,regions,MultiMinded,1000,MaxIter,1500.5400000000081,2218.1557,3,1747.55,732.99250000000006,286.303,2263.1856478571308,44.334289715510273,146.21543065000051,1,30,26,2196,3306
96,30,33,LinearSubgradientAuction,0.05,0.04,,True,,1000,3600,cats_reg_g30b150,,heuristic,2,False,CATS,150,regions,MultiMinded,1000,MaxIter,1331.2099999999919,1873.9284000000002,8,1690.89,555.43200000000002,1266.8424,2093.3961761856872,310.47185261900472,357.18787489961483,1,29,11,1980,2967
97,30,37,LinearSubgradientAuction,0.05,0.04,,True,,1000,3600,cats_reg_g30b150,,heuristic,2,False,CATS,150,regions,MultiMinded,1000,MaxIter,1509.1399999999994,1853.4531000000002,9,1334.16,635.36699999999996,1017.2341,1811.1281288716848,768.40423948785929,826.09560287067723,1,29,21,2220,3323
98,30,36,LinearSubgradientAuction,0.05,0.04,,True,,1000,3600,cats_reg_g30b150,,heuristic,2,False,CATS,150,regions,MultiMinded,1000,MaxIter,1480.8099999999977,2779.0163,7,2131.76,620.35799999999995,1475.9583,2806.8352760109074,767.25984712718923,855.71901187863421,1,30,11,2196,3306
99,30,37,LinearSubgradientAuction,0.05,0.04,,True,,1000,3600,cats_reg_g30b150,,heuristic,2,False,CATS,150,regions,MultiMinded,1000,MaxIter,1537.5699999999924,2286.8288000000002,6,1573.72,543.00099999999998,1336.9015,2385.3588132333516,34.45166596209927,109.48911861463861,1,30,18,2257,3397
100,30,32,LinearSubgradientAuction,0.05,0.04,,True,,1000,3600,cats_reg_g30b150,,heuristic,2,False,CATS,150,regions,MultiMinded,1000,MaxIter,1314.5,1906.0085,5,1496.95,591.39400000000001,1600.2636000000002,1892.4910475198324,189.33397649662254,266.34479999999996,1,30,25,1952,2942
