idx,items,agents,auction_class,epsilon,stepc,epoch,scalebyvalue,reserve_type,maxiter,maxtime,generator_param_name,personalized,bidding_strategy,heuristic_pool_num,int_prices,generator,bids,distribution,type,rounds,status,runtime,efficient_value,final_num_winners,final_max_agent_value,final_scalevalue,final_value,final_total_price,final_revenue,final_indirect_util,final_price_degree,final_price_sparsity,final_imbalance,final_wd_nvars,final_wd_ncons
1,30,36,AdaptiveCuttingAuction,0.05,0.04,10,True,,1000,3600,cats_reg_g30b150,True,heuristic,2,False,CATS,150,regions,MultiMinded,60,Balance,15.700000000011642,2502.8085,11,1712.02,630.28700000000003,2474.8035000000004,2176.6583354916916,1842.6062254916919,2202.214594049517,13,54,30,88,66
2,30,38,AdaptiveCuttingAuction,0.05,0.04,10,True,,1000,3600,cats_reg_g30b150,True,heuristic,2,False,CATS,150,regions,MultiMinded,73,Balance,31.239999999990687,2067.4249,5,1460.04,478.96600000000001,2067.4249,2070.3124844802933,1955.3606444802931,1990.7722192552208,25,44,11,92,68
3,30,36,AdaptiveCuttingAuction,0.05,0.04,10,True,,1000,3600,cats_reg_g30b150,True,heuristic,2,False,CATS,150,regions,MultiMinded,98,Balance,25.629999999975553,2226.2472000000002,3,1961.0,494.50999999999999,2226.2472000000002,2218.3450956200604,2144.1685956200604,2174.9736041747219,20,54,13,82,66
4,30,38,AdaptiveCuttingAuction,0.05,0.04,10,True,,1000,3600,cats_reg_g30b150,True,heuristic,2,False,CATS,150,regions,MultiMinded,107,Balance,30.79000000000815,2004.9491999999998,10,1505.7,557.86300000000006,1970.1392,1955.8814462248201,1676.9499462248198,1759.4067935799103,30,49,36,88,68
5,30,35,AdaptiveCuttingAuction,0.05,0.04,10,True,,1000,3600,cats_reg_g30b150,True,heuristic,2,False,CATS,150,regions,MultiMinded,764,Balance,398.6000000000058,1864.626,3,1703.97,505.12049999999999,1833.126,1849.8001228448441,1774.0320478448441,1780.8733391954281,26,67,3,98,65
6,30,35,AdaptiveCuttingAuction,0.05,0.04,10,True,,1000,3600,cats_reg_g30b150,True,heuristic,2,False,CATS,150,regions,MultiMinded,1000,MaxIter,470.8299999999872,2116.0368,7,1959.83,614.52500000000009,1886.3278,2102.0259786794868,896.50023385974896,939.19103678740964,25,57,16,88,65
7,30,35,AdaptiveCuttingAuction,0.05,0.04,10,True,,1000,3600,cats_reg_g30b150,True,heuristic,2,False,CATS,150,regions,MultiMinded,1000,MaxIter,428.85999999998603,2031.9575,6,1330.11,558.39999999999998,1738.3346,1919.9683718773258,759.96535075286067,852.2557765829705,19,61,50,95,65
8,30,35,AdaptiveCuttingAuction,0.05,0.04,10,True,,1000,3600,cats_reg_g30b150,True,heuristic,2,False,CATS,150,regions,MultiMinded,179,Balance,51.34000000002561,2027.57669,8,1379.5,642.28750000000002,2027.57669,1829.4607930350135,1606.5504934329369,1867.2404427801966,7,43,30,83,65
9,30,36,AdaptiveCuttingAuction,0.05,0.04,10,True,,1000,3600,cats_reg_g30b150,True,heuristic,2,False,CATS,150,regions,MultiMinded,1000,MaxIter,461.7699999999895,1859.5272999999997,7,1542.29,443.88650000000001,1812.7049,1820.1924620097077,944.87006586871291,1045.3605041162477,14,66,21,103,66
10,30,34,AdaptiveCuttingAuction,0.05,0.04,10,True,,1000,3600,cats_reg_g30b150,True,heuristic,2,False,CATS,150,regions,MultiMinded,121,Balance,30.0,2566.974,6,2112.56,626.02300000000002,2549.5312000000004,2474.5798776737106,2286.772977673711,2422.346210813801,12,46,28,85,64
11,30,36,AdaptiveCuttingAuction,0.05,0.04,10,True,,1000,3600,cats_reg_g30b150,True,heuristic,2,False,CATS,150,regions,MultiMinded,68,Balance,14.309999999997672,2431.6115,4,2098.81,721.22149999999999,2413.0615000000003,2272.8018804835092,2128.5575804835089,2311.3341579069647,1,30,24,82,66
12,30,32,AdaptiveCuttingAuction,0.05,0.04,10,True,,1000,3600,cats_reg_g30b150,True,heuristic,2,False,CATS,150,regions,MultiMinded,1000,MaxIter,445.8099999999977,1865.81568,7,1645.15,855.13049999999998,1771.0656000000001,1945.4561484573437,385.20472016488145,425.30105654051158,21,62,23,87,62
13,30,35,AdaptiveCuttingAuction,0.05,0.04,10,True,,1000,3600,cats_reg_g30b150,True,heuristic,2,False,CATS,150,regions,MultiMinded,117,Balance,32.30999999999767,1773.5022000000001,5,1494.31,678.60900000000004,1756.9776,1699.8733401105881,1551.5474735200844,1637.1339933374006,11,47,72,89,65
14,30,32,AdaptiveCuttingAuction,0.05,0.04,10,True,,1000,3600,cats_reg_g30b150,True,heuristic,2,False,CATS,150,regions,MultiMinded,318,Balance,75.53999999997905,1980.1873000000003,6,1559.99,631.08900000000006,1980.1873000000003,1815.6352885212459,1664.1739285212461,1858.1277034870409,7,40,17,79,62
15,30,36,AdaptiveCuttingAuction,0.05,0.04,10,True,,1000,3600,cats_reg_g30b150,True,heuristic,2,False,CATS,150,regions,MultiMinded,72,Balance,18.720000000001164,2512.4141000000004,3,2312.23,781.00699999999995,2512.4141000000004,2393.5003913378437,2291.0417667262054,2466.5466633426954,16,44,5,79,66
16,30,34,AdaptiveCuttingAuction,0.05,0.04,10,True,,1000,3600,cats_reg_g30b150,True,heuristic,2,False,CATS,150,regions,MultiMinded,130,Balance,38.420000000012806,1929.452,8,1789.44,584.255,1923.775,1921.7056643208412,1717.2164143208413,1790.6819311225809,5,42,62,91,64
17,30,33,AdaptiveCuttingAuction,0.05,0.04,10,True,,1000,3600,cats_reg_g30b150,True,heuristic,2,False,CATS,150,regions,MultiMinded,79,Balance,16.24000000001979,1934.7395999999999,7,1626.95,730.93200000000002,1934.7395999999999,1982.5134047239533,1748.8462376591251,1819.7398936635429,1,30,42,87,63
18,30,34,AdaptiveCuttingAuction,0.05,0.04,10,True,,1000,3600,cats_reg_g30b150,True,heuristic,2,False,CATS,150,regions,MultiMinded,110,Balance,24.25,2504.1384,4,1818.33,781.33600000000001,2480.9184,2505.0683771657596,2348.8011771657593,2389.2603337674695,1,29,25,81,64
19,30,36,AdaptiveCuttingAuction,0.05,0.04,10,True,,1000,3600,cats_reg_g30b150,True,heuristic,2,False,CATS,150,regions,MultiMinded,63,Balance,13.570000000006985,2560.7110000000002,11,1508.06,549.71399999999994,2557.321,2246.1477980538325,1998.7764980538325,2362.6382219762299,4,31,15,81,66
20,30,37,AdaptiveCuttingAuction,0.05,0.04,10,True,,1000,3600,cats_reg_g30b150,True,heuristic,2,False,CATS,150,regions,MultiMinded,304,Balance,211.42999999999302,1801.7813999999998,10,1490.47,395.125,1801.7813999999998,1764.8959130629912,1571.2846630629915,1638.4290181380125,26,67,61,107,67
21,30,33,AdaptiveCuttingAuction,0.05,0.04,10,True,,1000,3600,cats_reg_g30b150,True,heuristic,2,False,CATS,150,regions,MultiMinded,208,Balance,50.6699999999837,1553.7635,4,1374.19,778.39550000000008,1527.475,1554.2951736935265,1398.6160736935265,1483.426080987294,13,43,70,81,63
22,30,38,AdaptiveCuttingAuction,0.05,0.04,10,True,,1000,3600,cats_reg_g30b150,True,heuristic,2,False,CATS,150,regions,MultiMinded,160,Balance,59.329999999987194,2312.252,6,2123.59,638.69949999999994,2312.252,2339.1209765773037,2147.5111265773044,2189.5123843103097,7,50,51,97,68
23,30,38,AdaptiveCuttingAuction,0.05,0.04,10,True,,1000,3600,cats_reg_g30b150,True,heuristic,2,False,CATS,150,regions,MultiMinded,62,Balance,16.230000000010477,2354.8725,7,1818.1,597.00800000000004,2354.8725,2108.4901834698157,1935.3578634698154,2210.669990420015,13,44,29,83,68
24,30,35,AdaptiveCuttingAuction,0.05,0.04,10,True,,1000,3600,cats_reg_g30b150,True,heuristic,2,False,CATS,150,regions,MultiMinded,1000,MaxIter,435.80000000001746,1892.4884,8,1241.36,538.58849999999995,1639.1282,1865.2978968926241,196.28620630644619,329.1591082189841,25,65,34,94,65
25,30,33,AdaptiveCuttingAuction,0.05,0.04,10,True,,1000,3600,cats_reg_g30b150,True,heuristic,2,False,CATS,150,regions,MultiMinded,201,Balance,41.25,1741.0822999999998,7,1538.41,861.41849999999999,1741.0822999999998,1752.0523986583003,1450.5559236583003,1513.7661335431308,21,48,50,90,63
26,30,34,AdaptiveCuttingAuction,0.05,0.04,10,True,,1000,3600,cats_reg_g30b150,True,heuristic,2,False,CATS,150,regions,MultiMinded,1000,MaxIter,389.320000000007,2008.668,6,1919.5,424.82100000000003,1998.3684,2019.3260996418162,1704.8452977987681,1782.2742589307659,24,62,31,96,64
27,30,32,AdaptiveCuttingAuction,0.05,0.04,10,True,,1000,3600,cats_reg_g30b150,True,heuristic,2,False,CATS,150,regions,MultiMinded,244,Balance,80.22999999998137,2175.2061,5,1890.21,644.31150000000002,2175.2061,2208.4860710188759,2062.0544281043221,2066.5529392609387,11,56,26,87,62
28,30,37,AdaptiveCuttingAuction,0.05,0.04,10,True,,1000,3600,cats_reg_g30b150,True,heuristic,2,False,CATS,150,regions,MultiMinded,45,Balance,13.619999999995343,2040.43179,8,1615.6,517.23699999999997,2040.43179,1902.6187844928461,1751.2771972749961,1945.8705169566149,25,41,21,81,67
29,30,33,AdaptiveCuttingAuction,0.05,0.04,10,True,,1000,3600,cats_reg_g30b150,True,heuristic,2,False,CATS,150,regions,MultiMinded,174,Balance,60.60000000000582,2111.632,9,1854.64,708.57899999999995,2111.632,2040.713035473053,1727.0766233094419,1869.3482712949201,27,62,39,94,63
30,30,35,AdaptiveCuttingAuction,0.05,0.04,10,True,,1000,3600,cats_reg_g30b150,True,heuristic,2,False,CATS,150,regions,MultiMinded,132,Balance,42.70000000001164,2323.0769999999998,8,1594.17,462.18150000000003,2323.0769999999998,2121.0723724379068,1940.8215874379061,2170.195813365227,10,47,18,94,65
31,30,34,AdaptiveCuttingAuction,0.05,0.04,10,True,,1000,3600,cats_reg_g30b150,True,heuristic,2,False,CATS,150,regions,MultiMinded,70,Balance,14.679999999993015,2659.4860000000003,6,2167.09,585.07799999999997,2659.4860000000003,2592.2003929114749,2422.5277729114746,2532.642545009332,7,47,26,89,64
32,30,37,AdaptiveCuttingAuction,0.05,0.04,10,True,,1000,3600,cats_reg_g30b150,True,heuristic,2,False,CATS,150,regions,MultiMinded,371,Balance,159.26999999998952,1999.8556999999998,8,1545.46,522.50199999999995,1999.8556999999998,1895.1737269667835,1720.0307546642437,1860.3455921720156,22,2183,44,100,67
33,30,37,AdaptiveCuttingAuction,0.05,0.04,10,True,,1000,3600,cats_reg_g30b150,True,heuristic,2,False,CATS,150,regions,MultiMinded,107,Balance,41.329999999987194,1805.9524000000001,4,1582.17,487.50400000000002,1805.9524000000001,1657.6121065456834,1591.5707000773432,1762.7784341816707,27,59,11,89,67
34,30,39,AdaptiveCuttingAuction,0.05,0.04,10,True,,1000,3600,cats_reg_g30b150,True,heuristic,2,False,CATS,150,regions,MultiMinded,633,Balance,248.80999999999767,1983.6001999999999,8,1564.76,623.41200000000003,1983.6001999999999,2012.4739588402524,1771.548149078651,1781.0425508385138,15,43,25,96,69
35,30,38,AdaptiveCuttingAuction,0.05,0.04,10,True,,1000,3600,cats_reg_g30b150,True,heuristic,2,False,CATS,150,regions,MultiMinded,536,Balance,224.2399999999907,2341.4052,8,1755.59,637.298,2323.3592,2199.1240792259432,1982.4427592259431,2149.1580181336285,20,64,40,104,68
36,30,33,AdaptiveCuttingAuction,0.05,0.04,10,True,,1000,3600,cats_reg_g30b150,True,heuristic,2,False,CATS,150,regions,MultiMinded,1000,MaxIter,394.570000000007,2136.9992,7,1693.26,587.83249999999998,2073.502,2204.5934496958735,1140.2129922168203,1146.51338778895,8,60,36,99,63
37,30,34,AdaptiveCuttingAuction,0.05,0.04,10,True,,1000,3600,cats_reg_g30b150,True,heuristic,2,False,CATS,150,regions,MultiMinded,228,Balance,63.43000000002212,1991.3467,4,1812.59,701.23299999999995,1991.3467,1954.4995264871902,1825.7886118185204,1893.6653971498508,25,47,28,96,64
38,30,40,AdaptiveCuttingAuction,0.05,0.04,10,True,,1000,3600,cats_reg_g30b150,True,heuristic,2,False,CATS,150,regions,MultiMinded,156,Balance,55.98999999999069,2724.0288,5,2153.9,576.38300000000004,2647.3538000000003,2371.8542988784675,2262.3415288784681,2570.2437889068833,6,46,50,90,70
39,30,30,AdaptiveCuttingAuction,0.05,0.04,10,True,,1000,3600,cats_reg_g30b150,True,heuristic,2,False,CATS,150,regions,MultiMinded,1000,MaxIter,325.7300000000105,1968.0602,2,1918.66,764.726,1310.848,2020.4868183323031,167.26294058804092,251.93170000000001,11,44,98,93,60
40,30,33,AdaptiveCuttingAuction,0.05,0.04,10,True,,1000,3600,cats_reg_g30b150,True,heuristic,2,False,CATS,150,regions,MultiMinded,76,Balance,19.010000000009313,1942.0583000000001,3,1674.34,688.69799999999998,1942.0583000000001,1904.9273225056259,1801.6226225056259,1895.2732681643618,14,49,34,80,63
41,30,35,AdaptiveCuttingAuction,0.05,0.04,10,True,,1000,3600,cats_reg_g30b150,True,heuristic,2,False,CATS,150,regions,MultiMinded,144,Balance,51.89000000001397,1877.7214099999999,6,1423.29,646.35299999999995,1795.6165,1724.2638964225941,1562.6756464225944,1691.0261796690265,16,61,40,92,65
42,30,32,AdaptiveCuttingAuction,0.05,0.04,10,True,,1000,3600,cats_reg_g30b150,True,heuristic,2,False,CATS,150,regions,MultiMinded,1000,MaxIter,335.7399999999907,2111.841,7,1703.5,646.17399999999998,1912.675,2195.4432867135201,883.26951672549171,904.17506539562544,8,1504,31,91,62
43,30,40,AdaptiveCuttingAuction,0.05,0.04,10,True,,1000,3600,cats_reg_g30b150,True,heuristic,2,False,CATS,150,regions,MultiMinded,257,Balance,103.42999999999302,2446.7208,6,1927.69,685.90899999999999,2431.2608,2187.0805294795732,2015.6032794795733,2289.9454952552119,16,50,15,93,70
44,30,35,AdaptiveCuttingAuction,0.05,0.04,10,True,,1000,3600,cats_reg_g30b150,True,heuristic,2,False,CATS,150,regions,MultiMinded,318,Balance,141.18999999997322,1711.1515999999997,8,1299.51,651.40899999999999,1647.8545999999997,1607.6613539107682,1347.0977539107682,1441.4220225709212,24,62,28,105,65
45,30,38,AdaptiveCuttingAuction,0.05,0.04,10,True,,1000,3600,cats_reg_g30b150,True,heuristic,2,False,CATS,150,regions,MultiMinded,139,Balance,58.029999999998836,2034.5094,6,1828.07,742.07299999999998,2034.5094,2039.6841418061185,1868.050220116193,1913.2845205816523,20,63,30,103,68
46,30,31,AdaptiveCuttingAuction,0.05,0.04,10,True,,1000,3600,cats_reg_g30b150,True,heuristic,2,False,CATS,150,regions,MultiMinded,45,Balance,7.010000000009313,2564.0325000000003,3,2373.4,807.26099999999997,2549.4987,2481.8832454056769,2401.1571454056771,2523.9643732764725,1,29,33,71,61
47,30,37,AdaptiveCuttingAuction,0.05,0.04,10,True,,1000,3600,cats_reg_g30b150,True,heuristic,2,False,CATS,150,regions,MultiMinded,113,Balance,26.239999999990687,2233.1322,7,1669.44,664.97900000000004,2233.1322,2006.4872280774323,1811.5285910665743,2070.4081528066085,6,33,37,88,67
48,30,35,AdaptiveCuttingAuction,0.05,0.04,10,True,,1000,3600,cats_reg_g30b150,True,heuristic,2,False,CATS,150,regions,MultiMinded,504,Balance,230.56000000002678,2069.4358,7,1826.01,556.24350000000004,2069.4358,1985.8839624601524,1792.5558031878727,1922.7779494022493,20,68,44,99,65
49,30,30,AdaptiveCuttingAuction,0.05,0.04,10,True,,1000,3600,cats_reg_g30b150,True,heuristic,2,False,CATS,150,regions,MultiMinded,52,Balance,8.739999999990687,1979.7895999999998,6,1594.07,673.82600000000002,1979.7895999999998,1929.0772824721441,1760.6207824721444,1868.0918438403116,1,29,27,68,60
50,30,33,AdaptiveCuttingAuction,0.05,0.04,10,True,,1000,3600,cats_reg_g30b150,True,heuristic,2,False,CATS,150,regions,MultiMinded,340,Balance,89.14999999999418,2110.6722999999997,7,1335.35,460.47550000000001,2110.6722999999997,2001.6681708427241,1845.1065008427236,1982.7800781685323,9,44,27,87,63
51,30,37,AdaptiveCuttingAuction,0.05,0.04,10,True,,1000,3600,cats_reg_g30b150,True,heuristic,2,False,CATS,150,regions,MultiMinded,66,Balance,16.410000000003492,2245.4244000000003,6,1882.26,597.73699999999997,2245.4244000000003,2228.8781073647647,2079.4438573647644,2148.8992368754002,8,46,23,93,67
52,30,32,AdaptiveCuttingAuction,0.05,0.04,10,True,,1000,3600,cats_reg_g30b150,True,heuristic,2,False,CATS,150,regions,MultiMinded,417,Balance,128.57000000000698,1756.6213,6,1409.87,556.45500000000004,1756.6213,1645.9893280753165,1487.3133057120851,1610.0572344500699,10,48,23,81,62
53,30,34,AdaptiveCuttingAuction,0.05,0.04,10,True,,1000,3600,cats_reg_g30b150,True,heuristic,2,False,CATS,150,regions,MultiMinded,314,Balance,101.63999999998487,2325.6629000000003,11,1796.97,570.23000000000002,2299.3354000000004,2152.1278483881811,1867.0128483881804,2063.5067117846679,23,1768,0,88,64
54,30,37,AdaptiveCuttingAuction,0.05,0.04,10,True,,1000,3600,cats_reg_g30b150,True,heuristic,2,False,CATS,150,regions,MultiMinded,128,Balance,45.429999999993015,2355.424,6,2152.9,670.553,2355.424,2317.0100194501852,2148.952753171618,2222.8626649007952,7,48,20,97,67
55,30,33,AdaptiveCuttingAuction,0.05,0.04,10,True,,1000,3600,cats_reg_g30b150,True,heuristic,2,False,CATS,150,regions,MultiMinded,1000,MaxIter,360.3500000000058,2078.1524999999997,7,1352.37,548.28150000000005,1953.0685,2115.49466848054,287.96454606665577,303.12381838585208,14,64,31,94,63
56,30,39,AdaptiveCuttingAuction,0.05,0.04,10,True,,1000,3600,cats_reg_g30b150,True,heuristic,2,False,CATS,150,regions,MultiMinded,248,Balance,83.98999999999069,1893.3772000000004,7,1498.24,591.42200000000003,1873.9885000000002,1844.6363347604195,1667.2097347604195,1746.7860264300791,15,46,37,100,69
57,30,36,AdaptiveCuttingAuction,0.05,0.04,10,True,,1000,3600,cats_reg_g30b150,True,heuristic,2,False,CATS,150,regions,MultiMinded,160,Balance,49.61999999999534,1899.5301999999997,8,1604.44,621.16750000000002,1899.5301999999997,1944.1243154902804,1695.6573154902799,1707.7872482452437,11,44,31,100,66
58,30,36,AdaptiveCuttingAuction,0.05,0.04,10,True,,1000,3600,cats_reg_g30b150,True,heuristic,2,False,CATS,150,regions,MultiMinded,1000,MaxIter,388.6499999999942,2429.6093,7,2057.42,832.86300000000006,2313.7559,2388.9915569750706,662.86131188305501,738.5709821957189,25,62,14,99,66
59,30,39,AdaptiveCuttingAuction,0.05,0.04,10,True,,1000,3600,cats_reg_g30b150,True,heuristic,2,False,CATS,150,regions,MultiMinded,233,Balance,83.4200000000128,2064.9126,6,1772.9,622.28800000000001,2064.9126,2003.7500317912868,1817.0636317912868,1930.9013428604967,27,49,40,98,69
60,30,35,AdaptiveCuttingAuction,0.05,0.04,10,True,,1000,3600,cats_reg_g30b150,True,heuristic,2,False,CATS,150,regions,MultiMinded,1000,MaxIter,314.4900000000198,1956.0875,6,1842.74,450.80399999999997,1446.5465,1974.2603678439182,487.49386678359031,519.53899914002568,6,45,37,95,65
61,30,37,AdaptiveCuttingAuction,0.05,0.04,10,True,,1000,3600,cats_reg_g30b150,True,heuristic,2,False,CATS,150,regions,MultiMinded,636,Balance,352.5100000000093,1951.6029999999998,7,1560.47,530.9905,1951.6029999999998,1951.2154347842859,1765.3687597842863,1783.4309046146873,25,63,21,104,67
62,30,34,AdaptiveCuttingAuction,0.05,0.04,10,True,,1000,3600,cats_reg_g30b150,True,heuristic,2,False,CATS,150,regions,MultiMinded,157,Balance,36.820000000006985,1978.0167,7,1737.89,582.94900000000007,1977.3040999999998,1881.4620676976315,1677.4299176976319,1803.1888127191473,14,42,38,88,64
63,30,30,AdaptiveCuttingAuction,0.05,0.04,10,True,,1000,3600,cats_reg_g30b150,True,heuristic,2,False,CATS,150,regions,MultiMinded,108,Balance,18.34000000002561,2547.4234,5,1821.34,869.476,2547.4234,2487.644540288828,2274.0018660031133,2388.5537925443882,1,30,49,77,60
64,30,34,AdaptiveCuttingAuction,0.05,0.04,10,True,,1000,3600,cats_reg_g30b150,True,heuristic,2,False,CATS,150,regions,MultiMinded,259,Balance,78.02999999999884,2427.9729,6,1844.14,792.92899999999997,2337.6954,2260.6458559886432,2022.7671559886433,2178.1900751315247,25,56,54,91,64
65,30,36,AdaptiveCuttingAuction,0.05,0.04,10,True,,1000,3600,cats_reg_g30b150,True,heuristic,2,False,CATS,150,regions,MultiMinded,221,Balance,79.75,2209.3287,7,1779.98,732.52250000000004,2158.5827,2118.1342472238102,1871.2573801696105,1983.8946590818448,25,52,39,94,66
66,30,30,AdaptiveCuttingAuction,0.05,0.04,10,True,,1000,3600,cats_reg_g30b150,True,heuristic,2,False,CATS,150,regions,MultiMinded,70,Balance,12.860000000015134,2387.3904,2,2290.03,553.03500000000008,2387.3904,2310.6313159508154,2282.9795659508154,2382.1770598261755,1,29,33,71,60
67,30,41,AdaptiveCuttingAuction,0.05,0.04,10,True,,1000,3600,cats_reg_g30b150,True,heuristic,2,False,CATS,150,regions,MultiMinded,1000,MaxIter,570.0599999999977,2130.5865999999996,8,1569.3,447.20299999999997,1990.0998000000002,2043.2929330955715,1273.9222262479636,1445.4511085069753,9,62,38,105,71
68,30,34,AdaptiveCuttingAuction,0.05,0.04,10,True,,1000,3600,cats_reg_g30b150,True,heuristic,2,False,CATS,150,regions,MultiMinded,312,Balance,156.89999999999418,1871.0335999999998,8,1491.62,623.48450000000003,1871.0335999999998,1863.1488761724722,1622.325315845178,1673.9574103365667,19,62,29,102,64
69,30,34,AdaptiveCuttingAuction,0.05,0.04,10,True,,1000,3600,cats_reg_g30b150,True,heuristic,2,False,CATS,150,regions,MultiMinded,92,Balance,23.10000000000582,2248.1536,8,1918.69,909.28949999999998,2248.1536,2245.4075332193729,1902.3840379480146,1947.9995615005432,9,44,18,90,64
70,30,32,AdaptiveCuttingAuction,0.05,0.04,10,True,,1000,3600,cats_reg_g30b150,True,heuristic,2,False,CATS,150,regions,MultiMinded,340,Balance,82.33999999999651,2074.3614,8,1794.89,671.03600000000006,2062.3628,1890.1241189964792,1628.4200789964793,1830.6116087270843,27,42,30,78,62
71,30,30,AdaptiveCuttingAuction,0.05,0.04,10,True,,1000,3600,cats_reg_g30b150,True,heuristic,2,False,CATS,150,regions,MultiMinded,396,Balance,113.33999999999651,2107.4125,3,1919.92,672.68100000000004,2107.4125,2115.0167030186408,2020.8413630186405,2067.859780016377,25,62,29,88,60
72,30,35,AdaptiveCuttingAuction,0.05,0.04,10,True,,1000,3600,cats_reg_g30b150,True,heuristic,2,False,CATS,150,regions,MultiMinded,208,Balance,56.10999999998603,1946.4843000000003,8,1216.53,554.09649999999999,1911.2173,1771.8429123656772,1577.909137365677,1755.7481204629153,10,44,40,86,65
73,30,35,AdaptiveCuttingAuction,0.05,0.04,10,True,,1000,3600,cats_reg_g30b150,True,heuristic,2,False,CATS,150,regions,MultiMinded,1000,MaxIter,474.3199999999779,1852.6272999999999,9,1445.38,663.03899999999999,1777.6999999999998,1743.1701406389489,720.24592397135302,877.3267125608445,25,72,20,97,65
74,30,31,AdaptiveCuttingAuction,0.05,0.04,10,True,,1000,3600,cats_reg_g30b150,True,heuristic,2,False,CATS,150,regions,MultiMinded,207,Balance,42.929999999993015,2020.0417,6,1744.34,781.83899999999994,2020.0417,1986.6191976798123,1774.786520900914,1862.6197798948272,11,42,29,76,61
75,30,39,AdaptiveCuttingAuction,0.05,0.04,10,True,,1000,3600,cats_reg_g30b150,True,heuristic,2,False,CATS,150,regions,MultiMinded,1000,MaxIter,568.2300000000105,2549.9302,9,1890.83,637.39099999999996,2255.9482,2450.7468462192401,1566.656880611423,1783.7005866628497,13,67,30,107,69
76,30,36,AdaptiveCuttingAuction,0.05,0.04,10,True,,1000,3600,cats_reg_g30b150,True,heuristic,2,False,CATS,150,regions,MultiMinded,392,Balance,141.61999999999534,1970.4382,6,1633.82,405.01099999999997,1970.4382,1942.2836143773438,1820.7803143773438,1872.058748811688,10,45,22,97,66
77,30,34,AdaptiveCuttingAuction,0.05,0.04,10,True,,1000,3600,cats_reg_g30b150,True,heuristic,2,False,CATS,150,regions,MultiMinded,131,Balance,31.339999999996508,1646.3148,6,1576.38,831.28949999999998,1602.3807,1635.3907300212159,1404.900433941136,1426.0380219462406,27,45,45,86,64
78,30,34,AdaptiveCuttingAuction,0.05,0.04,10,True,,1000,3600,cats_reg_g30b150,True,heuristic,2,False,CATS,150,regions,MultiMinded,384,Balance,150.62999999997555,2412.1546,8,1881.66,768.41550000000007,2389.4791,2414.8633604354909,2107.497160435491,2170.3309143831239,14,65,29,97,64
79,30,29,AdaptiveCuttingAuction,0.05,0.04,10,True,,1000,3600,cats_reg_g30b150,True,heuristic,2,False,CATS,150,regions,MultiMinded,240,Balance,60.81999999997788,2267.359,4,2060.3,919.01300000000003,2256.911,2303.7216554249026,2119.9190554249017,2158.5422086104509,10,49,29,86,59
80,30,37,AdaptiveCuttingAuction,0.05,0.04,10,True,,1000,3600,cats_reg_g30b150,True,heuristic,2,False,CATS,150,regions,MultiMinded,146,Balance,51.10000000000582,2112.5864,9,1592.54,576.49599999999998,2112.5864,2032.4190211315743,1778.760781131574,1913.2933071361354,6,42,21,97,67
81,30,33,AdaptiveCuttingAuction,0.05,0.04,10,True,,1000,3600,cats_reg_g30b150,True,heuristic,2,False,CATS,150,regions,MultiMinded,106,Balance,22.44000000000233,1652.215,4,1316.69,725.81600000000003,1652.215,1685.5646818878452,1540.4014818878452,1543.3693109950711,1,30,15,77,63
82,30,35,AdaptiveCuttingAuction,0.05,0.04,10,True,,1000,3600,cats_reg_g30b150,True,heuristic,2,False,CATS,150,regions,MultiMinded,317,Balance,156.4100000000035,2109.0315,7,1900.31,619.13249999999994,2062.6648000000005,2112.6692883444766,1919.5426770887125,1948.2555771057812,28,69,26,99,65
83,30,32,AdaptiveCuttingAuction,0.05,0.04,10,True,,1000,3600,cats_reg_g30b150,True,heuristic,2,False,CATS,150,regions,MultiMinded,102,Balance,22.869999999995343,2576.43019,7,2027.96,1059.6700000000001,2576.43019,2627.2138221096598,2290.078197314619,2292.6533321327061,13,46,25,83,62
84,30,34,AdaptiveCuttingAuction,0.05,0.04,10,True,,1000,3600,cats_reg_g30b150,True,heuristic,2,False,CATS,150,regions,MultiMinded,247,Balance,82.00999999998021,1983.6759000000002,7,1485.27,650.14099999999996,1962.444,1873.4631046166451,1645.9137546166451,1799.0327359681369,16,45,65,90,64
85,30,33,AdaptiveCuttingAuction,0.05,0.04,10,True,,1000,3600,cats_reg_g30b150,True,heuristic,2,False,CATS,150,regions,MultiMinded,52,Balance,16.70999999999185,1650.3177,5,1136.81,534.83399999999995,1650.3177,1632.1392036712127,1503.7790436712125,1545.9938017644479,9,45,18,80,63
86,30,37,AdaptiveCuttingAuction,0.05,0.04,10,True,,1000,3600,cats_reg_g30b150,True,heuristic,2,False,CATS,150,regions,MultiMinded,127,Balance,22.860000000015134,2073.2363,6,1605.13,504.47649999999999,2069.3503,1940.8122027858096,1794.5140177858095,1947.9793531286703,1,30,5,81,67
87,30,34,AdaptiveCuttingAuction,0.05,0.04,10,True,,1000,3600,cats_reg_g30b150,True,heuristic,2,False,CATS,150,regions,MultiMinded,1000,MaxIter,394.64000000001397,2161.5317,8,1611.82,461.19499999999999,1950.9127,2108.9983073543244,1043.1746768187625,1146.3782002723874,10,50,20,91,64
88,30,35,AdaptiveCuttingAuction,0.05,0.04,10,True,,1000,3600,cats_reg_g30b150,True,heuristic,2,False,CATS,150,regions,MultiMinded,84,Balance,23.830000000016298,1960.6723,9,1579.4,529.16499999999996,1960.6723,1925.8948043051109,1718.1759574206537,1804.1807749693803,6,44,42,87,65
89,30,40,AdaptiveCuttingAuction,0.05,0.04,10,True,,1000,3600,cats_reg_g30b150,True,heuristic,2,False,CATS,150,regions,MultiMinded,53,Balance,13.669999999983702,2103.4608,12,1324.86,455.78500000000003,2103.4608,1732.5396400498173,1527.4363900498172,1940.2352239636064,1,27,49,93,70
90,30,36,AdaptiveCuttingAuction,0.05,0.04,10,True,,1000,3600,cats_reg_g30b150,True,heuristic,2,False,CATS,150,regions,MultiMinded,805,Balance,283.1900000000023,2252.2093,7,1749.09,686.99800000000005,2252.2093,2256.1616603133407,2015.7123603133412,2049.4189104435163,17,50,36,93,66
91,30,37,AdaptiveCuttingAuction,0.05,0.04,10,True,,1000,3600,cats_reg_g30b150,True,heuristic,2,False,CATS,150,regions,MultiMinded,337,Balance,148.7400000000198,2533.4677,12,1557.05,605.50300000000004,2403.9741000000004,2097.7236791243522,1825.2473291243521,2195.4060417937449,11,1446,37,94,67
92,30,37,AdaptiveCuttingAuction,0.05,0.04,10,True,,1000,3600,cats_reg_g30b150,True,heuristic,2,False,CATS,150,regions,MultiMinded,67,Balance,18.529999999998836,2087.0795,9,1557.29,467.12700000000001,2087.0795,1976.2083568073606,1789.3575568073604,1933.1288802955949,8,43,34,85,67
93,30,34,AdaptiveCuttingAuction,0.05,0.04,10,True,,1000,3600,cats_reg_g30b150,True,heuristic,2,False,CATS,150,regions,MultiMinded,107,Balance,30.85000000000582,2220.4165999999996,8,1477.09,531.97949999999992,2187.6236,2096.5349534359257,1889.062948435926,2050.1090449781691,13,49,27,86,64
94,30,33,AdaptiveCuttingAuction,0.05,0.04,10,True,,1000,3600,cats_reg_g30b150,True,heuristic,2,False,CATS,150,regions,MultiMinded,735,Balance,347.13000000000466,2089.1439,6,1850.23,583.02999999999997,2028.5509000000002,1945.3897711120624,1828.7837711120626,1995.2695334647028,27,67,48,92,63
95,30,36,AdaptiveCuttingAuction,0.05,0.04,10,True,,1000,3600,cats_reg_g30b150,True,heuristic,2,False,CATS,150,regions,MultiMinded,610,Balance,253.13000000000466,2218.1557,6,1747.55,732.99250000000006,2186.8846000000003,2152.6188476674624,1969.3707226674624,2058.7242492835344,16,64,57,95,66
96,30,33,AdaptiveCuttingAuction,0.05,0.04,10,True,,1000,3600,cats_reg_g30b150,True,heuristic,2,False,CATS,150,regions,MultiMinded,1000,MaxIter,381.3999999999942,1873.9284000000002,7,1690.89,555.43200000000002,1562.7495,2010.0006533644446,448.59961732441292,450.82039680961469,15,62,39,96,63
97,30,37,AdaptiveCuttingAuction,0.05,0.04,10,True,,1000,3600,cats_reg_g30b150,True,heuristic,2,False,CATS,150,regions,MultiMinded,327,Balance,103.16000000000349,1853.4531000000002,10,1334.16,635.36699999999996,1849.0271000000002,1792.1025880409584,1518.8947780409583,1623.3815029364343,7,49,17,96,67
98,30,36,AdaptiveCuttingAuction,0.05,0.04,10,True,,1000,3600,cats_reg_g30b150,True,heuristic,2,False,CATS,150,regions,MultiMinded,192,Balance,66.13000000000466,2779.0163,8,2131.76,620.35799999999995,2779.0163,2714.2832153827439,2472.3435953827443,2612.4513712594112,9,54,37,92,66
99,30,37,AdaptiveCuttingAuction,0.05,0.04,10,True,,1000,3600,cats_reg_g30b150,True,heuristic,2,False,CATS,150,regions,MultiMinded,290,Balance,131.36999999999534,2286.8288000000002,5,1573.72,543.00099999999998,2286.8288000000002,2279.2069439711495,2147.7119796466532,2209.3504069480496,15,63,25,96,67
100,30,32,AdaptiveCuttingAuction,0.05,0.04,10,True,,1000,3600,cats_reg_g30b150,True,heuristic,2,False,CATS,150,regions,MultiMinded,204,Balance,42.09999999997672,1906.0085,9,1496.95,591.39400000000001,1906.0085,1786.8072074681511,1526.5938474681509,1736.0976067547188,21,46,78,85,62
