idx,items,agents,auction_class,epsilon,stepc,epoch,scalebyvalue,reserve_type,maxiter,maxtime,generator_param_name,personalized,bidding_strategy,heuristic_pool_num,int_prices,generator,bids,distribution,type,rounds,status,runtime,efficient_value,final_num_winners,final_max_agent_value,final_scalevalue,final_value,final_total_price,final_revenue,final_indirect_util,final_price_degree,final_price_sparsity,final_imbalance,final_wd_nvars,final_wd_ncons
1,30,36,LinearSubgradientAuction,0.05,0.01,,True,,1000,3600,cats_reg_g30b150,,heuristic,2,False,CATS,150,regions,MultiMinded,1000,MaxIter,1507.6299999999974,2502.8085,9,1712.02,630.28700000000003,2460.0824000000002,2200.6060269843488,1899.6751272524095,2271.4144990801451,1,30,7,2196,3306
2,30,38,LinearSubgradientAuction,0.05,0.01,,True,,1000,3600,cats_reg_g30b150,,heuristic,2,False,CATS,150,regions,MultiMinded,1000,MaxIter,1577.199999999997,2067.4249,5,1460.04,478.96600000000001,1875.0507,2111.4927453564005,1299.7839371412306,1343.5700374922772,1,30,4,2318,3488
3,30,36,LinearSubgradientAuction,0.05,0.01,,True,,1000,3600,cats_reg_g30b150,,heuristic,2,False,CATS,150,regions,MultiMinded,1000,MaxIter,1447.4099999999962,2226.2472000000002,3,1961.0,494.50999999999999,204.8765,2254.4392365934218,57.266197596468558,90.344115796333156,1,29,25,2160,3234
4,30,38,LinearSubgradientAuction,0.05,0.01,,True,,1000,3600,cats_reg_g30b150,,heuristic,2,False,CATS,150,regions,MultiMinded,289,Balance,452.8700000000026,2004.9491999999998,11,1505.7,557.86300000000006,2004.9491999999998,1840.2504959945982,1566.897625994598,1736.4213539242492,1,30,6,2318,3488
5,30,35,LinearSubgradientAuction,0.05,0.01,,True,,1000,3600,cats_reg_g30b150,,heuristic,2,False,CATS,150,regions,MultiMinded,1000,MaxIter,1451.0800000000017,1864.626,6,1703.97,505.12049999999999,996.772,1866.1649325936728,529.89988246863163,582.24348096661708,1,30,18,2135,3215
6,30,35,LinearSubgradientAuction,0.05,0.01,,True,,1000,3600,cats_reg_g30b150,,heuristic,2,False,CATS,150,regions,MultiMinded,1000,MaxIter,1446.4000000000015,2116.0368,4,1959.83,614.52500000000009,1076.6188000000002,2291.6862132133169,773.00648579587937,825.62884021683226,1,30,16,2135,3215
7,30,35,LinearSubgradientAuction,0.05,0.01,,True,,1000,3600,cats_reg_g30b150,,heuristic,2,False,CATS,150,regions,MultiMinded,1000,MaxIter,1423.7900000000009,2031.9575,5,1330.11,558.39999999999998,720.4594999999999,2035.3618195947824,0.0,141.78803022907644,1,29,19,2100,3145
8,30,35,LinearSubgradientAuction,0.05,0.01,,True,,1000,3600,cats_reg_g30b150,,heuristic,2,False,CATS,150,regions,MultiMinded,1000,MaxIter,1439.1599999999962,2027.57669,7,1379.5,642.28750000000002,1052.56369,1870.5463487403872,620.94590985688876,834.82731946318802,1,30,16,2135,3215
9,30,36,LinearSubgradientAuction,0.05,0.01,,True,,1000,3600,cats_reg_g30b150,,heuristic,2,False,CATS,150,regions,MultiMinded,1000,MaxIter,1456.25,1859.5272999999997,3,1542.29,443.88650000000001,225.49689999999998,1819.3969981860403,93.294571432622803,196.42334880536839,1,29,23,2160,3234
10,30,34,LinearSubgradientAuction,0.05,0.01,,True,,1000,3600,cats_reg_g30b150,,heuristic,2,False,CATS,150,regions,MultiMinded,1000,MaxIter,1380.6500000000015,2566.974,5,2112.56,626.02300000000002,1687.2769999999998,2532.921590571244,612.28749163656926,815.83846840212721,1,29,12,2040,3056
11,30,36,LinearSubgradientAuction,0.05,0.01,,True,,1000,3600,cats_reg_g30b150,,heuristic,2,False,CATS,150,regions,MultiMinded,1000,MaxIter,1488.300000000003,2431.6115,5,2098.81,721.22149999999999,1533.88,2368.0783977152832,40.716295566162316,189.57193958582531,1,30,10,2196,3306
12,30,32,LinearSubgradientAuction,0.05,0.01,,True,,1000,3600,cats_reg_g30b150,,heuristic,2,False,CATS,150,regions,MultiMinded,1000,MaxIter,1322.8799999999974,1865.81568,7,1645.15,855.13049999999998,791.83368,1930.7732298173787,541.88130999452585,642.83623859741419,1,30,19,1952,2942
13,30,35,LinearSubgradientAuction,0.05,0.01,,True,,1000,3600,cats_reg_g30b150,,heuristic,2,False,CATS,150,regions,MultiMinded,1000,MaxIter,1461.0999999999985,1773.5022000000001,7,1494.31,678.60900000000004,1175.0276999999999,1814.2953321312405,925.09345624126274,1021.8543948874724,1,30,20,2135,3215
14,30,32,LinearSubgradientAuction,0.05,0.01,,True,,1000,3600,cats_reg_g30b150,,heuristic,2,False,CATS,150,regions,MultiMinded,1000,MaxIter,1253.8099999999977,1980.1873000000003,5,1559.99,631.08900000000006,846.5467000000001,1945.6282948377866,442.42746069445468,656.77188367264739,1,28,9,1888,2814
15,30,36,LinearSubgradientAuction,0.05,0.01,,True,,1000,3600,cats_reg_g30b150,,heuristic,2,False,CATS,150,regions,MultiMinded,25,Balance,36.4800000000032,2512.4141000000004,4,2312.23,781.00699999999995,2512.4141000000004,2343.8432976556828,2251.3923434573035,2439.0192759043739,1,30,3,2196,3306
16,30,34,LinearSubgradientAuction,0.05,0.01,,True,,1000,3600,cats_reg_g30b150,,heuristic,2,False,CATS,150,regions,MultiMinded,1000,MaxIter,1398.979999999996,1929.452,7,1789.44,584.255,826.6835,1983.8797309365182,363.83237022855485,438.03965011382741,1,29,12,2040,3056
17,30,33,LinearSubgradientAuction,0.05,0.01,,True,,1000,3600,cats_reg_g30b150,,heuristic,2,False,CATS,150,regions,MultiMinded,1000,MaxIter,1376.0799999999945,1934.7395999999999,4,1626.95,730.93200000000002,662.1645,1921.4656250983533,31.387708405958612,116.74799904363036,1,30,20,2013,3033
18,30,34,LinearSubgradientAuction,0.05,0.01,,True,,1000,3600,cats_reg_g30b150,,heuristic,2,False,CATS,150,regions,MultiMinded,132,Balance,178.11000000000058,2504.1384,5,1818.33,781.33600000000001,2480.9184,2393.5983775686045,2226.7679322946233,2380.4939292131148,1,28,4,2006,2988
19,30,36,LinearSubgradientAuction,0.05,0.01,,True,,1000,3600,cats_reg_g30b150,,heuristic,2,False,CATS,150,regions,MultiMinded,1000,MaxIter,1496.9099999999962,2560.7110000000002,12,1508.06,549.71399999999994,2275.9732700000004,2101.8297078923906,953.05894840815506,1448.5843205265464,1,30,8,2196,3306
20,30,37,LinearSubgradientAuction,0.05,0.01,,True,,1000,3600,cats_reg_g30b150,,heuristic,2,False,CATS,150,regions,MultiMinded,1000,MaxIter,1538.479999999996,1801.7813999999998,10,1490.47,395.125,1365.9414000000002,1830.9360635188032,391.76638682828809,467.55556951690619,1,30,13,2257,3397
21,30,33,LinearSubgradientAuction,0.05,0.01,,True,,1000,3600,cats_reg_g30b150,,heuristic,2,False,CATS,150,regions,MultiMinded,1000,MaxIter,1372.3400000000038,1553.7635,4,1374.19,778.39550000000008,463.2855,1605.5234962468244,46.109723970418187,121.4896271589247,1,30,5,2013,3033
22,30,38,LinearSubgradientAuction,0.05,0.01,,True,,1000,3600,cats_reg_g30b150,,heuristic,2,False,CATS,150,regions,MultiMinded,1000,MaxIter,1556.9400000000023,2312.252,5,2123.59,638.69949999999994,1093.621,2434.511086509342,249.42597418099189,274.18304583865915,1,29,13,2280,3412
23,30,38,LinearSubgradientAuction,0.05,0.01,,True,,1000,3600,cats_reg_g30b150,,heuristic,2,False,CATS,150,regions,MultiMinded,1000,MaxIter,1538.2900000000009,2354.8725,11,1818.1,597.00800000000004,932.8054999999998,2181.6282035944937,524.48340854652133,798.45506409290988,1,29,23,2280,3412
24,30,35,LinearSubgradientAuction,0.05,0.01,,True,,1000,3600,cats_reg_g30b150,,heuristic,2,False,CATS,150,regions,MultiMinded,1000,MaxIter,1454.4199999999983,1892.4884,7,1241.36,538.58849999999995,824.7991999999999,1812.3201980404249,462.32714072495241,709.02233380219286,1,30,22,2135,3215
25,30,33,LinearSubgradientAuction,0.05,0.01,,True,,1000,3600,cats_reg_g30b150,,heuristic,2,False,CATS,150,regions,MultiMinded,1000,MaxIter,1370.8600000000006,1741.0822999999998,4,1538.41,861.41849999999999,1164.9992999999997,1745.3900712470147,22.327295760077391,122.68778075288159,1,30,13,2013,3033
26,30,34,LinearSubgradientAuction,0.05,0.01,,True,,1000,3600,cats_reg_g30b150,,heuristic,2,False,CATS,150,regions,MultiMinded,1000,MaxIter,1400.239999999998,2008.668,6,1919.5,424.82100000000003,1576.5844,2070.712187793411,3.2966996708616279,103.95787148372288,1,30,6,2074,3124
27,30,32,LinearSubgradientAuction,0.05,0.01,,True,,1000,3600,cats_reg_g30b150,,heuristic,2,False,CATS,150,regions,MultiMinded,1000,MaxIter,1250.75,2175.2061,4,1890.21,644.31150000000002,983.7752,2354.7219539165271,0.0,2.9639646803489619,1,28,15,1888,2814
28,30,37,LinearSubgradientAuction,0.05,0.01,,True,,1000,3600,cats_reg_g30b150,,heuristic,2,False,CATS,150,regions,MultiMinded,1000,MaxIter,1550.760000000002,2040.43179,13,1615.6,517.23699999999997,1775.6613900000002,1986.7613606036659,851.64550154007839,987.65473382422897,1,30,26,2257,3397
29,30,33,LinearSubgradientAuction,0.05,0.01,,True,,1000,3600,cats_reg_g30b150,,heuristic,2,False,CATS,150,regions,MultiMinded,1000,MaxIter,1386.3899999999994,2111.632,10,1854.64,708.57899999999995,1829.7850000000003,2065.086873544642,823.34970684620237,1095.36735199641,1,30,23,2013,3033
30,30,35,LinearSubgradientAuction,0.05,0.01,,True,,1000,3600,cats_reg_g30b150,,heuristic,2,False,CATS,150,regions,MultiMinded,1000,MaxIter,1406.3099999999977,2323.0769999999998,7,1594.17,462.18150000000003,1303.4052000000001,2137.7500834874659,445.39062628859028,744.61593060379369,1,29,8,2100,3145
31,30,34,LinearSubgradientAuction,0.05,0.01,,True,,1000,3600,cats_reg_g30b150,,heuristic,2,False,CATS,150,regions,MultiMinded,1000,MaxIter,1390.0199999999968,2659.4860000000003,10,2167.09,585.07799999999997,1661.199,2650.6593957954965,1144.9476629822252,1263.5980129144,1,30,23,2074,3124
32,30,37,LinearSubgradientAuction,0.05,0.01,,True,,1000,3600,cats_reg_g30b150,,heuristic,2,False,CATS,150,regions,MultiMinded,1000,MaxIter,1539.5299999999988,1999.8556999999998,6,1545.46,522.50199999999995,929.9857,1962.2066360350141,23.496563766736038,171.22847956324645,1,30,16,2257,3397
33,30,37,LinearSubgradientAuction,0.05,0.01,,True,,1000,3600,cats_reg_g30b150,,heuristic,2,False,CATS,150,regions,MultiMinded,1000,MaxIter,1475.9200000000055,1805.9524000000001,8,1582.17,487.50400000000002,1052.5305999999998,1687.5391569365643,770.64187453366128,957.86229591589813,1,28,31,2183,3249
34,30,39,LinearSubgradientAuction,0.05,0.01,,True,,1000,3600,cats_reg_g30b150,,heuristic,2,False,CATS,150,regions,MultiMinded,1000,MaxIter,1594.770000000004,1983.6001999999999,8,1564.76,623.41200000000003,1042.4439,2071.6967694779983,294.08577942809973,330.38057058368031,1,29,19,2340,3501
35,30,38,LinearSubgradientAuction,0.05,0.01,,True,,1000,3600,cats_reg_g30b150,,heuristic,2,False,CATS,150,regions,MultiMinded,1000,MaxIter,1522.739999999998,2341.4052,7,1755.59,637.298,2026.5478,2328.6921022951083,1158.0373727131098,1444.8073437042667,1,28,10,2242,3336
36,30,33,LinearSubgradientAuction,0.05,0.01,,True,,1000,3600,cats_reg_g30b150,,heuristic,2,False,CATS,150,regions,MultiMinded,1000,MaxIter,1318.7300000000032,2136.9992,6,1693.26,587.83249999999998,976.764,2233.7814253389283,473.91979233950798,555.91619340878901,1,29,20,1980,2967
37,30,34,LinearSubgradientAuction,0.05,0.01,,True,,1000,3600,cats_reg_g30b150,,heuristic,2,False,CATS,150,regions,MultiMinded,1000,MaxIter,1401.6399999999994,1991.3467,6,1812.59,701.23299999999995,752.4355,2073.8009791106629,297.43121435647339,446.32651974701935,1,30,20,2074,3124
38,30,40,LinearSubgradientAuction,0.05,0.01,,True,,1000,3600,cats_reg_g30b150,,heuristic,2,False,CATS,150,regions,MultiMinded,1000,MaxIter,1674.8400000000038,2724.0288,7,2153.9,576.38300000000004,1340.7857999999999,2426.3882228877783,100.09777567632926,411.58547072958783,1,30,13,2440,3670
39,30,30,LinearSubgradientAuction,0.05,0.01,,True,,1000,3600,cats_reg_g30b150,,heuristic,2,False,CATS,150,regions,MultiMinded,1000,MaxIter,1222.2999999999956,1968.0602,2,1918.66,764.726,775.715,2030.0693843411595,472.74618789056672,646.54960345165239,1,30,19,1830,2760
40,30,33,LinearSubgradientAuction,0.05,0.01,,True,,1000,3600,cats_reg_g30b150,,heuristic,2,False,CATS,150,regions,MultiMinded,1000,MaxIter,1386.1700000000055,1942.0583000000001,5,1674.34,688.69799999999998,1047.2933,1934.1941029715704,906.26224358790785,961.36243604817912,1,30,12,2013,3033
41,30,35,LinearSubgradientAuction,0.05,0.01,,True,,1000,3600,cats_reg_g30b150,,heuristic,2,False,CATS,150,regions,MultiMinded,1000,MaxIter,1442.1699999999983,1877.7214099999999,8,1423.29,646.35299999999995,580.82791,1876.1457625377252,279.82760466518891,355.82439321520314,1,30,15,2135,3215
42,30,32,LinearSubgradientAuction,0.05,0.01,,True,,1000,3600,cats_reg_g30b150,,heuristic,2,False,CATS,150,regions,MultiMinded,1000,MaxIter,1319.5699999999997,2111.841,5,1703.5,646.17399999999998,859.72,2324.5914031524499,745.73034501076211,791.79787386329622,1,30,12,1952,2942
43,30,40,LinearSubgradientAuction,0.05,0.01,,True,,1000,3600,cats_reg_g30b150,,heuristic,2,False,CATS,150,regions,MultiMinded,1000,MaxIter,1632.4500000000044,2446.7208,6,1927.69,685.90899999999999,1002.5148,2212.5864798247553,216.02523973319416,490.35046002960462,1,29,24,2400,3590
44,30,35,LinearSubgradientAuction,0.05,0.01,,True,,1000,3600,cats_reg_g30b150,,heuristic,2,False,CATS,150,regions,MultiMinded,1000,MaxIter,1412.550000000003,1711.1515999999997,5,1299.51,651.40899999999999,987.5468999999998,1579.4722852698585,137.03944712146813,368.23970073348352,1,30,20,2135,3215
45,30,38,LinearSubgradientAuction,0.05,0.01,,True,,1000,3600,cats_reg_g30b150,,heuristic,2,False,CATS,150,regions,MultiMinded,1000,MaxIter,1572.3300000000017,2034.5094,9,1828.07,742.07299999999998,1104.0484999999999,2150.866809732127,688.03100611184345,730.10066398053152,1,30,18,2318,3488
46,30,31,LinearSubgradientAuction,0.05,0.01,,True,,1000,3600,cats_reg_g30b150,,heuristic,2,False,CATS,150,regions,MultiMinded,36,Balance,44.150000000001455,2564.0325000000003,4,2373.4,807.26099999999997,2549.4987,2486.7659036786804,2379.6673972835911,2475.7508987923493,1,29,4,1860,2789
47,30,37,LinearSubgradientAuction,0.05,0.01,,True,,1000,3600,cats_reg_g30b150,,heuristic,2,False,CATS,150,regions,MultiMinded,1000,MaxIter,1536.4300000000003,2233.1322,10,1669.44,664.97900000000004,1636.1112,2091.6817643140926,1062.8241175933881,1280.0408094720804,1,30,27,2257,3397
48,30,35,LinearSubgradientAuction,0.05,0.01,,True,,1000,3600,cats_reg_g30b150,,heuristic,2,False,CATS,150,regions,MultiMinded,1000,MaxIter,1442.8600000000006,2069.4358,10,1826.01,556.24350000000004,664.2029,2117.301414269275,19.625687553152002,178.07604013492679,1,30,32,2135,3215
49,30,30,LinearSubgradientAuction,0.05,0.01,,True,,1000,3600,cats_reg_g30b150,,heuristic,2,False,CATS,150,regions,MultiMinded,1000,MaxIter,1238.4199999999983,1979.7895999999998,6,1594.07,673.82600000000002,1820.8429999999998,2001.275433678481,359.3811069608887,453.59192546377835,1,30,15,1830,2760
50,30,33,LinearSubgradientAuction,0.05,0.01,,True,,1000,3600,cats_reg_g30b150,,heuristic,2,False,CATS,150,regions,MultiMinded,1000,MaxIter,1326.5,2110.6722999999997,5,1335.35,460.47550000000001,1237.6553000000001,1982.6993981792216,8.7387448376277952,322.19468450050698,1,29,17,1980,2967
51,30,37,LinearSubgradientAuction,0.05,0.01,,True,,1000,3600,cats_reg_g30b150,,heuristic,2,False,CATS,150,regions,MultiMinded,1000,MaxIter,1494.2400000000052,2245.4244000000003,5,1882.26,597.73699999999997,816.6524,2270.6994000095569,406.31829221672012,501.41707014569454,1,29,19,2220,3323
52,30,32,LinearSubgradientAuction,0.05,0.01,,True,,1000,3600,cats_reg_g30b150,,heuristic,2,False,CATS,150,regions,MultiMinded,1000,MaxIter,1313.8599999999933,1756.6213,7,1409.87,556.45500000000004,1160.333,1731.7447369038427,165.87640877707355,281.04068257098447,1,30,24,1952,2942
53,30,34,LinearSubgradientAuction,0.05,0.01,,True,,1000,3600,cats_reg_g30b150,,heuristic,2,False,CATS,150,regions,MultiMinded,1000,MaxIter,1410.9000000000015,2325.6629000000003,7,1796.97,570.23000000000002,1249.7204,2190.8318842084295,473.09348391699524,807.37781051473371,1,30,15,2074,3124
54,30,37,LinearSubgradientAuction,0.05,0.01,,True,,1000,3600,cats_reg_g30b150,,heuristic,2,False,CATS,150,regions,MultiMinded,1000,MaxIter,1548.5999999999985,2355.424,9,2152.9,670.553,1571.5030000000002,2337.0032113730545,629.65484091680628,718.07714596927315,1,30,24,2257,3397
55,30,33,LinearSubgradientAuction,0.05,0.01,,True,,1000,3600,cats_reg_g30b150,,heuristic,2,False,CATS,150,regions,MultiMinded,1000,MaxIter,1367.4700000000012,2078.1524999999997,8,1352.37,548.28150000000005,839.5944999999999,2081.4201513990247,226.18283043804772,355.01620917564026,1,30,17,2013,3033
56,30,39,LinearSubgradientAuction,0.05,0.01,,True,,1000,3600,cats_reg_g30b150,,heuristic,2,False,CATS,150,regions,MultiMinded,1000,MaxIter,1603.6199999999953,1893.3772000000004,8,1498.24,591.42200000000003,1154.6199,1769.865033588751,675.76149954194,858.53897113124094,1,29,11,2340,3501
57,30,36,LinearSubgradientAuction,0.05,0.01,,True,,1000,3600,cats_reg_g30b150,,heuristic,2,False,CATS,150,regions,MultiMinded,1000,MaxIter,1480.5,1899.5301999999997,5,1604.44,621.16750000000002,734.8319,1930.5797488664687,285.28269039555562,342.44187513514004,1,30,24,2196,3306
58,30,36,LinearSubgradientAuction,0.05,0.01,,True,,1000,3600,cats_reg_g30b150,,heuristic,2,False,CATS,150,regions,MultiMinded,1000,MaxIter,1493.8299999999945,2429.6093,9,2057.42,832.86300000000006,1023.0559000000001,2355.3194400089883,555.10052756548509,770.25538030659573,1,30,12,2196,3306
59,30,39,LinearSubgradientAuction,0.05,0.01,,True,,1000,3600,cats_reg_g30b150,,heuristic,2,False,CATS,150,regions,MultiMinded,1000,MaxIter,1643.1699999999983,2064.9126,6,1772.9,622.28800000000001,1077.1116000000002,2070.6641375423487,838.88406801162262,962.23107884516651,1,30,22,2379,3579
60,30,35,LinearSubgradientAuction,0.05,0.01,,True,,1000,3600,cats_reg_g30b150,,heuristic,2,False,CATS,150,regions,MultiMinded,1000,MaxIter,1415.9099999999962,1956.0875,7,1842.74,450.80399999999997,1191.6505,1949.3180145855231,217.24374083924033,320.27973879951651,1,29,8,2100,3145
61,30,37,LinearSubgradientAuction,0.05,0.01,,True,,1000,3600,cats_reg_g30b150,,heuristic,2,False,CATS,150,regions,MultiMinded,1000,MaxIter,1497.0299999999988,1951.6029999999998,9,1560.47,530.9905,1149.6416,1926.6469487376598,728.01417774933884,865.20298080961288,1,29,14,2220,3323
62,30,34,LinearSubgradientAuction,0.05,0.01,,True,,1000,3600,cats_reg_g30b150,,heuristic,2,False,CATS,150,regions,MultiMinded,1000,MaxIter,1409.189999999995,1978.0167,11,1737.89,582.94900000000007,1290.93584,1870.430283791118,597.12787858468528,857.95161727940979,1,30,29,2074,3124
63,30,30,LinearSubgradientAuction,0.05,0.01,,True,,1000,3600,cats_reg_g30b150,,heuristic,2,False,CATS,150,regions,MultiMinded,473,Balance,580.3199999999997,2547.4234,5,1821.34,869.476,2547.4234,2355.1371511723719,2175.6033348160418,2408.6792826418005,1,30,11,1830,2760
64,30,34,LinearSubgradientAuction,0.05,0.01,,True,,1000,3600,cats_reg_g30b150,,heuristic,2,False,CATS,150,regions,MultiMinded,1000,MaxIter,1408.3899999999994,2427.9729,11,1844.14,792.92899999999997,1219.2101,2395.0562858434669,315.34523955345009,513.6817639456433,1,30,13,2074,3124
65,30,36,LinearSubgradientAuction,0.05,0.01,,True,,1000,3600,cats_reg_g30b150,,heuristic,2,False,CATS,150,regions,MultiMinded,1000,MaxIter,1464.75,2209.3287,5,1779.98,732.52250000000004,457.9527,2120.7946496744548,15.694014899136194,224.73029772356071,1,29,24,2160,3234
66,30,30,LinearSubgradientAuction,0.05,0.01,,True,,1000,3600,cats_reg_g30b150,,heuristic,2,False,CATS,150,regions,MultiMinded,302,Balance,369.5699999999997,2387.3904,3,2290.03,553.03500000000008,2387.3904,2335.6119244415513,2263.7702766786383,2340.7011856967492,1,30,3,1830,2760
67,30,41,LinearSubgradientAuction,0.05,0.01,,True,,1000,3600,cats_reg_g30b150,,heuristic,2,False,CATS,150,regions,MultiMinded,1000,MaxIter,1671.3399999999965,2130.5865999999996,10,1569.3,447.20299999999997,1883.2345999999998,2156.8241007580136,772.01556521099292,961.10613799870384,1,29,5,2460,3679
68,30,34,LinearSubgradientAuction,0.05,0.01,,True,,1000,3600,cats_reg_g30b150,,heuristic,2,False,CATS,150,regions,MultiMinded,1000,MaxIter,1411.6599999999962,1871.0335999999998,10,1491.62,623.48450000000003,889.1915000000001,1853.8461943803818,106.7937719671113,264.94319912898709,1,30,23,2074,3124
69,30,34,LinearSubgradientAuction,0.05,0.01,,True,,1000,3600,cats_reg_g30b150,,heuristic,2,False,CATS,150,regions,MultiMinded,289,Balance,390.1999999999971,2248.1536,8,1918.69,909.28949999999998,2248.1536,2098.7125176993613,1816.8327726993616,1994.3484350886843,1,28,46,2006,2988
70,30,32,LinearSubgradientAuction,0.05,0.01,,True,,1000,3600,cats_reg_g30b150,,heuristic,2,False,CATS,150,regions,MultiMinded,1000,MaxIter,1314.3700000000026,2074.3614,3,1794.89,671.03600000000006,691.6512,2051.1151565154528,0.0,169.93757600769896,1,30,20,1952,2942
71,30,30,LinearSubgradientAuction,0.05,0.01,,True,,1000,3600,cats_reg_g30b150,,heuristic,2,False,CATS,150,regions,MultiMinded,1000,MaxIter,1196.3699999999953,2107.4125,7,1919.92,672.68100000000004,1965.8809999999999,2201.7712546661128,1693.3178626193467,1844.8254054946603,1,29,12,1800,2700
72,30,35,LinearSubgradientAuction,0.05,0.01,,True,,1000,3600,cats_reg_g30b150,,heuristic,2,False,CATS,150,regions,MultiMinded,1000,MaxIter,1434.1100000000006,1946.4843000000003,6,1216.53,554.09649999999999,789.3504,1931.0483790356859,163.92789947314782,397.62109023759194,1,30,20,2135,3215
73,30,35,LinearSubgradientAuction,0.05,0.01,,True,,1000,3600,cats_reg_g30b150,,heuristic,2,False,CATS,150,regions,MultiMinded,1000,MaxIter,1417.7099999999991,1852.6272999999999,8,1445.38,663.03899999999999,861.198,1738.67007797922,282.03500590716413,605.73830602258977,1,29,14,2100,3145
74,30,31,LinearSubgradientAuction,0.05,0.01,,True,,1000,3600,cats_reg_g30b150,,heuristic,2,False,CATS,150,regions,MultiMinded,1000,MaxIter,1210.0299999999988,2020.0417,7,1744.34,781.83899999999994,507.8234,2112.7713873894072,286.20473104376629,407.29136168116389,1,28,34,1829,2727
75,30,39,LinearSubgradientAuction,0.05,0.01,,True,,1000,3600,cats_reg_g30b150,,heuristic,2,False,CATS,150,regions,MultiMinded,1000,MaxIter,1632.8400000000038,2549.9302,11,1890.83,637.39099999999996,1366.4962,2405.5752507814559,566.36017769156058,952.51854183903242,1,30,12,2379,3579
76,30,36,LinearSubgradientAuction,0.05,0.01,,True,,1000,3600,cats_reg_g30b150,,heuristic,2,False,CATS,150,regions,MultiMinded,1000,MaxIter,1486.8700000000026,1970.4382,12,1633.82,405.01099999999997,1317.2722,2075.1315173026992,819.74662791433889,854.39715469197859,1,30,22,2196,3306
77,30,34,LinearSubgradientAuction,0.05,0.01,,True,,1000,3600,cats_reg_g30b150,,heuristic,2,False,CATS,150,regions,MultiMinded,1000,MaxIter,1362.5400000000009,1646.3148,7,1576.38,831.28949999999998,958.8892000000001,1697.6894363699225,435.50073350770447,467.63597785105304,1,28,16,2006,2988
78,30,34,LinearSubgradientAuction,0.05,0.01,,True,,1000,3600,cats_reg_g30b150,,heuristic,2,False,CATS,150,regions,MultiMinded,1000,MaxIter,1413.0699999999997,2412.1546,7,1881.66,768.41550000000007,1264.5421,2490.6944171705477,84.294990749947701,236.48418932245488,1,30,14,2074,3124
79,30,29,LinearSubgradientAuction,0.05,0.01,,True,,1000,3600,cats_reg_g30b150,,heuristic,2,False,CATS,150,regions,MultiMinded,1000,MaxIter,1179.1100000000006,2267.359,5,2060.3,919.01300000000003,687.298,2354.8364676158731,386.88641160649024,583.10040349832855,1,30,10,1769,2669
80,30,37,LinearSubgradientAuction,0.05,0.01,,True,,1000,3600,cats_reg_g30b150,,heuristic,2,False,CATS,150,regions,MultiMinded,1000,MaxIter,1512.6200000000026,2112.5864,6,1592.54,576.49599999999998,838.2374,2040.7641514815505,210.73671812100972,366.46157253764477,1,29,18,2220,3323
81,30,33,LinearSubgradientAuction,0.05,0.01,,True,,1000,3600,cats_reg_g30b150,,heuristic,2,False,CATS,150,regions,MultiMinded,1000,MaxIter,1373.1599999999962,1652.215,5,1316.69,725.81600000000003,1118.1170000000002,1792.3076413859594,542.72544955910155,551.93733013033102,1,30,23,2013,3033
82,30,35,LinearSubgradientAuction,0.05,0.01,,True,,1000,3600,cats_reg_g30b150,,heuristic,2,False,CATS,150,regions,MultiMinded,1000,MaxIter,1435.6800000000003,2109.0315,7,1900.31,619.13249999999994,981.7559,2313.0327821020614,769.4752291505946,870.23627590984745,1,30,12,2135,3215
83,30,32,LinearSubgradientAuction,0.05,0.01,,True,,1000,3600,cats_reg_g30b150,,heuristic,2,False,CATS,150,regions,MultiMinded,1000,MaxIter,1312.7000000000044,2576.43019,10,2027.96,1059.6700000000001,1931.9141900000004,2548.7054012091116,1337.248484553189,1432.1267441278524,1,30,33,1952,2942
84,30,34,LinearSubgradientAuction,0.05,0.01,,True,,1000,3600,cats_reg_g30b150,,heuristic,2,False,CATS,150,regions,MultiMinded,1000,MaxIter,1391.199999999997,1983.6759000000002,6,1485.27,650.14099999999996,1115.8478,1925.5606572645595,64.681700332888227,250.68905739817927,1,30,6,2074,3124
85,30,33,LinearSubgradientAuction,0.05,0.01,,True,,1000,3600,cats_reg_g30b150,,heuristic,2,False,CATS,150,regions,MultiMinded,656,Balance,876.1999999999971,1650.3177,6,1136.81,534.83399999999995,1650.3177,1613.3020305701714,1484.1406110229361,1534.6759703748087,1,29,16,1980,2967
86,30,37,LinearSubgradientAuction,0.05,0.01,,True,,1000,3600,cats_reg_g30b150,,heuristic,2,False,CATS,150,regions,MultiMinded,1000,MaxIter,1536.3799999999974,2073.2363,5,1605.13,504.47649999999999,1168.9262999999999,1890.1740381278335,63.891378165973009,291.51950327204338,1,30,9,2257,3397
87,30,34,LinearSubgradientAuction,0.05,0.01,,True,,1000,3600,cats_reg_g30b150,,heuristic,2,False,CATS,150,regions,MultiMinded,1000,MaxIter,1389.520000000004,2161.5317,7,1611.82,461.19499999999999,1123.2927,2188.5320982273961,367.03423561461898,606.28942900228981,1,29,16,2040,3056
88,30,35,LinearSubgradientAuction,0.05,0.01,,True,,1000,3600,cats_reg_g30b150,,heuristic,2,False,CATS,150,regions,MultiMinded,859,Balance,1239.3499999999985,1960.6723,11,1579.4,529.16499999999996,1960.6723,1951.0849284216522,1712.3979378056276,1792.3154684145072,1,30,15,2135,3215
89,30,40,LinearSubgradientAuction,0.05,0.01,,True,,1000,3600,cats_reg_g30b150,,heuristic,2,False,CATS,150,regions,MultiMinded,1000,MaxIter,1642.6099999999933,2103.4608,7,1324.86,455.78500000000003,1087.3245,1751.1977983403506,441.79010727698909,803.93146718096455,1,29,18,2400,3590
90,30,36,LinearSubgradientAuction,0.05,0.01,,True,,1000,3600,cats_reg_g30b150,,heuristic,2,False,CATS,150,regions,MultiMinded,1000,MaxIter,1458.9199999999983,2252.2093,8,1749.09,686.99800000000005,1531.1563,2165.52644637191,409.46356706876946,555.62952564076159,1,29,7,2160,3234
91,30,37,LinearSubgradientAuction,0.05,0.01,,True,,1000,3600,cats_reg_g30b150,,heuristic,2,False,CATS,150,regions,MultiMinded,1000,MaxIter,1499.9599999999991,2533.4677,11,1557.05,605.50300000000004,1651.415,2221.4059383503004,9.4200956835490857,473.78283099769396,1,29,18,2220,3323
92,30,37,LinearSubgradientAuction,0.05,0.01,,True,,1000,3600,cats_reg_g30b150,,heuristic,2,False,CATS,150,regions,MultiMinded,1000,MaxIter,1548.5,2087.0795,8,1557.29,467.12700000000001,1541.2385,1997.4133633333672,924.87849152082504,1061.0995567045443,1,30,15,2257,3397
93,30,34,LinearSubgradientAuction,0.05,0.01,,True,,1000,3600,cats_reg_g30b150,,heuristic,2,False,CATS,150,regions,MultiMinded,1000,MaxIter,1406.6100000000006,2220.4165999999996,11,1477.09,531.97949999999992,1447.7878,2252.0412002724147,503.99338972284374,633.14316097068433,1,30,27,2074,3124
94,30,33,LinearSubgradientAuction,0.05,0.01,,True,,1000,3600,cats_reg_g30b150,,heuristic,2,False,CATS,150,regions,MultiMinded,1000,MaxIter,1324.8499999999985,2089.1439,7,1850.23,583.02999999999997,1737.4749,2112.3899847320895,978.86570390324255,1132.7412074160352,1,29,7,1980,2967
95,30,36,LinearSubgradientAuction,0.05,0.01,,True,,1000,3600,cats_reg_g30b150,,heuristic,2,False,CATS,150,regions,MultiMinded,1000,MaxIter,1484.9400000000023,2218.1557,8,1747.55,732.99250000000006,910.1530000000001,2239.4206628679899,656.01509011336907,787.41942150793443,1,30,24,2196,3306
96,30,33,LinearSubgradientAuction,0.05,0.01,,True,,1000,3600,cats_reg_g30b150,,heuristic,2,False,CATS,150,regions,MultiMinded,1000,MaxIter,1362.4000000000015,1873.9284000000002,8,1690.89,555.43200000000002,1177.2205000000001,1997.0072095169394,710.95668543977081,778.86922089008192,1,30,19,2013,3033
97,30,37,LinearSubgradientAuction,0.05,0.01,,True,,1000,3600,cats_reg_g30b150,,heuristic,2,False,CATS,150,regions,MultiMinded,1000,MaxIter,1500.0199999999968,1853.4531000000002,6,1334.16,635.36699999999996,1047.5781,1800.0497515374836,142.72628681077288,233.15459429974155,1,29,13,2220,3323
98,30,36,LinearSubgradientAuction,0.05,0.01,,True,,1000,3600,cats_reg_g30b150,,heuristic,2,False,CATS,150,regions,MultiMinded,1000,MaxIter,1486.9400000000023,2779.0163,9,2131.76,620.35799999999995,1611.1523000000002,2790.6011346011219,391.6250634345667,518.58540965930922,1,30,13,2196,3306
99,30,37,LinearSubgradientAuction,0.05,0.01,,True,,1000,3600,cats_reg_g30b150,,heuristic,2,False,CATS,150,regions,MultiMinded,1000,MaxIter,1538.5800000000017,2286.8288000000002,4,1573.72,543.00099999999998,1444.9638,2371.6563403258988,753.69493845161571,867.04024718396124,1,30,11,2257,3397
100,30,32,LinearSubgradientAuction,0.05,0.01,,True,,1000,3600,cats_reg_g30b150,,heuristic,2,False,CATS,150,regions,MultiMinded,1000,MaxIter,1322.760000000002,1906.0085,11,1496.95,591.39400000000001,953.6515,1777.5322811263472,602.02944400677029,768.6316688288548,1,30,45,1952,2942
