idx,items,agents,auction_class,epsilon,stepc,epoch,scalebyvalue,reserve_type,maxiter,maxtime,generator_param_name,personalized,bidding_strategy,heuristic_pool_num,int_prices,generator,bids,distribution,type,rounds,status,runtime,efficient_value,final_num_winners,final_max_agent_value,final_scalevalue,final_value,final_total_price,final_revenue,final_indirect_util,final_price_degree,final_price_sparsity,final_imbalance,final_wd_nvars,final_wd_ncons
1,30,36,LinearHeuristicAuction,0.05,0.01,,True,,1000,3600,cats_reg_g30b150,,heuristic,3,False,CATS,150,regions,MultiMinded,1000,MaxIter,129.65000000002328,2502.8085,11,1712.02,630.28700000000003,2182.9995000000004,2172.2083064040662,669.41842416593033,1080.3433435504323,1,30,48,111,66
2,30,38,LinearHeuristicAuction,0.05,0.01,,True,,1000,3600,cats_reg_g30b150,,heuristic,3,False,CATS,150,regions,MultiMinded,1000,MaxIter,128.22000000000116,2067.4249,1,1460.04,478.96600000000001,1337.91,2197.6722011628699,0,42.130836826119278,1,30,53,109,68
3,30,36,LinearHeuristicAuction,0.05,0.01,,True,,1000,3600,cats_reg_g30b150,,heuristic,3,False,CATS,150,regions,MultiMinded,1000,MaxIter,116.42999999999302,2226.2472000000002,8,1961.0,494.50999999999999,1617.9667,2237.1753214852447,369.81808541483014,410.90312704132543,1,29,28,98,66
4,30,38,LinearHeuristicAuction,0.05,0.01,,True,,1000,3600,cats_reg_g30b150,,heuristic,3,False,CATS,150,regions,MultiMinded,1000,MaxIter,117.5,2004.9491999999998,11,1505.7,557.86300000000006,1895.4632000000001,1808.1564329184766,1002.9390667229042,1281.2548342259799,1,30,17,104,68
5,30,35,LinearHeuristicAuction,0.05,0.01,,True,,1000,3600,cats_reg_g30b150,,heuristic,3,False,CATS,150,regions,MultiMinded,1000,MaxIter,127.26000000000931,1864.626,6,1703.97,505.12049999999999,1565.7752999999998,1873.7253297387128,296.0682482789889,375.93006936367016,1,30,37,106,65
6,30,35,LinearHeuristicAuction,0.05,0.01,,True,,1000,3600,cats_reg_g30b150,,heuristic,3,False,CATS,150,regions,MultiMinded,1000,MaxIter,127.50999999998021,2116.0368,2,1959.83,614.52500000000009,2030.1247999999998,2262.4487438575693,0.0,120.40360355988184,1,30,61,105,65
7,30,35,LinearHeuristicAuction,0.05,0.01,,True,,1000,3600,cats_reg_g30b150,,heuristic,3,False,CATS,150,regions,MultiMinded,1000,MaxIter,124.19000000000233,2031.9575,6,1330.11,558.39999999999998,1420.3315,2014.1825123112276,348.41164357342291,572.82532332303845,1,29,29,95,65
8,30,35,LinearHeuristicAuction,0.05,0.01,,True,,1000,3600,cats_reg_g30b150,,heuristic,3,False,CATS,150,regions,MultiMinded,1000,MaxIter,119.1699999999837,2027.57669,7,1379.5,642.28750000000002,1598.34069,1873.2025517423285,94.018780234292421,338.72834297416847,1,30,32,98,65
9,30,36,LinearHeuristicAuction,0.05,0.01,,True,,1000,3600,cats_reg_g30b150,,heuristic,3,False,CATS,150,regions,MultiMinded,1000,MaxIter,123.74000000001979,1859.5272999999997,8,1542.29,443.88650000000001,1641.6976,1845.5916211654148,258.69490333338524,362.92023192659502,1,29,21,114,66
10,30,34,LinearHeuristicAuction,0.05,0.01,,True,,1000,3600,cats_reg_g30b150,,heuristic,3,False,CATS,150,regions,MultiMinded,1000,MaxIter,122.92999999999302,2566.974,8,2112.56,626.02300000000002,2225.4651999999996,2509.809895226052,869.18853386940145,1288.6011118161725,1,30,40,102,64
11,30,36,LinearHeuristicAuction,0.05,0.01,,True,,1000,3600,cats_reg_g30b150,,heuristic,3,False,CATS,150,regions,MultiMinded,1000,MaxIter,118.23999999999069,2431.6115,5,2098.81,721.22149999999999,1821.3198000000002,2444.4333206068131,182.32943833633283,314.15353980562384,1,30,26,96,66
12,30,32,LinearHeuristicAuction,0.05,0.01,,True,,1000,3600,cats_reg_g30b150,,heuristic,3,False,CATS,150,regions,MultiMinded,1000,MaxIter,115.86000000001513,1865.81568,8,1645.15,855.13049999999998,1767.21838,1963.3783284230165,0.0,241.35883480031211,1,30,16,86,62
13,30,35,LinearHeuristicAuction,0.05,0.01,,True,,1000,3600,cats_reg_g30b150,,heuristic,3,False,CATS,150,regions,MultiMinded,1000,MaxIter,126.5,1773.5022000000001,3,1494.31,678.60900000000004,1349.2482,1765.1357134052148,53.003855549476384,173.71390800083475,1,30,29,98,65
14,30,32,LinearHeuristicAuction,0.05,0.01,,True,,1000,3600,cats_reg_g30b150,,heuristic,3,False,CATS,150,regions,MultiMinded,1000,MaxIter,115.86000000001513,1980.1873000000003,6,1559.99,631.08900000000006,1539.8353000000002,1993.8051295055477,258.05945213032135,450.81055776386052,1,29,43,86,62
15,30,36,LinearHeuristicAuction,0.05,0.01,,True,,1000,3600,cats_reg_g30b150,,heuristic,3,False,CATS,150,regions,MultiMinded,15,Balance,1.6900000000023283,2512.4141000000004,3,2312.23,781.00699999999995,2512.4141000000004,2333.5639511659861,2250.4474014282705,2478.0698661237243,1,30,8,74,66
16,30,34,LinearHeuristicAuction,0.05,0.01,,True,,1000,3600,cats_reg_g30b150,,heuristic,3,False,CATS,150,regions,MultiMinded,1000,MaxIter,123.88000000000466,1929.452,9,1789.44,584.255,1636.3157,2070.5372842113534,607.99519813858831,715.75597308128681,1,29,51,103,64
17,30,33,LinearHeuristicAuction,0.05,0.01,,True,,1000,3600,cats_reg_g30b150,,heuristic,3,False,CATS,150,regions,MultiMinded,1000,MaxIter,129.64999999999418,1934.7395999999999,1,1626.95,730.93200000000002,1591.33,1997.182744527815,0,98.904870720409704,1,30,76,102,63
18,30,34,LinearHeuristicAuction,0.05,0.01,,True,,1000,3600,cats_reg_g30b150,,heuristic,3,False,CATS,150,regions,MultiMinded,1000,MaxIter,118.01000000000931,2504.1384,6,1818.33,781.33600000000001,2373.2813,2435.9020299385552,2090.875658009129,2172.9680176927254,1,28,20,87,64
19,30,36,LinearHeuristicAuction,0.05,0.01,,True,,1000,3600,cats_reg_g30b150,,heuristic,3,False,CATS,150,regions,MultiMinded,1000,MaxIter,117.63999999998487,2560.7110000000002,4,1508.06,549.71399999999994,1793.8718999999999,2233.7240020809791,0.0,465.39860062167884,1,30,59,104,66
20,30,37,LinearHeuristicAuction,0.05,0.01,,True,,1000,3600,cats_reg_g30b150,,heuristic,3,False,CATS,150,regions,MultiMinded,1000,MaxIter,146.9899999999907,1801.7813999999998,7,1490.47,395.125,1427.6235,2017.2702300189653,453.47260821366291,561.89546456736696,1,30,47,131,67
21,30,33,LinearHeuristicAuction,0.05,0.01,,True,,1000,3600,cats_reg_g30b150,,heuristic,3,False,CATS,150,regions,MultiMinded,1000,MaxIter,123.29000000000815,1553.7635,2,1374.19,778.39550000000008,1384.8905,1536.6615994825695,17.558630377939956,115.28600969908703,1,30,26,86,63
22,30,38,LinearHeuristicAuction,0.05,0.01,,True,,1000,3600,cats_reg_g30b150,,heuristic,3,False,CATS,150,regions,MultiMinded,1000,MaxIter,119.80999999999767,2312.252,3,2123.59,638.69949999999994,2224.6266,2533.7250735351217,54.657568779813104,187.76056684138666,1,29,51,109,68
23,30,38,LinearHeuristicAuction,0.05,0.01,,True,,1000,3600,cats_reg_g30b150,,heuristic,3,False,CATS,150,regions,MultiMinded,1000,MaxIter,123.02999999999884,2354.8725,9,1818.1,597.00800000000004,1690.1191999999999,2201.4726050153713,0.0,260.47814485665447,1,29,45,100,68
24,30,35,LinearHeuristicAuction,0.05,0.01,,True,,1000,3600,cats_reg_g30b150,,heuristic,3,False,CATS,150,regions,MultiMinded,1000,MaxIter,116.84999999997672,1892.4884,8,1241.36,538.58849999999995,1524.6518,1903.8322319225017,0.0,284.63094276378155,1,30,25,98,65
25,30,33,LinearHeuristicAuction,0.05,0.01,,True,,1000,3600,cats_reg_g30b150,,heuristic,3,False,CATS,150,regions,MultiMinded,1000,MaxIter,123.1700000000128,1741.0822999999998,5,1538.41,861.41849999999999,1705.5494,1859.9409998438398,1411.5487479433912,1504.2018917963155,1,30,34,93,63
26,30,34,LinearHeuristicAuction,0.05,0.01,,True,,1000,3600,cats_reg_g30b150,,heuristic,3,False,CATS,150,regions,MultiMinded,1000,MaxIter,119.45999999999185,2008.668,10,1919.5,424.82100000000003,1729.9099,2166.6255286532014,195.0764645204834,295.06997884909572,1,30,22,107,64
27,30,32,LinearHeuristicAuction,0.05,0.01,,True,,1000,3600,cats_reg_g30b150,,heuristic,3,False,CATS,150,regions,MultiMinded,1000,MaxIter,121.25,2175.2061,3,1890.21,644.31150000000002,2075.148,2309.4404941492303,1341.4671945117777,1344.3583119056466,1,29,33,103,62
28,30,37,LinearHeuristicAuction,0.05,0.01,,True,,1000,3600,cats_reg_g30b150,,heuristic,3,False,CATS,150,regions,MultiMinded,1000,MaxIter,125.14999999999418,2040.43179,9,1615.6,517.23699999999997,1805.9304000000002,2028.5567048644202,202.91982197501281,405.98752916589098,1,29,35,106,67
29,30,33,LinearHeuristicAuction,0.05,0.01,,True,,1000,3600,cats_reg_g30b150,,heuristic,3,False,CATS,150,regions,MultiMinded,1000,MaxIter,123.03999999997905,2111.632,4,1854.64,708.57899999999995,2092.38,2027.4253241164636,36.144845894886075,387.52665045644085,1,30,53,102,63
30,30,35,LinearHeuristicAuction,0.05,0.01,,True,,1000,3600,cats_reg_g30b150,,heuristic,3,False,CATS,150,regions,MultiMinded,1000,MaxIter,129.72000000000116,2323.0769999999998,2,1594.17,462.18150000000003,1524.7060000000001,2158.2681557696055,0.0,314.2081243116258,1,29,44,115,65
31,30,34,LinearHeuristicAuction,0.05,0.01,,True,,1000,3600,cats_reg_g30b150,,heuristic,3,False,CATS,150,regions,MultiMinded,1000,MaxIter,134.0100000000093,2659.4860000000003,2,2167.09,585.07799999999997,2248.247,2727.6882129510486,11.228813660389818,126.15153974626551,1,30,54,112,64
32,30,37,LinearHeuristicAuction,0.05,0.01,,True,,1000,3600,cats_reg_g30b150,,heuristic,3,False,CATS,150,regions,MultiMinded,1000,MaxIter,137.88000000000466,1999.8556999999998,4,1545.46,522.50199999999995,1437.8166999999999,1962.4450470897104,0.0,183.70411821710206,1,30,47,117,67
33,30,37,LinearHeuristicAuction,0.05,0.01,,True,,1000,3600,cats_reg_g30b150,,heuristic,3,False,CATS,150,regions,MultiMinded,1000,MaxIter,127.42999999999302,1805.9524000000001,8,1582.17,487.50400000000002,1504.702,1762.1704889507678,693.83911292362086,879.11611091035832,1,30,7,112,67
34,30,39,LinearHeuristicAuction,0.05,0.01,,True,,1000,3600,cats_reg_g30b150,,heuristic,3,False,CATS,150,regions,MultiMinded,1000,MaxIter,126.91000000000349,1983.6001999999999,7,1564.76,623.41200000000003,1869.5209,2088.8427465365135,893.30401672733751,1163.2256085183751,1,28,33,107,69
35,30,38,LinearHeuristicAuction,0.05,0.01,,True,,1000,3600,cats_reg_g30b150,,heuristic,3,False,CATS,150,regions,MultiMinded,1000,MaxIter,129.69000000000233,2341.4052,5,1755.59,637.298,1879.8018000000002,2271.0047160172762,13.756933834457644,346.37995009332462,1,29,39,104,68
36,30,33,LinearHeuristicAuction,0.05,0.01,,True,,1000,3600,cats_reg_g30b150,,heuristic,3,False,CATS,150,regions,MultiMinded,1000,MaxIter,128.05999999999767,2136.9992,7,1693.26,587.83249999999998,2117.88,2274.4761757548963,1193.9377932618693,1307.5790924612575,1,29,46,103,63
37,30,34,LinearHeuristicAuction,0.05,0.01,,True,,1000,3600,cats_reg_g30b150,,heuristic,3,False,CATS,150,regions,MultiMinded,1000,MaxIter,119.61999999999534,1991.3467,4,1812.59,701.23299999999995,1695.2167000000002,2173.8351824041765,49.91632981615453,254.57850682233118,1,30,46,94,64
38,30,40,LinearHeuristicAuction,0.05,0.01,,True,,1000,3600,cats_reg_g30b150,,heuristic,3,False,CATS,150,regions,MultiMinded,409,Balance,52.08999999999651,2724.0288,6,2153.9,576.38300000000004,2724.0288,2406.9380343375065,2276.0581310589009,2639.3303493988014,1,30,36,109,70
39,30,30,LinearHeuristicAuction,0.05,0.01,,True,,1000,3600,cats_reg_g30b150,,heuristic,3,False,CATS,150,regions,MultiMinded,1000,MaxIter,114.64000000001397,1968.0602,6,1918.66,764.726,1871.4459,2060.9034651535449,324.09683859870665,678.84692652454294,1,30,25,84,60
40,30,33,LinearHeuristicAuction,0.05,0.01,,True,,1000,3600,cats_reg_g30b150,,heuristic,3,False,CATS,150,regions,MultiMinded,446,Balance,54.50999999998021,1942.0583000000001,3,1674.34,688.69799999999998,1942.0583000000001,1887.8622309170137,1805.1376350929725,1863.0011392689312,1,30,26,94,63
41,30,35,LinearHeuristicAuction,0.05,0.01,,True,,1000,3600,cats_reg_g30b150,,heuristic,3,False,CATS,150,regions,MultiMinded,1000,MaxIter,123.75,1877.7214099999999,6,1423.29,646.35299999999995,1795.6165,1958.1468488078312,292.67550469987373,384.00292464907932,1,29,40,100,65
42,30,32,LinearHeuristicAuction,0.05,0.01,,True,,1000,3600,cats_reg_g30b150,,heuristic,3,False,CATS,150,regions,MultiMinded,1000,MaxIter,127.45999999999185,2111.841,7,1703.5,646.17399999999998,1903.8759999999997,2260.6914563291593,1158.5085979574792,1166.485918011891,1,30,46,93,62
43,30,40,LinearHeuristicAuction,0.05,0.01,,True,,1000,3600,cats_reg_g30b150,,heuristic,3,False,CATS,150,regions,MultiMinded,1000,MaxIter,124.23999999999069,2446.7208,5,1927.69,685.90899999999999,1995.4439000000002,2310.7041152676979,128.17461706624096,337.21170699871044,1,29,99,98,70
44,30,35,LinearHeuristicAuction,0.05,0.01,,True,,1000,3600,cats_reg_g30b150,,heuristic,3,False,CATS,150,regions,MultiMinded,1000,MaxIter,121.50999999998021,1711.1515999999997,3,1299.51,651.40899999999999,1455.1428999999998,1576.1153618013363,17.443752129114444,255.51295105757129,1,29,32,97,65
45,30,38,LinearHeuristicAuction,0.05,0.01,,True,,1000,3600,cats_reg_g30b150,,heuristic,3,False,CATS,150,regions,MultiMinded,1000,MaxIter,128.45999999999185,2034.5094,3,1828.07,742.07299999999998,1865.0793999999999,2220.1027931588355,0.0,89.867851956097326,1,30,48,106,68
46,30,31,LinearHeuristicAuction,0.05,0.01,,True,,1000,3600,cats_reg_g30b150,,heuristic,3,False,CATS,150,regions,MultiMinded,67,Balance,7.059999999997672,2564.0325000000003,3,2373.4,807.26099999999997,2549.4987,2475.4969976069397,2394.7708976069398,2497.4793001436356,1,29,12,74,61
47,30,37,LinearHeuristicAuction,0.05,0.01,,True,,1000,3600,cats_reg_g30b150,,heuristic,3,False,CATS,150,regions,MultiMinded,1000,MaxIter,121.52999999999884,2233.1322,5,1669.44,664.97900000000004,1863.1532,2067.8936665176134,84.615858658538741,339.31802904567417,1,30,27,100,67
48,30,35,LinearHeuristicAuction,0.05,0.01,,True,,1000,3600,cats_reg_g30b150,,heuristic,3,False,CATS,150,regions,MultiMinded,1000,MaxIter,163.0099999999802,2069.4358,8,1826.01,556.24350000000004,2034.4689,2111.2746042190015,1171.33050031062,1342.0969142569188,1,30,27,116,65
49,30,30,LinearHeuristicAuction,0.05,0.01,,True,,1000,3600,cats_reg_g30b150,,heuristic,3,False,CATS,150,regions,MultiMinded,1000,MaxIter,118.70999999999185,1979.7895999999998,7,1594.07,673.82600000000002,1715.6816,2007.6251121089649,0.0,89.910567501631164,1,30,36,92,60
50,30,33,LinearHeuristicAuction,0.05,0.01,,True,,1000,3600,cats_reg_g30b150,,heuristic,3,False,CATS,150,regions,MultiMinded,1000,MaxIter,121.12999999997555,2110.6722999999997,7,1335.35,460.47550000000001,1954.9013,1982.8046688409295,308.54940795029938,539.14017075699826,1,29,25,102,63
51,30,37,LinearHeuristicAuction,0.05,0.01,,True,,1000,3600,cats_reg_g30b150,,heuristic,3,False,CATS,150,regions,MultiMinded,417,Balance,53.75,2245.4244000000003,6,1882.26,597.73699999999997,2245.4244000000003,2182.5221005616827,2046.7933217010216,2150.5700260668546,1,29,35,112,67
52,30,32,LinearHeuristicAuction,0.05,0.01,,True,,1000,3600,cats_reg_g30b150,,heuristic,3,False,CATS,150,regions,MultiMinded,1000,MaxIter,116.19000000000233,1756.6213,8,1409.87,556.45500000000004,1367.5623,1718.6300841183645,194.9498652056474,287.44354036821466,1,30,47,100,62
53,30,34,LinearHeuristicAuction,0.05,0.01,,True,,1000,3600,cats_reg_g30b150,,heuristic,3,False,CATS,150,regions,MultiMinded,1000,MaxIter,129.6700000000128,2325.6629000000003,10,1796.97,570.23000000000002,2088.0934,2106.0479927813612,955.06870153834268,1375.0534338813018,1,30,33,103,64
54,30,37,LinearHeuristicAuction,0.05,0.01,,True,,1000,3600,cats_reg_g30b150,,heuristic,3,False,CATS,150,regions,MultiMinded,1000,MaxIter,128.25,2355.424,4,2152.9,670.553,2343.7718,2393.9533899816347,153.08639465213429,213.10650461044764,1,30,33,105,67
55,30,33,LinearHeuristicAuction,0.05,0.01,,True,,1000,3600,cats_reg_g30b150,,heuristic,3,False,CATS,150,regions,MultiMinded,1000,MaxIter,122.0,2078.1524999999997,5,1352.37,548.28150000000005,1806.0175,2238.9516410345818,76.509973768975328,141.93408649398157,1,30,37,106,63
56,30,39,LinearHeuristicAuction,0.05,0.01,,True,,1000,3600,cats_reg_g30b150,,heuristic,3,False,CATS,150,regions,MultiMinded,1000,MaxIter,124.66000000000349,1893.3772000000004,10,1498.24,591.42200000000003,1813.151,1815.1229458225037,1133.3555468617601,1293.4668274301152,1,29,11,96,69
57,30,36,LinearHeuristicAuction,0.05,0.01,,True,,1000,3600,cats_reg_g30b150,,heuristic,3,False,CATS,150,regions,MultiMinded,1000,MaxIter,138.86000000001513,1899.5301999999997,6,1604.44,621.16750000000002,1721.1751,1917.4255498167095,1084.4263695648553,1201.0276170017107,1,30,48,117,66
58,30,36,LinearHeuristicAuction,0.05,0.01,,True,,1000,3600,cats_reg_g30b150,,heuristic,3,False,CATS,150,regions,MultiMinded,1000,MaxIter,126.05000000001746,2429.6093,8,2057.42,832.86300000000006,1983.7262999999998,2310.1675257528186,238.38090259615464,484.38625282697035,1,30,24,93,66
59,30,39,LinearHeuristicAuction,0.05,0.01,,True,,1000,3600,cats_reg_g30b150,,heuristic,3,False,CATS,150,regions,MultiMinded,1000,MaxIter,131.39000000001397,2064.9126,4,1772.9,622.28800000000001,1995.3096,2110.8864562894055,81.322145598290703,219.28429556566289,1,30,25,101,69
60,30,35,LinearHeuristicAuction,0.05,0.01,,True,,1000,3600,cats_reg_g30b150,,heuristic,3,False,CATS,150,regions,MultiMinded,1000,MaxIter,128.21000000002095,1956.0875,9,1842.74,450.80399999999997,1878.429,2078.4920821994683,1034.9722107871353,1133.8674836544642,1,30,46,112,65
61,30,37,LinearHeuristicAuction,0.05,0.01,,True,,1000,3600,cats_reg_g30b150,,heuristic,3,False,CATS,150,regions,MultiMinded,1000,MaxIter,121.77999999999884,1951.6029999999998,8,1560.47,530.9905,1798.3892999999998,1910.2273343718246,341.61663148268616,472.70684072330118,1,30,28,106,67
62,30,34,LinearHeuristicAuction,0.05,0.01,,True,,1000,3600,cats_reg_g30b150,,heuristic,3,False,CATS,150,regions,MultiMinded,1000,MaxIter,121.52999999999884,1978.0167,6,1737.89,582.94900000000007,1608.1305399999999,1926.6504401823759,3.0237472082476842,319.98454707444466,1,30,31,99,64
63,30,30,LinearHeuristicAuction,0.05,0.01,,True,,1000,3600,cats_reg_g30b150,,heuristic,3,False,CATS,150,regions,MultiMinded,1000,MaxIter,115.61999999999534,2547.4234,5,1821.34,869.476,2361.1973999999996,2342.7170076947982,9.6272101682918105,266.17451681399268,1,30,58,84,60
64,30,34,LinearHeuristicAuction,0.05,0.01,,True,,1000,3600,cats_reg_g30b150,,heuristic,3,False,CATS,150,regions,MultiMinded,1000,MaxIter,127.71000000002095,2427.9729,4,1844.14,792.92899999999997,2017.8884,2379.7482615395984,113.57636502688827,251.97341325345286,1,29,51,99,64
65,30,36,LinearHeuristicAuction,0.05,0.01,,True,,1000,3600,cats_reg_g30b150,,heuristic,3,False,CATS,150,regions,MultiMinded,1000,MaxIter,125.79000000000815,2209.3287,5,1779.98,732.52250000000004,1623.2435,2184.4427588245676,75.818467261786424,257.2339120382411,1,30,46,95,66
66,30,30,LinearHeuristicAuction,0.05,0.01,,True,,1000,3600,cats_reg_g30b150,,heuristic,3,False,CATS,150,regions,MultiMinded,207,Balance,22.54999999998836,2387.3904,2,2290.03,553.03500000000008,2387.3904,2328.1104146592361,2272.8069146592361,2358.8118763585303,1,30,6,78,60
67,30,41,LinearHeuristicAuction,0.05,0.01,,True,,1000,3600,cats_reg_g30b150,,heuristic,3,False,CATS,150,regions,MultiMinded,1000,MaxIter,137.89000000001397,2130.5865999999996,9,1569.3,447.20299999999997,1907.4995,2179.795123302973,369.74776925218941,552.81974228809986,1,30,9,125,71
68,30,34,LinearHeuristicAuction,0.05,0.01,,True,,1000,3600,cats_reg_g30b150,,heuristic,3,False,CATS,150,regions,MultiMinded,1000,MaxIter,130.25,1871.0335999999998,5,1491.62,623.48450000000003,1625.6805,1843.2314660217596,632.01596281392267,844.86524923186494,1,30,47,100,64
69,30,34,LinearHeuristicAuction,0.05,0.01,,True,,1000,3600,cats_reg_g30b150,,heuristic,3,False,CATS,150,regions,MultiMinded,28,Balance,3.2299999999813735,2248.1536,8,1918.69,909.28949999999998,2248.1536,2092.1630208099928,1821.962708901073,2070.0685829804934,1,29,51,83,64
70,30,32,LinearHeuristicAuction,0.05,0.01,,True,,1000,3600,cats_reg_g30b150,,heuristic,3,False,CATS,150,regions,MultiMinded,1000,MaxIter,120.6700000000128,2074.3614,6,1794.89,671.03600000000006,1543.7751999999998,2240.8125357446529,132.83087150253712,349.39310198439534,1,30,23,84,62
71,30,30,LinearHeuristicAuction,0.05,0.01,,True,,1000,3600,cats_reg_g30b150,,heuristic,3,False,CATS,150,regions,MultiMinded,1000,MaxIter,117.06000000002678,2107.4125,8,1919.92,672.68100000000004,1813.1131999999998,2272.045243083136,770.21845801404936,888.92402982646843,1,29,22,88,60
72,30,35,LinearHeuristicAuction,0.05,0.01,,True,,1000,3600,cats_reg_g30b150,,heuristic,3,False,CATS,150,regions,MultiMinded,1000,MaxIter,143.6600000000035,1946.4843000000003,9,1216.53,554.09649999999999,1714.2257,1781.180351572553,88.140140577116995,331.23418183930767,1,30,30,102,65
73,30,35,LinearHeuristicAuction,0.05,0.01,,True,,1000,3600,cats_reg_g30b150,,heuristic,3,False,CATS,150,regions,MultiMinded,1000,MaxIter,112.29999999998836,1852.6272999999999,10,1445.38,663.03899999999999,1686.876,1846.4137930471195,262.60659850845087,539.21781239762026,1,30,47,97,65
74,30,31,LinearHeuristicAuction,0.05,0.01,,True,,1000,3600,cats_reg_g30b150,,heuristic,3,False,CATS,150,regions,MultiMinded,1000,MaxIter,116.49000000001979,2020.0417,5,1744.34,781.83899999999994,1958.9530999999997,2193.9308836776527,279.67623968011094,401.13063365931964,1,29,47,86,61
75,30,39,LinearHeuristicAuction,0.05,0.01,,True,,1000,3600,cats_reg_g30b150,,heuristic,3,False,CATS,150,regions,MultiMinded,1000,MaxIter,127.26000000000931,2549.9302,10,1890.83,637.39099999999996,2151.4402,2419.5878776389322,960.53698414089854,1475.2864291641658,1,29,40,116,69
76,30,36,LinearHeuristicAuction,0.05,0.01,,True,,1000,3600,cats_reg_g30b150,,heuristic,3,False,CATS,150,regions,MultiMinded,1000,MaxIter,132.7600000000093,1970.4382,4,1633.82,405.01099999999997,1521.5102,2095.3155870802807,114.1010781152589,152.3782491302174,1,30,28,110,66
77,30,34,LinearHeuristicAuction,0.05,0.01,,True,,1000,3600,cats_reg_g30b150,,heuristic,3,False,CATS,150,regions,MultiMinded,1000,MaxIter,123.03999999997905,1646.3148,7,1576.38,831.28949999999998,1303.1082,1744.5943077531274,225.73412710468131,280.49318373361911,1,30,41,100,64
78,30,34,LinearHeuristicAuction,0.05,0.01,,True,,1000,3600,cats_reg_g30b150,,heuristic,3,False,CATS,150,regions,MultiMinded,1000,MaxIter,128.94999999998254,2412.1546,3,1881.66,768.41550000000007,1831.1471,2441.51179943545,0.0,196.52640892422198,1,30,70,98,64
79,30,29,LinearHeuristicAuction,0.05,0.01,,True,,1000,3600,cats_reg_g30b150,,heuristic,3,False,CATS,150,regions,MultiMinded,1000,MaxIter,118.66000000000349,2267.359,4,2060.3,919.01300000000003,2080.0636000000004,2349.0374650004037,1723.9262413872405,1936.080285511111,1,30,37,87,59
80,30,37,LinearHeuristicAuction,0.05,0.01,,True,,1000,3600,cats_reg_g30b150,,heuristic,3,False,CATS,150,regions,MultiMinded,1000,MaxIter,127.53999999997905,2112.5864,8,1592.54,576.49599999999998,1943.511,2057.5188268683837,1320.3211531457673,1484.4097049346665,1,29,38,107,67
81,30,33,LinearHeuristicAuction,0.05,0.01,,True,,1000,3600,cats_reg_g30b150,,heuristic,3,False,CATS,150,regions,MultiMinded,1000,MaxIter,115.68000000002212,1652.215,2,1316.69,725.81600000000003,1146.691,1808.7657916480073,12.320176409376295,164.75474689172739,1,29,32,85,63
82,30,35,LinearHeuristicAuction,0.05,0.01,,True,,1000,3600,cats_reg_g30b150,,heuristic,3,False,CATS,150,regions,MultiMinded,1000,MaxIter,134.45999999999185,2109.0315,3,1900.31,619.13249999999994,1170.8374999999999,2274.7680825910661,22.156235188949402,170.91218135676183,1,30,43,110,65
83,30,32,LinearHeuristicAuction,0.05,0.01,,True,,1000,3600,cats_reg_g30b150,,heuristic,3,False,CATS,150,regions,MultiMinded,1000,MaxIter,127.48999999999069,2576.43019,2,2027.96,1059.6700000000001,1963.8086,2657.2381848853151,0.0,87.030644964239826,1,30,49,92,62
84,30,34,LinearHeuristicAuction,0.05,0.01,,True,,1000,3600,cats_reg_g30b150,,heuristic,3,False,CATS,150,regions,MultiMinded,1000,MaxIter,117.79999999998836,1983.6759000000002,6,1485.27,650.14099999999996,1943.082,1972.0525424834855,1302.2120386136769,1500.7489078738354,1,29,26,93,64
85,30,33,LinearHeuristicAuction,0.05,0.01,,True,,1000,3600,cats_reg_g30b150,,heuristic,3,False,CATS,150,regions,MultiMinded,66,Balance,7.470000000001164,1650.3177,5,1136.81,534.83399999999995,1650.3177,1639.1262990546024,1511.1191507209119,1565.8214035010167,1,30,17,83,63
86,30,37,LinearHeuristicAuction,0.05,0.01,,True,,1000,3600,cats_reg_g30b150,,heuristic,3,False,CATS,150,regions,MultiMinded,1000,MaxIter,119.10000000000582,2073.2363,6,1605.13,504.47649999999999,1516.7497,1800.2325617431325,635.32566454760047,950.14061115803429,1,30,26,101,67
87,30,34,LinearHeuristicAuction,0.05,0.01,,True,,1000,3600,cats_reg_g30b150,,heuristic,3,False,CATS,150,regions,MultiMinded,1000,MaxIter,124.60000000000582,2161.5317,6,1611.82,461.19499999999999,1947.6597000000002,2083.0020806609946,74.251866582927931,397.62744619443174,1,30,49,106,64
88,30,35,LinearHeuristicAuction,0.05,0.01,,True,,1000,3600,cats_reg_g30b150,,heuristic,3,False,CATS,150,regions,MultiMinded,1000,MaxIter,128.02999999999884,1960.6723,9,1579.4,529.16499999999996,1902.2821000000001,1966.2031391671892,1265.9072892009719,1354.8243125819042,1,30,21,108,65
89,30,40,LinearHeuristicAuction,0.05,0.01,,True,,1000,3600,cats_reg_g30b150,,heuristic,3,False,CATS,150,regions,MultiMinded,1000,MaxIter,134.9899999999907,2103.4608,6,1324.86,455.78500000000003,1564.4225000000001,1818.4461031846927,91.159005495911913,471.28745251079062,1,29,46,116,70
90,30,36,LinearHeuristicAuction,0.05,0.01,,True,,1000,3600,cats_reg_g30b150,,heuristic,3,False,CATS,150,regions,MultiMinded,1000,MaxIter,112.54000000000815,2252.2093,9,1749.09,686.99800000000005,1905.4555000000003,2166.6371887179184,738.4412972373558,932.36018476603499,1,29,41,95,66
91,30,37,LinearHeuristicAuction,0.05,0.01,,True,,1000,3600,cats_reg_g30b150,,heuristic,3,False,CATS,150,regions,MultiMinded,1000,MaxIter,121.80999999999767,2533.4677,12,1557.05,605.50300000000004,2403.9741000000004,2431.8611666419029,63.428365609113186,534.97090878265385,1,28,39,109,67
92,30,37,LinearHeuristicAuction,0.05,0.01,,True,,1000,3600,cats_reg_g30b150,,heuristic,3,False,CATS,150,regions,MultiMinded,1000,MaxIter,132.30999999999767,2087.0795,7,1557.29,467.12700000000001,1879.8159000000003,1999.1434868062013,500.94953992419744,654.35799522438492,1,30,50,115,67
93,30,34,LinearHeuristicAuction,0.05,0.01,,True,,1000,3600,cats_reg_g30b150,,heuristic,3,False,CATS,150,regions,MultiMinded,1000,MaxIter,136.2400000000198,2220.4165999999996,3,1477.09,531.97949999999992,1654.1687,2230.1666041911608,57.609056890884005,222.52921249658394,1,30,65,116,64
94,30,33,LinearHeuristicAuction,0.05,0.01,,True,,1000,3600,cats_reg_g30b150,,heuristic,3,False,CATS,150,regions,MultiMinded,1000,MaxIter,123.51000000000931,2089.1439,5,1850.23,583.02999999999997,2011.7889000000002,2145.808960056404,0.0,148.83792770600331,1,29,16,97,63
95,30,36,LinearHeuristicAuction,0.05,0.01,,True,,1000,3600,cats_reg_g30b150,,heuristic,3,False,CATS,150,regions,MultiMinded,1000,MaxIter,118.88999999998487,2218.1557,9,1747.55,732.99250000000006,1849.5016,2556.6141517069655,1081.1507310809861,1143.6641145419974,1,30,44,98,66
96,30,33,LinearHeuristicAuction,0.05,0.01,,True,,1000,3600,cats_reg_g30b150,,heuristic,3,False,CATS,150,regions,MultiMinded,1000,MaxIter,123.79000000000815,1873.9284000000002,7,1690.89,555.43200000000002,1842.0994,1979.8664339242739,333.23613013118108,428.72945018633561,1,30,41,102,63
97,30,37,LinearHeuristicAuction,0.05,0.01,,True,,1000,3600,cats_reg_g30b150,,heuristic,3,False,CATS,150,regions,MultiMinded,1000,MaxIter,124.60999999998603,1853.4531000000002,7,1334.16,635.36699999999996,1804.7961,1809.5154656637528,728.46136964005905,851.99399177388455,1,30,24,102,67
98,30,36,LinearHeuristicAuction,0.05,0.01,,True,,1000,3600,cats_reg_g30b150,,heuristic,3,False,CATS,150,regions,MultiMinded,1000,MaxIter,120.16000000000349,2779.0163,8,2131.76,620.35799999999995,2254.7093,2823.3228187418249,315.79686898744671,574.69493338300936,1,30,15,97,66
99,30,37,LinearHeuristicAuction,0.05,0.01,,True,,1000,3600,cats_reg_g30b150,,heuristic,3,False,CATS,150,regions,MultiMinded,1000,MaxIter,128.77000000001863,2286.8288000000002,7,1573.72,543.00099999999998,2003.2044999999998,2435.8716121179041,841.99941460335594,919.14243121098116,1,30,39,106,67
100,30,32,LinearHeuristicAuction,0.05,0.01,,True,,1000,3600,cats_reg_g30b150,,heuristic,3,False,CATS,150,regions,MultiMinded,1000,MaxIter,118.5800000000163,1906.0085,4,1496.95,591.39400000000001,1515.1645999999998,1820.9885017120289,72.504913572210114,284.76716942637904,1,30,33,93,62
