idx,items,agents,auction_class,epsilon,stepc,epoch,scalebyvalue,reserve_type,maxiter,maxtime,generator_param_name,personalized,bidding_strategy,heuristic_pool_num,int_prices,generator,bids,distribution,type,rounds,status,runtime,efficient_value,final_num_winners,final_max_agent_value,final_scalevalue,final_value,final_total_price,final_revenue,final_indirect_util,final_price_degree,final_price_sparsity,final_imbalance,final_wd_nvars,final_wd_ncons
1,30,36,LinearHeuristicAuction,0.05,0.08,,True,,1000,3600,cats_reg_g30b150,,heuristic,3,False,CATS,150,regions,MultiMinded,1000,MaxIter,147.52999999999884,2502.8085,5,1712.02,630.28700000000003,2136.6344000000004,2367.601816528685,120.73124068283349,346.27364849362152,1,29,49,114,66
2,30,38,LinearHeuristicAuction,0.05,0.08,,True,,1000,3600,cats_reg_g30b150,,heuristic,3,False,CATS,150,regions,MultiMinded,1000,MaxIter,143.52000000001863,2067.4249,6,1460.04,478.96600000000001,2007.5957,2227.0434512019438,1496.1868116520814,1507.7286916614785,1,30,26,117,68
3,30,36,LinearHeuristicAuction,0.05,0.08,,True,,1000,3600,cats_reg_g30b150,,heuristic,3,False,CATS,150,regions,MultiMinded,1000,MaxIter,115.70999999999185,2226.2472000000002,2,1961.0,494.50999999999999,1271.9632000000001,2261.5781913548926,0.0,54.577146018539324,1,28,31,100,66
4,30,38,LinearHeuristicAuction,0.05,0.08,,True,,1000,3600,cats_reg_g30b150,,heuristic,3,False,CATS,150,regions,MultiMinded,1000,MaxIter,117.14999999999418,2004.9491999999998,9,1505.7,557.86300000000006,1701.7851999999998,2101.2953474922051,684.9261355062381,860.22929503959756,1,30,32,105,68
5,30,35,LinearHeuristicAuction,0.05,0.08,,True,,1000,3600,cats_reg_g30b150,,heuristic,3,False,CATS,150,regions,MultiMinded,1000,MaxIter,166.89999999999418,1864.626,5,1703.97,505.12049999999999,1491.99,2111.1599250128775,180.10586225593732,190.53188746777761,1,30,24,114,65
6,30,35,LinearHeuristicAuction,0.05,0.08,,True,,1000,3600,cats_reg_g30b150,,heuristic,3,False,CATS,150,regions,MultiMinded,1000,MaxIter,119.94999999998254,2116.0368,7,1959.83,614.52500000000009,2051.8168,2426.2891444922079,899.00856988225576,1061.7270384759224,1,30,22,105,65
7,30,35,LinearHeuristicAuction,0.05,0.08,,True,,1000,3600,cats_reg_g30b150,,heuristic,3,False,CATS,150,regions,MultiMinded,1000,MaxIter,123.51999999998952,2031.9575,7,1330.11,558.39999999999998,1602.5815,2383.031685470783,311.68706881167003,514.49894436934346,1,28,62,107,65
8,30,35,LinearHeuristicAuction,0.05,0.08,,True,,1000,3600,cats_reg_g30b150,,heuristic,3,False,CATS,150,regions,MultiMinded,1000,MaxIter,132.7600000000093,2027.57669,8,1379.5,642.28750000000002,2027.57669,2080.2877510872904,1276.0513792335723,1375.284463222474,1,30,15,125,65
9,30,36,LinearHeuristicAuction,0.05,0.08,,True,,1000,3600,cats_reg_g30b150,,heuristic,3,False,CATS,150,regions,MultiMinded,1000,MaxIter,128.28999999997905,1859.5272999999997,7,1542.29,443.88650000000001,1812.7049,1936.2213220517879,702.15346233414903,829.90374161757632,1,28,32,123,66
10,30,34,LinearHeuristicAuction,0.05,0.08,,True,,1000,3600,cats_reg_g30b150,,heuristic,3,False,CATS,150,regions,MultiMinded,1000,MaxIter,129.70000000001164,2566.974,8,2112.56,626.02300000000002,1877.447,2738.0592740821585,1166.9019655383472,1429.1272288879088,1,30,20,111,64
11,30,36,LinearHeuristicAuction,0.05,0.08,,True,,1000,3600,cats_reg_g30b150,,heuristic,3,False,CATS,150,regions,MultiMinded,1000,MaxIter,121.02999999999884,2431.6115,8,2098.81,721.22149999999999,1943.6238000000003,2593.929785279523,1003.4266739997746,1041.4604143552988,1,30,45,102,66
12,30,32,LinearHeuristicAuction,0.05,0.08,,True,,1000,3600,cats_reg_g30b150,,heuristic,3,False,CATS,150,regions,MultiMinded,1000,MaxIter,127.91000000000349,1865.81568,8,1645.15,855.13049999999998,1532.80128,2257.2680829777087,92.752724753299731,178.50692246645764,1,30,53,106,62
13,30,35,LinearHeuristicAuction,0.05,0.08,,True,,1000,3600,cats_reg_g30b150,,heuristic,3,False,CATS,150,regions,MultiMinded,1000,MaxIter,127.22000000000116,1773.5022000000001,4,1494.31,678.60900000000004,1681.9527,2298.9603358515446,107.38737727070344,183.02769954074546,1,30,36,106,65
14,30,32,LinearHeuristicAuction,0.05,0.08,,True,,1000,3600,cats_reg_g30b150,,heuristic,3,False,CATS,150,regions,MultiMinded,1000,MaxIter,123.57000000000698,1980.1873000000003,7,1559.99,631.08900000000006,1678.08,2114.9329175143253,360.74631526710436,695.97122904462958,1,28,38,92,62
15,30,36,LinearHeuristicAuction,0.05,0.08,,True,,1000,3600,cats_reg_g30b150,,heuristic,3,False,CATS,150,regions,MultiMinded,101,Balance,11.110000000015134,2512.4141000000004,3,2312.23,781.00699999999995,2512.4141000000004,2507.6598532747194,2390.5088032747194,2426.6148653876394,1,30,1,83,66
16,30,34,LinearHeuristicAuction,0.05,0.08,,True,,1000,3600,cats_reg_g30b150,,heuristic,3,False,CATS,150,regions,MultiMinded,1000,MaxIter,128.1700000000128,1929.452,7,1789.44,584.255,1836.1798000000003,2135.1917480281159,537.89601965527845,622.68035939874073,1,28,28,110,64
17,30,33,LinearHeuristicAuction,0.05,0.08,,True,,1000,3600,cats_reg_g30b150,,heuristic,3,False,CATS,150,regions,MultiMinded,1000,MaxIter,141.88000000000466,1934.7395999999999,4,1626.95,730.93200000000002,1546.1174999999998,2053.2536964061965,63.207203181588859,111.2867397026094,1,30,29,119,63
18,30,34,LinearHeuristicAuction,0.05,0.08,,True,,1000,3600,cats_reg_g30b150,,heuristic,3,False,CATS,150,regions,MultiMinded,1000,MaxIter,126.80000000001746,2504.1384,4,1818.33,781.33600000000001,2504.1384,2643.6712727401432,531.88160322561407,589.69066510748701,1,28,29,102,64
19,30,36,LinearHeuristicAuction,0.05,0.08,,True,,1000,3600,cats_reg_g30b150,,heuristic,3,False,CATS,150,regions,MultiMinded,1000,MaxIter,117.14000000001397,2560.7110000000002,9,1508.06,549.71399999999994,1900.66727,2487.7693327299985,186.14168720452847,421.37298734199925,1,29,37,100,66
20,30,37,LinearHeuristicAuction,0.05,0.08,,True,,1000,3600,cats_reg_g30b150,,heuristic,3,False,CATS,150,regions,MultiMinded,1000,MaxIter,134.42999999999302,1801.7813999999998,9,1490.47,395.125,1737.2003,2096.3259705953501,419.32688132387875,471.92612169010977,1,30,38,118,67
21,30,33,LinearHeuristicAuction,0.05,0.08,,True,,1000,3600,cats_reg_g30b150,,heuristic,3,False,CATS,150,regions,MultiMinded,1000,MaxIter,126.10000000000582,1553.7635,6,1374.19,778.39550000000008,1307.888,1817.1360485356918,220.91374366694998,234.14083866808508,1,30,77,94,63
22,30,38,LinearHeuristicAuction,0.05,0.08,,True,,1000,3600,cats_reg_g30b150,,heuristic,3,False,CATS,150,regions,MultiMinded,1000,MaxIter,135.0100000000093,2312.252,6,2123.59,638.69949999999994,1859.5200000000002,2630.2001638875081,249.17504174274495,346.07904114288732,1,29,29,114,68
23,30,38,LinearHeuristicAuction,0.05,0.08,,True,,1000,3600,cats_reg_g30b150,,heuristic,3,False,CATS,150,regions,MultiMinded,1000,MaxIter,123.0800000000163,2354.8725,7,1818.1,597.00800000000004,1895.6815,2341.2267276179018,93.411363456558675,289.83889999999997,1,29,57,108,68
24,30,35,LinearHeuristicAuction,0.05,0.08,,True,,1000,3600,cats_reg_g30b150,,heuristic,3,False,CATS,150,regions,MultiMinded,1000,MaxIter,122.41000000000349,1892.4884,10,1241.36,538.58849999999995,1892.4884,2235.4235980477915,587.01638588620733,679.0285528150871,1,30,39,97,65
25,30,33,LinearHeuristicAuction,0.05,0.08,,True,,1000,3600,cats_reg_g30b150,,heuristic,3,False,CATS,150,regions,MultiMinded,1000,MaxIter,133.5,1741.0822999999998,6,1538.41,861.41849999999999,1612.6951,1880.1154945459818,94.039054104163924,98.355306164517984,1,30,70,108,63
26,30,34,LinearHeuristicAuction,0.05,0.08,,True,,1000,3600,cats_reg_g30b150,,heuristic,3,False,CATS,150,regions,MultiMinded,1000,MaxIter,108.59999999997672,2008.668,7,1919.5,424.82100000000003,1670.5498999999998,2112.7552479632595,189.50365930973075,288.74817082235018,1,29,29,96,64
27,30,32,LinearHeuristicAuction,0.05,0.08,,True,,1000,3600,cats_reg_g30b150,,heuristic,3,False,CATS,150,regions,MultiMinded,1000,MaxIter,116.85000000000582,2175.2061,4,1890.21,644.31150000000002,1625.0405,2562.3090636480501,0.0,0.0,1,29,44,97,62
28,30,37,LinearHeuristicAuction,0.05,0.08,,True,,1000,3600,cats_reg_g30b150,,heuristic,3,False,CATS,150,regions,MultiMinded,1000,MaxIter,132.42999999999302,2040.43179,9,1615.6,517.23699999999997,1827.8463,2379.9658043355735,1076.1692115585067,1155.0489803942191,1,29,25,110,67
29,30,33,LinearHeuristicAuction,0.05,0.08,,True,,1000,3600,cats_reg_g30b150,,heuristic,3,False,CATS,150,regions,MultiMinded,1000,MaxIter,135.86000000001513,2111.632,8,1854.64,708.57899999999995,2106.768,2271.7625616323985,1322.7783801282469,1458.0945070211947,1,30,23,111,63
30,30,35,LinearHeuristicAuction,0.05,0.08,,True,,1000,3600,cats_reg_g30b150,,heuristic,3,False,CATS,150,regions,MultiMinded,1000,MaxIter,127.48999999999069,2323.0769999999998,11,1594.17,462.18150000000003,1907.2424,2304.2700189105694,875.5581860428166,1109.0237538414958,1,29,19,110,65
31,30,34,LinearHeuristicAuction,0.05,0.08,,True,,1000,3600,cats_reg_g30b150,,heuristic,3,False,CATS,150,regions,MultiMinded,1000,MaxIter,128.0800000000163,2659.4860000000003,7,2167.09,585.07799999999997,2141.718,3387.3905384977315,878.06903584013401,1079.102603895142,1,30,37,107,64
32,30,37,LinearHeuristicAuction,0.05,0.08,,True,,1000,3600,cats_reg_g30b150,,heuristic,3,False,CATS,150,regions,MultiMinded,1000,MaxIter,144.80999999999767,1999.8556999999998,9,1545.46,522.50199999999995,1671.8922000000002,2054.8373244451295,348.80674422541506,470.93153286465605,1,30,21,125,67
33,30,37,LinearHeuristicAuction,0.05,0.08,,True,,1000,3600,cats_reg_g30b150,,heuristic,3,False,CATS,150,regions,MultiMinded,1000,MaxIter,129.22000000000116,1805.9524000000001,7,1582.17,487.50400000000002,1489.5929,2258.8048904913912,0.0,179.00065068134225,1,28,34,114,67
34,30,39,LinearHeuristicAuction,0.05,0.08,,True,,1000,3600,cats_reg_g30b150,,heuristic,3,False,CATS,150,regions,MultiMinded,1000,MaxIter,126.4200000000128,1983.6001999999999,10,1564.76,623.41200000000003,1515.6882,2173.3121155161325,732.66503022989275,920.3065493277677,1,29,27,111,69
35,30,38,LinearHeuristicAuction,0.05,0.08,,True,,1000,3600,cats_reg_g30b150,,heuristic,3,False,CATS,150,regions,MultiMinded,1000,MaxIter,128.61999999999534,2341.4052,7,1755.59,637.298,2067.3958000000002,2769.1076433215721,705.57417450142418,812.58065583679297,1,30,25,113,68
36,30,33,LinearHeuristicAuction,0.05,0.08,,True,,1000,3600,cats_reg_g30b150,,heuristic,3,False,CATS,150,regions,MultiMinded,1000,MaxIter,128.69000000000233,2136.9992,7,1693.26,587.83249999999998,1748.9139999999998,2503.8546913867776,951.07652359981284,1142.11755873641,1,30,54,100,63
37,30,34,LinearHeuristicAuction,0.05,0.08,,True,,1000,3600,cats_reg_g30b150,,heuristic,3,False,CATS,150,regions,MultiMinded,1000,MaxIter,123.80999999999767,1991.3467,7,1812.59,701.23299999999995,1448.0327000000002,2334.928992989986,54.963745241247665,127.04503332771672,1,30,20,100,64
38,30,40,LinearHeuristicAuction,0.05,0.08,,True,,1000,3600,cats_reg_g30b150,,heuristic,3,False,CATS,150,regions,MultiMinded,92,Balance,10.180000000022119,2724.0288,6,2153.9,576.38300000000004,2724.0288,2553.8288255654534,2409.7330755654543,2642.1762210927864,1,29,36,102,70
39,30,30,LinearHeuristicAuction,0.05,0.08,,True,,1000,3600,cats_reg_g30b150,,heuristic,3,False,CATS,150,regions,MultiMinded,1000,MaxIter,118.51999999998952,1968.0602,4,1918.66,764.726,1750.143,2314.1472530012406,0,267.93277729781425,1,30,31,87,60
40,30,33,LinearHeuristicAuction,0.05,0.08,,True,,1000,3600,cats_reg_g30b150,,heuristic,3,False,CATS,150,regions,MultiMinded,1000,MaxIter,129.47000000000116,1942.0583000000001,5,1674.34,688.69799999999998,1517.3223,1990.5792324229662,132.85250101096983,164.39199354506582,1,30,65,111,63
41,30,35,LinearHeuristicAuction,0.05,0.08,,True,,1000,3600,cats_reg_g30b150,,heuristic,3,False,CATS,150,regions,MultiMinded,1000,MaxIter,133.94000000000233,1877.7214099999999,5,1423.29,646.35299999999995,1558.34491,1895.5314775195893,36.596890087862533,86.017667793151801,1,30,27,118,65
42,30,32,LinearHeuristicAuction,0.05,0.08,,True,,1000,3600,cats_reg_g30b150,,heuristic,3,False,CATS,150,regions,MultiMinded,1000,MaxIter,122.30999999999767,2111.841,2,1703.5,646.17399999999998,1542.162,2274.7278427533388,15.148825868531389,29.984091076145234,1,30,33,96,62
43,30,40,LinearHeuristicAuction,0.05,0.08,,True,,1000,3600,cats_reg_g30b150,,heuristic,3,False,CATS,150,regions,MultiMinded,1000,MaxIter,119.60999999998603,2446.7208,13,1927.69,685.90899999999999,2238.1496499999994,2971.3845571894449,1086.208506457348,1243.5168680445768,1,30,10,93,70
44,30,35,LinearHeuristicAuction,0.05,0.08,,True,,1000,3600,cats_reg_g30b150,,heuristic,3,False,CATS,150,regions,MultiMinded,1000,MaxIter,137.1700000000128,1711.1515999999997,7,1299.51,651.40899999999999,1297.6499,1786.7314826424792,339.11217714586388,464.50853751288292,1,30,41,112,65
45,30,38,LinearHeuristicAuction,0.05,0.08,,True,,1000,3600,cats_reg_g30b150,,heuristic,3,False,CATS,150,regions,MultiMinded,1000,MaxIter,121.6700000000128,2034.5094,9,1828.07,742.07299999999998,1733.5063,2811.9296954645388,311.04888179261718,342.69049019351036,1,30,34,105,68
46,30,31,LinearHeuristicAuction,0.05,0.08,,True,,1000,3600,cats_reg_g30b150,,heuristic,3,False,CATS,150,regions,MultiMinded,219,Balance,24.970000000001164,2564.0325000000003,5,2373.4,807.26099999999997,2521.3455000000004,2545.8547165676077,2344.0394665676081,2413.560692667701,1,30,51,91,61
47,30,37,LinearHeuristicAuction,0.05,0.08,,True,,1000,3600,cats_reg_g30b150,,heuristic,3,False,CATS,150,regions,MultiMinded,1000,MaxIter,124.13000000000466,2233.1322,9,1669.44,664.97900000000004,1816.8301999999999,2270.2268348249399,351.52509599933376,501.48595603268711,1,29,69,102,67
48,30,35,LinearHeuristicAuction,0.05,0.08,,True,,1000,3600,cats_reg_g30b150,,heuristic,3,False,CATS,150,regions,MultiMinded,1000,MaxIter,131.9200000000128,2069.4358,8,1826.01,556.24350000000004,1888.0945000000002,2303.6451038780538,1244.5441677252497,1330.3002389955932,1,30,25,114,65
49,30,30,LinearHeuristicAuction,0.05,0.08,,True,,1000,3600,cats_reg_g30b150,,heuristic,3,False,CATS,150,regions,MultiMinded,147,Balance,16.170000000012806,1979.7895999999998,6,1594.07,673.82600000000002,1979.7895999999998,2017.7309388256858,1815.5831388256861,1896.3616546639382,1,30,61,95,60
50,30,33,LinearHeuristicAuction,0.05,0.08,,True,,1000,3600,cats_reg_g30b150,,heuristic,3,False,CATS,150,regions,MultiMinded,1000,MaxIter,123.02999999999884,2110.6722999999997,3,1335.35,460.47550000000001,1004.8673,2136.5358063803706,50.652304999999984,152.48674462246629,1,29,84,101,63
51,30,37,LinearHeuristicAuction,0.05,0.08,,True,,1000,3600,cats_reg_g30b150,,heuristic,3,False,CATS,150,regions,MultiMinded,244,Balance,28.79999999998836,2245.4244000000003,6,1882.26,597.73699999999997,2245.4244000000003,2278.5219765814959,2129.0877265814956,2208.8778593621009,1,27,66,111,67
52,30,32,LinearHeuristicAuction,0.05,0.08,,True,,1000,3600,cats_reg_g30b150,,heuristic,3,False,CATS,150,regions,MultiMinded,1000,MaxIter,120.98999999999069,1756.6213,8,1409.87,556.45500000000004,1109.5893,1991.988249873832,427.81381915390949,517.22562087298843,1,30,31,96,62
53,30,34,LinearHeuristicAuction,0.05,0.08,,True,,1000,3600,cats_reg_g30b150,,heuristic,3,False,CATS,150,regions,MultiMinded,1000,MaxIter,116.22999999998137,2325.6629000000003,10,1796.97,570.23000000000002,2146.3404,2522.9776024532412,1088.0883288709576,1255.7490657991361,1,29,27,100,64
54,30,37,LinearHeuristicAuction,0.05,0.08,,True,,1000,3600,cats_reg_g30b150,,heuristic,3,False,CATS,150,regions,MultiMinded,1000,MaxIter,127.23000000001048,2355.424,8,2152.9,670.553,2022.63,2905.1478435707604,954.98375891631497,990.81259310939549,1,30,29,110,67
55,30,33,LinearHeuristicAuction,0.05,0.08,,True,,1000,3600,cats_reg_g30b150,,heuristic,3,False,CATS,150,regions,MultiMinded,1000,MaxIter,135.14999999999418,2078.1524999999997,9,1352.37,548.28150000000005,1750.0109,2420.173022911973,229.22442730861783,253.26423382241762,1,30,48,101,63
56,30,39,LinearHeuristicAuction,0.05,0.08,,True,,1000,3600,cats_reg_g30b150,,heuristic,3,False,CATS,150,regions,MultiMinded,1000,MaxIter,134.54000000000815,1893.3772000000004,8,1498.24,591.42200000000003,1692.8592000000003,1878.3180714383916,1095.8611288176862,1172.1384015068284,1,29,16,105,69
57,30,36,LinearHeuristicAuction,0.05,0.08,,True,,1000,3600,cats_reg_g30b150,,heuristic,3,False,CATS,150,regions,MultiMinded,543,Balance,71.31999999997788,1899.5301999999997,8,1604.44,621.16750000000002,1899.5301999999997,1987.5620880257798,1739.0950880257797,1760.462084201986,1,30,48,126,66
58,30,36,LinearHeuristicAuction,0.05,0.08,,True,,1000,3600,cats_reg_g30b150,,heuristic,3,False,CATS,150,regions,MultiMinded,1000,MaxIter,137.9099999999744,2429.6093,8,2057.42,832.86300000000006,1968.5022000000001,2429.8298327402526,755.35469482822816,889.56251409187507,1,29,8,105,66
59,30,39,LinearHeuristicAuction,0.05,0.08,,True,,1000,3600,cats_reg_g30b150,,heuristic,3,False,CATS,150,regions,MultiMinded,1000,MaxIter,139.0,2064.9126,3,1772.9,622.28800000000001,1515.2916,2199.4061171382018,88.71677828977424,206.56094639827822,1,30,26,120,69
60,30,35,LinearHeuristicAuction,0.05,0.08,,True,,1000,3600,cats_reg_g30b150,,heuristic,3,False,CATS,150,regions,MultiMinded,1000,MaxIter,146.32000000000698,1956.0875,7,1842.74,450.80399999999997,1589.1875,2250.053150392866,188.25939615751017,297.40479312043544,1,27,27,110,65
61,30,37,LinearHeuristicAuction,0.05,0.08,,True,,1000,3600,cats_reg_g30b150,,heuristic,3,False,CATS,150,regions,MultiMinded,1000,MaxIter,132.36999999999534,1951.6029999999998,5,1560.47,530.9905,1864.3449,2101.6586321896748,256.13191435816378,257.55927201836369,1,30,58,116,67
62,30,34,LinearHeuristicAuction,0.05,0.08,,True,,1000,3600,cats_reg_g30b150,,heuristic,3,False,CATS,150,regions,MultiMinded,1000,MaxIter,118.29000000000815,1978.0167,5,1737.89,582.94900000000007,1246.70384,2161.7484389704855,53.292740417549822,368.89858706221378,1,30,39,94,64
63,30,30,LinearHeuristicAuction,0.05,0.08,,True,,1000,3600,cats_reg_g30b150,,heuristic,3,False,CATS,150,regions,MultiMinded,1000,MaxIter,124.30999999999767,2547.4234,3,1821.34,869.476,1974.3494,3001.6128794001852,68.659486001153255,136.1873744450919,1,30,49,91,60
64,30,34,LinearHeuristicAuction,0.05,0.08,,True,,1000,3600,cats_reg_g30b150,,heuristic,3,False,CATS,150,regions,MultiMinded,1000,MaxIter,130.61999999999534,2427.9729,5,1844.14,792.92899999999997,2055.5346,2604.7470481147138,202.49026072554278,264.87084329538283,1,30,33,107,64
65,30,36,LinearHeuristicAuction,0.05,0.08,,True,,1000,3600,cats_reg_g30b150,,heuristic,3,False,CATS,150,regions,MultiMinded,1000,MaxIter,133.51999999998952,2209.3287,10,1779.98,732.52250000000004,1801.0330999999999,2364.5065458176796,439.41893466706449,495.50470734500283,1,29,52,111,66
66,30,30,LinearHeuristicAuction,0.05,0.08,,True,,1000,3600,cats_reg_g30b150,,heuristic,3,False,CATS,150,regions,MultiMinded,87,Balance,9.130000000004657,2387.3904,2,2290.03,553.03500000000008,2387.3904,2394.7138988697147,2339.4103988697148,2364.7296481132003,1,30,27,84,60
67,30,41,LinearHeuristicAuction,0.05,0.08,,True,,1000,3600,cats_reg_g30b150,,heuristic,3,False,CATS,150,regions,MultiMinded,1000,MaxIter,118.83999999999651,2130.5865999999996,9,1569.3,447.20299999999997,2083.3275,2360.5133877902977,474.47948961450396,623.82673467093446,1,29,18,110,71
68,30,34,LinearHeuristicAuction,0.05,0.08,,True,,1000,3600,cats_reg_g30b150,,heuristic,3,False,CATS,150,regions,MultiMinded,1000,MaxIter,132.9099999999744,1871.0335999999998,9,1491.62,623.48450000000003,1675.6464999999998,1902.2526635646866,920.33602076206864,1145.2532225460516,1,29,39,109,64
69,30,34,LinearHeuristicAuction,0.05,0.08,,True,,1000,3600,cats_reg_g30b150,,heuristic,3,False,CATS,150,regions,MultiMinded,1000,MaxIter,130.95000000001164,2248.1536,3,1918.69,909.28949999999998,1784.0967,2585.3107317203326,94.537794782236745,132.26861441189988,1,30,35,99,64
70,30,32,LinearHeuristicAuction,0.05,0.08,,True,,1000,3600,cats_reg_g30b150,,heuristic,3,False,CATS,150,regions,MultiMinded,1000,MaxIter,118.02000000001863,2074.3614,1,1794.89,671.03600000000006,1683.99,3622.1410290838062,0,206.87182511324335,1,30,35,85,62
71,30,30,LinearHeuristicAuction,0.05,0.08,,True,,1000,3600,cats_reg_g30b150,,heuristic,3,False,CATS,150,regions,MultiMinded,1000,MaxIter,122.86000000001513,2107.4125,8,1919.92,672.68100000000004,1758.7801999999997,2372.3108900130319,512.26652169729846,713.90503280381483,1,29,17,100,60
72,30,35,LinearHeuristicAuction,0.05,0.08,,True,,1000,3600,cats_reg_g30b150,,heuristic,3,False,CATS,150,regions,MultiMinded,1000,MaxIter,131.54999999998836,1946.4843000000003,9,1216.53,554.09649999999999,1676.8297,1993.8421586440813,112.30603614589833,218.92489278417179,1,29,26,108,65
73,30,35,LinearHeuristicAuction,0.05,0.08,,True,,1000,3600,cats_reg_g30b150,,heuristic,3,False,CATS,150,regions,MultiMinded,1000,MaxIter,126.83999999999651,1852.6272999999999,10,1445.38,663.03899999999999,1800.6158999999998,1929.7641479782935,800.17704267466979,977.26424549198293,1,29,23,101,65
74,30,31,LinearHeuristicAuction,0.05,0.08,,True,,1000,3600,cats_reg_g30b150,,heuristic,3,False,CATS,150,regions,MultiMinded,1000,MaxIter,120.75,2020.0417,6,1744.34,781.83899999999994,1839.7063999999998,2417.0611001408834,185.92871812245903,273.30187079696765,1,28,34,96,61
75,30,39,LinearHeuristicAuction,0.05,0.08,,True,,1000,3600,cats_reg_g30b150,,heuristic,3,False,CATS,150,regions,MultiMinded,1000,MaxIter,124.1700000000128,2549.9302,7,1890.83,637.39099999999996,2019.0322,2895.6823036097003,49.415963028122576,392.69040851313144,1,29,61,107,69
76,30,36,LinearHeuristicAuction,0.05,0.08,,True,,1000,3600,cats_reg_g30b150,,heuristic,3,False,CATS,150,regions,MultiMinded,1000,MaxIter,122.52999999999884,1970.4382,2,1633.82,405.01099999999997,1741.397,2124.1035738366372,86.442088035588398,108.37539838908799,1,30,33,111,66
77,30,34,LinearHeuristicAuction,0.05,0.08,,True,,1000,3600,cats_reg_g30b150,,heuristic,3,False,CATS,150,regions,MultiMinded,1000,MaxIter,148.85000000000582,1646.3148,9,1576.38,831.28949999999998,1312.9379,1745.524131174657,777.28937667625462,781.56483119308314,1,30,34,109,64
78,30,34,LinearHeuristicAuction,0.05,0.08,,True,,1000,3600,cats_reg_g30b150,,heuristic,3,False,CATS,150,regions,MultiMinded,1000,MaxIter,158.81000000002678,2412.1546,8,1881.66,768.41550000000007,2084.6111,3194.9768106441047,894.88093552371743,1068.3673607316484,1,29,38,107,64
79,30,29,LinearHeuristicAuction,0.05,0.08,,True,,1000,3600,cats_reg_g30b150,,heuristic,3,False,CATS,150,regions,MultiMinded,1000,MaxIter,131.2399999999907,2267.359,1,2060.3,919.01300000000003,1158.06,2492.0247767946589,0,148.43499721853209,1,30,33,100,59
80,30,37,LinearHeuristicAuction,0.05,0.08,,True,,1000,3600,cats_reg_g30b150,,heuristic,3,False,CATS,150,regions,MultiMinded,1000,MaxIter,121.11999999999534,2112.5864,2,1592.54,576.49599999999998,1625.8004,2280.4509223664459,0.0,169.05579698637553,1,29,47,107,67
81,30,33,LinearHeuristicAuction,0.05,0.08,,True,,1000,3600,cats_reg_g30b150,,heuristic,3,False,CATS,150,regions,MultiMinded,1000,MaxIter,125.62999999997555,1652.215,6,1316.69,725.81600000000003,1432.6706,1794.5926922429062,963.49243413382715,1007.0517591674137,1,30,44,93,63
82,30,35,LinearHeuristicAuction,0.05,0.08,,True,,1000,3600,cats_reg_g30b150,,heuristic,3,False,CATS,150,regions,MultiMinded,1000,MaxIter,148.52999999999884,2109.0315,6,1900.31,619.13249999999994,1897.9069,2335.3498005882961,1090.9053273919601,1151.9720067828605,1,30,49,112,65
83,30,32,LinearHeuristicAuction,0.05,0.08,,True,,1000,3600,cats_reg_g30b150,,heuristic,3,False,CATS,150,regions,MultiMinded,1000,MaxIter,126.88000000000466,2576.43019,6,2027.96,1059.6700000000001,2053.9914,2925.5430614553193,577.98664288792861,624.10516015795349,1,29,16,99,62
84,30,34,LinearHeuristicAuction,0.05,0.08,,True,,1000,3600,cats_reg_g30b150,,heuristic,3,False,CATS,150,regions,MultiMinded,1000,MaxIter,128.0799999999872,1983.6759000000002,4,1485.27,650.14099999999996,1668.0208,2004.2699232015048,19.504230000000014,207.81502314414035,1,30,26,122,64
85,30,33,LinearHeuristicAuction,0.05,0.08,,True,,1000,3600,cats_reg_g30b150,,heuristic,3,False,CATS,150,regions,MultiMinded,113,Balance,12.760000000009313,1650.3177,5,1136.81,534.83399999999995,1650.3177,1579.2735865709121,1467.8215195920052,1547.2663492135991,1,30,30,97,63
86,30,37,LinearHeuristicAuction,0.05,0.08,,True,,1000,3600,cats_reg_g30b150,,heuristic,3,False,CATS,150,regions,MultiMinded,1000,MaxIter,115.17999999999302,2073.2363,7,1605.13,504.47649999999999,1724.1224999999997,1884.7297953667039,558.82211366366164,833.67983178412987,1,28,22,97,67
87,30,34,LinearHeuristicAuction,0.05,0.08,,True,,1000,3600,cats_reg_g30b150,,heuristic,3,False,CATS,150,regions,MultiMinded,1000,MaxIter,114.75,2161.5317,4,1611.82,461.19499999999999,1744.6287,2273.1881338859803,104.50855320922616,337.58974625623398,1,30,43,101,64
88,30,35,LinearHeuristicAuction,0.05,0.08,,True,,1000,3600,cats_reg_g30b150,,heuristic,3,False,CATS,150,regions,MultiMinded,1000,MaxIter,129.92999999999302,1960.6723,9,1579.4,529.16499999999996,1924.5821,2058.404760077176,813.88877362770472,857.52003265084022,1,30,26,111,65
89,30,40,LinearHeuristicAuction,0.05,0.08,,True,,1000,3600,cats_reg_g30b150,,heuristic,3,False,CATS,150,regions,MultiMinded,1000,MaxIter,128.2600000000093,2103.4608,11,1324.86,455.78500000000003,1750.1065000000003,1973.5076010957378,169.34097333542704,449.09921657074153,1,28,40,120,70
90,30,36,LinearHeuristicAuction,0.05,0.08,,True,,1000,3600,cats_reg_g30b150,,heuristic,3,False,CATS,150,regions,MultiMinded,1000,MaxIter,118.91000000000349,2252.2093,7,1749.09,686.99800000000005,2138.3555,2455.0477558649868,718.20277913244036,864.95412825705796,1,29,15,104,66
91,30,37,LinearHeuristicAuction,0.05,0.08,,True,,1000,3600,cats_reg_g30b150,,heuristic,3,False,CATS,150,regions,MultiMinded,1000,MaxIter,126.76000000000931,2533.4677,11,1557.05,605.50300000000004,2283.6758,2945.4314745051834,717.52114040628999,1047.1043970895716,1,28,29,108,67
92,30,37,LinearHeuristicAuction,0.05,0.08,,True,,1000,3600,cats_reg_g30b150,,heuristic,3,False,CATS,150,regions,MultiMinded,492,Balance,58.39999999999418,2087.0795,9,1557.29,467.12700000000001,2087.0795,2108.048701654061,1897.8415516540613,1942.9980570678101,1,30,25,106,67
93,30,34,LinearHeuristicAuction,0.05,0.08,,True,,1000,3600,cats_reg_g30b150,,heuristic,3,False,CATS,150,regions,MultiMinded,1000,MaxIter,117.78000000002794,2220.4165999999996,8,1477.09,531.97949999999992,1996.2077,2559.8701283025853,387.37780075292505,715.73346063436395,1,29,35,110,64
94,30,33,LinearHeuristicAuction,0.05,0.08,,True,,1000,3600,cats_reg_g30b150,,heuristic,3,False,CATS,150,regions,MultiMinded,1000,MaxIter,122.22000000000116,2089.1439,5,1850.23,583.02999999999997,1472.0924000000002,2074.3180640042087,0.0,174.61605334070734,1,28,31,107,63
95,30,36,LinearHeuristicAuction,0.05,0.08,,True,,1000,3600,cats_reg_g30b150,,heuristic,3,False,CATS,150,regions,MultiMinded,1000,MaxIter,120.17999999999302,2218.1557,8,1747.55,732.99250000000006,1875.897,2739.006973358395,739.1216688580904,765.70886627808466,1,30,48,104,66
96,30,33,LinearHeuristicAuction,0.05,0.08,,True,,1000,3600,cats_reg_g30b150,,heuristic,3,False,CATS,150,regions,MultiMinded,1000,MaxIter,130.59999999997672,1873.9284000000002,4,1690.89,555.43200000000002,1873.9284000000002,2138.0466482690108,97.673023530349226,144.10878166584445,1,29,34,105,63
97,30,37,LinearHeuristicAuction,0.05,0.08,,True,,1000,3600,cats_reg_g30b150,,heuristic,3,False,CATS,150,regions,MultiMinded,1000,MaxIter,121.41000000000349,1853.4531000000002,4,1334.16,635.36699999999996,1368.9051,1871.5100731094919,35.339733484560526,134.37447263286901,1,28,27,105,67
98,30,36,LinearHeuristicAuction,0.05,0.08,,True,,1000,3600,cats_reg_g30b150,,heuristic,3,False,CATS,150,regions,MultiMinded,1000,MaxIter,118.1699999999837,2779.0163,10,2131.76,620.35799999999995,2171.2513,3010.2892338303618,617.61397683422911,781.18722272222772,1,30,34,99,66
99,30,37,LinearHeuristicAuction,0.05,0.08,,True,,1000,3600,cats_reg_g30b150,,heuristic,3,False,CATS,150,regions,MultiMinded,1000,MaxIter,141.4200000000128,2286.8288000000002,6,1573.72,543.00099999999998,1669.972,2559.2190207698936,135.43848733615127,205.60131796446814,1,30,46,106,67
100,30,32,LinearHeuristicAuction,0.05,0.08,,True,,1000,3600,cats_reg_g30b150,,heuristic,3,False,CATS,150,regions,MultiMinded,1000,MaxIter,120.4199999999837,1906.0085,5,1496.95,591.39400000000001,1834.6555000000003,1939.0585380865921,173.62119482913113,251.04826958898559,1,30,45,99,62
