idx,items,agents,auction_class,epsilon,stepc,epoch,scalebyvalue,reserve_type,maxiter,maxtime,generator_param_name,personalized,bidding_strategy,heuristic_pool_num,int_prices,generator,bids,distribution,type,rounds,status,runtime,efficient_value,final_num_winners,final_max_agent_value,final_scalevalue,final_value,final_total_price,final_revenue,final_indirect_util,final_price_degree,final_price_sparsity,final_imbalance,final_wd_nvars,final_wd_ncons
1,30,36,AdaptiveCuttingAuction,0.05,0.08,10,True,,1000,3600,cats_reg_g30b150,True,default,2,False,CATS,150,regions,MultiMinded,98,Balance,20.64000000001397,2502.8085,9,1712.02,630.28700000000003,2502.8085,2253.7298664339705,2033.1294164339706,2300.1022295558355,13,41,27,89,66
2,30,38,AdaptiveCuttingAuction,0.05,0.08,10,True,,1000,3600,cats_reg_g30b150,True,default,2,False,CATS,150,regions,MultiMinded,83,Balance,25.44000000000233,2067.4249,5,1460.04,478.96600000000001,2067.4249,2056.0273313278303,1936.2858313278302,2001.7716013420395,7,44,18,88,68
3,30,36,AdaptiveCuttingAuction,0.05,0.08,10,True,,1000,3600,cats_reg_g30b150,True,default,2,False,CATS,150,regions,MultiMinded,69,Balance,16.179999999993015,2226.2472000000002,4,1961.0,494.50999999999999,2214.4609,2120.7431711986574,2021.8411711986573,2196.1837923295084,25,45,43,78,66
4,30,38,AdaptiveCuttingAuction,0.05,0.08,10,True,,1000,3600,cats_reg_g30b150,True,default,2,False,CATS,150,regions,MultiMinded,94,Balance,24.96999999997206,2004.9491999999998,11,1505.7,557.86300000000006,1928.4774,1877.058665406551,1570.2340154065505,1688.7457963092284,25,45,13,88,68
5,30,35,AdaptiveCuttingAuction,0.05,0.08,10,True,,1000,3600,cats_reg_g30b150,True,default,2,False,CATS,150,regions,MultiMinded,79,Balance,16.529999999998836,1864.626,2,1703.97,505.12049999999999,1813.7730000000001,1770.8835037890369,1720.3714537890371,1778.9583578273389,1,30,22,79,65
6,30,35,AdaptiveCuttingAuction,0.05,0.08,10,True,,1000,3600,cats_reg_g30b150,True,default,2,False,CATS,150,regions,MultiMinded,224,Balance,51.41000000000349,2116.0368,5,1959.83,614.52500000000009,2096.9018,2101.1303801657068,1947.4991301657071,1985.8886953270662,5,31,34,85,65
7,30,35,AdaptiveCuttingAuction,0.05,0.08,10,True,,1000,3600,cats_reg_g30b150,True,default,2,False,CATS,150,regions,MultiMinded,95,Balance,21.660000000003492,2031.9575,6,1330.11,558.39999999999998,2031.9575,1981.2757066789388,1813.7557066789384,1893.8746451961558,6,41,21,79,65
8,30,35,AdaptiveCuttingAuction,0.05,0.08,10,True,,1000,3600,cats_reg_g30b150,True,default,2,False,CATS,150,regions,MultiMinded,114,Balance,20.910000000003492,2027.57669,8,1379.5,642.28750000000002,2027.57669,1874.5692707929954,1649.1464764627165,1851.9054354422146,1,30,29,77,65
9,30,36,AdaptiveCuttingAuction,0.05,0.08,10,True,,1000,3600,cats_reg_g30b150,True,default,2,False,CATS,150,regions,MultiMinded,132,Balance,33.779999999998836,1859.5272999999997,8,1542.29,443.88650000000001,1859.5272999999997,1734.83108204161,1601.6651320416099,1790.83608152395,8,42,35,81,66
10,30,34,AdaptiveCuttingAuction,0.05,0.08,10,True,,1000,3600,cats_reg_g30b150,True,default,2,False,CATS,150,regions,MultiMinded,204,Balance,50.64000000001397,2566.974,5,2112.56,626.02300000000002,2566.974,2501.1780764623836,2344.6723264623838,2432.4596985346066,6,45,38,84,64
11,30,36,AdaptiveCuttingAuction,0.05,0.08,10,True,,1000,3600,cats_reg_g30b150,True,default,2,False,CATS,150,regions,MultiMinded,82,Balance,16.54999999998836,2431.6115,4,2098.81,721.22149999999999,2431.6115,2280.446359681931,2172.2631346819312,2329.7926480641863,1,29,7,81,66
12,30,32,AdaptiveCuttingAuction,0.05,0.08,10,True,,1000,3600,cats_reg_g30b150,True,default,2,False,CATS,150,regions,MultiMinded,193,Balance,50.6699999999837,1865.81568,6,1645.15,855.13049999999998,1829.0418999999997,1840.8571834437262,1584.3180334437261,1638.611148949268,25,43,29,82,62
13,30,35,AdaptiveCuttingAuction,0.05,0.08,10,True,,1000,3600,cats_reg_g30b150,True,default,2,False,CATS,150,regions,MultiMinded,110,Balance,22.380000000004657,1773.5022000000001,5,1494.31,678.60900000000004,1756.9776,1719.7887164956958,1568.1661185496334,1693.6539949007451,14,44,64,94,65
14,30,32,AdaptiveCuttingAuction,0.05,0.08,10,True,,1000,3600,cats_reg_g30b150,True,default,2,False,CATS,150,regions,MultiMinded,160,Balance,36.720000000001164,1980.1873000000003,6,1559.99,631.08900000000006,1786.686,1675.1546154821301,1485.82791548213,1640.0420933308451,22,42,45,75,62
15,30,36,AdaptiveCuttingAuction,0.05,0.08,10,True,,1000,3600,cats_reg_g30b150,True,default,2,False,CATS,150,regions,MultiMinded,73,Balance,15.35000000000582,2512.4141000000004,3,2312.23,781.00699999999995,2512.4141000000004,2518.6901692578126,2401.5391192578122,2418.9494846773905,1,29,26,77,66
16,30,34,AdaptiveCuttingAuction,0.05,0.08,10,True,,1000,3600,cats_reg_g30b150,True,default,2,False,CATS,150,regions,MultiMinded,191,Balance,46.8300000000163,1929.452,4,1789.44,584.255,1909.1155,1855.0095086038093,1782.8940623991809,1849.0821649632944,7,43,26,84,64
17,30,33,AdaptiveCuttingAuction,0.05,0.08,10,True,,1000,3600,cats_reg_g30b150,True,default,2,False,CATS,150,regions,MultiMinded,143,Balance,36.420000000012806,1934.7395999999999,7,1626.95,730.93200000000002,1934.7395999999999,1913.6217406407509,1692.1815798083492,1734.8043381682687,25,43,11,85,63
18,30,34,AdaptiveCuttingAuction,0.05,0.08,10,True,,1000,3600,cats_reg_g30b150,True,default,2,False,CATS,150,regions,MultiMinded,93,Balance,21.720000000001164,2504.1384,4,1818.33,781.33600000000001,2504.1384,2473.7449825582871,2317.4777825582869,2444.6447859716054,1,29,32,77,64
19,30,36,AdaptiveCuttingAuction,0.05,0.08,10,True,,1000,3600,cats_reg_g30b150,True,default,2,False,CATS,150,regions,MultiMinded,45,Balance,17.320000000006985,2560.7110000000002,12,1508.06,549.71399999999994,2502.3390000000004,2211.9844797199489,1937.1274797199494,2242.6322626187393,11,39,7,77,66
20,30,37,AdaptiveCuttingAuction,0.05,0.08,10,True,,1000,3600,cats_reg_g30b150,True,default,2,False,CATS,150,regions,MultiMinded,82,Balance,28.80999999999767,1801.7813999999998,10,1490.47,395.125,1775.6864,1774.5979186852255,1577.0354186852255,1652.6935617526769,19,47,35,93,67
21,30,33,AdaptiveCuttingAuction,0.05,0.08,10,True,,1000,3600,cats_reg_g30b150,True,default,2,False,CATS,150,regions,MultiMinded,145,Balance,26.529999999998836,1553.7635,3,1374.19,778.39550000000008,1553.7635,1560.4455135355006,1443.6861885355006,1470.9340737617272,1,30,26,75,63
22,30,38,AdaptiveCuttingAuction,0.05,0.08,10,True,,1000,3600,cats_reg_g30b150,True,default,2,False,CATS,150,regions,MultiMinded,163,Balance,50.429999999993015,2312.252,6,2123.59,638.69949999999994,2312.252,2311.4925595594732,2119.8827095594729,2168.0368113085747,19,45,42,90,68
23,30,38,AdaptiveCuttingAuction,0.05,0.08,10,True,,1000,3600,cats_reg_g30b150,True,default,2,False,CATS,150,regions,MultiMinded,59,Balance,17.84000000002561,2354.8725,7,1818.1,597.00800000000004,2354.8725,2194.2106681662444,2008.3538936826819,2235.6746155354381,12,47,30,87,68
24,30,35,AdaptiveCuttingAuction,0.05,0.08,10,True,,1000,3600,cats_reg_g30b150,True,default,2,False,CATS,150,regions,MultiMinded,112,Balance,28.179999999993015,1892.4884,10,1241.36,538.58849999999995,1892.4884,1757.7784151048279,1507.3349347407827,1702.1187909966955,8,45,28,84,65
25,30,33,AdaptiveCuttingAuction,0.05,0.08,10,True,,1000,3600,cats_reg_g30b150,True,default,2,False,CATS,150,regions,MultiMinded,179,Balance,35.20999999999185,1741.0822999999998,4,1538.41,861.41849999999999,1692.8544000000002,1655.6731843091989,1544.0099670517538,1635.4568350578579,12,44,57,85,63
26,30,34,AdaptiveCuttingAuction,0.05,0.08,10,True,,1000,3600,cats_reg_g30b150,True,default,2,False,CATS,150,regions,MultiMinded,467,Balance,128.0799999999872,2008.668,3,1919.5,424.82100000000003,2008.668,1968.4729038708344,1925.9908038708343,1981.174072064513,6,45,28,80,64
27,30,32,AdaptiveCuttingAuction,0.05,0.08,10,True,,1000,3600,cats_reg_g30b150,True,default,2,False,CATS,150,regions,MultiMinded,113,Balance,26.260000000009313,2175.2061,5,1890.21,644.31150000000002,2107.6371,2051.7397148608616,1911.8060133346953,1976.6305865451288,9,42,8,80,62
28,30,37,AdaptiveCuttingAuction,0.05,0.08,10,True,,1000,3600,cats_reg_g30b150,True,default,2,False,CATS,150,regions,MultiMinded,96,Balance,24.679999999993015,2040.43179,9,1615.6,517.23699999999997,1991.07949,1958.5103209616768,1774.4901086831799,1916.1147870666821,1,29,64,84,67
29,30,33,AdaptiveCuttingAuction,0.05,0.08,10,True,,1000,3600,cats_reg_g30b150,True,default,2,False,CATS,150,regions,MultiMinded,167,Balance,43.83999999999651,2111.632,9,1854.64,708.57899999999995,2111.632,2085.037094393223,1766.1765443932227,1827.2500876128374,8,46,44,89,63
30,30,35,AdaptiveCuttingAuction,0.05,0.08,10,True,,1000,3600,cats_reg_g30b150,True,default,2,False,CATS,150,regions,MultiMinded,169,Balance,55.24000000001979,2323.0769999999998,9,1594.17,462.18150000000003,2202.2282,2069.204384402809,1861.2227094028087,2012.6261699298825,16,49,8,87,65
31,30,34,AdaptiveCuttingAuction,0.05,0.08,10,True,,1000,3600,cats_reg_g30b150,True,default,2,False,CATS,150,regions,MultiMinded,69,Balance,12.610000000015134,2659.4860000000003,6,2167.09,585.07799999999997,2659.4860000000003,2537.1201410061985,2414.2989414506796,2561.8608611771547,1,27,6,74,64
32,30,37,AdaptiveCuttingAuction,0.05,0.08,10,True,,1000,3600,cats_reg_g30b150,True,default,2,False,CATS,150,regions,MultiMinded,91,Balance,21.45000000001164,1999.8556999999998,8,1545.46,522.50199999999995,1910.9342000000001,1931.300876912931,1737.8765572825025,1796.9521010678809,7,46,25,90,67
33,30,37,AdaptiveCuttingAuction,0.05,0.08,10,True,,1000,3600,cats_reg_g30b150,True,default,2,False,CATS,150,regions,MultiMinded,95,Balance,26.470000000001164,1805.9524000000001,4,1582.17,487.50400000000002,1805.9524000000001,1699.5311153113387,1626.4055153113388,1756.9688225479258,9,44,27,91,67
34,30,39,AdaptiveCuttingAuction,0.05,0.08,10,True,,1000,3600,cats_reg_g30b150,True,default,2,False,CATS,150,regions,MultiMinded,192,Balance,71.85000000000582,1983.6001999999999,8,1564.76,623.41200000000003,1983.6001999999999,1988.29566676484,1747.2390433406626,1828.6371163182009,15,42,37,88,69
35,30,38,AdaptiveCuttingAuction,0.05,0.08,10,True,,1000,3600,cats_reg_g30b150,True,default,2,False,CATS,150,regions,MultiMinded,92,Balance,24.0,2341.4052,8,1755.59,637.298,2341.4052,2284.6880918238408,2029.7688918238405,2138.5966359901117,25,44,7,90,68
36,30,33,AdaptiveCuttingAuction,0.05,0.08,10,True,,1000,3600,cats_reg_g30b150,True,default,2,False,CATS,150,regions,MultiMinded,109,Balance,26.970000000001164,2136.9992,6,1693.26,587.83249999999998,2087.04,2137.7605159213426,1961.410765921343,1990.7601776561437,18,63,34,88,63
37,30,34,AdaptiveCuttingAuction,0.05,0.08,10,True,,1000,3600,cats_reg_g30b150,True,default,2,False,CATS,150,regions,MultiMinded,129,Balance,26.79999999998836,1991.3467,8,1812.59,701.23299999999995,1969.7631000000001,1950.6043940989575,1682.9728136298818,1767.3732888711302,25,45,54,80,64
38,30,40,AdaptiveCuttingAuction,0.05,0.08,10,True,,1000,3600,cats_reg_g30b150,True,default,2,False,CATS,150,regions,MultiMinded,103,Balance,38.929999999993015,2724.0288,5,2153.9,576.38300000000004,2647.3538000000003,2516.632451802273,2401.3558518022733,2561.5551773690877,24,46,28,85,70
39,30,30,AdaptiveCuttingAuction,0.05,0.08,10,True,,1000,3600,cats_reg_g30b150,True,default,2,False,CATS,150,regions,MultiMinded,168,Balance,34.87000000002445,1968.0602,4,1918.66,764.726,1968.0602,2000.2464181272492,1847.3012181272491,1880.3694734818343,13,44,32,74,60
40,30,33,AdaptiveCuttingAuction,0.05,0.08,10,True,,1000,3600,cats_reg_g30b150,True,default,2,False,CATS,150,regions,MultiMinded,88,Balance,17.75,1942.0583000000001,3,1674.34,688.69799999999998,1942.0583000000001,1951.5515827713039,1848.2468827713039,1852.9938229057016,1,30,26,78,63
41,30,35,AdaptiveCuttingAuction,0.05,0.08,10,True,,1000,3600,cats_reg_g30b150,True,default,2,False,CATS,150,regions,MultiMinded,99,Balance,24.539999999979045,1877.7214099999999,7,1423.29,646.35299999999995,1831.2470099999998,1793.5632074309469,1630.7399687346078,1752.4722731932977,12,43,23,82,65
42,30,32,AdaptiveCuttingAuction,0.05,0.08,10,True,,1000,3600,cats_reg_g30b150,True,default,2,False,CATS,150,regions,MultiMinded,103,Balance,24.0,2111.841,4,1703.5,646.17399999999998,2111.841,2066.4908798662927,1937.2560798662926,2068.8594720864762,11,48,55,80,62
43,30,40,AdaptiveCuttingAuction,0.05,0.08,10,True,,1000,3600,cats_reg_g30b150,True,default,2,False,CATS,150,regions,MultiMinded,154,Balance,38.83999999999651,2446.7208,6,1927.69,685.90899999999999,2446.7208,2271.1395674665646,2099.6623174665642,2275.2435499999997,16,41,0,91,70
44,30,35,AdaptiveCuttingAuction,0.05,0.08,10,True,,1000,3600,cats_reg_g30b150,True,default,2,False,CATS,150,regions,MultiMinded,112,Balance,31.80999999999767,1711.1515999999997,6,1299.51,651.40899999999999,1607.6064999999999,1597.0265399014759,1401.6038399014762,1481.0619862240812,16,45,21,82,65
45,30,38,AdaptiveCuttingAuction,0.05,0.08,10,True,,1000,3600,cats_reg_g30b150,True,default,2,False,CATS,150,regions,MultiMinded,170,Balance,47.44999999998254,2034.5094,6,1828.07,742.07299999999998,2034.5094,1995.1343947086743,1815.1304033291792,1921.3606765908121,20,44,30,90,68
46,30,31,AdaptiveCuttingAuction,0.05,0.08,10,True,,1000,3600,cats_reg_g30b150,True,default,2,False,CATS,150,regions,MultiMinded,64,Balance,12.699999999982538,2564.0325000000003,4,2373.4,807.26099999999997,2564.0325000000003,2440.2438650387562,2340.6024632217509,2479.8295762374801,6,40,14,70,61
47,30,37,AdaptiveCuttingAuction,0.05,0.08,10,True,,1000,3600,cats_reg_g30b150,True,default,2,False,CATS,150,regions,MultiMinded,136,Balance,24.39000000001397,2233.1322,7,1669.44,664.97900000000004,2233.1322,2094.0109307736016,1890.0721825382486,2050.3974919900111,1,30,21,82,67
48,30,35,AdaptiveCuttingAuction,0.05,0.08,10,True,,1000,3600,cats_reg_g30b150,True,default,2,False,CATS,150,regions,MultiMinded,90,Balance,25.429999999993015,2069.4358,7,1826.01,556.24350000000004,2050.2718,1984.1569079589894,1789.4716829589893,1898.6121016725713,25,49,21,87,65
49,30,30,AdaptiveCuttingAuction,0.05,0.08,10,True,,1000,3600,cats_reg_g30b150,True,default,2,False,CATS,150,regions,MultiMinded,83,Balance,15.050000000017462,1979.7895999999998,6,1594.07,673.82600000000002,1979.7895999999998,1895.8046166336201,1739.1470297103288,1907.752189774423,7,39,42,76,60
50,30,33,AdaptiveCuttingAuction,0.05,0.08,10,True,,1000,3600,cats_reg_g30b150,True,default,2,False,CATS,150,regions,MultiMinded,133,Balance,34.20000000001164,2110.6722999999997,7,1335.35,460.47550000000001,2110.6722999999997,2009.5151303872622,1871.3724803872624,2011.399119389529,9,42,35,85,63
51,30,37,AdaptiveCuttingAuction,0.05,0.08,10,True,,1000,3600,cats_reg_g30b150,True,default,2,False,CATS,150,regions,MultiMinded,60,Balance,12.170000000012806,2245.4244000000003,6,1882.26,597.73699999999997,2245.4244000000003,2207.5107600224692,2058.0765100224685,2110.8947589153549,1,28,24,87,67
52,30,32,AdaptiveCuttingAuction,0.05,0.08,10,True,,1000,3600,cats_reg_g30b150,True,default,2,False,CATS,150,regions,MultiMinded,99,Balance,17.389999999984866,1756.6213,6,1409.87,556.45500000000004,1756.6213,1665.0248198364791,1498.0883198364791,1602.3936645761341,26,41,10,72,62
53,30,34,AdaptiveCuttingAuction,0.05,0.08,10,True,,1000,3600,cats_reg_g30b150,True,default,2,False,CATS,150,regions,MultiMinded,140,Balance,28.79999999998836,2325.6629000000003,8,1796.97,570.23000000000002,2306.6109,2171.3259215889379,1962.6654700917243,2157.3047085734834,23,47,42,81,64
54,30,37,AdaptiveCuttingAuction,0.05,0.08,10,True,,1000,3600,cats_reg_g30b150,True,default,2,False,CATS,150,regions,MultiMinded,101,Balance,25.380000000004657,2355.424,6,2152.9,670.553,2355.424,2294.5240207512816,2139.3099376497962,2211.9958893463545,13,41,49,86,67
55,30,33,AdaptiveCuttingAuction,0.05,0.08,10,True,,1000,3600,cats_reg_g30b150,True,default,2,False,CATS,150,regions,MultiMinded,86,Balance,19.949999999982538,2078.1524999999997,10,1352.37,548.28150000000005,2078.1524999999997,2090.7545828849898,1826.0116256615986,1856.8721659244468,6,40,29,84,63
56,30,39,AdaptiveCuttingAuction,0.05,0.08,10,True,,1000,3600,cats_reg_g30b150,True,default,2,False,CATS,150,regions,MultiMinded,125,Balance,32.99000000001979,1893.3772000000004,10,1498.24,591.42200000000003,1888.8312000000003,1893.2872504205934,1627.1473504205933,1705.5675044267741,8,43,34,91,69
57,30,36,AdaptiveCuttingAuction,0.05,0.08,10,True,,1000,3600,cats_reg_g30b150,True,default,2,False,CATS,150,regions,MultiMinded,76,Balance,23.55999999999767,1899.5301999999997,8,1604.44,621.16750000000002,1899.5301999999997,1886.3793423822026,1637.9123423822023,1717.9811586945768,25,57,14,87,66
58,30,36,AdaptiveCuttingAuction,0.05,0.08,10,True,,1000,3600,cats_reg_g30b150,True,default,2,False,CATS,150,regions,MultiMinded,193,Balance,56.679999999993015,2429.6093,6,2057.42,832.86300000000006,2429.6093,2300.1070648509299,2091.8913148509296,2242.7853532001886,25,43,51,84,66
59,30,39,AdaptiveCuttingAuction,0.05,0.08,10,True,,1000,3600,cats_reg_g30b150,True,default,2,False,CATS,150,regions,MultiMinded,178,Balance,40.93000000002212,2064.9126,5,1772.9,622.28800000000001,2023.1066,1961.9571841483316,1806.3851841483315,2000.0750657089116,22,49,78,92,69
60,30,35,AdaptiveCuttingAuction,0.05,0.08,10,True,,1000,3600,cats_reg_g30b150,True,default,2,False,CATS,150,regions,MultiMinded,161,Balance,29.339999999996508,1956.0875,7,1842.74,450.80399999999997,1937.2965,1862.7670083875473,1727.5258083875474,1824.373316148293,10,35,32,76,65
61,30,37,AdaptiveCuttingAuction,0.05,0.08,10,True,,1000,3600,cats_reg_g30b150,True,default,2,False,CATS,150,regions,MultiMinded,166,Balance,56.23999999999069,1951.6029999999998,7,1560.47,530.9905,1951.6029999999998,1926.9157488377323,1741.069073837733,1815.4673876730521,17,64,32,97,67
62,30,34,AdaptiveCuttingAuction,0.05,0.08,10,True,,1000,3600,cats_reg_g30b150,True,default,2,False,CATS,150,regions,MultiMinded,139,Balance,25.10999999998603,1978.0167,7,1737.89,582.94900000000007,1977.3040999999998,1909.9422458984402,1705.9100958984407,1848.5520331111934,1,30,40,77,64
63,30,30,AdaptiveCuttingAuction,0.05,0.08,10,True,,1000,3600,cats_reg_g30b150,True,default,2,False,CATS,150,regions,MultiMinded,110,Balance,18.69000000000233,2547.4234,5,1821.34,869.476,2547.4234,2481.8043135711141,2293.8474692143996,2381.3213834216763,1,30,51,76,60
64,30,34,AdaptiveCuttingAuction,0.05,0.08,10,True,,1000,3600,cats_reg_g30b150,True,default,2,False,CATS,150,regions,MultiMinded,96,Balance,20.779999999998836,2427.9729,8,1844.14,792.92899999999997,2427.9729,2301.0570487413179,1983.8854487413178,2161.6910630370871,6,33,27,80,64
65,30,36,AdaptiveCuttingAuction,0.05,0.08,10,True,,1000,3600,cats_reg_g30b150,True,default,2,False,CATS,150,regions,MultiMinded,145,Balance,39.73000000001048,2209.3287,10,1779.98,732.52250000000004,2142.4379,2082.3101175675874,1725.9051049510392,1824.7549503046021,26,45,46,89,66
66,30,30,AdaptiveCuttingAuction,0.05,0.08,10,True,,1000,3600,cats_reg_g30b150,True,default,2,False,CATS,150,regions,MultiMinded,120,Balance,22.170000000012806,2387.3904,2,2290.03,553.03500000000008,2387.3904,2341.2925518032948,2285.9890518032948,2339.1066518032949,1,29,25,71,60
67,30,41,AdaptiveCuttingAuction,0.05,0.08,10,True,,1000,3600,cats_reg_g30b150,True,default,2,False,CATS,150,regions,MultiMinded,664,Balance,249.25,2130.5865999999996,8,1569.3,447.20299999999997,2107.1669,1994.7325981507481,1827.0150980299702,1971.697958777982,18,64,28,98,71
68,30,34,AdaptiveCuttingAuction,0.05,0.08,10,True,,1000,3600,cats_reg_g30b150,True,default,2,False,CATS,150,regions,MultiMinded,132,Balance,36.05999999999767,1871.0335999999998,8,1491.62,623.48450000000003,1871.0335999999998,1884.4921425085972,1643.6565877326518,1664.4323652240923,7,40,32,88,64
69,30,34,AdaptiveCuttingAuction,0.05,0.08,10,True,,1000,3600,cats_reg_g30b150,True,default,2,False,CATS,150,regions,MultiMinded,98,Balance,20.269999999989523,2248.1536,8,1918.69,909.28949999999998,2248.1536,2265.0135353697201,1955.2414318193003,2034.7669061837109,1,29,29,78,64
70,30,32,AdaptiveCuttingAuction,0.05,0.08,10,True,,1000,3600,cats_reg_g30b150,True,default,2,False,CATS,150,regions,MultiMinded,126,Balance,24.30999999999767,2074.3614,4,1794.89,671.03600000000006,1998.6884,1951.7896057480093,1837.8718308722678,1977.0585171656064,1,30,62,71,62
71,30,30,AdaptiveCuttingAuction,0.05,0.08,10,True,,1000,3600,cats_reg_g30b150,True,default,2,False,CATS,150,regions,MultiMinded,203,Balance,44.63000000000466,2107.4125,3,1919.92,672.68100000000004,2107.4125,2074.2473178926639,1973.3451678926635,2077.6318443816749,12,41,53,79,60
72,30,35,AdaptiveCuttingAuction,0.05,0.08,10,True,,1000,3600,cats_reg_g30b150,True,default,2,False,CATS,150,regions,MultiMinded,109,Balance,19.460000000020955,1946.4843000000003,8,1216.53,554.09649999999999,1946.4843000000003,1860.5472754026391,1654.7536421918167,1780.5774301371703,1,30,28,78,65
73,30,35,AdaptiveCuttingAuction,0.05,0.08,10,True,,1000,3600,cats_reg_g30b150,True,default,2,False,CATS,150,regions,MultiMinded,588,Balance,185.40000000002328,1852.6272999999999,10,1445.38,663.03899999999999,1800.6158999999998,1800.3491871341243,1474.7885149058948,1568.0670459672072,25,63,28,90,65
74,30,31,AdaptiveCuttingAuction,0.05,0.08,10,True,,1000,3600,cats_reg_g30b150,True,default,2,False,CATS,150,regions,MultiMinded,129,Balance,22.869999999995343,2020.0417,6,1744.34,781.83899999999994,2020.0417,2004.2663910784202,1769.7146910784202,1889.5975953213122,1,30,32,75,61
75,30,39,AdaptiveCuttingAuction,0.05,0.08,10,True,,1000,3600,cats_reg_g30b150,True,default,2,False,CATS,150,regions,MultiMinded,131,Balance,61.98999999999069,2549.9302,9,1890.83,637.39099999999996,2489.9611999999997,2396.1567272700318,2143.9827540522465,2303.8473964155392,27,70,36,98,69
76,30,36,AdaptiveCuttingAuction,0.05,0.08,10,True,,1000,3600,cats_reg_g30b150,True,default,2,False,CATS,150,regions,MultiMinded,129,Balance,31.269999999989523,1970.4382,5,1633.82,405.01099999999997,1957.2915,1948.9792841920175,1847.7265341920174,1874.7228613933557,20,41,11,82,66
77,30,34,AdaptiveCuttingAuction,0.05,0.08,10,True,,1000,3600,cats_reg_g30b150,True,default,2,False,CATS,150,regions,MultiMinded,153,Balance,30.04999999998836,1646.3148,6,1576.38,831.28949999999998,1602.3807,1632.8683338619576,1401.8609851957474,1433.4661282770578,1,30,41,76,64
78,30,34,AdaptiveCuttingAuction,0.05,0.08,10,True,,1000,3600,cats_reg_g30b150,True,default,2,False,CATS,150,regions,MultiMinded,101,Balance,23.20999999999185,2412.1546,7,1881.66,768.41550000000007,2346.1201,2330.9860659721867,2100.4614159721864,2216.6411887072672,1,986,23,81,64
79,30,29,AdaptiveCuttingAuction,0.05,0.08,10,True,,1000,3600,cats_reg_g30b150,True,default,2,False,CATS,150,regions,MultiMinded,167,Balance,33.45000000001164,2267.359,4,2060.3,919.01300000000003,2256.911,2275.0471403557844,2091.244540355784,2146.0005892709141,11,44,47,81,59
80,30,37,AdaptiveCuttingAuction,0.05,0.08,10,True,,1000,3600,cats_reg_g30b150,True,default,2,False,CATS,150,regions,MultiMinded,133,Balance,37.470000000001164,2112.5864,6,1592.54,576.49599999999998,2047.4059000000002,1966.1124156999306,1808.7916174994518,1935.3144153090464,27,47,59,87,67
81,30,33,AdaptiveCuttingAuction,0.05,0.08,10,True,,1000,3600,cats_reg_g30b150,True,default,2,False,CATS,150,regions,MultiMinded,79,Balance,13.64999999999418,1652.215,4,1316.69,725.81600000000003,1650.6599999999999,1593.0497919835291,1447.8865919835291,1553.5149479195222,1,30,46,71,63
82,30,35,AdaptiveCuttingAuction,0.05,0.08,10,True,,1000,3600,cats_reg_g30b150,True,default,2,False,CATS,150,regions,MultiMinded,116,Balance,37.90000000002328,2109.0315,7,1900.31,619.13249999999994,2109.0315,2103.6087756024172,1923.9607506893656,1997.7666704110422,24,63,49,91,65
83,30,32,AdaptiveCuttingAuction,0.05,0.08,10,True,,1000,3600,cats_reg_g30b150,True,default,2,False,CATS,150,regions,MultiMinded,74,Balance,15.410000000003492,2576.43019,7,2027.96,1059.6700000000001,2576.43019,2614.8339514899662,2294.1370908511062,2459.4708710065956,15,44,56,72,62
84,30,34,AdaptiveCuttingAuction,0.05,0.08,10,True,,1000,3600,cats_reg_g30b150,True,default,2,False,CATS,150,regions,MultiMinded,194,Balance,72.37000000002445,1983.6759000000002,7,1485.27,650.14099999999996,1962.444,1907.0165170430657,1680.1316553949384,1784.0213295324829,17,57,41,90,64
85,30,33,AdaptiveCuttingAuction,0.05,0.08,10,True,,1000,3600,cats_reg_g30b150,True,default,2,False,CATS,150,regions,MultiMinded,77,Balance,13.639999999984866,1650.3177,5,1136.81,534.83399999999995,1650.3177,1606.6865980662142,1472.978098066214,1562.531572123472,1,30,37,80,63
86,30,37,AdaptiveCuttingAuction,0.05,0.08,10,True,,1000,3600,cats_reg_g30b150,True,default,2,False,CATS,150,regions,MultiMinded,93,Balance,16.880000000004657,2073.2363,6,1605.13,504.47649999999999,2069.3503,1950.4179986353108,1799.0750486353106,1943.013577943414,8,33,11,78,67
87,30,34,AdaptiveCuttingAuction,0.05,0.08,10,True,,1000,3600,cats_reg_g30b150,True,default,2,False,CATS,150,regions,MultiMinded,146,Balance,37.970000000001164,2161.5317,10,1611.82,461.19499999999999,2161.5317,2065.8130740641163,1865.3816467717115,1996.4693393966459,10,45,24,85,64
88,30,35,AdaptiveCuttingAuction,0.05,0.08,10,True,,1000,3600,cats_reg_g30b150,True,default,2,False,CATS,150,regions,MultiMinded,125,Balance,31.360000000015134,1960.6723,6,1579.4,529.16499999999996,1921.4421000000002,1853.7691995006098,1735.5370922899363,1891.0063049112432,7,38,42,83,65
89,30,40,AdaptiveCuttingAuction,0.05,0.08,10,True,,1000,3600,cats_reg_g30b150,True,default,2,False,CATS,150,regions,MultiMinded,75,Balance,35.76999999998952,2103.4608,12,1324.86,455.78500000000003,1933.7631000000001,1669.6932716104393,1464.5900216104392,1782.7609060521127,25,41,41,85,70
90,30,36,AdaptiveCuttingAuction,0.05,0.08,10,True,,1000,3600,cats_reg_g30b150,True,default,2,False,CATS,150,regions,MultiMinded,99,Balance,23.45000000001164,2252.2093,7,1749.09,686.99800000000005,2252.2093,2098.5598928645118,1914.9641868400581,2101.1462725731126,8,42,18,85,66
91,30,37,AdaptiveCuttingAuction,0.05,0.08,10,True,,1000,3600,cats_reg_g30b150,True,default,2,False,CATS,150,regions,MultiMinded,69,Balance,16.169999999983702,2533.4677,9,1557.05,605.50300000000004,2524.7637,2225.7712513228444,1983.5700513228448,2314.8413286471223,6,32,20,76,67
92,30,37,AdaptiveCuttingAuction,0.05,0.08,10,True,,1000,3600,cats_reg_g30b150,True,default,2,False,CATS,150,regions,MultiMinded,82,Balance,23.30999999999767,2087.0795,9,1557.29,467.12700000000001,2087.0795,2018.3081225915905,1808.1009725915903,1912.3342929027385,8,43,10,86,67
93,30,34,AdaptiveCuttingAuction,0.05,0.08,10,True,,1000,3600,cats_reg_g30b150,True,default,2,False,CATS,150,regions,MultiMinded,73,Balance,18.229999999981374,2220.4165999999996,8,1477.09,531.97949999999992,2187.6236,2012.0770405387191,1799.2852405387193,2003.2136827983804,12,40,10,74,64
94,30,33,AdaptiveCuttingAuction,0.05,0.08,10,True,,1000,3600,cats_reg_g30b150,True,default,2,False,CATS,150,regions,MultiMinded,187,Balance,59.79000000000815,2089.1439,6,1850.23,583.02999999999997,2075.2699000000002,1911.8513519597436,1795.2453519597439,2021.7624484186883,11,54,53,81,63
95,30,36,AdaptiveCuttingAuction,0.05,0.08,10,True,,1000,3600,cats_reg_g30b150,True,default,2,False,CATS,150,regions,MultiMinded,164,Balance,43.329999999987194,2218.1557,7,1747.55,732.99250000000006,2218.1557,2202.7277671631232,1946.1803921631231,1991.6383028964003,11,46,17,85,66
96,30,33,AdaptiveCuttingAuction,0.05,0.08,10,True,,1000,3600,cats_reg_g30b150,True,default,2,False,CATS,150,regions,MultiMinded,125,Balance,28.329999999987194,1873.9284000000002,4,1690.89,555.43200000000002,1873.9284000000002,1861.4639090474102,1750.3775090474101,1769.7918603670287,8,36,25,78,63
97,30,37,AdaptiveCuttingAuction,0.05,0.08,10,True,,1000,3600,cats_reg_g30b150,True,default,2,False,CATS,150,regions,MultiMinded,125,Balance,31.880000000004657,1853.4531000000002,10,1334.16,635.36699999999996,1780.1541000000002,1739.9010763695533,1470.8667015089252,1574.7621460827943,7,42,14,88,67
98,30,36,AdaptiveCuttingAuction,0.05,0.08,10,True,,1000,3600,cats_reg_g30b150,True,default,2,False,CATS,150,regions,MultiMinded,85,Balance,17.579999999987194,2779.0163,8,2131.76,620.35799999999995,2779.0163,2741.6853324829926,2493.5421324829931,2559.2548421041574,5,36,33,79,66
99,30,37,AdaptiveCuttingAuction,0.05,0.08,10,True,,1000,3600,cats_reg_g30b150,True,default,2,False,CATS,150,regions,MultiMinded,114,Balance,36.66000000000349,2286.8288000000002,5,1573.72,543.00099999999998,2286.8288000000002,2220.2228229508555,2111.6226229508552,2206.66083481634,8,42,17,86,67
100,30,32,AdaptiveCuttingAuction,0.05,0.08,10,True,,1000,3600,cats_reg_g30b150,True,default,2,False,CATS,150,regions,MultiMinded,421,Balance,104.32000000000698,1906.0085,9,1496.95,591.39400000000001,1821.3545,1867.6421902062953,1601.5148902062951,1626.4962416418221,1,960,46,78,62
