idx,items,agents,auction_class,epsilon,stepc,epoch,scalebyvalue,reserve_type,maxiter,maxtime,generator_param_name,personalized,bidding_strategy,heuristic_pool_num,int_prices,generator,bids,distribution,type,rounds,status,runtime,efficient_value,final_num_winners,final_max_agent_value,final_scalevalue,final_value,final_total_price,final_revenue,final_indirect_util,final_price_degree,final_price_sparsity,final_imbalance,final_wd_nvars,final_wd_ncons
1,30,36,LinearHeuristicAuction,0.05,0.04,,True,,1000,3600,cats_reg_g30b150,,heuristic,3,False,CATS,150,regions,MultiMinded,1000,MaxIter,130.32000000000698,2502.8085,5,1712.02,630.28700000000003,2136.6344000000004,2229.0290566915969,82.913280445830964,413.34392060297603,1,28,36,114,66
2,30,38,LinearHeuristicAuction,0.05,0.04,,True,,1000,3600,cats_reg_g30b150,,heuristic,3,False,CATS,150,regions,MultiMinded,1000,MaxIter,141.20000000001164,2067.4249,8,1460.04,478.96600000000001,1501.6917000000003,2209.8448849548768,501.44809886603991,518.41512015757019,1,30,29,118,68
3,30,36,LinearHeuristicAuction,0.05,0.04,,True,,1000,3600,cats_reg_g30b150,,heuristic,3,False,CATS,150,regions,MultiMinded,1000,MaxIter,121.54000000000815,2226.2472000000002,8,1961.0,494.50999999999999,2007.0559,2278.7220078542337,1066.431795063301,1091.508085909855,1,29,40,109,66
4,30,38,LinearHeuristicAuction,0.05,0.04,,True,,1000,3600,cats_reg_g30b150,,heuristic,3,False,CATS,150,regions,MultiMinded,1000,MaxIter,116.24000000001979,2004.9491999999998,10,1505.7,557.86300000000006,1633.6282,1981.3433778736032,203.19757101922107,411.05090835300734,1,30,29,104,68
5,30,35,LinearHeuristicAuction,0.05,0.04,,True,,1000,3600,cats_reg_g30b150,,heuristic,3,False,CATS,150,regions,MultiMinded,1000,MaxIter,150.6600000000035,1864.626,8,1703.97,505.12049999999999,1596.3164000000004,2041.5067156678142,675.01284650645027,744.10595867363054,1,30,24,113,65
6,30,35,LinearHeuristicAuction,0.05,0.04,,True,,1000,3600,cats_reg_g30b150,,heuristic,3,False,CATS,150,regions,MultiMinded,1000,MaxIter,110.11999999999534,2116.0368,7,1959.83,614.52500000000009,1654.9988,2422.0779463954859,484.07217315921872,645.99553046260382,1,29,25,95,65
7,30,35,LinearHeuristicAuction,0.05,0.04,,True,,1000,3600,cats_reg_g30b150,,heuristic,3,False,CATS,150,regions,MultiMinded,1000,MaxIter,123.10000000000582,2031.9575,6,1330.11,558.39999999999998,1455.0695,2217.191430123999,184.97843976332013,397.80740192731116,1,29,40,101,65
8,30,35,LinearHeuristicAuction,0.05,0.04,,True,,1000,3600,cats_reg_g30b150,,heuristic,3,False,CATS,150,regions,MultiMinded,1000,MaxIter,126.30000000001746,2027.57669,9,1379.5,642.28750000000002,1782.49669,2004.3710892483616,202.42324594629579,368.71244128110521,1,30,36,108,65
9,30,36,LinearHeuristicAuction,0.05,0.04,,True,,1000,3600,cats_reg_g30b150,,heuristic,3,False,CATS,150,regions,MultiMinded,1000,MaxIter,124.95000000001164,1859.5272999999997,10,1542.29,443.88650000000001,1473.1882,1896.6593838269664,240.02051928730631,336.54097578324183,1,29,25,117,66
10,30,34,LinearHeuristicAuction,0.05,0.04,,True,,1000,3600,cats_reg_g30b150,,heuristic,3,False,CATS,150,regions,MultiMinded,1000,MaxIter,121.27000000001863,2566.974,7,2112.56,626.02300000000002,2149.87,2709.0096886458737,679.3087831937878,964.45266758053515,1,30,38,107,64
11,30,36,LinearHeuristicAuction,0.05,0.04,,True,,1000,3600,cats_reg_g30b150,,heuristic,3,False,CATS,150,regions,MultiMinded,1000,MaxIter,126.4199999999837,2431.6115,8,2098.81,721.22149999999999,1878.7772,2506.8113213779006,407.71150564815736,412.20196210257751,1,30,26,105,66
12,30,32,LinearHeuristicAuction,0.05,0.04,,True,,1000,3600,cats_reg_g30b150,,heuristic,3,False,CATS,150,regions,MultiMinded,1000,MaxIter,122.20999999999185,1865.81568,8,1645.15,855.13049999999998,1784.04378,2159.2773920827353,1183.4526695310462,1415.4140168790009,1,30,46,100,62
13,30,35,LinearHeuristicAuction,0.05,0.04,,True,,1000,3600,cats_reg_g30b150,,heuristic,3,False,CATS,150,regions,MultiMinded,1000,MaxIter,132.13000000000466,1773.5022000000001,6,1494.31,678.60900000000004,1773.5022000000001,1867.5793046099445,141.13491052837094,209.77619211438346,1,30,51,110,65
14,30,32,LinearHeuristicAuction,0.05,0.04,,True,,1000,3600,cats_reg_g30b150,,heuristic,3,False,CATS,150,regions,MultiMinded,1000,MaxIter,120.47999999998137,1980.1873000000003,8,1559.99,631.08900000000006,1520.1318,1928.6509425908498,512.75686782788296,675.93431848735861,1,28,60,91,62
15,30,36,LinearHeuristicAuction,0.05,0.04,,True,,1000,3600,cats_reg_g30b150,,heuristic,3,False,CATS,150,regions,MultiMinded,56,Balance,6.190000000002328,2512.4141000000004,4,2312.23,781.00699999999995,2490.0381,2354.9855141294938,2237.8344641294939,2441.852984144301,1,28,29,78,66
16,30,34,LinearHeuristicAuction,0.05,0.04,,True,,1000,3600,cats_reg_g30b150,,heuristic,3,False,CATS,150,regions,MultiMinded,1000,MaxIter,125.33999999999651,1929.452,4,1789.44,584.255,1593.3163,2123.3783831201504,11.519830451527071,78.267287763128436,1,29,36,106,64
17,30,33,LinearHeuristicAuction,0.05,0.04,,True,,1000,3600,cats_reg_g30b150,,heuristic,3,False,CATS,150,regions,MultiMinded,1000,MaxIter,127.70000000001164,1934.7395999999999,6,1626.95,730.93200000000002,1849.4036,2193.4602222856629,277.97180566145403,288.31301054516814,1,30,32,100,63
18,30,34,LinearHeuristicAuction,0.05,0.04,,True,,1000,3600,cats_reg_g30b150,,heuristic,3,False,CATS,150,regions,MultiMinded,1000,MaxIter,116.95999999999185,2504.1384,4,1818.33,781.33600000000001,2504.1384,2664.585705761288,128.25110701996604,234.06825898156498,1,29,17,93,64
19,30,36,LinearHeuristicAuction,0.05,0.04,,True,,1000,3600,cats_reg_g30b150,,heuristic,3,False,CATS,150,regions,MultiMinded,1000,MaxIter,111.80999999999767,2560.7110000000002,11,1508.06,549.71399999999994,2264.7472700000003,2437.3275192812957,1314.591581669632,1651.030208325566,1,29,15,99,66
20,30,37,LinearHeuristicAuction,0.05,0.04,,True,,1000,3600,cats_reg_g30b150,,heuristic,3,False,CATS,150,regions,MultiMinded,1000,MaxIter,121.58999999999651,1801.7813999999998,8,1490.47,395.125,1470.1393000000003,2123.7958891072844,386.7150127381982,438.97898280280231,1,30,27,114,67
21,30,33,LinearHeuristicAuction,0.05,0.04,,True,,1000,3600,cats_reg_g30b150,,heuristic,3,False,CATS,150,regions,MultiMinded,1000,MaxIter,128.60999999998603,1553.7635,6,1374.19,778.39550000000008,1381.5954,1647.1514208336987,205.47810729252319,277.65981866941951,1,30,21,91,63
22,30,38,LinearHeuristicAuction,0.05,0.04,,True,,1000,3600,cats_reg_g30b150,,heuristic,3,False,CATS,150,regions,MultiMinded,1000,MaxIter,123.26000000000931,2312.252,5,2123.59,638.69949999999994,1796.2513,2767.8199462490179,90.2251636256495,139.74620192441853,1,29,38,108,68
23,30,38,LinearHeuristicAuction,0.05,0.04,,True,,1000,3600,cats_reg_g30b150,,heuristic,3,False,CATS,150,regions,MultiMinded,138,Balance,15.089999999996508,2354.8725,7,1818.1,597.00800000000004,2354.8725,2174.8949623372137,2001.7626423372135,2297.5167671266013,1,29,60,92,68
24,30,35,LinearHeuristicAuction,0.05,0.04,,True,,1000,3600,cats_reg_g30b150,,heuristic,3,False,CATS,150,regions,MultiMinded,1000,MaxIter,125.5800000000163,1892.4884,11,1241.36,538.58849999999995,1765.7858999999999,2251.93049893534,784.73348563436025,912.93202798511891,1,30,19,97,65
25,30,33,LinearHeuristicAuction,0.05,0.04,,True,,1000,3600,cats_reg_g30b150,,heuristic,3,False,CATS,150,regions,MultiMinded,1000,MaxIter,134.30999999999767,1741.0822999999998,7,1538.41,861.41849999999999,1691.1082999999999,1799.1644219070013,440.26921947980628,506.6873743610476,1,30,31,107,63
26,30,34,LinearHeuristicAuction,0.05,0.04,,True,,1000,3600,cats_reg_g30b150,,heuristic,3,False,CATS,150,regions,MultiMinded,1000,MaxIter,106.75,2008.668,8,1919.5,424.82100000000003,1871.6773999999998,2196.4520258436164,1171.7375674434265,1252.0538039106289,1,30,28,90,64
27,30,32,LinearHeuristicAuction,0.05,0.04,,True,,1000,3600,cats_reg_g30b150,,heuristic,3,False,CATS,150,regions,MultiMinded,1000,MaxIter,113.64999999999418,2175.2061,5,1890.21,644.31150000000002,2175.2061,2252.2030846962793,1730.6397201339134,1734.6197831485156,1,29,45,98,62
28,30,37,LinearHeuristicAuction,0.05,0.04,,True,,1000,3600,cats_reg_g30b150,,heuristic,3,False,CATS,150,regions,MultiMinded,1000,MaxIter,125.26999999998952,2040.43179,8,1615.6,517.23699999999997,2018.6335,2189.1142786732407,617.1409976520124,805.46269357481174,1,29,34,106,67
29,30,33,LinearHeuristicAuction,0.05,0.04,,True,,1000,3600,cats_reg_g30b150,,heuristic,3,False,CATS,150,regions,MultiMinded,1000,MaxIter,129.75,2111.632,6,1854.64,708.57899999999995,1864.7232000000001,2247.083834635207,257.03450352284574,429.65413375725211,1,30,50,107,63
30,30,35,LinearHeuristicAuction,0.05,0.04,,True,,1000,3600,cats_reg_g30b150,,heuristic,3,False,CATS,150,regions,MultiMinded,1000,MaxIter,122.64999999999418,2323.0769999999998,9,1594.17,462.18150000000003,1989.4208000000003,2246.09900173097,670.40432427697021,958.71648341146852,1,29,31,105,65
31,30,34,LinearHeuristicAuction,0.05,0.04,,True,,1000,3600,cats_reg_g30b150,,heuristic,3,False,CATS,150,regions,MultiMinded,1000,MaxIter,129.45999999999185,2659.4860000000003,8,2167.09,585.07799999999997,2331.898,3060.5439025095939,754.9065517106493,1014.1070972744415,1,29,22,100,64
32,30,37,LinearHeuristicAuction,0.05,0.04,,True,,1000,3600,cats_reg_g30b150,,heuristic,3,False,CATS,150,regions,MultiMinded,1000,MaxIter,139.77999999999884,1999.8556999999998,6,1545.46,522.50199999999995,1714.9372,2022.801268670331,227.95612101735412,380.62599511465459,1,30,33,117,67
33,30,37,LinearHeuristicAuction,0.05,0.04,,True,,1000,3600,cats_reg_g30b150,,heuristic,3,False,CATS,150,regions,MultiMinded,1000,MaxIter,120.54000000000815,1805.9524000000001,3,1582.17,487.50400000000002,1728.8005,1713.8605274927213,0.0,161.3642800903755,1,29,28,105,67
34,30,39,LinearHeuristicAuction,0.05,0.04,,True,,1000,3600,cats_reg_g30b150,,heuristic,3,False,CATS,150,regions,MultiMinded,1000,MaxIter,124.79999999998836,1983.6001999999999,10,1564.76,623.41200000000003,1772.7776,2133.8324321059754,908.67040400739018,1110.3880889536372,1,28,28,109,69
35,30,38,LinearHeuristicAuction,0.05,0.04,,True,,1000,3600,cats_reg_g30b150,,heuristic,3,False,CATS,150,regions,MultiMinded,1000,MaxIter,124.73000000001048,2341.4052,7,1755.59,637.298,2067.3958000000002,2795.1205700654459,678.7424452231827,795.26044237354256,1,29,41,104,68
36,30,33,LinearHeuristicAuction,0.05,0.04,,True,,1000,3600,cats_reg_g30b150,,heuristic,3,False,CATS,150,regions,MultiMinded,1000,MaxIter,132.64999999999418,2136.9992,8,1693.26,587.83249999999998,1902.1888,2387.6150638751151,1061.7327492123582,1240.1252952403097,1,29,23,105,63
37,30,34,LinearHeuristicAuction,0.05,0.04,,True,,1000,3600,cats_reg_g30b150,,heuristic,3,False,CATS,150,regions,MultiMinded,1000,MaxIter,121.11000000001513,1991.3467,4,1812.59,701.23299999999995,1695.2167000000002,2753.8895440254164,60.824038821765782,124.195636360713,1,30,40,96,64
38,30,40,LinearHeuristicAuction,0.05,0.04,,True,,1000,3600,cats_reg_g30b150,,heuristic,3,False,CATS,150,regions,MultiMinded,107,Balance,12.429999999993015,2724.0288,6,2153.9,576.38300000000004,2724.0288,2511.9218018789288,2367.8260518789298,2663.0529262461632,1,29,36,98,70
39,30,30,LinearHeuristicAuction,0.05,0.04,,True,,1000,3600,cats_reg_g30b150,,heuristic,3,False,CATS,150,regions,MultiMinded,1000,MaxIter,115.24000000001979,1968.0602,2,1918.66,764.726,1564.7240000000002,2247.7796033168247,0,88.425366306864902,1,30,48,84,60
40,30,33,LinearHeuristicAuction,0.05,0.04,,True,,1000,3600,cats_reg_g30b150,,heuristic,3,False,CATS,150,regions,MultiMinded,1000,MaxIter,131.73000000001048,1942.0583000000001,5,1674.34,688.69799999999998,1434.5843,2019.5289815944143,32.228128299006613,38.660531001880969,1,30,24,110,63
41,30,35,LinearHeuristicAuction,0.05,0.04,,True,,1000,3600,cats_reg_g30b150,,heuristic,3,False,CATS,150,regions,MultiMinded,1000,MaxIter,124.39000000001397,1877.7214099999999,6,1423.29,646.35299999999995,1795.6165,1955.1393591592707,355.96324072126453,384.62950580063847,1,30,26,113,65
42,30,32,LinearHeuristicAuction,0.05,0.04,,True,,1000,3600,cats_reg_g30b150,,heuristic,3,False,CATS,150,regions,MultiMinded,1000,MaxIter,125.9200000000128,2111.841,3,1703.5,646.17399999999998,1797.056,2296.6612725099171,10.66492121685954,29.14966752674286,1,30,25,99,62
43,30,40,LinearHeuristicAuction,0.05,0.04,,True,,1000,3600,cats_reg_g30b150,,heuristic,3,False,CATS,150,regions,MultiMinded,1000,MaxIter,126.29999999998836,2446.7208,14,1927.69,685.90899999999999,2175.4880000000003,2366.961220619497,720.97549219671566,932.36948619775421,1,29,27,107,70
44,30,35,LinearHeuristicAuction,0.05,0.04,,True,,1000,3600,cats_reg_g30b150,,heuristic,3,False,CATS,150,regions,MultiMinded,1000,MaxIter,132.11000000001513,1711.1515999999997,2,1299.51,651.40899999999999,1351.7919,1622.6644407806641,36.895880173867134,228.2193491879211,1,30,35,106,65
45,30,38,LinearHeuristicAuction,0.05,0.04,,True,,1000,3600,cats_reg_g30b150,,heuristic,3,False,CATS,150,regions,MultiMinded,1000,MaxIter,127.72999999998137,2034.5094,10,1828.07,742.07299999999998,1688.7678,2369.066605665003,101.42776240607215,130.03014426083692,1,30,27,118,68
46,30,31,LinearHeuristicAuction,0.05,0.04,,True,,1000,3600,cats_reg_g30b150,,heuristic,3,False,CATS,150,regions,MultiMinded,258,Balance,30.760000000009313,2564.0325000000003,4,2373.4,807.26099999999997,2564.0325000000003,2540.1725239884727,2380.3248834262954,2467.2801916432031,1,30,15,89,61
47,30,37,LinearHeuristicAuction,0.05,0.04,,True,,1000,3600,cats_reg_g30b150,,heuristic,3,False,CATS,150,regions,MultiMinded,1000,MaxIter,123.23000000001048,2233.1322,10,1669.44,664.97900000000004,2137.2096,2189.0798982974375,1617.0431952409485,1799.381473549648,1,30,19,108,67
48,30,35,LinearHeuristicAuction,0.05,0.04,,True,,1000,3600,cats_reg_g30b150,,heuristic,3,False,CATS,150,regions,MultiMinded,1000,MaxIter,159.4199999999837,2069.4358,6,1826.01,556.24350000000004,2001.8139,2199.7063529487923,362.22804510994644,554.36815602560455,1,30,38,114,65
49,30,30,LinearHeuristicAuction,0.05,0.04,,True,,1000,3600,cats_reg_g30b150,,heuristic,3,False,CATS,150,regions,MultiMinded,121,Balance,12.880000000004657,1979.7895999999998,6,1594.07,673.82600000000002,1979.7895999999998,1956.7084987360038,1754.5606987360038,1857.8750596154407,1,30,49,87,60
50,30,33,LinearHeuristicAuction,0.05,0.04,,True,,1000,3600,cats_reg_g30b150,,heuristic,3,False,CATS,150,regions,MultiMinded,1000,MaxIter,122.38000000000466,2110.6722999999997,6,1335.35,460.47550000000001,2067.0203,2071.489304780675,591.72799489338797,704.83514360848721,1,30,38,95,63
51,30,37,LinearHeuristicAuction,0.05,0.04,,True,,1000,3600,cats_reg_g30b150,,heuristic,3,False,CATS,150,regions,MultiMinded,1000,MaxIter,128.44000000000233,2245.4244000000003,8,1882.26,597.73699999999997,1819.1457000000003,2282.9023655801316,393.32253276462149,455.47826769291635,1,28,70,114,67
52,30,32,LinearHeuristicAuction,0.05,0.04,,True,,1000,3600,cats_reg_g30b150,,heuristic,3,False,CATS,150,regions,MultiMinded,1000,MaxIter,117.38000000000466,1756.6213,8,1409.87,556.45500000000004,1283.9251,1908.663952147225,50.422591275148179,160.4098755389889,1,30,21,98,62
53,30,34,LinearHeuristicAuction,0.05,0.04,,True,,1000,3600,cats_reg_g30b150,,heuristic,3,False,CATS,150,regions,MultiMinded,1000,MaxIter,115.38000000000466,2325.6629000000003,7,1796.97,570.23000000000002,2188.5084,2280.4997516856461,298.73734148275463,550.44110759807199,1,30,28,97,64
54,30,37,LinearHeuristicAuction,0.05,0.04,,True,,1000,3600,cats_reg_g30b150,,heuristic,3,False,CATS,150,regions,MultiMinded,1000,MaxIter,126.08999999999651,2355.424,9,2152.9,670.553,1992.2107,2675.4959090384591,1221.28004578743,1252.8298805173802,1,30,33,107,67
55,30,33,LinearHeuristicAuction,0.05,0.04,,True,,1000,3600,cats_reg_g30b150,,heuristic,3,False,CATS,150,regions,MultiMinded,1000,MaxIter,121.67999999999302,2078.1524999999997,10,1352.37,548.28150000000005,1789.6864999999998,2353.3201147243317,1026.3697050211317,1039.7031762236445,1,29,43,102,63
56,30,39,LinearHeuristicAuction,0.05,0.04,,True,,1000,3600,cats_reg_g30b150,,heuristic,3,False,CATS,150,regions,MultiMinded,1000,MaxIter,127.02999999999884,1893.3772000000004,9,1498.24,591.42200000000003,1547.1072,1834.5376127074817,360.57141137608608,506.96690765414598,1,29,36,104,69
57,30,36,LinearHeuristicAuction,0.05,0.04,,True,,1000,3600,cats_reg_g30b150,,heuristic,3,False,CATS,150,regions,MultiMinded,1000,MaxIter,122.45000000001164,1899.5301999999997,8,1604.44,621.16750000000002,1899.5301999999997,1998.9994919747555,1044.8319444463821,1078.1237413958154,1,30,20,111,66
58,30,36,LinearHeuristicAuction,0.05,0.04,,True,,1000,3600,cats_reg_g30b150,,heuristic,3,False,CATS,150,regions,MultiMinded,1000,MaxIter,134.89000000001397,2429.6093,7,2057.42,832.86300000000006,1994.0377000000003,2491.5274870290546,289.94169281914088,345.77098541398522,1,30,33,101,66
59,30,39,LinearHeuristicAuction,0.05,0.04,,True,,1000,3600,cats_reg_g30b150,,heuristic,3,False,CATS,150,regions,MultiMinded,1000,MaxIter,139.35000000000582,2064.9126,4,1772.9,622.28800000000001,1990.2156,2215.2895593616677,98.31457772751871,227.26876158762042,1,30,68,116,69
60,30,35,LinearHeuristicAuction,0.05,0.04,,True,,1000,3600,cats_reg_g30b150,,heuristic,3,False,CATS,150,regions,MultiMinded,1000,MaxIter,137.2400000000198,1956.0875,3,1842.74,450.80399999999997,1858.4075,2124.198041923536,0.0,119.12664138242801,1,28,32,102,65
61,30,37,LinearHeuristicAuction,0.05,0.04,,True,,1000,3600,cats_reg_g30b150,,heuristic,3,False,CATS,150,regions,MultiMinded,1000,MaxIter,129.75,1951.6029999999998,8,1560.47,530.9905,1758.3346,2069.9303434576996,442.0486353361548,462.5653763531293,1,30,31,117,67
62,30,34,LinearHeuristicAuction,0.05,0.04,,True,,1000,3600,cats_reg_g30b150,,heuristic,3,False,CATS,150,regions,MultiMinded,1000,MaxIter,118.24000000001979,1978.0167,5,1737.89,582.94900000000007,1246.70384,2051.4632499992049,45.203388372908464,337.94537811215827,1,29,40,101,64
63,30,30,LinearHeuristicAuction,0.05,0.04,,True,,1000,3600,cats_reg_g30b150,,heuristic,3,False,CATS,150,regions,MultiMinded,1000,MaxIter,120.0799999999872,2547.4234,2,1821.34,869.476,1759.1524,2446.6179963383734,0.0,249.91131814135156,1,30,46,91,60
64,30,34,LinearHeuristicAuction,0.05,0.04,,True,,1000,3600,cats_reg_g30b150,,heuristic,3,False,CATS,150,regions,MultiMinded,1000,MaxIter,128.9899999999907,2427.9729,10,1844.14,792.92899999999997,2169.8581000000004,2478.4289931432299,834.83288826202011,923.38609712620041,1,30,38,107,64
65,30,36,LinearHeuristicAuction,0.05,0.04,,True,,1000,3600,cats_reg_g30b150,,heuristic,3,False,CATS,150,regions,MultiMinded,1000,MaxIter,131.5800000000163,2209.3287,8,1779.98,732.52250000000004,1877.4333000000001,2386.0161291701697,94.300816278331865,187.00428979119022,1,30,40,107,66
66,30,30,LinearHeuristicAuction,0.05,0.04,,True,,1000,3600,cats_reg_g30b150,,heuristic,3,False,CATS,150,regions,MultiMinded,62,Balance,6.389999999984866,2387.3904,2,2290.03,553.03500000000008,2387.3904,2344.45026881063,2289.14676881063,2379.2239187287009,1,30,48,79,60
67,30,41,LinearHeuristicAuction,0.05,0.04,,True,,1000,3600,cats_reg_g30b150,,heuristic,3,False,CATS,150,regions,MultiMinded,1000,MaxIter,118.25999999998021,2130.5865999999996,9,1569.3,447.20299999999997,1907.4995,2280.6073284440045,374.15760671484281,560.43479906439552,1,29,10,109,71
68,30,34,LinearHeuristicAuction,0.05,0.04,,True,,1000,3600,cats_reg_g30b150,,heuristic,3,False,CATS,150,regions,MultiMinded,1000,MaxIter,128.2400000000198,1871.0335999999998,9,1491.62,623.48450000000003,1585.9305,2025.5196122292705,381.43398000082959,524.79306645680413,1,30,53,105,64
69,30,34,LinearHeuristicAuction,0.05,0.04,,True,,1000,3600,cats_reg_g30b150,,heuristic,3,False,CATS,150,regions,MultiMinded,1000,MaxIter,129.55999999999767,2248.1536,6,1918.69,909.28949999999998,1786.5169,2422.4858677354659,130.79133455887083,175.63298069651017,1,29,25,101,64
70,30,32,LinearHeuristicAuction,0.05,0.04,,True,,1000,3600,cats_reg_g30b150,,heuristic,3,False,CATS,150,regions,MultiMinded,1000,MaxIter,121.14999999999418,2074.3614,6,1794.89,671.03600000000006,1613.4814,3017.4603050823252,113.78400524622234,367.44140128499805,1,29,19,83,62
71,30,30,LinearHeuristicAuction,0.05,0.04,,True,,1000,3600,cats_reg_g30b150,,heuristic,3,False,CATS,150,regions,MultiMinded,1000,MaxIter,127.19000000000233,2107.4125,8,1919.92,672.68100000000004,1758.7801999999997,2401.8298914378875,521.925985763879,567.47731925801531,1,29,39,96,60
72,30,35,LinearHeuristicAuction,0.05,0.04,,True,,1000,3600,cats_reg_g30b150,,heuristic,3,False,CATS,150,regions,MultiMinded,1000,MaxIter,119.62999999997555,1946.4843000000003,8,1216.53,554.09649999999999,1897.8203,2029.6454647481089,862.05672848729375,1043.0073591569969,1,29,48,97,65
73,30,35,LinearHeuristicAuction,0.05,0.04,,True,,1000,3600,cats_reg_g30b150,,heuristic,3,False,CATS,150,regions,MultiMinded,1000,MaxIter,119.47000000000116,1852.6272999999999,10,1445.38,663.03899999999999,1623.5645,1908.3636554160719,128.87587993980355,315.8369687579829,1,29,34,99,65
74,30,31,LinearHeuristicAuction,0.05,0.04,,True,,1000,3600,cats_reg_g30b150,,heuristic,3,False,CATS,150,regions,MultiMinded,1000,MaxIter,119.41000000000349,2020.0417,3,1744.34,781.83899999999994,1637.4220999999998,2253.9733464390979,21.371239921760328,129.31321374270109,1,30,30,90,61
75,30,39,LinearHeuristicAuction,0.05,0.04,,True,,1000,3600,cats_reg_g30b150,,heuristic,3,False,CATS,150,regions,MultiMinded,1000,MaxIter,127.15000000002328,2549.9302,9,1890.83,637.39099999999996,2139.1382,2813.9400031607915,1113.5371395269656,1416.4680763011195,1,30,23,112,69
76,30,36,LinearHeuristicAuction,0.05,0.04,,True,,1000,3600,cats_reg_g30b150,,heuristic,3,False,CATS,150,regions,MultiMinded,1000,MaxIter,122.6700000000128,1970.4382,8,1633.82,405.01099999999997,1612.6787,2090.2837168077226,839.83306120416296,884.24891582734892,1,30,5,108,66
77,30,34,LinearHeuristicAuction,0.05,0.04,,True,,1000,3600,cats_reg_g30b150,,heuristic,3,False,CATS,150,regions,MultiMinded,1000,MaxIter,138.48000000001048,1646.3148,9,1576.38,831.28949999999998,1371.8256,1768.874176465443,826.94142301207444,847.82306313509412,1,30,20,111,64
78,30,34,LinearHeuristicAuction,0.05,0.04,,True,,1000,3600,cats_reg_g30b150,,heuristic,3,False,CATS,150,regions,MultiMinded,1000,MaxIter,144.5,2412.1546,8,1881.66,768.41550000000007,2298.9366,2642.6274795098525,790.62978370928636,918.67863341840928,1,30,28,108,64
79,30,29,LinearHeuristicAuction,0.05,0.04,,True,,1000,3600,cats_reg_g30b150,,heuristic,3,False,CATS,150,regions,MultiMinded,1000,MaxIter,127.0,2267.359,1,2060.3,919.01300000000003,1408.45,2429.284057724095,0,243.08507272183803,1,30,30,94,59
80,30,37,LinearHeuristicAuction,0.05,0.04,,True,,1000,3600,cats_reg_g30b150,,heuristic,3,False,CATS,150,regions,MultiMinded,1000,MaxIter,126.46000000002095,2112.5864,7,1592.54,576.49599999999998,1973.4804,2195.0966268937882,507.87434696362436,607.62049765954248,1,29,40,108,67
81,30,33,LinearHeuristicAuction,0.05,0.04,,True,,1000,3600,cats_reg_g30b150,,heuristic,3,False,CATS,150,regions,MultiMinded,517,Balance,61.29000000000815,1652.215,4,1316.69,725.81600000000003,1652.215,1685.1197420859201,1539.9565420859201,1552.815936785727,1,30,25,91,63
82,30,35,LinearHeuristicAuction,0.05,0.04,,True,,1000,3600,cats_reg_g30b150,,heuristic,3,False,CATS,150,regions,MultiMinded,1000,MaxIter,149.8399999999965,2109.0315,8,1900.31,619.13249999999994,1944.0448999999999,2247.8907897129006,991.42981650459956,1055.0496449643604,1,29,25,109,65
83,30,32,LinearHeuristicAuction,0.05,0.04,,True,,1000,3600,cats_reg_g30b150,,heuristic,3,False,CATS,150,regions,MultiMinded,1000,MaxIter,126.10999999998603,2576.43019,8,2027.96,1059.6700000000001,2148.3782,2810.2898522551122,667.46936851245971,694.74107453263889,1,29,52,94,62
84,30,34,LinearHeuristicAuction,0.05,0.04,,True,,1000,3600,cats_reg_g30b150,,heuristic,3,False,CATS,150,regions,MultiMinded,1000,MaxIter,122.85000000000582,1983.6759000000002,6,1485.27,650.14099999999996,1943.082,1991.6884340248241,1336.3816899995791,1485.2983464582035,1,28,32,103,64
85,30,33,LinearHeuristicAuction,0.05,0.04,,True,,1000,3600,cats_reg_g30b150,,heuristic,3,False,CATS,150,regions,MultiMinded,118,Balance,13.540000000008149,1650.3177,5,1136.81,534.83399999999995,1650.3177,1633.3590326904259,1504.9988726904257,1548.2554592155714,1,30,10,94,63
86,30,37,LinearHeuristicAuction,0.05,0.04,,True,,1000,3600,cats_reg_g30b150,,heuristic,3,False,CATS,150,regions,MultiMinded,557,Balance,59.970000000001164,2073.2363,6,1605.13,504.47649999999999,2069.3503,1871.1512650664995,1724.8530800664992,1970.7152349688288,1,30,18,89,67
87,30,34,LinearHeuristicAuction,0.05,0.04,,True,,1000,3600,cats_reg_g30b150,,heuristic,3,False,CATS,150,regions,MultiMinded,1000,MaxIter,113.55999999999767,2161.5317,9,1611.82,461.19499999999999,1811.6517000000001,2208.5553571660757,206.24729141611073,487.80239450154625,1,30,13,99,64
88,30,35,LinearHeuristicAuction,0.05,0.04,,True,,1000,3600,cats_reg_g30b150,,heuristic,3,False,CATS,150,regions,MultiMinded,1000,MaxIter,121.70000000001164,1960.6723,10,1579.4,529.16499999999996,1644.1118000000004,1999.8885898432541,642.45744017632774,707.34857765364461,1,29,37,108,65
89,30,40,LinearHeuristicAuction,0.05,0.04,,True,,1000,3600,cats_reg_g30b150,,heuristic,3,False,CATS,150,regions,MultiMinded,1000,MaxIter,120.84000000002561,2103.4608,12,1324.86,455.78500000000003,1880.1218000000001,1915.9560485752847,598.5836265664517,892.05935538687413,1,27,32,109,70
90,30,36,LinearHeuristicAuction,0.05,0.04,,True,,1000,3600,cats_reg_g30b150,,heuristic,3,False,CATS,150,regions,MultiMinded,1000,MaxIter,115.36999999999534,2252.2093,9,1749.09,686.99800000000005,1846.4795000000001,2428.7522705476408,771.46202054237256,884.70245668371672,1,29,23,97,66
91,30,37,LinearHeuristicAuction,0.05,0.04,,True,,1000,3600,cats_reg_g30b150,,heuristic,3,False,CATS,150,regions,MultiMinded,1000,MaxIter,122.60000000000582,2533.4677,7,1557.05,605.50300000000004,1914.0808000000002,2481.9454869929632,48.679909295307759,437.72543787246366,1,28,33,101,67
92,30,37,LinearHeuristicAuction,0.05,0.04,,True,,1000,3600,cats_reg_g30b150,,heuristic,3,False,CATS,150,regions,MultiMinded,1000,MaxIter,130.0099999999802,2087.0795,7,1557.29,467.12700000000001,1782.5849000000003,2054.3134140509333,267.79631617539133,356.78998159178229,1,30,33,109,67
93,30,34,LinearHeuristicAuction,0.05,0.04,,True,,1000,3600,cats_reg_g30b150,,heuristic,3,False,CATS,150,regions,MultiMinded,1000,MaxIter,124.07000000000698,2220.4165999999996,7,1477.09,531.97949999999992,1995.3304999999998,2668.2851597157919,256.4635379402813,527.73879589455055,1,29,29,104,64
94,30,33,LinearHeuristicAuction,0.05,0.04,,True,,1000,3600,cats_reg_g30b150,,heuristic,3,False,CATS,150,regions,MultiMinded,1000,MaxIter,119.12000000002445,2089.1439,9,1850.23,583.02999999999997,1662.48479,2077.7329696979896,398.83097263874771,553.61033686582891,1,29,31,101,63
95,30,36,LinearHeuristicAuction,0.05,0.04,,True,,1000,3600,cats_reg_g30b150,,heuristic,3,False,CATS,150,regions,MultiMinded,1000,MaxIter,118.32000000000698,2218.1557,7,1747.55,732.99250000000006,1671.6676,2836.5800337515138,379.60336784682738,435.64714402218738,1,29,69,99,66
96,30,33,LinearHeuristicAuction,0.05,0.04,,True,,1000,3600,cats_reg_g30b150,,heuristic,3,False,CATS,150,regions,MultiMinded,1000,MaxIter,112.69000000000233,1873.9284000000002,7,1690.89,555.43200000000002,1465.8375,2113.9903783795876,372.41184132593742,524.06439838002962,1,29,36,93,63
97,30,37,LinearHeuristicAuction,0.05,0.04,,True,,1000,3600,cats_reg_g30b150,,heuristic,3,False,CATS,150,regions,MultiMinded,1000,MaxIter,117.73999999999069,1853.4531000000002,8,1334.16,635.36699999999996,1653.0720999999999,1897.0656822635792,295.5850896142274,371.14308810752806,1,29,26,102,67
98,30,36,LinearHeuristicAuction,0.05,0.04,,True,,1000,3600,cats_reg_g30b150,,heuristic,3,False,CATS,150,regions,MultiMinded,1000,MaxIter,117.48999999999069,2779.0163,2,2131.76,620.35799999999995,1793.0432999999998,2904.5744247052949,0.0,189.85286179072494,1,30,52,96,66
99,30,37,LinearHeuristicAuction,0.05,0.04,,True,,1000,3600,cats_reg_g30b150,,heuristic,3,False,CATS,150,regions,MultiMinded,1000,MaxIter,130.96000000002095,2286.8288000000002,5,1573.72,543.00099999999998,1976.4407999999999,2506.6516911164044,17.713287618612149,58.506007496198201,1,30,45,103,67
100,30,32,LinearHeuristicAuction,0.05,0.04,,True,,1000,3600,cats_reg_g30b150,,heuristic,3,False,CATS,150,regions,MultiMinded,1000,MaxIter,117.94000000000233,1906.0085,7,1496.95,591.39400000000001,1724.0826,1949.7893537641608,412.60300232636081,466.71096243319874,1,30,31,94,62
