idx,items,agents,auction_class,epsilon,stepc,epoch,scalebyvalue,reserve_type,maxiter,maxtime,generator_param_name,personalized,bidding_strategy,heuristic_pool_num,int_prices,generator,bids,distribution,type,rounds,status,runtime,efficient_value,final_num_winners,final_max_agent_value,final_scalevalue,final_value,final_total_price,final_revenue,final_indirect_util,final_price_degree,final_price_sparsity,final_imbalance,final_wd_nvars,final_wd_ncons
1,30,36,LinearHeuristicAuction,0.05,0.08,,True,,1000,3600,cats_reg_g30b150,,default,2,False,CATS,150,regions,MultiMinded,124,Balance,13.320000000006985,2502.8085,9,1712.02,630.28700000000003,2502.8085,2312.4195595852111,2091.8191095852112,2340.5348184965678,1,28,33,91,66
2,30,38,LinearHeuristicAuction,0.05,0.08,,True,,1000,3600,cats_reg_g30b150,,default,2,False,CATS,150,regions,MultiMinded,78,Balance,8.700000000011642,2067.4249,5,1460.04,478.96600000000001,2067.4249,2044.5527552812835,1924.8112552812834,2006.2176341705037,1,30,22,88,68
3,30,36,LinearHeuristicAuction,0.05,0.08,,True,,1000,3600,cats_reg_g30b150,,default,2,False,CATS,150,regions,MultiMinded,100,Balance,10.470000000001164,2226.2472000000002,3,1961.0,494.50999999999999,2226.2472000000002,2219.6985720037819,2145.5220720037819,2173.4496870393477,1,28,5,81,66
4,30,38,LinearHeuristicAuction,0.05,0.08,,True,,1000,3600,cats_reg_g30b150,,default,2,False,CATS,150,regions,MultiMinded,107,Balance,11.729999999981374,2004.9491999999998,11,1505.7,557.86300000000006,1985.2371999999998,1888.4139529312313,1581.5893029312308,1684.1314253292094,1,30,3,87,68
5,30,35,LinearHeuristicAuction,0.05,0.08,,True,,1000,3600,cats_reg_g30b150,,default,2,False,CATS,150,regions,MultiMinded,79,Balance,8.020000000018626,1864.626,2,1703.97,505.12049999999999,1813.7730000000001,1770.8835037890369,1720.3714537890371,1778.9583578273389,1,30,22,79,65
6,30,35,LinearHeuristicAuction,0.05,0.08,,True,,1000,3600,cats_reg_g30b150,,default,2,False,CATS,150,regions,MultiMinded,230,Balance,23.880000000004657,2116.0368,5,1959.83,614.52500000000009,2096.9018,2115.2485678241583,1961.6173178241586,1980.4310250588831,1,29,23,85,65
7,30,35,LinearHeuristicAuction,0.05,0.08,,True,,1000,3600,cats_reg_g30b150,,default,2,False,CATS,150,regions,MultiMinded,387,Balance,42.25999999998021,2031.9575,6,1330.11,558.39999999999998,2031.9575,1959.1039771128919,1791.5839771128917,1866.7159430628237,1,30,2,85,65
8,30,35,LinearHeuristicAuction,0.05,0.08,,True,,1000,3600,cats_reg_g30b150,,default,2,False,CATS,150,regions,MultiMinded,114,Balance,11.800000000017462,2027.57669,8,1379.5,642.28750000000002,2027.57669,1874.5692707929954,1649.1464764627165,1851.9054354422146,1,30,29,77,65
9,30,36,LinearHeuristicAuction,0.05,0.08,,True,,1000,3600,cats_reg_g30b150,,default,2,False,CATS,150,regions,MultiMinded,1000,MaxIter,107.13000000000466,1859.5272999999997,3,1542.29,443.88650000000001,1649.1709,1779.1900455955833,0.0,110.78747726060854,1,27,36,82,66
10,30,34,LinearHeuristicAuction,0.05,0.08,,True,,1000,3600,cats_reg_g30b150,,default,2,False,CATS,150,regions,MultiMinded,1000,MaxIter,108.89000000001397,2566.974,4,2112.56,626.02300000000002,2285.639,2582.3129971654275,274.38980638441546,372.12516494491047,1,29,50,86,64
11,30,36,LinearHeuristicAuction,0.05,0.08,,True,,1000,3600,cats_reg_g30b150,,default,2,False,CATS,150,regions,MultiMinded,82,Balance,8.630000000004657,2431.6115,4,2098.81,721.22149999999999,2431.6115,2280.446359681931,2172.2631346819312,2329.7926480641863,1,29,7,81,66
12,30,32,LinearHeuristicAuction,0.05,0.08,,True,,1000,3600,cats_reg_g30b150,,default,2,False,CATS,150,regions,MultiMinded,1000,MaxIter,118.6700000000128,1865.81568,4,1645.15,855.13049999999998,1426.00968,1866.1143269238682,64.288825998947885,116.68265014619315,1,30,55,83,62
13,30,35,LinearHeuristicAuction,0.05,0.08,,True,,1000,3600,cats_reg_g30b150,,default,2,False,CATS,150,regions,MultiMinded,1000,MaxIter,135.13999999998487,1773.5022000000001,4,1494.31,678.60900000000004,1541.9917,1815.8267647623798,101.67896006147271,161.6648907635946,1,30,55,99,65
14,30,32,LinearHeuristicAuction,0.05,0.08,,True,,1000,3600,cats_reg_g30b150,,default,2,False,CATS,150,regions,MultiMinded,110,Balance,11.779999999998836,1980.1873000000003,6,1559.99,631.08900000000006,1980.1873000000003,1881.0336815026105,1691.7069815026102,1834.8570259522473,1,29,14,76,62
15,30,36,LinearHeuristicAuction,0.05,0.08,,True,,1000,3600,cats_reg_g30b150,,default,2,False,CATS,150,regions,MultiMinded,73,Balance,8.299999999988358,2512.4141000000004,3,2312.23,781.00699999999995,2512.4141000000004,2518.6901692578126,2401.5391192578122,2418.9494846773905,1,29,26,77,66
16,30,34,LinearHeuristicAuction,0.05,0.08,,True,,1000,3600,cats_reg_g30b150,,default,2,False,CATS,150,regions,MultiMinded,260,Balance,29.54999999998836,1929.452,7,1789.44,584.255,1845.8446000000001,1853.7146895422243,1693.9609933375962,1777.7941858109411,1,28,47,86,64
17,30,33,LinearHeuristicAuction,0.05,0.08,,True,,1000,3600,cats_reg_g30b150,,default,2,False,CATS,150,regions,MultiMinded,115,Balance,12.85000000000582,1934.7395999999999,7,1626.95,730.93200000000002,1934.7395999999999,1929.1758290578341,1691.3378657514065,1799.8758661238212,1,30,59,84,63
18,30,34,LinearHeuristicAuction,0.05,0.08,,True,,1000,3600,cats_reg_g30b150,,default,2,False,CATS,150,regions,MultiMinded,93,Balance,9.869999999995343,2504.1384,4,1818.33,781.33600000000001,2504.1384,2473.7449825582871,2317.4777825582869,2444.6447859716054,1,29,32,77,64
19,30,36,LinearHeuristicAuction,0.05,0.08,,True,,1000,3600,cats_reg_g30b150,,default,2,False,CATS,150,regions,MultiMinded,53,Balance,5.269999999989523,2560.7110000000002,12,1508.06,549.71399999999994,2554.963,2226.6583861476206,1951.8013861476213,2335.577373834054,1,28,16,80,66
20,30,37,LinearHeuristicAuction,0.05,0.08,,True,,1000,3600,cats_reg_g30b150,,default,2,False,CATS,150,regions,MultiMinded,1000,MaxIter,115.30999999999767,1801.7813999999998,9,1490.47,395.125,1667.2372,1806.1125435580198,694.09347082399165,749.72073876877437,1,30,24,97,67
21,30,33,LinearHeuristicAuction,0.05,0.08,,True,,1000,3600,cats_reg_g30b150,,default,2,False,CATS,150,regions,MultiMinded,145,Balance,16.289999999979045,1553.7635,3,1374.19,778.39550000000008,1553.7635,1560.4455135355006,1443.6861885355006,1470.9340737617272,1,30,26,75,63
22,30,38,LinearHeuristicAuction,0.05,0.08,,True,,1000,3600,cats_reg_g30b150,,default,2,False,CATS,150,regions,MultiMinded,1000,MaxIter,117.64000000001397,2312.252,5,2123.59,638.69949999999994,2069.8997,2372.2068662885104,561.75244841227152,579.19742429972086,1,29,37,90,68
23,30,38,LinearHeuristicAuction,0.05,0.08,,True,,1000,3600,cats_reg_g30b150,,default,2,False,CATS,150,regions,MultiMinded,85,Balance,9.039999999979045,2354.8725,7,1818.1,597.00800000000004,2354.8725,2171.3045841005851,1992.2021841005846,2195.3861455457031,1,29,16,87,68
24,30,35,LinearHeuristicAuction,0.05,0.08,,True,,1000,3600,cats_reg_g30b150,,default,2,False,CATS,150,regions,MultiMinded,1000,MaxIter,117.73000000001048,1892.4884,5,1241.36,538.58849999999995,1491.9232000000002,1893.1384660336873,125.06033066975512,221.33149684498477,1,30,75,90,65
25,30,33,LinearHeuristicAuction,0.05,0.08,,True,,1000,3600,cats_reg_g30b150,,default,2,False,CATS,150,regions,MultiMinded,221,Balance,25.570000000006985,1741.0822999999998,4,1538.41,861.41849999999999,1692.8544000000002,1665.8796740236323,1558.9229891476516,1715.9699402783933,1,29,102,87,63
26,30,34,LinearHeuristicAuction,0.05,0.08,,True,,1000,3600,cats_reg_g30b150,,default,2,False,CATS,150,regions,MultiMinded,1000,MaxIter,103.57000000000698,2008.668,8,1919.5,424.82100000000003,1664.7078999999999,1998.238178568276,399.28711820620322,477.22757991133614,1,29,23,79,64
27,30,32,LinearHeuristicAuction,0.05,0.08,,True,,1000,3600,cats_reg_g30b150,,default,2,False,CATS,150,regions,MultiMinded,273,Balance,27.639999999984866,2175.2061,5,1890.21,644.31150000000002,2107.6371,2120.6128832199479,1973.2760283936568,2017.1694729594255,1,28,27,81,62
28,30,37,LinearHeuristicAuction,0.05,0.08,,True,,1000,3600,cats_reg_g30b150,,default,2,False,CATS,150,regions,MultiMinded,96,Balance,9.879999999975553,2040.43179,9,1615.6,517.23699999999997,1991.07949,1958.5103209616768,1774.4901086831799,1916.1147870666821,1,29,64,84,67
29,30,33,LinearHeuristicAuction,0.05,0.08,,True,,1000,3600,cats_reg_g30b150,,default,2,False,CATS,150,regions,MultiMinded,1000,MaxIter,122.30999999999767,2111.632,4,1854.64,708.57899999999995,1663.682,2259.4031228015533,119.4757993021811,179.75283959942848,1,30,114,91,63
30,30,35,LinearHeuristicAuction,0.05,0.08,,True,,1000,3600,cats_reg_g30b150,,default,2,False,CATS,150,regions,MultiMinded,286,Balance,30.679999999993015,2323.0769999999998,8,1594.17,462.18150000000003,2323.0769999999998,2120.7642645152955,1959.0007395152954,2180.6245290426045,1,28,48,87,65
31,30,34,LinearHeuristicAuction,0.05,0.08,,True,,1000,3600,cats_reg_g30b150,,default,2,False,CATS,150,regions,MultiMinded,69,Balance,7.059999999997672,2659.4860000000003,6,2167.09,585.07799999999997,2659.4860000000003,2537.1201410061985,2414.2989414506796,2561.8608611771547,1,27,6,74,64
32,30,37,LinearHeuristicAuction,0.05,0.08,,True,,1000,3600,cats_reg_g30b150,,default,2,False,CATS,150,regions,MultiMinded,111,Balance,12.089999999996508,1999.8556999999998,8,1545.46,522.50199999999995,1910.9342000000001,1945.6214335341544,1747.3047752243442,1785.5256847547139,1,30,23,91,67
33,30,37,LinearHeuristicAuction,0.05,0.08,,True,,1000,3600,cats_reg_g30b150,,default,2,False,CATS,150,regions,MultiMinded,97,Balance,10.320000000006985,1805.9524000000001,4,1582.17,487.50400000000002,1805.9524000000001,1693.0526348471485,1619.9270348471487,1750.3882304778158,1,29,27,90,67
34,30,39,LinearHeuristicAuction,0.05,0.08,,True,,1000,3600,cats_reg_g30b150,,default,2,False,CATS,150,regions,MultiMinded,1000,MaxIter,124.47999999998137,1983.6001999999999,4,1564.76,623.41200000000003,1459.304,2054.7995339830836,83.098538957318212,86.257340243234395,1,30,60,94,69
35,30,38,LinearHeuristicAuction,0.05,0.08,,True,,1000,3600,cats_reg_g30b150,,default,2,False,CATS,150,regions,MultiMinded,1000,MaxIter,119.52999999999884,2341.4052,8,1755.59,637.298,1919.5826,2350.6092190955028,701.31991489210009,773.94617173413496,1,29,45,98,68
36,30,33,LinearHeuristicAuction,0.05,0.08,,True,,1000,3600,cats_reg_g30b150,,default,2,False,CATS,150,regions,MultiMinded,1000,MaxIter,117.87999999997555,2136.9992,3,1693.26,587.83249999999998,1856.5518,2168.2935136832366,136.8323525404586,189.65263742828117,1,29,30,88,63
37,30,34,LinearHeuristicAuction,0.05,0.08,,True,,1000,3600,cats_reg_g30b150,,default,2,False,CATS,150,regions,MultiMinded,1000,MaxIter,117.82000000000698,1991.3467,4,1812.59,701.23299999999995,1695.2167000000002,2016.5396754982642,70.861032123671308,126.83823278674797,1,30,75,84,64
38,30,40,LinearHeuristicAuction,0.05,0.08,,True,,1000,3600,cats_reg_g30b150,,default,2,False,CATS,150,regions,MultiMinded,70,Balance,7.5,2724.0288,6,2153.9,576.38300000000004,2724.0288,2590.208453703628,2446.1127037036285,2633.8413564003135,1,29,42,85,70
39,30,30,LinearHeuristicAuction,0.05,0.08,,True,,1000,3600,cats_reg_g30b150,,default,2,False,CATS,150,regions,MultiMinded,160,Balance,16.710000000020955,1968.0602,4,1918.66,764.726,1968.0602,1974.6906375065851,1821.7454375065852,1898.8351303113059,1,30,38,74,60
40,30,33,LinearHeuristicAuction,0.05,0.08,,True,,1000,3600,cats_reg_g30b150,,default,2,False,CATS,150,regions,MultiMinded,88,Balance,9.579999999987194,1942.0583000000001,3,1674.34,688.69799999999998,1942.0583000000001,1951.5515827713039,1848.2468827713039,1852.9938229057016,1,30,26,78,63
41,30,35,LinearHeuristicAuction,0.05,0.08,,True,,1000,3600,cats_reg_g30b150,,default,2,False,CATS,150,regions,MultiMinded,115,Balance,12.270000000018626,1877.7214099999999,7,1423.29,646.35299999999995,1831.2470099999998,1841.8830442465401,1673.6417838919276,1780.0600869882769,1,29,74,80,65
42,30,32,LinearHeuristicAuction,0.05,0.08,,True,,1000,3600,cats_reg_g30b150,,default,2,False,CATS,150,regions,MultiMinded,105,Balance,11.079999999987194,2111.841,4,1703.5,646.17399999999998,2111.841,2100.4332857593063,1971.1984857593061,2046.7173214086074,1,30,63,81,62
43,30,40,LinearHeuristicAuction,0.05,0.08,,True,,1000,3600,cats_reg_g30b150,,default,2,False,CATS,150,regions,MultiMinded,129,Balance,14.430000000022119,2446.7208,6,1927.69,685.90899999999999,2446.7208,2217.7280649041186,2046.2508149041182,2340.164334369661,1,29,49,91,70
44,30,35,LinearHeuristicAuction,0.05,0.08,,True,,1000,3600,cats_reg_g30b150,,default,2,False,CATS,150,regions,MultiMinded,129,Balance,14.070000000006985,1711.1515999999997,7,1299.51,651.40899999999999,1646.6236,1613.2429993779535,1385.2498493779533,1464.4111474671411,1,30,16,86,65
45,30,38,LinearHeuristicAuction,0.05,0.08,,True,,1000,3600,cats_reg_g30b150,,default,2,False,CATS,150,regions,MultiMinded,1000,MaxIter,123.14000000001397,2034.5094,3,1828.07,742.07299999999998,1865.0793999999999,2047.6630721107304,0.0,15.278695200054187,1,30,43,94,68
46,30,31,LinearHeuristicAuction,0.05,0.08,,True,,1000,3600,cats_reg_g30b150,,default,2,False,CATS,150,regions,MultiMinded,60,Balance,6.230000000010477,2564.0325000000003,4,2373.4,807.26099999999997,2564.0325000000003,2447.2028072665416,2347.5614054495363,2526.1476727955937,1,29,25,70,61
47,30,37,LinearHeuristicAuction,0.05,0.08,,True,,1000,3600,cats_reg_g30b150,,default,2,False,CATS,150,regions,MultiMinded,136,Balance,14.579999999987194,2233.1322,7,1669.44,664.97900000000004,2233.1322,2094.0109307736016,1890.0721825382486,2050.3974919900111,1,30,21,82,67
48,30,35,LinearHeuristicAuction,0.05,0.08,,True,,1000,3600,cats_reg_g30b150,,default,2,False,CATS,150,regions,MultiMinded,214,Balance,25.85999999998603,2069.4358,7,1826.01,556.24350000000004,2069.4358,1996.9658349587755,1802.2806099587754,1925.263566038137,1,30,29,88,65
49,30,30,LinearHeuristicAuction,0.05,0.08,,True,,1000,3600,cats_reg_g30b150,,default,2,False,CATS,150,regions,MultiMinded,90,Balance,9.369999999995343,1979.7895999999998,8,1594.07,673.82600000000002,1974.7225999999998,1847.3009674801799,1631.8350781255547,1820.3354567116285,1,29,45,77,60
50,30,33,LinearHeuristicAuction,0.05,0.08,,True,,1000,3600,cats_reg_g30b150,,default,2,False,CATS,150,regions,MultiMinded,1000,MaxIter,114.27999999999884,2110.6722999999997,7,1335.35,460.47550000000001,1580.8963,2063.9766455520407,353.44192432250247,465.83796630057958,1,29,64,87,63
51,30,37,LinearHeuristicAuction,0.05,0.08,,True,,1000,3600,cats_reg_g30b150,,default,2,False,CATS,150,regions,MultiMinded,60,Balance,6.4500000000116415,2245.4244000000003,6,1882.26,597.73699999999997,2245.4244000000003,2207.5107600224692,2058.0765100224685,2110.8947589153549,1,28,24,87,67
52,30,32,LinearHeuristicAuction,0.05,0.08,,True,,1000,3600,cats_reg_g30b150,,default,2,False,CATS,150,regions,MultiMinded,95,Balance,9.539999999979045,1756.6213,5,1409.87,556.45500000000004,1694.7150000000001,1650.9759180272245,1511.862168027224,1678.6351061614635,1,29,47,72,62
53,30,34,LinearHeuristicAuction,0.05,0.08,,True,,1000,3600,cats_reg_g30b150,,default,2,False,CATS,150,regions,MultiMinded,91,Balance,9.169999999983702,2325.6629000000003,6,1796.97,570.23000000000002,2248.7839000000004,2092.2942787895045,1944.7887685910271,2176.5925541688262,1,30,63,73,64
54,30,37,LinearHeuristicAuction,0.05,0.08,,True,,1000,3600,cats_reg_g30b150,,default,2,False,CATS,150,regions,MultiMinded,130,Balance,14.790000000008149,2355.424,4,2152.9,670.553,2343.7718,2303.6874114646175,2203.1044614646175,2271.4824325628683,1,28,42,91,67
55,30,33,LinearHeuristicAuction,0.05,0.08,,True,,1000,3600,cats_reg_g30b150,,default,2,False,CATS,150,regions,MultiMinded,145,Balance,15.809999999997672,2078.1524999999997,10,1352.37,548.28150000000005,2078.1524999999997,2069.7253130615236,1804.7023733223994,1854.730311809245,1,30,32,84,63
56,30,39,LinearHeuristicAuction,0.05,0.08,,True,,1000,3600,cats_reg_g30b150,,default,2,False,CATS,150,regions,MultiMinded,150,Balance,17.589999999996508,1893.3772000000004,10,1498.24,591.42200000000003,1888.8312000000003,1815.0759596779292,1548.9360596779288,1673.9831716799374,1,29,36,91,69
57,30,36,LinearHeuristicAuction,0.05,0.08,,True,,1000,3600,cats_reg_g30b150,,default,2,False,CATS,150,regions,MultiMinded,290,Balance,31.89999999999418,1899.5301999999997,8,1604.44,621.16750000000002,1899.5301999999997,1913.3267514494478,1664.8597514494475,1698.6511357102277,1,30,16,91,66
58,30,36,LinearHeuristicAuction,0.05,0.08,,True,,1000,3600,cats_reg_g30b150,,default,2,False,CATS,150,regions,MultiMinded,224,Balance,27.239999999990687,2429.6093,6,2057.42,832.86300000000006,2429.6093,2328.0851466594218,2119.8693966594219,2253.1044913782262,1,29,22,85,66
59,30,39,LinearHeuristicAuction,0.05,0.08,,True,,1000,3600,cats_reg_g30b150,,default,2,False,CATS,150,regions,MultiMinded,1000,MaxIter,128.36999999999534,2064.9126,3,1772.9,622.28800000000001,1535.3816,2021.55865337963,91.323128740842705,205.67172607188888,1,30,27,100,69
60,30,35,LinearHeuristicAuction,0.05,0.08,,True,,1000,3600,cats_reg_g30b150,,default,2,False,CATS,150,regions,MultiMinded,119,Balance,12.059999999997672,1956.0875,3,1842.74,450.80399999999997,1936.1575,1897.5584089361848,1852.478008936185,1946.2588182883101,1,28,55,76,65
61,30,37,LinearHeuristicAuction,0.05,0.08,,True,,1000,3600,cats_reg_g30b150,,default,2,False,CATS,150,regions,MultiMinded,1000,MaxIter,122.84999999997672,1951.6029999999998,10,1560.47,530.9905,1850.5417999999997,1943.9906293377735,952.19751336890238,1009.907526782081,1,30,23,96,67
62,30,34,LinearHeuristicAuction,0.05,0.08,,True,,1000,3600,cats_reg_g30b150,,default,2,False,CATS,150,regions,MultiMinded,139,Balance,15.0,1978.0167,7,1737.89,582.94900000000007,1977.3040999999998,1909.9422458984402,1705.9100958984407,1848.5520331111934,1,30,40,77,64
63,30,30,LinearHeuristicAuction,0.05,0.08,,True,,1000,3600,cats_reg_g30b150,,default,2,False,CATS,150,regions,MultiMinded,110,Balance,11.85000000000582,2547.4234,5,1821.34,869.476,2547.4234,2481.8043135711141,2293.8474692143996,2381.3213834216763,1,30,51,76,60
64,30,34,LinearHeuristicAuction,0.05,0.08,,True,,1000,3600,cats_reg_g30b150,,default,2,False,CATS,150,regions,MultiMinded,102,Balance,11.279999999998836,2427.9729,8,1844.14,792.92899999999997,2427.9729,2247.5146924385508,1946.0374794022205,2293.4710051942393,1,30,66,85,64
65,30,36,LinearHeuristicAuction,0.05,0.08,,True,,1000,3600,cats_reg_g30b150,,default,2,False,CATS,150,regions,MultiMinded,1000,MaxIter,118.88999999998487,2209.3287,5,1779.98,732.52250000000004,1623.2435,2253.9699729797348,123.05488214561066,189.32711940380256,1,29,29,91,66
66,30,30,LinearHeuristicAuction,0.05,0.08,,True,,1000,3600,cats_reg_g30b150,,default,2,False,CATS,150,regions,MultiMinded,120,Balance,12.519999999989523,2387.3904,2,2290.03,553.03500000000008,2387.3904,2341.2925518032948,2285.9890518032948,2339.1066518032949,1,29,25,71,60
67,30,41,LinearHeuristicAuction,0.05,0.08,,True,,1000,3600,cats_reg_g30b150,,default,2,False,CATS,150,regions,MultiMinded,1000,MaxIter,108.73999999999069,2130.5865999999996,8,1569.3,447.20299999999997,2107.1669,2039.107876166142,1753.8829286079858,1905.2606315070034,1,29,13,96,71
68,30,34,LinearHeuristicAuction,0.05,0.08,,True,,1000,3600,cats_reg_g30b150,,default,2,False,CATS,150,regions,MultiMinded,133,Balance,13.74000000001979,1871.0335999999998,8,1491.62,623.48450000000003,1871.0335999999998,1893.8206011610609,1652.940778110896,1707.2587268358877,1,30,23,87,64
69,30,34,LinearHeuristicAuction,0.05,0.08,,True,,1000,3600,cats_reg_g30b150,,default,2,False,CATS,150,regions,MultiMinded,98,Balance,11.309999999997672,2248.1536,8,1918.69,909.28949999999998,2248.1536,2265.0135353697201,1955.2414318193003,2034.7669061837109,1,29,29,78,64
70,30,32,LinearHeuristicAuction,0.05,0.08,,True,,1000,3600,cats_reg_g30b150,,default,2,False,CATS,150,regions,MultiMinded,126,Balance,13.529999999998836,2074.3614,4,1794.89,671.03600000000006,1998.6884,1951.7896057480093,1837.8718308722678,1977.0585171656064,1,30,62,71,62
71,30,30,LinearHeuristicAuction,0.05,0.08,,True,,1000,3600,cats_reg_g30b150,,default,2,False,CATS,150,regions,MultiMinded,1000,MaxIter,114.23000000001048,2107.4125,3,1919.92,672.68100000000004,1049.8890000000001,2188.0944648384184,78.881064833009361,95.370910336962311,1,29,26,82,60
72,30,35,LinearHeuristicAuction,0.05,0.08,,True,,1000,3600,cats_reg_g30b150,,default,2,False,CATS,150,regions,MultiMinded,109,Balance,10.940000000002328,1946.4843000000003,8,1216.53,554.09649999999999,1946.4843000000003,1860.5472754026391,1654.7536421918167,1780.5774301371703,1,30,28,78,65
73,30,35,LinearHeuristicAuction,0.05,0.08,,True,,1000,3600,cats_reg_g30b150,,default,2,False,CATS,150,regions,MultiMinded,1000,MaxIter,105.52999999999884,1852.6272999999999,4,1445.38,663.03899999999999,1495.3512,1897.7079118965821,75.209480152708295,149.23814134840484,1,30,57,85,65
74,30,31,LinearHeuristicAuction,0.05,0.08,,True,,1000,3600,cats_reg_g30b150,,default,2,False,CATS,150,regions,MultiMinded,129,Balance,14.260000000009313,2020.0417,6,1744.34,781.83899999999994,2020.0417,2004.2663910784202,1769.7146910784202,1889.5975953213122,1,30,32,75,61
75,30,39,LinearHeuristicAuction,0.05,0.08,,True,,1000,3600,cats_reg_g30b150,,default,2,False,CATS,150,regions,MultiMinded,1000,MaxIter,119.92999999999302,2549.9302,4,1890.83,637.39099999999996,2081.0525,2582.6286540496767,50.023412709311032,125.42602002042784,1,30,89,100,69
76,30,36,LinearHeuristicAuction,0.05,0.08,,True,,1000,3600,cats_reg_g30b150,,default,2,False,CATS,150,regions,MultiMinded,1000,MaxIter,115.69000000000233,1970.4382,2,1633.82,405.01099999999997,1741.397,2015.4744236259235,76.952089999999998,96.174172874383061,1,30,58,85,66
77,30,34,LinearHeuristicAuction,0.05,0.08,,True,,1000,3600,cats_reg_g30b150,,default,2,False,CATS,150,regions,MultiMinded,153,Balance,17.919999999983702,1646.3148,6,1576.38,831.28949999999998,1602.3807,1632.8683338619576,1401.8609851957474,1433.4661282770578,1,30,41,76,64
78,30,34,LinearHeuristicAuction,0.05,0.08,,True,,1000,3600,cats_reg_g30b150,,default,2,False,CATS,150,regions,MultiMinded,104,Balance,11.439999999973224,2412.1546,8,1881.66,768.41550000000007,2399.9085999999998,2338.2394753274821,2069.2940503274817,2263.3357053442319,1,29,66,84,64
79,30,29,LinearHeuristicAuction,0.05,0.08,,True,,1000,3600,cats_reg_g30b150,,default,2,False,CATS,150,regions,MultiMinded,294,Balance,33.04000000000815,2267.359,5,2060.3,919.01300000000003,2255.609,2270.8699377644543,2041.1166877644544,2160.521008319241,1,30,67,82,59
80,30,37,LinearHeuristicAuction,0.05,0.08,,True,,1000,3600,cats_reg_g30b150,,default,2,False,CATS,150,regions,MultiMinded,1000,MaxIter,121.47999999998137,2112.5864,2,1592.54,576.49599999999998,1401.6304,2041.5473545541174,19.64759483458786,72.313052596804923,1,29,50,89,67
81,30,33,LinearHeuristicAuction,0.05,0.08,,True,,1000,3600,cats_reg_g30b150,,default,2,False,CATS,150,regions,MultiMinded,79,Balance,8.630000000004657,1652.215,4,1316.69,725.81600000000003,1650.6599999999999,1593.0497919835291,1447.8865919835291,1553.5149479195222,1,30,46,71,63
82,30,35,LinearHeuristicAuction,0.05,0.08,,True,,1000,3600,cats_reg_g30b150,,default,2,False,CATS,150,regions,MultiMinded,1000,MaxIter,122.29999999998836,2109.0315,3,1900.31,619.13249999999994,1170.8374999999999,2167.5654828856491,82.642009874803705,122.93267436296409,1,30,26,93,65
83,30,32,LinearHeuristicAuction,0.05,0.08,,True,,1000,3600,cats_reg_g30b150,,default,2,False,CATS,150,regions,MultiMinded,102,Balance,11.299999999988358,2576.43019,7,2027.96,1059.6700000000001,2576.43019,2552.5629619411629,2221.3718583860932,2301.1757014695695,1,30,26,77,62
84,30,34,LinearHeuristicAuction,0.05,0.08,,True,,1000,3600,cats_reg_g30b150,,default,2,False,CATS,150,regions,MultiMinded,122,Balance,13.0,1983.6759000000002,8,1485.27,650.14099999999996,1970.4728,1905.2147783580451,1655.138116567209,1855.135687042163,1,30,95,85,64
85,30,33,LinearHeuristicAuction,0.05,0.08,,True,,1000,3600,cats_reg_g30b150,,default,2,False,CATS,150,regions,MultiMinded,77,Balance,7.820000000006985,1650.3177,5,1136.81,534.83399999999995,1650.3177,1606.6865980662142,1472.978098066214,1562.531572123472,1,30,37,80,63
86,30,37,LinearHeuristicAuction,0.05,0.08,,True,,1000,3600,cats_reg_g30b150,,default,2,False,CATS,150,regions,MultiMinded,105,Balance,10.980000000010477,2073.2363,6,1605.13,504.47649999999999,2069.3503,1946.8425039196507,1795.4995539196505,1950.9324408545267,1,30,11,78,67
87,30,34,LinearHeuristicAuction,0.05,0.08,,True,,1000,3600,cats_reg_g30b150,,default,2,False,CATS,150,regions,MultiMinded,1000,MaxIter,111.64999999999418,2161.5317,4,1611.82,461.19499999999999,1780.7587,2118.4428149677688,67.835540210618149,180.96401046439021,1,30,30,88,64
88,30,35,LinearHeuristicAuction,0.05,0.08,,True,,1000,3600,cats_reg_g30b150,,default,2,False,CATS,150,regions,MultiMinded,1000,MaxIter,118.8299999999872,1960.6723,4,1579.4,529.16499999999996,1579.6610999999998,1925.5008624235647,77.546745454662926,133.20332266080493,1,30,51,86,65
89,30,40,LinearHeuristicAuction,0.05,0.08,,True,,1000,3600,cats_reg_g30b150,,default,2,False,CATS,150,regions,MultiMinded,84,Balance,9.099999999976717,2103.4608,12,1324.86,455.78500000000003,2103.4608,1774.6279443663179,1569.5246943663176,1929.1309694664808,1,27,18,87,70
90,30,36,LinearHeuristicAuction,0.05,0.08,,True,,1000,3600,cats_reg_g30b150,,default,2,False,CATS,150,regions,MultiMinded,207,Balance,22.239999999990687,2252.2093,7,1749.09,686.99800000000005,2252.2093,2125.4605186793879,1941.8648126549344,2073.7688518388618,1,29,2,89,66
91,30,37,LinearHeuristicAuction,0.05,0.08,,True,,1000,3600,cats_reg_g30b150,,default,2,False,CATS,150,regions,MultiMinded,92,Balance,9.220000000001164,2533.4677,9,1557.05,605.50300000000004,2524.7637,2247.5977585106016,2005.3965585106016,2313.1992207424,1,29,24,80,67
92,30,37,LinearHeuristicAuction,0.05,0.08,,True,,1000,3600,cats_reg_g30b150,,default,2,False,CATS,150,regions,MultiMinded,132,Balance,14.130000000004657,2087.0795,9,1557.29,467.12700000000001,2087.0795,1992.5146634395603,1782.3075134395601,1962.2573176856313,1,30,58,86,67
93,30,34,LinearHeuristicAuction,0.05,0.08,,True,,1000,3600,cats_reg_g30b150,,default,2,False,CATS,150,regions,MultiMinded,1000,MaxIter,103.20999999999185,2220.4165999999996,8,1477.09,531.97949999999992,2108.6666999999998,2130.1033268828396,1381.3253564190186,1484.6537589236814,1,30,51,84,64
94,30,33,LinearHeuristicAuction,0.05,0.08,,True,,1000,3600,cats_reg_g30b150,,default,2,False,CATS,150,regions,MultiMinded,1000,MaxIter,107.83999999999651,2089.1439,7,1850.23,583.02999999999997,1989.02329,1989.0585025076437,1419.6172960105625,1580.38913474838,1,28,61,85,63
95,30,36,LinearHeuristicAuction,0.05,0.08,,True,,1000,3600,cats_reg_g30b150,,default,2,False,CATS,150,regions,MultiMinded,280,Balance,30.900000000023283,2218.1557,7,1747.55,732.99250000000006,2218.1557,2182.9587582178992,1926.4113832178991,2083.6880475146922,1,30,73,89,66
96,30,33,LinearHeuristicAuction,0.05,0.08,,True,,1000,3600,cats_reg_g30b150,,default,2,False,CATS,150,regions,MultiMinded,1000,MaxIter,117.58999999999651,1873.9284000000002,4,1690.89,555.43200000000002,1873.9284000000002,1902.4726218175665,83.828975607347843,145.37333365617593,1,29,28,84,63
97,30,37,LinearHeuristicAuction,0.05,0.08,,True,,1000,3600,cats_reg_g30b150,,default,2,False,CATS,150,regions,MultiMinded,140,Balance,15.679999999993015,1853.4531000000002,7,1334.16,635.36699999999996,1790.2279,1708.542337113287,1516.8076832218539,1715.8262354358042,1,29,69,89,67
98,30,36,LinearHeuristicAuction,0.05,0.08,,True,,1000,3600,cats_reg_g30b150,,default,2,False,CATS,150,regions,MultiMinded,91,Balance,9.769999999989523,2779.0163,8,2131.76,620.35799999999995,2779.0163,2727.3142340030986,2479.1710340030991,2572.7643958735489,1,30,32,80,66
99,30,37,LinearHeuristicAuction,0.05,0.08,,True,,1000,3600,cats_reg_g30b150,,default,2,False,CATS,150,regions,MultiMinded,1000,MaxIter,109.66000000000349,2286.8288000000002,6,1573.72,543.00099999999998,1533.8819,2283.1610277562463,96.531325988155515,185.08766527166676,1,28,39,87,67
100,30,32,LinearHeuristicAuction,0.05,0.08,,True,,1000,3600,cats_reg_g30b150,,default,2,False,CATS,150,regions,MultiMinded,137,Balance,14.480000000010477,1906.0085,9,1496.95,591.39400000000001,1906.0085,1849.783717868364,1583.6564178683639,1706.1912424961185,1,30,27,85,62
