idx,items,agents,auction_class,epsilon,stepc,epoch,scalebyvalue,reserve_type,maxiter,maxtime,generator_param_name,personalized,bidding_strategy,heuristic_pool_num,int_prices,generator,bids,distribution,type,rounds,status,runtime,efficient_value,final_num_winners,final_max_agent_value,final_scalevalue,final_value,final_total_price,final_revenue,final_indirect_util,final_price_degree,final_price_sparsity,final_imbalance,final_wd_nvars,final_wd_ncons
1,30,36,AdaptiveCuttingAuction,0.05,0.08,10,True,,1000,3600,cats_reg_g30b150,True,heuristic,2,False,CATS,150,regions,MultiMinded,84,Balance,23.330000000016298,2502.8085,11,1712.02,630.28700000000003,2474.8035000000004,2268.3040457425927,1953.1605457425928,2238.8737700799634,17,57,33,92,66
2,30,38,AdaptiveCuttingAuction,0.05,0.08,10,True,,1000,3600,cats_reg_g30b150,True,heuristic,2,False,CATS,150,regions,MultiMinded,408,Balance,197.38999999998487,2067.4249,5,1460.04,478.96600000000001,2067.4249,2067.2674128800345,1947.5259128800344,2004.0506080613086,12,59,46,98,68
3,30,36,AdaptiveCuttingAuction,0.05,0.08,10,True,,1000,3600,cats_reg_g30b150,True,heuristic,2,False,CATS,150,regions,MultiMinded,101,Balance,25.95999999999185,2226.2472000000002,3,1961.0,494.50999999999999,2226.2472000000002,2249.01299798031,2174.83649798031,2187.7935674059559,25,43,32,83,66
4,30,38,AdaptiveCuttingAuction,0.05,0.08,10,True,,1000,3600,cats_reg_g30b150,True,heuristic,2,False,CATS,150,regions,MultiMinded,172,Balance,45.86999999999534,2004.9491999999998,10,1505.7,557.86300000000006,1989.8512,2000.750761009705,1721.8192610097046,1758.7742050521604,6,45,22,97,68
5,30,35,AdaptiveCuttingAuction,0.05,0.08,10,True,,1000,3600,cats_reg_g30b150,True,heuristic,2,False,CATS,150,regions,MultiMinded,452,Balance,197.54999999998836,1864.626,3,1703.97,505.12049999999999,1864.626,1886.8561053230205,1811.0880303230208,1812.8870569208377,26,69,26,100,65
6,30,35,AdaptiveCuttingAuction,0.05,0.08,10,True,,1000,3600,cats_reg_g30b150,True,heuristic,2,False,CATS,150,regions,MultiMinded,1000,MaxIter,609.6300000000047,2116.0368,7,1959.83,614.52500000000009,2100.4658,2353.6891791069525,1022.8560802434228,1062.4269925928288,25,55,37,101,65
7,30,35,AdaptiveCuttingAuction,0.05,0.08,10,True,,1000,3600,cats_reg_g30b150,True,heuristic,2,False,CATS,150,regions,MultiMinded,305,Balance,128.48000000001048,2031.9575,6,1330.11,558.39999999999998,2031.9575,1964.4243288037035,1824.8243288037031,1949.2481658735708,11,56,45,103,65
8,30,35,AdaptiveCuttingAuction,0.05,0.08,10,True,,1000,3600,cats_reg_g30b150,True,heuristic,2,False,CATS,150,regions,MultiMinded,119,Balance,28.050000000017462,2027.57669,8,1379.5,642.28750000000002,2027.57669,1882.7739929028833,1652.5439775513419,1833.9527787457496,13,47,26,88,65
9,30,36,AdaptiveCuttingAuction,0.05,0.08,10,True,,1000,3600,cats_reg_g30b150,True,heuristic,2,False,CATS,150,regions,MultiMinded,92,Balance,31.529999999998836,1859.5272999999997,7,1542.29,443.88650000000001,1825.6526000000001,1749.53203789744,1638.5604128974398,1769.8593963683602,14,46,28,86,66
10,30,34,AdaptiveCuttingAuction,0.05,0.08,10,True,,1000,3600,cats_reg_g30b150,True,heuristic,2,False,CATS,150,regions,MultiMinded,310,Balance,132.6600000000035,2566.974,6,2112.56,626.02300000000002,2549.5312000000004,2496.1339487203418,2308.3270487203426,2455.5969405100332,24,67,36,97,64
11,30,36,AdaptiveCuttingAuction,0.05,0.08,10,True,,1000,3600,cats_reg_g30b150,True,heuristic,2,False,CATS,150,regions,MultiMinded,158,Balance,47.029999999998836,2431.6115,4,2098.81,721.22149999999999,2431.6115,2350.9674602733776,2206.7231602733773,2320.0434458678496,14,47,7,93,66
12,30,32,AdaptiveCuttingAuction,0.05,0.08,10,True,,1000,3600,cats_reg_g30b150,True,heuristic,2,False,CATS,150,regions,MultiMinded,459,Balance,166.0100000000093,1865.81568,8,1645.15,855.13049999999998,1767.21838,1794.7420192844786,1515.5135896647582,1576.4783751604816,27,59,67,102,62
13,30,35,AdaptiveCuttingAuction,0.05,0.08,10,True,,1000,3600,cats_reg_g30b150,True,heuristic,2,False,CATS,150,regions,MultiMinded,324,Balance,140.52999999999884,1773.5022000000001,5,1494.31,678.60900000000004,1756.9776,1770.1780150725372,1608.7323293609502,1635.2756354132321,23,70,15,104,65
14,30,32,AdaptiveCuttingAuction,0.05,0.08,10,True,,1000,3600,cats_reg_g30b150,True,heuristic,2,False,CATS,150,regions,MultiMinded,150,Balance,35.75999999998021,1980.1873000000003,5,1559.99,631.08900000000006,1901.0967000000003,1782.4615332114463,1624.6892832114461,1798.2043964036209,18,56,13,82,62
15,30,36,AdaptiveCuttingAuction,0.05,0.08,10,True,,1000,3600,cats_reg_g30b150,True,heuristic,2,False,CATS,150,regions,MultiMinded,82,Balance,18.94000000000233,2512.4141000000004,3,2312.23,781.00699999999995,2512.4141000000004,2394.41821334411,2278.6505665289224,2436.3822022042532,2,31,6,81,66
16,30,34,AdaptiveCuttingAuction,0.05,0.08,10,True,,1000,3600,cats_reg_g30b150,True,heuristic,2,False,CATS,150,regions,MultiMinded,227,Balance,83.71000000002095,1929.452,9,1789.44,584.255,1929.452,1903.8964491479037,1671.0738847420866,1782.7561443339546,26,65,65,99,64
17,30,33,AdaptiveCuttingAuction,0.05,0.08,10,True,,1000,3600,cats_reg_g30b150,True,heuristic,2,False,CATS,150,regions,MultiMinded,265,Balance,89.97000000000116,1934.7395999999999,7,1626.95,730.93200000000002,1934.7395999999999,1961.7039602760735,1725.454516447043,1760.4963033531976,25,62,41,103,63
18,30,34,AdaptiveCuttingAuction,0.05,0.08,10,True,,1000,3600,cats_reg_g30b150,True,heuristic,2,False,CATS,150,regions,MultiMinded,102,Balance,26.45000000001164,2504.1384,4,1818.33,781.33600000000001,2480.9184,2465.0272257346205,2308.7600257346203,2405.6493053853792,5,34,16,86,64
19,30,36,AdaptiveCuttingAuction,0.05,0.08,10,True,,1000,3600,cats_reg_g30b150,True,heuristic,2,False,CATS,150,regions,MultiMinded,147,Balance,47.29000000000815,2560.7110000000002,11,1508.06,549.71399999999994,2557.321,2242.7589776566765,1967.9019776566768,2301.1160089142541,26,42,12,84,66
20,30,37,AdaptiveCuttingAuction,0.05,0.08,10,True,,1000,3600,cats_reg_g30b150,True,heuristic,2,False,CATS,150,regions,MultiMinded,762,Balance,565.679999999993,1801.7813999999998,10,1490.47,395.125,1801.7813999999998,1825.8414096663466,1628.2789096663469,1641.631873271959,19,70,36,118,67
21,30,33,AdaptiveCuttingAuction,0.05,0.08,10,True,,1000,3600,cats_reg_g30b150,True,heuristic,2,False,CATS,150,regions,MultiMinded,251,Balance,61.98999999999069,1553.7635,6,1374.19,778.39550000000008,1534.7971,1611.1237679867186,1377.6051179867184,1406.4844718803442,25,48,34,83,63
22,30,38,AdaptiveCuttingAuction,0.05,0.08,10,True,,1000,3600,cats_reg_g30b150,True,heuristic,2,False,CATS,150,regions,MultiMinded,514,Balance,277.1499999999942,2312.252,6,2123.59,638.69949999999994,2312.252,2373.4123357670528,2181.8024857670525,2201.3844201861098,27,68,30,112,68
23,30,38,AdaptiveCuttingAuction,0.05,0.08,10,True,,1000,3600,cats_reg_g30b150,True,heuristic,2,False,CATS,150,regions,MultiMinded,113,Balance,37.26000000000931,2354.8725,7,1818.1,597.00800000000004,2354.8725,2229.3562212599736,2050.2538212599738,2227.6003203523196,10,43,34,94,68
24,30,35,AdaptiveCuttingAuction,0.05,0.08,10,True,,1000,3600,cats_reg_g30b150,True,heuristic,2,False,CATS,150,regions,MultiMinded,1000,MaxIter,497.02999999999884,1892.4884,8,1241.36,538.58849999999995,1611.4198000000001,1949.6907678997406,393.31855253198501,466.97886769718343,27,60,23,98,65
25,30,33,AdaptiveCuttingAuction,0.05,0.08,10,True,,1000,3600,cats_reg_g30b150,True,heuristic,2,False,CATS,150,regions,MultiMinded,204,Balance,83.43000000002212,1741.0822999999998,4,1538.41,861.41849999999999,1692.8544000000002,1712.4665691496623,1571.9190489256482,1598.3147053237308,26,67,18,103,63
26,30,34,AdaptiveCuttingAuction,0.05,0.08,10,True,,1000,3600,cats_reg_g30b150,True,heuristic,2,False,CATS,150,regions,MultiMinded,1000,MaxIter,363.11000000001513,2008.668,8,1919.5,424.82100000000003,1775.3529,2066.5723772158976,460.22590825399925,526.46931620301098,16,62,14,99,64
27,30,32,AdaptiveCuttingAuction,0.05,0.08,10,True,,1000,3600,cats_reg_g30b150,True,heuristic,2,False,CATS,150,regions,MultiMinded,158,Balance,45.829999999987194,2175.2061,5,1890.21,644.31150000000002,2175.2061,2205.9088768901611,2056.8722874540435,2100.4604636514878,14,41,38,88,62
28,30,37,AdaptiveCuttingAuction,0.05,0.08,10,True,,1000,3600,cats_reg_g30b150,True,heuristic,2,False,CATS,150,regions,MultiMinded,90,Balance,32.139999999984866,2040.43179,10,1615.6,517.23699999999997,2031.7835999999998,1945.7256150677545,1712.9689650677549,1881.4689458951254,14,56,48,96,67
29,30,33,AdaptiveCuttingAuction,0.05,0.08,10,True,,1000,3600,cats_reg_g30b150,True,heuristic,2,False,CATS,150,regions,MultiMinded,219,Balance,72.0799999999872,2111.632,9,1854.64,708.57899999999995,2111.632,2108.2166510968077,1789.3561010968078,1981.7867356227027,25,64,105,105,63
30,30,35,AdaptiveCuttingAuction,0.05,0.08,10,True,,1000,3600,cats_reg_g30b150,True,heuristic,2,False,CATS,150,regions,MultiMinded,216,Balance,72.75,2323.0769999999998,8,1594.17,462.18150000000003,2323.0769999999998,2146.7807328820209,1961.9081328820207,2162.3604702647658,16,61,28,103,65
31,30,34,AdaptiveCuttingAuction,0.05,0.08,10,True,,1000,3600,cats_reg_g30b150,True,heuristic,2,False,CATS,150,regions,MultiMinded,163,Balance,40.20999999999185,2659.4860000000003,6,2167.09,585.07799999999997,2659.4860000000003,2651.2022680439823,2475.6788680439822,2556.0568066189376,5,39,44,94,64
32,30,37,AdaptiveCuttingAuction,0.05,0.08,10,True,,1000,3600,cats_reg_g30b150,True,heuristic,2,False,CATS,150,regions,MultiMinded,176,Balance,59.45000000001164,1999.8556999999998,8,1545.46,522.50199999999995,1942.9977000000001,1945.3520997776379,1744.6764454310148,1840.2772355395227,10,1702,35,95,67
33,30,37,AdaptiveCuttingAuction,0.05,0.08,10,True,,1000,3600,cats_reg_g30b150,True,heuristic,2,False,CATS,150,regions,MultiMinded,170,Balance,51.48000000001048,1805.9524000000001,4,1582.17,487.50400000000002,1790.6487000000002,1685.8749481263753,1612.7493481263755,1751.8657838109395,22,44,15,98,67
34,30,39,AdaptiveCuttingAuction,0.05,0.08,10,True,,1000,3600,cats_reg_g30b150,True,heuristic,2,False,CATS,150,regions,MultiMinded,1000,MaxIter,609.3600000000151,1983.6001999999999,9,1564.76,623.41200000000003,1795.9909,2033.6411391734573,1210.8142041734613,1234.366139132045,15,2379,30,111,69
35,30,38,AdaptiveCuttingAuction,0.05,0.08,10,True,,1000,3600,cats_reg_g30b150,True,heuristic,2,False,CATS,150,regions,MultiMinded,329,Balance,145.57000000000698,2341.4052,8,1755.59,637.298,2341.4052,2303.6769524578822,2048.7577524578828,2156.7115649783573,22,65,61,108,68
36,30,33,AdaptiveCuttingAuction,0.05,0.08,10,True,,1000,3600,cats_reg_g30b150,True,heuristic,2,False,CATS,150,regions,MultiMinded,132,Balance,42.87000000002445,2136.9992,6,1693.26,587.83249999999998,2119.1677999999997,2095.6117643335629,1919.2620143335628,2046.8095233625206,18,62,54,89,63
37,30,34,AdaptiveCuttingAuction,0.05,0.08,10,True,,1000,3600,cats_reg_g30b150,True,heuristic,2,False,CATS,150,regions,MultiMinded,422,Balance,166.10999999998603,1991.3467,8,1812.59,701.23299999999995,1969.7631000000001,1953.7152861323982,1673.2220861323983,1733.3557873552904,27,67,44,108,64
38,30,40,AdaptiveCuttingAuction,0.05,0.08,10,True,,1000,3600,cats_reg_g30b150,True,heuristic,2,False,CATS,150,regions,MultiMinded,145,Balance,68.35999999998603,2724.0288,6,2153.9,576.38300000000004,2724.0288,2545.4245395155858,2401.3287895155868,2597.7976832471145,12,55,25,102,70
39,30,30,AdaptiveCuttingAuction,0.05,0.08,10,True,,1000,3600,cats_reg_g30b150,True,heuristic,2,False,CATS,150,regions,MultiMinded,335,Balance,98.56000000002678,1968.0602,4,1918.66,764.726,1968.0602,2000.6696255081615,1847.7244255081614,1949.5584153885798,25,62,86,94,60
40,30,33,AdaptiveCuttingAuction,0.05,0.08,10,True,,1000,3600,cats_reg_g30b150,True,heuristic,2,False,CATS,150,regions,MultiMinded,105,Balance,27.29999999998836,1942.0583000000001,3,1674.34,688.69799999999998,1942.0583000000001,1955.0825094683223,1851.7778094683224,1854.7889650327547,7,45,30,90,63
41,30,35,AdaptiveCuttingAuction,0.05,0.08,10,True,,1000,3600,cats_reg_g30b150,True,heuristic,2,False,CATS,150,regions,MultiMinded,136,Balance,36.15999999997439,1877.7214099999999,8,1423.29,646.35299999999995,1811.2750099999996,1870.3292885023038,1637.0393285788414,1660.6539848666146,12,49,40,100,65
42,30,32,AdaptiveCuttingAuction,0.05,0.08,10,True,,1000,3600,cats_reg_g30b150,True,heuristic,2,False,CATS,150,regions,MultiMinded,1000,MaxIter,637.0699999999779,2111.841,6,1703.5,646.17399999999998,1913.988,2186.8289066291081,1282.3491535067787,1315.156526261324,25,65,24,104,62
43,30,40,AdaptiveCuttingAuction,0.05,0.08,10,True,,1000,3600,cats_reg_g30b150,True,heuristic,2,False,CATS,150,regions,MultiMinded,467,Balance,215.72000000000116,2446.7208,13,1927.69,685.90899999999999,2359.3614,2337.8252532880192,1933.4210752783797,2080.4373020159301,23,61,50,105,70
44,30,35,AdaptiveCuttingAuction,0.05,0.08,10,True,,1000,3600,cats_reg_g30b150,True,heuristic,2,False,CATS,150,regions,MultiMinded,207,Balance,75.16000000000349,1711.1515999999997,8,1299.51,651.40899999999999,1647.8545999999997,1583.6339118406038,1323.0703118406038,1520.6047657276765,16,64,87,102,65
45,30,38,AdaptiveCuttingAuction,0.05,0.08,10,True,,1000,3600,cats_reg_g30b150,True,heuristic,2,False,CATS,150,regions,MultiMinded,236,Balance,151.4099999999744,2034.5094,6,1828.07,742.07299999999998,2034.5094,2029.2319191063107,1864.5376184646343,1980.5098002406737,27,72,63,109,68
46,30,31,AdaptiveCuttingAuction,0.05,0.08,10,True,,1000,3600,cats_reg_g30b150,True,heuristic,2,False,CATS,150,regions,MultiMinded,100,Balance,20.39999999999418,2564.0325000000003,4,2373.4,807.26099999999997,2508.5015000000003,2491.2360212380022,2335.642731578851,2446.0002008917563,25,43,13,76,61
47,30,37,AdaptiveCuttingAuction,0.05,0.08,10,True,,1000,3600,cats_reg_g30b150,True,heuristic,2,False,CATS,150,regions,MultiMinded,299,Balance,93.01000000000931,2233.1322,11,1669.44,664.97900000000004,2152.1982000000003,2170.7049609311716,1828.2257524529853,1908.6833891454253,24,49,46,99,67
48,30,35,AdaptiveCuttingAuction,0.05,0.08,10,True,,1000,3600,cats_reg_g30b150,True,heuristic,2,False,CATS,150,regions,MultiMinded,813,Balance,435.9200000000128,2069.4358,7,1826.01,556.24350000000004,2050.2718,2010.4635621002826,1815.7783371002824,1930.6299052382335,28,2590,41,111,65
49,30,30,AdaptiveCuttingAuction,0.05,0.08,10,True,,1000,3600,cats_reg_g30b150,True,heuristic,2,False,CATS,150,regions,MultiMinded,108,Balance,23.380000000004657,1979.7895999999998,6,1594.07,673.82600000000002,1979.7895999999998,1980.5155120665547,1778.367712066555,1833.7064298947707,16,51,30,87,60
50,30,33,AdaptiveCuttingAuction,0.05,0.08,10,True,,1000,3600,cats_reg_g30b150,True,heuristic,2,False,CATS,150,regions,MultiMinded,98,Balance,22.14000000001397,2110.6722999999997,7,1335.35,460.47550000000001,2110.6722999999997,2036.3323106717141,1898.1896606717141,2011.7882635029248,14,44,30,85,63
51,30,37,AdaptiveCuttingAuction,0.05,0.08,10,True,,1000,3600,cats_reg_g30b150,True,heuristic,2,False,CATS,150,regions,MultiMinded,173,Balance,67.13999999998487,2245.4244000000003,6,1882.26,597.73699999999997,2245.4244000000003,2301.3357668209896,2151.9015168209899,2167.3565090983175,16,58,25,96,67
52,30,32,AdaptiveCuttingAuction,0.05,0.08,10,True,,1000,3600,cats_reg_g30b150,True,heuristic,2,False,CATS,150,regions,MultiMinded,263,Balance,74.53999999997905,1756.6213,6,1409.87,556.45500000000004,1756.6213,1719.6120365235863,1552.6755365235863,1623.6636746129025,9,45,34,88,62
53,30,34,AdaptiveCuttingAuction,0.05,0.08,10,True,,1000,3600,cats_reg_g30b150,True,heuristic,2,False,CATS,150,regions,MultiMinded,242,Balance,78.70000000001164,2325.6629000000003,8,1796.97,570.23000000000002,2279.8698999999997,2241.1345066588342,2013.0425066588341,2108.1050956697186,23,1530,29,92,64
54,30,37,AdaptiveCuttingAuction,0.05,0.08,10,True,,1000,3600,cats_reg_g30b150,True,heuristic,2,False,CATS,150,regions,MultiMinded,201,Balance,63.79999999998836,2355.424,6,2152.9,670.553,2313.336,2303.5570876461911,2113.6139346564887,2252.6264442743518,4,40,75,98,67
55,30,33,AdaptiveCuttingAuction,0.05,0.08,10,True,,1000,3600,cats_reg_g30b150,True,heuristic,2,False,CATS,150,regions,MultiMinded,172,Balance,55.710000000020955,2078.1524999999997,10,1352.37,548.28150000000005,2078.1524999999997,2034.8458543730603,1772.7407645373542,1857.3146560883363,14,55,36,92,63
56,30,39,AdaptiveCuttingAuction,0.05,0.08,10,True,,1000,3600,cats_reg_g30b150,True,heuristic,2,False,CATS,150,regions,MultiMinded,130,Balance,39.62000000002445,1893.3772000000004,9,1498.24,591.42200000000003,1893.3772000000004,1829.9712685038944,1593.4024685038939,1701.6268058369653,25,45,19,93,69
57,30,36,AdaptiveCuttingAuction,0.05,0.08,10,True,,1000,3600,cats_reg_g30b150,True,heuristic,2,False,CATS,150,regions,MultiMinded,103,Balance,30.85000000000582,1899.5301999999997,5,1604.44,621.16750000000002,1859.0458999999998,1818.3292759841252,1663.0374009841248,1739.6081126824704,11,44,15,90,66
58,30,36,AdaptiveCuttingAuction,0.05,0.08,10,True,,1000,3600,cats_reg_g30b150,True,heuristic,2,False,CATS,150,regions,MultiMinded,301,Balance,94.79000000000815,2429.6093,6,2057.42,832.86300000000006,2429.6093,2431.0112754623333,2181.1523754623331,2249.8477177851796,7,45,32,93,66
59,30,39,AdaptiveCuttingAuction,0.05,0.08,10,True,,1000,3600,cats_reg_g30b150,True,heuristic,2,False,CATS,150,regions,MultiMinded,739,Balance,350.03999999997905,2064.9126,6,1772.9,622.28800000000001,2064.9126,2091.3127507624754,1904.626350762476,1929.5819652669263,22,56,37,115,69
60,30,35,AdaptiveCuttingAuction,0.05,0.08,10,True,,1000,3600,cats_reg_g30b150,True,heuristic,2,False,CATS,150,regions,MultiMinded,1000,MaxIter,380.4300000000221,1956.0875,7,1842.74,450.80399999999997,1393.599,2016.3559549241513,430.02639318684555,453.39388536945842,26,69,6,98,65
61,30,37,AdaptiveCuttingAuction,0.05,0.08,10,True,,1000,3600,cats_reg_g30b150,True,heuristic,2,False,CATS,150,regions,MultiMinded,480,Balance,251.47000000000116,1951.6029999999998,7,1560.47,530.9905,1951.6029999999998,1950.009644676011,1764.1629696760117,1777.6394818905542,25,79,11,110,67
62,30,34,AdaptiveCuttingAuction,0.05,0.08,10,True,,1000,3600,cats_reg_g30b150,True,heuristic,2,False,CATS,150,regions,MultiMinded,125,Balance,30.44000000000233,1978.0167,7,1737.89,582.94900000000007,1977.3040999999998,1945.6207565399261,1741.5886065399266,1857.8478893934559,17,51,66,86,64
63,30,30,AdaptiveCuttingAuction,0.05,0.08,10,True,,1000,3600,cats_reg_g30b150,True,heuristic,2,False,CATS,150,regions,MultiMinded,194,Balance,44.220000000001164,2547.4234,5,1821.34,869.476,2547.4234,2478.2599767780266,2260.8909767780265,2368.6322341210921,26,62,29,85,60
64,30,34,AdaptiveCuttingAuction,0.05,0.08,10,True,,1000,3600,cats_reg_g30b150,True,heuristic,2,False,CATS,150,regions,MultiMinded,359,Balance,144.69000000000233,2427.9729,8,1844.14,792.92899999999997,2427.9729,2442.2658148483924,2125.0942148483923,2187.5213500532286,9,48,33,97,64
65,30,36,AdaptiveCuttingAuction,0.05,0.08,10,True,,1000,3600,cats_reg_g30b150,True,heuristic,2,False,CATS,150,regions,MultiMinded,149,Balance,59.36999999999534,2209.3287,9,1779.98,732.52250000000004,2155.1597,2173.9744626353645,1876.0303007905688,1980.8467126649787,25,57,47,101,66
66,30,30,AdaptiveCuttingAuction,0.05,0.08,10,True,,1000,3600,cats_reg_g30b150,True,heuristic,2,False,CATS,150,regions,MultiMinded,117,Balance,23.0,2387.3904,2,2290.03,553.03500000000008,2387.3904,2348.0466900218598,2292.7431900218598,2348.2789878917265,8,48,35,84,60
67,30,41,AdaptiveCuttingAuction,0.05,0.08,10,True,,1000,3600,cats_reg_g30b150,True,heuristic,2,False,CATS,150,regions,MultiMinded,716,Balance,330.28999999997905,2130.5865999999996,8,1569.3,447.20299999999997,2114.4146,2018.2717510619593,1849.7352159946788,1993.8706455207146,9,2133,30,106,71
68,30,34,AdaptiveCuttingAuction,0.05,0.08,10,True,,1000,3600,cats_reg_g30b150,True,heuristic,2,False,CATS,150,regions,MultiMinded,198,Balance,69.47000000000116,1871.0335999999998,8,1491.62,623.48450000000003,1871.0335999999998,1841.930190366556,1633.0207635165721,1726.7245106543644,12,45,46,98,64
69,30,34,AdaptiveCuttingAuction,0.05,0.08,10,True,,1000,3600,cats_reg_g30b150,True,heuristic,2,False,CATS,150,regions,MultiMinded,175,Balance,47.87000000002445,2248.1536,8,1918.69,909.28949999999998,2248.1536,2158.6179564890658,1870.1518312177084,1973.6733065003705,9,46,9,94,64
70,30,32,AdaptiveCuttingAuction,0.05,0.08,10,True,,1000,3600,cats_reg_g30b150,True,heuristic,2,False,CATS,150,regions,MultiMinded,888,Balance,290.4900000000198,2074.3614,8,1794.89,671.03600000000006,2062.3628,2018.0174557322696,1749.6030557322697,1831.8179441161285,27,42,9,81,62
71,30,30,AdaptiveCuttingAuction,0.05,0.08,10,True,,1000,3600,cats_reg_g30b150,True,heuristic,2,False,CATS,150,regions,MultiMinded,508,Balance,173.3399999999965,2107.4125,3,1919.92,672.68100000000004,2107.4125,2092.6556324145495,2025.3875324145492,2100.8734423002438,20,63,28,97,60
72,30,35,AdaptiveCuttingAuction,0.05,0.08,10,True,,1000,3600,cats_reg_g30b150,True,heuristic,2,False,CATS,150,regions,MultiMinded,305,Balance,106.53999999997905,1946.4843000000003,8,1216.53,554.09649999999999,1946.4843000000003,1742.1869009451784,1575.9579509451783,1792.4908079321003,14,57,20,90,65
73,30,35,AdaptiveCuttingAuction,0.05,0.08,10,True,,1000,3600,cats_reg_g30b150,True,heuristic,2,False,CATS,150,regions,MultiMinded,416,Balance,191.89000000001397,1852.6272999999999,7,1445.38,663.03899999999999,1852.6272999999999,1855.4560589872419,1630.3359649992158,1704.1152198040154,26,51,27,97,65
74,30,31,AdaptiveCuttingAuction,0.05,0.08,10,True,,1000,3600,cats_reg_g30b150,True,heuristic,2,False,CATS,150,regions,MultiMinded,250,Balance,59.98000000001048,2020.0417,6,1744.34,781.83899999999994,1995.5083999999997,2020.7786700644167,1786.2269700644167,1834.7052931311198,11,41,22,85,61
75,30,39,AdaptiveCuttingAuction,0.05,0.08,10,True,,1000,3600,cats_reg_g30b150,True,heuristic,2,False,CATS,150,regions,MultiMinded,1000,MaxIter,530.2900000000081,2549.9302,10,1890.83,637.39099999999996,2392.8902,2444.2602169908823,1714.7619137474037,1984.0282237301167,25,70,23,108,69
76,30,36,AdaptiveCuttingAuction,0.05,0.08,10,True,,1000,3600,cats_reg_g30b150,True,heuristic,2,False,CATS,150,regions,MultiMinded,169,Balance,54.30000000001746,1970.4382,6,1633.82,405.01099999999997,1940.0082,1886.1292743303934,1764.6259743303935,1868.1389597459563,12,44,33,95,66
77,30,34,AdaptiveCuttingAuction,0.05,0.08,10,True,,1000,3600,cats_reg_g30b150,True,heuristic,2,False,CATS,150,regions,MultiMinded,187,Balance,48.27000000001863,1646.3148,5,1576.38,831.28949999999998,1618.8128,1652.2680993811421,1444.4457243811423,1473.0770825007892,27,48,54,97,64
78,30,34,AdaptiveCuttingAuction,0.05,0.08,10,True,,1000,3600,cats_reg_g30b150,True,heuristic,2,False,CATS,150,regions,MultiMinded,345,Balance,150.40000000002328,2412.1546,8,1881.66,768.41550000000007,2412.1546,2449.5701610705269,2142.2039610705265,2199.2857674147508,19,64,30,103,64
79,30,29,AdaptiveCuttingAuction,0.05,0.08,10,True,,1000,3600,cats_reg_g30b150,True,heuristic,2,False,CATS,150,regions,MultiMinded,581,Balance,193.63999999998487,2267.359,4,2060.3,919.01300000000003,2256.911,2303.2406860175829,2119.4380860175825,2147.8866086113476,27,68,50,94,59
80,30,37,AdaptiveCuttingAuction,0.05,0.08,10,True,,1000,3600,cats_reg_g30b150,True,heuristic,2,False,CATS,150,regions,MultiMinded,1000,MaxIter,461.61999999999534,2112.5864,8,1592.54,576.49599999999998,1933.7752999999998,2123.1903951338172,1008.1228408066276,1069.6282785848616,17,63,22,106,67
81,30,33,AdaptiveCuttingAuction,0.05,0.08,10,True,,1000,3600,cats_reg_g30b150,True,heuristic,2,False,CATS,150,regions,MultiMinded,161,Balance,38.5,1652.215,4,1316.69,725.81600000000003,1652.215,1669.268930599123,1524.1057305991228,1548.7939619606427,19,52,24,89,63
82,30,35,AdaptiveCuttingAuction,0.05,0.08,10,True,,1000,3600,cats_reg_g30b150,True,heuristic,2,False,CATS,150,regions,MultiMinded,483,Balance,298.1000000000058,2109.0315,7,1900.31,619.13249999999994,2079.5869000000002,2085.079482407943,1915.4211233328861,1965.0869946468606,28,67,31,110,65
83,30,32,AdaptiveCuttingAuction,0.05,0.08,10,True,,1000,3600,cats_reg_g30b150,True,heuristic,2,False,CATS,150,regions,MultiMinded,125,Balance,31.79000000000815,2576.43019,7,2027.96,1059.6700000000001,2576.43019,2572.0053512829663,2239.4479338590272,2332.6722580991691,26,47,25,86,62
84,30,34,AdaptiveCuttingAuction,0.05,0.08,10,True,,1000,3600,cats_reg_g30b150,True,heuristic,2,False,CATS,150,regions,MultiMinded,277,Balance,114.44000000000233,1983.6759000000002,7,1485.27,650.14099999999996,1962.444,1909.4768201762231,1681.9274701762231,1848.5880750477293,17,63,51,105,64
85,30,33,AdaptiveCuttingAuction,0.05,0.08,10,True,,1000,3600,cats_reg_g30b150,True,heuristic,2,False,CATS,150,regions,MultiMinded,119,Balance,27.64000000001397,1650.3177,5,1136.81,534.83399999999995,1650.3177,1655.7783652368521,1522.0698652368519,1527.9390782776572,9,45,21,93,63
86,30,37,AdaptiveCuttingAuction,0.05,0.08,10,True,,1000,3600,cats_reg_g30b150,True,heuristic,2,False,CATS,150,regions,MultiMinded,161,Balance,32.29999999998836,2073.2363,6,1605.13,504.47649999999999,2069.3503,1793.1228018020931,1667.003676802093,1984.6871333884205,1,29,12,82,67
87,30,34,AdaptiveCuttingAuction,0.05,0.08,10,True,,1000,3600,cats_reg_g30b150,True,heuristic,2,False,CATS,150,regions,MultiMinded,1000,MaxIter,333.29000000000815,2161.5317,10,1611.82,461.19499999999999,1954.2336,2178.9875280192964,1153.5208411231542,1218.2036940406529,10,47,12,90,64
88,30,35,AdaptiveCuttingAuction,0.05,0.08,10,True,,1000,3600,cats_reg_g30b150,True,heuristic,2,False,CATS,150,regions,MultiMinded,1000,MaxIter,495.0199999999895,1960.6723,7,1579.4,529.16499999999996,1733.3370999999997,1989.9521212610966,561.12558105626476,633.52748678073249,20,66,28,102,65
89,30,40,AdaptiveCuttingAuction,0.05,0.08,10,True,,1000,3600,cats_reg_g30b150,True,heuristic,2,False,CATS,150,regions,MultiMinded,147,Balance,58.179999999993015,2103.4608,12,1324.86,455.78500000000003,2103.4608,1778.8187724015788,1573.7155224015785,1924.5139915043674,10,51,31,98,70
90,30,36,AdaptiveCuttingAuction,0.05,0.08,10,True,,1000,3600,cats_reg_g30b150,True,heuristic,2,False,CATS,150,regions,MultiMinded,605,Balance,200.01999999998952,2252.2093,7,1749.09,686.99800000000005,2252.2093,2275.7601621015024,2035.3503249693106,2062.036316402764,13,56,15,99,66
91,30,37,AdaptiveCuttingAuction,0.05,0.08,10,True,,1000,3600,cats_reg_g30b150,True,heuristic,2,False,CATS,150,regions,MultiMinded,225,Balance,113.11999999999534,2533.4677,9,1557.05,605.50300000000004,2533.4677,2270.3320871766027,2088.6811871766026,2412.3474152986801,8,2036,31,97,67
92,30,37,AdaptiveCuttingAuction,0.05,0.08,10,True,,1000,3600,cats_reg_g30b150,True,heuristic,2,False,CATS,150,regions,MultiMinded,134,Balance,39.80999999999767,2087.0795,9,1557.29,467.12700000000001,2087.0795,2047.2024641330911,1836.9953141330909,1923.9797979277268,8,43,54,95,67
93,30,34,AdaptiveCuttingAuction,0.05,0.08,10,True,,1000,3600,cats_reg_g30b150,True,heuristic,2,False,CATS,150,regions,MultiMinded,1000,MaxIter,718.5299999999988,2220.4165999999996,7,1477.09,531.97949999999992,1974.9667,2286.5865985929495,933.92885821559275,1004.6206765138138,26,67,46,112,64
94,30,33,AdaptiveCuttingAuction,0.05,0.08,10,True,,1000,3600,cats_reg_g30b150,True,heuristic,2,False,CATS,150,regions,MultiMinded,597,Balance,323.63000000000466,2089.1439,7,1850.23,583.02999999999997,2089.1439,1970.2701119089534,1824.5126119089534,2005.4434439605766,18,60,38,103,63
95,30,36,AdaptiveCuttingAuction,0.05,0.08,10,True,,1000,3600,cats_reg_g30b150,True,heuristic,2,False,CATS,150,regions,MultiMinded,221,Balance,83.63000000000466,2218.1557,7,1747.55,732.99250000000006,2218.1557,2167.7791053784076,1911.2317303784075,2026.4146257161285,18,46,30,99,66
96,30,33,AdaptiveCuttingAuction,0.05,0.08,10,True,,1000,3600,cats_reg_g30b150,True,heuristic,2,False,CATS,150,regions,MultiMinded,1000,MaxIter,398.5100000000093,1873.9284000000002,6,1690.89,555.43200000000002,1649.2074000000002,2055.2572616182879,98.96493801697784,131.29437808784124,15,65,28,103,63
97,30,37,AdaptiveCuttingAuction,0.05,0.08,10,True,,1000,3600,cats_reg_g30b150,True,heuristic,2,False,CATS,150,regions,MultiMinded,337,Balance,102.55999999999767,1853.4531000000002,10,1334.16,635.36699999999996,1849.0271000000002,1829.262382733069,1528.4596578724411,1606.2364191482277,9,42,28,101,67
98,30,36,AdaptiveCuttingAuction,0.05,0.08,10,True,,1000,3600,cats_reg_g30b150,True,heuristic,2,False,CATS,150,regions,MultiMinded,364,Balance,134.22000000000116,2779.0163,8,2131.76,620.35799999999995,2660.1922999999997,2682.4061088947556,2434.2629088947565,2477.3021497676323,19,54,52,96,66
99,30,37,AdaptiveCuttingAuction,0.05,0.08,10,True,,1000,3600,cats_reg_g30b150,True,heuristic,2,False,CATS,150,regions,MultiMinded,1000,MaxIter,510.61999999999534,2286.8288000000002,6,1573.72,543.00099999999998,1827.3428000000001,2377.192074490571,316.47049918162662,360.92344610713747,10,2073,33,98,67
100,30,32,AdaptiveCuttingAuction,0.05,0.08,10,True,,1000,3600,cats_reg_g30b150,True,heuristic,2,False,CATS,150,regions,MultiMinded,813,Balance,218.68999999997322,1906.0085,5,1496.95,591.39400000000001,1834.6555000000003,1861.8092167480247,1713.9607167480247,1731.5501992351924,1,960,39,87,62
