idx,items,agents,auction_class,epsilon,stepc,epoch,scalebyvalue,reserve_type,maxiter,maxtime,generator_param_name,personalized,bidding_strategy,heuristic_pool_num,int_prices,generator,bids,distribution,type,rounds,status,runtime,efficient_value,final_num_winners,final_max_agent_value,final_scalevalue,final_value,final_total_price,final_revenue,final_indirect_util,final_price_degree,final_price_sparsity,final_imbalance,final_wd_nvars,final_wd_ncons
1,30,36,LinearHeuristicAuction,0.05,0.01,,True,,1000,3600,cats_reg_g30b150,,default,2,False,CATS,150,regions,MultiMinded,1000,MaxIter,115.41000000000349,2502.8085,5,1712.02,630.28700000000003,2100.1264,2155.4408149001656,144.76899675424193,516.81406291100541,1,29,68,92,66
2,30,38,LinearHeuristicAuction,0.05,0.01,,True,,1000,3600,cats_reg_g30b150,,default,2,False,CATS,150,regions,MultiMinded,841,Balance,102.02999999999884,2067.4249,5,1460.04,478.96600000000001,2067.4249,2037.9728054171278,1930.6163432859717,1980.6687700323391,1,30,30,95,68
3,30,36,LinearHeuristicAuction,0.05,0.01,,True,,1000,3600,cats_reg_g30b150,,default,2,False,CATS,150,regions,MultiMinded,223,Balance,24.89999999999418,2226.2472000000002,3,1961.0,494.50999999999999,2226.2472000000002,2205.7258891616852,2135.8945479307486,2177.2476402705229,1,29,22,86,66
4,30,38,LinearHeuristicAuction,0.05,0.01,,True,,1000,3600,cats_reg_g30b150,,default,2,False,CATS,150,regions,MultiMinded,89,Balance,9.270000000004075,2004.9491999999998,11,1505.7,557.86300000000006,2004.9491999999998,1786.6351796315937,1500.4155620577192,1719.2142734029219,1,30,2,79,68
5,30,35,LinearHeuristicAuction,0.05,0.01,,True,,1000,3600,cats_reg_g30b150,,default,2,False,CATS,150,regions,MultiMinded,373,Balance,40.830000000001746,1864.626,2,1703.97,505.12049999999999,1813.7730000000001,1766.5394948392607,1716.0274448392606,1788.297345935433,1,30,1,86,65
6,30,35,LinearHeuristicAuction,0.05,0.01,,True,,1000,3600,cats_reg_g30b150,,default,2,False,CATS,150,regions,MultiMinded,1000,MaxIter,106.5,2116.0368,5,1959.83,614.52500000000009,1920.4137999999998,2159.5039775182458,1004.7168910634731,1011.7004445610646,1,30,19,85,65
7,30,35,LinearHeuristicAuction,0.05,0.01,,True,,1000,3600,cats_reg_g30b150,,default,2,False,CATS,150,regions,MultiMinded,113,Balance,11.809999999997672,2031.9575,6,1330.11,558.39999999999998,2031.9575,1897.393851174462,1752.2098511744618,1908.0853306839763,1,30,19,78,65
8,30,35,LinearHeuristicAuction,0.05,0.01,,True,,1000,3600,cats_reg_g30b150,,default,2,False,CATS,150,regions,MultiMinded,165,Balance,17.84000000001106,2027.57669,8,1379.5,642.28750000000002,2027.57669,1754.404826855915,1562.4148065279696,1849.5200401558204,1,30,41,77,65
9,30,36,LinearHeuristicAuction,0.05,0.01,,True,,1000,3600,cats_reg_g30b150,,default,2,False,CATS,150,regions,MultiMinded,1000,MaxIter,114.0399999999936,1859.5272999999997,3,1542.29,443.88650000000001,1649.1709,1788.9559009514996,0.0,105.3182375538415,1,28,47,87,66
10,30,34,LinearHeuristicAuction,0.05,0.01,,True,,1000,3600,cats_reg_g30b150,,default,2,False,CATS,150,regions,MultiMinded,1000,MaxIter,102.52000000000407,2566.974,2,2112.56,626.02300000000002,1259.7232,2464.0842978604946,33.469812443318375,273.92333115432552,1,29,59,77,64
11,30,36,LinearHeuristicAuction,0.05,0.01,,True,,1000,3600,cats_reg_g30b150,,default,2,False,CATS,150,regions,MultiMinded,81,Balance,8.55000000000291,2431.6115,4,2098.81,721.22149999999999,2431.6115,2230.432742852995,2126.4743355852443,2328.5921403813954,1,30,3,81,66
12,30,32,LinearHeuristicAuction,0.05,0.01,,True,,1000,3600,cats_reg_g30b150,,default,2,False,CATS,150,regions,MultiMinded,1000,MaxIter,113.1200000000099,1865.81568,7,1645.15,855.13049999999998,1787.8909999999998,1772.7111374730662,417.72408025643409,551.46805385404002,1,30,31,80,62
13,30,35,LinearHeuristicAuction,0.05,0.01,,True,,1000,3600,cats_reg_g30b150,,default,2,False,CATS,150,regions,MultiMinded,1000,MaxIter,118.61999999999534,1773.5022000000001,4,1494.31,678.60900000000004,1541.9917,1712.8175238563915,26.743388409691821,188.89759738089333,1,30,33,85,65
14,30,32,LinearHeuristicAuction,0.05,0.01,,True,,1000,3600,cats_reg_g30b150,,default,2,False,CATS,150,regions,MultiMinded,661,Balance,72.43000000000757,1980.1873000000003,6,1559.99,631.08900000000006,1980.1873000000003,1768.7473137332743,1629.9077337332742,1842.8354005806505,1,30,24,74,62
15,30,36,LinearHeuristicAuction,0.05,0.01,,True,,1000,3600,cats_reg_g30b150,,default,2,False,CATS,150,regions,MultiMinded,17,Balance,1.9400000000023283,2512.4141000000004,3,2312.23,781.00699999999995,2512.4141000000004,2323.1064558668209,2246.8299097200966,2458.5623248654024,1,30,1,72,66
16,30,34,LinearHeuristicAuction,0.05,0.01,,True,,1000,3600,cats_reg_g30b150,,default,2,False,CATS,150,regions,MultiMinded,1000,MaxIter,114.47000000000116,1929.452,7,1789.44,584.255,1878.6934999999999,1903.6739804755998,1068.2974962724202,1138.4852257586977,1,28,47,83,64
17,30,33,LinearHeuristicAuction,0.05,0.01,,True,,1000,3600,cats_reg_g30b150,,default,2,False,CATS,150,regions,MultiMinded,618,Balance,72.38999999999942,1934.7395999999999,5,1626.95,730.93200000000002,1840.0255000000002,1787.245442926758,1619.1310829267579,1712.847036776373,1,30,96,80,63
18,30,34,LinearHeuristicAuction,0.05,0.01,,True,,1000,3600,cats_reg_g30b150,,default,2,False,CATS,150,regions,MultiMinded,120,Balance,12.44999999999709,2504.1384,4,1818.33,781.33600000000001,2504.1384,2360.0045351937542,2227.1774151937539,2404.4636128677271,1,29,32,77,64
19,30,36,LinearHeuristicAuction,0.05,0.01,,True,,1000,3600,cats_reg_g30b150,,default,2,False,CATS,150,regions,MultiMinded,29,Balance,2.959999999991851,2560.7110000000002,12,1508.06,549.71399999999994,2554.963,1966.3205772003523,1697.9038773158252,2329.5339635236551,1,29,9,74,66
20,30,37,LinearHeuristicAuction,0.05,0.01,,True,,1000,3600,cats_reg_g30b150,,default,2,False,CATS,150,regions,MultiMinded,1000,MaxIter,109.9600000000064,1801.7813999999998,6,1490.47,395.125,1456.8649,1773.3505601947581,376.98552700912177,445.71520947638146,1,30,26,97,67
21,30,33,LinearHeuristicAuction,0.05,0.01,,True,,1000,3600,cats_reg_g30b150,,default,2,False,CATS,150,regions,MultiMinded,160,Balance,18.070000000006985,1553.7635,3,1374.19,778.39550000000008,1553.7635,1464.6469289791469,1355.5392595655428,1473.5048651519387,1,30,25,72,63
22,30,38,LinearHeuristicAuction,0.05,0.01,,True,,1000,3600,cats_reg_g30b150,,default,2,False,CATS,150,regions,MultiMinded,1000,MaxIter,118.3700000000099,2312.252,4,2123.59,638.69949999999994,2080.669,2394.8043103579475,275.77353397950617,283.37325141902204,1,29,40,90,68
23,30,38,LinearHeuristicAuction,0.05,0.01,,True,,1000,3600,cats_reg_g30b150,,default,2,False,CATS,150,regions,MultiMinded,362,Balance,38.19999999999709,2354.8725,7,1818.1,597.00800000000004,2354.8725,2088.6369827116405,1939.7961946139978,2208.2189650022647,1,30,34,84,68
24,30,35,LinearHeuristicAuction,0.05,0.01,,True,,1000,3600,cats_reg_g30b150,,default,2,False,CATS,150,regions,MultiMinded,1000,MaxIter,107.27000000000407,1892.4884,8,1241.36,538.58849999999995,1594.3949999999998,1728.3168180474509,313.20246648377594,572.45280535049699,1,30,75,82,65
25,30,33,LinearHeuristicAuction,0.05,0.01,,True,,1000,3600,cats_reg_g30b150,,default,2,False,CATS,150,regions,MultiMinded,823,Balance,96.43999999998778,1741.0822999999998,4,1538.41,861.41849999999999,1692.8544000000002,1604.4552708310141,1521.0979790315453,1671.7906246663485,1,29,97,75,63
26,30,34,LinearHeuristicAuction,0.05,0.01,,True,,1000,3600,cats_reg_g30b150,,default,2,False,CATS,150,regions,MultiMinded,1000,MaxIter,103.05000000000291,2008.668,8,1919.5,424.82100000000003,1723.1494,2015.1002911693115,994.82614660463821,1090.4983113906469,1,30,20,80,64
27,30,32,LinearHeuristicAuction,0.05,0.01,,True,,1000,3600,cats_reg_g30b150,,default,2,False,CATS,150,regions,MultiMinded,1000,MaxIter,108.05000000000291,2175.2061,3,1890.21,644.31150000000002,2075.148,2203.7192019848007,1358.3525521195829,1358.78636782995,1,29,46,87,62
28,30,37,LinearHeuristicAuction,0.05,0.01,,True,,1000,3600,cats_reg_g30b150,,default,2,False,CATS,150,regions,MultiMinded,1000,MaxIter,122.51999999998952,2040.43179,10,1615.6,517.23699999999997,2031.7835999999998,1966.2693562790294,1599.6899769190595,1727.3431656964597,1,30,44,95,67
29,30,33,LinearHeuristicAuction,0.05,0.01,,True,,1000,3600,cats_reg_g30b150,,default,2,False,CATS,150,regions,MultiMinded,1000,MaxIter,105.84000000001106,2111.632,3,1854.64,708.57899999999995,1802.048,1996.5927644626981,28.00881807153516,290.81226484093611,1,30,105,78,63
30,30,35,LinearHeuristicAuction,0.05,0.01,,True,,1000,3600,cats_reg_g30b150,,default,2,False,CATS,150,regions,MultiMinded,1000,MaxIter,114.91999999999825,2323.0769999999998,7,1594.17,462.18150000000003,2025.3443000000004,2079.8310739290018,690.89320574974022,922.24967187057439,1,30,30,90,65
31,30,34,LinearHeuristicAuction,0.05,0.01,,True,,1000,3600,cats_reg_g30b150,,default,2,False,CATS,150,regions,MultiMinded,131,Balance,13.919999999998254,2659.4860000000003,6,2167.09,585.07799999999997,2659.4860000000003,2527.1379506926687,2380.8684506926684,2530.956516804587,1,29,18,86,64
32,30,37,LinearHeuristicAuction,0.05,0.01,,True,,1000,3600,cats_reg_g30b150,,default,2,False,CATS,150,regions,MultiMinded,789,Balance,93.94999999999709,1999.8556999999998,8,1545.46,522.50199999999995,1999.8556999999998,1892.7317762638768,1691.3667820014116,1805.2943542594264,1,30,59,95,67
33,30,37,LinearHeuristicAuction,0.05,0.01,,True,,1000,3600,cats_reg_g30b150,,default,2,False,CATS,150,regions,MultiMinded,212,Balance,23.44000000000233,1805.9524000000001,4,1582.17,487.50400000000002,1790.6487000000002,1648.7251935382392,1575.5995935382393,1741.873994204268,1,29,1,91,67
34,30,39,LinearHeuristicAuction,0.05,0.01,,True,,1000,3600,cats_reg_g30b150,,default,2,False,CATS,150,regions,MultiMinded,1000,MaxIter,123.36000000000058,1983.6001999999999,1,1564.76,623.41200000000003,983.286,2049.625452959433,0,4.1925736271022558,1,30,33,92,69
35,30,38,LinearHeuristicAuction,0.05,0.01,,True,,1000,3600,cats_reg_g30b150,,default,2,False,CATS,150,regions,MultiMinded,1000,MaxIter,114.30999999999767,2341.4052,3,1755.59,637.298,1845.1668,2253.1850465876551,15.979062973671258,193.11333439275606,1,29,35,90,68
36,30,33,LinearHeuristicAuction,0.05,0.01,,True,,1000,3600,cats_reg_g30b150,,default,2,False,CATS,150,regions,MultiMinded,1000,MaxIter,118.64999999999418,2136.9992,3,1693.26,587.83249999999998,1831.3418,2136.3894080536465,90.823838743663146,156.7131038528305,1,30,28,90,63
37,30,34,LinearHeuristicAuction,0.05,0.01,,True,,1000,3600,cats_reg_g30b150,,default,2,False,CATS,150,regions,MultiMinded,1000,MaxIter,106.94999999999709,1991.3467,4,1812.59,701.23299999999995,1695.2167000000002,1914.6079023772156,23.312011017020168,184.59962555977239,1,30,116,74,64
38,30,40,LinearHeuristicAuction,0.05,0.01,,True,,1000,3600,cats_reg_g30b150,,default,2,False,CATS,150,regions,MultiMinded,145,Balance,16.40000000000873,2724.0288,6,2153.9,576.38300000000004,2724.0288,2377.4895975500713,2246.6096942714657,2607.040191438834,1,29,41,93,70
39,30,30,LinearHeuristicAuction,0.05,0.01,,True,,1000,3600,cats_reg_g30b150,,default,2,False,CATS,150,regions,MultiMinded,108,Balance,10.830000000001746,1968.0602,1,1918.66,764.726,1918.66,1956.1279131138422,1917.8916131138421,1954.5980760872878,1,30,36,66,60
40,30,33,LinearHeuristicAuction,0.05,0.01,,True,,1000,3600,cats_reg_g30b150,,default,2,False,CATS,150,regions,MultiMinded,58,Balance,6.329999999987194,1942.0583000000001,3,1674.34,688.69799999999998,1942.0583000000001,1902.8161178507053,1799.5114178507054,1839.6472060157412,1,30,3,70,63
41,30,35,LinearHeuristicAuction,0.05,0.01,,True,,1000,3600,cats_reg_g30b150,,default,2,False,CATS,150,regions,MultiMinded,136,Balance,15.470000000001164,1877.7214099999999,7,1423.29,646.35299999999995,1831.2470099999998,1820.2710370952409,1652.1587341904851,1735.2986757950371,1,29,70,82,65
42,30,32,LinearHeuristicAuction,0.05,0.01,,True,,1000,3600,cats_reg_g30b150,,default,2,False,CATS,150,regions,MultiMinded,1000,MaxIter,115.36999999999534,2111.841,6,1703.5,646.17399999999998,1706.995,2099.1085796220868,311.11930874623545,355.03241411607104,1,30,22,83,62
43,30,40,LinearHeuristicAuction,0.05,0.01,,True,,1000,3600,cats_reg_g30b150,,default,2,False,CATS,150,regions,MultiMinded,512,Balance,60.689999999987776,2446.7208,6,1927.69,685.90899999999999,2446.7208,2152.1720357464615,1999.3209392367967,2294.0392071926244,1,30,4,89,70
44,30,35,LinearHeuristicAuction,0.05,0.01,,True,,1000,3600,cats_reg_g30b150,,default,2,False,CATS,150,regions,MultiMinded,751,Balance,88.63999999999942,1711.1515999999997,6,1299.51,651.40899999999999,1607.6064999999999,1533.1724341754991,1363.8060941754995,1496.2453371961772,1,30,113,83,65
45,30,38,LinearHeuristicAuction,0.05,0.01,,True,,1000,3600,cats_reg_g30b150,,default,2,False,CATS,150,regions,MultiMinded,1000,MaxIter,119.54999999998836,2034.5094,3,1828.07,742.07299999999998,1865.0793999999999,2050.8134668426087,0.0,8.0376145324057795,1,30,42,91,68
46,30,31,LinearHeuristicAuction,0.05,0.01,,True,,1000,3600,cats_reg_g30b150,,default,2,False,CATS,150,regions,MultiMinded,44,Balance,4.419999999998254,2564.0325000000003,4,2373.4,807.26099999999997,2564.0325000000003,2470.8280066081534,2341.6662466081534,2436.1840253311238,1,30,6,69,61
47,30,37,LinearHeuristicAuction,0.05,0.01,,True,,1000,3600,cats_reg_g30b150,,default,2,False,CATS,150,regions,MultiMinded,41,Balance,4.220000000001164,2233.1322,7,1669.44,664.97900000000004,2233.1322,1905.4177219346398,1772.8558189321047,2128.8342151054444,1,29,31,73,67
48,30,35,LinearHeuristicAuction,0.05,0.01,,True,,1000,3600,cats_reg_g30b150,,default,2,False,CATS,150,regions,MultiMinded,841,Balance,97.9600000000064,2069.4358,7,1826.01,556.24350000000004,2069.4358,1922.8248066791116,1740.893651170702,1913.114378357169,1,30,47,88,65
49,30,30,LinearHeuristicAuction,0.05,0.01,,True,,1000,3600,cats_reg_g30b150,,default,2,False,CATS,150,regions,MultiMinded,40,Balance,4.319999999992433,1979.7895999999998,6,1594.07,673.82600000000002,1979.7895999999998,1909.0176686613447,1745.3705100157958,1883.4496018375521,1,30,52,67,60
50,30,33,LinearHeuristicAuction,0.05,0.01,,True,,1000,3600,cats_reg_g30b150,,default,2,False,CATS,150,regions,MultiMinded,1000,MaxIter,112.94000000000233,2110.6722999999997,6,1335.35,460.47550000000001,2084.2086,1934.686718981857,1172.2825776246509,1396.9059577356861,1,30,46,88,63
51,30,37,LinearHeuristicAuction,0.05,0.01,,True,,1000,3600,cats_reg_g30b150,,default,2,False,CATS,150,regions,MultiMinded,48,Balance,5.190000000002328,2245.4244000000003,6,1882.26,597.73699999999997,2245.4244000000003,2167.0636912990017,2021.1309035776792,2128.6907727253706,1,28,27,85,67
52,30,32,LinearHeuristicAuction,0.05,0.01,,True,,1000,3600,cats_reg_g30b150,,default,2,False,CATS,150,regions,MultiMinded,956,Balance,100.99000000000524,1756.6213,6,1409.87,556.45500000000004,1756.6213,1629.768997581403,1484.4156044636482,1612.8908064961145,1,29,35,80,62
53,30,34,LinearHeuristicAuction,0.05,0.01,,True,,1000,3600,cats_reg_g30b150,,default,2,False,CATS,150,regions,MultiMinded,251,Balance,28.30000000000291,2325.6629000000003,8,1796.97,570.23000000000002,2306.6109,2097.8332331028732,1890.1884631061525,2149.4404989104655,1,30,27,81,64
54,30,37,LinearHeuristicAuction,0.05,0.01,,True,,1000,3600,cats_reg_g30b150,,default,2,False,CATS,150,regions,MultiMinded,345,Balance,41.39999999999418,2355.424,6,2152.9,670.553,2355.424,2229.476518329006,2106.4174709042945,2233.5398743497144,1,29,11,90,67
55,30,33,LinearHeuristicAuction,0.05,0.01,,True,,1000,3600,cats_reg_g30b150,,default,2,False,CATS,150,regions,MultiMinded,1000,MaxIter,109.18000000000757,2078.1524999999997,8,1352.37,548.28150000000005,1425.5235,2044.6095847598087,567.10434526377355,628.84413240175809,1,30,36,85,63
56,30,39,LinearHeuristicAuction,0.05,0.01,,True,,1000,3600,cats_reg_g30b150,,default,2,False,CATS,150,regions,MultiMinded,420,Balance,48.63999999999942,1893.3772000000004,9,1498.24,591.42200000000003,1893.3772000000004,1681.6054028091626,1450.9508228091622,1670.5147790337612,1,29,46,86,69
57,30,36,LinearHeuristicAuction,0.05,0.01,,True,,1000,3600,cats_reg_g30b150,,default,2,False,CATS,150,regions,MultiMinded,1000,MaxIter,119.86000000000058,1899.5301999999997,2,1604.44,621.16750000000002,1677.8498,1876.5389132937285,42.351074450971367,56.627095029896317,1,30,32,92,66
58,30,36,LinearHeuristicAuction,0.05,0.01,,True,,1000,3600,cats_reg_g30b150,,default,2,False,CATS,150,regions,MultiMinded,1000,MaxIter,121.45000000001164,2429.6093,4,2057.42,832.86300000000006,2224.7813,2246.7132297280114,29.479016183495716,221.46228574123768,1,29,29,83,66
59,30,39,LinearHeuristicAuction,0.05,0.01,,True,,1000,3600,cats_reg_g30b150,,default,2,False,CATS,150,regions,MultiMinded,1000,MaxIter,122.65999999998894,2064.9126,6,1772.9,622.28800000000001,1478.8145,1996.9417116813756,319.64902660840153,435.35435680331295,1,30,30,88,69
60,30,35,LinearHeuristicAuction,0.05,0.01,,True,,1000,3600,cats_reg_g30b150,,default,2,False,CATS,150,regions,MultiMinded,1000,MaxIter,105.04999999998836,1956.0875,6,1842.74,450.80399999999997,1697.8015,1857.4294090665962,936.97140935858954,1047.5289953393358,1,28,32,84,65
61,30,37,LinearHeuristicAuction,0.05,0.01,,True,,1000,3600,cats_reg_g30b150,,default,2,False,CATS,150,regions,MultiMinded,1000,MaxIter,111.60000000000582,1951.6029999999998,5,1560.47,530.9905,1414.2948999999999,1811.4673558541815,102.02934514633067,292.09346533402856,1,30,28,89,67
62,30,34,LinearHeuristicAuction,0.05,0.01,,True,,1000,3600,cats_reg_g30b150,,default,2,False,CATS,150,regions,MultiMinded,372,Balance,41.070000000006985,1978.0167,7,1737.89,582.94900000000007,1977.3040999999998,1797.7565511384055,1634.5308311384058,1845.5507043959501,1,30,40,82,64
63,30,30,LinearHeuristicAuction,0.05,0.01,,True,,1000,3600,cats_reg_g30b150,,default,2,False,CATS,150,regions,MultiMinded,104,Balance,10.44999999999709,2547.4234,5,1821.34,869.476,2547.4234,2333.1175889538754,2170.6897508991055,2428.3882324560605,1,30,60,69,60
64,30,34,LinearHeuristicAuction,0.05,0.01,,True,,1000,3600,cats_reg_g30b150,,default,2,False,CATS,150,regions,MultiMinded,127,Balance,13.5,2427.9729,8,1844.14,792.92899999999997,2427.9729,2174.5402092184008,1897.0914565812989,2168.440775413666,1,30,46,76,64
65,30,36,LinearHeuristicAuction,0.05,0.01,,True,,1000,3600,cats_reg_g30b150,,default,2,False,CATS,150,regions,MultiMinded,1000,MaxIter,118.05999999999767,2209.3287,5,1779.98,732.52250000000004,1623.2435,2070.4966295871654,77.23295812982002,282.56943109679457,1,29,29,84,66
66,30,30,LinearHeuristicAuction,0.05,0.01,,True,,1000,3600,cats_reg_g30b150,,default,2,False,CATS,150,regions,MultiMinded,64,Balance,6.639999999999418,2387.3904,2,2290.03,553.03500000000008,2387.3904,2287.9727788688147,2250.8801308814795,2376.7897847330373,1,29,2,73,60
67,30,41,LinearHeuristicAuction,0.05,0.01,,True,,1000,3600,cats_reg_g30b150,,default,2,False,CATS,150,regions,MultiMinded,1000,MaxIter,118.75999999999476,2130.5865999999996,10,1569.3,447.20299999999997,2071.6138,2033.4563577425838,1634.6846174694465,1815.4963486820907,1,29,26,106,71
68,30,34,LinearHeuristicAuction,0.05,0.01,,True,,1000,3600,cats_reg_g30b150,,default,2,False,CATS,150,regions,MultiMinded,53,Balance,5.630000000004657,1871.0335999999998,7,1491.62,623.48450000000003,1857.0625,1760.0193054490926,1572.1649437090514,1711.1727046839137,1,30,52,80,64
69,30,34,LinearHeuristicAuction,0.05,0.01,,True,,1000,3600,cats_reg_g30b150,,default,2,False,CATS,150,regions,MultiMinded,62,Balance,6.989999999990687,2248.1536,8,1918.69,909.28949999999998,2248.1536,2104.3756086149306,1813.4029686149304,1978.7923017905487,1,29,21,73,64
70,30,32,LinearHeuristicAuction,0.05,0.01,,True,,1000,3600,cats_reg_g30b150,,default,2,False,CATS,150,regions,MultiMinded,231,Balance,24.829999999987194,2074.3614,8,1794.89,671.03600000000006,2062.3628,1910.7363141351336,1669.1633541351339,1823.7187018610298,1,30,27,70,62
71,30,30,LinearHeuristicAuction,0.05,0.01,,True,,1000,3600,cats_reg_g30b150,,default,2,False,CATS,150,regions,MultiMinded,1000,MaxIter,108.63999999999942,2107.4125,2,1919.92,672.68100000000004,1414.6795,2130.8499590912747,0.0,69.114411654923131,1,29,87,73,60
72,30,35,LinearHeuristicAuction,0.05,0.01,,True,,1000,3600,cats_reg_g30b150,,default,2,False,CATS,150,regions,MultiMinded,139,Balance,15.970000000001164,1946.4843000000003,8,1216.53,554.09649999999999,1946.4843000000003,1743.5931393994056,1564.3325263504512,1804.7474855687674,1,30,23,82,65
73,30,35,LinearHeuristicAuction,0.05,0.01,,True,,1000,3600,cats_reg_g30b150,,default,2,False,CATS,150,regions,MultiMinded,1000,MaxIter,105.66999999999825,1852.6272999999999,4,1445.38,663.03899999999999,1680.3342,1667.6879749857969,0.0,292.52218957063803,1,30,87,82,65
74,30,31,LinearHeuristicAuction,0.05,0.01,,True,,1000,3600,cats_reg_g30b150,,default,2,False,CATS,150,regions,MultiMinded,1000,MaxIter,114.69999999999709,2020.0417,4,1744.34,781.83899999999994,1170.6984,1923.123708180575,26.301324294278842,144.66361083657591,1,30,22,74,61
75,30,39,LinearHeuristicAuction,0.05,0.01,,True,,1000,3600,cats_reg_g30b150,,default,2,False,CATS,150,regions,MultiMinded,1000,MaxIter,108.79000000000815,2549.9302,4,1890.83,637.39099999999996,1436.0946,2425.2553657182038,23.681885308293783,249.69083074139803,1,30,72,93,69
76,30,36,LinearHeuristicAuction,0.05,0.01,,True,,1000,3600,cats_reg_g30b150,,default,2,False,CATS,150,regions,MultiMinded,1000,MaxIter,109.22000000000116,1970.4382,2,1633.82,405.01099999999997,1741.397,2035.52901919893,53.215890451191655,99.668302445374309,1,30,57,83,66
77,30,34,LinearHeuristicAuction,0.05,0.01,,True,,1000,3600,cats_reg_g30b150,,default,2,False,CATS,150,regions,MultiMinded,96,Balance,11.330000000001746,1646.3148,2,1576.38,831.28949999999998,1646.3148,1639.5151309501045,1556.3861809501047,1563.1858500000003,1,30,0,72,64
78,30,34,LinearHeuristicAuction,0.05,0.01,,True,,1000,3600,cats_reg_g30b150,,default,2,False,CATS,150,regions,MultiMinded,433,Balance,46.84999999999127,2412.1546,7,1881.66,768.41550000000007,2346.1201,2294.0976352196426,2063.5729852196423,2195.8772218038962,1,29,54,77,64
79,30,29,LinearHeuristicAuction,0.05,0.01,,True,,1000,3600,cats_reg_g30b150,,default,2,False,CATS,150,regions,MultiMinded,134,Balance,14.569999999992433,2267.359,4,2060.3,919.01300000000003,2256.911,2191.6275163552291,2035.3953063552287,2205.8318350532459,1,29,71,69,59
80,30,37,LinearHeuristicAuction,0.05,0.01,,True,,1000,3600,cats_reg_g30b150,,default,2,False,CATS,150,regions,MultiMinded,1000,MaxIter,114.36000000000058,2112.5864,8,1592.54,576.49599999999998,1943.511,1972.6105517112157,1294.3086537949559,1456.0027525593534,1,30,24,84,67
81,30,33,LinearHeuristicAuction,0.05,0.01,,True,,1000,3600,cats_reg_g30b150,,default,2,False,CATS,150,regions,MultiMinded,427,Balance,47.86000000000058,1652.215,4,1316.69,725.81600000000003,1652.215,1650.9528968832437,1505.7896968832438,1515.545449542456,1,30,49,75,63
82,30,35,LinearHeuristicAuction,0.05,0.01,,True,,1000,3600,cats_reg_g30b150,,default,2,False,CATS,150,regions,MultiMinded,1000,MaxIter,109.65999999998894,2109.0315,8,1900.31,619.13249999999994,2041.9078000000002,2192.579322448636,660.56463043589963,719.78540410701567,1,30,47,83,65
83,30,32,LinearHeuristicAuction,0.05,0.01,,True,,1000,3600,cats_reg_g30b150,,default,2,False,CATS,150,regions,MultiMinded,84,Balance,9.440000000002328,2576.43019,7,2027.96,1059.6700000000001,2576.43019,2524.1823659653428,2215.8812870971551,2291.4002475047168,1,30,21,74,62
84,30,34,LinearHeuristicAuction,0.05,0.01,,True,,1000,3600,cats_reg_g30b150,,default,2,False,CATS,150,regions,MultiMinded,1000,MaxIter,106.52999999999884,1983.6759000000002,3,1485.27,650.14099999999996,1622.8608,1813.6582378141784,0.0,238.42795149044699,1,30,36,80,64
85,30,33,LinearHeuristicAuction,0.05,0.01,,True,,1000,3600,cats_reg_g30b150,,default,2,False,CATS,150,regions,MultiMinded,35,Balance,3.6699999999982538,1650.3177,5,1136.81,534.83399999999995,1650.3177,1587.3994616459588,1475.0843216459587,1567.7698873969564,1,30,25,73,63
86,30,37,LinearHeuristicAuction,0.05,0.01,,True,,1000,3600,cats_reg_g30b150,,default,2,False,CATS,150,regions,MultiMinded,42,Balance,4.279999999998836,2073.2363,6,1605.13,504.47649999999999,2069.3503,1908.7272494895406,1781.9960918665627,1962.4528196118356,1,30,26,80,67
87,30,34,LinearHeuristicAuction,0.05,0.01,,True,,1000,3600,cats_reg_g30b150,,default,2,False,CATS,150,regions,MultiMinded,1000,MaxIter,108.42999999999302,2161.5317,8,1611.82,461.19499999999999,1999.7446,2064.5941982080872,974.73387720798985,1155.5254573056566,1,29,42,84,64
88,30,35,LinearHeuristicAuction,0.05,0.01,,True,,1000,3600,cats_reg_g30b150,,default,2,False,CATS,150,regions,MultiMinded,1000,MaxIter,117.76000000000931,1960.6723,8,1579.4,529.16499999999996,1910.9483000000002,1907.5598368907281,1094.4826817822554,1167.9605784167622,1,30,12,85,65
89,30,40,LinearHeuristicAuction,0.05,0.01,,True,,1000,3600,cats_reg_g30b150,,default,2,False,CATS,150,regions,MultiMinded,56,Balance,6.2299999999959255,2103.4608,12,1324.86,455.78500000000003,2103.4608,1687.0212988086369,1482.7000522381122,1912.5369389703153,1,29,11,88,70
90,30,36,LinearHeuristicAuction,0.05,0.01,,True,,1000,3600,cats_reg_g30b150,,default,2,False,CATS,150,regions,MultiMinded,1000,MaxIter,108.24000000000524,2252.2093,4,1749.09,686.99800000000005,2045.0853000000002,2113.2227819337481,423.82490594602518,589.87696006552869,1,29,22,83,66
91,30,37,LinearHeuristicAuction,0.05,0.01,,True,,1000,3600,cats_reg_g30b150,,default,2,False,CATS,150,regions,MultiMinded,1000,MaxIter,102.72999999999593,2533.4677,9,1557.05,605.50300000000004,1911.6908,2098.8084078880447,454.2552023943818,893.68291098634018,1,29,40,85,67
92,30,37,LinearHeuristicAuction,0.05,0.01,,True,,1000,3600,cats_reg_g30b150,,default,2,False,CATS,150,regions,MultiMinded,1000,MaxIter,112.69999999999709,2087.0795,5,1557.29,467.12700000000001,1696.0839,1949.8565557497104,156.71950536185577,314.9426112398404,1,30,87,89,67
93,30,34,LinearHeuristicAuction,0.05,0.01,,True,,1000,3600,cats_reg_g30b150,,default,2,False,CATS,150,regions,MultiMinded,38,Balance,3.6300000000046566,2220.4165999999996,8,1477.09,531.97949999999992,2187.6236,2050.1558850517276,1848.0485537383997,2028.1492714461954,1,30,24,79,64
94,30,33,LinearHeuristicAuction,0.05,0.01,,True,,1000,3600,cats_reg_g30b150,,default,2,False,CATS,150,regions,MultiMinded,1000,MaxIter,110.80000000000291,2089.1439,4,1850.23,583.02999999999997,2035.0619,1987.0593131553039,266.21741380324846,423.78598299446702,1,29,21,85,63
95,30,36,LinearHeuristicAuction,0.05,0.01,,True,,1000,3600,cats_reg_g30b150,,default,2,False,CATS,150,regions,MultiMinded,1000,MaxIter,106.52000000000407,2218.1557,2,1747.55,732.99250000000006,1803.3075999999999,2114.3273143615584,0.0,133.00924774918474,1,30,69,84,66
96,30,33,LinearHeuristicAuction,0.05,0.01,,True,,1000,3600,cats_reg_g30b150,,default,2,False,CATS,150,regions,MultiMinded,1000,MaxIter,113.75,1873.9284000000002,4,1690.89,555.43200000000002,1873.9284000000002,1915.6591382354045,53.107479134939979,114.55562326320353,1,30,60,78,63
97,30,37,LinearHeuristicAuction,0.05,0.01,,True,,1000,3600,cats_reg_g30b150,,default,2,False,CATS,150,regions,MultiMinded,72,Balance,7.75,1853.4531000000002,10,1334.16,635.36699999999996,1849.0271000000002,1739.2296336298691,1483.7397962793464,1608.8327298942168,1,29,37,81,67
98,30,36,LinearHeuristicAuction,0.05,0.01,,True,,1000,3600,cats_reg_g30b150,,default,2,False,CATS,150,regions,MultiMinded,250,Balance,28.369999999995343,2779.0163,8,2131.76,620.35799999999995,2779.0163,2707.2159510988408,2483.8870710988413,2566.3243397407005,1,30,35,83,66
99,30,37,LinearHeuristicAuction,0.05,0.01,,True,,1000,3600,cats_reg_g30b150,,default,2,False,CATS,150,regions,MultiMinded,1000,MaxIter,118.88999999999942,2286.8288000000002,2,1573.72,543.00099999999998,1223.2448,2280.3151640270121,0.0,97.205416359090762,1,29,49,96,67
100,30,32,LinearHeuristicAuction,0.05,0.01,,True,,1000,3600,cats_reg_g30b150,,default,2,False,CATS,150,regions,MultiMinded,1000,MaxIter,111.71999999998661,1906.0085,3,1496.95,591.39400000000001,1479.8069999999998,1793.0269209222381,91.920447007376751,220.67294014893866,1,30,106,81,62
