idx,items,agents,auction_class,epsilon,stepc,epoch,scalebyvalue,reserve_type,maxiter,maxtime,generator_param_name,personalized,bidding_strategy,heuristic_pool_num,int_prices,generator,bids,distribution,type,rounds,status,runtime,efficient_value,final_num_winners,final_max_agent_value,final_scalevalue,final_value,final_total_price,final_revenue,final_indirect_util,final_price_degree,final_price_sparsity,final_imbalance,final_wd_nvars,final_wd_ncons
1,30,36,LinearSubgradientAuction,0.05,0.04,,True,,1000,3600,cats_reg_g30b150,,heuristic,3,False,CATS,150,regions,MultiMinded,1000,MaxIter,1423.5800000000017,2502.8085,8,1712.02,630.28700000000003,1327.0224,2236.3573778290679,851.36117525133534,1182.1572191157895,1,28,16,2124,3162
2,30,38,LinearSubgradientAuction,0.05,0.04,,True,,1000,3600,cats_reg_g30b150,,heuristic,3,False,CATS,150,regions,MultiMinded,1000,MaxIter,1544.37000000001,2067.4249,4,1460.04,478.96600000000001,1500.9349,2292.0664662215413,40.819213279237232,54.535495821625062,1,29,20,2280,3412
3,30,36,LinearSubgradientAuction,0.05,0.04,,True,,1000,3600,cats_reg_g30b150,,heuristic,3,False,CATS,150,regions,MultiMinded,1000,MaxIter,1431.25,2226.2472000000002,6,1961.0,494.50999999999999,1037.5659,2290.2595554305553,295.19388093999953,331.67865182970138,1,28,13,2124,3162
4,30,38,LinearSubgradientAuction,0.05,0.04,,True,,1000,3600,cats_reg_g30b150,,heuristic,3,False,CATS,150,regions,MultiMinded,1000,MaxIter,1587.770000000004,2004.9491999999998,10,1505.7,557.86300000000006,1228.3192,2047.2177151609221,507.6380003377767,625.88440482008627,1,30,15,2318,3488
5,30,35,LinearSubgradientAuction,0.05,0.04,,True,,1000,3600,cats_reg_g30b150,,heuristic,3,False,CATS,150,regions,MultiMinded,1000,MaxIter,1446.840000000011,1864.626,4,1703.97,505.12049999999999,923.324,1935.2862592567262,158.26916786736129,215.49596941715981,1,30,20,2135,3215
6,30,35,LinearSubgradientAuction,0.05,0.04,,True,,1000,3600,cats_reg_g30b150,,heuristic,3,False,CATS,150,regions,MultiMinded,1000,MaxIter,1395.3300000000017,2116.0368,9,1959.83,614.52500000000009,1289.319,2487.2650669497707,1032.8910770353903,1145.5437165381943,1,28,32,2065,3075
7,30,35,LinearSubgradientAuction,0.05,0.04,,True,,1000,3600,cats_reg_g30b150,,heuristic,3,False,CATS,150,regions,MultiMinded,1000,MaxIter,1399.800000000003,2031.9575,8,1330.11,558.39999999999998,1156.9315000000001,2372.1422514745236,327.96867364337885,635.6401832818475,1,28,6,2065,3075
8,30,35,LinearSubgradientAuction,0.05,0.04,,True,,1000,3600,cats_reg_g30b150,,heuristic,3,False,CATS,150,regions,MultiMinded,1000,MaxIter,1436.25,2027.57669,6,1379.5,642.28750000000002,996.0031999999999,2135.3885251486859,265.97195056807243,333.91025765839942,1,30,18,2135,3215
9,30,36,LinearSubgradientAuction,0.05,0.04,,True,,1000,3600,cats_reg_g30b150,,heuristic,3,False,CATS,150,regions,MultiMinded,1000,MaxIter,1413.3699999999953,1859.5272999999997,6,1542.29,443.88650000000001,1638.8009,1932.0527453511163,677.62573868620007,755.17604103383064,1,28,12,2124,3162
10,30,34,LinearSubgradientAuction,0.05,0.04,,True,,1000,3600,cats_reg_g30b150,,heuristic,3,False,CATS,150,regions,MultiMinded,1000,MaxIter,1404.4599999999919,2566.974,5,2112.56,626.02300000000002,1190.546,2724.7995739779844,618.56992228348474,841.13809368360114,1,30,8,2074,3124
11,30,36,LinearSubgradientAuction,0.05,0.04,,True,,1000,3600,cats_reg_g30b150,,heuristic,3,False,CATS,150,regions,MultiMinded,1000,MaxIter,1499.2599999999948,2431.6115,3,2098.81,721.22149999999999,838.13,2638.9301391795443,591.39909517232343,716.36235850511514,1,30,19,2196,3306
12,30,32,LinearSubgradientAuction,0.05,0.04,,True,,1000,3600,cats_reg_g30b150,,heuristic,3,False,CATS,150,regions,MultiMinded,1000,MaxIter,1297.3399999999965,1865.81568,7,1645.15,855.13049999999998,327.80028000000004,2150.0702204425334,31.920562805398532,200.96237263014788,1,30,7,1952,2942
13,30,35,LinearSubgradientAuction,0.05,0.04,,True,,1000,3600,cats_reg_g30b150,,heuristic,3,False,CATS,150,regions,MultiMinded,1000,MaxIter,1441.4199999999983,1773.5022000000001,4,1494.31,678.60900000000004,734.5355,1931.4123710468623,392.75311113959413,460.29388327651623,1,30,19,2135,3215
14,30,32,LinearSubgradientAuction,0.05,0.04,,True,,1000,3600,cats_reg_g30b150,,heuristic,3,False,CATS,150,regions,MultiMinded,1000,MaxIter,1226.4100000000035,1980.1873000000003,6,1559.99,631.08900000000006,846.5467000000001,2128.7892601967224,577.84708655023496,752.20846179853322,1,27,19,1856,2750
15,30,36,LinearSubgradientAuction,0.05,0.04,,True,,1000,3600,cats_reg_g30b150,,heuristic,3,False,CATS,150,regions,MultiMinded,86,Balance,127.0,2512.4141000000004,4,2312.23,781.00699999999995,2490.0381,2441.7304516920808,2285.5290516920809,2363.8220721694402,1,30,2,2196,3306
16,30,34,LinearSubgradientAuction,0.05,0.04,,True,,1000,3600,cats_reg_g30b150,,heuristic,3,False,CATS,150,regions,MultiMinded,1000,MaxIter,1400.7699999999895,1929.452,5,1789.44,584.255,877.4345000000001,2140.4489355255619,352.49767120690467,417.70786078954251,1,29,16,2040,3056
17,30,33,LinearSubgradientAuction,0.05,0.04,,True,,1000,3600,cats_reg_g30b150,,heuristic,3,False,CATS,150,regions,MultiMinded,1000,MaxIter,1381.7599999999948,1934.7395999999999,6,1626.95,730.93200000000002,677.0564999999999,2070.8430936863401,565.99878025475402,576.84334289354615,1,30,13,2013,3033
18,30,34,LinearSubgradientAuction,0.05,0.04,,True,,1000,3600,cats_reg_g30b150,,heuristic,3,False,CATS,150,regions,MultiMinded,1000,MaxIter,1396.429999999993,2504.1384,6,1818.33,781.33600000000001,2324.0893,2619.7396080123585,1909.2097443462035,1956.6905966867632,1,29,8,2040,3056
19,30,36,LinearSubgradientAuction,0.05,0.04,,True,,1000,3600,cats_reg_g30b150,,heuristic,3,False,CATS,150,regions,MultiMinded,1000,MaxIter,1420.1800000000076,2560.7110000000002,10,1508.06,549.71399999999994,2094.148,2391.6474945370483,1051.6258092624751,1423.0241820392962,1,28,15,2124,3162
20,30,37,LinearSubgradientAuction,0.05,0.04,,True,,1000,3600,cats_reg_g30b150,,heuristic,3,False,CATS,150,regions,MultiMinded,1000,MaxIter,1541.449999999997,1801.7813999999998,8,1490.47,395.125,1208.989,2030.0660032071837,223.80068537976024,320.04796582954867,1,30,9,2257,3397
21,30,33,LinearSubgradientAuction,0.05,0.04,,True,,1000,3600,cats_reg_g30b150,,heuristic,3,False,CATS,150,regions,MultiMinded,1000,MaxIter,1369.6699999999983,1553.7635,3,1374.19,778.39550000000008,304.9535,1644.8570214124736,29.213290725005102,119.58749710779779,1,30,22,2013,3033
22,30,38,LinearSubgradientAuction,0.05,0.04,,True,,1000,3600,cats_reg_g30b150,,heuristic,3,False,CATS,150,regions,MultiMinded,1000,MaxIter,1540.5800000000017,2312.252,3,2123.59,638.69949999999994,871.291,2591.0138541134365,544.58605974497323,605.40204241311244,1,29,19,2280,3412
23,30,38,LinearSubgradientAuction,0.05,0.04,,True,,1000,3600,cats_reg_g30b150,,heuristic,3,False,CATS,150,regions,MultiMinded,1000,MaxIter,1539.5299999999988,2354.8725,7,1818.1,597.00800000000004,1030.7514999999999,2279.7505265416612,59.976253059578525,270.62360134967781,1,29,17,2280,3412
24,30,35,LinearSubgradientAuction,0.05,0.04,,True,,1000,3600,cats_reg_g30b150,,heuristic,3,False,CATS,150,regions,MultiMinded,1000,MaxIter,1455.6100000000006,1892.4884,8,1241.36,538.58849999999995,926.9531999999999,2115.6299405780624,622.97683679809256,755.41646776255322,1,30,10,2135,3215
25,30,33,LinearSubgradientAuction,0.05,0.04,,True,,1000,3600,cats_reg_g30b150,,heuristic,3,False,CATS,150,regions,MultiMinded,1000,MaxIter,1370.5699999999924,1741.0822999999998,5,1538.41,861.41849999999999,1258.4882999999998,1994.5323557362785,31.202625027432774,130.94872961271182,1,30,10,2013,3033
26,30,34,LinearSubgradientAuction,0.05,0.04,,True,,1000,3600,cats_reg_g30b150,,heuristic,3,False,CATS,150,regions,MultiMinded,1000,MaxIter,1392.8500000000058,2008.668,9,1919.5,424.82100000000003,972.4474,2217.7822426601306,12.937908337267856,73.880658862322093,1,30,15,2074,3124
27,30,32,LinearSubgradientAuction,0.05,0.04,,True,,1000,3600,cats_reg_g30b150,,heuristic,3,False,CATS,150,regions,MultiMinded,1000,MaxIter,1277.4000000000087,2175.2061,9,1890.21,644.31150000000002,461.8283,2620.823806052751,73.711121232626766,76.403305909032127,1,29,23,1920,2878
28,30,37,LinearSubgradientAuction,0.05,0.04,,True,,1000,3600,cats_reg_g30b150,,heuristic,3,False,CATS,150,regions,MultiMinded,1000,MaxIter,1551.6900000000023,2040.43179,13,1615.6,517.23699999999997,1046.32859,2291.5672057067468,221.62599020197155,356.73637068331209,1,30,24,2257,3397
29,30,33,LinearSubgradientAuction,0.05,0.04,,True,,1000,3600,cats_reg_g30b150,,heuristic,3,False,CATS,150,regions,MultiMinded,1000,MaxIter,1382.25,2111.632,9,1854.64,708.57899999999995,1178.1369999999997,2287.3009226311906,211.21664627283207,406.84259626865429,1,30,13,2013,3033
30,30,35,LinearSubgradientAuction,0.05,0.04,,True,,1000,3600,cats_reg_g30b150,,heuristic,3,False,CATS,150,regions,MultiMinded,1000,MaxIter,1442.6199999999953,2323.0769999999998,6,1594.17,462.18150000000003,1027.1302,2279.3287825825582,60.366677483618261,309.26244657653575,1,30,15,2135,3215
31,30,34,LinearSubgradientAuction,0.05,0.04,,True,,1000,3600,cats_reg_g30b150,,heuristic,3,False,CATS,150,regions,MultiMinded,1000,MaxIter,1377.929999999993,2659.4860000000003,5,2167.09,585.07799999999997,1001.2560000000001,3082.5274940412928,29.434108999240507,360.57433761925427,1,29,12,2040,3056
32,30,37,LinearSubgradientAuction,0.05,0.04,,True,,1000,3600,cats_reg_g30b150,,heuristic,3,False,CATS,150,regions,MultiMinded,1000,MaxIter,1491.1899999999878,1999.8556999999998,8,1545.46,522.50199999999995,962.9232,2005.7088333811616,502.03796892214541,678.38267088935504,1,29,18,2220,3323
33,30,37,LinearSubgradientAuction,0.05,0.04,,True,,1000,3600,cats_reg_g30b150,,heuristic,3,False,CATS,150,regions,MultiMinded,1000,MaxIter,1489.6600000000035,1805.9524000000001,9,1582.17,487.50400000000002,789.6486,1966.5953426950073,247.76247774384001,380.79114162160698,1,29,14,2220,3323
34,30,39,LinearSubgradientAuction,0.05,0.04,,True,,1000,3600,cats_reg_g30b150,,heuristic,3,False,CATS,150,regions,MultiMinded,1000,MaxIter,1621.479999999996,1983.6001999999999,6,1564.76,623.41200000000003,562.5829,2186.1027943438748,264.29170092552221,463.28076285913846,1,30,16,2379,3579
35,30,38,LinearSubgradientAuction,0.05,0.04,,True,,1000,3600,cats_reg_g30b150,,heuristic,3,False,CATS,150,regions,MultiMinded,1000,MaxIter,1553.4300000000076,2341.4052,8,1755.59,637.298,891.3317999999999,2616.2400773657878,195.57730952879427,391.53135197669428,1,29,12,2280,3412
36,30,33,LinearSubgradientAuction,0.05,0.04,,True,,1000,3600,cats_reg_g30b150,,heuristic,3,False,CATS,150,regions,MultiMinded,1000,MaxIter,1365.949999999997,2136.9992,5,1693.26,587.83249999999998,1216.4969999999998,2530.0583573641902,866.8080424814126,1105.8804306535328,1,30,13,2013,3033
37,30,34,LinearSubgradientAuction,0.05,0.04,,True,,1000,3600,cats_reg_g30b150,,heuristic,3,False,CATS,150,regions,MultiMinded,1000,MaxIter,1414.7600000000093,1991.3467,8,1812.59,701.23299999999995,1319.4285,2730.4348015385021,331.21638534557246,472.52748496543637,1,30,15,2074,3124
38,30,40,LinearSubgradientAuction,0.05,0.04,,True,,1000,3600,cats_reg_g30b150,,heuristic,3,False,CATS,150,regions,MultiMinded,1000,MaxIter,1664.6100000000006,2724.0288,9,2153.9,576.38300000000004,2071.8525,2674.2889757934909,1315.514857949014,1431.3004483141312,1,30,10,2440,3670
39,30,30,LinearSubgradientAuction,0.05,0.04,,True,,1000,3600,cats_reg_g30b150,,heuristic,3,False,CATS,150,regions,MultiMinded,1000,MaxIter,1217.2799999999988,1968.0602,5,1918.66,764.726,591.2552000000001,2143.8317848225861,380.85700354014773,685.66450196115977,1,30,15,1830,2760
40,30,33,LinearSubgradientAuction,0.05,0.04,,True,,1000,3600,cats_reg_g30b150,,heuristic,3,False,CATS,150,regions,MultiMinded,1000,MaxIter,1381.0400000000081,1942.0583000000001,3,1674.34,688.69799999999998,1047.0433,1935.572550362383,122.12803298521135,143.5152340605876,1,30,24,2013,3033
41,30,35,LinearSubgradientAuction,0.05,0.04,,True,,1000,3600,cats_reg_g30b150,,heuristic,3,False,CATS,150,regions,MultiMinded,1000,MaxIter,1451.9400000000023,1877.7214099999999,6,1423.29,646.35299999999995,678.40891,1937.1722926145292,0.96424456107142476,95.745496193877116,1,30,10,2135,3215
42,30,32,LinearSubgradientAuction,0.05,0.04,,True,,1000,3600,cats_reg_g30b150,,heuristic,3,False,CATS,150,regions,MultiMinded,1000,MaxIter,1300.800000000003,2111.841,3,1703.5,646.17399999999998,238.642,2387.8398126672978,168.36912778286631,177.46763165181713,1,30,10,1952,2942
43,30,40,LinearSubgradientAuction,0.05,0.04,,True,,1000,3600,cats_reg_g30b150,,heuristic,3,False,CATS,150,regions,MultiMinded,1000,MaxIter,1677.1600000000035,2446.7208,8,1927.69,685.90899999999999,1467.3598,2452.6850559865688,375.57398610803671,658.10593559894346,1,30,15,2440,3670
44,30,35,LinearSubgradientAuction,0.05,0.04,,True,,1000,3600,cats_reg_g30b150,,heuristic,3,False,CATS,150,regions,MultiMinded,1000,MaxIter,1406.6399999999994,1711.1515999999997,4,1299.51,651.40899999999999,821.3128999999999,1751.416561432668,404.12979803461343,629.72411793711785,1,29,14,2100,3145
45,30,38,LinearSubgradientAuction,0.05,0.04,,True,,1000,3600,cats_reg_g30b150,,heuristic,3,False,CATS,150,regions,MultiMinded,1000,MaxIter,1580.1199999999953,2034.5094,8,1828.07,742.07299999999998,1125.1759,2794.5962445197792,900.86876025159495,958.83029432958119,1,30,15,2318,3488
46,30,31,LinearSubgradientAuction,0.05,0.04,,True,,1000,3600,cats_reg_g30b150,,heuristic,3,False,CATS,150,regions,MultiMinded,1000,MaxIter,1263.0600000000122,2564.0325000000003,6,2373.4,807.26099999999997,570.0126,2598.2926229548093,409.95232832228879,513.0619005849527,1,30,18,1891,2851
47,30,37,LinearSubgradientAuction,0.05,0.04,,True,,1000,3600,cats_reg_g30b150,,heuristic,3,False,CATS,150,regions,MultiMinded,1000,MaxIter,1490.37999999999,2233.1322,9,1669.44,664.97900000000004,839.4155999999999,2261.6640108745728,207.80148295654618,427.01334166662497,1,29,11,2220,3323
48,30,35,LinearSubgradientAuction,0.05,0.04,,True,,1000,3600,cats_reg_g30b150,,heuristic,3,False,CATS,150,regions,MultiMinded,1000,MaxIter,1453.8500000000058,2069.4358,7,1826.01,556.24350000000004,726.5398,2232.9904698301116,459.87240171557255,623.05621757825395,1,30,15,2135,3215
49,30,30,LinearSubgradientAuction,0.05,0.04,,True,,1000,3600,cats_reg_g30b150,,heuristic,3,False,CATS,150,regions,MultiMinded,1000,MaxIter,1226.9199999999983,1979.7895999999998,8,1594.07,673.82600000000002,1143.0079999999998,2105.3072275550458,564.65852658952224,593.79630660821442,1,30,33,1830,2760
50,30,33,LinearSubgradientAuction,0.05,0.04,,True,,1000,3600,cats_reg_g30b150,,heuristic,3,False,CATS,150,regions,MultiMinded,1000,MaxIter,1372.8300000000017,2110.6722999999997,7,1335.35,460.47550000000001,1007.9723,2156.8893648833237,160.13522708644319,407.94613005491215,1,30,14,2013,3033
51,30,37,LinearSubgradientAuction,0.05,0.04,,True,,1000,3600,cats_reg_g30b150,,heuristic,3,False,CATS,150,regions,MultiMinded,1000,MaxIter,1462.0899999999965,2245.4244000000003,3,1882.26,597.73699999999997,1037.8584,2248.226466397231,3.9020442636901258,103.72898175473499,1,28,26,2183,3249
52,30,32,LinearSubgradientAuction,0.05,0.04,,True,,1000,3600,cats_reg_g30b150,,heuristic,3,False,CATS,150,regions,MultiMinded,1000,MaxIter,1315.949999999997,1756.6213,7,1409.87,556.45500000000004,557.8697999999999,1789.2813486764908,51.665407537379551,168.33715483486577,1,30,13,1952,2942
53,30,34,LinearSubgradientAuction,0.05,0.04,,True,,1000,3600,cats_reg_g30b150,,heuristic,3,False,CATS,150,regions,MultiMinded,1000,MaxIter,1378.75,2325.6629000000003,9,1796.97,570.23000000000002,1096.4334000000001,2269.3972667373091,266.17868786577992,529.33966004564286,1,29,9,2040,3056
54,30,37,LinearSubgradientAuction,0.05,0.04,,True,,1000,3600,cats_reg_g30b150,,heuristic,3,False,CATS,150,regions,MultiMinded,1000,MaxIter,1545.8600000000006,2355.424,8,2152.9,670.553,979.3530000000001,2549.1372940537453,396.20531049303986,456.38458864479344,1,30,12,2257,3397
55,30,33,LinearSubgradientAuction,0.05,0.04,,True,,1000,3600,cats_reg_g30b150,,heuristic,3,False,CATS,150,regions,MultiMinded,1000,MaxIter,1372.3600000000006,2078.1524999999997,10,1352.37,548.28150000000005,1109.6444999999999,2268.8568753226155,115.37970949737726,138.84870498902211,1,30,14,2013,3033
56,30,39,LinearSubgradientAuction,0.05,0.04,,True,,1000,3600,cats_reg_g30b150,,heuristic,3,False,CATS,150,regions,MultiMinded,1000,MaxIter,1621.8600000000006,1893.3772000000004,9,1498.24,591.42200000000003,587.8812,1907.2243148383127,167.43966457686793,263.97712421435409,1,30,23,2379,3579
57,30,36,LinearSubgradientAuction,0.05,0.04,,True,,1000,3600,cats_reg_g30b150,,heuristic,3,False,CATS,150,regions,MultiMinded,1000,MaxIter,1493.0399999999936,1899.5301999999997,9,1604.44,621.16750000000002,940.3699,2056.585290436939,796.93453536429786,805.71101498552582,1,30,14,2196,3306
58,30,36,LinearSubgradientAuction,0.05,0.04,,True,,1000,3600,cats_reg_g30b150,,heuristic,3,False,CATS,150,regions,MultiMinded,1000,MaxIter,1497.9100000000035,2429.6093,5,2057.42,832.86300000000006,372.4112,2481.0452006893088,162.56748500715287,236.41771396927106,1,30,21,2196,3306
59,30,39,LinearSubgradientAuction,0.05,0.04,,True,,1000,3600,cats_reg_g30b150,,heuristic,3,False,CATS,150,regions,MultiMinded,1000,MaxIter,1642.449999999997,2064.9126,4,1772.9,622.28800000000001,1266.5956,2179.7362703928766,237.74617497707021,375.36836017737693,1,30,23,2379,3579
60,30,35,LinearSubgradientAuction,0.05,0.04,,True,,1000,3600,cats_reg_g30b150,,heuristic,3,False,CATS,150,regions,MultiMinded,1000,MaxIter,1385.3600000000006,1956.0875,4,1842.74,450.80399999999997,645.2245,2115.1752032324393,0.0,89.635898192416875,1,28,18,2065,3075
61,30,37,LinearSubgradientAuction,0.05,0.04,,True,,1000,3600,cats_reg_g30b150,,heuristic,3,False,CATS,150,regions,MultiMinded,1000,MaxIter,1514.0,1951.6029999999998,11,1560.47,530.9905,1368.8418000000001,2044.2719034918828,432.78879280784292,464.09607214885705,1,29,18,2220,3323
62,30,34,LinearSubgradientAuction,0.05,0.04,,True,,1000,3600,cats_reg_g30b150,,heuristic,3,False,CATS,150,regions,MultiMinded,1000,MaxIter,1404.8099999999977,1978.0167,9,1737.89,582.94900000000007,810.91284,1951.3831343001066,6.0023138103925007,374.5156207194446,1,30,12,2074,3124
63,30,30,LinearSubgradientAuction,0.05,0.04,,True,,1000,3600,cats_reg_g30b150,,heuristic,3,False,CATS,150,regions,MultiMinded,1000,MaxIter,1200.179999999993,2547.4234,4,1821.34,869.476,1316.9614000000001,2531.0419393954571,55.256192737103056,265.61515406654541,1,29,16,1800,2700
64,30,34,LinearSubgradientAuction,0.05,0.04,,True,,1000,3600,cats_reg_g30b150,,heuristic,3,False,CATS,150,regions,MultiMinded,1000,MaxIter,1409.9100000000035,2427.9729,10,1844.14,792.92899999999997,775.6575999999999,2608.8982042089588,364.67666900938332,428.47175779541556,1,30,24,2074,3124
65,30,36,LinearSubgradientAuction,0.05,0.04,,True,,1000,3600,cats_reg_g30b150,,heuristic,3,False,CATS,150,regions,MultiMinded,1000,MaxIter,1450.87999999999,2209.3287,10,1779.98,732.52250000000004,2091.2803000000004,2338.6729693450952,520.95598453764683,588.63237140018691,1,29,13,2160,3234
66,30,30,LinearSubgradientAuction,0.05,0.04,,True,,1000,3600,cats_reg_g30b150,,heuristic,3,False,CATS,150,regions,MultiMinded,1000,MaxIter,1227.4300000000076,2387.3904,3,2290.03,553.03500000000008,652.5514000000001,2411.2943875258561,34.65900085159052,81.616306786524021,1,30,23,1830,2760
67,30,41,LinearSubgradientAuction,0.05,0.04,,True,,1000,3600,cats_reg_g30b150,,heuristic,3,False,CATS,150,regions,MultiMinded,1000,MaxIter,1681.770000000004,2130.5865999999996,5,1569.3,447.20299999999997,431.014,2219.3505535957397,95.454292210805207,290.34542549204571,1,29,24,2460,3679
68,30,34,LinearSubgradientAuction,0.05,0.04,,True,,1000,3600,cats_reg_g30b150,,heuristic,3,False,CATS,150,regions,MultiMinded,1000,MaxIter,1404.4600000000064,1871.0335999999998,6,1491.62,623.48450000000003,1062.8757,2023.6011838251413,214.84850936015332,462.2700386383766,1,30,20,2074,3124
69,30,34,LinearSubgradientAuction,0.05,0.04,,True,,1000,3600,cats_reg_g30b150,,heuristic,3,False,CATS,150,regions,MultiMinded,1000,MaxIter,1387.9399999999878,2248.1536,8,1918.69,909.28949999999998,1139.9822000000001,2402.433391083051,54.001223531818873,117.86649315892423,1,29,22,2040,3056
70,30,32,LinearSubgradientAuction,0.05,0.04,,True,,1000,3600,cats_reg_g30b150,,heuristic,3,False,CATS,150,regions,MultiMinded,1000,MaxIter,1310.979999999996,2074.3614,5,1794.89,671.03600000000006,1150.3842,3219.2486864961315,580.80634326571681,919.42076626341259,1,30,12,1952,2942
71,30,30,LinearSubgradientAuction,0.05,0.04,,True,,1000,3600,cats_reg_g30b150,,heuristic,3,False,CATS,150,regions,MultiMinded,1000,MaxIter,1195.6699999999983,2107.4125,7,1919.92,672.68100000000004,956.037,2395.7369765198791,303.61012222324416,342.59344249783635,1,29,22,1800,2700
72,30,35,LinearSubgradientAuction,0.05,0.04,,True,,1000,3600,cats_reg_g30b150,,heuristic,3,False,CATS,150,regions,MultiMinded,1000,MaxIter,1430.7899999999936,1946.4843000000003,12,1216.53,554.09649999999999,1232.6724,2109.2689052258738,232.95430378711242,342.16411999930926,1,30,31,2135,3215
73,30,35,LinearSubgradientAuction,0.05,0.04,,True,,1000,3600,cats_reg_g30b150,,heuristic,3,False,CATS,150,regions,MultiMinded,1000,MaxIter,1449.1300000000047,1852.6272999999999,10,1445.38,663.03899999999999,326.1202,2002.7109856602124,39.782340000000033,242.35291517820809,1,30,21,2135,3215
74,30,31,LinearSubgradientAuction,0.05,0.04,,True,,1000,3600,cats_reg_g30b150,,heuristic,3,False,CATS,150,regions,MultiMinded,1000,MaxIter,1276.1500000000087,2020.0417,6,1744.34,781.83899999999994,569.7991,2259.6956666329579,21.346750909369518,163.28778230424766,1,30,18,1891,2851
75,30,39,LinearSubgradientAuction,0.05,0.04,,True,,1000,3600,cats_reg_g30b150,,heuristic,3,False,CATS,150,regions,MultiMinded,1000,MaxIter,1622.4900000000052,2549.9302,10,1890.83,637.39099999999996,869.2602,2964.6584521631494,38.243459999999999,506.51334968300773,1,30,13,2379,3579
76,30,36,LinearSubgradientAuction,0.05,0.04,,True,,1000,3600,cats_reg_g30b150,,heuristic,3,False,CATS,150,regions,MultiMinded,1000,MaxIter,1497.7200000000012,1970.4382,6,1633.82,405.01099999999997,677.3652,2133.0713818844392,285.20612457282493,318.88475384853558,1,30,18,2196,3306
77,30,34,LinearSubgradientAuction,0.05,0.04,,True,,1000,3600,cats_reg_g30b150,,heuristic,3,False,CATS,150,regions,MultiMinded,1000,MaxIter,1407.1100000000006,1646.3148,7,1576.38,831.28949999999998,349.8475,1705.3156059025205,128.47313890891024,195.33559899332107,1,30,33,2074,3124
78,30,34,LinearSubgradientAuction,0.05,0.04,,True,,1000,3600,cats_reg_g30b150,,heuristic,3,False,CATS,150,regions,MultiMinded,1000,MaxIter,1397.25,2412.1546,9,1881.66,768.41550000000007,1047.9036,2872.3988250893476,247.11480426935501,458.06623633150286,1,30,13,2074,3124
79,30,29,LinearSubgradientAuction,0.05,0.04,,True,,1000,3600,cats_reg_g30b150,,heuristic,3,False,CATS,150,regions,MultiMinded,1000,MaxIter,1183.0899999999965,2267.359,8,2060.3,919.01300000000003,417.1626,2745.9266951136815,137.50611473830273,321.33109570938279,1,30,36,1769,2669
80,30,37,LinearSubgradientAuction,0.05,0.04,,True,,1000,3600,cats_reg_g30b150,,heuristic,3,False,CATS,150,regions,MultiMinded,1000,MaxIter,1542.679999999993,2112.5864,12,1592.54,576.49599999999998,1285.4042,2250.920051755184,231.73825345364409,365.96300827134132,1,30,18,2257,3397
81,30,33,LinearSubgradientAuction,0.05,0.04,,True,,1000,3600,cats_reg_g30b150,,heuristic,3,False,CATS,150,regions,MultiMinded,1000,MaxIter,1386.9599999999919,1652.215,3,1316.69,725.81600000000003,315.968,1939.4523485042246,12.31983641391318,235.87615014785976,1,30,20,2013,3033
82,30,35,LinearSubgradientAuction,0.05,0.04,,True,,1000,3600,cats_reg_g30b150,,heuristic,3,False,CATS,150,regions,MultiMinded,1000,MaxIter,1434.8099999999977,2109.0315,9,1900.31,619.13249999999994,1455.3349,2318.7893864620064,299.01928386310533,434.0699179764427,1,30,20,2135,3215
83,30,32,LinearSubgradientAuction,0.05,0.04,,True,,1000,3600,cats_reg_g30b150,,heuristic,3,False,CATS,150,regions,MultiMinded,1000,MaxIter,1314.929999999993,2576.43019,5,2027.96,1059.6700000000001,1174.6162000000002,2744.0072066236266,852.76093046741789,907.33216184607181,1,30,15,1952,2942
84,30,34,LinearSubgradientAuction,0.05,0.04,,True,,1000,3600,cats_reg_g30b150,,heuristic,3,False,CATS,150,regions,MultiMinded,1000,MaxIter,1384.2100000000064,1983.6759000000002,5,1485.27,650.14099999999996,1151.6828,2054.3008807890214,847.4860748400182,1033.2376188675657,1,29,12,2040,3056
85,30,33,LinearSubgradientAuction,0.05,0.04,,True,,1000,3600,cats_reg_g30b150,,heuristic,3,False,CATS,150,regions,MultiMinded,1000,MaxIter,1334.7999999999884,1650.3177,9,1136.81,534.83399999999995,724.5831000000001,1788.3141013345589,75.973249449084193,110.87943296481905,1,29,37,1980,2967
86,30,37,LinearSubgradientAuction,0.05,0.04,,True,,1000,3600,cats_reg_g30b150,,heuristic,3,False,CATS,150,regions,MultiMinded,1000,MaxIter,1504.3999999999942,2073.2363,4,1605.13,504.47649999999999,822.6953000000001,1903.7785562480453,652.81401889335029,910.15930707636812,1,29,13,2220,3323
87,30,34,LinearSubgradientAuction,0.05,0.04,,True,,1000,3600,cats_reg_g30b150,,heuristic,3,False,CATS,150,regions,MultiMinded,1000,MaxIter,1380.6100000000006,2161.5317,10,1611.82,461.19499999999999,1812.3177,2153.8316344621976,982.73190862398553,1336.6077202319739,1,29,8,2040,3056
88,30,35,LinearSubgradientAuction,0.05,0.04,,True,,1000,3600,cats_reg_g30b150,,heuristic,3,False,CATS,150,regions,MultiMinded,1000,MaxIter,1419.8999999999942,1960.6723,9,1579.4,529.16499999999996,569.1001,2043.9993513146696,77.478906271933539,133.45706558455907,1,29,13,2100,3145
89,30,40,LinearSubgradientAuction,0.05,0.04,,True,,1000,3600,cats_reg_g30b150,,heuristic,3,False,CATS,150,regions,MultiMinded,1000,MaxIter,1623.4600000000064,2103.4608,7,1324.86,455.78500000000003,1078.7514999999999,1909.8620303460727,407.94694058554217,696.31969717352081,1,29,16,2400,3590
90,30,36,LinearSubgradientAuction,0.05,0.04,,True,,1000,3600,cats_reg_g30b150,,heuristic,3,False,CATS,150,regions,MultiMinded,1000,MaxIter,1487.6499999999942,2252.2093,6,1749.09,686.99800000000005,1001.5923,2455.5269755968848,140.92669643906299,284.96084696517619,1,30,15,2196,3306
91,30,37,LinearSubgradientAuction,0.05,0.04,,True,,1000,3600,cats_reg_g30b150,,heuristic,3,False,CATS,150,regions,MultiMinded,1000,MaxIter,1455.7200000000012,2533.4677,11,1557.05,605.50300000000004,2079.041,3166.0684839880614,751.72989770652623,1258.2066503828898,1,28,9,2183,3249
92,30,37,LinearSubgradientAuction,0.05,0.04,,True,,1000,3600,cats_reg_g30b150,,heuristic,3,False,CATS,150,regions,MultiMinded,1000,MaxIter,1551.62000000001,2087.0795,8,1557.29,467.12700000000001,1075.067,2081.1716184641491,340.17266424444449,419.63137985599315,1,30,11,2257,3397
93,30,34,LinearSubgradientAuction,0.05,0.04,,True,,1000,3600,cats_reg_g30b150,,heuristic,3,False,CATS,150,regions,MultiMinded,1000,MaxIter,1370.6499999999942,2220.4165999999996,5,1477.09,531.97949999999992,609.1098,2539.2675692736898,57.723629388768018,244.01479399494858,1,29,20,2040,3056
94,30,33,LinearSubgradientAuction,0.05,0.04,,True,,1000,3600,cats_reg_g30b150,,heuristic,3,False,CATS,150,regions,MultiMinded,1000,MaxIter,1287.1100000000006,2089.1439,5,1850.23,583.02999999999997,1140.9049000000002,2106.9164798358602,0.0,144.79238123556809,1,28,11,1947,2901
95,30,36,LinearSubgradientAuction,0.05,0.04,,True,,1000,3600,cats_reg_g30b150,,heuristic,3,False,CATS,150,regions,MultiMinded,1000,MaxIter,1502.449999999997,2218.1557,7,1747.55,732.99250000000006,893.895,2568.9948830934263,155.88827431242737,187.18682634617824,1,30,18,2196,3306
96,30,33,LinearSubgradientAuction,0.05,0.04,,True,,1000,3600,cats_reg_g30b150,,heuristic,3,False,CATS,150,regions,MultiMinded,1000,MaxIter,1372.6399999999994,1873.9284000000002,7,1690.89,555.43200000000002,702.1745000000001,2158.0704013871209,420.79075384414017,470.11367811141207,1,30,11,2013,3033
97,30,37,LinearSubgradientAuction,0.05,0.04,,True,,1000,3600,cats_reg_g30b150,,heuristic,3,False,CATS,150,regions,MultiMinded,1000,MaxIter,1439.7799999999988,1853.4531000000002,11,1334.16,635.36699999999996,1040.9961,1795.6558752626952,255.60463952702725,429.2137484270562,1,27,40,2146,3175
98,30,36,LinearSubgradientAuction,0.05,0.04,,True,,1000,3600,cats_reg_g30b150,,heuristic,3,False,CATS,150,regions,MultiMinded,1000,MaxIter,1499.3699999999953,2779.0163,8,2131.76,620.35799999999995,1477.0312999999999,2971.9125443510343,204.88691510456778,531.39005331520809,1,30,11,2196,3306
99,30,37,LinearSubgradientAuction,0.05,0.04,,True,,1000,3600,cats_reg_g30b150,,heuristic,3,False,CATS,150,regions,MultiMinded,1000,MaxIter,1532.6300000000047,2286.8288000000002,5,1573.72,543.00099999999998,1223.5248,2458.1691679030705,25.009225857260098,126.4117119364347,1,30,12,2257,3397
100,30,32,LinearSubgradientAuction,0.05,0.04,,True,,1000,3600,cats_reg_g30b150,,heuristic,3,False,CATS,150,regions,MultiMinded,1000,MaxIter,1321.199999999997,1906.0085,4,1496.95,591.39400000000001,1498.0366000000001,1903.427894719551,90.528544413747625,195.88641195546398,1,30,26,1952,2942
