idx,items,agents,auction_class,epsilon,stepc,epoch,scalebyvalue,reserve_type,maxiter,maxtime,generator_param_name,personalized,bidding_strategy,heuristic_pool_num,int_prices,generator,bids,distribution,type,rounds,status,runtime,efficient_value,final_num_winners,final_max_agent_value,final_scalevalue,final_value,final_total_price,final_revenue,final_indirect_util,final_price_degree,final_price_sparsity,final_imbalance,final_wd_nvars,final_wd_ncons
1,30,36,LinearHeuristicAuction,0.05,0.01,,True,,1000,3600,cats_reg_g30b150,,heuristic,2,False,CATS,150,regions,MultiMinded,1000,MaxIter,131.80000000001746,2502.8085,5,1712.02,630.28700000000003,2136.6344000000004,2182.1142792476444,67.186093028894319,454.79611225696988,1,30,48,106,66
2,30,38,LinearHeuristicAuction,0.05,0.01,,True,,1000,3600,cats_reg_g30b150,,heuristic,2,False,CATS,150,regions,MultiMinded,1000,MaxIter,128.25,2067.4249,2,1460.04,478.96600000000001,1438.3562,2099.0296966560823,16.387616655364589,62.333295473832955,1,30,61,105,68
3,30,36,LinearHeuristicAuction,0.05,0.01,,True,,1000,3600,cats_reg_g30b150,,heuristic,2,False,CATS,150,regions,MultiMinded,1000,MaxIter,122.89999999999418,2226.2472000000002,2,1961.0,494.50999999999999,1271.9632000000001,2237.5791121731836,0.0,47.589094765440123,1,30,26,99,66
4,30,38,LinearHeuristicAuction,0.05,0.01,,True,,1000,3600,cats_reg_g30b150,,heuristic,2,False,CATS,150,regions,MultiMinded,107,Balance,11.489999999990687,2004.9491999999998,11,1505.7,557.86300000000006,2004.9491999999998,1829.7818748382397,1556.4290048382397,1775.8676739871512,1,30,13,86,68
5,30,35,LinearHeuristicAuction,0.05,0.01,,True,,1000,3600,cats_reg_g30b150,,heuristic,2,False,CATS,150,regions,MultiMinded,1000,MaxIter,123.63999999998487,1864.626,8,1703.97,505.12049999999999,1697.8092999999997,1829.1504580050384,566.34066977058387,623.42401053552362,1,30,36,95,65
6,30,35,LinearHeuristicAuction,0.05,0.01,,True,,1000,3600,cats_reg_g30b150,,heuristic,2,False,CATS,150,regions,MultiMinded,1000,MaxIter,110.60999999998603,2116.0368,5,1959.83,614.52500000000009,1967.3738,2244.8838766261083,1405.4399656569628,1431.9425703450383,1,29,15,97,65
7,30,35,LinearHeuristicAuction,0.05,0.01,,True,,1000,3600,cats_reg_g30b150,,heuristic,2,False,CATS,150,regions,MultiMinded,885,Balance,108.61999999999534,2031.9575,6,1330.11,558.39999999999998,2031.9575,1942.2848931235253,1802.6848931235252,1947.9830165305718,1,29,27,94,65
8,30,35,LinearHeuristicAuction,0.05,0.01,,True,,1000,3600,cats_reg_g30b150,,heuristic,2,False,CATS,150,regions,MultiMinded,1000,MaxIter,116.11000000001513,2027.57669,10,1379.5,642.28750000000002,1870.43309,1813.4924228706564,1059.9600714465078,1308.7610211161659,1,30,32,85,65
9,30,36,LinearHeuristicAuction,0.05,0.01,,True,,1000,3600,cats_reg_g30b150,,heuristic,2,False,CATS,150,regions,MultiMinded,1000,MaxIter,120.19000000000233,1859.5272999999997,4,1542.29,443.88650000000001,1614.5078999999998,1810.0566548699401,0.0,116.81843463494478,1,28,32,108,66
10,30,34,LinearHeuristicAuction,0.05,0.01,,True,,1000,3600,cats_reg_g30b150,,heuristic,2,False,CATS,150,regions,MultiMinded,1000,MaxIter,122.64999999999418,2566.974,2,2112.56,626.02300000000002,1361.925,2521.7090396520589,0.0,200.30619852659561,1,30,78,95,64
11,30,36,LinearHeuristicAuction,0.05,0.01,,True,,1000,3600,cats_reg_g30b150,,heuristic,2,False,CATS,150,regions,MultiMinded,92,Balance,9.950000000011642,2431.6115,4,2098.81,721.22149999999999,2386.8621,2306.3390476879126,2162.0947476879128,2291.6519979942977,1,30,16,83,66
12,30,32,LinearHeuristicAuction,0.05,0.01,,True,,1000,3600,cats_reg_g30b150,,heuristic,2,False,CATS,150,regions,MultiMinded,1000,MaxIter,116.47999999998137,1865.81568,4,1645.15,855.13049999999998,1426.00968,1821.4925683981612,0.0,140.89788741185802,1,30,83,87,62
13,30,35,LinearHeuristicAuction,0.05,0.01,,True,,1000,3600,cats_reg_g30b150,,heuristic,2,False,CATS,150,regions,MultiMinded,1000,MaxIter,115.87000000002445,1773.5022000000001,4,1494.31,678.60900000000004,1681.9527,1799.3553594213377,85.973857261345898,198.38540918164543,1,30,88,93,65
14,30,32,LinearHeuristicAuction,0.05,0.01,,True,,1000,3600,cats_reg_g30b150,,heuristic,2,False,CATS,150,regions,MultiMinded,1000,MaxIter,111.16000000000349,1980.1873000000003,2,1559.99,631.08900000000006,1632.0347,1894.6091543201703,0.0,201.1535448545294,1,30,37,81,62
15,30,36,LinearHeuristicAuction,0.05,0.01,,True,,1000,3600,cats_reg_g30b150,,heuristic,2,False,CATS,150,regions,MultiMinded,9,Balance,1.0199999999895226,2512.4141000000004,3,2312.23,781.00699999999995,2512.4141000000004,2293.8789926506684,2217.4479859330499,2497.6249982051277,1,30,16,72,66
16,30,34,LinearHeuristicAuction,0.05,0.01,,True,,1000,3600,cats_reg_g30b150,,heuristic,2,False,CATS,150,regions,MultiMinded,1000,MaxIter,123.61999999999534,1929.452,8,1789.44,584.255,1923.775,1984.6632918213609,1121.5946472314672,1197.0125129844787,1,29,26,97,64
17,30,33,LinearHeuristicAuction,0.05,0.01,,True,,1000,3600,cats_reg_g30b150,,heuristic,2,False,CATS,150,regions,MultiMinded,309,Balance,37.70000000001164,1934.7395999999999,7,1626.95,730.93200000000002,1934.7395999999999,1903.4700450390924,1680.7948945684939,1763.553201852224,1,30,46,90,63
18,30,34,LinearHeuristicAuction,0.05,0.01,,True,,1000,3600,cats_reg_g30b150,,heuristic,2,False,CATS,150,regions,MultiMinded,144,Balance,15.470000000001164,2504.1384,4,1818.33,781.33600000000001,2504.1384,2400.1231028229695,2267.2959828229696,2417.5152168788818,1,28,27,84,64
19,30,36,LinearHeuristicAuction,0.05,0.01,,True,,1000,3600,cats_reg_g30b150,,heuristic,2,False,CATS,150,regions,MultiMinded,169,Balance,18.029999999998836,2560.7110000000002,11,1508.06,549.71399999999994,2560.7110000000002,2094.7770637323065,1856.1230537900433,2399.0865590142153,1,29,23,92,66
20,30,37,LinearHeuristicAuction,0.05,0.01,,True,,1000,3600,cats_reg_g30b150,,heuristic,2,False,CATS,150,regions,MultiMinded,1000,MaxIter,119.71000000002095,1801.7813999999998,3,1490.47,395.125,1574.1443000000002,1835.7791306654506,62.143201872939166,124.17164509854743,1,30,38,116,67
21,30,33,LinearHeuristicAuction,0.05,0.01,,True,,1000,3600,cats_reg_g30b150,,heuristic,2,False,CATS,150,regions,MultiMinded,91,Balance,10.110000000015134,1553.7635,5,1374.19,778.39550000000008,1545.38,1507.4131338274003,1320.5982138274001,1472.4099512850066,1,30,47,72,63
22,30,38,LinearHeuristicAuction,0.05,0.01,,True,,1000,3600,cats_reg_g30b150,,heuristic,2,False,CATS,150,regions,MultiMinded,1000,MaxIter,119.48999999999069,2312.252,1,2123.59,638.69949999999994,1624.38,2448.8554222137273,0,11.950636879908387,1,29,32,99,68
23,30,38,LinearHeuristicAuction,0.05,0.01,,True,,1000,3600,cats_reg_g30b150,,heuristic,2,False,CATS,150,regions,MultiMinded,1000,MaxIter,116.69999999998254,2354.8725,10,1818.1,597.00800000000004,2107.9694,2182.0185507113702,396.22343208243416,617.06617404874112,1,30,29,95,68
24,30,35,LinearHeuristicAuction,0.05,0.01,,True,,1000,3600,cats_reg_g30b150,,heuristic,2,False,CATS,150,regions,MultiMinded,1000,MaxIter,113.05999999999767,1892.4884,9,1241.36,538.58849999999995,1782.9651,1814.1329751503906,1158.6373712603156,1391.1270957387947,1,30,27,92,65
25,30,33,LinearHeuristicAuction,0.05,0.01,,True,,1000,3600,cats_reg_g30b150,,heuristic,2,False,CATS,150,regions,MultiMinded,1000,MaxIter,120.57000000000698,1741.0822999999998,7,1538.41,861.41849999999999,1691.1082999999999,1759.3921769864501,217.54797413668422,305.95082838394757,1,30,87,88,63
26,30,34,LinearHeuristicAuction,0.05,0.01,,True,,1000,3600,cats_reg_g30b150,,heuristic,2,False,CATS,150,regions,MultiMinded,1000,MaxIter,117.0799999999872,2008.668,8,1919.5,424.82100000000003,1723.1494,2049.487276710789,991.4344986307359,1104.0741553024609,1,30,23,101,64
27,30,32,LinearHeuristicAuction,0.05,0.01,,True,,1000,3600,cats_reg_g30b150,,heuristic,2,False,CATS,150,regions,MultiMinded,1000,MaxIter,115.4200000000128,2175.2061,3,1890.21,644.31150000000002,2075.148,2240.0830447715621,1353.2314888186072,1354.2384787971653,1,29,47,95,62
28,30,37,LinearHeuristicAuction,0.05,0.01,,True,,1000,3600,cats_reg_g30b150,,heuristic,2,False,CATS,150,regions,MultiMinded,1000,MaxIter,128.39999999999418,2040.43179,8,1615.6,517.23699999999997,1685.25849,1975.0003205808343,91.988799168049994,225.12623825806173,1,29,75,105,67
29,30,33,LinearHeuristicAuction,0.05,0.01,,True,,1000,3600,cats_reg_g30b150,,heuristic,2,False,CATS,150,regions,MultiMinded,1000,MaxIter,112.20999999999185,2111.632,4,1854.64,708.57899999999995,1663.682,1993.9636051172172,16.480551499932368,293.33671969036448,1,30,30,88,63
30,30,35,LinearHeuristicAuction,0.05,0.01,,True,,1000,3600,cats_reg_g30b150,,heuristic,2,False,CATS,150,regions,MultiMinded,1000,MaxIter,117.51000000000931,2323.0769999999998,2,1594.17,462.18150000000003,1524.7060000000001,2100.3045573421787,0.0,327.81415385252092,1,29,51,102,65
31,30,34,LinearHeuristicAuction,0.05,0.01,,True,,1000,3600,cats_reg_g30b150,,heuristic,2,False,CATS,150,regions,MultiMinded,1000,MaxIter,122.93000000002212,2659.4860000000003,2,2167.09,585.07799999999997,2248.247,2540.6384355897626,0.0,141.47493324012584,1,30,35,107,64
32,30,37,LinearHeuristicAuction,0.05,0.01,,True,,1000,3600,cats_reg_g30b150,,heuristic,2,False,CATS,150,regions,MultiMinded,1000,MaxIter,125.58999999999651,1999.8556999999998,7,1545.46,522.50199999999995,1874.6172,1931.9358537431224,984.92415921532961,1136.9791092285416,1,30,16,105,67
33,30,37,LinearHeuristicAuction,0.05,0.01,,True,,1000,3600,cats_reg_g30b150,,heuristic,2,False,CATS,150,regions,MultiMinded,1000,MaxIter,115.73999999999069,1805.9524000000001,10,1582.17,487.50400000000002,1610.0237000000002,1686.1732208890485,777.3698071342219,946.81184602490316,1,29,57,107,67
34,30,39,LinearHeuristicAuction,0.05,0.01,,True,,1000,3600,cats_reg_g30b150,,heuristic,2,False,CATS,150,regions,MultiMinded,1000,MaxIter,119.04999999998836,1983.6001999999999,10,1564.76,623.41200000000003,1870.9297000000001,2070.3783489869384,1012.257040147463,1045.0435042473098,1,29,32,101,69
35,30,38,LinearHeuristicAuction,0.05,0.01,,True,,1000,3600,cats_reg_g30b150,,heuristic,2,False,CATS,150,regions,MultiMinded,1000,MaxIter,119.76000000000931,2341.4052,3,1755.59,637.298,1842.6719,2296.8346421434389,0.0,259.69174671898196,1,28,51,98,68
36,30,33,LinearHeuristicAuction,0.05,0.01,,True,,1000,3600,cats_reg_g30b150,,heuristic,2,False,CATS,150,regions,MultiMinded,1000,MaxIter,123.25,2136.9992,7,1693.26,587.83249999999998,2004.8247999999999,2216.9802891932927,201.359357205192,243.81500663241573,1,30,74,100,63
37,30,34,LinearHeuristicAuction,0.05,0.01,,True,,1000,3600,cats_reg_g30b150,,heuristic,2,False,CATS,150,regions,MultiMinded,1000,MaxIter,116.17999999999302,1991.3467,4,1812.59,701.23299999999995,1695.2167000000002,2017.0818870864109,31.901069826131899,205.31562793732968,1,30,56,86,64
38,30,40,LinearHeuristicAuction,0.05,0.01,,True,,1000,3600,cats_reg_g30b150,,heuristic,2,False,CATS,150,regions,MultiMinded,654,Balance,79.54000000000815,2724.0288,6,2153.9,576.38300000000004,2724.0288,2406.0333287782655,2265.3139522210536,2587.1096844596382,1,30,25,103,70
39,30,30,LinearHeuristicAuction,0.05,0.01,,True,,1000,3600,cats_reg_g30b150,,heuristic,2,False,CATS,150,regions,MultiMinded,250,Balance,27.10999999998603,1968.0602,4,1918.66,764.726,1968.0602,1953.4791611732694,1800.5339611732693,1906.9175521488457,1,30,59,77,60
40,30,33,LinearHeuristicAuction,0.05,0.01,,True,,1000,3600,cats_reg_g30b150,,heuristic,2,False,CATS,150,regions,MultiMinded,68,Balance,7.4100000000034925,1942.0583000000001,3,1674.34,688.69799999999998,1942.0583000000001,1889.0331719428596,1801.478707618533,1856.0610677972793,1,30,25,82,63
41,30,35,LinearHeuristicAuction,0.05,0.01,,True,,1000,3600,cats_reg_g30b150,,heuristic,2,False,CATS,150,regions,MultiMinded,1000,MaxIter,116.44999999998254,1877.7214099999999,6,1423.29,646.35299999999995,1795.6165,1866.7478104883289,852.93939823120559,885.81683980164428,1,30,49,93,65
42,30,32,LinearHeuristicAuction,0.05,0.01,,True,,1000,3600,cats_reg_g30b150,,heuristic,2,False,CATS,150,regions,MultiMinded,1000,MaxIter,122.05999999999767,2111.841,2,1703.5,646.17399999999998,1548.662,2204.9774983941311,0.0,34.983252797058412,1,30,31,93,62
43,30,40,LinearHeuristicAuction,0.05,0.01,,True,,1000,3600,cats_reg_g30b150,,heuristic,2,False,CATS,150,regions,MultiMinded,506,Balance,60.63000000000466,2446.7208,6,1927.69,685.90899999999999,2446.7208,2187.1445447607343,2014.435206027716,2308.3078273518881,1,30,4,94,70
44,30,35,LinearHeuristicAuction,0.05,0.01,,True,,1000,3600,cats_reg_g30b150,,heuristic,2,False,CATS,150,regions,MultiMinded,1000,MaxIter,128.02000000001863,1711.1515999999997,8,1299.51,651.40899999999999,1711.1515999999997,1561.0569386929783,1112.0491509695194,1315.9283237737998,1,30,19,99,65
45,30,38,LinearHeuristicAuction,0.05,0.01,,True,,1000,3600,cats_reg_g30b150,,heuristic,2,False,CATS,150,regions,MultiMinded,1000,MaxIter,125.89999999999418,2034.5094,3,1828.07,742.07299999999998,1817.5174,2138.5478450814971,0.0,2.4964150594223415,1,30,35,106,68
46,30,31,LinearHeuristicAuction,0.05,0.01,,True,,1000,3600,cats_reg_g30b150,,heuristic,2,False,CATS,150,regions,MultiMinded,54,Balance,5.570000000006985,2564.0325000000003,4,2373.4,807.26099999999997,2564.0325000000003,2479.3849643964631,2351.4909580569911,2441.6943531736488,1,30,12,72,61
47,30,37,LinearHeuristicAuction,0.05,0.01,,True,,1000,3600,cats_reg_g30b150,,heuristic,2,False,CATS,150,regions,MultiMinded,198,Balance,22.25999999998021,2233.1322,7,1669.44,664.97900000000004,2233.1322,1989.5246439631217,1823.2798939631218,2110.707054218688,1,30,75,92,67
48,30,35,LinearHeuristicAuction,0.05,0.01,,True,,1000,3600,cats_reg_g30b150,,heuristic,2,False,CATS,150,regions,MultiMinded,1000,MaxIter,132.34999999997672,2069.4358,3,1826.01,556.24350000000004,1514.5619,1997.2694374942007,38.114495878827853,177.24855835410315,1,30,72,103,65
49,30,30,LinearHeuristicAuction,0.05,0.01,,True,,1000,3600,cats_reg_g30b150,,heuristic,2,False,CATS,150,regions,MultiMinded,182,Balance,20.489999999990687,1979.7895999999998,7,1594.07,673.82600000000002,1953.9935999999998,1924.0426901340625,1704.8409517796115,1794.3318159744924,1,30,21,79,60
50,30,33,LinearHeuristicAuction,0.05,0.01,,True,,1000,3600,cats_reg_g30b150,,heuristic,2,False,CATS,150,regions,MultiMinded,1000,MaxIter,119.82000000000698,2110.6722999999997,2,1335.35,460.47550000000001,1176.6993,1979.3346827255698,0.0,210.58075792041075,1,30,63,97,63
51,30,37,LinearHeuristicAuction,0.05,0.01,,True,,1000,3600,cats_reg_g30b150,,heuristic,2,False,CATS,150,regions,MultiMinded,1000,MaxIter,121.4200000000128,2245.4244000000003,4,1882.26,597.73699999999997,1696.582746,2217.5210993772394,0.0,95.337659914610796,1,29,43,101,67
52,30,32,LinearHeuristicAuction,0.05,0.01,,True,,1000,3600,cats_reg_g30b150,,heuristic,2,False,CATS,150,regions,MultiMinded,1000,MaxIter,120.64000000001397,1756.6213,7,1409.87,556.45500000000004,1453.5328000000002,1672.6256361484825,132.03394511466882,249.67297403308464,1,30,75,97,62
53,30,34,LinearHeuristicAuction,0.05,0.01,,True,,1000,3600,cats_reg_g30b150,,heuristic,2,False,CATS,150,regions,MultiMinded,1000,MaxIter,128.77999999999884,2325.6629000000003,8,1796.97,570.23000000000002,2279.8698999999997,2079.670533454082,1228.8360694787964,1573.750639428423,1,30,27,103,64
54,30,37,LinearHeuristicAuction,0.05,0.01,,True,,1000,3600,cats_reg_g30b150,,heuristic,2,False,CATS,150,regions,MultiMinded,1000,MaxIter,123.45999999999185,2355.424,8,2152.9,670.553,2181.7997,2289.1915176945449,1731.5679779246348,1811.1389507796418,1,30,43,100,67
55,30,33,LinearHeuristicAuction,0.05,0.01,,True,,1000,3600,cats_reg_g30b150,,heuristic,2,False,CATS,150,regions,MultiMinded,1000,MaxIter,114.5799999999872,2078.1524999999997,8,1352.37,548.28150000000005,1425.5235,2063.3495508151873,520.70937827061437,634.14787904925856,1,30,45,95,63
56,30,39,LinearHeuristicAuction,0.05,0.01,,True,,1000,3600,cats_reg_g30b150,,heuristic,2,False,CATS,150,regions,MultiMinded,1000,MaxIter,123.67999999999302,1893.3772000000004,9,1498.24,591.42200000000003,1819.2022000000002,1769.5446593818588,1002.1641196891627,1203.6360182594019,1,29,19,96,69
57,30,36,LinearHeuristicAuction,0.05,0.01,,True,,1000,3600,cats_reg_g30b150,,heuristic,2,False,CATS,150,regions,MultiMinded,1000,MaxIter,128.6699999999837,1899.5301999999997,5,1604.44,621.16750000000002,1810.1658999999997,1925.9168773650263,288.05180064063251,339.73848853505297,1,30,49,114,66
58,30,36,LinearHeuristicAuction,0.05,0.01,,True,,1000,3600,cats_reg_g30b150,,heuristic,2,False,CATS,150,regions,MultiMinded,1000,MaxIter,120.29000000000815,2429.6093,7,2057.42,832.86300000000006,2136.3993,2344.8565761374648,526.44027247012593,721.23194045494597,1,30,14,87,66
59,30,39,LinearHeuristicAuction,0.05,0.01,,True,,1000,3600,cats_reg_g30b150,,heuristic,2,False,CATS,150,regions,MultiMinded,1000,MaxIter,132.93000000002212,2064.9126,5,1772.9,622.28800000000001,2023.1066,2044.3486532446213,1060.6904775959704,1185.0774910240837,1,30,57,101,69
60,30,35,LinearHeuristicAuction,0.05,0.01,,True,,1000,3600,cats_reg_g30b150,,heuristic,2,False,CATS,150,regions,MultiMinded,1000,MaxIter,122.86999999999534,1956.0875,9,1842.74,450.80399999999997,1878.429,1989.2085206511106,1126.717938768425,1211.2805393204994,1,29,28,103,65
61,30,37,LinearHeuristicAuction,0.05,0.01,,True,,1000,3600,cats_reg_g30b150,,heuristic,2,False,CATS,150,regions,MultiMinded,1000,MaxIter,118.95000000001164,1951.6029999999998,6,1560.47,530.9905,1694.5543999999998,1934.848448672142,155.42760715882156,297.16795444777142,1,30,40,98,67
62,30,34,LinearHeuristicAuction,0.05,0.01,,True,,1000,3600,cats_reg_g30b150,,heuristic,2,False,CATS,150,regions,MultiMinded,1000,MaxIter,117.34999999997672,1978.0167,4,1737.89,582.94900000000007,1941.8931400000001,1847.7131280275898,27.222734817618246,311.0748930538777,1,30,54,89,64
63,30,30,LinearHeuristicAuction,0.05,0.01,,True,,1000,3600,cats_reg_g30b150,,heuristic,2,False,CATS,150,regions,MultiMinded,84,Balance,8.320000000006985,2547.4234,5,1821.34,869.476,2547.4234,2376.1877476437357,2198.106244651673,2449.979430338818,1,30,46,65,60
64,30,34,LinearHeuristicAuction,0.05,0.01,,True,,1000,3600,cats_reg_g30b150,,heuristic,2,False,CATS,150,regions,MultiMinded,1000,MaxIter,115.58999999999651,2427.9729,5,1844.14,792.92899999999997,2046.8976,2349.3494799111063,59.400377140603098,230.83614378852465,1,30,38,89,64
65,30,36,LinearHeuristicAuction,0.05,0.01,,True,,1000,3600,cats_reg_g30b150,,heuristic,2,False,CATS,150,regions,MultiMinded,1000,MaxIter,115.91000000000349,2209.3287,7,1779.98,732.52250000000004,1914.4337,2091.396199756573,1166.9882605105181,1347.653285630842,1,30,30,93,66
66,30,30,LinearHeuristicAuction,0.05,0.01,,True,,1000,3600,cats_reg_g30b150,,heuristic,2,False,CATS,150,regions,MultiMinded,208,Balance,23.720000000001164,2387.3904,2,2290.03,553.03500000000008,2387.3904,2301.0249603548555,2258.3151740304493,2371.8755938509812,1,30,4,81,60
67,30,41,LinearHeuristicAuction,0.05,0.01,,True,,1000,3600,cats_reg_g30b150,,heuristic,2,False,CATS,150,regions,MultiMinded,1000,MaxIter,120.97000000000116,2130.5865999999996,10,1569.3,447.20299999999997,2050.4858,2122.4528689034819,787.2244461020681,971.18220817351403,1,29,25,115,71
68,30,34,LinearHeuristicAuction,0.05,0.01,,True,,1000,3600,cats_reg_g30b150,,heuristic,2,False,CATS,150,regions,MultiMinded,797,Balance,97.86000000001513,1871.0335999999998,8,1491.62,623.48450000000003,1871.0335999999998,1801.9131488568839,1585.9857969955269,1710.8543798226094,1,30,52,100,64
69,30,34,LinearHeuristicAuction,0.05,0.01,,True,,1000,3600,cats_reg_g30b150,,heuristic,2,False,CATS,150,regions,MultiMinded,118,Balance,13.989999999990687,2248.1536,8,1918.69,909.28949999999998,2248.1536,2112.1203075279395,1821.1476675279398,1987.9537303606983,1,28,25,82,64
70,30,32,LinearHeuristicAuction,0.05,0.01,,True,,1000,3600,cats_reg_g30b150,,heuristic,2,False,CATS,150,regions,MultiMinded,1000,MaxIter,118.66000000000349,2074.3614,2,1794.89,671.03600000000006,1771.1642,1954.9555926024441,0.0,197.59083064030796,1,30,43,83,62
71,30,30,LinearHeuristicAuction,0.05,0.01,,True,,1000,3600,cats_reg_g30b150,,heuristic,2,False,CATS,150,regions,MultiMinded,1000,MaxIter,112.60999999998603,2107.4125,8,1919.92,672.68100000000004,1813.1131999999998,2235.1721730761474,702.82175941006903,821.25932700275507,1,29,30,83,60
72,30,35,LinearHeuristicAuction,0.05,0.01,,True,,1000,3600,cats_reg_g30b150,,heuristic,2,False,CATS,150,regions,MultiMinded,1000,MaxIter,117.19999999998254,1946.4843000000003,9,1216.53,554.09649999999999,1723.1926999999998,1832.4789871186319,0.058527910372262681,240.21024538214306,1,28,28,98,65
73,30,35,LinearHeuristicAuction,0.05,0.01,,True,,1000,3600,cats_reg_g30b150,,heuristic,2,False,CATS,150,regions,MultiMinded,1000,MaxIter,110.54999999998836,1852.6272999999999,4,1445.38,663.03899999999999,1495.3512,1719.6231866224496,25.160101495886046,336.08197056896068,1,30,31,95,65
74,30,31,LinearHeuristicAuction,0.05,0.01,,True,,1000,3600,cats_reg_g30b150,,heuristic,2,False,CATS,150,regions,MultiMinded,1000,MaxIter,117.87000000002445,2020.0417,5,1744.34,781.83899999999994,1958.9530999999997,2103.4965436272514,1290.9683704772078,1393.9602928508443,1,30,51,79,61
75,30,39,LinearHeuristicAuction,0.05,0.01,,True,,1000,3600,cats_reg_g30b150,,heuristic,2,False,CATS,150,regions,MultiMinded,1000,MaxIter,124.80999999999767,2549.9302,5,1890.83,637.39099999999996,1911.5385999999999,2443.403629946069,21.653734683032891,384.38829177916512,1,30,42,108,69
76,30,36,LinearHeuristicAuction,0.05,0.01,,True,,1000,3600,cats_reg_g30b150,,heuristic,2,False,CATS,150,regions,MultiMinded,1000,MaxIter,121.54000000000815,1970.4382,4,1633.82,405.01099999999997,1521.5102,2082.2722620392055,114.27275042463327,152.63163210296645,1,30,27,98,66
77,30,34,LinearHeuristicAuction,0.05,0.01,,True,,1000,3600,cats_reg_g30b150,,heuristic,2,False,CATS,150,regions,MultiMinded,64,Balance,7.559999999997672,1646.3148,2,1576.38,831.28949999999998,1641.8248,1668.2919064789721,1585.1629564789721,1614.8643569799494,1,29,23,78,64
78,30,34,LinearHeuristicAuction,0.05,0.01,,True,,1000,3600,cats_reg_g30b150,,heuristic,2,False,CATS,150,regions,MultiMinded,1000,MaxIter,115.86999999999534,2412.1546,3,1881.66,768.41550000000007,1733.9550000000002,2390.9361959969647,69.013949457106264,273.0509799432017,1,30,73,87,64
79,30,29,LinearHeuristicAuction,0.05,0.01,,True,,1000,3600,cats_reg_g30b150,,heuristic,2,False,CATS,150,regions,MultiMinded,1000,MaxIter,120.01999999998952,2267.359,2,2060.3,919.01300000000003,2187.9370000000004,2198.3370563811759,2013.3806345797636,2185.1178990522667,1,30,29,79,59
80,30,37,LinearHeuristicAuction,0.05,0.01,,True,,1000,3600,cats_reg_g30b150,,heuristic,2,False,CATS,150,regions,MultiMinded,1000,MaxIter,123.07000000000698,2112.5864,7,1592.54,576.49599999999998,2092.6598999999997,2029.9982099113818,213.55928844106191,371.06369092198702,1,29,25,96,67
81,30,33,LinearHeuristicAuction,0.05,0.01,,True,,1000,3600,cats_reg_g30b150,,heuristic,2,False,CATS,150,regions,MultiMinded,1000,MaxIter,111.70000000001164,1652.215,4,1316.69,725.81600000000003,1249.061,1716.6055699720409,110.75758406334937,110.75779996477833,1,30,66,84,63
82,30,35,LinearHeuristicAuction,0.05,0.01,,True,,1000,3600,cats_reg_g30b150,,heuristic,2,False,CATS,150,regions,MultiMinded,1000,MaxIter,121.89000000001397,2109.0315,8,1900.31,619.13249999999994,2041.9078000000002,2229.0407016547483,673.58500659954473,748.43628185014541,1,30,49,102,65
83,30,32,LinearHeuristicAuction,0.05,0.01,,True,,1000,3600,cats_reg_g30b150,,heuristic,2,False,CATS,150,regions,MultiMinded,1000,MaxIter,120.57000000000698,2576.43019,2,2027.96,1059.6700000000001,1480.7286000000001,2545.5674276981099,0.0,101.96020073698496,1,29,37,83,62
84,30,34,LinearHeuristicAuction,0.05,0.01,,True,,1000,3600,cats_reg_g30b150,,heuristic,2,False,CATS,150,regions,MultiMinded,1000,MaxIter,117.85999999998603,1983.6759000000002,4,1485.27,650.14099999999996,1688.4048,1918.6549568673529,62.076647328426631,251.05727760847083,1,30,66,97,64
85,30,33,LinearHeuristicAuction,0.05,0.01,,True,,1000,3600,cats_reg_g30b150,,heuristic,2,False,CATS,150,regions,MultiMinded,47,Balance,5.420000000012806,1650.3177,5,1136.81,534.83399999999995,1650.3177,1606.7194660494984,1491.7651262393765,1572.9195604660365,1,30,16,84,63
86,30,37,LinearHeuristicAuction,0.05,0.01,,True,,1000,3600,cats_reg_g30b150,,heuristic,2,False,CATS,150,regions,MultiMinded,417,Balance,45.24000000001979,2073.2363,6,1605.13,504.47649999999999,2069.3503,1838.4791939855677,1703.1360838215974,1959.1167534199594,1,30,4,84,67
87,30,34,LinearHeuristicAuction,0.05,0.01,,True,,1000,3600,cats_reg_g30b150,,heuristic,2,False,CATS,150,regions,MultiMinded,1000,MaxIter,119.17999999999302,2161.5317,10,1611.82,461.19499999999999,1883.8647000000003,2091.7184730670401,1117.2480280119917,1317.0898075769817,1,29,44,94,64
88,30,35,LinearHeuristicAuction,0.05,0.01,,True,,1000,3600,cats_reg_g30b150,,heuristic,2,False,CATS,150,regions,MultiMinded,1000,MaxIter,122.72999999998137,1960.6723,9,1579.4,529.16499999999996,1950.6343,1981.8733956083493,1420.9430787723747,1473.1667647346389,1,30,27,96,65
89,30,40,LinearHeuristicAuction,0.05,0.01,,True,,1000,3600,cats_reg_g30b150,,heuristic,2,False,CATS,150,regions,MultiMinded,119,Balance,14.5,2103.4608,12,1324.86,455.78500000000003,2103.4608,1746.7290500392519,1545.6306901113585,1924.8924252593579,1,28,25,103,70
90,30,36,LinearHeuristicAuction,0.05,0.01,,True,,1000,3600,cats_reg_g30b150,,heuristic,2,False,CATS,150,regions,MultiMinded,1000,MaxIter,111.70000000001164,2252.2093,4,1749.09,686.99800000000005,2045.0853000000002,2163.9468337180028,423.76488591301211,567.15378006505352,1,30,31,91,66
91,30,37,LinearHeuristicAuction,0.05,0.01,,True,,1000,3600,cats_reg_g30b150,,heuristic,2,False,CATS,150,regions,MultiMinded,1000,MaxIter,114.42999999999302,2533.4677,9,1557.05,605.50300000000004,2533.4677,2205.7190368336796,1564.0633514929227,2021.2019226978491,1,28,20,96,67
92,30,37,LinearHeuristicAuction,0.05,0.01,,True,,1000,3600,cats_reg_g30b150,,heuristic,2,False,CATS,150,regions,MultiMinded,1000,MaxIter,123.43999999997322,2087.0795,2,1557.29,467.12700000000001,1440.9006,2003.0978990699941,0.0,131.21305540751504,1,30,50,107,67
93,30,34,LinearHeuristicAuction,0.05,0.01,,True,,1000,3600,cats_reg_g30b150,,heuristic,2,False,CATS,150,regions,MultiMinded,1000,MaxIter,131.89000000001397,2220.4165999999996,5,1477.09,531.97949999999992,2095.3487,2114.4414317356868,216.37911342094725,351.11650704441917,1,30,24,104,64
94,30,33,LinearHeuristicAuction,0.05,0.01,,True,,1000,3600,cats_reg_g30b150,,heuristic,2,False,CATS,150,regions,MultiMinded,1000,MaxIter,115.51999999998952,2089.1439,3,1850.23,583.02999999999997,2008.0519000000002,2058.4085399909,0.0,156.4183869901596,1,29,27,91,63
95,30,36,LinearHeuristicAuction,0.05,0.01,,True,,1000,3600,cats_reg_g30b150,,heuristic,2,False,CATS,150,regions,MultiMinded,1000,MaxIter,112.98000000001048,2218.1557,3,1747.55,732.99250000000006,1798.9969999999998,2175.1013390296471,42.979707846343004,188.29163867332471,1,30,30,92,66
96,30,33,LinearHeuristicAuction,0.05,0.01,,True,,1000,3600,cats_reg_g30b150,,heuristic,2,False,CATS,150,regions,MultiMinded,1000,MaxIter,123.10000000000582,1873.9284000000002,7,1690.89,555.43200000000002,1842.0994,1883.2500302549656,322.69878348702656,394.42779360354012,1,30,56,92,63
97,30,37,LinearHeuristicAuction,0.05,0.01,,True,,1000,3600,cats_reg_g30b150,,heuristic,2,False,CATS,150,regions,MultiMinded,41,Balance,4.380000000004657,1853.4531000000002,10,1334.16,635.36699999999996,1849.0271000000002,1775.1910199523595,1533.7515599523595,1676.8815506025778,1,30,25,87,67
98,30,36,LinearHeuristicAuction,0.05,0.01,,True,,1000,3600,cats_reg_g30b150,,heuristic,2,False,CATS,150,regions,MultiMinded,1000,MaxIter,115.51000000000931,2779.0163,9,2131.76,620.35799999999995,2313.0843,2767.8125229169091,658.65506720819667,733.4482042562372,1,30,19,92,66
99,30,37,LinearHeuristicAuction,0.05,0.01,,True,,1000,3600,cats_reg_g30b150,,heuristic,2,False,CATS,150,regions,MultiMinded,1000,MaxIter,120.20000000001164,2286.8288000000002,6,1573.72,543.00099999999998,1533.8819,2296.747295703995,104.12542182620942,246.82197750757629,1,30,37,103,67
100,30,32,LinearHeuristicAuction,0.05,0.01,,True,,1000,3600,cats_reg_g30b150,,heuristic,2,False,CATS,150,regions,MultiMinded,759,Balance,88.19000000000233,1906.0085,9,1496.95,591.39400000000001,1906.0085,1757.3981290129807,1500.0391073391663,1685.6665556471457,1,30,76,89,62
