idx,items,agents,auction_class,epsilon,stepc,epoch,scalebyvalue,reserve_type,maxiter,maxtime,generator_param_name,personalized,bidding_strategy,heuristic_pool_num,int_prices,generator,bids,distribution,type,rounds,status,runtime,efficient_value,final_num_winners,final_max_agent_value,final_scalevalue,final_value,final_total_price,final_revenue,final_indirect_util,final_price_degree,final_price_sparsity,final_imbalance,final_wd_nvars,final_wd_ncons
1,30,36,LinearSubgradientAuction,0.05,0.02,,True,,1000,3600,cats_reg_g30b150,,default,2,False,CATS,150,regions,MultiMinded,361,Balance,516.1500000000015,2502.8085,10,1712.02,630.28700000000003,2502.8085,2164.003101134103,1913.7144355536809,2284.7419838715377,1,28,13,2124,3162
2,30,38,LinearSubgradientAuction,0.05,0.02,,True,,1000,3600,cats_reg_g30b150,,default,2,False,CATS,150,regions,MultiMinded,1000,MaxIter,1561.6800000000003,2067.4249,5,1460.04,478.96600000000001,1685.9609,2076.0548341558074,471.51211887012204,513.55602301016484,1,29,9,2280,3412
3,30,36,LinearSubgradientAuction,0.05,0.02,,True,,1000,3600,cats_reg_g30b150,,default,2,False,CATS,150,regions,MultiMinded,1000,MaxIter,1413.9799999999996,2226.2472000000002,4,1961.0,494.50999999999999,292.3519,2222.7253140009448,195.88254285591876,229.39034315942703,1,28,22,2124,3162
4,30,38,LinearSubgradientAuction,0.05,0.02,,True,,1000,3600,cats_reg_g30b150,,default,2,False,CATS,150,regions,MultiMinded,65,Balance,101.17000000000007,2004.9491999999998,11,1505.7,557.86300000000006,2004.9491999999998,1885.9992610570469,1584.7532410570466,1703.7031799999997,1,30,0,2318,3488
5,30,35,LinearSubgradientAuction,0.05,0.02,,True,,1000,3600,cats_reg_g30b150,,default,2,False,CATS,150,regions,MultiMinded,1000,MaxIter,1442.3600000000006,1864.626,7,1703.97,505.12049999999999,998.783,1858.9407379976735,857.65856204172587,875.21183051833077,1,30,36,2135,3215
6,30,35,LinearSubgradientAuction,0.05,0.02,,True,,1000,3600,cats_reg_g30b150,,default,2,False,CATS,150,regions,MultiMinded,1000,MaxIter,1414.5100000000002,2116.0368,3,1959.83,614.52500000000009,372.0778,2234.1631454781909,146.56480826864487,153.7718119096964,1,29,20,2100,3145
7,30,35,LinearSubgradientAuction,0.05,0.02,,True,,1000,3600,cats_reg_g30b150,,default,2,False,CATS,150,regions,MultiMinded,465,Balance,672.0899999999983,2031.9575,6,1330.11,558.39999999999998,2031.9575,1936.1663159986394,1785.3983159986392,1908.3116084648154,1,30,3,2135,3215
8,30,35,LinearSubgradientAuction,0.05,0.02,,True,,1000,3600,cats_reg_g30b150,,default,2,False,CATS,150,regions,MultiMinded,1000,MaxIter,1454.1200000000008,2027.57669,7,1379.5,642.28750000000002,1912.43169,1898.4321911747197,1515.2782990649393,1684.0724794108287,1,30,3,2135,3215
9,30,36,LinearSubgradientAuction,0.05,0.02,,True,,1000,3600,cats_reg_g30b150,,default,2,False,CATS,150,regions,MultiMinded,1000,MaxIter,1411.5199999999986,1859.5272999999997,3,1542.29,443.88650000000001,155.6166,1798.2685270342884,26.541234789310824,131.60582419593612,1,28,25,2124,3162
10,30,34,LinearSubgradientAuction,0.05,0.02,,True,,1000,3600,cats_reg_g30b150,,default,2,False,CATS,150,regions,MultiMinded,1000,MaxIter,1384.0900000000001,2566.974,5,2112.56,626.02300000000002,1716.133,2490.9877869492416,1391.26356009918,1593.3148586348275,1,29,14,2040,3056
11,30,36,LinearSubgradientAuction,0.05,0.02,,True,,1000,3600,cats_reg_g30b150,,default,2,False,CATS,150,regions,MultiMinded,227,Balance,333.7999999999993,2431.6115,5,2098.81,721.22149999999999,2431.6115,2275.7862538712261,2123.8900574210606,2329.7234822702362,1,30,50,2196,3306
12,30,32,LinearSubgradientAuction,0.05,0.02,,True,,1000,3600,cats_reg_g30b150,,default,2,False,CATS,150,regions,MultiMinded,1000,MaxIter,1296.300000000001,1865.81568,5,1645.15,855.13049999999998,508.18378,1885.241509765289,0.0,122.38825213467624,1,29,22,1920,2878
13,30,35,LinearSubgradientAuction,0.05,0.02,,True,,1000,3600,cats_reg_g30b150,,default,2,False,CATS,150,regions,MultiMinded,1000,MaxIter,1456.4099999999999,1773.5022000000001,6,1494.31,678.60900000000004,712.1485,1760.7414835070526,468.37571175990337,595.33589908248825,1,30,19,2135,3215
14,30,32,LinearSubgradientAuction,0.05,0.02,,True,,1000,3600,cats_reg_g30b150,,default,2,False,CATS,150,regions,MultiMinded,1000,MaxIter,1314.050000000001,1980.1873000000003,4,1559.99,631.08900000000006,447.8147,1882.0796945336635,204.91818839592926,376.48014754958444,1,30,23,1952,2942
15,30,36,LinearSubgradientAuction,0.05,0.02,,True,,1000,3600,cats_reg_g30b150,,default,2,False,CATS,150,regions,MultiMinded,42,Balance,60.79000000000087,2512.4141000000004,4,2312.23,781.00699999999995,2512.4141000000004,2366.0781038244122,2253.1479856590768,2410.736954556467,1,30,3,2196,3306
16,30,34,LinearSubgradientAuction,0.05,0.02,,True,,1000,3600,cats_reg_g30b150,,default,2,False,CATS,150,regions,MultiMinded,1000,MaxIter,1359.4500000000007,1929.452,3,1789.44,584.255,119.6755,1939.5453422493551,0.0,75.685332471620171,1,28,26,2006,2988
17,30,33,LinearSubgradientAuction,0.05,0.02,,True,,1000,3600,cats_reg_g30b150,,default,2,False,CATS,150,regions,MultiMinded,227,Balance,313.0100000000002,1934.7395999999999,7,1626.95,730.93200000000002,1934.7395999999999,1872.5939816322721,1650.0229444670188,1740.7958672588943,1,30,60,2013,3033
18,30,34,LinearSubgradientAuction,0.05,0.02,,True,,1000,3600,cats_reg_g30b150,,default,2,False,CATS,150,regions,MultiMinded,1000,MaxIter,1394.3200000000015,2504.1384,5,1818.33,781.33600000000001,2275.8764,2388.5044012525341,1999.5486995337878,2128.8615725335812,1,29,8,2040,3056
19,30,36,LinearSubgradientAuction,0.05,0.02,,True,,1000,3600,cats_reg_g30b150,,default,2,False,CATS,150,regions,MultiMinded,162,Balance,231.96000000000095,2560.7110000000002,12,1508.06,549.71399999999994,2557.321,2103.9085651373161,1851.0396555335626,2328.952720067492,1,28,7,2124,3162
20,30,37,LinearSubgradientAuction,0.05,0.02,,True,,1000,3600,cats_reg_g30b150,,default,2,False,CATS,150,regions,MultiMinded,1000,MaxIter,1524.5900000000001,1801.7813999999998,5,1490.47,395.125,653.0751,1796.5391613642789,541.99074779223531,606.68689447177189,1,30,21,2257,3397
21,30,33,LinearSubgradientAuction,0.05,0.02,,True,,1000,3600,cats_reg_g30b150,,default,2,False,CATS,150,regions,MultiMinded,1000,MaxIter,1391.7700000000004,1553.7635,5,1374.19,778.39550000000008,1206.1748,1570.9844252480123,1003.1034095399558,1064.761898941357,1,30,38,2013,3033
22,30,38,LinearSubgradientAuction,0.05,0.02,,True,,1000,3600,cats_reg_g30b150,,default,2,False,CATS,150,regions,MultiMinded,1000,MaxIter,1553.1499999999996,2312.252,7,2123.59,638.69949999999994,1666.712,2406.9214482773132,1506.8240899842142,1509.1776443075094,1,29,4,2280,3412
23,30,38,LinearSubgradientAuction,0.05,0.02,,True,,1000,3600,cats_reg_g30b150,,default,2,False,CATS,150,regions,MultiMinded,211,Balance,323.9200000000001,2354.8725,8,1818.1,597.00800000000004,2354.8725,2120.3656708339249,1942.0835026434922,2206.1682650460675,1,29,1,2280,3412
24,30,35,LinearSubgradientAuction,0.05,0.02,,True,,1000,3600,cats_reg_g30b150,,default,2,False,CATS,150,regions,MultiMinded,1000,MaxIter,1451.039999999999,1892.4884,11,1241.36,538.58849999999995,1262.3604,1762.2502971167191,846.07349258692057,1072.8632110640372,1,30,18,2135,3215
25,30,33,LinearSubgradientAuction,0.05,0.02,,True,,1000,3600,cats_reg_g30b150,,default,2,False,CATS,150,regions,MultiMinded,1000,MaxIter,1317.800000000001,1741.0822999999998,4,1538.41,861.41849999999999,140.8986,1691.9854852997803,0.0,130.52984007569563,1,29,16,1980,2967
26,30,34,LinearSubgradientAuction,0.05,0.02,,True,,1000,3600,cats_reg_g30b150,,default,2,False,CATS,150,regions,MultiMinded,1000,MaxIter,1405.5200000000004,2008.668,7,1919.5,424.82100000000003,1366.5693999999999,2019.1256510224987,1172.0180880481382,1267.3944365168168,1,30,9,2074,3124
27,30,32,LinearSubgradientAuction,0.05,0.02,,True,,1000,3600,cats_reg_g30b150,,default,2,False,CATS,150,regions,MultiMinded,1000,MaxIter,1257.1599999999999,2175.2061,5,1890.21,644.31150000000002,998.9842,2276.3940661063671,936.92467682486745,939.11543247151178,1,28,13,1888,2814
28,30,37,LinearSubgradientAuction,0.05,0.02,,True,,1000,3600,cats_reg_g30b150,,default,2,False,CATS,150,regions,MultiMinded,1000,MaxIter,1504.6599999999999,2040.43179,7,1615.6,517.23699999999997,1582.0526,1949.0764738866012,848.55113169997537,984.7702144368468,1,29,11,2220,3323
29,30,33,LinearSubgradientAuction,0.05,0.02,,True,,1000,3600,cats_reg_g30b150,,default,2,False,CATS,150,regions,MultiMinded,1000,MaxIter,1375.3799999999992,2111.632,5,1854.64,708.57899999999995,608.684,2056.8045736353897,176.53418815399675,406.23763233191607,1,30,23,2013,3033
30,30,35,LinearSubgradientAuction,0.05,0.02,,True,,1000,3600,cats_reg_g30b150,,default,2,False,CATS,150,regions,MultiMinded,1000,MaxIter,1374.8599999999988,2323.0769999999998,8,1594.17,462.18150000000003,1882.0703000000003,2117.1511537852284,1079.1226948683841,1339.1422976709541,1,27,20,2030,3005
31,30,34,LinearSubgradientAuction,0.05,0.02,,True,,1000,3600,cats_reg_g30b150,,default,2,False,CATS,150,regions,MultiMinded,495,Balance,662.5899999999983,2659.4860000000003,7,2167.09,585.07799999999997,2659.4860000000003,2576.3015470105697,2401.1139943322037,2513.5429242541654,1,28,3,2006,2988
32,30,37,LinearSubgradientAuction,0.05,0.02,,True,,1000,3600,cats_reg_g30b150,,default,2,False,CATS,150,regions,MultiMinded,1000,MaxIter,1541.960000000001,1999.8556999999998,6,1545.46,522.50199999999995,1787.9346999999998,1929.9539934961754,1566.2297496877188,1666.3946793788848,1,30,3,2257,3397
33,30,37,LinearSubgradientAuction,0.05,0.02,,True,,1000,3600,cats_reg_g30b150,,default,2,False,CATS,150,regions,MultiMinded,1000,MaxIter,1489.3600000000006,1805.9524000000001,6,1582.17,487.50400000000002,1010.9886,1639.9993618188907,178.57865082507357,370.06798126679382,1,29,14,2220,3323
34,30,39,LinearSubgradientAuction,0.05,0.02,,True,,1000,3600,cats_reg_g30b150,,default,2,False,CATS,150,regions,MultiMinded,1000,MaxIter,1627.0100000000002,1983.6001999999999,1,1564.76,623.41200000000003,1262.18,2051.470137130178,0,1.6396235601020379,1,30,27,2379,3579
35,30,38,LinearSubgradientAuction,0.05,0.02,,True,,1000,3600,cats_reg_g30b150,,default,2,False,CATS,150,regions,MultiMinded,1000,MaxIter,1555.67,2341.4052,9,1755.59,637.298,1763.6758,2307.6909723254007,1418.9749742661379,1569.1265983931571,1,29,40,2280,3412
36,30,33,LinearSubgradientAuction,0.05,0.02,,True,,1000,3600,cats_reg_g30b150,,default,2,False,CATS,150,regions,MultiMinded,1000,MaxIter,1338.6800000000003,2136.9992,6,1693.26,587.83249999999998,1376.042,2171.5948161426941,1192.7063509295356,1260.4575414490789,1,29,12,1980,2967
37,30,34,LinearSubgradientAuction,0.05,0.02,,True,,1000,3600,cats_reg_g30b150,,default,2,False,CATS,150,regions,MultiMinded,1000,MaxIter,1393.83,1991.3467,5,1812.59,701.23299999999995,474.0675,1983.8803860817709,84.359333361534382,192.45229264151635,1,30,25,2074,3124
38,30,40,LinearSubgradientAuction,0.05,0.02,,True,,1000,3600,cats_reg_g30b150,,default,2,False,CATS,150,regions,MultiMinded,149,Balance,245.17000000000007,2724.0288,6,2153.9,576.38300000000004,2724.0288,2404.4752870216607,2266.1433670216616,2585.6968800000004,1,29,0,2400,3590
39,30,30,LinearSubgradientAuction,0.05,0.02,,True,,1000,3600,cats_reg_g30b150,,default,2,False,CATS,150,regions,MultiMinded,1000,MaxIter,1226.58,1968.0602,4,1918.66,764.726,881.4232,2005.7226747563082,617.34210266767286,767.884609421802,1,30,16,1830,2760
40,30,33,LinearSubgradientAuction,0.05,0.02,,True,,1000,3600,cats_reg_g30b150,,default,2,False,CATS,150,regions,MultiMinded,55,Balance,75.03999999999905,1942.0583000000001,4,1674.34,688.69799999999998,1942.0583000000001,1943.2976424245144,1805.9607169388808,1838.7536,1,30,1,2013,3033
41,30,35,LinearSubgradientAuction,0.05,0.02,,True,,1000,3600,cats_reg_g30b150,,default,2,False,CATS,150,regions,MultiMinded,1000,MaxIter,1453.17,1877.7214099999999,12,1423.29,646.35299999999995,1262.09931,1884.5473364171676,988.46108434392465,1034.589551529443,1,30,46,2135,3215
42,30,32,LinearSubgradientAuction,0.05,0.02,,True,,1000,3600,cats_reg_g30b150,,default,2,False,CATS,150,regions,MultiMinded,1000,MaxIter,1312.5100000000002,2111.841,4,1703.5,646.17399999999998,564.4680000000001,2239.4615928656481,440.97547781612587,488.33743415450203,1,30,8,1952,2942
43,30,40,LinearSubgradientAuction,0.05,0.02,,True,,1000,3600,cats_reg_g30b150,,default,2,False,CATS,150,regions,MultiMinded,392,Balance,647.6599999999999,2446.7208,7,1927.69,685.90899999999999,2446.7208,2140.467836286226,1988.8741254544707,2295.8208199999999,1,29,1,2400,3590
44,30,35,LinearSubgradientAuction,0.05,0.02,,True,,1000,3600,cats_reg_g30b150,,default,2,False,CATS,150,regions,MultiMinded,1000,MaxIter,1453.17,1711.1515999999997,5,1299.51,651.40899999999999,1385.7888999999998,1605.137970578043,790.8286112165207,947.17144503943996,1,30,13,2135,3215
45,30,38,LinearSubgradientAuction,0.05,0.02,,True,,1000,3600,cats_reg_g30b150,,default,2,False,CATS,150,regions,MultiMinded,1000,MaxIter,1576.2699999999986,2034.5094,3,1828.07,742.07299999999998,652.7669000000001,2073.1585242493256,405.62688901496085,419.53915755202172,1,30,24,2318,3488
46,30,31,LinearSubgradientAuction,0.05,0.02,,True,,1000,3600,cats_reg_g30b150,,default,2,False,CATS,150,regions,MultiMinded,27,Balance,33.38000000000102,2564.0325000000003,4,2373.4,807.26099999999997,2549.4987,2480.3006509690522,2371.0103918560585,2476.2321434239243,1,30,2,1891,2851
47,30,37,LinearSubgradientAuction,0.05,0.02,,True,,1000,3600,cats_reg_g30b150,,default,2,False,CATS,150,regions,MultiMinded,1000,MaxIter,1508.8199999999997,2233.1322,8,1669.44,664.97900000000004,1373.4992000000002,2003.9590297545312,955.03060227326148,1208.9380009771062,1,29,10,2220,3323
48,30,35,LinearSubgradientAuction,0.05,0.02,,True,,1000,3600,cats_reg_g30b150,,default,2,False,CATS,150,regions,MultiMinded,1000,MaxIter,1457.289999999999,2069.4358,5,1826.01,556.24350000000004,1243.9759,2017.6367118262165,977.76747901546651,1141.119313640314,1,30,15,2135,3215
49,30,30,LinearSubgradientAuction,0.05,0.02,,True,,1000,3600,cats_reg_g30b150,,default,2,False,CATS,150,regions,MultiMinded,1000,MaxIter,1241.5,1979.7895999999998,9,1594.07,673.82600000000002,1678.83,1993.4398140102189,1418.0884419559443,1513.0016892508143,1,30,52,1830,2760
50,30,33,LinearSubgradientAuction,0.05,0.02,,True,,1000,3600,cats_reg_g30b150,,default,2,False,CATS,150,regions,MultiMinded,1000,MaxIter,1320.4000000000015,2110.6722999999997,7,1335.35,460.47550000000001,2067.0203,1991.210228359153,1700.291541976238,1953.7147808127663,1,29,11,1980,2967
51,30,37,LinearSubgradientAuction,0.05,0.02,,True,,1000,3600,cats_reg_g30b150,,default,2,False,CATS,150,regions,MultiMinded,1000,MaxIter,1459.7700000000004,2245.4244000000003,4,1882.26,597.73699999999997,1306.4864,2196.3090784221517,244.43786096290526,330.80124752235986,1,28,23,2183,3249
52,30,32,LinearSubgradientAuction,0.05,0.02,,True,,1000,3600,cats_reg_g30b150,,default,2,False,CATS,150,regions,MultiMinded,204,Balance,259.96999999999935,1756.6213,7,1409.87,556.45500000000004,1756.6213,1664.2696306377572,1488.3292175337108,1606.3784499999999,1,29,2,1920,2878
53,30,34,LinearSubgradientAuction,0.05,0.02,,True,,1000,3600,cats_reg_g30b150,,default,2,False,CATS,150,regions,MultiMinded,1000,MaxIter,1394.5499999999993,2325.6629000000003,9,1796.97,570.23000000000002,1931.8589,2187.8625085407102,1539.8722521340314,1732.8399500412854,1,29,12,2040,3056
54,30,37,LinearSubgradientAuction,0.05,0.02,,True,,1000,3600,cats_reg_g30b150,,default,2,False,CATS,150,regions,MultiMinded,183,Balance,268.64999999999964,2355.424,7,2152.9,670.553,2355.424,2251.4152124215307,2092.1674299446713,2229.5266874820363,1,28,7,2183,3249
55,30,33,LinearSubgradientAuction,0.05,0.02,,True,,1000,3600,cats_reg_g30b150,,default,2,False,CATS,150,regions,MultiMinded,1000,MaxIter,1368.960000000001,2078.1524999999997,8,1352.37,548.28150000000005,755.3975,2041.6020445418944,546.7000536064628,608.08978732434628,1,30,13,2013,3033
56,30,39,LinearSubgradientAuction,0.05,0.02,,True,,1000,3600,cats_reg_g30b150,,default,2,False,CATS,150,regions,MultiMinded,1000,MaxIter,1598.6599999999999,1893.3772000000004,6,1498.24,591.42200000000003,889.5722000000001,1764.0408297041622,437.56932027258642,603.01765143125533,1,29,17,2340,3501
57,30,36,LinearSubgradientAuction,0.05,0.02,,True,,1000,3600,cats_reg_g30b150,,default,2,False,CATS,150,regions,MultiMinded,1000,MaxIter,1464.1000000000004,1899.5301999999997,5,1604.44,621.16750000000002,833.6899000000001,1890.740439850335,282.3430568156258,355.52243048233925,1,30,20,2196,3306
58,30,36,LinearSubgradientAuction,0.05,0.02,,True,,1000,3600,cats_reg_g30b150,,default,2,False,CATS,150,regions,MultiMinded,916,Balance,1387.8099999999995,2429.6093,7,2057.42,832.86300000000006,2429.6093,2317.0933404793213,2056.9292046091718,2210.6353079414193,1,30,1,2196,3306
59,30,39,LinearSubgradientAuction,0.05,0.02,,True,,1000,3600,cats_reg_g30b150,,default,2,False,CATS,150,regions,MultiMinded,1000,MaxIter,1637.8300000000017,2064.9126,7,1772.9,622.28800000000001,893.7375999999999,2025.2676147654138,587.69533378959829,710.80362572627928,1,30,14,2379,3579
60,30,35,LinearSubgradientAuction,0.05,0.02,,True,,1000,3600,cats_reg_g30b150,,default,2,False,CATS,150,regions,MultiMinded,1000,MaxIter,1397.1599999999999,1956.0875,9,1842.74,450.80399999999997,1671.3795,1906.1899552107354,1472.3881237725382,1556.7895437725381,1,28,42,2065,3075
61,30,37,LinearSubgradientAuction,0.05,0.02,,True,,1000,3600,cats_reg_g30b150,,default,2,False,CATS,150,regions,MultiMinded,1000,MaxIter,1543.4899999999998,1951.6029999999998,10,1560.47,530.9905,1324.9905999999996,1893.4567046668096,1068.1897570519984,1169.0537358459451,1,30,17,2257,3397
62,30,34,LinearSubgradientAuction,0.05,0.02,,True,,1000,3600,cats_reg_g30b150,,default,2,False,CATS,150,regions,MultiMinded,311,Balance,441.1299999999992,1978.0167,8,1737.89,582.94900000000007,1978.0167,1813.7550997036813,1644.3420267478507,1831.7245738246522,1,30,31,2074,3124
63,30,30,LinearSubgradientAuction,0.05,0.02,,True,,1000,3600,cats_reg_g30b150,,default,2,False,CATS,150,regions,MultiMinded,222,Balance,267.60999999999876,2547.4234,6,1821.34,869.476,2547.4234,2344.3580132277239,2140.6137469259743,2382.0653285973485,1,29,26,1800,2700
64,30,34,LinearSubgradientAuction,0.05,0.02,,True,,1000,3600,cats_reg_g30b150,,default,2,False,CATS,150,regions,MultiMinded,1000,MaxIter,1416.3900000000012,2427.9729,5,1844.14,792.92899999999997,1218.5764000000001,2281.2107575240034,102.61727846760171,312.95555472005344,1,30,26,2074,3124
65,30,36,LinearSubgradientAuction,0.05,0.02,,True,,1000,3600,cats_reg_g30b150,,default,2,False,CATS,150,regions,MultiMinded,1000,MaxIter,1453.8899999999994,2209.3287,8,1779.98,732.52250000000004,1080.2197,2102.7503518463959,720.11443611540528,894.3699779880609,1,29,11,2160,3234
66,30,30,LinearSubgradientAuction,0.05,0.02,,True,,1000,3600,cats_reg_g30b150,,default,2,False,CATS,150,regions,MultiMinded,122,Balance,147.1900000000005,2387.3904,3,2290.03,553.03500000000008,2387.3904,2311.3656561759317,2261.3671465852344,2349.5485803121005,1,29,3,1800,2700
67,30,41,LinearSubgradientAuction,0.05,0.02,,True,,1000,3600,cats_reg_g30b150,,default,2,False,CATS,150,regions,MultiMinded,1000,MaxIter,1671.9899999999998,2130.5865999999996,8,1569.3,447.20299999999997,1088.1386,2072.7724517949241,833.3675266645181,1010.6297340303367,1,29,20,2460,3679
68,30,34,LinearSubgradientAuction,0.05,0.02,,True,,1000,3600,cats_reg_g30b150,,default,2,False,CATS,150,regions,MultiMinded,1000,MaxIter,1397.960000000001,1871.0335999999998,4,1491.62,623.48450000000003,634.1625,1820.7795123396702,413.44230111909212,504.70403234552117,1,30,19,2074,3124
69,30,34,LinearSubgradientAuction,0.05,0.02,,True,,1000,3600,cats_reg_g30b150,,default,2,False,CATS,150,regions,MultiMinded,111,Balance,154.65999999999985,2248.1536,8,1918.69,909.28949999999998,2248.1536,2161.2584497448852,1833.9142297448855,1926.5593374883176,1,29,17,2040,3056
70,30,32,LinearSubgradientAuction,0.05,0.02,,True,,1000,3600,cats_reg_g30b150,,default,2,False,CATS,150,regions,MultiMinded,1000,MaxIter,1321.67,2074.3614,7,1794.89,671.03600000000006,1300.0074,2020.0152750620548,1004.9479868241751,1145.6449792517858,1,30,10,1952,2942
71,30,30,LinearSubgradientAuction,0.05,0.02,,True,,1000,3600,cats_reg_g30b150,,default,2,False,CATS,150,regions,MultiMinded,1000,MaxIter,1217.8099999999995,2107.4125,5,1919.92,672.68100000000004,473.874,2144.8904102490146,285.60849263354964,418.02524270747296,1,29,28,1800,2700
72,30,35,LinearSubgradientAuction,0.05,0.02,,True,,1000,3600,cats_reg_g30b150,,default,2,False,CATS,150,regions,MultiMinded,1000,MaxIter,1404.5199999999986,1946.4843000000003,5,1216.53,554.09649999999999,597.3524,1879.9356816094169,18.423269806096059,217.35582521003147,1,29,24,2100,3145
73,30,35,LinearSubgradientAuction,0.05,0.02,,True,,1000,3600,cats_reg_g30b150,,default,2,False,CATS,150,regions,MultiMinded,1000,MaxIter,1453.7000000000007,1852.6272999999999,7,1445.38,663.03899999999999,662.195,1704.2590069624932,258.9331055385299,519.37895794035944,1,30,19,2135,3215
74,30,31,LinearSubgradientAuction,0.05,0.02,,True,,1000,3600,cats_reg_g30b150,,default,2,False,CATS,150,regions,MultiMinded,1000,MaxIter,1276.7900000000009,2020.0417,4,1744.34,781.83899999999994,1182.3620999999998,2032.9964294491897,918.78740337197655,1069.7262645918236,1,30,15,1891,2851
75,30,39,LinearSubgradientAuction,0.05,0.02,,True,,1000,3600,cats_reg_g30b150,,default,2,False,CATS,150,regions,MultiMinded,1000,MaxIter,1631.0,2549.9302,8,1890.83,637.39099999999996,1465.9662,2452.2568190849315,619.22000004160009,814.22720754717022,1,30,18,2379,3579
76,30,36,LinearSubgradientAuction,0.05,0.02,,True,,1000,3600,cats_reg_g30b150,,default,2,False,CATS,150,regions,MultiMinded,1000,MaxIter,1493.5699999999997,1970.4382,7,1633.82,405.01099999999997,521.9282000000001,2037.8269516844312,388.68940987552878,421.20818085926311,1,30,4,2196,3306
77,30,34,LinearSubgradientAuction,0.05,0.02,,True,,1000,3600,cats_reg_g30b150,,default,2,False,CATS,150,regions,MultiMinded,1000,MaxIter,1417.7799999999988,1646.3148,7,1576.38,831.28949999999998,801.6082,1660.9187408617909,595.08405445621031,595.08854971700316,1,30,19,2074,3124
78,30,34,LinearSubgradientAuction,0.05,0.02,,True,,1000,3600,cats_reg_g30b150,,default,2,False,CATS,150,regions,MultiMinded,1000,MaxIter,1396.7799999999988,2412.1546,6,1881.66,768.41550000000007,1391.8126,2429.8325579154443,131.39211190470525,264.67493104778555,1,29,16,2040,3056
79,30,29,LinearSubgradientAuction,0.05,0.02,,True,,1000,3600,cats_reg_g30b150,,default,2,False,CATS,150,regions,MultiMinded,1000,MaxIter,1155.75,2267.359,5,2060.3,919.01300000000003,222.48899999999998,2291.599268486234,90.490225356852875,198.67511124578346,1,29,25,1740,2611
80,30,37,LinearSubgradientAuction,0.05,0.02,,True,,1000,3600,cats_reg_g30b150,,default,2,False,CATS,150,regions,MultiMinded,1000,MaxIter,1509.7299999999996,2112.5864,8,1592.54,576.49599999999998,791.1439,2039.4668490044319,524.88682982309399,650.26976615628746,1,29,19,2220,3323
81,30,33,LinearSubgradientAuction,0.05,0.02,,True,,1000,3600,cats_reg_g30b150,,default,2,False,CATS,150,regions,MultiMinded,1000,MaxIter,1378.4399999999987,1652.215,5,1316.69,725.81600000000003,684.1756,1747.7200020843104,563.17308833976881,578.53750490440177,1,30,15,2013,3033
82,30,35,LinearSubgradientAuction,0.05,0.02,,True,,1000,3600,cats_reg_g30b150,,default,2,False,CATS,150,regions,MultiMinded,1000,MaxIter,1444.5699999999997,2109.0315,7,1900.31,619.13249999999994,752.3569,2266.9399386267669,615.71273087364466,653.70037824917802,1,30,26,2135,3215
83,30,32,LinearSubgradientAuction,0.05,0.02,,True,,1000,3600,cats_reg_g30b150,,default,2,False,CATS,150,regions,MultiMinded,182,Balance,240.16999999999825,2576.43019,8,2027.96,1059.6700000000001,2576.43019,2567.2140125437923,2205.509946214705,2273.0442254577192,1,30,32,1952,2942
84,30,34,LinearSubgradientAuction,0.05,0.02,,True,,1000,3600,cats_reg_g30b150,,default,2,False,CATS,150,regions,MultiMinded,1000,MaxIter,1394.4400000000023,1983.6759000000002,10,1485.27,650.14099999999996,1341.7571000000003,1920.1394075915573,956.63673634178838,1121.4004252260054,1,30,33,2074,3124
85,30,33,LinearSubgradientAuction,0.05,0.02,,True,,1000,3600,cats_reg_g30b150,,default,2,False,CATS,150,regions,MultiMinded,197,Balance,261.02000000000044,1650.3177,5,1136.81,534.83399999999995,1650.3177,1602.8583600819895,1485.1948800819894,1534.9743123376818,1,29,10,1980,2967
86,30,37,LinearSubgradientAuction,0.05,0.02,,True,,1000,3600,cats_reg_g30b150,,default,2,False,CATS,150,regions,MultiMinded,191,Balance,294.4699999999975,2073.2363,7,1605.13,504.47649999999999,2069.3503,1905.9540052941211,1750.7763468203882,1938.18641,1,30,1,2257,3397
87,30,34,LinearSubgradientAuction,0.05,0.02,,True,,1000,3600,cats_reg_g30b150,,default,2,False,CATS,150,regions,MultiMinded,1000,MaxIter,1359.9500000000007,2161.5317,9,1611.82,461.19499999999999,1668.4247,2189.2619666568594,1415.0799281547479,1554.3554009869204,1,28,15,2006,2988
88,30,35,LinearSubgradientAuction,0.05,0.02,,True,,1000,3600,cats_reg_g30b150,,default,2,False,CATS,150,regions,MultiMinded,590,Balance,835.2299999999996,1960.6723,10,1579.4,529.16499999999996,1960.6723,1912.8950874145314,1678.2858115810386,1754.6617625861925,1,29,24,2100,3145
89,30,40,LinearSubgradientAuction,0.05,0.02,,True,,1000,3600,cats_reg_g30b150,,default,2,False,CATS,150,regions,MultiMinded,49,Balance,75.70000000000073,2103.4608,12,1324.86,455.78500000000003,2103.4608,1731.7548383326689,1531.2094383326689,1902.9153999999999,1,27,0,2320,3430
90,30,36,LinearSubgradientAuction,0.05,0.02,,True,,1000,3600,cats_reg_g30b150,,default,2,False,CATS,150,regions,MultiMinded,309,Balance,449.7400000000016,2252.2093,8,1749.09,686.99800000000005,2252.2093,2171.6400778542124,1939.1900114479124,2053.6469052591478,1,29,12,2160,3234
91,30,37,LinearSubgradientAuction,0.05,0.02,,True,,1000,3600,cats_reg_g30b150,,default,2,False,CATS,150,regions,MultiMinded,1000,MaxIter,1502.5400000000009,2533.4677,9,1557.05,605.50300000000004,1318.8697,2125.114809042554,773.31259615972328,1205.4286925127835,1,29,10,2220,3323
92,30,37,LinearSubgradientAuction,0.05,0.02,,True,,1000,3600,cats_reg_g30b150,,default,2,False,CATS,150,regions,MultiMinded,908,Balance,1395.829999999998,2087.0795,10,1557.29,467.12700000000001,2087.0795,1979.6758521854272,1753.7267357120027,1884.3585162401055,1,30,9,2257,3397
93,30,34,LinearSubgradientAuction,0.05,0.02,,True,,1000,3600,cats_reg_g30b150,,default,2,False,CATS,150,regions,MultiMinded,1000,MaxIter,1394.9400000000023,2220.4165999999996,6,1477.09,531.97949999999992,486.3227,2102.6026591284981,247.14914906110982,382.89331797432709,1,30,17,2074,3124
94,30,33,LinearSubgradientAuction,0.05,0.02,,True,,1000,3600,cats_reg_g30b150,,default,2,False,CATS,150,regions,MultiMinded,1000,MaxIter,1292.1900000000023,2089.1439,4,1850.23,583.02999999999997,673.6528999999999,2035.6454796657256,345.33016570526547,509.29573010096203,1,28,20,1947,2901
95,30,36,LinearSubgradientAuction,0.05,0.02,,True,,1000,3600,cats_reg_g30b150,,default,2,False,CATS,150,regions,MultiMinded,1000,MaxIter,1497.130000000001,2218.1557,3,1747.55,732.99250000000006,286.303,2197.0729886529216,43.050079295104233,143.4249034364839,1,30,26,2196,3306
96,30,33,LinearSubgradientAuction,0.05,0.02,,True,,1000,3600,cats_reg_g30b150,,default,2,False,CATS,150,regions,MultiMinded,1000,MaxIter,1330.7799999999988,1873.9284000000002,10,1690.89,555.43200000000002,1756.4524000000001,1906.5953025536114,1493.5746030014004,1545.8962451521811,1,29,17,1980,2967
97,30,37,LinearSubgradientAuction,0.05,0.02,,True,,1000,3600,cats_reg_g30b150,,default,2,False,CATS,150,regions,MultiMinded,157,Balance,233.0099999999984,1853.4531000000002,11,1334.16,635.36699999999996,1853.4531000000002,1782.4179666067555,1477.0438587267549,1579.7236650976204,1,29,8,2220,3323
98,30,36,LinearSubgradientAuction,0.05,0.02,,True,,1000,3600,cats_reg_g30b150,,default,2,False,CATS,150,regions,MultiMinded,105,Balance,156.4300000000003,2779.0163,9,2131.76,620.35799999999995,2779.0163,2728.2768720832551,2473.0198478231769,2551.6515089239838,1,30,22,2196,3306
99,30,37,LinearSubgradientAuction,0.05,0.02,,True,,1000,3600,cats_reg_g30b150,,default,2,False,CATS,150,regions,MultiMinded,1000,MaxIter,1464.1500000000015,2286.8288000000002,4,1573.72,543.00099999999998,2180.7238,2234.5241047730124,1263.3614364302914,1430.6679278549238,1,28,13,2183,3249
100,30,32,LinearSubgradientAuction,0.05,0.02,,True,,1000,3600,cats_reg_g30b150,,default,2,False,CATS,150,regions,MultiMinded,225,Balance,298.21000000000276,1906.0085,11,1496.95,591.39400000000001,1903.6245000000001,1795.4487545174354,1504.1162783464433,1653.3303466129082,1,30,62,1952,2942
