idx,items,agents,auction_class,epsilon,stepc,epoch,scalebyvalue,reserve_type,maxiter,maxtime,generator_param_name,personalized,bidding_strategy,heuristic_pool_num,int_prices,generator,bids,distribution,type,rounds,status,runtime,efficient_value,final_num_winners,final_max_agent_value,final_scalevalue,final_value,final_total_price,final_revenue,final_indirect_util,final_price_degree,final_price_sparsity,final_imbalance,final_wd_nvars,final_wd_ncons
1,30,36,AdaptiveCuttingAuction,0.05,0.02,10,True,,1000,3600,cats_reg_g30b150,True,heuristic,2,False,CATS,150,regions,MultiMinded,73,Balance,19.710000000020955,2502.8085,9,1712.02,630.28700000000003,2502.8085,2118.359152041292,1872.002740581393,2287.6862455279734,22,47,26,83,66
2,30,38,AdaptiveCuttingAuction,0.05,0.02,10,True,,1000,3600,cats_reg_g30b150,True,heuristic,2,False,CATS,150,regions,MultiMinded,64,Balance,19.820000000006985,2067.4249,5,1460.04,478.96600000000001,2067.4249,2048.5518429137346,1943.1793229137345,1994.8470925396255,10,45,20,90,68
3,30,36,AdaptiveCuttingAuction,0.05,0.02,10,True,,1000,3600,cats_reg_g30b150,True,heuristic,2,False,CATS,150,regions,MultiMinded,39,Balance,9.450000000011642,2226.2472000000002,3,1961.0,494.50999999999999,2226.2472000000002,2226.9188325307923,2157.6874325307922,2211.9110820613373,25,48,18,78,66
4,30,38,AdaptiveCuttingAuction,0.05,0.02,10,True,,1000,3600,cats_reg_g30b150,True,heuristic,2,False,CATS,150,regions,MultiMinded,65,Balance,12.790000000008149,2004.9491999999998,11,1505.7,557.86300000000006,2004.9491999999998,1895.2518330399839,1610.741703039984,1763.3057681889136,6,43,16,86,68
5,30,35,AdaptiveCuttingAuction,0.05,0.02,10,True,,1000,3600,cats_reg_g30b150,True,heuristic,2,False,CATS,150,regions,MultiMinded,238,Balance,60.79999999998836,1864.626,3,1703.97,505.12049999999999,1833.126,1822.5336023728505,1746.7655273728506,1782.0229107880873,16,47,27,85,65
6,30,35,AdaptiveCuttingAuction,0.05,0.02,10,True,,1000,3600,cats_reg_g30b150,True,heuristic,2,False,CATS,150,regions,MultiMinded,408,Balance,126.07000000000698,2116.0368,6,1959.83,614.52500000000009,2115.4038,2179.9589425281711,1995.601442528171,2028.9422058483917,10,43,41,87,65
7,30,35,AdaptiveCuttingAuction,0.05,0.02,10,True,,1000,3600,cats_reg_g30b150,True,heuristic,2,False,CATS,150,regions,MultiMinded,719,Balance,256.0200000000186,2031.9575,6,1330.11,558.39999999999998,2031.9575,1948.9534292927035,1809.3534292927031,1908.0333979494371,11,54,22,92,65
8,30,35,AdaptiveCuttingAuction,0.05,0.02,10,True,,1000,3600,cats_reg_g30b150,True,heuristic,2,False,CATS,150,regions,MultiMinded,157,Balance,45.48000000001048,2027.57669,8,1379.5,642.28750000000002,2027.57669,1793.6650179080289,1582.7135972466799,1847.489578180363,13,45,13,85,65
9,30,36,AdaptiveCuttingAuction,0.05,0.02,10,True,,1000,3600,cats_reg_g30b150,True,heuristic,2,False,CATS,150,regions,MultiMinded,37,Balance,10.550000000017462,1859.5272999999997,7,1542.29,443.88650000000001,1825.6526000000001,1768.4365371085069,1657.464912108507,1790.8558366974466,14,44,42,92,66
10,30,34,AdaptiveCuttingAuction,0.05,0.02,10,True,,1000,3600,cats_reg_g30b150,True,heuristic,2,False,CATS,150,regions,MultiMinded,104,Balance,33.23000000001048,2566.974,6,2112.56,626.02300000000002,2549.5312000000004,2409.3055777406844,2221.4986777406848,2416.9370584950916,7,44,21,84,64
11,30,36,AdaptiveCuttingAuction,0.05,0.02,10,True,,1000,3600,cats_reg_g30b150,True,heuristic,2,False,CATS,150,regions,MultiMinded,38,Balance,8.75,2431.6115,4,2098.81,721.22149999999999,2431.6115,2240.1844750618948,2149.5737455578269,2419.0186438642213,4,30,32,79,66
12,30,32,AdaptiveCuttingAuction,0.05,0.02,10,True,,1000,3600,cats_reg_g30b150,True,heuristic,2,False,CATS,150,regions,MultiMinded,439,Balance,143.79000000000815,1865.81568,6,1645.15,855.13049999999998,1829.0418999999997,1790.8534383431993,1566.0895812999495,1671.2370694663568,21,64,50,96,62
13,30,35,AdaptiveCuttingAuction,0.05,0.02,10,True,,1000,3600,cats_reg_g30b150,True,heuristic,2,False,CATS,150,regions,MultiMinded,92,Balance,26.020000000018626,1773.5022000000001,6,1494.31,678.60900000000004,1773.5022000000001,1701.4438781250881,1538.577718125088,1670.6862525982001,8,47,41,87,65
14,30,32,AdaptiveCuttingAuction,0.05,0.02,10,True,,1000,3600,cats_reg_g30b150,True,heuristic,2,False,CATS,150,regions,MultiMinded,219,Balance,55.00999999998021,1980.1873000000003,6,1559.99,631.08900000000006,1980.1873000000003,1797.2219442453829,1645.7605842453829,1856.703809228947,7,42,16,81,62
15,30,36,AdaptiveCuttingAuction,0.05,0.02,10,True,,1000,3600,cats_reg_g30b150,True,heuristic,2,False,CATS,150,regions,MultiMinded,29,Balance,6.320000000006985,2512.4141000000004,3,2312.23,781.00699999999995,2512.4141000000004,2346.2386298376191,2257.3217624930257,2481.3341654100705,1,30,15,75,66
16,30,34,AdaptiveCuttingAuction,0.05,0.02,10,True,,1000,3600,cats_reg_g30b150,True,heuristic,2,False,CATS,150,regions,MultiMinded,176,Balance,51.98000000001048,1929.452,9,1789.44,584.255,1929.452,1899.914508637866,1672.0550586378663,1732.0572307639472,7,44,27,92,64
17,30,33,AdaptiveCuttingAuction,0.05,0.02,10,True,,1000,3600,cats_reg_g30b150,True,heuristic,2,False,CATS,150,regions,MultiMinded,118,Balance,31.169999999983702,1934.7395999999999,7,1626.95,730.93200000000002,1934.7395999999999,1930.8068735808656,1674.9806735808659,1787.004856534016,14,44,90,89,63
18,30,34,AdaptiveCuttingAuction,0.05,0.02,10,True,,1000,3600,cats_reg_g30b150,True,heuristic,2,False,CATS,150,regions,MultiMinded,78,Balance,19.269999999989523,2504.1384,4,1818.33,781.33600000000001,2504.1384,2411.2932174326493,2262.8393774326491,2407.7810081396083,18,43,27,80,64
19,30,36,AdaptiveCuttingAuction,0.05,0.02,10,True,,1000,3600,cats_reg_g30b150,True,heuristic,2,False,CATS,150,regions,MultiMinded,44,Balance,8.420000000012806,2560.7110000000002,11,1508.06,549.71399999999994,2560.7110000000002,2111.25826026712,1858.3898202671201,2382.2028755033662,6,33,24,80,66
20,30,37,AdaptiveCuttingAuction,0.05,0.02,10,True,,1000,3600,cats_reg_g30b150,True,heuristic,2,False,CATS,150,regions,MultiMinded,392,Balance,256.20999999999185,1801.7813999999998,10,1490.47,395.125,1801.7813999999998,1774.5654546529454,1585.3221635967086,1647.6607176399013,19,78,42,107,67
21,30,33,AdaptiveCuttingAuction,0.05,0.02,10,True,,1000,3600,cats_reg_g30b150,True,heuristic,2,False,CATS,150,regions,MultiMinded,111,Balance,33.779999999998836,1553.7635,6,1374.19,778.39550000000008,1534.7971,1524.8641134955101,1291.3454634955096,1412.9506401173692,24,46,51,75,63
22,30,38,AdaptiveCuttingAuction,0.05,0.02,10,True,,1000,3600,cats_reg_g30b150,True,heuristic,2,False,CATS,150,regions,MultiMinded,190,Balance,54.51000000000931,2312.252,6,2123.59,638.69949999999994,2312.252,2331.1185306089778,2139.5086806089776,2162.489845114158,7,41,52,90,68
23,30,38,AdaptiveCuttingAuction,0.05,0.02,10,True,,1000,3600,cats_reg_g30b150,True,heuristic,2,False,CATS,150,regions,MultiMinded,26,Balance,8.320000000006985,2354.8725,7,1818.1,597.00800000000004,2354.8725,2059.2161350819642,1932.5228772011503,2239.6704066359903,13,42,13,82,68
24,30,35,AdaptiveCuttingAuction,0.05,0.02,10,True,,1000,3600,cats_reg_g30b150,True,heuristic,2,False,CATS,150,regions,MultiMinded,1000,MaxIter,442.30000000001746,1892.4884,9,1241.36,538.58849999999995,1832.0382999999997,1805.719635702384,1196.2689874932537,1376.6059004648062,25,66,18,91,65
25,30,33,AdaptiveCuttingAuction,0.05,0.02,10,True,,1000,3600,cats_reg_g30b150,True,heuristic,2,False,CATS,150,regions,MultiMinded,190,Balance,51.95999999999185,1741.0822999999998,5,1538.41,861.41849999999999,1713.4334,1710.6640448153844,1533.9181761538237,1623.3437630080432,21,49,25,90,63
26,30,34,AdaptiveCuttingAuction,0.05,0.02,10,True,,1000,3600,cats_reg_g30b150,True,heuristic,2,False,CATS,150,regions,MultiMinded,1000,MaxIter,539.4300000000221,2008.668,9,1919.5,424.82100000000003,1695.1178,2013.4851126818314,434.24887829161764,543.20405262246402,27,65,49,92,64
27,30,32,AdaptiveCuttingAuction,0.05,0.02,10,True,,1000,3600,cats_reg_g30b150,True,heuristic,2,False,CATS,150,regions,MultiMinded,179,Balance,43.9199999999837,2175.2061,5,1890.21,644.31150000000002,2175.2061,2197.6012970914294,2051.452072617044,2065.5428505380064,9,38,27,79,62
28,30,37,AdaptiveCuttingAuction,0.05,0.02,10,True,,1000,3600,cats_reg_g30b150,True,heuristic,2,False,CATS,150,regions,MultiMinded,56,Balance,12.540000000008149,2040.43179,8,1615.6,517.23699999999997,2040.43179,1894.0840238459125,1753.9308480766347,1930.9092671134838,7,33,23,82,67
29,30,33,AdaptiveCuttingAuction,0.05,0.02,10,True,,1000,3600,cats_reg_g30b150,True,heuristic,2,False,CATS,150,regions,MultiMinded,274,Balance,99.13999999998487,2111.632,9,1854.64,708.57899999999995,2111.632,1962.1327069779591,1643.2721569779592,1865.7802151562189,25,62,76,91,63
30,30,35,AdaptiveCuttingAuction,0.05,0.02,10,True,,1000,3600,cats_reg_g30b150,True,heuristic,2,False,CATS,150,regions,MultiMinded,76,Balance,20.50999999998021,2323.0769999999998,9,1594.17,462.18150000000003,2306.3751,2011.7904136734689,1817.6741836734686,2148.5217521892955,6,42,24,83,65
31,30,34,AdaptiveCuttingAuction,0.05,0.02,10,True,,1000,3600,cats_reg_g30b150,True,heuristic,2,False,CATS,150,regions,MultiMinded,44,Balance,10.770000000018626,2659.4860000000003,6,2167.09,585.07799999999997,2659.4860000000003,2531.963290566262,2384.9735072373787,2559.6666502294806,7,44,26,82,64
32,30,37,AdaptiveCuttingAuction,0.05,0.02,10,True,,1000,3600,cats_reg_g30b150,True,heuristic,2,False,CATS,150,regions,MultiMinded,1000,MaxIter,535.9100000000035,1999.8556999999998,9,1545.46,522.50199999999995,1866.1271999999997,1865.2142635920413,1374.0310677224111,1477.5874938184475,21,2516,33,100,67
33,30,37,AdaptiveCuttingAuction,0.05,0.02,10,True,,1000,3600,cats_reg_g30b150,True,heuristic,2,False,CATS,150,regions,MultiMinded,64,Balance,18.910000000003492,1805.9524000000001,4,1582.17,487.50400000000002,1805.9524000000001,1619.99264842608,1553.7767556530314,1762.6735675341665,9,42,10,90,67
34,30,39,AdaptiveCuttingAuction,0.05,0.02,10,True,,1000,3600,cats_reg_g30b150,True,heuristic,2,False,CATS,150,regions,MultiMinded,1000,MaxIter,446.19999999998254,1983.6001999999999,8,1564.76,623.41200000000003,1881.1659000000002,2018.2807544032662,1495.8329194225566,1501.5534602114412,15,2145,28,103,69
35,30,38,AdaptiveCuttingAuction,0.05,0.02,10,True,,1000,3600,cats_reg_g30b150,True,heuristic,2,False,CATS,150,regions,MultiMinded,459,Balance,191.67999999999302,2341.4052,8,1755.59,637.298,2341.4052,2140.6252174661645,1949.4358174661645,2186.4761229954402,13,56,15,96,68
36,30,33,AdaptiveCuttingAuction,0.05,0.02,10,True,,1000,3600,cats_reg_g30b150,True,heuristic,2,False,CATS,150,regions,MultiMinded,1000,MaxIter,345.4899999999907,2136.9992,6,1693.26,587.83249999999998,2054.05,2207.150901126141,549.02800811122574,555.2848770080883,8,44,21,91,63
37,30,34,AdaptiveCuttingAuction,0.05,0.02,10,True,,1000,3600,cats_reg_g30b150,True,heuristic,2,False,CATS,150,regions,MultiMinded,107,Balance,25.820000000006985,1991.3467,4,1812.59,701.23299999999995,1991.3467,1918.4320880401026,1815.7449301742131,1922.1205194763481,26,44,43,78,64
38,30,40,AdaptiveCuttingAuction,0.05,0.02,10,True,,1000,3600,cats_reg_g30b150,True,heuristic,2,False,CATS,150,regions,MultiMinded,192,Balance,69.02999999999884,2724.0288,6,2153.9,576.38300000000004,2633.8720000000003,2363.1070808644672,2224.775160864468,2536.1955566530078,10,48,32,94,70
39,30,30,AdaptiveCuttingAuction,0.05,0.02,10,True,,1000,3600,cats_reg_g30b150,True,heuristic,2,False,CATS,150,regions,MultiMinded,1000,MaxIter,334.820000000007,1968.0602,4,1918.66,764.726,1894.2838000000002,2002.7616025962895,1694.6364853246682,1761.6156969464346,19,58,31,86,60
40,30,33,AdaptiveCuttingAuction,0.05,0.02,10,True,,1000,3600,cats_reg_g30b150,True,heuristic,2,False,CATS,150,regions,MultiMinded,52,Balance,13.709999999991851,1942.0583000000001,3,1674.34,688.69799999999998,1942.0583000000001,1914.2549826098943,1810.9502826098944,1856.2429942321376,8,41,47,79,63
41,30,35,AdaptiveCuttingAuction,0.05,0.02,10,True,,1000,3600,cats_reg_g30b150,True,heuristic,2,False,CATS,150,regions,MultiMinded,279,Balance,91.15000000002328,1877.7214099999999,7,1423.29,646.35299999999995,1831.2470099999998,1832.881190070334,1639.1341110060421,1692.1966594996213,16,52,21,93,65
42,30,32,AdaptiveCuttingAuction,0.05,0.02,10,True,,1000,3600,cats_reg_g30b150,True,heuristic,2,False,CATS,150,regions,MultiMinded,239,Balance,69.11000000001513,2111.841,4,1703.5,646.17399999999998,2111.841,2106.6532510723296,1977.4184510723296,1999.8292239727471,8,1472,45,88,62
43,30,40,AdaptiveCuttingAuction,0.05,0.02,10,True,,1000,3600,cats_reg_g30b150,True,heuristic,2,False,CATS,150,regions,MultiMinded,179,Balance,76.06000000002678,2446.7208,6,1927.69,685.90899999999999,2446.7208,2152.6374272347998,2000.0091190100179,2322.3035301600767,19,58,23,92,70
44,30,35,AdaptiveCuttingAuction,0.05,0.02,10,True,,1000,3600,cats_reg_g30b150,True,heuristic,2,False,CATS,150,regions,MultiMinded,386,Balance,141.89999999999418,1711.1515999999997,8,1299.51,651.40899999999999,1570.5617999999997,1499.4587287112652,1271.4655787112654,1438.4490399478054,24,60,36,95,65
45,30,38,AdaptiveCuttingAuction,0.05,0.02,10,True,,1000,3600,cats_reg_g30b150,True,heuristic,2,False,CATS,150,regions,MultiMinded,193,Balance,82.31999999997788,2034.5094,6,1828.07,742.07299999999998,2034.5094,2047.7738128692208,1876.3576206690254,1906.6547255482105,8,46,33,102,68
46,30,31,AdaptiveCuttingAuction,0.05,0.02,10,True,,1000,3600,cats_reg_g30b150,True,heuristic,2,False,CATS,150,regions,MultiMinded,25,Balance,4.639999999984866,2564.0325000000003,3,2373.4,807.26099999999997,2549.4987,2484.8519078829895,2387.9805878829898,2509.2137731769421,1,30,32,65,61
47,30,37,AdaptiveCuttingAuction,0.05,0.02,10,True,,1000,3600,cats_reg_g30b150,True,heuristic,2,False,CATS,150,regions,MultiMinded,88,Balance,17.14999999999418,2233.1322,7,1669.44,664.97900000000004,2233.1322,2003.088242380413,1823.0055908721895,2109.621041892362,1,30,61,83,67
48,30,35,AdaptiveCuttingAuction,0.05,0.02,10,True,,1000,3600,cats_reg_g30b150,True,heuristic,2,False,CATS,150,regions,MultiMinded,219,Balance,83.1699999999837,2069.4358,7,1826.01,556.24350000000004,2069.4358,1960.808090473115,1766.1228654731149,1912.3291772112993,7,49,25,93,65
49,30,30,AdaptiveCuttingAuction,0.05,0.02,10,True,,1000,3600,cats_reg_g30b150,True,heuristic,2,False,CATS,150,regions,MultiMinded,103,Balance,22.330000000016298,1979.7895999999998,6,1594.07,673.82600000000002,1979.7895999999998,1957.2409324802804,1759.7883715498892,1838.773499615771,7,40,7,79,60
50,30,33,AdaptiveCuttingAuction,0.05,0.02,10,True,,1000,3600,cats_reg_g30b150,True,heuristic,2,False,CATS,150,regions,MultiMinded,133,Balance,29.760000000009313,2110.6722999999997,6,1335.35,460.47550000000001,2084.2086,1896.3223974228215,1771.9940124228215,1989.8134367473936,14,40,26,87,63
51,30,37,AdaptiveCuttingAuction,0.05,0.02,10,True,,1000,3600,cats_reg_g30b150,True,heuristic,2,False,CATS,150,regions,MultiMinded,47,Balance,13.279999999998836,2245.4244000000003,6,1882.26,597.73699999999997,2245.4244000000003,2145.9118157220232,2008.6178949484888,2153.3420046304514,8,44,41,88,67
52,30,32,AdaptiveCuttingAuction,0.05,0.02,10,True,,1000,3600,cats_reg_g30b150,True,heuristic,2,False,CATS,150,regions,MultiMinded,97,Balance,20.619999999995343,1756.6213,5,1409.87,556.45500000000004,1694.7150000000001,1622.0101338971181,1499.590033897118,1662.6767721698602,9,44,29,82,62
53,30,34,AdaptiveCuttingAuction,0.05,0.02,10,True,,1000,3600,cats_reg_g30b150,True,heuristic,2,False,CATS,150,regions,MultiMinded,1000,MaxIter,329.320000000007,2325.6629000000003,10,1796.97,570.23000000000002,2243.8459000000003,2140.7975140206454,1352.6725072888114,1619.3602672348829,15,62,11,94,64
54,30,37,AdaptiveCuttingAuction,0.05,0.02,10,True,,1000,3600,cats_reg_g30b150,True,heuristic,2,False,CATS,150,regions,MultiMinded,50,Balance,13.690000000002328,2355.424,6,2152.9,670.553,2355.424,2244.566538158218,2123.3617576781808,2266.1572688090928,6,41,52,88,67
55,30,33,AdaptiveCuttingAuction,0.05,0.02,10,True,,1000,3600,cats_reg_g30b150,True,heuristic,2,False,CATS,150,regions,MultiMinded,1000,MaxIter,427.0599999999977,2078.1524999999997,10,1352.37,548.28150000000005,2078.1524999999997,2106.5610220080084,1076.8892280155439,1150.3158844610221,29,48,24,96,63
56,30,39,AdaptiveCuttingAuction,0.05,0.02,10,True,,1000,3600,cats_reg_g30b150,True,heuristic,2,False,CATS,150,regions,MultiMinded,81,Balance,21.69000000000233,1893.3772000000004,9,1498.24,591.42200000000003,1893.3772000000004,1722.5776103402766,1491.9230303402765,1691.6037481087476,9,35,4,88,69
57,30,36,AdaptiveCuttingAuction,0.05,0.02,10,True,,1000,3600,cats_reg_g30b150,True,heuristic,2,False,CATS,150,regions,MultiMinded,66,Balance,17.489999999990687,1899.5301999999997,6,1604.44,621.16750000000002,1859.7639,1844.4051360126225,1660.1172561985934,1735.3437018046807,16,43,27,91,66
58,30,36,AdaptiveCuttingAuction,0.05,0.02,10,True,,1000,3600,cats_reg_g30b150,True,heuristic,2,False,CATS,150,regions,MultiMinded,980,Balance,373.88000000000466,2429.6093,6,2057.42,832.86300000000006,2429.6093,2285.6593836263564,2077.4436336263566,2226.0895011634971,9,46,38,95,66
59,30,39,AdaptiveCuttingAuction,0.05,0.02,10,True,,1000,3600,cats_reg_g30b150,True,heuristic,2,False,CATS,150,regions,MultiMinded,1000,MaxIter,394.61000000001513,2064.9126,8,1772.9,622.28800000000001,1925.3695,1949.3449317883108,1418.3639341662936,1543.2145901826816,27,50,32,100,69
60,30,35,AdaptiveCuttingAuction,0.05,0.02,10,True,,1000,3600,cats_reg_g30b150,True,heuristic,2,False,CATS,150,regions,MultiMinded,955,Balance,361.7299999999814,1956.0875,8,1842.74,450.80399999999997,1956.0875,1905.5346770447547,1738.737197044755,1805.2340346840576,26,67,8,97,65
61,30,37,AdaptiveCuttingAuction,0.05,0.02,10,True,,1000,3600,cats_reg_g30b150,True,heuristic,2,False,CATS,150,regions,MultiMinded,1000,MaxIter,504.9200000000128,1951.6029999999998,6,1560.47,530.9905,1405.8540999999998,1898.4298913986081,192.22498231659534,259.64365247904442,12,59,51,97,67
62,30,34,AdaptiveCuttingAuction,0.05,0.02,10,True,,1000,3600,cats_reg_g30b150,True,heuristic,2,False,CATS,150,regions,MultiMinded,187,Balance,52.25999999998021,1978.0167,7,1737.89,582.94900000000007,1977.3040999999998,1819.2853072130067,1618.4119792869437,1815.4272588451036,15,1462,27,90,64
63,30,30,AdaptiveCuttingAuction,0.05,0.02,10,True,,1000,3600,cats_reg_g30b150,True,heuristic,2,False,CATS,150,regions,MultiMinded,123,Balance,22.0,2547.4234,5,1821.34,869.476,2547.4234,2378.5731210276026,2164.6789863377212,2390.9380509766074,1,30,59,72,60
64,30,34,AdaptiveCuttingAuction,0.05,0.02,10,True,,1000,3600,cats_reg_g30b150,True,heuristic,2,False,CATS,150,regions,MultiMinded,80,Balance,24.45000000001164,2427.9729,8,1844.14,792.92899999999997,2427.9729,2146.2756656949632,1856.6390384166211,2195.2114725262663,14,51,66,84,64
65,30,36,AdaptiveCuttingAuction,0.05,0.02,10,True,,1000,3600,cats_reg_g30b150,True,heuristic,2,False,CATS,150,regions,MultiMinded,301,Balance,136.0100000000093,2209.3287,7,1779.98,732.52250000000004,2158.5827,1989.3702440990137,1810.2752314871129,2021.5076575817122,26,59,31,94,66
66,30,30,AdaptiveCuttingAuction,0.05,0.02,10,True,,1000,3600,cats_reg_g30b150,True,heuristic,2,False,CATS,150,regions,MultiMinded,56,Balance,9.420000000012806,2387.3904,2,2290.03,553.03500000000008,2387.3904,2279.6139947925444,2238.9757779195857,2373.8102130919392,1,30,2,69,60
67,30,41,AdaptiveCuttingAuction,0.05,0.02,10,True,,1000,3600,cats_reg_g30b150,True,heuristic,2,False,CATS,150,regions,MultiMinded,1000,MaxIter,694.8199999999779,2130.5865999999996,10,1569.3,447.20299999999997,1906.8310000000001,2063.5738413762147,921.20062810942966,1104.3482539675574,18,68,11,106,71
68,30,34,AdaptiveCuttingAuction,0.05,0.02,10,True,,1000,3600,cats_reg_g30b150,True,heuristic,2,False,CATS,150,regions,MultiMinded,61,Balance,22.130000000004657,1871.0335999999998,8,1491.62,623.48450000000003,1871.0335999999998,1798.973054886432,1576.2046575185304,1698.2033688837842,6,43,29,84,64
69,30,34,AdaptiveCuttingAuction,0.05,0.02,10,True,,1000,3600,cats_reg_g30b150,True,heuristic,2,False,CATS,150,regions,MultiMinded,46,Balance,8.079999999987194,2248.1536,8,1918.69,909.28949999999998,2248.1536,2235.6651197068181,1908.3208997068177,2012.2551543482855,1,29,38,81,64
70,30,32,AdaptiveCuttingAuction,0.05,0.02,10,True,,1000,3600,cats_reg_g30b150,True,heuristic,2,False,CATS,150,regions,MultiMinded,90,Balance,22.239999999990687,2074.3614,8,1794.89,671.03600000000006,2074.3064,1959.4408590360299,1734.1436135842703,1891.8231735059683,9,42,37,77,62
71,30,30,AdaptiveCuttingAuction,0.05,0.02,10,True,,1000,3600,cats_reg_g30b150,True,heuristic,2,False,CATS,150,regions,MultiMinded,496,Balance,145.25,2107.4125,3,1919.92,672.68100000000004,2107.4125,2099.7582800779305,2019.0365600779305,2083.8540695191955,26,66,38,84,60
72,30,35,AdaptiveCuttingAuction,0.05,0.02,10,True,,1000,3600,cats_reg_g30b150,True,heuristic,2,False,CATS,150,regions,MultiMinded,1000,MaxIter,378.20999999999185,1946.4843000000003,8,1216.53,554.09649999999999,1907.0553,1757.2660707661962,1364.8764110263671,1557.0759719135776,13,58,21,90,65
73,30,35,AdaptiveCuttingAuction,0.05,0.02,10,True,,1000,3600,cats_reg_g30b150,True,heuristic,2,False,CATS,150,regions,MultiMinded,196,Balance,57.789999999979045,1852.6272999999999,7,1445.38,663.03899999999999,1852.6272999999999,1669.1248838247413,1479.5504607964235,1750.9559386000478,25,46,27,89,65
74,30,31,AdaptiveCuttingAuction,0.05,0.02,10,True,,1000,3600,cats_reg_g30b150,True,heuristic,2,False,CATS,150,regions,MultiMinded,234,Balance,53.36999999999534,2020.0417,6,1744.34,781.83899999999994,2020.0417,1999.6345560798866,1765.0828560798866,1843.0852970627377,16,44,29,79,61
75,30,39,AdaptiveCuttingAuction,0.05,0.02,10,True,,1000,3600,cats_reg_g30b150,True,heuristic,2,False,CATS,150,regions,MultiMinded,577,Balance,307.72000000000116,2549.9302,11,1890.83,637.39099999999996,2549.9302,2297.8215231185254,1981.1824474821626,2265.6407719179069,27,68,12,103,69
76,30,36,AdaptiveCuttingAuction,0.05,0.02,10,True,,1000,3600,cats_reg_g30b150,True,heuristic,2,False,CATS,150,regions,MultiMinded,92,Balance,27.779999999998836,1970.4382,6,1633.82,405.01099999999997,1970.4382,1944.6373916726159,1823.134091672616,1870.357975991107,25,48,6,88,66
77,30,34,AdaptiveCuttingAuction,0.05,0.02,10,True,,1000,3600,cats_reg_g30b150,True,heuristic,2,False,CATS,150,regions,MultiMinded,90,Balance,21.449999999982538,1646.3148,2,1576.38,831.28949999999998,1628.0448,1663.9024088788719,1580.7734588788719,1585.0582160376769,27,43,39,78,64
78,30,34,AdaptiveCuttingAuction,0.05,0.02,10,True,,1000,3600,cats_reg_g30b150,True,heuristic,2,False,CATS,150,regions,MultiMinded,142,Balance,47.470000000001164,2412.1546,8,1881.66,768.41550000000007,2399.9085999999998,2304.78666662877,2028.1570866287698,2230.3035669988017,6,47,36,86,64
79,30,29,AdaptiveCuttingAuction,0.05,0.02,10,True,,1000,3600,cats_reg_g30b150,True,heuristic,2,False,CATS,150,regions,MultiMinded,118,Balance,26.14999999999418,2267.359,3,2060.3,919.01300000000003,2267.359,2270.6305939114213,2132.7786439114207,2223.6982384160169,10,45,32,85,59
80,30,37,AdaptiveCuttingAuction,0.05,0.02,10,True,,1000,3600,cats_reg_g30b150,True,heuristic,2,False,CATS,150,regions,MultiMinded,360,Balance,125.44000000000233,2112.5864,7,1592.54,576.49599999999998,2080.0854,1973.8314345845511,1789.3527145845505,1939.3309473303277,16,47,20,93,67
81,30,33,AdaptiveCuttingAuction,0.05,0.02,10,True,,1000,3600,cats_reg_g30b150,True,heuristic,2,False,CATS,150,regions,MultiMinded,117,Balance,29.020000000018626,1652.215,4,1316.69,725.81600000000003,1652.215,1686.5583514987702,1541.3951514987702,1550.7338455495853,22,43,35,76,63
82,30,35,AdaptiveCuttingAuction,0.05,0.02,10,True,,1000,3600,cats_reg_g30b150,True,heuristic,2,False,CATS,150,regions,MultiMinded,255,Balance,93.83999999999651,2109.0315,7,1900.31,619.13249999999994,2109.0315,2057.6594704883651,1887.9098520737437,1992.7976281362885,21,49,40,88,65
83,30,32,AdaptiveCuttingAuction,0.05,0.02,10,True,,1000,3600,cats_reg_g30b150,True,heuristic,2,False,CATS,150,regions,MultiMinded,74,Balance,17.44000000000233,2576.43019,7,2027.96,1059.6700000000001,2576.43019,2508.7462698052091,2169.6518698052091,2287.3746376014969,13,45,17,78,62
84,30,34,AdaptiveCuttingAuction,0.05,0.02,10,True,,1000,3600,cats_reg_g30b150,True,heuristic,2,False,CATS,150,regions,MultiMinded,423,Balance,138.38000000000466,1983.6759000000002,7,1485.27,650.14099999999996,1962.444,1834.7378873239968,1617.0815154630429,1799.0137029042962,26,65,28,93,64
85,30,33,AdaptiveCuttingAuction,0.05,0.02,10,True,,1000,3600,cats_reg_g30b150,True,heuristic,2,False,CATS,150,regions,MultiMinded,35,Balance,7.860000000015134,1650.3177,5,1136.81,534.83399999999995,1650.3177,1619.2158833748049,1501.5524033748047,1585.6444669978664,9,44,16,76,63
86,30,37,AdaptiveCuttingAuction,0.05,0.02,10,True,,1000,3600,cats_reg_g30b150,True,heuristic,2,False,CATS,150,regions,MultiMinded,26,Balance,4.3399999999965075,2073.2363,6,1605.13,504.47649999999999,2069.3503,1911.3664806548363,1780.2025906548363,1989.3578114912268,1,30,28,75,67
87,30,34,AdaptiveCuttingAuction,0.05,0.02,10,True,,1000,3600,cats_reg_g30b150,True,heuristic,2,False,CATS,150,regions,MultiMinded,1000,MaxIter,362.9400000000023,2161.5317,10,1611.82,461.19499999999999,2116.3567,2048.955744757443,1062.0625137720704,1222.0830537708748,19,66,17,92,64
88,30,35,AdaptiveCuttingAuction,0.05,0.02,10,True,,1000,3600,cats_reg_g30b150,True,heuristic,2,False,CATS,150,regions,MultiMinded,171,Balance,56.029999999998836,1960.6723,9,1579.4,529.16499999999996,1950.6343,1921.5155018938503,1717.6643060398071,1805.7814931455923,11,46,42,91,65
89,30,40,AdaptiveCuttingAuction,0.05,0.02,10,True,,1000,3600,cats_reg_g30b150,True,heuristic,2,False,CATS,150,regions,MultiMinded,58,Balance,14.989999999990687,2103.4608,12,1324.86,455.78500000000003,2103.4608,1709.085104451367,1499.424004451367,1925.1948174123308,25,46,51,93,70
90,30,36,AdaptiveCuttingAuction,0.05,0.02,10,True,,1000,3600,cats_reg_g30b150,True,heuristic,2,False,CATS,150,regions,MultiMinded,216,Balance,61.39999999999418,2252.2093,7,1749.09,686.99800000000005,2252.2093,2169.4693348871483,1942.3829043671742,2037.4062440279938,19,40,22,87,66
91,30,37,AdaptiveCuttingAuction,0.05,0.02,10,True,,1000,3600,cats_reg_g30b150,True,heuristic,2,False,CATS,150,regions,MultiMinded,258,Balance,91.26999999998952,2533.4677,9,1557.05,605.50300000000004,2533.4677,2182.3194656380865,2007.3948873575362,2393.569917815817,11,1591,31,90,67
92,30,37,AdaptiveCuttingAuction,0.05,0.02,10,True,,1000,3600,cats_reg_g30b150,True,heuristic,2,False,CATS,150,regions,MultiMinded,85,Balance,23.59000000002561,2087.0795,9,1557.29,467.12700000000001,2087.0795,1955.1319975341974,1744.9248475341972,1933.3236003550362,8,43,42,91,67
93,30,34,AdaptiveCuttingAuction,0.05,0.02,10,True,,1000,3600,cats_reg_g30b150,True,heuristic,2,False,CATS,150,regions,MultiMinded,118,Balance,38.36999999999534,2220.4165999999996,8,1477.09,531.97949999999992,2187.6236,2085.6014184241967,1878.1294134241971,2036.9957302886016,13,44,24,89,64
94,30,33,AdaptiveCuttingAuction,0.05,0.02,10,True,,1000,3600,cats_reg_g30b150,True,heuristic,2,False,CATS,150,regions,MultiMinded,1000,MaxIter,401.63000000000466,2089.1439,8,1850.23,583.02999999999997,1983.53779,1953.0092336814196,1263.1636826064578,1432.8761492151709,14,50,22,92,63
95,30,36,AdaptiveCuttingAuction,0.05,0.02,10,True,,1000,3600,cats_reg_g30b150,True,heuristic,2,False,CATS,150,regions,MultiMinded,168,Balance,51.470000000001164,2218.1557,7,1747.55,732.99250000000006,2218.1557,2109.325109282322,1889.4273592823217,2018.8410323146234,9,46,17,92,66
96,30,33,AdaptiveCuttingAuction,0.05,0.02,10,True,,1000,3600,cats_reg_g30b150,True,heuristic,2,False,CATS,150,regions,MultiMinded,186,Balance,60.94000000000233,1873.9284000000002,4,1690.89,555.43200000000002,1873.9284000000002,1823.0459465106881,1736.8174299527254,1817.7728190830537,15,49,33,87,63
97,30,37,AdaptiveCuttingAuction,0.05,0.02,10,True,,1000,3600,cats_reg_g30b150,True,heuristic,2,False,CATS,150,regions,MultiMinded,100,Balance,26.74000000001979,1853.4531000000002,9,1334.16,635.36699999999996,1830.2671,1798.4393324231737,1550.6462024231732,1649.2915140637415,7,39,20,89,67
98,30,36,AdaptiveCuttingAuction,0.05,0.02,10,True,,1000,3600,cats_reg_g30b150,True,heuristic,2,False,CATS,150,regions,MultiMinded,45,Balance,17.510000000009313,2779.0163,8,2131.76,620.35799999999995,2779.0163,2699.2238709426638,2469.6914109426639,2594.5959016647257,29,56,48,85,66
99,30,37,AdaptiveCuttingAuction,0.05,0.02,10,True,,1000,3600,cats_reg_g30b150,True,heuristic,2,False,CATS,150,regions,MultiMinded,98,Balance,30.279999999998836,2286.8288000000002,5,1573.72,543.00099999999998,2260.4235,2226.4028327677943,2108.2766807243161,2201.2646690934307,25,44,20,82,67
100,30,32,AdaptiveCuttingAuction,0.05,0.02,10,True,,1000,3600,cats_reg_g30b150,True,heuristic,2,False,CATS,150,regions,MultiMinded,274,Balance,56.19999999998254,1906.0085,9,1496.95,591.39400000000001,1906.0085,1774.41653570985,1508.2892357098499,1696.4377635744245,1,30,61,82,62
