idx,items,agents,auction_class,epsilon,stepc,epoch,scalebyvalue,reserve_type,maxiter,maxtime,generator_param_name,personalized,bidding_strategy,heuristic_pool_num,int_prices,generator,bids,distribution,type,rounds,status,runtime,efficient_value,final_num_winners,final_max_agent_value,final_scalevalue,final_value,final_total_price,final_revenue,final_indirect_util,final_price_degree,final_price_sparsity,final_imbalance,final_wd_nvars,final_wd_ncons
1,30,36,LinearSubgradientAuction,0.05,0.08,,True,,1000,3600,cats_reg_g30b150,,heuristic,3,False,CATS,150,regions,MultiMinded,1000,MaxIter,1487.75,2502.8085,12,1712.02,630.28700000000003,1812.0375,2399.8917838800267,756.30851063579019,953.30299000750335,1,30,18,2196,3306
2,30,38,LinearSubgradientAuction,0.05,0.08,,True,,1000,3600,cats_reg_g30b150,,heuristic,3,False,CATS,150,regions,MultiMinded,1000,MaxIter,1571.2100000000064,2067.4249,5,1460.04,478.96600000000001,758.6957,2213.4284999102583,24.520069477630443,30.254314947655793,1,30,15,2318,3488
3,30,36,LinearSubgradientAuction,0.05,0.08,,True,,1000,3600,cats_reg_g30b150,,heuristic,3,False,CATS,150,regions,MultiMinded,1000,MaxIter,1417.199999999997,2226.2472000000002,3,1961.0,494.50999999999999,1974.6032,2387.8179667241366,1909.7149546869457,1928.0874267731326,1,28,5,2124,3162
4,30,38,LinearSubgradientAuction,0.05,0.08,,True,,1000,3600,cats_reg_g30b150,,heuristic,3,False,CATS,150,regions,MultiMinded,1000,MaxIter,1568.340000000011,2004.9491999999998,7,1505.7,557.86300000000006,1306.8002000000001,2039.5538909661541,649.93219034612059,775.68602810729772,1,30,12,2318,3488
5,30,35,LinearSubgradientAuction,0.05,0.08,,True,,1000,3600,cats_reg_g30b150,,heuristic,3,False,CATS,150,regions,MultiMinded,1000,MaxIter,1438.2200000000012,1864.626,8,1703.97,505.12049999999999,995.1543999999999,2167.0391999205094,264.16513411602062,278.67312789153391,1,30,12,2135,3215
6,30,35,LinearSubgradientAuction,0.05,0.08,,True,,1000,3600,cats_reg_g30b150,,heuristic,3,False,CATS,150,regions,MultiMinded,1000,MaxIter,1393.5299999999988,2116.0368,8,1959.83,614.52500000000009,1551.9797999999998,2694.5409163270342,381.59385013975162,510.32463937558725,1,28,14,2065,3075
7,30,35,LinearSubgradientAuction,0.05,0.08,,True,,1000,3600,cats_reg_g30b150,,heuristic,3,False,CATS,150,regions,MultiMinded,1000,MaxIter,1421.5800000000017,2031.9575,7,1330.11,558.39999999999998,1383.2215,2836.058704592343,334.27573215758997,602.75147431583991,1,29,14,2100,3145
8,30,35,LinearSubgradientAuction,0.05,0.08,,True,,1000,3600,cats_reg_g30b150,,heuristic,3,False,CATS,150,regions,MultiMinded,1000,MaxIter,1448.12000000001,2027.57669,6,1379.5,642.28750000000002,614.7026900000001,2158.9824632479194,179.8336508939617,265.8644296222601,1,30,22,2135,3215
9,30,36,LinearSubgradientAuction,0.05,0.08,,True,,1000,3600,cats_reg_g30b150,,heuristic,3,False,CATS,150,regions,MultiMinded,1000,MaxIter,1454.3899999999994,1859.5272999999997,6,1542.29,443.88650000000001,839.5428999999999,2030.9194380195247,115.3676196564259,163.29948714466639,1,29,11,2160,3234
10,30,34,LinearSubgradientAuction,0.05,0.08,,True,,1000,3600,cats_reg_g30b150,,heuristic,3,False,CATS,150,regions,MultiMinded,1000,MaxIter,1407.5800000000017,2566.974,6,2112.56,626.02300000000002,1272.7572,2851.1076065587631,142.2238194247096,431.22258214434828,1,30,11,2074,3124
11,30,36,LinearSubgradientAuction,0.05,0.08,,True,,1000,3600,cats_reg_g30b150,,heuristic,3,False,CATS,150,regions,MultiMinded,1000,MaxIter,1485.2399999999907,2431.6115,7,2098.81,721.22149999999999,230.3535,2826.2215441536528,150.54457178447609,158.29079940521086,1,30,27,2196,3306
12,30,32,LinearSubgradientAuction,0.05,0.08,,True,,1000,3600,cats_reg_g30b150,,heuristic,3,False,CATS,150,regions,MultiMinded,1000,MaxIter,1317.5599999999977,1865.81568,5,1645.15,855.13049999999998,824.328,2299.1369474248554,283.51310269061366,646.53617363182207,1,30,18,1952,2942
13,30,35,LinearSubgradientAuction,0.05,0.08,,True,,1000,3600,cats_reg_g30b150,,heuristic,3,False,CATS,150,regions,MultiMinded,1000,MaxIter,1416.6399999999994,1773.5022000000001,7,1494.31,678.60900000000004,670.3437,1923.6818271898724,423.73007786407356,565.83199902776107,1,29,14,2100,3145
14,30,32,LinearSubgradientAuction,0.05,0.08,,True,,1000,3600,cats_reg_g30b150,,heuristic,3,False,CATS,150,regions,MultiMinded,1000,MaxIter,1251.800000000003,1980.1873000000003,9,1559.99,631.08900000000006,211.5977,2035.5500869289704,17.648192143693375,445.21264010691334,1,28,21,1888,2814
15,30,36,LinearSubgradientAuction,0.05,0.08,,True,,1000,3600,cats_reg_g30b150,,heuristic,3,False,CATS,150,regions,MultiMinded,144,Balance,210.0,2512.4141000000004,4,2312.23,781.00699999999995,2490.0381,2496.2266226669694,2340.0252226669695,2392.6950727124954,1,30,3,2196,3306
16,30,34,LinearSubgradientAuction,0.05,0.08,,True,,1000,3600,cats_reg_g30b150,,heuristic,3,False,CATS,150,regions,MultiMinded,1000,MaxIter,1351.75,1929.452,7,1789.44,584.255,1305.5865999999999,2108.6347766113681,35.604287472282152,162.03381395102622,1,28,16,2006,2988
17,30,33,LinearSubgradientAuction,0.05,0.08,,True,,1000,3600,cats_reg_g30b150,,heuristic,3,False,CATS,150,regions,MultiMinded,1000,MaxIter,1383.4400000000023,1934.7395999999999,5,1626.95,730.93200000000002,973.7254999999999,2073.6762283774765,167.58463196804558,188.79101187668553,1,30,20,2013,3033
18,30,34,LinearSubgradientAuction,0.05,0.08,,True,,1000,3600,cats_reg_g30b150,,heuristic,3,False,CATS,150,regions,MultiMinded,1000,MaxIter,1346.5899999999965,2504.1384,3,1818.33,781.33600000000001,1876.8914,2613.340802033782,1754.6816637414213,1841.7293276932528,1,28,10,2006,2988
19,30,36,LinearSubgradientAuction,0.05,0.08,,True,,1000,3600,cats_reg_g30b150,,heuristic,3,False,CATS,150,regions,MultiMinded,1000,MaxIter,1441.5699999999924,2560.7110000000002,12,1508.06,549.71399999999994,2153.601,2524.4242065351896,1238.2531665582565,1430.6845021632785,1,29,7,2160,3234
20,30,37,LinearSubgradientAuction,0.05,0.08,,True,,1000,3600,cats_reg_g30b150,,heuristic,3,False,CATS,150,regions,MultiMinded,1000,MaxIter,1548.3199999999924,1801.7813999999998,6,1490.47,395.125,950.7597,2133.9957464377908,694.81380035280324,755.22032798000396,1,30,20,2257,3397
21,30,33,LinearSubgradientAuction,0.05,0.08,,True,,1000,3600,cats_reg_g30b150,,heuristic,3,False,CATS,150,regions,MultiMinded,1000,MaxIter,1381.4599999999919,1553.7635,7,1374.19,778.39550000000008,840.9058,1749.3951323322983,174.93183424964195,175.01854550139282,1,30,65,2013,3033
22,30,38,LinearSubgradientAuction,0.05,0.08,,True,,1000,3600,cats_reg_g30b150,,heuristic,3,False,CATS,150,regions,MultiMinded,1000,MaxIter,1514.0899999999965,2312.252,4,2123.59,638.69949999999994,779.4947,2607.3454616740951,73.244677694809027,109.77833885444889,1,28,20,2242,3336
23,30,38,LinearSubgradientAuction,0.05,0.08,,True,,1000,3600,cats_reg_g30b150,,heuristic,3,False,CATS,150,regions,MultiMinded,1000,MaxIter,1557.5899999999965,2354.8725,6,1818.1,597.00800000000004,733.7909999999999,2351.7864216893036,60.067072822702272,249.25666463048182,1,29,19,2280,3412
24,30,35,LinearSubgradientAuction,0.05,0.08,,True,,1000,3600,cats_reg_g30b150,,heuristic,3,False,CATS,150,regions,MultiMinded,1000,MaxIter,1455.3099999999977,1892.4884,7,1241.36,538.58849999999995,1012.4998,2295.5492049153272,157.86819145174761,256.25260470124738,1,30,18,2135,3215
25,30,33,LinearSubgradientAuction,0.05,0.08,,True,,1000,3600,cats_reg_g30b150,,heuristic,3,False,CATS,150,regions,MultiMinded,1000,MaxIter,1365.1900000000023,1741.0822999999998,5,1538.41,861.41849999999999,917.5123000000001,2257.3407489263682,640.03946402018244,677.3612000413267,1,30,13,2013,3033
26,30,34,LinearSubgradientAuction,0.05,0.08,,True,,1000,3600,cats_reg_g30b150,,heuristic,3,False,CATS,150,regions,MultiMinded,1000,MaxIter,1391.2799999999988,2008.668,6,1919.5,424.82100000000003,459.67240000000004,2219.3992492209627,28.517333639703068,78.633962019446031,1,30,15,2074,3124
27,30,32,LinearSubgradientAuction,0.05,0.08,,True,,1000,3600,cats_reg_g30b150,,heuristic,3,False,CATS,150,regions,MultiMinded,1000,MaxIter,1274.6699999999983,2175.2061,4,1890.21,644.31150000000002,836.98,2892.4923490989122,0.0,25.75782952319209,1,29,14,1920,2878
28,30,37,LinearSubgradientAuction,0.05,0.08,,True,,1000,3600,cats_reg_g30b150,,heuristic,3,False,CATS,150,regions,MultiMinded,1000,MaxIter,1469.25,2040.43179,8,1615.6,517.23699999999997,508.73850000000004,2196.366820645354,140.17318341841508,337.7360193082103,1,28,13,2183,3249
29,30,33,LinearSubgradientAuction,0.05,0.08,,True,,1000,3600,cats_reg_g30b150,,heuristic,3,False,CATS,150,regions,MultiMinded,1000,MaxIter,1362.5399999999936,2111.632,4,1854.64,708.57899999999995,551.7,2389.5508546003985,157.91743776939393,305.76570188260501,1,30,24,2013,3033
30,30,35,LinearSubgradientAuction,0.05,0.08,,True,,1000,3600,cats_reg_g30b150,,heuristic,3,False,CATS,150,regions,MultiMinded,1000,MaxIter,1446.9000000000087,2323.0769999999998,8,1594.17,462.18150000000003,1306.8322,2315.2202876587871,745.32016056682835,959.74283139751367,1,30,12,2135,3215
31,30,34,LinearSubgradientAuction,0.05,0.08,,True,,1000,3600,cats_reg_g30b150,,heuristic,3,False,CATS,150,regions,MultiMinded,1000,MaxIter,1341.5299999999988,2659.4860000000003,5,2167.09,585.07799999999997,1647.5780000000002,3291.8869550784352,835.46042593175241,1139.5104747168766,1,28,7,2006,2988
32,30,37,LinearSubgradientAuction,0.05,0.08,,True,,1000,3600,cats_reg_g30b150,,heuristic,3,False,CATS,150,regions,MultiMinded,1000,MaxIter,1527.179999999993,1999.8556999999998,10,1545.46,522.50199999999995,1163.6101999999998,2179.7030346393044,269.05765235576143,324.08409669922713,1,30,19,2257,3397
33,30,37,LinearSubgradientAuction,0.05,0.08,,True,,1000,3600,cats_reg_g30b150,,heuristic,3,False,CATS,150,regions,MultiMinded,1000,MaxIter,1477.75,1805.9524000000001,12,1582.17,487.50400000000002,601.2831,2730.0852087911944,93.841157939215861,355.28042558250633,1,28,16,2183,3249
34,30,39,LinearSubgradientAuction,0.05,0.08,,True,,1000,3600,cats_reg_g30b150,,heuristic,3,False,CATS,150,regions,MultiMinded,1000,MaxIter,1631.5100000000093,1983.6001999999999,10,1564.76,623.41200000000003,1165.5135999999998,2250.6565125920329,831.04908524080963,987.80724308510469,1,30,18,2379,3579
35,30,38,LinearSubgradientAuction,0.05,0.08,,True,,1000,3600,cats_reg_g30b150,,heuristic,3,False,CATS,150,regions,MultiMinded,1000,MaxIter,1590.479999999996,2341.4052,6,1755.59,637.298,243.0188,3063.8410752974301,62.966597101447903,190.56114244762276,1,30,21,2318,3488
36,30,33,LinearSubgradientAuction,0.05,0.08,,True,,1000,3600,cats_reg_g30b150,,heuristic,3,False,CATS,150,regions,MultiMinded,1000,MaxIter,1323.199999999997,2136.9992,6,1693.26,587.83249999999998,1025.8858,2736.8330403498139,153.2434617365505,365.07171746878112,1,29,13,1980,2967
37,30,34,LinearSubgradientAuction,0.05,0.08,,True,,1000,3600,cats_reg_g30b150,,heuristic,3,False,CATS,150,regions,MultiMinded,1000,MaxIter,1411.3999999999942,1991.3467,9,1812.59,701.23299999999995,1413.7235,2947.7248911776574,820.27796713445423,927.28343194037348,1,30,19,2074,3124
38,30,40,LinearSubgradientAuction,0.05,0.08,,True,,1000,3600,cats_reg_g30b150,,heuristic,3,False,CATS,150,regions,MultiMinded,1000,MaxIter,1665.6199999999953,2724.0288,12,2153.9,576.38300000000004,1004.8825,2595.0465190696304,378.01093925167601,584.06262428186574,1,30,12,2440,3670
39,30,30,LinearSubgradientAuction,0.05,0.08,,True,,1000,3600,cats_reg_g30b150,,heuristic,3,False,CATS,150,regions,MultiMinded,1000,MaxIter,1221.0099999999948,1968.0602,3,1918.66,764.726,751.232,2411.4065697745536,397.76812220566444,696.5239662874061,1,30,18,1830,2760
40,30,33,LinearSubgradientAuction,0.05,0.08,,True,,1000,3600,cats_reg_g30b150,,heuristic,3,False,CATS,150,regions,MultiMinded,1000,MaxIter,1365.0100000000093,1942.0583000000001,6,1674.34,688.69799999999998,522.8183,1987.2446183499167,136.49297630976602,141.23991644416361,1,30,33,2013,3033
41,30,35,LinearSubgradientAuction,0.05,0.08,,True,,1000,3600,cats_reg_g30b150,,heuristic,3,False,CATS,150,regions,MultiMinded,1000,MaxIter,1438.4000000000087,1877.7214099999999,5,1423.29,646.35299999999995,1071.9965,1999.9975949978575,933.11211112642093,955.08714805708019,1,30,15,2135,3215
42,30,32,LinearSubgradientAuction,0.05,0.08,,True,,1000,3600,cats_reg_g30b150,,heuristic,3,False,CATS,150,regions,MultiMinded,1000,MaxIter,1300.699999999997,2111.841,7,1703.5,646.17399999999998,1020.357,2518.6252966821653,252.07288086190647,258.83501424918069,1,30,23,1952,2942
43,30,40,LinearSubgradientAuction,0.05,0.08,,True,,1000,3600,cats_reg_g30b150,,heuristic,3,False,CATS,150,regions,MultiMinded,1000,MaxIter,1644.229999999996,2446.7208,9,1927.69,685.90899999999999,1355.2237,2355.3733519714242,461.72837132154092,688.35801372946094,1,29,13,2400,3590
44,30,35,LinearSubgradientAuction,0.05,0.08,,True,,1000,3600,cats_reg_g30b150,,heuristic,3,False,CATS,150,regions,MultiMinded,1000,MaxIter,1449.8999999999942,1711.1515999999997,4,1299.51,651.40899999999999,653.5839000000001,1814.4654412215202,424.57286957007051,564.22243857451758,1,30,19,2135,3215
45,30,38,LinearSubgradientAuction,0.05,0.08,,True,,1000,3600,cats_reg_g30b150,,heuristic,3,False,CATS,150,regions,MultiMinded,1000,MaxIter,1538.9600000000064,2034.5094,9,1828.07,742.07299999999998,911.3869,2805.7578729694833,0.0,117.64778958098663,1,29,16,2280,3412
46,30,31,LinearSubgradientAuction,0.05,0.08,,True,,1000,3600,cats_reg_g30b150,,heuristic,3,False,CATS,150,regions,MultiMinded,1000,MaxIter,1270.2799999999988,2564.0325000000003,8,2373.4,807.26099999999997,772.2215,2705.9245480182253,217.99646785663714,384.68754333261012,1,30,12,1891,2851
47,30,37,LinearSubgradientAuction,0.05,0.08,,True,,1000,3600,cats_reg_g30b150,,heuristic,3,False,CATS,150,regions,MultiMinded,1000,MaxIter,1497.12000000001,2233.1322,9,1669.44,664.97900000000004,1070.6476,2297.4962591227763,678.90843215929146,813.29880337558757,1,29,14,2220,3323
48,30,35,LinearSubgradientAuction,0.05,0.08,,True,,1000,3600,cats_reg_g30b150,,heuristic,3,False,CATS,150,regions,MultiMinded,1000,MaxIter,1445.070000000007,2069.4358,6,1826.01,556.24350000000004,982.0649000000001,2280.3460296770108,95.237399111384377,210.68993173778793,1,30,17,2135,3215
49,30,30,LinearSubgradientAuction,0.05,0.08,,True,,1000,3600,cats_reg_g30b150,,heuristic,3,False,CATS,150,regions,MultiMinded,1000,MaxIter,1228.050000000003,1979.7895999999998,3,1594.07,673.82600000000002,702.39,2098.9658133790817,69.683218088032845,130.15562692039472,1,30,20,1830,2760
50,30,33,LinearSubgradientAuction,0.05,0.08,,True,,1000,3600,cats_reg_g30b150,,heuristic,3,False,CATS,150,regions,MultiMinded,1000,MaxIter,1374.5,2110.6722999999997,6,1335.35,460.47550000000001,1062.5052999999998,2196.0845212811623,136.26820141007516,274.67112374930525,1,30,17,2013,3033
51,30,37,LinearSubgradientAuction,0.05,0.08,,True,,1000,3600,cats_reg_g30b150,,heuristic,3,False,CATS,150,regions,MultiMinded,1000,MaxIter,1462.2099999999919,2245.4244000000003,3,1882.26,597.73699999999997,1037.8584,2266.8110042855592,17.932109999999977,100.3580865067113,1,28,26,2183,3249
52,30,32,LinearSubgradientAuction,0.05,0.08,,True,,1000,3600,cats_reg_g30b150,,heuristic,3,False,CATS,150,regions,MultiMinded,1000,MaxIter,1304.2100000000064,1756.6213,6,1409.87,556.45500000000004,475.0933,2156.2246884288847,147.28047061186234,203.70971668744016,1,30,18,1952,2942
53,30,34,LinearSubgradientAuction,0.05,0.08,,True,,1000,3600,cats_reg_g30b150,,heuristic,3,False,CATS,150,regions,MultiMinded,1000,MaxIter,1391.7400000000052,2325.6629000000003,9,1796.97,570.23000000000002,1838.2614,2352.5723591942492,826.71377164227408,968.44633278363585,1,30,8,2074,3124
54,30,37,LinearSubgradientAuction,0.05,0.08,,True,,1000,3600,cats_reg_g30b150,,heuristic,3,False,CATS,150,regions,MultiMinded,1000,MaxIter,1532.0099999999948,2355.424,9,2152.9,670.553,1484.9627,2840.2441604850892,206.80202028656922,277.40722587771137,1,30,13,2257,3397
55,30,33,LinearSubgradientAuction,0.05,0.08,,True,,1000,3600,cats_reg_g30b150,,heuristic,3,False,CATS,150,regions,MultiMinded,1000,MaxIter,1379.1900000000023,2078.1524999999997,8,1352.37,548.28150000000005,595.2534999999999,2311.7012183475317,294.97813242906545,311.44015888548802,1,30,17,2013,3033
56,30,39,LinearSubgradientAuction,0.05,0.08,,True,,1000,3600,cats_reg_g30b150,,heuristic,3,False,CATS,150,regions,MultiMinded,1000,MaxIter,1594.37000000001,1893.3772000000004,6,1498.24,591.42200000000003,849.9092,1907.7793351317937,238.87889998209954,321.63845559300535,1,29,17,2340,3501
57,30,36,LinearSubgradientAuction,0.05,0.08,,True,,1000,3600,cats_reg_g30b150,,heuristic,3,False,CATS,150,regions,MultiMinded,1000,MaxIter,1492.9800000000105,1899.5301999999997,7,1604.44,621.16750000000002,1206.8011999999999,2054.5539289224248,285.76183809407377,331.67174280975149,1,30,24,2196,3306
58,30,36,LinearSubgradientAuction,0.05,0.08,,True,,1000,3600,cats_reg_g30b150,,heuristic,3,False,CATS,150,regions,MultiMinded,1000,MaxIter,1513.7799999999988,2429.6093,6,2057.42,832.86300000000006,560.4672,2482.6078726159917,168.1592187889209,246.09083710758435,1,30,19,2196,3306
59,30,39,LinearSubgradientAuction,0.05,0.08,,True,,1000,3600,cats_reg_g30b150,,heuristic,3,False,CATS,150,regions,MultiMinded,1000,MaxIter,1628.2200000000012,2064.9126,5,1772.9,622.28800000000001,1785.5875999999998,2240.2566037260981,939.99409585586966,1033.1856017770615,1,30,14,2379,3579
60,30,35,LinearSubgradientAuction,0.05,0.08,,True,,1000,3600,cats_reg_g30b150,,heuristic,3,False,CATS,150,regions,MultiMinded,1000,MaxIter,1391.0399999999936,1956.0875,5,1842.74,450.80399999999997,855.4265,2174.116951498761,726.55767884375359,793.29334637478519,1,28,16,2065,3075
61,30,37,LinearSubgradientAuction,0.05,0.08,,True,,1000,3600,cats_reg_g30b150,,heuristic,3,False,CATS,150,regions,MultiMinded,1000,MaxIter,1524.8600000000006,1951.6029999999998,9,1560.47,530.9905,1289.4546,2071.8631595341303,1064.6288883948348,1110.6555311580553,1,30,8,2257,3397
62,30,34,LinearSubgradientAuction,0.05,0.08,,True,,1000,3600,cats_reg_g30b150,,heuristic,3,False,CATS,150,regions,MultiMinded,1000,MaxIter,1405.1800000000076,1978.0167,8,1737.89,582.94900000000007,905.3115399999999,2095.3403018990098,85.459325852272286,352.93764814713779,1,30,13,2074,3124
63,30,30,LinearSubgradientAuction,0.05,0.08,,True,,1000,3600,cats_reg_g30b150,,heuristic,3,False,CATS,150,regions,MultiMinded,1000,MaxIter,1190.8300000000017,2547.4234,9,1821.34,869.476,853.7724000000001,2735.8917674505706,142.09972994568358,262.56210523824569,1,29,33,1800,2700
64,30,34,LinearSubgradientAuction,0.05,0.08,,True,,1000,3600,cats_reg_g30b150,,heuristic,3,False,CATS,150,regions,MultiMinded,1000,MaxIter,1401.8500000000058,2427.9729,10,1844.14,792.92899999999997,1404.9231,2641.0899197570338,750.24426423587624,799.10533489521617,1,30,14,2074,3124
65,30,36,LinearSubgradientAuction,0.05,0.08,,True,,1000,3600,cats_reg_g30b150,,heuristic,3,False,CATS,150,regions,MultiMinded,1000,MaxIter,1486.1399999999994,2209.3287,8,1779.98,732.52250000000004,1485.6246,2346.2135432933278,149.52091735205011,233.88253971457715,1,30,11,2196,3306
66,30,30,LinearSubgradientAuction,0.05,0.08,,True,,1000,3600,cats_reg_g30b150,,heuristic,3,False,CATS,150,regions,MultiMinded,1000,MaxIter,1194.5400000000081,2387.3904,5,2290.03,553.03500000000008,1400.4263999999998,2376.1703685140055,1296.3365084921957,1354.4212553482951,1,29,23,1800,2700
67,30,41,LinearSubgradientAuction,0.05,0.08,,True,,1000,3600,cats_reg_g30b150,,heuristic,3,False,CATS,150,regions,MultiMinded,1000,MaxIter,1720.3500000000058,2130.5865999999996,8,1569.3,447.20299999999997,1930.0225999999998,2314.9075007750453,230.26597593532424,357.41535775846216,1,30,17,2501,3761
68,30,34,LinearSubgradientAuction,0.05,0.08,,True,,1000,3600,cats_reg_g30b150,,heuristic,3,False,CATS,150,regions,MultiMinded,1000,MaxIter,1405.1699999999983,1871.0335999999998,4,1491.62,623.48450000000003,432.69149999999996,2063.5997433565449,94.41126014843276,276.01379737813437,1,30,25,2074,3124
69,30,34,LinearSubgradientAuction,0.05,0.08,,True,,1000,3600,cats_reg_g30b150,,heuristic,3,False,CATS,150,regions,MultiMinded,1000,MaxIter,1399.6699999999983,2248.1536,8,1918.69,909.28949999999998,1282.9976000000001,2391.6568714139148,107.90714161295074,174.97516754831787,1,29,21,2040,3056
70,30,32,LinearSubgradientAuction,0.05,0.08,,True,,1000,3600,cats_reg_g30b150,,heuristic,3,False,CATS,150,regions,MultiMinded,1000,MaxIter,1330.729999999996,2074.3614,6,1794.89,671.03600000000006,1008.4914000000001,3621.9282316465387,48.196097159223406,258.59115255246144,1,30,9,1952,2942
71,30,30,LinearSubgradientAuction,0.05,0.08,,True,,1000,3600,cats_reg_g30b150,,heuristic,3,False,CATS,150,regions,MultiMinded,1000,MaxIter,1199.5399999999936,2107.4125,4,1919.92,672.68100000000004,941.137,2363.830599296979,307.54804548317554,388.9225150987196,1,29,20,1800,2700
72,30,35,LinearSubgradientAuction,0.05,0.08,,True,,1000,3600,cats_reg_g30b150,,heuristic,3,False,CATS,150,regions,MultiMinded,1000,MaxIter,1436.729999999996,1946.4843000000003,8,1216.53,554.09649999999999,759.3213,2207.4211680055419,352.79775729267226,438.2638303753422,1,30,18,2135,3215
73,30,35,LinearSubgradientAuction,0.05,0.08,,True,,1000,3600,cats_reg_g30b150,,heuristic,3,False,CATS,150,regions,MultiMinded,1000,MaxIter,1438.25,1852.6272999999999,9,1445.38,663.03899999999999,703.3092,2120.6394959751919,113.1641106947589,299.80781571709855,1,30,14,2135,3215
74,30,31,LinearSubgradientAuction,0.05,0.08,,True,,1000,3600,cats_reg_g30b150,,heuristic,3,False,CATS,150,regions,MultiMinded,1000,MaxIter,1279.1199999999953,2020.0417,7,1744.34,781.83899999999994,660.6031,2361.5447813788187,188.22147409179081,280.75476857031379,1,30,30,1891,2851
75,30,39,LinearSubgradientAuction,0.05,0.08,,True,,1000,3600,cats_reg_g30b150,,heuristic,3,False,CATS,150,regions,MultiMinded,1000,MaxIter,1614.8999999999942,2549.9302,9,1890.83,637.39099999999996,998.6332,3528.0671979601152,165.57669082450695,522.13102850356631,1,30,13,2379,3579
76,30,36,LinearSubgradientAuction,0.05,0.08,,True,,1000,3600,cats_reg_g30b150,,heuristic,3,False,CATS,150,regions,MultiMinded,1000,MaxIter,1496.0399999999936,1970.4382,7,1633.82,405.01099999999997,632.5912000000001,2099.6670465590664,508.3133024389499,535.07661021194428,1,30,21,2196,3306
77,30,34,LinearSubgradientAuction,0.05,0.08,,True,,1000,3600,cats_reg_g30b150,,heuristic,3,False,CATS,150,regions,MultiMinded,1000,MaxIter,1398.25,1646.3148,7,1576.38,831.28949999999998,453.8293,1718.5600424254501,133.20289612639203,210.16289882494132,1,30,12,2074,3124
78,30,34,LinearSubgradientAuction,0.05,0.08,,True,,1000,3600,cats_reg_g30b150,,heuristic,3,False,CATS,150,regions,MultiMinded,1000,MaxIter,1393.6900000000023,2412.1546,8,1881.66,768.41550000000007,812.7861,3239.9548567633797,147.07530470190488,411.21984251391086,1,30,10,2074,3124
79,30,29,LinearSubgradientAuction,0.05,0.08,,True,,1000,3600,cats_reg_g30b150,,heuristic,3,False,CATS,150,regions,MultiMinded,1000,MaxIter,1200.8500000000058,2267.359,5,2060.3,919.01300000000003,1050.748,2468.0844335700226,804.22708357004262,1000.0563993274377,1,30,24,1769,2669
80,30,37,LinearSubgradientAuction,0.05,0.08,,True,,1000,3600,cats_reg_g30b150,,heuristic,3,False,CATS,150,regions,MultiMinded,1000,MaxIter,1475.1000000000058,2112.5864,11,1592.54,576.49599999999998,1078.4562999999998,2359.6625323832914,398.07363680228832,504.04394036886578,1,28,18,2183,3249
81,30,33,LinearSubgradientAuction,0.05,0.08,,True,,1000,3600,cats_reg_g30b150,,heuristic,3,False,CATS,150,regions,MultiMinded,1000,MaxIter,1329.4500000000116,1652.215,4,1316.69,725.81600000000003,645.295,1877.0133450872545,110.5252069301187,337.58271007598199,1,29,19,1980,2967
82,30,35,LinearSubgradientAuction,0.05,0.08,,True,,1000,3600,cats_reg_g30b150,,heuristic,3,False,CATS,150,regions,MultiMinded,1000,MaxIter,1441.3099999999977,2109.0315,6,1900.31,619.13249999999994,267.6259,2295.4557471549369,79.481645627133744,233.53814056433288,1,30,20,2135,3215
83,30,32,LinearSubgradientAuction,0.05,0.08,,True,,1000,3600,cats_reg_g30b150,,heuristic,3,False,CATS,150,regions,MultiMinded,1000,MaxIter,1288.3600000000006,2576.43019,6,2027.96,1059.6700000000001,1354.4842000000003,2931.0325249165858,515.73740891228078,591.55970050501764,1,29,8,1920,2878
84,30,34,LinearSubgradientAuction,0.05,0.08,,True,,1000,3600,cats_reg_g30b150,,heuristic,3,False,CATS,150,regions,MultiMinded,1000,MaxIter,1407.7100000000064,1983.6759000000002,4,1485.27,650.14099999999996,350.90880000000004,2096.1292289571361,99.372697176955967,272.89729846539382,1,30,25,2074,3124
85,30,33,LinearSubgradientAuction,0.05,0.08,,True,,1000,3600,cats_reg_g30b150,,heuristic,3,False,CATS,150,regions,MultiMinded,1000,MaxIter,1305.6199999999953,1650.3177,6,1136.81,534.83399999999995,625.7266999999999,1779.0040018870825,42.14309746816221,56.514670318771316,1,28,11,1947,2901
86,30,37,LinearSubgradientAuction,0.05,0.08,,True,,1000,3600,cats_reg_g30b150,,heuristic,3,False,CATS,150,regions,MultiMinded,1000,MaxIter,1457.2600000000093,2073.2363,5,1605.13,504.47649999999999,177.9803,1928.1651824518908,55.492414999999994,301.85306018237452,1,28,22,2183,3249
87,30,34,LinearSubgradientAuction,0.05,0.08,,True,,1000,3600,cats_reg_g30b150,,heuristic,3,False,CATS,150,regions,MultiMinded,1000,MaxIter,1390.7899999999936,2161.5317,8,1611.82,461.19499999999999,1350.1977000000002,2382.2057205925003,95.482444646471038,316.99048963390123,1,30,10,2074,3124
88,30,35,LinearSubgradientAuction,0.05,0.08,,True,,1000,3600,cats_reg_g30b150,,heuristic,3,False,CATS,150,regions,MultiMinded,1000,MaxIter,1412.699999999997,1960.6723,8,1579.4,529.16499999999996,1300.6921000000002,2052.9725529049288,633.25881101386062,681.55574564797564,1,29,9,2100,3145
89,30,40,LinearSubgradientAuction,0.05,0.08,,True,,1000,3600,cats_reg_g30b150,,heuristic,3,False,CATS,150,regions,MultiMinded,1000,MaxIter,1632.25,2103.4608,11,1324.86,455.78500000000003,960.6825,1982.3296314906406,151.12553164870005,370.65886120814514,1,29,16,2400,3590
90,30,36,LinearSubgradientAuction,0.05,0.08,,True,,1000,3600,cats_reg_g30b150,,heuristic,3,False,CATS,150,regions,MultiMinded,1000,MaxIter,1479.820000000007,2252.2093,8,1749.09,686.99800000000005,1453.1333,2402.9988455567582,655.10429719104411,857.46997290319791,1,30,9,2196,3306
91,30,37,LinearSubgradientAuction,0.05,0.08,,True,,1000,3600,cats_reg_g30b150,,heuristic,3,False,CATS,150,regions,MultiMinded,1000,MaxIter,1474.9300000000076,2533.4677,12,1557.05,605.50300000000004,1406.8560000000002,3821.3452338492971,273.49389607534573,716.08346356235984,1,28,11,2183,3249
92,30,37,LinearSubgradientAuction,0.05,0.08,,True,,1000,3600,cats_reg_g30b150,,heuristic,3,False,CATS,150,regions,MultiMinded,1000,MaxIter,1545.6199999999953,2087.0795,7,1557.29,467.12700000000001,1304.8797,2195.5045484171651,340.85060828232116,379.51864779338348,1,30,15,2257,3397
93,30,34,LinearSubgradientAuction,0.05,0.08,,True,,1000,3600,cats_reg_g30b150,,heuristic,3,False,CATS,150,regions,MultiMinded,1000,MaxIter,1395.8499999999913,2220.4165999999996,8,1477.09,531.97949999999992,867.7386999999999,3229.8745893842902,409.32982191840841,637.86743103804849,1,30,22,2074,3124
94,30,33,LinearSubgradientAuction,0.05,0.08,,True,,1000,3600,cats_reg_g30b150,,heuristic,3,False,CATS,150,regions,MultiMinded,1000,MaxIter,1321.1899999999878,2089.1439,6,1850.23,583.02999999999997,1026.3509000000001,2125.3101613192421,10.270576678800253,141.54519104119845,1,29,20,1980,2967
95,30,36,LinearSubgradientAuction,0.05,0.08,,True,,1000,3600,cats_reg_g30b150,,heuristic,3,False,CATS,150,regions,MultiMinded,1000,MaxIter,1501.270000000004,2218.1557,5,1747.55,732.99250000000006,1146.4786,2686.9951573825419,205.10480566988224,277.98706597996079,1,30,15,2196,3306
96,30,33,LinearSubgradientAuction,0.05,0.08,,True,,1000,3600,cats_reg_g30b150,,heuristic,3,False,CATS,150,regions,MultiMinded,1000,MaxIter,1372.7399999999907,1873.9284000000002,7,1690.89,555.43200000000002,1157.8045000000002,2244.3042922328868,204.75383200317029,271.33877448816088,1,30,11,2013,3033
97,30,37,LinearSubgradientAuction,0.05,0.08,,True,,1000,3600,cats_reg_g30b150,,heuristic,3,False,CATS,150,regions,MultiMinded,1000,MaxIter,1524.8699999999953,1853.4531000000002,10,1334.16,635.36699999999996,1033.2181,1908.6846164150102,323.33868787925582,393.26986823203231,1,30,14,2257,3397
98,30,36,LinearSubgradientAuction,0.05,0.08,,True,,1000,3600,cats_reg_g30b150,,heuristic,3,False,CATS,150,regions,MultiMinded,1000,MaxIter,1490.4599999999919,2779.0163,9,2131.76,620.35799999999995,1988.5083,3089.1173732703223,802.20119553972609,1004.4653196059239,1,30,14,2196,3306
99,30,37,LinearSubgradientAuction,0.05,0.08,,True,,1000,3600,cats_reg_g30b150,,heuristic,3,False,CATS,150,regions,MultiMinded,1000,MaxIter,1525.3499999999913,2286.8288000000002,4,1573.72,543.00099999999998,1483.6718,2472.1736180290145,850.86279391534583,891.39669466702594,1,30,21,2257,3397
100,30,32,LinearSubgradientAuction,0.05,0.08,,True,,1000,3600,cats_reg_g30b150,,heuristic,3,False,CATS,150,regions,MultiMinded,1000,MaxIter,1318.6500000000087,1906.0085,7,1496.95,591.39400000000001,801.3746000000001,2003.0080254456147,442.40235430127939,451.7205519221647,1,30,10,1952,2942
