idx,items,agents,auction_class,epsilon,stepc,epoch,scalebyvalue,reserve_type,maxiter,maxtime,generator_param_name,personalized,int_prices,generator,bids,distribution,type,rounds,status,runtime,efficient_value,final_num_winners,final_max_agent_value,final_scalevalue,final_value,final_total_price,final_revenue,final_indirect_util,final_price_degree,final_price_sparsity,final_imbalance,final_wd_nvars,final_wd_ncons
1,30,34,LinearHeuristicAuction,0.1,0.08,,True,,1000,10800,cats_arbitrary_g30b150,,False,CATS,150,arbitrary,MultiMinded,1000,MaxIter,117.59000000000015,1985.8648,1,1958.65,585.33899999999994,1958.65,2223.4980346577022,0,26.838610374046823,1,30,34,106,64
2,30,35,LinearHeuristicAuction,0.1,0.08,,True,,1000,10800,cats_arbitrary_g30b150,,False,CATS,150,arbitrary,MultiMinded,39,Balance,3.7999999999992724,2197.79,1,2197.79,440.00599999999997,2197.79,2237.0389856949319,2193.038385694932,2278.886172027298,1,30,86,82,65
3,30,33,LinearHeuristicAuction,0.1,0.08,,True,,1000,10800,cats_arbitrary_g30b150,,False,CATS,150,arbitrary,MultiMinded,1000,MaxIter,109.25,2537.724,1,1980.67,603.23800000000006,1980.67,2856.233195382471,0,4.2452456265993987,1,30,80,94,63
4,30,33,LinearHeuristicAuction,0.1,0.08,,True,,1000,10800,cats_arbitrary_g30b150,,False,CATS,150,arbitrary,MultiMinded,1000,MaxIter,111.08000000000175,2018.328,1,1780.26,501.12400000000002,1749.98,2162.4923801250848,0,34.002147183496255,1,30,42,99,63
5,30,32,LinearHeuristicAuction,0.1,0.08,,True,,1000,10800,cats_arbitrary_g30b150,,False,CATS,150,arbitrary,MultiMinded,1000,MaxIter,115.67000000000189,1876.8708299999998,1,1770.89,624.08600000000001,1478.79,2313.2856117161068,0,4.7997847861735181,1,30,32,96,62
6,30,33,LinearHeuristicAuction,0.1,0.08,,True,,1000,10800,cats_arbitrary_g30b150,,False,CATS,150,arbitrary,MultiMinded,1000,MaxIter,112.65000000000146,2052.619,1,1672.04,727.22400000000005,1511.41,2632.5757533159372,0,20.482007014937665,1,30,60,96,63
7,30,30,LinearHeuristicAuction,0.1,0.08,,True,,1000,10800,cats_arbitrary_g30b150,,False,CATS,150,arbitrary,MultiMinded,1000,MaxIter,121.93000000000029,2256.612,1,2088.18,661.12950000000001,2088.18,2698.794670189061,0,0.0,1,30,30,104,60
8,30,35,LinearHeuristicAuction,0.1,0.08,,True,,1000,10800,cats_arbitrary_g30b150,,False,CATS,150,arbitrary,MultiMinded,1000,MaxIter,134.52000000000044,1886.9858,1,1721.43,762.18450000000007,1639.94,2051.5814318188973,0,0.0,1,30,30,100,65
9,30,32,LinearHeuristicAuction,0.1,0.08,,True,,1000,10800,cats_arbitrary_g30b150,,False,CATS,150,arbitrary,MultiMinded,293,Balance,36.080000000001746,1903.7699,5,1559.25,844.62750000000005,1890.7119,1945.9330224029432,1560.5361711568817,1708.5441859996977,1,30,93,92,62
10,30,36,LinearHeuristicAuction,0.1,0.08,,True,,1000,10800,cats_arbitrary_g30b150,,False,CATS,150,arbitrary,MultiMinded,1000,MaxIter,104.59000000000015,2500.0740000000005,1,2217.68,621.28700000000003,2217.68,2744.7003908657621,0,34.90429977121876,1,30,39,95,66
11,30,30,LinearHeuristicAuction,0.1,0.08,,True,,1000,10800,cats_arbitrary_g30b150,,False,CATS,150,arbitrary,MultiMinded,85,Balance,8.330000000001746,1868.241,6,1447.57,637.68550000000005,1839.2431100000001,2004.9019153916918,1655.811782355323,1655.811782355323,1,30,22,77,60
12,30,32,LinearHeuristicAuction,0.1,0.08,,True,,1000,10800,cats_arbitrary_g30b150,,False,CATS,150,arbitrary,MultiMinded,1000,MaxIter,120.56000000000131,1629.6809799999999,1,1454.03,563.44500000000005,1454.03,2048.5498219681385,0,2.6787754152097705,1,30,69,104,62
13,30,33,LinearHeuristicAuction,0.1,0.08,,True,,1000,10800,cats_arbitrary_g30b150,,False,CATS,150,arbitrary,MultiMinded,1000,MaxIter,125.13000000000102,1977.1191,1,1667.86,707.56150000000002,1667.86,2277.8291603190551,0,0.0,1,30,83,106,63
14,30,33,LinearHeuristicAuction,0.1,0.08,,True,,1000,10800,cats_arbitrary_g30b150,,False,CATS,150,arbitrary,MultiMinded,1000,MaxIter,118.36000000000058,2717.117,1,1791.51,726.46749999999997,1791.51,2917.293522348863,0,0.74438794891722182,1,30,93,100,63
15,30,30,LinearHeuristicAuction,0.1,0.08,,True,,1000,10800,cats_arbitrary_g30b150,,False,CATS,150,arbitrary,MultiMinded,1000,MaxIter,119.2400000000016,2171.381,1,1868.55,921.70799999999997,1240.56,2615.3327999199655,0,0.0,1,30,133,89,60
16,30,34,LinearHeuristicAuction,0.1,0.08,,True,,1000,10800,cats_arbitrary_g30b150,,False,CATS,150,arbitrary,MultiMinded,1000,MaxIter,104.90000000000146,2091.4660000000003,1,1581.43,466.154,1581.43,2365.7037192900152,0,20.610747561421164,1,30,61,102,64
17,30,32,LinearHeuristicAuction,0.1,0.08,,True,,1000,10800,cats_arbitrary_g30b150,,False,CATS,150,arbitrary,MultiMinded,1000,MaxIter,129.2599999999984,1828.406,1,1506.32,727.10699999999997,1235.04,2037.4039874607092,0,23.41377012829291,1,30,55,107,62
18,30,33,LinearHeuristicAuction,0.1,0.08,,True,,1000,10800,cats_arbitrary_g30b150,,False,CATS,150,arbitrary,MultiMinded,1000,MaxIter,133.0699999999997,2345.2870000000003,1,2117.29,776.08299999999997,1995.23,2672.5485209448707,0,0.0,1,30,30,98,63
19,30,34,LinearHeuristicAuction,0.1,0.08,,True,,1000,10800,cats_arbitrary_g30b150,,False,CATS,150,arbitrary,MultiMinded,1000,MaxIter,109.0099999999984,2287.142,1,1551.3,564.779,997.279,2609.4126241106128,0,51.452290677332385,1,30,44,98,64
20,30,34,LinearHeuristicAuction,0.1,0.08,,True,,1000,10800,cats_arbitrary_g30b150,,False,CATS,150,arbitrary,MultiMinded,41,Balance,4.020000000000437,1940.03319,8,1543.36,583.99600000000009,1877.6911000000002,1903.3051408806969,1443.7959283354674,1583.7879598755346,1,30,50,80,64
21,30,32,LinearHeuristicAuction,0.1,0.08,,True,,1000,10800,cats_arbitrary_g30b150,,False,CATS,150,arbitrary,MultiMinded,1000,MaxIter,129.1700000000019,1599.0811999999999,1,1355.45,695.58449999999993,1031.01,2010.4271172385293,0,3.9627966121463487,1,30,33,100,62
22,30,33,LinearHeuristicAuction,0.1,0.08,,True,,1000,10800,cats_arbitrary_g30b150,,False,CATS,150,arbitrary,MultiMinded,221,Balance,25.029999999998836,2282.8423000000003,8,1879.28,739.774,2282.8423000000003,2473.1439618379645,1912.0304771782435,2011.8857515403845,1,30,98,95,63
23,30,33,LinearHeuristicAuction,0.1,0.08,,True,,1000,10800,cats_arbitrary_g30b150,,False,CATS,150,arbitrary,MultiMinded,1000,MaxIter,117.95000000000073,2403.9993,1,2044.82,717.20399999999995,1593.72,2859.2383140569386,0,26.444719014840466,1,30,30,97,63
24,30,30,LinearHeuristicAuction,0.1,0.08,,True,,1000,10800,cats_arbitrary_g30b150,,False,CATS,150,arbitrary,MultiMinded,1000,MaxIter,101.02000000000044,2126.121,1,1969.43,482.00350000000003,1969.43,2530.4126615588007,0,14.963253458631698,1,30,75,100,60
25,30,29,LinearHeuristicAuction,0.1,0.08,,True,,1000,10800,cats_arbitrary_g30b150,,False,CATS,150,arbitrary,MultiMinded,145,Balance,16.37000000000262,1852.1607,5,1764.81,936.35900000000004,1804.5594,2053.9451949620043,1585.7656949620043,1728.9774457653173,1,30,74,88,59
26,30,39,LinearHeuristicAuction,0.1,0.08,,True,,1000,10800,cats_arbitrary_g30b150,,False,CATS,150,arbitrary,MultiMinded,1000,MaxIter,117.87000000000262,2465.4804,1,1489.25,632.89699999999993,1489.25,2548.5359557783327,0,17.614026807042265,1,30,31,105,69
27,30,29,LinearHeuristicAuction,0.1,0.08,,True,,1000,10800,cats_arbitrary_g30b150,,False,CATS,150,arbitrary,MultiMinded,1000,MaxIter,117.13999999999942,2275.4269999999997,1,1932.93,759.11900000000003,1343.8,2189.432408321989,0,5.45637657331784,1,30,27,85,59
28,30,31,LinearHeuristicAuction,0.1,0.08,,True,,1000,10800,cats_arbitrary_g30b150,,False,CATS,150,arbitrary,MultiMinded,51,Balance,4.819999999999709,2301.5724,7,1458.94,613.274,2006.6473,2080.6772776708171,1668.0083186508546,1691.5054147955398,1,30,17,71,61
29,30,29,LinearHeuristicAuction,0.1,0.08,,True,,1000,10800,cats_arbitrary_g30b150,,False,CATS,150,arbitrary,MultiMinded,116,Balance,13.409999999999854,2007.782,5,1669.06,662.85299999999995,1903.3200000000002,1947.5750054187702,1616.1485054187701,1656.8558255575194,1,30,35,87,59
30,30,35,LinearHeuristicAuction,0.1,0.08,,True,,1000,10800,cats_arbitrary_g30b150,,False,CATS,150,arbitrary,MultiMinded,1000,MaxIter,113.77999999999884,2161.8298999999997,1,1539.73,524.54999999999995,1390.8,2436.5441532938703,0,5.2364966951859344,1,30,98,100,65
31,30,32,LinearHeuristicAuction,0.1,0.08,,True,,1000,10800,cats_arbitrary_g30b150,,False,CATS,150,arbitrary,MultiMinded,50,Balance,5.18999999999869,2453.359,5,1724.13,512.56299999999999,2247.985,2268.8886470995899,2012.6071470995898,2059.6253811352581,1,30,42,81,62
32,30,34,LinearHeuristicAuction,0.1,0.08,,True,,1000,10800,cats_arbitrary_g30b150,,False,CATS,150,arbitrary,MultiMinded,1000,MaxIter,115.61000000000058,1818.8858,1,1643.98,574.70600000000002,1643.98,2186.7366930847593,0,52.716371550038474,1,30,48,107,64
33,30,33,LinearHeuristicAuction,0.1,0.08,,True,,1000,10800,cats_arbitrary_g30b150,,False,CATS,150,arbitrary,MultiMinded,1000,MaxIter,110.63000000000102,1944.8153000000002,1,1618.49,617.12249999999995,1618.49,2171.965940402366,0,21.291666814068236,1,30,38,101,63
34,30,31,LinearHeuristicAuction,0.1,0.08,,True,,1000,10800,cats_arbitrary_g30b150,,False,CATS,150,arbitrary,MultiMinded,1000,MaxIter,108.88999999999942,2467.5019,1,2102.79,578.16200000000003,1737.43,2750.8875581061452,0,14.589432393729908,1,30,49,87,61
35,30,32,LinearHeuristicAuction,0.1,0.08,,True,,1000,10800,cats_arbitrary_g30b150,,False,CATS,150,arbitrary,MultiMinded,42,Balance,4.209999999999127,2108.201,2,1910.3,506.57900000000001,1965.9798,2028.6399570724006,1927.3241570724008,1951.3010707288195,1,30,36,70,62
36,30,35,LinearHeuristicAuction,0.1,0.08,,True,,1000,10800,cats_arbitrary_g30b150,,False,CATS,150,arbitrary,MultiMinded,1000,MaxIter,130.63999999999942,1942.8097999999998,1,1649.39,704.06799999999998,1560.07,2112.7595548617692,0,48.737279268518989,1,30,36,109,65
37,30,33,LinearHeuristicAuction,0.1,0.08,,True,,1000,10800,cats_arbitrary_g30b150,,False,CATS,150,arbitrary,MultiMinded,1000,MaxIter,122.10000000000218,1975.334,1,1881.03,532.89949999999999,1778.09,2280.1977892537602,0,20.498089616594264,1,30,31,93,63
38,30,32,LinearHeuristicAuction,0.1,0.08,,True,,1000,10800,cats_arbitrary_g30b150,,False,CATS,150,arbitrary,MultiMinded,1000,MaxIter,116.96999999999753,2501.4829999999997,1,2312.06,839.32600000000002,2312.06,2749.424300211957,0,0.0,1,30,28,90,62
39,30,34,LinearHeuristicAuction,0.1,0.08,,True,,1000,10800,cats_arbitrary_g30b150,,False,CATS,150,arbitrary,MultiMinded,1000,MaxIter,113.70000000000073,2311.536,1,2186.45,533.95749999999998,1960.78,2614.316191670136,0,1.9503155347238135,1,30,68,95,64
40,30,31,LinearHeuristicAuction,0.1,0.08,,True,,1000,10800,cats_arbitrary_g30b150,,False,CATS,150,arbitrary,MultiMinded,1000,MaxIter,113.31999999999971,1922.01,1,1548.35,753.33299999999997,1548.35,2188.7282960070174,0,2.6911213769791402,1,30,114,95,61
41,30,32,LinearHeuristicAuction,0.1,0.08,,True,,1000,10800,cats_arbitrary_g30b150,,False,CATS,150,arbitrary,MultiMinded,1000,MaxIter,122.73999999999796,1899.3063,1,1626.29,567.45299999999997,1465.7,2229.6642642541606,0,19.236200805432645,1,30,41,100,62
42,30,35,LinearHeuristicAuction,0.1,0.08,,True,,1000,10800,cats_arbitrary_g30b150,,False,CATS,150,arbitrary,MultiMinded,1000,MaxIter,118.96999999999753,2374.3837000000003,1,1682.91,707.67899999999997,1567.05,2828.2814095430608,0,9.8548461734409898,1,30,79,101,65
43,30,36,LinearHeuristicAuction,0.1,0.08,,True,,1000,10800,cats_arbitrary_g30b150,,False,CATS,150,arbitrary,MultiMinded,1000,MaxIter,117.88999999999942,2385.76,1,2385.76,501.80000000000001,2385.76,2471.0064565191224,0,55.480667031663913,1,30,37,101,66
44,30,35,LinearHeuristicAuction,0.1,0.08,,True,,1000,10800,cats_arbitrary_g30b150,,False,CATS,150,arbitrary,MultiMinded,1000,MaxIter,176.4399999999987,2079.9506999999994,2,1845.76,468.2165,1899.715,2162.4036049785987,0,8.6505083666176006,1,30,53,101,65
45,30,30,LinearHeuristicAuction,0.1,0.08,,True,,1000,10800,cats_arbitrary_g30b150,,False,CATS,150,arbitrary,MultiMinded,504,Balance,56.970000000001164,1973.4939,8,1684.69,518.44550000000004,1963.8501,2015.2973141770176,1603.4652020107915,1663.2507126421929,1,30,33,82,60
46,30,33,LinearHeuristicAuction,0.1,0.08,,True,,1000,10800,cats_arbitrary_g30b150,,False,CATS,150,arbitrary,MultiMinded,1000,MaxIter,123.88999999999942,2174.927,1,1703.31,577.08699999999999,1703.31,2504.877280847054,0,15.232903523029563,1,30,105,101,63
47,30,36,LinearHeuristicAuction,0.1,0.08,,True,,1000,10800,cats_arbitrary_g30b150,,False,CATS,150,arbitrary,MultiMinded,1000,MaxIter,124.01000000000204,2134.903,1,1579.3,488.0025,1177.33,2412.9084078254969,0,44.068961777575453,1,30,35,101,66
48,30,36,LinearHeuristicAuction,0.1,0.08,,True,,1000,10800,cats_arbitrary_g30b150,,False,CATS,150,arbitrary,MultiMinded,1000,MaxIter,118.70000000000073,2120.0323,1,1723.29,500.82099999999997,1723.29,2288.6330503861163,0,4.3744319676231953,1,30,70,106,66
49,30,32,LinearHeuristicAuction,0.1,0.08,,True,,1000,10800,cats_arbitrary_g30b150,,False,CATS,150,arbitrary,MultiMinded,1000,MaxIter,105.44000000000233,1825.5846,1,1448.16,458.54599999999999,1356.32,2094.0283667191375,0,7.6541564977801215,1,30,30,91,62
50,30,32,LinearHeuristicAuction,0.1,0.08,,True,,1000,10800,cats_arbitrary_g30b150,,False,CATS,150,arbitrary,MultiMinded,1000,MaxIter,123.29999999999927,2387.589,3,2137.71,881.64700000000005,2372.596,2617.9085060967409,114.23137897610073,114.23137897610073,1,30,77,91,62
51,30,31,LinearHeuristicAuction,0.1,0.08,,True,,1000,10800,cats_arbitrary_g30b150,,False,CATS,150,arbitrary,MultiMinded,1000,MaxIter,109.93000000000029,2404.514,1,2207.65,681.84050000000002,2207.65,2785.0404744722878,0,177.0282909306203,1,30,88,90,61
52,30,34,LinearHeuristicAuction,0.1,0.08,,True,,1000,10800,cats_arbitrary_g30b150,,False,CATS,150,arbitrary,MultiMinded,1000,MaxIter,129.15999999999985,2070.7699000000002,1,1761.92,837.09500000000003,1761.92,2316.9509554722022,0,27.964411115858013,1,30,30,106,64
53,30,34,LinearHeuristicAuction,0.1,0.08,,True,,1000,10800,cats_arbitrary_g30b150,,False,CATS,150,arbitrary,MultiMinded,86,Balance,9.950000000000728,1944.8844,7,1588.82,654.95799999999997,1944.8844,2124.0230069512563,1668.9981392494922,1690.439087787496,1,30,29,92,64
54,30,30,LinearHeuristicAuction,0.1,0.08,,True,,1000,10800,cats_arbitrary_g30b150,,False,CATS,150,arbitrary,MultiMinded,1000,MaxIter,126.23999999999796,2678.4509,1,2281.57,746.976,1581.27,3021.1730573220202,0,1.5030404765387289,1,30,70,97,60
55,30,31,LinearHeuristicAuction,0.1,0.08,,True,,1000,10800,cats_arbitrary_g30b150,,False,CATS,150,arbitrary,MultiMinded,1000,MaxIter,112.61999999999898,2211.653,1,1943.48,726.06700000000001,1943.48,2470.9158614600587,0,0.0,1,30,113,95,61
56,30,29,LinearHeuristicAuction,0.1,0.08,,True,,1000,10800,cats_arbitrary_g30b150,,False,CATS,150,arbitrary,MultiMinded,1000,MaxIter,113.47999999999956,2093.229,1,1877.5,714.9369999999999,1679.61,2188.6638373469959,0,12.017369610985813,1,30,30,90,59
57,30,31,LinearHeuristicAuction,0.1,0.08,,True,,1000,10800,cats_arbitrary_g30b150,,False,CATS,150,arbitrary,MultiMinded,1000,MaxIter,114.65999999999985,2015.9576000000002,1,1667.14,591.51199999999994,1667.14,2440.6557150117737,0,0.0,1,30,134,97,61
58,30,33,LinearHeuristicAuction,0.1,0.08,,True,,1000,10800,cats_arbitrary_g30b150,,False,CATS,150,arbitrary,MultiMinded,1000,MaxIter,114.96999999999753,2213.6252,1,1937.47,893.10799999999995,1177.19,2580.2500637140083,0,16.788693524067298,1,30,31,94,63
59,30,31,LinearHeuristicAuction,0.1,0.08,,True,,1000,10800,cats_arbitrary_g30b150,,False,CATS,150,arbitrary,MultiMinded,1000,MaxIter,120.32999999999811,2195.5229,1,1710.57,782.62599999999998,1710.57,2781.7318694846872,0,0.0,1,30,30,92,61
60,30,36,LinearHeuristicAuction,0.1,0.08,,True,,1000,10800,cats_arbitrary_g30b150,,False,CATS,150,arbitrary,MultiMinded,1000,MaxIter,118.52999999999884,1802.554,1,1574.08,671.95349999999996,1574.08,2092.087015849615,0,2.2905166356226374,1,30,30,105,66
61,30,33,LinearHeuristicAuction,0.1,0.08,,True,,1000,10800,cats_arbitrary_g30b150,,False,CATS,150,arbitrary,MultiMinded,1000,MaxIter,120.30999999999767,1724.4375,1,1339.03,584.49199999999996,1339.03,2014.2332481422918,0,2.9673806376941911,1,30,30,97,63
62,30,36,LinearHeuristicAuction,0.1,0.08,,True,,1000,10800,cats_arbitrary_g30b150,,False,CATS,150,arbitrary,MultiMinded,1000,MaxIter,120.02000000000044,2437.0683000000004,1,1933.61,814.90999999999997,1933.61,2495.8612036793666,0,16.168247888716351,1,30,62,97,66
63,30,34,LinearHeuristicAuction,0.1,0.08,,True,,1000,10800,cats_arbitrary_g30b150,,False,CATS,150,arbitrary,MultiMinded,1000,MaxIter,102.66999999999825,2003.24,1,2003.24,494.63999999999999,1854.74,2451.113789331419,0,0.0,1,30,108,92,64
64,30,34,LinearHeuristicAuction,0.1,0.08,,True,,1000,10800,cats_arbitrary_g30b150,,False,CATS,150,arbitrary,MultiMinded,1000,MaxIter,110.45999999999913,2039.0195999999999,1,1809.03,585.17600000000004,1809.03,2310.3818361121666,0,62.508906317675383,1,30,36,98,64
65,30,36,LinearHeuristicAuction,0.1,0.08,,True,,1000,10800,cats_arbitrary_g30b150,,False,CATS,150,arbitrary,MultiMinded,525,Balance,66.43000000000029,1894.2412000000002,6,1377.42,663.9670000000001,1894.2412000000002,2070.2043362870495,1706.7469775919519,1820.8779845216804,1,30,136,113,66
66,30,33,LinearHeuristicAuction,0.1,0.08,,True,,1000,10800,cats_arbitrary_g30b150,,False,CATS,150,arbitrary,MultiMinded,1000,MaxIter,117.06000000000131,2454.29,1,2454.29,522.13300000000004,1368.0,2584.0327138067373,0,38.688520998224874,1,30,56,93,63
67,30,31,LinearHeuristicAuction,0.1,0.08,,True,,1000,10800,cats_arbitrary_g30b150,,False,CATS,150,arbitrary,MultiMinded,1000,MaxIter,111.86000000000058,2341.4958,3,2017.46,785.07600000000002,2048.9294,2521.9718832324452,0.0,6.547344808897904,1,30,27,82,61
68,30,31,LinearHeuristicAuction,0.1,0.08,,True,,1000,10800,cats_arbitrary_g30b150,,False,CATS,150,arbitrary,MultiMinded,1000,MaxIter,113.76000000000204,2082.3165,1,1694.51,536.65000000000009,1644.51,2156.1975948903973,0,55.660803385737054,1,30,44,97,61
69,30,32,LinearHeuristicAuction,0.1,0.08,,True,,1000,10800,cats_arbitrary_g30b150,,False,CATS,150,arbitrary,MultiMinded,1000,MaxIter,119.61000000000058,2088.0744,1,1731.11,855.64499999999998,1731.11,2377.7852247021874,0,45.009832279574745,1,30,49,102,62
70,30,33,LinearHeuristicAuction,0.1,0.08,,True,,1000,10800,cats_arbitrary_g30b150,,False,CATS,150,arbitrary,MultiMinded,1000,MaxIter,110.5,2258.578,1,1454.94,617.26599999999996,1443.65,2654.7694605694819,0,1.4280225795811532,1,30,89,95,63
71,30,33,LinearHeuristicAuction,0.1,0.08,,True,,1000,10800,cats_arbitrary_g30b150,,False,CATS,150,arbitrary,MultiMinded,1000,MaxIter,114.7400000000016,2247.3372,1,1920.4,499.70499999999998,1920.4,2526.2080009124884,0,29.267593034759841,1,30,55,99,63
72,30,39,LinearHeuristicAuction,0.1,0.08,,True,,1000,10800,cats_arbitrary_g30b150,,False,CATS,150,arbitrary,MultiMinded,43,Balance,4.279999999998836,2410.0175,8,1662.34,705.94000000000005,2325.1850999999997,2514.5222838871641,1953.1181946547485,2136.8951196299849,1,30,64,93,69
73,30,34,LinearHeuristicAuction,0.1,0.08,,True,,1000,10800,cats_arbitrary_g30b150,,False,CATS,150,arbitrary,MultiMinded,1000,MaxIter,111.68999999999869,2015.5892,1,1380.57,479.64299999999997,1380.57,2300.3081448747944,0,13.6708855483962,1,30,41,100,64
74,30,36,LinearHeuristicAuction,0.1,0.08,,True,,1000,10800,cats_arbitrary_g30b150,,False,CATS,150,arbitrary,MultiMinded,1000,MaxIter,111.90999999999985,2042.097,1,1285.64,413.78699999999998,1236.2,2276.057553094683,0,2.1009736598078916,1,30,41,104,66
75,30,28,LinearHeuristicAuction,0.1,0.08,,True,,1000,10800,cats_arbitrary_g30b150,,False,CATS,150,arbitrary,MultiMinded,82,Balance,7.68999999999869,1952.3077,3,1522.4,797.30549999999994,1805.2935900000002,1898.9582997856976,1692.8026414663079,1711.7791707087977,1,30,34,67,58
76,30,35,LinearHeuristicAuction,0.1,0.08,,True,,1000,10800,cats_arbitrary_g30b150,,False,CATS,150,arbitrary,MultiMinded,1000,MaxIter,119.65999999999985,2241.3282000000004,1,1991.23,695.48000000000002,1991.23,2507.3196696472064,0,12.091615119113698,1,30,56,96,65
77,30,29,LinearHeuristicAuction,0.1,0.08,,True,,1000,10800,cats_arbitrary_g30b150,,False,CATS,150,arbitrary,MultiMinded,1000,MaxIter,115.07000000000335,2086.98,1,1735.17,697.00749999999994,1735.17,2339.0818447348906,0,56.034785650109598,1,30,45,101,59
78,30,34,LinearHeuristicAuction,0.1,0.08,,True,,1000,10800,cats_arbitrary_g30b150,,False,CATS,150,arbitrary,MultiMinded,156,Balance,17.94000000000233,2141.5101999999997,7,1833.54,620.51150000000007,2131.3574,2248.5753209410263,1814.2172709410265,1847.7001183456371,1,30,54,91,64
79,30,32,LinearHeuristicAuction,0.1,0.08,,True,,1000,10800,cats_arbitrary_g30b150,,False,CATS,150,arbitrary,MultiMinded,1000,MaxIter,123.40999999999985,2182.6516,1,1753.74,722.10699999999997,1425.19,2742.7508090748761,0,15.45142232730943,1,30,30,98,62
80,30,31,LinearHeuristicAuction,0.1,0.08,,True,,1000,10800,cats_arbitrary_g30b150,,False,CATS,150,arbitrary,MultiMinded,1000,MaxIter,114.37999999999738,2157.0797,1,1772.89,656.88249999999994,1772.89,2408.002003830868,0,34.864391753834056,1,30,38,100,61
81,30,31,LinearHeuristicAuction,0.1,0.08,,True,,1000,10800,cats_arbitrary_g30b150,,False,CATS,150,arbitrary,MultiMinded,1000,MaxIter,119.20000000000073,1755.3018000000002,6,1603.71,647.50199999999995,1317.3999,1936.5345951198344,322.17378136868234,322.17378136868234,1,30,131,89,61
82,30,34,LinearHeuristicAuction,0.1,0.08,,True,,1000,10800,cats_arbitrary_g30b150,,False,CATS,150,arbitrary,MultiMinded,1000,MaxIter,127.21999999999753,2385.8982,1,2112.36,790.75199999999995,2112.36,2453.2772501734944,0,67.342307113182386,1,30,31,99,64
83,30,32,LinearHeuristicAuction,0.1,0.08,,True,,1000,10800,cats_arbitrary_g30b150,,False,CATS,150,arbitrary,MultiMinded,1000,MaxIter,115.72000000000116,2059.99,1,1826.87,768.11400000000003,1826.87,2595.315529354998,0,0.0,1,30,112,92,62
84,30,33,LinearHeuristicAuction,0.1,0.08,,True,,1000,10800,cats_arbitrary_g30b150,,False,CATS,150,arbitrary,MultiMinded,1000,MaxIter,128.64999999999782,1978.9186000000002,1,1758.88,838.20399999999995,1758.88,2253.3695229340697,0,48.252263134952443,1,30,34,94,63
85,30,33,LinearHeuristicAuction,0.1,0.08,,True,,1000,10800,cats_arbitrary_g30b150,,False,CATS,150,arbitrary,MultiMinded,1000,MaxIter,117.86999999999898,2216.0256,1,2078.55,626.62099999999998,2078.55,2487.3507465371458,0,19.005912566051734,1,30,41,98,63
86,30,31,LinearHeuristicAuction,0.1,0.08,,True,,1000,10800,cats_arbitrary_g30b150,,False,CATS,150,arbitrary,MultiMinded,1000,MaxIter,123.65000000000146,2283.532,1,1809.12,745.29950000000008,1627.75,2763.8320828897686,0,0.0,1,30,131,97,61
87,30,36,LinearHeuristicAuction,0.1,0.08,,True,,1000,10800,cats_arbitrary_g30b150,,False,CATS,150,arbitrary,MultiMinded,1000,MaxIter,105.2599999999984,2522.6901999999995,1,2032.58,563.31899999999996,1775.36,2900.702334764037,0,0.093240669033320955,1,30,90,92,66
88,30,35,LinearHeuristicAuction,0.1,0.08,,True,,1000,10800,cats_arbitrary_g30b150,,False,CATS,150,arbitrary,MultiMinded,1000,MaxIter,110.93000000000029,2265.08,1,1820.47,452.93900000000002,1764.64,2549.5189760339749,0,19.909699591833572,1,30,44,96,65
89,30,28,LinearHeuristicAuction,0.1,0.08,,True,,1000,10800,cats_arbitrary_g30b150,,False,CATS,150,arbitrary,MultiMinded,1000,MaxIter,124.70000000000073,1895.8706000000002,3,1412.37,685.88149999999996,1475.0819999999999,1895.1257702949074,944.05803867913551,944.05803867913551,1,30,52,85,58
90,30,33,LinearHeuristicAuction,0.1,0.08,,True,,1000,10800,cats_arbitrary_g30b150,,False,CATS,150,arbitrary,MultiMinded,1000,MaxIter,120.75,2397.1789,1,2224.82,593.16800000000001,2224.82,2569.7552811461596,0,80.973600414985739,1,30,34,94,63
91,30,32,LinearHeuristicAuction,0.1,0.08,,True,,1000,10800,cats_arbitrary_g30b150,,False,CATS,150,arbitrary,MultiMinded,1000,MaxIter,109.30999999999767,2290.7259999999997,1,1825.1,529.46000000000004,1825.1,2562.4166592262895,0,8.0895707656893308,1,30,68,88,62
92,30,31,LinearHeuristicAuction,0.1,0.08,,True,,1000,10800,cats_arbitrary_g30b150,,False,CATS,150,arbitrary,MultiMinded,1000,MaxIter,116.15000000000146,1880.9630000000002,2,1586.58,901.44949999999994,1612.368,2052.4478800169477,0.0,41.54024056975755,1,30,37,88,61
93,30,34,LinearHeuristicAuction,0.1,0.08,,True,,1000,10800,cats_arbitrary_g30b150,,False,CATS,150,arbitrary,MultiMinded,1000,MaxIter,127.05000000000291,1815.7306,1,1434.89,540.21100000000001,1434.89,1926.8876289521552,0,26.380353363873201,1,30,32,102,64
94,30,36,LinearHeuristicAuction,0.1,0.08,,True,,1000,10800,cats_arbitrary_g30b150,,False,CATS,150,arbitrary,MultiMinded,1000,MaxIter,123.15000000000146,2435.1574,1,2127.58,687.69500000000005,2105.03,2762.6138136361214,0,2.2283629945103627,1,30,100,100,66
95,30,32,LinearHeuristicAuction,0.1,0.08,,True,,1000,10800,cats_arbitrary_g30b150,,False,CATS,150,arbitrary,MultiMinded,1000,MaxIter,125.03000000000247,2424.051,1,1933.55,792.75099999999998,1556.49,2639.7619877414509,0,54.860232297344453,1,30,38,98,62
96,30,31,LinearHeuristicAuction,0.1,0.08,,True,,1000,10800,cats_arbitrary_g30b150,,False,CATS,150,arbitrary,MultiMinded,1000,MaxIter,125.68999999999869,1954.1625,1,1781.86,780.25699999999995,1554.48,2365.2831094300554,0,0.0,1,30,75,96,61
97,30,30,LinearHeuristicAuction,0.1,0.08,,True,,1000,10800,cats_arbitrary_g30b150,,False,CATS,150,arbitrary,MultiMinded,82,Balance,8.239999999997963,1794.66,7,1264.09,681.495,1690.3646999999999,1700.8577169141395,1233.4837033928898,1250.5645716187344,1,30,31,74,60
98,30,32,LinearHeuristicAuction,0.1,0.08,,True,,1000,10800,cats_arbitrary_g30b150,,False,CATS,150,arbitrary,MultiMinded,1000,MaxIter,122.32999999999811,2145.0272,1,2092.47,967.64100000000008,2092.47,2934.1977524263807,0,0.0,1,30,218,94,62
99,30,29,LinearHeuristicAuction,0.1,0.08,,True,,1000,10800,cats_arbitrary_g30b150,,False,CATS,150,arbitrary,MultiMinded,1000,MaxIter,110.79999999999927,2260.297,1,2093.42,648.17449999999997,1976.5,2647.5895825679763,0,27.060340217533621,1,30,35,87,59
100,30,37,LinearHeuristicAuction,0.1,0.08,,True,,1000,10800,cats_arbitrary_g30b150,,False,CATS,150,arbitrary,MultiMinded,1000,MaxIter,110.97999999999956,2260.7916,1,1588.66,496.72000000000003,1571.91,2426.0508673239306,0,11.528664675743009,1,30,43,103,67
