idx,items,agents,auction_class,epsilon,stepc,epoch,scalebyvalue,reserve_type,maxiter,maxtime,generator_param_name,personalized,int_prices,generator,bids,distribution,type,rounds,status,runtime,efficient_value,final_num_winners,final_max_agent_value,final_scalevalue,final_value,final_total_price,final_revenue,final_indirect_util,final_price_degree,final_price_sparsity,final_imbalance,final_wd_nvars,final_wd_ncons
1,10,14,LinearHeuristicAuction,0.2,0.08,,True,,1000,10800,cats_arbitrary_g10b50,,False,CATS,50,arbitrary,MultiMinded,13,Balance,0.41999999999825377,793.971,1,793.971,469.322,793.971,882.10584294643661,788.24144294643656,829.54795174835499,1,10,16,30,24
2,10,17,LinearHeuristicAuction,0.2,0.08,,True,,1000,10800,cats_arbitrary_g10b50,,False,CATS,50,arbitrary,MultiMinded,1000,MaxIter,35.70000000000073,890.9177,1,838.462,457.63549999999998,838.462,981.38603369345685,0,19.505469237583583,1,10,12,39,27
3,10,13,LinearHeuristicAuction,0.2,0.08,,True,,1000,10800,cats_arbitrary_g10b50,,False,CATS,50,arbitrary,MultiMinded,31,Balance,0.9700000000011642,689.11,1,689.11,373.73599999999999,689.11,747.51529337875036,672.76809337875034,755.08792356914171,1,10,35,31,23
4,10,17,LinearHeuristicAuction,0.2,0.08,,True,,1000,10800,cats_arbitrary_g10b50,,False,CATS,50,arbitrary,MultiMinded,20,Balance,0.6899999999986903,673.823,1,673.823,310.16499999999996,673.823,709.43447473549554,647.40147473549553,659.68819302393706,1,10,14,36,27
5,10,13,LinearHeuristicAuction,0.2,0.08,,True,,1000,10800,cats_arbitrary_g10b50,,False,CATS,50,arbitrary,MultiMinded,9,Balance,0.27000000000043656,758.773,1,758.773,337.48050000000001,758.773,763.6679384296059,696.17183842960594,754.05388831407913,1,10,22,28,23
6,10,14,LinearHeuristicAuction,0.2,0.08,,True,,1000,10800,cats_arbitrary_g10b50,,False,CATS,50,arbitrary,MultiMinded,14,Balance,0.4499999999970896,841.028,2,744.08,361.97500000000002,828.851,848.27967376476124,703.48967376476128,799.90359445385411,1,10,12,29,24
7,10,16,LinearHeuristicAuction,0.2,0.08,,True,,1000,10800,cats_arbitrary_g10b50,,False,CATS,50,arbitrary,MultiMinded,10,Balance,0.33000000000174623,859.6020000000001,2,710.786,293.07349999999997,746.4200000000001,850.30478808985004,733.07538808985021,733.07538808985021,1,10,9,34,26
8,10,14,LinearHeuristicAuction,0.2,0.08,,True,,1000,10800,cats_arbitrary_g10b50,,False,CATS,50,arbitrary,MultiMinded,14,Balance,0.4500000000007276,556.7090000000001,2,486.526,246.58600000000001,556.7090000000001,549.60296372433265,450.96856372433263,503.96608241992607,1,10,11,30,24
9,10,20,LinearHeuristicAuction,0.2,0.08,,True,,1000,10800,cats_arbitrary_g10b50,,False,CATS,50,arbitrary,MultiMinded,76,Balance,2.8399999999965075,650.389,2,411.483,212.66149999999999,650.389,648.93781961760214,563.87321961760222,569.42748202757593,1,10,7,44,30
10,10,16,LinearHeuristicAuction,0.2,0.08,,True,,1000,10800,cats_arbitrary_g10b50,,False,CATS,50,arbitrary,MultiMinded,13,Balance,0.43000000000029104,974.512,1,974.512,305.01999999999998,974.512,981.68354291977141,920.67954291977139,996.17562397198822,1,10,24,34,26
11,10,18,LinearHeuristicAuction,0.2,0.08,,True,,1000,10800,cats_arbitrary_g10b50,,False,CATS,50,arbitrary,MultiMinded,4,Balance,0.13999999999941792,903.4137000000001,5,690.32,184.28,903.4137000000001,860.79259391321989,676.51259391321992,731.37884480492676,1,10,9,39,28
12,10,18,LinearHeuristicAuction,0.2,0.08,,True,,1000,10800,cats_arbitrary_g10b50,,False,CATS,50,arbitrary,MultiMinded,18,Balance,0.6599999999998545,476.0346,2,416.605,211.79050000000001,476.0346,493.66599670055348,408.94979670055341,439.42309089369712,1,10,17,37,28
13,10,14,LinearHeuristicAuction,0.2,0.08,,True,,1000,10800,cats_arbitrary_g10b50,,False,CATS,50,arbitrary,MultiMinded,11,Balance,0.3600000000005821,761.647,1,761.647,337.08749999999998,761.647,827.76327846746995,760.34577846746993,786.01623297516994,1,10,15,31,24
14,10,14,LinearHeuristicAuction,0.2,0.08,,True,,1000,10800,cats_arbitrary_g10b50,,False,CATS,50,arbitrary,MultiMinded,32,Balance,1.0499999999992724,1115.4950000000001,2,880.107,393.411,1115.4950000000001,1061.5738852350673,904.2094852350674,991.87373621798042,1,10,19,35,24
15,10,12,LinearHeuristicAuction,0.2,0.08,,True,,1000,10800,cats_arbitrary_g10b50,,False,CATS,50,arbitrary,MultiMinded,77,Balance,2.389999999999418,871.33,1,871.33,381.12349999999998,871.33,866.7157565872908,790.49105658729081,801.30645837475595,1,10,8,27,22
16,10,14,LinearHeuristicAuction,0.2,0.08,,True,,1000,10800,cats_arbitrary_g10b50,,False,CATS,50,arbitrary,MultiMinded,12,Balance,0.36999999999898137,779.7001,5,571.996,300.363,779.7001,789.04203123909554,488.67903123909554,521.51918730183638,1,10,2,32,24
17,10,13,LinearHeuristicAuction,0.2,0.08,,True,,1000,10800,cats_arbitrary_g10b50,,False,CATS,50,arbitrary,MultiMinded,11,Balance,0.3499999999985448,721.2810000000001,2,640.028,297.31799999999998,721.2810000000001,724.25030102666256,605.32310102666247,666.56807456324998,1,10,13,30,23
18,10,18,LinearHeuristicAuction,0.2,0.08,,True,,1000,10800,cats_arbitrary_g10b50,,False,CATS,50,arbitrary,MultiMinded,20,Balance,0.7199999999975262,1005.5310000000001,2,868.696,380.75,1005.5310000000001,1009.6018005784069,857.30180057840698,900.25813478517307,1,10,17,39,28
19,10,14,LinearHeuristicAuction,0.2,0.08,,True,,1000,10800,cats_arbitrary_g10b50,,False,CATS,50,arbitrary,MultiMinded,21,Balance,0.7099999999991269,832.065,2,642.87,411.233,832.065,875.57508722220496,711.08188722220507,776.8174787027117,1,10,10,30,24
20,10,14,LinearHeuristicAuction,0.2,0.08,,True,,1000,10800,cats_arbitrary_g10b50,,False,CATS,50,arbitrary,MultiMinded,26,Balance,0.8499999999985448,615.5416,4,453.46,272.30500000000001,615.5416,600.20025682763367,382.35625682763362,404.58885356872662,1,10,4,32,24
21,10,17,LinearHeuristicAuction,0.2,0.08,,True,,1000,10800,cats_arbitrary_g10b50,,False,CATS,50,arbitrary,MultiMinded,24,Balance,0.8600000000005821,618.958,1,618.958,240.48899999999998,618.958,665.89224248075482,617.79444248075481,638.8701668985268,1,10,23,37,27
22,10,13,LinearHeuristicAuction,0.2,0.08,,True,,1000,10800,cats_arbitrary_g10b50,,False,CATS,50,arbitrary,MultiMinded,1000,MaxIter,34.099999999998545,879.723,1,879.723,407.96800000000002,769.71,1020.487259005594,0,11.394570272298893,1,10,10,32,23
23,10,15,LinearHeuristicAuction,0.2,0.08,,True,,1000,10800,cats_arbitrary_g10b50,,False,CATS,50,arbitrary,MultiMinded,20,Balance,0.6999999999970896,977.097,1,977.097,436.84800000000001,977.097,1048.7674762730974,961.39787627309738,962.05930087327772,1,10,11,32,25
24,10,13,LinearHeuristicAuction,0.2,0.08,,True,,1000,10800,cats_arbitrary_g10b50,,False,CATS,50,arbitrary,MultiMinded,20,Balance,0.6499999999978172,612.4065,3,552.965,296.99549999999999,576.5801,632.26934923797739,459.09429081915675,514.49827375608754,1,10,21,34,23
25,10,16,LinearHeuristicAuction,0.2,0.08,,True,,1000,10800,cats_arbitrary_g10b50,,False,CATS,50,arbitrary,MultiMinded,23,Balance,0.75,742.2606000000001,1,689.211,308.97050000000002,689.211,746.34146325786958,684.54736325786962,759.54426468409315,1,10,31,34,26
26,10,13,LinearHeuristicAuction,0.2,0.08,,True,,1000,10800,cats_arbitrary_g10b50,,False,CATS,50,arbitrary,MultiMinded,15,Balance,0.48999999999796273,887.9649999999999,1,818.015,382.74599999999998,818.015,869.41319661002751,792.86399661002747,963.85847160968524,1,10,47,36,23
27,10,13,LinearHeuristicAuction,0.2,0.08,,True,,1000,10800,cats_arbitrary_g10b50,,False,CATS,50,arbitrary,MultiMinded,24,Balance,0.7900000000008731,775.689,1,775.689,348.334,775.689,828.48048366468879,758.81368366468882,793.52777152905207,1,10,22,32,23
28,10,15,LinearHeuristicAuction,0.2,0.08,,True,,1000,10800,cats_arbitrary_g10b50,,False,CATS,50,arbitrary,MultiMinded,14,Balance,0.4800000000032014,604.885,1,604.885,314.90100000000001,604.885,621.38654194576145,558.40634194576148,588.59033436230698,1,10,29,31,25
29,10,12,LinearHeuristicAuction,0.2,0.08,,True,,1000,10800,cats_arbitrary_g10b50,,False,CATS,50,arbitrary,MultiMinded,1000,MaxIter,32.68999999999869,642.809,1,642.809,296.26149999999996,574.789,723.03822395759153,0,3.7708194084938782,1,10,10,32,22
30,10,16,LinearHeuristicAuction,0.2,0.08,,True,,1000,10800,cats_arbitrary_g10b50,,False,CATS,50,arbitrary,MultiMinded,14,Balance,0.47000000000116415,754.962,3,660.473,247.715,754.962,733.31072830856806,584.68172830856804,671.40241497507304,1,10,23,37,26
31,10,15,LinearHeuristicAuction,0.2,0.08,,True,,1000,10800,cats_arbitrary_g10b50,,False,CATS,50,arbitrary,MultiMinded,18,Balance,0.6100000000005821,914.694,1,907.121,520.11850000000004,907.121,986.96556972287624,882.94186972287616,1012.8077825137086,1,10,26,36,25
32,10,13,LinearHeuristicAuction,0.2,0.08,,True,,1000,10800,cats_arbitrary_g10b50,,False,CATS,50,arbitrary,MultiMinded,1000,MaxIter,33.43000000000029,619.2586,1,603.07,291.851,603.07,716.84106902459951,0,6.9344894284343468,1,10,10,34,23
33,10,16,LinearHeuristicAuction,0.2,0.08,,True,,1000,10800,cats_arbitrary_g10b50,,False,CATS,50,arbitrary,MultiMinded,9,Balance,0.27999999999883585,622.297,1,622.297,224.69200000000001,622.297,655.8154300411901,610.8770300411901,641.12032869027746,1,10,16,33,26
34,10,15,LinearHeuristicAuction,0.2,0.08,,True,,1000,10800,cats_arbitrary_g10b50,,False,CATS,50,arbitrary,MultiMinded,24,Balance,0.8100000000013097,868.13,3,756.065,258.05500000000001,868.13,844.99859296948432,690.16559296948435,728.3154860476966,1,10,14,35,25
35,10,15,LinearHeuristicAuction,0.2,0.08,,True,,1000,10800,cats_arbitrary_g10b50,,False,CATS,50,arbitrary,MultiMinded,14,Balance,0.4500000000007276,804.713,1,804.713,330.97899999999998,804.713,848.25971139940998,782.06391139941002,833.77097774880201,1,10,24,32,25
36,10,15,LinearHeuristicAuction,0.2,0.08,,True,,1000,10800,cats_arbitrary_g10b50,,False,CATS,50,arbitrary,MultiMinded,30,Balance,1.0200000000004366,643.0699999999999,1,632.425,412.71300000000002,632.425,705.40219383293913,622.85959383293914,623.80847465544866,1,10,11,35,25
37,10,12,LinearHeuristicAuction,0.2,0.08,,True,,1000,10800,cats_arbitrary_g10b50,,False,CATS,50,arbitrary,MultiMinded,45,Balance,1.430000000000291,701.3026000000001,3,634.495,369.97450000000003,608.909,716.20780354228475,494.22310354228455,552.3445478854419,1,10,37,32,22
38,10,14,LinearHeuristicAuction,0.2,0.08,,True,,1000,10800,cats_arbitrary_g10b50,,False,CATS,50,arbitrary,MultiMinded,1000,MaxIter,36.409999999999854,691.88,1,653.657,339.25200000000001,653.657,744.7017242851241,0,8.8817637970332157,1,10,15,36,24
39,10,18,LinearHeuristicAuction,0.2,0.08,,True,,1000,10800,cats_arbitrary_g10b50,,False,CATS,50,arbitrary,MultiMinded,22,Balance,0.7999999999992724,955.2540000000001,3,721.473,276.10400000000004,955.2540000000001,941.3327894241836,775.67038942418344,795.55580505648959,1,10,1,40,28
40,10,15,LinearHeuristicAuction,0.2,0.08,,True,,1000,10800,cats_arbitrary_g10b50,,False,CATS,50,arbitrary,MultiMinded,17,Balance,0.5600000000013097,882.337,1,850.424,422.59100000000001,850.424,912.91612723491949,828.39792723491951,875.11282258423773,1,10,18,33,25
41,10,14,LinearHeuristicAuction,0.2,0.08,,True,,1000,10800,cats_arbitrary_g10b50,,False,CATS,50,arbitrary,MultiMinded,29,Balance,0.9799999999995634,806.5720000000001,1,744.105,394.66899999999998,744.105,821.68117640459525,742.74737640459523,794.4724754587611,1,10,37,33,24
42,10,12,LinearHeuristicAuction,0.2,0.08,,True,,1000,10800,cats_arbitrary_g10b50,,False,CATS,50,arbitrary,MultiMinded,48,Balance,1.4800000000032014,674.607,1,650.249,261.25450000000001,650.249,687.29123237348256,635.04033237348256,663.84206469694038,1,10,27,27,22
43,10,18,LinearHeuristicAuction,0.2,0.08,,True,,1000,10800,cats_arbitrary_g10b50,,False,CATS,50,arbitrary,MultiMinded,11,Balance,0.38000000000101863,710.9245999999999,2,698.897,258.83499999999998,710.9245999999999,742.54367770627687,639.00967770627676,670.59999050145848,1,10,20,39,28
44,10,12,LinearHeuristicAuction,0.2,0.08,,True,,1000,10800,cats_arbitrary_g10b50,,False,CATS,50,arbitrary,MultiMinded,1000,MaxIter,34.5,748.73,1,701.292,407.33100000000002,628.181,776.37777684628975,0,0.0,1,10,19,37,22
45,10,15,LinearHeuristicAuction,0.2,0.08,,True,,1000,10800,cats_arbitrary_g10b50,,False,CATS,50,arbitrary,MultiMinded,21,Balance,0.7000000000007276,753.639,3,656.884,388.58100000000002,753.639,751.00369911315761,517.85509911315762,525.03182543510093,1,10,2,34,25
46,10,17,LinearHeuristicAuction,0.2,0.08,,True,,1000,10800,cats_arbitrary_g10b50,,False,CATS,50,arbitrary,MultiMinded,19,Balance,0.6500000000014552,944.9340000000001,4,844.841,403.99299999999999,944.9340000000001,1001.5775861017162,678.38318610171621,709.80477705836518,1,10,6,36,27
47,10,14,LinearHeuristicAuction,0.2,0.08,,True,,1000,10800,cats_arbitrary_g10b50,,False,CATS,50,arbitrary,MultiMinded,15,Balance,0.5100000000020373,898.101,1,893.489,324.04449999999997,893.489,953.03354459920581,888.22464459920582,970.63504034017512,1,10,28,30,24
48,10,15,LinearHeuristicAuction,0.2,0.08,,True,,1000,10800,cats_arbitrary_g10b50,,False,CATS,50,arbitrary,MultiMinded,14,Balance,0.4699999999975262,889.443,3,787.484,397.44799999999998,889.443,869.53268993978099,631.06388993978101,701.22631718666912,1,10,12,35,25
49,10,14,LinearHeuristicAuction,0.2,0.08,,True,,1000,10800,cats_arbitrary_g10b50,,False,CATS,50,arbitrary,MultiMinded,22,Balance,0.7200000000011642,945.042,2,781.262,432.49200000000002,945.042,939.67202906490547,766.67522906490535,801.37696186817038,1,10,7,34,24
50,10,14,LinearHeuristicAuction,0.2,0.08,,True,,1000,10800,cats_arbitrary_g10b50,,False,CATS,50,arbitrary,MultiMinded,1000,MaxIter,32.95000000000073,815.381,1,698.568,297.62700000000001,698.568,885.57715170332403,0,6.7896408594922946,1,10,21,33,24
51,10,19,LinearHeuristicAuction,0.2,0.08,,True,,1000,10800,cats_arbitrary_g10b50,,False,CATS,50,arbitrary,MultiMinded,26,Balance,0.9700000000011642,593.082,1,593.082,349.66500000000002,593.082,649.51436841260568,579.58136841260568,608.55360308678303,1,10,24,43,29
52,10,12,LinearHeuristicAuction,0.2,0.08,,True,,1000,10800,cats_arbitrary_g10b50,,False,CATS,50,arbitrary,MultiMinded,11,Balance,0.3100000000013097,842.818,1,842.818,428.04949999999997,842.818,893.30928493632564,807.6993849363256,918.27312474736311,1,10,35,26,22
53,10,17,LinearHeuristicAuction,0.2,0.08,,True,,1000,10800,cats_arbitrary_g10b50,,False,CATS,50,arbitrary,MultiMinded,1000,MaxIter,35.409999999999854,787.8274,1,644.907,269.82600000000002,644.907,804.4910917580529,0,11.263678943047097,1,10,19,41,27
54,10,14,LinearHeuristicAuction,0.2,0.08,,True,,1000,10800,cats_arbitrary_g10b50,,False,CATS,50,arbitrary,MultiMinded,19,Balance,0.6200000000026193,810.751,3,699.486,371.92899999999997,810.751,803.93124975394176,580.7738497539417,601.6900409966205,1,10,12,30,24
55,10,14,LinearHeuristicAuction,0.2,0.08,,True,,1000,10800,cats_arbitrary_g10b50,,False,CATS,50,arbitrary,MultiMinded,20,Balance,0.6599999999998545,778.56,2,652.834,405.49599999999998,751.668,807.49609179891195,645.29769179891196,711.65428293587058,1,10,17,31,24
56,10,14,LinearHeuristicAuction,0.2,0.08,,True,,1000,10800,cats_arbitrary_g10b50,,False,CATS,50,arbitrary,MultiMinded,26,Balance,0.8299999999981083,720.833,1,718.63,414.24000000000001,659.11,732.53997449097142,649.69197449097146,730.90437060772331,1,10,46,31,24
57,10,13,LinearHeuristicAuction,0.2,0.08,,True,,1000,10800,cats_arbitrary_g10b50,,False,CATS,50,arbitrary,MultiMinded,13,Balance,0.42000000000189175,742.0273,3,583.324,429.03550000000001,742.0273,750.81942258834943,544.15229618780461,716.24013327377611,1,10,22,33,23
58,10,18,LinearHeuristicAuction,0.2,0.08,,True,,1000,10800,cats_arbitrary_g10b50,,False,CATS,50,arbitrary,MultiMinded,1000,MaxIter,34.599999999998545,927.076,2,790.752,213.971,665.2221999999999,984.00893341561846,32.084039134521376,56.099374906403554,1,10,26,38,28
59,10,15,LinearHeuristicAuction,0.2,0.08,,True,,1000,10800,cats_arbitrary_g10b50,,False,CATS,50,arbitrary,MultiMinded,13,Balance,0.43000000000029104,685.266,1,685.266,301.03800000000001,685.266,738.22244606929792,678.01484606929796,693.66549654479252,1,10,18,31,25
60,10,17,LinearHeuristicAuction,0.2,0.08,,True,,1000,10800,cats_arbitrary_g10b50,,False,CATS,50,arbitrary,MultiMinded,15,Balance,0.5099999999983993,763.9352999999999,4,684.98,313.44299999999998,763.9352999999999,766.4541934624624,515.69979346246237,599.81792194634045,1,10,11,36,27
61,10,15,LinearHeuristicAuction,0.2,0.08,,True,,1000,10800,cats_arbitrary_g10b50,,False,CATS,50,arbitrary,MultiMinded,7,Balance,0.21999999999752617,906.867,2,800.076,363.90899999999999,904.461,940.6824765498327,795.11887654983275,824.02019528652681,1,10,10,31,25
62,10,13,LinearHeuristicAuction,0.2,0.08,,True,,1000,10800,cats_arbitrary_g10b50,,False,CATS,50,arbitrary,MultiMinded,1000,MaxIter,33.77000000000044,838.7230000000001,1,739.886,355.20699999999999,729.454,902.67555241083323,0,0.29118665325195536,1,10,11,33,23
63,10,17,LinearHeuristicAuction,0.2,0.08,,True,,1000,10800,cats_arbitrary_g10b50,,False,CATS,50,arbitrary,MultiMinded,23,Balance,0.7900000000008731,879.858,1,879.858,289.45299999999997,879.858,916.07026635287207,858.17966635287212,893.18451078087787,1,10,31,36,27
64,10,13,LinearHeuristicAuction,0.2,0.08,,True,,1000,10800,cats_arbitrary_g10b50,,False,CATS,50,arbitrary,MultiMinded,12,Balance,0.38000000000101863,699.8910000000001,4,546.14,336.69400000000002,699.8910000000001,694.57150317206037,425.21630317206029,478.99665336464534,1,10,11,30,23
65,10,14,LinearHeuristicAuction,0.2,0.08,,True,,1000,10800,cats_arbitrary_g10b50,,False,CATS,50,arbitrary,MultiMinded,21,Balance,0.6699999999982538,747.1110000000001,1,683.377,371.40150000000006,683.377,750.80074067603346,676.52044067603345,737.95086582041313,1,10,27,33,24
66,10,16,LinearHeuristicAuction,0.2,0.08,,True,,1000,10800,cats_arbitrary_g10b50,,False,CATS,50,arbitrary,MultiMinded,16,Balance,0.5400000000008731,804.7069,4,692.962,241.77600000000001,804.7069,741.5737990881853,548.15299908818508,619.18261953729007,1,10,11,37,26
67,10,15,LinearHeuristicAuction,0.2,0.08,,True,,1000,10800,cats_arbitrary_g10b50,,False,CATS,50,arbitrary,MultiMinded,44,Balance,1.4599999999991269,950.858,2,795.087,420.85149999999999,950.858,918.43407416851267,750.09347416851267,832.23102911430544,1,10,28,37,25
68,10,17,LinearHeuristicAuction,0.2,0.08,,True,,1000,10800,cats_arbitrary_g10b50,,False,CATS,50,arbitrary,MultiMinded,19,Balance,0.6799999999966531,638.514,3,583.892,266.64400000000001,638.514,639.02034048044004,479.03394048044004,510.53913141231521,1,10,9,36,27
69,10,13,LinearHeuristicAuction,0.2,0.08,,True,,1000,10800,cats_arbitrary_g10b50,,False,CATS,50,arbitrary,MultiMinded,215,Balance,7.490000000001601,653.81,2,515.575,365.36749999999995,650.1410000000001,669.05612231948862,522.90912231948869,541.85559131691764,1,10,13,34,23
70,10,16,LinearHeuristicAuction,0.2,0.08,,True,,1000,10800,cats_arbitrary_g10b50,,False,CATS,50,arbitrary,MultiMinded,1000,MaxIter,35.72999999999956,813.773,1,813.773,239.7945,707.813,866.8379150093599,0,2.152542308622003,1,10,22,39,26
71,10,18,LinearHeuristicAuction,0.2,0.08,,True,,1000,10800,cats_arbitrary_g10b50,,False,CATS,50,arbitrary,MultiMinded,1000,MaxIter,34.87000000000262,936.203,1,936.203,330.1275,936.203,1073.2663510263892,0,7.7457164601713373,1,10,10,40,28
72,10,19,LinearHeuristicAuction,0.2,0.08,,True,,1000,10800,cats_arbitrary_g10b50,,False,CATS,50,arbitrary,MultiMinded,15,Balance,0.5400000000008731,742.889,4,742.889,330.43299999999999,680.7529999999999,709.7921482474701,462.78147197930195,549.59933676224364,1,10,28,44,29
73,10,13,LinearHeuristicAuction,0.2,0.08,,True,,1000,10800,cats_arbitrary_g10b50,,False,CATS,50,arbitrary,MultiMinded,16,Balance,0.5200000000004366,829.25,1,829.25,443.63649999999996,829.25,888.06066611871881,799.3333661187188,899.71168768887958,1,10,31,32,23
74,10,17,LinearHeuristicAuction,0.2,0.08,,True,,1000,10800,cats_arbitrary_g10b50,,False,CATS,50,arbitrary,MultiMinded,14,Balance,0.47000000000116415,785.147,1,785.147,194.18100000000001,785.147,810.84602107856699,772.00982107856703,803.36131868541725,1,10,13,35,27
75,10,14,LinearHeuristicAuction,0.2,0.08,,True,,1000,10800,cats_arbitrary_g10b50,,False,CATS,50,arbitrary,MultiMinded,10,Balance,0.33000000000174623,877.244,1,869.635,380.94749999999999,869.635,927.93870477229211,851.74920477229216,893.09611551721434,1,10,25,32,24
76,10,15,LinearHeuristicAuction,0.2,0.08,,True,,1000,10800,cats_arbitrary_g10b50,,False,CATS,50,arbitrary,MultiMinded,19,Balance,0.6300000000010186,772.528,1,772.528,426.029,772.528,833.42337733473153,748.21757733473146,807.5012189748461,1,10,31,34,25
77,10,16,LinearHeuristicAuction,0.2,0.08,,True,,1000,10800,cats_arbitrary_g10b50,,False,CATS,50,arbitrary,MultiMinded,1000,MaxIter,35.17000000000189,610.0541,1,475.061,229.33799999999999,475.061,646.04890709138374,0,28.435428561357043,1,10,22,39,26
78,10,16,LinearHeuristicAuction,0.2,0.08,,True,,1000,10800,cats_arbitrary_g10b50,,False,CATS,50,arbitrary,MultiMinded,1000,MaxIter,35.39999999999782,738.191,1,718.579,283.06200000000001,718.579,810.32435072172177,0,0.43340710838222662,1,10,20,37,26
79,10,16,LinearHeuristicAuction,0.2,0.08,,True,,1000,10800,cats_arbitrary_g10b50,,False,CATS,50,arbitrary,MultiMinded,43,Balance,1.5,789.0369999999999,2,767.227,328.78500000000003,789.0369999999999,819.22273440201366,687.70873440201353,741.20341671078381,1,10,19,35,26
80,10,14,LinearHeuristicAuction,0.2,0.08,,True,,1000,10800,cats_arbitrary_g10b50,,False,CATS,50,arbitrary,MultiMinded,9,Balance,0.27000000000043656,755.88,1,755.88,295.50850000000003,755.88,774.07513635138571,714.97343635138566,732.79175178435969,1,10,23,29,24
81,10,16,LinearHeuristicAuction,0.2,0.08,,True,,1000,10800,cats_arbitrary_g10b50,,False,CATS,50,arbitrary,MultiMinded,1000,MaxIter,34.13000000000102,454.25449999999995,1,381.144,179.05700000000002,381.144,507.47637016338979,0,0.0,1,10,32,37,26
82,10,14,LinearHeuristicAuction,0.2,0.08,,True,,1000,10800,cats_arbitrary_g10b50,,False,CATS,50,arbitrary,MultiMinded,1000,MaxIter,34.530000000002474,813.1470999999999,1,678.08,361.98400000000004,671.305,918.13220863107676,0,0.0,1,10,22,34,24
83,10,15,LinearHeuristicAuction,0.2,0.08,,True,,1000,10800,cats_arbitrary_g10b50,,False,CATS,50,arbitrary,MultiMinded,1000,MaxIter,33.17000000000189,897.3420000000001,1,818.953,242.078,818.953,1009.7717381788325,0,5.4593012353609254,1,10,18,37,25
84,10,14,LinearHeuristicAuction,0.2,0.08,,True,,1000,10800,cats_arbitrary_g10b50,,False,CATS,50,arbitrary,MultiMinded,12,Balance,0.4000000000014552,716.866,4,684.777,321.96300000000002,688.2285,741.54630090596424,483.97590090596418,556.58328391452642,1,10,19,34,24
85,10,11,LinearHeuristicAuction,0.2,0.08,,True,,1000,10800,cats_arbitrary_g10b50,,False,CATS,50,arbitrary,MultiMinded,29,Balance,0.9099999999998545,679.457,1,679.457,442.82050000000004,633.967,712.30795351698043,623.74385351698038,725.95877803844564,1,10,39,29,21
86,10,15,LinearHeuristicAuction,0.2,0.08,,True,,1000,10800,cats_arbitrary_g10b50,,False,CATS,50,arbitrary,MultiMinded,1000,MaxIter,34.56999999999971,950.965,1,818.766,310.39699999999999,818.766,1074.7120244834077,0,17.510494931903054,1,10,19,38,25
87,10,14,LinearHeuristicAuction,0.2,0.08,,True,,1000,10800,cats_arbitrary_g10b50,,False,CATS,50,arbitrary,MultiMinded,8,Balance,0.2599999999983993,997.2170000000001,3,716.545,235.80250000000001,997.2170000000001,1002.3374898855088,860.85598988550873,895.10066539038326,1,10,6,32,24
88,10,14,LinearHeuristicAuction,0.2,0.08,,True,,1000,10800,cats_arbitrary_g10b50,,False,CATS,50,arbitrary,MultiMinded,17,Balance,0.569999999999709,758.38,1,758.38,394.31950000000001,758.38,803.61917869688546,724.7552786968854,798.05831599113799,1,10,32,33,24
89,10,14,LinearHeuristicAuction,0.2,0.08,,True,,1000,10800,cats_arbitrary_g10b50,,False,CATS,50,arbitrary,MultiMinded,11,Balance,0.3500000000021828,732.443,2,644.233,339.30900000000003,729.4245999999999,763.94944682382913,628.2258468238291,682.86154748035347,1,10,13,30,24
90,10,14,LinearHeuristicAuction,0.2,0.08,,True,,1000,10800,cats_arbitrary_g10b50,,False,CATS,50,arbitrary,MultiMinded,10,Balance,0.31999999999970896,891.85,3,807.355,295.7045,855.8131000000001,857.38622246871637,679.96352246871641,741.57512297239282,1,10,13,34,24
91,10,13,LinearHeuristicAuction,0.2,0.08,,True,,1000,10800,cats_arbitrary_g10b50,,False,CATS,50,arbitrary,MultiMinded,15,Balance,0.46000000000276486,812.137,1,812.137,461.255,812.137,883.84080661339829,791.58980661339831,843.88490603399009,1,10,23,31,23
92,10,14,LinearHeuristicAuction,0.2,0.08,,True,,1000,10800,cats_arbitrary_g10b50,,False,CATS,50,arbitrary,MultiMinded,1000,MaxIter,34.19999999999709,621.9174,1,498.679,294.30700000000002,461.569,647.53493857797002,0,7.435613300741295,1,10,25,34,24
93,10,18,LinearHeuristicAuction,0.2,0.08,,True,,1000,10800,cats_arbitrary_g10b50,,False,CATS,50,arbitrary,MultiMinded,8,Balance,0.2599999999983993,768.1442,6,581.443,288.50549999999998,768.1442,780.86256097299713,439.43607660976642,497.86636172380895,1,10,2,37,28
94,10,14,LinearHeuristicAuction,0.2,0.08,,True,,1000,10800,cats_arbitrary_g10b50,,False,CATS,50,arbitrary,MultiMinded,18,Balance,0.569999999999709,704.947,1,704.947,384.09699999999998,704.947,752.46513187623577,675.6457318762358,682.51709303678592,1,10,19,29,24
95,10,15,LinearHeuristicAuction,0.2,0.08,,True,,1000,10800,cats_arbitrary_g10b50,,False,CATS,50,arbitrary,MultiMinded,1000,MaxIter,33.18999999999869,905.548,1,761.598,373.96699999999998,761.598,966.4107913797161,0,10.943571615220719,1,10,19,34,25
96,10,13,LinearHeuristicAuction,0.2,0.08,,True,,1000,10800,cats_arbitrary_g10b50,,False,CATS,50,arbitrary,MultiMinded,16,Balance,0.5,802.2189,2,774.483,389.73500000000001,802.2189,824.06624799139695,721.46687568398102,780.06225757292998,1,10,19,28,23
97,10,14,LinearHeuristicAuction,0.2,0.08,,True,,1000,10800,cats_arbitrary_g10b50,,False,CATS,50,arbitrary,MultiMinded,11,Balance,0.3600000000005821,777.4,1,777.4,409.10199999999998,777.4,852.17015186939864,770.34975186939869,820.81433519526331,1,10,18,30,24
98,10,12,LinearHeuristicAuction,0.2,0.08,,True,,1000,10800,cats_arbitrary_g10b50,,False,CATS,50,arbitrary,MultiMinded,14,Balance,0.43000000000029104,899.539,1,899.539,522.91999999999996,899.539,982.62619330747771,878.04219330747765,931.2611276691083,1,10,29,28,22
99,10,13,LinearHeuristicAuction,0.2,0.08,,True,,1000,10800,cats_arbitrary_g10b50,,False,CATS,50,arbitrary,MultiMinded,8,Balance,0.2400000000016007,941.1115,3,769.536,337.6515,941.1115,854.81420312174771,654.03818924928419,832.33715375317149,1,10,26,28,23
100,10,15,LinearHeuristicAuction,0.2,0.08,,True,,1000,10800,cats_arbitrary_g10b50,,False,CATS,50,arbitrary,MultiMinded,38,Balance,1.3000000000029104,733.9616,1,691.502,466.54449999999997,691.502,778.96701686582628,685.65811686582629,803.30546312596266,1,10,49,36,25
