idx,items,agents,auction_class,epsilon,stepc,epoch,scalebyvalue,reserve_type,maxiter,maxtime,generator_param_name,personalized,int_prices,generator,bids,distribution,type,rounds,status,runtime,efficient_value,final_num_winners,final_max_agent_value,final_scalevalue,final_value,final_total_price,final_revenue,final_indirect_util,final_price_degree,final_price_sparsity,final_imbalance,final_wd_nvars,final_wd_ncons
1,10,14,LinearSubgradientAuction,0.2,0.01,,True,,1000,10800,cats_arbitrary_g10b50,,False,CATS,50,arbitrary,MultiMinded,57,Balance,10.369999999995343,793.971,3,793.971,469.322,741.586,823.42555789322591,544.94663734159224,555.22344580787569,1,10,7,294,444
2,10,17,LinearSubgradientAuction,0.2,0.01,,True,,1000,10800,cats_arbitrary_g10b50,,False,CATS,50,arbitrary,MultiMinded,1000,MaxIter,218.48000000001048,890.9177,5,838.462,457.63549999999998,600.0983,985.10782458351139,239.08779894617828,275.64626265976017,1,10,1,357,537
3,10,13,LinearSubgradientAuction,0.2,0.01,,True,,1000,10800,cats_arbitrary_g10b50,,False,CATS,50,arbitrary,MultiMinded,1000,MaxIter,170.44000000000233,689.11,1,689.11,373.73599999999999,230.823,760.22455621471283,0,0.57613358779190094,1,10,10,273,413
4,10,17,LinearSubgradientAuction,0.2,0.01,,True,,1000,10800,cats_arbitrary_g10b50,,False,CATS,50,arbitrary,MultiMinded,50,Balance,10.779999999998836,673.823,6,673.823,310.16499999999996,673.4054,673.51155281246383,343.20361712761451,363.55184718753605,1,10,9,357,537
5,10,13,LinearSubgradientAuction,0.2,0.01,,True,,1000,10800,cats_arbitrary_g10b50,,False,CATS,50,arbitrary,MultiMinded,8,Balance,1.2599999999802094,758.773,1,758.773,337.48050000000001,758.773,710.63155846907534,643.13545846907539,795.98425447745808,1,10,15,273,413
6,10,14,LinearSubgradientAuction,0.2,0.01,,True,,1000,10800,cats_arbitrary_g10b50,,False,CATS,50,arbitrary,MultiMinded,1000,MaxIter,182.04000000000815,841.028,4,744.08,361.97500000000002,582.733,812.24586881608923,338.94654964129381,389.9144606251366,1,10,4,294,444
7,10,16,LinearSubgradientAuction,0.2,0.01,,True,,1000,10800,cats_arbitrary_g10b50,,False,CATS,50,arbitrary,MultiMinded,28,Balance,5.630000000004657,859.6020000000001,2,710.786,293.07349999999997,859.6020000000001,829.34110786551116,712.11170786551122,799.08123519052083,1,10,3,336,506
8,10,14,LinearSubgradientAuction,0.2,0.01,,True,,1000,10800,cats_arbitrary_g10b50,,False,CATS,50,arbitrary,MultiMinded,104,Balance,18.650000000023283,556.7090000000001,2,486.526,246.58600000000001,556.7090000000001,542.1609458672566,443.52654586725663,487.32814540707619,1,10,1,294,444
9,10,20,LinearSubgradientAuction,0.2,0.01,,True,,1000,10800,cats_arbitrary_g10b50,,False,CATS,50,arbitrary,MultiMinded,140,Balance,34.89000000001397,650.389,3,411.483,212.66149999999999,650.389,632.9749670396576,505.56017479274135,565.57751353736376,1,10,6,420,630
10,10,16,LinearSubgradientAuction,0.2,0.01,,True,,1000,10800,cats_arbitrary_g10b50,,False,CATS,50,arbitrary,MultiMinded,22,Balance,4.330000000016298,974.512,1,974.512,305.01999999999998,974.512,972.06591789396577,911.06191789396576,937.64367284074808,1,10,10,336,506
11,10,18,LinearSubgradientAuction,0.2,0.01,,True,,1000,10800,cats_arbitrary_g10b50,,False,CATS,50,arbitrary,MultiMinded,188,Balance,42.35000000000582,903.4137000000001,5,690.32,184.28,903.4137000000001,826.50109825176492,642.22109825176494,728.79822133002745,1,10,4,378,568
12,10,18,LinearSubgradientAuction,0.2,0.01,,True,,1000,10800,cats_arbitrary_g10b50,,False,CATS,50,arbitrary,MultiMinded,1000,MaxIter,229.25,476.0346,2,416.605,211.79050000000001,79.0972,483.5466653196554,17.071470350083779,17.25726109475378,1,10,9,378,568
13,10,14,LinearSubgradientAuction,0.2,0.01,,True,,1000,10800,cats_arbitrary_g10b50,,False,CATS,50,arbitrary,MultiMinded,47,Balance,8.489999999990687,761.647,1,761.647,337.08749999999998,761.647,761.42702041586142,694.0095204158614,694.22950000000003,1,10,0,294,444
14,10,14,LinearSubgradientAuction,0.2,0.01,,True,,1000,10800,cats_arbitrary_g10b50,,False,CATS,50,arbitrary,MultiMinded,106,Balance,19.19000000000233,1115.4950000000001,3,880.107,393.411,1115.4950000000001,987.64658240759468,751.61267226359087,958.13060000000007,1,10,2,294,444
15,10,12,LinearSubgradientAuction,0.2,0.01,,True,,1000,10800,cats_arbitrary_g10b50,,False,CATS,50,arbitrary,MultiMinded,130,Balance,20.289999999979045,871.33,2,871.33,381.12349999999998,871.33,912.0555162146303,794.72305546246355,795.10530000000006,1,10,1,252,382
16,10,14,LinearSubgradientAuction,0.2,0.01,,True,,1000,10800,cats_arbitrary_g10b50,,False,CATS,50,arbitrary,MultiMinded,201,Balance,36.570000000006985,779.7001,2,571.996,300.363,774.063,745.10291692602095,624.95771692602102,676.08102316355314,1,10,3,294,444
17,10,13,LinearSubgradientAuction,0.2,0.01,,True,,1000,10800,cats_arbitrary_g10b50,,False,CATS,50,arbitrary,MultiMinded,1000,MaxIter,167.85000000000582,721.2810000000001,2,640.028,297.31799999999998,560.339,716.74276853942717,483.5957871654993,501.28190865663549,1,10,4,273,413
18,10,18,LinearSubgradientAuction,0.2,0.01,,True,,1000,10800,cats_arbitrary_g10b50,,False,CATS,50,arbitrary,MultiMinded,156,Balance,35.79999999998836,1005.5310000000001,4,868.696,380.75,982.09,988.6084295258421,684.15407995684734,753.63999999999999,1,10,1,378,568
19,10,14,LinearSubgradientAuction,0.2,0.01,,True,,1000,10800,cats_arbitrary_g10b50,,False,CATS,50,arbitrary,MultiMinded,1000,MaxIter,181.40000000002328,832.065,2,642.87,411.233,338.64300000000003,889.48278626765898,43.95361106040221,45.527704194121014,1,10,9,294,444
20,10,14,LinearSubgradientAuction,0.2,0.01,,True,,1000,10800,cats_arbitrary_g10b50,,False,CATS,50,arbitrary,MultiMinded,67,Balance,12.14999999999418,615.5416,6,453.46,272.30500000000001,615.5416,597.58296082166908,328.66900476840829,406.25254675967301,1,10,5,294,444
21,10,17,LinearSubgradientAuction,0.2,0.01,,True,,1000,10800,cats_arbitrary_g10b50,,False,CATS,50,arbitrary,MultiMinded,142,Balance,30.79999999998836,618.958,5,618.958,240.48899999999998,612.4023,672.58036945189315,467.81690889306969,468.28129325413471,1,10,8,357,537
22,10,13,LinearSubgradientAuction,0.2,0.01,,True,,1000,10800,cats_arbitrary_g10b50,,False,CATS,50,arbitrary,MultiMinded,1000,MaxIter,169.5799999999872,879.723,2,879.723,407.96800000000002,417.542,1090.6506556761776,335.94686406801964,336.07745255841184,1,10,3,273,413
23,10,15,LinearSubgradientAuction,0.2,0.01,,True,,1000,10800,cats_arbitrary_g10b50,,False,CATS,50,arbitrary,MultiMinded,88,Balance,16.80999999999767,977.097,3,977.097,436.84800000000001,957.9259999999999,1004.5797871494718,751.71667983147984,792.41572835911995,1,10,1,315,475
24,10,13,LinearSubgradientAuction,0.2,0.01,,True,,1000,10800,cats_arbitrary_g10b50,,False,CATS,50,arbitrary,MultiMinded,657,Balance,111.67999999999302,612.4065,2,552.965,296.99549999999999,598.71,646.69277558649219,527.89457558649224,527.93461482329735,1,10,6,273,413
25,10,16,LinearSubgradientAuction,0.2,0.01,,True,,1000,10800,cats_arbitrary_g10b50,,False,CATS,50,arbitrary,MultiMinded,1000,MaxIter,202.4100000000035,742.2606000000001,5,689.211,308.97050000000002,392.7773,767.41295746195124,199.78064900581194,207.75572214392304,1,10,8,336,506
26,10,13,LinearSubgradientAuction,0.2,0.01,,True,,1000,10800,cats_arbitrary_g10b50,,False,CATS,50,arbitrary,MultiMinded,31,Balance,5.1600000000034925,887.9649999999999,4,818.015,382.74599999999998,887.9649999999999,905.49478855526729,612.45329937792155,660.21829404071536,1,10,4,273,413
27,10,13,LinearSubgradientAuction,0.2,0.01,,True,,1000,10800,cats_arbitrary_g10b50,,False,CATS,50,arbitrary,MultiMinded,1000,MaxIter,168.62999999997555,775.689,2,775.689,348.334,758.4590000000001,836.04772132960125,431.79269999803876,432.03522147478861,1,10,4,273,413
28,10,15,LinearSubgradientAuction,0.2,0.01,,True,,1000,10800,cats_arbitrary_g10b50,,False,CATS,50,arbitrary,MultiMinded,44,Balance,8.470000000001164,604.885,3,604.885,314.90100000000001,563.038,614.594329798334,427.53564312384776,437.998391263629,1,10,5,315,475
29,10,12,LinearSubgradientAuction,0.2,0.01,,True,,1000,10800,cats_arbitrary_g10b50,,False,CATS,50,arbitrary,MultiMinded,594,Balance,93.89000000001397,642.809,3,642.809,296.26149999999996,642.809,730.91281335990016,583.26324705160005,583.87158156425357,1,10,7,252,382
30,10,16,LinearSubgradientAuction,0.2,0.01,,True,,1000,10800,cats_arbitrary_g10b50,,False,CATS,50,arbitrary,MultiMinded,90,Balance,18.329999999987194,754.962,4,660.473,247.715,747.3820000000001,738.90163395970239,540.72963395970248,593.95746662252236,1,10,2,336,506
31,10,15,LinearSubgradientAuction,0.2,0.01,,True,,1000,10800,cats_arbitrary_g10b50,,False,CATS,50,arbitrary,MultiMinded,22,Balance,4.170000000012806,914.694,4,907.121,520.11850000000004,914.694,995.62760357140405,592.62516289328596,610.76586956286906,1,10,15,315,475
32,10,13,LinearSubgradientAuction,0.2,0.01,,True,,1000,10800,cats_arbitrary_g10b50,,False,CATS,50,arbitrary,MultiMinded,1000,MaxIter,169.63000000000466,619.2586,3,603.07,291.851,535.188,720.18792326847984,418.22684281112453,418.67608205356981,1,10,8,273,413
33,10,16,LinearSubgradientAuction,0.2,0.01,,True,,1000,10800,cats_arbitrary_g10b50,,False,CATS,50,arbitrary,MultiMinded,1000,MaxIter,204.82000000000698,622.297,2,622.297,224.69200000000001,129.879,622.68405082395645,73.821836691081756,85.101753853659346,1,10,8,336,506
34,10,15,LinearSubgradientAuction,0.2,0.01,,True,,1000,10800,cats_arbitrary_g10b50,,False,CATS,50,arbitrary,MultiMinded,76,Balance,14.700000000011642,868.13,3,756.065,258.05500000000001,868.129,832.39074286747552,677.55774286747555,756.18369456747814,1,10,5,315,475
35,10,15,LinearSubgradientAuction,0.2,0.01,,True,,1000,10800,cats_arbitrary_g10b50,,False,CATS,50,arbitrary,MultiMinded,1000,MaxIter,194.86999999999534,804.713,3,804.713,330.97899999999998,776.79,838.27593678073151,639.65278429638715,644.39840000000004,1,10,1,315,475
36,10,15,LinearSubgradientAuction,0.2,0.01,,True,,1000,10800,cats_arbitrary_g10b50,,False,CATS,50,arbitrary,MultiMinded,89,Balance,17.039999999979045,643.0699999999999,1,632.425,412.71300000000002,632.425,680.8009078014303,598.25830780143031,598.25830780143031,1,10,10,315,475
37,10,12,LinearSubgradientAuction,0.2,0.01,,True,,1000,10800,cats_arbitrary_g10b50,,False,CATS,50,arbitrary,MultiMinded,29,Balance,4.5200000000186265,701.3026000000001,3,634.495,369.97450000000003,701.3026000000001,708.97027548765539,486.98557548765518,552.78733763473508,1,10,4,252,382
38,10,14,LinearSubgradientAuction,0.2,0.01,,True,,1000,10800,cats_arbitrary_g10b50,,False,CATS,50,arbitrary,MultiMinded,1000,MaxIter,180.62999999997555,691.88,4,653.657,339.25200000000001,418.722,725.63250164011095,283.29309680016229,321.95683540449505,1,10,4,294,444
39,10,18,LinearSubgradientAuction,0.2,0.01,,True,,1000,10800,cats_arbitrary_g10b50,,False,CATS,50,arbitrary,MultiMinded,243,Balance,55.029999999998836,955.2540000000001,3,721.473,276.10400000000004,955.2540000000001,938.84195420929984,773.17955420929979,789.6132730270815,1,10,2,378,568
40,10,15,LinearSubgradientAuction,0.2,0.01,,True,,1000,10800,cats_arbitrary_g10b50,,False,CATS,50,arbitrary,MultiMinded,13,Balance,2.4400000000023283,882.337,3,850.424,422.59100000000001,882.337,874.6807370324151,621.12613703241516,710.11289226727445,1,10,3,315,475
41,10,14,LinearSubgradientAuction,0.2,0.01,,True,,1000,10800,cats_arbitrary_g10b50,,False,CATS,50,arbitrary,MultiMinded,1000,MaxIter,182.39000000001397,806.5720000000001,2,744.105,394.66899999999998,408.013,823.41968398582776,329.28738930637149,329.31785135425031,1,10,4,294,444
42,10,12,LinearSubgradientAuction,0.2,0.01,,True,,1000,10800,cats_arbitrary_g10b50,,False,CATS,50,arbitrary,MultiMinded,529,Balance,83.61999999999534,674.607,3,650.249,261.25450000000001,674.607,666.62132846859754,510.02183023118721,570.3284798000725,1,10,4,252,382
43,10,18,LinearSubgradientAuction,0.2,0.01,,True,,1000,10800,cats_arbitrary_g10b50,,False,CATS,50,arbitrary,MultiMinded,12,Balance,2.6000000000058208,710.9245999999999,2,698.897,258.83499999999998,710.9245999999999,676.1219971376488,572.5879971376487,665.89755649529775,1,10,17,378,568
44,10,12,LinearSubgradientAuction,0.2,0.01,,True,,1000,10800,cats_arbitrary_g10b50,,False,CATS,50,arbitrary,MultiMinded,82,Balance,12.760000000009313,748.73,3,701.292,407.33100000000002,732.842,778.02280779342084,560.07366068671217,571.29985024371729,1,10,11,252,382
45,10,15,LinearSubgradientAuction,0.2,0.01,,True,,1000,10800,cats_arbitrary_g10b50,,False,CATS,50,arbitrary,MultiMinded,31,Balance,5.860000000015134,753.639,3,656.884,388.58100000000002,753.639,703.50906614569067,470.36046614569062,520.91103638600202,1,10,5,315,475
46,10,17,LinearSubgradientAuction,0.2,0.01,,True,,1000,10800,cats_arbitrary_g10b50,,False,CATS,50,arbitrary,MultiMinded,48,Balance,10.190000000002328,944.9340000000001,5,844.841,403.99299999999999,908.323,938.55001044497658,564.00539171599746,667.61977555880082,1,10,8,357,537
47,10,14,LinearSubgradientAuction,0.2,0.01,,True,,1000,10800,cats_arbitrary_g10b50,,False,CATS,50,arbitrary,MultiMinded,52,Balance,9.200000000011642,898.101,4,893.489,324.04449999999997,898.101,909.08308394893356,650.03971788315198,703.67430000000013,1,10,1,294,444
48,10,15,LinearSubgradientAuction,0.2,0.01,,True,,1000,10800,cats_arbitrary_g10b50,,False,CATS,50,arbitrary,MultiMinded,33,Balance,6.269999999989523,889.443,3,787.484,397.44799999999998,889.443,859.69098213478185,621.22218213478186,653.05896072452106,1,10,7,315,475
49,10,14,LinearSubgradientAuction,0.2,0.01,,True,,1000,10800,cats_arbitrary_g10b50,,False,CATS,50,arbitrary,MultiMinded,1000,MaxIter,180.2399999999907,945.042,1,781.262,432.49200000000002,320.387,948.65443346016264,0,1.8098781759415772,1,10,10,294,444
50,10,14,LinearSubgradientAuction,0.2,0.01,,True,,1000,10800,cats_arbitrary_g10b50,,False,CATS,50,arbitrary,MultiMinded,1000,MaxIter,180.9899999999907,815.381,2,698.568,297.62700000000001,418.643,895.75204081041625,359.14578362309527,359.39985841318668,1,10,5,294,444
51,10,19,LinearSubgradientAuction,0.2,0.01,,True,,1000,10800,cats_arbitrary_g10b50,,False,CATS,50,arbitrary,MultiMinded,331,Balance,80.05999999999767,593.082,3,593.082,349.66500000000002,495.103,607.42853501128866,425.08354720163254,426.03335457953716,1,10,11,399,599
52,10,12,LinearSubgradientAuction,0.2,0.01,,True,,1000,10800,cats_arbitrary_g10b50,,False,CATS,50,arbitrary,MultiMinded,1000,MaxIter,158.85999999998603,842.818,3,842.818,428.04949999999997,679.375,918.4794789650997,503.97650892254472,508.29833238168465,1,10,4,252,382
53,10,17,LinearSubgradientAuction,0.2,0.01,,True,,1000,10800,cats_arbitrary_g10b50,,False,CATS,50,arbitrary,MultiMinded,134,Balance,28.44000000000233,787.8274,5,644.907,269.82600000000002,787.8274,790.74636053542758,521.00808344081304,571.96659999999997,1,10,1,357,537
54,10,14,LinearSubgradientAuction,0.2,0.01,,True,,1000,10800,cats_arbitrary_g10b50,,False,CATS,50,arbitrary,MultiMinded,11,Balance,1.8800000000046566,810.751,3,699.486,371.92899999999997,810.751,792.24349437139711,569.08609437139705,597.57769671566825,1,10,2,294,444
55,10,14,LinearSubgradientAuction,0.2,0.01,,True,,1000,10800,cats_arbitrary_g10b50,,False,CATS,50,arbitrary,MultiMinded,131,Balance,23.55999999999767,778.56,2,652.834,405.49599999999998,778.56,781.03327970629311,618.83487970629301,664.53449731104297,1,10,2,294,444
56,10,14,LinearSubgradientAuction,0.2,0.01,,True,,1000,10800,cats_arbitrary_g10b50,,False,CATS,50,arbitrary,MultiMinded,37,Balance,6.580000000016298,720.833,2,718.63,414.24000000000001,718.63,780.69998228746476,632.90722081894978,647.69875877462209,1,10,2,294,444
57,10,13,LinearSubgradientAuction,0.2,0.01,,True,,1000,10800,cats_arbitrary_g10b50,,False,CATS,50,arbitrary,MultiMinded,61,Balance,10.130000000004657,742.0273,2,583.324,429.03550000000001,699.982,751.04198623345042,579.42778623345032,613.05946520166299,1,10,4,273,413
58,10,18,LinearSubgradientAuction,0.2,0.01,,True,,1000,10800,cats_arbitrary_g10b50,,False,CATS,50,arbitrary,MultiMinded,1000,MaxIter,227.01999999998952,927.076,5,790.752,213.971,777.9092,975.77332469068381,576.49634202710354,606.93328761372175,1,10,8,378,568
59,10,15,LinearSubgradientAuction,0.2,0.01,,True,,1000,10800,cats_arbitrary_g10b50,,False,CATS,50,arbitrary,MultiMinded,199,Balance,37.779999999998836,685.266,3,685.266,301.03800000000001,673.322,732.46639333541157,552.29866087853338,577.78369787707879,1,10,7,315,475
60,10,17,LinearSubgradientAuction,0.2,0.01,,True,,1000,10800,cats_arbitrary_g10b50,,False,CATS,50,arbitrary,MultiMinded,42,Balance,9.059999999997672,763.9352999999999,5,684.98,313.44299999999998,762.7090000000001,755.03405993097749,483.9193699514139,598.68243407791351,1,10,8,357,537
61,10,15,LinearSubgradientAuction,0.2,0.01,,True,,1000,10800,cats_arbitrary_g10b50,,False,CATS,50,arbitrary,MultiMinded,10,Balance,1.8800000000046566,906.867,3,800.076,363.90899999999999,906.867,796.31960580661382,577.97420580661378,806.62826765566911,1,10,25,315,475
62,10,13,LinearSubgradientAuction,0.2,0.01,,True,,1000,10800,cats_arbitrary_g10b50,,False,CATS,50,arbitrary,MultiMinded,47,Balance,7.930000000022119,838.7230000000001,5,739.886,355.20699999999999,786.8335,902.94306583804484,558.53139082253176,575.22674468756293,1,10,7,273,413
63,10,17,LinearSubgradientAuction,0.2,0.01,,True,,1000,10800,cats_arbitrary_g10b50,,False,CATS,50,arbitrary,MultiMinded,1000,MaxIter,218.63999999998487,879.858,2,879.858,289.45299999999997,199.44,896.71636187809804,141.46934328494183,142.93127543452056,1,10,8,357,537
64,10,13,LinearSubgradientAuction,0.2,0.01,,True,,1000,10800,cats_arbitrary_g10b50,,False,CATS,50,arbitrary,MultiMinded,28,Balance,4.730000000010477,699.8910000000001,4,546.14,336.69400000000002,699.8910000000001,687.31080542252857,417.95560542252861,430.89608176351862,1,10,7,273,413
65,10,14,LinearSubgradientAuction,0.2,0.01,,True,,1000,10800,cats_arbitrary_g10b50,,False,CATS,50,arbitrary,MultiMinded,1000,MaxIter,181.1600000000035,747.1110000000001,3,683.377,371.40150000000006,618.0550000000001,773.74110261684746,469.37670071692662,469.72209252630478,1,10,2,294,444
66,10,16,LinearSubgradientAuction,0.2,0.01,,True,,1000,10800,cats_arbitrary_g10b50,,False,CATS,50,arbitrary,MultiMinded,536,Balance,109.96000000002095,804.7069,4,692.962,241.77600000000001,804.7069,744.74513234970129,551.32433234970119,611.67563693844011,1,10,8,336,506
67,10,15,LinearSubgradientAuction,0.2,0.01,,True,,1000,10800,cats_arbitrary_g10b50,,False,CATS,50,arbitrary,MultiMinded,226,Balance,43.039999999979045,950.858,2,795.087,420.85149999999999,950.858,949.16820695258775,780.82760695258776,784.66117270537984,1,10,10,315,475
68,10,17,LinearSubgradientAuction,0.2,0.01,,True,,1000,10800,cats_arbitrary_g10b50,,False,CATS,50,arbitrary,MultiMinded,88,Balance,18.889999999984866,638.514,4,583.892,266.64400000000001,636.1027999999999,628.51898712971933,445.17438002722525,476.37177718466273,1,10,3,357,537
69,10,13,LinearSubgradientAuction,0.2,0.01,,True,,1000,10800,cats_arbitrary_g10b50,,False,CATS,50,arbitrary,MultiMinded,745,Balance,126.06999999997788,653.81,2,515.575,365.36749999999995,653.81,708.00442353715744,561.8574235371575,562.12113306313222,1,10,5,273,413
70,10,16,LinearSubgradientAuction,0.2,0.01,,True,,1000,10800,cats_arbitrary_g10b50,,False,CATS,50,arbitrary,MultiMinded,1000,MaxIter,201.89999999999418,813.773,4,813.773,239.7945,702.8040000000001,869.01525340285832,559.37548476842824,559.420862692632,1,10,9,336,506
71,10,18,LinearSubgradientAuction,0.2,0.01,,True,,1000,10800,cats_arbitrary_g10b50,,False,CATS,50,arbitrary,MultiMinded,1000,MaxIter,228.88000000000466,936.203,1,936.203,330.1275,103.987,1078.3722032022558,0,0.75195828865358294,1,10,10,378,568
72,10,19,LinearSubgradientAuction,0.2,0.01,,True,,1000,10800,cats_arbitrary_g10b50,,False,CATS,50,arbitrary,MultiMinded,38,Balance,8.920000000012806,742.889,1,742.889,330.43299999999999,742.889,741.44560595565861,675.35900595565863,696.81748687705795,1,10,6,399,599
73,10,13,LinearSubgradientAuction,0.2,0.01,,True,,1000,10800,cats_arbitrary_g10b50,,False,CATS,50,arbitrary,MultiMinded,1000,MaxIter,171.01999999998952,829.25,1,829.25,443.63649999999996,433.775,910.02481514518536,0,0.96033586462465337,1,10,10,273,413
74,10,17,LinearSubgradientAuction,0.2,0.01,,True,,1000,10800,cats_arbitrary_g10b50,,False,CATS,50,arbitrary,MultiMinded,1000,MaxIter,214.97000000000116,785.147,2,785.147,194.18100000000001,328.949,785.52662191735749,250.91502471097601,290.19020666952889,1,10,7,357,537
75,10,14,LinearSubgradientAuction,0.2,0.01,,True,,1000,10800,cats_arbitrary_g10b50,,False,CATS,50,arbitrary,MultiMinded,68,Balance,12.39999999999418,877.244,3,869.635,380.94749999999999,877.137,938.90434179364615,722.83743095177874,735.40170235226719,1,10,3,294,444
76,10,15,LinearSubgradientAuction,0.2,0.01,,True,,1000,10800,cats_arbitrary_g10b50,,False,CATS,50,arbitrary,MultiMinded,65,Balance,12.64999999999418,772.528,1,772.528,426.029,772.528,856.13597115472089,770.93017115472094,770.93017115472094,1,10,10,315,475
77,10,16,LinearSubgradientAuction,0.2,0.01,,True,,1000,10800,cats_arbitrary_g10b50,,False,CATS,50,arbitrary,MultiMinded,1000,MaxIter,204.3399999999965,610.0541,3,475.061,229.33799999999999,414.499,671.17372813309521,304.52799598321661,323.11579158048903,1,10,5,336,506
78,10,16,LinearSubgradientAuction,0.2,0.01,,True,,1000,10800,cats_arbitrary_g10b50,,False,CATS,50,arbitrary,MultiMinded,1000,MaxIter,206.8399999999965,738.191,1,718.579,283.06200000000001,314.212,814.95272903929128,0,0.028232339973840226,1,10,10,336,506
79,10,16,LinearSubgradientAuction,0.2,0.01,,True,,1000,10800,cats_arbitrary_g10b50,,False,CATS,50,arbitrary,MultiMinded,783,Balance,160.63999999998487,789.0369999999999,4,767.227,328.78500000000003,726.63,814.51628052842386,559.68858409953009,595.27222390644999,1,10,6,336,506
80,10,14,LinearSubgradientAuction,0.2,0.01,,True,,1000,10800,cats_arbitrary_g10b50,,False,CATS,50,arbitrary,MultiMinded,67,Balance,11.950000000011642,755.88,1,755.88,295.50850000000003,755.88,755.08898884350936,695.9872888435093,706.80666581460298,1,10,1,294,444
81,10,16,LinearSubgradientAuction,0.2,0.01,,True,,1000,10800,cats_arbitrary_g10b50,,False,CATS,50,arbitrary,MultiMinded,1000,MaxIter,205.35000000000582,454.25449999999995,2,381.144,179.05700000000002,118.016,489.07852890029653,62.59189080556952,82.718534271356489,1,10,9,336,506
82,10,14,LinearSubgradientAuction,0.2,0.01,,True,,1000,10800,cats_arbitrary_g10b50,,False,CATS,50,arbitrary,MultiMinded,1000,MaxIter,179.47999999998137,813.1470999999999,2,678.08,361.98400000000004,443.729,922.47331283779238,371.26919414275892,371.57222393088517,1,10,4,294,444
83,10,15,LinearSubgradientAuction,0.2,0.01,,True,,1000,10800,cats_arbitrary_g10b50,,False,CATS,50,arbitrary,MultiMinded,1000,MaxIter,193.6699999999837,897.3420000000001,3,818.953,242.078,617.082,983.77541825809965,488.58802391382932,520.76698693718697,1,10,5,315,475
84,10,14,LinearSubgradientAuction,0.2,0.01,,True,,1000,10800,cats_arbitrary_g10b50,,False,CATS,50,arbitrary,MultiMinded,1000,MaxIter,183.7399999999907,716.866,3,684.777,321.96300000000002,513.013,745.49128541623656,384.41567672069198,384.41567672069198,1,10,9,294,444
85,10,11,LinearSubgradientAuction,0.2,0.01,,True,,1000,10800,cats_arbitrary_g10b50,,False,CATS,50,arbitrary,MultiMinded,6,Balance,0.8200000000069849,679.457,2,679.457,442.82050000000004,679.457,720.57009614023548,575.01721699676943,746.10646915956113,1,10,16,231,351
86,10,15,LinearSubgradientAuction,0.2,0.01,,True,,1000,10800,cats_arbitrary_g10b50,,False,CATS,50,arbitrary,MultiMinded,1000,MaxIter,193.5800000000163,950.965,4,818.766,310.39699999999999,950.965,1021.5333002647219,686.86375414423571,764.80624127312581,1,10,3,315,475
87,10,14,LinearSubgradientAuction,0.2,0.01,,True,,1000,10800,cats_arbitrary_g10b50,,False,CATS,50,arbitrary,MultiMinded,1000,MaxIter,178.02999999999884,997.2170000000001,3,716.545,235.80250000000001,916.559,929.43569547129005,745.72925365096467,822.28725749089062,1,10,1,294,444
88,10,14,LinearSubgradientAuction,0.2,0.01,,True,,1000,10800,cats_arbitrary_g10b50,,False,CATS,50,arbitrary,MultiMinded,59,Balance,10.540000000008149,758.38,1,758.38,394.31950000000001,758.38,836.12759857837125,757.2636985783713,757.2636985783713,1,10,10,294,444
89,10,14,LinearSubgradientAuction,0.2,0.01,,True,,1000,10800,cats_arbitrary_g10b50,,False,CATS,50,arbitrary,MultiMinded,16,Balance,2.790000000008149,732.443,3,644.233,339.30900000000003,701.6379999999999,740.45982280233568,548.11501880299988,565.91439999999989,1,10,1,294,444
90,10,14,LinearSubgradientAuction,0.2,0.01,,True,,1000,10800,cats_arbitrary_g10b50,,False,CATS,50,arbitrary,MultiMinded,76,Balance,13.589999999996508,891.85,3,807.355,295.7045,891.85,848.04410333089095,670.6214033308911,753.9920674185804,1,10,3,294,444
91,10,13,LinearSubgradientAuction,0.2,0.01,,True,,1000,10800,cats_arbitrary_g10b50,,False,CATS,50,arbitrary,MultiMinded,1000,MaxIter,168.72000000000116,812.137,2,812.137,461.255,371.564,839.83331122756454,270.38102631635445,279.99580097907108,1,10,5,273,413
92,10,14,LinearSubgradientAuction,0.2,0.01,,True,,1000,10800,cats_arbitrary_g10b50,,False,CATS,50,arbitrary,MultiMinded,21,Balance,3.7000000000116415,621.9174,3,498.679,294.30700000000002,621.9174,630.00952189848283,453.42532189848282,490.29825864836783,1,10,3,294,444
93,10,18,LinearSubgradientAuction,0.2,0.01,,True,,1000,10800,cats_arbitrary_g10b50,,False,CATS,50,arbitrary,MultiMinded,52,Balance,11.739999999990687,768.1442,6,581.443,288.50549999999998,723.5738,708.77410518006525,372.44955629915773,443.57911554777951,1,10,12,378,568
94,10,14,LinearSubgradientAuction,0.2,0.01,,True,,1000,10800,cats_arbitrary_g10b50,,False,CATS,50,arbitrary,MultiMinded,33,Balance,5.940000000002328,704.947,2,704.947,384.09699999999998,684.5079999999999,714.36371144230452,560.72491144230457,574.16337769308689,1,10,2,294,444
95,10,15,LinearSubgradientAuction,0.2,0.01,,True,,1000,10800,cats_arbitrary_g10b50,,False,CATS,50,arbitrary,MultiMinded,187,Balance,36.20999999999185,905.548,3,761.598,373.96699999999998,905.548,978.29215620315995,755.03056471277603,757.22025315563178,1,10,7,315,475
96,10,13,LinearSubgradientAuction,0.2,0.01,,True,,1000,10800,cats_arbitrary_g10b50,,False,CATS,50,arbitrary,MultiMinded,177,Balance,29.970000000001164,802.2189,4,774.483,389.73500000000001,785.5112999999999,824.10458849573877,538.88250041757249,577.72168662369495,1,10,2,273,413
97,10,14,LinearSubgradientAuction,0.2,0.01,,True,,1000,10800,cats_arbitrary_g10b50,,False,CATS,50,arbitrary,MultiMinded,6,Balance,0.9899999999906868,777.4,1,777.4,409.10199999999998,777.4,738.19795845745602,656.37755845745596,816.05329713785932,1,10,19,294,444
98,10,12,LinearSubgradientAuction,0.2,0.01,,True,,1000,10800,cats_arbitrary_g10b50,,False,CATS,50,arbitrary,MultiMinded,6,Balance,0.8500000000058208,899.539,1,899.539,522.91999999999996,899.539,882.06860431305142,777.48460431305148,977.37385407817999,1,10,23,252,382
99,10,13,LinearSubgradientAuction,0.2,0.01,,True,,1000,10800,cats_arbitrary_g10b50,,False,CATS,50,arbitrary,MultiMinded,145,Balance,24.29999999998836,941.1115,3,769.536,337.6515,941.1115,899.31312455067018,717.37119586533436,759.70349742847316,1,10,4,273,413
100,10,15,LinearSubgradientAuction,0.2,0.01,,True,,1000,10800,cats_arbitrary_g10b50,,False,CATS,50,arbitrary,MultiMinded,1000,MaxIter,193.64999999999418,733.9616,5,691.502,466.54449999999997,574.7777000000001,823.39689562135254,308.00334686332116,308.01935478554503,1,10,9,315,475
