idx,items,agents,auction_class,epsilon,stepc,epoch,scalebyvalue,reserve_type,maxiter,maxtime,generator_param_name,personalized,int_prices,generator,bids,distribution,type,rounds,status,runtime,efficient_value,final_num_winners,final_max_agent_value,final_scalevalue,final_value,final_total_price,final_revenue,final_indirect_util,final_price_degree,final_price_sparsity,final_imbalance,final_wd_nvars,final_wd_ncons
1,30,34,LinearHeuristicAuction,0.2,0.01,,True,,1000,10800,cats_arbitrary_g30b150,,False,CATS,150,arbitrary,MultiMinded,1000,MaxIter,116.73999999999796,1985.8648,1,1958.65,585.33899999999994,1958.65,2223.2019090696526,0,3.6966124280139354,1,30,52,102,64
2,30,35,LinearHeuristicAuction,0.2,0.01,,True,,1000,10800,cats_arbitrary_g30b150,,False,CATS,150,arbitrary,MultiMinded,14,Balance,1.4700000000011642,2197.79,1,2197.79,440.00599999999997,2197.79,2281.8282750146368,2193.8270750146366,2317.6277642541882,1,30,53,80,65
3,30,33,LinearHeuristicAuction,0.2,0.01,,True,,1000,10800,cats_arbitrary_g30b150,,False,CATS,150,arbitrary,MultiMinded,1000,MaxIter,107.10999999999694,2537.724,1,1980.67,603.23800000000006,1980.67,2853.003890026162,0,1.1964727528190906,1,30,54,92,63
4,30,33,LinearHeuristicAuction,0.2,0.01,,True,,1000,10800,cats_arbitrary_g30b150,,False,CATS,150,arbitrary,MultiMinded,1000,MaxIter,113.04000000000087,2018.328,1,1780.26,501.12400000000002,1749.98,2176.3438068686792,0,7.5987932206142261,1,30,32,98,63
5,30,32,LinearHeuristicAuction,0.2,0.01,,True,,1000,10800,cats_arbitrary_g30b150,,False,CATS,150,arbitrary,MultiMinded,1000,MaxIter,116.77000000000044,1876.8708299999998,1,1770.89,624.08600000000001,1478.79,2298.0944815678831,0,2.4614091467473145,1,30,60,91,62
6,30,33,LinearHeuristicAuction,0.2,0.01,,True,,1000,10800,cats_arbitrary_g30b150,,False,CATS,150,arbitrary,MultiMinded,1000,MaxIter,110.64999999999782,2052.619,1,1672.04,727.22400000000005,1511.41,2648.2313094633478,0,2.252466512042048,1,30,49,89,63
7,30,30,LinearHeuristicAuction,0.2,0.01,,True,,1000,10800,cats_arbitrary_g30b150,,False,CATS,150,arbitrary,MultiMinded,1000,MaxIter,116.38999999999942,2256.612,1,2088.18,661.12950000000001,2088.18,2657.2653483880936,0,1.9754309808338917,1,30,47,89,60
8,30,35,LinearHeuristicAuction,0.2,0.01,,True,,1000,10800,cats_arbitrary_g30b150,,False,CATS,150,arbitrary,MultiMinded,1000,MaxIter,120.59000000000015,1886.9858,1,1721.43,762.18450000000007,1639.94,2046.6343101687285,0,0.0,1,30,132,88,65
9,30,32,LinearHeuristicAuction,0.2,0.01,,True,,1000,10800,cats_arbitrary_g30b150,,False,CATS,150,arbitrary,MultiMinded,1000,MaxIter,118.93000000000029,1903.7699,1,1559.25,844.62750000000005,1416.15,1979.2173831688501,0,0.24566300701303589,1,30,69,81,62
10,30,36,LinearHeuristicAuction,0.2,0.01,,True,,1000,10800,cats_arbitrary_g30b150,,False,CATS,150,arbitrary,MultiMinded,1000,MaxIter,102.70000000000073,2500.0740000000005,1,2217.68,621.28700000000003,2217.68,2752.4015823919231,0,26.307586254614961,1,30,61,91,66
11,30,30,LinearHeuristicAuction,0.2,0.01,,True,,1000,10800,cats_arbitrary_g30b150,,False,CATS,150,arbitrary,MultiMinded,15,Balance,1.75,1868.241,3,1447.57,637.68550000000005,1767.8229999999999,1932.6570504805684,1550.0457504805684,1578.5570843777127,1,30,68,79,60
12,30,32,LinearHeuristicAuction,0.2,0.01,,True,,1000,10800,cats_arbitrary_g30b150,,False,CATS,150,arbitrary,MultiMinded,1000,MaxIter,114.28000000000247,1629.6809799999999,1,1454.03,563.44500000000005,1454.03,2042.4713268183637,0,0.35625793197561961,1,30,90,94,62
13,30,33,LinearHeuristicAuction,0.2,0.01,,True,,1000,10800,cats_arbitrary_g30b150,,False,CATS,150,arbitrary,MultiMinded,1000,MaxIter,116.95999999999913,1977.1191,1,1667.86,707.56150000000002,1667.86,2241.3739151523459,0,0.0,1,30,107,88,63
14,30,33,LinearHeuristicAuction,0.2,0.01,,True,,1000,10800,cats_arbitrary_g30b150,,False,CATS,150,arbitrary,MultiMinded,1000,MaxIter,113.69999999999709,2717.117,1,1791.51,726.46749999999997,1791.51,2884.6271855591608,0,11.179715934798878,1,30,80,90,63
15,30,30,LinearHeuristicAuction,0.2,0.01,,True,,1000,10800,cats_arbitrary_g30b150,,False,CATS,150,arbitrary,MultiMinded,1000,MaxIter,109.65999999999985,2171.381,1,1868.55,921.70799999999997,1868.55,2524.369448988326,0,14.69044589979103,1,30,33,78,60
16,30,34,LinearHeuristicAuction,0.2,0.01,,True,,1000,10800,cats_arbitrary_g30b150,,False,CATS,150,arbitrary,MultiMinded,1000,MaxIter,101.61000000000058,2091.4660000000003,1,1581.43,466.154,1581.43,2343.8064828505271,0,33.07114927271266,1,30,71,99,64
17,30,32,LinearHeuristicAuction,0.2,0.01,,True,,1000,10800,cats_arbitrary_g30b150,,False,CATS,150,arbitrary,MultiMinded,1000,MaxIter,122.11000000000058,1828.406,1,1506.32,727.10699999999997,1235.04,2037.2618031809047,0,1.3361118728733743,1,30,30,94,62
18,30,33,LinearHeuristicAuction,0.2,0.01,,True,,1000,10800,cats_arbitrary_g30b150,,False,CATS,150,arbitrary,MultiMinded,1000,MaxIter,125.63000000000102,2345.2870000000003,1,2117.29,776.08299999999997,1995.23,2628.5150485719464,0,0.0,1,30,117,88,63
19,30,34,LinearHeuristicAuction,0.2,0.01,,True,,1000,10800,cats_arbitrary_g30b150,,False,CATS,150,arbitrary,MultiMinded,1000,MaxIter,103.92000000000189,2287.142,1,1551.3,564.779,997.279,2637.200349487603,0,8.7790127051764841,1,30,59,90,64
20,30,34,LinearHeuristicAuction,0.2,0.01,,True,,1000,10800,cats_arbitrary_g30b150,,False,CATS,150,arbitrary,MultiMinded,5,Balance,0.5299999999988358,1940.03319,8,1543.36,583.99600000000009,1877.6911000000002,2097.2193082873964,1256.486247545027,1378.0110526429523,1,30,46,79,64
21,30,32,LinearHeuristicAuction,0.2,0.01,,True,,1000,10800,cats_arbitrary_g30b150,,False,CATS,150,arbitrary,MultiMinded,1000,MaxIter,120.0099999999984,1599.0811999999999,1,1355.45,695.58449999999993,1031.01,2001.5761841695612,0,0.40082331825986728,1,30,85,82,62
22,30,33,LinearHeuristicAuction,0.2,0.01,,True,,1000,10800,cats_arbitrary_g30b150,,False,CATS,150,arbitrary,MultiMinded,1000,MaxIter,113.86999999999898,2282.8423000000003,1,1879.28,739.774,1758.09,2504.0272927537558,0,7.4708459420967372,1,30,30,89,63
23,30,33,LinearHeuristicAuction,0.2,0.01,,True,,1000,10800,cats_arbitrary_g30b150,,False,CATS,150,arbitrary,MultiMinded,1000,MaxIter,121.56000000000131,2403.9993,1,2044.82,717.20399999999995,1593.72,2859.557738274103,0,3.7974525714190577e-05,1,30,88,95,63
24,30,30,LinearHeuristicAuction,0.2,0.01,,True,,1000,10800,cats_arbitrary_g30b150,,False,CATS,150,arbitrary,MultiMinded,1000,MaxIter,107.43999999999869,2126.121,1,1969.43,482.00350000000003,1969.43,2526.072354660349,0,1.4140766570976666,1,30,58,101,60
25,30,29,LinearHeuristicAuction,0.2,0.01,,True,,1000,10800,cats_arbitrary_g30b150,,False,CATS,150,arbitrary,MultiMinded,1000,MaxIter,121.42999999999665,1852.1607,1,1764.81,936.35900000000004,1764.81,2036.3162856786382,0,4.7640521982655457,1,30,45,81,59
26,30,39,LinearHeuristicAuction,0.2,0.01,,True,,1000,10800,cats_arbitrary_g30b150,,False,CATS,150,arbitrary,MultiMinded,1000,MaxIter,116.23999999999796,2465.4804,1,1489.25,632.89699999999993,1489.25,2567.9988906021485,0,0.00010723112299615423,1,30,95,98,69
27,30,29,LinearHeuristicAuction,0.2,0.01,,True,,1000,10800,cats_arbitrary_g30b150,,False,CATS,150,arbitrary,MultiMinded,1000,MaxIter,114.33000000000175,2275.4269999999997,1,1932.93,759.11900000000003,1343.8,2222.564681105393,0,0.0,1,30,100,84,59
28,30,31,LinearHeuristicAuction,0.2,0.01,,True,,1000,10800,cats_arbitrary_g30b150,,False,CATS,150,arbitrary,MultiMinded,4,Balance,0.4000000000014552,2301.5724,6,1458.94,613.274,1904.9823,2208.6122362539127,1557.698766983927,1581.1295052454234,1,30,23,78,61
29,30,29,LinearHeuristicAuction,0.2,0.01,,True,,1000,10800,cats_arbitrary_g30b150,,False,CATS,150,arbitrary,MultiMinded,15,Balance,1.5799999999981083,2007.782,3,1669.06,662.85299999999995,1882.953,2045.9957990234475,1693.0753579496568,1757.9317953279231,1,30,48,74,59
30,30,35,LinearHeuristicAuction,0.2,0.01,,True,,1000,10800,cats_arbitrary_g30b150,,False,CATS,150,arbitrary,MultiMinded,1000,MaxIter,109.20000000000073,2161.8298999999997,1,1539.73,524.54999999999995,1390.8,2409.742338295941,0,2.1954873642928305,1,30,33,94,65
31,30,32,LinearHeuristicAuction,0.2,0.01,,True,,1000,10800,cats_arbitrary_g30b150,,False,CATS,150,arbitrary,MultiMinded,5,Balance,0.5200000000004366,2453.359,2,1724.13,512.56299999999999,2088.7070000000003,2080.5240180537353,1875.4988180537352,2557.4084611991648,1,30,78,75,62
32,30,34,LinearHeuristicAuction,0.2,0.01,,True,,1000,10800,cats_arbitrary_g30b150,,False,CATS,150,arbitrary,MultiMinded,1000,MaxIter,106.02999999999884,1818.8858,1,1643.98,574.70600000000002,1643.98,2219.6225676089061,0,0.0,1,30,138,94,64
33,30,33,LinearHeuristicAuction,0.2,0.01,,True,,1000,10800,cats_arbitrary_g30b150,,False,CATS,150,arbitrary,MultiMinded,1000,MaxIter,109.94000000000233,1944.8153000000002,1,1618.49,617.12249999999995,1618.49,2172.5862612232345,0,0.062959170768507988,1,30,71,100,63
34,30,31,LinearHeuristicAuction,0.2,0.01,,True,,1000,10800,cats_arbitrary_g30b150,,False,CATS,150,arbitrary,MultiMinded,1000,MaxIter,110.05999999999767,2467.5019,1,2102.79,578.16200000000003,1737.43,2779.1233514226192,0,0.0,1,30,110,87,61
35,30,32,LinearHeuristicAuction,0.2,0.01,,True,,1000,10800,cats_arbitrary_g30b150,,False,CATS,150,arbitrary,MultiMinded,10,Balance,1.0500000000029104,2108.201,2,1910.3,506.57900000000001,1965.9798,2105.7445497532658,1903.1129497532659,2044.8232686437996,1,30,44,67,62
36,30,35,LinearHeuristicAuction,0.2,0.01,,True,,1000,10800,cats_arbitrary_g30b150,,False,CATS,150,arbitrary,MultiMinded,1000,MaxIter,122.73999999999796,1942.8097999999998,1,1649.39,704.06799999999998,1560.07,2117.5950446157808,0,10.628164436160375,1,30,34,98,65
37,30,33,LinearHeuristicAuction,0.2,0.01,,True,,1000,10800,cats_arbitrary_g30b150,,False,CATS,150,arbitrary,MultiMinded,1000,MaxIter,117.95000000000073,1975.334,1,1881.03,532.89949999999999,1778.09,2294.1053728262173,0,1.4217379085387734,1,30,30,88,63
38,30,32,LinearHeuristicAuction,0.2,0.01,,True,,1000,10800,cats_arbitrary_g30b150,,False,CATS,150,arbitrary,MultiMinded,1000,MaxIter,111.71000000000276,2501.4829999999997,3,2312.06,839.32600000000002,1660.7818,2672.0485624532425,218.70566181520195,218.70566181520195,1,30,83,87,62
39,30,34,LinearHeuristicAuction,0.2,0.01,,True,,1000,10800,cats_arbitrary_g30b150,,False,CATS,150,arbitrary,MultiMinded,1000,MaxIter,108.7599999999984,2311.536,1,2186.45,533.95749999999998,1960.78,2650.0153602697583,0,6.2850589387153377e-05,1,30,102,91,64
40,30,31,LinearHeuristicAuction,0.2,0.01,,True,,1000,10800,cats_arbitrary_g30b150,,False,CATS,150,arbitrary,MultiMinded,1000,MaxIter,104.16999999999825,1922.01,1,1548.35,753.33299999999997,1548.35,2122.1451369308206,0,3.4227747699463897,1,30,30,81,61
41,30,32,LinearHeuristicAuction,0.2,0.01,,True,,1000,10800,cats_arbitrary_g30b150,,False,CATS,150,arbitrary,MultiMinded,1000,MaxIter,121.43999999999869,1899.3063,1,1626.29,567.45299999999997,1465.7,2232.6658629195726,0,5.7038410885437827,1,30,30,92,62
42,30,35,LinearHeuristicAuction,0.2,0.01,,True,,1000,10800,cats_arbitrary_g30b150,,False,CATS,150,arbitrary,MultiMinded,1000,MaxIter,124.78000000000247,2374.3837000000003,1,1682.91,707.67899999999997,1567.05,2822.8892092774108,0,8.2532909581327658,1,30,35,103,65
43,30,36,LinearHeuristicAuction,0.2,0.01,,True,,1000,10800,cats_arbitrary_g30b150,,False,CATS,150,arbitrary,MultiMinded,1000,MaxIter,110.27999999999884,2385.76,1,2385.76,501.80000000000001,2385.76,2506.4764293005383,0,55.178588205866447,1,30,79,94,66
44,30,35,LinearHeuristicAuction,0.2,0.01,,True,,1000,10800,cats_arbitrary_g30b150,,False,CATS,150,arbitrary,MultiMinded,1000,MaxIter,124.31999999999971,2079.9506999999994,8,1845.76,468.2165,1858.9265,2179.6838092171852,1374.1232465430983,1374.1232465430983,1,30,89,104,65
45,30,30,LinearHeuristicAuction,0.2,0.01,,True,,1000,10800,cats_arbitrary_g30b150,,False,CATS,150,arbitrary,MultiMinded,1000,MaxIter,127.14000000000306,1973.4939,1,1684.69,518.44550000000004,1578.11,1958.7888515542513,0,35.443052749721261,1,30,45,85,60
46,30,33,LinearHeuristicAuction,0.2,0.01,,True,,1000,10800,cats_arbitrary_g30b150,,False,CATS,150,arbitrary,MultiMinded,1000,MaxIter,115.33000000000175,2174.927,1,1703.31,577.08699999999999,1703.31,2459.9500316826611,0,41.157141189339256,1,30,37,96,63
47,30,36,LinearHeuristicAuction,0.2,0.01,,True,,1000,10800,cats_arbitrary_g30b150,,False,CATS,150,arbitrary,MultiMinded,1000,MaxIter,123.83000000000175,2134.903,1,1579.3,488.0025,1177.33,2436.244450784116,0,1.3274648089162611,1,30,70,105,66
48,30,36,LinearHeuristicAuction,0.2,0.01,,True,,1000,10800,cats_arbitrary_g30b150,,False,CATS,150,arbitrary,MultiMinded,1000,MaxIter,112.68000000000029,2120.0323,1,1723.29,500.82099999999997,1723.29,2280.9289812993484,0,4.6189734134689218,1,30,41,97,66
49,30,32,LinearHeuristicAuction,0.2,0.01,,True,,1000,10800,cats_arbitrary_g30b150,,False,CATS,150,arbitrary,MultiMinded,1000,MaxIter,106.13000000000102,1825.5846,1,1448.16,458.54599999999999,1356.32,2099.3222688134224,0,1.4329768466788551,1,30,100,90,62
50,30,32,LinearHeuristicAuction,0.2,0.01,,True,,1000,10800,cats_arbitrary_g30b150,,False,CATS,150,arbitrary,MultiMinded,646,Balance,75.04000000000087,2387.589,3,2137.71,881.64700000000005,2372.596,2497.2900442256441,1968.3018442256439,1980.8419924259761,1,30,73,79,62
51,30,31,LinearHeuristicAuction,0.2,0.01,,True,,1000,10800,cats_arbitrary_g30b150,,False,CATS,150,arbitrary,MultiMinded,1000,MaxIter,109.71000000000276,2404.514,1,2207.65,681.84050000000002,2207.65,2812.2882363410972,0,143.96930765108169,1,30,42,80,61
52,30,34,LinearHeuristicAuction,0.2,0.01,,True,,1000,10800,cats_arbitrary_g30b150,,False,CATS,150,arbitrary,MultiMinded,1000,MaxIter,117.0099999999984,2070.7699000000002,1,1761.92,837.09500000000003,1761.92,2328.5312104804343,0,0.4966795978073435,1,30,73,93,64
53,30,34,LinearHeuristicAuction,0.2,0.01,,True,,1000,10800,cats_arbitrary_g30b150,,False,CATS,150,arbitrary,MultiMinded,64,Balance,7.530000000002474,1944.8844,7,1588.82,654.95799999999997,1944.8844,1931.1350049661287,1148.6300959914456,1224.7348710675187,1,30,35,82,64
54,30,30,LinearHeuristicAuction,0.2,0.01,,True,,1000,10800,cats_arbitrary_g30b150,,False,CATS,150,arbitrary,MultiMinded,1000,MaxIter,117.70000000000073,2678.4509,1,2281.57,746.976,1581.27,3003.7106672853452,0,13.145565905468828,1,30,32,83,60
55,30,31,LinearHeuristicAuction,0.2,0.01,,True,,1000,10800,cats_arbitrary_g30b150,,False,CATS,150,arbitrary,MultiMinded,1000,MaxIter,109.95999999999913,2211.653,1,1943.48,726.06700000000001,1943.48,2394.4932008911646,0,0.34531542764847245,1,30,64,93,61
56,30,29,LinearHeuristicAuction,0.2,0.01,,True,,1000,10800,cats_arbitrary_g30b150,,False,CATS,150,arbitrary,MultiMinded,1000,MaxIter,108.31999999999971,2093.229,1,1877.5,714.9369999999999,1679.61,2202.6931700296072,0,0.15350359409404746,1,30,30,76,59
57,30,31,LinearHeuristicAuction,0.2,0.01,,True,,1000,10800,cats_arbitrary_g30b150,,False,CATS,150,arbitrary,MultiMinded,1000,MaxIter,107.58000000000175,2015.9576000000002,1,1667.14,591.51199999999994,1667.14,2337.9794937738525,0,1.8526365441213102,1,30,48,90,61
58,30,33,LinearHeuristicAuction,0.2,0.01,,True,,1000,10800,cats_arbitrary_g30b150,,False,CATS,150,arbitrary,MultiMinded,1000,MaxIter,109.60000000000218,2213.6252,1,1937.47,893.10799999999995,1177.19,2566.1127184285056,0,9.1984646395457759,1,30,45,84,63
59,30,31,LinearHeuristicAuction,0.2,0.01,,True,,1000,10800,cats_arbitrary_g30b150,,False,CATS,150,arbitrary,MultiMinded,1000,MaxIter,112.97999999999956,2195.5229,1,1710.57,782.62599999999998,1710.57,2696.8533958361227,0,0.16269604074273047,1,30,78,83,61
60,30,36,LinearHeuristicAuction,0.2,0.01,,True,,1000,10800,cats_arbitrary_g30b150,,False,CATS,150,arbitrary,MultiMinded,1000,MaxIter,109.65999999999985,1802.554,1,1574.08,671.95349999999996,1574.08,2043.0883502262423,0,0.0,1,30,144,96,66
61,30,33,LinearHeuristicAuction,0.2,0.01,,True,,1000,10800,cats_arbitrary_g30b150,,False,CATS,150,arbitrary,MultiMinded,1000,MaxIter,114.48999999999796,1724.4375,1,1339.03,584.49199999999996,1339.03,1999.714698531461,0,0.84949158303669492,1,30,34,86,63
62,30,36,LinearHeuristicAuction,0.2,0.01,,True,,1000,10800,cats_arbitrary_g30b150,,False,CATS,150,arbitrary,MultiMinded,1000,MaxIter,117.46000000000276,2437.0683000000004,1,1933.61,814.90999999999997,1933.61,2520.2267712722883,0,3.6577244137207998,1,30,54,94,66
63,30,34,LinearHeuristicAuction,0.2,0.01,,True,,1000,10800,cats_arbitrary_g30b150,,False,CATS,150,arbitrary,MultiMinded,1000,MaxIter,101.75,2003.24,1,2003.24,494.63999999999999,1854.74,2433.3806759796871,0,3.7236083188541045,1,30,40,87,64
64,30,34,LinearHeuristicAuction,0.2,0.01,,True,,1000,10800,cats_arbitrary_g30b150,,False,CATS,150,arbitrary,MultiMinded,1000,MaxIter,111.94999999999709,2039.0195999999999,1,1809.03,585.17600000000004,1809.03,2328.8632385250862,0,0.83741209601720357,1,30,35,97,64
65,30,36,LinearHeuristicAuction,0.2,0.01,,True,,1000,10800,cats_arbitrary_g30b150,,False,CATS,150,arbitrary,MultiMinded,1000,MaxIter,125.45000000000073,1894.2412000000002,1,1377.42,663.9670000000001,1377.42,2097.952171899753,0,14.368512453875567,1,30,36,104,66
66,30,33,LinearHeuristicAuction,0.2,0.01,,True,,1000,10800,cats_arbitrary_g30b150,,False,CATS,150,arbitrary,MultiMinded,1000,MaxIter,119.5099999999984,2454.29,1,2454.29,522.13300000000004,1368.0,2558.9875958979123,0,71.360145370756157,1,30,112,90,63
67,30,31,LinearHeuristicAuction,0.2,0.01,,True,,1000,10800,cats_arbitrary_g30b150,,False,CATS,150,arbitrary,MultiMinded,702,Balance,78.44000000000233,2341.4958,7,2017.46,785.07600000000002,2333.7981,2482.9385649405531,1654.669389631774,1655.9491867824165,1,30,39,84,61
68,30,31,LinearHeuristicAuction,0.2,0.01,,True,,1000,10800,cats_arbitrary_g30b150,,False,CATS,150,arbitrary,MultiMinded,1000,MaxIter,116.26000000000204,2082.3165,1,1694.51,536.65000000000009,1644.51,2161.3053926033863,0,31.435658012849103,1,30,83,91,61
69,30,32,LinearHeuristicAuction,0.2,0.01,,True,,1000,10800,cats_arbitrary_g30b150,,False,CATS,150,arbitrary,MultiMinded,1000,MaxIter,109.72999999999956,2088.0744,1,1731.11,855.64499999999998,1731.11,2391.78567419719,0,0.0,1,30,78,88,62
70,30,33,LinearHeuristicAuction,0.2,0.01,,True,,1000,10800,cats_arbitrary_g30b150,,False,CATS,150,arbitrary,MultiMinded,1000,MaxIter,111.97000000000116,2258.578,1,1454.94,617.26599999999996,1443.65,2674.0836095210652,0,0.19992477560603561,1,30,85,91,63
71,30,33,LinearHeuristicAuction,0.2,0.01,,True,,1000,10800,cats_arbitrary_g30b150,,False,CATS,150,arbitrary,MultiMinded,1000,MaxIter,119.81000000000131,2247.3372,1,1920.4,499.70499999999998,1920.4,2540.5561869128446,0,0.0,1,30,91,102,63
72,30,39,LinearHeuristicAuction,0.2,0.01,,True,,1000,10800,cats_arbitrary_g30b150,,False,CATS,150,arbitrary,MultiMinded,3,Balance,0.2999999999992724,2410.0175,8,1662.34,705.94000000000005,2325.1850999999997,2408.5170245550134,1525.4433850550884,1923.5562462232729,1,30,77,86,69
73,30,34,LinearHeuristicAuction,0.2,0.01,,True,,1000,10800,cats_arbitrary_g30b150,,False,CATS,150,arbitrary,MultiMinded,1000,MaxIter,109.53999999999724,2015.5892,1,1380.57,479.64299999999997,1380.57,2279.6007425041012,0,40.123473917984043,1,30,38,91,64
74,30,36,LinearHeuristicAuction,0.2,0.01,,True,,1000,10800,cats_arbitrary_g30b150,,False,CATS,150,arbitrary,MultiMinded,1000,MaxIter,108.02999999999884,2042.097,2,1285.64,413.78699999999998,1319.8696,2270.7965581442181,0.0,1.0747174549199769,1,30,78,98,66
75,30,28,LinearHeuristicAuction,0.2,0.01,,True,,1000,10800,cats_arbitrary_g30b150,,False,CATS,150,arbitrary,MultiMinded,10,Balance,0.9699999999975262,1952.3077,3,1522.4,797.30549999999994,1805.2935900000002,2192.7828810491428,1768.2763785055031,1768.2763785055031,1,30,19,64,58
76,30,35,LinearHeuristicAuction,0.2,0.01,,True,,1000,10800,cats_arbitrary_g30b150,,False,CATS,150,arbitrary,MultiMinded,1000,MaxIter,121.61999999999898,2241.3282000000004,1,1991.23,695.48000000000002,1991.23,2502.1913591511461,0,1.6925795260939722,1,30,30,96,65
77,30,29,LinearHeuristicAuction,0.2,0.01,,True,,1000,10800,cats_arbitrary_g30b150,,False,CATS,150,arbitrary,MultiMinded,1000,MaxIter,110.2400000000016,2086.98,1,1735.17,697.00749999999994,1735.17,2364.1075645499204,0,0.49507254660289846,1,30,30,93,59
78,30,34,LinearHeuristicAuction,0.2,0.01,,True,,1000,10800,cats_arbitrary_g30b150,,False,CATS,150,arbitrary,MultiMinded,1000,MaxIter,119.79999999999927,2141.5101999999997,2,1833.54,620.51150000000007,1928.5385,2306.4133031313986,0.0,2.945828418887686e-05,1,30,29,90,64
79,30,32,LinearHeuristicAuction,0.2,0.01,,True,,1000,10800,cats_arbitrary_g30b150,,False,CATS,150,arbitrary,MultiMinded,1000,MaxIter,120.15999999999985,2182.6516,1,1753.74,722.10699999999997,1425.19,2758.5496296214637,0,17.72431704171467,1,30,32,89,62
80,30,31,LinearHeuristicAuction,0.2,0.01,,True,,1000,10800,cats_arbitrary_g30b150,,False,CATS,150,arbitrary,MultiMinded,1000,MaxIter,111.92000000000189,2157.0797,1,1772.89,656.88249999999994,1772.89,2430.3126638903364,0,0.20916415292549573,1,30,108,94,61
81,30,31,LinearHeuristicAuction,0.2,0.01,,True,,1000,10800,cats_arbitrary_g30b150,,False,CATS,150,arbitrary,MultiMinded,1000,MaxIter,120.65000000000146,1755.3018000000002,1,1603.71,647.50199999999995,1538.61,1861.9415256927593,0,3.5495549757199916,1,30,35,89,61
82,30,34,LinearHeuristicAuction,0.2,0.01,,True,,1000,10800,cats_arbitrary_g30b150,,False,CATS,150,arbitrary,MultiMinded,1000,MaxIter,116.38000000000102,2385.8982,1,2112.36,790.75199999999995,2112.36,2467.6720243786008,0,24.993328387393916,1,30,31,88,64
83,30,32,LinearHeuristicAuction,0.2,0.01,,True,,1000,10800,cats_arbitrary_g30b150,,False,CATS,150,arbitrary,MultiMinded,1000,MaxIter,113.91999999999825,2059.99,1,1826.87,768.11400000000003,1826.87,2515.8657283923794,0,0.0,1,30,97,87,62
84,30,33,LinearHeuristicAuction,0.2,0.01,,True,,1000,10800,cats_arbitrary_g30b150,,False,CATS,150,arbitrary,MultiMinded,1000,MaxIter,120.43000000000029,1978.9186000000002,1,1758.88,838.20399999999995,1758.88,2277.4340385471896,0,3.1872716243487247,1,30,28,85,63
85,30,33,LinearHeuristicAuction,0.2,0.01,,True,,1000,10800,cats_arbitrary_g30b150,,False,CATS,150,arbitrary,MultiMinded,1000,MaxIter,120.04999999999927,2216.0256,1,2078.55,626.62099999999998,2078.55,2491.8205538428906,0,0.14747935430153802,1,30,92,98,63
86,30,31,LinearHeuristicAuction,0.2,0.01,,True,,1000,10800,cats_arbitrary_g30b150,,False,CATS,150,arbitrary,MultiMinded,1000,MaxIter,115.17000000000189,2283.532,1,1809.12,745.29950000000008,1627.75,2653.9154938307734,0,0.52898718936509681,1,30,94,84,61
87,30,36,LinearHeuristicAuction,0.2,0.01,,True,,1000,10800,cats_arbitrary_g30b150,,False,CATS,150,arbitrary,MultiMinded,1000,MaxIter,108.97999999999956,2522.6901999999995,1,2032.58,563.31899999999996,1775.36,2881.7373502261717,0,0.096511501007341849,1,30,89,95,66
88,30,35,LinearHeuristicAuction,0.2,0.01,,True,,1000,10800,cats_arbitrary_g30b150,,False,CATS,150,arbitrary,MultiMinded,1000,MaxIter,108.39999999999782,2265.08,1,1820.47,452.93900000000002,1764.64,2560.3373198668928,0,3.1532446358089885,1,30,42,93,65
89,30,28,LinearHeuristicAuction,0.2,0.01,,True,,1000,10800,cats_arbitrary_g30b150,,False,CATS,150,arbitrary,MultiMinded,118,Balance,14.0099999999984,1895.8706000000002,4,1412.37,685.88149999999996,1895.8706000000002,2025.7455505534622,1521.0611275707829,1547.338448767357,1,30,103,81,58
90,30,33,LinearHeuristicAuction,0.2,0.01,,True,,1000,10800,cats_arbitrary_g30b150,,False,CATS,150,arbitrary,MultiMinded,1000,MaxIter,119.39999999999782,2397.1789,1,2224.82,593.16800000000001,2224.82,2639.3829637732215,0,0.27182037899405032,1,30,120,93,63
91,30,32,LinearHeuristicAuction,0.2,0.01,,True,,1000,10800,cats_arbitrary_g30b150,,False,CATS,150,arbitrary,MultiMinded,1000,MaxIter,106.44999999999709,2290.7259999999997,1,1825.1,529.46000000000004,1825.1,2599.4993024227538,0,1.3670402791961465,1,30,65,88,62
92,30,31,LinearHeuristicAuction,0.2,0.01,,True,,1000,10800,cats_arbitrary_g30b150,,False,CATS,150,arbitrary,MultiMinded,1000,MaxIter,113.65999999999985,1880.9630000000002,1,1586.58,901.44949999999994,1586.58,2049.1508832372833,0,24.83886146600851,1,30,49,83,61
93,30,34,LinearHeuristicAuction,0.2,0.01,,True,,1000,10800,cats_arbitrary_g30b150,,False,CATS,150,arbitrary,MultiMinded,1000,MaxIter,118.65999999999985,1815.7306,1,1434.89,540.21100000000001,1434.89,1942.2066075716411,0,3.6010454683642052,1,30,35,94,64
94,30,36,LinearHeuristicAuction,0.2,0.01,,True,,1000,10800,cats_arbitrary_g30b150,,False,CATS,150,arbitrary,MultiMinded,1000,MaxIter,116.56000000000131,2435.1574,1,2127.58,687.69500000000005,2105.03,2699.2215004916175,0,3.4960162314458216,1,30,30,92,66
95,30,32,LinearHeuristicAuction,0.2,0.01,,True,,1000,10800,cats_arbitrary_g30b150,,False,CATS,150,arbitrary,MultiMinded,1000,MaxIter,122.18999999999869,2424.051,1,1933.55,792.75099999999998,1556.49,2660.4174529923939,0,7.6776209141588652,1,30,33,91,62
96,30,31,LinearHeuristicAuction,0.2,0.01,,True,,1000,10800,cats_arbitrary_g30b150,,False,CATS,150,arbitrary,MultiMinded,1000,MaxIter,118.93000000000029,1954.1625,1,1781.86,780.25699999999995,1554.48,2335.6643932639454,0,0.0,1,30,87,83,61
97,30,30,LinearHeuristicAuction,0.2,0.01,,True,,1000,10800,cats_arbitrary_g30b150,,False,CATS,150,arbitrary,MultiMinded,24,Balance,2.639999999999418,1794.66,4,1264.09,681.495,1501.8087,1764.1795599542102,1294.0005949519948,1324.7303363899964,1,30,57,76,60
98,30,32,LinearHeuristicAuction,0.2,0.01,,True,,1000,10800,cats_arbitrary_g30b150,,False,CATS,150,arbitrary,MultiMinded,1000,MaxIter,112.22999999999956,2145.0272,1,2092.47,967.64100000000008,2092.47,2626.3204195632693,0,1.3930485093466132,1,30,67,81,62
99,30,29,LinearHeuristicAuction,0.2,0.01,,True,,1000,10800,cats_arbitrary_g30b150,,False,CATS,150,arbitrary,MultiMinded,1000,MaxIter,106.91999999999825,2260.297,1,2093.42,648.17449999999997,1976.5,2681.7004358521581,0,0.20506784054438754,1,30,83,83,59
100,30,37,LinearHeuristicAuction,0.2,0.01,,True,,1000,10800,cats_arbitrary_g30b150,,False,CATS,150,arbitrary,MultiMinded,1000,MaxIter,108.03000000000247,2260.7916,1,1588.66,496.72000000000003,1571.91,2433.2036794463902,0,0.14369354194774075,1,30,101,101,67
