idx,items,agents,auction_class,epsilon,stepc,epoch,scalebyvalue,reserve_type,maxiter,maxtime,generator_param_name,personalized,int_prices,generator,bids,distribution,type,rounds,status,runtime,efficient_value,final_num_winners,final_max_agent_value,final_scalevalue,final_value,final_total_price,final_revenue,final_indirect_util,final_price_degree,final_price_sparsity,final_imbalance,final_wd_nvars,final_wd_ncons
1,10,14,LinearHeuristicAuction,0.2,0.01,,True,,1000,10800,cats_arbitrary_g10b50,,False,CATS,50,arbitrary,MultiMinded,5,Balance,0.15999999999985448,793.971,1,793.971,469.322,793.971,784.08417107798778,690.21977107798773,906.40231466532578,1,10,19,27,24
2,10,17,LinearHeuristicAuction,0.2,0.01,,True,,1000,10800,cats_arbitrary_g10b50,,False,CATS,50,arbitrary,MultiMinded,1000,MaxIter,36.20000000000073,890.9177,1,838.462,457.63549999999998,838.462,980.38171516853947,0,38.345135487971092,1,10,15,39,27
3,10,13,LinearHeuristicAuction,0.2,0.01,,True,,1000,10800,cats_arbitrary_g10b50,,False,CATS,50,arbitrary,MultiMinded,6,Balance,0.18999999999869033,689.11,1,689.11,373.73599999999999,689.11,735.45957316006377,660.71237316006375,838.58224973502365,1,10,35,25,23
4,10,17,LinearHeuristicAuction,0.2,0.01,,True,,1000,10800,cats_arbitrary_g10b50,,False,CATS,50,arbitrary,MultiMinded,6,Balance,0.1900000000023283,673.823,1,673.823,310.16499999999996,673.823,631.56080929903965,569.52780929903963,788.568830571749,1,10,21,30,27
5,10,13,LinearHeuristicAuction,0.2,0.01,,True,,1000,10800,cats_arbitrary_g10b50,,False,CATS,50,arbitrary,MultiMinded,8,Balance,0.22999999999956344,758.773,1,758.773,337.48050000000001,758.773,710.63155846907534,643.13545846907539,795.98425447745808,1,10,15,23,23
6,10,14,LinearHeuristicAuction,0.2,0.01,,True,,1000,10800,cats_arbitrary_g10b50,,False,CATS,50,arbitrary,MultiMinded,105,Balance,3.5,841.028,2,744.08,361.97500000000002,828.851,805.5053497031837,660.71534970318373,777.48023477975289,1,10,19,31,24
7,10,16,LinearHeuristicAuction,0.2,0.01,,True,,1000,10800,cats_arbitrary_g10b50,,False,CATS,50,arbitrary,MultiMinded,20,Balance,0.6899999999986903,859.6020000000001,2,710.786,293.07349999999997,746.4200000000001,743.27398209147339,626.04458209147344,750.19855453761431,1,10,10,33,26
8,10,14,LinearHeuristicAuction,0.2,0.01,,True,,1000,10800,cats_arbitrary_g10b50,,False,CATS,50,arbitrary,MultiMinded,11,Balance,0.3500000000021828,556.7090000000001,1,486.526,246.58600000000001,486.526,533.49468502417778,484.17748502417777,600.71447493292396,1,10,22,27,24
9,10,20,LinearHeuristicAuction,0.2,0.01,,True,,1000,10800,cats_arbitrary_g10b50,,False,CATS,50,arbitrary,MultiMinded,1000,MaxIter,38.19000000000233,650.389,1,411.483,212.66149999999999,378.971,657.28165549657547,0,0.38028284527399592,1,10,26,45,30
10,10,16,LinearHeuristicAuction,0.2,0.01,,True,,1000,10800,cats_arbitrary_g10b50,,False,CATS,50,arbitrary,MultiMinded,16,Balance,0.5200000000004366,974.512,1,974.512,305.01999999999998,974.512,916.57296436638239,855.56896436638237,1016.229183837715,1,10,13,34,26
11,10,18,LinearHeuristicAuction,0.2,0.01,,True,,1000,10800,cats_arbitrary_g10b50,,False,CATS,50,arbitrary,MultiMinded,127,Balance,4.369999999998981,903.4137000000001,5,690.32,184.28,903.4137000000001,799.45794787107934,615.17794787107937,755.64713790042492,1,10,5,40,28
12,10,18,LinearHeuristicAuction,0.2,0.01,,True,,1000,10800,cats_arbitrary_g10b50,,False,CATS,50,arbitrary,MultiMinded,8,Balance,0.26000000000203727,476.0346,2,416.605,211.79050000000001,476.0346,479.60803607903608,397.86857477318733,493.51929957839513,1,10,24,32,28
13,10,14,LinearHeuristicAuction,0.2,0.01,,True,,1000,10800,cats_arbitrary_g10b50,,False,CATS,50,arbitrary,MultiMinded,8,Balance,0.26000000000203727,761.647,1,761.647,337.08749999999998,761.647,677.38903489834729,609.97153489834727,877.11735423822392,1,10,14,33,24
14,10,14,LinearHeuristicAuction,0.2,0.01,,True,,1000,10800,cats_arbitrary_g10b50,,False,CATS,50,arbitrary,MultiMinded,520,Balance,17.760000000002037,1115.4950000000001,2,880.107,393.411,1115.4950000000001,1019.3693860918876,862.00498609188753,958.40752781311517,1,10,2,38,24
15,10,12,LinearHeuristicAuction,0.2,0.01,,True,,1000,10800,cats_arbitrary_g10b50,,False,CATS,50,arbitrary,MultiMinded,1000,MaxIter,31.950000000000728,871.33,1,871.33,381.12349999999998,730.755,889.82829380142573,0,3.0609243026447075e-05,1,10,27,29,22
16,10,14,LinearHeuristicAuction,0.2,0.01,,True,,1000,10800,cats_arbitrary_g10b50,,False,CATS,50,arbitrary,MultiMinded,21,Balance,0.7000000000007276,779.7001,2,571.996,300.363,774.063,680.58188516034556,560.43668516034563,746.00757773207465,1,10,4,32,24
17,10,13,LinearHeuristicAuction,0.2,0.01,,True,,1000,10800,cats_arbitrary_g10b50,,False,CATS,50,arbitrary,MultiMinded,156,Balance,5.0,721.2810000000001,1,640.028,297.31799999999998,640.028,698.68605935129199,639.22245935129195,650.85049611018474,1,10,23,31,23
18,10,18,LinearHeuristicAuction,0.2,0.01,,True,,1000,10800,cats_arbitrary_g10b50,,False,CATS,50,arbitrary,MultiMinded,9,Balance,0.2999999999992724,1005.5310000000001,2,868.696,380.75,1005.5310000000001,911.24140356876546,758.94140356876551,1012.8875287277049,1,10,15,32,28
19,10,14,LinearHeuristicAuction,0.2,0.01,,True,,1000,10800,cats_arbitrary_g10b50,,False,CATS,50,arbitrary,MultiMinded,9,Balance,0.28999999999723514,832.065,2,642.87,411.233,832.065,789.59701032458099,625.10381032458099,841.76721499620203,1,10,14,28,24
20,10,14,LinearHeuristicAuction,0.2,0.01,,True,,1000,10800,cats_arbitrary_g10b50,,False,CATS,50,arbitrary,MultiMinded,517,Balance,17.770000000000437,615.5416,2,453.46,272.30500000000001,611.3,611.30026750348497,502.37826750348495,509.50192432647827,1,10,10,34,24
21,10,17,LinearHeuristicAuction,0.2,0.01,,True,,1000,10800,cats_arbitrary_g10b50,,False,CATS,50,arbitrary,MultiMinded,212,Balance,7.930000000000291,618.958,1,618.958,240.48899999999998,618.958,666.90216868392201,618.80436868392201,619.72762314706972,1,10,23,40,27
22,10,13,LinearHeuristicAuction,0.2,0.01,,True,,1000,10800,cats_arbitrary_g10b50,,False,CATS,50,arbitrary,MultiMinded,1000,MaxIter,32.77000000000044,879.723,1,879.723,407.96800000000002,769.71,1090.5235684555216,0,0.28285032749732864,1,10,27,34,23
23,10,15,LinearHeuristicAuction,0.2,0.01,,True,,1000,10800,cats_arbitrary_g10b50,,False,CATS,50,arbitrary,MultiMinded,7,Balance,0.22999999999956344,977.097,1,977.097,436.84800000000001,977.097,955.00450551962876,867.63490551962877,1101.765428821129,1,10,23,25,25
24,10,13,LinearHeuristicAuction,0.2,0.01,,True,,1000,10800,cats_arbitrary_g10b50,,False,CATS,50,arbitrary,MultiMinded,8,Balance,0.2599999999983993,612.4065,3,552.965,296.99549999999999,576.5801,600.42859074315209,428.05675767248238,595.15979263888562,1,10,31,24,23
25,10,16,LinearHeuristicAuction,0.2,0.01,,True,,1000,10800,cats_arbitrary_g10b50,,False,CATS,50,arbitrary,MultiMinded,100,Balance,3.7399999999979627,742.2606000000001,1,689.211,308.97050000000002,689.211,740.31824774896268,678.52414774896272,753.20024037940675,1,10,17,39,26
26,10,13,LinearHeuristicAuction,0.2,0.01,,True,,1000,10800,cats_arbitrary_g10b50,,False,CATS,50,arbitrary,MultiMinded,11,Balance,0.3500000000021828,887.9649999999999,1,818.015,382.74599999999998,818.015,869.10248526267685,792.55328526267681,952.62879735217416,1,10,31,28,23
27,10,13,LinearHeuristicAuction,0.2,0.01,,True,,1000,10800,cats_arbitrary_g10b50,,False,CATS,50,arbitrary,MultiMinded,12,Balance,0.3999999999978172,775.689,1,775.689,348.334,775.689,827.81860004719181,758.15180004719184,893.23104698939323,1,10,27,27,23
28,10,15,LinearHeuristicAuction,0.2,0.01,,True,,1000,10800,cats_arbitrary_g10b50,,False,CATS,50,arbitrary,MultiMinded,9,Balance,0.2900000000008731,604.885,1,604.885,314.90100000000001,604.885,626.73989209719105,563.75969209719108,705.90796661327249,1,10,25,28,25
29,10,12,LinearHeuristicAuction,0.2,0.01,,True,,1000,10800,cats_arbitrary_g10b50,,False,CATS,50,arbitrary,MultiMinded,1000,MaxIter,33.210000000002765,642.809,1,642.809,296.26149999999996,574.789,729.52940834287585,0,0.0,1,10,10,33,22
30,10,16,LinearHeuristicAuction,0.2,0.01,,True,,1000,10800,cats_arbitrary_g10b50,,False,CATS,50,arbitrary,MultiMinded,26,Balance,0.8799999999973807,754.962,1,660.473,247.715,660.473,703.59050052032717,654.04750052032716,838.34525522062597,1,10,21,32,26
31,10,15,LinearHeuristicAuction,0.2,0.01,,True,,1000,10800,cats_arbitrary_g10b50,,False,CATS,50,arbitrary,MultiMinded,5,Balance,0.15999999999985448,914.694,1,907.121,520.11850000000004,907.121,905.26911346818099,801.24541346818091,1096.9857645261316,1,10,25,28,25
32,10,13,LinearHeuristicAuction,0.2,0.01,,True,,1000,10800,cats_arbitrary_g10b50,,False,CATS,50,arbitrary,MultiMinded,1000,MaxIter,33.68999999999869,619.2586,1,603.07,291.851,603.07,720.18792326847984,0,0.44923924244528735,1,10,28,35,23
33,10,16,LinearHeuristicAuction,0.2,0.01,,True,,1000,10800,cats_arbitrary_g10b50,,False,CATS,50,arbitrary,MultiMinded,18,Balance,0.569999999999709,622.297,1,622.297,224.69200000000001,622.297,621.10859655064621,576.17019655064621,729.77804808084215,1,10,13,33,26
34,10,15,LinearHeuristicAuction,0.2,0.01,,True,,1000,10800,cats_arbitrary_g10b50,,False,CATS,50,arbitrary,MultiMinded,409,Balance,13.25,868.13,3,756.065,258.05500000000001,868.129,850.83952705087404,696.00652705087407,713.42747892888815,1,10,6,33,25
35,10,15,LinearHeuristicAuction,0.2,0.01,,True,,1000,10800,cats_arbitrary_g10b50,,False,CATS,50,arbitrary,MultiMinded,9,Balance,0.3000000000029104,804.713,1,804.713,330.97899999999998,804.713,763.92188549447803,697.72608549447807,978.08107828641369,1,10,20,29,25
36,10,15,LinearHeuristicAuction,0.2,0.01,,True,,1000,10800,cats_arbitrary_g10b50,,False,CATS,50,arbitrary,MultiMinded,4,Balance,0.11999999999898137,643.0699999999999,1,632.425,412.71300000000002,632.425,642.26176170409394,559.71916170409395,713.51533790313897,1,10,32,29,25
37,10,12,LinearHeuristicAuction,0.2,0.01,,True,,1000,10800,cats_arbitrary_g10b50,,False,CATS,50,arbitrary,MultiMinded,14,Balance,0.4699999999975262,701.3026000000001,1,634.495,369.97450000000003,634.495,705.84252143042977,631.84762143042974,730.04514886604875,1,10,23,29,22
38,10,14,LinearHeuristicAuction,0.2,0.01,,True,,1000,10800,cats_arbitrary_g10b50,,False,CATS,50,arbitrary,MultiMinded,188,Balance,6.299999999999272,691.88,1,653.657,339.25200000000001,653.657,711.91501103994369,644.06461103994366,711.89210455573402,1,10,15,32,24
39,10,18,LinearHeuristicAuction,0.2,0.01,,True,,1000,10800,cats_arbitrary_g10b50,,False,CATS,50,arbitrary,MultiMinded,146,Balance,5.220000000001164,955.2540000000001,3,721.473,276.10400000000004,955.2540000000001,936.45862807040135,770.79622807040118,802.95329283740261,1,10,4,39,28
40,10,15,LinearHeuristicAuction,0.2,0.01,,True,,1000,10800,cats_arbitrary_g10b50,,False,CATS,50,arbitrary,MultiMinded,8,Balance,0.27000000000043656,882.337,1,850.424,422.59100000000001,850.424,875.31430784063457,790.79610784063459,896.90890148639483,1,10,19,32,25
41,10,14,LinearHeuristicAuction,0.2,0.01,,True,,1000,10800,cats_arbitrary_g10b50,,False,CATS,50,arbitrary,MultiMinded,6,Balance,0.2000000000007276,806.5720000000001,1,744.105,394.66899999999998,744.105,792.97781052392793,714.04401052392791,850.16523425357059,1,10,36,26,24
42,10,12,LinearHeuristicAuction,0.2,0.01,,True,,1000,10800,cats_arbitrary_g10b50,,False,CATS,50,arbitrary,MultiMinded,677,Balance,22.13000000000102,674.607,1,650.249,261.25450000000001,650.249,666.93223821602692,614.68133821602692,666.80042248598784,1,10,17,28,22
43,10,18,LinearHeuristicAuction,0.2,0.01,,True,,1000,10800,cats_arbitrary_g10b50,,False,CATS,50,arbitrary,MultiMinded,11,Balance,0.3599999999969441,710.9245999999999,2,698.897,258.83499999999998,710.9245999999999,655.83115803046439,552.29715803046429,712.65302485983136,1,10,26,34,28
44,10,12,LinearHeuristicAuction,0.2,0.01,,True,,1000,10800,cats_arbitrary_g10b50,,False,CATS,50,arbitrary,MultiMinded,1000,MaxIter,35.18999999999869,748.73,1,701.292,407.33100000000002,628.181,773.61154596796632,0,0.52574288570458805,1,10,17,40,22
45,10,15,LinearHeuristicAuction,0.2,0.01,,True,,1000,10800,cats_arbitrary_g10b50,,False,CATS,50,arbitrary,MultiMinded,5,Balance,0.17000000000189175,753.639,1,656.884,388.58100000000002,656.884,700.47837301319225,622.7621730131923,800.18230688319545,1,10,29,29,25
46,10,17,LinearHeuristicAuction,0.2,0.01,,True,,1000,10800,cats_arbitrary_g10b50,,False,CATS,50,arbitrary,MultiMinded,668,Balance,24.06999999999971,944.9340000000001,4,844.841,403.99299999999999,944.9340000000001,939.79847940245543,616.60407940245545,625.62593735464441,1,10,11,39,27
47,10,14,LinearHeuristicAuction,0.2,0.01,,True,,1000,10800,cats_arbitrary_g10b50,,False,CATS,50,arbitrary,MultiMinded,12,Balance,0.36999999999898137,898.101,1,893.489,324.04449999999997,893.489,847.74154002742523,782.93264002742524,1059.1692318662494,1,10,29,24,24
48,10,15,LinearHeuristicAuction,0.2,0.01,,True,,1000,10800,cats_arbitrary_g10b50,,False,CATS,50,arbitrary,MultiMinded,9,Balance,0.2999999999992724,889.443,4,787.484,397.44799999999998,793.74637,809.20762250227574,537.83077247406652,745.99369001065395,1,10,19,32,25
49,10,14,LinearHeuristicAuction,0.2,0.01,,True,,1000,10800,cats_arbitrary_g10b50,,False,CATS,50,arbitrary,MultiMinded,7,Balance,0.22000000000116415,945.042,2,781.262,432.49200000000002,815.9371,877.45998115253099,731.92024952430165,943.24249478974036,1,10,28,27,24
50,10,14,LinearHeuristicAuction,0.2,0.01,,True,,1000,10800,cats_arbitrary_g10b50,,False,CATS,50,arbitrary,MultiMinded,1000,MaxIter,31.25,815.381,1,698.568,297.62700000000001,698.568,895.75204081041613,0,0.25407479009146527,1,10,21,32,24
51,10,19,LinearHeuristicAuction,0.2,0.01,,True,,1000,10800,cats_arbitrary_g10b50,,False,CATS,50,arbitrary,MultiMinded,9,Balance,0.33000000000174623,593.082,1,593.082,349.66500000000002,593.082,625.95119896965912,556.01819896965912,694.35634162167003,1,10,23,40,29
52,10,12,LinearHeuristicAuction,0.2,0.01,,True,,1000,10800,cats_arbitrary_g10b50,,False,CATS,50,arbitrary,MultiMinded,8,Balance,0.2400000000016007,842.818,1,842.818,428.04949999999997,842.818,868.91779297001767,783.30789297001763,1011.9186018313783,1,10,29,25,22
53,10,17,LinearHeuristicAuction,0.2,0.01,,True,,1000,10800,cats_arbitrary_g10b50,,False,CATS,50,arbitrary,MultiMinded,149,Balance,5.279999999998836,787.8274,4,644.907,269.82600000000002,728.3661999999999,790.7300058160863,574.86920581608626,623.11303106423929,1,10,15,39,27
54,10,14,LinearHeuristicAuction,0.2,0.01,,True,,1000,10800,cats_arbitrary_g10b50,,False,CATS,50,arbitrary,MultiMinded,10,Balance,0.3100000000013097,810.751,3,699.486,371.92899999999997,810.751,800.19693777006114,577.03953777006109,600.31839283079955,1,10,6,31,24
55,10,14,LinearHeuristicAuction,0.2,0.01,,True,,1000,10800,cats_arbitrary_g10b50,,False,CATS,50,arbitrary,MultiMinded,1000,MaxIter,34.95999999999913,778.56,1,652.834,405.49599999999998,652.834,781.40644294220181,0,0.005295670016778331,1,10,25,36,24
56,10,14,LinearHeuristicAuction,0.2,0.01,,True,,1000,10800,cats_arbitrary_g10b50,,False,CATS,50,arbitrary,MultiMinded,5,Balance,0.1499999999978172,720.833,1,718.63,414.24000000000001,659.11,726.91362157195294,644.06562157195299,903.95033427484543,1,10,45,24,24
57,10,13,LinearHeuristicAuction,0.2,0.01,,True,,1000,10800,cats_arbitrary_g10b50,,False,CATS,50,arbitrary,MultiMinded,427,Balance,14.30000000000291,742.0273,3,583.324,429.03550000000001,742.0273,757.86630506734377,517.3714449621383,529.38281435501381,1,10,12,35,23
58,10,18,LinearHeuristicAuction,0.2,0.01,,True,,1000,10800,cats_arbitrary_g10b50,,False,CATS,50,arbitrary,MultiMinded,1000,MaxIter,36.36000000000058,927.076,2,790.752,213.971,665.2221999999999,975.77332469068403,31.586120810736745,62.023066397355009,1,10,26,41,28
59,10,15,LinearHeuristicAuction,0.2,0.01,,True,,1000,10800,cats_arbitrary_g10b50,,False,CATS,50,arbitrary,MultiMinded,29,Balance,0.9500000000007276,685.266,1,685.266,301.03800000000001,685.266,742.20187621928972,681.99427621928976,802.14895564526796,1,10,18,31,25
60,10,17,LinearHeuristicAuction,0.2,0.01,,True,,1000,10800,cats_arbitrary_g10b50,,False,CATS,50,arbitrary,MultiMinded,88,Balance,2.9099999999998545,763.9352999999999,4,684.98,313.44299999999998,763.9352999999999,753.32763173994533,502.57323173994524,569.51205235892166,1,10,7,35,27
61,10,15,LinearHeuristicAuction,0.2,0.01,,True,,1000,10800,cats_arbitrary_g10b50,,False,CATS,50,arbitrary,MultiMinded,10,Balance,0.3400000000001455,906.867,3,800.076,363.90899999999999,906.867,796.31960580661382,577.97420580661378,806.62826765566911,1,10,25,30,25
62,10,13,LinearHeuristicAuction,0.2,0.01,,True,,1000,10800,cats_arbitrary_g10b50,,False,CATS,50,arbitrary,MultiMinded,1000,MaxIter,33.31000000000131,838.7230000000001,1,739.886,355.20699999999999,729.454,904.59689469589989,0,0.0792670902688144,1,10,29,32,23
63,10,17,LinearHeuristicAuction,0.2,0.01,,True,,1000,10800,cats_arbitrary_g10b50,,False,CATS,50,arbitrary,MultiMinded,56,Balance,2.0,879.858,1,879.858,289.45299999999997,879.858,900.55872077040078,842.66812077040083,899.63771122770868,1,10,13,38,27
64,10,13,LinearHeuristicAuction,0.2,0.01,,True,,1000,10800,cats_arbitrary_g10b50,,False,CATS,50,arbitrary,MultiMinded,25,Balance,0.8400000000001455,699.8910000000001,4,546.14,336.69400000000002,699.8910000000001,687.8948563979161,418.53965639791608,432.75127354812201,1,10,13,29,23
65,10,14,LinearHeuristicAuction,0.2,0.01,,True,,1000,10800,cats_arbitrary_g10b50,,False,CATS,50,arbitrary,MultiMinded,21,Balance,0.6899999999986903,747.1110000000001,1,683.377,371.40150000000006,683.377,745.58955460429183,671.30925460429182,753.48548954280932,1,10,17,32,24
66,10,16,LinearHeuristicAuction,0.2,0.01,,True,,1000,10800,cats_arbitrary_g10b50,,False,CATS,50,arbitrary,MultiMinded,65,Balance,2.0800000000017462,804.7069,4,692.962,241.77600000000001,804.7069,738.44054596811031,545.0197459681101,658.0637357916662,1,10,8,34,26
67,10,15,LinearHeuristicAuction,0.2,0.01,,True,,1000,10800,cats_arbitrary_g10b50,,False,CATS,50,arbitrary,MultiMinded,36,Balance,1.25,950.858,2,795.087,420.85149999999999,950.858,952.91953144977924,784.57893144977925,869.15588434228027,1,10,7,33,25
68,10,17,LinearHeuristicAuction,0.2,0.01,,True,,1000,10800,cats_arbitrary_g10b50,,False,CATS,50,arbitrary,MultiMinded,227,Balance,8.05000000000291,638.514,3,583.892,266.64400000000001,638.514,618.60065653721961,458.6142565372196,486.68156684062905,1,10,3,38,27
69,10,13,LinearHeuristicAuction,0.2,0.01,,True,,1000,10800,cats_arbitrary_g10b50,,False,CATS,50,arbitrary,MultiMinded,1000,MaxIter,36.79999999999927,653.81,1,515.575,365.36749999999995,515.575,700.60378371511331,0,0.75857926886700966,1,10,10,38,23
70,10,16,LinearHeuristicAuction,0.2,0.01,,True,,1000,10800,cats_arbitrary_g10b50,,False,CATS,50,arbitrary,MultiMinded,1000,MaxIter,34.95000000000073,813.773,1,813.773,239.7945,707.813,869.39238272728278,0,0.0,1,10,24,40,26
71,10,18,LinearHeuristicAuction,0.2,0.01,,True,,1000,10800,cats_arbitrary_g10b50,,False,CATS,50,arbitrary,MultiMinded,1000,MaxIter,35.840000000000146,936.203,1,936.203,330.1275,936.203,1078.84741389541,0,0.0,1,10,22,39,28
72,10,19,LinearHeuristicAuction,0.2,0.01,,True,,1000,10800,cats_arbitrary_g10b50,,False,CATS,50,arbitrary,MultiMinded,10,Balance,0.37999999999738066,742.889,1,742.889,330.43299999999999,742.889,715.23533848263151,649.14873848263153,783.92641264421036,1,10,10,36,29
73,10,13,LinearHeuristicAuction,0.2,0.01,,True,,1000,10800,cats_arbitrary_g10b50,,False,CATS,50,arbitrary,MultiMinded,7,Balance,0.20999999999912689,829.25,1,829.25,443.63649999999996,829.25,856.83736040786619,768.11006040786617,918.43530073268812,1,10,31,25,23
74,10,17,LinearHeuristicAuction,0.2,0.01,,True,,1000,10800,cats_arbitrary_g10b50,,False,CATS,50,arbitrary,MultiMinded,1000,MaxIter,35.01000000000204,785.147,1,785.147,194.18100000000001,785.147,785.52662191735749,746.69042191735753,785.96560387591035,1,10,13,39,27
75,10,14,LinearHeuristicAuction,0.2,0.01,,True,,1000,10800,cats_arbitrary_g10b50,,False,CATS,50,arbitrary,MultiMinded,10,Balance,0.32000000000334694,877.244,1,869.635,380.94749999999999,869.635,858.41370831401275,782.2242083140128,1091.9840900939835,1,10,32,25,24
76,10,15,LinearHeuristicAuction,0.2,0.01,,True,,1000,10800,cats_arbitrary_g10b50,,False,CATS,50,arbitrary,MultiMinded,6,Balance,0.2000000000007276,772.528,1,772.528,426.029,772.528,836.08486329329287,750.8790632932928,848.5194489312729,1,10,34,28,25
77,10,16,LinearHeuristicAuction,0.2,0.01,,True,,1000,10800,cats_arbitrary_g10b50,,False,CATS,50,arbitrary,MultiMinded,1000,MaxIter,35.26000000000204,610.0541,1,475.061,229.33799999999999,475.061,671.17372813309532,0,18.587795597272475,1,10,21,36,26
78,10,16,LinearHeuristicAuction,0.2,0.01,,True,,1000,10800,cats_arbitrary_g10b50,,False,CATS,50,arbitrary,MultiMinded,1000,MaxIter,35.12999999999738,738.191,1,718.579,283.06200000000001,718.579,814.95272903929117,0,0.028232339973953913,1,10,10,40,26
79,10,16,LinearHeuristicAuction,0.2,0.01,,True,,1000,10800,cats_arbitrary_g10b50,,False,CATS,50,arbitrary,MultiMinded,65,Balance,2.279999999998836,789.0369999999999,1,767.227,328.78500000000003,767.227,799.2959293527307,733.53892935273075,798.93470518063009,1,10,16,38,26
80,10,14,LinearHeuristicAuction,0.2,0.01,,True,,1000,10800,cats_arbitrary_g10b50,,False,CATS,50,arbitrary,MultiMinded,10,Balance,0.31999999999970896,755.88,1,755.88,295.50850000000003,755.88,677.56091243408173,618.45921243408168,854.03523091105637,1,10,24,23,24
81,10,16,LinearHeuristicAuction,0.2,0.01,,True,,1000,10800,cats_arbitrary_g10b50,,False,CATS,50,arbitrary,MultiMinded,1000,MaxIter,34.029999999998836,454.25449999999995,1,381.144,179.05700000000002,381.144,489.07852890029659,0,20.126643465787016,1,10,11,36,26
82,10,14,LinearHeuristicAuction,0.2,0.01,,True,,1000,10800,cats_arbitrary_g10b50,,False,CATS,50,arbitrary,MultiMinded,1000,MaxIter,33.13999999999942,813.1470999999999,1,678.08,361.98400000000004,671.305,922.47331283779261,0,0.30302978812613901,1,10,22,33,24
83,10,15,LinearHeuristicAuction,0.2,0.01,,True,,1000,10800,cats_arbitrary_g10b50,,False,CATS,50,arbitrary,MultiMinded,1000,MaxIter,35.38999999999942,897.3420000000001,1,818.953,242.078,818.953,983.77541825809953,0,32.178963074186811,1,10,15,41,25
84,10,14,LinearHeuristicAuction,0.2,0.01,,True,,1000,10800,cats_arbitrary_g10b50,,False,CATS,50,arbitrary,MultiMinded,9,Balance,0.2900000000008731,716.866,1,684.777,321.96300000000002,684.777,722.00427777496202,657.611677774962,827.18209632664184,1,10,32,30,24
85,10,11,LinearHeuristicAuction,0.2,0.01,,True,,1000,10800,cats_arbitrary_g10b50,,False,CATS,50,arbitrary,MultiMinded,6,Balance,0.18000000000029104,679.457,1,679.457,442.82050000000004,633.967,720.57009614023548,632.00599614023542,803.09524830302712,1,10,36,21,21
86,10,15,LinearHeuristicAuction,0.2,0.01,,True,,1000,10800,cats_arbitrary_g10b50,,False,CATS,50,arbitrary,MultiMinded,1000,MaxIter,33.470000000001164,950.965,1,818.766,310.39699999999999,818.766,1021.533300264722,0,77.942487128890122,1,10,23,34,25
87,10,14,LinearHeuristicAuction,0.2,0.01,,True,,1000,10800,cats_arbitrary_g10b50,,False,CATS,50,arbitrary,MultiMinded,65,Balance,2.1599999999998545,997.2170000000001,3,716.545,235.80250000000001,997.2170000000001,861.17299689652305,719.69149689652318,933.13569504069756,1,10,10,31,24
88,10,14,LinearHeuristicAuction,0.2,0.01,,True,,1000,10800,cats_arbitrary_g10b50,,False,CATS,50,arbitrary,MultiMinded,6,Balance,0.2000000000007276,758.38,1,758.38,394.31950000000001,758.38,800.94828691519069,722.08438691519063,893.74329941758083,1,10,28,30,24
89,10,14,LinearHeuristicAuction,0.2,0.01,,True,,1000,10800,cats_arbitrary_g10b50,,False,CATS,50,arbitrary,MultiMinded,6,Balance,0.18999999999869033,732.443,2,644.233,339.30900000000003,729.4245999999999,661.82153708876774,526.09793708876771,794.42613845403935,1,10,24,26,24
90,10,14,LinearHeuristicAuction,0.2,0.01,,True,,1000,10800,cats_arbitrary_g10b50,,False,CATS,50,arbitrary,MultiMinded,50,Balance,1.569999999999709,891.85,3,807.355,295.7045,855.8131000000001,824.62390685506693,647.20120685506697,778.03867315427669,1,10,13,30,24
91,10,13,LinearHeuristicAuction,0.2,0.01,,True,,1000,10800,cats_arbitrary_g10b50,,False,CATS,50,arbitrary,MultiMinded,14,Balance,0.47999999999956344,812.137,1,812.137,461.255,812.137,881.30747611227935,789.05647611227937,878.67675800886786,1,10,15,32,23
92,10,14,LinearHeuristicAuction,0.2,0.01,,True,,1000,10800,cats_arbitrary_g10b50,,False,CATS,50,arbitrary,MultiMinded,7,Balance,0.22999999999956344,621.9174,3,498.679,294.30700000000002,619.5164,590.455345507581,413.87114550758099,565.89530196068142,1,10,27,32,24
93,10,18,LinearHeuristicAuction,0.2,0.01,,True,,1000,10800,cats_arbitrary_g10b50,,False,CATS,50,arbitrary,MultiMinded,10,Balance,0.37000000000261934,768.1442,6,581.443,288.50549999999998,768.1442,641.60821528064389,315.77583257057785,594.25103914668171,1,10,27,32,28
94,10,14,LinearHeuristicAuction,0.2,0.01,,True,,1000,10800,cats_arbitrary_g10b50,,False,CATS,50,arbitrary,MultiMinded,6,Balance,0.2000000000007276,704.947,1,704.947,384.09699999999998,704.947,665.58847700605838,588.76907700605841,841.90692148392577,1,10,24,25,24
95,10,15,LinearHeuristicAuction,0.2,0.01,,True,,1000,10800,cats_arbitrary_g10b50,,False,CATS,50,arbitrary,MultiMinded,1000,MaxIter,35.37999999999738,905.548,1,761.598,373.96699999999998,761.598,975.87886233422159,0,0.68874389241318568,1,10,16,38,25
96,10,13,LinearHeuristicAuction,0.2,0.01,,True,,1000,10800,cats_arbitrary_g10b50,,False,CATS,50,arbitrary,MultiMinded,28,Balance,0.9099999999998545,802.2189,2,774.483,389.73500000000001,802.2189,811.38040764626442,696.51184793834022,832.72780476264859,1,10,8,28,23
97,10,14,LinearHeuristicAuction,0.2,0.01,,True,,1000,10800,cats_arbitrary_g10b50,,False,CATS,50,arbitrary,MultiMinded,6,Balance,0.18999999999869033,777.4,1,777.4,409.10199999999998,777.4,738.19795845745602,656.37755845745596,816.05329713785932,1,10,19,28,24
98,10,12,LinearHeuristicAuction,0.2,0.01,,True,,1000,10800,cats_arbitrary_g10b50,,False,CATS,50,arbitrary,MultiMinded,6,Balance,0.1900000000023283,899.539,1,899.539,522.91999999999996,899.539,882.06860431305131,777.48460431305125,977.37385407817987,1,10,23,25,22
99,10,13,LinearHeuristicAuction,0.2,0.01,,True,,1000,10800,cats_arbitrary_g10b50,,False,CATS,50,arbitrary,MultiMinded,14,Balance,0.4599999999991269,941.1115,3,769.536,337.6515,941.1115,834.66079112821694,657.96828298899743,873.73618821545915,1,10,17,26,23
100,10,15,LinearHeuristicAuction,0.2,0.01,,True,,1000,10800,cats_arbitrary_g10b50,,False,CATS,50,arbitrary,MultiMinded,5,Balance,0.15999999999985448,733.9616,1,691.502,466.54449999999997,691.502,766.94043861069258,673.63153861069259,923.10587740610697,1,10,37,29,25
