idx,items,agents,auction_class,epsilon,stepc,epoch,scalebyvalue,reserve_type,maxiter,maxtime,generator_param_name,personalized,int_prices,generator,bids,distribution,type,rounds,status,runtime,efficient_value,final_num_winners,final_max_agent_value,final_scalevalue,final_value,final_total_price,final_revenue,final_indirect_util,final_price_degree,final_price_sparsity,final_imbalance,final_wd_nvars,final_wd_ncons
1,10,14,LinearSubgradientAuction,0.1,0.01,,True,,1000,10800,cats_arbitrary_g10b50,,False,CATS,50,arbitrary,MultiMinded,1000,MaxIter,182.8000000000029,793.971,4,793.971,469.322,285.414,816.93497646385777,191.99467824871058,197.39207572143167,1,10,7,294,444
2,10,17,LinearSubgradientAuction,0.1,0.01,,True,,1000,10800,cats_arbitrary_g10b50,,False,CATS,50,arbitrary,MultiMinded,1000,MaxIter,218.31999999999243,890.9177,5,838.462,457.63549999999998,600.0983,985.10782458351139,380.61780386630085,417.17626757988273,1,10,1,357,537
3,10,13,LinearSubgradientAuction,0.1,0.01,,True,,1000,10800,cats_arbitrary_g10b50,,False,CATS,50,arbitrary,MultiMinded,1000,MaxIter,170.9600000000064,689.11,1,689.11,373.73599999999999,230.823,760.22455621471283,0,0.57613358779190094,1,10,10,273,413
4,10,17,LinearSubgradientAuction,0.1,0.01,,True,,1000,10800,cats_arbitrary_g10b50,,False,CATS,50,arbitrary,MultiMinded,50,Balance,10.770000000004075,673.823,6,673.823,310.16499999999996,673.4054,673.51155281246383,498.28611712761443,518.63434718753592,1,10,9,357,537
5,10,13,LinearSubgradientAuction,0.1,0.01,,True,,1000,10800,cats_arbitrary_g10b50,,False,CATS,50,arbitrary,MultiMinded,9,Balance,1.4199999999982538,758.773,1,758.773,337.48050000000001,758.773,728.52916472419247,694.78111472419243,790.3575707162006,1,10,15,273,413
6,10,14,LinearSubgradientAuction,0.1,0.01,,True,,1000,10800,cats_arbitrary_g10b50,,False,CATS,50,arbitrary,MultiMinded,1000,MaxIter,181.77999999999884,841.028,4,744.08,361.97500000000002,582.733,812.24586881608923,423.25502926402635,474.22294024786913,1,10,4,294,444
7,10,16,LinearSubgradientAuction,0.1,0.01,,True,,1000,10800,cats_arbitrary_g10b50,,False,CATS,50,arbitrary,MultiMinded,109,Balance,22.389999999999418,859.6020000000001,2,710.786,293.07349999999997,859.6020000000001,838.64877781070732,780.03407781070723,821.63154695626292,1,10,3,336,506
8,10,14,LinearSubgradientAuction,0.1,0.01,,True,,1000,10800,cats_arbitrary_g10b50,,False,CATS,50,arbitrary,MultiMinded,140,Balance,25.419999999998254,556.7090000000001,2,486.526,246.58600000000001,556.7090000000001,545.71520691971295,496.398006919713,531.72397934273636,1,10,1,294,444
9,10,20,LinearSubgradientAuction,0.1,0.01,,True,,1000,10800,cats_arbitrary_g10b50,,False,CATS,50,arbitrary,MultiMinded,503,Balance,128.15000000000873,650.389,3,411.483,212.66149999999999,650.389,656.78213690746554,593.06934607345511,607.85670000000005,1,10,1,420,630
10,10,16,LinearSubgradientAuction,0.1,0.01,,True,,1000,10800,cats_arbitrary_g10b50,,False,CATS,50,arbitrary,MultiMinded,22,Balance,4.349999999991269,974.512,1,974.512,305.01999999999998,974.512,972.06591789396577,941.56391789396582,968.14567284074815,1,10,10,336,506
11,10,18,LinearSubgradientAuction,0.1,0.01,,True,,1000,10800,cats_arbitrary_g10b50,,False,CATS,50,arbitrary,MultiMinded,188,Balance,42.44000000000233,903.4137000000001,5,690.32,184.28,903.4137000000001,826.50109825176492,734.36109825176482,820.93822133002732,1,10,4,378,568
12,10,18,LinearSubgradientAuction,0.1,0.01,,True,,1000,10800,cats_arbitrary_g10b50,,False,CATS,50,arbitrary,MultiMinded,1000,MaxIter,231.27000000000407,476.0346,2,416.605,211.79050000000001,79.0972,483.5466653196554,38.250520350083782,38.436311094753783,1,10,9,378,568
13,10,14,LinearSubgradientAuction,0.1,0.01,,True,,1000,10800,cats_arbitrary_g10b50,,False,CATS,50,arbitrary,MultiMinded,47,Balance,8.360000000000582,761.647,1,761.647,337.08749999999998,761.647,761.42702041586142,727.71827041586141,727.93825000000004,1,10,0,294,444
14,10,14,LinearSubgradientAuction,0.1,0.01,,True,,1000,10800,cats_arbitrary_g10b50,,False,CATS,50,arbitrary,MultiMinded,237,Balance,42.529999999998836,1115.4950000000001,2,880.107,393.411,1115.4950000000001,994.98958059369124,916.30738059369128,1075.4656878403562,1,10,4,294,444
15,10,12,LinearSubgradientAuction,0.1,0.01,,True,,1000,10800,cats_arbitrary_g10b50,,False,CATS,50,arbitrary,MultiMinded,176,Balance,27.94999999999709,871.33,2,871.33,381.12349999999998,871.33,908.59745700046119,832.82310373117139,833.21765000000005,1,10,1,252,382
16,10,14,LinearSubgradientAuction,0.1,0.01,,True,,1000,10800,cats_arbitrary_g10b50,,False,CATS,50,arbitrary,MultiMinded,201,Balance,36.38999999999942,779.7001,2,571.996,300.363,774.063,745.10291692602095,685.03031692602099,736.15362316355311,1,10,3,294,444
17,10,13,LinearSubgradientAuction,0.1,0.01,,True,,1000,10800,cats_arbitrary_g10b50,,False,CATS,50,arbitrary,MultiMinded,1000,MaxIter,169.7899999999936,721.2810000000001,2,640.028,297.31799999999998,560.339,716.74276853942717,513.32758716549927,531.01370865663546,1,10,4,273,413
18,10,18,LinearSubgradientAuction,0.1,0.01,,True,,1000,10800,cats_arbitrary_g10b50,,False,CATS,50,arbitrary,MultiMinded,879,Balance,202.45000000001164,1005.5310000000001,4,868.696,380.75,982.09,1000.8630503635648,848.7716242041206,867.94958580328728,1,10,1,378,568
19,10,14,LinearSubgradientAuction,0.1,0.01,,True,,1000,10800,cats_arbitrary_g10b50,,False,CATS,50,arbitrary,MultiMinded,1000,MaxIter,179.08000000000175,832.065,2,642.87,411.233,338.64300000000003,889.48278626765898,85.07691106040221,86.651004194121015,1,10,9,294,444
20,10,14,LinearSubgradientAuction,0.1,0.01,,True,,1000,10800,cats_arbitrary_g10b50,,False,CATS,50,arbitrary,MultiMinded,125,Balance,22.64999999999418,615.5416,6,453.46,272.30500000000001,615.5416,597.48999769405054,448.49099905139025,507.1304952352699,1,10,5,294,444
21,10,17,LinearSubgradientAuction,0.1,0.01,,True,,1000,10800,cats_arbitrary_g10b50,,False,CATS,50,arbitrary,MultiMinded,1000,MaxIter,216.84999999999127,618.958,1,618.958,240.48899999999998,240.32,654.8301135728268,0,0.39399657332062787,1,10,10,357,537
22,10,13,LinearSubgradientAuction,0.1,0.01,,True,,1000,10800,cats_arbitrary_g10b50,,False,CATS,50,arbitrary,MultiMinded,1000,MaxIter,170.17999999999302,879.723,2,879.723,407.96800000000002,417.542,1090.6506556761776,376.74366406801965,376.87425255841185,1,10,3,273,413
23,10,15,LinearSubgradientAuction,0.1,0.01,,True,,1000,10800,cats_arbitrary_g10b50,,False,CATS,50,arbitrary,MultiMinded,498,Balance,96.44999999999709,977.097,3,977.097,436.84800000000001,957.9259999999999,977.11523682626921,846.11246704099165,870.55639999999994,1,10,1,315,475
24,10,13,LinearSubgradientAuction,0.1,0.01,,True,,1000,10800,cats_arbitrary_g10b50,,False,CATS,50,arbitrary,MultiMinded,1000,MaxIter,168.7199999999866,612.4065,3,552.965,296.99549999999999,341.271,646.8420632427202,312.08533901234955,312.11326797041983,1,10,13,273,413
25,10,16,LinearSubgradientAuction,0.1,0.01,,True,,1000,10800,cats_arbitrary_g10b50,,False,CATS,50,arbitrary,MultiMinded,1000,MaxIter,205.32000000000698,742.2606000000001,5,689.211,308.97050000000002,392.7773,767.41295746195124,292.47179900581199,300.44687214392309,1,10,8,336,506
26,10,13,LinearSubgradientAuction,0.1,0.01,,True,,1000,10800,cats_arbitrary_g10b50,,False,CATS,50,arbitrary,MultiMinded,143,Balance,24.289999999993597,887.9649999999999,4,818.015,382.74599999999998,887.9649999999999,918.1900322483848,765.23617847399737,773.14120000000003,1,10,1,273,413
27,10,13,LinearSubgradientAuction,0.1,0.01,,True,,1000,10800,cats_arbitrary_g10b50,,False,CATS,50,arbitrary,MultiMinded,1000,MaxIter,169.22999999999593,775.689,2,775.689,348.334,758.4590000000001,836.04772132960125,466.6260999980388,466.86862147478865,1,10,4,273,413
28,10,15,LinearSubgradientAuction,0.1,0.01,,True,,1000,10800,cats_arbitrary_g10b50,,False,CATS,50,arbitrary,MultiMinded,114,Balance,22.110000000000582,604.885,4,604.885,314.90100000000001,563.038,606.35520268155517,498.19592740092759,504.42277913856049,1,10,15,315,475
29,10,12,LinearSubgradientAuction,0.1,0.01,,True,,1000,10800,cats_arbitrary_g10b50,,False,CATS,50,arbitrary,MultiMinded,1000,MaxIter,158.77000000000407,642.809,1,642.809,296.26149999999996,574.789,728.59688206905548,0,0.91085862340270296,1,10,10,252,382
30,10,16,LinearSubgradientAuction,0.1,0.01,,True,,1000,10800,cats_arbitrary_g10b50,,False,CATS,50,arbitrary,MultiMinded,1000,MaxIter,206.61999999999534,754.962,2,660.473,247.715,279.4295,764.32118593094037,61.085940125517482,61.360923785259203,1,10,9,336,506
31,10,15,LinearSubgradientAuction,0.1,0.01,,True,,1000,10800,cats_arbitrary_g10b50,,False,CATS,50,arbitrary,MultiMinded,1000,MaxIter,194.9499999999971,914.694,4,907.121,520.11850000000004,914.694,991.06146646588775,759.37913158733102,759.37913158733102,1,10,15,315,475
32,10,13,LinearSubgradientAuction,0.1,0.01,,True,,1000,10800,cats_arbitrary_g10b50,,False,CATS,50,arbitrary,MultiMinded,1000,MaxIter,167.16999999999825,619.2586,3,603.07,291.851,535.188,720.18792326847984,476.5970428111246,477.04628205356988,1,10,8,273,413
33,10,16,LinearSubgradientAuction,0.1,0.01,,True,,1000,10800,cats_arbitrary_g10b50,,False,CATS,50,arbitrary,MultiMinded,1000,MaxIter,204.8799999999901,622.297,2,622.297,224.69200000000001,129.879,622.68405082395645,96.291036691081757,107.57095385365935,1,10,8,336,506
34,10,15,LinearSubgradientAuction,0.1,0.01,,True,,1000,10800,cats_arbitrary_g10b50,,False,CATS,50,arbitrary,MultiMinded,177,Balance,34.23000000001048,868.13,3,756.065,258.05500000000001,868.13,839.62396046112553,762.20746046112538,816.45284314635921,1,10,3,315,475
35,10,15,LinearSubgradientAuction,0.1,0.01,,True,,1000,10800,cats_arbitrary_g10b50,,False,CATS,50,arbitrary,MultiMinded,1000,MaxIter,193.42999999999302,804.713,3,804.713,330.97899999999998,776.79,838.27593678073151,705.84858429638712,710.5942,1,10,1,315,475
36,10,15,LinearSubgradientAuction,0.1,0.01,,True,,1000,10800,cats_arbitrary_g10b50,,False,CATS,50,arbitrary,MultiMinded,172,Balance,33.68000000000757,643.0699999999999,1,632.425,412.71300000000002,632.425,672.80039074173783,631.52909074173783,631.52909074173783,1,10,10,315,475
37,10,12,LinearSubgradientAuction,0.1,0.01,,True,,1000,10800,cats_arbitrary_g10b50,,False,CATS,50,arbitrary,MultiMinded,1000,MaxIter,156.94000000000233,701.3026000000001,3,634.495,369.97450000000003,614.9300000000001,726.75359142164905,512.59943458916553,541.28041633573184,1,10,2,252,382
38,10,14,LinearSubgradientAuction,0.1,0.01,,True,,1000,10800,cats_arbitrary_g10b50,,False,CATS,50,arbitrary,MultiMinded,1000,MaxIter,182.43000000000757,691.88,4,653.657,339.25200000000001,418.722,725.63250164011095,351.14349680016232,389.80723540449509,1,10,4,294,444
39,10,18,LinearSubgradientAuction,0.1,0.01,,True,,1000,10800,cats_arbitrary_g10b50,,False,CATS,50,arbitrary,MultiMinded,243,Balance,56.0399999999936,955.2540000000001,3,721.473,276.10400000000004,955.2540000000001,938.84195420929984,856.01075420929976,872.44447302708159,1,10,2,378,568
40,10,15,LinearSubgradientAuction,0.1,0.01,,True,,1000,10800,cats_arbitrary_g10b50,,False,CATS,50,arbitrary,MultiMinded,485,Balance,94.91000000000349,882.337,4,850.424,422.59100000000001,882.337,907.74714837679096,738.85785645001295,755.67888752952911,1,10,8,315,475
41,10,14,LinearSubgradientAuction,0.1,0.01,,True,,1000,10800,cats_arbitrary_g10b50,,False,CATS,50,arbitrary,MultiMinded,1000,MaxIter,182.5500000000029,806.5720000000001,2,744.105,394.66899999999998,408.013,823.41968398582776,368.7542893063715,368.78475135425032,1,10,4,294,444
42,10,12,LinearSubgradientAuction,0.1,0.01,,True,,1000,10800,cats_arbitrary_g10b50,,False,CATS,50,arbitrary,MultiMinded,1000,MaxIter,159.1999999999971,674.607,2,650.249,261.25450000000001,568.563,677.94916596384894,510.90618554862613,542.68335806135076,1,10,2,252,382
43,10,18,LinearSubgradientAuction,0.1,0.01,,True,,1000,10800,cats_arbitrary_g10b50,,False,CATS,50,arbitrary,MultiMinded,12,Balance,2.5899999999965075,710.9245999999999,2,698.897,258.83499999999998,710.9245999999999,676.1219971376488,624.35499713764875,717.6645564952978,1,10,17,378,568
44,10,12,LinearSubgradientAuction,0.1,0.01,,True,,1000,10800,cats_arbitrary_g10b50,,False,CATS,50,arbitrary,MultiMinded,192,Balance,30.110000000000582,748.73,3,701.292,407.33100000000002,748.73,775.50772064690614,667.17448488319485,669.16244874624101,1,10,8,252,382
45,10,15,LinearSubgradientAuction,0.1,0.01,,True,,1000,10800,cats_arbitrary_g10b50,,False,CATS,50,arbitrary,MultiMinded,31,Balance,5.960000000006403,753.639,3,656.884,388.58100000000002,753.639,703.50906614569067,586.93476614569056,637.4853363860019,1,10,5,315,475
46,10,17,LinearSubgradientAuction,0.1,0.01,,True,,1000,10800,cats_arbitrary_g10b50,,False,CATS,50,arbitrary,MultiMinded,661,Balance,141.75999999999476,944.9340000000001,3,844.841,403.99299999999999,908.323,939.17941290530143,817.98151290530132,827.38594455368946,1,10,4,357,537
47,10,14,LinearSubgradientAuction,0.1,0.01,,True,,1000,10800,cats_arbitrary_g10b50,,False,CATS,50,arbitrary,MultiMinded,1000,MaxIter,182.60000000000582,898.101,3,893.489,324.04449999999997,724.283,930.98283036712246,659.6788769714575,659.6788769714575,1,10,10,294,444
48,10,15,LinearSubgradientAuction,0.1,0.01,,True,,1000,10800,cats_arbitrary_g10b50,,False,CATS,50,arbitrary,MultiMinded,33,Balance,6.240000000005239,889.443,3,787.484,397.44799999999998,889.443,859.69098213478185,740.45658213478191,772.29336072452111,1,10,7,315,475
49,10,14,LinearSubgradientAuction,0.1,0.01,,True,,1000,10800,cats_arbitrary_g10b50,,False,CATS,50,arbitrary,MultiMinded,1000,MaxIter,180.75,945.042,1,781.262,432.49200000000002,320.387,948.65443346016264,0,1.8098781759415772,1,10,10,294,444
50,10,14,LinearSubgradientAuction,0.1,0.01,,True,,1000,10800,cats_arbitrary_g10b50,,False,CATS,50,arbitrary,MultiMinded,1000,MaxIter,180.02999999999884,815.381,2,698.568,297.62700000000001,418.643,895.75204081041625,388.90848362309526,389.16255841318667,1,10,5,294,444
51,10,19,LinearSubgradientAuction,0.1,0.01,,True,,1000,10800,cats_arbitrary_g10b50,,False,CATS,50,arbitrary,MultiMinded,1000,MaxIter,246.16999999999825,593.082,2,593.082,349.66500000000002,495.103,608.02503667147425,460.4788165079986,460.4788165079986,1,10,10,399,599
52,10,12,LinearSubgradientAuction,0.1,0.01,,True,,1000,10800,cats_arbitrary_g10b50,,False,CATS,50,arbitrary,MultiMinded,1000,MaxIter,155.60000000000582,842.818,3,842.818,428.04949999999997,679.375,918.4794789650997,589.58640892254471,593.90823238168468,1,10,4,252,382
53,10,17,LinearSubgradientAuction,0.1,0.01,,True,,1000,10800,cats_arbitrary_g10b50,,False,CATS,50,arbitrary,MultiMinded,745,Balance,160.97999999999593,787.8274,4,644.907,269.82600000000002,787.8274,814.61584718439758,706.6854471843975,706.87915835399849,1,10,5,357,537
54,10,14,LinearSubgradientAuction,0.1,0.01,,True,,1000,10800,cats_arbitrary_g10b50,,False,CATS,50,arbitrary,MultiMinded,11,Balance,1.889999999999418,810.751,3,699.486,371.92899999999997,810.751,792.24349437139711,680.66479437139708,709.15639671566828,1,10,2,294,444
55,10,14,LinearSubgradientAuction,0.1,0.01,,True,,1000,10800,cats_arbitrary_g10b50,,False,CATS,50,arbitrary,MultiMinded,173,Balance,31.320000000006985,778.56,2,652.834,405.49599999999998,778.56,790.93792179327897,709.83872179327886,737.68088904440128,1,10,2,294,444
56,10,14,LinearSubgradientAuction,0.1,0.01,,True,,1000,10800,cats_arbitrary_g10b50,,False,CATS,50,arbitrary,MultiMinded,255,Balance,46.26000000000931,720.833,2,718.63,414.24000000000001,718.63,759.6373655035577,676.83534681042033,677.20600000000002,1,10,1,294,444
57,10,13,LinearSubgradientAuction,0.1,0.01,,True,,1000,10800,cats_arbitrary_g10b50,,False,CATS,50,arbitrary,MultiMinded,1000,MaxIter,169.19000000000233,742.0273,3,583.324,429.03550000000001,671.444,766.59115323639753,585.31958909032642,585.77306347861474,1,10,5,273,413
58,10,18,LinearSubgradientAuction,0.1,0.01,,True,,1000,10800,cats_arbitrary_g10b50,,False,CATS,50,arbitrary,MultiMinded,1000,MaxIter,227.10000000000582,927.076,5,790.752,213.971,777.9092,975.77332469068381,662.08474202710352,692.52168761372172,1,10,8,378,568
59,10,15,LinearSubgradientAuction,0.1,0.01,,True,,1000,10800,cats_arbitrary_g10b50,,False,CATS,50,arbitrary,MultiMinded,1000,MaxIter,193.45999999999185,685.266,4,685.266,301.03800000000001,488.065,720.33661621982355,428.13644920903982,428.13644920903982,1,10,14,315,475
60,10,17,LinearSubgradientAuction,0.1,0.01,,True,,1000,10800,cats_arbitrary_g10b50,,False,CATS,50,arbitrary,MultiMinded,326,Balance,70.83999999999651,763.9352999999999,4,684.98,313.44299999999998,762.7090000000001,729.63932232150114,607.74600043847795,668.90423558486918,1,10,8,357,537
61,10,15,LinearSubgradientAuction,0.1,0.01,,True,,1000,10800,cats_arbitrary_g10b50,,False,CATS,50,arbitrary,MultiMinded,15,Balance,2.789999999993597,906.867,3,800.076,363.90899999999999,906.867,853.99655810351624,744.82385810351627,853.26135672237058,1,10,7,315,475
62,10,13,LinearSubgradientAuction,0.1,0.01,,True,,1000,10800,cats_arbitrary_g10b50,,False,CATS,50,arbitrary,MultiMinded,1000,MaxIter,171.5899999999965,838.7230000000001,4,739.886,355.20699999999999,791.0155,904.59689469590012,684.98279695391489,685.06206404418367,1,10,9,273,413
63,10,17,LinearSubgradientAuction,0.1,0.01,,True,,1000,10800,cats_arbitrary_g10b50,,False,CATS,50,arbitrary,MultiMinded,1000,MaxIter,218.01999999998952,879.858,2,879.858,289.45299999999997,199.44,896.71636187809804,170.41464328494183,171.87657543452056,1,10,8,357,537
64,10,13,LinearSubgradientAuction,0.1,0.01,,True,,1000,10800,cats_arbitrary_g10b50,,False,CATS,50,arbitrary,MultiMinded,28,Balance,4.6600000000034925,699.8910000000001,4,546.14,336.69400000000002,699.8910000000001,687.31080542252857,552.63320542252859,565.57368176351861,1,10,7,273,413
65,10,14,LinearSubgradientAuction,0.1,0.01,,True,,1000,10800,cats_arbitrary_g10b50,,False,CATS,50,arbitrary,MultiMinded,1000,MaxIter,180.06999999999243,747.1110000000001,3,683.377,371.40150000000006,618.0550000000001,773.74110261684746,543.65700071692663,544.00239252630479,1,10,2,294,444
66,10,16,LinearSubgradientAuction,0.1,0.01,,True,,1000,10800,cats_arbitrary_g10b50,,False,CATS,50,arbitrary,MultiMinded,536,Balance,108.4600000000064,804.7069,4,692.962,241.77600000000001,804.7069,744.74513234970129,648.03473234970136,708.38603693844027,1,10,8,336,506
67,10,15,LinearSubgradientAuction,0.1,0.01,,True,,1000,10800,cats_arbitrary_g10b50,,False,CATS,50,arbitrary,MultiMinded,226,Balance,43.69999999999709,950.858,2,795.087,420.85149999999999,950.858,949.16820695258775,864.99790695258787,868.83147270537995,1,10,10,315,475
68,10,17,LinearSubgradientAuction,0.1,0.01,,True,,1000,10800,cats_arbitrary_g10b50,,False,CATS,50,arbitrary,MultiMinded,88,Balance,18.739999999990687,638.514,4,583.892,266.64400000000001,636.1027999999999,628.51898712971933,525.1675800272252,556.36497718466262,1,10,3,357,537
69,10,13,LinearSubgradientAuction,0.1,0.01,,True,,1000,10800,cats_arbitrary_g10b50,,False,CATS,50,arbitrary,MultiMinded,1000,MaxIter,167.0,653.81,3,515.575,365.36749999999995,604.6590000000001,702.13059825769255,263.10444115149102,263.49757747001132,1,10,3,273,413
70,10,16,LinearSubgradientAuction,0.1,0.01,,True,,1000,10800,cats_arbitrary_g10b50,,False,CATS,50,arbitrary,MultiMinded,1000,MaxIter,205.20999999999185,813.773,4,813.773,239.7945,702.8040000000001,869.01525340285832,631.31383476842825,631.3592126926319,1,10,9,336,506
71,10,18,LinearSubgradientAuction,0.1,0.01,,True,,1000,10800,cats_arbitrary_g10b50,,False,CATS,50,arbitrary,MultiMinded,1000,MaxIter,230.63999999999942,936.203,1,936.203,330.1275,103.987,1078.3722032022558,0,0.75195828865358294,1,10,10,378,568
72,10,19,LinearSubgradientAuction,0.1,0.01,,True,,1000,10800,cats_arbitrary_g10b50,,False,CATS,50,arbitrary,MultiMinded,38,Balance,9.19999999999709,742.889,1,742.889,330.43299999999999,742.889,741.44560595565861,708.40230595565856,729.86078687705788,1,10,6,399,599
73,10,13,LinearSubgradientAuction,0.1,0.01,,True,,1000,10800,cats_arbitrary_g10b50,,False,CATS,50,arbitrary,MultiMinded,1000,MaxIter,169.38999999999942,829.25,1,829.25,443.63649999999996,433.775,910.02481514518536,0,0.96033586462465337,1,10,10,273,413
74,10,17,LinearSubgradientAuction,0.1,0.01,,True,,1000,10800,cats_arbitrary_g10b50,,False,CATS,50,arbitrary,MultiMinded,1000,MaxIter,219.88999999999942,785.147,2,785.147,194.18100000000001,328.949,785.52662191735749,270.33312471097605,309.60830666952893,1,10,7,357,537
75,10,14,LinearSubgradientAuction,0.1,0.01,,True,,1000,10800,cats_arbitrary_g10b50,,False,CATS,50,arbitrary,MultiMinded,1000,MaxIter,179.93000000000757,877.244,3,869.635,380.94749999999999,877.137,920.80529901918464,801.83654141791521,801.91077469241884,1,10,10,294,444
76,10,15,LinearSubgradientAuction,0.1,0.01,,True,,1000,10800,cats_arbitrary_g10b50,,False,CATS,50,arbitrary,MultiMinded,1000,MaxIter,195.13999999999942,772.528,1,772.528,426.029,772.528,822.17026660258807,0,0.0,1,10,10,315,475
77,10,16,LinearSubgradientAuction,0.1,0.01,,True,,1000,10800,cats_arbitrary_g10b50,,False,CATS,50,arbitrary,MultiMinded,1000,MaxIter,205.02000000000407,610.0541,3,475.061,229.33799999999999,414.499,671.17372813309521,350.39559598321659,368.98339158048907,1,10,5,336,506
78,10,16,LinearSubgradientAuction,0.1,0.01,,True,,1000,10800,cats_arbitrary_g10b50,,False,CATS,50,arbitrary,MultiMinded,1000,MaxIter,202.8799999999901,738.191,1,718.579,283.06200000000001,314.212,814.95272903929128,0,0.028232339973840226,1,10,10,336,506
79,10,16,LinearSubgradientAuction,0.1,0.01,,True,,1000,10800,cats_arbitrary_g10b50,,False,CATS,50,arbitrary,MultiMinded,1000,MaxIter,204.31999999999243,789.0369999999999,3,767.227,328.78500000000003,736.1790000000001,819.36595640189182,641.58300238881407,670.60521559382835,1,10,2,336,506
80,10,14,LinearSubgradientAuction,0.1,0.01,,True,,1000,10800,cats_arbitrary_g10b50,,False,CATS,50,arbitrary,MultiMinded,67,Balance,11.990000000005239,755.88,1,755.88,295.50850000000003,755.88,755.08898884350936,725.53813884350939,736.35751581460306,1,10,1,294,444
81,10,16,LinearSubgradientAuction,0.1,0.01,,True,,1000,10800,cats_arbitrary_g10b50,,False,CATS,50,arbitrary,MultiMinded,1000,MaxIter,201.74000000000524,454.25449999999995,2,381.144,179.05700000000002,118.016,489.07852890029653,80.49759080556953,100.6242342713565,1,10,9,336,506
82,10,14,LinearSubgradientAuction,0.1,0.01,,True,,1000,10800,cats_arbitrary_g10b50,,False,CATS,50,arbitrary,MultiMinded,1000,MaxIter,182.23000000001048,813.1470999999999,2,678.08,361.98400000000004,443.729,922.47331283779238,407.46759414275891,407.77062393088517,1,10,4,294,444
83,10,15,LinearSubgradientAuction,0.1,0.01,,True,,1000,10800,cats_arbitrary_g10b50,,False,CATS,50,arbitrary,MultiMinded,1000,MaxIter,192.02999999999884,897.3420000000001,3,818.953,242.078,617.082,983.77541825809965,537.00362391382919,569.1825869371869,1,10,5,315,475
84,10,14,LinearSubgradientAuction,0.1,0.01,,True,,1000,10800,cats_arbitrary_g10b50,,False,CATS,50,arbitrary,MultiMinded,1000,MaxIter,181.69000000000233,716.866,3,684.777,321.96300000000002,513.013,745.49128541623656,448.80827672069199,448.80827672069199,1,10,9,294,444
85,10,11,LinearSubgradientAuction,0.1,0.01,,True,,1000,10800,cats_arbitrary_g10b50,,False,CATS,50,arbitrary,MultiMinded,1000,MaxIter,144.79999999998836,679.457,2,679.457,442.82050000000004,659.694,753.33589079607918,615.90284008735671,615.90284008735671,1,10,9,231,351
86,10,15,LinearSubgradientAuction,0.1,0.01,,True,,1000,10800,cats_arbitrary_g10b50,,False,CATS,50,arbitrary,MultiMinded,1000,MaxIter,192.44000000000233,950.965,4,818.766,310.39699999999999,950.965,1021.5333002647219,779.9828541442356,857.9253412731257,1,10,3,315,475
87,10,14,LinearSubgradientAuction,0.1,0.01,,True,,1000,10800,cats_arbitrary_g10b50,,False,CATS,50,arbitrary,MultiMinded,1000,MaxIter,178.97000000000116,997.2170000000001,3,716.545,235.80250000000001,916.559,929.43569547129005,792.88975365096462,869.44775749089058,1,10,1,294,444
88,10,14,LinearSubgradientAuction,0.1,0.01,,True,,1000,10800,cats_arbitrary_g10b50,,False,CATS,50,arbitrary,MultiMinded,1000,MaxIter,184.5500000000029,758.38,2,758.38,394.31950000000001,642.261,804.80443721733377,602.58042476247954,603.06593175273952,1,10,2,294,444
89,10,14,LinearSubgradientAuction,0.1,0.01,,True,,1000,10800,cats_arbitrary_g10b50,,False,CATS,50,arbitrary,MultiMinded,74,Balance,13.380000000004657,732.443,3,644.233,339.30900000000003,701.6379999999999,732.39071197642693,632.39620410961686,634.47360209010321,1,10,8,294,444
90,10,14,LinearSubgradientAuction,0.1,0.01,,True,,1000,10800,cats_arbitrary_g10b50,,False,CATS,50,arbitrary,MultiMinded,90,Balance,16.29000000000815,891.85,3,807.355,295.7045,891.85,858.47994937127919,769.76859937127915,832.58342870389106,1,10,3,294,444
91,10,13,LinearSubgradientAuction,0.1,0.01,,True,,1000,10800,cats_arbitrary_g10b50,,False,CATS,50,arbitrary,MultiMinded,1000,MaxIter,170.89999999999418,812.137,2,812.137,461.255,371.564,839.83331122756454,316.50652631635444,326.12130097907107,1,10,5,273,413
92,10,14,LinearSubgradientAuction,0.1,0.01,,True,,1000,10800,cats_arbitrary_g10b50,,False,CATS,50,arbitrary,MultiMinded,1000,MaxIter,183.32000000000698,621.9174,4,498.679,294.30700000000002,558.922,632.03326254450951,478.51411419401234,500.45750267965241,1,10,9,294,444
93,10,18,LinearSubgradientAuction,0.1,0.01,,True,,1000,10800,cats_arbitrary_g10b50,,False,CATS,50,arbitrary,MultiMinded,107,Balance,24.119999999995343,768.1442,6,581.443,288.50549999999998,768.1442,720.33900332000496,547.23570332000497,595.11254193172795,1,10,6,378,568
94,10,14,LinearSubgradientAuction,0.1,0.01,,True,,1000,10800,cats_arbitrary_g10b50,,False,CATS,50,arbitrary,MultiMinded,40,Balance,7.119999999995343,704.947,2,704.947,384.09699999999998,684.5079999999999,712.5053921837756,635.68599218377551,645.8187311838941,1,10,2,294,444
95,10,15,LinearSubgradientAuction,0.1,0.01,,True,,1000,10800,cats_arbitrary_g10b50,,False,CATS,50,arbitrary,MultiMinded,1000,MaxIter,190.45000000001164,905.548,2,761.598,373.96699999999998,617.102,975.87886233422125,579.33376856085602,580.02251245326954,1,10,4,315,475
96,10,13,LinearSubgradientAuction,0.1,0.01,,True,,1000,10800,cats_arbitrary_g10b50,,False,CATS,50,arbitrary,MultiMinded,540,Balance,90.66000000000349,802.2189,5,774.483,389.73500000000001,785.5112999999999,831.07553637192996,668.29413346377737,668.83382139600144,1,10,6,273,413
97,10,14,LinearSubgradientAuction,0.1,0.01,,True,,1000,10800,cats_arbitrary_g10b50,,False,CATS,50,arbitrary,MultiMinded,16,Balance,2.8299999999871943,777.4,1,777.4,409.10199999999998,777.4,775.63279018778439,734.72259018778436,782.62273699289426,1,10,8,294,444
98,10,12,LinearSubgradientAuction,0.1,0.01,,True,,1000,10800,cats_arbitrary_g10b50,,False,CATS,50,arbitrary,MultiMinded,1000,MaxIter,158.59999999999127,899.539,2,899.539,522.91999999999996,592.422,951.8928133227862,539.98375318631645,540.13000170009911,1,10,3,252,382
99,10,13,LinearSubgradientAuction,0.1,0.01,,True,,1000,10800,cats_arbitrary_g10b50,,False,CATS,50,arbitrary,MultiMinded,145,Balance,24.010000000009313,941.1115,3,769.536,337.6515,941.1115,899.31312455067018,798.01767455067034,840.34997611380913,1,10,4,273,413
100,10,15,LinearSubgradientAuction,0.1,0.01,,True,,1000,10800,cats_arbitrary_g10b50,,False,CATS,50,arbitrary,MultiMinded,1000,MaxIter,191.75999999999476,733.9616,5,691.502,466.54449999999997,574.7777000000001,823.39689562135254,435.3678704197979,435.38387834202177,1,10,9,315,475
