idx,items,agents,auction_class,epsilon,stepc,epoch,scalebyvalue,reserve_type,maxiter,maxtime,generator_param_name,personalized,int_prices,generator,bids,distribution,type,rounds,status,runtime,efficient_value,final_num_winners,final_max_agent_value,final_scalevalue,final_value,final_total_price,final_revenue,final_indirect_util,final_price_degree,final_price_sparsity,final_imbalance,final_wd_nvars,final_wd_ncons
1,10,14,LinearSubgradientAuction,0.025,0.04,,True,,1000,10800,cats_arbitrary_g10b50,,False,CATS,50,arbitrary,MultiMinded,1000,MaxIter,181.4000000000001,793.971,1,793.971,469.322,538.175,814.51819058848787,0,7.856583340663235,1,10,5,294,444
2,10,17,LinearSubgradientAuction,0.025,0.04,,True,,1000,10800,cats_arbitrary_g10b50,,False,CATS,50,arbitrary,MultiMinded,1000,MaxIter,217.3499999999999,890.9177,6,838.462,457.63549999999998,814.6813,1015.4427362151775,766.17404312620681,772.2541436268159,1,10,13,357,537
3,10,13,LinearSubgradientAuction,0.025,0.04,,True,,1000,10800,cats_arbitrary_g10b50,,False,CATS,50,arbitrary,MultiMinded,1000,MaxIter,168.03999999999996,689.11,2,689.11,373.73599999999999,647.002,755.50140924278605,638.62136862089881,638.62136862089881,1,10,10,273,413
4,10,17,LinearSubgradientAuction,0.025,0.04,,True,,1000,10800,cats_arbitrary_g10b50,,False,CATS,50,arbitrary,MultiMinded,22,Balance,4.680000000000291,673.823,5,673.823,310.16499999999996,673.4054,668.72262986355759,629.95200486355759,643.98386590510768,1,10,15,357,537
5,10,13,LinearSubgradientAuction,0.025,0.04,,True,,1000,10800,cats_arbitrary_g10b50,,False,CATS,50,arbitrary,MultiMinded,6,Balance,0.9400000000000546,758.773,1,758.773,337.48050000000001,758.773,752.12671625001838,743.68970375001834,756.02022200867555,1,10,8,273,413
6,10,14,LinearSubgradientAuction,0.025,0.04,,True,,1000,10800,cats_arbitrary_g10b50,,False,CATS,50,arbitrary,MultiMinded,1000,MaxIter,182.58000000000038,841.028,3,744.08,361.97500000000002,361.329,811.57152211715641,292.47357021907948,344.05973682929249,1,10,6,294,444
7,10,16,LinearSubgradientAuction,0.025,0.04,,True,,1000,10800,cats_arbitrary_g10b50,,False,CATS,50,arbitrary,MultiMinded,1000,MaxIter,204.3399999999997,859.6020000000001,3,710.786,293.07349999999997,757.993,845.34111964115357,719.85120688422376,743.71003590711121,1,10,1,336,506
8,10,14,LinearSubgradientAuction,0.025,0.04,,True,,1000,10800,cats_arbitrary_g10b50,,False,CATS,50,arbitrary,MultiMinded,120,Balance,21.559999999999945,556.7090000000001,2,486.526,246.58600000000001,556.7090000000001,556.14968586508007,543.82038586508008,544.37969999999996,1,10,0,294,444
9,10,20,LinearSubgradientAuction,0.025,0.04,,True,,1000,10800,cats_arbitrary_g10b50,,False,CATS,50,arbitrary,MultiMinded,133,Balance,33.80000000000018,650.389,3,411.483,212.66149999999999,650.389,653.2028323559224,637.74410013830891,639.90582054743891,1,10,2,420,630
10,10,16,LinearSubgradientAuction,0.025,0.04,,True,,1000,10800,cats_arbitrary_g10b50,,False,CATS,50,arbitrary,MultiMinded,10,Balance,1.930000000000291,974.512,1,974.512,305.01999999999998,974.512,964.53877841917961,956.91327841917962,974.44408372524902,1,10,10,336,506
11,10,18,LinearSubgradientAuction,0.025,0.04,,True,,1000,10800,cats_arbitrary_g10b50,,False,CATS,50,arbitrary,MultiMinded,17,Balance,3.730000000000018,903.4137000000001,5,690.32,184.28,903.4137000000001,849.6877446423872,826.65274464238712,880.37869999999998,1,10,0,378,568
12,10,18,LinearSubgradientAuction,0.025,0.04,,True,,1000,10800,cats_arbitrary_g10b50,,False,CATS,50,arbitrary,MultiMinded,1000,MaxIter,229.28999999999996,476.0346,3,416.605,211.79050000000001,401.7386,484.70375101029583,392.26026756781602,392.26026825195453,1,10,9,378,568
13,10,14,LinearSubgradientAuction,0.025,0.04,,True,,1000,10800,cats_arbitrary_g10b50,,False,CATS,50,arbitrary,MultiMinded,15,Balance,2.619999999999891,761.647,1,761.647,337.08749999999998,761.647,754.77963957931343,746.35245207931348,753.2198125000001,1,10,0,294,444
14,10,14,LinearSubgradientAuction,0.025,0.04,,True,,1000,10800,cats_arbitrary_g10b50,,False,CATS,50,arbitrary,MultiMinded,1000,MaxIter,180.05999999999995,1115.4950000000001,3,880.107,393.411,682.0889999999999,1104.7088836586727,632.70134785801042,663.1860229477345,1,10,2,294,444
15,10,12,LinearSubgradientAuction,0.025,0.04,,True,,1000,10800,cats_arbitrary_g10b50,,False,CATS,50,arbitrary,MultiMinded,125,Balance,19.759999999999764,871.33,2,871.33,381.12349999999998,871.33,877.28064506190094,858.99935861926599,861.80191250000007,1,10,1,252,382
16,10,14,LinearSubgradientAuction,0.025,0.04,,True,,1000,10800,cats_arbitrary_g10b50,,False,CATS,50,arbitrary,MultiMinded,57,Balance,10.340000000000146,779.7001,5,571.996,300.363,779.7001,775.35521337534772,737.80983837534757,743.4364983795997,1,10,2,294,444
17,10,13,LinearSubgradientAuction,0.025,0.04,,True,,1000,10800,cats_arbitrary_g10b50,,False,CATS,50,arbitrary,MultiMinded,1000,MaxIter,170.63999999999987,721.2810000000001,2,640.028,297.31799999999998,560.339,711.76783527934083,533.95306384278922,555.65888126177367,1,10,4,273,413
18,10,18,LinearSubgradientAuction,0.025,0.04,,True,,1000,10800,cats_arbitrary_g10b50,,False,CATS,50,arbitrary,MultiMinded,86,Balance,19.519999999999982,1005.5310000000001,2,868.696,380.75,1005.5310000000001,1003.6808833821287,984.64338338212883,991.63838698573022,1,10,9,378,568
19,10,14,LinearSubgradientAuction,0.025,0.04,,True,,1000,10800,cats_arbitrary_g10b50,,False,CATS,50,arbitrary,MultiMinded,1000,MaxIter,181.78999999999996,832.065,2,642.87,411.233,338.64300000000003,888.80576290561646,116.21644701354509,119.02747178838612,1,10,9,294,444
20,10,14,LinearSubgradientAuction,0.025,0.04,,True,,1000,10800,cats_arbitrary_g10b50,,False,CATS,50,arbitrary,MultiMinded,45,Balance,7.940000000000055,615.5416,5,453.46,272.30500000000001,615.5416,607.99234761999958,577.04497443549292,591.63474596114975,1,10,6,294,444
21,10,17,LinearSubgradientAuction,0.025,0.04,,True,,1000,10800,cats_arbitrary_g10b50,,False,CATS,50,arbitrary,MultiMinded,1000,MaxIter,214.80000000000018,618.958,2,618.958,240.48899999999998,298.0833,652.43176613760068,51.750854854193648,55.023869572929826,1,10,9,357,537
22,10,13,LinearSubgradientAuction,0.025,0.04,,True,,1000,10800,cats_arbitrary_g10b50,,False,CATS,50,arbitrary,MultiMinded,1000,MaxIter,169.47000000000025,879.723,2,879.723,407.96800000000002,417.542,1047.0249576932847,407.85901458369545,408.45132452905096,1,10,3,273,413
23,10,15,LinearSubgradientAuction,0.025,0.04,,True,,1000,10800,cats_arbitrary_g10b50,,False,CATS,50,arbitrary,MultiMinded,100,Balance,18.860000000000127,977.097,1,977.097,436.84800000000001,977.097,974.3257861516679,963.4045861516679,966.17579999999998,1,10,0,315,475
24,10,13,LinearSubgradientAuction,0.025,0.04,,True,,1000,10800,cats_arbitrary_g10b50,,False,CATS,50,arbitrary,MultiMinded,1000,MaxIter,169.45000000000027,612.4065,2,552.965,296.99549999999999,341.271,647.21629405503074,335.13563893279411,335.13569125726423,1,10,9,273,413
25,10,16,LinearSubgradientAuction,0.025,0.04,,True,,1000,10800,cats_arbitrary_g10b50,,False,CATS,50,arbitrary,MultiMinded,1000,MaxIter,204.82999999999993,742.2606000000001,2,689.211,308.97050000000002,184.8056,759.39523716817234,62.473327421385669,63.044067539641709,1,10,9,336,506
26,10,13,LinearSubgradientAuction,0.025,0.04,,True,,1000,10800,cats_arbitrary_g10b50,,False,CATS,50,arbitrary,MultiMinded,1000,MaxIter,167.63999999999987,887.9649999999999,1,818.015,382.74599999999998,348.511,910.92633968052724,0,3.0593635295207378,1,10,10,273,413
27,10,13,LinearSubgradientAuction,0.025,0.04,,True,,1000,10800,cats_arbitrary_g10b50,,False,CATS,50,arbitrary,MultiMinded,1000,MaxIter,170.82999999999993,775.689,3,775.689,348.334,501.464,833.1634363148421,494.04453356139288,494.04453356139288,1,10,8,273,413
28,10,15,LinearSubgradientAuction,0.025,0.04,,True,,1000,10800,cats_arbitrary_g10b50,,False,CATS,50,arbitrary,MultiMinded,59,Balance,11.309999999999945,604.885,1,604.885,314.90100000000001,604.885,603.09237367554374,595.21984867554374,597.85750899582376,1,10,3,315,475
29,10,12,LinearSubgradientAuction,0.025,0.04,,True,,1000,10800,cats_arbitrary_g10b50,,False,CATS,50,arbitrary,MultiMinded,1000,MaxIter,157.30000000000018,642.809,1,642.809,296.26149999999996,574.789,720.93110784583382,0,7.120460259906082,1,10,10,252,382
30,10,16,LinearSubgradientAuction,0.025,0.04,,True,,1000,10800,cats_arbitrary_g10b50,,False,CATS,50,arbitrary,MultiMinded,1000,MaxIter,206.1500000000001,754.962,3,660.473,247.715,558.8355,764.035272683161,352.3076706131564,352.87888017968868,1,10,4,336,506
31,10,15,LinearSubgradientAuction,0.025,0.04,,True,,1000,10800,cats_arbitrary_g10b50,,False,CATS,50,arbitrary,MultiMinded,1000,MaxIter,193.78999999999996,914.694,1,907.121,520.11850000000004,314.481,985.94752173977759,0,8.145348260429202,1,10,10,315,475
32,10,13,LinearSubgradientAuction,0.025,0.04,,True,,1000,10800,cats_arbitrary_g10b50,,False,CATS,50,arbitrary,MultiMinded,1000,MaxIter,170.95000000000027,619.2586,2,603.07,291.851,269.647,719.21935413619212,261.60669369661281,264.11228716294772,1,10,7,273,413
33,10,16,LinearSubgradientAuction,0.025,0.04,,True,,1000,10800,cats_arbitrary_g10b50,,False,CATS,50,arbitrary,MultiMinded,1000,MaxIter,205.80000000000018,622.297,2,622.297,224.69200000000001,129.879,621.31490228670589,113.38911807597817,128.33923305325266,1,10,8,336,506
34,10,15,LinearSubgradientAuction,0.025,0.04,,True,,1000,10800,cats_arbitrary_g10b50,,False,CATS,50,arbitrary,MultiMinded,28,Balance,5.289999999999964,868.13,3,756.065,258.05500000000001,868.129,861.29410629831068,841.93998129831073,853.78765271329939,1,10,3,315,475
35,10,15,LinearSubgradientAuction,0.025,0.04,,True,,1000,10800,cats_arbitrary_g10b50,,False,CATS,50,arbitrary,MultiMinded,1000,MaxIter,193.01999999999998,804.713,3,804.713,330.97899999999998,776.79,843.35113238566998,760.72283824215367,760.73065438148865,1,10,8,315,475
36,10,15,LinearSubgradientAuction,0.025,0.04,,True,,1000,10800,cats_arbitrary_g10b50,,False,CATS,50,arbitrary,MultiMinded,1000,MaxIter,192.13999999999987,643.0699999999999,3,632.425,412.71300000000002,110.6884,669.32976442294319,90.052229958555188,90.810839783746474,1,10,2,315,475
37,10,12,LinearSubgradientAuction,0.025,0.04,,True,,1000,10800,cats_arbitrary_g10b50,,False,CATS,50,arbitrary,MultiMinded,1000,MaxIter,158.15999999999985,701.3026000000001,2,634.495,369.97450000000003,480.263,740.29512493574271,461.40183352025832,473.82077966903137,1,10,4,252,382
38,10,14,LinearSubgradientAuction,0.025,0.04,,True,,1000,10800,cats_arbitrary_g10b50,,False,CATS,50,arbitrary,MultiMinded,1000,MaxIter,179.8699999999999,691.88,2,653.657,339.25200000000001,471.666,754.9362071115695,462.37369203055414,463.35014991908923,1,10,5,294,444
39,10,18,LinearSubgradientAuction,0.025,0.04,,True,,1000,10800,cats_arbitrary_g10b50,,False,CATS,50,arbitrary,MultiMinded,26,Balance,5.730000000000018,955.2540000000001,3,721.473,276.10400000000004,955.2540000000001,938.2252281272273,917.51742812722728,934.5462,1,10,0,378,568
40,10,15,LinearSubgradientAuction,0.025,0.04,,True,,1000,10800,cats_arbitrary_g10b50,,False,CATS,50,arbitrary,MultiMinded,1000,MaxIter,194.84000000000015,882.337,3,850.424,422.59100000000001,288.769,913.7233646767819,267.63914653229364,272.37027832114859,1,10,7,315,475
41,10,14,LinearSubgradientAuction,0.025,0.04,,True,,1000,10800,cats_arbitrary_g10b50,,False,CATS,50,arbitrary,MultiMinded,1000,MaxIter,179.3499999999999,806.5720000000001,1,744.105,394.66899999999998,744.105,821.59738699376601,0,2.9056740659791416,1,10,10,294,444
42,10,12,LinearSubgradientAuction,0.025,0.04,,True,,1000,10800,cats_arbitrary_g10b50,,False,CATS,50,arbitrary,MultiMinded,1000,MaxIter,157.48999999999978,674.607,1,650.249,261.25450000000001,185.032,695.78210896663484,0,1.3591345601963667,1,10,10,252,382
43,10,18,LinearSubgradientAuction,0.025,0.04,,True,,1000,10800,cats_arbitrary_g10b50,,False,CATS,50,arbitrary,MultiMinded,14,Balance,3.0799999999999272,710.9245999999999,2,698.897,258.83499999999998,710.9245999999999,705.76211233482513,692.82036233482506,697.98284999999998,1,10,0,378,568
44,10,12,LinearSubgradientAuction,0.025,0.04,,True,,1000,10800,cats_arbitrary_g10b50,,False,CATS,50,arbitrary,MultiMinded,1000,MaxIter,158.48000000000002,748.73,3,701.292,407.33100000000002,732.842,776.1154803887373,714.06520699998862,714.06520699998862,1,10,6,252,382
45,10,15,LinearSubgradientAuction,0.025,0.04,,True,,1000,10800,cats_arbitrary_g10b50,,False,CATS,50,arbitrary,MultiMinded,18,Balance,3.480000000000018,753.639,3,656.884,388.58100000000002,753.639,745.67877630428939,716.53520130428956,724.49542500000007,1,10,0,315,475
46,10,17,LinearSubgradientAuction,0.025,0.04,,True,,1000,10800,cats_arbitrary_g10b50,,False,CATS,50,arbitrary,MultiMinded,84,Balance,18.170000000000073,944.9340000000001,4,844.841,403.99299999999999,944.9340000000001,941.7587946560177,901.35949465601766,906.11025384216578,1,10,2,357,537
47,10,14,LinearSubgradientAuction,0.025,0.04,,True,,1000,10800,cats_arbitrary_g10b50,,False,CATS,50,arbitrary,MultiMinded,1000,MaxIter,183.53999999999996,898.101,2,893.489,324.04449999999997,822.023,932.08135886790478,815.9388902149592,815.9388902149592,1,10,8,294,444
48,10,15,LinearSubgradientAuction,0.025,0.04,,True,,1000,10800,cats_arbitrary_g10b50,,False,CATS,50,arbitrary,MultiMinded,15,Balance,2.799999999999727,889.443,3,787.484,397.44799999999998,889.443,863.27868654251574,833.47008654251579,863.12366952443915,1,10,4,315,475
49,10,14,LinearSubgradientAuction,0.025,0.04,,True,,1000,10800,cats_arbitrary_g10b50,,False,CATS,50,arbitrary,MultiMinded,1000,MaxIter,182.26000000000022,945.042,2,781.262,432.49200000000002,487.376,950.51495299769795,478.49332826681081,478.80191188279815,1,10,5,294,444
50,10,14,LinearSubgradientAuction,0.025,0.04,,True,,1000,10800,cats_arbitrary_g10b50,,False,CATS,50,arbitrary,MultiMinded,1000,MaxIter,181.32999999999993,815.381,3,698.568,297.62700000000001,426.936,891.69480810715663,419.87008547698173,420.13108824171428,1,10,5,294,444
51,10,19,LinearSubgradientAuction,0.025,0.04,,True,,1000,10800,cats_arbitrary_g10b50,,False,CATS,50,arbitrary,MultiMinded,1000,MaxIter,241.3699999999999,593.082,3,593.082,349.66500000000002,495.103,610.55112974472218,488.3616065578052,488.3616065578052,1,10,9,399,599
52,10,12,LinearSubgradientAuction,0.025,0.04,,True,,1000,10800,cats_arbitrary_g10b50,,False,CATS,50,arbitrary,MultiMinded,1000,MaxIter,157.50999999999976,842.818,2,842.818,428.04949999999997,653.8330000000001,917.73785460191448,255.63574829294527,262.6256999885822,1,10,5,252,382
53,10,17,LinearSubgradientAuction,0.025,0.04,,True,,1000,10800,cats_arbitrary_g10b50,,False,CATS,50,arbitrary,MultiMinded,1000,MaxIter,214.36000000000013,787.8274,3,644.907,269.82600000000002,570.4793999999999,811.69074039837869,487.72733854176278,491.57287696313108,1,10,5,357,537
54,10,14,LinearSubgradientAuction,0.025,0.04,,True,,1000,10800,cats_arbitrary_g10b50,,False,CATS,50,arbitrary,MultiMinded,7,Balance,1.1900000000000546,810.751,3,699.486,371.92899999999997,810.751,784.52593607871415,756.63126107871415,787.80798941259502,1,10,12,294,444
55,10,14,LinearSubgradientAuction,0.025,0.04,,True,,1000,10800,cats_arbitrary_g10b50,,False,CATS,50,arbitrary,MultiMinded,1000,MaxIter,182.2199999999998,778.56,1,652.834,405.49599999999998,0.0,799.56875020834127,0,4.5789367495017075,1,10,9,294,444
56,10,14,LinearSubgradientAuction,0.025,0.04,,True,,1000,10800,cats_arbitrary_g10b50,,False,CATS,50,arbitrary,MultiMinded,1000,MaxIter,179.30999999999995,720.833,1,718.63,414.24000000000001,217.271,750.66336781416908,0,0.0,1,10,10,294,444
57,10,13,LinearSubgradientAuction,0.025,0.04,,True,,1000,10800,cats_arbitrary_g10b50,,False,CATS,50,arbitrary,MultiMinded,1000,MaxIter,169.40999999999985,742.0273,2,583.324,429.03550000000001,671.444,768.83411897955489,543.5844627791638,543.60811249999995,1,10,4,273,413
58,10,18,LinearSubgradientAuction,0.025,0.04,,True,,1000,10800,cats_arbitrary_g10b50,,False,CATS,50,arbitrary,MultiMinded,1000,MaxIter,226.30999999999995,927.076,5,790.752,213.971,777.9092,975.70323577142722,726.32348824970336,758.12226261943397,1,10,8,378,568
59,10,15,LinearSubgradientAuction,0.025,0.04,,True,,1000,10800,cats_arbitrary_g10b50,,False,CATS,50,arbitrary,MultiMinded,1000,MaxIter,193.36000000000013,685.266,3,685.266,301.03800000000001,673.322,718.5030783986407,658.49725075966307,658.60294273303782,1,10,7,315,475
60,10,17,LinearSubgradientAuction,0.025,0.04,,True,,1000,10800,cats_arbitrary_g10b50,,False,CATS,50,arbitrary,MultiMinded,1000,MaxIter,217.92999999999984,763.9352999999999,3,684.98,313.44299999999998,450.424,719.71263959200678,373.92499649197219,435.94096220554417,1,10,4,357,537
61,10,15,LinearSubgradientAuction,0.025,0.04,,True,,1000,10800,cats_arbitrary_g10b50,,False,CATS,50,arbitrary,MultiMinded,14,Balance,2.630000000000109,906.867,3,800.076,363.90899999999999,906.867,897.0475147964612,869.7543397964613,885.20560545701164,1,10,6,315,475
62,10,13,LinearSubgradientAuction,0.025,0.04,,True,,1000,10800,cats_arbitrary_g10b50,,False,CATS,50,arbitrary,MultiMinded,1000,MaxIter,171.53999999999996,838.7230000000001,2,739.886,355.20699999999999,253.25150000000002,900.46298157724368,70.429899927683906,74.904881424529719,1,10,9,273,413
63,10,17,LinearSubgradientAuction,0.025,0.04,,True,,1000,10800,cats_arbitrary_g10b50,,False,CATS,50,arbitrary,MultiMinded,1000,MaxIter,218.14000000000033,879.858,1,879.858,289.45299999999997,335.529,900.29052022041969,0,0.0,1,10,10,357,537
64,10,13,LinearSubgradientAuction,0.025,0.04,,True,,1000,10800,cats_arbitrary_g10b50,,False,CATS,50,arbitrary,MultiMinded,15,Balance,2.519999999999982,699.8910000000001,4,546.14,336.69400000000002,693.247,675.13120578927737,641.46180578927726,680.05417791661841,1,10,19,273,413
65,10,14,LinearSubgradientAuction,0.025,0.04,,True,,1000,10800,cats_arbitrary_g10b50,,False,CATS,50,arbitrary,MultiMinded,1000,MaxIter,181.5999999999999,747.1110000000001,3,683.377,371.40150000000006,618.0550000000001,774.8148609226206,602.31286745347745,602.80966240694681,1,10,11,294,444
66,10,16,LinearSubgradientAuction,0.025,0.04,,True,,1000,10800,cats_arbitrary_g10b50,,False,CATS,50,arbitrary,MultiMinded,51,Balance,10.319999999999709,804.7069,4,692.962,241.77600000000001,804.7069,741.10941527960472,716.93181527960473,782.74365788782677,1,10,8,336,506
67,10,15,LinearSubgradientAuction,0.025,0.04,,True,,1000,10800,cats_arbitrary_g10b50,,False,CATS,50,arbitrary,MultiMinded,44,Balance,8.41000000000031,950.858,2,795.087,420.85149999999999,950.858,947.99262990314628,926.95005490314634,934.87455224112,1,10,5,315,475
68,10,17,LinearSubgradientAuction,0.025,0.04,,True,,1000,10800,cats_arbitrary_g10b50,,False,CATS,50,arbitrary,MultiMinded,44,Balance,9.400000000000091,638.514,4,583.892,266.64400000000001,636.1027999999999,634.36869858673788,610.2535433013378,617.69979975584795,1,10,3,357,537
69,10,13,LinearSubgradientAuction,0.025,0.04,,True,,1000,10800,cats_arbitrary_g10b50,,False,CATS,50,arbitrary,MultiMinded,1000,MaxIter,170.3800000000001,653.81,2,515.575,365.36749999999995,472.802,683.35506616133182,259.13869586032416,263.66347930384126,1,10,6,273,413
70,10,16,LinearSubgradientAuction,0.025,0.04,,True,,1000,10800,cats_arbitrary_g10b50,,False,CATS,50,arbitrary,MultiMinded,1000,MaxIter,204.90999999999985,813.773,2,813.773,239.7945,803.88,867.67941943727078,797.8420660635112,798.80348262083805,1,10,3,336,506
71,10,18,LinearSubgradientAuction,0.025,0.04,,True,,1000,10800,cats_arbitrary_g10b50,,False,CATS,50,arbitrary,MultiMinded,1000,MaxIter,227.39999999999964,936.203,1,936.203,330.1275,103.987,1072.8980953597811,0,9.1324005765011549,1,10,10,378,568
72,10,19,LinearSubgradientAuction,0.025,0.04,,True,,1000,10800,cats_arbitrary_g10b50,,False,CATS,50,arbitrary,MultiMinded,13,Balance,3.0100000000002183,742.889,1,742.889,330.43299999999999,742.889,741.72530012331788,733.46447512331792,734.62817500000006,1,10,0,399,599
73,10,13,LinearSubgradientAuction,0.025,0.04,,True,,1000,10800,cats_arbitrary_g10b50,,False,CATS,50,arbitrary,MultiMinded,1000,MaxIter,169.3800000000001,829.25,1,829.25,443.63649999999996,433.775,908.46398456126531,0,4.3180380271367085,1,10,10,273,413
74,10,17,LinearSubgradientAuction,0.025,0.04,,True,,1000,10800,cats_arbitrary_g10b50,,False,CATS,50,arbitrary,MultiMinded,1000,MaxIter,214.78999999999996,785.147,2,785.147,194.18100000000001,323.045,786.24826109359446,300.60693241662267,318.38768092141373,1,10,7,357,537
75,10,14,LinearSubgradientAuction,0.025,0.04,,True,,1000,10800,cats_arbitrary_g10b50,,False,CATS,50,arbitrary,MultiMinded,1000,MaxIter,181.67999999999984,877.244,2,869.635,380.94749999999999,715.007,918.16789250125203,706.08831536641503,706.08831536641503,1,10,3,294,444
76,10,15,LinearSubgradientAuction,0.025,0.04,,True,,1000,10800,cats_arbitrary_g10b50,,False,CATS,50,arbitrary,MultiMinded,1000,MaxIter,192.3499999999999,772.528,4,772.528,426.029,761.183,832.08781586860778,739.89655231975348,739.89655231975348,1,10,27,315,475
77,10,16,LinearSubgradientAuction,0.025,0.04,,True,,1000,10800,cats_arbitrary_g10b50,,False,CATS,50,arbitrary,MultiMinded,1000,MaxIter,201.4699999999998,610.0541,4,475.061,229.33799999999999,467.1781,666.77108544293606,434.87254132043392,451.50143284373968,1,10,6,336,506
78,10,16,LinearSubgradientAuction,0.025,0.04,,True,,1000,10800,cats_arbitrary_g10b50,,False,CATS,50,arbitrary,MultiMinded,1000,MaxIter,207.69999999999982,738.191,2,718.579,283.06200000000001,431.185,809.39664630622951,423.55965781465829,424.60114550146091,1,10,5,336,506
79,10,16,LinearSubgradientAuction,0.025,0.04,,True,,1000,10800,cats_arbitrary_g10b50,,False,CATS,50,arbitrary,MultiMinded,1000,MaxIter,207.48000000000002,789.0369999999999,2,767.227,328.78500000000003,696.422,833.42383611766854,547.85199929449482,552.66334908472936,1,10,4,336,506
80,10,14,LinearSubgradientAuction,0.025,0.04,,True,,1000,10800,cats_arbitrary_g10b50,,False,CATS,50,arbitrary,MultiMinded,20,Balance,3.5300000000002,755.88,1,755.88,295.50850000000003,755.88,755.36308904054613,747.97537654054611,750.74729966208122,1,10,1,294,444
81,10,16,LinearSubgradientAuction,0.025,0.04,,True,,1000,10800,cats_arbitrary_g10b50,,False,CATS,50,arbitrary,MultiMinded,1000,MaxIter,206.26999999999998,454.25449999999995,4,381.144,179.05700000000002,365.2342,504.75788489558295,352.03322997515608,352.03359684545268,1,10,3,336,506
82,10,14,LinearSubgradientAuction,0.025,0.04,,True,,1000,10800,cats_arbitrary_g10b50,,False,CATS,50,arbitrary,MultiMinded,1000,MaxIter,182.69000000000005,813.1470999999999,2,678.08,361.98400000000004,443.729,916.81018684697108,435.46347308784556,435.46347308784556,1,10,2,294,444
83,10,15,LinearSubgradientAuction,0.025,0.04,,True,,1000,10800,cats_arbitrary_g10b50,,False,CATS,50,arbitrary,MultiMinded,1000,MaxIter,193.5300000000002,897.3420000000001,2,818.953,242.078,226.102,1002.0870538901181,209.48605645968334,225.31105933650684,1,10,8,315,475
84,10,14,LinearSubgradientAuction,0.025,0.04,,True,,1000,10800,cats_arbitrary_g10b50,,False,CATS,50,arbitrary,MultiMinded,1000,MaxIter,181.2199999999998,716.866,1,684.777,321.96300000000002,292.042,742.41430440035663,0,3.3127152637955817,1,10,10,294,444
85,10,11,LinearSubgradientAuction,0.025,0.04,,True,,1000,10800,cats_arbitrary_g10b50,,False,CATS,50,arbitrary,MultiMinded,1000,MaxIter,146.25,679.457,2,679.457,442.82050000000004,659.694,755.01843322280627,650.33826196488496,650.33826196488496,1,10,9,231,351
86,10,15,LinearSubgradientAuction,0.025,0.04,,True,,1000,10800,cats_arbitrary_g10b50,,False,CATS,50,arbitrary,MultiMinded,1000,MaxIter,193.26000000000022,950.965,3,818.766,310.39699999999999,660.204,1034.207214879716,587.57659562257652,645.38229800461818,1,10,4,315,475
87,10,14,LinearSubgradientAuction,0.025,0.04,,True,,1000,10800,cats_arbitrary_g10b50,,False,CATS,50,arbitrary,MultiMinded,170,Balance,30.26000000000022,997.2170000000001,3,716.545,235.80250000000001,997.2170000000001,937.93544680655884,920.25025930655886,982.8308036783983,1,10,7,294,444
88,10,14,LinearSubgradientAuction,0.025,0.04,,True,,1000,10800,cats_arbitrary_g10b50,,False,CATS,50,arbitrary,MultiMinded,1000,MaxIter,180.9300000000003,758.38,2,758.38,394.31950000000001,642.261,797.74497430123574,633.66499342320969,633.66499342320969,1,10,4,294,444
89,10,14,LinearSubgradientAuction,0.025,0.04,,True,,1000,10800,cats_arbitrary_g10b50,,False,CATS,50,arbitrary,MultiMinded,22,Balance,3.849999999999909,732.443,2,644.233,339.30900000000003,732.443,729.85952669668472,712.89407669668469,715.51400890169157,1,10,4,294,444
90,10,14,LinearSubgradientAuction,0.025,0.04,,True,,1000,10800,cats_arbitrary_g10b50,,False,CATS,50,arbitrary,MultiMinded,15,Balance,2.6100000000001273,891.85,3,807.355,295.7045,891.85,883.20466826087454,861.02683076087442,873.60997083642155,1,10,9,294,444
91,10,13,LinearSubgradientAuction,0.025,0.04,,True,,1000,10800,cats_arbitrary_g10b50,,False,CATS,50,arbitrary,MultiMinded,1000,MaxIter,169.0999999999999,812.137,2,812.137,461.255,371.564,829.0406426654032,343.56974857966782,363.24503606823248,1,10,5,273,413
92,10,14,LinearSubgradientAuction,0.025,0.04,,True,,1000,10800,cats_arbitrary_g10b50,,False,CATS,50,arbitrary,MultiMinded,1000,MaxIter,179.44000000000005,621.9174,2,498.679,294.30700000000002,199.877,631.20174680426135,170.14024752769362,192.66455809014118,1,10,7,294,444
93,10,18,LinearSubgradientAuction,0.025,0.04,,True,,1000,10800,cats_arbitrary_g10b50,,False,CATS,50,arbitrary,MultiMinded,15,Balance,3.25,768.1442,6,581.443,288.50549999999998,768.1442,740.40794932992117,697.13212432992111,726.58959022975068,1,10,6,378,568
94,10,14,LinearSubgradientAuction,0.025,0.04,,True,,1000,10800,cats_arbitrary_g10b50,,False,CATS,50,arbitrary,MultiMinded,55,Balance,9.730000000000018,704.947,1,704.947,384.09699999999998,704.947,696.29315808009937,686.69073308009933,705.4080531979655,1,10,16,294,444
95,10,15,LinearSubgradientAuction,0.025,0.04,,True,,1000,10800,cats_arbitrary_g10b50,,False,CATS,50,arbitrary,MultiMinded,1000,MaxIter,193.8800000000001,905.548,2,761.598,373.96699999999998,550.292,969.77425359559311,534.30807785994182,540.94282352869732,1,10,4,315,475
96,10,13,LinearSubgradientAuction,0.025,0.04,,True,,1000,10800,cats_arbitrary_g10b50,,False,CATS,50,arbitrary,MultiMinded,1000,MaxIter,167.04999999999973,802.2189,1,774.483,389.73500000000001,427.857,826.08863567865797,0,8.3297819524752867,1,10,10,273,413
97,10,14,LinearSubgradientAuction,0.025,0.04,,True,,1000,10800,cats_arbitrary_g10b50,,False,CATS,50,arbitrary,MultiMinded,13,Balance,2.2800000000002,777.4,1,777.4,409.10199999999998,777.4,776.44072415354719,766.21317415354724,768.99323898160344,1,10,5,294,444
98,10,12,LinearSubgradientAuction,0.025,0.04,,True,,1000,10800,cats_arbitrary_g10b50,,False,CATS,50,arbitrary,MultiMinded,1000,MaxIter,159.42999999999984,899.539,2,899.539,522.91999999999996,592.422,924.76123086295706,577.7788517141031,580.78882446998387,1,10,3,252,382
99,10,13,LinearSubgradientAuction,0.025,0.04,,True,,1000,10800,cats_arbitrary_g10b50,,False,CATS,50,arbitrary,MultiMinded,36,Balance,5.960000000000036,941.1115,3,769.536,337.6515,941.1115,896.84802197842555,871.52415947842542,924.15542401375001,1,10,4,273,413
100,10,15,LinearSubgradientAuction,0.025,0.04,,True,,1000,10800,cats_arbitrary_g10b50,,False,CATS,50,arbitrary,MultiMinded,1000,MaxIter,194.79000000000042,733.9616,2,691.502,466.54449999999997,97.3621,816.20770679355405,85.69820183704708,90.985944788633333,1,10,9,315,475
