idx,items,agents,auction_class,epsilon,stepc,epoch,scalebyvalue,reserve_type,maxiter,maxtime,generator_param_name,personalized,int_prices,generator,bids,distribution,type,rounds,status,runtime,efficient_value,final_num_winners,final_max_agent_value,final_scalevalue,final_value,final_total_price,final_revenue,final_indirect_util,final_price_degree,final_price_sparsity,final_imbalance,final_wd_nvars,final_wd_ncons
1,10,14,LinearHeuristicAuction,0.05,0.04,,True,,1000,10800,cats_arbitrary_g10b50,,False,CATS,50,arbitrary,MultiMinded,9,Balance,0.2900000000008731,793.971,1,793.971,469.322,793.971,815.37742812433714,791.91132812433716,828.72334371776515,1,10,25,33,24
2,10,17,LinearHeuristicAuction,0.05,0.04,,True,,1000,10800,cats_arbitrary_g10b50,,False,CATS,50,arbitrary,MultiMinded,1000,MaxIter,35.69000000000051,890.9177,1,838.462,457.63549999999998,838.462,989.4237107325439,0,4.1974050811206212,1,10,11,38,27
3,10,13,LinearHeuristicAuction,0.05,0.04,,True,,1000,10800,cats_arbitrary_g10b50,,False,CATS,50,arbitrary,MultiMinded,1000,MaxIter,34.4900000000016,689.11,1,689.11,373.73599999999999,689.11,740.87544555683576,0,3.5902284610965296,1,10,14,34,23
4,10,17,LinearHeuristicAuction,0.05,0.04,,True,,1000,10800,cats_arbitrary_g10b50,,False,CATS,50,arbitrary,MultiMinded,10,Balance,0.3400000000001455,673.823,1,673.823,310.16499999999996,673.823,677.19711246726763,661.68886246726765,688.45495173642996,1,10,19,36,27
5,10,13,LinearHeuristicAuction,0.05,0.04,,True,,1000,10800,cats_arbitrary_g10b50,,False,CATS,50,arbitrary,MultiMinded,3,Balance,0.09000000000014552,758.773,1,758.773,337.48050000000001,758.773,760.58851997816771,743.71449497816775,766.02561498908381,1,10,18,25,23
6,10,14,LinearHeuristicAuction,0.05,0.04,,True,,1000,10800,cats_arbitrary_g10b50,,False,CATS,50,arbitrary,MultiMinded,97,Balance,3.4500000000007276,841.028,2,744.08,361.97500000000002,841.028,813.39406029975373,777.19656029975374,828.38701569168234,1,10,14,33,24
7,10,16,LinearHeuristicAuction,0.05,0.04,,True,,1000,10800,cats_arbitrary_g10b50,,False,CATS,50,arbitrary,MultiMinded,8,Balance,0.2599999999983993,859.6020000000001,2,710.786,293.07349999999997,859.6020000000001,832.95852370188368,803.65117370188364,838.16199986063225,1,10,2,35,26
8,10,14,LinearHeuristicAuction,0.05,0.04,,True,,1000,10800,cats_arbitrary_g10b50,,False,CATS,50,arbitrary,MultiMinded,29,Balance,0.9499999999989086,556.7090000000001,2,486.526,246.58600000000001,556.7090000000001,555.0038125827914,530.34521258279142,551.69056257621014,1,10,14,31,24
9,10,20,LinearHeuristicAuction,0.05,0.04,,True,,1000,10800,cats_arbitrary_g10b50,,False,CATS,50,arbitrary,MultiMinded,156,Balance,5.789999999999054,650.389,2,411.483,212.66149999999999,650.389,649.10688809281714,627.84073809281722,629.91648109915343,1,10,3,43,30
10,10,16,LinearHeuristicAuction,0.05,0.04,,True,,1000,10800,cats_arbitrary_g10b50,,False,CATS,50,arbitrary,MultiMinded,7,Balance,0.2600000000002183,974.512,1,974.512,305.01999999999998,974.512,986.02261858748534,970.77161858748536,978.41072507783713,1,10,12,34,26
11,10,18,LinearHeuristicAuction,0.05,0.04,,True,,1000,10800,cats_arbitrary_g10b50,,False,CATS,50,arbitrary,MultiMinded,13,Balance,0.4599999999991269,903.4137000000001,5,690.32,184.28,903.4137000000001,841.39046296971367,795.32046296971362,865.26245809960938,1,10,5,39,28
12,10,18,LinearHeuristicAuction,0.05,0.04,,True,,1000,10800,cats_arbitrary_g10b50,,False,CATS,50,arbitrary,MultiMinded,15,Balance,0.5500000000010914,476.0346,2,416.605,211.79050000000001,476.0346,484.73304578410512,463.55399578410515,479.89888725651383,1,10,31,38,28
13,10,14,LinearHeuristicAuction,0.05,0.04,,True,,1000,10800,cats_arbitrary_g10b50,,False,CATS,50,arbitrary,MultiMinded,11,Balance,0.37000000000080036,761.647,1,761.647,337.08749999999998,761.647,772.86267714338783,756.00830214338782,756.00830214338782,1,10,10,30,24
14,10,14,LinearHeuristicAuction,0.05,0.04,,True,,1000,10800,cats_arbitrary_g10b50,,False,CATS,50,arbitrary,MultiMinded,48,Balance,1.639999999999418,1115.4950000000001,2,880.107,393.411,1115.4950000000001,1048.2704861185105,1008.9293861185104,1092.6262532045489,1,10,11,38,24
15,10,12,LinearHeuristicAuction,0.05,0.04,,True,,1000,10800,cats_arbitrary_g10b50,,False,CATS,50,arbitrary,MultiMinded,182,Balance,5.850000000000364,871.33,1,871.33,381.12349999999998,871.33,862.32808010094379,843.27190510094374,863.93706623430364,1,10,16,26,22
16,10,14,LinearHeuristicAuction,0.05,0.04,,True,,1000,10800,cats_arbitrary_g10b50,,False,CATS,50,arbitrary,MultiMinded,26,Balance,0.929999999998472,779.7001,2,571.996,300.363,774.063,779.08193360256257,749.04563360256259,767.40674656730278,1,10,7,34,24
17,10,13,LinearHeuristicAuction,0.05,0.04,,True,,1000,10800,cats_arbitrary_g10b50,,False,CATS,50,arbitrary,MultiMinded,96,Balance,3.1899999999986903,721.2810000000001,2,640.028,297.31799999999998,645.476,660.40916960487198,630.67736960487196,640.05368028107296,1,10,22,34,23
18,10,18,LinearHeuristicAuction,0.05,0.04,,True,,1000,10800,cats_arbitrary_g10b50,,False,CATS,50,arbitrary,MultiMinded,79,Balance,2.899999999999636,1005.5310000000001,2,868.696,380.75,1005.5310000000001,1000.0281462357644,961.95314623576439,977.65969028834934,1,10,11,41,28
19,10,14,LinearHeuristicAuction,0.05,0.04,,True,,1000,10800,cats_arbitrary_g10b50,,False,CATS,50,arbitrary,MultiMinded,1000,MaxIter,34.25,832.065,2,642.87,411.233,832.065,888.80576290561658,619.50105321161391,622.31207798645494,1,10,11,32,24
20,10,14,LinearHeuristicAuction,0.05,0.04,,True,,1000,10800,cats_arbitrary_g10b50,,False,CATS,50,arbitrary,MultiMinded,45,Balance,1.4899999999997817,615.5416,2,453.46,272.30500000000001,611.3,607.99234761999946,580.76184761999957,595.35161914565651,1,10,10,31,24
21,10,17,LinearHeuristicAuction,0.05,0.04,,True,,1000,10800,cats_arbitrary_g10b50,,False,CATS,50,arbitrary,MultiMinded,1000,MaxIter,37.94000000000051,618.958,1,618.958,240.48899999999998,618.958,652.43176613760068,0,3.273014718736178,1,10,11,40,27
22,10,13,LinearHeuristicAuction,0.05,0.04,,True,,1000,10800,cats_arbitrary_g10b50,,False,CATS,50,arbitrary,MultiMinded,1000,MaxIter,33.55000000000109,879.723,1,879.723,407.96800000000002,879.723,1035.6921867921421,0,1.7185446947709693,1,10,20,31,23
23,10,15,LinearHeuristicAuction,0.05,0.04,,True,,1000,10800,cats_arbitrary_g10b50,,False,CATS,50,arbitrary,MultiMinded,35,Balance,1.139999999999418,977.097,1,977.097,436.84800000000001,977.097,986.94687912619304,965.10447912619304,1006.7749959230754,1,10,23,31,25
24,10,13,LinearHeuristicAuction,0.05,0.04,,True,,1000,10800,cats_arbitrary_g10b50,,False,CATS,50,arbitrary,MultiMinded,1000,MaxIter,33.63000000000102,612.4065,1,552.965,296.99549999999999,552.965,647.21629405503074,0,5.2324470118492172e-05,1,10,23,36,23
25,10,16,LinearHeuristicAuction,0.05,0.04,,True,,1000,10800,cats_arbitrary_g10b50,,False,CATS,50,arbitrary,MultiMinded,1000,MaxIter,34.659999999999854,742.2606000000001,1,689.211,308.97050000000002,689.211,759.39523716817246,0,0.57074011825621085,1,10,11,37,26
26,10,13,LinearHeuristicAuction,0.05,0.04,,True,,1000,10800,cats_arbitrary_g10b50,,False,CATS,50,arbitrary,MultiMinded,1000,MaxIter,33.51999999999862,887.9649999999999,1,818.015,382.74599999999998,818.015,910.92633968052701,0,3.059363529521363,1,10,10,35,23
27,10,13,LinearHeuristicAuction,0.05,0.04,,True,,1000,10800,cats_arbitrary_g10b50,,False,CATS,50,arbitrary,MultiMinded,1000,MaxIter,35.02000000000044,775.689,1,775.689,348.334,308.533,833.16343631484222,0,0.0,1,10,26,33,23
28,10,15,LinearHeuristicAuction,0.05,0.04,,True,,1000,10800,cats_arbitrary_g10b50,,False,CATS,50,arbitrary,MultiMinded,10,Balance,0.3400000000001455,604.885,1,604.885,314.90100000000001,604.885,610.49276639453944,594.74771639453945,641.91476890377089,1,10,37,31,25
29,10,12,LinearHeuristicAuction,0.05,0.04,,True,,1000,10800,cats_arbitrary_g10b50,,False,CATS,50,arbitrary,MultiMinded,1000,MaxIter,33.0099999999984,642.809,1,642.809,296.26149999999996,574.789,722.10017344971425,0,3.5292716438725336,1,10,10,34,22
30,10,16,LinearHeuristicAuction,0.05,0.04,,True,,1000,10800,cats_arbitrary_g10b50,,False,CATS,50,arbitrary,MultiMinded,35,Balance,1.25,754.962,3,660.473,247.715,754.962,767.61793804172214,730.46068804172205,735.28939377306983,1,10,10,38,26
31,10,15,LinearHeuristicAuction,0.05,0.04,,True,,1000,10800,cats_arbitrary_g10b50,,False,CATS,50,arbitrary,MultiMinded,1000,MaxIter,35.899999999999636,914.694,1,907.121,520.11850000000004,907.121,985.9475217397777,0,8.1453482604288041,1,10,10,37,25
32,10,13,LinearHeuristicAuction,0.05,0.04,,True,,1000,10800,cats_arbitrary_g10b50,,False,CATS,50,arbitrary,MultiMinded,1000,MaxIter,33.25,619.2586,1,603.07,291.851,603.07,719.21935413619224,0,2.5055934663347728,1,10,13,32,23
33,10,16,LinearHeuristicAuction,0.05,0.04,,True,,1000,10800,cats_arbitrary_g10b50,,False,CATS,50,arbitrary,MultiMinded,24,Balance,0.8500000000003638,622.297,1,622.297,224.69200000000001,622.297,627.84490405417432,616.61030405417432,628.41055899662717,1,10,21,39,26
34,10,15,LinearHeuristicAuction,0.05,0.04,,True,,1000,10800,cats_arbitrary_g10b50,,False,CATS,50,arbitrary,MultiMinded,31,Balance,1.0499999999992724,868.13,3,756.065,258.05500000000001,868.129,851.91042724397448,813.20217724397446,833.66340460367303,1,10,6,35,25
35,10,15,LinearHeuristicAuction,0.05,0.04,,True,,1000,10800,cats_arbitrary_g10b50,,False,CATS,50,arbitrary,MultiMinded,1000,MaxIter,36.04000000000087,804.713,1,804.713,330.97899999999998,804.713,827.98829378730829,0,1.2023966920308453,1,10,10,36,25
36,10,15,LinearHeuristicAuction,0.05,0.04,,True,,1000,10800,cats_arbitrary_g10b50,,False,CATS,50,arbitrary,MultiMinded,1000,MaxIter,36.159999999999854,643.0699999999999,4,632.425,412.71300000000002,643.0699999999999,668.80725036734782,496.2154763816439,498.01797871812715,1,10,2,38,25
37,10,12,LinearHeuristicAuction,0.05,0.04,,True,,1000,10800,cats_arbitrary_g10b50,,False,CATS,50,arbitrary,MultiMinded,1000,MaxIter,32.19000000000051,701.3026000000001,1,634.495,369.97450000000003,634.495,743.10255644887866,0,9.6117329923839634,1,10,24,32,22
38,10,14,LinearHeuristicAuction,0.05,0.04,,True,,1000,10800,cats_arbitrary_g10b50,,False,CATS,50,arbitrary,MultiMinded,1000,MaxIter,36.30999999999949,691.88,1,653.657,339.25200000000001,653.657,754.93620711156962,0,0.9764578885350943,1,10,15,35,24
39,10,18,LinearHeuristicAuction,0.05,0.04,,True,,1000,10800,cats_arbitrary_g10b50,,False,CATS,50,arbitrary,MultiMinded,11,Balance,0.38000000000101863,955.2540000000001,3,721.473,276.10400000000004,955.2540000000001,940.06209767523137,898.64649767523133,930.022105236892,1,10,4,38,28
40,10,15,LinearHeuristicAuction,0.05,0.04,,True,,1000,10800,cats_arbitrary_g10b50,,False,CATS,50,arbitrary,MultiMinded,1000,MaxIter,34.30000000000109,882.337,1,850.424,422.59100000000001,850.424,913.7233646767819,0,4.7311317888552225,1,10,12,37,25
41,10,14,LinearHeuristicAuction,0.05,0.04,,True,,1000,10800,cats_arbitrary_g10b50,,False,CATS,50,arbitrary,MultiMinded,1000,MaxIter,35.04999999999927,806.5720000000001,1,744.105,394.66899999999998,744.105,821.59738699376612,0,2.90567406597917,1,10,10,34,24
42,10,12,LinearHeuristicAuction,0.05,0.04,,True,,1000,10800,cats_arbitrary_g10b50,,False,CATS,50,arbitrary,MultiMinded,1000,MaxIter,31.81999999999971,674.607,1,650.249,261.25450000000001,650.249,691.15399879995323,0,1.4543480870964913,1,10,10,29,22
43,10,18,LinearHeuristicAuction,0.05,0.04,,True,,1000,10800,cats_arbitrary_g10b50,,False,CATS,50,arbitrary,MultiMinded,8,Balance,0.2899999999990541,710.9245999999999,2,698.897,258.83499999999998,710.9245999999999,718.77858596027863,692.89508596027872,695.71104230500805,1,10,9,39,28
44,10,12,LinearHeuristicAuction,0.05,0.04,,True,,1000,10800,cats_arbitrary_g10b50,,False,CATS,50,arbitrary,MultiMinded,1000,MaxIter,33.779999999998836,748.73,1,701.292,407.33100000000002,628.181,776.1154803887373,0,0.0,1,10,26,35,22
45,10,15,LinearHeuristicAuction,0.05,0.04,,True,,1000,10800,cats_arbitrary_g10b50,,False,CATS,50,arbitrary,MultiMinded,13,Balance,0.4400000000005093,753.639,3,656.884,388.58100000000002,753.639,742.21240756403711,683.92525756403711,702.09772861774491,1,10,4,33,25
46,10,17,LinearHeuristicAuction,0.05,0.04,,True,,1000,10800,cats_arbitrary_g10b50,,False,CATS,50,arbitrary,MultiMinded,76,Balance,2.7399999999997817,944.9340000000001,4,844.841,403.99299999999999,944.9340000000001,941.65869923386754,860.86009923386746,867.0602346915216,1,10,2,39,27
47,10,14,LinearHeuristicAuction,0.05,0.04,,True,,1000,10800,cats_arbitrary_g10b50,,False,CATS,50,arbitrary,MultiMinded,1000,MaxIter,33.100000000000364,898.101,1,893.489,324.04449999999997,893.489,932.0813588679049,0,0.0,1,10,28,30,24
48,10,15,LinearHeuristicAuction,0.05,0.04,,True,,1000,10800,cats_arbitrary_g10b50,,False,CATS,50,arbitrary,MultiMinded,8,Balance,0.27999999999883585,889.443,3,787.484,397.44799999999998,889.443,883.55437784784579,823.93717784784576,837.50458596119756,1,10,8,35,25
49,10,14,LinearHeuristicAuction,0.05,0.04,,True,,1000,10800,cats_arbitrary_g10b50,,False,CATS,50,arbitrary,MultiMinded,43,Balance,1.5,945.042,2,781.262,432.49200000000002,945.042,944.4629125875731,901.21371258757301,912.29379294404134,1,10,7,36,24
50,10,14,LinearHeuristicAuction,0.05,0.04,,True,,1000,10800,cats_arbitrary_g10b50,,False,CATS,50,arbitrary,MultiMinded,1000,MaxIter,32.93000000000029,815.381,1,698.568,297.62700000000001,698.568,891.69480810715652,0,0.26100683041283901,1,10,25,33,24
51,10,19,LinearHeuristicAuction,0.05,0.04,,True,,1000,10800,cats_arbitrary_g10b50,,False,CATS,50,arbitrary,MultiMinded,27,Balance,1.0200000000004366,593.082,1,593.082,349.66500000000002,593.082,603.80657360428461,586.32332360428461,616.81800875394401,1,10,30,42,29
52,10,12,LinearHeuristicAuction,0.05,0.04,,True,,1000,10800,cats_arbitrary_g10b50,,False,CATS,50,arbitrary,MultiMinded,1000,MaxIter,30.980000000001382,842.818,1,842.818,428.04949999999997,842.818,917.73785460191425,0,6.9899516956374264,1,10,17,29,22
53,10,17,LinearHeuristicAuction,0.05,0.04,,True,,1000,10800,cats_arbitrary_g10b50,,False,CATS,50,arbitrary,MultiMinded,1000,MaxIter,35.340000000000146,787.8274,1,644.907,269.82600000000002,644.907,811.69073845533967,0,3.8455412216239466,1,10,15,39,27
54,10,14,LinearHeuristicAuction,0.05,0.04,,True,,1000,10800,cats_arbitrary_g10b50,,False,CATS,50,arbitrary,MultiMinded,8,Balance,0.2600000000002183,810.751,3,699.486,371.92899999999997,810.751,797.34263552840571,741.5532855284057,763.00276334654279,1,10,2,30,24
55,10,14,LinearHeuristicAuction,0.05,0.04,,True,,1000,10800,cats_arbitrary_g10b50,,False,CATS,50,arbitrary,MultiMinded,1000,MaxIter,35.01999999999862,778.56,4,652.834,405.49599999999998,717.6831,782.60767617881629,637.43384224447334,637.43384224447334,1,10,15,32,24
56,10,14,LinearHeuristicAuction,0.05,0.04,,True,,1000,10800,cats_arbitrary_g10b50,,False,CATS,50,arbitrary,MultiMinded,1000,MaxIter,35.11999999999898,720.833,1,718.63,414.24000000000001,659.11,750.66336781416908,0,0.0,1,10,10,36,24
57,10,13,LinearHeuristicAuction,0.05,0.04,,True,,1000,10800,cats_arbitrary_g10b50,,False,CATS,50,arbitrary,MultiMinded,1000,MaxIter,34.61999999999898,742.0273,1,583.324,429.03550000000001,518.994,768.83411897955489,0,0.023649720836033339,1,10,16,35,23
58,10,18,LinearHeuristicAuction,0.05,0.04,,True,,1000,10800,cats_arbitrary_g10b50,,False,CATS,50,arbitrary,MultiMinded,1000,MaxIter,35.68000000000029,927.076,1,790.752,213.971,790.752,975.70323577142722,0,31.798774369730552,1,10,27,39,28
59,10,15,LinearHeuristicAuction,0.05,0.04,,True,,1000,10800,cats_arbitrary_g10b50,,False,CATS,50,arbitrary,MultiMinded,1000,MaxIter,34.42000000000007,685.266,1,685.266,301.03800000000001,685.266,717.47740615190492,0,1.0863267071551661,1,10,10,37,25
60,10,17,LinearHeuristicAuction,0.05,0.04,,True,,1000,10800,cats_arbitrary_g10b50,,False,CATS,50,arbitrary,MultiMinded,1000,MaxIter,36.60999999999876,763.9352999999999,1,684.98,313.44299999999998,684.98,715.82033615858882,0,61.425228141391088,1,10,12,39,27
61,10,15,LinearHeuristicAuction,0.05,0.04,,True,,1000,10800,cats_arbitrary_g10b50,,False,CATS,50,arbitrary,MultiMinded,5,Balance,0.1499999999996362,906.867,2,800.076,363.90899999999999,904.461,916.31918605774831,879.92828605774832,886.75683913460739,1,10,10,31,25
62,10,13,LinearHeuristicAuction,0.05,0.04,,True,,1000,10800,cats_arbitrary_g10b50,,False,CATS,50,arbitrary,MultiMinded,1000,MaxIter,33.710000000000946,838.7230000000001,1,739.886,355.20699999999999,729.454,900.46298157724357,0,4.4749814968462971,1,10,11,33,23
63,10,17,LinearHeuristicAuction,0.05,0.04,,True,,1000,10800,cats_arbitrary_g10b50,,False,CATS,50,arbitrary,MultiMinded,25,Balance,0.8600000000005821,879.858,1,879.858,289.45299999999997,879.858,886.98151273646704,872.50886273646699,914.06583483505244,1,10,39,36,27
64,10,13,LinearHeuristicAuction,0.05,0.04,,True,,1000,10800,cats_arbitrary_g10b50,,False,CATS,50,arbitrary,MultiMinded,7,Balance,0.22999999999956344,699.8910000000001,4,546.14,336.69400000000002,699.8910000000001,711.55741758235422,644.21861758235434,648.33121899418438,1,10,7,30,23
65,10,14,LinearHeuristicAuction,0.05,0.04,,True,,1000,10800,cats_arbitrary_g10b50,,False,CATS,50,arbitrary,MultiMinded,1000,MaxIter,32.039999999999054,747.1110000000001,1,683.377,371.40150000000006,683.377,774.81486092262071,0,0.4967949534693048,1,10,31,33,24
66,10,16,LinearHeuristicAuction,0.05,0.04,,True,,1000,10800,cats_arbitrary_g10b50,,False,CATS,50,arbitrary,MultiMinded,21,Balance,0.7199999999993452,804.7069,4,692.962,241.77600000000001,804.7069,748.53754473504273,700.18234473504276,782.73257590879109,1,10,12,37,26
67,10,15,LinearHeuristicAuction,0.05,0.04,,True,,1000,10800,cats_arbitrary_g10b50,,False,CATS,50,arbitrary,MultiMinded,37,Balance,1.2799999999988358,950.858,2,795.087,420.85149999999999,950.858,930.57244463050324,888.48729463050336,937.36102517057384,1,10,20,37,25
68,10,17,LinearHeuristicAuction,0.05,0.04,,True,,1000,10800,cats_arbitrary_g10b50,,False,CATS,50,arbitrary,MultiMinded,25,Balance,0.8899999999994179,638.514,3,583.892,266.64400000000001,638.514,635.88358334738086,595.88698334738092,610.81718674250726,1,10,5,36,27
69,10,13,LinearHeuristicAuction,0.05,0.04,,True,,1000,10800,cats_arbitrary_g10b50,,False,CATS,50,arbitrary,MultiMinded,1000,MaxIter,34.27000000000044,653.81,1,515.575,365.36749999999995,515.575,682.14690539882065,0,1.383890514607458,1,10,22,33,23
70,10,16,LinearHeuristicAuction,0.05,0.04,,True,,1000,10800,cats_arbitrary_g10b50,,False,CATS,50,arbitrary,MultiMinded,1000,MaxIter,34.92000000000007,813.773,1,813.773,239.7945,707.813,866.02543401255184,0,3.4144097970402072,1,10,10,40,26
71,10,18,LinearHeuristicAuction,0.05,0.04,,True,,1000,10800,cats_arbitrary_g10b50,,False,CATS,50,arbitrary,MultiMinded,1000,MaxIter,35.94999999999891,936.203,1,936.203,330.1275,936.203,1075.9952193751481,0,1.8410288806210815,1,10,18,40,28
72,10,19,LinearHeuristicAuction,0.05,0.04,,True,,1000,10800,cats_arbitrary_g10b50,,False,CATS,50,arbitrary,MultiMinded,6,Balance,0.21999999999934516,742.889,1,742.889,330.43299999999999,742.889,752.54462974857154,736.02297974857152,758.39354975539391,1,10,16,41,29
73,10,13,LinearHeuristicAuction,0.05,0.04,,True,,1000,10800,cats_arbitrary_g10b50,,False,CATS,50,arbitrary,MultiMinded,1000,MaxIter,33.18000000000029,829.25,1,829.25,443.63649999999996,829.25,908.46342262876863,0,4.3191608600964457,1,10,12,31,23
74,10,17,LinearHeuristicAuction,0.05,0.04,,True,,1000,10800,cats_arbitrary_g10b50,,False,CATS,50,arbitrary,MultiMinded,1000,MaxIter,35.60999999999876,785.147,1,785.147,194.18100000000001,785.147,786.24826109359435,776.5392110935943,794.31995959838548,1,10,13,38,27
75,10,14,LinearHeuristicAuction,0.05,0.04,,True,,1000,10800,cats_arbitrary_g10b50,,False,CATS,50,arbitrary,MultiMinded,1000,MaxIter,34.31999999999971,877.244,1,869.635,380.94749999999999,869.635,918.16789250125225,0,0.0,1,10,21,37,24
76,10,15,LinearHeuristicAuction,0.05,0.04,,True,,1000,10800,cats_arbitrary_g10b50,,False,CATS,50,arbitrary,MultiMinded,1000,MaxIter,35.72999999999956,772.528,1,772.528,426.029,772.528,832.08781586860766,0,0.0,1,10,47,39,25
77,10,16,LinearHeuristicAuction,0.05,0.04,,True,,1000,10800,cats_arbitrary_g10b50,,False,CATS,50,arbitrary,MultiMinded,1000,MaxIter,34.030000000000655,610.0541,1,475.061,229.33799999999999,475.061,654.73278602881601,0,22.342820712379819,1,10,27,38,26
78,10,16,LinearHeuristicAuction,0.05,0.04,,True,,1000,10800,cats_arbitrary_g10b50,,False,CATS,50,arbitrary,MultiMinded,1000,MaxIter,35.76000000000022,738.191,1,718.579,283.06200000000001,718.579,809.39664630622917,0,1.041487686803805,1,10,15,37,26
79,10,16,LinearHeuristicAuction,0.05,0.04,,True,,1000,10800,cats_arbitrary_g10b50,,False,CATS,50,arbitrary,MultiMinded,1000,MaxIter,35.95000000000073,789.0369999999999,1,767.227,328.78500000000003,767.227,833.42383611766832,0,4.8115652179231745,1,10,18,40,26
80,10,14,LinearHeuristicAuction,0.05,0.04,,True,,1000,10800,cats_arbitrary_g10b50,,False,CATS,50,arbitrary,MultiMinded,11,Balance,0.3500000000003638,755.88,1,755.88,295.50850000000003,755.88,756.41829018299745,741.64286518299741,760.46140875414312,1,10,16,29,24
81,10,16,LinearHeuristicAuction,0.05,0.04,,True,,1000,10800,cats_arbitrary_g10b50,,False,CATS,50,arbitrary,MultiMinded,1000,MaxIter,35.67000000000007,454.25449999999995,1,381.144,179.05700000000002,381.144,504.75788489558295,0,0.00036687029661308657,1,10,23,37,26
82,10,14,LinearHeuristicAuction,0.05,0.04,,True,,1000,10800,cats_arbitrary_g10b50,,False,CATS,50,arbitrary,MultiMinded,1000,MaxIter,32.93999999999869,813.1470999999999,1,678.08,361.98400000000004,671.305,916.81018684697153,0,0.0,1,10,22,34,24
83,10,15,LinearHeuristicAuction,0.05,0.04,,True,,1000,10800,cats_arbitrary_g10b50,,False,CATS,50,arbitrary,MultiMinded,1000,MaxIter,34.909999999999854,897.3420000000001,1,818.953,242.078,818.953,1002.0870538901182,0,15.825001489861847,1,10,12,37,25
84,10,14,LinearHeuristicAuction,0.05,0.04,,True,,1000,10800,cats_arbitrary_g10b50,,False,CATS,50,arbitrary,MultiMinded,1000,MaxIter,33.75,716.866,1,684.777,321.96300000000002,684.777,741.59465218833532,0,4.9981131484617265,1,10,10,35,24
85,10,11,LinearHeuristicAuction,0.05,0.04,,True,,1000,10800,cats_arbitrary_g10b50,,False,CATS,50,arbitrary,MultiMinded,1000,MaxIter,32.67999999999847,679.457,1,679.457,442.82050000000004,633.967,755.01843322280615,0,0.0,1,10,29,29,21
86,10,15,LinearHeuristicAuction,0.05,0.04,,True,,1000,10800,cats_arbitrary_g10b50,,False,CATS,50,arbitrary,MultiMinded,1000,MaxIter,34.45999999999913,950.965,1,818.766,310.39699999999999,818.766,1034.2072148797163,0,57.805702382041432,1,10,16,37,25
87,10,14,LinearHeuristicAuction,0.05,0.04,,True,,1000,10800,cats_arbitrary_g10b50,,False,CATS,50,arbitrary,MultiMinded,45,Balance,1.5599999999994907,997.2170000000001,3,716.545,235.80250000000001,997.2170000000001,936.01227686087464,900.64190186087467,978.48824039528836,1,10,9,34,24
88,10,14,LinearHeuristicAuction,0.05,0.04,,True,,1000,10800,cats_arbitrary_g10b50,,False,CATS,50,arbitrary,MultiMinded,1000,MaxIter,35.95000000000073,758.38,1,758.38,394.31950000000001,758.38,801.65216288577233,0,0.0,1,10,35,37,24
89,10,14,LinearHeuristicAuction,0.05,0.04,,True,,1000,10800,cats_arbitrary_g10b50,,False,CATS,50,arbitrary,MultiMinded,10,Balance,0.32999999999992724,732.443,2,644.233,339.30900000000003,732.443,735.98984504165685,702.05894504165678,714.66311446487975,1,10,18,30,24
90,10,14,LinearHeuristicAuction,0.05,0.04,,True,,1000,10800,cats_arbitrary_g10b50,,False,CATS,50,arbitrary,MultiMinded,14,Balance,0.4499999999989086,891.85,3,807.355,295.7045,891.85,892.68831048996572,848.33263548996558,852.2112658512749,1,10,3,33,24
91,10,13,LinearHeuristicAuction,0.05,0.04,,True,,1000,10800,cats_arbitrary_g10b50,,False,CATS,50,arbitrary,MultiMinded,27,Balance,0.9200000000000728,812.137,1,812.137,461.255,812.137,834.15972943735414,811.09697943735409,850.42835216993376,1,10,31,32,23
92,10,14,LinearHeuristicAuction,0.05,0.04,,True,,1000,10800,cats_arbitrary_g10b50,,False,CATS,50,arbitrary,MultiMinded,1000,MaxIter,32.98000000000138,621.9174,1,498.679,294.30700000000002,461.569,631.20174680426112,0,22.524310562447681,1,10,13,33,24
93,10,18,LinearHeuristicAuction,0.05,0.04,,True,,1000,10800,cats_arbitrary_g10b50,,False,CATS,50,arbitrary,MultiMinded,7,Balance,0.2400000000016007,768.1442,6,581.443,288.50549999999998,768.1442,731.70674586092048,645.15509586092048,713.03311195746426,1,10,11,38,28
94,10,14,LinearHeuristicAuction,0.05,0.04,,True,,1000,10800,cats_arbitrary_g10b50,,False,CATS,50,arbitrary,MultiMinded,10,Balance,0.3099999999994907,704.947,1,704.947,384.09699999999998,704.947,719.3185897207029,700.11373972070294,724.95413398989695,1,10,22,29,24
95,10,15,LinearHeuristicAuction,0.05,0.04,,True,,1000,10800,cats_arbitrary_g10b50,,False,CATS,50,arbitrary,MultiMinded,1000,MaxIter,33.80999999999949,905.548,1,761.598,373.96699999999998,761.598,969.77424887431005,0,6.6347551090847787,1,10,16,35,25
96,10,13,LinearHeuristicAuction,0.05,0.04,,True,,1000,10800,cats_arbitrary_g10b50,,False,CATS,50,arbitrary,MultiMinded,1000,MaxIter,31.2599999999984,802.2189,1,774.483,389.73500000000001,725.4,826.08863567865808,0,8.3297819524749386,1,10,10,29,23
97,10,14,LinearHeuristicAuction,0.05,0.04,,True,,1000,10800,cats_arbitrary_g10b50,,False,CATS,50,arbitrary,MultiMinded,8,Balance,0.25,777.4,1,777.4,409.10199999999998,777.4,786.70851545131814,766.25341545131812,775.45800839185108,1,10,15,30,24
98,10,12,LinearHeuristicAuction,0.05,0.04,,True,,1000,10800,cats_arbitrary_g10b50,,False,CATS,50,arbitrary,MultiMinded,272,Balance,9.469999999999345,899.539,1,899.539,522.91999999999996,899.539,923.88716513716474,897.74116513716478,914.3686766300915,1,10,24,29,22
99,10,13,LinearHeuristicAuction,0.05,0.04,,True,,1000,10800,cats_arbitrary_g10b50,,False,CATS,50,arbitrary,MultiMinded,10,Balance,0.31999999999970896,941.1115,3,769.536,337.6515,941.1115,891.91253381723504,841.26480881723512,914.88554063619335,1,10,11,30,23
100,10,15,LinearHeuristicAuction,0.05,0.04,,True,,1000,10800,cats_arbitrary_g10b50,,False,CATS,50,arbitrary,MultiMinded,1000,MaxIter,34.32999999999993,733.9616,1,691.502,466.54449999999997,691.502,820.92594059469502,0,0.0,1,10,23,36,25
