idx,items,agents,auction_class,epsilon,stepc,epoch,scalebyvalue,reserve_type,maxiter,maxtime,generator_param_name,personalized,int_prices,generator,bids,distribution,type,rounds,status,runtime,efficient_value,final_num_winners,final_max_agent_value,final_scalevalue,final_value,final_total_price,final_revenue,final_indirect_util,final_price_degree,final_price_sparsity,final_imbalance,final_wd_nvars,final_wd_ncons
1,10,14,LinearSubgradientAuction,0.2,0.04,,True,,1000,10800,cats_arbitrary_g10b50,,False,CATS,50,arbitrary,MultiMinded,29,Balance,5.119999999995343,793.971,2,793.971,469.322,741.586,822.07711434154498,634.34831434154501,644.3709797517588,1,10,5,294,444
2,10,17,LinearSubgradientAuction,0.2,0.04,,True,,1000,10800,cats_arbitrary_g10b50,,False,CATS,50,arbitrary,MultiMinded,1000,MaxIter,214.2400000000198,890.9177,6,838.462,457.63549999999998,814.6813,1015.4427362151775,475.07074706737626,481.15084756798535,1,10,13,357,537
3,10,13,LinearSubgradientAuction,0.2,0.04,,True,,1000,10800,cats_arbitrary_g10b50,,False,CATS,50,arbitrary,MultiMinded,1000,MaxIter,169.14999999999418,689.11,2,689.11,373.73599999999999,647.002,755.50140924278605,573.21756862089876,573.21756862089876,1,10,10,273,413
4,10,17,LinearSubgradientAuction,0.2,0.04,,True,,1000,10800,cats_arbitrary_g10b50,,False,CATS,50,arbitrary,MultiMinded,19,Balance,4.110000000015134,673.823,5,673.823,310.16499999999996,673.4054,664.81095679734653,354.64595679734657,380.47448393058215,1,10,15,357,537
5,10,13,LinearSubgradientAuction,0.2,0.04,,True,,1000,10800,cats_arbitrary_g10b50,,False,CATS,50,arbitrary,MultiMinded,4,Balance,0.5799999999871943,758.773,1,758.773,337.48050000000001,758.773,745.00096337646778,677.50486337646782,721.14871153154047,1,10,10,273,413
6,10,14,LinearSubgradientAuction,0.2,0.04,,True,,1000,10800,cats_arbitrary_g10b50,,False,CATS,50,arbitrary,MultiMinded,1000,MaxIter,181.89000000001397,841.028,3,744.08,361.97500000000002,361.329,811.57152211715641,165.78232021907942,217.36848682929244,1,10,6,294,444
7,10,16,LinearSubgradientAuction,0.2,0.04,,True,,1000,10800,cats_arbitrary_g10b50,,False,CATS,50,arbitrary,MultiMinded,7,Balance,1.3699999999953434,859.6020000000001,2,710.786,293.07349999999997,859.6020000000001,867.03760814042585,749.8082081404259,785.88575947582501,1,10,3,336,506
8,10,14,LinearSubgradientAuction,0.2,0.04,,True,,1000,10800,cats_arbitrary_g10b50,,False,CATS,50,arbitrary,MultiMinded,11,Balance,1.9400000000023283,556.7090000000001,2,486.526,246.58600000000001,556.7090000000001,548.06425289312108,449.42985289312105,494.03446163048091,1,10,1,294,444
9,10,20,LinearSubgradientAuction,0.2,0.04,,True,,1000,10800,cats_arbitrary_g10b50,,False,CATS,50,arbitrary,MultiMinded,19,Balance,4.760000000009313,650.389,3,411.483,212.66149999999999,650.389,686.98014507157723,560.58585619214,565.32440000000008,1,10,1,420,630
10,10,16,LinearSubgradientAuction,0.2,0.04,,True,,1000,10800,cats_arbitrary_g10b50,,False,CATS,50,arbitrary,MultiMinded,8,Balance,1.5099999999802094,974.512,1,974.512,305.01999999999998,974.512,949.13086704915747,888.12686704915745,946.3001682217274,1,10,13,336,506
11,10,18,LinearSubgradientAuction,0.2,0.04,,True,,1000,10800,cats_arbitrary_g10b50,,False,CATS,50,arbitrary,MultiMinded,17,Balance,3.709999999991851,903.4137000000001,5,690.32,184.28,903.4137000000001,849.6877446423872,665.40774464238723,719.13370000000009,1,10,0,378,568
12,10,18,LinearSubgradientAuction,0.2,0.04,,True,,1000,10800,cats_arbitrary_g10b50,,False,CATS,50,arbitrary,MultiMinded,1000,MaxIter,234.85000000000582,476.0346,3,416.605,211.79050000000001,401.7386,484.70375101029583,318.13359256781598,318.13359325195449,1,10,9,378,568
13,10,14,LinearSubgradientAuction,0.2,0.04,,True,,1000,10800,cats_arbitrary_g10b50,,False,CATS,50,arbitrary,MultiMinded,6,Balance,0.9899999999906868,761.647,1,761.647,337.08749999999998,761.647,752.48563646461139,685.06813646461137,732.6515442750499,1,10,8,294,444
14,10,14,LinearSubgradientAuction,0.2,0.04,,True,,1000,10800,cats_arbitrary_g10b50,,False,CATS,50,arbitrary,MultiMinded,17,Balance,2.9500000000116415,1115.4950000000001,3,880.107,393.411,1115.4950000000001,1099.054209688793,865.63869924542598,958.13060000000007,1,10,2,294,444
15,10,12,LinearSubgradientAuction,0.2,0.04,,True,,1000,10800,cats_arbitrary_g10b50,,False,CATS,50,arbitrary,MultiMinded,38,Balance,5.860000000015134,871.33,2,871.33,381.12349999999998,871.33,894.36374268726149,786.54530149799712,795.99098264624047,1,10,6,252,382
16,10,14,LinearSubgradientAuction,0.2,0.04,,True,,1000,10800,cats_arbitrary_g10b50,,False,CATS,50,arbitrary,MultiMinded,49,Balance,8.709999999991851,779.7001,4,571.996,300.363,732.644,775.53477987941324,535.24437987941326,541.9471592854751,1,10,2,294,444
17,10,13,LinearSubgradientAuction,0.2,0.04,,True,,1000,10800,cats_arbitrary_g10b50,,False,CATS,50,arbitrary,MultiMinded,1000,MaxIter,171.3300000000163,721.2810000000001,2,640.028,297.31799999999998,560.339,711.76783527934083,481.92241384278924,503.62823126177364,1,10,4,273,413
18,10,18,LinearSubgradientAuction,0.2,0.04,,True,,1000,10800,cats_arbitrary_g10b50,,False,CATS,50,arbitrary,MultiMinded,18,Balance,3.959999999991851,1005.5310000000001,4,868.696,380.75,982.09,1026.9294944312917,725.7466194230891,755.92094817027476,1,10,1,378,568
19,10,14,LinearSubgradientAuction,0.2,0.04,,True,,1000,10800,cats_arbitrary_g10b50,,False,CATS,50,arbitrary,MultiMinded,1000,MaxIter,179.71999999997206,832.065,2,642.87,411.233,338.64300000000003,888.80576290561646,44.250672013545085,47.061696788386115,1,10,9,294,444
20,10,14,LinearSubgradientAuction,0.2,0.04,,True,,1000,10800,cats_arbitrary_g10b50,,False,CATS,50,arbitrary,MultiMinded,12,Balance,2.0599999999976717,615.5416,6,453.46,272.30500000000001,615.5416,627.81193285536881,376.34010247717595,414.71540308466541,1,10,5,294,444
21,10,17,LinearSubgradientAuction,0.2,0.04,,True,,1000,10800,cats_arbitrary_g10b50,,False,CATS,50,arbitrary,MultiMinded,21,Balance,4.39000000001397,618.958,5,618.958,240.48899999999998,612.4023,664.79211398658913,460.13367467779261,468.99623858218968,1,10,8,357,537
22,10,13,LinearSubgradientAuction,0.2,0.04,,True,,1000,10800,cats_arbitrary_g10b50,,False,CATS,50,arbitrary,MultiMinded,1000,MaxIter,167.3299999999872,879.723,2,879.723,407.96800000000002,417.542,1047.0249576932847,336.46461458369549,337.056924529051,1,10,3,273,413
23,10,15,LinearSubgradientAuction,0.2,0.04,,True,,1000,10800,cats_arbitrary_g10b50,,False,CATS,50,arbitrary,MultiMinded,24,Balance,4.5200000000186265,977.097,3,977.097,436.84800000000001,957.9259999999999,1008.0836065593767,751.47183677373721,783.18680000000006,1,10,1,315,475
24,10,13,LinearSubgradientAuction,0.2,0.04,,True,,1000,10800,cats_arbitrary_g10b50,,False,CATS,50,arbitrary,MultiMinded,412,Balance,70.1699999999837,612.4065,2,552.965,296.99549999999999,598.71,646.78900255896951,527.99080255896968,528.05328928367862,1,10,6,273,413
25,10,16,LinearSubgradientAuction,0.2,0.04,,True,,1000,10800,cats_arbitrary_g10b50,,False,CATS,50,arbitrary,MultiMinded,1000,MaxIter,204.7399999999907,742.2606000000001,2,689.211,308.97050000000002,184.8056,759.39523716817234,8.4034899213856633,8.9742300396417036,1,10,9,336,506
26,10,13,LinearSubgradientAuction,0.2,0.04,,True,,1000,10800,cats_arbitrary_g10b50,,False,CATS,50,arbitrary,MultiMinded,4,Balance,0.5899999999965075,887.9649999999999,4,818.015,382.74599999999998,887.9649999999999,898.03263357714252,615.98481382239254,692.10715260046481,1,10,16,273,413
27,10,13,LinearSubgradientAuction,0.2,0.04,,True,,1000,10800,cats_arbitrary_g10b50,,False,CATS,50,arbitrary,MultiMinded,1000,MaxIter,170.52999999999884,775.689,3,775.689,348.334,501.464,833.1634363148421,433.08608356139285,433.08608356139285,1,10,8,273,413
28,10,15,LinearSubgradientAuction,0.2,0.04,,True,,1000,10800,cats_arbitrary_g10b50,,False,CATS,50,arbitrary,MultiMinded,10,Balance,1.8299999999871943,604.885,4,604.885,314.90100000000001,563.038,610.49276639453944,410.39598476318241,457.56303727241334,1,10,17,315,475
29,10,12,LinearSubgradientAuction,0.2,0.04,,True,,1000,10800,cats_arbitrary_g10b50,,False,CATS,50,arbitrary,MultiMinded,55,Balance,8.639999999984866,642.809,3,642.809,296.26149999999996,642.809,727.66077287587007,580.84759854126219,587.62906274277179,1,10,7,252,382
30,10,16,LinearSubgradientAuction,0.2,0.04,,True,,1000,10800,cats_arbitrary_g10b50,,False,CATS,50,arbitrary,MultiMinded,20,Balance,4.019999999989523,754.962,5,660.473,247.715,729.0385000000001,765.43269141094311,525.79928893068416,533.46636571315116,1,10,4,336,506
31,10,15,LinearSubgradientAuction,0.2,0.04,,True,,1000,10800,cats_arbitrary_g10b50,,False,CATS,50,arbitrary,MultiMinded,21,Balance,3.970000000001164,914.694,4,907.121,520.11850000000004,914.694,964.72530015847826,569.33520576870933,641.76284836474906,1,10,15,315,475
32,10,13,LinearSubgradientAuction,0.2,0.04,,True,,1000,10800,cats_arbitrary_g10b50,,False,CATS,50,arbitrary,MultiMinded,1000,MaxIter,169.60999999998603,619.2586,2,603.07,291.851,269.647,719.21935413619212,210.53276869661278,213.03836216294772,1,10,7,273,413
33,10,16,LinearSubgradientAuction,0.2,0.04,,True,,1000,10800,cats_arbitrary_g10b50,,False,CATS,50,arbitrary,MultiMinded,1000,MaxIter,203.17999999999302,622.297,2,622.297,224.69200000000001,129.879,621.31490228670589,74.068018075978173,89.018133053252669,1,10,8,336,506
34,10,15,LinearSubgradientAuction,0.2,0.04,,True,,1000,10800,cats_arbitrary_g10b50,,False,CATS,50,arbitrary,MultiMinded,10,Balance,1.820000000006985,868.13,3,756.065,258.05500000000001,868.129,873.194685577271,718.36168557727103,759.88311698098357,1,10,3,315,475
35,10,15,LinearSubgradientAuction,0.2,0.04,,True,,1000,10800,cats_arbitrary_g10b50,,False,CATS,50,arbitrary,MultiMinded,1000,MaxIter,193.79000000000815,804.713,3,804.713,330.97899999999998,776.79,843.35113238566998,644.88018824215396,644.88800438148894,1,10,8,315,475
36,10,15,LinearSubgradientAuction,0.2,0.04,,True,,1000,10800,cats_arbitrary_g10b50,,False,CATS,50,arbitrary,MultiMinded,23,Balance,4.2999999999883585,643.0699999999999,1,632.425,412.71300000000002,632.425,689.31602425056701,606.77342425056702,606.77342425056702,1,10,10,315,475
37,10,12,LinearSubgradientAuction,0.2,0.04,,True,,1000,10800,cats_arbitrary_g10b50,,False,CATS,50,arbitrary,MultiMinded,24,Balance,3.7000000000116415,701.3026000000001,3,634.495,369.97450000000003,701.3026000000001,730.46696136447065,508.48226136447056,553.17258183482227,1,10,2,252,382
38,10,14,LinearSubgradientAuction,0.2,0.04,,True,,1000,10800,cats_arbitrary_g10b50,,False,CATS,50,arbitrary,MultiMinded,210,Balance,37.80999999999767,691.88,4,653.657,339.25200000000001,648.683,753.27530555721,506.76808185180067,513.93126572417282,1,10,12,294,444
39,10,18,LinearSubgradientAuction,0.2,0.04,,True,,1000,10800,cats_arbitrary_g10b50,,False,CATS,50,arbitrary,MultiMinded,26,Balance,5.8399999999965075,955.2540000000001,3,721.473,276.10400000000004,955.2540000000001,938.2252281272273,772.56282812722714,789.59159999999997,1,10,0,378,568
40,10,15,LinearSubgradientAuction,0.2,0.04,,True,,1000,10800,cats_arbitrary_g10b50,,False,CATS,50,arbitrary,MultiMinded,7,Balance,1.2600000000093132,882.337,4,850.424,422.59100000000001,882.337,918.10073138548228,590.84489071455641,628.78240000000005,1,10,1,315,475
41,10,14,LinearSubgradientAuction,0.2,0.04,,True,,1000,10800,cats_arbitrary_g10b50,,False,CATS,50,arbitrary,MultiMinded,1000,MaxIter,182.6600000000035,806.5720000000001,1,744.105,394.66899999999998,744.105,821.59738699376601,742.66358699376599,745.56926105974514,1,10,10,294,444
42,10,12,LinearSubgradientAuction,0.2,0.04,,True,,1000,10800,cats_arbitrary_g10b50,,False,CATS,50,arbitrary,MultiMinded,47,Balance,7.4100000000034925,674.607,3,650.249,261.25450000000001,674.607,687.6555203029136,534.10071185634536,571.60995935230812,1,10,4,252,382
43,10,18,LinearSubgradientAuction,0.2,0.04,,True,,1000,10800,cats_arbitrary_g10b50,,False,CATS,50,arbitrary,MultiMinded,12,Balance,2.6499999999941792,710.9245999999999,2,698.897,258.83499999999998,710.9245999999999,683.6682020380797,580.13420203807959,631.91454040932058,1,10,17,378,568
44,10,12,LinearSubgradientAuction,0.2,0.04,,True,,1000,10800,cats_arbitrary_g10b50,,False,CATS,50,arbitrary,MultiMinded,14,Balance,2.1000000000058208,748.73,3,701.292,407.33100000000002,732.842,771.62787703637605,547.86508926154784,577.24996010147913,1,10,6,252,382
45,10,15,LinearSubgradientAuction,0.2,0.04,,True,,1000,10800,cats_arbitrary_g10b50,,False,CATS,50,arbitrary,MultiMinded,18,Balance,3.3399999999965075,753.639,3,656.884,388.58100000000002,753.639,745.67877630428939,512.5301763042894,520.49039999999991,1,10,0,315,475
46,10,17,LinearSubgradientAuction,0.2,0.04,,True,,1000,10800,cats_arbitrary_g10b50,,False,CATS,50,arbitrary,MultiMinded,15,Balance,3.0899999999965075,944.9340000000001,5,844.841,403.99299999999999,908.323,956.95512555190101,606.67309767384677,684.72578967453421,1,10,8,357,537
47,10,14,LinearSubgradientAuction,0.2,0.04,,True,,1000,10800,cats_arbitrary_g10b50,,False,CATS,50,arbitrary,MultiMinded,24,Balance,4.260000000009313,898.101,4,893.489,324.04449999999997,898.101,939.87660903714959,680.95274023651041,703.67430000000013,1,10,1,294,444
48,10,15,LinearSubgradientAuction,0.2,0.04,,True,,1000,10800,cats_arbitrary_g10b50,,False,CATS,50,arbitrary,MultiMinded,13,Balance,2.400000000023283,889.443,3,787.484,397.44799999999998,889.443,848.76768289705933,610.29888289705934,666.64008462862284,1,10,11,315,475
49,10,14,LinearSubgradientAuction,0.2,0.04,,True,,1000,10800,cats_arbitrary_g10b50,,False,CATS,50,arbitrary,MultiMinded,1000,MaxIter,179.85000000000582,945.042,2,781.262,432.49200000000002,487.376,950.51495299769795,402.8072282668108,403.11581188279814,1,10,5,294,444
50,10,14,LinearSubgradientAuction,0.2,0.04,,True,,1000,10800,cats_arbitrary_g10b50,,False,CATS,50,arbitrary,MultiMinded,1000,MaxIter,178.12000000002445,815.381,3,698.568,297.62700000000001,426.936,891.69480810715663,367.78536047698174,368.04636324171429,1,10,5,294,444
51,10,19,LinearSubgradientAuction,0.2,0.04,,True,,1000,10800,cats_arbitrary_g10b50,,False,CATS,50,arbitrary,MultiMinded,36,Balance,8.540000000008149,593.082,1,593.082,349.66500000000002,593.082,591.58342999711908,521.65042999711909,560.12171951135656,1,10,19,399,599
52,10,12,LinearSubgradientAuction,0.2,0.04,,True,,1000,10800,cats_arbitrary_g10b50,,False,CATS,50,arbitrary,MultiMinded,1000,MaxIter,159.5899999999965,842.818,2,842.818,428.04949999999997,653.8330000000001,917.73785460191448,180.72708579294527,187.71703748858224,1,10,5,252,382
53,10,17,LinearSubgradientAuction,0.2,0.04,,True,,1000,10800,cats_arbitrary_g10b50,,False,CATS,50,arbitrary,MultiMinded,13,Balance,2.6600000000034925,787.8274,5,644.907,269.82600000000002,787.8274,807.56264082245184,538.93469439389344,571.96660000000008,1,10,1,357,537
54,10,14,LinearSubgradientAuction,0.2,0.04,,True,,1000,10800,cats_arbitrary_g10b50,,False,CATS,50,arbitrary,MultiMinded,7,Balance,1.1699999999837019,810.751,3,699.486,371.92899999999997,810.751,784.52593607871415,561.3685360787141,592.54526441259497,1,10,12,294,444
55,10,14,LinearSubgradientAuction,0.2,0.04,,True,,1000,10800,cats_arbitrary_g10b50,,False,CATS,50,arbitrary,MultiMinded,456,Balance,82.20000000001164,778.56,2,652.834,405.49599999999998,778.56,802.25531596137671,640.0569159613766,640.82575894936554,1,10,2,294,444
56,10,14,LinearSubgradientAuction,0.2,0.04,,True,,1000,10800,cats_arbitrary_g10b50,,False,CATS,50,arbitrary,MultiMinded,14,Balance,2.4400000000023283,720.833,2,718.63,414.24000000000001,718.63,773.03062257202305,632.6027894091194,651.81078556597913,1,10,11,294,444
57,10,13,LinearSubgradientAuction,0.2,0.04,,True,,1000,10800,cats_arbitrary_g10b50,,False,CATS,50,arbitrary,MultiMinded,11,Balance,1.75,742.0273,2,583.324,429.03550000000001,699.982,780.33477906386031,608.72057906386033,610.93724291878937,1,10,4,273,413
58,10,18,LinearSubgradientAuction,0.2,0.04,,True,,1000,10800,cats_arbitrary_g10b50,,False,CATS,50,arbitrary,MultiMinded,1000,MaxIter,227.60000000000582,927.076,5,790.752,213.971,777.9092,975.70323577142722,576.54378824970331,608.34256261943392,1,10,8,378,568
59,10,15,LinearSubgradientAuction,0.2,0.04,,True,,1000,10800,cats_arbitrary_g10b50,,False,CATS,50,arbitrary,MultiMinded,29,Balance,5.579999999987194,685.266,4,685.266,301.03800000000001,673.322,720.21383649088352,550.19965111713782,570.85924854641598,1,10,14,315,475
60,10,17,LinearSubgradientAuction,0.2,0.04,,True,,1000,10800,cats_arbitrary_g10b50,,False,CATS,50,arbitrary,MultiMinded,14,Balance,2.959999999991851,763.9352999999999,4,684.98,313.44299999999998,762.7090000000001,767.5600255588671,528.15039943873012,575.71094046080907,1,10,4,357,537
61,10,15,LinearSubgradientAuction,0.2,0.04,,True,,1000,10800,cats_arbitrary_g10b50,,False,CATS,50,arbitrary,MultiMinded,7,Balance,1.2699999999895226,906.867,3,800.076,363.90899999999999,906.867,868.77831337473583,650.43291337473579,713.75109573577015,1,10,7,315,475
62,10,13,LinearSubgradientAuction,0.2,0.04,,True,,1000,10800,cats_arbitrary_g10b50,,False,CATS,50,arbitrary,MultiMinded,11,Balance,1.8099999999976717,838.7230000000001,5,739.886,355.20699999999999,786.8335,896.36514020161394,563.43450149806745,594.43955712089996,1,10,20,273,413
63,10,17,LinearSubgradientAuction,0.2,0.04,,True,,1000,10800,cats_arbitrary_g10b50,,False,CATS,50,arbitrary,MultiMinded,1000,MaxIter,220.3399999999965,879.858,1,879.858,289.45299999999997,335.529,900.29052022041969,0,0.0,1,10,10,357,537
64,10,13,LinearSubgradientAuction,0.2,0.04,,True,,1000,10800,cats_arbitrary_g10b50,,False,CATS,50,arbitrary,MultiMinded,15,Balance,2.4799999999813735,699.8910000000001,4,546.14,336.69400000000002,693.247,675.13120578927737,405.77600578927746,444.36837791661856,1,10,19,273,413
65,10,14,LinearSubgradientAuction,0.2,0.04,,True,,1000,10800,cats_arbitrary_g10b50,,False,CATS,50,arbitrary,MultiMinded,112,Balance,20.29999999998836,747.1110000000001,5,683.377,371.40150000000006,618.0550000000001,769.20521116285181,463.23891581032518,473.06022596778644,1,10,7,294,444
66,10,16,LinearSubgradientAuction,0.2,0.04,,True,,1000,10800,cats_arbitrary_g10b50,,False,CATS,50,arbitrary,MultiMinded,51,Balance,10.320000000006985,804.7069,4,692.962,241.77600000000001,804.7069,741.10941527960472,547.68861527960451,613.50045788782654,1,10,8,336,506
67,10,15,LinearSubgradientAuction,0.2,0.04,,True,,1000,10800,cats_arbitrary_g10b50,,False,CATS,50,arbitrary,MultiMinded,44,Balance,8.459999999991851,950.858,2,795.087,420.85149999999999,950.858,947.99262990314628,779.65202990314629,787.57652724111995,1,10,5,315,475
68,10,17,LinearSubgradientAuction,0.2,0.04,,True,,1000,10800,cats_arbitrary_g10b50,,False,CATS,50,arbitrary,MultiMinded,15,Balance,3.14000000001397,638.514,4,583.892,266.64400000000001,636.1027999999999,640.87469902907446,461.62536923704454,477.21887937149131,1,10,1,357,537
69,10,13,LinearSubgradientAuction,0.2,0.04,,True,,1000,10800,cats_arbitrary_g10b50,,False,CATS,50,arbitrary,MultiMinded,1000,MaxIter,170.21000000002095,653.81,2,515.575,365.36749999999995,472.802,683.35506616133182,195.19938336032416,199.72416680384126,1,10,6,273,413
70,10,16,LinearSubgradientAuction,0.2,0.04,,True,,1000,10800,cats_arbitrary_g10b50,,False,CATS,50,arbitrary,MultiMinded,1000,MaxIter,206.92999999999302,813.773,2,813.773,239.7945,803.88,867.67941943727078,755.87802856351118,756.83944512083804,1,10,3,336,506
71,10,18,LinearSubgradientAuction,0.2,0.04,,True,,1000,10800,cats_arbitrary_g10b50,,False,CATS,50,arbitrary,MultiMinded,1000,MaxIter,230.54999999998836,936.203,1,936.203,330.1275,103.987,1072.8980953597811,0,9.1324005765011549,1,10,10,378,568
72,10,19,LinearSubgradientAuction,0.2,0.04,,True,,1000,10800,cats_arbitrary_g10b50,,False,CATS,50,arbitrary,MultiMinded,7,Balance,1.5499999999883585,742.889,1,742.889,330.43299999999999,742.889,730.96083657051634,664.87423657051636,706.81974358049069,1,10,10,399,599
73,10,13,LinearSubgradientAuction,0.2,0.04,,True,,1000,10800,cats_arbitrary_g10b50,,False,CATS,50,arbitrary,MultiMinded,1000,MaxIter,169.04999999998836,829.25,1,829.25,443.63649999999996,433.775,908.46398456126531,0,4.3180380271367085,1,10,10,273,413
74,10,17,LinearSubgradientAuction,0.2,0.04,,True,,1000,10800,cats_arbitrary_g10b50,,False,CATS,50,arbitrary,MultiMinded,86,Balance,18.510000000009313,785.147,1,785.147,194.18100000000001,785.147,783.57611529393785,744.73991529393788,791.83427597017624,1,10,18,357,537
75,10,14,LinearSubgradientAuction,0.2,0.04,,True,,1000,10800,cats_arbitrary_g10b50,,False,CATS,50,arbitrary,MultiMinded,19,Balance,3.3399999999965075,877.244,3,869.635,380.94749999999999,877.137,916.04082426780678,713.25586256767224,740.07214375305352,1,10,16,294,444
76,10,15,LinearSubgradientAuction,0.2,0.04,,True,,1000,10800,cats_arbitrary_g10b50,,False,CATS,50,arbitrary,MultiMinded,20,Balance,3.7399999999906868,772.528,1,772.528,426.029,772.528,854.8438801215085,769.63808012150844,769.63808012150844,1,10,10,315,475
77,10,16,LinearSubgradientAuction,0.2,0.04,,True,,1000,10800,cats_arbitrary_g10b50,,False,CATS,50,arbitrary,MultiMinded,1000,MaxIter,203.35000000000582,610.0541,4,475.061,229.33799999999999,467.1781,666.77108544293606,314.47009132043394,331.09898284373969,1,10,6,336,506
78,10,16,LinearSubgradientAuction,0.2,0.04,,True,,1000,10800,cats_arbitrary_g10b50,,False,CATS,50,arbitrary,MultiMinded,1000,MaxIter,206.26999999998952,738.191,2,718.579,283.06200000000001,431.185,809.39664630622951,374.02380781465831,375.06529550146092,1,10,5,336,506
79,10,16,LinearSubgradientAuction,0.2,0.04,,True,,1000,10800,cats_arbitrary_g10b50,,False,CATS,50,arbitrary,MultiMinded,100,Balance,20.579999999987194,789.0369999999999,4,767.227,328.78500000000003,726.63,826.51835273718166,576.76814072169782,598.58029351968469,1,10,7,336,506
80,10,14,LinearSubgradientAuction,0.2,0.04,,True,,1000,10800,cats_arbitrary_g10b50,,False,CATS,50,arbitrary,MultiMinded,16,Balance,2.819999999977881,755.88,1,755.88,295.50850000000003,755.88,787.36079455474214,728.25909455474209,728.25909455474209,1,10,10,294,444
81,10,16,LinearSubgradientAuction,0.2,0.04,,True,,1000,10800,cats_arbitrary_g10b50,,False,CATS,50,arbitrary,MultiMinded,1000,MaxIter,206.3399999999965,454.25449999999995,4,381.144,179.05700000000002,365.2342,504.75788489558295,267.00254046551527,267.00290733581187,1,10,3,336,506
82,10,14,LinearSubgradientAuction,0.2,0.04,,True,,1000,10800,cats_arbitrary_g10b50,,False,CATS,50,arbitrary,MultiMinded,1000,MaxIter,178.71000000002095,813.1470999999999,2,678.08,361.98400000000004,443.729,916.81018684697108,372.11627308784557,372.11627308784557,1,10,2,294,444
83,10,15,LinearSubgradientAuction,0.2,0.04,,True,,1000,10800,cats_arbitrary_g10b50,,False,CATS,50,arbitrary,MultiMinded,1000,MaxIter,189.86999999999534,897.3420000000001,2,818.953,242.078,226.102,1002.0870538901181,167.12240645968333,182.94740933650684,1,10,8,315,475
84,10,14,LinearSubgradientAuction,0.2,0.04,,True,,1000,10800,cats_arbitrary_g10b50,,False,CATS,50,arbitrary,MultiMinded,32,Balance,5.740000000019791,716.866,3,684.777,321.96300000000002,709.1949999999999,743.6409675194451,597.30962026559803,603.89135974682461,1,10,6,294,444
85,10,11,LinearSubgradientAuction,0.2,0.04,,True,,1000,10800,cats_arbitrary_g10b50,,False,CATS,50,arbitrary,MultiMinded,1000,MaxIter,147.6699999999837,679.457,2,679.457,442.82050000000004,659.694,755.01843322280627,572.84467446488486,572.84467446488486,1,10,9,231,351
86,10,15,LinearSubgradientAuction,0.2,0.04,,True,,1000,10800,cats_arbitrary_g10b50,,False,CATS,50,arbitrary,MultiMinded,1000,MaxIter,190.69000000000233,950.965,3,818.766,310.39699999999999,660.204,1034.207214879716,478.93764562257644,536.74334800461816,1,10,4,315,475
87,10,14,LinearSubgradientAuction,0.2,0.04,,True,,1000,10800,cats_arbitrary_g10b50,,False,CATS,50,arbitrary,MultiMinded,170,Balance,30.480000000010477,997.2170000000001,3,716.545,235.80250000000001,997.2170000000001,937.93544680655884,796.45394680655886,859.03449117839818,1,10,7,294,444
88,10,14,LinearSubgradientAuction,0.2,0.04,,True,,1000,10800,cats_arbitrary_g10b50,,False,CATS,50,arbitrary,MultiMinded,14,Balance,2.4400000000023283,758.38,1,758.38,394.31950000000001,758.38,835.20874577702659,756.34484577702665,756.34484577702665,1,10,10,294,444
89,10,14,LinearSubgradientAuction,0.2,0.04,,True,,1000,10800,cats_arbitrary_g10b50,,False,CATS,50,arbitrary,MultiMinded,10,Balance,1.709999999991851,732.443,3,644.233,339.30900000000003,701.6379999999999,735.98984504165685,557.19850911283277,569.80267853605574,1,10,2,294,444
90,10,14,LinearSubgradientAuction,0.2,0.04,,True,,1000,10800,cats_arbitrary_g10b50,,False,CATS,50,arbitrary,MultiMinded,11,Balance,1.8800000000046566,891.85,4,807.355,295.7045,817.476,881.5159576840756,685.06297956211722,704.95476800938309,1,10,7,294,444
91,10,13,LinearSubgradientAuction,0.2,0.04,,True,,1000,10800,cats_arbitrary_g10b50,,False,CATS,50,arbitrary,MultiMinded,1000,MaxIter,169.64000000001397,812.137,2,812.137,461.255,371.564,829.0406426654032,262.85012357966787,282.52541106823253,1,10,5,273,413
92,10,14,LinearSubgradientAuction,0.2,0.04,,True,,1000,10800,cats_arbitrary_g10b50,,False,CATS,50,arbitrary,MultiMinded,1000,MaxIter,184.14999999999418,621.9174,2,498.679,294.30700000000002,199.877,631.20174680426135,118.63652252769361,141.16083309014118,1,10,7,294,444
93,10,18,LinearSubgradientAuction,0.2,0.04,,True,,1000,10800,cats_arbitrary_g10b50,,False,CATS,50,arbitrary,MultiMinded,10,Balance,2.1700000000128057,768.1442,6,581.443,288.50549999999998,723.5738,738.78890094216149,405.93044818069302,448.08475670662807,1,10,5,378,568
94,10,14,LinearSubgradientAuction,0.2,0.04,,True,,1000,10800,cats_arbitrary_g10b50,,False,CATS,50,arbitrary,MultiMinded,15,Balance,2.610000000015134,704.947,1,704.947,384.09699999999998,704.947,704.02101459543246,627.20161459543249,653.26530836636016,1,10,11,294,444
95,10,15,LinearSubgradientAuction,0.2,0.04,,True,,1000,10800,cats_arbitrary_g10b50,,False,CATS,50,arbitrary,MultiMinded,27,Balance,5.14000000001397,905.548,3,761.598,373.96699999999998,905.548,976.08641464302093,755.18924995387601,757.78395121591154,1,10,4,315,475
96,10,13,LinearSubgradientAuction,0.2,0.04,,True,,1000,10800,cats_arbitrary_g10b50,,False,CATS,50,arbitrary,MultiMinded,19,Balance,3.1600000000034925,802.2189,4,774.483,389.73500000000001,785.5112999999999,833.4963814260625,553.26343251930177,579.97882305162807,1,10,2,273,413
97,10,14,LinearSubgradientAuction,0.2,0.04,,True,,1000,10800,cats_arbitrary_g10b50,,False,CATS,50,arbitrary,MultiMinded,9,Balance,1.5499999999883585,777.4,1,777.4,409.10199999999998,777.4,757.78063561162026,675.96023561162019,715.58207288414917,1,10,8,294,444
98,10,12,LinearSubgradientAuction,0.2,0.04,,True,,1000,10800,cats_arbitrary_g10b50,,False,CATS,50,arbitrary,MultiMinded,1000,MaxIter,157.4200000000128,899.539,2,899.539,522.91999999999996,592.422,924.76123086295706,486.26785171410307,489.27782446998384,1,10,3,252,382
99,10,13,LinearSubgradientAuction,0.2,0.04,,True,,1000,10800,cats_arbitrary_g10b50,,False,CATS,50,arbitrary,MultiMinded,36,Balance,6.0499999999883585,941.1115,3,769.536,337.6515,941.1115,896.84802197842555,701.58927304685824,754.22053758218283,1,10,4,273,413
100,10,15,LinearSubgradientAuction,0.2,0.04,,True,,1000,10800,cats_arbitrary_g10b50,,False,CATS,50,arbitrary,MultiMinded,1000,MaxIter,195.27999999999884,733.9616,2,691.502,466.54449999999997,97.3621,816.20770679355405,4.0529143370470848,9.3406572886333379,1,10,9,315,475
