idx,items,agents,auction_class,epsilon,stepc,epoch,scalebyvalue,reserve_type,maxiter,maxtime,generator_param_name,personalized,int_prices,generator,bids,distribution,type,rounds,status,runtime,efficient_value,final_num_winners,final_max_agent_value,final_scalevalue,final_value,final_total_price,final_revenue,final_indirect_util,final_price_degree,final_price_sparsity,final_imbalance,final_wd_nvars,final_wd_ncons
1,10,14,LinearSubgradientAuction,0.1,0.04,,True,,1000,10800,cats_arbitrary_g10b50,,False,CATS,50,arbitrary,MultiMinded,1000,MaxIter,183.63999999999942,793.971,1,793.971,469.322,538.175,814.51819058848787,0,7.856583340663235,1,10,5,294,444
2,10,17,LinearSubgradientAuction,0.1,0.04,,True,,1000,10800,cats_arbitrary_g10b50,,False,CATS,50,arbitrary,MultiMinded,1000,MaxIter,214.26999999998952,890.9177,6,838.462,457.63549999999998,814.6813,1015.4427362151775,628.88339312620667,634.96349362681576,1,10,13,357,537
3,10,13,LinearSubgradientAuction,0.1,0.04,,True,,1000,10800,cats_arbitrary_g10b50,,False,CATS,50,arbitrary,MultiMinded,1000,MaxIter,172.6600000000035,689.11,2,689.11,373.73599999999999,647.002,755.50140924278605,610.59116862089877,610.59116862089877,1,10,10,273,413
4,10,17,LinearSubgradientAuction,0.1,0.04,,True,,1000,10800,cats_arbitrary_g10b50,,False,CATS,50,arbitrary,MultiMinded,19,Balance,4.029999999998836,673.823,5,673.823,310.16499999999996,673.4054,664.81095679734653,509.72845679734661,535.55698393058219,1,10,15,357,537
5,10,13,LinearSubgradientAuction,0.1,0.04,,True,,1000,10800,cats_arbitrary_g10b50,,False,CATS,50,arbitrary,MultiMinded,4,Balance,0.5800000000017462,758.773,1,758.773,337.48050000000001,758.773,745.00096337646778,711.25291337646775,754.89676153154039,1,10,10,273,413
6,10,14,LinearSubgradientAuction,0.1,0.04,,True,,1000,10800,cats_arbitrary_g10b50,,False,CATS,50,arbitrary,MultiMinded,1000,MaxIter,178.97000000000116,841.028,3,744.08,361.97500000000002,361.329,811.57152211715641,238.17732021907943,289.76348682929245,1,10,6,294,444
7,10,16,LinearSubgradientAuction,0.1,0.04,,True,,1000,10800,cats_arbitrary_g10b50,,False,CATS,50,arbitrary,MultiMinded,14,Balance,2.789999999993597,859.6020000000001,2,710.786,293.07349999999997,859.6020000000001,840.67722307914983,782.06252307914974,829.00679864261815,1,10,3,336,506
8,10,14,LinearSubgradientAuction,0.1,0.04,,True,,1000,10800,cats_arbitrary_g10b50,,False,CATS,50,arbitrary,MultiMinded,120,Balance,21.75999999999476,556.7090000000001,2,486.526,246.58600000000001,556.7090000000001,556.14968586508007,506.83248586508012,507.39180000000005,1,10,0,294,444
9,10,20,LinearSubgradientAuction,0.1,0.04,,True,,1000,10800,cats_arbitrary_g10b50,,False,CATS,50,arbitrary,MultiMinded,66,Balance,16.55999999999767,650.389,3,411.483,212.66149999999999,650.389,668.73294786371662,605.89948659219692,608.2172447747738,1,10,2,420,630
10,10,16,LinearSubgradientAuction,0.1,0.04,,True,,1000,10800,cats_arbitrary_g10b50,,False,CATS,50,arbitrary,MultiMinded,8,Balance,1.5200000000040745,974.512,1,974.512,305.01999999999998,974.512,949.13086704915747,918.62886704915752,976.80216822172747,1,10,13,336,506
11,10,18,LinearSubgradientAuction,0.1,0.04,,True,,1000,10800,cats_arbitrary_g10b50,,False,CATS,50,arbitrary,MultiMinded,17,Balance,3.710000000006403,903.4137000000001,5,690.32,184.28,903.4137000000001,849.6877446423872,757.5477446423871,811.27369999999996,1,10,0,378,568
12,10,18,LinearSubgradientAuction,0.1,0.04,,True,,1000,10800,cats_arbitrary_g10b50,,False,CATS,50,arbitrary,MultiMinded,1000,MaxIter,229.63999999999942,476.0346,3,416.605,211.79050000000001,401.7386,484.70375101029583,360.49169256781596,360.49169325195447,1,10,9,378,568
13,10,14,LinearSubgradientAuction,0.1,0.04,,True,,1000,10800,cats_arbitrary_g10b50,,False,CATS,50,arbitrary,MultiMinded,6,Balance,1.0,761.647,1,761.647,337.08749999999998,761.647,752.48563646461139,718.77688646461138,766.36029427504991,1,10,8,294,444
14,10,14,LinearSubgradientAuction,0.1,0.04,,True,,1000,10800,cats_arbitrary_g10b50,,False,CATS,50,arbitrary,MultiMinded,27,Balance,4.809999999997672,1115.4950000000001,3,880.107,393.411,1115.4950000000001,1082.075092369661,968.44984104521279,1036.8128000000002,1,10,2,294,444
15,10,12,LinearSubgradientAuction,0.1,0.04,,True,,1000,10800,cats_arbitrary_g10b50,,False,CATS,50,arbitrary,MultiMinded,38,Balance,5.960000000006403,871.33,2,871.33,381.12349999999998,871.33,894.36374268726149,824.65765149799711,834.10333264624046,1,10,6,252,382
16,10,14,LinearSubgradientAuction,0.1,0.04,,True,,1000,10800,cats_arbitrary_g10b50,,False,CATS,50,arbitrary,MultiMinded,57,Balance,10.25,779.7001,5,571.996,300.363,779.7001,775.35521337534772,625.1737133753478,630.80037337959993,1,10,2,294,444
17,10,13,LinearSubgradientAuction,0.1,0.04,,True,,1000,10800,cats_arbitrary_g10b50,,False,CATS,50,arbitrary,MultiMinded,1000,MaxIter,169.19000000000233,721.2810000000001,2,640.028,297.31799999999998,560.339,711.76783527934083,511.6542138427892,533.36003126177366,1,10,4,273,413
18,10,18,LinearSubgradientAuction,0.1,0.04,,True,,1000,10800,cats_arbitrary_g10b50,,False,CATS,50,arbitrary,MultiMinded,64,Balance,14.619999999995343,1005.5310000000001,4,868.696,380.75,982.09,1008.583947521118,860.04340651088899,869.69342781962689,1,10,1,378,568
19,10,14,LinearSubgradientAuction,0.1,0.04,,True,,1000,10800,cats_arbitrary_g10b50,,False,CATS,50,arbitrary,MultiMinded,1000,MaxIter,180.6600000000035,832.065,2,642.87,411.233,338.64300000000003,888.80576290561646,85.373972013545085,88.184996788386115,1,10,9,294,444
20,10,14,LinearSubgradientAuction,0.1,0.04,,True,,1000,10800,cats_arbitrary_g10b50,,False,CATS,50,arbitrary,MultiMinded,17,Balance,3.0,615.5416,6,453.46,272.30500000000001,615.5416,626.09286235279217,489.86225429798617,513.91966172383707,1,10,5,294,444
21,10,17,LinearSubgradientAuction,0.1,0.04,,True,,1000,10800,cats_arbitrary_g10b50,,False,CATS,50,arbitrary,MultiMinded,1000,MaxIter,217.63000000000466,618.958,2,618.958,240.48899999999998,298.0833,652.43176613760068,33.714179854193645,36.987194572929823,1,10,9,357,537
22,10,13,LinearSubgradientAuction,0.1,0.04,,True,,1000,10800,cats_arbitrary_g10b50,,False,CATS,50,arbitrary,MultiMinded,1000,MaxIter,170.75,879.723,2,879.723,407.96800000000002,417.542,1047.0249576932847,377.26141458369545,377.85372452905096,1,10,3,273,413
23,10,15,LinearSubgradientAuction,0.1,0.04,,True,,1000,10800,cats_arbitrary_g10b50,,False,CATS,50,arbitrary,MultiMinded,51,Balance,9.610000000000582,977.097,3,977.097,436.84800000000001,957.9259999999999,990.43577089156361,859.66500257708867,870.55640000000005,1,10,1,315,475
24,10,13,LinearSubgradientAuction,0.1,0.04,,True,,1000,10800,cats_arbitrary_g10b50,,False,CATS,50,arbitrary,MultiMinded,1000,MaxIter,169.22000000000116,612.4065,2,552.965,296.99549999999999,341.271,647.21629405503074,312.86097643279413,312.86102875726425,1,10,9,273,413
25,10,16,LinearSubgradientAuction,0.1,0.04,,True,,1000,10800,cats_arbitrary_g10b50,,False,CATS,50,arbitrary,MultiMinded,1000,MaxIter,202.8700000000099,742.2606000000001,2,689.211,308.97050000000002,184.8056,759.39523716817234,39.300539921385663,39.871280039641704,1,10,9,336,506
26,10,13,LinearSubgradientAuction,0.1,0.04,,True,,1000,10800,cats_arbitrary_g10b50,,False,CATS,50,arbitrary,MultiMinded,19,Balance,3.1699999999982538,887.9649999999999,4,818.015,382.74599999999998,887.9649999999999,916.23503588622862,766.82331973225814,773.68114138280669,1,10,7,273,413
27,10,13,LinearSubgradientAuction,0.1,0.04,,True,,1000,10800,cats_arbitrary_g10b50,,False,CATS,50,arbitrary,MultiMinded,1000,MaxIter,171.5500000000029,775.689,3,775.689,348.334,501.464,833.1634363148421,467.91948356139289,467.91948356139289,1,10,8,273,413
28,10,15,LinearSubgradientAuction,0.1,0.04,,True,,1000,10800,cats_arbitrary_g10b50,,False,CATS,50,arbitrary,MultiMinded,59,Balance,11.429999999993015,604.885,1,604.885,314.90100000000001,604.885,603.09237367554374,571.60227367554376,574.23993399582378,1,10,3,315,475
29,10,12,LinearSubgradientAuction,0.1,0.04,,True,,1000,10800,cats_arbitrary_g10b50,,False,CATS,50,arbitrary,MultiMinded,1000,MaxIter,155.75,642.809,1,642.809,296.26149999999996,574.789,720.93110784583382,0,7.120460259906082,1,10,10,252,382
30,10,16,LinearSubgradientAuction,0.1,0.04,,True,,1000,10800,cats_arbitrary_g10b50,,False,CATS,50,arbitrary,MultiMinded,1000,MaxIter,207.55999999999767,754.962,3,660.473,247.715,558.8355,764.035272683161,315.15042061315643,315.7216301796887,1,10,4,336,506
31,10,15,LinearSubgradientAuction,0.1,0.04,,True,,1000,10800,cats_arbitrary_g10b50,,False,CATS,50,arbitrary,MultiMinded,1000,MaxIter,195.17999999999302,914.694,1,907.121,520.11850000000004,314.481,985.94752173977759,0,8.145348260429202,1,10,10,315,475
32,10,13,LinearSubgradientAuction,0.1,0.04,,True,,1000,10800,cats_arbitrary_g10b50,,False,CATS,50,arbitrary,MultiMinded,1000,MaxIter,166.75999999999476,619.2586,2,603.07,291.851,269.647,719.21935413619212,239.71786869661278,242.22346216294773,1,10,7,273,413
33,10,16,LinearSubgradientAuction,0.1,0.04,,True,,1000,10800,cats_arbitrary_g10b50,,False,CATS,50,arbitrary,MultiMinded,1000,MaxIter,204.7100000000064,622.297,2,622.297,224.69200000000001,129.879,621.31490228670589,96.537218075978174,111.48733305325267,1,10,8,336,506
34,10,15,LinearSubgradientAuction,0.1,0.04,,True,,1000,10800,cats_arbitrary_g10b50,,False,CATS,50,arbitrary,MultiMinded,17,Balance,3.180000000007567,868.13,3,756.065,258.05500000000001,868.13,852.97117870182228,775.55467870182224,814.9190976352287,1,10,3,315,475
35,10,15,LinearSubgradientAuction,0.1,0.04,,True,,1000,10800,cats_arbitrary_g10b50,,False,CATS,50,arbitrary,MultiMinded,1000,MaxIter,193.72999999999593,804.713,3,804.713,330.97899999999998,776.79,843.35113238566998,711.07598824215393,711.0838043814889,1,10,8,315,475
36,10,15,LinearSubgradientAuction,0.1,0.04,,True,,1000,10800,cats_arbitrary_g10b50,,False,CATS,50,arbitrary,MultiMinded,1000,MaxIter,195.16999999999825,643.0699999999999,3,632.425,412.71300000000002,110.6884,669.32976442294319,38.663440224861539,39.422050050052817,1,10,2,315,475
37,10,12,LinearSubgradientAuction,0.1,0.04,,True,,1000,10800,cats_arbitrary_g10b50,,False,CATS,50,arbitrary,MultiMinded,1000,MaxIter,157.5899999999965,701.3026000000001,2,634.495,369.97450000000003,480.263,740.29512493574271,433.65374602025832,446.07269216903137,1,10,4,252,382
38,10,14,LinearSubgradientAuction,0.1,0.04,,True,,1000,10800,cats_arbitrary_g10b50,,False,CATS,50,arbitrary,MultiMinded,1000,MaxIter,182.7399999999907,691.88,2,653.657,339.25200000000001,471.666,754.9362071115695,436.9297920305541,437.90624991908919,1,10,5,294,444
39,10,18,LinearSubgradientAuction,0.1,0.04,,True,,1000,10800,cats_arbitrary_g10b50,,False,CATS,50,arbitrary,MultiMinded,26,Balance,5.870000000009895,955.2540000000001,3,721.473,276.10400000000004,955.2540000000001,938.2252281272273,855.39402812722722,872.42280000000005,1,10,0,378,568
40,10,15,LinearSubgradientAuction,0.1,0.04,,True,,1000,10800,cats_arbitrary_g10b50,,False,CATS,50,arbitrary,MultiMinded,56,Balance,10.59000000001106,882.337,4,850.424,422.59100000000001,882.337,915.79269477278501,747.46101277564208,755.55970000000002,1,10,1,315,475
41,10,14,LinearSubgradientAuction,0.1,0.04,,True,,1000,10800,cats_arbitrary_g10b50,,False,CATS,50,arbitrary,MultiMinded,1000,MaxIter,180.4100000000035,806.5720000000001,1,744.105,394.66899999999998,744.105,821.59738699376601,0,2.9056740659791416,1,10,10,294,444
42,10,12,LinearSubgradientAuction,0.1,0.04,,True,,1000,10800,cats_arbitrary_g10b50,,False,CATS,50,arbitrary,MultiMinded,1000,MaxIter,155.5399999999936,674.607,1,650.249,261.25450000000001,185.032,695.78210896663484,0,1.3591345601963667,1,10,10,252,382
43,10,18,LinearSubgradientAuction,0.1,0.04,,True,,1000,10800,cats_arbitrary_g10b50,,False,CATS,50,arbitrary,MultiMinded,12,Balance,2.6600000000034925,710.9245999999999,2,698.897,258.83499999999998,710.9245999999999,683.6682020380797,631.90120203807965,683.68154040932063,1,10,17,378,568
44,10,12,LinearSubgradientAuction,0.1,0.04,,True,,1000,10800,cats_arbitrary_g10b50,,False,CATS,50,arbitrary,MultiMinded,59,Balance,9.309999999997672,748.73,2,701.292,407.33100000000002,748.73,774.59231304302784,693.12611304302777,696.99797879869868,1,10,3,252,382
45,10,15,LinearSubgradientAuction,0.1,0.04,,True,,1000,10800,cats_arbitrary_g10b50,,False,CATS,50,arbitrary,MultiMinded,18,Balance,3.3500000000058208,753.639,3,656.884,388.58100000000002,753.639,745.67877630428939,629.10447630428939,637.0646999999999,1,10,0,315,475
46,10,17,LinearSubgradientAuction,0.1,0.04,,True,,1000,10800,cats_arbitrary_g10b50,,False,CATS,50,arbitrary,MultiMinded,84,Balance,17.94000000000233,944.9340000000001,4,844.841,403.99299999999999,944.9340000000001,941.7587946560177,780.16159465601766,784.91235384216577,1,10,2,357,537
47,10,14,LinearSubgradientAuction,0.1,0.04,,True,,1000,10800,cats_arbitrary_g10b50,,False,CATS,50,arbitrary,MultiMinded,1000,MaxIter,183.6600000000035,898.101,2,893.489,324.04449999999997,822.023,932.08135886790478,791.6355527149592,791.6355527149592,1,10,8,294,444
48,10,15,LinearSubgradientAuction,0.1,0.04,,True,,1000,10800,cats_arbitrary_g10b50,,False,CATS,50,arbitrary,MultiMinded,13,Balance,2.400000000008731,889.443,3,787.484,397.44799999999998,889.443,848.76768289705933,729.53328289705928,785.87448462862289,1,10,11,315,475
49,10,14,LinearSubgradientAuction,0.1,0.04,,True,,1000,10800,cats_arbitrary_g10b50,,False,CATS,50,arbitrary,MultiMinded,1000,MaxIter,179.25,945.042,2,781.262,432.49200000000002,487.376,950.51495299769795,446.05642826681083,446.36501188279817,1,10,5,294,444
50,10,14,LinearSubgradientAuction,0.1,0.04,,True,,1000,10800,cats_arbitrary_g10b50,,False,CATS,50,arbitrary,MultiMinded,1000,MaxIter,179.40000000000873,815.381,3,698.568,297.62700000000001,426.936,891.69480810715663,397.54806047698173,397.80906324171428,1,10,5,294,444
51,10,19,LinearSubgradientAuction,0.1,0.04,,True,,1000,10800,cats_arbitrary_g10b50,,False,CATS,50,arbitrary,MultiMinded,36,Balance,8.669999999998254,593.082,1,593.082,349.66500000000002,593.082,591.58342999711908,556.61692999711909,595.08821951135656,1,10,19,399,599
52,10,12,LinearSubgradientAuction,0.1,0.04,,True,,1000,10800,cats_arbitrary_g10b50,,False,CATS,50,arbitrary,MultiMinded,1000,MaxIter,158.75999999999476,842.818,2,842.818,428.04949999999997,653.8330000000001,917.73785460191448,223.53203579294527,230.52198748858223,1,10,5,252,382
53,10,17,LinearSubgradientAuction,0.1,0.04,,True,,1000,10800,cats_arbitrary_g10b50,,False,CATS,50,arbitrary,MultiMinded,1000,MaxIter,217.8399999999965,787.8274,3,644.907,269.82600000000002,570.4793999999999,811.69074039837869,447.25343854176282,451.09897696313112,1,10,5,357,537
54,10,14,LinearSubgradientAuction,0.1,0.04,,True,,1000,10800,cats_arbitrary_g10b50,,False,CATS,50,arbitrary,MultiMinded,7,Balance,1.179999999993015,810.751,3,699.486,371.92899999999997,810.751,784.52593607871415,672.94723607871413,704.123964412595,1,10,12,294,444
55,10,14,LinearSubgradientAuction,0.1,0.04,,True,,1000,10800,cats_arbitrary_g10b50,,False,CATS,50,arbitrary,MultiMinded,456,Balance,82.08000000000175,778.56,2,652.834,405.49599999999998,778.56,802.25531596137671,721.1561159613766,721.92495894936542,1,10,2,294,444
56,10,14,LinearSubgradientAuction,0.1,0.04,,True,,1000,10800,cats_arbitrary_g10b50,,False,CATS,50,arbitrary,MultiMinded,43,Balance,7.710000000006403,720.833,2,718.63,414.24000000000001,718.63,752.25187653198736,671.59694173570961,677.20600000000002,1,10,1,294,444
57,10,13,LinearSubgradientAuction,0.1,0.04,,True,,1000,10800,cats_arbitrary_g10b50,,False,CATS,50,arbitrary,MultiMinded,1000,MaxIter,169.3399999999965,742.0273,2,583.324,429.03550000000001,671.444,768.83411897955489,511.4068002791638,511.43044999999995,1,10,4,273,413
58,10,18,LinearSubgradientAuction,0.1,0.04,,True,,1000,10800,cats_arbitrary_g10b50,,False,CATS,50,arbitrary,MultiMinded,1000,MaxIter,230.06999999999243,927.076,5,790.752,213.971,777.9092,975.70323577142722,662.13218824970329,693.93096261943379,1,10,8,378,568
59,10,15,LinearSubgradientAuction,0.1,0.04,,True,,1000,10800,cats_arbitrary_g10b50,,False,CATS,50,arbitrary,MultiMinded,1000,MaxIter,193.91999999999825,685.266,3,685.266,301.03800000000001,673.322,718.5030783986407,613.34155075966305,613.4472427330378,1,10,7,315,475
60,10,17,LinearSubgradientAuction,0.1,0.04,,True,,1000,10800,cats_arbitrary_g10b50,,False,CATS,50,arbitrary,MultiMinded,51,Balance,10.970000000001164,763.9352999999999,4,684.98,313.44299999999998,762.7090000000001,724.33760985404047,607.68216284682399,674.23024362170509,1,10,8,357,537
61,10,15,LinearSubgradientAuction,0.1,0.04,,True,,1000,10800,cats_arbitrary_g10b50,,False,CATS,50,arbitrary,MultiMinded,7,Balance,1.2400000000052387,906.867,3,800.076,363.90899999999999,906.867,868.77831337473583,759.60561337473587,822.92379573577023,1,10,7,315,475
62,10,13,LinearSubgradientAuction,0.1,0.04,,True,,1000,10800,cats_arbitrary_g10b50,,False,CATS,50,arbitrary,MultiMinded,1000,MaxIter,167.70999999999185,838.7230000000001,2,739.886,355.20699999999999,253.25150000000002,900.46298157724368,43.789374927683902,48.264356424529716,1,10,9,273,413
63,10,17,LinearSubgradientAuction,0.1,0.04,,True,,1000,10800,cats_arbitrary_g10b50,,False,CATS,50,arbitrary,MultiMinded,1000,MaxIter,218.13999999999942,879.858,1,879.858,289.45299999999997,335.529,900.29052022041969,0,0.0,1,10,10,357,537
64,10,13,LinearSubgradientAuction,0.1,0.04,,True,,1000,10800,cats_arbitrary_g10b50,,False,CATS,50,arbitrary,MultiMinded,15,Balance,2.430000000007567,699.8910000000001,4,546.14,336.69400000000002,693.247,675.13120578927737,540.45360578927739,579.04597791661854,1,10,19,273,413
65,10,14,LinearSubgradientAuction,0.1,0.04,,True,,1000,10800,cats_arbitrary_g10b50,,False,CATS,50,arbitrary,MultiMinded,1000,MaxIter,180.36000000000058,747.1110000000001,3,683.377,371.40150000000006,618.0550000000001,774.8148609226206,546.60264245347753,547.09943740694689,1,10,11,294,444
66,10,16,LinearSubgradientAuction,0.1,0.04,,True,,1000,10800,cats_arbitrary_g10b50,,False,CATS,50,arbitrary,MultiMinded,51,Balance,10.270000000004075,804.7069,4,692.962,241.77600000000001,804.7069,741.10941527960472,644.39901527960478,710.21085788782682,1,10,8,336,506
67,10,15,LinearSubgradientAuction,0.1,0.04,,True,,1000,10800,cats_arbitrary_g10b50,,False,CATS,50,arbitrary,MultiMinded,44,Balance,8.370000000009895,950.858,2,795.087,420.85149999999999,950.858,947.99262990314628,863.8223299031464,871.74682724112006,1,10,5,315,475
68,10,17,LinearSubgradientAuction,0.1,0.04,,True,,1000,10800,cats_arbitrary_g10b50,,False,CATS,50,arbitrary,MultiMinded,15,Balance,3.1299999999901047,638.514,4,583.892,266.64400000000001,636.1027999999999,640.87469902907446,541.61856923704454,557.21207937149131,1,10,1,357,537
69,10,13,LinearSubgradientAuction,0.1,0.04,,True,,1000,10800,cats_arbitrary_g10b50,,False,CATS,50,arbitrary,MultiMinded,1000,MaxIter,168.67999999999302,653.81,2,515.575,365.36749999999995,472.802,683.35506616133182,231.73613336032417,236.26091680384127,1,10,6,273,413
70,10,16,LinearSubgradientAuction,0.1,0.04,,True,,1000,10800,cats_arbitrary_g10b50,,False,CATS,50,arbitrary,MultiMinded,1000,MaxIter,207.77000000000407,813.773,2,813.773,239.7945,803.88,867.67941943727078,779.85747856351111,780.81889512083796,1,10,3,336,506
71,10,18,LinearSubgradientAuction,0.1,0.04,,True,,1000,10800,cats_arbitrary_g10b50,,False,CATS,50,arbitrary,MultiMinded,1000,MaxIter,230.63999999999942,936.203,1,936.203,330.1275,103.987,1072.8980953597811,0,9.1324005765011549,1,10,10,378,568
72,10,19,LinearSubgradientAuction,0.1,0.04,,True,,1000,10800,cats_arbitrary_g10b50,,False,CATS,50,arbitrary,MultiMinded,7,Balance,1.5199999999895226,742.889,1,742.889,330.43299999999999,742.889,730.96083657051634,697.91753657051629,739.86304358049063,1,10,10,399,599
73,10,13,LinearSubgradientAuction,0.1,0.04,,True,,1000,10800,cats_arbitrary_g10b50,,False,CATS,50,arbitrary,MultiMinded,1000,MaxIter,168.5,829.25,1,829.25,443.63649999999996,433.775,908.46398456126531,0,4.3180380271367085,1,10,10,273,413
74,10,17,LinearSubgradientAuction,0.1,0.04,,True,,1000,10800,cats_arbitrary_g10b50,,False,CATS,50,arbitrary,MultiMinded,703,Balance,149.97999999999593,785.147,1,785.147,194.18100000000001,785.147,785.14070770135584,765.72260770135586,786.33569829092175,1,10,10,357,537
75,10,14,LinearSubgradientAuction,0.1,0.04,,True,,1000,10800,cats_arbitrary_g10b50,,False,CATS,50,arbitrary,MultiMinded,1000,MaxIter,180.65000000000873,877.244,2,869.635,380.94749999999999,715.007,918.16789250125203,677.51725286641511,677.51725286641511,1,10,3,294,444
76,10,15,LinearSubgradientAuction,0.1,0.04,,True,,1000,10800,cats_arbitrary_g10b50,,False,CATS,50,arbitrary,MultiMinded,1000,MaxIter,195.35000000000582,772.528,4,772.528,426.029,761.183,832.08781586860778,644.04002731975345,644.04002731975345,1,10,27,315,475
77,10,16,LinearSubgradientAuction,0.1,0.04,,True,,1000,10800,cats_arbitrary_g10b50,,False,CATS,50,arbitrary,MultiMinded,1000,MaxIter,205.72000000000116,610.0541,4,475.061,229.33799999999999,467.1781,666.77108544293606,383.27149132043394,399.90038284373969,1,10,6,336,506
78,10,16,LinearSubgradientAuction,0.1,0.04,,True,,1000,10800,cats_arbitrary_g10b50,,False,CATS,50,arbitrary,MultiMinded,1000,MaxIter,203.38000000000466,738.191,2,718.579,283.06200000000001,431.185,809.39664630622951,402.3300078146583,403.37149550146091,1,10,5,336,506
79,10,16,LinearSubgradientAuction,0.1,0.04,,True,,1000,10800,cats_arbitrary_g10b50,,False,CATS,50,arbitrary,MultiMinded,1000,MaxIter,206.27000000000407,789.0369999999999,2,767.227,328.78500000000003,696.422,833.42383611766854,523.19312429449474,528.00447408472928,1,10,4,336,506
80,10,14,LinearSubgradientAuction,0.1,0.04,,True,,1000,10800,cats_arbitrary_g10b50,,False,CATS,50,arbitrary,MultiMinded,19,Balance,3.3300000000017462,755.88,1,755.88,295.50850000000003,755.88,782.48080879754184,752.92995879754187,752.92995879754187,1,10,10,294,444
81,10,16,LinearSubgradientAuction,0.1,0.04,,True,,1000,10800,cats_arbitrary_g10b50,,False,CATS,50,arbitrary,MultiMinded,1000,MaxIter,204.67999999999302,454.25449999999995,4,381.144,179.05700000000002,365.2342,504.75788489558295,311.74540497515602,311.74577184545262,1,10,3,336,506
82,10,14,LinearSubgradientAuction,0.1,0.04,,True,,1000,10800,cats_arbitrary_g10b50,,False,CATS,50,arbitrary,MultiMinded,1000,MaxIter,178.72999999999593,813.1470999999999,2,678.08,361.98400000000004,443.729,916.81018684697108,408.31467308784556,408.31467308784556,1,10,2,294,444
83,10,15,LinearSubgradientAuction,0.1,0.04,,True,,1000,10800,cats_arbitrary_g10b50,,False,CATS,50,arbitrary,MultiMinded,1000,MaxIter,190.9499999999971,897.3420000000001,2,818.953,242.078,226.102,1002.0870538901181,191.33020645968335,207.15520933650686,1,10,8,315,475
84,10,14,LinearSubgradientAuction,0.1,0.04,,True,,1000,10800,cats_arbitrary_g10b50,,False,CATS,50,arbitrary,MultiMinded,32,Balance,5.740000000005239,716.866,3,684.777,321.96300000000002,709.1949999999999,743.6409675194451,661.70222026559816,668.28395974682473,1,10,6,294,444
85,10,11,LinearSubgradientAuction,0.1,0.04,,True,,1000,10800,cats_arbitrary_g10b50,,False,CATS,50,arbitrary,MultiMinded,1000,MaxIter,145.0500000000029,679.457,2,679.457,442.82050000000004,659.694,755.01843322280627,617.12672446488489,617.12672446488489,1,10,9,231,351
86,10,15,LinearSubgradientAuction,0.1,0.04,,True,,1000,10800,cats_arbitrary_g10b50,,False,CATS,50,arbitrary,MultiMinded,1000,MaxIter,192.92999999999302,950.965,3,818.766,310.39699999999999,660.204,1034.207214879716,541.01704562257646,598.82274800461823,1,10,4,315,475
87,10,14,LinearSubgradientAuction,0.1,0.04,,True,,1000,10800,cats_arbitrary_g10b50,,False,CATS,50,arbitrary,MultiMinded,170,Balance,30.820000000006985,997.2170000000001,3,716.545,235.80250000000001,997.2170000000001,937.93544680655884,867.1946968065588,929.77524117839812,1,10,7,294,444
88,10,14,LinearSubgradientAuction,0.1,0.04,,True,,1000,10800,cats_arbitrary_g10b50,,False,CATS,50,arbitrary,MultiMinded,262,Balance,48.11999999999534,758.38,1,758.38,394.31950000000001,758.38,797.54308949365907,758.11113949365904,758.11113949365904,1,10,10,294,444
89,10,14,LinearSubgradientAuction,0.1,0.04,,True,,1000,10800,cats_arbitrary_g10b50,,False,CATS,50,arbitrary,MultiMinded,22,Balance,3.9199999999982538,732.443,2,644.233,339.30900000000003,732.443,729.85952669668472,661.99772669668471,664.61765890169158,1,10,4,294,444
90,10,14,LinearSubgradientAuction,0.1,0.04,,True,,1000,10800,cats_arbitrary_g10b50,,False,CATS,50,arbitrary,MultiMinded,15,Balance,2.6300000000046566,891.85,3,807.355,295.7045,891.85,883.20466826087454,794.49331826087439,807.07645833642152,1,10,9,294,444
91,10,13,LinearSubgradientAuction,0.1,0.04,,True,,1000,10800,cats_arbitrary_g10b50,,False,CATS,50,arbitrary,MultiMinded,1000,MaxIter,171.0899999999965,812.137,2,812.137,461.255,371.564,829.0406426654032,308.97562357966785,328.65091106823252,1,10,5,273,413
92,10,14,LinearSubgradientAuction,0.1,0.04,,True,,1000,10800,cats_arbitrary_g10b50,,False,CATS,50,arbitrary,MultiMinded,1000,MaxIter,181.3399999999965,621.9174,2,498.679,294.30700000000002,199.877,631.20174680426135,148.06722252769362,170.59153309014118,1,10,7,294,444
93,10,18,LinearSubgradientAuction,0.1,0.04,,True,,1000,10800,cats_arbitrary_g10b50,,False,CATS,50,arbitrary,MultiMinded,15,Balance,3.3500000000058208,768.1442,6,581.443,288.50549999999998,768.1442,740.40794932992117,567.30464932992118,596.76211522975075,1,10,6,378,568
94,10,14,LinearSubgradientAuction,0.1,0.04,,True,,1000,10800,cats_arbitrary_g10b50,,False,CATS,50,arbitrary,MultiMinded,15,Balance,2.6300000000046566,704.947,1,704.947,384.09699999999998,704.947,704.02101459543246,665.61131459543242,691.67500836636009,1,10,11,294,444
95,10,15,LinearSubgradientAuction,0.1,0.04,,True,,1000,10800,cats_arbitrary_g10b50,,False,CATS,50,arbitrary,MultiMinded,1000,MaxIter,193.8700000000099,905.548,2,761.598,373.96699999999998,550.292,969.77425359559311,506.26055285994175,512.89529852869725,1,10,4,315,475
96,10,13,LinearSubgradientAuction,0.1,0.04,,True,,1000,10800,cats_arbitrary_g10b50,,False,CATS,50,arbitrary,MultiMinded,276,Balance,47.2100000000064,802.2189,5,774.483,389.73500000000001,785.5112999999999,826.09368458371227,664.93511459744082,674.83581939794874,1,10,15,273,413
97,10,14,LinearSubgradientAuction,0.1,0.04,,True,,1000,10800,cats_arbitrary_g10b50,,False,CATS,50,arbitrary,MultiMinded,9,Balance,1.5299999999988358,777.4,1,777.4,409.10199999999998,777.4,757.78063561162026,716.87043561162022,756.4922728841492,1,10,8,294,444
98,10,12,LinearSubgradientAuction,0.1,0.04,,True,,1000,10800,cats_arbitrary_g10b50,,False,CATS,50,arbitrary,MultiMinded,1000,MaxIter,158.33000000000175,899.539,2,899.539,522.91999999999996,592.422,924.76123086295706,538.55985171410305,541.56982446998381,1,10,3,252,382
99,10,13,LinearSubgradientAuction,0.1,0.04,,True,,1000,10800,cats_arbitrary_g10b50,,False,CATS,50,arbitrary,MultiMinded,36,Balance,5.929999999993015,941.1115,3,769.536,337.6515,941.1115,896.84802197842555,795.5525719784257,848.18383651375029,1,10,4,273,413
100,10,15,LinearSubgradientAuction,0.1,0.04,,True,,1000,10800,cats_arbitrary_g10b50,,False,CATS,50,arbitrary,MultiMinded,1000,MaxIter,191.90999999998894,733.9616,2,691.502,466.54449999999997,97.3621,816.20770679355405,50.707364337047082,55.995107288633335,1,10,9,315,475
