idx,items,agents,auction_class,epsilon,stepc,epoch,scalebyvalue,reserve_type,maxiter,maxtime,generator_param_name,personalized,int_prices,generator,bids,distribution,type,rounds,status,runtime,efficient_value,final_num_winners,final_max_agent_value,final_scalevalue,final_value,final_total_price,final_revenue,final_indirect_util,final_price_degree,final_price_sparsity,final_imbalance,final_wd_nvars,final_wd_ncons
1,30,34,LinearHeuristicAuction,0.05,0.02,,True,,1000,10800,cats_arbitrary_g30b150,,False,CATS,150,arbitrary,MultiMinded,1000,MaxIter,109.93000000000029,1985.8648,1,1958.65,585.33899999999994,1958.65,2225.9439647960735,0,3.0511417905382245,1,30,36,93,64
2,30,35,LinearHeuristicAuction,0.05,0.02,,True,,1000,10800,cats_arbitrary_g30b150,,False,CATS,150,arbitrary,MultiMinded,24,Balance,2.350000000000364,2197.79,1,2197.79,440.00599999999997,2197.79,2216.6139081237034,2194.6136081237032,2278.3791938122795,1,30,118,78,65
3,30,33,LinearHeuristicAuction,0.05,0.02,,True,,1000,10800,cats_arbitrary_g30b150,,False,CATS,150,arbitrary,MultiMinded,1000,MaxIter,104.13999999999942,2537.724,1,1980.67,603.23800000000006,1980.67,2845.1812043349146,0,0.31443919605683845,1,30,93,87,63
4,30,33,LinearHeuristicAuction,0.05,0.02,,True,,1000,10800,cats_arbitrary_g30b150,,False,CATS,150,arbitrary,MultiMinded,1000,MaxIter,103.86000000000058,2018.328,1,1780.26,501.12400000000002,1749.98,2167.9864303733548,0,19.378133291591041,1,30,32,89,63
5,30,32,LinearHeuristicAuction,0.05,0.02,,True,,1000,10800,cats_arbitrary_g30b150,,False,CATS,150,arbitrary,MultiMinded,1000,MaxIter,109.72999999999956,1876.8708299999998,1,1770.89,624.08600000000001,1478.79,2298.9041417601852,0,1.2850875485938325,1,30,30,86,62
6,30,33,LinearHeuristicAuction,0.05,0.02,,True,,1000,10800,cats_arbitrary_g30b150,,False,CATS,150,arbitrary,MultiMinded,1000,MaxIter,107.48999999999978,2052.619,1,1672.04,727.22400000000005,1511.41,2628.824902322629,0,18.625716803342108,1,30,31,86,63
7,30,30,LinearHeuristicAuction,0.05,0.02,,True,,1000,10800,cats_arbitrary_g30b150,,False,CATS,150,arbitrary,MultiMinded,1000,MaxIter,112.20999999999913,2256.612,1,2088.18,661.12950000000001,2088.18,2651.5119596196391,0,6.6180835758401599,1,30,54,86,60
8,30,35,LinearHeuristicAuction,0.05,0.02,,True,,1000,10800,cats_arbitrary_g30b150,,False,CATS,150,arbitrary,MultiMinded,1000,MaxIter,124.32999999999993,1886.9858,1,1721.43,762.18450000000007,1639.94,2017.7779751839198,0,16.749608591450993,1,30,32,94,65
9,30,32,LinearHeuristicAuction,0.05,0.02,,True,,1000,10800,cats_arbitrary_g30b150,,False,CATS,150,arbitrary,MultiMinded,1000,MaxIter,121.59000000000015,1903.7699,1,1559.25,844.62750000000005,1416.15,1974.8268302496206,0,2.0151016346823099,1,30,29,85,62
10,30,36,LinearHeuristicAuction,0.05,0.02,,True,,1000,10800,cats_arbitrary_g30b150,,False,CATS,150,arbitrary,MultiMinded,1000,MaxIter,100.65999999999985,2500.0740000000005,1,2217.68,621.28700000000003,2217.68,2749.2769019069738,0,16.909932498392678,1,30,62,87,66
11,30,30,LinearHeuristicAuction,0.05,0.02,,True,,1000,10800,cats_arbitrary_g30b150,,False,CATS,150,arbitrary,MultiMinded,56,Balance,5.350000000000364,1868.241,6,1447.57,637.68550000000005,1839.2431100000001,1860.2547682251011,1668.9491182251013,1679.7847985202663,1,30,13,71,60
12,30,32,LinearHeuristicAuction,0.05,0.02,,True,,1000,10800,cats_arbitrary_g30b150,,False,CATS,150,arbitrary,MultiMinded,1000,MaxIter,109.48999999999978,1629.6809799999999,1,1454.03,563.44500000000005,1454.03,2043.1548880831463,0,0.68848807855988525,1,30,30,88,62
13,30,33,LinearHeuristicAuction,0.05,0.02,,True,,1000,10800,cats_arbitrary_g30b150,,False,CATS,150,arbitrary,MultiMinded,1000,MaxIter,119.83000000000175,1977.1191,1,1667.86,707.56150000000002,1667.86,2228.9337594674707,0,7.7195042990102181,1,30,57,94,63
14,30,33,LinearHeuristicAuction,0.05,0.02,,True,,1000,10800,cats_arbitrary_g30b150,,False,CATS,150,arbitrary,MultiMinded,1000,MaxIter,110.07999999999993,2717.117,1,1791.51,726.46749999999997,1791.51,2883.0258377148957,0,0.0018031788654866432,1,30,87,88,63
15,30,30,LinearHeuristicAuction,0.05,0.02,,True,,1000,10800,cats_arbitrary_g30b150,,False,CATS,150,arbitrary,MultiMinded,1000,MaxIter,112.17000000000007,2171.381,1,1868.55,921.70799999999997,1868.55,2514.3975738791305,0,0.05280344528432579,1,30,82,80,60
16,30,34,LinearHeuristicAuction,0.05,0.02,,True,,1000,10800,cats_arbitrary_g30b150,,False,CATS,150,arbitrary,MultiMinded,1000,MaxIter,102.55999999999949,2091.4660000000003,1,1581.43,466.154,1581.43,2358.9993776052097,0,20.13971528360355,1,30,33,100,64
17,30,32,LinearHeuristicAuction,0.05,0.02,,True,,1000,10800,cats_arbitrary_g30b150,,False,CATS,150,arbitrary,MultiMinded,1000,MaxIter,123.95999999999913,1828.406,1,1506.32,727.10699999999997,1235.04,2038.8037059605285,0,1.8714626217621912,1,30,35,97,62
18,30,33,LinearHeuristicAuction,0.05,0.02,,True,,1000,10800,cats_arbitrary_g30b150,,False,CATS,150,arbitrary,MultiMinded,1000,MaxIter,128.5699999999997,2345.2870000000003,1,2117.29,776.08299999999997,1995.23,2627.9702295098373,0,0.0,1,30,30,91,63
19,30,34,LinearHeuristicAuction,0.05,0.02,,True,,1000,10800,cats_arbitrary_g30b150,,False,CATS,150,arbitrary,MultiMinded,1000,MaxIter,105.3799999999992,2287.142,1,1551.3,564.779,997.279,2637.4103029876219,0,0.55553938860094831,1,30,86,90,64
20,30,34,LinearHeuristicAuction,0.05,0.02,,True,,1000,10800,cats_arbitrary_g30b150,,False,CATS,150,arbitrary,MultiMinded,115,Balance,12.30999999999949,1940.03319,8,1543.36,583.99600000000009,1877.6911000000002,1903.9006853182027,1670.3022853182024,1702.1789493823326,1,30,60,85,64
21,30,32,LinearHeuristicAuction,0.05,0.02,,True,,1000,10800,cats_arbitrary_g30b150,,False,CATS,150,arbitrary,MultiMinded,1000,MaxIter,121.28999999999905,1599.0811999999999,1,1355.45,695.58449999999993,1031.01,2003.2414175630784,0,0.0016059174364926321,1,30,88,90,62
22,30,33,LinearHeuristicAuction,0.05,0.02,,True,,1000,10800,cats_arbitrary_g30b150,,False,CATS,150,arbitrary,MultiMinded,1000,MaxIter,112.34000000000015,2282.8423000000003,1,1879.28,739.774,1758.09,2502.9578544868364,0,0.16774658815353405,1,30,82,87,63
23,30,33,LinearHeuristicAuction,0.05,0.02,,True,,1000,10800,cats_arbitrary_g30b150,,False,CATS,150,arbitrary,MultiMinded,1000,MaxIter,119.05999999999949,2403.9993,1,2044.82,717.20399999999995,1593.72,2852.824240318645,0,4.4963833751103479,1,30,36,93,63
24,30,30,LinearHeuristicAuction,0.05,0.02,,True,,1000,10800,cats_arbitrary_g30b150,,False,CATS,150,arbitrary,MultiMinded,1000,MaxIter,100.85000000000036,2126.121,1,1969.43,482.00350000000003,1969.43,2517.8615486274093,0,9.9813051377355748,1,30,33,98,60
25,30,29,LinearHeuristicAuction,0.05,0.02,,True,,1000,10800,cats_arbitrary_g30b150,,False,CATS,150,arbitrary,MultiMinded,1000,MaxIter,126.20000000000073,1852.1607,1,1764.81,936.35900000000004,1764.81,2012.9074868641014,0,7.2605423752178808,1,30,40,87,59
26,30,39,LinearHeuristicAuction,0.05,0.02,,True,,1000,10800,cats_arbitrary_g30b150,,False,CATS,150,arbitrary,MultiMinded,1000,MaxIter,116.28999999999905,2465.4804,1,1489.25,632.89699999999993,1489.25,2555.2013516138513,0,4.3680356365265283,1,30,30,98,69
27,30,29,LinearHeuristicAuction,0.05,0.02,,True,,1000,10800,cats_arbitrary_g30b150,,False,CATS,150,arbitrary,MultiMinded,1000,MaxIter,106.14999999999964,2275.4269999999997,4,1932.93,759.11900000000003,1616.2440000000001,2262.9775064908445,541.40780571257017,542.14205861692153,1,30,56,74,59
28,30,31,LinearHeuristicAuction,0.05,0.02,,True,,1000,10800,cats_arbitrary_g30b150,,False,CATS,150,arbitrary,MultiMinded,22,Balance,2.110000000000582,2301.5724,7,1458.94,613.274,1818.7264000000002,1853.5757171416333,1638.9298171416333,1689.8266977157268,1,30,37,72,61
29,30,29,LinearHeuristicAuction,0.05,0.02,,True,,1000,10800,cats_arbitrary_g30b150,,False,CATS,150,arbitrary,MultiMinded,1000,MaxIter,121.60000000000036,2007.782,5,1669.06,662.85299999999995,1724.6409999999998,1901.5706130760082,1009.0290853151253,1009.4506224744384,1,30,71,84,59
30,30,35,LinearHeuristicAuction,0.05,0.02,,True,,1000,10800,cats_arbitrary_g30b150,,False,CATS,150,arbitrary,MultiMinded,1000,MaxIter,111.1299999999992,2161.8298999999997,1,1539.73,524.54999999999995,1390.8,2397.2116897535925,0,12.300045714511313,1,30,50,92,65
31,30,32,LinearHeuristicAuction,0.05,0.02,,True,,1000,10800,cats_arbitrary_g30b150,,False,CATS,150,arbitrary,MultiMinded,1000,MaxIter,141.92000000000007,2453.359,4,1724.13,512.56299999999999,2089.2,2230.4039884399936,1342.5512349685187,1390.5815176599867,1,30,58,86,62
32,30,34,LinearHeuristicAuction,0.05,0.02,,True,,1000,10800,cats_arbitrary_g30b150,,False,CATS,150,arbitrary,MultiMinded,1000,MaxIter,105.20999999999913,1818.8858,1,1643.98,574.70600000000002,1643.98,2210.02053834668,0,1.091276767163663,1,30,30,90,64
33,30,33,LinearHeuristicAuction,0.05,0.02,,True,,1000,10800,cats_arbitrary_g30b150,,False,CATS,150,arbitrary,MultiMinded,1000,MaxIter,103.86000000000058,1944.8153000000002,1,1618.49,617.12249999999995,1618.49,2172.5588667105249,0,1.4102329973661796,1,30,35,91,63
34,30,31,LinearHeuristicAuction,0.05,0.02,,True,,1000,10800,cats_arbitrary_g30b150,,False,CATS,150,arbitrary,MultiMinded,1000,MaxIter,105.98999999999978,2467.5019,1,2102.79,578.16200000000003,1737.43,2758.1690069997862,0,2.8574921460063649,1,30,46,85,61
35,30,32,LinearHeuristicAuction,0.05,0.02,,True,,1000,10800,cats_arbitrary_g30b150,,False,CATS,150,arbitrary,MultiMinded,337,Balance,36.02000000000044,2108.201,2,1910.3,506.57900000000001,1965.9798,1977.93234991486,1927.27444991486,1950.5669597728963,1,30,53,75,62
36,30,35,LinearHeuristicAuction,0.05,0.02,,True,,1000,10800,cats_arbitrary_g30b150,,False,CATS,150,arbitrary,MultiMinded,1000,MaxIter,124.07999999999993,1942.8097999999998,1,1649.39,704.06799999999998,1560.07,2119.4250256820451,0,8.0492523084832897,1,30,33,99,65
37,30,33,LinearHeuristicAuction,0.05,0.02,,True,,1000,10800,cats_arbitrary_g30b150,,False,CATS,150,arbitrary,MultiMinded,1000,MaxIter,116.48000000000138,1975.334,1,1881.03,532.89949999999999,1778.09,2297.2588951444677,0,0.0,1,30,100,86,63
38,30,32,LinearHeuristicAuction,0.05,0.02,,True,,1000,10800,cats_arbitrary_g30b150,,False,CATS,150,arbitrary,MultiMinded,1000,MaxIter,109.88999999999942,2501.4829999999997,1,2312.06,839.32600000000002,2312.06,2661.9187279511139,0,10.369439524625804,1,30,34,83,62
39,30,34,LinearHeuristicAuction,0.05,0.02,,True,,1000,10800,cats_arbitrary_g30b150,,False,CATS,150,arbitrary,MultiMinded,1000,MaxIter,104.79000000000087,2311.536,1,2186.45,533.95749999999998,1960.78,2620.322285751352,0,15.044325086353808,1,30,30,85,64
40,30,31,LinearHeuristicAuction,0.05,0.02,,True,,1000,10800,cats_arbitrary_g30b150,,False,CATS,150,arbitrary,MultiMinded,1000,MaxIter,108.70999999999913,1922.01,1,1548.35,753.33299999999997,1548.35,2126.9676806020716,0,0.0013291232408843001,1,30,30,85,61
41,30,32,LinearHeuristicAuction,0.05,0.02,,True,,1000,10800,cats_arbitrary_g30b150,,False,CATS,150,arbitrary,MultiMinded,1000,MaxIter,115.31999999999971,1899.3063,1,1626.29,567.45299999999997,1465.7,2232.1759428097675,0,3.8783417537463265,1,30,36,87,62
42,30,35,LinearHeuristicAuction,0.05,0.02,,True,,1000,10800,cats_arbitrary_g30b150,,False,CATS,150,arbitrary,MultiMinded,1000,MaxIter,114.79999999999927,2374.3837000000003,1,1682.91,707.67899999999997,1567.05,2824.512400919265,0,0.36692582958357889,1,30,82,90,65
43,30,36,LinearHeuristicAuction,0.05,0.02,,True,,1000,10800,cats_arbitrary_g30b150,,False,CATS,150,arbitrary,MultiMinded,1000,MaxIter,104.95000000000073,2385.76,1,2385.76,501.80000000000001,2385.76,2475.4408973874574,0,55.395400659285428,1,30,56,90,66
44,30,35,LinearHeuristicAuction,0.05,0.02,,True,,1000,10800,cats_arbitrary_g30b150,,False,CATS,150,arbitrary,MultiMinded,1000,MaxIter,114.41000000000167,2079.9506999999994,2,1845.76,468.2165,1899.715,2171.5795388345578,0,3.8819052990263856,1,30,52,99,65
45,30,30,LinearHeuristicAuction,0.05,0.02,,True,,1000,10800,cats_arbitrary_g30b150,,False,CATS,150,arbitrary,MultiMinded,1000,MaxIter,104.84000000000015,1973.4939,2,1684.69,518.44550000000004,1532.5474000000002,2012.1324834585639,23.387305525094686,37.952123695285763,1,30,41,77,60
46,30,33,LinearHeuristicAuction,0.05,0.02,,True,,1000,10800,cats_arbitrary_g30b150,,False,CATS,150,arbitrary,MultiMinded,1000,MaxIter,111.43000000000029,2174.927,1,1703.31,577.08699999999999,1703.31,2458.1596648429372,0,25.112649388406282,1,30,37,91,63
47,30,36,LinearHeuristicAuction,0.05,0.02,,True,,1000,10800,cats_arbitrary_g30b150,,False,CATS,150,arbitrary,MultiMinded,1000,MaxIter,113.01000000000022,2134.903,1,1579.3,488.0025,1177.33,2432.8514452414356,0,0.30182660381960602,1,30,67,96,66
48,30,36,LinearHeuristicAuction,0.05,0.02,,True,,1000,10800,cats_arbitrary_g30b150,,False,CATS,150,arbitrary,MultiMinded,1000,MaxIter,112.35000000000036,2120.0323,1,1723.29,500.82099999999997,1723.29,2282.3064221768905,0,0.0,1,30,86,96,66
49,30,32,LinearHeuristicAuction,0.05,0.02,,True,,1000,10800,cats_arbitrary_g30b150,,False,CATS,150,arbitrary,MultiMinded,1000,MaxIter,101.71000000000095,1825.5846,1,1448.16,458.54599999999999,1356.32,2086.0449700812646,0,10.474894558523005,1,30,37,85,62
50,30,32,LinearHeuristicAuction,0.05,0.02,,True,,1000,10800,cats_arbitrary_g30b150,,False,CATS,150,arbitrary,MultiMinded,1000,MaxIter,118.45999999999913,2387.589,1,2137.71,881.64700000000005,1995.56,2490.2405458572466,0,6.7889989139048055,1,30,32,80,62
51,30,31,LinearHeuristicAuction,0.05,0.02,,True,,1000,10800,cats_arbitrary_g30b150,,False,CATS,150,arbitrary,MultiMinded,1000,MaxIter,103.59000000000015,2404.514,1,2207.65,681.84050000000002,2207.65,2782.6560409139588,0,167.06983445826819,1,30,83,79,61
52,30,34,LinearHeuristicAuction,0.05,0.02,,True,,1000,10800,cats_arbitrary_g30b150,,False,CATS,150,arbitrary,MultiMinded,1000,MaxIter,122.13999999999942,2070.7699000000002,1,1761.92,837.09500000000003,1761.92,2310.7197409345426,0,14.184735917646776,1,30,36,98,64
53,30,34,LinearHeuristicAuction,0.05,0.02,,True,,1000,10800,cats_arbitrary_g30b150,,False,CATS,150,arbitrary,MultiMinded,78,Balance,8.270000000000437,1944.8844,7,1588.82,654.95799999999997,1944.8844,1913.7558106034867,1684.5205106034866,1776.3989048090916,1,30,56,79,64
54,30,30,LinearHeuristicAuction,0.05,0.02,,True,,1000,10800,cats_arbitrary_g30b150,,False,CATS,150,arbitrary,MultiMinded,1000,MaxIter,110.8799999999992,2678.4509,1,2281.57,746.976,1581.27,3004.1365132058263,0,0.66054555602710252,1,30,69,78,60
55,30,31,LinearHeuristicAuction,0.05,0.02,,True,,1000,10800,cats_arbitrary_g30b150,,False,CATS,150,arbitrary,MultiMinded,1000,MaxIter,106.43999999999869,2211.653,1,1943.48,726.06700000000001,1943.48,2405.1906020002739,0,0.0,1,30,30,87,61
56,30,29,LinearHeuristicAuction,0.05,0.02,,True,,1000,10800,cats_arbitrary_g30b150,,False,CATS,150,arbitrary,MultiMinded,1000,MaxIter,106.65999999999985,2093.229,1,1877.5,714.9369999999999,1679.61,2207.6933386676405,0,0.0,1,30,30,77,59
57,30,31,LinearHeuristicAuction,0.05,0.02,,True,,1000,10800,cats_arbitrary_g30b150,,False,CATS,150,arbitrary,MultiMinded,1000,MaxIter,106.08999999999833,2015.9576000000002,1,1667.14,591.51199999999994,1667.14,2341.6104440045206,0,0.54060563581765564,1,30,57,88,61
58,30,33,LinearHeuristicAuction,0.05,0.02,,True,,1000,10800,cats_arbitrary_g30b150,,False,CATS,150,arbitrary,MultiMinded,1000,MaxIter,111.48999999999978,2213.6252,1,1937.47,893.10799999999995,1177.19,2557.3674370904073,0,7.5769228781003761,1,30,45,86,63
59,30,31,LinearHeuristicAuction,0.05,0.02,,True,,1000,10800,cats_arbitrary_g30b150,,False,CATS,150,arbitrary,MultiMinded,1000,MaxIter,114.39999999999964,2195.5229,1,1710.57,782.62599999999998,1710.57,2692.9651567590772,0,1.4873260615912614,1,30,61,85,61
60,30,36,LinearHeuristicAuction,0.05,0.02,,True,,1000,10800,cats_arbitrary_g30b150,,False,CATS,150,arbitrary,MultiMinded,1000,MaxIter,110.94999999999891,1802.554,1,1574.08,671.95349999999996,1574.08,2029.4289115570241,0,1.7500730634365738,1,30,59,96,66
61,30,33,LinearHeuristicAuction,0.05,0.02,,True,,1000,10800,cats_arbitrary_g30b150,,False,CATS,150,arbitrary,MultiMinded,1000,MaxIter,116.53999999999905,1724.4375,1,1339.03,584.49199999999996,1339.03,2018.404059416936,0,0.0,1,30,135,87,63
62,30,36,LinearHeuristicAuction,0.05,0.02,,True,,1000,10800,cats_arbitrary_g30b150,,False,CATS,150,arbitrary,MultiMinded,1000,MaxIter,116.98999999999978,2437.0683000000004,1,1933.61,814.90999999999997,1708.93,2518.504132613296,0,0.00090941325346705071,1,30,94,94,66
63,30,34,LinearHeuristicAuction,0.05,0.02,,True,,1000,10800,cats_arbitrary_g30b150,,False,CATS,150,arbitrary,MultiMinded,1000,MaxIter,96.97000000000116,2003.24,1,2003.24,494.63999999999999,1854.74,2416.6387517431667,0,0.69639976506817902,1,30,32,82,64
64,30,34,LinearHeuristicAuction,0.05,0.02,,True,,1000,10800,cats_arbitrary_g30b150,,False,CATS,150,arbitrary,MultiMinded,1000,MaxIter,109.47999999999774,2039.0195999999999,1,1809.03,585.17600000000004,1809.03,2337.947460373462,0,2.2148663075301158,1,30,32,93,64
65,30,36,LinearHeuristicAuction,0.05,0.02,,True,,1000,10800,cats_arbitrary_g30b150,,False,CATS,150,arbitrary,MultiMinded,1000,MaxIter,119.30000000000109,1894.2412000000002,1,1377.42,663.9670000000001,1377.42,2093.9760307610768,0,16.784661297595463,1,30,39,99,66
66,30,33,LinearHeuristicAuction,0.05,0.02,,True,,1000,10800,cats_arbitrary_g30b150,,False,CATS,150,arbitrary,MultiMinded,1000,MaxIter,111.57000000000153,2454.29,1,2454.29,522.13300000000004,1368.0,2563.3352826611358,0,55.602366589800084,1,30,35,85,63
67,30,31,LinearHeuristicAuction,0.05,0.02,,True,,1000,10800,cats_arbitrary_g30b150,,False,CATS,150,arbitrary,MultiMinded,1000,MaxIter,106.23000000000138,2341.4958,2,2017.46,785.07600000000002,2178.6440000000002,2465.8115364151859,526.54948919105698,527.77965818577172,1,30,55,80,61
68,30,31,LinearHeuristicAuction,0.05,0.02,,True,,1000,10800,cats_arbitrary_g30b150,,False,CATS,150,arbitrary,MultiMinded,1000,MaxIter,109.92999999999847,2082.3165,1,1694.51,536.65000000000009,1644.51,2160.621160426741,0,28.04662368939249,1,30,40,89,61
69,30,32,LinearHeuristicAuction,0.05,0.02,,True,,1000,10800,cats_arbitrary_g30b150,,False,CATS,150,arbitrary,MultiMinded,1000,MaxIter,110.75,2088.0744,1,1731.11,855.64499999999998,1731.11,2383.9737379019043,0,5.8689054368742219,1,30,56,89,62
70,30,33,LinearHeuristicAuction,0.05,0.02,,True,,1000,10800,cats_arbitrary_g30b150,,False,CATS,150,arbitrary,MultiMinded,1000,MaxIter,104.66999999999825,2258.578,1,1454.94,617.26599999999996,1443.65,2649.7810772763787,0,0.46755380988690831,1,30,90,84,63
71,30,33,LinearHeuristicAuction,0.05,0.02,,True,,1000,10800,cats_arbitrary_g30b150,,False,CATS,150,arbitrary,MultiMinded,1000,MaxIter,107.9900000000016,2247.3372,1,1920.4,499.70499999999998,1920.4,2536.9524856664107,0,1.4335821682485062,1,30,30,87,63
72,30,39,LinearHeuristicAuction,0.05,0.02,,True,,1000,10800,cats_arbitrary_g30b150,,False,CATS,150,arbitrary,MultiMinded,1000,MaxIter,109.65999999999985,2410.0175,8,1662.34,705.94000000000005,2325.1850999999997,2411.7110667370453,2062.4905628205702,2079.3586703156366,1,30,35,98,69
73,30,34,LinearHeuristicAuction,0.05,0.02,,True,,1000,10800,cats_arbitrary_g30b150,,False,CATS,150,arbitrary,MultiMinded,1000,MaxIter,103.97999999999956,2015.5892,1,1380.57,479.64299999999997,1380.57,2282.8515642323314,0,29.585298113614215,1,30,34,80,64
74,30,36,LinearHeuristicAuction,0.05,0.02,,True,,1000,10800,cats_arbitrary_g30b150,,False,CATS,150,arbitrary,MultiMinded,1000,MaxIter,111.36000000000058,2042.097,2,1285.64,413.78699999999998,1319.8696,2273.3291135859267,13.801836554931132,14.1633447335272,1,30,114,100,66
75,30,28,LinearHeuristicAuction,0.05,0.02,,True,,1000,10800,cats_arbitrary_g30b150,,False,CATS,150,arbitrary,MultiMinded,281,Balance,27.899999999997817,1952.3077,3,1522.4,797.30549999999994,1805.2935900000002,1834.2914618347513,1714.695636834751,1738.3900567669823,1,30,81,68,58
76,30,35,LinearHeuristicAuction,0.05,0.02,,True,,1000,10800,cats_arbitrary_g30b150,,False,CATS,150,arbitrary,MultiMinded,1000,MaxIter,115.79000000000087,2241.3282000000004,1,1991.23,695.48000000000002,1991.23,2497.5753171185806,0,9.7402056500217498,1,30,41,88,65
77,30,29,LinearHeuristicAuction,0.05,0.02,,True,,1000,10800,cats_arbitrary_g30b150,,False,CATS,150,arbitrary,MultiMinded,1000,MaxIter,106.22000000000116,2086.98,1,1735.17,697.00749999999994,1735.17,2357.0961654603379,0,5.2083960896949861,1,30,40,87,59
78,30,34,LinearHeuristicAuction,0.05,0.02,,True,,1000,10800,cats_arbitrary_g30b150,,False,CATS,150,arbitrary,MultiMinded,1000,MaxIter,116.26000000000204,2141.5101999999997,2,1833.54,620.51150000000007,1925.0247,2239.1798199934274,61.371951457330326,70.735520618433313,1,30,29,87,64
79,30,32,LinearHeuristicAuction,0.05,0.02,,True,,1000,10800,cats_arbitrary_g30b150,,False,CATS,150,arbitrary,MultiMinded,1000,MaxIter,114.52000000000044,2182.6516,1,1753.74,722.10699999999997,1425.19,2751.1814986392442,0,0.32642510348239284,1,30,73,84,62
80,30,31,LinearHeuristicAuction,0.05,0.02,,True,,1000,10800,cats_arbitrary_g30b150,,False,CATS,150,arbitrary,MultiMinded,1000,MaxIter,105.37999999999738,2157.0797,1,1772.89,656.88249999999994,1772.89,2417.6503480938341,0,7.3932380597360705,1,30,41,87,61
81,30,31,LinearHeuristicAuction,0.05,0.02,,True,,1000,10800,cats_arbitrary_g30b150,,False,CATS,150,arbitrary,MultiMinded,1000,MaxIter,113.69000000000233,1755.3018000000002,1,1603.71,647.50199999999995,1538.61,1817.2152757739227,0,6.7005550351629877,1,30,30,85,61
82,30,34,LinearHeuristicAuction,0.05,0.02,,True,,1000,10800,cats_arbitrary_g30b150,,False,CATS,150,arbitrary,MultiMinded,1000,MaxIter,114.85999999999694,2385.8982,3,2112.36,790.75199999999995,2052.281,2447.6445143049232,388.90746958350451,431.30576553345304,1,30,42,89,64
83,30,32,LinearHeuristicAuction,0.05,0.02,,True,,1000,10800,cats_arbitrary_g30b150,,False,CATS,150,arbitrary,MultiMinded,1000,MaxIter,115.2599999999984,2059.99,1,1826.87,768.11400000000003,1826.87,2515.7321731500056,0,0.97138452882532533,1,30,30,88,62
84,30,33,LinearHeuristicAuction,0.05,0.02,,True,,1000,10800,cats_arbitrary_g30b150,,False,CATS,150,arbitrary,MultiMinded,1000,MaxIter,123.88999999999942,1978.9186000000002,1,1758.88,838.20399999999995,1758.88,2273.8659436104763,0,1.9733802791228641,1,30,28,90,63
85,30,33,LinearHeuristicAuction,0.05,0.02,,True,,1000,10800,cats_arbitrary_g30b150,,False,CATS,150,arbitrary,MultiMinded,1000,MaxIter,116.7400000000016,2216.0256,1,2078.55,626.62099999999998,2078.55,2485.4895860566949,0,4.2721829779543015,1,30,51,92,63
86,30,31,LinearHeuristicAuction,0.05,0.02,,True,,1000,10800,cats_arbitrary_g30b150,,False,CATS,150,arbitrary,MultiMinded,1000,MaxIter,113.72000000000116,2283.532,1,1809.12,745.29950000000008,1627.75,2646.3808043881531,0,3.9185301254276226,1,30,44,84,61
87,30,36,LinearHeuristicAuction,0.05,0.02,,True,,1000,10800,cats_arbitrary_g30b150,,False,CATS,150,arbitrary,MultiMinded,1000,MaxIter,105.61000000000058,2522.6901999999995,1,2032.58,563.31899999999996,1775.36,2878.1704279642177,0,0.0,1,30,101,88,66
88,30,35,LinearHeuristicAuction,0.05,0.02,,True,,1000,10800,cats_arbitrary_g30b150,,False,CATS,150,arbitrary,MultiMinded,1000,MaxIter,105.73999999999796,2265.08,1,1820.47,452.93900000000002,1764.64,2556.4163996330053,0,4.6981739282714443,1,30,41,91,65
89,30,28,LinearHeuristicAuction,0.05,0.02,,True,,1000,10800,cats_arbitrary_g30b150,,False,CATS,150,arbitrary,MultiMinded,1000,MaxIter,122.35999999999694,1895.8706000000002,1,1412.37,685.88149999999996,1412.37,1932.2932884766672,0,0.0,1,30,141,82,58
90,30,33,LinearHeuristicAuction,0.05,0.02,,True,,1000,10800,cats_arbitrary_g30b150,,False,CATS,150,arbitrary,MultiMinded,1000,MaxIter,112.13000000000102,2397.1789,1,2224.82,593.16800000000001,2224.82,2614.6555041294259,0,1.431060255253584,1,30,30,86,63
91,30,32,LinearHeuristicAuction,0.05,0.02,,True,,1000,10800,cats_arbitrary_g30b150,,False,CATS,150,arbitrary,MultiMinded,1000,MaxIter,105.63999999999942,2290.7259999999997,1,1825.1,529.46000000000004,1825.1,2570.0720216493905,0,4.9807040351778369,1,30,52,86,62
92,30,31,LinearHeuristicAuction,0.05,0.02,,True,,1000,10800,cats_arbitrary_g30b150,,False,CATS,150,arbitrary,MultiMinded,1000,MaxIter,110.37999999999738,1880.9630000000002,1,1586.58,901.44949999999994,1586.58,2058.7026370221834,0,13.240819312583135,1,30,49,82,61
93,30,34,LinearHeuristicAuction,0.05,0.02,,True,,1000,10800,cats_arbitrary_g30b150,,False,CATS,150,arbitrary,MultiMinded,1000,MaxIter,113.61000000000058,1815.7306,1,1434.89,540.21100000000001,1434.89,1936.2151022052064,0,2.4964761334081107,1,30,30,90,64
94,30,36,LinearHeuristicAuction,0.05,0.02,,True,,1000,10800,cats_arbitrary_g30b150,,False,CATS,150,arbitrary,MultiMinded,1000,MaxIter,116.5,2435.1574,1,2127.58,687.69500000000005,2105.03,2696.2989470776083,0,6.586630568365436,1,30,36,94,66
95,30,32,LinearHeuristicAuction,0.05,0.02,,True,,1000,10800,cats_arbitrary_g30b150,,False,CATS,150,arbitrary,MultiMinded,1000,MaxIter,121.19000000000233,2424.051,1,1933.55,792.75099999999998,1556.49,2677.2895335970384,0,0.0,1,30,110,91,62
96,30,31,LinearHeuristicAuction,0.05,0.02,,True,,1000,10800,cats_arbitrary_g30b150,,False,CATS,150,arbitrary,MultiMinded,1000,MaxIter,120.27000000000044,1954.1625,1,1781.86,780.25699999999995,1554.48,2322.5334717596675,0,8.2608089097007564,1,30,40,86,61
97,30,30,LinearHeuristicAuction,0.05,0.02,,True,,1000,10800,cats_arbitrary_g30b150,,False,CATS,150,arbitrary,MultiMinded,66,Balance,6.69999999999709,1794.66,5,1264.09,681.495,1752.2317,1799.1604168053404,1628.7866668053402,1643.3505111464744,1,30,53,75,60
98,30,32,LinearHeuristicAuction,0.05,0.02,,True,,1000,10800,cats_arbitrary_g30b150,,False,CATS,150,arbitrary,MultiMinded,1000,MaxIter,116.31000000000131,2145.0272,1,2092.47,967.64100000000008,2092.47,2590.8501588444592,0,3.5025431183635192,1,30,49,86,62
99,30,29,LinearHeuristicAuction,0.05,0.02,,True,,1000,10800,cats_arbitrary_g30b150,,False,CATS,150,arbitrary,MultiMinded,1000,MaxIter,104.63999999999942,2260.297,1,2093.42,648.17449999999997,1976.5,2671.5432606510585,0,0.085853313463871928,1,30,95,80,59
100,30,37,LinearHeuristicAuction,0.05,0.02,,True,,1000,10800,cats_arbitrary_g30b150,,False,CATS,150,arbitrary,MultiMinded,1000,MaxIter,106.20999999999913,2260.7916,1,1588.66,496.72000000000003,1571.91,2428.7524110079785,0,0.12270015619836983,1,30,71,94,67
