idx,items,agents,auction_class,epsilon,stepc,epoch,scalebyvalue,reserve_type,maxiter,maxtime,generator_param_name,personalized,int_prices,generator,bids,distribution,type,rounds,status,runtime,efficient_value,final_num_winners,final_max_agent_value,final_scalevalue,final_value,final_total_price,final_revenue,final_indirect_util,final_price_degree,final_price_sparsity,final_imbalance,final_wd_nvars,final_wd_ncons
1,10,14,LinearHeuristicAuction,0.025,0.04,,True,,1000,10800,cats_arbitrary_g10b50,,False,CATS,50,arbitrary,MultiMinded,75,Balance,2.5599999999994907,793.971,1,793.971,469.322,793.971,804.91368501626675,793.18063501626671,811.02893141324421,1,10,25,37,24
2,10,17,LinearHeuristicAuction,0.025,0.04,,True,,1000,10800,cats_arbitrary_g10b50,,False,CATS,50,arbitrary,MultiMinded,1000,MaxIter,34.780000000000655,890.9177,1,838.462,457.63549999999998,838.462,989.4237107325439,0,4.1974050811206212,1,10,11,38,27
3,10,13,LinearHeuristicAuction,0.025,0.04,,True,,1000,10800,cats_arbitrary_g10b50,,False,CATS,50,arbitrary,MultiMinded,1000,MaxIter,34.63999999999942,689.11,1,689.11,373.73599999999999,689.11,740.87544555683576,0,3.5902284610965296,1,10,14,34,23
4,10,17,LinearHeuristicAuction,0.025,0.04,,True,,1000,10800,cats_arbitrary_g10b50,,False,CATS,50,arbitrary,MultiMinded,15,Balance,0.5399999999990541,673.823,1,673.823,310.16499999999996,673.823,678.40596875500682,670.65184375500678,674.85357269183351,1,10,15,36,27
5,10,13,LinearHeuristicAuction,0.025,0.04,,True,,1000,10800,cats_arbitrary_g10b50,,False,CATS,50,arbitrary,MultiMinded,6,Balance,0.18999999999869033,758.773,1,758.773,337.48050000000001,758.773,752.12671625001838,743.68970375001834,756.02022200867555,1,10,8,27,23
6,10,14,LinearHeuristicAuction,0.025,0.04,,True,,1000,10800,cats_arbitrary_g10b50,,False,CATS,50,arbitrary,MultiMinded,154,Balance,5.420000000000073,841.028,2,744.08,361.97500000000002,841.028,811.8342167281512,793.7354667281511,837.00677376169153,1,10,16,34,24
7,10,16,LinearHeuristicAuction,0.025,0.04,,True,,1000,10800,cats_arbitrary_g10b50,,False,CATS,50,arbitrary,MultiMinded,9,Balance,0.2999999999992724,859.6020000000001,2,710.786,293.07349999999997,859.6020000000001,832.95852370188368,818.30484870188366,846.60172960358886,1,10,4,36,26
8,10,14,LinearHeuristicAuction,0.025,0.04,,True,,1000,10800,cats_arbitrary_g10b50,,False,CATS,50,arbitrary,MultiMinded,42,Balance,1.3400000000001455,556.7090000000001,2,486.526,246.58600000000001,556.7090000000001,557.31787855787888,544.98857855787878,556.21905876811877,1,10,14,31,24
9,10,20,LinearHeuristicAuction,0.025,0.04,,True,,1000,10800,cats_arbitrary_g10b50,,False,CATS,50,arbitrary,MultiMinded,156,Balance,5.75,650.389,2,411.483,212.66149999999999,650.389,649.10688809281714,638.47381309281718,640.54955609915339,1,10,3,43,30
10,10,16,LinearHeuristicAuction,0.025,0.04,,True,,1000,10800,cats_arbitrary_g10b50,,False,CATS,50,arbitrary,MultiMinded,10,Balance,0.3400000000001455,974.512,1,974.512,305.01999999999998,974.512,964.53877841917961,956.91327841917962,974.4440837252489,1,10,10,35,26
11,10,18,LinearHeuristicAuction,0.025,0.04,,True,,1000,10800,cats_arbitrary_g10b50,,False,CATS,50,arbitrary,MultiMinded,14,Balance,0.4899999999997817,903.4137000000001,5,690.32,184.28,903.4137000000001,847.52367209933675,824.4886720993369,883.48403980921944,1,10,5,40,28
12,10,18,LinearHeuristicAuction,0.025,0.04,,True,,1000,10800,cats_arbitrary_g10b50,,False,CATS,50,arbitrary,MultiMinded,59,Balance,2.2299999999995634,476.0346,2,416.605,211.79050000000001,476.0346,480.80669974983829,470.21717474983831,482.42243669414108,1,10,31,41,28
13,10,14,LinearHeuristicAuction,0.025,0.04,,True,,1000,10800,cats_arbitrary_g10b50,,False,CATS,50,arbitrary,MultiMinded,13,Balance,0.4099999999998545,761.647,1,761.647,337.08749999999998,761.647,763.34720441571847,754.92001691571852,754.92001691571852,1,10,10,30,24
14,10,14,LinearHeuristicAuction,0.025,0.04,,True,,1000,10800,cats_arbitrary_g10b50,,False,CATS,50,arbitrary,MultiMinded,48,Balance,1.640000000001237,1115.4950000000001,2,880.107,393.411,1115.4950000000001,1048.2704861185105,1028.5999361185104,1112.296803204549,1,10,11,38,24
15,10,12,LinearHeuristicAuction,0.025,0.04,,True,,1000,10800,cats_arbitrary_g10b50,,False,CATS,50,arbitrary,MultiMinded,182,Balance,5.699999999998909,871.33,1,871.33,381.12349999999998,871.33,862.32808010094379,852.79999260094382,873.46515373430373,1,10,16,26,22
16,10,14,LinearHeuristicAuction,0.025,0.04,,True,,1000,10800,cats_arbitrary_g10b50,,False,CATS,50,arbitrary,MultiMinded,34,Balance,1.180000000000291,779.7001,5,571.996,300.363,779.7001,771.8750421627285,734.32966716272847,751.38007929768651,1,10,6,35,24
17,10,13,LinearHeuristicAuction,0.025,0.04,,True,,1000,10800,cats_arbitrary_g10b50,,False,CATS,50,arbitrary,MultiMinded,1000,MaxIter,33.13000000000102,721.2810000000001,3,640.028,297.31799999999998,648.457,664.0602534309246,392.88311510069332,392.88322663619039,1,10,16,34,23
18,10,18,LinearHeuristicAuction,0.025,0.04,,True,,1000,10800,cats_arbitrary_g10b50,,False,CATS,50,arbitrary,MultiMinded,79,Balance,2.8700000000008004,1005.5310000000001,2,868.696,380.75,1005.5310000000001,1000.0281462357644,980.99064623576453,996.69719028834947,1,10,11,41,28
19,10,14,LinearHeuristicAuction,0.025,0.04,,True,,1000,10800,cats_arbitrary_g10b50,,False,CATS,50,arbitrary,MultiMinded,1000,MaxIter,35.48999999999978,832.065,2,642.87,411.233,832.065,888.80576290561658,629.78187821161384,632.59290298645487,1,10,11,32,24
20,10,14,LinearHeuristicAuction,0.025,0.04,,True,,1000,10800,cats_arbitrary_g10b50,,False,CATS,50,arbitrary,MultiMinded,45,Balance,1.4700000000011642,615.5416,2,453.46,272.30500000000001,611.3,607.99234761999946,594.37709761999952,608.96686914565646,1,10,10,31,24
21,10,17,LinearHeuristicAuction,0.025,0.04,,True,,1000,10800,cats_arbitrary_g10b50,,False,CATS,50,arbitrary,MultiMinded,1000,MaxIter,37.52000000000044,618.958,1,618.958,240.48899999999998,618.958,652.43176613760068,0,3.273014718736178,1,10,11,40,27
22,10,13,LinearHeuristicAuction,0.025,0.04,,True,,1000,10800,cats_arbitrary_g10b50,,False,CATS,50,arbitrary,MultiMinded,1000,MaxIter,32.22999999999956,879.723,1,879.723,407.96800000000002,879.723,1035.6921867921421,0,1.7185446947709693,1,10,20,31,23
23,10,15,LinearHeuristicAuction,0.025,0.04,,True,,1000,10800,cats_arbitrary_g10b50,,False,CATS,50,arbitrary,MultiMinded,47,Balance,1.569999999999709,977.097,1,977.097,436.84800000000001,977.097,985.33888450479685,974.41768450479685,997.96798598679379,1,10,22,31,25
24,10,13,LinearHeuristicAuction,0.025,0.04,,True,,1000,10800,cats_arbitrary_g10b50,,False,CATS,50,arbitrary,MultiMinded,1000,MaxIter,34.29999999999927,612.4065,1,552.965,296.99549999999999,552.965,647.21629405503074,0,5.2324470118492172e-05,1,10,23,36,23
25,10,16,LinearHeuristicAuction,0.025,0.04,,True,,1000,10800,cats_arbitrary_g10b50,,False,CATS,50,arbitrary,MultiMinded,1000,MaxIter,33.94000000000051,742.2606000000001,1,689.211,308.97050000000002,689.211,759.39523716817246,0,0.57074011825621085,1,10,11,37,26
26,10,13,LinearHeuristicAuction,0.025,0.04,,True,,1000,10800,cats_arbitrary_g10b50,,False,CATS,50,arbitrary,MultiMinded,1000,MaxIter,33.26000000000022,887.9649999999999,1,818.015,382.74599999999998,818.015,910.92633968052701,0,3.059363529521363,1,10,10,35,23
27,10,13,LinearHeuristicAuction,0.025,0.04,,True,,1000,10800,cats_arbitrary_g10b50,,False,CATS,50,arbitrary,MultiMinded,1000,MaxIter,34.11999999999898,775.689,1,775.689,348.334,308.533,833.16343631484222,0,0.0,1,10,26,33,23
28,10,15,LinearHeuristicAuction,0.025,0.04,,True,,1000,10800,cats_arbitrary_g10b50,,False,CATS,50,arbitrary,MultiMinded,24,Balance,0.8299999999999272,604.885,1,604.885,314.90100000000001,604.885,605.77088745278695,597.89836245278696,612.06738350040052,1,10,35,34,25
29,10,12,LinearHeuristicAuction,0.025,0.04,,True,,1000,10800,cats_arbitrary_g10b50,,False,CATS,50,arbitrary,MultiMinded,1000,MaxIter,32.30000000000109,642.809,1,642.809,296.26149999999996,574.789,722.10017344971425,0,3.5292716438725336,1,10,10,34,22
30,10,16,LinearHeuristicAuction,0.025,0.04,,True,,1000,10800,cats_arbitrary_g10b50,,False,CATS,50,arbitrary,MultiMinded,1000,MaxIter,34.710000000000946,754.962,1,660.473,247.715,660.473,764.03527268316111,0,0.57120956653217547,1,10,16,38,26
31,10,15,LinearHeuristicAuction,0.025,0.04,,True,,1000,10800,cats_arbitrary_g10b50,,False,CATS,50,arbitrary,MultiMinded,1000,MaxIter,35.73999999999978,914.694,1,907.121,520.11850000000004,907.121,985.9475217397777,0,8.1453482604288041,1,10,10,37,25
32,10,13,LinearHeuristicAuction,0.025,0.04,,True,,1000,10800,cats_arbitrary_g10b50,,False,CATS,50,arbitrary,MultiMinded,1000,MaxIter,33.70999999999913,619.2586,1,603.07,291.851,603.07,719.21935413619224,0,2.5055934663347728,1,10,13,32,23
33,10,16,LinearHeuristicAuction,0.025,0.04,,True,,1000,10800,cats_arbitrary_g10b50,,False,CATS,50,arbitrary,MultiMinded,1000,MaxIter,37.400000000001455,622.297,2,622.297,224.69200000000001,540.879,621.31490228670577,113.38911807597816,128.33923403344613,1,10,8,41,26
34,10,15,LinearHeuristicAuction,0.025,0.04,,True,,1000,10800,cats_arbitrary_g10b50,,False,CATS,50,arbitrary,MultiMinded,31,Balance,1.0500000000010914,868.13,3,756.065,258.05500000000001,868.129,851.91042724397448,832.55630224397453,853.0175296036731,1,10,6,35,25
35,10,15,LinearHeuristicAuction,0.025,0.04,,True,,1000,10800,cats_arbitrary_g10b50,,False,CATS,50,arbitrary,MultiMinded,1000,MaxIter,34.649999999999636,804.713,1,804.713,330.97899999999998,804.713,827.98829378730829,0,1.2023966920308453,1,10,10,36,25
36,10,15,LinearHeuristicAuction,0.025,0.04,,True,,1000,10800,cats_arbitrary_g10b50,,False,CATS,50,arbitrary,MultiMinded,1000,MaxIter,36.9900000000016,643.0699999999999,4,632.425,412.71300000000002,643.0699999999999,668.80725036734782,527.16895138164398,528.97145371812724,1,10,2,38,25
37,10,12,LinearHeuristicAuction,0.025,0.04,,True,,1000,10800,cats_arbitrary_g10b50,,False,CATS,50,arbitrary,MultiMinded,1000,MaxIter,31.899999999999636,701.3026000000001,1,634.495,369.97450000000003,634.495,743.10255644887866,0,9.6117329923839634,1,10,24,32,22
38,10,14,LinearHeuristicAuction,0.025,0.04,,True,,1000,10800,cats_arbitrary_g10b50,,False,CATS,50,arbitrary,MultiMinded,1000,MaxIter,35.18000000000029,691.88,1,653.657,339.25200000000001,653.657,754.93620711156962,0,0.9764578885350943,1,10,15,35,24
39,10,18,LinearHeuristicAuction,0.025,0.04,,True,,1000,10800,cats_arbitrary_g10b50,,False,CATS,50,arbitrary,MultiMinded,14,Balance,0.5,955.2540000000001,3,721.473,276.10400000000004,955.2540000000001,937.4076046442658,916.69980464426578,940.95730451375846,1,10,8,39,28
40,10,15,LinearHeuristicAuction,0.025,0.04,,True,,1000,10800,cats_arbitrary_g10b50,,False,CATS,50,arbitrary,MultiMinded,1000,MaxIter,34.23999999999978,882.337,1,850.424,422.59100000000001,850.424,913.7233646767819,0,4.7311317888552225,1,10,12,37,25
41,10,14,LinearHeuristicAuction,0.025,0.04,,True,,1000,10800,cats_arbitrary_g10b50,,False,CATS,50,arbitrary,MultiMinded,1000,MaxIter,33.44000000000051,806.5720000000001,1,744.105,394.66899999999998,744.105,821.59738699376612,0,2.90567406597917,1,10,10,34,24
42,10,12,LinearHeuristicAuction,0.025,0.04,,True,,1000,10800,cats_arbitrary_g10b50,,False,CATS,50,arbitrary,MultiMinded,1000,MaxIter,32.77000000000044,674.607,1,650.249,261.25450000000001,650.249,691.15399879995323,0,1.4543480870964913,1,10,10,29,22
43,10,18,LinearHeuristicAuction,0.025,0.04,,True,,1000,10800,cats_arbitrary_g10b50,,False,CATS,50,arbitrary,MultiMinded,11,Balance,0.3899999999994179,710.9245999999999,2,698.897,258.83499999999998,710.9245999999999,711.76321003264229,698.82146003264234,701.46031559671712,1,10,9,40,28
44,10,12,LinearHeuristicAuction,0.025,0.04,,True,,1000,10800,cats_arbitrary_g10b50,,False,CATS,50,arbitrary,MultiMinded,1000,MaxIter,33.80999999999949,748.73,1,701.292,407.33100000000002,628.181,776.1154803887373,0,0.0,1,10,26,35,22
45,10,15,LinearHeuristicAuction,0.025,0.04,,True,,1000,10800,cats_arbitrary_g10b50,,False,CATS,50,arbitrary,MultiMinded,13,Balance,0.4400000000005093,753.639,3,656.884,388.58100000000002,753.639,742.21240756403711,713.06883256403717,731.24130361774496,1,10,4,33,25
46,10,17,LinearHeuristicAuction,0.025,0.04,,True,,1000,10800,cats_arbitrary_g10b50,,False,CATS,50,arbitrary,MultiMinded,76,Balance,2.6300000000010186,944.9340000000001,4,844.841,403.99299999999999,944.9340000000001,941.65869923386754,901.2593992338675,907.45953469152164,1,10,2,39,27
47,10,14,LinearHeuristicAuction,0.025,0.04,,True,,1000,10800,cats_arbitrary_g10b50,,False,CATS,50,arbitrary,MultiMinded,1000,MaxIter,31.969999999999345,898.101,1,893.489,324.04449999999997,893.489,932.0813588679049,0,0.0,1,10,28,30,24
48,10,15,LinearHeuristicAuction,0.025,0.04,,True,,1000,10800,cats_arbitrary_g10b50,,False,CATS,50,arbitrary,MultiMinded,8,Balance,0.27000000000043656,889.443,3,787.484,397.44799999999998,889.443,883.55437784784579,853.74577784784583,867.31318596119763,1,10,8,35,25
49,10,14,LinearHeuristicAuction,0.025,0.04,,True,,1000,10800,cats_arbitrary_g10b50,,False,CATS,50,arbitrary,MultiMinded,43,Balance,1.4699999999993452,945.042,2,781.262,432.49200000000002,945.042,944.4629125875731,922.838312587573,933.91839294404144,1,10,7,36,24
50,10,14,LinearHeuristicAuction,0.025,0.04,,True,,1000,10800,cats_arbitrary_g10b50,,False,CATS,50,arbitrary,MultiMinded,1000,MaxIter,32.600000000000364,815.381,1,698.568,297.62700000000001,698.568,891.69480810715652,0,0.26100683041283901,1,10,25,33,24
51,10,19,LinearHeuristicAuction,0.025,0.04,,True,,1000,10800,cats_arbitrary_g10b50,,False,CATS,50,arbitrary,MultiMinded,46,Balance,1.7600000000002183,593.082,1,593.082,349.66500000000002,593.082,600.29807345803806,591.55644845803806,609.57998095246307,1,10,30,44,29
52,10,12,LinearHeuristicAuction,0.025,0.04,,True,,1000,10800,cats_arbitrary_g10b50,,False,CATS,50,arbitrary,MultiMinded,1000,MaxIter,30.81000000000131,842.818,1,842.818,428.04949999999997,842.818,917.73785460191425,0,6.9899516956374264,1,10,17,29,22
53,10,17,LinearHeuristicAuction,0.025,0.04,,True,,1000,10800,cats_arbitrary_g10b50,,False,CATS,50,arbitrary,MultiMinded,1000,MaxIter,35.23000000000138,787.8274,1,644.907,269.82600000000002,644.907,811.69073845533967,0,3.8455412216239466,1,10,15,39,27
54,10,14,LinearHeuristicAuction,0.025,0.04,,True,,1000,10800,cats_arbitrary_g10b50,,False,CATS,50,arbitrary,MultiMinded,8,Balance,0.2600000000002183,810.751,3,699.486,371.92899999999997,810.751,797.34263552840571,769.4479605284057,790.8974383465428,1,10,2,30,24
55,10,14,LinearHeuristicAuction,0.025,0.04,,True,,1000,10800,cats_arbitrary_g10b50,,False,CATS,50,arbitrary,MultiMinded,1000,MaxIter,33.86000000000058,778.56,4,652.834,405.49599999999998,717.6831,782.60767617881629,639.38035904810454,639.38035904810454,1,10,15,32,24
56,10,14,LinearHeuristicAuction,0.025,0.04,,True,,1000,10800,cats_arbitrary_g10b50,,False,CATS,50,arbitrary,MultiMinded,1000,MaxIter,36.17000000000007,720.833,1,718.63,414.24000000000001,659.11,750.66336781416908,0,0.0,1,10,10,36,24
57,10,13,LinearHeuristicAuction,0.025,0.04,,True,,1000,10800,cats_arbitrary_g10b50,,False,CATS,50,arbitrary,MultiMinded,1000,MaxIter,34.27000000000044,742.0273,1,583.324,429.03550000000001,518.994,768.83411897955489,0,0.023649720836033339,1,10,16,35,23
58,10,18,LinearHeuristicAuction,0.025,0.04,,True,,1000,10800,cats_arbitrary_g10b50,,False,CATS,50,arbitrary,MultiMinded,1000,MaxIter,35.6200000000008,927.076,1,790.752,213.971,790.752,975.70323577142722,0,31.798774369730552,1,10,27,39,28
59,10,15,LinearHeuristicAuction,0.025,0.04,,True,,1000,10800,cats_arbitrary_g10b50,,False,CATS,50,arbitrary,MultiMinded,1000,MaxIter,34.35999999999876,685.266,1,685.266,301.03800000000001,685.266,717.47740615190492,0,1.0863267071551661,1,10,10,37,25
60,10,17,LinearHeuristicAuction,0.025,0.04,,True,,1000,10800,cats_arbitrary_g10b50,,False,CATS,50,arbitrary,MultiMinded,1000,MaxIter,34.86999999999898,763.9352999999999,1,684.98,313.44299999999998,684.98,715.82033615858882,0,61.425228141391088,1,10,12,39,27
61,10,15,LinearHeuristicAuction,0.025,0.04,,True,,1000,10800,cats_arbitrary_g10b50,,False,CATS,50,arbitrary,MultiMinded,12,Balance,0.3999999999996362,906.867,2,800.076,363.90899999999999,904.461,905.45163316088235,887.25618316088241,897.66961142537525,1,10,8,32,25
62,10,13,LinearHeuristicAuction,0.025,0.04,,True,,1000,10800,cats_arbitrary_g10b50,,False,CATS,50,arbitrary,MultiMinded,1000,MaxIter,33.86000000000058,838.7230000000001,1,739.886,355.20699999999999,729.454,900.46298157724357,0,4.4749814968462971,1,10,11,33,23
63,10,17,LinearHeuristicAuction,0.025,0.04,,True,,1000,10800,cats_arbitrary_g10b50,,False,CATS,50,arbitrary,MultiMinded,1000,MaxIter,34.19000000000051,879.858,1,879.858,289.45299999999997,879.858,900.29052022041969,0,0.0,1,10,10,36,27
64,10,13,LinearHeuristicAuction,0.025,0.04,,True,,1000,10800,cats_arbitrary_g10b50,,False,CATS,50,arbitrary,MultiMinded,8,Balance,0.25,699.8910000000001,4,546.14,336.69400000000002,699.8910000000001,696.28641314931008,662.61701314930986,671.34222132333946,1,10,6,31,23
65,10,14,LinearHeuristicAuction,0.025,0.04,,True,,1000,10800,cats_arbitrary_g10b50,,False,CATS,50,arbitrary,MultiMinded,1000,MaxIter,32.30999999999949,747.1110000000001,1,683.377,371.40150000000006,683.377,774.81486092262071,0,0.4967949534693048,1,10,31,33,24
66,10,16,LinearHeuristicAuction,0.025,0.04,,True,,1000,10800,cats_arbitrary_g10b50,,False,CATS,50,arbitrary,MultiMinded,34,Balance,1.1700000000000728,804.7069,4,692.962,241.77600000000001,804.7069,737.34312339211738,713.16552339211739,791.66979737512736,1,10,10,38,26
67,10,15,LinearHeuristicAuction,0.025,0.04,,True,,1000,10800,cats_arbitrary_g10b50,,False,CATS,50,arbitrary,MultiMinded,40,Balance,1.3800000000010186,950.858,2,795.087,420.85149999999999,950.858,945.13600684503012,924.09343184503018,936.12886088831647,1,10,12,37,25
68,10,17,LinearHeuristicAuction,0.025,0.04,,True,,1000,10800,cats_arbitrary_g10b50,,False,CATS,50,arbitrary,MultiMinded,32,Balance,1.139999999999418,638.514,3,583.892,266.64400000000001,638.514,637.8369369356019,617.83863693560181,628.35859276880024,1,10,5,36,27
69,10,13,LinearHeuristicAuction,0.025,0.04,,True,,1000,10800,cats_arbitrary_g10b50,,False,CATS,50,arbitrary,MultiMinded,1000,MaxIter,34.409999999999854,653.81,1,515.575,365.36749999999995,515.575,682.14690539882065,0,1.383890514607458,1,10,22,33,23
70,10,16,LinearHeuristicAuction,0.025,0.04,,True,,1000,10800,cats_arbitrary_g10b50,,False,CATS,50,arbitrary,MultiMinded,1000,MaxIter,36.07999999999993,813.773,1,813.773,239.7945,707.813,866.02543401255184,0,3.4144097970402072,1,10,10,40,26
71,10,18,LinearHeuristicAuction,0.025,0.04,,True,,1000,10800,cats_arbitrary_g10b50,,False,CATS,50,arbitrary,MultiMinded,1000,MaxIter,34.64000000000124,936.203,1,936.203,330.1275,936.203,1075.9952193751481,0,1.8410288806210815,1,10,18,40,28
72,10,19,LinearHeuristicAuction,0.025,0.04,,True,,1000,10800,cats_arbitrary_g10b50,,False,CATS,50,arbitrary,MultiMinded,13,Balance,0.46999999999934516,742.889,1,742.889,330.43299999999999,742.889,741.72530012331788,733.46447512331792,734.62817500000006,1,10,0,42,29
73,10,13,LinearHeuristicAuction,0.025,0.04,,True,,1000,10800,cats_arbitrary_g10b50,,False,CATS,50,arbitrary,MultiMinded,1000,MaxIter,33.68999999999869,829.25,1,829.25,443.63649999999996,829.25,908.46342262876863,0,4.3191608600964457,1,10,12,31,23
74,10,17,LinearHeuristicAuction,0.025,0.04,,True,,1000,10800,cats_arbitrary_g10b50,,False,CATS,50,arbitrary,MultiMinded,1000,MaxIter,34.340000000000146,785.147,1,785.147,194.18100000000001,785.147,786.24826109359435,781.39373609359438,799.17448459838556,1,10,13,38,27
75,10,14,LinearHeuristicAuction,0.025,0.04,,True,,1000,10800,cats_arbitrary_g10b50,,False,CATS,50,arbitrary,MultiMinded,1000,MaxIter,34.07999999999993,877.244,1,869.635,380.94749999999999,869.635,918.16789250125225,0,0.0,1,10,21,37,24
76,10,15,LinearHeuristicAuction,0.025,0.04,,True,,1000,10800,cats_arbitrary_g10b50,,False,CATS,50,arbitrary,MultiMinded,1000,MaxIter,36.159999999999854,772.528,1,772.528,426.029,772.528,832.08781586860766,0,0.0,1,10,47,39,25
77,10,16,LinearHeuristicAuction,0.025,0.04,,True,,1000,10800,cats_arbitrary_g10b50,,False,CATS,50,arbitrary,MultiMinded,1000,MaxIter,33.92000000000007,610.0541,1,475.061,229.33799999999999,475.061,654.73278602881601,0,22.342820712379819,1,10,27,38,26
78,10,16,LinearHeuristicAuction,0.025,0.04,,True,,1000,10800,cats_arbitrary_g10b50,,False,CATS,50,arbitrary,MultiMinded,1000,MaxIter,34.68999999999869,738.191,1,718.579,283.06200000000001,718.579,809.39664630622917,0,1.041487686803805,1,10,15,37,26
79,10,16,LinearHeuristicAuction,0.025,0.04,,True,,1000,10800,cats_arbitrary_g10b50,,False,CATS,50,arbitrary,MultiMinded,1000,MaxIter,36.42999999999847,789.0369999999999,1,767.227,328.78500000000003,767.227,833.42383611766832,0,4.8115652179231745,1,10,18,40,26
80,10,14,LinearHeuristicAuction,0.025,0.04,,True,,1000,10800,cats_arbitrary_g10b50,,False,CATS,50,arbitrary,MultiMinded,14,Balance,0.4399999999986903,755.88,1,755.88,295.50850000000003,755.88,760.42840699380235,753.04069449380233,758.99278114977881,1,10,15,29,24
81,10,16,LinearHeuristicAuction,0.025,0.04,,True,,1000,10800,cats_arbitrary_g10b50,,False,CATS,50,arbitrary,MultiMinded,1000,MaxIter,35.289999999999054,454.25449999999995,1,381.144,179.05700000000002,381.144,504.75788489558295,0,0.00036687029661308657,1,10,23,37,26
82,10,14,LinearHeuristicAuction,0.025,0.04,,True,,1000,10800,cats_arbitrary_g10b50,,False,CATS,50,arbitrary,MultiMinded,1000,MaxIter,32.840000000000146,813.1470999999999,1,678.08,361.98400000000004,671.305,916.81018684697153,0,0.0,1,10,22,34,24
83,10,15,LinearHeuristicAuction,0.025,0.04,,True,,1000,10800,cats_arbitrary_g10b50,,False,CATS,50,arbitrary,MultiMinded,1000,MaxIter,35.3700000000008,897.3420000000001,1,818.953,242.078,818.953,1002.0870538901182,0,15.825001489861847,1,10,12,37,25
84,10,14,LinearHeuristicAuction,0.025,0.04,,True,,1000,10800,cats_arbitrary_g10b50,,False,CATS,50,arbitrary,MultiMinded,1000,MaxIter,33.710000000000946,716.866,1,684.777,321.96300000000002,684.777,741.59465218833532,0,4.9981131484617265,1,10,10,35,24
85,10,11,LinearHeuristicAuction,0.025,0.04,,True,,1000,10800,cats_arbitrary_g10b50,,False,CATS,50,arbitrary,MultiMinded,1000,MaxIter,31.51000000000022,679.457,1,679.457,442.82050000000004,633.967,755.01843322280615,0,0.0,1,10,29,29,21
86,10,15,LinearHeuristicAuction,0.025,0.04,,True,,1000,10800,cats_arbitrary_g10b50,,False,CATS,50,arbitrary,MultiMinded,1000,MaxIter,33.27000000000044,950.965,1,818.766,310.39699999999999,818.766,1034.2072148797163,0,57.805702382041432,1,10,16,37,25
87,10,14,LinearHeuristicAuction,0.025,0.04,,True,,1000,10800,cats_arbitrary_g10b50,,False,CATS,50,arbitrary,MultiMinded,106,Balance,3.680000000000291,997.2170000000001,3,716.545,235.80250000000001,997.2170000000001,933.61608380030566,915.93089630030568,987.66237302301079,1,10,5,34,24
88,10,14,LinearHeuristicAuction,0.025,0.04,,True,,1000,10800,cats_arbitrary_g10b50,,False,CATS,50,arbitrary,MultiMinded,1000,MaxIter,35.13999999999942,758.38,1,758.38,394.31950000000001,758.38,801.65216288577233,0,0.0,1,10,35,37,24
89,10,14,LinearHeuristicAuction,0.025,0.04,,True,,1000,10800,cats_arbitrary_g10b50,,False,CATS,50,arbitrary,MultiMinded,10,Balance,0.3500000000003638,732.443,2,644.233,339.30900000000003,732.443,735.98984504165685,719.02439504165693,731.6285644648799,1,10,18,30,24
90,10,14,LinearHeuristicAuction,0.025,0.04,,True,,1000,10800,cats_arbitrary_g10b50,,False,CATS,50,arbitrary,MultiMinded,14,Balance,0.4599999999991269,891.85,3,807.355,295.7045,891.85,892.68831048996572,870.51047298996559,874.38910335127491,1,10,3,33,24
91,10,13,LinearHeuristicAuction,0.025,0.04,,True,,1000,10800,cats_arbitrary_g10b50,,False,CATS,50,arbitrary,MultiMinded,1000,MaxIter,34.850000000000364,812.137,1,812.137,461.255,812.137,830.71794540498843,0,18.126670534932657,1,10,21,36,23
92,10,14,LinearHeuristicAuction,0.025,0.04,,True,,1000,10800,cats_arbitrary_g10b50,,False,CATS,50,arbitrary,MultiMinded,1000,MaxIter,33.899999999999636,621.9174,1,498.679,294.30700000000002,461.569,631.20174680426112,0,22.524310562447681,1,10,13,33,24
93,10,18,LinearHeuristicAuction,0.025,0.04,,True,,1000,10800,cats_arbitrary_g10b50,,False,CATS,50,arbitrary,MultiMinded,10,Balance,0.3500000000003638,768.1442,6,581.443,288.50549999999998,768.1442,738.78890094216149,695.51307594216144,737.66738446809654,1,10,7,39,28
94,10,14,LinearHeuristicAuction,0.025,0.04,,True,,1000,10800,cats_arbitrary_g10b50,,False,CATS,50,arbitrary,MultiMinded,36,Balance,1.2100000000009459,704.947,1,704.947,384.09699999999998,704.947,713.80051144021991,704.19808644021987,706.03606876394724,1,10,19,29,24
95,10,15,LinearHeuristicAuction,0.025,0.04,,True,,1000,10800,cats_arbitrary_g10b50,,False,CATS,50,arbitrary,MultiMinded,1000,MaxIter,34.92000000000007,905.548,1,761.598,373.96699999999998,761.598,969.77424887431005,0,6.6347551090847787,1,10,16,35,25
96,10,13,LinearHeuristicAuction,0.025,0.04,,True,,1000,10800,cats_arbitrary_g10b50,,False,CATS,50,arbitrary,MultiMinded,1000,MaxIter,31.1299999999992,802.2189,1,774.483,389.73500000000001,725.4,826.08863567865808,0,8.3297819524749386,1,10,10,29,23
97,10,14,LinearHeuristicAuction,0.025,0.04,,True,,1000,10800,cats_arbitrary_g10b50,,False,CATS,50,arbitrary,MultiMinded,8,Balance,0.2600000000002183,777.4,1,777.4,409.10199999999998,777.4,786.70851545131814,776.48096545131818,785.68555839185115,1,10,15,30,24
98,10,12,LinearHeuristicAuction,0.025,0.04,,True,,1000,10800,cats_arbitrary_g10b50,,False,CATS,50,arbitrary,MultiMinded,1000,MaxIter,34.409999999999854,899.539,1,899.539,522.91999999999996,899.539,920.61234845028059,0,0.0,1,10,26,32,22
99,10,13,LinearHeuristicAuction,0.025,0.04,,True,,1000,10800,cats_arbitrary_g10b50,,False,CATS,50,arbitrary,MultiMinded,20,Balance,0.6499999999996362,941.1115,3,769.536,337.6515,941.1115,893.33283849437146,868.00897599437133,929.66949150272615,1,10,10,30,23
100,10,15,LinearHeuristicAuction,0.025,0.04,,True,,1000,10800,cats_arbitrary_g10b50,,False,CATS,50,arbitrary,MultiMinded,1000,MaxIter,35.81999999999971,733.9616,1,691.502,466.54449999999997,691.502,820.92594059469502,0,0.0,1,10,23,36,25
