idx,items,agents,auction_class,epsilon,stepc,epoch,scalebyvalue,reserve_type,maxiter,maxtime,generator_param_name,personalized,int_prices,generator,bids,distribution,type,rounds,status,runtime,efficient_value,final_num_winners,final_max_agent_value,final_scalevalue,final_value,final_total_price,final_revenue,final_indirect_util,final_price_degree,final_price_sparsity,final_imbalance,final_wd_nvars,final_wd_ncons
1,10,14,LinearSubgradientAuction,0.05,0.04,,True,,1000,10800,cats_arbitrary_g10b50,,False,CATS,50,arbitrary,MultiMinded,1000,MaxIter,179.87000000000262,793.971,1,793.971,469.322,538.175,814.51819058848787,0,7.856583340663235,1,10,5,294,444
2,10,17,LinearSubgradientAuction,0.05,0.04,,True,,1000,10800,cats_arbitrary_g10b50,,False,CATS,50,arbitrary,MultiMinded,1000,MaxIter,219.63000000000466,890.9177,6,838.462,457.63549999999998,814.6813,1015.4427362151775,720.4104931262068,726.49059362681589,1,10,13,357,537
3,10,13,LinearSubgradientAuction,0.05,0.04,,True,,1000,10800,cats_arbitrary_g10b50,,False,CATS,50,arbitrary,MultiMinded,1000,MaxIter,168.45999999999913,689.11,2,689.11,373.73599999999999,647.002,755.50140924278605,629.27796862089883,629.27796862089883,1,10,10,273,413
4,10,17,LinearSubgradientAuction,0.05,0.04,,True,,1000,10800,cats_arbitrary_g10b50,,False,CATS,50,arbitrary,MultiMinded,19,Balance,4.07999999999447,673.823,5,673.823,310.16499999999996,673.4054,664.81095679734653,587.26970679734666,613.09823393058218,1,10,15,357,537
5,10,13,LinearSubgradientAuction,0.05,0.04,,True,,1000,10800,cats_arbitrary_g10b50,,False,CATS,50,arbitrary,MultiMinded,6,Balance,0.9199999999982538,758.773,1,758.773,337.48050000000001,758.773,752.12671625001838,735.25269125001842,747.58320950867574,1,10,8,273,413
6,10,14,LinearSubgradientAuction,0.05,0.04,,True,,1000,10800,cats_arbitrary_g10b50,,False,CATS,50,arbitrary,MultiMinded,1000,MaxIter,182.1600000000035,841.028,3,744.08,361.97500000000002,361.329,811.57152211715641,274.37482021907942,325.96098682929244,1,10,6,294,444
7,10,16,LinearSubgradientAuction,0.05,0.04,,True,,1000,10800,cats_arbitrary_g10b50,,False,CATS,50,arbitrary,MultiMinded,27,Balance,5.470000000001164,859.6020000000001,2,710.786,293.07349999999997,859.6020000000001,849.132059013397,819.82470901339696,843.99417868426815,1,10,3,336,506
8,10,14,LinearSubgradientAuction,0.05,0.04,,True,,1000,10800,cats_arbitrary_g10b50,,False,CATS,50,arbitrary,MultiMinded,120,Balance,21.80000000000291,556.7090000000001,2,486.526,246.58600000000001,556.7090000000001,556.14968586508007,531.49108586508009,532.05040000000008,1,10,0,294,444
9,10,20,LinearSubgradientAuction,0.05,0.04,,True,,1000,10800,cats_arbitrary_g10b50,,False,CATS,50,arbitrary,MultiMinded,111,Balance,27.709999999999127,650.389,3,411.483,212.66149999999999,650.389,657.0154793065542,626.310141939461,630.13664992585973,1,10,2,420,630
10,10,16,LinearSubgradientAuction,0.05,0.04,,True,,1000,10800,cats_arbitrary_g10b50,,False,CATS,50,arbitrary,MultiMinded,10,Balance,1.9500000000043656,974.512,1,974.512,305.01999999999998,974.512,964.53877841917961,949.28777841917963,966.81858372524903,1,10,10,336,506
11,10,18,LinearSubgradientAuction,0.05,0.04,,True,,1000,10800,cats_arbitrary_g10b50,,False,CATS,50,arbitrary,MultiMinded,17,Balance,3.780000000006112,903.4137000000001,5,690.32,184.28,903.4137000000001,849.6877446423872,803.61774464238704,857.3436999999999,1,10,0,378,568
12,10,18,LinearSubgradientAuction,0.05,0.04,,True,,1000,10800,cats_arbitrary_g10b50,,False,CATS,50,arbitrary,MultiMinded,1000,MaxIter,232.72999999999593,476.0346,3,416.605,211.79050000000001,401.7386,484.70375101029583,381.67074256781603,381.67074325195455,1,10,9,378,568
13,10,14,LinearSubgradientAuction,0.05,0.04,,True,,1000,10800,cats_arbitrary_g10b50,,False,CATS,50,arbitrary,MultiMinded,15,Balance,2.6199999999953434,761.647,1,761.647,337.08749999999998,761.647,754.77963957931343,737.92526457931342,744.79262500000004,1,10,0,294,444
14,10,14,LinearSubgradientAuction,0.05,0.04,,True,,1000,10800,cats_arbitrary_g10b50,,False,CATS,50,arbitrary,MultiMinded,498,Balance,90.13000000000466,1115.4950000000001,3,880.107,393.411,1115.4950000000001,1104.5563714532609,1045.6602901763833,1076.1539,1,10,1,294,444
15,10,12,LinearSubgradientAuction,0.05,0.04,,True,,1000,10800,cats_arbitrary_g10b50,,False,CATS,50,arbitrary,MultiMinded,82,Balance,12.769999999996799,871.33,2,871.33,381.12349999999998,871.33,889.07053915325605,852.24676736789274,852.27382499999999,1,10,1,252,382
16,10,14,LinearSubgradientAuction,0.05,0.04,,True,,1000,10800,cats_arbitrary_g10b50,,False,CATS,50,arbitrary,MultiMinded,57,Balance,10.330000000001746,779.7001,5,571.996,300.363,779.7001,775.35521337534772,700.26446337534776,705.89112337959989,1,10,2,294,444
17,10,13,LinearSubgradientAuction,0.05,0.04,,True,,1000,10800,cats_arbitrary_g10b50,,False,CATS,50,arbitrary,MultiMinded,1000,MaxIter,167.15000000000146,721.2810000000001,2,640.028,297.31799999999998,560.339,711.76783527934083,526.52011384278921,548.22593126177367,1,10,4,273,413
18,10,18,LinearSubgradientAuction,0.05,0.04,,True,,1000,10800,cats_arbitrary_g10b50,,False,CATS,50,arbitrary,MultiMinded,86,Balance,19.779999999998836,1005.5310000000001,2,868.696,380.75,1005.5310000000001,1003.6808833821287,965.6058833821287,972.60088698573009,1,10,9,378,568
19,10,14,LinearSubgradientAuction,0.05,0.04,,True,,1000,10800,cats_arbitrary_g10b50,,False,CATS,50,arbitrary,MultiMinded,1000,MaxIter,181.22000000000116,832.065,2,642.87,411.233,338.64300000000003,888.80576290561646,105.93562201354509,108.74664678838612,1,10,9,294,444
20,10,14,LinearSubgradientAuction,0.05,0.04,,True,,1000,10800,cats_arbitrary_g10b50,,False,CATS,50,arbitrary,MultiMinded,44,Balance,7.890000000006694,615.5416,4,453.46,272.30500000000001,615.5416,611.15895130179615,556.69795130179614,567.96407686630312,1,10,2,294,444
21,10,17,LinearSubgradientAuction,0.05,0.04,,True,,1000,10800,cats_arbitrary_g10b50,,False,CATS,50,arbitrary,MultiMinded,1000,MaxIter,218.5899999999965,618.958,2,618.958,240.48899999999998,298.0833,652.43176613760068,45.738629854193647,49.011644572929825,1,10,9,357,537
22,10,13,LinearSubgradientAuction,0.05,0.04,,True,,1000,10800,cats_arbitrary_g10b50,,False,CATS,50,arbitrary,MultiMinded,1000,MaxIter,167.9800000000032,879.723,2,879.723,407.96800000000002,417.542,1047.0249576932847,397.65981458369549,398.252124529051,1,10,3,273,413
23,10,15,LinearSubgradientAuction,0.05,0.04,,True,,1000,10800,cats_arbitrary_g10b50,,False,CATS,50,arbitrary,MultiMinded,86,Balance,16.460000000006403,977.097,3,977.097,436.84800000000001,957.9259999999999,973.99446701204147,910.6659525419077,919.07050516308493,1,10,12,315,475
24,10,13,LinearSubgradientAuction,0.05,0.04,,True,,1000,10800,cats_arbitrary_g10b50,,False,CATS,50,arbitrary,MultiMinded,1000,MaxIter,170.33000000000175,612.4065,2,552.965,296.99549999999999,341.271,647.21629405503074,327.7107514327941,327.71080375726422,1,10,9,273,413
25,10,16,LinearSubgradientAuction,0.05,0.04,,True,,1000,10800,cats_arbitrary_g10b50,,False,CATS,50,arbitrary,MultiMinded,1000,MaxIter,202.02000000000407,742.2606000000001,2,689.211,308.97050000000002,184.8056,759.39523716817234,54.749064921385667,55.319805039641707,1,10,9,336,506
26,10,13,LinearSubgradientAuction,0.05,0.04,,True,,1000,10800,cats_arbitrary_g10b50,,False,CATS,50,arbitrary,MultiMinded,1000,MaxIter,170.63999999999942,887.9649999999999,1,818.015,382.74599999999998,348.511,910.92633968052724,0,3.0593635295207378,1,10,10,273,413
27,10,13,LinearSubgradientAuction,0.05,0.04,,True,,1000,10800,cats_arbitrary_g10b50,,False,CATS,50,arbitrary,MultiMinded,1000,MaxIter,167.8000000000029,775.689,3,775.689,348.334,501.464,833.1634363148421,485.33618356139289,485.33618356139289,1,10,8,273,413
28,10,15,LinearSubgradientAuction,0.05,0.04,,True,,1000,10800,cats_arbitrary_g10b50,,False,CATS,50,arbitrary,MultiMinded,59,Balance,11.369999999995343,604.885,1,604.885,314.90100000000001,604.885,603.09237367554374,587.34732367554375,589.98498399582377,1,10,3,315,475
29,10,12,LinearSubgradientAuction,0.05,0.04,,True,,1000,10800,cats_arbitrary_g10b50,,False,CATS,50,arbitrary,MultiMinded,1000,MaxIter,157.11000000000058,642.809,1,642.809,296.26149999999996,574.789,720.93110784583382,0,7.120460259906082,1,10,10,252,382
30,10,16,LinearSubgradientAuction,0.05,0.04,,True,,1000,10800,cats_arbitrary_g10b50,,False,CATS,50,arbitrary,MultiMinded,1000,MaxIter,204.6800000000003,754.962,3,660.473,247.715,558.8355,764.035272683161,339.92192061315643,340.49313017968871,1,10,4,336,506
31,10,15,LinearSubgradientAuction,0.05,0.04,,True,,1000,10800,cats_arbitrary_g10b50,,False,CATS,50,arbitrary,MultiMinded,1000,MaxIter,195.40000000000146,914.694,1,907.121,520.11850000000004,314.481,985.94752173977759,0,8.145348260429202,1,10,10,315,475
32,10,13,LinearSubgradientAuction,0.05,0.04,,True,,1000,10800,cats_arbitrary_g10b50,,False,CATS,50,arbitrary,MultiMinded,1000,MaxIter,167.63999999999942,619.2586,2,603.07,291.851,269.647,719.21935413619212,254.3104186966128,256.81601216294774,1,10,7,273,413
33,10,16,LinearSubgradientAuction,0.05,0.04,,True,,1000,10800,cats_arbitrary_g10b50,,False,CATS,50,arbitrary,MultiMinded,1000,MaxIter,207.5899999999965,622.297,2,622.297,224.69200000000001,129.879,621.31490228670589,107.77181807597817,122.72193305325267,1,10,8,336,506
34,10,15,LinearSubgradientAuction,0.05,0.04,,True,,1000,10800,cats_arbitrary_g10b50,,False,CATS,50,arbitrary,MultiMinded,26,Balance,4.860000000000582,868.13,3,756.065,258.05500000000001,868.129,857.35893131980492,818.6506813198049,836.53356099124994,1,10,3,315,475
35,10,15,LinearSubgradientAuction,0.05,0.04,,True,,1000,10800,cats_arbitrary_g10b50,,False,CATS,50,arbitrary,MultiMinded,1000,MaxIter,191.70999999999913,804.713,3,804.713,330.97899999999998,776.79,843.35113238566998,744.17388824215379,744.18170438148877,1,10,8,315,475
36,10,15,LinearSubgradientAuction,0.05,0.04,,True,,1000,10800,cats_arbitrary_g10b50,,False,CATS,50,arbitrary,MultiMinded,1000,MaxIter,195.3399999999965,643.0699999999999,3,632.425,412.71300000000002,110.6884,669.32976442294319,69.416579958555189,70.175189783746475,1,10,2,315,475
37,10,12,LinearSubgradientAuction,0.05,0.04,,True,,1000,10800,cats_arbitrary_g10b50,,False,CATS,50,arbitrary,MultiMinded,1000,MaxIter,158.72999999999593,701.3026000000001,2,634.495,369.97450000000003,480.263,740.29512493574271,452.15247102025836,464.57141716903141,1,10,4,252,382
38,10,14,LinearSubgradientAuction,0.05,0.04,,True,,1000,10800,cats_arbitrary_g10b50,,False,CATS,50,arbitrary,MultiMinded,1000,MaxIter,182.8399999999965,691.88,2,653.657,339.25200000000001,471.666,754.9362071115695,453.89239203055411,454.8688499190892,1,10,5,294,444
39,10,18,LinearSubgradientAuction,0.05,0.04,,True,,1000,10800,cats_arbitrary_g10b50,,False,CATS,50,arbitrary,MultiMinded,26,Balance,5.739999999997963,955.2540000000001,3,721.473,276.10400000000004,955.2540000000001,938.2252281272273,896.80962812722726,913.83840000000009,1,10,0,378,568
40,10,15,LinearSubgradientAuction,0.05,0.04,,True,,1000,10800,cats_arbitrary_g10b50,,False,CATS,50,arbitrary,MultiMinded,1000,MaxIter,193.87999999999738,882.337,3,850.424,422.59100000000001,288.769,913.7233646767819,246.50959653229359,251.24072832114854,1,10,7,315,475
41,10,14,LinearSubgradientAuction,0.05,0.04,,True,,1000,10800,cats_arbitrary_g10b50,,False,CATS,50,arbitrary,MultiMinded,1000,MaxIter,179.84999999999854,806.5720000000001,1,744.105,394.66899999999998,744.105,821.59738699376601,0,2.9056740659791416,1,10,10,294,444
42,10,12,LinearSubgradientAuction,0.05,0.04,,True,,1000,10800,cats_arbitrary_g10b50,,False,CATS,50,arbitrary,MultiMinded,1000,MaxIter,156.75999999999476,674.607,1,650.249,261.25450000000001,185.032,695.78210896663484,0,1.3591345601963667,1,10,10,252,382
43,10,18,LinearSubgradientAuction,0.05,0.04,,True,,1000,10800,cats_arbitrary_g10b50,,False,CATS,50,arbitrary,MultiMinded,14,Balance,3.0199999999967986,710.9245999999999,2,698.897,258.83499999999998,710.9245999999999,705.76211233482513,679.87861233482511,685.04110000000003,1,10,0,378,568
44,10,12,LinearSubgradientAuction,0.05,0.04,,True,,1000,10800,cats_arbitrary_g10b50,,False,CATS,50,arbitrary,MultiMinded,1000,MaxIter,155.6800000000003,748.73,3,701.292,407.33100000000002,732.842,776.1154803887373,693.69865699998866,693.69865699998866,1,10,6,252,382
45,10,15,LinearSubgradientAuction,0.05,0.04,,True,,1000,10800,cats_arbitrary_g10b50,,False,CATS,50,arbitrary,MultiMinded,18,Balance,3.3700000000026193,753.639,3,656.884,388.58100000000002,753.639,745.67877630428939,687.3916263042895,695.35185000000001,1,10,0,315,475
46,10,17,LinearSubgradientAuction,0.05,0.04,,True,,1000,10800,cats_arbitrary_g10b50,,False,CATS,50,arbitrary,MultiMinded,84,Balance,18.130000000004657,944.9340000000001,4,844.841,403.99299999999999,944.9340000000001,941.7587946560177,860.96019465601762,865.71095384216574,1,10,2,357,537
47,10,14,LinearSubgradientAuction,0.05,0.04,,True,,1000,10800,cats_arbitrary_g10b50,,False,CATS,50,arbitrary,MultiMinded,1000,MaxIter,183.56000000000495,898.101,2,893.489,324.04449999999997,822.023,932.08135886790478,807.8377777149592,807.8377777149592,1,10,8,294,444
48,10,15,LinearSubgradientAuction,0.05,0.04,,True,,1000,10800,cats_arbitrary_g10b50,,False,CATS,50,arbitrary,MultiMinded,13,Balance,2.390000000006694,889.443,3,787.484,397.44799999999998,889.443,848.76768289705933,789.15048289705919,845.49168462862281,1,10,11,315,475
49,10,14,LinearSubgradientAuction,0.05,0.04,,True,,1000,10800,cats_arbitrary_g10b50,,False,CATS,50,arbitrary,MultiMinded,1000,MaxIter,181.8000000000029,945.042,2,781.262,432.49200000000002,487.376,950.51495299769795,467.68102826681081,467.98961188279816,1,10,5,294,444
50,10,14,LinearSubgradientAuction,0.05,0.04,,True,,1000,10800,cats_arbitrary_g10b50,,False,CATS,50,arbitrary,MultiMinded,1000,MaxIter,179.29000000000087,815.381,3,698.568,297.62700000000001,426.936,891.69480810715663,412.42941047698173,412.69041324171428,1,10,5,294,444
51,10,19,LinearSubgradientAuction,0.05,0.04,,True,,1000,10800,cats_arbitrary_g10b50,,False,CATS,50,arbitrary,MultiMinded,36,Balance,8.639999999999418,593.082,1,593.082,349.66500000000002,593.082,591.58342999711908,574.10017999711908,612.57146951135655,1,10,19,399,599
52,10,12,LinearSubgradientAuction,0.05,0.04,,True,,1000,10800,cats_arbitrary_g10b50,,False,CATS,50,arbitrary,MultiMinded,1000,MaxIter,156.63999999999942,842.818,2,842.818,428.04949999999997,653.8330000000001,917.73785460191448,244.93451079294525,251.92446248858221,1,10,5,252,382
53,10,17,LinearSubgradientAuction,0.05,0.04,,True,,1000,10800,cats_arbitrary_g10b50,,False,CATS,50,arbitrary,MultiMinded,1000,MaxIter,216.45999999999913,787.8274,3,644.907,269.82600000000002,570.4793999999999,811.69074039837869,474.23603854176275,478.08157696313106,1,10,5,357,537
54,10,14,LinearSubgradientAuction,0.05,0.04,,True,,1000,10800,cats_arbitrary_g10b50,,False,CATS,50,arbitrary,MultiMinded,7,Balance,1.1900000000023283,810.751,3,699.486,371.92899999999997,810.751,784.52593607871415,728.73658607871414,759.91331441259501,1,10,12,294,444
55,10,14,LinearSubgradientAuction,0.05,0.04,,True,,1000,10800,cats_arbitrary_g10b50,,False,CATS,50,arbitrary,MultiMinded,1000,MaxIter,181.45999999999913,778.56,1,652.834,405.49599999999998,0.0,799.56875020834127,0,4.5789367495017075,1,10,9,294,444
56,10,14,LinearSubgradientAuction,0.05,0.04,,True,,1000,10800,cats_arbitrary_g10b50,,False,CATS,50,arbitrary,MultiMinded,1000,MaxIter,182.70999999999913,720.833,1,718.63,414.24000000000001,217.271,750.66336781416908,0,0.0,1,10,10,294,444
57,10,13,LinearSubgradientAuction,0.05,0.04,,True,,1000,10800,cats_arbitrary_g10b50,,False,CATS,50,arbitrary,MultiMinded,1000,MaxIter,169.30999999999767,742.0273,2,583.324,429.03550000000001,671.444,768.83411897955489,532.8585752791638,532.88222499999995,1,10,4,273,413
58,10,18,LinearSubgradientAuction,0.05,0.04,,True,,1000,10800,cats_arbitrary_g10b50,,False,CATS,50,arbitrary,MultiMinded,1000,MaxIter,230.80999999999767,927.076,5,790.752,213.971,777.9092,975.70323577142722,704.92638824970334,736.72516261943383,1,10,8,378,568
59,10,15,LinearSubgradientAuction,0.05,0.04,,True,,1000,10800,cats_arbitrary_g10b50,,False,CATS,50,arbitrary,MultiMinded,1000,MaxIter,190.51000000000204,685.266,3,685.266,301.03800000000001,673.322,718.5030783986407,643.44535075966303,643.55104273303778,1,10,7,315,475
60,10,17,LinearSubgradientAuction,0.05,0.04,,True,,1000,10800,cats_arbitrary_g10b50,,False,CATS,50,arbitrary,MultiMinded,1000,MaxIter,213.22000000000116,763.9352999999999,3,684.98,313.44299999999998,450.424,719.71263959200678,358.25284649197215,420.26881220554412,1,10,4,357,537
61,10,15,LinearSubgradientAuction,0.05,0.04,,True,,1000,10800,cats_arbitrary_g10b50,,False,CATS,50,arbitrary,MultiMinded,11,Balance,2.0199999999967986,906.867,3,800.076,363.90899999999999,906.867,874.72927943057653,820.14292943057649,868.04270493291153,1,10,7,315,475
62,10,13,LinearSubgradientAuction,0.05,0.04,,True,,1000,10800,cats_arbitrary_g10b50,,False,CATS,50,arbitrary,MultiMinded,1000,MaxIter,170.13999999999942,838.7230000000001,2,739.886,355.20699999999999,253.25150000000002,900.46298157724368,61.549724927683897,66.024706424529711,1,10,9,273,413
63,10,17,LinearSubgradientAuction,0.05,0.04,,True,,1000,10800,cats_arbitrary_g10b50,,False,CATS,50,arbitrary,MultiMinded,1000,MaxIter,219.40000000000146,879.858,1,879.858,289.45299999999997,335.529,900.29052022041969,0,0.0,1,10,10,357,537
64,10,13,LinearSubgradientAuction,0.05,0.04,,True,,1000,10800,cats_arbitrary_g10b50,,False,CATS,50,arbitrary,MultiMinded,15,Balance,2.469999999993888,699.8910000000001,4,546.14,336.69400000000002,693.247,675.13120578927737,607.79240578927738,646.38477791661853,1,10,19,273,413
65,10,14,LinearSubgradientAuction,0.05,0.04,,True,,1000,10800,cats_arbitrary_g10b50,,False,CATS,50,arbitrary,MultiMinded,1000,MaxIter,180.62999999999738,747.1110000000001,3,683.377,371.40150000000006,618.0550000000001,774.8148609226206,583.74279245347759,584.23958740694695,1,10,11,294,444
66,10,16,LinearSubgradientAuction,0.05,0.04,,True,,1000,10800,cats_arbitrary_g10b50,,False,CATS,50,arbitrary,MultiMinded,51,Balance,10.25,804.7069,4,692.962,241.77600000000001,804.7069,741.10941527960472,692.75421527960475,758.56605788782679,1,10,8,336,506
67,10,15,LinearSubgradientAuction,0.05,0.04,,True,,1000,10800,cats_arbitrary_g10b50,,False,CATS,50,arbitrary,MultiMinded,44,Balance,8.349999999998545,950.858,2,795.087,420.85149999999999,950.858,947.99262990314628,905.9074799031464,913.83197724112006,1,10,5,315,475
68,10,17,LinearSubgradientAuction,0.05,0.04,,True,,1000,10800,cats_arbitrary_g10b50,,False,CATS,50,arbitrary,MultiMinded,24,Balance,5.05000000000291,638.514,4,583.892,266.64400000000001,636.1027999999999,638.29329255986568,586.49162317803166,596.10620000000006,1,10,1,357,537
69,10,13,LinearSubgradientAuction,0.05,0.04,,True,,1000,10800,cats_arbitrary_g10b50,,False,CATS,50,arbitrary,MultiMinded,1000,MaxIter,167.9300000000003,653.81,2,515.575,365.36749999999995,472.802,683.35506616133182,250.00450836032417,254.52929180384126,1,10,6,273,413
70,10,16,LinearSubgradientAuction,0.05,0.04,,True,,1000,10800,cats_arbitrary_g10b50,,False,CATS,50,arbitrary,MultiMinded,1000,MaxIter,203.4499999999971,813.773,2,813.773,239.7945,803.88,867.67941943727078,791.84720356351113,792.80862012083799,1,10,3,336,506
71,10,18,LinearSubgradientAuction,0.05,0.04,,True,,1000,10800,cats_arbitrary_g10b50,,False,CATS,50,arbitrary,MultiMinded,1000,MaxIter,230.2899999999936,936.203,1,936.203,330.1275,103.987,1072.8980953597811,0,9.1324005765011549,1,10,10,378,568
72,10,19,LinearSubgradientAuction,0.05,0.04,,True,,1000,10800,cats_arbitrary_g10b50,,False,CATS,50,arbitrary,MultiMinded,10,Balance,2.3100000000049477,742.889,1,742.889,330.43299999999999,742.889,751.8104207822297,735.28877078222968,735.28877078222968,1,10,10,399,599
73,10,13,LinearSubgradientAuction,0.05,0.04,,True,,1000,10800,cats_arbitrary_g10b50,,False,CATS,50,arbitrary,MultiMinded,1000,MaxIter,170.02999999999884,829.25,1,829.25,443.63649999999996,433.775,908.46398456126531,0,4.3180380271367085,1,10,10,273,413
74,10,17,LinearSubgradientAuction,0.05,0.04,,True,,1000,10800,cats_arbitrary_g10b50,,False,CATS,50,arbitrary,MultiMinded,1000,MaxIter,218.6400000000067,785.147,2,785.147,194.18100000000001,323.045,786.24826109359446,295.7524074166227,313.53315592141377,1,10,7,357,537
75,10,14,LinearSubgradientAuction,0.05,0.04,,True,,1000,10800,cats_arbitrary_g10b50,,False,CATS,50,arbitrary,MultiMinded,1000,MaxIter,181.22000000000116,877.244,2,869.635,380.94749999999999,715.007,918.16789250125203,696.56462786641509,696.56462786641509,1,10,3,294,444
76,10,15,LinearSubgradientAuction,0.05,0.04,,True,,1000,10800,cats_arbitrary_g10b50,,False,CATS,50,arbitrary,MultiMinded,1000,MaxIter,194.80999999999767,772.528,4,772.528,426.029,761.183,832.08781586860778,707.94437731975347,707.94437731975347,1,10,27,315,475
77,10,16,LinearSubgradientAuction,0.05,0.04,,True,,1000,10800,cats_arbitrary_g10b50,,False,CATS,50,arbitrary,MultiMinded,1000,MaxIter,201.40000000000146,610.0541,4,475.061,229.33799999999999,467.1781,666.77108544293606,417.67219132043391,434.30108284373966,1,10,6,336,506
78,10,16,LinearSubgradientAuction,0.05,0.04,,True,,1000,10800,cats_arbitrary_g10b50,,False,CATS,50,arbitrary,MultiMinded,1000,MaxIter,202.3000000000029,738.191,2,718.579,283.06200000000001,431.185,809.39664630622951,416.4831078146583,417.52459550146091,1,10,5,336,506
79,10,16,LinearSubgradientAuction,0.05,0.04,,True,,1000,10800,cats_arbitrary_g10b50,,False,CATS,50,arbitrary,MultiMinded,1000,MaxIter,206.97000000000116,789.0369999999999,2,767.227,328.78500000000003,696.422,833.42383611766854,539.63237429449475,544.44372408472918,1,10,4,336,506
80,10,14,LinearSubgradientAuction,0.05,0.04,,True,,1000,10800,cats_arbitrary_g10b50,,False,CATS,50,arbitrary,MultiMinded,20,Balance,3.5200000000040745,755.88,1,755.88,295.50850000000003,755.88,755.36308904054613,740.58766404054609,743.3595871620812,1,10,1,294,444
81,10,16,LinearSubgradientAuction,0.05,0.04,,True,,1000,10800,cats_arbitrary_g10b50,,False,CATS,50,arbitrary,MultiMinded,1000,MaxIter,205.6800000000003,454.25449999999995,4,381.144,179.05700000000002,365.2342,504.75788489558295,338.60395497515606,338.60432184545266,1,10,3,336,506
82,10,14,LinearSubgradientAuction,0.05,0.04,,True,,1000,10800,cats_arbitrary_g10b50,,False,CATS,50,arbitrary,MultiMinded,1000,MaxIter,179.76000000000204,813.1470999999999,2,678.08,361.98400000000004,443.729,916.81018684697108,426.41387308784556,426.41387308784556,1,10,2,294,444
83,10,15,LinearSubgradientAuction,0.05,0.04,,True,,1000,10800,cats_arbitrary_g10b50,,False,CATS,50,arbitrary,MultiMinded,1000,MaxIter,194.02999999999884,897.3420000000001,2,818.953,242.078,226.102,1002.0870538901181,203.43410645968333,219.25910933650684,1,10,8,315,475
84,10,14,LinearSubgradientAuction,0.05,0.04,,True,,1000,10800,cats_arbitrary_g10b50,,False,CATS,50,arbitrary,MultiMinded,1000,MaxIter,180.27999999999884,716.866,1,684.777,321.96300000000002,292.042,742.41430440035663,0,3.3127152637955817,1,10,10,294,444
85,10,11,LinearSubgradientAuction,0.05,0.04,,True,,1000,10800,cats_arbitrary_g10b50,,False,CATS,50,arbitrary,MultiMinded,1000,MaxIter,146.66999999999825,679.457,2,679.457,442.82050000000004,659.694,755.01843322280627,639.2677494648849,639.2677494648849,1,10,9,231,351
86,10,15,LinearSubgradientAuction,0.05,0.04,,True,,1000,10800,cats_arbitrary_g10b50,,False,CATS,50,arbitrary,MultiMinded,1000,MaxIter,192.7199999999939,950.965,3,818.766,310.39699999999999,660.204,1034.207214879716,572.0567456225765,629.86244800461827,1,10,4,315,475
87,10,14,LinearSubgradientAuction,0.05,0.04,,True,,1000,10800,cats_arbitrary_g10b50,,False,CATS,50,arbitrary,MultiMinded,170,Balance,30.810000000004948,997.2170000000001,3,716.545,235.80250000000001,997.2170000000001,937.93544680655884,902.56507180655888,965.14561617839831,1,10,7,294,444
88,10,14,LinearSubgradientAuction,0.05,0.04,,True,,1000,10800,cats_arbitrary_g10b50,,False,CATS,50,arbitrary,MultiMinded,1000,MaxIter,182.72000000000116,758.38,2,758.38,394.31950000000001,642.261,797.74497430123574,623.80700592320977,623.80700592320977,1,10,4,294,444
89,10,14,LinearSubgradientAuction,0.05,0.04,,True,,1000,10800,cats_arbitrary_g10b50,,False,CATS,50,arbitrary,MultiMinded,22,Balance,3.9100000000034925,732.443,2,644.233,339.30900000000003,732.443,729.85952669668472,695.92862669668466,698.54855890169154,1,10,4,294,444
90,10,14,LinearSubgradientAuction,0.05,0.04,,True,,1000,10800,cats_arbitrary_g10b50,,False,CATS,50,arbitrary,MultiMinded,15,Balance,2.610000000000582,891.85,3,807.355,295.7045,891.85,883.20466826087454,838.84899326087441,851.43213333642154,1,10,9,294,444
91,10,13,LinearSubgradientAuction,0.05,0.04,,True,,1000,10800,cats_arbitrary_g10b50,,False,CATS,50,arbitrary,MultiMinded,1000,MaxIter,169.3399999999965,812.137,2,812.137,461.255,371.564,829.0406426654032,332.03837357966785,351.71366106823257,1,10,5,273,413
92,10,14,LinearSubgradientAuction,0.05,0.04,,True,,1000,10800,cats_arbitrary_g10b50,,False,CATS,50,arbitrary,MultiMinded,1000,MaxIter,179.38000000000466,621.9174,2,498.679,294.30700000000002,199.877,631.20174680426135,162.78257252769362,185.30688309014118,1,10,7,294,444
93,10,18,LinearSubgradientAuction,0.05,0.04,,True,,1000,10800,cats_arbitrary_g10b50,,False,CATS,50,arbitrary,MultiMinded,15,Balance,3.319999999999709,768.1442,6,581.443,288.50549999999998,768.1442,740.40794932992117,653.85629932992106,683.31376522975063,1,10,6,378,568
94,10,14,LinearSubgradientAuction,0.05,0.04,,True,,1000,10800,cats_arbitrary_g10b50,,False,CATS,50,arbitrary,MultiMinded,24,Balance,4.290000000000873,704.947,1,704.947,384.09699999999998,704.947,699.86952808204694,680.66467808204698,704.05778666836602,1,10,18,294,444
95,10,15,LinearSubgradientAuction,0.05,0.04,,True,,1000,10800,cats_arbitrary_g10b50,,False,CATS,50,arbitrary,MultiMinded,1000,MaxIter,193.8199999999997,905.548,2,761.598,373.96699999999998,550.292,969.77425359559311,524.95890285994176,531.59364852869726,1,10,4,315,475
96,10,13,LinearSubgradientAuction,0.05,0.04,,True,,1000,10800,cats_arbitrary_g10b50,,False,CATS,50,arbitrary,MultiMinded,1000,MaxIter,168.09000000000378,802.2189,1,774.483,389.73500000000001,427.857,826.08863567865797,0,8.3297819524752867,1,10,10,273,413
97,10,14,LinearSubgradientAuction,0.05,0.04,,True,,1000,10800,cats_arbitrary_g10b50,,False,CATS,50,arbitrary,MultiMinded,9,Balance,1.5299999999988358,777.4,1,777.4,409.10199999999998,777.4,757.78063561162026,737.32553561162024,776.94737288414922,1,10,8,294,444
98,10,12,LinearSubgradientAuction,0.05,0.04,,True,,1000,10800,cats_arbitrary_g10b50,,False,CATS,50,arbitrary,MultiMinded,1000,MaxIter,158.57000000000698,899.539,2,899.539,522.91999999999996,592.422,924.76123086295706,564.70585171410312,567.71582446998389,1,10,3,252,382
99,10,13,LinearSubgradientAuction,0.05,0.04,,True,,1000,10800,cats_arbitrary_g10b50,,False,CATS,50,arbitrary,MultiMinded,36,Balance,6.019999999996799,941.1115,3,769.536,337.6515,941.1115,896.84802197842555,846.20029697842574,898.83156151375033,1,10,4,273,413
100,10,15,LinearSubgradientAuction,0.05,0.04,,True,,1000,10800,cats_arbitrary_g10b50,,False,CATS,50,arbitrary,MultiMinded,1000,MaxIter,191.84000000000378,733.9616,2,691.502,466.54449999999997,97.3621,816.20770679355405,74.03458933704708,79.322332288633334,1,10,9,315,475
