idx,items,agents,auction_class,epsilon,stepc,epoch,scalebyvalue,reserve_type,maxiter,maxtime,generator_param_name,personalized,int_prices,generator,bids,distribution,type,rounds,status,runtime,efficient_value,final_num_winners,final_max_agent_value,final_scalevalue,final_value,final_total_price,final_revenue,final_indirect_util,final_price_degree,final_price_sparsity,final_imbalance,final_wd_nvars,final_wd_ncons
1,30,34,LinearSubgradientAuction,0.05,0.04,,True,,1000,10800,cats_arbitrary_g30b150,,False,CATS,150,arbitrary,MultiMinded,1000,MaxIter,1394.5599999999977,1985.8648,10,1958.65,585.33899999999994,1425.6190000000001,2267.2661243794068,1277.4962907765037,1277.6585929483012,1,30,66,2074,3124
2,30,35,LinearSubgradientAuction,0.05,0.04,,True,,1000,10800,cats_arbitrary_g30b150,,False,CATS,150,arbitrary,MultiMinded,429,Balance,619.5200000000041,2197.79,1,2197.79,440.00599999999997,2197.79,2197.7831071212754,2175.7828071212753,2175.7896999999998,1,30,0,2135,3215
3,30,33,LinearSubgradientAuction,0.05,0.04,,True,,1000,10800,cats_arbitrary_g30b150,,False,CATS,150,arbitrary,MultiMinded,1000,MaxIter,1391.8500000000058,2537.724,8,1980.67,603.23800000000006,946.226,2846.5192550051615,864.47399985387824,866.00052435207886,1,30,26,2013,3033
4,30,33,LinearSubgradientAuction,0.05,0.04,,True,,1000,10800,cats_arbitrary_g30b150,,False,CATS,150,arbitrary,MultiMinded,1000,MaxIter,1389.3499999999913,2018.328,2,1780.26,501.12400000000002,380.558,2161.5817830658457,153.5780494527051,192.44802660664573,1,30,28,2013,3033
5,30,32,LinearSubgradientAuction,0.05,0.04,,True,,1000,10800,cats_arbitrary_g30b150,,False,CATS,150,arbitrary,MultiMinded,1000,MaxIter,1304.4700000000012,1876.8708299999998,2,1770.89,624.08600000000001,773.226,2287.8913136361821,422.2698414732692,447.61724114193265,1,30,23,1952,2942
6,30,33,LinearSubgradientAuction,0.05,0.04,,True,,1000,10800,cats_arbitrary_g30b150,,False,CATS,150,arbitrary,MultiMinded,1000,MaxIter,1384.229999999996,2052.619,8,1672.04,727.22400000000005,840.0708999999999,2647.622669496116,703.59956313133091,704.34714784670325,1,30,25,2013,3033
7,30,30,LinearSubgradientAuction,0.05,0.04,,True,,1000,10800,cats_arbitrary_g30b150,,False,CATS,150,arbitrary,MultiMinded,1000,MaxIter,1219.3399999999965,2256.612,3,2088.18,661.12950000000001,774.633,2672.5187173424497,744.84743941137015,744.84743941137015,1,30,22,1830,2760
8,30,35,LinearSubgradientAuction,0.05,0.04,,True,,1000,10800,cats_arbitrary_g30b150,,False,CATS,150,arbitrary,MultiMinded,1000,MaxIter,1440.5299999999988,1886.9858,2,1721.43,762.18450000000007,443.864,2055.7087076993789,16.033409042595004,23.651311430319247,1,30,29,2135,3215
9,30,32,LinearSubgradientAuction,0.05,0.04,,True,,1000,10800,cats_arbitrary_g30b150,,False,CATS,150,arbitrary,MultiMinded,1000,MaxIter,1319.0599999999977,1903.7699,2,1559.25,844.62750000000005,1319.922,2222.1921018239655,193.30426270204609,194.01075659157121,1,30,28,1952,2942
10,30,36,LinearSubgradientAuction,0.05,0.04,,True,,1000,10800,cats_arbitrary_g30b150,,False,CATS,150,arbitrary,MultiMinded,1000,MaxIter,1502.9100000000035,2500.0740000000005,12,2217.68,621.28700000000003,1517.0280000000002,2759.1383346311045,1262.3046178256122,1312.0771496296436,1,30,31,2196,3306
11,30,30,LinearSubgradientAuction,0.05,0.04,,True,,1000,10800,cats_arbitrary_g30b150,,False,CATS,150,arbitrary,MultiMinded,1000,MaxIter,1239.0800000000017,1868.241,7,1447.57,637.68550000000005,1165.3519999999999,2403.1827432731493,1042.2548085300919,1043.8015561883753,1,30,26,1830,2760
12,30,32,LinearSubgradientAuction,0.05,0.04,,True,,1000,10800,cats_arbitrary_g30b150,,False,CATS,150,arbitrary,MultiMinded,1000,MaxIter,1332.1399999999994,1629.6809799999999,6,1454.03,563.44500000000005,685.529,2046.9623096099265,633.30083571454372,633.88397762244472,1,30,32,1952,2942
13,30,33,LinearSubgradientAuction,0.05,0.04,,True,,1000,10800,cats_arbitrary_g30b150,,False,CATS,150,arbitrary,MultiMinded,1000,MaxIter,1377.3800000000047,1977.1191,10,1667.86,707.56150000000002,787.8733,2274.9004829056926,631.14872757499984,631.14872757499984,1,30,62,2013,3033
14,30,33,LinearSubgradientAuction,0.05,0.04,,True,,1000,10800,cats_arbitrary_g30b150,,False,CATS,150,arbitrary,MultiMinded,1000,MaxIter,1394.5400000000081,2717.117,6,1791.51,726.46749999999997,1330.911,2873.8572027035698,1163.5951234435136,1193.2149806804246,1,30,13,2013,3033
15,30,30,LinearSubgradientAuction,0.05,0.04,,True,,1000,10800,cats_arbitrary_g30b150,,False,CATS,150,arbitrary,MultiMinded,1000,MaxIter,1242.8600000000006,2171.381,4,1868.55,921.70799999999997,1286.6689999999999,2665.8446109067095,1200.3683702963735,1201.9139836545658,1,30,17,1830,2760
16,30,34,LinearSubgradientAuction,0.05,0.04,,True,,1000,10800,cats_arbitrary_g30b150,,False,CATS,150,arbitrary,MultiMinded,1000,MaxIter,1408.5299999999988,2091.4660000000003,4,1581.43,466.154,662.05,2360.7805269076957,606.17981744958968,619.45065703475677,1,30,20,2074,3124
17,30,32,LinearSubgradientAuction,0.05,0.04,,True,,1000,10800,cats_arbitrary_g30b150,,False,CATS,150,arbitrary,MultiMinded,1000,MaxIter,1310.8699999999953,1828.406,8,1506.32,727.10699999999997,601.8797000000001,2070.7800944214896,511.5807148148977,511.5807148148977,1,30,45,1952,2942
18,30,33,LinearSubgradientAuction,0.05,0.04,,True,,1000,10800,cats_arbitrary_g30b150,,False,CATS,150,arbitrary,MultiMinded,1000,MaxIter,1376.1199999999953,2345.2870000000003,10,2117.29,776.08299999999997,1222.2532999999999,2689.4564767429183,1062.6637029952858,1062.6637029952858,1,30,90,2013,3033
19,30,34,LinearSubgradientAuction,0.05,0.04,,True,,1000,10800,cats_arbitrary_g30b150,,False,CATS,150,arbitrary,MultiMinded,1000,MaxIter,1410.4800000000105,2287.142,11,1551.3,564.779,1039.3919,2650.2852361947616,903.47286680852847,908.16631858037863,1,30,39,2074,3124
20,30,34,LinearSubgradientAuction,0.05,0.04,,True,,1000,10800,cats_arbitrary_g30b150,,False,CATS,150,arbitrary,MultiMinded,1000,MaxIter,1404.3099999999977,1940.03319,1,1543.36,583.99600000000009,1543.36,2251.8233523140088,0,10.598125943006586,1,30,30,2074,3124
21,30,32,LinearSubgradientAuction,0.05,0.04,,True,,1000,10800,cats_arbitrary_g30b150,,False,CATS,150,arbitrary,MultiMinded,1000,MaxIter,1303.6699999999983,1599.0811999999999,7,1355.45,695.58449999999993,712.2672,2019.0153790697184,576.73272338614424,576.86930786264293,1,30,20,1952,2942
22,30,33,LinearSubgradientAuction,0.05,0.04,,True,,1000,10800,cats_arbitrary_g30b150,,False,CATS,150,arbitrary,MultiMinded,1000,MaxIter,1397.1100000000006,2282.8423000000003,4,1879.28,739.774,1105.95,2521.3494228771997,1081.3203010938425,1082.1539583338017,1,30,27,2013,3033
23,30,33,LinearSubgradientAuction,0.05,0.04,,True,,1000,10800,cats_arbitrary_g30b150,,False,CATS,150,arbitrary,MultiMinded,1000,MaxIter,1392.0599999999977,2403.9993,6,2044.82,717.20399999999995,1065.627,2873.9063642647611,1001.3889896876213,1002.2952388233616,1,30,26,2013,3033
24,30,30,LinearSubgradientAuction,0.05,0.04,,True,,1000,10800,cats_arbitrary_g30b150,,False,CATS,150,arbitrary,MultiMinded,1000,MaxIter,1232.0800000000017,2126.121,5,1969.43,482.00350000000003,780.557,2524.805957720414,735.20439877153399,739.64998315803598,1,30,24,1830,2760
25,30,29,LinearSubgradientAuction,0.05,0.04,,True,,1000,10800,cats_arbitrary_g30b150,,False,CATS,150,arbitrary,MultiMinded,1000,MaxIter,1200.6699999999983,1852.1607,4,1764.81,936.35900000000004,980.037,2291.7730035577511,901.22306562408471,904.22130106949544,1,30,19,1769,2669
26,30,39,LinearSubgradientAuction,0.05,0.04,,True,,1000,10800,cats_arbitrary_g30b150,,False,CATS,150,arbitrary,MultiMinded,1000,MaxIter,1628.3699999999953,2465.4804,8,1489.25,632.89699999999993,1282.5804,2565.0778395106263,1164.7418783265373,1166.4075838865469,1,30,27,2379,3579
27,30,29,LinearSubgradientAuction,0.05,0.04,,True,,1000,10800,cats_arbitrary_g30b150,,False,CATS,150,arbitrary,MultiMinded,1000,MaxIter,1199.4600000000064,2275.4269999999997,2,1932.93,759.11900000000003,1932.93,2667.1285210788465,1893.7804923674964,1901.2126367579403,1,30,11,1769,2669
28,30,31,LinearSubgradientAuction,0.05,0.04,,True,,1000,10800,cats_arbitrary_g30b150,,False,CATS,150,arbitrary,MultiMinded,1000,MaxIter,1260.300000000003,2301.5724,7,1458.94,613.274,1817.556,2471.3624088667962,1737.9574308288447,1737.9574308288447,1,30,26,1891,2851
29,30,29,LinearSubgradientAuction,0.05,0.04,,True,,1000,10800,cats_arbitrary_g30b150,,False,CATS,150,arbitrary,MultiMinded,1000,MaxIter,1193.1600000000035,2007.782,6,1669.06,662.85299999999995,1060.43,2289.5527210295299,978.01465539094875,978.01465539094875,1,30,43,1769,2669
30,30,35,LinearSubgradientAuction,0.05,0.04,,True,,1000,10800,cats_arbitrary_g30b150,,False,CATS,150,arbitrary,MultiMinded,1000,MaxIter,1441.4599999999919,2161.8298999999997,2,1539.73,524.54999999999995,744.188,2418.2166108771053,214.29108220214326,216.02011298228047,1,30,26,2135,3215
31,30,32,LinearSubgradientAuction,0.05,0.04,,True,,1000,10800,cats_arbitrary_g30b150,,False,CATS,150,arbitrary,MultiMinded,1000,MaxIter,1319.0800000000017,2453.359,8,1724.13,512.56299999999999,1353.3719999999998,2695.5666991147882,1252.2291512502939,1260.6912412709992,1,30,27,1952,2942
32,30,34,LinearSubgradientAuction,0.05,0.04,,True,,1000,10800,cats_arbitrary_g30b150,,False,CATS,150,arbitrary,MultiMinded,1000,MaxIter,1388.090000000011,1818.8858,3,1643.98,574.70600000000002,449.8256,2199.5457697956335,293.45422263668007,302.85412932227962,1,30,25,2074,3124
33,30,33,LinearSubgradientAuction,0.05,0.04,,True,,1000,10800,cats_arbitrary_g30b150,,False,CATS,150,arbitrary,MultiMinded,1000,MaxIter,1376.87999999999,1944.8153000000002,1,1618.49,617.12249999999995,838.802,2200.2922483016628,0,3.0017880724285249,1,30,30,2013,3033
34,30,31,LinearSubgradientAuction,0.05,0.04,,True,,1000,10800,cats_arbitrary_g30b150,,False,CATS,150,arbitrary,MultiMinded,1000,MaxIter,1289.2900000000081,2467.5019,3,2102.79,578.16200000000003,619.048,2763.7701638810058,560.99178351553371,573.56228382463405,1,30,24,1891,2851
35,30,32,LinearSubgradientAuction,0.05,0.04,,True,,1000,10800,cats_arbitrary_g30b150,,False,CATS,150,arbitrary,MultiMinded,1000,MaxIter,1325.6399999999994,2108.201,3,1910.3,506.57900000000001,1358.489,2420.7160368702907,1047.6668621469403,1059.5988344882699,1,30,15,1952,2942
36,30,35,LinearSubgradientAuction,0.05,0.04,,True,,1000,10800,cats_arbitrary_g30b150,,False,CATS,150,arbitrary,MultiMinded,1000,MaxIter,1467.5299999999988,1942.8097999999998,4,1649.39,704.06799999999998,941.468,2129.2211049070679,907.72190752842789,912.40680327561836,1,30,17,2135,3215
37,30,33,LinearSubgradientAuction,0.05,0.04,,True,,1000,10800,cats_arbitrary_g30b150,,False,CATS,150,arbitrary,MultiMinded,1000,MaxIter,1387.0099999999948,1975.334,2,1881.03,532.89949999999999,896.1306,2283.7518463230676,31.772819975443049,48.137502167634857,1,30,29,2013,3033
38,30,32,LinearSubgradientAuction,0.05,0.04,,True,,1000,10800,cats_arbitrary_g30b150,,False,CATS,150,arbitrary,MultiMinded,1000,MaxIter,1336.449999999997,2501.4829999999997,6,2312.06,839.32600000000002,1197.708,2964.1570327629179,1086.2313857117615,1087.10343178927,1,30,35,1952,2942
39,30,34,LinearSubgradientAuction,0.05,0.04,,True,,1000,10800,cats_arbitrary_g30b150,,False,CATS,150,arbitrary,MultiMinded,1000,MaxIter,1409.8499999999913,2311.536,1,2186.45,533.95749999999998,345.447,2623.5692179830389,0,31.263574425895172,1,30,27,2074,3124
40,30,31,LinearSubgradientAuction,0.05,0.04,,True,,1000,10800,cats_arbitrary_g30b150,,False,CATS,150,arbitrary,MultiMinded,1000,MaxIter,1263.1399999999994,1922.01,6,1548.35,753.33299999999997,716.4843,2120.5818763934949,590.83809536468641,597.82607124102492,1,30,13,1891,2851
41,30,32,LinearSubgradientAuction,0.05,0.04,,True,,1000,10800,cats_arbitrary_g30b150,,False,CATS,150,arbitrary,MultiMinded,1000,MaxIter,1312.9100000000035,1899.3063,6,1626.29,567.45299999999997,1066.19,2249.2247794881109,989.1327655678449,989.5089542911461,1,30,33,1952,2942
42,30,35,LinearSubgradientAuction,0.05,0.04,,True,,1000,10800,cats_arbitrary_g30b150,,False,CATS,150,arbitrary,MultiMinded,1000,MaxIter,1455.7300000000105,2374.3837000000003,7,1682.91,707.67899999999997,2084.473,2844.2623393751351,2026.9585525829079,2026.9585525829079,1,30,37,2135,3215
43,30,36,LinearSubgradientAuction,0.05,0.04,,True,,1000,10800,cats_arbitrary_g30b150,,False,CATS,150,arbitrary,MultiMinded,1000,MaxIter,1486.300000000003,2385.76,6,2385.76,501.80000000000001,1150.1226,2536.3947591287106,1052.8038164693555,1082.9508369265509,1,30,24,2196,3306
44,30,35,LinearSubgradientAuction,0.05,0.04,,True,,1000,10800,cats_arbitrary_g30b150,,False,CATS,150,arbitrary,MultiMinded,1000,MaxIter,1431.0,2079.9506999999994,4,1845.76,468.2165,850.5457999999999,2258.3033526869626,565.5272594109482,575.47521949024178,1,30,22,2135,3215
45,30,30,LinearSubgradientAuction,0.05,0.04,,True,,1000,10800,cats_arbitrary_g30b150,,False,CATS,150,arbitrary,MultiMinded,1000,MaxIter,1226.4899999999907,1973.4939,7,1684.69,518.44550000000004,1196.704,2273.5589158228677,1066.8567770491304,1098.2460037083019,1,30,17,1830,2760
46,30,33,LinearSubgradientAuction,0.05,0.04,,True,,1000,10800,cats_arbitrary_g30b150,,False,CATS,150,arbitrary,MultiMinded,1000,MaxIter,1392.979999999996,2174.927,7,1703.31,577.08699999999999,925.4169999999999,2481.1899665220772,829.88095270887038,872.23136307768334,1,30,22,2013,3033
47,30,36,LinearSubgradientAuction,0.05,0.04,,True,,1000,10800,cats_arbitrary_g30b150,,False,CATS,150,arbitrary,MultiMinded,1000,MaxIter,1508.25,2134.903,11,1579.3,488.0025,1102.526,2447.7550339814234,988.22719772667745,988.22742648236613,1,30,41,2196,3306
48,30,36,LinearSubgradientAuction,0.05,0.04,,True,,1000,10800,cats_arbitrary_g30b150,,False,CATS,150,arbitrary,MultiMinded,1000,MaxIter,1511.2200000000012,2120.0323,3,1723.29,500.82099999999997,606.168,2272.9104517930318,354.9363903513663,368.27929568543135,1,30,25,2196,3306
49,30,32,LinearSubgradientAuction,0.05,0.04,,True,,1000,10800,cats_arbitrary_g30b150,,False,CATS,150,arbitrary,MultiMinded,1000,MaxIter,1325.0899999999965,1825.5846,2,1448.16,458.54599999999999,425.441,2109.5936082733924,399.92897610310143,407.67695921612028,1,30,25,1952,2942
50,30,32,LinearSubgradientAuction,0.05,0.04,,True,,1000,10800,cats_arbitrary_g30b150,,False,CATS,150,arbitrary,MultiMinded,1000,MaxIter,1312.699999999997,2387.589,2,2137.71,881.64700000000005,882.293,2477.6540004194453,150.94944247460393,212.18637621174508,1,30,27,1952,2942
51,30,31,LinearSubgradientAuction,0.05,0.04,,True,,1000,10800,cats_arbitrary_g30b150,,False,CATS,150,arbitrary,MultiMinded,1000,MaxIter,1290.9000000000087,2404.514,2,2207.65,681.84050000000002,799.09,2772.5751693456982,606.71994206066427,779.88421364199121,1,30,24,1891,2851
52,30,34,LinearSubgradientAuction,0.05,0.04,,True,,1000,10800,cats_arbitrary_g30b150,,False,CATS,150,arbitrary,MultiMinded,1000,MaxIter,1410.7600000000093,2070.7699000000002,2,1761.92,837.09500000000003,1156.135,2355.7675774679624,84.986486980599409,98.698024144402524,1,30,28,2074,3124
53,30,34,LinearSubgradientAuction,0.05,0.04,,True,,1000,10800,cats_arbitrary_g30b150,,False,CATS,150,arbitrary,MultiMinded,1000,MaxIter,1402.7600000000093,1944.8844,5,1588.82,654.95799999999997,725.3672,2132.7234817951812,601.36678232735483,640.38855918935997,1,30,16,2074,3124
54,30,30,LinearSubgradientAuction,0.05,0.04,,True,,1000,10800,cats_arbitrary_g30b150,,False,CATS,150,arbitrary,MultiMinded,1000,MaxIter,1229.429999999993,2678.4509,3,2281.57,746.976,2596.389,3015.8751492346732,2531.4778676267201,2533.6483941278866,1,30,19,1830,2760
55,30,31,LinearSubgradientAuction,0.05,0.04,,True,,1000,10800,cats_arbitrary_g30b150,,False,CATS,150,arbitrary,MultiMinded,1000,MaxIter,1284.2899999999936,2211.653,6,1943.48,726.06700000000001,1828.432,2447.1637119357329,1730.9829974974491,1731.2907504049269,1,30,27,1891,2851
56,30,29,LinearSubgradientAuction,0.05,0.04,,True,,1000,10800,cats_arbitrary_g30b150,,False,CATS,150,arbitrary,MultiMinded,1000,MaxIter,1184.1100000000006,2093.229,6,1877.5,714.9369999999999,953.232,2243.569857574998,834.7985395494718,834.7985395494718,1,30,82,1769,2669
57,30,31,LinearSubgradientAuction,0.05,0.04,,True,,1000,10800,cats_arbitrary_g30b150,,False,CATS,150,arbitrary,MultiMinded,1000,MaxIter,1258.2099999999919,2015.9576000000002,2,1667.14,591.51199999999994,360.919,2335.5005088543212,331.24015800140938,342.32460195123946,1,30,25,1891,2851
58,30,33,LinearSubgradientAuction,0.05,0.04,,True,,1000,10800,cats_arbitrary_g30b150,,False,CATS,150,arbitrary,MultiMinded,1000,MaxIter,1395.9100000000035,2213.6252,8,1937.47,893.10799999999995,1517.1852,2605.2221544438321,1356.2038209620707,1356.2038209620707,1,30,33,2013,3033
59,30,31,LinearSubgradientAuction,0.05,0.04,,True,,1000,10800,cats_arbitrary_g30b150,,False,CATS,150,arbitrary,MultiMinded,1000,MaxIter,1285.4100000000035,2195.5229,2,1710.57,782.62599999999998,494.991,2679.7364834765876,254.60932398952139,289.95848937804794,1,30,27,1891,2851
60,30,36,LinearSubgradientAuction,0.05,0.04,,True,,1000,10800,cats_arbitrary_g30b150,,False,CATS,150,arbitrary,MultiMinded,1000,MaxIter,1507.6199999999953,1802.554,9,1574.08,671.95349999999996,1021.2336,2043.0022725719414,857.7706200605129,862.06272932152524,1,30,27,2196,3306
61,30,33,LinearSubgradientAuction,0.05,0.04,,True,,1000,10800,cats_arbitrary_g30b150,,False,CATS,150,arbitrary,MultiMinded,1000,MaxIter,1396.520000000004,1724.4375,9,1339.03,584.49199999999996,1305.9795,2012.1737933156794,1185.1678371361611,1185.9095681119613,1,30,29,2013,3033
62,30,36,LinearSubgradientAuction,0.05,0.04,,True,,1000,10800,cats_arbitrary_g30b150,,False,CATS,150,arbitrary,MultiMinded,1000,MaxIter,1511.5899999999965,2437.0683000000004,3,1933.61,814.90999999999997,600.5058,2642.4326065391374,392.63183884363531,412.50579095680672,1,30,24,2196,3306
63,30,34,LinearSubgradientAuction,0.05,0.04,,True,,1000,10800,cats_arbitrary_g30b150,,False,CATS,150,arbitrary,MultiMinded,1000,MaxIter,1387.8199999999924,2003.24,2,2003.24,494.63999999999999,600.045,2410.5166092731852,191.05348021575711,193.01012668879412,1,30,28,2074,3124
64,30,34,LinearSubgradientAuction,0.05,0.04,,True,,1000,10800,cats_arbitrary_g30b150,,False,CATS,150,arbitrary,MultiMinded,1000,MaxIter,1409.3499999999913,2039.0195999999999,2,1809.03,585.17600000000004,273.652,2338.8953895462755,244.07102522678406,248.96344408429258,1,30,28,2074,3124
65,30,36,LinearSubgradientAuction,0.05,0.04,,True,,1000,10800,cats_arbitrary_g30b150,,False,CATS,150,arbitrary,MultiMinded,1000,MaxIter,1491.949999999997,1894.2412000000002,5,1377.42,663.9670000000001,884.848,2100.4992660250336,781.42177205210589,791.78383651852607,1,30,17,2196,3306
66,30,33,LinearSubgradientAuction,0.05,0.04,,True,,1000,10800,cats_arbitrary_g30b150,,False,CATS,150,arbitrary,MultiMinded,1000,MaxIter,1383.179999999993,2454.29,3,2454.29,522.13300000000004,426.156,2579.1285076737186,327.31151603149931,376.45157952468367,1,30,27,2013,3033
67,30,31,LinearSubgradientAuction,0.05,0.04,,True,,1000,10800,cats_arbitrary_g30b150,,False,CATS,150,arbitrary,MultiMinded,1000,MaxIter,1269.4600000000064,2341.4958,6,2017.46,785.07600000000002,1222.6909,2882.5085109761621,731.35936944395701,735.46475044273109,1,30,21,1891,2851
68,30,31,LinearSubgradientAuction,0.05,0.04,,True,,1000,10800,cats_arbitrary_g30b150,,False,CATS,150,arbitrary,MultiMinded,1000,MaxIter,1289.4199999999983,2082.3165,7,1694.51,536.65000000000009,1414.2250000000001,2178.9147634962351,1285.5725281917692,1317.334575619622,1,30,43,1891,2851
69,30,32,LinearSubgradientAuction,0.05,0.04,,True,,1000,10800,cats_arbitrary_g30b150,,False,CATS,150,arbitrary,MultiMinded,1000,MaxIter,1298.9700000000012,2088.0744,6,1731.11,855.64499999999998,1167.6418,2395.5526467886766,1009.7286907003216,1011.4566551567592,1,30,20,1952,2942
70,30,33,LinearSubgradientAuction,0.05,0.04,,True,,1000,10800,cats_arbitrary_g30b150,,False,CATS,150,arbitrary,MultiMinded,1000,MaxIter,1389.6199999999953,2258.578,8,1454.94,617.26599999999996,1604.2959999999998,2664.0595595563823,1464.7975072384011,1465.5358080732963,1,30,41,2013,3033
71,30,33,LinearSubgradientAuction,0.05,0.04,,True,,1000,10800,cats_arbitrary_g30b150,,False,CATS,150,arbitrary,MultiMinded,1000,MaxIter,1384.7799999999988,2247.3372,6,1920.4,499.70499999999998,991.237,2534.0870363513181,919.27688179745292,924.66646881328484,1,30,22,2013,3033
72,30,39,LinearSubgradientAuction,0.05,0.04,,True,,1000,10800,cats_arbitrary_g30b150,,False,CATS,150,arbitrary,MultiMinded,1000,MaxIter,1650.8800000000047,2410.0175,1,1662.34,705.94000000000005,280.94,2581.1113803217731,0,2.2752239477234752,1,30,27,2379,3579
73,30,34,LinearSubgradientAuction,0.05,0.04,,True,,1000,10800,cats_arbitrary_g30b150,,False,CATS,150,arbitrary,MultiMinded,1000,MaxIter,1389.1100000000006,2015.5892,11,1380.57,479.64299999999997,1150.876,2319.377496080891,1040.7408721824197,1042.2913176383288,1,30,33,2074,3124
74,30,36,LinearSubgradientAuction,0.05,0.04,,True,,1000,10800,cats_arbitrary_g30b150,,False,CATS,150,arbitrary,MultiMinded,1000,MaxIter,1501.9900000000052,2042.097,6,1285.64,413.78699999999998,821.1356,2257.4646337151385,737.96579502355189,744.11494904990661,1,30,11,2196,3306
75,30,28,LinearSubgradientAuction,0.05,0.04,,True,,1000,10800,cats_arbitrary_g30b150,,False,CATS,150,arbitrary,MultiMinded,1000,MaxIter,1153.6699999999983,1952.3077,6,1522.4,797.30549999999994,273.836,2789.0296713989137,234.5106136137826,237.23678453976089,1,30,30,1708,2578
76,30,35,LinearSubgradientAuction,0.05,0.04,,True,,1000,10800,cats_arbitrary_g30b150,,False,CATS,150,arbitrary,MultiMinded,1000,MaxIter,1456.0800000000017,2241.3282000000004,3,1991.23,695.48000000000002,298.7138,2510.0052940424303,189.55589439610611,193.79810430853414,1,30,27,2135,3215
77,30,29,LinearSubgradientAuction,0.05,0.04,,True,,1000,10800,cats_arbitrary_g30b150,,False,CATS,150,arbitrary,MultiMinded,1000,MaxIter,1179.7399999999907,2086.98,6,1735.17,697.00749999999994,756.939,2360.223049265519,687.95536858840751,694.80079727755697,1,30,18,1769,2669
78,30,34,LinearSubgradientAuction,0.05,0.04,,True,,1000,10800,cats_arbitrary_g30b150,,False,CATS,150,arbitrary,MultiMinded,1000,MaxIter,1398.949999999997,2141.5101999999997,10,1833.54,620.51150000000007,1052.0151,2454.3360775931492,897.5151113696902,908.03477892996682,1,30,28,2074,3124
79,30,32,LinearSubgradientAuction,0.05,0.04,,True,,1000,10800,cats_arbitrary_g30b150,,False,CATS,150,arbitrary,MultiMinded,1000,MaxIter,1321.7799999999988,2182.6516,2,1753.74,722.10699999999997,1028.159,2747.3728885158839,233.39172589342598,291.56795943003374,1,30,27,1952,2942
80,30,31,LinearSubgradientAuction,0.05,0.04,,True,,1000,10800,cats_arbitrary_g30b150,,False,CATS,150,arbitrary,MultiMinded,1000,MaxIter,1282.3499999999913,2157.0797,6,1772.89,656.88249999999994,950.5457000000001,2421.8319847017247,600.8225177397685,611.12333831941646,1,30,14,1891,2851
81,30,31,LinearSubgradientAuction,0.05,0.04,,True,,1000,10800,cats_arbitrary_g30b150,,False,CATS,150,arbitrary,MultiMinded,1000,MaxIter,1257.5800000000017,1755.3018000000002,1,1603.71,647.50199999999995,443.675,2177.0205276699498,0,5.3565156064922483,1,30,30,1891,2851
82,30,34,LinearSubgradientAuction,0.05,0.04,,True,,1000,10800,cats_arbitrary_g30b150,,False,CATS,150,arbitrary,MultiMinded,1000,MaxIter,1423.7999999999884,2385.8982,7,2112.36,790.75199999999995,1101.838,2664.4572352089867,885.43756917016731,950.27466969654506,1,30,22,2074,3124
83,30,32,LinearSubgradientAuction,0.05,0.04,,True,,1000,10800,cats_arbitrary_g30b150,,False,CATS,150,arbitrary,MultiMinded,1000,MaxIter,1321.6499999999942,2059.99,2,1826.87,768.11400000000003,783.873,2533.4572682884254,747.96674530614996,753.34135469761441,1,30,19,1952,2942
84,30,33,LinearSubgradientAuction,0.05,0.04,,True,,1000,10800,cats_arbitrary_g30b150,,False,CATS,150,arbitrary,MultiMinded,1000,MaxIter,1397.2900000000081,1978.9186000000002,11,1758.88,838.20399999999995,955.0609999999999,2437.0897087718645,807.86661970823832,807.86661970823832,1,30,41,2013,3033
85,30,33,LinearSubgradientAuction,0.05,0.04,,True,,1000,10800,cats_arbitrary_g30b150,,False,CATS,150,arbitrary,MultiMinded,1000,MaxIter,1368.8300000000017,2216.0256,11,2078.55,626.62099999999998,1683.4546000000003,2532.1207760419957,1525.1358347774199,1525.1358347774199,1,30,69,2013,3033
86,30,31,LinearSubgradientAuction,0.05,0.04,,True,,1000,10800,cats_arbitrary_g30b150,,False,CATS,150,arbitrary,MultiMinded,1000,MaxIter,1282.229999999996,2283.532,1,1809.12,745.29950000000008,1377.39,2664.4018031503515,0,3.519475927877636,1,30,30,1891,2851
87,30,36,LinearSubgradientAuction,0.05,0.04,,True,,1000,10800,cats_arbitrary_g30b150,,False,CATS,150,arbitrary,MultiMinded,1000,MaxIter,1514.8099999999977,2522.6901999999995,10,2032.58,563.31899999999996,1637.1729,2901.2586630825344,1481.3780133238217,1481.3780133238217,1,30,43,2196,3306
88,30,35,LinearSubgradientAuction,0.05,0.04,,True,,1000,10800,cats_arbitrary_g30b150,,False,CATS,150,arbitrary,MultiMinded,1000,MaxIter,1446.2099999999919,2265.08,3,1820.47,452.93900000000002,924.579,2548.5066460629705,339.33036659118522,353.02998796123848,1,30,23,2135,3215
89,30,28,LinearSubgradientAuction,0.05,0.04,,True,,1000,10800,cats_arbitrary_g30b150,,False,CATS,150,arbitrary,MultiMinded,1000,MaxIter,1148.1399999999994,1895.8706000000002,1,1412.37,685.88149999999996,403.918,2188.4794248593835,0,2.6176972883788494,1,30,30,1708,2578
90,30,33,LinearSubgradientAuction,0.05,0.04,,True,,1000,10800,cats_arbitrary_g30b150,,False,CATS,150,arbitrary,MultiMinded,1000,MaxIter,1386.4600000000064,2397.1789,2,2224.82,593.16800000000001,1666.722,2617.1093858676231,283.50050347787146,304.97060580061316,1,30,25,2013,3033
91,30,32,LinearSubgradientAuction,0.05,0.04,,True,,1000,10800,cats_arbitrary_g30b150,,False,CATS,150,arbitrary,MultiMinded,1000,MaxIter,1320.949999999997,2290.7259999999997,7,1825.1,529.46000000000004,1263.4439999999997,2604.4347513928719,1195.3924648841141,1195.3924648841141,1,30,43,1952,2942
92,30,31,LinearSubgradientAuction,0.05,0.04,,True,,1000,10800,cats_arbitrary_g30b150,,False,CATS,150,arbitrary,MultiMinded,1000,MaxIter,1272.199999999997,1880.9630000000002,2,1586.58,901.44949999999994,291.757,2139.4145083120143,237.57119806010945,250.96303154599843,1,30,27,1891,2851
93,30,34,LinearSubgradientAuction,0.05,0.04,,True,,1000,10800,cats_arbitrary_g30b150,,False,CATS,150,arbitrary,MultiMinded,1000,MaxIter,1388.3399999999965,1815.7306,2,1434.89,540.21100000000001,515.572,2000.1595231173267,272.99604265441639,291.28115923151495,1,30,24,2074,3124
94,30,36,LinearSubgradientAuction,0.05,0.04,,True,,1000,10800,cats_arbitrary_g30b150,,False,CATS,150,arbitrary,MultiMinded,1000,MaxIter,1507.4900000000052,2435.1574,3,2127.58,687.69500000000005,529.142,2745.7219479441524,457.75607600738755,462.96380181207849,1,30,25,2196,3306
95,30,32,LinearSubgradientAuction,0.05,0.04,,True,,1000,10800,cats_arbitrary_g30b150,,False,CATS,150,arbitrary,MultiMinded,1000,MaxIter,1329.229999999996,2424.051,5,1933.55,792.75099999999998,1679.6785,2687.1905206809574,1268.9771086395085,1274.3279274094971,1,30,15,1952,2942
96,30,31,LinearSubgradientAuction,0.05,0.04,,True,,1000,10800,cats_arbitrary_g30b150,,False,CATS,150,arbitrary,MultiMinded,1000,MaxIter,1288.8399999999965,1954.1625,1,1781.86,780.25699999999995,1781.86,2318.9292113086226,0,37.321755191121241,1,30,30,1891,2851
97,30,30,LinearSubgradientAuction,0.05,0.04,,True,,1000,10800,cats_arbitrary_g30b150,,False,CATS,150,arbitrary,MultiMinded,1000,MaxIter,1221.550000000003,1794.66,3,1264.09,681.495,825.4839999999999,2153.8871820358268,331.62211600636783,342.91470448085397,1,30,19,1830,2760
98,30,32,LinearSubgradientAuction,0.05,0.04,,True,,1000,10800,cats_arbitrary_g30b150,,False,CATS,150,arbitrary,MultiMinded,1000,MaxIter,1331.0099999999948,2145.0272,4,2092.47,967.64100000000008,1110.78,2643.9123402070268,1071.0089060018472,1071.0089060018472,1,30,23,1952,2942
99,30,29,LinearSubgradientAuction,0.05,0.04,,True,,1000,10800,cats_arbitrary_g30b150,,False,CATS,150,arbitrary,MultiMinded,1000,MaxIter,1188.1100000000006,2260.297,1,2093.42,648.17449999999997,256.737,2711.9910621407425,0,4.9436846513220871,1,30,30,1769,2669
100,30,37,LinearSubgradientAuction,0.05,0.04,,True,,1000,10800,cats_arbitrary_g30b150,,False,CATS,150,arbitrary,MultiMinded,1000,MaxIter,1534.300000000003,2260.7916,1,1588.66,496.72000000000003,227.273,2423.1540844781616,0,9.0881914313211567,1,30,30,2257,3397
