idx,items,agents,auction_class,epsilon,stepc,epoch,scalebyvalue,reserve_type,maxiter,maxtime,generator_param_name,personalized,int_prices,generator,bids,distribution,type,rounds,status,runtime,efficient_value,final_num_winners,final_max_agent_value,final_scalevalue,final_value,final_total_price,final_revenue,final_indirect_util,final_price_degree,final_price_sparsity,final_imbalance,final_wd_nvars,final_wd_ncons
1,10,14,LinearSubgradientAuction,0.1,0.08,,True,,1000,10800,cats_arbitrary_g10b50,,False,CATS,50,arbitrary,MultiMinded,1000,MaxIter,179.9499999999971,793.971,3,793.971,469.322,674.342,818.4566775732917,576.36004139015392,580.47767357183432,1,10,3,294,444
2,10,17,LinearSubgradientAuction,0.1,0.08,,True,,1000,10800,cats_arbitrary_g10b50,,False,CATS,50,arbitrary,MultiMinded,1000,MaxIter,220.11999999999534,890.9177,4,838.462,457.63549999999998,736.3321,1009.1821246138884,591.58175729078448,600.92184311784888,1,10,3,357,537
3,10,13,LinearSubgradientAuction,0.1,0.08,,True,,1000,10800,cats_arbitrary_g10b50,,False,CATS,50,arbitrary,MultiMinded,1000,MaxIter,167.6200000000099,689.11,2,689.11,373.73599999999999,488.22,760.54753330038568,455.44372545327559,455.44372545327559,1,10,9,273,413
4,10,17,LinearSubgradientAuction,0.1,0.08,,True,,1000,10800,cats_arbitrary_g10b50,,False,CATS,50,arbitrary,MultiMinded,36,Balance,7.710000000006403,673.823,5,673.823,310.16499999999996,673.4054,659.62446071231693,504.54196071231689,543.45731630836258,1,10,15,357,537
5,10,13,LinearSubgradientAuction,0.1,0.08,,True,,1000,10800,cats_arbitrary_g10b50,,False,CATS,50,arbitrary,MultiMinded,26,Balance,4.269999999989523,758.773,1,758.773,337.48050000000001,758.773,751.50968536822643,717.76163536822639,725.02494999999999,1,10,0,273,413
6,10,14,LinearSubgradientAuction,0.1,0.08,,True,,1000,10800,cats_arbitrary_g10b50,,False,CATS,50,arbitrary,MultiMinded,1000,MaxIter,179.5899999999965,841.028,3,744.08,361.97500000000002,534.622,813.40552198915634,412.63692161422364,463.58778089119193,1,10,6,294,444
7,10,16,LinearSubgradientAuction,0.1,0.08,,True,,1000,10800,cats_arbitrary_g10b50,,False,CATS,50,arbitrary,MultiMinded,17,Balance,3.3700000000098953,859.6020000000001,2,710.786,293.07349999999997,859.6020000000001,842.50190302192482,783.88720302192473,823.98145877879244,1,10,3,336,506
8,10,14,LinearSubgradientAuction,0.1,0.08,,True,,1000,10800,cats_arbitrary_g10b50,,False,CATS,50,arbitrary,MultiMinded,63,Balance,11.450000000011642,556.7090000000001,2,486.526,246.58600000000001,556.7090000000001,553.28629257137516,503.9690925713752,509.10706160318728,1,10,1,294,444
9,10,20,LinearSubgradientAuction,0.1,0.08,,True,,1000,10800,cats_arbitrary_g10b50,,False,CATS,50,arbitrary,MultiMinded,50,Balance,12.570000000006985,650.389,3,411.483,212.66149999999999,650.389,663.39546478575744,599.62480592078009,607.85670000000005,1,10,1,420,630
10,10,16,LinearSubgradientAuction,0.1,0.08,,True,,1000,10800,cats_arbitrary_g10b50,,False,CATS,50,arbitrary,MultiMinded,20,Balance,4.009999999994761,974.512,1,974.512,305.01999999999998,974.512,962.20902001226386,931.70702001226391,960.24323942121839,1,10,8,336,506
11,10,18,LinearSubgradientAuction,0.1,0.08,,True,,1000,10800,cats_arbitrary_g10b50,,False,CATS,50,arbitrary,MultiMinded,6,Balance,1.2400000000052387,903.4137000000001,5,690.32,184.28,903.4137000000001,860.01439562351845,767.87439562351847,811.27369999999996,1,10,0,378,568
12,10,18,LinearSubgradientAuction,0.1,0.08,,True,,1000,10800,cats_arbitrary_g10b50,,False,CATS,50,arbitrary,MultiMinded,1000,MaxIter,231.8700000000099,476.0346,3,416.605,211.79050000000001,274.836,488.12993128720734,257.06897831499947,257.06897831499947,1,10,13,378,568
13,10,14,LinearSubgradientAuction,0.1,0.08,,True,,1000,10800,cats_arbitrary_g10b50,,False,CATS,50,arbitrary,MultiMinded,18,Balance,3.1999999999970896,761.647,1,761.647,337.08749999999998,761.647,753.6782791125197,719.96952911251969,753.93446637008174,1,10,5,294,444
14,10,14,LinearSubgradientAuction,0.1,0.08,,True,,1000,10800,cats_arbitrary_g10b50,,False,CATS,50,arbitrary,MultiMinded,34,Balance,6.130000000004657,1115.4950000000001,3,880.107,393.411,1115.4950000000001,1100.5226332317629,993.49128499510755,1036.8128000000002,1,10,1,294,444
15,10,12,LinearSubgradientAuction,0.1,0.08,,True,,1000,10800,cats_arbitrary_g10b50,,False,CATS,50,arbitrary,MultiMinded,33,Balance,5.139999999999418,871.33,2,871.33,381.12349999999998,871.33,891.82453278130765,829.43584479962055,837.01924756596509,1,10,5,252,382
16,10,14,LinearSubgradientAuction,0.1,0.08,,True,,1000,10800,cats_arbitrary_g10b50,,False,CATS,50,arbitrary,MultiMinded,28,Balance,4.970000000001164,779.7001,5,571.996,300.363,779.7001,776.69300997777373,626.51150997777381,634.12707802801469,1,10,1,294,444
17,10,13,LinearSubgradientAuction,0.1,0.08,,True,,1000,10800,cats_arbitrary_g10b50,,False,CATS,50,arbitrary,MultiMinded,1000,MaxIter,168.57000000000698,721.2810000000001,2,640.028,297.31799999999998,474.67,717.23525066384309,430.15511400453033,446.44298897199872,1,10,3,273,413
18,10,18,LinearSubgradientAuction,0.1,0.08,,True,,1000,10800,cats_arbitrary_g10b50,,False,CATS,50,arbitrary,MultiMinded,33,Balance,7.470000000001164,1005.5310000000001,4,868.696,380.75,982.09,993.92417498933969,845.87652476944743,874.47241857589029,1,10,9,378,568
19,10,14,LinearSubgradientAuction,0.1,0.08,,True,,1000,10800,cats_arbitrary_g10b50,,False,CATS,50,arbitrary,MultiMinded,1000,MaxIter,181.2100000000064,832.065,3,642.87,411.233,769.371,885.39394202861286,680.46888996177256,688.43503259663407,1,10,1,294,444
20,10,14,LinearSubgradientAuction,0.1,0.08,,True,,1000,10800,cats_arbitrary_g10b50,,False,CATS,50,arbitrary,MultiMinded,22,Balance,3.8999999999941792,615.5416,5,453.46,272.30500000000001,615.5416,592.79127000941719,475.65631550669764,532.82887794385329,1,10,13,294,444
21,10,17,LinearSubgradientAuction,0.1,0.08,,True,,1000,10800,cats_arbitrary_g10b50,,False,CATS,50,arbitrary,MultiMinded,1000,MaxIter,217.64999999999418,618.958,4,618.958,240.48899999999998,439.7293,657.52251148273399,394.43764616364257,394.43861359529052,1,10,10,357,537
22,10,13,LinearSubgradientAuction,0.1,0.08,,True,,1000,10800,cats_arbitrary_g10b50,,False,CATS,50,arbitrary,MultiMinded,1000,MaxIter,169.4100000000035,879.723,3,879.723,407.96800000000002,688.558,1050.7230884274718,654.31503997558559,654.31503997558559,1,10,7,273,413
23,10,15,LinearSubgradientAuction,0.1,0.08,,True,,1000,10800,cats_arbitrary_g10b50,,False,CATS,50,arbitrary,MultiMinded,42,Balance,8.070000000006985,977.097,3,977.097,436.84800000000001,957.9259999999999,976.7623221549494,854.59480031741293,879.57414262707891,1,10,12,315,475
24,10,13,LinearSubgradientAuction,0.1,0.08,,True,,1000,10800,cats_arbitrary_g10b50,,False,CATS,50,arbitrary,MultiMinded,1000,MaxIter,172.00999999999476,612.4065,1,552.965,296.99549999999999,341.555,644.28258425814988,0,5.222545189412358,1,10,10,273,413
25,10,16,LinearSubgradientAuction,0.1,0.08,,True,,1000,10800,cats_arbitrary_g10b50,,False,CATS,50,arbitrary,MultiMinded,1000,MaxIter,206.27000000000407,742.2606000000001,4,689.211,308.97050000000002,660.1083,762.3869885632231,568.55261214735265,568.55300874603392,1,10,7,336,506
26,10,13,LinearSubgradientAuction,0.1,0.08,,True,,1000,10800,cats_arbitrary_g10b50,,False,CATS,50,arbitrary,MultiMinded,79,Balance,13.120000000009895,887.9649999999999,4,818.015,382.74599999999998,887.9649999999999,896.86858062393287,758.75882114645128,807.45223598103291,1,10,16,273,413
27,10,13,LinearSubgradientAuction,0.1,0.08,,True,,1000,10800,cats_arbitrary_g10b50,,False,CATS,50,arbitrary,MultiMinded,1000,MaxIter,167.72000000000116,775.689,3,775.689,348.334,287.324,835.70402870846237,255.72855755025896,255.72855755025896,1,10,11,273,413
28,10,15,LinearSubgradientAuction,0.1,0.08,,True,,1000,10800,cats_arbitrary_g10b50,,False,CATS,50,arbitrary,MultiMinded,23,Balance,4.310000000012224,604.885,2,604.885,314.90100000000001,593.3520000000001,591.99815445916965,529.01795445916969,579.19050871984871,1,10,38,315,475
29,10,12,LinearSubgradientAuction,0.1,0.08,,True,,1000,10800,cats_arbitrary_g10b50,,False,CATS,50,arbitrary,MultiMinded,1000,MaxIter,156.13000000000466,642.809,5,642.809,296.26149999999996,316.326,731.04764901126441,292.83851019386088,292.83851019386088,1,10,18,252,382
30,10,16,LinearSubgradientAuction,0.1,0.08,,True,,1000,10800,cats_arbitrary_g10b50,,False,CATS,50,arbitrary,MultiMinded,1000,MaxIter,202.88999999999942,754.962,5,660.473,247.715,729.0385000000001,772.69104982503586,636.6491794515639,636.72894280282287,1,10,17,336,506
31,10,15,LinearSubgradientAuction,0.1,0.08,,True,,1000,10800,cats_arbitrary_g10b50,,False,CATS,50,arbitrary,MultiMinded,1000,MaxIter,192.4499999999971,914.694,4,907.121,520.11850000000004,914.694,1004.992614618096,772.28768436211294,772.28768436211294,1,10,17,315,475
32,10,13,LinearSubgradientAuction,0.1,0.08,,True,,1000,10800,cats_arbitrary_g10b50,,False,CATS,50,arbitrary,MultiMinded,1000,MaxIter,168.43000000000757,619.2586,1,603.07,291.851,603.07,716.84106902459951,0,6.9344894284342331,1,10,10,273,413
33,10,16,LinearSubgradientAuction,0.1,0.08,,True,,1000,10800,cats_arbitrary_g10b50,,False,CATS,50,arbitrary,MultiMinded,1000,MaxIter,207.14999999999418,622.297,4,622.297,224.69200000000001,404.4,629.84439313720657,330.68399039582414,340.23034841177662,1,10,16,336,506
34,10,15,LinearSubgradientAuction,0.1,0.08,,True,,1000,10800,cats_arbitrary_g10b50,,False,CATS,50,arbitrary,MultiMinded,11,Balance,2.0199999999895226,868.13,3,756.065,258.05500000000001,868.13,864.83838446507161,787.42188446507146,812.43828422199954,1,10,3,315,475
35,10,15,LinearSubgradientAuction,0.1,0.08,,True,,1000,10800,cats_arbitrary_g10b50,,False,CATS,50,arbitrary,MultiMinded,1000,MaxIter,193.7100000000064,804.713,3,804.713,330.97899999999998,612.424,848.24824112123247,549.92248400737788,551.14614915596871,1,10,9,315,475
36,10,15,LinearSubgradientAuction,0.1,0.08,,True,,1000,10800,cats_arbitrary_g10b50,,False,CATS,50,arbitrary,MultiMinded,1000,MaxIter,193.69000000000233,643.0699999999999,2,632.425,412.71300000000002,496.1494,666.19816163532278,0.0,4.630480044544985,1,10,4,315,475
37,10,12,LinearSubgradientAuction,0.1,0.08,,True,,1000,10800,cats_arbitrary_g10b50,,False,CATS,50,arbitrary,MultiMinded,1000,MaxIter,159.07000000000698,701.3026000000001,3,634.495,369.97450000000003,407.428,751.54446930082247,336.64956420821562,339.42707941078817,1,10,4,252,382
38,10,14,LinearSubgradientAuction,0.1,0.08,,True,,1000,10800,cats_arbitrary_g10b50,,False,CATS,50,arbitrary,MultiMinded,1000,MaxIter,183.20999999999185,691.88,2,653.657,339.25200000000001,370.613,744.70172428512421,333.43020773061863,342.31197152765162,1,10,5,294,444
39,10,18,LinearSubgradientAuction,0.1,0.08,,True,,1000,10800,cats_arbitrary_g10b50,,False,CATS,50,arbitrary,MultiMinded,27,Balance,6.099999999991269,955.2540000000001,3,721.473,276.10400000000004,955.2540000000001,941.30330848312849,858.47210848312841,872.42280000000005,1,10,0,378,568
40,10,15,LinearSubgradientAuction,0.1,0.08,,True,,1000,10800,cats_arbitrary_g10b50,,False,CATS,50,arbitrary,MultiMinded,64,Balance,12.320000000006985,882.337,4,850.424,422.59100000000001,882.337,914.12965725267327,745.26154680891045,755.55970000000002,1,10,1,315,475
41,10,14,LinearSubgradientAuction,0.1,0.08,,True,,1000,10800,cats_arbitrary_g10b50,,False,CATS,50,arbitrary,MultiMinded,1000,MaxIter,183.75999999999476,806.5720000000001,4,744.105,394.66899999999998,514.338,829.2470544047585,437.79717478566135,437.79717478566135,1,10,8,294,444
42,10,12,LinearSubgradientAuction,0.1,0.08,,True,,1000,10800,cats_arbitrary_g10b50,,False,CATS,50,arbitrary,MultiMinded,1000,MaxIter,155.75999999999476,674.607,3,650.249,261.25450000000001,568.563,699.7167852000423,544.4205580600858,544.4205580600858,1,10,12,252,382
43,10,18,LinearSubgradientAuction,0.1,0.08,,True,,1000,10800,cats_arbitrary_g10b50,,False,CATS,50,arbitrary,MultiMinded,18,Balance,3.960000000006403,710.9245999999999,1,698.897,258.83499999999998,698.897,696.61455030865079,670.73105030865077,695.95721754907572,1,10,11,378,568
44,10,12,LinearSubgradientAuction,0.1,0.08,,True,,1000,10800,cats_arbitrary_g10b50,,False,CATS,50,arbitrary,MultiMinded,27,Balance,4.1600000000034925,748.73,2,701.292,407.33100000000002,748.73,781.48019091827905,700.01399091827909,707.81915798086629,1,10,3,252,382
45,10,15,LinearSubgradientAuction,0.1,0.08,,True,,1000,10800,cats_arbitrary_g10b50,,False,CATS,50,arbitrary,MultiMinded,27,Balance,5.0899999999965075,753.639,3,656.884,388.58100000000002,753.639,730.84832340335458,614.27402340335448,637.06470000000002,1,10,0,315,475
46,10,17,LinearSubgradientAuction,0.1,0.08,,True,,1000,10800,cats_arbitrary_g10b50,,False,CATS,50,arbitrary,MultiMinded,92,Balance,20.029999999998836,944.9340000000001,4,844.841,403.99299999999999,944.9340000000001,935.82168115045283,774.22448115045268,791.02677363101816,1,10,4,357,537
47,10,14,LinearSubgradientAuction,0.1,0.08,,True,,1000,10800,cats_arbitrary_g10b50,,False,CATS,50,arbitrary,MultiMinded,1000,MaxIter,179.48000000001048,898.101,1,893.489,324.04449999999997,400.008,928.36500565213817,0,4.2219886957235815,1,10,10,294,444
48,10,15,LinearSubgradientAuction,0.1,0.08,,True,,1000,10800,cats_arbitrary_g10b50,,False,CATS,50,arbitrary,MultiMinded,20,Balance,3.779999999998836,889.443,3,787.484,397.44799999999998,889.443,859.8490561631138,740.61465616311398,791.55372061019841,1,10,11,315,475
49,10,14,LinearSubgradientAuction,0.1,0.08,,True,,1000,10800,cats_arbitrary_g10b50,,False,CATS,50,arbitrary,MultiMinded,1000,MaxIter,183.11999999999534,945.042,4,781.262,432.49200000000002,582.302,951.10844822041008,501.83868692648434,504.01628253544811,1,10,9,294,444
50,10,14,LinearSubgradientAuction,0.1,0.08,,True,,1000,10800,cats_arbitrary_g10b50,,False,CATS,50,arbitrary,MultiMinded,1000,MaxIter,179.88999999999942,815.381,2,698.568,297.62700000000001,566.073,885.57715170332358,532.00604200581768,538.79568286531025,1,10,5,294,444
51,10,19,LinearSubgradientAuction,0.1,0.08,,True,,1000,10800,cats_arbitrary_g10b50,,False,CATS,50,arbitrary,MultiMinded,1000,MaxIter,238.47999999999593,593.082,1,593.082,349.66500000000002,178.869,602.21686046167633,0,10.758720354375669,1,10,9,399,599
52,10,12,LinearSubgradientAuction,0.1,0.08,,True,,1000,10800,cats_arbitrary_g10b50,,False,CATS,50,arbitrary,MultiMinded,1000,MaxIter,156.8399999999965,842.818,4,842.818,428.04949999999997,285.79630000000003,923.64260171068497,221.87947097710682,228.63141402363297,1,10,10,252,382
53,10,17,LinearSubgradientAuction,0.1,0.08,,True,,1000,10800,cats_arbitrary_g10b50,,False,CATS,50,arbitrary,MultiMinded,1000,MaxIter,218.56000000001222,787.8274,5,644.907,269.82600000000002,787.8274,804.49109175805324,669.26374661263424,680.52742555568102,1,10,1,357,537
54,10,14,LinearSubgradientAuction,0.1,0.08,,True,,1000,10800,cats_arbitrary_g10b50,,False,CATS,50,arbitrary,MultiMinded,17,Balance,3.0099999999947613,810.751,3,699.486,371.92899999999997,810.751,797.56526466757032,685.98656466757029,721.49646949006365,1,10,12,294,444
55,10,14,LinearSubgradientAuction,0.1,0.08,,True,,1000,10800,cats_arbitrary_g10b50,,False,CATS,50,arbitrary,MultiMinded,65,Balance,11.75,778.56,2,652.834,405.49599999999998,778.56,799.48005386770478,718.38085386770467,735.31283618451653,1,10,2,294,444
56,10,14,LinearSubgradientAuction,0.1,0.08,,True,,1000,10800,cats_arbitrary_g10b50,,False,CATS,50,arbitrary,MultiMinded,44,Balance,7.930000000007567,720.833,2,718.63,414.24000000000001,718.63,714.8369694471819,633.78878106609739,735.96443097005601,1,10,33,294,444
57,10,13,LinearSubgradientAuction,0.1,0.08,,True,,1000,10800,cats_arbitrary_g10b50,,False,CATS,50,arbitrary,MultiMinded,1000,MaxIter,170.02000000000407,742.0273,2,583.324,429.03550000000001,491.568,765.51038522843714,451.25986312514556,454.91397009444529,1,10,3,273,413
58,10,18,LinearSubgradientAuction,0.1,0.08,,True,,1000,10800,cats_arbitrary_g10b50,,False,CATS,50,arbitrary,MultiMinded,1000,MaxIter,230.11000000000058,927.076,5,790.752,213.971,777.9092,984.00893341561869,669.12728606189751,693.14262183377969,1,10,8,378,568
59,10,15,LinearSubgradientAuction,0.1,0.08,,True,,1000,10800,cats_arbitrary_g10b50,,False,CATS,50,arbitrary,MultiMinded,1000,MaxIter,192.77999999999884,685.266,1,685.266,301.03800000000001,162.899,714.80433318415612,0,6.7982542523704979,1,10,7,315,475
60,10,17,LinearSubgradientAuction,0.1,0.08,,True,,1000,10800,cats_arbitrary_g10b50,,False,CATS,50,arbitrary,MultiMinded,47,Balance,10.209999999991851,763.9352999999999,4,684.98,313.44299999999998,762.7090000000001,720.84452567182882,607.35222344543536,677.14254396735407,1,10,9,357,537
61,10,15,LinearSubgradientAuction,0.1,0.08,,True,,1000,10800,cats_arbitrary_g10b50,,False,CATS,50,arbitrary,MultiMinded,16,Balance,3.029999999998836,906.867,3,800.076,363.90899999999999,906.867,858.81782393595745,749.64512393595749,838.80949596176606,1,10,9,315,475
62,10,13,LinearSubgradientAuction,0.1,0.08,,True,,1000,10800,cats_arbitrary_g10b50,,False,CATS,50,arbitrary,MultiMinded,1000,MaxIter,168.1600000000035,838.7230000000001,2,739.886,355.20699999999999,253.25150000000002,902.67555241083323,43.615613346748042,43.906799999999997,1,10,9,273,413
63,10,17,LinearSubgradientAuction,0.1,0.08,,True,,1000,10800,cats_arbitrary_g10b50,,False,CATS,50,arbitrary,MultiMinded,1000,MaxIter,219.3000000000029,879.858,5,879.858,289.45299999999997,742.03,910.07330980071629,665.74555272144369,665.74555272144369,1,10,25,357,537
64,10,13,LinearSubgradientAuction,0.1,0.08,,True,,1000,10800,cats_arbitrary_g10b50,,False,CATS,50,arbitrary,MultiMinded,19,Balance,3.1499999999941792,699.8910000000001,4,546.14,336.69400000000002,699.8910000000001,674.91601236517386,540.23841236517387,586.76256979807704,1,10,12,273,413
65,10,14,LinearSubgradientAuction,0.1,0.08,,True,,1000,10800,cats_arbitrary_g10b50,,False,CATS,50,arbitrary,MultiMinded,1000,MaxIter,182.64999999999418,747.1110000000001,2,683.377,371.40150000000006,377.11699999999996,770.50303911893047,178.72105752496134,182.87792427419632,1,10,7,294,444
66,10,16,LinearSubgradientAuction,0.1,0.08,,True,,1000,10800,cats_arbitrary_g10b50,,False,CATS,50,arbitrary,MultiMinded,26,Balance,5.169999999998254,804.7069,4,692.962,241.77600000000001,804.7069,727.95729724808518,631.24689724808525,719.31076226825758,1,10,19,336,506
67,10,15,LinearSubgradientAuction,0.1,0.08,,True,,1000,10800,cats_arbitrary_g10b50,,False,CATS,50,arbitrary,MultiMinded,44,Balance,8.309999999997672,950.858,2,795.087,420.85149999999999,950.858,918.43407416851255,834.26377416851267,916.40132911430521,1,10,28,315,475
68,10,17,LinearSubgradientAuction,0.1,0.08,,True,,1000,10800,cats_arbitrary_g10b50,,False,CATS,50,arbitrary,MultiMinded,22,Balance,4.620000000009895,638.514,4,583.892,266.64400000000001,636.1027999999999,614.45558437458658,520.56753452471298,557.85765965387736,1,10,3,357,537
69,10,13,LinearSubgradientAuction,0.1,0.08,,True,,1000,10800,cats_arbitrary_g10b50,,False,CATS,50,arbitrary,MultiMinded,1000,MaxIter,169.25999999999476,653.81,4,515.575,365.36749999999995,310.812,689.76213693689078,277.00362795984995,278.38926459780953,1,10,14,273,413
70,10,16,LinearSubgradientAuction,0.1,0.08,,True,,1000,10800,cats_arbitrary_g10b50,,False,CATS,50,arbitrary,MultiMinded,1000,MaxIter,203.14999999999418,813.773,2,813.773,239.7945,813.773,868.34925477939055,789.66765907593276,790.94994490155182,1,10,1,336,506
71,10,18,LinearSubgradientAuction,0.1,0.08,,True,,1000,10800,cats_arbitrary_g10b50,,False,CATS,50,arbitrary,MultiMinded,1000,MaxIter,232.52999999999884,936.203,2,936.203,330.1275,806.297,1082.4417229298392,776.05194128685412,776.05194128685412,1,10,9,378,568
72,10,19,LinearSubgradientAuction,0.1,0.08,,True,,1000,10800,cats_arbitrary_g10b50,,False,CATS,50,arbitrary,MultiMinded,19,Balance,4.4500000000116415,742.889,1,742.889,330.43299999999999,742.889,760.43159278800454,727.38829278800449,727.38829278800449,1,10,10,399,599
73,10,13,LinearSubgradientAuction,0.1,0.08,,True,,1000,10800,cats_arbitrary_g10b50,,False,CATS,50,arbitrary,MultiMinded,1000,MaxIter,168.52000000000407,829.25,4,829.25,443.63649999999996,670.133,914.48738733560594,555.20319396400191,556.0131651513243,1,10,7,273,413
74,10,17,LinearSubgradientAuction,0.1,0.08,,True,,1000,10800,cats_arbitrary_g10b50,,False,CATS,50,arbitrary,MultiMinded,191,Balance,41.38000000000466,785.147,1,785.147,194.18100000000001,785.147,784.8575775278432,765.43947752784322,785.84475048993886,1,10,10,357,537
75,10,14,LinearSubgradientAuction,0.1,0.08,,True,,1000,10800,cats_arbitrary_g10b50,,False,CATS,50,arbitrary,MultiMinded,159,Balance,28.289999999993597,877.244,3,869.635,380.94749999999999,877.137,905.95141464169376,795.22624350922956,818.15105435576663,1,10,16,294,444
76,10,15,LinearSubgradientAuction,0.1,0.08,,True,,1000,10800,cats_arbitrary_g10b50,,False,CATS,50,arbitrary,MultiMinded,1000,MaxIter,195.64999999999418,772.528,1,772.528,426.029,772.528,833.82470156593558,0,0.0,1,10,10,315,475
77,10,16,LinearSubgradientAuction,0.1,0.08,,True,,1000,10800,cats_arbitrary_g10b50,,False,CATS,50,arbitrary,MultiMinded,1000,MaxIter,204.4699999999866,610.0541,4,475.061,229.33799999999999,467.1781,662.84208903247554,380.47905511901786,401.78547078161625,1,10,6,336,506
78,10,16,LinearSubgradientAuction,0.1,0.08,,True,,1000,10800,cats_arbitrary_g10b50,,False,CATS,50,arbitrary,MultiMinded,1000,MaxIter,202.50999999999476,738.191,3,718.579,283.06200000000001,557.139,810.32435072172177,314.98770126122633,315.42110836960853,1,10,6,336,506
79,10,16,LinearSubgradientAuction,0.1,0.08,,True,,1000,10800,cats_arbitrary_g10b50,,False,CATS,50,arbitrary,MultiMinded,1000,MaxIter,206.47000000000116,789.0369999999999,4,767.227,328.78500000000003,751.9580000000001,834.24200227861968,684.34081247400684,687.4133311913057,1,10,4,336,506
80,10,14,LinearSubgradientAuction,0.1,0.08,,True,,1000,10800,cats_arbitrary_g10b50,,False,CATS,50,arbitrary,MultiMinded,21,Balance,3.6699999999982538,755.88,1,755.88,295.50850000000003,755.88,741.44080191085607,711.8899519108561,733.2541677939787,1,10,9,294,444
81,10,16,LinearSubgradientAuction,0.1,0.08,,True,,1000,10800,cats_arbitrary_g10b50,,False,CATS,50,arbitrary,MultiMinded,1000,MaxIter,203.38999999999942,454.25449999999995,5,381.144,179.05700000000002,365.2342,507.47637016338962,313.36335310566352,313.36335310566352,1,10,12,336,506
82,10,14,LinearSubgradientAuction,0.1,0.08,,True,,1000,10800,cats_arbitrary_g10b50,,False,CATS,50,arbitrary,MultiMinded,1000,MaxIter,181.68000000000757,813.1470999999999,2,678.08,361.98400000000004,443.729,918.13220863107631,409.8464159317619,409.8464159317619,1,10,4,294,444
83,10,15,LinearSubgradientAuction,0.1,0.08,,True,,1000,10800,cats_arbitrary_g10b50,,False,CATS,50,arbitrary,MultiMinded,1000,MaxIter,193.8399999999965,897.3420000000001,3,818.953,242.078,762.742,1009.7717381788322,709.48020585859649,714.93950809284843,1,10,2,315,475
84,10,14,LinearSubgradientAuction,0.1,0.08,,True,,1000,10800,cats_arbitrary_g10b50,,False,CATS,50,arbitrary,MultiMinded,1000,MaxIter,183.07000000000698,716.866,1,684.777,321.96300000000002,292.042,738.58530423825891,0,11.197321490752984,1,10,10,294,444
85,10,11,LinearSubgradientAuction,0.1,0.08,,True,,1000,10800,cats_arbitrary_g10b50,,False,CATS,50,arbitrary,MultiMinded,1000,MaxIter,145.80999999999767,679.457,1,679.457,442.82050000000004,633.967,751.36121958887884,0,3.1296114888814373,1,10,10,231,351
86,10,15,LinearSubgradientAuction,0.1,0.08,,True,,1000,10800,cats_arbitrary_g10b50,,False,CATS,50,arbitrary,MultiMinded,1000,MaxIter,191.1999999999971,950.965,3,818.766,310.39699999999999,950.965,1074.7158854043969,406.03480288400607,423.55099098038357,1,10,3,315,475
87,10,14,LinearSubgradientAuction,0.1,0.08,,True,,1000,10800,cats_arbitrary_g10b50,,False,CATS,50,arbitrary,MultiMinded,37,Balance,6.509999999994761,997.2170000000001,3,716.545,235.80250000000001,997.2170000000001,961.40702860046997,890.66627860047004,938.81198978865461,1,10,7,294,444
88,10,14,LinearSubgradientAuction,0.1,0.08,,True,,1000,10800,cats_arbitrary_g10b50,,False,CATS,50,arbitrary,MultiMinded,1000,MaxIter,179.89999999999418,758.38,2,758.38,394.31950000000001,696.952,796.94821534965763,657.4159588369356,659.91386445836679,1,10,2,294,444
89,10,14,LinearSubgradientAuction,0.1,0.08,,True,,1000,10800,cats_arbitrary_g10b50,,False,CATS,50,arbitrary,MultiMinded,35,Balance,6.320000000006985,732.443,2,644.233,339.30900000000003,732.443,726.13603556993178,658.27423556993176,665.14636668471326,1,10,2,294,444
90,10,14,LinearSubgradientAuction,0.1,0.08,,True,,1000,10800,cats_arbitrary_g10b50,,False,CATS,50,arbitrary,MultiMinded,13,Balance,2.25,891.85,3,807.355,295.7045,891.85,881.82847995606892,793.11712995606888,806.69871803878641,1,10,6,294,444
91,10,13,LinearSubgradientAuction,0.1,0.08,,True,,1000,10800,cats_arbitrary_g10b50,,False,CATS,50,arbitrary,MultiMinded,1000,MaxIter,171.25999999999476,812.137,2,812.137,461.255,556.901,833.60227795076037,511.44512314006283,526.72941580741349,1,10,3,273,413
92,10,14,LinearSubgradientAuction,0.1,0.08,,True,,1000,10800,cats_arbitrary_g10b50,,False,CATS,50,arbitrary,MultiMinded,1000,MaxIter,183.52999999999884,621.9174,3,498.679,294.30700000000002,547.8009999999999,642.05575934528872,476.83733308246565,489.68343909624519,1,10,5,294,444
93,10,18,LinearSubgradientAuction,0.1,0.08,,True,,1000,10800,cats_arbitrary_g10b50,,False,CATS,50,arbitrary,MultiMinded,18,Balance,4.010000000009313,768.1442,6,581.443,288.50549999999998,768.1442,741.6402933397535,568.53699333975339,595.04089999999985,1,10,0,378,568
94,10,14,LinearSubgradientAuction,0.1,0.08,,True,,1000,10800,cats_arbitrary_g10b50,,False,CATS,50,arbitrary,MultiMinded,34,Balance,6.0899999999965075,704.947,1,704.947,384.09699999999998,704.947,687.36639404899825,648.9566940489982,700.46186371114015,1,10,11,294,444
95,10,15,LinearSubgradientAuction,0.1,0.08,,True,,1000,10800,cats_arbitrary_g10b50,,False,CATS,50,arbitrary,MultiMinded,1000,MaxIter,189.29000000000815,905.548,2,761.598,373.96699999999998,617.102,968.30073602558343,571.59742339895581,580.65136956738422,1,10,1,315,475
96,10,13,LinearSubgradientAuction,0.1,0.08,,True,,1000,10800,cats_arbitrary_g10b50,,False,CATS,50,arbitrary,MultiMinded,121,Balance,20.410000000003492,802.2189,5,774.483,389.73500000000001,785.5112999999999,810.20726943941736,652.41369139141079,708.47229612146975,1,10,24,273,413
97,10,14,LinearSubgradientAuction,0.1,0.08,,True,,1000,10800,cats_arbitrary_g10b50,,False,CATS,50,arbitrary,MultiMinded,15,Balance,2.639999999999418,777.4,1,777.4,409.10199999999998,777.4,765.59194251657073,724.68174251657069,783.71995591942937,1,10,23,294,444
98,10,12,LinearSubgradientAuction,0.1,0.08,,True,,1000,10800,cats_arbitrary_g10b50,,False,CATS,50,arbitrary,MultiMinded,1000,MaxIter,157.79000000000815,899.539,4,899.539,522.91999999999996,346.438,928.47245733062539,247.82740979933126,249.59065313219926,1,10,9,252,382
99,10,13,LinearSubgradientAuction,0.1,0.08,,True,,1000,10800,cats_arbitrary_g10b50,,False,CATS,50,arbitrary,MultiMinded,20,Balance,3.319999999992433,941.1115,3,769.536,337.6515,941.1115,917.7005034551039,816.40505345510405,851.61061455290314,1,10,4,273,413
100,10,15,LinearSubgradientAuction,0.1,0.08,,True,,1000,10800,cats_arbitrary_g10b50,,False,CATS,50,arbitrary,MultiMinded,1000,MaxIter,192.33000000000175,733.9616,2,691.502,466.54449999999997,537.652,815.9539251068602,489.69802294824467,498.17602484315762,1,10,4,315,475
