idx,items,agents,auction_class,epsilon,stepc,epoch,scalebyvalue,reserve_type,maxiter,maxtime,generator_param_name,personalized,int_prices,generator,bids,distribution,type,rounds,status,runtime,efficient_value,final_num_winners,final_max_agent_value,final_scalevalue,final_value,final_total_price,final_revenue,final_indirect_util,final_price_degree,final_price_sparsity,final_imbalance,final_wd_nvars,final_wd_ncons
1,10,14,LinearHeuristicAuction,0.05,0.01,,True,,1000,10800,cats_arbitrary_g10b50,,False,CATS,50,arbitrary,MultiMinded,327,Balance,11.569999999999709,793.971,1,793.971,469.322,793.971,817.30576063912201,793.83966063912203,801.44206907261378,1,10,25,38,24
2,10,17,LinearHeuristicAuction,0.05,0.01,,True,,1000,10800,cats_arbitrary_g10b50,,False,CATS,50,arbitrary,MultiMinded,1000,MaxIter,35.68999999999869,890.9177,1,838.462,457.63549999999998,838.462,980.38171516853947,0,38.345135487971092,1,10,15,39,27
3,10,13,LinearHeuristicAuction,0.05,0.01,,True,,1000,10800,cats_arbitrary_g10b50,,False,CATS,50,arbitrary,MultiMinded,1000,MaxIter,34.29000000000087,689.11,1,689.11,373.73599999999999,689.11,760.22455621471249,0,0.57613358779229884,1,10,10,34,23
4,10,17,LinearHeuristicAuction,0.05,0.01,,True,,1000,10800,cats_arbitrary_g10b50,,False,CATS,50,arbitrary,MultiMinded,47,Balance,1.639999999999418,673.823,1,673.823,310.16499999999996,673.823,676.64636555936397,661.138115559364,680.09345302229076,1,10,13,37,27
5,10,13,LinearHeuristicAuction,0.05,0.01,,True,,1000,10800,cats_arbitrary_g10b50,,False,CATS,50,arbitrary,MultiMinded,10,Balance,0.2999999999992724,758.773,1,758.773,337.48050000000001,758.773,745.40318972419243,728.52916472419247,774.33015661884838,1,10,8,24,23
6,10,14,LinearHeuristicAuction,0.05,0.01,,True,,1000,10800,cats_arbitrary_g10b50,,False,CATS,50,arbitrary,MultiMinded,1000,MaxIter,34.409999999999854,841.028,2,744.08,361.97500000000002,714.93,812.81139116564623,30.012103205378374,78.894434880178352,1,10,19,34,24
7,10,16,LinearHeuristicAuction,0.05,0.01,,True,,1000,10800,cats_arbitrary_g10b50,,False,CATS,50,arbitrary,MultiMinded,74,Balance,2.5599999999994907,859.6020000000001,2,710.786,293.07349999999997,859.6020000000001,833.77750410326371,804.47015410326367,832.62861676403008,1,10,2,37,26
8,10,14,LinearHeuristicAuction,0.05,0.01,,True,,1000,10800,cats_arbitrary_g10b50,,False,CATS,50,arbitrary,MultiMinded,294,Balance,9.880000000001019,556.7090000000001,2,486.526,246.58600000000001,556.7090000000001,557.78072429317012,533.12212429317026,545.39255659123376,1,10,8,33,24
9,10,20,LinearHeuristicAuction,0.05,0.01,,True,,1000,10800,cats_arbitrary_g10b50,,False,CATS,50,arbitrary,MultiMinded,1000,MaxIter,38.350000000000364,650.389,1,411.483,212.66149999999999,378.971,657.28165549657547,0,0.38028284527399592,1,10,26,45,30
10,10,16,LinearHeuristicAuction,0.05,0.01,,True,,1000,10800,cats_arbitrary_g10b50,,False,CATS,50,arbitrary,MultiMinded,31,Balance,1.1000000000003638,974.512,1,974.512,305.01999999999998,974.512,974.53110263805115,959.28010263805118,974.15328022304618,1,10,12,37,26
11,10,18,LinearHeuristicAuction,0.05,0.01,,True,,1000,10800,cats_arbitrary_g10b50,,False,CATS,50,arbitrary,MultiMinded,189,Balance,6.720000000001164,903.4137000000001,5,690.32,184.28,903.4137000000001,827.03869826442963,780.96869826442946,866.54554639255866,1,10,5,41,28
12,10,18,LinearHeuristicAuction,0.05,0.01,,True,,1000,10800,cats_arbitrary_g10b50,,False,CATS,50,arbitrary,MultiMinded,395,Balance,14.719999999999345,476.0346,2,416.605,211.79050000000001,476.0346,486.56994795785261,465.39089795785264,466.20126341214461,1,10,31,39,28
13,10,14,LinearHeuristicAuction,0.05,0.01,,True,,1000,10800,cats_arbitrary_g10b50,,False,CATS,50,arbitrary,MultiMinded,15,Balance,0.5200000000004366,761.647,1,761.647,337.08749999999998,761.647,764.59832212121728,747.74394712121727,763.34099344053402,1,10,13,38,24
14,10,14,LinearHeuristicAuction,0.05,0.01,,True,,1000,10800,cats_arbitrary_g10b50,,False,CATS,50,arbitrary,MultiMinded,520,Balance,18.359999999998763,1115.4950000000001,2,880.107,393.411,1115.4950000000001,1019.3693860918876,980.02828609188759,1076.4308278131152,1,10,2,38,24
15,10,12,LinearHeuristicAuction,0.05,0.01,,True,,1000,10800,cats_arbitrary_g10b50,,False,CATS,50,arbitrary,MultiMinded,1000,MaxIter,31.8700000000008,871.33,1,871.33,381.12349999999998,730.755,889.82829380142573,0,3.0609243026447075e-05,1,10,27,29,22
16,10,14,LinearHeuristicAuction,0.05,0.01,,True,,1000,10800,cats_arbitrary_g10b50,,False,CATS,50,arbitrary,MultiMinded,299,Balance,10.340000000000146,779.7001,2,571.996,300.363,774.063,754.46722857473469,724.43092857473471,758.95541959444677,1,10,7,38,24
17,10,13,LinearHeuristicAuction,0.05,0.01,,True,,1000,10800,cats_arbitrary_g10b50,,False,CATS,50,arbitrary,MultiMinded,356,Balance,11.420000000000073,721.2810000000001,2,640.028,297.31799999999998,645.476,660.17429522543,630.44249522542998,642.18162591380258,1,10,22,32,23
18,10,18,LinearHeuristicAuction,0.05,0.01,,True,,1000,10800,cats_arbitrary_g10b50,,False,CATS,50,arbitrary,MultiMinded,1000,MaxIter,34.81000000000131,1005.5310000000001,2,868.696,380.75,615.006,1002.3609301950087,215.25797740449758,228.76525072419213,1,10,17,38,28
19,10,14,LinearHeuristicAuction,0.05,0.01,,True,,1000,10800,cats_arbitrary_g10b50,,False,CATS,50,arbitrary,MultiMinded,1000,MaxIter,35.55999999999949,832.065,2,642.87,411.233,832.065,889.48278626765898,621.56137981589131,623.13547294961018,1,10,11,34,24
20,10,14,LinearHeuristicAuction,0.05,0.01,,True,,1000,10800,cats_arbitrary_g10b50,,False,CATS,50,arbitrary,MultiMinded,517,Balance,17.920000000000073,615.5416,2,453.46,272.30500000000001,611.3,611.30026750348497,584.06976750348508,591.19342432647841,1,10,10,34,24
21,10,17,LinearHeuristicAuction,0.05,0.01,,True,,1000,10800,cats_arbitrary_g10b50,,False,CATS,50,arbitrary,MultiMinded,1000,MaxIter,37.82999999999993,618.958,1,618.958,240.48899999999998,618.958,654.8301135728268,0,0.39399657332062787,1,10,10,41,27
22,10,13,LinearHeuristicAuction,0.05,0.01,,True,,1000,10800,cats_arbitrary_g10b50,,False,CATS,50,arbitrary,MultiMinded,1000,MaxIter,34.36000000000058,879.723,1,879.723,407.96800000000002,769.71,1090.5235684555216,0,0.28285032749732864,1,10,27,34,23
23,10,15,LinearHeuristicAuction,0.05,0.01,,True,,1000,10800,cats_arbitrary_g10b50,,False,CATS,50,arbitrary,MultiMinded,534,Balance,19.350000000000364,977.097,1,977.097,436.84800000000001,977.097,978.8335482540258,956.9911482540258,978.74331196588537,1,10,11,34,25
24,10,13,LinearHeuristicAuction,0.05,0.01,,True,,1000,10800,cats_arbitrary_g10b50,,False,CATS,50,arbitrary,MultiMinded,1000,MaxIter,33.11999999999898,612.4065,1,552.965,296.99549999999999,552.965,646.84206324272043,0,0.027928958070333465,1,10,33,35,23
25,10,16,LinearHeuristicAuction,0.05,0.01,,True,,1000,10800,cats_arbitrary_g10b50,,False,CATS,50,arbitrary,MultiMinded,1000,MaxIter,36.100000000000364,742.2606000000001,2,689.211,308.97050000000002,688.193,767.41295746195124,138.00766317891041,145.98273631702153,1,10,24,40,26
26,10,13,LinearHeuristicAuction,0.05,0.01,,True,,1000,10800,cats_arbitrary_g10b50,,False,CATS,50,arbitrary,MultiMinded,1000,MaxIter,34.52000000000044,887.9649999999999,1,818.015,382.74599999999998,818.015,913.66760086449153,0,0.0,1,10,32,36,23
27,10,13,LinearHeuristicAuction,0.05,0.01,,True,,1000,10800,cats_arbitrary_g10b50,,False,CATS,50,arbitrary,MultiMinded,1000,MaxIter,35.17000000000007,775.689,1,775.689,348.334,775.689,836.04772132960147,0,0.24252147674974367,1,10,18,35,23
28,10,15,LinearHeuristicAuction,0.05,0.01,,True,,1000,10800,cats_arbitrary_g10b50,,False,CATS,50,arbitrary,MultiMinded,36,Balance,1.1900000000005093,604.885,1,604.885,314.90100000000001,604.885,620.10469232462651,604.35964232462652,616.95683269284154,1,10,17,31,25
29,10,12,LinearHeuristicAuction,0.05,0.01,,True,,1000,10800,cats_arbitrary_g10b50,,False,CATS,50,arbitrary,MultiMinded,1000,MaxIter,32.030000000000655,642.809,1,642.809,296.26149999999996,574.789,729.52940834287585,0,0.0,1,10,10,33,22
30,10,16,LinearHeuristicAuction,0.05,0.01,,True,,1000,10800,cats_arbitrary_g10b50,,False,CATS,50,arbitrary,MultiMinded,341,Balance,12.090000000000146,754.962,3,660.473,247.715,754.962,756.15786008739371,719.00061008739362,731.56234201347479,1,10,18,39,26
31,10,15,LinearHeuristicAuction,0.05,0.01,,True,,1000,10800,cats_arbitrary_g10b50,,False,CATS,50,arbitrary,MultiMinded,1000,MaxIter,36.52000000000044,914.694,1,907.121,520.11850000000004,907.121,991.06146646588786,0,0.0,1,10,35,39,25
32,10,13,LinearHeuristicAuction,0.05,0.01,,True,,1000,10800,cats_arbitrary_g10b50,,False,CATS,50,arbitrary,MultiMinded,1000,MaxIter,33.82999999999993,619.2586,1,603.07,291.851,603.07,720.18792326847984,0,0.44923924244528735,1,10,28,35,23
33,10,16,LinearHeuristicAuction,0.05,0.01,,True,,1000,10800,cats_arbitrary_g10b50,,False,CATS,50,arbitrary,MultiMinded,407,Balance,15.3799999999992,622.297,1,622.297,224.69200000000001,622.297,622.17372526555732,610.93912526555732,623.34257232323625,1,10,16,42,26
34,10,15,LinearHeuristicAuction,0.05,0.01,,True,,1000,10800,cats_arbitrary_g10b50,,False,CATS,50,arbitrary,MultiMinded,409,Balance,13.720000000001164,868.13,3,756.065,258.05500000000001,868.129,850.83952705087404,812.13127705087413,829.55222892888821,1,10,6,33,25
35,10,15,LinearHeuristicAuction,0.05,0.01,,True,,1000,10800,cats_arbitrary_g10b50,,False,CATS,50,arbitrary,MultiMinded,1000,MaxIter,35.590000000000146,804.713,1,804.713,330.97899999999998,804.713,838.27593678073151,0,4.7456157036129127,1,10,19,36,25
36,10,15,LinearHeuristicAuction,0.05,0.01,,True,,1000,10800,cats_arbitrary_g10b50,,False,CATS,50,arbitrary,MultiMinded,1000,MaxIter,37.48999999999978,643.0699999999999,4,632.425,412.71300000000002,643.0699999999999,669.40084452551605,496.81411077131185,497.62589605328128,1,10,5,39,25
37,10,12,LinearHeuristicAuction,0.05,0.01,,True,,1000,10800,cats_arbitrary_g10b50,,False,CATS,50,arbitrary,MultiMinded,1000,MaxIter,34.98999999999978,701.3026000000001,1,634.495,369.97450000000003,634.495,726.75359142164893,0,28.680981746566459,1,10,18,35,22
38,10,14,LinearHeuristicAuction,0.05,0.01,,True,,1000,10800,cats_arbitrary_g10b50,,False,CATS,50,arbitrary,MultiMinded,1000,MaxIter,34.42000000000007,691.88,2,653.657,339.25200000000001,549.606,725.63250164011106,160.16162417589001,198.82536278022278,1,10,20,34,24
39,10,18,LinearHeuristicAuction,0.05,0.01,,True,,1000,10800,cats_arbitrary_g10b50,,False,CATS,50,arbitrary,MultiMinded,146,Balance,5.290000000000873,955.2540000000001,3,721.473,276.10400000000004,955.2540000000001,936.45862807040135,895.04302807040131,927.20009283740274,1,10,4,39,28
40,10,15,LinearHeuristicAuction,0.05,0.01,,True,,1000,10800,cats_arbitrary_g10b50,,False,CATS,50,arbitrary,MultiMinded,1000,MaxIter,37.47999999999956,882.337,4,850.424,422.59100000000001,840.1952999999999,919.04100890125164,654.43953603871955,655.6331359115826,1,10,5,39,25
41,10,14,LinearHeuristicAuction,0.05,0.01,,True,,1000,10800,cats_arbitrary_g10b50,,False,CATS,50,arbitrary,MultiMinded,1000,MaxIter,34.36000000000058,806.5720000000001,1,744.105,394.66899999999998,744.105,823.41968398582742,0,0.030462047878984322,1,10,20,34,24
42,10,12,LinearHeuristicAuction,0.05,0.01,,True,,1000,10800,cats_arbitrary_g10b50,,False,CATS,50,arbitrary,MultiMinded,1000,MaxIter,32.349999999998545,674.607,1,650.249,261.25450000000001,345.228,677.94996699610499,0,31.848047578152261,1,10,16,29,22
43,10,18,LinearHeuristicAuction,0.05,0.01,,True,,1000,10800,cats_arbitrary_g10b50,,False,CATS,50,arbitrary,MultiMinded,14,Balance,0.4900000000016007,710.9245999999999,2,698.897,258.83499999999998,710.9245999999999,701.0282111259794,675.14471112597948,702.97618589055037,1,10,16,38,28
44,10,12,LinearHeuristicAuction,0.05,0.01,,True,,1000,10800,cats_arbitrary_g10b50,,False,CATS,50,arbitrary,MultiMinded,1000,MaxIter,35.63000000000102,748.73,1,701.292,407.33100000000002,628.181,773.61154596796632,0,0.52574288570458805,1,10,17,40,22
45,10,15,LinearHeuristicAuction,0.05,0.01,,True,,1000,10800,cats_arbitrary_g10b50,,False,CATS,50,arbitrary,MultiMinded,30,Balance,1.0499999999992724,753.639,3,656.884,388.58100000000002,753.639,705.99523421791037,647.70808421791025,695.79324683960704,1,10,5,36,25
46,10,17,LinearHeuristicAuction,0.05,0.01,,True,,1000,10800,cats_arbitrary_g10b50,,False,CATS,50,arbitrary,MultiMinded,668,Balance,23.729999999999563,944.9340000000001,4,844.841,403.99299999999999,944.9340000000001,939.79847940245543,858.99987940245535,868.0217373546443,1,10,11,39,27
47,10,14,LinearHeuristicAuction,0.05,0.01,,True,,1000,10800,cats_arbitrary_g10b50,,False,CATS,50,arbitrary,MultiMinded,1000,MaxIter,34.76000000000022,898.101,1,893.489,324.04449999999997,893.489,930.06499329214876,0,0.82201341570262798,1,10,10,33,24
48,10,15,LinearHeuristicAuction,0.05,0.01,,True,,1000,10800,cats_arbitrary_g10b50,,False,CATS,50,arbitrary,MultiMinded,30,Balance,1.0100000000002183,889.443,3,787.484,397.44799999999998,889.443,861.23610612629909,801.61890612629918,833.83780765526785,1,10,7,38,25
49,10,14,LinearHeuristicAuction,0.05,0.01,,True,,1000,10800,cats_arbitrary_g10b50,,False,CATS,50,arbitrary,MultiMinded,347,Balance,11.899999999999636,945.042,3,781.262,432.49200000000002,919.9788,949.49568837851507,884.62188837851511,885.53203251856769,1,10,9,34,24
50,10,14,LinearHeuristicAuction,0.05,0.01,,True,,1000,10800,cats_arbitrary_g10b50,,False,CATS,50,arbitrary,MultiMinded,1000,MaxIter,31.520000000000437,815.381,1,698.568,297.62700000000001,698.568,895.75204081041613,0,0.25407479009146527,1,10,21,32,24
51,10,19,LinearHeuristicAuction,0.05,0.01,,True,,1000,10800,cats_arbitrary_g10b50,,False,CATS,50,arbitrary,MultiMinded,114,Balance,4.350000000000364,593.082,1,593.082,349.66500000000002,593.082,610.56407323162307,593.08082323162307,606.10506974761302,1,10,30,46,29
52,10,12,LinearHeuristicAuction,0.05,0.01,,True,,1000,10800,cats_arbitrary_g10b50,,False,CATS,50,arbitrary,MultiMinded,1000,MaxIter,32.649999999999636,842.818,1,842.818,428.04949999999997,842.818,918.63906992394891,0,4.2915050229984217,1,10,13,33,22
53,10,17,LinearHeuristicAuction,0.05,0.01,,True,,1000,10800,cats_arbitrary_g10b50,,False,CATS,50,arbitrary,MultiMinded,1000,MaxIter,38.02000000000044,787.8274,2,644.907,269.82600000000002,488.91240000000005,814.52711437181392,45.854760695623078,46.289722945036608,1,10,19,44,27
54,10,14,LinearHeuristicAuction,0.05,0.01,,True,,1000,10800,cats_arbitrary_g10b50,,False,CATS,50,arbitrary,MultiMinded,10,Balance,0.31999999999970896,810.751,3,699.486,371.92899999999997,810.751,800.19693777006114,744.40758777006113,767.68644283079959,1,10,6,31,24
55,10,14,LinearHeuristicAuction,0.05,0.01,,True,,1000,10800,cats_arbitrary_g10b50,,False,CATS,50,arbitrary,MultiMinded,1000,MaxIter,35.27000000000044,778.56,1,652.834,405.49599999999998,652.834,781.40644294220181,0,0.005295670016778331,1,10,25,36,24
56,10,14,LinearHeuristicAuction,0.05,0.01,,True,,1000,10800,cats_arbitrary_g10b50,,False,CATS,50,arbitrary,MultiMinded,1000,MaxIter,35.32999999999993,720.833,1,718.63,414.24000000000001,659.11,750.69123572371848,0,0.0037542599966400303,1,10,25,34,24
57,10,13,LinearHeuristicAuction,0.05,0.01,,True,,1000,10800,cats_arbitrary_g10b50,,False,CATS,50,arbitrary,MultiMinded,1000,MaxIter,35.35999999999876,742.0273,3,583.324,429.03550000000001,677.8826,766.58911734669221,572.52537319570035,572.97888819439561,1,10,13,36,23
58,10,18,LinearHeuristicAuction,0.05,0.01,,True,,1000,10800,cats_arbitrary_g10b50,,False,CATS,50,arbitrary,MultiMinded,1000,MaxIter,34.710000000000946,927.076,2,790.752,213.971,665.2221999999999,975.77332469068403,63.681770810736751,94.118716397355016,1,10,26,41,28
59,10,15,LinearHeuristicAuction,0.05,0.01,,True,,1000,10800,cats_arbitrary_g10b50,,False,CATS,50,arbitrary,MultiMinded,1000,MaxIter,35.280000000000655,685.266,3,685.266,301.03800000000001,657.7422,720.33661621982355,277.26778654770817,277.26778654770817,1,10,30,37,25
60,10,17,LinearHeuristicAuction,0.05,0.01,,True,,1000,10800,cats_arbitrary_g10b50,,False,CATS,50,arbitrary,MultiMinded,1000,MaxIter,35.8700000000008,763.9352999999999,1,684.98,313.44299999999998,684.98,711.10423165862403,0,69.996752145728635,1,10,26,38,27
61,10,15,LinearHeuristicAuction,0.05,0.01,,True,,1000,10800,cats_arbitrary_g10b50,,False,CATS,50,arbitrary,MultiMinded,21,Balance,0.7199999999993452,906.867,2,800.076,363.90899999999999,904.461,887.36763235579451,850.97673235579452,897.85683532605424,1,10,11,33,25
62,10,13,LinearHeuristicAuction,0.05,0.01,,True,,1000,10800,cats_arbitrary_g10b50,,False,CATS,50,arbitrary,MultiMinded,1000,MaxIter,33.20999999999913,838.7230000000001,1,739.886,355.20699999999999,729.454,904.59689469589989,0,0.0792670902688144,1,10,29,32,23
63,10,17,LinearHeuristicAuction,0.05,0.01,,True,,1000,10800,cats_arbitrary_g10b50,,False,CATS,50,arbitrary,MultiMinded,1000,MaxIter,35.79999999999927,879.858,1,879.858,289.45299999999997,879.858,896.71636187809816,0,1.461932149578729,1,10,12,39,27
64,10,13,LinearHeuristicAuction,0.05,0.01,,True,,1000,10800,cats_arbitrary_g10b50,,False,CATS,50,arbitrary,MultiMinded,25,Balance,0.819999999999709,699.8910000000001,4,546.14,336.69400000000002,699.8910000000001,687.8948563979161,620.55605639791611,634.76767354812205,1,10,13,29,23
65,10,14,LinearHeuristicAuction,0.05,0.01,,True,,1000,10800,cats_arbitrary_g10b50,,False,CATS,50,arbitrary,MultiMinded,1000,MaxIter,34.42000000000007,747.1110000000001,1,683.377,371.40150000000006,683.377,773.74161306339397,0,0.34365231663812779,1,10,20,36,24
66,10,16,LinearHeuristicAuction,0.05,0.01,,True,,1000,10800,cats_arbitrary_g10b50,,False,CATS,50,arbitrary,MultiMinded,247,Balance,8.19000000000051,804.7069,4,692.962,241.77600000000001,804.7069,743.79654539668104,695.44134539668107,768.70854235323634,1,10,7,36,26
67,10,15,LinearHeuristicAuction,0.05,0.01,,True,,1000,10800,cats_arbitrary_g10b50,,False,CATS,50,arbitrary,MultiMinded,94,Balance,3.209999999999127,950.858,2,795.087,420.85149999999999,950.858,960.31607423883361,918.2309242388335,938.8803863774499,1,10,7,33,25
68,10,17,LinearHeuristicAuction,0.05,0.01,,True,,1000,10800,cats_arbitrary_g10b50,,False,CATS,50,arbitrary,MultiMinded,227,Balance,7.789999999999054,638.514,3,583.892,266.64400000000001,638.514,618.60065653721961,578.60405653721955,606.67136684062893,1,10,3,38,27
69,10,13,LinearHeuristicAuction,0.05,0.01,,True,,1000,10800,cats_arbitrary_g10b50,,False,CATS,50,arbitrary,MultiMinded,1000,MaxIter,35.63000000000102,653.81,1,515.575,365.36749999999995,515.575,700.60378371511331,0,0.75857926886700966,1,10,10,38,23
70,10,16,LinearHeuristicAuction,0.05,0.01,,True,,1000,10800,cats_arbitrary_g10b50,,False,CATS,50,arbitrary,MultiMinded,1000,MaxIter,34.900000000001455,813.773,1,813.773,239.7945,707.813,869.39238272728278,0,0.0,1,10,24,40,26
71,10,18,LinearHeuristicAuction,0.05,0.01,,True,,1000,10800,cats_arbitrary_g10b50,,False,CATS,50,arbitrary,MultiMinded,1000,MaxIter,35.8700000000008,936.203,1,936.203,330.1275,936.203,1078.84741389541,0,0.0,1,10,22,39,28
72,10,19,LinearHeuristicAuction,0.05,0.01,,True,,1000,10800,cats_arbitrary_g10b50,,False,CATS,50,arbitrary,MultiMinded,41,Balance,1.569999999999709,742.889,1,742.889,330.43299999999999,742.889,744.62186971403946,728.10021971403944,744.0627505217426,1,10,14,42,29
73,10,13,LinearHeuristicAuction,0.05,0.01,,True,,1000,10800,cats_arbitrary_g10b50,,False,CATS,50,arbitrary,MultiMinded,1000,MaxIter,33.70000000000073,829.25,1,829.25,443.63649999999996,829.25,910.02481514518558,0,0.96033586462439757,1,10,10,34,23
74,10,17,LinearHeuristicAuction,0.05,0.01,,True,,1000,10800,cats_arbitrary_g10b50,,False,CATS,50,arbitrary,MultiMinded,1000,MaxIter,35.460000000000946,785.147,1,785.147,194.18100000000001,785.147,785.52662191735749,775.81757191735744,815.09275387591015,1,10,13,39,27
75,10,14,LinearHeuristicAuction,0.05,0.01,,True,,1000,10800,cats_arbitrary_g10b50,,False,CATS,50,arbitrary,MultiMinded,1000,MaxIter,33.899999999999636,877.244,1,869.635,380.94749999999999,869.635,920.80529901918442,0,0.07423327450362649,1,10,30,36,24
76,10,15,LinearHeuristicAuction,0.05,0.01,,True,,1000,10800,cats_arbitrary_g10b50,,False,CATS,50,arbitrary,MultiMinded,1000,MaxIter,35.900000000001455,772.528,1,772.528,426.029,772.528,822.1702666025883,0,0.0,1,10,10,37,25
77,10,16,LinearHeuristicAuction,0.05,0.01,,True,,1000,10800,cats_arbitrary_g10b50,,False,CATS,50,arbitrary,MultiMinded,1000,MaxIter,34.7599999999984,610.0541,1,475.061,229.33799999999999,475.061,671.17372813309532,0,18.587795597272475,1,10,21,36,26
78,10,16,LinearHeuristicAuction,0.05,0.01,,True,,1000,10800,cats_arbitrary_g10b50,,False,CATS,50,arbitrary,MultiMinded,1000,MaxIter,36.659999999999854,738.191,1,718.579,283.06200000000001,718.579,814.95272903929117,0,0.028232339973953913,1,10,10,40,26
79,10,16,LinearHeuristicAuction,0.05,0.01,,True,,1000,10800,cats_arbitrary_g10b50,,False,CATS,50,arbitrary,MultiMinded,1000,MaxIter,36.82999999999993,789.0369999999999,1,767.227,328.78500000000003,767.227,819.36595640189182,0,29.02221320501431,1,10,18,39,26
80,10,14,LinearHeuristicAuction,0.05,0.01,,True,,1000,10800,cats_arbitrary_g10b50,,False,CATS,50,arbitrary,MultiMinded,44,Balance,1.4500000000007276,755.88,1,755.88,295.50850000000003,755.88,757.97112223882493,743.19569723882489,760.96717985841451,1,10,15,30,24
81,10,16,LinearHeuristicAuction,0.05,0.01,,True,,1000,10800,cats_arbitrary_g10b50,,False,CATS,50,arbitrary,MultiMinded,1000,MaxIter,33.56999999999971,454.25449999999995,1,381.144,179.05700000000002,381.144,489.07852890029659,0,20.126643465787016,1,10,11,36,26
82,10,14,LinearHeuristicAuction,0.05,0.01,,True,,1000,10800,cats_arbitrary_g10b50,,False,CATS,50,arbitrary,MultiMinded,1000,MaxIter,34.0,813.1470999999999,1,678.08,361.98400000000004,671.305,922.47331283779261,0,0.30302978812613901,1,10,22,33,24
83,10,15,LinearHeuristicAuction,0.05,0.01,,True,,1000,10800,cats_arbitrary_g10b50,,False,CATS,50,arbitrary,MultiMinded,1000,MaxIter,35.470000000001164,897.3420000000001,1,818.953,242.078,818.953,983.77541825809953,0,32.178963074186811,1,10,15,41,25
84,10,14,LinearHeuristicAuction,0.05,0.01,,True,,1000,10800,cats_arbitrary_g10b50,,False,CATS,50,arbitrary,MultiMinded,1000,MaxIter,34.54000000000087,716.866,1,684.777,321.96300000000002,684.777,745.49128541623668,0,0.0,1,10,29,38,24
85,10,11,LinearHeuristicAuction,0.05,0.01,,True,,1000,10800,cats_arbitrary_g10b50,,False,CATS,50,arbitrary,MultiMinded,1000,MaxIter,31.979999999999563,679.457,1,679.457,442.82050000000004,633.967,753.91609272391554,0,0.0,1,10,29,31,21
86,10,15,LinearHeuristicAuction,0.05,0.01,,True,,1000,10800,cats_arbitrary_g10b50,,False,CATS,50,arbitrary,MultiMinded,1000,MaxIter,33.48000000000138,950.965,1,818.766,310.39699999999999,818.766,1021.533300264722,0,77.942487128890122,1,10,23,34,25
87,10,14,LinearHeuristicAuction,0.05,0.01,,True,,1000,10800,cats_arbitrary_g10b50,,False,CATS,50,arbitrary,MultiMinded,641,Balance,22.829999999999927,997.2170000000001,3,716.545,235.80250000000001,997.2170000000001,929.50048766090708,894.13011266090712,973.81405208421802,1,10,5,35,24
88,10,14,LinearHeuristicAuction,0.05,0.01,,True,,1000,10800,cats_arbitrary_g10b50,,False,CATS,50,arbitrary,MultiMinded,1000,MaxIter,35.73000000000138,758.38,1,758.38,394.31950000000001,758.38,804.80443721733366,0,0.48550699025992117,1,10,18,37,24
89,10,14,LinearHeuristicAuction,0.05,0.01,,True,,1000,10800,cats_arbitrary_g10b50,,False,CATS,50,arbitrary,MultiMinded,13,Balance,0.43000000000029104,732.443,2,644.233,339.30900000000003,729.4245999999999,740.45982280233568,706.52892280233561,729.30758586154411,1,10,18,31,24
90,10,14,LinearHeuristicAuction,0.05,0.01,,True,,1000,10800,cats_arbitrary_g10b50,,False,CATS,50,arbitrary,MultiMinded,112,Balance,3.719999999999345,891.85,3,807.355,295.7045,891.85,872.67112439312336,828.31544939312323,862.36580875782181,1,10,7,31,24
91,10,13,LinearHeuristicAuction,0.05,0.01,,True,,1000,10800,cats_arbitrary_g10b50,,False,CATS,50,arbitrary,MultiMinded,1000,MaxIter,36.289999999999054,812.137,1,812.137,461.255,812.137,839.83331122756465,0,9.6147746627166839,1,10,15,38,23
92,10,14,LinearHeuristicAuction,0.05,0.01,,True,,1000,10800,cats_arbitrary_g10b50,,False,CATS,50,arbitrary,MultiMinded,1000,MaxIter,37.11999999999898,621.9174,1,498.679,294.30700000000002,461.569,632.03326254450951,0,21.943388485640099,1,10,29,40,24
93,10,18,LinearHeuristicAuction,0.05,0.01,,True,,1000,10800,cats_arbitrary_g10b50,,False,CATS,50,arbitrary,MultiMinded,28,Balance,1.0,768.1442,6,581.443,288.50549999999998,768.1442,701.3961524619815,614.84450246198139,706.32287723628485,1,10,8,38,28
94,10,14,LinearHeuristicAuction,0.05,0.01,,True,,1000,10800,cats_arbitrary_g10b50,,False,CATS,50,arbitrary,MultiMinded,21,Balance,0.6900000000005093,704.947,1,704.947,384.09699999999998,704.947,716.03872471959005,696.83387471959009,721.27911261445945,1,10,13,29,24
95,10,15,LinearHeuristicAuction,0.05,0.01,,True,,1000,10800,cats_arbitrary_g10b50,,False,CATS,50,arbitrary,MultiMinded,1000,MaxIter,35.63999999999942,905.548,1,761.598,373.96699999999998,761.598,975.87886233422159,0,0.68874389241318568,1,10,16,38,25
96,10,13,LinearHeuristicAuction,0.05,0.01,,True,,1000,10800,cats_arbitrary_g10b50,,False,CATS,50,arbitrary,MultiMinded,1000,MaxIter,33.600000000000364,802.2189,1,774.483,389.73500000000001,725.4,829.35977440820159,0,0.053357800031392344,1,10,10,31,23
97,10,14,LinearHeuristicAuction,0.05,0.01,,True,,1000,10800,cats_arbitrary_g10b50,,False,CATS,50,arbitrary,MultiMinded,22,Balance,0.75,777.4,1,777.4,409.10199999999998,777.4,783.33709023155097,762.88199023155096,790.71091831345905,1,10,18,32,24
98,10,12,LinearHeuristicAuction,0.05,0.01,,True,,1000,10800,cats_arbitrary_g10b50,,False,CATS,50,arbitrary,MultiMinded,1000,MaxIter,34.45999999999913,899.539,1,899.539,522.91999999999996,899.539,951.89281332278608,0,0.14624851378277981,1,10,17,31,22
99,10,13,LinearHeuristicAuction,0.05,0.01,,True,,1000,10800,cats_arbitrary_g10b50,,False,CATS,50,arbitrary,MultiMinded,22,Balance,0.6999999999989086,941.1115,3,769.536,337.6515,941.1115,891.5893530064501,840.94162800645006,911.2479883641862,1,10,6,29,23
100,10,15,LinearHeuristicAuction,0.05,0.01,,True,,1000,10800,cats_arbitrary_g10b50,,False,CATS,50,arbitrary,MultiMinded,1000,MaxIter,36.5099999999984,733.9616,1,691.502,466.54449999999997,691.502,823.39689562135266,0,0.016007922223778337,1,10,29,38,25
