idx,items,agents,auction_class,epsilon,stepc,epoch,scalebyvalue,reserve_type,maxiter,maxtime,generator_param_name,personalized,int_prices,generator,bids,distribution,type,rounds,status,runtime,efficient_value,final_num_winners,final_max_agent_value,final_scalevalue,final_value,final_total_price,final_revenue,final_indirect_util,final_price_degree,final_price_sparsity,final_imbalance,final_wd_nvars,final_wd_ncons
1,30,34,LinearSubgradientAuction,0.2,0.04,,True,,1000,10800,cats_arbitrary_g30b150,,False,CATS,150,arbitrary,MultiMinded,1000,MaxIter,1413.1900000000023,1985.8648,10,1958.65,585.33899999999994,1425.6190000000001,2267.2661243794068,766.97428106215943,767.13658323395703,1,30,66,2074,3124
2,30,35,LinearSubgradientAuction,0.2,0.04,,True,,1000,10800,cats_arbitrary_g30b150,,False,CATS,150,arbitrary,MultiMinded,429,Balance,628.8199999999779,2197.79,1,2197.79,440.00599999999997,2197.79,2197.7831071212754,2109.7819071212753,2109.7887999999998,1,30,0,2135,3215
3,30,33,LinearSubgradientAuction,0.2,0.04,,True,,1000,10800,cats_arbitrary_g30b150,,False,CATS,150,arbitrary,MultiMinded,1000,MaxIter,1369.0,2537.724,8,1980.67,603.23800000000006,946.226,2846.5192550051615,593.01689985387816,594.54342435207877,1,30,26,2013,3033
4,30,33,LinearSubgradientAuction,0.2,0.04,,True,,1000,10800,cats_arbitrary_g30b150,,False,CATS,150,arbitrary,MultiMinded,1000,MaxIter,1365.929999999993,2018.328,2,1780.26,501.12400000000002,380.558,2161.5817830658457,78.409449452705076,117.27942660664571,1,30,28,2013,3033
5,30,32,LinearSubgradientAuction,0.2,0.04,,True,,1000,10800,cats_arbitrary_g30b150,,False,CATS,150,arbitrary,MultiMinded,1000,MaxIter,1312.2900000000081,1876.8708299999998,2,1770.89,624.08600000000001,773.226,2287.8913136361821,328.65694147326917,354.00434114193263,1,30,23,1952,2942
6,30,33,LinearSubgradientAuction,0.2,0.04,,True,,1000,10800,cats_arbitrary_g30b150,,False,CATS,150,arbitrary,MultiMinded,1000,MaxIter,1394.0199999999895,2052.619,8,1672.04,727.22400000000005,840.0708999999999,2647.622669496116,388.63179242711294,389.37937714248528,1,30,25,2013,3033
7,30,30,LinearSubgradientAuction,0.2,0.04,,True,,1000,10800,cats_arbitrary_g30b150,,False,CATS,150,arbitrary,MultiMinded,1000,MaxIter,1242.1499999999942,2256.612,3,2088.18,661.12950000000001,774.633,2672.5187173424497,645.6780144113701,645.6780144113701,1,30,22,1830,2760
8,30,35,LinearSubgradientAuction,0.2,0.04,,True,,1000,10800,cats_arbitrary_g30b150,,False,CATS,150,arbitrary,MultiMinded,96,Balance,140.57000000000698,1886.9858,10,1721.43,762.18450000000007,1665.8778000000002,2079.0130888484368,949.15158226964365,985.29119705826531,1,30,35,2135,3215
9,30,32,LinearSubgradientAuction,0.2,0.04,,True,,1000,10800,cats_arbitrary_g30b150,,False,CATS,150,arbitrary,MultiMinded,1000,MaxIter,1322.3700000000244,1903.7699,2,1559.25,844.62750000000005,1319.922,2222.1921018239655,66.610137702046075,67.316631591571195,1,30,28,1952,2942
10,30,36,LinearSubgradientAuction,0.2,0.04,,True,,1000,10800,cats_arbitrary_g30b150,,False,CATS,150,arbitrary,MultiMinded,1000,MaxIter,1478.7399999999907,2500.0740000000005,12,2217.68,621.28700000000003,1517.0280000000002,2759.1383346311045,682.26581166283063,732.03834346686199,1,30,31,2196,3306
11,30,30,LinearSubgradientAuction,0.2,0.04,,True,,1000,10800,cats_arbitrary_g30b150,,False,CATS,150,arbitrary,MultiMinded,1000,MaxIter,1236.0100000000093,1868.241,7,1447.57,637.68550000000005,1165.3519999999999,2403.1827432731493,659.64350853009182,661.19025618837532,1,30,26,1830,2760
12,30,32,LinearSubgradientAuction,0.2,0.04,,True,,1000,10800,cats_arbitrary_g30b150,,False,CATS,150,arbitrary,MultiMinded,1000,MaxIter,1331.6299999999756,1629.6809799999999,6,1454.03,563.44500000000005,685.529,2046.9623096099265,464.26733571454372,464.85047762244466,1,30,32,1952,2942
13,30,33,LinearSubgradientAuction,0.2,0.04,,True,,1000,10800,cats_arbitrary_g30b150,,False,CATS,150,arbitrary,MultiMinded,1000,MaxIter,1401.7099999999919,1977.1191,10,1667.86,707.56150000000002,787.8733,2274.9004829056926,240.30693714809044,240.30693714809044,1,30,62,2013,3033
14,30,33,LinearSubgradientAuction,0.2,0.04,,True,,1000,10800,cats_arbitrary_g30b150,,False,CATS,150,arbitrary,MultiMinded,1000,MaxIter,1369.960000000021,2717.117,6,1791.51,726.46749999999997,1330.911,2873.8572027035698,727.71462344351335,757.33448068042446,1,30,13,2013,3033
15,30,30,LinearSubgradientAuction,0.2,0.04,,True,,1000,10800,cats_arbitrary_g30b150,,False,CATS,150,arbitrary,MultiMinded,1000,MaxIter,1244.0299999999988,2171.381,4,1868.55,921.70799999999997,1286.6689999999999,2665.8446109067095,923.85597029637347,925.40158365456568,1,30,17,1830,2760
16,30,34,LinearSubgradientAuction,0.2,0.04,,True,,1000,10800,cats_arbitrary_g30b150,,False,CATS,150,arbitrary,MultiMinded,1000,MaxIter,1395.2399999999907,2091.4660000000003,4,1581.43,466.154,662.05,2360.7805269076957,466.33361744958967,479.60445703475676,1,30,20,2074,3124
17,30,32,LinearSubgradientAuction,0.2,0.04,,True,,1000,10800,cats_arbitrary_g30b150,,False,CATS,150,arbitrary,MultiMinded,1000,MaxIter,1317.2900000000081,1828.406,8,1506.32,727.10699999999997,601.8797000000001,2070.7800944214896,228.8618176068864,228.8618176068864,1,30,45,1952,2942
18,30,33,LinearSubgradientAuction,0.2,0.04,,True,,1000,10800,cats_arbitrary_g30b150,,False,CATS,150,arbitrary,MultiMinded,1000,MaxIter,1371.4700000000012,2345.2870000000003,10,2117.29,776.08299999999997,1222.2532999999999,2689.4564767429183,637.77718422271198,637.77718422271198,1,30,90,2013,3033
19,30,34,LinearSubgradientAuction,0.2,0.04,,True,,1000,10800,cats_arbitrary_g30b150,,False,CATS,150,arbitrary,MultiMinded,1000,MaxIter,1418.8899999999849,2287.142,11,1551.3,564.779,1039.3919,2650.2852361947616,548.66555028371386,553.35900205556402,1,30,39,2074,3124
20,30,34,LinearSubgradientAuction,0.2,0.04,,True,,1000,10800,cats_arbitrary_g30b150,,False,CATS,150,arbitrary,MultiMinded,1000,MaxIter,1420.0100000000093,1940.03319,1,1543.36,583.99600000000009,1543.36,2251.8233523140088,0,10.598125943006586,1,30,30,2074,3124
21,30,32,LinearSubgradientAuction,0.2,0.04,,True,,1000,10800,cats_arbitrary_g30b150,,False,CATS,150,arbitrary,MultiMinded,1000,MaxIter,1327.7399999999907,1599.0811999999999,7,1355.45,695.58449999999993,712.2672,2019.0153790697184,238.45630963922099,238.59289411571967,1,30,20,1952,2942
22,30,33,LinearSubgradientAuction,0.2,0.04,,True,,1000,10800,cats_arbitrary_g30b150,,False,CATS,150,arbitrary,MultiMinded,1000,MaxIter,1384.2799999999988,2282.8423000000003,4,1879.28,739.774,1105.95,2521.3494228771997,970.35420109384268,971.18785833380184,1,30,27,2013,3033
23,30,33,LinearSubgradientAuction,0.2,0.04,,True,,1000,10800,cats_arbitrary_g30b150,,False,CATS,150,arbitrary,MultiMinded,1000,MaxIter,1390.6499999999942,2403.9993,6,2044.82,717.20399999999995,1065.627,2873.9063642647611,786.22778968762145,787.13403882336172,1,30,26,2013,3033
24,30,30,LinearSubgradientAuction,0.2,0.04,,True,,1000,10800,cats_arbitrary_g30b150,,False,CATS,150,arbitrary,MultiMinded,1000,MaxIter,1209.9100000000035,2126.121,5,1969.43,482.00350000000003,780.557,2524.805957720414,590.60334877153389,595.04893315803588,1,30,24,1830,2760
25,30,29,LinearSubgradientAuction,0.2,0.04,,True,,1000,10800,cats_arbitrary_g30b150,,False,CATS,150,arbitrary,MultiMinded,1000,MaxIter,1205.9899999999907,1852.1607,4,1764.81,936.35900000000004,980.037,2291.7730035577511,630.56742979402884,633.56566523943957,1,30,19,1769,2669
26,30,39,LinearSubgradientAuction,0.2,0.04,,True,,1000,10800,cats_arbitrary_g30b150,,False,CATS,150,arbitrary,MultiMinded,494,Balance,803.1000000000058,2465.4804,8,1489.25,632.89699999999993,2465.4804,2545.6633385292653,1637.367427631847,1660.0571239324668,1,30,82,2379,3579
27,30,29,LinearSubgradientAuction,0.2,0.04,,True,,1000,10800,cats_arbitrary_g30b150,,False,CATS,150,arbitrary,MultiMinded,1000,MaxIter,1196.1700000000128,2275.4269999999997,2,1932.93,759.11900000000003,1932.93,2667.1285210788465,1779.9126423674966,1787.3447867579407,1,30,11,1769,2669
28,30,31,LinearSubgradientAuction,0.2,0.04,,True,,1000,10800,cats_arbitrary_g30b150,,False,CATS,150,arbitrary,MultiMinded,1000,MaxIter,1265.2000000000116,2301.5724,7,1458.94,613.274,1817.556,2471.3624088667962,1461.9841308288444,1461.9841308288444,1,30,26,1891,2851
29,30,29,LinearSubgradientAuction,0.2,0.04,,True,,1000,10800,cats_arbitrary_g30b150,,False,CATS,150,arbitrary,MultiMinded,1000,MaxIter,1188.2599999999802,2007.782,6,1669.06,662.85299999999995,1060.43,2289.5527210295299,708.16100973503967,708.16100973503967,1,30,43,1769,2669
30,30,35,LinearSubgradientAuction,0.2,0.04,,True,,1000,10800,cats_arbitrary_g30b150,,False,CATS,150,arbitrary,MultiMinded,1000,MaxIter,1436.8500000000058,2161.8298999999997,2,1539.73,524.54999999999995,744.188,2418.2166108771053,135.60858220214325,137.33761298228046,1,30,26,2135,3215
31,30,32,LinearSubgradientAuction,0.2,0.04,,True,,1000,10800,cats_arbitrary_g30b150,,False,CATS,150,arbitrary,MultiMinded,1000,MaxIter,1325.9899999999907,2453.359,8,1724.13,512.56299999999999,1353.3719999999998,2695.5666991147882,944.69135125029379,953.153441270999,1,30,27,1952,2942
32,30,34,LinearSubgradientAuction,0.2,0.04,,True,,1000,10800,cats_arbitrary_g30b150,,False,CATS,150,arbitrary,MultiMinded,1000,MaxIter,1418.0599999999977,1818.8858,3,1643.98,574.70600000000002,449.8256,2199.5457697956335,121.04242263668002,130.44232932227956,1,30,25,2074,3124
33,30,33,LinearSubgradientAuction,0.2,0.04,,True,,1000,10800,cats_arbitrary_g30b150,,False,CATS,150,arbitrary,MultiMinded,1000,MaxIter,1367.8000000000175,1944.8153000000002,1,1618.49,617.12249999999995,838.802,2200.2922483016628,0,3.0017880724285249,1,30,30,2013,3033
34,30,31,LinearSubgradientAuction,0.2,0.04,,True,,1000,10800,cats_arbitrary_g30b150,,False,CATS,150,arbitrary,MultiMinded,1000,MaxIter,1282.070000000007,2467.5019,3,2102.79,578.16200000000003,619.048,2763.7701638810058,387.54318351553371,400.11368382463411,1,30,24,1891,2851
35,30,32,LinearSubgradientAuction,0.2,0.04,,True,,1000,10800,cats_arbitrary_g30b150,,False,CATS,150,arbitrary,MultiMinded,1000,MaxIter,1315.7699999999895,2108.201,3,1910.3,506.57900000000001,1358.489,2420.7160368702907,895.69316214694027,907.62513448826985,1,30,15,1952,2942
36,30,35,LinearSubgradientAuction,0.2,0.04,,True,,1000,10800,cats_arbitrary_g30b150,,False,CATS,150,arbitrary,MultiMinded,1000,MaxIter,1436.1199999999953,1942.8097999999998,4,1649.39,704.06799999999998,941.468,2129.2211049070679,802.11170752842781,806.79660327561828,1,30,17,2135,3215
37,30,33,LinearSubgradientAuction,0.2,0.04,,True,,1000,10800,cats_arbitrary_g30b150,,False,CATS,150,arbitrary,MultiMinded,1000,MaxIter,1397.140000000014,1975.334,2,1881.03,532.89949999999999,896.1306,2283.7518463230676,0.0,16.364682192191808,1,30,29,2013,3033
38,30,32,LinearSubgradientAuction,0.2,0.04,,True,,1000,10800,cats_arbitrary_g30b150,,False,CATS,150,arbitrary,MultiMinded,1000,MaxIter,1330.0899999999965,2501.4829999999997,6,2312.06,839.32600000000002,1197.708,2964.1570327629179,708.53468571176154,709.40673178927,1,30,35,1952,2942
39,30,34,LinearSubgradientAuction,0.2,0.04,,True,,1000,10800,cats_arbitrary_g30b150,,False,CATS,150,arbitrary,MultiMinded,1000,MaxIter,1416.640000000014,2311.536,1,2186.45,533.95749999999998,345.447,2623.5692179830389,0,31.263574425895172,1,30,27,2074,3124
40,30,31,LinearSubgradientAuction,0.2,0.04,,True,,1000,10800,cats_arbitrary_g30b150,,False,CATS,150,arbitrary,MultiMinded,1000,MaxIter,1272.1300000000047,1922.01,6,1548.35,753.33299999999997,716.4843,2120.5818763934949,251.83824536468637,258.82622124102488,1,30,13,1891,2851
41,30,32,LinearSubgradientAuction,0.2,0.04,,True,,1000,10800,cats_arbitrary_g30b150,,False,CATS,150,arbitrary,MultiMinded,1000,MaxIter,1312.8000000000175,1899.3063,6,1626.29,567.45299999999997,1066.19,2249.2247794881109,733.77891556784493,734.15510429114613,1,30,33,1952,2942
42,30,35,LinearSubgradientAuction,0.2,0.04,,True,,1000,10800,cats_arbitrary_g30b150,,False,CATS,150,arbitrary,MultiMinded,1000,MaxIter,1435.9400000000023,2374.3837000000003,7,1682.91,707.67899999999997,2084.473,2844.2623393751351,1814.654852582908,1814.654852582908,1,30,37,2135,3215
43,30,36,LinearSubgradientAuction,0.2,0.04,,True,,1000,10800,cats_arbitrary_g30b150,,False,CATS,150,arbitrary,MultiMinded,1000,MaxIter,1511.9000000000233,2385.76,6,2385.76,501.80000000000001,1150.1226,2536.3947591287106,792.80641789468166,822.95343835187691,1,30,24,2196,3306
44,30,35,LinearSubgradientAuction,0.2,0.04,,True,,1000,10800,cats_arbitrary_g30b150,,False,CATS,150,arbitrary,MultiMinded,1000,MaxIter,1463.320000000007,2079.9506999999994,4,1845.76,468.2165,850.5457999999999,2258.3033526869626,398.48842522137625,408.43638530066983,1,30,22,2135,3215
45,30,30,LinearSubgradientAuction,0.2,0.04,,True,,1000,10800,cats_arbitrary_g30b150,,False,CATS,150,arbitrary,MultiMinded,1000,MaxIter,1236.4500000000116,1973.4939,7,1684.69,518.44550000000004,1196.704,2273.5589158228677,755.78947704913003,787.17870370830167,1,30,17,1830,2760
46,30,33,LinearSubgradientAuction,0.2,0.04,,True,,1000,10800,cats_arbitrary_g30b150,,False,CATS,150,arbitrary,MultiMinded,1000,MaxIter,1369.7400000000198,2174.927,7,1703.31,577.08699999999999,925.4169999999999,2481.1899665220772,656.75485270887032,699.10526307768328,1,30,22,2013,3033
47,30,36,LinearSubgradientAuction,0.2,0.04,,True,,1000,10800,cats_arbitrary_g30b150,,False,CATS,150,arbitrary,MultiMinded,1000,MaxIter,1495.1600000000035,2134.903,11,1579.3,488.0025,1102.526,2447.7550339814234,622.2253227266774,622.22555148236609,1,30,41,2196,3306
48,30,36,LinearSubgradientAuction,0.2,0.04,,True,,1000,10800,cats_arbitrary_g30b150,,False,CATS,150,arbitrary,MultiMinded,1000,MaxIter,1508.5100000000093,2120.0323,3,1723.29,500.82099999999997,606.168,2272.9104517930318,204.69009035136628,218.0329956854313,1,30,25,2196,3306
49,30,32,LinearSubgradientAuction,0.2,0.04,,True,,1000,10800,cats_arbitrary_g30b150,,False,CATS,150,arbitrary,MultiMinded,1000,MaxIter,1300.7300000000105,1825.5846,2,1448.16,458.54599999999999,425.441,2109.5936082733924,331.14707610310143,338.89505921612033,1,30,25,1952,2942
50,30,32,LinearSubgradientAuction,0.2,0.04,,True,,1000,10800,cats_arbitrary_g30b150,,False,CATS,150,arbitrary,MultiMinded,157,Balance,208.71000000002095,2387.589,4,2137.71,881.64700000000005,2365.493,2509.7697931402013,1870.1835866118536,1891.638765246267,1,30,16,1952,2942
51,30,31,LinearSubgradientAuction,0.2,0.04,,True,,1000,10800,cats_arbitrary_g30b150,,False,CATS,150,arbitrary,MultiMinded,1000,MaxIter,1291.1499999999942,2404.514,2,2207.65,681.84050000000002,799.09,2772.5751693456982,504.44386706066427,677.60813864199122,1,30,24,1891,2851
52,30,34,LinearSubgradientAuction,0.2,0.04,,True,,1000,10800,cats_arbitrary_g30b150,,False,CATS,150,arbitrary,MultiMinded,1000,MaxIter,1421.5100000000093,2070.7699000000002,2,1761.92,837.09500000000003,1156.135,2355.7675774679624,0.0,13.711537163803115,1,30,28,2074,3124
53,30,34,LinearSubgradientAuction,0.2,0.04,,True,,1000,10800,cats_arbitrary_g30b150,,False,CATS,150,arbitrary,MultiMinded,1000,MaxIter,1406.5899999999965,1944.8844,5,1588.82,654.95799999999997,725.3672,2132.7234817951812,350.58649504772922,389.6082719097343,1,30,16,2074,3124
54,30,30,LinearSubgradientAuction,0.2,0.04,,True,,1000,10800,cats_arbitrary_g30b150,,False,CATS,150,arbitrary,MultiMinded,1000,MaxIter,1224.7099999999919,2678.4509,3,2281.57,746.976,2596.389,3015.8751492346732,2307.3850676267202,2309.5555941278867,1,30,19,1830,2760
55,30,31,LinearSubgradientAuction,0.2,0.04,,True,,1000,10800,cats_arbitrary_g30b150,,False,CATS,150,arbitrary,MultiMinded,1000,MaxIter,1258.6499999999942,2211.653,6,1943.48,726.06700000000001,1828.432,2447.1637119357329,1429.7513031870385,1430.0590560945163,1,30,27,1891,2851
56,30,29,LinearSubgradientAuction,0.2,0.04,,True,,1000,10800,cats_arbitrary_g30b150,,False,CATS,150,arbitrary,MultiMinded,944,Balance,1129.1900000000023,2093.229,6,1877.5,714.9369999999999,1863.0939999999998,2187.835126754775,1571.8149374921145,1583.5547306379942,1,30,36,1769,2669
57,30,31,LinearSubgradientAuction,0.2,0.04,,True,,1000,10800,cats_arbitrary_g30b150,,False,CATS,150,arbitrary,MultiMinded,1000,MaxIter,1285.820000000007,2015.9576000000002,2,1667.14,591.51199999999994,360.919,2335.5005088543212,242.51335800140942,253.59780195123949,1,30,25,1891,2851
58,30,33,LinearSubgradientAuction,0.2,0.04,,True,,1000,10800,cats_arbitrary_g30b150,,False,CATS,150,arbitrary,MultiMinded,1000,MaxIter,1377.3699999999953,2213.6252,8,1937.47,893.10799999999995,1517.1852,2605.2221544438321,1010.0001573621525,1010.0001573621525,1,30,33,2013,3033
59,30,31,LinearSubgradientAuction,0.2,0.04,,True,,1000,10800,cats_arbitrary_g30b150,,False,CATS,150,arbitrary,MultiMinded,1000,MaxIter,1288.5999999999767,2195.5229,2,1710.57,782.62599999999998,494.991,2679.7364834765876,137.21542398952138,172.56458937804791,1,30,27,1891,2851
60,30,36,LinearSubgradientAuction,0.2,0.04,,True,,1000,10800,cats_arbitrary_g30b150,,False,CATS,150,arbitrary,MultiMinded,1000,MaxIter,1481.8699999999953,1802.554,9,1574.08,671.95349999999996,1021.2336,2043.0022725719414,443.4589777505762,447.75108701158848,1,30,27,2196,3306
61,30,33,LinearSubgradientAuction,0.2,0.04,,True,,1000,10800,cats_arbitrary_g30b150,,False,CATS,150,arbitrary,MultiMinded,1000,MaxIter,1382.5899999999965,1724.4375,9,1339.03,584.49199999999996,1305.9795,2012.1737933156794,846.58490651091961,847.32663748671996,1,30,29,2013,3033
62,30,36,LinearSubgradientAuction,0.2,0.04,,True,,1000,10800,cats_arbitrary_g30b150,,False,CATS,150,arbitrary,MultiMinded,1000,MaxIter,1512.2699999999895,2437.0683000000004,3,1933.61,814.90999999999997,600.5058,2642.4326065391374,235.12169146334548,254.9956435765169,1,30,24,2196,3306
63,30,34,LinearSubgradientAuction,0.2,0.04,,True,,1000,10800,cats_arbitrary_g30b150,,False,CATS,150,arbitrary,MultiMinded,1000,MaxIter,1420.1700000000128,2003.24,2,2003.24,494.63999999999999,600.045,2410.5166092731852,116.85748021575711,118.81412668879412,1,30,28,2074,3124
64,30,34,LinearSubgradientAuction,0.2,0.04,,True,,1000,10800,cats_arbitrary_g30b150,,False,CATS,150,arbitrary,MultiMinded,1000,MaxIter,1400.4799999999814,2039.0195999999999,2,1809.03,585.17600000000004,273.652,2338.8953895462755,156.29462522678404,161.18704408429255,1,30,28,2074,3124
65,30,36,LinearSubgradientAuction,0.2,0.04,,True,,1000,10800,cats_arbitrary_g30b150,,False,CATS,150,arbitrary,MultiMinded,1000,MaxIter,1509.7700000000186,1894.2412000000002,5,1377.42,663.9670000000001,884.848,2100.4992660250336,502.4248059160256,512.78687038244584,1,30,17,2196,3306
66,30,33,LinearSubgradientAuction,0.2,0.04,,True,,1000,10800,cats_arbitrary_g30b150,,False,CATS,150,arbitrary,MultiMinded,1000,MaxIter,1380.789999999979,2454.29,3,2454.29,522.13300000000004,426.156,2579.1285076737186,170.6716160314993,219.81167952468368,1,30,27,2013,3033
67,30,31,LinearSubgradientAuction,0.2,0.04,,True,,1000,10800,cats_arbitrary_g30b150,,False,CATS,150,arbitrary,MultiMinded,1000,MaxIter,1264.4100000000035,2341.4958,6,2017.46,785.07600000000002,1222.6909,2882.5085109761621,436.15061346388353,440.25599446265761,1,30,21,1891,2851
68,30,31,LinearSubgradientAuction,0.2,0.04,,True,,1000,10800,cats_arbitrary_g30b150,,False,CATS,150,arbitrary,MultiMinded,230,Balance,294.22000000000116,2082.3165,8,1694.51,536.65000000000009,2082.3165,2161.0197973235399,1444.6317830678581,1487.8935550272736,1,30,26,1891,2851
69,30,32,LinearSubgradientAuction,0.2,0.04,,True,,1000,10800,cats_arbitrary_g30b150,,False,CATS,150,arbitrary,MultiMinded,1000,MaxIter,1327.5899999999965,2088.0744,6,1731.11,855.64499999999998,1167.6418,2395.5526467886766,624.68844070032128,626.41640515675886,1,30,20,1952,2942
70,30,33,LinearSubgradientAuction,0.2,0.04,,True,,1000,10800,cats_arbitrary_g30b150,,False,CATS,150,arbitrary,MultiMinded,1000,MaxIter,1387.6800000000221,2258.578,8,1454.94,617.26599999999996,1604.2959999999998,2664.0595595563823,1001.8480072384008,1002.5863080732961,1,30,41,2013,3033
71,30,33,LinearSubgradientAuction,0.2,0.04,,True,,1000,10800,cats_arbitrary_g30b150,,False,CATS,150,arbitrary,MultiMinded,1000,MaxIter,1392.8500000000058,2247.3372,6,1920.4,499.70499999999998,991.237,2534.0870363513181,694.40963179745268,699.7992188132846,1,30,22,2013,3033
72,30,39,LinearSubgradientAuction,0.2,0.04,,True,,1000,10800,cats_arbitrary_g30b150,,False,CATS,150,arbitrary,MultiMinded,1000,MaxIter,1625.0,2410.0175,1,1662.34,705.94000000000005,280.94,2581.1113803217731,0,2.2752239477234752,1,30,27,2379,3579
73,30,34,LinearSubgradientAuction,0.2,0.04,,True,,1000,10800,cats_arbitrary_g30b150,,False,CATS,150,arbitrary,MultiMinded,1000,MaxIter,1404.1800000000221,2015.5892,11,1380.57,479.64299999999997,1150.876,2319.377496080891,681.00862218241969,682.55906763832866,1,30,33,2074,3124
74,30,36,LinearSubgradientAuction,0.2,0.04,,True,,1000,10800,cats_arbitrary_g30b150,,False,CATS,150,arbitrary,MultiMinded,1000,MaxIter,1473.8399999999965,2042.097,6,1285.64,413.78699999999998,821.1356,2257.4646337151385,538.2211653188001,544.37031934515483,1,30,11,2196,3306
75,30,28,LinearSubgradientAuction,0.2,0.04,,True,,1000,10800,cats_arbitrary_g30b150,,False,CATS,150,arbitrary,MultiMinded,1000,MaxIter,1158.5899999999965,1952.3077,6,1522.4,797.30549999999994,273.836,2789.0296713989137,114.9147886137826,117.6409595397609,1,30,30,1708,2578
76,30,35,LinearSubgradientAuction,0.2,0.04,,True,,1000,10800,cats_arbitrary_g30b150,,False,CATS,150,arbitrary,MultiMinded,1000,MaxIter,1465.4599999999919,2241.3282000000004,3,1991.23,695.48000000000002,298.7138,2510.0052940424303,69.401173901085087,73.643383813513111,1,30,27,2135,3215
77,30,29,LinearSubgradientAuction,0.2,0.04,,True,,1000,10800,cats_arbitrary_g30b150,,False,CATS,150,arbitrary,MultiMinded,96,Balance,112.42999999999302,2086.98,8,1735.17,697.00749999999994,1991.6832,2331.9852494299639,1457.8081434392238,1594.0754081061791,1,30,111,1769,2669
78,30,34,LinearSubgradientAuction,0.2,0.04,,True,,1000,10800,cats_arbitrary_g30b150,,False,CATS,150,arbitrary,MultiMinded,1000,MaxIter,1403.7700000000186,2141.5101999999997,10,1833.54,620.51150000000007,1052.0151,2454.3360775931492,513.38045030274202,523.90011786301864,1,30,28,2074,3124
79,30,32,LinearSubgradientAuction,0.2,0.04,,True,,1000,10800,cats_arbitrary_g30b150,,False,CATS,150,arbitrary,MultiMinded,1000,MaxIter,1309.0199999999895,2182.6516,2,1753.74,722.10699999999997,1028.159,2747.3728885158839,125.07567589342597,183.25190943003375,1,30,27,1952,2942
80,30,31,LinearSubgradientAuction,0.2,0.04,,True,,1000,10800,cats_arbitrary_g30b150,,False,CATS,150,arbitrary,MultiMinded,1000,MaxIter,1282.5500000000175,2157.0797,6,1772.89,656.88249999999994,950.5457000000001,2421.8319847017247,289.10442620373431,299.40524678338221,1,30,14,1891,2851
81,30,31,LinearSubgradientAuction,0.2,0.04,,True,,1000,10800,cats_arbitrary_g30b150,,False,CATS,150,arbitrary,MultiMinded,1000,MaxIter,1260.5899999999965,1755.3018000000002,1,1603.71,647.50199999999995,443.675,2177.0205276699498,0,5.3565156064922483,1,30,30,1891,2851
82,30,34,LinearSubgradientAuction,0.2,0.04,,True,,1000,10800,cats_arbitrary_g30b150,,False,CATS,150,arbitrary,MultiMinded,1000,MaxIter,1426.429999999993,2385.8982,7,2112.36,790.75199999999995,1101.838,2664.4572352089867,410.98636917016734,475.82346969654509,1,30,22,2074,3124
83,30,32,LinearSubgradientAuction,0.2,0.04,,True,,1000,10800,cats_arbitrary_g30b150,,False,CATS,150,arbitrary,MultiMinded,1000,MaxIter,1324.2399999999907,2059.99,2,1826.87,768.11400000000003,783.873,2533.4572682884254,632.74964530615,638.12425469761456,1,30,19,1952,2942
84,30,33,LinearSubgradientAuction,0.2,0.04,,True,,1000,10800,cats_arbitrary_g30b150,,False,CATS,150,arbitrary,MultiMinded,1000,MaxIter,1397.9199999999837,1978.9186000000002,11,1758.88,838.20399999999995,955.0609999999999,2437.0897087718645,430.96392489189356,430.96392489189356,1,30,41,2013,3033
85,30,33,LinearSubgradientAuction,0.2,0.04,,True,,1000,10800,cats_arbitrary_g30b150,,False,CATS,150,arbitrary,MultiMinded,1000,MaxIter,1395.2399999999907,2216.0256,11,2078.55,626.62099999999998,1683.4546000000003,2532.1207760419957,1098.9135094380017,1098.9135094380017,1,30,69,2013,3033
86,30,31,LinearSubgradientAuction,0.2,0.04,,True,,1000,10800,cats_arbitrary_g30b150,,False,CATS,150,arbitrary,MultiMinded,1000,MaxIter,1277.3399999999965,2283.532,1,1809.12,745.29950000000008,1377.39,2664.4018031503515,0,3.519475927877636,1,30,30,1891,2851
87,30,36,LinearSubgradientAuction,0.2,0.04,,True,,1000,10800,cats_arbitrary_g30b150,,False,CATS,150,arbitrary,MultiMinded,1000,MaxIter,1487.2699999999895,2522.6901999999995,10,2032.58,563.31899999999996,1637.1729,2901.2586630825344,1067.806150731479,1067.806150731479,1,30,43,2196,3306
88,30,35,LinearSubgradientAuction,0.2,0.04,,True,,1000,10800,cats_arbitrary_g30b150,,False,CATS,150,arbitrary,MultiMinded,1000,MaxIter,1436.6299999999756,2265.08,3,1820.47,452.93900000000002,924.579,2548.5066460629705,203.4486665911852,217.14828796123845,1,30,23,2135,3215
89,30,28,LinearSubgradientAuction,0.2,0.04,,True,,1000,10800,cats_arbitrary_g30b150,,False,CATS,150,arbitrary,MultiMinded,1000,MaxIter,1139.8600000000151,1895.8706000000002,1,1412.37,685.88149999999996,403.918,2188.4794248593835,0,2.6176972883788494,1,30,30,1708,2578
90,30,33,LinearSubgradientAuction,0.2,0.04,,True,,1000,10800,cats_arbitrary_g30b150,,False,CATS,150,arbitrary,MultiMinded,1000,MaxIter,1393.1200000000244,2397.1789,2,2224.82,593.16800000000001,1666.722,2617.1093858676231,194.52530347787149,215.99540580061318,1,30,25,2013,3033
91,30,32,LinearSubgradientAuction,0.2,0.04,,True,,1000,10800,cats_arbitrary_g30b150,,False,CATS,150,arbitrary,MultiMinded,1000,MaxIter,1327.5799999999872,2290.7259999999997,7,1825.1,529.46000000000004,1263.4439999999997,2604.4347513928719,957.13546488411407,957.13546488411407,1,30,43,1952,2942
92,30,31,LinearSubgradientAuction,0.2,0.04,,True,,1000,10800,cats_arbitrary_g30b150,,False,CATS,150,arbitrary,MultiMinded,1000,MaxIter,1277.6700000000128,1880.9630000000002,2,1586.58,901.44949999999994,291.757,2139.4145083120143,102.35377306010946,115.74560654599844,1,30,27,1891,2851
93,30,34,LinearSubgradientAuction,0.2,0.04,,True,,1000,10800,cats_arbitrary_g30b150,,False,CATS,150,arbitrary,MultiMinded,1000,MaxIter,1388.9500000000116,1815.7306,2,1434.89,540.21100000000001,515.572,2000.1595231173267,191.9643926544164,210.24950923151493,1,30,24,2074,3124
94,30,36,LinearSubgradientAuction,0.2,0.04,,True,,1000,10800,cats_arbitrary_g30b150,,False,CATS,150,arbitrary,MultiMinded,1000,MaxIter,1520.9900000000198,2435.1574,3,2127.58,687.69500000000005,529.142,2745.7219479441524,259.07600984592523,264.28373565061617,1,30,25,2196,3306
95,30,32,LinearSubgradientAuction,0.2,0.04,,True,,1000,10800,cats_arbitrary_g30b150,,False,CATS,150,arbitrary,MultiMinded,1000,MaxIter,1327.1700000000128,2424.051,5,1933.55,792.75099999999998,1679.6785,2687.1905206809574,876.76286880068699,882.11368757067567,1,30,15,1952,2942
96,30,31,LinearSubgradientAuction,0.2,0.04,,True,,1000,10800,cats_arbitrary_g30b150,,False,CATS,150,arbitrary,MultiMinded,1000,MaxIter,1290.5899999999965,1954.1625,1,1781.86,780.25699999999995,1781.86,2318.9292113086226,0,37.321755191121241,1,30,30,1891,2851
97,30,30,LinearSubgradientAuction,0.2,0.04,,True,,1000,10800,cats_arbitrary_g30b150,,False,CATS,150,arbitrary,MultiMinded,1000,MaxIter,1233.6300000000047,1794.66,3,1264.09,681.495,825.4839999999999,2153.8871820358268,127.17361600636784,138.46620448085395,1,30,19,1830,2760
98,30,32,LinearSubgradientAuction,0.2,0.04,,True,,1000,10800,cats_arbitrary_g30b150,,False,CATS,150,arbitrary,MultiMinded,1000,MaxIter,1340.5199999999895,2145.0272,4,2092.47,967.64100000000008,1110.78,2643.9123402070268,925.86275600184717,925.86275600184717,1,30,23,1952,2942
99,30,29,LinearSubgradientAuction,0.2,0.04,,True,,1000,10800,cats_arbitrary_g30b150,,False,CATS,150,arbitrary,MultiMinded,1000,MaxIter,1180.320000000007,2260.297,1,2093.42,648.17449999999997,256.737,2711.9910621407425,0,4.9436846513220871,1,30,30,1769,2669
100,30,37,LinearSubgradientAuction,0.2,0.04,,True,,1000,10800,cats_arbitrary_g30b150,,False,CATS,150,arbitrary,MultiMinded,1000,MaxIter,1530.8399999999965,2260.7916,1,1588.66,496.72000000000003,227.273,2423.1540844781616,0,9.0881914313211567,1,30,30,2257,3397
