idx,items,agents,auction_class,epsilon,stepc,epoch,scalebyvalue,reserve_type,maxiter,maxtime,generator_param_name,personalized,int_prices,generator,bids,distribution,type,rounds,status,runtime,efficient_value,final_num_winners,final_max_agent_value,final_scalevalue,final_value,final_total_price,final_revenue,final_indirect_util,final_price_degree,final_price_sparsity,final_imbalance,final_wd_nvars,final_wd_ncons
1,30,34,LinearSubgradientAuction,0.025,0.04,,True,,1000,10800,cats_arbitrary_g30b150,,False,CATS,150,arbitrary,MultiMinded,1000,MaxIter,1384.4399999999987,1985.8648,10,1958.65,585.33899999999994,1425.6190000000001,2267.2661243794068,1365.2971407765033,1365.4594429483009,1,30,66,2074,3124
2,30,35,LinearSubgradientAuction,0.025,0.04,,True,,1000,10800,cats_arbitrary_g30b150,,False,CATS,150,arbitrary,MultiMinded,429,Balance,620.1100000000006,2197.79,1,2197.79,440.00599999999997,2197.79,2197.7831071212754,2186.7829571212756,2186.7898500000001,1,30,0,2135,3215
3,30,33,LinearSubgradientAuction,0.025,0.04,,True,,1000,10800,cats_arbitrary_g30b150,,False,CATS,150,arbitrary,MultiMinded,1000,MaxIter,1382.8199999999997,2537.724,8,1980.67,603.23800000000006,946.226,2846.5192550051615,909.7168498538781,911.24337435207872,1,30,26,2013,3033
4,30,33,LinearSubgradientAuction,0.025,0.04,,True,,1000,10800,cats_arbitrary_g30b150,,False,CATS,150,arbitrary,MultiMinded,1000,MaxIter,1383.8100000000013,2018.328,2,1780.26,501.12400000000002,380.558,2161.5817830658457,166.1061494527051,204.97612660664572,1,30,28,2013,3033
5,30,32,LinearSubgradientAuction,0.025,0.04,,True,,1000,10800,cats_arbitrary_g30b150,,False,CATS,150,arbitrary,MultiMinded,1000,MaxIter,1307.0,1876.8708299999998,2,1770.89,624.08600000000001,773.226,2287.8913136361821,437.87199147326919,463.21939114193265,1,30,23,1952,2942
6,30,33,LinearSubgradientAuction,0.025,0.04,,True,,1000,10800,cats_arbitrary_g30b150,,False,CATS,150,arbitrary,MultiMinded,1000,MaxIter,1375.260000000002,2052.619,8,1672.04,727.22400000000005,840.0708999999999,2647.622669496116,776.32196313133079,777.06954784670313,1,30,25,2013,3033
7,30,30,LinearSubgradientAuction,0.025,0.04,,True,,1000,10800,cats_arbitrary_g30b150,,False,CATS,150,arbitrary,MultiMinded,1000,MaxIter,1234.3600000000006,2256.612,3,2088.18,661.12950000000001,774.633,2672.5187173424497,761.37567691137008,761.37567691137008,1,30,22,1830,2760
8,30,35,LinearSubgradientAuction,0.025,0.04,,True,,1000,10800,cats_arbitrary_g30b150,,False,CATS,150,arbitrary,MultiMinded,1000,MaxIter,1460.0299999999988,1886.9858,2,1721.43,762.18450000000007,443.864,2055.7087076993789,35.088021542595001,42.705923930319244,1,30,29,2135,3215
9,30,32,LinearSubgradientAuction,0.025,0.04,,True,,1000,10800,cats_arbitrary_g30b150,,False,CATS,150,arbitrary,MultiMinded,1000,MaxIter,1336.6599999999999,1903.7699,2,1559.25,844.62750000000005,1319.922,2222.1921018239655,214.4199502020461,215.12644409157122,1,30,28,1952,2942
10,30,36,LinearSubgradientAuction,0.025,0.04,,True,,1000,10800,cats_arbitrary_g30b150,,False,CATS,150,arbitrary,MultiMinded,1000,MaxIter,1501.3100000000013,2500.0740000000005,12,2217.68,621.28700000000003,1517.0280000000002,2759.1383346311045,1371.0298428256121,1420.8023746296435,1,30,31,2196,3306
11,30,30,LinearSubgradientAuction,0.025,0.04,,True,,1000,10800,cats_arbitrary_g30b150,,False,CATS,150,arbitrary,MultiMinded,1000,MaxIter,1239.8899999999994,1868.241,7,1447.57,637.68550000000005,1165.3519999999999,2403.1827432731493,1106.0233585300919,1107.5701061883753,1,30,26,1830,2760
12,30,32,LinearSubgradientAuction,0.025,0.04,,True,,1000,10800,cats_arbitrary_g30b150,,False,CATS,150,arbitrary,MultiMinded,1000,MaxIter,1328.9199999999983,1629.6809799999999,6,1454.03,563.44500000000005,685.529,2046.9623096099265,661.47308571454369,662.05622762244468,1,30,32,1952,2942
13,30,33,LinearSubgradientAuction,0.025,0.04,,True,,1000,10800,cats_arbitrary_g30b150,,False,CATS,150,arbitrary,MultiMinded,1000,MaxIter,1367.8100000000013,1977.1191,10,1667.86,707.56150000000002,787.8733,2274.9004829056926,719.5939150749997,719.5939150749997,1,30,62,2013,3033
14,30,33,LinearSubgradientAuction,0.025,0.04,,True,,1000,10800,cats_arbitrary_g30b150,,False,CATS,150,arbitrary,MultiMinded,1000,MaxIter,1387.1500000000015,2717.117,6,1791.51,726.46749999999997,1330.911,2873.8572027035698,1236.2418734435134,1265.8617306804244,1,30,13,2013,3033
15,30,30,LinearSubgradientAuction,0.025,0.04,,True,,1000,10800,cats_arbitrary_g30b150,,False,CATS,150,arbitrary,MultiMinded,1000,MaxIter,1233.6299999999974,2171.381,4,1868.55,921.70799999999997,1286.6689999999999,2665.8446109067095,1246.4537702963735,1247.9993836545657,1,30,17,1830,2760
16,30,34,LinearSubgradientAuction,0.025,0.04,,True,,1000,10800,cats_arbitrary_g30b150,,False,CATS,150,arbitrary,MultiMinded,1000,MaxIter,1408.130000000001,2091.4660000000003,4,1581.43,466.154,662.05,2360.7805269076957,629.48751744958963,642.75835703475673,1,30,20,2074,3124
17,30,32,LinearSubgradientAuction,0.025,0.04,,True,,1000,10800,cats_arbitrary_g30b150,,False,CATS,150,arbitrary,MultiMinded,1000,MaxIter,1311.2400000000016,1828.406,8,1506.32,727.10699999999997,601.8797000000001,2070.7800944214896,566.11373981489771,566.11373981489771,1,30,45,1952,2942
18,30,33,LinearSubgradientAuction,0.025,0.04,,True,,1000,10800,cats_arbitrary_g30b150,,False,CATS,150,arbitrary,MultiMinded,1000,MaxIter,1388.5299999999988,2345.2870000000003,10,2117.29,776.08299999999997,1222.2532999999999,2689.4564767429183,1159.6740779952861,1159.6740779952861,1,30,90,2013,3033
19,30,34,LinearSubgradientAuction,0.025,0.04,,True,,1000,10800,cats_arbitrary_g30b150,,False,CATS,150,arbitrary,MultiMinded,1000,MaxIter,1397.920000000002,2287.142,11,1551.3,564.779,1039.3919,2650.2852361947616,974.07024180852864,978.7636935803788,1,30,39,2074,3124
20,30,34,LinearSubgradientAuction,0.025,0.04,,True,,1000,10800,cats_arbitrary_g30b150,,False,CATS,150,arbitrary,MultiMinded,1000,MaxIter,1422.7099999999991,1940.03319,1,1543.36,583.99600000000009,1543.36,2251.8233523140088,0,10.598125943006586,1,30,30,2074,3124
21,30,32,LinearSubgradientAuction,0.025,0.04,,True,,1000,10800,cats_arbitrary_g30b150,,False,CATS,150,arbitrary,MultiMinded,1000,MaxIter,1332.5900000000001,1599.0811999999999,7,1355.45,695.58449999999993,712.2672,2019.0153790697184,646.29117338614412,646.42775786264281,1,30,20,1952,2942
22,30,33,LinearSubgradientAuction,0.025,0.04,,True,,1000,10800,cats_arbitrary_g30b150,,False,CATS,150,arbitrary,MultiMinded,1000,MaxIter,1375.260000000002,2282.8423000000003,4,1879.28,739.774,1105.95,2521.3494228771997,1099.8146510938427,1100.6483083338019,1,30,27,2013,3033
23,30,33,LinearSubgradientAuction,0.025,0.04,,True,,1000,10800,cats_arbitrary_g30b150,,False,CATS,150,arbitrary,MultiMinded,1000,MaxIter,1386.8999999999978,2403.9993,6,2044.82,717.20399999999995,1065.627,2873.9063642647611,1037.2491896876213,1038.1554388233617,1,30,26,2013,3033
24,30,30,LinearSubgradientAuction,0.025,0.04,,True,,1000,10800,cats_arbitrary_g30b150,,False,CATS,150,arbitrary,MultiMinded,1000,MaxIter,1232.8100000000013,2126.121,5,1969.43,482.00350000000003,780.557,2524.805957720414,759.30457377153402,763.75015815803602,1,30,24,1830,2760
25,30,29,LinearSubgradientAuction,0.025,0.04,,True,,1000,10800,cats_arbitrary_g30b150,,False,CATS,150,arbitrary,MultiMinded,1000,MaxIter,1190.9600000000028,1852.1607,4,1764.81,936.35900000000004,980.037,2291.7730035577511,948.04101562408459,951.03925106949532,1,30,19,1769,2669
26,30,39,LinearSubgradientAuction,0.025,0.04,,True,,1000,10800,cats_arbitrary_g30b150,,False,CATS,150,arbitrary,MultiMinded,1000,MaxIter,1618.0299999999988,2465.4804,8,1489.25,632.89699999999993,1282.5804,2565.0778395106263,1228.0315783265373,1229.697283886547,1,30,27,2379,3579
27,30,29,LinearSubgradientAuction,0.025,0.04,,True,,1000,10800,cats_arbitrary_g30b150,,False,CATS,150,arbitrary,MultiMinded,1000,MaxIter,1193.8899999999994,2275.4269999999997,2,1932.93,759.11900000000003,1932.93,2667.1285210788465,1912.7584673674965,1920.1906117579406,1,30,11,1769,2669
28,30,31,LinearSubgradientAuction,0.025,0.04,,True,,1000,10800,cats_arbitrary_g30b150,,False,CATS,150,arbitrary,MultiMinded,1000,MaxIter,1281.869999999999,2301.5724,7,1458.94,613.274,1817.556,2471.3624088667962,1783.9529808288444,1783.9529808288444,1,30,26,1891,2851
29,30,29,LinearSubgradientAuction,0.025,0.04,,True,,1000,10800,cats_arbitrary_g30b150,,False,CATS,150,arbitrary,MultiMinded,1000,MaxIter,1181.8199999999997,2007.782,6,1669.06,662.85299999999995,1060.43,2289.5527210295299,1027.7286303909489,1027.7286303909489,1,30,43,1769,2669
30,30,35,LinearSubgradientAuction,0.025,0.04,,True,,1000,10800,cats_arbitrary_g30b150,,False,CATS,150,arbitrary,MultiMinded,1000,MaxIter,1456.0900000000001,2161.8298999999997,2,1539.73,524.54999999999995,744.188,2418.2166108771053,227.40483220214324,229.13386298228045,1,30,26,2135,3215
31,30,32,LinearSubgradientAuction,0.025,0.04,,True,,1000,10800,cats_arbitrary_g30b150,,False,CATS,150,arbitrary,MultiMinded,1000,MaxIter,1308.1899999999987,2453.359,8,1724.13,512.56299999999999,1353.3719999999998,2695.5666991147882,1303.4854512502936,1311.947541270999,1,30,27,1952,2942
32,30,34,LinearSubgradientAuction,0.025,0.04,,True,,1000,10800,cats_arbitrary_g30b150,,False,CATS,150,arbitrary,MultiMinded,1000,MaxIter,1415.9099999999999,1818.8858,3,1643.98,574.70600000000002,449.8256,2199.5457697956335,322.18952263668001,331.58942932227956,1,30,25,2074,3124
33,30,33,LinearSubgradientAuction,0.025,0.04,,True,,1000,10800,cats_arbitrary_g30b150,,False,CATS,150,arbitrary,MultiMinded,1000,MaxIter,1391.7799999999988,1944.8153000000002,1,1618.49,617.12249999999995,838.802,2200.2922483016628,0,3.0017880724285249,1,30,30,2013,3033
34,30,31,LinearSubgradientAuction,0.025,0.04,,True,,1000,10800,cats_arbitrary_g30b150,,False,CATS,150,arbitrary,MultiMinded,1000,MaxIter,1271.0900000000001,2467.5019,3,2102.79,578.16200000000003,619.048,2763.7701638810058,589.8998835155337,602.47038382463404,1,30,24,1891,2851
35,30,32,LinearSubgradientAuction,0.025,0.04,,True,,1000,10800,cats_arbitrary_g30b150,,False,CATS,150,arbitrary,MultiMinded,1000,MaxIter,1323.3600000000006,2108.201,3,1910.3,506.57900000000001,1358.489,2420.7160368702907,1072.9958121469401,1084.9277844882697,1,30,15,1952,2942
36,30,35,LinearSubgradientAuction,0.025,0.04,,True,,1000,10800,cats_arbitrary_g30b150,,False,CATS,150,arbitrary,MultiMinded,1000,MaxIter,1464.9099999999999,1942.8097999999998,4,1649.39,704.06799999999998,941.468,2129.2211049070679,925.32360752842783,930.0085032756183,1,30,17,2135,3215
37,30,33,LinearSubgradientAuction,0.025,0.04,,True,,1000,10800,cats_arbitrary_g30b150,,False,CATS,150,arbitrary,MultiMinded,1000,MaxIter,1378.9399999999987,1975.334,2,1881.03,532.89949999999999,896.1306,2283.7518463230676,45.09530747544305,61.459989667634858,1,30,29,2013,3033
38,30,32,LinearSubgradientAuction,0.025,0.04,,True,,1000,10800,cats_arbitrary_g30b150,,False,CATS,150,arbitrary,MultiMinded,1000,MaxIter,1325.6599999999999,2501.4829999999997,6,2312.06,839.32600000000002,1197.708,2964.1570327629179,1149.1808357117616,1150.05288178927,1,30,35,1952,2942
39,30,34,LinearSubgradientAuction,0.025,0.04,,True,,1000,10800,cats_arbitrary_g30b150,,False,CATS,150,arbitrary,MultiMinded,1000,MaxIter,1397.1800000000003,2311.536,1,2186.45,533.95749999999998,345.447,2623.5692179830389,0,31.263574425895172,1,30,27,2074,3124
40,30,31,LinearSubgradientAuction,0.025,0.04,,True,,1000,10800,cats_arbitrary_g30b150,,False,CATS,150,arbitrary,MultiMinded,1000,MaxIter,1279.9199999999983,1922.01,6,1548.35,753.33299999999997,716.4843,2120.5818763934949,647.33807036468636,654.32604624102487,1,30,13,1891,2851
41,30,32,LinearSubgradientAuction,0.025,0.04,,True,,1000,10800,cats_arbitrary_g30b150,,False,CATS,150,arbitrary,MultiMinded,1000,MaxIter,1302.9099999999999,1899.3063,6,1626.29,567.45299999999997,1066.19,2249.2247794881109,1031.691740567845,1032.0679292911461,1,30,33,1952,2942
42,30,35,LinearSubgradientAuction,0.025,0.04,,True,,1000,10800,cats_arbitrary_g30b150,,False,CATS,150,arbitrary,MultiMinded,1000,MaxIter,1441.8500000000022,2374.3837000000003,7,1682.91,707.67899999999997,2084.473,2844.2623393751351,2062.3425025829079,2062.3425025829079,1,30,37,2135,3215
43,30,36,LinearSubgradientAuction,0.025,0.04,,True,,1000,10800,cats_arbitrary_g30b150,,False,CATS,150,arbitrary,MultiMinded,1000,MaxIter,1500.489999999998,2385.76,6,2385.76,501.80000000000001,1150.1226,2536.3947591287106,1102.9838164693554,1133.1308369265507,1,30,24,2196,3306
44,30,35,LinearSubgradientAuction,0.025,0.04,,True,,1000,10800,cats_arbitrary_g30b150,,False,CATS,150,arbitrary,MultiMinded,1000,MaxIter,1444.3999999999978,2079.9506999999994,4,1845.76,468.2165,850.5457999999999,2258.3033526869626,600.64349691094833,610.59145699024191,1,30,22,2135,3215
45,30,30,LinearSubgradientAuction,0.025,0.04,,True,,1000,10800,cats_arbitrary_g30b150,,False,CATS,150,arbitrary,MultiMinded,1000,MaxIter,1237.4700000000012,1973.4939,7,1684.69,518.44550000000004,1196.704,2273.5589158228677,1118.7013270491302,1150.0905537083017,1,30,17,1830,2760
46,30,33,LinearSubgradientAuction,0.025,0.04,,True,,1000,10800,cats_arbitrary_g30b150,,False,CATS,150,arbitrary,MultiMinded,1000,MaxIter,1390.5499999999993,2174.927,7,1703.31,577.08699999999999,925.4169999999999,2481.1899665220772,858.73530270887034,901.08571307768329,1,30,22,2013,3033
47,30,36,LinearSubgradientAuction,0.025,0.04,,True,,1000,10800,cats_arbitrary_g30b150,,False,CATS,150,arbitrary,MultiMinded,1000,MaxIter,1514.8499999999985,2134.903,11,1579.3,488.0025,1102.526,2447.7550339814234,1049.2275102266774,1049.2277389823662,1,30,41,2196,3306
48,30,36,LinearSubgradientAuction,0.025,0.04,,True,,1000,10800,cats_arbitrary_g30b150,,False,CATS,150,arbitrary,MultiMinded,1000,MaxIter,1507.1899999999987,2120.0323,3,1723.29,500.82099999999997,606.168,2272.9104517930318,379.97744035136623,393.32034568543128,1,30,25,2196,3306
49,30,32,LinearSubgradientAuction,0.025,0.04,,True,,1000,10800,cats_arbitrary_g30b150,,False,CATS,150,arbitrary,MultiMinded,1000,MaxIter,1313.8600000000006,1825.5846,2,1448.16,458.54599999999999,425.441,2109.5936082733924,411.39262610310141,419.14060921612031,1,30,25,1952,2942
50,30,32,LinearSubgradientAuction,0.025,0.04,,True,,1000,10800,cats_arbitrary_g30b150,,False,CATS,150,arbitrary,MultiMinded,1000,MaxIter,1327.0499999999956,2387.589,2,2137.71,881.64700000000005,882.293,2477.6540004194453,172.99061747460391,234.22755121174507,1,30,27,1952,2942
51,30,31,LinearSubgradientAuction,0.025,0.04,,True,,1000,10800,cats_arbitrary_g30b150,,False,CATS,150,arbitrary,MultiMinded,1000,MaxIter,1284.9099999999999,2404.514,2,2207.65,681.84050000000002,799.09,2772.5751693456982,623.76595456066434,796.93022614199117,1,30,24,1891,2851
52,30,34,LinearSubgradientAuction,0.025,0.04,,True,,1000,10800,cats_arbitrary_g30b150,,False,CATS,150,arbitrary,MultiMinded,1000,MaxIter,1396.7000000000007,2070.7699000000002,2,1761.92,837.09500000000003,1156.135,2355.7675774679624,105.91386198059941,119.62539914440252,1,30,28,2074,3124
53,30,34,LinearSubgradientAuction,0.025,0.04,,True,,1000,10800,cats_arbitrary_g30b150,,False,CATS,150,arbitrary,MultiMinded,1000,MaxIter,1391.630000000001,1944.8844,5,1588.82,654.95799999999997,725.3672,2132.7234817951812,650.48863232735482,689.51040918935996,1,30,16,2074,3124
54,30,30,LinearSubgradientAuction,0.025,0.04,,True,,1000,10800,cats_arbitrary_g30b150,,False,CATS,150,arbitrary,MultiMinded,1000,MaxIter,1224.6200000000026,2678.4509,3,2281.57,746.976,2596.389,3015.8751492346732,2568.8266676267203,2570.9971941278868,1,30,19,1830,2760
55,30,31,LinearSubgradientAuction,0.025,0.04,,True,,1000,10800,cats_arbitrary_g30b150,,False,CATS,150,arbitrary,MultiMinded,1000,MaxIter,1282.5299999999988,2211.653,6,1943.48,726.06700000000001,1828.432,2447.1637119357329,1785.4380224974489,1785.7457754049267,1,30,27,1891,2851
56,30,29,LinearSubgradientAuction,0.025,0.04,,True,,1000,10800,cats_arbitrary_g30b150,,False,CATS,150,arbitrary,MultiMinded,1000,MaxIter,1194.75,2093.229,6,1877.5,714.9369999999999,953.232,2243.569857574998,906.29223954947179,906.29223954947179,1,30,82,1769,2669
57,30,31,LinearSubgradientAuction,0.025,0.04,,True,,1000,10800,cats_arbitrary_g30b150,,False,CATS,150,arbitrary,MultiMinded,1000,MaxIter,1265.7900000000009,2015.9576000000002,2,1667.14,591.51199999999994,360.919,2335.5005088543212,346.02795800140939,357.11240195123946,1,30,25,1891,2851
58,30,33,LinearSubgradientAuction,0.025,0.04,,True,,1000,10800,cats_arbitrary_g30b150,,False,CATS,150,arbitrary,MultiMinded,1000,MaxIter,1396.5400000000009,2213.6252,8,1937.47,893.10799999999995,1517.1852,2605.2221544438321,1445.5146209620709,1445.5146209620709,1,30,33,2013,3033
59,30,31,LinearSubgradientAuction,0.025,0.04,,True,,1000,10800,cats_arbitrary_g30b150,,False,CATS,150,arbitrary,MultiMinded,1000,MaxIter,1292.9800000000032,2195.5229,2,1710.57,782.62599999999998,494.991,2679.7364834765876,274.17497398952139,309.52413937804795,1,30,27,1891,2851
60,30,36,LinearSubgradientAuction,0.025,0.04,,True,,1000,10800,cats_arbitrary_g30b150,,False,CATS,150,arbitrary,MultiMinded,1000,MaxIter,1496.75,1802.554,9,1574.08,671.95349999999996,1021.2336,2043.0022725719414,941.76480756051285,946.05691682152519,1,30,27,2196,3306
61,30,33,LinearSubgradientAuction,0.025,0.04,,True,,1000,10800,cats_arbitrary_g30b150,,False,CATS,150,arbitrary,MultiMinded,1000,MaxIter,1388.3199999999997,1724.4375,9,1339.03,584.49199999999996,1305.9795,2012.1737933156794,1244.4875488454493,1245.2292798212495,1,30,29,2013,3033
62,30,36,LinearSubgradientAuction,0.025,0.04,,True,,1000,10800,cats_arbitrary_g30b150,,False,CATS,150,arbitrary,MultiMinded,1000,MaxIter,1510.6399999999994,2437.0683000000004,3,1933.61,814.90999999999997,600.5058,2642.4326065391374,433.3773388436353,453.25129095680671,1,30,24,2196,3306
63,30,34,LinearSubgradientAuction,0.025,0.04,,True,,1000,10800,cats_arbitrary_g30b150,,False,CATS,150,arbitrary,MultiMinded,1000,MaxIter,1415.449999999997,2003.24,2,2003.24,494.63999999999999,600.045,2410.5166092731852,203.41948021575712,205.37612668879413,1,30,28,2074,3124
64,30,34,LinearSubgradientAuction,0.025,0.04,,True,,1000,10800,cats_arbitrary_g30b150,,False,CATS,150,arbitrary,MultiMinded,1000,MaxIter,1397.239999999998,2039.0195999999999,2,1809.03,585.17600000000004,273.652,2338.8953895462755,258.70042522678409,263.59284408429261,1,30,28,2074,3124
65,30,36,LinearSubgradientAuction,0.025,0.04,,True,,1000,10800,cats_arbitrary_g30b150,,False,CATS,150,arbitrary,MultiMinded,1000,MaxIter,1483.1399999999994,1894.2412000000002,5,1377.42,663.9670000000001,884.848,2100.4992660250336,831.21929705210573,841.58136151852591,1,30,17,2196,3306
66,30,33,LinearSubgradientAuction,0.025,0.04,,True,,1000,10800,cats_arbitrary_g30b150,,False,CATS,150,arbitrary,MultiMinded,1000,MaxIter,1374.5,2454.29,3,2454.29,522.13300000000004,426.156,2579.1285076737186,353.41816603149937,402.55822952468372,1,30,27,2013,3033
67,30,31,LinearSubgradientAuction,0.025,0.04,,True,,1000,10800,cats_arbitrary_g30b150,,False,CATS,150,arbitrary,MultiMinded,1000,MaxIter,1280.8700000000026,2341.4958,6,2017.46,785.07600000000002,1222.6909,2882.5085109761621,790.24006944395694,794.34545044273102,1,30,21,1891,2851
68,30,31,LinearSubgradientAuction,0.025,0.04,,True,,1000,10800,cats_arbitrary_g30b150,,False,CATS,150,arbitrary,MultiMinded,1000,MaxIter,1281.6699999999983,2082.3165,7,1694.51,536.65000000000009,1414.2250000000001,2178.9147634962351,1339.2375281917691,1370.999575619622,1,30,43,1891,2851
69,30,32,LinearSubgradientAuction,0.025,0.04,,True,,1000,10800,cats_arbitrary_g30b150,,False,CATS,150,arbitrary,MultiMinded,1000,MaxIter,1310.6399999999994,2088.0744,6,1731.11,855.64499999999998,1167.6418,2395.5526467886766,1090.1972526034417,1091.9252170598793,1,30,20,1952,2942
70,30,33,LinearSubgradientAuction,0.025,0.04,,True,,1000,10800,cats_arbitrary_g30b150,,False,CATS,150,arbitrary,MultiMinded,1000,MaxIter,1390.2900000000009,2258.578,8,1454.94,617.26599999999996,1604.2959999999998,2664.0595595563823,1541.955757238401,1542.6940580732962,1,30,41,2013,3033
71,30,33,LinearSubgradientAuction,0.025,0.04,,True,,1000,10800,cats_arbitrary_g30b150,,False,CATS,150,arbitrary,MultiMinded,1000,MaxIter,1397.810000000005,2247.3372,6,1920.4,499.70499999999998,991.237,2534.0870363513181,956.75475679745284,962.14434381328476,1,30,22,2013,3033
72,30,39,LinearSubgradientAuction,0.025,0.04,,True,,1000,10800,cats_arbitrary_g30b150,,False,CATS,150,arbitrary,MultiMinded,1000,MaxIter,1630.4099999999962,2410.0175,1,1662.34,705.94000000000005,280.94,2581.1113803217731,0,2.2752239477234752,1,30,27,2379,3579
73,30,34,LinearSubgradientAuction,0.025,0.04,,True,,1000,10800,cats_arbitrary_g30b150,,False,CATS,150,arbitrary,MultiMinded,1000,MaxIter,1410.5899999999965,2015.5892,11,1380.57,479.64299999999997,1150.876,2319.377496080891,1100.6962471824197,1102.2466926383288,1,30,33,2074,3124
74,30,36,LinearSubgradientAuction,0.025,0.04,,True,,1000,10800,cats_arbitrary_g30b150,,False,CATS,150,arbitrary,MultiMinded,1000,MaxIter,1504.5900000000038,2042.097,6,1285.64,413.78699999999998,821.1356,2257.4646337151385,779.34449502355164,785.49364904990637,1,30,11,2196,3306
75,30,28,LinearSubgradientAuction,0.025,0.04,,True,,1000,10800,cats_arbitrary_g30b150,,False,CATS,150,arbitrary,MultiMinded,1000,MaxIter,1153.6200000000026,1952.3077,6,1522.4,797.30549999999994,273.836,2789.0296713989137,254.44325111378259,257.16942203976089,1,30,30,1708,2578
76,30,35,LinearSubgradientAuction,0.025,0.04,,True,,1000,10800,cats_arbitrary_g30b150,,False,CATS,150,arbitrary,MultiMinded,1000,MaxIter,1440.5599999999977,2241.3282000000004,3,1991.23,695.48000000000002,298.7138,2510.0052940424303,224.32989439610611,228.57210430853414,1,30,27,2135,3215
77,30,29,LinearSubgradientAuction,0.025,0.04,,True,,1000,10800,cats_arbitrary_g30b150,,False,CATS,150,arbitrary,MultiMinded,1000,MaxIter,1172.300000000003,2086.98,6,1735.17,697.00749999999994,756.939,2360.223049265519,722.80574358840749,729.65117227755695,1,30,18,1769,2669
78,30,34,LinearSubgradientAuction,0.025,0.04,,True,,1000,10800,cats_arbitrary_g30b150,,False,CATS,150,arbitrary,MultiMinded,1000,MaxIter,1411.3400000000038,2141.5101999999997,10,1833.54,620.51150000000007,1052.0151,2454.3360775931492,975.07904886969004,985.59871642996666,1,30,28,2074,3124
79,30,32,LinearSubgradientAuction,0.025,0.04,,True,,1000,10800,cats_arbitrary_g30b150,,False,CATS,150,arbitrary,MultiMinded,1000,MaxIter,1323.5800000000017,2182.6516,2,1753.74,722.10699999999997,1028.159,2747.3728885158839,251.44440089342598,309.62063443003376,1,30,27,1952,2942
80,30,31,LinearSubgradientAuction,0.025,0.04,,True,,1000,10800,cats_arbitrary_g30b150,,False,CATS,150,arbitrary,MultiMinded,1000,MaxIter,1266.1500000000015,2157.0797,6,1772.89,656.88249999999994,950.5457000000001,2421.8319847017247,666.51076773976843,676.81158831941639,1,30,14,1891,2851
81,30,31,LinearSubgradientAuction,0.025,0.04,,True,,1000,10800,cats_arbitrary_g30b150,,False,CATS,150,arbitrary,MultiMinded,1000,MaxIter,1266.1600000000035,1755.3018000000002,1,1603.71,647.50199999999995,443.675,2177.0205276699498,0,5.3565156064922483,1,30,30,1891,2851
82,30,34,LinearSubgradientAuction,0.025,0.04,,True,,1000,10800,cats_arbitrary_g30b150,,False,CATS,150,arbitrary,MultiMinded,1000,MaxIter,1424.520000000004,2385.8982,7,2112.36,790.75199999999995,1101.838,2664.4572352089867,964.51276917016708,1029.3498696965448,1,30,22,2074,3124
83,30,32,LinearSubgradientAuction,0.025,0.04,,True,,1000,10800,cats_arbitrary_g30b150,,False,CATS,150,arbitrary,MultiMinded,1000,MaxIter,1332.8999999999942,2059.99,2,1826.87,768.11400000000003,783.873,2533.4572682884254,767.16959530614997,772.54420469761453,1,30,19,1952,2942
84,30,33,LinearSubgradientAuction,0.025,0.04,,True,,1000,10800,cats_arbitrary_g30b150,,False,CATS,150,arbitrary,MultiMinded,1000,MaxIter,1395.1800000000003,1978.9186000000002,11,1758.88,838.20399999999995,955.0609999999999,2437.0897087718645,891.68701970823838,891.68701970823838,1,30,41,2013,3033
85,30,33,LinearSubgradientAuction,0.025,0.04,,True,,1000,10800,cats_arbitrary_g30b150,,False,CATS,150,arbitrary,MultiMinded,1000,MaxIter,1386.4100000000035,2216.0256,11,2078.55,626.62099999999998,1683.4546000000003,2532.1207760419957,1619.1289847774203,1619.1289847774203,1,30,69,2013,3033
86,30,31,LinearSubgradientAuction,0.025,0.04,,True,,1000,10800,cats_arbitrary_g30b150,,False,CATS,150,arbitrary,MultiMinded,1000,MaxIter,1259.1100000000006,2283.532,1,1809.12,745.29950000000008,1377.39,2664.4018031503515,0,3.519475927877636,1,30,30,1891,2851
87,30,36,LinearSubgradientAuction,0.025,0.04,,True,,1000,10800,cats_arbitrary_g30b150,,False,CATS,150,arbitrary,MultiMinded,1000,MaxIter,1508.1900000000023,2522.6901999999995,10,2032.58,563.31899999999996,1637.1729,2901.2586630825344,1565.8758633238217,1565.8758633238217,1,30,43,2196,3306
88,30,35,LinearSubgradientAuction,0.025,0.04,,True,,1000,10800,cats_arbitrary_g30b150,,False,CATS,150,arbitrary,MultiMinded,1000,MaxIter,1451.219999999994,2265.08,3,1820.47,452.93900000000002,924.579,2548.5066460629705,361.97731659118517,375.67693796123842,1,30,23,2135,3215
89,30,28,LinearSubgradientAuction,0.025,0.04,,True,,1000,10800,cats_arbitrary_g30b150,,False,CATS,150,arbitrary,MultiMinded,1000,MaxIter,1135.270000000004,1895.8706000000002,1,1412.37,685.88149999999996,403.918,2188.4794248593835,0,2.6176972883788494,1,30,30,1708,2578
90,30,33,LinearSubgradientAuction,0.025,0.04,,True,,1000,10800,cats_arbitrary_g30b150,,False,CATS,150,arbitrary,MultiMinded,1000,MaxIter,1369.7699999999968,2397.1789,2,2224.82,593.16800000000001,1666.722,2617.1093858676231,298.32970347787148,319.79980580061317,1,30,25,2013,3033
91,30,32,LinearSubgradientAuction,0.025,0.04,,True,,1000,10800,cats_arbitrary_g30b150,,False,CATS,150,arbitrary,MultiMinded,1000,MaxIter,1324.770000000004,2290.7259999999997,7,1825.1,529.46000000000004,1263.4439999999997,2604.4347513928719,1235.1019648841141,1235.1019648841141,1,30,43,1952,2942
92,30,31,LinearSubgradientAuction,0.025,0.04,,True,,1000,10800,cats_arbitrary_g30b150,,False,CATS,150,arbitrary,MultiMinded,1000,MaxIter,1284.0999999999985,1880.9630000000002,2,1586.58,901.44949999999994,291.757,2139.4145083120143,260.10743556010948,273.49926904599846,1,30,27,1891,2851
93,30,34,LinearSubgradientAuction,0.025,0.04,,True,,1000,10800,cats_arbitrary_g30b150,,False,CATS,150,arbitrary,MultiMinded,1000,MaxIter,1397.9000000000015,1815.7306,2,1434.89,540.21100000000001,515.572,2000.1595231173267,286.50131765441643,304.78643423151493,1,30,24,2074,3124
94,30,36,LinearSubgradientAuction,0.025,0.04,,True,,1000,10800,cats_arbitrary_g30b150,,False,CATS,150,arbitrary,MultiMinded,1000,MaxIter,1521.0400000000009,2435.1574,3,2127.58,687.69500000000005,529.142,2745.7219479441524,492.14082600738749,497.34855181207843,1,30,25,2196,3306
95,30,32,LinearSubgradientAuction,0.025,0.04,,True,,1000,10800,cats_arbitrary_g30b150,,False,CATS,150,arbitrary,MultiMinded,1000,MaxIter,1330.4199999999983,2424.051,5,1933.55,792.75099999999998,1679.6785,2687.1905206809574,1348.2522086395084,1353.6030274094969,1,30,15,1952,2942
96,30,31,LinearSubgradientAuction,0.025,0.04,,True,,1000,10800,cats_arbitrary_g30b150,,False,CATS,150,arbitrary,MultiMinded,1000,MaxIter,1288.8300000000017,1954.1625,1,1781.86,780.25699999999995,1781.86,2318.9292113086226,0,37.321755191121241,1,30,30,1891,2851
97,30,30,LinearSubgradientAuction,0.025,0.04,,True,,1000,10800,cats_arbitrary_g30b150,,False,CATS,150,arbitrary,MultiMinded,1000,MaxIter,1240.6699999999983,1794.66,3,1264.09,681.495,825.4839999999999,2153.8871820358268,365.69686600636783,376.98945448085396,1,30,19,1830,2760
98,30,32,LinearSubgradientAuction,0.025,0.04,,True,,1000,10800,cats_arbitrary_g30b150,,False,CATS,150,arbitrary,MultiMinded,1000,MaxIter,1310.9400000000023,2145.0272,4,2092.47,967.64100000000008,1110.78,2643.9123402070268,1095.1999310018471,1095.1999310018471,1,30,23,1952,2942
99,30,29,LinearSubgradientAuction,0.025,0.04,,True,,1000,10800,cats_arbitrary_g30b150,,False,CATS,150,arbitrary,MultiMinded,1000,MaxIter,1171.6399999999994,2260.297,1,2093.42,648.17449999999997,256.737,2711.9910621407425,0,4.9436846513220871,1,30,30,1769,2669
100,30,37,LinearSubgradientAuction,0.025,0.04,,True,,1000,10800,cats_arbitrary_g30b150,,False,CATS,150,arbitrary,MultiMinded,1000,MaxIter,1541.6100000000006,2260.7916,1,1588.66,496.72000000000003,227.273,2423.1540844781616,0,9.0881914313211567,1,30,30,2257,3397
