idx,items,agents,auction_class,epsilon,stepc,epoch,scalebyvalue,reserve_type,maxiter,maxtime,generator_param_name,personalized,int_prices,generator,bids,distribution,type,rounds,status,runtime,efficient_value,final_num_winners,final_max_agent_value,final_scalevalue,final_value,final_total_price,final_revenue,final_indirect_util,final_price_degree,final_price_sparsity,final_imbalance,final_wd_nvars,final_wd_ncons
1,10,14,LinearSubgradientAuction,0.05,0.02,,True,,1000,10800,cats_arbitrary_g10b50,,False,CATS,50,arbitrary,MultiMinded,1000,MaxIter,182.6999999999971,793.971,4,793.971,469.322,397.671,816.73266348565653,351.92568247532256,358.39817698034472,1,10,8,294,444
2,10,17,LinearSubgradientAuction,0.05,0.02,,True,,1000,10800,cats_arbitrary_g10b50,,False,CATS,50,arbitrary,MultiMinded,1000,MaxIter,215.62000000000262,890.9177,4,838.462,457.63549999999998,600.0983,1003.0271448567921,450.44763442490188,465.31946602011027,1,10,3,357,537
3,10,13,LinearSubgradientAuction,0.05,0.02,,True,,1000,10800,cats_arbitrary_g10b50,,False,CATS,50,arbitrary,MultiMinded,1000,MaxIter,172.31000000000495,689.11,2,689.11,373.73599999999999,647.002,756.08496514200556,630.06657641952256,630.06657641952256,1,10,10,273,413
4,10,17,LinearSubgradientAuction,0.05,0.02,,True,,1000,10800,cats_arbitrary_g10b50,,False,CATS,50,arbitrary,MultiMinded,23,Balance,4.799999999995634,673.823,6,673.823,310.16499999999996,673.4054,675.32552268123254,582.57583241556415,595.86415000000011,1,10,1,357,537
5,10,13,LinearSubgradientAuction,0.05,0.02,,True,,1000,10800,cats_arbitrary_g10b50,,False,CATS,50,arbitrary,MultiMinded,6,Balance,0.9099999999962165,758.773,1,758.773,337.48050000000001,758.773,757.54900233755507,740.67497733755511,759.60659314652776,1,10,8,273,413
6,10,14,LinearSubgradientAuction,0.05,0.02,,True,,1000,10800,cats_arbitrary_g10b50,,False,CATS,50,arbitrary,MultiMinded,1000,MaxIter,178.4300000000003,841.028,3,744.08,361.97500000000002,551.904,812.02767254309936,465.55876912847634,516.83779688148252,1,10,8,294,444
7,10,16,LinearSubgradientAuction,0.05,0.02,,True,,1000,10800,cats_arbitrary_g10b50,,False,CATS,50,arbitrary,MultiMinded,53,Balance,10.659999999996217,859.6020000000001,2,710.786,293.07349999999997,859.6020000000001,846.85209507555282,817.54474507555278,844.8402311820347,1,10,3,336,506
8,10,14,LinearSubgradientAuction,0.05,0.02,,True,,1000,10800,cats_arbitrary_g10b50,,False,CATS,50,arbitrary,MultiMinded,249,Balance,45.5,556.7090000000001,2,486.526,246.58600000000001,556.7090000000001,555.34262009852296,530.68402009852309,532.19040228358313,1,10,6,294,444
9,10,20,LinearSubgradientAuction,0.05,0.02,,True,,1000,10800,cats_arbitrary_g10b50,,False,CATS,50,arbitrary,MultiMinded,270,Balance,67.47000000000116,650.389,3,411.483,212.66149999999999,650.389,660.63458435156394,628.8351428921095,629.12284999999997,1,10,1,420,630
10,10,16,LinearSubgradientAuction,0.05,0.02,,True,,1000,10800,cats_arbitrary_g10b50,,False,CATS,50,arbitrary,MultiMinded,13,Balance,2.569999999999709,974.512,1,974.512,305.01999999999998,974.512,963.63200500466678,948.3810050046668,979.81558269702532,1,10,13,336,506
11,10,18,LinearSubgradientAuction,0.05,0.02,,True,,1000,10800,cats_arbitrary_g10b50,,False,CATS,50,arbitrary,MultiMinded,50,Balance,11.409999999996217,903.4137000000001,5,690.32,184.28,903.4137000000001,831.60050370220665,785.53050370220637,865.26113403467025,1,10,4,378,568
12,10,18,LinearSubgradientAuction,0.05,0.02,,True,,1000,10800,cats_arbitrary_g10b50,,False,CATS,50,arbitrary,MultiMinded,1000,MaxIter,231.5500000000029,476.0346,3,416.605,211.79050000000001,274.836,483.87558027072356,265.08357193949035,265.08357193949035,1,10,13,378,568
13,10,14,LinearSubgradientAuction,0.05,0.02,,True,,1000,10800,cats_arbitrary_g10b50,,False,CATS,50,arbitrary,MultiMinded,20,Balance,3.529999999998836,761.647,1,761.647,337.08749999999998,761.647,761.5179428486158,744.6635678486158,745.35685518705577,1,10,3,294,444
14,10,14,LinearSubgradientAuction,0.05,0.02,,True,,1000,10800,cats_arbitrary_g10b50,,False,CATS,50,arbitrary,MultiMinded,411,Balance,74.63999999999942,1115.4950000000001,3,880.107,393.411,1115.4950000000001,1084.9531781887958,1026.025657485307,1076.1539,1,10,1,294,444
15,10,12,LinearSubgradientAuction,0.05,0.02,,True,,1000,10800,cats_arbitrary_g10b50,,False,CATS,50,arbitrary,MultiMinded,249,Balance,39.529999999998836,871.33,2,871.33,381.12349999999998,871.33,889.07681801309809,851.07484259761202,852.27382499999999,1,10,1,252,382
16,10,14,LinearSubgradientAuction,0.05,0.02,,True,,1000,10800,cats_arbitrary_g10b50,,False,CATS,50,arbitrary,MultiMinded,127,Balance,22.790000000000873,779.7001,5,571.996,300.363,779.7001,773.2627701936733,698.17202019367335,704.61403916920096,1,10,1,294,444
17,10,13,LinearSubgradientAuction,0.05,0.02,,True,,1000,10800,cats_arbitrary_g10b50,,False,CATS,50,arbitrary,MultiMinded,1000,MaxIter,169.0899999999965,721.2810000000001,4,640.028,297.31799999999998,383.26300000000003,712.59072138185456,354.42576395310914,374.00156384553628,1,10,5,273,413
18,10,18,LinearSubgradientAuction,0.05,0.02,,True,,1000,10800,cats_arbitrary_g10b50,,False,CATS,50,arbitrary,MultiMinded,346,Balance,78.83999999999651,1005.5310000000001,2,868.696,380.75,1005.5310000000001,1004.5852825972318,966.51028259723171,968.7452885369762,1,10,9,378,568
19,10,14,LinearSubgradientAuction,0.05,0.02,,True,,1000,10800,cats_arbitrary_g10b50,,False,CATS,50,arbitrary,MultiMinded,1000,MaxIter,178.3199999999997,832.065,3,642.87,411.233,769.371,892.70797666010492,730.07404696919764,730.31291587082637,1,10,10,294,444
20,10,14,LinearSubgradientAuction,0.05,0.02,,True,,1000,10800,cats_arbitrary_g10b50,,False,CATS,50,arbitrary,MultiMinded,101,Balance,18.07999999999447,615.5416,4,453.46,272.30500000000001,615.5416,616.68132774669755,562.22032774669765,574.64441358585918,1,10,2,294,444
21,10,17,LinearSubgradientAuction,0.05,0.02,,True,,1000,10800,cats_arbitrary_g10b50,,False,CATS,50,arbitrary,MultiMinded,1000,MaxIter,218.9300000000003,618.958,3,618.958,240.48899999999998,498.3313,653.57969970623969,474.46360608077396,475.13954329409353,1,10,6,357,537
22,10,13,LinearSubgradientAuction,0.05,0.02,,True,,1000,10800,cats_arbitrary_g10b50,,False,CATS,50,arbitrary,MultiMinded,1000,MaxIter,168.75,879.723,2,879.723,407.96800000000002,417.542,1066.7196117412539,397.40043877668791,397.40043877668791,1,10,1,273,413
23,10,15,LinearSubgradientAuction,0.05,0.02,,True,,1000,10800,cats_arbitrary_g10b50,,False,CATS,50,arbitrary,MultiMinded,256,Balance,49.529999999998836,977.097,3,977.097,436.84800000000001,957.9259999999999,978.10478212391649,912.79360932660654,914.24120000000005,1,10,1,315,475
24,10,13,LinearSubgradientAuction,0.05,0.02,,True,,1000,10800,cats_arbitrary_g10b50,,False,CATS,50,arbitrary,MultiMinded,1000,MaxIter,170.83000000000175,612.4065,1,552.965,296.99549999999999,341.555,645.41869703826637,0,0.76223124191002967,1,10,10,273,413
25,10,16,LinearSubgradientAuction,0.05,0.02,,True,,1000,10800,cats_arbitrary_g10b50,,False,CATS,50,arbitrary,MultiMinded,1000,MaxIter,205.76000000000204,742.2606000000001,5,689.211,308.97050000000002,660.1083,760.5021277530924,614.40924846988719,614.40924846988719,1,10,9,336,506
26,10,13,LinearSubgradientAuction,0.05,0.02,,True,,1000,10800,cats_arbitrary_g10b50,,False,CATS,50,arbitrary,MultiMinded,1000,MaxIter,172.06000000000495,887.9649999999999,4,818.015,382.74599999999998,887.9649999999999,913.62234547383821,831.49472933640402,831.49481117058269,1,10,12,273,413
27,10,13,LinearSubgradientAuction,0.05,0.02,,True,,1000,10800,cats_arbitrary_g10b50,,False,CATS,50,arbitrary,MultiMinded,1000,MaxIter,168.09999999999854,775.689,2,775.689,348.334,543.153,832.61733155540901,525.34683657979724,526.89801106318168,1,10,4,273,413
28,10,15,LinearSubgradientAuction,0.05,0.02,,True,,1000,10800,cats_arbitrary_g10b50,,False,CATS,50,arbitrary,MultiMinded,94,Balance,18.2300000000032,604.885,1,604.885,314.90100000000001,604.885,604.2680035134041,588.5229535134041,589.30480454686267,1,10,7,315,475
29,10,12,LinearSubgradientAuction,0.05,0.02,,True,,1000,10800,cats_arbitrary_g10b50,,False,CATS,50,arbitrary,MultiMinded,1000,MaxIter,155.4499999999971,642.809,2,642.809,296.26149999999996,612.869,725.34265576018868,598.04651098102738,598.79990464604907,1,10,2,252,382
30,10,16,LinearSubgradientAuction,0.05,0.02,,True,,1000,10800,cats_arbitrary_g10b50,,False,CATS,50,arbitrary,MultiMinded,1000,MaxIter,203.51000000000204,754.962,5,660.473,247.715,729.0385000000001,765.84959997204464,680.75675324937208,680.75704092055992,1,10,17,336,506
31,10,15,LinearSubgradientAuction,0.05,0.02,,True,,1000,10800,cats_arbitrary_g10b50,,False,CATS,50,arbitrary,MultiMinded,1000,MaxIter,195.11000000000058,914.694,1,907.121,520.11850000000004,314.481,989.22340098873462,0,1.8336504655779891,1,10,10,315,475
32,10,13,LinearSubgradientAuction,0.05,0.02,,True,,1000,10800,cats_arbitrary_g10b50,,False,CATS,50,arbitrary,MultiMinded,1000,MaxIter,170.04999999999563,619.2586,3,603.07,291.851,504.088,720.76625319988091,490.4478526703171,490.84207213524229,1,10,10,273,413
33,10,16,LinearSubgradientAuction,0.05,0.02,,True,,1000,10800,cats_arbitrary_g10b50,,False,CATS,50,arbitrary,MultiMinded,1000,MaxIter,203.11000000000058,622.297,4,622.297,224.69200000000001,573.637,624.14186798302978,530.14237306032442,541.10434581987715,1,10,16,336,506
34,10,15,LinearSubgradientAuction,0.05,0.02,,True,,1000,10800,cats_arbitrary_g10b50,,False,CATS,50,arbitrary,MultiMinded,82,Balance,15.690000000002328,868.13,3,756.065,258.05500000000001,868.129,846.73134324689613,808.02309324689611,841.80645325080548,1,10,3,315,475
35,10,15,LinearSubgradientAuction,0.05,0.02,,True,,1000,10800,cats_arbitrary_g10b50,,False,CATS,50,arbitrary,MultiMinded,1000,MaxIter,192.33000000000175,804.713,2,804.713,330.97899999999998,295.024,837.76150219328201,118.1025044068591,124.15186476103734,1,10,9,315,475
36,10,15,LinearSubgradientAuction,0.05,0.02,,True,,1000,10800,cats_arbitrary_g10b50,,False,CATS,50,arbitrary,MultiMinded,1000,MaxIter,193.75,643.0699999999999,3,632.425,412.71300000000002,587.4680000000001,668.99589464356995,545.31380083482372,546.46071351496653,1,10,3,315,475
37,10,12,LinearSubgradientAuction,0.05,0.02,,True,,1000,10800,cats_arbitrary_g10b50,,False,CATS,50,arbitrary,MultiMinded,1000,MaxIter,158.9800000000032,701.3026000000001,3,634.495,369.97450000000003,633.477,736.47511162514513,581.86055064733966,597.19659972689408,1,10,3,252,382
38,10,14,LinearSubgradientAuction,0.05,0.02,,True,,1000,10800,cats_arbitrary_g10b50,,False,CATS,50,arbitrary,MultiMinded,1000,MaxIter,184.2300000000032,691.88,2,653.657,339.25200000000001,370.613,734.77908576349387,329.17833878058815,353.95522196340778,1,10,5,294,444
39,10,18,LinearSubgradientAuction,0.05,0.02,,True,,1000,10800,cats_arbitrary_g10b50,,False,CATS,50,arbitrary,MultiMinded,64,Balance,14.680000000000291,955.2540000000001,3,721.473,276.10400000000004,955.2540000000001,941.41944479314202,900.00384479314198,914.18074501108504,1,10,3,378,568
40,10,15,LinearSubgradientAuction,0.05,0.02,,True,,1000,10800,cats_arbitrary_g10b50,,False,CATS,50,arbitrary,MultiMinded,1000,MaxIter,191.83000000000175,882.337,4,850.424,422.59100000000001,882.337,916.90553606619699,819.09203042369154,819.35407910589652,1,10,4,315,475
41,10,14,LinearSubgradientAuction,0.05,0.02,,True,,1000,10800,cats_arbitrary_g10b50,,False,CATS,50,arbitrary,MultiMinded,1000,MaxIter,183.7300000000032,806.5720000000001,3,744.105,394.66899999999998,622.7,827.65733285853071,607.06751157364579,607.06751157364579,1,10,23,294,444
42,10,12,LinearSubgradientAuction,0.05,0.02,,True,,1000,10800,cats_arbitrary_g10b50,,False,CATS,50,arbitrary,MultiMinded,1000,MaxIter,155.08000000000175,674.607,3,650.249,261.25450000000001,568.563,697.24048766274836,555.87859832039283,555.87859832039283,1,10,12,252,382
43,10,18,LinearSubgradientAuction,0.05,0.02,,True,,1000,10800,cats_arbitrary_g10b50,,False,CATS,50,arbitrary,MultiMinded,14,Balance,3.099999999998545,710.9245999999999,2,698.897,258.83499999999998,710.9245999999999,699.36825309072753,673.48475309072751,685.04110000000003,1,10,0,378,568
44,10,12,LinearSubgradientAuction,0.05,0.02,,True,,1000,10800,cats_arbitrary_g10b50,,False,CATS,50,arbitrary,MultiMinded,1000,MaxIter,158.97000000000116,748.73,3,701.292,407.33100000000002,732.842,774.95754727291433,692.74036534504296,692.74113688820773,1,10,13,252,382
45,10,15,LinearSubgradientAuction,0.05,0.02,,True,,1000,10800,cats_arbitrary_g10b50,,False,CATS,50,arbitrary,MultiMinded,19,Balance,3.5599999999976717,753.639,3,656.884,388.58100000000002,753.639,706.86012419975191,648.57297419975191,695.35185000000001,1,10,0,315,475
46,10,17,LinearSubgradientAuction,0.05,0.02,,True,,1000,10800,cats_arbitrary_g10b50,,False,CATS,50,arbitrary,MultiMinded,301,Balance,64.59000000000378,944.9340000000001,4,844.841,403.99299999999999,944.9340000000001,942.22216227292552,861.42356227292544,865.27598756308828,1,10,2,357,537
47,10,14,LinearSubgradientAuction,0.05,0.02,,True,,1000,10800,cats_arbitrary_g10b50,,False,CATS,50,arbitrary,MultiMinded,1000,MaxIter,182.79999999999563,898.101,3,893.489,324.04449999999997,724.283,931.81193960499081,692.52277496346869,692.52277496346869,1,10,10,294,444
48,10,15,LinearSubgradientAuction,0.05,0.02,,True,,1000,10800,cats_arbitrary_g10b50,,False,CATS,50,arbitrary,MultiMinded,12,Balance,2.1999999999970896,889.443,3,787.484,397.44799999999998,889.443,852.40267209593571,792.7854720959358,843.57114167286613,1,10,11,315,475
49,10,14,LinearSubgradientAuction,0.05,0.02,,True,,1000,10800,cats_arbitrary_g10b50,,False,CATS,50,arbitrary,MultiMinded,1000,MaxIter,182.3599999999933,945.042,2,781.262,432.49200000000002,781.262,950.92098193872653,761.04099646594352,761.04099646594352,1,10,9,294,444
50,10,14,LinearSubgradientAuction,0.05,0.02,,True,,1000,10800,cats_arbitrary_g10b50,,False,CATS,50,arbitrary,MultiMinded,1000,MaxIter,179.5899999999965,815.381,2,698.568,297.62700000000001,566.073,892.35313705282624,551.22888491689173,551.23582715605585,1,10,5,294,444
51,10,19,LinearSubgradientAuction,0.05,0.02,,True,,1000,10800,cats_arbitrary_g10b50,,False,CATS,50,arbitrary,MultiMinded,1000,MaxIter,243.0899999999965,593.082,2,593.082,349.66500000000002,495.103,608.36319647061759,478.61596970087635,478.61596970087635,1,10,10,399,599
52,10,12,LinearSubgradientAuction,0.05,0.02,,True,,1000,10800,cats_arbitrary_g10b50,,False,CATS,50,arbitrary,MultiMinded,1000,MaxIter,156.05999999999767,842.818,2,842.818,428.04949999999997,619.251,920.51745531571805,271.26242159878581,272.85499069198579,1,10,7,252,382
53,10,17,LinearSubgradientAuction,0.05,0.02,,True,,1000,10800,cats_arbitrary_g10b50,,False,CATS,50,arbitrary,MultiMinded,1000,MaxIter,214.92000000000553,787.8274,3,644.907,269.82600000000002,474.38280000000003,814.09779812372153,379.94986474642945,380.69829338655444,1,10,6,357,537
54,10,14,LinearSubgradientAuction,0.05,0.02,,True,,1000,10800,cats_arbitrary_g10b50,,False,CATS,50,arbitrary,MultiMinded,9,Balance,1.5299999999988358,810.751,3,699.486,371.92899999999997,810.751,796.64495598309361,740.8556059830936,754.96164999999996,1,10,0,294,444
55,10,14,LinearSubgradientAuction,0.05,0.02,,True,,1000,10800,cats_arbitrary_g10b50,,False,CATS,50,arbitrary,MultiMinded,1000,MaxIter,180.97000000000116,778.56,4,652.834,405.49599999999998,606.8637,802.62964555348231,546.67602220391768,546.67602220391768,1,10,11,294,444
56,10,14,LinearSubgradientAuction,0.05,0.02,,True,,1000,10800,cats_arbitrary_g10b50,,False,CATS,50,arbitrary,MultiMinded,1000,MaxIter,178.38999999999942,720.833,4,718.63,414.24000000000001,572.5319999999999,749.12551553359651,532.24574274628606,532.44776834571735,1,10,9,294,444
57,10,13,LinearSubgradientAuction,0.05,0.02,,True,,1000,10800,cats_arbitrary_g10b50,,False,CATS,50,arbitrary,MultiMinded,1000,MaxIter,170.70999999999913,742.0273,2,583.324,429.03550000000001,671.444,765.746378144044,531.96314404838529,533.41116243385181,1,10,4,273,413
58,10,18,LinearSubgradientAuction,0.05,0.02,,True,,1000,10800,cats_arbitrary_g10b50,,False,CATS,50,arbitrary,MultiMinded,1000,MaxIter,232.16999999999825,927.076,5,790.752,213.971,777.9092,976.83621219173347,705.95979817840487,735.70579479678167,1,10,8,378,568
59,10,15,LinearSubgradientAuction,0.05,0.02,,True,,1000,10800,cats_arbitrary_g10b50,,False,CATS,50,arbitrary,MultiMinded,1000,MaxIter,194.38000000000466,685.266,3,685.266,301.03800000000001,673.322,720.0024524465249,644.65175117828835,644.65175117828835,1,10,16,315,475
60,10,17,LinearSubgradientAuction,0.05,0.02,,True,,1000,10800,cats_arbitrary_g10b50,,False,CATS,50,arbitrary,MultiMinded,1000,MaxIter,214.77000000000407,763.9352999999999,4,684.98,313.44299999999998,478.88489999999996,715.35922436164424,365.91938492024599,432.06668195910527,1,10,5,357,537
61,10,15,LinearSubgradientAuction,0.05,0.02,,True,,1000,10800,cats_arbitrary_g10b50,,False,CATS,50,arbitrary,MultiMinded,22,Balance,4.1599999999962165,906.867,2,800.076,363.90899999999999,904.461,904.85553413729269,868.46463413729259,878.76888972874735,1,10,6,315,475
62,10,13,LinearSubgradientAuction,0.05,0.02,,True,,1000,10800,cats_arbitrary_g10b50,,False,CATS,50,arbitrary,MultiMinded,1000,MaxIter,170.52000000000407,838.7230000000001,2,739.886,355.20699999999999,253.25150000000002,900.38055083349377,61.248853711961416,66.247877875990469,1,10,9,273,413
63,10,17,LinearSubgradientAuction,0.05,0.02,,True,,1000,10800,cats_arbitrary_g10b50,,False,CATS,50,arbitrary,MultiMinded,1000,MaxIter,218.0500000000029,879.858,2,879.858,289.45299999999997,199.44,896.57797500329525,184.88881315256123,187.07181513988678,1,10,8,357,537
64,10,13,LinearSubgradientAuction,0.05,0.02,,True,,1000,10800,cats_arbitrary_g10b50,,False,CATS,50,arbitrary,MultiMinded,16,Balance,2.5900000000037835,699.8910000000001,4,546.14,336.69400000000002,699.8910000000001,688.54919446494807,621.21039446494808,634.49830007696323,1,10,4,273,413
65,10,14,LinearSubgradientAuction,0.05,0.02,,True,,1000,10800,cats_arbitrary_g10b50,,False,CATS,50,arbitrary,MultiMinded,1000,MaxIter,178.76000000000204,747.1110000000001,2,683.377,371.40150000000006,632.933,772.66200685096237,615.3488117775604,615.75109321756827,1,10,6,294,444
66,10,16,LinearSubgradientAuction,0.05,0.02,,True,,1000,10800,cats_arbitrary_g10b50,,False,CATS,50,arbitrary,MultiMinded,153,Balance,30.919999999998254,804.7069,4,692.962,241.77600000000001,804.7069,743.93007432726972,695.57487432726975,757.47218883949643,1,10,11,336,506
67,10,15,LinearSubgradientAuction,0.05,0.02,,True,,1000,10800,cats_arbitrary_g10b50,,False,CATS,50,arbitrary,MultiMinded,65,Balance,12.419999999998254,950.858,2,795.087,420.85149999999999,950.858,948.80533255016053,906.72018255016064,910.67633318682044,1,10,5,315,475
68,10,17,LinearSubgradientAuction,0.05,0.02,,True,,1000,10800,cats_arbitrary_g10b50,,False,CATS,50,arbitrary,MultiMinded,54,Balance,11.689999999995052,638.514,4,583.892,266.64400000000001,636.1027999999999,626.97045207215979,573.71176852420194,596.10619999999994,1,10,1,357,537
69,10,13,LinearSubgradientAuction,0.05,0.02,,True,,1000,10800,cats_arbitrary_g10b50,,False,CATS,50,arbitrary,MultiMinded,1000,MaxIter,167.63999999999942,653.81,3,515.575,365.36749999999995,604.6590000000001,689.91259548091944,297.4034505925498,300.68567406629086,1,10,4,273,413
70,10,16,LinearSubgradientAuction,0.05,0.02,,True,,1000,10800,cats_arbitrary_g10b50,,False,CATS,50,arbitrary,MultiMinded,1000,MaxIter,207.16999999999825,813.773,2,813.773,239.7945,813.773,867.54743538477646,801.59277455339156,802.08183429261726,1,10,1,336,506
71,10,18,LinearSubgradientAuction,0.05,0.02,,True,,1000,10800,cats_arbitrary_g10b50,,False,CATS,50,arbitrary,MultiMinded,1000,MaxIter,228.45999999999913,936.203,1,936.203,330.1275,103.987,1075.3110832809343,0,3.1417677863708207,1,10,10,378,568
72,10,19,LinearSubgradientAuction,0.05,0.02,,True,,1000,10800,cats_arbitrary_g10b50,,False,CATS,50,arbitrary,MultiMinded,20,Balance,4.7299999999959255,742.889,1,742.889,330.43299999999999,742.889,748.88366948804401,732.36201948804398,732.36201948804398,1,10,10,399,599
73,10,13,LinearSubgradientAuction,0.05,0.02,,True,,1000,10800,cats_arbitrary_g10b50,,False,CATS,50,arbitrary,MultiMinded,1000,MaxIter,170.30999999999767,829.25,1,829.25,443.63649999999996,433.775,909.03655972446973,0,2.7496554776705864,1,10,10,273,413
74,10,17,LinearSubgradientAuction,0.05,0.02,,True,,1000,10800,cats_arbitrary_g10b50,,False,CATS,50,arbitrary,MultiMinded,1000,MaxIter,215.27999999999884,785.147,2,785.147,194.18100000000001,323.045,785.9478084999248,285.0940848283189,314.03779613152795,1,10,7,357,537
75,10,14,LinearSubgradientAuction,0.05,0.02,,True,,1000,10800,cats_arbitrary_g10b50,,False,CATS,50,arbitrary,MultiMinded,1000,MaxIter,181.5699999999997,877.244,3,869.635,380.94749999999999,557.216,919.3337301580608,520.77363911518319,520.77363911518319,1,10,13,294,444
76,10,15,LinearSubgradientAuction,0.05,0.02,,True,,1000,10800,cats_arbitrary_g10b50,,False,CATS,50,arbitrary,MultiMinded,1000,MaxIter,195.08000000000175,772.528,1,772.528,426.029,772.528,823.60160224919048,0,0.0,1,10,10,315,475
77,10,16,LinearSubgradientAuction,0.05,0.02,,True,,1000,10800,cats_arbitrary_g10b50,,False,CATS,50,arbitrary,MultiMinded,1000,MaxIter,205.44000000000233,610.0541,4,475.061,229.33799999999999,465.48709999999994,667.7844923438297,415.92860146628942,431.73866366230328,1,10,7,336,506
78,10,16,LinearSubgradientAuction,0.05,0.02,,True,,1000,10800,cats_arbitrary_g10b50,,False,CATS,50,arbitrary,MultiMinded,1000,MaxIter,204.19000000000233,738.191,3,718.579,283.06200000000001,609.8,813.67876995994015,583.16068397151946,583.16068397151946,1,10,13,336,506
79,10,16,LinearSubgradientAuction,0.05,0.02,,True,,1000,10800,cats_arbitrary_g10b50,,False,CATS,50,arbitrary,MultiMinded,1000,MaxIter,207.22000000000116,789.0369999999999,4,767.227,328.78500000000003,736.1790000000001,828.41981735006027,689.97350041953143,703.50844235178783,1,10,4,336,506
80,10,14,LinearSubgradientAuction,0.05,0.02,,True,,1000,10800,cats_arbitrary_g10b50,,False,CATS,50,arbitrary,MultiMinded,30,Balance,5.269999999996799,755.88,1,755.88,295.50850000000003,755.88,755.20004815238667,740.42462315238663,748.83078072712067,1,10,1,294,444
81,10,16,LinearSubgradientAuction,0.05,0.02,,True,,1000,10800,cats_arbitrary_g10b50,,False,CATS,50,arbitrary,MultiMinded,1000,MaxIter,202.76000000000204,454.25449999999995,4,381.144,179.05700000000002,442.3202,499.72919822388923,409.46857439313379,415.6725204240268,1,10,3,336,506
82,10,14,LinearSubgradientAuction,0.05,0.02,,True,,1000,10800,cats_arbitrary_g10b50,,False,CATS,50,arbitrary,MultiMinded,1000,MaxIter,181.80999999999767,813.1470999999999,2,678.08,361.98400000000004,780.0219999999999,916.98784756764042,469.09727605177,469.67190321039817,1,10,5,294,444
83,10,15,LinearSubgradientAuction,0.05,0.02,,True,,1000,10800,cats_arbitrary_g10b50,,False,CATS,50,arbitrary,MultiMinded,1000,MaxIter,189.2300000000032,897.3420000000001,5,818.953,242.078,817.468,987.10683577990699,753.45009621126553,781.84293086394132,1,10,9,315,475
84,10,14,LinearSubgradientAuction,0.05,0.02,,True,,1000,10800,cats_arbitrary_g10b50,,False,CATS,50,arbitrary,MultiMinded,1000,MaxIter,182.37000000000262,716.866,3,684.777,321.96300000000002,513.013,744.69992920743243,481.40236912961899,481.40236912961899,1,10,9,294,444
85,10,11,LinearSubgradientAuction,0.05,0.02,,True,,1000,10800,cats_arbitrary_g10b50,,False,CATS,50,arbitrary,MultiMinded,1000,MaxIter,148.19000000000233,679.457,1,679.457,442.82050000000004,633.967,752.50179748217431,0,1.0118841901945075,1,10,10,231,351
86,10,15,LinearSubgradientAuction,0.05,0.02,,True,,1000,10800,cats_arbitrary_g10b50,,False,CATS,50,arbitrary,MultiMinded,1000,MaxIter,192.93999999999505,950.965,3,818.766,310.39699999999999,660.204,1034.6564338082478,568.45795039259337,629.52026627294799,1,10,4,315,475
87,10,14,LinearSubgradientAuction,0.05,0.02,,True,,1000,10800,cats_arbitrary_g10b50,,False,CATS,50,arbitrary,MultiMinded,650,Balance,116.36999999999534,997.2170000000001,3,716.545,235.80250000000001,997.2170000000001,938.57183452903087,903.2014595290309,962.37533181282538,1,10,7,294,444
88,10,14,LinearSubgradientAuction,0.05,0.02,,True,,1000,10800,cats_arbitrary_g10b50,,False,CATS,50,arbitrary,MultiMinded,1000,MaxIter,180.29999999999563,758.38,3,758.38,394.31950000000001,695.15,798.3782134326384,658.76993132481664,658.76993132481664,1,10,19,294,444
89,10,14,LinearSubgradientAuction,0.05,0.02,,True,,1000,10800,cats_arbitrary_g10b50,,False,CATS,50,arbitrary,MultiMinded,41,Balance,7.400000000001455,732.443,2,644.233,339.30900000000003,732.443,729.76079365164435,695.82989365164428,698.77087342514983,1,10,4,294,444
90,10,14,LinearSubgradientAuction,0.05,0.02,,True,,1000,10800,cats_arbitrary_g10b50,,False,CATS,50,arbitrary,MultiMinded,34,Balance,6.080000000001746,891.85,3,807.355,295.7045,891.85,877.94092189094567,833.58524689094577,857.10650469796951,1,10,3,294,444
91,10,13,LinearSubgradientAuction,0.05,0.02,,True,,1000,10800,cats_arbitrary_g10b50,,False,CATS,50,arbitrary,MultiMinded,1000,MaxIter,171.90000000000146,812.137,3,812.137,461.255,462.843,832.53429137617718,440.78892019275554,456.04189038181812,1,10,7,273,413
92,10,14,LinearSubgradientAuction,0.05,0.02,,True,,1000,10800,cats_arbitrary_g10b50,,False,CATS,50,arbitrary,MultiMinded,1000,MaxIter,182.0,621.9174,3,498.679,294.30700000000002,547.8009999999999,633.27157107700191,498.09817332231836,518.89676641779181,1,10,5,294,444
93,10,18,LinearSubgradientAuction,0.05,0.02,,True,,1000,10800,cats_arbitrary_g10b50,,False,CATS,50,arbitrary,MultiMinded,32,Balance,7.150000000001455,768.1442,6,581.443,288.50549999999998,768.1442,725.41770761952068,638.86605761952046,682.26623672778612,1,10,6,378,568
94,10,14,LinearSubgradientAuction,0.05,0.02,,True,,1000,10800,cats_arbitrary_g10b50,,False,CATS,50,arbitrary,MultiMinded,21,Balance,3.709999999999127,704.947,1,704.947,384.09699999999998,704.947,696.83115695316076,677.62630695316079,705.47199207045446,1,10,18,294,444
95,10,15,LinearSubgradientAuction,0.05,0.02,,True,,1000,10800,cats_arbitrary_g10b50,,False,CATS,50,arbitrary,MultiMinded,1000,MaxIter,191.0699999999997,905.548,2,761.598,373.96699999999998,617.102,974.44093861004808,597.30980093234587,600.15207464459559,1,10,4,315,475
96,10,13,LinearSubgradientAuction,0.05,0.02,,True,,1000,10800,cats_arbitrary_g10b50,,False,CATS,50,arbitrary,MultiMinded,1000,MaxIter,171.04000000000087,802.2189,1,774.483,389.73500000000001,427.857,829.60990357332116,0,0.24457672466579083,1,10,10,273,413
97,10,14,LinearSubgradientAuction,0.05,0.02,,True,,1000,10800,cats_arbitrary_g10b50,,False,CATS,50,arbitrary,MultiMinded,10,Balance,1.7399999999979627,777.4,1,777.4,409.10199999999998,777.4,776.23506230839837,755.77996230839835,780.4987011171894,1,10,8,294,444
98,10,12,LinearSubgradientAuction,0.05,0.02,,True,,1000,10800,cats_arbitrary_g10b50,,False,CATS,50,arbitrary,MultiMinded,1000,MaxIter,157.83000000000175,899.539,2,899.539,522.91999999999996,592.422,929.86657749675771,566.14368557132809,566.9384387525688,1,10,3,252,382
99,10,13,LinearSubgradientAuction,0.05,0.02,,True,,1000,10800,cats_arbitrary_g10b50,,False,CATS,50,arbitrary,MultiMinded,48,Balance,7.9100000000034925,941.1115,3,769.536,337.6515,941.1115,898.38253790551209,847.73481290551217,891.63374363811386,1,10,4,273,413
100,10,15,LinearSubgradientAuction,0.05,0.02,,True,,1000,10800,cats_arbitrary_g10b50,,False,CATS,50,arbitrary,MultiMinded,1000,MaxIter,192.15000000000146,733.9616,1,691.502,466.54449999999997,691.502,817.36721211000872,0,3.472768108144038,1,10,10,315,475
