idx,items,agents,auction_class,epsilon,stepc,epoch,scalebyvalue,reserve_type,maxiter,maxtime,generator_param_name,personalized,int_prices,generator,bids,distribution,type,rounds,status,runtime,efficient_value,final_num_winners,final_max_agent_value,final_scalevalue,final_value,final_total_price,final_revenue,final_indirect_util,final_price_degree,final_price_sparsity,final_imbalance,final_wd_nvars,final_wd_ncons
1,10,14,LinearSubgradientAuction,0.2,0.02,,True,,1000,10800,cats_arbitrary_g10b50,,False,CATS,50,arbitrary,MultiMinded,45,Balance,8.10000000000582,793.971,3,793.971,469.322,741.586,819.09439676916259,543.31984441646057,560.71976909049135,1,10,7,294,444
2,10,17,LinearSubgradientAuction,0.2,0.02,,True,,1000,10800,cats_arbitrary_g10b50,,False,CATS,50,arbitrary,MultiMinded,1000,MaxIter,218.1700000000128,890.9177,4,838.462,457.63549999999998,600.0983,1003.0271448567921,257.97898540511761,272.850817000326,1,10,3,357,537
3,10,13,LinearSubgradientAuction,0.2,0.02,,True,,1000,10800,cats_arbitrary_g10b50,,False,CATS,50,arbitrary,MultiMinded,1000,MaxIter,172.09999999997672,689.11,2,689.11,373.73599999999999,647.002,756.08496514200556,574.00617641952249,574.00617641952249,1,10,10,273,413
4,10,17,LinearSubgradientAuction,0.2,0.02,,True,,1000,10800,cats_arbitrary_g10b50,,False,CATS,50,arbitrary,MultiMinded,20,Balance,4.209999999991851,673.823,6,673.823,310.16499999999996,673.4054,679.38884177198452,349.95208241556401,363.24040000000002,1,10,1,357,537
5,10,13,LinearSubgradientAuction,0.2,0.02,,True,,1000,10800,cats_arbitrary_g10b50,,False,CATS,50,arbitrary,MultiMinded,6,Balance,0.9299999999930151,758.773,1,758.773,337.48050000000001,758.773,757.54900233755507,690.05290233755511,708.98451814652776,1,10,8,273,413
6,10,14,LinearSubgradientAuction,0.2,0.02,,True,,1000,10800,cats_arbitrary_g10b50,,False,CATS,50,arbitrary,MultiMinded,1000,MaxIter,180.72000000000116,841.028,3,744.08,361.97500000000002,551.904,812.02767254309936,356.96626912847637,408.24529688148255,1,10,8,294,444
7,10,16,LinearSubgradientAuction,0.2,0.02,,True,,1000,10800,cats_arbitrary_g10b50,,False,CATS,50,arbitrary,MultiMinded,9,Balance,1.7200000000011642,859.6020000000001,2,710.786,293.07349999999997,859.6020000000001,830.13302766874472,712.90362766874489,798.83233080882042,1,10,3,336,506
8,10,14,LinearSubgradientAuction,0.2,0.02,,True,,1000,10800,cats_arbitrary_g10b50,,False,CATS,50,arbitrary,MultiMinded,35,Balance,6.210000000020955,556.7090000000001,2,486.526,246.58600000000001,556.7090000000001,543.51753639023627,444.88313639023619,486.82017945286594,1,10,1,294,444
9,10,20,LinearSubgradientAuction,0.2,0.02,,True,,1000,10800,cats_arbitrary_g10b50,,False,CATS,50,arbitrary,MultiMinded,41,Balance,10.119999999995343,650.389,3,411.483,212.66149999999999,650.389,653.61276555209497,526.32819416986013,565.60854502966333,1,10,2,420,630
10,10,16,LinearSubgradientAuction,0.2,0.02,,True,,1000,10800,cats_arbitrary_g10b50,,False,CATS,50,arbitrary,MultiMinded,8,Balance,1.5100000000093132,974.512,1,974.512,305.01999999999998,974.512,962.05604984908484,901.05204984908482,953.81297202066787,1,10,10,336,506
11,10,18,LinearSubgradientAuction,0.2,0.02,,True,,1000,10800,cats_arbitrary_g10b50,,False,CATS,50,arbitrary,MultiMinded,50,Balance,11.170000000012806,903.4137000000001,5,690.32,184.28,903.4137000000001,831.60050370220665,647.32050370220668,727.05113403467055,1,10,4,378,568
12,10,18,LinearSubgradientAuction,0.2,0.02,,True,,1000,10800,cats_arbitrary_g10b50,,False,CATS,50,arbitrary,MultiMinded,1000,MaxIter,230.47999999998137,476.0346,3,416.605,211.79050000000001,274.836,483.87558027072356,233.31499693949033,233.31499693949033,1,10,13,378,568
13,10,14,LinearSubgradientAuction,0.2,0.02,,True,,1000,10800,cats_arbitrary_g10b50,,False,CATS,50,arbitrary,MultiMinded,20,Balance,3.5499999999883585,761.647,1,761.647,337.08749999999998,761.647,761.5179428486158,694.10044284861578,694.79373018705564,1,10,3,294,444
14,10,14,LinearSubgradientAuction,0.2,0.02,,True,,1000,10800,cats_arbitrary_g10b50,,False,CATS,50,arbitrary,MultiMinded,35,Balance,6.300000000017462,1115.4950000000001,3,880.107,393.411,1115.4950000000001,1022.2257948129341,788.28237351889129,958.13059999999996,1,10,2,294,444
15,10,12,LinearSubgradientAuction,0.2,0.02,,True,,1000,10800,cats_arbitrary_g10b50,,False,CATS,50,arbitrary,MultiMinded,44,Balance,6.829999999987194,871.33,2,871.33,381.12349999999998,843.042,910.51547809670012,766.50766283435223,767.93632100823424,1,10,6,252,382
16,10,14,LinearSubgradientAuction,0.2,0.02,,True,,1000,10800,cats_arbitrary_g10b50,,False,CATS,50,arbitrary,MultiMinded,69,Balance,12.50999999998021,779.7001,4,571.996,300.363,732.644,762.39538514891035,522.10498514891037,549.04765184466453,1,10,2,294,444
17,10,13,LinearSubgradientAuction,0.2,0.02,,True,,1000,10800,cats_arbitrary_g10b50,,False,CATS,50,arbitrary,MultiMinded,1000,MaxIter,167.36000000001513,721.2810000000001,4,640.028,297.31799999999998,383.26300000000003,712.59072138185456,265.23036395310913,284.80616384553628,1,10,5,273,413
18,10,18,LinearSubgradientAuction,0.2,0.02,,True,,1000,10800,cats_arbitrary_g10b50,,False,CATS,50,arbitrary,MultiMinded,45,Balance,10.289999999979045,1005.5310000000001,4,868.696,380.75,982.09,993.94037924025906,690.27420815585219,754.3605907405281,1,10,1,378,568
19,10,14,LinearSubgradientAuction,0.2,0.02,,True,,1000,10800,cats_arbitrary_g10b50,,False,CATS,50,arbitrary,MultiMinded,1000,MaxIter,182.57000000000698,832.065,3,642.87,411.233,769.371,892.70797666010492,606.70414696919761,606.94301587082634,1,10,10,294,444
20,10,14,LinearSubgradientAuction,0.2,0.02,,True,,1000,10800,cats_arbitrary_g10b50,,False,CATS,50,arbitrary,MultiMinded,16,Balance,2.8299999999871943,615.5416,6,453.46,272.30500000000001,615.5416,598.80804366236498,329.86872269539089,412.72699146799755,1,10,7,294,444
21,10,17,LinearSubgradientAuction,0.2,0.02,,True,,1000,10800,cats_arbitrary_g10b50,,False,CATS,50,arbitrary,MultiMinded,49,Balance,10.630000000004657,618.958,5,618.958,240.48899999999998,612.4023,669.84170934186238,466.56506123340364,468.34936096111369,1,10,8,357,537
22,10,13,LinearSubgradientAuction,0.2,0.02,,True,,1000,10800,cats_arbitrary_g10b50,,False,CATS,50,arbitrary,MultiMinded,1000,MaxIter,167.27999999999884,879.723,2,879.723,407.96800000000002,417.542,1066.7196117412539,336.20523877668791,336.20523877668791,1,10,1,273,413
23,10,15,LinearSubgradientAuction,0.2,0.02,,True,,1000,10800,cats_arbitrary_g10b50,,False,CATS,50,arbitrary,MultiMinded,36,Balance,6.880000000004657,977.097,3,977.097,436.84800000000001,957.9259999999999,1002.5538122881077,745.82656361616341,787.24482168522195,1,10,1,315,475
24,10,13,LinearSubgradientAuction,0.2,0.02,,True,,1000,10800,cats_arbitrary_g10b50,,False,CATS,50,arbitrary,MultiMinded,270,Balance,46.20000000001164,612.4065,2,552.965,296.99549999999999,598.71,648.47038717698877,529.67218717698881,530.00241957159915,1,10,6,273,413
25,10,16,LinearSubgradientAuction,0.2,0.02,,True,,1000,10800,cats_arbitrary_g10b50,,False,CATS,50,arbitrary,MultiMinded,1000,MaxIter,206.5799999999872,742.2606000000001,5,689.211,308.97050000000002,660.1083,760.5021277530924,475.3725234698872,475.3725234698872,1,10,9,336,506
26,10,13,LinearSubgradientAuction,0.2,0.02,,True,,1000,10800,cats_arbitrary_g10b50,,False,CATS,50,arbitrary,MultiMinded,11,Balance,1.75,887.9649999999999,4,818.015,382.74599999999998,887.9649999999999,901.12931981322697,611.39701253365672,667.0610858635664,1,10,12,273,413
27,10,13,LinearSubgradientAuction,0.2,0.02,,True,,1000,10800,cats_arbitrary_g10b50,,False,CATS,50,arbitrary,MultiMinded,1000,MaxIter,168.52000000001863,775.689,2,775.689,348.334,543.153,832.61733155540901,473.09673657979721,474.64791106318165,1,10,4,273,413
28,10,15,LinearSubgradientAuction,0.2,0.02,,True,,1000,10800,cats_arbitrary_g10b50,,False,CATS,50,arbitrary,MultiMinded,25,Balance,4.75,604.885,3,604.885,314.90100000000001,563.038,613.36510730726468,429.87607924381012,441.63369793768146,1,10,5,315,475
29,10,12,LinearSubgradientAuction,0.2,0.02,,True,,1000,10800,cats_arbitrary_g10b50,,False,CATS,50,arbitrary,MultiMinded,160,Balance,25.220000000001164,642.809,3,642.809,296.26149999999996,642.809,729.03908224297595,581.69120735006607,585.70328145610642,1,10,7,252,382
30,10,16,LinearSubgradientAuction,0.2,0.02,,True,,1000,10800,cats_arbitrary_g10b50,,False,CATS,50,arbitrary,MultiMinded,27,Balance,5.529999999998836,754.962,4,660.473,247.715,747.3820000000001,749.28834682527213,551.1163468252721,594.71353109647134,1,10,2,336,506
31,10,15,LinearSubgradientAuction,0.2,0.02,,True,,1000,10800,cats_arbitrary_g10b50,,False,CATS,50,arbitrary,MultiMinded,14,Balance,2.6199999999953434,914.694,4,907.121,520.11850000000004,914.694,1000.7722805005187,595.06600846224865,606.45963807416501,1,10,9,315,475
32,10,13,LinearSubgradientAuction,0.2,0.02,,True,,1000,10800,cats_arbitrary_g10b50,,False,CATS,50,arbitrary,MultiMinded,1000,MaxIter,169.76999999998952,619.2586,3,603.07,291.851,504.088,720.76625319988091,446.67020267031711,447.0644221352423,1,10,10,273,413
33,10,16,LinearSubgradientAuction,0.2,0.02,,True,,1000,10800,cats_arbitrary_g10b50,,False,CATS,50,arbitrary,MultiMinded,1000,MaxIter,206.59999999997672,622.297,4,622.297,224.69200000000001,573.637,624.14186798302978,429.03097306032447,439.99294581987726,1,10,16,336,506
34,10,15,LinearSubgradientAuction,0.2,0.02,,True,,1000,10800,cats_arbitrary_g10b50,,False,CATS,50,arbitrary,MultiMinded,23,Balance,4.440000000002328,868.13,3,756.065,258.05500000000001,868.129,833.92625321764649,679.09325321764652,758.09795546973271,1,10,5,315,475
35,10,15,LinearSubgradientAuction,0.2,0.02,,True,,1000,10800,cats_arbitrary_g10b50,,False,CATS,50,arbitrary,MultiMinded,860,Balance,166.9100000000035,804.713,3,804.713,330.97899999999998,776.79,839.49266719084596,640.99839383301492,644.39840000000004,1,10,1,315,475
36,10,15,LinearSubgradientAuction,0.2,0.02,,True,,1000,10800,cats_arbitrary_g10b50,,False,CATS,50,arbitrary,MultiMinded,44,Balance,8.420000000012806,643.0699999999999,1,632.425,412.71300000000002,632.425,677.26228163143765,594.71968163143765,594.71968163143765,1,10,10,315,475
37,10,12,LinearSubgradientAuction,0.2,0.02,,True,,1000,10800,cats_arbitrary_g10b50,,False,CATS,50,arbitrary,MultiMinded,18,Balance,2.7700000000186265,701.3026000000001,3,634.495,369.97450000000003,701.3026000000001,728.45911436506788,506.47441436506779,552.58582151260634,1,10,4,252,382
38,10,14,LinearSubgradientAuction,0.2,0.02,,True,,1000,10800,cats_arbitrary_g10b50,,False,CATS,50,arbitrary,MultiMinded,686,Balance,124.04999999998836,691.88,3,653.657,339.25200000000001,691.88,733.07818798619621,529.80053509867844,556.60271115309035,1,10,8,294,444
39,10,18,LinearSubgradientAuction,0.2,0.02,,True,,1000,10800,cats_arbitrary_g10b50,,False,CATS,50,arbitrary,MultiMinded,64,Balance,14.580000000016298,955.2540000000001,3,721.473,276.10400000000004,955.2540000000001,941.41944479314202,775.75704479314186,789.93394501108492,1,10,3,378,568
40,10,15,LinearSubgradientAuction,0.2,0.02,,True,,1000,10800,cats_arbitrary_g10b50,,False,CATS,50,arbitrary,MultiMinded,8,Balance,1.430000000022119,882.337,3,850.424,422.59100000000001,882.337,923.14219575949744,669.5875957594975,705.45598348756232,1,10,3,315,475
41,10,14,LinearSubgradientAuction,0.2,0.02,,True,,1000,10800,cats_arbitrary_g10b50,,False,CATS,50,arbitrary,MultiMinded,1000,MaxIter,180.45000000001164,806.5720000000001,3,744.105,394.66899999999998,622.7,827.65733285853071,547.86716157364572,547.86716157364572,1,10,23,294,444
42,10,12,LinearSubgradientAuction,0.2,0.02,,True,,1000,10800,cats_arbitrary_g10b50,,False,CATS,50,arbitrary,MultiMinded,128,Balance,20.25999999998021,674.607,3,650.249,261.25450000000001,674.607,673.4054983928562,517.50004957949466,570.61995180459053,1,10,4,252,382
43,10,18,LinearSubgradientAuction,0.2,0.02,,True,,1000,10800,cats_arbitrary_g10b50,,False,CATS,50,arbitrary,MultiMinded,14,Balance,3.0499999999883585,710.9245999999999,2,698.897,258.83499999999998,710.9245999999999,699.36825309072753,595.83425309072754,607.39060000000006,1,10,0,378,568
44,10,12,LinearSubgradientAuction,0.2,0.02,,True,,1000,10800,cats_arbitrary_g10b50,,False,CATS,50,arbitrary,MultiMinded,35,Balance,5.369999999995343,748.73,3,701.292,407.33100000000002,732.842,772.8486997848936,560.65485228917532,577.10345433952898,1,10,11,252,382
45,10,15,LinearSubgradientAuction,0.2,0.02,,True,,1000,10800,cats_arbitrary_g10b50,,False,CATS,50,arbitrary,MultiMinded,19,Balance,3.5599999999976717,753.639,3,656.884,388.58100000000002,753.639,706.86012419975191,473.71152419975186,520.49039999999991,1,10,0,315,475
46,10,17,LinearSubgradientAuction,0.2,0.02,,True,,1000,10800,cats_arbitrary_g10b50,,False,CATS,50,arbitrary,MultiMinded,18,Balance,3.720000000001164,944.9340000000001,5,844.841,403.99299999999999,908.323,962.4076743213127,596.27543832264917,670.80888865050792,1,10,8,357,537
47,10,14,LinearSubgradientAuction,0.2,0.02,,True,,1000,10800,cats_arbitrary_g10b50,,False,CATS,50,arbitrary,MultiMinded,25,Balance,4.440000000002328,898.101,4,893.489,324.04449999999997,898.101,910.6529740653134,652.84488888370856,704.1459000375213,1,10,4,294,444
48,10,15,LinearSubgradientAuction,0.2,0.02,,True,,1000,10800,cats_arbitrary_g10b50,,False,CATS,50,arbitrary,MultiMinded,12,Balance,2.2600000000093132,889.443,3,787.484,397.44799999999998,889.443,852.40267209593571,613.93387209593573,664.71954167286606,1,10,11,315,475
49,10,14,LinearSubgradientAuction,0.2,0.02,,True,,1000,10800,cats_arbitrary_g10b50,,False,CATS,50,arbitrary,MultiMinded,10,Balance,1.6999999999825377,945.042,2,781.262,432.49200000000002,945.042,970.77440041756256,797.77760041756255,805.49438892824446,1,10,2,294,444
50,10,14,LinearSubgradientAuction,0.2,0.02,,True,,1000,10800,cats_arbitrary_g10b50,,False,CATS,50,arbitrary,MultiMinded,1000,MaxIter,178.82000000000698,815.381,2,698.568,297.62700000000001,566.073,892.35313705282624,506.58483491689174,506.59177715605591,1,10,5,294,444
51,10,19,LinearSubgradientAuction,0.2,0.02,,True,,1000,10800,cats_arbitrary_g10b50,,False,CATS,50,arbitrary,MultiMinded,47,Balance,11.440000000002328,593.082,4,593.082,349.66500000000002,512.9730000000001,609.61318425609409,361.46403617780396,373.94983283705307,1,10,10,399,599
52,10,12,LinearSubgradientAuction,0.2,0.02,,True,,1000,10800,cats_arbitrary_g10b50,,False,CATS,50,arbitrary,MultiMinded,1000,MaxIter,155.45999999999185,842.818,2,842.818,428.04949999999997,619.251,920.51745531571805,207.05499659878581,208.64756569198579,1,10,7,252,382
53,10,17,LinearSubgradientAuction,0.2,0.02,,True,,1000,10800,cats_arbitrary_g10b50,,False,CATS,50,arbitrary,MultiMinded,41,Balance,8.75,787.8274,5,644.907,269.82600000000002,787.8274,800.12325108412176,530.31492760771209,571.96660000000008,1,10,1,357,537
54,10,14,LinearSubgradientAuction,0.2,0.02,,True,,1000,10800,cats_arbitrary_g10b50,,False,CATS,50,arbitrary,MultiMinded,9,Balance,1.5399999999790452,810.751,3,699.486,371.92899999999997,810.751,796.64495598309361,573.48755598309356,587.59359999999992,1,10,0,294,444
55,10,14,LinearSubgradientAuction,0.2,0.02,,True,,1000,10800,cats_arbitrary_g10b50,,False,CATS,50,arbitrary,MultiMinded,1000,MaxIter,184.19000000000233,778.56,4,652.834,405.49599999999998,606.8637,802.62964555348231,367.19332063132617,367.19332063132617,1,10,11,294,444
56,10,14,LinearSubgradientAuction,0.2,0.02,,True,,1000,10800,cats_arbitrary_g10b50,,False,CATS,50,arbitrary,MultiMinded,23,Balance,4.100000000005821,720.833,2,718.63,414.24000000000001,718.63,775.04881912603651,626.63938654421145,638.24063805723927,1,10,11,294,444
57,10,13,LinearSubgradientAuction,0.2,0.02,,True,,1000,10800,cats_arbitrary_g10b50,,False,CATS,50,arbitrary,MultiMinded,21,Balance,3.4600000000209548,742.0273,3,583.324,429.03550000000001,699.982,756.35168918623754,504.32362571750832,531.48247748222434,1,10,5,273,413
58,10,18,LinearSubgradientAuction,0.2,0.02,,True,,1000,10800,cats_arbitrary_g10b50,,False,CATS,50,arbitrary,MultiMinded,1000,MaxIter,230.29000000000815,927.076,5,790.752,213.971,777.9092,976.83621219173347,577.57719817840484,607.32319479678176,1,10,8,378,568
59,10,15,LinearSubgradientAuction,0.2,0.02,,True,,1000,10800,cats_arbitrary_g10b50,,False,CATS,50,arbitrary,MultiMinded,52,Balance,9.910000000003492,685.266,3,685.266,301.03800000000001,673.322,729.51185155241819,550.70666870029299,576.7092950392306,1,10,10,315,475
60,10,17,LinearSubgradientAuction,0.2,0.02,,True,,1000,10800,cats_arbitrary_g10b50,,False,CATS,50,arbitrary,MultiMinded,27,Balance,5.759999999980209,763.9352999999999,4,684.98,313.44299999999998,762.7090000000001,762.62959828853263,515.92308509785903,577.22396105394648,1,10,5,357,537
61,10,15,LinearSubgradientAuction,0.2,0.02,,True,,1000,10800,cats_arbitrary_g10b50,,False,CATS,50,arbitrary,MultiMinded,5,Balance,0.8399999999965075,906.867,3,800.076,363.90899999999999,906.867,842.41120633094556,624.06580633094552,750.29391655085146,1,10,7,315,475
62,10,13,LinearSubgradientAuction,0.2,0.02,,True,,1000,10800,cats_arbitrary_g10b50,,False,CATS,50,arbitrary,MultiMinded,17,Balance,2.779999999998836,838.7230000000001,5,739.886,355.20699999999999,786.8335,907.68938222375209,567.88715411553892,577.82187631900808,1,10,7,273,413
63,10,17,LinearSubgradientAuction,0.2,0.02,,True,,1000,10800,cats_arbitrary_g10b50,,False,CATS,50,arbitrary,MultiMinded,1000,MaxIter,217.25,879.858,2,879.858,289.45299999999997,199.44,896.57797500329525,141.47086315256121,143.65386513988676,1,10,8,357,537
64,10,13,LinearSubgradientAuction,0.2,0.02,,True,,1000,10800,cats_arbitrary_g10b50,,False,CATS,50,arbitrary,MultiMinded,16,Balance,2.6199999999953434,699.8910000000001,4,546.14,336.69400000000002,699.8910000000001,688.54919446494807,419.1939944649481,432.4819000769632,1,10,4,273,413
65,10,14,LinearSubgradientAuction,0.2,0.02,,True,,1000,10800,cats_arbitrary_g10b50,,False,CATS,50,arbitrary,MultiMinded,687,Balance,123.45000000001164,747.1110000000001,5,683.377,371.40150000000006,618.0550000000001,771.06695927477904,468.70744556890133,470.59861706706329,1,10,7,294,444
66,10,16,LinearSubgradientAuction,0.2,0.02,,True,,1000,10800,cats_arbitrary_g10b50,,False,CATS,50,arbitrary,MultiMinded,153,Balance,31.429999999993015,804.7069,4,692.962,241.77600000000001,804.7069,743.93007432726972,550.50927432726951,612.40658883949618,1,10,11,336,506
67,10,15,LinearSubgradientAuction,0.2,0.02,,True,,1000,10800,cats_arbitrary_g10b50,,False,CATS,50,arbitrary,MultiMinded,65,Balance,12.389999999984866,950.858,2,795.087,420.85149999999999,950.858,948.80533255016053,780.46473255016053,784.42088318682033,1,10,5,315,475
68,10,17,LinearSubgradientAuction,0.2,0.02,,True,,1000,10800,cats_arbitrary_g10b50,,False,CATS,50,arbitrary,MultiMinded,30,Balance,6.4799999999813735,638.514,4,583.892,266.64400000000001,636.1027999999999,633.83333703458857,451.38139679898291,476.81995600185314,1,10,3,357,537
69,10,13,LinearSubgradientAuction,0.2,0.02,,True,,1000,10800,cats_arbitrary_g10b50,,False,CATS,50,arbitrary,MultiMinded,1000,MaxIter,171.17999999999302,653.81,3,515.575,365.36749999999995,604.6590000000001,689.91259548091944,187.79320059254982,191.07542406629091,1,10,4,273,413
70,10,16,LinearSubgradientAuction,0.2,0.02,,True,,1000,10800,cats_arbitrary_g10b50,,False,CATS,50,arbitrary,MultiMinded,1000,MaxIter,203.77999999999884,813.773,2,813.773,239.7945,813.773,867.54743538477646,765.62359955339161,766.11265929261731,1,10,1,336,506
71,10,18,LinearSubgradientAuction,0.2,0.02,,True,,1000,10800,cats_arbitrary_g10b50,,False,CATS,50,arbitrary,MultiMinded,1000,MaxIter,230.54999999998836,936.203,1,936.203,330.1275,103.987,1075.3110832809343,0,3.1417677863708207,1,10,10,378,568
72,10,19,LinearSubgradientAuction,0.2,0.02,,True,,1000,10800,cats_arbitrary_g10b50,,False,CATS,50,arbitrary,MultiMinded,20,Balance,4.790000000008149,742.889,1,742.889,330.43299999999999,742.889,748.88366948804401,682.79706948804403,682.79706948804403,1,10,10,399,599
73,10,13,LinearSubgradientAuction,0.2,0.02,,True,,1000,10800,cats_arbitrary_g10b50,,False,CATS,50,arbitrary,MultiMinded,1000,MaxIter,169.89999999999418,829.25,1,829.25,443.63649999999996,433.775,909.03655972446973,0,2.7496554776705864,1,10,10,273,413
74,10,17,LinearSubgradientAuction,0.2,0.02,,True,,1000,10800,cats_arbitrary_g10b50,,False,CATS,50,arbitrary,MultiMinded,698,Balance,152.27000000001863,785.147,1,785.147,194.18100000000001,785.147,785.01224213700482,746.17604213700486,779.73132901914664,1,10,18,357,537
75,10,14,LinearSubgradientAuction,0.2,0.02,,True,,1000,10800,cats_arbitrary_g10b50,,False,CATS,50,arbitrary,MultiMinded,24,Balance,4.289999999979045,877.244,3,869.635,380.94749999999999,877.137,935.43774688743861,719.14496050549451,733.06890860124076,1,10,3,294,444
76,10,15,LinearSubgradientAuction,0.2,0.02,,True,,1000,10800,cats_arbitrary_g10b50,,False,CATS,50,arbitrary,MultiMinded,33,Balance,6.220000000001164,772.528,1,772.528,426.029,772.528,853.83926131176179,768.63346131176172,768.63346131176172,1,10,10,315,475
77,10,16,LinearSubgradientAuction,0.2,0.02,,True,,1000,10800,cats_arbitrary_g10b50,,False,CATS,50,arbitrary,MultiMinded,1000,MaxIter,202.07000000000698,610.0541,4,475.061,229.33799999999999,465.48709999999994,667.7844923438297,312.72650146628945,328.53656366230331,1,10,7,336,506
78,10,16,LinearSubgradientAuction,0.2,0.02,,True,,1000,10800,cats_arbitrary_g10b50,,False,CATS,50,arbitrary,MultiMinded,1000,MaxIter,204.0799999999872,738.191,3,718.579,283.06200000000001,609.8,813.67876995994015,498.24208397151949,498.24208397151949,1,10,13,336,506
79,10,16,LinearSubgradientAuction,0.2,0.02,,True,,1000,10800,cats_arbitrary_g10b50,,False,CATS,50,arbitrary,MultiMinded,215,Balance,43.69000000000233,789.0369999999999,4,767.227,328.78500000000003,726.63,813.98926575643316,559.64602125622832,596.07039522658374,1,10,7,336,506
80,10,14,LinearSubgradientAuction,0.2,0.02,,True,,1000,10800,cats_arbitrary_g10b50,,False,CATS,50,arbitrary,MultiMinded,30,Balance,5.239999999990687,755.88,1,755.88,295.50850000000003,755.88,755.20004815238667,696.09834815238662,704.50450572712066,1,10,1,294,444
81,10,16,LinearSubgradientAuction,0.2,0.02,,True,,1000,10800,cats_arbitrary_g10b50,,False,CATS,50,arbitrary,MultiMinded,1000,MaxIter,202.6600000000035,454.25449999999995,4,381.144,179.05700000000002,442.3202,499.72919822388923,337.88183026996387,344.08577630085688,1,10,3,336,506
82,10,14,LinearSubgradientAuction,0.2,0.02,,True,,1000,10800,cats_arbitrary_g10b50,,False,CATS,50,arbitrary,MultiMinded,1000,MaxIter,184.28999999997905,813.1470999999999,2,678.08,361.98400000000004,780.0219999999999,916.98784756764042,414.79967605177001,415.37430321039818,1,10,5,294,444
83,10,15,LinearSubgradientAuction,0.2,0.02,,True,,1000,10800,cats_arbitrary_g10b50,,False,CATS,50,arbitrary,MultiMinded,1000,MaxIter,190.77999999999884,897.3420000000001,5,818.953,242.078,817.468,987.10683577990699,644.51499621126538,672.90783086394117,1,10,9,315,475
84,10,14,LinearSubgradientAuction,0.2,0.02,,True,,1000,10800,cats_arbitrary_g10b50,,False,CATS,50,arbitrary,MultiMinded,36,Balance,6.459999999991851,716.866,2,684.777,321.96300000000002,716.866,751.98893293850404,623.203732938504,625.69851364511351,1,10,3,294,444
85,10,11,LinearSubgradientAuction,0.2,0.02,,True,,1000,10800,cats_arbitrary_g10b50,,False,CATS,50,arbitrary,MultiMinded,1000,MaxIter,147.39000000001397,679.457,1,679.457,442.82050000000004,633.967,752.50179748217431,0,1.0118841901945075,1,10,10,231,351
86,10,15,LinearSubgradientAuction,0.2,0.02,,True,,1000,10800,cats_arbitrary_g10b50,,False,CATS,50,arbitrary,MultiMinded,1000,MaxIter,192.12000000002445,950.965,3,818.766,310.39699999999999,660.204,1034.6564338082478,475.33885039259332,536.40116627294788,1,10,4,315,475
87,10,14,LinearSubgradientAuction,0.2,0.02,,True,,1000,10800,cats_arbitrary_g10b50,,False,CATS,50,arbitrary,MultiMinded,650,Balance,117.4200000000128,997.2170000000001,3,716.545,235.80250000000001,997.2170000000001,938.57183452903087,797.09033452903077,856.26420681282525,1,10,7,294,444
88,10,14,LinearSubgradientAuction,0.2,0.02,,True,,1000,10800,cats_arbitrary_g10b50,,False,CATS,50,arbitrary,MultiMinded,23,Balance,4.14000000001397,758.38,1,758.38,394.31950000000001,758.38,836.23672388861894,757.372823888619,757.372823888619,1,10,10,294,444
89,10,14,LinearSubgradientAuction,0.2,0.02,,True,,1000,10800,cats_arbitrary_g10b50,,False,CATS,50,arbitrary,MultiMinded,7,Balance,1.1700000000128057,732.443,3,644.233,339.30900000000003,701.6379999999999,757.17684403484748,561.14324899802227,565.91439999999989,1,10,1,294,444
90,10,14,LinearSubgradientAuction,0.2,0.02,,True,,1000,10800,cats_arbitrary_g10b50,,False,CATS,50,arbitrary,MultiMinded,26,Balance,4.619999999995343,891.85,3,807.355,295.7045,891.85,862.24194151035374,684.81924151035389,740.68999673726501,1,10,3,294,444
91,10,13,LinearSubgradientAuction,0.2,0.02,,True,,1000,10800,cats_arbitrary_g10b50,,False,CATS,50,arbitrary,MultiMinded,1000,MaxIter,170.5,812.137,3,812.137,461.255,462.843,832.53429137617718,371.6006701927555,386.85364038181808,1,10,7,273,413
92,10,14,LinearSubgradientAuction,0.2,0.02,,True,,1000,10800,cats_arbitrary_g10b50,,False,CATS,50,arbitrary,MultiMinded,1000,MaxIter,182.97000000000116,621.9174,3,498.679,294.30700000000002,547.8009999999999,633.27157107700191,409.8060733223183,430.60466641779169,1,10,5,294,444
93,10,18,LinearSubgradientAuction,0.2,0.02,,True,,1000,10800,cats_arbitrary_g10b50,,False,CATS,50,arbitrary,MultiMinded,18,Balance,3.9900000000197906,768.1442,6,581.443,288.50549999999998,723.5738,716.14727680316889,381.14321013818272,443.46419041138665,1,10,5,378,568
94,10,14,LinearSubgradientAuction,0.2,0.02,,True,,1000,10800,cats_arbitrary_g10b50,,False,CATS,50,arbitrary,MultiMinded,13,Balance,2.2600000000093132,704.947,2,704.947,384.09699999999998,684.5079999999999,706.05087162163079,552.41207162163084,571.48814421997554,1,10,2,294,444
95,10,15,LinearSubgradientAuction,0.2,0.02,,True,,1000,10800,cats_arbitrary_g10b50,,False,CATS,50,arbitrary,MultiMinded,59,Balance,11.220000000001164,905.548,3,761.598,373.96699999999998,905.548,974.74979852587148,753.15504710835307,758.50455428917087,1,10,4,315,475
96,10,13,LinearSubgradientAuction,0.2,0.02,,True,,1000,10800,cats_arbitrary_g10b50,,False,CATS,50,arbitrary,MultiMinded,55,Balance,9.160000000003492,802.2189,4,774.483,389.73500000000001,785.5112999999999,826.51435974606829,543.37467445176424,578.77927043511988,1,10,2,273,413
97,10,14,LinearSubgradientAuction,0.2,0.02,,True,,1000,10800,cats_arbitrary_g10b50,,False,CATS,50,arbitrary,MultiMinded,10,Balance,1.7200000000011642,777.4,1,777.4,409.10199999999998,777.4,776.23506230839837,694.41466230839842,719.13340111718946,1,10,8,294,444
98,10,12,LinearSubgradientAuction,0.2,0.02,,True,,1000,10800,cats_arbitrary_g10b50,,False,CATS,50,arbitrary,MultiMinded,1000,MaxIter,157.7399999999907,899.539,2,899.539,522.91999999999996,592.422,929.86657749675771,487.70568557132805,488.50043875256875,1,10,3,252,382
99,10,13,LinearSubgradientAuction,0.2,0.02,,True,,1000,10800,cats_arbitrary_g10b50,,False,CATS,50,arbitrary,MultiMinded,48,Balance,7.959999999991851,941.1115,3,769.536,337.6515,941.1115,898.38253790551209,716.52798527270534,760.42691600530702,1,10,4,273,413
100,10,15,LinearSubgradientAuction,0.2,0.02,,True,,1000,10800,cats_arbitrary_g10b50,,False,CATS,50,arbitrary,MultiMinded,1000,MaxIter,192.31999999997788,733.9616,1,691.502,466.54449999999997,691.502,817.36721211000872,0,3.472768108144038,1,10,10,315,475
