idx,items,agents,auction_class,epsilon,stepc,epoch,scalebyvalue,reserve_type,maxiter,maxtime,generator_param_name,personalized,int_prices,generator,bids,distribution,type,rounds,status,runtime,efficient_value,final_num_winners,final_max_agent_value,final_scalevalue,final_value,final_total_price,final_revenue,final_indirect_util,final_price_degree,final_price_sparsity,final_imbalance,final_wd_nvars,final_wd_ncons
1,10,14,LinearSubgradientAuction,0.025,0.01,,True,,1000,10800,cats_arbitrary_g10b50,,False,CATS,50,arbitrary,MultiMinded,1000,MaxIter,182.55,793.971,4,793.971,469.322,285.414,816.93497646385777,262.39297824871056,267.79037572143164,1,10,7,294,444
2,10,17,LinearSubgradientAuction,0.025,0.01,,True,,1000,10800,cats_arbitrary_g10b50,,False,CATS,50,arbitrary,MultiMinded,1000,MaxIter,216.57,890.9177,5,838.462,457.63549999999998,600.0983,985.10782458351139,517.90845386630087,554.46691757988276,1,10,1,357,537
3,10,13,LinearSubgradientAuction,0.025,0.01,,True,,1000,10800,cats_arbitrary_g10b50,,False,CATS,50,arbitrary,MultiMinded,1000,MaxIter,171.18,689.11,1,689.11,373.73599999999999,230.823,760.22455621471283,0,0.57613358779190094,1,10,10,273,413
4,10,17,LinearSubgradientAuction,0.025,0.01,,True,,1000,10800,cats_arbitrary_g10b50,,False,CATS,50,arbitrary,MultiMinded,109,Balance,23.79,673.823,6,673.823,310.16499999999996,673.4054,673.32788805159328,628.01713239713592,635.12988694840669,1,10,9,357,537
5,10,13,LinearSubgradientAuction,0.025,0.01,,True,,1000,10800,cats_arbitrary_g10b50,,False,CATS,50,arbitrary,MultiMinded,13,Balance,2.09,758.773,1,758.773,337.48050000000001,758.773,754.28740373638402,745.85039123638398,761.64706979971072,1,10,8,273,413
6,10,14,LinearSubgradientAuction,0.025,0.01,,True,,1000,10800,cats_arbitrary_g10b50,,False,CATS,50,arbitrary,MultiMinded,1000,MaxIter,181.71,841.028,4,744.08,361.97500000000002,582.733,812.24586881608923,504.69940426402633,555.66731524786917,1,10,4,294,444
7,10,16,LinearSubgradientAuction,0.025,0.01,,True,,1000,10800,cats_arbitrary_g10b50,,False,CATS,50,arbitrary,MultiMinded,1000,MaxIter,205.66,859.6020000000001,3,710.786,293.07349999999997,440.39,842.66837694460355,405.78124752426663,432.22001193477007,1,10,1,336,506
8,10,14,LinearSubgradientAuction,0.025,0.01,,True,,1000,10800,cats_arbitrary_g10b50,,False,CATS,50,arbitrary,MultiMinded,786,Balance,142.59,556.7090000000001,2,486.526,246.58600000000001,556.7090000000001,556.31238748152759,543.9830874815276,544.77857873295102,1,10,14,294,444
9,10,20,LinearSubgradientAuction,0.025,0.01,,True,,1000,10800,cats_arbitrary_g10b50,,False,CATS,50,arbitrary,MultiMinded,1000,MaxIter,248.46,650.389,3,411.483,212.66149999999999,650.389,657.28165549657547,639.63618260555393,640.01646545082792,1,10,6,420,630
10,10,16,LinearSubgradientAuction,0.025,0.01,,True,,1000,10800,cats_arbitrary_g10b50,,False,CATS,50,arbitrary,MultiMinded,46,Balance,9.34,974.512,1,974.512,305.01999999999998,974.512,971.06229090115869,963.4367909011587,974.5039524781306,1,10,5,336,506
11,10,18,LinearSubgradientAuction,0.025,0.01,,True,,1000,10800,cats_arbitrary_g10b50,,False,CATS,50,arbitrary,MultiMinded,203,Balance,45.7,903.4137000000001,5,690.32,184.28,903.4137000000001,833.10229172581387,810.0672917258139,884.75854498667593,1,10,4,378,568
12,10,18,LinearSubgradientAuction,0.025,0.01,,True,,1000,10800,cats_arbitrary_g10b50,,False,CATS,50,arbitrary,MultiMinded,1000,MaxIter,229.85,476.0346,2,416.605,211.79050000000001,79.0972,483.5466653196554,54.134807850083789,54.32059859475379,1,10,9,378,568
13,10,14,LinearSubgradientAuction,0.025,0.01,,True,,1000,10800,cats_arbitrary_g10b50,,False,CATS,50,arbitrary,MultiMinded,47,Balance,8.41,761.647,1,761.647,337.08749999999998,761.647,761.42702041586142,752.99983291586148,753.2198125000001,1,10,0,294,444
14,10,14,LinearSubgradientAuction,0.025,0.01,,True,,1000,10800,cats_arbitrary_g10b50,,False,CATS,50,arbitrary,MultiMinded,1000,MaxIter,180.04000000000002,1115.4950000000001,3,880.107,393.411,1115.4950000000001,1039.005323672794,993.28292415230112,1096.0715799810462,1,10,1,294,444
15,10,12,LinearSubgradientAuction,0.025,0.01,,True,,1000,10800,cats_arbitrary_g10b50,,False,CATS,50,arbitrary,MultiMinded,1000,MaxIter,157.79,871.33,3,871.33,381.12349999999998,811.2850000000001,889.82828577358805,792.86945102741822,792.86948966449904,1,10,7,252,382
16,10,14,LinearSubgradientAuction,0.025,0.01,,True,,1000,10800,cats_arbitrary_g10b50,,False,CATS,50,arbitrary,MultiMinded,427,Balance,78.1,779.7001,2,571.996,300.363,774.063,764.45408949140653,749.43593949140643,766.4688560002395,1,10,3,294,444
17,10,13,LinearSubgradientAuction,0.025,0.01,,True,,1000,10800,cats_arbitrary_g10b50,,False,CATS,50,arbitrary,MultiMinded,1000,MaxIter,167.35999999999999,721.2810000000001,2,640.028,297.31799999999998,560.339,716.74276853942717,535.62643716549928,553.31255865663547,1,10,4,273,413
18,10,18,LinearSubgradientAuction,0.025,0.01,,True,,1000,10800,cats_arbitrary_g10b50,,False,CATS,50,arbitrary,MultiMinded,1000,MaxIter,231.45,1005.5310000000001,4,868.696,380.75,982.09,1002.3609324281954,940.04000628468543,953.54727737119333,1,10,1,378,568
19,10,14,LinearSubgradientAuction,0.025,0.01,,True,,1000,10800,cats_arbitrary_g10b50,,False,CATS,50,arbitrary,MultiMinded,1000,MaxIter,178.85999999999999,832.065,2,642.87,411.233,338.64300000000003,889.48278626765898,115.91938606040222,117.49347919412102,1,10,9,294,444
20,10,14,LinearSubgradientAuction,0.025,0.01,,True,,1000,10800,cats_arbitrary_g10b50,,False,CATS,50,arbitrary,MultiMinded,441,Balance,79.63,615.5416,4,453.46,272.30500000000001,615.5416,614.77580107566916,587.54530107566904,595.08949574365329,1,10,2,294,444
21,10,17,LinearSubgradientAuction,0.025,0.01,,True,,1000,10800,cats_arbitrary_g10b50,,False,CATS,50,arbitrary,MultiMinded,1000,MaxIter,217.67,618.958,1,618.958,240.48899999999998,240.32,654.8301135728268,0,0.39399657332062787,1,10,10,357,537
22,10,13,LinearSubgradientAuction,0.025,0.01,,True,,1000,10800,cats_arbitrary_g10b50,,False,CATS,50,arbitrary,MultiMinded,1000,MaxIter,169.28000000000003,879.723,2,879.723,407.96800000000002,417.542,1090.6506556761776,407.34126406801965,407.47185255841185,1,10,3,273,413
23,10,15,LinearSubgradientAuction,0.025,0.01,,True,,1000,10800,cats_arbitrary_g10b50,,False,CATS,50,arbitrary,MultiMinded,1000,MaxIter,193.56000000000003,977.097,3,977.097,436.84800000000001,957.9259999999999,977.92887384826645,937.2996959369317,937.2996959369317,1,10,12,315,475
24,10,13,LinearSubgradientAuction,0.025,0.01,,True,,1000,10800,cats_arbitrary_g10b50,,False,CATS,50,arbitrary,MultiMinded,1000,MaxIter,169.6,612.4065,3,552.965,296.99549999999999,341.271,646.8420632427202,334.36000151234953,334.3879304704198,1,10,13,273,413
25,10,16,LinearSubgradientAuction,0.025,0.01,,True,,1000,10800,cats_arbitrary_g10b50,,False,CATS,50,arbitrary,MultiMinded,1000,MaxIter,206.05999999999997,742.2606000000001,5,689.211,308.97050000000002,392.7773,767.41295746195124,361.99016150581195,369.96523464392305,1,10,8,336,506
26,10,13,LinearSubgradientAuction,0.025,0.01,,True,,1000,10800,cats_arbitrary_g10b50,,False,CATS,50,arbitrary,MultiMinded,1000,MaxIter,167.3,887.9649999999999,4,818.015,382.74599999999998,887.9649999999999,913.66760086449131,860.19676994478289,860.19676994478289,1,10,12,273,413
27,10,13,LinearSubgradientAuction,0.025,0.01,,True,,1000,10800,cats_arbitrary_g10b50,,False,CATS,50,arbitrary,MultiMinded,1000,MaxIter,169.33999999999997,775.689,2,775.689,348.334,758.4590000000001,836.04772132960125,492.75114999803878,492.99367147478864,1,10,4,273,413
28,10,15,LinearSubgradientAuction,0.025,0.01,,True,,1000,10800,cats_arbitrary_g10b50,,False,CATS,50,arbitrary,MultiMinded,184,Balance,35.52000000000004,604.885,1,604.885,314.90100000000001,604.885,604.78828590573403,596.91576090573403,597.38408372728691,1,10,11,315,475
29,10,12,LinearSubgradientAuction,0.025,0.01,,True,,1000,10800,cats_arbitrary_g10b50,,False,CATS,50,arbitrary,MultiMinded,1000,MaxIter,157.23999999999998,642.809,1,642.809,296.26149999999996,574.789,728.59688206905548,0,0.91085862340270296,1,10,10,252,382
30,10,16,LinearSubgradientAuction,0.025,0.01,,True,,1000,10800,cats_arbitrary_g10b50,,False,CATS,50,arbitrary,MultiMinded,1000,MaxIter,202.79000000000002,754.962,2,660.473,247.715,279.4295,764.32118593094037,79.664565125517484,79.939548785259205,1,10,9,336,506
31,10,15,LinearSubgradientAuction,0.025,0.01,,True,,1000,10800,cats_arbitrary_g10b50,,False,CATS,50,arbitrary,MultiMinded,1000,MaxIter,192.28000000000003,914.694,4,907.121,520.11850000000004,914.694,991.06146646588775,876.40579408733095,876.40579408733095,1,10,15,315,475
32,10,13,LinearSubgradientAuction,0.025,0.01,,True,,1000,10800,cats_arbitrary_g10b50,,False,CATS,50,arbitrary,MultiMinded,1000,MaxIter,168.35000000000002,619.2586,3,603.07,291.851,535.188,720.18792326847984,520.37469281112453,520.82393205356982,1,10,8,273,413
33,10,16,LinearSubgradientAuction,0.025,0.01,,True,,1000,10800,cats_arbitrary_g10b50,,False,CATS,50,arbitrary,MultiMinded,1000,MaxIter,206.88,622.297,2,622.297,224.69200000000001,129.879,622.68405082395645,113.14293669108176,124.42285385365935,1,10,8,336,506
34,10,15,LinearSubgradientAuction,0.025,0.01,,True,,1000,10800,cats_arbitrary_g10b50,,False,CATS,50,arbitrary,MultiMinded,349,Balance,67.35000000000002,868.13,3,756.065,258.05500000000001,868.13,847.90273136903306,828.548606369033,855.08664684066332,1,10,3,315,475
35,10,15,LinearSubgradientAuction,0.025,0.01,,True,,1000,10800,cats_arbitrary_g10b50,,False,CATS,50,arbitrary,MultiMinded,1000,MaxIter,193.11,804.713,3,804.713,330.97899999999998,776.79,838.27593678073151,755.49543429638697,760.24104999999986,1,10,1,315,475
36,10,15,LinearSubgradientAuction,0.025,0.01,,True,,1000,10800,cats_arbitrary_g10b50,,False,CATS,50,arbitrary,MultiMinded,1000,MaxIter,195.95999999999998,643.0699999999999,2,632.425,412.71300000000002,496.1494,669.40084417041976,20.435576290559645,21.247362079310498,1,10,4,315,475
37,10,12,LinearSubgradientAuction,0.025,0.01,,True,,1000,10800,cats_arbitrary_g10b50,,False,CATS,50,arbitrary,MultiMinded,1000,MaxIter,156.30999999999995,701.3026000000001,3,634.495,369.97450000000003,614.9300000000001,726.75359142164905,568.09560958916552,596.77659133573184,1,10,2,252,382
38,10,14,LinearSubgradientAuction,0.025,0.01,,True,,1000,10800,cats_arbitrary_g10b50,,False,CATS,50,arbitrary,MultiMinded,1000,MaxIter,181.68000000000006,691.88,4,653.657,339.25200000000001,418.722,725.63250164011095,402.03129680016235,440.69503540449512,1,10,4,294,444
39,10,18,LinearSubgradientAuction,0.025,0.01,,True,,1000,10800,cats_arbitrary_g10b50,,False,CATS,50,arbitrary,MultiMinded,243,Balance,55.69999999999999,955.2540000000001,3,721.473,276.10400000000004,955.2540000000001,938.84195420929984,918.13415420929994,934.56787302708176,1,10,2,378,568
40,10,15,LinearSubgradientAuction,0.025,0.01,,True,,1000,10800,cats_arbitrary_g10b50,,False,CATS,50,arbitrary,MultiMinded,1000,MaxIter,192.44000000000005,882.337,3,850.424,422.59100000000001,850.6219999999998,919.04100890125187,646.39818404085599,647.59178391371881,1,10,3,315,475
41,10,14,LinearSubgradientAuction,0.025,0.01,,True,,1000,10800,cats_arbitrary_g10b50,,False,CATS,50,arbitrary,MultiMinded,1000,MaxIter,183.35999999999996,806.5720000000001,2,744.105,394.66899999999998,408.013,823.41968398582776,398.35446430637154,398.38492635425035,1,10,4,294,444
42,10,12,LinearSubgradientAuction,0.025,0.01,,True,,1000,10800,cats_arbitrary_g10b50,,False,CATS,50,arbitrary,MultiMinded,1000,MaxIter,158.13,674.607,2,650.249,261.25450000000001,568.563,677.94916596384894,530.50027304862613,562.27744556135076,1,10,2,252,382
43,10,18,LinearSubgradientAuction,0.025,0.01,,True,,1000,10800,cats_arbitrary_g10b50,,False,CATS,50,arbitrary,MultiMinded,37,Balance,8.399999999999977,710.9245999999999,2,698.897,258.83499999999998,710.9245999999999,699.22610332046418,686.28435332046422,697.98284999999998,1,10,0,378,568
44,10,12,LinearSubgradientAuction,0.025,0.01,,True,,1000,10800,cats_arbitrary_g10b50,,False,CATS,50,arbitrary,MultiMinded,1000,MaxIter,156.11,748.73,2,701.292,407.33100000000002,524.106,773.60922956183117,513.81977303464498,514.35213238379652,1,10,3,252,382
45,10,15,LinearSubgradientAuction,0.025,0.01,,True,,1000,10800,cats_arbitrary_g10b50,,False,CATS,50,arbitrary,MultiMinded,31,Balance,5.9599999999999795,753.639,3,656.884,388.58100000000002,753.639,703.50906614569067,674.36549114569073,724.91606138600207,1,10,5,315,475
46,10,17,LinearSubgradientAuction,0.025,0.01,,True,,1000,10800,cats_arbitrary_g10b50,,False,CATS,50,arbitrary,MultiMinded,681,Balance,146.26999999999998,944.9340000000001,4,844.841,403.99299999999999,944.9340000000001,939.02414617693989,898.62484617693985,907.81916164920608,1,10,2,357,537
47,10,14,LinearSubgradientAuction,0.025,0.01,,True,,1000,10800,cats_arbitrary_g10b50,,False,CATS,50,arbitrary,MultiMinded,1000,MaxIter,181.64,898.101,3,893.489,324.04449999999997,724.283,930.98283036712246,708.28555197145749,708.28555197145749,1,10,10,294,444
48,10,15,LinearSubgradientAuction,0.025,0.01,,True,,1000,10800,cats_arbitrary_g10b50,,False,CATS,50,arbitrary,MultiMinded,33,Balance,6.240000000000009,889.443,3,787.484,397.44799999999998,889.443,859.69098213478185,829.88238213478189,861.71916072452109,1,10,7,315,475
49,10,14,LinearSubgradientAuction,0.025,0.01,,True,,1000,10800,cats_arbitrary_g10b50,,False,CATS,50,arbitrary,MultiMinded,1000,MaxIter,180.56999999999994,945.042,1,781.262,432.49200000000002,320.387,948.65443346016264,0,1.8098781759415772,1,10,10,294,444
50,10,14,LinearSubgradientAuction,0.025,0.01,,True,,1000,10800,cats_arbitrary_g10b50,,False,CATS,50,arbitrary,MultiMinded,1000,MaxIter,178.9699999999999,815.381,2,698.568,297.62700000000001,418.643,895.75204081041625,411.23050862309526,411.48458341318667,1,10,5,294,444
51,10,19,LinearSubgradientAuction,0.025,0.01,,True,,1000,10800,cats_arbitrary_g10b50,,False,CATS,50,arbitrary,MultiMinded,1000,MaxIter,244.01,593.082,2,593.082,349.66500000000002,495.103,608.02503667147425,486.7036915079986,486.7036915079986,1,10,10,399,599
52,10,12,LinearSubgradientAuction,0.025,0.01,,True,,1000,10800,cats_arbitrary_g10b50,,False,CATS,50,arbitrary,MultiMinded,1000,MaxIter,157.01,842.818,3,842.818,428.04949999999997,679.375,918.4794789650997,653.79383392254465,658.11565738168451,1,10,4,252,382
53,10,17,LinearSubgradientAuction,0.025,0.01,,True,,1000,10800,cats_arbitrary_g10b50,,False,CATS,50,arbitrary,MultiMinded,1000,MaxIter,216.98000000000002,787.8274,3,644.907,269.82600000000002,229.4774,814.52659313803633,216.14610559372247,216.58169346722113,1,10,9,357,537
54,10,14,LinearSubgradientAuction,0.025,0.01,,True,,1000,10800,cats_arbitrary_g10b50,,False,CATS,50,arbitrary,MultiMinded,12,Balance,2.099999999999909,810.751,3,699.486,371.92899999999997,810.751,794.4863106289464,766.59163562894639,790.59760545811901,1,10,2,294,444
55,10,14,LinearSubgradientAuction,0.025,0.01,,True,,1000,10800,cats_arbitrary_g10b50,,False,CATS,50,arbitrary,MultiMinded,1000,MaxIter,182.72000000000003,778.56,3,652.834,405.49599999999998,528.755,802.11052435437091,508.86013176171156,508.86038633518336,1,10,10,294,444
56,10,14,LinearSubgradientAuction,0.025,0.01,,True,,1000,10800,cats_arbitrary_g10b50,,False,CATS,50,arbitrary,MultiMinded,1000,MaxIter,181.46000000000004,720.833,4,718.63,414.24000000000001,572.5319999999999,751.49099496716747,552.93828070296672,552.93828070296672,1,10,16,294,444
57,10,13,LinearSubgradientAuction,0.025,0.01,,True,,1000,10800,cats_arbitrary_g10b50,,False,CATS,50,arbitrary,MultiMinded,1000,MaxIter,170.61,742.0273,3,583.324,429.03550000000001,671.444,766.59115323639753,649.67491409032641,650.12838847861474,1,10,5,273,413
58,10,18,LinearSubgradientAuction,0.025,0.01,,True,,1000,10800,cats_arbitrary_g10b50,,False,CATS,50,arbitrary,MultiMinded,1000,MaxIter,229.42999999999995,927.076,5,790.752,213.971,777.9092,975.77332469068381,726.27604202710359,756.71298761372179,1,10,8,378,568
59,10,15,LinearSubgradientAuction,0.025,0.01,,True,,1000,10800,cats_arbitrary_g10b50,,False,CATS,50,arbitrary,MultiMinded,1000,MaxIter,190.90999999999997,685.266,4,685.266,301.03800000000001,488.065,720.33661621982355,473.29214920903979,473.29214920903979,1,10,14,315,475
60,10,17,LinearSubgradientAuction,0.025,0.01,,True,,1000,10800,cats_arbitrary_g10b50,,False,CATS,50,arbitrary,MultiMinded,1000,MaxIter,214.49,763.9352999999999,4,684.98,313.44299999999998,740.6379999999999,713.18487727301476,648.35166352272324,717.33082947613138,1,10,8,357,537
61,10,15,LinearSubgradientAuction,0.025,0.01,,True,,1000,10800,cats_arbitrary_g10b50,,False,CATS,50,arbitrary,MultiMinded,46,Balance,8.780000000000086,906.867,3,800.076,363.90899999999999,906.867,905.70603749302131,878.41286249302118,882.94457834693378,1,10,7,315,475
62,10,13,LinearSubgradientAuction,0.025,0.01,,True,,1000,10800,cats_arbitrary_g10b50,,False,CATS,50,arbitrary,MultiMinded,1000,MaxIter,170.51999999999998,838.7230000000001,4,739.886,355.20699999999999,791.0155,904.59689469590012,764.90437195391485,764.98363904418363,1,10,9,273,413
63,10,17,LinearSubgradientAuction,0.025,0.01,,True,,1000,10800,cats_arbitrary_g10b50,,False,CATS,50,arbitrary,MultiMinded,1000,MaxIter,215.80999999999995,879.858,2,879.858,289.45299999999997,199.44,896.71636187809804,192.12361828494184,193.58555043452057,1,10,8,357,537
64,10,13,LinearSubgradientAuction,0.025,0.01,,True,,1000,10800,cats_arbitrary_g10b50,,False,CATS,50,arbitrary,MultiMinded,28,Balance,4.659999999999968,699.8910000000001,4,546.14,336.69400000000002,699.8910000000001,687.31080542252857,653.64140542252846,666.58188176351848,1,10,7,273,413
65,10,14,LinearSubgradientAuction,0.025,0.01,,True,,1000,10800,cats_arbitrary_g10b50,,False,CATS,50,arbitrary,MultiMinded,1000,MaxIter,179.58000000000004,747.1110000000001,3,683.377,371.40150000000006,618.0550000000001,773.74110261684746,599.36722571692667,599.71261752630483,1,10,2,294,444
66,10,16,LinearSubgradientAuction,0.025,0.01,,True,,1000,10800,cats_arbitrary_g10b50,,False,CATS,50,arbitrary,MultiMinded,536,Balance,108.23000000000002,804.7069,4,692.962,241.77600000000001,804.7069,744.74513234970129,720.56753234970131,780.91883693844022,1,10,8,336,506
67,10,15,LinearSubgradientAuction,0.025,0.01,,True,,1000,10800,cats_arbitrary_g10b50,,False,CATS,50,arbitrary,MultiMinded,226,Balance,44.02999999999997,950.858,2,795.087,420.85149999999999,950.858,949.16820695258775,928.12563195258781,931.95919770537989,1,10,10,315,475
68,10,17,LinearSubgradientAuction,0.025,0.01,,True,,1000,10800,cats_arbitrary_g10b50,,False,CATS,50,arbitrary,MultiMinded,301,Balance,65.16000000000008,638.514,3,583.892,266.64400000000001,638.514,618.71592185194515,598.71762185194507,624.09007280837818,1,10,1,357,537
69,10,13,LinearSubgradientAuction,0.025,0.01,,True,,1000,10800,cats_arbitrary_g10b50,,False,CATS,50,arbitrary,MultiMinded,1000,MaxIter,170.74,653.81,3,515.575,365.36749999999995,604.6590000000001,702.13059825769255,317.90956615149099,318.3027024700113,1,10,3,273,413
70,10,16,LinearSubgradientAuction,0.025,0.01,,True,,1000,10800,cats_arbitrary_g10b50,,False,CATS,50,arbitrary,MultiMinded,1000,MaxIter,206.99,813.773,4,813.773,239.7945,702.8040000000001,869.01525340285832,685.26759726842829,685.31297519263194,1,10,9,336,506
71,10,18,LinearSubgradientAuction,0.025,0.01,,True,,1000,10800,cats_arbitrary_g10b50,,False,CATS,50,arbitrary,MultiMinded,1000,MaxIter,230.67000000000007,936.203,1,936.203,330.1275,103.987,1078.3722032022558,0,0.75195828865358294,1,10,10,378,568
72,10,19,LinearSubgradientAuction,0.025,0.01,,True,,1000,10800,cats_arbitrary_g10b50,,False,CATS,50,arbitrary,MultiMinded,58,Balance,13.710000000000036,742.889,1,742.889,330.43299999999999,742.889,741.66778170117334,733.40695670117339,740.82309491459614,1,10,6,399,599
73,10,13,LinearSubgradientAuction,0.025,0.01,,True,,1000,10800,cats_arbitrary_g10b50,,False,CATS,50,arbitrary,MultiMinded,1000,MaxIter,170.89999999999998,829.25,1,829.25,443.63649999999996,433.775,910.02481514518536,0,0.96033586462465337,1,10,10,273,413
74,10,17,LinearSubgradientAuction,0.025,0.01,,True,,1000,10800,cats_arbitrary_g10b50,,False,CATS,50,arbitrary,MultiMinded,1000,MaxIter,215.6500000000001,785.147,2,785.147,194.18100000000001,328.949,785.52662191735749,284.89669971097601,324.17188166952889,1,10,7,357,537
75,10,14,LinearSubgradientAuction,0.025,0.01,,True,,1000,10800,cats_arbitrary_g10b50,,False,CATS,50,arbitrary,MultiMinded,1000,MaxIter,182.15999999999997,877.244,3,869.635,380.94749999999999,877.137,920.80529901918464,858.97866641791506,859.05289969241869,1,10,10,294,444
76,10,15,LinearSubgradientAuction,0.025,0.01,,True,,1000,10800,cats_arbitrary_g10b50,,False,CATS,50,arbitrary,MultiMinded,1000,MaxIter,191.08000000000004,772.528,1,772.528,426.029,772.528,822.17026660258807,0,0.0,1,10,10,315,475
77,10,16,LinearSubgradientAuction,0.025,0.01,,True,,1000,10800,cats_arbitrary_g10b50,,False,CATS,50,arbitrary,MultiMinded,1000,MaxIter,204.64999999999998,610.0541,3,475.061,229.33799999999999,414.499,671.17372813309521,384.79629598321657,403.38409158048898,1,10,5,336,506
78,10,16,LinearSubgradientAuction,0.025,0.01,,True,,1000,10800,cats_arbitrary_g10b50,,False,CATS,50,arbitrary,MultiMinded,1000,MaxIter,202.38,738.191,1,718.579,283.06200000000001,314.212,814.95272903929128,0,0.028232339973840226,1,10,10,336,506
79,10,16,LinearSubgradientAuction,0.025,0.01,,True,,1000,10800,cats_arbitrary_g10b50,,False,CATS,50,arbitrary,MultiMinded,1000,MaxIter,205.01999999999987,789.0369999999999,3,767.227,328.78500000000003,736.1790000000001,819.36595640189182,690.90075238881423,719.92296559382851,1,10,2,336,506
80,10,14,LinearSubgradientAuction,0.025,0.01,,True,,1000,10800,cats_arbitrary_g10b50,,False,CATS,50,arbitrary,MultiMinded,84,Balance,14.92999999999995,755.88,1,755.88,295.50850000000003,755.88,754.45599951061627,747.06828701061625,755.08578894549055,1,10,1,294,444
81,10,16,LinearSubgradientAuction,0.025,0.01,,True,,1000,10800,cats_arbitrary_g10b50,,False,CATS,50,arbitrary,MultiMinded,1000,MaxIter,203.41999999999996,454.25449999999995,2,381.144,179.05700000000002,118.016,489.07852890029653,93.92686580556952,114.05350927135649,1,10,9,336,506
82,10,14,LinearSubgradientAuction,0.025,0.01,,True,,1000,10800,cats_arbitrary_g10b50,,False,CATS,50,arbitrary,MultiMinded,1000,MaxIter,180.20000000000005,813.1470999999999,2,678.08,361.98400000000004,443.729,922.47331283779238,434.61639414275891,434.91942393088516,1,10,4,294,444
83,10,15,LinearSubgradientAuction,0.025,0.01,,True,,1000,10800,cats_arbitrary_g10b50,,False,CATS,50,arbitrary,MultiMinded,1000,MaxIter,193.36,897.3420000000001,3,818.953,242.078,617.082,983.77541825809965,573.31532391382927,605.49428693718687,1,10,5,315,475
84,10,14,LinearSubgradientAuction,0.025,0.01,,True,,1000,10800,cats_arbitrary_g10b50,,False,CATS,50,arbitrary,MultiMinded,1000,MaxIter,182.55000000000007,716.866,3,684.777,321.96300000000002,513.013,745.49128541623656,497.10272672069198,497.10272672069198,1,10,9,294,444
85,10,11,LinearSubgradientAuction,0.025,0.01,,True,,1000,10800,cats_arbitrary_g10b50,,False,CATS,50,arbitrary,MultiMinded,1000,MaxIter,148.1199999999999,679.457,2,679.457,442.82050000000004,659.694,753.33589079607918,649.11437758735678,649.11437758735678,1,10,9,231,351
86,10,15,LinearSubgradientAuction,0.025,0.01,,True,,1000,10800,cats_arbitrary_g10b50,,False,CATS,50,arbitrary,MultiMinded,1000,MaxIter,193.7299999999999,950.965,4,818.766,310.39699999999999,950.965,1021.5333002647219,849.82217914423575,927.76466627312584,1,10,3,315,475
87,10,14,LinearSubgradientAuction,0.025,0.01,,True,,1000,10800,cats_arbitrary_g10b50,,False,CATS,50,arbitrary,MultiMinded,1000,MaxIter,178.36,997.2170000000001,3,716.545,235.80250000000001,916.559,929.43569547129005,828.26012865096459,904.81813249089055,1,10,1,294,444
88,10,14,LinearSubgradientAuction,0.025,0.01,,True,,1000,10800,cats_arbitrary_g10b50,,False,CATS,50,arbitrary,MultiMinded,1000,MaxIter,181.69000000000005,758.38,2,758.38,394.31950000000001,642.261,804.80443721733377,632.15438726247953,632.6398942527394,1,10,2,294,444
89,10,14,LinearSubgradientAuction,0.025,0.01,,True,,1000,10800,cats_arbitrary_g10b50,,False,CATS,50,arbitrary,MultiMinded,90,Balance,16.190000000000055,732.443,2,644.233,339.30900000000003,732.443,732.00991859107319,715.04446859107316,715.47754999999995,1,10,0,294,444
90,10,14,LinearSubgradientAuction,0.025,0.01,,True,,1000,10800,cats_arbitrary_g10b50,,False,CATS,50,arbitrary,MultiMinded,136,Balance,24.200000000000045,891.85,3,807.355,295.7045,891.85,878.42674396067923,856.24890646067922,876.14002642648654,1,10,9,294,444
91,10,13,LinearSubgradientAuction,0.025,0.01,,True,,1000,10800,cats_arbitrary_g10b50,,False,CATS,50,arbitrary,MultiMinded,1000,MaxIter,170.3900000000001,812.137,2,812.137,461.255,371.564,839.83331122756454,351.1006513163544,360.71542597907103,1,10,5,273,413
92,10,14,LinearSubgradientAuction,0.025,0.01,,True,,1000,10800,cats_arbitrary_g10b50,,False,CATS,50,arbitrary,MultiMinded,1000,MaxIter,181.67999999999984,621.9174,4,498.679,294.30700000000002,558.922,632.03326254450951,522.6601641940124,544.60355267965247,1,10,9,294,444
93,10,18,LinearSubgradientAuction,0.025,0.01,,True,,1000,10800,cats_arbitrary_g10b50,,False,CATS,50,arbitrary,MultiMinded,107,Balance,24.37999999999988,768.1442,6,581.443,288.50549999999998,768.1442,720.33900332000496,677.06317832000491,724.94001693172788,1,10,6,378,568
94,10,14,LinearSubgradientAuction,0.025,0.01,,True,,1000,10800,cats_arbitrary_g10b50,,False,CATS,50,arbitrary,MultiMinded,93,Balance,16.600000000000136,704.947,1,704.947,384.09699999999998,704.947,704.45249480614598,694.85006980614594,699.96645281002668,1,10,18,294,444
95,10,15,LinearSubgradientAuction,0.025,0.01,,True,,1000,10800,cats_arbitrary_g10b50,,False,CATS,50,arbitrary,MultiMinded,1000,MaxIter,192.28999999999996,905.548,2,761.598,373.96699999999998,617.102,975.87886233422125,607.38129356085608,608.07003745326961,1,10,4,315,475
96,10,13,LinearSubgradientAuction,0.025,0.01,,True,,1000,10800,cats_arbitrary_g10b50,,False,CATS,50,arbitrary,MultiMinded,1000,MaxIter,167.55999999999995,802.2189,1,774.483,389.73500000000001,427.857,829.35977440820159,0,0.053357800031477609,1,10,10,273,413
97,10,14,LinearSubgradientAuction,0.025,0.01,,True,,1000,10800,cats_arbitrary_g10b50,,False,CATS,50,arbitrary,MultiMinded,36,Balance,6.440000000000055,777.4,1,777.4,409.10199999999998,777.4,777.08569122545714,766.85814122545719,777.2436862086048,1,10,8,294,444
98,10,12,LinearSubgradientAuction,0.025,0.01,,True,,1000,10800,cats_arbitrary_g10b50,,False,CATS,50,arbitrary,MultiMinded,1000,MaxIter,156.38999999999987,899.539,2,899.539,522.91999999999996,592.422,951.8928133227862,579.2027531863165,579.34900170009917,1,10,3,252,382
99,10,13,LinearSubgradientAuction,0.025,0.01,,True,,1000,10800,cats_arbitrary_g10b50,,False,CATS,50,arbitrary,MultiMinded,145,Balance,24.149999999999864,941.1115,3,769.536,337.6515,941.1115,899.31312455067018,873.98926205067005,916.32156361380885,1,10,4,273,413
100,10,15,LinearSubgradientAuction,0.025,0.01,,True,,1000,10800,cats_arbitrary_g10b50,,False,CATS,50,arbitrary,MultiMinded,1000,MaxIter,191.74,733.9616,5,691.502,466.54449999999997,574.7777000000001,823.39689562135254,540.34038291979789,540.35639084202182,1,10,9,315,475
