idx,items,agents,auction_class,epsilon,stepc,epoch,scalebyvalue,reserve_type,maxiter,maxtime,generator_param_name,personalized,int_prices,generator,bids,distribution,type,rounds,status,runtime,efficient_value,final_num_winners,final_max_agent_value,final_scalevalue,final_value,final_total_price,final_revenue,final_indirect_util,final_price_degree,final_price_sparsity,final_imbalance,final_wd_nvars,final_wd_ncons
1,30,34,LinearSubgradientAuction,0.1,0.04,,True,,1000,10800,cats_arbitrary_g30b150,,False,CATS,150,arbitrary,MultiMinded,1000,MaxIter,1405.050000000003,1985.8648,10,1958.65,585.33899999999994,1425.6190000000001,2267.2661243794068,1101.8945907765035,1102.0568929483011,1,30,66,2074,3124
2,30,35,LinearSubgradientAuction,0.1,0.04,,True,,1000,10800,cats_arbitrary_g30b150,,False,CATS,150,arbitrary,MultiMinded,429,Balance,626.3600000000006,2197.79,1,2197.79,440.00599999999997,2197.79,2197.7831071212754,2153.7825071212756,2153.7894000000001,1,30,0,2135,3215
3,30,33,LinearSubgradientAuction,0.1,0.04,,True,,1000,10800,cats_arbitrary_g30b150,,False,CATS,150,arbitrary,MultiMinded,1000,MaxIter,1389.2900000000081,2537.724,8,1980.67,603.23800000000006,946.226,2846.5192550051615,773.98829985387817,775.51482435207868,1,30,26,2013,3033
4,30,33,LinearSubgradientAuction,0.1,0.04,,True,,1000,10800,cats_arbitrary_g30b150,,False,CATS,150,arbitrary,MultiMinded,1000,MaxIter,1396.6499999999942,2018.328,2,1780.26,501.12400000000002,380.558,2161.5817830658457,128.52184945270508,167.39182660664574,1,30,28,2013,3033
5,30,32,LinearSubgradientAuction,0.1,0.04,,True,,1000,10800,cats_arbitrary_g30b150,,False,CATS,150,arbitrary,MultiMinded,1000,MaxIter,1310.729999999996,1876.8708299999998,2,1770.89,624.08600000000001,773.226,2287.8913136361821,391.06554147326915,416.41294114193261,1,30,23,1952,2942
6,30,33,LinearSubgradientAuction,0.1,0.04,,True,,1000,10800,cats_arbitrary_g30b150,,False,CATS,150,arbitrary,MultiMinded,1000,MaxIter,1389.3299999999872,2052.619,8,1672.04,727.22400000000005,840.0708999999999,2647.622669496116,568.38284784670338,569.13043256207573,1,30,25,2013,3033
7,30,30,LinearSubgradientAuction,0.1,0.04,,True,,1000,10800,cats_arbitrary_g30b150,,False,CATS,150,arbitrary,MultiMinded,1000,MaxIter,1243.0299999999988,2256.612,3,2088.18,661.12950000000001,774.633,2672.5187173424497,711.79096441137017,711.79096441137017,1,30,22,1830,2760
8,30,35,LinearSubgradientAuction,0.1,0.04,,True,,1000,10800,cats_arbitrary_g30b150,,False,CATS,150,arbitrary,MultiMinded,1000,MaxIter,1453.4900000000052,1886.9858,2,1721.43,762.18450000000007,443.864,2055.7087076993789,0.0,7.6179023877242429,1,30,29,2135,3215
9,30,32,LinearSubgradientAuction,0.1,0.04,,True,,1000,10800,cats_arbitrary_g30b150,,False,CATS,150,arbitrary,MultiMinded,1000,MaxIter,1318.0899999999965,1903.7699,2,1559.25,844.62750000000005,1319.922,2222.1921018239655,151.0728877020461,151.77938159157122,1,30,28,1952,2942
10,30,36,LinearSubgradientAuction,0.1,0.04,,True,,1000,10800,cats_arbitrary_g30b150,,False,CATS,150,arbitrary,MultiMinded,1000,MaxIter,1505.1600000000035,2500.0740000000005,12,2217.68,621.28700000000003,1517.0280000000002,2759.1383346311045,1044.8541678256122,1094.6266996296436,1,30,31,2196,3306
11,30,30,LinearSubgradientAuction,0.1,0.04,,True,,1000,10800,cats_arbitrary_g30b150,,False,CATS,150,arbitrary,MultiMinded,1000,MaxIter,1217.0999999999913,1868.241,7,1447.57,637.68550000000005,1165.3519999999999,2403.1827432731493,914.71770853009184,916.26445618837533,1,30,26,1830,2760
12,30,32,LinearSubgradientAuction,0.1,0.04,,True,,1000,10800,cats_arbitrary_g30b150,,False,CATS,150,arbitrary,MultiMinded,1000,MaxIter,1332.7799999999988,1629.6809799999999,6,1454.03,563.44500000000005,685.529,2046.9623096099265,576.95633571454357,577.53947762244456,1,30,32,1952,2942
13,30,33,LinearSubgradientAuction,0.1,0.04,,True,,1000,10800,cats_arbitrary_g30b150,,False,CATS,150,arbitrary,MultiMinded,1000,MaxIter,1385.8800000000047,1977.1191,10,1667.86,707.56150000000002,787.8733,2274.9004829056926,464.10994233422986,464.10994233422986,1,30,62,2013,3033
14,30,33,LinearSubgradientAuction,0.1,0.04,,True,,1000,10800,cats_arbitrary_g30b150,,False,CATS,150,arbitrary,MultiMinded,1000,MaxIter,1392.6399999999994,2717.117,6,1791.51,726.46749999999997,1330.911,2873.8572027035698,1018.3016234435134,1047.9214806804246,1,30,13,2013,3033
15,30,30,LinearSubgradientAuction,0.1,0.04,,True,,1000,10800,cats_arbitrary_g30b150,,False,CATS,150,arbitrary,MultiMinded,1000,MaxIter,1251.4599999999919,2171.381,4,1868.55,921.70799999999997,1286.6689999999999,2665.8446109067095,1108.1975702963734,1109.7431836545657,1,30,17,1830,2760
16,30,34,LinearSubgradientAuction,0.1,0.04,,True,,1000,10800,cats_arbitrary_g30b150,,False,CATS,150,arbitrary,MultiMinded,1000,MaxIter,1384.8800000000047,2091.4660000000003,4,1581.43,466.154,662.05,2360.7805269076957,559.56441744958954,572.83525703475664,1,30,20,2074,3124
17,30,32,LinearSubgradientAuction,0.1,0.04,,True,,1000,10800,cats_arbitrary_g30b150,,False,CATS,150,arbitrary,MultiMinded,1000,MaxIter,1315.1199999999953,1828.406,8,1506.32,727.10699999999997,601.8797000000001,2070.7800944214896,402.51466481489774,402.51466481489774,1,30,45,1952,2942
18,30,33,LinearSubgradientAuction,0.1,0.04,,True,,1000,10800,cats_arbitrary_g30b150,,False,CATS,150,arbitrary,MultiMinded,1000,MaxIter,1395.3300000000017,2345.2870000000003,10,2117.29,776.08299999999997,1222.2532999999999,2689.4564767429183,895.40297210467713,895.40297210467713,1,30,90,2013,3033
19,30,34,LinearSubgradientAuction,0.1,0.04,,True,,1000,10800,cats_arbitrary_g30b150,,False,CATS,150,arbitrary,MultiMinded,1000,MaxIter,1412.5199999999895,2287.142,11,1551.3,564.779,1039.3919,2650.2852361947616,774.57715028371388,779.27060205556404,1,30,39,2074,3124
20,30,34,LinearSubgradientAuction,0.1,0.04,,True,,1000,10800,cats_arbitrary_g30b150,,False,CATS,150,arbitrary,MultiMinded,1000,MaxIter,1391.729999999996,1940.03319,1,1543.36,583.99600000000009,1543.36,2251.8233523140088,0,10.598125943006586,1,30,30,2074,3124
21,30,32,LinearSubgradientAuction,0.1,0.04,,True,,1000,10800,cats_arbitrary_g30b150,,False,CATS,150,arbitrary,MultiMinded,1000,MaxIter,1319.2799999999988,1599.0811999999999,7,1355.45,695.58449999999993,712.2672,2019.0153790697184,441.05936539086542,441.19594986736411,1,30,20,1952,2942
22,30,33,LinearSubgradientAuction,0.1,0.04,,True,,1000,10800,cats_arbitrary_g30b150,,False,CATS,150,arbitrary,MultiMinded,1000,MaxIter,1375.9199999999983,2282.8423000000003,4,1879.28,739.774,1105.95,2521.3494228771997,1044.3316010938427,1045.1652583338018,1,30,27,2013,3033
23,30,33,LinearSubgradientAuction,0.1,0.04,,True,,1000,10800,cats_arbitrary_g30b150,,False,CATS,150,arbitrary,MultiMinded,1000,MaxIter,1392.6699999999983,2403.9993,6,2044.82,717.20399999999995,1065.627,2873.9063642647611,929.66858968762142,930.57483882336169,1,30,26,2013,3033
24,30,30,LinearSubgradientAuction,0.1,0.04,,True,,1000,10800,cats_arbitrary_g30b150,,False,CATS,150,arbitrary,MultiMinded,1000,MaxIter,1232.1300000000047,2126.121,5,1969.43,482.00350000000003,780.557,2524.805957720414,687.00404877153403,691.44963315803602,1,30,24,1830,2760
25,30,29,LinearSubgradientAuction,0.1,0.04,,True,,1000,10800,cats_arbitrary_g30b150,,False,CATS,150,arbitrary,MultiMinded,1000,MaxIter,1208.0299999999988,1852.1607,4,1764.81,936.35900000000004,980.037,2291.7730035577511,807.58716562408472,810.58540106949545,1,30,19,1769,2669
26,30,39,LinearSubgradientAuction,0.1,0.04,,True,,1000,10800,cats_arbitrary_g30b150,,False,CATS,150,arbitrary,MultiMinded,1000,MaxIter,1641.3099999999977,2465.4804,8,1489.25,632.89699999999993,1282.5804,2565.0778395106263,1038.1624783265372,1039.8281838865469,1,30,27,2379,3579
27,30,29,LinearSubgradientAuction,0.1,0.04,,True,,1000,10800,cats_arbitrary_g30b150,,False,CATS,150,arbitrary,MultiMinded,1000,MaxIter,1198.3999999999942,2275.4269999999997,2,1932.93,759.11900000000003,1932.93,2667.1285210788465,1855.8245423674964,1863.2566867579403,1,30,11,1769,2669
28,30,31,LinearSubgradientAuction,0.1,0.04,,True,,1000,10800,cats_arbitrary_g30b150,,False,CATS,150,arbitrary,MultiMinded,1000,MaxIter,1257.8099999999977,2301.5724,7,1458.94,613.274,1817.556,2471.3624088667962,1645.9663308288448,1645.9663308288448,1,30,26,1891,2851
29,30,29,LinearSubgradientAuction,0.1,0.04,,True,,1000,10800,cats_arbitrary_g30b150,,False,CATS,150,arbitrary,MultiMinded,1000,MaxIter,1185.0699999999924,2007.782,6,1669.06,662.85299999999995,1060.43,2289.5527210295299,878.58670539094874,878.58670539094874,1,30,43,1769,2669
30,30,35,LinearSubgradientAuction,0.1,0.04,,True,,1000,10800,cats_arbitrary_g30b150,,False,CATS,150,arbitrary,MultiMinded,1000,MaxIter,1466.3300000000017,2161.8298999999997,2,1539.73,524.54999999999995,744.188,2418.2166108771053,188.06358220214327,189.79261298228047,1,30,26,2135,3215
31,30,32,LinearSubgradientAuction,0.1,0.04,,True,,1000,10800,cats_arbitrary_g30b150,,False,CATS,150,arbitrary,MultiMinded,1000,MaxIter,1321.909999999989,2453.359,8,1724.13,512.56299999999999,1353.3719999999998,2695.5666991147882,1149.7165512502938,1158.1786412709992,1,30,27,1952,2942
32,30,34,LinearSubgradientAuction,0.1,0.04,,True,,1000,10800,cats_arbitrary_g30b150,,False,CATS,150,arbitrary,MultiMinded,1000,MaxIter,1401.9199999999983,1818.8858,3,1643.98,574.70600000000002,449.8256,2199.5457697956335,235.98362263668002,245.38352932227957,1,30,25,2074,3124
33,30,33,LinearSubgradientAuction,0.1,0.04,,True,,1000,10800,cats_arbitrary_g30b150,,False,CATS,150,arbitrary,MultiMinded,1000,MaxIter,1363.9899999999907,1944.8153000000002,1,1618.49,617.12249999999995,838.802,2200.2922483016628,0,3.0017880724285249,1,30,30,2013,3033
34,30,31,LinearSubgradientAuction,0.1,0.04,,True,,1000,10800,cats_arbitrary_g30b150,,False,CATS,150,arbitrary,MultiMinded,1000,MaxIter,1268.8600000000006,2467.5019,3,2102.79,578.16200000000003,619.048,2763.7701638810058,503.17558351553373,515.74608382463407,1,30,24,1891,2851
35,30,32,LinearSubgradientAuction,0.1,0.04,,True,,1000,10800,cats_arbitrary_g30b150,,False,CATS,150,arbitrary,MultiMinded,1000,MaxIter,1322.7300000000105,2108.201,3,1910.3,506.57900000000001,1358.489,2420.7160368702907,997.00896214694023,1008.9409344882698,1,30,15,1952,2942
36,30,35,LinearSubgradientAuction,0.1,0.04,,True,,1000,10800,cats_arbitrary_g30b150,,False,CATS,150,arbitrary,MultiMinded,1000,MaxIter,1468.609999999986,1942.8097999999998,4,1649.39,704.06799999999998,941.468,2129.2211049070679,872.5185075284279,877.20340327561837,1,30,17,2135,3215
37,30,33,LinearSubgradientAuction,0.1,0.04,,True,,1000,10800,cats_arbitrary_g30b150,,False,CATS,150,arbitrary,MultiMinded,1000,MaxIter,1397.3300000000017,1975.334,2,1881.03,532.89949999999999,896.1306,2283.7518463230676,5.1278449754430468,21.492527167634854,1,30,29,2013,3033
38,30,32,LinearSubgradientAuction,0.1,0.04,,True,,1000,10800,cats_arbitrary_g30b150,,False,CATS,150,arbitrary,MultiMinded,1000,MaxIter,1331.229999999996,2501.4829999999997,6,2312.06,839.32600000000002,1197.708,2964.1570327629179,960.33248571176148,961.20453178926994,1,30,35,1952,2942
39,30,34,LinearSubgradientAuction,0.1,0.04,,True,,1000,10800,cats_arbitrary_g30b150,,False,CATS,150,arbitrary,MultiMinded,1000,MaxIter,1390.1300000000047,2311.536,1,2186.45,533.95749999999998,345.447,2623.5692179830389,0,31.263574425895172,1,30,27,2074,3124
40,30,31,LinearSubgradientAuction,0.1,0.04,,True,,1000,10800,cats_arbitrary_g30b150,,False,CATS,150,arbitrary,MultiMinded,1000,MaxIter,1269.8499999999913,1922.01,6,1548.35,753.33299999999997,716.4843,2120.5818763934949,477.8381453646864,484.82612124102491,1,30,13,1891,2851
41,30,32,LinearSubgradientAuction,0.1,0.04,,True,,1000,10800,cats_arbitrary_g30b150,,False,CATS,150,arbitrary,MultiMinded,1000,MaxIter,1321.2399999999907,1899.3063,6,1626.29,567.45299999999997,1066.19,2249.2247794881109,904.01481556784483,904.39100429114603,1,30,33,1952,2942
42,30,35,LinearSubgradientAuction,0.1,0.04,,True,,1000,10800,cats_arbitrary_g30b150,,False,CATS,150,arbitrary,MultiMinded,1000,MaxIter,1457.449999999997,2374.3837000000003,7,1682.91,707.67899999999997,2084.473,2844.2623393751351,1956.1906525829079,1956.1906525829079,1,30,37,2135,3215
43,30,36,LinearSubgradientAuction,0.1,0.04,,True,,1000,10800,cats_arbitrary_g30b150,,False,CATS,150,arbitrary,MultiMinded,1000,MaxIter,1508.679999999993,2385.76,6,2385.76,501.80000000000001,1150.1226,2536.3947591287106,952.4438164693554,982.59083692655065,1,30,24,2196,3306
44,30,35,LinearSubgradientAuction,0.1,0.04,,True,,1000,10800,cats_arbitrary_g30b150,,False,CATS,150,arbitrary,MultiMinded,1000,MaxIter,1442.2399999999907,2079.9506999999994,4,1845.76,468.2165,850.5457999999999,2258.3033526869626,495.2947844109483,505.24274449024188,1,30,22,2135,3215
45,30,30,LinearSubgradientAuction,0.1,0.04,,True,,1000,10800,cats_arbitrary_g30b150,,False,CATS,150,arbitrary,MultiMinded,1000,MaxIter,1227.8999999999942,1973.4939,7,1684.69,518.44550000000004,1196.704,2273.5589158228677,963.16767704913013,994.55690370830177,1,30,17,1830,2760
46,30,33,LinearSubgradientAuction,0.1,0.04,,True,,1000,10800,cats_arbitrary_g30b150,,False,CATS,150,arbitrary,MultiMinded,1000,MaxIter,1364.479999999996,2174.927,7,1703.31,577.08699999999999,925.4169999999999,2481.1899665220772,772.17225270887036,814.52266307768332,1,30,22,2013,3033
47,30,36,LinearSubgradientAuction,0.1,0.04,,True,,1000,10800,cats_arbitrary_g30b150,,False,CATS,150,arbitrary,MultiMinded,1000,MaxIter,1506.1100000000151,2134.903,11,1579.3,488.0025,1102.526,2447.7550339814234,866.22657272667743,866.22680148236611,1,30,41,2196,3306
48,30,36,LinearSubgradientAuction,0.1,0.04,,True,,1000,10800,cats_arbitrary_g30b150,,False,CATS,150,arbitrary,MultiMinded,1000,MaxIter,1511.3300000000017,2120.0323,3,1723.29,500.82099999999997,606.168,2272.9104517930318,304.85429035136633,318.19719568543138,1,30,25,2196,3306
49,30,32,LinearSubgradientAuction,0.1,0.04,,True,,1000,10800,cats_arbitrary_g30b150,,False,CATS,150,arbitrary,MultiMinded,1000,MaxIter,1332.320000000007,1825.5846,2,1448.16,458.54599999999999,425.441,2109.5936082733924,377.00167610310143,384.74965921612034,1,30,25,1952,2942
50,30,32,LinearSubgradientAuction,0.1,0.04,,True,,1000,10800,cats_arbitrary_g30b150,,False,CATS,150,arbitrary,MultiMinded,1000,MaxIter,1332.8399999999965,2387.589,2,2137.71,881.64700000000005,882.293,2477.6540004194453,106.86709247460391,168.10402621174507,1,30,27,1952,2942
51,30,31,LinearSubgradientAuction,0.1,0.04,,True,,1000,10800,cats_arbitrary_g30b150,,False,CATS,150,arbitrary,MultiMinded,1000,MaxIter,1270.570000000007,2404.514,2,2207.65,681.84050000000002,799.09,2772.5751693456982,572.62791706066434,745.79218864199129,1,30,24,1891,2851
52,30,34,LinearSubgradientAuction,0.1,0.04,,True,,1000,10800,cats_arbitrary_g30b150,,False,CATS,150,arbitrary,MultiMinded,1000,MaxIter,1392.4500000000116,2070.7699000000002,2,1761.92,837.09500000000003,1156.135,2355.7675774679624,43.131736980599399,56.843274144402514,1,30,28,2074,3124
53,30,34,LinearSubgradientAuction,0.1,0.04,,True,,1000,10800,cats_arbitrary_g30b150,,False,CATS,150,arbitrary,MultiMinded,1000,MaxIter,1410.4999999999854,1944.8844,5,1588.82,654.95799999999997,725.3672,2132.7234817951812,503.12308232735484,542.14485918935998,1,30,16,2074,3124
54,30,30,LinearSubgradientAuction,0.1,0.04,,True,,1000,10800,cats_arbitrary_g30b150,,False,CATS,150,arbitrary,MultiMinded,1000,MaxIter,1232.0599999999831,2678.4509,3,2281.57,746.976,2596.389,3015.8751492346732,2456.7802676267206,2458.9507941278871,1,30,19,1830,2760
55,30,31,LinearSubgradientAuction,0.1,0.04,,True,,1000,10800,cats_arbitrary_g30b150,,False,CATS,150,arbitrary,MultiMinded,1000,MaxIter,1281.3899999999849,2211.653,6,1943.48,726.06700000000001,1828.432,2447.1637119357329,1622.0729474974489,1622.3807004049268,1,30,27,1891,2851
56,30,29,LinearSubgradientAuction,0.1,0.04,,True,,1000,10800,cats_arbitrary_g30b150,,False,CATS,150,arbitrary,MultiMinded,1000,MaxIter,1202.479999999996,2093.229,6,1877.5,714.9369999999999,953.232,2243.569857574998,691.81113954947182,691.81113954947182,1,30,82,1769,2669
57,30,31,LinearSubgradientAuction,0.1,0.04,,True,,1000,10800,cats_arbitrary_g30b150,,False,CATS,150,arbitrary,MultiMinded,1000,MaxIter,1259.5699999999924,2015.9576000000002,2,1667.14,591.51199999999994,360.919,2335.5005088543212,301.66455800140938,312.74900195123945,1,30,25,1891,2851
58,30,33,LinearSubgradientAuction,0.1,0.04,,True,,1000,10800,cats_arbitrary_g30b150,,False,CATS,150,arbitrary,MultiMinded,1000,MaxIter,1377.5,2213.6252,8,1937.47,893.10799999999995,1517.1852,2605.2221544438321,1210.2406080776223,1210.2406080776223,1,30,33,2013,3033
59,30,31,LinearSubgradientAuction,0.1,0.04,,True,,1000,10800,cats_arbitrary_g30b150,,False,CATS,150,arbitrary,MultiMinded,1000,MaxIter,1285.6500000000233,2195.5229,2,1710.57,782.62599999999998,494.991,2679.7364834765876,215.47802398952138,250.8271893780479,1,30,27,1891,2851
60,30,36,LinearSubgradientAuction,0.1,0.04,,True,,1000,10800,cats_arbitrary_g30b150,,False,CATS,150,arbitrary,MultiMinded,1000,MaxIter,1518.4300000000221,1802.554,9,1574.08,671.95349999999996,1021.2336,2043.0022725719414,689.78224506051288,694.07435432152522,1,30,27,2196,3306
61,30,33,LinearSubgradientAuction,0.1,0.04,,True,,1000,10800,cats_arbitrary_g30b150,,False,CATS,150,arbitrary,MultiMinded,1000,MaxIter,1395.2399999999907,1724.4375,9,1339.03,584.49199999999996,1305.9795,2012.1737933156794,1068.2694371361611,1069.0111681119613,1,30,29,2013,3033
62,30,36,LinearSubgradientAuction,0.1,0.04,,True,,1000,10800,cats_arbitrary_g30b150,,False,CATS,150,arbitrary,MultiMinded,1000,MaxIter,1490.9899999999907,2437.0683000000004,3,1933.61,814.90999999999997,600.5058,2642.4326065391374,316.61269146334553,336.48664357651694,1,30,24,2196,3306
63,30,34,LinearSubgradientAuction,0.1,0.04,,True,,1000,10800,cats_arbitrary_g30b150,,False,CATS,150,arbitrary,MultiMinded,1000,MaxIter,1419.5299999999988,2003.24,2,2003.24,494.63999999999999,600.045,2410.5166092731852,166.32148021575711,168.27812668879412,1,30,28,2074,3124
64,30,34,LinearSubgradientAuction,0.1,0.04,,True,,1000,10800,cats_arbitrary_g30b150,,False,CATS,150,arbitrary,MultiMinded,1000,MaxIter,1389.5200000000186,2039.0195999999999,2,1809.03,585.17600000000004,273.652,2338.8953895462755,214.81222522678405,219.70464408429257,1,30,28,2074,3124
65,30,36,LinearSubgradientAuction,0.1,0.04,,True,,1000,10800,cats_arbitrary_g30b150,,False,CATS,150,arbitrary,MultiMinded,1000,MaxIter,1501.3699999999953,1894.2412000000002,5,1377.42,663.9670000000001,884.848,2100.4992660250336,681.82672205210588,692.18878651852606,1,30,17,2196,3306
66,30,33,LinearSubgradientAuction,0.1,0.04,,True,,1000,10800,cats_arbitrary_g30b150,,False,CATS,150,arbitrary,MultiMinded,1000,MaxIter,1379.1900000000023,2454.29,3,2454.29,522.13300000000004,426.156,2579.1285076737186,275.09821603149931,324.23827952468366,1,30,27,2013,3033
67,30,31,LinearSubgradientAuction,0.1,0.04,,True,,1000,10800,cats_arbitrary_g30b150,,False,CATS,150,arbitrary,MultiMinded,1000,MaxIter,1288.25,2341.4958,6,2017.46,785.07600000000002,1222.6909,2882.5085109761621,613.5979694439568,617.70335044273088,1,30,21,1891,2851
68,30,31,LinearSubgradientAuction,0.1,0.04,,True,,1000,10800,cats_arbitrary_g30b150,,False,CATS,150,arbitrary,MultiMinded,1000,MaxIter,1282.7999999999884,2082.3165,7,1694.51,536.65000000000009,1414.2250000000001,2178.9147634962351,1178.2425281917692,1210.0045756196221,1,30,43,1891,2851
69,30,32,LinearSubgradientAuction,0.1,0.04,,True,,1000,10800,cats_arbitrary_g30b150,,False,CATS,150,arbitrary,MultiMinded,1000,MaxIter,1304.3699999999953,2088.0744,6,1731.11,855.64499999999998,1167.6418,2395.5526467886766,881.38194070032137,883.10990515675894,1,30,20,1952,2942
70,30,33,LinearSubgradientAuction,0.1,0.04,,True,,1000,10800,cats_arbitrary_g30b150,,False,CATS,150,arbitrary,MultiMinded,1000,MaxIter,1370.7600000000093,2258.578,8,1454.94,617.26599999999996,1604.2959999999998,2664.0595595563823,1310.4810072384012,1311.2193080732964,1,30,41,2013,3033
71,30,33,LinearSubgradientAuction,0.1,0.04,,True,,1000,10800,cats_arbitrary_g30b150,,False,CATS,150,arbitrary,MultiMinded,1000,MaxIter,1385.2299999999814,2247.3372,6,1920.4,499.70499999999998,991.237,2534.0870363513181,844.32113179745272,849.71071881328464,1,30,22,2013,3033
72,30,39,LinearSubgradientAuction,0.1,0.04,,True,,1000,10800,cats_arbitrary_g30b150,,False,CATS,150,arbitrary,MultiMinded,1000,MaxIter,1649.7999999999884,2410.0175,1,1662.34,705.94000000000005,280.94,2581.1113803217731,0,2.2752239477234752,1,30,27,2379,3579
73,30,34,LinearSubgradientAuction,0.1,0.04,,True,,1000,10800,cats_arbitrary_g30b150,,False,CATS,150,arbitrary,MultiMinded,1000,MaxIter,1420.0199999999895,2015.5892,11,1380.57,479.64299999999997,1150.876,2319.377496080891,920.83012218241981,922.38056763832878,1,30,33,2074,3124
74,30,36,LinearSubgradientAuction,0.1,0.04,,True,,1000,10800,cats_arbitrary_g30b150,,False,CATS,150,arbitrary,MultiMinded,1000,MaxIter,1506.9400000000023,2042.097,6,1285.64,413.78699999999998,821.1356,2257.4646337151385,662.35726531880016,668.50641934515488,1,30,11,2196,3306
75,30,28,LinearSubgradientAuction,0.1,0.04,,True,,1000,10800,cats_arbitrary_g30b150,,False,CATS,150,arbitrary,MultiMinded,1000,MaxIter,1138.9800000000105,1952.3077,6,1522.4,797.30549999999994,273.836,2789.0296713989137,194.6453386137826,197.37150953976089,1,30,30,1708,2578
76,30,35,LinearSubgradientAuction,0.1,0.04,,True,,1000,10800,cats_arbitrary_g30b150,,False,CATS,150,arbitrary,MultiMinded,1000,MaxIter,1436.2200000000012,2241.3282000000004,3,1991.23,695.48000000000002,298.7138,2510.0052940424303,138.94917390108509,143.19138381351311,1,30,27,2135,3215
77,30,29,LinearSubgradientAuction,0.1,0.04,,True,,1000,10800,cats_arbitrary_g30b150,,False,CATS,150,arbitrary,MultiMinded,1000,MaxIter,1189.0100000000093,2086.98,6,1735.17,697.00749999999994,756.939,2360.223049265519,618.25461858840754,625.100047277557,1,30,18,1769,2669
78,30,34,LinearSubgradientAuction,0.1,0.04,,True,,1000,10800,cats_arbitrary_g30b150,,False,CATS,150,arbitrary,MultiMinded,1000,MaxIter,1418.7200000000012,2141.5101999999997,10,1833.54,620.51150000000007,1052.0151,2454.3360775931492,742.38723636969007,752.90690392996669,1,30,28,2074,3124
79,30,32,LinearSubgradientAuction,0.1,0.04,,True,,1000,10800,cats_arbitrary_g30b150,,False,CATS,150,arbitrary,MultiMinded,1000,MaxIter,1322.9500000000116,2182.6516,2,1753.74,722.10699999999997,1028.159,2747.3728885158839,197.28637589342597,255.46260943003375,1,30,27,1952,2942
80,30,31,LinearSubgradientAuction,0.1,0.04,,True,,1000,10800,cats_arbitrary_g30b150,,False,CATS,150,arbitrary,MultiMinded,1000,MaxIter,1271.8500000000058,2157.0797,6,1772.89,656.88249999999994,950.5457000000001,2421.8319847017247,486.16917620373437,496.46999678338227,1,30,14,1891,2851
81,30,31,LinearSubgradientAuction,0.1,0.04,,True,,1000,10800,cats_arbitrary_g30b150,,False,CATS,150,arbitrary,MultiMinded,1000,MaxIter,1261.7200000000012,1755.3018000000002,1,1603.71,647.50199999999995,443.675,2177.0205276699498,0,5.3565156064922483,1,30,30,1891,2851
82,30,34,LinearSubgradientAuction,0.1,0.04,,True,,1000,10800,cats_arbitrary_g30b150,,False,CATS,150,arbitrary,MultiMinded,1000,MaxIter,1399.070000000007,2385.8982,7,2112.36,790.75199999999995,1101.838,2664.4572352089867,727.28716917016732,792.12426969654507,1,30,22,2074,3124
83,30,32,LinearSubgradientAuction,0.1,0.04,,True,,1000,10800,cats_arbitrary_g30b150,,False,CATS,150,arbitrary,MultiMinded,1000,MaxIter,1324.1999999999825,2059.99,2,1826.87,768.11400000000003,783.873,2533.4572682884254,709.56104530614994,714.93565469761438,1,30,19,1952,2942
84,30,33,LinearSubgradientAuction,0.1,0.04,,True,,1000,10800,cats_arbitrary_g30b150,,False,CATS,150,arbitrary,MultiMinded,1000,MaxIter,1378.6000000000058,1978.9186000000002,11,1758.88,838.20399999999995,955.0609999999999,2437.0897087718645,640.2258197082383,640.2258197082383,1,30,41,2013,3033
85,30,33,LinearSubgradientAuction,0.1,0.04,,True,,1000,10800,cats_arbitrary_g30b150,,False,CATS,150,arbitrary,MultiMinded,1000,MaxIter,1394.1100000000151,2216.0256,11,2078.55,626.62099999999998,1683.4546000000003,2532.1207760419957,1358.3381631842938,1358.3381631842938,1,30,69,2013,3033
86,30,31,LinearSubgradientAuction,0.1,0.04,,True,,1000,10800,cats_arbitrary_g30b150,,False,CATS,150,arbitrary,MultiMinded,1000,MaxIter,1287.3299999999872,2283.532,1,1809.12,745.29950000000008,1377.39,2664.4018031503515,0,3.519475927877636,1,30,30,1891,2851
87,30,36,LinearSubgradientAuction,0.1,0.04,,True,,1000,10800,cats_arbitrary_g30b150,,False,CATS,150,arbitrary,MultiMinded,1000,MaxIter,1477.0500000000175,2522.6901999999995,10,2032.58,563.31899999999996,1637.1729,2901.2586630825344,1313.5591962642277,1313.5591962642277,1,30,43,2196,3306
88,30,35,LinearSubgradientAuction,0.1,0.04,,True,,1000,10800,cats_arbitrary_g30b150,,False,CATS,150,arbitrary,MultiMinded,1000,MaxIter,1473.5800000000163,2265.08,3,1820.47,452.93900000000002,924.579,2548.5066460629705,294.03646659118522,307.73608796123847,1,30,23,2135,3215
89,30,28,LinearSubgradientAuction,0.1,0.04,,True,,1000,10800,cats_arbitrary_g30b150,,False,CATS,150,arbitrary,MultiMinded,1000,MaxIter,1147.3000000000175,1895.8706000000002,1,1412.37,685.88149999999996,403.918,2188.4794248593835,0,2.6176972883788494,1,30,30,1708,2578
90,30,33,LinearSubgradientAuction,0.1,0.04,,True,,1000,10800,cats_arbitrary_g30b150,,False,CATS,150,arbitrary,MultiMinded,1000,MaxIter,1377.0899999999965,2397.1789,2,2224.82,593.16800000000001,1666.722,2617.1093858676231,253.84210347787149,275.31220580061319,1,30,25,2013,3033
91,30,32,LinearSubgradientAuction,0.1,0.04,,True,,1000,10800,cats_arbitrary_g30b150,,False,CATS,150,arbitrary,MultiMinded,1000,MaxIter,1323.8099999999977,2290.7259999999997,7,1825.1,529.46000000000004,1263.4439999999997,2604.4347513928719,1115.9734648841143,1115.9734648841143,1,30,43,1952,2942
92,30,31,LinearSubgradientAuction,0.1,0.04,,True,,1000,10800,cats_arbitrary_g30b150,,False,CATS,150,arbitrary,MultiMinded,1000,MaxIter,1269.0800000000163,1880.9630000000002,2,1586.58,901.44949999999994,291.757,2139.4145083120143,192.49872306010946,205.89055654599844,1,30,27,1891,2851
93,30,34,LinearSubgradientAuction,0.1,0.04,,True,,1000,10800,cats_arbitrary_g30b150,,False,CATS,150,arbitrary,MultiMinded,1000,MaxIter,1412.320000000007,1815.7306,2,1434.89,540.21100000000001,515.572,2000.1595231173267,245.98549265441642,264.27060923151498,1,30,24,2074,3124
94,30,36,LinearSubgradientAuction,0.1,0.04,,True,,1000,10800,cats_arbitrary_g30b150,,False,CATS,150,arbitrary,MultiMinded,1000,MaxIter,1510.1600000000035,2435.1574,3,2127.58,687.69500000000005,529.142,2745.7219479441524,388.98657600738761,394.19430181207855,1,30,25,2196,3306
95,30,32,LinearSubgradientAuction,0.1,0.04,,True,,1000,10800,cats_arbitrary_g30b150,,False,CATS,150,arbitrary,MultiMinded,1000,MaxIter,1311.4200000000128,2424.051,5,1933.55,792.75099999999998,1679.6785,2687.1905206809574,1114.5881688006871,1119.9389875706756,1,30,15,1952,2942
96,30,31,LinearSubgradientAuction,0.1,0.04,,True,,1000,10800,cats_arbitrary_g30b150,,False,CATS,150,arbitrary,MultiMinded,1000,MaxIter,1273.140000000014,1954.1625,1,1781.86,780.25699999999995,1781.86,2318.9292113086226,0,37.321755191121241,1,30,30,1891,2851
97,30,30,LinearSubgradientAuction,0.1,0.04,,True,,1000,10800,cats_arbitrary_g30b150,,False,CATS,150,arbitrary,MultiMinded,1000,MaxIter,1249.5500000000175,1794.66,3,1264.09,681.495,825.4839999999999,2153.8871820358268,263.47261600636784,274.76520448085398,1,30,19,1830,2760
98,30,32,LinearSubgradientAuction,0.1,0.04,,True,,1000,10800,cats_arbitrary_g30b150,,False,CATS,150,arbitrary,MultiMinded,1000,MaxIter,1323.2799999999988,2145.0272,4,2092.47,967.64100000000008,1110.78,2643.9123402070268,1022.6268560018472,1022.6268560018472,1,30,23,1952,2942
99,30,29,LinearSubgradientAuction,0.1,0.04,,True,,1000,10800,cats_arbitrary_g30b150,,False,CATS,150,arbitrary,MultiMinded,1000,MaxIter,1196.789999999979,2260.297,1,2093.42,648.17449999999997,256.737,2711.9910621407425,0,4.9436846513220871,1,30,30,1769,2669
100,30,37,LinearSubgradientAuction,0.1,0.04,,True,,1000,10800,cats_arbitrary_g30b150,,False,CATS,150,arbitrary,MultiMinded,1000,MaxIter,1524.2399999999907,2260.7916,1,1588.66,496.72000000000003,227.273,2423.1540844781616,0,9.0881914313211567,1,30,30,2257,3397
