idx,items,agents,auction_class,epsilon,stepc,epoch,scalebyvalue,reserve_type,maxiter,maxtime,generator_param_name,personalized,int_prices,generator,bids,distribution,type,rounds,status,runtime,efficient_value,final_num_winners,final_max_agent_value,final_scalevalue,final_value,final_total_price,final_revenue,final_indirect_util,final_price_degree,final_price_sparsity,final_imbalance,final_wd_nvars,final_wd_ncons
1,30,34,LinearSubgradientAuction,0.05,0.02,,True,,1000,10800,cats_arbitrary_g30b150,,False,CATS,150,arbitrary,MultiMinded,1000,MaxIter,1392.5999999999985,1985.8648,3,1958.65,585.33899999999994,628.4929999999999,2225.9439647960739,390.67304686943692,393.7241886599752,1,30,24,2074,3124
2,30,35,LinearSubgradientAuction,0.05,0.02,,True,,1000,10800,cats_arbitrary_g30b150,,False,CATS,150,arbitrary,MultiMinded,518,Balance,746.8499999999985,2197.79,1,2197.79,440.00599999999997,2197.79,2196.2649633820547,2174.2646633820546,2176.2007427082708,1,30,6,2135,3215
3,30,33,LinearSubgradientAuction,0.05,0.02,,True,,1000,10800,cats_arbitrary_g30b150,,False,CATS,150,arbitrary,MultiMinded,1000,MaxIter,1383.4600000000064,2537.724,8,1980.67,603.23800000000006,1121.428,2845.1812043349137,1037.2595393154149,1037.5739785114718,1,30,33,2013,3033
4,30,33,LinearSubgradientAuction,0.05,0.02,,True,,1000,10800,cats_arbitrary_g30b150,,False,CATS,150,arbitrary,MultiMinded,1000,MaxIter,1391.699999999997,2018.328,4,1780.26,501.12400000000002,501.87199999999996,2159.8555315300364,419.64638147635497,455.57591804114213,1,30,16,2013,3033
5,30,32,LinearSubgradientAuction,0.05,0.02,,True,,1000,10800,cats_arbitrary_g30b150,,False,CATS,150,arbitrary,MultiMinded,1000,MaxIter,1329.1399999999994,1876.8708299999998,7,1770.89,624.08600000000001,1459.674,2310.829168135177,1373.1783567800455,1373.1783567800455,1,30,41,1952,2942
6,30,33,LinearSubgradientAuction,0.05,0.02,,True,,1000,10800,cats_arbitrary_g30b150,,False,CATS,150,arbitrary,MultiMinded,1000,MaxIter,1398.6199999999953,2052.619,4,1672.04,727.22400000000005,1163.5399,2634.8742063470509,1055.00588578358,1064.7498527736896,1,30,19,2013,3033
7,30,30,LinearSubgradientAuction,0.05,0.02,,True,,1000,10800,cats_arbitrary_g30b150,,False,CATS,150,arbitrary,MultiMinded,1000,MaxIter,1234.2799999999988,2256.612,2,2088.18,661.12950000000001,1601.737,2654.3451743267069,103.27033352771574,116.83177629325681,1,30,27,1830,2760
8,30,35,LinearSubgradientAuction,0.05,0.02,,True,,1000,10800,cats_arbitrary_g30b150,,False,CATS,150,arbitrary,MultiMinded,1000,MaxIter,1445.0400000000081,1886.9858,5,1721.43,762.18450000000007,884.3638,2048.7206857228107,731.37848130181862,747.4932025335645,1,30,17,2135,3215
9,30,32,LinearSubgradientAuction,0.05,0.02,,True,,1000,10800,cats_arbitrary_g30b150,,False,CATS,150,arbitrary,MultiMinded,1000,MaxIter,1326.2099999999991,1903.7699,4,1559.25,844.62750000000005,1206.19,2198.5884620129518,308.37049169663231,321.6248576168112,1,30,21,1952,2942
10,30,36,LinearSubgradientAuction,0.05,0.02,,True,,1000,10800,cats_arbitrary_g30b150,,False,CATS,150,arbitrary,MultiMinded,1000,MaxIter,1487.3899999999994,2500.0740000000005,6,2217.68,621.28700000000003,1557.7959999999998,2747.7858203835954,999.77593097263673,1049.3248779619196,1,30,16,2196,3306
11,30,30,LinearSubgradientAuction,0.05,0.02,,True,,1000,10800,cats_arbitrary_g30b150,,False,CATS,150,arbitrary,MultiMinded,1000,MaxIter,1214.4400000000023,1868.241,7,1447.57,637.68550000000005,1024.465,2403.8692490731537,933.00021565470695,933.64238854808059,1,30,33,1830,2760
12,30,32,LinearSubgradientAuction,0.05,0.02,,True,,1000,10800,cats_arbitrary_g30b150,,False,CATS,150,arbitrary,MultiMinded,1000,MaxIter,1317.2100000000064,1629.6809799999999,1,1454.03,563.44500000000005,139.454,2043.1548880831465,0,0.68848807855988525,1,30,30,1952,2942
13,30,33,LinearSubgradientAuction,0.05,0.02,,True,,1000,10800,cats_arbitrary_g30b150,,False,CATS,150,arbitrary,MultiMinded,1000,MaxIter,1374.6399999999994,1977.1191,5,1667.86,707.56150000000002,553.9511,2228.9337594674703,449.61261643531753,457.33212073432782,1,30,19,2013,3033
14,30,33,LinearSubgradientAuction,0.05,0.02,,True,,1000,10800,cats_arbitrary_g30b150,,False,CATS,150,arbitrary,MultiMinded,1000,MaxIter,1385.3199999999924,2717.117,10,1791.51,726.46749999999997,1606.931,2898.1918247092608,1434.0129326400113,1447.3678883412463,1,30,44,2013,3033
15,30,30,LinearSubgradientAuction,0.05,0.02,,True,,1000,10800,cats_arbitrary_g30b150,,False,CATS,150,arbitrary,MultiMinded,1000,MaxIter,1247.8199999999924,2171.381,5,1868.55,921.70799999999997,1283.26,2676.9218106303779,1247.0976542792744,1247.0976542792744,1,30,43,1830,2760
16,30,34,LinearSubgradientAuction,0.05,0.02,,True,,1000,10800,cats_arbitrary_g30b150,,False,CATS,150,arbitrary,MultiMinded,1000,MaxIter,1415.1700000000128,2091.4660000000003,5,1581.43,466.154,1091.726,2352.0620843085408,1046.5040651717197,1068.4081847918933,1,30,19,2074,3124
17,30,32,LinearSubgradientAuction,0.05,0.02,,True,,1000,10800,cats_arbitrary_g30b150,,False,CATS,150,arbitrary,MultiMinded,1000,MaxIter,1324.479999999996,1828.406,7,1506.32,727.10699999999997,1145.3890000000001,2047.095848245013,1041.2988960033254,1041.7499875407088,1,30,38,1952,2942
18,30,33,LinearSubgradientAuction,0.05,0.02,,True,,1000,10800,cats_arbitrary_g30b150,,False,CATS,150,arbitrary,MultiMinded,1000,MaxIter,1396.5299999999988,2345.2870000000003,4,2117.29,776.08299999999997,1260.3180000000002,2629.1698850624243,1186.7178749471925,1186.9024493947827,1,30,19,2013,3033
19,30,34,LinearSubgradientAuction,0.05,0.02,,True,,1000,10800,cats_arbitrary_g30b150,,False,CATS,150,arbitrary,MultiMinded,1000,MaxIter,1421.199999999997,2287.142,6,1551.3,564.779,1075.007,2635.398083312431,960.95161770876109,964.78834912201819,1,30,18,2074,3124
20,30,34,LinearSubgradientAuction,0.05,0.02,,True,,1000,10800,cats_arbitrary_g30b150,,False,CATS,150,arbitrary,MultiMinded,1000,MaxIter,1388.5999999999913,1940.03319,7,1543.36,583.99600000000009,1369.802,2265.2689831234834,1289.1656026118617,1289.1656026118617,1,30,47,2074,3124
21,30,32,LinearSubgradientAuction,0.05,0.02,,True,,1000,10800,cats_arbitrary_g30b150,,False,CATS,150,arbitrary,MultiMinded,1000,MaxIter,1325.6899999999878,1599.0811999999999,4,1355.45,695.58449999999993,888.3932,2012.4070378908536,818.6975219655809,824.28044157738759,1,30,19,1952,2942
22,30,33,LinearSubgradientAuction,0.05,0.02,,True,,1000,10800,cats_arbitrary_g30b150,,False,CATS,150,arbitrary,MultiMinded,1000,MaxIter,1370.0599999999977,2282.8423000000003,1,1879.28,739.774,161.087,2505.4075419214032,0,2.5257214351009338,1,30,30,2013,3033
23,30,33,LinearSubgradientAuction,0.05,0.02,,True,,1000,10800,cats_arbitrary_g30b150,,False,CATS,150,arbitrary,MultiMinded,1000,MaxIter,1375.2100000000064,2403.9993,5,2044.82,717.20399999999995,1085.7522999999999,2856.5603432553435,993.55442069608159,995.29755209259679,1,30,13,2013,3033
24,30,30,LinearSubgradientAuction,0.05,0.02,,True,,1000,10800,cats_arbitrary_g30b150,,False,CATS,150,arbitrary,MultiMinded,1000,MaxIter,1216.8699999999953,2126.121,2,1969.43,482.00350000000003,186.865,2517.8615486274102,162.46335713934511,172.44466227707846,1,30,27,1830,2760
25,30,29,LinearSubgradientAuction,0.05,0.02,,True,,1000,10800,cats_arbitrary_g30b150,,False,CATS,150,arbitrary,MultiMinded,1000,MaxIter,1204.0199999999895,1852.1607,3,1764.81,936.35900000000004,1399.1019999999999,2270.4137374442744,1042.8497683564469,1047.6037732211573,1,30,16,1769,2669
26,30,39,LinearSubgradientAuction,0.05,0.02,,True,,1000,10800,cats_arbitrary_g30b150,,False,CATS,150,arbitrary,MultiMinded,1000,MaxIter,1625.5899999999965,2465.4804,6,1489.25,632.89699999999993,1025.364,2559.9036802148607,936.12485007629357,937.24721630284716,1,30,25,2379,3579
27,30,29,LinearSubgradientAuction,0.05,0.02,,True,,1000,10800,cats_arbitrary_g30b150,,False,CATS,150,arbitrary,MultiMinded,1000,MaxIter,1193.409999999989,2275.4269999999997,4,1932.93,759.11900000000003,389.134,2675.9604671379138,314.22189512352304,318.116286456485,1,30,13,1769,2669
28,30,31,LinearSubgradientAuction,0.05,0.02,,True,,1000,10800,cats_arbitrary_g30b150,,False,CATS,150,arbitrary,MultiMinded,1000,MaxIter,1276.6100000000006,2301.5724,3,1458.94,613.274,649.7894,2448.9098011015913,588.44572097426351,606.36226963429351,1,30,23,1891,2851
29,30,29,LinearSubgradientAuction,0.05,0.02,,True,,1000,10800,cats_arbitrary_g30b150,,False,CATS,150,arbitrary,MultiMinded,1000,MaxIter,1199.7599999999948,2007.782,7,1669.06,662.85299999999995,1065.744,2266.5431833201319,968.65738508217601,971.61621014727803,1,30,19,1769,2669
30,30,35,LinearSubgradientAuction,0.05,0.02,,True,,1000,10800,cats_arbitrary_g30b150,,False,CATS,150,arbitrary,MultiMinded,1000,MaxIter,1464.8500000000058,2161.8298999999997,2,1539.73,524.54999999999995,744.188,2413.56890040807,215.16365417362348,216.52187306508876,1,30,27,2135,3215
31,30,32,LinearSubgradientAuction,0.05,0.02,,True,,1000,10800,cats_arbitrary_g30b150,,False,CATS,150,arbitrary,MultiMinded,1000,MaxIter,1328.5699999999924,2453.359,2,1724.13,512.56299999999999,1066.016,2677.1486200707186,82.279872087396086,101.82428535147315,1,30,28,1952,2942
32,30,34,LinearSubgradientAuction,0.05,0.02,,True,,1000,10800,cats_arbitrary_g30b150,,False,CATS,150,arbitrary,MultiMinded,1000,MaxIter,1411.949999999997,1818.8858,4,1643.98,574.70600000000002,302.701,2203.9050892800028,245.386019527207,245.71398649349388,1,30,21,2074,3124
33,30,33,LinearSubgradientAuction,0.05,0.02,,True,,1000,10800,cats_arbitrary_g30b150,,False,CATS,150,arbitrary,MultiMinded,1000,MaxIter,1359.7799999999988,1944.8153000000002,10,1618.49,617.12249999999995,846.0515,2193.0794916832388,728.67645044552842,728.67645044552842,1,30,38,2013,3033
34,30,31,LinearSubgradientAuction,0.05,0.02,,True,,1000,10800,cats_arbitrary_g30b150,,False,CATS,150,arbitrary,MultiMinded,1000,MaxIter,1265.2599999999948,2467.5019,1,2102.79,578.16200000000003,1544.32,2772.5626068807724,0,0.98338071286053719,1,30,29,1891,2851
35,30,32,LinearSubgradientAuction,0.05,0.02,,True,,1000,10800,cats_arbitrary_g30b150,,False,CATS,150,arbitrary,MultiMinded,1000,MaxIter,1307.390000000014,2108.201,8,1910.3,506.57900000000001,1316.4047,2449.0366024817931,1227.1088121200773,1227.1088121200773,1,30,95,1952,2942
36,30,35,LinearSubgradientAuction,0.05,0.02,,True,,1000,10800,cats_arbitrary_g30b150,,False,CATS,150,arbitrary,MultiMinded,1000,MaxIter,1450.6100000000006,1942.8097999999998,2,1649.39,704.06799999999998,855.5519999999999,2128.9674176546741,329.64018926007191,333.41556486232548,1,30,27,2135,3215
37,30,33,LinearSubgradientAuction,0.05,0.02,,True,,1000,10800,cats_arbitrary_g30b150,,False,CATS,150,arbitrary,MultiMinded,1000,MaxIter,1392.5099999999948,1975.334,3,1881.03,532.89949999999999,796.2740000000001,2286.9884387598709,742.70292077722615,750.90952260670383,1,30,20,2013,3033
38,30,32,LinearSubgradientAuction,0.05,0.02,,True,,1000,10800,cats_arbitrary_g30b150,,False,CATS,150,arbitrary,MultiMinded,1000,MaxIter,1326.3899999999994,2501.4829999999997,3,2312.06,839.32600000000002,902.144,2930.1321654640642,553.64410414595534,574.54934269106229,1,30,21,1952,2942
39,30,34,LinearSubgradientAuction,0.05,0.02,,True,,1000,10800,cats_arbitrary_g30b150,,False,CATS,150,arbitrary,MultiMinded,1000,MaxIter,1418.429999999993,2311.536,2,2186.45,533.95749999999998,2186.45,2641.2828165231658,2160.7879916523516,2161.2120367098869,1,30,8,2074,3124
40,30,31,LinearSubgradientAuction,0.05,0.02,,True,,1000,10800,cats_arbitrary_g30b150,,False,CATS,150,arbitrary,MultiMinded,1000,MaxIter,1279.6800000000076,1922.01,7,1548.35,753.33299999999997,1280.9333,2126.7103029567338,1117.5943867062338,1119.9637762517821,1,30,15,1891,2851
41,30,32,LinearSubgradientAuction,0.05,0.02,,True,,1000,10800,cats_arbitrary_g30b150,,False,CATS,150,arbitrary,MultiMinded,1000,MaxIter,1309.5,1899.3063,4,1626.29,567.45299999999997,1127.749,2231.6981874499461,645.62041947021271,649.30734493678904,1,30,20,1952,2942
42,30,35,LinearSubgradientAuction,0.05,0.02,,True,,1000,10800,cats_arbitrary_g30b150,,False,CATS,150,arbitrary,MultiMinded,1000,MaxIter,1463.4600000000064,2374.3837000000003,5,1682.91,707.67899999999997,893.083,2823.3935525174174,824.57691987262353,831.03574168820012,1,30,21,2135,3215
43,30,36,LinearSubgradientAuction,0.05,0.02,,True,,1000,10800,cats_arbitrary_g30b150,,False,CATS,150,arbitrary,MultiMinded,1000,MaxIter,1506.9699999999866,2385.76,3,2385.76,501.80000000000001,938.3186000000001,2526.0989544315407,446.63037385607208,482.34538803693317,1,30,23,2196,3306
44,30,35,LinearSubgradientAuction,0.05,0.02,,True,,1000,10800,cats_arbitrary_g30b150,,False,CATS,150,arbitrary,MultiMinded,1000,MaxIter,1434.8800000000047,2079.9506999999994,7,1845.76,468.2165,1350.1819999999998,2263.0562778030467,1113.3042519003741,1117.1906873418368,1,30,15,2135,3215
45,30,30,LinearSubgradientAuction,0.05,0.02,,True,,1000,10800,cats_arbitrary_g30b150,,False,CATS,150,arbitrary,MultiMinded,1000,MaxIter,1225.2899999999936,1973.4939,10,1684.69,518.44550000000004,1054.8609000000001,2275.9581099956799,927.80983766051179,955.55388625445028,1,30,25,1830,2760
46,30,33,LinearSubgradientAuction,0.05,0.02,,True,,1000,10800,cats_arbitrary_g30b150,,False,CATS,150,arbitrary,MultiMinded,1000,MaxIter,1362.4199999999983,2174.927,5,1703.31,577.08699999999999,1097.5349999999999,2473.7425860962717,998.6081761053257,1044.2100452086145,1,30,22,2013,3033
47,30,36,LinearSubgradientAuction,0.05,0.02,,True,,1000,10800,cats_arbitrary_g30b150,,False,CATS,150,arbitrary,MultiMinded,1000,MaxIter,1505.590000000011,2134.903,3,1579.3,488.0025,1246.952,2433.3776192164082,430.00783607590637,433.11015456253938,1,30,16,2196,3306
48,30,36,LinearSubgradientAuction,0.05,0.02,,True,,1000,10800,cats_arbitrary_g30b150,,False,CATS,150,arbitrary,MultiMinded,1000,MaxIter,1494.7000000000116,2120.0323,4,1723.29,500.82099999999997,968.5262,2276.7557365827547,893.12256285831222,899.80010802048321,1,30,17,2196,3306
49,30,32,LinearSubgradientAuction,0.05,0.02,,True,,1000,10800,cats_arbitrary_g30b150,,False,CATS,150,arbitrary,MultiMinded,1000,MaxIter,1327.5299999999988,1825.5846,10,1448.16,458.54599999999999,535.583,2113.5479311851386,469.22827786970487,472.48614838234391,1,30,51,1952,2942
50,30,32,LinearSubgradientAuction,0.05,0.02,,True,,1000,10800,cats_arbitrary_g30b150,,False,CATS,150,arbitrary,MultiMinded,1000,MaxIter,1325.6600000000035,2387.589,1,2137.71,881.64700000000005,779.822,2522.9477549949015,0,0.0,1,30,30,1952,2942
51,30,31,LinearSubgradientAuction,0.05,0.02,,True,,1000,10800,cats_arbitrary_g30b150,,False,CATS,150,arbitrary,MultiMinded,1000,MaxIter,1280.8300000000017,2404.514,2,2207.65,681.84050000000002,1168.506,2781.7158375152621,335.48714875098239,502.33823664648571,1,30,22,1891,2851
52,30,34,LinearSubgradientAuction,0.05,0.02,,True,,1000,10800,cats_arbitrary_g30b150,,False,CATS,150,arbitrary,MultiMinded,1000,MaxIter,1421.6100000000006,2070.7699000000002,4,1761.92,837.09500000000003,558.929,2360.8151213723027,476.93390803355641,480.52213717237538,1,30,21,2074,3124
53,30,34,LinearSubgradientAuction,0.05,0.02,,True,,1000,10800,cats_arbitrary_g30b150,,False,CATS,150,arbitrary,MultiMinded,1000,MaxIter,1401.4600000000064,1944.8844,5,1588.82,654.95799999999997,1400.3632,2119.5776464560513,1226.1760138017426,1273.360240032913,1,30,7,2074,3124
54,30,30,LinearSubgradientAuction,0.05,0.02,,True,,1000,10800,cats_arbitrary_g30b150,,False,CATS,150,arbitrary,MultiMinded,1000,MaxIter,1243.949999999997,2678.4509,11,2281.57,746.976,1031.9009,3027.7176318628576,892.22767340256348,892.22767340256348,1,30,74,1830,2760
55,30,31,LinearSubgradientAuction,0.05,0.02,,True,,1000,10800,cats_arbitrary_g30b150,,False,CATS,150,arbitrary,MultiMinded,1000,MaxIter,1283.409999999989,2211.653,1,1943.48,726.06700000000001,119.11,2435.1497870404137,0,2.228176318067753,1,30,29,1891,2851
56,30,29,LinearSubgradientAuction,0.05,0.02,,True,,1000,10800,cats_arbitrary_g30b150,,False,CATS,150,arbitrary,MultiMinded,1000,MaxIter,1182.9700000000012,2093.229,1,1877.5,714.9369999999999,1048.37,2193.7470261974013,0,0.43555272903009268,1,30,30,1769,2669
57,30,31,LinearSubgradientAuction,0.05,0.02,,True,,1000,10800,cats_arbitrary_g30b150,,False,CATS,150,arbitrary,MultiMinded,1000,MaxIter,1260.3600000000006,2015.9576000000002,3,1667.14,591.51199999999994,894.592,2342.0626013718961,834.49089198702507,837.30845651503103,1,30,18,1891,2851
58,30,33,LinearSubgradientAuction,0.05,0.02,,True,,1000,10800,cats_arbitrary_g30b150,,False,CATS,150,arbitrary,MultiMinded,1000,MaxIter,1367.5899999999965,2213.6252,4,1937.47,893.10799999999995,816.8545,2576.7359930471944,726.69384038211035,728.85411092900677,1,30,17,2013,3033
59,30,31,LinearSubgradientAuction,0.05,0.02,,True,,1000,10800,cats_arbitrary_g30b150,,False,CATS,150,arbitrary,MultiMinded,1000,MaxIter,1283.5099999999948,2195.5229,1,1710.57,782.62599999999998,200.829,2696.1268229259017,0,5.6083841475428358,1,30,30,1891,2851
60,30,36,LinearSubgradientAuction,0.05,0.02,,True,,1000,10800,cats_arbitrary_g30b150,,False,CATS,150,arbitrary,MultiMinded,1000,MaxIter,1512.7100000000064,1802.554,10,1574.08,671.95349999999996,1152.4156,2044.5002306303932,957.17773725310587,957.22210190968633,1,30,53,2196,3306
61,30,33,LinearSubgradientAuction,0.05,0.02,,True,,1000,10800,cats_arbitrary_g30b150,,False,CATS,150,arbitrary,MultiMinded,1000,MaxIter,1388.7599999999948,1724.4375,7,1339.03,584.49199999999996,1195.339,2018.404059416936,1119.2580132321059,1119.2580132321059,1,30,75,2013,3033
62,30,36,LinearSubgradientAuction,0.05,0.02,,True,,1000,10800,cats_arbitrary_g30b150,,False,CATS,150,arbitrary,MultiMinded,1000,MaxIter,1494.7699999999895,2437.0683000000004,2,1933.61,814.90999999999997,299.534,2647.4275588106448,134.49610612906483,144.94142190446107,1,30,26,2196,3306
63,30,34,LinearSubgradientAuction,0.05,0.02,,True,,1000,10800,cats_arbitrary_g30b150,,False,CATS,150,arbitrary,MultiMinded,1000,MaxIter,1409.8800000000047,2003.24,3,2003.24,494.63999999999999,543.33,2409.5726421592381,493.42460222532429,498.03328307362631,1,30,23,2074,3124
64,30,34,LinearSubgradientAuction,0.05,0.02,,True,,1000,10800,cats_arbitrary_g30b150,,False,CATS,150,arbitrary,MultiMinded,1000,MaxIter,1418.37999999999,2039.0195999999999,2,1809.03,585.17600000000004,273.652,2337.9474603734625,244.01223164002971,246.22709794755968,1,30,28,2074,3124
65,30,36,LinearSubgradientAuction,0.05,0.02,,True,,1000,10800,cats_arbitrary_g30b150,,False,CATS,150,arbitrary,MultiMinded,1000,MaxIter,1488.1500000000087,1894.2412000000002,5,1377.42,663.9670000000001,722.213,2101.4407223935555,622.39053096405303,629.13503004031077,1,30,18,2196,3306
66,30,33,LinearSubgradientAuction,0.05,0.02,,True,,1000,10800,cats_arbitrary_g30b150,,False,CATS,150,arbitrary,MultiMinded,1000,MaxIter,1395.4700000000012,2454.29,2,2454.29,522.13300000000004,291.279,2562.785170386966,206.68893424545797,266.42522706966952,1,30,28,2013,3033
67,30,31,LinearSubgradientAuction,0.05,0.02,,True,,1000,10800,cats_arbitrary_g30b150,,False,CATS,150,arbitrary,MultiMinded,1000,MaxIter,1271.270000000004,2341.4958,4,2017.46,785.07600000000002,718.4228,2873.329600449068,599.20211701370044,620.63229157482431,1,30,21,1891,2851
68,30,31,LinearSubgradientAuction,0.05,0.02,,True,,1000,10800,cats_arbitrary_g30b150,,False,CATS,150,arbitrary,MultiMinded,1000,MaxIter,1284.4400000000023,2082.3165,3,1694.51,536.65000000000009,736.7165,2160.2680112306657,683.79050184062964,717.86706376126119,1,30,21,1891,2851
69,30,32,LinearSubgradientAuction,0.05,0.02,,True,,1000,10800,cats_arbitrary_g30b150,,False,CATS,150,arbitrary,MultiMinded,1000,MaxIter,1305.0299999999988,2088.0744,7,1731.11,855.64499999999998,666.1067,2399.2682229177826,503.55030377357377,503.55030377357377,1,30,28,1952,2942
70,30,33,LinearSubgradientAuction,0.05,0.02,,True,,1000,10800,cats_arbitrary_g30b150,,False,CATS,150,arbitrary,MultiMinded,1000,MaxIter,1364.8600000000006,2258.578,7,1454.94,617.26599999999996,1928.504,2657.7510321113377,1809.2228497869833,1809.6610893511543,1,30,28,2013,3033
71,30,33,LinearSubgradientAuction,0.05,0.02,,True,,1000,10800,cats_arbitrary_g30b150,,False,CATS,150,arbitrary,MultiMinded,1000,MaxIter,1383.979999999996,2247.3372,1,1920.4,499.70499999999998,1321.84,2536.9524856664107,0,1.4335821682490177,1,30,30,2013,3033
72,30,39,LinearSubgradientAuction,0.05,0.02,,True,,1000,10800,cats_arbitrary_g30b150,,False,CATS,150,arbitrary,MultiMinded,1000,MaxIter,1640.479999999996,2410.0175,3,1662.34,705.94000000000005,915.7463,2558.0423529427226,465.47558084826517,473.21589375212443,1,30,22,2379,3579
73,30,34,LinearSubgradientAuction,0.05,0.02,,True,,1000,10800,cats_arbitrary_g30b150,,False,CATS,150,arbitrary,MultiMinded,1000,MaxIter,1415.0,2015.5892,12,1380.57,479.64299999999997,1448.433,2300.1927964558508,1291.5066931142308,1312.8588284276891,1,30,57,2074,3124
74,30,36,LinearSubgradientAuction,0.05,0.02,,True,,1000,10800,cats_arbitrary_g30b150,,False,CATS,150,arbitrary,MultiMinded,1000,MaxIter,1498.270000000004,2042.097,14,1285.64,413.78699999999998,964.8276000000001,2273.3291135859267,866.42382503010583,866.78533320870179,1,30,56,2196,3306
75,30,28,LinearSubgradientAuction,0.05,0.02,,True,,1000,10800,cats_arbitrary_g30b150,,False,CATS,150,arbitrary,MultiMinded,1000,MaxIter,1142.4100000000035,1952.3077,4,1522.4,797.30549999999994,1523.696,2780.0717924295409,1443.9618184149886,1446.3432728006183,1,30,20,1708,2578
76,30,35,LinearSubgradientAuction,0.05,0.02,,True,,1000,10800,cats_arbitrary_g30b150,,False,CATS,150,arbitrary,MultiMinded,1000,MaxIter,1463.800000000003,2241.3282000000004,10,1991.23,695.48000000000002,1768.986,2507.2849235661665,1531.2992750210506,1531.9937670140848,1,30,23,2135,3215
77,30,29,LinearSubgradientAuction,0.05,0.02,,True,,1000,10800,cats_arbitrary_g30b150,,False,CATS,150,arbitrary,MultiMinded,1000,MaxIter,1182.590000000011,2086.98,2,1735.17,697.00749999999994,803.3679999999999,2357.0961654603384,375.03441242109193,380.24280851078692,1,30,22,1769,2669
78,30,34,LinearSubgradientAuction,0.05,0.02,,True,,1000,10800,cats_arbitrary_g30b150,,False,CATS,150,arbitrary,MultiMinded,1000,MaxIter,1395.2800000000134,2141.5101999999997,8,1833.54,620.51150000000007,1486.7252,2441.9754000105499,1321.0469465578649,1334.4058328916108,1,30,15,2074,3124
79,30,32,LinearSubgradientAuction,0.05,0.02,,True,,1000,10800,cats_arbitrary_g30b150,,False,CATS,150,arbitrary,MultiMinded,1000,MaxIter,1332.1499999999942,2182.6516,9,1753.74,722.10699999999997,1163.8829999999998,2771.9015024825658,997.77995720518788,1022.4620979508015,1,30,30,1952,2942
80,30,31,LinearSubgradientAuction,0.05,0.02,,True,,1000,10800,cats_arbitrary_g30b150,,False,CATS,150,arbitrary,MultiMinded,1000,MaxIter,1284.2099999999919,2157.0797,3,1772.89,656.88249999999994,831.88,2430.5019793062984,761.6592992285324,766.84067896723172,1,30,21,1891,2851
81,30,31,LinearSubgradientAuction,0.05,0.02,,True,,1000,10800,cats_arbitrary_g30b150,,False,CATS,150,arbitrary,MultiMinded,1000,MaxIter,1261.5399999999936,1755.3018000000002,6,1603.71,647.50199999999995,1004.3543400000001,2170.8031462499648,921.51778021094265,924.29901265223634,1,30,14,1891,2851
82,30,34,LinearSubgradientAuction,0.05,0.02,,True,,1000,10800,cats_arbitrary_g30b150,,False,CATS,150,arbitrary,MultiMinded,1000,MaxIter,1392.3099999999977,2385.8982,9,2112.36,790.75199999999995,1867.078,2675.4594405529069,1625.1465517401539,1682.4005740891034,1,30,64,2074,3124
83,30,32,LinearSubgradientAuction,0.05,0.02,,True,,1000,10800,cats_arbitrary_g30b150,,False,CATS,150,arbitrary,MultiMinded,1000,MaxIter,1324.340000000011,2059.99,2,1826.87,768.11400000000003,1704.402,2532.0463170160806,877.37399866967792,884.457131105249,1,30,17,1952,2942
84,30,33,LinearSubgradientAuction,0.05,0.02,,True,,1000,10800,cats_arbitrary_g30b150,,False,CATS,150,arbitrary,MultiMinded,1000,MaxIter,1386.1900000000023,1978.9186000000002,3,1758.88,838.20399999999995,419.244,2392.3652503417329,333.93191633981496,348.73059552775294,1,30,25,2013,3033
85,30,33,LinearSubgradientAuction,0.05,0.02,,True,,1000,10800,cats_arbitrary_g30b150,,False,CATS,150,arbitrary,MultiMinded,1000,MaxIter,1389.4800000000105,2216.0256,4,2078.55,626.62099999999998,1259.9750000000001,2485.4895860566944,1166.2111466544882,1170.4833296324425,1,30,21,2013,3033
86,30,31,LinearSubgradientAuction,0.05,0.02,,True,,1000,10800,cats_arbitrary_g30b150,,False,CATS,150,arbitrary,MultiMinded,1000,MaxIter,1281.2400000000052,2283.532,2,1809.12,745.29950000000008,621.932,2654.4419108846869,583.27546282132721,585.20486102258417,1,30,23,1891,2851
87,30,36,LinearSubgradientAuction,0.05,0.02,,True,,1000,10800,cats_arbitrary_g30b150,,False,CATS,150,arbitrary,MultiMinded,1000,MaxIter,1503.6300000000047,2522.6901999999995,4,2032.58,563.31899999999996,1061.9134,2876.4839337552439,976.84454248504824,989.83615266207744,1,30,20,2196,3306
88,30,35,LinearSubgradientAuction,0.05,0.02,,True,,1000,10800,cats_arbitrary_g30b150,,False,CATS,150,arbitrary,MultiMinded,1000,MaxIter,1444.3300000000017,2265.08,2,1820.47,452.93900000000002,978.4770000000001,2557.5728938399739,221.63478986665208,224.68283059613626,1,30,28,2135,3215
89,30,28,LinearSubgradientAuction,0.05,0.02,,True,,1000,10800,cats_arbitrary_g30b150,,False,CATS,150,arbitrary,MultiMinded,1000,MaxIter,1153.3300000000017,1895.8706000000002,9,1412.37,685.88149999999996,1415.1776,2178.5047936940709,1285.6328870231453,1285.6335780020356,1,30,45,1708,2578
90,30,33,LinearSubgradientAuction,0.05,0.02,,True,,1000,10800,cats_arbitrary_g30b150,,False,CATS,150,arbitrary,MultiMinded,1000,MaxIter,1390.699999999997,2397.1789,8,2224.82,593.16800000000001,922.564,2640.0145236492463,836.66686128055062,839.18920920258734,1,30,52,2013,3033
91,30,32,LinearSubgradientAuction,0.05,0.02,,True,,1000,10800,cats_arbitrary_g30b150,,False,CATS,150,arbitrary,MultiMinded,1000,MaxIter,1333.6000000000058,2290.7259999999997,2,1825.1,529.46000000000004,529.17,2593.5507278138352,503.07100627901485,508.27005404965774,1,30,20,1952,2942
92,30,31,LinearSubgradientAuction,0.05,0.02,,True,,1000,10800,cats_arbitrary_g30b150,,False,CATS,150,arbitrary,MultiMinded,1000,MaxIter,1271.199999999997,1880.9630000000002,4,1586.58,901.44949999999994,631.4459999999999,2129.9239361387827,235.51319777769851,248.11426367718195,1,30,23,1891,2851
93,30,34,LinearSubgradientAuction,0.05,0.02,,True,,1000,10800,cats_arbitrary_g30b150,,False,CATS,150,arbitrary,MultiMinded,1000,MaxIter,1390.9400000000023,1815.7306,5,1434.89,540.21100000000001,1743.2409999999998,2003.0747821376581,1633.5400635442393,1636.9366148139366,1,30,6,2074,3124
94,30,36,LinearSubgradientAuction,0.05,0.02,,True,,1000,10800,cats_arbitrary_g30b150,,False,CATS,150,arbitrary,MultiMinded,1000,MaxIter,1484.1399999999994,2435.1574,2,2127.58,687.69500000000005,399.231,2740.7629517346209,364.75549240488772,367.16797172808202,1,30,24,2196,3306
95,30,32,LinearSubgradientAuction,0.05,0.02,,True,,1000,10800,cats_arbitrary_g30b150,,False,CATS,150,arbitrary,MultiMinded,1000,MaxIter,1326.6800000000076,2424.051,4,1933.55,792.75099999999998,957.809,2683.3356513877093,878.52406524455398,885.9304371573254,1,30,16,1952,2942
96,30,31,LinearSubgradientAuction,0.05,0.02,,True,,1000,10800,cats_arbitrary_g30b150,,False,CATS,150,arbitrary,MultiMinded,1000,MaxIter,1277.409999999989,1954.1625,1,1781.86,780.25699999999995,1781.86,2323.170740256202,0,24.400642359154489,1,30,30,1891,2851
97,30,30,LinearSubgradientAuction,0.05,0.02,,True,,1000,10800,cats_arbitrary_g30b150,,False,CATS,150,arbitrary,MultiMinded,1000,MaxIter,1236.3500000000058,1794.66,3,1264.09,681.495,937.073,2149.6050640497206,598.74342573079571,611.95707277524662,1,30,22,1830,2760
98,30,32,LinearSubgradientAuction,0.05,0.02,,True,,1000,10800,cats_arbitrary_g30b150,,False,CATS,150,arbitrary,MultiMinded,1000,MaxIter,1334.479999999996,2145.0272,1,2092.47,967.64100000000008,734.082,2626.1444447307376,0,26.294436455988915,1,30,30,1952,2942
99,30,29,LinearSubgradientAuction,0.05,0.02,,True,,1000,10800,cats_arbitrary_g30b150,,False,CATS,150,arbitrary,MultiMinded,1000,MaxIter,1195.5600000000122,2260.297,2,2093.42,648.17449999999997,560.556,2696.8768240439385,528.30790844491617,536.52026644395198,1,30,19,1769,2669
100,30,37,LinearSubgradientAuction,0.05,0.02,,True,,1000,10800,cats_arbitrary_g30b150,,False,CATS,150,arbitrary,MultiMinded,1000,MaxIter,1548.9600000000064,2260.7916,4,1588.66,496.72000000000003,319.9866,2420.2627924673943,244.84985503617662,255.98035651179461,1,30,26,2257,3397
