idx,items,agents,auction_class,epsilon,stepc,epoch,scalebyvalue,reserve_type,maxiter,maxtime,generator_param_name,personalized,int_prices,generator,bids,distribution,type,rounds,status,runtime,efficient_value,final_num_winners,final_max_agent_value,final_scalevalue,final_value,final_total_price,final_revenue,final_indirect_util,final_price_degree,final_price_sparsity,final_imbalance,final_wd_nvars,final_wd_ncons
1,10,14,LinearHeuristicAuction,0.2,0.02,,True,,1000,10800,cats_arbitrary_g10b50,,False,CATS,50,arbitrary,MultiMinded,6,Balance,0.2000000000007276,793.971,1,793.971,469.322,793.971,881.31774912083586,787.45334912083581,814.28370354483252,1,10,15,33,24
2,10,17,LinearHeuristicAuction,0.2,0.02,,True,,1000,10800,cats_arbitrary_g10b50,,False,CATS,50,arbitrary,MultiMinded,1000,MaxIter,36.69000000000233,890.9177,2,838.462,457.63549999999998,626.1020000000001,980.76356109408948,105.63658594370266,116.74198457529722,1,10,23,40,27
3,10,13,LinearHeuristicAuction,0.2,0.02,,True,,1000,10800,cats_arbitrary_g10b50,,False,CATS,50,arbitrary,MultiMinded,88,Balance,2.9799999999995634,689.11,1,689.11,373.73599999999999,689.11,762.42054673162113,687.67334673162111,700.68932677776502,1,10,35,32,23
4,10,17,LinearHeuristicAuction,0.2,0.02,,True,,1000,10800,cats_arbitrary_g10b50,,False,CATS,50,arbitrary,MultiMinded,5,Balance,0.18000000000029104,673.823,1,673.823,310.16499999999996,673.823,729.62693216076252,667.59393216076251,695.05390772638782,1,10,14,38,27
5,10,13,LinearHeuristicAuction,0.2,0.02,,True,,1000,10800,cats_arbitrary_g10b50,,False,CATS,50,arbitrary,MultiMinded,3,Balance,0.09000000000014552,758.773,1,758.773,337.48050000000001,758.773,676.20135007368503,608.70525007368508,879.35708974073839,1,10,34,19,23
6,10,14,LinearHeuristicAuction,0.2,0.02,,True,,1000,10800,cats_arbitrary_g10b50,,False,CATS,50,arbitrary,MultiMinded,36,Balance,1.2299999999995634,841.028,2,744.08,361.97500000000002,828.851,802.59001023942869,657.80001023942873,783.39079844848857,1,10,29,31,24
7,10,16,LinearHeuristicAuction,0.2,0.02,,True,,1000,10800,cats_arbitrary_g10b50,,False,CATS,50,arbitrary,MultiMinded,7,Balance,0.22999999999956344,859.6020000000001,2,710.786,293.07349999999997,746.4200000000001,776.1277583866148,658.89835838661486,736.54114294325404,1,10,18,33,26
8,10,14,LinearHeuristicAuction,0.2,0.02,,True,,1000,10800,cats_arbitrary_g10b50,,False,CATS,50,arbitrary,MultiMinded,9,Balance,0.3100000000013097,556.7090000000001,1,486.526,246.58600000000001,486.526,531.5234332546122,482.20623325461219,581.15605119758175,1,10,28,30,24
9,10,20,LinearHeuristicAuction,0.2,0.02,,True,,1000,10800,cats_arbitrary_g10b50,,False,CATS,50,arbitrary,MultiMinded,444,Balance,16.94000000000233,650.389,2,411.483,212.66149999999999,650.389,649.66399470693341,564.59939470693337,565.64823958106751,1,10,5,46,30
10,10,16,LinearHeuristicAuction,0.2,0.02,,True,,1000,10800,cats_arbitrary_g10b50,,False,CATS,50,arbitrary,MultiMinded,5,Balance,0.18000000000029104,974.512,1,974.512,305.01999999999998,974.512,931.39465289446559,870.39065289446557,1008.514775035131,1,10,18,33,26
11,10,18,LinearHeuristicAuction,0.2,0.02,,True,,1000,10800,cats_arbitrary_g10b50,,False,CATS,50,arbitrary,MultiMinded,33,Balance,1.2000000000007276,903.4137000000001,5,690.32,184.28,903.4137000000001,802.08503492451257,617.8050349245126,755.60820550720393,1,10,5,42,28
12,10,18,LinearHeuristicAuction,0.2,0.02,,True,,1000,10800,cats_arbitrary_g10b50,,False,CATS,50,arbitrary,MultiMinded,9,Balance,0.3600000000005821,476.0346,2,416.605,211.79050000000001,476.0346,502.30851892950812,417.59231892950811,436.69448123450559,1,10,24,35,28
13,10,14,LinearHeuristicAuction,0.2,0.02,,True,,1000,10800,cats_arbitrary_g10b50,,False,CATS,50,arbitrary,MultiMinded,4,Balance,0.12999999999738066,761.647,1,761.647,337.08749999999998,761.647,729.08891072761276,661.67141072761274,780.36271810856817,1,10,14,26,24
14,10,14,LinearHeuristicAuction,0.2,0.02,,True,,1000,10800,cats_arbitrary_g10b50,,False,CATS,50,arbitrary,MultiMinded,147,Balance,5.31000000000131,1115.4950000000001,2,880.107,393.411,1115.4950000000001,1027.6318995569745,870.2674995569746,958.3535509020021,1,10,4,39,24
15,10,12,LinearHeuristicAuction,0.2,0.02,,True,,1000,10800,cats_arbitrary_g10b50,,False,CATS,50,arbitrary,MultiMinded,634,Balance,20.610000000000582,871.33,1,871.33,381.12349999999998,871.33,871.16038240014382,794.93568240014383,795.91844901912805,1,10,15,27,22
16,10,14,LinearHeuristicAuction,0.2,0.02,,True,,1000,10800,cats_arbitrary_g10b50,,False,CATS,50,arbitrary,MultiMinded,7,Balance,0.23000000000320142,779.7001,2,571.996,300.363,765.053,700.06717115322408,579.92197115322404,741.16028541223068,1,10,8,33,24
17,10,13,LinearHeuristicAuction,0.2,0.02,,True,,1000,10800,cats_arbitrary_g10b50,,False,CATS,50,arbitrary,MultiMinded,46,Balance,1.4600000000027649,721.2810000000001,1,640.028,297.31799999999998,640.028,699.33732459542455,639.87372459542451,655.12948561677092,1,10,23,32,23
18,10,18,LinearHeuristicAuction,0.2,0.02,,True,,1000,10800,cats_arbitrary_g10b50,,False,CATS,50,arbitrary,MultiMinded,8,Balance,0.2800000000024738,1005.5310000000001,2,868.696,380.75,1005.5310000000001,1006.3722359795315,854.07223597953157,948.91386945145291,1,10,17,35,28
19,10,14,LinearHeuristicAuction,0.2,0.02,,True,,1000,10800,cats_arbitrary_g10b50,,False,CATS,50,arbitrary,MultiMinded,3,Balance,0.09999999999854481,832.065,2,642.87,411.233,832.065,885.95461867827112,721.461418678271,752.31344706498885,1,10,11,29,24
20,10,14,LinearHeuristicAuction,0.2,0.02,,True,,1000,10800,cats_arbitrary_g10b50,,False,CATS,50,arbitrary,MultiMinded,150,Balance,5.239999999997963,615.5416,2,453.46,272.30500000000001,611.3,611.38356982059327,502.46156982059324,509.76635945918281,1,10,10,33,24
21,10,17,LinearHeuristicAuction,0.2,0.02,,True,,1000,10800,cats_arbitrary_g10b50,,False,CATS,50,arbitrary,MultiMinded,56,Balance,2.069999999999709,618.958,1,618.958,240.48899999999998,618.958,665.37067860261573,617.27287860261572,622.13652640911698,1,10,28,41,27
22,10,13,LinearHeuristicAuction,0.2,0.02,,True,,1000,10800,cats_arbitrary_g10b50,,False,CATS,50,arbitrary,MultiMinded,1000,MaxIter,33.88999999999942,879.723,1,879.723,407.96800000000002,769.71,1066.1830461614202,0,0.54125557607272867,1,10,21,34,23
23,10,15,LinearHeuristicAuction,0.2,0.02,,True,,1000,10800,cats_arbitrary_g10b50,,False,CATS,50,arbitrary,MultiMinded,3,Balance,0.10000000000218279,977.097,1,977.097,436.84800000000001,977.097,1029.5687871032483,942.19918710324828,1038.4005605850236,1,10,16,29,25
24,10,13,LinearHeuristicAuction,0.2,0.02,,True,,1000,10800,cats_arbitrary_g10b50,,False,CATS,50,arbitrary,MultiMinded,10,Balance,0.3400000000001455,612.4065,3,552.965,296.99549999999999,576.5801,672.00181756255506,493.80451756255513,516.23806366155134,1,10,15,30,23
25,10,16,LinearHeuristicAuction,0.2,0.02,,True,,1000,10800,cats_arbitrary_g10b50,,False,CATS,50,arbitrary,MultiMinded,24,Balance,0.8799999999973807,742.2606000000001,1,689.211,308.97050000000002,689.211,750.42449376839534,688.63039376839538,760.45783485836614,1,10,17,36,26
26,10,13,LinearHeuristicAuction,0.2,0.02,,True,,1000,10800,cats_arbitrary_g10b50,,False,CATS,50,arbitrary,MultiMinded,1000,MaxIter,34.529999999998836,887.9649999999999,1,818.015,382.74599999999998,818.015,913.62234547383821,0,8.1834178743633856e-05,1,10,32,37,23
27,10,13,LinearHeuristicAuction,0.2,0.02,,True,,1000,10800,cats_arbitrary_g10b50,,False,CATS,50,arbitrary,MultiMinded,9,Balance,0.27999999999883585,775.689,1,775.689,348.334,775.689,844.67937506499595,775.01257506499599,862.13066614001605,1,10,22,28,23
28,10,15,LinearHeuristicAuction,0.2,0.02,,True,,1000,10800,cats_arbitrary_g10b50,,False,CATS,50,arbitrary,MultiMinded,11,Balance,0.37000000000261934,604.885,1,604.885,314.90100000000001,604.885,666.96367523929268,603.98347523929272,611.31187213176349,1,10,17,31,25
29,10,12,LinearHeuristicAuction,0.2,0.02,,True,,1000,10800,cats_arbitrary_g10b50,,False,CATS,50,arbitrary,MultiMinded,1000,MaxIter,33.06999999999971,642.809,1,642.809,296.26149999999996,574.789,725.3426557601889,0,0.75339366502115013,1,10,18,35,22
30,10,16,LinearHeuristicAuction,0.2,0.02,,True,,1000,10800,cats_arbitrary_g10b50,,False,CATS,50,arbitrary,MultiMinded,47,Balance,1.680000000000291,754.962,3,660.473,247.715,754.962,751.00364848350443,602.37464848350442,630.20904102553743,1,10,10,37,26
31,10,15,LinearHeuristicAuction,0.2,0.02,,True,,1000,10800,cats_arbitrary_g10b50,,False,CATS,50,arbitrary,MultiMinded,9,Balance,0.3099999999976717,914.694,2,907.121,520.11850000000004,904.06,997.57262266826478,789.52522266826486,829.69028069975661,1,10,25,35,25
32,10,13,LinearHeuristicAuction,0.2,0.02,,True,,1000,10800,cats_arbitrary_g10b50,,False,CATS,50,arbitrary,MultiMinded,1000,MaxIter,33.52000000000044,619.2586,1,603.07,291.851,603.07,720.76625319988102,0,0.39421946492524285,1,10,28,35,23
33,10,16,LinearHeuristicAuction,0.2,0.02,,True,,1000,10800,cats_arbitrary_g10b50,,False,CATS,50,arbitrary,MultiMinded,6,Balance,0.21999999999752617,622.297,1,622.297,224.69200000000001,622.297,624.89711497894189,579.95871497894188,737.25789870933136,1,10,23,33,26
34,10,15,LinearHeuristicAuction,0.2,0.02,,True,,1000,10800,cats_arbitrary_g10b50,,False,CATS,50,arbitrary,MultiMinded,112,Balance,3.639999999999418,868.13,3,756.065,258.05500000000001,868.129,851.55074416055663,696.71774416055666,714.46806498242256,1,10,6,33,25
35,10,15,LinearHeuristicAuction,0.2,0.02,,True,,1000,10800,cats_arbitrary_g10b50,,False,CATS,50,arbitrary,MultiMinded,3,Balance,0.1099999999969441,804.713,1,804.713,330.97899999999998,804.713,801.52033364926558,735.32453364926562,912.24589887234947,1,10,14,29,25
36,10,15,LinearHeuristicAuction,0.2,0.02,,True,,1000,10800,cats_arbitrary_g10b50,,False,CATS,50,arbitrary,MultiMinded,2,Balance,0.06000000000130967,643.0699999999999,1,632.425,412.71300000000002,632.425,594.30672000000004,511.76412000000005,833.1334999999998,1,10,22,26,25
37,10,12,LinearHeuristicAuction,0.2,0.02,,True,,1000,10800,cats_arbitrary_g10b50,,False,CATS,50,arbitrary,MultiMinded,1000,MaxIter,35.13999999999942,701.3026000000001,1,634.495,369.97450000000003,634.495,736.47511162514479,0,15.336049079554812,1,10,21,36,22
38,10,14,LinearHeuristicAuction,0.2,0.02,,True,,1000,10800,cats_arbitrary_g10b50,,False,CATS,50,arbitrary,MultiMinded,41,Balance,1.4099999999998545,691.88,1,653.657,339.25200000000001,653.657,714.23504653001476,646.38464653001472,713.79899548892217,1,10,19,29,24
39,10,18,LinearHeuristicAuction,0.2,0.02,,True,,1000,10800,cats_arbitrary_g10b50,,False,CATS,50,arbitrary,MultiMinded,44,Balance,1.5900000000001455,955.2540000000001,3,721.473,276.10400000000004,955.2540000000001,945.54190576658038,779.87950576658034,798.46661927748391,1,10,8,39,28
40,10,15,LinearHeuristicAuction,0.2,0.02,,True,,1000,10800,cats_arbitrary_g10b50,,False,CATS,50,arbitrary,MultiMinded,6,Balance,0.18999999999869033,882.337,1,850.424,422.59100000000001,850.424,932.98161221034354,848.46341221034356,884.84370668648728,1,10,19,32,25
41,10,14,LinearHeuristicAuction,0.2,0.02,,True,,1000,10800,cats_arbitrary_g10b50,,False,CATS,50,arbitrary,MultiMinded,30,Balance,0.9899999999979627,806.5720000000001,1,744.105,394.66899999999998,744.105,821.08956817267688,742.15576817267686,767.79735244923108,1,10,30,32,24
42,10,12,LinearHeuristicAuction,0.2,0.02,,True,,1000,10800,cats_arbitrary_g10b50,,False,CATS,50,arbitrary,MultiMinded,131,Balance,4.350000000002183,674.607,1,650.249,261.25450000000001,650.249,673.86558338506404,621.61468338506404,673.75790934591578,1,10,17,28,22
43,10,18,LinearHeuristicAuction,0.2,0.02,,True,,1000,10800,cats_arbitrary_g10b50,,False,CATS,50,arbitrary,MultiMinded,5,Balance,0.16999999999825377,710.9245999999999,2,698.897,258.83499999999998,710.9245999999999,718.05605711836085,614.52205711836086,638.31625266949925,1,10,11,38,28
44,10,12,LinearHeuristicAuction,0.2,0.02,,True,,1000,10800,cats_arbitrary_g10b50,,False,CATS,50,arbitrary,MultiMinded,1000,MaxIter,34.62999999999738,748.73,1,701.292,407.33100000000002,628.181,774.9575472729141,0,0.00077154316488758923,1,10,33,37,22
45,10,15,LinearHeuristicAuction,0.2,0.02,,True,,1000,10800,cats_arbitrary_g10b50,,False,CATS,50,arbitrary,MultiMinded,13,Balance,0.4400000000023283,753.639,1,656.884,388.58100000000002,656.884,724.45217225872261,646.73597225872254,699.20556922429614,1,10,21,35,25
46,10,17,LinearHeuristicAuction,0.2,0.02,,True,,1000,10800,cats_arbitrary_g10b50,,False,CATS,50,arbitrary,MultiMinded,249,Balance,8.770000000000437,944.9340000000001,4,844.841,403.99299999999999,944.9340000000001,941.75681144572218,618.5624114457222,624.73682884294817,1,10,9,39,27
47,10,14,LinearHeuristicAuction,0.2,0.02,,True,,1000,10800,cats_arbitrary_g10b50,,False,CATS,50,arbitrary,MultiMinded,5,Balance,0.15999999999985448,898.101,1,893.489,324.04449999999997,893.489,917.0050041628715,852.19610416287151,929.15113393362753,1,10,22,27,24
48,10,15,LinearHeuristicAuction,0.2,0.02,,True,,1000,10800,cats_arbitrary_g10b50,,False,CATS,50,arbitrary,MultiMinded,8,Balance,0.27999999999883585,889.443,4,787.484,397.44799999999998,793.74637,859.42689042185361,596.40347084254915,645.94545552598697,1,10,18,38,25
49,10,14,LinearHeuristicAuction,0.2,0.02,,True,,1000,10800,cats_arbitrary_g10b50,,False,CATS,50,arbitrary,MultiMinded,22,Balance,0.75,945.042,3,781.262,432.49200000000002,919.9788,956.76755941525698,699.36944417408449,707.15560114568962,1,10,2,33,24
50,10,14,LinearHeuristicAuction,0.2,0.02,,True,,1000,10800,cats_arbitrary_g10b50,,False,CATS,50,arbitrary,MultiMinded,1000,MaxIter,33.02000000000044,815.381,1,698.568,297.62700000000001,698.568,892.35313705282613,0,0.0069422391641751346,1,10,21,33,24
51,10,19,LinearHeuristicAuction,0.2,0.02,,True,,1000,10800,cats_arbitrary_g10b50,,False,CATS,50,arbitrary,MultiMinded,8,Balance,0.2900000000008731,593.082,1,593.082,349.66500000000002,593.082,658.83488556574991,588.90188556574992,661.71088306300601,1,10,17,39,29
52,10,12,LinearHeuristicAuction,0.2,0.02,,True,,1000,10800,cats_arbitrary_g10b50,,False,CATS,50,arbitrary,MultiMinded,21,Balance,0.6500000000014552,842.818,1,842.818,428.04949999999997,842.818,923.01467246693119,837.40477246693115,870.66976058233081,1,10,29,28,22
53,10,17,LinearHeuristicAuction,0.2,0.02,,True,,1000,10800,cats_arbitrary_g10b50,,False,CATS,50,arbitrary,MultiMinded,1000,MaxIter,36.7400000000016,787.8274,2,644.907,269.82600000000002,488.91240000000005,814.09779812372153,5.2991573841187574,6.0475860242437776,1,10,12,43,27
54,10,14,LinearHeuristicAuction,0.2,0.02,,True,,1000,10800,cats_arbitrary_g10b50,,False,CATS,50,arbitrary,MultiMinded,8,Balance,0.25,810.751,3,699.486,371.92899999999997,810.751,813.2098788498613,590.05247884986125,594.93343332617644,1,10,6,30,24
55,10,14,LinearHeuristicAuction,0.2,0.02,,True,,1000,10800,cats_arbitrary_g10b50,,False,CATS,50,arbitrary,MultiMinded,290,Balance,10.099999999998545,778.56,4,652.834,405.49599999999998,717.6831,779.49109669791153,499.05238802975816,502.94690408793059,1,10,15,35,24
56,10,14,LinearHeuristicAuction,0.2,0.02,,True,,1000,10800,cats_arbitrary_g10b50,,False,CATS,50,arbitrary,MultiMinded,78,Balance,2.6599999999998545,720.833,2,718.63,414.24000000000001,720.833,760.89374185982911,595.19774185982919,596.19237964747981,1,10,1,32,24
57,10,13,LinearHeuristicAuction,0.2,0.02,,True,,1000,10800,cats_arbitrary_g10b50,,False,CATS,50,arbitrary,MultiMinded,129,Balance,4.429999999996653,742.0273,3,583.324,429.03550000000001,742.0273,765.56686663856931,526.62876283046216,530.63142339628371,1,10,19,33,23
58,10,18,LinearHeuristicAuction,0.2,0.02,,True,,1000,10800,cats_arbitrary_g10b50,,False,CATS,50,arbitrary,MultiMinded,1000,MaxIter,36.909999999999854,927.076,2,790.752,213.971,665.2221999999999,976.83619879000969,31.678260532201904,61.424257150578768,1,10,26,41,28
59,10,15,LinearHeuristicAuction,0.2,0.02,,True,,1000,10800,cats_arbitrary_g10b50,,False,CATS,50,arbitrary,MultiMinded,10,Balance,0.3400000000001455,685.266,1,685.266,301.03800000000001,685.266,744.91845344629542,684.71085344629546,803.35591948269473,1,10,24,32,25
60,10,17,LinearHeuristicAuction,0.2,0.02,,True,,1000,10800,cats_arbitrary_g10b50,,False,CATS,50,arbitrary,MultiMinded,27,Balance,0.930000000000291,763.9352999999999,4,684.98,313.44299999999998,763.9352999999999,762.62959828853263,511.87519828853254,573.17607424462005,1,10,7,36,27
61,10,15,LinearHeuristicAuction,0.2,0.02,,True,,1000,10800,cats_arbitrary_g10b50,,False,CATS,50,arbitrary,MultiMinded,4,Balance,0.13999999999941792,906.867,2,800.076,363.90899999999999,904.461,816.93757633094538,671.37397633094542,854.99347020321613,1,10,7,30,25
62,10,13,LinearHeuristicAuction,0.2,0.02,,True,,1000,10800,cats_arbitrary_g10b50,,False,CATS,50,arbitrary,MultiMinded,1000,MaxIter,33.9900000000016,838.7230000000001,1,739.886,355.20699999999999,729.454,900.38055083349388,0,4.9990241640290236,1,10,11,33,23
63,10,17,LinearHeuristicAuction,0.2,0.02,,True,,1000,10800,cats_arbitrary_g10b50,,False,CATS,50,arbitrary,MultiMinded,20,Balance,0.7800000000024738,879.858,1,879.858,289.45299999999997,879.858,910.91389092615168,853.02329092615173,909.56472170763686,1,10,15,40,27
64,10,13,LinearHeuristicAuction,0.2,0.02,,True,,1000,10800,cats_arbitrary_g10b50,,False,CATS,50,arbitrary,MultiMinded,12,Balance,0.38000000000101863,699.8910000000001,4,546.14,336.69400000000002,699.8910000000001,685.22700625597122,415.87180625597119,436.27437082388155,1,10,20,29,23
65,10,14,LinearHeuristicAuction,0.2,0.02,,True,,1000,10800,cats_arbitrary_g10b50,,False,CATS,50,arbitrary,MultiMinded,5,Balance,0.15999999999985448,747.1110000000001,1,683.377,371.40150000000006,683.377,747.75670750380971,673.4764075038097,758.72842143509479,1,10,24,30,24
66,10,16,LinearHeuristicAuction,0.2,0.02,,True,,1000,10800,cats_arbitrary_g10b50,,False,CATS,50,arbitrary,MultiMinded,27,Balance,0.8799999999973807,804.7069,4,692.962,241.77600000000001,804.7069,756.16694622928412,562.74614622928402,650.58404710054913,1,10,11,34,26
67,10,15,LinearHeuristicAuction,0.2,0.02,,True,,1000,10800,cats_arbitrary_g10b50,,False,CATS,50,arbitrary,MultiMinded,11,Balance,0.37999999999738066,950.858,2,795.087,420.85149999999999,950.858,956.93712995845794,788.59652995845795,872.71376138045241,1,10,7,33,25
68,10,17,LinearHeuristicAuction,0.2,0.02,,True,,1000,10800,cats_arbitrary_g10b50,,False,CATS,50,arbitrary,MultiMinded,64,Balance,2.25,638.514,3,583.892,266.64400000000001,638.514,621.2836509136946,461.2972509136946,489.07287737195185,1,10,5,36,27
69,10,13,LinearHeuristicAuction,0.2,0.02,,True,,1000,10800,cats_arbitrary_g10b50,,False,CATS,50,arbitrary,MultiMinded,1000,MaxIter,35.20000000000073,653.81,1,515.575,365.36749999999995,515.575,688.82121787368465,0,1.5420740065364669,1,10,19,37,23
70,10,16,LinearHeuristicAuction,0.2,0.02,,True,,1000,10800,cats_arbitrary_g10b50,,False,CATS,50,arbitrary,MultiMinded,1000,MaxIter,36.36999999999898,813.773,1,813.773,239.7945,707.813,868.32930434150842,0,0.21295347134758913,1,10,24,40,26
71,10,18,LinearHeuristicAuction,0.2,0.02,,True,,1000,10800,cats_arbitrary_g10b50,,False,CATS,50,arbitrary,MultiMinded,1000,MaxIter,34.969999999997526,936.203,1,936.203,330.1275,936.203,1077.7962256328735,0,0.0,1,10,28,40,28
72,10,19,LinearHeuristicAuction,0.2,0.02,,True,,1000,10800,cats_arbitrary_g10b50,,False,CATS,50,arbitrary,MultiMinded,3,Balance,0.10000000000218279,742.889,1,742.889,330.43299999999999,742.889,735.5774731317083,669.49087313170833,782.62040235994755,1,10,11,35,29
73,10,13,LinearHeuristicAuction,0.2,0.02,,True,,1000,10800,cats_arbitrary_g10b50,,False,CATS,50,arbitrary,MultiMinded,3,Balance,0.09000000000014552,829.25,1,829.25,443.63649999999996,829.25,863.80763753186545,775.08033753186544,915.06778961367331,1,10,31,23,23
74,10,17,LinearHeuristicAuction,0.2,0.02,,True,,1000,10800,cats_arbitrary_g10b50,,False,CATS,50,arbitrary,MultiMinded,207,Balance,7.18999999999869,785.147,1,785.147,194.18100000000001,785.147,790.77964926211769,751.94344926211772,790.44720071064512,1,10,13,37,27
75,10,14,LinearHeuristicAuction,0.2,0.02,,True,,1000,10800,cats_arbitrary_g10b50,,False,CATS,50,arbitrary,MultiMinded,4,Balance,0.11999999999898137,877.244,1,869.635,380.94749999999999,869.635,853.52860364393655,777.3391036439366,1119.4855564966638,1,10,32,24,24
76,10,15,LinearHeuristicAuction,0.2,0.02,,True,,1000,10800,cats_arbitrary_g10b50,,False,CATS,50,arbitrary,MultiMinded,16,Balance,0.5400000000008731,772.528,1,772.528,426.029,772.528,857.66792112032431,772.46212112032435,788.83518563159623,1,10,24,35,25
77,10,16,LinearHeuristicAuction,0.2,0.02,,True,,1000,10800,cats_arbitrary_g10b50,,False,CATS,50,arbitrary,MultiMinded,1000,MaxIter,34.73999999999796,610.0541,1,475.061,229.33799999999999,475.061,667.78449234382947,0,15.810062198312124,1,10,27,38,26
78,10,16,LinearHeuristicAuction,0.2,0.02,,True,,1000,10800,cats_arbitrary_g10b50,,False,CATS,50,arbitrary,MultiMinded,1000,MaxIter,36.13999999999942,738.191,1,718.579,283.06200000000001,718.579,813.67876995993993,0,0.0,1,10,33,40,26
79,10,16,LinearHeuristicAuction,0.2,0.02,,True,,1000,10800,cats_arbitrary_g10b50,,False,CATS,50,arbitrary,MultiMinded,18,Balance,0.680000000000291,789.0369999999999,1,767.227,328.78500000000003,767.227,802.30475416700733,736.54775416700727,801.70498182378844,1,10,16,39,26
80,10,14,LinearHeuristicAuction,0.2,0.02,,True,,1000,10800,cats_arbitrary_g10b50,,False,CATS,50,arbitrary,MultiMinded,4,Balance,0.12999999999738066,755.88,1,755.88,295.50850000000003,755.88,691.30298604455845,632.2012860445584,837.50982229862734,1,10,18,23,24
81,10,16,LinearHeuristicAuction,0.2,0.02,,True,,1000,10800,cats_arbitrary_g10b50,,False,CATS,50,arbitrary,MultiMinded,1000,MaxIter,35.19000000000233,454.25449999999995,1,381.144,179.05700000000002,381.144,499.72919822388917,0,6.2039460308929755,1,10,23,36,26
82,10,14,LinearHeuristicAuction,0.2,0.02,,True,,1000,10800,cats_arbitrary_g10b50,,False,CATS,50,arbitrary,MultiMinded,1000,MaxIter,33.4900000000016,813.1470999999999,1,678.08,361.98400000000004,671.305,916.98784756764064,0,0.57462715862794767,1,10,15,34,24
83,10,15,LinearHeuristicAuction,0.2,0.02,,True,,1000,10800,cats_arbitrary_g10b50,,False,CATS,50,arbitrary,MultiMinded,1000,MaxIter,35.72999999999956,897.3420000000001,3,818.953,242.078,709.524,987.10683577990699,362.35460037708395,390.7474350297598,1,10,19,40,25
84,10,14,LinearHeuristicAuction,0.2,0.02,,True,,1000,10800,cats_arbitrary_g10b50,,False,CATS,50,arbitrary,MultiMinded,29,Balance,0.9900000000016007,716.866,1,684.777,321.96300000000002,684.777,748.99867190818111,684.60607190818109,700.11183296022432,1,10,34,36,24
85,10,11,LinearHeuristicAuction,0.2,0.02,,True,,1000,10800,cats_arbitrary_g10b50,,False,CATS,50,arbitrary,MultiMinded,1000,MaxIter,32.909999999999854,679.457,1,679.457,442.82050000000004,633.967,752.50179748217408,0,1.0118841901949054,1,10,10,30,21
86,10,15,LinearHeuristicAuction,0.2,0.02,,True,,1000,10800,cats_arbitrary_g10b50,,False,CATS,50,arbitrary,MultiMinded,1000,MaxIter,32.95000000000073,950.965,1,818.766,310.39699999999999,818.766,1034.6569283743329,0,61.061936040397455,1,10,16,34,25
87,10,14,LinearHeuristicAuction,0.2,0.02,,True,,1000,10800,cats_arbitrary_g10b50,,False,CATS,50,arbitrary,MultiMinded,18,Balance,0.6000000000021828,997.2170000000001,3,716.545,235.80250000000001,997.2170000000001,870.4857820720656,729.00428207206573,928.2333255323208,1,10,10,31,24
88,10,14,LinearHeuristicAuction,0.2,0.02,,True,,1000,10800,cats_arbitrary_g10b50,,False,CATS,50,arbitrary,MultiMinded,11,Balance,0.3999999999978172,758.38,1,758.38,394.31950000000001,758.38,834.35047240797644,755.48657240797638,790.1920164121874,1,10,28,33,24
89,10,14,LinearHeuristicAuction,0.2,0.02,,True,,1000,10800,cats_arbitrary_g10b50,,False,CATS,50,arbitrary,MultiMinded,3,Balance,0.09999999999854481,732.443,2,644.233,339.30900000000003,732.443,717.43019988479909,581.70659988479906,675.21381815745235,1,10,16,24,24
90,10,14,LinearHeuristicAuction,0.2,0.02,,True,,1000,10800,cats_arbitrary_g10b50,,False,CATS,50,arbitrary,MultiMinded,13,Balance,0.42000000000189175,891.85,1,807.355,295.7045,807.355,825.01347367637936,765.87257367637937,906.79283093556398,1,10,21,27,24
91,10,13,LinearHeuristicAuction,0.2,0.02,,True,,1000,10800,cats_arbitrary_g10b50,,False,CATS,50,arbitrary,MultiMinded,6,Balance,0.2000000000007276,812.137,1,812.137,461.255,812.137,891.71156014422115,799.46056014422118,870.42054096612083,1,10,15,28,23
92,10,14,LinearHeuristicAuction,0.2,0.02,,True,,1000,10800,cats_arbitrary_g10b50,,False,CATS,50,arbitrary,MultiMinded,11,Balance,0.36999999999898137,621.9174,3,498.679,294.30700000000002,619.5164,628.21119594480467,451.62699594480466,488.70005893780603,1,10,16,30,24
93,10,18,LinearHeuristicAuction,0.2,0.02,,True,,1000,10800,cats_arbitrary_g10b50,,False,CATS,50,arbitrary,MultiMinded,4,Balance,0.13999999999941792,768.1442,6,581.443,288.50549999999998,768.1442,679.00047922871215,350.20156446843544,527.61079381490561,1,10,21,34,28
94,10,14,LinearHeuristicAuction,0.2,0.02,,True,,1000,10800,cats_arbitrary_g10b50,,False,CATS,50,arbitrary,MultiMinded,3,Balance,0.09000000000014552,704.947,1,704.947,384.09699999999998,704.947,737.24010480003631,660.42070480003633,720.0724287999908,1,10,20,26,24
95,10,15,LinearHeuristicAuction,0.2,0.02,,True,,1000,10800,cats_arbitrary_g10b50,,False,CATS,50,arbitrary,MultiMinded,1000,MaxIter,35.7400000000016,905.548,1,761.598,373.96699999999998,761.598,974.4409386100474,0,2.8422735344929038,1,10,16,37,25
96,10,13,LinearHeuristicAuction,0.2,0.02,,True,,1000,10800,cats_arbitrary_g10b50,,False,CATS,50,arbitrary,MultiMinded,8,Balance,0.25,802.2189,2,774.483,389.73500000000001,802.2189,813.66320258387213,693.5797895313608,833.11758148221043,1,10,8,28,23
97,10,14,LinearHeuristicAuction,0.2,0.02,,True,,1000,10800,cats_arbitrary_g10b50,,False,CATS,50,arbitrary,MultiMinded,3,Balance,0.09000000000014552,777.4,1,777.4,409.10199999999998,777.4,839.46077420461631,757.64037420461636,784.10681516642899,1,10,15,31,24
98,10,12,LinearHeuristicAuction,0.2,0.02,,True,,1000,10800,cats_arbitrary_g10b50,,False,CATS,50,arbitrary,MultiMinded,3,Balance,0.09000000000014552,899.539,1,899.539,522.91999999999996,899.539,978.6674168540942,874.08341685409414,903.20649991349512,1,10,24,25,22
99,10,13,LinearHeuristicAuction,0.2,0.02,,True,,1000,10800,cats_arbitrary_g10b50,,False,CATS,50,arbitrary,MultiMinded,5,Balance,0.1500000000014552,941.1115,3,769.536,337.6515,941.1115,848.78723862521315,674.19864764050772,865.99061158257314,1,10,17,25,23
100,10,15,LinearHeuristicAuction,0.2,0.02,,True,,1000,10800,cats_arbitrary_g10b50,,False,CATS,50,arbitrary,MultiMinded,1000,MaxIter,36.29000000000087,733.9616,1,691.502,466.54449999999997,691.502,819.12799980712953,0,0.63120766980887311,1,10,16,39,25
