idx,items,agents,auction_class,epsilon,stepc,epoch,scalebyvalue,reserve_type,maxiter,maxtime,generator_param_name,personalized,int_prices,generator,bids,distribution,type,rounds,status,runtime,efficient_value,final_num_winners,final_max_agent_value,final_scalevalue,final_value,final_total_price,final_revenue,final_indirect_util,final_price_degree,final_price_sparsity,final_imbalance,final_wd_nvars,final_wd_ncons
1,10,14,LinearHeuristicAuction,0.025,0.08,,True,,1000,10800,cats_arbitrary_g10b50,,False,CATS,50,arbitrary,MultiMinded,177,Balance,6.139999999999418,793.971,1,793.971,469.322,793.971,798.75517859496267,787.02212859496262,803.82435800506937,1,10,23,38,24
2,10,17,LinearHeuristicAuction,0.025,0.08,,True,,1000,10800,cats_arbitrary_g10b50,,False,CATS,50,arbitrary,MultiMinded,1000,MaxIter,34.85999999999876,890.9177,1,838.462,457.63549999999998,838.462,981.38603369345685,0,19.505469237583583,1,10,12,39,27
3,10,13,LinearHeuristicAuction,0.025,0.08,,True,,1000,10800,cats_arbitrary_g10b50,,False,CATS,50,arbitrary,MultiMinded,1000,MaxIter,36.0,689.11,1,689.11,373.73599999999999,689.11,739.8144935029178,0,6.5507281779941309,1,10,10,34,23
4,10,17,LinearHeuristicAuction,0.025,0.08,,True,,1000,10800,cats_arbitrary_g10b50,,False,CATS,50,arbitrary,MultiMinded,41,Balance,1.3700000000008004,673.823,1,673.823,310.16499999999996,673.823,674.61247055950287,666.85834555950282,672.22543434512204,1,10,13,37,27
5,10,13,LinearHeuristicAuction,0.025,0.08,,True,,1000,10800,cats_arbitrary_g10b50,,False,CATS,50,arbitrary,MultiMinded,20,Balance,0.6000000000003638,758.773,1,758.773,337.48050000000001,758.773,725.80521092012327,717.36819842012324,764.89391748873504,1,10,12,29,23
6,10,14,LinearHeuristicAuction,0.025,0.08,,True,,1000,10800,cats_arbitrary_g10b50,,False,CATS,50,arbitrary,MultiMinded,81,Balance,2.7700000000004366,841.028,2,744.08,361.97500000000002,841.028,827.47347060476727,809.37472060476716,835.47480309111324,1,10,8,33,24
7,10,16,LinearHeuristicAuction,0.025,0.08,,True,,1000,10800,cats_arbitrary_g10b50,,False,CATS,50,arbitrary,MultiMinded,16,Balance,0.5599999999994907,859.6020000000001,2,710.786,293.07349999999997,859.6020000000001,816.75976872742342,802.1060937274234,849.51390246654819,1,10,8,35,26
8,10,14,LinearHeuristicAuction,0.025,0.08,,True,,1000,10800,cats_arbitrary_g10b50,,False,CATS,50,arbitrary,MultiMinded,34,Balance,1.1199999999989814,556.7090000000001,2,486.526,246.58600000000001,556.7090000000001,558.39126575526916,546.06196575526906,554.6012216129111,1,10,14,33,24
9,10,20,LinearHeuristicAuction,0.025,0.08,,True,,1000,10800,cats_arbitrary_g10b50,,False,CATS,50,arbitrary,MultiMinded,76,Balance,2.9400000000005093,650.389,2,411.483,212.66149999999999,650.389,648.93781961760214,638.30474461760218,643.8590070275759,1,10,7,44,30
10,10,16,LinearHeuristicAuction,0.025,0.08,,True,,1000,10800,cats_arbitrary_g10b50,,False,CATS,50,arbitrary,MultiMinded,24,Balance,0.819999999999709,974.512,1,974.512,305.01999999999998,974.512,969.36212093859342,961.73662093859343,966.88649999999996,1,10,0,36,26
11,10,18,LinearHeuristicAuction,0.025,0.08,,True,,1000,10800,cats_arbitrary_g10b50,,False,CATS,50,arbitrary,MultiMinded,5,Balance,0.19000000000050932,903.4137000000001,5,690.32,184.28,903.4137000000001,853.42139391321984,830.38639391321999,882.88244696710638,1,10,3,40,28
12,10,18,LinearHeuristicAuction,0.025,0.08,,True,,1000,10800,cats_arbitrary_g10b50,,False,CATS,50,arbitrary,MultiMinded,148,Balance,5.5900000000001455,476.0346,2,416.605,211.79050000000001,476.0346,478.47303217553872,467.8835071755388,479.09283270483627,1,10,37,42,28
13,10,14,LinearHeuristicAuction,0.025,0.08,,True,,1000,10800,cats_arbitrary_g10b50,,False,CATS,50,arbitrary,MultiMinded,26,Balance,0.8500000000003638,761.647,1,761.647,337.08749999999998,761.647,759.0168226179087,750.58963511790876,753.2198125000001,1,10,0,32,24
14,10,14,LinearHeuristicAuction,0.025,0.08,,True,,1000,10800,cats_arbitrary_g10b50,,False,CATS,50,arbitrary,MultiMinded,42,Balance,1.3999999999996362,1115.4950000000001,2,880.107,393.411,1115.4950000000001,1041.8994878444009,1022.228937844401,1104.9623733247429,1,10,11,36,24
15,10,12,LinearHeuristicAuction,0.025,0.08,,True,,1000,10800,cats_arbitrary_g10b50,,False,CATS,50,arbitrary,MultiMinded,77,Balance,2.430000000000291,871.33,1,871.33,381.12349999999998,871.33,866.7157565872908,857.18766908729083,868.00307087475608,1,10,8,27,22
16,10,14,LinearHeuristicAuction,0.025,0.08,,True,,1000,10800,cats_arbitrary_g10b50,,False,CATS,50,arbitrary,MultiMinded,25,Balance,0.8299999999999272,779.7001,5,571.996,300.363,779.7001,756.92029269778095,719.37491769778092,749.37050724876519,1,10,14,33,24
17,10,13,LinearHeuristicAuction,0.025,0.08,,True,,1000,10800,cats_arbitrary_g10b50,,False,CATS,50,arbitrary,MultiMinded,44,Balance,1.4200000000000728,721.2810000000001,2,640.028,297.31799999999998,721.2810000000001,708.55714301462717,693.69124301462716,726.53158434241755,1,10,19,31,23
18,10,18,LinearHeuristicAuction,0.025,0.08,,True,,1000,10800,cats_arbitrary_g10b50,,False,CATS,50,arbitrary,MultiMinded,33,Balance,1.2199999999993452,1005.5310000000001,2,868.696,380.75,1005.5310000000001,993.92417498933969,974.88667498933978,1003.4825687957826,1,10,11,40,28
19,10,14,LinearHeuristicAuction,0.025,0.08,,True,,1000,10800,cats_arbitrary_g10b50,,False,CATS,50,arbitrary,MultiMinded,1000,MaxIter,34.76000000000022,832.065,2,642.87,411.233,832.065,891.33970434075206,632.46814638850549,633.61705487489871,1,10,9,32,24
20,10,14,LinearHeuristicAuction,0.025,0.08,,True,,1000,10800,cats_arbitrary_g10b50,,False,CATS,50,arbitrary,MultiMinded,31,Balance,1.0400000000008731,615.5416,4,453.46,272.30500000000001,615.5416,596.66555887466723,569.43505887466711,592.70170779864395,1,10,10,32,24
21,10,17,LinearHeuristicAuction,0.025,0.08,,True,,1000,10800,cats_arbitrary_g10b50,,False,CATS,50,arbitrary,MultiMinded,1000,MaxIter,38.04000000000087,618.958,1,618.958,240.48899999999998,618.958,657.52251148273399,0,0.0009674316479433287,1,10,30,40,27
22,10,13,LinearHeuristicAuction,0.025,0.08,,True,,1000,10800,cats_arbitrary_g10b50,,False,CATS,50,arbitrary,MultiMinded,1000,MaxIter,32.8799999999992,879.723,1,879.723,407.96800000000002,769.71,1020.487259005594,0,11.394570272298893,1,10,10,32,23
23,10,15,LinearHeuristicAuction,0.025,0.08,,True,,1000,10800,cats_arbitrary_g10b50,,False,CATS,50,arbitrary,MultiMinded,45,Balance,1.5399999999990541,977.097,1,977.097,436.84800000000001,977.097,982.90960610984939,971.98840610984939,980.29790114466664,1,10,22,32,25
24,10,13,LinearHeuristicAuction,0.025,0.08,,True,,1000,10800,cats_arbitrary_g10b50,,False,CATS,50,arbitrary,MultiMinded,1000,MaxIter,33.47999999999956,612.4065,1,552.965,296.99549999999999,552.965,644.28258425814988,0,5.2225451894122159,1,10,10,35,23
25,10,16,LinearHeuristicAuction,0.025,0.08,,True,,1000,10800,cats_arbitrary_g10b50,,False,CATS,50,arbitrary,MultiMinded,1000,MaxIter,35.279999999998836,742.2606000000001,1,689.211,308.97050000000002,689.211,759.33915361194806,0,3.3077038187471715,1,10,20,37,26
26,10,13,LinearHeuristicAuction,0.025,0.08,,True,,1000,10800,cats_arbitrary_g10b50,,False,CATS,50,arbitrary,MultiMinded,1000,MaxIter,36.210000000000946,887.9649999999999,1,818.015,382.74599999999998,818.015,919.67815125729533,0,0.000115605340013758,1,10,32,38,23
27,10,13,LinearHeuristicAuction,0.025,0.08,,True,,1000,10800,cats_arbitrary_g10b50,,False,CATS,50,arbitrary,MultiMinded,1000,MaxIter,34.11999999999898,775.689,1,775.689,348.334,308.533,835.70402870846249,0,0.0,1,10,29,34,23
28,10,15,LinearHeuristicAuction,0.025,0.08,,True,,1000,10800,cats_arbitrary_g10b50,,False,CATS,50,arbitrary,MultiMinded,39,Balance,1.319999999999709,604.885,1,604.885,314.90100000000001,604.885,604.10739866777396,596.23487366777397,607.63544168145427,1,10,11,38,25
29,10,12,LinearHeuristicAuction,0.025,0.08,,True,,1000,10800,cats_arbitrary_g10b50,,False,CATS,50,arbitrary,MultiMinded,1000,MaxIter,31.69000000000051,642.809,1,642.809,296.26149999999996,574.789,723.03822395759153,0,3.7708194084938782,1,10,10,32,22
30,10,16,LinearHeuristicAuction,0.025,0.08,,True,,1000,10800,cats_arbitrary_g10b50,,False,CATS,50,arbitrary,MultiMinded,1000,MaxIter,35.8799999999992,754.962,3,660.473,247.715,754.962,772.69104982503586,275.09225664394319,275.17201999520211,1,10,21,37,26
31,10,15,LinearHeuristicAuction,0.025,0.08,,True,,1000,10800,cats_arbitrary_g10b50,,False,CATS,50,arbitrary,MultiMinded,1000,MaxIter,35.86999999999898,914.694,1,907.121,520.11850000000004,907.121,1004.9926146180958,0,0.0,1,10,37,37,25
32,10,13,LinearHeuristicAuction,0.025,0.08,,True,,1000,10800,cats_arbitrary_g10b50,,False,CATS,50,arbitrary,MultiMinded,1000,MaxIter,34.48999999999978,619.2586,1,603.07,291.851,603.07,716.84106902459951,0,6.9344894284343468,1,10,10,34,23
33,10,16,LinearHeuristicAuction,0.025,0.08,,True,,1000,10800,cats_arbitrary_g10b50,,False,CATS,50,arbitrary,MultiMinded,1000,MaxIter,35.6299999999992,622.297,1,622.297,224.69200000000001,622.297,629.84439313720645,0,9.5463580159524497,1,10,16,38,26
34,10,15,LinearHeuristicAuction,0.025,0.08,,True,,1000,10800,cats_arbitrary_g10b50,,False,CATS,50,arbitrary,MultiMinded,27,Balance,0.8999999999996362,868.13,3,756.065,258.05500000000001,868.13,854.18793806749852,834.83381306749857,859.89824830521104,1,10,7,35,25
35,10,15,LinearHeuristicAuction,0.025,0.08,,True,,1000,10800,cats_arbitrary_g10b50,,False,CATS,50,arbitrary,MultiMinded,1000,MaxIter,34.780000000000655,804.713,1,804.713,330.97899999999998,804.713,822.94485702308043,0,13.548274277690297,1,10,14,34,25
36,10,15,LinearHeuristicAuction,0.025,0.08,,True,,1000,10800,cats_arbitrary_g10b50,,False,CATS,50,arbitrary,MultiMinded,1000,MaxIter,35.76999999999862,643.0699999999999,1,632.425,412.71300000000002,632.425,666.19739206266149,0,4.6430542322508188,1,10,17,37,25
37,10,12,LinearHeuristicAuction,0.025,0.08,,True,,1000,10800,cats_arbitrary_g10b50,,False,CATS,50,arbitrary,MultiMinded,1000,MaxIter,32.92000000000007,701.3026000000001,1,634.495,369.97450000000003,634.495,748.73124726891876,0,4.6548379364313348,1,10,21,32,22
38,10,14,LinearHeuristicAuction,0.025,0.08,,True,,1000,10800,cats_arbitrary_g10b50,,False,CATS,50,arbitrary,MultiMinded,1000,MaxIter,36.600000000000364,691.88,1,653.657,339.25200000000001,653.657,744.7017242851241,0,8.8817637970332157,1,10,15,36,24
39,10,18,LinearHeuristicAuction,0.025,0.08,,True,,1000,10800,cats_arbitrary_g10b50,,False,CATS,50,arbitrary,MultiMinded,22,Balance,0.7800000000006548,955.2540000000001,3,721.473,276.10400000000004,955.2540000000001,941.3327894241836,920.62498942418358,940.51040505648984,1,10,1,40,28
40,10,15,LinearHeuristicAuction,0.025,0.08,,True,,1000,10800,cats_arbitrary_g10b50,,False,CATS,50,arbitrary,MultiMinded,1000,MaxIter,35.960000000000946,882.337,1,850.424,422.59100000000001,850.424,918.25084581547219,0,1.4445961861392362,1,10,23,37,25
41,10,14,LinearHeuristicAuction,0.025,0.08,,True,,1000,10800,cats_arbitrary_g10b50,,False,CATS,50,arbitrary,MultiMinded,1000,MaxIter,33.29999999999927,806.5720000000001,1,744.105,394.66899999999998,744.105,829.24705440475896,0,0.0,1,10,28,34,24
42,10,12,LinearHeuristicAuction,0.025,0.08,,True,,1000,10800,cats_arbitrary_g10b50,,False,CATS,50,arbitrary,MultiMinded,1000,MaxIter,31.26000000000022,674.607,1,650.249,261.25450000000001,650.249,692.32452138408121,0,0.82252029471862897,1,10,23,28,22
43,10,18,LinearHeuristicAuction,0.025,0.08,,True,,1000,10800,cats_arbitrary_g10b50,,False,CATS,50,arbitrary,MultiMinded,20,Balance,0.7200000000011642,710.9245999999999,2,698.897,258.83499999999998,710.9245999999999,702.79692834867797,689.85517834867801,697.98284999999998,1,10,0,39,28
44,10,12,LinearHeuristicAuction,0.025,0.08,,True,,1000,10800,cats_arbitrary_g10b50,,False,CATS,50,arbitrary,MultiMinded,1000,MaxIter,35.960000000000946,748.73,1,701.292,407.33100000000002,628.181,776.37777684628975,0,0.0,1,10,19,37,22
45,10,15,LinearHeuristicAuction,0.025,0.08,,True,,1000,10800,cats_arbitrary_g10b50,,False,CATS,50,arbitrary,MultiMinded,21,Balance,0.7099999999991269,753.639,3,656.884,388.58100000000002,753.639,751.00369911315761,721.86012411315767,729.03685043510086,1,10,2,34,25
46,10,17,LinearHeuristicAuction,0.025,0.08,,True,,1000,10800,cats_arbitrary_g10b50,,False,CATS,50,arbitrary,MultiMinded,34,Balance,1.1899999999986903,944.9340000000001,4,844.841,403.99299999999999,944.9340000000001,928.95547844064436,888.55617844064432,923.97849529314794,1,10,13,39,27
47,10,14,LinearHeuristicAuction,0.025,0.08,,True,,1000,10800,cats_arbitrary_g10b50,,False,CATS,50,arbitrary,MultiMinded,1000,MaxIter,32.11999999999898,898.101,1,893.489,324.04449999999997,893.489,928.3650056521376,0,4.221988695724832,1,10,10,30,24
48,10,15,LinearHeuristicAuction,0.025,0.08,,True,,1000,10800,cats_arbitrary_g10b50,,False,CATS,50,arbitrary,MultiMinded,22,Balance,0.7700000000004366,889.443,3,787.484,397.44799999999998,889.443,861.8899994850475,832.08139948504754,867.24664057461996,1,10,11,36,25
49,10,14,LinearHeuristicAuction,0.025,0.08,,True,,1000,10800,cats_arbitrary_g10b50,,False,CATS,50,arbitrary,MultiMinded,29,Balance,1.0100000000002183,945.042,2,781.262,432.49200000000002,945.042,947.33527942110163,925.71067942110153,943.85722269369762,1,10,11,35,24
50,10,14,LinearHeuristicAuction,0.025,0.08,,True,,1000,10800,cats_arbitrary_g10b50,,False,CATS,50,arbitrary,MultiMinded,1000,MaxIter,33.25,815.381,1,698.568,297.62700000000001,698.568,885.57715170332403,0,6.7896408594922946,1,10,21,33,24
51,10,19,LinearHeuristicAuction,0.025,0.08,,True,,1000,10800,cats_arbitrary_g10b50,,False,CATS,50,arbitrary,MultiMinded,125,Balance,4.8700000000008,593.082,1,593.082,349.66500000000002,593.082,597.42918939514584,588.68756439514584,609.02795019232815,1,10,29,45,29
52,10,12,LinearHeuristicAuction,0.025,0.08,,True,,1000,10800,cats_arbitrary_g10b50,,False,CATS,50,arbitrary,MultiMinded,1000,MaxIter,32.07999999999993,842.818,1,842.818,428.04949999999997,842.818,923.64260171068486,0,6.7519430465260939,1,10,30,30,22
53,10,17,LinearHeuristicAuction,0.025,0.08,,True,,1000,10800,cats_arbitrary_g10b50,,False,CATS,50,arbitrary,MultiMinded,1000,MaxIter,36.38999999999942,787.8274,1,644.907,269.82600000000002,644.907,804.4910917580529,0,11.263678943047097,1,10,19,41,27
54,10,14,LinearHeuristicAuction,0.025,0.08,,True,,1000,10800,cats_arbitrary_g10b50,,False,CATS,50,arbitrary,MultiMinded,23,Balance,0.7199999999993452,810.751,3,699.486,371.92899999999997,810.751,805.79475294478948,777.90007794478947,788.87911349692183,1,10,4,30,24
55,10,14,LinearHeuristicAuction,0.025,0.08,,True,,1000,10800,cats_arbitrary_g10b50,,False,CATS,50,arbitrary,MultiMinded,1000,MaxIter,33.68999999999869,778.56,2,652.834,405.49599999999998,751.668,785.02364281436678,584.45647748093813,584.45647748093813,1,10,7,32,24
56,10,14,LinearHeuristicAuction,0.025,0.08,,True,,1000,10800,cats_arbitrary_g10b50,,False,CATS,50,arbitrary,MultiMinded,1000,MaxIter,35.279999999998836,720.833,1,718.63,414.24000000000001,659.11,765.44200934876881,0,0.0,1,10,43,35,24
57,10,13,LinearHeuristicAuction,0.025,0.08,,True,,1000,10800,cats_arbitrary_g10b50,,False,CATS,50,arbitrary,MultiMinded,1000,MaxIter,37.29999999999927,742.0273,3,583.324,429.03550000000001,742.0273,762.60921809447268,674.35278068372008,681.32119916467093,1,10,5,39,23
58,10,18,LinearHeuristicAuction,0.025,0.08,,True,,1000,10800,cats_arbitrary_g10b50,,False,CATS,50,arbitrary,MultiMinded,1000,MaxIter,35.45000000000073,927.076,2,790.752,213.971,665.2221999999999,984.00893341561846,69.528964134521374,93.544299906403552,1,10,26,38,28
59,10,15,LinearHeuristicAuction,0.025,0.08,,True,,1000,10800,cats_arbitrary_g10b50,,False,CATS,50,arbitrary,MultiMinded,1000,MaxIter,35.04000000000087,685.266,3,685.266,301.03800000000001,657.7422,724.99634504147389,286.08705972010171,286.08705972010171,1,10,34,39,25
60,10,17,LinearHeuristicAuction,0.025,0.08,,True,,1000,10800,cats_arbitrary_g10b50,,False,CATS,50,arbitrary,MultiMinded,1000,MaxIter,34.590000000000146,763.9352999999999,4,684.98,313.44299999999998,736.1968999999999,728.23391177240887,289.71748141098226,344.35824836255642,1,10,16,38,27
61,10,15,LinearHeuristicAuction,0.025,0.08,,True,,1000,10800,cats_arbitrary_g10b50,,False,CATS,50,arbitrary,MultiMinded,13,Balance,0.42000000000007276,906.867,3,800.076,363.90899999999999,906.867,894.40595417291797,867.11277917291807,887.41538801203114,1,10,9,34,25
62,10,13,LinearHeuristicAuction,0.025,0.08,,True,,1000,10800,cats_arbitrary_g10b50,,False,CATS,50,arbitrary,MultiMinded,1000,MaxIter,33.32999999999993,838.7230000000001,1,739.886,355.20699999999999,729.454,902.67555241083323,0,0.29118665325195536,1,10,11,33,23
63,10,17,LinearHeuristicAuction,0.025,0.08,,True,,1000,10800,cats_arbitrary_g10b50,,False,CATS,50,arbitrary,MultiMinded,1000,MaxIter,35.73999999999978,879.858,1,879.858,289.45299999999997,879.858,910.07330980071708,0,0.0,1,10,45,36,27
64,10,13,LinearHeuristicAuction,0.025,0.08,,True,,1000,10800,cats_arbitrary_g10b50,,False,CATS,50,arbitrary,MultiMinded,14,Balance,0.4499999999989086,699.8910000000001,4,546.14,336.69400000000002,699.8910000000001,673.68502456125225,640.01562456125214,692.9298911041293,1,10,23,31,23
65,10,14,LinearHeuristicAuction,0.025,0.08,,True,,1000,10800,cats_arbitrary_g10b50,,False,CATS,50,arbitrary,MultiMinded,1000,MaxIter,33.67000000000007,747.1110000000001,1,683.377,371.40150000000006,683.377,770.5030391189307,0,4.1568667492343536,1,10,13,34,24
66,10,16,LinearHeuristicAuction,0.025,0.08,,True,,1000,10800,cats_arbitrary_g10b50,,False,CATS,50,arbitrary,MultiMinded,16,Balance,0.5299999999988358,804.7069,4,692.962,241.77600000000001,804.7069,741.5737990881853,717.39619908818531,788.42581953729029,1,10,11,37,26
67,10,15,LinearHeuristicAuction,0.025,0.08,,True,,1000,10800,cats_arbitrary_g10b50,,False,CATS,50,arbitrary,MultiMinded,48,Balance,1.6499999999996362,950.858,2,795.087,420.85149999999999,950.858,950.90015119689758,929.85757619689764,939.02293989978659,1,10,7,37,25
68,10,17,LinearHeuristicAuction,0.025,0.08,,True,,1000,10800,cats_arbitrary_g10b50,,False,CATS,50,arbitrary,MultiMinded,25,Balance,0.8400000000001455,638.514,3,583.892,266.64400000000001,638.514,630.03509038984305,610.03679038984296,629.33500213107573,1,10,7,37,27
69,10,13,LinearHeuristicAuction,0.025,0.08,,True,,1000,10800,cats_arbitrary_g10b50,,False,CATS,50,arbitrary,MultiMinded,1000,MaxIter,37.08999999999833,653.81,1,515.575,365.36749999999995,515.575,680.30654492043402,0,0.0,1,10,28,35,23
70,10,16,LinearHeuristicAuction,0.025,0.08,,True,,1000,10800,cats_arbitrary_g10b50,,False,CATS,50,arbitrary,MultiMinded,1000,MaxIter,34.43000000000029,813.773,1,813.773,239.7945,707.813,866.8379150093599,0,2.152542308622003,1,10,22,39,26
71,10,18,LinearHeuristicAuction,0.025,0.08,,True,,1000,10800,cats_arbitrary_g10b50,,False,CATS,50,arbitrary,MultiMinded,1000,MaxIter,35.840000000000146,936.203,1,936.203,330.1275,936.203,1073.2663510263892,0,7.7457164601713373,1,10,10,40,28
72,10,19,LinearHeuristicAuction,0.025,0.08,,True,,1000,10800,cats_arbitrary_g10b50,,False,CATS,50,arbitrary,MultiMinded,18,Balance,0.6499999999996362,742.889,1,742.889,330.43299999999999,742.889,729.27807078429589,721.01724578429594,740.90426543343096,1,10,5,44,29
73,10,13,LinearHeuristicAuction,0.025,0.08,,True,,1000,10800,cats_arbitrary_g10b50,,False,CATS,50,arbitrary,MultiMinded,1000,MaxIter,33.460000000000946,829.25,1,829.25,443.63649999999996,829.25,914.4873873356056,0,0.80997118732267381,1,10,25,33,23
74,10,17,LinearHeuristicAuction,0.025,0.08,,True,,1000,10800,cats_arbitrary_g10b50,,False,CATS,50,arbitrary,MultiMinded,1000,MaxIter,35.5,785.147,1,785.147,194.18100000000001,785.147,788.76529361382336,783.91076861382339,797.24430448605267,1,10,8,37,27
75,10,14,LinearHeuristicAuction,0.025,0.08,,True,,1000,10800,cats_arbitrary_g10b50,,False,CATS,50,arbitrary,MultiMinded,1000,MaxIter,35.649999999999636,877.244,1,869.635,380.94749999999999,869.635,915.05471001569765,0,5.9023850218055713,1,10,10,37,24
76,10,15,LinearHeuristicAuction,0.025,0.08,,True,,1000,10800,cats_arbitrary_g10b50,,False,CATS,50,arbitrary,MultiMinded,1000,MaxIter,36.280000000000655,772.528,1,772.528,426.029,772.528,814.77047411487104,0,18.920776643153545,1,10,12,41,25
77,10,16,LinearHeuristicAuction,0.025,0.08,,True,,1000,10800,cats_arbitrary_g10b50,,False,CATS,50,arbitrary,MultiMinded,1000,MaxIter,34.79000000000087,610.0541,1,475.061,229.33799999999999,475.061,646.04890709138374,0,28.435428561357043,1,10,22,39,26
78,10,16,LinearHeuristicAuction,0.025,0.08,,True,,1000,10800,cats_arbitrary_g10b50,,False,CATS,50,arbitrary,MultiMinded,1000,MaxIter,34.51000000000022,738.191,1,718.579,283.06200000000001,718.579,810.32435072172177,0,0.43340710838222662,1,10,20,37,26
79,10,16,LinearHeuristicAuction,0.025,0.08,,True,,1000,10800,cats_arbitrary_g10b50,,False,CATS,50,arbitrary,MultiMinded,1000,MaxIter,35.93999999999869,789.0369999999999,1,767.227,328.78500000000003,767.227,834.1776562266889,0,3.0830936127141513,1,10,24,38,26
80,10,14,LinearHeuristicAuction,0.025,0.08,,True,,1000,10800,cats_arbitrary_g10b50,,False,CATS,50,arbitrary,MultiMinded,14,Balance,0.4400000000005093,755.88,1,755.88,295.50850000000003,755.88,760.98798217639717,753.60026967639715,754.67958644793907,1,10,18,30,24
81,10,16,LinearHeuristicAuction,0.025,0.08,,True,,1000,10800,cats_arbitrary_g10b50,,False,CATS,50,arbitrary,MultiMinded,1000,MaxIter,35.4900000000016,454.25449999999995,1,381.144,179.05700000000002,381.144,507.47637016338979,0,0.0,1,10,32,37,26
82,10,14,LinearHeuristicAuction,0.025,0.08,,True,,1000,10800,cats_arbitrary_g10b50,,False,CATS,50,arbitrary,MultiMinded,1000,MaxIter,33.210000000000946,813.1470999999999,1,678.08,361.98400000000004,671.305,918.13220863107676,0,0.0,1,10,22,34,24
83,10,15,LinearHeuristicAuction,0.025,0.08,,True,,1000,10800,cats_arbitrary_g10b50,,False,CATS,50,arbitrary,MultiMinded,1000,MaxIter,34.25,897.3420000000001,1,818.953,242.078,818.953,1009.7717381788325,0,5.4593012353609254,1,10,18,37,25
84,10,14,LinearHeuristicAuction,0.025,0.08,,True,,1000,10800,cats_arbitrary_g10b50,,False,CATS,50,arbitrary,MultiMinded,1000,MaxIter,35.18000000000029,716.866,1,684.777,321.96300000000002,684.777,747.46514093207009,0,0.0,1,10,26,38,24
85,10,11,LinearHeuristicAuction,0.025,0.08,,True,,1000,10800,cats_arbitrary_g10b50,,False,CATS,50,arbitrary,MultiMinded,1000,MaxIter,32.76000000000022,679.457,1,679.457,442.82050000000004,633.967,758.67483609698525,0,0.0,1,10,29,29,21
86,10,15,LinearHeuristicAuction,0.025,0.08,,True,,1000,10800,cats_arbitrary_g10b50,,False,CATS,50,arbitrary,MultiMinded,1000,MaxIter,35.02000000000044,950.965,1,818.766,310.39699999999999,818.766,1074.7120244834077,0,17.510494931903054,1,10,19,38,25
87,10,14,LinearHeuristicAuction,0.025,0.08,,True,,1000,10800,cats_arbitrary_g10b50,,False,CATS,50,arbitrary,MultiMinded,26,Balance,0.8699999999989814,997.2170000000001,3,716.545,235.80250000000001,997.2170000000001,957.0364841289545,939.35129662895451,986.70927124239392,1,10,11,32,24
88,10,14,LinearHeuristicAuction,0.025,0.08,,True,,1000,10800,cats_arbitrary_g10b50,,False,CATS,50,arbitrary,MultiMinded,1000,MaxIter,35.48999999999978,758.38,1,758.38,394.31950000000001,758.38,797.59747127500987,0,1.069836300323459,1,10,10,39,24
89,10,14,LinearHeuristicAuction,0.025,0.08,,True,,1000,10800,cats_arbitrary_g10b50,,False,CATS,50,arbitrary,MultiMinded,29,Balance,0.9799999999995634,732.443,2,644.233,339.30900000000003,732.443,721.70089905440602,704.73544905440599,716.95800871352822,1,10,1,32,24
90,10,14,LinearHeuristicAuction,0.025,0.08,,True,,1000,10800,cats_arbitrary_g10b50,,False,CATS,50,arbitrary,MultiMinded,13,Balance,0.43000000000029104,891.85,3,807.355,295.7045,891.85,881.82847995606892,859.65064245606891,873.23223053878633,1,10,6,35,24
91,10,13,LinearHeuristicAuction,0.025,0.08,,True,,1000,10800,cats_arbitrary_g10b50,,False,CATS,50,arbitrary,MultiMinded,1000,MaxIter,36.56999999999971,812.137,1,812.137,461.255,812.137,837.2591038358272,0,16.17829531222651,1,10,29,37,23
92,10,14,LinearHeuristicAuction,0.025,0.08,,True,,1000,10800,cats_arbitrary_g10b50,,False,CATS,50,arbitrary,MultiMinded,1000,MaxIter,33.399999999999636,621.9174,1,498.679,294.30700000000002,461.569,647.53493857797002,0,7.435613300741295,1,10,25,34,24
93,10,18,LinearHeuristicAuction,0.025,0.08,,True,,1000,10800,cats_arbitrary_g10b50,,False,CATS,50,arbitrary,MultiMinded,16,Balance,0.5499999999992724,768.1442,6,581.443,288.50549999999998,768.1442,735.35334016429431,692.07751516429414,730.95137824847234,1,10,6,39,28
94,10,14,LinearHeuristicAuction,0.025,0.08,,True,,1000,10800,cats_arbitrary_g10b50,,False,CATS,50,arbitrary,MultiMinded,68,Balance,2.2299999999995634,704.947,1,704.947,384.09699999999998,704.947,708.96179497842513,699.35936997842509,699.35936997842509,1,10,10,31,24
95,10,15,LinearHeuristicAuction,0.025,0.08,,True,,1000,10800,cats_arbitrary_g10b50,,False,CATS,50,arbitrary,MultiMinded,1000,MaxIter,33.26000000000022,905.548,1,761.598,373.96699999999998,761.598,966.4107913797161,0,10.943571615220719,1,10,19,34,25
96,10,13,LinearHeuristicAuction,0.025,0.08,,True,,1000,10800,cats_arbitrary_g10b50,,False,CATS,50,arbitrary,MultiMinded,1000,MaxIter,32.5,802.2189,1,774.483,389.73500000000001,725.4,832.23400319501263,0,0.22242235333629878,1,10,10,29,23
97,10,14,LinearHeuristicAuction,0.025,0.08,,True,,1000,10800,cats_arbitrary_g10b50,,False,CATS,50,arbitrary,MultiMinded,20,Balance,0.680000000000291,777.4,1,777.4,409.10199999999998,777.4,782.5611396600334,772.33358966003345,778.44257399825551,1,10,15,34,24
98,10,12,LinearHeuristicAuction,0.025,0.08,,True,,1000,10800,cats_arbitrary_g10b50,,False,CATS,50,arbitrary,MultiMinded,1000,MaxIter,36.710000000000946,899.539,2,899.539,522.91999999999996,784.768,928.4724573306255,119.58523673729459,121.34848007016259,1,10,11,34,22
99,10,13,LinearHeuristicAuction,0.025,0.08,,True,,1000,10800,cats_arbitrary_g10b50,,False,CATS,50,arbitrary,MultiMinded,15,Balance,0.4400000000005093,941.1115,3,769.536,337.6515,941.1115,892.48599543518674,867.16213293518661,944.82361740433328,1,10,16,29,23
100,10,15,LinearHeuristicAuction,0.025,0.08,,True,,1000,10800,cats_arbitrary_g10b50,,False,CATS,50,arbitrary,MultiMinded,1000,MaxIter,35.05999999999949,733.9616,1,691.502,466.54449999999997,691.502,812.56037286885453,0,12.602006432033789,1,10,10,38,25
