idx,items,agents,auction_class,epsilon,stepc,epoch,scalebyvalue,reserve_type,maxiter,maxtime,generator_param_name,personalized,int_prices,generator,bids,distribution,type,rounds,status,runtime,efficient_value,final_num_winners,final_max_agent_value,final_scalevalue,final_value,final_total_price,final_revenue,final_indirect_util,final_price_degree,final_price_sparsity,final_imbalance,final_wd_nvars,final_wd_ncons
1,30,34,LinearSubgradientAuction,0.2,0.01,,True,,1000,10800,cats_arbitrary_g30b150,,False,CATS,150,arbitrary,MultiMinded,1000,MaxIter,1389.0299999999988,1985.8648,7,1958.65,585.33899999999994,1146.5468,2223.2019090696526,488.75415574680483,492.45076817481885,1,30,16,2074,3124
2,30,35,LinearSubgradientAuction,0.2,0.01,,True,,1000,10800,cats_arbitrary_g30b150,,False,CATS,150,arbitrary,MultiMinded,951,Balance,1379.5,2197.79,1,2197.79,440.00599999999997,2197.79,2197.6747726137196,2109.6735726137194,2109.7887999999998,1,30,0,2135,3215
3,30,33,LinearSubgradientAuction,0.2,0.01,,True,,1000,10800,cats_arbitrary_g30b150,,False,CATS,150,arbitrary,MultiMinded,1000,MaxIter,1383.390000000014,2537.724,3,1980.67,603.23800000000006,1425.68,2853.0038900261634,1305.8819441053608,1307.0784168581799,1,30,20,2013,3033
4,30,33,LinearSubgradientAuction,0.2,0.01,,True,,1000,10800,cats_arbitrary_g30b150,,False,CATS,150,arbitrary,MultiMinded,1000,MaxIter,1372.4300000000221,2018.328,2,1780.26,501.12400000000002,380.558,2170.9037341885937,85.154187386473382,110.35419999999999,1,30,28,2013,3033
5,30,32,LinearSubgradientAuction,0.2,0.01,,True,,1000,10800,cats_arbitrary_g30b150,,False,CATS,150,arbitrary,MultiMinded,1000,MaxIter,1307.9300000000221,1876.8708299999998,1,1770.89,624.08600000000001,366.307,2306.2716559974924,0,0.0,1,30,30,1952,2942
6,30,33,LinearSubgradientAuction,0.2,0.01,,True,,1000,10800,cats_arbitrary_g30b150,,False,CATS,150,arbitrary,MultiMinded,1000,MaxIter,1364.9599999999919,2052.619,3,1672.04,727.22400000000005,825.6300000000001,2648.7162862558725,574.36665276394797,575.70774504403096,1,30,14,2013,3033
7,30,30,LinearSubgradientAuction,0.2,0.01,,True,,1000,10800,cats_arbitrary_g30b150,,False,CATS,150,arbitrary,MultiMinded,1000,MaxIter,1247.890000000014,2256.612,1,2088.18,661.12950000000001,1465.41,2658.2060472946077,0,5.6255201112284112,1,30,30,1830,2760
8,30,35,LinearSubgradientAuction,0.2,0.01,,True,,1000,10800,cats_arbitrary_g30b150,,False,CATS,150,arbitrary,MultiMinded,1000,MaxIter,1464.5299999999988,1886.9858,2,1721.43,762.18450000000007,978.205,2060.0276951687874,0.0,0.40882610592763058,1,30,19,2135,3215
9,30,32,LinearSubgradientAuction,0.2,0.01,,True,,1000,10800,cats_arbitrary_g30b150,,False,CATS,150,arbitrary,MultiMinded,577,Balance,761.7900000000081,1903.7699,8,1559.25,844.62750000000005,1754.858,2200.0268901511949,1081.6114487854718,1098.5042775208408,1,30,69,1952,2942
10,30,36,LinearSubgradientAuction,0.2,0.01,,True,,1000,10800,cats_arbitrary_g30b150,,False,CATS,150,arbitrary,MultiMinded,1000,MaxIter,1510.4000000000233,2500.0740000000005,9,2217.68,621.28700000000003,1407.795,2754.9083134799021,571.21875112497901,614.15828705180252,1,30,19,2196,3306
11,30,30,LinearSubgradientAuction,0.2,0.01,,True,,1000,10800,cats_arbitrary_g30b150,,False,CATS,150,arbitrary,MultiMinded,1000,MaxIter,1240.8199999999779,1868.241,3,1447.57,637.68550000000005,1149.634,2400.0096590082308,125.04836562010766,129.47815857562,1,30,25,1830,2760
12,30,32,LinearSubgradientAuction,0.2,0.01,,True,,1000,10800,cats_arbitrary_g30b150,,False,CATS,150,arbitrary,MultiMinded,1000,MaxIter,1327.5899999999965,1629.6809799999999,9,1454.03,563.44500000000005,1137.8508000000002,2042.4713268183637,822.54758697666466,822.90384490864039,1,30,32,1952,2942
13,30,33,LinearSubgradientAuction,0.2,0.01,,True,,1000,10800,cats_arbitrary_g30b150,,False,CATS,150,arbitrary,MultiMinded,1000,MaxIter,1382.5099999999802,1977.1191,10,1667.86,707.56150000000002,510.3992,2241.3739151523455,170.72634770812326,170.72634770812326,1,30,47,2013,3033
14,30,33,LinearSubgradientAuction,0.2,0.01,,True,,1000,10800,cats_arbitrary_g30b150,,False,CATS,150,arbitrary,MultiMinded,578,Balance,803.8399999999965,2717.117,11,1791.51,726.46749999999997,2380.501,2887.7085950691717,1628.3814147245782,1658.4553463304612,1,30,42,2013,3033
15,30,30,LinearSubgradientAuction,0.2,0.01,,True,,1000,10800,cats_arbitrary_g30b150,,False,CATS,150,arbitrary,MultiMinded,1000,MaxIter,1228.9800000000105,2171.381,1,1868.55,921.70799999999997,103.182,2658.0865976114915,0,8.6620289855209762,1,30,30,1830,2760
16,30,34,LinearSubgradientAuction,0.2,0.01,,True,,1000,10800,cats_arbitrary_g30b150,,False,CATS,150,arbitrary,MultiMinded,1000,MaxIter,1400.1199999999953,2091.4660000000003,6,1581.43,466.154,1229.12,2344.5513360939158,918.58452645282546,950.78105290787539,1,30,18,2074,3124
17,30,32,LinearSubgradientAuction,0.2,0.01,,True,,1000,10800,cats_arbitrary_g30b150,,False,CATS,150,arbitrary,MultiMinded,1000,MaxIter,1316.2300000000105,1828.406,4,1506.32,727.10699999999997,647.4567,2036.5381155000646,259.26161162200623,260.89428280106301,1,30,17,1952,2942
18,30,33,LinearSubgradientAuction,0.2,0.01,,True,,1000,10800,cats_arbitrary_g30b150,,False,CATS,150,arbitrary,MultiMinded,1000,MaxIter,1371.1600000000035,2345.2870000000003,2,2117.29,776.08299999999997,48.1373,2621.9353805779556,0.0,8.4283358311678072,1,30,29,2013,3033
19,30,34,LinearSubgradientAuction,0.2,0.01,,True,,1000,10800,cats_arbitrary_g30b150,,False,CATS,150,arbitrary,MultiMinded,1000,MaxIter,1412.1600000000035,2287.142,5,1551.3,564.779,1340.4540000000002,2637.2003494876035,881.05535113094834,889.83436383612479,1,30,13,2074,3124
20,30,34,LinearSubgradientAuction,0.2,0.01,,True,,1000,10800,cats_arbitrary_g30b150,,False,CATS,150,arbitrary,MultiMinded,1000,MaxIter,1418.0,1940.03319,9,1543.36,583.99600000000009,255.37169999999998,2264.7798083900398,16.563826331702231,16.563826331702231,1,30,66,2074,3124
21,30,32,LinearSubgradientAuction,0.2,0.01,,True,,1000,10800,cats_arbitrary_g30b150,,False,CATS,150,arbitrary,MultiMinded,1000,MaxIter,1305.3999999999942,1599.0811999999999,3,1355.45,695.58449999999993,707.8772,2012.7959815281367,51.512807914984307,58.446113992428693,1,30,22,1952,2942
22,30,33,LinearSubgradientAuction,0.2,0.01,,True,,1000,10800,cats_arbitrary_g30b150,,False,CATS,150,arbitrary,MultiMinded,1000,MaxIter,1391.0599999999977,2282.8423000000003,1,1879.28,739.774,161.087,2519.6778092754671,0,0.16445272726869575,1,30,30,2013,3033
23,30,33,LinearSubgradientAuction,0.2,0.01,,True,,1000,10800,cats_arbitrary_g30b150,,False,CATS,150,arbitrary,MultiMinded,1000,MaxIter,1391.7799999999988,2403.9993,1,2044.82,717.20399999999995,1525.76,2851.8500339781062,0,12.600375308225836,1,30,30,2013,3033
24,30,30,LinearSubgradientAuction,0.2,0.01,,True,,1000,10800,cats_arbitrary_g30b150,,False,CATS,150,arbitrary,MultiMinded,1000,MaxIter,1237.5800000000163,2126.121,5,1969.43,482.00350000000003,1663.2220000000002,2526.0723546603485,629.2665416951711,630.68061835226865,1,30,18,1830,2760
25,30,29,LinearSubgradientAuction,0.2,0.01,,True,,1000,10800,cats_arbitrary_g30b150,,False,CATS,150,arbitrary,MultiMinded,1000,MaxIter,1208.820000000007,1852.1607,1,1764.81,936.35900000000004,1576.47,2278.8434477251708,0,0.55786051629695521,1,30,30,1769,2669
26,30,39,LinearSubgradientAuction,0.2,0.01,,True,,1000,10800,cats_arbitrary_g30b150,,False,CATS,150,arbitrary,MultiMinded,220,Balance,359.0200000000186,2465.4804,8,1489.25,632.89699999999993,2344.3244,2570.070790652042,1719.5476601200307,1730.2747743487723,1,30,22,2379,3579
27,30,29,LinearSubgradientAuction,0.2,0.01,,True,,1000,10800,cats_arbitrary_g30b150,,False,CATS,150,arbitrary,MultiMinded,1000,MaxIter,1180.4099999999744,2275.4269999999997,2,1932.93,759.11900000000003,1878.83,2703.2236995062049,1726.9748601832289,1728.5408500368474,1,30,12,1769,2669
28,30,31,LinearSubgradientAuction,0.2,0.01,,True,,1000,10800,cats_arbitrary_g30b150,,False,CATS,150,arbitrary,MultiMinded,1000,MaxIter,1272.2200000000012,2301.5724,12,1458.94,613.274,1023.3102000000001,2470.6938310517694,490.72002027569442,490.72040752175491,1,30,82,1891,2851
29,30,29,LinearSubgradientAuction,0.2,0.01,,True,,1000,10800,cats_arbitrary_g30b150,,False,CATS,150,arbitrary,MultiMinded,1000,MaxIter,1184.25,2007.782,5,1669.06,662.85299999999995,1475.2669999999998,2264.7766787675218,358.29694438576655,363.54434405747168,1,30,15,1769,2669
30,30,35,LinearSubgradientAuction,0.2,0.01,,True,,1000,10800,cats_arbitrary_g30b150,,False,CATS,150,arbitrary,MultiMinded,1000,MaxIter,1435.7299999999814,2161.8298999999997,2,1539.73,524.54999999999995,744.188,2411.8999994729052,136.92969365812948,138.18081793959016,1,30,27,2135,3215
31,30,32,LinearSubgradientAuction,0.2,0.01,,True,,1000,10800,cats_arbitrary_g30b150,,False,CATS,150,arbitrary,MultiMinded,1000,MaxIter,1300.1299999999756,2453.359,7,1724.13,512.56299999999999,1619.976,2671.9196883886616,1084.7569565631377,1115.3446033240909,1,30,14,1952,2942
32,30,34,LinearSubgradientAuction,0.2,0.01,,True,,1000,10800,cats_arbitrary_g30b150,,False,CATS,150,arbitrary,MultiMinded,1000,MaxIter,1400.5500000000175,1818.8858,3,1643.98,574.70600000000002,1355.1039999999998,2209.0790660635425,1125.0180933579682,1126.3248728133285,1,30,14,2074,3124
33,30,33,LinearSubgradientAuction,0.2,0.01,,True,,1000,10800,cats_arbitrary_g30b150,,False,CATS,150,arbitrary,MultiMinded,1000,MaxIter,1384.070000000007,1944.8153000000002,1,1618.49,617.12249999999995,838.802,2183.6286152878902,0,4.0005084836541869,1,30,30,2013,3033
34,30,31,LinearSubgradientAuction,0.2,0.01,,True,,1000,10800,cats_arbitrary_g30b150,,False,CATS,150,arbitrary,MultiMinded,1000,MaxIter,1287.7700000000186,2467.5019,7,2102.79,578.16200000000003,1520.923,2780.7137723733163,1061.2005344587567,1061.2005344587567,1,30,45,1891,2851
35,30,32,LinearSubgradientAuction,0.2,0.01,,True,,1000,10800,cats_arbitrary_g30b150,,False,CATS,150,arbitrary,MultiMinded,1000,MaxIter,1328.820000000007,2108.201,1,1910.3,506.57900000000001,258.351,2447.0229791678116,0,2.0530445377448245,1,30,30,1952,2942
36,30,35,LinearSubgradientAuction,0.2,0.01,,True,,1000,10800,cats_arbitrary_g30b150,,False,CATS,150,arbitrary,MultiMinded,1000,MaxIter,1462.9199999999837,1942.8097999999998,2,1649.39,704.06799999999998,783.199,2128.9899326934274,137.5277599823699,141.08904354279102,1,30,27,2135,3215
37,30,33,LinearSubgradientAuction,0.2,0.01,,True,,1000,10800,cats_arbitrary_g30b150,,False,CATS,150,arbitrary,MultiMinded,1000,MaxIter,1393.4700000000012,1975.334,11,1881.03,532.89949999999999,1082.7096,2304.4134342215962,599.57876325504731,599.57876325504731,1,30,40,2013,3033
38,30,32,LinearSubgradientAuction,0.2,0.01,,True,,1000,10800,cats_arbitrary_g30b150,,False,CATS,150,arbitrary,MultiMinded,1000,MaxIter,1332.929999999993,2501.4829999999997,5,2312.06,839.32600000000002,638.727,2937.3853705617662,313.09649150465447,314.72032103488954,1,30,20,1952,2942
39,30,34,LinearSubgradientAuction,0.2,0.01,,True,,1000,10800,cats_arbitrary_g30b150,,False,CATS,150,arbitrary,MultiMinded,1000,MaxIter,1399.679999999993,2311.536,1,2186.45,533.95749999999998,345.447,2646.130127269721,0,2.7141069264636144,1,30,30,2074,3124
40,30,31,LinearSubgradientAuction,0.2,0.01,,True,,1000,10800,cats_arbitrary_g30b150,,False,CATS,150,arbitrary,MultiMinded,116,Balance,148.05000000001746,1922.01,10,1548.35,753.33299999999997,1755.4170000000001,2137.0026255497173,983.1235437986918,1011.3785541929392,1,30,56,1891,2851
41,30,32,LinearSubgradientAuction,0.2,0.01,,True,,1000,10800,cats_arbitrary_g30b150,,False,CATS,150,arbitrary,MultiMinded,1000,MaxIter,1313.4800000000105,1899.3063,7,1626.29,567.45299999999997,1610.0790000000002,2241.7766974047076,1273.695881192974,1273.695881192974,1,30,46,1952,2942
42,30,35,LinearSubgradientAuction,0.2,0.01,,True,,1000,10800,cats_arbitrary_g30b150,,False,CATS,150,arbitrary,MultiMinded,1000,MaxIter,1450.3399999999965,2374.3837000000003,5,1682.91,707.67899999999997,1388.161,2828.5334290966239,963.78780286546555,965.324180119262,1,30,11,2135,3215
43,30,36,LinearSubgradientAuction,0.2,0.01,,True,,1000,10800,cats_arbitrary_g30b150,,False,CATS,150,arbitrary,MultiMinded,1000,MaxIter,1483.289999999979,2385.76,4,2385.76,501.80000000000001,899.4885999999999,2515.223938161058,586.91533916260676,640.04963866144328,1,30,22,2196,3306
44,30,35,LinearSubgradientAuction,0.2,0.01,,True,,1000,10800,cats_arbitrary_g30b150,,False,CATS,150,arbitrary,MultiMinded,1000,MaxIter,1461.2600000000093,2079.9506999999994,6,1845.76,468.2165,1194.1527,2260.5962383935325,752.79372831282808,759.16785481404042,1,30,14,2135,3215
45,30,30,LinearSubgradientAuction,0.2,0.01,,True,,1000,10800,cats_arbitrary_g30b150,,False,CATS,150,arbitrary,MultiMinded,1000,MaxIter,1215.5100000000093,1973.4939,9,1684.69,518.44550000000004,1054.8609000000001,2251.4402777587106,610.7236731904344,665.25444557975959,1,30,22,1830,2760
46,30,33,LinearSubgradientAuction,0.2,0.01,,True,,1000,10800,cats_arbitrary_g30b150,,False,CATS,150,arbitrary,MultiMinded,1000,MaxIter,1384.679999999993,2174.927,9,1703.31,577.08699999999999,1388.9679999999998,2479.6654893856548,885.05935779551464,930.5698030943812,1,30,44,2013,3033
47,30,36,LinearSubgradientAuction,0.2,0.01,,True,,1000,10800,cats_arbitrary_g30b150,,False,CATS,150,arbitrary,MultiMinded,1000,MaxIter,1494.4800000000105,2134.903,5,1579.3,488.0025,969.469,2437.3908007748714,677.60359798763648,678.6165167962605,1,30,19,2196,3306
48,30,36,LinearSubgradientAuction,0.2,0.01,,True,,1000,10800,cats_arbitrary_g30b150,,False,CATS,150,arbitrary,MultiMinded,1000,MaxIter,1511.0599999999977,2120.0323,13,1723.29,500.82099999999997,1015.7901999999999,2289.0216825687785,561.14525996583143,561.14525996583143,1,30,46,2196,3306
49,30,32,LinearSubgradientAuction,0.2,0.01,,True,,1000,10800,cats_arbitrary_g30b150,,False,CATS,150,arbitrary,MultiMinded,1000,MaxIter,1325.7000000000116,1825.5846,4,1448.16,458.54599999999999,868.761,2098.4349115199634,582.87713827166965,597.68365598879257,1,30,20,1952,2942
50,30,32,LinearSubgradientAuction,0.2,0.01,,True,,1000,10800,cats_arbitrary_g30b150,,False,CATS,150,arbitrary,MultiMinded,263,Balance,349.429999999993,2387.589,4,2137.71,881.64700000000005,2365.493,2529.7381235686626,1881.7766201602813,1886.7560326699031,1,30,23,1952,2942
51,30,31,LinearSubgradientAuction,0.2,0.01,,True,,1000,10800,cats_arbitrary_g30b150,,False,CATS,150,arbitrary,MultiMinded,1000,MaxIter,1294.1600000000035,2404.514,5,2207.65,681.84050000000002,1062.9180000000001,2812.4845075571466,678.37944120751501,821.8667157202284,1,30,18,1891,2851
52,30,34,LinearSubgradientAuction,0.2,0.01,,True,,1000,10800,cats_arbitrary_g30b150,,False,CATS,150,arbitrary,MultiMinded,1000,MaxIter,1416.0899999999965,2070.7699000000002,4,1761.92,837.09500000000003,726.3749,2357.5573030977075,335.47609879112213,341.33427551652318,1,30,21,2074,3124
53,30,34,LinearSubgradientAuction,0.2,0.01,,True,,1000,10800,cats_arbitrary_g30b150,,False,CATS,150,arbitrary,MultiMinded,1000,MaxIter,1402.7300000000105,1944.8844,5,1588.82,654.95799999999997,621.3242,2102.3488297037502,211.69318290720418,275.78654455720459,1,30,12,2074,3124
54,30,30,LinearSubgradientAuction,0.2,0.01,,True,,1000,10800,cats_arbitrary_g30b150,,False,CATS,150,arbitrary,MultiMinded,1000,MaxIter,1223.640000000014,2678.4509,2,2281.57,746.976,1299.006,3003.7106672853456,152.79574636763166,165.94131227310049,1,30,28,1830,2760
55,30,31,LinearSubgradientAuction,0.2,0.01,,True,,1000,10800,cats_arbitrary_g30b150,,False,CATS,150,arbitrary,MultiMinded,1000,MaxIter,1257.8299999999872,2211.653,2,1943.48,726.06700000000001,139.61090000000002,2442.1953993909165,0.0,0.22817174998125012,1,30,29,1891,2851
56,30,29,LinearSubgradientAuction,0.2,0.01,,True,,1000,10800,cats_arbitrary_g30b150,,False,CATS,150,arbitrary,MultiMinded,1000,MaxIter,1190.2900000000081,2093.229,1,1877.5,714.9369999999999,1048.37,2202.6931700296077,0,0.15350359409399061,1,30,30,1769,2669
57,30,31,LinearSubgradientAuction,0.2,0.01,,True,,1000,10800,cats_arbitrary_g30b150,,False,CATS,150,arbitrary,MultiMinded,1000,MaxIter,1262.320000000007,2015.9576000000002,4,1667.14,591.51199999999994,1265.562,2338.8539890366146,1029.0854568882335,1031.1217026113493,1,30,14,1891,2851
58,30,33,LinearSubgradientAuction,0.2,0.01,,True,,1000,10800,cats_arbitrary_g30b150,,False,CATS,150,arbitrary,MultiMinded,1000,MaxIter,1396.6300000000047,2213.6252,6,1937.47,893.10799999999995,428.49969999999996,2574.7310827487822,18.816554005062926,25.093248705182717,1,30,17,2013,3033
59,30,31,LinearSubgradientAuction,0.2,0.01,,True,,1000,10800,cats_arbitrary_g30b150,,False,CATS,150,arbitrary,MultiMinded,1000,MaxIter,1285.8899999999849,2195.5229,2,1710.57,782.62599999999998,782.875,2693.9304374389931,626.2077652177162,628.49788446687091,1,30,22,1891,2851
60,30,36,LinearSubgradientAuction,0.2,0.01,,True,,1000,10800,cats_arbitrary_g30b150,,False,CATS,150,arbitrary,MultiMinded,1000,MaxIter,1512.3299999999872,1802.554,4,1574.08,671.95349999999996,493.84810000000004,2027.9317508450754,127.35068068741904,134.29793129931744,1,30,22,2196,3306
61,30,33,LinearSubgradientAuction,0.2,0.01,,True,,1000,10800,cats_arbitrary_g30b150,,False,CATS,150,arbitrary,MultiMinded,1000,MaxIter,1377.570000000007,1724.4375,2,1339.03,584.49199999999996,203.645,1999.7146985314612,86.448030377711902,87.297521960748568,1,30,26,2013,3033
62,30,36,LinearSubgradientAuction,0.2,0.01,,True,,1000,10800,cats_arbitrary_g30b150,,False,CATS,150,arbitrary,MultiMinded,1000,MaxIter,1511.7299999999814,2437.0683000000004,4,1933.61,814.90999999999997,899.923,2650.5862644087611,612.57671272964592,616.32911471052194,1,30,13,2196,3306
63,30,34,LinearSubgradientAuction,0.2,0.01,,True,,1000,10800,cats_arbitrary_g30b150,,False,CATS,150,arbitrary,MultiMinded,1000,MaxIter,1422.3600000000151,2003.24,3,2003.24,494.63999999999999,918.067,2433.3806759796871,719.56195314999843,723.28556146885251,1,30,20,2074,3124
64,30,34,LinearSubgradientAuction,0.2,0.01,,True,,1000,10800,cats_arbitrary_g30b150,,False,CATS,150,arbitrary,MultiMinded,1000,MaxIter,1415.8500000000058,2039.0195999999999,7,1809.03,585.17600000000004,801.139,2328.8476168627162,451.03375019928012,452.19726595389159,1,30,25,2074,3124
65,30,36,LinearSubgradientAuction,0.2,0.01,,True,,1000,10800,cats_arbitrary_g30b150,,False,CATS,150,arbitrary,MultiMinded,1000,MaxIter,1495.0599999999977,1894.2412000000002,3,1377.42,663.9670000000001,495.71439999999996,2098.5721494768,172.47021882665544,185.42334642598991,1,30,24,2196,3306
66,30,33,LinearSubgradientAuction,0.2,0.01,,True,,1000,10800,cats_arbitrary_g30b150,,False,CATS,150,arbitrary,MultiMinded,1000,MaxIter,1376.2799999999988,2454.29,8,2454.29,522.13300000000004,1215.9214000000002,2558.9875958979123,526.18240190350889,597.54254727426508,1,30,52,2013,3033
67,30,31,LinearSubgradientAuction,0.2,0.01,,True,,1000,10800,cats_arbitrary_g30b150,,False,CATS,150,arbitrary,MultiMinded,1000,MaxIter,1260.3399999999965,2341.4958,3,2017.46,785.07600000000002,1312.4349,2877.6892995374546,190.60343390625738,197.49530245512318,1,30,25,1891,2851
68,30,31,LinearSubgradientAuction,0.2,0.01,,True,,1000,10800,cats_arbitrary_g30b150,,False,CATS,150,arbitrary,MultiMinded,69,Balance,87.07000000000698,2082.3165,8,1694.51,536.65000000000009,2082.3165,2228.6372247942631,1451.5178439686117,1486.4222730196975,1,30,17,1891,2851
69,30,32,LinearSubgradientAuction,0.2,0.01,,True,,1000,10800,cats_arbitrary_g30b150,,False,CATS,150,arbitrary,MultiMinded,1000,MaxIter,1315.6600000000035,2088.0744,6,1731.11,855.64499999999998,1244.7768999999998,2392.9699380610732,833.63653881161747,834.17746368104247,1,30,33,1952,2942
70,30,33,LinearSubgradientAuction,0.2,0.01,,True,,1000,10800,cats_arbitrary_g30b150,,False,CATS,150,arbitrary,MultiMinded,1000,MaxIter,1369.2600000000093,2258.578,6,1454.94,617.26599999999996,1613.003,2674.0836095210661,1244.3868349939214,1244.5867597695274,1,30,31,2013,3033
71,30,33,LinearSubgradientAuction,0.2,0.01,,True,,1000,10800,cats_arbitrary_g30b150,,False,CATS,150,arbitrary,MultiMinded,1000,MaxIter,1386.7000000000116,2247.3372,9,1920.4,499.70499999999998,1351.3139999999999,2540.5561869128442,953.44897259420691,953.44897259420691,1,30,33,2013,3033
72,30,39,LinearSubgradientAuction,0.2,0.01,,True,,1000,10800,cats_arbitrary_g30b150,,False,CATS,150,arbitrary,MultiMinded,1000,MaxIter,1648.7699999999895,2410.0175,1,1662.34,705.94000000000005,280.94,2571.7294414699909,0,0.0050354874078379908,1,30,27,2379,3579
73,30,34,LinearSubgradientAuction,0.2,0.01,,True,,1000,10800,cats_arbitrary_g30b150,,False,CATS,150,arbitrary,MultiMinded,1000,MaxIter,1400.8899999999849,2015.5892,4,1380.57,479.64299999999997,575.111,2279.6007425041021,279.63658991326571,319.76006383124962,1,30,22,2074,3124
74,30,36,LinearSubgradientAuction,0.2,0.01,,True,,1000,10800,cats_arbitrary_g30b150,,False,CATS,150,arbitrary,MultiMinded,1000,MaxIter,1504.6600000000035,2042.097,10,1285.64,413.78699999999998,1326.5266,2270.7965581442181,879.52851229200655,880.60322974692656,1,30,28,2196,3306
75,30,28,LinearSubgradientAuction,0.2,0.01,,True,,1000,10800,cats_arbitrary_g30b150,,False,CATS,150,arbitrary,MultiMinded,1000,MaxIter,1152.7200000000012,1952.3077,7,1522.4,797.30549999999994,1480.416,2794.3233606048029,1167.3564215629021,1167.40863843291,1,30,62,1708,2578
76,30,35,LinearSubgradientAuction,0.2,0.01,,True,,1000,10800,cats_arbitrary_g30b150,,False,CATS,150,arbitrary,MultiMinded,1000,MaxIter,1469.7300000000105,2241.3282000000004,8,1991.23,695.48000000000002,1146.1186,2499.2337439209809,365.62690421136693,370.98546488219876,1,30,18,2135,3215
77,30,29,LinearSubgradientAuction,0.2,0.01,,True,,1000,10800,cats_arbitrary_g30b150,,False,CATS,150,arbitrary,MultiMinded,493,Balance,589.2099999999919,2086.98,8,1735.17,697.00749999999994,1991.6832,2355.36746119604,1487.1558235700475,1503.2590151347827,1,30,95,1769,2669
78,30,34,LinearSubgradientAuction,0.2,0.01,,True,,1000,10800,cats_arbitrary_g30b150,,False,CATS,150,arbitrary,MultiMinded,1000,MaxIter,1392.0599999999977,2141.5101999999997,9,1833.54,620.51150000000007,1308.4767,2451.6238730541745,738.97904613327569,759.463607866541,1,30,26,2074,3124
79,30,32,LinearSubgradientAuction,0.2,0.01,,True,,1000,10800,cats_arbitrary_g30b150,,False,CATS,150,arbitrary,MultiMinded,1000,MaxIter,1310.3099999999977,2182.6516,5,1753.74,722.10699999999997,714.761,2761.0756225799528,271.14488136158974,303.69234058272843,1,30,15,1952,2942
80,30,31,LinearSubgradientAuction,0.2,0.01,,True,,1000,10800,cats_arbitrary_g30b150,,False,CATS,150,arbitrary,MultiMinded,1000,MaxIter,1268.4200000000128,2157.0797,6,1772.89,656.88249999999994,788.627,2424.5852856403708,393.62095793840035,396.9089993825678,1,30,25,1891,2851
81,30,31,LinearSubgradientAuction,0.2,0.01,,True,,1000,10800,cats_arbitrary_g30b150,,False,CATS,150,arbitrary,MultiMinded,1000,MaxIter,1274.8800000000047,1755.3018000000002,2,1603.71,647.50199999999995,413.3508,2170.1070453412681,0.0,6.4285258965004193,1,30,29,1891,2851
82,30,34,LinearSubgradientAuction,0.2,0.01,,True,,1000,10800,cats_arbitrary_g30b150,,False,CATS,150,arbitrary,MultiMinded,1000,MaxIter,1422.1499999999942,2385.8982,2,2112.36,790.75199999999995,1273.261,2658.925141898841,166.41484766193207,223.36426918590689,1,30,27,2074,3124
83,30,32,LinearSubgradientAuction,0.2,0.01,,True,,1000,10800,cats_arbitrary_g30b150,,False,CATS,150,arbitrary,MultiMinded,1000,MaxIter,1306.820000000007,2059.99,2,1826.87,768.11400000000003,847.782,2535.9514957059941,693.44748589891606,699.51690404838439,1,30,19,1952,2942
84,30,33,LinearSubgradientAuction,0.2,0.01,,True,,1000,10800,cats_arbitrary_g30b150,,False,CATS,150,arbitrary,MultiMinded,1000,MaxIter,1392.3799999999756,1978.9186000000002,5,1758.88,838.20399999999995,877.161,2396.885048873593,342.56610531767126,347.84004271258698,1,30,17,2013,3033
85,30,33,LinearSubgradientAuction,0.2,0.01,,True,,1000,10800,cats_arbitrary_g30b150,,False,CATS,150,arbitrary,MultiMinded,430,Balance,597.609999999986,2216.0256,9,2078.55,626.62099999999998,2147.6079,2487.9245994100484,1605.3033813964939,1609.3496988864176,1,30,19,2013,3033
86,30,31,LinearSubgradientAuction,0.2,0.01,,True,,1000,10800,cats_arbitrary_g30b150,,False,CATS,150,arbitrary,MultiMinded,1000,MaxIter,1271.6399999999849,2283.532,7,1809.12,745.29950000000008,589.49,2666.8654989291222,295.15734578420296,295.15734578420296,1,30,70,1891,2851
87,30,36,LinearSubgradientAuction,0.2,0.01,,True,,1000,10800,cats_arbitrary_g30b150,,False,CATS,150,arbitrary,MultiMinded,1000,MaxIter,1510.2400000000198,2522.6901999999995,10,2032.58,563.31899999999996,1341.7799,2894.2374752279757,878.0367762564324,878.0367762564324,1,30,65,2196,3306
88,30,35,LinearSubgradientAuction,0.2,0.01,,True,,1000,10800,cats_arbitrary_g30b150,,False,CATS,150,arbitrary,MultiMinded,1000,MaxIter,1468.2900000000081,2265.08,5,1820.47,452.93900000000002,877.757,2560.3373198668933,179.70069301569981,182.8539376515084,1,30,22,2135,3215
89,30,28,LinearSubgradientAuction,0.2,0.01,,True,,1000,10800,cats_arbitrary_g30b150,,False,CATS,150,arbitrary,MultiMinded,1000,MaxIter,1160.7799999999988,1895.8706000000002,5,1412.37,685.88149999999996,850.9290000000001,2172.4867167765487,455.85925744248073,458.57580338814137,1,30,21,1708,2578
90,30,33,LinearSubgradientAuction,0.2,0.01,,True,,1000,10800,cats_arbitrary_g30b150,,False,CATS,150,arbitrary,MultiMinded,1000,MaxIter,1389.9800000000105,2397.1789,2,2224.82,593.16800000000001,464.14549999999997,2632.3788712062869,0.0,7.4013029651354714,1,30,27,2013,3033
91,30,32,LinearSubgradientAuction,0.2,0.01,,True,,1000,10800,cats_arbitrary_g30b150,,False,CATS,150,arbitrary,MultiMinded,1000,MaxIter,1311.9199999999837,2290.7259999999997,5,1825.1,529.46000000000004,1457.185,2605.5478863765588,1246.1397185767391,1247.0842552336235,1,30,16,1952,2942
92,30,31,LinearSubgradientAuction,0.2,0.01,,True,,1000,10800,cats_arbitrary_g30b150,,False,CATS,150,arbitrary,MultiMinded,1000,MaxIter,1274.8500000000058,1880.9630000000002,4,1586.58,901.44949999999994,631.4459999999999,2112.8769424047491,98.581289658197662,123.7403087524396,1,30,23,1891,2851
93,30,34,LinearSubgradientAuction,0.2,0.01,,True,,1000,10800,cats_arbitrary_g30b150,,False,CATS,150,arbitrary,MultiMinded,1000,MaxIter,1388.640000000014,1815.7306,7,1434.89,540.21100000000001,1743.2409999999998,2006.9409392776863,1310.8159724955924,1311.8185198451033,1,30,12,2074,3124
94,30,36,LinearSubgradientAuction,0.2,0.01,,True,,1000,10800,cats_arbitrary_g30b150,,False,CATS,150,arbitrary,MultiMinded,1000,MaxIter,1503.8500000000058,2435.1574,9,2127.58,687.69500000000005,1177.7354,2747.6848217937882,603.71538256932286,604.19677933271578,1,30,25,2196,3306
95,30,32,LinearSubgradientAuction,0.2,0.01,,True,,1000,10800,cats_arbitrary_g30b150,,False,CATS,150,arbitrary,MultiMinded,225,Balance,293.38000000000466,2424.051,10,1933.55,792.75099999999998,2127.6955,2704.6970341408701,1412.6696183519889,1422.4276610287043,1,30,36,1952,2942
96,30,31,LinearSubgradientAuction,0.2,0.01,,True,,1000,10800,cats_arbitrary_g30b150,,False,CATS,150,arbitrary,MultiMinded,1000,MaxIter,1288.6999999999825,1954.1625,8,1781.86,780.25699999999995,1199.03,2335.6643932639454,732.1700826477952,732.1700826477952,1,30,27,1891,2851
97,30,30,LinearSubgradientAuction,0.2,0.01,,True,,1000,10800,cats_arbitrary_g30b150,,False,CATS,150,arbitrary,MultiMinded,1000,MaxIter,1241.8600000000151,1794.66,6,1264.09,681.495,919.7850000000001,2157.1834519740164,385.860816054476,387.18616844825647,1,30,16,1830,2760
98,30,32,LinearSubgradientAuction,0.2,0.01,,True,,1000,10800,cats_arbitrary_g30b150,,False,CATS,150,arbitrary,MultiMinded,1000,MaxIter,1320.4400000000023,2145.0272,1,2092.47,967.64100000000008,734.082,2642.0940890062743,0,4.6927356970045366,1,30,30,1952,2942
99,30,29,LinearSubgradientAuction,0.2,0.01,,True,,1000,10800,cats_arbitrary_g30b150,,False,CATS,150,arbitrary,MultiMinded,1000,MaxIter,1176.4599999999919,2260.297,8,2093.42,648.17449999999997,1052.281,2709.6272368595914,667.01155656438129,667.01155656438129,1,30,50,1769,2669
100,30,37,LinearSubgradientAuction,0.2,0.01,,True,,1000,10800,cats_arbitrary_g30b150,,False,CATS,150,arbitrary,MultiMinded,1000,MaxIter,1561.1000000000058,2260.7916,13,1588.66,496.72000000000003,1311.7294,2433.2036794463916,602.14204556638197,602.28573808846511,1,30,41,2257,3397
