idx,items,agents,auction_class,epsilon,stepc,epoch,scalebyvalue,reserve_type,maxiter,maxtime,generator_param_name,personalized,int_prices,generator,bids,distribution,type,rounds,status,runtime,efficient_value,final_num_winners,final_max_agent_value,final_scalevalue,final_value,final_total_price,final_revenue,final_indirect_util,final_price_degree,final_price_sparsity,final_imbalance,final_wd_nvars,final_wd_ncons
1,30,34,LinearSubgradientAuction,0.1,0.08,,True,,1000,10800,cats_arbitrary_g30b150,,False,CATS,150,arbitrary,MultiMinded,1000,MaxIter,1423.9500000000116,1985.8648,5,1958.65,585.33899999999994,755.45,2214.4350698054577,517.20545064039209,555.18235999852641,1,30,19,2074,3124
2,30,35,LinearSubgradientAuction,0.1,0.08,,True,,1000,10800,cats_arbitrary_g30b150,,False,CATS,150,arbitrary,MultiMinded,940,Balance,1354.030000000028,2197.79,1,2197.79,440.00599999999997,2197.79,2194.8934945102983,2150.8928945102984,2153.7894000000001,1,30,0,2135,3215
3,30,33,LinearSubgradientAuction,0.1,0.08,,True,,1000,10800,cats_arbitrary_g30b150,,False,CATS,150,arbitrary,MultiMinded,1000,MaxIter,1383.6199999999953,2537.724,2,1980.67,603.23800000000006,1425.68,2829.2131756130293,1362.4636694148753,1385.545913528287,1,30,16,2013,3033
4,30,33,LinearSubgradientAuction,0.1,0.08,,True,,1000,10800,cats_arbitrary_g30b150,,False,CATS,150,arbitrary,MultiMinded,1000,MaxIter,1376.0799999999872,2018.328,8,1780.26,501.12400000000002,1305.4102999999998,2172.6672263183859,1076.0932007021029,1111.1490570879675,1,30,15,2013,3033
5,30,32,LinearSubgradientAuction,0.1,0.08,,True,,1000,10800,cats_arbitrary_g30b150,,False,CATS,150,arbitrary,MultiMinded,1000,MaxIter,1322.4100000000035,1876.8708299999998,4,1770.89,624.08600000000001,609.769,2303.0256181464429,487.36812445995656,506.17934280686745,1,30,21,1952,2942
6,30,33,LinearSubgradientAuction,0.1,0.08,,True,,1000,10800,cats_arbitrary_g30b150,,False,CATS,150,arbitrary,MultiMinded,1000,MaxIter,1373.0099999999802,2052.619,4,1672.04,727.22400000000005,1163.5399,2630.5276274628004,952.07661558594839,968.60692772929042,1,30,11,2013,3033
7,30,30,LinearSubgradientAuction,0.1,0.08,,True,,1000,10800,cats_arbitrary_g30b150,,False,CATS,150,arbitrary,MultiMinded,1000,MaxIter,1235.3500000000058,2256.612,6,2088.18,661.12950000000001,1410.154,2712.3520211021014,1238.3304814960716,1238.3304814960716,1,30,35,1830,2760
8,30,35,LinearSubgradientAuction,0.1,0.08,,True,,1000,10800,cats_arbitrary_g30b150,,False,CATS,150,arbitrary,MultiMinded,1000,MaxIter,1449.7399999999907,1886.9858,2,1721.43,762.18450000000007,443.864,2026.7191673707082,0.0,105.1839734506933,1,30,27,2135,3215
9,30,32,LinearSubgradientAuction,0.1,0.08,,True,,1000,10800,cats_arbitrary_g30b150,,False,CATS,150,arbitrary,MultiMinded,1000,MaxIter,1333.4599999999919,1903.7699,7,1559.25,844.62750000000005,1026.831,2359.2045192035553,850.43354416402383,850.43354416402383,1,30,87,1952,2942
10,30,36,LinearSubgradientAuction,0.1,0.08,,True,,1000,10800,cats_arbitrary_g30b150,,False,CATS,150,arbitrary,MultiMinded,1000,MaxIter,1512.6000000000058,2500.0740000000005,11,2217.68,621.28700000000003,1301.0049999999999,2773.4452858585096,896.99252310600548,948.33869167657394,1,30,34,2196,3306
11,30,30,LinearSubgradientAuction,0.1,0.08,,True,,1000,10800,cats_arbitrary_g30b150,,False,CATS,150,arbitrary,MultiMinded,1000,MaxIter,1232.1300000000047,1868.241,3,1447.57,637.68550000000005,900.9279999999999,2371.6216378485424,213.37222261998636,265.03212862621263,1,30,23,1830,2760
12,30,32,LinearSubgradientAuction,0.1,0.08,,True,,1000,10800,cats_arbitrary_g30b150,,False,CATS,150,arbitrary,MultiMinded,1000,MaxIter,1333.8899999999849,1629.6809799999999,7,1454.03,563.44500000000005,1047.3575,2037.8445208237465,815.33350514189567,827.08920870956422,1,30,18,1952,2942
13,30,33,LinearSubgradientAuction,0.1,0.08,,True,,1000,10800,cats_arbitrary_g30b150,,False,CATS,150,arbitrary,MultiMinded,1000,MaxIter,1368.710000000021,1977.1191,2,1667.86,707.56150000000002,970.1751,2209.9826217743894,10.341134347880555,80.929117364925816,1,30,29,2013,3033
14,30,33,LinearSubgradientAuction,0.1,0.08,,True,,1000,10800,cats_arbitrary_g30b150,,False,CATS,150,arbitrary,MultiMinded,1000,MaxIter,1365.9800000000105,2717.117,6,1791.51,726.46749999999997,1715.773,2873.6521225923652,1081.7756642312211,1118.1298926125762,1,30,14,2013,3033
15,30,30,LinearSubgradientAuction,0.1,0.08,,True,,1000,10800,cats_arbitrary_g30b150,,False,CATS,150,arbitrary,MultiMinded,1000,MaxIter,1231.9300000000221,2171.381,2,1868.55,921.70799999999997,1247.46,2673.5998258682412,1168.7224754118572,1175.3784643187278,1,30,17,1830,2760
16,30,34,LinearSubgradientAuction,0.1,0.08,,True,,1000,10800,cats_arbitrary_g30b150,,False,CATS,150,arbitrary,MultiMinded,1000,MaxIter,1411.3899999999849,2091.4660000000003,6,1581.43,466.154,1380.876,2383.2937156656985,1256.3164040132717,1265.9418453181793,1,30,27,2074,3124
17,30,32,LinearSubgradientAuction,0.1,0.08,,True,,1000,10800,cats_arbitrary_g30b150,,False,CATS,150,arbitrary,MultiMinded,1000,MaxIter,1331.8600000000151,1828.406,7,1506.32,727.10699999999997,1177.054,2078.5044193296385,985.17393214624724,985.17393214624724,1,30,27,1952,2942
18,30,33,LinearSubgradientAuction,0.1,0.08,,True,,1000,10800,cats_arbitrary_g30b150,,False,CATS,150,arbitrary,MultiMinded,1000,MaxIter,1377.7900000000081,2345.2870000000003,4,2117.29,776.08299999999997,1014.7249999999999,2619.0703066672449,865.48848249401681,885.0188431689561,1,30,18,2013,3033
19,30,34,LinearSubgradientAuction,0.1,0.08,,True,,1000,10800,cats_arbitrary_g30b150,,False,CATS,150,arbitrary,MultiMinded,1000,MaxIter,1413.8099999999977,2287.142,7,1551.3,564.779,1182.2199,2645.6503673136872,975.51586866257765,986.78466263315477,1,30,21,2074,3124
20,30,34,LinearSubgradientAuction,0.1,0.08,,True,,1000,10800,cats_arbitrary_g30b150,,False,CATS,150,arbitrary,MultiMinded,1000,MaxIter,1397.9100000000035,1940.03319,7,1543.36,583.99600000000009,710.25,2286.9337602556557,611.99484205563897,613.47610470323048,1,30,38,2074,3124
21,30,32,LinearSubgradientAuction,0.1,0.08,,True,,1000,10800,cats_arbitrary_g30b150,,False,CATS,150,arbitrary,MultiMinded,1000,MaxIter,1334.0,1599.0811999999999,3,1355.45,695.58449999999993,1079.1132,2002.8215039606412,871.85374791869492,890.39135251317032,1,30,16,1952,2942
22,30,33,LinearSubgradientAuction,0.1,0.08,,True,,1000,10800,cats_arbitrary_g30b150,,False,CATS,150,arbitrary,MultiMinded,1000,MaxIter,1386.8700000000244,2282.8423000000003,7,1879.28,739.774,1312.4433000000001,2546.0099311979534,1148.4529021248443,1153.5186876611328,1,30,34,2013,3033
23,30,33,LinearSubgradientAuction,0.1,0.08,,True,,1000,10800,cats_arbitrary_g30b150,,False,CATS,150,arbitrary,MultiMinded,1000,MaxIter,1394.4500000000116,2403.9993,7,2044.82,717.20399999999995,927.007,2922.9685572455382,808.1477703860179,808.69430327004545,1,30,45,2013,3033
24,30,30,LinearSubgradientAuction,0.1,0.08,,True,,1000,10800,cats_arbitrary_g30b150,,False,CATS,150,arbitrary,MultiMinded,1000,MaxIter,1238.0100000000093,2126.121,4,1969.43,482.00350000000003,835.744,2526.8451782093621,742.75945105427149,752.70123978973606,1,30,17,1830,2760
25,30,29,LinearSubgradientAuction,0.1,0.08,,True,,1000,10800,cats_arbitrary_g30b150,,False,CATS,150,arbitrary,MultiMinded,1000,MaxIter,1190.7400000000198,1852.1607,1,1764.81,936.35900000000004,1576.47,2282.9768345122866,0,15.029375294707847,1,30,30,1769,2669
26,30,39,LinearSubgradientAuction,0.1,0.08,,True,,1000,10800,cats_arbitrary_g30b150,,False,CATS,150,arbitrary,MultiMinded,1000,MaxIter,1616.8099999999977,2465.4804,2,1489.25,632.89699999999993,495.299,2552.2855718701699,428.11545520611787,445.36064009866703,1,30,23,2379,3579
27,30,29,LinearSubgradientAuction,0.1,0.08,,True,,1000,10800,cats_arbitrary_g30b150,,False,CATS,150,arbitrary,MultiMinded,1000,MaxIter,1177.7699999999895,2275.4269999999997,2,1932.93,759.11900000000003,916.912,2670.5350809144238,842.82283670119818,849.31278222588367,1,30,4,1769,2669
28,30,31,LinearSubgradientAuction,0.1,0.08,,True,,1000,10800,cats_arbitrary_g30b150,,False,CATS,150,arbitrary,MultiMinded,1000,MaxIter,1278.9500000000116,2301.5724,11,1458.94,613.274,1401.7169,2535.8833550601762,1160.9103340418717,1160.9103340418717,1,30,65,1891,2851
29,30,29,LinearSubgradientAuction,0.1,0.08,,True,,1000,10800,cats_arbitrary_g30b150,,False,CATS,150,arbitrary,MultiMinded,1000,MaxIter,1198.960000000021,2007.782,8,1669.06,662.85299999999995,1229.355,2370.7778868611013,1023.9042585212884,1023.9042585212884,1,30,80,1769,2669
30,30,35,LinearSubgradientAuction,0.1,0.08,,True,,1000,10800,cats_arbitrary_g30b150,,False,CATS,150,arbitrary,MultiMinded,1000,MaxIter,1442.7600000000093,2161.8298999999997,4,1539.73,524.54999999999995,1702.4313,2414.2495616981878,1120.9926897425521,1129.1492919287527,1,30,19,2135,3215
31,30,32,LinearSubgradientAuction,0.1,0.08,,True,,1000,10800,cats_arbitrary_g30b150,,False,CATS,150,arbitrary,MultiMinded,1000,MaxIter,1320.4400000000023,2453.359,2,1724.13,512.56299999999999,1066.016,2718.7485509620738,73.931767254613277,79.947186809636122,1,30,29,1952,2942
32,30,34,LinearSubgradientAuction,0.1,0.08,,True,,1000,10800,cats_arbitrary_g30b150,,False,CATS,150,arbitrary,MultiMinded,1000,MaxIter,1417.6000000000058,1818.8858,1,1643.98,574.70600000000002,98.6156,2235.8970740202526,0,0.0,1,30,30,2074,3124
33,30,33,LinearSubgradientAuction,0.1,0.08,,True,,1000,10800,cats_arbitrary_g30b150,,False,CATS,150,arbitrary,MultiMinded,1000,MaxIter,1369.6300000000047,1944.8153000000002,9,1618.49,617.12249999999995,957.0032,2210.7486596806557,726.18778422849641,726.18778422849641,1,30,26,2013,3033
34,30,31,LinearSubgradientAuction,0.1,0.08,,True,,1000,10800,cats_arbitrary_g30b150,,False,CATS,150,arbitrary,MultiMinded,1000,MaxIter,1278.4499999999825,2467.5019,2,2102.79,578.16200000000003,213.951,2744.1972968116334,154.79150982027733,224.87135775078528,1,30,28,1891,2851
35,30,32,LinearSubgradientAuction,0.1,0.08,,True,,1000,10800,cats_arbitrary_g30b150,,False,CATS,150,arbitrary,MultiMinded,1000,MaxIter,1335.1699999999837,2108.201,1,1910.3,506.57900000000001,258.351,2422.0309544113143,0,18.381408443146057,1,30,30,1952,2942
36,30,35,LinearSubgradientAuction,0.1,0.08,,True,,1000,10800,cats_arbitrary_g30b150,,False,CATS,150,arbitrary,MultiMinded,1000,MaxIter,1450.3800000000047,1942.8097999999998,5,1649.39,704.06799999999998,1409.079,2142.5512310114532,1282.3638161094734,1289.0648555090086,1,30,17,2135,3215
37,30,33,LinearSubgradientAuction,0.1,0.08,,True,,1000,10800,cats_arbitrary_g30b150,,False,CATS,150,arbitrary,MultiMinded,1000,MaxIter,1391.4100000000035,1975.334,12,1881.03,532.89949999999999,1172.5066,2348.3193399153174,938.57267738511757,938.57267738511757,1,30,69,2013,3033
38,30,32,LinearSubgradientAuction,0.1,0.08,,True,,1000,10800,cats_arbitrary_g30b150,,False,CATS,150,arbitrary,MultiMinded,1000,MaxIter,1308.6000000000058,2501.4829999999997,2,2312.06,839.32600000000002,1376.434,2927.1270317791109,371.78255860166894,416.27230981061712,1,30,25,1952,2942
39,30,34,LinearSubgradientAuction,0.1,0.08,,True,,1000,10800,cats_arbitrary_g30b150,,False,CATS,150,arbitrary,MultiMinded,1000,MaxIter,1418.2600000000093,2311.536,5,2186.45,533.95749999999998,1492.8870000000002,2650.4758105717156,1292.0289930265947,1292.0793691442277,1,30,25,2074,3124
40,30,31,LinearSubgradientAuction,0.1,0.08,,True,,1000,10800,cats_arbitrary_g30b150,,False,CATS,150,arbitrary,MultiMinded,1000,MaxIter,1284.5500000000175,1922.01,2,1548.35,753.33299999999997,1161.1613,2172.8099318248851,0.0,0.0019875308103589617,1,30,29,1891,2851
41,30,32,LinearSubgradientAuction,0.1,0.08,,True,,1000,10800,cats_arbitrary_g30b150,,False,CATS,150,arbitrary,MultiMinded,1000,MaxIter,1303.2099999999919,1899.3063,1,1626.29,567.45299999999997,845.96,2251.7169066909864,0,5.9471177994368531,1,30,30,1952,2942
42,30,35,LinearSubgradientAuction,0.1,0.08,,True,,1000,10800,cats_arbitrary_g30b150,,False,CATS,150,arbitrary,MultiMinded,1000,MaxIter,1457.539999999979,2374.3837000000003,2,1682.91,707.67899999999997,1525.806,2804.2690942990062,1137.3501081147044,1185.7594490164397,1,30,19,2135,3215
43,30,36,LinearSubgradientAuction,0.1,0.08,,True,,1000,10800,cats_arbitrary_g30b150,,False,CATS,150,arbitrary,MultiMinded,1000,MaxIter,1485.0600000000268,2385.76,5,2385.76,501.80000000000001,581.387,2520.5100503779354,455.88604973185539,503.600894333692,1,30,23,2196,3306
44,30,35,LinearSubgradientAuction,0.1,0.08,,True,,1000,10800,cats_arbitrary_g30b150,,False,CATS,150,arbitrary,MultiMinded,1000,MaxIter,1447.4800000000105,2079.9506999999994,4,1845.76,468.2165,1205.483,2258.4726950616841,791.85898855701089,821.26244659105248,1,30,16,2135,3215
45,30,30,LinearSubgradientAuction,0.1,0.08,,True,,1000,10800,cats_arbitrary_g30b150,,False,CATS,150,arbitrary,MultiMinded,1000,MaxIter,1224.6900000000023,1973.4939,4,1684.69,518.44550000000004,1154.9245,2272.5292722661347,516.01443674194809,552.25161721787822,1,30,19,1830,2760
46,30,33,LinearSubgradientAuction,0.1,0.08,,True,,1000,10800,cats_arbitrary_g30b150,,False,CATS,150,arbitrary,MultiMinded,1000,MaxIter,1392.9000000000233,2174.927,2,1703.31,577.08699999999999,1022.942,2505.9315880461245,577.29021179455151,616.52939335092037,1,30,23,2013,3033
47,30,36,LinearSubgradientAuction,0.1,0.08,,True,,1000,10800,cats_arbitrary_g30b150,,False,CATS,150,arbitrary,MultiMinded,1000,MaxIter,1512.1399999999849,2134.903,8,1579.3,488.0025,915.0939999999999,2450.7881006608304,830.17289551062368,831.26356665229173,1,30,27,2196,3306
48,30,36,LinearSubgradientAuction,0.1,0.08,,True,,1000,10800,cats_arbitrary_g30b150,,False,CATS,150,arbitrary,MultiMinded,1000,MaxIter,1509.25,2120.0323,2,1723.29,500.82099999999997,1207.255,2280.4249557919461,56.912181060337502,67.836501627440242,1,30,29,2196,3306
49,30,32,LinearSubgradientAuction,0.1,0.08,,True,,1000,10800,cats_arbitrary_g30b150,,False,CATS,150,arbitrary,MultiMinded,1000,MaxIter,1305.3699999999953,1825.5846,4,1448.16,458.54599999999999,399.653,2099.3718392064466,309.30381396284906,338.85711694707766,1,30,20,1952,2942
50,30,32,LinearSubgradientAuction,0.1,0.08,,True,,1000,10800,cats_arbitrary_g30b150,,False,CATS,150,arbitrary,MultiMinded,1000,MaxIter,1316.3800000000047,2387.589,4,2137.71,881.64700000000005,2235.873,2561.8606986814884,2104.9526854594865,2104.9526854594865,1,30,37,1952,2942
51,30,31,LinearSubgradientAuction,0.1,0.08,,True,,1000,10800,cats_arbitrary_g30b150,,False,CATS,150,arbitrary,MultiMinded,1000,MaxIter,1283.3099999999977,2404.514,1,2207.65,681.84050000000002,799.09,2812.1157821926481,0,152.58419572608713,1,30,24,1891,2851
52,30,34,LinearSubgradientAuction,0.1,0.08,,True,,1000,10800,cats_arbitrary_g30b150,,False,CATS,150,arbitrary,MultiMinded,1000,MaxIter,1421.0100000000093,2070.7699000000002,9,1761.92,837.09500000000003,1476.6739,2504.7490213278306,1072.0915138185076,1072.0915138185076,1,30,84,2074,3124
53,30,34,LinearSubgradientAuction,0.1,0.08,,True,,1000,10800,cats_arbitrary_g30b150,,False,CATS,150,arbitrary,MultiMinded,1000,MaxIter,1391.1399999999849,1944.8844,3,1588.82,654.95799999999997,1059.2902,2136.9109124042188,313.72463912688352,358.78070813950899,1,30,24,2074,3124
54,30,30,LinearSubgradientAuction,0.1,0.08,,True,,1000,10800,cats_arbitrary_g30b150,,False,CATS,150,arbitrary,MultiMinded,1000,MaxIter,1236.1100000000151,2678.4509,3,2281.57,746.976,2596.389,2997.5499972360308,2441.1006051869626,2458.4053658408557,1,30,6,1830,2760
55,30,31,LinearSubgradientAuction,0.1,0.08,,True,,1000,10800,cats_arbitrary_g30b150,,False,CATS,150,arbitrary,MultiMinded,1000,MaxIter,1266.5400000000081,2211.653,2,1943.48,726.06700000000001,487.60200000000003,2417.2644652769268,292.86064699512332,352.07422848592392,1,30,24,1891,2851
56,30,29,LinearSubgradientAuction,0.1,0.08,,True,,1000,10800,cats_arbitrary_g30b150,,False,CATS,150,arbitrary,MultiMinded,1000,MaxIter,1183.7300000000105,2093.229,8,1877.5,714.9369999999999,711.617,2234.4786831579586,515.95042272785452,518.99183243732784,1,30,38,1769,2669
57,30,31,LinearSubgradientAuction,0.1,0.08,,True,,1000,10800,cats_arbitrary_g30b150,,False,CATS,150,arbitrary,MultiMinded,1000,MaxIter,1273.6199999999953,2015.9576000000002,4,1667.14,591.51199999999994,1265.562,2337.7824354493414,1145.0797372406287,1155.1626692715076,1,30,13,1891,2851
58,30,33,LinearSubgradientAuction,0.1,0.08,,True,,1000,10800,cats_arbitrary_g30b150,,False,CATS,150,arbitrary,MultiMinded,1000,MaxIter,1398.0,2213.6252,3,1937.47,893.10799999999995,1436.9992,2560.5686391954441,18.234784898396356,65.002923013764061,1,30,27,2013,3033
59,30,31,LinearSubgradientAuction,0.1,0.08,,True,,1000,10800,cats_arbitrary_g30b150,,False,CATS,150,arbitrary,MultiMinded,1000,MaxIter,1266.640000000014,2195.5229,1,1710.57,782.62599999999998,200.829,2789.9345915411809,0,0.0,1,30,30,1891,2851
60,30,36,LinearSubgradientAuction,0.1,0.08,,True,,1000,10800,cats_arbitrary_g30b150,,False,CATS,150,arbitrary,MultiMinded,1000,MaxIter,1496.3600000000151,1802.554,7,1574.08,671.95349999999996,1031.0466,2006.6421324390167,614.87769892988172,702.19784540526234,1,30,14,2196,3306
61,30,33,LinearSubgradientAuction,0.1,0.08,,True,,1000,10800,cats_arbitrary_g30b150,,False,CATS,150,arbitrary,MultiMinded,1000,MaxIter,1397.3999999999942,1724.4375,9,1339.03,584.49199999999996,1305.9795,2063.6430460955585,1094.391324592103,1094.391324592103,1,30,50,2013,3033
62,30,36,LinearSubgradientAuction,0.1,0.08,,True,,1000,10800,cats_arbitrary_g30b150,,False,CATS,150,arbitrary,MultiMinded,1000,MaxIter,1508.8299999999872,2437.0683000000004,4,1933.61,814.90999999999997,1230.8798,2646.8786978530511,1074.9817216824727,1096.4711433949676,1,30,14,2196,3306
63,30,34,LinearSubgradientAuction,0.1,0.08,,True,,1000,10800,cats_arbitrary_g30b150,,False,CATS,150,arbitrary,MultiMinded,1000,MaxIter,1416.5099999999802,2003.24,5,2003.24,494.63999999999999,651.197,2394.8190893098267,502.99240688156948,541.42685922641658,1,30,21,2074,3124
64,30,34,LinearSubgradientAuction,0.1,0.08,,True,,1000,10800,cats_arbitrary_g30b150,,False,CATS,150,arbitrary,MultiMinded,1000,MaxIter,1420.7600000000093,2039.0195999999999,11,1809.03,585.17600000000004,964.4780999999999,2392.9490594262434,756.87417929577953,756.87417929577953,1,30,51,2074,3124
65,30,36,LinearSubgradientAuction,0.1,0.08,,True,,1000,10800,cats_arbitrary_g30b150,,False,CATS,150,arbitrary,MultiMinded,1000,MaxIter,1481.8800000000047,1894.2412000000002,7,1377.42,663.9670000000001,722.213,2173.8530455098316,538.9381355785348,538.9386087722778,1,30,59,2196,3306
66,30,33,LinearSubgradientAuction,0.1,0.08,,True,,1000,10800,cats_arbitrary_g30b150,,False,CATS,150,arbitrary,MultiMinded,1000,MaxIter,1391.3299999999872,2454.29,3,2454.29,522.13300000000004,594.8140000000001,2554.6890939259006,447.9070665904917,546.11487983802419,1,30,21,2013,3033
67,30,31,LinearSubgradientAuction,0.1,0.08,,True,,1000,10800,cats_arbitrary_g30b150,,False,CATS,150,arbitrary,MultiMinded,1000,MaxIter,1268.8699999999953,2341.4958,9,2017.46,785.07600000000002,1463.0357000000001,2990.5767412564069,1130.7266555960839,1130.7266555960839,1,30,66,1891,2851
68,30,31,LinearSubgradientAuction,0.1,0.08,,True,,1000,10800,cats_arbitrary_g30b150,,False,CATS,150,arbitrary,MultiMinded,1000,MaxIter,1269.1000000000058,2082.3165,3,1694.51,536.65000000000009,410.2935,2167.2574289454278,270.99070752335115,312.12496561467816,1,30,24,1891,2851
69,30,32,LinearSubgradientAuction,0.1,0.08,,True,,1000,10800,cats_arbitrary_g30b150,,False,CATS,150,arbitrary,MultiMinded,1000,MaxIter,1316.929999999993,2088.0744,2,1731.11,855.64499999999998,1309.9468000000002,2368.4168582619,0.0,78.751999405462527,1,30,29,1952,2942
70,30,33,LinearSubgradientAuction,0.1,0.08,,True,,1000,10800,cats_arbitrary_g30b150,,False,CATS,150,arbitrary,MultiMinded,1000,MaxIter,1392.1900000000023,2258.578,6,1454.94,617.26599999999996,752.609,2660.2099520877964,571.21348368650092,575.1569135982329,1,30,16,2013,3033
71,30,33,LinearSubgradientAuction,0.1,0.08,,True,,1000,10800,cats_arbitrary_g30b150,,False,CATS,150,arbitrary,MultiMinded,1000,MaxIter,1367.1100000000151,2247.3372,6,1920.4,499.70499999999998,779.506,2537.298882944267,632.18623103790003,645.82838584933904,1,30,21,2013,3033
72,30,39,LinearSubgradientAuction,0.1,0.08,,True,,1000,10800,cats_arbitrary_g30b150,,False,CATS,150,arbitrary,MultiMinded,1000,MaxIter,1653.3800000000047,2410.0175,5,1662.34,705.94000000000005,1342.8713000000002,2549.6995897695742,777.91072013498672,813.14484714149569,1,30,17,2379,3579
73,30,34,LinearSubgradientAuction,0.1,0.08,,True,,1000,10800,cats_arbitrary_g30b150,,False,CATS,150,arbitrary,MultiMinded,1000,MaxIter,1399.9599999999919,2015.5892,5,1380.57,479.64299999999997,1285.4249999999997,2293.8252219551596,1088.1263357180037,1118.093422169977,1,30,14,2074,3124
74,30,36,LinearSubgradientAuction,0.1,0.08,,True,,1000,10800,cats_arbitrary_g30b150,,False,CATS,150,arbitrary,MultiMinded,1000,MaxIter,1506.390000000014,2042.097,4,1285.64,413.78699999999998,932.1076,2254.8845328734014,275.4788138363557,295.96727313330678,1,30,19,2196,3306
75,30,28,LinearSubgradientAuction,0.1,0.08,,True,,1000,10800,cats_arbitrary_g30b150,,False,CATS,150,arbitrary,MultiMinded,1000,MaxIter,1154.1300000000047,1952.3077,5,1522.4,797.30549999999994,1523.696,2797.6145067422485,1363.4623862822348,1369.5184227089633,1,30,18,1708,2578
76,30,35,LinearSubgradientAuction,0.1,0.08,,True,,1000,10800,cats_arbitrary_g30b150,,False,CATS,150,arbitrary,MultiMinded,1000,MaxIter,1466.1700000000128,2241.3282000000004,3,1991.23,695.48000000000002,245.8308,2513.9349046283678,84.30759127820528,96.410423332349794,1,30,27,2135,3215
77,30,29,LinearSubgradientAuction,0.1,0.08,,True,,1000,10800,cats_arbitrary_g30b150,,False,CATS,150,arbitrary,MultiMinded,1000,MaxIter,1173.2600000000093,2086.98,11,1735.17,697.00749999999994,685.8782,2484.7123801446737,529.40658070163363,529.40658070163363,1,30,83,1769,2669
78,30,34,LinearSubgradientAuction,0.1,0.08,,True,,1000,10800,cats_arbitrary_g30b150,,False,CATS,150,arbitrary,MultiMinded,1000,MaxIter,1398.2799999999988,2141.5101999999997,5,1833.54,620.51150000000007,1338.8155,2448.1224975951122,1080.7741539846506,1100.0106080566934,1,30,13,2074,3124
79,30,32,LinearSubgradientAuction,0.1,0.08,,True,,1000,10800,cats_arbitrary_g30b150,,False,CATS,150,arbitrary,MultiMinded,1000,MaxIter,1308.2200000000012,2182.6516,7,1753.74,722.10699999999997,2048.8450000000003,2793.7477584206854,1680.4259343401714,1705.6806141686377,1,30,29,1952,2942
80,30,31,LinearSubgradientAuction,0.1,0.08,,True,,1000,10800,cats_arbitrary_g30b150,,False,CATS,150,arbitrary,MultiMinded,1000,MaxIter,1280.6199999999953,2157.0797,5,1772.89,656.88249999999994,1293.917,2415.6617616830722,884.40217793666557,911.91772648386802,1,30,20,1891,2851
81,30,31,LinearSubgradientAuction,0.1,0.08,,True,,1000,10800,cats_arbitrary_g30b150,,False,CATS,150,arbitrary,MultiMinded,1000,MaxIter,1276.3799999999756,1755.3018000000002,11,1603.71,647.50199999999995,1079.9265400000002,2248.7757836154824,845.73803744583097,845.73803744583097,1,30,60,1891,2851
82,30,34,LinearSubgradientAuction,0.1,0.08,,True,,1000,10800,cats_arbitrary_g30b150,,False,CATS,150,arbitrary,MultiMinded,1000,MaxIter,1426.2299999999814,2385.8982,2,2112.36,790.75199999999995,1181.445,2614.1028912398747,138.55268426212331,309.67622703297582,1,30,26,2074,3124
83,30,32,LinearSubgradientAuction,0.1,0.08,,True,,1000,10800,cats_arbitrary_g30b150,,False,CATS,150,arbitrary,MultiMinded,1000,MaxIter,1307.320000000007,2059.99,6,1826.87,768.11400000000003,1065.027,2570.5046358273416,926.56918496277171,928.03361183963023,1,30,31,1952,2942
84,30,33,LinearSubgradientAuction,0.1,0.08,,True,,1000,10800,cats_arbitrary_g30b150,,False,CATS,150,arbitrary,MultiMinded,1000,MaxIter,1394.820000000007,1978.9186000000002,1,1758.88,838.20399999999995,1143.43,2437.6180707997414,0,2.0297213958262006,1,30,30,2013,3033
85,30,33,LinearSubgradientAuction,0.1,0.08,,True,,1000,10800,cats_arbitrary_g30b150,,False,CATS,150,arbitrary,MultiMinded,1000,MaxIter,1377.3299999999872,2216.0256,5,2078.55,626.62099999999998,728.2586,2496.0296276289982,181.13739989687659,196.09384531831356,1,30,23,2013,3033
86,30,31,LinearSubgradientAuction,0.1,0.08,,True,,1000,10800,cats_arbitrary_g30b150,,False,CATS,150,arbitrary,MultiMinded,1000,MaxIter,1289.6100000000151,2283.532,3,1809.12,745.29950000000008,1202.6570000000002,2633.0564212107233,867.62081949695619,913.40935365103132,1,30,17,1891,2851
87,30,36,LinearSubgradientAuction,0.1,0.08,,True,,1000,10800,cats_arbitrary_g30b150,,False,CATS,150,arbitrary,MultiMinded,1000,MaxIter,1507.9599999999919,2522.6901999999995,1,2032.58,563.31899999999996,1069.92,2861.5814515527345,0,46.273778553867942,1,30,29,2196,3306
88,30,35,LinearSubgradientAuction,0.1,0.08,,True,,1000,10800,cats_arbitrary_g30b150,,False,CATS,150,arbitrary,MultiMinded,1000,MaxIter,1435.0799999999872,2265.08,6,1820.47,452.93900000000002,1201.6019999999999,2577.2040111526007,1036.5081033538613,1037.7407978150488,1,30,31,2135,3215
89,30,28,LinearSubgradientAuction,0.1,0.08,,True,,1000,10800,cats_arbitrary_g30b150,,False,CATS,150,arbitrary,MultiMinded,1000,MaxIter,1157.5599999999977,1895.8706000000002,2,1412.37,685.88149999999996,497.07460000000003,2198.1052934106174,23.458569186946391,29.047844420683518,1,30,29,1708,2578
90,30,33,LinearSubgradientAuction,0.1,0.08,,True,,1000,10800,cats_arbitrary_g30b150,,False,CATS,150,arbitrary,MultiMinded,1000,MaxIter,1372.0199999999895,2397.1789,3,2224.82,593.16800000000001,939.399,2618.0248079163357,810.85892178670565,838.79006548009033,1,30,17,2013,3033
91,30,32,LinearSubgradientAuction,0.1,0.08,,True,,1000,10800,cats_arbitrary_g30b150,,False,CATS,150,arbitrary,MultiMinded,1000,MaxIter,1325.3699999999953,2290.7259999999997,2,1825.1,529.46000000000004,1042.24,2577.6322182866475,985.94361573676258,1006.9178130661223,1,30,19,1952,2942
92,30,31,LinearSubgradientAuction,0.1,0.08,,True,,1000,10800,cats_arbitrary_g30b150,,False,CATS,150,arbitrary,MultiMinded,1000,MaxIter,1271.7799999999988,1880.9630000000002,10,1586.58,901.44949999999994,1006.862,2219.727940667437,746.17911316680431,752.58445766119007,1,30,50,1891,2851
93,30,34,LinearSubgradientAuction,0.1,0.08,,True,,1000,10800,cats_arbitrary_g30b150,,False,CATS,150,arbitrary,MultiMinded,1000,MaxIter,1405.8999999999942,1815.7306,5,1434.89,540.21100000000001,1276.0149999999999,2013.8700211954954,1115.6651331793544,1120.0226014629316,1,30,12,2074,3124
94,30,36,LinearSubgradientAuction,0.1,0.08,,True,,1000,10800,cats_arbitrary_g30b150,,False,CATS,150,arbitrary,MultiMinded,1000,MaxIter,1489.2000000000116,2435.1574,5,2127.58,687.69500000000005,969.6082,2738.8700888029134,684.31056141288116,707.71907681621576,1,30,19,2196,3306
95,30,32,LinearSubgradientAuction,0.1,0.08,,True,,1000,10800,cats_arbitrary_g30b150,,False,CATS,150,arbitrary,MultiMinded,1000,MaxIter,1331.3699999999953,2424.051,7,1933.55,792.75099999999998,1651.9525,2716.8560818575943,1357.7713348803834,1359.7778642528176,1,30,25,1952,2942
96,30,31,LinearSubgradientAuction,0.1,0.08,,True,,1000,10800,cats_arbitrary_g30b150,,False,CATS,150,arbitrary,MultiMinded,1000,MaxIter,1288.929999999993,1954.1625,8,1781.86,780.25699999999995,749.2059999999999,2400.143925992702,636.21400220868475,636.35857845979422,1,30,41,1891,2851
97,30,30,LinearSubgradientAuction,0.1,0.08,,True,,1000,10800,cats_arbitrary_g30b150,,False,CATS,150,arbitrary,MultiMinded,1000,MaxIter,1230.9599999999919,1794.66,3,1264.09,681.495,294.708,2165.2746983333527,230.69532174164976,237.26217002869981,1,30,20,1830,2760
98,30,32,LinearSubgradientAuction,0.1,0.08,,True,,1000,10800,cats_arbitrary_g30b150,,False,CATS,150,arbitrary,MultiMinded,1000,MaxIter,1339.8699999999953,2145.0272,1,2092.47,967.64100000000008,734.082,2673.5936608968241,0,4.5094109459899983,1,30,30,1952,2942
99,30,29,LinearSubgradientAuction,0.1,0.08,,True,,1000,10800,cats_arbitrary_g30b150,,False,CATS,150,arbitrary,MultiMinded,1000,MaxIter,1199.3600000000151,2260.297,8,2093.42,648.17449999999997,899.9359999999999,2758.6292329656053,792.80257170583695,796.10538199155758,1,30,51,1769,2669
100,30,37,LinearSubgradientAuction,0.1,0.08,,True,,1000,10800,cats_arbitrary_g30b150,,False,CATS,150,arbitrary,MultiMinded,1000,MaxIter,1525.1699999999837,2260.7916,11,1588.66,496.72000000000003,898.2698,2475.7505867581499,683.62815855935878,683.62815855935878,1,30,56,2257,3397
