idx,items,agents,auction_class,epsilon,stepc,epoch,scalebyvalue,reserve_type,maxiter,maxtime,generator_param_name,personalized,int_prices,generator,bids,distribution,type,rounds,status,runtime,efficient_value,final_num_winners,final_max_agent_value,final_scalevalue,final_value,final_total_price,final_revenue,final_indirect_util,final_price_degree,final_price_sparsity,final_imbalance,final_wd_nvars,final_wd_ncons
1,10,14,LinearHeuristicAuction,0.05,0.08,,True,,1000,10800,cats_arbitrary_g10b50,,False,CATS,50,arbitrary,MultiMinded,35,Balance,1.1599999999998545,793.971,1,793.971,469.322,793.971,814.86772983253661,791.40162983253663,810.89993734681082,1,10,16,35,24
2,10,17,LinearHeuristicAuction,0.05,0.08,,True,,1000,10800,cats_arbitrary_g10b50,,False,CATS,50,arbitrary,MultiMinded,1000,MaxIter,36.31999999999971,890.9177,1,838.462,457.63549999999998,838.462,981.38603369345685,0,19.505469237583583,1,10,12,39,27
3,10,13,LinearHeuristicAuction,0.05,0.08,,True,,1000,10800,cats_arbitrary_g10b50,,False,CATS,50,arbitrary,MultiMinded,1000,MaxIter,34.95999999999913,689.11,1,689.11,373.73599999999999,689.11,739.8144935029178,0,6.5507281779941309,1,10,10,34,23
4,10,17,LinearHeuristicAuction,0.05,0.08,,True,,1000,10800,cats_arbitrary_g10b50,,False,CATS,50,arbitrary,MultiMinded,22,Balance,0.7600000000002183,673.823,1,673.823,310.16499999999996,673.823,681.55875772592071,666.05050772592074,683.83462903067834,1,10,16,36,27
5,10,13,LinearHeuristicAuction,0.05,0.08,,True,,1000,10800,cats_arbitrary_g10b50,,False,CATS,50,arbitrary,MultiMinded,13,Balance,0.4099999999998545,758.773,1,758.773,337.48050000000001,758.773,773.81357556432431,756.93955056432435,756.93955056432435,1,10,10,28,23
6,10,14,LinearHeuristicAuction,0.05,0.08,,True,,1000,10800,cats_arbitrary_g10b50,,False,CATS,50,arbitrary,MultiMinded,65,Balance,2.2700000000004366,841.028,2,744.08,361.97500000000002,841.028,840.45315426305046,804.25565426305047,831.00642254784839,1,10,13,33,24
7,10,16,LinearHeuristicAuction,0.05,0.08,,True,,1000,10800,cats_arbitrary_g10b50,,False,CATS,50,arbitrary,MultiMinded,14,Balance,0.46999999999934516,859.6020000000001,2,710.786,293.07349999999997,859.6020000000001,873.15534378619054,843.8479937861905,843.8479937861905,1,10,9,35,26
8,10,14,LinearHeuristicAuction,0.05,0.08,,True,,1000,10800,cats_arbitrary_g10b50,,False,CATS,50,arbitrary,MultiMinded,19,Balance,0.6400000000012369,556.7090000000001,2,486.526,246.58600000000001,556.7090000000001,561.35196913038749,536.69336913038751,551.61503164325802,1,10,14,31,24
9,10,20,LinearHeuristicAuction,0.05,0.08,,True,,1000,10800,cats_arbitrary_g10b50,,False,CATS,50,arbitrary,MultiMinded,76,Balance,2.8799999999991996,650.389,2,411.483,212.66149999999999,650.389,648.93781961760214,627.67166961760222,633.22593202757594,1,10,7,44,30
10,10,16,LinearHeuristicAuction,0.05,0.08,,True,,1000,10800,cats_arbitrary_g10b50,,False,CATS,50,arbitrary,MultiMinded,22,Balance,0.75,974.512,1,974.512,305.01999999999998,974.512,952.61127239624466,937.36027239624468,982.22986406065843,1,10,13,36,26
11,10,18,LinearHeuristicAuction,0.05,0.08,,True,,1000,10800,cats_arbitrary_g10b50,,False,CATS,50,arbitrary,MultiMinded,4,Balance,0.13999999999941792,903.4137000000001,5,690.32,184.28,903.4137000000001,860.79259391321989,814.72259391321984,869.58884480492668,1,10,9,39,28
12,10,18,LinearHeuristicAuction,0.05,0.08,,True,,1000,10800,cats_arbitrary_g10b50,,False,CATS,50,arbitrary,MultiMinded,36,Balance,1.3500000000003638,476.0346,2,416.605,211.79050000000001,476.0346,482.96767640848469,461.78862640848473,472.24823734968919,1,10,26,41,28
13,10,14,LinearHeuristicAuction,0.05,0.08,,True,,1000,10800,cats_arbitrary_g10b50,,False,CATS,50,arbitrary,MultiMinded,21,Balance,0.6900000000005093,761.647,1,761.647,337.08749999999998,761.647,771.83268855946426,754.97831355946425,754.97831355946425,1,10,10,32,24
14,10,14,LinearHeuristicAuction,0.05,0.08,,True,,1000,10800,cats_arbitrary_g10b50,,False,CATS,50,arbitrary,MultiMinded,32,Balance,1.0200000000004366,1115.4950000000001,2,880.107,393.411,1115.4950000000001,1061.5738852350673,1022.2327852350675,1109.8970362179805,1,10,19,35,24
15,10,12,LinearHeuristicAuction,0.05,0.08,,True,,1000,10800,cats_arbitrary_g10b50,,False,CATS,50,arbitrary,MultiMinded,77,Balance,2.4500000000007276,871.33,1,871.33,381.12349999999998,871.33,866.7157565872908,847.65958158729075,858.47498337475599,1,10,8,27,22
16,10,14,LinearHeuristicAuction,0.05,0.08,,True,,1000,10800,cats_arbitrary_g10b50,,False,CATS,50,arbitrary,MultiMinded,20,Balance,0.680000000000291,779.7001,5,571.996,300.363,779.7001,765.19254846967954,690.10179846967947,726.69852645555875,1,10,7,33,24
17,10,13,LinearHeuristicAuction,0.05,0.08,,True,,1000,10800,cats_arbitrary_g10b50,,False,CATS,50,arbitrary,MultiMinded,26,Balance,0.820000000001528,721.2810000000001,2,640.028,297.31799999999998,721.2810000000001,723.95395406453576,694.22215406453574,709.73100688200748,1,10,12,31,23
18,10,18,LinearHeuristicAuction,0.05,0.08,,True,,1000,10800,cats_arbitrary_g10b50,,False,CATS,50,arbitrary,MultiMinded,25,Balance,0.9099999999998545,1005.5310000000001,2,868.696,380.75,1005.5310000000001,1003.7112267022978,965.63622670229779,1000.9649778460381,1,10,17,40,28
19,10,14,LinearHeuristicAuction,0.05,0.08,,True,,1000,10800,cats_arbitrary_g10b50,,False,CATS,50,arbitrary,MultiMinded,1000,MaxIter,34.970000000001164,832.065,2,642.87,411.233,832.065,891.33970434075206,622.18732138850555,623.33622987489878,1,10,9,32,24
20,10,14,LinearHeuristicAuction,0.05,0.08,,True,,1000,10800,cats_arbitrary_g10b50,,False,CATS,50,arbitrary,MultiMinded,26,Balance,0.8899999999994179,615.5416,4,453.46,272.30500000000001,615.5416,600.20025682763367,545.73925682763365,567.97185356872671,1,10,4,32,24
21,10,17,LinearHeuristicAuction,0.05,0.08,,True,,1000,10800,cats_arbitrary_g10b50,,False,CATS,50,arbitrary,MultiMinded,1000,MaxIter,36.57999999999993,618.958,1,618.958,240.48899999999998,618.958,657.52251148273399,0,0.0009674316479433287,1,10,30,40,27
22,10,13,LinearHeuristicAuction,0.05,0.08,,True,,1000,10800,cats_arbitrary_g10b50,,False,CATS,50,arbitrary,MultiMinded,1000,MaxIter,34.01000000000022,879.723,1,879.723,407.96800000000002,769.71,1020.487259005594,0,11.394570272298893,1,10,10,32,23
23,10,15,LinearHeuristicAuction,0.05,0.08,,True,,1000,10800,cats_arbitrary_g10b50,,False,CATS,50,arbitrary,MultiMinded,35,Balance,1.1899999999986903,977.097,1,977.097,436.84800000000001,977.097,998.22964023114605,976.38724023114605,985.8418929376885,1,10,22,32,25
24,10,13,LinearHeuristicAuction,0.05,0.08,,True,,1000,10800,cats_arbitrary_g10b50,,False,CATS,50,arbitrary,MultiMinded,1000,MaxIter,34.6299999999992,612.4065,1,552.965,296.99549999999999,552.965,644.28258425814988,0,5.2225451894122159,1,10,10,35,23
25,10,16,LinearHeuristicAuction,0.05,0.08,,True,,1000,10800,cats_arbitrary_g10b50,,False,CATS,50,arbitrary,MultiMinded,1000,MaxIter,35.27000000000044,742.2606000000001,1,689.211,308.97050000000002,689.211,759.33915361194806,0,3.3077038187471715,1,10,20,37,26
26,10,13,LinearHeuristicAuction,0.05,0.08,,True,,1000,10800,cats_arbitrary_g10b50,,False,CATS,50,arbitrary,MultiMinded,1000,MaxIter,36.06000000000131,887.9649999999999,1,818.015,382.74599999999998,818.015,919.67815125729533,0,0.000115605340013758,1,10,32,38,23
27,10,13,LinearHeuristicAuction,0.05,0.08,,True,,1000,10800,cats_arbitrary_g10b50,,False,CATS,50,arbitrary,MultiMinded,1000,MaxIter,34.26000000000022,775.689,1,775.689,348.334,308.533,835.70402870846249,0,0.0,1,10,29,34,23
28,10,15,LinearHeuristicAuction,0.05,0.08,,True,,1000,10800,cats_arbitrary_g10b50,,False,CATS,50,arbitrary,MultiMinded,27,Balance,0.8900000000012369,604.885,1,604.885,314.90100000000001,604.885,613.97950317953917,598.23445317953917,603.30584665525384,1,10,13,36,25
29,10,12,LinearHeuristicAuction,0.05,0.08,,True,,1000,10800,cats_arbitrary_g10b50,,False,CATS,50,arbitrary,MultiMinded,1000,MaxIter,31.76000000000022,642.809,1,642.809,296.26149999999996,574.789,723.03822395759153,0,3.7708194084938782,1,10,10,32,22
30,10,16,LinearHeuristicAuction,0.05,0.08,,True,,1000,10800,cats_arbitrary_g10b50,,False,CATS,50,arbitrary,MultiMinded,26,Balance,0.8899999999994179,754.962,3,660.473,247.715,754.962,745.54990011643031,708.39265011643022,756.36759589648079,1,10,20,37,26
31,10,15,LinearHeuristicAuction,0.05,0.08,,True,,1000,10800,cats_arbitrary_g10b50,,False,CATS,50,arbitrary,MultiMinded,1000,MaxIter,35.840000000000146,914.694,1,907.121,520.11850000000004,907.121,1004.9926146180958,0,0.0,1,10,37,37,25
32,10,13,LinearHeuristicAuction,0.05,0.08,,True,,1000,10800,cats_arbitrary_g10b50,,False,CATS,50,arbitrary,MultiMinded,1000,MaxIter,33.19000000000051,619.2586,1,603.07,291.851,603.07,716.84106902459951,0,6.9344894284343468,1,10,10,34,23
33,10,16,LinearHeuristicAuction,0.05,0.08,,True,,1000,10800,cats_arbitrary_g10b50,,False,CATS,50,arbitrary,MultiMinded,16,Balance,0.5200000000004366,622.297,1,622.297,224.69200000000001,622.297,630.17548582735503,618.94088582735503,632.24036949456809,1,10,21,37,26
34,10,15,LinearHeuristicAuction,0.05,0.08,,True,,1000,10800,cats_arbitrary_g10b50,,False,CATS,50,arbitrary,MultiMinded,24,Balance,0.8099999999994907,868.13,3,756.065,258.05500000000001,868.13,844.99859296948432,806.2903429694843,844.44023604769654,1,10,14,35,25
35,10,15,LinearHeuristicAuction,0.05,0.08,,True,,1000,10800,cats_arbitrary_g10b50,,False,CATS,50,arbitrary,MultiMinded,1000,MaxIter,34.6200000000008,804.713,1,804.713,330.97899999999998,804.713,822.94485702308043,0,13.548274277690297,1,10,14,34,25
36,10,15,LinearHeuristicAuction,0.05,0.08,,True,,1000,10800,cats_arbitrary_g10b50,,False,CATS,50,arbitrary,MultiMinded,1000,MaxIter,37.26999999999862,643.0699999999999,1,632.425,412.71300000000002,632.425,666.19739206266149,0,4.6430542322508188,1,10,17,37,25
37,10,12,LinearHeuristicAuction,0.05,0.08,,True,,1000,10800,cats_arbitrary_g10b50,,False,CATS,50,arbitrary,MultiMinded,1000,MaxIter,33.31000000000131,701.3026000000001,1,634.495,369.97450000000003,634.495,748.73124726891876,0,4.6548379364313348,1,10,21,32,22
38,10,14,LinearHeuristicAuction,0.05,0.08,,True,,1000,10800,cats_arbitrary_g10b50,,False,CATS,50,arbitrary,MultiMinded,1000,MaxIter,36.11000000000058,691.88,1,653.657,339.25200000000001,653.657,744.7017242851241,0,8.8817637970332157,1,10,15,36,24
39,10,18,LinearHeuristicAuction,0.05,0.08,,True,,1000,10800,cats_arbitrary_g10b50,,False,CATS,50,arbitrary,MultiMinded,22,Balance,0.7999999999992724,955.2540000000001,3,721.473,276.10400000000004,955.2540000000001,941.3327894241836,899.91718942418356,919.80260505648971,1,10,1,40,28
40,10,15,LinearHeuristicAuction,0.05,0.08,,True,,1000,10800,cats_arbitrary_g10b50,,False,CATS,50,arbitrary,MultiMinded,1000,MaxIter,35.68000000000029,882.337,1,850.424,422.59100000000001,850.424,918.25084581547219,0,1.4445961861392362,1,10,23,37,25
41,10,14,LinearHeuristicAuction,0.05,0.08,,True,,1000,10800,cats_arbitrary_g10b50,,False,CATS,50,arbitrary,MultiMinded,1000,MaxIter,33.56999999999971,806.5720000000001,1,744.105,394.66899999999998,744.105,829.24705440475896,0,0.0,1,10,28,34,24
42,10,12,LinearHeuristicAuction,0.05,0.08,,True,,1000,10800,cats_arbitrary_g10b50,,False,CATS,50,arbitrary,MultiMinded,1000,MaxIter,32.02000000000044,674.607,1,650.249,261.25450000000001,650.249,692.32452138408121,0,0.82252029471862897,1,10,23,28,22
43,10,18,LinearHeuristicAuction,0.05,0.08,,True,,1000,10800,cats_arbitrary_g10b50,,False,CATS,50,arbitrary,MultiMinded,13,Balance,0.48000000000138243,710.9245999999999,2,698.897,258.83499999999998,710.9245999999999,707.21004170985964,681.32654170985961,707.19537514160709,1,10,8,39,28
44,10,12,LinearHeuristicAuction,0.05,0.08,,True,,1000,10800,cats_arbitrary_g10b50,,False,CATS,50,arbitrary,MultiMinded,1000,MaxIter,34.63000000000102,748.73,1,701.292,407.33100000000002,628.181,776.37777684628975,0,0.0,1,10,19,37,22
45,10,15,LinearHeuristicAuction,0.05,0.08,,True,,1000,10800,cats_arbitrary_g10b50,,False,CATS,50,arbitrary,MultiMinded,21,Balance,0.7399999999997817,753.639,3,656.884,388.58100000000002,753.639,751.00369911315761,692.71654911315761,699.8932754351008,1,10,2,34,25
46,10,17,LinearHeuristicAuction,0.05,0.08,,True,,1000,10800,cats_arbitrary_g10b50,,False,CATS,50,arbitrary,MultiMinded,24,Balance,0.8299999999999272,944.9340000000001,4,844.841,403.99299999999999,944.9340000000001,944.78378462658407,863.98518462658399,907.09987387223998,1,10,8,37,27
47,10,14,LinearHeuristicAuction,0.05,0.08,,True,,1000,10800,cats_arbitrary_g10b50,,False,CATS,50,arbitrary,MultiMinded,1000,MaxIter,32.350000000000364,898.101,1,893.489,324.04449999999997,893.489,928.3650056521376,0,4.221988695724832,1,10,10,30,24
48,10,15,LinearHeuristicAuction,0.05,0.08,,True,,1000,10800,cats_arbitrary_g10b50,,False,CATS,50,arbitrary,MultiMinded,16,Balance,0.5400000000008731,889.443,3,787.484,397.44799999999998,889.443,889.40973230658199,829.79253230658207,842.02903529910782,1,10,3,35,25
49,10,14,LinearHeuristicAuction,0.05,0.08,,True,,1000,10800,cats_arbitrary_g10b50,,False,CATS,50,arbitrary,MultiMinded,22,Balance,0.7600000000002183,945.042,2,781.262,432.49200000000002,945.042,939.67202906490547,896.42282906490539,931.1245618681703,1,10,7,34,24
50,10,14,LinearHeuristicAuction,0.05,0.08,,True,,1000,10800,cats_arbitrary_g10b50,,False,CATS,50,arbitrary,MultiMinded,1000,MaxIter,33.19000000000051,815.381,1,698.568,297.62700000000001,698.568,885.57715170332403,0,6.7896408594922946,1,10,21,33,24
51,10,19,LinearHeuristicAuction,0.05,0.08,,True,,1000,10800,cats_arbitrary_g10b50,,False,CATS,50,arbitrary,MultiMinded,37,Balance,1.3799999999991996,593.082,1,593.082,349.66500000000002,593.082,606.80524157673653,589.32199157673654,605.19473325533681,1,10,23,44,29
52,10,12,LinearHeuristicAuction,0.05,0.08,,True,,1000,10800,cats_arbitrary_g10b50,,False,CATS,50,arbitrary,MultiMinded,1000,MaxIter,31.290000000000873,842.818,1,842.818,428.04949999999997,842.818,923.64260171068486,0,6.7519430465260939,1,10,30,30,22
53,10,17,LinearHeuristicAuction,0.05,0.08,,True,,1000,10800,cats_arbitrary_g10b50,,False,CATS,50,arbitrary,MultiMinded,1000,MaxIter,35.30999999999949,787.8274,1,644.907,269.82600000000002,644.907,804.4910917580529,0,11.263678943047097,1,10,19,41,27
54,10,14,LinearHeuristicAuction,0.05,0.08,,True,,1000,10800,cats_arbitrary_g10b50,,False,CATS,50,arbitrary,MultiMinded,19,Balance,0.6200000000008004,810.751,3,699.486,371.92899999999997,810.751,803.93124975394176,748.14189975394174,769.05809099662054,1,10,12,30,24
55,10,14,LinearHeuristicAuction,0.05,0.08,,True,,1000,10800,cats_arbitrary_g10b50,,False,CATS,50,arbitrary,MultiMinded,1000,MaxIter,34.280000000000655,778.56,2,652.834,405.49599999999998,751.668,785.02364281436678,574.31907748093806,574.31907748093806,1,10,7,32,24
56,10,14,LinearHeuristicAuction,0.05,0.08,,True,,1000,10800,cats_arbitrary_g10b50,,False,CATS,50,arbitrary,MultiMinded,1000,MaxIter,36.340000000000146,720.833,1,718.63,414.24000000000001,659.11,765.44200934876881,0,0.0,1,10,43,35,24
57,10,13,LinearHeuristicAuction,0.05,0.08,,True,,1000,10800,cats_arbitrary_g10b50,,False,CATS,50,arbitrary,MultiMinded,1000,MaxIter,37.27000000000044,742.0273,3,583.324,429.03550000000001,742.0273,762.60921809447268,652.90100568372009,659.86942416467093,1,10,5,39,23
58,10,18,LinearHeuristicAuction,0.05,0.08,,True,,1000,10800,cats_arbitrary_g10b50,,False,CATS,50,arbitrary,MultiMinded,1000,MaxIter,34.909999999999854,927.076,2,790.752,213.971,665.2221999999999,984.00893341561846,64.179689134521382,88.19502490640356,1,10,26,38,28
59,10,15,LinearHeuristicAuction,0.05,0.08,,True,,1000,10800,cats_arbitrary_g10b50,,False,CATS,50,arbitrary,MultiMinded,1000,MaxIter,35.340000000000146,685.266,3,685.266,301.03800000000001,657.7422,724.99634504147389,347.68648512064908,347.68648512064908,1,10,34,39,25
60,10,17,LinearHeuristicAuction,0.05,0.08,,True,,1000,10800,cats_arbitrary_g10b50,,False,CATS,50,arbitrary,MultiMinded,1000,MaxIter,35.42000000000007,763.9352999999999,4,684.98,313.44299999999998,736.1968999999999,728.23391177240887,266.20925641098228,320.8500233625565,1,10,16,38,27
61,10,15,LinearHeuristicAuction,0.05,0.08,,True,,1000,10800,cats_arbitrary_g10b50,,False,CATS,50,arbitrary,MultiMinded,13,Balance,0.43000000000029104,906.867,3,800.076,363.90899999999999,906.867,894.40595417291797,839.81960417291793,860.12221301203101,1,10,9,34,25
62,10,13,LinearHeuristicAuction,0.05,0.08,,True,,1000,10800,cats_arbitrary_g10b50,,False,CATS,50,arbitrary,MultiMinded,1000,MaxIter,34.340000000000146,838.7230000000001,1,739.886,355.20699999999999,729.454,902.67555241083323,0,0.29118665325195536,1,10,11,33,23
63,10,17,LinearHeuristicAuction,0.05,0.08,,True,,1000,10800,cats_arbitrary_g10b50,,False,CATS,50,arbitrary,MultiMinded,62,Balance,2.1200000000008004,879.858,1,879.858,289.45299999999997,879.858,890.34314077078511,875.87049077078507,902.28442830663494,1,10,36,36,27
64,10,13,LinearHeuristicAuction,0.05,0.08,,True,,1000,10800,cats_arbitrary_g10b50,,False,CATS,50,arbitrary,MultiMinded,14,Balance,0.43000000000029104,699.8910000000001,4,546.14,336.69400000000002,699.8910000000001,673.68502456125225,606.34622456125226,659.26049110412941,1,10,23,31,23
65,10,14,LinearHeuristicAuction,0.05,0.08,,True,,1000,10800,cats_arbitrary_g10b50,,False,CATS,50,arbitrary,MultiMinded,1000,MaxIter,32.659999999999854,747.1110000000001,1,683.377,371.40150000000006,683.377,770.5030391189307,0,4.1568667492343536,1,10,13,34,24
66,10,16,LinearHeuristicAuction,0.05,0.08,,True,,1000,10800,cats_arbitrary_g10b50,,False,CATS,50,arbitrary,MultiMinded,16,Balance,0.5,804.7069,4,692.962,241.77600000000001,804.7069,741.5737990881853,693.21859908818533,764.24821953729031,1,10,11,37,26
67,10,15,LinearHeuristicAuction,0.05,0.08,,True,,1000,10800,cats_arbitrary_g10b50,,False,CATS,50,arbitrary,MultiMinded,44,Balance,1.5199999999986176,950.858,2,795.087,420.85149999999999,950.858,918.43407416851267,876.34892416851267,958.48647911430544,1,10,28,37,25
68,10,17,LinearHeuristicAuction,0.05,0.08,,True,,1000,10800,cats_arbitrary_g10b50,,False,CATS,50,arbitrary,MultiMinded,22,Balance,0.7900000000008731,638.514,3,583.892,266.64400000000001,638.514,634.48933462754815,594.49273462754809,615.87732015509846,1,10,3,36,27
69,10,13,LinearHeuristicAuction,0.05,0.08,,True,,1000,10800,cats_arbitrary_g10b50,,False,CATS,50,arbitrary,MultiMinded,1000,MaxIter,36.460000000000946,653.81,1,515.575,365.36749999999995,515.575,680.30654492043402,0,0.0,1,10,28,35,23
70,10,16,LinearHeuristicAuction,0.05,0.08,,True,,1000,10800,cats_arbitrary_g10b50,,False,CATS,50,arbitrary,MultiMinded,1000,MaxIter,35.61999999999898,813.773,1,813.773,239.7945,707.813,866.8379150093599,0,2.152542308622003,1,10,22,39,26
71,10,18,LinearHeuristicAuction,0.05,0.08,,True,,1000,10800,cats_arbitrary_g10b50,,False,CATS,50,arbitrary,MultiMinded,1000,MaxIter,34.8799999999992,936.203,1,936.203,330.1275,936.203,1073.2663510263892,0,7.7457164601713373,1,10,10,40,28
72,10,19,LinearHeuristicAuction,0.05,0.08,,True,,1000,10800,cats_arbitrary_g10b50,,False,CATS,50,arbitrary,MultiMinded,18,Balance,0.6499999999996362,742.889,1,742.889,330.43299999999999,742.889,729.27807078429589,712.75642078429587,732.6434404334309,1,10,5,44,29
73,10,13,LinearHeuristicAuction,0.05,0.08,,True,,1000,10800,cats_arbitrary_g10b50,,False,CATS,50,arbitrary,MultiMinded,1000,MaxIter,33.11999999999898,829.25,1,829.25,443.63649999999996,829.25,914.4873873356056,0,0.80997118732267381,1,10,25,33,23
74,10,17,LinearHeuristicAuction,0.05,0.08,,True,,1000,10800,cats_arbitrary_g10b50,,False,CATS,50,arbitrary,MultiMinded,1000,MaxIter,34.719999999999345,785.147,1,785.147,194.18100000000001,785.147,788.76529361382336,779.05624361382331,792.3897794860527,1,10,8,37,27
75,10,14,LinearHeuristicAuction,0.05,0.08,,True,,1000,10800,cats_arbitrary_g10b50,,False,CATS,50,arbitrary,MultiMinded,1000,MaxIter,35.73999999999978,877.244,1,869.635,380.94749999999999,869.635,915.05471001569765,0,5.9023850218055713,1,10,10,37,24
76,10,15,LinearHeuristicAuction,0.05,0.08,,True,,1000,10800,cats_arbitrary_g10b50,,False,CATS,50,arbitrary,MultiMinded,1000,MaxIter,37.30999999999949,772.528,1,772.528,426.029,772.528,814.77047411487104,0,18.920776643153545,1,10,12,41,25
77,10,16,LinearHeuristicAuction,0.05,0.08,,True,,1000,10800,cats_arbitrary_g10b50,,False,CATS,50,arbitrary,MultiMinded,1000,MaxIter,36.13000000000102,610.0541,1,475.061,229.33799999999999,475.061,646.04890709138374,0,28.435428561357043,1,10,22,39,26
78,10,16,LinearHeuristicAuction,0.05,0.08,,True,,1000,10800,cats_arbitrary_g10b50,,False,CATS,50,arbitrary,MultiMinded,1000,MaxIter,34.64000000000124,738.191,1,718.579,283.06200000000001,718.579,810.32435072172177,0,0.43340710838222662,1,10,20,37,26
79,10,16,LinearHeuristicAuction,0.05,0.08,,True,,1000,10800,cats_arbitrary_g10b50,,False,CATS,50,arbitrary,MultiMinded,1000,MaxIter,35.54000000000087,789.0369999999999,1,767.227,328.78500000000003,767.227,834.1776562266889,0,3.0830936127141513,1,10,24,38,26
80,10,14,LinearHeuristicAuction,0.05,0.08,,True,,1000,10800,cats_arbitrary_g10b50,,False,CATS,50,arbitrary,MultiMinded,11,Balance,0.3400000000001455,755.88,1,755.88,295.50850000000003,755.88,767.81245865731,753.03703365730996,761.19262223438295,1,10,20,30,24
81,10,16,LinearHeuristicAuction,0.05,0.08,,True,,1000,10800,cats_arbitrary_g10b50,,False,CATS,50,arbitrary,MultiMinded,1000,MaxIter,35.23999999999978,454.25449999999995,1,381.144,179.05700000000002,381.144,507.47637016338979,0,0.0,1,10,32,37,26
82,10,14,LinearHeuristicAuction,0.05,0.08,,True,,1000,10800,cats_arbitrary_g10b50,,False,CATS,50,arbitrary,MultiMinded,1000,MaxIter,33.32999999999993,813.1470999999999,1,678.08,361.98400000000004,671.305,918.13220863107676,0,0.0,1,10,22,34,24
83,10,15,LinearHeuristicAuction,0.05,0.08,,True,,1000,10800,cats_arbitrary_g10b50,,False,CATS,50,arbitrary,MultiMinded,1000,MaxIter,34.76000000000022,897.3420000000001,1,818.953,242.078,818.953,1009.7717381788325,0,5.4593012353609254,1,10,18,37,25
84,10,14,LinearHeuristicAuction,0.05,0.08,,True,,1000,10800,cats_arbitrary_g10b50,,False,CATS,50,arbitrary,MultiMinded,1000,MaxIter,34.98999999999978,716.866,1,684.777,321.96300000000002,684.777,747.46514093207009,0,0.0,1,10,26,38,24
85,10,11,LinearHeuristicAuction,0.05,0.08,,True,,1000,10800,cats_arbitrary_g10b50,,False,CATS,50,arbitrary,MultiMinded,1000,MaxIter,31.590000000000146,679.457,1,679.457,442.82050000000004,633.967,758.67483609698525,0,0.0,1,10,29,29,21
86,10,15,LinearHeuristicAuction,0.05,0.08,,True,,1000,10800,cats_arbitrary_g10b50,,False,CATS,50,arbitrary,MultiMinded,1000,MaxIter,33.469999999999345,950.965,1,818.766,310.39699999999999,818.766,1074.7120244834077,0,17.510494931903054,1,10,19,38,25
87,10,14,LinearHeuristicAuction,0.05,0.08,,True,,1000,10800,cats_arbitrary_g10b50,,False,CATS,50,arbitrary,MultiMinded,15,Balance,0.4899999999997817,997.2170000000001,3,716.545,235.80250000000001,997.2170000000001,955.82482078946543,920.45444578946547,985.27044240671023,1,10,7,32,24
88,10,14,LinearHeuristicAuction,0.05,0.08,,True,,1000,10800,cats_arbitrary_g10b50,,False,CATS,50,arbitrary,MultiMinded,150,Balance,5.319999999999709,758.38,1,758.38,394.31950000000001,758.38,777.19849361786794,757.48251861786798,818.7914105359373,1,10,49,39,24
89,10,14,LinearHeuristicAuction,0.05,0.08,,True,,1000,10800,cats_arbitrary_g10b50,,False,CATS,50,arbitrary,MultiMinded,20,Balance,0.6599999999998545,732.443,2,644.233,339.30900000000003,732.443,701.75225417489264,667.82135417489258,750.3866726828677,1,10,27,32,24
90,10,14,LinearHeuristicAuction,0.05,0.08,,True,,1000,10800,cats_arbitrary_g10b50,,False,CATS,50,arbitrary,MultiMinded,13,Balance,0.4099999999998545,891.85,3,807.355,295.7045,891.85,881.82847995606892,837.47280495606901,851.05439303878643,1,10,6,35,24
91,10,13,LinearHeuristicAuction,0.05,0.08,,True,,1000,10800,cats_arbitrary_g10b50,,False,CATS,50,arbitrary,MultiMinded,40,Balance,1.3400000000001455,812.137,1,812.137,461.255,812.137,830.7912078753975,807.72845787539745,853.0511420173334,1,10,31,35,23
92,10,14,LinearHeuristicAuction,0.05,0.08,,True,,1000,10800,cats_arbitrary_g10b50,,False,CATS,50,arbitrary,MultiMinded,1000,MaxIter,34.54000000000087,621.9174,1,498.679,294.30700000000002,461.569,647.53493857797002,0,7.435613300741295,1,10,25,34,24
93,10,18,LinearHeuristicAuction,0.05,0.08,,True,,1000,10800,cats_arbitrary_g10b50,,False,CATS,50,arbitrary,MultiMinded,14,Balance,0.46999999999934516,768.1442,6,581.443,288.50549999999998,768.1442,728.34818080437208,641.79653080437197,693.24827303671577,1,10,7,38,28
94,10,14,LinearHeuristicAuction,0.05,0.08,,True,,1000,10800,cats_arbitrary_g10b50,,False,CATS,50,arbitrary,MultiMinded,36,Balance,1.1900000000005093,704.947,1,704.947,384.09699999999998,704.947,704.93338061468489,685.72853061468493,702.0921124754741,1,10,9,29,24
95,10,15,LinearHeuristicAuction,0.05,0.08,,True,,1000,10800,cats_arbitrary_g10b50,,False,CATS,50,arbitrary,MultiMinded,1000,MaxIter,33.219999999999345,905.548,1,761.598,373.96699999999998,761.598,966.4107913797161,0,10.943571615220719,1,10,19,34,25
96,10,13,LinearHeuristicAuction,0.05,0.08,,True,,1000,10800,cats_arbitrary_g10b50,,False,CATS,50,arbitrary,MultiMinded,1000,MaxIter,31.06999999999971,802.2189,1,774.483,389.73500000000001,725.4,832.23400319501263,0,0.22242235333629878,1,10,10,29,23
97,10,14,LinearHeuristicAuction,0.05,0.08,,True,,1000,10800,cats_arbitrary_g10b50,,False,CATS,50,arbitrary,MultiMinded,14,Balance,0.4600000000009459,777.4,1,777.4,409.10199999999998,777.4,796.49634287290019,776.04124287290017,801.41436293418099,1,10,19,31,24
98,10,12,LinearHeuristicAuction,0.05,0.08,,True,,1000,10800,cats_arbitrary_g10b50,,False,CATS,50,arbitrary,MultiMinded,80,Balance,2.790000000000873,899.539,1,899.539,522.91999999999996,899.539,925.61846295069961,899.47246295069965,928.49315092682878,1,10,24,32,22
99,10,13,LinearHeuristicAuction,0.05,0.08,,True,,1000,10800,cats_arbitrary_g10b50,,False,CATS,50,arbitrary,MultiMinded,11,Balance,0.3500000000003638,941.1115,3,769.536,337.6515,941.1115,926.10544056963613,875.45771556963621,904.32551479333586,1,10,6,28,23
100,10,15,LinearHeuristicAuction,0.05,0.08,,True,,1000,10800,cats_arbitrary_g10b50,,False,CATS,50,arbitrary,MultiMinded,1000,MaxIter,35.64000000000124,733.9616,1,691.502,466.54449999999997,691.502,812.56037286885453,0,12.602006432033789,1,10,10,38,25
