idx,items,agents,auction_class,epsilon,stepc,epoch,scalebyvalue,reserve_type,maxiter,maxtime,generator_param_name,personalized,int_prices,generator,bids,distribution,type,rounds,status,runtime,efficient_value,final_num_winners,final_max_agent_value,final_scalevalue,final_value,final_total_price,final_revenue,final_indirect_util,final_price_degree,final_price_sparsity,final_imbalance,final_wd_nvars,final_wd_ncons
1,10,14,LinearSubgradientAuction,0.05,0.01,,True,,1000,10800,cats_arbitrary_g10b50,,False,CATS,50,arbitrary,MultiMinded,1000,MaxIter,182.27000000000407,793.971,4,793.971,469.322,285.414,816.93497646385777,238.92687824871055,244.32427572143163,1,10,7,294,444
2,10,17,LinearSubgradientAuction,0.05,0.01,,True,,1000,10800,cats_arbitrary_g10b50,,False,CATS,50,arbitrary,MultiMinded,1000,MaxIter,213.62999999999738,890.9177,5,838.462,457.63549999999998,600.0983,985.10782458351139,472.14490386630087,508.70336757988275,1,10,1,357,537
3,10,13,LinearSubgradientAuction,0.05,0.01,,True,,1000,10800,cats_arbitrary_g10b50,,False,CATS,50,arbitrary,MultiMinded,1000,MaxIter,172.99000000000524,689.11,1,689.11,373.73599999999999,230.823,760.22455621471283,0,0.57613358779190094,1,10,10,273,413
4,10,17,LinearSubgradientAuction,0.05,0.01,,True,,1000,10800,cats_arbitrary_g10b50,,False,CATS,50,arbitrary,MultiMinded,67,Balance,14.430000000000291,673.823,6,673.823,310.16499999999996,673.4054,675.22125471394884,582.4159755321981,595.86415000000011,1,10,1,357,537
5,10,13,LinearSubgradientAuction,0.05,0.01,,True,,1000,10800,cats_arbitrary_g10b50,,False,CATS,50,arbitrary,MultiMinded,10,Balance,1.6500000000014552,758.773,1,758.773,337.48050000000001,758.773,745.40318972419243,728.52916472419247,774.33015661884838,1,10,8,273,413
6,10,14,LinearSubgradientAuction,0.05,0.01,,True,,1000,10800,cats_arbitrary_g10b50,,False,CATS,50,arbitrary,MultiMinded,1000,MaxIter,183.0699999999997,841.028,4,744.08,361.97500000000002,582.733,812.24586881608923,477.55127926402633,528.51919024786912,1,10,4,294,444
7,10,16,LinearSubgradientAuction,0.05,0.01,,True,,1000,10800,cats_arbitrary_g10b50,,False,CATS,50,arbitrary,MultiMinded,173,Balance,35.39999999999418,859.6020000000001,2,710.786,293.07349999999997,859.6020000000001,840.7523003601425,811.44495036014246,844.90468505662818,1,10,3,336,506
8,10,14,LinearSubgradientAuction,0.05,0.01,,True,,1000,10800,cats_arbitrary_g10b50,,False,CATS,50,arbitrary,MultiMinded,786,Balance,143.08000000000175,556.7090000000001,2,486.526,246.58600000000001,556.7090000000001,556.31238748152759,531.65378748152773,532.44927873295114,1,10,14,294,444
9,10,20,LinearSubgradientAuction,0.05,0.01,,True,,1000,10800,cats_arbitrary_g10b50,,False,CATS,50,arbitrary,MultiMinded,858,Balance,218.8599999999933,650.389,3,411.483,212.66149999999999,650.389,656.8755430536886,625.03598657917985,629.17063146491967,1,10,2,420,630
10,10,16,LinearSubgradientAuction,0.05,0.01,,True,,1000,10800,cats_arbitrary_g10b50,,False,CATS,50,arbitrary,MultiMinded,46,Balance,9.349999999998545,974.512,1,974.512,305.01999999999998,974.512,971.06229090115869,955.81129090115871,966.87845247813061,1,10,5,336,506
11,10,18,LinearSubgradientAuction,0.05,0.01,,True,,1000,10800,cats_arbitrary_g10b50,,False,CATS,50,arbitrary,MultiMinded,191,Balance,42.73999999999796,903.4137000000001,5,690.32,184.28,903.4137000000001,827.84190248266725,781.77190248266709,865.93479862586548,1,10,4,378,568
12,10,18,LinearSubgradientAuction,0.05,0.01,,True,,1000,10800,cats_arbitrary_g10b50,,False,CATS,50,arbitrary,MultiMinded,1000,MaxIter,230.70000000000437,476.0346,2,416.605,211.79050000000001,79.0972,483.5466653196554,48.840045350083784,49.025836094753785,1,10,9,378,568
13,10,14,LinearSubgradientAuction,0.05,0.01,,True,,1000,10800,cats_arbitrary_g10b50,,False,CATS,50,arbitrary,MultiMinded,47,Balance,8.430000000000291,761.647,1,761.647,337.08749999999998,761.647,761.42702041586142,744.57264541586142,744.79262500000004,1,10,0,294,444
14,10,14,LinearSubgradientAuction,0.05,0.01,,True,,1000,10800,cats_arbitrary_g10b50,,False,CATS,50,arbitrary,MultiMinded,1000,MaxIter,181.47000000000116,1115.4950000000001,3,880.107,393.411,1115.4950000000001,1039.005323672794,973.61237415230107,1076.4010299810461,1,10,1,294,444
15,10,12,LinearSubgradientAuction,0.05,0.01,,True,,1000,10800,cats_arbitrary_g10b50,,False,CATS,50,arbitrary,MultiMinded,969,Balance,153.0899999999965,871.33,2,871.33,381.12349999999998,871.33,889.95160425921858,852.00921839135196,852.27382499999999,1,10,1,252,382
16,10,14,LinearSubgradientAuction,0.05,0.01,,True,,1000,10800,cats_arbitrary_g10b50,,False,CATS,50,arbitrary,MultiMinded,302,Balance,53.86000000000058,779.7001,2,571.996,300.363,774.063,754.64063889823774,724.60433889823764,758.90752610117067,1,10,3,294,444
17,10,13,LinearSubgradientAuction,0.05,0.01,,True,,1000,10800,cats_arbitrary_g10b50,,False,CATS,50,arbitrary,MultiMinded,1000,MaxIter,167.04000000000087,721.2810000000001,2,640.028,297.31799999999998,560.339,716.74276853942717,528.19348716549928,545.87960865663547,1,10,4,273,413
18,10,18,LinearSubgradientAuction,0.05,0.01,,True,,1000,10800,cats_arbitrary_g10b50,,False,CATS,50,arbitrary,MultiMinded,1000,MaxIter,231.69000000000233,1005.5310000000001,4,868.696,380.75,982.09,1002.3609324281954,911.48375628468523,924.99102737119313,1,10,1,378,568
19,10,14,LinearSubgradientAuction,0.05,0.01,,True,,1000,10800,cats_arbitrary_g10b50,,False,CATS,50,arbitrary,MultiMinded,1000,MaxIter,180.34999999999854,832.065,2,642.87,411.233,338.64300000000003,889.48278626765898,105.63856106040221,107.21265419412101,1,10,9,294,444
20,10,14,LinearSubgradientAuction,0.05,0.01,,True,,1000,10800,cats_arbitrary_g10b50,,False,CATS,50,arbitrary,MultiMinded,355,Balance,64.73999999999796,615.5416,4,453.46,272.30500000000001,615.5416,612.12675876283879,557.665758762839,574.44680371118659,1,10,2,294,444
21,10,17,LinearSubgradientAuction,0.05,0.01,,True,,1000,10800,cats_arbitrary_g10b50,,False,CATS,50,arbitrary,MultiMinded,1000,MaxIter,217.31000000000495,618.958,1,618.958,240.48899999999998,240.32,654.8301135728268,0,0.39399657332062787,1,10,10,357,537
22,10,13,LinearSubgradientAuction,0.05,0.01,,True,,1000,10800,cats_arbitrary_g10b50,,False,CATS,50,arbitrary,MultiMinded,1000,MaxIter,170.15999999999622,879.723,2,879.723,407.96800000000002,417.542,1090.6506556761776,397.14206406801969,397.27265255841189,1,10,3,273,413
23,10,15,LinearSubgradientAuction,0.05,0.01,,True,,1000,10800,cats_arbitrary_g10b50,,False,CATS,50,arbitrary,MultiMinded,927,Balance,175.73999999999796,977.097,3,977.097,436.84800000000001,957.9259999999999,976.80108833884867,911.51056475741166,914.61102318227199,1,10,12,315,475
24,10,13,LinearSubgradientAuction,0.05,0.01,,True,,1000,10800,cats_arbitrary_g10b50,,False,CATS,50,arbitrary,MultiMinded,1000,MaxIter,171.38999999999942,612.4065,3,552.965,296.99549999999999,341.271,646.8420632427202,326.93511401234952,326.96304297041979,1,10,13,273,413
25,10,16,LinearSubgradientAuction,0.05,0.01,,True,,1000,10800,cats_arbitrary_g10b50,,False,CATS,50,arbitrary,MultiMinded,1000,MaxIter,203.90000000000146,742.2606000000001,5,689.211,308.97050000000002,392.7773,767.41295746195124,338.81737400581193,346.79244714392303,1,10,8,336,506
26,10,13,LinearSubgradientAuction,0.05,0.01,,True,,1000,10800,cats_arbitrary_g10b50,,False,CATS,50,arbitrary,MultiMinded,1000,MaxIter,169.65000000000146,887.9649999999999,4,818.015,382.74599999999998,887.9649999999999,913.66760086449131,831.49081994478286,831.49081994478286,1,10,12,273,413
27,10,13,LinearSubgradientAuction,0.05,0.01,,True,,1000,10800,cats_arbitrary_g10b50,,False,CATS,50,arbitrary,MultiMinded,1000,MaxIter,168.09999999999854,775.689,2,775.689,348.334,758.4590000000001,836.04772132960125,484.04279999803879,484.28532147478865,1,10,4,273,413
28,10,15,LinearSubgradientAuction,0.05,0.01,,True,,1000,10800,cats_arbitrary_g10b50,,False,CATS,50,arbitrary,MultiMinded,184,Balance,35.86000000000058,604.885,1,604.885,314.90100000000001,604.885,604.78828590573403,589.04323590573404,589.51155872728691,1,10,11,315,475
29,10,12,LinearSubgradientAuction,0.05,0.01,,True,,1000,10800,cats_arbitrary_g10b50,,False,CATS,50,arbitrary,MultiMinded,1000,MaxIter,159.43999999999505,642.809,1,642.809,296.26149999999996,574.789,728.59688206905548,0,0.91085862340270296,1,10,10,252,382
30,10,16,LinearSubgradientAuction,0.05,0.01,,True,,1000,10800,cats_arbitrary_g10b50,,False,CATS,50,arbitrary,MultiMinded,1000,MaxIter,202.40000000000146,754.962,2,660.473,247.715,279.4295,764.32118593094037,73.471690125517483,73.746673785259205,1,10,9,336,506
31,10,15,LinearSubgradientAuction,0.05,0.01,,True,,1000,10800,cats_arbitrary_g10b50,,False,CATS,50,arbitrary,MultiMinded,1000,MaxIter,194.45999999999913,914.694,4,907.121,520.11850000000004,914.694,991.06146646588775,837.39690658733082,837.39690658733082,1,10,15,315,475
32,10,13,LinearSubgradientAuction,0.05,0.01,,True,,1000,10800,cats_arbitrary_g10b50,,False,CATS,50,arbitrary,MultiMinded,1000,MaxIter,170.79000000000087,619.2586,3,603.07,291.851,535.188,720.18792326847984,505.78214281112452,506.2313820535698,1,10,8,273,413
33,10,16,LinearSubgradientAuction,0.05,0.01,,True,,1000,10800,cats_arbitrary_g10b50,,False,CATS,50,arbitrary,MultiMinded,1000,MaxIter,205.65999999999622,622.297,2,622.297,224.69200000000001,129.879,622.68405082395645,107.52563669108176,118.80555385365935,1,10,8,336,506
34,10,15,LinearSubgradientAuction,0.05,0.01,,True,,1000,10800,cats_arbitrary_g10b50,,False,CATS,50,arbitrary,MultiMinded,286,Balance,54.61000000000058,868.13,3,756.065,258.05500000000001,868.13,844.59595109282805,805.88770109282814,841.97761622694634,1,10,3,315,475
35,10,15,LinearSubgradientAuction,0.05,0.01,,True,,1000,10800,cats_arbitrary_g10b50,,False,CATS,50,arbitrary,MultiMinded,1000,MaxIter,193.79999999999563,804.713,3,804.713,330.97899999999998,776.79,838.27593678073151,738.9464842963871,743.69209999999998,1,10,1,315,475
36,10,15,LinearSubgradientAuction,0.05,0.01,,True,,1000,10800,cats_arbitrary_g10b50,,False,CATS,50,arbitrary,MultiMinded,1000,MaxIter,192.33000000000175,643.0699999999999,2,632.425,412.71300000000002,496.1494,669.40084417041976,10.117751290559646,10.929537079310499,1,10,4,315,475
37,10,12,LinearSubgradientAuction,0.05,0.01,,True,,1000,10800,cats_arbitrary_g10b50,,False,CATS,50,arbitrary,MultiMinded,1000,MaxIter,158.70000000000437,701.3026000000001,3,634.495,369.97450000000003,614.9300000000001,726.75359142164905,549.59688458916548,578.27786633573169,1,10,2,252,382
38,10,14,LinearSubgradientAuction,0.05,0.01,,True,,1000,10800,cats_arbitrary_g10b50,,False,CATS,50,arbitrary,MultiMinded,1000,MaxIter,180.40000000000146,691.88,4,653.657,339.25200000000001,418.722,725.63250164011095,385.06869680016229,423.73243540449505,1,10,4,294,444
39,10,18,LinearSubgradientAuction,0.05,0.01,,True,,1000,10800,cats_arbitrary_g10b50,,False,CATS,50,arbitrary,MultiMinded,243,Balance,56.450000000004366,955.2540000000001,3,721.473,276.10400000000004,955.2540000000001,938.84195420929984,897.4263542092998,913.86007302708163,1,10,2,378,568
40,10,15,LinearSubgradientAuction,0.05,0.01,,True,,1000,10800,cats_arbitrary_g10b50,,False,CATS,50,arbitrary,MultiMinded,1000,MaxIter,190.20999999999913,882.337,3,850.424,422.59100000000001,850.6219999999998,919.04100890125187,625.26863404085623,626.46223391371905,1,10,3,315,475
41,10,14,LinearSubgradientAuction,0.05,0.01,,True,,1000,10800,cats_arbitrary_g10b50,,False,CATS,50,arbitrary,MultiMinded,1000,MaxIter,183.79000000000087,806.5720000000001,2,744.105,394.66899999999998,408.013,823.41968398582776,388.48773930637151,388.51820135425032,1,10,4,294,444
42,10,12,LinearSubgradientAuction,0.05,0.01,,True,,1000,10800,cats_arbitrary_g10b50,,False,CATS,50,arbitrary,MultiMinded,1000,MaxIter,160.13999999999942,674.607,2,650.249,261.25450000000001,568.563,677.94916596384894,523.96891054862613,555.74608306135076,1,10,2,252,382
43,10,18,LinearSubgradientAuction,0.05,0.01,,True,,1000,10800,cats_arbitrary_g10b50,,False,CATS,50,arbitrary,MultiMinded,19,Balance,4.2700000000040745,710.9245999999999,2,698.897,258.83499999999998,710.9245999999999,694.81983244711444,668.93633244711452,697.81652976804776,1,10,17,378,568
44,10,12,LinearSubgradientAuction,0.05,0.01,,True,,1000,10800,cats_arbitrary_g10b50,,False,CATS,50,arbitrary,MultiMinded,1000,MaxIter,155.51000000000204,748.73,2,701.292,407.33100000000002,524.106,773.60922956183117,503.63649803464494,504.16885738379642,1,10,3,252,382
45,10,15,LinearSubgradientAuction,0.05,0.01,,True,,1000,10800,cats_arbitrary_g10b50,,False,CATS,50,arbitrary,MultiMinded,31,Balance,5.969999999993888,753.639,3,656.884,388.58100000000002,753.639,703.50906614569067,645.22191614569056,695.7724863860019,1,10,5,315,475
46,10,17,LinearSubgradientAuction,0.05,0.01,,True,,1000,10800,cats_arbitrary_g10b50,,False,CATS,50,arbitrary,MultiMinded,681,Balance,148.2300000000032,944.9340000000001,4,844.841,403.99299999999999,944.9340000000001,939.02414617693989,858.22554617693982,867.41986164920604,1,10,2,357,537
47,10,14,LinearSubgradientAuction,0.05,0.01,,True,,1000,10800,cats_arbitrary_g10b50,,False,CATS,50,arbitrary,MultiMinded,1000,MaxIter,181.4499999999971,898.101,3,893.489,324.04449999999997,724.283,930.98283036712246,692.0833269714575,692.0833269714575,1,10,10,294,444
48,10,15,LinearSubgradientAuction,0.05,0.01,,True,,1000,10800,cats_arbitrary_g10b50,,False,CATS,50,arbitrary,MultiMinded,33,Balance,6.3399999999965075,889.443,3,787.484,397.44799999999998,889.443,859.69098213478185,800.07378213478194,831.91056072452113,1,10,7,315,475
49,10,14,LinearSubgradientAuction,0.05,0.01,,True,,1000,10800,cats_arbitrary_g10b50,,False,CATS,50,arbitrary,MultiMinded,1000,MaxIter,182.72000000000116,945.042,1,781.262,432.49200000000002,320.387,948.65443346016264,0,1.8098781759415772,1,10,10,294,444
50,10,14,LinearSubgradientAuction,0.05,0.01,,True,,1000,10800,cats_arbitrary_g10b50,,False,CATS,50,arbitrary,MultiMinded,1000,MaxIter,181.83000000000175,815.381,2,698.568,297.62700000000001,418.643,895.75204081041625,403.78983362309526,404.04390841318667,1,10,5,294,444
51,10,19,LinearSubgradientAuction,0.05,0.01,,True,,1000,10800,cats_arbitrary_g10b50,,False,CATS,50,arbitrary,MultiMinded,1000,MaxIter,240.20999999999913,593.082,2,593.082,349.66500000000002,495.103,608.02503667147425,477.9620665079986,477.9620665079986,1,10,10,399,599
52,10,12,LinearSubgradientAuction,0.05,0.01,,True,,1000,10800,cats_arbitrary_g10b50,,False,CATS,50,arbitrary,MultiMinded,1000,MaxIter,157.63999999999942,842.818,3,842.818,428.04949999999997,679.375,918.4794789650997,632.39135892254467,636.71318238168465,1,10,4,252,382
53,10,17,LinearSubgradientAuction,0.05,0.01,,True,,1000,10800,cats_arbitrary_g10b50,,False,CATS,50,arbitrary,MultiMinded,1000,MaxIter,214.8399999999965,787.8274,3,644.907,269.82600000000002,229.4774,814.52659313803633,202.6548055937225,203.09039346722116,1,10,9,357,537
54,10,14,LinearSubgradientAuction,0.05,0.01,,True,,1000,10800,cats_arbitrary_g10b50,,False,CATS,50,arbitrary,MultiMinded,11,Balance,1.889999999999418,810.751,3,699.486,371.92899999999997,810.751,792.24349437139711,736.45414437139709,764.94574671566829,1,10,2,294,444
55,10,14,LinearSubgradientAuction,0.05,0.01,,True,,1000,10800,cats_arbitrary_g10b50,,False,CATS,50,arbitrary,MultiMinded,1000,MaxIter,179.26000000000204,778.56,3,652.834,405.49599999999998,528.755,802.11052435437091,488.58533176171159,488.58558633518339,1,10,10,294,444
56,10,14,LinearSubgradientAuction,0.05,0.01,,True,,1000,10800,cats_arbitrary_g10b50,,False,CATS,50,arbitrary,MultiMinded,1000,MaxIter,184.20999999999913,720.833,4,718.63,414.24000000000001,572.5319999999999,751.49099496716747,532.22628070296673,532.22628070296673,1,10,16,294,444
57,10,13,LinearSubgradientAuction,0.05,0.01,,True,,1000,10800,cats_arbitrary_g10b50,,False,CATS,50,arbitrary,MultiMinded,1000,MaxIter,170.6099999999933,742.0273,3,583.324,429.03550000000001,671.444,766.59115323639753,628.22313909032641,628.67661347861474,1,10,5,273,413
58,10,18,LinearSubgradientAuction,0.05,0.01,,True,,1000,10800,cats_arbitrary_g10b50,,False,CATS,50,arbitrary,MultiMinded,1000,MaxIter,225.69000000000233,927.076,5,790.752,213.971,777.9092,975.77332469068381,704.87894202710356,735.31588761372177,1,10,8,378,568
59,10,15,LinearSubgradientAuction,0.05,0.01,,True,,1000,10800,cats_arbitrary_g10b50,,False,CATS,50,arbitrary,MultiMinded,1000,MaxIter,194.09000000000378,685.266,4,685.266,301.03800000000001,488.065,720.33661621982355,458.24024920903986,458.24024920903986,1,10,14,315,475
60,10,17,LinearSubgradientAuction,0.05,0.01,,True,,1000,10800,cats_arbitrary_g10b50,,False,CATS,50,arbitrary,MultiMinded,1000,MaxIter,216.66999999999825,763.9352999999999,4,684.98,313.44299999999998,740.6379999999999,713.18487727301476,624.84343852272332,693.82260447613146,1,10,8,357,537
61,10,15,LinearSubgradientAuction,0.05,0.01,,True,,1000,10800,cats_arbitrary_g10b50,,False,CATS,50,arbitrary,MultiMinded,46,Balance,8.80000000000291,906.867,3,800.076,363.90899999999999,906.867,905.70603749302131,851.11968749302116,855.65140334693376,1,10,7,315,475
62,10,13,LinearSubgradientAuction,0.05,0.01,,True,,1000,10800,cats_arbitrary_g10b50,,False,CATS,50,arbitrary,MultiMinded,1000,MaxIter,170.55999999999767,838.7230000000001,4,739.886,355.20699999999999,791.0155,904.59689469590012,738.26384695391482,738.34311404418361,1,10,9,273,413
63,10,17,LinearSubgradientAuction,0.05,0.01,,True,,1000,10800,cats_arbitrary_g10b50,,False,CATS,50,arbitrary,MultiMinded,1000,MaxIter,217.74000000000524,879.858,2,879.858,289.45299999999997,199.44,896.71636187809804,184.88729328494185,186.34922543452058,1,10,8,357,537
64,10,13,LinearSubgradientAuction,0.05,0.01,,True,,1000,10800,cats_arbitrary_g10b50,,False,CATS,50,arbitrary,MultiMinded,28,Balance,4.669999999998254,699.8910000000001,4,546.14,336.69400000000002,699.8910000000001,687.31080542252857,619.97200542252858,632.9124817635186,1,10,7,273,413
65,10,14,LinearSubgradientAuction,0.05,0.01,,True,,1000,10800,cats_arbitrary_g10b50,,False,CATS,50,arbitrary,MultiMinded,1000,MaxIter,180.0,747.1110000000001,3,683.377,371.40150000000006,618.0550000000001,773.74110261684746,580.79715071692669,581.14254252630485,1,10,2,294,444
66,10,16,LinearSubgradientAuction,0.05,0.01,,True,,1000,10800,cats_arbitrary_g10b50,,False,CATS,50,arbitrary,MultiMinded,536,Balance,108.58999999999651,804.7069,4,692.962,241.77600000000001,804.7069,744.74513234970129,696.38993234970133,756.74123693844024,1,10,8,336,506
67,10,15,LinearSubgradientAuction,0.05,0.01,,True,,1000,10800,cats_arbitrary_g10b50,,False,CATS,50,arbitrary,MultiMinded,226,Balance,43.099999999998545,950.858,2,795.087,420.85149999999999,950.858,949.16820695258775,907.08305695258787,910.91662270537995,1,10,10,315,475
68,10,17,LinearSubgradientAuction,0.05,0.01,,True,,1000,10800,cats_arbitrary_g10b50,,False,CATS,50,arbitrary,MultiMinded,186,Balance,39.86999999999534,638.514,4,583.892,266.64400000000001,636.1027999999999,620.46109098063175,567.32803378692574,596.10619999999994,1,10,1,357,537
69,10,13,LinearSubgradientAuction,0.05,0.01,,True,,1000,10800,cats_arbitrary_g10b50,,False,CATS,50,arbitrary,MultiMinded,1000,MaxIter,170.22000000000116,653.81,3,515.575,365.36749999999995,604.6590000000001,702.13059825769255,299.64119115149106,300.03432747001136,1,10,3,273,413
70,10,16,LinearSubgradientAuction,0.05,0.01,,True,,1000,10800,cats_arbitrary_g10b50,,False,CATS,50,arbitrary,MultiMinded,1000,MaxIter,209.20999999999913,813.773,4,813.773,239.7945,702.8040000000001,869.01525340285832,667.2830097684282,667.32838769263185,1,10,9,336,506
71,10,18,LinearSubgradientAuction,0.05,0.01,,True,,1000,10800,cats_arbitrary_g10b50,,False,CATS,50,arbitrary,MultiMinded,1000,MaxIter,231.95999999999913,936.203,1,936.203,330.1275,103.987,1078.3722032022558,0,0.75195828865358294,1,10,10,378,568
72,10,19,LinearSubgradientAuction,0.05,0.01,,True,,1000,10800,cats_arbitrary_g10b50,,False,CATS,50,arbitrary,MultiMinded,49,Balance,11.55000000000291,742.889,1,742.889,330.43299999999999,742.889,741.59010938890162,725.0684593889016,738.10459899384671,1,10,6,399,599
73,10,13,LinearSubgradientAuction,0.05,0.01,,True,,1000,10800,cats_arbitrary_g10b50,,False,CATS,50,arbitrary,MultiMinded,1000,MaxIter,167.8000000000029,829.25,1,829.25,443.63649999999996,433.775,910.02481514518536,0,0.96033586462465337,1,10,10,273,413
74,10,17,LinearSubgradientAuction,0.05,0.01,,True,,1000,10800,cats_arbitrary_g10b50,,False,CATS,50,arbitrary,MultiMinded,1000,MaxIter,214.33000000000175,785.147,2,785.147,194.18100000000001,328.949,785.52662191735749,280.04217471097604,319.31735666952892,1,10,7,357,537
75,10,14,LinearSubgradientAuction,0.05,0.01,,True,,1000,10800,cats_arbitrary_g10b50,,False,CATS,50,arbitrary,MultiMinded,1000,MaxIter,178.30999999999767,877.244,3,869.635,380.94749999999999,877.137,920.80529901918464,839.93129141791519,840.00552469241882,1,10,10,294,444
76,10,15,LinearSubgradientAuction,0.05,0.01,,True,,1000,10800,cats_arbitrary_g10b50,,False,CATS,50,arbitrary,MultiMinded,1000,MaxIter,194.18999999999505,772.528,1,772.528,426.029,772.528,822.17026660258807,0,0.0,1,10,10,315,475
77,10,16,LinearSubgradientAuction,0.05,0.01,,True,,1000,10800,cats_arbitrary_g10b50,,False,CATS,50,arbitrary,MultiMinded,1000,MaxIter,202.77999999999884,610.0541,3,475.061,229.33799999999999,414.499,671.17372813309521,373.32939598321656,391.91719158048897,1,10,5,336,506
78,10,16,LinearSubgradientAuction,0.05,0.01,,True,,1000,10800,cats_arbitrary_g10b50,,False,CATS,50,arbitrary,MultiMinded,1000,MaxIter,205.41999999999825,738.191,1,718.579,283.06200000000001,314.212,814.95272903929128,0,0.028232339973840226,1,10,10,336,506
79,10,16,LinearSubgradientAuction,0.05,0.01,,True,,1000,10800,cats_arbitrary_g10b50,,False,CATS,50,arbitrary,MultiMinded,1000,MaxIter,203.5699999999997,789.0369999999999,3,767.227,328.78500000000003,736.1790000000001,819.36595640189182,674.4615023888141,703.48371559382838,1,10,2,336,506
80,10,14,LinearSubgradientAuction,0.05,0.01,,True,,1000,10800,cats_arbitrary_g10b50,,False,CATS,50,arbitrary,MultiMinded,67,Balance,12.009999999994761,755.88,1,755.88,295.50850000000003,755.88,755.08898884350936,740.31356384350931,751.13294081460299,1,10,1,294,444
81,10,16,LinearSubgradientAuction,0.05,0.01,,True,,1000,10800,cats_arbitrary_g10b50,,False,CATS,50,arbitrary,MultiMinded,1000,MaxIter,206.0,454.25449999999995,2,381.144,179.05700000000002,118.016,489.07852890029653,89.450440805569528,109.5770842713565,1,10,9,336,506
82,10,14,LinearSubgradientAuction,0.05,0.01,,True,,1000,10800,cats_arbitrary_g10b50,,False,CATS,50,arbitrary,MultiMinded,1000,MaxIter,181.83000000000175,813.1470999999999,2,678.08,361.98400000000004,443.729,922.47331283779238,425.56679414275891,425.86982393088516,1,10,4,294,444
83,10,15,LinearSubgradientAuction,0.05,0.01,,True,,1000,10800,cats_arbitrary_g10b50,,False,CATS,50,arbitrary,MultiMinded,1000,MaxIter,190.41999999999825,897.3420000000001,3,818.953,242.078,617.082,983.77541825809965,561.21142391382932,593.39038693718703,1,10,5,315,475
84,10,14,LinearSubgradientAuction,0.05,0.01,,True,,1000,10800,cats_arbitrary_g10b50,,False,CATS,50,arbitrary,MultiMinded,1000,MaxIter,184.23999999999796,716.866,3,684.777,321.96300000000002,513.013,745.49128541623656,481.004576720692,481.004576720692,1,10,9,294,444
85,10,11,LinearSubgradientAuction,0.05,0.01,,True,,1000,10800,cats_arbitrary_g10b50,,False,CATS,50,arbitrary,MultiMinded,1000,MaxIter,147.12999999999738,679.457,2,679.457,442.82050000000004,659.694,753.33589079607918,638.04386508735672,638.04386508735672,1,10,9,231,351
86,10,15,LinearSubgradientAuction,0.05,0.01,,True,,1000,10800,cats_arbitrary_g10b50,,False,CATS,50,arbitrary,MultiMinded,1000,MaxIter,189.5,950.965,4,818.766,310.39699999999999,950.965,1021.5333002647219,826.54240414423566,904.48489127312575,1,10,3,315,475
87,10,14,LinearSubgradientAuction,0.05,0.01,,True,,1000,10800,cats_arbitrary_g10b50,,False,CATS,50,arbitrary,MultiMinded,1000,MaxIter,178.22000000000116,997.2170000000001,3,716.545,235.80250000000001,916.559,929.43569547129005,816.4700036509646,893.02800749089056,1,10,1,294,444
88,10,14,LinearSubgradientAuction,0.05,0.01,,True,,1000,10800,cats_arbitrary_g10b50,,False,CATS,50,arbitrary,MultiMinded,1000,MaxIter,183.07999999999447,758.38,2,758.38,394.31950000000001,642.261,804.80443721733377,622.29639976247961,622.78190675273959,1,10,2,294,444
89,10,14,LinearSubgradientAuction,0.05,0.01,,True,,1000,10800,cats_arbitrary_g10b50,,False,CATS,50,arbitrary,MultiMinded,90,Balance,16.330000000001746,732.443,2,644.233,339.30900000000003,732.443,732.00991859107319,698.07901859107312,698.51209999999992,1,10,0,294,444
90,10,14,LinearSubgradientAuction,0.05,0.01,,True,,1000,10800,cats_arbitrary_g10b50,,False,CATS,50,arbitrary,MultiMinded,114,Balance,20.369999999995343,891.85,3,807.355,295.7045,891.85,873.78754325346529,829.43186825346527,861.04096645300456,1,10,3,294,444
91,10,13,LinearSubgradientAuction,0.05,0.01,,True,,1000,10800,cats_arbitrary_g10b50,,False,CATS,50,arbitrary,MultiMinded,1000,MaxIter,171.09999999999854,812.137,2,812.137,461.255,371.564,839.83331122756454,339.56927631635443,349.18405097907106,1,10,5,273,413
92,10,14,LinearSubgradientAuction,0.05,0.01,,True,,1000,10800,cats_arbitrary_g10b50,,False,CATS,50,arbitrary,MultiMinded,1000,MaxIter,182.59999999999854,621.9174,4,498.679,294.30700000000002,558.922,632.03326254450951,507.94481419401239,529.88820267965252,1,10,9,294,444
93,10,18,LinearSubgradientAuction,0.05,0.01,,True,,1000,10800,cats_arbitrary_g10b50,,False,CATS,50,arbitrary,MultiMinded,107,Balance,24.31999999999971,768.1442,6,581.443,288.50549999999998,768.1442,720.33900332000496,633.78735332000497,681.66419193172794,1,10,6,378,568
94,10,14,LinearSubgradientAuction,0.05,0.01,,True,,1000,10800,cats_arbitrary_g10b50,,False,CATS,50,arbitrary,MultiMinded,93,Balance,16.660000000003492,704.947,1,704.947,384.09699999999998,704.947,704.45249480614598,685.24764480614601,690.36402781002676,1,10,18,294,444
95,10,15,LinearSubgradientAuction,0.05,0.01,,True,,1000,10800,cats_arbitrary_g10b50,,False,CATS,50,arbitrary,MultiMinded,1000,MaxIter,191.4800000000032,905.548,2,761.598,373.96699999999998,617.102,975.87886233422125,598.03211856085602,598.72086245326955,1,10,4,315,475
96,10,13,LinearSubgradientAuction,0.05,0.01,,True,,1000,10800,cats_arbitrary_g10b50,,False,CATS,50,arbitrary,MultiMinded,1000,MaxIter,168.86000000000058,802.2189,1,774.483,389.73500000000001,427.857,829.35977440820159,0,0.053357800031477609,1,10,10,273,413
97,10,14,LinearSubgradientAuction,0.05,0.01,,True,,1000,10800,cats_arbitrary_g10b50,,False,CATS,50,arbitrary,MultiMinded,26,Balance,4.7299999999959255,777.4,1,777.4,409.10199999999998,777.4,776.58004024465583,756.12494024465582,783.06424393085354,1,10,8,294,444
98,10,12,LinearSubgradientAuction,0.05,0.01,,True,,1000,10800,cats_arbitrary_g10b50,,False,CATS,50,arbitrary,MultiMinded,1000,MaxIter,157.6800000000003,899.539,2,899.539,522.91999999999996,592.422,951.8928133227862,566.12975318631652,566.27600170009919,1,10,3,252,382
99,10,13,LinearSubgradientAuction,0.05,0.01,,True,,1000,10800,cats_arbitrary_g10b50,,False,CATS,50,arbitrary,MultiMinded,145,Balance,24.439999999995052,941.1115,3,769.536,337.6515,941.1115,899.31312455067018,848.66539955067026,890.99770111380906,1,10,4,273,413
100,10,15,LinearSubgradientAuction,0.05,0.01,,True,,1000,10800,cats_arbitrary_g10b50,,False,CATS,50,arbitrary,MultiMinded,1000,MaxIter,193.97999999999593,733.9616,5,691.502,466.54449999999997,574.7777000000001,823.39689562135254,505.34954541979789,505.36555334202177,1,10,9,315,475
