idx,items,agents,auction_class,epsilon,stepc,epoch,scalebyvalue,reserve_type,maxiter,maxtime,generator_param_name,personalized,int_prices,generator,bids,distribution,type,rounds,status,runtime,efficient_value,final_num_winners,final_max_agent_value,final_scalevalue,final_value,final_total_price,final_revenue,final_indirect_util,final_price_degree,final_price_sparsity,final_imbalance,final_wd_nvars,final_wd_ncons
1,10,14,LinearHeuristicAuction,0.1,0.02,,True,,1000,10800,cats_arbitrary_g10b50,,False,CATS,50,arbitrary,MultiMinded,10,Balance,0.3400000000001455,793.971,1,793.971,469.322,793.971,833.16058367372887,786.2283836737289,817.77021954771203,1,10,29,34,24
2,10,17,LinearHeuristicAuction,0.1,0.02,,True,,1000,10800,cats_arbitrary_g10b50,,False,CATS,50,arbitrary,MultiMinded,1000,MaxIter,35.31999999999971,890.9177,2,838.462,457.63549999999998,626.1020000000001,980.76356109408948,0,11.105398631594568,1,10,23,40,27
3,10,13,LinearHeuristicAuction,0.1,0.02,,True,,1000,10800,cats_arbitrary_g10b50,,False,CATS,50,arbitrary,MultiMinded,1000,MaxIter,35.18000000000029,689.11,1,689.11,373.73599999999999,689.11,745.9633864008631,0,2.5679959552360572,1,10,14,35,23
4,10,17,LinearHeuristicAuction,0.1,0.02,,True,,1000,10800,cats_arbitrary_g10b50,,False,CATS,50,arbitrary,MultiMinded,9,Balance,0.31999999999970896,673.823,1,673.823,310.16499999999996,673.823,703.75465278485149,672.73815278485154,700.34922400867174,1,10,17,38,27
5,10,13,LinearHeuristicAuction,0.1,0.02,,True,,1000,10800,cats_arbitrary_g10b50,,False,CATS,50,arbitrary,MultiMinded,5,Balance,0.1400000000030559,758.773,1,758.773,337.48050000000001,758.773,781.69714118813476,747.94909118813473,755.43059711605622,1,10,12,26,23
6,10,14,LinearHeuristicAuction,0.1,0.02,,True,,1000,10800,cats_arbitrary_g10b50,,False,CATS,50,arbitrary,MultiMinded,114,Balance,4.040000000000873,841.028,2,744.08,361.97500000000002,828.851,805.9461997260214,733.55119972602142,811.72274784804415,1,10,29,32,24
7,10,16,LinearHeuristicAuction,0.1,0.02,,True,,1000,10800,cats_arbitrary_g10b50,,False,CATS,50,arbitrary,MultiMinded,17,Balance,0.6000000000021828,859.6020000000001,2,710.786,293.07349999999997,746.4200000000001,782.64704553115041,724.03234553115033,752.64314319223729,1,10,11,35,26
8,10,14,LinearHeuristicAuction,0.1,0.02,,True,,1000,10800,cats_arbitrary_g10b50,,False,CATS,50,arbitrary,MultiMinded,43,Balance,1.4199999999982538,556.7090000000001,2,486.526,246.58600000000001,556.7090000000001,548.9894816629062,499.67228166290624,531.92611525774225,1,10,8,33,24
9,10,20,LinearHeuristicAuction,0.1,0.02,,True,,1000,10800,cats_arbitrary_g10b50,,False,CATS,50,arbitrary,MultiMinded,444,Balance,16.950000000000728,650.389,2,411.483,212.66149999999999,650.389,649.66399470693341,607.13169470693333,608.18053958106748,1,10,5,46,30
10,10,16,LinearHeuristicAuction,0.1,0.02,,True,,1000,10800,cats_arbitrary_g10b50,,False,CATS,50,arbitrary,MultiMinded,6,Balance,0.2000000000007276,974.512,1,974.512,305.01999999999998,974.512,980.50192561824849,949.99992561824854,984.12666782548126,1,10,20,36,26
11,10,18,LinearHeuristicAuction,0.1,0.02,,True,,1000,10800,cats_arbitrary_g10b50,,False,CATS,50,arbitrary,MultiMinded,43,Balance,1.5800000000017462,903.4137000000001,5,690.32,184.28,903.4137000000001,820.18074103477056,728.04074103477058,829.65249939694593,1,10,5,42,28
12,10,18,LinearHeuristicAuction,0.1,0.02,,True,,1000,10800,cats_arbitrary_g10b50,,False,CATS,50,arbitrary,MultiMinded,17,Balance,0.6199999999989814,476.0346,2,416.605,211.79050000000001,476.0346,488.13831864291149,445.78021864291145,464.12748123009987,1,10,28,36,28
13,10,14,LinearHeuristicAuction,0.1,0.02,,True,,1000,10800,cats_arbitrary_g10b50,,False,CATS,50,arbitrary,MultiMinded,4,Balance,0.13000000000101863,761.647,1,761.647,337.08749999999998,761.647,729.08891072761276,695.38016072761275,814.07146810856818,1,10,14,26,24
14,10,14,LinearHeuristicAuction,0.1,0.02,,True,,1000,10800,cats_arbitrary_g10b50,,False,CATS,50,arbitrary,MultiMinded,147,Balance,5.260000000002037,1115.4950000000001,2,880.107,393.411,1115.4950000000001,1027.6318995569745,948.94969955697456,1037.0357509020021,1,10,4,39,24
15,10,12,LinearHeuristicAuction,0.1,0.02,,True,,1000,10800,cats_arbitrary_g10b50,,False,CATS,50,arbitrary,MultiMinded,634,Balance,20.700000000000728,871.33,1,871.33,381.12349999999998,871.33,871.16038240014382,833.04803240014382,834.03079901912804,1,10,15,27,22
16,10,14,LinearHeuristicAuction,0.1,0.02,,True,,1000,10800,cats_arbitrary_g10b50,,False,CATS,50,arbitrary,MultiMinded,24,Balance,0.8400000000001455,779.7001,5,571.996,300.363,779.7001,742.76390371274465,592.58240371274474,658.72857997955202,1,10,2,38,24
17,10,13,LinearHeuristicAuction,0.1,0.02,,True,,1000,10800,cats_arbitrary_g10b50,,False,CATS,50,arbitrary,MultiMinded,80,Balance,2.540000000000873,721.2810000000001,1,640.028,297.31799999999998,640.028,669.46868976060375,639.73688976060373,655.97637288667045,1,10,19,32,23
18,10,18,LinearHeuristicAuction,0.1,0.02,,True,,1000,10800,cats_arbitrary_g10b50,,False,CATS,50,arbitrary,MultiMinded,71,Balance,2.459999999999127,1005.5310000000001,2,868.696,380.75,1005.5310000000001,1001.4063451351868,925.25634513518673,974.85320463403355,1,10,11,37,28
19,10,14,LinearHeuristicAuction,0.1,0.02,,True,,1000,10800,cats_arbitrary_g10b50,,False,CATS,50,arbitrary,MultiMinded,1000,MaxIter,35.95999999999913,832.065,2,642.87,411.233,832.065,892.70797666010492,603.8119158708264,604.05078477245513,1,10,14,34,24
20,10,14,LinearHeuristicAuction,0.1,0.02,,True,,1000,10800,cats_arbitrary_g10b50,,False,CATS,50,arbitrary,MultiMinded,150,Balance,5.120000000002619,615.5416,2,453.46,272.30500000000001,611.3,611.38356982059327,556.92256982059325,564.22735945918282,1,10,10,33,24
21,10,17,LinearHeuristicAuction,0.1,0.02,,True,,1000,10800,cats_arbitrary_g10b50,,False,CATS,50,arbitrary,MultiMinded,1000,MaxIter,38.45000000000073,618.958,1,618.958,240.48899999999998,618.958,653.57969970623969,0,0.67593721331954271,1,10,20,43,27
22,10,13,LinearHeuristicAuction,0.1,0.02,,True,,1000,10800,cats_arbitrary_g10b50,,False,CATS,50,arbitrary,MultiMinded,1000,MaxIter,34.61000000000058,879.723,1,879.723,407.96800000000002,769.71,1066.1830461614202,0,0.54125557607272867,1,10,21,34,23
23,10,15,LinearHeuristicAuction,0.1,0.02,,True,,1000,10800,cats_arbitrary_g10b50,,False,CATS,50,arbitrary,MultiMinded,4,Balance,0.12999999999738066,977.097,1,977.097,436.84800000000001,977.097,1009.3916422716524,965.70684227165236,1081.0207602568839,1,10,27,30,25
24,10,13,LinearHeuristicAuction,0.1,0.02,,True,,1000,10800,cats_arbitrary_g10b50,,False,CATS,50,arbitrary,MultiMinded,1000,MaxIter,33.580000000001746,612.4065,1,552.965,296.99549999999999,552.965,645.41869703826637,0,0.76223124191005809,1,10,10,35,23
25,10,16,LinearHeuristicAuction,0.1,0.02,,True,,1000,10800,cats_arbitrary_g10b50,,False,CATS,50,arbitrary,MultiMinded,1000,MaxIter,35.13000000000102,742.2606000000001,1,689.211,308.97050000000002,689.211,760.50212775309228,0,0.0,1,10,29,40,26
26,10,13,LinearHeuristicAuction,0.1,0.02,,True,,1000,10800,cats_arbitrary_g10b50,,False,CATS,50,arbitrary,MultiMinded,1000,MaxIter,35.64999999999782,887.9649999999999,1,818.015,382.74599999999998,818.015,913.62234547383821,0,8.1834178743633856e-05,1,10,32,37,23
27,10,13,LinearHeuristicAuction,0.1,0.02,,True,,1000,10800,cats_arbitrary_g10b50,,False,CATS,50,arbitrary,MultiMinded,1000,MaxIter,34.469999999997526,775.689,1,775.689,348.334,308.533,832.61733155540912,0,1.5511744833844574,1,10,14,34,23
28,10,15,LinearHeuristicAuction,0.1,0.02,,True,,1000,10800,cats_arbitrary_g10b50,,False,CATS,50,arbitrary,MultiMinded,17,Balance,0.5599999999976717,604.885,1,604.885,314.90100000000001,604.885,635.92079684068756,604.43069684068757,611.75909373315835,1,10,17,31,25
29,10,12,LinearHeuristicAuction,0.1,0.02,,True,,1000,10800,cats_arbitrary_g10b50,,False,CATS,50,arbitrary,MultiMinded,1000,MaxIter,33.06999999999971,642.809,1,642.809,296.26149999999996,574.789,725.3426557601889,0,0.75339366502115013,1,10,18,35,22
30,10,16,LinearHeuristicAuction,0.1,0.02,,True,,1000,10800,cats_arbitrary_g10b50,,False,CATS,50,arbitrary,MultiMinded,47,Balance,1.6300000000010186,754.962,3,660.473,247.715,754.962,751.00364848350443,676.68914848350437,704.52354102553738,1,10,10,37,26
31,10,15,LinearHeuristicAuction,0.1,0.02,,True,,1000,10800,cats_arbitrary_g10b50,,False,CATS,50,arbitrary,MultiMinded,1000,MaxIter,36.10000000000218,914.694,1,907.121,520.11850000000004,907.121,989.22340098873462,0,1.8336504655779891,1,10,10,38,25
32,10,13,LinearHeuristicAuction,0.1,0.02,,True,,1000,10800,cats_arbitrary_g10b50,,False,CATS,50,arbitrary,MultiMinded,1000,MaxIter,35.12999999999738,619.2586,1,603.07,291.851,603.07,720.76625319988102,0,0.39421946492524285,1,10,28,35,23
33,10,16,LinearHeuristicAuction,0.1,0.02,,True,,1000,10800,cats_arbitrary_g10b50,,False,CATS,50,arbitrary,MultiMinded,25,Balance,0.8599999999969441,622.297,1,622.297,224.69200000000001,622.297,629.79740404874383,607.32820404874383,639.82125276258603,1,10,17,37,26
34,10,15,LinearHeuristicAuction,0.1,0.02,,True,,1000,10800,cats_arbitrary_g10b50,,False,CATS,50,arbitrary,MultiMinded,112,Balance,3.6900000000023283,868.13,3,756.065,258.05500000000001,868.129,851.55074416055663,774.13424416055659,791.88456498242249,1,10,6,33,25
35,10,15,LinearHeuristicAuction,0.1,0.02,,True,,1000,10800,cats_arbitrary_g10b50,,False,CATS,50,arbitrary,MultiMinded,24,Balance,0.8600000000005821,804.713,1,804.713,330.97899999999998,804.713,831.94929003817447,798.85139003817449,852.03257484118035,1,10,16,34,25
36,10,15,LinearHeuristicAuction,0.1,0.02,,True,,1000,10800,cats_arbitrary_g10b50,,False,CATS,50,arbitrary,MultiMinded,8,Balance,0.27999999999883585,643.0699999999999,1,632.425,412.71300000000002,632.425,668.36097302854216,627.08967302854217,668.11861185129385,1,10,25,34,25
37,10,12,LinearHeuristicAuction,0.1,0.02,,True,,1000,10800,cats_arbitrary_g10b50,,False,CATS,50,arbitrary,MultiMinded,1000,MaxIter,34.67000000000189,701.3026000000001,1,634.495,369.97450000000003,634.495,736.47511162514479,0,15.336049079554812,1,10,21,36,22
38,10,14,LinearHeuristicAuction,0.1,0.02,,True,,1000,10800,cats_arbitrary_g10b50,,False,CATS,50,arbitrary,MultiMinded,1000,MaxIter,34.7599999999984,691.88,2,653.657,339.25200000000001,549.606,733.48957598158984,142.87748553111709,168.67705504186011,1,10,13,34,24
39,10,18,LinearHeuristicAuction,0.1,0.02,,True,,1000,10800,cats_arbitrary_g10b50,,False,CATS,50,arbitrary,MultiMinded,44,Balance,1.610000000000582,955.2540000000001,3,721.473,276.10400000000004,955.2540000000001,945.54190576658038,862.7107057665803,881.29781927748377,1,10,8,39,28
40,10,15,LinearHeuristicAuction,0.1,0.02,,True,,1000,10800,cats_arbitrary_g10b50,,False,CATS,50,arbitrary,MultiMinded,1000,MaxIter,36.330000000001746,882.337,4,850.424,422.59100000000001,840.1952999999999,917.97403849932152,592.16142125677607,592.16194854107414,1,10,14,41,25
41,10,14,LinearHeuristicAuction,0.1,0.02,,True,,1000,10800,cats_arbitrary_g10b50,,False,CATS,50,arbitrary,MultiMinded,1000,MaxIter,34.529999999998836,806.5720000000001,1,744.105,394.66899999999998,744.105,827.65733285853037,0,0.0,1,10,43,34,24
42,10,12,LinearHeuristicAuction,0.1,0.02,,True,,1000,10800,cats_arbitrary_g10b50,,False,CATS,50,arbitrary,MultiMinded,1000,MaxIter,33.17000000000189,674.607,1,650.249,261.25450000000001,650.249,691.2986404008966,0,0.77764755174520417,1,10,17,30,22
43,10,18,LinearHeuristicAuction,0.1,0.02,,True,,1000,10800,cats_arbitrary_g10b50,,False,CATS,50,arbitrary,MultiMinded,5,Balance,0.16999999999825377,710.9245999999999,2,698.897,258.83499999999998,710.9245999999999,718.05605711836085,666.2890571183608,690.08325266949919,1,10,11,38,28
44,10,12,LinearHeuristicAuction,0.1,0.02,,True,,1000,10800,cats_arbitrary_g10b50,,False,CATS,50,arbitrary,MultiMinded,1000,MaxIter,35.419999999998254,748.73,1,701.292,407.33100000000002,628.181,774.9575472729141,0,0.00077154316488758923,1,10,33,37,22
45,10,15,LinearHeuristicAuction,0.1,0.02,,True,,1000,10800,cats_arbitrary_g10b50,,False,CATS,50,arbitrary,MultiMinded,17,Balance,0.6000000000021828,753.639,3,656.884,388.58100000000002,753.639,712.53442423226761,595.9601242322675,641.49614344952852,1,10,7,37,25
46,10,17,LinearHeuristicAuction,0.1,0.02,,True,,1000,10800,cats_arbitrary_g10b50,,False,CATS,50,arbitrary,MultiMinded,249,Balance,8.840000000000146,944.9340000000001,4,844.841,403.99299999999999,944.9340000000001,941.75681144572218,780.15961144572202,786.3340288429481,1,10,9,39,27
47,10,14,LinearHeuristicAuction,0.1,0.02,,True,,1000,10800,cats_arbitrary_g10b50,,False,CATS,50,arbitrary,MultiMinded,78,Balance,2.6900000000023283,898.101,1,893.489,324.04449999999997,893.489,919.8130314701026,887.4085814701026,919.23226963581249,1,10,12,31,24
48,10,15,LinearHeuristicAuction,0.1,0.02,,True,,1000,10800,cats_arbitrary_g10b50,,False,CATS,50,arbitrary,MultiMinded,10,Balance,0.33000000000174623,889.443,3,787.484,397.44799999999998,889.443,855.09195431332876,735.85755431332882,783.1002305581668,1,10,16,39,25
49,10,14,LinearHeuristicAuction,0.1,0.02,,True,,1000,10800,cats_arbitrary_g10b50,,False,CATS,50,arbitrary,MultiMinded,22,Balance,0.7400000000016007,945.042,3,781.262,432.49200000000002,919.9788,956.76755941525698,827.01995941525695,834.80611638686207,1,10,2,33,24
50,10,14,LinearHeuristicAuction,0.1,0.02,,True,,1000,10800,cats_arbitrary_g10b50,,False,CATS,50,arbitrary,MultiMinded,1000,MaxIter,33.43000000000029,815.381,1,698.568,297.62700000000001,698.568,892.35313705282613,0,0.0069422391641751346,1,10,21,33,24
51,10,19,LinearHeuristicAuction,0.1,0.02,,True,,1000,10800,cats_arbitrary_g10b50,,False,CATS,50,arbitrary,MultiMinded,22,Balance,0.7900000000008731,593.082,1,593.082,349.66500000000002,593.082,623.6902681207016,588.72376812070161,624.71014263111874,1,10,28,41,29
52,10,12,LinearHeuristicAuction,0.1,0.02,,True,,1000,10800,cats_arbitrary_g10b50,,False,CATS,50,arbitrary,MultiMinded,1000,MaxIter,31.43999999999869,842.818,1,842.818,428.04949999999997,842.818,920.51745531571783,0,1.592569093199927,1,10,13,30,22
53,10,17,LinearHeuristicAuction,0.1,0.02,,True,,1000,10800,cats_arbitrary_g10b50,,False,CATS,50,arbitrary,MultiMinded,1000,MaxIter,37.17000000000189,787.8274,2,644.907,269.82600000000002,488.91240000000005,814.09779812372153,32.281757384118762,33.030186024243783,1,10,12,43,27
54,10,14,LinearHeuristicAuction,0.1,0.02,,True,,1000,10800,cats_arbitrary_g10b50,,False,CATS,50,arbitrary,MultiMinded,8,Balance,0.26000000000203727,810.751,3,699.486,371.92899999999997,810.751,813.2098788498613,701.63117884986127,706.51213332617647,1,10,6,30,24
55,10,14,LinearHeuristicAuction,0.1,0.02,,True,,1000,10800,cats_arbitrary_g10b50,,False,CATS,50,arbitrary,MultiMinded,1000,MaxIter,35.31999999999971,778.56,1,652.834,405.49599999999998,652.834,778.8777168147484,0,4.7236255656156914,1,10,10,35,24
56,10,14,LinearHeuristicAuction,0.1,0.02,,True,,1000,10800,cats_arbitrary_g10b50,,False,CATS,50,arbitrary,MultiMinded,78,Balance,2.6699999999982538,720.833,2,718.63,414.24000000000001,720.833,760.89374185982911,678.04574185982915,679.04037964747977,1,10,1,32,24
57,10,13,LinearHeuristicAuction,0.1,0.02,,True,,1000,10800,cats_arbitrary_g10b50,,False,CATS,50,arbitrary,MultiMinded,129,Balance,4.330000000001746,742.0273,3,583.324,429.03550000000001,742.0273,765.56686663856931,636.85621663856932,640.85887720439086,1,10,19,33,23
58,10,18,LinearHeuristicAuction,0.1,0.02,,True,,1000,10800,cats_arbitrary_g10b50,,False,CATS,50,arbitrary,MultiMinded,1000,MaxIter,36.61000000000058,927.076,2,790.752,213.971,665.2221999999999,976.83619879000969,53.075360532201906,82.821357150578763,1,10,26,41,28
59,10,15,LinearHeuristicAuction,0.1,0.02,,True,,1000,10800,cats_arbitrary_g10b50,,False,CATS,50,arbitrary,MultiMinded,1000,MaxIter,35.13000000000102,685.266,1,685.266,301.03800000000001,685.266,717.8994977041898,0,0.81956850600977305,1,10,10,39,25
60,10,17,LinearHeuristicAuction,0.1,0.02,,True,,1000,10800,cats_arbitrary_g10b50,,False,CATS,50,arbitrary,MultiMinded,70,Balance,2.4799999999995634,763.9352999999999,4,684.98,313.44299999999998,763.9352999999999,734.72115344200154,609.34395344200163,672.65340477598625,1,10,14,39,27
61,10,15,LinearHeuristicAuction,0.1,0.02,,True,,1000,10800,cats_arbitrary_g10b50,,False,CATS,50,arbitrary,MultiMinded,5,Balance,0.15999999999985448,906.867,3,800.076,363.90899999999999,906.867,842.41120633094556,733.2385063309456,859.46661655085154,1,10,7,31,25
62,10,13,LinearHeuristicAuction,0.1,0.02,,True,,1000,10800,cats_arbitrary_g10b50,,False,CATS,50,arbitrary,MultiMinded,1000,MaxIter,33.340000000000146,838.7230000000001,1,739.886,355.20699999999999,729.454,900.38055083349388,0,4.9990241640290236,1,10,11,33,23
63,10,17,LinearHeuristicAuction,0.1,0.02,,True,,1000,10800,cats_arbitrary_g10b50,,False,CATS,50,arbitrary,MultiMinded,42,Balance,1.5900000000001455,879.858,1,879.858,289.45299999999997,879.858,906.59361074855019,877.64831074855022,904.13517374029129,1,10,15,40,27
64,10,13,LinearHeuristicAuction,0.1,0.02,,True,,1000,10800,cats_arbitrary_g10b50,,False,CATS,50,arbitrary,MultiMinded,12,Balance,0.3899999999994179,699.8910000000001,4,546.14,336.69400000000002,699.8910000000001,685.22700625597122,550.54940625597123,570.95197082388165,1,10,20,29,23
65,10,14,LinearHeuristicAuction,0.1,0.02,,True,,1000,10800,cats_arbitrary_g10b50,,False,CATS,50,arbitrary,MultiMinded,1000,MaxIter,33.419999999998254,747.1110000000001,1,683.377,371.40150000000006,683.377,772.66200685096226,0,0.40228144000789712,1,10,26,34,24
66,10,16,LinearHeuristicAuction,0.1,0.02,,True,,1000,10800,cats_arbitrary_g10b50,,False,CATS,50,arbitrary,MultiMinded,33,Balance,1.0900000000001455,804.7069,4,692.962,241.77600000000001,804.7069,749.97766161335403,653.26726161335409,743.93443679486279,1,10,12,35,26
67,10,15,LinearHeuristicAuction,0.1,0.02,,True,,1000,10800,cats_arbitrary_g10b50,,False,CATS,50,arbitrary,MultiMinded,19,Balance,0.6599999999998545,950.858,2,795.087,420.85149999999999,950.858,962.47379927741713,878.30349927741725,923.79038898413569,1,10,7,33,25
68,10,17,LinearHeuristicAuction,0.1,0.02,,True,,1000,10800,cats_arbitrary_g10b50,,False,CATS,50,arbitrary,MultiMinded,64,Balance,2.280000000002474,638.514,3,583.892,266.64400000000001,638.514,621.2836509136946,541.2904509136946,569.06607737195191,1,10,5,36,27
69,10,13,LinearHeuristicAuction,0.1,0.02,,True,,1000,10800,cats_arbitrary_g10b50,,False,CATS,50,arbitrary,MultiMinded,1000,MaxIter,36.10000000000218,653.81,1,515.575,365.36749999999995,515.575,688.82121787368465,0,1.5420740065364669,1,10,19,37,23
70,10,16,LinearHeuristicAuction,0.1,0.02,,True,,1000,10800,cats_arbitrary_g10b50,,False,CATS,50,arbitrary,MultiMinded,1000,MaxIter,35.17999999999665,813.773,1,813.773,239.7945,707.813,868.32930434150842,0,0.21295347134758913,1,10,24,40,26
71,10,18,LinearHeuristicAuction,0.1,0.02,,True,,1000,10800,cats_arbitrary_g10b50,,False,CATS,50,arbitrary,MultiMinded,1000,MaxIter,35.86000000000058,936.203,1,936.203,330.1275,936.203,1077.7962256328735,0,0.0,1,10,28,40,28
72,10,19,LinearHeuristicAuction,0.1,0.02,,True,,1000,10800,cats_arbitrary_g10b50,,False,CATS,50,arbitrary,MultiMinded,8,Balance,0.2900000000008731,742.889,1,742.889,330.43299999999999,742.889,766.69534101431498,733.65204101431493,757.82415130029347,1,10,16,39,29
73,10,13,LinearHeuristicAuction,0.1,0.02,,True,,1000,10800,cats_arbitrary_g10b50,,False,CATS,50,arbitrary,MultiMinded,1000,MaxIter,33.5,829.25,1,829.25,443.63649999999996,829.25,909.03655972447007,0,2.7496554776704158,1,10,10,32,23
74,10,17,LinearHeuristicAuction,0.1,0.02,,True,,1000,10800,cats_arbitrary_g10b50,,False,CATS,50,arbitrary,MultiMinded,1000,MaxIter,34.20999999999913,785.147,1,785.147,194.18100000000001,785.147,785.94780849992503,766.52970849992505,795.47341980313377,1,10,13,37,27
75,10,14,LinearHeuristicAuction,0.1,0.02,,True,,1000,10800,cats_arbitrary_g10b50,,False,CATS,50,arbitrary,MultiMinded,1000,MaxIter,35.31999999999971,877.244,1,869.635,380.94749999999999,869.635,919.33373015806092,0,0.0,1,10,33,36,24
76,10,15,LinearHeuristicAuction,0.1,0.02,,True,,1000,10800,cats_arbitrary_g10b50,,False,CATS,50,arbitrary,MultiMinded,1000,MaxIter,36.18000000000029,772.528,1,772.528,426.029,772.528,823.60160224919082,0,0.0,1,10,10,40,25
77,10,16,LinearHeuristicAuction,0.1,0.02,,True,,1000,10800,cats_arbitrary_g10b50,,False,CATS,50,arbitrary,MultiMinded,1000,MaxIter,34.81999999999971,610.0541,1,475.061,229.33799999999999,475.061,667.78449234382947,0,15.810062198312124,1,10,27,38,26
78,10,16,LinearHeuristicAuction,0.1,0.02,,True,,1000,10800,cats_arbitrary_g10b50,,False,CATS,50,arbitrary,MultiMinded,1000,MaxIter,36.95000000000073,738.191,1,718.579,283.06200000000001,718.579,813.67876995993993,0,0.0,1,10,33,40,26
79,10,16,LinearHeuristicAuction,0.1,0.02,,True,,1000,10800,cats_arbitrary_g10b50,,False,CATS,50,arbitrary,MultiMinded,1000,MaxIter,36.919999999998254,789.0369999999999,1,767.227,328.78500000000003,767.227,827.80476848282046,0,13.940939748588164,1,10,21,44,26
80,10,14,LinearHeuristicAuction,0.1,0.02,,True,,1000,10800,cats_arbitrary_g10b50,,False,CATS,50,arbitrary,MultiMinded,6,Balance,0.18000000000029104,755.88,1,755.88,295.50850000000003,755.88,768.28249142600214,738.73164142600217,783.48007120095588,1,10,16,27,24
81,10,16,LinearHeuristicAuction,0.1,0.02,,True,,1000,10800,cats_arbitrary_g10b50,,False,CATS,50,arbitrary,MultiMinded,1000,MaxIter,33.9900000000016,454.25449999999995,1,381.144,179.05700000000002,381.144,499.72919822388917,0,6.2039460308929755,1,10,23,36,26
82,10,14,LinearHeuristicAuction,0.1,0.02,,True,,1000,10800,cats_arbitrary_g10b50,,False,CATS,50,arbitrary,MultiMinded,1000,MaxIter,34.0,813.1470999999999,1,678.08,361.98400000000004,671.305,916.98784756764064,0,0.57462715862794767,1,10,15,34,24
83,10,15,LinearHeuristicAuction,0.1,0.02,,True,,1000,10800,cats_arbitrary_g10b50,,False,CATS,50,arbitrary,MultiMinded,1000,MaxIter,36.029999999998836,897.3420000000001,3,818.953,242.078,709.524,987.10683577990699,410.77020037708394,439.16303502975973,1,10,19,40,25
84,10,14,LinearHeuristicAuction,0.1,0.02,,True,,1000,10800,cats_arbitrary_g10b50,,False,CATS,50,arbitrary,MultiMinded,1000,MaxIter,35.89999999999782,716.866,1,684.777,321.96300000000002,684.777,744.70518209705051,0,0.0,1,10,29,38,24
85,10,11,LinearHeuristicAuction,0.1,0.02,,True,,1000,10800,cats_arbitrary_g10b50,,False,CATS,50,arbitrary,MultiMinded,1000,MaxIter,32.659999999999854,679.457,1,679.457,442.82050000000004,633.967,752.50179748217408,0,1.0118841901949054,1,10,10,30,21
86,10,15,LinearHeuristicAuction,0.1,0.02,,True,,1000,10800,cats_arbitrary_g10b50,,False,CATS,50,arbitrary,MultiMinded,1000,MaxIter,34.04000000000087,950.965,1,818.766,310.39699999999999,818.766,1034.6569283743329,0,61.061936040397455,1,10,16,34,25
87,10,14,LinearHeuristicAuction,0.1,0.02,,True,,1000,10800,cats_arbitrary_g10b50,,False,CATS,50,arbitrary,MultiMinded,24,Balance,0.7600000000020373,997.2170000000001,3,716.545,235.80250000000001,997.2170000000001,905.1317889293291,834.39103892932894,970.85020874236136,1,10,14,33,24
88,10,14,LinearHeuristicAuction,0.1,0.02,,True,,1000,10800,cats_arbitrary_g10b50,,False,CATS,50,arbitrary,MultiMinded,436,Balance,15.2599999999984,758.38,1,758.38,394.31950000000001,758.38,797.70243790145662,758.27048790145659,765.8883196216018,1,10,42,37,24
89,10,14,LinearHeuristicAuction,0.1,0.02,,True,,1000,10800,cats_arbitrary_g10b50,,False,CATS,50,arbitrary,MultiMinded,3,Balance,0.09000000000014552,732.443,2,644.233,339.30900000000003,732.443,717.43019988479909,649.56839988479908,743.07561815745225,1,10,16,24,24
90,10,14,LinearHeuristicAuction,0.1,0.02,,True,,1000,10800,cats_arbitrary_g10b50,,False,CATS,50,arbitrary,MultiMinded,25,Balance,0.8299999999981083,891.85,3,807.355,295.7045,891.85,861.05912351035374,772.3477735103537,832.67717412266904,1,10,5,30,24
91,10,13,LinearHeuristicAuction,0.1,0.02,,True,,1000,10800,cats_arbitrary_g10b50,,False,CATS,50,arbitrary,MultiMinded,16,Balance,0.5300000000024738,812.137,1,812.137,461.255,812.137,858.04028325701461,811.91478325701462,853.88850497778958,1,10,29,29,23
92,10,14,LinearHeuristicAuction,0.1,0.02,,True,,1000,10800,cats_arbitrary_g10b50,,False,CATS,50,arbitrary,MultiMinded,11,Balance,0.3600000000005821,621.9174,3,498.679,294.30700000000002,619.5164,628.21119594480467,539.91909594480467,576.99215893780604,1,10,16,30,24
93,10,18,LinearHeuristicAuction,0.1,0.02,,True,,1000,10800,cats_arbitrary_g10b50,,False,CATS,50,arbitrary,MultiMinded,5,Balance,0.16999999999825377,768.1442,6,581.443,288.50549999999998,768.1442,716.50619422871216,543.40289422871217,645.34995373607751,1,10,8,37,28
94,10,14,LinearHeuristicAuction,0.1,0.02,,True,,1000,10800,cats_arbitrary_g10b50,,False,CATS,50,arbitrary,MultiMinded,3,Balance,0.09000000000014552,704.947,1,704.947,384.09699999999998,704.947,737.24010480003631,698.83040480003626,758.48212879999073,1,10,20,26,24
95,10,15,LinearHeuristicAuction,0.1,0.02,,True,,1000,10800,cats_arbitrary_g10b50,,False,CATS,50,arbitrary,MultiMinded,1000,MaxIter,35.86000000000058,905.548,1,761.598,373.96699999999998,761.598,974.4409386100474,0,2.8422735344929038,1,10,16,37,25
96,10,13,LinearHeuristicAuction,0.1,0.02,,True,,1000,10800,cats_arbitrary_g10b50,,False,CATS,50,arbitrary,MultiMinded,143,Balance,4.680000000000291,802.2189,2,774.483,389.73500000000001,802.2189,831.40090440569122,763.83979055075974,764.78646491093309,1,10,10,31,23
97,10,14,LinearHeuristicAuction,0.1,0.02,,True,,1000,10800,cats_arbitrary_g10b50,,False,CATS,50,arbitrary,MultiMinded,4,Balance,0.12999999999738066,777.4,1,777.4,409.10199999999998,777.4,815.84125922201497,774.93105922201494,810.01693875395586,1,10,18,31,24
98,10,12,LinearHeuristicAuction,0.1,0.02,,True,,1000,10800,cats_arbitrary_g10b50,,False,CATS,50,arbitrary,MultiMinded,5,Balance,0.15999999999985448,899.539,1,899.539,522.91999999999996,899.539,950.52805707526522,898.23605707526519,949.76747081304666,1,10,24,28,22
99,10,13,LinearHeuristicAuction,0.1,0.02,,True,,1000,10800,cats_arbitrary_g10b50,,False,CATS,50,arbitrary,MultiMinded,6,Balance,0.18000000000029104,941.1115,3,769.536,337.6515,941.1115,894.08794102749937,792.79249102749952,873.85496658715556,1,10,6,28,23
100,10,15,LinearHeuristicAuction,0.1,0.02,,True,,1000,10800,cats_arbitrary_g10b50,,False,CATS,50,arbitrary,MultiMinded,1000,MaxIter,35.590000000000146,733.9616,1,691.502,466.54449999999997,691.502,819.12799980712953,0,0.63120766980887311,1,10,16,39,25
