idx,items,agents,auction_class,epsilon,stepc,epoch,scalebyvalue,reserve_type,maxiter,maxtime,generator_param_name,personalized,int_prices,generator,bids,distribution,type,rounds,status,runtime,efficient_value,final_num_winners,final_max_agent_value,final_scalevalue,final_value,final_total_price,final_revenue,final_indirect_util,final_price_degree,final_price_sparsity,final_imbalance,final_wd_nvars,final_wd_ncons
1,30,34,LinearSubgradientAuction,0.025,0.02,,True,,1000,10800,cats_arbitrary_g30b150,,False,CATS,150,arbitrary,MultiMinded,1000,MaxIter,1385.7399999999998,1985.8648,3,1958.65,585.33899999999994,628.4929999999999,2225.9439647960739,419.93999686943698,422.99113865997526,1,30,24,2074,3124
2,30,35,LinearSubgradientAuction,0.025,0.02,,True,,1000,10800,cats_arbitrary_g30b150,,False,CATS,150,arbitrary,MultiMinded,518,Balance,759.8500000000004,2197.79,1,2197.79,440.00599999999997,2197.79,2196.2649633820547,2185.2648133820549,2187.2008927082716,1,30,6,2135,3215
3,30,33,LinearSubgradientAuction,0.025,0.02,,True,,1000,10800,cats_arbitrary_g30b150,,False,CATS,150,arbitrary,MultiMinded,1000,MaxIter,1382.5400000000009,2537.724,8,1980.67,603.23800000000006,1121.428,2845.1812043349137,1082.502389315415,1082.8168285114718,1,30,33,2013,3033
4,30,33,LinearSubgradientAuction,0.025,0.02,,True,,1000,10800,cats_arbitrary_g30b150,,False,CATS,150,arbitrary,MultiMinded,1000,MaxIter,1369.569999999998,2018.328,4,1780.26,501.12400000000002,501.87199999999996,2159.8555315300364,444.70258147635496,480.63211804114212,1,30,16,2013,3033
5,30,32,LinearSubgradientAuction,0.025,0.02,,True,,1000,10800,cats_arbitrary_g30b150,,False,CATS,150,arbitrary,MultiMinded,1000,MaxIter,1326.2300000000014,1876.8708299999998,7,1770.89,624.08600000000001,1459.674,2310.829168135177,1419.9848067800456,1419.9848067800456,1,30,41,1952,2942
6,30,33,LinearSubgradientAuction,0.025,0.02,,True,,1000,10800,cats_arbitrary_g30b150,,False,CATS,150,arbitrary,MultiMinded,1000,MaxIter,1385.6599999999999,2052.619,4,1672.04,727.22400000000005,1163.5399,2634.8742063470509,1109.5476857835802,1119.2916527736897,1,30,19,2013,3033
7,30,30,LinearSubgradientAuction,0.025,0.02,,True,,1000,10800,cats_arbitrary_g30b150,,False,CATS,150,arbitrary,MultiMinded,1000,MaxIter,1237.3099999999995,2256.612,2,2088.18,661.12950000000001,1601.737,2654.3451743267069,119.79857102771574,133.36001379325683,1,30,27,1830,2760
8,30,35,LinearSubgradientAuction,0.025,0.02,,True,,1000,10800,cats_arbitrary_g30b150,,False,CATS,150,arbitrary,MultiMinded,1000,MaxIter,1472.880000000001,1886.9858,5,1721.43,762.18450000000007,884.3638,2048.7206857228107,807.5969313018187,823.71165253356457,1,30,17,2135,3215
9,30,32,LinearSubgradientAuction,0.025,0.02,,True,,1000,10800,cats_arbitrary_g30b150,,False,CATS,150,arbitrary,MultiMinded,1000,MaxIter,1323.1800000000003,1903.7699,4,1559.25,844.62750000000005,1206.19,2198.5884620129518,371.71755419663242,384.9719201168113,1,30,21,1952,2942
10,30,36,LinearSubgradientAuction,0.025,0.02,,True,,1000,10800,cats_arbitrary_g30b150,,False,CATS,150,arbitrary,MultiMinded,1000,MaxIter,1485.8500000000004,2500.0740000000005,6,2217.68,621.28700000000003,1557.7959999999998,2747.7858203835954,1077.4368059726366,1126.9857529619194,1,30,16,2196,3306
11,30,30,LinearSubgradientAuction,0.025,0.02,,True,,1000,10800,cats_arbitrary_g30b150,,False,CATS,150,arbitrary,MultiMinded,1000,MaxIter,1218.6599999999999,1868.241,7,1447.57,637.68550000000005,1024.465,2403.8692490731537,980.8266281547069,981.46880104808042,1,30,33,1830,2760
12,30,32,LinearSubgradientAuction,0.025,0.02,,True,,1000,10800,cats_arbitrary_g30b150,,False,CATS,150,arbitrary,MultiMinded,1000,MaxIter,1326.3400000000001,1629.6809799999999,1,1454.03,563.44500000000005,139.454,2043.1548880831465,0,0.68848807855988525,1,30,30,1952,2942
13,30,33,LinearSubgradientAuction,0.025,0.02,,True,,1000,10800,cats_arbitrary_g30b150,,False,CATS,150,arbitrary,MultiMinded,1000,MaxIter,1367.449999999997,1977.1191,5,1667.86,707.56150000000002,553.9511,2228.9337594674703,502.67972893531766,510.39923323432794,1,30,19,2013,3033
14,30,33,LinearSubgradientAuction,0.025,0.02,,True,,1000,10800,cats_arbitrary_g30b150,,False,CATS,150,arbitrary,MultiMinded,1000,MaxIter,1378.0900000000001,2717.117,10,1791.51,726.46749999999997,1606.931,2898.1918247092608,1524.8213701400116,1538.1763258412466,1,30,44,2013,3033
15,30,30,LinearSubgradientAuction,0.025,0.02,,True,,1000,10800,cats_arbitrary_g30b150,,False,CATS,150,arbitrary,MultiMinded,1000,MaxIter,1228.9300000000003,2171.381,5,1868.55,921.70799999999997,1283.26,2676.9218106303779,1270.1403542792743,1270.1403542792743,1,30,43,1830,2760
16,30,34,LinearSubgradientAuction,0.025,0.02,,True,,1000,10800,cats_arbitrary_g30b150,,False,CATS,150,arbitrary,MultiMinded,1000,MaxIter,1415.4699999999975,2091.4660000000003,5,1581.43,466.154,1091.726,2352.0620843085408,1069.81176517172,1091.7158847918936,1,30,19,2074,3124
17,30,32,LinearSubgradientAuction,0.025,0.02,,True,,1000,10800,cats_arbitrary_g30b150,,False,CATS,150,arbitrary,MultiMinded,1000,MaxIter,1329.420000000002,1828.406,7,1506.32,727.10699999999997,1145.3890000000001,2047.095848245013,1095.8319210033258,1096.2830125407093,1,30,38,1952,2942
18,30,33,LinearSubgradientAuction,0.025,0.02,,True,,1000,10800,cats_arbitrary_g30b150,,False,CATS,150,arbitrary,MultiMinded,1000,MaxIter,1390.5299999999988,2345.2870000000003,4,2117.29,776.08299999999997,1260.3180000000002,2629.1698850624243,1225.5220249471924,1225.7065993947826,1,30,19,2013,3033
19,30,34,LinearSubgradientAuction,0.025,0.02,,True,,1000,10800,cats_arbitrary_g30b150,,False,CATS,150,arbitrary,MultiMinded,1000,MaxIter,1417.0,2287.142,6,1551.3,564.779,1075.007,2635.398083312431,1017.4295177087613,1021.2662491220185,1,30,18,2074,3124
20,30,34,LinearSubgradientAuction,0.025,0.02,,True,,1000,10800,cats_arbitrary_g30b150,,False,CATS,150,arbitrary,MultiMinded,1000,MaxIter,1410.5,1940.03319,7,1543.36,583.99600000000009,1369.802,2265.2689831234834,1332.9653026118617,1332.9653026118617,1,30,47,2074,3124
21,30,32,LinearSubgradientAuction,0.025,0.02,,True,,1000,10800,cats_arbitrary_g30b150,,False,CATS,150,arbitrary,MultiMinded,1000,MaxIter,1308.4099999999999,1599.0811999999999,4,1355.45,695.58449999999993,888.3932,2012.4070378908536,853.4767469655809,859.05966657738759,1,30,19,1952,2942
22,30,33,LinearSubgradientAuction,0.025,0.02,,True,,1000,10800,cats_arbitrary_g30b150,,False,CATS,150,arbitrary,MultiMinded,1000,MaxIter,1399.4399999999987,2282.8423000000003,1,1879.28,739.774,161.087,2505.4075419214032,0,2.5257214351009338,1,30,30,2013,3033
23,30,33,LinearSubgradientAuction,0.025,0.02,,True,,1000,10800,cats_arbitrary_g30b150,,False,CATS,150,arbitrary,MultiMinded,1000,MaxIter,1387.0299999999988,2403.9993,5,2044.82,717.20399999999995,1085.7522999999999,2856.5603432553435,1031.1570580697014,1032.9001894662165,1,30,13,2013,3033
24,30,30,LinearSubgradientAuction,0.025,0.02,,True,,1000,10800,cats_arbitrary_g30b150,,False,CATS,150,arbitrary,MultiMinded,1000,MaxIter,1217.6800000000003,2126.121,2,1969.43,482.00350000000003,186.865,2517.8615486274102,174.51344463934512,184.49474977707848,1,30,27,1830,2760
25,30,29,LinearSubgradientAuction,0.025,0.02,,True,,1000,10800,cats_arbitrary_g30b150,,False,CATS,150,arbitrary,MultiMinded,1000,MaxIter,1188.119999999999,1852.1607,3,1764.81,936.35900000000004,1399.1019999999999,2270.4137374442744,1089.667718356447,1094.4217232211574,1,30,16,1769,2669
26,30,39,LinearSubgradientAuction,0.025,0.02,,True,,1000,10800,cats_arbitrary_g30b150,,False,CATS,150,arbitrary,MultiMinded,1000,MaxIter,1615.6599999999999,2465.4804,6,1489.25,632.89699999999993,1025.364,2559.9036802148607,983.59212507629366,984.71449130284725,1,30,25,2379,3579
27,30,29,LinearSubgradientAuction,0.025,0.02,,True,,1000,10800,cats_arbitrary_g30b150,,False,CATS,150,arbitrary,MultiMinded,1000,MaxIter,1183.1299999999974,2275.4269999999997,4,1932.93,759.11900000000003,389.134,2675.9604671379138,352.17784512352301,356.07223645648497,1,30,13,1769,2669
28,30,31,LinearSubgradientAuction,0.025,0.02,,True,,1000,10800,cats_arbitrary_g30b150,,False,CATS,150,arbitrary,MultiMinded,1000,MaxIter,1282.4799999999996,2301.5724,3,1458.94,613.274,649.7894,2448.9098011015913,619.10942097426346,637.02596963429346,1,30,23,1891,2851
29,30,29,LinearSubgradientAuction,0.025,0.02,,True,,1000,10800,cats_arbitrary_g30b150,,False,CATS,150,arbitrary,MultiMinded,1000,MaxIter,1201.050000000003,2007.782,7,1669.06,662.85299999999995,1065.744,2266.5431833201319,1018.371360082176,1021.330185147278,1,30,19,1769,2669
30,30,35,LinearSubgradientAuction,0.025,0.02,,True,,1000,10800,cats_arbitrary_g30b150,,False,CATS,150,arbitrary,MultiMinded,1000,MaxIter,1460.1299999999974,2161.8298999999997,2,1539.73,524.54999999999995,744.188,2413.56890040807,228.27740417362347,229.63562306508874,1,30,27,2135,3215
31,30,32,LinearSubgradientAuction,0.025,0.02,,True,,1000,10800,cats_arbitrary_g30b150,,False,CATS,150,arbitrary,MultiMinded,1000,MaxIter,1323.8600000000006,2453.359,2,1724.13,512.56299999999999,1066.016,2677.1486200707186,95.093947087396089,114.63836035147315,1,30,28,1952,2942
32,30,34,LinearSubgradientAuction,0.025,0.02,,True,,1000,10800,cats_arbitrary_g30b150,,False,CATS,150,arbitrary,MultiMinded,1000,MaxIter,1389.9799999999996,1818.8858,4,1643.98,574.70600000000002,302.701,2203.9050892800028,274.12131952720699,274.4492864934939,1,30,21,2074,3124
33,30,33,LinearSubgradientAuction,0.025,0.02,,True,,1000,10800,cats_arbitrary_g30b150,,False,CATS,150,arbitrary,MultiMinded,1000,MaxIter,1380.489999999998,1944.8153000000002,10,1618.49,617.12249999999995,846.0515,2193.0794916832388,790.38870044552846,790.38870044552846,1,30,38,2013,3033
34,30,31,LinearSubgradientAuction,0.025,0.02,,True,,1000,10800,cats_arbitrary_g30b150,,False,CATS,150,arbitrary,MultiMinded,1000,MaxIter,1266.989999999998,2467.5019,1,2102.79,578.16200000000003,1544.32,2772.5626068807724,0,0.98338071286053719,1,30,29,1891,2851
35,30,32,LinearSubgradientAuction,0.025,0.02,,True,,1000,10800,cats_arbitrary_g30b150,,False,CATS,150,arbitrary,MultiMinded,1000,MaxIter,1329.550000000003,2108.201,8,1910.3,506.57900000000001,1316.4047,2449.0366024817931,1277.7667121200775,1277.7667121200775,1,30,95,1952,2942
36,30,35,LinearSubgradientAuction,0.025,0.02,,True,,1000,10800,cats_arbitrary_g30b150,,False,CATS,150,arbitrary,MultiMinded,1000,MaxIter,1462.1800000000003,1942.8097999999998,2,1649.39,704.06799999999998,855.5519999999999,2128.9674176546741,347.2418892600719,351.01726486232553,1,30,27,2135,3215
37,30,33,LinearSubgradientAuction,0.025,0.02,,True,,1000,10800,cats_arbitrary_g30b150,,False,CATS,150,arbitrary,MultiMinded,1000,MaxIter,1370.1800000000003,1975.334,3,1881.03,532.89949999999999,796.2740000000001,2286.9884387598709,769.3478957772262,777.55449760670388,1,30,20,2013,3033
38,30,32,LinearSubgradientAuction,0.025,0.02,,True,,1000,10800,cats_arbitrary_g30b150,,False,CATS,150,arbitrary,MultiMinded,1000,MaxIter,1317.3100000000013,2501.4829999999997,3,2312.06,839.32600000000002,902.144,2930.1321654640642,595.61040414595527,616.51564269106223,1,30,21,1952,2942
39,30,34,LinearSubgradientAuction,0.025,0.02,,True,,1000,10800,cats_arbitrary_g30b150,,False,CATS,150,arbitrary,MultiMinded,1000,MaxIter,1418.4699999999975,2311.536,2,2186.45,533.95749999999998,2186.45,2641.2828165231658,2174.1369291523515,2174.5609742098868,1,30,8,2074,3124
40,30,31,LinearSubgradientAuction,0.025,0.02,,True,,1000,10800,cats_arbitrary_g30b150,,False,CATS,150,arbitrary,MultiMinded,1000,MaxIter,1286.6800000000003,1922.01,7,1548.35,753.33299999999997,1280.9333,2126.7103029567338,1192.9276867062338,1195.2970762517821,1,30,15,1891,2851
41,30,32,LinearSubgradientAuction,0.025,0.02,,True,,1000,10800,cats_arbitrary_g30b150,,False,CATS,150,arbitrary,MultiMinded,1000,MaxIter,1304.0200000000004,1899.3063,4,1626.29,567.45299999999997,1127.749,2231.6981874499461,673.99306947021273,677.67999493678906,1,30,20,1952,2942
42,30,35,LinearSubgradientAuction,0.025,0.02,,True,,1000,10800,cats_arbitrary_g30b150,,False,CATS,150,arbitrary,MultiMinded,1000,MaxIter,1461.5600000000013,2374.3837000000003,5,1682.91,707.67899999999997,893.083,2823.3935525174174,859.96086987262368,866.41969168820026,1,30,21,2135,3215
43,30,36,LinearSubgradientAuction,0.025,0.02,,True,,1000,10800,cats_arbitrary_g30b150,,False,CATS,150,arbitrary,MultiMinded,1000,MaxIter,1502.420000000002,2385.76,3,2385.76,501.80000000000001,938.3186000000001,2526.0989544315407,471.72037385607206,507.43538803693315,1,30,23,2196,3306
44,30,35,LinearSubgradientAuction,0.025,0.02,,True,,1000,10800,cats_arbitrary_g30b150,,False,CATS,150,arbitrary,MultiMinded,1000,MaxIter,1435.5999999999985,2079.9506999999994,7,1845.76,468.2165,1350.1819999999998,2263.0562778030467,1160.1259019003742,1164.0123373418369,1,30,15,2135,3215
45,30,30,LinearSubgradientAuction,0.025,0.02,,True,,1000,10800,cats_arbitrary_g30b150,,False,CATS,150,arbitrary,MultiMinded,1000,MaxIter,1223.4600000000028,1973.4939,10,1684.69,518.44550000000004,1054.8609000000001,2275.9581099956799,992.61552516051199,1020.3595737544505,1,30,25,1830,2760
46,30,33,LinearSubgradientAuction,0.025,0.02,,True,,1000,10800,cats_arbitrary_g30b150,,False,CATS,150,arbitrary,MultiMinded,1000,MaxIter,1381.9300000000003,2174.927,5,1703.31,577.08699999999999,1097.5349999999999,2473.7425860962717,1027.4625261053257,1073.0643952086145,1,30,22,2013,3033
47,30,36,LinearSubgradientAuction,0.025,0.02,,True,,1000,10800,cats_arbitrary_g30b150,,False,CATS,150,arbitrary,MultiMinded,1000,MaxIter,1516.7200000000012,2134.903,3,1579.3,488.0025,1246.952,2433.3776192164082,454.40796107590637,457.51027956253938,1,30,16,2196,3306
48,30,36,LinearSubgradientAuction,0.025,0.02,,True,,1000,10800,cats_arbitrary_g30b150,,False,CATS,150,arbitrary,MultiMinded,1000,MaxIter,1488.2000000000007,2120.0323,4,1723.29,500.82099999999997,968.5262,2276.7557365827547,930.68413785831228,937.36168302048327,1,30,17,2196,3306
49,30,32,LinearSubgradientAuction,0.025,0.02,,True,,1000,10800,cats_arbitrary_g30b150,,False,CATS,150,arbitrary,MultiMinded,1000,MaxIter,1324.6100000000006,1825.5846,10,1448.16,458.54599999999999,535.583,2113.5479311851386,503.61922786970479,506.87709838234383,1,30,51,1952,2942
50,30,32,LinearSubgradientAuction,0.025,0.02,,True,,1000,10800,cats_arbitrary_g30b150,,False,CATS,150,arbitrary,MultiMinded,1000,MaxIter,1316.8700000000026,2387.589,1,2137.71,881.64700000000005,779.822,2522.9477549949015,0,0.0,1,30,30,1952,2942
51,30,31,LinearSubgradientAuction,0.025,0.02,,True,,1000,10800,cats_arbitrary_g30b150,,False,CATS,150,arbitrary,MultiMinded,1000,MaxIter,1281.3199999999997,2404.514,2,2207.65,681.84050000000002,1168.506,2781.7158375152621,352.53316125098235,519.38424914648567,1,30,22,1891,2851
52,30,34,LinearSubgradientAuction,0.025,0.02,,True,,1000,10800,cats_arbitrary_g30b150,,False,CATS,150,arbitrary,MultiMinded,1000,MaxIter,1422.4000000000015,2070.7699000000002,4,1761.92,837.09500000000003,558.929,2360.8151213723027,518.78865803355643,522.3768871723754,1,30,21,2074,3124
53,30,34,LinearSubgradientAuction,0.025,0.02,,True,,1000,10800,cats_arbitrary_g30b150,,False,CATS,150,arbitrary,MultiMinded,1000,MaxIter,1393.170000000002,1944.8844,5,1588.82,654.95799999999997,1400.3632,2119.5776464560513,1291.6718138017425,1338.8560400329129,1,30,7,2074,3124
54,30,30,LinearSubgradientAuction,0.025,0.02,,True,,1000,10800,cats_arbitrary_g30b150,,False,CATS,150,arbitrary,MultiMinded,1000,MaxIter,1241.6000000000022,2678.4509,11,2281.57,746.976,1031.9009,3027.7176318628576,966.92527340256345,966.92527340256345,1,30,74,1830,2760
55,30,31,LinearSubgradientAuction,0.025,0.02,,True,,1000,10800,cats_arbitrary_g30b150,,False,CATS,150,arbitrary,MultiMinded,1000,MaxIter,1279.8100000000013,2211.653,1,1943.48,726.06700000000001,119.11,2435.1497870404137,0,2.228176318067753,1,30,29,1891,2851
56,30,29,LinearSubgradientAuction,0.025,0.02,,True,,1000,10800,cats_arbitrary_g30b150,,False,CATS,150,arbitrary,MultiMinded,1000,MaxIter,1183.4600000000028,2093.229,1,1877.5,714.9369999999999,1048.37,2193.7470261974013,0,0.43555272903009268,1,30,30,1769,2669
57,30,31,LinearSubgradientAuction,0.025,0.02,,True,,1000,10800,cats_arbitrary_g30b150,,False,CATS,150,arbitrary,MultiMinded,1000,MaxIter,1258.829999999998,2015.9576000000002,3,1667.14,591.51199999999994,894.592,2342.0626013718961,864.06649198702507,866.88405651503103,1,30,18,1891,2851
58,30,33,LinearSubgradientAuction,0.025,0.02,,True,,1000,10800,cats_arbitrary_g30b150,,False,CATS,150,arbitrary,MultiMinded,1000,MaxIter,1385.579999999998,2213.6252,4,1937.47,893.10799999999995,816.8545,2576.7359930471944,771.34924038211022,773.50951092900664,1,30,17,2013,3033
59,30,31,LinearSubgradientAuction,0.025,0.02,,True,,1000,10800,cats_arbitrary_g30b150,,False,CATS,150,arbitrary,MultiMinded,1000,MaxIter,1301.5400000000009,2195.5229,1,1710.57,782.62599999999998,200.829,2696.1268229259017,0,5.6083841475428358,1,30,30,1891,2851
60,30,36,LinearSubgradientAuction,0.025,0.02,,True,,1000,10800,cats_arbitrary_g30b150,,False,CATS,150,arbitrary,MultiMinded,1000,MaxIter,1506.5200000000004,1802.554,10,1574.08,671.95349999999996,1152.4156,2044.5002306303932,1057.9707622531059,1058.0151269096864,1,30,53,2196,3306
61,30,33,LinearSubgradientAuction,0.025,0.02,,True,,1000,10800,cats_arbitrary_g30b150,,False,CATS,150,arbitrary,MultiMinded,1000,MaxIter,1379.880000000001,1724.4375,7,1339.03,584.49199999999996,1195.339,2018.404059416936,1163.0949132321059,1163.0949132321059,1,30,75,2013,3033
62,30,36,LinearSubgradientAuction,0.025,0.02,,True,,1000,10800,cats_arbitrary_g30b150,,False,CATS,150,arbitrary,MultiMinded,1000,MaxIter,1489.7800000000025,2437.0683000000004,2,1933.61,814.90999999999997,299.534,2647.4275588106448,154.86885612906482,165.31417190446106,1,30,26,2196,3306
63,30,34,LinearSubgradientAuction,0.025,0.02,,True,,1000,10800,cats_arbitrary_g30b150,,False,CATS,150,arbitrary,MultiMinded,1000,MaxIter,1410.4900000000016,2003.24,3,2003.24,494.63999999999999,543.33,2409.5726421592381,518.15660222532426,522.76528307362628,1,30,23,2074,3124
64,30,34,LinearSubgradientAuction,0.025,0.02,,True,,1000,10800,cats_arbitrary_g30b150,,False,CATS,150,arbitrary,MultiMinded,1000,MaxIter,1419.550000000003,2039.0195999999999,2,1809.03,585.17600000000004,273.652,2337.9474603734625,258.64163164002974,260.85649794755972,1,30,28,2074,3124
65,30,36,LinearSubgradientAuction,0.025,0.02,,True,,1000,10800,cats_arbitrary_g30b150,,False,CATS,150,arbitrary,MultiMinded,1000,MaxIter,1483.1000000000022,1894.2412000000002,5,1377.42,663.9670000000001,722.213,2101.4407223935555,672.18805596405286,678.9325550403106,1,30,18,2196,3306
66,30,33,LinearSubgradientAuction,0.025,0.02,,True,,1000,10800,cats_arbitrary_g30b150,,False,CATS,150,arbitrary,MultiMinded,1000,MaxIter,1385.9199999999983,2454.29,2,2454.29,522.13300000000004,291.279,2562.785170386966,219.74225924545797,279.47855206966949,1,30,28,2013,3033
67,30,31,LinearSubgradientAuction,0.025,0.02,,True,,1000,10800,cats_arbitrary_g30b150,,False,CATS,150,arbitrary,MultiMinded,1000,MaxIter,1268.0699999999997,2341.4958,4,2017.46,785.07600000000002,718.4228,2873.329600449068,658.08281701370049,679.51299157482435,1,30,21,1891,2851
68,30,31,LinearSubgradientAuction,0.025,0.02,,True,,1000,10800,cats_arbitrary_g30b150,,False,CATS,150,arbitrary,MultiMinded,1000,MaxIter,1282.550000000003,2082.3165,3,1694.51,536.65000000000009,736.7165,2160.2680112306657,710.62300184062963,744.69956376126117,1,30,21,1891,2851
69,30,32,LinearSubgradientAuction,0.025,0.02,,True,,1000,10800,cats_arbitrary_g30b150,,False,CATS,150,arbitrary,MultiMinded,1000,MaxIter,1307.2099999999991,2088.0744,7,1731.11,855.64499999999998,666.1067,2399.2682229177826,585.23060215716305,585.23060215716305,1,30,28,1952,2942
70,30,33,LinearSubgradientAuction,0.025,0.02,,True,,1000,10800,cats_arbitrary_g30b150,,False,CATS,150,arbitrary,MultiMinded,1000,MaxIter,1383.3400000000001,2258.578,7,1454.94,617.26599999999996,1928.504,2657.7510321113377,1870.9494497869832,1871.3876893511542,1,30,28,2013,3033
71,30,33,LinearSubgradientAuction,0.025,0.02,,True,,1000,10800,cats_arbitrary_g30b150,,False,CATS,150,arbitrary,MultiMinded,1000,MaxIter,1400.8199999999997,2247.3372,1,1920.4,499.70499999999998,1321.84,2536.9524856664107,0,1.4335821682490177,1,30,30,2013,3033
72,30,39,LinearSubgradientAuction,0.025,0.02,,True,,1000,10800,cats_arbitrary_g30b150,,False,CATS,150,arbitrary,MultiMinded,1000,MaxIter,1631.2000000000007,2410.0175,3,1662.34,705.94000000000005,915.7463,2558.0423529427226,500.77258084826519,508.51289375212446,1,30,22,2379,3579
73,30,34,LinearSubgradientAuction,0.025,0.02,,True,,1000,10800,cats_arbitrary_g30b150,,False,CATS,150,arbitrary,MultiMinded,1000,MaxIter,1406.8899999999994,2015.5892,12,1380.57,479.64299999999997,1448.433,2300.1927964558508,1363.4531431142309,1384.8052784276892,1,30,57,2074,3124
74,30,36,LinearSubgradientAuction,0.025,0.02,,True,,1000,10800,cats_arbitrary_g30b150,,False,CATS,150,arbitrary,MultiMinded,1000,MaxIter,1503.670000000002,2042.097,14,1285.64,413.78699999999998,964.8276000000001,2273.3291135859267,918.14720003010552,918.50870820870159,1,30,56,2196,3306
75,30,28,LinearSubgradientAuction,0.025,0.02,,True,,1000,10800,cats_arbitrary_g30b150,,False,CATS,150,arbitrary,MultiMinded,1000,MaxIter,1139.800000000003,1952.3077,4,1522.4,797.30549999999994,1523.696,2780.0717924295409,1483.8270934149884,1486.2085478006181,1,30,20,1708,2578
76,30,35,LinearSubgradientAuction,0.025,0.02,,True,,1000,10800,cats_arbitrary_g30b150,,False,CATS,150,arbitrary,MultiMinded,1000,MaxIter,1466.1100000000006,2241.3282000000004,10,1991.23,695.48000000000002,1768.986,2507.2849235661665,1653.0082750210506,1653.7027670140849,1,30,23,2135,3215
77,30,29,LinearSubgradientAuction,0.025,0.02,,True,,1000,10800,cats_arbitrary_g30b150,,False,CATS,150,arbitrary,MultiMinded,1000,MaxIter,1172.5999999999985,2086.98,2,1735.17,697.00749999999994,803.3679999999999,2357.0961654603384,392.45959992109192,397.66799601078691,1,30,22,1769,2669
78,30,34,LinearSubgradientAuction,0.025,0.02,,True,,1000,10800,cats_arbitrary_g30b150,,False,CATS,150,arbitrary,MultiMinded,1000,MaxIter,1397.6599999999999,2141.5101999999997,8,1833.54,620.51150000000007,1486.7252,2441.9754000105499,1398.6108840578647,1411.9697703916106,1,30,15,2074,3124
79,30,32,LinearSubgradientAuction,0.025,0.02,,True,,1000,10800,cats_arbitrary_g30b150,,False,CATS,150,arbitrary,MultiMinded,1000,MaxIter,1328.4099999999999,2182.6516,9,1753.74,722.10699999999997,1163.8829999999998,2771.9015024825658,1069.9906572051877,1094.6727979508014,1,30,30,1952,2942
80,30,31,LinearSubgradientAuction,0.025,0.02,,True,,1000,10800,cats_arbitrary_g30b150,,False,CATS,150,arbitrary,MultiMinded,1000,MaxIter,1280.3199999999997,2157.0797,3,1772.89,656.88249999999994,831.88,2430.5019793062984,794.50342422853237,799.6848039672318,1,30,21,1891,2851
81,30,31,LinearSubgradientAuction,0.025,0.02,,True,,1000,10800,cats_arbitrary_g30b150,,False,CATS,150,arbitrary,MultiMinded,1000,MaxIter,1262.9599999999991,1755.3018000000002,6,1603.71,647.50199999999995,1004.3543400000001,2170.8031462499648,953.96442416735374,956.74565660864744,1,30,14,1891,2851
82,30,34,LinearSubgradientAuction,0.025,0.02,,True,,1000,10800,cats_arbitrary_g30b150,,False,CATS,150,arbitrary,MultiMinded,1000,MaxIter,1416.9799999999996,2385.8982,9,2112.36,790.75199999999995,1867.078,2675.4594405529069,1723.9905517401533,1781.2445740891028,1,30,64,2074,3124
83,30,32,LinearSubgradientAuction,0.025,0.02,,True,,1000,10800,cats_arbitrary_g30b150,,False,CATS,150,arbitrary,MultiMinded,1000,MaxIter,1333.5800000000017,2059.99,2,1826.87,768.11400000000003,1704.402,2532.0463170160806,896.57684866967793,903.65998110524902,1,30,17,1952,2942
84,30,33,LinearSubgradientAuction,0.025,0.02,,True,,1000,10800,cats_arbitrary_g30b150,,False,CATS,150,arbitrary,MultiMinded,1000,MaxIter,1381.380000000001,1978.9186000000002,3,1758.88,838.20399999999995,419.244,2392.3652503417329,375.84211633981488,390.64079552775286,1,30,25,2013,3033
85,30,33,LinearSubgradientAuction,0.025,0.02,,True,,1000,10800,cats_arbitrary_g30b150,,False,CATS,150,arbitrary,MultiMinded,1000,MaxIter,1383.989999999998,2216.0256,4,2078.55,626.62099999999998,1259.9750000000001,2485.4895860566944,1213.2077216544883,1217.4799046324426,1,30,21,2013,3033
86,30,31,LinearSubgradientAuction,0.025,0.02,,True,,1000,10800,cats_arbitrary_g30b150,,False,CATS,150,arbitrary,MultiMinded,1000,MaxIter,1283.6100000000006,2283.532,2,1809.12,745.29950000000008,621.932,2654.4419108846869,601.90795032132723,603.83734852258419,1,30,23,1891,2851
87,30,36,LinearSubgradientAuction,0.025,0.02,,True,,1000,10800,cats_arbitrary_g30b150,,False,CATS,150,arbitrary,MultiMinded,1000,MaxIter,1495.2700000000004,2522.6901999999995,4,2032.58,563.31899999999996,1061.9134,2876.4839337552439,1019.093467485048,1032.0850776620773,1,30,20,2196,3306
88,30,35,LinearSubgradientAuction,0.025,0.02,,True,,1000,10800,cats_arbitrary_g30b150,,False,CATS,150,arbitrary,MultiMinded,1000,MaxIter,1435.9500000000007,2265.08,2,1820.47,452.93900000000002,978.4770000000001,2557.5728938399739,232.95826486665209,236.00630559613626,1,30,28,2135,3215
89,30,28,LinearSubgradientAuction,0.025,0.02,,True,,1000,10800,cats_arbitrary_g30b150,,False,CATS,150,arbitrary,MultiMinded,1000,MaxIter,1154.510000000002,1895.8706000000002,9,1412.37,685.88149999999996,1415.1776,2178.5047936940709,1354.2210370231453,1354.2217280020357,1,30,45,1708,2578
90,30,33,LinearSubgradientAuction,0.025,0.02,,True,,1000,10800,cats_arbitrary_g30b150,,False,CATS,150,arbitrary,MultiMinded,1000,MaxIter,1385.829999999998,2397.1789,8,2224.82,593.16800000000001,922.564,2640.0145236492463,881.15446128055078,883.67680920258749,1,30,52,2013,3033
91,30,32,LinearSubgradientAuction,0.025,0.02,,True,,1000,10800,cats_arbitrary_g30b150,,False,CATS,150,arbitrary,MultiMinded,1000,MaxIter,1324.3099999999977,2290.7259999999997,2,1825.1,529.46000000000004,529.17,2593.5507278138352,516.30750627901489,521.50655404965778,1,30,20,1952,2942
92,30,31,LinearSubgradientAuction,0.025,0.02,,True,,1000,10800,cats_arbitrary_g30b150,,False,CATS,150,arbitrary,MultiMinded,1000,MaxIter,1271.4099999999999,1880.9630000000002,4,1586.58,901.44949999999994,631.4459999999999,2129.9239361387827,272.6211679680132,285.22223386749664,1,30,23,1891,2851
93,30,34,LinearSubgradientAuction,0.025,0.02,,True,,1000,10800,cats_arbitrary_g30b150,,False,CATS,150,arbitrary,MultiMinded,1000,MaxIter,1391.7299999999996,1815.7306,5,1434.89,540.21100000000001,1743.2409999999998,2003.0747821376581,1687.5611635442394,1690.9577148139367,1,30,6,2074,3124
94,30,36,LinearSubgradientAuction,0.025,0.02,,True,,1000,10800,cats_arbitrary_g30b150,,False,CATS,150,arbitrary,MultiMinded,1000,MaxIter,1519.0299999999988,2435.1574,2,2127.58,687.69500000000005,399.231,2740.7629517346209,381.94786740488769,384.36034672808199,1,30,24,2196,3306
95,30,32,LinearSubgradientAuction,0.025,0.02,,True,,1000,10800,cats_arbitrary_g30b150,,False,CATS,150,arbitrary,MultiMinded,1000,MaxIter,1325.6200000000026,2424.051,4,1933.55,792.75099999999998,957.809,2683.3356513877093,918.16161524455413,925.56798715732555,1,30,16,1952,2942
96,30,31,LinearSubgradientAuction,0.025,0.02,,True,,1000,10800,cats_arbitrary_g30b150,,False,CATS,150,arbitrary,MultiMinded,1000,MaxIter,1281.5999999999985,1954.1625,1,1781.86,780.25699999999995,1781.86,2323.170740256202,0,24.400642359154489,1,30,30,1891,2851
97,30,30,LinearSubgradientAuction,0.025,0.02,,True,,1000,10800,cats_arbitrary_g30b150,,False,CATS,150,arbitrary,MultiMinded,1000,MaxIter,1239.760000000002,1794.66,3,1264.09,681.495,937.073,2149.6050640497206,632.81817573079559,646.0318227752465,1,30,22,1830,2760
98,30,32,LinearSubgradientAuction,0.025,0.02,,True,,1000,10800,cats_arbitrary_g30b150,,False,CATS,150,arbitrary,MultiMinded,1000,MaxIter,1333.75,2145.0272,1,2092.47,967.64100000000008,734.082,2626.1444447307376,0,26.294436455988915,1,30,30,1952,2942
99,30,29,LinearSubgradientAuction,0.025,0.02,,True,,1000,10800,cats_arbitrary_g30b150,,False,CATS,150,arbitrary,MultiMinded,1000,MaxIter,1196.6800000000003,2260.297,2,2093.42,648.17449999999997,560.556,2696.8768240439385,544.51227094491617,552.72462894395198,1,30,19,1769,2669
100,30,37,LinearSubgradientAuction,0.025,0.02,,True,,1000,10800,cats_arbitrary_g30b150,,False,CATS,150,arbitrary,MultiMinded,1000,MaxIter,1538.619999999999,2260.7916,4,1588.66,496.72000000000003,319.9866,2420.2627924673943,282.10385503617664,293.23435651179466,1,30,26,2257,3397
