idx,items,agents,auction_class,epsilon,stepc,epoch,scalebyvalue,reserve_type,maxiter,maxtime,generator_param_name,personalized,int_prices,generator,bids,distribution,type,rounds,status,runtime,efficient_value,final_num_winners,final_max_agent_value,final_scalevalue,final_value,final_total_price,final_revenue,final_indirect_util,final_price_degree,final_price_sparsity,final_imbalance,final_wd_nvars,final_wd_ncons
1,10,14,LinearHeuristicAuction,0.025,0.01,,True,,1000,10800,cats_arbitrary_g10b50,,False,CATS,50,arbitrary,MultiMinded,1000,MaxIter,36.31999999999971,793.971,1,793.971,469.322,793.971,810.77411583719118,0,7.0140695605363135,1,10,18,38,24
2,10,17,LinearHeuristicAuction,0.025,0.01,,True,,1000,10800,cats_arbitrary_g10b50,,False,CATS,50,arbitrary,MultiMinded,1000,MaxIter,35.73999999999978,890.9177,1,838.462,457.63549999999998,838.462,980.38171516853947,0,38.345135487971092,1,10,15,39,27
3,10,13,LinearHeuristicAuction,0.025,0.01,,True,,1000,10800,cats_arbitrary_g10b50,,False,CATS,50,arbitrary,MultiMinded,1000,MaxIter,35.73999999999978,689.11,1,689.11,373.73599999999999,689.11,760.22455621471249,0,0.57613358779229884,1,10,10,34,23
4,10,17,LinearHeuristicAuction,0.025,0.01,,True,,1000,10800,cats_arbitrary_g10b50,,False,CATS,50,arbitrary,MultiMinded,94,Balance,3.399999999999636,673.823,1,673.823,310.16499999999996,673.823,675.79852598884497,668.04440098884493,675.79497680773932,1,10,12,39,27
5,10,13,LinearHeuristicAuction,0.025,0.01,,True,,1000,10800,cats_arbitrary_g10b50,,False,CATS,50,arbitrary,MultiMinded,12,Balance,0.3499999999985448,758.773,1,758.773,337.48050000000001,758.773,762.08118203723404,753.64416953723401,761.30812274036236,1,10,12,26,23
6,10,14,LinearHeuristicAuction,0.025,0.01,,True,,1000,10800,cats_arbitrary_g10b50,,False,CATS,50,arbitrary,MultiMinded,1000,MaxIter,34.18000000000029,841.028,2,744.08,361.97500000000002,714.93,812.81139116564623,39.061478205378378,87.94380988017835,1,10,19,34,24
7,10,16,LinearHeuristicAuction,0.025,0.01,,True,,1000,10800,cats_arbitrary_g10b50,,False,CATS,50,arbitrary,MultiMinded,74,Balance,2.600000000000364,859.6020000000001,2,710.786,293.07349999999997,859.6020000000001,833.77750410326371,819.12382910326369,847.28229176403011,1,10,2,37,26
8,10,14,LinearHeuristicAuction,0.025,0.01,,True,,1000,10800,cats_arbitrary_g10b50,,False,CATS,50,arbitrary,MultiMinded,474,Balance,15.989999999999782,556.7090000000001,2,486.526,246.58600000000001,556.7090000000001,557.25635975106024,544.92705975106014,551.11391983416831,1,10,8,33,24
9,10,20,LinearHeuristicAuction,0.025,0.01,,True,,1000,10800,cats_arbitrary_g10b50,,False,CATS,50,arbitrary,MultiMinded,1000,MaxIter,37.63999999999942,650.389,1,411.483,212.66149999999999,378.971,657.28165549657547,0,0.38028284527399592,1,10,26,45,30
10,10,16,LinearHeuristicAuction,0.025,0.01,,True,,1000,10800,cats_arbitrary_g10b50,,False,CATS,50,arbitrary,MultiMinded,45,Balance,1.6300000000010186,974.512,1,974.512,305.01999999999998,974.512,974.6998666584758,967.07436665847581,974.03436726796406,1,10,12,37,26
11,10,18,LinearHeuristicAuction,0.025,0.01,,True,,1000,10800,cats_arbitrary_g10b50,,False,CATS,50,arbitrary,MultiMinded,202,Balance,7.319999999999709,903.4137000000001,5,690.32,184.28,903.4137000000001,832.71331485918506,809.67831485918509,884.98457617535246,1,10,5,41,28
12,10,18,LinearHeuristicAuction,0.025,0.01,,True,,1000,10800,cats_arbitrary_g10b50,,False,CATS,50,arbitrary,MultiMinded,1000,MaxIter,37.210000000000946,476.0346,2,416.605,211.79050000000001,476.0346,483.54666531965535,54.134807850083789,54.320598594753847,1,10,9,41,28
13,10,14,LinearHeuristicAuction,0.025,0.01,,True,,1000,10800,cats_arbitrary_g10b50,,False,CATS,50,arbitrary,MultiMinded,21,Balance,0.75,761.647,1,761.647,337.08749999999998,761.647,763.92119081321539,755.49400331321544,763.91807311840353,1,10,13,38,24
14,10,14,LinearHeuristicAuction,0.025,0.01,,True,,1000,10800,cats_arbitrary_g10b50,,False,CATS,50,arbitrary,MultiMinded,520,Balance,18.56999999999971,1115.4950000000001,2,880.107,393.411,1115.4950000000001,1019.3693860918876,999.69883609188753,1096.1013778131151,1,10,2,38,24
15,10,12,LinearHeuristicAuction,0.025,0.01,,True,,1000,10800,cats_arbitrary_g10b50,,False,CATS,50,arbitrary,MultiMinded,1000,MaxIter,31.890000000001237,871.33,1,871.33,381.12349999999998,730.755,889.82829380142573,0,3.0609243026447075e-05,1,10,27,29,22
16,10,14,LinearHeuristicAuction,0.025,0.01,,True,,1000,10800,cats_arbitrary_g10b50,,False,CATS,50,arbitrary,MultiMinded,424,Balance,15.3799999999992,779.7001,2,571.996,300.363,774.063,764.89118367398714,749.87303367398715,766.77759582707517,1,10,7,38,24
17,10,13,LinearHeuristicAuction,0.025,0.01,,True,,1000,10800,cats_arbitrary_g10b50,,False,CATS,50,arbitrary,MultiMinded,1000,MaxIter,32.42000000000007,721.2810000000001,1,640.028,297.31799999999998,640.028,663.61643541697333,0,0.25082282382889787,1,10,17,34,23
18,10,18,LinearHeuristicAuction,0.025,0.01,,True,,1000,10800,cats_arbitrary_g10b50,,False,CATS,50,arbitrary,MultiMinded,1000,MaxIter,35.36000000000058,1005.5310000000001,2,868.696,380.75,615.006,1002.3609301950087,224.77672740449756,238.28400072419211,1,10,17,38,28
19,10,14,LinearHeuristicAuction,0.025,0.01,,True,,1000,10800,cats_arbitrary_g10b50,,False,CATS,50,arbitrary,MultiMinded,1000,MaxIter,36.04999999999927,832.065,2,642.87,411.233,832.065,889.48278626765898,631.84220481589125,633.41629794961,1,10,11,34,24
20,10,14,LinearHeuristicAuction,0.025,0.01,,True,,1000,10800,cats_arbitrary_g10b50,,False,CATS,50,arbitrary,MultiMinded,517,Balance,17.600000000000364,615.5416,2,453.46,272.30500000000001,611.3,611.30026750348497,597.68501750348503,604.80867432647835,1,10,10,34,24
21,10,17,LinearHeuristicAuction,0.025,0.01,,True,,1000,10800,cats_arbitrary_g10b50,,False,CATS,50,arbitrary,MultiMinded,1000,MaxIter,36.42000000000007,618.958,1,618.958,240.48899999999998,618.958,654.8301135728268,0,0.39399657332062787,1,10,10,41,27
22,10,13,LinearHeuristicAuction,0.025,0.01,,True,,1000,10800,cats_arbitrary_g10b50,,False,CATS,50,arbitrary,MultiMinded,1000,MaxIter,32.68000000000029,879.723,1,879.723,407.96800000000002,769.71,1090.5235684555216,0,0.28285032749732864,1,10,27,34,23
23,10,15,LinearHeuristicAuction,0.025,0.01,,True,,1000,10800,cats_arbitrary_g10b50,,False,CATS,50,arbitrary,MultiMinded,738,Balance,25.890000000001237,977.097,1,977.097,436.84800000000001,977.097,978.80429837450845,967.88309837450845,978.69366439347368,1,10,11,34,25
24,10,13,LinearHeuristicAuction,0.025,0.01,,True,,1000,10800,cats_arbitrary_g10b50,,False,CATS,50,arbitrary,MultiMinded,1000,MaxIter,34.48999999999978,612.4065,1,552.965,296.99549999999999,552.965,646.84206324272043,0,0.027928958070333465,1,10,33,35,23
25,10,16,LinearHeuristicAuction,0.025,0.01,,True,,1000,10800,cats_arbitrary_g10b50,,False,CATS,50,arbitrary,MultiMinded,1000,MaxIter,35.219999999999345,742.2606000000001,2,689.211,308.97050000000002,688.193,767.41295746195124,145.73192567891039,153.70699881702149,1,10,24,40,26
26,10,13,LinearHeuristicAuction,0.025,0.01,,True,,1000,10800,cats_arbitrary_g10b50,,False,CATS,50,arbitrary,MultiMinded,1000,MaxIter,33.69000000000051,887.9649999999999,1,818.015,382.74599999999998,818.015,913.66760086449153,0,0.0,1,10,32,36,23
27,10,13,LinearHeuristicAuction,0.025,0.01,,True,,1000,10800,cats_arbitrary_g10b50,,False,CATS,50,arbitrary,MultiMinded,1000,MaxIter,34.04999999999927,775.689,1,775.689,348.334,775.689,836.04772132960147,0,0.24252147674974367,1,10,18,35,23
28,10,15,LinearHeuristicAuction,0.025,0.01,,True,,1000,10800,cats_arbitrary_g10b50,,False,CATS,50,arbitrary,MultiMinded,54,Balance,1.819999999999709,604.885,1,604.885,314.90100000000001,604.885,612.04471695651353,604.17219195651353,612.24276999050562,1,10,32,33,25
29,10,12,LinearHeuristicAuction,0.025,0.01,,True,,1000,10800,cats_arbitrary_g10b50,,False,CATS,50,arbitrary,MultiMinded,1000,MaxIter,32.01999999999862,642.809,1,642.809,296.26149999999996,574.789,729.52940834287585,0,0.0,1,10,10,33,22
30,10,16,LinearHeuristicAuction,0.025,0.01,,True,,1000,10800,cats_arbitrary_g10b50,,False,CATS,50,arbitrary,MultiMinded,523,Balance,19.360000000000582,754.962,3,660.473,247.715,754.962,760.2690815544081,741.690456554408,747.86040181112924,1,10,18,39,26
31,10,15,LinearHeuristicAuction,0.025,0.01,,True,,1000,10800,cats_arbitrary_g10b50,,False,CATS,50,arbitrary,MultiMinded,1000,MaxIter,37.69000000000051,914.694,1,907.121,520.11850000000004,907.121,991.06146646588786,0,0.0,1,10,35,39,25
32,10,13,LinearHeuristicAuction,0.025,0.01,,True,,1000,10800,cats_arbitrary_g10b50,,False,CATS,50,arbitrary,MultiMinded,1000,MaxIter,34.13000000000102,619.2586,1,603.07,291.851,603.07,720.18792326847984,0,0.44923924244528735,1,10,28,35,23
33,10,16,LinearHeuristicAuction,0.025,0.01,,True,,1000,10800,cats_arbitrary_g10b50,,False,CATS,50,arbitrary,MultiMinded,1000,MaxIter,36.38000000000102,622.297,2,622.297,224.69200000000001,540.879,622.68405082395645,113.14293669108176,124.42285385365938,1,10,8,42,26
34,10,15,LinearHeuristicAuction,0.025,0.01,,True,,1000,10800,cats_arbitrary_g10b50,,False,CATS,50,arbitrary,MultiMinded,409,Balance,13.220000000001164,868.13,3,756.065,258.05500000000001,868.129,850.83952705087404,831.48540205087409,848.90635392888817,1,10,6,33,25
35,10,15,LinearHeuristicAuction,0.025,0.01,,True,,1000,10800,cats_arbitrary_g10b50,,False,CATS,50,arbitrary,MultiMinded,1000,MaxIter,35.19000000000051,804.713,1,804.713,330.97899999999998,804.713,838.27593678073151,0,4.7456157036129127,1,10,19,36,25
36,10,15,LinearHeuristicAuction,0.025,0.01,,True,,1000,10800,cats_arbitrary_g10b50,,False,CATS,50,arbitrary,MultiMinded,1000,MaxIter,36.18000000000029,643.0699999999999,4,632.425,412.71300000000002,643.0699999999999,669.40084452551605,527.76758577131181,528.57937105328131,1,10,5,39,25
37,10,12,LinearHeuristicAuction,0.025,0.01,,True,,1000,10800,cats_arbitrary_g10b50,,False,CATS,50,arbitrary,MultiMinded,1000,MaxIter,33.960000000000946,701.3026000000001,1,634.495,369.97450000000003,634.495,726.75359142164893,0,28.680981746566459,1,10,18,35,22
38,10,14,LinearHeuristicAuction,0.025,0.01,,True,,1000,10800,cats_arbitrary_g10b50,,False,CATS,50,arbitrary,MultiMinded,1000,MaxIter,35.77000000000044,691.88,2,653.657,339.25200000000001,549.606,725.63250164011106,168.64292417589002,207.30666278022278,1,10,20,34,24
39,10,18,LinearHeuristicAuction,0.025,0.01,,True,,1000,10800,cats_arbitrary_g10b50,,False,CATS,50,arbitrary,MultiMinded,151,Balance,5.280000000000655,955.2540000000001,3,721.473,276.10400000000004,955.2540000000001,937.82044232942167,917.11264232942142,946.65421966262852,1,10,8,39,28
40,10,15,LinearHeuristicAuction,0.025,0.01,,True,,1000,10800,cats_arbitrary_g10b50,,False,CATS,50,arbitrary,MultiMinded,1000,MaxIter,35.27000000000044,882.337,4,850.424,422.59100000000001,840.1952999999999,919.04100890125164,646.39818404085588,647.59178391371893,1,10,5,39,25
41,10,14,LinearHeuristicAuction,0.025,0.01,,True,,1000,10800,cats_arbitrary_g10b50,,False,CATS,50,arbitrary,MultiMinded,1000,MaxIter,33.36999999999898,806.5720000000001,1,744.105,394.66899999999998,744.105,823.41968398582742,0,0.030462047878984322,1,10,20,34,24
42,10,12,LinearHeuristicAuction,0.025,0.01,,True,,1000,10800,cats_arbitrary_g10b50,,False,CATS,50,arbitrary,MultiMinded,1000,MaxIter,31.5,674.607,1,650.249,261.25450000000001,345.228,677.94996699610499,0,31.848047578152261,1,10,16,29,22
43,10,18,LinearHeuristicAuction,0.025,0.01,,True,,1000,10800,cats_arbitrary_g10b50,,False,CATS,50,arbitrary,MultiMinded,21,Balance,0.75,710.9245999999999,2,698.897,258.83499999999998,710.9245999999999,700.86316351340713,687.92141351340717,707.34678471962229,1,10,11,39,28
44,10,12,LinearHeuristicAuction,0.025,0.01,,True,,1000,10800,cats_arbitrary_g10b50,,False,CATS,50,arbitrary,MultiMinded,1000,MaxIter,35.97999999999956,748.73,1,701.292,407.33100000000002,628.181,773.61154596796632,0,0.52574288570458805,1,10,17,40,22
45,10,15,LinearHeuristicAuction,0.025,0.01,,True,,1000,10800,cats_arbitrary_g10b50,,False,CATS,50,arbitrary,MultiMinded,30,Balance,1.0400000000008731,753.639,3,656.884,388.58100000000002,753.639,705.99523421791037,676.85165921791031,724.93682183960709,1,10,5,36,25
46,10,17,LinearHeuristicAuction,0.025,0.01,,True,,1000,10800,cats_arbitrary_g10b50,,False,CATS,50,arbitrary,MultiMinded,668,Balance,23.98999999999978,944.9340000000001,4,844.841,403.99299999999999,944.9340000000001,939.79847940245543,899.39917940245539,908.42103735464434,1,10,11,39,27
47,10,14,LinearHeuristicAuction,0.025,0.01,,True,,1000,10800,cats_arbitrary_g10b50,,False,CATS,50,arbitrary,MultiMinded,1000,MaxIter,33.06999999999971,898.101,1,893.489,324.04449999999997,893.489,930.06499329214876,0,0.82201341570262798,1,10,10,33,24
48,10,15,LinearHeuristicAuction,0.025,0.01,,True,,1000,10800,cats_arbitrary_g10b50,,False,CATS,50,arbitrary,MultiMinded,30,Balance,1.0200000000004366,889.443,3,787.484,397.44799999999998,889.443,861.23610612629909,831.42750612629925,863.64640765526792,1,10,7,38,25
49,10,14,LinearHeuristicAuction,0.025,0.01,,True,,1000,10800,cats_arbitrary_g10b50,,False,CATS,50,arbitrary,MultiMinded,1000,MaxIter,34.469999999999345,945.042,1,781.262,432.49200000000002,688.482,948.65443346016275,0,1.8098781759412361,1,10,10,35,24
50,10,14,LinearHeuristicAuction,0.025,0.01,,True,,1000,10800,cats_arbitrary_g10b50,,False,CATS,50,arbitrary,MultiMinded,1000,MaxIter,31.159999999999854,815.381,1,698.568,297.62700000000001,698.568,895.75204081041613,0,0.25407479009146527,1,10,21,32,24
51,10,19,LinearHeuristicAuction,0.025,0.01,,True,,1000,10800,cats_arbitrary_g10b50,,False,CATS,50,arbitrary,MultiMinded,1000,MaxIter,41.649999999999636,593.082,1,593.082,349.66500000000002,507.524,608.02503667147437,0,0.0,1,10,28,48,29
52,10,12,LinearHeuristicAuction,0.025,0.01,,True,,1000,10800,cats_arbitrary_g10b50,,False,CATS,50,arbitrary,MultiMinded,1000,MaxIter,32.91000000000167,842.818,1,842.818,428.04949999999997,842.818,918.63906992394891,0,4.2915050229984217,1,10,13,33,22
53,10,17,LinearHeuristicAuction,0.025,0.01,,True,,1000,10800,cats_arbitrary_g10b50,,False,CATS,50,arbitrary,MultiMinded,1000,MaxIter,36.54000000000087,787.8274,2,644.907,269.82600000000002,488.91240000000005,814.52711437181392,52.600410695623083,53.035372945036613,1,10,19,44,27
54,10,14,LinearHeuristicAuction,0.025,0.01,,True,,1000,10800,cats_arbitrary_g10b50,,False,CATS,50,arbitrary,MultiMinded,11,Balance,0.3500000000003638,810.751,3,699.486,371.92899999999997,810.751,797.84465223432358,769.94997723432357,793.6010849424714,1,10,6,31,24
55,10,14,LinearHeuristicAuction,0.025,0.01,,True,,1000,10800,cats_arbitrary_g10b50,,False,CATS,50,arbitrary,MultiMinded,1000,MaxIter,35.280000000000655,778.56,1,652.834,405.49599999999998,652.834,781.40644294220181,0,0.005295670016778331,1,10,25,36,24
56,10,14,LinearHeuristicAuction,0.025,0.01,,True,,1000,10800,cats_arbitrary_g10b50,,False,CATS,50,arbitrary,MultiMinded,1000,MaxIter,33.67000000000007,720.833,1,718.63,414.24000000000001,659.11,750.69123572371848,0,0.0037542599966400303,1,10,25,34,24
57,10,13,LinearHeuristicAuction,0.025,0.01,,True,,1000,10800,cats_arbitrary_g10b50,,False,CATS,50,arbitrary,MultiMinded,1000,MaxIter,34.86000000000058,742.0273,3,583.324,429.03550000000001,677.8826,766.58911734669221,593.97714819570035,594.43066319439561,1,10,13,36,23
58,10,18,LinearHeuristicAuction,0.025,0.01,,True,,1000,10800,cats_arbitrary_g10b50,,False,CATS,50,arbitrary,MultiMinded,1000,MaxIter,35.899999999999636,927.076,2,790.752,213.971,665.2221999999999,975.77332469068403,69.031045810736742,99.467991397355007,1,10,26,41,28
59,10,15,LinearHeuristicAuction,0.025,0.01,,True,,1000,10800,cats_arbitrary_g10b50,,False,CATS,50,arbitrary,MultiMinded,1000,MaxIter,33.36000000000058,685.266,3,685.266,301.03800000000001,657.7422,720.33661621982355,284.79373654770814,284.79373654770814,1,10,30,37,25
60,10,17,LinearHeuristicAuction,0.025,0.01,,True,,1000,10800,cats_arbitrary_g10b50,,False,CATS,50,arbitrary,MultiMinded,1000,MaxIter,34.36999999999898,763.9352999999999,1,684.98,313.44299999999998,684.98,711.10423165862403,0,69.996752145728635,1,10,26,38,27
61,10,15,LinearHeuristicAuction,0.025,0.01,,True,,1000,10800,cats_arbitrary_g10b50,,False,CATS,50,arbitrary,MultiMinded,29,Balance,0.9799999999995634,906.867,2,800.076,363.90899999999999,904.461,902.35829402627724,884.16284402627718,904.16220916426278,1,10,10,34,25
62,10,13,LinearHeuristicAuction,0.025,0.01,,True,,1000,10800,cats_arbitrary_g10b50,,False,CATS,50,arbitrary,MultiMinded,1000,MaxIter,32.80999999999949,838.7230000000001,1,739.886,355.20699999999999,729.454,904.59689469589989,0,0.0792670902688144,1,10,29,32,23
63,10,17,LinearHeuristicAuction,0.025,0.01,,True,,1000,10800,cats_arbitrary_g10b50,,False,CATS,50,arbitrary,MultiMinded,1000,MaxIter,35.38999999999942,879.858,1,879.858,289.45299999999997,879.858,896.71636187809816,0,1.461932149578729,1,10,12,39,27
64,10,13,LinearHeuristicAuction,0.025,0.01,,True,,1000,10800,cats_arbitrary_g10b50,,False,CATS,50,arbitrary,MultiMinded,25,Balance,0.7999999999992724,699.8910000000001,4,546.14,336.69400000000002,699.8910000000001,687.8948563979161,654.22545639791588,668.43707354812182,1,10,13,29,23
65,10,14,LinearHeuristicAuction,0.025,0.01,,True,,1000,10800,cats_arbitrary_g10b50,,False,CATS,50,arbitrary,MultiMinded,1000,MaxIter,33.6299999999992,747.1110000000001,1,683.377,371.40150000000006,683.377,773.74161306339397,0,0.34365231663812779,1,10,20,36,24
66,10,16,LinearHeuristicAuction,0.025,0.01,,True,,1000,10800,cats_arbitrary_g10b50,,False,CATS,50,arbitrary,MultiMinded,308,Balance,10.590000000000146,804.7069,4,692.962,241.77600000000001,804.7069,745.85839101529177,721.68079101529179,787.76650614126606,1,10,7,36,26
67,10,15,LinearHeuristicAuction,0.025,0.01,,True,,1000,10800,cats_arbitrary_g10b50,,False,CATS,50,arbitrary,MultiMinded,116,Balance,3.9400000000005093,950.858,2,795.087,420.85149999999999,950.858,957.91013210338451,936.86755710338457,948.16202902244174,1,10,7,34,25
68,10,17,LinearHeuristicAuction,0.025,0.01,,True,,1000,10800,cats_arbitrary_g10b50,,False,CATS,50,arbitrary,MultiMinded,271,Balance,9.270000000000437,638.514,3,583.892,266.64400000000001,638.514,618.60433302384104,598.60603302384095,625.31281188951436,1,10,3,38,27
69,10,13,LinearHeuristicAuction,0.025,0.01,,True,,1000,10800,cats_arbitrary_g10b50,,False,CATS,50,arbitrary,MultiMinded,1000,MaxIter,35.81000000000131,653.81,1,515.575,365.36749999999995,515.575,700.60378371511331,0,0.75857926886700966,1,10,10,38,23
70,10,16,LinearHeuristicAuction,0.025,0.01,,True,,1000,10800,cats_arbitrary_g10b50,,False,CATS,50,arbitrary,MultiMinded,1000,MaxIter,36.11999999999898,813.773,1,813.773,239.7945,707.813,869.39238272728278,0,0.0,1,10,24,40,26
71,10,18,LinearHeuristicAuction,0.025,0.01,,True,,1000,10800,cats_arbitrary_g10b50,,False,CATS,50,arbitrary,MultiMinded,1000,MaxIter,34.06999999999971,936.203,1,936.203,330.1275,936.203,1078.84741389541,0,0.0,1,10,22,39,28
72,10,19,LinearHeuristicAuction,0.025,0.01,,True,,1000,10800,cats_arbitrary_g10b50,,False,CATS,50,arbitrary,MultiMinded,54,Balance,2.0,742.889,1,742.889,330.43299999999999,742.889,743.44330930627905,735.18248430627909,742.76082284060556,1,10,14,42,29
73,10,13,LinearHeuristicAuction,0.025,0.01,,True,,1000,10800,cats_arbitrary_g10b50,,False,CATS,50,arbitrary,MultiMinded,1000,MaxIter,33.54999999999927,829.25,1,829.25,443.63649999999996,829.25,910.02481514518558,0,0.96033586462439757,1,10,10,34,23
74,10,17,LinearHeuristicAuction,0.025,0.01,,True,,1000,10800,cats_arbitrary_g10b50,,False,CATS,50,arbitrary,MultiMinded,1000,MaxIter,34.51999999999862,785.147,1,785.147,194.18100000000001,785.147,785.52662191735749,780.67209691735752,819.94727887591034,1,10,13,39,27
75,10,14,LinearHeuristicAuction,0.025,0.01,,True,,1000,10800,cats_arbitrary_g10b50,,False,CATS,50,arbitrary,MultiMinded,1000,MaxIter,33.43999999999869,877.244,1,869.635,380.94749999999999,869.635,920.80529901918442,0,0.07423327450362649,1,10,30,36,24
76,10,15,LinearHeuristicAuction,0.025,0.01,,True,,1000,10800,cats_arbitrary_g10b50,,False,CATS,50,arbitrary,MultiMinded,1000,MaxIter,35.32999999999993,772.528,1,772.528,426.029,772.528,822.1702666025883,0,0.0,1,10,10,37,25
77,10,16,LinearHeuristicAuction,0.025,0.01,,True,,1000,10800,cats_arbitrary_g10b50,,False,CATS,50,arbitrary,MultiMinded,1000,MaxIter,34.02000000000044,610.0541,1,475.061,229.33799999999999,475.061,671.17372813309532,0,18.587795597272475,1,10,21,36,26
78,10,16,LinearHeuristicAuction,0.025,0.01,,True,,1000,10800,cats_arbitrary_g10b50,,False,CATS,50,arbitrary,MultiMinded,1000,MaxIter,35.409999999999854,738.191,1,718.579,283.06200000000001,718.579,814.95272903929117,0,0.028232339973953913,1,10,10,40,26
79,10,16,LinearHeuristicAuction,0.025,0.01,,True,,1000,10800,cats_arbitrary_g10b50,,False,CATS,50,arbitrary,MultiMinded,1000,MaxIter,37.0,789.0369999999999,1,767.227,328.78500000000003,767.227,819.36595640189182,0,29.02221320501431,1,10,18,39,26
80,10,14,LinearHeuristicAuction,0.025,0.01,,True,,1000,10800,cats_arbitrary_g10b50,,False,CATS,50,arbitrary,MultiMinded,80,Balance,2.530000000000655,755.88,1,755.88,295.50850000000003,755.88,756.10601135735578,748.71829885735576,755.96450579885573,1,10,11,31,24
81,10,16,LinearHeuristicAuction,0.025,0.01,,True,,1000,10800,cats_arbitrary_g10b50,,False,CATS,50,arbitrary,MultiMinded,1000,MaxIter,33.36000000000058,454.25449999999995,1,381.144,179.05700000000002,381.144,489.07852890029659,0,20.126643465787016,1,10,11,36,26
82,10,14,LinearHeuristicAuction,0.025,0.01,,True,,1000,10800,cats_arbitrary_g10b50,,False,CATS,50,arbitrary,MultiMinded,1000,MaxIter,32.840000000000146,813.1470999999999,1,678.08,361.98400000000004,671.305,922.47331283779261,0,0.30302978812613901,1,10,22,33,24
83,10,15,LinearHeuristicAuction,0.025,0.01,,True,,1000,10800,cats_arbitrary_g10b50,,False,CATS,50,arbitrary,MultiMinded,1000,MaxIter,35.06999999999971,897.3420000000001,1,818.953,242.078,818.953,983.77541825809953,0,32.178963074186811,1,10,15,41,25
84,10,14,LinearHeuristicAuction,0.025,0.01,,True,,1000,10800,cats_arbitrary_g10b50,,False,CATS,50,arbitrary,MultiMinded,1000,MaxIter,34.94000000000051,716.866,1,684.777,321.96300000000002,684.777,745.49128541623668,0,0.0,1,10,29,38,24
85,10,11,LinearHeuristicAuction,0.025,0.01,,True,,1000,10800,cats_arbitrary_g10b50,,False,CATS,50,arbitrary,MultiMinded,1000,MaxIter,31.670000000000073,679.457,1,679.457,442.82050000000004,633.967,753.91609272391554,0,0.0,1,10,29,31,21
86,10,15,LinearHeuristicAuction,0.025,0.01,,True,,1000,10800,cats_arbitrary_g10b50,,False,CATS,50,arbitrary,MultiMinded,1000,MaxIter,33.47999999999956,950.965,1,818.766,310.39699999999999,818.766,1021.533300264722,0,77.942487128890122,1,10,23,34,25
87,10,14,LinearHeuristicAuction,0.025,0.01,,True,,1000,10800,cats_arbitrary_g10b50,,False,CATS,50,arbitrary,MultiMinded,1000,MaxIter,35.840000000000146,997.2170000000001,3,716.545,235.80250000000001,997.2170000000001,929.43569547129005,725.23077574261174,801.78877958253759,1,10,7,35,24
88,10,14,LinearHeuristicAuction,0.025,0.01,,True,,1000,10800,cats_arbitrary_g10b50,,False,CATS,50,arbitrary,MultiMinded,1000,MaxIter,34.55999999999949,758.38,1,758.38,394.31950000000001,758.38,804.80443721733366,0,0.48550699025992117,1,10,18,37,24
89,10,14,LinearHeuristicAuction,0.025,0.01,,True,,1000,10800,cats_arbitrary_g10b50,,False,CATS,50,arbitrary,MultiMinded,45,Balance,1.5100000000002183,732.443,2,644.233,339.30900000000003,732.443,734.14818734909943,717.18273734909951,725.90913451215101,1,10,10,33,24
90,10,14,LinearHeuristicAuction,0.025,0.01,,True,,1000,10800,cats_arbitrary_g10b50,,False,CATS,50,arbitrary,MultiMinded,130,Balance,4.199999999998909,891.85,3,807.355,295.7045,891.85,878.15471135083135,855.97687385083134,877.46607269418121,1,10,12,32,24
91,10,13,LinearHeuristicAuction,0.025,0.01,,True,,1000,10800,cats_arbitrary_g10b50,,False,CATS,50,arbitrary,MultiMinded,1000,MaxIter,35.789999999999054,812.137,1,812.137,461.255,812.137,839.83331122756465,0,9.6147746627166839,1,10,15,38,23
92,10,14,LinearHeuristicAuction,0.025,0.01,,True,,1000,10800,cats_arbitrary_g10b50,,False,CATS,50,arbitrary,MultiMinded,1000,MaxIter,35.82000000000153,621.9174,1,498.679,294.30700000000002,461.569,632.03326254450951,0,21.943388485640099,1,10,29,40,24
93,10,18,LinearHeuristicAuction,0.025,0.01,,True,,1000,10800,cats_arbitrary_g10b50,,False,CATS,50,arbitrary,MultiMinded,66,Balance,2.360000000000582,768.1442,6,581.443,288.50549999999998,768.1442,714.27287953232531,670.99705453232536,731.93055170240905,1,10,1,39,28
94,10,14,LinearHeuristicAuction,0.025,0.01,,True,,1000,10800,cats_arbitrary_g10b50,,False,CATS,50,arbitrary,MultiMinded,37,Balance,1.2700000000004366,704.947,1,704.947,384.09699999999998,704.947,711.20002161678735,701.59759661678731,715.8003310573464,1,10,29,31,24
95,10,15,LinearHeuristicAuction,0.025,0.01,,True,,1000,10800,cats_arbitrary_g10b50,,False,CATS,50,arbitrary,MultiMinded,1000,MaxIter,35.159999999999854,905.548,1,761.598,373.96699999999998,761.598,975.87886233422159,0,0.68874389241318568,1,10,16,38,25
96,10,13,LinearHeuristicAuction,0.025,0.01,,True,,1000,10800,cats_arbitrary_g10b50,,False,CATS,50,arbitrary,MultiMinded,1000,MaxIter,31.709999999999127,802.2189,1,774.483,389.73500000000001,725.4,829.35977440820159,0,0.053357800031392344,1,10,10,31,23
97,10,14,LinearHeuristicAuction,0.025,0.01,,True,,1000,10800,cats_arbitrary_g10b50,,False,CATS,50,arbitrary,MultiMinded,32,Balance,1.0900000000001455,777.4,1,777.4,409.10199999999998,777.4,782.74262102882892,772.51507102882897,784.01205464918667,1,10,18,32,24
98,10,12,LinearHeuristicAuction,0.025,0.01,,True,,1000,10800,cats_arbitrary_g10b50,,False,CATS,50,arbitrary,MultiMinded,1000,MaxIter,34.61999999999898,899.539,1,899.539,522.91999999999996,899.539,951.89281332278608,0,0.14624851378277981,1,10,17,31,22
99,10,13,LinearHeuristicAuction,0.025,0.01,,True,,1000,10800,cats_arbitrary_g10b50,,False,CATS,50,arbitrary,MultiMinded,24,Balance,0.7699999999986176,941.1115,3,769.536,337.6515,941.1115,898.69316695427153,873.3693044542714,928.73233812957369,1,10,6,29,23
100,10,15,LinearHeuristicAuction,0.025,0.01,,True,,1000,10800,cats_arbitrary_g10b50,,False,CATS,50,arbitrary,MultiMinded,1000,MaxIter,36.54999999999927,733.9616,1,691.502,466.54449999999997,691.502,823.39689562135266,0,0.016007922223778337,1,10,29,38,25
