idx,items,agents,auction_class,epsilon,stepc,epoch,scalebyvalue,reserve_type,maxiter,maxtime,generator_param_name,personalized,int_prices,generator,bids,distribution,type,rounds,status,runtime,efficient_value,final_num_winners,final_max_agent_value,final_scalevalue,final_value,final_total_price,final_revenue,final_indirect_util,final_price_degree,final_price_sparsity,final_imbalance,final_wd_nvars,final_wd_ncons
1,30,34,LinearSubgradientAuction,0.025,0.01,,True,,1000,10800,cats_arbitrary_g30b150,,False,CATS,150,arbitrary,MultiMinded,1000,MaxIter,1396.5600000000004,1985.8648,7,1958.65,585.33899999999994,1146.5468,2223.2019090696526,1058.7180794187302,1062.4146918467443,1,30,16,2074,3124
2,30,35,LinearSubgradientAuction,0.025,0.01,,True,,1000,10800,cats_arbitrary_g30b150,,False,CATS,150,arbitrary,MultiMinded,951,Balance,1398.04,2197.79,1,2197.79,440.00599999999997,2197.79,2197.6747726137196,2186.6746226137197,2186.7898500000001,1,30,0,2135,3215
3,30,33,LinearSubgradientAuction,0.025,0.01,,True,,1000,10800,cats_arbitrary_g30b150,,False,CATS,150,arbitrary,MultiMinded,1000,MaxIter,1389.9799999999996,2537.724,3,1980.67,603.23800000000006,1425.68,2853.0038900261634,1411.4485941053608,1412.6450668581799,1,30,20,2013,3033
4,30,33,LinearSubgradientAuction,0.025,0.01,,True,,1000,10800,cats_arbitrary_g30b150,,False,CATS,150,arbitrary,MultiMinded,1000,MaxIter,1373.9899999999998,2018.328,2,1780.26,501.12400000000002,380.558,2170.9037341885937,172.8508873864734,198.05090000000001,1,30,28,2013,3033
5,30,32,LinearSubgradientAuction,0.025,0.01,,True,,1000,10800,cats_arbitrary_g30b150,,False,CATS,150,arbitrary,MultiMinded,1000,MaxIter,1301.8199999999997,1876.8708299999998,1,1770.89,624.08600000000001,366.307,2306.2716559974924,0,0.0,1,30,30,1952,2942
6,30,33,LinearSubgradientAuction,0.025,0.01,,True,,1000,10800,cats_arbitrary_g30b150,,False,CATS,150,arbitrary,MultiMinded,1000,MaxIter,1376.75,2052.619,3,1672.04,727.22400000000005,825.6300000000001,2648.7162862558725,789.5304744683732,790.87156674845619,1,30,14,2013,3033
7,30,30,LinearSubgradientAuction,0.025,0.01,,True,,1000,10800,cats_arbitrary_g30b150,,False,CATS,150,arbitrary,MultiMinded,1000,MaxIter,1236.5699999999997,2256.612,1,2088.18,661.12950000000001,1465.41,2658.2060472946077,0,5.6255201112284112,1,30,30,1830,2760
8,30,35,LinearSubgradientAuction,0.025,0.01,,True,,1000,10800,cats_arbitrary_g30b150,,False,CATS,150,arbitrary,MultiMinded,1000,MaxIter,1463.33,1886.9858,2,1721.43,762.18450000000007,978.205,2060.0276951687874,35.308573254019834,35.717399359947464,1,30,19,2135,3215
9,30,32,LinearSubgradientAuction,0.025,0.01,,True,,1000,10800,cats_arbitrary_g30b150,,False,CATS,150,arbitrary,MultiMinded,1000,MaxIter,1321.1499999999996,1903.7699,2,1559.25,844.62750000000005,1319.922,2214.2511086549034,214.64589937044005,214.64631249999999,1,30,28,1952,2942
10,30,36,LinearSubgradientAuction,0.025,0.01,,True,,1000,10800,cats_arbitrary_g30b150,,False,CATS,150,arbitrary,MultiMinded,1000,MaxIter,1481.2600000000002,2500.0740000000005,9,2217.68,621.28700000000003,1407.795,2754.9083134799021,1257.9951625445558,1300.9346984713793,1,30,19,2196,3306
11,30,30,LinearSubgradientAuction,0.025,0.01,,True,,1000,10800,cats_arbitrary_g30b150,,False,CATS,150,arbitrary,MultiMinded,1000,MaxIter,1245.5900000000001,1868.241,3,1447.57,637.68550000000005,1149.634,2400.0096590082308,348.23829062010765,352.66808357562002,1,30,25,1830,2760
12,30,32,LinearSubgradientAuction,0.025,0.01,,True,,1000,10800,cats_arbitrary_g30b150,,False,CATS,150,arbitrary,MultiMinded,1000,MaxIter,1327.0400000000009,1629.6809799999999,9,1454.03,563.44500000000005,1137.8508000000002,2042.4713268183637,1097.2767540446889,1097.6330119766646,1,30,32,1952,2942
13,30,33,LinearSubgradientAuction,0.025,0.01,,True,,1000,10800,cats_arbitrary_g30b150,,False,CATS,150,arbitrary,MultiMinded,1000,MaxIter,1392.8499999999995,1977.1191,10,1667.86,707.56150000000002,510.3992,2241.3739151523455,459.93213209419957,459.93213209419957,1,30,47,2013,3033
14,30,33,LinearSubgradientAuction,0.025,0.01,,True,,1000,10800,cats_arbitrary_g30b150,,False,CATS,150,arbitrary,MultiMinded,1000,MaxIter,1363.4899999999998,2717.117,9,1791.51,726.46749999999997,1739.591,2890.532547007012,1630.633448371397,1650.2631893261291,1,30,18,2013,3033
15,30,30,LinearSubgradientAuction,0.025,0.01,,True,,1000,10800,cats_arbitrary_g30b150,,False,CATS,150,arbitrary,MultiMinded,1000,MaxIter,1251.6899999999996,2171.381,1,1868.55,921.70799999999997,103.182,2658.0865976114915,0,8.6620289855209762,1,30,30,1830,2760
16,30,34,LinearSubgradientAuction,0.025,0.01,,True,,1000,10800,cats_arbitrary_g30b150,,False,CATS,150,arbitrary,MultiMinded,1000,MaxIter,1395.8199999999997,2091.4660000000003,6,1581.43,466.154,1229.12,2344.5513360939158,1163.3153764528256,1195.5119029078755,1,30,18,2074,3124
17,30,32,LinearSubgradientAuction,0.025,0.01,,True,,1000,10800,cats_arbitrary_g30b150,,False,CATS,150,arbitrary,MultiMinded,1000,MaxIter,1316.0500000000002,1828.406,4,1506.32,727.10699999999997,647.4567,2036.5381155000646,593.63927399595661,595.27194517501334,1,30,17,1952,2942
18,30,33,LinearSubgradientAuction,0.025,0.01,,True,,1000,10800,cats_arbitrary_g30b150,,False,CATS,150,arbitrary,MultiMinded,1000,MaxIter,1398.9399999999996,2345.2870000000003,2,2117.29,776.08299999999997,48.1373,2621.9353805779556,28.613670785616502,37.042006616784306,1,30,29,2013,3033
19,30,34,LinearSubgradientAuction,0.025,0.01,,True,,1000,10800,cats_arbitrary_g30b150,,False,CATS,150,arbitrary,MultiMinded,1000,MaxIter,1421.6999999999998,2287.142,5,1551.3,564.779,1340.4540000000002,2637.2003494876035,1276.4006511309485,1285.179663836125,1,30,13,2074,3124
20,30,34,LinearSubgradientAuction,0.025,0.01,,True,,1000,10800,cats_arbitrary_g30b150,,False,CATS,150,arbitrary,MultiMinded,1000,MaxIter,1408.0299999999997,1940.03319,9,1543.36,583.99600000000009,255.37169999999998,2264.7798083900398,213.41493122900005,213.41493122900005,1,30,66,2074,3124
21,30,32,LinearSubgradientAuction,0.025,0.01,,True,,1000,10800,cats_arbitrary_g30b150,,False,CATS,150,arbitrary,MultiMinded,1000,MaxIter,1316.9500000000007,1599.0811999999999,3,1355.45,695.58449999999993,707.8772,2012.7959815281367,219.95237126341041,226.88567734085478,1,30,22,1952,2942
22,30,33,LinearSubgradientAuction,0.025,0.01,,True,,1000,10800,cats_arbitrary_g30b150,,False,CATS,150,arbitrary,MultiMinded,1000,MaxIter,1390.5500000000002,2282.8423000000003,1,1879.28,739.774,161.087,2519.6778092754671,0,0.16445272726869575,1,30,30,2013,3033
23,30,33,LinearSubgradientAuction,0.025,0.01,,True,,1000,10800,cats_arbitrary_g30b150,,False,CATS,150,arbitrary,MultiMinded,1000,MaxIter,1385.2399999999998,2403.9993,1,2044.82,717.20399999999995,1525.76,2851.8500339781062,0,12.600375308225836,1,30,30,2013,3033
24,30,30,LinearSubgradientAuction,0.025,0.01,,True,,1000,10800,cats_arbitrary_g30b150,,False,CATS,150,arbitrary,MultiMinded,1000,MaxIter,1215.58,2126.121,5,1969.43,482.00350000000003,1663.2220000000002,2526.0723546603485,797.96776669517112,799.38184335226867,1,30,18,1830,2760
25,30,29,LinearSubgradientAuction,0.025,0.01,,True,,1000,10800,cats_arbitrary_g30b150,,False,CATS,150,arbitrary,MultiMinded,1000,MaxIter,1205.6200000000008,1852.1607,1,1764.81,936.35900000000004,1576.47,2278.8434477251708,0,0.55786051629695521,1,30,30,1769,2669
26,30,39,LinearSubgradientAuction,0.025,0.01,,True,,1000,10800,cats_arbitrary_g30b150,,False,CATS,150,arbitrary,MultiMinded,1000,MaxIter,1644.6099999999997,2465.4804,3,1489.25,632.89699999999993,893.5734,2563.0663398532097,266.17134894959173,268.41986297680052,1,30,24,2379,3579
27,30,29,LinearSubgradientAuction,0.025,0.01,,True,,1000,10800,cats_arbitrary_g30b150,,False,CATS,150,arbitrary,MultiMinded,1000,MaxIter,1182.4099999999999,2275.4269999999997,2,1932.93,759.11900000000003,1878.83,2703.2236995062049,1859.8206851832288,1861.3866750368472,1,30,12,1769,2669
28,30,31,LinearSubgradientAuction,0.025,0.01,,True,,1000,10800,cats_arbitrary_g30b150,,False,CATS,150,arbitrary,MultiMinded,1000,MaxIter,1254.8899999999994,2301.5724,12,1458.94,613.274,1023.3102000000001,2470.6938310517694,937.3753253811584,937.37571262721895,1,30,82,1891,2851
29,30,29,LinearSubgradientAuction,0.025,0.01,,True,,1000,10800,cats_arbitrary_g30b150,,False,CATS,150,arbitrary,MultiMinded,1000,MaxIter,1187.4800000000005,2007.782,5,1669.06,662.85299999999995,1475.2669999999998,2264.7766787675218,792.18796459540079,797.43536426710591,1,30,15,1769,2669
30,30,35,LinearSubgradientAuction,0.025,0.01,,True,,1000,10800,cats_arbitrary_g30b150,,False,CATS,150,arbitrary,MultiMinded,1000,MaxIter,1444.83,2161.8298999999997,2,1539.73,524.54999999999995,744.188,2411.8999994729052,228.72594365812947,229.97706793959014,1,30,27,2135,3215
31,30,32,LinearSubgradientAuction,0.025,0.01,,True,,1000,10800,cats_arbitrary_g30b150,,False,CATS,150,arbitrary,MultiMinded,1000,MaxIter,1325.3900000000003,2453.359,7,1724.13,512.56299999999999,1619.976,2671.9196883886616,1526.3120917096082,1556.8997384705615,1,30,14,1952,2942
32,30,34,LinearSubgradientAuction,0.025,0.01,,True,,1000,10800,cats_arbitrary_g30b150,,False,CATS,150,arbitrary,MultiMinded,1000,MaxIter,1426.8899999999994,1818.8858,3,1643.98,574.70600000000002,1355.1039999999998,2209.0790660635425,1326.1651933579681,1327.4719728133286,1,30,14,2074,3124
33,30,33,LinearSubgradientAuction,0.025,0.01,,True,,1000,10800,cats_arbitrary_g30b150,,False,CATS,150,arbitrary,MultiMinded,1000,MaxIter,1366.2399999999998,1944.8153000000002,1,1618.49,617.12249999999995,838.802,2183.6286152878902,0,4.0005084836541869,1,30,30,2013,3033
34,30,31,LinearSubgradientAuction,0.025,0.01,,True,,1000,10800,cats_arbitrary_g30b150,,False,CATS,150,arbitrary,MultiMinded,1000,MaxIter,1279.449999999999,2467.5019,7,2102.79,578.16200000000003,1520.923,2780.7137723733163,1465.9139344587566,1465.9139344587566,1,30,45,1891,2851
35,30,32,LinearSubgradientAuction,0.025,0.01,,True,,1000,10800,cats_arbitrary_g30b150,,False,CATS,150,arbitrary,MultiMinded,1000,MaxIter,1321.4300000000003,2108.201,1,1910.3,506.57900000000001,258.351,2447.0229791678116,0,2.0530445377448245,1,30,30,1952,2942
36,30,35,LinearSubgradientAuction,0.025,0.01,,True,,1000,10800,cats_arbitrary_g30b150,,False,CATS,150,arbitrary,MultiMinded,1000,MaxIter,1458.4499999999998,1942.8097999999998,2,1649.39,704.06799999999998,783.199,2128.9899326934274,260.73965998236991,264.30094354279106,1,30,27,2135,3215
37,30,33,LinearSubgradientAuction,0.025,0.01,,True,,1000,10800,cats_arbitrary_g30b150,,False,CATS,150,arbitrary,MultiMinded,1000,MaxIter,1394.8899999999994,1975.334,11,1881.03,532.89949999999999,1082.7096,2304.4134342215962,1018.5470422841355,1018.5470422841355,1,30,40,2013,3033
38,30,32,LinearSubgradientAuction,0.025,0.01,,True,,1000,10800,cats_arbitrary_g30b150,,False,CATS,150,arbitrary,MultiMinded,1000,MaxIter,1310.7399999999998,2501.4829999999997,5,2312.06,839.32600000000002,638.727,2937.3853705617662,597.26474561025316,598.88857514048823,1,30,20,1952,2942
39,30,34,LinearSubgradientAuction,0.025,0.01,,True,,1000,10800,cats_arbitrary_g30b150,,False,CATS,150,arbitrary,MultiMinded,1000,MaxIter,1405.1599999999999,2311.536,1,2186.45,533.95749999999998,345.447,2646.130127269721,0,2.7141069264636144,1,30,30,2074,3124
40,30,31,LinearSubgradientAuction,0.025,0.01,,True,,1000,10800,cats_arbitrary_g30b150,,False,CATS,150,arbitrary,MultiMinded,1000,MaxIter,1258.5200000000004,1922.01,4,1548.35,753.33299999999997,787.6573,2127.2976781319935,737.07594338747742,740.14395076192147,1,30,11,1891,2851
41,30,32,LinearSubgradientAuction,0.025,0.01,,True,,1000,10800,cats_arbitrary_g30b150,,False,CATS,150,arbitrary,MultiMinded,1000,MaxIter,1330.5599999999995,1899.3063,7,1626.29,567.45299999999997,1610.0790000000002,2241.7766974047076,1571.6087061929741,1571.6087061929741,1,30,46,1952,2942
42,30,35,LinearSubgradientAuction,0.025,0.01,,True,,1000,10800,cats_arbitrary_g30b150,,False,CATS,150,arbitrary,MultiMinded,1000,MaxIter,1451.0400000000009,2374.3837000000003,5,1682.91,707.67899999999997,1388.161,2828.5334290966239,1335.3192778654659,1336.8556551192623,1,30,11,2135,3215
43,30,36,LinearSubgradientAuction,0.025,0.01,,True,,1000,10800,cats_arbitrary_g30b150,,False,CATS,150,arbitrary,MultiMinded,1000,MaxIter,1482.3899999999994,2385.76,4,2385.76,501.80000000000001,899.4885999999999,2515.223938161058,809.27792220834283,862.41222170717936,1,30,22,2196,3306
44,30,35,LinearSubgradientAuction,0.025,0.01,,True,,1000,10800,cats_arbitrary_g30b150,,False,CATS,150,arbitrary,MultiMinded,1000,MaxIter,1455.8099999999995,2079.9506999999994,6,1845.76,468.2165,1194.1527,2260.5962383935325,1131.1015771756217,1137.475703676834,1,30,14,2135,3215
45,30,30,LinearSubgradientAuction,0.025,0.01,,True,,1000,10800,cats_arbitrary_g30b150,,False,CATS,150,arbitrary,MultiMinded,1000,MaxIter,1224.75,1973.4939,9,1684.69,518.44550000000004,1054.8609000000001,2251.4402777587106,979.13506211062247,1033.6658344999478,1,30,22,1830,2760
46,30,33,LinearSubgradientAuction,0.025,0.01,,True,,1000,10800,cats_arbitrary_g30b150,,False,CATS,150,arbitrary,MultiMinded,1000,MaxIter,1393.1400000000012,2174.927,9,1703.31,577.08699999999999,1388.9679999999998,2479.6654893856548,1289.0202577955145,1334.5307030943809,1,30,44,2013,3033
47,30,36,LinearSubgradientAuction,0.025,0.01,,True,,1000,10800,cats_arbitrary_g30b150,,False,CATS,150,arbitrary,MultiMinded,1000,MaxIter,1509.5499999999993,2134.903,5,1579.3,488.0025,969.469,2437.3908007748714,933.80491048763656,934.81782929626058,1,30,19,2196,3306
48,30,36,LinearSubgradientAuction,0.025,0.01,,True,,1000,10800,cats_arbitrary_g30b150,,False,CATS,150,arbitrary,MultiMinded,1000,MaxIter,1501.4599999999991,2120.0323,13,1723.29,500.82099999999997,1015.7901999999999,2289.0216825687785,956.15898147710766,956.15898147710766,1,30,46,2196,3306
49,30,32,LinearSubgradientAuction,0.025,0.01,,True,,1000,10800,cats_arbitrary_g30b150,,False,CATS,150,arbitrary,MultiMinded,1000,MaxIter,1306.8700000000008,1825.5846,4,1448.16,458.54599999999999,868.761,2098.4349115199634,823.6137882716697,838.42030598879262,1,30,20,1952,2942
50,30,32,LinearSubgradientAuction,0.025,0.01,,True,,1000,10800,cats_arbitrary_g30b150,,False,CATS,150,arbitrary,MultiMinded,1000,MaxIter,1307.7199999999993,2387.589,1,2137.71,881.64700000000005,779.822,2505.6766651115017,0,0.34245649170324555,1,30,30,1952,2942
51,30,31,LinearSubgradientAuction,0.025,0.01,,True,,1000,10800,cats_arbitrary_g30b150,,False,CATS,150,arbitrary,MultiMinded,1000,MaxIter,1287.5499999999993,2404.514,5,2207.65,681.84050000000002,1062.9180000000001,2812.4845075571466,1012.1595417868155,1155.6468162995288,1,30,18,1891,2851
52,30,34,LinearSubgradientAuction,0.025,0.01,,True,,1000,10800,cats_arbitrary_g30b150,,False,CATS,150,arbitrary,MultiMinded,1000,MaxIter,1410.0900000000001,2070.7699000000002,4,1761.92,837.09500000000003,726.3749,2357.5573030977075,663.12908637991586,668.98726310531697,1,30,21,2074,3124
53,30,34,LinearSubgradientAuction,0.025,0.01,,True,,1000,10800,cats_arbitrary_g30b150,,False,CATS,150,arbitrary,MultiMinded,1000,MaxIter,1422.4399999999987,1944.8844,5,1588.82,654.95799999999997,621.3242,2102.3488297037502,511.42920717766862,575.52256882766903,1,30,12,2074,3124
54,30,30,LinearSubgradientAuction,0.025,0.01,,True,,1000,10800,cats_arbitrary_g30b150,,False,CATS,150,arbitrary,MultiMinded,1000,MaxIter,1222.5199999999986,2678.4509,2,2281.57,746.976,1299.006,3003.7106672853456,283.51654636763169,296.66211227310055,1,30,28,1830,2760
55,30,31,LinearSubgradientAuction,0.025,0.01,,True,,1000,10800,cats_arbitrary_g30b150,,False,CATS,150,arbitrary,MultiMinded,1000,MaxIter,1274.0200000000004,2211.653,2,1943.48,726.06700000000001,139.61090000000002,2442.1953993909165,2.1210532500187504,2.3492250000000006,1,30,29,1891,2851
56,30,29,LinearSubgradientAuction,0.025,0.01,,True,,1000,10800,cats_arbitrary_g30b150,,False,CATS,150,arbitrary,MultiMinded,1000,MaxIter,1204.2599999999984,2093.229,1,1877.5,714.9369999999999,1048.37,2202.6931700296077,0,0.15350359409399061,1,30,30,1769,2669
57,30,31,LinearSubgradientAuction,0.025,0.01,,True,,1000,10800,cats_arbitrary_g30b150,,False,CATS,150,arbitrary,MultiMinded,1000,MaxIter,1261.9099999999999,2015.9576000000002,4,1667.14,591.51199999999994,1265.562,2338.8539890366146,1236.1146568882334,1238.1509026113492,1,30,14,1891,2851
58,30,33,LinearSubgradientAuction,0.025,0.01,,True,,1000,10800,cats_arbitrary_g30b150,,False,CATS,150,arbitrary,MultiMinded,1000,MaxIter,1391.4800000000014,2213.6252,6,1937.47,893.10799999999995,428.49969999999996,2574.7310827487822,339.2465226071609,345.52321730728067,1,30,17,2013,3033
59,30,31,LinearSubgradientAuction,0.025,0.01,,True,,1000,10800,cats_arbitrary_g30b150,,False,CATS,150,arbitrary,MultiMinded,1000,MaxIter,1287.699999999999,2195.5229,2,1710.57,782.62599999999998,782.875,2693.9304374389931,763.16731521771624,765.45743446687095,1,30,22,1891,2851
60,30,36,LinearSubgradientAuction,0.025,0.01,,True,,1000,10800,cats_arbitrary_g30b150,,False,CATS,150,arbitrary,MultiMinded,1000,MaxIter,1503.5100000000002,1802.554,4,1574.08,671.95349999999996,493.84810000000004,2027.9317508450754,443.14926745948685,450.09651807138522,1,30,22,2196,3306
61,30,33,LinearSubgradientAuction,0.025,0.01,,True,,1000,10800,cats_arbitrary_g30b150,,False,CATS,150,arbitrary,MultiMinded,1000,MaxIter,1372.0900000000001,1724.4375,2,1339.03,584.49199999999996,203.645,1999.7146985314612,188.73413037771189,189.58362196074856,1,30,26,2013,3033
62,30,36,LinearSubgradientAuction,0.025,0.01,,True,,1000,10800,cats_arbitrary_g30b150,,False,CATS,150,arbitrary,MultiMinded,1000,MaxIter,1507.1400000000012,2437.0683000000004,4,1933.61,814.90999999999997,899.923,2650.5862644087611,858.41888839354772,862.17129037442373,1,30,13,2196,3306
63,30,34,LinearSubgradientAuction,0.025,0.01,,True,,1000,10800,cats_arbitrary_g30b150,,False,CATS,150,arbitrary,MultiMinded,1000,MaxIter,1385.039999999999,2003.24,3,2003.24,494.63999999999999,918.067,2433.3806759796871,892.68595314999845,896.40956146885253,1,30,20,2074,3124
64,30,34,LinearSubgradientAuction,0.025,0.01,,True,,1000,10800,cats_arbitrary_g30b150,,False,CATS,150,arbitrary,MultiMinded,1000,MaxIter,1399.4899999999998,2039.0195999999999,7,1809.03,585.17600000000004,801.139,2328.8476168627162,758.25115019928023,759.4146659538917,1,30,25,2074,3124
65,30,36,LinearSubgradientAuction,0.025,0.01,,True,,1000,10800,cats_arbitrary_g30b150,,False,CATS,150,arbitrary,MultiMinded,1000,MaxIter,1507.6299999999992,1894.2412000000002,3,1377.42,663.9670000000001,495.71439999999996,2098.5721494768,375.31059361596357,388.26372121529806,1,30,24,2196,3306
66,30,33,LinearSubgradientAuction,0.025,0.01,,True,,1000,10800,cats_arbitrary_g30b150,,False,CATS,150,arbitrary,MultiMinded,1000,MaxIter,1397.6900000000005,2454.29,8,2454.29,522.13300000000004,1215.9214000000002,2558.9875958979123,1069.8504398226646,1141.2105851934207,1,30,52,2013,3033
67,30,31,LinearSubgradientAuction,0.025,0.01,,True,,1000,10800,cats_arbitrary_g30b150,,False,CATS,150,arbitrary,MultiMinded,1000,MaxIter,1278.3500000000004,2341.4958,3,2017.46,785.07600000000002,1312.4349,2877.6892995374546,407.30462456980854,414.19649311867437,1,30,25,1891,2851
68,30,31,LinearSubgradientAuction,0.025,0.01,,True,,1000,10800,cats_arbitrary_g30b150,,False,CATS,150,arbitrary,MultiMinded,1000,MaxIter,1287.5199999999986,2082.3165,6,1694.51,536.65000000000009,1414.4885000000002,2162.5914974376078,1360.2036816675866,1396.4731006395393,1,30,9,1891,2851
69,30,32,LinearSubgradientAuction,0.025,0.01,,True,,1000,10800,cats_arbitrary_g30b150,,False,CATS,150,arbitrary,MultiMinded,1000,MaxIter,1307.1599999999999,2088.0744,6,1731.11,855.64499999999998,1244.7768999999998,2392.9699380610732,1186.0369606914703,1186.5778855608953,1,30,33,1952,2942
70,30,33,LinearSubgradientAuction,0.025,0.01,,True,,1000,10800,cats_arbitrary_g30b150,,False,CATS,150,arbitrary,MultiMinded,1000,MaxIter,1385.3600000000006,2258.578,6,1454.94,617.26599999999996,1613.003,2674.0836095210661,1568.4514849939212,1568.6514097695272,1,30,31,2013,3033
71,30,33,LinearSubgradientAuction,0.025,0.01,,True,,1000,10800,cats_arbitrary_g30b150,,False,CATS,150,arbitrary,MultiMinded,1000,MaxIter,1389.6200000000008,2247.3372,9,1920.4,499.70499999999998,1351.3139999999999,2540.5561869128442,1303.2424725942069,1303.2424725942069,1,30,33,2013,3033
72,30,39,LinearSubgradientAuction,0.025,0.01,,True,,1000,10800,cats_arbitrary_g30b150,,False,CATS,150,arbitrary,MultiMinded,1000,MaxIter,1636.42,2410.0175,1,1662.34,705.94000000000005,280.94,2571.7294414699909,0,0.0050354874078379908,1,30,27,2379,3579
73,30,34,LinearSubgradientAuction,0.025,0.01,,True,,1000,10800,cats_arbitrary_g30b150,,False,CATS,150,arbitrary,MultiMinded,1000,MaxIter,1395.8099999999995,2015.5892,4,1380.57,479.64299999999997,575.111,2279.6007425041021,502.82483994962604,542.94831386760995,1,30,22,2074,3124
74,30,36,LinearSubgradientAuction,0.025,0.01,,True,,1000,10800,cats_arbitrary_g30b150,,False,CATS,150,arbitrary,MultiMinded,1000,MaxIter,1473.4300000000003,2042.097,10,1285.64,413.78699999999998,1326.5266,2270.7965581442181,1265.5074402927205,1266.5821577476404,1,30,28,2196,3306
75,30,28,LinearSubgradientAuction,0.025,0.01,,True,,1000,10800,cats_arbitrary_g30b150,,False,CATS,150,arbitrary,MultiMinded,1000,MaxIter,1150.2399999999998,1952.3077,7,1522.4,797.30549999999994,1480.416,2794.3233606048029,1446.4133465629022,1446.4655634329101,1,30,62,1708,2578
76,30,35,LinearSubgradientAuction,0.025,0.01,,True,,1000,10800,cats_arbitrary_g30b150,,False,CATS,150,arbitrary,MultiMinded,1000,MaxIter,1445.75,2241.3282000000004,8,1991.23,695.48000000000002,1146.1186,2499.2337439209809,1024.4115180497236,1029.7700787205554,1,30,18,2135,3215
77,30,29,LinearSubgradientAuction,0.025,0.01,,True,,1000,10800,cats_arbitrary_g30b150,,False,CATS,150,arbitrary,MultiMinded,1000,MaxIter,1186.67,2086.98,1,1735.17,697.00749999999994,606.21,2364.1075645499204,0,0.4950725466029553,1,30,30,1769,2669
78,30,34,LinearSubgradientAuction,0.025,0.01,,True,,1000,10800,cats_arbitrary_g30b150,,False,CATS,150,arbitrary,MultiMinded,1000,MaxIter,1421.5,2141.5101999999997,9,1833.54,620.51150000000007,1308.4767,2451.6238730541745,1233.0919725422539,1253.5765342755192,1,30,26,2074,3124
79,30,32,LinearSubgradientAuction,0.025,0.01,,True,,1000,10800,cats_arbitrary_g30b150,,False,CATS,150,arbitrary,MultiMinded,1000,MaxIter,1332.0,2182.6516,5,1753.74,722.10699999999997,714.761,2761.0756225799528,630.01724209175802,662.56470131289666,1,30,15,1952,2942
80,30,31,LinearSubgradientAuction,0.025,0.01,,True,,1000,10800,cats_arbitrary_g30b150,,False,CATS,150,arbitrary,MultiMinded,1000,MaxIter,1261.75,2157.0797,6,1772.89,656.88249999999994,788.627,2424.5852856403708,738.48427043840024,741.77231188256769,1,30,25,1891,2851
81,30,31,LinearSubgradientAuction,0.025,0.01,,True,,1000,10800,cats_arbitrary_g30b150,,False,CATS,150,arbitrary,MultiMinded,1000,MaxIter,1279.58,1755.3018000000002,2,1603.71,647.50199999999995,413.3508,2170.1070453412681,0.0,6.4285258965004193,1,30,29,1891,2851
82,30,34,LinearSubgradientAuction,0.025,0.01,,True,,1000,10800,cats_arbitrary_g30b150,,False,CATS,150,arbitrary,MultiMinded,1000,MaxIter,1421.0599999999995,2385.8982,2,2112.36,790.75199999999995,1273.261,2658.925141898841,304.79644766193206,361.74586918590688,1,30,27,2074,3124
83,30,32,LinearSubgradientAuction,0.025,0.01,,True,,1000,10800,cats_arbitrary_g30b150,,False,CATS,150,arbitrary,MultiMinded,1000,MaxIter,1330.8199999999997,2059.99,2,1826.87,768.11400000000003,847.782,2535.9514957059941,827.86743589891603,833.93685404838436,1,30,19,1952,2942
84,30,33,LinearSubgradientAuction,0.025,0.01,,True,,1000,10800,cats_arbitrary_g30b150,,False,CATS,150,arbitrary,MultiMinded,1000,MaxIter,1388.6399999999994,1978.9186000000002,5,1758.88,838.20399999999995,877.161,2396.885048873593,793.11590028419255,798.38983767910827,1,30,17,2013,3033
85,30,33,LinearSubgradientAuction,0.025,0.01,,True,,1000,10800,cats_arbitrary_g30b150,,False,CATS,150,arbitrary,MultiMinded,1000,MaxIter,1386.1900000000005,2216.0256,8,2078.55,626.62099999999998,998.2457,2491.8205538428911,937.79659331586743,937.94407267016891,1,30,34,2013,3033
86,30,31,LinearSubgradientAuction,0.025,0.01,,True,,1000,10800,cats_arbitrary_g30b150,,False,CATS,150,arbitrary,MultiMinded,1000,MaxIter,1267.4099999999999,2283.532,7,1809.12,745.29950000000008,589.49,2666.8654989291222,556.01217078420291,556.01217078420291,1,30,70,1891,2851
87,30,36,LinearSubgradientAuction,0.025,0.01,,True,,1000,10800,cats_arbitrary_g30b150,,False,CATS,150,arbitrary,MultiMinded,1000,MaxIter,1501.0599999999995,2522.6901999999995,10,2032.58,563.31899999999996,1341.7799,2894.2374752279757,1276.6165438162636,1276.6165438162636,1,30,65,2196,3306
88,30,35,LinearSubgradientAuction,0.025,0.01,,True,,1000,10800,cats_arbitrary_g30b150,,False,CATS,150,arbitrary,MultiMinded,1000,MaxIter,1437.289999999999,2265.08,5,1820.47,452.93900000000002,877.757,2560.3373198668933,417.49366801569988,420.6469126515085,1,30,22,2135,3215
89,30,28,LinearSubgradientAuction,0.025,0.01,,True,,1000,10800,cats_arbitrary_g30b150,,False,CATS,150,arbitrary,MultiMinded,1000,MaxIter,1136.2600000000002,1895.8706000000002,5,1412.37,685.88149999999996,850.9290000000001,2172.4867167765487,800.09876069149959,802.81530663716023,1,30,21,1708,2578
90,30,33,LinearSubgradientAuction,0.025,0.01,,True,,1000,10800,cats_arbitrary_g30b150,,False,CATS,150,arbitrary,MultiMinded,1000,MaxIter,1372.2299999999996,2397.1789,2,2224.82,593.16800000000001,464.14549999999997,2632.3788712062869,71.380409230133836,78.781712195269307,1,30,27,2013,3033
91,30,32,LinearSubgradientAuction,0.025,0.01,,True,,1000,10800,cats_arbitrary_g30b150,,False,CATS,150,arbitrary,MultiMinded,1000,MaxIter,1324.130000000001,2290.7259999999997,5,1825.1,529.46000000000004,1457.185,2605.5478863765588,1431.4507185767393,1432.3952552336236,1,30,16,1952,2942
92,30,31,LinearSubgradientAuction,0.025,0.01,,True,,1000,10800,cats_arbitrary_g30b150,,False,CATS,150,arbitrary,MultiMinded,1000,MaxIter,1292.949999999999,1880.9630000000002,4,1586.58,901.44949999999994,631.4459999999999,2112.8769424047491,270.90685548855504,296.06587458279699,1,30,23,1891,2851
93,30,34,LinearSubgradientAuction,0.025,0.01,,True,,1000,10800,cats_arbitrary_g30b150,,False,CATS,150,arbitrary,MultiMinded,1000,MaxIter,1419.1400000000012,1815.7306,7,1434.89,540.21100000000001,1743.2409999999998,2006.9409392776863,1688.9636724955928,1689.9662198451038,1,30,12,2074,3124
94,30,36,LinearSubgradientAuction,0.025,0.01,,True,,1000,10800,cats_arbitrary_g30b150,,False,CATS,150,arbitrary,MultiMinded,1000,MaxIter,1514.75,2435.1574,9,2127.58,687.69500000000005,1177.7354,2747.6848217937882,1092.6254634090262,1093.1068601724191,1,30,25,2196,3306
95,30,32,LinearSubgradientAuction,0.025,0.01,,True,,1000,10800,cats_arbitrary_g30b150,,False,CATS,150,arbitrary,MultiMinded,1000,MaxIter,1325.4599999999991,2424.051,1,1933.55,792.75099999999998,75.1135,2688.2466251751339,0,5.761167473459011,1,30,29,1952,2942
96,30,31,LinearSubgradientAuction,0.025,0.01,,True,,1000,10800,cats_arbitrary_g30b150,,False,CATS,150,arbitrary,MultiMinded,1000,MaxIter,1284.2700000000004,1954.1625,8,1781.86,780.25699999999995,1199.03,2335.6643932639454,1141.805007647795,1141.805007647795,1,30,27,1891,2851
97,30,30,LinearSubgradientAuction,0.025,0.01,,True,,1000,10800,cats_arbitrary_g30b150,,False,CATS,150,arbitrary,MultiMinded,1000,MaxIter,1227.5400000000009,1794.66,6,1264.09,681.495,919.7850000000001,2157.1834519740164,852.00767710956563,853.3330295033461,1,30,16,1830,2760
98,30,32,LinearSubgradientAuction,0.025,0.01,,True,,1000,10800,cats_arbitrary_g30b150,,False,CATS,150,arbitrary,MultiMinded,1000,MaxIter,1330.33,2145.0272,1,2092.47,967.64100000000008,734.082,2642.0940890062743,0,4.6927356970045366,1,30,30,1952,2942
99,30,29,LinearSubgradientAuction,0.025,0.01,,True,,1000,10800,cats_arbitrary_g30b150,,False,CATS,150,arbitrary,MultiMinded,1000,MaxIter,1177.199999999999,2260.297,8,2093.42,648.17449999999997,1052.281,2709.6272368595914,1007.3031690643813,1007.3031690643813,1,30,50,1769,2669
100,30,37,LinearSubgradientAuction,0.025,0.01,,True,,1000,10800,cats_arbitrary_g30b150,,False,CATS,150,arbitrary,MultiMinded,1000,MaxIter,1542.449999999999,2260.7916,13,1588.66,496.72000000000003,1311.7294,2433.2036794463916,1202.5734720775301,1202.7171645996132,1,30,41,2257,3397
