idx,items,agents,auction_class,epsilon,stepc,epoch,scalebyvalue,reserve_type,maxiter,maxtime,generator_param_name,personalized,int_prices,generator,bids,distribution,type,rounds,status,runtime,efficient_value,final_num_winners,final_max_agent_value,final_scalevalue,final_value,final_total_price,final_revenue,final_indirect_util,final_price_degree,final_price_sparsity,final_imbalance,final_wd_nvars,final_wd_ncons
1,10,14,LinearHeuristicAuction,0.2,0.04,,True,,1000,10800,cats_arbitrary_g10b50,,False,CATS,50,arbitrary,MultiMinded,6,Balance,0.18000000000029104,793.971,1,793.971,469.322,793.971,885.16066870245027,791.29626870245022,805.71970815260283,1,10,14,29,24
2,10,17,LinearHeuristicAuction,0.2,0.04,,True,,1000,10800,cats_arbitrary_g10b50,,False,CATS,50,arbitrary,MultiMinded,1000,MaxIter,34.86000000000058,890.9177,1,838.462,457.63549999999998,838.462,989.4237107325439,0,4.1974050811206212,1,10,11,38,27
3,10,13,LinearHeuristicAuction,0.2,0.04,,True,,1000,10800,cats_arbitrary_g10b50,,False,CATS,50,arbitrary,MultiMinded,24,Balance,0.7900000000008731,689.11,1,689.11,373.73599999999999,689.11,762.77484193012515,688.02764193012513,739.12269878439315,1,10,35,30,23
4,10,17,LinearHeuristicAuction,0.2,0.04,,True,,1000,10800,cats_arbitrary_g10b50,,False,CATS,50,arbitrary,MultiMinded,7,Balance,0.2400000000016007,673.823,1,673.823,310.16499999999996,673.823,706.95042866050505,644.91742866050504,672.03659935360656,1,10,19,35,27
5,10,13,LinearHeuristicAuction,0.2,0.04,,True,,1000,10800,cats_arbitrary_g10b50,,False,CATS,50,arbitrary,MultiMinded,3,Balance,0.09000000000014552,758.773,1,758.773,337.48050000000001,758.773,760.58851997816771,693.09241997816775,715.40353998908381,1,10,18,25,23
6,10,14,LinearHeuristicAuction,0.2,0.04,,True,,1000,10800,cats_arbitrary_g10b50,,False,CATS,50,arbitrary,MultiMinded,14,Balance,0.46000000000276486,841.028,2,744.08,361.97500000000002,828.851,796.76864227649946,651.9786422764995,792.47753067467556,1,10,19,30,24
7,10,16,LinearHeuristicAuction,0.2,0.04,,True,,1000,10800,cats_arbitrary_g10b50,,False,CATS,50,arbitrary,MultiMinded,6,Balance,0.18999999999869033,859.6020000000001,2,710.786,293.07349999999997,746.4200000000001,819.97702091933013,702.74762091933019,715.52877203321395,1,10,11,33,26
8,10,14,LinearHeuristicAuction,0.2,0.04,,True,,1000,10800,cats_arbitrary_g10b50,,False,CATS,50,arbitrary,MultiMinded,6,Balance,0.18000000000029104,556.7090000000001,2,486.526,246.58600000000001,556.7090000000001,531.06385242319755,432.42945242319752,524.27080660752335,1,10,15,27,24
9,10,20,LinearHeuristicAuction,0.2,0.04,,True,,1000,10800,cats_arbitrary_g10b50,,False,CATS,50,arbitrary,MultiMinded,156,Balance,5.8400000000001455,650.389,2,411.483,212.66149999999999,650.389,649.10688809281714,564.04228809281722,566.11803109915343,1,10,3,43,30
10,10,16,LinearHeuristicAuction,0.2,0.04,,True,,1000,10800,cats_arbitrary_g10b50,,False,CATS,50,arbitrary,MultiMinded,4,Balance,0.12999999999738066,974.512,1,974.512,305.01999999999998,974.512,986.02261858748534,925.01861858748532,985.798856007739,1,10,20,34,26
11,10,18,LinearHeuristicAuction,0.2,0.04,,True,,1000,10800,cats_arbitrary_g10b50,,False,CATS,50,arbitrary,MultiMinded,9,Balance,0.3100000000013097,903.4137000000001,5,690.32,184.28,903.4137000000001,813.97518091729307,629.6951809172931,754.46774015203016,1,10,5,39,28
12,10,18,LinearHeuristicAuction,0.2,0.04,,True,,1000,10800,cats_arbitrary_g10b50,,False,CATS,50,arbitrary,MultiMinded,9,Balance,0.32999999999810825,476.0346,2,416.605,211.79050000000001,476.0346,504.26115807008478,419.5449580700847,433.67833912175547,1,10,19,35,28
13,10,14,LinearHeuristicAuction,0.2,0.04,,True,,1000,10800,cats_arbitrary_g10b50,,False,CATS,50,arbitrary,MultiMinded,5,Balance,0.18999999999869033,761.647,1,761.647,337.08749999999998,761.647,776.60565452430615,709.18815452430613,727.19648822690829,1,10,16,29,24
14,10,14,LinearHeuristicAuction,0.2,0.04,,True,,1000,10800,cats_arbitrary_g10b50,,False,CATS,50,arbitrary,MultiMinded,48,Balance,1.6300000000010186,1115.4950000000001,2,880.107,393.411,1115.4950000000001,1048.2704861185105,890.90608611851053,974.60295320454907,1,10,11,38,24
15,10,12,LinearHeuristicAuction,0.2,0.04,,True,,1000,10800,cats_arbitrary_g10b50,,False,CATS,50,arbitrary,MultiMinded,182,Balance,5.569999999999709,871.33,1,871.33,381.12349999999998,871.33,862.32808010094379,786.10338010094381,806.76854123430371,1,10,16,26,22
16,10,14,LinearHeuristicAuction,0.2,0.04,,True,,1000,10800,cats_arbitrary_g10b50,,False,CATS,50,arbitrary,MultiMinded,3,Balance,0.08999999999650754,779.7001,2,571.996,300.363,774.063,716.74846851761129,596.60326851761124,730.95650856470138,1,10,9,28,24
17,10,13,LinearHeuristicAuction,0.2,0.04,,True,,1000,10800,cats_arbitrary_g10b50,,False,CATS,50,arbitrary,MultiMinded,18,Balance,0.6100000000005821,721.2810000000001,1,640.028,297.31799999999998,640.028,694.85779195897419,635.39419195897415,657.12934878981127,1,10,22,32,23
18,10,18,LinearHeuristicAuction,0.2,0.04,,True,,1000,10800,cats_arbitrary_g10b50,,False,CATS,50,arbitrary,MultiMinded,79,Balance,2.8800000000010186,1005.5310000000001,2,868.696,380.75,1005.5310000000001,1000.0281462357644,847.72814623576448,863.43469028834943,1,10,11,41,28
19,10,14,LinearHeuristicAuction,0.2,0.04,,True,,1000,10800,cats_arbitrary_g10b50,,False,CATS,50,arbitrary,MultiMinded,4,Balance,0.13000000000101863,832.065,2,642.87,411.233,832.065,874.37066952106215,709.87746952106227,780.59295028736301,1,10,10,29,24
20,10,14,LinearHeuristicAuction,0.2,0.04,,True,,1000,10800,cats_arbitrary_g10b50,,False,CATS,50,arbitrary,MultiMinded,45,Balance,1.5400000000008731,615.5416,2,453.46,272.30500000000001,611.3,607.99234761999946,499.07034761999944,513.66011914565638,1,10,10,31,24
21,10,17,LinearHeuristicAuction,0.2,0.04,,True,,1000,10800,cats_arbitrary_g10b50,,False,CATS,50,arbitrary,MultiMinded,21,Balance,0.7299999999995634,618.958,1,618.958,240.48899999999998,618.958,664.79211398658913,616.69431398658912,625.55687789098613,1,10,28,36,27
22,10,13,LinearHeuristicAuction,0.2,0.04,,True,,1000,10800,cats_arbitrary_g10b50,,False,CATS,50,arbitrary,MultiMinded,1000,MaxIter,32.56000000000131,879.723,1,879.723,407.96800000000002,879.723,1035.6921867921421,0,1.7185446947709693,1,10,20,31,23
23,10,15,LinearHeuristicAuction,0.2,0.04,,True,,1000,10800,cats_arbitrary_g10b50,,False,CATS,50,arbitrary,MultiMinded,6,Balance,0.2000000000007276,977.097,1,977.097,436.84800000000001,977.097,1056.4807736250941,969.11117362509412,1001.9268626704485,1,10,16,30,25
24,10,13,LinearHeuristicAuction,0.2,0.04,,True,,1000,10800,cats_arbitrary_g10b50,,False,CATS,50,arbitrary,MultiMinded,4,Balance,0.11999999999898137,612.4065,3,552.965,296.99549999999999,576.5801,653.09376945650274,476.43795346285395,516.20245612441693,1,10,15,28,23
25,10,16,LinearHeuristicAuction,0.2,0.04,,True,,1000,10800,cats_arbitrary_g10b50,,False,CATS,50,arbitrary,MultiMinded,11,Balance,0.37999999999738066,742.2606000000001,1,689.211,308.97050000000002,689.211,750.97358471091923,689.17948471091927,757.90771631984535,1,10,20,34,26
26,10,13,LinearHeuristicAuction,0.2,0.04,,True,,1000,10800,cats_arbitrary_g10b50,,False,CATS,50,arbitrary,MultiMinded,10,Balance,0.31999999999970896,887.9649999999999,1,818.015,382.74599999999998,818.015,887.19634886453105,810.647148864531,892.91564221653744,1,10,36,31,23
27,10,13,LinearHeuristicAuction,0.2,0.04,,True,,1000,10800,cats_arbitrary_g10b50,,False,CATS,50,arbitrary,MultiMinded,11,Balance,0.3600000000005821,775.689,1,775.689,348.334,775.689,844.42370190620534,774.75690190620537,801.40670531960734,1,10,30,29,23
28,10,15,LinearHeuristicAuction,0.2,0.04,,True,,1000,10800,cats_arbitrary_g10b50,,False,CATS,50,arbitrary,MultiMinded,7,Balance,0.22999999999956344,604.885,1,604.885,314.90100000000001,604.885,661.69379466519092,598.71359466519095,624.16407480618136,1,10,19,30,25
29,10,12,LinearHeuristicAuction,0.2,0.04,,True,,1000,10800,cats_arbitrary_g10b50,,False,CATS,50,arbitrary,MultiMinded,1000,MaxIter,33.529999999998836,642.809,1,642.809,296.26149999999996,574.789,722.10017344971425,0,3.5292716438725336,1,10,10,34,22
30,10,16,LinearHeuristicAuction,0.2,0.04,,True,,1000,10800,cats_arbitrary_g10b50,,False,CATS,50,arbitrary,MultiMinded,35,Balance,1.2299999999995634,754.962,3,660.473,247.715,754.962,767.61793804172214,618.98893804172212,623.8176437730699,1,10,10,38,26
31,10,15,LinearHeuristicAuction,0.2,0.04,,True,,1000,10800,cats_arbitrary_g10b50,,False,CATS,50,arbitrary,MultiMinded,9,Balance,0.2999999999992724,914.694,2,907.121,520.11850000000004,904.06,982.88778250492953,774.84038250492949,840.13764993453174,1,10,25,35,25
32,10,13,LinearHeuristicAuction,0.2,0.04,,True,,1000,10800,cats_arbitrary_g10b50,,False,CATS,50,arbitrary,MultiMinded,1000,MaxIter,32.80999999999767,619.2586,1,603.07,291.851,603.07,719.21935413619224,0,2.5055934663347728,1,10,13,32,23
33,10,16,LinearHeuristicAuction,0.2,0.04,,True,,1000,10800,cats_arbitrary_g10b50,,False,CATS,50,arbitrary,MultiMinded,7,Balance,0.23999999999796273,622.297,1,622.297,224.69200000000001,622.297,659.82843280215286,614.89003280215286,659.09073247477204,1,10,13,34,26
34,10,15,LinearHeuristicAuction,0.2,0.04,,True,,1000,10800,cats_arbitrary_g10b50,,False,CATS,50,arbitrary,MultiMinded,31,Balance,1.0400000000008731,868.13,3,756.065,258.05500000000001,868.129,851.91042724397448,697.07742724397451,717.53865460367308,1,10,6,35,25
35,10,15,LinearHeuristicAuction,0.2,0.04,,True,,1000,10800,cats_arbitrary_g10b50,,False,CATS,50,arbitrary,MultiMinded,4,Balance,0.12999999999738066,804.713,1,804.713,330.97899999999998,804.713,870.35365094812607,804.15785094812611,871.18483038776708,1,10,16,30,25
36,10,15,LinearHeuristicAuction,0.2,0.04,,True,,1000,10800,cats_arbitrary_g10b50,,False,CATS,50,arbitrary,MultiMinded,9,Balance,0.31999999999970896,643.0699999999999,1,632.425,412.71300000000002,632.425,707.30253099304389,624.75993099304389,641.29842724424532,1,10,14,32,25
37,10,12,LinearHeuristicAuction,0.2,0.04,,True,,1000,10800,cats_arbitrary_g10b50,,False,CATS,50,arbitrary,MultiMinded,1000,MaxIter,33.349999999998545,701.3026000000001,1,634.495,369.97450000000003,634.495,743.10255644887866,0,9.6117329923839634,1,10,24,32,22
38,10,14,LinearHeuristicAuction,0.2,0.04,,True,,1000,10800,cats_arbitrary_g10b50,,False,CATS,50,arbitrary,MultiMinded,1000,MaxIter,36.11999999999898,691.88,1,653.657,339.25200000000001,653.657,754.93620711156962,0,0.9764578885350943,1,10,15,35,24
39,10,18,LinearHeuristicAuction,0.2,0.04,,True,,1000,10800,cats_arbitrary_g10b50,,False,CATS,50,arbitrary,MultiMinded,11,Balance,0.38000000000101863,955.2540000000001,3,721.473,276.10400000000004,955.2540000000001,940.06209767523137,774.39969767523121,805.77530523689188,1,10,4,38,28
40,10,15,LinearHeuristicAuction,0.2,0.04,,True,,1000,10800,cats_arbitrary_g10b50,,False,CATS,50,arbitrary,MultiMinded,7,Balance,0.22999999999956344,882.337,1,850.424,422.59100000000001,850.424,918.10073138548228,833.5825313854823,871.52004067092594,1,10,19,31,25
41,10,14,LinearHeuristicAuction,0.2,0.04,,True,,1000,10800,cats_arbitrary_g10b50,,False,CATS,50,arbitrary,MultiMinded,15,Balance,0.48999999999796273,806.5720000000001,1,744.105,394.66899999999998,744.105,809.67577206051942,730.7419720605194,799.01100353002107,1,10,32,31,24
42,10,12,LinearHeuristicAuction,0.2,0.04,,True,,1000,10800,cats_arbitrary_g10b50,,False,CATS,50,arbitrary,MultiMinded,30,Balance,0.9400000000023283,674.607,1,650.249,261.25450000000001,650.249,687.60043718611792,635.34953718611791,687.90124448517611,1,10,20,27,22
43,10,18,LinearHeuristicAuction,0.2,0.04,,True,,1000,10800,cats_arbitrary_g10b50,,False,CATS,50,arbitrary,MultiMinded,4,Balance,0.12999999999738066,710.9245999999999,2,698.897,258.83499999999998,710.9245999999999,707.89055075747842,604.35655075747832,629.5839914091415,1,10,11,36,28
44,10,12,LinearHeuristicAuction,0.2,0.04,,True,,1000,10800,cats_arbitrary_g10b50,,False,CATS,50,arbitrary,MultiMinded,1000,MaxIter,33.68000000000029,748.73,1,701.292,407.33100000000002,628.181,776.1154803887373,0,0.0,1,10,26,35,22
45,10,15,LinearHeuristicAuction,0.2,0.04,,True,,1000,10800,cats_arbitrary_g10b50,,False,CATS,50,arbitrary,MultiMinded,12,Balance,0.4000000000014552,753.639,1,656.884,388.58100000000002,656.884,719.77767306883982,642.06147306883986,700.65245723514465,1,10,25,32,25
46,10,17,LinearHeuristicAuction,0.2,0.04,,True,,1000,10800,cats_arbitrary_g10b50,,False,CATS,50,arbitrary,MultiMinded,76,Balance,2.639999999999418,944.9340000000001,4,844.841,403.99299999999999,944.9340000000001,941.65869923386754,618.46429923386756,624.66443469152182,1,10,2,39,27
47,10,14,LinearHeuristicAuction,0.2,0.04,,True,,1000,10800,cats_arbitrary_g10b50,,False,CATS,50,arbitrary,MultiMinded,4,Balance,0.11999999999898137,898.101,1,893.489,324.04449999999997,893.489,940.08500920761298,875.27610920761299,926.49813391378575,1,10,28,28,24
48,10,15,LinearHeuristicAuction,0.2,0.04,,True,,1000,10800,cats_arbitrary_g10b50,,False,CATS,50,arbitrary,MultiMinded,5,Balance,0.15999999999985448,889.443,3,787.484,397.44799999999998,889.443,863.27819049216112,624.80939049216113,696.87681617812859,1,10,11,35,25
49,10,14,LinearHeuristicAuction,0.2,0.04,,True,,1000,10800,cats_arbitrary_g10b50,,False,CATS,50,arbitrary,MultiMinded,23,Balance,0.7700000000004366,945.042,3,781.262,432.49200000000002,919.9788,949.72348579849745,694.7316461876992,704.83205410757444,1,10,2,34,24
50,10,14,LinearHeuristicAuction,0.2,0.04,,True,,1000,10800,cats_arbitrary_g10b50,,False,CATS,50,arbitrary,MultiMinded,1000,MaxIter,33.0,815.381,1,698.568,297.62700000000001,698.568,891.69480810715652,0,0.26100683041283901,1,10,25,33,24
51,10,19,LinearHeuristicAuction,0.2,0.04,,True,,1000,10800,cats_arbitrary_g10b50,,False,CATS,50,arbitrary,MultiMinded,13,Balance,0.4500000000007276,593.082,1,593.082,349.66500000000002,593.082,661.45009287463517,591.51709287463518,635.15372427919976,1,10,22,39,29
52,10,12,LinearHeuristicAuction,0.2,0.04,,True,,1000,10800,cats_arbitrary_g10b50,,False,CATS,50,arbitrary,MultiMinded,3,Balance,0.09000000000014552,842.818,1,842.818,428.04949999999997,842.818,874.08140284261708,788.47150284261704,921.96652981874456,1,10,34,24,22
53,10,17,LinearHeuristicAuction,0.2,0.04,,True,,1000,10800,cats_arbitrary_g10b50,,False,CATS,50,arbitrary,MultiMinded,1000,MaxIter,34.17000000000189,787.8274,1,644.907,269.82600000000002,644.907,811.69073845533967,0,3.8455412216239466,1,10,15,39,27
54,10,14,LinearHeuristicAuction,0.2,0.04,,True,,1000,10800,cats_arbitrary_g10b50,,False,CATS,50,arbitrary,MultiMinded,8,Balance,0.23999999999796273,810.751,3,699.486,371.92899999999997,810.751,797.34263552840571,574.18523552840566,595.63471334654275,1,10,2,30,24
55,10,14,LinearHeuristicAuction,0.2,0.04,,True,,1000,10800,cats_arbitrary_g10b50,,False,CATS,50,arbitrary,MultiMinded,96,Balance,3.210000000002765,778.56,4,652.834,405.49599999999998,717.6831,772.8695907045369,498.44980940309472,520.08053854687773,1,10,19,32,24
56,10,14,LinearHeuristicAuction,0.2,0.04,,True,,1000,10800,cats_arbitrary_g10b50,,False,CATS,50,arbitrary,MultiMinded,32,Balance,1.0299999999988358,720.833,1,718.63,414.24000000000001,659.11,738.06236780687016,655.21436780687009,709.84681488787771,1,10,47,32,24
57,10,13,LinearHeuristicAuction,0.2,0.04,,True,,1000,10800,cats_arbitrary_g10b50,,False,CATS,50,arbitrary,MultiMinded,18,Balance,0.6000000000021828,742.0273,3,583.324,429.03550000000001,742.0273,744.07093394601611,507.09707450667156,555.44464249386385,1,10,19,34,23
58,10,18,LinearHeuristicAuction,0.2,0.04,,True,,1000,10800,cats_arbitrary_g10b50,,False,CATS,50,arbitrary,MultiMinded,1000,MaxIter,34.86999999999898,927.076,1,790.752,213.971,790.752,975.70323577142722,0,31.798774369730552,1,10,27,39,28
59,10,15,LinearHeuristicAuction,0.2,0.04,,True,,1000,10800,cats_arbitrary_g10b50,,False,CATS,50,arbitrary,MultiMinded,19,Balance,0.6500000000014552,685.266,1,685.266,301.03800000000001,685.266,739.78354347987988,679.57594347987992,695.93349476491835,1,10,15,33,25
60,10,17,LinearHeuristicAuction,0.2,0.04,,True,,1000,10800,cats_arbitrary_g10b50,,False,CATS,50,arbitrary,MultiMinded,11,Balance,0.37000000000261934,763.9352999999999,4,684.98,313.44299999999998,763.9352999999999,766.14948763966777,515.39508763966785,583.36417109845263,1,10,12,34,27
61,10,15,LinearHeuristicAuction,0.2,0.04,,True,,1000,10800,cats_arbitrary_g10b50,,False,CATS,50,arbitrary,MultiMinded,2,Balance,0.06000000000130967,906.867,2,800.076,363.90899999999999,904.461,829.71252000000004,684.14892000000009,881.81100000000015,1,10,7,26,25
62,10,13,LinearHeuristicAuction,0.2,0.04,,True,,1000,10800,cats_arbitrary_g10b50,,False,CATS,50,arbitrary,MultiMinded,1000,MaxIter,34.650000000001455,838.7230000000001,1,739.886,355.20699999999999,729.454,900.46298157724357,0,4.4749814968462971,1,10,11,33,23
63,10,17,LinearHeuristicAuction,0.2,0.04,,True,,1000,10800,cats_arbitrary_g10b50,,False,CATS,50,arbitrary,MultiMinded,10,Balance,0.3500000000021828,879.858,1,879.858,289.45299999999997,879.858,935.79739687121833,877.90679687121838,920.06004513818937,1,10,17,35,27
64,10,13,LinearHeuristicAuction,0.2,0.04,,True,,1000,10800,cats_arbitrary_g10b50,,False,CATS,50,arbitrary,MultiMinded,7,Balance,0.2400000000016007,699.8910000000001,4,546.14,336.69400000000002,699.8910000000001,711.55741758235422,442.20221758235425,446.31481899418435,1,10,7,30,23
65,10,14,LinearHeuristicAuction,0.2,0.04,,True,,1000,10800,cats_arbitrary_g10b50,,False,CATS,50,arbitrary,MultiMinded,10,Balance,0.3100000000013097,747.1110000000001,1,683.377,371.40150000000006,683.377,754.02255368247995,679.74225368247994,733.74442765564572,1,10,32,30,24
66,10,16,LinearHeuristicAuction,0.2,0.04,,True,,1000,10800,cats_arbitrary_g10b50,,False,CATS,50,arbitrary,MultiMinded,18,Balance,0.6100000000005821,804.7069,4,692.962,241.77600000000001,804.7069,759.28929891211862,565.86849891211853,638.49926006058672,1,10,11,36,26
67,10,15,LinearHeuristicAuction,0.2,0.04,,True,,1000,10800,cats_arbitrary_g10b50,,False,CATS,50,arbitrary,MultiMinded,37,Balance,1.2799999999988358,950.858,2,795.087,420.85149999999999,950.858,930.57244463050324,762.23184463050325,811.10557517057373,1,10,20,37,25
68,10,17,LinearHeuristicAuction,0.2,0.04,,True,,1000,10800,cats_arbitrary_g10b50,,False,CATS,50,arbitrary,MultiMinded,25,Balance,0.8599999999969441,638.514,3,583.892,266.64400000000001,638.514,635.88358334738086,475.89718334738086,490.82738674250726,1,10,5,36,27
69,10,13,LinearHeuristicAuction,0.2,0.04,,True,,1000,10800,cats_arbitrary_g10b50,,False,CATS,50,arbitrary,MultiMinded,573,Balance,19.12000000000262,653.81,2,515.575,365.36749999999995,637.419,677.91750949333027,531.77050949333034,541.77067011562463,1,10,15,33,23
70,10,16,LinearHeuristicAuction,0.2,0.04,,True,,1000,10800,cats_arbitrary_g10b50,,False,CATS,50,arbitrary,MultiMinded,1000,MaxIter,35.67000000000189,813.773,1,813.773,239.7945,707.813,866.02543401255184,0,3.4144097970402072,1,10,10,40,26
71,10,18,LinearHeuristicAuction,0.2,0.04,,True,,1000,10800,cats_arbitrary_g10b50,,False,CATS,50,arbitrary,MultiMinded,1000,MaxIter,35.099999999998545,936.203,1,936.203,330.1275,936.203,1075.9952193751481,0,1.8410288806210815,1,10,18,40,28
72,10,19,LinearHeuristicAuction,0.2,0.04,,True,,1000,10800,cats_arbitrary_g10b50,,False,CATS,50,arbitrary,MultiMinded,5,Balance,0.18000000000029104,742.889,1,742.889,330.43299999999999,742.889,788.01042094901254,721.92382094901257,737.25310409349743,1,10,14,41,29
73,10,13,LinearHeuristicAuction,0.2,0.04,,True,,1000,10800,cats_arbitrary_g10b50,,False,CATS,50,arbitrary,MultiMinded,7,Balance,0.22999999999956344,829.25,1,829.25,443.63649999999996,829.25,903.47167593899167,814.74437593899165,866.20870226594263,1,10,26,29,23
74,10,17,LinearHeuristicAuction,0.2,0.04,,True,,1000,10800,cats_arbitrary_g10b50,,False,CATS,50,arbitrary,MultiMinded,32,Balance,1.139999999999418,785.147,1,785.147,194.18100000000001,785.147,809.79507650341588,770.95887650341592,807.70109436791904,1,10,13,37,27
75,10,14,LinearHeuristicAuction,0.2,0.04,,True,,1000,10800,cats_arbitrary_g10b50,,False,CATS,50,arbitrary,MultiMinded,2,Balance,0.07999999999810825,877.244,1,869.635,380.94749999999999,869.635,914.274,838.08450000000005,1010.6079000000004,1,10,42,24,24
76,10,15,LinearHeuristicAuction,0.2,0.04,,True,,1000,10800,cats_arbitrary_g10b50,,False,CATS,50,arbitrary,MultiMinded,11,Balance,0.3400000000001455,772.528,1,772.528,426.029,772.528,844.03884248258066,758.83304248258059,803.78002262354437,1,10,28,32,25
77,10,16,LinearHeuristicAuction,0.2,0.04,,True,,1000,10800,cats_arbitrary_g10b50,,False,CATS,50,arbitrary,MultiMinded,1000,MaxIter,34.73999999999796,610.0541,1,475.061,229.33799999999999,475.061,654.73278602881601,0,22.342820712379819,1,10,27,38,26
78,10,16,LinearHeuristicAuction,0.2,0.04,,True,,1000,10800,cats_arbitrary_g10b50,,False,CATS,50,arbitrary,MultiMinded,1000,MaxIter,35.659999999999854,738.191,1,718.579,283.06200000000001,718.579,809.39664630622917,0,1.041487686803805,1,10,15,37,26
79,10,16,LinearHeuristicAuction,0.2,0.04,,True,,1000,10800,cats_arbitrary_g10b50,,False,CATS,50,arbitrary,MultiMinded,9,Balance,0.3099999999976717,789.0369999999999,1,767.227,328.78500000000003,767.227,825.77062339421354,760.01362339421348,803.57366971076567,1,10,18,35,26
80,10,14,LinearHeuristicAuction,0.2,0.04,,True,,1000,10800,cats_arbitrary_g10b50,,False,CATS,50,arbitrary,MultiMinded,5,Balance,0.17000000000189175,755.88,1,755.88,295.50850000000003,755.88,777.4758933501181,718.37419335011805,758.13666094915629,1,10,19,28,24
81,10,16,LinearHeuristicAuction,0.2,0.04,,True,,1000,10800,cats_arbitrary_g10b50,,False,CATS,50,arbitrary,MultiMinded,1000,MaxIter,35.659999999999854,454.25449999999995,1,381.144,179.05700000000002,381.144,504.75788489558295,0,0.00036687029661308657,1,10,23,37,26
82,10,14,LinearHeuristicAuction,0.2,0.04,,True,,1000,10800,cats_arbitrary_g10b50,,False,CATS,50,arbitrary,MultiMinded,1000,MaxIter,32.92000000000189,813.1470999999999,1,678.08,361.98400000000004,671.305,916.81018684697153,0,0.0,1,10,22,34,24
83,10,15,LinearHeuristicAuction,0.2,0.04,,True,,1000,10800,cats_arbitrary_g10b50,,False,CATS,50,arbitrary,MultiMinded,1000,MaxIter,35.159999999999854,897.3420000000001,1,818.953,242.078,818.953,1002.0870538901182,0,15.825001489861847,1,10,12,37,25
84,10,14,LinearHeuristicAuction,0.2,0.04,,True,,1000,10800,cats_arbitrary_g10b50,,False,CATS,50,arbitrary,MultiMinded,2,Balance,0.06999999999970896,716.866,1,684.777,321.96300000000002,684.777,734.07564000000025,669.68304000000023,877.12711999999976,1,10,37,27,24
85,10,11,LinearHeuristicAuction,0.2,0.04,,True,,1000,10800,cats_arbitrary_g10b50,,False,CATS,50,arbitrary,MultiMinded,1000,MaxIter,32.68000000000029,679.457,1,679.457,442.82050000000004,633.967,755.01843322280615,0,0.0,1,10,29,29,21
86,10,15,LinearHeuristicAuction,0.2,0.04,,True,,1000,10800,cats_arbitrary_g10b50,,False,CATS,50,arbitrary,MultiMinded,1000,MaxIter,33.469999999997526,950.965,1,818.766,310.39699999999999,818.766,1034.2072148797163,0,57.805702382041432,1,10,16,37,25
87,10,14,LinearHeuristicAuction,0.2,0.04,,True,,1000,10800,cats_arbitrary_g10b50,,False,CATS,50,arbitrary,MultiMinded,6,Balance,0.1900000000023283,997.2170000000001,3,716.545,235.80250000000001,997.2170000000001,891.13904288590857,749.6575428859087,918.10491380612461,1,10,10,30,24
88,10,14,LinearHeuristicAuction,0.2,0.04,,True,,1000,10800,cats_arbitrary_g10b50,,False,CATS,50,arbitrary,MultiMinded,8,Balance,0.27000000000043656,758.38,1,758.38,394.31950000000001,758.38,823.40790243715514,744.54400243715509,789.18370065851104,1,10,28,30,24
89,10,14,LinearHeuristicAuction,0.2,0.04,,True,,1000,10800,cats_arbitrary_g10b50,,False,CATS,50,arbitrary,MultiMinded,3,Balance,0.09000000000014552,732.443,2,644.233,339.30900000000003,729.4245999999999,782.25706986565467,646.53346986565464,650.29090986565461,1,10,9,27,24
90,10,14,LinearHeuristicAuction,0.2,0.04,,True,,1000,10800,cats_arbitrary_g10b50,,False,CATS,50,arbitrary,MultiMinded,11,Balance,0.3400000000001455,891.85,3,807.355,295.7045,855.8131000000001,881.5159576840756,704.09325768407564,723.98504613134128,1,10,13,31,24
91,10,13,LinearHeuristicAuction,0.2,0.04,,True,,1000,10800,cats_arbitrary_g10b50,,False,CATS,50,arbitrary,MultiMinded,8,Balance,0.26000000000203727,812.137,1,812.137,461.255,812.137,876.16859024987286,783.91759024987289,832.6327320535197,1,10,29,28,23
92,10,14,LinearHeuristicAuction,0.2,0.04,,True,,1000,10800,cats_arbitrary_g10b50,,False,CATS,50,arbitrary,MultiMinded,1000,MaxIter,32.86999999999898,621.9174,1,498.679,294.30700000000002,461.569,631.20174680426112,0,22.524310562447681,1,10,13,33,24
93,10,18,LinearHeuristicAuction,0.2,0.04,,True,,1000,10800,cats_arbitrary_g10b50,,False,CATS,50,arbitrary,MultiMinded,3,Balance,0.11999999999898137,768.1442,6,581.443,288.50549999999998,768.1442,816.21578073092314,484.92945291253864,528.62179909192309,1,10,4,37,28
94,10,14,LinearHeuristicAuction,0.2,0.04,,True,,1000,10800,cats_arbitrary_g10b50,,False,CATS,50,arbitrary,MultiMinded,9,Balance,0.27000000000043656,704.947,1,704.947,384.09699999999998,704.947,755.16764305403592,678.34824305403595,692.41866704669621,1,10,13,28,24
95,10,15,LinearHeuristicAuction,0.2,0.04,,True,,1000,10800,cats_arbitrary_g10b50,,False,CATS,50,arbitrary,MultiMinded,1000,MaxIter,33.7400000000016,905.548,1,761.598,373.96699999999998,761.598,969.77424887431005,0,6.6347551090847787,1,10,16,35,25
96,10,13,LinearHeuristicAuction,0.2,0.04,,True,,1000,10800,cats_arbitrary_g10b50,,False,CATS,50,arbitrary,MultiMinded,6,Balance,0.18000000000029104,802.2189,2,774.483,389.73500000000001,802.2189,799.81398089953598,690.68818089953595,831.45901273364268,1,10,14,26,23
97,10,14,LinearHeuristicAuction,0.2,0.04,,True,,1000,10800,cats_arbitrary_g10b50,,False,CATS,50,arbitrary,MultiMinded,5,Balance,0.18000000000029104,777.4,1,777.4,409.10199999999998,777.4,827.07629067600544,745.25589067600549,783.77995814912003,1,10,18,30,24
98,10,12,LinearHeuristicAuction,0.2,0.04,,True,,1000,10800,cats_arbitrary_g10b50,,False,CATS,50,arbitrary,MultiMinded,6,Balance,0.18999999999869033,899.539,1,899.539,522.91999999999996,899.539,979.19465568385579,874.61065568385584,902.54552492523351,1,10,24,26,22
99,10,13,LinearHeuristicAuction,0.2,0.04,,True,,1000,10800,cats_arbitrary_g10b50,,False,CATS,50,arbitrary,MultiMinded,6,Balance,0.18000000000029104,941.1115,3,769.536,337.6515,941.1115,891.09485847775545,713.87751863841834,810.04117710502737,1,10,11,30,23
100,10,15,LinearHeuristicAuction,0.2,0.04,,True,,1000,10800,cats_arbitrary_g10b50,,False,CATS,50,arbitrary,MultiMinded,1000,MaxIter,35.719999999997526,733.9616,1,691.502,466.54449999999997,691.502,820.92594059469502,0,0.0,1,10,23,36,25
