idx,items,agents,auction_class,epsilon,stepc,epoch,scalebyvalue,reserve_type,maxiter,maxtime,generator_param_name,personalized,int_prices,generator,bids,distribution,type,rounds,status,runtime,efficient_value,final_num_winners,final_max_agent_value,final_scalevalue,final_value,final_total_price,final_revenue,final_indirect_util,final_price_degree,final_price_sparsity,final_imbalance,final_wd_nvars,final_wd_ncons
1,30,34,LinearSubgradientAuction,0.1,0.02,,True,,1000,10800,cats_arbitrary_g30b150,,False,CATS,150,arbitrary,MultiMinded,1000,MaxIter,1405.8899999999994,1985.8648,3,1958.65,585.33899999999994,628.4929999999999,2225.9439647960739,332.1391468694369,335.19028865997518,1,30,24,2074,3124
2,30,35,LinearSubgradientAuction,0.1,0.02,,True,,1000,10800,cats_arbitrary_g30b150,,False,CATS,150,arbitrary,MultiMinded,518,Balance,743.3399999999965,2197.79,1,2197.79,440.00599999999997,2197.79,2196.2649633820547,2152.2643633820549,2154.2004427082711,1,30,6,2135,3215
3,30,33,LinearSubgradientAuction,0.1,0.02,,True,,1000,10800,cats_arbitrary_g30b150,,False,CATS,150,arbitrary,MultiMinded,1000,MaxIter,1383.0299999999988,2537.724,8,1980.67,603.23800000000006,1121.428,2845.1812043349137,946.77383931541499,947.0882785114718,1,30,33,2013,3033
4,30,33,LinearSubgradientAuction,0.1,0.02,,True,,1000,10800,cats_arbitrary_g30b150,,False,CATS,150,arbitrary,MultiMinded,1000,MaxIter,1382.1399999999994,2018.328,4,1780.26,501.12400000000002,501.87199999999996,2159.8555315300364,369.53398147635494,405.46351804114209,1,30,16,2013,3033
5,30,32,LinearSubgradientAuction,0.1,0.02,,True,,1000,10800,cats_arbitrary_g30b150,,False,CATS,150,arbitrary,MultiMinded,1000,MaxIter,1320.9400000000023,1876.8708299999998,7,1770.89,624.08600000000001,1459.674,2310.829168135177,1279.5654567800457,1279.5654567800457,1,30,41,1952,2942
6,30,33,LinearSubgradientAuction,0.1,0.02,,True,,1000,10800,cats_arbitrary_g30b150,,False,CATS,150,arbitrary,MultiMinded,1000,MaxIter,1392.3999999999942,2052.619,4,1672.04,727.22400000000005,1163.5399,2634.8742063470509,955.86281477960267,965.60678176971214,1,30,19,2013,3033
7,30,30,LinearSubgradientAuction,0.1,0.02,,True,,1000,10800,cats_arbitrary_g30b150,,False,CATS,150,arbitrary,MultiMinded,1000,MaxIter,1216.1199999999953,2256.612,2,2088.18,661.12950000000001,1601.737,2654.3451743267069,70.213858527715743,83.775301293256817,1,30,27,1830,2760
8,30,35,LinearSubgradientAuction,0.1,0.02,,True,,1000,10800,cats_arbitrary_g30b150,,False,CATS,150,arbitrary,MultiMinded,1000,MaxIter,1441.520000000004,1886.9858,5,1721.43,762.18450000000007,884.3638,2048.7206857228107,606.58116564080694,622.69588687255282,1,30,17,2135,3215
9,30,32,LinearSubgradientAuction,0.1,0.02,,True,,1000,10800,cats_arbitrary_g30b150,,False,CATS,150,arbitrary,MultiMinded,1000,MaxIter,1314.2400000000052,1903.7699,4,1559.25,844.62750000000005,1206.19,2198.5884620129518,181.67636669663227,194.93073261681116,1,30,21,1952,2942
10,30,36,LinearSubgradientAuction,0.1,0.02,,True,,1000,10800,cats_arbitrary_g30b150,,False,CATS,150,arbitrary,MultiMinded,1000,MaxIter,1508.6800000000076,2500.0740000000005,6,2217.68,621.28700000000003,1557.7959999999998,2747.7858203835954,844.45418097263678,894.00312796191963,1,30,16,2196,3306
11,30,30,LinearSubgradientAuction,0.1,0.02,,True,,1000,10800,cats_arbitrary_g30b150,,False,CATS,150,arbitrary,MultiMinded,1000,MaxIter,1230.1100000000006,1868.241,7,1447.57,637.68550000000005,1024.465,2403.8692490731537,837.34739065470694,837.98956354808047,1,30,33,1830,2760
12,30,32,LinearSubgradientAuction,0.1,0.02,,True,,1000,10800,cats_arbitrary_g30b150,,False,CATS,150,arbitrary,MultiMinded,1000,MaxIter,1325.7100000000064,1629.6809799999999,1,1454.03,563.44500000000005,139.454,2043.1548880831465,0,0.68848807855988525,1,30,30,1952,2942
13,30,33,LinearSubgradientAuction,0.1,0.02,,True,,1000,10800,cats_arbitrary_g30b150,,False,CATS,150,arbitrary,MultiMinded,1000,MaxIter,1390.5599999999977,1977.1191,5,1667.86,707.56150000000002,553.9511,2228.9337594674703,343.47839143531763,351.19789573432791,1,30,19,2013,3033
14,30,33,LinearSubgradientAuction,0.1,0.02,,True,,1000,10800,cats_arbitrary_g30b150,,False,CATS,150,arbitrary,MultiMinded,1000,MaxIter,1381.729999999996,2717.117,10,1791.51,726.46749999999997,1606.931,2898.1918247092608,1252.3960576400113,1265.7510133412463,1,30,44,2013,3033
15,30,30,LinearSubgradientAuction,0.1,0.02,,True,,1000,10800,cats_arbitrary_g30b150,,False,CATS,150,arbitrary,MultiMinded,1000,MaxIter,1233.1500000000087,2171.381,5,1868.55,921.70799999999997,1283.26,2676.9218106303779,1201.0122542792742,1201.0122542792742,1,30,43,1830,2760
16,30,34,LinearSubgradientAuction,0.1,0.02,,True,,1000,10800,cats_arbitrary_g30b150,,False,CATS,150,arbitrary,MultiMinded,1000,MaxIter,1408.1900000000023,2091.4660000000003,5,1581.43,466.154,1091.726,2352.0620843085408,999.88866517171994,1021.7927847918934,1,30,19,2074,3124
17,30,32,LinearSubgradientAuction,0.1,0.02,,True,,1000,10800,cats_arbitrary_g30b150,,False,CATS,150,arbitrary,MultiMinded,1000,MaxIter,1335.8899999999994,1828.406,7,1506.32,727.10699999999997,1145.3890000000001,2047.095848245013,932.23284600332568,932.68393754070917,1,30,38,1952,2942
18,30,33,LinearSubgradientAuction,0.1,0.02,,True,,1000,10800,cats_arbitrary_g30b150,,False,CATS,150,arbitrary,MultiMinded,1000,MaxIter,1372.7099999999919,2345.2870000000003,4,2117.29,776.08299999999997,1260.3180000000002,2629.1698850624243,1109.1095749471922,1109.2941493947824,1,30,19,2013,3033
19,30,34,LinearSubgradientAuction,0.1,0.02,,True,,1000,10800,cats_arbitrary_g30b150,,False,CATS,150,arbitrary,MultiMinded,1000,MaxIter,1417.7899999999936,2287.142,6,1551.3,564.779,1075.007,2635.398083312431,847.99581770876125,851.83254912201846,1,30,18,2074,3124
20,30,34,LinearSubgradientAuction,0.1,0.02,,True,,1000,10800,cats_arbitrary_g30b150,,False,CATS,150,arbitrary,MultiMinded,1000,MaxIter,1405.6100000000006,1940.03319,7,1543.36,583.99600000000009,1369.802,2265.2689831234834,1201.5662026118619,1201.5662026118619,1,30,47,2074,3124
21,30,32,LinearSubgradientAuction,0.1,0.02,,True,,1000,10800,cats_arbitrary_g30b150,,False,CATS,150,arbitrary,MultiMinded,1000,MaxIter,1305.2599999999948,1599.0811999999999,4,1355.45,695.58449999999993,888.3932,2012.4070378908536,754.30932689616486,759.89224650797155,1,30,19,1952,2942
22,30,33,LinearSubgradientAuction,0.1,0.02,,True,,1000,10800,cats_arbitrary_g30b150,,False,CATS,150,arbitrary,MultiMinded,1000,MaxIter,1376.7100000000064,2282.8423000000003,1,1879.28,739.774,161.087,2505.4075419214032,0,2.5257214351009338,1,30,30,2013,3033
23,30,33,LinearSubgradientAuction,0.1,0.02,,True,,1000,10800,cats_arbitrary_g30b150,,False,CATS,150,arbitrary,MultiMinded,1000,MaxIter,1385.9000000000087,2403.9993,5,2044.82,717.20399999999995,1085.7522999999999,2856.5603432553435,921.83402069608144,923.57715209259663,1,30,13,2013,3033
24,30,30,LinearSubgradientAuction,0.1,0.02,,True,,1000,10800,cats_arbitrary_g30b150,,False,CATS,150,arbitrary,MultiMinded,1000,MaxIter,1234.3899999999994,2126.121,2,1969.43,482.00350000000003,186.865,2517.8615486274102,138.3631821393451,148.34448727707846,1,30,27,1830,2760
25,30,29,LinearSubgradientAuction,0.1,0.02,,True,,1000,10800,cats_arbitrary_g30b150,,False,CATS,150,arbitrary,MultiMinded,1000,MaxIter,1192.2799999999988,1852.1607,3,1764.81,936.35900000000004,1399.1019999999999,2270.4137374442744,949.21386835644694,953.96787322115733,1,30,16,1769,2669
26,30,39,LinearSubgradientAuction,0.1,0.02,,True,,1000,10800,cats_arbitrary_g30b150,,False,CATS,150,arbitrary,MultiMinded,1000,MaxIter,1635.949999999997,2465.4804,6,1489.25,632.89699999999993,1025.364,2559.9036802148607,841.19030007629362,842.31266630284722,1,30,25,2379,3579
27,30,29,LinearSubgradientAuction,0.1,0.02,,True,,1000,10800,cats_arbitrary_g30b150,,False,CATS,150,arbitrary,MultiMinded,1000,MaxIter,1193.1199999999953,2275.4269999999997,4,1932.93,759.11900000000003,389.134,2675.9604671379138,238.30999512352304,242.204386456485,1,30,13,1769,2669
28,30,31,LinearSubgradientAuction,0.1,0.02,,True,,1000,10800,cats_arbitrary_g30b150,,False,CATS,150,arbitrary,MultiMinded,1000,MaxIter,1276.699999999997,2301.5724,3,1458.94,613.274,649.7894,2448.9098011015913,527.1183209742635,545.0348696342935,1,30,23,1891,2851
29,30,29,LinearSubgradientAuction,0.1,0.02,,True,,1000,10800,cats_arbitrary_g30b150,,False,CATS,150,arbitrary,MultiMinded,1000,MaxIter,1205.429999999993,2007.782,7,1669.06,662.85299999999995,1065.744,2266.5431833201319,869.229435082176,872.18826014727802,1,30,19,1769,2669
30,30,35,LinearSubgradientAuction,0.1,0.02,,True,,1000,10800,cats_arbitrary_g30b150,,False,CATS,150,arbitrary,MultiMinded,1000,MaxIter,1437.020000000004,2161.8298999999997,2,1539.73,524.54999999999995,744.188,2413.56890040807,188.93615417362349,190.29437306508873,1,30,27,2135,3215
31,30,32,LinearSubgradientAuction,0.1,0.02,,True,,1000,10800,cats_arbitrary_g30b150,,False,CATS,150,arbitrary,MultiMinded,1000,MaxIter,1324.1600000000035,2453.359,2,1724.13,512.56299999999999,1066.016,2677.1486200707186,56.651722087396088,76.196135351473146,1,30,28,1952,2942
32,30,34,LinearSubgradientAuction,0.1,0.02,,True,,1000,10800,cats_arbitrary_g30b150,,False,CATS,150,arbitrary,MultiMinded,1000,MaxIter,1387.4800000000105,1818.8858,4,1643.98,574.70600000000002,302.701,2203.9050892800028,187.91541952720701,188.24338649349389,1,30,21,2074,3124
33,30,33,LinearSubgradientAuction,0.1,0.02,,True,,1000,10800,cats_arbitrary_g30b150,,False,CATS,150,arbitrary,MultiMinded,1000,MaxIter,1376.1499999999942,1944.8153000000002,10,1618.49,617.12249999999995,846.0515,2193.0794916832388,605.25195044552845,605.25195044552845,1,30,38,2013,3033
34,30,31,LinearSubgradientAuction,0.1,0.02,,True,,1000,10800,cats_arbitrary_g30b150,,False,CATS,150,arbitrary,MultiMinded,1000,MaxIter,1270.6100000000006,2467.5019,1,2102.79,578.16200000000003,1544.32,2772.5626068807724,0,0.98338071286053719,1,30,29,1891,2851
35,30,32,LinearSubgradientAuction,0.1,0.02,,True,,1000,10800,cats_arbitrary_g30b150,,False,CATS,150,arbitrary,MultiMinded,1000,MaxIter,1324.6199999999953,2108.201,8,1910.3,506.57900000000001,1316.4047,2449.0366024817931,1125.7930121200775,1125.7930121200775,1,30,95,1952,2942
36,30,35,LinearSubgradientAuction,0.1,0.02,,True,,1000,10800,cats_arbitrary_g30b150,,False,CATS,150,arbitrary,MultiMinded,1000,MaxIter,1462.449999999997,1942.8097999999998,2,1649.39,704.06799999999998,855.5519999999999,2128.9674176546741,294.43678926007192,298.21216486232549,1,30,27,2135,3215
37,30,33,LinearSubgradientAuction,0.1,0.02,,True,,1000,10800,cats_arbitrary_g30b150,,False,CATS,150,arbitrary,MultiMinded,1000,MaxIter,1374.0,1975.334,3,1881.03,532.89949999999999,796.2740000000001,2286.9884387598709,689.41297077722618,697.61957260670385,1,30,20,2013,3033
38,30,32,LinearSubgradientAuction,0.1,0.02,,True,,1000,10800,cats_arbitrary_g30b150,,False,CATS,150,arbitrary,MultiMinded,1000,MaxIter,1326.1100000000006,2501.4829999999997,3,2312.06,839.32600000000002,902.144,2930.1321654640642,469.71150414595536,490.61674269106231,1,30,21,1952,2942
39,30,34,LinearSubgradientAuction,0.1,0.02,,True,,1000,10800,cats_arbitrary_g30b150,,False,CATS,150,arbitrary,MultiMinded,1000,MaxIter,1423.0100000000093,2311.536,2,2186.45,533.95749999999998,2186.45,2641.2828165231658,2134.0901166523513,2134.5141617098866,1,30,8,2074,3124
40,30,31,LinearSubgradientAuction,0.1,0.02,,True,,1000,10800,cats_arbitrary_g30b150,,False,CATS,150,arbitrary,MultiMinded,1000,MaxIter,1281.6900000000023,1922.01,7,1548.35,753.33299999999997,1280.9333,2126.7103029567338,966.92778670623375,969.29717625178205,1,30,15,1891,2851
41,30,32,LinearSubgradientAuction,0.1,0.02,,True,,1000,10800,cats_arbitrary_g30b150,,False,CATS,150,arbitrary,MultiMinded,1000,MaxIter,1318.7900000000081,1899.3063,4,1626.29,567.45299999999997,1127.749,2231.6981874499461,588.87511947021278,592.56204493678911,1,30,20,1952,2942
42,30,35,LinearSubgradientAuction,0.1,0.02,,True,,1000,10800,cats_arbitrary_g30b150,,False,CATS,150,arbitrary,MultiMinded,1000,MaxIter,1436.0399999999936,2374.3837000000003,5,1682.91,707.67899999999997,893.083,2823.3935525174174,753.80901987262359,760.26784168820018,1,30,21,2135,3215
43,30,36,LinearSubgradientAuction,0.1,0.02,,True,,1000,10800,cats_arbitrary_g30b150,,False,CATS,150,arbitrary,MultiMinded,1000,MaxIter,1507.909999999989,2385.76,3,2385.76,501.80000000000001,938.3186000000001,2526.0989544315407,396.45037385607202,432.16538803693311,1,30,23,2196,3306
44,30,35,LinearSubgradientAuction,0.1,0.02,,True,,1000,10800,cats_arbitrary_g30b150,,False,CATS,150,arbitrary,MultiMinded,1000,MaxIter,1446.520000000004,2079.9506999999994,7,1845.76,468.2165,1350.1819999999998,2263.0562778030467,1019.660951900374,1023.5473873418366,1,30,15,2135,3215
45,30,30,LinearSubgradientAuction,0.1,0.02,,True,,1000,10800,cats_arbitrary_g30b150,,False,CATS,150,arbitrary,MultiMinded,1000,MaxIter,1213.479999999996,1973.4939,10,1684.69,518.44550000000004,1054.8609000000001,2275.9581099956799,800.07804383891437,827.82209243285286,1,30,25,1830,2760
46,30,33,LinearSubgradientAuction,0.1,0.02,,True,,1000,10800,cats_arbitrary_g30b150,,False,CATS,150,arbitrary,MultiMinded,1000,MaxIter,1371.8300000000017,2174.927,5,1703.31,577.08699999999999,1097.5349999999999,2473.7425860962717,940.89947610532556,986.50134520861434,1,30,22,2013,3033
47,30,36,LinearSubgradientAuction,0.1,0.02,,True,,1000,10800,cats_arbitrary_g30b150,,False,CATS,150,arbitrary,MultiMinded,1000,MaxIter,1508.949999999997,2134.903,3,1579.3,488.0025,1246.952,2433.3776192164082,381.20758607590636,384.30990456253937,1,30,16,2196,3306
48,30,36,LinearSubgradientAuction,0.1,0.02,,True,,1000,10800,cats_arbitrary_g30b150,,False,CATS,150,arbitrary,MultiMinded,1000,MaxIter,1505.0400000000081,2120.0323,4,1723.29,500.82099999999997,968.5262,2276.7557365827547,817.99941285831233,824.67695802048331,1,30,17,2196,3306
49,30,32,LinearSubgradientAuction,0.1,0.02,,True,,1000,10800,cats_arbitrary_g30b150,,False,CATS,150,arbitrary,MultiMinded,1000,MaxIter,1312.729999999996,1825.5846,10,1448.16,458.54599999999999,535.583,2113.5479311851386,400.4463778697048,403.70424838234385,1,30,51,1952,2942
50,30,32,LinearSubgradientAuction,0.1,0.02,,True,,1000,10800,cats_arbitrary_g30b150,,False,CATS,150,arbitrary,MultiMinded,1000,MaxIter,1326.3600000000006,2387.589,1,2137.71,881.64700000000005,779.822,2522.9477549949015,0,0.0,1,30,30,1952,2942
51,30,31,LinearSubgradientAuction,0.1,0.02,,True,,1000,10800,cats_arbitrary_g30b150,,False,CATS,150,arbitrary,MultiMinded,1000,MaxIter,1281.3500000000058,2404.514,2,2207.65,681.84050000000002,1168.506,2781.7158375152621,301.39512375098235,468.24621164648568,1,30,22,1891,2851
52,30,34,LinearSubgradientAuction,0.1,0.02,,True,,1000,10800,cats_arbitrary_g30b150,,False,CATS,150,arbitrary,MultiMinded,1000,MaxIter,1428.949999999997,2070.7699000000002,4,1761.92,837.09500000000003,558.929,2360.8151213723027,393.22440803355641,396.81263717237539,1,30,21,2074,3124
53,30,34,LinearSubgradientAuction,0.1,0.02,,True,,1000,10800,cats_arbitrary_g30b150,,False,CATS,150,arbitrary,MultiMinded,1000,MaxIter,1409.62999999999,1944.8844,5,1588.82,654.95799999999997,1400.3632,2119.5776464560513,1095.1844138017425,1142.3686400329129,1,30,7,2074,3124
54,30,30,LinearSubgradientAuction,0.1,0.02,,True,,1000,10800,cats_arbitrary_g30b150,,False,CATS,150,arbitrary,MultiMinded,1000,MaxIter,1219.4600000000064,2678.4509,11,2281.57,746.976,1031.9009,3027.7176318628576,742.83247340256355,742.83247340256355,1,30,74,1830,2760
55,30,31,LinearSubgradientAuction,0.1,0.02,,True,,1000,10800,cats_arbitrary_g30b150,,False,CATS,150,arbitrary,MultiMinded,1000,MaxIter,1284.8699999999953,2211.653,1,1943.48,726.06700000000001,119.11,2435.1497870404137,0,2.228176318067753,1,30,29,1891,2851
56,30,29,LinearSubgradientAuction,0.1,0.02,,True,,1000,10800,cats_arbitrary_g30b150,,False,CATS,150,arbitrary,MultiMinded,1000,MaxIter,1175.6699999999983,2093.229,1,1877.5,714.9369999999999,1048.37,2193.7470261974013,0,0.43555272903009268,1,30,30,1769,2669
57,30,31,LinearSubgradientAuction,0.1,0.02,,True,,1000,10800,cats_arbitrary_g30b150,,False,CATS,150,arbitrary,MultiMinded,1000,MaxIter,1268.050000000003,2015.9576000000002,3,1667.14,591.51199999999994,894.592,2342.0626013718961,775.33969198702493,778.15725651503089,1,30,18,1891,2851
58,30,33,LinearSubgradientAuction,0.1,0.02,,True,,1000,10800,cats_arbitrary_g30b150,,False,CATS,150,arbitrary,MultiMinded,1000,MaxIter,1383.1399999999994,2213.6252,4,1937.47,893.10799999999995,816.8545,2576.7359930471944,661.23955560153013,663.39982614842654,1,30,17,2013,3033
59,30,31,LinearSubgradientAuction,0.1,0.02,,True,,1000,10800,cats_arbitrary_g30b150,,False,CATS,150,arbitrary,MultiMinded,1000,MaxIter,1283.8800000000047,2195.5229,1,1710.57,782.62599999999998,200.829,2696.1268229259017,0,5.6083841475428358,1,30,30,1891,2851
60,30,36,LinearSubgradientAuction,0.1,0.02,,True,,1000,10800,cats_arbitrary_g30b150,,False,CATS,150,arbitrary,MultiMinded,1000,MaxIter,1497.2100000000064,1802.554,10,1574.08,671.95349999999996,1152.4156,2044.5002306303932,755.59168725310565,755.6360519096861,1,30,53,2196,3306
61,30,33,LinearSubgradientAuction,0.1,0.02,,True,,1000,10800,cats_arbitrary_g30b150,,False,CATS,150,arbitrary,MultiMinded,1000,MaxIter,1387.6699999999983,1724.4375,7,1339.03,584.49199999999996,1195.339,2018.404059416936,1031.5842132321059,1031.5842132321059,1,30,75,2013,3033
62,30,36,LinearSubgradientAuction,0.1,0.02,,True,,1000,10800,cats_arbitrary_g30b150,,False,CATS,150,arbitrary,MultiMinded,1000,MaxIter,1518.8999999999942,2437.0683000000004,2,1933.61,814.90999999999997,299.534,2647.4275588106448,93.75060612906482,104.19592190446106,1,30,26,2196,3306
63,30,34,LinearSubgradientAuction,0.1,0.02,,True,,1000,10800,cats_arbitrary_g30b150,,False,CATS,150,arbitrary,MultiMinded,1000,MaxIter,1410.6300000000047,2003.24,3,2003.24,494.63999999999999,543.33,2409.5726421592381,443.96060222532424,448.56928307362625,1,30,23,2074,3124
64,30,34,LinearSubgradientAuction,0.1,0.02,,True,,1000,10800,cats_arbitrary_g30b150,,False,CATS,150,arbitrary,MultiMinded,1000,MaxIter,1426.659999999989,2039.0195999999999,2,1809.03,585.17600000000004,273.652,2337.9474603734625,214.7534316400297,216.96829794755968,1,30,28,2074,3124
65,30,36,LinearSubgradientAuction,0.1,0.02,,True,,1000,10800,cats_arbitrary_g30b150,,False,CATS,150,arbitrary,MultiMinded,1000,MaxIter,1486.1900000000023,1894.2412000000002,5,1377.42,663.9670000000001,722.213,2101.4407223935555,522.79548096405301,529.53998004031075,1,30,18,2196,3306
66,30,33,LinearSubgradientAuction,0.1,0.02,,True,,1000,10800,cats_arbitrary_g30b150,,False,CATS,150,arbitrary,MultiMinded,1000,MaxIter,1383.1900000000023,2454.29,2,2454.29,522.13300000000004,291.279,2562.785170386966,180.58228424545797,240.31857706966952,1,30,28,2013,3033
67,30,31,LinearSubgradientAuction,0.1,0.02,,True,,1000,10800,cats_arbitrary_g30b150,,False,CATS,150,arbitrary,MultiMinded,1000,MaxIter,1286.7599999999948,2341.4958,4,2017.46,785.07600000000002,718.4228,2873.329600449068,483.22189735584504,504.65207191696891,1,30,21,1891,2851
68,30,31,LinearSubgradientAuction,0.1,0.02,,True,,1000,10800,cats_arbitrary_g30b150,,False,CATS,150,arbitrary,MultiMinded,1000,MaxIter,1259.5,2082.3165,3,1694.51,536.65000000000009,736.7165,2160.2680112306657,630.12550184062968,664.20206376126123,1,30,21,1891,2851
69,30,32,LinearSubgradientAuction,0.1,0.02,,True,,1000,10800,cats_arbitrary_g30b150,,False,CATS,150,arbitrary,MultiMinded,1000,MaxIter,1310.0799999999872,2088.0744,7,1731.11,855.64499999999998,666.1067,2399.2682229177826,385.95605622761906,385.95605622761906,1,30,28,1952,2942
70,30,33,LinearSubgradientAuction,0.1,0.02,,True,,1000,10800,cats_arbitrary_g30b150,,False,CATS,150,arbitrary,MultiMinded,1000,MaxIter,1372.4900000000052,2258.578,7,1454.94,617.26599999999996,1928.504,2657.7510321113377,1685.7696497869831,1686.2078893511541,1,30,28,2013,3033
71,30,33,LinearSubgradientAuction,0.1,0.02,,True,,1000,10800,cats_arbitrary_g30b150,,False,CATS,150,arbitrary,MultiMinded,1000,MaxIter,1385.9100000000035,2247.3372,1,1920.4,499.70499999999998,1321.84,2536.9524856664107,0,1.4335821682490177,1,30,30,2013,3033
72,30,39,LinearSubgradientAuction,0.1,0.02,,True,,1000,10800,cats_arbitrary_g30b150,,False,CATS,150,arbitrary,MultiMinded,1000,MaxIter,1640.6300000000047,2410.0175,3,1662.34,705.94000000000005,915.7463,2558.0423529427226,394.88158084826517,402.62189375212438,1,30,22,2379,3579
73,30,34,LinearSubgradientAuction,0.1,0.02,,True,,1000,10800,cats_arbitrary_g30b150,,False,CATS,150,arbitrary,MultiMinded,1000,MaxIter,1400.2999999999884,2015.5892,12,1380.57,479.64299999999997,1448.433,2300.1927964558508,1147.6137931142309,1168.9659284276893,1,30,57,2074,3124
74,30,36,LinearSubgradientAuction,0.1,0.02,,True,,1000,10800,cats_arbitrary_g30b150,,False,CATS,150,arbitrary,MultiMinded,1000,MaxIter,1499.409999999989,2042.097,14,1285.64,413.78699999999998,964.8276000000001,2273.3291135859267,769.86458847517463,770.22609665377058,1,30,56,2196,3306
75,30,28,LinearSubgradientAuction,0.1,0.02,,True,,1000,10800,cats_arbitrary_g30b150,,False,CATS,150,arbitrary,MultiMinded,1000,MaxIter,1160.7900000000081,1952.3077,4,1522.4,797.30549999999994,1523.696,2780.0717924295409,1364.2312684149886,1366.6127228006183,1,30,20,1708,2578
76,30,35,LinearSubgradientAuction,0.1,0.02,,True,,1000,10800,cats_arbitrary_g30b150,,False,CATS,150,arbitrary,MultiMinded,1000,MaxIter,1470.7100000000064,2241.3282000000004,10,1991.23,695.48000000000002,1768.986,2507.2849235661665,1287.8812750210502,1288.5757670140845,1,30,23,2135,3215
77,30,29,LinearSubgradientAuction,0.1,0.02,,True,,1000,10800,cats_arbitrary_g30b150,,False,CATS,150,arbitrary,MultiMinded,1000,MaxIter,1171.0300000000134,2086.98,2,1735.17,697.00749999999994,803.3679999999999,2357.0961654603384,340.18403742109194,345.39243351078693,1,30,22,1769,2669
78,30,34,LinearSubgradientAuction,0.1,0.02,,True,,1000,10800,cats_arbitrary_g30b150,,False,CATS,150,arbitrary,MultiMinded,1000,MaxIter,1419.7200000000012,2141.5101999999997,8,1833.54,620.51150000000007,1486.7252,2441.9754000105499,1165.9190715578645,1179.2779578916104,1,30,15,2074,3124
79,30,32,LinearSubgradientAuction,0.1,0.02,,True,,1000,10800,cats_arbitrary_g30b150,,False,CATS,150,arbitrary,MultiMinded,1000,MaxIter,1318.6199999999953,2182.6516,9,1753.74,722.10699999999997,1163.8829999999998,2771.9015024825658,853.35855720518794,878.04069795080159,1,30,30,1952,2942
80,30,31,LinearSubgradientAuction,0.1,0.02,,True,,1000,10800,cats_arbitrary_g30b150,,False,CATS,150,arbitrary,MultiMinded,1000,MaxIter,1263.2100000000064,2157.0797,3,1772.89,656.88249999999994,831.88,2430.5019793062984,695.97104922853237,701.1524289672318,1,30,21,1891,2851
81,30,31,LinearSubgradientAuction,0.1,0.02,,True,,1000,10800,cats_arbitrary_g30b150,,False,CATS,150,arbitrary,MultiMinded,1000,MaxIter,1269.340000000011,1755.3018000000002,6,1603.71,647.50199999999995,1004.3543400000001,2170.8031462499648,856.7675802109427,859.54881265223639,1,30,14,1891,2851
82,30,34,LinearSubgradientAuction,0.1,0.02,,True,,1000,10800,cats_arbitrary_g30b150,,False,CATS,150,arbitrary,MultiMinded,1000,MaxIter,1397.7799999999988,2385.8982,9,2112.36,790.75199999999995,1867.078,2675.4594405529069,1427.4585517401536,1484.7125740891031,1,30,64,2074,3124
83,30,32,LinearSubgradientAuction,0.1,0.02,,True,,1000,10800,cats_arbitrary_g30b150,,False,CATS,150,arbitrary,MultiMinded,1000,MaxIter,1328.7799999999988,2059.99,2,1826.87,768.11400000000003,1704.402,2532.0463170160806,838.96829866967789,846.05143110524898,1,30,17,1952,2942
84,30,33,LinearSubgradientAuction,0.1,0.02,,True,,1000,10800,cats_arbitrary_g30b150,,False,CATS,150,arbitrary,MultiMinded,1000,MaxIter,1399.5300000000134,1978.9186000000002,3,1758.88,838.20399999999995,419.244,2392.3652503417329,250.1115163398149,264.91019552775288,1,30,25,2013,3033
85,30,33,LinearSubgradientAuction,0.1,0.02,,True,,1000,10800,cats_arbitrary_g30b150,,False,CATS,150,arbitrary,MultiMinded,1000,MaxIter,1375.6699999999983,2216.0256,4,2078.55,626.62099999999998,1259.9750000000001,2485.4895860566944,1072.2179966544882,1076.4901796324425,1,30,21,2013,3033
86,30,31,LinearSubgradientAuction,0.1,0.02,,True,,1000,10800,cats_arbitrary_g30b150,,False,CATS,150,arbitrary,MultiMinded,1000,MaxIter,1285.5299999999988,2283.532,2,1809.12,745.29950000000008,621.932,2654.4419108846869,546.01048782132727,547.93988602258423,1,30,23,1891,2851
87,30,36,LinearSubgradientAuction,0.1,0.02,,True,,1000,10800,cats_arbitrary_g30b150,,False,CATS,150,arbitrary,MultiMinded,1000,MaxIter,1504.3399999999965,2522.6901999999995,4,2032.58,563.31899999999996,1061.9134,2876.4839337552439,894.43340842762439,907.42501860465359,1,30,20,2196,3306
88,30,35,LinearSubgradientAuction,0.1,0.02,,True,,1000,10800,cats_arbitrary_g30b150,,False,CATS,150,arbitrary,MultiMinded,1000,MaxIter,1435.0399999999936,2265.08,2,1820.47,452.93900000000002,978.4770000000001,2557.5728938399739,198.98783986665208,202.03588059613625,1,30,28,2135,3215
89,30,28,LinearSubgradientAuction,0.1,0.02,,True,,1000,10800,cats_arbitrary_g30b150,,False,CATS,150,arbitrary,MultiMinded,1000,MaxIter,1134.25,1895.8706000000002,9,1412.37,685.88149999999996,1415.1776,2178.5047936940709,1148.4565870231452,1148.4572780020355,1,30,45,1708,2578
90,30,33,LinearSubgradientAuction,0.1,0.02,,True,,1000,10800,cats_arbitrary_g30b150,,False,CATS,150,arbitrary,MultiMinded,1000,MaxIter,1396.199999999997,2397.1789,8,2224.82,593.16800000000001,922.564,2640.0145236492463,747.69166128055076,750.21400920258748,1,30,52,2013,3033
91,30,32,LinearSubgradientAuction,0.1,0.02,,True,,1000,10800,cats_arbitrary_g30b150,,False,CATS,150,arbitrary,MultiMinded,1000,MaxIter,1319.0999999999913,2290.7259999999997,2,1825.1,529.46000000000004,529.17,2593.5507278138352,476.59800627901484,481.79705404965773,1,30,20,1952,2942
92,30,31,LinearSubgradientAuction,0.1,0.02,,True,,1000,10800,cats_arbitrary_g30b150,,False,CATS,150,arbitrary,MultiMinded,1000,MaxIter,1288.9900000000052,1880.9630000000002,4,1586.58,901.44949999999994,631.4459999999999,2129.9239361387827,190.44072277769851,203.04178867718196,1,30,23,1891,2851
93,30,34,LinearSubgradientAuction,0.1,0.02,,True,,1000,10800,cats_arbitrary_g30b150,,False,CATS,150,arbitrary,MultiMinded,1000,MaxIter,1401.300000000003,1815.7306,5,1434.89,540.21100000000001,1743.2409999999998,2003.0747821376581,1525.4978635442396,1528.8944148139369,1,30,6,2074,3124
94,30,36,LinearSubgradientAuction,0.1,0.02,,True,,1000,10800,cats_arbitrary_g30b150,,False,CATS,150,arbitrary,MultiMinded,1000,MaxIter,1494.6300000000047,2435.1574,2,2127.58,687.69500000000005,399.231,2740.7629517346209,330.37074240488772,332.78322172808203,1,30,24,2196,3306
95,30,32,LinearSubgradientAuction,0.1,0.02,,True,,1000,10800,cats_arbitrary_g30b150,,False,CATS,150,arbitrary,MultiMinded,1000,MaxIter,1332.820000000007,2424.051,4,1933.55,792.75099999999998,957.809,2683.3356513877093,799.24896524455403,806.65533715732545,1,30,16,1952,2942
96,30,31,LinearSubgradientAuction,0.1,0.02,,True,,1000,10800,cats_arbitrary_g30b150,,False,CATS,150,arbitrary,MultiMinded,1000,MaxIter,1287.0299999999988,1954.1625,1,1781.86,780.25699999999995,1781.86,2323.170740256202,0,24.400642359154489,1,30,30,1891,2851
97,30,30,LinearSubgradientAuction,0.1,0.02,,True,,1000,10800,cats_arbitrary_g30b150,,False,CATS,150,arbitrary,MultiMinded,1000,MaxIter,1231.5399999999936,1794.66,3,1264.09,681.495,937.073,2149.6050640497206,530.5939257307956,543.80757277524651,1,30,22,1830,2760
98,30,32,LinearSubgradientAuction,0.1,0.02,,True,,1000,10800,cats_arbitrary_g30b150,,False,CATS,150,arbitrary,MultiMinded,1000,MaxIter,1335.7199999999866,2145.0272,1,2092.47,967.64100000000008,734.082,2626.1444447307376,0,26.294436455988915,1,30,30,1952,2942
99,30,29,LinearSubgradientAuction,0.1,0.02,,True,,1000,10800,cats_arbitrary_g30b150,,False,CATS,150,arbitrary,MultiMinded,1000,MaxIter,1177.3199999999924,2260.297,2,2093.42,648.17449999999997,560.556,2696.8768240439385,495.89918344491616,504.11154144395198,1,30,19,1769,2669
100,30,37,LinearSubgradientAuction,0.1,0.02,,True,,1000,10800,cats_arbitrary_g30b150,,False,CATS,150,arbitrary,MultiMinded,1000,MaxIter,1522.300000000003,2260.7916,4,1588.66,496.72000000000003,319.9866,2420.2627924673943,176.55880673110551,187.6893082067235,1,30,26,2257,3397
