idx,items,agents,auction_class,epsilon,stepc,epoch,scalebyvalue,reserve_type,maxiter,maxtime,generator_param_name,personalized,int_prices,generator,bids,distribution,type,rounds,status,runtime,efficient_value,final_num_winners,final_max_agent_value,final_scalevalue,final_value,final_total_price,final_revenue,final_indirect_util,final_price_degree,final_price_sparsity,final_imbalance,final_wd_nvars,final_wd_ncons
1,30,34,LinearSubgradientAuction,0.2,0.08,,True,,1000,10800,cats_arbitrary_g30b150,,False,CATS,150,arbitrary,MultiMinded,1000,MaxIter,1385.9400000000023,1985.8648,5,1958.65,585.33899999999994,755.45,2214.4350698054577,283.06985064039225,321.04675999852657,1,30,19,2074,3124
2,30,35,LinearSubgradientAuction,0.2,0.08,,True,,1000,10800,cats_arbitrary_g30b150,,False,CATS,150,arbitrary,MultiMinded,940,Balance,1362.570000000007,2197.79,1,2197.79,440.00599999999997,2197.79,2194.8934945102983,2106.8922945102981,2109.7887999999998,1,30,0,2135,3215
3,30,33,LinearSubgradientAuction,0.2,0.08,,True,,1000,10800,cats_arbitrary_g30b150,,False,CATS,150,arbitrary,MultiMinded,1000,MaxIter,1385.8999999999942,2537.724,2,1980.67,603.23800000000006,1425.68,2829.2131756130293,1302.1398694148754,1325.2221135282871,1,30,16,2013,3033
4,30,33,LinearSubgradientAuction,0.2,0.08,,True,,1000,10800,cats_arbitrary_g30b150,,False,CATS,150,arbitrary,MultiMinded,1000,MaxIter,1393.2799999999988,2018.328,8,1780.26,501.12400000000002,1305.4102999999998,2172.6672263183859,911.91626698505206,946.97212337091662,1,30,15,2013,3033
5,30,32,LinearSubgradientAuction,0.2,0.08,,True,,1000,10800,cats_arbitrary_g30b150,,False,CATS,150,arbitrary,MultiMinded,1000,MaxIter,1304.7099999999919,1876.8708299999998,4,1770.89,624.08600000000001,609.769,2303.0256181464429,362.55092445995655,381.36214280686744,1,30,21,1952,2942
6,30,33,LinearSubgradientAuction,0.2,0.08,,True,,1000,10800,cats_arbitrary_g30b150,,False,CATS,150,arbitrary,MultiMinded,1000,MaxIter,1274.3,2052.619,4,1672.04,727.22400000000005,1163.5399,2630.5276274628004,806.6318155859484,823.16212772929043,1,30,11,2013,3033
7,30,30,LinearSubgradientAuction,0.2,0.08,,True,,1000,10800,cats_arbitrary_g30b150,,False,CATS,150,arbitrary,MultiMinded,1000,MaxIter,1240.359999999986,2256.612,6,2088.18,661.12950000000001,1410.154,2712.3520211021014,1039.9916314960715,1039.9916314960715,1,30,35,1830,2760
8,30,35,LinearSubgradientAuction,0.2,0.08,,True,,1000,10800,cats_arbitrary_g30b150,,False,CATS,150,arbitrary,MultiMinded,329,Balance,484.02999999999884,1886.9858,11,1721.43,762.18450000000007,1439.3447999999999,2026.9622103701906,687.51414169024599,778.69527293362967,1,30,49,2135,3215
9,30,32,LinearSubgradientAuction,0.2,0.08,,True,,1000,10800,cats_arbitrary_g30b150,,False,CATS,150,arbitrary,MultiMinded,1000,MaxIter,1299.38,1903.7699,7,1559.25,844.62750000000005,1026.831,2359.2045192035553,597.04529416402374,597.04529416402374,1,30,87,1952,2942
10,30,36,LinearSubgradientAuction,0.2,0.08,,True,,1000,10800,cats_arbitrary_g30b150,,False,CATS,150,arbitrary,MultiMinded,1000,MaxIter,1504.05,2500.0740000000005,11,2217.68,621.28700000000003,1301.0049999999999,2773.4452858585096,586.45266082234184,637.79882939291031,1,30,34,2196,3306
11,30,30,LinearSubgradientAuction,0.2,0.08,,True,,1000,10800,cats_arbitrary_g30b150,,False,CATS,150,arbitrary,MultiMinded,1000,MaxIter,1216.93,1868.241,3,1447.57,637.68550000000005,900.9279999999999,2371.6216378485424,85.835122619986322,137.49502862621256,1,30,23,1830,2760
12,30,32,LinearSubgradientAuction,0.2,0.08,,True,,1000,10800,cats_arbitrary_g30b150,,False,CATS,150,arbitrary,MultiMinded,1000,MaxIter,1308.74,1629.6809799999999,7,1454.03,563.44500000000005,1047.3575,2037.8445208237465,660.30167251283297,672.0573760805014,1,30,18,1952,2942
13,30,33,LinearSubgradientAuction,0.2,0.08,,True,,1000,10800,cats_arbitrary_g30b150,,False,CATS,150,arbitrary,MultiMinded,1000,MaxIter,1370.93,1977.1191,2,1667.86,707.56150000000002,970.1751,2209.9826217743894,0.0,70.587983017045261,1,30,29,2013,3033
14,30,33,LinearSubgradientAuction,0.2,0.08,,True,,1000,10800,cats_arbitrary_g30b150,,False,CATS,150,arbitrary,MultiMinded,1000,MaxIter,1355.76,2717.117,6,1791.51,726.46749999999997,1715.773,2873.6521225923652,791.18866423122131,827.54289261257645,1,30,14,2013,3033
15,30,30,LinearSubgradientAuction,0.2,0.08,,True,,1000,10800,cats_arbitrary_g30b150,,False,CATS,150,arbitrary,MultiMinded,1000,MaxIter,1231.08,2171.381,2,1868.55,921.70799999999997,1247.46,2673.5998258682412,1076.5516754118573,1083.2076643187279,1,30,17,1830,2760
16,30,34,LinearSubgradientAuction,0.2,0.08,,True,,1000,10800,cats_arbitrary_g30b150,,False,CATS,150,arbitrary,MultiMinded,1000,MaxIter,1388.22,2091.4660000000003,6,1581.43,466.154,1380.876,2383.2937156656985,1116.4702040132715,1126.0956453181793,1,30,27,2074,3124
17,30,32,LinearSubgradientAuction,0.2,0.08,,True,,1000,10800,cats_arbitrary_g30b150,,False,CATS,150,arbitrary,MultiMinded,1000,MaxIter,1309.99,1828.406,7,1506.32,727.10699999999997,1177.054,2078.5044193296385,812.62520817566838,812.62520817566838,1,30,27,1952,2942
18,30,33,LinearSubgradientAuction,0.2,0.08,,True,,1000,10800,cats_arbitrary_g30b150,,False,CATS,150,arbitrary,MultiMinded,1000,MaxIter,1384.92,2345.2870000000003,4,2117.29,776.08299999999997,1014.7249999999999,2619.0703066672449,710.27188249401684,729.80224316895612,1,30,18,2013,3033
19,30,34,LinearSubgradientAuction,0.2,0.08,,True,,1000,10800,cats_arbitrary_g30b150,,False,CATS,150,arbitrary,MultiMinded,1000,MaxIter,1407.51,2287.142,7,1551.3,564.779,1182.2199,2645.6503673136872,806.08216866257749,817.35096263315461,1,30,21,2074,3124
20,30,34,LinearSubgradientAuction,0.2,0.08,,True,,1000,10800,cats_arbitrary_g30b150,,False,CATS,150,arbitrary,MultiMinded,1000,MaxIter,1403.6200000000001,1940.03319,7,1543.36,583.99600000000009,710.25,2286.9337602556557,528.48256457858201,529.96382722617352,1,30,38,2074,3124
21,30,32,LinearSubgradientAuction,0.2,0.08,,True,,1000,10800,cats_arbitrary_g30b150,,False,CATS,150,arbitrary,MultiMinded,1000,MaxIter,1305.7099999999998,1599.0811999999999,3,1355.45,695.58449999999993,1079.1132,2002.8215039606412,732.73684791869493,751.27445251317033,1,30,16,1952,2942
22,30,33,LinearSubgradientAuction,0.2,0.08,,True,,1000,10800,cats_arbitrary_g30b150,,False,CATS,150,arbitrary,MultiMinded,1000,MaxIter,1382.48,2282.8423000000003,7,1879.28,739.774,1312.4433000000001,2546.0099311979534,1000.4981021248442,1005.5638876611329,1,30,34,2013,3033
23,30,33,LinearSubgradientAuction,0.2,0.08,,True,,1000,10800,cats_arbitrary_g30b150,,False,CATS,150,arbitrary,MultiMinded,1000,MaxIter,1353.8099999999997,2403.9993,7,2044.82,717.20399999999995,927.007,2922.9685572455382,664.70697038601793,665.25350327004548,1,30,45,2013,3033
24,30,30,LinearSubgradientAuction,0.2,0.08,,True,,1000,10800,cats_arbitrary_g30b150,,False,CATS,150,arbitrary,MultiMinded,1000,MaxIter,1215.97,2126.121,4,1969.43,482.00350000000003,835.744,2526.8451782093621,646.35875105427147,656.30053978973615,1,30,17,1830,2760
25,30,29,LinearSubgradientAuction,0.2,0.08,,True,,1000,10800,cats_arbitrary_g30b150,,False,CATS,150,arbitrary,MultiMinded,1000,MaxIter,1182.7500000000002,1852.1607,1,1764.81,936.35900000000004,1576.47,2282.9768345122866,0,15.029375294707847,1,30,30,1769,2669
26,30,39,LinearSubgradientAuction,0.2,0.08,,True,,1000,10800,cats_arbitrary_g30b150,,False,CATS,150,arbitrary,MultiMinded,594,Balance,955.0799999999999,2465.4804,8,1489.25,632.89699999999993,2354.2284,2526.4568843386196,1619.3235586584174,1685.7482917406924,1,30,72,2379,3579
27,30,29,LinearSubgradientAuction,0.2,0.08,,True,,1000,10800,cats_arbitrary_g30b150,,False,CATS,150,arbitrary,MultiMinded,1000,MaxIter,1177.12,2275.4269999999997,2,1932.93,759.11900000000003,916.912,2670.5350809144238,766.91093670119812,773.40088222588361,1,30,4,1769,2669
28,30,31,LinearSubgradientAuction,0.2,0.08,,True,,1000,10800,cats_arbitrary_g30b150,,False,CATS,150,arbitrary,MultiMinded,1000,MaxIter,1272.41,2301.5724,11,1458.94,613.274,1401.7169,2535.8833550601762,951.77802869737366,951.77802869737366,1,30,65,1891,2851
29,30,29,LinearSubgradientAuction,0.2,0.08,,True,,1000,10800,cats_arbitrary_g30b150,,False,CATS,150,arbitrary,MultiMinded,1000,MaxIter,1178.82,2007.782,8,1669.06,662.85299999999995,1229.355,2370.7778868611013,783.83885010395556,783.83885010395556,1,30,80,1769,2669
30,30,35,LinearSubgradientAuction,0.2,0.08,,True,,1000,10800,cats_arbitrary_g30b150,,False,CATS,150,arbitrary,MultiMinded,1000,MaxIter,1458.16,2161.8298999999997,4,1539.73,524.54999999999995,1702.4313,2414.2495616981878,984.71679527485173,992.87339746105249,1,30,19,2135,3215
31,30,32,LinearSubgradientAuction,0.2,0.08,,True,,1000,10800,cats_arbitrary_g30b150,,False,CATS,150,arbitrary,MultiMinded,1000,MaxIter,1314.09,2453.359,2,1724.13,512.56299999999999,1066.016,2718.7485509620738,22.675467254613281,28.690886809636126,1,30,29,1952,2942
32,30,34,LinearSubgradientAuction,0.2,0.08,,True,,1000,10800,cats_arbitrary_g30b150,,False,CATS,150,arbitrary,MultiMinded,1000,MaxIter,1404.83,1818.8858,1,1643.98,574.70600000000002,98.6156,2235.8970740202526,0,0.0,1,30,30,2074,3124
33,30,33,LinearSubgradientAuction,0.2,0.08,,True,,1000,10800,cats_arbitrary_g30b150,,False,CATS,150,arbitrary,MultiMinded,1000,MaxIter,1354.1600000000003,1944.8153000000002,9,1618.49,617.12249999999995,957.0032,2210.7486596806557,499.95395662882379,499.95395662882379,1,30,26,2013,3033
34,30,31,LinearSubgradientAuction,0.2,0.08,,True,,1000,10800,cats_arbitrary_g30b150,,False,CATS,150,arbitrary,MultiMinded,1000,MaxIter,1262.6599999999999,2467.5019,2,2102.79,578.16200000000003,213.951,2744.1972968116334,96.975309820277317,167.05515775078527,1,30,28,1891,2851
35,30,32,LinearSubgradientAuction,0.2,0.08,,True,,1000,10800,cats_arbitrary_g30b150,,False,CATS,150,arbitrary,MultiMinded,1000,MaxIter,1300.5500000000002,2108.201,1,1910.3,506.57900000000001,258.351,2422.0309544113143,0,18.381408443146057,1,30,30,1952,2942
36,30,35,LinearSubgradientAuction,0.2,0.08,,True,,1000,10800,cats_arbitrary_g30b150,,False,CATS,150,arbitrary,MultiMinded,1000,MaxIter,1445.5500000000002,1942.8097999999998,5,1649.39,704.06799999999998,1409.079,2142.5512310114532,1141.5502161094735,1148.2512555090086,1,30,17,2135,3215
37,30,33,LinearSubgradientAuction,0.2,0.08,,True,,1000,10800,cats_arbitrary_g30b150,,False,CATS,150,arbitrary,MultiMinded,1000,MaxIter,1366.5,1975.334,12,1881.03,532.89949999999999,1172.5066,2348.3193399153174,718.26340101362189,718.26340101362189,1,30,69,2013,3033
38,30,32,LinearSubgradientAuction,0.2,0.08,,True,,1000,10800,cats_arbitrary_g30b150,,False,CATS,150,arbitrary,MultiMinded,1000,MaxIter,1303.6,2501.4829999999997,2,2312.06,839.32600000000002,1376.434,2927.1270317791109,287.8499586016689,332.33970981061714,1,30,25,1952,2942
39,30,34,LinearSubgradientAuction,0.2,0.08,,True,,1000,10800,cats_arbitrary_g30b150,,False,CATS,150,arbitrary,MultiMinded,1000,MaxIter,1406.5700000000002,2311.536,5,2186.45,533.95749999999998,1492.8870000000002,2650.4758105717156,1078.4459930265944,1078.4963691442274,1,30,25,2074,3124
40,30,31,LinearSubgradientAuction,0.2,0.08,,True,,1000,10800,cats_arbitrary_g30b150,,False,CATS,150,arbitrary,MultiMinded,1000,MaxIter,1252.5100000000002,1922.01,2,1548.35,753.33299999999997,1161.1613,2172.8099318248851,0.0,0.0019875308103589617,1,30,29,1891,2851
41,30,32,LinearSubgradientAuction,0.2,0.08,,True,,1000,10800,cats_arbitrary_g30b150,,False,CATS,150,arbitrary,MultiMinded,1000,MaxIter,1320.4099999999999,1899.3063,1,1626.29,567.45299999999997,845.96,2251.7169066909864,0,5.9471177994368531,1,30,30,1952,2942
42,30,35,LinearSubgradientAuction,0.2,0.08,,True,,1000,10800,cats_arbitrary_g30b150,,False,CATS,150,arbitrary,MultiMinded,1000,MaxIter,1455.02,2374.3837000000003,2,1682.91,707.67899999999997,1525.806,2804.2690942990062,1066.5822081147044,1114.9915490164396,1,30,19,2135,3215
43,30,36,LinearSubgradientAuction,0.2,0.08,,True,,1000,10800,cats_arbitrary_g30b150,,False,CATS,150,arbitrary,MultiMinded,1000,MaxIter,1497.4399999999996,2385.76,5,2385.76,501.80000000000001,581.387,2520.5100503779354,355.52604973185544,403.24089433369204,1,30,23,2196,3306
44,30,35,LinearSubgradientAuction,0.2,0.08,,True,,1000,10800,cats_arbitrary_g30b150,,False,CATS,150,arbitrary,MultiMinded,1000,MaxIter,1451.0700000000002,2079.9506999999994,4,1845.76,468.2165,1205.483,2258.4726950616841,651.39403855701084,680.79749659105244,1,30,16,2135,3215
45,30,30,LinearSubgradientAuction,0.2,0.08,,True,,1000,10800,cats_arbitrary_g30b150,,False,CATS,150,arbitrary,MultiMinded,1000,MaxIter,1209.9700000000003,1973.4939,4,1684.69,518.44550000000004,1154.9245,2272.5292722661347,392.23089514541368,428.46807562134387,1,30,19,1830,2760
46,30,33,LinearSubgradientAuction,0.2,0.08,,True,,1000,10800,cats_arbitrary_g30b150,,False,CATS,150,arbitrary,MultiMinded,1000,MaxIter,1364.3500000000004,2174.927,2,1703.31,577.08699999999999,1022.942,2505.9315880461245,519.58151179455149,558.82069335092035,1,30,23,2013,3033
47,30,36,LinearSubgradientAuction,0.2,0.08,,True,,1000,10800,cats_arbitrary_g30b150,,False,CATS,150,arbitrary,MultiMinded,1000,MaxIter,1487.7199999999998,2134.903,8,1579.3,488.0025,915.0939999999999,2450.7881006608304,732.57239551062366,733.66306665229172,1,30,27,2196,3306
48,30,36,LinearSubgradientAuction,0.2,0.08,,True,,1000,10800,cats_arbitrary_g30b150,,False,CATS,150,arbitrary,MultiMinded,1000,MaxIter,1481.5199999999995,2120.0323,2,1723.29,500.82099999999997,1207.255,2280.4249557919461,6.8300810603375055,17.754401627440252,1,30,29,2196,3306
49,30,32,LinearSubgradientAuction,0.2,0.08,,True,,1000,10800,cats_arbitrary_g30b150,,False,CATS,150,arbitrary,MultiMinded,1000,MaxIter,1292.63,1825.5846,4,1448.16,458.54599999999999,399.653,2099.3718392064466,217.59461396284905,247.14791694707765,1,30,20,1952,2942
50,30,32,LinearSubgradientAuction,0.2,0.08,,True,,1000,10800,cats_arbitrary_g30b150,,False,CATS,150,arbitrary,MultiMinded,306,Balance,401.8299999999999,2387.589,6,2137.71,881.64700000000005,2365.493,2471.6741548015611,1832.2787778171667,1932.4827821935421,1,30,67,1952,2942
51,30,31,LinearSubgradientAuction,0.2,0.08,,True,,1000,10800,cats_arbitrary_g30b150,,False,CATS,150,arbitrary,MultiMinded,1000,MaxIter,1265.5100000000002,2404.514,1,2207.65,681.84050000000002,799.09,2812.1157821926481,0,152.58419572608713,1,30,24,1891,2851
52,30,34,LinearSubgradientAuction,0.2,0.08,,True,,1000,10800,cats_arbitrary_g30b150,,False,CATS,150,arbitrary,MultiMinded,1000,MaxIter,1412.2100000000005,2070.7699000000002,9,1761.92,837.09500000000003,1476.6739,2504.7490213278306,635.13981422301265,635.13981422301265,1,30,84,2074,3124
53,30,34,LinearSubgradientAuction,0.2,0.08,,True,,1000,10800,cats_arbitrary_g30b150,,False,CATS,150,arbitrary,MultiMinded,1000,MaxIter,1408.75,1944.8844,3,1588.82,654.95799999999997,1059.2902,2136.9109124042188,226.6843060418845,271.74037505450997,1,30,24,2074,3124
54,30,30,LinearSubgradientAuction,0.2,0.08,,True,,1000,10800,cats_arbitrary_g30b150,,False,CATS,150,arbitrary,MultiMinded,1000,MaxIter,1230.0100000000002,2678.4509,3,2281.57,746.976,2596.389,2997.5499972360308,2291.7054051869627,2309.0101658408557,1,30,6,1830,2760
55,30,31,LinearSubgradientAuction,0.2,0.08,,True,,1000,10800,cats_arbitrary_g30b150,,False,CATS,150,arbitrary,MultiMinded,1000,MaxIter,1257.9499999999998,2211.653,2,1943.48,726.06700000000001,487.60200000000003,2417.2644652769268,220.2539469951233,279.46752848592394,1,30,24,1891,2851
56,30,29,LinearSubgradientAuction,0.2,0.08,,True,,1000,10800,cats_arbitrary_g30b150,,False,CATS,150,arbitrary,MultiMinded,123,Balance,146.0,2093.229,7,1877.5,714.9369999999999,1863.0939999999998,2187.6481746827085,1526.3224803383982,1631.3440159539045,1,30,42,1769,2669
57,30,31,LinearSubgradientAuction,0.2,0.08,,True,,1000,10800,cats_arbitrary_g30b150,,False,CATS,150,arbitrary,MultiMinded,1000,MaxIter,1272.5299999999997,2015.9576000000002,4,1667.14,591.51199999999994,1265.562,2337.7824354493414,1026.7773372406286,1036.8602692715076,1,30,13,1891,2851
58,30,33,LinearSubgradientAuction,0.2,0.08,,True,,1000,10800,cats_arbitrary_g30b150,,False,CATS,150,arbitrary,MultiMinded,1000,MaxIter,1383.29,2213.6252,3,1937.47,893.10799999999995,1436.9992,2560.5686391954441,0.0,46.768138115367705,1,30,27,2013,3033
59,30,31,LinearSubgradientAuction,0.2,0.08,,True,,1000,10800,cats_arbitrary_g30b150,,False,CATS,150,arbitrary,MultiMinded,1000,MaxIter,1258.0999999999995,2195.5229,1,1710.57,782.62599999999998,200.829,2789.9345915411809,0,0.0,1,30,30,1891,2851
60,30,36,LinearSubgradientAuction,0.2,0.08,,True,,1000,10800,cats_arbitrary_g30b150,,False,CATS,150,arbitrary,MultiMinded,1000,MaxIter,1485.38,1802.554,7,1574.08,671.95349999999996,1031.0466,2006.6421324390167,363.65187385581623,450.97202033119686,1,30,14,2196,3306
61,30,33,LinearSubgradientAuction,0.2,0.08,,True,,1000,10800,cats_arbitrary_g30b150,,False,CATS,150,arbitrary,MultiMinded,1000,MaxIter,1358.4700000000003,1724.4375,9,1339.03,584.49199999999996,1305.9795,2063.6430460955585,869.67599263730972,869.67599263730972,1,30,50,2013,3033
62,30,36,LinearSubgradientAuction,0.2,0.08,,True,,1000,10800,cats_arbitrary_g30b150,,False,CATS,150,arbitrary,MultiMinded,1000,MaxIter,1488.08,2437.0683000000004,4,1933.61,814.90999999999997,1230.8798,2646.8786978530511,993.49072168247278,1014.9801433949677,1,30,14,2196,3306
63,30,34,LinearSubgradientAuction,0.2,0.08,,True,,1000,10800,cats_arbitrary_g30b150,,False,CATS,150,arbitrary,MultiMinded,1000,MaxIter,1398.21,2003.24,5,2003.24,494.63999999999999,651.197,2394.8190893098267,354.60040688156954,393.03485922641664,1,30,21,2074,3124
64,30,34,LinearSubgradientAuction,0.2,0.08,,True,,1000,10800,cats_arbitrary_g30b150,,False,CATS,150,arbitrary,MultiMinded,1000,MaxIter,1395.21,2039.0195999999999,11,1809.03,585.17600000000004,964.4780999999999,2392.9490594262434,540.47800523761248,540.47800523761248,1,30,51,2074,3124
65,30,36,LinearSubgradientAuction,0.2,0.08,,True,,1000,10800,cats_arbitrary_g30b150,,False,CATS,150,arbitrary,MultiMinded,1000,MaxIter,1502.17,1894.2412000000002,7,1377.42,663.9670000000001,722.213,2173.8530455098316,359.79590877227781,359.79638196602082,1,30,59,2196,3306
66,30,33,LinearSubgradientAuction,0.2,0.08,,True,,1000,10800,cats_arbitrary_g30b150,,False,CATS,150,arbitrary,MultiMinded,1000,MaxIter,1381.38,2454.29,3,2454.29,522.13300000000004,594.8140000000001,2554.6890939259006,343.48046659049169,441.68827983802419,1,30,21,2013,3033
67,30,31,LinearSubgradientAuction,0.2,0.08,,True,,1000,10800,cats_arbitrary_g30b150,,False,CATS,150,arbitrary,MultiMinded,1000,MaxIter,1276.21,2341.4958,9,2017.46,785.07600000000002,1463.0357000000001,2990.5767412564069,869.59691989656471,869.59691989656471,1,30,66,1891,2851
68,30,31,LinearSubgradientAuction,0.2,0.08,,True,,1000,10800,cats_arbitrary_g30b150,,False,CATS,150,arbitrary,MultiMinded,346,Balance,436.1400000000003,2082.3165,9,1694.51,536.65000000000009,2020.9910000000002,2149.2788606708764,1430.4498563532588,1503.3303415301498,1,30,37,1891,2851
69,30,32,LinearSubgradientAuction,0.2,0.08,,True,,1000,10800,cats_arbitrary_g30b150,,False,CATS,150,arbitrary,MultiMinded,1000,MaxIter,1319.9099999999999,2088.0744,2,1731.11,855.64499999999998,1309.9468000000002,2368.4168582619,0.0,78.751999405462527,1,30,29,1952,2942
70,30,33,LinearSubgradientAuction,0.2,0.08,,True,,1000,10800,cats_arbitrary_g30b150,,False,CATS,150,arbitrary,MultiMinded,1000,MaxIter,1375.6499999999996,2258.578,6,1454.94,617.26599999999996,752.609,2660.2099520877964,386.03368368650098,389.97711359823302,1,30,16,2013,3033
71,30,33,LinearSubgradientAuction,0.2,0.08,,True,,1000,10800,cats_arbitrary_g30b150,,False,CATS,150,arbitrary,MultiMinded,1000,MaxIter,1360.3000000000002,2247.3372,6,1920.4,499.70499999999998,779.506,2537.298882944267,482.27473103789998,495.916885849339,1,30,21,2013,3033
72,30,39,LinearSubgradientAuction,0.2,0.08,,True,,1000,10800,cats_arbitrary_g30b150,,False,CATS,150,arbitrary,MultiMinded,1000,MaxIter,1604.3200000000006,2410.0175,5,1662.34,705.94000000000005,1342.8713000000002,2549.6995897695742,566.12872013498679,601.36284714149576,1,30,17,2379,3579
73,30,34,LinearSubgradientAuction,0.2,0.08,,True,,1000,10800,cats_arbitrary_g30b150,,False,CATS,150,arbitrary,MultiMinded,1000,MaxIter,1378.9099999999999,2015.5892,5,1380.57,479.64299999999997,1285.4249999999997,2293.8252219551596,896.26913571800378,926.23622216997717,1,30,14,2074,3124
74,30,36,LinearSubgradientAuction,0.2,0.08,,True,,1000,10800,cats_arbitrary_g30b150,,False,CATS,150,arbitrary,MultiMinded,1000,MaxIter,1476.13,2042.097,4,1285.64,413.78699999999998,932.1076,2254.8845328734014,192.72141383635562,213.2098731333067,1,30,19,2196,3306
75,30,28,LinearSubgradientAuction,0.2,0.08,,True,,1000,10800,cats_arbitrary_g30b150,,False,CATS,150,arbitrary,MultiMinded,1000,MaxIter,1142.3199999999997,1952.3077,5,1522.4,797.30549999999994,1523.696,2797.6145067422485,1204.0012862822346,1210.0573227089631,1,30,18,1708,2578
76,30,35,LinearSubgradientAuction,0.2,0.08,,True,,1000,10800,cats_arbitrary_g30b150,,False,CATS,150,arbitrary,MultiMinded,1000,MaxIter,1444.6400000000003,2241.3282000000004,3,1991.23,695.48000000000002,245.8308,2513.9349046283678,14.759591278205278,26.862423332349792,1,30,27,2135,3215
77,30,29,LinearSubgradientAuction,0.2,0.08,,True,,1000,10800,cats_arbitrary_g30b150,,False,CATS,150,arbitrary,MultiMinded,322,Balance,379.03999999999996,2086.98,8,1735.17,697.00749999999994,1910.071,2312.5494496419683,1464.9744978522881,1631.0066041732889,1,30,119,1769,2669
78,30,34,LinearSubgradientAuction,0.2,0.08,,True,,1000,10800,cats_arbitrary_g30b150,,False,CATS,150,arbitrary,MultiMinded,1000,MaxIter,1394.8400000000001,2141.5101999999997,5,1833.54,620.51150000000007,1338.8155,2448.1224975951122,862.59330469375527,881.82975876579815,1,30,13,2074,3124
79,30,32,LinearSubgradientAuction,0.2,0.08,,True,,1000,10800,cats_arbitrary_g30b150,,False,CATS,150,arbitrary,MultiMinded,1000,MaxIter,1318.5599999999995,2182.6516,7,1753.74,722.10699999999997,2048.8450000000003,2793.7477584206854,1319.3724343401716,1344.6271141686379,1,30,29,1952,2942
80,30,31,LinearSubgradientAuction,0.2,0.08,,True,,1000,10800,cats_arbitrary_g30b150,,False,CATS,150,arbitrary,MultiMinded,1000,MaxIter,1275.2200000000003,2157.0797,5,1772.89,656.88249999999994,1293.917,2415.6617616830722,687.33742793666568,714.85297648386813,1,30,20,1891,2851
81,30,31,LinearSubgradientAuction,0.2,0.08,,True,,1000,10800,cats_arbitrary_g30b150,,False,CATS,150,arbitrary,MultiMinded,1000,MaxIter,1275.8300000000008,1755.3018000000002,11,1603.71,647.50199999999995,1079.9265400000002,2248.7757836154824,593.29596637467421,593.29596637467421,1,30,60,1891,2851
82,30,34,LinearSubgradientAuction,0.2,0.08,,True,,1000,10800,cats_arbitrary_g30b150,,False,CATS,150,arbitrary,MultiMinded,1000,MaxIter,1402.4299999999994,2385.8982,2,2112.36,790.75199999999995,1181.445,2614.1028912398747,59.477484262123312,230.60102703297579,1,30,26,2074,3124
83,30,32,LinearSubgradientAuction,0.2,0.08,,True,,1000,10800,cats_arbitrary_g30b150,,False,CATS,150,arbitrary,MultiMinded,1000,MaxIter,1315.3900000000003,2059.99,6,1826.87,768.11400000000003,1065.027,2570.5046358273416,772.94638496277184,774.41081183963036,1,30,31,1952,2942
84,30,33,LinearSubgradientAuction,0.2,0.08,,True,,1000,10800,cats_arbitrary_g30b150,,False,CATS,150,arbitrary,MultiMinded,1000,MaxIter,1368.9599999999991,1978.9186000000002,1,1758.88,838.20399999999995,1143.43,2437.6180707997414,0,2.0297213958262006,1,30,30,2013,3033
85,30,33,LinearSubgradientAuction,0.2,0.08,,True,,1000,10800,cats_arbitrary_g30b150,,False,CATS,150,arbitrary,MultiMinded,585,Balance,790.5199999999995,2216.0256,10,2078.55,626.62099999999998,2216.0256,2478.9720496357672,1591.4411075331327,1629.2826543690676,1,30,47,2013,3033
86,30,31,LinearSubgradientAuction,0.2,0.08,,True,,1000,10800,cats_arbitrary_g30b150,,False,CATS,150,arbitrary,MultiMinded,1000,MaxIter,1270.6000000000004,2283.532,3,1809.12,745.29950000000008,1202.6570000000002,2633.0564212107233,718.5609194969561,764.34945365103113,1,30,17,1891,2851
87,30,36,LinearSubgradientAuction,0.2,0.08,,True,,1000,10800,cats_arbitrary_g30b150,,False,CATS,150,arbitrary,MultiMinded,1000,MaxIter,1471.5,2522.6901999999995,1,2032.58,563.31899999999996,1069.92,2861.5814515527345,0,46.273778553867942,1,30,29,2196,3306
88,30,35,LinearSubgradientAuction,0.2,0.08,,True,,1000,10800,cats_arbitrary_g30b150,,False,CATS,150,arbitrary,MultiMinded,1000,MaxIter,1438.5699999999997,2265.08,6,1820.47,452.93900000000002,1201.6019999999999,2577.2040111526007,855.33250335386106,856.56519781504858,1,30,31,2135,3215
89,30,28,LinearSubgradientAuction,0.2,0.08,,True,,1000,10800,cats_arbitrary_g30b150,,False,CATS,150,arbitrary,MultiMinded,1000,MaxIter,1142.9400000000005,1895.8706000000002,2,1412.37,685.88149999999996,497.07460000000003,2198.1052934106174,0.0,5.5892752337371263,1,30,29,1708,2578
90,30,33,LinearSubgradientAuction,0.2,0.08,,True,,1000,10800,cats_arbitrary_g30b150,,False,CATS,150,arbitrary,MultiMinded,1000,MaxIter,1362.8900000000003,2397.1789,3,2224.82,593.16800000000001,939.399,2618.0248079163357,692.22532178670554,720.15646548009022,1,30,17,2013,3033
91,30,32,LinearSubgradientAuction,0.2,0.08,,True,,1000,10800,cats_arbitrary_g30b150,,False,CATS,150,arbitrary,MultiMinded,1000,MaxIter,1313.210000000001,2290.7259999999997,2,1825.1,529.46000000000004,1042.24,2577.6322182866475,932.99761573676255,953.97181306612231,1,30,19,1952,2942
92,30,31,LinearSubgradientAuction,0.2,0.08,,True,,1000,10800,cats_arbitrary_g30b150,,False,CATS,150,arbitrary,MultiMinded,1000,MaxIter,1281.08,1880.9630000000002,10,1586.58,901.44949999999994,1006.862,2219.727940667437,556.29774752556887,562.70309201995462,1,30,50,1891,2851
93,30,34,LinearSubgradientAuction,0.2,0.08,,True,,1000,10800,cats_arbitrary_g30b150,,False,CATS,150,arbitrary,MultiMinded,1000,MaxIter,1404.6399999999994,1815.7306,5,1434.89,540.21100000000001,1276.0149999999999,2013.8700211954954,953.60183317935446,957.95930146293165,1,30,12,2074,3124
94,30,36,LinearSubgradientAuction,0.2,0.08,,True,,1000,10800,cats_arbitrary_g30b150,,False,CATS,150,arbitrary,MultiMinded,1000,MaxIter,1498.5299999999988,2435.1574,5,2127.58,687.69500000000005,969.6082,2738.8700888029134,512.30000546910776,535.70852087244236,1,30,19,2196,3306
95,30,32,LinearSubgradientAuction,0.2,0.08,,True,,1000,10800,cats_arbitrary_g30b150,,False,CATS,150,arbitrary,MultiMinded,1000,MaxIter,1303.4799999999996,2424.051,7,1933.55,792.75099999999998,1651.9525,2716.8560818575943,1119.9460348803836,1121.9525642528179,1,30,25,1952,2942
96,30,31,LinearSubgradientAuction,0.2,0.08,,True,,1000,10800,cats_arbitrary_g30b150,,False,CATS,150,arbitrary,MultiMinded,1000,MaxIter,1279.6000000000004,1954.1625,8,1781.86,780.25699999999995,749.2059999999999,2400.143925992702,480.16260220868492,480.30717845979439,1,30,41,1891,2851
97,30,30,LinearSubgradientAuction,0.2,0.08,,True,,1000,10800,cats_arbitrary_g30b150,,False,CATS,150,arbitrary,MultiMinded,1000,MaxIter,1223.880000000001,1794.66,3,1264.09,681.495,294.708,2165.2746983333527,162.54582174164975,169.1126700286998,1,30,20,1830,2760
98,30,32,LinearSubgradientAuction,0.2,0.08,,True,,1000,10800,cats_arbitrary_g30b150,,False,CATS,150,arbitrary,MultiMinded,1000,MaxIter,1330.9899999999998,2145.0272,1,2092.47,967.64100000000008,734.082,2673.5936608968241,0,4.5094109459899983,1,30,30,1952,2942
99,30,29,LinearSubgradientAuction,0.2,0.08,,True,,1000,10800,cats_arbitrary_g30b150,,False,CATS,150,arbitrary,MultiMinded,1000,MaxIter,1203.949999999999,2260.297,8,2093.42,648.17449999999997,899.9359999999999,2758.6292329656053,663.16767170583694,666.47048199155756,1,30,51,1769,2669
100,30,37,LinearSubgradientAuction,0.2,0.08,,True,,1000,10800,cats_arbitrary_g30b150,,False,CATS,150,arbitrary,MultiMinded,1000,MaxIter,1536.25,2260.7916,11,1588.66,496.72000000000003,898.2698,2475.7505867581499,491.29379279253277,491.29379279253277,1,30,56,2257,3397
