idx,items,agents,auction_class,epsilon,stepc,epoch,scalebyvalue,reserve_type,maxiter,maxtime,generator_param_name,personalized,int_prices,generator,bids,distribution,type,rounds,status,runtime,efficient_value,final_num_winners,final_max_agent_value,final_scalevalue,final_value,final_total_price,final_revenue,final_indirect_util,final_price_degree,final_price_sparsity,final_imbalance,final_wd_nvars,final_wd_ncons
1,30,34,LinearSubgradientAuction,0.025,0.08,,True,,1000,10800,cats_arbitrary_g30b150,,False,CATS,150,arbitrary,MultiMinded,1000,MaxIter,1414.4400000000023,1985.8648,5,1958.65,585.33899999999994,755.45,2214.4350698054577,692.80715064039214,730.78405999852646,1,30,19,2074,3124
2,30,35,LinearSubgradientAuction,0.025,0.08,,True,,1000,10800,cats_arbitrary_g30b150,,False,CATS,150,arbitrary,MultiMinded,940,Balance,1371.489999999998,2197.79,1,2197.79,440.00599999999997,2197.79,2194.8934945102983,2183.8933445102984,2186.7898500000001,1,30,0,2135,3215
3,30,33,LinearSubgradientAuction,0.025,0.08,,True,,1000,10800,cats_arbitrary_g30b150,,False,CATS,150,arbitrary,MultiMinded,1000,MaxIter,1367.8600000000006,2537.724,2,1980.67,603.23800000000006,1425.68,2829.2131756130293,1407.7065194148754,1430.7887635282871,1,30,16,2013,3033
4,30,33,LinearSubgradientAuction,0.025,0.08,,True,,1000,10800,cats_arbitrary_g30b150,,False,CATS,150,arbitrary,MultiMinded,1000,MaxIter,1384.8799999999974,2018.328,8,1780.26,501.12400000000002,1305.4102999999998,2172.6672263183859,1226.4304007021028,1261.4862570879675,1,30,15,2013,3033
5,30,32,LinearSubgradientAuction,0.025,0.08,,True,,1000,10800,cats_arbitrary_g30b150,,False,CATS,150,arbitrary,MultiMinded,1000,MaxIter,1309.260000000002,1876.8708299999998,4,1770.89,624.08600000000001,609.769,2303.0256181464429,580.98102445995653,599.79224280686742,1,30,21,1952,2942
6,30,33,LinearSubgradientAuction,0.025,0.08,,True,,1000,10800,cats_arbitrary_g30b150,,False,CATS,150,arbitrary,MultiMinded,1000,MaxIter,1395.4199999999983,2052.619,4,1672.04,727.22400000000005,1163.5399,2630.5276274628004,1105.5271648253683,1122.0574769687105,1,30,11,2013,3033
7,30,30,LinearSubgradientAuction,0.025,0.08,,True,,1000,10800,cats_arbitrary_g30b150,,False,CATS,150,arbitrary,MultiMinded,1000,MaxIter,1244.5499999999956,2256.612,6,2088.18,661.12950000000001,1410.154,2712.3520211021014,887.29632594218515,887.29632594218515,1,30,35,1830,2760
8,30,35,LinearSubgradientAuction,0.025,0.08,,True,,1000,10800,cats_arbitrary_g30b150,,False,CATS,150,arbitrary,MultiMinded,1000,MaxIter,1470.0900000000038,1886.9858,2,1721.43,762.18450000000007,443.864,2026.7191673707082,34.836990677070887,140.02096412776419,1,30,27,2135,3215
9,30,32,LinearSubgradientAuction,0.025,0.08,,True,,1000,10800,cats_arbitrary_g30b150,,False,CATS,150,arbitrary,MultiMinded,1000,MaxIter,1306.2699999999968,1903.7699,7,1559.25,844.62750000000005,1026.831,2359.2045192035553,372.61293216528588,372.61293216528588,1,30,87,1952,2942
10,30,36,LinearSubgradientAuction,0.025,0.08,,True,,1000,10800,cats_arbitrary_g30b150,,False,CATS,150,arbitrary,MultiMinded,1000,MaxIter,1504.7300000000032,2500.0740000000005,11,2217.68,621.28700000000003,1301.0049999999999,2773.4452858585096,1176.5716731060054,1227.9178416765737,1,30,34,2196,3306
11,30,30,LinearSubgradientAuction,0.025,0.08,,True,,1000,10800,cats_arbitrary_g30b150,,False,CATS,150,arbitrary,MultiMinded,1000,MaxIter,1219.5,1868.241,3,1447.57,637.68550000000005,900.9279999999999,2371.6216378485424,309.02504761998631,360.68495362621252,1,30,23,1830,2760
12,30,32,LinearSubgradientAuction,0.025,0.08,,True,,1000,10800,cats_arbitrary_g30b150,,False,CATS,150,arbitrary,MultiMinded,1000,MaxIter,1331.3299999999945,1629.6809799999999,7,1454.03,563.44500000000005,1047.3575,2037.8445208237465,984.36700514189567,996.12270870956422,1,30,18,1952,2942
13,30,33,LinearSubgradientAuction,0.025,0.08,,True,,1000,10800,cats_arbitrary_g30b150,,False,CATS,150,arbitrary,MultiMinded,1000,MaxIter,1381.4000000000015,1977.1191,2,1667.86,707.56150000000002,970.1751,2209.9826217743894,63.408246847880562,133.99622986492582,1,30,29,2013,3033
14,30,33,LinearSubgradientAuction,0.025,0.08,,True,,1000,10800,cats_arbitrary_g30b150,,False,CATS,150,arbitrary,MultiMinded,1000,MaxIter,1383.2900000000009,2717.117,6,1791.51,726.46749999999997,1715.773,2873.6521225923652,1299.7159142312216,1336.0701426125768,1,30,14,2013,3033
15,30,30,LinearSubgradientAuction,0.025,0.08,,True,,1000,10800,cats_arbitrary_g30b150,,False,CATS,150,arbitrary,MultiMinded,1000,MaxIter,1230.7099999999991,2171.381,2,1868.55,921.70799999999997,1247.46,2673.5998258682412,1237.8505754118573,1244.5065643187279,1,30,17,1830,2760
16,30,34,LinearSubgradientAuction,0.025,0.08,,True,,1000,10800,cats_arbitrary_g30b150,,False,CATS,150,arbitrary,MultiMinded,1000,MaxIter,1406.2900000000009,2091.4660000000003,6,1581.43,466.154,1380.876,2383.2937156656985,1361.2010540132717,1370.8264953181792,1,30,27,2074,3124
17,30,32,LinearSubgradientAuction,0.025,0.08,,True,,1000,10800,cats_arbitrary_g30b150,,False,CATS,150,arbitrary,MultiMinded,1000,MaxIter,1315.4900000000052,1828.406,7,1506.32,727.10699999999997,1177.054,2078.5044193296385,1148.7730071462474,1148.7730071462474,1,30,27,1952,2942
18,30,33,LinearSubgradientAuction,0.025,0.08,,True,,1000,10800,cats_arbitrary_g30b150,,False,CATS,150,arbitrary,MultiMinded,1000,MaxIter,1398.5099999999948,2345.2870000000003,4,2117.29,776.08299999999997,1014.7249999999999,2619.0703066672449,981.90093249401684,1001.4312931689561,1,30,18,2013,3033
19,30,34,LinearSubgradientAuction,0.025,0.08,,True,,1000,10800,cats_arbitrary_g30b150,,False,CATS,150,arbitrary,MultiMinded,1000,MaxIter,1423.469999999994,2287.142,7,1551.3,564.779,1182.2199,2645.6503673136872,1132.9532233880698,1144.222017358647,1,30,21,2074,3124
20,30,34,LinearSubgradientAuction,0.025,0.08,,True,,1000,10800,cats_arbitrary_g30b150,,False,CATS,150,arbitrary,MultiMinded,1000,MaxIter,1389.0499999999956,1940.03319,7,1543.36,583.99600000000009,710.25,2286.9337602556557,68.912377477056836,70.393640124648343,1,30,38,2074,3124
21,30,32,LinearSubgradientAuction,0.025,0.08,,True,,1000,10800,cats_arbitrary_g30b150,,False,CATS,150,arbitrary,MultiMinded,1000,MaxIter,1310.6900000000023,1599.0811999999999,3,1355.45,695.58449999999993,1079.1132,2002.8215039606412,976.19142291869491,994.72902751317031,1,30,16,1952,2942
22,30,33,LinearSubgradientAuction,0.025,0.08,,True,,1000,10800,cats_arbitrary_g30b150,,False,CATS,150,arbitrary,MultiMinded,1000,MaxIter,1396.1500000000015,2282.8423000000003,7,1879.28,739.774,1312.4433000000001,2546.0099311979534,172.82802071949166,177.89380625578033,1,30,34,2013,3033
23,30,33,LinearSubgradientAuction,0.025,0.08,,True,,1000,10800,cats_arbitrary_g30b150,,False,CATS,150,arbitrary,MultiMinded,1000,MaxIter,1386.8800000000047,2403.9993,7,2044.82,717.20399999999995,927.007,2922.9685572455382,915.72837038601779,916.27490327004534,1,30,45,2013,3033
24,30,30,LinearSubgradientAuction,0.025,0.08,,True,,1000,10800,cats_arbitrary_g30b150,,False,CATS,150,arbitrary,MultiMinded,1000,MaxIter,1232.0400000000009,2126.121,4,1969.43,482.00350000000003,835.744,2526.8451782093621,815.05997605427137,825.00176478973594,1,30,17,1830,2760
25,30,29,LinearSubgradientAuction,0.025,0.08,,True,,1000,10800,cats_arbitrary_g30b150,,False,CATS,150,arbitrary,MultiMinded,1000,MaxIter,1191.800000000003,1852.1607,1,1764.81,936.35900000000004,1576.47,2282.9768345122866,0,15.029375294707847,1,30,30,1769,2669
26,30,39,LinearSubgradientAuction,0.025,0.08,,True,,1000,10800,cats_arbitrary_g30b150,,False,CATS,150,arbitrary,MultiMinded,1000,MaxIter,1636.020000000004,2465.4804,2,1489.25,632.89699999999993,495.299,2552.2855718701699,475.58273020611784,492.82791509866701,1,30,23,2379,3579
27,30,29,LinearSubgradientAuction,0.025,0.08,,True,,1000,10800,cats_arbitrary_g30b150,,False,CATS,150,arbitrary,MultiMinded,1000,MaxIter,1194.4300000000003,2275.4269999999997,2,1932.93,759.11900000000003,916.912,2670.5350809144238,899.75676170119812,906.2467072258836,1,30,4,1769,2669
28,30,31,LinearSubgradientAuction,0.025,0.08,,True,,1000,10800,cats_arbitrary_g30b150,,False,CATS,150,arbitrary,MultiMinded,1000,MaxIter,1264.7900000000009,2301.5724,11,1458.94,613.274,1401.7169,2535.8833550601762,206.73449749471231,206.73449749471231,1,30,65,1891,2851
29,30,29,LinearSubgradientAuction,0.025,0.08,,True,,1000,10800,cats_arbitrary_g30b150,,False,CATS,150,arbitrary,MultiMinded,1000,MaxIter,1196.1100000000006,2007.782,8,1669.06,662.85299999999995,1229.355,2370.7778868611013,542.13680471018472,542.13680471018472,1,30,80,1769,2669
30,30,35,LinearSubgradientAuction,0.025,0.08,,True,,1000,10800,cats_arbitrary_g30b150,,False,CATS,150,arbitrary,MultiMinded,1000,MaxIter,1465.3600000000006,2161.8298999999997,4,1539.73,524.54999999999995,1702.4313,2414.2495616981878,1239.0164397425524,1247.173041928753,1,30,19,2135,3215
31,30,32,LinearSubgradientAuction,0.025,0.08,,True,,1000,10800,cats_arbitrary_g30b150,,False,CATS,150,arbitrary,MultiMinded,1000,MaxIter,1329.949999999997,2453.359,2,1724.13,512.56299999999999,1066.016,2718.7485509620738,112.37399225461328,118.38941180963613,1,30,29,1952,2942
32,30,34,LinearSubgradientAuction,0.025,0.08,,True,,1000,10800,cats_arbitrary_g30b150,,False,CATS,150,arbitrary,MultiMinded,1000,MaxIter,1387.0,1818.8858,1,1643.98,574.70600000000002,98.6156,2235.8970740202526,0,0.0,1,30,30,2074,3124
33,30,33,LinearSubgradientAuction,0.025,0.08,,True,,1000,10800,cats_arbitrary_g30b150,,False,CATS,150,arbitrary,MultiMinded,1000,MaxIter,1360.489999999998,1944.8153000000002,9,1618.49,617.12249999999995,957.0032,2210.7486596806557,911.32453422849642,911.32453422849642,1,30,26,2013,3033
34,30,31,LinearSubgradientAuction,0.025,0.08,,True,,1000,10800,cats_arbitrary_g30b150,,False,CATS,150,arbitrary,MultiMinded,1000,MaxIter,1287.9700000000012,2467.5019,2,2102.79,578.16200000000003,213.951,2744.1972968116334,198.15365982027734,268.23350775078529,1,30,28,1891,2851
35,30,32,LinearSubgradientAuction,0.025,0.08,,True,,1000,10800,cats_arbitrary_g30b150,,False,CATS,150,arbitrary,MultiMinded,1000,MaxIter,1324.1600000000035,2108.201,1,1910.3,506.57900000000001,258.351,2422.0309544113143,0,18.381408443146057,1,30,30,1952,2942
36,30,35,LinearSubgradientAuction,0.025,0.08,,True,,1000,10800,cats_arbitrary_g30b150,,False,CATS,150,arbitrary,MultiMinded,1000,MaxIter,1466.689999999995,1942.8097999999998,5,1649.39,704.06799999999998,1409.079,2142.5512310114532,1387.9740161094735,1394.6750555090086,1,30,17,2135,3215
37,30,33,LinearSubgradientAuction,0.025,0.08,,True,,1000,10800,cats_arbitrary_g30b150,,False,CATS,150,arbitrary,MultiMinded,1000,MaxIter,1373.3299999999945,1975.334,12,1881.03,532.89949999999999,1172.5066,2348.3193399153174,540.63386566333634,540.63386566333634,1,30,69,2013,3033
38,30,32,LinearSubgradientAuction,0.025,0.08,,True,,1000,10800,cats_arbitrary_g30b150,,False,CATS,150,arbitrary,MultiMinded,1000,MaxIter,1325.2200000000012,2501.4829999999997,2,2312.06,839.32600000000002,1376.434,2927.1270317791109,434.73200860166889,479.22175981061707,1,30,25,1952,2942
39,30,34,LinearSubgradientAuction,0.025,0.08,,True,,1000,10800,cats_arbitrary_g30b150,,False,CATS,150,arbitrary,MultiMinded,1000,MaxIter,1412.7200000000012,2311.536,5,2186.45,533.95749999999998,1492.8870000000002,2650.4758105717156,1452.2162430265944,1452.2666191442274,1,30,25,2074,3124
40,30,31,LinearSubgradientAuction,0.025,0.08,,True,,1000,10800,cats_arbitrary_g30b150,,False,CATS,150,arbitrary,MultiMinded,1000,MaxIter,1269.5699999999997,1922.01,2,1548.35,753.33299999999997,1161.1613,2172.8099318248851,0.0,0.0019875308103589617,1,30,29,1891,2851
41,30,32,LinearSubgradientAuction,0.025,0.08,,True,,1000,10800,cats_arbitrary_g30b150,,False,CATS,150,arbitrary,MultiMinded,1000,MaxIter,1317.8499999999985,1899.3063,1,1626.29,567.45299999999997,845.96,2251.7169066909864,0,5.9471177994368531,1,30,30,1952,2942
42,30,35,LinearSubgradientAuction,0.025,0.08,,True,,1000,10800,cats_arbitrary_g30b150,,False,CATS,150,arbitrary,MultiMinded,1000,MaxIter,1467.050000000003,2374.3837000000003,2,1682.91,707.67899999999997,1525.806,2804.2690942990062,1190.4260331147045,1238.8353740164398,1,30,19,2135,3215
43,30,36,LinearSubgradientAuction,0.025,0.08,,True,,1000,10800,cats_arbitrary_g30b150,,False,CATS,150,arbitrary,MultiMinded,1000,MaxIter,1480.739999999998,2385.76,5,2385.76,501.80000000000001,581.387,2520.5100503779354,531.15604973185543,578.87089433369204,1,30,23,2196,3306
44,30,35,LinearSubgradientAuction,0.025,0.08,,True,,1000,10800,cats_arbitrary_g30b150,,False,CATS,150,arbitrary,MultiMinded,1000,MaxIter,1431.770000000004,2079.9506999999994,4,1845.76,468.2165,1205.483,2258.4726950616841,897.20770105701092,926.61115909105251,1,30,16,2135,3215
45,30,30,LinearSubgradientAuction,0.025,0.08,,True,,1000,10800,cats_arbitrary_g30b150,,False,CATS,150,arbitrary,MultiMinded,1000,MaxIter,1241.6100000000006,1973.4939,4,1684.69,518.44550000000004,1154.9245,2272.5292722661347,632.66467424194821,668.90185471787834,1,30,19,1830,2760
46,30,33,LinearSubgradientAuction,0.025,0.08,,True,,1000,10800,cats_arbitrary_g30b150,,False,CATS,150,arbitrary,MultiMinded,1000,MaxIter,1391.5299999999988,2174.927,2,1703.31,577.08699999999999,1022.942,2505.9315880461245,620.5717367945515,659.81091835092036,1,30,23,2013,3033
47,30,36,LinearSubgradientAuction,0.025,0.08,,True,,1000,10800,cats_arbitrary_g30b150,,False,CATS,150,arbitrary,MultiMinded,1000,MaxIter,1504.3299999999945,2134.903,8,1579.3,488.0025,915.0939999999999,2450.7881006608304,903.37327051062357,904.46394165229162,1,30,27,2196,3306
48,30,36,LinearSubgradientAuction,0.025,0.08,,True,,1000,10800,cats_arbitrary_g30b150,,False,CATS,150,arbitrary,MultiMinded,1000,MaxIter,1490.4700000000012,2120.0323,2,1723.29,500.82099999999997,1207.255,2280.4249557919461,94.473756060337507,105.39807662744025,1,30,29,2196,3306
49,30,32,LinearSubgradientAuction,0.025,0.08,,True,,1000,10800,cats_arbitrary_g30b150,,False,CATS,150,arbitrary,MultiMinded,1000,MaxIter,1323.3899999999994,1825.5846,4,1448.16,458.54599999999999,399.653,2099.3718392064466,378.08571396284913,407.63901694707772,1,30,20,1952,2942
50,30,32,LinearSubgradientAuction,0.025,0.08,,True,,1000,10800,cats_arbitrary_g30b150,,False,CATS,150,arbitrary,MultiMinded,1000,MaxIter,1327.229999999996,2387.589,4,2137.71,881.64700000000005,2235.873,2561.8606986814884,179.92684498156214,179.92684498156214,1,30,37,1952,2942
51,30,31,LinearSubgradientAuction,0.025,0.08,,True,,1000,10800,cats_arbitrary_g30b150,,False,CATS,150,arbitrary,MultiMinded,1000,MaxIter,1268.7100000000064,2404.514,1,2207.65,681.84050000000002,799.09,2812.1157821926481,0,152.58419572608713,1,30,24,1891,2851
52,30,34,LinearSubgradientAuction,0.025,0.08,,True,,1000,10800,cats_arbitrary_g30b150,,False,CATS,150,arbitrary,MultiMinded,1000,MaxIter,1413.510000000002,2070.7699000000002,9,1761.92,837.09500000000003,1476.6739,2504.7490213278306,1091.2490362031838,1091.2490362031838,1,30,84,2074,3124
53,30,34,LinearSubgradientAuction,0.025,0.08,,True,,1000,10800,cats_arbitrary_g30b150,,False,CATS,150,arbitrary,MultiMinded,1000,MaxIter,1408.3400000000038,1944.8844,3,1588.82,654.95799999999997,1059.2902,2136.9109124042188,411.96833912688356,457.02440813950903,1,30,24,2074,3124
54,30,30,LinearSubgradientAuction,0.025,0.08,,True,,1000,10800,cats_arbitrary_g30b150,,False,CATS,150,arbitrary,MultiMinded,1000,MaxIter,1241.8299999999945,2678.4509,3,2281.57,746.976,2596.389,2997.5499972360308,2553.1470051869628,2570.4517658408558,1,30,6,1830,2760
55,30,31,LinearSubgradientAuction,0.025,0.08,,True,,1000,10800,cats_arbitrary_g30b150,,False,CATS,150,arbitrary,MultiMinded,1000,MaxIter,1289.0,2211.653,2,1943.48,726.06700000000001,487.60200000000003,2417.2644652769268,347.3156719951233,406.5292534859239,1,30,24,1891,2851
56,30,29,LinearSubgradientAuction,0.025,0.08,,True,,1000,10800,cats_arbitrary_g30b150,,False,CATS,150,arbitrary,MultiMinded,1000,MaxIter,1175.1800000000003,2093.229,8,1877.5,714.9369999999999,711.617,2234.4786831579586,676.81124772785449,679.85265743732782,1,30,38,1769,2669
57,30,31,LinearSubgradientAuction,0.025,0.08,,True,,1000,10800,cats_arbitrary_g30b150,,False,CATS,150,arbitrary,MultiMinded,1000,MaxIter,1284.199999999997,2015.9576000000002,4,1667.14,591.51199999999994,1265.562,2337.7824354493414,1233.8065372406286,1243.8894692715076,1,30,13,1891,2851
58,30,33,LinearSubgradientAuction,0.025,0.08,,True,,1000,10800,cats_arbitrary_g30b150,,False,CATS,150,arbitrary,MultiMinded,1000,MaxIter,1373.510000000002,2213.6252,3,1937.47,893.10799999999995,1436.9992,2560.5686391954441,116.15557586325551,162.9237139786232,1,30,27,2013,3033
59,30,31,LinearSubgradientAuction,0.025,0.08,,True,,1000,10800,cats_arbitrary_g30b150,,False,CATS,150,arbitrary,MultiMinded,1000,MaxIter,1284.9500000000044,2195.5229,1,1710.57,782.62599999999998,200.829,2789.9345915411809,0,0.0,1,30,30,1891,2851
60,30,36,LinearSubgradientAuction,0.025,0.08,,True,,1000,10800,cats_arbitrary_g30b150,,False,CATS,150,arbitrary,MultiMinded,1000,MaxIter,1509.3800000000047,1802.554,7,1574.08,671.95349999999996,1031.0466,2006.6421324390167,917.25677392988177,1004.5769204052624,1,30,14,2196,3306
61,30,33,LinearSubgradientAuction,0.025,0.08,,True,,1000,10800,cats_arbitrary_g30b150,,False,CATS,150,arbitrary,MultiMinded,1000,MaxIter,1394.5999999999985,1724.4375,9,1339.03,584.49199999999996,1305.9795,2063.6430460955585,443.8154456766211,443.8154456766211,1,30,50,2013,3033
62,30,36,LinearSubgradientAuction,0.025,0.08,,True,,1000,10800,cats_arbitrary_g30b150,,False,CATS,150,arbitrary,MultiMinded,1000,MaxIter,1492.1699999999983,2437.0683000000004,4,1933.61,814.90999999999997,1230.8798,2646.8786978530511,1192.7762276692285,1214.2656493817235,1,30,14,2196,3306
63,30,34,LinearSubgradientAuction,0.025,0.08,,True,,1000,10800,cats_arbitrary_g30b150,,False,CATS,150,arbitrary,MultiMinded,1000,MaxIter,1395.0199999999968,2003.24,5,2003.24,494.63999999999999,651.197,2394.8190893098267,614.28640688156952,652.72085922641656,1,30,21,2074,3124
64,30,34,LinearSubgradientAuction,0.025,0.08,,True,,1000,10800,cats_arbitrary_g30b150,,False,CATS,150,arbitrary,MultiMinded,1000,MaxIter,1414.1200000000026,2039.0195999999999,11,1809.03,585.17600000000004,964.4780999999999,2392.9490594262434,932.42697929577957,932.42697929577957,1,30,51,2074,3124
65,30,36,LinearSubgradientAuction,0.025,0.08,,True,,1000,10800,cats_arbitrary_g30b150,,False,CATS,150,arbitrary,MultiMinded,1000,MaxIter,1499.739999999998,1894.2412000000002,7,1377.42,663.9670000000001,722.213,2173.8530455098316,688.33071057853476,688.33118377227777,1,30,59,2196,3306
66,30,33,LinearSubgradientAuction,0.025,0.08,,True,,1000,10800,cats_arbitrary_g30b150,,False,CATS,150,arbitrary,MultiMinded,1000,MaxIter,1396.5400000000009,2454.29,3,2454.29,522.13300000000004,594.8140000000001,2554.6890939259006,526.22701659049164,624.43482983802414,1,30,21,2013,3033
67,30,31,LinearSubgradientAuction,0.025,0.08,,True,,1000,10800,cats_arbitrary_g30b150,,False,CATS,150,arbitrary,MultiMinded,1000,MaxIter,1260.7200000000012,2341.4958,9,2017.46,785.07600000000002,1463.0357000000001,2990.5767412564069,1129.4717940190087,1129.4717940190087,1,30,66,1891,2851
68,30,31,LinearSubgradientAuction,0.025,0.08,,True,,1000,10800,cats_arbitrary_g30b150,,False,CATS,150,arbitrary,MultiMinded,1000,MaxIter,1290.239999999998,2082.3165,3,1694.51,536.65000000000009,410.2935,2167.2574289454278,351.48820752335121,392.62246561467822,1,30,24,1891,2851
69,30,32,LinearSubgradientAuction,0.025,0.08,,True,,1000,10800,cats_arbitrary_g30b150,,False,CATS,150,arbitrary,MultiMinded,1000,MaxIter,1325.810000000005,2088.0744,2,1731.11,855.64499999999998,1309.9468000000002,2368.4168582619,15.633095217105307,94.385094622567834,1,30,29,1952,2942
70,30,33,LinearSubgradientAuction,0.025,0.08,,True,,1000,10800,cats_arbitrary_g30b150,,False,CATS,150,arbitrary,MultiMinded,1000,MaxIter,1365.6200000000026,2258.578,6,1454.94,617.26599999999996,752.609,2660.2099520877964,710.09833368650095,714.04176359823305,1,30,16,2013,3033
71,30,33,LinearSubgradientAuction,0.025,0.08,,True,,1000,10800,cats_arbitrary_g30b150,,False,CATS,150,arbitrary,MultiMinded,1000,MaxIter,1387.9300000000003,2247.3372,6,1920.4,499.70499999999998,779.506,2537.298882944267,744.61985603790015,758.26201084933916,1,30,21,2013,3033
72,30,39,LinearSubgradientAuction,0.025,0.08,,True,,1000,10800,cats_arbitrary_g30b150,,False,CATS,150,arbitrary,MultiMinded,1000,MaxIter,1653.7200000000012,2410.0175,5,1662.34,705.94000000000005,1342.8713000000002,2549.6995897695742,988.33597339952451,1023.5701004060335,1,30,17,2379,3579
73,30,34,LinearSubgradientAuction,0.025,0.08,,True,,1000,10800,cats_arbitrary_g30b150,,False,CATS,150,arbitrary,MultiMinded,1000,MaxIter,1405.6200000000026,2015.5892,5,1380.57,479.64299999999997,1285.4249999999997,2293.8252219551596,1232.0192357180038,1261.986322169977,1,30,14,2074,3124
74,30,36,LinearSubgradientAuction,0.025,0.08,,True,,1000,10800,cats_arbitrary_g30b150,,False,CATS,150,arbitrary,MultiMinded,1000,MaxIter,1484.7599999999948,2042.097,4,1285.64,413.78699999999998,932.1076,2254.8845328734014,361.67398183925405,382.16244113620513,1,30,19,2196,3306
75,30,28,LinearSubgradientAuction,0.025,0.08,,True,,1000,10800,cats_arbitrary_g30b150,,False,CATS,150,arbitrary,MultiMinded,1000,MaxIter,1141.2699999999968,1952.3077,5,1522.4,797.30549999999994,1523.696,2797.6145067422485,1483.0582112822347,1489.1142477089631,1,30,18,1708,2578
76,30,35,LinearSubgradientAuction,0.025,0.08,,True,,1000,10800,cats_arbitrary_g30b150,,False,CATS,150,arbitrary,MultiMinded,1000,MaxIter,1459.5999999999985,2241.3282000000004,3,1991.23,695.48000000000002,245.8308,2513.9349046283678,169.68844864463793,181.79128069878243,1,30,27,2135,3215
77,30,29,LinearSubgradientAuction,0.025,0.08,,True,,1000,10800,cats_arbitrary_g30b150,,False,CATS,150,arbitrary,MultiMinded,1000,MaxIter,1186.2099999999991,2086.98,11,1735.17,697.00749999999994,685.8782,2484.7123801446737,71.483732013311936,71.483732013311936,1,30,83,1769,2669
78,30,34,LinearSubgradientAuction,0.025,0.08,,True,,1000,10800,cats_arbitrary_g30b150,,False,CATS,150,arbitrary,MultiMinded,1000,MaxIter,1389.2099999999991,2141.5101999999997,5,1833.54,620.51150000000007,1338.8155,2448.1224975951122,1266.9276039846507,1286.1640580566934,1,30,13,2074,3124
79,30,32,LinearSubgradientAuction,0.025,0.08,,True,,1000,10800,cats_arbitrary_g30b150,,False,CATS,150,arbitrary,MultiMinded,1000,MaxIter,1330.5299999999988,2182.6516,7,1753.74,722.10699999999997,2048.8450000000003,2793.7477584206854,1951.2160593401718,1976.4707391686381,1,30,29,1952,2942
80,30,31,LinearSubgradientAuction,0.025,0.08,,True,,1000,10800,cats_arbitrary_g30b150,,False,CATS,150,arbitrary,MultiMinded,1000,MaxIter,1293.6399999999994,2157.0797,5,1772.89,656.88249999999994,1293.917,2415.6617616830722,1032.2007404366655,1059.7162889838678,1,30,20,1891,2851
81,30,31,LinearSubgradientAuction,0.025,0.08,,True,,1000,10800,cats_arbitrary_g30b150,,False,CATS,150,arbitrary,MultiMinded,1000,MaxIter,1281.1100000000006,1755.3018000000002,11,1603.71,647.50199999999995,1079.9265400000002,2248.7757836154824,1039.9886374458308,1039.9886374458308,1,30,60,1891,2851
82,30,34,LinearSubgradientAuction,0.025,0.08,,True,,1000,10800,cats_arbitrary_g30b150,,False,CATS,150,arbitrary,MultiMinded,1000,MaxIter,1390.9800000000032,2385.8982,2,2112.36,790.75199999999995,1181.445,2614.1028912398747,197.8590842621233,368.98262703297576,1,30,26,2074,3124
83,30,32,LinearSubgradientAuction,0.025,0.08,,True,,1000,10800,cats_arbitrary_g30b150,,False,CATS,150,arbitrary,MultiMinded,1000,MaxIter,1326.8899999999994,2059.99,6,1826.87,768.11400000000003,1065.027,2570.5046358273416,1041.7862849627718,1043.2507118396302,1,30,31,1952,2942
84,30,33,LinearSubgradientAuction,0.025,0.08,,True,,1000,10800,cats_arbitrary_g30b150,,False,CATS,150,arbitrary,MultiMinded,1000,MaxIter,1379.9300000000003,1978.9186000000002,1,1758.88,838.20399999999995,1143.43,2437.6180707997414,0,2.0297213958262006,1,30,30,2013,3033
85,30,33,LinearSubgradientAuction,0.025,0.08,,True,,1000,10800,cats_arbitrary_g30b150,,False,CATS,150,arbitrary,MultiMinded,1000,MaxIter,1389.3299999999945,2216.0256,5,2078.55,626.62099999999998,728.2586,2496.0296276289982,299.86664064364504,314.82308606508201,1,30,23,2013,3033
86,30,31,LinearSubgradientAuction,0.025,0.08,,True,,1000,10800,cats_arbitrary_g30b150,,False,CATS,150,arbitrary,MultiMinded,1000,MaxIter,1266.4400000000023,2283.532,3,1809.12,745.29950000000008,1202.6570000000002,2633.0564212107233,979.41574449695599,1025.204278651031,1,30,17,1891,2851
87,30,36,LinearSubgradientAuction,0.025,0.08,,True,,1000,10800,cats_arbitrary_g30b150,,False,CATS,150,arbitrary,MultiMinded,1000,MaxIter,1505.9100000000035,2522.6901999999995,1,2032.58,563.31899999999996,1069.92,2861.5814515527345,0,46.273778553867942,1,30,29,2196,3306
88,30,35,LinearSubgradientAuction,0.025,0.08,,True,,1000,10800,cats_arbitrary_g30b150,,False,CATS,150,arbitrary,MultiMinded,1000,MaxIter,1459.25,2265.08,6,1820.47,452.93900000000002,1201.6019999999999,2577.2040111526007,1172.3898033538615,1173.622497815049,1,30,31,2135,3215
89,30,28,LinearSubgradientAuction,0.025,0.08,,True,,1000,10800,cats_arbitrary_g30b150,,False,CATS,150,arbitrary,MultiMinded,1000,MaxIter,1146.270000000004,1895.8706000000002,2,1412.37,685.88149999999996,497.07460000000003,2198.1052934106174,74.899681686946394,80.48895692068352,1,30,29,1708,2578
90,30,33,LinearSubgradientAuction,0.025,0.08,,True,,1000,10800,cats_arbitrary_g30b150,,False,CATS,150,arbitrary,MultiMinded,1000,MaxIter,1392.969999999994,2397.1789,3,2224.82,593.16800000000001,939.399,2618.0248079163357,899.83412178670551,927.76526548009019,1,30,17,2013,3033
91,30,32,LinearSubgradientAuction,0.025,0.08,,True,,1000,10800,cats_arbitrary_g30b150,,False,CATS,150,arbitrary,MultiMinded,1000,MaxIter,1301.9700000000012,2290.7259999999997,2,1825.1,529.46000000000004,1042.24,2577.6322182866475,1025.6531157367626,1046.6273130661225,1,30,19,1952,2942
92,30,31,LinearSubgradientAuction,0.025,0.08,,True,,1000,10800,cats_arbitrary_g30b150,,False,CATS,150,arbitrary,MultiMinded,1000,MaxIter,1303.3199999999997,1880.9630000000002,10,1586.58,901.44949999999994,1006.862,2219.727940667437,332.5164884935175,338.92183298790326,1,30,50,1891,2851
93,30,34,LinearSubgradientAuction,0.025,0.08,,True,,1000,10800,cats_arbitrary_g30b150,,False,CATS,150,arbitrary,MultiMinded,1000,MaxIter,1409.3600000000006,1815.7306,5,1434.89,540.21100000000001,1276.0149999999999,2013.8700211954954,1237.2126081793544,1241.5700764629316,1,30,12,2074,3124
94,30,36,LinearSubgradientAuction,0.025,0.08,,True,,1000,10800,cats_arbitrary_g30b150,,False,CATS,150,arbitrary,MultiMinded,1000,MaxIter,1490.7900000000009,2435.1574,5,2127.58,687.69500000000005,969.6082,2738.8700888029134,890.61906141288125,914.02757681621586,1,30,19,2196,3306
95,30,32,LinearSubgradientAuction,0.025,0.08,,True,,1000,10800,cats_arbitrary_g30b150,,False,CATS,150,arbitrary,MultiMinded,1000,MaxIter,1326.739999999998,2424.051,7,1933.55,792.75099999999998,1651.9525,2716.8560818575943,1592.1412073883134,1594.1477367607476,1,30,25,1952,2942
96,30,31,LinearSubgradientAuction,0.025,0.08,,True,,1000,10800,cats_arbitrary_g30b150,,False,CATS,150,arbitrary,MultiMinded,1000,MaxIter,1273.8499999999985,1954.1625,8,1781.86,780.25699999999995,749.2059999999999,2400.143925992702,289.43139924241274,289.57597549352221,1,30,41,1891,2851
97,30,30,LinearSubgradientAuction,0.025,0.08,,True,,1000,10800,cats_arbitrary_g30b150,,False,CATS,150,arbitrary,MultiMinded,1000,MaxIter,1227.75,1794.66,3,1264.09,681.495,294.708,2165.2746983333527,281.80744674164976,288.37429502869981,1,30,20,1830,2760
98,30,32,LinearSubgradientAuction,0.025,0.08,,True,,1000,10800,cats_arbitrary_g30b150,,False,CATS,150,arbitrary,MultiMinded,1000,MaxIter,1334.7000000000044,2145.0272,1,2092.47,967.64100000000008,734.082,2673.5936608968241,0,4.5094109459899983,1,30,30,1952,2942
99,30,29,LinearSubgradientAuction,0.025,0.08,,True,,1000,10800,cats_arbitrary_g30b150,,False,CATS,150,arbitrary,MultiMinded,1000,MaxIter,1184.1599999999962,2260.297,8,2093.42,648.17449999999997,899.9359999999999,2758.6292329656053,352.19167998401582,355.49449026973645,1,30,51,1769,2669
100,30,37,LinearSubgradientAuction,0.025,0.08,,True,,1000,10800,cats_arbitrary_g30b150,,False,CATS,150,arbitrary,MultiMinded,1000,MaxIter,1554.8300000000017,2260.7916,11,1588.66,496.72000000000003,898.2698,2475.7505867581499,560.62642201012716,560.62642201012716,1,30,56,2257,3397
