idx,items,agents,auction_class,epsilon,stepc,epoch,scalebyvalue,reserve_type,maxiter,maxtime,generator_param_name,personalized,int_prices,generator,bids,distribution,type,rounds,status,runtime,efficient_value,final_num_winners,final_max_agent_value,final_scalevalue,final_value,final_total_price,final_revenue,final_indirect_util,final_price_degree,final_price_sparsity,final_imbalance,final_wd_nvars,final_wd_ncons
1,30,34,LinearSubgradientAuction,0.1,0.01,,True,,1000,10800,cats_arbitrary_g30b150,,False,CATS,150,arbitrary,MultiMinded,1000,MaxIter,1409.9700000000012,1985.8648,7,1958.65,585.33899999999994,1146.5468,2223.2019090696526,795.31552941873008,799.01214184674404,1,30,16,2074,3124
2,30,35,LinearSubgradientAuction,0.1,0.01,,True,,1000,10800,cats_arbitrary_g30b150,,False,CATS,150,arbitrary,MultiMinded,951,Balance,1369.7799999999988,2197.79,1,2197.79,440.00599999999997,2197.79,2197.6747726137196,2153.6741726137197,2153.7894000000001,1,30,0,2135,3215
3,30,33,LinearSubgradientAuction,0.1,0.01,,True,,1000,10800,cats_arbitrary_g30b150,,False,CATS,150,arbitrary,MultiMinded,1000,MaxIter,1378.3299999999872,2537.724,3,1980.67,603.23800000000006,1425.68,2853.0038900261634,1366.2057441053607,1367.4022168581798,1,30,20,2013,3033
4,30,33,LinearSubgradientAuction,0.1,0.01,,True,,1000,10800,cats_arbitrary_g30b150,,False,CATS,150,arbitrary,MultiMinded,1000,MaxIter,1394.270000000004,2018.328,2,1780.26,501.12400000000002,380.558,2170.9037341885937,135.26658738647339,160.4666,1,30,28,2013,3033
5,30,32,LinearSubgradientAuction,0.1,0.01,,True,,1000,10800,cats_arbitrary_g30b150,,False,CATS,150,arbitrary,MultiMinded,1000,MaxIter,1327.7899999999936,1876.8708299999998,1,1770.89,624.08600000000001,366.307,2306.2716559974924,0,0.0,1,30,30,1952,2942
6,30,33,LinearSubgradientAuction,0.1,0.01,,True,,1000,10800,cats_arbitrary_g30b150,,False,CATS,150,arbitrary,MultiMinded,1000,MaxIter,1373.3300000000017,2052.619,3,1672.04,727.22400000000005,825.6300000000001,2648.7162862558725,680.44687446837327,681.78796674845626,1,30,14,2013,3033
7,30,30,LinearSubgradientAuction,0.1,0.01,,True,,1000,10800,cats_arbitrary_g30b150,,False,CATS,150,arbitrary,MultiMinded,1000,MaxIter,1216.0,2256.612,1,2088.18,661.12950000000001,1465.41,2658.2060472946077,0,5.6255201112284112,1,30,30,1830,2760
8,30,35,LinearSubgradientAuction,0.1,0.01,,True,,1000,10800,cats_arbitrary_g30b150,,False,CATS,150,arbitrary,MultiMinded,1000,MaxIter,1470.1199999999953,1886.9858,2,1721.43,762.18450000000007,978.205,2060.0276951687874,0.0,0.40882610592763058,1,30,19,2135,3215
9,30,32,LinearSubgradientAuction,0.1,0.01,,True,,1000,10800,cats_arbitrary_g30b150,,False,CATS,150,arbitrary,MultiMinded,1000,MaxIter,1326.199999999997,1903.7699,2,1559.25,844.62750000000005,1319.922,2214.2511086549034,151.29883687044003,151.29924999999997,1,30,28,1952,2942
10,30,36,LinearSubgradientAuction,0.1,0.01,,True,,1000,10800,cats_arbitrary_g30b150,,False,CATS,150,arbitrary,MultiMinded,1000,MaxIter,1510.87999999999,2500.0740000000005,9,2217.68,621.28700000000003,1407.795,2754.9083134799021,931.8194875445563,974.75902347137981,1,30,19,2196,3306
11,30,30,LinearSubgradientAuction,0.1,0.01,,True,,1000,10800,cats_arbitrary_g30b150,,False,CATS,150,arbitrary,MultiMinded,1000,MaxIter,1213.4000000000087,1868.241,3,1447.57,637.68550000000005,1149.634,2400.0096590082308,252.5854656201077,257.01525857562001,1,30,25,1830,2760
12,30,32,LinearSubgradientAuction,0.1,0.01,,True,,1000,10800,cats_arbitrary_g30b150,,False,CATS,150,arbitrary,MultiMinded,1000,MaxIter,1317.0699999999924,1629.6809799999999,9,1454.03,563.44500000000005,1137.8508000000002,2042.4713268183637,970.50162904468891,970.85788697666453,1,30,32,1952,2942
13,30,33,LinearSubgradientAuction,0.1,0.01,,True,,1000,10800,cats_arbitrary_g30b150,,False,CATS,150,arbitrary,MultiMinded,1000,MaxIter,1369.4199999999983,1977.1191,10,1667.86,707.56150000000002,510.3992,2241.3739151523455,312.23864770812327,312.23864770812327,1,30,47,2013,3033
14,30,33,LinearSubgradientAuction,0.1,0.01,,True,,1000,10800,cats_arbitrary_g30b150,,False,CATS,150,arbitrary,MultiMinded,1000,MaxIter,1393.6399999999994,2717.117,9,1791.51,726.46749999999997,1739.591,2890.532547007012,1358.2081358713972,1377.8378768261293,1,30,18,2013,3033
15,30,30,LinearSubgradientAuction,0.1,0.01,,True,,1000,10800,cats_arbitrary_g30b150,,False,CATS,150,arbitrary,MultiMinded,1000,MaxIter,1228.800000000003,2171.381,1,1868.55,921.70799999999997,103.182,2658.0865976114915,0,8.6620289855209762,1,30,30,1830,2760
16,30,34,LinearSubgradientAuction,0.1,0.01,,True,,1000,10800,cats_arbitrary_g30b150,,False,CATS,150,arbitrary,MultiMinded,1000,MaxIter,1404.229999999996,2091.4660000000003,6,1581.43,466.154,1229.12,2344.5513360939158,1058.4307264528254,1090.6272529078753,1,30,18,2074,3124
17,30,32,LinearSubgradientAuction,0.1,0.01,,True,,1000,10800,cats_arbitrary_g30b150,,False,CATS,150,arbitrary,MultiMinded,1000,MaxIter,1305.0399999999936,1828.406,4,1506.32,727.10699999999997,647.4567,2036.5381155000646,430.04019899595664,431.67287017501343,1,30,17,1952,2942
18,30,33,LinearSubgradientAuction,0.1,0.01,,True,,1000,10800,cats_arbitrary_g30b150,,False,CATS,150,arbitrary,MultiMinded,1000,MaxIter,1392.0,2345.2870000000003,2,2117.29,776.08299999999997,48.1373,2621.9353805779556,0.0,8.4283358311678072,1,30,29,2013,3033
19,30,34,LinearSubgradientAuction,0.1,0.01,,True,,1000,10800,cats_arbitrary_g30b150,,False,CATS,150,arbitrary,MultiMinded,1000,MaxIter,1418.1000000000058,2287.142,5,1551.3,564.779,1340.4540000000002,2637.2003494876035,1106.9669511309482,1115.7459638361247,1,30,13,2074,3124
20,30,34,LinearSubgradientAuction,0.1,0.01,,True,,1000,10800,cats_arbitrary_g30b150,,False,CATS,150,arbitrary,MultiMinded,1000,MaxIter,1397.9199999999983,1940.03319,9,1543.36,583.99600000000009,255.37169999999998,2264.7798083900398,97.172644745370164,97.172644745370164,1,30,66,2074,3124
21,30,32,LinearSubgradientAuction,0.1,0.01,,True,,1000,10800,cats_arbitrary_g30b150,,False,CATS,150,arbitrary,MultiMinded,1000,MaxIter,1325.4599999999919,1599.0811999999999,3,1355.45,695.58449999999993,707.8772,2012.7959815281367,121.0712579149843,128.0045639924287,1,30,22,1952,2942
22,30,33,LinearSubgradientAuction,0.1,0.01,,True,,1000,10800,cats_arbitrary_g30b150,,False,CATS,150,arbitrary,MultiMinded,1000,MaxIter,1379.429999999993,2282.8423000000003,1,1879.28,739.774,161.087,2519.6778092754671,0,0.16445272726869575,1,30,30,2013,3033
23,30,33,LinearSubgradientAuction,0.1,0.01,,True,,1000,10800,cats_arbitrary_g30b150,,False,CATS,150,arbitrary,MultiMinded,1000,MaxIter,1391.8399999999965,2403.9993,1,2044.82,717.20399999999995,1525.76,2851.8500339781062,0,12.600375308225836,1,30,30,2013,3033
24,30,30,LinearSubgradientAuction,0.1,0.01,,True,,1000,10800,cats_arbitrary_g30b150,,False,CATS,150,arbitrary,MultiMinded,1000,MaxIter,1238.3999999999942,2126.121,5,1969.43,482.00350000000003,1663.2220000000002,2526.0723546603485,725.66724169517113,727.08131835226868,1,30,18,1830,2760
25,30,29,LinearSubgradientAuction,0.1,0.01,,True,,1000,10800,cats_arbitrary_g30b150,,False,CATS,150,arbitrary,MultiMinded,1000,MaxIter,1187.7100000000064,1852.1607,1,1764.81,936.35900000000004,1576.47,2278.8434477251708,0,0.55786051629695521,1,30,30,1769,2669
26,30,39,LinearSubgradientAuction,0.1,0.01,,True,,1000,10800,cats_arbitrary_g30b150,,False,CATS,150,arbitrary,MultiMinded,1000,MaxIter,1618.449999999997,2465.4804,3,1489.25,632.89699999999993,893.5734,2563.0663398532097,171.23679894959179,173.48531297680057,1,30,24,2379,3579
27,30,29,LinearSubgradientAuction,0.1,0.01,,True,,1000,10800,cats_arbitrary_g30b150,,False,CATS,150,arbitrary,MultiMinded,1000,MaxIter,1172.75,2275.4269999999997,2,1932.93,759.11900000000003,1878.83,2703.2236995062049,1802.8867601832287,1804.4527500368472,1,30,12,1769,2669
28,30,31,LinearSubgradientAuction,0.1,0.01,,True,,1000,10800,cats_arbitrary_g30b150,,False,CATS,150,arbitrary,MultiMinded,1000,MaxIter,1285.4199999999983,2301.5724,12,1458.94,613.274,1023.3102000000001,2470.6938310517694,697.08589918606265,697.08628643212319,1,30,82,1891,2851
29,30,29,LinearSubgradientAuction,0.1,0.01,,True,,1000,10800,cats_arbitrary_g30b150,,False,CATS,150,arbitrary,MultiMinded,1000,MaxIter,1192.2600000000093,2007.782,5,1669.06,662.85299999999995,1475.2669999999998,2264.7766787675218,593.33206459540088,598.579464267106,1,30,15,1769,2669
30,30,35,LinearSubgradientAuction,0.1,0.01,,True,,1000,10800,cats_arbitrary_g30b150,,False,CATS,150,arbitrary,MultiMinded,1000,MaxIter,1463.4900000000052,2161.8298999999997,2,1539.73,524.54999999999995,744.188,2411.8999994729052,189.38469365812949,190.63581793959017,1,30,27,2135,3215
31,30,32,LinearSubgradientAuction,0.1,0.01,,True,,1000,10800,cats_arbitrary_g30b150,,False,CATS,150,arbitrary,MultiMinded,1000,MaxIter,1320.340000000011,2453.359,7,1724.13,512.56299999999999,1619.976,2671.9196883886616,1334.100966709608,1364.6886134705612,1,30,14,1952,2942
32,30,34,LinearSubgradientAuction,0.1,0.01,,True,,1000,10800,cats_arbitrary_g30b150,,False,CATS,150,arbitrary,MultiMinded,1000,MaxIter,1398.1499999999942,1818.8858,3,1643.98,574.70600000000002,1355.1039999999998,2209.0790660635425,1239.9592933579679,1241.2660728133283,1,30,14,2074,3124
33,30,33,LinearSubgradientAuction,0.1,0.01,,True,,1000,10800,cats_arbitrary_g30b150,,False,CATS,150,arbitrary,MultiMinded,1000,MaxIter,1387.3600000000006,1944.8153000000002,1,1618.49,617.12249999999995,838.802,2183.6286152878902,0,4.0005084836541869,1,30,30,2013,3033
34,30,31,LinearSubgradientAuction,0.1,0.01,,True,,1000,10800,cats_arbitrary_g30b150,,False,CATS,150,arbitrary,MultiMinded,1000,MaxIter,1273.5399999999936,2467.5019,7,2102.79,578.16200000000003,1520.923,2780.7137723733163,1292.4653344587568,1292.4653344587568,1,30,45,1891,2851
35,30,32,LinearSubgradientAuction,0.1,0.01,,True,,1000,10800,cats_arbitrary_g30b150,,False,CATS,150,arbitrary,MultiMinded,1000,MaxIter,1330.5499999999884,2108.201,1,1910.3,506.57900000000001,258.351,2447.0229791678116,0,2.0530445377448245,1,30,30,1952,2942
36,30,35,LinearSubgradientAuction,0.1,0.01,,True,,1000,10800,cats_arbitrary_g30b150,,False,CATS,150,arbitrary,MultiMinded,1000,MaxIter,1468.4599999999919,1942.8097999999998,2,1649.39,704.06799999999998,783.199,2128.9899326934274,207.9345599823699,211.49584354279102,1,30,27,2135,3215
37,30,33,LinearSubgradientAuction,0.1,0.01,,True,,1000,10800,cats_arbitrary_g30b150,,False,CATS,150,arbitrary,MultiMinded,1000,MaxIter,1369.570000000007,1975.334,11,1881.03,532.89949999999999,1082.7096,2304.4134342215962,818.70972978413545,818.70972978413545,1,30,40,2013,3033
38,30,32,LinearSubgradientAuction,0.1,0.01,,True,,1000,10800,cats_arbitrary_g30b150,,False,CATS,150,arbitrary,MultiMinded,1000,MaxIter,1301.320000000007,2501.4829999999997,5,2312.06,839.32600000000002,638.727,2937.3853705617662,471.36584561025342,472.98967514048849,1,30,20,1952,2942
39,30,34,LinearSubgradientAuction,0.1,0.01,,True,,1000,10800,cats_arbitrary_g30b150,,False,CATS,150,arbitrary,MultiMinded,1000,MaxIter,1409.3399999999965,2311.536,1,2186.45,533.95749999999998,345.447,2646.130127269721,0,2.7141069264636144,1,30,30,2074,3124
40,30,31,LinearSubgradientAuction,0.1,0.01,,True,,1000,10800,cats_arbitrary_g30b150,,False,CATS,150,arbitrary,MultiMinded,1000,MaxIter,1289.9199999999983,1922.01,4,1548.35,753.33299999999997,787.6573,2127.2976781319935,624.07599338747741,627.14400076192146,1,30,11,1891,2851
41,30,32,LinearSubgradientAuction,0.1,0.01,,True,,1000,10800,cats_arbitrary_g30b150,,False,CATS,150,arbitrary,MultiMinded,1000,MaxIter,1322.8399999999965,1899.3063,7,1626.29,567.45299999999997,1610.0790000000002,2241.7766974047076,1443.9317811929741,1443.9317811929741,1,30,46,1952,2942
42,30,35,LinearSubgradientAuction,0.1,0.01,,True,,1000,10800,cats_arbitrary_g30b150,,False,CATS,150,arbitrary,MultiMinded,1000,MaxIter,1445.9100000000035,2374.3837000000003,5,1682.91,707.67899999999997,1388.161,2828.5334290966239,1176.0915028654656,1177.627880119262,1,30,11,2135,3215
43,30,36,LinearSubgradientAuction,0.1,0.01,,True,,1000,10800,cats_arbitrary_g30b150,,False,CATS,150,arbitrary,MultiMinded,1000,MaxIter,1508.1199999999953,2385.76,4,2385.76,501.80000000000001,899.4885999999999,2515.223938161058,696.37292220834274,749.50722170717927,1,30,22,2196,3306
44,30,35,LinearSubgradientAuction,0.1,0.01,,True,,1000,10800,cats_arbitrary_g30b150,,False,CATS,150,arbitrary,MultiMinded,1000,MaxIter,1441.9199999999983,2079.9506999999994,6,1845.76,468.2165,1194.1527,2260.5962383935325,955.52038967562169,961.89451617683403,1,30,14,2135,3215
45,30,30,LinearSubgradientAuction,0.1,0.01,,True,,1000,10800,cats_arbitrary_g30b150,,False,CATS,150,arbitrary,MultiMinded,1000,MaxIter,1244.5999999999913,1973.4939,9,1684.69,518.44550000000004,1054.8609000000001,2251.4402777587106,786.76128427599099,841.29205666531618,1,30,22,1830,2760
46,30,33,LinearSubgradientAuction,0.1,0.01,,True,,1000,10800,cats_arbitrary_g30b150,,False,CATS,150,arbitrary,MultiMinded,1000,MaxIter,1384.3899999999994,2174.927,9,1703.31,577.08699999999999,1388.9679999999998,2479.6654893856548,1115.8941577955145,1161.4046030943809,1,30,44,2013,3033
47,30,36,LinearSubgradientAuction,0.1,0.01,,True,,1000,10800,cats_arbitrary_g30b150,,False,CATS,150,arbitrary,MultiMinded,1000,MaxIter,1484.0099999999948,2134.903,5,1579.3,488.0025,969.469,2437.3908007748714,824.00434798763649,825.01726679626051,1,30,19,2196,3306
48,30,36,LinearSubgradientAuction,0.1,0.01,,True,,1000,10800,cats_arbitrary_g30b150,,False,CATS,150,arbitrary,MultiMinded,1000,MaxIter,1508.8300000000017,2120.0323,13,1723.29,500.82099999999997,1015.7901999999999,2289.0216825687785,768.35110647710781,768.35110647710781,1,30,46,2196,3306
49,30,32,LinearSubgradientAuction,0.1,0.01,,True,,1000,10800,cats_arbitrary_g30b150,,False,CATS,150,arbitrary,MultiMinded,1000,MaxIter,1308.4100000000035,1825.5846,4,1448.16,458.54599999999999,868.761,2098.4349115199634,720.44093827166978,735.24745598879269,1,30,20,1952,2942
50,30,32,LinearSubgradientAuction,0.1,0.01,,True,,1000,10800,cats_arbitrary_g30b150,,False,CATS,150,arbitrary,MultiMinded,1000,MaxIter,1305.5800000000017,2387.589,1,2137.71,881.64700000000005,779.822,2505.6766651115017,0,0.34245649170324555,1,30,30,1952,2942
51,30,31,LinearSubgradientAuction,0.1,0.01,,True,,1000,10800,cats_arbitrary_g30b150,,False,CATS,150,arbitrary,MultiMinded,1000,MaxIter,1289.199999999997,2404.514,5,2207.65,681.84050000000002,1062.9180000000001,2812.4845075571466,858.74542928681547,1002.2327037995288,1,30,18,1891,2851
52,30,34,LinearSubgradientAuction,0.1,0.01,,True,,1000,10800,cats_arbitrary_g30b150,,False,CATS,150,arbitrary,MultiMinded,1000,MaxIter,1409.7099999999919,2070.7699000000002,4,1761.92,837.09500000000003,726.3749,2357.5573030977075,474.78271137991595,480.640888105317,1,30,21,2074,3124
53,30,34,LinearSubgradientAuction,0.1,0.01,,True,,1000,10800,cats_arbitrary_g30b150,,False,CATS,150,arbitrary,MultiMinded,1000,MaxIter,1414.6900000000023,1944.8844,5,1588.82,654.95799999999997,621.3242,2102.3488297037502,364.06365717766857,428.15701882766899,1,30,12,2074,3124
54,30,30,LinearSubgradientAuction,0.1,0.01,,True,,1000,10800,cats_arbitrary_g30b150,,False,CATS,150,arbitrary,MultiMinded,1000,MaxIter,1243.0399999999936,2678.4509,2,2281.57,746.976,1299.006,3003.7106672853456,227.49334636763166,240.63891227310049,1,30,28,1830,2760
55,30,31,LinearSubgradientAuction,0.1,0.01,,True,,1000,10800,cats_arbitrary_g30b150,,False,CATS,150,arbitrary,MultiMinded,1000,MaxIter,1269.4300000000076,2211.653,2,1943.48,726.06700000000001,139.61090000000002,2442.1953993909165,0.0,0.22817174998125012,1,30,29,1891,2851
56,30,29,LinearSubgradientAuction,0.1,0.01,,True,,1000,10800,cats_arbitrary_g30b150,,False,CATS,150,arbitrary,MultiMinded,1000,MaxIter,1196.050000000003,2093.229,1,1877.5,714.9369999999999,1048.37,2202.6931700296077,0,0.15350359409399061,1,30,30,1769,2669
57,30,31,LinearSubgradientAuction,0.1,0.01,,True,,1000,10800,cats_arbitrary_g30b150,,False,CATS,150,arbitrary,MultiMinded,1000,MaxIter,1267.590000000011,2015.9576000000002,4,1667.14,591.51199999999994,1265.562,2338.8539890366146,1147.3878568882335,1149.4241026113493,1,30,14,1891,2851
58,30,33,LinearSubgradientAuction,0.1,0.01,,True,,1000,10800,cats_arbitrary_g30b150,,False,CATS,150,arbitrary,MultiMinded,1000,MaxIter,1397.8899999999994,2213.6252,6,1937.47,893.10799999999995,428.49969999999996,2574.7310827487822,128.88528059920804,135.16197529932782,1,30,17,2013,3033
59,30,31,LinearSubgradientAuction,0.1,0.01,,True,,1000,10800,cats_arbitrary_g30b150,,False,CATS,150,arbitrary,MultiMinded,1000,MaxIter,1264.2400000000052,2195.5229,2,1710.57,782.62599999999998,782.875,2693.9304374389931,704.47036521771622,706.76048446687093,1,30,22,1891,2851
60,30,36,LinearSubgradientAuction,0.1,0.01,,True,,1000,10800,cats_arbitrary_g30b150,,False,CATS,150,arbitrary,MultiMinded,1000,MaxIter,1510.9800000000105,1802.554,4,1574.08,671.95349999999996,493.84810000000004,2027.9317508450754,291.95972995948676,298.90698057138513,1,30,22,2196,3306
61,30,33,LinearSubgradientAuction,0.1,0.01,,True,,1000,10800,cats_arbitrary_g30b150,,False,CATS,150,arbitrary,MultiMinded,1000,MaxIter,1371.4900000000052,1724.4375,2,1339.03,584.49199999999996,203.645,1999.7146985314612,144.89723037771191,145.74672196074857,1,30,26,2013,3033
62,30,36,LinearSubgradientAuction,0.1,0.01,,True,,1000,10800,cats_arbitrary_g30b150,,False,CATS,150,arbitrary,MultiMinded,1000,MaxIter,1481.0099999999948,2437.0683000000004,4,1933.61,814.90999999999997,899.923,2650.5862644087611,736.18238839354763,739.93479037442353,1,30,13,2196,3306
63,30,34,LinearSubgradientAuction,0.1,0.01,,True,,1000,10800,cats_arbitrary_g30b150,,False,CATS,150,arbitrary,MultiMinded,1000,MaxIter,1417.6500000000087,2003.24,3,2003.24,494.63999999999999,918.067,2433.3806759796871,818.48995314999843,822.2135614688525,1,30,20,2074,3124
64,30,34,LinearSubgradientAuction,0.1,0.01,,True,,1000,10800,cats_arbitrary_g30b150,,False,CATS,150,arbitrary,MultiMinded,1000,MaxIter,1422.409999999989,2039.0195999999999,7,1809.03,585.17600000000004,801.139,2328.8476168627162,626.58655019928017,627.75006595389164,1,30,25,2074,3124
65,30,36,LinearSubgradientAuction,0.1,0.01,,True,,1000,10800,cats_arbitrary_g30b150,,False,CATS,150,arbitrary,MultiMinded,1000,MaxIter,1503.0,1894.2412000000002,3,1377.42,663.9670000000001,495.71439999999996,2098.5721494768,275.71554361596361,288.6686712152981,1,30,24,2196,3306
66,30,33,LinearSubgradientAuction,0.1,0.01,,True,,1000,10800,cats_arbitrary_g30b150,,False,CATS,150,arbitrary,MultiMinded,1000,MaxIter,1388.8800000000047,2454.29,8,2454.29,522.13300000000004,1215.9214000000002,2558.9875958979123,834.89058982266465,906.25073519342084,1,30,52,2013,3033
67,30,31,LinearSubgradientAuction,0.1,0.01,,True,,1000,10800,cats_arbitrary_g30b150,,False,CATS,150,arbitrary,MultiMinded,1000,MaxIter,1281.6500000000087,2341.4958,3,2017.46,785.07600000000002,1312.4349,2877.6892995374546,289.54322456980844,296.43509311867427,1,30,25,1891,2851
68,30,31,LinearSubgradientAuction,0.1,0.01,,True,,1000,10800,cats_arbitrary_g30b150,,False,CATS,150,arbitrary,MultiMinded,1000,MaxIter,1272.8399999999965,2082.3165,6,1694.51,536.65000000000009,1414.4885000000002,2162.5914974376078,1199.2086816675865,1235.4781006395392,1,30,9,1891,2851
69,30,32,LinearSubgradientAuction,0.1,0.01,,True,,1000,10800,cats_arbitrary_g30b150,,False,CATS,150,arbitrary,MultiMinded,1000,MaxIter,1309.9199999999983,2088.0744,6,1731.11,855.64499999999998,1244.7768999999998,2392.9699380610732,1004.7655388116175,1005.3064636810425,1,30,33,1952,2942
70,30,33,LinearSubgradientAuction,0.1,0.01,,True,,1000,10800,cats_arbitrary_g30b150,,False,CATS,150,arbitrary,MultiMinded,1000,MaxIter,1367.320000000007,2258.578,6,1454.94,617.26599999999996,1613.003,2674.0836095210661,1429.5666349939213,1429.7665597695272,1,30,31,2013,3033
71,30,33,LinearSubgradientAuction,0.1,0.01,,True,,1000,10800,cats_arbitrary_g30b150,,False,CATS,150,arbitrary,MultiMinded,1000,MaxIter,1392.12999999999,2247.3372,9,1920.4,499.70499999999998,1351.3139999999999,2540.5561869128442,1153.330972594207,1153.330972594207,1,30,33,2013,3033
72,30,39,LinearSubgradientAuction,0.1,0.01,,True,,1000,10800,cats_arbitrary_g30b150,,False,CATS,150,arbitrary,MultiMinded,1000,MaxIter,1645.9200000000128,2410.0175,1,1662.34,705.94000000000005,280.94,2571.7294414699909,0,0.0050354874078379908,1,30,27,2379,3579
73,30,34,LinearSubgradientAuction,0.1,0.01,,True,,1000,10800,cats_arbitrary_g30b150,,False,CATS,150,arbitrary,MultiMinded,1000,MaxIter,1393.87999999999,2015.5892,4,1380.57,479.64299999999997,575.111,2279.6007425041021,394.90516494962606,435.02863886760997,1,30,22,2074,3124
74,30,36,LinearSubgradientAuction,0.1,0.01,,True,,1000,10800,cats_arbitrary_g30b150,,False,CATS,150,arbitrary,MultiMinded,1000,MaxIter,1471.6399999999994,2042.097,10,1285.64,413.78699999999998,1326.5266,2270.7965581442181,1086.4220122920065,1087.4967297469263,1,30,28,2196,3306
75,30,28,LinearSubgradientAuction,0.1,0.01,,True,,1000,10800,cats_arbitrary_g30b150,,False,CATS,150,arbitrary,MultiMinded,1000,MaxIter,1148.9700000000012,1952.3077,7,1522.4,797.30549999999994,1480.416,2794.3233606048029,1326.8175215629024,1326.8697384329103,1,30,62,1708,2578
76,30,35,LinearSubgradientAuction,0.1,0.01,,True,,1000,10800,cats_arbitrary_g30b150,,False,CATS,150,arbitrary,MultiMinded,1000,MaxIter,1459.25,2241.3282000000004,8,1991.23,695.48000000000002,1146.1186,2499.2337439209809,700.0256757477689,705.38423641860072,1,30,18,2135,3215
77,30,29,LinearSubgradientAuction,0.1,0.01,,True,,1000,10800,cats_arbitrary_g30b150,,False,CATS,150,arbitrary,MultiMinded,1000,MaxIter,1199.7599999999948,2086.98,1,1735.17,697.00749999999994,606.21,2364.1075645499204,0,0.4950725466029553,1,30,30,1769,2669
78,30,34,LinearSubgradientAuction,0.1,0.01,,True,,1000,10800,cats_arbitrary_g30b150,,False,CATS,150,arbitrary,MultiMinded,1000,MaxIter,1406.5100000000093,2141.5101999999997,9,1833.54,620.51150000000007,1308.4767,2451.6238730541745,1000.4001600422539,1020.8847217755192,1,30,26,2074,3124
79,30,32,LinearSubgradientAuction,0.1,0.01,,True,,1000,10800,cats_arbitrary_g30b150,,False,CATS,150,arbitrary,MultiMinded,1000,MaxIter,1324.4900000000052,2182.6516,5,1753.74,722.10699999999997,714.761,2761.0756225799528,467.54316709175805,500.09062631289675,1,30,15,1952,2942
80,30,31,LinearSubgradientAuction,0.1,0.01,,True,,1000,10800,cats_arbitrary_g30b150,,False,CATS,150,arbitrary,MultiMinded,1000,MaxIter,1275.800000000003,2157.0797,6,1772.89,656.88249999999994,788.627,2424.5852856403708,590.68570793840024,593.97374938256769,1,30,25,1891,2851
81,30,31,LinearSubgradientAuction,0.1,0.01,,True,,1000,10800,cats_arbitrary_g30b150,,False,CATS,150,arbitrary,MultiMinded,1000,MaxIter,1273.770000000004,1755.3018000000002,2,1603.71,647.50199999999995,413.3508,2170.1070453412681,0.0,6.4285258965004193,1,30,29,1891,2851
82,30,34,LinearSubgradientAuction,0.1,0.01,,True,,1000,10800,cats_arbitrary_g30b150,,False,CATS,150,arbitrary,MultiMinded,1000,MaxIter,1393.7599999999948,2385.8982,2,2112.36,790.75199999999995,1273.261,2658.925141898841,245.49004766193207,302.43946918590689,1,30,27,2074,3124
83,30,32,LinearSubgradientAuction,0.1,0.01,,True,,1000,10800,cats_arbitrary_g30b150,,False,CATS,150,arbitrary,MultiMinded,1000,MaxIter,1330.75,2059.99,2,1826.87,768.11400000000003,847.782,2535.9514957059941,770.25888589891599,776.32830404838433,1,30,19,1952,2942
84,30,33,LinearSubgradientAuction,0.1,0.01,,True,,1000,10800,cats_arbitrary_g30b150,,False,CATS,150,arbitrary,MultiMinded,1000,MaxIter,1396.4100000000035,1978.9186000000002,5,1758.88,838.20399999999995,877.161,2396.885048873593,541.65470028419259,546.92863767910831,1,30,17,2013,3033
85,30,33,LinearSubgradientAuction,0.1,0.01,,True,,1000,10800,cats_arbitrary_g30b150,,False,CATS,150,arbitrary,MultiMinded,1000,MaxIter,1385.1399999999994,2216.0256,8,2078.55,626.62099999999998,998.2457,2491.8205538428911,749.81029331586751,749.95777267016911,1,30,34,2013,3033
86,30,31,LinearSubgradientAuction,0.1,0.01,,True,,1000,10800,cats_arbitrary_g30b150,,False,CATS,150,arbitrary,MultiMinded,1000,MaxIter,1266.8199999999924,2283.532,7,1809.12,745.29950000000008,589.49,2666.8654989291222,444.21724578420299,444.21724578420299,1,30,70,1891,2851
87,30,36,LinearSubgradientAuction,0.1,0.01,,True,,1000,10800,cats_arbitrary_g30b150,,False,CATS,150,arbitrary,MultiMinded,1000,MaxIter,1514.6000000000058,2522.6901999999995,10,2032.58,563.31899999999996,1341.7799,2894.2374752279757,1066.9242015451446,1066.9242015451446,1,30,65,2196,3306
88,30,35,LinearSubgradientAuction,0.1,0.01,,True,,1000,10800,cats_arbitrary_g30b150,,False,CATS,150,arbitrary,MultiMinded,1000,MaxIter,1435.6699999999983,2265.08,5,1820.47,452.93900000000002,877.757,2560.3373198668933,315.58239301569984,318.73563765150845,1,30,22,2135,3215
89,30,28,LinearSubgradientAuction,0.1,0.01,,True,,1000,10800,cats_arbitrary_g30b150,,False,CATS,150,arbitrary,MultiMinded,1000,MaxIter,1147.7000000000116,1895.8706000000002,5,1412.37,685.88149999999996,850.9290000000001,2172.4867167765487,645.77542319149961,648.49196913716025,1,30,21,1708,2578
90,30,33,LinearSubgradientAuction,0.1,0.01,,True,,1000,10800,cats_arbitrary_g30b150,,False,CATS,150,arbitrary,MultiMinded,1000,MaxIter,1376.37999999999,2397.1789,2,2224.82,593.16800000000001,464.14549999999997,2632.3788712062869,26.892809230133835,34.294112195269307,1,30,27,2013,3033
91,30,32,LinearSubgradientAuction,0.1,0.01,,True,,1000,10800,cats_arbitrary_g30b150,,False,CATS,150,arbitrary,MultiMinded,1000,MaxIter,1324.1199999999953,2290.7259999999997,5,1825.1,529.46000000000004,1457.185,2605.5478863765588,1352.0317185767394,1352.9762552336238,1,30,16,1952,2942
92,30,31,LinearSubgradientAuction,0.1,0.01,,True,,1000,10800,cats_arbitrary_g30b150,,False,CATS,150,arbitrary,MultiMinded,1000,MaxIter,1279.2100000000064,1880.9630000000002,4,1586.58,901.44949999999994,631.4459999999999,2112.8769424047491,188.72623965819764,213.8852587524396,1,30,23,1891,2851
93,30,34,LinearSubgradientAuction,0.1,0.01,,True,,1000,10800,cats_arbitrary_g30b150,,False,CATS,150,arbitrary,MultiMinded,1000,MaxIter,1410.4199999999983,1815.7306,7,1434.89,540.21100000000001,1743.2409999999998,2006.9409392776863,1526.9003724955928,1527.902919845104,1,30,12,2074,3124
94,30,36,LinearSubgradientAuction,0.1,0.01,,True,,1000,10800,cats_arbitrary_g30b150,,False,CATS,150,arbitrary,MultiMinded,1000,MaxIter,1487.1500000000087,2435.1574,9,2127.58,687.69500000000005,1177.7354,2747.6848217937882,834.73983840902633,835.22123517241926,1,30,25,2196,3306
95,30,32,LinearSubgradientAuction,0.1,0.01,,True,,1000,10800,cats_arbitrary_g30b150,,False,CATS,150,arbitrary,MultiMinded,1000,MaxIter,1329.1100000000006,2424.051,1,1933.55,792.75099999999998,75.1135,2688.2466251751339,0,5.761167473459011,1,30,29,1952,2942
96,30,31,LinearSubgradientAuction,0.1,0.01,,True,,1000,10800,cats_arbitrary_g30b150,,False,CATS,150,arbitrary,MultiMinded,1000,MaxIter,1291.8399999999965,1954.1625,8,1781.86,780.25699999999995,1199.03,2335.6643932639454,966.24718264779506,966.24718264779506,1,30,27,1891,2851
97,30,30,LinearSubgradientAuction,0.1,0.01,,True,,1000,10800,cats_arbitrary_g30b150,,False,CATS,150,arbitrary,MultiMinded,1000,MaxIter,1229.7200000000012,1794.66,6,1264.09,681.495,919.7850000000001,2157.1834519740164,647.55917710956567,648.88452950334613,1,30,16,1830,2760
98,30,32,LinearSubgradientAuction,0.1,0.01,,True,,1000,10800,cats_arbitrary_g30b150,,False,CATS,150,arbitrary,MultiMinded,1000,MaxIter,1330.199999999997,2145.0272,1,2092.47,967.64100000000008,734.082,2642.0940890062743,0,4.6927356970045366,1,30,30,1952,2942
99,30,29,LinearSubgradientAuction,0.1,0.01,,True,,1000,10800,cats_arbitrary_g30b150,,False,CATS,150,arbitrary,MultiMinded,1000,MaxIter,1184.8800000000047,2260.297,8,2093.42,648.17449999999997,1052.281,2709.6272368595914,861.46390656438132,861.46390656438132,1,30,50,1769,2669
100,30,37,LinearSubgradientAuction,0.1,0.01,,True,,1000,10800,cats_arbitrary_g30b150,,False,CATS,150,arbitrary,MultiMinded,1000,MaxIter,1560.2900000000081,2260.7916,13,1588.66,496.72000000000003,1311.7294,2433.2036794463916,902.51268307523901,902.65637559732215,1,30,41,2257,3397
