idx,items,agents,auction_class,epsilon,stepc,epoch,scalebyvalue,reserve_type,maxiter,maxtime,generator_param_name,personalized,int_prices,generator,bids,distribution,type,rounds,status,runtime,efficient_value,final_num_winners,final_max_agent_value,final_scalevalue,final_value,final_total_price,final_revenue,final_indirect_util,final_price_degree,final_price_sparsity,final_imbalance,final_wd_nvars,final_wd_ncons
1,30,34,LinearHeuristicAuction,0.2,0.04,,True,,1000,10800,cats_arbitrary_g30b150,,False,CATS,150,arbitrary,MultiMinded,1000,MaxIter,111.46999999999753,1985.8648,1,1958.65,585.33899999999994,1958.65,2267.2661243794078,0,0.16230217179753481,1,30,124,100,64
2,30,35,LinearHeuristicAuction,0.2,0.04,,True,,1000,10800,cats_arbitrary_g30b150,,False,CATS,150,arbitrary,MultiMinded,21,Balance,2.0600000000013097,2197.79,1,2197.79,440.00599999999997,2197.79,2283.1375921538934,2195.1363921538932,2290.6082083606534,1,30,87,78,65
3,30,33,LinearHeuristicAuction,0.2,0.04,,True,,1000,10800,cats_arbitrary_g30b150,,False,CATS,150,arbitrary,MultiMinded,1000,MaxIter,108.02000000000044,2537.724,1,1980.67,603.23800000000006,1980.67,2846.5192550051624,0,1.5265244982003026,1,30,78,90,63
4,30,33,LinearHeuristicAuction,0.2,0.04,,True,,1000,10800,cats_arbitrary_g30b150,,False,CATS,150,arbitrary,MultiMinded,1000,MaxIter,108.66999999999825,2018.328,1,1780.26,501.12400000000002,1749.98,2168.2343510431861,0,17.771873391554124,1,30,34,96,63
5,30,32,LinearHeuristicAuction,0.2,0.04,,True,,1000,10800,cats_arbitrary_g30b150,,False,CATS,150,arbitrary,MultiMinded,1000,MaxIter,113.15999999999985,1876.8708299999998,1,1770.89,624.08600000000001,1478.79,2313.4670594175473,0,2.1151806192151055,1,30,30,91,62
6,30,33,LinearHeuristicAuction,0.2,0.04,,True,,1000,10800,cats_arbitrary_g30b150,,False,CATS,150,arbitrary,MultiMinded,1000,MaxIter,110.7400000000016,2052.619,1,1672.04,727.22400000000005,1511.41,2646.3693392304822,0,0.82172690263058712,1,30,77,92,63
7,30,30,LinearHeuristicAuction,0.2,0.04,,True,,1000,10800,cats_arbitrary_g30b150,,False,CATS,150,arbitrary,MultiMinded,1000,MaxIter,117.37000000000262,2256.612,1,2088.18,661.12950000000001,2088.18,2666.2651240951368,0,0.77456026743368511,1,30,85,94,60
8,30,35,LinearHeuristicAuction,0.2,0.04,,True,,1000,10800,cats_arbitrary_g30b150,,False,CATS,150,arbitrary,MultiMinded,778,Balance,103.03000000000247,1886.9858,9,1721.43,762.18450000000007,1817.7341,2004.57831091358,1010.3376493572883,1054.1401238799392,1,30,133,99,65
9,30,32,LinearHeuristicAuction,0.2,0.04,,True,,1000,10800,cats_arbitrary_g30b150,,False,CATS,150,arbitrary,MultiMinded,75,Balance,8.389999999999418,1903.7699,5,1559.25,844.62750000000005,1769.1299999999999,2029.7705359879933,1223.2983843357761,1300.8756914014989,1,30,71,78,62
10,30,36,LinearHeuristicAuction,0.2,0.04,,True,,1000,10800,cats_arbitrary_g30b150,,False,CATS,150,arbitrary,MultiMinded,1000,MaxIter,104.87000000000262,2500.0740000000005,1,2217.68,621.28700000000003,2217.68,2739.1473871728567,0,32.723167781941328,1,30,38,91,66
11,30,30,LinearHeuristicAuction,0.2,0.04,,True,,1000,10800,cats_arbitrary_g30b150,,False,CATS,150,arbitrary,MultiMinded,55,Balance,5.220000000001164,1868.241,6,1447.57,637.68550000000005,1839.2431100000001,1889.6475986817463,1212.618716716674,1252.6358351009444,1,30,31,74,60
12,30,32,LinearHeuristicAuction,0.2,0.04,,True,,1000,10800,cats_arbitrary_g30b150,,False,CATS,150,arbitrary,MultiMinded,1000,MaxIter,110.61000000000058,1629.6809799999999,1,1454.03,563.44500000000005,1454.03,2033.3062145588869,0,9.9877478495537559,1,30,52,94,62
13,30,33,LinearHeuristicAuction,0.2,0.04,,True,,1000,10800,cats_arbitrary_g30b150,,False,CATS,150,arbitrary,MultiMinded,1000,MaxIter,121.70999999999913,1977.1191,1,1667.86,707.56150000000002,1667.86,2262.8936480590451,0,0.0,1,30,100,99,63
14,30,33,LinearHeuristicAuction,0.2,0.04,,True,,1000,10800,cats_arbitrary_g30b150,,False,CATS,150,arbitrary,MultiMinded,1000,MaxIter,112.58000000000175,2717.117,1,1791.51,726.46749999999997,1791.51,2900.7257497216137,0,0.37354446108736283,1,30,103,95,63
15,30,30,LinearHeuristicAuction,0.2,0.04,,True,,1000,10800,cats_arbitrary_g30b150,,False,CATS,150,arbitrary,MultiMinded,1000,MaxIter,114.29000000000087,2171.381,1,1868.55,921.70799999999997,1240.56,2474.5070701301584,0,19.33813013965694,1,30,28,83,60
16,30,34,LinearHeuristicAuction,0.2,0.04,,True,,1000,10800,cats_arbitrary_g30b150,,False,CATS,150,arbitrary,MultiMinded,1000,MaxIter,99.63000000000102,2091.4660000000003,1,1581.43,466.154,1581.43,2352.5971200999793,0,31.944668204003108,1,30,33,98,64
17,30,32,LinearHeuristicAuction,0.2,0.04,,True,,1000,10800,cats_arbitrary_g30b150,,False,CATS,150,arbitrary,MultiMinded,1000,MaxIter,128.79000000000087,1828.406,1,1506.32,727.10699999999997,1235.04,2034.5193792534228,0,17.296917465052246,1,30,49,102,62
18,30,33,LinearHeuristicAuction,0.2,0.04,,True,,1000,10800,cats_arbitrary_g30b150,,False,CATS,150,arbitrary,MultiMinded,1000,MaxIter,131.5500000000029,2345.2870000000003,1,2117.29,776.08299999999997,1995.23,2625.2852922119582,0,1.7144394717968225,1,30,43,95,63
19,30,34,LinearHeuristicAuction,0.2,0.04,,True,,1000,10800,cats_arbitrary_g30b150,,False,CATS,150,arbitrary,MultiMinded,1000,MaxIter,110.75,2287.142,1,1551.3,564.779,997.279,2633.100956202813,0,4.68031000829032,1,30,69,96,64
20,30,34,LinearHeuristicAuction,0.2,0.04,,True,,1000,10800,cats_arbitrary_g30b150,,False,CATS,150,arbitrary,MultiMinded,18,Balance,1.7099999999991269,1940.03319,8,1543.36,583.99600000000009,1877.6911000000002,2052.1616678469977,1212.1597725579777,1275.8689088051142,1,30,29,74,64
21,30,32,LinearHeuristicAuction,0.2,0.04,,True,,1000,10800,cats_arbitrary_g30b150,,False,CATS,150,arbitrary,MultiMinded,1000,MaxIter,126.81999999999971,1599.0811999999999,1,1355.45,695.58449999999993,1031.01,2011.3159799804673,0,0.097265936272194153,1,30,32,94,62
22,30,33,LinearHeuristicAuction,0.2,0.04,,True,,1000,10800,cats_arbitrary_g30b150,,False,CATS,150,arbitrary,MultiMinded,196,Balance,21.970000000001164,2282.8423000000003,8,1879.28,739.774,2282.8423000000003,2478.8207628061609,1437.7729261424092,1559.0371443777649,1,30,131,92,63
23,30,33,LinearHeuristicAuction,0.2,0.04,,True,,1000,10800,cats_arbitrary_g30b150,,False,CATS,150,arbitrary,MultiMinded,1000,MaxIter,116.15999999999985,2403.9993,1,2044.82,717.20399999999995,1593.72,2869.2421381775534,0,0.00040463408258162303,1,30,31,92,63
24,30,30,LinearHeuristicAuction,0.2,0.04,,True,,1000,10800,cats_arbitrary_g30b150,,False,CATS,150,arbitrary,MultiMinded,1000,MaxIter,99.64000000000306,2126.121,1,1969.43,482.00350000000003,1969.43,2524.8059577204126,0,4.4455843865024463,1,30,56,94,60
25,30,29,LinearHeuristicAuction,0.2,0.04,,True,,1000,10800,cats_arbitrary_g30b150,,False,CATS,150,arbitrary,MultiMinded,72,Balance,8.040000000000873,1852.1607,5,1764.81,936.35900000000004,1804.5594,2251.0228504184342,1328.8547522577578,1341.1531293226942,1,30,33,75,59
26,30,39,LinearHeuristicAuction,0.2,0.04,,True,,1000,10800,cats_arbitrary_g30b150,,False,CATS,150,arbitrary,MultiMinded,1000,MaxIter,118.43000000000029,2465.4804,1,1489.25,632.89699999999993,1489.25,2553.5378210401404,0,7.8109623838534645,1,30,55,100,69
27,30,29,LinearHeuristicAuction,0.2,0.04,,True,,1000,10800,cats_arbitrary_g30b150,,False,CATS,150,arbitrary,MultiMinded,309,Balance,33.25,2275.4269999999997,2,1932.93,759.11900000000003,2129.492,2182.9057818648976,1879.2581818648973,1957.3061982891804,1,30,92,81,59
28,30,31,LinearHeuristicAuction,0.2,0.04,,True,,1000,10800,cats_arbitrary_g30b150,,False,CATS,150,arbitrary,MultiMinded,20,Balance,1.820000000003347,2301.5724,7,1458.94,613.274,2006.6473,2170.6735678592695,1439.9243965211633,1472.546887617852,1,30,12,64,61
29,30,29,LinearHeuristicAuction,0.2,0.04,,True,,1000,10800,cats_arbitrary_g30b150,,False,CATS,150,arbitrary,MultiMinded,42,Balance,4.1599999999998545,2007.782,4,1669.06,662.85299999999995,1678.3870000000002,1944.1357936768313,1413.8533936768313,1414.6969624701537,1,30,28,70,59
30,30,35,LinearHeuristicAuction,0.2,0.04,,True,,1000,10800,cats_arbitrary_g30b150,,False,CATS,150,arbitrary,MultiMinded,1000,MaxIter,110.84000000000015,2161.8298999999997,1,1539.73,524.54999999999995,1390.8,2395.4608548842689,0,11.3306882618039,1,30,54,97,65
31,30,32,LinearHeuristicAuction,0.2,0.04,,True,,1000,10800,cats_arbitrary_g30b150,,False,CATS,150,arbitrary,MultiMinded,34,Balance,3.4899999999979627,2453.359,5,1724.13,512.56299999999999,2247.985,2256.7105965863238,1764.6501165863237,1830.1534638589746,1,30,36,75,62
32,30,34,LinearHeuristicAuction,0.2,0.04,,True,,1000,10800,cats_arbitrary_g30b150,,False,CATS,150,arbitrary,MultiMinded,1000,MaxIter,108.18999999999869,1818.8858,1,1643.98,574.70600000000002,1643.98,2244.5693434595833,0,0.0,1,30,135,101,64
33,30,33,LinearHeuristicAuction,0.2,0.04,,True,,1000,10800,cats_arbitrary_g30b150,,False,CATS,150,arbitrary,MultiMinded,1000,MaxIter,107.19000000000233,1944.8153000000002,1,1618.49,617.12249999999995,1618.49,2163.4461798707848,0,11.478352701905408,1,30,53,96,63
34,30,31,LinearHeuristicAuction,0.2,0.04,,True,,1000,10800,cats_arbitrary_g30b150,,False,CATS,150,arbitrary,MultiMinded,1000,MaxIter,106.96999999999753,2467.5019,1,2102.79,578.16200000000003,1737.43,2794.0462447483037,0,0.0,1,30,132,87,61
35,30,32,LinearHeuristicAuction,0.2,0.04,,True,,1000,10800,cats_arbitrary_g30b150,,False,CATS,150,arbitrary,MultiMinded,18,Balance,1.7999999999992724,2108.201,2,1910.3,506.57900000000001,1965.9798,2050.4187504007341,1855.393494655312,1901.4542993008145,1,30,44,66,62
36,30,35,LinearHeuristicAuction,0.2,0.04,,True,,1000,10800,cats_arbitrary_g30b150,,False,CATS,150,arbitrary,MultiMinded,1000,MaxIter,124.86000000000058,1942.8097999999998,1,1649.39,704.06799999999998,1560.07,2117.501269375342,0,12.77047579950451,1,30,46,101,65
37,30,33,LinearHeuristicAuction,0.2,0.04,,True,,1000,10800,cats_arbitrary_g30b150,,False,CATS,150,arbitrary,MultiMinded,1000,MaxIter,118.69999999999709,1975.334,1,1881.03,532.89949999999999,1778.09,2274.0518350359744,0,11.643934490178744,1,30,30,90,63
38,30,32,LinearHeuristicAuction,0.2,0.04,,True,,1000,10800,cats_arbitrary_g30b150,,False,CATS,150,arbitrary,MultiMinded,1000,MaxIter,114.11999999999898,2501.4829999999997,1,2312.06,839.32600000000002,2312.06,2702.7736065347372,0,0.0,1,30,28,87,62
39,30,34,LinearHeuristicAuction,0.2,0.04,,True,,1000,10800,cats_arbitrary_g30b150,,False,CATS,150,arbitrary,MultiMinded,1000,MaxIter,106.29999999999927,2311.536,1,2186.45,533.95749999999998,1960.78,2624.2109995875762,0,0.0,1,30,75,87,64
40,30,31,LinearHeuristicAuction,0.2,0.04,,True,,1000,10800,cats_arbitrary_g30b150,,False,CATS,150,arbitrary,MultiMinded,1000,MaxIter,109.18000000000029,1922.01,1,1548.35,753.33299999999997,1548.35,2116.0220975140714,0,11.714088629322958,1,30,51,90,61
41,30,32,LinearHeuristicAuction,0.2,0.04,,True,,1000,10800,cats_arbitrary_g30b150,,False,CATS,150,arbitrary,MultiMinded,1000,MaxIter,120.03000000000247,1899.3063,1,1626.29,567.45299999999997,1465.7,2233.9686932510072,0,11.538589567902051,1,30,41,94,62
42,30,35,LinearHeuristicAuction,0.2,0.04,,True,,1000,10800,cats_arbitrary_g30b150,,False,CATS,150,arbitrary,MultiMinded,1000,MaxIter,116.72999999999956,2374.3837000000003,1,1682.91,707.67899999999997,1567.05,2809.2991113225653,0,7.235034228198117,1,30,56,94,65
43,30,36,LinearHeuristicAuction,0.2,0.04,,True,,1000,10800,cats_arbitrary_g30b150,,False,CATS,150,arbitrary,MultiMinded,115,Balance,11.970000000001164,2385.76,1,2385.76,501.80000000000001,2385.76,2485.1216767137757,2384.7616767137756,2500.7911599729696,1,30,122,91,66
44,30,35,LinearHeuristicAuction,0.2,0.04,,True,,1000,10800,cats_arbitrary_g30b150,,False,CATS,150,arbitrary,MultiMinded,1000,MaxIter,165.38000000000102,2079.9506999999994,2,1845.76,468.2165,1899.715,2168.9368424388504,0,0.0,1,30,86,95,65
45,30,30,LinearHeuristicAuction,0.2,0.04,,True,,1000,10800,cats_arbitrary_g30b150,,False,CATS,150,arbitrary,MultiMinded,311,Balance,33.29999999999927,1973.4939,8,1684.69,518.44550000000004,1963.8501,2049.6472019621497,1273.2577962794642,1310.4382880442392,1,30,36,80,60
46,30,33,LinearHeuristicAuction,0.2,0.04,,True,,1000,10800,cats_arbitrary_g30b150,,False,CATS,150,arbitrary,MultiMinded,1000,MaxIter,113.47999999999956,2174.927,1,1703.31,577.08699999999999,1703.31,2439.1037602241045,0,47.070282944021798,1,30,37,93,63
47,30,36,LinearHeuristicAuction,0.2,0.04,,True,,1000,10800,cats_arbitrary_g30b150,,False,CATS,150,arbitrary,MultiMinded,1000,MaxIter,112.36999999999898,2134.903,1,1579.3,488.0025,1177.33,2421.3717321530044,0,21.136436296348137,1,30,45,93,66
48,30,36,LinearHeuristicAuction,0.2,0.04,,True,,1000,10800,cats_arbitrary_g30b150,,False,CATS,150,arbitrary,MultiMinded,1000,MaxIter,116.06000000000131,2120.0323,1,1723.29,500.82099999999997,1723.29,2309.6401760949652,0,0.0,1,30,128,100,66
49,30,32,LinearHeuristicAuction,0.2,0.04,,True,,1000,10800,cats_arbitrary_g30b150,,False,CATS,150,arbitrary,MultiMinded,1000,MaxIter,101.17000000000189,1825.5846,1,1448.16,458.54599999999999,1356.32,2109.9146768965211,0,0.03605035403495549,1,30,30,86,62
50,30,32,LinearHeuristicAuction,0.2,0.04,,True,,1000,10800,cats_arbitrary_g30b150,,False,CATS,150,arbitrary,MultiMinded,64,Balance,6.970000000001164,2387.589,3,2137.71,881.64700000000005,2372.596,2453.3498673685212,1924.361667368521,2262.1013200376046,1,30,97,80,62
51,30,31,LinearHeuristicAuction,0.2,0.04,,True,,1000,10800,cats_arbitrary_g30b150,,False,CATS,150,arbitrary,MultiMinded,1000,MaxIter,105.68000000000029,2404.514,1,2207.65,681.84050000000002,2207.65,2755.8995116360511,0,187.70954019261501,1,30,58,83,61
52,30,34,LinearHeuristicAuction,0.2,0.04,,True,,1000,10800,cats_arbitrary_g30b150,,False,CATS,150,arbitrary,MultiMinded,1000,MaxIter,128.1899999999987,2070.7699000000002,1,1761.92,837.09500000000003,1761.92,2306.5115675220982,0,30.722169953089988,1,30,30,100,64
53,30,34,LinearHeuristicAuction,0.2,0.04,,True,,1000,10800,cats_arbitrary_g30b150,,False,CATS,150,arbitrary,MultiMinded,65,Balance,7.389999999999418,1944.8844,7,1588.82,654.95799999999997,1944.8844,1937.3818932224472,1147.9020377914728,1245.7278512577118,1,30,31,83,64
54,30,30,LinearHeuristicAuction,0.2,0.04,,True,,1000,10800,cats_arbitrary_g30b150,,False,CATS,150,arbitrary,MultiMinded,1000,MaxIter,119.84000000000015,2678.4509,1,2281.57,746.976,1581.27,2983.6722317804192,0,28.632015882601664,1,30,37,88,60
55,30,31,LinearHeuristicAuction,0.2,0.04,,True,,1000,10800,cats_arbitrary_g30b150,,False,CATS,150,arbitrary,MultiMinded,1000,MaxIter,109.61999999999898,2211.653,1,1943.48,726.06700000000001,1943.48,2419.2738082613328,0,1.5357286039430278,1,30,30,87,61
56,30,29,LinearHeuristicAuction,0.2,0.04,,True,,1000,10800,cats_arbitrary_g30b150,,False,CATS,150,arbitrary,MultiMinded,1000,MaxIter,108.82999999999811,2093.229,1,1877.5,714.9369999999999,1679.61,2238.988822519711,0,0.0,1,30,130,80,59
57,30,31,LinearHeuristicAuction,0.2,0.04,,True,,1000,10800,cats_arbitrary_g30b150,,False,CATS,150,arbitrary,MultiMinded,1000,MaxIter,109.87999999999738,2015.9576000000002,1,1667.14,591.51199999999994,1667.14,2352.990340880895,0,0.0,1,30,80,93,61
58,30,33,LinearHeuristicAuction,0.2,0.04,,True,,1000,10800,cats_arbitrary_g30b150,,False,CATS,150,arbitrary,MultiMinded,1000,MaxIter,112.77999999999884,2213.6252,1,1937.47,893.10799999999995,1177.19,2578.0014337771095,0,0.9488323482551948,1,30,78,88,63
59,30,31,LinearHeuristicAuction,0.2,0.04,,True,,1000,10800,cats_arbitrary_g30b150,,False,CATS,150,arbitrary,MultiMinded,1000,MaxIter,115.03000000000247,2195.5229,1,1710.57,782.62599999999998,1710.57,2723.8610205495966,0,0.0,1,30,87,87,61
60,30,36,LinearHeuristicAuction,0.2,0.04,,True,,1000,10800,cats_arbitrary_g30b150,,False,CATS,150,arbitrary,MultiMinded,1000,MaxIter,116.02999999999884,1802.554,1,1574.08,671.95349999999996,1574.08,2072.7204713747424,0,0.85211382347759468,1,30,30,102,66
61,30,33,LinearHeuristicAuction,0.2,0.04,,True,,1000,10800,cats_arbitrary_g30b150,,False,CATS,150,arbitrary,MultiMinded,1000,MaxIter,118.13999999999942,1724.4375,1,1339.03,584.49199999999996,1339.03,2002.7757242570362,0,4.1187506713548316,1,30,30,92,63
62,30,36,LinearHeuristicAuction,0.2,0.04,,True,,1000,10800,cats_arbitrary_g30b150,,False,CATS,150,arbitrary,MultiMinded,1000,MaxIter,119.27000000000044,2437.0683000000004,1,1933.61,814.90999999999997,1933.61,2501.5940384271926,0,3.5245282669589955,1,30,72,95,66
63,30,34,LinearHeuristicAuction,0.2,0.04,,True,,1000,10800,cats_arbitrary_g30b150,,False,CATS,150,arbitrary,MultiMinded,1000,MaxIter,98.7599999999984,2003.24,1,2003.24,494.63999999999999,1854.74,2405.6947847645602,0,4.3836681394463994,1,30,30,89,64
64,30,34,LinearHeuristicAuction,0.2,0.04,,True,,1000,10800,cats_arbitrary_g30b150,,False,CATS,150,arbitrary,MultiMinded,1000,MaxIter,109.66999999999825,2039.0195999999999,1,1809.03,585.17600000000004,1809.03,2338.8953895462751,0,4.8924188575086873,1,30,32,94,64
65,30,36,LinearHeuristicAuction,0.2,0.04,,True,,1000,10800,cats_arbitrary_g30b150,,False,CATS,150,arbitrary,MultiMinded,398,Balance,47.289999999997235,1894.2412000000002,6,1377.42,663.9670000000001,1894.2412000000002,2093.1072167463726,1425.7632156518928,1458.2995969778769,1,30,98,104,66
66,30,33,LinearHeuristicAuction,0.2,0.04,,True,,1000,10800,cats_arbitrary_g30b150,,False,CATS,150,arbitrary,MultiMinded,1000,MaxIter,116.83000000000175,2454.29,1,2454.29,522.13300000000004,1368.0,2620.5416959859926,0,39.342465484900259,1,30,146,89,63
67,30,31,LinearHeuristicAuction,0.2,0.04,,True,,1000,10800,cats_arbitrary_g30b150,,False,CATS,150,arbitrary,MultiMinded,1000,MaxIter,111.43999999999869,2341.4958,3,2017.46,785.07600000000002,1911.1789999999999,2461.442294783606,0.0,0.82812151455837579,1,30,30,81,61
68,30,31,LinearHeuristicAuction,0.2,0.04,,True,,1000,10800,cats_arbitrary_g30b150,,False,CATS,150,arbitrary,MultiMinded,1000,MaxIter,113.84000000000015,2082.3165,1,1694.51,536.65000000000009,1644.51,2185.9657228834353,0,15.746388129981391,1,30,85,91,61
69,30,32,LinearHeuristicAuction,0.2,0.04,,True,,1000,10800,cats_arbitrary_g30b150,,False,CATS,150,arbitrary,MultiMinded,1000,MaxIter,112.52999999999884,2088.0744,1,1731.11,855.64499999999998,1731.11,2485.6238617622489,0,0.0,1,30,172,93,62
70,30,33,LinearHeuristicAuction,0.2,0.04,,True,,1000,10800,cats_arbitrary_g30b150,,False,CATS,150,arbitrary,MultiMinded,1000,MaxIter,107.9900000000016,2258.578,1,1454.94,617.26599999999996,1443.65,2634.4284627194306,0,0.3160674476399663,1,30,70,90,63
71,30,33,LinearHeuristicAuction,0.2,0.04,,True,,1000,10800,cats_arbitrary_g30b150,,False,CATS,150,arbitrary,MultiMinded,1000,MaxIter,108.93000000000029,2247.3372,1,1920.4,499.70499999999998,1920.4,2535.2908397274509,0,0.84507495583295622,1,30,58,91,63
72,30,39,LinearHeuristicAuction,0.2,0.04,,True,,1000,10800,cats_arbitrary_g30b150,,False,CATS,150,arbitrary,MultiMinded,25,Balance,2.5800000000017462,2410.0175,9,1662.34,705.94000000000005,2122.088,2482.7648937831073,1493.2182043698676,1558.63120107233,1,30,32,90,69
73,30,34,LinearHeuristicAuction,0.2,0.04,,True,,1000,10800,cats_arbitrary_g30b150,,False,CATS,150,arbitrary,MultiMinded,1000,MaxIter,107.04000000000087,2015.5892,1,1380.57,479.64299999999997,1380.57,2305.7822745728363,0,5.2210007636928566,1,30,31,90,64
74,30,36,LinearHeuristicAuction,0.2,0.04,,True,,1000,10800,cats_arbitrary_g30b150,,False,CATS,150,arbitrary,MultiMinded,1000,MaxIter,104.35999999999694,2042.097,2,1285.64,413.78699999999998,1319.8696,2257.4646337151385,0.0,6.1491540263547506,1,30,51,95,66
75,30,28,LinearHeuristicAuction,0.2,0.04,,True,,1000,10800,cats_arbitrary_g30b150,,False,CATS,150,arbitrary,MultiMinded,39,Balance,3.650000000001455,1952.3077,3,1522.4,797.30549999999994,1805.2935900000002,2052.6731800640118,1684.7280485709025,1727.1043294624651,1,30,44,59,58
76,30,35,LinearHeuristicAuction,0.2,0.04,,True,,1000,10800,cats_arbitrary_g30b150,,False,CATS,150,arbitrary,MultiMinded,1000,MaxIter,117.56999999999971,2241.3282000000004,1,1991.23,695.48000000000002,1991.23,2503.4762198554113,0,4.5584354246220826,1,30,36,92,65
77,30,29,LinearHeuristicAuction,0.2,0.04,,True,,1000,10800,cats_arbitrary_g30b150,,False,CATS,150,arbitrary,MultiMinded,1000,MaxIter,108.67000000000189,2086.98,1,1735.17,697.00749999999994,1735.17,2380.4350306566962,0,2.1290090623805042,1,30,35,93,59
78,30,34,LinearHeuristicAuction,0.2,0.04,,True,,1000,10800,cats_arbitrary_g30b150,,False,CATS,150,arbitrary,MultiMinded,112,Balance,12.559999999997672,2141.5101999999997,5,1833.54,620.51150000000007,2123.05,2277.1200814322974,1675.589696449968,1684.9618228389238,1,30,32,86,64
79,30,32,LinearHeuristicAuction,0.2,0.04,,True,,1000,10800,cats_arbitrary_g30b150,,False,CATS,150,arbitrary,MultiMinded,1000,MaxIter,120.88999999999942,2182.6516,1,1753.74,722.10699999999997,1425.19,2753.3441701711045,0,0.59834909262281144,1,30,84,95,62
80,30,31,LinearHeuristicAuction,0.2,0.04,,True,,1000,10800,cats_arbitrary_g30b150,,False,CATS,150,arbitrary,MultiMinded,1000,MaxIter,111.47000000000116,2157.0797,1,1772.89,656.88249999999994,1772.89,2442.288087201176,0,1.9728296245005481,1,30,34,93,61
81,30,31,LinearHeuristicAuction,0.2,0.04,,True,,1000,10800,cats_arbitrary_g30b150,,False,CATS,150,arbitrary,MultiMinded,1000,MaxIter,115.28000000000247,1755.3018000000002,1,1603.71,647.50199999999995,1538.61,1833.7046511185167,0,5.9943153997852594,1,30,28,83,61
82,30,34,LinearHeuristicAuction,0.2,0.04,,True,,1000,10800,cats_arbitrary_g30b150,,False,CATS,150,arbitrary,MultiMinded,1000,MaxIter,117.57999999999811,2385.8982,1,2112.36,790.75199999999995,1540.41,2473.9029973990305,0,52.501363434700352,1,30,112,93,64
83,30,32,LinearHeuristicAuction,0.2,0.04,,True,,1000,10800,cats_arbitrary_g30b150,,False,CATS,150,arbitrary,MultiMinded,1000,MaxIter,117.61000000000058,2059.99,1,1826.87,768.11400000000003,1826.87,2524.4271239505724,0,1.4300998872565742,1,30,83,89,62
84,30,33,LinearHeuristicAuction,0.2,0.04,,True,,1000,10800,cats_arbitrary_g30b150,,False,CATS,150,arbitrary,MultiMinded,1000,MaxIter,126.68000000000029,1978.9186000000002,1,1758.88,838.20399999999995,1758.88,2269.4646058134313,0,4.8678394711174207,1,30,28,93,63
85,30,33,LinearHeuristicAuction,0.2,0.04,,True,,1000,10800,cats_arbitrary_g30b150,,False,CATS,150,arbitrary,MultiMinded,1000,MaxIter,116.20000000000073,2216.0256,1,2078.55,626.62099999999998,2078.55,2498.6204387064158,0,1.008323110300239,1,30,43,93,63
86,30,31,LinearHeuristicAuction,0.2,0.04,,True,,1000,10800,cats_arbitrary_g30b150,,False,CATS,150,arbitrary,MultiMinded,1000,MaxIter,115.18999999999869,2283.532,1,1809.12,745.29950000000008,1627.75,2631.2255674964754,0,25.155392588331921,1,30,44,87,61
87,30,36,LinearHeuristicAuction,0.2,0.04,,True,,1000,10800,cats_arbitrary_g30b150,,False,CATS,150,arbitrary,MultiMinded,1000,MaxIter,102.86999999999898,2522.6901999999995,1,2032.58,563.31899999999996,1775.36,2858.0153151530312,0,13.831293736041616,1,30,41,89,66
88,30,35,LinearHeuristicAuction,0.2,0.04,,True,,1000,10800,cats_arbitrary_g30b150,,False,CATS,150,arbitrary,MultiMinded,1000,MaxIter,108.18000000000029,2265.08,1,1820.47,452.93900000000002,1764.64,2548.5066460629691,0,13.699621370053649,1,30,39,94,65
89,30,28,LinearHeuristicAuction,0.2,0.04,,True,,1000,10800,cats_arbitrary_g30b150,,False,CATS,150,arbitrary,MultiMinded,92,Balance,9.909999999999854,1895.8706000000002,5,1412.37,685.88149999999996,1698.9346,1937.7321429261756,1296.2943292085963,1384.6613133763387,1,30,119,78,58
90,30,33,LinearHeuristicAuction,0.2,0.04,,True,,1000,10800,cats_arbitrary_g30b150,,False,CATS,150,arbitrary,MultiMinded,1000,MaxIter,116.56000000000131,2397.1789,1,2224.82,593.16800000000001,2224.82,2600.4270253662512,0,8.9116865292998284,1,30,35,91,63
91,30,32,LinearHeuristicAuction,0.2,0.04,,True,,1000,10800,cats_arbitrary_g30b150,,False,CATS,150,arbitrary,MultiMinded,1000,MaxIter,103.60999999999694,2290.7259999999997,1,1825.1,529.46000000000004,1825.1,2554.7737439804705,0,16.921732187356042,1,30,51,86,62
92,30,31,LinearHeuristicAuction,0.2,0.04,,True,,1000,10800,cats_arbitrary_g30b150,,False,CATS,150,arbitrary,MultiMinded,1000,MaxIter,115.93000000000029,1880.9630000000002,1,1586.58,901.44949999999994,1586.58,2040.9798516106484,0,63.409506973575787,1,30,33,86,61
93,30,34,LinearHeuristicAuction,0.2,0.04,,True,,1000,10800,cats_arbitrary_g30b150,,False,CATS,150,arbitrary,MultiMinded,1000,MaxIter,120.70999999999913,1815.7306,1,1434.89,540.21100000000001,1434.89,1949.7694016527832,0,0.31568215895950402,1,30,90,93,64
94,30,36,LinearHeuristicAuction,0.2,0.04,,True,,1000,10800,cats_arbitrary_g30b150,,False,CATS,150,arbitrary,MultiMinded,1000,MaxIter,119.47999999999956,2435.1574,1,2127.58,687.69500000000005,2105.03,2707.3847303863254,0,7.5196070452287387,1,30,36,95,66
95,30,32,LinearHeuristicAuction,0.2,0.04,,True,,1000,10800,cats_arbitrary_g30b150,,False,CATS,150,arbitrary,MultiMinded,1000,MaxIter,124.2400000000016,2424.051,1,1933.55,792.75099999999998,1556.49,2680.9450491096222,0,0.47863737805619166,1,30,93,95,62
96,30,31,LinearHeuristicAuction,0.2,0.04,,True,,1000,10800,cats_arbitrary_g30b150,,False,CATS,150,arbitrary,MultiMinded,1000,MaxIter,123.93999999999869,1954.1625,1,1781.86,780.25699999999995,1554.48,2367.0494272587794,0,0.0,1,30,119,89,61
97,30,30,LinearHeuristicAuction,0.2,0.04,,True,,1000,10800,cats_arbitrary_g30b150,,False,CATS,150,arbitrary,MultiMinded,60,Balance,5.8400000000001455,1794.66,5,1264.09,681.495,1614.5176999999999,1768.4367982037807,1148.227738935876,1199.6342829898906,1,30,48,70,60
98,30,32,LinearHeuristicAuction,0.2,0.04,,True,,1000,10800,cats_arbitrary_g30b150,,False,CATS,150,arbitrary,MultiMinded,1000,MaxIter,119.02000000000044,2145.0272,1,2092.47,967.64100000000008,2092.47,2576.5745655067158,0,4.3808643635011322,1,30,53,91,62
99,30,29,LinearHeuristicAuction,0.2,0.04,,True,,1000,10800,cats_arbitrary_g30b150,,False,CATS,150,arbitrary,MultiMinded,1000,MaxIter,103.95999999999913,2260.297,1,2093.42,648.17449999999997,1976.5,2661.5012481977337,0,3.0298173049424122,1,30,59,80,59
100,30,37,LinearHeuristicAuction,0.2,0.04,,True,,1000,10800,cats_arbitrary_g30b150,,False,CATS,150,arbitrary,MultiMinded,1000,MaxIter,105.83999999999651,2260.7916,1,1588.66,496.72000000000003,1571.91,2423.1540844781616,0,9.0881914313203325,1,30,30,95,67
