idx,items,agents,auction_class,epsilon,stepc,epoch,scalebyvalue,reserve_type,maxiter,maxtime,generator_param_name,personalized,bidding_strategy,heuristic_pool_num,int_prices,generator,bids,distribution,type,rounds,status,runtime,efficient_value,final_num_winners,final_max_agent_value,final_scalevalue,final_value,final_total_price,final_revenue,final_indirect_util,final_price_degree,final_price_sparsity,final_imbalance,final_wd_nvars,final_wd_ncons
1,30,67,AdaptiveCuttingAuction,0.05,0.04,10,True,,1000,3600,cats_path_g30b150,True,default,2,False,CATS,150,paths,MultiMinded,191,Balance,151.17999999999302,15.606157999999997,21,1.23481,0.870313,15.606157999999997,12.010708518444201,11.096879868444203,14.710208785610916,3,55,12,206,97
2,30,63,AdaptiveCuttingAuction,0.05,0.04,10,True,,1000,3600,cats_path_g30b150,True,default,2,False,CATS,150,paths,MultiMinded,419,Balance,282.14000000001397,14.094153000000002,22,1.04283,0.78301449999999995,14.094153000000002,11.660162332563266,10.824658348858652,13.323030230319244,3,3595,29,196,93
3,30,69,AdaptiveCuttingAuction,0.05,0.04,10,True,,1000,3600,cats_path_g30b150,True,default,2,False,CATS,150,paths,MultiMinded,873,Balance,2013.6399999999558,19.941755999999998,23,1.33809,0.95683499999999999,19.941755999999998,17.414306357972315,16.313946107972317,18.919982530598215,3,4286,24,206,99
4,30,66,AdaptiveCuttingAuction,0.05,0.04,10,True,,1000,3600,cats_path_g30b150,True,default,2,False,CATS,150,paths,MultiMinded,828,Balance,2447.6300000000047,14.118885,22,0.998367,0.78126600000000002,14.087977,13.358605770198295,12.499213170198292,13.287671726600554,3,3916,25,203,96
5,30,65,AdaptiveCuttingAuction,0.05,0.04,10,True,,1000,3600,cats_path_g30b150,True,default,2,False,CATS,150,paths,MultiMinded,355,Balance,446.20999999996275,15.664620999999997,25,1.04116,0.78344400000000003,15.664620999999997,12.69223928527718,11.712934285277182,14.733918876553897,3,53,8,201,95
6,30,61,AdaptiveCuttingAuction,0.05,0.04,10,True,,1000,3600,cats_path_g30b150,True,default,2,False,CATS,150,paths,MultiMinded,366,Balance,295.63000000000466,15.723609,21,1.13448,0.79950699999999997,15.670794,13.470099776609802,12.630617426609797,14.922873409455459,3,69,13,201,91
7,30,64,AdaptiveCuttingAuction,0.05,0.04,10,True,,1000,3600,cats_path_g30b150,True,default,2,False,CATS,150,paths,MultiMinded,546,Balance,391.21999999997206,16.373429,23,1.20046,0.76909549999999993,16.373429,12.211466007796378,11.32700618279638,15.531497730743851,3,50,10,197,94
8,30,72,AdaptiveCuttingAuction,0.05,0.04,10,True,,1000,3600,cats_path_g30b150,True,default,2,False,CATS,150,paths,MultiMinded,338,Balance,548.4199999999837,16.311622,22,1.24903,0.86937299999999995,16.311622,15.697729362911772,14.741419062911776,15.400771540929885,3,70,8,213,102
9,30,60,AdaptiveCuttingAuction,0.05,0.04,10,True,,1000,3600,cats_path_g30b150,True,default,2,False,CATS,150,paths,MultiMinded,919,Balance,1958.3499999999767,14.554215,23,1.25806,0.77530200000000005,14.554215,12.871709838068114,12.010056033265277,13.742943436217452,3,3376,19,201,90
10,30,64,AdaptiveCuttingAuction,0.05,0.04,10,True,,1000,3600,cats_path_g30b150,True,default,2,False,CATS,150,paths,MultiMinded,161,Balance,152.13000000000466,15.764945999999998,23,1.20473,0.77151750000000008,15.746695999999998,13.594722648595194,12.73355966320433,14.930466236989453,3,56,21,201,94
11,30,70,AdaptiveCuttingAuction,0.05,0.04,10,True,,1000,3600,cats_path_g30b150,True,default,2,False,CATS,150,paths,MultiMinded,373,Balance,268.71999999997206,15.460275,23,1.12749,0.83722600000000003,15.460275,13.769876608861287,12.807066708861283,14.589703482237915,4,49,22,206,100
12,30,67,AdaptiveCuttingAuction,0.05,0.04,10,True,,1000,3600,cats_path_g30b150,True,default,2,False,CATS,150,paths,MultiMinded,814,Balance,2433.5900000000256,14.9714,22,1.03711,0.74539299999999997,14.970768,11.775007942900158,10.992345292900156,14.243910400096013,3,3695,30,202,97
13,30,70,AdaptiveCuttingAuction,0.05,0.04,10,True,,1000,3600,cats_path_g30b150,True,default,2,False,CATS,150,paths,MultiMinded,1000,MaxIter,2374.180000000051,13.718234000000002,25,1.05702,0.66747699999999999,13.673813000000003,11.600868163221161,10.7923010216766,12.946022564623712,3,2877,6,206,100
14,30,57,AdaptiveCuttingAuction,0.05,0.04,10,True,,1000,3600,cats_path_g30b150,True,default,2,False,CATS,150,paths,MultiMinded,602,Balance,1111.140000000014,13.5776358,21,1.27472,0.79768799999999995,13.5776358,11.056415628387192,10.240305813126016,12.82551493482023,3,3311,26,201,87
15,30,76,AdaptiveCuttingAuction,0.05,0.04,10,True,,1000,3600,cats_path_g30b150,True,default,2,False,CATS,150,paths,MultiMinded,430,Balance,790.7299999999814,19.193505000000002,24,1.29161,1.0414399999999999,19.179559000000005,17.840260260438075,16.590532260438064,18.013511518759486,3,59,10,209,106
16,30,55,AdaptiveCuttingAuction,0.05,0.04,10,True,,1000,3600,cats_path_g30b150,True,default,2,False,CATS,150,paths,MultiMinded,679,Balance,853.9799999999814,17.6371399,23,1.30608,0.92928299999999997,17.6371399,15.058098018638967,13.989422568638965,16.648442980241214,4,4567,33,193,85
17,30,60,AdaptiveCuttingAuction,0.05,0.04,10,True,,1000,3600,cats_path_g30b150,True,default,2,False,CATS,150,paths,MultiMinded,570,Balance,811.4599999999627,17.3437429,24,1.15586,0.84924900000000003,17.3437429,16.379186811368019,15.360088011368012,16.372380729266741,3,63,10,200,90
18,30,68,AdaptiveCuttingAuction,0.05,0.04,10,True,,1000,3600,cats_path_g30b150,True,default,2,False,CATS,150,paths,MultiMinded,659,Balance,1306.4799999999814,16.532421,23,1.15917,0.79773499999999997,16.532421,14.573250370081517,13.655855120081512,15.666179017749402,2,2726,21,206,98
19,30,84,AdaptiveCuttingAuction,0.05,0.04,10,True,,1000,3600,cats_path_g30b150,True,default,2,False,CATS,150,paths,MultiMinded,145,Balance,123.60000000003492,16.550685,22,1.19703,0.78075050000000001,16.550685,13.820292608623459,12.991620984251075,15.769500674118589,2,39,10,225,114
20,30,57,AdaptiveCuttingAuction,0.05,0.04,10,True,,1000,3600,cats_path_g30b150,True,default,2,False,CATS,150,paths,MultiMinded,1000,MaxIter,1670.710000000021,11.988608000000001,22,0.830201,0.65249500000000005,11.988608,10.626141975353299,9.9083974753532971,11.423141240871169,4,3197,1,201,87
21,30,76,AdaptiveCuttingAuction,0.05,0.04,10,True,,1000,3600,cats_path_g30b150,True,default,2,False,CATS,150,paths,MultiMinded,358,Balance,945.5500000000466,16.346269,23,1.16216,0.87333000000000005,16.346269,14.324685982894163,13.320356482894164,15.395488037160739,3,4190,18,214,106
22,30,62,AdaptiveCuttingAuction,0.05,0.04,10,True,,1000,3600,cats_path_g30b150,True,default,2,False,CATS,150,paths,MultiMinded,276,Balance,328.0100000000093,11.899390499999999,24,1.11701,0.58296099999999995,11.899390499999999,9.0822830042826137,8.4343928096208405,11.255951267969298,3,55,11,198,92
23,30,61,AdaptiveCuttingAuction,0.05,0.04,10,True,,1000,3600,cats_path_g30b150,True,default,2,False,CATS,150,paths,MultiMinded,840,MaxTime,3609.070000000007,17.460715,23,1.27766,0.872475,16.991135800000002,14.155561093788616,12.982723098334882,16.860121074911262,4,3388,24,197,91
24,30,72,AdaptiveCuttingAuction,0.05,0.04,10,True,,1000,3600,cats_path_g30b150,True,default,2,False,CATS,150,paths,MultiMinded,569,Balance,419.0899999999674,16.551633999999996,22,1.24587,0.733267,16.551633999999996,14.449124372854794,13.649863342854797,15.799603789250373,3,56,16,211,102
25,30,66,AdaptiveCuttingAuction,0.05,0.04,10,True,,1000,3600,cats_path_g30b150,True,default,2,False,CATS,150,paths,MultiMinded,533,Balance,331.9000000000233,15.951057999999998,26,1.21778,0.74724500000000005,15.951057999999998,12.802355517978061,11.859796903633731,15.021767948853462,4,46,8,200,96
26,30,71,AdaptiveCuttingAuction,0.05,0.04,10,True,,1000,3600,cats_path_g30b150,True,default,2,False,CATS,150,paths,MultiMinded,1000,MaxIter,1960.0200000000186,18.600379,21,1.35655,1.0506500000000001,18.181399000000003,15.698386674661345,12.878066884850309,15.874179500000002,3,3700,15,208,101
27,30,65,AdaptiveCuttingAuction,0.05,0.04,10,True,,1000,3600,cats_path_g30b150,True,default,2,False,CATS,150,paths,MultiMinded,1000,MaxIter,1716.219999999972,15.208365,22,1.24835,0.71721100000000004,15.122470999999999,12.566463065814855,11.777530965814849,14.490689008189545,3,3383,19,199,95
28,30,68,AdaptiveCuttingAuction,0.05,0.04,10,True,,1000,3600,cats_path_g30b150,True,default,2,False,CATS,150,paths,MultiMinded,1000,MaxIter,2138.0400000000373,14.86174,21,1.33611,1.01847,14.6162131,12.691523518150964,11.711740168639107,13.924925954616786,4,4831,11,209,98
29,30,58,AdaptiveCuttingAuction,0.05,0.04,10,True,,1000,3600,cats_path_g30b150,True,default,2,False,CATS,150,paths,MultiMinded,274,Balance,293.10999999998603,11.257909999999999,22,0.8594,0.57639300000000004,11.247148999999999,9.1934298891711972,8.5935027302020277,10.705977057373001,4,67,20,196,88
30,30,65,AdaptiveCuttingAuction,0.05,0.04,10,True,,1000,3600,cats_path_g30b150,True,default,2,False,CATS,150,paths,MultiMinded,483,Balance,550.5200000000186,12.752407,21,1.05004,0.71123899999999995,12.752407,10.831475119244676,10.093031055853661,12.054614521284226,3,4160,22,205,95
31,30,58,AdaptiveCuttingAuction,0.05,0.04,10,True,,1000,3600,cats_path_g30b150,True,default,2,False,CATS,150,paths,MultiMinded,234,Balance,270.38000000000466,13.4727089,20,1.18366,0.86047800000000008,13.4727089,11.975103093104936,11.114625093104943,12.657608758421011,4,71,5,198,88
32,30,79,AdaptiveCuttingAuction,0.05,0.04,10,True,,1000,3600,cats_path_g30b150,True,default,2,False,CATS,150,paths,MultiMinded,780,MaxTime,3620.539999999979,17.626487,22,1.11283,0.85035499999999997,17.221330000000002,14.260526520920415,13.386449633940872,16.85711030118307,4,4751,13,216,109
33,30,66,AdaptiveCuttingAuction,0.05,0.04,10,True,,1000,3600,cats_path_g30b150,True,default,2,False,CATS,150,paths,MultiMinded,1000,MaxIter,2768.2999999999884,13.562479100000003,23,1.17658,0.71348500000000004,13.443487099999999,12.706925838563548,11.886418088563554,12.80749190424268,3,3636,11,207,96
34,30,59,AdaptiveCuttingAuction,0.05,0.04,10,True,,1000,3600,cats_path_g30b150,True,default,2,False,CATS,150,paths,MultiMinded,381,Balance,210.04000000003725,15.543004,19,1.16304,0.84088200000000002,15.543004,13.627061717734174,12.828223817734171,14.77659483217735,3,59,15,199,89
35,30,61,AdaptiveCuttingAuction,0.05,0.04,10,True,,1000,3600,cats_path_g30b150,True,default,2,False,CATS,150,paths,MultiMinded,932,Balance,1055.960000000021,18.943085999999997,23,1.32614,0.92471499999999995,18.943085999999997,16.589135750463736,15.525713500463743,17.974085597076105,3,50,10,200,91
36,30,75,AdaptiveCuttingAuction,0.05,0.04,10,True,,1000,3600,cats_path_g30b150,True,default,2,False,CATS,150,paths,MultiMinded,730,MaxTime,3626.0100000000093,15.257448999999998,24,1.04514,0.73463400000000001,14.989517,14.399758787410603,11.304026256905852,12.304420455511206,3,3689,18,214,105
37,30,73,AdaptiveCuttingAuction,0.05,0.04,10,True,,1000,3600,cats_path_g30b150,True,default,2,False,CATS,150,paths,MultiMinded,670,MaxTime,3674.8400000000256,19.314383000000003,24,1.26724,0.81503800000000004,19.138213,16.220945422574392,15.242899822574392,18.405942642325382,3,4249,22,205,103
38,30,69,AdaptiveCuttingAuction,0.05,0.04,10,True,,1000,3600,cats_path_g30b150,True,default,2,False,CATS,150,paths,MultiMinded,704,Balance,1040.6299999999464,17.06102,22,1.26197,0.80889699999999998,17.06102,14.634727309716506,13.77618160152938,16.254532229010017,3,4226,17,207,99
39,30,64,AdaptiveCuttingAuction,0.05,0.04,10,True,,1000,3600,cats_path_g30b150,True,default,2,False,CATS,150,paths,MultiMinded,193,Balance,206.79999999998836,18.017829999999996,22,1.46956,1.00953,18.010775099999993,15.225543688087765,14.122977291526377,16.991175538599684,3,3456,14,201,94
40,30,70,AdaptiveCuttingAuction,0.05,0.04,10,True,,1000,3600,cats_path_g30b150,True,default,2,False,CATS,150,paths,MultiMinded,1000,MaxIter,1002.0800000000163,16.415451,22,1.33618,0.79276899999999995,16.336926000000002,15.182662834437586,14.310616934437588,15.661686318660841,3,4131,5,208,100
41,30,62,AdaptiveCuttingAuction,0.05,0.04,10,True,,1000,3600,cats_path_g30b150,True,default,2,False,CATS,150,paths,MultiMinded,1000,MaxIter,746.429999999993,15.767216000000001,22,1.27329,0.81440000000000001,15.6512352,12.275448845836916,11.08783747712779,14.708659000000001,3,2982,23,201,92
42,30,66,AdaptiveCuttingAuction,0.05,0.04,10,True,,1000,3600,cats_path_g30b150,True,default,2,False,CATS,150,paths,MultiMinded,406,Balance,1189.1199999999953,14.387081000000002,23,1.10378,0.674543,14.387081000000004,12.560783153472331,11.785058703472327,13.65163621678974,3,3385,14,205,96
43,30,57,AdaptiveCuttingAuction,0.05,0.04,10,True,,1000,3600,cats_path_g30b150,True,default,2,False,CATS,150,paths,MultiMinded,1000,MaxIter,462.5,12.78674,22,1.092,0.74160349999999997,12.677862,11.079767291649564,10.264003441649567,12.080597124881381,3,2636,2,196,87
44,30,67,AdaptiveCuttingAuction,0.05,0.04,10,True,,1000,3600,cats_path_g30b150,True,default,2,False,CATS,150,paths,MultiMinded,256,Balance,200.88000000000466,14.327095000000002,24,1.04382,0.66583400000000004,14.325230000000001,11.565796089448501,10.766795289448503,13.576639447052491,4,58,19,197,97
45,30,80,AdaptiveCuttingAuction,0.05,0.04,10,True,,1000,3600,cats_path_g30b150,True,default,2,False,CATS,150,paths,MultiMinded,455,Balance,596.7700000000186,13.769805999999999,24,1.20458,0.66948099999999999,13.769805999999999,11.018720166450027,10.245238489980091,13.02755574094224,3,53,6,218,110
46,30,62,AdaptiveCuttingAuction,0.05,0.04,10,True,,1000,3600,cats_path_g30b150,True,default,2,False,CATS,150,paths,MultiMinded,565,Balance,2233.929999999993,17.982688000000003,26,1.47628,0.89541199999999999,17.982688000000003,14.56861694411587,13.404581344115876,16.867501535308282,3,3615,7,200,92
47,30,50,AdaptiveCuttingAuction,0.05,0.04,10,True,,1000,3600,cats_path_g30b150,True,default,2,False,CATS,150,paths,MultiMinded,1000,MaxIter,2226.140000000014,14.4709692,18,1.15255,0.87777400000000005,14.354142000000001,11.559442349108494,9.8136334337164612,12.986066956646299,3,2957,24,190,80
48,30,56,AdaptiveCuttingAuction,0.05,0.04,10,True,,1000,3600,cats_path_g30b150,True,default,2,False,CATS,150,paths,MultiMinded,887,Balance,1181.0499999999884,19.863466000000003,20,1.39092,0.99550399999999994,19.863466000000003,15.762522318959103,14.767018318959112,18.927672152355875,3,2354,15,191,86
49,30,59,AdaptiveCuttingAuction,0.05,0.04,10,True,,1000,3600,cats_path_g30b150,True,default,2,False,CATS,150,paths,MultiMinded,183,Balance,502.37000000005355,12.83722,18,1.27931,0.83850000000000002,12.813896,11.077049871615026,10.364324871615022,12.245708909429313,3,2788,41,196,89
50,30,72,AdaptiveCuttingAuction,0.05,0.04,10,True,,1000,3600,cats_path_g30b150,True,default,2,False,CATS,150,paths,MultiMinded,832,Balance,1465.149999999965,14.769329999999997,20,1.31494,0.719059,14.769329999999997,12.173460172997487,11.46408773985454,14.108078749812449,4,4330,14,209,102
51,30,72,AdaptiveCuttingAuction,0.05,0.04,10,True,,1000,3600,cats_path_g30b150,True,default,2,False,CATS,150,paths,MultiMinded,329,Balance,364.7399999999907,16.073219,25,1.09244,0.793798,16.073219,13.943064870096915,12.950817370096912,15.097121084617184,3,53,17,211,102
52,30,53,AdaptiveCuttingAuction,0.05,0.04,10,True,,1000,3600,cats_path_g30b150,True,default,2,False,CATS,150,paths,MultiMinded,485,Balance,434.7399999999907,12.6877335,20,1.34175,0.74289899999999998,12.6877335,10.552275553616603,9.8093765536166018,11.995799229439324,3,69,16,193,83
53,30,69,AdaptiveCuttingAuction,0.05,0.04,10,True,,1000,3600,cats_path_g30b150,True,default,2,False,CATS,150,paths,MultiMinded,455,Balance,562.390000000014,18.740910999999997,21,1.16684,0.90905150000000001,18.740910999999997,14.257267306123834,13.30276323112383,17.831908249712036,3,3259,2,204,99
54,30,63,AdaptiveCuttingAuction,0.05,0.04,10,True,,1000,3600,cats_path_g30b150,True,default,2,False,CATS,150,paths,MultiMinded,877,Balance,887.7599999999511,15.541510000000004,24,1.41102,0.83414200000000005,15.536673000000002,14.36429460664602,13.36332420664602,14.565025679641721,4,62,23,202,93
55,30,79,AdaptiveCuttingAuction,0.05,0.04,10,True,,1000,3600,cats_path_g30b150,True,default,2,False,CATS,150,paths,MultiMinded,361,Balance,554.539999999979,15.979884000000002,23,1.1263,0.85292049999999997,15.979884000000002,15.045671019986724,14.064812444986728,15.032420357909309,4,59,6,220,109
56,30,75,AdaptiveCuttingAuction,0.05,0.04,10,True,,1000,3600,cats_path_g30b150,True,default,2,False,CATS,150,paths,MultiMinded,461,Balance,1160.4500000000116,18.432461999999994,24,1.25637,0.86360099999999995,18.432461999999994,15.135039339634091,14.170933938907613,17.531212396456318,3,3753,22,210,105
57,30,69,AdaptiveCuttingAuction,0.05,0.04,10,True,,1000,3600,cats_path_g30b150,True,default,2,False,CATS,150,paths,MultiMinded,839,Balance,663.8299999999581,21.377306399999995,22,1.41831,1.0310999999999999,21.377306399999995,17.432603830394445,16.298393830394442,20.299560358467335,3,47,19,203,99
58,30,55,AdaptiveCuttingAuction,0.05,0.04,10,True,,1000,3600,cats_path_g30b150,True,default,2,False,CATS,150,paths,MultiMinded,530,Balance,747.5,12.959700999999999,20,1.39908,0.69830300000000001,12.959700999999999,11.197115057630809,10.525781719164859,12.349687022539898,3,3577,31,194,85
59,30,62,AdaptiveCuttingAuction,0.05,0.04,10,True,,1000,3600,cats_path_g30b150,True,default,2,False,CATS,150,paths,MultiMinded,202,Balance,120.56999999994878,11.245693,21,0.937523,0.59201349999999997,11.245080999999999,8.6436596368312273,8.0516461368312253,10.68699833882852,3,42,11,200,92
60,30,62,AdaptiveCuttingAuction,0.05,0.04,10,True,,1000,3600,cats_path_g30b150,True,default,2,False,CATS,150,paths,MultiMinded,247,Balance,289.46000000002095,16.295090999999996,21,1.36668,0.91428500000000001,16.295090999999996,14.147498698456175,13.220464649480203,15.445568984171439,3,66,17,203,92
61,30,65,AdaptiveCuttingAuction,0.05,0.04,10,True,,1000,3600,cats_path_g30b150,True,default,2,False,CATS,150,paths,MultiMinded,347,Balance,169.30000000004657,12.734226999999999,21,1.10066,0.73527699999999996,12.734226999999999,10.212760349238607,9.4691171601734343,12.041043111858922,3,45,14,201,95
62,30,74,AdaptiveCuttingAuction,0.05,0.04,10,True,,1000,3600,cats_path_g30b150,True,default,2,False,CATS,150,paths,MultiMinded,154,Balance,117.44000000000233,15.189660000000002,23,1.07901,0.72534500000000002,15.189660000000002,11.087120392995086,10.289240892995085,14.443415270039708,3,41,12,210,104
63,30,57,AdaptiveCuttingAuction,0.05,0.04,10,True,,1000,3600,cats_path_g30b150,True,default,2,False,CATS,150,paths,MultiMinded,434,Balance,403.79999999998836,15.812223,20,1.17468,0.85123000000000004,15.812223,14.594676379845101,13.743446379845105,15.031251366025709,4,3649,27,197,87
64,30,65,AdaptiveCuttingAuction,0.05,0.04,10,True,,1000,3600,cats_path_g30b150,True,default,2,False,CATS,150,paths,MultiMinded,158,Balance,157.78999999997905,14.256674000000002,22,1.1464,0.76940900000000001,14.256674000000002,12.287384791136866,11.470750788549948,13.517070979518147,3,60,14,202,95
65,30,75,AdaptiveCuttingAuction,0.05,0.04,10,True,,1000,3600,cats_path_g30b150,True,default,2,False,CATS,150,paths,MultiMinded,263,Balance,217.65000000002328,14.689584000000002,22,1.20503,0.79890700000000003,14.689584000000002,13.429904224850594,12.551106524850594,13.848304498662854,3,3382,19,210,105
66,30,64,AdaptiveCuttingAuction,0.05,0.04,10,True,,1000,3600,cats_path_g30b150,True,default,2,False,CATS,150,paths,MultiMinded,215,Balance,188.63000000000466,15.318505000000002,23,1.13026,0.77133499999999999,15.318505000000002,13.542522311189769,12.655487061189776,14.471996892207075,2,37,7,196,94
67,30,65,AdaptiveCuttingAuction,0.05,0.04,10,True,,1000,3600,cats_path_g30b150,True,default,2,False,CATS,150,paths,MultiMinded,357,Balance,408.9400000000023,17.19162,21,1.36208,0.868533,17.19162,14.915638374422548,14.00367872442254,16.323739724131386,3,58,12,203,95
68,30,62,AdaptiveCuttingAuction,0.05,0.04,10,True,,1000,3600,cats_path_g30b150,True,default,2,False,CATS,150,paths,MultiMinded,456,Balance,271.8300000000163,16.58045,24,1.1806,0.75433449999999991,16.573523599999998,8.4585807726701692,7.6671168091412536,15.831095201763169,3,46,17,196,92
69,30,69,AdaptiveCuttingAuction,0.05,0.04,10,True,,1000,3600,cats_path_g30b150,True,default,2,False,CATS,150,paths,MultiMinded,894,Balance,2611.0599999999977,16.94247,26,1.39982,0.781829,16.933115,15.358369005706949,14.341991305706939,15.966361731179973,3,63,16,205,99
70,30,69,AdaptiveCuttingAuction,0.05,0.04,10,True,,1000,3600,cats_path_g30b150,True,default,2,False,CATS,150,paths,MultiMinded,358,Balance,368.8499999999767,15.6214981,22,1.25374,0.86018899999999998,15.6214981,12.920660221190207,12.00767429816197,14.784046149062087,3,3450,28,207,99
71,30,72,AdaptiveCuttingAuction,0.05,0.04,10,True,,1000,3600,cats_path_g30b150,True,default,2,False,CATS,150,paths,MultiMinded,479,Balance,1715.820000000007,18.0902305,23,1.22443,0.96304999999999996,18.081252,16.577831668557213,15.507518814062625,17.139986304649852,3,4201,36,212,102
72,30,71,AdaptiveCuttingAuction,0.05,0.04,10,True,,1000,3600,cats_path_g30b150,True,default,2,False,CATS,150,paths,MultiMinded,1000,MaxIter,1600.5100000000093,14.262129000000002,25,1.12549,0.60241199999999995,14.262129000000002,12.196649283018978,11.443634283018977,13.647577509075862,3,3053,13,206,101
73,30,61,AdaptiveCuttingAuction,0.05,0.04,10,True,,1000,3600,cats_path_g30b150,True,default,2,False,CATS,150,paths,MultiMinded,551,Balance,860.0800000000163,16.416352,20,1.29762,0.90387399999999996,16.416352,14.103911740615324,13.234946907337251,15.591107674227867,4,3489,3,203,91
74,30,65,AdaptiveCuttingAuction,0.05,0.04,10,True,,1000,3600,cats_path_g30b150,True,default,2,False,CATS,150,paths,MultiMinded,682,Balance,1060.5299999999697,10.025623,22,0.812177,0.53816299999999995,10.025623,9.1140548066579399,8.5220755066579397,9.4708556683684808,4,4622,23,205,95
75,30,69,AdaptiveCuttingAuction,0.05,0.04,10,True,,1000,3600,cats_path_g30b150,True,default,2,False,CATS,150,paths,MultiMinded,574,Balance,1461.9199999999837,15.321485,25,1.30411,0.789794,15.321485,13.701432003841013,12.714189503841011,14.384367649734546,3,4078,16,205,99
76,30,66,AdaptiveCuttingAuction,0.05,0.04,10,True,,1000,3600,cats_path_g30b150,True,default,2,False,CATS,150,paths,MultiMinded,1000,MaxIter,1228.0499999999884,17.565949,23,1.39796,0.82384800000000002,17.464696,15.364408589453888,13.94124306290615,16.391923138014107,4,64,13,202,96
77,30,71,AdaptiveCuttingAuction,0.05,0.04,10,True,,1000,3600,cats_path_g30b150,True,default,2,False,CATS,150,paths,MultiMinded,642,Balance,558.6300000000047,17.445843,25,1.28117,0.83980299999999997,17.409083,14.454413230797957,13.404659480797953,16.436740296932161,3,46,11,207,101
78,30,77,AdaptiveCuttingAuction,0.05,0.04,10,True,,1000,3600,cats_path_g30b150,True,default,2,False,CATS,150,paths,MultiMinded,1000,MaxIter,1599.429999999993,17.835809,23,1.27923,0.84794999999999998,17.755979,16.207173830769417,15.23203133076942,16.928257882391559,3,3701,16,215,107
79,30,71,AdaptiveCuttingAuction,0.05,0.04,10,True,,1000,3600,cats_path_g30b150,True,default,2,False,CATS,150,paths,MultiMinded,1000,MaxIter,2804.929999999993,15.251795000000001,23,1.08004,0.77857100000000001,15.163279000000001,14.011026980701448,13.115670330701455,14.438621340421857,3,5258,16,211,101
80,30,67,AdaptiveCuttingAuction,0.05,0.04,10,True,,1000,3600,cats_path_g30b150,True,default,2,False,CATS,150,paths,MultiMinded,1000,MaxIter,2279.8300000000163,21.216326000000002,23,1.34186,1.05186,20.691954000000003,18.749725499729021,15.829269000075664,18.510434238415428,3,2910,15,205,97
81,30,68,AdaptiveCuttingAuction,0.05,0.04,10,True,,1000,3600,cats_path_g30b150,True,default,2,False,CATS,150,paths,MultiMinded,1000,MaxIter,1557.8499999999767,14.454433000000002,20,1.14794,0.83136399999999999,14.445542000000001,11.100179083855107,10.30340085300667,13.808326424320246,3,3772,20,205,98
82,30,64,AdaptiveCuttingAuction,0.05,0.04,10,True,,1000,3600,cats_path_g30b150,True,default,2,False,CATS,150,paths,MultiMinded,424,Balance,459.0899999999674,14.456647999999998,23,1.03149,0.62555099999999997,14.456647999999998,11.451758854057763,10.762790568364961,13.805337126149979,3,3204,9,202,94
83,30,64,AdaptiveCuttingAuction,0.05,0.04,10,True,,1000,3600,cats_path_g30b150,True,default,2,False,CATS,150,paths,MultiMinded,215,Balance,165.44000000000233,15.243575000000002,22,1.11077,0.82948200000000005,15.243575000000002,14.078553058493641,13.166122858493639,14.383351015578112,3,53,11,204,94
84,30,55,AdaptiveCuttingAuction,0.05,0.04,10,True,,1000,3600,cats_path_g30b150,True,default,2,False,CATS,150,paths,MultiMinded,1000,MaxIter,1315.780000000028,10.829593,17,1.04035,0.60557799999999995,10.757904,9.5061511730023955,8.3029698207704996,9.6850416192369444,4,2975,41,198,85
85,30,70,AdaptiveCuttingAuction,0.05,0.04,10,True,,1000,3600,cats_path_g30b150,True,default,2,False,CATS,150,paths,MultiMinded,970,MaxTime,3607.069999999949,17.838826,22,1.20482,0.99917599999999995,17.793254000000005,15.268340664930127,13.898779425901955,16.676126733712572,3,3791,19,209,100
86,30,63,AdaptiveCuttingAuction,0.05,0.04,10,True,,1000,3600,cats_path_g30b150,True,default,2,False,CATS,150,paths,MultiMinded,451,Balance,1385.7299999999814,14.348480000000002,21,1.12303,0.66461599999999998,14.346822000000001,12.273734399579368,11.575887599579366,13.686435645576935,3,3351,20,206,93
87,30,64,AdaptiveCuttingAuction,0.05,0.04,10,True,,1000,3600,cats_path_g30b150,True,default,2,False,CATS,150,paths,MultiMinded,186,Balance,150.28999999997905,15.876268000000007,21,1.16618,0.92069400000000001,15.876268000000007,11.409987333550029,10.478990003584807,14.988824333840409,3,54,20,202,94
88,30,76,AdaptiveCuttingAuction,0.05,0.04,10,True,,1000,3600,cats_path_g30b150,True,default,2,False,CATS,150,paths,MultiMinded,467,Balance,964.0499999999884,20.508544000000004,20,1.50963,0.97545999999999999,20.506964000000004,15.554843054465241,14.579383054465236,19.5747578106084,3,3810,36,217,106
89,30,72,AdaptiveCuttingAuction,0.05,0.04,10,True,,1000,3600,cats_path_g30b150,True,default,2,False,CATS,150,paths,MultiMinded,597,Balance,1429.9899999999907,16.188547,22,1.37467,0.81535500000000005,16.188547,14.845497155899963,13.948606655899958,15.387631963828881,4,4393,23,214,102
90,30,54,AdaptiveCuttingAuction,0.05,0.04,10,True,,1000,3600,cats_path_g30b150,True,default,2,False,CATS,150,paths,MultiMinded,874,Balance,1266.5,12.251615099999999,22,0.821456,0.64283100000000004,12.251615099999999,9.191263253336718,8.558630866118671,11.658443352128712,3,3132,17,191,84
91,30,66,AdaptiveCuttingAuction,0.05,0.04,10,True,,1000,3600,cats_path_g30b150,True,default,2,False,CATS,150,paths,MultiMinded,528,Balance,370.8300000000163,13.249561,20,1.08687,0.77222100000000005,13.242621999999999,11.017236538460736,10.245015538460734,12.523656832563901,2,2377,11,205,96
92,30,57,AdaptiveCuttingAuction,0.05,0.04,10,True,,1000,3600,cats_path_g30b150,True,default,2,False,CATS,150,paths,MultiMinded,380,Balance,246.34999999997672,12.038590999999998,21,0.968649,0.65237100000000003,12.038590999999998,9.8546157643392718,9.1696262143392762,11.390846056973828,3,40,10,189,87
93,30,62,AdaptiveCuttingAuction,0.05,0.04,10,True,,1000,3600,cats_path_g30b150,True,default,2,False,CATS,150,paths,MultiMinded,1000,MaxIter,2700.569999999949,16.059345,21,1.15822,0.86252099999999998,15.869199000000002,12.310935096620153,11.434154551100889,15.274654742619232,3,2932,2,198,92
94,30,68,AdaptiveCuttingAuction,0.05,0.04,10,True,,1000,3600,cats_path_g30b150,True,default,2,False,CATS,150,paths,MultiMinded,303,Balance,329.53999999997905,17.743863,20,1.39576,0.98003499999999999,17.735096999999996,16.857641982693455,15.877606982693447,16.883769973045816,3,4965,32,210,98
95,30,64,AdaptiveCuttingAuction,0.05,0.04,10,True,,1000,3600,cats_path_g30b150,True,default,2,False,CATS,150,paths,MultiMinded,389,Balance,226.77999999996973,15.467591,27,0.907099,0.58233449999999998,15.467591,10.806460839134365,10.052986881066317,14.721614615692548,2,36,14,194,94
96,30,57,AdaptiveCuttingAuction,0.05,0.04,10,True,,1000,3600,cats_path_g30b150,True,default,2,False,CATS,150,paths,MultiMinded,968,Balance,1098.9099999999744,9.8668957,17,1.02137,0.65189799999999998,9.866895699999999,8.8849406034003415,8.3308273034003388,9.3533676143922424,4,2973,19,201,87
97,30,55,AdaptiveCuttingAuction,0.05,0.04,10,True,,1000,3600,cats_path_g30b150,True,default,2,False,CATS,150,paths,MultiMinded,474,Balance,500.54000000003725,12.714137000000001,20,1.1671,0.73047649999999997,12.705234999999998,10.86405984015418,10.161795597531816,12.053531858308922,3,65,10,195,85
98,30,61,AdaptiveCuttingAuction,0.05,0.04,10,True,,1000,3600,cats_path_g30b150,True,default,2,False,CATS,150,paths,MultiMinded,510,Balance,858.0,17.221063000000004,21,1.28051,0.90821799999999997,17.18104,16.479732620194508,15.5261037201945,16.353398752629239,4,3736,37,201,91
99,30,71,AdaptiveCuttingAuction,0.05,0.04,10,True,,1000,3600,cats_path_g30b150,True,default,2,False,CATS,150,paths,MultiMinded,454,Balance,615.640000000014,16.835101,22,1.27222,0.965194,16.822730999999997,16.012166559441674,14.950453159441684,15.807851527118808,3,3130,1,211,101
100,30,69,AdaptiveCuttingAuction,0.05,0.04,10,True,,1000,3600,cats_path_g30b150,True,default,2,False,CATS,150,paths,MultiMinded,200,Balance,107.1699999999837,11.185935,23,0.872955,0.55562999999999996,11.185935,8.5451405905474065,7.9061660905474112,10.583042034876522,3,41,10,201,99
