idx,items,agents,auction_class,epsilon,stepc,epoch,scalebyvalue,reserve_type,maxiter,maxtime,generator_param_name,personalized,bidding_strategy,heuristic_pool_num,int_prices,generator,bids,distribution,type,rounds,status,runtime,efficient_value,final_num_winners,final_max_agent_value,final_scalevalue,final_value,final_total_price,final_revenue,final_indirect_util,final_price_degree,final_price_sparsity,final_imbalance,final_wd_nvars,final_wd_ncons
1,30,67,LinearSubgradientAuction,0.05,0.02,,True,,1000,3600,cats_path_g30b150,,heuristic,3,False,CATS,150,paths,MultiMinded,1000,MaxIter,2960.970000000001,15.606157999999997,12,1.23481,0.870313,10.538364,16.837430106117189,1.7698380552427604,8.4444827603696861,1,29,21,4020,5993
2,30,63,LinearSubgradientAuction,0.05,0.02,,True,,1000,3600,cats_path_g30b150,,heuristic,3,False,CATS,150,paths,MultiMinded,1000,MaxIter,2703.5800000000163,14.094153000000002,13,1.04283,0.78301449999999995,6.137943000000001,20.146627256991639,0.093293747455162224,6.9788055218859508,1,29,27,3780,5637
3,30,69,LinearSubgradientAuction,0.05,0.02,,True,,1000,3600,cats_path_g30b150,,heuristic,3,False,CATS,150,paths,MultiMinded,1000,MaxIter,3142.459999999992,19.941755999999998,16,1.33809,0.95683499999999999,10.400546,23.089222725719324,1.9303808857808735,11.565480904446199,1,30,23,4209,6309
4,30,66,LinearSubgradientAuction,0.05,0.02,,True,,1000,3600,cats_path_g30b150,,heuristic,3,False,CATS,150,paths,MultiMinded,1000,MaxIter,2931.8000000000175,14.118885,15,0.998367,0.78126600000000002,9.969513000000001,17.276189208201821,3.5882956771185719,9.6069897819937111,1,30,11,4026,6036
5,30,65,LinearSubgradientAuction,0.05,0.02,,True,,1000,3600,cats_path_g30b150,,heuristic,3,False,CATS,150,paths,MultiMinded,1000,MaxIter,2933.460000000021,15.664620999999997,17,1.04116,0.78344400000000003,11.514691000000001,18.839699733907764,3.1112164777034548,9.9048889645191966,1,30,18,3965,5945
6,30,61,LinearSubgradientAuction,0.05,0.02,,True,,1000,3600,cats_path_g30b150,,heuristic,3,False,CATS,150,paths,MultiMinded,1000,MaxIter,2690.5599999999977,15.723609,12,1.13448,0.79950699999999997,8.913142,19.62340168867701,1.9085771697216691,11.144409510977837,1,30,20,3721,5581
7,30,64,LinearSubgradientAuction,0.05,0.02,,True,,1000,3600,cats_path_g30b150,,heuristic,3,False,CATS,150,paths,MultiMinded,1000,MaxIter,2876.25,16.373429,16,1.20046,0.76909549999999993,10.139638000000001,17.764812276730073,2.6866231810601455,10.308249064824849,1,30,18,3904,5854
8,30,72,LinearSubgradientAuction,0.05,0.02,,True,,1000,3600,cats_path_g30b150,,heuristic,3,False,CATS,150,paths,MultiMinded,1000,MaxIter,3268.070000000007,16.311622,15,1.24903,0.86937299999999995,10.369145000000001,20.082087804830877,4.822798113867961,9.5620356981927639,1,30,22,4392,6582
9,30,60,LinearSubgradientAuction,0.05,0.02,,True,,1000,3600,cats_path_g30b150,,heuristic,3,False,CATS,150,paths,MultiMinded,1000,MaxIter,2601.109999999986,14.554215,17,1.25806,0.77530200000000005,10.550433,16.611451584227574,4.0040638381594773,8.6170404813655459,1,29,16,3600,5370
10,30,64,LinearSubgradientAuction,0.05,0.02,,True,,1000,3600,cats_path_g30b150,,heuristic,3,False,CATS,150,paths,MultiMinded,1000,MaxIter,2791.2000000000116,15.764945999999998,16,1.20473,0.77151750000000008,10.337585,18.797038889452789,2.7405175862167153,11.918501838204328,1,29,17,3840,5726
11,30,70,LinearSubgradientAuction,0.05,0.02,,True,,1000,3600,cats_path_g30b150,,heuristic,3,False,CATS,150,paths,MultiMinded,1000,MaxIter,3171.0199999999895,15.460275,12,1.12749,0.83722600000000003,6.826715,19.327235494828702,2.9878601923218753,7.5459706865116001,1,30,27,4270,6400
12,30,67,LinearSubgradientAuction,0.05,0.02,,True,,1000,3600,cats_path_g30b150,,heuristic,3,False,CATS,150,paths,MultiMinded,1000,MaxIter,2941.109999999986,14.9714,18,1.03711,0.74539299999999997,11.300917,15.844121973528928,1.973717131676352,10.811978769344766,1,29,17,4020,5993
13,30,70,LinearSubgradientAuction,0.05,0.02,,True,,1000,3600,cats_path_g30b150,,heuristic,3,False,CATS,150,paths,MultiMinded,1000,MaxIter,3073.6600000000035,13.718234000000002,18,1.05702,0.66747699999999999,9.150552000000001,21.847574528401061,3.0834276686316282,9.1773078765683902,1,29,28,4200,6260
14,30,57,LinearSubgradientAuction,0.05,0.02,,True,,1000,3600,cats_path_g30b150,,heuristic,3,False,CATS,150,paths,MultiMinded,1000,MaxIter,2452.3399999999965,13.5776358,14,1.27472,0.79768799999999995,7.250323,16.571758022959393,1.1038229296171753,9.9132812097943077,1,29,26,3420,5103
15,30,76,LinearSubgradientAuction,0.05,0.02,,True,,1000,3600,cats_path_g30b150,,heuristic,3,False,CATS,150,paths,MultiMinded,1000,MaxIter,3491.2699999999895,19.193505000000002,15,1.29161,1.0414399999999999,12.808105000000001,20.781796198867472,4.3796813602199425,14.032562791260059,1,30,19,4636,6946
16,30,55,LinearSubgradientAuction,0.05,0.02,,True,,1000,3600,cats_path_g30b150,,heuristic,3,False,CATS,150,paths,MultiMinded,1000,MaxIter,2389.0899999999965,17.6371399,14,1.30608,0.92928299999999997,8.55383,19.684337822507516,1.6597042944332119,9.4952864586496961,1,30,14,3355,5035
17,30,60,LinearSubgradientAuction,0.05,0.02,,True,,1000,3600,cats_path_g30b150,,heuristic,3,False,CATS,150,paths,MultiMinded,1000,MaxIter,2684.029999999999,17.3437429,16,1.15586,0.84924900000000003,13.968161,21.53303110935035,1.7951045137141239,11.901009055955114,1,30,12,3660,5490
18,30,68,LinearSubgradientAuction,0.05,0.02,,True,,1000,3600,cats_path_g30b150,,heuristic,3,False,CATS,150,paths,MultiMinded,1000,MaxIter,3102.5899999999965,16.532421,17,1.15917,0.79773499999999997,11.412132000000001,19.953651118798131,4.7510698280762194,10.01198615184722,1,30,15,4148,6218
19,30,84,LinearSubgradientAuction,0.05,0.02,,True,,1000,3600,cats_path_g30b150,,heuristic,3,False,CATS,150,paths,MultiMinded,929,MaxTime,3600.689999999973,16.550685,14,1.19703,0.78075050000000001,9.62873,18.068402278880846,3.2317916519343903,9.685423798230957,1,29,16,5040,7506
20,30,57,LinearSubgradientAuction,0.05,0.02,,True,,1000,3600,cats_path_g30b150,,heuristic,3,False,CATS,150,paths,MultiMinded,1000,MaxIter,2512.710000000021,11.988608000000001,17,0.830201,0.65249500000000005,8.536591,14.19915044789901,0.96871003383017251,9.6970669861846925,1,30,14,3477,5217
21,30,76,LinearSubgradientAuction,0.05,0.02,,True,,1000,3600,cats_path_g30b150,,heuristic,3,False,CATS,150,paths,MultiMinded,1000,MaxIter,3519.4899999999907,16.346269,15,1.16216,0.87333000000000005,10.639401999999999,20.280156029279549,3.9966788923746805,9.1240786147897772,1,30,24,4636,6946
22,30,62,LinearSubgradientAuction,0.05,0.02,,True,,1000,3600,cats_path_g30b150,,heuristic,3,False,CATS,150,paths,MultiMinded,1000,MaxIter,2623.350000000006,11.899390499999999,14,1.11701,0.58296099999999995,5.606380000000001,11.976025822211842,1.5050073224821459,5.879842632348689,1,28,19,3658,5424
23,30,61,LinearSubgradientAuction,0.05,0.02,,True,,1000,3600,cats_path_g30b150,,heuristic,3,False,CATS,150,paths,MultiMinded,1000,MaxIter,2713.850000000006,17.460715,14,1.27766,0.872475,11.314765000000001,20.655326565471693,1.2531838691739341,11.473472841188535,1,30,21,3721,5581
24,30,72,LinearSubgradientAuction,0.05,0.02,,True,,1000,3600,cats_path_g30b150,,heuristic,3,False,CATS,150,paths,MultiMinded,1000,MaxIter,3303.179999999993,16.551633999999996,17,1.24587,0.733267,9.192305,19.269366457769571,3.5251119440279672,10.49524859121242,1,30,17,4392,6582
25,30,66,LinearSubgradientAuction,0.05,0.02,,True,,1000,3600,cats_path_g30b150,,heuristic,3,False,CATS,150,paths,MultiMinded,1000,MaxIter,2893.5199999999895,15.951057999999998,14,1.21778,0.74724500000000005,8.620664999999999,16.63623282869294,1.5827487964348004,9.9894860396827063,1,29,23,3960,5904
26,30,71,LinearSubgradientAuction,0.05,0.02,,True,,1000,3600,cats_path_g30b150,,heuristic,3,False,CATS,150,paths,MultiMinded,1000,MaxIter,3230.430000000022,18.600379,19,1.35655,1.0506500000000001,13.102819000000002,19.237499533283337,3.2015553720865801,10.939246860808474,1,30,15,4331,6491
27,30,65,LinearSubgradientAuction,0.05,0.02,,True,,1000,3600,cats_path_g30b150,,heuristic,3,False,CATS,150,paths,MultiMinded,1000,MaxIter,2890.079999999987,15.208365,16,1.24835,0.71721100000000004,9.707097000000001,19.59312414731259,3.8509590373010076,8.4477228137398956,1,30,15,3965,5945
28,30,68,LinearSubgradientAuction,0.05,0.02,,True,,1000,3600,cats_path_g30b150,,heuristic,3,False,CATS,150,paths,MultiMinded,1000,MaxIter,3046.429999999993,14.86174,17,1.33611,1.01847,8.801082000000001,13.619066123348896,2.4949208115229955,8.3769407514761181,1,29,15,4080,6082
29,30,58,LinearSubgradientAuction,0.05,0.02,,True,,1000,3600,cats_path_g30b150,,heuristic,3,False,CATS,150,paths,MultiMinded,1000,MaxIter,2507.5199999999895,11.257909999999999,14,0.8594,0.57639300000000004,6.569542000000001,14.124803653462848,2.0414060489394483,6.2850514361070111,1,29,19,3480,5192
30,30,65,LinearSubgradientAuction,0.05,0.02,,True,,1000,3600,cats_path_g30b150,,heuristic,3,False,CATS,150,paths,MultiMinded,1000,MaxIter,2932.99000000002,12.752407,15,1.05004,0.71123899999999995,6.990742999999999,14.758803810772577,2.2138101857571959,7.9766380198238167,1,30,17,3965,5945
31,30,58,LinearSubgradientAuction,0.05,0.02,,True,,1000,3600,cats_path_g30b150,,heuristic,3,False,CATS,150,paths,MultiMinded,1000,MaxIter,2508.4100000000035,13.4727089,11,1.18366,0.86047800000000008,7.884193,16.329972471476221,0.94133410117675431,7.5769660103338214,1,30,22,3538,5308
32,30,79,LinearSubgradientAuction,0.05,0.02,,True,,1000,3600,cats_path_g30b150,,heuristic,3,False,CATS,150,paths,MultiMinded,1000,MaxIter,3486.459999999992,17.626487,16,1.11283,0.85035499999999997,10.673077999999999,20.729023511895765,2.7323363052145768,10.545031129702904,1,28,20,4661,6903
33,30,66,LinearSubgradientAuction,0.05,0.02,,True,,1000,3600,cats_path_g30b150,,heuristic,3,False,CATS,150,paths,MultiMinded,1000,MaxIter,2964.859999999986,13.562479100000003,14,1.17658,0.71348500000000004,8.929876100000001,15.835930154457957,1.5883812926907435,8.3929197827275708,1,30,21,4026,6036
34,30,59,LinearSubgradientAuction,0.05,0.02,,True,,1000,3600,cats_path_g30b150,,heuristic,3,False,CATS,150,paths,MultiMinded,1000,MaxIter,2589.1999999999825,15.543004,14,1.16304,0.84088200000000002,12.101668,16.542442784064136,2.8224279655548026,9.3380264145908658,1,30,18,3599,5399
35,30,61,LinearSubgradientAuction,0.05,0.02,,True,,1000,3600,cats_path_g30b150,,heuristic,3,False,CATS,150,paths,MultiMinded,1000,MaxIter,2676.7600000000093,18.943085999999997,12,1.32614,0.92471499999999995,9.955593,20.080539628851795,1.9739422801055257,11.085935865101572,1,30,18,3721,5581
36,30,75,LinearSubgradientAuction,0.05,0.02,,True,,1000,3600,cats_path_g30b150,,heuristic,3,False,CATS,150,paths,MultiMinded,1000,MaxIter,3437.9400000000023,15.257448999999998,13,1.04514,0.73463400000000001,6.28362,16.778155448400703,0.60942380713749222,9.6394146988378004,1,30,23,4575,6855
37,30,73,LinearSubgradientAuction,0.05,0.02,,True,,1000,3600,cats_path_g30b150,,heuristic,3,False,CATS,150,paths,MultiMinded,1000,MaxIter,3351.779999999999,19.314383000000003,18,1.26724,0.81503800000000004,12.415031,24.343156521653462,4.545381604159819,14.573777275835401,1,30,26,4453,6673
38,30,69,LinearSubgradientAuction,0.05,0.02,,True,,1000,3600,cats_path_g30b150,,heuristic,3,False,CATS,150,paths,MultiMinded,1000,MaxIter,3011.3399999999965,17.06102,16,1.26197,0.80889699999999998,12.716302,19.093793118913396,3.3738299138966656,11.734919292091917,1,29,14,4140,6171
39,30,64,LinearSubgradientAuction,0.05,0.02,,True,,1000,3600,cats_path_g30b150,,heuristic,3,False,CATS,150,paths,MultiMinded,1000,MaxIter,2888.529999999999,18.017829999999996,15,1.46956,1.00953,10.348911000000001,22.94654121265895,3.0027241430989879,12.634684000801796,1,30,20,3904,5854
40,30,70,LinearSubgradientAuction,0.05,0.02,,True,,1000,3600,cats_path_g30b150,,heuristic,3,False,CATS,150,paths,MultiMinded,1000,MaxIter,3176.4199999999837,16.415451,17,1.33618,0.79276899999999995,11.999460000000001,19.772865877056702,3.1486444307578401,14.283019071367526,1,30,18,4270,6400
41,30,62,LinearSubgradientAuction,0.05,0.02,,True,,1000,3600,cats_path_g30b150,,heuristic,3,False,CATS,150,paths,MultiMinded,1000,MaxIter,2670.8099999999977,15.767216000000001,12,1.27329,0.81440000000000001,6.991416,16.669331120031558,0.8091638224874268,7.6776540813738494,1,28,19,3658,5424
42,30,66,LinearSubgradientAuction,0.05,0.02,,True,,1000,3600,cats_path_g30b150,,heuristic,3,False,CATS,150,paths,MultiMinded,1000,MaxIter,2936.5800000000163,14.387081000000002,16,1.10378,0.674543,8.970506,18.468976876322181,2.3770532849315904,8.9256040812649644,1,30,21,4026,6036
43,30,57,LinearSubgradientAuction,0.05,0.02,,True,,1000,3600,cats_path_g30b150,,heuristic,3,False,CATS,150,paths,MultiMinded,1000,MaxIter,2511.6199999999953,12.78674,15,1.092,0.74160349999999997,8.964350999999999,14.757806229729796,2.3105907104799561,6.9386095973868978,1,30,15,3477,5217
44,30,67,LinearSubgradientAuction,0.05,0.02,,True,,1000,3600,cats_path_g30b150,,heuristic,3,False,CATS,150,paths,MultiMinded,1000,MaxIter,2940.579999999987,14.327095000000002,14,1.04382,0.66583400000000004,9.819854,16.682364317393613,2.1397070897807686,11.874699457712438,1,29,20,4020,5993
45,30,80,LinearSubgradientAuction,0.05,0.02,,True,,1000,3600,cats_path_g30b150,,heuristic,3,False,CATS,150,paths,MultiMinded,991,MaxTime,3602.9799999999814,13.769805999999999,15,1.20458,0.66948099999999999,7.771961,13.767592708494872,3.5780001240469677,7.762883726377436,1,29,10,4800,7150
46,30,62,LinearSubgradientAuction,0.05,0.02,,True,,1000,3600,cats_path_g30b150,,heuristic,3,False,CATS,150,paths,MultiMinded,1000,MaxIter,2737.470000000001,17.982688000000003,14,1.47628,0.89541199999999999,9.191969,17.669913895262386,2.2796459353790173,10.894088302817041,1,30,12,3782,5672
47,30,50,LinearSubgradientAuction,0.05,0.02,,True,,1000,3600,cats_path_g30b150,,heuristic,3,False,CATS,150,paths,MultiMinded,1000,MaxIter,2152.6900000000023,14.4709692,11,1.15255,0.87777400000000005,6.65827,14.133679340846642,1.1633582490619689,10.018952936229443,1,30,25,3050,4580
48,30,56,LinearSubgradientAuction,0.05,0.02,,True,,1000,3600,cats_path_g30b150,,heuristic,3,False,CATS,150,paths,MultiMinded,1000,MaxIter,2467.820000000007,19.863466000000003,13,1.39092,0.99550399999999994,10.183574999999998,23.25201182596885,1.543209245360754,10.668820495518826,1,30,22,3416,5126
49,30,59,LinearSubgradientAuction,0.05,0.02,,True,,1000,3600,cats_path_g30b150,,heuristic,3,False,CATS,150,paths,MultiMinded,1000,MaxIter,2557.49000000002,12.83722,15,1.27931,0.83850000000000002,9.758996,15.061884308625425,3.4079825422195986,6.9065955413089783,1,29,17,3540,5281
50,30,72,LinearSubgradientAuction,0.05,0.02,,True,,1000,3600,cats_path_g30b150,,heuristic,3,False,CATS,150,paths,MultiMinded,1000,MaxIter,3183.109999999986,14.769329999999997,15,1.31494,0.719059,8.864678,15.014597756998603,4.8596448554591154,11.909723564403301,1,29,18,4320,6438
51,30,72,LinearSubgradientAuction,0.05,0.02,,True,,1000,3600,cats_path_g30b150,,heuristic,3,False,CATS,150,paths,MultiMinded,1000,MaxIter,3270.7600000000093,16.073219,16,1.09244,0.793798,10.444856,19.658896196468081,2.1461441893564368,7.5714197537055226,1,30,18,4392,6582
52,30,53,LinearSubgradientAuction,0.05,0.02,,True,,1000,3600,cats_path_g30b150,,heuristic,3,False,CATS,150,paths,MultiMinded,1000,MaxIter,2306.7699999999895,12.6877335,13,1.34175,0.74289899999999998,7.692685699999999,14.896658508886365,2.0617039971635513,7.4734856705475483,1,30,21,3233,4853
53,30,69,LinearSubgradientAuction,0.05,0.02,,True,,1000,3600,cats_path_g30b150,,heuristic,3,False,CATS,150,paths,MultiMinded,1000,MaxIter,3124.4100000000035,18.740910999999997,15,1.16684,0.90905150000000001,10.100634,21.042793267357709,3.8838938853324865,12.682960098207239,1,30,17,4209,6309
54,30,63,LinearSubgradientAuction,0.05,0.02,,True,,1000,3600,cats_path_g30b150,,heuristic,3,False,CATS,150,paths,MultiMinded,1000,MaxIter,2811.99000000002,15.541510000000004,17,1.41102,0.83414200000000005,10.922609000000003,17.879416380668431,4.0685346881241147,10.374205097853011,1,30,19,3843,5763
55,30,79,LinearSubgradientAuction,0.05,0.02,,True,,1000,3600,cats_path_g30b150,,heuristic,3,False,CATS,150,paths,MultiMinded,991,MaxTime,3601.470000000001,15.979884000000002,16,1.1263,0.85292049999999997,11.127255,23.02095197905772,3.42254638861648,11.269083826599555,1,30,17,4819,7219
56,30,75,LinearSubgradientAuction,0.05,0.02,,True,,1000,3600,cats_path_g30b150,,heuristic,3,False,CATS,150,paths,MultiMinded,1000,MaxIter,3361.779999999999,18.432461999999994,15,1.25637,0.86360099999999995,10.807717000000002,22.145998840290304,2.1204271545494504,10.984124598685044,1,29,22,4500,6705
57,30,69,LinearSubgradientAuction,0.05,0.02,,True,,1000,3600,cats_path_g30b150,,heuristic,3,False,CATS,150,paths,MultiMinded,1000,MaxIter,3095.4800000000105,21.377306399999995,12,1.41831,1.0310999999999999,11.020679000000001,20.825899214375809,5.0476720976063572,11.234810264699732,1,30,23,4209,6309
58,30,55,LinearSubgradientAuction,0.05,0.02,,True,,1000,3600,cats_path_g30b150,,heuristic,3,False,CATS,150,paths,MultiMinded,1000,MaxIter,2339.1999999999825,12.959700999999999,13,1.39908,0.69830300000000001,7.042402,13.558768606165323,2.793767258649352,7.505446559058953,1,29,18,3300,4925
59,30,62,LinearSubgradientAuction,0.05,0.02,,True,,1000,3600,cats_path_g30b150,,heuristic,3,False,CATS,150,paths,MultiMinded,1000,MaxIter,2768.8000000000175,11.245693,15,0.937523,0.59201349999999997,7.538659000000001,11.331220364487102,2.3163710429186435,8.3380359793064169,1,30,13,3782,5672
60,30,62,LinearSubgradientAuction,0.05,0.02,,True,,1000,3600,cats_path_g30b150,,heuristic,3,False,CATS,150,paths,MultiMinded,1000,MaxIter,2732.5899999999965,16.295090999999996,14,1.36668,0.91428500000000001,9.478946999999998,17.949691381077756,2.9914662569483395,9.3963212997455123,1,29,16,3720,5548
61,30,65,LinearSubgradientAuction,0.05,0.02,,True,,1000,3600,cats_path_g30b150,,heuristic,3,False,CATS,150,paths,MultiMinded,1000,MaxIter,2865.1299999999756,12.734226999999999,14,1.10066,0.73527699999999996,8.479464999999998,17.574758362303367,2.3915304071450754,8.7864332701033447,1,29,23,3900,5815
62,30,74,LinearSubgradientAuction,0.05,0.02,,True,,1000,3600,cats_path_g30b150,,heuristic,3,False,CATS,150,paths,MultiMinded,1000,MaxIter,3422.3000000000175,15.189660000000002,16,1.07901,0.72534500000000002,9.616622000000001,14.424153663473083,3.7186503945740728,11.256892955685311,1,30,18,4514,6764
63,30,57,LinearSubgradientAuction,0.05,0.02,,True,,1000,3600,cats_path_g30b150,,heuristic,3,False,CATS,150,paths,MultiMinded,1000,MaxIter,2496.439999999973,15.812223,14,1.17468,0.85123000000000004,8.5404,17.797597256113843,1.0024035542262677,9.494585772740832,1,30,18,3477,5217
64,30,65,LinearSubgradientAuction,0.05,0.02,,True,,1000,3600,cats_path_g30b150,,heuristic,3,False,CATS,150,paths,MultiMinded,1000,MaxIter,2817.399999999994,14.256674000000002,14,1.1464,0.76940900000000001,9.40323,16.131753177177949,3.9206669521194275,6.1511161241763439,1,29,13,3900,5815
65,30,75,LinearSubgradientAuction,0.05,0.02,,True,,1000,3600,cats_path_g30b150,,heuristic,3,False,CATS,150,paths,MultiMinded,1000,MaxIter,3442.389999999985,14.689584000000002,14,1.20503,0.79890700000000003,7.859786999999999,19.615461270639461,2.4255356343687686,9.1386200055127187,1,30,28,4575,6855
66,30,64,LinearSubgradientAuction,0.05,0.02,,True,,1000,3600,cats_path_g30b150,,heuristic,3,False,CATS,150,paths,MultiMinded,1000,MaxIter,2871.6300000000047,15.318505000000002,17,1.13026,0.77133499999999999,9.914752999999997,18.015480781765696,4.4878684588908628,7.3867076143174923,1,30,10,3904,5854
67,30,65,LinearSubgradientAuction,0.05,0.02,,True,,1000,3600,cats_path_g30b150,,heuristic,3,False,CATS,150,paths,MultiMinded,1000,MaxIter,2917.5899999999965,17.19162,13,1.36208,0.868533,10.037438000000002,17.179110229937933,2.8198554998042424,9.9552782877479125,1,30,17,3965,5945
68,30,62,LinearSubgradientAuction,0.05,0.02,,True,,1000,3600,cats_path_g30b150,,heuristic,3,False,CATS,150,paths,MultiMinded,1000,MaxIter,2676.8099999999977,16.58045,16,1.1806,0.75433449999999991,12.292699,13.29024192975319,3.0057853194501845,12.729678241575018,1,29,14,3720,5548
69,30,69,LinearSubgradientAuction,0.05,0.02,,True,,1000,3600,cats_path_g30b150,,heuristic,3,False,CATS,150,paths,MultiMinded,1000,MaxIter,3092.179999999993,16.94247,17,1.39982,0.781829,12.312356999999997,20.94485057986255,4.9831647345965342,11.996408874396836,1,30,19,4209,6309
70,30,69,LinearSubgradientAuction,0.05,0.02,,True,,1000,3600,cats_path_g30b150,,heuristic,3,False,CATS,150,paths,MultiMinded,1000,MaxIter,2957.5599999999977,15.6214981,11,1.25374,0.86018899999999998,6.568945,17.6570196605978,1.1635154194333825,7.2694352492922194,1,28,22,4071,6033
71,30,72,LinearSubgradientAuction,0.05,0.02,,True,,1000,3600,cats_path_g30b150,,heuristic,3,False,CATS,150,paths,MultiMinded,1000,MaxIter,3194.7700000000186,18.0902305,15,1.22443,0.96304999999999996,9.990797,27.96722034532014,2.9880644628964648,10.28707999815971,1,29,17,4320,6438
72,30,71,LinearSubgradientAuction,0.05,0.02,,True,,1000,3600,cats_path_g30b150,,heuristic,3,False,CATS,150,paths,MultiMinded,1000,MaxIter,3269.9799999999814,14.262129000000002,15,1.12549,0.60241199999999995,10.118914,15.420685784592465,2.8879293869842861,11.685451067631096,1,30,19,4331,6491
73,30,61,LinearSubgradientAuction,0.05,0.02,,True,,1000,3600,cats_path_g30b150,,heuristic,3,False,CATS,150,paths,MultiMinded,1000,MaxIter,2658.5599999999977,16.416352,14,1.29762,0.90387399999999996,9.005965,16.365944035854088,4.0765277092232104,10.976663206850271,1,29,16,3660,5459
74,30,65,LinearSubgradientAuction,0.05,0.02,,True,,1000,3600,cats_path_g30b150,,heuristic,3,False,CATS,150,paths,MultiMinded,1000,MaxIter,2832.2299999999814,10.025623,17,0.812177,0.53816299999999995,6.881701,13.028350722129815,1.3082276631959406,6.3022477620025423,1,29,17,3900,5815
75,30,69,LinearSubgradientAuction,0.05,0.02,,True,,1000,3600,cats_path_g30b150,,heuristic,3,False,CATS,150,paths,MultiMinded,1000,MaxIter,3137.220000000001,15.321485,17,1.30411,0.789794,9.793511,21.647140435301949,3.5628606116581771,10.130191702872438,1,30,19,4209,6309
76,30,66,LinearSubgradientAuction,0.05,0.02,,True,,1000,3600,cats_path_g30b150,,heuristic,3,False,CATS,150,paths,MultiMinded,1000,MaxIter,2932.6300000000047,17.565949,13,1.39796,0.82384800000000002,10.729790999999999,19.052995528816162,2.5706994538096533,12.335383685989662,1,30,19,4026,6036
77,30,71,LinearSubgradientAuction,0.05,0.02,,True,,1000,3600,cats_path_g30b150,,heuristic,3,False,CATS,150,paths,MultiMinded,1000,MaxIter,3241.470000000001,17.445843,15,1.28117,0.83980299999999997,12.233058,20.831418482602622,3.5693407278311051,13.506642804556549,1,30,13,4331,6491
78,30,77,LinearSubgradientAuction,0.05,0.02,,True,,1000,3600,cats_path_g30b150,,heuristic,3,False,CATS,150,paths,MultiMinded,1000,MaxIter,3571.570000000007,17.835809,14,1.27923,0.84794999999999998,10.890118,24.463806429620998,4.8841096393539951,10.05537219177253,1,30,23,4697,7037
79,30,71,LinearSubgradientAuction,0.05,0.02,,True,,1000,3600,cats_path_g30b150,,heuristic,3,False,CATS,150,paths,MultiMinded,1000,MaxIter,3199.569999999978,15.251795000000001,13,1.08004,0.77857100000000001,8.307935,18.274933443646532,2.7749650000117025,11.466164403699837,1,30,32,4331,6491
80,30,67,LinearSubgradientAuction,0.05,0.02,,True,,1000,3600,cats_path_g30b150,,heuristic,3,False,CATS,150,paths,MultiMinded,1000,MaxIter,3005.790000000008,21.216326000000002,14,1.34186,1.05186,13.358751000000002,21.965758299052048,4.6215260021898343,11.031069184142179,1,30,20,4087,6127
81,30,68,LinearSubgradientAuction,0.05,0.02,,True,,1000,3600,cats_path_g30b150,,heuristic,3,False,CATS,150,paths,MultiMinded,1000,MaxIter,2988.220000000001,14.454433000000002,15,1.14794,0.83136399999999999,8.77891,15.922268709574317,2.0574041183876139,10.235000863877211,1,29,16,4080,6082
82,30,64,LinearSubgradientAuction,0.05,0.02,,True,,1000,3600,cats_path_g30b150,,heuristic,3,False,CATS,150,paths,MultiMinded,1000,MaxIter,2868.5899999999965,14.456647999999998,17,1.03149,0.62555099999999997,9.183985,17.641010848136816,2.3156079037835062,9.2242312824525694,1,30,24,3904,5854
83,30,64,LinearSubgradientAuction,0.05,0.02,,True,,1000,3600,cats_path_g30b150,,heuristic,3,False,CATS,150,paths,MultiMinded,1000,MaxIter,2892.8499999999767,15.243575000000002,18,1.11077,0.82948200000000005,10.993688999999998,20.416053588264958,2.5855043332767669,10.478814643189935,1,30,19,3904,5854
84,30,55,LinearSubgradientAuction,0.05,0.02,,True,,1000,3600,cats_path_g30b150,,heuristic,3,False,CATS,150,paths,MultiMinded,1000,MaxIter,2324.289999999979,10.829593,11,1.04035,0.60557799999999995,6.204968000000001,11.880042832026401,1.0587907739960261,5.8427318498626395,1,29,17,3300,4925
85,30,70,LinearSubgradientAuction,0.05,0.02,,True,,1000,3600,cats_path_g30b150,,heuristic,3,False,CATS,150,paths,MultiMinded,1000,MaxIter,3212.2700000000186,17.838826,14,1.20482,0.99917599999999995,8.834741,20.97956194847513,2.6093721032087571,10.295473500712429,1,30,21,4270,6400
86,30,63,LinearSubgradientAuction,0.05,0.02,,True,,1000,3600,cats_path_g30b150,,heuristic,3,False,CATS,150,paths,MultiMinded,1000,MaxIter,2807.5199999999895,14.348480000000002,12,1.12303,0.66461599999999998,7.297920999999999,14.119298759944188,2.9792532280273378,8.006489118691988,1,30,19,3843,5763
87,30,64,LinearSubgradientAuction,0.05,0.02,,True,,1000,3600,cats_path_g30b150,,heuristic,3,False,CATS,150,paths,MultiMinded,1000,MaxIter,2788.1600000000035,15.876268000000007,14,1.16618,0.92069400000000001,10.633277000000003,19.370402573877811,2.3948634943394858,8.5635852495666249,1,29,18,3840,5726
88,30,76,LinearSubgradientAuction,0.05,0.02,,True,,1000,3600,cats_path_g30b150,,heuristic,3,False,CATS,150,paths,MultiMinded,1000,MaxIter,3546.2699999999895,20.508544000000004,13,1.50963,0.97545999999999999,11.952043999999999,20.708420210804668,2.3243348397797687,13.941915688361227,1,30,21,4636,6946
89,30,72,LinearSubgradientAuction,0.05,0.02,,True,,1000,3600,cats_path_g30b150,,heuristic,3,False,CATS,150,paths,MultiMinded,1000,MaxIter,3295.2300000000105,16.188547,17,1.37467,0.81535500000000005,11.493112000000002,16.948163635599357,4.1137854015391264,10.75132243422054,1,30,22,4392,6582
90,30,54,LinearSubgradientAuction,0.05,0.02,,True,,1000,3600,cats_path_g30b150,,heuristic,3,False,CATS,150,paths,MultiMinded,1000,MaxIter,2184.109999999986,12.251615099999999,14,0.821456,0.64283100000000004,6.898092,15.312574386712093,1.1454038204550452,7.2961896559578134,1,27,21,3132,4620
91,30,66,LinearSubgradientAuction,0.05,0.02,,True,,1000,3600,cats_path_g30b150,,heuristic,3,False,CATS,150,paths,MultiMinded,1000,MaxIter,2941.970000000001,13.249561,14,1.08687,0.77222100000000005,8.999956000000001,15.166124047129159,3.3462192428743709,6.9390922638913128,1,30,6,4026,6036
92,30,57,LinearSubgradientAuction,0.05,0.02,,True,,1000,3600,cats_path_g30b150,,heuristic,3,False,CATS,150,paths,MultiMinded,1000,MaxIter,2498.4899999999907,12.038590999999998,13,0.968649,0.65237100000000003,6.7920370000000005,16.586951479977106,2.0857679327652252,5.3066293701901195,1,30,23,3477,5217
93,30,62,LinearSubgradientAuction,0.05,0.02,,True,,1000,3600,cats_path_g30b150,,heuristic,3,False,CATS,150,paths,MultiMinded,1000,MaxIter,2695.8099999999977,16.059345,16,1.15822,0.86252099999999998,10.429399,18.732980095764013,2.8457548491770583,9.2112706713315706,1,29,16,3720,5548
94,30,68,LinearSubgradientAuction,0.05,0.02,,True,,1000,3600,cats_path_g30b150,,heuristic,3,False,CATS,150,paths,MultiMinded,1000,MaxIter,3083.390000000014,17.743863,14,1.39576,0.98003499999999999,11.851189999999999,20.694075348735243,3.7922179478162534,11.798711618397677,1,30,18,4148,6218
95,30,64,LinearSubgradientAuction,0.05,0.02,,True,,1000,3600,cats_path_g30b150,,heuristic,3,False,CATS,150,paths,MultiMinded,1000,MaxIter,2841.029999999999,15.467591,15,0.907099,0.58233449999999998,8.112444,17.928480341612012,2.2283620159340054,9.521276849431807,1,30,21,3904,5854
96,30,57,LinearSubgradientAuction,0.05,0.02,,True,,1000,3600,cats_path_g30b150,,heuristic,3,False,CATS,150,paths,MultiMinded,1000,MaxIter,2516.039999999979,9.8668957,12,1.02137,0.65189799999999998,6.928456000000001,11.65274514505569,3.6472710320190092,6.5307745534720922,1,30,21,3477,5217
97,30,55,LinearSubgradientAuction,0.05,0.02,,True,,1000,3600,cats_path_g30b150,,heuristic,3,False,CATS,150,paths,MultiMinded,1000,MaxIter,2328.5899999999965,12.714137000000001,15,1.1671,0.73047649999999997,6.812817,16.261574631781659,2.4608929706177523,5.5963263589182866,1,29,15,3300,4925
98,30,61,LinearSubgradientAuction,0.05,0.02,,True,,1000,3600,cats_path_g30b150,,heuristic,3,False,CATS,150,paths,MultiMinded,1000,MaxIter,2735.649999999994,17.221063000000004,16,1.28051,0.90821799999999997,10.396356,20.599527822767737,2.6447986427935577,10.08640729569866,1,30,17,3721,5581
99,30,71,LinearSubgradientAuction,0.05,0.02,,True,,1000,3600,cats_path_g30b150,,heuristic,3,False,CATS,150,paths,MultiMinded,1000,MaxIter,3209.0499999999884,16.835101,13,1.27222,0.965194,9.757781999999999,25.833068164989964,2.7653583101604902,11.288366257239295,1,30,27,4331,6491
100,30,69,LinearSubgradientAuction,0.05,0.02,,True,,1000,3600,cats_path_g30b150,,heuristic,3,False,CATS,150,paths,MultiMinded,1000,MaxIter,3028.7000000000116,11.185935,13,0.872955,0.55562999999999996,5.418748999999999,9.7498334640375379,1.7852920249252024,5.9120482126720573,1,29,13,4140,6171
