idx,items,agents,auction_class,epsilon,stepc,epoch,scalebyvalue,reserve_type,maxiter,maxtime,generator_param_name,personalized,bidding_strategy,heuristic_pool_num,int_prices,generator,bids,distribution,type,rounds,status,runtime,efficient_value,final_num_winners,final_max_agent_value,final_scalevalue,final_value,final_total_price,final_revenue,final_indirect_util,final_price_degree,final_price_sparsity,final_imbalance,final_wd_nvars,final_wd_ncons
1,30,67,LinearHeuristicAuction,0.05,0.04,,True,,1000,3600,cats_path_g30b150,,heuristic,3,False,CATS,150,paths,MultiMinded,1000,MaxIter,124.82999999995809,15.606157999999997,17,1.23481,0.870313,13.609472999999996,22.759012969788916,4.0226450413621802,8.8087535827520878,1,29,25,181,97
2,30,63,LinearHeuristicAuction,0.05,0.04,,True,,1000,3600,cats_path_g30b150,,heuristic,3,False,CATS,150,paths,MultiMinded,1000,MaxIter,126.79999999998836,14.094153000000002,19,1.04283,0.78301449999999995,12.962240000000003,27.664312558697262,2.9659487065564414,9.2348911860649547,1,30,31,176,93
3,30,69,LinearHeuristicAuction,0.05,0.04,,True,,1000,3600,cats_path_g30b150,,heuristic,3,False,CATS,150,paths,MultiMinded,1000,MaxIter,137.2399999999907,19.941755999999998,17,1.33809,0.95683499999999999,16.704593,30.996966582789927,3.2459432344647947,12.772195472704107,1,30,31,192,99
4,30,66,LinearHeuristicAuction,0.05,0.04,,True,,1000,3600,cats_path_g30b150,,heuristic,3,False,CATS,150,paths,MultiMinded,1000,MaxIter,129.31999999994878,14.118885,19,0.998367,0.78126600000000002,12.894557,20.588682124304167,3.7600397872315954,9.1519253863660772,1,30,28,190,96
5,30,65,LinearHeuristicAuction,0.05,0.04,,True,,1000,3600,cats_path_g30b150,,heuristic,3,False,CATS,150,paths,MultiMinded,1000,MaxIter,132.7399999999907,15.664620999999997,22,1.04116,0.78344400000000003,14.995584999999997,23.702038601631159,5.3878978027830993,11.243174218797687,1,30,29,193,95
6,30,61,LinearHeuristicAuction,0.05,0.04,,True,,1000,3600,cats_path_g30b150,,heuristic,3,False,CATS,150,paths,MultiMinded,1000,MaxIter,122.45000000001164,15.723609,19,1.13448,0.79950699999999997,14.416004999999997,25.786709852339204,2.6884760818223867,11.563625790007013,1,30,29,180,91
7,30,64,LinearHeuristicAuction,0.05,0.04,,True,,1000,3600,cats_path_g30b150,,heuristic,3,False,CATS,150,paths,MultiMinded,1000,MaxIter,127.44000000000233,16.373429,18,1.20046,0.76909549999999993,12.902500999999999,25.098395936071068,4.6748654610764957,10.628444885824038,1,30,25,188,94
8,30,72,LinearHeuristicAuction,0.05,0.04,,True,,1000,3600,cats_path_g30b150,,heuristic,3,False,CATS,150,paths,MultiMinded,1000,MaxIter,136.40000000002328,16.311622,18,1.24903,0.86937299999999995,14.573722000000004,23.062665487083883,4.5567062179294409,8.7806415564764571,1,30,31,199,102
9,30,60,LinearHeuristicAuction,0.05,0.04,,True,,1000,3600,cats_path_g30b150,,heuristic,3,False,CATS,150,paths,MultiMinded,1000,MaxIter,125.14000000001397,14.554215,18,1.25806,0.77530200000000005,12.378704999999998,20.029094885448902,6.5132044591359106,10.579944756999559,1,30,30,190,90
10,30,64,LinearHeuristicAuction,0.05,0.04,,True,,1000,3600,cats_path_g30b150,,heuristic,3,False,CATS,150,paths,MultiMinded,1000,MaxIter,127.10999999998603,15.764945999999998,17,1.20473,0.77151750000000008,13.288207,24.356025752608225,1.5228127841637349,8.4194005180682243,1,30,23,184,94
11,30,70,LinearHeuristicAuction,0.05,0.04,,True,,1000,3600,cats_path_g30b150,,heuristic,3,False,CATS,150,paths,MultiMinded,1000,MaxIter,135.01999999996042,15.460275,17,1.12749,0.83722600000000003,12.937427000000001,22.905565511357295,3.8781191119670404,7.7122765619556759,1,30,30,201,100
12,30,67,LinearHeuristicAuction,0.05,0.04,,True,,1000,3600,cats_path_g30b150,,heuristic,3,False,CATS,150,paths,MultiMinded,1000,MaxIter,128.64999999996508,14.9714,17,1.03711,0.74539299999999997,12.624386,21.612382849615493,2.0089155238003755,10.786117517695599,1,29,24,180,97
13,30,70,LinearHeuristicAuction,0.05,0.04,,True,,1000,3600,cats_path_g30b150,,heuristic,3,False,CATS,150,paths,MultiMinded,1000,MaxIter,133.40000000002328,13.718234000000002,19,1.05702,0.66747699999999999,11.942986000000001,32.275348535755548,4.8607079580590247,8.5712438184364359,1,30,30,198,100
14,30,57,LinearHeuristicAuction,0.05,0.04,,True,,1000,3600,cats_path_g30b150,,heuristic,3,False,CATS,150,paths,MultiMinded,1000,MaxIter,123.78000000002794,13.5776358,16,1.27472,0.79768799999999995,10.995989999999999,23.554697551411696,2.5827182104490021,10.173652228003323,1,30,30,171,87
15,30,76,LinearHeuristicAuction,0.05,0.04,,True,,1000,3600,cats_path_g30b150,,heuristic,3,False,CATS,150,paths,MultiMinded,1000,MaxIter,141.0799999999581,19.193505000000002,18,1.29161,1.0414399999999999,17.352107,26.357693002856784,4.0807713013939919,10.894623083230385,1,30,22,196,106
16,30,55,LinearHeuristicAuction,0.05,0.04,,True,,1000,3600,cats_path_g30b150,,heuristic,3,False,CATS,150,paths,MultiMinded,1000,MaxIter,122.10999999998603,17.6371399,16,1.30608,0.92928299999999997,14.609837,24.253918000239242,4.0735071398514453,11.425520681249161,1,30,31,179,85
17,30,60,LinearHeuristicAuction,0.05,0.04,,True,,1000,3600,cats_path_g30b150,,heuristic,3,False,CATS,150,paths,MultiMinded,1000,MaxIter,119.69000000000233,17.3437429,17,1.15586,0.84924900000000003,14.435376,29.710483223577985,4.3760639005240565,12.576689279959901,1,30,13,178,90
18,30,68,LinearHeuristicAuction,0.05,0.04,,True,,1000,3600,cats_path_g30b150,,heuristic,3,False,CATS,150,paths,MultiMinded,1000,MaxIter,130.0899999999674,16.532421,20,1.15917,0.79773499999999997,14.832665000000002,21.79374963093079,6.9576122884300631,9.5374251731130606,1,30,20,198,98
19,30,84,LinearHeuristicAuction,0.05,0.04,,True,,1000,3600,cats_path_g30b150,,heuristic,3,False,CATS,150,paths,MultiMinded,1000,MaxIter,144.30999999999767,16.550685,16,1.19703,0.78075050000000001,13.106426,22.073506161805248,3.4985017008789616,7.7954325472166186,1,30,24,213,114
20,30,57,LinearHeuristicAuction,0.05,0.04,,True,,1000,3600,cats_path_g30b150,,heuristic,3,False,CATS,150,paths,MultiMinded,1000,MaxIter,124.07000000000698,11.988608000000001,16,0.830201,0.65249500000000005,10.116634,20.218841107514617,1.3841986595171605,9.232550830270517,1,30,27,172,87
21,30,76,LinearHeuristicAuction,0.05,0.04,,True,,1000,3600,cats_path_g30b150,,heuristic,3,False,CATS,150,paths,MultiMinded,1000,MaxIter,136.4899999999907,16.346269,16,1.16216,0.87333000000000005,13.464175999999998,25.970683040496446,5.3120016575164337,8.8311690487524501,1,30,22,205,106
22,30,62,LinearHeuristicAuction,0.05,0.04,,True,,1000,3600,cats_path_g30b150,,heuristic,3,False,CATS,150,paths,MultiMinded,1000,MaxIter,130.15000000002328,11.899390499999999,16,1.11701,0.58296099999999995,9.700168,13.208918597091483,3.3512131107311265,6.9637166258188934,1,30,19,181,92
23,30,61,LinearHeuristicAuction,0.05,0.04,,True,,1000,3600,cats_path_g30b150,,heuristic,3,False,CATS,150,paths,MultiMinded,1000,MaxIter,124.46999999997206,17.460715,18,1.27766,0.872475,15.072487,26.651787997706069,2.3851236970801826,12.071042351113855,1,30,41,174,91
24,30,72,LinearHeuristicAuction,0.05,0.04,,True,,1000,3600,cats_path_g30b150,,heuristic,3,False,CATS,150,paths,MultiMinded,1000,MaxIter,134.7600000000093,16.551633999999996,18,1.24587,0.733267,13.698559,22.869462377271486,5.2476665794584632,9.9191331203132904,1,30,16,199,102
25,30,66,LinearHeuristicAuction,0.05,0.04,,True,,1000,3600,cats_path_g30b150,,heuristic,3,False,CATS,150,paths,MultiMinded,1000,MaxIter,130.1699999999837,15.951057999999998,16,1.21778,0.74724500000000005,11.785995999999997,20.916678977925269,3.3445573145561553,11.207931212996161,1,30,27,182,96
26,30,71,LinearHeuristicAuction,0.05,0.04,,True,,1000,3600,cats_path_g30b150,,heuristic,3,False,CATS,150,paths,MultiMinded,1000,MaxIter,133.0100000000093,18.600379,19,1.35655,1.0506500000000001,15.751085000000002,25.556381276394518,8.0737598854346881,14.550418105053888,1,30,19,201,101
27,30,65,LinearHeuristicAuction,0.05,0.04,,True,,1000,3600,cats_path_g30b150,,heuristic,3,False,CATS,150,paths,MultiMinded,1000,MaxIter,122.65000000002328,15.208365,17,1.24835,0.71721100000000004,12.484755,24.309023787738248,5.938317475782612,9.7645981678910605,1,30,32,188,95
28,30,68,LinearHeuristicAuction,0.05,0.04,,True,,1000,3600,cats_path_g30b150,,heuristic,3,False,CATS,150,paths,MultiMinded,1000,MaxIter,134.57000000000698,14.86174,15,1.33611,1.01847,13.994238000000001,15.541558530858675,7.2623784822387947,11.356392361252702,1,30,28,195,98
29,30,58,LinearHeuristicAuction,0.05,0.04,,True,,1000,3600,cats_path_g30b150,,heuristic,3,False,CATS,150,paths,MultiMinded,1000,MaxIter,122.92999999999302,11.257909999999999,17,0.8594,0.57639300000000004,10.052702,17.482995005142165,3.0384517091220138,6.8296391345825818,1,30,24,177,88
30,30,65,LinearHeuristicAuction,0.05,0.04,,True,,1000,3600,cats_path_g30b150,,heuristic,3,False,CATS,150,paths,MultiMinded,1000,MaxIter,133.30999999999767,12.752407,13,1.05004,0.71123899999999995,8.096689000000001,17.981507029513477,2.6336917544567116,7.1901749398805102,1,30,27,191,95
31,30,58,LinearHeuristicAuction,0.05,0.04,,True,,1000,3600,cats_path_g30b150,,heuristic,3,False,CATS,150,paths,MultiMinded,1000,MaxIter,124.35000000003492,13.4727089,14,1.18366,0.86047800000000008,11.778262999999999,19.487625350144548,0.74903005319110716,6.8729827054278116,1,30,31,176,88
32,30,79,LinearHeuristicAuction,0.05,0.04,,True,,1000,3600,cats_path_g30b150,,heuristic,3,False,CATS,150,paths,MultiMinded,1000,MaxIter,137.9899999999907,17.626487,17,1.11283,0.85035499999999997,14.468640999999998,27.496062899242904,4.2255838264137111,10.603998588675076,1,29,17,208,109
33,30,66,LinearHeuristicAuction,0.05,0.04,,True,,1000,3600,cats_path_g30b150,,heuristic,3,False,CATS,150,paths,MultiMinded,1000,MaxIter,125.59000000002561,13.562479100000003,19,1.17658,0.71348500000000004,12.162860100000001,20.553889025422716,2.4458496217448977,7.817301153878649,1,30,29,182,96
34,30,59,LinearHeuristicAuction,0.05,0.04,,True,,1000,3600,cats_path_g30b150,,heuristic,3,False,CATS,150,paths,MultiMinded,1000,MaxIter,121.14999999996508,15.543004,16,1.16304,0.84088200000000002,14.124362,22.080695727489324,5.3892500191815698,10.890648008382637,1,30,11,174,89
35,30,61,LinearHeuristicAuction,0.05,0.04,,True,,1000,3600,cats_path_g30b150,,heuristic,3,False,CATS,150,paths,MultiMinded,1000,MaxIter,125.79999999998836,18.943085999999997,15,1.32614,0.92471499999999995,16.297084,21.856154242046635,2.9496412052170555,11.231026596225206,1,30,15,185,91
36,30,75,LinearHeuristicAuction,0.05,0.04,,True,,1000,3600,cats_path_g30b150,,heuristic,3,False,CATS,150,paths,MultiMinded,1000,MaxIter,132.30999999999767,15.257448999999998,17,1.04514,0.73463400000000001,12.504141999999998,22.254956406023531,2.6552957750643653,11.54692010728048,1,30,28,199,105
37,30,73,LinearHeuristicAuction,0.05,0.04,,True,,1000,3600,cats_path_g30b150,,heuristic,3,False,CATS,150,paths,MultiMinded,1000,MaxIter,131.25,19.314383000000003,20,1.26724,0.81503800000000004,18.086157,35.068068188202794,6.7524628929430808,14.708550554975098,1,30,27,194,103
38,30,69,LinearHeuristicAuction,0.05,0.04,,True,,1000,3600,cats_path_g30b150,,heuristic,3,False,CATS,150,paths,MultiMinded,1000,MaxIter,131.56000000005588,17.06102,18,1.26197,0.80889699999999998,13.201845,23.704663472207692,3.7321600147537364,10.666673223003643,1,30,19,200,99
39,30,64,LinearHeuristicAuction,0.05,0.04,,True,,1000,3600,cats_path_g30b150,,heuristic,3,False,CATS,150,paths,MultiMinded,1000,MaxIter,128.07000000000698,18.017829999999996,16,1.46956,1.00953,15.621163999999997,33.927450411304541,4.9250183935859528,13.321524638523709,1,30,38,184,94
40,30,70,LinearHeuristicAuction,0.05,0.04,,True,,1000,3600,cats_path_g30b150,,heuristic,3,False,CATS,150,paths,MultiMinded,1000,MaxIter,128.09999999997672,16.415451,18,1.33618,0.79276899999999995,15.050606000000002,27.03066720962169,3.757645235307896,12.124432641957469,1,30,28,188,100
41,30,62,LinearHeuristicAuction,0.05,0.04,,True,,1000,3600,cats_path_g30b150,,heuristic,3,False,CATS,150,paths,MultiMinded,1000,MaxIter,128.53000000002794,15.767216000000001,16,1.27329,0.81440000000000001,11.530676999999997,20.284213022549565,2.4534293067762318,9.1064267860127153,1,30,17,189,92
42,30,66,LinearHeuristicAuction,0.05,0.04,,True,,1000,3600,cats_path_g30b150,,heuristic,3,False,CATS,150,paths,MultiMinded,1000,MaxIter,125.92000000004191,14.387081000000002,18,1.10378,0.674543,11.740877000000003,24.897304438586808,5.7797549925414033,10.728525469415766,1,30,30,186,96
43,30,57,LinearHeuristicAuction,0.05,0.04,,True,,1000,3600,cats_path_g30b150,,heuristic,3,False,CATS,150,paths,MultiMinded,1000,MaxIter,124.72999999998137,12.78674,17,1.092,0.74160349999999997,11.076235000000002,18.699548970078123,3.625059904335374,8.2780560083163692,1,30,19,172,87
44,30,67,LinearHeuristicAuction,0.05,0.04,,True,,1000,3600,cats_path_g30b150,,heuristic,3,False,CATS,150,paths,MultiMinded,1000,MaxIter,127.82000000000698,14.327095000000002,15,1.04382,0.66583400000000004,11.078799,23.379627963837905,2.4266000858904637,11.292757144181603,1,29,33,181,97
45,30,80,LinearHeuristicAuction,0.05,0.04,,True,,1000,3600,cats_path_g30b150,,heuristic,3,False,CATS,150,paths,MultiMinded,1000,MaxIter,139.89999999996508,13.769805999999999,17,1.20458,0.66948099999999999,11.495948000000002,15.317162707248935,3.7936495772441035,7.9264198871397546,1,30,15,207,110
46,30,62,LinearHeuristicAuction,0.05,0.04,,True,,1000,3600,cats_path_g30b150,,heuristic,3,False,CATS,150,paths,MultiMinded,1000,MaxIter,124.26000000000931,17.982688000000003,15,1.47628,0.89541199999999999,14.991723,19.413852139644785,3.4112232725958385,11.642054657034768,1,30,23,180,92
47,30,50,LinearHeuristicAuction,0.05,0.04,,True,,1000,3600,cats_path_g30b150,,heuristic,3,False,CATS,150,paths,MultiMinded,1000,MaxIter,116.93999999994412,14.4709692,16,1.15255,0.87777400000000005,13.484575,16.805905771267565,3.0381067353157345,11.474580828227003,1,30,28,164,80
48,30,56,LinearHeuristicAuction,0.05,0.04,,True,,1000,3600,cats_path_g30b150,,heuristic,3,False,CATS,150,paths,MultiMinded,1000,MaxIter,125.59000000002561,19.863466000000003,18,1.39092,0.99550399999999994,17.009446299999997,30.644785283997745,7.1050819744574882,15.714031274528192,1,30,36,176,86
49,30,59,LinearHeuristicAuction,0.05,0.04,,True,,1000,3600,cats_path_g30b150,,heuristic,3,False,CATS,150,paths,MultiMinded,1000,MaxIter,122.67999999999302,12.83722,15,1.27931,0.83850000000000002,11.307969,18.025781938388146,2.1267544148195596,4.7665227733453435,1,30,20,188,89
50,30,72,LinearHeuristicAuction,0.05,0.04,,True,,1000,3600,cats_path_g30b150,,heuristic,3,False,CATS,150,paths,MultiMinded,1000,MaxIter,132.0,14.769329999999997,14,1.31494,0.719059,12.134345999999997,19.207242102024942,4.2003724335364536,9.2737388506370202,1,30,38,194,102
51,30,72,LinearHeuristicAuction,0.05,0.04,,True,,1000,3600,cats_path_g30b150,,heuristic,3,False,CATS,150,paths,MultiMinded,1000,MaxIter,136.10999999998603,16.073219,18,1.09244,0.793798,14.147212,24.676739323834713,5.3537951830814636,9.8663432252508727,1,30,22,199,102
52,30,53,LinearHeuristicAuction,0.05,0.04,,True,,1000,3600,cats_path_g30b150,,heuristic,3,False,CATS,150,paths,MultiMinded,1000,MaxIter,121.26000000000931,12.6877335,17,1.34175,0.74289899999999998,11.557613499999999,20.331628722901016,3.8137472407107835,7.3455655482297439,1,30,23,179,83
53,30,69,LinearHeuristicAuction,0.05,0.04,,True,,1000,3600,cats_path_g30b150,,heuristic,3,False,CATS,150,paths,MultiMinded,1000,MaxIter,130.57000000000698,18.740910999999997,13,1.16684,0.90905150000000001,12.743753999999996,26.521844941407466,3.2524615558605077,11.309624894526838,1,30,27,187,99
54,30,63,LinearHeuristicAuction,0.05,0.04,,True,,1000,3600,cats_path_g30b150,,heuristic,3,False,CATS,150,paths,MultiMinded,1000,MaxIter,128.04000000003725,15.541510000000004,18,1.41102,0.83414200000000005,13.959539,21.960859226691312,4.5536087373324463,8.6717208548282869,1,30,32,184,93
55,30,79,LinearHeuristicAuction,0.05,0.04,,True,,1000,3600,cats_path_g30b150,,heuristic,3,False,CATS,150,paths,MultiMinded,1000,MaxIter,141.55999999999767,15.979884000000002,17,1.1263,0.85292049999999997,13.079206000000003,30.628865498480366,5.2455226233744625,12.042080314932655,1,30,30,208,109
56,30,75,LinearHeuristicAuction,0.05,0.04,,True,,1000,3600,cats_path_g30b150,,heuristic,3,False,CATS,150,paths,MultiMinded,1000,MaxIter,133.36999999999534,18.432461999999994,19,1.25637,0.86360099999999995,16.090616,30.138191203766155,4.9443274740532033,11.334924185130777,1,30,29,203,105
57,30,69,LinearHeuristicAuction,0.05,0.04,,True,,1000,3600,cats_path_g30b150,,heuristic,3,False,CATS,150,paths,MultiMinded,1000,MaxIter,127.77999999996973,21.377306399999995,16,1.41831,1.0310999999999999,17.024931,26.264819218802447,6.9096084465851533,12.386165626311797,1,30,37,192,99
58,30,55,LinearHeuristicAuction,0.05,0.04,,True,,1000,3600,cats_path_g30b150,,heuristic,3,False,CATS,150,paths,MultiMinded,1000,MaxIter,128.17999999999302,12.959700999999999,17,1.39908,0.69830300000000001,10.723301999999999,15.468856338736597,2.9090678801242671,7.1559563389357992,1,30,22,174,85
59,30,62,LinearHeuristicAuction,0.05,0.04,,True,,1000,3600,cats_path_g30b150,,heuristic,3,False,CATS,150,paths,MultiMinded,1000,MaxIter,124.85000000003492,11.245693,17,0.937523,0.59201349999999997,10.498456,13.708008398583749,2.3550715536817584,7.5692534330477876,1,30,25,178,92
60,30,62,LinearHeuristicAuction,0.05,0.04,,True,,1000,3600,cats_path_g30b150,,heuristic,3,False,CATS,150,paths,MultiMinded,1000,MaxIter,132.69000000000233,16.295090999999996,15,1.36668,0.91428500000000001,13.59391,20.651139885745863,2.5659701262187102,8.5761967529569354,1,30,22,190,92
61,30,65,LinearHeuristicAuction,0.05,0.04,,True,,1000,3600,cats_path_g30b150,,heuristic,3,False,CATS,150,paths,MultiMinded,1000,MaxIter,125.68000000005122,12.734226999999999,15,1.10066,0.73527699999999996,10.027598,27.851062217615404,2.1909207014689676,8.7311230337795163,1,29,30,184,95
62,30,74,LinearHeuristicAuction,0.05,0.04,,True,,1000,3600,cats_path_g30b150,,heuristic,3,False,CATS,150,paths,MultiMinded,1000,MaxIter,134.6599999999744,15.189660000000002,17,1.07901,0.72534500000000002,11.08051,18.210025426713397,5.022619485423526,11.403881626712982,1,30,22,197,104
63,30,57,LinearHeuristicAuction,0.05,0.04,,True,,1000,3600,cats_path_g30b150,,heuristic,3,False,CATS,150,paths,MultiMinded,1000,MaxIter,116.77000000001863,15.812223,16,1.17468,0.85123000000000004,13.925374999999999,20.444641106466587,3.3986710843690915,10.764102485615972,1,30,13,174,87
64,30,65,LinearHeuristicAuction,0.05,0.04,,True,,1000,3600,cats_path_g30b150,,heuristic,3,False,CATS,150,paths,MultiMinded,1000,MaxIter,131.77000000001863,14.256674000000002,15,1.1464,0.76940900000000001,11.453413000000001,16.706937063159888,3.3431114910274902,5.529798386372633,1,30,19,193,95
65,30,75,LinearHeuristicAuction,0.05,0.04,,True,,1000,3600,cats_path_g30b150,,heuristic,3,False,CATS,150,paths,MultiMinded,1000,MaxIter,136.0899999999674,14.689584000000002,18,1.20503,0.79890700000000003,12.602665,27.021977476294651,3.8297794387717334,8.4197549144669814,1,30,36,200,105
66,30,64,LinearHeuristicAuction,0.05,0.04,,True,,1000,3600,cats_path_g30b150,,heuristic,3,False,CATS,150,paths,MultiMinded,1000,MaxIter,129.44000000000233,15.318505000000002,14,1.13026,0.77133499999999999,11.924946,19.178704208023856,3.2441465173784456,5.7569581281336912,1,30,26,194,94
67,30,65,LinearHeuristicAuction,0.05,0.04,,True,,1000,3600,cats_path_g30b150,,heuristic,3,False,CATS,150,paths,MultiMinded,1000,MaxIter,132.1600000000326,17.19162,16,1.36208,0.868533,14.402022000000004,20.009881489656419,5.443589267080009,11.690003887110795,1,30,16,190,95
68,30,62,LinearHeuristicAuction,0.05,0.04,,True,,1000,3600,cats_path_g30b150,,heuristic,3,False,CATS,150,paths,MultiMinded,1000,MaxIter,122.94999999995343,16.58045,16,1.1806,0.75433449999999991,12.398861999999998,17.7340317439917,3.3013701453013793,12.072755036126296,1,30,24,178,92
69,30,69,LinearHeuristicAuction,0.05,0.04,,True,,1000,3600,cats_path_g30b150,,heuristic,3,False,CATS,150,paths,MultiMinded,1000,MaxIter,126.73999999999069,16.94247,19,1.39982,0.781829,14.262416,24.870296955371067,4.3839245135558631,11.308671895178076,1,30,23,186,99
70,30,69,LinearHeuristicAuction,0.05,0.04,,True,,1000,3600,cats_path_g30b150,,heuristic,3,False,CATS,150,paths,MultiMinded,1000,MaxIter,128.6699999999837,15.6214981,17,1.25374,0.86018899999999998,11.986266,20.416955804165514,2.9245787879318286,8.370130148281504,1,30,9,191,99
71,30,72,LinearHeuristicAuction,0.05,0.04,,True,,1000,3600,cats_path_g30b150,,heuristic,3,False,CATS,150,paths,MultiMinded,1000,MaxIter,133.04999999998836,18.0902305,18,1.22443,0.96304999999999996,17.059969000000002,38.710740843518693,4.7750186473791087,12.291223119928905,1,30,24,199,102
72,30,71,LinearHeuristicAuction,0.05,0.04,,True,,1000,3600,cats_path_g30b150,,heuristic,3,False,CATS,150,paths,MultiMinded,1000,MaxIter,131.70999999996275,14.262129000000002,18,1.12549,0.60241199999999995,12.33988,22.126465988379188,3.5659166509389268,10.557058712167121,1,30,24,194,101
73,30,61,LinearHeuristicAuction,0.05,0.04,,True,,1000,3600,cats_path_g30b150,,heuristic,3,False,CATS,150,paths,MultiMinded,1000,MaxIter,129.61999999999534,16.416352,15,1.29762,0.90387399999999996,13.391042,19.065414070216328,4.1996654943119029,11.033927057635747,1,30,14,184,91
74,30,65,LinearHeuristicAuction,0.05,0.04,,True,,1000,3600,cats_path_g30b150,,heuristic,3,False,CATS,150,paths,MultiMinded,1000,MaxIter,128.30000000004657,10.025623,17,0.812177,0.53816299999999995,8.771405000000001,16.741980159342845,3.2076940068778814,6.2871951409138855,1,30,27,185,95
75,30,69,LinearHeuristicAuction,0.05,0.04,,True,,1000,3600,cats_path_g30b150,,heuristic,3,False,CATS,150,paths,MultiMinded,1000,MaxIter,130.07000000000698,15.321485,20,1.30411,0.789794,14.437259,28.459547364638933,4.497519331965159,10.817771200896351,1,30,34,188,99
76,30,66,LinearHeuristicAuction,0.05,0.04,,True,,1000,3600,cats_path_g30b150,,heuristic,3,False,CATS,150,paths,MultiMinded,1000,MaxIter,129.36999999999534,17.565949,20,1.39796,0.82384800000000002,16.487464399999997,23.221036734423958,5.1686554898809192,13.714355059701106,1,30,15,183,96
77,30,71,LinearHeuristicAuction,0.05,0.04,,True,,1000,3600,cats_path_g30b150,,heuristic,3,False,CATS,150,paths,MultiMinded,1000,MaxIter,140.47999999998137,17.445843,16,1.28117,0.83980299999999997,13.383219,27.707936119878458,2.4729757199762337,10.274591509787102,1,30,24,201,101
78,30,77,LinearHeuristicAuction,0.05,0.04,,True,,1000,3600,cats_path_g30b150,,heuristic,3,False,CATS,150,paths,MultiMinded,1000,MaxIter,140.80999999999767,17.835809,20,1.27923,0.84794999999999998,15.903775,30.919630955061233,7.2948755321026013,11.942590949215546,1,30,26,205,107
79,30,71,LinearHeuristicAuction,0.05,0.04,,True,,1000,3600,cats_path_g30b150,,heuristic,3,False,CATS,150,paths,MultiMinded,1000,MaxIter,136.59999999997672,15.251795000000001,17,1.08004,0.77857100000000001,13.135427,22.978309882972784,2.609757518608534,10.510851682399199,1,30,32,195,101
80,30,67,LinearHeuristicAuction,0.05,0.04,,True,,1000,3600,cats_path_g30b150,,heuristic,3,False,CATS,150,paths,MultiMinded,1000,MaxIter,124.34999999997672,21.216326000000002,19,1.34186,1.05186,18.434817,25.331177509274458,7.7627146123980175,13.443313260681387,1,30,19,186,97
81,30,68,LinearHeuristicAuction,0.05,0.04,,True,,1000,3600,cats_path_g30b150,,heuristic,3,False,CATS,150,paths,MultiMinded,1000,MaxIter,130.0100000000093,14.454433000000002,16,1.14794,0.83136399999999999,12.344759000000002,18.392649744068819,2.0359337846535568,10.030916701909948,1,30,22,188,98
82,30,64,LinearHeuristicAuction,0.05,0.04,,True,,1000,3600,cats_path_g30b150,,heuristic,3,False,CATS,150,paths,MultiMinded,1000,MaxIter,123.78999999997905,14.456647999999998,18,1.03149,0.62555099999999997,12.567600999999998,23.941693939383711,3.0904298405346795,9.0569947441816527,1,30,32,183,94
83,30,64,LinearHeuristicAuction,0.05,0.04,,True,,1000,3600,cats_path_g30b150,,heuristic,3,False,CATS,150,paths,MultiMinded,1000,MaxIter,123.25,15.243575000000002,19,1.11077,0.82948200000000005,13.981536000000004,25.733622498547934,4.2097057401893636,10.27173963791172,1,30,21,182,94
84,30,55,LinearHeuristicAuction,0.05,0.04,,True,,1000,3600,cats_path_g30b150,,heuristic,3,False,CATS,150,paths,MultiMinded,1000,MaxIter,123.19000000000233,10.829593,17,1.04035,0.60557799999999995,10.347593300000002,12.438272497035276,2.0378715777343435,6.2815552713639597,1,30,22,172,85
85,30,70,LinearHeuristicAuction,0.05,0.04,,True,,1000,3600,cats_path_g30b150,,heuristic,3,False,CATS,150,paths,MultiMinded,1000,MaxIter,134.4100000000326,17.838826,17,1.20482,0.99917599999999995,16.548274,26.519595219687904,4.6778354580021224,12.037653380834605,1,30,17,196,100
86,30,63,LinearHeuristicAuction,0.05,0.04,,True,,1000,3600,cats_path_g30b150,,heuristic,3,False,CATS,150,paths,MultiMinded,1000,MaxIter,129.38000000000466,14.348480000000002,14,1.12303,0.66461599999999998,11.897788,15.302132901056561,2.9979378173106541,7.7003424952958639,1,30,28,188,93
87,30,64,LinearHeuristicAuction,0.05,0.04,,True,,1000,3600,cats_path_g30b150,,heuristic,3,False,CATS,150,paths,MultiMinded,1000,MaxIter,126.39000000001397,15.876268000000007,17,1.16618,0.92069400000000001,13.863133000000001,22.567985919654454,6.5479083223465064,10.409383184898456,1,30,26,183,94
88,30,76,LinearHeuristicAuction,0.05,0.04,,True,,1000,3600,cats_path_g30b150,,heuristic,3,False,CATS,150,paths,MultiMinded,1000,MaxIter,137.86999999999534,20.508544000000004,18,1.50963,0.97545999999999999,19.776705,27.33912577608217,3.1442929691266617,13.819631770803147,1,30,31,196,106
89,30,72,LinearHeuristicAuction,0.05,0.04,,True,,1000,3600,cats_path_g30b150,,heuristic,3,False,CATS,150,paths,MultiMinded,1000,MaxIter,135.4100000000326,16.188547,16,1.37467,0.81535500000000005,13.922587000000002,20.066355451424357,4.2919754380040729,8.4858376219887273,1,30,16,200,102
90,30,54,LinearHeuristicAuction,0.05,0.04,,True,,1000,3600,cats_path_g30b150,,heuristic,3,False,CATS,150,paths,MultiMinded,1000,MaxIter,127.3300000000163,12.251615099999999,14,0.821456,0.64283100000000004,9.128781,20.183202769735757,1.1478579695000755,7.3231653587146734,1,30,25,177,84
91,30,66,LinearHeuristicAuction,0.05,0.04,,True,,1000,3600,cats_path_g30b150,,heuristic,3,False,CATS,150,paths,MultiMinded,1000,MaxIter,128.46000000002095,13.249561,15,1.08687,0.77222100000000005,10.045498,18.534412625530706,3.5125144603242191,6.5757391478445353,1,30,17,190,96
92,30,57,LinearHeuristicAuction,0.05,0.04,,True,,1000,3600,cats_path_g30b150,,heuristic,3,False,CATS,150,paths,MultiMinded,1000,MaxIter,122.89000000001397,12.038590999999998,15,0.968649,0.65237100000000003,9.707475999999998,21.597418405819006,3.1496612343495269,5.8702492998498972,1,30,29,175,87
93,30,62,LinearHeuristicAuction,0.05,0.04,,True,,1000,3600,cats_path_g30b150,,heuristic,3,False,CATS,150,paths,MultiMinded,1000,MaxIter,120.25,16.059345,17,1.15822,0.86252099999999998,13.120923000000001,24.918917799855322,3.6930559714889259,9.0531302786198928,1,30,26,175,92
94,30,68,LinearHeuristicAuction,0.05,0.04,,True,,1000,3600,cats_path_g30b150,,heuristic,3,False,CATS,150,paths,MultiMinded,1000,MaxIter,134.69999999995343,17.743863,16,1.39576,0.98003499999999999,15.835371999999998,27.026929580620816,6.3347071564792987,12.420868364082406,1,30,27,184,98
95,30,64,LinearHeuristicAuction,0.05,0.04,,True,,1000,3600,cats_path_g30b150,,heuristic,3,False,CATS,150,paths,MultiMinded,1000,MaxIter,122.92999999999302,15.467591,17,0.907099,0.58233449999999998,10.615002,21.957443223348413,3.7621823133836059,10.603574311268657,1,30,18,185,94
96,30,57,LinearHeuristicAuction,0.05,0.04,,True,,1000,3600,cats_path_g30b150,,heuristic,3,False,CATS,150,paths,MultiMinded,1000,MaxIter,124.89000000001397,9.8668957,16,1.02137,0.65189799999999998,9.682718599999998,13.647214372349792,4.9394945163010542,7.0944103308229511,1,30,20,166,87
97,30,55,LinearHeuristicAuction,0.05,0.04,,True,,1000,3600,cats_path_g30b150,,heuristic,3,False,CATS,150,paths,MultiMinded,1000,MaxIter,120.64999999996508,12.714137000000001,15,1.1671,0.73047649999999997,10.245153,20.010737635743336,4.2024482883404426,6.828879231543425,1,30,19,176,85
98,30,61,LinearHeuristicAuction,0.05,0.04,,True,,1000,3600,cats_path_g30b150,,heuristic,3,False,CATS,150,paths,MultiMinded,1000,MaxIter,127.02000000001863,17.221063000000004,16,1.28051,0.90821799999999997,13.623825,26.875882038555687,2.2059941570895618,6.8963778471275692,1,30,27,181,91
99,30,71,LinearHeuristicAuction,0.05,0.04,,True,,1000,3600,cats_path_g30b150,,heuristic,3,False,CATS,150,paths,MultiMinded,1000,MaxIter,130.92999999999302,16.835101,17,1.27222,0.965194,14.694382,36.300577149505912,4.7970728737044386,11.766234177684805,1,30,33,193,101
100,30,69,LinearHeuristicAuction,0.05,0.04,,True,,1000,3600,cats_path_g30b150,,heuristic,3,False,CATS,150,paths,MultiMinded,1000,MaxIter,128.88999999995576,11.185935,18,0.872955,0.55562999999999996,9.362995999999999,11.413951181152635,4.0002711071711694,7.349985445864891,1,30,16,187,99
