idx,items,agents,auction_class,epsilon,stepc,epoch,scalebyvalue,reserve_type,maxiter,maxtime,generator_param_name,personalized,bidding_strategy,heuristic_pool_num,int_prices,generator,bids,distribution,type,rounds,status,runtime,efficient_value,final_num_winners,final_max_agent_value,final_scalevalue,final_value,final_total_price,final_revenue,final_indirect_util,final_price_degree,final_price_sparsity,final_imbalance,final_wd_nvars,final_wd_ncons
1,30,67,AdaptiveCuttingAuction,0.05,0.01,10,True,,1000,3600,cats_path_g30b150,True,default,2,False,CATS,150,paths,MultiMinded,1000,MaxIter,3478.0400000000373,15.606157999999997,19,1.23481,0.870313,15.205192999999998,10.103491992195249,9.2766946421952508,16.758410952846106,4,3448,8,196,97
2,30,63,AdaptiveCuttingAuction,0.05,0.01,10,True,,1000,3600,cats_path_g30b150,True,default,2,False,CATS,150,paths,MultiMinded,1000,MaxIter,630.140000000014,14.094153000000002,21,1.04283,0.78301449999999995,13.549869000000001,10.457964459043339,9.6635251983507384,14.019330817706749,4,65,18,190,93
3,30,69,AdaptiveCuttingAuction,0.05,0.01,10,True,,1000,3600,cats_path_g30b150,True,default,2,False,CATS,150,paths,MultiMinded,1000,MaxIter,1207.8000000000466,19.941755999999998,20,1.33809,0.95683499999999999,18.296114999999997,14.348273150312231,12.557721715860801,19.811421313001077,4,4424,17,195,99
4,30,66,AdaptiveCuttingAuction,0.05,0.01,10,True,,1000,3600,cats_path_g30b150,True,default,2,False,CATS,150,paths,MultiMinded,1000,MaxIter,1847.9799999999814,14.118885,22,0.998367,0.78126600000000002,13.766812999999999,10.970737085856864,10.111344485856867,14.617880436850347,3,3635,29,189,96
5,30,65,AdaptiveCuttingAuction,0.05,0.01,10,True,,1000,3600,cats_path_g30b150,True,default,2,False,CATS,150,paths,MultiMinded,1000,MaxIter,877.0200000000186,15.664620999999997,22,1.04116,0.78344400000000003,13.942815999999997,11.717946275741813,9.4741819757980039,14.279516730992199,4,61,21,192,95
6,30,61,AdaptiveCuttingAuction,0.05,0.01,10,True,,1000,3600,cats_path_g30b150,True,default,2,False,CATS,150,paths,MultiMinded,1000,MaxIter,663.0599999999977,15.723609,20,1.13448,0.79950699999999997,14.262872,10.08983761442517,8.5155578537307317,16.906408252033756,3,3242,26,183,91
7,30,64,AdaptiveCuttingAuction,0.05,0.01,10,True,,1000,3600,cats_path_g30b150,True,default,2,False,CATS,150,paths,MultiMinded,1000,MaxIter,2144.859999999986,16.373429,20,1.20046,0.76909549999999993,15.080695,9.9207082353877354,8.3290542785869786,16.175855317832891,4,3591,12,190,94
8,30,72,AdaptiveCuttingAuction,0.05,0.01,10,True,,1000,3600,cats_path_g30b150,True,default,2,False,CATS,150,paths,MultiMinded,1000,MaxIter,2126.5200000000186,16.311622,19,1.24903,0.86937299999999995,15.297312999999999,14.311380281705896,10.706944796996895,13.573896668656475,4,5693,25,202,102
9,30,60,AdaptiveCuttingAuction,0.05,0.01,10,True,,1000,3600,cats_path_g30b150,True,default,2,False,CATS,150,paths,MultiMinded,1000,MaxIter,2688.2799999999697,14.554215,23,1.25806,0.77530200000000005,14.261916000000001,11.126284635956567,9.6706184778510114,14.397159011644042,3,3565,13,190,90
10,30,64,AdaptiveCuttingAuction,0.05,0.01,10,True,,1000,3600,cats_path_g30b150,True,default,2,False,CATS,150,paths,MultiMinded,1000,MaxIter,2941.0,15.764945999999998,22,1.20473,0.77151750000000008,15.282983,10.314329950141138,9.1288547912977211,18.106596809778168,4,3668,19,186,94
11,30,70,AdaptiveCuttingAuction,0.05,0.01,10,True,,1000,3600,cats_path_g30b150,True,default,2,False,CATS,150,paths,MultiMinded,1000,MaxIter,889.9900000000489,15.460275,20,1.12749,0.83722600000000003,14.721512999999998,12.711880807910191,9.7673683596123091,13.144575416467188,3,3710,13,201,100
12,30,67,AdaptiveCuttingAuction,0.05,0.01,10,True,,1000,3600,cats_path_g30b150,True,default,2,False,CATS,150,paths,MultiMinded,1000,MaxIter,1181.820000000007,14.9714,22,1.03711,0.74539299999999997,13.908523999999998,10.629065984489154,8.6341143178516457,13.532164955236622,3,4434,6,197,97
13,30,70,AdaptiveCuttingAuction,0.05,0.01,10,True,,1000,3600,cats_path_g30b150,True,default,2,False,CATS,150,paths,MultiMinded,1000,MaxIter,2028.4500000000116,13.718234000000002,24,1.05702,0.66747699999999999,13.389034000000002,9.7989202504741328,8.5239637778568209,13.58623491609508,4,3432,8,201,100
14,30,57,AdaptiveCuttingAuction,0.05,0.01,10,True,,1000,3600,cats_path_g30b150,True,default,2,False,CATS,150,paths,MultiMinded,1000,MaxIter,1959.960000000021,13.5776358,19,1.27472,0.79768799999999995,12.925843400000002,8.7526000115650646,7.9023253683132486,14.79312371954364,3,3423,28,186,87
15,30,76,AdaptiveCuttingAuction,0.05,0.01,10,True,,1000,3600,cats_path_g30b150,True,default,2,False,CATS,150,paths,MultiMinded,1000,MaxIter,751.3300000000163,19.193505000000002,24,1.29161,1.0414399999999999,18.461161999999998,14.689912872237517,12.84432119210082,19.016175292710432,3,62,18,200,106
16,30,55,AdaptiveCuttingAuction,0.05,0.01,10,True,,1000,3600,cats_path_g30b150,True,default,2,False,CATS,150,paths,MultiMinded,1000,MaxIter,1796.0800000000163,17.6371399,22,1.30608,0.92928299999999997,17.075914,13.266806361544011,9.4530790181195545,15.063725320011454,3,4022,15,185,85
17,30,60,AdaptiveCuttingAuction,0.05,0.01,10,True,,1000,3600,cats_path_g30b150,True,default,2,False,CATS,150,paths,MultiMinded,1000,MaxIter,1562.3399999999674,17.3437429,21,1.15586,0.84924900000000003,16.476855,13.229671908863578,11.412999229737894,18.346153462932449,3,3132,23,178,90
18,30,68,AdaptiveCuttingAuction,0.05,0.01,10,True,,1000,3600,cats_path_g30b150,True,default,2,False,CATS,150,paths,MultiMinded,1000,MaxIter,437.820000000007,16.532421,24,1.15917,0.79773499999999997,16.138041,13.561019719906273,12.054064825917532,15.984874526287758,3,45,25,195,98
19,30,84,AdaptiveCuttingAuction,0.05,0.01,10,True,,1000,3600,cats_path_g30b150,True,default,2,False,CATS,150,paths,MultiMinded,1000,MaxIter,777.3099999999977,16.550685,22,1.19703,0.78075050000000001,16.419418999999998,13.461361280906292,12.239386917975276,15.605341167213336,2,46,9,219,114
20,30,57,AdaptiveCuttingAuction,0.05,0.01,10,True,,1000,3600,cats_path_g30b150,True,default,2,False,CATS,150,paths,MultiMinded,1000,MaxIter,812.2600000000093,11.988608000000001,19,0.830201,0.65249500000000005,11.449316999999999,8.6347665301744581,6.6506406207610187,11.361418909133398,3,57,22,187,87
21,30,76,AdaptiveCuttingAuction,0.05,0.01,10,True,,1000,3600,cats_path_g30b150,True,default,2,False,CATS,150,paths,MultiMinded,740,MaxTime,3641.6599999999744,16.346269,22,1.16216,0.87333000000000005,16.06535,11.982715874620348,10.341554616994612,16.466845062640143,4,4280,13,203,106
22,30,62,AdaptiveCuttingAuction,0.05,0.01,10,True,,1000,3600,cats_path_g30b150,True,default,2,False,CATS,150,paths,MultiMinded,1000,MaxIter,2896.490000000049,11.899390499999999,22,1.11701,0.58296099999999995,11.426402,7.729416906022089,6.3361112327364957,11.557415857011762,3,3356,20,186,92
23,30,61,AdaptiveCuttingAuction,0.05,0.01,10,True,,1000,3600,cats_path_g30b150,True,default,2,False,CATS,150,paths,MultiMinded,1000,MaxIter,878.4799999999814,17.460715,22,1.27766,0.872475,17.013854900000002,11.400683428334048,10.149316763281069,18.327281644055958,3,63,23,188,91
24,30,72,AdaptiveCuttingAuction,0.05,0.01,10,True,,1000,3600,cats_path_g30b150,True,default,2,False,CATS,150,paths,MultiMinded,1000,MaxIter,2815.6500000000233,16.551633999999996,22,1.24587,0.733267,15.668011000000003,11.496475158914226,10.424745234054008,18.173271819913097,3,3970,16,195,102
25,30,66,AdaptiveCuttingAuction,0.05,0.01,10,True,,1000,3600,cats_path_g30b150,True,default,2,False,CATS,150,paths,MultiMinded,1000,MaxIter,762.6199999999953,15.951057999999998,24,1.21778,0.74724500000000005,15.568556999999997,10.717905912868964,9.6924407216880422,15.985949180550733,3,48,11,194,96
26,30,71,AdaptiveCuttingAuction,0.05,0.01,10,True,,1000,3600,cats_path_g30b150,True,default,2,False,CATS,150,paths,MultiMinded,1000,MaxIter,801.9799999999814,18.600379,21,1.35655,1.0506500000000001,18.135299,12.56124625348729,11.479076753487291,18.848973839424854,3,51,19,204,101
27,30,65,AdaptiveCuttingAuction,0.05,0.01,10,True,,1000,3600,cats_path_g30b150,True,default,2,False,CATS,150,paths,MultiMinded,1000,MaxIter,1509.0200000000186,15.208365,21,1.24835,0.71721100000000004,14.374262,11.05853270715993,8.7622596113094886,13.646546090376024,3,3904,8,196,95
28,30,68,AdaptiveCuttingAuction,0.05,0.01,10,True,,1000,3600,cats_path_g30b150,True,default,2,False,CATS,150,paths,MultiMinded,1000,MaxIter,1816.7999999999884,14.86174,20,1.33611,1.01847,14.252339099999999,10.622182118476424,9.7055591184764261,14.924224335690282,3,74,25,204,98
29,30,58,AdaptiveCuttingAuction,0.05,0.01,10,True,,1000,3600,cats_path_g30b150,True,default,2,False,CATS,150,paths,MultiMinded,1000,MaxIter,1531.0299999999697,11.257909999999999,21,0.8594,0.57639300000000004,11.190983999999998,8.4432013239532733,7.6047887512080896,10.841410059691288,4,4296,7,194,88
30,30,65,AdaptiveCuttingAuction,0.05,0.01,10,True,,1000,3600,cats_path_g30b150,True,default,2,False,CATS,150,paths,MultiMinded,1000,MaxIter,1286.9099999999744,12.752407,18,1.05004,0.71123899999999995,11.76072,8.7122168953388819,7.1357489719303206,12.362304592876274,3,4098,24,200,95
31,30,58,AdaptiveCuttingAuction,0.05,0.01,10,True,,1000,3600,cats_path_g30b150,True,default,2,False,CATS,150,paths,MultiMinded,1000,MaxIter,2437.1600000000326,13.4727089,18,1.18366,0.86047800000000008,12.974237,11.23192490473574,9.0047236959319061,12.122028908097638,4,3913,9,195,88
32,30,79,AdaptiveCuttingAuction,0.05,0.01,10,True,,1000,3600,cats_path_g30b150,True,default,2,False,CATS,150,paths,MultiMinded,1000,MaxIter,988.5100000000093,17.626487,20,1.11283,0.85035499999999997,16.771538,13.030823852199031,10.712411602780517,16.297583921868743,3,58,10,212,109
33,30,66,AdaptiveCuttingAuction,0.05,0.01,10,True,,1000,3600,cats_path_g30b150,True,default,2,False,CATS,150,paths,MultiMinded,1000,MaxIter,674.5899999999674,13.562479100000003,22,1.17658,0.71348500000000004,12.785823100000002,10.977004170957324,9.6131355309769759,13.70244112216907,3,52,23,193,96
34,30,59,AdaptiveCuttingAuction,0.05,0.01,10,True,,1000,3600,cats_path_g30b150,True,default,2,False,CATS,150,paths,MultiMinded,1000,MaxIter,744.5800000000163,15.543004,19,1.16304,0.84088200000000002,14.934631999999999,11.192641908219187,10.092553305621653,15.853532603697381,3,72,22,192,89
35,30,61,AdaptiveCuttingAuction,0.05,0.01,10,True,,1000,3600,cats_path_g30b150,True,default,2,False,CATS,150,paths,MultiMinded,1000,MaxIter,727.5299999999697,18.943085999999997,22,1.32614,0.92471499999999995,18.087696,13.58870479655279,12.606591749081147,20.590511700164026,3,51,16,187,91
36,30,75,AdaptiveCuttingAuction,0.05,0.01,10,True,,1000,3600,cats_path_g30b150,True,default,2,False,CATS,150,paths,MultiMinded,1000,MaxIter,3123.1599999999744,15.257448999999998,25,1.04514,0.73463400000000001,14.901522999999997,11.399142346787897,10.26235678882809,17.162633784908888,3,3840,12,198,105
37,30,73,AdaptiveCuttingAuction,0.05,0.01,10,True,,1000,3600,cats_path_g30b150,True,default,2,False,CATS,150,paths,MultiMinded,1000,MaxIter,2856.289999999979,19.314383000000003,23,1.26724,0.81503800000000004,18.809881,12.833229441854915,11.683183468751084,21.087752147975348,3,4027,10,195,103
38,30,69,AdaptiveCuttingAuction,0.05,0.01,10,True,,1000,3600,cats_path_g30b150,True,default,2,False,CATS,150,paths,MultiMinded,1000,MaxIter,1950.109999999986,17.06102,23,1.26197,0.80889699999999998,16.3110855,11.50731222787485,9.5851768590749504,17.392436992029168,4,3194,14,196,99
39,30,64,AdaptiveCuttingAuction,0.05,0.01,10,True,,1000,3600,cats_path_g30b150,True,default,2,False,CATS,150,paths,MultiMinded,1000,MaxIter,1000.7600000000093,18.017829999999996,21,1.46956,1.00953,17.490918999999998,13.434504338384395,12.374497838384388,18.511991842537686,3,3970,7,193,94
40,30,70,AdaptiveCuttingAuction,0.05,0.01,10,True,,1000,3600,cats_path_g30b150,True,default,2,False,CATS,150,paths,MultiMinded,1000,MaxIter,1102.2699999999604,16.415451,22,1.33618,0.79276899999999995,16.08847,12.596101566502872,11.724055666502872,17.302438591135626,3,4060,7,199,100
41,30,62,AdaptiveCuttingAuction,0.05,0.01,10,True,,1000,3600,cats_path_g30b150,True,default,2,False,CATS,150,paths,MultiMinded,1000,MaxIter,824.9799999999814,15.767216000000001,22,1.27329,0.81440000000000001,15.595576999999999,10.285075617192401,9.4780875147092676,15.995866123117404,3,2616,6,194,92
42,30,66,AdaptiveCuttingAuction,0.05,0.01,10,True,,1000,3600,cats_path_g30b150,True,default,2,False,CATS,150,paths,MultiMinded,1000,MaxIter,1125.0500000000466,14.387081000000002,22,1.10378,0.674543,14.232674000000005,10.546131282676154,9.0081452980300885,14.60851493003544,4,3049,16,190,96
43,30,57,AdaptiveCuttingAuction,0.05,0.01,10,True,,1000,3600,cats_path_g30b150,True,default,2,False,CATS,150,paths,MultiMinded,1000,MaxIter,1575.5899999999674,12.78674,21,1.092,0.74160349999999997,11.874044000000001,9.6589545948061826,8.8802709198061844,12.823425282292881,4,2754,15,187,87
44,30,67,AdaptiveCuttingAuction,0.05,0.01,10,True,,1000,3600,cats_path_g30b150,True,default,2,False,CATS,150,paths,MultiMinded,1000,MaxIter,778.2799999999697,14.327095000000002,24,1.04382,0.66583400000000004,13.086649999999999,9.2509608012902795,8.3359193182588296,15.308882577290362,4,53,10,190,97
45,30,80,AdaptiveCuttingAuction,0.05,0.01,10,True,,1000,3600,cats_path_g30b150,True,default,2,False,CATS,150,paths,MultiMinded,1000,MaxIter,1203.1199999999953,13.769805999999999,23,1.20458,0.66948099999999999,13.107869999999997,10.222828410536849,8.2618772006427861,12.54000511026199,3,61,12,213,110
46,30,62,AdaptiveCuttingAuction,0.05,0.01,10,True,,1000,3600,cats_path_g30b150,True,default,2,False,CATS,150,paths,MultiMinded,1000,MaxIter,1083.429999999993,17.982688000000003,24,1.47628,0.89541199999999999,16.639498000000003,12.842446895163636,11.767952495163639,18.417325262670278,4,66,17,189,92
47,30,50,AdaptiveCuttingAuction,0.05,0.01,10,True,,1000,3600,cats_path_g30b150,True,default,2,False,CATS,150,paths,MultiMinded,1000,MaxIter,1959.2999999999884,14.4709692,19,1.15255,0.87777400000000005,14.2909763,8.554184484526516,7.1902338990811856,15.101420079173646,3,3201,12,184,80
48,30,56,AdaptiveCuttingAuction,0.05,0.01,10,True,,1000,3600,cats_path_g30b150,True,default,2,False,CATS,150,paths,MultiMinded,1000,MaxIter,539.0899999999674,19.863466000000003,18,1.39092,0.99550399999999994,18.321033,11.261065014477447,10.365111414477452,21.816709752799909,3,2809,19,179,86
49,30,59,AdaptiveCuttingAuction,0.05,0.01,10,True,,1000,3600,cats_path_g30b150,True,default,2,False,CATS,150,paths,MultiMinded,1000,MaxIter,1453.9000000000233,12.83722,17,1.27931,0.83850000000000002,11.979326,10.582351265551681,8.5196897219536307,10.957622286464112,4,3306,25,192,89
50,30,72,AdaptiveCuttingAuction,0.05,0.01,10,True,,1000,3600,cats_path_g30b150,True,default,2,False,CATS,150,paths,MultiMinded,1000,MaxIter,3341.4400000000023,14.769329999999997,20,1.31494,0.719059,14.123321999999998,10.30269696256121,9.1453310238891365,15.377302785506714,4,4912,9,202,102
51,30,72,AdaptiveCuttingAuction,0.05,0.01,10,True,,1000,3600,cats_path_g30b150,True,default,2,False,CATS,150,paths,MultiMinded,1000,MaxIter,2810.8300000000163,16.073219,19,1.09244,0.793798,14.923193000000001,12.04644923915169,9.0754485064042854,14.431437525189047,4,4047,20,202,102
52,30,53,AdaptiveCuttingAuction,0.05,0.01,10,True,,1000,3600,cats_path_g30b150,True,default,2,False,CATS,150,paths,MultiMinded,1000,MaxIter,815.289999999979,12.6877335,17,1.34175,0.74289899999999998,11.8246007,8.3450459518543436,7.7206357010708286,14.515945142215225,3,2768,13,181,83
53,30,69,AdaptiveCuttingAuction,0.05,0.01,10,True,,1000,3600,cats_path_g30b150,True,default,2,False,CATS,150,paths,MultiMinded,1000,MaxIter,1874.6500000000233,18.740910999999997,21,1.16684,0.90905150000000001,18.212902999999997,12.477242020889836,11.388846977253801,19.011656457320221,4,3875,11,194,99
54,30,63,AdaptiveCuttingAuction,0.05,0.01,10,True,,1000,3600,cats_path_g30b150,True,default,2,False,CATS,150,paths,MultiMinded,1000,MaxIter,728.0199999999604,15.541510000000004,21,1.41102,0.83414200000000005,14.671453000000001,11.851903442359671,9.430758676505679,14.584331935070169,4,59,27,190,93
55,30,79,AdaptiveCuttingAuction,0.05,0.01,10,True,,1000,3600,cats_path_g30b150,True,default,2,False,CATS,150,paths,MultiMinded,910,MaxTime,3634.719999999972,15.979884000000002,22,1.1263,0.85292049999999997,15.691702,13.202495166006408,11.488179369025376,16.316795870267867,4,4672,13,209,109
56,30,75,AdaptiveCuttingAuction,0.05,0.01,10,True,,1000,3600,cats_path_g30b150,True,default,2,False,CATS,150,paths,MultiMinded,1000,MaxIter,3277.429999999993,18.432461999999994,23,1.25637,0.86360099999999995,17.734752999999998,13.427377553474271,11.282172919361676,17.452150487506948,3,3842,17,203,105
57,30,69,AdaptiveCuttingAuction,0.05,0.01,10,True,,1000,3600,cats_path_g30b150,True,default,2,False,CATS,150,paths,MultiMinded,1000,MaxIter,777.1199999999953,21.377306399999995,20,1.41831,1.0310999999999999,20.885213999999998,14.644789768078029,13.007369585252746,21.527909070486832,3,57,15,198,99
58,30,55,AdaptiveCuttingAuction,0.05,0.01,10,True,,1000,3600,cats_path_g30b150,True,default,2,False,CATS,150,paths,MultiMinded,1000,MaxIter,702.8399999999674,12.959700999999999,20,1.39908,0.69830300000000001,12.754223999999999,9.780428450733007,8.8939422600254119,12.938209288982751,3,68,30,186,85
59,30,62,AdaptiveCuttingAuction,0.05,0.01,10,True,,1000,3600,cats_path_g30b150,True,default,2,False,CATS,150,paths,MultiMinded,1000,MaxIter,1950.0499999999884,11.245693,23,0.937523,0.59201349999999997,11.004721199999997,8.0990209990161137,7.2637340315445202,10.747906848283412,3,3230,9,192,92
60,30,62,AdaptiveCuttingAuction,0.05,0.01,10,True,,1000,3600,cats_path_g30b150,True,default,2,False,CATS,150,paths,MultiMinded,1000,MaxIter,1441.0,16.295090999999996,20,1.36668,0.91428500000000001,15.745612999999995,12.76694105311104,11.030257050402605,15.781845288736367,4,4045,15,196,92
61,30,65,AdaptiveCuttingAuction,0.05,0.01,10,True,,1000,3600,cats_path_g30b150,True,default,2,False,CATS,150,paths,MultiMinded,1000,MaxIter,701.1199999999953,12.734226999999999,19,1.10066,0.73527699999999996,12.182171999999998,8.9029850201884742,7.3384948163418393,12.013249774650344,4,51,20,196,95
62,30,74,AdaptiveCuttingAuction,0.05,0.01,10,True,,1000,3600,cats_path_g30b150,True,default,2,False,CATS,150,paths,MultiMinded,1000,MaxIter,1027.6900000000023,15.189660000000002,23,1.07901,0.72534500000000002,14.748672000000003,10.367900536368657,9.5700210363686598,14.761076070843451,3,3407,6,206,104
63,30,57,AdaptiveCuttingAuction,0.05,0.01,10,True,,1000,3600,cats_path_g30b150,True,default,2,False,CATS,150,paths,MultiMinded,1000,MaxIter,617.7000000000116,15.812223,20,1.17468,0.85123000000000004,15.204821800000001,12.131618103766687,10.152753754180896,15.745240243540611,3,3253,13,182,87
64,30,65,AdaptiveCuttingAuction,0.05,0.01,10,True,,1000,3600,cats_path_g30b150,True,default,2,False,CATS,150,paths,MultiMinded,1000,MaxIter,1490.3300000000163,14.256674000000002,19,1.1464,0.76940900000000001,13.825445,12.055960135596751,9.749717918785807,12.265731824701648,3,3972,20,197,95
65,30,75,AdaptiveCuttingAuction,0.05,0.01,10,True,,1000,3600,cats_path_g30b150,True,default,2,False,CATS,150,paths,MultiMinded,1000,MaxIter,395.04000000003725,14.689584000000002,20,1.20503,0.79890700000000003,13.839286,12.479874391951252,11.36012924319196,14.279508949018449,3,45,17,202,105
66,30,64,AdaptiveCuttingAuction,0.05,0.01,10,True,,1000,3600,cats_path_g30b150,True,default,2,False,CATS,150,paths,MultiMinded,1000,MaxIter,738.6500000000233,15.318505000000002,22,1.13026,0.77133499999999999,14.955406000000004,12.575563339955044,10.216210017283403,13.478065775241005,3,56,11,193,94
67,30,65,AdaptiveCuttingAuction,0.05,0.01,10,True,,1000,3600,cats_path_g30b150,True,default,2,False,CATS,150,paths,MultiMinded,1000,MaxIter,1582.7600000000093,17.19162,19,1.36208,0.868533,15.880684000000002,12.568137637046817,11.25043804709963,18.046301703586828,4,3916,8,195,95
68,30,62,AdaptiveCuttingAuction,0.05,0.01,10,True,,1000,3600,cats_path_g30b150,True,default,2,False,CATS,150,paths,MultiMinded,1000,MaxIter,668.9199999999837,16.58045,23,1.1806,0.75433449999999991,16.4254926,7.7599915985214407,6.6863690820524759,16.146249226548306,3,55,10,194,92
69,30,69,AdaptiveCuttingAuction,0.05,0.01,10,True,,1000,3600,cats_path_g30b150,True,default,2,False,CATS,150,paths,MultiMinded,1000,MaxIter,997.9199999999837,16.94247,22,1.39982,0.781829,15.623944999999999,12.457993877739874,11.597981977739867,18.184279701005302,4,74,22,191,99
70,30,69,AdaptiveCuttingAuction,0.05,0.01,10,True,,1000,3600,cats_path_g30b150,True,default,2,False,CATS,150,paths,MultiMinded,1000,MaxIter,2258.3800000000047,15.6214981,21,1.25374,0.86018899999999998,15.217380000000002,10.331736164762836,9.4691002965057756,16.699141770522328,3,3674,13,192,99
71,30,72,AdaptiveCuttingAuction,0.05,0.01,10,True,,1000,3600,cats_path_g30b150,True,default,2,False,CATS,150,paths,MultiMinded,1000,MaxIter,2427.929999999993,18.0902305,22,1.22443,0.96304999999999996,17.747254,15.718613129205041,12.834522617779013,16.178454612961307,4,4479,10,202,102
72,30,71,AdaptiveCuttingAuction,0.05,0.01,10,True,,1000,3600,cats_path_g30b150,True,default,2,False,CATS,150,paths,MultiMinded,1000,MaxIter,602.109999999986,14.262129000000002,24,1.12549,0.60241199999999995,14.170201000000002,9.2909886380033466,8.5680942380033454,15.424297370390189,3,50,17,200,101
73,30,61,AdaptiveCuttingAuction,0.05,0.01,10,True,,1000,3600,cats_path_g30b150,True,default,2,False,CATS,150,paths,MultiMinded,1000,MaxIter,2891.4799999999814,16.416352,22,1.29762,0.90387399999999996,16.050773,11.268120090950104,9.6574501542881936,17.029442098213508,3,3790,15,194,91
74,30,65,AdaptiveCuttingAuction,0.05,0.01,10,True,,1000,3600,cats_path_g30b150,True,default,2,False,CATS,150,paths,MultiMinded,1000,MaxIter,2275.9799999999814,10.025623,20,0.812177,0.53816299999999995,9.725457,7.9019767175594913,6.4323041265375487,9.3264573728520137,4,3992,15,195,95
75,30,69,AdaptiveCuttingAuction,0.05,0.01,10,True,,1000,3600,cats_path_g30b150,True,default,2,False,CATS,150,paths,MultiMinded,1000,MaxIter,2361.5499999999884,15.321485,21,1.30411,0.789794,14.139275,12.432158544955765,9.954129831218733,13.883485263660555,3,4291,28,196,99
76,30,66,AdaptiveCuttingAuction,0.05,0.01,10,True,,1000,3600,cats_path_g30b150,True,default,2,False,CATS,150,paths,MultiMinded,1000,MaxIter,2737.9199999999837,17.565949,22,1.39796,0.82384800000000002,17.0165053,11.889612090856836,10.571829080372861,18.431039712316036,4,4227,7,196,96
77,30,71,AdaptiveCuttingAuction,0.05,0.01,10,True,,1000,3600,cats_path_g30b150,True,default,2,False,CATS,150,paths,MultiMinded,1000,MaxIter,1403.6199999999953,17.445843,23,1.28117,0.83980299999999997,16.762990000000002,12.694501451888954,11.22404828387406,17.350215836006061,3,3488,17,197,101
78,30,77,AdaptiveCuttingAuction,0.05,0.01,10,True,,1000,3600,cats_path_g30b150,True,default,2,False,CATS,150,paths,MultiMinded,1000,MaxIter,2194.0299999999697,17.835809,22,1.27923,0.84794999999999998,17.427885,14.320727532800156,13.044810086534113,17.788778831387507,3,4389,7,207,107
79,30,71,AdaptiveCuttingAuction,0.05,0.01,10,True,,1000,3600,cats_path_g30b150,True,default,2,False,CATS,150,paths,MultiMinded,1000,MaxIter,2979.429999999993,15.251795000000001,23,1.08004,0.77857100000000001,15.026756,11.612128723879675,9.8212393698519023,14.921886180556292,3,4638,13,196,101
80,30,67,AdaptiveCuttingAuction,0.05,0.01,10,True,,1000,3600,cats_path_g30b150,True,default,2,False,CATS,150,paths,MultiMinded,1000,MaxIter,1553.929999999993,21.216326000000002,22,1.34186,1.05186,20.327007,15.897532177528712,14.790087087598627,21.553482247199028,3,3566,5,195,97
81,30,68,AdaptiveCuttingAuction,0.05,0.01,10,True,,1000,3600,cats_path_g30b150,True,default,2,False,CATS,150,paths,MultiMinded,1000,MaxIter,1436.140000000014,14.454433000000002,20,1.14794,0.83136399999999999,13.744007000000002,9.5944693604591631,7.0172447398016686,12.812333492181484,4,3088,12,201,98
82,30,64,AdaptiveCuttingAuction,0.05,0.01,10,True,,1000,3600,cats_path_g30b150,True,default,2,False,CATS,150,paths,MultiMinded,1000,MaxIter,623.6000000000349,14.456647999999998,22,1.03149,0.62555099999999997,13.9809595,10.008847862235898,9.3124072782798404,14.677332871603396,3,58,15,193,94
83,30,64,AdaptiveCuttingAuction,0.05,0.01,10,True,,1000,3600,cats_path_g30b150,True,default,2,False,CATS,150,paths,MultiMinded,1000,MaxIter,1329.460000000021,15.243575000000002,21,1.11077,0.82948200000000005,14.392071999999999,12.464377499940545,11.36749838843444,15.582466364110198,3,3716,17,192,94
84,30,55,AdaptiveCuttingAuction,0.05,0.01,10,True,,1000,3600,cats_path_g30b150,True,default,2,False,CATS,150,paths,MultiMinded,1000,MaxIter,1280.0800000000163,10.829593,17,1.04035,0.60557799999999995,10.639242999999999,7.2029870004929766,6.7168019911764505,12.043929613773603,4,3216,11,192,85
85,30,70,AdaptiveCuttingAuction,0.05,0.01,10,True,,1000,3600,cats_path_g30b150,True,default,2,False,CATS,150,paths,MultiMinded,1000,MaxIter,1442.3499999999767,17.838826,20,1.20482,0.99917599999999995,17.099923,13.510514418866791,10.822910680867066,16.343263081665214,3,4132,14,200,100
86,30,63,AdaptiveCuttingAuction,0.05,0.01,10,True,,1000,3600,cats_path_g30b150,True,default,2,False,CATS,150,paths,MultiMinded,1000,MaxIter,1962.679999999993,14.348480000000002,19,1.12303,0.66461599999999998,13.270551000000001,11.10760893231277,9.9336982295493463,14.207007305982088,4,4047,14,194,93
87,30,64,AdaptiveCuttingAuction,0.05,0.01,10,True,,1000,3600,cats_path_g30b150,True,default,2,False,CATS,150,paths,MultiMinded,1000,MaxIter,1640.9000000000233,15.876268000000007,19,1.16618,0.92069400000000001,14.656847000000004,10.470770013338756,8.8519981408554003,14.829027764831954,4,3785,7,198,94
88,30,76,AdaptiveCuttingAuction,0.05,0.01,10,True,,1000,3600,cats_path_g30b150,True,default,2,False,CATS,150,paths,MultiMinded,1000,MaxIter,2102.670000000042,20.508544000000004,19,1.50963,0.97545999999999999,18.743709000000003,14.361694502748229,13.008582790920419,20.021268305346602,3,3884,8,212,106
89,30,72,AdaptiveCuttingAuction,0.05,0.01,10,True,,1000,3600,cats_path_g30b150,True,default,2,False,CATS,150,paths,MultiMinded,1000,MaxIter,860.7299999999814,16.188547,21,1.37467,0.81535500000000005,15.392128000000003,12.256678561760323,10.703686271444564,16.613172765229461,3,61,26,202,102
90,30,54,AdaptiveCuttingAuction,0.05,0.01,10,True,,1000,3600,cats_path_g30b150,True,default,2,False,CATS,150,paths,MultiMinded,1000,MaxIter,864.429999999993,12.251615099999999,21,0.821456,0.64283100000000004,12.153213000000001,8.7173016772890115,7.9551425975154855,11.885618701907283,4,64,18,184,84
91,30,66,AdaptiveCuttingAuction,0.05,0.01,10,True,,1000,3600,cats_path_g30b150,True,default,2,False,CATS,150,paths,MultiMinded,1000,MaxIter,735.3000000000466,13.249561,19,1.08687,0.77222100000000005,12.647307999999999,9.9927968541693737,8.4085135250836522,12.165337513084937,3,3110,13,199,96
92,30,57,AdaptiveCuttingAuction,0.05,0.01,10,True,,1000,3600,cats_path_g30b150,True,default,2,False,CATS,150,paths,MultiMinded,1000,MaxIter,656.6199999999953,12.038590999999998,22,0.968649,0.65237100000000003,11.8928006,9.3219676142453913,8.3137223947737198,11.336727687723453,3,53,10,186,87
93,30,62,AdaptiveCuttingAuction,0.05,0.01,10,True,,1000,3600,cats_path_g30b150,True,default,2,False,CATS,150,paths,MultiMinded,1000,MaxIter,826.0800000000163,16.059345,20,1.15822,0.86252099999999998,15.599266100000001,10.559087289900786,9.4378332036523336,15.942103856120148,3,58,15,193,92
94,30,68,AdaptiveCuttingAuction,0.05,0.01,10,True,,1000,3600,cats_path_g30b150,True,default,2,False,CATS,150,paths,MultiMinded,1000,MaxIter,1878.0200000000186,17.743863,20,1.39576,0.98003499999999999,17.097111,14.817742784766674,11.90702775275965,16.510305793675059,3,4494,22,198,98
95,30,64,AdaptiveCuttingAuction,0.05,0.01,10,True,,1000,3600,cats_path_g30b150,True,default,2,False,CATS,150,paths,MultiMinded,1000,MaxIter,613.359999999986,15.467591,26,0.907099,0.58233449999999998,14.438839,9.6047401035593829,8.900115358559388,15.53012015436024,3,45,22,186,94
96,30,57,AdaptiveCuttingAuction,0.05,0.01,10,True,,1000,3600,cats_path_g30b150,True,default,2,False,CATS,150,paths,MultiMinded,1000,MaxIter,689.2700000000186,9.8668957,15,1.02137,0.65189799999999998,9.365871,8.2338644995987984,7.2695924038448068,9.3574144066447591,4,58,19,193,87
97,30,55,AdaptiveCuttingAuction,0.05,0.01,10,True,,1000,3600,cats_path_g30b150,True,default,2,False,CATS,150,paths,MultiMinded,1000,MaxIter,828.460000000021,12.714137000000001,18,1.1671,0.73047649999999997,11.540407,9.5118251540250522,8.6423793438621281,12.818351709422931,3,62,27,186,85
98,30,61,AdaptiveCuttingAuction,0.05,0.01,10,True,,1000,3600,cats_path_g30b150,True,default,2,False,CATS,150,paths,MultiMinded,1000,MaxIter,546.4899999999907,17.221063000000004,21,1.28051,0.90821799999999997,16.269502,13.503107802284848,12.258738051690566,18.10467740078365,4,61,36,186,91
99,30,71,AdaptiveCuttingAuction,0.05,0.01,10,True,,1000,3600,cats_path_g30b150,True,default,2,False,CATS,150,paths,MultiMinded,1000,MaxIter,690.710000000021,16.835101,22,1.27222,0.965194,16.630571,14.389280041059735,13.327566641059741,17.097324437265272,3,48,17,200,101
100,30,69,AdaptiveCuttingAuction,0.05,0.01,10,True,,1000,3600,cats_path_g30b150,True,default,2,False,CATS,150,paths,MultiMinded,1000,MaxIter,602.2399999999907,11.185935,22,0.872955,0.55562999999999996,10.622654,7.4222029792043234,6.811009979204325,11.126640360377596,3,48,11,200,99
