idx,items,agents,auction_class,epsilon,stepc,epoch,scalebyvalue,reserve_type,maxiter,maxtime,generator_param_name,personalized,bidding_strategy,heuristic_pool_num,int_prices,generator,bids,distribution,type,rounds,status,runtime,efficient_value,final_num_winners,final_max_agent_value,final_scalevalue,final_value,final_total_price,final_revenue,final_indirect_util,final_price_degree,final_price_sparsity,final_imbalance,final_wd_nvars,final_wd_ncons
1,30,67,LinearSubgradientAuction,0.05,0.04,,True,,1000,3600,cats_path_g30b150,,heuristic,2,False,CATS,150,paths,MultiMinded,1000,MaxIter,2896.2399999999907,15.606157999999997,12,1.23481,0.870313,9.651024999999999,17.020543483579139,4.1946946597465962,8.8620888238015247,1,29,15,4020,5993
2,30,63,LinearSubgradientAuction,0.05,0.04,,True,,1000,3600,cats_path_g30b150,,heuristic,2,False,CATS,150,paths,MultiMinded,1000,MaxIter,2704.320000000007,14.094153000000002,14,1.04283,0.78301449999999995,7.570749,18.998501381854719,1.8627998942204542,7.5075280756247906,1,29,23,3780,5637
3,30,69,LinearSubgradientAuction,0.05,0.04,,True,,1000,3600,cats_path_g30b150,,heuristic,2,False,CATS,150,paths,MultiMinded,1000,MaxIter,3152.75,19.941755999999998,14,1.33809,0.95683499999999999,12.84975,22.810256443082839,5.8242887862760115,13.449426379586189,1,30,16,4209,6309
4,30,66,LinearSubgradientAuction,0.05,0.04,,True,,1000,3600,cats_path_g30b150,,heuristic,2,False,CATS,150,paths,MultiMinded,1000,MaxIter,2967.360000000015,14.118885,18,0.998367,0.78126600000000002,8.822875,17.187121975032618,3.1265928922106982,5.4237630596304776,1,30,19,4026,6036
5,30,65,LinearSubgradientAuction,0.05,0.04,,True,,1000,3600,cats_path_g30b150,,heuristic,2,False,CATS,150,paths,MultiMinded,1000,MaxIter,2917.8799999999756,15.664620999999997,19,1.04116,0.78344400000000003,10.155480999999998,16.806634737836561,4.6906107363634293,9.4810002814296936,1,30,18,3965,5945
6,30,61,LinearSubgradientAuction,0.05,0.04,,True,,1000,3600,cats_path_g30b150,,heuristic,2,False,CATS,150,paths,MultiMinded,1000,MaxIter,2724.290000000008,15.723609,14,1.13448,0.79950699999999997,9.345486999999999,19.209716396006627,4.2352250278265,9.5948882554218677,1,30,24,3721,5581
7,30,64,LinearSubgradientAuction,0.05,0.04,,True,,1000,3600,cats_path_g30b150,,heuristic,2,False,CATS,150,paths,MultiMinded,1000,MaxIter,2864.8800000000047,16.373429,15,1.20046,0.76909549999999993,10.039410000000002,19.559045895463054,3.6564742014766618,8.3336899230750401,1,30,12,3904,5854
8,30,72,LinearSubgradientAuction,0.05,0.04,,True,,1000,3600,cats_path_g30b150,,heuristic,2,False,CATS,150,paths,MultiMinded,1000,MaxIter,3269.6900000000023,16.311622,12,1.24903,0.86937299999999995,9.397437,19.178089989829314,6.1770570331704402,7.2690077132865971,1,30,23,4392,6582
9,30,60,LinearSubgradientAuction,0.05,0.04,,True,,1000,3600,cats_path_g30b150,,heuristic,2,False,CATS,150,paths,MultiMinded,1000,MaxIter,2577.819999999978,14.554215,18,1.25806,0.77530200000000005,8.981755000000001,14.581641399068824,4.3141170028871167,8.1884262988872187,1,29,14,3600,5370
10,30,64,LinearSubgradientAuction,0.05,0.04,,True,,1000,3600,cats_path_g30b150,,heuristic,2,False,CATS,150,paths,MultiMinded,1000,MaxIter,2828.5199999999895,15.764945999999998,15,1.20473,0.77151750000000008,11.560934,18.068952443065108,4.7893483679439086,8.2029455249061165,1,29,18,3840,5726
11,30,70,LinearSubgradientAuction,0.05,0.04,,True,,1000,3600,cats_path_g30b150,,heuristic,2,False,CATS,150,paths,MultiMinded,1000,MaxIter,3210.9400000000023,15.460275,20,1.12749,0.83722600000000003,12.001404999999998,16.239301691821844,6.1200665537618226,9.0059043455915546,1,30,15,4270,6400
12,30,67,LinearSubgradientAuction,0.05,0.04,,True,,1000,3600,cats_path_g30b150,,heuristic,2,False,CATS,150,paths,MultiMinded,1000,MaxIter,2924.1600000000035,14.9714,15,1.03711,0.74539299999999997,9.708078999999998,17.140318520475752,3.1602163926927473,9.3249871633758339,1,29,16,4020,5993
13,30,70,LinearSubgradientAuction,0.05,0.04,,True,,1000,3600,cats_path_g30b150,,heuristic,2,False,CATS,150,paths,MultiMinded,1000,MaxIter,3064.3000000000175,13.718234000000002,15,1.05702,0.66747699999999999,9.067116000000002,19.82066642490755,2.0959269281455768,5.0062304660371266,1,29,31,4200,6260
14,30,57,LinearSubgradientAuction,0.05,0.04,,True,,1000,3600,cats_path_g30b150,,heuristic,2,False,CATS,150,paths,MultiMinded,1000,MaxIter,2411.6599999999744,13.5776358,14,1.27472,0.79768799999999995,10.150988000000002,13.880760046638908,3.7791510689534795,8.0736756031786072,1,29,14,3420,5103
15,30,76,LinearSubgradientAuction,0.05,0.04,,True,,1000,3600,cats_path_g30b150,,heuristic,2,False,CATS,150,paths,MultiMinded,1000,MaxIter,3533.529999999999,19.193505000000002,15,1.29161,1.0414399999999999,14.017745000000001,20.050324755574707,6.2765378904196636,10.701253370250161,1,30,20,4636,6946
16,30,55,LinearSubgradientAuction,0.05,0.04,,True,,1000,3600,cats_path_g30b150,,heuristic,2,False,CATS,150,paths,MultiMinded,1000,MaxIter,2404.320000000007,17.6371399,12,1.30608,0.92928299999999997,8.536351999999999,17.04717602742933,2.6119451731878081,8.125147879244933,1,30,18,3355,5035
17,30,60,LinearSubgradientAuction,0.05,0.04,,True,,1000,3600,cats_path_g30b150,,heuristic,2,False,CATS,150,paths,MultiMinded,1000,MaxIter,2657.720000000001,17.3437429,20,1.15586,0.84924900000000003,13.980037000000001,19.986510592957927,6.1534536689012045,11.675351939857643,1,30,7,3660,5490
18,30,68,LinearSubgradientAuction,0.05,0.04,,True,,1000,3600,cats_path_g30b150,,heuristic,2,False,CATS,150,paths,MultiMinded,1000,MaxIter,2975.5899999999965,16.532421,16,1.15917,0.79773499999999997,8.632543,19.347429714960157,3.3930582074183206,5.7193248234066285,1,29,17,4080,6082
19,30,84,LinearSubgradientAuction,0.05,0.04,,True,,1000,3600,cats_path_g30b150,,heuristic,2,False,CATS,150,paths,MultiMinded,929,MaxTime,3602.640000000014,16.550685,13,1.19703,0.78075050000000001,10.244317,17.573175194200822,3.5410080297979021,7.0546101339944762,1,29,10,5040,7506
20,30,57,LinearSubgradientAuction,0.05,0.04,,True,,1000,3600,cats_path_g30b150,,heuristic,2,False,CATS,150,paths,MultiMinded,1000,MaxIter,2504.069999999978,11.988608000000001,16,0.830201,0.65249500000000005,7.826342,13.494181524194861,2.3846982621848318,6.5113678872306551,1,30,18,3477,5217
21,30,76,LinearSubgradientAuction,0.05,0.04,,True,,1000,3600,cats_path_g30b150,,heuristic,2,False,CATS,150,paths,MultiMinded,1000,MaxIter,3517.75,16.346269,20,1.16216,0.87333000000000005,12.409887999999999,18.911510452275085,7.6480654756542767,11.077166115329184,1,30,14,4636,6946
22,30,62,LinearSubgradientAuction,0.05,0.04,,True,,1000,3600,cats_path_g30b150,,heuristic,2,False,CATS,150,paths,MultiMinded,1000,MaxIter,2653.539999999979,11.899390499999999,16,1.11701,0.58296099999999995,8.391817,10.288570084385476,4.2146285619408772,7.1222915563212803,1,28,10,3658,5424
23,30,61,LinearSubgradientAuction,0.05,0.04,,True,,1000,3600,cats_path_g30b150,,heuristic,2,False,CATS,150,paths,MultiMinded,1000,MaxIter,2687.8699999999953,17.460715,15,1.27766,0.872475,11.892099000000002,19.673114277733898,2.0430463093960052,8.9868199704312701,1,30,18,3721,5581
24,30,72,LinearSubgradientAuction,0.05,0.04,,True,,1000,3600,cats_path_g30b150,,heuristic,2,False,CATS,150,paths,MultiMinded,1000,MaxIter,3264.0100000000093,16.551633999999996,17,1.24587,0.733267,10.391435000000001,19.545050247500811,4.5790887833573732,8.8307666283873569,1,30,14,4392,6582
25,30,66,LinearSubgradientAuction,0.05,0.04,,True,,1000,3600,cats_path_g30b150,,heuristic,2,False,CATS,150,paths,MultiMinded,1000,MaxIter,2926.5999999999767,15.951057999999998,17,1.21778,0.74724500000000005,9.913172999999999,17.59087914854064,3.0854174777673959,9.9295732035789932,1,29,15,3960,5904
26,30,71,LinearSubgradientAuction,0.05,0.04,,True,,1000,3600,cats_path_g30b150,,heuristic,2,False,CATS,150,paths,MultiMinded,1000,MaxIter,3242.74000000002,18.600379,19,1.35655,1.0506500000000001,13.749697999999999,20.614783037129044,8.2050334673845189,12.38891364166628,1,30,15,4331,6491
27,30,65,LinearSubgradientAuction,0.05,0.04,,True,,1000,3600,cats_path_g30b150,,heuristic,2,False,CATS,150,paths,MultiMinded,1000,MaxIter,2883.109999999986,15.208365,15,1.24835,0.71721100000000004,7.9717899999999995,18.244871718357334,3.5543504750965167,6.8247972766017408,1,30,23,3965,5945
28,30,68,LinearSubgradientAuction,0.05,0.04,,True,,1000,3600,cats_path_g30b150,,heuristic,2,False,CATS,150,paths,MultiMinded,1000,MaxIter,3019.970000000001,14.86174,14,1.33611,1.01847,12.049603,14.168664511427457,8.1869436248763812,12.536633006960844,1,29,17,4080,6082
29,30,58,LinearSubgradientAuction,0.05,0.04,,True,,1000,3600,cats_path_g30b150,,heuristic,2,False,CATS,150,paths,MultiMinded,1000,MaxIter,2502.389999999985,11.257909999999999,15,0.8594,0.57639300000000004,8.349844000000001,11.229208626885477,3.4760526240609728,6.6958792780983636,1,29,10,3480,5192
30,30,65,LinearSubgradientAuction,0.05,0.04,,True,,1000,3600,cats_path_g30b150,,heuristic,2,False,CATS,150,paths,MultiMinded,1000,MaxIter,2886.5,12.752407,14,1.05004,0.71123899999999995,6.999416000000001,13.103520376519372,3.6873356507979098,7.8030876035495105,1,30,20,3965,5945
31,30,58,LinearSubgradientAuction,0.05,0.04,,True,,1000,3600,cats_path_g30b150,,heuristic,2,False,CATS,150,paths,MultiMinded,1000,MaxIter,2510.649999999994,13.4727089,14,1.18366,0.86047800000000008,8.406676999999998,13.877212809805176,2.732863517076527,8.2516087553511799,1,29,19,3480,5192
32,30,79,LinearSubgradientAuction,0.05,0.04,,True,,1000,3600,cats_path_g30b150,,heuristic,2,False,CATS,150,paths,MultiMinded,1000,MaxIter,3548.060000000027,17.626487,16,1.11283,0.85035499999999997,12.576837,17.768381725301325,6.2133436488877898,11.715473990664556,1,28,12,4661,6903
33,30,66,LinearSubgradientAuction,0.05,0.04,,True,,1000,3600,cats_path_g30b150,,heuristic,2,False,CATS,150,paths,MultiMinded,1000,MaxIter,2974.75,13.562479100000003,15,1.17658,0.71348500000000004,9.535969999999999,17.636816949535849,2.7282034923045244,6.5078912837510803,1,30,22,4026,6036
34,30,59,LinearSubgradientAuction,0.05,0.04,,True,,1000,3600,cats_path_g30b150,,heuristic,2,False,CATS,150,paths,MultiMinded,1000,MaxIter,2584.6600000000035,15.543004,14,1.16304,0.84088200000000002,10.827063999999998,16.876199500713646,6.4007193521902153,9.1776203044011631,1,30,16,3599,5399
35,30,61,LinearSubgradientAuction,0.05,0.04,,True,,1000,3600,cats_path_g30b150,,heuristic,2,False,CATS,150,paths,MultiMinded,1000,MaxIter,2668.9100000000035,18.943085999999997,15,1.32614,0.92471499999999995,14.626115000000002,18.06896777550131,4.0285677835938882,10.66928174164223,1,30,13,3721,5581
36,30,75,LinearSubgradientAuction,0.05,0.04,,True,,1000,3600,cats_path_g30b150,,heuristic,2,False,CATS,150,paths,MultiMinded,1000,MaxIter,3441.389999999985,15.257448999999998,14,1.04514,0.73463400000000001,8.922323000000002,17.118358347893629,1.8773544534765232,8.9355024958199358,1,30,18,4575,6855
37,30,73,LinearSubgradientAuction,0.05,0.04,,True,,1000,3600,cats_path_g30b150,,heuristic,2,False,CATS,150,paths,MultiMinded,1000,MaxIter,3364.8699999999953,19.314383000000003,13,1.26724,0.81503800000000004,11.103856,26.961391927724687,5.1818082796640788,12.195852232234262,1,30,22,4453,6673
38,30,69,LinearSubgradientAuction,0.05,0.04,,True,,1000,3600,cats_path_g30b150,,heuristic,2,False,CATS,150,paths,MultiMinded,1000,MaxIter,3036.0,17.06102,15,1.26197,0.80889699999999998,11.496198999999999,18.578092951300565,5.3136313517623437,9.7287240105913035,1,29,18,4140,6171
39,30,64,LinearSubgradientAuction,0.05,0.04,,True,,1000,3600,cats_path_g30b150,,heuristic,2,False,CATS,150,paths,MultiMinded,1000,MaxIter,2839.6999999999825,18.017829999999996,16,1.46956,1.00953,9.920295,23.487245610936935,3.0456305826052175,9.0399111057370547,1,30,18,3904,5854
40,30,70,LinearSubgradientAuction,0.05,0.04,,True,,1000,3600,cats_path_g30b150,,heuristic,2,False,CATS,150,paths,MultiMinded,1000,MaxIter,3181.0,16.415451,18,1.33618,0.79276899999999995,13.744033000000002,22.108132890713136,5.8034815405274323,10.144349886548143,1,30,8,4270,6400
41,30,62,LinearSubgradientAuction,0.05,0.04,,True,,1000,3600,cats_path_g30b150,,heuristic,2,False,CATS,150,paths,MultiMinded,1000,MaxIter,2697.290000000008,15.767216000000001,15,1.27329,0.81440000000000001,9.893173999999998,15.592536236047323,2.1851265507399682,8.2093546204760983,1,29,9,3720,5548
42,30,66,LinearSubgradientAuction,0.05,0.04,,True,,1000,3600,cats_path_g30b150,,heuristic,2,False,CATS,150,paths,MultiMinded,1000,MaxIter,2932.639999999985,14.387081000000002,15,1.10378,0.674543,8.528319,18.4056617370628,5.0969980233557264,8.4606277195555126,1,30,15,4026,6036
43,30,57,LinearSubgradientAuction,0.05,0.04,,True,,1000,3600,cats_path_g30b150,,heuristic,2,False,CATS,150,paths,MultiMinded,1000,MaxIter,2509.6599999999744,12.78674,16,1.092,0.74160349999999997,7.452976,15.249735591714892,3.796905622038385,6.3650456900559291,1,30,19,3477,5217
44,30,67,LinearSubgradientAuction,0.05,0.04,,True,,1000,3600,cats_path_g30b150,,heuristic,2,False,CATS,150,paths,MultiMinded,1000,MaxIter,2948.429999999993,14.327095000000002,12,1.04382,0.66583400000000004,5.960343,14.840297308714774,1.2437610113768744,6.4131626437821838,1,29,23,4020,5993
45,30,80,LinearSubgradientAuction,0.05,0.04,,True,,1000,3600,cats_path_g30b150,,heuristic,2,False,CATS,150,paths,MultiMinded,992,MaxTime,3600.899999999994,13.769805999999999,15,1.20458,0.66948099999999999,8.449599,13.302718124962533,3.154437768387409,6.2072726938298146,1,29,12,4800,7150
46,30,62,LinearSubgradientAuction,0.05,0.04,,True,,1000,3600,cats_path_g30b150,,heuristic,2,False,CATS,150,paths,MultiMinded,1000,MaxIter,2790.0500000000175,17.982688000000003,17,1.47628,0.89541199999999999,13.541362,18.034181769089482,7.2838846170569376,12.696691855796168,1,30,12,3782,5672
47,30,50,LinearSubgradientAuction,0.05,0.04,,True,,1000,3600,cats_path_g30b150,,heuristic,2,False,CATS,150,paths,MultiMinded,1000,MaxIter,2088.4800000000105,14.4709692,14,1.15255,0.87777400000000005,9.825193,11.697259368620356,1.669231925945402,10.261003083852817,1,29,14,3000,4480
48,30,56,LinearSubgradientAuction,0.05,0.04,,True,,1000,3600,cats_path_g30b150,,heuristic,2,False,CATS,150,paths,MultiMinded,1000,MaxIter,2427.9499999999825,19.863466000000003,14,1.39092,0.99550399999999994,10.583831,22.191734764459035,3.6227246587607338,9.3299709768004426,1,30,17,3416,5126
49,30,59,LinearSubgradientAuction,0.05,0.04,,True,,1000,3600,cats_path_g30b150,,heuristic,2,False,CATS,150,paths,MultiMinded,1000,MaxIter,2463.3399999999965,12.83722,13,1.27931,0.83850000000000002,7.394873999999999,14.585664351433731,3.342315260405587,5.3009095911382023,1,28,20,3481,5163
50,30,72,LinearSubgradientAuction,0.05,0.04,,True,,1000,3600,cats_path_g30b150,,heuristic,2,False,CATS,150,paths,MultiMinded,1000,MaxIter,3137.579999999987,14.769329999999997,14,1.31494,0.719059,7.696414999999998,14.31151239060725,4.521901356601723,7.3635572894775096,1,29,20,4320,6438
51,30,72,LinearSubgradientAuction,0.05,0.04,,True,,1000,3600,cats_path_g30b150,,heuristic,2,False,CATS,150,paths,MultiMinded,1000,MaxIter,3295.1299999999756,16.073219,16,1.09244,0.793798,10.81946,16.221940743904138,5.2568462992406841,9.2228290987699495,1,30,17,4392,6582
52,30,53,LinearSubgradientAuction,0.05,0.04,,True,,1000,3600,cats_path_g30b150,,heuristic,2,False,CATS,150,paths,MultiMinded,1000,MaxIter,2322.8699999999953,12.6877335,15,1.34175,0.74289899999999998,8.6843607,13.804704783784759,4.4329452328922976,7.2243552091428596,1,30,17,3233,4853
53,30,69,LinearSubgradientAuction,0.05,0.04,,True,,1000,3600,cats_path_g30b150,,heuristic,2,False,CATS,150,paths,MultiMinded,1000,MaxIter,3102.24000000002,18.740910999999997,16,1.16684,0.90905150000000001,14.043694999999998,17.823624895214504,6.3806157097503853,12.685336563905421,1,30,13,4209,6309
54,30,63,LinearSubgradientAuction,0.05,0.04,,True,,1000,3600,cats_path_g30b150,,heuristic,2,False,CATS,150,paths,MultiMinded,1000,MaxIter,2818.3699999999953,15.541510000000004,18,1.41102,0.83414200000000005,10.948036000000002,17.350883039079118,5.0160757295147054,6.7777646951537553,1,30,15,3843,5763
55,30,79,LinearSubgradientAuction,0.05,0.04,,True,,1000,3600,cats_path_g30b150,,heuristic,2,False,CATS,150,paths,MultiMinded,990,MaxTime,3602.2299999999814,15.979884000000002,17,1.1263,0.85292049999999997,10.676034999999999,23.608163349288159,3.6221715761681947,7.1371429009195548,1,30,17,4819,7219
56,30,75,LinearSubgradientAuction,0.05,0.04,,True,,1000,3600,cats_path_g30b150,,heuristic,2,False,CATS,150,paths,MultiMinded,1000,MaxIter,3323.670000000013,18.432461999999994,18,1.25637,0.86360099999999995,12.813574000000001,19.979378064597938,6.2127051125871828,11.816800620461922,1,29,15,4500,6705
57,30,69,LinearSubgradientAuction,0.05,0.04,,True,,1000,3600,cats_path_g30b150,,heuristic,2,False,CATS,150,paths,MultiMinded,1000,MaxIter,3137.9500000000116,21.377306399999995,14,1.41831,1.0310999999999999,14.188863999999999,20.77237248634318,7.7827846403225553,13.235219739127222,1,30,18,4209,6309
58,30,55,LinearSubgradientAuction,0.05,0.04,,True,,1000,3600,cats_path_g30b150,,heuristic,2,False,CATS,150,paths,MultiMinded,1000,MaxIter,2355.179999999993,12.959700999999999,16,1.39908,0.69830300000000001,8.577679,12.832291451273727,4.8635936055658657,7.7720030469647989,1,29,12,3300,4925
59,30,62,LinearSubgradientAuction,0.05,0.04,,True,,1000,3600,cats_path_g30b150,,heuristic,2,False,CATS,150,paths,MultiMinded,1000,MaxIter,2749.49000000002,11.245693,15,0.937523,0.59201349999999997,8.001270000000002,10.822504829187022,3.7712847495464019,5.7735974334625499,1,30,16,3782,5672
60,30,62,LinearSubgradientAuction,0.05,0.04,,True,,1000,3600,cats_path_g30b150,,heuristic,2,False,CATS,150,paths,MultiMinded,1000,MaxIter,2728.3699999999953,16.295090999999996,14,1.36668,0.91428500000000001,12.950450999999997,16.623118771314935,4.9794300465611459,7.592414752479705,1,30,21,3782,5672
61,30,65,LinearSubgradientAuction,0.05,0.04,,True,,1000,3600,cats_path_g30b150,,heuristic,2,False,CATS,150,paths,MultiMinded,1000,MaxIter,2828.189999999973,12.734226999999999,13,1.10066,0.73527699999999996,6.592411,14.75827471414952,1.7764733908307075,6.9000760145972295,1,29,28,3900,5815
62,30,74,LinearSubgradientAuction,0.05,0.04,,True,,1000,3600,cats_path_g30b150,,heuristic,2,False,CATS,150,paths,MultiMinded,1000,MaxIter,3434.3300000000163,15.189660000000002,18,1.07901,0.72534500000000002,9.845719,15.423957216541016,3.9481119259557169,8.529651109934937,1,30,12,4514,6764
63,30,57,LinearSubgradientAuction,0.05,0.04,,True,,1000,3600,cats_path_g30b150,,heuristic,2,False,CATS,150,paths,MultiMinded,1000,MaxIter,2502.929999999993,15.812223,14,1.17468,0.85123000000000004,11.335802999999999,17.442405107004294,6.9052590860629683,8.9093811213037348,1,30,17,3477,5217
64,30,65,LinearSubgradientAuction,0.05,0.04,,True,,1000,3600,cats_path_g30b150,,heuristic,2,False,CATS,150,paths,MultiMinded,1000,MaxIter,2836.3399999999965,14.256674000000002,14,1.1464,0.76940900000000001,7.536477,14.316666715004327,4.2062693964254398,6.7091199129056491,1,29,15,3900,5815
65,30,75,LinearSubgradientAuction,0.05,0.04,,True,,1000,3600,cats_path_g30b150,,heuristic,2,False,CATS,150,paths,MultiMinded,1000,MaxIter,3447.1699999999837,14.689584000000002,14,1.20503,0.79890700000000003,9.098716,19.616571449787106,2.8071441798716257,5.8192957674665404,1,30,14,4575,6855
66,30,64,LinearSubgradientAuction,0.05,0.04,,True,,1000,3600,cats_path_g30b150,,heuristic,2,False,CATS,150,paths,MultiMinded,1000,MaxIter,2881.960000000021,15.318505000000002,15,1.13026,0.77133499999999999,9.245764,17.180304182397375,4.0373002514336624,5.8056139912402616,1,30,14,3904,5854
67,30,65,LinearSubgradientAuction,0.05,0.04,,True,,1000,3600,cats_path_g30b150,,heuristic,2,False,CATS,150,paths,MultiMinded,1000,MaxIter,2939.4500000000116,17.19162,14,1.36208,0.868533,9.486273,18.137763809872393,1.8884636782184641,7.0937626366223947,1,30,15,3965,5945
68,30,62,LinearSubgradientAuction,0.05,0.04,,True,,1000,3600,cats_path_g30b150,,heuristic,2,False,CATS,150,paths,MultiMinded,1000,MaxIter,2678.929999999993,16.58045,17,1.1806,0.75433449999999991,12.302261999999999,12.042529293511626,2.0447814827186361,12.304443526491315,1,29,11,3720,5548
69,30,69,LinearSubgradientAuction,0.05,0.04,,True,,1000,3600,cats_path_g30b150,,heuristic,2,False,CATS,150,paths,MultiMinded,1000,MaxIter,3098.8399999999965,16.94247,17,1.39982,0.781829,11.094092,19.052454417157698,6.2163101166755164,10.377176913642455,1,30,20,4209,6309
70,30,69,LinearSubgradientAuction,0.05,0.04,,True,,1000,3600,cats_path_g30b150,,heuristic,2,False,CATS,150,paths,MultiMinded,1000,MaxIter,2972.540000000008,15.6214981,14,1.25374,0.86018899999999998,9.523675999999998,16.492018146979674,3.3283711599738979,7.821983477524852,1,28,17,4071,6033
71,30,72,LinearSubgradientAuction,0.05,0.04,,True,,1000,3600,cats_path_g30b150,,heuristic,2,False,CATS,150,paths,MultiMinded,1000,MaxIter,3208.0100000000093,18.0902305,17,1.22443,0.96304999999999996,10.865738,24.755526790373477,6.7814421060858496,10.648854196711774,1,29,18,4320,6438
72,30,71,LinearSubgradientAuction,0.05,0.04,,True,,1000,3600,cats_path_g30b150,,heuristic,2,False,CATS,150,paths,MultiMinded,1000,MaxIter,3204.0500000000175,14.262129000000002,15,1.12549,0.60241199999999995,9.124986999999999,15.136759441327552,4.9125270124931166,10.418876163725685,1,30,17,4331,6491
73,30,61,LinearSubgradientAuction,0.05,0.04,,True,,1000,3600,cats_path_g30b150,,heuristic,2,False,CATS,150,paths,MultiMinded,1000,MaxIter,2629.220000000001,16.416352,17,1.29762,0.90387399999999996,11.978823,16.500887027202968,6.3801027613659365,9.973314911242511,1,29,10,3660,5459
74,30,65,LinearSubgradientAuction,0.05,0.04,,True,,1000,3600,cats_path_g30b150,,heuristic,2,False,CATS,150,paths,MultiMinded,1000,MaxIter,2844.790000000008,10.025623,15,0.812177,0.53816299999999995,5.1793249999999995,11.465244716479134,2.394705788945751,5.1388642892978806,1,29,18,3900,5815
75,30,69,LinearSubgradientAuction,0.05,0.04,,True,,1000,3600,cats_path_g30b150,,heuristic,2,False,CATS,150,paths,MultiMinded,1000,MaxIter,3150.25999999998,15.321485,19,1.30411,0.789794,9.923759,22.204384728563728,4.9474095121044446,8.7427461910892443,1,30,16,4209,6309
76,30,66,LinearSubgradientAuction,0.05,0.04,,True,,1000,3600,cats_path_g30b150,,heuristic,2,False,CATS,150,paths,MultiMinded,1000,MaxIter,2963.4199999999837,17.565949,15,1.39796,0.82384800000000002,11.214405999999999,20.077531344997862,3.9727369740442553,8.594859020076008,1,30,14,4026,6036
77,30,71,LinearSubgradientAuction,0.05,0.04,,True,,1000,3600,cats_path_g30b150,,heuristic,2,False,CATS,150,paths,MultiMinded,1000,MaxIter,3248.0499999999884,17.445843,16,1.28117,0.83980299999999997,11.532967,22.282187928007492,1.8177155601672721,6.7625478264641545,1,30,12,4331,6491
78,30,77,LinearSubgradientAuction,0.05,0.04,,True,,1000,3600,cats_path_g30b150,,heuristic,2,False,CATS,150,paths,MultiMinded,1000,MaxIter,3530.5899999999965,17.835809,14,1.27923,0.84794999999999998,9.072789,24.280184827809734,3.1889399862849528,6.4530034263888734,1,30,17,4697,7037
79,30,71,LinearSubgradientAuction,0.05,0.04,,True,,1000,3600,cats_path_g30b150,,heuristic,2,False,CATS,150,paths,MultiMinded,1000,MaxIter,3220.319999999978,15.251795000000001,18,1.08004,0.77857100000000001,10.752049000000001,17.367545930997526,3.9373081033644288,8.6489250777022129,1,30,16,4331,6491
80,30,67,LinearSubgradientAuction,0.05,0.04,,True,,1000,3600,cats_path_g30b150,,heuristic,2,False,CATS,150,paths,MultiMinded,1000,MaxIter,3020.600000000006,21.216326000000002,17,1.34186,1.05186,12.525636999999998,21.585493229370229,6.9113870412470941,10.685588931849928,1,30,16,4087,6127
81,30,68,LinearSubgradientAuction,0.05,0.04,,True,,1000,3600,cats_path_g30b150,,heuristic,2,False,CATS,150,paths,MultiMinded,1000,MaxIter,2839.0199999999895,14.454433000000002,18,1.14794,0.83136399999999999,10.951543000000001,13.973920627287596,4.2655522661121905,9.1690187589347438,1,27,17,3944,5810
82,30,64,LinearSubgradientAuction,0.05,0.04,,True,,1000,3600,cats_path_g30b150,,heuristic,2,False,CATS,150,paths,MultiMinded,1000,MaxIter,2877.459999999992,14.456647999999998,18,1.03149,0.62555099999999997,10.208507999999998,18.044084462614219,5.0420502792688326,9.9913008125259815,1,30,16,3904,5854
83,30,64,LinearSubgradientAuction,0.05,0.04,,True,,1000,3600,cats_path_g30b150,,heuristic,2,False,CATS,150,paths,MultiMinded,1000,MaxIter,2861.399999999994,15.243575000000002,17,1.11077,0.82948200000000005,10.516760000000001,17.801228358968171,4.2240950487599518,7.7555584878863923,1,30,13,3904,5854
84,30,55,LinearSubgradientAuction,0.05,0.04,,True,,1000,3600,cats_path_g30b150,,heuristic,2,False,CATS,150,paths,MultiMinded,1000,MaxIter,2332.079999999987,10.829593,15,1.04035,0.60557799999999995,8.662484300000001,9.5438554009597318,4.0343863217292046,6.5057956263071812,1,29,17,3300,4925
85,30,70,LinearSubgradientAuction,0.05,0.04,,True,,1000,3600,cats_path_g30b150,,heuristic,2,False,CATS,150,paths,MultiMinded,1000,MaxIter,3159.2699999999895,17.838826,15,1.20482,0.99917599999999995,12.820034,20.59751602377462,5.9068195565537724,9.7412585711910165,1,30,16,4270,6400
86,30,63,LinearSubgradientAuction,0.05,0.04,,True,,1000,3600,cats_path_g30b150,,heuristic,2,False,CATS,150,paths,MultiMinded,1000,MaxIter,2819.25,14.348480000000002,14,1.12303,0.66461599999999998,9.375178000000002,13.100016097447636,2.7166446910807451,6.1609642513468863,1,30,15,3843,5763
87,30,64,LinearSubgradientAuction,0.05,0.04,,True,,1000,3600,cats_path_g30b150,,heuristic,2,False,CATS,150,paths,MultiMinded,1000,MaxIter,2816.959999999992,15.876268000000007,15,1.16618,0.92069400000000001,10.626289000000002,14.454850549246185,3.9073081025440519,8.1162094509074123,1,29,17,3840,5726
88,30,76,LinearSubgradientAuction,0.05,0.04,,True,,1000,3600,cats_path_g30b150,,heuristic,2,False,CATS,150,paths,MultiMinded,1000,MaxIter,3552.100000000006,20.508544000000004,14,1.50963,0.97545999999999999,13.143929,22.057490737973684,4.5524692695289879,14.375005464921731,1,30,15,4636,6946
89,30,72,LinearSubgradientAuction,0.05,0.04,,True,,1000,3600,cats_path_g30b150,,heuristic,2,False,CATS,150,paths,MultiMinded,1000,MaxIter,3295.070000000007,16.188547,21,1.37467,0.81535500000000005,10.681747000000001,17.414214484108701,6.6650790313787924,8.7013064057780127,1,30,13,4392,6582
90,30,54,LinearSubgradientAuction,0.05,0.04,,True,,1000,3600,cats_path_g30b150,,heuristic,2,False,CATS,150,paths,MultiMinded,1000,MaxIter,2208.3399999999965,12.251615099999999,14,0.821456,0.64283100000000004,5.9246421,15.810793818983377,2.3533041521053679,5.8883215543080141,1,27,14,3132,4620
91,30,66,LinearSubgradientAuction,0.05,0.04,,True,,1000,3600,cats_path_g30b150,,heuristic,2,False,CATS,150,paths,MultiMinded,1000,MaxIter,2941.420000000013,13.249561,15,1.08687,0.77222100000000005,8.082605000000001,15.001620228582523,3.2578461450429304,7.0115808861702806,1,30,9,4026,6036
92,30,57,LinearSubgradientAuction,0.05,0.04,,True,,1000,3600,cats_path_g30b150,,heuristic,2,False,CATS,150,paths,MultiMinded,1000,MaxIter,2470.9199999999837,12.038590999999998,13,0.968649,0.65237100000000003,7.078463999999999,13.074997717611026,1.7303094104696322,4.9038554030269701,1,30,13,3477,5217
93,30,62,LinearSubgradientAuction,0.05,0.04,,True,,1000,3600,cats_path_g30b150,,heuristic,2,False,CATS,150,paths,MultiMinded,1000,MaxIter,2692.2699999999895,16.059345,14,1.15822,0.86252099999999998,8.846675000000001,20.140888197002486,3.3402221192548809,7.5536048971007492,1,29,16,3720,5548
94,30,68,LinearSubgradientAuction,0.05,0.04,,True,,1000,3600,cats_path_g30b150,,heuristic,2,False,CATS,150,paths,MultiMinded,1000,MaxIter,3100.0499999999884,17.743863,13,1.39576,0.98003499999999999,11.970253999999999,21.851172928833797,6.2078648565538703,10.061060452387872,1,30,13,4148,6218
95,30,64,LinearSubgradientAuction,0.05,0.04,,True,,1000,3600,cats_path_g30b150,,heuristic,2,False,CATS,150,paths,MultiMinded,1000,MaxIter,2843.529999999999,15.467591,18,0.907099,0.58233449999999998,9.927462999999998,12.844902215689277,4.4099424004532501,11.057314827156659,1,30,14,3904,5854
96,30,57,LinearSubgradientAuction,0.05,0.04,,True,,1000,3600,cats_path_g30b150,,heuristic,2,False,CATS,150,paths,MultiMinded,1000,MaxIter,2491.640000000014,9.8668957,13,1.02137,0.65189799999999998,5.718183,9.512122459253364,3.1112428287819576,5.4308865421749415,1,30,17,3477,5217
97,30,55,LinearSubgradientAuction,0.05,0.04,,True,,1000,3600,cats_path_g30b150,,heuristic,2,False,CATS,150,paths,MultiMinded,1000,MaxIter,2340.8699999999953,12.714137000000001,10,1.1671,0.73047649999999997,6.843482000000002,13.022033698577097,0.95343502368547295,3.641626256127223,1,29,25,3300,4925
98,30,61,LinearSubgradientAuction,0.05,0.04,,True,,1000,3600,cats_path_g30b150,,heuristic,2,False,CATS,150,paths,MultiMinded,1000,MaxIter,2686.25,17.221063000000004,14,1.28051,0.90821799999999997,10.692288000000001,19.815351535730052,4.6034776589794628,8.5994007109086894,1,30,22,3721,5581
99,30,71,LinearSubgradientAuction,0.05,0.04,,True,,1000,3600,cats_path_g30b150,,heuristic,2,False,CATS,150,paths,MultiMinded,1000,MaxIter,3239.2399999999907,16.835101,14,1.27222,0.965194,12.10942,25.137120630370163,5.2621706145902278,10.019166650571389,1,30,9,4331,6491
100,30,69,LinearSubgradientAuction,0.05,0.04,,True,,1000,3600,cats_path_g30b150,,heuristic,2,False,CATS,150,paths,MultiMinded,1000,MaxIter,3057.4100000000035,11.185935,15,0.872955,0.55562999999999996,6.475517,9.7533123813606579,3.3035096004875899,6.4012694998748785,1,29,10,4140,6171
