idx,items,agents,auction_class,epsilon,stepc,epoch,scalebyvalue,reserve_type,maxiter,maxtime,generator_param_name,personalized,bidding_strategy,heuristic_pool_num,int_prices,generator,bids,distribution,type,rounds,status,runtime,efficient_value,final_num_winners,final_max_agent_value,final_scalevalue,final_value,final_total_price,final_revenue,final_indirect_util,final_price_degree,final_price_sparsity,final_imbalance,final_wd_nvars,final_wd_ncons
1,30,67,LinearHeuristicAuction,0.05,0.08,,True,,1000,3600,cats_path_g30b150,,default,2,False,CATS,150,paths,MultiMinded,85,Balance,11.589999999967404,15.606157999999997,22,1.23481,0.870313,15.595292499999996,12.159847605564471,11.202503305564472,14.704451241989958,1,29,9,206,97
2,30,63,LinearHeuristicAuction,0.05,0.08,,True,,1000,3600,cats_path_g30b150,,default,2,False,CATS,150,paths,MultiMinded,119,Balance,15.880000000004657,14.094153000000002,22,1.04283,0.78301449999999995,14.094153000000002,11.836539049603296,10.996555104997551,13.343654769289975,1,30,18,197,93
3,30,69,LinearHeuristicAuction,0.05,0.08,,True,,1000,3600,cats_path_g30b150,,default,2,False,CATS,150,paths,MultiMinded,208,Balance,29.289999999979045,19.941755999999998,23,1.33809,0.95683499999999999,19.941755999999998,17.39050316610636,16.290142916106362,18.90386755680198,1,30,15,203,99
4,30,66,LinearHeuristicAuction,0.05,0.08,,True,,1000,3600,cats_path_g30b150,,default,2,False,CATS,150,paths,MultiMinded,146,Balance,19.550000000046566,14.118885,21,0.998367,0.78126600000000002,14.118885,13.235801215001777,12.415471915001774,13.367736621741546,1,30,23,205,96
5,30,65,LinearHeuristicAuction,0.05,0.08,,True,,1000,3600,cats_path_g30b150,,default,2,False,CATS,150,paths,MultiMinded,123,Balance,16.19000000000233,15.664620999999997,25,1.04116,0.78344400000000003,15.664620999999997,12.964242721559419,11.984937721559422,14.697419533785919,1,30,9,203,95
6,30,61,LinearHeuristicAuction,0.05,0.08,,True,,1000,3600,cats_path_g30b150,,default,2,False,CATS,150,paths,MultiMinded,227,Balance,29.55999999999767,15.723609,22,1.13448,0.79950699999999997,15.723609,13.465139243910748,12.585681543910747,14.89407870714593,1,30,9,200,91
7,30,64,LinearHeuristicAuction,0.05,0.08,,True,,1000,3600,cats_path_g30b150,,default,2,False,CATS,150,paths,MultiMinded,155,Balance,20.21999999997206,16.373429,23,1.20046,0.76909549999999993,16.371752,12.189923681380524,11.305463856380525,15.567600916279412,1,30,22,199,94
8,30,72,LinearHeuristicAuction,0.05,0.08,,True,,1000,3600,cats_path_g30b150,,default,2,False,CATS,150,paths,MultiMinded,120,Balance,16.539999999979045,16.311622,22,1.24903,0.86937299999999995,16.308757999999997,15.74909694212622,14.792786642126222,15.411744077052207,1,30,5,213,102
9,30,60,LinearHeuristicAuction,0.05,0.08,,True,,1000,3600,cats_path_g30b150,,default,2,False,CATS,150,paths,MultiMinded,105,Balance,13.490000000048894,14.554215,23,1.25806,0.77530200000000005,14.554215,12.796644005049647,11.926168595443977,13.754735932572833,1,30,16,201,90
10,30,64,LinearHeuristicAuction,0.05,0.08,,True,,1000,3600,cats_path_g30b150,,default,2,False,CATS,150,paths,MultiMinded,60,Balance,8.0,15.764945999999998,22,1.20473,0.77151750000000008,15.74992,13.659319752042864,12.831669289653778,15.009553626123589,1,30,15,201,94
11,30,70,LinearHeuristicAuction,0.05,0.08,,True,,1000,3600,cats_path_g30b150,,default,2,False,CATS,150,paths,MultiMinded,1000,MaxIter,139.14999999996508,15.460275,23,1.12749,0.83722600000000003,15.455141999999999,13.925613188110825,12.510343332808914,14.119471416248675,1,30,12,208,100
12,30,67,LinearHeuristicAuction,0.05,0.08,,True,,1000,3600,cats_path_g30b150,,default,2,False,CATS,150,paths,MultiMinded,149,Balance,19.570000000006985,14.9714,23,1.03711,0.74539299999999997,14.967424199999998,11.888212594778567,11.068280294778562,14.188404769690825,1,29,16,203,97
13,30,70,LinearHeuristicAuction,0.05,0.08,,True,,1000,3600,cats_path_g30b150,,default,2,False,CATS,150,paths,MultiMinded,168,Balance,22.95000000001164,13.718234000000002,25,1.05702,0.66747699999999999,13.718234000000002,11.673993720711119,10.857831837622001,12.956967741253056,1,30,12,207,100
14,30,57,LinearHeuristicAuction,0.05,0.08,,True,,1000,3600,cats_path_g30b150,,default,2,False,CATS,150,paths,MultiMinded,197,Balance,25.739999999990687,13.5776358,20,1.27472,0.79768799999999995,13.551384000000002,11.116251707834026,10.321604477311679,12.868898077689572,1,30,18,201,87
15,30,76,LinearHeuristicAuction,0.05,0.08,,True,,1000,3600,cats_path_g30b150,,default,2,False,CATS,150,paths,MultiMinded,135,Balance,19.119999999995343,19.193505000000002,24,1.29161,1.0414399999999999,19.193505000000002,17.881676970548178,16.631948970548176,18.01526856111489,1,30,8,212,106
16,30,55,LinearHeuristicAuction,0.05,0.08,,True,,1000,3600,cats_path_g30b150,,default,2,False,CATS,150,paths,MultiMinded,225,Balance,29.149999999965075,17.6371399,23,1.30608,0.92928299999999997,17.6371399,15.177228156648335,14.10855270664833,16.63424869386257,1,30,14,191,85
17,30,60,LinearHeuristicAuction,0.05,0.08,,True,,1000,3600,cats_path_g30b150,,default,2,False,CATS,150,paths,MultiMinded,170,Balance,22.070000000006985,17.3437429,24,1.15586,0.84924900000000003,17.306151899999996,16.384033830493784,15.364935030493772,16.396720833607059,1,30,11,200,90
18,30,68,LinearHeuristicAuction,0.05,0.08,,True,,1000,3600,cats_path_g30b150,,default,2,False,CATS,150,paths,MultiMinded,194,Balance,26.17000000004191,16.532421,23,1.15917,0.79773499999999997,16.532421,14.584149154804804,13.666753904804795,15.707086451923736,1,30,20,208,98
19,30,84,LinearHeuristicAuction,0.05,0.08,,True,,1000,3600,cats_path_g30b150,,default,2,False,CATS,150,paths,MultiMinded,93,Balance,13.89000000001397,16.550685,22,1.19703,0.78075050000000001,16.550685,13.856207076419835,13.018651852675063,15.782854069412533,1,30,10,228,114
20,30,57,LinearHeuristicAuction,0.05,0.08,,True,,1000,3600,cats_path_g30b150,,default,2,False,CATS,150,paths,MultiMinded,706,Balance,96.07000000000698,11.988608000000001,22,0.830201,0.65249500000000005,11.979059,11.201459445805749,10.483714945805747,11.30811267188631,1,30,12,202,87
21,30,76,LinearHeuristicAuction,0.05,0.08,,True,,1000,3600,cats_path_g30b150,,default,2,False,CATS,150,paths,MultiMinded,185,Balance,25.970000000030268,16.346269,23,1.16216,0.87333000000000005,16.346269,14.599426150403168,13.595096650403168,15.40405860893676,1,30,17,215,106
22,30,62,LinearHeuristicAuction,0.05,0.08,,True,,1000,3600,cats_path_g30b150,,default,2,False,CATS,150,paths,MultiMinded,78,Balance,10.179999999993015,11.899390499999999,24,1.11701,0.58296099999999995,11.899390499999999,9.2933270386901494,8.6388037493666037,11.277251423612073,1,28,8,201,92
23,30,61,LinearHeuristicAuction,0.05,0.08,,True,,1000,3600,cats_path_g30b150,,default,2,False,CATS,150,paths,MultiMinded,1000,MaxIter,131.60000000003492,17.460715,23,1.27766,0.872475,17.166850000000004,15.978195558844138,13.845513820044776,15.392566192117693,1,30,14,197,91
24,30,72,LinearHeuristicAuction,0.05,0.08,,True,,1000,3600,cats_path_g30b150,,default,2,False,CATS,150,paths,MultiMinded,161,Balance,22.660000000032596,16.551633999999996,22,1.24587,0.733267,16.551633999999996,14.511758276702272,13.705164576702275,15.818293691965772,1,30,20,212,102
25,30,66,LinearHeuristicAuction,0.05,0.08,,True,,1000,3600,cats_path_g30b150,,default,2,False,CATS,150,paths,MultiMinded,150,Balance,20.179999999993015,15.951057999999998,26,1.21778,0.74724500000000005,15.951057999999998,12.898543024197123,11.947482045508458,15.034041390721182,1,30,5,201,96
26,30,71,LinearHeuristicAuction,0.05,0.08,,True,,1000,3600,cats_path_g30b150,,default,2,False,CATS,150,paths,MultiMinded,470,Balance,63.8300000000163,18.600379,23,1.35655,1.0506500000000001,18.600379,16.213142336147158,15.004894836147161,17.467834406449356,1,30,10,210,101
27,30,65,LinearHeuristicAuction,0.05,0.08,,True,,1000,3600,cats_path_g30b150,,default,2,False,CATS,150,paths,MultiMinded,474,Balance,63.20000000001164,15.208365,22,1.24835,0.71721100000000004,15.196002,13.10728334440727,12.318351244407266,14.472107094117675,1,30,21,201,95
28,30,68,LinearHeuristicAuction,0.05,0.08,,True,,1000,3600,cats_path_g30b150,,default,2,False,CATS,150,paths,MultiMinded,275,Balance,37.75,14.86174,20,1.33611,1.01847,14.86174,12.860511709276546,11.943888709276552,13.986786675390739,1,28,13,211,98
29,30,58,LinearHeuristicAuction,0.05,0.08,,True,,1000,3600,cats_path_g30b150,,default,2,False,CATS,150,paths,MultiMinded,85,Balance,11.059999999997672,11.257909999999999,22,0.8594,0.57639300000000004,11.257909999999999,9.2822299923362923,8.6796035439142969,10.74670768613707,1,30,31,199,88
30,30,65,LinearHeuristicAuction,0.05,0.08,,True,,1000,3600,cats_path_g30b150,,default,2,False,CATS,150,paths,MultiMinded,160,Balance,21.510000000009313,12.752407,21,1.05004,0.71123899999999995,12.752407,10.924672707376297,10.177871757376298,12.064937729615128,1,30,23,205,95
31,30,58,LinearHeuristicAuction,0.05,0.08,,True,,1000,3600,cats_path_g30b150,,default,2,False,CATS,150,paths,MultiMinded,77,Balance,10.0,13.4727089,20,1.18366,0.86047800000000008,13.472126900000001,12.073375595857325,11.212897595857328,12.676810292214391,1,30,7,198,88
32,30,79,LinearHeuristicAuction,0.05,0.08,,True,,1000,3600,cats_path_g30b150,,default,2,False,CATS,150,paths,MultiMinded,327,Balance,47.73000000003958,17.626487,23,1.11283,0.85035499999999997,17.621859,14.286951667040036,13.351561167040034,16.736131947471215,1,29,10,218,109
33,30,66,LinearHeuristicAuction,0.05,0.08,,True,,1000,3600,cats_path_g30b150,,default,2,False,CATS,150,paths,MultiMinded,238,Balance,31.89000000001397,13.562479100000003,24,1.17658,0.71348500000000004,13.562479100000003,12.724346018803791,11.8681640188038,12.730653219069671,1,30,16,207,96
34,30,59,LinearHeuristicAuction,0.05,0.08,,True,,1000,3600,cats_path_g30b150,,default,2,False,CATS,150,paths,MultiMinded,106,Balance,14.17000000004191,15.543004,19,1.16304,0.84088200000000002,15.543004,13.656064245788704,12.857226345788703,14.813502170155038,1,30,16,200,89
35,30,61,LinearHeuristicAuction,0.05,0.08,,True,,1000,3600,cats_path_g30b150,,default,2,False,CATS,150,paths,MultiMinded,284,Balance,36.60999999998603,18.943085999999997,23,1.32614,0.92471499999999995,18.943085999999997,16.736474673230134,15.673052423230144,17.962367454365065,1,29,10,201,91
36,30,75,LinearHeuristicAuction,0.05,0.08,,True,,1000,3600,cats_path_g30b150,,default,2,False,CATS,150,paths,MultiMinded,165,Balance,23.039999999979045,15.257448999999998,25,1.04514,0.73463400000000001,15.257448999999998,14.392164715143531,13.473872215143524,14.364422229314741,1,30,15,217,105
37,30,73,LinearHeuristicAuction,0.05,0.08,,True,,1000,3600,cats_path_g30b150,,default,2,False,CATS,150,paths,MultiMinded,148,Balance,20.369999999995343,19.314383000000003,25,1.26724,0.81503800000000004,19.299340000000008,16.257280895821829,15.238483395821827,18.355220481289713,1,30,10,208,103
38,30,69,LinearHeuristicAuction,0.05,0.08,,True,,1000,3600,cats_path_g30b150,,default,2,False,CATS,150,paths,MultiMinded,98,Balance,13.440000000002328,17.06102,22,1.26197,0.80889699999999998,17.052999999999997,14.595564168327268,13.727814601953014,16.267142067126397,1,30,16,210,99
39,30,64,LinearHeuristicAuction,0.05,0.08,,True,,1000,3600,cats_path_g30b150,,default,2,False,CATS,150,paths,MultiMinded,50,Balance,6.53000000002794,18.017829999999996,22,1.46956,1.00953,17.995285099999997,15.317625615597933,14.207515365848337,16.98293060571358,1,30,17,204,94
40,30,70,LinearHeuristicAuction,0.05,0.08,,True,,1000,3600,cats_path_g30b150,,default,2,False,CATS,150,paths,MultiMinded,235,Balance,33.59999999997672,16.415451,21,1.33618,0.79276899999999995,16.415451,15.612421342868007,14.780013892868007,15.635931102986568,1,30,14,209,100
41,30,62,LinearHeuristicAuction,0.05,0.08,,True,,1000,3600,cats_path_g30b150,,default,2,False,CATS,150,paths,MultiMinded,893,Balance,122.32000000000698,15.767216000000001,21,1.27329,0.81440000000000001,15.767216000000001,13.41459417884443,12.559474178844427,14.937148070976679,1,30,19,204,92
42,30,66,LinearHeuristicAuction,0.05,0.08,,True,,1000,3600,cats_path_g30b150,,default,2,False,CATS,150,paths,MultiMinded,143,Balance,19.229999999981374,14.387081000000002,23,1.10378,0.674543,14.387081000000002,12.549527283776913,11.773802833776909,13.69277901974818,1,30,9,206,96
43,30,57,LinearHeuristicAuction,0.05,0.08,,True,,1000,3600,cats_path_g30b150,,default,2,False,CATS,150,paths,MultiMinded,161,Balance,21.30999999999767,12.78674,22,1.092,0.74160349999999997,12.78674,11.446317467080842,10.630553617080844,12.05568006928865,1,30,16,197,87
44,30,67,LinearHeuristicAuction,0.05,0.08,,True,,1000,3600,cats_path_g30b150,,default,2,False,CATS,150,paths,MultiMinded,77,Balance,10.0,14.327095000000002,24,1.04382,0.66583400000000004,14.325230000000001,11.609448530523203,10.810447730523205,13.606632106319809,1,30,14,202,97
45,30,80,LinearHeuristicAuction,0.05,0.08,,True,,1000,3600,cats_path_g30b150,,default,2,False,CATS,150,paths,MultiMinded,183,Balance,26.619999999995343,13.769805999999999,24,1.20458,0.66948099999999999,13.769805999999999,11.141285751740041,10.340460598894651,13.010023274007278,1,29,5,221,110
46,30,62,LinearHeuristicAuction,0.05,0.08,,True,,1000,3600,cats_path_g30b150,,default,2,False,CATS,150,paths,MultiMinded,112,Balance,14.700000000011642,17.982688000000003,26,1.47628,0.89541199999999999,17.982688000000003,14.414246012793278,13.250210412793283,16.873370019250281,1,30,6,202,92
47,30,50,LinearHeuristicAuction,0.05,0.08,,True,,1000,3600,cats_path_g30b150,,default,2,False,CATS,150,paths,MultiMinded,308,Balance,37.98999999999069,14.4709692,19,1.15255,0.87777400000000005,14.4709692,12.077456712555842,11.243571412555839,13.729964746350467,1,30,14,192,80
48,30,56,LinearHeuristicAuction,0.05,0.08,,True,,1000,3600,cats_path_g30b150,,default,2,False,CATS,150,paths,MultiMinded,140,Balance,17.600000000034925,19.863466000000003,20,1.39092,0.99550399999999994,19.863466000000003,16.47662147449098,15.481117474490988,18.959261048056909,1,30,13,191,86
49,30,59,LinearHeuristicAuction,0.05,0.08,,True,,1000,3600,cats_path_g30b150,,default,2,False,CATS,150,paths,MultiMinded,100,Balance,12.940000000002328,12.83722,20,1.27931,0.83850000000000002,12.797345,11.147990415976162,10.351415415976158,12.139790900277557,1,29,15,199,89
50,30,72,LinearHeuristicAuction,0.05,0.08,,True,,1000,3600,cats_path_g30b150,,default,2,False,CATS,150,paths,MultiMinded,102,Balance,14.179999999993015,14.769329999999997,20,1.31494,0.719059,14.766014999999996,12.207112357914014,11.507642995739094,14.124504406484155,1,30,12,209,102
51,30,72,LinearHeuristicAuction,0.05,0.08,,True,,1000,3600,cats_path_g30b150,,default,2,False,CATS,150,paths,MultiMinded,119,Balance,16.53000000002794,16.073219,25,1.09244,0.793798,16.069293000000002,14.029967407059871,13.037719907059863,15.105224341004547,1,30,13,213,102
52,30,53,LinearHeuristicAuction,0.05,0.08,,True,,1000,3600,cats_path_g30b150,,default,2,False,CATS,150,paths,MultiMinded,573,Balance,76.27999999996973,12.6877335,20,1.34175,0.74289899999999998,12.6877335,11.013227771137057,10.270328771137056,11.998559484776676,1,30,14,194,83
53,30,69,LinearHeuristicAuction,0.05,0.08,,True,,1000,3600,cats_path_g30b150,,default,2,False,CATS,150,paths,MultiMinded,92,Balance,12.760000000009313,18.740910999999997,22,1.16684,0.90905150000000001,18.719303999999998,14.703603205041295,13.70364655504129,17.793828076906937,1,30,10,205,99
54,30,63,LinearHeuristicAuction,0.05,0.08,,True,,1000,3600,cats_path_g30b150,,default,2,False,CATS,150,paths,MultiMinded,262,Balance,36.47999999998137,15.541510000000004,22,1.41102,0.83414200000000005,15.541510000000004,14.425202808712061,13.507646608712061,14.672132889879155,1,30,15,206,93
55,30,79,LinearHeuristicAuction,0.05,0.08,,True,,1000,3600,cats_path_g30b150,,default,2,False,CATS,150,paths,MultiMinded,169,Balance,25.080000000016298,15.979884000000002,23,1.1263,0.85292049999999997,15.979884000000002,15.116620434494545,14.135761859494549,15.022458360046958,1,30,7,223,109
56,30,75,LinearHeuristicAuction,0.05,0.08,,True,,1000,3600,cats_path_g30b150,,default,2,False,CATS,150,paths,MultiMinded,126,Balance,17.739999999990687,18.432461999999994,24,1.25637,0.86360099999999995,18.432461999999994,15.156353090547137,14.171663144036126,17.524606432743127,1,30,13,214,105
57,30,69,LinearHeuristicAuction,0.05,0.08,,True,,1000,3600,cats_path_g30b150,,default,2,False,CATS,150,paths,MultiMinded,230,Balance,31.39000000001397,21.377306399999995,22,1.41831,1.0310999999999999,21.377306399999995,17.79077422085517,16.656564220855167,20.35249571509722,1,30,19,204,99
58,30,55,LinearHeuristicAuction,0.05,0.08,,True,,1000,3600,cats_path_g30b150,,default,2,False,CATS,150,paths,MultiMinded,160,Balance,20.25,12.959700999999999,20,1.39908,0.69830300000000001,12.959700999999999,11.476455852661999,10.797177025730097,12.377505484887612,1,30,24,195,85
59,30,62,LinearHeuristicAuction,0.05,0.08,,True,,1000,3600,cats_path_g30b150,,default,2,False,CATS,150,paths,MultiMinded,77,Balance,10.070000000006985,11.245693,22,0.937523,0.59201349999999997,11.245693,8.6545988293302791,8.0329846543302761,10.670450916220865,1,29,13,200,92
60,30,62,LinearHeuristicAuction,0.05,0.08,,True,,1000,3600,cats_path_g30b150,,default,2,False,CATS,150,paths,MultiMinded,102,Balance,13.710000000020955,16.295090999999996,21,1.36668,0.91428500000000001,16.295090999999996,14.369527734393882,13.434436749249633,15.497808417317396,1,30,17,203,92
61,30,65,LinearHeuristicAuction,0.05,0.08,,True,,1000,3600,cats_path_g30b150,,default,2,False,CATS,150,paths,MultiMinded,123,Balance,16.39000000001397,12.734226999999999,21,1.10066,0.73527699999999996,12.734226999999999,10.34499868797019,9.5929893098398402,12.036306968687116,1,28,15,205,95
62,30,74,LinearHeuristicAuction,0.05,0.08,,True,,1000,3600,cats_path_g30b150,,default,2,False,CATS,150,paths,MultiMinded,59,Balance,8.210000000020955,15.189660000000002,23,1.07901,0.72534500000000002,15.189660000000002,11.213862978503267,10.401000816608578,14.451060266278613,1,30,14,212,104
63,30,57,LinearHeuristicAuction,0.05,0.08,,True,,1000,3600,cats_path_g30b150,,default,2,False,CATS,150,paths,MultiMinded,122,Balance,15.450000000011642,15.812223,21,1.17468,0.85123000000000004,15.791287999999998,14.743448018970708,13.849656518970713,15.014740478926415,1,30,12,199,87
64,30,65,LinearHeuristicAuction,0.05,0.08,,True,,1000,3600,cats_path_g30b150,,default,2,False,CATS,150,paths,MultiMinded,102,Balance,14.39000000001397,14.256674000000002,22,1.1464,0.76940900000000001,14.226731000000001,12.458488070895042,11.633099515721209,13.48306822033784,1,29,10,204,95
65,30,75,LinearHeuristicAuction,0.05,0.08,,True,,1000,3600,cats_path_g30b150,,default,2,False,CATS,150,paths,MultiMinded,106,Balance,14.880000000004657,14.689584000000002,22,1.20503,0.79890700000000003,14.689584000000002,13.46345778414954,12.58466008414954,13.848682069842342,1,30,8,212,105
66,30,64,LinearHeuristicAuction,0.05,0.08,,True,,1000,3600,cats_path_g30b150,,default,2,False,CATS,150,paths,MultiMinded,59,Balance,7.630000000004657,15.318505000000002,23,1.13026,0.77133499999999999,15.318505000000002,13.800298988365064,12.913263738365071,14.477731523973855,1,30,7,199,94
67,30,65,LinearHeuristicAuction,0.05,0.08,,True,,1000,3600,cats_path_g30b150,,default,2,False,CATS,150,paths,MultiMinded,153,Balance,21.119999999995343,17.19162,21,1.36208,0.868533,17.186980000000002,15.001136087124852,14.089176437124845,16.350724066409914,1,30,13,204,95
68,30,62,LinearHeuristicAuction,0.05,0.08,,True,,1000,3600,cats_path_g30b150,,default,2,False,CATS,150,paths,MultiMinded,178,Balance,23.339999999967404,16.58045,24,1.1806,0.75433449999999991,16.573523599999998,8.687085136269209,7.8638872770541148,15.824385108767082,1,28,17,198,92
69,30,69,LinearHeuristicAuction,0.05,0.08,,True,,1000,3600,cats_path_g30b150,,default,2,False,CATS,150,paths,MultiMinded,304,Balance,41.51000000000931,16.94247,26,1.39982,0.781829,16.94247,15.546644554620499,14.530266854620489,15.947666722450245,1,30,10,206,99
70,30,69,LinearHeuristicAuction,0.05,0.08,,True,,1000,3600,cats_path_g30b150,,default,2,False,CATS,150,paths,MultiMinded,103,Balance,13.949999999953434,15.6214981,21,1.25374,0.86018899999999998,15.606289,12.95635690009304,12.076592954036562,14.835685113149241,1,30,15,207,99
71,30,72,LinearHeuristicAuction,0.05,0.08,,True,,1000,3600,cats_path_g30b150,,default,2,False,CATS,150,paths,MultiMinded,123,Balance,17.220000000030268,18.0902305,24,1.22443,0.96304999999999996,18.0876585,16.433307394041499,15.303884185052317,17.059540160912068,1,30,13,212,102
72,30,71,LinearHeuristicAuction,0.05,0.08,,True,,1000,3600,cats_path_g30b150,,default,2,False,CATS,150,paths,MultiMinded,319,Balance,44.0,14.262129000000002,24,1.12549,0.60241199999999995,14.260711999999998,12.617521579453165,11.894627179453163,13.589147504376662,1,30,15,209,101
73,30,61,LinearHeuristicAuction,0.05,0.08,,True,,1000,3600,cats_path_g30b150,,default,2,False,CATS,150,paths,MultiMinded,132,Balance,18.649999999965075,16.416352,20,1.29762,0.90387399999999996,16.413753,14.257442449488078,13.378193082931936,15.665185010098877,1,30,19,205,91
74,30,65,LinearHeuristicAuction,0.05,0.08,,True,,1000,3600,cats_path_g30b150,,default,2,False,CATS,150,paths,MultiMinded,312,Balance,42.0800000000163,10.025623,22,0.812177,0.53816299999999995,10.023476,9.1571922738444975,8.5798743830763726,9.5006318798493457,1,30,16,205,95
75,30,69,LinearHeuristicAuction,0.05,0.08,,True,,1000,3600,cats_path_g30b150,,default,2,False,CATS,150,paths,MultiMinded,177,Balance,24.580000000016298,15.321485,24,1.30411,0.789794,15.31605,13.979709033938263,13.031956233938256,14.437476030646673,1,30,19,208,99
76,30,66,LinearHeuristicAuction,0.05,0.08,,True,,1000,3600,cats_path_g30b150,,default,2,False,CATS,150,paths,MultiMinded,531,Balance,72.80999999999767,17.565949,23,1.39796,0.82384800000000002,17.565949,16.112843799911872,15.165418599911876,16.671733765900047,1,30,11,204,96
77,30,71,LinearHeuristicAuction,0.05,0.08,,True,,1000,3600,cats_path_g30b150,,default,2,False,CATS,150,paths,MultiMinded,201,Balance,27.169999999983702,17.445843,25,1.28117,0.83980299999999997,17.43263,14.630951843035451,13.581198093035447,16.43268651010505,1,30,18,208,101
78,30,77,LinearHeuristicAuction,0.05,0.08,,True,,1000,3600,cats_path_g30b150,,default,2,False,CATS,150,paths,MultiMinded,1000,MaxIter,142.35999999998603,17.835809,23,1.27923,0.84794999999999998,17.679666,15.998651905547844,13.61411565459928,15.5281843182182,1,30,14,215,107
79,30,71,LinearHeuristicAuction,0.05,0.08,,True,,1000,3600,cats_path_g30b150,,default,2,False,CATS,150,paths,MultiMinded,312,Balance,43.70999999996275,15.251795000000001,23,1.08004,0.77857100000000001,15.251795000000001,14.236819083603763,13.341462433603768,14.39781651653578,1,30,11,212,101
80,30,67,LinearHeuristicAuction,0.05,0.08,,True,,1000,3600,cats_path_g30b150,,default,2,False,CATS,150,paths,MultiMinded,248,Balance,33.26000000000931,21.216326000000002,24,1.34186,1.05186,21.216326000000002,18.815665933198019,17.553433933198015,20.029196070794949,1,30,9,205,97
81,30,68,LinearHeuristicAuction,0.05,0.08,,True,,1000,3600,cats_path_g30b150,,default,2,False,CATS,150,paths,MultiMinded,415,Balance,58.10999999998603,14.454433000000002,20,1.14794,0.83136399999999999,14.445542000000001,11.298548302878354,10.508752502878348,13.722485675725878,1,29,21,206,98
82,30,64,LinearHeuristicAuction,0.05,0.08,,True,,1000,3600,cats_path_g30b150,,default,2,False,CATS,150,paths,MultiMinded,85,Balance,11.020000000018626,14.456647999999998,23,1.03149,0.62555099999999997,14.456647999999998,11.766209614051197,11.063868122665601,13.79726407816943,1,30,9,202,94
83,30,64,LinearHeuristicAuction,0.05,0.08,,True,,1000,3600,cats_path_g30b150,,default,2,False,CATS,150,paths,MultiMinded,65,Balance,8.380000000004657,15.243575000000002,22,1.11077,0.82948200000000005,15.223918000000001,14.09255679135736,13.180126591357354,14.411245464054659,1,30,13,203,94
84,30,55,LinearHeuristicAuction,0.05,0.08,,True,,1000,3600,cats_path_g30b150,,default,2,False,CATS,150,paths,MultiMinded,180,Balance,23.479999999981374,10.829593,17,1.04035,0.60557799999999995,10.829593,9.5944697409340023,9.0962264664017827,10.403525146217898,1,30,20,199,85
85,30,70,LinearHeuristicAuction,0.05,0.08,,True,,1000,3600,cats_path_g30b150,,default,2,False,CATS,150,paths,MultiMinded,300,Balance,41.47999999998137,17.838826,23,1.20482,0.99917599999999995,17.838826,15.753098804031712,14.604046404031708,16.792530891725509,1,30,18,211,100
86,30,63,LinearHeuristicAuction,0.05,0.08,,True,,1000,3600,cats_path_g30b150,,default,2,False,CATS,150,paths,MultiMinded,184,Balance,24.85999999998603,14.348480000000002,21,1.12303,0.66461599999999998,14.346885,12.263226706320291,11.56537990632029,13.674671617904883,1,30,11,206,93
87,30,64,LinearHeuristicAuction,0.05,0.08,,True,,1000,3600,cats_path_g30b150,,default,2,False,CATS,150,paths,MultiMinded,91,Balance,12.25,15.876268000000007,21,1.16618,0.92069400000000001,15.876268000000007,11.72162086000646,10.77997502804334,14.982022493432931,1,30,9,204,94
88,30,76,LinearHeuristicAuction,0.05,0.08,,True,,1000,3600,cats_path_g30b150,,default,2,False,CATS,150,paths,MultiMinded,136,Balance,19.55999999999767,20.508544000000004,20,1.50963,0.97545999999999999,20.508544000000004,15.549887974017278,14.574427974017272,19.616678415425518,1,30,28,217,106
89,30,72,LinearHeuristicAuction,0.05,0.08,,True,,1000,3600,cats_path_g30b150,,default,2,False,CATS,150,paths,MultiMinded,1000,MaxIter,144.2600000000093,16.188547,24,1.37467,0.81535500000000005,16.116619,15.030172420514411,13.845842222829088,15.069995669221321,1,30,10,216,102
90,30,54,LinearHeuristicAuction,0.05,0.08,,True,,1000,3600,cats_path_g30b150,,default,2,False,CATS,150,paths,MultiMinded,246,Balance,30.660000000032596,12.251615099999999,22,0.821456,0.64283100000000004,12.251615099999999,9.1675078645876606,8.512932540151569,11.650403424690587,1,30,12,192,84
91,30,66,LinearHeuristicAuction,0.05,0.08,,True,,1000,3600,cats_path_g30b150,,default,2,False,CATS,150,paths,MultiMinded,123,Balance,16.880000000004657,13.249561,20,1.08687,0.77222100000000005,13.243777999999999,11.056869658740911,10.28464865874091,12.563174822503546,1,30,15,207,96
92,30,57,LinearHeuristicAuction,0.05,0.08,,True,,1000,3600,cats_path_g30b150,,default,2,False,CATS,150,paths,MultiMinded,225,Balance,28.429999999993015,12.038590999999998,22,0.968649,0.65237100000000003,12.022933000000002,10.049812644668307,9.3322045446683095,11.357360586655691,1,29,6,193,87
93,30,62,LinearHeuristicAuction,0.05,0.08,,True,,1000,3600,cats_path_g30b150,,default,2,False,CATS,150,paths,MultiMinded,197,Balance,25.350000000034925,16.059345,22,1.15822,0.86252099999999998,16.059345,12.487522527430844,11.565889813658709,15.220815526029453,1,29,5,197,92
94,30,68,LinearHeuristicAuction,0.05,0.08,,True,,1000,3600,cats_path_g30b150,,default,2,False,CATS,150,paths,MultiMinded,151,Balance,20.869999999995343,17.743863,19,1.39576,0.98003499999999999,17.743863,16.986158876388398,16.055125626388392,16.886124241095096,1,30,13,213,98
95,30,64,LinearHeuristicAuction,0.05,0.08,,True,,1000,3600,cats_path_g30b150,,default,2,False,CATS,150,paths,MultiMinded,111,Balance,14.270000000018626,15.467591,27,0.907099,0.58233449999999998,15.444395000000002,11.132724099311723,10.375689249311726,14.741466582426778,1,30,15,195,94
96,30,57,LinearHeuristicAuction,0.05,0.08,,True,,1000,3600,cats_path_g30b150,,default,2,False,CATS,150,paths,MultiMinded,307,Balance,41.460000000020955,9.8668957,17,1.02137,0.65189799999999998,9.8668957,8.812177916235342,8.2580646162353393,9.3749020325503007,1,29,14,199,87
97,30,55,LinearHeuristicAuction,0.05,0.08,,True,,1000,3600,cats_path_g30b150,,default,2,False,CATS,150,paths,MultiMinded,268,Balance,34.839999999967404,12.714137000000001,20,1.1671,0.73047649999999997,12.700996,10.935944456511569,10.225368646266842,12.044229023855406,1,30,9,197,85
98,30,61,LinearHeuristicAuction,0.05,0.08,,True,,1000,3600,cats_path_g30b150,,default,2,False,CATS,150,paths,MultiMinded,150,Balance,20.150000000023283,17.221063000000004,22,1.28051,0.90821799999999997,17.221063,16.503438025764638,15.504398225764636,16.296611869488604,1,30,24,204,91
99,30,71,LinearHeuristicAuction,0.05,0.08,,True,,1000,3600,cats_path_g30b150,,default,2,False,CATS,150,paths,MultiMinded,83,Balance,11.419999999983702,16.835101,22,1.27222,0.965194,16.775706,16.061625720165839,14.999912320165848,15.803431514576808,1,30,9,214,101
100,30,69,LinearHeuristicAuction,0.05,0.08,,True,,1000,3600,cats_path_g30b150,,default,2,False,CATS,150,paths,MultiMinded,60,Balance,8.080000000016298,11.185935,23,0.872955,0.55562999999999996,11.184495000000002,8.788723269490367,8.149748769490369,10.577779953278817,1,30,10,206,99
