idx,items,agents,auction_class,epsilon,stepc,epoch,scalebyvalue,reserve_type,maxiter,maxtime,generator_param_name,personalized,bidding_strategy,heuristic_pool_num,int_prices,generator,bids,distribution,type,rounds,status,runtime,efficient_value,final_num_winners,final_max_agent_value,final_scalevalue,final_value,final_total_price,final_revenue,final_indirect_util,final_price_degree,final_price_sparsity,final_imbalance,final_wd_nvars,final_wd_ncons
1,30,67,LinearHeuristicAuction,0.05,0.04,,True,,1000,3600,cats_path_g30b150,,default,2,False,CATS,150,paths,MultiMinded,163,Balance,21.85999999998603,15.606157999999997,21,1.23481,0.870313,15.59649,11.852173779331906,10.938345129331907,14.815377075746992,1,29,14,202,97
2,30,63,LinearHeuristicAuction,0.05,0.04,,True,,1000,3600,cats_path_g30b150,,default,2,False,CATS,150,paths,MultiMinded,377,Balance,49.5,14.094153000000002,22,1.04283,0.78301449999999995,14.094153000000002,11.623958870805929,10.792884286003055,13.322742075473331,1,30,20,196,93
3,30,69,LinearHeuristicAuction,0.05,0.04,,True,,1000,3600,cats_path_g30b150,,default,2,False,CATS,150,paths,MultiMinded,568,Balance,78.38000000000466,19.941755999999998,23,1.33809,0.95683499999999999,19.941756,17.285436799435494,16.185076549435493,18.896137227029563,1,30,12,203,99
4,30,66,LinearHeuristicAuction,0.05,0.04,,True,,1000,3600,cats_path_g30b150,,default,2,False,CATS,150,paths,MultiMinded,386,Balance,50.960000000020955,14.118885,21,0.998367,0.78126600000000002,14.118885,13.067012716451256,12.246683416451255,13.352325110401388,1,30,21,203,96
5,30,65,LinearHeuristicAuction,0.05,0.04,,True,,1000,3600,cats_path_g30b150,,default,2,False,CATS,150,paths,MultiMinded,356,Balance,46.95000000001164,15.664620999999997,25,1.04116,0.78344400000000003,15.664374999999996,12.687925024937304,11.708620024937304,14.727285847437011,1,30,8,200,95
6,30,61,LinearHeuristicAuction,0.05,0.04,,True,,1000,3600,cats_path_g30b150,,default,2,False,CATS,150,paths,MultiMinded,277,Balance,36.75,15.723609,22,1.13448,0.79950699999999997,15.723609,13.27303566436783,12.393577964367829,14.933027086154832,1,30,17,196,91
7,30,64,LinearHeuristicAuction,0.05,0.04,,True,,1000,3600,cats_path_g30b150,,default,2,False,CATS,150,paths,MultiMinded,642,Balance,83.46000000002095,16.373429,23,1.20046,0.76909549999999993,16.373429,12.213612567531838,11.329152742531839,15.530909284274237,1,30,10,197,94
8,30,72,LinearHeuristicAuction,0.05,0.04,,True,,1000,3600,cats_path_g30b150,,default,2,False,CATS,150,paths,MultiMinded,404,Balance,55.679999999993015,16.311622,22,1.24903,0.86937299999999995,16.311622,15.685285345328316,14.728975045328319,15.401255059204601,1,30,7,211,102
9,30,60,LinearHeuristicAuction,0.05,0.04,,True,,1000,3600,cats_path_g30b150,,default,2,False,CATS,150,paths,MultiMinded,354,Balance,44.97999999998137,14.554215,23,1.25806,0.77530200000000005,14.554215,12.656338190768258,11.794684385965423,13.748684898210653,1,30,12,201,90
10,30,64,LinearHeuristicAuction,0.05,0.04,,True,,1000,3600,cats_path_g30b150,,default,2,False,CATS,150,paths,MultiMinded,158,Balance,21.009999999951106,15.764945999999998,24,1.20473,0.77151750000000008,15.764945999999998,13.539033195663293,12.643009526968754,14.900078936526604,1,30,11,201,94
11,30,70,LinearHeuristicAuction,0.05,0.04,,True,,1000,3600,cats_path_g30b150,,default,2,False,CATS,150,paths,MultiMinded,1000,MaxIter,137.03000000002794,15.460275,23,1.12749,0.83722600000000003,15.455141999999999,13.752720611055198,12.336370292896563,14.113718462015939,1,30,13,206,100
12,30,67,LinearHeuristicAuction,0.05,0.04,,True,,1000,3600,cats_path_g30b150,,default,2,False,CATS,150,paths,MultiMinded,423,Balance,56.27999999996973,14.9714,22,1.03711,0.74539299999999997,14.953661,11.646898374313556,10.864235724313554,14.219454405225225,1,29,14,201,97
13,30,70,LinearHeuristicAuction,0.05,0.04,,True,,1000,3600,cats_path_g30b150,,default,2,False,CATS,150,paths,MultiMinded,607,Balance,83.39999999996508,13.718234000000002,25,1.05702,0.66747699999999999,13.718233999999999,11.463322597753178,10.654755456208621,12.947316351717054,1,30,9,203,100
14,30,57,LinearHeuristicAuction,0.05,0.04,,True,,1000,3600,cats_path_g30b150,,default,2,False,CATS,150,paths,MultiMinded,495,Balance,64.98999999999069,13.5776358,21,1.27472,0.79768799999999995,13.5776358,11.014081534770547,10.197971719509374,12.812223223096478,1,30,14,200,87
15,30,76,LinearHeuristicAuction,0.05,0.04,,True,,1000,3600,cats_path_g30b150,,default,2,False,CATS,150,paths,MultiMinded,509,Balance,72.29999999998836,19.193505000000002,24,1.29161,1.0414399999999999,19.193505000000002,17.825294963902117,16.575566963902112,18.002577294977325,1,30,10,209,106
16,30,55,LinearHeuristicAuction,0.05,0.04,,True,,1000,3600,cats_path_g30b150,,default,2,False,CATS,150,paths,MultiMinded,765,Balance,98.63000000000466,17.6371399,23,1.30608,0.92928299999999997,17.6371399,15.137134095023086,14.068458645023084,16.605513719395436,1,30,13,193,85
17,30,60,LinearHeuristicAuction,0.05,0.04,,True,,1000,3600,cats_path_g30b150,,default,2,False,CATS,150,paths,MultiMinded,618,Balance,79.04999999998836,17.3437429,24,1.15586,0.84924900000000003,17.343742899999995,16.344011112462656,15.324912312462647,16.370968408873757,1,30,9,200,90
18,30,68,LinearHeuristicAuction,0.05,0.04,,True,,1000,3600,cats_path_g30b150,,default,2,False,CATS,150,paths,MultiMinded,556,Balance,74.84000000002561,16.532421,23,1.15917,0.79773499999999997,16.532421,14.498377543320654,13.580982293320645,15.677141965833425,1,30,28,206,98
19,30,84,LinearHeuristicAuction,0.05,0.04,,True,,1000,3600,cats_path_g30b150,,default,2,False,CATS,150,paths,MultiMinded,203,Balance,29.70000000001164,16.550685,22,1.19703,0.78075050000000001,16.550685,13.839386453637847,13.010714829265458,15.76072789095875,1,30,4,225,114
20,30,57,LinearHeuristicAuction,0.05,0.04,,True,,1000,3600,cats_path_g30b150,,default,2,False,CATS,150,paths,MultiMinded,1000,MaxIter,133.1600000000326,11.988608000000001,21,0.830201,0.65249500000000005,11.856706999999998,10.796252233962583,9.0952767844673534,10.460432385602569,1,30,8,200,87
21,30,76,LinearHeuristicAuction,0.05,0.04,,True,,1000,3600,cats_path_g30b150,,default,2,False,CATS,150,paths,MultiMinded,453,Balance,63.45000000001164,16.346269,23,1.16216,0.87333000000000005,16.346269,14.209319513377256,13.204990013377252,15.410190466313566,1,30,17,214,106
22,30,62,LinearHeuristicAuction,0.05,0.04,,True,,1000,3600,cats_path_g30b150,,default,2,False,CATS,150,paths,MultiMinded,269,Balance,34.5800000000163,11.899390499999999,24,1.11701,0.58296099999999995,11.899390499999999,9.0635771877035651,8.4156869930417937,11.254738227804399,1,28,7,197,92
23,30,61,LinearHeuristicAuction,0.05,0.04,,True,,1000,3600,cats_path_g30b150,,default,2,False,CATS,150,paths,MultiMinded,1000,MaxIter,132.32000000000698,17.460715,23,1.27766,0.872475,17.166850000000004,14.345541008415406,12.21714899932724,15.744917240082479,1,30,14,196,91
24,30,72,LinearHeuristicAuction,0.05,0.04,,True,,1000,3600,cats_path_g30b150,,default,2,False,CATS,150,paths,MultiMinded,569,Balance,79.51999999996042,16.551633999999996,22,1.24587,0.733267,16.551633999999996,14.448015691604201,13.648754661604203,15.798589967676852,1,30,16,211,102
25,30,66,LinearHeuristicAuction,0.05,0.04,,True,,1000,3600,cats_path_g30b150,,default,2,False,CATS,150,paths,MultiMinded,516,Balance,69.25,15.951057999999998,26,1.21778,0.74724500000000005,15.944763999999997,12.729678852091814,11.787120237747486,15.034675487799468,1,30,12,200,96
26,30,71,LinearHeuristicAuction,0.05,0.04,,True,,1000,3600,cats_path_g30b150,,default,2,False,CATS,150,paths,MultiMinded,1000,MaxIter,138.21000000002095,18.600379,22,1.35655,1.0506500000000001,18.353605,15.592817884375529,14.039899776909561,17.180106177029288,1,30,13,208,101
27,30,65,LinearHeuristicAuction,0.05,0.04,,True,,1000,3600,cats_path_g30b150,,default,2,False,CATS,150,paths,MultiMinded,1000,MaxIter,131.1699999999837,15.208365,23,1.24835,0.71721100000000004,15.114552000000002,12.531751988228322,11.360462214289518,14.123638721018596,1,30,13,199,95
28,30,68,LinearHeuristicAuction,0.05,0.04,,True,,1000,3600,cats_path_g30b150,,default,2,False,CATS,150,paths,MultiMinded,992,Balance,137.71000000002095,14.86174,20,1.33611,1.01847,14.86174,12.827355736366787,11.910732736366793,13.957391483780757,1,28,10,209,98
29,30,58,LinearHeuristicAuction,0.05,0.04,,True,,1000,3600,cats_path_g30b150,,default,2,False,CATS,150,paths,MultiMinded,278,Balance,35.75,11.257909999999999,22,0.8594,0.57639300000000004,11.247758999999999,9.1715764854080533,8.5820667611970531,10.712603556736358,1,30,24,196,88
30,30,65,LinearHeuristicAuction,0.05,0.04,,True,,1000,3600,cats_path_g30b150,,default,2,False,CATS,150,paths,MultiMinded,521,Balance,69.29000000003725,12.752407,21,1.05004,0.71123899999999995,12.752407,10.83807560321555,10.091274653215548,12.041489793327496,1,30,23,205,95
31,30,58,LinearHeuristicAuction,0.05,0.04,,True,,1000,3600,cats_path_g30b150,,default,2,False,CATS,150,paths,MultiMinded,247,Balance,31.889999999955762,13.4727089,20,1.18366,0.86047800000000008,13.4727089,11.961501163342499,11.101023163342502,12.670252021951294,1,30,9,198,88
32,30,79,LinearHeuristicAuction,0.05,0.04,,True,,1000,3600,cats_path_g30b150,,default,2,False,CATS,150,paths,MultiMinded,782,Balance,112.90999999997439,17.626487,23,1.11283,0.85035499999999997,17.626487,14.198832032017663,13.290747669337604,16.766538302135,1,29,14,215,109
33,30,66,LinearHeuristicAuction,0.05,0.04,,True,,1000,3600,cats_path_g30b150,,default,2,False,CATS,150,paths,MultiMinded,701,Balance,92.55999999999767,13.562479100000003,24,1.17658,0.71348500000000004,13.562479100000001,12.60100634064597,11.744824340645977,12.744824620440296,1,30,15,203,96
34,30,59,LinearHeuristicAuction,0.05,0.04,,True,,1000,3600,cats_path_g30b150,,default,2,False,CATS,150,paths,MultiMinded,404,Balance,51.20000000001164,15.543004,19,1.16304,0.84088200000000002,15.543004,13.613083367354102,12.814245467354102,14.765491588864011,1,30,14,200,89
35,30,61,LinearHeuristicAuction,0.05,0.04,,True,,1000,3600,cats_path_g30b150,,default,2,False,CATS,150,paths,MultiMinded,856,Balance,110.22000000003027,18.943085999999997,23,1.32614,0.92471499999999995,18.943085999999997,16.495271118555198,15.431848868555209,17.973696078252253,1,29,10,200,91
36,30,75,LinearHeuristicAuction,0.05,0.04,,True,,1000,3600,cats_path_g30b150,,default,2,False,CATS,150,paths,MultiMinded,441,Balance,61.070000000006985,15.257448999999998,25,1.04514,0.73463400000000001,15.257448999999998,14.304038802878949,13.385746302878943,14.381058640216134,1,30,13,211,105
37,30,73,LinearHeuristicAuction,0.05,0.04,,True,,1000,3600,cats_path_g30b150,,default,2,False,CATS,150,paths,MultiMinded,507,Balance,69.32000000000698,19.314383000000003,25,1.26724,0.81503800000000004,19.314383000000003,16.046360719630421,15.027563219630419,18.347805991162851,1,30,10,205,103
38,30,69,LinearHeuristicAuction,0.05,0.04,,True,,1000,3600,cats_path_g30b150,,default,2,False,CATS,150,paths,MultiMinded,327,Balance,43.88000000000466,17.06102,22,1.26197,0.80889699999999998,17.052999999999994,14.464781286149087,13.606235577961961,16.272509766862711,1,30,14,206,99
39,30,64,LinearHeuristicAuction,0.05,0.04,,True,,1000,3600,cats_path_g30b150,,default,2,False,CATS,150,paths,MultiMinded,176,Balance,22.649999999965075,18.017829999999996,22,1.46956,1.00953,18.010775099999993,15.152494479464863,14.047799069616545,16.943137150611992,1,30,11,202,94
40,30,70,LinearHeuristicAuction,0.05,0.04,,True,,1000,3600,cats_path_g30b150,,default,2,False,CATS,150,paths,MultiMinded,793,Balance,112.5899999999674,16.415451,21,1.33618,0.79276899999999995,16.415451,15.419043960480476,14.586636510480476,15.624192732308362,1,30,12,206,100
41,30,62,LinearHeuristicAuction,0.05,0.04,,True,,1000,3600,cats_path_g30b150,,default,2,False,CATS,150,paths,MultiMinded,1000,MaxIter,131.47000000003027,15.767216000000001,22,1.27329,0.81440000000000001,15.6512352,12.263071165977394,11.056511852111063,14.713316658994655,1,29,13,201,92
42,30,66,LinearHeuristicAuction,0.05,0.04,,True,,1000,3600,cats_path_g30b150,,default,2,False,CATS,150,paths,MultiMinded,308,Balance,41.800000000046566,14.387081000000002,23,1.10378,0.674543,14.384982000000006,12.39650408274998,11.620779632749977,13.695946879515601,1,30,13,202,96
43,30,57,LinearHeuristicAuction,0.05,0.04,,True,,1000,3600,cats_path_g30b150,,default,2,False,CATS,150,paths,MultiMinded,455,Balance,60.69000000000233,12.78674,22,1.092,0.74160349999999997,12.762346299999999,11.266482087879139,10.450718237879142,12.050234193812313,1,30,18,194,87
44,30,67,LinearHeuristicAuction,0.05,0.04,,True,,1000,3600,cats_path_g30b150,,default,2,False,CATS,150,paths,MultiMinded,277,Balance,35.69000000000233,14.327095000000002,24,1.04382,0.66583400000000004,14.32693,11.636067067211449,10.837066267211451,13.534835831356483,1,30,10,203,97
45,30,80,LinearHeuristicAuction,0.05,0.04,,True,,1000,3600,cats_path_g30b150,,default,2,False,CATS,150,paths,MultiMinded,494,Balance,72.63000000000466,13.769805999999999,24,1.20458,0.66948099999999999,13.769805999999999,11.02134068942399,10.24768769578025,13.031207759364845,1,30,4,218,110
46,30,62,LinearHeuristicAuction,0.05,0.04,,True,,1000,3600,cats_path_g30b150,,default,2,False,CATS,150,paths,MultiMinded,343,Balance,44.73000000003958,17.982688000000003,26,1.47628,0.89541199999999999,17.982688000000003,14.287363520604277,13.123327920604279,16.86745892872576,1,30,6,199,92
47,30,50,LinearHeuristicAuction,0.05,0.04,,True,,1000,3600,cats_path_g30b150,,default,2,False,CATS,150,paths,MultiMinded,930,Balance,114.98999999999069,14.4709692,19,1.15255,0.87777400000000005,14.4709692,11.900108345281135,11.066223045281133,13.696525073059176,1,30,13,188,80
48,30,56,LinearHeuristicAuction,0.05,0.04,,True,,1000,3600,cats_path_g30b150,,default,2,False,CATS,150,paths,MultiMinded,407,Balance,51.01000000000931,19.863466000000003,20,1.39092,0.99550399999999994,19.863466000000003,15.962078944377893,14.966574944377902,18.925316357920025,1,30,10,191,86
49,30,59,LinearHeuristicAuction,0.05,0.04,,True,,1000,3600,cats_path_g30b150,,default,2,False,CATS,150,paths,MultiMinded,216,Balance,28.15999999997439,12.83722,18,1.27931,0.83850000000000002,12.83722,10.977060815951845,10.26433581595184,12.171597666755426,1,29,18,196,89
50,30,72,LinearHeuristicAuction,0.05,0.04,,True,,1000,3600,cats_path_g30b150,,default,2,False,CATS,150,paths,MultiMinded,366,Balance,50.73999999999069,14.769329999999997,20,1.31494,0.719059,14.73782,12.158644260865858,11.467356554778394,14.087492405701092,1,29,9,209,102
51,30,72,LinearHeuristicAuction,0.05,0.04,,True,,1000,3600,cats_path_g30b150,,default,2,False,CATS,150,paths,MultiMinded,426,Balance,58.9199999999837,16.073219,25,1.09244,0.793798,16.073219,13.915228248571246,12.92298074857124,15.087404564560877,1,30,9,211,102
52,30,53,LinearHeuristicAuction,0.05,0.04,,True,,1000,3600,cats_path_g30b150,,default,2,False,CATS,150,paths,MultiMinded,1000,MaxIter,136.0800000000163,12.6877335,18,1.34175,0.74289899999999998,12.448982599999997,10.815621455324212,7.8092358650532585,9.750478796335285,1,30,19,193,83
53,30,69,LinearHeuristicAuction,0.05,0.04,,True,,1000,3600,cats_path_g30b150,,default,2,False,CATS,150,paths,MultiMinded,303,Balance,40.97000000003027,18.740910999999997,21,1.16684,0.90905150000000001,18.740910999999997,14.261902967891947,13.307398892891944,17.796754583604198,1,30,9,205,99
54,30,63,LinearHeuristicAuction,0.05,0.04,,True,,1000,3600,cats_path_g30b150,,default,2,False,CATS,150,paths,MultiMinded,635,Balance,88.77999999996973,15.541510000000004,22,1.41102,0.83414200000000005,15.541510000000004,14.194181957023533,13.276625757023535,14.689955841509155,1,30,20,200,93
55,30,79,LinearHeuristicAuction,0.05,0.04,,True,,1000,3600,cats_path_g30b150,,default,2,False,CATS,150,paths,MultiMinded,449,Balance,66.19000000000233,15.979884000000002,23,1.1263,0.85292049999999997,15.979884000000002,15.04898884342529,14.068130268425294,15.00562235317231,1,30,8,221,109
56,30,75,LinearHeuristicAuction,0.05,0.04,,True,,1000,3600,cats_path_g30b150,,default,2,False,CATS,150,paths,MultiMinded,335,Balance,46.48999999999069,18.432461999999994,24,1.25637,0.86360099999999995,18.432461999999994,14.908323832066953,13.945286806409849,17.525618867690127,1,30,18,210,105
57,30,69,LinearHeuristicAuction,0.05,0.04,,True,,1000,3600,cats_path_g30b150,,default,2,False,CATS,150,paths,MultiMinded,839,Balance,114.29999999998836,21.377306399999995,22,1.41831,1.0310999999999999,21.377306399999995,17.454438481481898,16.320228481481898,20.295758169892625,1,30,11,203,99
58,30,55,LinearHeuristicAuction,0.05,0.04,,True,,1000,3600,cats_path_g30b150,,default,2,False,CATS,150,paths,MultiMinded,543,Balance,69.77000000001863,12.959700999999999,20,1.39908,0.69830300000000001,12.959700999999999,11.169738489470651,10.498405151004702,12.336319583878492,1,30,20,194,85
59,30,62,LinearHeuristicAuction,0.05,0.04,,True,,1000,3600,cats_path_g30b150,,default,2,False,CATS,150,paths,MultiMinded,211,Balance,27.389999999955762,11.245693,22,0.937523,0.59201349999999997,11.245693,8.655068921719316,8.0334547467193147,10.648419333559303,1,29,9,200,92
60,30,62,LinearHeuristicAuction,0.05,0.04,,True,,1000,3600,cats_path_g30b150,,default,2,False,CATS,150,paths,MultiMinded,258,Balance,33.98999999999069,16.295090999999996,21,1.36668,0.91428500000000001,16.295090999999996,14.169719042664866,13.245031050092745,15.43875728038927,1,30,15,203,92
61,30,65,LinearHeuristicAuction,0.05,0.04,,True,,1000,3600,cats_path_g30b150,,default,2,False,CATS,150,paths,MultiMinded,350,Balance,46.539999999979045,12.734226999999999,21,1.10066,0.73527699999999996,12.734226999999999,10.191355949457868,9.4477127603926938,12.034984816721742,1,29,10,201,95
62,30,74,LinearHeuristicAuction,0.05,0.04,,True,,1000,3600,cats_path_g30b150,,default,2,False,CATS,150,paths,MultiMinded,160,Balance,21.60999999998603,15.189660000000002,23,1.07901,0.72534500000000002,15.189660000000002,11.089393072586942,10.28708900956703,14.431847455133983,1,30,8,210,104
63,30,57,LinearHeuristicAuction,0.05,0.04,,True,,1000,3600,cats_path_g30b150,,default,2,False,CATS,150,paths,MultiMinded,435,Balance,54.96999999997206,15.812223,20,1.17468,0.85123000000000004,15.812223,14.623863077389171,13.772633077389175,14.988931004237969,1,30,20,196,87
64,30,65,LinearHeuristicAuction,0.05,0.04,,True,,1000,3600,cats_path_g30b150,,default,2,False,CATS,150,paths,MultiMinded,179,Balance,24.20000000001164,14.256674000000002,22,1.1464,0.76940900000000001,14.256674000000002,12.28850285398239,11.471868851395474,13.492145994906769,1,29,11,202,95
65,30,75,LinearHeuristicAuction,0.05,0.04,,True,,1000,3600,cats_path_g30b150,,default,2,False,CATS,150,paths,MultiMinded,292,Balance,41.570000000006985,14.689584000000002,22,1.20503,0.79890700000000003,14.689584000000002,13.395943107793039,12.51714540779304,13.815983521240245,1,30,6,210,105
66,30,64,LinearHeuristicAuction,0.05,0.04,,True,,1000,3600,cats_path_g30b150,,default,2,False,CATS,150,paths,MultiMinded,215,Balance,27.130000000004657,15.318505000000002,23,1.13026,0.77133499999999999,15.318505000000002,13.540303756233374,12.653268506233379,14.47066638557045,1,30,7,196,94
67,30,65,LinearHeuristicAuction,0.05,0.04,,True,,1000,3600,cats_path_g30b150,,default,2,False,CATS,150,paths,MultiMinded,483,Balance,65.65000000002328,17.19162,21,1.36208,0.868533,17.19162,14.920430039944238,14.008470389944231,16.323762152744422,1,30,4,204,95
68,30,62,LinearHeuristicAuction,0.05,0.04,,True,,1000,3600,cats_path_g30b150,,default,2,False,CATS,150,paths,MultiMinded,423,Balance,54.95999999996275,16.58045,22,1.1806,0.75433449999999991,16.58045,8.4294765306464363,7.7134460171175183,15.908725394748579,1,29,14,196,92
69,30,69,LinearHeuristicAuction,0.05,0.04,,True,,1000,3600,cats_path_g30b150,,default,2,False,CATS,150,paths,MultiMinded,1000,MaxIter,135.75,16.94247,25,1.39982,0.781829,16.823355,15.400962153833857,14.423675903833848,15.984518988764821,1,30,11,205,99
70,30,69,LinearHeuristicAuction,0.05,0.04,,True,,1000,3600,cats_path_g30b150,,default,2,False,CATS,150,paths,MultiMinded,357,Balance,48.149999999965075,15.6214981,22,1.25374,0.86018899999999998,15.6214981,12.900405105445424,11.987419182417186,14.761614797576504,1,30,12,207,99
71,30,72,LinearHeuristicAuction,0.05,0.04,,True,,1000,3600,cats_path_g30b150,,default,2,False,CATS,150,paths,MultiMinded,348,Balance,48.38000000000466,18.0902305,24,1.22443,0.96304999999999996,18.0500535,16.385793754624675,15.267328400130083,17.058809615683757,1,30,23,210,102
72,30,71,LinearHeuristicAuction,0.05,0.04,,True,,1000,3600,cats_path_g30b150,,default,2,False,CATS,150,paths,MultiMinded,1000,MaxIter,136.29999999998836,14.262129000000002,25,1.12549,0.60241199999999995,14.262129000000002,12.325733863908372,11.572718863908372,13.617032797626015,1,30,13,206,101
73,30,61,LinearHeuristicAuction,0.05,0.04,,True,,1000,3600,cats_path_g30b150,,default,2,False,CATS,150,paths,MultiMinded,446,Balance,62.02999999996973,16.416352,21,1.29762,0.90387399999999996,16.357290999999996,13.964482624015607,13.050324090737533,15.576807439030077,1,30,21,203,91
74,30,65,LinearHeuristicAuction,0.05,0.04,,True,,1000,3600,cats_path_g30b150,,default,2,False,CATS,150,paths,MultiMinded,1000,MaxIter,135.77000000001863,10.025623,22,0.812177,0.53816299999999995,9.819799999999997,9.091262177017267,7.7491356708615653,8.7185404365284409,1,30,16,204,95
75,30,69,LinearHeuristicAuction,0.05,0.04,,True,,1000,3600,cats_path_g30b150,,default,2,False,CATS,150,paths,MultiMinded,725,Balance,102.48999999999069,15.321485,24,1.30411,0.789794,15.31605,13.717305613750565,12.769552813750561,14.417492437300503,1,30,13,204,99
76,30,66,LinearHeuristicAuction,0.05,0.04,,True,,1000,3600,cats_path_g30b150,,default,2,False,CATS,150,paths,MultiMinded,1000,MaxIter,138.40000000002328,17.565949,23,1.39796,0.82384800000000002,17.565949,15.360384528300434,13.943011212523087,16.427381569218937,1,30,16,202,96
77,30,71,LinearHeuristicAuction,0.05,0.04,,True,,1000,3600,cats_path_g30b150,,default,2,False,CATS,150,paths,MultiMinded,663,Balance,89.30999999999767,17.445843,25,1.28117,0.83980299999999997,17.409083,14.461014553575311,13.41126080357531,16.428306673337715,1,30,13,207,101
78,30,77,LinearHeuristicAuction,0.05,0.04,,True,,1000,3600,cats_path_g30b150,,default,2,False,CATS,150,paths,MultiMinded,1000,MaxIter,140.05000000004657,17.835809,24,1.27923,0.84794999999999998,17.817896,15.936924527370254,14.596756292570182,16.567897530414673,1,30,15,213,107
79,30,71,LinearHeuristicAuction,0.05,0.04,,True,,1000,3600,cats_path_g30b150,,default,2,False,CATS,150,paths,MultiMinded,1000,MaxIter,139.72000000003027,15.251795000000001,22,1.08004,0.77857100000000001,15.051853,14.11809601645855,12.679037456693992,13.863201552298039,1,30,17,210,101
80,30,67,LinearHeuristicAuction,0.05,0.04,,True,,1000,3600,cats_path_g30b150,,default,2,False,CATS,150,paths,MultiMinded,844,Balance,113.70000000001164,21.216326000000002,24,1.34186,1.05186,21.171874,18.628040779778729,17.365808779778728,19.976985705204537,1,30,17,203,97
81,30,68,LinearHeuristicAuction,0.05,0.04,,True,,1000,3600,cats_path_g30b150,,default,2,False,CATS,150,paths,MultiMinded,1000,MaxIter,137.36999999999534,14.454433000000002,20,1.14794,0.83136399999999999,14.402598000000001,11.011224239685841,10.221428439685837,13.770138135144975,1,29,13,203,98
82,30,64,LinearHeuristicAuction,0.05,0.04,,True,,1000,3600,cats_path_g30b150,,default,2,False,CATS,150,paths,MultiMinded,310,Balance,40.070000000006985,14.456647999999998,23,1.03149,0.62555099999999997,14.456647999999998,11.430029696287846,10.741061410595044,13.801470171943919,1,30,9,198,94
83,30,64,LinearHeuristicAuction,0.05,0.04,,True,,1000,3600,cats_path_g30b150,,default,2,False,CATS,150,paths,MultiMinded,230,Balance,29.419999999983702,15.243575000000002,22,1.11077,0.82948200000000005,15.243575000000002,14.098846196708196,13.186415996708194,14.374396468548007,1,30,15,203,94
84,30,55,LinearHeuristicAuction,0.05,0.04,,True,,1000,3600,cats_path_g30b150,,default,2,False,CATS,150,paths,MultiMinded,620,Balance,80.76999999996042,10.829593,17,1.04035,0.60557799999999995,10.825671,9.5556244603530818,9.0642716230869738,10.358540383894457,1,30,19,199,85
85,30,70,LinearHeuristicAuction,0.05,0.04,,True,,1000,3600,cats_path_g30b150,,default,2,False,CATS,150,paths,MultiMinded,997,Balance,137.54999999998836,17.838826,23,1.20482,0.99917599999999995,17.823156000000004,15.615600796715562,14.466548396715552,16.741380568687124,1,30,21,208,100
86,30,63,LinearHeuristicAuction,0.05,0.04,,True,,1000,3600,cats_path_g30b150,,default,2,False,CATS,150,paths,MultiMinded,438,Balance,58.38000000000466,14.348480000000002,20,1.12303,0.66461599999999998,14.348480000000002,12.205074642741842,11.540458642741839,13.694579164063377,1,30,10,204,93
87,30,64,LinearHeuristicAuction,0.05,0.04,,True,,1000,3600,cats_path_g30b150,,default,2,False,CATS,150,paths,MultiMinded,175,Balance,23.39000000001397,15.876268000000007,21,1.16618,0.92069400000000001,15.876268000000007,11.325921420107273,10.394924090142052,14.995380122588564,1,30,18,202,94
88,30,76,LinearHeuristicAuction,0.05,0.04,,True,,1000,3600,cats_path_g30b150,,default,2,False,CATS,150,paths,MultiMinded,256,Balance,37.04999999998836,20.508544000000004,20,1.50963,0.97545999999999999,20.508544000000008,15.371212270382898,14.395752270382893,19.601661963429905,1,30,19,216,106
89,30,72,LinearHeuristicAuction,0.05,0.04,,True,,1000,3600,cats_path_g30b150,,default,2,False,CATS,150,paths,MultiMinded,1000,MaxIter,143.44000000000233,16.188547,24,1.37467,0.81535500000000005,15.95796,14.803438878276076,13.621548906505133,15.09263718372353,1,30,17,213,102
90,30,54,LinearHeuristicAuction,0.05,0.04,,True,,1000,3600,cats_path_g30b150,,default,2,False,CATS,150,paths,MultiMinded,938,Balance,117.90999999997439,12.251615099999999,22,0.821456,0.64283100000000004,12.251615099999999,9.1896317367863958,8.5569993495683487,11.657663913722104,1,30,11,191,84
91,30,66,LinearHeuristicAuction,0.05,0.04,,True,,1000,3600,cats_path_g30b150,,default,2,False,CATS,150,paths,MultiMinded,377,Balance,50.59999999997672,13.249561,20,1.08687,0.77222100000000005,13.249561,11.037447353791201,10.265226353791199,12.552787639254209,1,30,13,205,96
92,30,57,LinearHeuristicAuction,0.05,0.04,,True,,1000,3600,cats_path_g30b150,,default,2,False,CATS,150,paths,MultiMinded,559,Balance,70.46999999997206,12.038590999999998,22,0.968649,0.65237100000000003,12.022933,9.8618762839465148,9.1442681839465205,11.340759499701425,1,30,12,189,87
93,30,62,LinearHeuristicAuction,0.05,0.04,,True,,1000,3600,cats_path_g30b150,,default,2,False,CATS,150,paths,MultiMinded,740,Balance,97.53999999997905,16.059345,22,1.15822,0.86252099999999998,16.041815,12.186041240924453,11.270580183742556,15.189031046269259,1,28,5,196,92
94,30,68,LinearHeuristicAuction,0.05,0.04,,True,,1000,3600,cats_path_g30b150,,default,2,False,CATS,150,paths,MultiMinded,305,Balance,42.34000000002561,17.743863,19,1.39576,0.98003499999999999,17.711205999999997,16.929892318898954,15.99885906889895,16.868492252046529,1,30,17,210,98
95,30,64,LinearHeuristicAuction,0.05,0.04,,True,,1000,3600,cats_path_g30b150,,default,2,False,CATS,150,paths,MultiMinded,389,Balance,49.449999999953434,15.467591,27,0.907099,0.58233449999999998,15.467591,10.804975966285648,10.053764461285652,14.722811980641218,1,30,12,194,94
96,30,57,LinearHeuristicAuction,0.05,0.04,,True,,1000,3600,cats_path_g30b150,,default,2,False,CATS,150,paths,MultiMinded,674,Balance,90.71999999997206,9.8668957,17,1.02137,0.65189799999999998,9.8668957,8.7916079430396188,8.2374946430396179,9.3521317095888712,1,30,14,197,87
97,30,55,LinearHeuristicAuction,0.05,0.04,,True,,1000,3600,cats_path_g30b150,,default,2,False,CATS,150,paths,MultiMinded,604,Balance,77.01999999996042,12.714137000000001,20,1.1671,0.73047649999999997,12.691252,10.868134946168992,10.165870703546629,12.047072067723294,1,30,9,195,85
98,30,61,LinearHeuristicAuction,0.05,0.04,,True,,1000,3600,cats_path_g30b150,,default,2,False,CATS,150,paths,MultiMinded,339,Balance,44.55999999999767,17.221063000000004,22,1.28051,0.90821799999999997,17.221063000000004,16.311642814881001,15.312603014880999,16.290842773371409,1,30,27,198,91
99,30,71,LinearHeuristicAuction,0.05,0.04,,True,,1000,3600,cats_path_g30b150,,default,2,False,CATS,150,paths,MultiMinded,314,Balance,42.23999999999069,16.835101,22,1.27222,0.965194,16.788076,15.925544163368222,14.863830763368231,15.788387161343147,1,30,12,208,101
100,30,69,LinearHeuristicAuction,0.05,0.04,,True,,1000,3600,cats_path_g30b150,,default,2,False,CATS,150,paths,MultiMinded,236,Balance,31.65999999997439,11.185935,23,0.872955,0.55562999999999996,11.185935,8.5946345011136955,7.9556600011137011,10.585578244500173,1,30,16,201,99
