idx,items,agents,auction_class,epsilon,stepc,epoch,scalebyvalue,reserve_type,maxiter,maxtime,generator_param_name,personalized,bidding_strategy,heuristic_pool_num,int_prices,generator,bids,distribution,type,rounds,status,runtime,efficient_value,final_num_winners,final_max_agent_value,final_scalevalue,final_value,final_total_price,final_revenue,final_indirect_util,final_price_degree,final_price_sparsity,final_imbalance,final_wd_nvars,final_wd_ncons
1,30,67,LinearHeuristicAuction,0.05,0.02,,True,,1000,3600,cats_path_g30b150,,heuristic,2,False,CATS,150,paths,MultiMinded,1000,MaxIter,116.65999999997439,15.606157999999997,18,1.23481,0.870313,14.916328999999998,14.808052972233556,6.957413730158029,11.910417617655998,1,29,12,169,97
2,30,63,LinearHeuristicAuction,0.05,0.02,,True,,1000,3600,cats_path_g30b150,,heuristic,2,False,CATS,150,paths,MultiMinded,1000,MaxIter,120.77000000001863,14.094153000000002,19,1.04283,0.78301449999999995,12.940237000000003,16.545283355668989,4.8112440323969459,10.652980562377916,1,30,16,171,93
3,30,69,LinearHeuristicAuction,0.05,0.02,,True,,1000,3600,cats_path_g30b150,,heuristic,2,False,CATS,150,paths,MultiMinded,1000,MaxIter,135.63000000000466,19.941755999999998,19,1.33809,0.95683499999999999,18.685312000000003,19.442146021175038,6.9946402836705257,14.504765096670852,1,30,21,182,99
4,30,66,LinearHeuristicAuction,0.05,0.02,,True,,1000,3600,cats_path_g30b150,,heuristic,2,False,CATS,150,paths,MultiMinded,1000,MaxIter,120.67999999999302,14.118885,19,0.998367,0.78126600000000002,13.023110000000003,15.189044580688517,6.3981245422025239,10.373374166327508,1,30,19,174,96
5,30,65,LinearHeuristicAuction,0.05,0.02,,True,,1000,3600,cats_path_g30b150,,heuristic,2,False,CATS,150,paths,MultiMinded,1000,MaxIter,124.9100000000326,15.664620999999997,19,1.04116,0.78344400000000003,13.266531,14.475476092959758,4.4036768280896181,9.815629672004949,1,30,29,175,95
6,30,61,LinearHeuristicAuction,0.05,0.02,,True,,1000,3600,cats_path_g30b150,,heuristic,2,False,CATS,150,paths,MultiMinded,1000,MaxIter,117.10999999998603,15.723609,19,1.13448,0.79950699999999997,14.726223,17.46202622963947,5.2412208080886638,11.35141698779657,1,30,30,171,91
7,30,64,LinearHeuristicAuction,0.05,0.02,,True,,1000,3600,cats_path_g30b150,,heuristic,2,False,CATS,150,paths,MultiMinded,1000,MaxIter,125.44000000000233,16.373429,18,1.20046,0.76909549999999993,13.327469,15.9654958966414,4.2316075474640149,9.4111121823168311,1,30,21,176,94
8,30,72,LinearHeuristicAuction,0.05,0.02,,True,,1000,3600,cats_path_g30b150,,heuristic,2,False,CATS,150,paths,MultiMinded,1000,MaxIter,131.04999999998836,16.311622,18,1.24903,0.86937299999999995,14.992697000000001,17.379149087261457,6.5388347377508724,9.4226561763736996,1,30,18,188,102
9,30,60,LinearHeuristicAuction,0.05,0.02,,True,,1000,3600,cats_path_g30b150,,heuristic,2,False,CATS,150,paths,MultiMinded,1000,MaxIter,118.5,14.554215,19,1.25806,0.77530200000000005,13.635554,13.506892719757648,4.4188918370015049,9.1464991011538821,1,30,35,173,90
10,30,64,LinearHeuristicAuction,0.05,0.02,,True,,1000,3600,cats_path_g30b150,,heuristic,2,False,CATS,150,paths,MultiMinded,1000,MaxIter,118.59000000002561,15.764945999999998,19,1.20473,0.77151750000000008,13.845681,16.379474116288712,6.2088985995406647,10.849506971779558,1,30,20,170,94
11,30,70,LinearHeuristicAuction,0.05,0.02,,True,,1000,3600,cats_path_g30b150,,heuristic,2,False,CATS,150,paths,MultiMinded,1000,MaxIter,124.71999999997206,15.460275,17,1.12749,0.83722600000000003,13.295373000000001,15.009244365959809,6.2979641537855047,10.066604732306793,1,30,18,182,100
12,30,67,LinearHeuristicAuction,0.05,0.02,,True,,1000,3600,cats_path_g30b150,,heuristic,2,False,CATS,150,paths,MultiMinded,1000,MaxIter,123.80999999999767,14.9714,19,1.03711,0.74539299999999997,14.044627000000002,13.508854181439267,2.5642075687712964,9.7624184192509951,1,29,25,175,97
13,30,70,LinearHeuristicAuction,0.05,0.02,,True,,1000,3600,cats_path_g30b150,,heuristic,2,False,CATS,150,paths,MultiMinded,1000,MaxIter,125.63000000000466,13.718234000000002,19,1.05702,0.66747699999999999,12.563444,16.472117047378749,3.6702052022842775,7.4670298573057501,1,30,19,179,100
14,30,57,LinearHeuristicAuction,0.05,0.02,,True,,1000,3600,cats_path_g30b150,,heuristic,2,False,CATS,150,paths,MultiMinded,1000,MaxIter,116.80999999999767,13.5776358,18,1.27472,0.79768799999999995,12.123185,13.2049451384561,5.5001537910970759,10.075619865701199,1,30,20,160,87
15,30,76,LinearHeuristicAuction,0.05,0.02,,True,,1000,3600,cats_path_g30b150,,heuristic,2,False,CATS,150,paths,MultiMinded,1000,MaxIter,132.0800000000163,19.193505000000002,19,1.29161,1.0414399999999999,17.829425,18.553745288911475,5.3383381101974363,12.741813159822762,1,30,21,183,106
16,30,55,LinearHeuristicAuction,0.05,0.02,,True,,1000,3600,cats_path_g30b150,,heuristic,2,False,CATS,150,paths,MultiMinded,1000,MaxIter,117.48999999999069,17.6371399,18,1.30608,0.92928299999999997,16.180887,16.556992175796051,5.205634653189561,11.427993022803918,1,30,28,166,85
17,30,60,LinearHeuristicAuction,0.05,0.02,,True,,1000,3600,cats_path_g30b150,,heuristic,2,False,CATS,150,paths,MultiMinded,1000,MaxIter,115.90999999997439,17.3437429,19,1.15586,0.84924900000000003,16.077457000000003,18.056127995801887,5.0502079301060672,12.441264773514671,1,30,30,163,90
18,30,68,LinearHeuristicAuction,0.05,0.02,,True,,1000,3600,cats_path_g30b150,,heuristic,2,False,CATS,150,paths,MultiMinded,1000,MaxIter,123.27999999996973,16.532421,19,1.15917,0.79773499999999997,15.142085999999997,17.896601035188933,6.0980237167698625,8.4506720153855284,1,30,19,187,98
19,30,84,LinearHeuristicAuction,0.05,0.02,,True,,1000,3600,cats_path_g30b150,,heuristic,2,False,CATS,150,paths,MultiMinded,1000,MaxIter,137.71999999997206,16.550685,18,1.19703,0.78075050000000001,13.909423,16.6175346402954,6.9168665606496029,10.642609231751347,1,30,21,201,114
20,30,57,LinearHeuristicAuction,0.05,0.02,,True,,1000,3600,cats_path_g30b150,,heuristic,2,False,CATS,150,paths,MultiMinded,1000,MaxIter,120.64000000001397,11.988608000000001,18,0.830201,0.65249500000000005,10.910419,11.927121727975944,2.8277615987153575,8.3313637541695122,1,30,20,171,87
21,30,76,LinearHeuristicAuction,0.05,0.02,,True,,1000,3600,cats_path_g30b150,,heuristic,2,False,CATS,150,paths,MultiMinded,1000,MaxIter,132.72999999998137,16.346269,19,1.16216,0.87333000000000005,14.185488999999999,16.544901702407142,7.0610116374927179,10.950356695287695,1,30,20,196,106
22,30,62,LinearHeuristicAuction,0.05,0.02,,True,,1000,3600,cats_path_g30b150,,heuristic,2,False,CATS,150,paths,MultiMinded,1000,MaxIter,119.02999999996973,11.899390499999999,17,1.11701,0.58296099999999995,10.415369,10.715004816356172,3.8073496646789979,6.9827964360556365,1,30,18,176,92
23,30,61,LinearHeuristicAuction,0.05,0.02,,True,,1000,3600,cats_path_g30b150,,heuristic,2,False,CATS,150,paths,MultiMinded,1000,MaxIter,115.05999999999767,17.460715,21,1.27766,0.872475,16.876796000000002,17.636720666711934,6.3565025193950895,13.842854223689555,1,30,21,164,91
24,30,72,LinearHeuristicAuction,0.05,0.02,,True,,1000,3600,cats_path_g30b150,,heuristic,2,False,CATS,150,paths,MultiMinded,1000,MaxIter,126.30999999999767,16.551633999999996,19,1.24587,0.733267,14.704314000000002,18.842782231235368,7.6163569060687388,12.523267644141743,1,30,15,182,102
25,30,66,LinearHeuristicAuction,0.05,0.02,,True,,1000,3600,cats_path_g30b150,,heuristic,2,False,CATS,150,paths,MultiMinded,1000,MaxIter,122.52000000001863,15.951057999999998,19,1.21778,0.74724500000000005,13.425214599999997,14.144640334733316,3.031084244057165,10.553688512530885,1,30,16,178,96
26,30,71,LinearHeuristicAuction,0.05,0.02,,True,,1000,3600,cats_path_g30b150,,heuristic,2,False,CATS,150,paths,MultiMinded,1000,MaxIter,124.01000000000931,18.600379,20,1.35655,1.0506500000000001,16.728907,18.036812632804374,7.6270871991786082,13.128878780161806,1,30,13,181,101
27,30,65,LinearHeuristicAuction,0.05,0.02,,True,,1000,3600,cats_path_g30b150,,heuristic,2,False,CATS,150,paths,MultiMinded,1000,MaxIter,119.07000000000698,15.208365,20,1.24835,0.71721100000000004,13.714408,16.19223528907774,6.1677603963642218,10.162031857913991,1,30,29,176,95
28,30,68,LinearHeuristicAuction,0.05,0.02,,True,,1000,3600,cats_path_g30b150,,heuristic,2,False,CATS,150,paths,MultiMinded,1000,MaxIter,129.0799999999581,14.86174,16,1.33611,1.01847,13.751586999999999,12.769497459102713,3.8130415461388005,9.6859654861397786,1,30,25,184,98
29,30,58,LinearHeuristicAuction,0.05,0.02,,True,,1000,3600,cats_path_g30b150,,heuristic,2,False,CATS,150,paths,MultiMinded,1000,MaxIter,115.94000000000233,11.257909999999999,18,0.8594,0.57639300000000004,10.643382999999998,10.6779182128305,4.0025191596677381,7.7086723219971915,1,30,32,167,88
30,30,65,LinearHeuristicAuction,0.05,0.02,,True,,1000,3600,cats_path_g30b150,,heuristic,2,False,CATS,150,paths,MultiMinded,1000,MaxIter,129.46000000002095,12.752407,19,1.05004,0.71123899999999995,11.853679000000001,12.625337040796657,5.587359448879905,10.074154522663523,1,30,28,179,95
31,30,58,LinearHeuristicAuction,0.05,0.02,,True,,1000,3600,cats_path_g30b150,,heuristic,2,False,CATS,150,paths,MultiMinded,1000,MaxIter,121.46999999997206,13.4727089,17,1.18366,0.86047800000000008,12.118114,12.958634738770424,4.8846716969476072,10.610773996181454,1,30,24,165,88
32,30,79,LinearHeuristicAuction,0.05,0.02,,True,,1000,3600,cats_path_g30b150,,heuristic,2,False,CATS,150,paths,MultiMinded,1000,MaxIter,132.27999999996973,17.626487,18,1.11283,0.85035499999999997,16.558981,16.066395569755016,6.2418393375387691,12.76862373182448,1,29,20,194,109
33,30,66,LinearHeuristicAuction,0.05,0.02,,True,,1000,3600,cats_path_g30b150,,heuristic,2,False,CATS,150,paths,MultiMinded,1000,MaxIter,121.39000000001397,13.562479100000003,18,1.17658,0.71348500000000004,12.428296000000001,14.959543134803576,3.9637965743043453,9.2383514589257718,1,30,26,176,96
34,30,59,LinearHeuristicAuction,0.05,0.02,,True,,1000,3600,cats_path_g30b150,,heuristic,2,False,CATS,150,paths,MultiMinded,1000,MaxIter,117.10000000003492,15.543004,17,1.16304,0.84088200000000002,14.727165,14.726140454285645,6.9881344027043424,10.586054957769196,1,30,29,169,89
35,30,61,LinearHeuristicAuction,0.05,0.02,,True,,1000,3600,cats_path_g30b150,,heuristic,2,False,CATS,150,paths,MultiMinded,1000,MaxIter,114.80999999999767,18.943085999999997,18,1.32614,0.92471499999999995,18.156869,16.409721782235977,6.3194933048708402,15.21140069779393,1,30,22,163,91
36,30,75,LinearHeuristicAuction,0.05,0.02,,True,,1000,3600,cats_path_g30b150,,heuristic,2,False,CATS,150,paths,MultiMinded,1000,MaxIter,128.47999999998137,15.257448999999998,20,1.04514,0.73463400000000001,13.762279,15.538817078884936,4.2125211133935814,11.736412659420496,1,30,28,188,105
37,30,73,LinearHeuristicAuction,0.05,0.02,,True,,1000,3600,cats_path_g30b150,,heuristic,2,False,CATS,150,paths,MultiMinded,1000,MaxIter,122.94999999995343,19.314383000000003,21,1.26724,0.81503800000000004,17.435577000000006,20.772102207033011,6.3699794155120433,15.706690067959455,1,30,33,176,103
38,30,69,LinearHeuristicAuction,0.05,0.02,,True,,1000,3600,cats_path_g30b150,,heuristic,2,False,CATS,150,paths,MultiMinded,1000,MaxIter,124.02999999996973,17.06102,18,1.26197,0.80889699999999998,13.912131999999998,16.515860018275919,5.7008952486048798,11.752930656558114,1,30,31,182,99
39,30,64,LinearHeuristicAuction,0.05,0.02,,True,,1000,3600,cats_path_g30b150,,heuristic,2,False,CATS,150,paths,MultiMinded,1000,MaxIter,125.53999999997905,18.017829999999996,17,1.46956,1.00953,15.401900000000001,19.845107381840556,4.6594471369715258,12.180301534345421,1,30,30,176,94
40,30,70,LinearHeuristicAuction,0.05,0.02,,True,,1000,3600,cats_path_g30b150,,heuristic,2,False,CATS,150,paths,MultiMinded,1000,MaxIter,126.38000000000466,16.415451,18,1.33618,0.79276899999999995,15.297405000000001,17.562558130913455,5.0495640628736886,12.863239330704591,1,30,24,182,100
41,30,62,LinearHeuristicAuction,0.05,0.02,,True,,1000,3600,cats_path_g30b150,,heuristic,2,False,CATS,150,paths,MultiMinded,1000,MaxIter,119.98999999999069,15.767216000000001,16,1.27329,0.81440000000000001,12.775338999999999,13.825256948389741,3.0963952041527785,9.9098428026218173,1,30,14,176,92
42,30,66,LinearHeuristicAuction,0.05,0.02,,True,,1000,3600,cats_path_g30b150,,heuristic,2,False,CATS,150,paths,MultiMinded,1000,MaxIter,125.27999999996973,14.387081000000002,19,1.10378,0.674543,12.629709000000004,15.138163049913109,5.3918211170432526,10.427626346913595,1,30,34,179,96
43,30,57,LinearHeuristicAuction,0.05,0.02,,True,,1000,3600,cats_path_g30b150,,heuristic,2,False,CATS,150,paths,MultiMinded,1000,MaxIter,118.69999999995343,12.78674,19,1.092,0.74160349999999997,12.163621,12.573492524531501,4.7471125465889976,8.4295219015205216,1,30,30,167,87
44,30,67,LinearHeuristicAuction,0.05,0.02,,True,,1000,3600,cats_path_g30b150,,heuristic,2,False,CATS,150,paths,MultiMinded,1000,MaxIter,119.0,14.327095000000002,19,1.04382,0.66583400000000004,12.570398,13.229911867431497,4.0960912012402106,10.997914578438204,1,29,24,168,97
45,30,80,LinearHeuristicAuction,0.05,0.02,,True,,1000,3600,cats_path_g30b150,,heuristic,2,False,CATS,150,paths,MultiMinded,1000,MaxIter,133.42999999999302,13.769805999999999,18,1.20458,0.66948099999999999,11.745683999999997,12.264139048702285,4.5847058368760036,8.7373798936540084,1,30,11,197,110
46,30,62,LinearHeuristicAuction,0.05,0.02,,True,,1000,3600,cats_path_g30b150,,heuristic,2,False,CATS,150,paths,MultiMinded,1000,MaxIter,120.27000000001863,17.982688000000003,17,1.47628,0.89541199999999999,15.136933,16.544379059541594,3.7861871675758469,10.608338048374439,1,30,30,168,92
47,30,50,LinearHeuristicAuction,0.05,0.02,,True,,1000,3600,cats_path_g30b150,,heuristic,2,False,CATS,150,paths,MultiMinded,1000,MaxIter,108.60999999998603,14.4709692,16,1.15255,0.87777400000000005,13.8282002,10.548976377538846,4.4265599106733928,13.463623947411339,1,29,14,157,80
48,30,56,LinearHeuristicAuction,0.05,0.02,,True,,1000,3600,cats_path_g30b150,,heuristic,2,False,CATS,150,paths,MultiMinded,1000,MaxIter,117.53999999997905,19.863466000000003,18,1.39092,0.99550399999999994,18.394567999999996,19.630875149064025,10.060504159884005,16.946100177917941,1,30,30,161,86
49,30,59,LinearHeuristicAuction,0.05,0.02,,True,,1000,3600,cats_path_g30b150,,heuristic,2,False,CATS,150,paths,MultiMinded,1000,MaxIter,116.46000000002095,12.83722,18,1.27931,0.83850000000000002,12.286066,13.549645910409328,5.6392430787932746,7.8880547642456893,1,29,22,170,89
50,30,72,LinearHeuristicAuction,0.05,0.02,,True,,1000,3600,cats_path_g30b150,,heuristic,2,False,CATS,150,paths,MultiMinded,1000,MaxIter,128.4900000000489,14.769329999999997,17,1.31494,0.719059,13.323831,13.244622907648669,6.2807273481879893,10.771137275357042,1,30,19,182,102
51,30,72,LinearHeuristicAuction,0.05,0.02,,True,,1000,3600,cats_path_g30b150,,heuristic,2,False,CATS,150,paths,MultiMinded,1000,MaxIter,132.80999999999767,16.073219,17,1.09244,0.793798,14.233024999999998,15.163662500945504,4.3711165806610275,9.085875615176187,1,30,21,190,102
52,30,53,LinearHeuristicAuction,0.05,0.02,,True,,1000,3600,cats_path_g30b150,,heuristic,2,False,CATS,150,paths,MultiMinded,1000,MaxIter,115.88000000000466,12.6877335,18,1.34175,0.74289899999999998,11.990012699999998,12.502299737322712,5.8312526728039522,9.7099090944908237,1,30,32,161,83
53,30,69,LinearHeuristicAuction,0.05,0.02,,True,,1000,3600,cats_path_g30b150,,heuristic,2,False,CATS,150,paths,MultiMinded,1000,MaxIter,127.64999999996508,18.740910999999997,18,1.16684,0.90905150000000001,15.414814999999999,16.340596927804274,4.5297217001669097,11.420044803014669,1,30,19,178,99
54,30,63,LinearHeuristicAuction,0.05,0.02,,True,,1000,3600,cats_path_g30b150,,heuristic,2,False,CATS,150,paths,MultiMinded,1000,MaxIter,119.88999999995576,15.541510000000004,21,1.41102,0.83414200000000005,15.138402300000001,15.753418554200437,5.7648629569289636,9.654983403663099,1,30,32,169,93
55,30,79,LinearHeuristicAuction,0.05,0.02,,True,,1000,3600,cats_path_g30b150,,heuristic,2,False,CATS,150,paths,MultiMinded,1000,MaxIter,138.31999999994878,15.979884000000002,19,1.1263,0.85292049999999997,13.989483000000002,19.752501157229471,4.0825058813232866,9.2961420216457178,1,30,18,200,109
56,30,75,LinearHeuristicAuction,0.05,0.02,,True,,1000,3600,cats_path_g30b150,,heuristic,2,False,CATS,150,paths,MultiMinded,1000,MaxIter,127.80000000004657,18.432461999999994,19,1.25637,0.86360099999999995,16.255686999999998,17.603585981264697,5.269320862195654,12.051943166979132,1,30,24,193,105
57,30,69,LinearHeuristicAuction,0.05,0.02,,True,,1000,3600,cats_path_g30b150,,heuristic,2,False,CATS,150,paths,MultiMinded,1000,MaxIter,122.82000000000698,21.377306399999995,15,1.41831,1.0310999999999999,17.137749999999997,19.479986485636864,8.8416671856590838,15.112480312390069,1,30,24,179,99
58,30,55,LinearHeuristicAuction,0.05,0.02,,True,,1000,3600,cats_path_g30b150,,heuristic,2,False,CATS,150,paths,MultiMinded,1000,MaxIter,116.11999999999534,12.959700999999999,19,1.39908,0.69830300000000001,11.208613999999999,12.315363237290699,5.3636048704071113,8.97454333655973,1,30,26,160,85
59,30,62,LinearHeuristicAuction,0.05,0.02,,True,,1000,3600,cats_path_g30b150,,heuristic,2,False,CATS,150,paths,MultiMinded,1000,MaxIter,116.29000000003725,11.245693,17,0.937523,0.59201349999999997,9.4073922,9.376746677262398,3.6579692489935178,7.4223847922957908,1,30,20,162,92
60,30,62,LinearHeuristicAuction,0.05,0.02,,True,,1000,3600,cats_path_g30b150,,heuristic,2,False,CATS,150,paths,MultiMinded,1000,MaxIter,118.77000000001863,16.295090999999996,18,1.36668,0.91428500000000001,15.544168999999997,15.944347350768471,6.0986008895638903,10.085083387030757,1,30,24,170,92
61,30,65,LinearHeuristicAuction,0.05,0.02,,True,,1000,3600,cats_path_g30b150,,heuristic,2,False,CATS,150,paths,MultiMinded,1000,MaxIter,116.70000000001164,12.734226999999999,17,1.10066,0.73527699999999996,11.179942,12.232241866323617,4.4219799363099961,10.007630716352869,1,29,25,165,95
62,30,74,LinearHeuristicAuction,0.05,0.02,,True,,1000,3600,cats_path_g30b150,,heuristic,2,False,CATS,150,paths,MultiMinded,1000,MaxIter,130.87000000005355,15.189660000000002,19,1.07901,0.72534500000000002,13.305592,12.90241002807684,4.0649992941241813,10.389836498315312,1,30,18,188,104
63,30,57,LinearHeuristicAuction,0.05,0.02,,True,,1000,3600,cats_path_g30b150,,heuristic,2,False,CATS,150,paths,MultiMinded,1000,MaxIter,112.0899999999674,15.812223,19,1.17468,0.85123000000000004,15.260778000000002,15.916043952306945,6.4278728178650439,11.383089232348876,1,30,27,162,87
64,30,65,LinearHeuristicAuction,0.05,0.02,,True,,1000,3600,cats_path_g30b150,,heuristic,2,False,CATS,150,paths,MultiMinded,1000,MaxIter,127.21000000002095,14.256674000000002,19,1.1464,0.76940900000000001,13.33262,14.24514081066059,4.8676207436306127,7.3124932932192142,1,30,17,182,95
65,30,75,LinearHeuristicAuction,0.05,0.02,,True,,1000,3600,cats_path_g30b150,,heuristic,2,False,CATS,150,paths,MultiMinded,1000,MaxIter,131.48000000003958,14.689584000000002,17,1.20503,0.79890700000000003,12.856748000000001,17.69535837462648,6.3630344403148884,10.023113864282912,1,30,16,188,105
66,30,64,LinearHeuristicAuction,0.05,0.02,,True,,1000,3600,cats_path_g30b150,,heuristic,2,False,CATS,150,paths,MultiMinded,1000,MaxIter,120.51000000000931,15.318505000000002,19,1.13026,0.77133499999999999,14.186146999999998,15.300617790997917,5.7171911507506854,8.1600362472282999,1,30,24,174,94
67,30,65,LinearHeuristicAuction,0.05,0.02,,True,,1000,3600,cats_path_g30b150,,heuristic,2,False,CATS,150,paths,MultiMinded,1000,MaxIter,124.03000000002794,17.19162,19,1.36208,0.868533,15.117721000000003,16.201833284668506,5.4837680510747546,11.816431236178488,1,30,31,172,95
68,30,62,LinearHeuristicAuction,0.05,0.02,,True,,1000,3600,cats_path_g30b150,,heuristic,2,False,CATS,150,paths,MultiMinded,1000,MaxIter,122.4199999999837,16.58045,18,1.1806,0.75433449999999991,15.058013999999995,10.344273770322127,2.6994057995589538,13.339651484427549,1,30,31,167,92
69,30,69,LinearHeuristicAuction,0.05,0.02,,True,,1000,3600,cats_path_g30b150,,heuristic,2,False,CATS,150,paths,MultiMinded,1000,MaxIter,120.72999999998137,16.94247,19,1.39982,0.781829,14.85317,17.713218925604188,5.2620139449641163,10.541793130112914,1,30,24,174,99
70,30,69,LinearHeuristicAuction,0.05,0.02,,True,,1000,3600,cats_path_g30b150,,heuristic,2,False,CATS,150,paths,MultiMinded,1000,MaxIter,123.4900000000489,15.6214981,18,1.25374,0.86018899999999998,14.063448000000001,15.22166438563649,6.2522197670828668,11.623312239715483,1,30,21,184,99
71,30,72,LinearHeuristicAuction,0.05,0.02,,True,,1000,3600,cats_path_g30b150,,heuristic,2,False,CATS,150,paths,MultiMinded,1000,MaxIter,127.07000000000698,18.0902305,20,1.22443,0.96304999999999996,17.071386,21.43123283855865,6.5825558735206462,11.509047173587694,1,30,23,184,102
72,30,71,LinearHeuristicAuction,0.05,0.02,,True,,1000,3600,cats_path_g30b150,,heuristic,2,False,CATS,150,paths,MultiMinded,1000,MaxIter,128.03000000002794,14.262129000000002,20,1.12549,0.60241199999999995,12.924818,12.389823284637451,3.8388480487439347,11.657458724129999,1,30,26,188,101
73,30,61,LinearHeuristicAuction,0.05,0.02,,True,,1000,3600,cats_path_g30b150,,heuristic,2,False,CATS,150,paths,MultiMinded,1000,MaxIter,122.77000000001863,16.416352,17,1.29762,0.90387399999999996,14.858208,15.191084616401534,4.8594020856406708,8.9006033758744891,1,30,25,164,91
74,30,65,LinearHeuristicAuction,0.05,0.02,,True,,1000,3600,cats_path_g30b150,,heuristic,2,False,CATS,150,paths,MultiMinded,1000,MaxIter,124.34000000002561,10.025623,19,0.812177,0.53816299999999995,9.56386,10.98863916220443,3.3775757477651944,6.26840879208667,1,30,17,182,95
75,30,69,LinearHeuristicAuction,0.05,0.02,,True,,1000,3600,cats_path_g30b150,,heuristic,2,False,CATS,150,paths,MultiMinded,1000,MaxIter,125.19000000000233,15.321485,19,1.30411,0.789794,13.362559,17.971106606930967,3.4088238517408147,8.2262860685776289,1,30,17,180,99
76,30,66,LinearHeuristicAuction,0.05,0.02,,True,,1000,3600,cats_path_g30b150,,heuristic,2,False,CATS,150,paths,MultiMinded,1000,MaxIter,124.09000000002561,17.565949,18,1.39796,0.82384800000000002,15.765702,16.57843219686249,4.6286512064591712,12.290783231177436,1,30,24,172,96
77,30,71,LinearHeuristicAuction,0.05,0.02,,True,,1000,3600,cats_path_g30b150,,heuristic,2,False,CATS,150,paths,MultiMinded,1000,MaxIter,130.03000000002794,17.445843,17,1.28117,0.83980299999999997,14.330331999999999,18.186219624124806,4.2858414082162257,11.010055567380533,1,30,21,187,101
78,30,77,LinearHeuristicAuction,0.05,0.02,,True,,1000,3600,cats_path_g30b150,,heuristic,2,False,CATS,150,paths,MultiMinded,1000,MaxIter,135.40000000002328,17.835809,21,1.27923,0.84794999999999998,15.921052,20.609957141510751,8.2039009425317087,12.077481884427716,1,30,30,194,107
79,30,71,LinearHeuristicAuction,0.05,0.02,,True,,1000,3600,cats_path_g30b150,,heuristic,2,False,CATS,150,paths,MultiMinded,1000,MaxIter,134.28999999997905,15.251795000000001,19,1.08004,0.77857100000000001,14.244444000000001,15.380025599661241,4.0114777031032816,10.03139689568526,1,30,16,180,101
80,30,67,LinearHeuristicAuction,0.05,0.02,,True,,1000,3600,cats_path_g30b150,,heuristic,2,False,CATS,150,paths,MultiMinded,1000,MaxIter,124.25,21.216326000000002,20,1.34186,1.05186,19.562774,20.089167761742395,8.778385313312846,13.391155830680724,1,30,21,182,97
81,30,68,LinearHeuristicAuction,0.05,0.02,,True,,1000,3600,cats_path_g30b150,,heuristic,2,False,CATS,150,paths,MultiMinded,1000,MaxIter,122.57000000000698,14.454433000000002,19,1.14794,0.83136399999999999,14.108587000000002,12.770447763434705,2.8982713419115922,9.080833793438881,1,29,22,175,98
82,30,64,LinearHeuristicAuction,0.05,0.02,,True,,1000,3600,cats_path_g30b150,,heuristic,2,False,CATS,150,paths,MultiMinded,1000,MaxIter,119.04999999998836,14.456647999999998,19,1.03149,0.62555099999999997,13.489986,15.553011506841196,4.2454852343515208,10.031122771692095,1,30,18,171,94
83,30,64,LinearHeuristicAuction,0.05,0.02,,True,,1000,3600,cats_path_g30b150,,heuristic,2,False,CATS,150,paths,MultiMinded,1000,MaxIter,119.28999999997905,15.243575000000002,20,1.11077,0.82948200000000005,14.389164,17.895139829839376,7.2996938927310433,10.754512193398591,1,30,32,178,94
84,30,55,LinearHeuristicAuction,0.05,0.02,,True,,1000,3600,cats_path_g30b150,,heuristic,2,False,CATS,150,paths,MultiMinded,1000,MaxIter,118.92000000004191,10.829593,18,1.04035,0.60557799999999995,10.7874253,8.9480601415488863,5.649815130786477,9.6851589214616567,1,30,26,166,85
85,30,70,LinearHeuristicAuction,0.05,0.02,,True,,1000,3600,cats_path_g30b150,,heuristic,2,False,CATS,150,paths,MultiMinded,1000,MaxIter,126.52000000001863,17.838826,18,1.20482,0.99917599999999995,16.964263,17.850017774385613,8.0418908022762157,12.983862234352273,1,30,22,183,100
86,30,63,LinearHeuristicAuction,0.05,0.02,,True,,1000,3600,cats_path_g30b150,,heuristic,2,False,CATS,150,paths,MultiMinded,1000,MaxIter,123.4199999999837,14.348480000000002,17,1.12303,0.66461599999999998,13.062715999999998,12.491954468759278,3.5906655816255162,8.2274749049928708,1,30,21,171,93
87,30,64,LinearHeuristicAuction,0.05,0.02,,True,,1000,3600,cats_path_g30b150,,heuristic,2,False,CATS,150,paths,MultiMinded,1000,MaxIter,128.03000000002794,15.876268000000007,17,1.16618,0.92069400000000001,13.367737000000002,12.638243993394097,4.3703267364271667,9.8087548016426975,1,30,26,182,94
88,30,76,LinearHeuristicAuction,0.05,0.02,,True,,1000,3600,cats_path_g30b150,,heuristic,2,False,CATS,150,paths,MultiMinded,1000,MaxIter,131.72999999998137,20.508544000000004,18,1.50963,0.97545999999999999,19.215642000000003,18.151798440210854,4.9934633907411072,15.780117959062162,1,30,33,191,106
89,30,72,LinearHeuristicAuction,0.05,0.02,,True,,1000,3600,cats_path_g30b150,,heuristic,2,False,CATS,150,paths,MultiMinded,1000,MaxIter,130.20000000001164,16.188547,20,1.37467,0.81535500000000005,15.687189,15.485835402150375,9.6272468137342528,13.390985408714409,1,30,33,183,102
90,30,54,LinearHeuristicAuction,0.05,0.02,,True,,1000,3600,cats_path_g30b150,,heuristic,2,False,CATS,150,paths,MultiMinded,1000,MaxIter,118.42999999999302,12.251615099999999,16,0.821456,0.64283100000000004,9.529950000000001,12.535793915494478,4.1982795184759318,8.8606406702290172,1,30,29,164,84
91,30,66,LinearHeuristicAuction,0.05,0.02,,True,,1000,3600,cats_path_g30b150,,heuristic,2,False,CATS,150,paths,MultiMinded,1000,MaxIter,125.4100000000326,13.249561,16,1.08687,0.77222100000000005,10.303123,13.22434531629421,4.0704597084775909,7.7184630852369516,1,30,25,178,96
92,30,57,LinearHeuristicAuction,0.05,0.02,,True,,1000,3600,cats_path_g30b150,,heuristic,2,False,CATS,150,paths,MultiMinded,1000,MaxIter,119.48999999999069,12.038590999999998,17,0.968649,0.65237100000000003,10.324026,11.968727774574027,3.8362676112973628,7.1071636445638635,1,30,15,160,87
93,30,62,LinearHeuristicAuction,0.05,0.02,,True,,1000,3600,cats_path_g30b150,,heuristic,2,False,CATS,150,paths,MultiMinded,1000,MaxIter,116.40000000002328,16.059345,15,1.15822,0.86252099999999998,12.061781,16.987655013939786,4.7912203357231737,10.256519425178713,1,30,21,167,92
94,30,68,LinearHeuristicAuction,0.05,0.02,,True,,1000,3600,cats_path_g30b150,,heuristic,2,False,CATS,150,paths,MultiMinded,1000,MaxIter,132.27000000001863,17.743863,17,1.39576,0.98003499999999999,16.29245,18.927803554089238,5.6499954179666148,11.105594296182723,1,30,15,182,98
95,30,64,LinearHeuristicAuction,0.05,0.02,,True,,1000,3600,cats_path_g30b150,,heuristic,2,False,CATS,150,paths,MultiMinded,1000,MaxIter,114.40000000002328,15.467591,18,0.907099,0.58233449999999998,12.652231999999998,11.764844362580515,2.9757640821879323,9.797995983018005,1,30,18,169,94
96,30,57,LinearHeuristicAuction,0.05,0.02,,True,,1000,3600,cats_path_g30b150,,heuristic,2,False,CATS,150,paths,MultiMinded,1000,MaxIter,116.42999999999302,9.8668957,17,1.02137,0.65189799999999998,9.6653814,9.1609309646156465,4.9988047114609753,7.378777557576667,1,30,16,162,87
97,30,55,LinearHeuristicAuction,0.05,0.02,,True,,1000,3600,cats_path_g30b150,,heuristic,2,False,CATS,150,paths,MultiMinded,1000,MaxIter,117.21000000002095,12.714137000000001,16,1.1671,0.73047649999999997,10.477773,12.315312404380151,4.7420786185368531,7.7708742453197237,1,30,20,168,85
98,30,61,LinearHeuristicAuction,0.05,0.02,,True,,1000,3600,cats_path_g30b150,,heuristic,2,False,CATS,150,paths,MultiMinded,1000,MaxIter,125.61000000004424,17.221063000000004,17,1.28051,0.90821799999999997,15.44387,17.844936775795816,6.1778592755014534,11.391124555328478,1,30,21,169,91
99,30,71,LinearHeuristicAuction,0.05,0.02,,True,,1000,3600,cats_path_g30b150,,heuristic,2,False,CATS,150,paths,MultiMinded,1000,MaxIter,127.97999999998137,16.835101,17,1.27222,0.965194,15.138557999999998,20.376929237188069,5.7073276759960558,11.608328211558444,1,30,19,182,101
100,30,69,LinearHeuristicAuction,0.05,0.02,,True,,1000,3600,cats_path_g30b150,,heuristic,2,False,CATS,150,paths,MultiMinded,1000,MaxIter,128.7600000000093,11.185935,20,0.872955,0.55562999999999996,10.3939137,8.9778912747714354,4.0119477501196883,7.7478173888192572,1,30,25,170,99
