idx,items,agents,auction_class,epsilon,stepc,epoch,scalebyvalue,reserve_type,maxiter,maxtime,generator_param_name,personalized,bidding_strategy,heuristic_pool_num,int_prices,generator,bids,distribution,type,rounds,status,runtime,efficient_value,final_num_winners,final_max_agent_value,final_scalevalue,final_value,final_total_price,final_revenue,final_indirect_util,final_price_degree,final_price_sparsity,final_imbalance,final_wd_nvars,final_wd_ncons
1,30,67,LinearSubgradientAuction,0.05,0.01,,True,,1000,3600,cats_path_g30b150,,default,2,False,CATS,150,paths,MultiMinded,1000,MaxIter,2890.04,15.606157999999997,19,1.23481,0.870313,14.215087,10.684616245022623,8.1990764312049276,14.258046289781655,1,28,13,3953,5859
2,30,63,LinearSubgradientAuction,0.05,0.01,,True,,1000,3600,cats_path_g30b150,,default,2,False,CATS,150,paths,MultiMinded,1000,MaxIter,2741.04,14.094153000000002,18,1.04283,0.78301449999999995,10.493032000000001,10.41218538396819,6.0791399118659433,10.485934914921522,1,29,22,3780,5637
3,30,69,LinearSubgradientAuction,0.05,0.01,,True,,1000,3600,cats_path_g30b150,,default,2,False,CATS,150,paths,MultiMinded,1000,MaxIter,3129.06,19.941755999999998,21,1.33809,0.95683499999999999,15.820248999999997,14.574622363203893,10.048402722168628,16.975162603070217,1,30,18,4209,6309
4,30,66,LinearSubgradientAuction,0.05,0.01,,True,,1000,3600,cats_path_g30b150,,default,2,False,CATS,150,paths,MultiMinded,1000,MaxIter,2941.49,14.118885,25,0.998367,0.78126600000000002,12.376672000000003,11.534153787368792,9.4240013780845349,12.896863310720537,1,30,13,4026,6036
5,30,65,LinearSubgradientAuction,0.05,0.01,,True,,1000,3600,cats_path_g30b150,,default,2,False,CATS,150,paths,MultiMinded,1000,MaxIter,2839.78,15.664620999999997,24,1.04116,0.78344400000000003,13.856479999999996,11.642018340544681,9.7191919851126727,14.650585762458363,1,29,16,3900,5815
6,30,61,LinearSubgradientAuction,0.05,0.01,,True,,1000,3600,cats_path_g30b150,,default,2,False,CATS,150,paths,MultiMinded,1000,MaxIter,2760.83,15.723609,21,1.13448,0.79950699999999997,13.534231,11.680246207065197,8.3354926944471366,13.673946944860692,1,30,14,3721,5581
7,30,64,LinearSubgradientAuction,0.05,0.01,,True,,1000,3600,cats_path_g30b150,,default,2,False,CATS,150,paths,MultiMinded,1000,MaxIter,2764.45,16.373429,19,1.20046,0.76909549999999993,11.738850000000001,10.443450891929063,6.6161286281215732,13.488823894569716,1,29,21,3840,5726
8,30,72,LinearSubgradientAuction,0.05,0.01,,True,,1000,3600,cats_path_g30b150,,default,2,False,CATS,150,paths,MultiMinded,1000,MaxIter,3294.01,16.311622,20,1.24903,0.86937299999999995,13.842027,14.443549564643762,10.807553345704211,13.550976209280703,1,30,10,4392,6582
9,30,60,LinearSubgradientAuction,0.05,0.01,,True,,1000,3600,cats_path_g30b150,,default,2,False,CATS,150,paths,MultiMinded,1000,MaxIter,2574.98,14.554215,20,1.25806,0.77530200000000005,10.262139999999999,11.52583554248174,7.2639738288870168,11.240842788163903,1,29,19,3600,5370
10,30,64,LinearSubgradientAuction,0.05,0.01,,True,,1000,3600,cats_path_g30b150,,default,2,False,CATS,150,paths,MultiMinded,1000,MaxIter,2788.28,15.764945999999998,21,1.20473,0.77151750000000008,13.376388,12.037584423020069,9.1705144145422359,14.49379096172034,1,29,19,3840,5726
11,30,70,LinearSubgradientAuction,0.05,0.01,,True,,1000,3600,cats_path_g30b150,,default,2,False,CATS,150,paths,MultiMinded,1000,MaxIter,3144.67,15.460275,22,1.12749,0.83722600000000003,12.784521999999999,12.633364000145805,8.6191054494612995,12.088211393014145,1,30,26,4270,6400
12,30,67,LinearSubgradientAuction,0.05,0.01,,True,,1000,3600,cats_path_g30b150,,default,2,False,CATS,150,paths,MultiMinded,1000,MaxIter,2914.89,14.9714,21,1.03711,0.74539299999999997,12.629672999999999,10.635958309783009,7.5517895605517813,12.429356282014597,1,29,15,4020,5993
13,30,70,LinearSubgradientAuction,0.05,0.01,,True,,1000,3600,cats_path_g30b150,,default,2,False,CATS,150,paths,MultiMinded,1000,MaxIter,3050.79,13.718234000000002,22,1.05702,0.66747699999999999,10.602355,10.001329436911396,6.979657425180795,11.698067005865074,1,29,14,4200,6260
14,30,57,LinearSubgradientAuction,0.05,0.01,,True,,1000,3600,cats_path_g30b150,,default,2,False,CATS,150,paths,MultiMinded,1000,MaxIter,2348.1200000000003,13.5776358,19,1.27472,0.79768799999999995,11.305021,10.034380174638699,7.8450495540476126,12.197154754911459,1,28,15,3363,4989
15,30,76,LinearSubgradientAuction,0.05,0.01,,True,,1000,3600,cats_path_g30b150,,default,2,False,CATS,150,paths,MultiMinded,1000,MaxIter,3477.08,19.193505000000002,22,1.29161,1.0414399999999999,14.051086000000002,14.662465040903751,8.9810385994140045,15.105615435502456,1,30,24,4636,6946
16,30,55,LinearSubgradientAuction,0.05,0.01,,True,,1000,3600,cats_path_g30b150,,default,2,False,CATS,150,paths,MultiMinded,1000,MaxIter,2305.4099999999994,17.6371399,22,1.30608,0.92928299999999997,15.407834000000003,13.397450974139886,10.004077295733692,15.379415975720567,1,29,13,3300,4925
17,30,60,LinearSubgradientAuction,0.05,0.01,,True,,1000,3600,cats_path_g30b150,,default,2,False,CATS,150,paths,MultiMinded,1000,MaxIter,2649.5099999999998,17.3437429,20,1.15586,0.84924900000000003,13.803764000000001,14.279186638418356,8.5798691360369848,13.286146858092312,1,30,17,3660,5490
18,30,68,LinearSubgradientAuction,0.05,0.01,,True,,1000,3600,cats_path_g30b150,,default,2,False,CATS,150,paths,MultiMinded,1000,MaxIter,3005.1800000000003,16.532421,20,1.15917,0.79773499999999997,14.567380000000002,13.510093271505944,10.154410940889544,14.195818058604868,1,29,21,4080,6082
19,30,84,LinearSubgradientAuction,0.05,0.01,,True,,1000,3600,cats_path_g30b150,,default,2,False,CATS,150,paths,MultiMinded,943,MaxTime,3600.8,16.550685,20,1.19703,0.78075050000000001,15.077979999999998,13.387600802501913,10.246185134990405,13.744568669099927,1,29,11,5040,7506
20,30,57,LinearSubgradientAuction,0.05,0.01,,True,,1000,3600,cats_path_g30b150,,default,2,False,CATS,150,paths,MultiMinded,1000,MaxIter,2429.57,11.988608000000001,20,0.830201,0.65249500000000005,10.802264999999998,8.6288142147046187,7.1403632621262085,11.851683059598887,1,30,13,3477,5217
21,30,76,LinearSubgradientAuction,0.05,0.01,,True,,1000,3600,cats_path_g30b150,,default,2,False,CATS,150,paths,MultiMinded,1000,MaxIter,3561.5799999999995,16.346269,18,1.16216,0.87333000000000005,10.957184999999999,13.102452544979288,6.4501010967365255,10.353568573087617,1,30,19,4636,6946
22,30,62,LinearSubgradientAuction,0.05,0.01,,True,,1000,3600,cats_path_g30b150,,default,2,False,CATS,150,paths,MultiMinded,1000,MaxIter,2607.69,11.899390499999999,19,1.11701,0.58296099999999995,8.774731999999998,8.4177585777247952,5.0266503631722834,8.8748503675861805,1,27,13,3596,5300
23,30,61,LinearSubgradientAuction,0.05,0.01,,True,,1000,3600,cats_path_g30b150,,default,2,False,CATS,150,paths,MultiMinded,1000,MaxIter,2681.2300000000005,17.460715,22,1.27766,0.872475,15.450190000000001,11.414929571499599,8.6742028384162193,16.8075017957532,1,30,14,3721,5581
24,30,72,LinearSubgradientAuction,0.05,0.01,,True,,1000,3600,cats_path_g30b150,,default,2,False,CATS,150,paths,MultiMinded,1000,MaxIter,3222.03,16.551633999999996,19,1.24587,0.733267,12.559135999999999,12.704245907610364,8.4936627057666563,13.70533295111596,1,30,18,4392,6582
25,30,66,LinearSubgradientAuction,0.05,0.01,,True,,1000,3600,cats_path_g30b150,,default,2,False,CATS,150,paths,MultiMinded,1000,MaxIter,2812.83,15.951057999999998,23,1.21778,0.74724500000000005,14.672918999999998,10.667213130489625,8.7644407219300309,15.180202155469493,1,28,6,3894,5772
26,30,71,LinearSubgradientAuction,0.05,0.01,,True,,1000,3600,cats_path_g30b150,,default,2,False,CATS,150,paths,MultiMinded,1000,MaxIter,3126.0099999999993,18.600379,19,1.35655,1.0506500000000001,14.896621,12.503600693292563,8.9579051055198242,16.397994090066518,1,29,11,4260,6349
27,30,65,LinearSubgradientAuction,0.05,0.01,,True,,1000,3600,cats_path_g30b150,,default,2,False,CATS,150,paths,MultiMinded,1000,MaxIter,2828.1000000000004,15.208365,21,1.24835,0.71721100000000004,12.667702,11.075463949561696,8.0574656913037099,12.9045212839874,1,29,10,3900,5815
28,30,68,LinearSubgradientAuction,0.05,0.01,,True,,1000,3600,cats_path_g30b150,,default,2,False,CATS,150,paths,MultiMinded,1000,MaxIter,2993.039999999999,14.86174,17,1.33611,1.01847,11.439406100000001,10.640299493389815,6.6109577159858315,11.808304119773876,1,29,12,4080,6082
29,30,58,LinearSubgradientAuction,0.05,0.01,,True,,1000,3600,cats_path_g30b150,,default,2,False,CATS,150,paths,MultiMinded,1000,MaxIter,2413.3500000000004,11.257909999999999,18,0.8594,0.57639300000000004,9.555897,8.5094416466161853,5.6831986971105826,8.8248667021605876,1,28,19,3422,5076
30,30,65,LinearSubgradientAuction,0.05,0.01,,True,,1000,3600,cats_path_g30b150,,default,2,False,CATS,150,paths,MultiMinded,1000,MaxIter,2934.63,12.752407,20,1.05004,0.71123899999999995,11.672648999999998,8.6733357331620979,7.3671085468657402,12.62850876327914,1,30,13,3965,5945
31,30,58,LinearSubgradientAuction,0.05,0.01,,True,,1000,3600,cats_path_g30b150,,default,2,False,CATS,150,paths,MultiMinded,1000,MaxIter,2529.3200000000006,13.4727089,20,1.18366,0.86047800000000008,10.710958,11.238658806916293,7.9844871095165768,10.991167827573964,1,30,16,3538,5308
32,30,79,LinearSubgradientAuction,0.05,0.01,,True,,1000,3600,cats_path_g30b150,,default,2,False,CATS,150,paths,MultiMinded,1000,MaxIter,3520.0099999999993,17.626487,22,1.11283,0.85035499999999997,16.873224999999998,12.94793666764874,11.815022274851634,17.511515092812264,1,28,10,4661,6903
33,30,66,LinearSubgradientAuction,0.05,0.01,,True,,1000,3600,cats_path_g30b150,,default,2,False,CATS,150,paths,MultiMinded,1000,MaxIter,2926.2299999999996,13.562479100000003,20,1.17658,0.71348500000000004,10.984944100000002,10.961494569179148,7.2597561286290793,11.37959129502984,1,30,20,4026,6036
34,30,59,LinearSubgradientAuction,0.05,0.01,,True,,1000,3600,cats_path_g30b150,,default,2,False,CATS,150,paths,MultiMinded,1000,MaxIter,2524.119999999999,15.543004,17,1.16304,0.84088200000000002,12.358201000000001,11.103779766741685,8.471917360933741,14.33506055854647,1,30,20,3599,5399
35,30,61,LinearSubgradientAuction,0.05,0.01,,True,,1000,3600,cats_path_g30b150,,default,2,False,CATS,150,paths,MultiMinded,1000,MaxIter,2644.3899999999994,18.943085999999997,23,1.32614,0.92471499999999995,17.720458999999998,13.547786867507304,10.649989480103338,18.700522449406122,1,29,13,3660,5459
36,30,75,LinearSubgradientAuction,0.05,0.01,,True,,1000,3600,cats_path_g30b150,,default,2,False,CATS,150,paths,MultiMinded,1000,MaxIter,3462.540000000001,15.257448999999998,23,1.04514,0.73463400000000001,13.591929999999998,12.295645080557529,9.3253380176877165,14.264860351267497,1,30,16,4575,6855
37,30,73,LinearSubgradientAuction,0.05,0.01,,True,,1000,3600,cats_path_g30b150,,default,2,False,CATS,150,paths,MultiMinded,1000,MaxIter,3324.71,19.314383000000003,24,1.26724,0.81503800000000004,16.367814000000003,13.467186007506067,10.094839430445084,18.101578620202943,1,30,19,4453,6673
38,30,69,LinearSubgradientAuction,0.05,0.01,,True,,1000,3600,cats_path_g30b150,,default,2,False,CATS,150,paths,MultiMinded,1000,MaxIter,3002.5600000000004,17.06102,20,1.26197,0.80889699999999998,12.344791,12.387926390901843,7.756219156666206,14.020703691298394,1,29,22,4140,6171
39,30,64,LinearSubgradientAuction,0.05,0.01,,True,,1000,3600,cats_path_g30b150,,default,2,False,CATS,150,paths,MultiMinded,1000,MaxIter,2853.6499999999996,18.017829999999996,22,1.46956,1.00953,15.589146000000001,14.110437714046018,11.734023697922222,16.424142835818511,1,30,10,3904,5854
40,30,70,LinearSubgradientAuction,0.05,0.01,,True,,1000,3600,cats_path_g30b150,,default,2,False,CATS,150,paths,MultiMinded,1000,MaxIter,3066.92,16.415451,21,1.33618,0.79276899999999995,13.025959,12.648981437102522,8.9554811648162449,14.427722027822163,1,29,13,4200,6260
41,30,62,LinearSubgradientAuction,0.05,0.01,,True,,1000,3600,cats_path_g30b150,,default,2,False,CATS,150,paths,MultiMinded,1000,MaxIter,2580.470000000001,15.767216000000001,21,1.27329,0.81440000000000001,13.841605,10.656006488789203,7.7426554663465277,13.523315705907883,1,27,10,3596,5300
42,30,66,LinearSubgradientAuction,0.05,0.01,,True,,1000,3600,cats_path_g30b150,,default,2,False,CATS,150,paths,MultiMinded,1000,MaxIter,2930.209999999999,14.387081000000002,23,1.10378,0.674543,12.738032000000002,11.095002130247169,9.1102703022396518,13.437470289124434,1,30,10,4026,6036
43,30,57,LinearSubgradientAuction,0.05,0.01,,True,,1000,3600,cats_path_g30b150,,default,2,False,CATS,150,paths,MultiMinded,1000,MaxIter,2532.0700000000015,12.78674,22,1.092,0.74160349999999997,10.658152000000001,9.8797363107851695,7.2338166055045381,10.77795026376887,1,30,16,3477,5217
44,30,67,LinearSubgradientAuction,0.05,0.01,,True,,1000,3600,cats_path_g30b150,,default,2,False,CATS,150,paths,MultiMinded,1000,MaxIter,2942.6499999999996,14.327095000000002,27,1.04382,0.66583400000000004,12.869889,9.2413391298580088,7.6040053365149687,14.573653911763014,1,29,10,4020,5993
45,30,80,LinearSubgradientAuction,0.05,0.01,,True,,1000,3600,cats_path_g30b150,,default,2,False,CATS,150,paths,MultiMinded,981,MaxTime,3600.210000000001,13.769805999999999,23,1.20458,0.66948099999999999,12.598906,10.163227081627079,7.9500782609735898,12.293512354628273,1,29,16,4800,7150
46,30,62,LinearSubgradientAuction,0.05,0.01,,True,,1000,3600,cats_path_g30b150,,default,2,False,CATS,150,paths,MultiMinded,1000,MaxIter,2707.779999999999,17.982688000000003,24,1.47628,0.89541199999999999,16.156880000000005,12.788859951918104,10.625786953656785,17.300800666743815,1,29,12,3720,5548
47,30,50,LinearSubgradientAuction,0.05,0.01,,True,,1000,3600,cats_path_g30b150,,default,2,False,CATS,150,paths,MultiMinded,1000,MaxIter,2113.3199999999997,14.4709692,16,1.15255,0.87777400000000005,10.861041,8.8078495718508698,5.546498539159618,12.911318201647969,1,29,16,3000,4480
48,30,56,LinearSubgradientAuction,0.05,0.01,,True,,1000,3600,cats_path_g30b150,,default,2,False,CATS,150,paths,MultiMinded,1000,MaxIter,2452.4300000000003,19.863466000000003,19,1.39092,0.99550399999999994,16.405109,13.936237930594622,11.580359137748113,18.564374155071704,1,30,15,3416,5126
49,30,59,LinearSubgradientAuction,0.05,0.01,,True,,1000,3600,cats_path_g30b150,,default,2,False,CATS,150,paths,MultiMinded,1000,MaxIter,2448.5300000000007,12.83722,14,1.27931,0.83850000000000002,7.338463,10.547409380750263,3.9127033560456512,6.3336065788448206,1,28,23,3481,5163
50,30,72,LinearSubgradientAuction,0.05,0.01,,True,,1000,3600,cats_path_g30b150,,default,2,False,CATS,150,paths,MultiMinded,1000,MaxIter,3110.8899999999994,14.769329999999997,16,1.31494,0.719059,12.776304,10.834139890102541,8.5077987348112458,13.645610063199314,1,28,16,4248,6294
51,30,72,LinearSubgradientAuction,0.05,0.01,,True,,1000,3600,cats_path_g30b150,,default,2,False,CATS,150,paths,MultiMinded,1000,MaxIter,3238.1800000000003,16.073219,23,1.09244,0.793798,12.646279000000002,12.30903886762302,8.5854496532898334,13.511967572051956,1,30,20,4392,6582
52,30,53,LinearSubgradientAuction,0.05,0.01,,True,,1000,3600,cats_path_g30b150,,default,2,False,CATS,150,paths,MultiMinded,1000,MaxIter,2320.800000000001,12.6877335,17,1.34175,0.74289899999999998,9.8137347,9.2852060573314237,6.1193392029729541,10.764858795430214,1,30,22,3233,4853
53,30,69,LinearSubgradientAuction,0.05,0.01,,True,,1000,3600,cats_path_g30b150,,default,2,False,CATS,150,paths,MultiMinded,1000,MaxIter,3128.5199999999986,18.740910999999997,21,1.16684,0.90905150000000001,16.318698,12.922584147950413,10.873516140600625,17.336236715208159,1,30,16,4209,6309
54,30,63,LinearSubgradientAuction,0.05,0.01,,True,,1000,3600,cats_path_g30b150,,default,2,False,CATS,150,paths,MultiMinded,1000,MaxIter,2794.6800000000003,15.541510000000004,18,1.41102,0.83414200000000005,12.811452,11.751937711296057,7.4095986876337623,12.687702682425156,1,30,23,3843,5763
55,30,79,LinearSubgradientAuction,0.05,0.01,,True,,1000,3600,cats_path_g30b150,,default,2,False,CATS,150,paths,MultiMinded,987,MaxTime,3600.84,15.979884000000002,21,1.1263,0.85292049999999997,14.623446000000003,14.010036791075013,11.911461413895399,14.80296434589509,1,30,13,4819,7219
56,30,75,LinearSubgradientAuction,0.05,0.01,,True,,1000,3600,cats_path_g30b150,,default,2,False,CATS,150,paths,MultiMinded,1000,MaxIter,3289.16,18.432461999999994,22,1.25637,0.86360099999999995,16.549663999999996,13.783019863986786,10.474972433579513,15.893114998580398,1,28,9,4425,6555
57,30,69,LinearSubgradientAuction,0.05,0.01,,True,,1000,3600,cats_path_g30b150,,default,2,False,CATS,150,paths,MultiMinded,1000,MaxIter,3133.5200000000004,21.377306399999995,19,1.41831,1.0310999999999999,16.895659,14.649781268583629,10.329977048861377,18.831195509820894,1,30,24,4209,6309
58,30,55,LinearSubgradientAuction,0.05,0.01,,True,,1000,3600,cats_path_g30b150,,default,2,False,CATS,150,paths,MultiMinded,1000,MaxIter,2275.3899999999994,12.959700999999999,18,1.39908,0.69830300000000001,9.013665,9.678902866243039,5.5492790662781522,9.7470989475074106,1,28,20,3245,4815
59,30,62,LinearSubgradientAuction,0.05,0.01,,True,,1000,3600,cats_path_g30b150,,default,2,False,CATS,150,paths,MultiMinded,1000,MaxIter,2705.51,11.245693,20,0.937523,0.59201349999999997,9.831987999999999,8.1168629746468799,6.1217484213680864,9.6304161281293457,1,29,10,3720,5548
60,30,62,LinearSubgradientAuction,0.05,0.01,,True,,1000,3600,cats_path_g30b150,,default,2,False,CATS,150,paths,MultiMinded,1000,MaxIter,2706.880000000001,16.295090999999996,20,1.36668,0.91428500000000001,13.078402999999998,12.898306729661439,8.8222603499828232,13.320963319562411,1,29,16,3720,5548
61,30,65,LinearSubgradientAuction,0.05,0.01,,True,,1000,3600,cats_path_g30b150,,default,2,False,CATS,150,paths,MultiMinded,1000,MaxIter,2810.2800000000007,12.734226999999999,17,1.10066,0.73527699999999996,9.758111,8.9414072329146919,5.8387813551681278,10.436551465694148,1,29,15,3900,5815
62,30,74,LinearSubgradientAuction,0.05,0.01,,True,,1000,3600,cats_path_g30b150,,default,2,False,CATS,150,paths,MultiMinded,1000,MaxIter,3355.0899999999983,15.189660000000002,22,1.07901,0.72534500000000002,13.672196000000001,10.418309021690554,8.3055072753328929,13.41064222231849,1,29,14,4440,6616
63,30,57,LinearSubgradientAuction,0.05,0.01,,True,,1000,3600,cats_path_g30b150,,default,2,False,CATS,150,paths,MultiMinded,1000,MaxIter,2490.460000000001,15.812223,19,1.17468,0.85123000000000004,12.913357000000001,12.473507221702622,8.3331452892891154,13.237560650072165,1,30,16,3477,5217
64,30,65,LinearSubgradientAuction,0.05,0.01,,True,,1000,3600,cats_path_g30b150,,default,2,False,CATS,150,paths,MultiMinded,1000,MaxIter,2771.0099999999984,14.256674000000002,21,1.1464,0.76940900000000001,11.210531000000001,12.046809962717372,8.3939409754968768,10.935455481237996,1,28,15,3835,5685
65,30,75,LinearSubgradientAuction,0.05,0.01,,True,,1000,3600,cats_path_g30b150,,default,2,False,CATS,150,paths,MultiMinded,1000,MaxIter,3316.0300000000007,14.689584000000002,23,1.20503,0.79890700000000003,12.544534000000002,12.416265780222366,9.8213440007348947,12.829089760728632,1,29,11,4500,6705
66,30,64,LinearSubgradientAuction,0.05,0.01,,True,,1000,3600,cats_path_g30b150,,default,2,False,CATS,150,paths,MultiMinded,1000,MaxIter,2861.329999999998,15.318505000000002,22,1.13026,0.77133499999999999,14.854878000000003,12.460493821807344,10.601958442477164,14.095174651108549,1,30,11,3904,5854
67,30,65,LinearSubgradientAuction,0.05,0.01,,True,,1000,3600,cats_path_g30b150,,default,2,False,CATS,150,paths,MultiMinded,1000,MaxIter,2886.3899999999994,17.19162,18,1.36208,0.868533,14.452104,12.831040040117555,10.720416546254848,16.966464935335942,1,30,17,3965,5945
68,30,62,LinearSubgradientAuction,0.05,0.01,,True,,1000,3600,cats_path_g30b150,,default,2,False,CATS,150,paths,MultiMinded,1000,MaxIter,2637.42,16.58045,21,1.1806,0.75433449999999991,15.158437999999999,7.7045190838585844,6.2401733342132655,15.732604306136079,1,28,10,3658,5424
69,30,69,LinearSubgradientAuction,0.05,0.01,,True,,1000,3600,cats_path_g30b150,,default,2,False,CATS,150,paths,MultiMinded,1000,MaxIter,3025.129999999999,16.94247,24,1.39982,0.781829,15.267887000000004,12.426279408776509,9.7015710577812797,16.284049150814099,1,30,20,4209,6309
70,30,69,LinearSubgradientAuction,0.05,0.01,,True,,1000,3600,cats_path_g30b150,,default,2,False,CATS,150,paths,MultiMinded,1000,MaxIter,2957.7700000000004,15.6214981,20,1.25374,0.86018899999999998,14.093801,11.420190802574986,9.3445484060624491,14.561105136780453,1,28,12,4071,6033
71,30,72,LinearSubgradientAuction,0.05,0.01,,True,,1000,3600,cats_path_g30b150,,default,2,False,CATS,150,paths,MultiMinded,1000,MaxIter,3286.33,18.0902305,21,1.22443,0.96304999999999996,14.156363,15.761681691126306,10.579627581235162,13.797665306815871,1,29,13,4320,6438
72,30,71,LinearSubgradientAuction,0.05,0.01,,True,,1000,3600,cats_path_g30b150,,default,2,False,CATS,150,paths,MultiMinded,1000,MaxIter,3240.6500000000015,14.262129000000002,22,1.12549,0.60241199999999995,12.010852000000002,9.3044744298033333,6.852595870758134,13.692176162772718,1,30,15,4331,6491
73,30,61,LinearSubgradientAuction,0.05,0.01,,True,,1000,3600,cats_path_g30b150,,default,2,False,CATS,150,paths,MultiMinded,1000,MaxIter,2608.3600000000006,16.416352,17,1.29762,0.90387399999999996,13.837497999999998,12.072316871623507,9.1708988034222809,14.869566545188624,1,29,16,3660,5459
74,30,65,LinearSubgradientAuction,0.05,0.01,,True,,1000,3600,cats_path_g30b150,,default,2,False,CATS,150,paths,MultiMinded,1000,MaxIter,2832.5599999999977,10.025623,16,0.812177,0.53816299999999995,6.821134999999999,8.152888168776073,5.1689443834412616,7.6427535375252953,1,29,26,3900,5815
75,30,69,LinearSubgradientAuction,0.05,0.01,,True,,1000,3600,cats_path_g30b150,,default,2,False,CATS,150,paths,MultiMinded,1000,MaxIter,3171.5300000000025,15.321485,19,1.30411,0.789794,10.438075999999999,12.758696720830926,7.9606912447480083,10.993627005990003,1,30,27,4209,6309
76,30,66,LinearSubgradientAuction,0.05,0.01,,True,,1000,3600,cats_path_g30b150,,default,2,False,CATS,150,paths,MultiMinded,1000,MaxIter,2956.609999999997,17.565949,20,1.39796,0.82384800000000002,12.826841999999997,12.371432721550152,8.6394591099749309,15.559948288095837,1,30,19,4026,6036
77,30,71,LinearSubgradientAuction,0.05,0.01,,True,,1000,3600,cats_path_g30b150,,default,2,False,CATS,150,paths,MultiMinded,1000,MaxIter,3189.4000000000015,17.445843,23,1.28117,0.83980299999999997,14.238329,13.208251885609062,8.6626397927932945,13.863758462800181,1,30,20,4331,6491
78,30,77,LinearSubgradientAuction,0.05,0.01,,True,,1000,3600,cats_path_g30b150,,default,2,False,CATS,150,paths,MultiMinded,1000,MaxIter,3531.970000000001,17.835809,21,1.27923,0.84794999999999998,15.606299,14.570571721421651,11.516684568043988,15.806072072688908,1,30,9,4697,7037
79,30,71,LinearSubgradientAuction,0.05,0.01,,True,,1000,3600,cats_path_g30b150,,default,2,False,CATS,150,paths,MultiMinded,1000,MaxIter,3161.25,15.251795000000001,20,1.08004,0.77857100000000001,12.240991000000003,12.104510393174495,8.5834866637156502,12.607576740287243,1,29,14,4260,6349
80,30,67,LinearSubgradientAuction,0.05,0.01,,True,,1000,3600,cats_path_g30b150,,default,2,False,CATS,150,paths,MultiMinded,1000,MaxIter,2947.91,21.216326000000002,20,1.34186,1.05186,17.343887000000002,16.170000670792589,10.341720264481454,16.653542354999228,1,30,13,4087,6127
81,30,68,LinearSubgradientAuction,0.05,0.01,,True,,1000,3600,cats_path_g30b150,,default,2,False,CATS,150,paths,MultiMinded,1000,MaxIter,2910.0200000000004,14.454433000000002,19,1.14794,0.83136399999999999,12.478810000000001,9.6089942988379313,7.0252436510142413,12.733703654554107,1,28,11,4012,5946
82,30,64,LinearSubgradientAuction,0.05,0.01,,True,,1000,3600,cats_path_g30b150,,default,2,False,CATS,150,paths,MultiMinded,1000,MaxIter,2694.519999999997,14.456647999999998,21,1.03149,0.62555099999999997,12.339434999999998,9.8276890872755889,7.5375570283202897,13.173954469195888,1,28,14,3776,5598
83,30,64,LinearSubgradientAuction,0.05,0.01,,True,,1000,3600,cats_path_g30b150,,default,2,False,CATS,150,paths,MultiMinded,1000,MaxIter,2870.8600000000006,15.243575000000002,19,1.11077,0.82948200000000005,12.483181,13.110435206789909,9.4761004973055698,12.284430426972008,1,30,14,3904,5854
84,30,55,LinearSubgradientAuction,0.05,0.01,,True,,1000,3600,cats_path_g30b150,,default,2,False,CATS,150,paths,MultiMinded,1000,MaxIter,2343.1800000000003,10.829593,16,1.04035,0.60557799999999995,8.536176000000001,7.6326048814269809,5.0659338997015215,9.6722696915627324,1,29,18,3300,4925
85,30,70,LinearSubgradientAuction,0.05,0.01,,True,,1000,3600,cats_path_g30b150,,default,2,False,CATS,150,paths,MultiMinded,1000,MaxIter,3157.369999999999,17.838826,19,1.20482,0.99917599999999995,14.989867,13.523776795552825,9.5081500483973471,15.039253480814008,1,30,15,4270,6400
86,30,63,LinearSubgradientAuction,0.05,0.01,,True,,1000,3600,cats_path_g30b150,,default,2,False,CATS,150,paths,MultiMinded,1000,MaxIter,2798.0999999999985,14.348480000000002,20,1.12303,0.66461599999999998,12.601351,11.055013052723009,8.0751001591567775,12.443087081052827,1,30,17,3843,5763
87,30,64,LinearSubgradientAuction,0.05,0.01,,True,,1000,3600,cats_path_g30b150,,default,2,False,CATS,150,paths,MultiMinded,1000,MaxIter,2817.199999999997,15.876268000000007,19,1.16618,0.92069400000000001,11.844445000000002,10.713933095104995,6.5019489585096677,12.020367904601876,1,29,15,3840,5726
88,30,76,LinearSubgradientAuction,0.05,0.01,,True,,1000,3600,cats_path_g30b150,,default,2,False,CATS,150,paths,MultiMinded,1000,MaxIter,3570.3100000000013,20.508544000000004,18,1.50963,0.97545999999999999,15.561499,14.89660259882713,9.7922256924394517,15.742754615019031,1,30,14,4636,6946
89,30,72,LinearSubgradientAuction,0.05,0.01,,True,,1000,3600,cats_path_g30b150,,default,2,False,CATS,150,paths,MultiMinded,1000,MaxIter,3212.480000000003,16.188547,19,1.37467,0.81535500000000005,13.430789999999998,12.214562017171973,8.9428581009075341,14.955408883360953,1,30,20,4392,6582
90,30,54,LinearSubgradientAuction,0.05,0.01,,True,,1000,3600,cats_path_g30b150,,default,2,False,CATS,150,paths,MultiMinded,1000,MaxIter,2167.1299999999974,12.251615099999999,20,0.821456,0.64283100000000004,10.078515999999999,8.633525653420298,6.0197909732609247,10.088844221153604,1,27,19,3132,4620
91,30,66,LinearSubgradientAuction,0.05,0.01,,True,,1000,3600,cats_path_g30b150,,default,2,False,CATS,150,paths,MultiMinded,1000,MaxIter,2987.4600000000028,13.249561,20,1.08687,0.77222100000000005,11.406056000000001,10.2782235579224,7.4342576342327114,10.941958677764676,1,30,18,4026,6036
92,30,57,LinearSubgradientAuction,0.05,0.01,,True,,1000,3600,cats_path_g30b150,,default,2,False,CATS,150,paths,MultiMinded,1000,MaxIter,2471.350000000002,12.038590999999998,22,0.968649,0.65237100000000003,10.735802,9.2479557566008701,6.7910535296865291,9.9155515433535228,1,30,10,3477,5217
93,30,62,LinearSubgradientAuction,0.05,0.01,,True,,1000,3600,cats_path_g30b150,,default,2,False,CATS,150,paths,MultiMinded,1000,MaxIter,2632.470000000001,16.059345,19,1.15822,0.86252099999999998,14.371681000000002,10.494912969175477,8.0926444208438042,14.668723640668528,1,28,10,3658,5424
94,30,68,LinearSubgradientAuction,0.05,0.01,,True,,1000,3600,cats_path_g30b150,,default,2,False,CATS,150,paths,MultiMinded,1000,MaxIter,3073.529999999999,17.743863,18,1.39576,0.98003499999999999,14.228200000000001,15.160648529373585,11.003014890152501,14.881025600468124,1,30,17,4148,6218
95,30,64,LinearSubgradientAuction,0.05,0.01,,True,,1000,3600,cats_path_g30b150,,default,2,False,CATS,150,paths,MultiMinded,1000,MaxIter,2884.5,15.467591,23,0.907099,0.58233449999999998,10.519545,9.5964153662639919,6.5920076995297823,13.218137531017577,1,30,17,3904,5854
96,30,57,LinearSubgradientAuction,0.05,0.01,,True,,1000,3600,cats_path_g30b150,,default,2,False,CATS,150,paths,MultiMinded,1000,MaxIter,2424.7400000000016,9.8668957,18,1.02137,0.65189799999999998,8.697798,8.1148882089625669,6.1690241075287657,8.5207279613618923,1,29,11,3420,5103
97,30,55,LinearSubgradientAuction,0.05,0.01,,True,,1000,3600,cats_path_g30b150,,default,2,False,CATS,150,paths,MultiMinded,1000,MaxIter,2312.6500000000015,12.714137000000001,21,1.1671,0.73047649999999997,11.888016,9.2921583408274877,7.6044142199464879,12.20028297518915,1,29,12,3300,4925
98,30,61,LinearSubgradientAuction,0.05,0.01,,True,,1000,3600,cats_path_g30b150,,default,2,False,CATS,150,paths,MultiMinded,1000,MaxIter,2698.1800000000003,17.221063000000004,20,1.28051,0.90821799999999997,13.621943,13.352351581278858,9.948795121254685,16.064554256467286,1,30,26,3721,5581
99,30,71,LinearSubgradientAuction,0.05,0.01,,True,,1000,3600,cats_path_g30b150,,default,2,False,CATS,150,paths,MultiMinded,1000,MaxIter,3119.920000000002,16.835101,22,1.27222,0.965194,14.163414999999999,14.210251986932144,10.744312479832258,14.866164489809901,1,29,17,4260,6349
100,30,69,LinearSubgradientAuction,0.05,0.01,,True,,1000,3600,cats_path_g30b150,,default,2,False,CATS,150,paths,MultiMinded,1000,MaxIter,2974.3199999999997,11.185935,21,0.872955,0.55562999999999996,8.758345,7.298597014513466,4.7134613976384117,9.2770210067123955,1,29,14,4140,6171
