idx,items,agents,auction_class,epsilon,stepc,epoch,scalebyvalue,reserve_type,maxiter,maxtime,generator_param_name,personalized,bidding_strategy,heuristic_pool_num,int_prices,generator,bids,distribution,type,rounds,status,runtime,efficient_value,final_num_winners,final_max_agent_value,final_scalevalue,final_value,final_total_price,final_revenue,final_indirect_util,final_price_degree,final_price_sparsity,final_imbalance,final_wd_nvars,final_wd_ncons
1,30,67,LinearSubgradientAuction,0.05,0.08,,True,,1000,3600,cats_path_g30b150,,heuristic,3,False,CATS,150,paths,MultiMinded,1000,MaxIter,2923.5899999999965,15.606157999999997,13,1.23481,0.870313,6.237352999999999,30.697761924544988,2.762912884392315,7.3589760369148101,1,29,17,4020,5993
2,30,63,LinearSubgradientAuction,0.05,0.08,,True,,1000,3600,cats_path_g30b150,,heuristic,3,False,CATS,150,paths,MultiMinded,1000,MaxIter,2701.5,14.094153000000002,16,1.04283,0.78301449999999995,6.785711999999999,37.413208452871075,0.60167633730283376,6.5817029458681615,1,29,13,3780,5637
3,30,69,LinearSubgradientAuction,0.05,0.08,,True,,1000,3600,cats_path_g30b150,,heuristic,3,False,CATS,150,paths,MultiMinded,1000,MaxIter,3121.1999999999825,19.941755999999998,16,1.33809,0.95683499999999999,10.722014000000001,45.083083513234826,3.9335097523435527,12.709016401441275,1,30,20,4209,6309
4,30,66,LinearSubgradientAuction,0.05,0.08,,True,,1000,3600,cats_path_g30b150,,heuristic,3,False,CATS,150,paths,MultiMinded,1000,MaxIter,2958.1199999999953,14.118885,14,0.998367,0.78126600000000002,8.512647000000001,25.50722132510958,2.8495874933032961,8.1953883237460499,1,30,19,4026,6036
5,30,65,LinearSubgradientAuction,0.05,0.08,,True,,1000,3600,cats_path_g30b150,,heuristic,3,False,CATS,150,paths,MultiMinded,1000,MaxIter,2931.5100000000093,15.664620999999997,17,1.04116,0.78344400000000003,9.729099,34.116585805945888,4.4058070838469279,9.927569468016074,1,30,21,3965,5945
6,30,61,LinearSubgradientAuction,0.05,0.08,,True,,1000,3600,cats_path_g30b150,,heuristic,3,False,CATS,150,paths,MultiMinded,1000,MaxIter,2730.0200000000186,15.723609,13,1.13448,0.79950699999999997,7.916533,38.672999145447221,1.4607136828056118,10.119689674019913,1,30,23,3721,5581
7,30,64,LinearSubgradientAuction,0.05,0.08,,True,,1000,3600,cats_path_g30b150,,heuristic,3,False,CATS,150,paths,MultiMinded,1000,MaxIter,2905.720000000001,16.373429,14,1.20046,0.76909549999999993,8.171334000000002,38.08376063367804,3.2276452051171201,9.370717177579639,1,30,16,3904,5854
8,30,72,LinearSubgradientAuction,0.05,0.08,,True,,1000,3600,cats_path_g30b150,,heuristic,3,False,CATS,150,paths,MultiMinded,1000,MaxIter,3276.1999999999825,16.311622,14,1.24903,0.86937299999999995,10.812894,28.540205238373908,4.4852288046025333,7.6678189151180476,1,30,13,4392,6582
9,30,60,LinearSubgradientAuction,0.05,0.08,,True,,1000,3600,cats_path_g30b150,,heuristic,3,False,CATS,150,paths,MultiMinded,1000,MaxIter,2616.469999999972,14.554215,17,1.25806,0.77530200000000005,10.118737,24.704201857692496,4.6706857587008699,8.6066256596262498,1,29,15,3600,5370
10,30,64,LinearSubgradientAuction,0.05,0.08,,True,,1000,3600,cats_path_g30b150,,heuristic,3,False,CATS,150,paths,MultiMinded,1000,MaxIter,2784.3300000000163,15.764945999999998,13,1.20473,0.77151750000000008,7.6327679999999996,29.278048755837197,1.0077221846004398,6.1640748060066368,1,29,19,3840,5726
11,30,70,LinearSubgradientAuction,0.05,0.08,,True,,1000,3600,cats_path_g30b150,,heuristic,3,False,CATS,150,paths,MultiMinded,1000,MaxIter,3149.5899999999965,15.460275,12,1.12749,0.83722600000000003,7.363438,28.325004494065762,2.4519673429997804,5.5438835494495446,1,30,20,4270,6400
12,30,67,LinearSubgradientAuction,0.05,0.08,,True,,1000,3600,cats_path_g30b150,,heuristic,3,False,CATS,150,paths,MultiMinded,1000,MaxIter,2946.8300000000163,14.9714,14,1.03711,0.74539299999999997,9.339511,31.24919218567068,2.1259617270731512,11.115253795006183,1,29,24,4020,5993
13,30,70,LinearSubgradientAuction,0.05,0.08,,True,,1000,3600,cats_path_g30b150,,heuristic,3,False,CATS,150,paths,MultiMinded,1000,MaxIter,3091.060000000027,13.718234000000002,14,1.05702,0.66747699999999999,7.023848,46.773208518935419,2.5867394644881805,5.4879902841129491,1,29,17,4200,6260
14,30,57,LinearSubgradientAuction,0.05,0.08,,True,,1000,3600,cats_path_g30b150,,heuristic,3,False,CATS,150,paths,MultiMinded,1000,MaxIter,2408.929999999993,13.5776358,12,1.27472,0.79768799999999995,6.266794999999999,33.806838649100058,1.46129106531271,7.4453501457016271,1,29,23,3420,5103
15,30,76,LinearSubgradientAuction,0.05,0.08,,True,,1000,3600,cats_path_g30b150,,heuristic,3,False,CATS,150,paths,MultiMinded,1000,MaxIter,3536.0400000000373,19.193505000000002,13,1.29161,1.0414399999999999,12.021798,31.63828735687753,1.1659108727342185,7.3292166752689791,1,30,16,4636,6946
16,30,55,LinearSubgradientAuction,0.05,0.08,,True,,1000,3600,cats_path_g30b150,,heuristic,3,False,CATS,150,paths,MultiMinded,1000,MaxIter,2416.430000000051,17.6371399,14,1.30608,0.92928299999999997,9.555326,31.580696198691399,1.9175626257632823,8.5034925315828467,1,30,20,3355,5035
17,30,60,LinearSubgradientAuction,0.05,0.08,,True,,1000,3600,cats_path_g30b150,,heuristic,3,False,CATS,150,paths,MultiMinded,1000,MaxIter,2653.8300000000163,17.3437429,13,1.15586,0.84924900000000003,9.899321,42.422644049041253,3.0066259807074833,11.281352712406528,1,30,20,3660,5490
18,30,68,LinearSubgradientAuction,0.05,0.08,,True,,1000,3600,cats_path_g30b150,,heuristic,3,False,CATS,150,paths,MultiMinded,1000,MaxIter,3068.7000000000116,16.532421,17,1.15917,0.79773499999999997,11.623132,25.793482554317212,4.9879595013607583,7.4663015825337515,1,30,17,4148,6218
19,30,84,LinearSubgradientAuction,0.05,0.08,,True,,1000,3600,cats_path_g30b150,,heuristic,3,False,CATS,150,paths,MultiMinded,925,MaxTime,3601.8399999999674,16.550685,13,1.19703,0.78075050000000001,7.409110999999999,27.284228849880254,2.8682134642427646,7.3325818954081647,1,29,16,5040,7506
20,30,57,LinearSubgradientAuction,0.05,0.08,,True,,1000,3600,cats_path_g30b150,,heuristic,3,False,CATS,150,paths,MultiMinded,1000,MaxIter,2507.399999999965,11.988608000000001,11,0.830201,0.65249500000000005,6.216951999999999,31.300179369910669,1.2139090693283132,8.8869975828896344,1,30,26,3477,5217
21,30,76,LinearSubgradientAuction,0.05,0.08,,True,,1000,3600,cats_path_g30b150,,heuristic,3,False,CATS,150,paths,MultiMinded,1000,MaxIter,3528.070000000007,16.346269,15,1.16216,0.87333000000000005,10.326600000000001,32.217075151977291,4.246835168793953,8.0883888479863018,1,30,26,4636,6946
22,30,62,LinearSubgradientAuction,0.05,0.08,,True,,1000,3600,cats_path_g30b150,,heuristic,3,False,CATS,150,paths,MultiMinded,1000,MaxIter,2613.4700000000303,11.899390499999999,10,1.11701,0.58296099999999995,6.0832310000000005,14.904382977650876,0.30478196626750098,4.0581464179014324,1,28,20,3658,5424
23,30,61,LinearSubgradientAuction,0.05,0.08,,True,,1000,3600,cats_path_g30b150,,heuristic,3,False,CATS,150,paths,MultiMinded,1000,MaxIter,2670.3800000000047,17.460715,14,1.27766,0.872475,10.007335000000001,38.114666850430147,2.1243576247101217,11.921195391287615,1,30,19,3721,5581
24,30,72,LinearSubgradientAuction,0.05,0.08,,True,,1000,3600,cats_path_g30b150,,heuristic,3,False,CATS,150,paths,MultiMinded,1000,MaxIter,3176.9799999999814,16.551633999999996,16,1.24587,0.733267,9.952095,25.786073186615404,3.9697430182425433,8.2780181272091866,1,29,13,4320,6438
25,30,66,LinearSubgradientAuction,0.05,0.08,,True,,1000,3600,cats_path_g30b150,,heuristic,3,False,CATS,150,paths,MultiMinded,1000,MaxIter,2910.149999999965,15.951057999999998,14,1.21778,0.74724500000000005,7.871497000000001,30.507685102699725,2.0989019900149586,8.7510127410156997,1,29,19,3960,5904
26,30,71,LinearSubgradientAuction,0.05,0.08,,True,,1000,3600,cats_path_g30b150,,heuristic,3,False,CATS,150,paths,MultiMinded,1000,MaxIter,3260.6199999999953,18.600379,15,1.35655,1.0506500000000001,11.72151,35.938220032372996,4.7632940269339965,10.843660884525191,1,30,19,4331,6491
27,30,65,LinearSubgradientAuction,0.05,0.08,,True,,1000,3600,cats_path_g30b150,,heuristic,3,False,CATS,150,paths,MultiMinded,1000,MaxIter,2909.4199999999837,15.208365,18,1.24835,0.71721100000000004,8.531604999999999,32.415934644544201,4.5376834633255916,8.3680712022930184,1,30,11,3965,5945
28,30,68,LinearSubgradientAuction,0.05,0.08,,True,,1000,3600,cats_path_g30b150,,heuristic,3,False,CATS,150,paths,MultiMinded,1000,MaxIter,3002.100000000035,14.86174,13,1.33611,1.01847,9.506260999999999,16.282944315996758,4.1339009284250174,8.0945580489381808,1,29,13,4080,6082
29,30,58,LinearSubgradientAuction,0.05,0.08,,True,,1000,3600,cats_path_g30b150,,heuristic,3,False,CATS,150,paths,MultiMinded,1000,MaxIter,2507.929999999993,11.257909999999999,16,0.8594,0.57639300000000004,6.942842000000001,19.522324743846525,2.5037421251650871,6.09999864272773,1,29,13,3480,5192
30,30,65,LinearSubgradientAuction,0.05,0.08,,True,,1000,3600,cats_path_g30b150,,heuristic,3,False,CATS,150,paths,MultiMinded,1000,MaxIter,2838.259999999951,12.752407,12,1.05004,0.71123899999999995,4.99581,22.32423533501775,0.64287833303927611,4.7421062096025821,1,29,21,3900,5815
31,30,58,LinearSubgradientAuction,0.05,0.08,,True,,1000,3600,cats_path_g30b150,,heuristic,3,False,CATS,150,paths,MultiMinded,1000,MaxIter,2501.5599999999977,13.4727089,14,1.18366,0.86047800000000008,7.502259,22.293670235988916,1.160515472474664,7.3198127049879478,1,29,15,3480,5192
32,30,79,LinearSubgradientAuction,0.05,0.08,,True,,1000,3600,cats_path_g30b150,,heuristic,3,False,CATS,150,paths,MultiMinded,1000,MaxIter,3473.9899999999907,17.626487,17,1.11283,0.85035499999999997,12.938716999999999,38.562997601159978,4.8112500194737988,11.61105421883553,1,28,13,4661,6903
33,30,66,LinearSubgradientAuction,0.05,0.08,,True,,1000,3600,cats_path_g30b150,,heuristic,3,False,CATS,150,paths,MultiMinded,1000,MaxIter,2989.8099999999977,13.562479100000003,16,1.17658,0.71348500000000004,9.224898100000003,28.486925778688104,1.8189937280962061,6.6746844489987245,1,30,14,4026,6036
34,30,59,LinearSubgradientAuction,0.05,0.08,,True,,1000,3600,cats_path_g30b150,,heuristic,3,False,CATS,150,paths,MultiMinded,1000,MaxIter,2604.3300000000163,15.543004,12,1.16304,0.84088200000000002,8.702568999999999,28.985821689418394,2.5265871477892339,7.0147737890695971,1,30,20,3599,5399
35,30,61,LinearSubgradientAuction,0.05,0.08,,True,,1000,3600,cats_path_g30b150,,heuristic,3,False,CATS,150,paths,MultiMinded,1000,MaxIter,2704.7300000000396,18.943085999999997,9,1.32614,0.92471499999999995,8.084010000000001,22.031244857881646,1.3491953960897016,8.9846142047037159,1,30,28,3721,5581
36,30,75,LinearSubgradientAuction,0.05,0.08,,True,,1000,3600,cats_path_g30b150,,heuristic,3,False,CATS,150,paths,MultiMinded,1000,MaxIter,3457.319999999949,15.257448999999998,17,1.04514,0.73463400000000001,10.505348999999999,32.271378662828042,2.2215667255122429,11.268458485361018,1,30,11,4575,6855
37,30,73,LinearSubgradientAuction,0.05,0.08,,True,,1000,3600,cats_path_g30b150,,heuristic,3,False,CATS,150,paths,MultiMinded,1000,MaxIter,3300.3300000000163,19.314383000000003,16,1.26724,0.81503800000000004,12.380037,51.219035276587668,5.6552548010015604,12.131818342738086,1,30,24,4453,6673
38,30,69,LinearSubgradientAuction,0.05,0.08,,True,,1000,3600,cats_path_g30b150,,heuristic,3,False,CATS,150,paths,MultiMinded,1000,MaxIter,3049.0900000000256,17.06102,13,1.26197,0.80889699999999998,10.567407000000001,25.583142927094954,4.2302954689774621,10.97270931342474,1,29,20,4140,6171
39,30,64,LinearSubgradientAuction,0.05,0.08,,True,,1000,3600,cats_path_g30b150,,heuristic,3,False,CATS,150,paths,MultiMinded,1000,MaxIter,2853.7600000000093,18.017829999999996,14,1.46956,1.00953,12.806978999999998,49.790768138684996,2.7786085494120289,11.659231839271211,1,30,17,3904,5854
40,30,70,LinearSubgradientAuction,0.05,0.08,,True,,1000,3600,cats_path_g30b150,,heuristic,3,False,CATS,150,paths,MultiMinded,1000,MaxIter,3213.0800000000163,16.415451,13,1.33618,0.79276899999999995,9.992714000000001,36.865544382925492,3.4959329588156804,9.026000990871367,1,30,20,4270,6400
41,30,62,LinearSubgradientAuction,0.05,0.08,,True,,1000,3600,cats_path_g30b150,,heuristic,3,False,CATS,150,paths,MultiMinded,1000,MaxIter,2682.6199999999953,15.767216000000001,13,1.27329,0.81440000000000001,9.922623999999999,28.72799280019008,2.4225457833939443,9.1360667574074998,1,29,16,3720,5548
42,30,66,LinearSubgradientAuction,0.05,0.08,,True,,1000,3600,cats_path_g30b150,,heuristic,3,False,CATS,150,paths,MultiMinded,1000,MaxIter,2960.0499999999884,14.387081000000002,15,1.10378,0.674543,9.316094999999999,33.287394948700289,3.8474348347219109,8.7212810929122178,1,30,18,4026,6036
43,30,57,LinearSubgradientAuction,0.05,0.08,,True,,1000,3600,cats_path_g30b150,,heuristic,3,False,CATS,150,paths,MultiMinded,1000,MaxIter,2489.3899999999558,12.78674,15,1.092,0.74160349999999997,7.55775,27.329982079965863,1.965982373437358,6.6094256178799213,1,30,22,3477,5217
44,30,67,LinearSubgradientAuction,0.05,0.08,,True,,1000,3600,cats_path_g30b150,,heuristic,3,False,CATS,150,paths,MultiMinded,1000,MaxIter,2958.710000000021,14.327095000000002,16,1.04382,0.66583400000000004,8.938702999999999,33.044264945631369,1.0414843926659163,9.6126228149222435,1,29,16,4020,5993
45,30,80,LinearSubgradientAuction,0.05,0.08,,True,,1000,3600,cats_path_g30b150,,heuristic,3,False,CATS,150,paths,MultiMinded,988,MaxTime,3602.039999999979,13.769805999999999,14,1.20458,0.66948099999999999,7.017177,15.929898621855223,3.2961399945809355,7.2221642758953992,1,29,13,4800,7150
46,30,62,LinearSubgradientAuction,0.05,0.08,,True,,1000,3600,cats_path_g30b150,,heuristic,3,False,CATS,150,paths,MultiMinded,1000,MaxIter,2679.7700000000186,17.982688000000003,13,1.47628,0.89541199999999999,10.004855,23.158931137059795,2.8894270316695119,10.84293593528715,1,29,17,3720,5548
47,30,50,LinearSubgradientAuction,0.05,0.08,,True,,1000,3600,cats_path_g30b150,,heuristic,3,False,CATS,150,paths,MultiMinded,1000,MaxIter,2132.359999999986,14.4709692,11,1.15255,0.87777400000000005,7.462168999999999,24.098814060952837,0.32997596546576352,8.8304335809373775,1,30,15,3050,4580
48,30,56,LinearSubgradientAuction,0.05,0.08,,True,,1000,3600,cats_path_g30b150,,heuristic,3,False,CATS,150,paths,MultiMinded,1000,MaxIter,2429.3400000000256,19.863466000000003,11,1.39092,0.99550399999999994,9.234779,44.282744915442905,2.3648081690508604,10.781513050448535,1,30,20,3416,5126
49,30,59,LinearSubgradientAuction,0.05,0.08,,True,,1000,3600,cats_path_g30b150,,heuristic,3,False,CATS,150,paths,MultiMinded,1000,MaxIter,2529.3800000000047,12.83722,16,1.27931,0.83850000000000002,9.169663,22.922951890890037,4.5185698553378231,7.367793953429242,1,29,12,3540,5281
50,30,72,LinearSubgradientAuction,0.05,0.08,,True,,1000,3600,cats_path_g30b150,,heuristic,3,False,CATS,150,paths,MultiMinded,1000,MaxIter,3223.2999999999884,14.769329999999997,13,1.31494,0.719059,10.391022999999999,25.620663450954961,3.1368492162969281,7.1080369152918372,1,29,12,4320,6438
51,30,72,LinearSubgradientAuction,0.05,0.08,,True,,1000,3600,cats_path_g30b150,,heuristic,3,False,CATS,150,paths,MultiMinded,1000,MaxIter,3267.9100000000326,16.073219,12,1.09244,0.793798,9.125816,31.09420987955275,1.0550027643257063,5.4610002423853601,1,30,27,4392,6582
52,30,53,LinearSubgradientAuction,0.05,0.08,,True,,1000,3600,cats_path_g30b150,,heuristic,3,False,CATS,150,paths,MultiMinded,1000,MaxIter,2278.9500000000116,12.6877335,17,1.34175,0.74289899999999998,8.7431726,28.245977519873566,4.9356479548912029,9.0345561112985404,1,30,12,3233,4853
53,30,69,LinearSubgradientAuction,0.05,0.08,,True,,1000,3600,cats_path_g30b150,,heuristic,3,False,CATS,150,paths,MultiMinded,1000,MaxIter,3133.829999999958,18.740910999999997,12,1.16684,0.90905150000000001,11.859962,33.899128440216579,3.0104033132212531,10.542876329579579,1,30,15,4209,6309
54,30,63,LinearSubgradientAuction,0.05,0.08,,True,,1000,3600,cats_path_g30b150,,heuristic,3,False,CATS,150,paths,MultiMinded,1000,MaxIter,2836.5299999999697,15.541510000000004,17,1.41102,0.83414200000000005,10.086006000000001,29.755368905693587,5.4005385817020786,7.8957895500149977,1,30,13,3843,5763
55,30,79,LinearSubgradientAuction,0.05,0.08,,True,,1000,3600,cats_path_g30b150,,heuristic,3,False,CATS,150,paths,MultiMinded,979,MaxTime,3602.1699999999837,15.979884000000002,14,1.1263,0.85292049999999997,9.00212,43.422106125090316,1.0545693554987963,7.4593882977131907,1,30,24,4819,7219
56,30,75,LinearSubgradientAuction,0.05,0.08,,True,,1000,3600,cats_path_g30b150,,heuristic,3,False,CATS,150,paths,MultiMinded,1000,MaxIter,3328.6699999999837,18.432461999999994,15,1.25637,0.86360099999999995,12.384217000000001,42.862689350639293,4.438508198226863,11.081628381547148,1,29,19,4500,6705
57,30,69,LinearSubgradientAuction,0.05,0.08,,True,,1000,3600,cats_path_g30b150,,heuristic,3,False,CATS,150,paths,MultiMinded,1000,MaxIter,3011.8800000000047,21.377306399999995,14,1.41831,1.0310999999999999,9.324648,31.097697104497545,3.1355071135337398,8.1417789569089063,1,29,21,4140,6171
58,30,55,LinearSubgradientAuction,0.05,0.08,,True,,1000,3600,cats_path_g30b150,,heuristic,3,False,CATS,150,paths,MultiMinded,1000,MaxIter,2356.600000000035,12.959700999999999,17,1.39908,0.69830300000000001,8.230772,18.690620645991611,4.9748981427092742,9.0135586844158837,1,29,15,3300,4925
59,30,62,LinearSubgradientAuction,0.05,0.08,,True,,1000,3600,cats_path_g30b150,,heuristic,3,False,CATS,150,paths,MultiMinded,1000,MaxIter,2763.890000000014,11.245693,15,0.937523,0.59201349999999997,5.723122000000001,20.021456317675572,2.0445314932165672,7.0089901168163538,1,30,21,3782,5672
60,30,62,LinearSubgradientAuction,0.05,0.08,,True,,1000,3600,cats_path_g30b150,,heuristic,3,False,CATS,150,paths,MultiMinded,1000,MaxIter,2743.9099999999744,16.295090999999996,16,1.36668,0.91428500000000001,10.942791999999999,25.161060358447813,2.3151181350577583,9.2845401376493442,1,30,15,3782,5672
61,30,65,LinearSubgradientAuction,0.05,0.08,,True,,1000,3600,cats_path_g30b150,,heuristic,3,False,CATS,150,paths,MultiMinded,1000,MaxIter,2814.6300000000047,12.734226999999999,13,1.10066,0.73527699999999996,6.159471000000001,43.977009350697799,2.4685247347847534,8.6901854329440784,1,29,33,3900,5815
62,30,74,LinearSubgradientAuction,0.05,0.08,,True,,1000,3600,cats_path_g30b150,,heuristic,3,False,CATS,150,paths,MultiMinded,1000,MaxIter,3400.3400000000256,15.189660000000002,18,1.07901,0.72534500000000002,9.798933,26.326337665526818,2.9355578988993871,8.9445839818440298,1,30,18,4514,6764
63,30,57,LinearSubgradientAuction,0.05,0.08,,True,,1000,3600,cats_path_g30b150,,heuristic,3,False,CATS,150,paths,MultiMinded,1000,MaxIter,2509.4099999999744,15.812223,13,1.17468,0.85123000000000004,9.678787,20.69564410232686,2.0357618071748544,8.8499843658339739,1,30,10,3477,5217
64,30,65,LinearSubgradientAuction,0.05,0.08,,True,,1000,3600,cats_path_g30b150,,heuristic,3,False,CATS,150,paths,MultiMinded,1000,MaxIter,2849.3800000000047,14.256674000000002,14,1.1464,0.76940900000000001,8.927998,19.000152178706937,4.1319018186209089,6.3367553855686722,1,29,11,3900,5815
65,30,75,LinearSubgradientAuction,0.05,0.08,,True,,1000,3600,cats_path_g30b150,,heuristic,3,False,CATS,150,paths,MultiMinded,1000,MaxIter,3485.4700000000303,14.689584000000002,15,1.20503,0.79890700000000003,8.094714,42.14694120990336,3.49025461101572,8.0696838188666913,1,30,18,4575,6855
66,30,64,LinearSubgradientAuction,0.05,0.08,,True,,1000,3600,cats_path_g30b150,,heuristic,3,False,CATS,150,paths,MultiMinded,1000,MaxIter,2859.259999999951,15.318505000000002,13,1.13026,0.77133499999999999,7.1357,23.781890989318264,3.4475896568927844,6.0372266261270831,1,30,13,3904,5854
67,30,65,LinearSubgradientAuction,0.05,0.08,,True,,1000,3600,cats_path_g30b150,,heuristic,3,False,CATS,150,paths,MultiMinded,1000,MaxIter,2938.0299999999697,17.19162,14,1.36208,0.868533,10.57985,21.286799888984515,2.1333773226316435,7.978810312038803,1,30,12,3965,5945
68,30,62,LinearSubgradientAuction,0.05,0.08,,True,,1000,3600,cats_path_g30b150,,heuristic,3,False,CATS,150,paths,MultiMinded,1000,MaxIter,2705.9500000000116,16.58045,14,1.1806,0.75433449999999991,9.314032,25.251662340944637,0.60700751547286269,9.2286823284363209,1,29,17,3720,5548
69,30,69,LinearSubgradientAuction,0.05,0.08,,True,,1000,3600,cats_path_g30b150,,heuristic,3,False,CATS,150,paths,MultiMinded,1000,MaxIter,3093.109999999986,16.94247,19,1.39982,0.781829,12.17129,34.223400295318704,4.302326619143364,11.362340288938071,1,30,11,4209,6309
70,30,69,LinearSubgradientAuction,0.05,0.08,,True,,1000,3600,cats_path_g30b150,,heuristic,3,False,CATS,150,paths,MultiMinded,1000,MaxIter,2933.820000000007,15.6214981,14,1.25374,0.86018899999999998,7.073192,23.641689186142919,1.6039163559947851,7.2215773170906061,1,28,17,4071,6033
71,30,72,LinearSubgradientAuction,0.05,0.08,,True,,1000,3600,cats_path_g30b150,,heuristic,3,False,CATS,150,paths,MultiMinded,1000,MaxIter,3220.9400000000023,18.0902305,19,1.22443,0.96304999999999996,14.221436000000002,60.113450705735907,6.8046548990344462,13.73567006161778,1,29,11,4320,6438
72,30,71,LinearSubgradientAuction,0.05,0.08,,True,,1000,3600,cats_path_g30b150,,heuristic,3,False,CATS,150,paths,MultiMinded,1000,MaxIter,3221.780000000028,14.262129000000002,17,1.12549,0.60241199999999995,10.270316999999999,32.798056190805283,1.0833724881811853,7.6466080565935464,1,30,13,4331,6491
73,30,61,LinearSubgradientAuction,0.05,0.08,,True,,1000,3600,cats_path_g30b150,,heuristic,3,False,CATS,150,paths,MultiMinded,1000,MaxIter,2611.0499999999884,16.416352,13,1.29762,0.90387399999999996,9.158932,23.120994859630102,3.1297565161888654,9.7962875657515127,1,29,14,3660,5459
74,30,65,LinearSubgradientAuction,0.05,0.08,,True,,1000,3600,cats_path_g30b150,,heuristic,3,False,CATS,150,paths,MultiMinded,1000,MaxIter,2846.740000000049,10.025623,16,0.812177,0.53816299999999995,5.9699,21.391313898886153,1.8587335112978804,4.7161817599163411,1,29,12,3900,5815
75,30,69,LinearSubgradientAuction,0.05,0.08,,True,,1000,3600,cats_path_g30b150,,heuristic,3,False,CATS,150,paths,MultiMinded,1000,MaxIter,3106.0599999999977,15.321485,17,1.30411,0.789794,10.036999999999999,41.507294850605405,3.6381915461583443,7.7540212048090273,1,30,15,4209,6309
76,30,66,LinearSubgradientAuction,0.05,0.08,,True,,1000,3600,cats_path_g30b150,,heuristic,3,False,CATS,150,paths,MultiMinded,1000,MaxIter,2978.0599999999977,17.565949,13,1.39796,0.82384800000000002,8.528151,32.085732088611032,1.9495598696308429,8.2568746851674,1,30,23,4026,6036
77,30,71,LinearSubgradientAuction,0.05,0.08,,True,,1000,3600,cats_path_g30b150,,heuristic,3,False,CATS,150,paths,MultiMinded,1000,MaxIter,3234.310000000056,17.445843,16,1.28117,0.83980299999999997,9.079746,36.501443013007908,2.5331802625918427,11.155070296576996,1,30,16,4331,6491
78,30,77,LinearSubgradientAuction,0.05,0.08,,True,,1000,3600,cats_path_g30b150,,heuristic,3,False,CATS,150,paths,MultiMinded,1000,MaxIter,3602.3699999999953,17.835809,16,1.27923,0.84794999999999998,10.135739,40.662888976918339,4.5669010697615811,9.2419551048894064,1,30,14,4697,7037
79,30,71,LinearSubgradientAuction,0.05,0.08,,True,,1000,3600,cats_path_g30b150,,heuristic,3,False,CATS,150,paths,MultiMinded,1000,MaxIter,3268.219999999972,15.251795000000001,16,1.08004,0.77857100000000001,9.274507,31.340412202437598,3.1384659174690204,9.6068538489879725,1,30,13,4331,6491
80,30,67,LinearSubgradientAuction,0.05,0.08,,True,,1000,3600,cats_path_g30b150,,heuristic,3,False,CATS,150,paths,MultiMinded,1000,MaxIter,3013.7999999999884,21.216326000000002,15,1.34186,1.05186,12.678545000000002,31.812480357110015,5.2043027426548729,10.242492009888178,1,30,21,4087,6127
81,30,68,LinearSubgradientAuction,0.05,0.08,,True,,1000,3600,cats_path_g30b150,,heuristic,3,False,CATS,150,paths,MultiMinded,1000,MaxIter,2986.539999999979,14.454433000000002,13,1.14794,0.83136399999999999,6.583411000000001,24.422728333953181,2.031074659295379,9.465784556477999,1,29,19,4080,6082
82,30,64,LinearSubgradientAuction,0.05,0.08,,True,,1000,3600,cats_path_g30b150,,heuristic,3,False,CATS,150,paths,MultiMinded,1000,MaxIter,2847.929999999993,14.456647999999998,13,1.03149,0.62555099999999997,8.075918,33.771351016414577,1.5763072569851553,7.8391803198983752,1,30,19,3904,5854
83,30,64,LinearSubgradientAuction,0.05,0.08,,True,,1000,3600,cats_path_g30b150,,heuristic,3,False,CATS,150,paths,MultiMinded,1000,MaxIter,2839.7200000000303,15.243575000000002,17,1.11077,0.82948200000000005,10.297022999999998,33.603454380805815,3.4299552158734921,8.5542014861449012,1,30,15,3904,5854
84,30,55,LinearSubgradientAuction,0.05,0.08,,True,,1000,3600,cats_path_g30b150,,heuristic,3,False,CATS,150,paths,MultiMinded,1000,MaxIter,2336.6900000000023,10.829593,10,1.04035,0.60557799999999995,6.5028570000000006,13.55489306851667,1.1192602335221018,5.2820550503423451,1,29,21,3300,4925
85,30,70,LinearSubgradientAuction,0.05,0.08,,True,,1000,3600,cats_path_g30b150,,heuristic,3,False,CATS,150,paths,MultiMinded,1000,MaxIter,3175.829999999958,17.838826,14,1.20482,0.99917599999999995,11.314236,36.250750897577575,3.6857142530365903,10.618999931601332,1,30,13,4270,6400
86,30,63,LinearSubgradientAuction,0.05,0.08,,True,,1000,3600,cats_path_g30b150,,heuristic,3,False,CATS,150,paths,MultiMinded,1000,MaxIter,2826.039999999979,14.348480000000002,12,1.12303,0.66461599999999998,8.028832,15.963060909906002,1.0290712697361799,5.3442183821753355,1,30,17,3843,5763
87,30,64,LinearSubgradientAuction,0.05,0.08,,True,,1000,3600,cats_path_g30b150,,heuristic,3,False,CATS,150,paths,MultiMinded,1000,MaxIter,2809.079999999958,15.876268000000007,11,1.16618,0.92069400000000001,6.761287,30.3502967940865,1.249633625287883,4.6664894820233647,1,29,15,3840,5726
88,30,76,LinearSubgradientAuction,0.05,0.08,,True,,1000,3600,cats_path_g30b150,,heuristic,3,False,CATS,150,paths,MultiMinded,1000,MaxIter,3541.640000000014,20.508544000000004,16,1.50963,0.97545999999999999,12.470286999999999,44.173321082048481,4.1636031831131621,13.802363801377108,1,30,19,4636,6946
89,30,72,LinearSubgradientAuction,0.05,0.08,,True,,1000,3600,cats_path_g30b150,,heuristic,3,False,CATS,150,paths,MultiMinded,1000,MaxIter,3265.2299999999814,16.188547,17,1.37467,0.81535500000000005,9.705369,24.373538699798736,2.6208141765985653,5.2199369175035741,1,30,21,4392,6582
90,30,54,LinearSubgradientAuction,0.05,0.08,,True,,1000,3600,cats_path_g30b150,,heuristic,3,False,CATS,150,paths,MultiMinded,1000,MaxIter,2187.9099999999744,12.251615099999999,14,0.821456,0.64283100000000004,7.46416,30.583745991212236,1.8275898315828214,8.0961831285011723,1,27,12,3132,4620
91,30,66,LinearSubgradientAuction,0.05,0.08,,True,,1000,3600,cats_path_g30b150,,heuristic,3,False,CATS,150,paths,MultiMinded,1000,MaxIter,2990.679999999993,13.249561,14,1.08687,0.77222100000000005,7.125341,26.330391370689075,3.1139867772229528,6.053687710054751,1,30,15,4026,6036
92,30,57,LinearSubgradientAuction,0.05,0.08,,True,,1000,3600,cats_path_g30b150,,heuristic,3,False,CATS,150,paths,MultiMinded,1000,MaxIter,2477.0100000000093,12.038590999999998,14,0.968649,0.65237100000000003,6.681808,33.886917258501974,1.5587182467815683,4.1636527778210439,1,30,15,3477,5217
93,30,62,LinearSubgradientAuction,0.05,0.08,,True,,1000,3600,cats_path_g30b150,,heuristic,3,False,CATS,150,paths,MultiMinded,1000,MaxIter,2681.6199999999953,16.059345,14,1.15822,0.86252099999999998,8.944393000000002,35.827145675586124,1.9444247594053448,7.6676305751553597,1,29,20,3720,5548
94,30,68,LinearSubgradientAuction,0.05,0.08,,True,,1000,3600,cats_path_g30b150,,heuristic,3,False,CATS,150,paths,MultiMinded,1000,MaxIter,3111.5200000000186,17.743863,11,1.39576,0.98003499999999999,8.961621999999998,35.185802347120962,3.3324592560726884,8.8089656668273122,1,30,20,4148,6218
95,30,64,LinearSubgradientAuction,0.05,0.08,,True,,1000,3600,cats_path_g30b150,,heuristic,3,False,CATS,150,paths,MultiMinded,1000,MaxIter,2873.6600000000326,15.467591,15,0.907099,0.58233449999999998,8.955103999999999,29.386077839543535,2.6542027735809088,9.2519183479099336,1,30,11,3904,5854
96,30,57,LinearSubgradientAuction,0.05,0.08,,True,,1000,3600,cats_path_g30b150,,heuristic,3,False,CATS,150,paths,MultiMinded,1000,MaxIter,2478.4000000000233,9.8668957,10,1.02137,0.65189799999999998,5.3122940000000005,16.067993549082647,2.246741237223485,4.2402429321268329,1,30,13,3477,5217
97,30,55,LinearSubgradientAuction,0.05,0.08,,True,,1000,3600,cats_path_g30b150,,heuristic,3,False,CATS,150,paths,MultiMinded,1000,MaxIter,2348.2999999999884,12.714137000000001,13,1.1671,0.73047649999999997,4.398134000000001,22.055195756384386,1.171634707686775,3.8996792565224809,1,29,25,3300,4925
98,30,61,LinearSubgradientAuction,0.05,0.08,,True,,1000,3600,cats_path_g30b150,,heuristic,3,False,CATS,150,paths,MultiMinded,1000,MaxIter,2723.5800000000163,17.221063000000004,13,1.28051,0.90821799999999997,10.922606000000002,33.366659795358103,3.5322388505844642,7.0097318101030286,1,30,16,3721,5581
99,30,71,LinearSubgradientAuction,0.05,0.08,,True,,1000,3600,cats_path_g30b150,,heuristic,3,False,CATS,150,paths,MultiMinded,1000,MaxIter,3231.039999999979,16.835101,13,1.27222,0.965194,8.953779,56.324940570032666,3.1658295514801251,8.8829464448708126,1,30,19,4331,6491
100,30,69,LinearSubgradientAuction,0.05,0.08,,True,,1000,3600,cats_path_g30b150,,heuristic,3,False,CATS,150,paths,MultiMinded,1000,MaxIter,3058.6699999999837,11.185935,12,0.872955,0.55562999999999996,5.468739,13.337836636073696,2.4059629267622884,5.5722125655843797,1,29,11,4140,6171
