idx,items,agents,auction_class,epsilon,stepc,epoch,scalebyvalue,reserve_type,maxiter,maxtime,generator_param_name,personalized,bidding_strategy,heuristic_pool_num,int_prices,generator,bids,distribution,type,rounds,status,runtime,efficient_value,final_num_winners,final_max_agent_value,final_scalevalue,final_value,final_total_price,final_revenue,final_indirect_util,final_price_degree,final_price_sparsity,final_imbalance,final_wd_nvars,final_wd_ncons
1,30,67,AdaptiveCuttingAuction,0.05,0.02,10,True,,1000,3600,cats_path_g30b150,True,heuristic,3,False,CATS,150,paths,MultiMinded,1000,MaxIter,1408.6899999999441,15.606157999999997,14,1.23481,0.870313,12.897598,15.454741908775096,4.7745089130918963,12.45705047056126,3,4558,16,179,97
2,30,63,AdaptiveCuttingAuction,0.05,0.02,10,True,,1000,3600,cats_path_g30b150,True,heuristic,3,False,CATS,150,paths,MultiMinded,1000,MaxIter,1185.9800000000396,14.094153000000002,18,1.04283,0.78301449999999995,12.103935000000002,16.785168377910122,2.8770596954501628,11.439865279952437,3,4032,39,172,93
3,30,69,AdaptiveCuttingAuction,0.05,0.02,10,True,,1000,3600,cats_path_g30b150,True,heuristic,3,False,CATS,150,paths,MultiMinded,1000,MaxIter,1517.7799999999697,19.941755999999998,18,1.33809,0.95683499999999999,17.577617,21.593423425652997,5.6908162592648468,16.144240362918172,4,4761,34,188,99
4,30,66,AdaptiveCuttingAuction,0.05,0.02,10,True,,1000,3600,cats_path_g30b150,True,heuristic,3,False,CATS,150,paths,MultiMinded,1000,MaxIter,1572.100000000035,14.118885,18,0.998367,0.78126600000000002,12.316936000000002,15.33339427471113,3.7092514904502543,11.225567253559291,3,4686,28,182,96
5,30,65,AdaptiveCuttingAuction,0.05,0.02,10,True,,1000,3600,cats_path_g30b150,True,heuristic,3,False,CATS,150,paths,MultiMinded,1000,MaxIter,1724.6100000000442,15.664620999999997,17,1.04116,0.78344400000000003,12.620123,16.291648437835477,2.6427216579732744,11.173920468321219,4,5136,47,182,95
6,30,61,AdaptiveCuttingAuction,0.05,0.02,10,True,,1000,3600,cats_path_g30b150,True,heuristic,3,False,CATS,150,paths,MultiMinded,1000,MaxIter,876.640000000014,15.723609,16,1.13448,0.79950699999999997,12.149364,18.210730017984329,2.7568982986410728,12.313288280268539,3,4514,51,175,91
7,30,64,AdaptiveCuttingAuction,0.05,0.02,10,True,,1000,3600,cats_path_g30b150,True,heuristic,3,False,CATS,150,paths,MultiMinded,1000,MaxIter,1470.679999999993,16.373429,16,1.20046,0.76909549999999993,12.510818,14.16176826712517,1.5954171819349705,11.441990939672923,3,4097,29,183,94
8,30,72,AdaptiveCuttingAuction,0.05,0.02,10,True,,1000,3600,cats_path_g30b150,True,heuristic,3,False,CATS,150,paths,MultiMinded,1000,MaxIter,2970.4500000000116,16.311622,18,1.24903,0.86937299999999995,15.110309000000003,19.022535618096637,5.773596766462683,11.19802807606753,3,5834,30,202,102
9,30,60,AdaptiveCuttingAuction,0.05,0.02,10,True,,1000,3600,cats_path_g30b150,True,heuristic,3,False,CATS,150,paths,MultiMinded,1000,MaxIter,1240.6200000000536,14.554215,18,1.25806,0.77530200000000005,13.323955,16.797098998375333,4.0156710378614582,8.9538087004418401,3,4740,39,182,90
10,30,64,AdaptiveCuttingAuction,0.05,0.02,10,True,,1000,3600,cats_path_g30b150,True,heuristic,3,False,CATS,150,paths,MultiMinded,1000,MaxIter,1630.9000000000233,15.764945999999998,19,1.20473,0.77151750000000008,14.471952999999997,17.565240151898639,3.1324389461820497,12.777827466397373,4,5120,39,180,94
11,30,70,AdaptiveCuttingAuction,0.05,0.02,10,True,,1000,3600,cats_path_g30b150,True,heuristic,3,False,CATS,150,paths,MultiMinded,1000,MaxIter,1775.3699999999953,15.460275,17,1.12749,0.83722600000000003,12.318740999999997,15.390612409523376,2.9896924092149444,12.027080256119392,4,3921,35,185,100
12,30,67,AdaptiveCuttingAuction,0.05,0.02,10,True,,1000,3600,cats_path_g30b150,True,heuristic,3,False,CATS,150,paths,MultiMinded,1000,MaxIter,1058.3300000000163,14.9714,20,1.03711,0.74539299999999997,13.991214,15.942459321541149,3.0351181312385278,12.222120220373521,3,4690,37,187,97
13,30,70,AdaptiveCuttingAuction,0.05,0.02,10,True,,1000,3600,cats_path_g30b150,True,heuristic,3,False,CATS,150,paths,MultiMinded,1000,MaxIter,1703.0499999999884,13.718234000000002,19,1.05702,0.66747699999999999,11.738875,17.494505361046212,4.8919651314420491,13.195117732077957,4,5181,32,192,100
14,30,57,AdaptiveCuttingAuction,0.05,0.02,10,True,,1000,3600,cats_path_g30b150,True,heuristic,3,False,CATS,150,paths,MultiMinded,1000,MaxIter,1343.649999999965,13.5776358,15,1.27472,0.79768799999999995,10.423332000000002,15.174633955267648,2.0997239606784013,11.225445831628431,4,4162,40,185,87
15,30,76,AdaptiveCuttingAuction,0.05,0.02,10,True,,1000,3600,cats_path_g30b150,True,heuristic,3,False,CATS,150,paths,MultiMinded,1000,MaxIter,2264.649999999965,19.193505000000002,18,1.29161,1.0414399999999999,17.314700000000002,20.476621890761955,4.1180820605090913,14.559250321754494,4,5852,38,195,106
16,30,55,AdaptiveCuttingAuction,0.05,0.02,10,True,,1000,3600,cats_path_g30b150,True,heuristic,3,False,CATS,150,paths,MultiMinded,1000,MaxIter,1441.929999999993,17.6371399,16,1.30608,0.92928299999999997,15.121617,19.434524248860306,4.7728833276031111,13.194772112396837,3,4290,47,170,85
17,30,60,AdaptiveCuttingAuction,0.05,0.02,10,True,,1000,3600,cats_path_g30b150,True,heuristic,3,False,CATS,150,paths,MultiMinded,1000,MaxIter,1053.570000000007,17.3437429,16,1.15586,0.84924900000000003,14.835357,22.55175330787733,1.8220229032324136,11.775179311909168,3,76,33,183,90
18,30,68,AdaptiveCuttingAuction,0.05,0.02,10,True,,1000,3600,cats_path_g30b150,True,heuristic,3,False,CATS,150,paths,MultiMinded,1000,MaxIter,1558.789999999979,16.532421,18,1.15917,0.79773499999999997,14.273249,19.003106324428888,4.3484392569076284,11.066800354368969,3,3679,30,195,98
19,30,84,AdaptiveCuttingAuction,0.05,0.02,10,True,,1000,3600,cats_path_g30b150,True,heuristic,3,False,CATS,150,paths,MultiMinded,1000,MaxIter,2530.2999999999884,16.550685,14,1.19703,0.78075050000000001,11.967902000000002,16.710693287583386,4.0966530298261015,11.588067923893327,3,6048,34,214,114
20,30,57,AdaptiveCuttingAuction,0.05,0.02,10,True,,1000,3600,cats_path_g30b150,True,heuristic,3,False,CATS,150,paths,MultiMinded,1000,MaxIter,1016.3499999999767,11.988608000000001,17,0.830201,0.65249500000000005,10.346950999999999,13.434985770918058,1.4977086301569442,10.061982934328931,3,4165,42,173,87
21,30,76,AdaptiveCuttingAuction,0.05,0.02,10,True,,1000,3600,cats_path_g30b150,True,heuristic,3,False,CATS,150,paths,MultiMinded,1000,MaxIter,2173.0100000000093,16.346269,17,1.16216,0.87333000000000005,13.812969,17.020322746453779,5.5836002801242728,12.980672448518643,3,5168,31,196,106
22,30,62,AdaptiveCuttingAuction,0.05,0.02,10,True,,1000,3600,cats_path_g30b150,True,heuristic,3,False,CATS,150,paths,MultiMinded,1000,MaxIter,1490.2699999999604,11.899390499999999,15,1.11701,0.58296099999999995,9.733305999999999,12.333283684572496,3.7964640929423168,8.1818086614495176,4,4776,32,184,92
23,30,61,AdaptiveCuttingAuction,0.05,0.02,10,True,,1000,3600,cats_path_g30b150,True,heuristic,3,False,CATS,150,paths,MultiMinded,1000,MaxIter,1095.75,17.460715,18,1.27766,0.872475,14.604572000000001,19.821475571556263,4.1591286578552724,14.388363193482316,3,4639,41,172,91
24,30,72,AdaptiveCuttingAuction,0.05,0.02,10,True,,1000,3600,cats_path_g30b150,True,heuristic,3,False,CATS,150,paths,MultiMinded,1000,MaxIter,1686.320000000007,16.551633999999996,17,1.24587,0.733267,12.268177,18.131312381628931,4.4484519886313745,12.255894152562771,3,4829,36,194,102
25,30,66,AdaptiveCuttingAuction,0.05,0.02,10,True,,1000,3600,cats_path_g30b150,True,heuristic,3,False,CATS,150,paths,MultiMinded,1000,MaxIter,1856.75,15.951057999999998,16,1.21778,0.74724500000000005,12.182295999999997,14.367018629802125,2.4562494701596589,12.135994643844896,4,5016,25,178,96
26,30,71,AdaptiveCuttingAuction,0.05,0.02,10,True,,1000,3600,cats_path_g30b150,True,heuristic,3,False,CATS,150,paths,MultiMinded,1000,MaxIter,1867.9500000000116,18.600379,19,1.35655,1.0506500000000001,16.40697,18.72280998505197,6.4157193773595056,14.741739509022743,3,4476,38,197,101
27,30,65,AdaptiveCuttingAuction,0.05,0.02,10,True,,1000,3600,cats_path_g30b150,True,heuristic,3,False,CATS,150,paths,MultiMinded,1000,MaxIter,1210.0899999999674,15.208365,19,1.24835,0.71721100000000004,12.64325,20.046041772912961,4.8102773668334553,9.1750729409034655,3,4488,26,186,95
28,30,68,AdaptiveCuttingAuction,0.05,0.02,10,True,,1000,3600,cats_path_g30b150,True,heuristic,3,False,CATS,150,paths,MultiMinded,1000,MaxIter,1820.460000000021,14.86174,15,1.33611,1.01847,13.455788000000002,12.898082072611832,2.4573708945993524,8.2412296947762052,4,5510,39,199,98
29,30,58,AdaptiveCuttingAuction,0.05,0.02,10,True,,1000,3600,cats_path_g30b150,True,heuristic,3,False,CATS,150,paths,MultiMinded,1000,MaxIter,1217.609999999986,11.257909999999999,16,0.8594,0.57639300000000004,9.216181,12.990077560395132,2.5219090986387123,7.5457009209007149,3,3888,34,174,88
30,30,65,AdaptiveCuttingAuction,0.05,0.02,10,True,,1000,3600,cats_path_g30b150,True,heuristic,3,False,CATS,150,paths,MultiMinded,1000,MaxIter,1626.530000000028,12.752407,13,1.05004,0.71123899999999995,10.312875000000002,14.154204719785573,1.3450932902385047,7.3395028800555551,4,5070,35,193,95
31,30,58,AdaptiveCuttingAuction,0.05,0.02,10,True,,1000,3600,cats_path_g30b150,True,heuristic,3,False,CATS,150,paths,MultiMinded,1000,MaxIter,1473.2900000000373,13.4727089,17,1.18366,0.86047800000000008,12.107108,15.672717319284915,2.5246046295993492,9.5542339922433666,4,4640,40,174,88
32,30,79,AdaptiveCuttingAuction,0.05,0.02,10,True,,1000,3600,cats_path_g30b150,True,heuristic,3,False,CATS,150,paths,MultiMinded,1000,MaxIter,2474.1599999999744,17.626487,17,1.11283,0.85035499999999997,14.225326,17.432685707022305,4.4558205019818793,12.742019621354769,3,5689,30,199,109
33,30,66,AdaptiveCuttingAuction,0.05,0.02,10,True,,1000,3600,cats_path_g30b150,True,heuristic,3,False,CATS,150,paths,MultiMinded,1000,MaxIter,1555.8800000000047,13.562479100000003,18,1.17658,0.71348500000000004,11.855881100000001,15.373774988829442,4.5243645647547632,11.611963015370117,4,4884,36,184,96
34,30,59,AdaptiveCuttingAuction,0.05,0.02,10,True,,1000,3600,cats_path_g30b150,True,heuristic,3,False,CATS,150,paths,MultiMinded,1000,MaxIter,1508.460000000021,15.543004,14,1.16304,0.84088200000000002,12.464272,15.531407525029673,3.9411809580095465,11.612452908440741,3,4130,40,175,89
35,30,61,AdaptiveCuttingAuction,0.05,0.02,10,True,,1000,3600,cats_path_g30b150,True,heuristic,3,False,CATS,150,paths,MultiMinded,1000,MaxIter,1375.9199999999837,18.943085999999997,16,1.32614,0.92471499999999995,16.497851,16.90005853507796,4.1732960791542686,16.441327591282178,3,4273,40,177,91
36,30,75,AdaptiveCuttingAuction,0.05,0.02,10,True,,1000,3600,cats_path_g30b150,True,heuristic,3,False,CATS,150,paths,MultiMinded,1000,MaxIter,1753.1699999999837,15.257448999999998,19,1.04514,0.73463400000000001,13.998710999999998,15.89276281705907,3.6435805301407473,12.705162445579397,3,4652,20,194,105
37,30,73,AdaptiveCuttingAuction,0.05,0.02,10,True,,1000,3600,cats_path_g30b150,True,heuristic,3,False,CATS,150,paths,MultiMinded,1000,MaxIter,1902.0199999999604,19.314383000000003,20,1.26724,0.81503800000000004,16.795015000000003,20.534331166742167,6.0409919392681175,18.413412308422217,3,4672,35,189,103
38,30,69,AdaptiveCuttingAuction,0.05,0.02,10,True,,1000,3600,cats_path_g30b150,True,heuristic,3,False,CATS,150,paths,MultiMinded,1000,MaxIter,2008.75,17.06102,15,1.26197,0.80889699999999998,13.611415999999998,16.507588152138954,2.7717327739914124,12.276420447571756,3,4761,38,193,99
39,30,64,AdaptiveCuttingAuction,0.05,0.02,10,True,,1000,3600,cats_path_g30b150,True,heuristic,3,False,CATS,150,paths,MultiMinded,1000,MaxIter,1242.5499999999884,18.017829999999996,15,1.46956,1.00953,13.863257,21.034527990064593,2.7968882072391597,13.385800615151618,3,4673,46,183,94
40,30,70,AdaptiveCuttingAuction,0.05,0.02,10,True,,1000,3600,cats_path_g30b150,True,heuristic,3,False,CATS,150,paths,MultiMinded,1000,MaxIter,786.7700000000186,16.415451,17,1.33618,0.79276899999999995,13.931112000000002,20.811551530549796,2.8308567341179538,13.903337597482132,3,63,25,187,100
41,30,62,AdaptiveCuttingAuction,0.05,0.02,10,True,,1000,3600,cats_path_g30b150,True,heuristic,3,False,CATS,150,paths,MultiMinded,1000,MaxIter,1328.820000000007,15.767216000000001,14,1.27329,0.81440000000000001,11.115033999999998,15.509812013120882,1.6754712626053763,9.3262061993252843,3,3906,36,186,92
42,30,66,AdaptiveCuttingAuction,0.05,0.02,10,True,,1000,3600,cats_path_g30b150,True,heuristic,3,False,CATS,150,paths,MultiMinded,1000,MaxIter,1592.0100000000093,14.387081000000002,19,1.10378,0.674543,12.587851000000002,15.554065121689828,3.0180563073224413,12.166050262623259,4,4292,33,181,96
43,30,57,AdaptiveCuttingAuction,0.05,0.02,10,True,,1000,3600,cats_path_g30b150,True,heuristic,3,False,CATS,150,paths,MultiMinded,1000,MaxIter,1334.8099999999977,12.78674,16,1.092,0.74160349999999997,9.866352,13.731039920499313,2.5993939565354198,7.5832849399550009,4,3933,37,173,87
44,30,67,AdaptiveCuttingAuction,0.05,0.02,10,True,,1000,3600,cats_path_g30b150,True,heuristic,3,False,CATS,150,paths,MultiMinded,1000,MaxIter,1488.2699999999604,14.327095000000002,15,1.04382,0.66583400000000004,10.871632,15.229993862275236,1.2457397077859653,11.433188677837192,4,5159,47,180,97
45,30,80,AdaptiveCuttingAuction,0.05,0.02,10,True,,1000,3600,cats_path_g30b150,True,heuristic,3,False,CATS,150,paths,MultiMinded,1000,MaxIter,3296.460000000021,13.769805999999999,18,1.20458,0.66948099999999999,12.449116,13.553392425996774,5.4508110232087734,10.137668692805882,3,6241,25,205,110
46,30,62,AdaptiveCuttingAuction,0.05,0.02,10,True,,1000,3600,cats_path_g30b150,True,heuristic,3,False,CATS,150,paths,MultiMinded,1000,MaxIter,1563.1500000000233,17.982688000000003,14,1.47628,0.89541199999999999,13.755643000000001,17.869073450184363,4.1152232608628143,12.744206644545521,4,5210,30,181,92
47,30,50,AdaptiveCuttingAuction,0.05,0.02,10,True,,1000,3600,cats_path_g30b150,True,heuristic,3,False,CATS,150,paths,MultiMinded,1000,MaxIter,1076.0100000000093,14.4709692,14,1.15255,0.87777400000000005,11.31804,12.936765151695838,2.5290172247643188,12.138357328053054,4,4054,24,165,80
48,30,56,AdaptiveCuttingAuction,0.05,0.02,10,True,,1000,3600,cats_path_g30b150,True,heuristic,3,False,CATS,150,paths,MultiMinded,1000,MaxIter,905.5,19.863466000000003,16,1.39092,0.99550399999999994,16.584573999999996,21.580005162858885,3.2963822660431865,13.322386514056005,3,4146,40,171,86
49,30,59,AdaptiveCuttingAuction,0.05,0.02,10,True,,1000,3600,cats_path_g30b150,True,heuristic,3,False,CATS,150,paths,MultiMinded,1000,MaxIter,1042.6399999999558,12.83722,15,1.27931,0.83850000000000002,11.069189999999999,16.060483026201037,4.9240420612485485,8.2756460131806833,4,4307,30,181,89
50,30,72,AdaptiveCuttingAuction,0.05,0.02,10,True,,1000,3600,cats_path_g30b150,True,heuristic,3,False,CATS,150,paths,MultiMinded,1000,MaxIter,2454.359999999986,14.769329999999997,16,1.31494,0.719059,13.625694999999999,14.454408398803375,4.2044354865958953,11.923078490027528,4,5403,27,197,102
51,30,72,AdaptiveCuttingAuction,0.05,0.02,10,True,,1000,3600,cats_path_g30b150,True,heuristic,3,False,CATS,150,paths,MultiMinded,1000,MaxIter,2508.0,16.073219,16,1.09244,0.793798,13.479992999999997,16.642527537731841,4.1156961660536755,12.658831025983858,4,5978,32,195,102
52,30,53,AdaptiveCuttingAuction,0.05,0.02,10,True,,1000,3600,cats_path_g30b150,True,heuristic,3,False,CATS,150,paths,MultiMinded,1000,MaxIter,1459.7600000000093,12.6877335,17,1.34175,0.74289899999999998,12.313769699999998,12.854868071179302,4.1987326738088191,10.644597080913822,3,3658,35,174,83
53,30,69,AdaptiveCuttingAuction,0.05,0.02,10,True,,1000,3600,cats_path_g30b150,True,heuristic,3,False,CATS,150,paths,MultiMinded,1000,MaxIter,1820.7399999999907,18.740910999999997,14,1.16684,0.90905150000000001,13.295738,21.293504192047063,3.6678011843264078,12.604531372193097,3,4624,31,190,99
54,30,63,AdaptiveCuttingAuction,0.05,0.02,10,True,,1000,3600,cats_path_g30b150,True,heuristic,3,False,CATS,150,paths,MultiMinded,1000,MaxIter,1479.600000000035,15.541510000000004,18,1.41102,0.83414200000000005,14.019598,15.042431784479481,2.7841810750001499,12.561966763215793,4,4095,37,172,93
55,30,79,AdaptiveCuttingAuction,0.05,0.02,10,True,,1000,3600,cats_path_g30b150,True,heuristic,3,False,CATS,150,paths,MultiMinded,1000,MaxIter,1896.9899999999907,15.979884000000002,17,1.1263,0.85292049999999997,13.672676,19.692439620697773,3.6474824966139323,12.902877142815823,4,5688,29,205,109
56,30,75,AdaptiveCuttingAuction,0.05,0.02,10,True,,1000,3600,cats_path_g30b150,True,heuristic,3,False,CATS,150,paths,MultiMinded,1000,MaxIter,2106.4899999999907,18.432461999999994,18,1.25637,0.86360099999999995,15.315866999999999,18.699410492764617,3.6185284600433456,14.378805117781752,3,5253,46,200,105
57,30,69,AdaptiveCuttingAuction,0.05,0.02,10,True,,1000,3600,cats_path_g30b150,True,heuristic,3,False,CATS,150,paths,MultiMinded,1000,MaxIter,1723.710000000021,21.377306399999995,16,1.41831,1.0310999999999999,17.96955,19.254993307577983,6.6451420630027807,13.908026729919275,3,4488,48,187,99
58,30,55,AdaptiveCuttingAuction,0.05,0.02,10,True,,1000,3600,cats_path_g30b150,True,heuristic,3,False,CATS,150,paths,MultiMinded,1000,MaxIter,766.6999999999534,12.959700999999999,18,1.39908,0.69830300000000001,11.435744999999999,12.723993907440672,2.9396356591865702,8.5519026655576518,3,3247,38,167,85
59,30,62,AdaptiveCuttingAuction,0.05,0.02,10,True,,1000,3600,cats_path_g30b150,True,heuristic,3,False,CATS,150,paths,MultiMinded,1000,MaxIter,1725.5299999999697,11.245693,14,0.937523,0.59201349999999997,8.163174,10.365456592319459,1.7876744347809601,8.0440162197491123,3,4657,27,179,92
60,30,62,AdaptiveCuttingAuction,0.05,0.02,10,True,,1000,3600,cats_path_g30b150,True,heuristic,3,False,CATS,150,paths,MultiMinded,1000,MaxIter,1912.3300000000163,16.295090999999996,17,1.36668,0.91428500000000001,14.593939999999998,16.666927012413552,3.1169670913748702,10.59395982165319,3,4344,20,188,92
61,30,65,AdaptiveCuttingAuction,0.05,0.02,10,True,,1000,3600,cats_path_g30b150,True,heuristic,3,False,CATS,150,paths,MultiMinded,1000,MaxIter,1193.929999999993,12.734226999999999,12,1.10066,0.73527699999999996,8.606228,15.74094141292775,1.5180799985302831,8.6529513359001804,4,4486,32,190,95
62,30,74,AdaptiveCuttingAuction,0.05,0.02,10,True,,1000,3600,cats_path_g30b150,True,heuristic,3,False,CATS,150,paths,MultiMinded,1000,MaxIter,1542.570000000007,15.189660000000002,17,1.07901,0.72534500000000002,10.958858000000001,15.25886198247361,2.5676478998042089,9.9834904367650914,3,4959,22,198,104
63,30,57,AdaptiveCuttingAuction,0.05,0.02,10,True,,1000,3600,cats_path_g30b150,True,heuristic,3,False,CATS,150,paths,MultiMinded,1000,MaxIter,818.859999999986,15.812223,14,1.17468,0.85123000000000004,11.594586,17.879445750808554,2.03950825257128,11.226234348282201,3,3933,46,167,87
64,30,65,AdaptiveCuttingAuction,0.05,0.02,10,True,,1000,3600,cats_path_g30b150,True,heuristic,3,False,CATS,150,paths,MultiMinded,1000,MaxIter,1754.789999999979,14.256674000000002,15,1.1464,0.76940900000000001,12.061562,16.729091372650775,4.1463725932308737,6.5953638190480977,3,4746,30,185,95
65,30,75,AdaptiveCuttingAuction,0.05,0.02,10,True,,1000,3600,cats_path_g30b150,True,heuristic,3,False,CATS,150,paths,MultiMinded,1000,MaxIter,1594.1199999999953,14.689584000000002,16,1.20503,0.79890700000000003,12.366775,17.176058580466723,4.9494075363385486,12.675311392320742,3,5477,41,197,105
66,30,64,AdaptiveCuttingAuction,0.05,0.02,10,True,,1000,3600,cats_path_g30b150,True,heuristic,3,False,CATS,150,paths,MultiMinded,1000,MaxIter,1536.5200000000186,15.318505000000002,15,1.13026,0.77133499999999999,11.535777000000003,17.694936061040661,5.7819097432165778,9.7648082078798701,3,4416,27,184,94
67,30,65,AdaptiveCuttingAuction,0.05,0.02,10,True,,1000,3600,cats_path_g30b150,True,heuristic,3,False,CATS,150,paths,MultiMinded,1000,MaxIter,1872.1900000000023,17.19162,14,1.36208,0.868533,12.520048000000001,16.235629958742869,2.5013760274429133,10.797934726521,3,5138,31,182,95
68,30,62,AdaptiveCuttingAuction,0.05,0.02,10,True,,1000,3600,cats_path_g30b150,True,heuristic,3,False,CATS,150,paths,MultiMinded,1000,MaxIter,1287.5100000000093,16.58045,15,1.1806,0.75433449999999991,12.304488,11.41893701511863,1.7243682975269674,12.949011994535194,3,4403,27,179,92
69,30,69,AdaptiveCuttingAuction,0.05,0.02,10,True,,1000,3600,cats_path_g30b150,True,heuristic,3,False,CATS,150,paths,MultiMinded,1000,MaxIter,1205.5299999999697,16.94247,17,1.39982,0.781829,13.839885,16.041752337909781,4.7014688117851868,14.925699221038821,3,4211,42,177,99
70,30,69,AdaptiveCuttingAuction,0.05,0.02,10,True,,1000,3600,cats_path_g30b150,True,heuristic,3,False,CATS,150,paths,MultiMinded,1000,MaxIter,1300.359999999986,15.6214981,18,1.25374,0.86018899999999998,13.063983999999998,14.706772104141397,2.9848683954810107,11.805758965825746,3,4211,33,192,99
71,30,72,AdaptiveCuttingAuction,0.05,0.02,10,True,,1000,3600,cats_path_g30b150,True,heuristic,3,False,CATS,150,paths,MultiMinded,1000,MaxIter,1999.1199999999953,18.0902305,17,1.22443,0.96304999999999996,15.789290000000001,24.263352896863651,5.2505505009193847,13.177431188848711,3,5546,35,198,102
72,30,71,AdaptiveCuttingAuction,0.05,0.02,10,True,,1000,3600,cats_path_g30b150,True,heuristic,3,False,CATS,150,paths,MultiMinded,1000,MaxIter,1653.5499999999884,14.262129000000002,16,1.12549,0.60241199999999995,11.080829,15.049933934241061,2.457688642280484,11.757813341055087,3,5112,36,188,101
73,30,61,AdaptiveCuttingAuction,0.05,0.02,10,True,,1000,3600,cats_path_g30b150,True,heuristic,3,False,CATS,150,paths,MultiMinded,1000,MaxIter,1521.969999999972,16.416352,14,1.29762,0.90387399999999996,12.726793,14.993424803584992,2.6141391691127489,10.295074230517473,3,4454,38,188,91
74,30,65,AdaptiveCuttingAuction,0.05,0.02,10,True,,1000,3600,cats_path_g30b150,True,heuristic,3,False,CATS,150,paths,MultiMinded,1000,MaxIter,1920.8399999999674,10.025623,21,0.812177,0.53816299999999995,9.569901000000002,11.12677221307516,3.078919414356275,8.8306408605297868,4,4810,28,179,95
75,30,69,AdaptiveCuttingAuction,0.05,0.02,10,True,,1000,3600,cats_path_g30b150,True,heuristic,3,False,CATS,150,paths,MultiMinded,1000,MaxIter,1317.490000000049,15.321485,19,1.30411,0.789794,13.305941000000002,17.226055706587236,5.2049202019987613,13.506248374314282,3,4832,38,183,99
76,30,66,AdaptiveCuttingAuction,0.05,0.02,10,True,,1000,3600,cats_path_g30b150,True,heuristic,3,False,CATS,150,paths,MultiMinded,1000,MaxIter,1963.8399999999674,17.565949,15,1.39796,0.82384800000000002,13.235080999999997,15.512243091248598,3.3503064569924703,14.435959361652655,3,4556,35,183,96
77,30,71,AdaptiveCuttingAuction,0.05,0.02,10,True,,1000,3600,cats_path_g30b150,True,heuristic,3,False,CATS,150,paths,MultiMinded,1000,MaxIter,1701.6199999999953,17.445843,15,1.28117,0.83980299999999997,11.828925999999997,18.37314896079732,1.1455201281493406,13.597751998555902,4,4900,33,195,101
78,30,77,AdaptiveCuttingAuction,0.05,0.02,10,True,,1000,3600,cats_path_g30b150,True,heuristic,3,False,CATS,150,paths,MultiMinded,1000,MaxIter,2307.929999999993,17.835809,18,1.27923,0.84794999999999998,14.250357999999999,20.812047326240641,4.6519344189823677,12.889419750929539,3,5159,46,197,107
79,30,71,AdaptiveCuttingAuction,0.05,0.02,10,True,,1000,3600,cats_path_g30b150,True,heuristic,3,False,CATS,150,paths,MultiMinded,1000,MaxIter,2157.7600000000093,15.251795000000001,16,1.08004,0.77857100000000001,11.606165000000003,15.798338768228545,1.5865198182024085,12.498704471079217,3,5467,24,192,101
80,30,67,AdaptiveCuttingAuction,0.05,0.02,10,True,,1000,3600,cats_path_g30b150,True,heuristic,3,False,CATS,150,paths,MultiMinded,1000,MaxIter,2240.649999999965,21.216326000000002,18,1.34186,1.05186,18.788532999999997,21.603459885393505,5.5517152322675258,11.896368531550358,3,4424,27,188,97
81,30,68,AdaptiveCuttingAuction,0.05,0.02,10,True,,1000,3600,cats_path_g30b150,True,heuristic,3,False,CATS,150,paths,MultiMinded,1000,MaxIter,1248.7399999999907,14.454433000000002,16,1.14794,0.83136399999999999,12.532956,14.665439154024348,2.5630736976201574,10.546667693096143,4,4012,32,181,98
82,30,64,AdaptiveCuttingAuction,0.05,0.02,10,True,,1000,3600,cats_path_g30b150,True,heuristic,3,False,CATS,150,paths,MultiMinded,1000,MaxIter,1027.6699999999837,14.456647999999998,19,1.03149,0.62555099999999997,12.964249,17.410414214197598,4.2528570089741882,11.797193751778607,3,4162,43,178,94
83,30,64,AdaptiveCuttingAuction,0.05,0.02,10,True,,1000,3600,cats_path_g30b150,True,heuristic,3,False,CATS,150,paths,MultiMinded,1000,MaxIter,1100.0100000000093,15.243575000000002,19,1.11077,0.82948200000000005,13.9893,17.515802379901476,4.9318800523225805,14.922885039881489,3,3776,43,172,94
84,30,55,AdaptiveCuttingAuction,0.05,0.02,10,True,,1000,3600,cats_path_g30b150,True,heuristic,3,False,CATS,150,paths,MultiMinded,1000,MaxIter,1066.1699999999837,10.829593,16,1.04035,0.60557799999999995,9.780179,11.67468960612152,2.6683792966616084,7.7939710294048883,4,3851,31,173,85
85,30,70,AdaptiveCuttingAuction,0.05,0.02,10,True,,1000,3600,cats_path_g30b150,True,heuristic,3,False,CATS,150,paths,MultiMinded,1000,MaxIter,2062.7799999999697,17.838826,14,1.20482,0.99917599999999995,14.561682,19.365438144326074,4.7650704423099279,13.33570527411748,4,5252,48,196,100
86,30,63,AdaptiveCuttingAuction,0.05,0.02,10,True,,1000,3600,cats_path_g30b150,True,heuristic,3,False,CATS,150,paths,MultiMinded,1000,MaxIter,1640.6800000000512,14.348480000000002,15,1.12303,0.66461599999999998,12.770561999999998,12.758453253329575,3.1198256243390654,9.1109837559729705,3,5040,47,184,93
87,30,64,AdaptiveCuttingAuction,0.05,0.02,10,True,,1000,3600,cats_path_g30b150,True,heuristic,3,False,CATS,150,paths,MultiMinded,1000,MaxIter,1373.670000000042,15.876268000000007,15,1.16618,0.92069400000000001,12.897840000000004,17.042749630795512,3.1344473511643849,9.9690518928283769,3,4290,36,181,94
88,30,76,AdaptiveCuttingAuction,0.05,0.02,10,True,,1000,3600,cats_path_g30b150,True,heuristic,3,False,CATS,150,paths,MultiMinded,1000,MaxIter,1897.7099999999627,20.508544000000004,17,1.50963,0.97545999999999999,17.011533,18.300825894234936,3.6258624232105272,15.770537509845241,4,5093,38,203,106
89,30,72,AdaptiveCuttingAuction,0.05,0.02,10,True,,1000,3600,cats_path_g30b150,True,heuristic,3,False,CATS,150,paths,MultiMinded,1000,MaxIter,2799.7600000000093,16.188547,16,1.37467,0.81535500000000005,13.749161000000003,14.969491725964552,5.0661980262539776,13.73656142598438,3,5040,26,193,102
90,30,54,AdaptiveCuttingAuction,0.05,0.02,10,True,,1000,3600,cats_path_g30b150,True,heuristic,3,False,CATS,150,paths,MultiMinded,1000,MaxIter,1405.3099999999977,12.251615099999999,14,0.821456,0.64283100000000004,9.134704000000001,14.047088960519597,1.7218332597587218,7.8916975123337068,3,3782,32,172,84
91,30,66,AdaptiveCuttingAuction,0.05,0.02,10,True,,1000,3600,cats_path_g30b150,True,heuristic,3,False,CATS,150,paths,MultiMinded,1000,MaxIter,1607.5199999999604,13.249561,13,1.08687,0.77222100000000005,9.186197,14.228912328034733,3.5878069852952921,8.1060153138782951,4,5152,25,189,96
92,30,57,AdaptiveCuttingAuction,0.05,0.02,10,True,,1000,3600,cats_path_g30b150,True,heuristic,3,False,CATS,150,paths,MultiMinded,1000,MaxIter,1538.0200000000186,12.038590999999998,14,0.968649,0.65237100000000003,9.028306,14.182940382437691,3.4709502105270373,6.8623917226443876,4,4219,33,172,87
93,30,62,AdaptiveCuttingAuction,0.05,0.02,10,True,,1000,3600,cats_path_g30b150,True,heuristic,3,False,CATS,150,paths,MultiMinded,1000,MaxIter,1541.359999999986,16.059345,15,1.15822,0.86252099999999998,12.405560000000001,15.855635236849201,3.4501118982514734,11.040130323409777,3,4159,43,178,92
94,30,68,AdaptiveCuttingAuction,0.05,0.02,10,True,,1000,3600,cats_path_g30b150,True,heuristic,3,False,CATS,150,paths,MultiMinded,1000,MaxIter,2054.2000000000116,17.743863,17,1.39576,0.98003499999999999,15.753065999999999,18.280113474554401,6.1256806995990942,15.275594754687045,4,5170,35,187,98
95,30,64,AdaptiveCuttingAuction,0.05,0.02,10,True,,1000,3600,cats_path_g30b150,True,heuristic,3,False,CATS,150,paths,MultiMinded,1000,MaxIter,999.5400000000373,15.467591,17,0.907099,0.58233449999999998,11.834806999999998,17.869823001795986,3.0492808680341552,10.428463588977269,3,4096,28,177,94
96,30,57,AdaptiveCuttingAuction,0.05,0.02,10,True,,1000,3600,cats_path_g30b150,True,heuristic,3,False,CATS,150,paths,MultiMinded,1000,MaxIter,754.0799999999581,9.8668957,12,1.02137,0.65189799999999998,8.102983,12.107688954455419,1.9843860563884144,4.4594828167131793,4,68,30,174,87
97,30,55,AdaptiveCuttingAuction,0.05,0.02,10,True,,1000,3600,cats_path_g30b150,True,heuristic,3,False,CATS,150,paths,MultiMinded,1000,MaxIter,1096.4500000000116,12.714137000000001,16,1.1671,0.73047649999999997,10.613666,15.058031009086385,1.7905959206827882,5.9139309063769234,3,4022,35,165,85
98,30,61,AdaptiveCuttingAuction,0.05,0.02,10,True,,1000,3600,cats_path_g30b150,True,heuristic,3,False,CATS,150,paths,MultiMinded,1000,MaxIter,1191.6999999999534,17.221063000000004,16,1.28051,0.90821799999999997,13.659301,17.513792215495503,2.7780131218458104,13.609704723995964,4,3965,41,169,91
99,30,71,AdaptiveCuttingAuction,0.05,0.02,10,True,,1000,3600,cats_path_g30b150,True,heuristic,3,False,CATS,150,paths,MultiMinded,1000,MaxIter,1792.039999999979,16.835101,16,1.27222,0.965194,13.659223,24.945933239061372,4.1842370704607221,13.123825592390268,4,5398,39,192,101
100,30,69,AdaptiveCuttingAuction,0.05,0.02,10,True,,1000,3600,cats_path_g30b150,True,heuristic,3,False,CATS,150,paths,MultiMinded,1000,MaxIter,1841.039999999979,11.185935,15,0.872955,0.55562999999999996,8.350228,9.7031390287612886,4.2306984955515414,8.6439896902112814,3,4485,28,187,99
