idx,items,agents,auction_class,epsilon,stepc,epoch,scalebyvalue,reserve_type,maxiter,maxtime,generator_param_name,personalized,bidding_strategy,heuristic_pool_num,int_prices,generator,bids,distribution,type,rounds,status,runtime,efficient_value,final_num_winners,final_max_agent_value,final_scalevalue,final_value,final_total_price,final_revenue,final_indirect_util,final_price_degree,final_price_sparsity,final_imbalance,final_wd_nvars,final_wd_ncons
1,30,67,AdaptiveCuttingAuction,0.05,0.08,10,True,,1000,3600,cats_path_g30b150,True,heuristic,2,False,CATS,150,paths,MultiMinded,1000,MaxIter,1207.609999999986,15.606157999999997,17,1.23481,0.870313,14.182693,20.231705032389577,5.723290982936625,9.8907236906690201,3,3689,21,172,97
2,30,63,AdaptiveCuttingAuction,0.05,0.08,10,True,,1000,3600,cats_path_g30b150,True,heuristic,2,False,CATS,150,paths,MultiMinded,1000,MaxIter,1225.4400000000023,14.094153000000002,19,1.04283,0.78301449999999995,12.544156000000001,23.34123311244338,4.4663677668905892,8.7104549476274471,4,3471,42,174,93
3,30,69,AdaptiveCuttingAuction,0.05,0.08,10,True,,1000,3600,cats_path_g30b150,True,heuristic,2,False,CATS,150,paths,MultiMinded,1000,MaxIter,1395.7399999999907,19.941755999999998,17,1.33809,0.95683499999999999,16.628588000000004,27.7799485402806,6.2893367389862549,11.864109791051854,4,4485,41,180,99
4,30,66,AdaptiveCuttingAuction,0.05,0.08,10,True,,1000,3600,cats_path_g30b150,True,heuristic,2,False,CATS,150,paths,MultiMinded,1000,MaxIter,1548.3800000000047,14.118885,19,0.998367,0.78126600000000002,13.098879000000002,19.246651926232239,6.8722500018688342,8.4843667136566463,3,4093,31,178,96
5,30,65,AdaptiveCuttingAuction,0.05,0.08,10,True,,1000,3600,cats_path_g30b150,True,heuristic,2,False,CATS,150,paths,MultiMinded,1000,MaxIter,1601.7099999999627,15.664620999999997,20,1.04116,0.78344400000000003,13.941446,19.667806817221244,5.9321279970955265,9.6764437287127265,4,3845,33,173,95
6,30,61,AdaptiveCuttingAuction,0.05,0.08,10,True,,1000,3600,cats_path_g30b150,True,heuristic,2,False,CATS,150,paths,MultiMinded,1000,MaxIter,1333.3499999999767,15.723609,17,1.13448,0.79950699999999997,13.102446,24.286543924441204,4.3287988991385999,8.8396921485156703,3,4027,32,172,91
7,30,64,AdaptiveCuttingAuction,0.05,0.08,10,True,,1000,3600,cats_path_g30b150,True,heuristic,2,False,CATS,150,paths,MultiMinded,1000,MaxIter,1298.5800000000163,16.373429,16,1.20046,0.76909549999999993,11.900005,21.456699998423279,4.9009105370479054,9.2532118163616222,3,3328,18,178,94
8,30,72,AdaptiveCuttingAuction,0.05,0.08,10,True,,1000,3600,cats_path_g30b150,True,heuristic,2,False,CATS,150,paths,MultiMinded,1000,MaxIter,2388.9599999999627,16.311622,17,1.24903,0.86937299999999995,15.316207,21.31273056024968,7.8716125394354446,9.1582655228367944,3,5329,29,191,102
9,30,60,AdaptiveCuttingAuction,0.05,0.08,10,True,,1000,3600,cats_path_g30b150,True,heuristic,2,False,CATS,150,paths,MultiMinded,1000,MaxIter,1400.280000000028,14.554215,18,1.25806,0.77530200000000005,12.662560999999998,15.692335481343209,6.1380797161281793,9.8124445072503192,3,4023,45,176,90
10,30,64,AdaptiveCuttingAuction,0.05,0.08,10,True,,1000,3600,cats_path_g30b150,True,heuristic,2,False,CATS,150,paths,MultiMinded,1000,MaxIter,1343.25,15.764945999999998,20,1.20473,0.77151750000000008,15.074035,21.097272619821005,6.18122159244417,9.6311534640765526,3,4162,35,179,94
11,30,70,AdaptiveCuttingAuction,0.05,0.08,10,True,,1000,3600,cats_path_g30b150,True,heuristic,2,False,CATS,150,paths,MultiMinded,1000,MaxIter,1584.030000000028,15.460275,20,1.12749,0.83722600000000003,13.954774000000002,16.757378955695913,8.0034277224377313,10.498085951002501,3,3854,29,185,100
12,30,67,AdaptiveCuttingAuction,0.05,0.08,10,True,,1000,3600,cats_path_g30b150,True,heuristic,2,False,CATS,150,paths,MultiMinded,1000,MaxIter,1055.579999999958,14.9714,20,1.03711,0.74539299999999997,13.991214,19.842681595379133,5.9913492266469417,11.835286610566884,3,3418,31,175,97
13,30,70,AdaptiveCuttingAuction,0.05,0.08,10,True,,1000,3600,cats_path_g30b150,True,heuristic,2,False,CATS,150,paths,MultiMinded,1000,MaxIter,1707.8400000000256,13.718234000000002,16,1.05702,0.66747699999999999,10.916918000000003,23.477280109457777,4.2517162692100703,5.7357664980771759,4,4624,31,186,100
14,30,57,AdaptiveCuttingAuction,0.05,0.08,10,True,,1000,3600,cats_path_g30b150,True,heuristic,2,False,CATS,150,paths,MultiMinded,1000,MaxIter,890.8899999999558,13.5776358,17,1.27472,0.79768799999999995,12.863312,17.65759843196475,5.7674430162817591,8.7435138940277959,4,3193,32,164,87
15,30,76,AdaptiveCuttingAuction,0.05,0.08,10,True,,1000,3600,cats_path_g30b150,True,heuristic,2,False,CATS,150,paths,MultiMinded,1000,MaxIter,2019.0400000000373,19.193505000000002,17,1.29161,1.0414399999999999,16.713933,24.484038375630902,5.6344392518413331,9.1168286725076051,4,4877,38,187,106
16,30,55,AdaptiveCuttingAuction,0.05,0.08,10,True,,1000,3600,cats_path_g30b150,True,heuristic,2,False,CATS,150,paths,MultiMinded,1000,MaxIter,1348.2700000000186,17.6371399,17,1.30608,0.92928299999999997,14.218221999999999,19.976746570613596,5.5912481760104473,8.9267924085847508,3,3742,31,165,85
17,30,60,AdaptiveCuttingAuction,0.05,0.08,10,True,,1000,3600,cats_path_g30b150,True,heuristic,2,False,CATS,150,paths,MultiMinded,1000,MaxIter,1126.0800000000163,17.3437429,21,1.15586,0.84924900000000003,16.423787000000004,25.4656535967517,6.4161641990433758,12.31393461475038,3,3782,35,169,90
18,30,68,AdaptiveCuttingAuction,0.05,0.08,10,True,,1000,3600,cats_path_g30b150,True,heuristic,2,False,CATS,150,paths,MultiMinded,1000,MaxIter,1524.0599999999977,16.532421,20,1.15917,0.79773499999999997,15.571134000000002,20.40643316557227,8.4283632604117713,10.25391495925405,3,3605,35,194,98
19,30,84,AdaptiveCuttingAuction,0.05,0.08,10,True,,1000,3600,cats_path_g30b150,True,heuristic,2,False,CATS,150,paths,MultiMinded,1000,MaxIter,2056.1699999999837,16.550685,18,1.19703,0.78075050000000001,14.049934000000002,18.448606143686494,7.3210351085697356,10.593449634225154,3,4538,31,205,114
20,30,57,AdaptiveCuttingAuction,0.05,0.08,10,True,,1000,3600,cats_path_g30b150,True,heuristic,2,False,CATS,150,paths,MultiMinded,1000,MaxIter,1358.6599999999744,11.988608000000001,17,0.830201,0.65249500000000005,9.68282,16.492228336099174,4.2492547474825741,7.2099743245902559,4,4278,40,175,87
21,30,76,AdaptiveCuttingAuction,0.05,0.08,10,True,,1000,3600,cats_path_g30b150,True,heuristic,2,False,CATS,150,paths,MultiMinded,1000,MaxIter,2174.9500000000116,16.346269,22,1.16216,0.87333000000000005,15.949027999999998,20.861063989777151,9.029554769145097,11.462305835647983,3,4337,39,194,106
22,30,62,AdaptiveCuttingAuction,0.05,0.08,10,True,,1000,3600,cats_path_g30b150,True,heuristic,2,False,CATS,150,paths,MultiMinded,1000,MaxIter,1214.2699999999604,11.899390499999999,17,1.11701,0.58296099999999995,10.779798,11.149701672152174,4.605521007112511,7.1486320360779922,4,3845,31,170,92
23,30,61,AdaptiveCuttingAuction,0.05,0.08,10,True,,1000,3600,cats_path_g30b150,True,heuristic,2,False,CATS,150,paths,MultiMinded,1000,MaxIter,1493.5499999999884,17.460715,17,1.27766,0.872475,14.280899000000002,23.65370328973205,3.7958418076646101,10.304056361500312,3,3852,42,175,91
24,30,72,AdaptiveCuttingAuction,0.05,0.08,10,True,,1000,3600,cats_path_g30b150,True,heuristic,2,False,CATS,150,paths,MultiMinded,1000,MaxIter,1630.6300000000047,16.551633999999996,18,1.24587,0.733267,14.592222,20.961728448931694,8.0118712291816596,11.306030506689503,4,4681,30,184,102
25,30,66,AdaptiveCuttingAuction,0.05,0.08,10,True,,1000,3600,cats_path_g30b150,True,heuristic,2,False,CATS,150,paths,MultiMinded,1000,MaxIter,1715.8099999999977,15.951057999999998,17,1.21778,0.74724500000000005,12.900934,21.250760683465138,4.3705478312624644,10.582153994914453,4,4687,36,173,96
26,30,71,AdaptiveCuttingAuction,0.05,0.08,10,True,,1000,3600,cats_path_g30b150,True,heuristic,2,False,CATS,150,paths,MultiMinded,1000,MaxIter,1305.789999999979,18.600379,18,1.35655,1.0506500000000001,15.648943000000001,25.328604610679381,9.538050404293136,12.719034092952384,3,3550,19,177,101
27,30,65,AdaptiveCuttingAuction,0.05,0.08,10,True,,1000,3600,cats_path_g30b150,True,heuristic,2,False,CATS,150,paths,MultiMinded,1000,MaxIter,1464.7900000000373,15.208365,17,1.24835,0.71721100000000004,11.676597000000001,20.677431867518049,5.5174085346199124,8.3979980756786965,3,3774,31,175,95
28,30,68,AdaptiveCuttingAuction,0.05,0.08,10,True,,1000,3600,cats_path_g30b150,True,heuristic,2,False,CATS,150,paths,MultiMinded,1000,MaxIter,2173.4799999999814,14.86174,18,1.33611,1.01847,14.357306999999999,16.11912387610019,6.9240707231063832,10.444168641083973,4,4701,39,180,98
29,30,58,AdaptiveCuttingAuction,0.05,0.08,10,True,,1000,3600,cats_path_g30b150,True,heuristic,2,False,CATS,150,paths,MultiMinded,1000,MaxIter,1675.2000000000116,11.257909999999999,16,0.8594,0.57639300000000004,9.647878,12.198218875629173,2.9536215331872122,5.8146326869639129,3,3771,35,176,88
30,30,65,AdaptiveCuttingAuction,0.05,0.08,10,True,,1000,3600,cats_path_g30b150,True,heuristic,2,False,CATS,150,paths,MultiMinded,1000,MaxIter,1750.4500000000116,12.752407,15,1.05004,0.71123899999999995,10.372428000000003,14.17263571029677,2.6008375545283831,6.1928423655587821,4,4617,38,180,95
31,30,58,AdaptiveCuttingAuction,0.05,0.08,10,True,,1000,3600,cats_path_g30b150,True,heuristic,2,False,CATS,150,paths,MultiMinded,1000,MaxIter,1228.4500000000116,13.4727089,13,1.18366,0.86047800000000008,10.161085000000002,15.569225753931711,1.5618751850478318,6.4081855969925092,4,4234,40,161,88
32,30,79,AdaptiveCuttingAuction,0.05,0.08,10,True,,1000,3600,cats_path_g30b150,True,heuristic,2,False,CATS,150,paths,MultiMinded,1000,MaxIter,2143.9000000000233,17.626487,18,1.11283,0.85035499999999997,15.710761999999999,20.569810599687955,5.9286768832776078,11.088421269495356,3,4977,38,198,109
33,30,66,AdaptiveCuttingAuction,0.05,0.08,10,True,,1000,3600,cats_path_g30b150,True,heuristic,2,False,CATS,150,paths,MultiMinded,1000,MaxIter,1472.3499999999767,13.562479100000003,19,1.17658,0.71348500000000004,12.351113100000001,19.320436822442765,4.7876750597929147,7.6646547214594065,4,3835,50,179,96
34,30,59,AdaptiveCuttingAuction,0.05,0.08,10,True,,1000,3600,cats_path_g30b150,True,heuristic,2,False,CATS,150,paths,MultiMinded,1000,MaxIter,1387.9700000000303,15.543004,15,1.16304,0.84088200000000002,13.712347999999999,18.652442365126468,8.4143161533035613,11.038014840223697,3,3600,40,175,89
35,30,61,AdaptiveCuttingAuction,0.05,0.08,10,True,,1000,3600,cats_path_g30b150,True,heuristic,2,False,CATS,150,paths,MultiMinded,1000,MaxIter,1037.3100000000559,18.943085999999997,20,1.32614,0.92471499999999995,17.845854999999997,20.641356321259973,9.064150502317645,13.287066693289862,3,3116,28,164,91
36,30,75,AdaptiveCuttingAuction,0.05,0.08,10,True,,1000,3600,cats_path_g30b150,True,heuristic,2,False,CATS,150,paths,MultiMinded,1000,MaxIter,830.4199999999837,15.257448999999998,19,1.04514,0.73463400000000001,13.801374,24.497843720826733,4.376322601756649,11.060908165863349,3,62,22,190,105
37,30,73,AdaptiveCuttingAuction,0.05,0.08,10,True,,1000,3600,cats_path_g30b150,True,heuristic,2,False,CATS,150,paths,MultiMinded,1000,MaxIter,1400.4700000000303,19.314383000000003,18,1.26724,0.81503800000000004,16.181716,32.59906985400324,5.1796922385678013,11.369258731758226,3,4307,40,184,103
38,30,69,AdaptiveCuttingAuction,0.05,0.08,10,True,,1000,3600,cats_path_g30b150,True,heuristic,2,False,CATS,150,paths,MultiMinded,1000,MaxIter,1834.890000000014,17.06102,17,1.26197,0.80889699999999998,13.837884999999998,20.413199080546505,4.7427913108696194,8.5938466606150268,3,4351,32,187,99
39,30,64,AdaptiveCuttingAuction,0.05,0.08,10,True,,1000,3600,cats_path_g30b150,True,heuristic,2,False,CATS,150,paths,MultiMinded,1000,MaxIter,1643.469999999972,18.017829999999996,17,1.46956,1.00953,14.874869299999999,26.844841292466644,6.9239242186078069,11.738991019548944,3,4291,28,176,94
40,30,70,AdaptiveCuttingAuction,0.05,0.08,10,True,,1000,3600,cats_path_g30b150,True,heuristic,2,False,CATS,150,paths,MultiMinded,1000,MaxIter,1369.7999999999884,16.415451,19,1.33618,0.79276899999999995,15.165931000000002,27.568192464740001,7.427076030159613,11.800242831833129,3,3998,25,181,100
41,30,62,AdaptiveCuttingAuction,0.05,0.08,10,True,,1000,3600,cats_path_g30b150,True,heuristic,2,False,CATS,150,paths,MultiMinded,1000,MaxIter,1025.75,15.767216000000001,15,1.27329,0.81440000000000001,11.542305999999998,17.887500211538953,3.5462200154295922,8.6864494518142497,3,3472,34,168,92
42,30,66,AdaptiveCuttingAuction,0.05,0.08,10,True,,1000,3600,cats_path_g30b150,True,heuristic,2,False,CATS,150,paths,MultiMinded,1000,MaxIter,1395.6399999999558,14.387081000000002,19,1.10378,0.674543,12.656079000000002,21.037780776047057,6.5068156836825217,10.145701765664752,3,3963,38,174,96
43,30,57,AdaptiveCuttingAuction,0.05,0.08,10,True,,1000,3600,cats_path_g30b150,True,heuristic,2,False,CATS,150,paths,MultiMinded,1000,MaxIter,1102.8699999999953,12.78674,17,1.092,0.74160349999999997,11.592691,16.103355480522666,4.9670403333802122,7.4454820739535563,3,3478,39,163,87
44,30,67,AdaptiveCuttingAuction,0.05,0.08,10,True,,1000,3600,cats_path_g30b150,True,heuristic,2,False,CATS,150,paths,MultiMinded,1000,MaxIter,1611.0200000000186,14.327095000000002,19,1.04382,0.66583400000000004,12.76122,17.602408184438264,5.0886117675448581,8.8506340438822715,3,4492,17,178,97
45,30,80,AdaptiveCuttingAuction,0.05,0.08,10,True,,1000,3600,cats_path_g30b150,True,heuristic,2,False,CATS,150,paths,MultiMinded,1000,MaxIter,2432.6900000000023,13.769805999999999,16,1.20458,0.66948099999999999,10.436356,14.174696517734723,5.0894301610760015,7.9992972877617534,3,4562,34,199,110
46,30,62,AdaptiveCuttingAuction,0.05,0.08,10,True,,1000,3600,cats_path_g30b150,True,heuristic,2,False,CATS,150,paths,MultiMinded,1000,MaxIter,1668.2700000000186,17.982688000000003,18,1.47628,0.89541199999999999,15.960277000000003,20.43257142021497,5.333096388529686,9.9531815967325521,4,4343,33,169,92
47,30,50,AdaptiveCuttingAuction,0.05,0.08,10,True,,1000,3600,cats_path_g30b150,True,heuristic,2,False,CATS,150,paths,MultiMinded,1000,MaxIter,712.3300000000163,14.4709692,16,1.15255,0.87777400000000005,13.292110999999998,14.201784066473733,4.431955246407254,11.403772161135407,3,2954,33,141,80
48,30,56,AdaptiveCuttingAuction,0.05,0.08,10,True,,1000,3600,cats_path_g30b150,True,heuristic,2,False,CATS,150,paths,MultiMinded,1000,MaxIter,933.5800000000163,19.863466000000003,15,1.39092,0.99550399999999994,15.542559999999998,28.565244452646468,4.2439045402045341,9.5051759572692571,3,3528,29,164,86
49,30,59,AdaptiveCuttingAuction,0.05,0.08,10,True,,1000,3600,cats_path_g30b150,True,heuristic,2,False,CATS,150,paths,MultiMinded,1000,MaxIter,1255.789999999979,12.83722,17,1.27931,0.83850000000000002,12.180726,16.432119421034443,5.7751957088302168,7.3304052799208836,3,3424,28,169,89
50,30,72,AdaptiveCuttingAuction,0.05,0.08,10,True,,1000,3600,cats_path_g30b150,True,heuristic,2,False,CATS,150,paths,MultiMinded,1000,MaxIter,1827.2999999999884,14.769329999999997,18,1.31494,0.719059,14.021457,15.228053624141697,7.2841572016774521,9.1227945996159807,3,4833,39,182,102
51,30,72,AdaptiveCuttingAuction,0.05,0.08,10,True,,1000,3600,cats_path_g30b150,True,heuristic,2,False,CATS,150,paths,MultiMinded,1000,MaxIter,1969.0100000000093,16.073219,18,1.09244,0.793798,14.596714999999998,17.347929171048783,5.5962532520827732,8.4315906243436185,4,5256,40,193,102
52,30,53,AdaptiveCuttingAuction,0.05,0.08,10,True,,1000,3600,cats_path_g30b150,True,heuristic,2,False,CATS,150,paths,MultiMinded,1000,MaxIter,1064.3099999999977,12.6877335,17,1.34175,0.74289899999999998,11.6237846,15.644538480690869,3.9523485314152591,6.1317522796631696,3,2916,45,156,83
53,30,69,AdaptiveCuttingAuction,0.05,0.08,10,True,,1000,3600,cats_path_g30b150,True,heuristic,2,False,CATS,150,paths,MultiMinded,1000,MaxIter,1753.0,18.740910999999997,16,1.16684,0.90905150000000001,14.660530999999997,19.999916024169554,4.2562655884614626,9.0840201021855052,4,4625,39,179,99
54,30,63,AdaptiveCuttingAuction,0.05,0.08,10,True,,1000,3600,cats_path_g30b150,True,heuristic,2,False,CATS,150,paths,MultiMinded,1000,MaxIter,1634.4800000000396,15.541510000000004,20,1.41102,0.83414200000000005,14.965113999999998,18.889397000525911,5.9077709352891965,7.137480213084725,4,3913,38,175,93
55,30,79,AdaptiveCuttingAuction,0.05,0.08,10,True,,1000,3600,cats_path_g30b150,True,heuristic,2,False,CATS,150,paths,MultiMinded,1000,MaxIter,1993.9899999999907,15.979884000000002,20,1.1263,0.85292049999999997,14.732470000000001,30.395213057481964,5.4887878210084544,8.1783724041247368,4,4665,34,203,109
56,30,75,AdaptiveCuttingAuction,0.05,0.08,10,True,,1000,3600,cats_path_g30b150,True,heuristic,2,False,CATS,150,paths,MultiMinded,1000,MaxIter,1582.3699999999953,18.432461999999994,18,1.25637,0.86360099999999995,15.971314999999999,23.515861192530256,6.8412551971513595,12.029605051011757,3,4577,45,192,105
57,30,69,AdaptiveCuttingAuction,0.05,0.08,10,True,,1000,3600,cats_path_g30b150,True,heuristic,2,False,CATS,150,paths,MultiMinded,1000,MaxIter,1382.0900000000256,21.377306399999995,17,1.41831,1.0310999999999999,18.044072,22.634730031603063,9.7824538612648144,14.928894044130551,3,3866,27,179,99
58,30,55,AdaptiveCuttingAuction,0.05,0.08,10,True,,1000,3600,cats_path_g30b150,True,heuristic,2,False,CATS,150,paths,MultiMinded,1000,MaxIter,1087.2299999999814,12.959700999999999,18,1.39908,0.69830300000000001,11.527218999999997,13.635124374110543,4.9533029975554639,6.9774402083549987,3,3522,12,165,85
59,30,62,AdaptiveCuttingAuction,0.05,0.08,10,True,,1000,3600,cats_path_g30b150,True,heuristic,2,False,CATS,150,paths,MultiMinded,1000,MaxIter,1691.8800000000047,11.245693,20,0.937523,0.59201349999999997,10.6555532,11.7877259078134,5.0675647936490611,6.9928572004934892,3,4158,31,174,92
60,30,62,AdaptiveCuttingAuction,0.05,0.08,10,True,,1000,3600,cats_path_g30b150,True,heuristic,2,False,CATS,150,paths,MultiMinded,1000,MaxIter,1770.859999999986,16.295090999999996,18,1.36668,0.91428500000000001,15.112452999999999,17.805929003806376,8.4441035810259013,10.423568512085334,4,4282,33,178,92
61,30,65,AdaptiveCuttingAuction,0.05,0.08,10,True,,1000,3600,cats_path_g30b150,True,heuristic,2,False,CATS,150,paths,MultiMinded,1000,MaxIter,858.9800000000396,12.734226999999999,15,1.10066,0.73527699999999996,10.471248,18.252288358151688,3.8279746063028091,8.068526110137654,3,3252,31,163,95
62,30,74,AdaptiveCuttingAuction,0.05,0.08,10,True,,1000,3600,cats_path_g30b150,True,heuristic,2,False,CATS,150,paths,MultiMinded,1000,MaxIter,1829.740000000049,15.189660000000002,20,1.07901,0.72534500000000002,12.480913000000001,18.006639392253547,5.3159958285359714,8.5537202701497481,3,4589,33,193,104
63,30,57,AdaptiveCuttingAuction,0.05,0.08,10,True,,1000,3600,cats_path_g30b150,True,heuristic,2,False,CATS,150,paths,MultiMinded,1000,MaxIter,1153.8300000000163,15.812223,18,1.17468,0.85123000000000004,13.963004999999999,17.557123322631135,6.0494032193313645,7.3424364829870568,3,3595,30,171,87
64,30,65,AdaptiveCuttingAuction,0.05,0.08,10,True,,1000,3600,cats_path_g30b150,True,heuristic,2,False,CATS,150,paths,MultiMinded,1000,MaxIter,1751.109999999986,14.256674000000002,17,1.1464,0.76940900000000001,12.937125000000002,16.486920526047786,6.5003554709067215,8.2992985798500829,4,4553,34,182,95
65,30,75,AdaptiveCuttingAuction,0.05,0.08,10,True,,1000,3600,cats_path_g30b150,True,heuristic,2,False,CATS,150,paths,MultiMinded,1000,MaxIter,1607.8800000000047,14.689584000000002,15,1.20503,0.79890700000000003,11.953282,23.285549039374935,3.2962122377821719,5.6642882648993496,3,4275,29,190,105
66,30,64,AdaptiveCuttingAuction,0.05,0.08,10,True,,1000,3600,cats_path_g30b150,True,heuristic,2,False,CATS,150,paths,MultiMinded,1000,MaxIter,1164.070000000007,15.318505000000002,18,1.13026,0.77133499999999999,13.186802000000004,18.40717797938283,8.9508043796866712,10.294179200916487,3,3655,30,175,94
67,30,65,AdaptiveCuttingAuction,0.05,0.08,10,True,,1000,3600,cats_path_g30b150,True,heuristic,2,False,CATS,150,paths,MultiMinded,1000,MaxIter,1701.1199999999953,17.19162,18,1.36208,0.868533,15.733542000000005,18.989645162168422,5.950703416622571,10.779997401332697,3,4231,32,174,95
68,30,62,AdaptiveCuttingAuction,0.05,0.08,10,True,,1000,3600,cats_path_g30b150,True,heuristic,2,False,CATS,150,paths,MultiMinded,1000,MaxIter,628.789999999979,16.58045,17,1.1806,0.75433449999999991,14.524763999999996,16.850942890211368,3.7059312274753173,11.736959939362446,5,4526,37,158,92
69,30,69,AdaptiveCuttingAuction,0.05,0.08,10,True,,1000,3600,cats_path_g30b150,True,heuristic,2,False,CATS,150,paths,MultiMinded,1000,MaxIter,1804.8499999999767,16.94247,19,1.39982,0.781829,14.85317,20.044921349828595,5.8057748549078081,9.7191027413821889,4,4290,23,176,99
70,30,69,AdaptiveCuttingAuction,0.05,0.08,10,True,,1000,3600,cats_path_g30b150,True,heuristic,2,False,CATS,150,paths,MultiMinded,1000,MaxIter,1347.2000000000116,15.6214981,17,1.25374,0.86018899999999998,12.177864000000003,17.433258069929167,5.420452402584985,9.1023090795898263,3,3795,37,188,99
71,30,72,AdaptiveCuttingAuction,0.05,0.08,10,True,,1000,3600,cats_path_g30b150,True,heuristic,2,False,CATS,150,paths,MultiMinded,1000,MaxIter,2106.030000000028,18.0902305,15,1.22443,0.96304999999999996,13.861111000000001,29.814311142803195,4.9354103321936487,7.6954505520040808,4,4902,21,196,102
72,30,71,AdaptiveCuttingAuction,0.05,0.08,10,True,,1000,3600,cats_path_g30b150,True,heuristic,2,False,CATS,150,paths,MultiMinded,1000,MaxIter,1548.4599999999627,14.262129000000002,20,1.12549,0.60241199999999995,12.942424,17.304180873142837,4.3586634687504917,9.1378905398644399,3,4544,52,179,101
73,30,61,AdaptiveCuttingAuction,0.05,0.08,10,True,,1000,3600,cats_path_g30b150,True,heuristic,2,False,CATS,150,paths,MultiMinded,1000,MaxIter,1521.780000000028,16.416352,16,1.29762,0.90387399999999996,14.472169,17.800704560749708,5.2979920030688561,7.706223347311167,4,4270,29,170,91
74,30,65,AdaptiveCuttingAuction,0.05,0.08,10,True,,1000,3600,cats_path_g30b150,True,heuristic,2,False,CATS,150,paths,MultiMinded,1000,MaxIter,1591.1500000000233,10.025623,19,0.812177,0.53816299999999995,9.576547999999999,12.982595956854409,4.6220807294820778,6.8214761867855191,4,4291,24,174,95
75,30,69,AdaptiveCuttingAuction,0.05,0.08,10,True,,1000,3600,cats_path_g30b150,True,heuristic,2,False,CATS,150,paths,MultiMinded,1000,MaxIter,1516.9400000000023,15.321485,20,1.30411,0.789794,14.557530999999999,24.014100786776829,5.666681586292726,9.6872360649783076,3,4216,33,186,99
76,30,66,AdaptiveCuttingAuction,0.05,0.08,10,True,,1000,3600,cats_path_g30b150,True,heuristic,2,False,CATS,150,paths,MultiMinded,1000,MaxIter,1152.5599999999977,17.565949,16,1.39796,0.82384800000000002,14.025353999999998,24.911708017835686,5.2585826314933408,8.058354713479833,3,4290,39,172,96
77,30,71,AdaptiveCuttingAuction,0.05,0.08,10,True,,1000,3600,cats_path_g30b150,True,heuristic,2,False,CATS,150,paths,MultiMinded,1000,MaxIter,1587.7000000000116,17.445843,17,1.28117,0.83980299999999997,13.769868999999998,24.603233900179283,5.8417293436585105,10.042912259254692,4,4263,39,191,101
78,30,77,AdaptiveCuttingAuction,0.05,0.08,10,True,,1000,3600,cats_path_g30b150,True,heuristic,2,False,CATS,150,paths,MultiMinded,1000,MaxIter,2357.4400000000023,17.835809,20,1.27923,0.84794999999999998,16.059582,27.09538688550192,7.3293540171692966,10.174128357054322,3,4700,28,197,107
79,30,71,AdaptiveCuttingAuction,0.05,0.08,10,True,,1000,3600,cats_path_g30b150,True,heuristic,2,False,CATS,150,paths,MultiMinded,1000,MaxIter,2198.7399999999907,15.251795000000001,18,1.08004,0.77857100000000001,12.497964,20.335998439020834,3.5527628928687096,7.3293707641080337,3,4833,33,191,101
80,30,67,AdaptiveCuttingAuction,0.05,0.08,10,True,,1000,3600,cats_path_g30b150,True,heuristic,2,False,CATS,150,paths,MultiMinded,1000,MaxIter,1794.570000000007,21.216326000000002,20,1.34186,1.05186,19.895315,24.33538941671905,11.60633722584296,14.102872015305632,3,3954,24,178,97
81,30,68,AdaptiveCuttingAuction,0.05,0.08,10,True,,1000,3600,cats_path_g30b150,True,heuristic,2,False,CATS,150,paths,MultiMinded,1000,MaxIter,1432.0100000000093,14.454433000000002,18,1.14794,0.83136399999999999,14.047232,15.288494676699836,5.3453928787048728,8.8549012964608043,4,4216,27,175,98
82,30,64,AdaptiveCuttingAuction,0.05,0.08,10,True,,1000,3600,cats_path_g30b150,True,heuristic,2,False,CATS,150,paths,MultiMinded,1000,MaxIter,1426.8800000000047,14.456647999999998,16,1.03149,0.62555099999999997,10.928583,20.606430811013404,4.1355143542554185,7.9898811194597492,3,3714,30,175,94
83,30,64,AdaptiveCuttingAuction,0.05,0.08,10,True,,1000,3600,cats_path_g30b150,True,heuristic,2,False,CATS,150,paths,MultiMinded,1000,MaxIter,1552.9799999999814,15.243575000000002,20,1.11077,0.82948200000000005,14.219915000000002,20.68731264570885,6.319985430689318,9.6850489080297297,3,3904,30,181,94
84,30,55,AdaptiveCuttingAuction,0.05,0.08,10,True,,1000,3600,cats_path_g30b150,True,heuristic,2,False,CATS,150,paths,MultiMinded,1000,MaxIter,1297.9799999999814,10.829593,17,1.04035,0.60557799999999995,10.694209,10.700499037751793,6.8517218123529675,8.6104302320031803,4,3191,33,163,85
85,30,70,AdaptiveCuttingAuction,0.05,0.08,10,True,,1000,3600,cats_path_g30b150,True,heuristic,2,False,CATS,150,paths,MultiMinded,1000,MaxIter,1744.4100000000326,17.838826,18,1.20482,0.99917599999999995,16.894358,23.530785518788552,10.019949510005183,12.836742200217923,4,4135,31,185,100
86,30,63,AdaptiveCuttingAuction,0.05,0.08,10,True,,1000,3600,cats_path_g30b150,True,heuristic,2,False,CATS,150,paths,MultiMinded,1000,MaxIter,1489.0499999999884,14.348480000000002,17,1.12303,0.66461599999999998,12.509368,14.041963750054586,6.8621811802879353,9.7779386181840025,3,4290,32,177,93
87,30,64,AdaptiveCuttingAuction,0.05,0.08,10,True,,1000,3600,cats_path_g30b150,True,heuristic,2,False,CATS,150,paths,MultiMinded,1000,MaxIter,1235.600000000035,15.876268000000007,15,1.16618,0.92069400000000001,13.346496000000002,15.349697855343768,5.8226580992082742,8.8204076278984171,2,2759,33,173,94
88,30,76,AdaptiveCuttingAuction,0.05,0.08,10,True,,1000,3600,cats_path_g30b150,True,heuristic,2,False,CATS,150,paths,MultiMinded,1000,MaxIter,1332.320000000007,20.508544000000004,18,1.50963,0.97545999999999999,17.917323000000003,27.710730776808024,6.9392701137845529,15.467510385901278,4,4715,46,188,106
89,30,72,AdaptiveCuttingAuction,0.05,0.08,10,True,,1000,3600,cats_path_g30b150,True,heuristic,2,False,CATS,150,paths,MultiMinded,1000,MaxIter,1789.6900000000023,16.188547,19,1.37467,0.81535500000000005,15.184839,17.550084117441827,6.9897279573588413,8.4693413289135009,3,4757,25,191,102
90,30,54,AdaptiveCuttingAuction,0.05,0.08,10,True,,1000,3600,cats_path_g30b150,True,heuristic,2,False,CATS,150,paths,MultiMinded,1000,MaxIter,1060.0499999999884,12.251615099999999,14,0.821456,0.64283100000000004,8.977796,16.68971057823105,2.9127291179773036,6.2319035798290088,4,3135,24,161,84
91,30,66,AdaptiveCuttingAuction,0.05,0.08,10,True,,1000,3600,cats_path_g30b150,True,heuristic,2,False,CATS,150,paths,MultiMinded,1000,MaxIter,1165.75,13.249561,15,1.08687,0.77222100000000005,9.661805999999999,16.178228753411378,3.8894848404464084,6.7242348525223363,3,3172,27,171,96
92,30,57,AdaptiveCuttingAuction,0.05,0.08,10,True,,1000,3600,cats_path_g30b150,True,heuristic,2,False,CATS,150,paths,MultiMinded,1000,MaxIter,1335.1900000000023,12.038590999999998,17,0.968649,0.65237100000000003,10.523499,14.796829490735748,4.5240457438885757,7.3146975605479811,3,3936,21,162,87
93,30,62,AdaptiveCuttingAuction,0.05,0.08,10,True,,1000,3600,cats_path_g30b150,True,heuristic,2,False,CATS,150,paths,MultiMinded,1000,MaxIter,1220.2200000000303,16.059345,15,1.15822,0.86252099999999998,12.18909,22.573631111300308,4.4606943581893201,8.2560961786414619,3,3722,28,163,92
94,30,68,AdaptiveCuttingAuction,0.05,0.08,10,True,,1000,3600,cats_path_g30b150,True,heuristic,2,False,CATS,150,paths,MultiMinded,1000,MaxIter,1718.320000000007,17.743863,16,1.39576,0.98003499999999999,15.587584999999999,22.495930986791976,5.4876487235338383,7.5781122974843447,3,4284,35,186,98
95,30,64,AdaptiveCuttingAuction,0.05,0.08,10,True,,1000,3600,cats_path_g30b150,True,heuristic,2,False,CATS,150,paths,MultiMinded,1000,MaxIter,1429.5599999999977,15.467591,20,0.907099,0.58233449999999998,13.246284,14.798931696508728,3.9951098454217742,10.107406649550061,3,3586,20,172,94
96,30,57,AdaptiveCuttingAuction,0.05,0.08,10,True,,1000,3600,cats_path_g30b150,True,heuristic,2,False,CATS,150,paths,MultiMinded,1000,MaxIter,735.4300000000512,9.8668957,16,1.02137,0.65189799999999998,9.6857433,10.084538512541574,4.4878049996394562,6.372678446856411,3,2568,36,147,87
97,30,55,AdaptiveCuttingAuction,0.05,0.08,10,True,,1000,3600,cats_path_g30b150,True,heuristic,2,False,CATS,150,paths,MultiMinded,1000,MaxIter,1479.4599999999627,12.714137000000001,16,1.1671,0.73047649999999997,11.820747,13.419121631997857,4.1681708101820565,6.2741669704942016,4,4238,38,170,85
98,30,61,AdaptiveCuttingAuction,0.05,0.08,10,True,,1000,3600,cats_path_g30b150,True,heuristic,2,False,CATS,150,paths,MultiMinded,1000,MaxIter,1164.4599999999627,17.221063000000004,17,1.28051,0.90821799999999997,15.487423,22.27184702977258,8.1143637796572552,10.731243258545593,4,3541,41,171,91
99,30,71,AdaptiveCuttingAuction,0.05,0.08,10,True,,1000,3600,cats_path_g30b150,True,heuristic,2,False,CATS,150,paths,MultiMinded,1000,MaxIter,1593.1599999999744,16.835101,17,1.27222,0.965194,14.840751000000001,29.58690943126021,6.98631362788029,10.514133832703671,3,4547,42,186,101
100,30,69,AdaptiveCuttingAuction,0.05,0.08,10,True,,1000,3600,cats_path_g30b150,True,heuristic,2,False,CATS,150,paths,MultiMinded,1000,MaxIter,1384.219999999972,11.185935,16,0.872955,0.55562999999999996,8.948887000000001,11.633256462219927,4.1787167873564837,6.4227680530561457,3,3731,35,170,99
