idx,items,agents,auction_class,epsilon,stepc,epoch,scalebyvalue,reserve_type,maxiter,maxtime,generator_param_name,personalized,bidding_strategy,heuristic_pool_num,int_prices,generator,bids,distribution,type,rounds,status,runtime,efficient_value,final_num_winners,final_max_agent_value,final_scalevalue,final_value,final_total_price,final_revenue,final_indirect_util,final_price_degree,final_price_sparsity,final_imbalance,final_wd_nvars,final_wd_ncons
1,30,67,LinearHeuristicAuction,0.05,0.08,,True,,1000,3600,cats_path_g30b150,,heuristic,3,False,CATS,150,paths,MultiMinded,1000,MaxIter,122.3300000000163,15.606157999999997,16,1.23481,0.870313,12.960337999999997,29.857170990927926,4.3863217908598404,9.0779140310832034,1,29,24,177,97
2,30,63,LinearHeuristicAuction,0.05,0.08,,True,,1000,3600,cats_path_g30b150,,heuristic,3,False,CATS,150,paths,MultiMinded,1000,MaxIter,124.0099999999511,14.094153000000002,18,1.04283,0.78301449999999995,12.425873000000001,38.913347271628716,3.4146646753749952,9.2995421087228536,1,30,29,179,93
3,30,69,LinearHeuristicAuction,0.05,0.08,,True,,1000,3600,cats_path_g30b150,,heuristic,3,False,CATS,150,paths,MultiMinded,1000,MaxIter,136.3300000000163,19.941755999999998,18,1.33809,0.95683499999999999,17.511292,46.096048076580523,5.7058717760678359,13.711956592098268,1,30,30,190,99
4,30,66,LinearHeuristicAuction,0.05,0.08,,True,,1000,3600,cats_path_g30b150,,heuristic,3,False,CATS,150,paths,MultiMinded,1000,MaxIter,124.94000000000233,14.118885,18,0.998367,0.78126600000000002,12.09333,25.523600541419473,4.7927284731488662,10.275723902360086,1,30,19,184,96
5,30,65,LinearHeuristicAuction,0.05,0.08,,True,,1000,3600,cats_path_g30b150,,heuristic,3,False,CATS,150,paths,MultiMinded,1000,MaxIter,127.90000000002328,15.664620999999997,19,1.04116,0.78344400000000003,13.497594999999997,34.747182786107324,3.5289754973779965,9.3712341067058151,1,30,24,187,95
6,30,61,LinearHeuristicAuction,0.05,0.08,,True,,1000,3600,cats_path_g30b150,,heuristic,3,False,CATS,150,paths,MultiMinded,1000,MaxIter,124.92000000004191,15.723609,19,1.13448,0.79950699999999997,14.158300599999999,35.83625646745886,3.4164153304691172,11.532088173623732,1,30,30,177,91
7,30,64,LinearHeuristicAuction,0.05,0.08,,True,,1000,3600,cats_path_g30b150,,heuristic,3,False,CATS,150,paths,MultiMinded,1000,MaxIter,126.5,16.373429,19,1.20046,0.76909549999999993,13.551374999999998,34.959550737645898,4.5589136320088626,10.908792087287962,1,30,31,181,94
8,30,72,LinearHeuristicAuction,0.05,0.08,,True,,1000,3600,cats_path_g30b150,,heuristic,3,False,CATS,150,paths,MultiMinded,1000,MaxIter,138.0900000000256,16.311622,18,1.24903,0.86937299999999995,15.246472999999996,27.902859780274145,5.9574280221530351,9.2412055288198083,1,30,22,200,102
9,30,60,LinearHeuristicAuction,0.05,0.08,,True,,1000,3600,cats_path_g30b150,,heuristic,3,False,CATS,150,paths,MultiMinded,1000,MaxIter,123.63999999995576,14.554215,18,1.25806,0.77530200000000005,13.377896,26.46730207517459,4.1800407406060955,8.0268849740289223,1,30,24,184,90
10,30,64,LinearHeuristicAuction,0.05,0.08,,True,,1000,3600,cats_path_g30b150,,heuristic,3,False,CATS,150,paths,MultiMinded,1000,MaxIter,128.5800000000163,15.764945999999998,18,1.20473,0.77151750000000008,14.318126,29.253469963135647,4.8091649817500901,10.144445552708302,1,30,30,187,94
11,30,70,LinearHeuristicAuction,0.05,0.08,,True,,1000,3600,cats_path_g30b150,,heuristic,3,False,CATS,150,paths,MultiMinded,1000,MaxIter,130.78999999997905,15.460275,16,1.12749,0.83722600000000003,12.73848,27.864706822578608,3.8800980048786413,7.0581093583906664,1,30,28,200,100
12,30,67,LinearHeuristicAuction,0.05,0.08,,True,,1000,3600,cats_path_g30b150,,heuristic,3,False,CATS,150,paths,MultiMinded,1000,MaxIter,126.13999999995576,14.9714,20,1.03711,0.74539299999999997,13.259616,32.924317232630692,2.1721388467712854,11.097887938290672,1,29,29,174,97
13,30,70,LinearHeuristicAuction,0.05,0.08,,True,,1000,3600,cats_path_g30b150,,heuristic,3,False,CATS,150,paths,MultiMinded,1000,MaxIter,131.6699999999837,13.718234000000002,20,1.05702,0.66747699999999999,12.589501000000002,50.391203878286483,6.053599582453657,8.863353158232659,1,30,28,195,100
14,30,57,LinearHeuristicAuction,0.05,0.08,,True,,1000,3600,cats_path_g30b150,,heuristic,3,False,CATS,150,paths,MultiMinded,1000,MaxIter,117.21999999997206,13.5776358,17,1.27472,0.79768799999999995,11.693332800000004,34.534381391072614,4.1136713134826266,9.759977316334016,1,30,31,162,87
15,30,76,LinearHeuristicAuction,0.05,0.08,,True,,1000,3600,cats_path_g30b150,,heuristic,3,False,CATS,150,paths,MultiMinded,1000,MaxIter,136.92999999999302,19.193505000000002,18,1.29161,1.0414399999999999,17.745977000000003,31.016809506280516,6.9100383554684406,12.749975976815366,1,30,21,199,106
16,30,55,LinearHeuristicAuction,0.05,0.08,,True,,1000,3600,cats_path_g30b150,,heuristic,3,False,CATS,150,paths,MultiMinded,1000,MaxIter,122.11999999999534,17.6371399,17,1.30608,0.92928299999999997,15.408018,30.217083240925923,4.6860727912129461,11.559997091184371,1,30,17,175,85
17,30,60,LinearHeuristicAuction,0.05,0.08,,True,,1000,3600,cats_path_g30b150,,heuristic,3,False,CATS,150,paths,MultiMinded,1000,MaxIter,116.88000000000466,17.3437429,15,1.15586,0.84924900000000003,12.824714000000002,43.468250101570327,2.4414988322223308,11.051399675096588,1,30,31,171,90
18,30,68,LinearHeuristicAuction,0.05,0.08,,True,,1000,3600,cats_path_g30b150,,heuristic,3,False,CATS,150,paths,MultiMinded,1000,MaxIter,127.51000000000931,16.532421,19,1.15917,0.79773499999999997,13.913562000000002,27.498985459953143,5.1486713284473327,7.5084126232747295,1,30,26,194,98
19,30,84,LinearHeuristicAuction,0.05,0.08,,True,,1000,3600,cats_path_g30b150,,heuristic,3,False,CATS,150,paths,MultiMinded,1000,MaxIter,145.21000000002095,16.550685,15,1.19703,0.78075050000000001,11.661286,27.947295438585758,4.0972565255424129,8.2947211606350137,1,30,34,210,114
20,30,57,LinearHeuristicAuction,0.05,0.08,,True,,1000,3600,cats_path_g30b150,,heuristic,3,False,CATS,150,paths,MultiMinded,1000,MaxIter,119.45000000001164,11.988608000000001,17,0.830201,0.65249500000000005,9.7735396,30.793837009422134,1.0486517295229376,7.9559877537205423,1,30,21,168,87
21,30,76,LinearHeuristicAuction,0.05,0.08,,True,,1000,3600,cats_path_g30b150,,heuristic,3,False,CATS,150,paths,MultiMinded,1000,MaxIter,136.09999999997672,16.346269,18,1.16216,0.87333000000000005,13.653971,32.071106784275024,4.0514592983240538,7.940913740268404,1,30,30,202,106
22,30,62,LinearHeuristicAuction,0.05,0.08,,True,,1000,3600,cats_path_g30b150,,heuristic,3,False,CATS,150,paths,MultiMinded,1000,MaxIter,128.44000000000233,11.899390499999999,17,1.11701,0.58296099999999995,9.906668,14.654098810210865,3.3358471934268761,6.9044547113364132,1,30,24,173,92
23,30,61,LinearHeuristicAuction,0.05,0.08,,True,,1000,3600,cats_path_g30b150,,heuristic,3,False,CATS,150,paths,MultiMinded,1000,MaxIter,116.8399999999674,17.460715,17,1.27766,0.872475,14.119676,37.651814840228681,1.5169486161040879,11.338572512069481,1,30,30,167,91
24,30,72,LinearHeuristicAuction,0.05,0.08,,True,,1000,3600,cats_path_g30b150,,heuristic,3,False,CATS,150,paths,MultiMinded,1000,MaxIter,132.97000000003027,16.551633999999996,18,1.24587,0.733267,13.503788,26.411479941217095,5.0187491393271557,9.5661375703272036,1,30,22,196,102
25,30,66,LinearHeuristicAuction,0.05,0.08,,True,,1000,3600,cats_path_g30b150,,heuristic,3,False,CATS,150,paths,MultiMinded,1000,MaxIter,126.64000000001397,15.951057999999998,17,1.21778,0.74724500000000005,12.170715000000001,31.019002892362881,2.1128430806821652,9.1510032714594161,1,30,18,180,96
26,30,71,LinearHeuristicAuction,0.05,0.08,,True,,1000,3600,cats_path_g30b150,,heuristic,3,False,CATS,150,paths,MultiMinded,1000,MaxIter,127.95999999996275,18.600379,18,1.35655,1.0506500000000001,15.298067,35.743887927750343,7.7126790959685394,13.261344945564915,1,30,28,191,101
27,30,65,LinearHeuristicAuction,0.05,0.08,,True,,1000,3600,cats_path_g30b150,,heuristic,3,False,CATS,150,paths,MultiMinded,1000,MaxIter,121.60999999998603,15.208365,17,1.24835,0.71721100000000004,11.438649000000002,32.851427336679912,4.7081241902244733,8.5438811912400112,1,30,21,188,95
28,30,68,LinearHeuristicAuction,0.05,0.08,,True,,1000,3600,cats_path_g30b150,,heuristic,3,False,CATS,150,paths,MultiMinded,1000,MaxIter,130.44000000000233,14.86174,17,1.33611,1.01847,14.141761999999998,15.027740916837924,5.451020689358856,9.9454922647399364,1,30,19,187,98
29,30,58,LinearHeuristicAuction,0.05,0.08,,True,,1000,3600,cats_path_g30b150,,heuristic,3,False,CATS,150,paths,MultiMinded,1000,MaxIter,119.77000000001863,11.257909999999999,16,0.8594,0.57639300000000004,9.253126,21.935055278546354,1.8990288003707063,5.6661347574502257,1,30,17,177,88
30,30,65,LinearHeuristicAuction,0.05,0.08,,True,,1000,3600,cats_path_g30b150,,heuristic,3,False,CATS,150,paths,MultiMinded,1000,MaxIter,128.0800000000163,12.752407,13,1.05004,0.71123899999999995,9.178249000000001,21.052629483996121,2.7522254674237869,6.857080813675986,1,30,21,187,95
31,30,58,LinearHeuristicAuction,0.05,0.08,,True,,1000,3600,cats_path_g30b150,,heuristic,3,False,CATS,150,paths,MultiMinded,1000,MaxIter,121.25,13.4727089,15,1.18366,0.86047800000000008,12.143091,24.088819097869656,1.7428413674708843,7.8606720719446086,1,30,30,172,88
32,30,79,LinearHeuristicAuction,0.05,0.08,,True,,1000,3600,cats_path_g30b150,,heuristic,3,False,CATS,150,paths,MultiMinded,1000,MaxIter,139.75,17.626487,16,1.11283,0.85035499999999997,13.867338,41.096155208920528,4.216113295079789,10.565953468964247,1,29,28,205,109
33,30,66,LinearHeuristicAuction,0.05,0.08,,True,,1000,3600,cats_path_g30b150,,heuristic,3,False,CATS,150,paths,MultiMinded,1000,MaxIter,124.03999999997905,13.562479100000003,19,1.17658,0.71348500000000004,11.533936099999998,27.131715646844221,4.3414375579939311,8.926849276308447,1,30,29,179,96
34,30,59,LinearHeuristicAuction,0.05,0.08,,True,,1000,3600,cats_path_g30b150,,heuristic,3,False,CATS,150,paths,MultiMinded,1000,MaxIter,120.09000000002561,15.543004,17,1.16304,0.84088200000000002,13.402656,31.387385949590161,4.0924435439938271,9.1348909493622248,1,30,23,173,89
35,30,61,LinearHeuristicAuction,0.05,0.08,,True,,1000,3600,cats_path_g30b150,,heuristic,3,False,CATS,150,paths,MultiMinded,1000,MaxIter,123.46000000002095,18.943085999999997,16,1.32614,0.92471499999999995,15.380066,22.987052600047264,3.3756119431582965,10.684049398776068,1,30,16,179,91
36,30,75,LinearHeuristicAuction,0.05,0.08,,True,,1000,3600,cats_path_g30b150,,heuristic,3,False,CATS,150,paths,MultiMinded,1000,MaxIter,131.53000000002794,15.257448999999998,16,1.04514,0.73463400000000001,12.328291,31.826001288812499,3.5678148573683055,12.569393231490306,1,30,27,195,105
37,30,73,LinearHeuristicAuction,0.05,0.08,,True,,1000,3600,cats_path_g30b150,,heuristic,3,False,CATS,150,paths,MultiMinded,1000,MaxIter,130.02000000001863,19.314383000000003,20,1.26724,0.81503800000000004,17.676844,52.146949681677455,6.7333145831207117,13.033819180603095,1,30,32,191,103
38,30,69,LinearHeuristicAuction,0.05,0.08,,True,,1000,3600,cats_path_g30b150,,heuristic,3,False,CATS,150,paths,MultiMinded,1000,MaxIter,129.95000000001164,17.06102,16,1.26197,0.80889699999999998,12.142842,31.100264058410765,2.894694685972651,9.436318778739432,1,30,17,198,99
39,30,64,LinearHeuristicAuction,0.05,0.08,,True,,1000,3600,cats_path_g30b150,,heuristic,3,False,CATS,150,paths,MultiMinded,1000,MaxIter,125.77000000001863,18.017829999999996,16,1.46956,1.00953,14.190337000000001,50.438006782502214,4.2416851298451981,13.177583038371909,1,30,20,177,94
40,30,70,LinearHeuristicAuction,0.05,0.08,,True,,1000,3600,cats_path_g30b150,,heuristic,3,False,CATS,150,paths,MultiMinded,1000,MaxIter,123.15999999997439,16.415451,16,1.33618,0.79276899999999995,13.981271000000001,37.42652921972774,4.2164897054826591,9.8305298240028502,1,30,12,176,100
41,30,62,LinearHeuristicAuction,0.05,0.08,,True,,1000,3600,cats_path_g30b150,,heuristic,3,False,CATS,150,paths,MultiMinded,1000,MaxIter,125.23000000003958,15.767216000000001,16,1.27329,0.81440000000000001,13.207085999999999,26.142959386639291,3.0672794681734361,9.9028844416938178,1,30,26,183,92
42,30,66,LinearHeuristicAuction,0.05,0.08,,True,,1000,3600,cats_path_g30b150,,heuristic,3,False,CATS,150,paths,MultiMinded,1000,MaxIter,122.26999999996042,14.387081000000002,20,1.10378,0.674543,12.646734000000004,32.233308946206797,5.2259059163118007,10.073057072622124,1,30,9,174,96
43,30,57,LinearHeuristicAuction,0.05,0.08,,True,,1000,3600,cats_path_g30b150,,heuristic,3,False,CATS,150,paths,MultiMinded,1000,MaxIter,123.10000000003492,12.78674,17,1.092,0.74160349999999997,10.939552,26.859517312406254,2.6910762512131519,7.4080493086712043,1,30,27,173,87
44,30,67,LinearHeuristicAuction,0.05,0.08,,True,,1000,3600,cats_path_g30b150,,heuristic,3,False,CATS,150,paths,MultiMinded,1000,MaxIter,123.73999999999069,14.327095000000002,15,1.04382,0.66583400000000004,10.740017000000002,32.727337236046637,1.330895335380476,9.7928665385662423,1,29,28,172,97
45,30,80,LinearHeuristicAuction,0.05,0.08,,True,,1000,3600,cats_path_g30b150,,heuristic,3,False,CATS,150,paths,MultiMinded,1000,MaxIter,141.72999999998137,13.769805999999999,14,1.20458,0.66948099999999999,9.360416999999998,17.294108628050854,2.3240032968606079,6.2161421089555269,1,30,20,207,110
46,30,62,LinearHeuristicAuction,0.05,0.08,,True,,1000,3600,cats_path_g30b150,,heuristic,3,False,CATS,150,paths,MultiMinded,1000,MaxIter,122.38000000000466,17.982688000000003,16,1.47628,0.89541199999999999,13.976721,23.749897387405134,3.0124064716322971,9.8555836694316987,1,30,26,173,92
47,30,50,LinearHeuristicAuction,0.05,0.08,,True,,1000,3600,cats_path_g30b150,,heuristic,3,False,CATS,150,paths,MultiMinded,1000,MaxIter,111.46000000002095,14.4709692,11,1.15255,0.87777400000000005,10.491971,23.681014156429946,2.2122814088634817,10.516780119867548,1,30,17,157,80
48,30,56,LinearHeuristicAuction,0.05,0.08,,True,,1000,3600,cats_path_g30b150,,heuristic,3,False,CATS,150,paths,MultiMinded,1000,MaxIter,120.84999999997672,19.863466000000003,16,1.39092,0.99550399999999994,15.988653999999999,46.523479590512103,4.5819756747650882,11.786651086293178,1,30,26,167,86
49,30,59,LinearHeuristicAuction,0.05,0.08,,True,,1000,3600,cats_path_g30b150,,heuristic,3,False,CATS,150,paths,MultiMinded,1000,MaxIter,116.60000000003492,12.83722,16,1.27931,0.83850000000000002,11.116781999999999,23.699684522858618,4.4290948409128994,6.7065740797063187,1,30,24,175,89
50,30,72,LinearHeuristicAuction,0.05,0.08,,True,,1000,3600,cats_path_g30b150,,heuristic,3,False,CATS,150,paths,MultiMinded,1000,MaxIter,129.13000000000466,14.769329999999997,16,1.31494,0.719059,13.068225999999997,24.667269568720048,5.2899975263558012,8.6007945903333614,1,30,23,185,102
51,30,72,LinearHeuristicAuction,0.05,0.08,,True,,1000,3600,cats_path_g30b150,,heuristic,3,False,CATS,150,paths,MultiMinded,1000,MaxIter,130.15000000002328,16.073219,17,1.09244,0.793798,14.599376,30.396267762258631,3.7138498315658834,7.7550325697758433,1,30,22,193,102
52,30,53,LinearHeuristicAuction,0.05,0.08,,True,,1000,3600,cats_path_g30b150,,heuristic,3,False,CATS,150,paths,MultiMinded,1000,MaxIter,118.54999999998836,12.6877335,18,1.34175,0.74289899999999998,12.3587365,28.565011523406582,4.0089315321939054,7.9581065839951499,1,30,28,173,83
53,30,69,LinearHeuristicAuction,0.05,0.08,,True,,1000,3600,cats_path_g30b150,,heuristic,3,False,CATS,150,paths,MultiMinded,1000,MaxIter,127.3399999999674,18.740910999999997,18,1.16684,0.90905150000000001,15.381274000000001,33.092041580040409,3.6158369203833298,11.084283406274286,1,30,15,183,99
54,30,63,LinearHeuristicAuction,0.05,0.08,,True,,1000,3600,cats_path_g30b150,,heuristic,3,False,CATS,150,paths,MultiMinded,1000,MaxIter,123.96999999997206,15.541510000000004,21,1.41102,0.83414200000000005,14.794868999999998,30.173272259480711,7.540004302698943,9.8440410779481446,1,30,16,182,93
55,30,79,LinearHeuristicAuction,0.05,0.08,,True,,1000,3600,cats_path_g30b150,,heuristic,3,False,CATS,150,paths,MultiMinded,1000,MaxIter,139.8300000000163,15.979884000000002,17,1.1263,0.85292049999999997,13.458269,44.907929241214298,4.1443400888533688,9.9279878959565657,1,30,31,207,109
56,30,75,LinearHeuristicAuction,0.05,0.08,,True,,1000,3600,cats_path_g30b150,,heuristic,3,False,CATS,150,paths,MultiMinded,1000,MaxIter,130.30999999999767,18.432461999999994,19,1.25637,0.86360099999999995,16.375934,43.836745862094894,5.1717175187814863,11.466153236546852,1,30,26,197,105
57,30,69,LinearHeuristicAuction,0.05,0.08,,True,,1000,3600,cats_path_g30b150,,heuristic,3,False,CATS,150,paths,MultiMinded,1000,MaxIter,129.36999999999534,21.377306399999995,15,1.41831,1.0310999999999999,15.911923999999997,31.923877950476353,8.8724028505640185,13.479775952774625,1,30,31,188,99
58,30,55,LinearHeuristicAuction,0.05,0.08,,True,,1000,3600,cats_path_g30b150,,heuristic,3,False,CATS,150,paths,MultiMinded,1000,MaxIter,123.86999999999534,12.959700999999999,17,1.39908,0.69830300000000001,11.174275999999999,20.183663599463575,2.6420245734326882,6.7685651136087452,1,30,27,174,85
59,30,62,LinearHeuristicAuction,0.05,0.08,,True,,1000,3600,cats_path_g30b150,,heuristic,3,False,CATS,150,paths,MultiMinded,1000,MaxIter,123.39999999996508,11.245693,18,0.937523,0.59201349999999997,9.885109,19.769492259937831,2.7178029101648855,7.3867534532374348,1,30,22,177,92
60,30,62,LinearHeuristicAuction,0.05,0.08,,True,,1000,3600,cats_path_g30b150,,heuristic,3,False,CATS,150,paths,MultiMinded,1000,MaxIter,128.94999999995343,16.295090999999996,15,1.36668,0.91428500000000001,13.691065,24.677934011655779,2.9828733035785384,8.9839120541798358,1,30,24,181,92
61,30,65,LinearHeuristicAuction,0.05,0.08,,True,,1000,3600,cats_path_g30b150,,heuristic,3,False,CATS,150,paths,MultiMinded,1000,MaxIter,122.5800000000163,12.734226999999999,15,1.10066,0.73527699999999996,10.396616000000002,44.773979848663387,3.2610582411423175,9.8652613997185625,1,29,20,174,95
62,30,74,LinearHeuristicAuction,0.05,0.08,,True,,1000,3600,cats_path_g30b150,,heuristic,3,False,CATS,150,paths,MultiMinded,1000,MaxIter,134.10999999998603,15.189660000000002,19,1.07901,0.72534500000000002,12.608548,24.789787793197096,5.3409662393319808,10.803566626538204,1,30,29,194,104
63,30,57,LinearHeuristicAuction,0.05,0.08,,True,,1000,3600,cats_path_g30b150,,heuristic,3,False,CATS,150,paths,MultiMinded,1000,MaxIter,120.96999999997206,15.812223,17,1.17468,0.85123000000000004,13.1039547,20.07246679914266,2.9357698816041138,10.139789308911418,1,30,23,180,87
64,30,65,LinearHeuristicAuction,0.05,0.08,,True,,1000,3600,cats_path_g30b150,,heuristic,3,False,CATS,150,paths,MultiMinded,1000,MaxIter,129.09999999997672,14.256674000000002,14,1.1464,0.76940900000000001,11.074084000000001,17.572934104408422,2.0815723249946698,4.0638724887700288,1,30,22,196,95
65,30,75,LinearHeuristicAuction,0.05,0.08,,True,,1000,3600,cats_path_g30b150,,heuristic,3,False,CATS,150,paths,MultiMinded,1000,MaxIter,130.94000000000233,14.689584000000002,17,1.20503,0.79890700000000003,12.609568,40.542028398694939,4.8269881844123308,8.4682384227009884,1,30,33,193,105
66,30,64,LinearHeuristicAuction,0.05,0.08,,True,,1000,3600,cats_path_g30b150,,heuristic,3,False,CATS,150,paths,MultiMinded,1000,MaxIter,126.10999999998603,15.318505000000002,16,1.13026,0.77133499999999999,12.201202000000002,22.483101860028093,5.6040593895382695,8.2001361190617068,1,30,28,191,94
67,30,65,LinearHeuristicAuction,0.05,0.08,,True,,1000,3600,cats_path_g30b150,,heuristic,3,False,CATS,150,paths,MultiMinded,1000,MaxIter,125.12999999994645,17.19162,17,1.36208,0.868533,14.259322000000001,21.424185884730239,4.877083795010603,11.212677281989734,1,30,16,178,95
68,30,62,LinearHeuristicAuction,0.05,0.08,,True,,1000,3600,cats_path_g30b150,,heuristic,3,False,CATS,150,paths,MultiMinded,1000,MaxIter,117.51000000000931,16.58045,17,1.1806,0.75433449999999991,14.333737999999997,23.864489096601869,1.7359169231086475,10.483326499847809,1,30,29,163,92
69,30,69,LinearHeuristicAuction,0.05,0.08,,True,,1000,3600,cats_path_g30b150,,heuristic,3,False,CATS,150,paths,MultiMinded,1000,MaxIter,127.95000000001164,16.94247,19,1.39982,0.781829,13.935589000000002,34.43563939741297,4.5499902372288181,11.768918262986134,1,30,22,185,99
70,30,69,LinearHeuristicAuction,0.05,0.08,,True,,1000,3600,cats_path_g30b150,,heuristic,3,False,CATS,150,paths,MultiMinded,1000,MaxIter,126.73999999999069,15.6214981,17,1.25374,0.86018899999999998,11.943441,26.004364033649921,4.2730174126282989,8.7556622692560317,1,30,17,192,99
71,30,72,LinearHeuristicAuction,0.05,0.08,,True,,1000,3600,cats_path_g30b150,,heuristic,3,False,CATS,150,paths,MultiMinded,1000,MaxIter,133.1600000000326,18.0902305,18,1.22443,0.96304999999999996,16.184218,61.341879223813585,4.4021535308015904,11.223934630434591,1,30,32,196,102
72,30,71,LinearHeuristicAuction,0.05,0.08,,True,,1000,3600,cats_path_g30b150,,heuristic,3,False,CATS,150,paths,MultiMinded,1000,MaxIter,128.07000000000698,14.262129000000002,19,1.12549,0.60241199999999995,12.848282000000001,32.930382319762934,3.286152879881775,8.9246864295173598,1,30,27,186,101
73,30,61,LinearHeuristicAuction,0.05,0.08,,True,,1000,3600,cats_path_g30b150,,heuristic,3,False,CATS,150,paths,MultiMinded,1000,MaxIter,125.15999999997439,16.416352,14,1.29762,0.90387399999999996,13.482823,21.79335158661414,4.1865238453232347,11.037933252631941,1,30,23,174,91
74,30,65,LinearHeuristicAuction,0.05,0.08,,True,,1000,3600,cats_path_g30b150,,heuristic,3,False,CATS,150,paths,MultiMinded,1000,MaxIter,125.39999999996508,10.025623,16,0.812177,0.53816299999999995,8.394236,21.884031817382819,3.1522027974728442,5.8669893700893025,1,30,34,181,95
75,30,69,LinearHeuristicAuction,0.05,0.08,,True,,1000,3600,cats_path_g30b150,,heuristic,3,False,CATS,150,paths,MultiMinded,1000,MaxIter,132.62000000005355,15.321485,19,1.30411,0.789794,13.408598999999997,40.545237035348265,5.1251547291378721,8.7447112991113727,1,30,20,195,99
76,30,66,LinearHeuristicAuction,0.05,0.08,,True,,1000,3600,cats_path_g30b150,,heuristic,3,False,CATS,150,paths,MultiMinded,1000,MaxIter,122.71000000002095,17.565949,15,1.39796,0.82384800000000002,11.471468400000001,30.77201967191241,3.0899055389081798,9.5581197010429086,1,30,14,172,96
77,30,71,LinearHeuristicAuction,0.05,0.08,,True,,1000,3600,cats_path_g30b150,,heuristic,3,False,CATS,150,paths,MultiMinded,1000,MaxIter,135.39999999996508,17.445843,16,1.28117,0.83980299999999997,13.504891000000002,37.092445412868216,3.7205837027238733,11.866962303617742,1,30,31,195,101
78,30,77,LinearHeuristicAuction,0.05,0.08,,True,,1000,3600,cats_path_g30b150,,heuristic,3,False,CATS,150,paths,MultiMinded,1000,MaxIter,138.11999999999534,17.835809,19,1.27923,0.84794999999999998,15.041935999999998,40.052662155414858,4.9295437091864152,9.4931019673754591,1,30,36,207,107
79,30,71,LinearHeuristicAuction,0.05,0.08,,True,,1000,3600,cats_path_g30b150,,heuristic,3,False,CATS,150,paths,MultiMinded,1000,MaxIter,129.19000000000233,15.251795000000001,17,1.08004,0.77857100000000001,12.786199000000003,28.68147255272984,2.9041033420663216,10.111071017607722,1,30,25,188,101
80,30,67,LinearHeuristicAuction,0.05,0.08,,True,,1000,3600,cats_path_g30b150,,heuristic,3,False,CATS,150,paths,MultiMinded,1000,MaxIter,123.89000000001397,21.216326000000002,19,1.34186,1.05186,18.297067000000002,31.167777965515072,8.5516451454829667,13.957768701330886,1,30,15,182,97
81,30,68,LinearHeuristicAuction,0.05,0.08,,True,,1000,3600,cats_path_g30b150,,heuristic,3,False,CATS,150,paths,MultiMinded,1000,MaxIter,126.67999999999302,14.454433000000002,15,1.14794,0.83136399999999999,11.251199,22.84675674275514,2.1885496223772019,9.2421872102962439,1,30,29,181,98
82,30,64,LinearHeuristicAuction,0.05,0.08,,True,,1000,3600,cats_path_g30b150,,heuristic,3,False,CATS,150,paths,MultiMinded,1000,MaxIter,123.82999999995809,14.456647999999998,19,1.03149,0.62555099999999997,12.848358999999997,34.352046997639007,4.3666308241982659,10.183379174517647,1,30,34,183,94
83,30,64,LinearHeuristicAuction,0.05,0.08,,True,,1000,3600,cats_path_g30b150,,heuristic,3,False,CATS,150,paths,MultiMinded,1000,MaxIter,125.07999999995809,15.243575000000002,17,1.11077,0.82948200000000005,12.667618000000001,34.544260988992463,3.8408292630964556,8.6814098889333682,1,30,35,186,94
84,30,55,LinearHeuristicAuction,0.05,0.08,,True,,1000,3600,cats_path_g30b150,,heuristic,3,False,CATS,150,paths,MultiMinded,1000,MaxIter,119.25,10.829593,17,1.04035,0.60557799999999995,9.7547873,13.332939104851906,2.2344633524522459,6.349506023196926,1,30,17,173,85
85,30,70,LinearHeuristicAuction,0.05,0.08,,True,,1000,3600,cats_path_g30b150,,heuristic,3,False,CATS,150,paths,MultiMinded,1000,MaxIter,133.30999999999767,17.838826,15,1.20482,0.99917599999999995,15.132995,37.456344805550273,3.6345510172991249,9.2350842394669819,1,30,23,191,100
86,30,63,LinearHeuristicAuction,0.05,0.08,,True,,1000,3600,cats_path_g30b150,,heuristic,3,False,CATS,150,paths,MultiMinded,1000,MaxIter,128.80999999999767,14.348480000000002,15,1.12303,0.66461599999999998,12.375743999999997,15.694536310786935,3.8563032621392406,7.9218527350186161,1,30,27,186,93
87,30,64,LinearHeuristicAuction,0.05,0.08,,True,,1000,3600,cats_path_g30b150,,heuristic,3,False,CATS,150,paths,MultiMinded,1000,MaxIter,128.45000000001164,15.876268000000007,17,1.16618,0.92069400000000001,14.222816000000003,25.841043269352404,4.5036376627650476,7.9052636110800139,1,30,24,187,94
88,30,76,LinearHeuristicAuction,0.05,0.08,,True,,1000,3600,cats_path_g30b150,,heuristic,3,False,CATS,150,paths,MultiMinded,1000,MaxIter,134.5,20.508544000000004,18,1.50963,0.97545999999999999,18.290066000000003,41.542248549693319,5.0424018580430481,15.129469134856445,1,30,29,197,106
89,30,72,LinearHeuristicAuction,0.05,0.08,,True,,1000,3600,cats_path_g30b150,,heuristic,3,False,CATS,150,paths,MultiMinded,1000,MaxIter,131.9900000000489,16.188547,15,1.37467,0.81535500000000005,12.908412,24.07903086743412,6.1929831082624576,9.0617089129663668,1,30,16,198,102
90,30,54,LinearHeuristicAuction,0.05,0.08,,True,,1000,3600,cats_path_g30b150,,heuristic,3,False,CATS,150,paths,MultiMinded,1000,MaxIter,120.27000000001863,12.251615099999999,15,0.821456,0.64283100000000004,9.594282,32.793583441806632,2.5027357205650209,9.0559128068930779,1,30,25,171,84
91,30,66,LinearHeuristicAuction,0.05,0.08,,True,,1000,3600,cats_path_g30b150,,heuristic,3,False,CATS,150,paths,MultiMinded,1000,MaxIter,122.17999999999302,13.249561,16,1.08687,0.77222100000000005,10.232576,25.750438734167947,3.4388836984803928,6.1681487366416849,1,30,24,173,96
92,30,57,LinearHeuristicAuction,0.05,0.08,,True,,1000,3600,cats_path_g30b150,,heuristic,3,False,CATS,150,paths,MultiMinded,1000,MaxIter,119.4199999999837,12.038590999999998,15,0.968649,0.65237100000000003,8.6082,34.325430571388416,1.9987753944988591,4.973644051504996,1,30,34,170,87
93,30,62,LinearHeuristicAuction,0.05,0.08,,True,,1000,3600,cats_path_g30b150,,heuristic,3,False,CATS,150,paths,MultiMinded,1000,MaxIter,117.0800000000163,16.059345,18,1.15822,0.86252099999999998,13.105049000000001,36.48114476041598,2.8572950408200266,9.0453912961014868,1,30,20,164,92
94,30,68,LinearHeuristicAuction,0.05,0.08,,True,,1000,3600,cats_path_g30b150,,heuristic,3,False,CATS,150,paths,MultiMinded,1000,MaxIter,127.29999999998836,17.743863,16,1.39576,0.98003499999999999,15.19394,35.09100858256879,4.998294859653269,10.355683430444421,1,30,28,178,98
95,30,64,LinearHeuristicAuction,0.05,0.08,,True,,1000,3600,cats_path_g30b150,,heuristic,3,False,CATS,150,paths,MultiMinded,1000,MaxIter,122.60000000003492,15.467591,19,0.907099,0.58233449999999998,12.645836999999997,30.215602539991952,3.3134452054905519,9.9752220373919567,1,30,18,183,94
96,30,57,LinearHeuristicAuction,0.05,0.08,,True,,1000,3600,cats_path_g30b150,,heuristic,3,False,CATS,150,paths,MultiMinded,1000,MaxIter,114.97999999998137,9.8668957,14,1.02137,0.65189799999999998,8.844557,16.751084844379985,3.3789929625493609,5.3052653777410894,1,30,22,160,87
97,30,55,LinearHeuristicAuction,0.05,0.08,,True,,1000,3600,cats_path_g30b150,,heuristic,3,False,CATS,150,paths,MultiMinded,1000,MaxIter,120.71000000002095,12.714137000000001,16,1.1671,0.73047649999999997,10.947238,24.16715674011483,4.1428040433230393,6.5711790237804006,1,30,31,174,85
98,30,61,LinearHeuristicAuction,0.05,0.08,,True,,1000,3600,cats_path_g30b150,,heuristic,3,False,CATS,150,paths,MultiMinded,1000,MaxIter,125.04999999998836,17.221063000000004,19,1.28051,0.90821799999999997,14.953163,33.013694094967896,4.921088241454382,7.9274034854675577,1,30,26,180,91
99,30,71,LinearHeuristicAuction,0.05,0.08,,True,,1000,3600,cats_path_g30b150,,heuristic,3,False,CATS,150,paths,MultiMinded,1000,MaxIter,132.11999999999534,16.835101,16,1.27222,0.965194,13.704588,57.99226390031891,4.1949005665699577,9.9958056586315358,1,30,21,195,101
100,30,69,LinearHeuristicAuction,0.05,0.08,,True,,1000,3600,cats_path_g30b150,,heuristic,3,False,CATS,150,paths,MultiMinded,1000,MaxIter,122.64999999996508,11.185935,14,0.872955,0.55562999999999996,8.356541,13.98985661791165,3.097995127057287,6.2417797326612483,1,30,10,181,99
