idx,items,agents,auction_class,epsilon,stepc,epoch,scalebyvalue,reserve_type,maxiter,maxtime,generator_param_name,personalized,bidding_strategy,heuristic_pool_num,int_prices,generator,bids,distribution,type,rounds,status,runtime,efficient_value,final_num_winners,final_max_agent_value,final_scalevalue,final_value,final_total_price,final_revenue,final_indirect_util,final_price_degree,final_price_sparsity,final_imbalance,final_wd_nvars,final_wd_ncons
1,30,67,LinearSubgradientAuction,0.05,0.04,,True,,1000,3600,cats_path_g30b150,,default,2,False,CATS,150,paths,MultiMinded,1000,MaxIter,2816.8499999999985,15.606157999999997,19,1.23481,0.870313,13.714500999999998,11.96129354202513,8.9627968092212491,12.614652249822981,1,27,7,3886,5725
2,30,63,LinearSubgradientAuction,0.05,0.04,,True,,1000,3600,cats_path_g30b150,,default,2,False,CATS,150,paths,MultiMinded,1000,MaxIter,2716.3099999999977,14.094153000000002,18,1.04283,0.78301449999999995,11.189604000000001,11.774253344286574,8.1988780601441551,10.527435605970826,1,29,16,3780,5637
3,30,69,LinearSubgradientAuction,0.05,0.04,,True,,1000,3600,cats_path_g30b150,,default,2,False,CATS,150,paths,MultiMinded,816,Balance,2543.1399999999994,19.941755999999998,23,1.33809,0.95683499999999999,19.936058,17.276156566500244,16.175796316500247,18.857149881187844,1,30,6,4209,6309
4,30,66,LinearSubgradientAuction,0.05,0.04,,True,,1000,3600,cats_path_g30b150,,default,2,False,CATS,150,paths,MultiMinded,1000,MaxIter,2983.0499999999956,14.118885,19,0.998367,0.78126600000000002,11.670289000000002,13.187573555995115,9.3767379483237203,10.312037096539068,1,30,11,4026,6036
5,30,65,LinearSubgradientAuction,0.05,0.04,,True,,1000,3600,cats_path_g30b150,,default,2,False,CATS,150,paths,MultiMinded,590,Balance,1672.8299999999945,15.664620999999997,25,1.04116,0.78344400000000003,15.664494999999997,12.813693051476077,11.834388051476077,14.688839878560266,1,29,5,3900,5815
6,30,61,LinearSubgradientAuction,0.05,0.04,,True,,1000,3600,cats_path_g30b150,,default,2,False,CATS,150,paths,MultiMinded,1000,MaxIter,2725.6699999999983,15.723609,19,1.13448,0.79950699999999997,12.844382999999997,13.515470874515682,10.182771604791832,12.395426655739263,1,30,8,3721,5581
7,30,64,LinearSubgradientAuction,0.05,0.04,,True,,1000,3600,cats_path_g30b150,,default,2,False,CATS,150,paths,MultiMinded,1000,MaxIter,2888.3399999999965,16.373429,21,1.20046,0.76909549999999993,15.016225,12.392511366081107,9.5643919654110121,13.552403260896295,1,30,10,3904,5854
8,30,72,LinearSubgradientAuction,0.05,0.04,,True,,1000,3600,cats_path_g30b150,,default,2,False,CATS,150,paths,MultiMinded,383,Balance,1245.3899999999994,16.311622,22,1.24903,0.86937299999999995,16.311622,15.688455629739726,14.73214532973973,15.399059211195937,1,30,4,4392,6582
9,30,60,LinearSubgradientAuction,0.05,0.04,,True,,1000,3600,cats_path_g30b150,,default,2,False,CATS,150,paths,MultiMinded,1000,MaxIter,2580.959999999999,14.554215,20,1.25806,0.77530200000000005,11.0266,12.705808442153707,8.689402571285509,10.546397889569569,1,29,10,3600,5370
10,30,64,LinearSubgradientAuction,0.05,0.04,,True,,1000,3600,cats_path_g30b150,,default,2,False,CATS,150,paths,MultiMinded,1000,MaxIter,2806.199999999997,15.764945999999998,23,1.20473,0.77151750000000008,14.724485999999999,13.544681915990942,10.994974764336352,13.217204991121463,1,29,4,3840,5726
11,30,70,LinearSubgradientAuction,0.05,0.04,,True,,1000,3600,cats_path_g30b150,,default,2,False,CATS,150,paths,MultiMinded,1000,MaxIter,3209.1199999999953,15.460275,19,1.12749,0.83722600000000003,12.440627,13.724106877027237,9.2436638612306261,11.049769220947187,1,30,12,4270,6400
12,30,67,LinearSubgradientAuction,0.05,0.04,,True,,1000,3600,cats_path_g30b150,,default,2,False,CATS,150,paths,MultiMinded,1000,MaxIter,2913.199999999997,14.9714,22,1.03711,0.74539299999999997,12.089723,11.706288818309556,8.6685346553783518,11.940932801418672,1,29,12,4020,5993
13,30,70,LinearSubgradientAuction,0.05,0.04,,True,,1000,3600,cats_path_g30b150,,default,2,False,CATS,150,paths,MultiMinded,1000,MaxIter,3124.4199999999983,13.718234000000002,25,1.05702,0.66747699999999999,12.411603,11.478599766803244,9.6322170711296931,11.874448729972002,1,29,9,4200,6260
14,30,57,LinearSubgradientAuction,0.05,0.04,,True,,1000,3600,cats_path_g30b150,,default,2,False,CATS,150,paths,MultiMinded,1000,MaxIter,2390.6900000000023,13.5776358,18,1.27472,0.79768799999999995,9.147846999999999,11.089130205083878,6.4903112952499589,9.000133872631114,1,28,13,3363,4989
15,30,76,LinearSubgradientAuction,0.05,0.04,,True,,1000,3600,cats_path_g30b150,,default,2,False,CATS,150,paths,MultiMinded,1000,MaxIter,3516.230000000003,19.193505000000002,23,1.29161,1.0414399999999999,18.018485000000002,17.954330946322177,14.492436772828563,15.737228255279296,1,30,7,4636,6946
16,30,55,LinearSubgradientAuction,0.05,0.04,,True,,1000,3600,cats_path_g30b150,,default,2,False,CATS,150,paths,MultiMinded,1000,MaxIter,2402.459999999999,17.6371399,22,1.30608,0.92928299999999997,15.959088900000003,15.170580304593232,11.74275057067579,14.21542250064223,1,30,8,3355,5035
17,30,60,LinearSubgradientAuction,0.05,0.04,,True,,1000,3600,cats_path_g30b150,,default,2,False,CATS,150,paths,MultiMinded,873,Balance,2339.290000000001,17.3437429,24,1.15586,0.84924900000000003,17.3437429,16.339897108619041,15.320798308619034,16.326372127784779,1,30,4,3660,5490
18,30,68,LinearSubgradientAuction,0.05,0.04,,True,,1000,3600,cats_path_g30b150,,default,2,False,CATS,150,paths,MultiMinded,1000,MaxIter,2978.5999999999985,16.532421,19,1.15917,0.79773499999999997,12.902031,14.550826214123195,9.8389336462417631,11.830705848230417,1,29,14,4080,6082
19,30,84,LinearSubgradientAuction,0.05,0.04,,True,,1000,3600,cats_path_g30b150,,default,2,False,CATS,150,paths,MultiMinded,353,Balance,1354.3199999999997,16.550685,22,1.19703,0.78075050000000001,16.550685,13.74921483279318,12.929426807793183,15.732486341262891,1,29,7,5040,7506
20,30,57,LinearSubgradientAuction,0.05,0.04,,True,,1000,3600,cats_path_g30b150,,default,2,False,CATS,150,paths,MultiMinded,1000,MaxIter,2474.3799999999974,11.988608000000001,17,0.830201,0.65249500000000005,8.455207999999999,10.819149631854904,6.195013531073509,7.5349168522059333,1,30,13,3477,5217
21,30,76,LinearSubgradientAuction,0.05,0.04,,True,,1000,3600,cats_path_g30b150,,default,2,False,CATS,150,paths,MultiMinded,1000,MaxIter,3538.449999999997,16.346269,22,1.16216,0.87333000000000005,15.440992,14.386986930753494,11.828843002936793,13.797046416024038,1,30,10,4636,6946
22,30,62,LinearSubgradientAuction,0.05,0.04,,True,,1000,3600,cats_path_g30b150,,default,2,False,CATS,150,paths,MultiMinded,1000,MaxIter,2566.75,11.899390499999999,25,1.11701,0.58296099999999995,10.854760499999998,9.0218749928001056,7.3668818349128369,10.246844239087821,1,27,5,3596,5300
23,30,61,LinearSubgradientAuction,0.05,0.04,,True,,1000,3600,cats_path_g30b150,,default,2,False,CATS,150,paths,MultiMinded,1000,MaxIter,2750.4400000000023,17.460715,19,1.27766,0.872475,12.590475,14.380232637368019,8.7255213274192958,12.221750730065679,1,30,20,3721,5581
24,30,72,LinearSubgradientAuction,0.05,0.04,,True,,1000,3600,cats_path_g30b150,,default,2,False,CATS,150,paths,MultiMinded,1000,MaxIter,3283.3099999999977,16.551633999999996,21,1.24587,0.733267,14.724959999999998,14.566234172517536,12.151008069356561,14.143532280352783,1,30,10,4392,6582
25,30,66,LinearSubgradientAuction,0.05,0.04,,True,,1000,3600,cats_path_g30b150,,default,2,False,CATS,150,paths,MultiMinded,564,Balance,1591.8300000000017,15.951057999999998,26,1.21778,0.74724500000000005,15.951057999999998,12.781147160549558,11.847090910549564,15.02374569363471,1,28,7,3894,5772
26,30,71,LinearSubgradientAuction,0.05,0.04,,True,,1000,3600,cats_path_g30b150,,default,2,False,CATS,150,paths,MultiMinded,1000,MaxIter,3179.279999999999,18.600379,20,1.35655,1.0506500000000001,17.201223000000002,15.479635161856176,12.16232559409376,15.423633756570023,1,30,16,4331,6491
27,30,65,LinearSubgradientAuction,0.05,0.04,,True,,1000,3600,cats_path_g30b150,,default,2,False,CATS,150,paths,MultiMinded,1000,MaxIter,2915.840000000004,15.208365,19,1.24835,0.71721100000000004,11.300518,12.525717903674025,7.9548961619413063,10.714270164442038,1,30,16,3965,5945
28,30,68,LinearSubgradientAuction,0.05,0.04,,True,,1000,3600,cats_path_g30b150,,default,2,False,CATS,150,paths,MultiMinded,1000,MaxIter,3038.4300000000003,14.86174,18,1.33611,1.01847,13.158505,12.912005878047445,9.9318210978757886,11.881637629465205,1,29,9,4080,6082
29,30,58,LinearSubgradientAuction,0.05,0.04,,True,,1000,3600,cats_path_g30b150,,default,2,False,CATS,150,paths,MultiMinded,1000,MaxIter,2437.1900000000023,11.257909999999999,20,0.8594,0.57639300000000004,10.314204,9.1819581655680604,7.4475351673724424,9.5259807143293393,1,28,10,3422,5076
30,30,65,LinearSubgradientAuction,0.05,0.04,,True,,1000,3600,cats_path_g30b150,,default,2,False,CATS,150,paths,MultiMinded,1000,MaxIter,2885.3899999999994,12.752407,17,1.05004,0.71123899999999995,10.312255,10.901694982903425,7.586221982880228,9.4434663932404845,1,30,14,3965,5945
31,30,58,LinearSubgradientAuction,0.05,0.04,,True,,1000,3600,cats_path_g30b150,,default,2,False,CATS,150,paths,MultiMinded,263,Balance,673.4799999999959,13.4727089,20,1.18366,0.86047800000000008,13.4727089,12.062575394060579,11.20209739406058,12.619112945883913,1,30,4,3538,5308
32,30,79,LinearSubgradientAuction,0.05,0.04,,True,,1000,3600,cats_path_g30b150,,default,2,False,CATS,150,paths,MultiMinded,805,Balance,2780.8600000000006,17.626487,23,1.11283,0.85035499999999997,17.626487,14.210087692626841,13.31721494262684,16.736039550245408,1,28,5,4661,6903
33,30,66,LinearSubgradientAuction,0.05,0.04,,True,,1000,3600,cats_path_g30b150,,default,2,False,CATS,150,paths,MultiMinded,1000,MaxIter,2947.1500000000015,13.562479100000003,22,1.17658,0.71348500000000004,12.1301681,12.702845489720723,9.4862728031847539,10.353021104287109,1,30,13,4026,6036
34,30,59,LinearSubgradientAuction,0.05,0.04,,True,,1000,3600,cats_path_g30b150,,default,2,False,CATS,150,paths,MultiMinded,1000,MaxIter,2607.1399999999994,15.543004,14,1.16304,0.84088200000000002,10.748205,13.616872363938111,7.8484822079841434,9.786447329089734,1,30,17,3599,5399
35,30,61,LinearSubgradientAuction,0.05,0.04,,True,,1000,3600,cats_path_g30b150,,default,2,False,CATS,150,paths,MultiMinded,1000,MaxIter,2643.2400000000052,18.943085999999997,21,1.32614,0.92471499999999995,16.513257999999997,16.632230476636696,12.226335767375103,14.589479321749511,1,29,8,3660,5459
36,30,75,LinearSubgradientAuction,0.05,0.04,,True,,1000,3600,cats_path_g30b150,,default,2,False,CATS,150,paths,MultiMinded,1000,MaxIter,3477.2000000000044,15.257448999999998,24,1.04514,0.73463400000000001,14.147941,14.325783784795355,12.409821076340187,13.344174389528089,1,30,5,4575,6855
37,30,73,LinearSubgradientAuction,0.05,0.04,,True,,1000,3600,cats_path_g30b150,,default,2,False,CATS,150,paths,MultiMinded,1000,MaxIter,3346.199999999997,19.314383000000003,24,1.26724,0.81503800000000004,18.432999000000002,16.129523744422986,14.098286172418907,17.290665239168284,1,30,8,4453,6673
38,30,69,LinearSubgradientAuction,0.05,0.04,,True,,1000,3600,cats_path_g30b150,,default,2,False,CATS,150,paths,MultiMinded,1000,MaxIter,3038.989999999998,17.06102,19,1.26197,0.80889699999999998,14.398959,14.545662110672477,10.19954888489854,12.72064544324153,1,29,13,4140,6171
39,30,64,LinearSubgradientAuction,0.05,0.04,,True,,1000,3600,cats_path_g30b150,,default,2,False,CATS,150,paths,MultiMinded,1000,MaxIter,2888.6100000000006,18.017829999999996,19,1.46956,1.00953,15.129622999999999,15.078118101946485,12.239642398314901,15.184843603990071,1,30,9,3904,5854
40,30,70,LinearSubgradientAuction,0.05,0.04,,True,,1000,3600,cats_path_g30b150,,default,2,False,CATS,150,paths,MultiMinded,885,Balance,2816.5499999999956,16.415451,21,1.33618,0.79276899999999995,16.415451,15.472892183346271,14.640484733346273,15.587834591643485,1,30,3,4270,6400
41,30,62,LinearSubgradientAuction,0.05,0.04,,True,,1000,3600,cats_path_g30b150,,default,2,False,CATS,150,paths,MultiMinded,1000,MaxIter,2714.6800000000003,15.767216000000001,18,1.27329,0.81440000000000001,12.874514,12.280915531253743,8.2844785095475526,11.934629598714874,1,29,14,3720,5548
42,30,66,LinearSubgradientAuction,0.05,0.04,,True,,1000,3600,cats_path_g30b150,,default,2,False,CATS,150,paths,MultiMinded,1000,MaxIter,2941.8800000000047,14.387081000000002,21,1.10378,0.674543,12.933761000000004,12.479220317156766,9.9151815967196608,11.825382078698979,1,30,7,4026,6036
43,30,57,LinearSubgradientAuction,0.05,0.04,,True,,1000,3600,cats_path_g30b150,,default,2,False,CATS,150,paths,MultiMinded,1000,MaxIter,2481.480000000003,12.78674,19,1.092,0.74160349999999997,10.291764,11.53125182339887,7.7960882310038482,9.0569801691732259,1,30,12,3477,5217
44,30,67,LinearSubgradientAuction,0.05,0.04,,True,,1000,3600,cats_path_g30b150,,default,2,False,CATS,150,paths,MultiMinded,1000,MaxIter,2952.959999999999,14.327095000000002,22,1.04382,0.66583400000000004,12.460084,11.631138932044609,9.005909314195117,11.705876121936235,1,30,11,4087,6127
45,30,80,LinearSubgradientAuction,0.05,0.04,,True,,1000,3600,cats_path_g30b150,,default,2,False,CATS,150,paths,MultiMinded,611,Balance,2230.1600000000035,13.769805999999999,24,1.20458,0.66948099999999999,13.769805999999999,11.093360520732141,10.323457370732143,13.001600585849502,1,29,5,4800,7150
46,30,62,LinearSubgradientAuction,0.05,0.04,,True,,1000,3600,cats_path_g30b150,,default,2,False,CATS,150,paths,MultiMinded,380,Balance,1024.7799999999988,17.982688000000003,26,1.47628,0.89541199999999999,17.982688000000003,14.261496542288983,13.097460942288988,16.825598131937369,1,29,5,3720,5548
47,30,50,LinearSubgradientAuction,0.05,0.04,,True,,1000,3600,cats_path_g30b150,,default,2,False,CATS,150,paths,MultiMinded,1000,MaxIter,2099.5699999999997,14.4709692,17,1.15255,0.87777400000000005,11.816977200000002,11.952901172481402,8.7020716434127277,11.260603799382993,1,29,14,3000,4480
48,30,56,LinearSubgradientAuction,0.05,0.04,,True,,1000,3600,cats_path_g30b150,,default,2,False,CATS,150,paths,MultiMinded,1000,MaxIter,2448.6399999999994,19.863466000000003,19,1.39092,0.99550399999999994,18.715506,16.148548841952969,13.215997308253765,16.937240261725396,1,30,8,3416,5126
49,30,59,LinearSubgradientAuction,0.05,0.04,,True,,1000,3600,cats_path_g30b150,,default,2,False,CATS,150,paths,MultiMinded,1000,MaxIter,2475.199999999997,12.83722,14,1.27931,0.83850000000000002,7.303812,10.814813149706664,4.7786872938389449,6.811414572578907,1,28,18,3481,5163
50,30,72,LinearSubgradientAuction,0.05,0.04,,True,,1000,3600,cats_path_g30b150,,default,2,False,CATS,150,paths,MultiMinded,374,Balance,1181.0900000000038,14.769329999999997,20,1.31494,0.719059,14.769329999999997,12.142741702329989,11.459635652329982,14.089604267235387,1,28,4,4248,6294
51,30,72,LinearSubgradientAuction,0.05,0.04,,True,,1000,3600,cats_path_g30b150,,default,2,False,CATS,150,paths,MultiMinded,409,Balance,1346.8300000000017,16.073219,25,1.09244,0.793798,16.073219,13.950409672661294,12.958162172661286,15.089339677832776,1,30,8,4392,6582
52,30,53,LinearSubgradientAuction,0.05,0.04,,True,,1000,3600,cats_path_g30b150,,default,2,False,CATS,150,paths,MultiMinded,1000,MaxIter,2312.8199999999997,12.6877335,14,1.34175,0.74289899999999998,8.2116097,10.810475363971932,6.2148950363653714,8.1654339909552611,1,30,14,3233,4853
53,30,69,LinearSubgradientAuction,0.05,0.04,,True,,1000,3600,cats_path_g30b150,,default,2,False,CATS,150,paths,MultiMinded,1000,MaxIter,3132.0699999999997,18.740910999999997,20,1.16684,0.90905150000000001,17.580560999999996,14.125468452395088,12.353410654229537,16.974964993767433,1,30,6,4209,6309
54,30,63,LinearSubgradientAuction,0.05,0.04,,True,,1000,3600,cats_path_g30b150,,default,2,False,CATS,150,paths,MultiMinded,1000,MaxIter,2847.6399999999994,15.541510000000004,19,1.41102,0.83414200000000005,10.078779,14.286555228353915,7.3119919911235298,8.5973994014915043,1,30,18,3843,5763
55,30,79,LinearSubgradientAuction,0.05,0.04,,True,,1000,3600,cats_path_g30b150,,default,2,False,CATS,150,paths,MultiMinded,408,Balance,1475.739999999998,15.979884000000002,23,1.1263,0.85292049999999997,15.979884000000002,15.063369455036105,14.082510880036109,15.004626518001372,1,30,5,4819,7219
56,30,75,LinearSubgradientAuction,0.05,0.04,,True,,1000,3600,cats_path_g30b150,,default,2,False,CATS,150,paths,MultiMinded,1000,MaxIter,3273.510000000002,18.432461999999994,22,1.25637,0.86360099999999995,16.689874999999997,14.961538168491817,11.683407717396104,15.156795798375661,1,28,9,4425,6555
57,30,69,LinearSubgradientAuction,0.05,0.04,,True,,1000,3600,cats_path_g30b150,,default,2,False,CATS,150,paths,MultiMinded,1000,MaxIter,3116.6100000000006,21.377306399999995,20,1.41831,1.0310999999999999,18.696876399999997,17.499341462220961,12.496271346216703,16.384143101145671,1,30,11,4209,6309
58,30,55,LinearSubgradientAuction,0.05,0.04,,True,,1000,3600,cats_path_g30b150,,default,2,False,CATS,150,paths,MultiMinded,1000,MaxIter,2283.310000000005,12.959700999999999,18,1.39908,0.69830300000000001,10.249498999999998,11.225659629864197,7.3551891279011574,9.0950039895673864,1,28,10,3245,4815
59,30,62,LinearSubgradientAuction,0.05,0.04,,True,,1000,3600,cats_path_g30b150,,default,2,False,CATS,150,paths,MultiMinded,1000,MaxIter,2686.439999999995,11.245693,22,0.937523,0.59201349999999997,10.854345,8.5863577424940019,7.6428591116983879,10.304933310077407,1,28,6,3658,5424
60,30,62,LinearSubgradientAuction,0.05,0.04,,True,,1000,3600,cats_path_g30b150,,default,2,False,CATS,150,paths,MultiMinded,1000,MaxIter,2737.449999999997,16.295090999999996,19,1.36668,0.91428500000000001,14.378359999999997,14.245666668987479,10.833303212712028,12.891728576164134,1,30,13,3782,5672
61,30,65,LinearSubgradientAuction,0.05,0.04,,True,,1000,3600,cats_path_g30b150,,default,2,False,CATS,150,paths,MultiMinded,406,Balance,1163.3899999999994,12.734226999999999,21,1.10066,0.73527699999999996,12.734226999999999,10.102923296569015,9.3676462965690188,12.003628562581913,1,29,8,3900,5815
62,30,74,LinearSubgradientAuction,0.05,0.04,,True,,1000,3600,cats_path_g30b150,,default,2,False,CATS,150,paths,MultiMinded,1000,MaxIter,3284.5999999999985,15.189660000000002,22,1.07901,0.72534500000000002,14.279047000000004,11.199899364222713,9.0537173044847616,13.055401564649911,1,29,9,4440,6616
63,30,57,LinearSubgradientAuction,0.05,0.04,,True,,1000,3600,cats_path_g30b150,,default,2,False,CATS,150,paths,MultiMinded,1000,MaxIter,2499.220000000001,15.812223,16,1.17468,0.85123000000000004,11.958122000000003,14.61950617435401,10.125390532045968,11.329177532326806,1,30,13,3477,5217
64,30,65,LinearSubgradientAuction,0.05,0.04,,True,,1000,3600,cats_path_g30b150,,default,2,False,CATS,150,paths,MultiMinded,596,Balance,1659.8899999999994,14.256674000000002,22,1.1464,0.76940900000000001,14.256674000000002,12.345019814728595,11.53714036472859,13.46077531799159,1,28,7,3835,5685
65,30,75,LinearSubgradientAuction,0.05,0.04,,True,,1000,3600,cats_path_g30b150,,default,2,False,CATS,150,paths,MultiMinded,401,Balance,1380.949999999997,14.689584000000002,22,1.20503,0.79890700000000003,14.689584000000002,13.388699728574286,12.509902028574286,13.81877099128622,1,30,4,4575,6855
66,30,64,LinearSubgradientAuction,0.05,0.04,,True,,1000,3600,cats_path_g30b150,,default,2,False,CATS,150,paths,MultiMinded,1000,MaxIter,2911.5800000000017,15.318505000000002,22,1.13026,0.77133499999999999,14.188245000000002,13.590608757765196,11.034928156267091,12.763270382975008,1,30,5,3904,5854
67,30,65,LinearSubgradientAuction,0.05,0.04,,True,,1000,3600,cats_path_g30b150,,default,2,False,CATS,150,paths,MultiMinded,623,Balance,1829.9700000000012,17.19162,21,1.36208,0.868533,17.19162,15.087771891057635,14.175812241057628,16.283769360350686,1,30,3,3965,5945
68,30,62,LinearSubgradientAuction,0.05,0.04,,True,,1000,3600,cats_path_g30b150,,default,2,False,CATS,150,paths,MultiMinded,1000,MaxIter,2616.770000000004,16.58045,21,1.1806,0.75433449999999991,14.143409,8.5587551816237237,5.8952631169820702,13.92501802827775,1,28,12,3658,5424
69,30,69,LinearSubgradientAuction,0.05,0.04,,True,,1000,3600,cats_path_g30b150,,default,2,False,CATS,150,paths,MultiMinded,1000,MaxIter,3100.6399999999994,16.94247,24,1.39982,0.781829,15.825374000000002,15.402636962877283,12.716739114288169,14.269238784619668,1,30,8,4209,6309
70,30,69,LinearSubgradientAuction,0.05,0.04,,True,,1000,3600,cats_path_g30b150,,default,2,False,CATS,150,paths,MultiMinded,1000,MaxIter,2990.4400000000023,15.6214981,19,1.25374,0.86018899999999998,13.550809100000002,12.967681986425735,9.1514009697124568,11.807478775391623,1,28,9,4071,6033
71,30,72,LinearSubgradientAuction,0.05,0.04,,True,,1000,3600,cats_path_g30b150,,default,2,False,CATS,150,paths,MultiMinded,1000,MaxIter,3182.340000000004,18.0902305,21,1.22443,0.96304999999999996,15.940567,16.371131373568964,12.333770815462412,14.090579447050306,1,29,8,4320,6438
72,30,71,LinearSubgradientAuction,0.05,0.04,,True,,1000,3600,cats_path_g30b150,,default,2,False,CATS,150,paths,MultiMinded,1000,MaxIter,3225.029999999999,14.262129000000002,21,1.12549,0.60241199999999995,10.889954000000001,12.329985904936024,8.3027608418848526,10.336566537335784,1,30,13,4331,6491
73,30,61,LinearSubgradientAuction,0.05,0.04,,True,,1000,3600,cats_path_g30b150,,default,2,False,CATS,150,paths,MultiMinded,1000,MaxIter,2576.8899999999994,16.416352,19,1.29762,0.90387399999999996,15.916623999999999,14.128357865633648,12.037360021789265,14.342320666766561,1,29,8,3660,5459
74,30,65,LinearSubgradientAuction,0.05,0.04,,True,,1000,3600,cats_path_g30b150,,default,2,False,CATS,150,paths,MultiMinded,1000,MaxIter,2846.6199999999953,10.025623,21,0.812177,0.53816299999999995,8.394948000000001,9.038437102940545,6.9285904517897015,7.9477174241719419,1,29,15,3900,5815
75,30,69,LinearSubgradientAuction,0.05,0.04,,True,,1000,3600,cats_path_g30b150,,default,2,False,CATS,150,paths,MultiMinded,1000,MaxIter,3116.0699999999997,15.321485,24,1.30411,0.789794,13.246789000000001,13.767007597247737,10.881391891394163,12.467800512901139,1,30,11,4209,6309
76,30,66,LinearSubgradientAuction,0.05,0.04,,True,,1000,3600,cats_path_g30b150,,default,2,False,CATS,150,paths,MultiMinded,1000,MaxIter,2954.659999999996,17.565949,21,1.39796,0.82384800000000002,14.294975999999998,15.398306490977856,11.133133647322721,13.575827200430178,1,30,10,4026,6036
77,30,71,LinearSubgradientAuction,0.05,0.04,,True,,1000,3600,cats_path_g30b150,,default,2,False,CATS,150,paths,MultiMinded,1000,MaxIter,3280.3800000000047,17.445843,23,1.28117,0.83980299999999997,15.802213,14.561086683043746,11.285304148101984,14.173817408763819,1,30,8,4331,6491
78,30,77,LinearSubgradientAuction,0.05,0.04,,True,,1000,3600,cats_path_g30b150,,default,2,False,CATS,150,paths,MultiMinded,1000,MaxIter,3538.37000000001,17.835809,22,1.27923,0.84794999999999998,16.057039,15.97805339271347,13.419717856893104,15.349846810662298,1,30,12,4697,7037
79,30,71,LinearSubgradientAuction,0.05,0.04,,True,,1000,3600,cats_path_g30b150,,default,2,False,CATS,150,paths,MultiMinded,1000,MaxIter,3250.560000000005,15.251795000000001,19,1.08004,0.77857100000000001,11.793106000000002,14.09529715660633,9.1879091757151308,10.407187538303145,1,30,15,4331,6491
80,30,67,LinearSubgradientAuction,0.05,0.04,,True,,1000,3600,cats_path_g30b150,,default,2,False,CATS,150,paths,MultiMinded,1000,MaxIter,3019.4100000000035,21.216326000000002,22,1.34186,1.05186,18.260514000000004,18.606613065207863,14.549194376542037,17.163987808801448,1,30,8,4087,6127
81,30,68,LinearSubgradientAuction,0.05,0.04,,True,,1000,3600,cats_path_g30b150,,default,2,False,CATS,150,paths,MultiMinded,1000,MaxIter,2957.6800000000003,14.454433000000002,19,1.14794,0.83136399999999999,13.614178,11.055728072181171,9.0036392108652397,12.504743006672829,1,28,18,4012,5946
82,30,64,LinearSubgradientAuction,0.05,0.04,,True,,1000,3600,cats_path_g30b150,,default,2,False,CATS,150,paths,MultiMinded,1000,MaxIter,2692.459999999992,14.456647999999998,21,1.03149,0.62555099999999997,13.105376,11.490006084981651,8.6075232360801675,11.575826688174173,1,28,6,3776,5598
83,30,64,LinearSubgradientAuction,0.05,0.04,,True,,1000,3600,cats_path_g30b150,,default,2,False,CATS,150,paths,MultiMinded,1000,MaxIter,2889.510000000002,15.243575000000002,21,1.11077,0.82948200000000005,12.605762,14.09221375562881,10.666394131994396,11.824973041953157,1,30,7,3904,5854
84,30,55,LinearSubgradientAuction,0.05,0.04,,True,,1000,3600,cats_path_g30b150,,default,2,False,CATS,150,paths,MultiMinded,1000,MaxIter,2338.9900000000052,10.829593,13,1.04035,0.60557799999999995,8.468418,9.5654710289953133,6.0022508964039067,7.2690801816533597,1,29,14,3300,4925
85,30,70,LinearSubgradientAuction,0.05,0.04,,True,,1000,3600,cats_path_g30b150,,default,2,False,CATS,150,paths,MultiMinded,1000,MaxIter,3165.55000000001,17.838826,19,1.20482,0.99917599999999995,14.392871000000001,15.678007109549101,10.497787458910279,12.698863821968127,1,30,21,4270,6400
86,30,63,LinearSubgradientAuction,0.05,0.04,,True,,1000,3600,cats_path_g30b150,,default,2,False,CATS,150,paths,MultiMinded,422,Balance,1195.3300000000017,14.348480000000002,20,1.12303,0.66461599999999998,14.348480000000002,12.220053515736693,11.555437515736692,13.688727487096918,1,30,11,3843,5763
87,30,64,LinearSubgradientAuction,0.05,0.04,,True,,1000,3600,cats_path_g30b150,,default,2,False,CATS,150,paths,MultiMinded,1000,MaxIter,2833.5399999999936,15.876268000000007,20,1.16618,0.92069400000000001,14.937469000000004,11.427042592164272,8.6371088565858809,13.090014543027738,1,29,4,3840,5726
88,30,76,LinearSubgradientAuction,0.05,0.04,,True,,1000,3600,cats_path_g30b150,,default,2,False,CATS,150,paths,MultiMinded,1000,MaxIter,3493.9100000000035,20.508544000000004,18,1.50963,0.97545999999999999,17.042628,15.543836052999307,11.684006534187256,16.651275935542792,1,30,16,4636,6946
89,30,72,LinearSubgradientAuction,0.05,0.04,,True,,1000,3600,cats_path_g30b150,,default,2,False,CATS,150,paths,MultiMinded,1000,MaxIter,3283.6900000000023,16.188547,20,1.37467,0.81535500000000005,13.586124000000002,14.745093195126358,10.613930118742953,12.163661968398799,1,30,8,4392,6582
90,30,54,LinearSubgradientAuction,0.05,0.04,,True,,1000,3600,cats_path_g30b150,,default,2,False,CATS,150,paths,MultiMinded,1000,MaxIter,2249.720000000001,12.251615099999999,22,0.821456,0.64283100000000004,12.125340099999999,9.1963421360677433,7.7569549244487863,10.838214777507932,1,28,8,3186,4728
91,30,66,LinearSubgradientAuction,0.05,0.04,,True,,1000,3600,cats_path_g30b150,,default,2,False,CATS,150,paths,MultiMinded,1000,MaxIter,2900.459999999992,13.249561,20,1.08687,0.77222100000000005,11.578838,11.101090759163439,8.7640917699885801,10.943926561299298,1,30,7,4026,6036
92,30,57,LinearSubgradientAuction,0.05,0.04,,True,,1000,3600,cats_path_g30b150,,default,2,False,CATS,150,paths,MultiMinded,664,Balance,1653.1600000000035,12.038590999999998,21,0.968649,0.65237100000000003,12.038590999999998,9.9005360302972285,9.2155464802972276,11.355703438506387,1,30,4,3477,5217
93,30,62,LinearSubgradientAuction,0.05,0.04,,True,,1000,3600,cats_path_g30b150,,default,2,False,CATS,150,paths,MultiMinded,747,Balance,1971.3499999999913,16.059345,22,1.15822,0.86252099999999998,16.059345,12.21607342282701,11.310426372827013,15.195146725678331,1,28,3,3658,5424
94,30,68,LinearSubgradientAuction,0.05,0.04,,True,,1000,3600,cats_path_g30b150,,default,2,False,CATS,150,paths,MultiMinded,1000,MaxIter,3086.5399999999936,17.743863,17,1.39576,0.98003499999999999,15.737287999999998,16.821949524238352,13.126904382371752,14.052805417293925,1,30,9,4148,6218
95,30,64,LinearSubgradientAuction,0.05,0.04,,True,,1000,3600,cats_path_g30b150,,default,2,False,CATS,150,paths,MultiMinded,1000,MaxIter,2858.470000000001,15.467591,22,0.907099,0.58233449999999998,10.346156000000002,10.704406718643398,7.0363745820788175,11.802335601672048,1,30,13,3904,5854
96,30,57,LinearSubgradientAuction,0.05,0.04,,True,,1000,3600,cats_path_g30b150,,default,2,False,CATS,150,paths,MultiMinded,1000,MaxIter,2482.6500000000087,9.8668957,14,1.02137,0.65189799999999998,8.268497,8.802372286948577,6.2568533444019083,7.3257576736487202,1,30,7,3477,5217
97,30,55,LinearSubgradientAuction,0.05,0.04,,True,,1000,3600,cats_path_g30b150,,default,2,False,CATS,150,paths,MultiMinded,1000,MaxIter,2335.909999999989,12.714137000000001,18,1.1671,0.73047649999999997,10.252015999999998,10.938105748623526,7.4138079291945491,9.1985702434528296,1,29,13,3300,4925
98,30,61,LinearSubgradientAuction,0.05,0.04,,True,,1000,3600,cats_path_g30b150,,default,2,False,CATS,150,paths,MultiMinded,1000,MaxIter,2722.220000000001,17.221063000000004,17,1.28051,0.90821799999999997,11.012351000000002,16.400686507423774,9.7406650307050135,10.569621812011997,1,30,13,3721,5581
99,30,71,LinearSubgradientAuction,0.05,0.04,,True,,1000,3600,cats_path_g30b150,,default,2,False,CATS,150,paths,MultiMinded,1000,MaxIter,3096.8399999999965,16.835101,20,1.27222,0.965194,14.980509,15.964368280493311,12.466397293413092,13.343621730107955,1,29,5,4260,6349
100,30,69,LinearSubgradientAuction,0.05,0.04,,True,,1000,3600,cats_path_g30b150,,default,2,False,CATS,150,paths,MultiMinded,315,Balance,953.5199999999895,11.185935,23,0.872955,0.55562999999999996,11.185935,8.5150021917312397,7.9038091917312432,10.579475475133307,1,29,9,4140,6171
