idx,items,agents,auction_class,epsilon,stepc,epoch,scalebyvalue,reserve_type,maxiter,maxtime,generator_param_name,personalized,bidding_strategy,heuristic_pool_num,int_prices,generator,bids,distribution,type,rounds,status,runtime,efficient_value,final_num_winners,final_max_agent_value,final_scalevalue,final_value,final_total_price,final_revenue,final_indirect_util,final_price_degree,final_price_sparsity,final_imbalance,final_wd_nvars,final_wd_ncons
1,30,67,LinearHeuristicAuction,0.05,0.01,,True,,1000,3600,cats_path_g30b150,,heuristic,3,False,CATS,150,paths,MultiMinded,1000,MaxIter,123.42999999999302,15.606157999999997,16,1.23481,0.870313,13.066229999999997,13.783636079258594,3.6301578604000149,12.104198046467458,1,29,14,180,97
2,30,63,LinearHeuristicAuction,0.05,0.01,,True,,1000,3600,cats_path_g30b150,,heuristic,3,False,CATS,150,paths,MultiMinded,1000,MaxIter,120.44000000000233,14.094153000000002,20,1.04283,0.78301449999999995,13.394917000000001,14.612409836182671,2.4515739259613474,11.393608111571464,1,29,30,170,93
3,30,69,LinearHeuristicAuction,0.05,0.01,,True,,1000,3600,cats_path_g30b150,,heuristic,3,False,CATS,150,paths,MultiMinded,1000,MaxIter,134.85000000003492,19.941755999999998,18,1.33809,0.95683499999999999,17.02477,18.4606576395113,3.7978485236025801,14.575690978667536,1,30,34,186,99
4,30,66,LinearHeuristicAuction,0.05,0.01,,True,,1000,3600,cats_path_g30b150,,heuristic,3,False,CATS,150,paths,MultiMinded,1000,MaxIter,125.32999999995809,14.118885,18,0.998367,0.78126600000000002,12.784937,14.353350288265229,4.9313132367292365,12.405644142548422,1,30,29,181,96
5,30,65,LinearHeuristicAuction,0.05,0.01,,True,,1000,3600,cats_path_g30b150,,heuristic,3,False,CATS,150,paths,MultiMinded,1000,MaxIter,127.4199999999837,15.664620999999997,19,1.04116,0.78344400000000003,13.191502,14.859613296565731,2.6803614459028475,11.683489958486156,1,30,28,182,95
6,30,61,LinearHeuristicAuction,0.05,0.01,,True,,1000,3600,cats_path_g30b150,,heuristic,3,False,CATS,150,paths,MultiMinded,1000,MaxIter,121.80999999999767,15.723609,18,1.13448,0.79950699999999997,13.289259,15.004032242629702,2.7541337686057448,13.999949243423782,1,30,31,172,91
7,30,64,LinearHeuristicAuction,0.05,0.01,,True,,1000,3600,cats_path_g30b150,,heuristic,3,False,CATS,150,paths,MultiMinded,1000,MaxIter,123.51000000000931,16.373429,20,1.20046,0.76909549999999993,14.815132000000002,13.325851128737812,3.7274756336619408,14.078670442573381,1,30,27,183,94
8,30,72,LinearHeuristicAuction,0.05,0.01,,True,,1000,3600,cats_path_g30b150,,heuristic,3,False,CATS,150,paths,MultiMinded,1000,MaxIter,135.04000000003725,16.311622,18,1.24903,0.86937299999999995,15.299150000000003,17.519360023866575,6.4494493033704696,12.535505190311042,1,30,22,196,102
9,30,60,LinearHeuristicAuction,0.05,0.01,,True,,1000,3600,cats_path_g30b150,,heuristic,3,False,CATS,150,paths,MultiMinded,1000,MaxIter,121.44000000000233,14.554215,17,1.25806,0.77530200000000005,11.504728,13.907984836860702,3.0302518111900563,10.47268990172331,1,30,36,179,90
10,30,64,LinearHeuristicAuction,0.05,0.01,,True,,1000,3600,cats_path_g30b150,,heuristic,3,False,CATS,150,paths,MultiMinded,1000,MaxIter,127.70000000001164,15.764945999999998,17,1.20473,0.77151750000000008,13.598426,14.672566441972434,3.3283693852024983,14.468914911773156,1,30,23,177,94
11,30,70,LinearHeuristicAuction,0.05,0.01,,True,,1000,3600,cats_path_g30b150,,heuristic,3,False,CATS,150,paths,MultiMinded,1000,MaxIter,124.63000000000466,15.460275,18,1.12749,0.83722600000000003,13.465864999999999,15.279520045055351,4.2941882142034515,13.511404575443482,1,30,36,182,100
12,30,67,LinearHeuristicAuction,0.05,0.01,,True,,1000,3600,cats_path_g30b150,,heuristic,3,False,CATS,150,paths,MultiMinded,1000,MaxIter,128.75,14.9714,19,1.03711,0.74539299999999997,13.413893,13.48732075946446,2.4739390174215092,11.523058680226182,1,29,29,183,97
13,30,70,LinearHeuristicAuction,0.05,0.01,,True,,1000,3600,cats_path_g30b150,,heuristic,3,False,CATS,150,paths,MultiMinded,1000,MaxIter,130.22000000003027,13.718234000000002,18,1.05702,0.66747699999999999,12.641994,15.893304556511389,2.7380672548316354,11.010229887575909,1,30,42,190,100
14,30,57,LinearHeuristicAuction,0.05,0.01,,True,,1000,3600,cats_path_g30b150,,heuristic,3,False,CATS,150,paths,MultiMinded,1000,MaxIter,127.60999999998603,13.5776358,18,1.27472,0.79768799999999995,11.728305,12.290679665879427,1.7005314325030541,11.884949172005403,1,30,27,183,87
15,30,76,LinearHeuristicAuction,0.05,0.01,,True,,1000,3600,cats_path_g30b150,,heuristic,3,False,CATS,150,paths,MultiMinded,1000,MaxIter,134.55999999999767,19.193505000000002,19,1.29161,1.0414399999999999,17.864637999999996,16.833907089289667,3.8818012802106545,16.539140479721063,1,30,21,191,106
16,30,55,LinearHeuristicAuction,0.05,0.01,,True,,1000,3600,cats_path_g30b150,,heuristic,3,False,CATS,150,paths,MultiMinded,1000,MaxIter,120.8300000000163,17.6371399,17,1.30608,0.92928299999999997,15.068175000000002,18.190279131863665,3.6431187980848505,12.070595986079443,1,30,25,172,85
17,30,60,LinearHeuristicAuction,0.05,0.01,,True,,1000,3600,cats_path_g30b150,,heuristic,3,False,CATS,150,paths,MultiMinded,1000,MaxIter,120.53000000002794,17.3437429,19,1.15586,0.84924900000000003,15.72295,16.847651833951304,3.2828124578024762,15.418575667782102,1,30,36,178,90
18,30,68,LinearHeuristicAuction,0.05,0.01,,True,,1000,3600,cats_path_g30b150,,heuristic,3,False,CATS,150,paths,MultiMinded,1000,MaxIter,129.25,16.532421,17,1.15917,0.79773499999999997,13.434514000000004,16.237291717467194,2.4354712215041827,11.670114608780569,1,30,30,189,98
19,30,84,LinearHeuristicAuction,0.05,0.01,,True,,1000,3600,cats_path_g30b150,,heuristic,3,False,CATS,150,paths,MultiMinded,1000,MaxIter,143.7600000000093,16.550685,19,1.19703,0.78075050000000001,15.648129999999998,14.610569363036417,5.7899846333212883,14.225834996283439,1,30,29,209,114
20,30,57,LinearHeuristicAuction,0.05,0.01,,True,,1000,3600,cats_path_g30b150,,heuristic,3,False,CATS,150,paths,MultiMinded,1000,MaxIter,121.13000000000466,11.988608000000001,17,0.830201,0.65249500000000005,10.509123999999998,10.730451132835675,1.1019300498906399,10.472073416014792,1,30,25,171,87
21,30,76,LinearHeuristicAuction,0.05,0.01,,True,,1000,3600,cats_path_g30b150,,heuristic,3,False,CATS,150,paths,MultiMinded,1000,MaxIter,131.0099999999511,16.346269,18,1.16216,0.87333000000000005,14.519624999999998,15.697001597781711,5.7799739258509701,13.510695884644699,1,30,22,194,106
22,30,62,LinearHeuristicAuction,0.05,0.01,,True,,1000,3600,cats_path_g30b150,,heuristic,3,False,CATS,150,paths,MultiMinded,1000,MaxIter,126.65000000002328,11.899390499999999,17,1.11701,0.58296099999999995,10.15075,10.383826277220914,2.9287902213987973,9.0482452477520141,1,30,26,180,92
23,30,61,LinearHeuristicAuction,0.05,0.01,,True,,1000,3600,cats_path_g30b150,,heuristic,3,False,CATS,150,paths,MultiMinded,1000,MaxIter,120.92999999999302,17.460715,18,1.27766,0.872475,15.403236000000001,15.302658386068897,2.7025898752451694,14.946917443141512,1,30,36,174,91
24,30,72,LinearHeuristicAuction,0.05,0.01,,True,,1000,3600,cats_path_g30b150,,heuristic,3,False,CATS,150,paths,MultiMinded,1000,MaxIter,130.53000000002794,16.551633999999996,19,1.24587,0.733267,14.049613,15.859844270362441,2.5877551993660157,12.10341392274993,1,30,24,190,102
25,30,66,LinearHeuristicAuction,0.05,0.01,,True,,1000,3600,cats_path_g30b150,,heuristic,3,False,CATS,150,paths,MultiMinded,1000,MaxIter,126.04999999998836,15.951057999999998,19,1.21778,0.74724500000000005,12.514532599999997,13.274183207342867,3.0849805628959301,12.819272691949593,1,30,23,183,96
26,30,71,LinearHeuristicAuction,0.05,0.01,,True,,1000,3600,cats_path_g30b150,,heuristic,3,False,CATS,150,paths,MultiMinded,1000,MaxIter,128.28999999997905,18.600379,19,1.35655,1.0506500000000001,16.278064999999998,15.710722251556501,6.8946729293533782,15.550989535924804,1,30,20,193,101
27,30,65,LinearHeuristicAuction,0.05,0.01,,True,,1000,3600,cats_path_g30b150,,heuristic,3,False,CATS,150,paths,MultiMinded,1000,MaxIter,121.11999999999534,15.208365,21,1.24835,0.71721100000000004,13.919626,17.337010433395044,4.7565357796151631,10.022311944134668,1,30,29,182,95
28,30,68,LinearHeuristicAuction,0.05,0.01,,True,,1000,3600,cats_path_g30b150,,heuristic,3,False,CATS,150,paths,MultiMinded,1000,MaxIter,133.54000000003725,14.86174,16,1.33611,1.01847,13.686884000000001,12.295983889621116,2.7880022064756553,10.050074309668544,1,30,21,198,98
29,30,58,LinearHeuristicAuction,0.05,0.01,,True,,1000,3600,cats_path_g30b150,,heuristic,3,False,CATS,150,paths,MultiMinded,1000,MaxIter,119.15000000002328,11.257909999999999,17,0.8594,0.57639300000000004,9.959526,11.273016934135555,2.0265786729251505,7.6874917639788176,1,30,13,170,88
30,30,65,LinearHeuristicAuction,0.05,0.01,,True,,1000,3600,cats_path_g30b150,,heuristic,3,False,CATS,150,paths,MultiMinded,1000,MaxIter,136.64000000001397,12.752407,16,1.05004,0.71123899999999995,10.837643000000002,11.500140476188584,3.6609720935113947,11.302104435074707,1,30,24,188,95
31,30,58,LinearHeuristicAuction,0.05,0.01,,True,,1000,3600,cats_path_g30b150,,heuristic,3,False,CATS,150,paths,MultiMinded,1000,MaxIter,125.42999999999302,13.4727089,16,1.18366,0.86047800000000008,11.887874,13.563793246077049,2.9148492104669383,10.673158449250028,1,30,25,176,88
32,30,79,LinearHeuristicAuction,0.05,0.01,,True,,1000,3600,cats_path_g30b150,,heuristic,3,False,CATS,150,paths,MultiMinded,1000,MaxIter,136.95999999996275,17.626487,17,1.11283,0.85035499999999997,15.283059,16.877331455713367,6.4651426797194409,14.716090947746345,1,29,26,200,109
33,30,66,LinearHeuristicAuction,0.05,0.01,,True,,1000,3600,cats_path_g30b150,,heuristic,3,False,CATS,150,paths,MultiMinded,1000,MaxIter,122.95999999996275,13.562479100000003,19,1.17658,0.71348500000000004,12.3619711,13.034918044427657,2.2354145021401282,10.647745600041667,1,30,35,178,96
34,30,59,LinearHeuristicAuction,0.05,0.01,,True,,1000,3600,cats_path_g30b150,,heuristic,3,False,CATS,150,paths,MultiMinded,1000,MaxIter,119.23999999999069,15.543004,15,1.16304,0.84088200000000002,12.802624,13.64441070509462,3.8277138596452813,12.32517934501962,1,30,31,170,89
35,30,61,LinearHeuristicAuction,0.05,0.01,,True,,1000,3600,cats_path_g30b150,,heuristic,3,False,CATS,150,paths,MultiMinded,1000,MaxIter,120.75,18.943085999999997,19,1.32614,0.92471499999999995,17.660394000000004,15.549776731578536,3.8413506859745739,16.175537937314008,1,30,22,176,91
36,30,75,LinearHeuristicAuction,0.05,0.01,,True,,1000,3600,cats_path_g30b150,,heuristic,3,False,CATS,150,paths,MultiMinded,1000,MaxIter,130.02000000001863,15.257448999999998,19,1.04514,0.73463400000000001,13.926012999999996,14.042556085550512,3.451035737901444,13.28878200294225,1,30,25,191,105
37,30,73,LinearHeuristicAuction,0.05,0.01,,True,,1000,3600,cats_path_g30b150,,heuristic,3,False,CATS,150,paths,MultiMinded,1000,MaxIter,127.77999999996973,19.314383000000003,20,1.26724,0.81503800000000004,17.02135,19.03341583514386,4.5501036015900125,17.510010318327982,1,30,32,184,103
38,30,69,LinearHeuristicAuction,0.05,0.01,,True,,1000,3600,cats_path_g30b150,,heuristic,3,False,CATS,150,paths,MultiMinded,1000,MaxIter,125.85999999998603,17.06102,15,1.26197,0.80889699999999998,12.962572999999999,15.181565995947487,2.7792050719924148,13.0434718365444,1,30,23,187,99
39,30,64,LinearHeuristicAuction,0.05,0.01,,True,,1000,3600,cats_path_g30b150,,heuristic,3,False,CATS,150,paths,MultiMinded,1000,MaxIter,132.71000000002095,18.017829999999996,16,1.46956,1.00953,15.280793,18.068535433760296,2.9213702462600786,14.021276035043813,1,30,25,182,94
40,30,70,LinearHeuristicAuction,0.05,0.01,,True,,1000,3600,cats_path_g30b150,,heuristic,3,False,CATS,150,paths,MultiMinded,1000,MaxIter,128.10999999998603,16.415451,18,1.33618,0.79276899999999995,14.900076,15.206813312701872,2.2992567707563181,15.400039259012217,1,30,25,186,100
41,30,62,LinearHeuristicAuction,0.05,0.01,,True,,1000,3600,cats_path_g30b150,,heuristic,3,False,CATS,150,paths,MultiMinded,1000,MaxIter,120.98999999999069,15.767216000000001,15,1.27329,0.81440000000000001,12.026526999999998,14.936470025243912,0.93969356693374206,9.1152368816371023,1,30,28,179,92
42,30,66,LinearHeuristicAuction,0.05,0.01,,True,,1000,3600,cats_path_g30b150,,heuristic,3,False,CATS,150,paths,MultiMinded,1000,MaxIter,125.6699999999837,14.387081000000002,18,1.10378,0.674543,12.321054000000002,13.807196610053659,2.5046660537391441,12.628192042454785,1,30,24,178,96
43,30,57,LinearHeuristicAuction,0.05,0.01,,True,,1000,3600,cats_path_g30b150,,heuristic,3,False,CATS,150,paths,MultiMinded,1000,MaxIter,121.76999999996042,12.78674,17,1.092,0.74160349999999997,10.910851,12.524527947427901,4.7239381936315059,9.8936877382525807,1,30,24,168,87
44,30,67,LinearHeuristicAuction,0.05,0.01,,True,,1000,3600,cats_path_g30b150,,heuristic,3,False,CATS,150,paths,MultiMinded,1000,MaxIter,124.0,14.327095000000002,14,1.04382,0.66583400000000004,10.335175,11.948381377209834,1.3231322758650554,12.963900979141489,1,29,30,176,97
45,30,80,LinearHeuristicAuction,0.05,0.01,,True,,1000,3600,cats_path_g30b150,,heuristic,3,False,CATS,150,paths,MultiMinded,1000,MaxIter,135.85000000003492,13.769805999999999,15,1.20458,0.66948099999999999,11.187207,12.018899049026089,5.4906871179457255,11.137047774006714,1,30,19,197,110
46,30,62,LinearHeuristicAuction,0.05,0.01,,True,,1000,3600,cats_path_g30b150,,heuristic,3,False,CATS,150,paths,MultiMinded,1000,MaxIter,123.70000000001164,17.982688000000003,17,1.47628,0.89541199999999999,15.487288999999999,15.139206123252503,2.9874666174595732,13.259605490132767,1,30,29,178,92
47,30,50,LinearHeuristicAuction,0.05,0.01,,True,,1000,3600,cats_path_g30b150,,heuristic,3,False,CATS,150,paths,MultiMinded,1000,MaxIter,117.77999999996973,14.4709692,13,1.15255,0.87777400000000005,11.631737,12.127633815501106,1.1333086337188405,10.907724347219336,1,30,16,170,80
48,30,56,LinearHeuristicAuction,0.05,0.01,,True,,1000,3600,cats_path_g30b150,,heuristic,3,False,CATS,150,paths,MultiMinded,1000,MaxIter,118.17999999999302,19.863466000000003,19,1.39092,0.99550399999999994,19.068627,17.892426820183299,3.8996485273850841,15.053020577287473,1,30,43,162,86
49,30,59,LinearHeuristicAuction,0.05,0.01,,True,,1000,3600,cats_path_g30b150,,heuristic,3,False,CATS,150,paths,MultiMinded,1000,MaxIter,119.05999999999767,12.83722,16,1.27931,0.83850000000000002,11.530484,13.164792811499478,1.6906478569431549,7.6431114741089914,1,30,27,179,89
50,30,72,LinearHeuristicAuction,0.05,0.01,,True,,1000,3600,cats_path_g30b150,,heuristic,3,False,CATS,150,paths,MultiMinded,1000,MaxIter,131.13000000000466,14.769329999999997,18,1.31494,0.719059,13.501748,12.9709698199519,4.8603361127559896,13.494867441208735,1,30,17,189,102
51,30,72,LinearHeuristicAuction,0.05,0.01,,True,,1000,3600,cats_path_g30b150,,heuristic,3,False,CATS,150,paths,MultiMinded,1000,MaxIter,135.09999999997672,16.073219,17,1.09244,0.793798,13.670756,14.589133749720421,2.5109319145242996,12.200937141412846,1,30,31,194,102
52,30,53,LinearHeuristicAuction,0.05,0.01,,True,,1000,3600,cats_path_g30b150,,heuristic,3,False,CATS,150,paths,MultiMinded,1000,MaxIter,119.6600000000326,12.6877335,16,1.34175,0.74289899999999998,11.655836699999998,11.984027932803071,3.2036496557210823,10.709840567395753,1,30,28,174,83
53,30,69,LinearHeuristicAuction,0.05,0.01,,True,,1000,3600,cats_path_g30b150,,heuristic,3,False,CATS,150,paths,MultiMinded,1000,MaxIter,127.67999999999302,18.740910999999997,16,1.16684,0.90905150000000001,15.013561,18.215750405700913,4.4103300056722814,14.478331702465919,1,30,22,189,99
54,30,63,LinearHeuristicAuction,0.05,0.01,,True,,1000,3600,cats_path_g30b150,,heuristic,3,False,CATS,150,paths,MultiMinded,1000,MaxIter,127.03000000002794,15.541510000000004,20,1.41102,0.83414200000000005,14.6479123,13.386467976473531,3.5597457012313489,14.883814872081047,1,30,27,170,93
55,30,79,LinearHeuristicAuction,0.05,0.01,,True,,1000,3600,cats_path_g30b150,,heuristic,3,False,CATS,150,paths,MultiMinded,1000,MaxIter,140.9899999999907,15.979884000000002,19,1.1263,0.85292049999999997,14.073965999999999,18.17423283783188,3.0891733879243577,12.85080558324756,1,30,30,204,109
56,30,75,LinearHeuristicAuction,0.05,0.01,,True,,1000,3600,cats_path_g30b150,,heuristic,3,False,CATS,150,paths,MultiMinded,1000,MaxIter,132.22000000003027,18.432461999999994,19,1.25637,0.86360099999999995,16.635247,16.951877003568288,3.7587865411231975,14.781615127167274,1,30,28,199,105
57,30,69,LinearHeuristicAuction,0.05,0.01,,True,,1000,3600,cats_path_g30b150,,heuristic,3,False,CATS,150,paths,MultiMinded,1000,MaxIter,127.34000000002561,21.377306399999995,19,1.41831,1.0310999999999999,20.321336000000002,17.649507325215485,8.0507658196837717,17.264211539744295,1,30,30,174,99
58,30,55,LinearHeuristicAuction,0.05,0.01,,True,,1000,3600,cats_path_g30b150,,heuristic,3,False,CATS,150,paths,MultiMinded,1000,MaxIter,111.89000000001397,12.959700999999999,20,1.39908,0.69830300000000001,12.148321999999997,11.949874239962252,4.0295257779580771,10.341559326988936,1,30,24,160,85
59,30,62,LinearHeuristicAuction,0.05,0.01,,True,,1000,3600,cats_path_g30b150,,heuristic,3,False,CATS,150,paths,MultiMinded,1000,MaxIter,127.95999999996275,11.245693,17,0.937523,0.59201349999999997,9.864404,8.9438779767002998,2.3204442256278335,9.327828698341726,1,30,28,181,92
60,30,62,LinearHeuristicAuction,0.05,0.01,,True,,1000,3600,cats_path_g30b150,,heuristic,3,False,CATS,150,paths,MultiMinded,1000,MaxIter,130.30000000004657,16.295090999999996,19,1.36668,0.91428500000000001,15.189809999999998,15.648341716965604,3.1071651407152672,11.360429448378074,1,30,23,183,92
61,30,65,LinearHeuristicAuction,0.05,0.01,,True,,1000,3600,cats_path_g30b150,,heuristic,3,False,CATS,150,paths,MultiMinded,1000,MaxIter,124.69000000000233,12.734226999999999,15,1.10066,0.73527699999999996,10.474567,13.533092408756493,2.5966243918203133,9.9810251916462871,1,29,37,187,95
62,30,74,LinearHeuristicAuction,0.05,0.01,,True,,1000,3600,cats_path_g30b150,,heuristic,3,False,CATS,150,paths,MultiMinded,1000,MaxIter,132.53999999997905,15.189660000000002,19,1.07901,0.72534500000000002,13.312708000000002,12.319869361810088,3.539661281906092,12.084455545982392,1,30,21,192,104
63,30,57,LinearHeuristicAuction,0.05,0.01,,True,,1000,3600,cats_path_g30b150,,heuristic,3,False,CATS,150,paths,MultiMinded,1000,MaxIter,113.15999999997439,15.812223,19,1.17468,0.85123000000000004,15.2281677,14.483214734722935,2.1204203216059052,13.167406826445323,1,30,36,161,87
64,30,65,LinearHeuristicAuction,0.05,0.01,,True,,1000,3600,cats_path_g30b150,,heuristic,3,False,CATS,150,paths,MultiMinded,1000,MaxIter,126.36999999999534,14.256674000000002,16,1.1464,0.76940900000000001,11.685131000000002,15.988988337233303,3.2566873692083229,6.4563635078772066,1,30,21,181,95
65,30,75,LinearHeuristicAuction,0.05,0.01,,True,,1000,3600,cats_path_g30b150,,heuristic,3,False,CATS,150,paths,MultiMinded,1000,MaxIter,135.3399999999674,14.689584000000002,17,1.20503,0.79890700000000003,12.65122,15.224998546235437,3.130511487433941,11.649044686910324,1,30,24,199,105
66,30,64,LinearHeuristicAuction,0.05,0.01,,True,,1000,3600,cats_path_g30b150,,heuristic,3,False,CATS,150,paths,MultiMinded,1000,MaxIter,125.35000000003492,15.318505000000002,16,1.13026,0.77133499999999999,13.034741999999998,15.609891467747358,3.7687107580227845,8.9435426478704265,1,30,23,181,94
67,30,65,LinearHeuristicAuction,0.05,0.01,,True,,1000,3600,cats_path_g30b150,,heuristic,3,False,CATS,150,paths,MultiMinded,1000,MaxIter,127.29999999998836,17.19162,17,1.36208,0.868533,15.300757000000003,14.799274180184524,5.0699978204878464,13.806347125998894,1,30,26,185,95
68,30,62,LinearHeuristicAuction,0.05,0.01,,True,,1000,3600,cats_path_g30b150,,heuristic,3,False,CATS,150,paths,MultiMinded,1000,MaxIter,124.19000000000233,16.58045,17,1.1806,0.75433449999999991,14.010142999999998,10.240105489271446,2.5669640056116068,14.275059435400774,1,30,19,180,92
69,30,69,LinearHeuristicAuction,0.05,0.01,,True,,1000,3600,cats_path_g30b150,,heuristic,3,False,CATS,150,paths,MultiMinded,1000,MaxIter,124.65000000002328,16.94247,20,1.39982,0.781829,14.283236999999998,16.244623631514344,4.9943343985335593,15.616739134173432,1,30,35,177,99
70,30,69,LinearHeuristicAuction,0.05,0.01,,True,,1000,3600,cats_path_g30b150,,heuristic,3,False,CATS,150,paths,MultiMinded,1000,MaxIter,125.85999999998603,15.6214981,19,1.25374,0.86018899999999998,14.871924,14.20016698345648,4.2766202700622795,12.694386120354155,1,30,31,186,99
71,30,72,LinearHeuristicAuction,0.05,0.01,,True,,1000,3600,cats_path_g30b150,,heuristic,3,False,CATS,150,paths,MultiMinded,1000,MaxIter,131.79999999998836,18.0902305,18,1.22443,0.96304999999999996,15.201204,21.602131600244729,6.034326444395032,14.33282018447246,1,30,35,187,102
72,30,71,LinearHeuristicAuction,0.05,0.01,,True,,1000,3600,cats_path_g30b150,,heuristic,3,False,CATS,150,paths,MultiMinded,1000,MaxIter,128.97000000003027,14.262129000000002,21,1.12549,0.60241199999999995,13.468024,11.995080339588089,3.4879615979241261,13.528051310609444,1,30,33,189,101
73,30,61,LinearHeuristicAuction,0.05,0.01,,True,,1000,3600,cats_path_g30b150,,heuristic,3,False,CATS,150,paths,MultiMinded,1000,MaxIter,134.20999999996275,16.416352,14,1.29762,0.90387399999999996,13.426544999999999,14.404375195181496,2.7546350559219586,10.735399373540998,1,30,20,182,91
74,30,65,LinearHeuristicAuction,0.05,0.01,,True,,1000,3600,cats_path_g30b150,,heuristic,3,False,CATS,150,paths,MultiMinded,1000,MaxIter,123.70000000001164,10.025623,18,0.812177,0.53816299999999995,9.300517000000001,10.27146872028794,2.0002189110950219,8.1781296317767467,1,30,26,177,95
75,30,69,LinearHeuristicAuction,0.05,0.01,,True,,1000,3600,cats_path_g30b150,,heuristic,3,False,CATS,150,paths,MultiMinded,1000,MaxIter,127.62999999994645,15.321485,20,1.30411,0.789794,14.066851999999999,18.067059446060302,2.8705962040330961,10.465493775391133,1,30,34,182,99
76,30,66,LinearHeuristicAuction,0.05,0.01,,True,,1000,3600,cats_path_g30b150,,heuristic,3,False,CATS,150,paths,MultiMinded,1000,MaxIter,128.53000000002794,17.565949,17,1.39796,0.82384800000000002,15.388894999999998,15.093341993276866,2.942080777477238,14.36325911572192,1,30,30,180,96
77,30,71,LinearHeuristicAuction,0.05,0.01,,True,,1000,3600,cats_path_g30b150,,heuristic,3,False,CATS,150,paths,MultiMinded,1000,MaxIter,129.92999999999302,17.445843,17,1.28117,0.83980299999999997,14.131674999999996,15.66642271217755,1.1865453191715551,14.164517310900726,1,30,21,190,101
78,30,77,LinearHeuristicAuction,0.05,0.01,,True,,1000,3600,cats_path_g30b150,,heuristic,3,False,CATS,150,paths,MultiMinded,1000,MaxIter,135.64000000001397,17.835809,20,1.27923,0.84794999999999998,15.960052,19.359288206288824,4.2157989806901011,12.937057679402109,1,30,33,194,107
79,30,71,LinearHeuristicAuction,0.05,0.01,,True,,1000,3600,cats_path_g30b150,,heuristic,3,False,CATS,150,paths,MultiMinded,1000,MaxIter,134.86999999999534,15.251795000000001,18,1.08004,0.77857100000000001,13.868857000000002,14.387844245127161,1.5445675138032258,12.389212533678771,1,30,32,189,101
80,30,67,LinearHeuristicAuction,0.05,0.01,,True,,1000,3600,cats_path_g30b150,,heuristic,3,False,CATS,150,paths,MultiMinded,1000,MaxIter,121.82000000000698,21.216326000000002,17,1.34186,1.05186,18.079527,19.51209055199649,5.937755482422312,13.866767337162322,1,30,19,185,97
81,30,68,LinearHeuristicAuction,0.05,0.01,,True,,1000,3600,cats_path_g30b150,,heuristic,3,False,CATS,150,paths,MultiMinded,1000,MaxIter,126.11999999999534,14.454433000000002,16,1.14794,0.83136399999999999,12.285086000000002,12.899623811283128,3.8008458459140244,12.248525411549345,1,30,22,177,98
82,30,64,LinearHeuristicAuction,0.05,0.01,,True,,1000,3600,cats_path_g30b150,,heuristic,3,False,CATS,150,paths,MultiMinded,1000,MaxIter,121.0,14.456647999999998,19,1.03149,0.62555099999999997,12.791626999999998,13.228739855508184,2.9709794678659023,13.154462908466265,1,30,42,170,94
83,30,64,LinearHeuristicAuction,0.05,0.01,,True,,1000,3600,cats_path_g30b150,,heuristic,3,False,CATS,150,paths,MultiMinded,1000,MaxIter,119.15999999997439,15.243575000000002,20,1.11077,0.82948200000000005,14.170957999999999,16.616456950070983,3.3362276181380608,13.054004921588675,1,30,28,169,94
84,30,55,LinearHeuristicAuction,0.05,0.01,,True,,1000,3600,cats_path_g30b150,,heuristic,3,False,CATS,150,paths,MultiMinded,1000,MaxIter,118.97999999998137,10.829593,15,1.04035,0.60557799999999995,9.839746,9.7253695623287477,1.7254621057938628,8.0850427577744171,1,30,33,170,85
85,30,70,LinearHeuristicAuction,0.05,0.01,,True,,1000,3600,cats_path_g30b150,,heuristic,3,False,CATS,150,paths,MultiMinded,1000,MaxIter,130.4199999999837,17.838826,17,1.20482,0.99917599999999995,16.282410000000002,17.051091926315458,6.4851850608438664,15.929138199273645,1,30,30,190,100
86,30,63,LinearHeuristicAuction,0.05,0.01,,True,,1000,3600,cats_path_g30b150,,heuristic,3,False,CATS,150,paths,MultiMinded,1000,MaxIter,133.9099999999744,14.348480000000002,17,1.12303,0.66461599999999998,13.013769899999998,11.991670113196166,3.1514700645974334,9.8892377516102439,1,30,27,186,93
87,30,64,LinearHeuristicAuction,0.05,0.01,,True,,1000,3600,cats_path_g30b150,,heuristic,3,False,CATS,150,paths,MultiMinded,1000,MaxIter,128.57000000000698,15.876268000000007,16,1.16618,0.92069400000000001,13.586186000000003,14.568171819156545,3.120457320338264,11.762286898453075,1,30,24,184,94
88,30,76,LinearHeuristicAuction,0.05,0.01,,True,,1000,3600,cats_path_g30b150,,heuristic,3,False,CATS,150,paths,MultiMinded,1000,MaxIter,136.78999999997905,20.508544000000004,17,1.50963,0.97545999999999999,18.105721000000003,16.300607393186752,3.0780056821317112,15.537070383269672,1,30,14,197,106
89,30,72,LinearHeuristicAuction,0.05,0.01,,True,,1000,3600,cats_path_g30b150,,heuristic,3,False,CATS,150,paths,MultiMinded,1000,MaxIter,134.42999999999302,16.188547,19,1.37467,0.81535500000000005,14.85514,13.583221466306011,5.1696568903108195,14.93643062808728,1,30,24,193,102
90,30,54,LinearHeuristicAuction,0.05,0.01,,True,,1000,3600,cats_path_g30b150,,heuristic,3,False,CATS,150,paths,MultiMinded,1000,MaxIter,123.05999999999767,12.251615099999999,16,0.821456,0.64283100000000004,9.269034,12.096143061737122,3.5817163454299199,10.25542244955755,1,30,37,175,84
91,30,66,LinearHeuristicAuction,0.05,0.01,,True,,1000,3600,cats_path_g30b150,,heuristic,3,False,CATS,150,paths,MultiMinded,1000,MaxIter,122.94000000000233,13.249561,17,1.08687,0.77222100000000005,11.325097,12.647584865841708,3.4160204340900879,8.9958973730077911,1,30,31,180,96
92,30,57,LinearHeuristicAuction,0.05,0.01,,True,,1000,3600,cats_path_g30b150,,heuristic,3,False,CATS,150,paths,MultiMinded,1000,MaxIter,115.42999999999302,12.038590999999998,15,0.968649,0.65237100000000003,10.038112000000002,13.530587031477062,3.2493734293854373,6.9706803905181705,1,30,32,162,87
93,30,62,LinearHeuristicAuction,0.05,0.01,,True,,1000,3600,cats_path_g30b150,,heuristic,3,False,CATS,150,paths,MultiMinded,1000,MaxIter,125.39000000001397,16.059345,17,1.15822,0.86252099999999998,13.874176000000002,13.965322766710333,2.6496407169167027,11.29739952400876,1,30,22,175,92
94,30,68,LinearHeuristicAuction,0.05,0.01,,True,,1000,3600,cats_path_g30b150,,heuristic,3,False,CATS,150,paths,MultiMinded,1000,MaxIter,134.05999999999767,17.743863,15,1.39576,0.98003499999999999,14.565084,17.29661483747655,3.8652070783143322,13.446376075005052,1,30,28,187,98
95,30,64,LinearHeuristicAuction,0.05,0.01,,True,,1000,3600,cats_path_g30b150,,heuristic,3,False,CATS,150,paths,MultiMinded,1000,MaxIter,119.61000000004424,15.467591,17,0.907099,0.58233449999999998,11.745823,13.874832357166479,2.4892841461443473,12.059363130900635,1,30,36,167,94
96,30,57,LinearHeuristicAuction,0.05,0.01,,True,,1000,3600,cats_path_g30b150,,heuristic,3,False,CATS,150,paths,MultiMinded,1000,MaxIter,130.5099999999511,9.8668957,16,1.02137,0.65189799999999998,9.5872063,9.7953985234787719,3.4752268988816639,7.5839042940262296,1,30,30,181,87
97,30,55,LinearHeuristicAuction,0.05,0.01,,True,,1000,3600,cats_path_g30b150,,heuristic,3,False,CATS,150,paths,MultiMinded,1000,MaxIter,118.72000000003027,12.714137000000001,15,1.1671,0.73047649999999997,10.719283,13.302252861506886,2.5656098610617102,7.2923386846598293,1,30,32,170,85
98,30,61,LinearHeuristicAuction,0.05,0.01,,True,,1000,3600,cats_path_g30b150,,heuristic,3,False,CATS,150,paths,MultiMinded,1000,MaxIter,124.11999999999534,17.221063000000004,16,1.28051,0.90821799999999997,15.199938000000003,15.786914680754546,2.7821774786133302,14.736315848975117,1,30,47,173,91
99,30,71,LinearHeuristicAuction,0.05,0.01,,True,,1000,3600,cats_path_g30b150,,heuristic,3,False,CATS,150,paths,MultiMinded,1000,MaxIter,132.4199999999837,16.835101,16,1.27222,0.965194,13.634018000000001,19.727790007319914,2.6849671348086765,13.171931817447811,1,30,33,188,101
100,30,69,LinearHeuristicAuction,0.05,0.01,,True,,1000,3600,cats_path_g30b150,,heuristic,3,False,CATS,150,paths,MultiMinded,1000,MaxIter,137.15000000002328,11.185935,18,0.872955,0.55562999999999996,9.707011999999999,8.931025219263331,3.0596991232553714,8.1463442216520399,1,30,23,186,99
