idx,items,agents,auction_class,epsilon,stepc,epoch,scalebyvalue,reserve_type,maxiter,maxtime,generator_param_name,personalized,bidding_strategy,heuristic_pool_num,int_prices,generator,bids,distribution,type,rounds,status,runtime,efficient_value,final_num_winners,final_max_agent_value,final_scalevalue,final_value,final_total_price,final_revenue,final_indirect_util,final_price_degree,final_price_sparsity,final_imbalance,final_wd_nvars,final_wd_ncons
1,30,67,LinearHeuristicAuction,0.05,0.01,,True,,1000,3600,cats_path_g30b150,,heuristic,2,False,CATS,150,paths,MultiMinded,1000,MaxIter,119.0,15.606157999999997,17,1.23481,0.870313,14.680014,12.350940863379769,4.0469934224862971,11.989439898772529,1,29,12,167,97
2,30,63,LinearHeuristicAuction,0.05,0.01,,True,,1000,3600,cats_path_g30b150,,heuristic,2,False,CATS,150,paths,MultiMinded,1000,MaxIter,112.32999999995809,14.094153000000002,19,1.04283,0.78301449999999995,12.796995,13.130040669761435,3.3881869200744106,11.056894083183888,1,30,19,155,93
3,30,69,LinearHeuristicAuction,0.05,0.01,,True,,1000,3600,cats_path_g30b150,,heuristic,2,False,CATS,150,paths,MultiMinded,1000,MaxIter,129.69000000000233,19.941755999999998,20,1.33809,0.95683499999999999,19.189069,17.308397833639585,5.399546723558502,14.17187195385003,1,30,31,173,99
4,30,66,LinearHeuristicAuction,0.05,0.01,,True,,1000,3600,cats_path_g30b150,,heuristic,2,False,CATS,150,paths,MultiMinded,1000,MaxIter,118.40999999997439,14.118885,19,0.998367,0.78126600000000002,13.387349,12.928188724171676,4.2959652924073728,10.552848857868629,1,30,16,167,96
5,30,65,LinearHeuristicAuction,0.05,0.01,,True,,1000,3600,cats_path_g30b150,,heuristic,2,False,CATS,150,paths,MultiMinded,1000,MaxIter,119.17000000004191,15.664620999999997,20,1.04116,0.78344400000000003,14.01446,12.726433338087816,4.7207078245787768,11.826088740144753,1,30,21,168,95
6,30,61,LinearHeuristicAuction,0.05,0.01,,True,,1000,3600,cats_path_g30b150,,heuristic,2,False,CATS,150,paths,MultiMinded,1000,MaxIter,110.15000000002328,15.723609,18,1.13448,0.79950699999999997,14.475423999999997,14.517203118781875,3.9014589667938337,12.876077985623711,1,30,38,150,91
7,30,64,LinearHeuristicAuction,0.05,0.01,,True,,1000,3600,cats_path_g30b150,,heuristic,2,False,CATS,150,paths,MultiMinded,1000,MaxIter,118.79999999998836,16.373429,18,1.20046,0.76909549999999993,13.479527999999998,12.5985614654714,4.3671851169981988,12.459971584836705,1,30,29,170,94
8,30,72,LinearHeuristicAuction,0.05,0.01,,True,,1000,3600,cats_path_g30b150,,heuristic,2,False,CATS,150,paths,MultiMinded,1000,MaxIter,128.96000000002095,16.311622,18,1.24903,0.86937299999999995,14.961410999999996,15.97998864879801,4.7194699187654772,9.9530122458834178,1,30,18,184,102
9,30,60,LinearHeuristicAuction,0.05,0.01,,True,,1000,3600,cats_path_g30b150,,heuristic,2,False,CATS,150,paths,MultiMinded,1000,MaxIter,120.47000000003027,14.554215,19,1.25806,0.77530200000000005,13.563170999999999,12.630749804600985,5.447720800045742,10.718778419053056,1,30,28,171,90
10,30,64,LinearHeuristicAuction,0.05,0.01,,True,,1000,3600,cats_path_g30b150,,heuristic,2,False,CATS,150,paths,MultiMinded,1000,MaxIter,122.70000000001164,15.764945999999998,18,1.20473,0.77151750000000008,13.848257,13.231584943442972,3.4036173726170431,12.76069997074879,1,30,35,166,94
11,30,70,LinearHeuristicAuction,0.05,0.01,,True,,1000,3600,cats_path_g30b150,,heuristic,2,False,CATS,150,paths,MultiMinded,1000,MaxIter,122.89000000001397,15.460275,20,1.12749,0.83722600000000003,14.320892999999998,14.024516803781143,7.3497849693891242,13.047287704050579,1,30,27,173,100
12,30,67,LinearHeuristicAuction,0.05,0.01,,True,,1000,3600,cats_path_g30b150,,heuristic,2,False,CATS,150,paths,MultiMinded,1000,MaxIter,121.45000000001164,14.9714,21,1.03711,0.74539299999999997,14.313727,11.536667149138902,3.1267435985804095,11.36374526294221,1,29,25,170,97
13,30,70,LinearHeuristicAuction,0.05,0.01,,True,,1000,3600,cats_path_g30b150,,heuristic,2,False,CATS,150,paths,MultiMinded,1000,MaxIter,121.51000000000931,13.718234000000002,17,1.05702,0.66747699999999999,11.506593,13.346843215795186,3.6903853416753196,9.9780770620889569,1,30,37,172,100
14,30,57,LinearHeuristicAuction,0.05,0.01,,True,,1000,3600,cats_path_g30b150,,heuristic,2,False,CATS,150,paths,MultiMinded,1000,MaxIter,114.09999999997672,13.5776358,18,1.27472,0.79768799999999995,12.951629999999998,10.964609204828092,3.4603160649433726,11.311140469829789,1,30,26,156,87
15,30,76,LinearHeuristicAuction,0.05,0.01,,True,,1000,3600,cats_path_g30b150,,heuristic,2,False,CATS,150,paths,MultiMinded,1000,MaxIter,132.96999999997206,19.193505000000002,20,1.29161,1.0414399999999999,17.87415,15.544108720797556,5.7775292817748332,16.497342388890598,1,30,21,181,106
16,30,55,LinearHeuristicAuction,0.05,0.01,,True,,1000,3600,cats_path_g30b150,,heuristic,2,False,CATS,150,paths,MultiMinded,1000,MaxIter,111.10999999998603,17.6371399,20,1.30608,0.92928299999999997,16.64621,15.157499309511842,6.0837191953252665,13.105842112591127,1,30,30,150,85
17,30,60,LinearHeuristicAuction,0.05,0.01,,True,,1000,3600,cats_path_g30b150,,heuristic,2,False,CATS,150,paths,MultiMinded,1000,MaxIter,112.0,17.3437429,21,1.15586,0.84924900000000003,16.2145429,15.471802281674965,5.3609818721847748,15.625941604329141,1,30,36,154,90
18,30,68,LinearHeuristicAuction,0.05,0.01,,True,,1000,3600,cats_path_g30b150,,heuristic,2,False,CATS,150,paths,MultiMinded,1000,MaxIter,121.55999999999767,16.532421,22,1.15917,0.79773499999999997,15.759138000000002,15.100765101688296,6.9942984286045684,14.478832700298575,1,29,32,171,98
19,30,84,LinearHeuristicAuction,0.05,0.01,,True,,1000,3600,cats_path_g30b150,,heuristic,2,False,CATS,150,paths,MultiMinded,1000,MaxIter,133.2399999999907,16.550685,20,1.19703,0.78075050000000001,15.858612999999998,14.262490414029735,6.6186270852026245,13.756672444042209,1,30,31,194,114
20,30,57,LinearHeuristicAuction,0.05,0.01,,True,,1000,3600,cats_path_g30b150,,heuristic,2,False,CATS,150,paths,MultiMinded,1000,MaxIter,116.67999999999302,11.988608000000001,17,0.830201,0.65249500000000005,10.805389999999997,9.9056845391666357,1.8257690853313198,9.511403155578968,1,30,33,165,87
21,30,76,LinearHeuristicAuction,0.05,0.01,,True,,1000,3600,cats_path_g30b150,,heuristic,2,False,CATS,150,paths,MultiMinded,1000,MaxIter,128.15000000002328,16.346269,19,1.16216,0.87333000000000005,14.670598999999998,14.58082384841213,7.917685375436375,13.771716204645669,1,30,12,183,106
22,30,62,LinearHeuristicAuction,0.05,0.01,,True,,1000,3600,cats_path_g30b150,,heuristic,2,False,CATS,150,paths,MultiMinded,1000,MaxIter,117.61999999999534,11.899390499999999,17,1.11701,0.58296099999999995,10.076921,9.9044020731013962,2.672678536942386,7.4816440196897185,1,30,22,166,92
23,30,61,LinearHeuristicAuction,0.05,0.01,,True,,1000,3600,cats_path_g30b150,,heuristic,2,False,CATS,150,paths,MultiMinded,1000,MaxIter,113.82000000000698,17.460715,20,1.27766,0.872475,16.740362,14.372434178309936,4.7604579883094171,14.762326924844141,1,30,26,158,91
24,30,72,LinearHeuristicAuction,0.05,0.01,,True,,1000,3600,cats_path_g30b150,,heuristic,2,False,CATS,150,paths,MultiMinded,1000,MaxIter,121.94000000000233,16.551633999999996,19,1.24587,0.733267,15.138800999999999,15.319769727670154,4.4743135520166915,12.907776364874501,1,30,28,173,102
25,30,66,LinearHeuristicAuction,0.05,0.01,,True,,1000,3600,cats_path_g30b150,,heuristic,2,False,CATS,150,paths,MultiMinded,1000,MaxIter,119.45000000001164,15.951057999999998,20,1.21778,0.74724500000000005,14.513196999999998,11.602692047949152,5.4892027136640111,14.669148797546509,1,30,39,169,96
26,30,71,LinearHeuristicAuction,0.05,0.01,,True,,1000,3600,cats_path_g30b150,,heuristic,2,False,CATS,150,paths,MultiMinded,1000,MaxIter,122.85999999998603,18.600379,20,1.35655,1.0506500000000001,17.504761000000002,15.28520549743072,8.8449290142869863,16.678836757698946,1,30,28,179,101
27,30,65,LinearHeuristicAuction,0.05,0.01,,True,,1000,3600,cats_path_g30b150,,heuristic,2,False,CATS,150,paths,MultiMinded,1000,MaxIter,117.61999999999534,15.208365,20,1.24835,0.71721100000000004,13.552429000000002,13.825713112671473,5.7927600167514681,11.265842387588155,1,30,30,173,95
28,30,68,LinearHeuristicAuction,0.05,0.01,,True,,1000,3600,cats_path_g30b150,,heuristic,2,False,CATS,150,paths,MultiMinded,1000,MaxIter,122.9100000000326,14.86174,16,1.33611,1.01847,14.080171000000002,12.124205192517728,4.3163341238549542,11.042662623875941,1,30,27,178,98
29,30,58,LinearHeuristicAuction,0.05,0.01,,True,,1000,3600,cats_path_g30b150,,heuristic,2,False,CATS,150,paths,MultiMinded,1000,MaxIter,115.20000000001164,11.257909999999999,17,0.8594,0.57639300000000004,9.936679999999999,9.4474028191064381,2.1323798985437148,6.8103766577808731,1,30,20,164,88
30,30,65,LinearHeuristicAuction,0.05,0.01,,True,,1000,3600,cats_path_g30b150,,heuristic,2,False,CATS,150,paths,MultiMinded,1000,MaxIter,126.42999999999302,12.752407,19,1.05004,0.71123899999999995,11.658593999999999,10.505606893230242,4.9543357764043972,11.331038563083503,1,29,29,173,95
31,30,58,LinearHeuristicAuction,0.05,0.01,,True,,1000,3600,cats_path_g30b150,,heuristic,2,False,CATS,150,paths,MultiMinded,1000,MaxIter,120.51000000000931,13.4727089,16,1.18366,0.86047800000000008,12.394014,12.275204741541479,3.0603735876634595,9.5136393912620854,1,30,15,165,88
32,30,79,LinearHeuristicAuction,0.05,0.01,,True,,1000,3600,cats_path_g30b150,,heuristic,2,False,CATS,150,paths,MultiMinded,1000,MaxIter,130.19000000000233,17.626487,18,1.11283,0.85035499999999997,15.839414999999999,14.673318550291029,4.7107781726123541,12.545272459389636,1,29,28,188,109
33,30,66,LinearHeuristicAuction,0.05,0.01,,True,,1000,3600,cats_path_g30b150,,heuristic,2,False,CATS,150,paths,MultiMinded,1000,MaxIter,120.76000000000931,13.562479100000003,20,1.17658,0.71348500000000004,12.669406100000002,12.489359465144691,5.3647494778300056,12.248325281523421,1,30,27,171,96
34,30,59,LinearHeuristicAuction,0.05,0.01,,True,,1000,3600,cats_path_g30b150,,heuristic,2,False,CATS,150,paths,MultiMinded,1000,MaxIter,113.93000000005122,15.543004,17,1.16304,0.84088200000000002,13.947104000000001,11.982120331676546,6.032843720909705,13.214351087748931,1,30,23,160,89
35,30,61,LinearHeuristicAuction,0.05,0.01,,True,,1000,3600,cats_path_g30b150,,heuristic,2,False,CATS,150,paths,MultiMinded,1000,MaxIter,115.26000000000931,18.943085999999997,18,1.32614,0.92471499999999995,17.657233,13.952582059086957,6.1050067113652906,17.889383898922507,1,30,25,160,91
36,30,75,LinearHeuristicAuction,0.05,0.01,,True,,1000,3600,cats_path_g30b150,,heuristic,2,False,CATS,150,paths,MultiMinded,1000,MaxIter,126.70000000001164,15.257448999999998,19,1.04514,0.73463400000000001,13.480598999999998,12.844878465886353,3.7057968805336152,12.61168293826592,1,30,27,182,105
37,30,73,LinearHeuristicAuction,0.05,0.01,,True,,1000,3600,cats_path_g30b150,,heuristic,2,False,CATS,150,paths,MultiMinded,1000,MaxIter,122.44000000000233,19.314383000000003,21,1.26724,0.81503800000000004,18.679692,16.99662955152759,6.7336252101163163,18.249860236801993,1,30,31,173,103
38,30,69,LinearHeuristicAuction,0.05,0.01,,True,,1000,3600,cats_path_g30b150,,heuristic,2,False,CATS,150,paths,MultiMinded,1000,MaxIter,120.13000000000466,17.06102,20,1.26197,0.80889699999999998,16.183760999999997,14.025749308931612,4.7797342818712503,13.72899117206202,1,30,39,172,99
39,30,64,LinearHeuristicAuction,0.05,0.01,,True,,1000,3600,cats_path_g30b150,,heuristic,2,False,CATS,150,paths,MultiMinded,1000,MaxIter,122.25,18.017829999999996,17,1.46956,1.00953,15.173734999999999,16.478968868985007,3.4932723897413158,13.121344120986576,1,30,28,168,94
40,30,70,LinearHeuristicAuction,0.05,0.01,,True,,1000,3600,cats_path_g30b150,,heuristic,2,False,CATS,150,paths,MultiMinded,1000,MaxIter,124.11999999999534,16.415451,18,1.33618,0.79276899999999995,14.679094000000001,14.164041225952856,3.6362241990358011,14.418469506524861,1,30,21,178,100
41,30,62,LinearHeuristicAuction,0.05,0.01,,True,,1000,3600,cats_path_g30b150,,heuristic,2,False,CATS,150,paths,MultiMinded,1000,MaxIter,114.77000000001863,15.767216000000001,19,1.27329,0.81440000000000001,14.436558,12.635835088293737,3.3157482267516891,11.610509654588649,1,30,16,166,92
42,30,66,LinearHeuristicAuction,0.05,0.01,,True,,1000,3600,cats_path_g30b150,,heuristic,2,False,CATS,150,paths,MultiMinded,1000,MaxIter,119.36999999999534,14.387081000000002,19,1.10378,0.674543,12.379461000000004,11.99844922115833,3.3402557218969666,11.500475432169097,1,30,36,166,96
43,30,57,LinearHeuristicAuction,0.05,0.01,,True,,1000,3600,cats_path_g30b150,,heuristic,2,False,CATS,150,paths,MultiMinded,1000,MaxIter,118.35000000003492,12.78674,19,1.092,0.74160349999999997,12.128124000000001,10.997076460480919,3.6483861828168433,8.4115001355163468,1,30,26,165,87
44,30,67,LinearHeuristicAuction,0.05,0.01,,True,,1000,3600,cats_path_g30b150,,heuristic,2,False,CATS,150,paths,MultiMinded,1000,MaxIter,119.0099999999511,14.327095000000002,19,1.04382,0.66583400000000004,12.423239,10.47991850886147,3.3172858632327316,12.882113315875133,1,29,25,163,97
45,30,80,LinearHeuristicAuction,0.05,0.01,,True,,1000,3600,cats_path_g30b150,,heuristic,2,False,CATS,150,paths,MultiMinded,1000,MaxIter,133.1699999999837,13.769805999999999,18,1.20458,0.66948099999999999,11.28388,11.358980102497956,5.5655643354695306,10.799885571899829,1,30,26,195,110
46,30,62,LinearHeuristicAuction,0.05,0.01,,True,,1000,3600,cats_path_g30b150,,heuristic,2,False,CATS,150,paths,MultiMinded,1000,MaxIter,116.67000000004191,17.982688000000003,20,1.47628,0.89541199999999999,16.55329,14.314648889631449,6.2239183160923703,14.938912204888819,1,30,24,166,92
47,30,50,LinearHeuristicAuction,0.05,0.01,,True,,1000,3600,cats_path_g30b150,,heuristic,2,False,CATS,150,paths,MultiMinded,1000,MaxIter,108.10999999998603,14.4709692,16,1.15255,0.87777400000000005,13.781066999999998,9.4217541594116021,2.9836899419497955,12.443724821747004,1,29,27,150,80
48,30,56,LinearHeuristicAuction,0.05,0.01,,True,,1000,3600,cats_path_g30b150,,heuristic,2,False,CATS,150,paths,MultiMinded,1000,MaxIter,108.67999999999302,19.863466000000003,19,1.39092,0.99550399999999994,19.293436999999997,16.028290977202655,8.2759742184896616,17.865654567674923,1,30,37,150,86
49,30,59,LinearHeuristicAuction,0.05,0.01,,True,,1000,3600,cats_path_g30b150,,heuristic,2,False,CATS,150,paths,MultiMinded,1000,MaxIter,113.92999999999302,12.83722,18,1.27931,0.83850000000000002,12.413794999999999,12.303658814674918,5.0795420404870448,9.2050852805244148,1,29,18,162,89
50,30,72,LinearHeuristicAuction,0.05,0.01,,True,,1000,3600,cats_path_g30b150,,heuristic,2,False,CATS,150,paths,MultiMinded,1000,MaxIter,124.09999999997672,14.769329999999997,17,1.31494,0.719059,13.386752,11.543174999386585,5.5386232353076208,12.774055060791287,1,30,32,176,102
51,30,72,LinearHeuristicAuction,0.05,0.01,,True,,1000,3600,cats_path_g30b150,,heuristic,2,False,CATS,150,paths,MultiMinded,1000,MaxIter,125.88999999995576,16.073219,16,1.09244,0.793798,14.280843,13.852799024799427,1.6218932079455286,8.4852025551059995,1,30,26,176,102
52,30,53,LinearHeuristicAuction,0.05,0.01,,True,,1000,3600,cats_path_g30b150,,heuristic,2,False,CATS,150,paths,MultiMinded,1000,MaxIter,112.42999999999302,12.6877335,17,1.34175,0.74289899999999998,11.884333599999998,10.651135245153954,4.1098710756385692,10.156944798775633,1,30,22,150,83
53,30,69,LinearHeuristicAuction,0.05,0.01,,True,,1000,3600,cats_path_g30b150,,heuristic,2,False,CATS,150,paths,MultiMinded,1000,MaxIter,121.64999999996508,18.740910999999997,17,1.16684,0.90905150000000001,15.998887999999997,15.382430741317094,4.7215605430172696,13.234371506352566,1,30,24,171,99
54,30,63,LinearHeuristicAuction,0.05,0.01,,True,,1000,3600,cats_path_g30b150,,heuristic,2,False,CATS,150,paths,MultiMinded,1000,MaxIter,115.03000000002794,15.541510000000004,18,1.41102,0.83414200000000005,14.792525000000003,12.979999078901722,4.5300969682674559,12.84719710092252,1,30,21,156,93
55,30,79,LinearHeuristicAuction,0.05,0.01,,True,,1000,3600,cats_path_g30b150,,heuristic,2,False,CATS,150,paths,MultiMinded,1000,MaxIter,133.35999999998603,15.979884000000002,18,1.1263,0.85292049999999997,14.236248999999999,16.543003633584743,3.664477752245884,11.600371297242317,1,30,25,189,109
56,30,75,LinearHeuristicAuction,0.05,0.01,,True,,1000,3600,cats_path_g30b150,,heuristic,2,False,CATS,150,paths,MultiMinded,1000,MaxIter,128.75,18.432461999999994,20,1.25637,0.86360099999999995,16.830643,15.172179249638191,5.1470323545168357,14.99249742568098,1,30,21,184,105
57,30,69,LinearHeuristicAuction,0.05,0.01,,True,,1000,3600,cats_path_g30b150,,heuristic,2,False,CATS,150,paths,MultiMinded,1000,MaxIter,123.6699999999837,21.377306399999995,19,1.41831,1.0310999999999999,19.961407,17.262410694169574,10.222298191841936,19.051728980086583,1,30,26,176,99
58,30,55,LinearHeuristicAuction,0.05,0.01,,True,,1000,3600,cats_path_g30b150,,heuristic,2,False,CATS,150,paths,MultiMinded,1000,MaxIter,111.67999999999302,12.959700999999999,19,1.39908,0.69830300000000001,12.002909999999998,11.195923840070408,5.0102248988633695,10.070090374872191,1,30,25,158,85
59,30,62,LinearHeuristicAuction,0.05,0.01,,True,,1000,3600,cats_path_g30b150,,heuristic,2,False,CATS,150,paths,MultiMinded,1000,MaxIter,116.17999999999302,11.245693,18,0.937523,0.59201349999999997,10.944925,7.8630487139132752,2.5397335128561975,8.2436797527530814,1,30,12,157,92
60,30,62,LinearHeuristicAuction,0.05,0.01,,True,,1000,3600,cats_path_g30b150,,heuristic,2,False,CATS,150,paths,MultiMinded,1000,MaxIter,115.92999999999302,16.295090999999996,19,1.36668,0.91428500000000001,15.982455999999997,13.9501831426651,5.7735645897022412,12.493756772952469,1,30,24,163,92
61,30,65,LinearHeuristicAuction,0.05,0.01,,True,,1000,3600,cats_path_g30b150,,heuristic,2,False,CATS,150,paths,MultiMinded,1000,MaxIter,115.8300000000163,12.734226999999999,17,1.10066,0.73527699999999996,11.025013999999999,10.246925364245673,4.002667398691715,10.399486816988873,1,28,15,161,95
62,30,74,LinearHeuristicAuction,0.05,0.01,,True,,1000,3600,cats_path_g30b150,,heuristic,2,False,CATS,150,paths,MultiMinded,1000,MaxIter,129.0900000000256,15.189660000000002,18,1.07901,0.72534500000000002,13.326548000000003,11.395958717904822,2.8375221555261883,10.895186418921256,1,30,27,184,104
63,30,57,LinearHeuristicAuction,0.05,0.01,,True,,1000,3600,cats_path_g30b150,,heuristic,2,False,CATS,150,paths,MultiMinded,1000,MaxIter,108.05999999999767,15.812223,19,1.17468,0.85123000000000004,15.038245000000002,13.349205035831183,5.2046941974164547,14.080349515127859,1,30,34,152,87
64,30,65,LinearHeuristicAuction,0.05,0.01,,True,,1000,3600,cats_path_g30b150,,heuristic,2,False,CATS,150,paths,MultiMinded,1000,MaxIter,121.28000000002794,14.256674000000002,17,1.1464,0.76940900000000001,12.874118000000001,14.387847679338345,7.2381812307169273,10.126818298946352,1,30,26,175,95
65,30,75,LinearHeuristicAuction,0.05,0.01,,True,,1000,3600,cats_path_g30b150,,heuristic,2,False,CATS,150,paths,MultiMinded,1000,MaxIter,127.03000000002794,14.689584000000002,18,1.20503,0.79890700000000003,13.270856,14.233331895284708,6.6158858223541124,12.944721778004363,1,30,28,184,105
66,30,64,LinearHeuristicAuction,0.05,0.01,,True,,1000,3600,cats_path_g30b150,,heuristic,2,False,CATS,150,paths,MultiMinded,1000,MaxIter,116.57000000000698,15.318505000000002,19,1.13026,0.77133499999999999,13.821626000000002,13.898426057741327,7.6400188060734227,12.324191729569801,1,30,17,171,94
67,30,65,LinearHeuristicAuction,0.05,0.01,,True,,1000,3600,cats_path_g30b150,,heuristic,2,False,CATS,150,paths,MultiMinded,1000,MaxIter,121.38000000000466,17.19162,19,1.36208,0.868533,15.823136000000003,14.007996400378035,6.4142012300304234,14.534642698341704,1,30,20,170,95
68,30,62,LinearHeuristicAuction,0.05,0.01,,True,,1000,3600,cats_path_g30b150,,heuristic,2,False,CATS,150,paths,MultiMinded,1000,MaxIter,120.46000000002095,16.58045,19,1.1806,0.75433449999999991,15.058431999999996,8.8840544781531801,1.7437655187352272,13.506099545718699,1,30,17,166,92
69,30,69,LinearHeuristicAuction,0.05,0.01,,True,,1000,3600,cats_path_g30b150,,heuristic,2,False,CATS,150,paths,MultiMinded,1000,MaxIter,122.29000000003725,16.94247,21,1.39982,0.781829,15.609969,14.902685209237276,5.4423517888730615,14.12889617875668,1,30,25,165,99
70,30,69,LinearHeuristicAuction,0.05,0.01,,True,,1000,3600,cats_path_g30b150,,heuristic,2,False,CATS,150,paths,MultiMinded,1000,MaxIter,120.70000000001164,15.6214981,18,1.25374,0.86018899999999998,13.780771999999999,13.178085991621014,4.6455003300977449,12.612146206951181,1,30,16,179,99
71,30,72,LinearHeuristicAuction,0.05,0.01,,True,,1000,3600,cats_path_g30b150,,heuristic,2,False,CATS,150,paths,MultiMinded,1000,MaxIter,126.25,18.0902305,19,1.22443,0.96304999999999996,17.191882000000003,18.772047566414443,6.378921831458447,12.712224358711111,1,30,25,181,102
72,30,71,LinearHeuristicAuction,0.05,0.01,,True,,1000,3600,cats_path_g30b150,,heuristic,2,False,CATS,150,paths,MultiMinded,1000,MaxIter,124.96000000002095,14.262129000000002,21,1.12549,0.60241199999999995,13.657347999999999,10.328100346258688,4.0105338890387836,13.042641931349735,1,30,20,183,101
73,30,61,LinearHeuristicAuction,0.05,0.01,,True,,1000,3600,cats_path_g30b150,,heuristic,2,False,CATS,150,paths,MultiMinded,1000,MaxIter,118.0899999999674,16.416352,15,1.29762,0.90387399999999996,13.538663000000001,13.515197529507718,5.2511927269602836,11.505436712037117,1,30,27,159,91
74,30,65,LinearHeuristicAuction,0.05,0.01,,True,,1000,3600,cats_path_g30b150,,heuristic,2,False,CATS,150,paths,MultiMinded,1000,MaxIter,115.96000000002095,10.025623,17,0.812177,0.53816299999999995,8.983669,9.6707949936555408,3.2865418689259545,7.6658118915855482,1,30,22,165,95
75,30,69,LinearHeuristicAuction,0.05,0.01,,True,,1000,3600,cats_path_g30b150,,heuristic,2,False,CATS,150,paths,MultiMinded,1000,MaxIter,122.22999999998137,15.321485,20,1.30411,0.789794,14.281701,15.657515393270742,5.1725339006208326,11.128760953150096,1,30,16,175,99
76,30,66,LinearHeuristicAuction,0.05,0.01,,True,,1000,3600,cats_path_g30b150,,heuristic,2,False,CATS,150,paths,MultiMinded,1000,MaxIter,121.09999999997672,17.565949,18,1.39796,0.82384800000000002,16.097394999999995,13.766672065512203,4.056772012680808,14.47434941383738,1,30,29,167,96
77,30,71,LinearHeuristicAuction,0.05,0.01,,True,,1000,3600,cats_path_g30b150,,heuristic,2,False,CATS,150,paths,MultiMinded,1000,MaxIter,122.40999999997439,17.445843,20,1.28117,0.83980299999999997,16.143034,15.015891242756732,4.8368965049970782,14.499773116009349,1,30,31,173,101
78,30,77,LinearHeuristicAuction,0.05,0.01,,True,,1000,3600,cats_path_g30b150,,heuristic,2,False,CATS,150,paths,MultiMinded,1000,MaxIter,131.2399999999907,17.835809,19,1.27923,0.84794999999999998,15.687471999999998,17.52977850052822,6.8443488091754379,14.309153199828,1,30,31,188,107
79,30,71,LinearHeuristicAuction,0.05,0.01,,True,,1000,3600,cats_path_g30b150,,heuristic,2,False,CATS,150,paths,MultiMinded,1000,MaxIter,128.8400000000256,15.251795000000001,18,1.08004,0.77857100000000001,13.679515000000002,13.241893324299028,3.7616373848131404,12.070113993056671,1,30,32,176,101
80,30,67,LinearHeuristicAuction,0.05,0.01,,True,,1000,3600,cats_path_g30b150,,heuristic,2,False,CATS,150,paths,MultiMinded,1000,MaxIter,119.90999999997439,21.216326000000002,21,1.34186,1.05186,20.165732,17.98332921598249,8.4614480668164109,14.999739595626522,1,30,28,180,97
81,30,68,LinearHeuristicAuction,0.05,0.01,,True,,1000,3600,cats_path_g30b150,,heuristic,2,False,CATS,150,paths,MultiMinded,1000,MaxIter,123.61999999999534,14.454433000000002,16,1.14794,0.83136399999999999,12.711464,11.504613658046292,3.5019639777324572,10.442880174350767,1,29,26,175,98
82,30,64,LinearHeuristicAuction,0.05,0.01,,True,,1000,3600,cats_path_g30b150,,heuristic,2,False,CATS,150,paths,MultiMinded,1000,MaxIter,116.11999999999534,14.456647999999998,21,1.03149,0.62555099999999997,13.633163499999998,12.420164139965784,4.1430753272237864,12.66977614868512,1,30,29,161,94
83,30,64,LinearHeuristicAuction,0.05,0.01,,True,,1000,3600,cats_path_g30b150,,heuristic,2,False,CATS,150,paths,MultiMinded,1000,MaxIter,119.47999999998137,15.243575000000002,20,1.11077,0.82948200000000005,14.542263,14.891554274106314,6.6407026209477875,13.843153394567789,1,30,26,166,94
84,30,55,LinearHeuristicAuction,0.05,0.01,,True,,1000,3600,cats_path_g30b150,,heuristic,2,False,CATS,150,paths,MultiMinded,1000,MaxIter,115.55999999999767,10.829593,16,1.04035,0.60557799999999995,10.439760999999999,7.867794389437055,2.9131367860291113,8.6663702816236103,1,30,34,161,85
85,30,70,LinearHeuristicAuction,0.05,0.01,,True,,1000,3600,cats_path_g30b150,,heuristic,2,False,CATS,150,paths,MultiMinded,1000,MaxIter,124.80999999999767,17.838826,17,1.20482,0.99917599999999995,16.752022999999998,15.625713912317863,5.8412659530791196,13.119995659296382,1,30,21,183,100
86,30,63,LinearHeuristicAuction,0.05,0.01,,True,,1000,3600,cats_path_g30b150,,heuristic,2,False,CATS,150,paths,MultiMinded,1000,MaxIter,119.04999999998836,14.348480000000002,19,1.12303,0.66461599999999998,14.028569000000001,11.605454617585552,7.1603262246760613,13.259218688264975,1,30,34,165,93
87,30,64,LinearHeuristicAuction,0.05,0.01,,True,,1000,3600,cats_path_g30b150,,heuristic,2,False,CATS,150,paths,MultiMinded,1000,MaxIter,119.60999999998603,15.876268000000007,19,1.16618,0.92069400000000001,15.186565000000005,12.305944085987056,5.2387468457525497,11.444153803518025,1,30,27,176,94
88,30,76,LinearHeuristicAuction,0.05,0.01,,True,,1000,3600,cats_path_g30b150,,heuristic,2,False,CATS,150,paths,MultiMinded,1000,MaxIter,128.21000000002095,20.508544000000004,20,1.50963,0.97545999999999999,18.893247000000002,15.333182985407872,5.3701954126931701,16.954386203515476,1,30,28,184,106
89,30,72,LinearHeuristicAuction,0.05,0.01,,True,,1000,3600,cats_path_g30b150,,heuristic,2,False,CATS,150,paths,MultiMinded,1000,MaxIter,129.60999999998603,16.188547,19,1.37467,0.81535500000000005,15.397275000000004,13.147423245315519,5.9265378977985774,13.86587971000586,1,30,27,182,102
90,30,54,LinearHeuristicAuction,0.05,0.01,,True,,1000,3600,cats_path_g30b150,,heuristic,2,False,CATS,150,paths,MultiMinded,1000,MaxIter,112.47000000003027,12.251615099999999,17,0.821456,0.64283100000000004,10.508045,10.467733056793758,3.9519561382307518,9.5276840449168407,1,30,33,166,84
91,30,66,LinearHeuristicAuction,0.05,0.01,,True,,1000,3600,cats_path_g30b150,,heuristic,2,False,CATS,150,paths,MultiMinded,1000,MaxIter,119.22000000003027,13.249561,16,1.08687,0.77222100000000005,10.552632000000001,12.044821201776291,3.4137801850096268,7.3601145621683042,1,30,19,172,96
92,30,57,LinearHeuristicAuction,0.05,0.01,,True,,1000,3600,cats_path_g30b150,,heuristic,2,False,CATS,150,paths,MultiMinded,1000,MaxIter,114.26000000000931,12.038590999999998,17,0.968649,0.65237100000000003,10.352760999999997,10.984454758233776,3.7226389310600676,7.4966155119343174,1,30,24,151,87
93,30,62,LinearHeuristicAuction,0.05,0.01,,True,,1000,3600,cats_path_g30b150,,heuristic,2,False,CATS,150,paths,MultiMinded,1000,MaxIter,119.46999999997206,16.059345,16,1.15822,0.86252099999999998,13.301786000000003,13.449618876400042,3.3421973458087431,11.284650403326207,1,30,26,165,92
94,30,68,LinearHeuristicAuction,0.05,0.01,,True,,1000,3600,cats_path_g30b150,,heuristic,2,False,CATS,150,paths,MultiMinded,1000,MaxIter,128.17999999999302,17.743863,18,1.39576,0.98003499999999999,17.059585,15.935158490824357,5.1216750647820382,13.674679550199386,1,30,22,173,98
95,30,64,LinearHeuristicAuction,0.05,0.01,,True,,1000,3600,cats_path_g30b150,,heuristic,2,False,CATS,150,paths,MultiMinded,1000,MaxIter,112.36999999999534,15.467591,22,0.907099,0.58233449999999998,13.769735000000003,11.117527158204021,3.9789043698896225,11.611334426006314,1,30,18,160,94
96,30,57,LinearHeuristicAuction,0.05,0.01,,True,,1000,3600,cats_path_g30b150,,heuristic,2,False,CATS,150,paths,MultiMinded,1000,MaxIter,116.36000000004424,9.8668957,17,1.02137,0.65189799999999998,9.858082600000001,8.6256235264925785,4.9685951123451151,7.9683924492126437,1,30,21,155,87
97,30,55,LinearHeuristicAuction,0.05,0.01,,True,,1000,3600,cats_path_g30b150,,heuristic,2,False,CATS,150,paths,MultiMinded,1000,MaxIter,110.97999999998137,12.714137000000001,16,1.1671,0.73047649999999997,11.567873000000002,11.116905858281013,4.8493270469101617,8.781385790324677,1,29,24,159,85
98,30,61,LinearHeuristicAuction,0.05,0.01,,True,,1000,3600,cats_path_g30b150,,heuristic,2,False,CATS,150,paths,MultiMinded,1000,MaxIter,119.85999999998603,17.221063000000004,16,1.28051,0.90821799999999997,15.193733000000002,14.937224960838488,3.0865655925694604,12.51755320713238,1,30,36,159,91
99,30,71,LinearHeuristicAuction,0.05,0.01,,True,,1000,3600,cats_path_g30b150,,heuristic,2,False,CATS,150,paths,MultiMinded,1000,MaxIter,125.40999999997439,16.835101,18,1.27222,0.965194,15.071057,17.701166354205487,4.517149074441928,12.553268109967478,1,30,25,177,101
100,30,69,LinearHeuristicAuction,0.05,0.01,,True,,1000,3600,cats_path_g30b150,,heuristic,2,False,CATS,150,paths,MultiMinded,1000,MaxIter,126.34000000002561,11.185935,20,0.872955,0.55562999999999996,10.656410999999999,7.975064872911978,3.5414350743999461,8.8083887968766348,1,30,27,165,99
