idx,items,agents,auction_class,epsilon,stepc,epoch,scalebyvalue,reserve_type,maxiter,maxtime,generator_param_name,personalized,bidding_strategy,heuristic_pool_num,int_prices,generator,bids,distribution,type,rounds,status,runtime,efficient_value,final_num_winners,final_max_agent_value,final_scalevalue,final_value,final_total_price,final_revenue,final_indirect_util,final_price_degree,final_price_sparsity,final_imbalance,final_wd_nvars,final_wd_ncons
1,30,67,AdaptiveCuttingAuction,0.05,0.08,10,True,,1000,3600,cats_path_g30b150,True,default,2,False,CATS,150,paths,MultiMinded,85,Balance,47.26000000000931,15.606157999999997,22,1.23481,0.870313,15.595292499999996,12.159847605564471,11.202503305564472,14.704451241989958,1,29,9,206,97
2,30,63,AdaptiveCuttingAuction,0.05,0.08,10,True,,1000,3600,cats_path_g30b150,True,default,2,False,CATS,150,paths,MultiMinded,121,Balance,69.71000000002095,14.094153000000002,22,1.04283,0.78301449999999995,14.094153000000002,11.899637843003958,11.059653898398212,13.364624010782597,3,54,20,197,93
3,30,69,AdaptiveCuttingAuction,0.05,0.08,10,True,,1000,3600,cats_path_g30b150,True,default,2,False,CATS,150,paths,MultiMinded,194,Balance,173.9899999999907,19.941755999999998,23,1.33809,0.95683499999999999,19.941756,17.411489580304398,16.3111293303044,18.925564469158825,3,55,15,204,99
4,30,66,AdaptiveCuttingAuction,0.05,0.08,10,True,,1000,3600,cats_path_g30b150,True,default,2,False,CATS,150,paths,MultiMinded,150,Balance,129.02000000001863,14.118885,21,0.998367,0.78126600000000002,14.102241000000001,13.317716705896171,12.497387405896172,13.386695625859371,3,60,30,205,96
5,30,65,AdaptiveCuttingAuction,0.05,0.08,10,True,,1000,3600,cats_path_g30b150,True,default,2,False,CATS,150,paths,MultiMinded,101,Balance,131.4899999999907,15.664620999999997,25,1.04116,0.78344400000000003,15.664620999999997,12.905223863757843,11.925918863757847,14.76051630276744,3,50,8,201,95
6,30,61,AdaptiveCuttingAuction,0.05,0.08,10,True,,1000,3600,cats_path_g30b150,True,default,2,False,CATS,150,paths,MultiMinded,256,Balance,220.2600000000093,15.723609,22,1.13448,0.79950699999999997,15.718360999999998,13.540653115546149,12.661195415546144,14.897895223262118,3,61,11,201,91
7,30,64,AdaptiveCuttingAuction,0.05,0.08,10,True,,1000,3600,cats_path_g30b150,True,default,2,False,CATS,150,paths,MultiMinded,155,Balance,95.56999999994878,16.373429,23,1.20046,0.76909549999999993,16.366977000000002,12.201978029549773,11.317518204549774,15.567491091652464,3,46,16,199,94
8,30,72,AdaptiveCuttingAuction,0.05,0.08,10,True,,1000,3600,cats_path_g30b150,True,default,2,False,CATS,150,paths,MultiMinded,105,Balance,140.0899999999674,16.311622,22,1.24903,0.86937299999999995,16.311622,15.746512089007243,14.790201789007252,15.445833973533256,3,66,17,213,102
9,30,60,AdaptiveCuttingAuction,0.05,0.08,10,True,,1000,3600,cats_path_g30b150,True,default,2,False,CATS,150,paths,MultiMinded,107,Balance,185.10999999998603,14.554215,23,1.25806,0.77530200000000005,14.554215,12.941414188366219,12.070938778760553,13.784850255026432,3,57,21,201,90
10,30,64,AdaptiveCuttingAuction,0.05,0.08,10,True,,1000,3600,cats_path_g30b150,True,default,2,False,CATS,150,paths,MultiMinded,65,Balance,80.77000000001863,15.764945999999998,24,1.20473,0.77151750000000008,15.756518999999999,13.724872961980148,12.820070749591064,15.01507126709474,4,62,23,202,94
11,30,70,AdaptiveCuttingAuction,0.05,0.08,10,True,,1000,3600,cats_path_g30b150,True,default,2,False,CATS,150,paths,MultiMinded,120,Balance,80.82000000000698,15.460275,23,1.12749,0.83722600000000003,15.430190999999997,13.987580477138893,13.024770577138886,14.598449820126207,3,49,19,210,100
12,30,67,AdaptiveCuttingAuction,0.05,0.08,10,True,,1000,3600,cats_path_g30b150,True,default,2,False,CATS,150,paths,MultiMinded,187,Balance,295.2299999999814,14.9714,23,1.03711,0.74539299999999997,14.967424199999998,12.024920342090613,11.20498804209061,14.291025210375624,3,3022,30,202,97
13,30,70,AdaptiveCuttingAuction,0.05,0.08,10,True,,1000,3600,cats_path_g30b150,True,default,2,False,CATS,150,paths,MultiMinded,166,Balance,178.1700000000419,13.718234000000002,25,1.05702,0.66747699999999999,13.718234000000002,11.666735577654551,10.850573694565432,12.939744046398525,3,37,8,207,100
14,30,57,AdaptiveCuttingAuction,0.05,0.08,10,True,,1000,3600,cats_path_g30b150,True,default,2,False,CATS,150,paths,MultiMinded,172,Balance,143.5899999999674,13.5776358,21,1.27472,0.79768799999999995,13.5776358,11.079831502445137,10.245299871922789,12.828839406309093,3,61,21,202,87
15,30,76,AdaptiveCuttingAuction,0.05,0.08,10,True,,1000,3600,cats_path_g30b150,True,default,2,False,CATS,150,paths,MultiMinded,119,Balance,132.21999999997206,19.193505000000002,24,1.29161,1.0414399999999999,19.193505000000002,17.911490583975873,16.661762583975868,18.033818353385165,3,46,12,212,106
16,30,55,AdaptiveCuttingAuction,0.05,0.08,10,True,,1000,3600,cats_path_g30b150,True,default,2,False,CATS,150,paths,MultiMinded,216,Balance,219.7399999999907,17.6371399,23,1.30608,0.92928299999999997,17.6371399,15.231316235719721,14.162640785719717,16.630970075128282,3,73,16,193,85
17,30,60,AdaptiveCuttingAuction,0.05,0.08,10,True,,1000,3600,cats_path_g30b150,True,default,2,False,CATS,150,paths,MultiMinded,172,Balance,237.6599999999744,17.3437429,24,1.15586,0.84924900000000003,17.3437429,16.382478894595547,15.363380094595541,16.3930862352037,3,49,12,200,90
18,30,68,AdaptiveCuttingAuction,0.05,0.08,10,True,,1000,3600,cats_path_g30b150,True,default,2,False,CATS,150,paths,MultiMinded,196,Balance,133.76999999996042,16.532421,23,1.15917,0.79773499999999997,16.532421,14.578080251847293,13.660685001847286,15.70534177488444,3,43,26,208,98
19,30,84,AdaptiveCuttingAuction,0.05,0.08,10,True,,1000,3600,cats_path_g30b150,True,default,2,False,CATS,150,paths,MultiMinded,82,Balance,60.789999999979045,16.550685,22,1.19703,0.78075050000000001,16.550685,13.878538187273998,13.040982963529222,15.747562729000494,2,36,10,228,114
20,30,57,AdaptiveCuttingAuction,0.05,0.08,10,True,,1000,3600,cats_path_g30b150,True,default,2,False,CATS,150,paths,MultiMinded,398,Balance,465.3399999999674,11.988608000000001,22,0.830201,0.65249500000000005,11.988608,10.992575724772907,10.274831224772907,11.312339395122525,3,66,9,202,87
21,30,76,AdaptiveCuttingAuction,0.05,0.08,10,True,,1000,3600,cats_path_g30b150,True,default,2,False,CATS,150,paths,MultiMinded,130,Balance,106.05000000004657,16.346269,23,1.16216,0.87333000000000005,16.346269,14.526894343767477,13.522564843767476,15.434167585288169,3,54,13,217,106
22,30,62,AdaptiveCuttingAuction,0.05,0.08,10,True,,1000,3600,cats_path_g30b150,True,default,2,False,CATS,150,paths,MultiMinded,83,Balance,57.78000000002794,11.899390499999999,24,1.11701,0.58296099999999995,11.899390499999997,9.3556589293469425,8.6930172012719105,11.243802866553899,3,45,4,201,92
23,30,61,AdaptiveCuttingAuction,0.05,0.08,10,True,,1000,3600,cats_path_g30b150,True,default,2,False,CATS,150,paths,MultiMinded,1000,MaxIter,3203.9799999999814,17.460715,24,1.27766,0.872475,17.327741000000003,15.986797024930041,14.93982702493004,16.487534845484113,3,3151,23,200,91
24,30,72,AdaptiveCuttingAuction,0.05,0.08,10,True,,1000,3600,cats_path_g30b150,True,default,2,False,CATS,150,paths,MultiMinded,162,Balance,99.15000000002328,16.551633999999996,22,1.24587,0.733267,16.527177999999996,14.50823534070355,13.701641640703553,15.815644426548175,3,54,22,212,102
25,30,66,AdaptiveCuttingAuction,0.05,0.08,10,True,,1000,3600,cats_path_g30b150,True,default,2,False,CATS,150,paths,MultiMinded,147,Balance,89.07999999995809,15.951057999999998,26,1.21778,0.74724500000000005,15.944763999999997,12.888136882862636,11.937075904173975,15.046433798505918,3,42,14,201,96
26,30,71,AdaptiveCuttingAuction,0.05,0.08,10,True,,1000,3600,cats_path_g30b150,True,default,2,False,CATS,150,paths,MultiMinded,469,Balance,1168.5699999999488,18.600379,23,1.35655,1.0506500000000001,18.600379,16.261175899856127,15.05292839985613,17.477433897443309,3,3490,19,211,101
27,30,65,AdaptiveCuttingAuction,0.05,0.08,10,True,,1000,3600,cats_path_g30b150,True,default,2,False,CATS,150,paths,MultiMinded,345,Balance,422.14000000001397,15.208365,22,1.24835,0.71721100000000004,15.196002,13.109472517274794,12.32054041727479,14.519362351787056,3,3127,20,200,95
28,30,68,AdaptiveCuttingAuction,0.05,0.08,10,True,,1000,3600,cats_path_g30b150,True,default,2,False,CATS,150,paths,MultiMinded,277,Balance,369.85999999998603,14.86174,20,1.33611,1.01847,14.86174,12.99710621159223,12.080483211592233,13.97996554964242,3,58,9,211,98
29,30,58,AdaptiveCuttingAuction,0.05,0.08,10,True,,1000,3600,cats_path_g30b150,True,default,2,False,CATS,150,paths,MultiMinded,105,Balance,102.60999999998603,11.257909999999999,22,0.8594,0.57639300000000004,11.257299999999999,9.3485477621443245,8.7459213137223273,10.703426234350159,3,58,14,200,88
30,30,65,AdaptiveCuttingAuction,0.05,0.08,10,True,,1000,3600,cats_path_g30b150,True,default,2,False,CATS,150,paths,MultiMinded,158,Balance,121.54999999998836,12.752407,21,1.05004,0.71123899999999995,12.752407,10.9943380673652,10.247537117365201,12.085256454714996,4,62,18,206,95
31,30,58,AdaptiveCuttingAuction,0.05,0.08,10,True,,1000,3600,cats_path_g30b150,True,default,2,False,CATS,150,paths,MultiMinded,81,Balance,103.38000000000466,13.4727089,19,1.18366,0.86047800000000008,13.440069,12.227564020293785,11.410109920293788,12.764593767237622,3,69,18,198,88
32,30,79,AdaptiveCuttingAuction,0.05,0.08,10,True,,1000,3600,cats_path_g30b150,True,default,2,False,CATS,150,paths,MultiMinded,333,Balance,510.6000000000349,17.626487,23,1.11283,0.85035499999999997,17.621859,14.290687257760919,13.355296757760916,16.730821091686803,3,48,7,218,109
33,30,66,AdaptiveCuttingAuction,0.05,0.08,10,True,,1000,3600,cats_path_g30b150,True,default,2,False,CATS,150,paths,MultiMinded,215,Balance,402.11999999999534,13.562479100000003,24,1.17658,0.71348500000000004,13.562479100000001,12.754884666367373,11.898702666367377,12.791366576960826,3,3696,25,207,96
34,30,59,AdaptiveCuttingAuction,0.05,0.08,10,True,,1000,3600,cats_path_g30b150,True,default,2,False,CATS,150,paths,MultiMinded,104,Balance,66.85999999998603,15.543004,19,1.16304,0.84088200000000002,15.543004,13.646022520578262,12.847184620578261,14.827662291534899,3,51,25,200,89
35,30,61,AdaptiveCuttingAuction,0.05,0.08,10,True,,1000,3600,cats_path_g30b150,True,default,2,False,CATS,150,paths,MultiMinded,262,Balance,234.47999999998137,18.943085999999997,23,1.32614,0.92471499999999995,18.943085999999997,16.792245525184882,15.728823275184888,17.969714532273791,3,45,10,201,91
36,30,75,AdaptiveCuttingAuction,0.05,0.08,10,True,,1000,3600,cats_path_g30b150,True,default,2,False,CATS,150,paths,MultiMinded,162,Balance,236.29999999998836,15.257448999999998,25,1.04514,0.73463400000000001,15.257448999999998,14.375617416682243,13.457324916682236,14.370459922662297,3,56,14,216,105
37,30,73,AdaptiveCuttingAuction,0.05,0.08,10,True,,1000,3600,cats_path_g30b150,True,default,2,False,CATS,150,paths,MultiMinded,168,Balance,196.9099999999744,19.314383000000003,25,1.26724,0.81503800000000004,19.314383000000003,16.357463127624257,15.338665627624257,18.330446928243408,3,49,9,208,103
38,30,69,AdaptiveCuttingAuction,0.05,0.08,10,True,,1000,3600,cats_path_g30b150,True,default,2,False,CATS,150,paths,MultiMinded,91,Balance,162.15000000002328,17.06102,24,1.26197,0.80889699999999998,17.039513,14.77168647431899,13.823047207944738,16.250126373252421,3,4141,33,210,99
39,30,64,AdaptiveCuttingAuction,0.05,0.08,10,True,,1000,3600,cats_path_g30b150,True,default,2,False,CATS,150,paths,MultiMinded,52,Balance,35.20999999996275,18.017829999999996,21,1.46956,1.00953,17.999083999999996,15.379256253527515,14.319249753527513,17.064659524623771,3,44,22,205,94
40,30,70,AdaptiveCuttingAuction,0.05,0.08,10,True,,1000,3600,cats_path_g30b150,True,default,2,False,CATS,150,paths,MultiMinded,282,Balance,390.3400000000256,16.415451,21,1.33618,0.79276899999999995,16.415451,15.592745875493646,14.760338425493648,15.631039691759481,3,3458,5,210,100
41,30,62,AdaptiveCuttingAuction,0.05,0.08,10,True,,1000,3600,cats_path_g30b150,True,default,2,False,CATS,150,paths,MultiMinded,601,Balance,399.6500000000233,15.767216000000001,21,1.27329,0.81440000000000001,15.759091,13.153510194049689,12.298390194049686,14.946455620938995,3,50,13,204,92
42,30,66,AdaptiveCuttingAuction,0.05,0.08,10,True,,1000,3600,cats_path_g30b150,True,default,2,False,CATS,150,paths,MultiMinded,139,Balance,160.03000000002794,14.387081000000002,23,1.10378,0.674543,14.366987000000005,12.574563482202237,11.798839032202235,13.679414310799437,4,56,7,206,96
43,30,57,AdaptiveCuttingAuction,0.05,0.08,10,True,,1000,3600,cats_path_g30b150,True,default,2,False,CATS,150,paths,MultiMinded,142,Balance,124.04000000003725,12.78674,22,1.092,0.74160349999999997,12.78674,11.405817698666246,10.590053848666248,12.053834888356302,3,2622,26,197,87
44,30,67,AdaptiveCuttingAuction,0.05,0.08,10,True,,1000,3600,cats_path_g30b150,True,default,2,False,CATS,150,paths,MultiMinded,93,Balance,105.89000000001397,14.327095000000002,24,1.04382,0.66583400000000004,14.325395000000002,11.706398066878716,10.907397266878718,13.574510630332771,3,55,17,204,97
45,30,80,AdaptiveCuttingAuction,0.05,0.08,10,True,,1000,3600,cats_path_g30b150,True,default,2,False,CATS,150,paths,MultiMinded,215,Balance,214.94000000000233,13.769805999999999,24,1.20458,0.66948099999999999,13.769805999999999,11.191777070180848,10.39095191733546,12.977160938657484,3,39,6,220,110
46,30,62,AdaptiveCuttingAuction,0.05,0.08,10,True,,1000,3600,cats_path_g30b150,True,default,2,False,CATS,150,paths,MultiMinded,122,Balance,103.03000000002794,17.982688000000003,26,1.47628,0.89541199999999999,17.982688000000003,14.410584861148447,13.246549261148452,16.845017774697595,3,44,7,202,92
47,30,50,AdaptiveCuttingAuction,0.05,0.08,10,True,,1000,3600,cats_path_g30b150,True,default,2,False,CATS,150,paths,MultiMinded,308,Balance,188.9899999999907,14.4709692,19,1.15255,0.87777400000000005,14.4219492,12.14812179755106,11.314236497551057,13.713521273890271,3,51,17,194,80
48,30,56,AdaptiveCuttingAuction,0.05,0.08,10,True,,1000,3600,cats_path_g30b150,True,default,2,False,CATS,150,paths,MultiMinded,143,Balance,88.68000000005122,19.863466000000003,20,1.39092,0.99550399999999994,19.863466000000003,16.538070982800637,15.542566982800645,19.012003038945753,3,2353,22,193,86
49,30,59,AdaptiveCuttingAuction,0.05,0.08,10,True,,1000,3600,cats_path_g30b150,True,default,2,False,CATS,150,paths,MultiMinded,93,Balance,99.90000000002328,12.83722,18,1.27931,0.83850000000000002,12.83722,11.253101558996486,10.540376558996483,12.340808644125723,4,3072,38,199,89
50,30,72,AdaptiveCuttingAuction,0.05,0.08,10,True,,1000,3600,cats_path_g30b150,True,default,2,False,CATS,150,paths,MultiMinded,102,Balance,82.78999999997905,14.769329999999997,20,1.31494,0.719059,14.769329999999997,12.260619729982469,11.561150367807549,14.125574670353897,4,57,8,210,102
51,30,72,AdaptiveCuttingAuction,0.05,0.08,10,True,,1000,3600,cats_path_g30b150,True,default,2,False,CATS,150,paths,MultiMinded,106,Balance,88.30999999999767,16.073219,23,1.09244,0.793798,16.07252,14.115609294899171,13.202741594899162,15.194601311639332,4,59,9,213,102
52,30,53,AdaptiveCuttingAuction,0.05,0.08,10,True,,1000,3600,cats_path_g30b150,True,default,2,False,CATS,150,paths,MultiMinded,170,Balance,127.37000000005355,12.6877335,20,1.34175,0.74289899999999998,12.6877335,10.785693134811289,10.042794134811288,12.022514570524457,3,70,18,194,83
53,30,69,AdaptiveCuttingAuction,0.05,0.08,10,True,,1000,3600,cats_path_g30b150,True,default,2,False,CATS,150,paths,MultiMinded,90,Balance,37.089999999967404,18.740910999999997,22,1.16684,0.90905150000000001,18.719303999999998,14.712565202172772,13.712608552172767,17.81780101097398,3,40,14,205,99
54,30,63,AdaptiveCuttingAuction,0.05,0.08,10,True,,1000,3600,cats_path_g30b150,True,default,2,False,CATS,150,paths,MultiMinded,269,Balance,251.88000000000466,15.541510000000004,22,1.41102,0.83414200000000005,15.541510000000004,14.458318703170363,13.540762503170363,14.680319462103892,5,61,20,207,93
55,30,79,AdaptiveCuttingAuction,0.05,0.08,10,True,,1000,3600,cats_path_g30b150,True,default,2,False,CATS,150,paths,MultiMinded,173,Balance,175.35000000003492,15.979884000000002,23,1.1263,0.85292049999999997,15.979884000000002,15.112657588097203,14.131799013097206,15.035083180948128,3,46,8,224,109
56,30,75,AdaptiveCuttingAuction,0.05,0.08,10,True,,1000,3600,cats_path_g30b150,True,default,2,False,CATS,150,paths,MultiMinded,119,Balance,112.80999999999767,18.432461999999994,24,1.25637,0.86360099999999995,18.432461999999994,15.13058497353112,14.160971282078163,17.552328001530533,3,51,13,214,105
57,30,69,AdaptiveCuttingAuction,0.05,0.08,10,True,,1000,3600,cats_path_g30b150,True,default,2,False,CATS,150,paths,MultiMinded,231,Balance,221.67999999999302,21.377306399999995,22,1.41831,1.0310999999999999,21.37730639999999,17.752407939379399,16.618197939379399,20.327933730300281,3,46,11,204,99
58,30,55,AdaptiveCuttingAuction,0.05,0.08,10,True,,1000,3600,cats_path_g30b150,True,default,2,False,CATS,150,paths,MultiMinded,138,Balance,103.34999999997672,12.959700999999999,20,1.39908,0.69830300000000001,12.954090999999998,11.469831741464111,10.790552914532205,12.409624556839317,3,57,21,196,85
59,30,62,AdaptiveCuttingAuction,0.05,0.08,10,True,,1000,3600,cats_path_g30b150,True,default,2,False,CATS,150,paths,MultiMinded,77,Balance,30.30999999999767,11.245693,23,0.937523,0.59201349999999997,11.216491999999999,8.6916386466903859,8.0404237966903818,10.63720560568386,3,35,15,200,92
60,30,62,AdaptiveCuttingAuction,0.05,0.08,10,True,,1000,3600,cats_path_g30b150,True,default,2,False,CATS,150,paths,MultiMinded,94,Balance,69.94000000000233,16.295090999999996,21,1.36668,0.91428500000000001,16.295090999999996,14.418673582857934,13.483582597713685,15.498340478635726,3,65,20,204,92
61,30,65,AdaptiveCuttingAuction,0.05,0.08,10,True,,1000,3600,cats_path_g30b150,True,default,2,False,CATS,150,paths,MultiMinded,135,Balance,101.55999999999767,12.734226999999999,21,1.10066,0.73527699999999996,12.733294999999996,10.486574126872155,9.7345647487418017,12.059885193459461,3,44,14,207,95
62,30,74,AdaptiveCuttingAuction,0.05,0.08,10,True,,1000,3600,cats_path_g30b150,True,default,2,False,CATS,150,paths,MultiMinded,64,Balance,47.38000000000466,15.189660000000002,23,1.07901,0.72534500000000002,15.189660000000002,11.336286678452847,10.528305869864118,14.467958402949222,3,40,8,212,104
63,30,57,AdaptiveCuttingAuction,0.05,0.08,10,True,,1000,3600,cats_path_g30b150,True,default,2,False,CATS,150,paths,MultiMinded,113,Balance,64.73999999999069,15.812223,21,1.17468,0.85123000000000004,15.791287999999998,14.701062148618746,13.807270648618751,15.04928265511578,3,59,15,198,87
64,30,65,AdaptiveCuttingAuction,0.05,0.08,10,True,,1000,3600,cats_path_g30b150,True,default,2,False,CATS,150,paths,MultiMinded,106,Balance,96.69999999995343,14.256674000000002,23,1.1464,0.76940900000000001,14.251816000000002,12.472297578114434,11.608438572940601,13.477638872572497,3,49,22,204,95
65,30,75,AdaptiveCuttingAuction,0.05,0.08,10,True,,1000,3600,cats_path_g30b150,True,default,2,False,CATS,150,paths,MultiMinded,110,Balance,65.70999999996275,14.689584000000002,22,1.20503,0.79890700000000003,14.689584000000002,13.624683990394727,12.745886290394727,13.89768685211269,3,3450,18,213,105
66,30,64,AdaptiveCuttingAuction,0.05,0.08,10,True,,1000,3600,cats_path_g30b150,True,default,2,False,CATS,150,paths,MultiMinded,59,Balance,26.589999999967404,15.318505000000002,23,1.13026,0.77133499999999999,15.318505000000002,13.801437805470995,12.914402555471002,14.480040583989339,2,33,7,199,94
67,30,65,AdaptiveCuttingAuction,0.05,0.08,10,True,,1000,3600,cats_path_g30b150,True,default,2,False,CATS,150,paths,MultiMinded,130,Balance,76.70000000001164,17.19162,21,1.36208,0.868533,17.19162,15.05487967285004,14.142920022850033,16.344457214962347,3,47,6,204,95
68,30,62,AdaptiveCuttingAuction,0.05,0.08,10,True,,1000,3600,cats_path_g30b150,True,default,2,False,CATS,150,paths,MultiMinded,201,Balance,130.94000000000233,16.58045,23,1.1806,0.75433449999999991,16.539611999999998,8.7236328001789296,7.9381516659638383,15.833253979989699,3,40,16,198,92
69,30,69,AdaptiveCuttingAuction,0.05,0.08,10,True,,1000,3600,cats_path_g30b150,True,default,2,False,CATS,150,paths,MultiMinded,316,Balance,576.4700000000303,16.94247,26,1.39982,0.781829,16.94247,15.626529998465013,14.610152298465003,15.978070592534985,3,3124,15,208,99
70,30,69,AdaptiveCuttingAuction,0.05,0.08,10,True,,1000,3600,cats_path_g30b150,True,default,2,False,CATS,150,paths,MultiMinded,97,Balance,123.60999999998603,15.6214981,23,1.25374,0.86018899999999998,15.6170191,12.909571257650814,11.943788411594337,14.790274411046237,3,52,24,207,99
71,30,72,AdaptiveCuttingAuction,0.05,0.08,10,True,,1000,3600,cats_path_g30b150,True,default,2,False,CATS,150,paths,MultiMinded,147,Balance,339.2600000000093,18.0902305,24,1.22443,0.96304999999999996,18.0902305,16.608742148114004,15.47931893912482,17.149312032342056,3,4406,32,212,102
72,30,71,AdaptiveCuttingAuction,0.05,0.08,10,True,,1000,3600,cats_path_g30b150,True,default,2,False,CATS,150,paths,MultiMinded,318,Balance,274.13000000000466,14.262129000000002,24,1.12549,0.60241199999999995,14.260711999999998,12.651413083188803,11.928518683188802,13.596080155253762,3,43,15,209,101
73,30,61,AdaptiveCuttingAuction,0.05,0.08,10,True,,1000,3600,cats_path_g30b150,True,default,2,False,CATS,150,paths,MultiMinded,133,Balance,171.7600000000093,16.416352,20,1.29762,0.90387399999999996,16.394263,14.389119762064867,13.509870395508724,15.609469870292273,4,64,16,206,91
74,30,65,AdaptiveCuttingAuction,0.05,0.08,10,True,,1000,3600,cats_path_g30b150,True,default,2,False,CATS,150,paths,MultiMinded,252,Balance,356.070000000007,10.025623,22,0.812177,0.53816299999999995,10.023476,9.1879037718829668,8.6105858811148384,9.5379699277945704,4,4035,35,206,95
75,30,69,AdaptiveCuttingAuction,0.05,0.08,10,True,,1000,3600,cats_path_g30b150,True,default,2,False,CATS,150,paths,MultiMinded,187,Balance,178.69000000000233,15.321485,24,1.30411,0.789794,15.31605,14.030894413185431,13.083141613185424,14.428277169998296,3,62,12,209,99
76,30,66,AdaptiveCuttingAuction,0.05,0.08,10,True,,1000,3600,cats_path_g30b150,True,default,2,False,CATS,150,paths,MultiMinded,509,Balance,498.88000000000466,17.565949,23,1.39796,0.82384800000000002,17.565949,16.074014941720996,15.126589741720998,16.675828242249949,4,56,16,204,96
77,30,71,AdaptiveCuttingAuction,0.05,0.08,10,True,,1000,3600,cats_path_g30b150,True,default,2,False,CATS,150,paths,MultiMinded,196,Balance,281.87999999994645,17.445843,25,1.28117,0.83980299999999997,17.43263,14.614467063455375,13.564713313455373,16.430198378079567,3,50,18,208,101
78,30,77,AdaptiveCuttingAuction,0.05,0.08,10,True,,1000,3600,cats_path_g30b150,True,default,2,False,CATS,150,paths,MultiMinded,353,Balance,415.61999999999534,17.835809,22,1.27923,0.84794999999999998,17.835809,16.16156794903598,15.228822949035981,17.003355868004633,3,3702,22,215,107
79,30,71,AdaptiveCuttingAuction,0.05,0.08,10,True,,1000,3600,cats_path_g30b150,True,default,2,False,CATS,150,paths,MultiMinded,343,Balance,675.640000000014,15.251795000000001,23,1.08004,0.77857100000000001,15.251795000000001,14.253262362606444,13.357905712606451,14.444516457888968,3,5256,25,212,101
80,30,67,AdaptiveCuttingAuction,0.05,0.08,10,True,,1000,3600,cats_path_g30b150,True,default,2,False,CATS,150,paths,MultiMinded,301,Balance,997.8099999999977,21.216326000000002,24,1.34186,1.05186,21.216326000000002,19.109603036720451,17.847371036720453,20.089492358439511,3,3396,25,205,97
81,30,68,AdaptiveCuttingAuction,0.05,0.08,10,True,,1000,3600,cats_path_g30b150,True,default,2,False,CATS,150,paths,MultiMinded,336,Balance,240.60999999998603,14.454433000000002,20,1.14794,0.83136399999999999,14.445542000000001,11.569388955058219,10.762207502648252,13.711386895071033,4,3538,17,206,98
82,30,64,AdaptiveCuttingAuction,0.05,0.08,10,True,,1000,3600,cats_path_g30b150,True,default,2,False,CATS,150,paths,MultiMinded,85,Balance,50.51000000000931,14.456647999999998,23,1.03149,0.62555099999999997,14.456647999999998,11.80503914777006,11.102697656384462,13.811811564213,3,45,9,202,94
83,30,64,AdaptiveCuttingAuction,0.05,0.08,10,True,,1000,3600,cats_path_g30b150,True,default,2,False,CATS,150,paths,MultiMinded,72,Balance,43.86999999999534,15.243575000000002,22,1.11077,0.82948200000000005,15.243575000000002,14.197783603212127,13.285353403212122,14.39618705148866,3,43,13,205,94
84,30,55,AdaptiveCuttingAuction,0.05,0.08,10,True,,1000,3600,cats_path_g30b150,True,default,2,False,CATS,150,paths,MultiMinded,165,Balance,157.9199999999837,10.829593,17,1.04035,0.60557799999999995,10.829593,9.6936911871547515,9.1789498871547526,10.410251505187116,4,3575,40,199,85
85,30,70,AdaptiveCuttingAuction,0.05,0.08,10,True,,1000,3600,cats_path_g30b150,True,default,2,False,CATS,150,paths,MultiMinded,334,Balance,656.0400000000373,17.838826,23,1.20482,0.99917599999999995,17.838826,15.889162062889596,14.740109662889589,16.800270942332897,4,4491,24,211,100
86,30,63,AdaptiveCuttingAuction,0.05,0.08,10,True,,1000,3600,cats_path_g30b150,True,default,2,False,CATS,150,paths,MultiMinded,172,Balance,112.47000000003027,14.348480000000002,21,1.12303,0.66461599999999998,14.346822,12.229966016847245,11.532119216847242,13.684692473339336,3,53,16,206,93
87,30,64,AdaptiveCuttingAuction,0.05,0.08,10,True,,1000,3600,cats_path_g30b150,True,default,2,False,CATS,150,paths,MultiMinded,102,Balance,78.22999999998137,15.876268000000007,21,1.16618,0.92069400000000001,15.876268000000007,11.889750770918599,10.928572078452355,14.940955965970389,3,53,7,204,94
88,30,76,AdaptiveCuttingAuction,0.05,0.08,10,True,,1000,3600,cats_path_g30b150,True,default,2,False,CATS,150,paths,MultiMinded,132,Balance,90.32000000000698,20.508544000000004,20,1.50963,0.97545999999999999,20.506964000000004,15.594263304824029,14.618803304824027,19.651097786969473,3,51,29,218,106
89,30,72,AdaptiveCuttingAuction,0.05,0.08,10,True,,1000,3600,cats_path_g30b150,True,default,2,False,CATS,150,paths,MultiMinded,228,Balance,484.38000000000466,16.188547,23,1.37467,0.81535500000000005,16.167071,14.962221641230878,14.024563391230876,15.352727891478104,4,56,15,215,102
90,30,54,AdaptiveCuttingAuction,0.05,0.08,10,True,,1000,3600,cats_path_g30b150,True,default,2,False,CATS,150,paths,MultiMinded,204,Balance,251.1699999999837,12.251615099999999,22,0.821456,0.64283100000000004,12.251615099999999,9.205484706547713,8.5509093821116213,11.653020508768952,3,42,12,193,84
91,30,66,AdaptiveCuttingAuction,0.05,0.08,10,True,,1000,3600,cats_path_g30b150,True,default,2,False,CATS,150,paths,MultiMinded,124,Balance,179.72999999998137,13.249561,20,1.08687,0.77222100000000005,13.236640999999999,11.125393196305442,10.35317219630544,12.58632213078468,3,2904,26,209,96
92,30,57,AdaptiveCuttingAuction,0.05,0.08,10,True,,1000,3600,cats_path_g30b150,True,default,2,False,CATS,150,paths,MultiMinded,186,Balance,159.97000000003027,12.038590999999998,22,0.968649,0.65237100000000003,12.022933000000002,10.089011111276672,9.3714030112766729,11.369151687186646,3,44,8,193,87
93,30,62,AdaptiveCuttingAuction,0.05,0.08,10,True,,1000,3600,cats_path_g30b150,True,default,2,False,CATS,150,paths,MultiMinded,210,Balance,142.09999999997672,16.059345,22,1.15822,0.86252099999999998,16.003337,12.561306799263175,11.639674085491041,15.195748858746967,2,38,9,197,92
94,30,68,AdaptiveCuttingAuction,0.05,0.08,10,True,,1000,3600,cats_path_g30b150,True,default,2,False,CATS,150,paths,MultiMinded,141,Balance,183.35000000003492,17.743863,20,1.39576,0.98003499999999999,17.706426999999998,16.943731747715265,15.963696747715259,16.865530121248717,4,67,25,213,98
95,30,64,AdaptiveCuttingAuction,0.05,0.08,10,True,,1000,3600,cats_path_g30b150,True,default,2,False,CATS,150,paths,MultiMinded,111,Balance,64.72999999998137,15.467591,27,0.907099,0.58233449999999998,15.444395000000002,11.133379008591838,10.376344158591841,14.740623095657366,2,33,15,195,94
96,30,57,AdaptiveCuttingAuction,0.05,0.08,10,True,,1000,3600,cats_path_g30b150,True,default,2,False,CATS,150,paths,MultiMinded,449,Balance,551.070000000007,9.8668957,17,1.02137,0.65189799999999998,9.8668957,8.9101827475625086,8.3560694475625059,9.3809474275802707,3,2914,19,201,87
97,30,55,AdaptiveCuttingAuction,0.05,0.08,10,True,,1000,3600,cats_path_g30b150,True,default,2,False,CATS,150,paths,MultiMinded,193,Balance,207.35999999998603,12.714137000000001,20,1.1671,0.73047649999999997,12.709897999999999,10.967772203644472,10.257196393399747,12.097085610651295,3,65,17,197,85
98,30,61,AdaptiveCuttingAuction,0.05,0.08,10,True,,1000,3600,cats_path_g30b150,True,default,2,False,CATS,150,paths,MultiMinded,133,Balance,102.46000000002095,17.221063000000004,22,1.28051,0.90821799999999997,17.192851,16.613470076797778,15.614430276797775,16.387485620203737,4,3661,41,202,91
99,30,71,AdaptiveCuttingAuction,0.05,0.08,10,True,,1000,3600,cats_path_g30b150,True,default,2,False,CATS,150,paths,MultiMinded,83,Balance,66.85000000003492,16.835101,22,1.27222,0.965194,16.776121,16.057055072969426,14.995341672969435,15.827677509017381,3,54,13,215,101
100,30,69,AdaptiveCuttingAuction,0.05,0.08,10,True,,1000,3600,cats_path_g30b150,True,default,2,False,CATS,150,paths,MultiMinded,71,Balance,43.820000000006985,11.185935,23,0.872955,0.55562999999999996,11.185935,8.7545898405273981,8.1156153405274001,10.575858044985477,2,36,11,206,99
