idx,items,agents,auction_class,epsilon,stepc,epoch,scalebyvalue,reserve_type,maxiter,maxtime,generator_param_name,personalized,bidding_strategy,heuristic_pool_num,int_prices,generator,bids,distribution,type,rounds,status,runtime,efficient_value,final_num_winners,final_max_agent_value,final_scalevalue,final_value,final_total_price,final_revenue,final_indirect_util,final_price_degree,final_price_sparsity,final_imbalance,final_wd_nvars,final_wd_ncons
1,30,67,LinearSubgradientAuction,0.05,0.04,,True,,1000,3600,cats_path_g30b150,,heuristic,3,False,CATS,150,paths,MultiMinded,1000,MaxIter,2939.070000000007,15.606157999999997,15,1.23481,0.870313,9.724882,22.839448373398092,3.0597811578046188,7.613558908322096,1,29,11,4020,5993
2,30,63,LinearSubgradientAuction,0.05,0.04,,True,,1000,3600,cats_path_g30b150,,heuristic,3,False,CATS,150,paths,MultiMinded,1000,MaxIter,2737.720000000001,14.094153000000002,15,1.04283,0.78301449999999995,10.234086000000001,28.107481850478635,2.2009558150002815,7.9085086822617683,1,29,16,3780,5637
3,30,69,LinearSubgradientAuction,0.05,0.04,,True,,1000,3600,cats_path_g30b150,,heuristic,3,False,CATS,150,paths,MultiMinded,1000,MaxIter,3083.390000000014,19.941755999999998,13,1.33809,0.95683499999999999,11.778121999999998,31.273571890720593,4.1419807947116034,13.838089264063761,1,30,18,4209,6309
4,30,66,LinearSubgradientAuction,0.05,0.04,,True,,1000,3600,cats_path_g30b150,,heuristic,3,False,CATS,150,paths,MultiMinded,1000,MaxIter,2972.389999999985,14.118885,17,0.998367,0.78126600000000002,9.375111,20.615657324750771,2.3342003239111371,7.8654307426206174,1,30,15,4026,6036
5,30,65,LinearSubgradientAuction,0.05,0.04,,True,,1000,3600,cats_path_g30b150,,heuristic,3,False,CATS,150,paths,MultiMinded,1000,MaxIter,2903.4199999999837,15.664620999999997,16,1.04116,0.78344400000000003,11.173186,23.386569042910409,4.4964418834356996,10.853977949573551,1,30,16,3965,5945
6,30,61,LinearSubgradientAuction,0.05,0.04,,True,,1000,3600,cats_path_g30b150,,heuristic,3,False,CATS,150,paths,MultiMinded,1000,MaxIter,2705.7300000000105,15.723609,15,1.13448,0.79950699999999997,9.961611,25.903988207908821,1.9805203690630357,10.754199716232336,1,30,18,3721,5581
7,30,64,LinearSubgradientAuction,0.05,0.04,,True,,1000,3600,cats_path_g30b150,,heuristic,3,False,CATS,150,paths,MultiMinded,1000,MaxIter,2893.110000000015,16.373429,16,1.20046,0.76909549999999993,10.374926,24.184078914273861,2.0862756643157603,8.3433760278379445,1,30,15,3904,5854
8,30,72,LinearSubgradientAuction,0.05,0.04,,True,,1000,3600,cats_path_g30b150,,heuristic,3,False,CATS,150,paths,MultiMinded,1000,MaxIter,3279.149999999994,16.311622,16,1.24903,0.86937299999999995,9.111456,23.026773211799416,3.9588600238010669,8.1664619560863798,1,30,20,4392,6582
9,30,60,LinearSubgradientAuction,0.05,0.04,,True,,1000,3600,cats_path_g30b150,,heuristic,3,False,CATS,150,paths,MultiMinded,1000,MaxIter,2591.8699999999953,14.554215,15,1.25806,0.77530200000000005,8.642398,21.050654375185967,2.3789143502128547,6.3101139507049133,1,29,16,3600,5370
10,30,64,LinearSubgradientAuction,0.05,0.04,,True,,1000,3600,cats_path_g30b150,,heuristic,3,False,CATS,150,paths,MultiMinded,1000,MaxIter,2831.359999999986,15.764945999999998,13,1.20473,0.77151750000000008,10.320262999999999,23.696771011588481,2.8607604851112209,9.785687193494379,1,29,17,3840,5726
11,30,70,LinearSubgradientAuction,0.05,0.04,,True,,1000,3600,cats_path_g30b150,,heuristic,3,False,CATS,150,paths,MultiMinded,1000,MaxIter,3157.3699999999953,15.460275,13,1.12749,0.83722600000000003,8.344176000000001,22.578507386653929,2.7296807231503668,6.8183514682493023,1,30,19,4270,6400
12,30,67,LinearSubgradientAuction,0.05,0.04,,True,,1000,3600,cats_path_g30b150,,heuristic,3,False,CATS,150,paths,MultiMinded,1000,MaxIter,2927.649999999994,14.9714,15,1.03711,0.74539299999999997,8.498031,21.859891934468219,1.3504844061673931,10.597169967225666,1,29,21,4020,5993
13,30,70,LinearSubgradientAuction,0.05,0.04,,True,,1000,3600,cats_path_g30b150,,heuristic,3,False,CATS,150,paths,MultiMinded,1000,MaxIter,3113.3099999999977,13.718234000000002,15,1.05702,0.66747699999999999,7.639606000000001,32.234034314814778,1.310635140424758,4.9142466671787908,1,29,24,4200,6260
14,30,57,LinearSubgradientAuction,0.05,0.04,,True,,1000,3600,cats_path_g30b150,,heuristic,3,False,CATS,150,paths,MultiMinded,1000,MaxIter,2439.640000000014,13.5776358,17,1.27472,0.79768799999999995,9.898436,23.453120771706651,1.4631866446127835,8.6450175395868296,1,29,15,3420,5103
15,30,76,LinearSubgradientAuction,0.05,0.04,,True,,1000,3600,cats_path_g30b150,,heuristic,3,False,CATS,150,paths,MultiMinded,1000,MaxIter,3543.1900000000023,19.193505000000002,14,1.29161,1.0414399999999999,11.645645,26.409508838253977,3.3164015545016716,9.9667385644442898,1,30,17,4636,6946
16,30,55,LinearSubgradientAuction,0.05,0.04,,True,,1000,3600,cats_path_g30b150,,heuristic,3,False,CATS,150,paths,MultiMinded,1000,MaxIter,2374.2399999999907,17.6371399,13,1.30608,0.92928299999999997,11.034634,24.769905547799784,2.9156927855693517,10.396567903392643,1,30,13,3355,5035
17,30,60,LinearSubgradientAuction,0.05,0.04,,True,,1000,3600,cats_path_g30b150,,heuristic,3,False,CATS,150,paths,MultiMinded,1000,MaxIter,2653.139999999985,17.3437429,13,1.15586,0.84924900000000003,9.411357,29.32040288998536,2.8136714485268399,10.63659264173544,1,30,22,3660,5490
18,30,68,LinearSubgradientAuction,0.05,0.04,,True,,1000,3600,cats_path_g30b150,,heuristic,3,False,CATS,150,paths,MultiMinded,1000,MaxIter,3050.2999999999884,16.532421,15,1.15917,0.79773499999999997,8.931677,22.714674629901047,2.7822552752031156,5.8946385182474437,1,30,19,4148,6218
19,30,84,LinearSubgradientAuction,0.05,0.04,,True,,1000,3600,cats_path_g30b150,,heuristic,3,False,CATS,150,paths,MultiMinded,936,MaxTime,3603.279999999999,16.550685,14,1.19703,0.78075050000000001,10.255163000000001,21.858601040516991,3.6549882308199857,7.9436471882802815,1,29,11,5040,7506
20,30,57,LinearSubgradientAuction,0.05,0.04,,True,,1000,3600,cats_path_g30b150,,heuristic,3,False,CATS,150,paths,MultiMinded,1000,MaxIter,2525.8700000000244,11.988608000000001,14,0.830201,0.65249500000000005,6.359371999999999,20.140995105810479,0.70400995944227451,8.4648888656523393,1,30,15,3477,5217
21,30,76,LinearSubgradientAuction,0.05,0.04,,True,,1000,3600,cats_path_g30b150,,heuristic,3,False,CATS,150,paths,MultiMinded,1000,MaxIter,3522.5100000000093,16.346269,15,1.16216,0.87333000000000005,10.331646,25.797877015684215,3.5199509677805803,7.1106285733767844,1,30,22,4636,6946
22,30,62,LinearSubgradientAuction,0.05,0.04,,True,,1000,3600,cats_path_g30b150,,heuristic,3,False,CATS,150,paths,MultiMinded,1000,MaxIter,2661.8799999999756,11.899390499999999,15,1.11701,0.58296099999999995,4.954705,12.992960151168191,1.6632692669111513,5.6480109798107723,1,28,17,3658,5424
23,30,61,LinearSubgradientAuction,0.05,0.04,,True,,1000,3600,cats_path_g30b150,,heuristic,3,False,CATS,150,paths,MultiMinded,1000,MaxIter,2702.350000000006,17.460715,15,1.27766,0.872475,6.233637,26.266774217989795,1.1293542215030838,10.756759219206437,1,30,19,3721,5581
24,30,72,LinearSubgradientAuction,0.05,0.04,,True,,1000,3600,cats_path_g30b150,,heuristic,3,False,CATS,150,paths,MultiMinded,1000,MaxIter,3292.329999999987,16.551633999999996,15,1.24587,0.733267,11.637873,23.823329225353849,2.6196815842140486,7.4229729947508831,1,30,10,4392,6582
25,30,66,LinearSubgradientAuction,0.05,0.04,,True,,1000,3600,cats_path_g30b150,,heuristic,3,False,CATS,150,paths,MultiMinded,1000,MaxIter,2875.209999999992,15.951057999999998,16,1.21778,0.74724500000000005,8.925109,21.328709893845016,2.623766316631496,9.981203266471173,1,29,15,3960,5904
26,30,71,LinearSubgradientAuction,0.05,0.04,,True,,1000,3600,cats_path_g30b150,,heuristic,3,False,CATS,150,paths,MultiMinded,1000,MaxIter,3209.350000000006,18.600379,18,1.35655,1.0506500000000001,11.983682,25.336849364229593,4.4361298290730788,10.844541647905896,1,30,12,4331,6491
27,30,65,LinearSubgradientAuction,0.05,0.04,,True,,1000,3600,cats_path_g30b150,,heuristic,3,False,CATS,150,paths,MultiMinded,1000,MaxIter,2917.6199999999953,15.208365,15,1.24835,0.71721100000000004,9.324235,24.963776855779429,3.3944820173049162,7.1832098790924821,1,30,17,3965,5945
28,30,68,LinearSubgradientAuction,0.05,0.04,,True,,1000,3600,cats_path_g30b150,,heuristic,3,False,CATS,150,paths,MultiMinded,1000,MaxIter,3009.6600000000035,14.86174,15,1.33611,1.01847,11.432948,15.135562775818954,4.3428379455190882,8.1519852971956919,1,29,11,4080,6082
29,30,58,LinearSubgradientAuction,0.05,0.04,,True,,1000,3600,cats_path_g30b150,,heuristic,3,False,CATS,150,paths,MultiMinded,1000,MaxIter,2533.5599999999977,11.257909999999999,18,0.8594,0.57639300000000004,6.871222,17.116876732628626,3.1392226651621677,6.8468769050678731,1,29,11,3480,5192
30,30,65,LinearSubgradientAuction,0.05,0.04,,True,,1000,3600,cats_path_g30b150,,heuristic,3,False,CATS,150,paths,MultiMinded,1000,MaxIter,2899.3099999999977,12.752407,13,1.05004,0.71123899999999995,7.624839,18.723268709138889,2.0059854429613901,6.5943063797596979,1,30,13,3965,5945
31,30,58,LinearSubgradientAuction,0.05,0.04,,True,,1000,3600,cats_path_g30b150,,heuristic,3,False,CATS,150,paths,MultiMinded,1000,MaxIter,2517.859999999986,13.4727089,11,1.18366,0.86047800000000008,5.930827,17.953800845010228,0.39622142409455813,6.5317956215230355,1,29,25,3480,5192
32,30,79,LinearSubgradientAuction,0.05,0.04,,True,,1000,3600,cats_path_g30b150,,heuristic,3,False,CATS,150,paths,MultiMinded,1000,MaxIter,3539.25,17.626487,17,1.11283,0.85035499999999997,11.608305999999999,26.859567561573758,4.607315854579209,11.249177661015686,1,28,22,4661,6903
33,30,66,LinearSubgradientAuction,0.05,0.04,,True,,1000,3600,cats_path_g30b150,,heuristic,3,False,CATS,150,paths,MultiMinded,1000,MaxIter,2952.290000000008,13.562479100000003,13,1.17658,0.71348500000000004,6.649907,21.362623327317809,2.336982605058862,7.6814930254341256,1,30,26,4026,6036
34,30,59,LinearSubgradientAuction,0.05,0.04,,True,,1000,3600,cats_path_g30b150,,heuristic,3,False,CATS,150,paths,MultiMinded,1000,MaxIter,2607.899999999994,15.543004,13,1.16304,0.84088200000000002,9.062284,21.32110078998441,2.5475047421804722,7.5111860830087309,1,30,20,3599,5399
35,30,61,LinearSubgradientAuction,0.05,0.04,,True,,1000,3600,cats_path_g30b150,,heuristic,3,False,CATS,150,paths,MultiMinded,1000,MaxIter,2721.6900000000023,18.943085999999997,12,1.32614,0.92471499999999995,10.317915000000001,22.009525469291749,4.3209166809310915,12.634225352445901,1,30,18,3721,5581
36,30,75,LinearSubgradientAuction,0.05,0.04,,True,,1000,3600,cats_path_g30b150,,heuristic,3,False,CATS,150,paths,MultiMinded,1000,MaxIter,3415.720000000001,15.257448999999998,12,1.04514,0.73463400000000001,7.792159000000001,22.172577194421265,0.57405048557559302,9.4913996832070229,1,30,17,4575,6855
37,30,73,LinearSubgradientAuction,0.05,0.04,,True,,1000,3600,cats_path_g30b150,,heuristic,3,False,CATS,150,paths,MultiMinded,1000,MaxIter,3343.899999999994,19.314383000000003,15,1.26724,0.81503800000000004,10.439547000000001,33.812371045332981,4.0512912265846133,11.919091029423573,1,30,30,4453,6673
38,30,69,LinearSubgradientAuction,0.05,0.04,,True,,1000,3600,cats_path_g30b150,,heuristic,3,False,CATS,150,paths,MultiMinded,1000,MaxIter,3072.3399999999965,17.06102,14,1.26197,0.80889699999999998,9.221036,23.31518798776186,2.235343289079291,9.2700533285829536,1,29,18,4140,6171
39,30,64,LinearSubgradientAuction,0.05,0.04,,True,,1000,3600,cats_path_g30b150,,heuristic,3,False,CATS,150,paths,MultiMinded,1000,MaxIter,2834.2999999999884,18.017829999999996,16,1.46956,1.00953,10.800483,33.082368124411715,3.3148277797667287,11.623005253535441,1,30,20,3904,5854
40,30,70,LinearSubgradientAuction,0.05,0.04,,True,,1000,3600,cats_path_g30b150,,heuristic,3,False,CATS,150,paths,MultiMinded,1000,MaxIter,3193.209999999992,16.415451,14,1.33618,0.79276899999999995,10.775772,27.321583087637041,4.0781075639043163,12.065632316947315,1,30,24,4270,6400
41,30,62,LinearSubgradientAuction,0.05,0.04,,True,,1000,3600,cats_path_g30b150,,heuristic,3,False,CATS,150,paths,MultiMinded,1000,MaxIter,2691.8400000000256,15.767216000000001,12,1.27329,0.81440000000000001,7.496518,21.955019911831855,2.0297236628896473,8.5733001713765447,1,29,16,3720,5548
42,30,66,LinearSubgradientAuction,0.05,0.04,,True,,1000,3600,cats_path_g30b150,,heuristic,3,False,CATS,150,paths,MultiMinded,1000,MaxIter,2974.6500000000233,14.387081000000002,18,1.10378,0.674543,9.919279,22.772242204516651,3.2556090247956821,8.6231195698529159,1,30,8,4026,6036
43,30,57,LinearSubgradientAuction,0.05,0.04,,True,,1000,3600,cats_path_g30b150,,heuristic,3,False,CATS,150,paths,MultiMinded,1000,MaxIter,2475.1600000000035,12.78674,14,1.092,0.74160349999999997,8.684862,18.542150810767211,2.6739314375919934,7.2723884897055804,1,30,18,3477,5217
44,30,67,LinearSubgradientAuction,0.05,0.04,,True,,1000,3600,cats_path_g30b150,,heuristic,3,False,CATS,150,paths,MultiMinded,1000,MaxIter,2918.420000000013,14.327095000000002,13,1.04382,0.66583400000000004,5.822920999999999,22.580404641328492,0.66647464845001181,9.5335564379282047,1,29,20,4020,5993
45,30,80,LinearSubgradientAuction,0.05,0.04,,True,,1000,3600,cats_path_g30b150,,heuristic,3,False,CATS,150,paths,MultiMinded,985,MaxTime,3601.779999999999,13.769805999999999,12,1.20458,0.66948099999999999,7.3284780000000005,14.350451182465164,1.6878269958902807,5.5201794067164025,1,29,16,4800,7150
46,30,62,LinearSubgradientAuction,0.05,0.04,,True,,1000,3600,cats_path_g30b150,,heuristic,3,False,CATS,150,paths,MultiMinded,1000,MaxIter,2768.99000000002,17.982688000000003,11,1.47628,0.89541199999999999,8.199665,20.24833003144575,1.352070913347319,8.4599582121571331,1,30,20,3782,5672
47,30,50,LinearSubgradientAuction,0.05,0.04,,True,,1000,3600,cats_path_g30b150,,heuristic,3,False,CATS,150,paths,MultiMinded,1000,MaxIter,2143.110000000015,14.4709692,11,1.15255,0.87777400000000005,8.691359,17.809109661048645,1.2445998032924399,9.9626905797830911,1,30,16,3050,4580
48,30,56,LinearSubgradientAuction,0.05,0.04,,True,,1000,3600,cats_path_g30b150,,heuristic,3,False,CATS,150,paths,MultiMinded,1000,MaxIter,2426.24000000002,19.863466000000003,13,1.39092,0.99550399999999994,9.219439,32.286325764455022,2.837140298117788,9.8708317062898825,1,30,19,3416,5126
49,30,59,LinearSubgradientAuction,0.05,0.04,,True,,1000,3600,cats_path_g30b150,,heuristic,3,False,CATS,150,paths,MultiMinded,1000,MaxIter,2523.1900000000023,12.83722,12,1.27931,0.83850000000000002,8.366467,17.746757922764029,4.5306891443470834,7.2915217010432318,1,29,24,3540,5281
50,30,72,LinearSubgradientAuction,0.05,0.04,,True,,1000,3600,cats_path_g30b150,,heuristic,3,False,CATS,150,paths,MultiMinded,1000,MaxIter,3177.5100000000093,14.769329999999997,13,1.31494,0.719059,10.019994999999998,19.623592303703838,3.8639613422381771,9.2937794029199168,1,29,19,4320,6438
51,30,72,LinearSubgradientAuction,0.05,0.04,,True,,1000,3600,cats_path_g30b150,,heuristic,3,False,CATS,150,paths,MultiMinded,1000,MaxIter,3254.470000000001,16.073219,12,1.09244,0.793798,7.5896669999999995,23.344968665244899,1.1216267801151871,5.8008300495493863,1,30,28,4392,6582
52,30,53,LinearSubgradientAuction,0.05,0.04,,True,,1000,3600,cats_path_g30b150,,heuristic,3,False,CATS,150,paths,MultiMinded,1000,MaxIter,2323.389999999985,12.6877335,14,1.34175,0.74289899999999998,6.8974636,19.428189795111582,2.6791860203096465,6.2615597060748573,1,30,16,3233,4853
53,30,69,LinearSubgradientAuction,0.05,0.04,,True,,1000,3600,cats_path_g30b150,,heuristic,3,False,CATS,150,paths,MultiMinded,1000,MaxIter,3122.029999999999,18.740910999999997,13,1.16684,0.90905150000000001,10.339884000000001,26.362474964677979,4.7634026763324604,12.882272439488961,1,30,18,4209,6309
54,30,63,LinearSubgradientAuction,0.05,0.04,,True,,1000,3600,cats_path_g30b150,,heuristic,3,False,CATS,150,paths,MultiMinded,1000,MaxIter,2828.9500000000116,15.541510000000004,16,1.41102,0.83414200000000005,11.147703,21.639518101083056,4.0857964886677278,7.1718815674173086,1,30,20,3843,5763
55,30,79,LinearSubgradientAuction,0.05,0.04,,True,,1000,3600,cats_path_g30b150,,heuristic,3,False,CATS,150,paths,MultiMinded,977,MaxTime,3603.0100000000093,15.979884000000002,16,1.1263,0.85292049999999997,10.535496,31.42154115280406,2.2648393181119504,9.4148114269537597,1,30,17,4819,7219
56,30,75,LinearSubgradientAuction,0.05,0.04,,True,,1000,3600,cats_path_g30b150,,heuristic,3,False,CATS,150,paths,MultiMinded,1000,MaxIter,3346.7000000000116,18.432461999999994,15,1.25637,0.86360099999999995,10.719577000000001,29.606166096981326,3.2201959961877158,10.296988705779816,1,29,23,4500,6705
57,30,69,LinearSubgradientAuction,0.05,0.04,,True,,1000,3600,cats_path_g30b150,,heuristic,3,False,CATS,150,paths,MultiMinded,1000,MaxIter,3109.25999999998,21.377306399999995,14,1.41831,1.0310999999999999,13.735333999999998,25.243082357517579,4.3750322725978634,9.7384954900955165,1,30,7,4209,6309
58,30,55,LinearSubgradientAuction,0.05,0.04,,True,,1000,3600,cats_path_g30b150,,heuristic,3,False,CATS,150,paths,MultiMinded,1000,MaxIter,2355.9500000000116,12.959700999999999,18,1.39908,0.69830300000000001,10.074069999999999,16.112177252504612,4.2060076102744377,8.3931153511663474,1,29,12,3300,4925
59,30,62,LinearSubgradientAuction,0.05,0.04,,True,,1000,3600,cats_path_g30b150,,heuristic,3,False,CATS,150,paths,MultiMinded,1000,MaxIter,2753.0499999999884,11.245693,14,0.937523,0.59201349999999997,7.661931000000001,13.963069743732518,2.2954546943935452,7.6498625717764508,1,30,14,3782,5672
60,30,62,LinearSubgradientAuction,0.05,0.04,,True,,1000,3600,cats_path_g30b150,,heuristic,3,False,CATS,150,paths,MultiMinded,1000,MaxIter,2704.670000000013,16.295090999999996,16,1.36668,0.91428500000000001,9.905370999999997,21.229226417678507,3.4447278449577889,10.049288474482225,1,30,15,3782,5672
61,30,65,LinearSubgradientAuction,0.05,0.04,,True,,1000,3600,cats_path_g30b150,,heuristic,3,False,CATS,150,paths,MultiMinded,1000,MaxIter,2865.9800000000105,12.734226999999999,16,1.10066,0.73527699999999996,9.706463,26.354551779071905,1.1216148107134571,7.4311250504887392,1,29,19,3900,5815
62,30,74,LinearSubgradientAuction,0.05,0.04,,True,,1000,3600,cats_path_g30b150,,heuristic,3,False,CATS,150,paths,MultiMinded,1000,MaxIter,3392.9400000000023,15.189660000000002,15,1.07901,0.72534500000000002,9.071482000000001,19.205326206112986,2.5455007101305069,9.1742673284415233,1,30,17,4514,6764
63,30,57,LinearSubgradientAuction,0.05,0.04,,True,,1000,3600,cats_path_g30b150,,heuristic,3,False,CATS,150,paths,MultiMinded,1000,MaxIter,2507.289999999979,15.812223,14,1.17468,0.85123000000000004,9.305992,20.459846477421952,1.9629041049972866,9.5733632820536876,1,30,15,3477,5217
64,30,65,LinearSubgradientAuction,0.05,0.04,,True,,1000,3600,cats_path_g30b150,,heuristic,3,False,CATS,150,paths,MultiMinded,1000,MaxIter,2811.429999999993,14.256674000000002,12,1.1464,0.76940900000000001,9.522913,16.68312386583646,4.6663806114750113,6.7731967384839233,1,29,17,3900,5815
65,30,75,LinearSubgradientAuction,0.05,0.04,,True,,1000,3600,cats_path_g30b150,,heuristic,3,False,CATS,150,paths,MultiMinded,1000,MaxIter,3430.4899999999907,14.689584000000002,17,1.20503,0.79890700000000003,10.120935,27.521486111174944,3.0780907591723756,8.2915111031158855,1,30,10,4575,6855
66,30,64,LinearSubgradientAuction,0.05,0.04,,True,,1000,3600,cats_path_g30b150,,heuristic,3,False,CATS,150,paths,MultiMinded,1000,MaxIter,2871.9400000000023,15.318505000000002,12,1.13026,0.77133499999999999,8.409653,19.908765689002468,2.7485499817833463,5.2212535153629691,1,30,13,3904,5854
67,30,65,LinearSubgradientAuction,0.05,0.04,,True,,1000,3600,cats_path_g30b150,,heuristic,3,False,CATS,150,paths,MultiMinded,1000,MaxIter,2919.1599999999744,17.19162,13,1.36208,0.868533,9.396645,19.28367040135231,2.11309243098128,8.3983871515823409,1,30,11,3965,5945
68,30,62,LinearSubgradientAuction,0.05,0.04,,True,,1000,3600,cats_path_g30b150,,heuristic,3,False,CATS,150,paths,MultiMinded,1000,MaxIter,2727.649999999994,16.58045,14,1.1806,0.75433449999999991,9.838351999999999,17.708025195010613,1.8776017037461941,10.68806164920035,1,29,15,3720,5548
69,30,69,LinearSubgradientAuction,0.05,0.04,,True,,1000,3600,cats_path_g30b150,,heuristic,3,False,CATS,150,paths,MultiMinded,1000,MaxIter,3109.8699999999953,16.94247,18,1.39982,0.781829,11.673197,26.057255658020786,3.1936807796318263,10.212773514714387,1,30,18,4209,6309
70,30,69,LinearSubgradientAuction,0.05,0.04,,True,,1000,3600,cats_path_g30b150,,heuristic,3,False,CATS,150,paths,MultiMinded,1000,MaxIter,2950.140000000014,15.6214981,10,1.25374,0.86018899999999998,8.274926,20.993228705701537,1.631314135236692,6.9681913559722179,1,28,22,4071,6033
71,30,72,LinearSubgradientAuction,0.05,0.04,,True,,1000,3600,cats_path_g30b150,,heuristic,3,False,CATS,150,paths,MultiMinded,1000,MaxIter,3220.4100000000035,18.0902305,16,1.22443,0.96304999999999996,8.307621,39.264606419425611,1.4746438427845292,8.6756380286101198,1,29,21,4320,6438
72,30,71,LinearSubgradientAuction,0.05,0.04,,True,,1000,3600,cats_path_g30b150,,heuristic,3,False,CATS,150,paths,MultiMinded,1000,MaxIter,3211.2399999999907,14.262129000000002,16,1.12549,0.60241199999999995,9.909707999999998,21.970924855399254,2.604481463665568,9.5498107489880333,1,30,13,4331,6491
73,30,61,LinearSubgradientAuction,0.05,0.04,,True,,1000,3600,cats_path_g30b150,,heuristic,3,False,CATS,150,paths,MultiMinded,1000,MaxIter,2666.570000000007,16.416352,13,1.29762,0.90387399999999996,8.599841000000001,18.927741228264356,3.2484036507943395,10.16560796114773,1,29,12,3660,5459
74,30,65,LinearSubgradientAuction,0.05,0.04,,True,,1000,3600,cats_path_g30b150,,heuristic,3,False,CATS,150,paths,MultiMinded,1000,MaxIter,2852.720000000001,10.025623,18,0.812177,0.53816299999999995,7.1282820000000005,16.770556730786531,2.5125900000433452,5.8961679239292426,1,29,19,3900,5815
75,30,69,LinearSubgradientAuction,0.05,0.04,,True,,1000,3600,cats_path_g30b150,,heuristic,3,False,CATS,150,paths,MultiMinded,1000,MaxIter,3115.9800000000105,15.321485,17,1.30411,0.789794,9.659415,28.641103456426933,3.3393415571169496,9.2633041971450893,1,30,23,4209,6309
76,30,66,LinearSubgradientAuction,0.05,0.04,,True,,1000,3600,cats_path_g30b150,,heuristic,3,False,CATS,150,paths,MultiMinded,1000,MaxIter,2940.2999999999884,17.565949,13,1.39796,0.82384800000000002,8.333181999999999,23.897280294815427,2.1957600929555512,10.717592799379068,1,30,17,4026,6036
77,30,71,LinearSubgradientAuction,0.05,0.04,,True,,1000,3600,cats_path_g30b150,,heuristic,3,False,CATS,150,paths,MultiMinded,1000,MaxIter,3238.1199999999953,17.445843,14,1.28117,0.83980299999999997,10.905702999999999,28.383081390935391,2.4594909349759893,10.651307377253286,1,30,21,4331,6491
78,30,77,LinearSubgradientAuction,0.05,0.04,,True,,1000,3600,cats_path_g30b150,,heuristic,3,False,CATS,150,paths,MultiMinded,1000,MaxIter,3538.850000000006,17.835809,15,1.27923,0.84794999999999998,10.456781999999999,30.64517748951884,5.0039763874595797,9.5390882599533882,1,30,22,4697,7037
79,30,71,LinearSubgradientAuction,0.05,0.04,,True,,1000,3600,cats_path_g30b150,,heuristic,3,False,CATS,150,paths,MultiMinded,1000,MaxIter,3262.430000000022,15.251795000000001,13,1.08004,0.77857100000000001,8.729211,23.526046931989924,1.8079699360539983,9.3905305850840239,1,30,19,4331,6491
80,30,67,LinearSubgradientAuction,0.05,0.04,,True,,1000,3600,cats_path_g30b150,,heuristic,3,False,CATS,150,paths,MultiMinded,1000,MaxIter,3020.9099999999744,21.216326000000002,13,1.34186,1.05186,10.808084000000001,25.98721875023492,3.6719333528433893,9.5183391284108971,1,30,17,4087,6127
81,30,68,LinearSubgradientAuction,0.05,0.04,,True,,1000,3600,cats_path_g30b150,,heuristic,3,False,CATS,150,paths,MultiMinded,1000,MaxIter,3009.2700000000186,14.454433000000002,13,1.14794,0.83136399999999999,8.446398,17.959730523732485,1.4098726521433189,9.1162342760841995,1,29,16,4080,6082
82,30,64,LinearSubgradientAuction,0.05,0.04,,True,,1000,3600,cats_path_g30b150,,heuristic,3,False,CATS,150,paths,MultiMinded,1000,MaxIter,2854.2600000000093,14.456647999999998,18,1.03149,0.62555099999999997,10.691192999999998,23.243486970060555,2.5357050109166144,8.4281925844822752,1,30,8,3904,5854
83,30,64,LinearSubgradientAuction,0.05,0.04,,True,,1000,3600,cats_path_g30b150,,heuristic,3,False,CATS,150,paths,MultiMinded,1000,MaxIter,2905.290000000008,15.243575000000002,15,1.11077,0.82948200000000005,9.747779999999997,27.158385040219297,2.6763669585786478,8.0391085843151213,1,30,22,3904,5854
84,30,55,LinearSubgradientAuction,0.05,0.04,,True,,1000,3600,cats_path_g30b150,,heuristic,3,False,CATS,150,paths,MultiMinded,1000,MaxIter,2334.6999999999825,10.829593,14,1.04035,0.60557799999999995,6.636739,12.356870796976038,2.1407566404645104,6.4275780825781412,1,29,22,3300,4925
85,30,70,LinearSubgradientAuction,0.05,0.04,,True,,1000,3600,cats_path_g30b150,,heuristic,3,False,CATS,150,paths,MultiMinded,1000,MaxIter,3160.110000000015,17.838826,15,1.20482,0.99917599999999995,12.243659000000001,26.560510808970108,3.5067039455378017,11.027840912734593,1,30,17,4270,6400
86,30,63,LinearSubgradientAuction,0.05,0.04,,True,,1000,3600,cats_path_g30b150,,heuristic,3,False,CATS,150,paths,MultiMinded,1000,MaxIter,2827.8000000000175,14.348480000000002,11,1.12303,0.66461599999999998,7.111249999999999,15.097073583411843,3.6053826469277457,8.1200735298556825,1,30,21,3843,5763
87,30,64,LinearSubgradientAuction,0.05,0.04,,True,,1000,3600,cats_path_g30b150,,heuristic,3,False,CATS,150,paths,MultiMinded,1000,MaxIter,2779.2700000000186,15.876268000000007,16,1.16618,0.92069400000000001,9.866714,25.482488902838195,3.6018380975399391,7.2610910949699399,1,29,17,3840,5726
88,30,76,LinearSubgradientAuction,0.05,0.04,,True,,1000,3600,cats_path_g30b150,,heuristic,3,False,CATS,150,paths,MultiMinded,1000,MaxIter,3521.99000000002,20.508544000000004,17,1.50963,0.97545999999999999,16.026877,28.195013691999378,3.0838124504959148,14.394133492241567,1,30,12,4636,6946
89,30,72,LinearSubgradientAuction,0.05,0.04,,True,,1000,3600,cats_path_g30b150,,heuristic,3,False,CATS,150,paths,MultiMinded,1000,MaxIter,3280.679999999993,16.188547,15,1.37467,0.81535500000000005,11.537423,20.170104758044907,4.8294852074527208,8.9756057058657355,1,30,18,4392,6582
90,30,54,LinearSubgradientAuction,0.05,0.04,,True,,1000,3600,cats_path_g30b150,,heuristic,3,False,CATS,150,paths,MultiMinded,1000,MaxIter,2189.600000000006,12.251615099999999,11,0.821456,0.64283100000000004,6.553065999999999,20.414040567408257,0.94058351265481543,7.1581648133371969,1,27,18,3132,4620
91,30,66,LinearSubgradientAuction,0.05,0.04,,True,,1000,3600,cats_path_g30b150,,heuristic,3,False,CATS,150,paths,MultiMinded,1000,MaxIter,2991.040000000008,13.249561,14,1.08687,0.77222100000000005,6.683146,18.871751614023026,3.3300003355311323,6.2423334853999659,1,30,9,4026,6036
92,30,57,LinearSubgradientAuction,0.05,0.04,,True,,1000,3600,cats_path_g30b150,,heuristic,3,False,CATS,150,paths,MultiMinded,1000,MaxIter,2478.600000000006,12.038590999999998,11,0.968649,0.65237100000000003,5.16768,20.464786040838298,2.110815831779616,5.1548235855928466,1,30,24,3477,5217
93,30,62,LinearSubgradientAuction,0.05,0.04,,True,,1000,3600,cats_path_g30b150,,heuristic,3,False,CATS,150,paths,MultiMinded,1000,MaxIter,2694.399999999994,16.059345,13,1.15822,0.86252099999999998,8.597532000000001,25.229066968059438,2.5353282459102804,8.2382755622989148,1,29,21,3720,5548
94,30,68,LinearSubgradientAuction,0.05,0.04,,True,,1000,3600,cats_path_g30b150,,heuristic,3,False,CATS,150,paths,MultiMinded,1000,MaxIter,3083.0999999999767,17.743863,12,1.39576,0.98003499999999999,9.38767,26.214378587985397,3.488284273989839,9.9727748754878149,1,30,21,4148,6218
95,30,64,LinearSubgradientAuction,0.05,0.04,,True,,1000,3600,cats_path_g30b150,,heuristic,3,False,CATS,150,paths,MultiMinded,1000,MaxIter,2858.8099999999977,15.467591,15,0.907099,0.58233449999999998,6.655047000000001,22.254764938246279,2.7153895916191555,9.6010664819766163,1,30,20,3904,5854
96,30,57,LinearSubgradientAuction,0.05,0.04,,True,,1000,3600,cats_path_g30b150,,heuristic,3,False,CATS,150,paths,MultiMinded,1000,MaxIter,2518.9199999999837,9.8668957,12,1.02137,0.65189799999999998,6.453561,13.924932547583388,2.4255674543694381,4.4553606332472642,1,30,18,3477,5217
97,30,55,LinearSubgradientAuction,0.05,0.04,,True,,1000,3600,cats_path_g30b150,,heuristic,3,False,CATS,150,paths,MultiMinded,1000,MaxIter,2343.459999999992,12.714137000000001,13,1.1671,0.73047649999999997,7.371482,20.465795697883241,1.5670224667946056,4.268286443796188,1,29,16,3300,4925
98,30,61,LinearSubgradientAuction,0.05,0.04,,True,,1000,3600,cats_path_g30b150,,heuristic,3,False,CATS,150,paths,MultiMinded,1000,MaxIter,2682.7999999999884,17.221063000000004,15,1.28051,0.90821799999999997,9.237460000000002,26.026970776745294,3.3212699228745906,8.5307293706756049,1,30,21,3721,5581
99,30,71,LinearSubgradientAuction,0.05,0.04,,True,,1000,3600,cats_path_g30b150,,heuristic,3,False,CATS,150,paths,MultiMinded,1000,MaxIter,3200.4800000000105,16.835101,17,1.27222,0.965194,8.101288,36.203782382110816,2.7974272392569892,10.077888000452781,1,30,24,4331,6491
100,30,69,LinearSubgradientAuction,0.05,0.04,,True,,1000,3600,cats_path_g30b150,,heuristic,3,False,CATS,150,paths,MultiMinded,1000,MaxIter,3051.350000000006,11.185935,17,0.872955,0.55562999999999996,8.450809,11.600042476601871,3.2869175157799027,6.6046452254254797,1,29,12,4140,6171
