idx,items,agents,auction_class,epsilon,stepc,epoch,scalebyvalue,reserve_type,maxiter,maxtime,generator_param_name,personalized,bidding_strategy,heuristic_pool_num,int_prices,generator,bids,distribution,type,rounds,status,runtime,efficient_value,final_num_winners,final_max_agent_value,final_scalevalue,final_value,final_total_price,final_revenue,final_indirect_util,final_price_degree,final_price_sparsity,final_imbalance,final_wd_nvars,final_wd_ncons
1,30,67,LinearHeuristicAuction,0.05,0.08,,True,,1000,3600,cats_path_g30b150,,heuristic,2,False,CATS,150,paths,MultiMinded,1000,MaxIter,119.46999999997206,15.606157999999997,16,1.23481,0.870313,12.783373000000001,19.087996112434062,5.8492841874966928,10.413650111818026,1,29,22,173,97
2,30,63,LinearHeuristicAuction,0.05,0.08,,True,,1000,3600,cats_path_g30b150,,heuristic,2,False,CATS,150,paths,MultiMinded,1000,MaxIter,122.72999999998137,14.094153000000002,18,1.04283,0.78301449999999995,12.174954000000001,23.127529147867584,2.8851273748365287,8.0847709816058462,1,30,10,170,93
3,30,69,LinearHeuristicAuction,0.05,0.08,,True,,1000,3600,cats_path_g30b150,,heuristic,2,False,CATS,150,paths,MultiMinded,1000,MaxIter,130.03999999997905,19.941755999999998,20,1.33809,0.95683499999999999,18.79673,28.65682795157873,5.3136571640505945,13.08474283426559,1,30,24,176,99
4,30,66,LinearHeuristicAuction,0.05,0.08,,True,,1000,3600,cats_path_g30b150,,heuristic,2,False,CATS,150,paths,MultiMinded,1000,MaxIter,125.34999999997672,14.118885,19,0.998367,0.78126600000000002,12.071712000000002,20.333555841693578,5.5681038626389769,7.2194617648698429,1,30,19,189,96
5,30,65,LinearHeuristicAuction,0.05,0.08,,True,,1000,3600,cats_path_g30b150,,heuristic,2,False,CATS,150,paths,MultiMinded,1000,MaxIter,124.70999999996275,15.664620999999997,21,1.04116,0.78344400000000003,13.927902999999997,20.402961703028868,7.4825582157529809,12.21516616229715,1,30,18,179,95
6,30,61,LinearHeuristicAuction,0.05,0.08,,True,,1000,3600,cats_path_g30b150,,heuristic,2,False,CATS,150,paths,MultiMinded,1000,MaxIter,124.54999999998836,15.723609,18,1.13448,0.79950699999999997,14.071379,21.191260386208075,5.1989599709342302,10.493936939503943,1,30,17,176,91
7,30,64,LinearHeuristicAuction,0.05,0.08,,True,,1000,3600,cats_path_g30b150,,heuristic,2,False,CATS,150,paths,MultiMinded,1000,MaxIter,122.5800000000163,16.373429,20,1.20046,0.76909549999999993,14.705872000000001,25.746641277932621,6.0869640758008314,10.071779176398666,1,30,16,180,94
8,30,72,LinearHeuristicAuction,0.05,0.08,,True,,1000,3600,cats_path_g30b150,,heuristic,2,False,CATS,150,paths,MultiMinded,1000,MaxIter,134.19000000000233,16.311622,18,1.24903,0.86937299999999995,15.226092000000001,18.531392043199691,7.8747587789861209,8.5552331747996053,1,30,30,199,102
9,30,60,LinearHeuristicAuction,0.05,0.08,,True,,1000,3600,cats_path_g30b150,,heuristic,2,False,CATS,150,paths,MultiMinded,1000,MaxIter,118.84000000002561,14.554215,20,1.25806,0.77530200000000005,12.909431000000001,16.784595391862734,5.8186651671168788,9.3295544152530976,1,30,24,171,90
10,30,64,LinearHeuristicAuction,0.05,0.08,,True,,1000,3600,cats_path_g30b150,,heuristic,2,False,CATS,150,paths,MultiMinded,1000,MaxIter,121.94000000000233,15.764945999999998,21,1.20473,0.77151750000000008,15.013634,19.442336179696863,6.9673586416400708,10.06889973696175,1,30,16,179,94
11,30,70,LinearHeuristicAuction,0.05,0.08,,True,,1000,3600,cats_path_g30b150,,heuristic,2,False,CATS,150,paths,MultiMinded,1000,MaxIter,126.72000000003027,15.460275,19,1.12749,0.83722600000000003,13.260223000000002,16.906683999497506,5.1827147697367248,8.0868661023499904,1,30,22,183,100
12,30,67,LinearHeuristicAuction,0.05,0.08,,True,,1000,3600,cats_path_g30b150,,heuristic,2,False,CATS,150,paths,MultiMinded,1000,MaxIter,122.14000000001397,14.9714,20,1.03711,0.74539299999999997,14.121397,21.468096169646941,4.4351104124110305,10.242501249719171,1,29,13,173,97
13,30,70,LinearHeuristicAuction,0.05,0.08,,True,,1000,3600,cats_path_g30b150,,heuristic,2,False,CATS,150,paths,MultiMinded,1000,MaxIter,127.78999999997905,13.718234000000002,20,1.05702,0.66747699999999999,12.906557999999997,25.674319666455371,6.6014044402859886,9.0425971980090782,1,30,25,181,100
14,30,57,LinearHeuristicAuction,0.05,0.08,,True,,1000,3600,cats_path_g30b150,,heuristic,2,False,CATS,150,paths,MultiMinded,1000,MaxIter,116.42999999999302,13.5776358,18,1.27472,0.79768799999999995,12.523523,17.15905233348003,5.2975106902990072,8.1159649900858408,1,30,19,163,87
15,30,76,LinearHeuristicAuction,0.05,0.08,,True,,1000,3600,cats_path_g30b150,,heuristic,2,False,CATS,150,paths,MultiMinded,1000,MaxIter,134.7400000000489,19.193505000000002,21,1.29161,1.0414399999999999,18.328833999999997,21.282819989164636,8.6794463758215503,12.521366328995221,1,30,18,192,106
16,30,55,LinearHeuristicAuction,0.05,0.08,,True,,1000,3600,cats_path_g30b150,,heuristic,2,False,CATS,150,paths,MultiMinded,1000,MaxIter,119.0,17.6371399,20,1.30608,0.92928299999999997,16.2665999,18.071137520408229,7.1898365657478722,11.970263820112622,1,30,22,168,85
17,30,60,LinearHeuristicAuction,0.05,0.08,,True,,1000,3600,cats_path_g30b150,,heuristic,2,False,CATS,150,paths,MultiMinded,1000,MaxIter,113.63999999995576,17.3437429,19,1.15586,0.84924900000000003,15.848071000000003,24.06801579190159,5.5457346790245223,12.105417878442093,1,30,12,168,90
18,30,68,LinearHeuristicAuction,0.05,0.08,,True,,1000,3600,cats_path_g30b150,,heuristic,2,False,CATS,150,paths,MultiMinded,1000,MaxIter,124.25,16.532421,20,1.15917,0.79773499999999997,13.645064,21.149402531688072,6.0553029712410638,8.2259005385115564,1,29,19,189,98
19,30,84,LinearHeuristicAuction,0.05,0.08,,True,,1000,3600,cats_path_g30b150,,heuristic,2,False,CATS,150,paths,MultiMinded,1000,MaxIter,139.86999999999534,16.550685,15,1.19703,0.78075050000000001,12.303085999999999,18.483862737028463,3.928738001939422,7.319024017321146,1,30,20,205,114
20,30,57,LinearHeuristicAuction,0.05,0.08,,True,,1000,3600,cats_path_g30b150,,heuristic,2,False,CATS,150,paths,MultiMinded,1000,MaxIter,124.5099999999511,11.988608000000001,18,0.830201,0.65249500000000005,9.932656499999998,13.499068517888071,3.0164855889646791,7.0956656914248635,1,30,23,173,87
21,30,76,LinearHeuristicAuction,0.05,0.08,,True,,1000,3600,cats_path_g30b150,,heuristic,2,False,CATS,150,paths,MultiMinded,1000,MaxIter,132.46999999997206,16.346269,20,1.16216,0.87333000000000005,15.763704999999998,23.015701790748114,5.9958357340133022,8.8768554448977568,1,30,25,194,106
22,30,62,LinearHeuristicAuction,0.05,0.08,,True,,1000,3600,cats_path_g30b150,,heuristic,2,False,CATS,150,paths,MultiMinded,1000,MaxIter,122.14999999996508,11.899390499999999,18,1.11701,0.58296099999999995,10.4853713,10.868385038683053,3.9104596621529142,6.524560115504916,1,30,12,174,92
23,30,61,LinearHeuristicAuction,0.05,0.08,,True,,1000,3600,cats_path_g30b150,,heuristic,2,False,CATS,150,paths,MultiMinded,1000,MaxIter,120.60999999998603,17.460715,18,1.27766,0.872475,15.162987000000001,23.568977845647758,3.9589788341585219,11.233939926477998,1,30,12,168,91
24,30,72,LinearHeuristicAuction,0.05,0.08,,True,,1000,3600,cats_path_g30b150,,heuristic,2,False,CATS,150,paths,MultiMinded,1000,MaxIter,128.63000000000466,16.551633999999996,19,1.24587,0.733267,14.159424000000001,22.97856617266314,6.1478034663584218,10.383434645950395,1,30,16,181,102
25,30,66,LinearHeuristicAuction,0.05,0.08,,True,,1000,3600,cats_path_g30b150,,heuristic,2,False,CATS,150,paths,MultiMinded,1000,MaxIter,124.03000000002794,15.951057999999998,18,1.21778,0.74724500000000005,13.0062486,21.288372519664627,3.3729397220589985,10.216321733357013,1,30,21,175,96
26,30,71,LinearHeuristicAuction,0.05,0.08,,True,,1000,3600,cats_path_g30b150,,heuristic,2,False,CATS,150,paths,MultiMinded,1000,MaxIter,125.04999999998836,18.600379,19,1.35655,1.0506500000000001,16.277669,29.026103256960656,8.3321615363438077,12.533624115127544,1,30,15,183,101
27,30,65,LinearHeuristicAuction,0.05,0.08,,True,,1000,3600,cats_path_g30b150,,heuristic,2,False,CATS,150,paths,MultiMinded,1000,MaxIter,118.25,15.208365,20,1.24835,0.71721100000000004,13.396355999999997,20.431776426543916,6.9082772087711524,9.4218557997792054,1,30,22,177,95
28,30,68,LinearHeuristicAuction,0.05,0.08,,True,,1000,3600,cats_path_g30b150,,heuristic,2,False,CATS,150,paths,MultiMinded,1000,MaxIter,126.23999999999069,14.86174,18,1.33611,1.01847,14.433981000000001,16.758425659528132,6.3611565442789688,11.150112863909634,1,30,13,183,98
29,30,58,LinearHeuristicAuction,0.05,0.08,,True,,1000,3600,cats_path_g30b150,,heuristic,2,False,CATS,150,paths,MultiMinded,1000,MaxIter,121.19000000000233,11.257909999999999,17,0.8594,0.57639300000000004,10.056388,12.259939300892889,4.1222477124974448,7.1381373949387656,1,30,22,174,88
30,30,65,LinearHeuristicAuction,0.05,0.08,,True,,1000,3600,cats_path_g30b150,,heuristic,2,False,CATS,150,paths,MultiMinded,1000,MaxIter,128.77000000001863,12.752407,16,1.05004,0.71123899999999995,10.949644000000001,13.431312255947487,3.01509602285654,7.151079544932383,1,29,17,178,95
31,30,58,LinearHeuristicAuction,0.05,0.08,,True,,1000,3600,cats_path_g30b150,,heuristic,2,False,CATS,150,paths,MultiMinded,1000,MaxIter,120.11999999999534,13.4727089,16,1.18366,0.86047800000000008,11.726201,17.574454630645,3.5987965923951601,9.292475060085021,1,30,17,165,88
32,30,79,LinearHeuristicAuction,0.05,0.08,,True,,1000,3600,cats_path_g30b150,,heuristic,2,False,CATS,150,paths,MultiMinded,1000,MaxIter,134.44999999995343,17.626487,18,1.11283,0.85035499999999997,16.103693,19.301871739972871,6.5232865816654719,11.739892744014574,1,29,21,196,109
33,30,66,LinearHeuristicAuction,0.05,0.08,,True,,1000,3600,cats_path_g30b150,,heuristic,2,False,CATS,150,paths,MultiMinded,1000,MaxIter,120.75,13.562479100000003,17,1.17658,0.71348500000000004,12.121607,21.367701296387054,5.2629654753759052,8.2543128291373549,1,30,13,172,96
34,30,59,LinearHeuristicAuction,0.05,0.08,,True,,1000,3600,cats_path_g30b150,,heuristic,2,False,CATS,150,paths,MultiMinded,1000,MaxIter,119.14999999996508,15.543004,18,1.16304,0.84088200000000002,14.223895,20.369389135987554,8.7143707198561895,11.564670809966358,1,30,11,165,89
35,30,61,LinearHeuristicAuction,0.05,0.08,,True,,1000,3600,cats_path_g30b150,,heuristic,2,False,CATS,150,paths,MultiMinded,1000,MaxIter,116.89000000001397,18.943085999999997,17,1.32614,0.92471499999999995,17.810235,19.414911445160794,7.6336827934238825,11.19228660026727,1,30,11,173,91
36,30,75,LinearHeuristicAuction,0.05,0.08,,True,,1000,3600,cats_path_g30b150,,heuristic,2,False,CATS,150,paths,MultiMinded,1000,MaxIter,129.85999999998603,15.257448999999998,18,1.04514,0.73463400000000001,13.385662,22.401520947353127,4.8984656657252383,11.310608256366621,1,30,18,188,105
37,30,73,LinearHeuristicAuction,0.05,0.08,,True,,1000,3600,cats_path_g30b150,,heuristic,2,False,CATS,150,paths,MultiMinded,1000,MaxIter,125.67999999999302,19.314383000000003,20,1.26724,0.81503800000000004,17.329922999999997,34.577481371753727,8.7732002360739152,14.956059380014281,1,30,25,186,103
38,30,69,LinearHeuristicAuction,0.05,0.08,,True,,1000,3600,cats_path_g30b150,,heuristic,2,False,CATS,150,paths,MultiMinded,1000,MaxIter,128.28000000002794,17.06102,19,1.26197,0.80889699999999998,15.433207,22.412403990790224,6.2543793868815563,10.405393204831306,1,30,18,186,99
39,30,64,LinearHeuristicAuction,0.05,0.08,,True,,1000,3600,cats_path_g30b150,,heuristic,2,False,CATS,150,paths,MultiMinded,1000,MaxIter,124.32000000000698,18.017829999999996,18,1.46956,1.00953,15.050269999999998,28.359566722693433,5.5310536745284624,10.559854299429912,1,30,16,176,94
40,30,70,LinearHeuristicAuction,0.05,0.08,,True,,1000,3600,cats_path_g30b150,,heuristic,2,False,CATS,150,paths,MultiMinded,1000,MaxIter,126.46000000002095,16.415451,18,1.33618,0.79276899999999995,15.309917,28.838369631059724,5.583144592142526,9.7237649220938476,1,30,22,176,100
41,30,62,LinearHeuristicAuction,0.05,0.08,,True,,1000,3600,cats_path_g30b150,,heuristic,2,False,CATS,150,paths,MultiMinded,1000,MaxIter,119.17999999999302,15.767216000000001,16,1.27329,0.81440000000000001,12.088367199999999,17.156866041260997,2.7776214972308853,8.6365990079499735,1,30,27,174,92
42,30,66,LinearHeuristicAuction,0.05,0.08,,True,,1000,3600,cats_path_g30b150,,heuristic,2,False,CATS,150,paths,MultiMinded,1000,MaxIter,123.71000000002095,14.387081000000002,19,1.10378,0.674543,12.321737000000002,22.00801041181289,4.3126168017587272,7.7735472135369541,1,30,15,178,96
43,30,57,LinearHeuristicAuction,0.05,0.08,,True,,1000,3600,cats_path_g30b150,,heuristic,2,False,CATS,150,paths,MultiMinded,1000,MaxIter,117.20000000001164,12.78674,19,1.092,0.74160349999999997,11.355533999999999,17.472830308385284,6.9271470022806367,9.1109471915554501,1,30,26,164,87
44,30,67,LinearHeuristicAuction,0.05,0.08,,True,,1000,3600,cats_path_g30b150,,heuristic,2,False,CATS,150,paths,MultiMinded,1000,MaxIter,122.0899999999674,14.327095000000002,18,1.04382,0.66583400000000004,12.523021999999997,17.150695193212545,4.2176232762788759,8.815724574579356,1,30,19,174,97
45,30,80,LinearHeuristicAuction,0.05,0.08,,True,,1000,3600,cats_path_g30b150,,heuristic,2,False,CATS,150,paths,MultiMinded,1000,MaxIter,132.03000000002794,13.769805999999999,19,1.20458,0.66948099999999999,12.599122999999999,12.980944917492831,6.7075041400486981,9.7546368302418749,1,30,19,195,110
46,30,62,LinearHeuristicAuction,0.05,0.08,,True,,1000,3600,cats_path_g30b150,,heuristic,2,False,CATS,150,paths,MultiMinded,1000,MaxIter,120.67000000004191,17.982688000000003,19,1.47628,0.89541199999999999,16.028224,20.765278669714284,6.2851050496390908,11.710269030370931,1,30,15,171,92
47,30,50,LinearHeuristicAuction,0.05,0.08,,True,,1000,3600,cats_path_g30b150,,heuristic,2,False,CATS,150,paths,MultiMinded,1000,MaxIter,106.3300000000163,14.4709692,16,1.15255,0.87777400000000005,13.952645,13.028610713069119,3.7288853550243592,11.296086518222832,1,30,8,141,80
48,30,56,LinearHeuristicAuction,0.05,0.08,,True,,1000,3600,cats_path_g30b150,,heuristic,2,False,CATS,150,paths,MultiMinded,1000,MaxIter,112.07000000000698,19.863466000000003,15,1.39092,0.99550399999999994,15.509859999999998,28.268841471090784,6.424109839389506,12.57410525089661,1,30,17,160,86
49,30,59,LinearHeuristicAuction,0.05,0.08,,True,,1000,3600,cats_path_g30b150,,heuristic,2,False,CATS,150,paths,MultiMinded,1000,MaxIter,117.80000000004657,12.83722,17,1.27931,0.83850000000000002,12.607725,17.356277368364974,4.9162846946552348,6.6971106035582508,1,29,27,168,89
50,30,72,LinearHeuristicAuction,0.05,0.08,,True,,1000,3600,cats_path_g30b150,,heuristic,2,False,CATS,150,paths,MultiMinded,1000,MaxIter,127.88000000000466,14.769329999999997,17,1.31494,0.719059,13.514054999999999,14.551545037299896,6.4858559615501132,8.7319443462824822,1,30,15,181,102
51,30,72,LinearHeuristicAuction,0.05,0.08,,True,,1000,3600,cats_path_g30b150,,heuristic,2,False,CATS,150,paths,MultiMinded,1000,MaxIter,131.3400000000256,16.073219,20,1.09244,0.793798,15.168098,18.174404435561474,5.2344980830303376,8.6906208056410481,1,30,21,189,102
52,30,53,LinearHeuristicAuction,0.05,0.08,,True,,1000,3600,cats_path_g30b150,,heuristic,2,False,CATS,150,paths,MultiMinded,1000,MaxIter,114.60000000003492,12.6877335,18,1.34175,0.74289899999999998,12.120170599999998,15.920399216150962,6.1820905952489129,8.3638524934472791,1,30,24,159,83
53,30,69,LinearHeuristicAuction,0.05,0.08,,True,,1000,3600,cats_path_g30b150,,heuristic,2,False,CATS,150,paths,MultiMinded,1000,MaxIter,124.71999999997206,18.740910999999997,17,1.16684,0.90905150000000001,14.112929,20.008006319081147,4.3850263635577722,10.668803244445218,1,30,18,179,99
54,30,63,LinearHeuristicAuction,0.05,0.08,,True,,1000,3600,cats_path_g30b150,,heuristic,2,False,CATS,150,paths,MultiMinded,1000,MaxIter,123.04999999998836,15.541510000000004,20,1.41102,0.83414200000000005,14.106188,18.128557831327054,6.5909025341803691,8.6661290905516921,1,30,20,181,93
55,30,79,LinearHeuristicAuction,0.05,0.08,,True,,1000,3600,cats_path_g30b150,,heuristic,2,False,CATS,150,paths,MultiMinded,1000,MaxIter,135.05999999999767,15.979884000000002,19,1.1263,0.85292049999999997,13.902019999999998,30.084829394899629,5.6297079887398933,9.7093927360774259,1,30,17,199,109
56,30,75,LinearHeuristicAuction,0.05,0.08,,True,,1000,3600,cats_path_g30b150,,heuristic,2,False,CATS,150,paths,MultiMinded,1000,MaxIter,132.21000000002095,18.432461999999994,19,1.25637,0.86360099999999995,16.747146,24.711614453445982,4.5849892779200045,10.395998288634521,1,30,25,196,105
57,30,69,LinearHeuristicAuction,0.05,0.08,,True,,1000,3600,cats_path_g30b150,,heuristic,2,False,CATS,150,paths,MultiMinded,1000,MaxIter,123.98999999999069,21.377306399999995,16,1.41831,1.0310999999999999,17.145139999999998,22.677805764539212,7.0826395554844472,12.191084845615572,1,30,17,181,99
58,30,55,LinearHeuristicAuction,0.05,0.08,,True,,1000,3600,cats_path_g30b150,,heuristic,2,False,CATS,150,paths,MultiMinded,1000,MaxIter,116.09000000002561,12.959700999999999,18,1.39908,0.69830300000000001,10.958169,13.978425579795021,5.0229260109294049,7.1548320822758171,1,30,18,163,85
59,30,62,LinearHeuristicAuction,0.05,0.08,,True,,1000,3600,cats_path_g30b150,,heuristic,2,False,CATS,150,paths,MultiMinded,1000,MaxIter,120.64999999996508,11.245693,19,0.937523,0.59201349999999997,10.245814,11.46998509000918,3.3383460122603572,5.5960877044922022,1,30,13,169,92
60,30,62,LinearHeuristicAuction,0.05,0.08,,True,,1000,3600,cats_path_g30b150,,heuristic,2,False,CATS,150,paths,MultiMinded,1000,MaxIter,125.63000000000466,16.295090999999996,20,1.36668,0.91428500000000001,15.775645999999998,16.894607279910502,8.5437387828716211,10.650673541568748,1,30,27,184,92
61,30,65,LinearHeuristicAuction,0.05,0.08,,True,,1000,3600,cats_path_g30b150,,heuristic,2,False,CATS,150,paths,MultiMinded,1000,MaxIter,116.71999999997206,12.734226999999999,19,1.10066,0.73527699999999996,12.298616999999998,19.76161666111917,5.0212502932900822,9.3314735551525487,1,30,21,168,95
62,30,74,LinearHeuristicAuction,0.05,0.08,,True,,1000,3600,cats_path_g30b150,,heuristic,2,False,CATS,150,paths,MultiMinded,1000,MaxIter,132.0900000000256,15.189660000000002,20,1.07901,0.72534500000000002,13.573552000000003,19.253042589083147,5.5980409896576768,9.5619884876552312,1,29,30,194,104
63,30,57,LinearHeuristicAuction,0.05,0.08,,True,,1000,3600,cats_path_g30b150,,heuristic,2,False,CATS,150,paths,MultiMinded,1000,MaxIter,118.57000000000698,15.812223,19,1.17468,0.85123000000000004,14.895364999999998,17.313789165416235,8.9313249609631651,10.109157179171174,1,30,29,179,87
64,30,65,LinearHeuristicAuction,0.05,0.08,,True,,1000,3600,cats_path_g30b150,,heuristic,2,False,CATS,150,paths,MultiMinded,1000,MaxIter,124.22999999998137,14.256674000000002,18,1.1464,0.76940900000000001,12.873298800000002,14.95805913146085,4.8157713828194613,7.0051042365062361,1,30,19,180,95
65,30,75,LinearHeuristicAuction,0.05,0.08,,True,,1000,3600,cats_path_g30b150,,heuristic,2,False,CATS,150,paths,MultiMinded,1000,MaxIter,127.77000000001863,14.689584000000002,18,1.20503,0.79890700000000003,13.323820000000001,25.144608426443003,6.0166534032477044,8.7560963983928062,1,30,21,185,105
66,30,64,LinearHeuristicAuction,0.05,0.08,,True,,1000,3600,cats_path_g30b150,,heuristic,2,False,CATS,150,paths,MultiMinded,1000,MaxIter,123.20000000001164,15.318505000000002,17,1.13026,0.77133499999999999,13.490753999999997,17.43314473773081,6.9969183199115452,8.3608142369301195,1,30,19,176,94
67,30,65,LinearHeuristicAuction,0.05,0.08,,True,,1000,3600,cats_path_g30b150,,heuristic,2,False,CATS,150,paths,MultiMinded,1000,MaxIter,125.85999999998603,17.19162,17,1.36208,0.868533,14.386863000000002,19.164135223561768,5.763165940078423,10.725083809345801,1,30,26,180,95
68,30,62,LinearHeuristicAuction,0.05,0.08,,True,,1000,3600,cats_path_g30b150,,heuristic,2,False,CATS,150,paths,MultiMinded,1000,MaxIter,114.46999999997206,16.58045,18,1.1806,0.75433449999999991,15.395759999999994,15.400845176709561,2.421141422865809,12.508122905507404,1,30,26,155,92
69,30,69,LinearHeuristicAuction,0.05,0.08,,True,,1000,3600,cats_path_g30b150,,heuristic,2,False,CATS,150,paths,MultiMinded,1000,MaxIter,126.5800000000163,16.94247,19,1.39982,0.781829,14.156501,21.36654513729302,5.5622238437204041,8.9751710446431847,1,30,15,178,99
70,30,69,LinearHeuristicAuction,0.05,0.08,,True,,1000,3600,cats_path_g30b150,,heuristic,2,False,CATS,150,paths,MultiMinded,1000,MaxIter,125.02000000001863,15.6214981,17,1.25374,0.86018899999999998,13.312164,16.42628017228412,4.7322042466812562,8.916107176239116,1,30,26,186,99
71,30,72,LinearHeuristicAuction,0.05,0.08,,True,,1000,3600,cats_path_g30b150,,heuristic,2,False,CATS,150,paths,MultiMinded,1000,MaxIter,131.11999999999534,18.0902305,19,1.22443,0.96304999999999996,15.8846825,31.23438822383665,8.2244156214070934,12.148536249828464,1,30,20,191,102
72,30,71,LinearHeuristicAuction,0.05,0.08,,True,,1000,3600,cats_path_g30b150,,heuristic,2,False,CATS,150,paths,MultiMinded,1000,MaxIter,125.10999999998603,14.262129000000002,18,1.12549,0.60241199999999995,12.568625,20.187946177934627,3.9142373904555257,7.810930064682954,1,30,20,184,101
73,30,61,LinearHeuristicAuction,0.05,0.08,,True,,1000,3600,cats_path_g30b150,,heuristic,2,False,CATS,150,paths,MultiMinded,1000,MaxIter,123.86999999999534,16.416352,17,1.29762,0.90387399999999996,14.557906000000001,16.979520118729123,5.6868706361624088,8.5629037543048092,1,30,16,169,91
74,30,65,LinearHeuristicAuction,0.05,0.08,,True,,1000,3600,cats_path_g30b150,,heuristic,2,False,CATS,150,paths,MultiMinded,1000,MaxIter,123.77999999996973,10.025623,17,0.812177,0.53816299999999995,9.11029,12.431471156200912,3.8416413186294203,6.4899941749961529,1,30,26,182,95
75,30,69,LinearHeuristicAuction,0.05,0.08,,True,,1000,3600,cats_path_g30b150,,heuristic,2,False,CATS,150,paths,MultiMinded,1000,MaxIter,128.61999999999534,15.321485,19,1.30411,0.789794,13.709723000000002,26.714352227698125,5.903186217560572,9.4354863432446088,1,30,21,184,99
76,30,66,LinearHeuristicAuction,0.05,0.08,,True,,1000,3600,cats_path_g30b150,,heuristic,2,False,CATS,150,paths,MultiMinded,1000,MaxIter,125.86999999999534,17.565949,18,1.39796,0.82384800000000002,14.896949,24.110976890147029,6.4504537871010834,9.5848009750597001,1,30,33,173,96
77,30,71,LinearHeuristicAuction,0.05,0.08,,True,,1000,3600,cats_path_g30b150,,heuristic,2,False,CATS,150,paths,MultiMinded,1000,MaxIter,128.36999999999534,17.445843,20,1.28117,0.83980299999999997,16.178586,25.363718908983248,4.1671463371342767,8.9935636714630505,1,30,17,189,101
78,30,77,LinearHeuristicAuction,0.05,0.08,,True,,1000,3600,cats_path_g30b150,,heuristic,2,False,CATS,150,paths,MultiMinded,1000,MaxIter,135.98000000003958,17.835809,20,1.27923,0.84794999999999998,15.412434999999999,25.024149914981294,8.1925779098461931,10.976775826487366,1,30,21,201,107
79,30,71,LinearHeuristicAuction,0.05,0.08,,True,,1000,3600,cats_path_g30b150,,heuristic,2,False,CATS,150,paths,MultiMinded,1000,MaxIter,128.27000000001863,15.251795000000001,21,1.08004,0.77857100000000001,14.410210000000001,20.712472350437864,6.3227860816011292,10.584164138415588,1,30,28,182,101
80,30,67,LinearHeuristicAuction,0.05,0.08,,True,,1000,3600,cats_path_g30b150,,heuristic,2,False,CATS,150,paths,MultiMinded,1000,MaxIter,124.04000000003725,21.216326000000002,19,1.34186,1.05186,19.092677999999996,24.787722098273509,8.0689553382781725,11.043995074038381,1,30,22,186,97
81,30,68,LinearHeuristicAuction,0.05,0.08,,True,,1000,3600,cats_path_g30b150,,heuristic,2,False,CATS,150,paths,MultiMinded,1000,MaxIter,125.63999999995576,14.454433000000002,15,1.14794,0.83136399999999999,11.720601999999996,16.952827929109688,3.824785996725216,8.1594106792124386,1,29,28,176,98
82,30,64,LinearHeuristicAuction,0.05,0.08,,True,,1000,3600,cats_path_g30b150,,heuristic,2,False,CATS,150,paths,MultiMinded,1000,MaxIter,121.01000000000931,14.456647999999998,20,1.03149,0.62555099999999997,13.491499000000001,25.941087688329965,5.9423164608906642,10.402640088961988,1,30,32,175,94
83,30,64,LinearHeuristicAuction,0.05,0.08,,True,,1000,3600,cats_path_g30b150,,heuristic,2,False,CATS,150,paths,MultiMinded,1000,MaxIter,124.64999999996508,15.243575000000002,19,1.11077,0.82948200000000005,13.584959000000001,19.850312405122821,6.7232472382525081,10.483513280698082,1,30,35,184,94
84,30,55,LinearHeuristicAuction,0.05,0.08,,True,,1000,3600,cats_path_g30b150,,heuristic,2,False,CATS,150,paths,MultiMinded,1000,MaxIter,119.36999999999534,10.829593,16,1.04035,0.60557799999999995,9.724689,9.964932056915579,4.0858724134552302,5.5479410884061346,1,30,24,165,85
85,30,70,LinearHeuristicAuction,0.05,0.08,,True,,1000,3600,cats_path_g30b150,,heuristic,2,False,CATS,150,paths,MultiMinded,1000,MaxIter,130.19000000000233,17.838826,18,1.20482,0.99917599999999995,16.862089,21.798354417011673,7.6753562283971695,11.440682026566806,1,30,26,191,100
86,30,63,LinearHeuristicAuction,0.05,0.08,,True,,1000,3600,cats_path_g30b150,,heuristic,2,False,CATS,150,paths,MultiMinded,1000,MaxIter,124.1600000000326,14.348480000000002,16,1.12303,0.66461599999999998,12.023257000000001,12.867405950993691,5.5043880063719595,9.1684140642829171,1,30,26,171,93
87,30,64,LinearHeuristicAuction,0.05,0.08,,True,,1000,3600,cats_path_g30b150,,heuristic,2,False,CATS,150,paths,MultiMinded,1000,MaxIter,126.88000000000466,15.876268000000007,17,1.16618,0.92069400000000001,14.141869000000002,14.417622017783517,4.4072945622125879,8.6241819234240946,1,30,23,181,94
88,30,76,LinearHeuristicAuction,0.05,0.08,,True,,1000,3600,cats_path_g30b150,,heuristic,2,False,CATS,150,paths,MultiMinded,1000,MaxIter,136.01999999996042,20.508544000000004,17,1.50963,0.97545999999999999,18.001837,30.700594249647484,3.7694128737854893,14.05108037351874,1,30,23,193,106
89,30,72,LinearHeuristicAuction,0.05,0.08,,True,,1000,3600,cats_path_g30b150,,heuristic,2,False,CATS,150,paths,MultiMinded,1000,MaxIter,132.27000000001863,16.188547,21,1.37467,0.81535500000000005,15.067456000000002,17.045723397441179,8.3353093279343469,10.290967315691717,1,30,23,194,102
90,30,54,LinearHeuristicAuction,0.05,0.08,,True,,1000,3600,cats_path_g30b150,,heuristic,2,False,CATS,150,paths,MultiMinded,1000,MaxIter,115.73999999999069,12.251615099999999,13,0.821456,0.64283100000000004,8.064247,19.167496798615488,2.0732038592016466,5.4815281475585795,1,30,13,165,84
91,30,66,LinearHeuristicAuction,0.05,0.08,,True,,1000,3600,cats_path_g30b150,,heuristic,2,False,CATS,150,paths,MultiMinded,1000,MaxIter,120.85999999998603,13.249561,16,1.08687,0.77222100000000005,9.685727499999999,17.509644473437952,4.1970568665008017,7.6722103130534247,1,30,11,173,96
92,30,57,LinearHeuristicAuction,0.05,0.08,,True,,1000,3600,cats_path_g30b150,,heuristic,2,False,CATS,150,paths,MultiMinded,1000,MaxIter,116.42999999999302,12.038590999999998,16,0.968649,0.65237100000000003,9.209093,14.657229646457319,2.4444506232405692,5.5042073482022893,1,30,18,154,87
93,30,62,LinearHeuristicAuction,0.05,0.08,,True,,1000,3600,cats_path_g30b150,,heuristic,2,False,CATS,150,paths,MultiMinded,1000,MaxIter,116.38000000000466,16.059345,16,1.15822,0.86252099999999998,12.707123,24.551848852869355,5.1547550813354217,9.7532579688190211,1,30,28,163,92
94,30,68,LinearHeuristicAuction,0.05,0.08,,True,,1000,3600,cats_path_g30b150,,heuristic,2,False,CATS,150,paths,MultiMinded,1000,MaxIter,131.72999999998137,17.743863,17,1.39576,0.98003499999999999,16.481215,26.405117284119012,6.6357516225310551,9.6217129419309533,1,30,24,186,98
95,30,64,LinearHeuristicAuction,0.05,0.08,,True,,1000,3600,cats_path_g30b150,,heuristic,2,False,CATS,150,paths,MultiMinded,1000,MaxIter,116.28000000002794,15.467591,23,0.907099,0.58233449999999998,13.945111999999998,13.8495643347974,5.9391850654540432,12.496147359504217,1,30,17,163,94
96,30,57,LinearHeuristicAuction,0.05,0.08,,True,,1000,3600,cats_path_g30b150,,heuristic,2,False,CATS,150,paths,MultiMinded,1000,MaxIter,111.52999999996973,9.8668957,16,1.02137,0.65189799999999998,9.6358096,10.006965443246404,4.2610417777773728,6.4809492108634146,1,30,17,146,87
97,30,55,LinearHeuristicAuction,0.05,0.08,,True,,1000,3600,cats_path_g30b150,,heuristic,2,False,CATS,150,paths,MultiMinded,1000,MaxIter,116.09000000002561,12.714137000000001,16,1.1671,0.73047649999999997,10.255738999999998,13.659144674818231,3.8107788237219489,6.3304498261120363,1,30,16,165,85
98,30,61,LinearHeuristicAuction,0.05,0.08,,True,,1000,3600,cats_path_g30b150,,heuristic,2,False,CATS,150,paths,MultiMinded,1000,MaxIter,122.48999999999069,17.221063000000004,16,1.28051,0.90821799999999997,14.995454000000002,23.732460209162827,6.5820067495368138,10.595087011904827,1,30,18,168,91
99,30,71,LinearHeuristicAuction,0.05,0.08,,True,,1000,3600,cats_path_g30b150,,heuristic,2,False,CATS,150,paths,MultiMinded,1000,MaxIter,127.76000000000931,16.835101,16,1.27222,0.965194,14.537212,31.581789983680018,4.0331245943132865,9.0152334256073594,1,30,20,186,101
100,30,69,LinearHeuristicAuction,0.05,0.08,,True,,1000,3600,cats_path_g30b150,,heuristic,2,False,CATS,150,paths,MultiMinded,1000,MaxIter,123.51999999996042,11.185935,20,0.872955,0.55562999999999996,9.413554,10.881776103882935,5.4688157857672621,7.7148494324450771,1,30,16,175,99
