idx,items,agents,auction_class,epsilon,stepc,epoch,scalebyvalue,reserve_type,maxiter,maxtime,generator_param_name,personalized,bidding_strategy,heuristic_pool_num,int_prices,generator,bids,distribution,type,rounds,status,runtime,efficient_value,final_num_winners,final_max_agent_value,final_scalevalue,final_value,final_total_price,final_revenue,final_indirect_util,final_price_degree,final_price_sparsity,final_imbalance,final_wd_nvars,final_wd_ncons
1,30,67,LinearHeuristicAuction,0.05,0.04,,True,,1000,3600,cats_path_g30b150,,heuristic,2,False,CATS,150,paths,MultiMinded,1000,MaxIter,123.06999999994878,15.606157999999997,16,1.23481,0.870313,13.612015,17.061498936602533,5.1063737215345162,9.5415841375688224,1,29,19,177,97
2,30,63,LinearHeuristicAuction,0.05,0.04,,True,,1000,3600,cats_path_g30b150,,heuristic,2,False,CATS,150,paths,MultiMinded,1000,MaxIter,126.07999999995809,14.094153000000002,18,1.04283,0.78301449999999995,12.29338,19.461511678803831,4.7546477146619663,9.926044061350467,1,30,24,173,93
3,30,69,LinearHeuristicAuction,0.05,0.04,,True,,1000,3600,cats_path_g30b150,,heuristic,2,False,CATS,150,paths,MultiMinded,1000,MaxIter,135.02999999996973,19.941755999999998,20,1.33809,0.95683499999999999,18.723958000000003,22.399665627598026,5.0996045304842648,12.968015338690435,1,30,19,183,99
4,30,66,LinearHeuristicAuction,0.05,0.04,,True,,1000,3600,cats_path_g30b150,,heuristic,2,False,CATS,150,paths,MultiMinded,1000,MaxIter,126.86999999999534,14.118885,18,0.998367,0.78126600000000002,12.866052000000002,16.671636815557058,4.8723755415802703,7.1654437668583686,1,30,23,184,96
5,30,65,LinearHeuristicAuction,0.05,0.04,,True,,1000,3600,cats_path_g30b150,,heuristic,2,False,CATS,150,paths,MultiMinded,1000,MaxIter,124.5800000000163,15.664620999999997,18,1.04116,0.78344400000000003,13.462031999999997,16.509211232062771,4.420628406811395,9.5551850188057088,1,30,27,176,95
6,30,61,LinearHeuristicAuction,0.05,0.04,,True,,1000,3600,cats_path_g30b150,,heuristic,2,False,CATS,150,paths,MultiMinded,1000,MaxIter,118.35000000003492,15.723609,18,1.13448,0.79950699999999997,14.418071999999999,20.157584463149519,6.4476349472914363,11.890912171419551,1,30,30,173,91
7,30,64,LinearHeuristicAuction,0.05,0.04,,True,,1000,3600,cats_path_g30b150,,heuristic,2,False,CATS,150,paths,MultiMinded,1000,MaxIter,124.5800000000163,16.373429,19,1.20046,0.76909549999999993,13.473127,20.006146253118498,4.05471076972331,8.5586842713911615,1,30,17,178,94
8,30,72,LinearHeuristicAuction,0.05,0.04,,True,,1000,3600,cats_path_g30b150,,heuristic,2,False,CATS,150,paths,MultiMinded,1000,MaxIter,132.86999999999534,16.311622,17,1.24903,0.86937299999999995,14.733748,19.408342413652381,6.1812430695946157,7.1669455356094689,1,30,20,198,102
9,30,60,LinearHeuristicAuction,0.05,0.04,,True,,1000,3600,cats_path_g30b150,,heuristic,2,False,CATS,150,paths,MultiMinded,1000,MaxIter,120.97999999998137,14.554215,22,1.25806,0.77530200000000005,14.02543,15.06598455846674,6.8809412544954141,10.652547675894702,1,30,21,178,90
10,30,64,LinearHeuristicAuction,0.05,0.04,,True,,1000,3600,cats_path_g30b150,,heuristic,2,False,CATS,150,paths,MultiMinded,1000,MaxIter,120.29999999998836,15.764945999999998,18,1.20473,0.77151750000000008,13.674053,18.290095785876822,6.4274250575280991,9.6271305091129431,1,30,18,179,94
11,30,70,LinearHeuristicAuction,0.05,0.04,,True,,1000,3600,cats_path_g30b150,,heuristic,2,False,CATS,150,paths,MultiMinded,1000,MaxIter,126.29000000003725,15.460275,19,1.12749,0.83722600000000003,13.856546999999999,16.361796738189614,6.3233156186329591,9.3692364464102944,1,30,13,188,100
12,30,67,LinearHeuristicAuction,0.05,0.04,,True,,1000,3600,cats_path_g30b150,,heuristic,2,False,CATS,150,paths,MultiMinded,1000,MaxIter,125.69000000000233,14.9714,20,1.03711,0.74539299999999997,14.2065462,16.630164355099563,5.5059960305973439,11.663219499534867,1,29,29,177,97
13,30,70,LinearHeuristicAuction,0.05,0.04,,True,,1000,3600,cats_path_g30b150,,heuristic,2,False,CATS,150,paths,MultiMinded,1000,MaxIter,129.8300000000163,13.718234000000002,19,1.05702,0.66747699999999999,12.641127000000001,19.53183835281089,4.7248846931675921,7.6220514768318104,1,30,19,183,100
14,30,57,LinearHeuristicAuction,0.05,0.04,,True,,1000,3600,cats_path_g30b150,,heuristic,2,False,CATS,150,paths,MultiMinded,1000,MaxIter,117.04000000003725,13.5776358,18,1.27472,0.79768799999999995,12.513645800000003,15.058333154181268,5.4485809173249145,8.9001769558245005,1,30,24,161,87
15,30,76,LinearHeuristicAuction,0.05,0.04,,True,,1000,3600,cats_path_g30b150,,heuristic,2,False,CATS,150,paths,MultiMinded,1000,MaxIter,133.42999999999302,19.193505000000002,18,1.29161,1.0414399999999999,17.506321999999997,19.944163819757399,6.5597965257784479,10.832570009306004,1,30,26,191,106
16,30,55,LinearHeuristicAuction,0.05,0.04,,True,,1000,3600,cats_path_g30b150,,heuristic,2,False,CATS,150,paths,MultiMinded,1000,MaxIter,115.76999999996042,17.6371399,18,1.30608,0.92928299999999997,16.180887,17.305917748662836,4.2974921197682789,10.028834652529259,1,30,23,163,85
17,30,60,LinearHeuristicAuction,0.05,0.04,,True,,1000,3600,cats_path_g30b150,,heuristic,2,False,CATS,150,paths,MultiMinded,1000,MaxIter,115.5,17.3437429,20,1.15586,0.84924900000000003,16.312000000000005,20.164716003813698,5.3513815127571167,12.062052931597485,1,30,20,164,90
18,30,68,LinearHeuristicAuction,0.05,0.04,,True,,1000,3600,cats_path_g30b150,,heuristic,2,False,CATS,150,paths,MultiMinded,1000,MaxIter,124.11999999999534,16.532421,20,1.15917,0.79773499999999997,14.321041000000003,19.146694395968602,6.162855362447238,8.1824406789701207,1,29,23,193,98
19,30,84,LinearHeuristicAuction,0.05,0.04,,True,,1000,3600,cats_path_g30b150,,heuristic,2,False,CATS,150,paths,MultiMinded,1000,MaxIter,137.69999999995343,16.550685,17,1.19703,0.78075050000000001,12.522037999999998,18.379408544790586,5.3247522103764391,8.9270726273349545,1,30,26,199,114
20,30,57,LinearHeuristicAuction,0.05,0.04,,True,,1000,3600,cats_path_g30b150,,heuristic,2,False,CATS,150,paths,MultiMinded,1000,MaxIter,118.67999999999302,11.988608000000001,17,0.830201,0.65249500000000005,10.440553999999999,14.070999218984273,3.0556593310469822,7.2488997026616708,1,30,10,167,87
21,30,76,LinearHeuristicAuction,0.05,0.04,,True,,1000,3600,cats_path_g30b150,,heuristic,2,False,CATS,150,paths,MultiMinded,1000,MaxIter,135.11999999999534,16.346269,19,1.16216,0.87333000000000005,14.305890999999999,18.969403573036534,6.0607810652290706,9.1120382910957982,1,30,28,199,106
22,30,62,LinearHeuristicAuction,0.05,0.04,,True,,1000,3600,cats_path_g30b150,,heuristic,2,False,CATS,150,paths,MultiMinded,1000,MaxIter,123.09000000002561,11.899390499999999,18,1.11701,0.58296099999999995,10.334983999999999,10.52106224749399,4.3437195042682424,7.1735731991826288,1,30,16,181,92
23,30,61,LinearHeuristicAuction,0.05,0.04,,True,,1000,3600,cats_path_g30b150,,heuristic,2,False,CATS,150,paths,MultiMinded,1000,MaxIter,119.80999999999767,17.460715,18,1.27766,0.872475,15.393809000000001,20.148363971280737,5.7342783943500937,12.614695742722626,1,30,31,171,91
24,30,72,LinearHeuristicAuction,0.05,0.04,,True,,1000,3600,cats_path_g30b150,,heuristic,2,False,CATS,150,paths,MultiMinded,1000,MaxIter,132.42999999999302,16.551633999999996,19,1.24587,0.733267,14.872423000000001,19.767565945210958,7.9471151358248182,12.19841895662946,1,30,18,185,102
25,30,66,LinearHeuristicAuction,0.05,0.04,,True,,1000,3600,cats_path_g30b150,,heuristic,2,False,CATS,150,paths,MultiMinded,1000,MaxIter,123.36999999999534,15.951057999999998,17,1.21778,0.74724500000000005,12.0375136,17.626460742787579,4.1460588389331772,11.183180576378344,1,30,26,176,96
26,30,71,LinearHeuristicAuction,0.05,0.04,,True,,1000,3600,cats_path_g30b150,,heuristic,2,False,CATS,150,paths,MultiMinded,1000,MaxIter,125.6699999999837,18.600379,19,1.35655,1.0506500000000001,17.265378000000002,22.425919786697182,9.9715061012599175,14.278788777284253,1,30,22,185,101
27,30,65,LinearHeuristicAuction,0.05,0.04,,True,,1000,3600,cats_path_g30b150,,heuristic,2,False,CATS,150,paths,MultiMinded,1000,MaxIter,118.95999999996275,15.208365,20,1.24835,0.71721100000000004,13.376333,17.825592905963703,6.1186543614169606,9.4106739389090794,1,30,21,176,95
28,30,68,LinearHeuristicAuction,0.05,0.04,,True,,1000,3600,cats_path_g30b150,,heuristic,2,False,CATS,150,paths,MultiMinded,1000,MaxIter,129.47000000003027,14.86174,18,1.33611,1.01847,14.304,14.453418316534794,6.1940516521295219,11.030010367875736,1,30,27,187,98
29,30,58,LinearHeuristicAuction,0.05,0.04,,True,,1000,3600,cats_path_g30b150,,heuristic,2,False,CATS,150,paths,MultiMinded,1000,MaxIter,120.0,11.257909999999999,19,0.8594,0.57639300000000004,10.840872999999998,11.426378211148561,5.1768127701621669,8.5440408846689628,1,30,25,175,88
30,30,65,LinearHeuristicAuction,0.05,0.04,,True,,1000,3600,cats_path_g30b150,,heuristic,2,False,CATS,150,paths,MultiMinded,1000,MaxIter,131.10999999998603,12.752407,17,1.05004,0.71123899999999995,11.586986000000001,13.399468800687066,3.6090666363872472,7.7160979842010828,1,30,20,181,95
31,30,58,LinearHeuristicAuction,0.05,0.04,,True,,1000,3600,cats_path_g30b150,,heuristic,2,False,CATS,150,paths,MultiMinded,1000,MaxIter,120.90999999997439,13.4727089,16,1.18366,0.86047800000000008,11.927603900000001,13.255314886043854,3.311368554001477,8.7035452316554665,1,30,30,166,88
32,30,79,LinearHeuristicAuction,0.05,0.04,,True,,1000,3600,cats_path_g30b150,,heuristic,2,False,CATS,150,paths,MultiMinded,1000,MaxIter,135.55999999999767,17.626487,18,1.11283,0.85035499999999997,15.672501,17.451806486336292,5.4405912530877831,10.766193081446746,1,29,15,198,109
33,30,66,LinearHeuristicAuction,0.05,0.04,,True,,1000,3600,cats_path_g30b150,,heuristic,2,False,CATS,150,paths,MultiMinded,1000,MaxIter,121.21999999997206,13.562479100000003,18,1.17658,0.71348500000000004,12.3511241,17.396320170794752,3.3010915741485785,6.7010880193526265,1,30,22,174,96
34,30,59,LinearHeuristicAuction,0.05,0.04,,True,,1000,3600,cats_path_g30b150,,heuristic,2,False,CATS,150,paths,MultiMinded,1000,MaxIter,118.60999999998603,15.543004,17,1.16304,0.84088200000000002,14.170414000000001,16.748346760535991,6.251691797471473,9.0868223735275002,1,30,28,170,89
35,30,61,LinearHeuristicAuction,0.05,0.04,,True,,1000,3600,cats_path_g30b150,,heuristic,2,False,CATS,150,paths,MultiMinded,1000,MaxIter,118.95000000001164,18.943085999999997,19,1.32614,0.92471499999999995,17.933733999999998,17.809306430936065,6.2054073541948371,12.879046130000091,1,30,7,170,91
36,30,75,LinearHeuristicAuction,0.05,0.04,,True,,1000,3600,cats_path_g30b150,,heuristic,2,False,CATS,150,paths,MultiMinded,1000,MaxIter,130.96000000002095,15.257448999999998,20,1.04514,0.73463400000000001,13.771249999999998,17.557721901861033,5.5241605066651562,12.747403182657692,1,30,24,189,105
37,30,73,LinearHeuristicAuction,0.05,0.04,,True,,1000,3600,cats_path_g30b150,,heuristic,2,False,CATS,150,paths,MultiMinded,1000,MaxIter,127.72999999998137,19.314383000000003,21,1.26724,0.81503800000000004,18.483437000000006,26.640262516945672,8.4690705477202854,15.191101914018365,1,30,23,186,103
38,30,69,LinearHeuristicAuction,0.05,0.04,,True,,1000,3600,cats_path_g30b150,,heuristic,2,False,CATS,150,paths,MultiMinded,1000,MaxIter,128.97000000003027,17.06102,19,1.26197,0.80889699999999998,14.447238999999998,18.527214772183775,7.1674319482289395,11.47310333845501,1,30,23,191,99
39,30,64,LinearHeuristicAuction,0.05,0.04,,True,,1000,3600,cats_path_g30b150,,heuristic,2,False,CATS,150,paths,MultiMinded,1000,MaxIter,124.80999999999767,18.017829999999996,19,1.46956,1.00953,15.1395849,23.852277958741773,4.8444938057032507,10.747547759770569,1,30,22,180,94
40,30,70,LinearHeuristicAuction,0.05,0.04,,True,,1000,3600,cats_path_g30b150,,heuristic,2,False,CATS,150,paths,MultiMinded,1000,MaxIter,129.53999999997905,16.415451,19,1.33618,0.79276899999999995,15.354420000000001,23.170568370725015,6.6927860407822299,11.09812013746863,1,30,10,182,100
41,30,62,LinearHeuristicAuction,0.05,0.04,,True,,1000,3600,cats_path_g30b150,,heuristic,2,False,CATS,150,paths,MultiMinded,1000,MaxIter,118.1699999999837,15.767216000000001,16,1.27329,0.81440000000000001,12.840558,16.017670310288349,3.5352499407778688,9.5989897060223797,1,30,21,174,92
42,30,66,LinearHeuristicAuction,0.05,0.04,,True,,1000,3600,cats_path_g30b150,,heuristic,2,False,CATS,150,paths,MultiMinded,1000,MaxIter,124.63000000000466,14.387081000000002,22,1.10378,0.674543,13.116007000000002,18.422030261581959,4.7192875153651057,8.1224802603601098,1,30,19,182,96
43,30,57,LinearHeuristicAuction,0.05,0.04,,True,,1000,3600,cats_path_g30b150,,heuristic,2,False,CATS,150,paths,MultiMinded,1000,MaxIter,117.73000000003958,12.78674,18,1.092,0.74160349999999997,11.238030000000002,16.135451098791663,5.2515070955767005,7.8663793939031876,1,30,26,169,87
44,30,67,LinearHeuristicAuction,0.05,0.04,,True,,1000,3600,cats_path_g30b150,,heuristic,2,False,CATS,150,paths,MultiMinded,1000,MaxIter,122.46999999997206,14.327095000000002,19,1.04382,0.66583400000000004,12.690592999999998,15.658254361854562,5.353703704362669,9.6889988541350061,1,29,23,177,97
45,30,80,LinearHeuristicAuction,0.05,0.04,,True,,1000,3600,cats_path_g30b150,,heuristic,2,False,CATS,150,paths,MultiMinded,1000,MaxIter,134.92999999999302,13.769805999999999,19,1.20458,0.66948099999999999,12.120907999999996,13.371902251092044,6.0357042306081352,9.0737363914139291,1,30,17,202,110
46,30,62,LinearHeuristicAuction,0.05,0.04,,True,,1000,3600,cats_path_g30b150,,heuristic,2,False,CATS,150,paths,MultiMinded,1000,MaxIter,119.79000000003725,17.982688000000003,17,1.47628,0.89541199999999999,15.389706,18.080771779702655,6.6888262515667885,12.538068543276434,1,30,30,177,92
47,30,50,LinearHeuristicAuction,0.05,0.04,,True,,1000,3600,cats_path_g30b150,,heuristic,2,False,CATS,150,paths,MultiMinded,1000,MaxIter,107.39000000001397,14.4709692,16,1.15255,0.87777400000000005,13.962015,11.845214868740968,2.6773526909991441,11.245342290993136,1,29,19,147,80
48,30,56,LinearHeuristicAuction,0.05,0.04,,True,,1000,3600,cats_path_g30b150,,heuristic,2,False,CATS,150,paths,MultiMinded,1000,MaxIter,121.73999999999069,19.863466000000003,17,1.39092,0.99550399999999994,17.401169999999997,22.404681364897659,7.3803091587665559,13.300036098179891,1,30,17,163,86
49,30,59,LinearHeuristicAuction,0.05,0.04,,True,,1000,3600,cats_path_g30b150,,heuristic,2,False,CATS,150,paths,MultiMinded,1000,MaxIter,119.29999999998836,12.83722,18,1.27931,0.83850000000000002,12.83722,15.193473393894704,7.6606978745750824,9.5497696343204286,1,29,28,173,89
50,30,72,LinearHeuristicAuction,0.05,0.04,,True,,1000,3600,cats_path_g30b150,,heuristic,2,False,CATS,150,paths,MultiMinded,1000,MaxIter,130.29999999998836,14.769329999999997,17,1.31494,0.719059,13.857937999999999,14.178823789852311,6.762630573889961,9.4572494110171235,1,30,27,185,102
51,30,72,LinearHeuristicAuction,0.05,0.04,,True,,1000,3600,cats_path_g30b150,,heuristic,2,False,CATS,150,paths,MultiMinded,1000,MaxIter,132.61999999999534,16.073219,19,1.09244,0.793798,14.716966,16.133787952109834,4.4902641169729671,8.628871178615082,1,30,26,192,102
52,30,53,LinearHeuristicAuction,0.05,0.04,,True,,1000,3600,cats_path_g30b150,,heuristic,2,False,CATS,150,paths,MultiMinded,1000,MaxIter,116.40999999997439,12.6877335,17,1.34175,0.74289899999999998,11.516383300000001,13.485772831419208,4.979907553381258,7.2050578006755508,1,30,18,164,83
53,30,69,LinearHeuristicAuction,0.05,0.04,,True,,1000,3600,cats_path_g30b150,,heuristic,2,False,CATS,150,paths,MultiMinded,1000,MaxIter,127.90000000002328,18.740910999999997,17,1.16684,0.90905150000000001,16.090294999999998,17.794864311350135,5.0401833575931096,11.412938830284258,1,30,18,183,99
54,30,63,LinearHeuristicAuction,0.05,0.04,,True,,1000,3600,cats_path_g30b150,,heuristic,2,False,CATS,150,paths,MultiMinded,1000,MaxIter,121.71000000002095,15.541510000000004,20,1.41102,0.83414200000000005,14.679048300000002,16.497118905108522,6.6727077267523311,8.6907008380192181,1,30,24,175,93
55,30,79,LinearHeuristicAuction,0.05,0.04,,True,,1000,3600,cats_path_g30b150,,heuristic,2,False,CATS,150,paths,MultiMinded,1000,MaxIter,135.38000000000466,15.979884000000002,18,1.1263,0.85292049999999997,14.158016000000002,22.924502759854537,5.2129622721860045,9.319009222850628,1,30,37,199,109
56,30,75,LinearHeuristicAuction,0.05,0.04,,True,,1000,3600,cats_path_g30b150,,heuristic,2,False,CATS,150,paths,MultiMinded,1000,MaxIter,129.05999999999767,18.432461999999994,19,1.25637,0.86360099999999995,16.568131,21.013577892005184,7.8068598920584167,13.348858936639918,1,30,22,196,105
57,30,69,LinearHeuristicAuction,0.05,0.04,,True,,1000,3600,cats_path_g30b150,,heuristic,2,False,CATS,150,paths,MultiMinded,1000,MaxIter,124.54999999998836,21.377306399999995,17,1.41831,1.0310999999999999,18.775136999999997,21.549048786627576,9.5174441678434505,14.774116052183468,1,30,23,186,99
58,30,55,LinearHeuristicAuction,0.05,0.04,,True,,1000,3600,cats_path_g30b150,,heuristic,2,False,CATS,150,paths,MultiMinded,1000,MaxIter,121.09000000002561,12.959700999999999,18,1.39908,0.69830300000000001,11.682163999999998,12.812716702196646,4.4214359244930579,7.2528458991745852,1,30,21,168,85
59,30,62,LinearHeuristicAuction,0.05,0.04,,True,,1000,3600,cats_path_g30b150,,heuristic,2,False,CATS,150,paths,MultiMinded,1000,MaxIter,118.13000000000466,11.245693,19,0.937523,0.59201349999999997,10.103741900000001,10.480418870034018,4.577536017586981,6.7192535537084863,1,30,16,167,92
60,30,62,LinearHeuristicAuction,0.05,0.04,,True,,1000,3600,cats_path_g30b150,,heuristic,2,False,CATS,150,paths,MultiMinded,1000,MaxIter,126.02000000001863,16.295090999999996,21,1.36668,0.91428500000000001,16.295090999999996,16.421515783399126,8.6857563765042105,11.129720847565594,1,30,24,183,92
61,30,65,LinearHeuristicAuction,0.05,0.04,,True,,1000,3600,cats_path_g30b150,,heuristic,2,False,CATS,150,paths,MultiMinded,1000,MaxIter,117.80000000004657,12.734226999999999,14,1.10066,0.73527699999999996,8.939337,15.555193827505059,3.1935350225927075,7.9300509635854972,1,29,21,168,95
62,30,74,LinearHeuristicAuction,0.05,0.04,,True,,1000,3600,cats_path_g30b150,,heuristic,2,False,CATS,150,paths,MultiMinded,1000,MaxIter,131.07000000000698,15.189660000000002,20,1.07901,0.72534500000000002,11.904117000000001,15.85598825015864,4.8795692425481372,9.2858475790290775,1,30,17,192,104
63,30,57,LinearHeuristicAuction,0.05,0.04,,True,,1000,3600,cats_path_g30b150,,heuristic,2,False,CATS,150,paths,MultiMinded,1000,MaxIter,115.54000000003725,15.812223,18,1.17468,0.85123000000000004,14.315355699999996,17.130245892198204,5.831986668776258,7.9208938355176466,1,30,19,173,87
64,30,65,LinearHeuristicAuction,0.05,0.04,,True,,1000,3600,cats_path_g30b150,,heuristic,2,False,CATS,150,paths,MultiMinded,1000,MaxIter,126.03999999997905,14.256674000000002,17,1.1464,0.76940900000000001,12.761286,14.495835626260767,6.2677704480256144,8.7830814769964594,1,30,24,180,95
65,30,75,LinearHeuristicAuction,0.05,0.04,,True,,1000,3600,cats_path_g30b150,,heuristic,2,False,CATS,150,paths,MultiMinded,1000,MaxIter,130.96999999997206,14.689584000000002,15,1.20503,0.79890700000000003,12.404423000000001,19.89675242995791,4.0906582494081576,6.9845978800733821,1,30,24,187,105
66,30,64,LinearHeuristicAuction,0.05,0.04,,True,,1000,3600,cats_path_g30b150,,heuristic,2,False,CATS,150,paths,MultiMinded,1000,MaxIter,119.88999999995576,15.318505000000002,19,1.13026,0.77133499999999999,14.043357,16.308910969753715,7.6800468252569454,9.2743958038001963,1,30,18,172,94
67,30,65,LinearHeuristicAuction,0.05,0.04,,True,,1000,3600,cats_path_g30b150,,heuristic,2,False,CATS,150,paths,MultiMinded,1000,MaxIter,123.57000000000698,17.19162,18,1.36208,0.868533,14.943685000000004,18.412870649965932,6.0219324895384458,11.018409205953962,1,30,14,178,95
68,30,62,LinearHeuristicAuction,0.05,0.04,,True,,1000,3600,cats_path_g30b150,,heuristic,2,False,CATS,150,paths,MultiMinded,1000,MaxIter,122.19000000000233,16.58045,19,1.1806,0.75433449999999991,15.279491999999998,11.724695932480374,3.5137818299823906,13.743067990513325,1,30,20,160,92
69,30,69,LinearHeuristicAuction,0.05,0.04,,True,,1000,3600,cats_path_g30b150,,heuristic,2,False,CATS,150,paths,MultiMinded,1000,MaxIter,126.46000000002095,16.94247,23,1.39982,0.781829,15.963548000000001,18.349474889521428,7.6169429603509444,12.005590237676387,1,30,13,182,99
70,30,69,LinearHeuristicAuction,0.05,0.04,,True,,1000,3600,cats_path_g30b150,,heuristic,2,False,CATS,150,paths,MultiMinded,1000,MaxIter,125.4199999999837,15.6214981,19,1.25374,0.86018899999999998,13.823518,16.442150318044568,5.6358728653300538,10.086504869736862,1,30,21,189,99
71,30,72,LinearHeuristicAuction,0.05,0.04,,True,,1000,3600,cats_path_g30b150,,heuristic,2,False,CATS,150,paths,MultiMinded,1000,MaxIter,129.4099999999744,18.0902305,18,1.22443,0.96304999999999996,16.909695000000003,25.939225965560592,4.7983031292669223,8.7690755830405109,1,30,32,190,102
72,30,71,LinearHeuristicAuction,0.05,0.04,,True,,1000,3600,cats_path_g30b150,,heuristic,2,False,CATS,150,paths,MultiMinded,1000,MaxIter,128.14000000001397,14.262129000000002,19,1.12549,0.60241199999999995,12.859029,15.063976899723084,2.8651723708338261,8.1935051586243723,1,30,25,185,101
73,30,61,LinearHeuristicAuction,0.05,0.04,,True,,1000,3600,cats_path_g30b150,,heuristic,2,False,CATS,150,paths,MultiMinded,1000,MaxIter,126.21999999997206,16.416352,15,1.29762,0.90387399999999996,13.602568,16.505672377324192,6.0160062067368276,9.1748379769244757,1,30,27,175,91
74,30,65,LinearHeuristicAuction,0.05,0.04,,True,,1000,3600,cats_path_g30b150,,heuristic,2,False,CATS,150,paths,MultiMinded,1000,MaxIter,124.0,10.025623,19,0.812177,0.53816299999999995,9.569785999999999,11.371837890822732,3.941447196530973,6.5988406906730219,1,30,32,178,95
75,30,69,LinearHeuristicAuction,0.05,0.04,,True,,1000,3600,cats_path_g30b150,,heuristic,2,False,CATS,150,paths,MultiMinded,1000,MaxIter,128.76999999996042,15.321485,20,1.30411,0.789794,14.573368,22.342640742107587,5.2859624326792014,8.9602759000199317,1,30,19,184,99
76,30,66,LinearHeuristicAuction,0.05,0.04,,True,,1000,3600,cats_path_g30b150,,heuristic,2,False,CATS,150,paths,MultiMinded,1000,MaxIter,121.79999999998836,17.565949,19,1.39796,0.82384800000000002,15.895996999999998,19.830310284844742,5.8163112794587253,10.344639948891025,1,30,19,172,96
77,30,71,LinearHeuristicAuction,0.05,0.04,,True,,1000,3600,cats_path_g30b150,,heuristic,2,False,CATS,150,paths,MultiMinded,1000,MaxIter,129.1699999999837,17.445843,21,1.28117,0.83980299999999997,16.643357,21.970546822312205,6.3022120716235861,11.206578497147321,1,30,26,194,101
78,30,77,LinearHeuristicAuction,0.05,0.04,,True,,1000,3600,cats_path_g30b150,,heuristic,2,False,CATS,150,paths,MultiMinded,1000,MaxIter,135.60999999998603,17.835809,18,1.27923,0.84794999999999998,13.899193999999998,23.488814087682464,5.9246476896073776,8.9890733778482605,1,30,26,197,107
79,30,71,LinearHeuristicAuction,0.05,0.04,,True,,1000,3600,cats_path_g30b150,,heuristic,2,False,CATS,150,paths,MultiMinded,1000,MaxIter,131.03000000002794,15.251795000000001,18,1.08004,0.77857100000000001,13.978817000000001,17.866124703836167,3.8116430779105119,8.2044677994718818,1,30,22,185,101
80,30,67,LinearHeuristicAuction,0.05,0.04,,True,,1000,3600,cats_path_g30b150,,heuristic,2,False,CATS,150,paths,MultiMinded,1000,MaxIter,124.27999999996973,21.216326000000002,21,1.34186,1.05186,19.344571,21.614443313640578,8.8543419675175183,12.513637062749712,1,30,22,181,97
81,30,68,LinearHeuristicAuction,0.05,0.04,,True,,1000,3600,cats_path_g30b150,,heuristic,2,False,CATS,150,paths,MultiMinded,1000,MaxIter,124.03000000002794,14.454433000000002,15,1.14794,0.83136399999999999,11.804988000000002,13.799861504053521,4.5746830875767808,9.3016119122917775,1,29,29,175,98
82,30,64,LinearHeuristicAuction,0.05,0.04,,True,,1000,3600,cats_path_g30b150,,heuristic,2,False,CATS,150,paths,MultiMinded,1000,MaxIter,122.92999999999302,14.456647999999998,20,1.03149,0.62555099999999997,13.319201,17.186830753526877,3.974899779941365,9.1558366012314067,1,30,11,177,94
83,30,64,LinearHeuristicAuction,0.05,0.04,,True,,1000,3600,cats_path_g30b150,,heuristic,2,False,CATS,150,paths,MultiMinded,1000,MaxIter,123.69999999995343,15.243575000000002,20,1.11077,0.82948200000000005,13.550274,17.88786185546746,6.4140831404954257,9.8888135144505522,1,30,17,183,94
84,30,55,LinearHeuristicAuction,0.05,0.04,,True,,1000,3600,cats_path_g30b150,,heuristic,2,False,CATS,150,paths,MultiMinded,1000,MaxIter,119.61999999999534,10.829593,18,1.04035,0.60557799999999995,10.5563233,9.6328742326478363,5.1893011439115346,7.6525460362722839,1,30,26,164,85
85,30,70,LinearHeuristicAuction,0.05,0.04,,True,,1000,3600,cats_path_g30b150,,heuristic,2,False,CATS,150,paths,MultiMinded,1000,MaxIter,128.19000000000233,17.838826,18,1.20482,0.99917599999999995,16.910599,20.066442975283252,6.2490191273012874,9.7672473126010235,1,30,24,184,100
86,30,63,LinearHeuristicAuction,0.05,0.04,,True,,1000,3600,cats_path_g30b150,,heuristic,2,False,CATS,150,paths,MultiMinded,1000,MaxIter,122.88000000000466,14.348480000000002,16,1.12303,0.66461599999999998,13.066929,12.886520352897586,2.6682446802593653,6.3297103957518193,1,30,26,170,93
87,30,64,LinearHeuristicAuction,0.05,0.04,,True,,1000,3600,cats_path_g30b150,,heuristic,2,False,CATS,150,paths,MultiMinded,1000,MaxIter,129.85000000003492,15.876268000000007,17,1.16618,0.92069400000000001,12.703939000000002,13.76411709639355,4.4652472736940725,8.9148584916361262,1,30,23,185,94
88,30,76,LinearHeuristicAuction,0.05,0.04,,True,,1000,3600,cats_path_g30b150,,heuristic,2,False,CATS,150,paths,MultiMinded,1000,MaxIter,135.09999999997672,20.508544000000004,19,1.50963,0.97545999999999999,19.693807000000003,22.108836613124588,6.1746351558908597,16.446332808898767,1,30,21,194,106
89,30,72,LinearHeuristicAuction,0.05,0.04,,True,,1000,3600,cats_path_g30b150,,heuristic,2,False,CATS,150,paths,MultiMinded,1000,MaxIter,129.59999999997672,16.188547,18,1.37467,0.81535500000000005,14.824814000000003,17.246154637670433,5.9722113864270687,8.0124429273340674,1,30,24,195,102
90,30,54,LinearHeuristicAuction,0.05,0.04,,True,,1000,3600,cats_path_g30b150,,heuristic,2,False,CATS,150,paths,MultiMinded,1000,MaxIter,120.04000000003725,12.251615099999999,14,0.821456,0.64283100000000004,8.98732,15.457726939280054,2.7003628397108828,6.1772619642627546,1,29,24,169,84
91,30,66,LinearHeuristicAuction,0.05,0.04,,True,,1000,3600,cats_path_g30b150,,heuristic,2,False,CATS,150,paths,MultiMinded,1000,MaxIter,120.27999999996973,13.249561,17,1.08687,0.77222100000000005,9.6875048,14.621244680755638,4.7713721070445558,8.2299546821646707,1,30,15,173,96
92,30,57,LinearHeuristicAuction,0.05,0.04,,True,,1000,3600,cats_path_g30b150,,heuristic,2,False,CATS,150,paths,MultiMinded,1000,MaxIter,120.29999999998836,12.038590999999998,16,0.968649,0.65237100000000003,10.346348999999998,12.747506751935262,3.3860761102126768,6.4184272179134165,1,30,16,160,87
93,30,62,LinearHeuristicAuction,0.05,0.04,,True,,1000,3600,cats_path_g30b150,,heuristic,2,False,CATS,150,paths,MultiMinded,1000,MaxIter,116.43000000005122,16.059345,18,1.15822,0.86252099999999998,13.996591,20.550908021468224,5.7164268054114151,9.8043556887447103,1,30,27,170,92
94,30,68,LinearHeuristicAuction,0.05,0.04,,True,,1000,3600,cats_path_g30b150,,heuristic,2,False,CATS,150,paths,MultiMinded,1000,MaxIter,134.73000000003958,17.743863,16,1.39576,0.98003499999999999,15.722044999999998,21.324757100498424,7.4002598463348344,11.151075343195231,1,30,24,188,98
95,30,64,LinearHeuristicAuction,0.05,0.04,,True,,1000,3600,cats_path_g30b150,,heuristic,2,False,CATS,150,paths,MultiMinded,1000,MaxIter,115.29999999998836,15.467591,23,0.907099,0.58233449999999998,14.069146999999997,12.685227139850557,5.0622038954342639,11.774442540939745,1,30,20,166,94
96,30,57,LinearHeuristicAuction,0.05,0.04,,True,,1000,3600,cats_path_g30b150,,heuristic,2,False,CATS,150,paths,MultiMinded,1000,MaxIter,115.65999999997439,9.8668957,16,1.02137,0.65189799999999998,9.638834299999997,9.6579951577253986,4.6099676361295474,6.7369144522628979,1,30,21,156,87
97,30,55,LinearHeuristicAuction,0.05,0.04,,True,,1000,3600,cats_path_g30b150,,heuristic,2,False,CATS,150,paths,MultiMinded,1000,MaxIter,120.23999999999069,12.714137000000001,15,1.1671,0.73047649999999997,11.025780000000001,12.932003382291231,3.0353971635539301,5.7527192068929764,1,30,11,169,85
98,30,61,LinearHeuristicAuction,0.05,0.04,,True,,1000,3600,cats_path_g30b150,,heuristic,2,False,CATS,150,paths,MultiMinded,1000,MaxIter,125.57000000000698,17.221063000000004,20,1.28051,0.90821799999999997,15.763561000000001,20.074798719717098,6.512378178633929,10.410359298269757,1,30,22,173,91
99,30,71,LinearHeuristicAuction,0.05,0.04,,True,,1000,3600,cats_path_g30b150,,heuristic,2,False,CATS,150,paths,MultiMinded,1000,MaxIter,129.76999999996042,16.835101,17,1.27222,0.965194,15.169725,23.616120356047357,5.6623526822859356,10.862257113668864,1,30,17,185,101
100,30,69,LinearHeuristicAuction,0.05,0.04,,True,,1000,3600,cats_path_g30b150,,heuristic,2,False,CATS,150,paths,MultiMinded,1000,MaxIter,127.5,11.185935,19,0.872955,0.55562999999999996,10.204429,9.8655989584161734,5.2540345033421527,8.3627439851602077,1,30,25,176,99
