idx,items,agents,auction_class,epsilon,stepc,epoch,scalebyvalue,reserve_type,maxiter,maxtime,generator_param_name,personalized,bidding_strategy,heuristic_pool_num,int_prices,generator,bids,distribution,type,rounds,status,runtime,efficient_value,final_num_winners,final_max_agent_value,final_scalevalue,final_value,final_total_price,final_revenue,final_indirect_util,final_price_degree,final_price_sparsity,final_imbalance,final_wd_nvars,final_wd_ncons
1,30,67,LinearHeuristicAuction,0.05,0.02,,True,,1000,3600,cats_path_g30b150,,heuristic,3,False,CATS,150,paths,MultiMinded,1000,MaxIter,122.92999999999302,15.606157999999997,15,1.23481,0.870313,12.643302999999996,16.725402258700878,3.621622064313315,9.8631117396893266,1,29,31,179,97
2,30,63,LinearHeuristicAuction,0.05,0.02,,True,,1000,3600,cats_path_g30b150,,heuristic,3,False,CATS,150,paths,MultiMinded,1000,MaxIter,123.5099999999511,14.094153000000002,21,1.04283,0.78301449999999995,13.839043000000004,20.539389499975734,3.9757621374872771,10.861597658095775,1,30,23,172,93
3,30,69,LinearHeuristicAuction,0.05,0.02,,True,,1000,3600,cats_path_g30b150,,heuristic,3,False,CATS,150,paths,MultiMinded,1000,MaxIter,138.69000000000233,19.941755999999998,18,1.33809,0.95683499999999999,17.378964,23.410855151496111,4.6558840738335654,14.216426730142862,1,30,22,192,99
4,30,66,LinearHeuristicAuction,0.05,0.02,,True,,1000,3600,cats_path_g30b150,,heuristic,3,False,CATS,150,paths,MultiMinded,1000,MaxIter,127.03999999997905,14.118885,18,0.998367,0.78126600000000002,12.632602,17.671629522391964,3.8795817783088973,9.6132717658055391,1,30,25,182,96
5,30,65,LinearHeuristicAuction,0.05,0.02,,True,,1000,3600,cats_path_g30b150,,heuristic,3,False,CATS,150,paths,MultiMinded,1000,MaxIter,132.79000000003725,15.664620999999997,20,1.04116,0.78344400000000003,13.423941999999997,19.193148473489604,4.0622473669081058,10.81673027284582,1,30,30,191,95
6,30,61,LinearHeuristicAuction,0.05,0.02,,True,,1000,3600,cats_path_g30b150,,heuristic,3,False,CATS,150,paths,MultiMinded,1000,MaxIter,121.61999999999534,15.723609,17,1.13448,0.79950699999999997,12.896914,19.766730124366703,2.8113678271955682,11.87515681542108,1,30,31,177,91
7,30,64,LinearHeuristicAuction,0.05,0.02,,True,,1000,3600,cats_path_g30b150,,heuristic,3,False,CATS,150,paths,MultiMinded,1000,MaxIter,127.17999999999302,16.373429,17,1.20046,0.76909549999999993,13.40947,17.785329429352778,3.124819906195381,10.823291676437762,1,30,30,184,94
8,30,72,LinearHeuristicAuction,0.05,0.02,,True,,1000,3600,cats_path_g30b150,,heuristic,3,False,CATS,150,paths,MultiMinded,1000,MaxIter,137.90000000002328,16.311622,18,1.24903,0.86937299999999995,15.252766000000001,19.898799245936821,5.9307142495644189,10.960348949766404,1,30,21,200,102
9,30,60,LinearHeuristicAuction,0.05,0.02,,True,,1000,3600,cats_path_g30b150,,heuristic,3,False,CATS,150,paths,MultiMinded,1000,MaxIter,124.3300000000163,14.554215,19,1.25806,0.77530200000000005,13.166124,16.021637316698758,4.7771641901968964,9.5816413203463142,1,30,27,185,90
10,30,64,LinearHeuristicAuction,0.05,0.02,,True,,1000,3600,cats_path_g30b150,,heuristic,3,False,CATS,150,paths,MultiMinded,1000,MaxIter,124.19999999995343,15.764945999999998,17,1.20473,0.77151750000000008,13.326728,19.017623446099662,2.1521527361872996,11.736092244862942,1,30,21,178,94
11,30,70,LinearHeuristicAuction,0.05,0.02,,True,,1000,3600,cats_path_g30b150,,heuristic,3,False,CATS,150,paths,MultiMinded,1000,MaxIter,131.04000000003725,15.460275,17,1.12749,0.83722600000000003,12.857997000000001,19.870039004299969,2.6407698780464073,7.1279334188454921,1,30,25,198,100
12,30,67,LinearHeuristicAuction,0.05,0.02,,True,,1000,3600,cats_path_g30b150,,heuristic,3,False,CATS,150,paths,MultiMinded,1000,MaxIter,128.20999999996275,14.9714,21,1.03711,0.74539299999999997,13.9678132,16.000031800191898,3.1336263869062924,12.14363830166532,1,29,28,181,97
13,30,70,LinearHeuristicAuction,0.05,0.02,,True,,1000,3600,cats_path_g30b150,,heuristic,3,False,CATS,150,paths,MultiMinded,1000,MaxIter,131.3300000000163,13.718234000000002,19,1.05702,0.66747699999999999,12.294374000000003,21.780949902562515,4.0905956730439748,9.8639034213920773,1,30,26,192,100
14,30,57,LinearHeuristicAuction,0.05,0.02,,True,,1000,3600,cats_path_g30b150,,heuristic,3,False,CATS,150,paths,MultiMinded,1000,MaxIter,129.0900000000256,13.5776358,16,1.27472,0.79768799999999995,10.967061000000001,16.491295688591965,3.6366152844270041,12.486113806287117,1,30,27,179,87
15,30,76,LinearHeuristicAuction,0.05,0.02,,True,,1000,3600,cats_path_g30b150,,heuristic,3,False,CATS,150,paths,MultiMinded,1000,MaxIter,139.94000000000233,19.193505000000002,18,1.29161,1.0414399999999999,17.561095,20.959804819347191,4.5703858403917712,14.028676515596505,1,30,21,198,106
16,30,55,LinearHeuristicAuction,0.05,0.02,,True,,1000,3600,cats_path_g30b150,,heuristic,3,False,CATS,150,paths,MultiMinded,1000,MaxIter,119.21000000002095,17.6371399,16,1.30608,0.92928299999999997,15.055190000000001,20.386588701300781,2.9579532771922219,10.774969894364887,1,30,28,173,85
17,30,60,LinearHeuristicAuction,0.05,0.02,,True,,1000,3600,cats_path_g30b150,,heuristic,3,False,CATS,150,paths,MultiMinded,1000,MaxIter,122.14999999996508,17.3437429,17,1.15586,0.84924900000000003,14.928417000000001,21.854733895297873,2.8544821812252255,13.428643312070472,1,30,25,175,90
18,30,68,LinearHeuristicAuction,0.05,0.02,,True,,1000,3600,cats_path_g30b150,,heuristic,3,False,CATS,150,paths,MultiMinded,1000,MaxIter,129.5100000000093,16.532421,20,1.15917,0.79773499999999997,14.818342,19.833284775333986,6.150319046498387,11.350122706089365,1,30,32,194,98
19,30,84,LinearHeuristicAuction,0.05,0.02,,True,,1000,3600,cats_path_g30b150,,heuristic,3,False,CATS,150,paths,MultiMinded,1000,MaxIter,146.48000000003958,16.550685,18,1.19703,0.78075050000000001,14.099168,18.326549538023666,4.2281308947683884,10.404984536698198,1,30,26,218,114
20,30,57,LinearHeuristicAuction,0.05,0.02,,True,,1000,3600,cats_path_g30b150,,heuristic,3,False,CATS,150,paths,MultiMinded,1000,MaxIter,122.88000000000466,11.988608000000001,17,0.830201,0.65249500000000005,10.451847999999998,14.14033221923532,1.3505497079102891,10.087599813429359,1,30,31,172,87
21,30,76,LinearHeuristicAuction,0.05,0.02,,True,,1000,3600,cats_path_g30b150,,heuristic,3,False,CATS,150,paths,MultiMinded,1000,MaxIter,135.0,16.346269,18,1.16216,0.87333000000000005,14.083716999999998,19.976943904767477,5.2650218700244258,10.096428073207429,1,30,31,200,106
22,30,62,LinearHeuristicAuction,0.05,0.02,,True,,1000,3600,cats_path_g30b150,,heuristic,3,False,CATS,150,paths,MultiMinded,1000,MaxIter,130.05000000004657,11.899390499999999,15,1.11701,0.58296099999999995,9.157530999999999,12.267206937808451,1.8154106310252329,6.0037550273727502,1,30,23,183,92
23,30,61,LinearHeuristicAuction,0.05,0.02,,True,,1000,3600,cats_path_g30b150,,heuristic,3,False,CATS,150,paths,MultiMinded,1000,MaxIter,122.89999999996508,17.460715,19,1.27766,0.872475,14.629153000000002,20.182742336062883,2.629407643437784,12.442072671909386,1,30,24,174,91
24,30,72,LinearHeuristicAuction,0.05,0.02,,True,,1000,3600,cats_path_g30b150,,heuristic,3,False,CATS,150,paths,MultiMinded,1000,MaxIter,134.4099999999744,16.551633999999996,19,1.24587,0.733267,14.416211000000002,19.113551233631672,5.2998008921110724,12.053842257168437,1,30,29,194,102
25,30,66,LinearHeuristicAuction,0.05,0.02,,True,,1000,3600,cats_path_g30b150,,heuristic,3,False,CATS,150,paths,MultiMinded,1000,MaxIter,129.0,15.951057999999998,16,1.21778,0.74724500000000005,11.093100799999997,16.521601510185075,2.8747832441425221,11.248204510693085,1,30,18,183,96
26,30,71,LinearHeuristicAuction,0.05,0.02,,True,,1000,3600,cats_path_g30b150,,heuristic,3,False,CATS,150,paths,MultiMinded,1000,MaxIter,130.5,18.600379,21,1.35655,1.0506500000000001,16.966206999999997,18.911617524127781,7.3218532919833379,15.071094454084896,1,30,20,197,101
27,30,65,LinearHeuristicAuction,0.05,0.02,,True,,1000,3600,cats_path_g30b150,,heuristic,3,False,CATS,150,paths,MultiMinded,1000,MaxIter,121.02000000001863,15.208365,18,1.24835,0.71721100000000004,12.361216,20.436510079391471,5.1953704323181631,9.7275541870263673,1,30,21,186,95
28,30,68,LinearHeuristicAuction,0.05,0.02,,True,,1000,3600,cats_path_g30b150,,heuristic,3,False,CATS,150,paths,MultiMinded,1000,MaxIter,138.89999999996508,14.86174,16,1.33611,1.01847,13.406954,13.450783305886443,3.0461883079977334,8.8903931302485848,1,30,20,201,98
29,30,58,LinearHeuristicAuction,0.05,0.02,,True,,1000,3600,cats_path_g30b150,,heuristic,3,False,CATS,150,paths,MultiMinded,1000,MaxIter,119.81000000005588,11.257909999999999,17,0.8594,0.57639300000000004,9.901901,13.977755670720827,2.3622869343998123,6.9857566845664198,1,30,27,175,88
30,30,65,LinearHeuristicAuction,0.05,0.02,,True,,1000,3600,cats_path_g30b150,,heuristic,3,False,CATS,150,paths,MultiMinded,1000,MaxIter,140.17999999999302,12.752407,16,1.05004,0.71123899999999995,10.566417000000001,14.623601088311982,3.3371404105272,9.2619495215405401,1,30,19,193,95
31,30,58,LinearHeuristicAuction,0.05,0.02,,True,,1000,3600,cats_path_g30b150,,heuristic,3,False,CATS,150,paths,MultiMinded,1000,MaxIter,126.88999999995576,13.4727089,15,1.18366,0.86047800000000008,12.364531,16.285331003589558,2.0110510486381221,8.4987180499163273,1,30,24,179,88
32,30,79,LinearHeuristicAuction,0.05,0.02,,True,,1000,3600,cats_path_g30b150,,heuristic,3,False,CATS,150,paths,MultiMinded,1000,MaxIter,138.10999999998603,17.626487,18,1.11283,0.85035499999999997,15.731475000000001,21.059892230203662,3.6894220382949228,11.410941130578108,1,29,27,204,109
33,30,66,LinearHeuristicAuction,0.05,0.02,,True,,1000,3600,cats_path_g30b150,,heuristic,3,False,CATS,150,paths,MultiMinded,1000,MaxIter,124.96999999997206,13.562479100000003,18,1.17658,0.71348500000000004,11.240198100000002,16.345363166843175,2.40347720843276,9.0517622842338259,1,30,29,181,96
34,30,59,LinearHeuristicAuction,0.05,0.02,,True,,1000,3600,cats_path_g30b150,,heuristic,3,False,CATS,150,paths,MultiMinded,1000,MaxIter,121.85999999998603,15.543004,15,1.16304,0.84088200000000002,13.479813000000002,16.678150481037978,5.2806937528395865,11.746954720014331,1,30,24,176,89
35,30,61,LinearHeuristicAuction,0.05,0.02,,True,,1000,3600,cats_path_g30b150,,heuristic,3,False,CATS,150,paths,MultiMinded,1000,MaxIter,123.28000000002794,18.943085999999997,16,1.32614,0.92471499999999995,16.466470000000005,20.223458712509952,2.9551557953824403,12.235491368718659,1,30,14,179,91
36,30,75,LinearHeuristicAuction,0.05,0.02,,True,,1000,3600,cats_path_g30b150,,heuristic,3,False,CATS,150,paths,MultiMinded,1000,MaxIter,131.4199999999837,15.257448999999998,21,1.04514,0.73463400000000001,14.463174999999998,16.997728906856494,4.1298068871680984,13.119684770922685,1,30,17,198,105
37,30,73,LinearHeuristicAuction,0.05,0.02,,True,,1000,3600,cats_path_g30b150,,heuristic,3,False,CATS,150,paths,MultiMinded,1000,MaxIter,132.02999999996973,19.314383000000003,21,1.26724,0.81503800000000004,17.752096,25.353480538254221,5.2093274655626152,15.311729552871448,1,30,28,191,103
38,30,69,LinearHeuristicAuction,0.05,0.02,,True,,1000,3600,cats_path_g30b150,,heuristic,3,False,CATS,150,paths,MultiMinded,1000,MaxIter,128.88000000000466,17.06102,18,1.26197,0.80889699999999998,16.006064,18.802598789997116,4.21849093680071,12.470391201959512,1,30,23,193,99
39,30,64,LinearHeuristicAuction,0.05,0.02,,True,,1000,3600,cats_path_g30b150,,heuristic,3,False,CATS,150,paths,MultiMinded,1000,MaxIter,131.70999999996275,18.017829999999996,18,1.46956,1.00953,15.603581999999998,23.394619465690745,4.4467623155575691,13.955532502795103,1,30,29,184,94
40,30,70,LinearHeuristicAuction,0.05,0.02,,True,,1000,3600,cats_path_g30b150,,heuristic,3,False,CATS,150,paths,MultiMinded,1000,MaxIter,126.40999999997439,16.415451,17,1.33618,0.79276899999999995,14.397734,19.809108023603674,3.3448666634936908,14.266743623423515,1,30,29,186,100
41,30,62,LinearHeuristicAuction,0.05,0.02,,True,,1000,3600,cats_path_g30b150,,heuristic,3,False,CATS,150,paths,MultiMinded,1000,MaxIter,123.85000000003492,15.767216000000001,18,1.27329,0.81440000000000001,12.431891,17.018557418596377,3.3643696338684284,10.464203401086911,1,30,21,183,92
42,30,66,LinearHeuristicAuction,0.05,0.02,,True,,1000,3600,cats_path_g30b150,,heuristic,3,False,CATS,150,paths,MultiMinded,1000,MaxIter,125.28000000002794,14.387081000000002,18,1.10378,0.674543,11.522649000000001,18.063145933568141,4.242764929609363,11.180945497045911,1,30,31,180,96
43,30,57,LinearHeuristicAuction,0.05,0.02,,True,,1000,3600,cats_path_g30b150,,heuristic,3,False,CATS,150,paths,MultiMinded,1000,MaxIter,125.25,12.78674,16,1.092,0.74160349999999997,10.675975,14.948420225081591,3.7002829704429692,8.2577144018861581,1,30,19,174,87
44,30,67,LinearHeuristicAuction,0.05,0.02,,True,,1000,3600,cats_path_g30b150,,heuristic,3,False,CATS,150,paths,MultiMinded,1000,MaxIter,127.20000000001164,14.327095000000002,16,1.04382,0.66583400000000004,11.413075999999998,16.085637980553795,1.757316261745439,11.886706521217247,1,29,26,179,97
45,30,80,LinearHeuristicAuction,0.05,0.02,,True,,1000,3600,cats_path_g30b150,,heuristic,3,False,CATS,150,paths,MultiMinded,1000,MaxIter,138.5900000000256,13.769805999999999,17,1.20458,0.66948099999999999,11.433051000000003,13.715067566023137,4.0288181589141558,8.1643552817490104,1,30,17,207,110
46,30,62,LinearHeuristicAuction,0.05,0.02,,True,,1000,3600,cats_path_g30b150,,heuristic,3,False,CATS,150,paths,MultiMinded,1000,MaxIter,123.28000000002794,17.982688000000003,16,1.47628,0.89541199999999999,14.593793999999999,17.842601833143554,2.2322260196440329,10.795216174572063,1,30,18,179,92
47,30,50,LinearHeuristicAuction,0.05,0.02,,True,,1000,3600,cats_path_g30b150,,heuristic,3,False,CATS,150,paths,MultiMinded,1000,MaxIter,117.60999999998603,14.4709692,13,1.15255,0.87777400000000005,11.659268999999998,14.311845423340067,1.4443162123335593,10.469347156371994,1,30,21,169,80
48,30,56,LinearHeuristicAuction,0.05,0.02,,True,,1000,3600,cats_path_g30b150,,heuristic,3,False,CATS,150,paths,MultiMinded,1000,MaxIter,123.67000000004191,19.863466000000003,18,1.39092,0.99550399999999994,17.499890999999998,23.09312512324529,4.9797548567097873,14.280672761523229,1,30,33,168,86
49,30,59,LinearHeuristicAuction,0.05,0.02,,True,,1000,3600,cats_path_g30b150,,heuristic,3,False,CATS,150,paths,MultiMinded,1000,MaxIter,120.60999999998603,12.83722,15,1.27931,0.83850000000000002,10.846205999999999,15.324365076647974,3.5992544599127463,6.9797234866989761,1,30,13,181,89
50,30,72,LinearHeuristicAuction,0.05,0.02,,True,,1000,3600,cats_path_g30b150,,heuristic,3,False,CATS,150,paths,MultiMinded,1000,MaxIter,136.57000000000698,14.769329999999997,18,1.31494,0.719059,14.106809999999998,15.560111206843876,3.672823245958539,10.468579422650764,1,30,29,197,102
51,30,72,LinearHeuristicAuction,0.05,0.02,,True,,1000,3600,cats_path_g30b150,,heuristic,3,False,CATS,150,paths,MultiMinded,1000,MaxIter,135.20999999996275,16.073219,18,1.09244,0.793798,13.847882,19.398713903895676,3.024012339427764,9.0749410592622599,1,30,29,197,102
52,30,53,LinearHeuristicAuction,0.05,0.02,,True,,1000,3600,cats_path_g30b150,,heuristic,3,False,CATS,150,paths,MultiMinded,1000,MaxIter,119.15000000002328,12.6877335,17,1.34175,0.74289899999999998,11.8332747,14.861744568565022,4.7194527737647629,9.9073202461865613,1,30,23,171,83
53,30,69,LinearHeuristicAuction,0.05,0.02,,True,,1000,3600,cats_path_g30b150,,heuristic,3,False,CATS,150,paths,MultiMinded,1000,MaxIter,130.89999999996508,18.740910999999997,19,1.16684,0.90905150000000001,15.926433999999999,21.580966977367275,5.1066926745806649,13.895243006371686,1,30,22,188,99
54,30,63,LinearHeuristicAuction,0.05,0.02,,True,,1000,3600,cats_path_g30b150,,heuristic,3,False,CATS,150,paths,MultiMinded,1000,MaxIter,127.82000000000698,15.541510000000004,19,1.41102,0.83414200000000005,14.275826000000002,17.959207637986371,5.1211494162757623,12.026520443616199,1,30,36,176,93
55,30,79,LinearHeuristicAuction,0.05,0.02,,True,,1000,3600,cats_path_g30b150,,heuristic,3,False,CATS,150,paths,MultiMinded,1000,MaxIter,139.72999999998137,15.979884000000002,20,1.1263,0.85292049999999997,14.325747999999999,23.311773192732229,2.4869476254769358,10.54520980694657,1,30,20,204,109
56,30,75,LinearHeuristicAuction,0.05,0.02,,True,,1000,3600,cats_path_g30b150,,heuristic,3,False,CATS,150,paths,MultiMinded,1000,MaxIter,135.0900000000256,18.432461999999994,18,1.25637,0.86360099999999995,16.056032000000002,22.437657284778876,4.3386256352883894,13.095716709373855,1,30,33,201,105
57,30,69,LinearHeuristicAuction,0.05,0.02,,True,,1000,3600,cats_path_g30b150,,heuristic,3,False,CATS,150,paths,MultiMinded,1000,MaxIter,125.19999999995343,21.377306399999995,17,1.41831,1.0310999999999999,18.215146999999998,21.043225571551755,7.2028258795514049,13.365736174478116,1,30,15,187,99
58,30,55,LinearHeuristicAuction,0.05,0.02,,True,,1000,3600,cats_path_g30b150,,heuristic,3,False,CATS,150,paths,MultiMinded,1000,MaxIter,122.34999999997672,12.959700999999999,18,1.39908,0.69830300000000001,11.726705999999998,13.396922333365664,4.6678119329483385,9.5476536382609343,1,30,27,172,85
59,30,62,LinearHeuristicAuction,0.05,0.02,,True,,1000,3600,cats_path_g30b150,,heuristic,3,False,CATS,150,paths,MultiMinded,1000,MaxIter,125.94000000000233,11.245693,16,0.937523,0.59201349999999997,9.819713,11.209483116260753,1.9619604868639282,7.9724756774253924,1,30,26,177,92
60,30,62,LinearHeuristicAuction,0.05,0.02,,True,,1000,3600,cats_path_g30b150,,heuristic,3,False,CATS,150,paths,MultiMinded,1000,MaxIter,134.0800000000163,16.295090999999996,17,1.36668,0.91428500000000001,14.545763999999998,17.771701711271806,4.8266254785046456,11.414841159855863,1,30,21,185,92
61,30,65,LinearHeuristicAuction,0.05,0.02,,True,,1000,3600,cats_path_g30b150,,heuristic,3,False,CATS,150,paths,MultiMinded,1000,MaxIter,126.20000000001164,12.734226999999999,17,1.10066,0.73527699999999996,10.714974999999999,18.313965619434676,3.0022067852697099,9.6475288608728604,1,29,29,191,95
62,30,74,LinearHeuristicAuction,0.05,0.02,,True,,1000,3600,cats_path_g30b150,,heuristic,3,False,CATS,150,paths,MultiMinded,1000,MaxIter,133.64000000001397,15.189660000000002,21,1.07901,0.72534500000000002,13.592901000000003,14.614456751877647,4.0039082697306068,11.55780283144035,1,30,21,197,104
63,30,57,LinearHeuristicAuction,0.05,0.02,,True,,1000,3600,cats_path_g30b150,,heuristic,3,False,CATS,150,paths,MultiMinded,1000,MaxIter,119.61000000004424,15.812223,16,1.17468,0.85123000000000004,13.850954999999997,17.567100660977935,1.2077459618459065,9.6573329810326616,1,30,24,169,87
64,30,65,LinearHeuristicAuction,0.05,0.02,,True,,1000,3600,cats_path_g30b150,,heuristic,3,False,CATS,150,paths,MultiMinded,1000,MaxIter,128.5900000000256,14.256674000000002,16,1.1464,0.76940900000000001,13.147932,16.218851971592333,5.7144168714337145,7.9164360363122572,1,30,18,192,95
65,30,75,LinearHeuristicAuction,0.05,0.02,,True,,1000,3600,cats_path_g30b150,,heuristic,3,False,CATS,150,paths,MultiMinded,1000,MaxIter,136.6600000000326,14.689584000000002,17,1.20503,0.79890700000000003,12.294848,19.752428620660442,2.1681669023366292,8.9999075253393119,1,30,28,197,105
66,30,64,LinearHeuristicAuction,0.05,0.02,,True,,1000,3600,cats_path_g30b150,,heuristic,3,False,CATS,150,paths,MultiMinded,1000,MaxIter,126.97999999998137,15.318505000000002,19,1.13026,0.77133499999999999,13.585373999999996,18.139244709149352,5.9101381480163839,8.7234809424242012,1,30,22,186,94
67,30,65,LinearHeuristicAuction,0.05,0.02,,True,,1000,3600,cats_path_g30b150,,heuristic,3,False,CATS,150,paths,MultiMinded,1000,MaxIter,130.29999999998836,17.19162,17,1.36208,0.868533,14.660250000000001,17.066541500722046,5.2791668190169592,12.520482338310885,1,30,22,188,95
68,30,62,LinearHeuristicAuction,0.05,0.02,,True,,1000,3600,cats_path_g30b150,,heuristic,3,False,CATS,150,paths,MultiMinded,1000,MaxIter,124.38000000000466,16.58045,15,1.1806,0.75433449999999991,11.342017999999998,13.409510946301461,2.5848150625645165,12.193171446274606,1,30,28,175,92
69,30,69,LinearHeuristicAuction,0.05,0.02,,True,,1000,3600,cats_path_g30b150,,heuristic,3,False,CATS,150,paths,MultiMinded,1000,MaxIter,127.69000000000233,16.94247,21,1.39982,0.781829,15.585635,20.690172114757146,6.2903146371950696,13.197585215914243,1,30,23,185,99
70,30,69,LinearHeuristicAuction,0.05,0.02,,True,,1000,3600,cats_path_g30b150,,heuristic,3,False,CATS,150,paths,MultiMinded,1000,MaxIter,127.72999999998137,15.6214981,20,1.25374,0.86018899999999998,15.246053,17.438636092623337,5.3991739127377603,11.486796945765059,1,29,20,188,99
71,30,72,LinearHeuristicAuction,0.05,0.02,,True,,1000,3600,cats_path_g30b150,,heuristic,3,False,CATS,150,paths,MultiMinded,1000,MaxIter,133.92999999999302,18.0902305,19,1.22443,0.96304999999999996,17.104254,28.15651677120686,5.3697754037728123,12.456896910250055,1,30,19,201,102
72,30,71,LinearHeuristicAuction,0.05,0.02,,True,,1000,3600,cats_path_g30b150,,heuristic,3,False,CATS,150,paths,MultiMinded,1000,MaxIter,127.71999999997206,14.262129000000002,18,1.12549,0.60241199999999995,11.822143999999998,15.66379751217745,3.9757727409608599,12.722032679867807,1,30,23,190,101
73,30,61,LinearHeuristicAuction,0.05,0.02,,True,,1000,3600,cats_path_g30b150,,heuristic,3,False,CATS,150,paths,MultiMinded,1000,MaxIter,132.86999999999534,16.416352,16,1.29762,0.90387399999999996,14.688724,16.442535633460356,5.6867188038035117,12.760605970584564,1,30,19,187,91
74,30,65,LinearHeuristicAuction,0.05,0.02,,True,,1000,3600,cats_path_g30b150,,heuristic,3,False,CATS,150,paths,MultiMinded,1000,MaxIter,130.5899999999674,10.025623,14,0.812177,0.53816299999999995,7.793489,12.6968864954649,2.3151861463394705,7.1684995533893243,1,30,34,185,95
75,30,69,LinearHeuristicAuction,0.05,0.02,,True,,1000,3600,cats_path_g30b150,,heuristic,3,False,CATS,150,paths,MultiMinded,1000,MaxIter,131.03000000002794,15.321485,19,1.30411,0.789794,13.23636,21.759754407382154,2.8664321694129726,9.5237090114569671,1,30,22,194,99
76,30,66,LinearHeuristicAuction,0.05,0.02,,True,,1000,3600,cats_path_g30b150,,heuristic,3,False,CATS,150,paths,MultiMinded,1000,MaxIter,130.13000000000466,17.565949,17,1.39796,0.82384800000000002,14.663870999999999,19.015740842457742,3.8410709606044051,13.203002909099254,1,30,15,183,96
77,30,71,LinearHeuristicAuction,0.05,0.02,,True,,1000,3600,cats_path_g30b150,,heuristic,3,False,CATS,150,paths,MultiMinded,1000,MaxIter,136.1699999999837,17.445843,16,1.28117,0.83980299999999997,13.246338999999999,20.525943657731148,1.3354276926381969,11.426732098188989,1,30,21,195,101
78,30,77,LinearHeuristicAuction,0.05,0.02,,True,,1000,3600,cats_path_g30b150,,heuristic,3,False,CATS,150,paths,MultiMinded,1000,MaxIter,139.5899999999674,17.835809,20,1.27923,0.84794999999999998,15.924752,24.97252501542259,4.9128311420037267,9.8218815278529625,1,30,18,205,107
79,30,71,LinearHeuristicAuction,0.05,0.02,,True,,1000,3600,cats_path_g30b150,,heuristic,3,False,CATS,150,paths,MultiMinded,1000,MaxIter,138.11999999999534,15.251795000000001,18,1.08004,0.77857100000000001,13.778431000000001,18.16072328236995,2.0991956887814092,11.324889630404599,1,30,19,194,101
80,30,67,LinearHeuristicAuction,0.05,0.02,,True,,1000,3600,cats_path_g30b150,,heuristic,3,False,CATS,150,paths,MultiMinded,1000,MaxIter,124.79000000003725,21.216326000000002,18,1.34186,1.05186,19.335299999999997,21.960377274038411,5.0060572905600393,11.295873589213182,1,30,30,188,97
81,30,68,LinearHeuristicAuction,0.05,0.02,,True,,1000,3600,cats_path_g30b150,,heuristic,3,False,CATS,150,paths,MultiMinded,1000,MaxIter,133.02000000001863,14.454433000000002,15,1.14794,0.83136399999999999,11.322999000000001,15.008227072635011,2.6689154910280979,10.953081752909894,1,30,21,186,98
82,30,64,LinearHeuristicAuction,0.05,0.02,,True,,1000,3600,cats_path_g30b150,,heuristic,3,False,CATS,150,paths,MultiMinded,1000,MaxIter,120.38000000000466,14.456647999999998,18,1.03149,0.62555099999999997,12.388857,17.713800052085361,2.9907329830767475,9.749593512315764,1,30,26,182,94
83,30,64,LinearHeuristicAuction,0.05,0.02,,True,,1000,3600,cats_path_g30b150,,heuristic,3,False,CATS,150,paths,MultiMinded,1000,MaxIter,121.92000000004191,15.243575000000002,20,1.11077,0.82948200000000005,14.030142,20.670440284516591,4.0221736566676034,11.918255353369815,1,30,21,181,94
84,30,55,LinearHeuristicAuction,0.05,0.02,,True,,1000,3600,cats_path_g30b150,,heuristic,3,False,CATS,150,paths,MultiMinded,1000,MaxIter,119.36000000004424,10.829593,16,1.04035,0.60557799999999995,10.2483523,11.531428714206379,3.9704000246891686,8.6104669870070154,1,30,22,170,85
85,30,70,LinearHeuristicAuction,0.05,0.02,,True,,1000,3600,cats_path_g30b150,,heuristic,3,False,CATS,150,paths,MultiMinded,1000,MaxIter,133.02000000001863,17.838826,16,1.20482,0.99917599999999995,16.306330000000003,20.728826456071111,4.8345287289642185,12.575936554416664,1,30,16,190,100
86,30,63,LinearHeuristicAuction,0.05,0.02,,True,,1000,3600,cats_path_g30b150,,heuristic,3,False,CATS,150,paths,MultiMinded,1000,MaxIter,132.79999999998836,14.348480000000002,15,1.12303,0.66461599999999998,11.782164999999999,14.077615043760558,2.2486285337731102,7.2053077879984171,1,30,33,186,93
87,30,64,LinearHeuristicAuction,0.05,0.02,,True,,1000,3600,cats_path_g30b150,,heuristic,3,False,CATS,150,paths,MultiMinded,1000,MaxIter,128.84999999997672,15.876268000000007,16,1.16618,0.92069400000000001,13.606631000000002,19.174712749865417,3.381947700736835,9.039607613059049,1,30,31,186,94
88,30,76,LinearHeuristicAuction,0.05,0.02,,True,,1000,3600,cats_path_g30b150,,heuristic,3,False,CATS,150,paths,MultiMinded,1000,MaxIter,138.0100000000093,20.508544000000004,19,1.50963,0.97545999999999999,19.648277000000004,20.724948131873312,3.7029834136470883,15.080415983003514,1,30,41,201,106
89,30,72,LinearHeuristicAuction,0.05,0.02,,True,,1000,3600,cats_path_g30b150,,heuristic,3,False,CATS,150,paths,MultiMinded,1000,MaxIter,137.44000000000233,16.188547,17,1.37467,0.81535500000000005,14.390577000000002,16.8338280235185,6.4503790358144943,13.321675413949158,1,30,25,196,102
90,30,54,LinearHeuristicAuction,0.05,0.02,,True,,1000,3600,cats_path_g30b150,,heuristic,3,False,CATS,150,paths,MultiMinded,1000,MaxIter,127.21999999997206,12.251615099999999,14,0.821456,0.64283100000000004,9.143944,15.042142934908636,1.1727007692353673,7.2708970598391485,1,30,29,178,84
91,30,66,LinearHeuristicAuction,0.05,0.02,,True,,1000,3600,cats_path_g30b150,,heuristic,3,False,CATS,150,paths,MultiMinded,1000,MaxIter,127.15999999997439,13.249561,14,1.08687,0.77222100000000005,8.938505,15.01054437803889,3.671610248386207,7.4333007402776721,1,30,21,190,96
92,30,57,LinearHeuristicAuction,0.05,0.02,,True,,1000,3600,cats_path_g30b150,,heuristic,3,False,CATS,150,paths,MultiMinded,1000,MaxIter,122.35999999998603,12.038590999999998,15,0.968649,0.65237100000000003,9.310502,16.454453747532657,3.0394909458576875,6.2363641094692603,1,30,28,176,87
93,30,62,LinearHeuristicAuction,0.05,0.02,,True,,1000,3600,cats_path_g30b150,,heuristic,3,False,CATS,150,paths,MultiMinded,1000,MaxIter,124.51000000000931,16.059345,17,1.15822,0.86252099999999998,12.283138000000001,18.254133905250846,5.6385687430299152,12.240737922917727,1,30,34,179,92
94,30,68,LinearHeuristicAuction,0.05,0.02,,True,,1000,3600,cats_path_g30b150,,heuristic,3,False,CATS,150,paths,MultiMinded,1000,MaxIter,133.39000000001397,17.743863,17,1.39576,0.98003499999999999,15.782795999999998,20.449021965298723,4.4818192757409152,12.30544969936906,1,30,21,186,98
95,30,64,LinearHeuristicAuction,0.05,0.02,,True,,1000,3600,cats_path_g30b150,,heuristic,3,False,CATS,150,paths,MultiMinded,1000,MaxIter,118.84999999997672,15.467591,21,0.907099,0.58233449999999998,13.283983999999998,18.141252306248212,4.1099661820336619,11.363289751392545,1,30,21,178,94
96,30,57,LinearHeuristicAuction,0.05,0.02,,True,,1000,3600,cats_path_g30b150,,heuristic,3,False,CATS,150,paths,MultiMinded,1000,MaxIter,128.61999999999534,9.8668957,14,1.02137,0.65189799999999998,9.032208,11.479153163797811,2.5545524271738702,5.3192192362183839,1,30,36,177,87
97,30,55,LinearHeuristicAuction,0.05,0.02,,True,,1000,3600,cats_path_g30b150,,heuristic,3,False,CATS,150,paths,MultiMinded,1000,MaxIter,121.65000000002328,12.714137000000001,13,1.1671,0.73047649999999997,9.309118,16.681868999546243,2.2154944561965708,5.1891330939658431,1,30,25,176,85
98,30,61,LinearHeuristicAuction,0.05,0.02,,True,,1000,3600,cats_path_g30b150,,heuristic,3,False,CATS,150,paths,MultiMinded,1000,MaxIter,124.29999999998836,17.221063000000004,18,1.28051,0.90821799999999997,15.295823000000002,20.876016198925587,4.8254557111780301,11.988746450076579,1,30,29,175,91
99,30,71,LinearHeuristicAuction,0.05,0.02,,True,,1000,3600,cats_path_g30b150,,heuristic,3,False,CATS,150,paths,MultiMinded,1000,MaxIter,136.2400000000489,16.835101,18,1.27222,0.965194,15.210153000000002,25.888344549856736,4.7649371323567156,13.180060760817961,1,30,20,194,101
100,30,69,LinearHeuristicAuction,0.05,0.02,,True,,1000,3600,cats_path_g30b150,,heuristic,3,False,CATS,150,paths,MultiMinded,1000,MaxIter,134.32000000000698,11.185935,19,0.872955,0.55562999999999996,9.895445,10.177276467625941,4.9382254261528313,9.0154491190318957,1,30,26,193,99
