idx,items,agents,auction_class,epsilon,stepc,epoch,scalebyvalue,reserve_type,maxiter,maxtime,generator_param_name,personalized,bidding_strategy,heuristic_pool_num,int_prices,generator,bids,distribution,type,rounds,status,runtime,efficient_value,final_num_winners,final_max_agent_value,final_scalevalue,final_value,final_total_price,final_revenue,final_indirect_util,final_price_degree,final_price_sparsity,final_imbalance,final_wd_nvars,final_wd_ncons
1,30,67,LinearSubgradientAuction,0.05,0.02,,True,,1000,3600,cats_path_g30b150,,heuristic,2,False,CATS,150,paths,MultiMinded,1000,MaxIter,2935.0199999999895,15.606157999999997,18,1.23481,0.870313,12.545731,15.304089174170217,3.9365283271366143,8.7901937708239473,1,29,8,4020,5993
2,30,63,LinearSubgradientAuction,0.05,0.02,,True,,1000,3600,cats_path_g30b150,,heuristic,2,False,CATS,150,paths,MultiMinded,1000,MaxIter,2731.2699999999895,14.094153000000002,15,1.04283,0.78301449999999995,7.391855,16.547802354218767,2.3757948259665018,8.0066830785722853,1,29,24,3780,5637
3,30,69,LinearSubgradientAuction,0.05,0.02,,True,,1000,3600,cats_path_g30b150,,heuristic,2,False,CATS,150,paths,MultiMinded,1000,MaxIter,3142.3800000000047,19.941755999999998,13,1.33809,0.95683499999999999,12.767782000000002,19.670252544404221,3.1950129718570346,10.893851695816769,1,30,17,4209,6309
4,30,66,LinearSubgradientAuction,0.05,0.02,,True,,1000,3600,cats_path_g30b150,,heuristic,2,False,CATS,150,paths,MultiMinded,1000,MaxIter,2956.7600000000093,14.118885,17,0.998367,0.78126600000000002,10.092501,15.349157340631699,3.5691066310990842,7.6095072440649556,1,30,20,4026,6036
5,30,65,LinearSubgradientAuction,0.05,0.02,,True,,1000,3600,cats_path_g30b150,,heuristic,2,False,CATS,150,paths,MultiMinded,1000,MaxIter,2879.949999999997,15.664620999999997,19,1.04116,0.78344400000000003,11.239053,14.584293415257051,6.8608466280630589,12.093780060250719,1,30,10,3965,5945
6,30,61,LinearSubgradientAuction,0.05,0.02,,True,,1000,3600,cats_path_g30b150,,heuristic,2,False,CATS,150,paths,MultiMinded,1000,MaxIter,2749.5300000000134,15.723609,16,1.13448,0.79950699999999997,9.182569999999998,17.623122239416201,3.0053690864613802,9.5352695683171511,1,30,23,3721,5581
7,30,64,LinearSubgradientAuction,0.05,0.02,,True,,1000,3600,cats_path_g30b150,,heuristic,2,False,CATS,150,paths,MultiMinded,1000,MaxIter,2858.0599999999977,16.373429,16,1.20046,0.76909549999999993,11.334489,16.114827842694428,3.9666767161248648,8.9657362591265226,1,30,20,3904,5854
8,30,72,LinearSubgradientAuction,0.05,0.02,,True,,1000,3600,cats_path_g30b150,,heuristic,2,False,CATS,150,paths,MultiMinded,1000,MaxIter,3265.25,16.311622,18,1.24903,0.86937299999999995,12.090732999999997,17.512274484710762,4.5000958320457283,7.8240216917047158,1,30,14,4392,6582
9,30,60,LinearSubgradientAuction,0.05,0.02,,True,,1000,3600,cats_path_g30b150,,heuristic,2,False,CATS,150,paths,MultiMinded,1000,MaxIter,2579.3300000000017,14.554215,16,1.25806,0.77530200000000005,8.198349,13.486283587030478,4.5555947551462141,9.0901325397407522,1,29,24,3600,5370
10,30,64,LinearSubgradientAuction,0.05,0.02,,True,,1000,3600,cats_path_g30b150,,heuristic,2,False,CATS,150,paths,MultiMinded,1000,MaxIter,2822.550000000003,15.764945999999998,14,1.20473,0.77151750000000008,9.836041,16.658255536421162,3.277904782971548,7.8861487186485331,1,29,22,3840,5726
11,30,70,LinearSubgradientAuction,0.05,0.02,,True,,1000,3600,cats_path_g30b150,,heuristic,2,False,CATS,150,paths,MultiMinded,1000,MaxIter,3155.529999999999,15.460275,13,1.12749,0.83722600000000003,8.698474,15.627834485363877,3.9522940610415982,7.9699657251783584,1,30,24,4270,6400
12,30,67,LinearSubgradientAuction,0.05,0.02,,True,,1000,3600,cats_path_g30b150,,heuristic,2,False,CATS,150,paths,MultiMinded,1000,MaxIter,2958.279999999999,14.9714,19,1.03711,0.74539299999999997,13.973358000000001,13.371121364054341,4.3667814349557927,11.73121415685379,1,29,12,4020,5993
13,30,70,LinearSubgradientAuction,0.05,0.02,,True,,1000,3600,cats_path_g30b150,,heuristic,2,False,CATS,150,paths,MultiMinded,1000,MaxIter,3101.6399999999994,13.718234000000002,16,1.05702,0.66747699999999999,9.362530000000001,16.56084546368103,3.4595255851394908,7.2863361240397317,1,29,14,4200,6260
14,30,57,LinearSubgradientAuction,0.05,0.02,,True,,1000,3600,cats_path_g30b150,,heuristic,2,False,CATS,150,paths,MultiMinded,1000,MaxIter,2437.0399999999936,13.5776358,16,1.27472,0.79768799999999995,10.951791,13.236619319690467,4.8127927521045901,9.3785867684890825,1,29,12,3420,5103
15,30,76,LinearSubgradientAuction,0.05,0.02,,True,,1000,3600,cats_path_g30b150,,heuristic,2,False,CATS,150,paths,MultiMinded,1000,MaxIter,3563.75,19.193505000000002,16,1.29161,1.0414399999999999,12.010007,18.711977096517032,3.8101187201589282,11.292919156328253,1,30,19,4636,6946
16,30,55,LinearSubgradientAuction,0.05,0.02,,True,,1000,3600,cats_path_g30b150,,heuristic,2,False,CATS,150,paths,MultiMinded,1000,MaxIter,2407.6300000000047,17.6371399,13,1.30608,0.92928299999999997,9.979319,16.127637443293008,3.9519307025413748,10.196141072556198,1,30,21,3355,5035
17,30,60,LinearSubgradientAuction,0.05,0.02,,True,,1000,3600,cats_path_g30b150,,heuristic,2,False,CATS,150,paths,MultiMinded,1000,MaxIter,2647.0800000000017,17.3437429,17,1.15586,0.84924900000000003,11.106196,18.36717380973791,3.4050379168490945,11.028925202797303,1,30,20,3660,5490
18,30,68,LinearSubgradientAuction,0.05,0.02,,True,,1000,3600,cats_path_g30b150,,heuristic,2,False,CATS,150,paths,MultiMinded,1000,MaxIter,2998.689999999988,16.532421,15,1.15917,0.79773499999999997,10.979714999999999,18.197157781010965,4.140690268326134,6.5467665410682772,1,29,16,4080,6082
19,30,84,LinearSubgradientAuction,0.05,0.02,,True,,1000,3600,cats_path_g30b150,,heuristic,2,False,CATS,150,paths,MultiMinded,945,MaxTime,3601.9100000000035,16.550685,14,1.19703,0.78075050000000001,10.491711999999998,16.834524276094626,4.7206016249785572,8.639632883356537,1,29,19,5040,7506
20,30,57,LinearSubgradientAuction,0.05,0.02,,True,,1000,3600,cats_path_g30b150,,heuristic,2,False,CATS,150,paths,MultiMinded,1000,MaxIter,2489.3800000000047,11.988608000000001,17,0.830201,0.65249500000000005,8.032903000000001,12.10225750478102,2.2568688580594722,7.8734700502875343,1,30,20,3477,5217
21,30,76,LinearSubgradientAuction,0.05,0.02,,True,,1000,3600,cats_path_g30b150,,heuristic,2,False,CATS,150,paths,MultiMinded,1000,MaxIter,3517.75,16.346269,18,1.16216,0.87333000000000005,11.192827000000001,17.158440722159217,5.3999349598837787,9.1845584196154615,1,30,19,4636,6946
22,30,62,LinearSubgradientAuction,0.05,0.02,,True,,1000,3600,cats_path_g30b150,,heuristic,2,False,CATS,150,paths,MultiMinded,1000,MaxIter,2648.87000000001,11.899390499999999,16,1.11701,0.58296099999999995,7.083138,10.693709717921013,3.6667995851989619,6.982652500576485,1,28,12,3658,5424
23,30,61,LinearSubgradientAuction,0.05,0.02,,True,,1000,3600,cats_path_g30b150,,heuristic,2,False,CATS,150,paths,MultiMinded,1000,MaxIter,2704.1399999999994,17.460715,14,1.27766,0.872475,12.025387,17.879533595858849,2.6998034527975077,10.266410234529843,1,30,18,3721,5581
24,30,72,LinearSubgradientAuction,0.05,0.02,,True,,1000,3600,cats_path_g30b150,,heuristic,2,False,CATS,150,paths,MultiMinded,1000,MaxIter,3244.220000000001,16.551633999999996,16,1.24587,0.733267,10.837659000000002,18.298932984332275,5.8388393576584212,10.910742013494188,1,30,19,4392,6582
25,30,66,LinearSubgradientAuction,0.05,0.02,,True,,1000,3600,cats_path_g30b150,,heuristic,2,False,CATS,150,paths,MultiMinded,1000,MaxIter,2928.6100000000006,15.951057999999998,16,1.21778,0.74724500000000005,9.803405,14.221040444557635,2.6012204216814339,10.272166798459857,1,29,16,3960,5904
26,30,71,LinearSubgradientAuction,0.05,0.02,,True,,1000,3600,cats_path_g30b150,,heuristic,2,False,CATS,150,paths,MultiMinded,1000,MaxIter,3254.1600000000035,18.600379,16,1.35655,1.0506500000000001,12.085365000000001,18.505971339955977,6.3601108949249534,12.09964257298453,1,30,15,4331,6491
27,30,65,LinearSubgradientAuction,0.05,0.02,,True,,1000,3600,cats_path_g30b150,,heuristic,2,False,CATS,150,paths,MultiMinded,1000,MaxIter,2910.2899999999936,15.208365,20,1.24835,0.71721100000000004,10.159782,16.168418677736934,4.4085527513496672,8.6159167217588113,1,30,15,3965,5945
28,30,68,LinearSubgradientAuction,0.05,0.02,,True,,1000,3600,cats_path_g30b150,,heuristic,2,False,CATS,150,paths,MultiMinded,1000,MaxIter,2990.1800000000076,14.86174,14,1.33611,1.01847,9.938548999999998,13.564520464085986,2.7594037565928473,8.6140872482106587,1,29,12,4080,6082
29,30,58,LinearSubgradientAuction,0.05,0.02,,True,,1000,3600,cats_path_g30b150,,heuristic,2,False,CATS,150,paths,MultiMinded,1000,MaxIter,2494.4900000000052,11.257909999999999,13,0.8594,0.57639300000000004,7.182732000000001,10.724155269057638,1.8225593860387321,5.3883793280329915,1,29,15,3480,5192
30,30,65,LinearSubgradientAuction,0.05,0.02,,True,,1000,3600,cats_path_g30b150,,heuristic,2,False,CATS,150,paths,MultiMinded,1000,MaxIter,2911.8600000000006,12.752407,15,1.05004,0.71123899999999995,9.609891000000001,12.608688522142021,2.6463211587658648,7.1809592606987982,1,30,19,3965,5945
31,30,58,LinearSubgradientAuction,0.05,0.02,,True,,1000,3600,cats_path_g30b150,,heuristic,2,False,CATS,150,paths,MultiMinded,1000,MaxIter,2591.1600000000035,13.4727089,14,1.18366,0.86047800000000008,8.636590999999997,13.00814277227958,2.6250217293907983,8.2762965578703653,1,30,13,3538,5308
32,30,79,LinearSubgradientAuction,0.05,0.02,,True,,1000,3600,cats_path_g30b150,,heuristic,2,False,CATS,150,paths,MultiMinded,1000,MaxIter,3523.529999999999,17.626487,15,1.11283,0.85035499999999997,9.889313,15.961692353399227,2.9096382817371387,9.5588531816532285,1,28,16,4661,6903
33,30,66,LinearSubgradientAuction,0.05,0.02,,True,,1000,3600,cats_path_g30b150,,heuristic,2,False,CATS,150,paths,MultiMinded,1000,MaxIter,2938.6699999999983,13.562479100000003,17,1.17658,0.71348500000000004,9.970640000000001,14.616494554791888,4.4794282071072704,9.3697436470352127,1,30,16,4026,6036
34,30,59,LinearSubgradientAuction,0.05,0.02,,True,,1000,3600,cats_path_g30b150,,heuristic,2,False,CATS,150,paths,MultiMinded,1000,MaxIter,2575.75,15.543004,15,1.16304,0.84088200000000002,12.835992000000001,14.622537334665092,5.4376664630740477,9.2046652545215331,1,30,12,3599,5399
35,30,61,LinearSubgradientAuction,0.05,0.02,,True,,1000,3600,cats_path_g30b150,,heuristic,2,False,CATS,150,paths,MultiMinded,1000,MaxIter,2713.3899999999994,18.943085999999997,17,1.32614,0.92471499999999995,15.418294999999997,16.511648728838399,3.4785962101877983,12.53311568080008,1,30,11,3721,5581
36,30,75,LinearSubgradientAuction,0.05,0.02,,True,,1000,3600,cats_path_g30b150,,heuristic,2,False,CATS,150,paths,MultiMinded,1000,MaxIter,3437.770000000004,15.257448999999998,15,1.04514,0.73463400000000001,10.415448999999999,15.233661970906084,3.2731852576679854,10.890514790547474,1,30,19,4575,6855
37,30,73,LinearSubgradientAuction,0.05,0.02,,True,,1000,3600,cats_path_g30b150,,heuristic,2,False,CATS,150,paths,MultiMinded,1000,MaxIter,3375.179999999993,19.314383000000003,17,1.26724,0.81503800000000004,12.71542,20.955033215311957,3.2163638498487095,12.687427732087,1,30,23,4453,6673
38,30,69,LinearSubgradientAuction,0.05,0.02,,True,,1000,3600,cats_path_g30b150,,heuristic,2,False,CATS,150,paths,MultiMinded,1000,MaxIter,3010.4100000000035,17.06102,17,1.26197,0.80889699999999998,12.462943999999998,16.519620743610876,3.9982902375318234,10.079974092363598,1,29,10,4140,6171
39,30,64,LinearSubgradientAuction,0.05,0.02,,True,,1000,3600,cats_path_g30b150,,heuristic,2,False,CATS,150,paths,MultiMinded,1000,MaxIter,2862.6600000000035,18.017829999999996,13,1.46956,1.00953,10.520855000000001,20.215714328172332,4.6485761435044264,11.842269896142469,1,30,18,3904,5854
40,30,70,LinearSubgradientAuction,0.05,0.02,,True,,1000,3600,cats_path_g30b150,,heuristic,2,False,CATS,150,paths,MultiMinded,1000,MaxIter,3152.87000000001,16.415451,17,1.33618,0.79276899999999995,12.455895,17.589710362196694,4.6513650789041652,12.61227589720383,1,30,17,4270,6400
41,30,62,LinearSubgradientAuction,0.05,0.02,,True,,1000,3600,cats_path_g30b150,,heuristic,2,False,CATS,150,paths,MultiMinded,1000,MaxIter,2665.6500000000087,15.767216000000001,14,1.27329,0.81440000000000001,10.046040999999999,13.898054688884541,2.6357983684280448,9.5971641530014544,1,29,17,3720,5548
42,30,66,LinearSubgradientAuction,0.05,0.02,,True,,1000,3600,cats_path_g30b150,,heuristic,2,False,CATS,150,paths,MultiMinded,1000,MaxIter,2956.529999999999,14.387081000000002,16,1.10378,0.674543,8.572553999999998,14.96300540419948,2.4991232728190558,7.5526981344649755,1,30,22,4026,6036
43,30,57,LinearSubgradientAuction,0.05,0.02,,True,,1000,3600,cats_path_g30b150,,heuristic,2,False,CATS,150,paths,MultiMinded,1000,MaxIter,2527.3899999999994,12.78674,16,1.092,0.74160349999999997,8.600693,12.431138260703557,3.6988887826106422,7.4943638334290137,1,30,17,3477,5217
44,30,67,LinearSubgradientAuction,0.05,0.02,,True,,1000,3600,cats_path_g30b150,,heuristic,2,False,CATS,150,paths,MultiMinded,1000,MaxIter,2907.850000000006,14.327095000000002,18,1.04382,0.66583400000000004,10.261607999999999,13.090800520274044,2.6868871107987804,9.710444949375054,1,29,13,4020,5993
45,30,80,LinearSubgradientAuction,0.05,0.02,,True,,1000,3600,cats_path_g30b150,,heuristic,2,False,CATS,150,paths,MultiMinded,989,MaxTime,3601.720000000001,13.769805999999999,16,1.20458,0.66948099999999999,8.372307,12.27781483789998,3.7864457209829028,7.8829414329196315,1,29,13,4800,7150
46,30,62,LinearSubgradientAuction,0.05,0.02,,True,,1000,3600,cats_path_g30b150,,heuristic,2,False,CATS,150,paths,MultiMinded,1000,MaxIter,2775.449999999997,17.982688000000003,15,1.47628,0.89541199999999999,12.216546000000001,16.13468017912508,5.4225380042365892,12.429179139349754,1,30,13,3782,5672
47,30,50,LinearSubgradientAuction,0.05,0.02,,True,,1000,3600,cats_path_g30b150,,heuristic,2,False,CATS,150,paths,MultiMinded,1000,MaxIter,2114.1900000000023,14.4709692,14,1.15255,0.87777400000000005,8.039896,10.578016679913341,1.8530831977162072,10.688827752184977,1,29,19,3000,4480
48,30,56,LinearSubgradientAuction,0.05,0.02,,True,,1000,3600,cats_path_g30b150,,heuristic,2,False,CATS,150,paths,MultiMinded,1000,MaxIter,2446.6399999999994,19.863466000000003,14,1.39092,0.99550399999999994,10.056681,19.771482303084497,3.4157665016079948,10.421040210555827,1,30,24,3416,5126
49,30,59,LinearSubgradientAuction,0.05,0.02,,True,,1000,3600,cats_path_g30b150,,heuristic,2,False,CATS,150,paths,MultiMinded,1000,MaxIter,2478.800000000003,12.83722,14,1.27931,0.83850000000000002,8.893077,13.372229079413016,3.5281770633241591,5.8732002698490273,1,28,11,3481,5163
50,30,72,LinearSubgradientAuction,0.05,0.02,,True,,1000,3600,cats_path_g30b150,,heuristic,2,False,CATS,150,paths,MultiMinded,1000,MaxIter,3106.729999999996,14.769329999999997,14,1.31494,0.719059,10.396329,13.172127750397383,5.2709890466219314,9.9356891942245742,1,28,20,4248,6294
51,30,72,LinearSubgradientAuction,0.05,0.02,,True,,1000,3600,cats_path_g30b150,,heuristic,2,False,CATS,150,paths,MultiMinded,1000,MaxIter,3320.029999999999,16.073219,19,1.09244,0.793798,10.021899000000001,15.320367539035425,2.7929958883189889,7.3921467851752496,1,30,17,4392,6582
52,30,53,LinearSubgradientAuction,0.05,0.02,,True,,1000,3600,cats_path_g30b150,,heuristic,2,False,CATS,150,paths,MultiMinded,1000,MaxIter,2323.3899999999994,12.6877335,14,1.34175,0.74289899999999998,8.360140699999999,12.615505067886639,3.6685259262778707,7.4873037289731492,1,30,15,3233,4853
53,30,69,LinearSubgradientAuction,0.05,0.02,,True,,1000,3600,cats_path_g30b150,,heuristic,2,False,CATS,150,paths,MultiMinded,1000,MaxIter,3118.9000000000087,18.740910999999997,17,1.16684,0.90905150000000001,12.541636999999998,16.24685140470158,3.5858431905646535,10.604780298290304,1,30,13,4209,6309
54,30,63,LinearSubgradientAuction,0.05,0.02,,True,,1000,3600,cats_path_g30b150,,heuristic,2,False,CATS,150,paths,MultiMinded,1000,MaxIter,2797.62999999999,15.541510000000004,14,1.41102,0.83414200000000005,7.769496999999999,15.659256679571902,4.7862188834645742,8.5791926994497576,1,30,24,3843,5763
55,30,79,LinearSubgradientAuction,0.05,0.02,,True,,1000,3600,cats_path_g30b150,,heuristic,2,False,CATS,150,paths,MultiMinded,984,MaxTime,3603.279999999999,15.979884000000002,16,1.1263,0.85292049999999997,10.844514000000002,19.908764226626396,3.803392902040454,9.1531545643643746,1,30,14,4819,7219
56,30,75,LinearSubgradientAuction,0.05,0.02,,True,,1000,3600,cats_path_g30b150,,heuristic,2,False,CATS,150,paths,MultiMinded,1000,MaxIter,3364.209999999992,18.432461999999994,16,1.25637,0.86360099999999995,9.937672000000001,18.064971523619867,3.4095391824537686,10.360369626763468,1,29,22,4500,6705
57,30,69,LinearSubgradientAuction,0.05,0.02,,True,,1000,3600,cats_path_g30b150,,heuristic,2,False,CATS,150,paths,MultiMinded,1000,MaxIter,3093.75,21.377306399999995,16,1.41831,1.0310999999999999,16.273163,19.562251938869927,7.3689765051070237,13.566412462168007,1,30,13,4209,6309
58,30,55,LinearSubgradientAuction,0.05,0.02,,True,,1000,3600,cats_path_g30b150,,heuristic,2,False,CATS,150,paths,MultiMinded,1000,MaxIter,2340.479999999996,12.959700999999999,17,1.39908,0.69830300000000001,8.325977,12.437603021678836,4.3546573078325164,7.8658726806293187,1,29,18,3300,4925
59,30,62,LinearSubgradientAuction,0.05,0.02,,True,,1000,3600,cats_path_g30b150,,heuristic,2,False,CATS,150,paths,MultiMinded,1000,MaxIter,2779.8399999999965,11.245693,17,0.937523,0.59201349999999997,9.719830000000002,9.4661232988578643,2.9734264280364378,6.5511526482609517,1,30,11,3782,5672
60,30,62,LinearSubgradientAuction,0.05,0.02,,True,,1000,3600,cats_path_g30b150,,heuristic,2,False,CATS,150,paths,MultiMinded,1000,MaxIter,2744.5199999999895,16.295090999999996,17,1.36668,0.91428500000000001,10.974863999999997,15.543915062648148,4.7317527396106334,9.1488197001037399,1,29,17,3720,5548
61,30,65,LinearSubgradientAuction,0.05,0.02,,True,,1000,3600,cats_path_g30b150,,heuristic,2,False,CATS,150,paths,MultiMinded,1000,MaxIter,2863.970000000001,12.734226999999999,16,1.10066,0.73527699999999996,7.593150999999999,11.947698813355274,2.5400372080959674,8.0925173111799467,1,29,14,3900,5815
62,30,74,LinearSubgradientAuction,0.05,0.02,,True,,1000,3600,cats_path_g30b150,,heuristic,2,False,CATS,150,paths,MultiMinded,1000,MaxIter,3436.9100000000035,15.189660000000002,17,1.07901,0.72534500000000002,10.337154,13.012002234088055,5.1430398493556568,11.512981287153575,1,30,20,4514,6764
63,30,57,LinearSubgradientAuction,0.05,0.02,,True,,1000,3600,cats_path_g30b150,,heuristic,2,False,CATS,150,paths,MultiMinded,1000,MaxIter,2503.979999999996,15.812223,11,1.17468,0.85123000000000004,5.820811,15.687524796202881,1.4971680266474838,6.6839043969091838,1,30,29,3477,5217
64,30,65,LinearSubgradientAuction,0.05,0.02,,True,,1000,3600,cats_path_g30b150,,heuristic,2,False,CATS,150,paths,MultiMinded,1000,MaxIter,2840.8699999999953,14.256674000000002,16,1.1464,0.76940900000000001,11.028606000000002,14.371079020317156,4.3853146483932086,6.9531914012376692,1,29,16,3900,5815
65,30,75,LinearSubgradientAuction,0.05,0.02,,True,,1000,3600,cats_path_g30b150,,heuristic,2,False,CATS,150,paths,MultiMinded,1000,MaxIter,3462.290000000008,14.689584000000002,14,1.20503,0.79890700000000003,9.027036999999998,17.682399988675403,3.0974672459880237,6.7185403398604207,1,30,16,4575,6855
66,30,64,LinearSubgradientAuction,0.05,0.02,,True,,1000,3600,cats_path_g30b150,,heuristic,2,False,CATS,150,paths,MultiMinded,1000,MaxIter,2890.340000000011,15.318505000000002,18,1.13026,0.77133499999999999,11.380059,15.652152195685312,7.9560007592176207,10.180050312857883,1,30,16,3904,5854
67,30,65,LinearSubgradientAuction,0.05,0.02,,True,,1000,3600,cats_path_g30b150,,heuristic,2,False,CATS,150,paths,MultiMinded,1000,MaxIter,2927.310000000012,17.19162,14,1.36208,0.868533,11.296692,16.057898132244617,3.9435724004953192,10.549237919208155,1,30,14,3965,5945
68,30,62,LinearSubgradientAuction,0.05,0.02,,True,,1000,3600,cats_path_g30b150,,heuristic,2,False,CATS,150,paths,MultiMinded,1000,MaxIter,2686.2500000000146,16.58045,15,1.1806,0.75433449999999991,9.672879,10.512088628629526,1.3172680028208996,11.89188863978444,1,29,19,3720,5548
69,30,69,LinearSubgradientAuction,0.05,0.02,,True,,1000,3600,cats_path_g30b150,,heuristic,2,False,CATS,150,paths,MultiMinded,1000,MaxIter,3104.6900000000023,16.94247,18,1.39982,0.781829,12.723297,17.620409479472244,5.6066908340404558,10.696923330963315,1,30,13,4209,6309
70,30,69,LinearSubgradientAuction,0.05,0.02,,True,,1000,3600,cats_path_g30b150,,heuristic,2,False,CATS,150,paths,MultiMinded,1000,MaxIter,2969.12000000001,15.6214981,16,1.25374,0.86018899999999998,8.072282,15.248089596598716,2.3790334301322438,7.9376004632770272,1,28,19,4071,6033
71,30,72,LinearSubgradientAuction,0.05,0.02,,True,,1000,3600,cats_path_g30b150,,heuristic,2,False,CATS,150,paths,MultiMinded,1000,MaxIter,3227.9700000000157,18.0902305,18,1.22443,0.96304999999999996,11.345061999999999,21.311790902378561,4.2363414623185731,8.7451685940296535,1,29,12,4320,6438
72,30,71,LinearSubgradientAuction,0.05,0.02,,True,,1000,3600,cats_path_g30b150,,heuristic,2,False,CATS,150,paths,MultiMinded,1000,MaxIter,3284.220000000001,14.262129000000002,17,1.12549,0.60241199999999995,10.940006,12.310680852606467,2.6709960121737035,10.366051213237718,1,30,16,4331,6491
73,30,61,LinearSubgradientAuction,0.05,0.02,,True,,1000,3600,cats_path_g30b150,,heuristic,2,False,CATS,150,paths,MultiMinded,1000,MaxIter,2663.329999999987,16.416352,15,1.29762,0.90387399999999996,10.218756,15.042911350812799,3.9085112597009526,8.1926801232809847,1,29,14,3660,5459
74,30,65,LinearSubgradientAuction,0.05,0.02,,True,,1000,3600,cats_path_g30b150,,heuristic,2,False,CATS,150,paths,MultiMinded,1000,MaxIter,2839.6300000000047,10.025623,13,0.812177,0.53816299999999995,5.34498,10.874087786376569,2.0617768998915489,4.8917299613124348,1,29,19,3900,5815
75,30,69,LinearSubgradientAuction,0.05,0.02,,True,,1000,3600,cats_path_g30b150,,heuristic,2,False,CATS,150,paths,MultiMinded,1000,MaxIter,3117.850000000006,15.321485,18,1.30411,0.789794,10.581778,18.030791733003024,3.7561832319386088,8.9891711425371774,1,30,18,4209,6309
76,30,66,LinearSubgradientAuction,0.05,0.02,,True,,1000,3600,cats_path_g30b150,,heuristic,2,False,CATS,150,paths,MultiMinded,1000,MaxIter,2985.8699999999953,17.565949,14,1.39796,0.82384800000000002,11.800856,16.64142291246748,2.2190577829512259,9.8811824031933035,1,30,24,4026,6036
77,30,71,LinearSubgradientAuction,0.05,0.02,,True,,1000,3600,cats_path_g30b150,,heuristic,2,False,CATS,150,paths,MultiMinded,1000,MaxIter,3273.550000000003,17.445843,16,1.28117,0.83980299999999997,10.332187,18.314571056640617,4.3057233913958397,11.359300196855136,1,30,19,4331,6491
78,30,77,LinearSubgradientAuction,0.05,0.02,,True,,1000,3600,cats_path_g30b150,,heuristic,2,False,CATS,150,paths,MultiMinded,1000,MaxIter,3556.4100000000035,17.835809,16,1.27923,0.84794999999999998,9.494373999999999,20.661605874831032,5.1517188016794488,9.1040223871196773,1,30,15,4697,7037
79,30,71,LinearSubgradientAuction,0.05,0.02,,True,,1000,3600,cats_path_g30b150,,heuristic,2,False,CATS,150,paths,MultiMinded,1000,MaxIter,3244.899999999994,15.251795000000001,17,1.08004,0.77857100000000001,11.393600000000001,15.259078369079862,4.5329873036441297,10.525513374145834,1,30,17,4331,6491
80,30,67,LinearSubgradientAuction,0.05,0.02,,True,,1000,3600,cats_path_g30b150,,heuristic,2,False,CATS,150,paths,MultiMinded,1000,MaxIter,3004.3800000000047,21.216326000000002,16,1.34186,1.05186,14.244279999999998,20.018584109878898,7.6158170874731139,12.172022325411394,1,30,14,4087,6127
81,30,68,LinearSubgradientAuction,0.05,0.02,,True,,1000,3600,cats_path_g30b150,,heuristic,2,False,CATS,150,paths,MultiMinded,1000,MaxIter,2848.040000000008,14.454433000000002,15,1.14794,0.83136399999999999,9.909633,12.621841758525409,3.2487613964707749,9.3651520126328123,1,27,12,3944,5810
82,30,64,LinearSubgradientAuction,0.05,0.02,,True,,1000,3600,cats_path_g30b150,,heuristic,2,False,CATS,150,paths,MultiMinded,1000,MaxIter,2887.0599999999977,14.456647999999998,19,1.03149,0.62555099999999997,11.614487999999998,15.152924628555336,4.4768747042574422,10.084827443953785,1,30,17,3904,5854
83,30,64,LinearSubgradientAuction,0.05,0.02,,True,,1000,3600,cats_path_g30b150,,heuristic,2,False,CATS,150,paths,MultiMinded,1000,MaxIter,2886.5500000000175,15.243575000000002,17,1.11077,0.82948200000000005,9.613814,17.101094225839141,4.1032325312369595,7.5812328339049211,1,30,15,3904,5854
84,30,55,LinearSubgradientAuction,0.05,0.02,,True,,1000,3600,cats_path_g30b150,,heuristic,2,False,CATS,150,paths,MultiMinded,1000,MaxIter,2343.110000000015,10.829593,13,1.04035,0.60557799999999995,6.725651,8.8366644035432422,2.4022089008480751,6.3997464431007343,1,29,16,3300,4925
85,30,70,LinearSubgradientAuction,0.05,0.02,,True,,1000,3600,cats_path_g30b150,,heuristic,2,False,CATS,150,paths,MultiMinded,1000,MaxIter,3220.9800000000105,17.838826,14,1.20482,0.99917599999999995,12.470712,17.67665815181023,7.0395271979856604,12.053018395197846,1,30,17,4270,6400
86,30,63,LinearSubgradientAuction,0.05,0.02,,True,,1000,3600,cats_path_g30b150,,heuristic,2,False,CATS,150,paths,MultiMinded,1000,MaxIter,2799.6299999999756,14.348480000000002,14,1.12303,0.66461599999999998,9.784744,12.79686093415215,3.203155825474,7.5783305983488409,1,30,16,3843,5763
87,30,64,LinearSubgradientAuction,0.05,0.02,,True,,1000,3600,cats_path_g30b150,,heuristic,2,False,CATS,150,paths,MultiMinded,1000,MaxIter,2828.889999999985,15.876268000000007,14,1.16618,0.92069400000000001,10.716391000000002,12.934717318598317,3.8865838440854428,9.1952158998601004,1,29,17,3840,5726
88,30,76,LinearSubgradientAuction,0.05,0.02,,True,,1000,3600,cats_path_g30b150,,heuristic,2,False,CATS,150,paths,MultiMinded,1000,MaxIter,3499.3099999999977,20.508544000000004,16,1.50963,0.97545999999999999,13.332024,17.878350685882516,2.9248528332625154,13.687114809206641,1,30,18,4636,6946
89,30,72,LinearSubgradientAuction,0.05,0.02,,True,,1000,3600,cats_path_g30b150,,heuristic,2,False,CATS,150,paths,MultiMinded,1000,MaxIter,3304.350000000006,16.188547,17,1.37467,0.81535500000000005,11.786135,15.505259289222572,6.2327608941641319,9.9613136754945568,1,30,14,4392,6582
90,30,54,LinearSubgradientAuction,0.05,0.02,,True,,1000,3600,cats_path_g30b150,,heuristic,2,False,CATS,150,paths,MultiMinded,1000,MaxIter,2179.2999999999884,12.251615099999999,14,0.821456,0.64283100000000004,7.246303,12.622166051945475,2.3236512127620039,6.8951944139253474,1,27,13,3132,4620
91,30,66,LinearSubgradientAuction,0.05,0.02,,True,,1000,3600,cats_path_g30b150,,heuristic,2,False,CATS,150,paths,MultiMinded,1000,MaxIter,2964.5,13.249561,13,1.08687,0.77222100000000005,8.082605000000001,12.776954474160178,3.043154430543388,6.7170877491367342,1,30,16,4026,6036
92,30,57,LinearSubgradientAuction,0.05,0.02,,True,,1000,3600,cats_path_g30b150,,heuristic,2,False,CATS,150,paths,MultiMinded,1000,MaxIter,2480.179999999993,12.038590999999998,13,0.968649,0.65237100000000003,7.971548000000001,11.754882441282348,3.2203682771726778,6.4559826029007237,1,30,17,3477,5217
93,30,62,LinearSubgradientAuction,0.05,0.02,,True,,1000,3600,cats_path_g30b150,,heuristic,2,False,CATS,150,paths,MultiMinded,1000,MaxIter,2715.9400000000023,16.059345,15,1.15822,0.86252099999999998,8.901724,17.168582328916116,1.9396950040499583,7.0797113337200006,1,29,21,3720,5548
94,30,68,LinearSubgradientAuction,0.05,0.02,,True,,1000,3600,cats_path_g30b150,,heuristic,2,False,CATS,150,paths,MultiMinded,1000,MaxIter,3069.670000000013,17.743863,11,1.39576,0.98003499999999999,10.032383000000001,18.785418559743164,2.6052704216414759,8.0108973488341242,1,30,21,4148,6218
95,30,64,LinearSubgradientAuction,0.05,0.02,,True,,1000,3600,cats_path_g30b150,,heuristic,2,False,CATS,150,paths,MultiMinded,1000,MaxIter,2863.920000000013,15.467591,19,0.907099,0.58233449999999998,9.440125,11.71024525006869,3.6863694512129559,10.419993545914922,1,30,18,3904,5854
96,30,57,LinearSubgradientAuction,0.05,0.02,,True,,1000,3600,cats_path_g30b150,,heuristic,2,False,CATS,150,paths,MultiMinded,1000,MaxIter,2499.899999999994,9.8668957,13,1.02137,0.65189799999999998,7.299308000000001,9.0686793575379347,3.150277857197564,5.4856405285123895,1,30,19,3477,5217
97,30,55,LinearSubgradientAuction,0.05,0.02,,True,,1000,3600,cats_path_g30b150,,heuristic,2,False,CATS,150,paths,MultiMinded,1000,MaxIter,2314.4500000000116,12.714137000000001,16,1.1671,0.73047649999999997,9.413879,11.943092789428327,5.3081381859296837,8.4352502687429674,1,29,17,3300,4925
98,30,61,LinearSubgradientAuction,0.05,0.02,,True,,1000,3600,cats_path_g30b150,,heuristic,2,False,CATS,150,paths,MultiMinded,1000,MaxIter,2717.680000000022,17.221063000000004,16,1.28051,0.90821799999999997,13.494042,18.054415366820034,5.9348719212802639,10.562618005381939,1,30,13,3721,5581
99,30,71,LinearSubgradientAuction,0.05,0.02,,True,,1000,3600,cats_path_g30b150,,heuristic,2,False,CATS,150,paths,MultiMinded,1000,MaxIter,3260.2000000000116,16.835101,14,1.27222,0.965194,11.927028000000002,20.215950325843234,3.7932080684036036,9.7692346786159199,1,30,18,4331,6491
100,30,69,LinearSubgradientAuction,0.05,0.02,,True,,1000,3600,cats_path_g30b150,,heuristic,2,False,CATS,150,paths,MultiMinded,1000,MaxIter,3032.5899999999965,11.185935,17,0.872955,0.55562999999999996,7.667577,8.9912959280388964,4.7012936870074835,8.4945227183748031,1,29,14,4140,6171
