idx,items,agents,auction_class,epsilon,stepc,epoch,scalebyvalue,reserve_type,maxiter,maxtime,generator_param_name,personalized,bidding_strategy,heuristic_pool_num,int_prices,generator,bids,distribution,type,rounds,status,runtime,efficient_value,final_num_winners,final_max_agent_value,final_scalevalue,final_value,final_total_price,final_revenue,final_indirect_util,final_price_degree,final_price_sparsity,final_imbalance,final_wd_nvars,final_wd_ncons
1,30,67,AdaptiveCuttingAuction,0.05,0.08,10,True,,1000,3600,cats_path_g30b150,True,heuristic,3,False,CATS,150,paths,MultiMinded,1000,MaxIter,1317.6900000000023,15.606157999999997,15,1.23481,0.870313,13.194951,26.275560384070445,5.4440359874897553,10.104642521183834,3,4490,36,174,97
2,30,63,AdaptiveCuttingAuction,0.05,0.08,10,True,,1000,3600,cats_path_g30b150,True,heuristic,3,False,CATS,150,paths,MultiMinded,1000,MaxIter,1013.7199999999721,14.094153000000002,19,1.04283,0.78301449999999995,12.525557000000003,30.166567390634672,3.6019987086458465,10.882552380759224,4,3781,48,180,93
3,30,69,AdaptiveCuttingAuction,0.05,0.08,10,True,,1000,3600,cats_path_g30b150,True,heuristic,3,False,CATS,150,paths,MultiMinded,1000,MaxIter,1585.6699999999837,19.941755999999998,16,1.33809,0.95683499999999999,15.870273,38.952727473009176,5.5172703674557564,14.192499080680861,4,4279,43,186,99
4,30,66,AdaptiveCuttingAuction,0.05,0.08,10,True,,1000,3600,cats_path_g30b150,True,heuristic,3,False,CATS,150,paths,MultiMinded,1000,MaxIter,1786.640000000014,14.118885,17,0.998367,0.78126600000000002,11.995581000000001,25.315234567662028,4.9800426377286069,8.5339551998795251,3,4491,34,182,96
5,30,65,AdaptiveCuttingAuction,0.05,0.08,10,True,,1000,3600,cats_path_g30b150,True,heuristic,3,False,CATS,150,paths,MultiMinded,1000,MaxIter,1996.0800000000163,15.664620999999997,17,1.04116,0.78344400000000003,12.861097999999998,28.400118600885108,4.6342285457979191,10.391945856971205,4,4682,53,183,95
6,30,61,AdaptiveCuttingAuction,0.05,0.08,10,True,,1000,3600,cats_path_g30b150,True,heuristic,3,False,CATS,150,paths,MultiMinded,1000,MaxIter,869.7099999999627,15.723609,17,1.13448,0.79950699999999997,12.445036,38.088863709914342,1.9695454812178259,10.567703981468961,3,4209,41,176,91
7,30,64,AdaptiveCuttingAuction,0.05,0.08,10,True,,1000,3600,cats_path_g30b150,True,heuristic,3,False,CATS,150,paths,MultiMinded,1000,MaxIter,1280.1999999999534,16.373429,17,1.20046,0.76909549999999993,12.980166,29.139464205801026,3.3830559702191998,9.6722913540866848,3,3968,50,183,94
8,30,72,AdaptiveCuttingAuction,0.05,0.08,10,True,,1000,3600,cats_path_g30b150,True,heuristic,3,False,CATS,150,paths,MultiMinded,1000,MaxIter,2806.8000000000466,16.311622,18,1.24903,0.86937299999999995,15.084075,25.518393982286824,6.6034749146074194,9.8939299998607062,3,5548,39,195,102
9,30,60,AdaptiveCuttingAuction,0.05,0.08,10,True,,1000,3600,cats_path_g30b150,True,heuristic,3,False,CATS,150,paths,MultiMinded,1000,MaxIter,1604.5100000000093,14.554215,16,1.25806,0.77530200000000005,11.485315,21.939493039212088,3.6112039753104526,7.964601485208088,3,3901,44,183,90
10,30,64,AdaptiveCuttingAuction,0.05,0.08,10,True,,1000,3600,cats_path_g30b150,True,heuristic,3,False,CATS,150,paths,MultiMinded,1000,MaxIter,1734.640000000014,15.764945999999998,18,1.20473,0.77151750000000008,13.862037,27.810892436685599,4.1650226013684737,10.365443212291984,4,4676,39,181,94
11,30,70,AdaptiveCuttingAuction,0.05,0.08,10,True,,1000,3600,cats_path_g30b150,True,heuristic,3,False,CATS,150,paths,MultiMinded,1000,MaxIter,1826.1599999999744,15.460275,16,1.12749,0.83722600000000003,12.844932999999997,25.286061475750696,3.7007203640043072,7.0928317284059048,4,4480,44,200,100
12,30,67,AdaptiveCuttingAuction,0.05,0.08,10,True,,1000,3600,cats_path_g30b150,True,heuristic,3,False,CATS,150,paths,MultiMinded,1000,MaxIter,1190.8800000000047,14.9714,18,1.03711,0.74539299999999997,13.181915999999998,26.836574178471896,2.3153179182747246,11.184715059128846,3,4425,52,180,97
13,30,70,AdaptiveCuttingAuction,0.05,0.08,10,True,,1000,3600,cats_path_g30b150,True,heuristic,3,False,CATS,150,paths,MultiMinded,1000,MaxIter,1392.2699999999604,13.718234000000002,18,1.05702,0.66747699999999999,10.965125,35.207456491992488,4.113029359045175,7.2996381200287894,4,4831,30,192,100
14,30,57,AdaptiveCuttingAuction,0.05,0.08,10,True,,1000,3600,cats_path_g30b150,True,heuristic,3,False,CATS,150,paths,MultiMinded,1000,MaxIter,1113.4499999999534,13.5776358,17,1.27472,0.79768799999999995,11.563687000000002,31.299234587608229,2.9279459599193931,9.8125320089808419,4,3763,38,168,87
15,30,76,AdaptiveCuttingAuction,0.05,0.08,10,True,,1000,3600,cats_path_g30b150,True,heuristic,3,False,CATS,150,paths,MultiMinded,1000,MaxIter,2198.7099999999627,19.193505000000002,19,1.29161,1.0414399999999999,17.819208999999997,30.168088659743244,6.7671609119578564,12.13941290745573,3,5472,34,191,106
16,30,55,AdaptiveCuttingAuction,0.05,0.08,10,True,,1000,3600,cats_path_g30b150,True,heuristic,3,False,CATS,150,paths,MultiMinded,1000,MaxIter,1370.570000000007,17.6371399,16,1.30608,0.92928299999999997,14.575472000000001,26.962573276545552,6.1230373322403437,13.485459924652153,3,3911,42,169,85
17,30,60,AdaptiveCuttingAuction,0.05,0.08,10,True,,1000,3600,cats_path_g30b150,True,heuristic,3,False,CATS,150,paths,MultiMinded,1000,MaxIter,1477.8400000000256,17.3437429,17,1.15586,0.84924900000000003,14.210515999999998,34.109736099381287,4.1184396471017992,12.481331313890564,3,4022,46,172,90
18,30,68,AdaptiveCuttingAuction,0.05,0.08,10,True,,1000,3600,cats_path_g30b150,True,heuristic,3,False,CATS,150,paths,MultiMinded,1000,MaxIter,1551.6699999999837,16.532421,17,1.15917,0.79773499999999997,13.247708999999999,25.09912572094488,5.7880197712505987,8.0418212852059163,3,3808,40,195,98
19,30,84,AdaptiveCuttingAuction,0.05,0.08,10,True,,1000,3600,cats_path_g30b150,True,heuristic,3,False,CATS,150,paths,MultiMinded,1000,MaxIter,2531.6900000000023,16.550685,15,1.19703,0.78075050000000001,12.945279000000001,25.955502117301052,3.7114593670451148,8.4194648574310165,3,4956,37,214,114
20,30,57,AdaptiveCuttingAuction,0.05,0.08,10,True,,1000,3600,cats_path_g30b150,True,heuristic,3,False,CATS,150,paths,MultiMinded,1000,MaxIter,1015.4800000000396,11.988608000000001,15,0.830201,0.65249500000000005,9.488735,31.254386019894167,1.0092186860644183,8.3611477852356408,3,3762,43,167,87
21,30,76,AdaptiveCuttingAuction,0.05,0.08,10,True,,1000,3600,cats_path_g30b150,True,heuristic,3,False,CATS,150,paths,MultiMinded,1000,MaxIter,2106.7299999999814,16.346269,18,1.16216,0.87333000000000005,14.974884999999997,30.230372475728867,7.1810264970017066,10.568402153284756,3,5323,50,197,106
22,30,62,AdaptiveCuttingAuction,0.05,0.08,10,True,,1000,3600,cats_path_g30b150,True,heuristic,3,False,CATS,150,paths,MultiMinded,1000,MaxIter,1775.8699999999953,11.899390499999999,16,1.11701,0.58296099999999995,9.831024,15.107534149403334,3.8278232218719062,7.073080834604724,4,4838,38,179,92
23,30,61,AdaptiveCuttingAuction,0.05,0.08,10,True,,1000,3600,cats_path_g30b150,True,heuristic,3,False,CATS,150,paths,MultiMinded,1000,MaxIter,1241.0899999999674,17.460715,14,1.27766,0.872475,11.763909,31.777624735062332,2.8054492507526794,11.310208895982022,3,3906,44,173,91
24,30,72,AdaptiveCuttingAuction,0.05,0.08,10,True,,1000,3600,cats_path_g30b150,True,heuristic,3,False,CATS,150,paths,MultiMinded,1000,MaxIter,1895.7399999999907,16.551633999999996,16,1.24587,0.733267,12.803277000000001,27.446879226061363,4.5870801564928181,9.1848364664441622,4,4897,34,196,102
25,30,66,AdaptiveCuttingAuction,0.05,0.08,10,True,,1000,3600,cats_path_g30b150,True,heuristic,3,False,CATS,150,paths,MultiMinded,1000,MaxIter,1503.3600000000442,15.951057999999998,17,1.21778,0.74724500000000005,12.016427,25.658738785711563,2.8696024395061475,9.9644338239084078,4,4095,32,171,96
26,30,71,AdaptiveCuttingAuction,0.05,0.08,10,True,,1000,3600,cats_path_g30b150,True,heuristic,3,False,CATS,150,paths,MultiMinded,1000,MaxIter,1592.4400000000023,18.600379,15,1.35655,1.0506500000000001,13.852742999999998,32.423181767477502,4.5057539195866543,11.308682107200628,3,3979,31,190,101
27,30,65,AdaptiveCuttingAuction,0.05,0.08,10,True,,1000,3600,cats_path_g30b150,True,heuristic,3,False,CATS,150,paths,MultiMinded,1000,MaxIter,1429.460000000021,15.208365,19,1.24835,0.71721100000000004,11.849985,25.919746398875745,4.7028020601179454,8.2460490346029953,3,3517,39,187,95
28,30,68,AdaptiveCuttingAuction,0.05,0.08,10,True,,1000,3600,cats_path_g30b150,True,heuristic,3,False,CATS,150,paths,MultiMinded,1000,MaxIter,1465.929999999993,14.86174,17,1.33611,1.01847,13.504233999999999,16.963892397142256,5.2474221361254934,8.8739839533739264,3,5712,39,197,98
29,30,58,AdaptiveCuttingAuction,0.05,0.08,10,True,,1000,3600,cats_path_g30b150,True,heuristic,3,False,CATS,150,paths,MultiMinded,1000,MaxIter,1554.9099999999744,11.257909999999999,16,0.8594,0.57639300000000004,9.277174,22.022206303662582,2.6339075135832219,6.1588777640240346,3,4238,28,176,88
30,30,65,AdaptiveCuttingAuction,0.05,0.08,10,True,,1000,3600,cats_path_g30b150,True,heuristic,3,False,CATS,150,paths,MultiMinded,1000,MaxIter,2025.0499999999884,12.752407,14,1.05004,0.71123899999999995,9.586419000000003,22.047504498964734,2.8697525979003955,6.7958176330825388,4,5140,37,189,95
31,30,58,AdaptiveCuttingAuction,0.05,0.08,10,True,,1000,3600,cats_path_g30b150,True,heuristic,3,False,CATS,150,paths,MultiMinded,1000,MaxIter,1502.3700000000536,13.4727089,15,1.18366,0.86047800000000008,11.623199,25.416548290599042,3.3717194829908643,9.3828051399005723,4,4872,38,169,88
32,30,79,AdaptiveCuttingAuction,0.05,0.08,10,True,,1000,3600,cats_path_g30b150,True,heuristic,3,False,CATS,150,paths,MultiMinded,1000,MaxIter,2207.969999999972,17.626487,17,1.11283,0.85035499999999997,14.636072,34.446755491880964,6.2591583022611355,12.84705958537285,3,5689,49,201,109
33,30,66,AdaptiveCuttingAuction,0.05,0.08,10,True,,1000,3600,cats_path_g30b150,True,heuristic,3,False,CATS,150,paths,MultiMinded,1000,MaxIter,1180.3800000000047,13.562479100000003,18,1.17658,0.71348500000000004,11.844758100000002,30.927532580621627,2.6525930696426872,7.8079621928838954,3,4356,25,175,96
34,30,59,AdaptiveCuttingAuction,0.05,0.08,10,True,,1000,3600,cats_path_g30b150,True,heuristic,3,False,CATS,150,paths,MultiMinded,1000,MaxIter,1408.820000000007,15.543004,16,1.16304,0.84088200000000002,14.048796999999999,25.211944701810033,4.2053955174469522,8.8139959335844225,3,4191,36,170,89
35,30,61,AdaptiveCuttingAuction,0.05,0.08,10,True,,1000,3600,cats_path_g30b150,True,heuristic,3,False,CATS,150,paths,MultiMinded,1000,MaxIter,1596.75,18.943085999999997,15,1.32614,0.92471499999999995,14.430794000000002,24.208784790017649,3.167207352442067,10.963863644154941,4,4151,33,179,91
36,30,75,AdaptiveCuttingAuction,0.05,0.08,10,True,,1000,3600,cats_path_g30b150,True,heuristic,3,False,CATS,150,paths,MultiMinded,1000,MaxIter,953.7599999999511,15.257448999999998,16,1.04514,0.73463400000000001,12.034631,35.279069301822567,3.2652733078134339,12.180375983778333,3,67,31,198,105
37,30,73,AdaptiveCuttingAuction,0.05,0.08,10,True,,1000,3600,cats_path_g30b150,True,heuristic,3,False,CATS,150,paths,MultiMinded,1000,MaxIter,1755.3300000000163,19.314383000000003,20,1.26724,0.81503800000000004,17.216966,38.385874575190286,6.7734577208250535,15.170817131215879,3,4455,43,189,103
38,30,69,AdaptiveCuttingAuction,0.05,0.08,10,True,,1000,3600,cats_path_g30b150,True,heuristic,3,False,CATS,150,paths,MultiMinded,1000,MaxIter,2024.960000000021,17.06102,17,1.26197,0.80889699999999998,12.643818999999999,27.877695718259691,4.7489951934553085,10.993308419945141,4,5452,34,195,99
39,30,64,AdaptiveCuttingAuction,0.05,0.08,10,True,,1000,3600,cats_path_g30b150,True,heuristic,3,False,CATS,150,paths,MultiMinded,1000,MaxIter,1060.4700000000303,18.017829999999996,15,1.46956,1.00953,14.656522,55.226885624318733,3.9048144415344175,11.474940370774773,3,4864,40,181,94
40,30,70,AdaptiveCuttingAuction,0.05,0.08,10,True,,1000,3600,cats_path_g30b150,True,heuristic,3,False,CATS,150,paths,MultiMinded,1000,MaxIter,1128.8800000000047,16.415451,18,1.33618,0.79276899999999995,15.338867000000002,30.155074857759708,4.5936009438871812,13.635236291278858,3,4200,32,183,100
41,30,62,AdaptiveCuttingAuction,0.05,0.08,10,True,,1000,3600,cats_path_g30b150,True,heuristic,3,False,CATS,150,paths,MultiMinded,1000,MaxIter,1156.9799999999814,15.767216000000001,16,1.27329,0.81440000000000001,11.916560999999998,25.638923030164076,4.375157521082901,10.631449637336008,3,3793,24,180,92
42,30,66,AdaptiveCuttingAuction,0.05,0.08,10,True,,1000,3600,cats_path_g30b150,True,heuristic,3,False,CATS,150,paths,MultiMinded,1000,MaxIter,1454.1999999999534,14.387081000000002,20,1.10378,0.674543,12.678839000000004,29.791745459556441,5.0768886090356968,11.040374359567991,4,4359,27,178,96
43,30,57,AdaptiveCuttingAuction,0.05,0.08,10,True,,1000,3600,cats_path_g30b150,True,heuristic,3,False,CATS,150,paths,MultiMinded,1000,MaxIter,1336.6300000000047,12.78674,16,1.092,0.74160349999999997,10.378445000000001,21.968067837597275,4.9106015275488861,9.4067436542005414,4,4161,45,171,87
44,30,67,AdaptiveCuttingAuction,0.05,0.08,10,True,,1000,3600,cats_path_g30b150,True,heuristic,3,False,CATS,150,paths,MultiMinded,1000,MaxIter,1293.3699999999953,14.327095000000002,16,1.04382,0.66583400000000004,11.373638999999999,31.382701255189613,2.7408586600440898,10.772291979607603,4,4959,43,178,97
45,30,80,AdaptiveCuttingAuction,0.05,0.08,10,True,,1000,3600,cats_path_g30b150,True,heuristic,3,False,CATS,150,paths,MultiMinded,1000,MaxIter,1498.1600000000326,13.769805999999999,14,1.20458,0.66948099999999999,9.40973,15.940557923961428,2.9837062780802865,6.8742911408966378,4,6241,28,204,110
46,30,62,AdaptiveCuttingAuction,0.05,0.08,10,True,,1000,3600,cats_path_g30b150,True,heuristic,3,False,CATS,150,paths,MultiMinded,1000,MaxIter,1493.6600000000326,17.982688000000003,15,1.47628,0.89541199999999999,14.566801,26.235398168204046,3.9631891907142065,10.24711104052926,4,4653,37,170,92
47,30,50,AdaptiveCuttingAuction,0.05,0.08,10,True,,1000,3600,cats_path_g30b150,True,heuristic,3,False,CATS,150,paths,MultiMinded,1000,MaxIter,939.9799999999814,14.4709692,13,1.15255,0.87777400000000005,11.769919999999999,19.999557662644378,2.946281147516554,10.955053894173306,4,3302,27,162,80
48,30,56,AdaptiveCuttingAuction,0.05,0.08,10,True,,1000,3600,cats_path_g30b150,True,heuristic,3,False,CATS,150,paths,MultiMinded,1000,MaxIter,957.3699999999953,19.863466000000003,15,1.39092,0.99550399999999994,15.325773,45.444435013520277,2.9822051937501888,11.104839418257669,3,3925,44,165,86
49,30,59,AdaptiveCuttingAuction,0.05,0.08,10,True,,1000,3600,cats_path_g30b150,True,heuristic,3,False,CATS,150,paths,MultiMinded,1000,MaxIter,1368.6500000000233,12.83722,15,1.27931,0.83850000000000002,10.724280999999998,23.273261817182266,3.997747754948147,6.1079493169030199,4,3955,39,179,89
50,30,72,AdaptiveCuttingAuction,0.05,0.08,10,True,,1000,3600,cats_path_g30b150,True,heuristic,3,False,CATS,150,paths,MultiMinded,1000,MaxIter,2216.929999999993,14.769329999999997,17,1.31494,0.719059,13.051611999999997,20.802870401324245,6.3320854673629769,10.576222953711873,3,5114,35,190,102
51,30,72,AdaptiveCuttingAuction,0.05,0.08,10,True,,1000,3600,cats_path_g30b150,True,heuristic,3,False,CATS,150,paths,MultiMinded,1000,MaxIter,1723.859999999986,16.073219,15,1.09244,0.793798,12.750458000000002,25.086127134375833,3.3548959869316919,6.9434371761055118,3,5400,40,195,102
52,30,53,AdaptiveCuttingAuction,0.05,0.08,10,True,,1000,3600,cats_path_g30b150,True,heuristic,3,False,CATS,150,paths,MultiMinded,1000,MaxIter,1292.4400000000023,12.6877335,18,1.34175,0.74289899999999998,11.8108626,23.531822772152836,4.7205271712319483,8.2939126440839868,3,3764,45,173,83
53,30,69,AdaptiveCuttingAuction,0.05,0.08,10,True,,1000,3600,cats_path_g30b150,True,heuristic,3,False,CATS,150,paths,MultiMinded,1000,MaxIter,1654.0100000000093,18.740910999999997,15,1.16684,0.90905150000000001,14.127331999999996,32.223150400554616,2.8307213240801201,10.265374132920751,3,4693,26,183,99
54,30,63,AdaptiveCuttingAuction,0.05,0.08,10,True,,1000,3600,cats_path_g30b150,True,heuristic,3,False,CATS,150,paths,MultiMinded,1000,MaxIter,1006.6300000000047,15.541510000000004,18,1.41102,0.83414200000000005,13.400592,29.501099914318296,3.6149152077493589,5.7489674836813016,3,4034,46,183,93
55,30,79,AdaptiveCuttingAuction,0.05,0.08,10,True,,1000,3600,cats_path_g30b150,True,heuristic,3,False,CATS,150,paths,MultiMinded,1000,MaxIter,2004.789999999979,15.979884000000002,18,1.1263,0.85292049999999997,13.496254000000002,38.434720879403478,3.7724543812460078,10.120514597883417,4,5295,35,204,109
56,30,75,AdaptiveCuttingAuction,0.05,0.08,10,True,,1000,3600,cats_path_g30b150,True,heuristic,3,False,CATS,150,paths,MultiMinded,1000,MaxIter,1889.6900000000023,18.432461999999994,21,1.25637,0.86360099999999995,17.319958,34.925708304769081,5.664291958555566,13.362988085032377,3,5250,47,203,105
57,30,69,AdaptiveCuttingAuction,0.05,0.08,10,True,,1000,3600,cats_path_g30b150,True,heuristic,3,False,CATS,150,paths,MultiMinded,1000,MaxIter,2117.5,21.377306399999995,16,1.41831,1.0310999999999999,18.349802,28.696321734102185,8.1178150632013839,13.602071255879078,3,4282,26,189,99
58,30,55,AdaptiveCuttingAuction,0.05,0.08,10,True,,1000,3600,cats_path_g30b150,True,heuristic,3,False,CATS,150,paths,MultiMinded,1000,MaxIter,1169.6599999999744,12.959700999999999,17,1.39908,0.69830300000000001,10.398015999999998,18.07314260458703,3.592876150333923,7.4096168588401703,3,3411,43,168,85
59,30,62,AdaptiveCuttingAuction,0.05,0.08,10,True,,1000,3600,cats_path_g30b150,True,heuristic,3,False,CATS,150,paths,MultiMinded,1000,MaxIter,1750.0,11.245693,15,0.937523,0.59201349999999997,9.601728,15.352614031581357,2.4410313092728115,7.4374428996670359,4,4531,39,178,92
60,30,62,AdaptiveCuttingAuction,0.05,0.08,10,True,,1000,3600,cats_path_g30b150,True,heuristic,3,False,CATS,150,paths,MultiMinded,1000,MaxIter,1606.3800000000047,16.295090999999996,14,1.36668,0.91428500000000001,12.205477999999998,26.15396899805495,3.904468231737837,10.553830007456765,3,4588,34,179,92
61,30,65,AdaptiveCuttingAuction,0.05,0.08,10,True,,1000,3600,cats_path_g30b150,True,heuristic,3,False,CATS,150,paths,MultiMinded,1000,MaxIter,1022.9000000000233,12.734226999999999,14,1.10066,0.73527699999999996,9.883343000000002,29.929957159425935,2.5145495121747388,9.2735792668135399,4,3966,41,178,95
62,30,74,AdaptiveCuttingAuction,0.05,0.08,10,True,,1000,3600,cats_path_g30b150,True,heuristic,3,False,CATS,150,paths,MultiMinded,1000,MaxIter,1722.0499999999884,15.189660000000002,17,1.07901,0.72534500000000002,12.004700000000003,23.521044438260308,3.2874283867868321,8.7479428757242559,3,4300,30,196,104
63,30,57,AdaptiveCuttingAuction,0.05,0.08,10,True,,1000,3600,cats_path_g30b150,True,heuristic,3,False,CATS,150,paths,MultiMinded,1000,MaxIter,1203.6900000000023,15.812223,16,1.17468,0.85123000000000004,13.818653,22.940802443725303,2.7555741965429235,9.1358346894691707,3,3876,26,176,87
64,30,65,AdaptiveCuttingAuction,0.05,0.08,10,True,,1000,3600,cats_path_g30b150,True,heuristic,3,False,CATS,150,paths,MultiMinded,1000,MaxIter,1865.179999999993,14.256674000000002,17,1.1464,0.76940900000000001,12.743948000000001,20.118384186158494,6.0054673018266325,8.1532338952779568,3,4619,30,190,95
65,30,75,AdaptiveCuttingAuction,0.05,0.08,10,True,,1000,3600,cats_path_g30b150,True,heuristic,3,False,CATS,150,paths,MultiMinded,1000,MaxIter,1537.5199999999604,14.689584000000002,16,1.20503,0.79890700000000003,12.35344,32.785276932086653,5.3100909593492558,9.3461632113705946,4,4804,27,196,105
66,30,64,AdaptiveCuttingAuction,0.05,0.08,10,True,,1000,3600,cats_path_g30b150,True,heuristic,3,False,CATS,150,paths,MultiMinded,1000,MaxIter,2026.070000000007,15.318505000000002,15,1.13026,0.77133499999999999,10.935457999999999,21.186918157434405,3.6817497760650464,5.7725928595195093,3,4416,25,192,94
67,30,65,AdaptiveCuttingAuction,0.05,0.08,10,True,,1000,3600,cats_path_g30b150,True,heuristic,3,False,CATS,150,paths,MultiMinded,1000,MaxIter,1842.929999999993,17.19162,16,1.36208,0.868533,14.857658000000002,21.10531086120772,6.2537218502756744,11.86035709785358,4,5010,32,183,95
68,30,62,AdaptiveCuttingAuction,0.05,0.08,10,True,,1000,3600,cats_path_g30b150,True,heuristic,3,False,CATS,150,paths,MultiMinded,1000,MaxIter,989.890000000014,16.58045,14,1.1806,0.75433449999999991,10.863927,23.453364263329217,2.0339420660604501,10.520920748191948,4,4340,32,172,92
69,30,69,AdaptiveCuttingAuction,0.05,0.08,10,True,,1000,3600,cats_path_g30b150,True,heuristic,3,False,CATS,150,paths,MultiMinded,1000,MaxIter,1804.9599999999627,16.94247,19,1.39982,0.781829,14.74186,30.889009035020656,5.7569617575649321,12.603095015968751,3,5246,30,191,99
70,30,69,AdaptiveCuttingAuction,0.05,0.08,10,True,,1000,3600,cats_path_g30b150,True,heuristic,3,False,CATS,150,paths,MultiMinded,1000,MaxIter,1512.859999999986,15.6214981,18,1.25374,0.86018899999999998,14.001365999999999,24.812696591304352,5.0799978570964832,9.5613686419428117,3,4422,38,185,99
71,30,72,AdaptiveCuttingAuction,0.05,0.08,10,True,,1000,3600,cats_path_g30b150,True,heuristic,3,False,CATS,150,paths,MultiMinded,1000,MaxIter,1942.719999999972,18.0902305,18,1.22443,0.96304999999999996,15.995438,43.388189225800524,4.1952309237223577,12.851486497034285,3,4969,38,197,102
72,30,71,AdaptiveCuttingAuction,0.05,0.08,10,True,,1000,3600,cats_path_g30b150,True,heuristic,3,False,CATS,150,paths,MultiMinded,1000,MaxIter,1293.7700000000186,14.262129000000002,17,1.12549,0.60241199999999995,11.889734,29.701788684848175,3.2604782047959397,10.024953603891774,3,4260,34,187,101
73,30,61,AdaptiveCuttingAuction,0.05,0.08,10,True,,1000,3600,cats_path_g30b150,True,heuristic,3,False,CATS,150,paths,MultiMinded,1000,MaxIter,1863.4700000000303,16.416352,14,1.29762,0.90387399999999996,12.644455000000002,20.981649815475102,3.272703681737029,9.5293883027128512,4,4524,36,182,91
74,30,65,AdaptiveCuttingAuction,0.05,0.08,10,True,,1000,3600,cats_path_g30b150,True,heuristic,3,False,CATS,150,paths,MultiMinded,1000,MaxIter,1141.5500000000466,10.025623,16,0.812177,0.53816299999999995,8.199774000000001,24.069120763481187,3.5616486574685537,6.1157099491746987,4,75,21,185,95
75,30,69,AdaptiveCuttingAuction,0.05,0.08,10,True,,1000,3600,cats_path_g30b150,True,heuristic,3,False,CATS,150,paths,MultiMinded,1000,MaxIter,1723.7600000000093,15.321485,20,1.30411,0.789794,14.613831000000003,35.537052586316548,4.868500339940784,10.74254099273991,3,4692,36,192,99
76,30,66,AdaptiveCuttingAuction,0.05,0.08,10,True,,1000,3600,cats_path_g30b150,True,heuristic,3,False,CATS,150,paths,MultiMinded,1000,MaxIter,1290.4400000000023,17.565949,17,1.39796,0.82384800000000002,14.574625999999999,28.35247126641945,4.4375227965694792,12.566761218460062,4,4161,41,179,96
77,30,71,AdaptiveCuttingAuction,0.05,0.08,10,True,,1000,3600,cats_path_g30b150,True,heuristic,3,False,CATS,150,paths,MultiMinded,1000,MaxIter,1481.9099999999744,17.445843,19,1.28117,0.83980299999999997,15.405217999999998,35.739785735788146,4.1067003778264253,11.042547562115036,4,5042,41,194,101
78,30,77,AdaptiveCuttingAuction,0.05,0.08,10,True,,1000,3600,cats_path_g30b150,True,heuristic,3,False,CATS,150,paths,MultiMinded,1000,MaxIter,2173.6300000000047,17.835809,18,1.27923,0.84794999999999998,14.823635,32.856399849282226,6.0732822864962674,9.506990022311836,3,4621,38,208,107
79,30,71,AdaptiveCuttingAuction,0.05,0.08,10,True,,1000,3600,cats_path_g30b150,True,heuristic,3,False,CATS,150,paths,MultiMinded,1000,MaxIter,1777.6100000000442,15.251795000000001,17,1.08004,0.77857100000000001,11.783237999999999,25.53944231970323,2.5297971010684042,9.7740806730679939,3,4901,40,194,101
80,30,67,AdaptiveCuttingAuction,0.05,0.08,10,True,,1000,3600,cats_path_g30b150,True,heuristic,3,False,CATS,150,paths,MultiMinded,1000,MaxIter,2357.469999999972,21.216326000000002,18,1.34186,1.05186,16.94005,29.462496149601485,7.0822643915292973,11.500728790687084,3,4359,36,185,97
81,30,68,AdaptiveCuttingAuction,0.05,0.08,10,True,,1000,3600,cats_path_g30b150,True,heuristic,3,False,CATS,150,paths,MultiMinded,1000,MaxIter,1446.6900000000023,14.454433000000002,14,1.14794,0.83136399999999999,10.819424,23.062577298011846,2.1564911360306609,8.5836465513532794,4,4422,29,179,98
82,30,64,AdaptiveCuttingAuction,0.05,0.08,10,True,,1000,3600,cats_path_g30b150,True,heuristic,3,False,CATS,150,paths,MultiMinded,1000,MaxIter,1472.7299999999814,14.456647999999998,17,1.03149,0.62555099999999997,11.530539999999998,28.470121353020019,2.5800083643217775,8.9965185122803302,3,4037,47,184,94
83,30,64,AdaptiveCuttingAuction,0.05,0.08,10,True,,1000,3600,cats_path_g30b150,True,heuristic,3,False,CATS,150,paths,MultiMinded,1000,MaxIter,1442.6199999999953,15.243575000000002,20,1.11077,0.82948200000000005,14.04029,30.337672209646435,4.2811272683265642,9.2183605704846201,3,3971,51,183,94
84,30,55,AdaptiveCuttingAuction,0.05,0.08,10,True,,1000,3600,cats_path_g30b150,True,heuristic,3,False,CATS,150,paths,MultiMinded,1000,MaxIter,1247.179999999993,10.829593,16,1.04035,0.60557799999999995,9.650440999999999,14.171114437682682,2.0870115903072546,5.9465140879260039,4,3522,38,165,85
85,30,70,AdaptiveCuttingAuction,0.05,0.08,10,True,,1000,3600,cats_path_g30b150,True,heuristic,3,False,CATS,150,paths,MultiMinded,1000,MaxIter,1468.350000000035,17.838826,14,1.20482,0.99917599999999995,13.593292,36.790207659710482,3.7919790141539593,8.7480040793348799,4,5320,53,194,100
86,30,63,AdaptiveCuttingAuction,0.05,0.08,10,True,,1000,3600,cats_path_g30b150,True,heuristic,3,False,CATS,150,paths,MultiMinded,1000,MaxIter,1833.5800000000163,14.348480000000002,15,1.12303,0.66461599999999998,11.436596,16.319722891911891,3.7797173222930613,7.3647442875753804,4,4602,47,187,93
87,30,64,AdaptiveCuttingAuction,0.05,0.08,10,True,,1000,3600,cats_path_g30b150,True,heuristic,3,False,CATS,150,paths,MultiMinded,1000,MaxIter,1477.9400000000023,15.876268000000007,16,1.16618,0.92069400000000001,13.525747000000004,30.138766894474202,3.6559656332483557,6.707920444214774,3,4416,38,188,94
88,30,76,AdaptiveCuttingAuction,0.05,0.08,10,True,,1000,3600,cats_path_g30b150,True,heuristic,3,False,CATS,150,paths,MultiMinded,1000,MaxIter,1575.0500000000466,20.508544000000004,16,1.50963,0.97545999999999999,16.537664,36.326036286280342,4.190036476331592,14.502873593101478,4,4637,35,195,106
89,30,72,AdaptiveCuttingAuction,0.05,0.08,10,True,,1000,3600,cats_path_g30b150,True,heuristic,3,False,CATS,150,paths,MultiMinded,1000,MaxIter,2325.429999999993,16.188547,17,1.37467,0.81535500000000005,13.883796000000002,22.711459024671765,6.0043724987733409,9.7630090274555457,3,4400,37,196,102
90,30,54,AdaptiveCuttingAuction,0.05,0.08,10,True,,1000,3600,cats_path_g30b150,True,heuristic,3,False,CATS,150,paths,MultiMinded,1000,MaxIter,1291.9899999999907,12.251615099999999,14,0.821456,0.64283100000000004,9.285053,30.071310701366102,2.0708758548571939,8.2216450590853825,4,3944,46,162,84
91,30,66,AdaptiveCuttingAuction,0.05,0.08,10,True,,1000,3600,cats_path_g30b150,True,heuristic,3,False,CATS,150,paths,MultiMinded,1000,MaxIter,1215.140000000014,13.249561,14,1.08687,0.77222100000000005,8.952408,24.361412319887449,4.0802186417939117,7.1806546169665255,4,4295,37,184,96
92,30,57,AdaptiveCuttingAuction,0.05,0.08,10,True,,1000,3600,cats_path_g30b150,True,heuristic,3,False,CATS,150,paths,MultiMinded,1000,MaxIter,1470.1299999999464,12.038590999999998,14,0.968649,0.65237100000000003,8.497691999999999,26.678170351967083,2.5102398544204565,5.0452228305635041,3,4276,33,170,87
93,30,62,AdaptiveCuttingAuction,0.05,0.08,10,True,,1000,3600,cats_path_g30b150,True,heuristic,3,False,CATS,150,paths,MultiMinded,1000,MaxIter,1159.429999999993,16.059345,16,1.15822,0.86252099999999998,12.785983000000002,32.886889625878965,4.6779209016899452,9.6445893427600513,3,4402,17,167,92
94,30,68,AdaptiveCuttingAuction,0.05,0.08,10,True,,1000,3600,cats_path_g30b150,True,heuristic,3,False,CATS,150,paths,MultiMinded,1000,MaxIter,1712.1699999999837,17.743863,17,1.39576,0.98003499999999999,16.748165,32.964408411559532,6.0223973325906774,11.217950414683703,4,4899,34,183,98
95,30,64,AdaptiveCuttingAuction,0.05,0.08,10,True,,1000,3600,cats_path_g30b150,True,heuristic,3,False,CATS,150,paths,MultiMinded,1000,MaxIter,1214.490000000049,15.467591,17,0.907099,0.58233449999999998,11.711475999999998,27.508776354485494,3.4909460569774748,9.8770401847467522,3,3776,30,182,94
96,30,57,AdaptiveCuttingAuction,0.05,0.08,10,True,,1000,3600,cats_path_g30b150,True,heuristic,3,False,CATS,150,paths,MultiMinded,1000,MaxIter,744.75,9.8668957,15,1.02137,0.65189799999999998,8.9035311,16.825024933560961,3.3895853729837815,5.0662973831803759,4,3707,31,160,87
97,30,55,AdaptiveCuttingAuction,0.05,0.08,10,True,,1000,3600,cats_path_g30b150,True,heuristic,3,False,CATS,150,paths,MultiMinded,1000,MaxIter,1538.5,12.714137000000001,14,1.1671,0.73047649999999997,9.031846000000002,21.985539630168223,2.2603334169618137,4.7030744992110005,3,4347,34,175,85
98,30,61,AdaptiveCuttingAuction,0.05,0.08,10,True,,1000,3600,cats_path_g30b150,True,heuristic,3,False,CATS,150,paths,MultiMinded,1000,MaxIter,1302.8499999999767,17.221063000000004,16,1.28051,0.90821799999999997,14.995454000000002,31.16170532791029,4.1228230514665398,7.6916558201527092,3,3660,32,179,91
99,30,71,AdaptiveCuttingAuction,0.05,0.08,10,True,,1000,3600,cats_path_g30b150,True,heuristic,3,False,CATS,150,paths,MultiMinded,1000,MaxIter,1643.210000000021,16.835101,16,1.27222,0.965194,13.828369999999998,43.088711461871192,4.6055870116136708,11.50642971079311,3,4831,35,190,101
100,30,69,AdaptiveCuttingAuction,0.05,0.08,10,True,,1000,3600,cats_path_g30b150,True,heuristic,3,False,CATS,150,paths,MultiMinded,1000,MaxIter,1465.890000000014,11.185935,16,0.872955,0.55562999999999996,9.369958,13.201317388782593,2.9270110830870952,5.9678335236858002,3,4279,34,184,99
