idx,items,agents,auction_class,epsilon,stepc,epoch,scalebyvalue,reserve_type,maxiter,maxtime,generator_param_name,personalized,bidding_strategy,heuristic_pool_num,int_prices,generator,bids,distribution,type,rounds,status,runtime,efficient_value,final_num_winners,final_max_agent_value,final_scalevalue,final_value,final_total_price,final_revenue,final_indirect_util,final_price_degree,final_price_sparsity,final_imbalance,final_wd_nvars,final_wd_ncons
1,30,67,AdaptiveCuttingAuction,0.05,0.04,10,True,,1000,3600,cats_path_g30b150,True,heuristic,3,False,CATS,150,paths,MultiMinded,1000,MaxIter,1235.5999999999767,15.606157999999997,17,1.23481,0.870313,14.357641,20.435481527238665,6.5247137439627023,12.290536749960639,3,4623,32,184,97
2,30,63,AdaptiveCuttingAuction,0.05,0.04,10,True,,1000,3600,cats_path_g30b150,True,heuristic,3,False,CATS,150,paths,MultiMinded,1000,MaxIter,893.359999999986,14.094153000000002,18,1.04283,0.78301449999999995,11.999588000000001,22.955108696343068,2.3850706782945985,9.9183405090759198,4,3466,34,182,93
3,30,69,AdaptiveCuttingAuction,0.05,0.04,10,True,,1000,3600,cats_path_g30b150,True,heuristic,3,False,CATS,150,paths,MultiMinded,1000,MaxIter,1636.4000000000233,19.941755999999998,17,1.33809,0.95683499999999999,16.31703,28.386875539106356,5.1726729041391266,14.733354651386495,4,4623,35,189,99
4,30,66,AdaptiveCuttingAuction,0.05,0.04,10,True,,1000,3600,cats_path_g30b150,True,heuristic,3,False,CATS,150,paths,MultiMinded,1000,MaxIter,1691.1500000000233,14.118885,18,0.998367,0.78126600000000002,12.714523999999999,19.048553848625783,5.2384964680758825,11.005602429404739,3,4558,31,185,96
5,30,65,AdaptiveCuttingAuction,0.05,0.04,10,True,,1000,3600,cats_path_g30b150,True,heuristic,3,False,CATS,150,paths,MultiMinded,1000,MaxIter,2112.820000000007,15.664620999999997,17,1.04116,0.78344400000000003,12.819027999999998,21.013302991202142,4.6724426431429595,10.954256739381304,4,4947,35,192,95
6,30,61,AdaptiveCuttingAuction,0.05,0.04,10,True,,1000,3600,cats_path_g30b150,True,heuristic,3,False,CATS,150,paths,MultiMinded,1000,MaxIter,1079.140000000014,15.723609,18,1.13448,0.79950699999999997,14.126987,22.909279685242051,4.0058914088126398,12.78816388854143,3,4149,27,182,91
7,30,64,AdaptiveCuttingAuction,0.05,0.04,10,True,,1000,3600,cats_path_g30b150,True,heuristic,3,False,CATS,150,paths,MultiMinded,1000,MaxIter,1108.719999999972,16.373429,15,1.20046,0.76909549999999993,12.041594,15.770944843255753,2.8365857218262089,12.010427456272319,3,3074,44,179,94
8,30,72,AdaptiveCuttingAuction,0.05,0.04,10,True,,1000,3600,cats_path_g30b150,True,heuristic,3,False,CATS,150,paths,MultiMinded,1000,MaxIter,2978.4099999999744,16.311622,17,1.24903,0.86937299999999995,14.119389,21.954595648384863,6.1228866352716622,10.116987571369933,3,5980,34,199,102
9,30,60,AdaptiveCuttingAuction,0.05,0.04,10,True,,1000,3600,cats_path_g30b150,True,heuristic,3,False,CATS,150,paths,MultiMinded,1000,MaxIter,1793.8400000000256,14.554215,17,1.25806,0.77530200000000005,12.513245000000001,17.523912096169493,3.4489575382976745,7.9740427738797877,3,4920,35,186,90
10,30,64,AdaptiveCuttingAuction,0.05,0.04,10,True,,1000,3600,cats_path_g30b150,True,heuristic,3,False,CATS,150,paths,MultiMinded,1000,MaxIter,1819.6199999999953,15.764945999999998,17,1.20473,0.77151750000000008,13.831861,21.15187582091874,4.3168095876588657,12.93859465295078,4,4864,37,181,94
11,30,70,AdaptiveCuttingAuction,0.05,0.04,10,True,,1000,3600,cats_path_g30b150,True,heuristic,3,False,CATS,150,paths,MultiMinded,1000,MaxIter,1435.9400000000023,15.460275,18,1.12749,0.83722600000000003,13.424253,21.760277758519376,3.9688997192634536,8.2370985637894805,3,4275,42,199,100
12,30,67,AdaptiveCuttingAuction,0.05,0.04,10,True,,1000,3600,cats_path_g30b150,True,heuristic,3,False,CATS,150,paths,MultiMinded,1000,MaxIter,1156.6200000000536,14.9714,18,1.03711,0.74539299999999997,12.672779999999998,17.250893448132864,2.8996927739169669,12.03455275371552,3,3957,40,183,97
13,30,70,AdaptiveCuttingAuction,0.05,0.04,10,True,,1000,3600,cats_path_g30b150,True,heuristic,3,False,CATS,150,paths,MultiMinded,1000,MaxIter,1745.7700000000186,13.718234000000002,16,1.05702,0.66747699999999999,11.191855,26.079639036515157,2.9959660795350618,8.6028507188559065,4,5321,53,190,100
14,30,57,AdaptiveCuttingAuction,0.05,0.04,10,True,,1000,3600,cats_path_g30b150,True,heuristic,3,False,CATS,150,paths,MultiMinded,1000,MaxIter,1374.679999999993,13.5776358,14,1.27472,0.79768799999999995,10.172418,20.99319719201609,2.5206375862089252,10.283954197522196,4,3937,40,175,87
15,30,76,AdaptiveCuttingAuction,0.05,0.04,10,True,,1000,3600,cats_path_g30b150,True,heuristic,3,False,CATS,150,paths,MultiMinded,1000,MaxIter,2410.5299999999697,19.193505000000002,17,1.29161,1.0414399999999999,16.918468999999998,24.878745449093039,5.0194574285612772,13.036109751911095,3,5625,42,195,106
16,30,55,AdaptiveCuttingAuction,0.05,0.04,10,True,,1000,3600,cats_path_g30b150,True,heuristic,3,False,CATS,150,paths,MultiMinded,1000,MaxIter,1655.6899999999441,17.6371399,17,1.30608,0.92928299999999997,14.694751000000002,27.421068521792296,4.1432964713206601,11.264921030585036,4,4510,27,173,85
17,30,60,AdaptiveCuttingAuction,0.05,0.04,10,True,,1000,3600,cats_path_g30b150,True,heuristic,3,False,CATS,150,paths,MultiMinded,1000,MaxIter,1078.929999999993,17.3437429,16,1.15586,0.84924900000000003,14.035574999999998,27.142665904127607,2.5655847403144536,10.987209290049421,3,4321,38,177,90
18,30,68,AdaptiveCuttingAuction,0.05,0.04,10,True,,1000,3600,cats_path_g30b150,True,heuristic,3,False,CATS,150,paths,MultiMinded,1000,MaxIter,1574.3300000000163,16.532421,17,1.15917,0.79773499999999997,13.207268999999998,22.663471996946051,5.0520287454985029,9.8965358572665849,4,4016,43,196,98
19,30,84,AdaptiveCuttingAuction,0.05,0.04,10,True,,1000,3600,cats_path_g30b150,True,heuristic,3,False,CATS,150,paths,MultiMinded,1000,MaxIter,3043.1300000000047,16.550685,15,1.19703,0.78075050000000001,11.541151,19.097707338904865,3.4001413398844482,9.5608716833972238,3,5294,30,214,114
20,30,57,AdaptiveCuttingAuction,0.05,0.04,10,True,,1000,3600,cats_path_g30b150,True,heuristic,3,False,CATS,150,paths,MultiMinded,1000,MaxIter,1230.2999999999884,11.988608000000001,14,0.830201,0.65249500000000005,8.835805,18.077215136427586,1.570471379659244,9.4107419135874881,3,3992,43,173,87
21,30,76,AdaptiveCuttingAuction,0.05,0.04,10,True,,1000,3600,cats_path_g30b150,True,heuristic,3,False,CATS,150,paths,MultiMinded,1000,MaxIter,1458.9199999999837,16.346269,16,1.16216,0.87333000000000005,13.619121,21.597688202642388,4.9595113884089788,9.786219350013873,3,4712,36,196,106
22,30,62,AdaptiveCuttingAuction,0.05,0.04,10,True,,1000,3600,cats_path_g30b150,True,heuristic,3,False,CATS,150,paths,MultiMinded,1000,MaxIter,1449.2999999999884,11.899390499999999,14,1.11701,0.58296099999999995,8.5482593,13.660599560150471,1.7785234503369995,5.6776068023913062,4,4347,35,184,92
23,30,61,AdaptiveCuttingAuction,0.05,0.04,10,True,,1000,3600,cats_path_g30b150,True,heuristic,3,False,CATS,150,paths,MultiMinded,1000,MaxIter,1288.109999999986,17.460715,15,1.27766,0.872475,12.389957000000003,23.520525068099531,1.9469307679419654,11.038502423632229,3,3967,43,168,91
24,30,72,AdaptiveCuttingAuction,0.05,0.04,10,True,,1000,3600,cats_path_g30b150,True,heuristic,3,False,CATS,150,paths,MultiMinded,1000,MaxIter,1856.7399999999907,16.551633999999996,17,1.24587,0.733267,12.976705,22.659368603817214,4.0282926342322316,9.3301257728803062,3,4829,24,198,102
25,30,66,AdaptiveCuttingAuction,0.05,0.04,10,True,,1000,3600,cats_path_g30b150,True,heuristic,3,False,CATS,150,paths,MultiMinded,1000,MaxIter,2017.6699999999837,15.951057999999998,18,1.21778,0.74724500000000005,12.073736799999999,18.080307990040634,3.4831787847627433,11.765560342209636,4,4689,35,179,96
26,30,71,AdaptiveCuttingAuction,0.05,0.04,10,True,,1000,3600,cats_path_g30b150,True,heuristic,3,False,CATS,150,paths,MultiMinded,1000,MaxIter,1816.6599999999744,18.600379,18,1.35655,1.0506500000000001,15.401181,22.385697833797945,6.6578105960700054,14.705207017465208,3,4261,34,195,101
27,30,65,AdaptiveCuttingAuction,0.05,0.04,10,True,,1000,3600,cats_path_g30b150,True,heuristic,3,False,CATS,150,paths,MultiMinded,1000,MaxIter,1634.6300000000047,15.208365,17,1.24835,0.71721100000000004,10.772953,24.614611621422473,4.9983006923115569,9.0652080509402779,3,4682,33,189,95
28,30,68,AdaptiveCuttingAuction,0.05,0.04,10,True,,1000,3600,cats_path_g30b150,True,heuristic,3,False,CATS,150,paths,MultiMinded,1000,MaxIter,2423.320000000007,14.86174,16,1.33611,1.01847,13.732044,14.687730619207512,2.8994240909585129,6.9310483880458111,3,5716,39,199,98
29,30,58,AdaptiveCuttingAuction,0.05,0.04,10,True,,1000,3600,cats_path_g30b150,True,heuristic,3,False,CATS,150,paths,MultiMinded,1000,MaxIter,1550.6300000000047,11.257909999999999,16,0.8594,0.57639300000000004,9.0616932,14.687544936392026,2.4633143879154034,7.1519284196426609,4,3832,31,179,88
30,30,65,AdaptiveCuttingAuction,0.05,0.04,10,True,,1000,3600,cats_path_g30b150,True,heuristic,3,False,CATS,150,paths,MultiMinded,1000,MaxIter,2032.890000000014,12.752407,13,1.05004,0.71123899999999995,9.895435,16.872870722328472,1.4033266403820903,6.786675135697056,4,4879,27,192,95
31,30,58,AdaptiveCuttingAuction,0.05,0.04,10,True,,1000,3600,cats_path_g30b150,True,heuristic,3,False,CATS,150,paths,MultiMinded,1000,MaxIter,1740.9400000000023,13.4727089,15,1.18366,0.86047800000000008,11.607509999999998,18.887806556372194,1.2544777149407773,7.1298522379292919,4,4932,34,178,88
32,30,79,AdaptiveCuttingAuction,0.05,0.04,10,True,,1000,3600,cats_path_g30b150,True,heuristic,3,False,CATS,150,paths,MultiMinded,1000,MaxIter,2482.2200000000303,17.626487,16,1.11283,0.85035499999999997,13.702497000000001,21.606858879985513,3.5318007614969407,11.225186672960092,3,4980,35,204,109
33,30,66,AdaptiveCuttingAuction,0.05,0.04,10,True,,1000,3600,cats_path_g30b150,True,heuristic,3,False,CATS,150,paths,MultiMinded,1000,MaxIter,1386.899999999965,13.562479100000003,18,1.17658,0.71348500000000004,11.3073191,19.417579789939442,3.681365777113097,10.030058724232692,3,4290,31,182,96
34,30,59,AdaptiveCuttingAuction,0.05,0.04,10,True,,1000,3600,cats_path_g30b150,True,heuristic,3,False,CATS,150,paths,MultiMinded,1000,MaxIter,1598.9000000000233,15.543004,18,1.16304,0.84088200000000002,14.971078,18.061006772826726,6.0496813065519603,11.980561253845263,3,4133,35,171,89
35,30,61,AdaptiveCuttingAuction,0.05,0.04,10,True,,1000,3600,cats_path_g30b150,True,heuristic,3,False,CATS,150,paths,MultiMinded,1000,MaxIter,1440.0599999999977,18.943085999999997,15,1.32614,0.92471499999999995,15.629659,22.761973017321949,3.3144319615496931,12.061325532648137,4,4211,24,178,91
36,30,75,AdaptiveCuttingAuction,0.05,0.04,10,True,,1000,3600,cats_path_g30b150,True,heuristic,3,False,CATS,150,paths,MultiMinded,1000,MaxIter,1009.210000000021,15.257448999999998,18,1.04514,0.73463400000000001,13.537447999999998,24.311398017707219,3.3712617984297562,12.438460809540448,3,5175,34,201,105
37,30,73,AdaptiveCuttingAuction,0.05,0.04,10,True,,1000,3600,cats_path_g30b150,True,heuristic,3,False,CATS,150,paths,MultiMinded,1000,MaxIter,1765.1500000000233,19.314383000000003,18,1.26724,0.81503800000000004,16.370369,25.510362395405224,3.7290662368975345,14.069058038990185,3,4529,44,191,103
38,30,69,AdaptiveCuttingAuction,0.05,0.04,10,True,,1000,3600,cats_path_g30b150,True,heuristic,3,False,CATS,150,paths,MultiMinded,1000,MaxIter,2154.079999999958,17.06102,18,1.26197,0.80889699999999998,13.564543,21.544483387574836,4.0496349343469822,11.581991372742412,3,4835,45,195,99
39,30,64,AdaptiveCuttingAuction,0.05,0.04,10,True,,1000,3600,cats_path_g30b150,True,heuristic,3,False,CATS,150,paths,MultiMinded,1000,MaxIter,978.2600000000093,18.017829999999996,15,1.46956,1.00953,13.813397,36.608279964390924,3.2809817115274389,11.110856730097538,4,4864,47,188,94
40,30,70,AdaptiveCuttingAuction,0.05,0.04,10,True,,1000,3600,cats_path_g30b150,True,heuristic,3,False,CATS,150,paths,MultiMinded,1000,MaxIter,1154.280000000028,16.415451,18,1.33618,0.79276899999999995,14.672387000000002,24.07341213548084,4.5443610510092913,13.698297715571302,3,4411,40,183,100
41,30,62,AdaptiveCuttingAuction,0.05,0.04,10,True,,1000,3600,cats_path_g30b150,True,heuristic,3,False,CATS,150,paths,MultiMinded,1000,MaxIter,1455.5599999999977,15.767216000000001,15,1.27329,0.81440000000000001,11.813943999999998,18.121137603620543,1.1375632925079719,8.2792748326531402,3,3906,37,186,92
42,30,66,AdaptiveCuttingAuction,0.05,0.04,10,True,,1000,3600,cats_path_g30b150,True,heuristic,3,False,CATS,150,paths,MultiMinded,1000,MaxIter,1622.780000000028,14.387081000000002,20,1.10378,0.674543,12.551751000000003,22.075459512294202,4.8886733873610275,11.940174486496527,4,4357,36,183,96
43,30,57,AdaptiveCuttingAuction,0.05,0.04,10,True,,1000,3600,cats_path_g30b150,True,heuristic,3,False,CATS,150,paths,MultiMinded,1000,MaxIter,1404.4400000000023,12.78674,17,1.092,0.74160349999999997,10.627319,16.904794152389819,4.6945881770464011,9.2220069680063972,4,4276,31,175,87
44,30,67,AdaptiveCuttingAuction,0.05,0.04,10,True,,1000,3600,cats_path_g30b150,True,heuristic,3,False,CATS,150,paths,MultiMinded,1000,MaxIter,1118.0900000000256,14.327095000000002,16,1.04382,0.66583400000000004,10.880268,23.788678484865549,1.7391798342237061,10.259306394562589,3,74,28,181,97
45,30,80,AdaptiveCuttingAuction,0.05,0.04,10,True,,1000,3600,cats_path_g30b150,True,heuristic,3,False,CATS,150,paths,MultiMinded,1000,MaxIter,2834.210000000021,13.769805999999999,16,1.20458,0.66948099999999999,11.403934,14.998588405207212,3.8365689495062703,7.6572481415251108,3,5840,17,212,110
46,30,62,AdaptiveCuttingAuction,0.05,0.04,10,True,,1000,3600,cats_path_g30b150,True,heuristic,3,False,CATS,150,paths,MultiMinded,1000,MaxIter,1898.7000000000116,17.982688000000003,14,1.47628,0.89541199999999999,14.461827000000001,20.05311441560093,4.2138974404344891,12.232761398992821,4,4844,41,179,92
47,30,50,AdaptiveCuttingAuction,0.05,0.04,10,True,,1000,3600,cats_path_g30b150,True,heuristic,3,False,CATS,150,paths,MultiMinded,1000,MaxIter,1052.390000000014,14.4709692,16,1.15255,0.87777400000000005,13.306624299999998,15.323853996410547,3.0631413973156425,11.316979596062051,4,3502,34,166,80
48,30,56,AdaptiveCuttingAuction,0.05,0.04,10,True,,1000,3600,cats_path_g30b150,True,heuristic,3,False,CATS,150,paths,MultiMinded,1000,MaxIter,939.5599999999977,19.863466000000003,16,1.39092,0.99550399999999994,16.088233,25.786227128820695,3.9348565127056281,12.906799977658881,3,3921,32,175,86
49,30,59,AdaptiveCuttingAuction,0.05,0.04,10,True,,1000,3600,cats_path_g30b150,True,heuristic,3,False,CATS,150,paths,MultiMinded,1000,MaxIter,989.0599999999977,12.83722,16,1.27931,0.83850000000000002,11.328513999999997,18.40849499600349,3.3017144945537829,5.9933937852076067,4,4012,43,185,89
50,30,72,AdaptiveCuttingAuction,0.05,0.04,10,True,,1000,3600,cats_path_g30b150,True,heuristic,3,False,CATS,150,paths,MultiMinded,1000,MaxIter,2384.0400000000373,14.769329999999997,15,1.31494,0.719059,12.605446999999998,17.398453594759559,2.6471575028460053,8.6838242286418623,3,5257,31,187,102
51,30,72,AdaptiveCuttingAuction,0.05,0.04,10,True,,1000,3600,cats_path_g30b150,True,heuristic,3,False,CATS,150,paths,MultiMinded,1000,MaxIter,2583.5,16.073219,16,1.09244,0.793798,13.014528,22.455775056890712,3.0389720686640325,7.1917096815503001,4,5549,34,201,102
52,30,53,AdaptiveCuttingAuction,0.05,0.04,10,True,,1000,3600,cats_path_g30b150,True,heuristic,3,False,CATS,150,paths,MultiMinded,1000,MaxIter,1840.8499999999767,12.6877335,18,1.34175,0.74289899999999998,11.9648346,15.741990992162137,4.3068690904560478,9.3389495205985504,4,3934,40,179,83
53,30,69,AdaptiveCuttingAuction,0.05,0.04,10,True,,1000,3600,cats_path_g30b150,True,heuristic,3,False,CATS,150,paths,MultiMinded,1000,MaxIter,1855.7300000000396,18.740910999999997,17,1.16684,0.90905150000000001,15.791744999999999,23.569556840677073,5.745281397134721,13.502754766317006,4,4488,36,184,99
54,30,63,AdaptiveCuttingAuction,0.05,0.04,10,True,,1000,3600,cats_path_g30b150,True,heuristic,3,False,CATS,150,paths,MultiMinded,1000,MaxIter,1069.0400000000373,15.541510000000004,16,1.41102,0.83414200000000005,12.468331000000003,22.867163518186299,3.7046650461279511,7.9503145333590339,3,3971,33,178,93
55,30,79,AdaptiveCuttingAuction,0.05,0.04,10,True,,1000,3600,cats_path_g30b150,True,heuristic,3,False,CATS,150,paths,MultiMinded,1000,MaxIter,1173.2300000000396,15.979884000000002,19,1.1263,0.85292049999999997,14.063387,35.024589753401074,4.004426216049926,11.307523012150233,4,74,28,209,109
56,30,75,AdaptiveCuttingAuction,0.05,0.04,10,True,,1000,3600,cats_path_g30b150,True,heuristic,3,False,CATS,150,paths,MultiMinded,1000,MaxIter,1943.9499999999534,18.432461999999994,20,1.25637,0.86360099999999995,16.234567,25.185086497410904,6.7551238000142773,15.599775014691069,3,4953,44,202,105
57,30,69,AdaptiveCuttingAuction,0.05,0.04,10,True,,1000,3600,cats_path_g30b150,True,heuristic,3,False,CATS,150,paths,MultiMinded,1000,MaxIter,2002.5899999999674,21.377306399999995,16,1.41831,1.0310999999999999,18.570852,23.538578355182011,8.0410158464529573,13.99962351004265,3,4625,27,193,99
58,30,55,AdaptiveCuttingAuction,0.05,0.04,10,True,,1000,3600,cats_path_g30b150,True,heuristic,3,False,CATS,150,paths,MultiMinded,1000,MaxIter,1354.4899999999907,12.959700999999999,16,1.39908,0.69830300000000001,10.249878,14.102066838902585,1.6231884790747508,6.2335147250573684,3,3910,46,172,85
59,30,62,AdaptiveCuttingAuction,0.05,0.04,10,True,,1000,3600,cats_path_g30b150,True,heuristic,3,False,CATS,150,paths,MultiMinded,1000,MaxIter,1957.9199999999837,11.245693,14,0.937523,0.59201349999999997,8.186468000000001,12.177227985160131,2.5061278635810873,8.4984293485384068,3,4340,38,174,92
60,30,62,AdaptiveCuttingAuction,0.05,0.04,10,True,,1000,3600,cats_path_g30b150,True,heuristic,3,False,CATS,150,paths,MultiMinded,1000,MaxIter,1865.7200000000303,16.295090999999996,16,1.36668,0.91428500000000001,14.382672999999999,21.104039307068028,4.0661854039243144,10.181779698427256,3,4403,24,191,92
61,30,65,AdaptiveCuttingAuction,0.05,0.04,10,True,,1000,3600,cats_path_g30b150,True,heuristic,3,False,CATS,150,paths,MultiMinded,1000,MaxIter,1082.4099999999744,12.734226999999999,16,1.10066,0.73527699999999996,11.432232999999998,18.517904351342299,2.2328645920996304,9.3495021600547297,4,3641,21,183,95
62,30,74,AdaptiveCuttingAuction,0.05,0.04,10,True,,1000,3600,cats_path_g30b150,True,heuristic,3,False,CATS,150,paths,MultiMinded,1000,MaxIter,2021.75,15.189660000000002,17,1.07901,0.72534500000000002,11.203329,18.501740090146775,3.1568074538620992,9.7933130472620675,3,4890,26,201,104
63,30,57,AdaptiveCuttingAuction,0.05,0.04,10,True,,1000,3600,cats_path_g30b150,True,heuristic,3,False,CATS,150,paths,MultiMinded,1000,MaxIter,989.570000000007,15.812223,16,1.17468,0.85123000000000004,14.171724,20.133691251117263,2.8608976983601369,10.428723363672436,4,4161,33,179,87
64,30,65,AdaptiveCuttingAuction,0.05,0.04,10,True,,1000,3600,cats_path_g30b150,True,heuristic,3,False,CATS,150,paths,MultiMinded,1000,MaxIter,1393.390000000014,14.256674000000002,14,1.1464,0.76940900000000001,11.290249000000001,16.779610223806653,2.3191092565891602,4.2579343728632395,4,5657,29,190,95
65,30,75,AdaptiveCuttingAuction,0.05,0.04,10,True,,1000,3600,cats_path_g30b150,True,heuristic,3,False,CATS,150,paths,MultiMinded,1000,MaxIter,1225.460000000021,14.689584000000002,16,1.20503,0.79890700000000003,12.366572,27.252289678707275,6.1755024753439169,10.782895433973353,3,5176,47,195,105
66,30,64,AdaptiveCuttingAuction,0.05,0.04,10,True,,1000,3600,cats_path_g30b150,True,heuristic,3,False,CATS,150,paths,MultiMinded,1000,MaxIter,1885.2999999999884,15.318505000000002,14,1.13026,0.77133499999999999,11.306606000000002,20.04098411247465,4.4705853766344115,6.7986155420585046,3,4288,50,195,94
67,30,65,AdaptiveCuttingAuction,0.05,0.04,10,True,,1000,3600,cats_path_g30b150,True,heuristic,3,False,CATS,150,paths,MultiMinded,1000,MaxIter,2072.3399999999674,17.19162,15,1.36208,0.868533,14.142911,20.190826500919854,4.5673697340872783,11.30654967050971,4,5070,47,186,95
68,30,62,AdaptiveCuttingAuction,0.05,0.04,10,True,,1000,3600,cats_path_g30b150,True,heuristic,3,False,CATS,150,paths,MultiMinded,1000,MaxIter,934.609999999986,16.58045,17,1.1806,0.75433449999999991,13.785104999999998,15.087680123397861,2.9640071428141832,12.73962417511407,3,3844,31,174,92
69,30,69,AdaptiveCuttingAuction,0.05,0.04,10,True,,1000,3600,cats_path_g30b150,True,heuristic,3,False,CATS,150,paths,MultiMinded,1000,MaxIter,1757.2600000000093,16.94247,18,1.39982,0.781829,14.669907,23.807991084034889,5.040630783423083,11.473351589562014,4,5246,40,192,99
70,30,69,AdaptiveCuttingAuction,0.05,0.04,10,True,,1000,3600,cats_path_g30b150,True,heuristic,3,False,CATS,150,paths,MultiMinded,1000,MaxIter,1553.8899999999558,15.6214981,15,1.25374,0.86018899999999998,11.002316,21.942000319567811,2.3326407190965037,7.5734733997849082,3,4764,33,193,99
71,30,72,AdaptiveCuttingAuction,0.05,0.04,10,True,,1000,3600,cats_path_g30b150,True,heuristic,3,False,CATS,150,paths,MultiMinded,1000,MaxIter,1976.9400000000023,18.0902305,17,1.22443,0.96304999999999996,15.240095000000004,33.987009732507474,7.1350470631294494,14.599507044055972,3,5761,40,201,102
72,30,71,AdaptiveCuttingAuction,0.05,0.04,10,True,,1000,3600,cats_path_g30b150,True,heuristic,3,False,CATS,150,paths,MultiMinded,1000,MaxIter,1894.3499999999767,14.262129000000002,20,1.12549,0.60241199999999995,13.209173000000003,19.194614367549242,3.5129715232993575,11.891025315711879,4,5112,32,192,101
73,30,61,AdaptiveCuttingAuction,0.05,0.04,10,True,,1000,3600,cats_path_g30b150,True,heuristic,3,False,CATS,150,paths,MultiMinded,1000,MaxIter,1466.490000000049,16.416352,13,1.29762,0.90387399999999996,12.457168000000001,16.733755493358565,2.9695874606628703,9.3882383769548454,3,3972,23,187,91
74,30,65,AdaptiveCuttingAuction,0.05,0.04,10,True,,1000,3600,cats_path_g30b150,True,heuristic,3,False,CATS,150,paths,MultiMinded,1000,MaxIter,1861.2600000000093,10.025623,20,0.812177,0.53816299999999995,9.440474,17.212660928733492,3.8428046223834977,7.2401878643461917,3,5011,44,188,95
75,30,69,AdaptiveCuttingAuction,0.05,0.04,10,True,,1000,3600,cats_path_g30b150,True,heuristic,3,False,CATS,150,paths,MultiMinded,1000,MaxIter,1963.850000000035,15.321485,19,1.30411,0.789794,13.133802999999999,24.12515003237781,4.9502110243321624,11.224105333211085,3,4835,33,194,99
76,30,66,AdaptiveCuttingAuction,0.05,0.04,10,True,,1000,3600,cats_path_g30b150,True,heuristic,3,False,CATS,150,paths,MultiMinded,1000,MaxIter,1429.5999999999767,17.565949,18,1.39796,0.82384800000000002,15.025462999999998,21.539544673710861,4.0768475544438338,12.934405261505491,4,4357,35,183,96
77,30,71,AdaptiveCuttingAuction,0.05,0.04,10,True,,1000,3600,cats_path_g30b150,True,heuristic,3,False,CATS,150,paths,MultiMinded,1000,MaxIter,1762.9300000000512,17.445843,15,1.28117,0.83980299999999997,12.355257,25.341744831465135,2.4309326447639013,12.230502859785862,3,4760,30,193,101
78,30,77,AdaptiveCuttingAuction,0.05,0.04,10,True,,1000,3600,cats_path_g30b150,True,heuristic,3,False,CATS,150,paths,MultiMinded,1000,MaxIter,2079.0499999999884,17.835809,17,1.27923,0.84794999999999998,13.275579999999996,29.247460319971836,5.1435458194197592,10.182652440076518,3,5545,38,205,107
79,30,71,AdaptiveCuttingAuction,0.05,0.04,10,True,,1000,3600,cats_path_g30b150,True,heuristic,3,False,CATS,150,paths,MultiMinded,1000,MaxIter,2172.5500000000466,15.251795000000001,16,1.08004,0.77857100000000001,12.364046000000002,20.704609641648393,1.7547846057827405,11.230773675985548,3,5325,43,197,101
80,30,67,AdaptiveCuttingAuction,0.05,0.04,10,True,,1000,3600,cats_path_g30b150,True,heuristic,3,False,CATS,150,paths,MultiMinded,1000,MaxIter,1937.25,21.216326000000002,19,1.34186,1.05186,18.817813,23.605053642520609,6.9366144450852723,12.737773134520182,3,4154,39,188,97
81,30,68,AdaptiveCuttingAuction,0.05,0.04,10,True,,1000,3600,cats_path_g30b150,True,heuristic,3,False,CATS,150,paths,MultiMinded,1000,MaxIter,1507.0599999999977,14.454433000000002,14,1.14794,0.83136399999999999,9.974121,18.628556312749378,1.7170588360078201,9.5144532180314467,4,4556,43,184,98
82,30,64,AdaptiveCuttingAuction,0.05,0.04,10,True,,1000,3600,cats_path_g30b150,True,heuristic,3,False,CATS,150,paths,MultiMinded,1000,MaxIter,1061.2700000000186,14.456647999999998,18,1.03149,0.62555099999999997,11.634982,23.838641205673994,2.7816391643730127,9.4856112606351779,4,4160,37,184,94
83,30,64,AdaptiveCuttingAuction,0.05,0.04,10,True,,1000,3600,cats_path_g30b150,True,heuristic,3,False,CATS,150,paths,MultiMinded,1000,MaxIter,1287.8499999999767,15.243575000000002,17,1.11077,0.82948200000000005,11.787374000000002,22.029203858152119,2.8313642038787568,9.8278863230663198,3,3969,43,180,94
84,30,55,AdaptiveCuttingAuction,0.05,0.04,10,True,,1000,3600,cats_path_g30b150,True,heuristic,3,False,CATS,150,paths,MultiMinded,1000,MaxIter,1215.320000000007,10.829593,16,1.04035,0.60557799999999995,9.780178999999999,11.829719731739953,3.6720969115895095,8.0318849503720315,4,3303,42,170,85
85,30,70,AdaptiveCuttingAuction,0.05,0.04,10,True,,1000,3600,cats_path_g30b150,True,heuristic,3,False,CATS,150,paths,MultiMinded,1000,MaxIter,902.0800000000163,17.838826,16,1.20482,0.99917599999999995,16.598959999999998,28.899603174875473,4.2576808341480925,10.510857769513684,4,79,31,194,100
86,30,63,AdaptiveCuttingAuction,0.05,0.04,10,True,,1000,3600,cats_path_g30b150,True,heuristic,3,False,CATS,150,paths,MultiMinded,1000,MaxIter,2024.9400000000023,14.348480000000002,12,1.12303,0.66461599999999998,10.361549999999998,15.593744687314995,1.8868062895692859,5.8016325467398957,3,5232,40,190,93
87,30,64,AdaptiveCuttingAuction,0.05,0.04,10,True,,1000,3600,cats_path_g30b150,True,heuristic,3,False,CATS,150,paths,MultiMinded,1000,MaxIter,1672.5499999999884,15.876268000000007,15,1.16618,0.92069400000000001,12.802933000000001,24.437014923667586,4.5130509680930029,8.6755177930975904,3,4800,32,186,94
88,30,76,AdaptiveCuttingAuction,0.05,0.04,10,True,,1000,3600,cats_path_g30b150,True,heuristic,3,False,CATS,150,paths,MultiMinded,1000,MaxIter,1662.9099999999744,20.508544000000004,18,1.50963,0.97545999999999999,17.901927000000004,25.012069011989297,5.2045168807203881,16.889781806587592,4,4715,43,199,106
89,30,72,AdaptiveCuttingAuction,0.05,0.04,10,True,,1000,3600,cats_path_g30b150,True,heuristic,3,False,CATS,150,paths,MultiMinded,1000,MaxIter,2217.6500000000233,16.188547,16,1.37467,0.81535500000000005,13.578307000000002,19.143072174689578,1.7657672116264318,6.9354846210537584,3,5112,38,194,102
90,30,54,AdaptiveCuttingAuction,0.05,0.04,10,True,,1000,3600,cats_path_g30b150,True,heuristic,3,False,CATS,150,paths,MultiMinded,1000,MaxIter,1446.6199999999953,12.251615099999999,13,0.821456,0.64283100000000004,8.333717,16.2220347801223,1.2426356093660589,7.2082336979827941,3,3727,22,172,84
91,30,66,AdaptiveCuttingAuction,0.05,0.04,10,True,,1000,3600,cats_path_g30b150,True,heuristic,3,False,CATS,150,paths,MultiMinded,1000,MaxIter,1307.0499999999884,13.249561,15,1.08687,0.77222100000000005,9.542864999999999,16.407047093949188,3.4633747676860653,6.9531822758778397,4,4620,30,187,96
92,30,57,AdaptiveCuttingAuction,0.05,0.04,10,True,,1000,3600,cats_path_g30b150,True,heuristic,3,False,CATS,150,paths,MultiMinded,1000,MaxIter,1344.5900000000256,12.038590999999998,13,0.968649,0.65237100000000003,9.048862,17.342055041214088,2.7584399563766859,5.8335341148039683,3,4163,29,173,87
93,30,62,AdaptiveCuttingAuction,0.05,0.04,10,True,,1000,3600,cats_path_g30b150,True,heuristic,3,False,CATS,150,paths,MultiMinded,1000,MaxIter,1274.350000000035,16.059345,15,1.15822,0.86252099999999998,12.021152,24.489059548998728,2.5044386052004821,8.2085954190441903,3,4837,26,174,92
94,30,68,AdaptiveCuttingAuction,0.05,0.04,10,True,,1000,3600,cats_path_g30b150,True,heuristic,3,False,CATS,150,paths,MultiMinded,1000,MaxIter,1714.4400000000023,17.743863,16,1.39576,0.98003499999999999,15.518155999999998,25.037219481664454,5.0859938266872842,11.925079642941485,3,4965,32,195,98
95,30,64,AdaptiveCuttingAuction,0.05,0.04,10,True,,1000,3600,cats_path_g30b150,True,heuristic,3,False,CATS,150,paths,MultiMinded,1000,MaxIter,1792.4199999999837,15.467591,20,0.907099,0.58233449999999998,13.328771999999997,18.26013581748651,4.1157297433718112,11.031564390692846,3,3650,22,175,94
96,30,57,AdaptiveCuttingAuction,0.05,0.04,10,True,,1000,3600,cats_path_g30b150,True,heuristic,3,False,CATS,150,paths,MultiMinded,1000,MaxIter,937.710000000021,9.8668957,12,1.02137,0.65189799999999998,8.150766,13.493600142697357,2.2125709330817731,3.7674742775579877,4,3934,29,164,87
97,30,55,AdaptiveCuttingAuction,0.05,0.04,10,True,,1000,3600,cats_path_g30b150,True,heuristic,3,False,CATS,150,paths,MultiMinded,1000,MaxIter,1592.4199999999837,12.714137000000001,15,1.1671,0.73047649999999997,10.040180999999999,18.619540477818116,2.1280959203900509,4.9674229561935945,4,4403,41,176,85
98,30,61,AdaptiveCuttingAuction,0.05,0.04,10,True,,1000,3600,cats_path_g30b150,True,heuristic,3,False,CATS,150,paths,MultiMinded,1000,MaxIter,1258.6900000000023,17.221063000000004,18,1.28051,0.90821799999999997,15.668365999999999,24.940466430678288,6.4217829316097852,11.995235574532874,3,3782,40,176,91
99,30,71,AdaptiveCuttingAuction,0.05,0.04,10,True,,1000,3600,cats_path_g30b150,True,heuristic,3,False,CATS,150,paths,MultiMinded,1000,MaxIter,1930.5599999999977,16.835101,16,1.27222,0.965194,13.213858,27.404368683792605,4.3564259390680657,13.129247444020406,3,5046,28,191,101
100,30,69,AdaptiveCuttingAuction,0.05,0.04,10,True,,1000,3600,cats_path_g30b150,True,heuristic,3,False,CATS,150,paths,MultiMinded,1000,MaxIter,1167.3400000000256,11.185935,17,0.872955,0.55562999999999996,8.867121000000001,11.646972411272143,4.6444714465277919,7.9286212718295959,3,4210,23,188,99
