idx,items,agents,auction_class,epsilon,stepc,epoch,scalebyvalue,reserve_type,maxiter,maxtime,generator_param_name,personalized,bidding_strategy,heuristic_pool_num,int_prices,generator,bids,distribution,type,rounds,status,runtime,efficient_value,final_num_winners,final_max_agent_value,final_scalevalue,final_value,final_total_price,final_revenue,final_indirect_util,final_price_degree,final_price_sparsity,final_imbalance,final_wd_nvars,final_wd_ncons
1,30,67,AdaptiveCuttingAuction,0.05,0.02,10,True,,1000,3600,cats_path_g30b150,True,heuristic,2,False,CATS,150,paths,MultiMinded,1000,MaxIter,1052.4800000000396,15.606157999999997,17,1.23481,0.870313,13.819382999999998,13.909790087059093,5.5669690508470904,12.247140081461957,3,3622,30,170,97
2,30,63,AdaptiveCuttingAuction,0.05,0.02,10,True,,1000,3600,cats_path_g30b150,True,heuristic,2,False,CATS,150,paths,MultiMinded,1000,MaxIter,1011.359999999986,14.094153000000002,18,1.04283,0.78301449999999995,11.751551000000003,15.428399835050532,2.6949405979291639,9.5219189084699991,4,3344,32,160,93
3,30,69,AdaptiveCuttingAuction,0.05,0.02,10,True,,1000,3600,cats_path_g30b150,True,heuristic,2,False,CATS,150,paths,MultiMinded,1000,MaxIter,1370.5999999999767,19.941755999999998,19,1.33809,0.95683499999999999,17.775536000000002,19.952470226433288,7.0299644927835736,14.26053794118323,4,4494,42,181,99
4,30,66,AdaptiveCuttingAuction,0.05,0.02,10,True,,1000,3600,cats_path_g30b150,True,heuristic,2,False,CATS,150,paths,MultiMinded,1000,MaxIter,1877.4499999999534,14.118885,18,0.998367,0.78126600000000002,12.695597000000001,14.275338816219307,3.6096054457303666,8.7400122580375594,3,4297,32,171,96
5,30,65,AdaptiveCuttingAuction,0.05,0.02,10,True,,1000,3600,cats_path_g30b150,True,heuristic,2,False,CATS,150,paths,MultiMinded,1000,MaxIter,1442.2000000000116,15.664620999999997,20,1.04116,0.78344400000000003,13.791194999999998,14.879610055951792,5.5573395229216471,11.08189824870639,4,4748,11,177,95
6,30,61,AdaptiveCuttingAuction,0.05,0.02,10,True,,1000,3600,cats_path_g30b150,True,heuristic,2,False,CATS,150,paths,MultiMinded,1000,MaxIter,1047.9899999999907,15.723609,19,1.13448,0.79950699999999997,14.789534999999997,14.765134725572974,6.689254296955391,15.401147638910015,3,3661,37,162,91
7,30,64,AdaptiveCuttingAuction,0.05,0.02,10,True,,1000,3600,cats_path_g30b150,True,heuristic,2,False,CATS,150,paths,MultiMinded,1000,MaxIter,1327.530000000028,16.373429,17,1.20046,0.76909549999999993,12.915870000000002,12.731298147325827,3.4311360038996646,11.580126562410056,3,3267,34,168,94
8,30,72,AdaptiveCuttingAuction,0.05,0.02,10,True,,1000,3600,cats_path_g30b150,True,heuristic,2,False,CATS,150,paths,MultiMinded,1000,MaxIter,2135.570000000007,16.311622,18,1.24903,0.86937299999999995,15.285388000000003,16.578350233248084,6.4163210942621474,10.574053924497818,3,5041,34,187,102
9,30,60,AdaptiveCuttingAuction,0.05,0.02,10,True,,1000,3600,cats_path_g30b150,True,heuristic,2,False,CATS,150,paths,MultiMinded,1000,MaxIter,1268.0800000000163,14.554215,18,1.25806,0.77530200000000005,12.712264,13.572574385653589,6.0747342991292594,11.058617734616824,3,4260,33,175,90
10,30,64,AdaptiveCuttingAuction,0.05,0.02,10,True,,1000,3600,cats_path_g30b150,True,heuristic,2,False,CATS,150,paths,MultiMinded,1000,MaxIter,1742.4000000000233,15.764945999999998,19,1.20473,0.77151750000000008,14.847878999999999,14.224796113115751,3.7229720318415227,11.853042059638774,3,4421,38,167,94
11,30,70,AdaptiveCuttingAuction,0.05,0.02,10,True,,1000,3600,cats_path_g30b150,True,heuristic,2,False,CATS,150,paths,MultiMinded,1000,MaxIter,1491.070000000007,15.460275,17,1.12749,0.83722600000000003,12.788999999999998,15.146193164094374,5.7836979189712876,10.220900393129458,3,4200,38,182,100
12,30,67,AdaptiveCuttingAuction,0.05,0.02,10,True,,1000,3600,cats_path_g30b150,True,heuristic,2,False,CATS,150,paths,MultiMinded,1000,MaxIter,1114.2999999999884,14.9714,20,1.03711,0.74539299999999997,13.924842,12.636634824570951,5.4335857942203107,13.468280001006363,3,3819,29,172,97
13,30,70,AdaptiveCuttingAuction,0.05,0.02,10,True,,1000,3600,cats_path_g30b150,True,heuristic,2,False,CATS,150,paths,MultiMinded,1000,MaxIter,1848.5599999999977,13.718234000000002,18,1.05702,0.66747699999999999,12.337769999999999,16.231603432986763,6.2504679756609454,10.417899177340061,4,4970,36,182,100
14,30,57,AdaptiveCuttingAuction,0.05,0.02,10,True,,1000,3600,cats_path_g30b150,True,heuristic,2,False,CATS,150,paths,MultiMinded,1000,MaxIter,1008.3700000000536,13.5776358,17,1.27472,0.79768799999999995,12.573671000000001,11.882365963066384,5.0752137714992438,12.872190890813838,3,2968,29,156,87
15,30,76,AdaptiveCuttingAuction,0.05,0.02,10,True,,1000,3600,cats_path_g30b150,True,heuristic,2,False,CATS,150,paths,MultiMinded,1000,MaxIter,1781.6999999999534,19.193505000000002,19,1.29161,1.0414399999999999,17.770244,18.37487279106427,5.1510021172354037,13.17785640369409,3,5018,24,182,106
16,30,55,AdaptiveCuttingAuction,0.05,0.02,10,True,,1000,3600,cats_path_g30b150,True,heuristic,2,False,CATS,150,paths,MultiMinded,1000,MaxIter,1333.8699999999953,17.6371399,16,1.30608,0.92928299999999997,13.591056,16.807710156202543,4.8885346575749633,11.083488184488322,3,4071,38,162,85
17,30,60,AdaptiveCuttingAuction,0.05,0.02,10,True,,1000,3600,cats_path_g30b150,True,heuristic,2,False,CATS,150,paths,MultiMinded,1000,MaxIter,1500.2700000000186,17.3437429,18,1.15586,0.84924900000000003,16.002332999999997,16.903510563886275,4.8918960761503705,13.982309137051427,3,3785,35,157,90
18,30,68,AdaptiveCuttingAuction,0.05,0.02,10,True,,1000,3600,cats_path_g30b150,True,heuristic,2,False,CATS,150,paths,MultiMinded,1000,MaxIter,1264.4400000000023,16.532421,19,1.15917,0.79773499999999997,14.741982000000004,16.137185076155227,4.1115862043204476,10.173400179743762,3,3605,41,177,98
19,30,84,AdaptiveCuttingAuction,0.05,0.02,10,True,,1000,3600,cats_path_g30b150,True,heuristic,2,False,CATS,150,paths,MultiMinded,1000,MaxIter,2071.7000000000116,16.550685,18,1.19703,0.78075050000000001,14.03349,15.102218449814035,5.9261133836515674,11.951289717980075,3,4374,20,200,114
20,30,57,AdaptiveCuttingAuction,0.05,0.02,10,True,,1000,3600,cats_path_g30b150,True,heuristic,2,False,CATS,150,paths,MultiMinded,1000,MaxIter,1186.7700000000186,11.988608000000001,18,0.830201,0.65249500000000005,11.339497999999999,11.047096927032616,3.2774060235758937,10.271944686266139,3,4107,33,167,87
21,30,76,AdaptiveCuttingAuction,0.05,0.02,10,True,,1000,3600,cats_path_g30b150,True,heuristic,2,False,CATS,150,paths,MultiMinded,1000,MaxIter,1739.8400000000256,16.346269,19,1.16216,0.87333000000000005,13.923792999999998,15.125114769281959,7.1342297639107448,12.882449336660645,4,4419,29,184,106
22,30,62,AdaptiveCuttingAuction,0.05,0.02,10,True,,1000,3600,cats_path_g30b150,True,heuristic,2,False,CATS,150,paths,MultiMinded,1000,MaxIter,1517.5499999999884,11.899390499999999,16,1.11701,0.58296099999999995,10.425377000000001,10.792524531975463,3.9424686460893796,7.490313952322877,3,4096,27,174,92
23,30,61,AdaptiveCuttingAuction,0.05,0.02,10,True,,1000,3600,cats_path_g30b150,True,heuristic,2,False,CATS,150,paths,MultiMinded,1000,MaxIter,1275.1500000000233,17.460715,18,1.27766,0.872475,15.55413,15.76929600303658,4.9303675021970275,14.354274098186092,3,3844,32,168,91
24,30,72,AdaptiveCuttingAuction,0.05,0.02,10,True,,1000,3600,cats_path_g30b150,True,heuristic,2,False,CATS,150,paths,MultiMinded,1000,MaxIter,1630.9099999999744,16.551633999999996,19,1.24587,0.733267,14.661122000000002,16.98419405705236,4.6627399132291858,11.384473597169885,3,3745,29,177,102
25,30,66,AdaptiveCuttingAuction,0.05,0.02,10,True,,1000,3600,cats_path_g30b150,True,heuristic,2,False,CATS,150,paths,MultiMinded,1000,MaxIter,1705.0200000000186,15.951057999999998,17,1.21778,0.74724500000000005,13.210713,13.340184645533295,3.7073040888605675,11.941342906903172,4,4688,29,178,96
26,30,71,AdaptiveCuttingAuction,0.05,0.02,10,True,,1000,3600,cats_path_g30b150,True,heuristic,2,False,CATS,150,paths,MultiMinded,1000,MaxIter,1433.75,18.600379,18,1.35655,1.0506500000000001,15.191036,17.342535655797562,5.5678970540165906,12.02197233346811,3,3838,16,180,101
27,30,65,AdaptiveCuttingAuction,0.05,0.02,10,True,,1000,3600,cats_path_g30b150,True,heuristic,2,False,CATS,150,paths,MultiMinded,1000,MaxIter,1200.710000000021,15.208365,18,1.24835,0.71721100000000004,12.471097999999998,16.05422368978854,5.3265245078718113,8.931362579847665,3,3900,23,177,95
28,30,68,AdaptiveCuttingAuction,0.05,0.02,10,True,,1000,3600,cats_path_g30b150,True,heuristic,2,False,CATS,150,paths,MultiMinded,1000,MaxIter,1590.4899999999907,14.86174,18,1.33611,1.01847,14.271479999999999,13.011823804602445,5.8285034701483553,11.382967301102227,4,4831,36,189,98
29,30,58,AdaptiveCuttingAuction,0.05,0.02,10,True,,1000,3600,cats_path_g30b150,True,heuristic,2,False,CATS,150,paths,MultiMinded,1000,MaxIter,1449.0199999999604,11.257909999999999,17,0.8594,0.57639300000000004,9.920076,10.132173478169333,3.1896567629824233,7.0395346945311976,4,4119,23,162,88
30,30,65,AdaptiveCuttingAuction,0.05,0.02,10,True,,1000,3600,cats_path_g30b150,True,heuristic,2,False,CATS,150,paths,MultiMinded,1000,MaxIter,1496.2399999999907,12.752407,17,1.05004,0.71123899999999995,11.432766,11.131793604157936,3.5032906413098632,9.6537652432269638,3,4229,17,177,95
31,30,58,AdaptiveCuttingAuction,0.05,0.02,10,True,,1000,3600,cats_path_g30b150,True,heuristic,2,False,CATS,150,paths,MultiMinded,1000,MaxIter,1331.2200000000303,13.4727089,15,1.18366,0.86047800000000008,11.336585,13.071591271357716,2.1236150559731342,7.9516504201754454,4,4297,19,165,88
32,30,79,AdaptiveCuttingAuction,0.05,0.02,10,True,,1000,3600,cats_path_g30b150,True,heuristic,2,False,CATS,150,paths,MultiMinded,1000,MaxIter,2008.5,17.626487,18,1.11283,0.85035499999999997,15.457011999999999,16.476197202575687,6.217751082638844,13.047156213113883,3,5137,17,192,109
33,30,66,AdaptiveCuttingAuction,0.05,0.02,10,True,,1000,3600,cats_path_g30b150,True,heuristic,2,False,CATS,150,paths,MultiMinded,1000,MaxIter,1045.1199999999953,13.562479100000003,17,1.17658,0.71348500000000004,11.973646,12.839403753355052,3.4983810093272143,10.10815364669214,3,3632,17,171,96
34,30,59,AdaptiveCuttingAuction,0.05,0.02,10,True,,1000,3600,cats_path_g30b150,True,heuristic,2,False,CATS,150,paths,MultiMinded,1000,MaxIter,1484.280000000028,15.543004,16,1.16304,0.84088200000000002,13.308934000000002,13.14120442527763,7.7634253435093976,12.994410420173697,3,3662,29,163,89
35,30,61,AdaptiveCuttingAuction,0.05,0.02,10,True,,1000,3600,cats_path_g30b150,True,heuristic,2,False,CATS,150,paths,MultiMinded,1000,MaxIter,1064.9599999999627,18.943085999999997,18,1.32614,0.92471499999999995,17.525184,14.245936081788136,4.6082634276273229,16.083686423915886,3,3054,27,163,91
36,30,75,AdaptiveCuttingAuction,0.05,0.02,10,True,,1000,3600,cats_path_g30b150,True,heuristic,2,False,CATS,150,paths,MultiMinded,1000,MaxIter,1491.3899999999558,15.257448999999998,20,1.04514,0.73463400000000001,13.972728,15.65785722447264,4.8368119846697839,12.208816096180669,3,5025,16,189,105
37,30,73,AdaptiveCuttingAuction,0.05,0.02,10,True,,1000,3600,cats_path_g30b150,True,heuristic,2,False,CATS,150,paths,MultiMinded,1000,MaxIter,1117.4300000000512,19.314383000000003,22,1.26724,0.81503800000000004,17.367611999999998,20.82384949380878,6.5038992429447076,16.046967944435664,3,4600,18,181,103
38,30,69,AdaptiveCuttingAuction,0.05,0.02,10,True,,1000,3600,cats_path_g30b150,True,heuristic,2,False,CATS,150,paths,MultiMinded,1000,MaxIter,1872.0,17.06102,21,1.26197,0.80889699999999998,16.088655,14.581944548100353,5.5217234041790846,13.944895701653719,3,4007,22,179,99
39,30,64,AdaptiveCuttingAuction,0.05,0.02,10,True,,1000,3600,cats_path_g30b150,True,heuristic,2,False,CATS,150,paths,MultiMinded,1000,MaxIter,1258.2299999999814,18.017829999999996,17,1.46956,1.00953,15.0324159,19.792177050525972,5.3304262450725783,13.164876061838292,3,4291,12,178,94
40,30,70,AdaptiveCuttingAuction,0.05,0.02,10,True,,1000,3600,cats_path_g30b150,True,heuristic,2,False,CATS,150,paths,MultiMinded,1000,MaxIter,1303.7900000000373,16.415451,19,1.33618,0.79276899999999995,14.892799000000002,16.92834891104118,5.3618292245894352,14.311679828629563,3,4200,33,182,100
41,30,62,AdaptiveCuttingAuction,0.05,0.02,10,True,,1000,3600,cats_path_g30b150,True,heuristic,2,False,CATS,150,paths,MultiMinded,1000,MaxIter,1353.2399999999907,15.767216000000001,17,1.27329,0.81440000000000001,12.615580999999997,13.55438139062532,3.7162821432791593,11.166624788271882,3,3722,22,172,92
42,30,66,AdaptiveCuttingAuction,0.05,0.02,10,True,,1000,3600,cats_path_g30b150,True,heuristic,2,False,CATS,150,paths,MultiMinded,1000,MaxIter,1485.3099999999977,14.387081000000002,20,1.10378,0.674543,12.740613000000003,13.029050878496879,5.2021568941195566,12.544155564387541,3,3896,25,173,96
43,30,57,AdaptiveCuttingAuction,0.05,0.02,10,True,,1000,3600,cats_path_g30b150,True,heuristic,2,False,CATS,150,paths,MultiMinded,1000,MaxIter,1198.7900000000373,12.78674,19,1.092,0.74160349999999997,11.734631,11.483205914455674,5.2337025070032084,9.4666140676376074,4,3648,19,164,87
44,30,67,AdaptiveCuttingAuction,0.05,0.02,10,True,,1000,3600,cats_path_g30b150,True,heuristic,2,False,CATS,150,paths,MultiMinded,1000,MaxIter,1605.3399999999674,14.327095000000002,18,1.04382,0.66583400000000004,11.896934999999997,11.8062573977117,3.7088915581680619,12.44085825255114,3,3961,30,168,97
45,30,80,AdaptiveCuttingAuction,0.05,0.02,10,True,,1000,3600,cats_path_g30b150,True,heuristic,2,False,CATS,150,paths,MultiMinded,1000,MaxIter,2668.4400000000023,13.769805999999999,16,1.20458,0.66948099999999999,10.769728,12.046757429619037,3.7713662591474346,8.5122481571985453,3,5046,16,196,110
46,30,62,AdaptiveCuttingAuction,0.05,0.02,10,True,,1000,3600,cats_path_g30b150,True,heuristic,2,False,CATS,150,paths,MultiMinded,1000,MaxIter,1427.0800000000163,17.982688000000003,17,1.47628,0.89541199999999999,14.807648,15.623282221170191,3.8804082151753811,11.987221475779394,3,4652,35,171,92
47,30,50,AdaptiveCuttingAuction,0.05,0.02,10,True,,1000,3600,cats_path_g30b150,True,heuristic,2,False,CATS,150,paths,MultiMinded,1000,MaxIter,1018.8300000000163,14.4709692,17,1.15255,0.87777400000000005,13.972330999999999,10.542116976703904,3.0165777473615023,11.963542011053546,3,3252,22,156,80
48,30,56,AdaptiveCuttingAuction,0.05,0.02,10,True,,1000,3600,cats_path_g30b150,True,heuristic,2,False,CATS,150,paths,MultiMinded,1000,MaxIter,886.4799999999814,19.863466000000003,17,1.39092,0.99550399999999994,17.352351,19.07238169775345,6.3360543129020339,14.094416206215669,3,3809,23,155,86
49,30,59,AdaptiveCuttingAuction,0.05,0.02,10,True,,1000,3600,cats_path_g30b150,True,heuristic,2,False,CATS,150,paths,MultiMinded,1000,MaxIter,1486.8399999999674,12.83722,15,1.27931,0.83850000000000002,11.546576,13.526416430623064,3.55275697837468,6.5791702953152633,4,4017,34,171,89
50,30,72,AdaptiveCuttingAuction,0.05,0.02,10,True,,1000,3600,cats_path_g30b150,True,heuristic,2,False,CATS,150,paths,MultiMinded,1000,MaxIter,2620.859999999986,14.769329999999997,17,1.31494,0.719059,13.458266999999998,12.64972104249695,5.8656667966537439,11.93695840951875,3,5113,34,182,102
51,30,72,AdaptiveCuttingAuction,0.05,0.02,10,True,,1000,3600,cats_path_g30b150,True,heuristic,2,False,CATS,150,paths,MultiMinded,1000,MaxIter,1777.6699999999837,16.073219,16,1.09244,0.793798,14.115134999999999,15.48006762404831,2.01747539562994,6.770174608381792,3,4970,39,186,102
52,30,53,AdaptiveCuttingAuction,0.05,0.02,10,True,,1000,3600,cats_path_g30b150,True,heuristic,2,False,CATS,150,paths,MultiMinded,1000,MaxIter,1122.820000000007,12.6877335,17,1.34175,0.74289899999999998,11.519882299999999,11.588096419039864,5.5909364437875348,10.599772325363421,3,3662,33,161,83
53,30,69,AdaptiveCuttingAuction,0.05,0.02,10,True,,1000,3600,cats_path_g30b150,True,heuristic,2,False,CATS,150,paths,MultiMinded,1000,MaxIter,1805.5,18.740910999999997,17,1.16684,0.90905150000000001,15.729565999999998,16.8101394049825,4.7640490617344664,11.918233210668035,4,4488,20,177,99
54,30,63,AdaptiveCuttingAuction,0.05,0.02,10,True,,1000,3600,cats_path_g30b150,True,heuristic,2,False,CATS,150,paths,MultiMinded,1000,MaxIter,931.0,15.541510000000004,19,1.41102,0.83414200000000005,14.700083,15.523471650695486,5.6962901416002953,10.075439075208241,3,3594,20,165,93
55,30,79,AdaptiveCuttingAuction,0.05,0.02,10,True,,1000,3600,cats_path_g30b150,True,heuristic,2,False,CATS,150,paths,MultiMinded,1000,MaxIter,1683.7200000000303,15.979884000000002,20,1.1263,0.85292049999999997,14.264745,20.641366003308612,4.7815911341841746,10.724000884655077,4,5214,18,194,109
56,30,75,AdaptiveCuttingAuction,0.05,0.02,10,True,,1000,3600,cats_path_g30b150,True,heuristic,2,False,CATS,150,paths,MultiMinded,1000,MaxIter,1754.2000000000116,18.432461999999994,18,1.25637,0.86360099999999995,15.611648999999998,15.613685342855376,5.3384032494498577,15.513459526025176,3,4140,23,187,105
57,30,69,AdaptiveCuttingAuction,0.05,0.02,10,True,,1000,3600,cats_path_g30b150,True,heuristic,2,False,CATS,150,paths,MultiMinded,1000,MaxIter,1414.7200000000303,21.377306399999995,16,1.41831,1.0310999999999999,16.899261,18.898639665559099,4.9833263679117694,11.809392809116396,3,4209,27,178,99
58,30,55,AdaptiveCuttingAuction,0.05,0.02,10,True,,1000,3600,cats_path_g30b150,True,heuristic,2,False,CATS,150,paths,MultiMinded,1000,MaxIter,1069.0,12.959700999999999,18,1.39908,0.69830300000000001,11.172481999999999,12.594628079197907,6.1390103168948027,9.7351937628292315,3,3740,30,162,85
59,30,62,AdaptiveCuttingAuction,0.05,0.02,10,True,,1000,3600,cats_path_g30b150,True,heuristic,2,False,CATS,150,paths,MultiMinded,1000,MaxIter,1497.5100000000093,11.245693,19,0.937523,0.59201349999999997,10.979949,8.5330647411458589,3.1081467640578411,8.1011221468610817,4,3535,20,161,92
60,30,62,AdaptiveCuttingAuction,0.05,0.02,10,True,,1000,3600,cats_path_g30b150,True,heuristic,2,False,CATS,150,paths,MultiMinded,1000,MaxIter,1612.7600000000093,16.295090999999996,19,1.36668,0.91428500000000001,15.840938999999997,15.551474832420832,6.3859712436729659,11.289505760927641,3,3665,14,168,92
61,30,65,AdaptiveCuttingAuction,0.05,0.02,10,True,,1000,3600,cats_path_g30b150,True,heuristic,2,False,CATS,150,paths,MultiMinded,1000,MaxIter,942.6499999999651,12.734226999999999,16,1.10066,0.73527699999999996,10.682979000000001,11.811745942844389,2.2750361998852546,7.9032091187935034,3,3121,33,165,95
62,30,74,AdaptiveCuttingAuction,0.05,0.02,10,True,,1000,3600,cats_path_g30b150,True,heuristic,2,False,CATS,150,paths,MultiMinded,1000,MaxIter,1660.3399999999674,15.189660000000002,18,1.07901,0.72534500000000002,11.916729000000002,13.10325920408485,4.2576728251968676,11.030816344636754,3,4741,19,189,104
63,30,57,AdaptiveCuttingAuction,0.05,0.02,10,True,,1000,3600,cats_path_g30b150,True,heuristic,2,False,CATS,150,paths,MultiMinded,1000,MaxIter,792.0599999999977,15.812223,18,1.17468,0.85123000000000004,15.024725000000002,15.192415330032752,5.4114123198511495,12.227524562105216,3,3706,31,155,87
64,30,65,AdaptiveCuttingAuction,0.05,0.02,10,True,,1000,3600,cats_path_g30b150,True,heuristic,2,False,CATS,150,paths,MultiMinded,1000,MaxIter,1884.0599999999977,14.256674000000002,16,1.1464,0.76940900000000001,12.096337,15.096317912122377,5.97849945943417,8.3724017131327528,3,4424,21,179,95
65,30,75,AdaptiveCuttingAuction,0.05,0.02,10,True,,1000,3600,cats_path_g30b150,True,heuristic,2,False,CATS,150,paths,MultiMinded,1000,MaxIter,1776.0299999999697,14.689584000000002,16,1.20503,0.79890700000000003,12.847948,14.319535526028785,4.8273392645873141,11.045100866515629,3,4354,35,187,105
66,30,64,AdaptiveCuttingAuction,0.05,0.02,10,True,,1000,3600,cats_path_g30b150,True,heuristic,2,False,CATS,150,paths,MultiMinded,1000,MaxIter,1483.8099999999977,15.318505000000002,17,1.13026,0.77133499999999999,12.585118,15.380593806042423,7.0478647644082786,10.452743371834977,4,3713,17,168,94
67,30,65,AdaptiveCuttingAuction,0.05,0.02,10,True,,1000,3600,cats_path_g30b150,True,heuristic,2,False,CATS,150,paths,MultiMinded,1000,MaxIter,1838.5900000000256,17.19162,18,1.36208,0.868533,15.460645000000003,15.473942374005453,6.2517240869960684,13.294525246602438,4,4751,40,172,95
68,30,62,AdaptiveCuttingAuction,0.05,0.02,10,True,,1000,3600,cats_path_g30b150,True,heuristic,2,False,CATS,150,paths,MultiMinded,1000,MaxIter,894.0100000000093,16.58045,18,1.1806,0.75433449999999991,14.124774999999998,9.6809192157338639,2.5114748443406376,13.647337348635007,3,3412,34,162,92
69,30,69,AdaptiveCuttingAuction,0.05,0.02,10,True,,1000,3600,cats_path_g30b150,True,heuristic,2,False,CATS,150,paths,MultiMinded,1000,MaxIter,1637.5499999999884,16.94247,21,1.39982,0.781829,15.560174000000002,16.847030723792322,6.9990220250134483,13.520424495192662,3,4284,26,172,99
70,30,69,AdaptiveCuttingAuction,0.05,0.02,10,True,,1000,3600,cats_path_g30b150,True,heuristic,2,False,CATS,150,paths,MultiMinded,1000,MaxIter,1478.75,15.6214981,17,1.25374,0.86018899999999998,13.777985999999999,14.823293672520888,3.983489976369166,11.133545237902682,3,4140,26,177,99
71,30,72,AdaptiveCuttingAuction,0.05,0.02,10,True,,1000,3600,cats_path_g30b150,True,heuristic,2,False,CATS,150,paths,MultiMinded,1000,MaxIter,1752.420000000042,18.0902305,19,1.22443,0.96304999999999996,16.232034000000002,20.982551976601314,5.586186681536673,10.35384698576398,3,4969,22,187,102
72,30,71,AdaptiveCuttingAuction,0.05,0.02,10,True,,1000,3600,cats_path_g30b150,True,heuristic,2,False,CATS,150,paths,MultiMinded,1000,MaxIter,1354.5100000000093,14.262129000000002,19,1.12549,0.60241199999999995,12.605044000000003,12.258131664705381,3.4496914563084728,11.496508338192278,3,4828,38,184,101
73,30,61,AdaptiveCuttingAuction,0.05,0.02,10,True,,1000,3600,cats_path_g30b150,True,heuristic,2,False,CATS,150,paths,MultiMinded,1000,MaxIter,1567.7399999999907,16.416352,16,1.29762,0.90387399999999996,13.105474000000001,14.34961168493955,3.8760503469226086,9.0177000148884066,3,3607,37,160,91
74,30,65,AdaptiveCuttingAuction,0.05,0.02,10,True,,1000,3600,cats_path_g30b150,True,heuristic,2,False,CATS,150,paths,MultiMinded,1000,MaxIter,1436.5599999999977,10.025623,19,0.812177,0.53816299999999995,9.481395,10.55583365365869,3.8392887241176124,7.5285236207906863,3,3840,25,171,95
75,30,69,AdaptiveCuttingAuction,0.05,0.02,10,True,,1000,3600,cats_path_g30b150,True,heuristic,2,False,CATS,150,paths,MultiMinded,1000,MaxIter,1695.539999999979,15.321485,19,1.30411,0.789794,14.48079,17.074856047361898,4.6159032102993542,10.10087971270165,3,4693,34,180,99
76,30,66,AdaptiveCuttingAuction,0.05,0.02,10,True,,1000,3600,cats_path_g30b150,True,heuristic,2,False,CATS,150,paths,MultiMinded,1000,MaxIter,1257.5299999999697,17.565949,17,1.39796,0.82384800000000002,14.709587999999997,14.242086453395512,4.2488936497584833,14.52542536176221,3,3301,31,171,96
77,30,71,AdaptiveCuttingAuction,0.05,0.02,10,True,,1000,3600,cats_path_g30b150,True,heuristic,2,False,CATS,150,paths,MultiMinded,1000,MaxIter,1537.4899999999907,17.445843,20,1.28117,0.83980299999999997,15.383207,16.12145157331009,3.6175020274389866,12.417964921797113,4,4123,41,178,101
78,30,77,AdaptiveCuttingAuction,0.05,0.02,10,True,,1000,3600,cats_path_g30b150,True,heuristic,2,False,CATS,150,paths,MultiMinded,1000,MaxIter,1891.7099999999627,17.835809,20,1.27923,0.84794999999999998,15.043166,19.085709384108707,6.0851576568512113,12.591772781070306,3,4853,47,190,107
79,30,71,AdaptiveCuttingAuction,0.05,0.02,10,True,,1000,3600,cats_path_g30b150,True,heuristic,2,False,CATS,150,paths,MultiMinded,1000,MaxIter,2164.219999999972,15.251795000000001,18,1.08004,0.77857100000000001,13.343442000000003,14.866109442791242,2.5833151856168017,9.76348295389211,3,4689,22,179,101
80,30,67,AdaptiveCuttingAuction,0.05,0.02,10,True,,1000,3600,cats_path_g30b150,True,heuristic,2,False,CATS,150,paths,MultiMinded,1000,MaxIter,1875.7000000000116,21.216326000000002,18,1.34186,1.05186,17.716794,19.090956632044637,6.3173949238567353,11.741229314180138,3,3889,32,180,97
81,30,68,AdaptiveCuttingAuction,0.05,0.02,10,True,,1000,3600,cats_path_g30b150,True,heuristic,2,False,CATS,150,paths,MultiMinded,1000,MaxIter,1295.8099999999977,14.454433000000002,17,1.14794,0.83136399999999999,12.715643,13.112827730396853,4.9499913162959812,10.802585445847768,4,4085,37,175,98
82,30,64,AdaptiveCuttingAuction,0.05,0.02,10,True,,1000,3600,cats_path_g30b150,True,heuristic,2,False,CATS,150,paths,MultiMinded,1000,MaxIter,969.960000000021,14.456647999999998,16,1.03149,0.62555099999999997,10.971364,14.501540702986652,3.5238657704517977,10.169996984033954,3,3392,26,174,94
83,30,64,AdaptiveCuttingAuction,0.05,0.02,10,True,,1000,3600,cats_path_g30b150,True,heuristic,2,False,CATS,150,paths,MultiMinded,1000,MaxIter,1305.960000000021,15.243575000000002,18,1.11077,0.82948200000000005,13.642217,17.241224389570597,4.2682387216219162,9.1646023285769793,3,4161,35,169,94
84,30,55,AdaptiveCuttingAuction,0.05,0.02,10,True,,1000,3600,cats_path_g30b150,True,heuristic,2,False,CATS,150,paths,MultiMinded,1000,MaxIter,1331.9899999999907,10.829593,15,1.04035,0.60557799999999995,9.755817999999998,8.940864121850959,2.8737432391891073,7.5563061947401433,4,3414,17,159,85
85,30,70,AdaptiveCuttingAuction,0.05,0.02,10,True,,1000,3600,cats_path_g30b150,True,heuristic,2,False,CATS,150,paths,MultiMinded,1000,MaxIter,1884.3800000000047,17.838826,19,1.20482,0.99917599999999995,16.75184,17.662837133916156,9.1478502474120411,14.644403974404138,4,5041,36,184,100
86,30,63,AdaptiveCuttingAuction,0.05,0.02,10,True,,1000,3600,cats_path_g30b150,True,heuristic,2,False,CATS,150,paths,MultiMinded,1000,MaxIter,1524.9400000000023,14.348480000000002,16,1.12303,0.66461599999999998,12.470133,13.117124556366388,5.3771519323346002,9.6561156325208621,3,4413,45,169,93
87,30,64,AdaptiveCuttingAuction,0.05,0.02,10,True,,1000,3600,cats_path_g30b150,True,heuristic,2,False,CATS,150,paths,MultiMinded,1000,MaxIter,1505.6699999999837,15.876268000000007,17,1.16618,0.92069400000000001,13.997486000000002,13.476228709927616,6.5906403190154315,11.98802302979961,4,3906,34,175,94
88,30,76,AdaptiveCuttingAuction,0.05,0.02,10,True,,1000,3600,cats_path_g30b150,True,heuristic,2,False,CATS,150,paths,MultiMinded,1000,MaxIter,1335.3800000000047,20.508544000000004,18,1.50963,0.97545999999999999,18.832008000000002,16.737560307619344,4.2037727986580116,15.207086130403653,3,4485,22,195,106
89,30,72,AdaptiveCuttingAuction,0.05,0.02,10,True,,1000,3600,cats_path_g30b150,True,heuristic,2,False,CATS,150,paths,MultiMinded,1000,MaxIter,2122.179999999993,16.188547,19,1.37467,0.81535500000000005,15.027569,15.435018872356503,7.4471076058856802,11.718287630959441,3,4902,21,183,102
90,30,54,AdaptiveCuttingAuction,0.05,0.02,10,True,,1000,3600,cats_path_g30b150,True,heuristic,2,False,CATS,150,paths,MultiMinded,1000,MaxIter,1137.609999999986,12.251615099999999,14,0.821456,0.64283100000000004,8.900790999999998,12.90163089609214,2.9667571039861125,7.7027737333272617,4,3998,21,163,84
91,30,66,AdaptiveCuttingAuction,0.05,0.02,10,True,,1000,3600,cats_path_g30b150,True,heuristic,2,False,CATS,150,paths,MultiMinded,1000,MaxIter,1169.2799999999697,13.249561,16,1.08687,0.77222100000000005,10.335777000000002,13.130028398944228,3.9333508851966177,7.7152086256631787,3,4092,16,176,96
92,30,57,AdaptiveCuttingAuction,0.05,0.02,10,True,,1000,3600,cats_path_g30b150,True,heuristic,2,False,CATS,150,paths,MultiMinded,1000,MaxIter,1377.429999999993,12.038590999999998,15,0.968649,0.65237100000000003,9.73981,12.041346914095046,2.6201049997432682,5.9225619360327943,3,3309,24,162,87
93,30,62,AdaptiveCuttingAuction,0.05,0.02,10,True,,1000,3600,cats_path_g30b150,True,heuristic,2,False,CATS,150,paths,MultiMinded,1000,MaxIter,1529.2399999999907,16.059345,17,1.15822,0.86252099999999998,13.865958000000001,15.840076741968806,5.2011812043721992,11.461294637622533,4,4280,35,166,92
94,30,68,AdaptiveCuttingAuction,0.05,0.02,10,True,,1000,3600,cats_path_g30b150,True,heuristic,2,False,CATS,150,paths,MultiMinded,1000,MaxIter,1590.4899999999907,17.743863,17,1.39576,0.98003499999999999,15.82016,18.537666022370793,5.9152041633464814,12.324746166450312,3,4965,48,180,98
95,30,64,AdaptiveCuttingAuction,0.05,0.02,10,True,,1000,3600,cats_path_g30b150,True,heuristic,2,False,CATS,150,paths,MultiMinded,1000,MaxIter,1483.350000000035,15.467591,23,0.907099,0.58233449999999998,14.203979,12.311056538310142,4.8087416366428783,11.621799850177652,3,3584,11,169,94
96,30,57,AdaptiveCuttingAuction,0.05,0.02,10,True,,1000,3600,cats_path_g30b150,True,heuristic,2,False,CATS,150,paths,MultiMinded,1000,MaxIter,706.460000000021,9.8668957,14,1.02137,0.65189799999999998,8.892188,9.3224620546027506,3.5111480891780165,5.7383188951890567,3,3307,23,161,87
97,30,55,AdaptiveCuttingAuction,0.05,0.02,10,True,,1000,3600,cats_path_g30b150,True,heuristic,2,False,CATS,150,paths,MultiMinded,1000,MaxIter,1506.6600000000326,12.714137000000001,15,1.1671,0.73047649999999997,10.369444000000001,12.182599420453167,3.8363062321319461,6.8500743721777884,3,3857,37,167,85
98,30,61,AdaptiveCuttingAuction,0.05,0.02,10,True,,1000,3600,cats_path_g30b150,True,heuristic,2,False,CATS,150,paths,MultiMinded,1000,MaxIter,1152.780000000028,17.221063000000004,17,1.28051,0.90821799999999997,15.479426,17.712307714255065,4.8087031644996321,11.106061698817715,4,3663,31,164,91
99,30,71,AdaptiveCuttingAuction,0.05,0.02,10,True,,1000,3600,cats_path_g30b150,True,heuristic,2,False,CATS,150,paths,MultiMinded,1000,MaxIter,1599.4500000000116,16.835101,17,1.27222,0.965194,15.031286999999999,20.808079771602081,4.9606092067371712,11.973549683149262,3,4687,36,182,101
100,30,69,AdaptiveCuttingAuction,0.05,0.02,10,True,,1000,3600,cats_path_g30b150,True,heuristic,2,False,CATS,150,paths,MultiMinded,1000,MaxIter,1041.3099999999977,11.185935,15,0.872955,0.55562999999999996,8.285607999999998,9.7362936010431742,4.0598050274692286,7.3397088758263704,3,3933,12,176,99
