idx,items,agents,auction_class,epsilon,stepc,epoch,scalebyvalue,reserve_type,maxiter,maxtime,generator_param_name,personalized,bidding_strategy,heuristic_pool_num,int_prices,generator,bids,distribution,type,rounds,status,runtime,efficient_value,final_num_winners,final_max_agent_value,final_scalevalue,final_value,final_total_price,final_revenue,final_indirect_util,final_price_degree,final_price_sparsity,final_imbalance,final_wd_nvars,final_wd_ncons
1,30,67,AdaptiveCuttingAuction,0.05,0.04,10,True,,1000,3600,cats_path_g30b150,True,heuristic,2,False,CATS,150,paths,MultiMinded,1000,MaxIter,1130.100000000035,15.606157999999997,18,1.23481,0.870313,14.967005999999998,16.965552223281538,7.1123246007999512,11.679058216168503,3,3619,25,174,97
2,30,63,AdaptiveCuttingAuction,0.05,0.04,10,True,,1000,3600,cats_path_g30b150,True,heuristic,2,False,CATS,150,paths,MultiMinded,1000,MaxIter,1273.7300000000396,14.094153000000002,19,1.04283,0.78301449999999995,12.625118000000004,18.946484942269841,4.5524204038663623,9.6355238083064521,4,3467,41,172,93
3,30,69,AdaptiveCuttingAuction,0.05,0.04,10,True,,1000,3600,cats_path_g30b150,True,heuristic,2,False,CATS,150,paths,MultiMinded,1000,MaxIter,1109.2399999999907,19.941755999999998,18,1.33809,0.95683499999999999,17.176167,22.095814757032404,7.3515265767735469,14.093293125990289,3,3245,32,183,99
4,30,66,AdaptiveCuttingAuction,0.05,0.04,10,True,,1000,3600,cats_path_g30b150,True,heuristic,2,False,CATS,150,paths,MultiMinded,1000,MaxIter,1519.0800000000163,14.118885,19,0.998367,0.78126600000000002,12.172718000000001,16.171061137683434,5.8779567547915192,9.3228426458451867,3,3697,25,177,96
5,30,65,AdaptiveCuttingAuction,0.05,0.04,10,True,,1000,3600,cats_path_g30b150,True,heuristic,2,False,CATS,150,paths,MultiMinded,1000,MaxIter,1609.9500000000116,15.664620999999997,19,1.04116,0.78344400000000003,13.524852999999998,16.785859964769607,4.3289691408630349,8.9313366946946644,4,4228,29,170,95
6,30,61,AdaptiveCuttingAuction,0.05,0.04,10,True,,1000,3600,cats_path_g30b150,True,heuristic,2,False,CATS,150,paths,MultiMinded,1000,MaxIter,1204.6199999999953,15.723609,17,1.13448,0.79950699999999997,13.352365,20.122930188011292,4.803849631015531,9.7179654105428153,3,4026,42,176,91
7,30,64,AdaptiveCuttingAuction,0.05,0.04,10,True,,1000,3600,cats_path_g30b150,True,heuristic,2,False,CATS,150,paths,MultiMinded,1000,MaxIter,1258.890000000014,16.373429,17,1.20046,0.76909549999999993,12.862826,16.185037427295747,4.0077153694129706,9.1125548417615292,2,3264,38,176,94
8,30,72,AdaptiveCuttingAuction,0.05,0.04,10,True,,1000,3600,cats_path_g30b150,True,heuristic,2,False,CATS,150,paths,MultiMinded,1000,MaxIter,2776.3800000000047,16.311622,18,1.24903,0.86937299999999995,15.147579999999998,19.389167442228686,7.1916098814234637,8.3993807391146014,3,5760,31,197,102
9,30,60,AdaptiveCuttingAuction,0.05,0.04,10,True,,1000,3600,cats_path_g30b150,True,heuristic,2,False,CATS,150,paths,MultiMinded,1000,MaxIter,1555.7300000000396,14.554215,20,1.25806,0.77530200000000005,13.892287000000001,14.706680045200146,5.4244843756706196,9.7119961835694291,3,4201,32,179,90
10,30,64,AdaptiveCuttingAuction,0.05,0.04,10,True,,1000,3600,cats_path_g30b150,True,heuristic,2,False,CATS,150,paths,MultiMinded,1000,MaxIter,1680.5999999999767,15.764945999999998,20,1.20473,0.77151750000000008,14.992537,18.907881525292343,5.5921000338391993,9.5962261989565025,4,4480,18,176,94
11,30,70,AdaptiveCuttingAuction,0.05,0.04,10,True,,1000,3600,cats_path_g30b150,True,heuristic,2,False,CATS,150,paths,MultiMinded,1000,MaxIter,1789.8499999999767,15.460275,18,1.12749,0.83722600000000003,13.448804999999997,16.887069140813274,7.4353498931527531,10.317949567522648,3,4203,37,193,100
12,30,67,AdaptiveCuttingAuction,0.05,0.04,10,True,,1000,3600,cats_path_g30b150,True,heuristic,2,False,CATS,150,paths,MultiMinded,1000,MaxIter,1515.280000000028,14.9714,19,1.03711,0.74539299999999997,13.903266,14.472580877349772,4.507630809909009,11.924832451839332,3,3419,28,173,97
13,30,70,AdaptiveCuttingAuction,0.05,0.04,10,True,,1000,3600,cats_path_g30b150,True,heuristic,2,False,CATS,150,paths,MultiMinded,1000,MaxIter,2011.2299999999814,13.718234000000002,17,1.05702,0.66747699999999999,10.44557,18.671614443956596,4.112708923628297,6.936312589713709,3,4341,32,189,100
14,30,57,AdaptiveCuttingAuction,0.05,0.04,10,True,,1000,3600,cats_path_g30b150,True,heuristic,2,False,CATS,150,paths,MultiMinded,1000,MaxIter,1136.5900000000256,13.5776358,17,1.27472,0.79768799999999995,12.466466,14.86368427078806,4.6231311379566371,9.260835010905291,3,2968,32,153,87
15,30,76,AdaptiveCuttingAuction,0.05,0.04,10,True,,1000,3600,cats_path_g30b150,True,heuristic,2,False,CATS,150,paths,MultiMinded,1000,MaxIter,2034.070000000007,19.193505000000002,20,1.29161,1.0414399999999999,17.730174,21.10498885538048,8.005865047483967,14.448253850883418,3,4335,21,187,106
16,30,55,AdaptiveCuttingAuction,0.05,0.04,10,True,,1000,3600,cats_path_g30b150,True,heuristic,2,False,CATS,150,paths,MultiMinded,1000,MaxIter,1431.4000000000233,17.6371399,18,1.30608,0.92928299999999997,15.705958000000003,17.766223735639635,5.4502064713703104,10.685073391977131,3,3851,28,168,85
17,30,60,AdaptiveCuttingAuction,0.05,0.04,10,True,,1000,3600,cats_path_g30b150,True,heuristic,2,False,CATS,150,paths,MultiMinded,1000,MaxIter,1405.899999999965,17.3437429,20,1.15586,0.84924900000000003,16.498821,21.77641931278901,6.78859658833073,12.668856780174545,3,3841,36,164,90
18,30,68,AdaptiveCuttingAuction,0.05,0.04,10,True,,1000,3600,cats_path_g30b150,True,heuristic,2,False,CATS,150,paths,MultiMinded,1000,MaxIter,1578.6300000000047,16.532421,19,1.15917,0.79773499999999997,15.374160000000002,18.935421967675609,6.2594845205248815,8.2144676675135067,3,3538,23,193,98
19,30,84,AdaptiveCuttingAuction,0.05,0.04,10,True,,1000,3600,cats_path_g30b150,True,heuristic,2,False,CATS,150,paths,MultiMinded,1000,MaxIter,2047.4199999999837,16.550685,18,1.19703,0.78075050000000001,13.843077000000003,17.319915124861268,5.3793799442967574,8.8219145788987845,3,4370,29,204,114
20,30,57,AdaptiveCuttingAuction,0.05,0.04,10,True,,1000,3600,cats_path_g30b150,True,heuristic,2,False,CATS,150,paths,MultiMinded,1000,MaxIter,1412.670000000042,11.988608000000001,16,0.830201,0.65249500000000005,9.407459999999999,13.924782064090797,3.0736601570052455,7.2737704540347972,3,3999,37,173,87
21,30,76,AdaptiveCuttingAuction,0.05,0.04,10,True,,1000,3600,cats_path_g30b150,True,heuristic,2,False,CATS,150,paths,MultiMinded,1000,MaxIter,1994.0800000000163,16.346269,21,1.16216,0.87333000000000005,14.731568,19.366050876977027,7.8572627716623753,10.653678396803624,3,4334,48,199,106
22,30,62,AdaptiveCuttingAuction,0.05,0.04,10,True,,1000,3600,cats_path_g30b150,True,heuristic,2,False,CATS,150,paths,MultiMinded,1000,MaxIter,1680.5900000000256,11.899390499999999,16,1.11701,0.58296099999999995,10.248484,11.464326349798579,3.6541936843329674,6.3649909935483038,4,4158,14,178,92
23,30,61,AdaptiveCuttingAuction,0.05,0.04,10,True,,1000,3600,cats_path_g30b150,True,heuristic,2,False,CATS,150,paths,MultiMinded,1000,MaxIter,1277.3499999999767,17.460715,18,1.27766,0.872475,14.476269,19.80375259656671,4.4780830107983345,11.473395689250474,3,4087,37,168,91
24,30,72,AdaptiveCuttingAuction,0.05,0.04,10,True,,1000,3600,cats_path_g30b150,True,heuristic,2,False,CATS,150,paths,MultiMinded,1000,MaxIter,1689.9000000000233,16.551633999999996,18,1.24587,0.733267,14.395166000000003,19.679821640791658,6.1594323179225992,10.388897112319253,3,4183,30,182,102
25,30,66,AdaptiveCuttingAuction,0.05,0.04,10,True,,1000,3600,cats_path_g30b150,True,heuristic,2,False,CATS,150,paths,MultiMinded,1000,MaxIter,1625.0200000000186,15.951057999999998,17,1.21778,0.74724500000000005,13.163266,15.747922245252235,4.3943240709687688,11.920446474137371,4,4361,36,178,96
26,30,71,AdaptiveCuttingAuction,0.05,0.04,10,True,,1000,3600,cats_path_g30b150,True,heuristic,2,False,CATS,150,paths,MultiMinded,1000,MaxIter,1162.1300000000047,18.600379,17,1.35655,1.0506500000000001,15.91638,21.134529355705322,6.748762471332558,11.199534697147957,3,4047,35,188,101
27,30,65,AdaptiveCuttingAuction,0.05,0.04,10,True,,1000,3600,cats_path_g30b150,True,heuristic,2,False,CATS,150,paths,MultiMinded,1000,MaxIter,1166.5,15.208365,18,1.24835,0.71721100000000004,12.532896,17.765927354414899,4.8026170946155444,8.1478797003684829,3,3837,34,181,95
28,30,68,AdaptiveCuttingAuction,0.05,0.04,10,True,,1000,3600,cats_path_g30b150,True,heuristic,2,False,CATS,150,paths,MultiMinded,1000,MaxIter,2090.4799999999814,14.86174,17,1.33611,1.01847,14.355106,14.570971468833909,8.4491203936474104,12.985190747561507,3,4625,31,182,98
29,30,58,AdaptiveCuttingAuction,0.05,0.04,10,True,,1000,3600,cats_path_g30b150,True,heuristic,2,False,CATS,150,paths,MultiMinded,1000,MaxIter,1419.070000000007,11.257909999999999,17,0.8594,0.57639300000000004,9.662391,11.208000449757876,2.8722202828643999,5.9929030627182511,4,4408,25,176,88
30,30,65,AdaptiveCuttingAuction,0.05,0.04,10,True,,1000,3600,cats_path_g30b150,True,heuristic,2,False,CATS,150,paths,MultiMinded,1000,MaxIter,1855.789999999979,12.752407,14,1.05004,0.71123899999999995,9.214155,13.357159051544803,0.83545617337365852,4.8786307341017201,3,4033,37,181,95
31,30,58,AdaptiveCuttingAuction,0.05,0.04,10,True,,1000,3600,cats_path_g30b150,True,heuristic,2,False,CATS,150,paths,MultiMinded,1000,MaxIter,1090.4199999999837,13.4727089,17,1.18366,0.86047800000000008,12.024215,14.181479492915496,3.0556899180185115,8.3683193866210157,4,3251,27,163,88
32,30,79,AdaptiveCuttingAuction,0.05,0.04,10,True,,1000,3600,cats_path_g30b150,True,heuristic,2,False,CATS,150,paths,MultiMinded,1000,MaxIter,2579.0599999999977,17.626487,18,1.11283,0.85035499999999997,15.467271,17.460130440903686,5.4180996186493378,11.392074578435466,3,4905,21,196,109
33,30,66,AdaptiveCuttingAuction,0.05,0.04,10,True,,1000,3600,cats_path_g30b150,True,heuristic,2,False,CATS,150,paths,MultiMinded,1000,MaxIter,1400.2000000000116,13.562479100000003,19,1.17658,0.71348500000000004,12.3793941,16.221771116645947,5.9353692113372141,10.354775776913012,4,3962,41,176,96
34,30,59,AdaptiveCuttingAuction,0.05,0.04,10,True,,1000,3600,cats_path_g30b150,True,heuristic,2,False,CATS,150,paths,MultiMinded,1000,MaxIter,1347.7200000000303,15.543004,19,1.16304,0.84088200000000002,14.658076,16.304851199162584,9.8603562218590408,12.809084002168461,4,3717,38,171,89
35,30,61,AdaptiveCuttingAuction,0.05,0.04,10,True,,1000,3600,cats_path_g30b150,True,heuristic,2,False,CATS,150,paths,MultiMinded,1000,MaxIter,1162.649999999965,18.943085999999997,18,1.32614,0.92471499999999995,17.327866,18.030231214817537,4.9205890773921022,13.403018457555152,3,3241,14,170,91
36,30,75,AdaptiveCuttingAuction,0.05,0.04,10,True,,1000,3600,cats_path_g30b150,True,heuristic,2,False,CATS,150,paths,MultiMinded,1000,MaxIter,1762.0199999999604,15.257448999999998,18,1.04514,0.73463400000000001,13.414794,16.418835097074709,5.3440054325130886,12.450066299845425,3,3980,13,189,105
37,30,73,AdaptiveCuttingAuction,0.05,0.04,10,True,,1000,3600,cats_path_g30b150,True,heuristic,2,False,CATS,150,paths,MultiMinded,1000,MaxIter,1330.75,19.314383000000003,19,1.26724,0.81503800000000004,16.707338,23.191221930934415,5.6998201574229643,14.045005693869619,3,4382,22,179,103
38,30,69,AdaptiveCuttingAuction,0.05,0.04,10,True,,1000,3600,cats_path_g30b150,True,heuristic,2,False,CATS,150,paths,MultiMinded,1000,MaxIter,1757.8600000000442,17.06102,19,1.26197,0.80889699999999998,14.940883999999999,18.352831501605763,4.8806485168063034,9.8787527501714028,3,4215,37,188,99
39,30,64,AdaptiveCuttingAuction,0.05,0.04,10,True,,1000,3600,cats_path_g30b150,True,heuristic,2,False,CATS,150,paths,MultiMinded,1000,MaxIter,1348.9799999999814,18.017829999999996,16,1.46956,1.00953,15.403061000000001,23.864981787425709,5.8930797878524785,12.055456383415139,3,4546,31,182,94
40,30,70,AdaptiveCuttingAuction,0.05,0.04,10,True,,1000,3600,cats_path_g30b150,True,heuristic,2,False,CATS,150,paths,MultiMinded,1000,MaxIter,1067.0200000000186,16.415451,20,1.33618,0.79276899999999995,15.15486,18.542261825666039,6.330535293410791,14.532198455000835,3,3503,43,184,100
41,30,62,AdaptiveCuttingAuction,0.05,0.04,10,True,,1000,3600,cats_path_g30b150,True,heuristic,2,False,CATS,150,paths,MultiMinded,1000,MaxIter,1128.9500000000116,15.767216000000001,17,1.27329,0.81440000000000001,12.502892,15.155690796198384,2.7559086464579066,9.0788574581486827,3,3350,24,175,92
42,30,66,AdaptiveCuttingAuction,0.05,0.04,10,True,,1000,3600,cats_path_g30b150,True,heuristic,2,False,CATS,150,paths,MultiMinded,1000,MaxIter,1581.5999999999767,14.387081000000002,19,1.10378,0.674543,12.957666000000001,17.101418381353138,4.2551533878752039,8.777586214586286,3,3897,29,177,96
43,30,57,AdaptiveCuttingAuction,0.05,0.04,10,True,,1000,3600,cats_path_g30b150,True,heuristic,2,False,CATS,150,paths,MultiMinded,1000,MaxIter,1289.789999999979,12.78674,19,1.092,0.74160349999999997,12.122907000000001,13.021062182142449,4.50727006920145,8.041394902215302,4,3597,39,164,87
44,30,67,AdaptiveCuttingAuction,0.05,0.04,10,True,,1000,3600,cats_path_g30b150,True,heuristic,2,False,CATS,150,paths,MultiMinded,1000,MaxIter,1749.8099999999977,14.327095000000002,18,1.04382,0.66583400000000004,12.465596,16.07018942117768,4.0889825285750732,9.3299530236372217,3,4830,24,175,97
45,30,80,AdaptiveCuttingAuction,0.05,0.04,10,True,,1000,3600,cats_path_g30b150,True,heuristic,2,False,CATS,150,paths,MultiMinded,1000,MaxIter,2331.6300000000047,13.769805999999999,17,1.20458,0.66948099999999999,10.832585000000002,13.638328753818559,4.8100558835997775,8.0505585761132643,3,4886,25,202,110
46,30,62,AdaptiveCuttingAuction,0.05,0.04,10,True,,1000,3600,cats_path_g30b150,True,heuristic,2,False,CATS,150,paths,MultiMinded,1000,MaxIter,1533.4000000000233,17.982688000000003,18,1.47628,0.89541199999999999,16.161653,18.692949143068198,6.4370517289668028,11.601969885705994,4,4343,30,175,92
47,30,50,AdaptiveCuttingAuction,0.05,0.04,10,True,,1000,3600,cats_path_g30b150,True,heuristic,2,False,CATS,150,paths,MultiMinded,1000,MaxIter,754.7700000000186,14.4709692,16,1.15255,0.87777400000000005,12.881436999999998,12.522117233035969,3.4269781579870466,11.306647160950352,4,3154,32,153,80
48,30,56,AdaptiveCuttingAuction,0.05,0.04,10,True,,1000,3600,cats_path_g30b150,True,heuristic,2,False,CATS,150,paths,MultiMinded,1000,MaxIter,777.6900000000023,19.863466000000003,17,1.39092,0.99550399999999994,17.352351,19.950353858668741,6.6640382918316616,13.817401351009586,3,3193,32,154,86
49,30,59,AdaptiveCuttingAuction,0.05,0.04,10,True,,1000,3600,cats_path_g30b150,True,heuristic,2,False,CATS,150,paths,MultiMinded,1000,MaxIter,1140.1500000000233,12.83722,16,1.27931,0.83850000000000002,11.679053,15.179490396045644,5.144849865029518,7.1267923979475905,4,3720,22,176,89
50,30,72,AdaptiveCuttingAuction,0.05,0.04,10,True,,1000,3600,cats_path_g30b150,True,heuristic,2,False,CATS,150,paths,MultiMinded,1000,MaxIter,1895.4500000000116,14.769329999999997,15,1.31494,0.719059,12.956610999999999,14.175977364296966,4.2766951417807686,7.5909359872558966,3,4179,21,183,102
51,30,72,AdaptiveCuttingAuction,0.05,0.04,10,True,,1000,3600,cats_path_g30b150,True,heuristic,2,False,CATS,150,paths,MultiMinded,1000,MaxIter,2215.789999999979,16.073219,19,1.09244,0.793798,14.770466999999998,16.657696590163567,7.516516800896401,10.782320174165786,3,5189,32,195,102
52,30,53,AdaptiveCuttingAuction,0.05,0.04,10,True,,1000,3600,cats_path_g30b150,True,heuristic,2,False,CATS,150,paths,MultiMinded,1000,MaxIter,1203.5200000000186,12.6877335,19,1.34175,0.74289899999999998,12.2009793,14.193125166019868,7.7148189683944652,10.184694078321199,3,3604,27,168,83
53,30,69,AdaptiveCuttingAuction,0.05,0.04,10,True,,1000,3600,cats_path_g30b150,True,heuristic,2,False,CATS,150,paths,MultiMinded,1000,MaxIter,1776.649999999965,18.740910999999997,16,1.16684,0.90905150000000001,15.109422999999996,18.563463169490042,5.5250413406613008,11.551452819840822,3,4487,30,182,99
54,30,63,AdaptiveCuttingAuction,0.05,0.04,10,True,,1000,3600,cats_path_g30b150,True,heuristic,2,False,CATS,150,paths,MultiMinded,1000,MaxIter,1540.1100000000442,15.541510000000004,19,1.41102,0.83414200000000005,14.741945000000001,17.075023898058049,6.7882036729642037,9.5477401488882911,4,3847,35,171,93
55,30,79,AdaptiveCuttingAuction,0.05,0.04,10,True,,1000,3600,cats_path_g30b150,True,heuristic,2,False,CATS,150,paths,MultiMinded,1000,MaxIter,1905.7000000000116,15.979884000000002,20,1.1263,0.85292049999999997,14.45405,23.499039760249904,6.0293681181233802,10.493758283660174,4,4977,34,195,109
56,30,75,AdaptiveCuttingAuction,0.05,0.04,10,True,,1000,3600,cats_path_g30b150,True,heuristic,2,False,CATS,150,paths,MultiMinded,1000,MaxIter,1843.350000000035,18.432461999999994,17,1.25637,0.86360099999999995,15.019347999999999,20.442592313607186,4.5282939940741009,11.063666270644571,3,4802,37,194,105
57,30,69,AdaptiveCuttingAuction,0.05,0.04,10,True,,1000,3600,cats_path_g30b150,True,heuristic,2,False,CATS,150,paths,MultiMinded,1000,MaxIter,1651.8300000000163,21.377306399999995,16,1.41831,1.0310999999999999,18.084548999999996,20.401607940150075,8.3025337366235679,13.895009648213247,3,4004,34,181,99
58,30,55,AdaptiveCuttingAuction,0.05,0.04,10,True,,1000,3600,cats_path_g30b150,True,heuristic,2,False,CATS,150,paths,MultiMinded,1000,MaxIter,1206.320000000007,12.959700999999999,19,1.39908,0.69830300000000001,11.586331999999999,13.814248153824614,4.9202326047750438,7.6241766101656783,3,3740,23,166,85
59,30,62,AdaptiveCuttingAuction,0.05,0.04,10,True,,1000,3600,cats_path_g30b150,True,heuristic,2,False,CATS,150,paths,MultiMinded,1000,MaxIter,1395.780000000028,11.245693,18,0.937523,0.59201349999999997,10.0140302,9.9515465744004992,4.0908851638103929,7.2255599969899524,3,3481,32,169,92
60,30,62,AdaptiveCuttingAuction,0.05,0.04,10,True,,1000,3600,cats_path_g30b150,True,heuristic,2,False,CATS,150,paths,MultiMinded,1000,MaxIter,1558.1199999999953,16.295090999999996,19,1.36668,0.91428500000000001,15.579103999999997,16.875240487476052,6.0722441676533876,9.1064274969173695,3,3547,33,171,92
61,30,65,AdaptiveCuttingAuction,0.05,0.04,10,True,,1000,3600,cats_path_g30b150,True,heuristic,2,False,CATS,150,paths,MultiMinded,1000,MaxIter,793.0300000000279,12.734226999999999,17,1.10066,0.73527699999999996,11.360152999999999,13.033965440533578,3.7180051018119218,9.0046208704678552,3,2797,25,167,95
62,30,74,AdaptiveCuttingAuction,0.05,0.04,10,True,,1000,3600,cats_path_g30b150,True,heuristic,2,False,CATS,150,paths,MultiMinded,1000,MaxIter,1934.320000000007,15.189660000000002,18,1.07901,0.72534500000000002,12.060539000000004,15.157100808461282,5.4398095027623601,10.4347288773473,3,4812,35,188,104
63,30,57,AdaptiveCuttingAuction,0.05,0.04,10,True,,1000,3600,cats_path_g30b150,True,heuristic,2,False,CATS,150,paths,MultiMinded,1000,MaxIter,947.6300000000047,15.812223,16,1.17468,0.85123000000000004,14.171724,16.380602814723346,3.6583974033782578,8.4742352472208911,3,3136,23,159,87
64,30,65,AdaptiveCuttingAuction,0.05,0.04,10,True,,1000,3600,cats_path_g30b150,True,heuristic,2,False,CATS,150,paths,MultiMinded,1000,MaxIter,1755.5200000000186,14.256674000000002,18,1.1464,0.76940900000000001,13.301323000000002,15.481275482062808,7.2400679377840742,8.9987648421463025,3,4238,24,179,95
65,30,75,AdaptiveCuttingAuction,0.05,0.04,10,True,,1000,3600,cats_path_g30b150,True,heuristic,2,False,CATS,150,paths,MultiMinded,1000,MaxIter,1353.960000000021,14.689584000000002,15,1.20503,0.79890700000000003,12.425679,20.022001658189513,4.1822556660798629,6.8873863735803367,3,4500,46,193,105
66,30,64,AdaptiveCuttingAuction,0.05,0.04,10,True,,1000,3600,cats_path_g30b150,True,heuristic,2,False,CATS,150,paths,MultiMinded,1000,MaxIter,1618.6199999999953,15.318505000000002,17,1.13026,0.77133499999999999,12.984087,17.08881823486691,5.7869810857648654,7.6228230409465354,3,3524,36,176,94
67,30,65,AdaptiveCuttingAuction,0.05,0.04,10,True,,1000,3600,cats_path_g30b150,True,heuristic,2,False,CATS,150,paths,MultiMinded,1000,MaxIter,1788.3099999999977,17.19162,18,1.36208,0.868533,15.733542000000005,18.255236361875852,5.7772398821717541,11.065769204746241,4,4553,29,178,95
68,30,62,AdaptiveCuttingAuction,0.05,0.04,10,True,,1000,3600,cats_path_g30b150,True,heuristic,2,False,CATS,150,paths,MultiMinded,1000,MaxIter,613.0599999999977,16.58045,17,1.1806,0.75433449999999991,14.524763999999996,12.732583258083203,2.9411407917106609,12.454554938040442,4,4340,20,164,92
69,30,69,AdaptiveCuttingAuction,0.05,0.04,10,True,,1000,3600,cats_path_g30b150,True,heuristic,2,False,CATS,150,paths,MultiMinded,1000,MaxIter,1716.6100000000442,16.94247,21,1.39982,0.781829,15.650827999999999,18.945656363955766,6.952268243070864,11.798557032189027,3,4767,28,180,99
70,30,69,AdaptiveCuttingAuction,0.05,0.04,10,True,,1000,3600,cats_path_g30b150,True,heuristic,2,False,CATS,150,paths,MultiMinded,1000,MaxIter,1631.8300000000163,15.6214981,18,1.25374,0.86018899999999998,12.816998000000002,17.967002772267094,4.8763885967464358,9.4821070879020439,3,4075,34,181,99
71,30,72,AdaptiveCuttingAuction,0.05,0.04,10,True,,1000,3600,cats_path_g30b150,True,heuristic,2,False,CATS,150,paths,MultiMinded,1000,MaxIter,1678.460000000021,18.0902305,17,1.22443,0.96304999999999996,15.906950000000002,23.976356485475485,4.816220460596206,8.9994350899775988,3,4608,41,186,102
72,30,71,AdaptiveCuttingAuction,0.05,0.04,10,True,,1000,3600,cats_path_g30b150,True,heuristic,2,False,CATS,150,paths,MultiMinded,1000,MaxIter,1443.3199999999488,14.262129000000002,19,1.12549,0.60241199999999995,12.441182000000001,14.784823965327526,3.7075044975954023,10.609816164055209,3,4616,27,183,101
73,30,61,AdaptiveCuttingAuction,0.05,0.04,10,True,,1000,3600,cats_path_g30b150,True,heuristic,2,False,CATS,150,paths,MultiMinded,1000,MaxIter,1615.5499999999884,16.416352,15,1.29762,0.90387399999999996,14.567897,16.366182712858468,8.5831389302657985,11.371879614412624,4,3357,43,168,91
74,30,65,AdaptiveCuttingAuction,0.05,0.04,10,True,,1000,3600,cats_path_g30b150,True,heuristic,2,False,CATS,150,paths,MultiMinded,1000,MaxIter,1482.320000000007,10.025623,19,0.812177,0.53816299999999995,9.569785999999999,11.687891226738603,4.2439342668118538,6.7309908936396603,4,4032,29,179,95
75,30,69,AdaptiveCuttingAuction,0.05,0.04,10,True,,1000,3600,cats_path_g30b150,True,heuristic,2,False,CATS,150,paths,MultiMinded,1000,MaxIter,1345.8800000000047,15.321485,19,1.30411,0.789794,14.355947,19.382213246040095,4.1633697929395108,8.9997625922676683,3,4002,27,188,99
76,30,66,AdaptiveCuttingAuction,0.05,0.04,10,True,,1000,3600,cats_path_g30b150,True,heuristic,2,False,CATS,150,paths,MultiMinded,1000,MaxIter,933.2000000000116,17.565949,19,1.39796,0.82384800000000002,15.538386099999999,20.650153802644404,5.4566504577330432,10.266664381614941,4,71,21,176,96
77,30,71,AdaptiveCuttingAuction,0.05,0.04,10,True,,1000,3600,cats_path_g30b150,True,heuristic,2,False,CATS,150,paths,MultiMinded,1000,MaxIter,1900.8800000000047,17.445843,17,1.28117,0.83980299999999997,14.271684999999996,20.014901541039478,4.8586886268476128,10.97277874993371,3,3908,33,184,101
78,30,77,AdaptiveCuttingAuction,0.05,0.04,10,True,,1000,3600,cats_path_g30b150,True,heuristic,2,False,CATS,150,paths,MultiMinded,1000,MaxIter,1851.7600000000093,17.835809,21,1.27923,0.84794999999999998,15.724619999999998,24.939317762820373,8.0039153568552628,11.395958964048408,3,4851,31,200,107
79,30,71,AdaptiveCuttingAuction,0.05,0.04,10,True,,1000,3600,cats_path_g30b150,True,heuristic,2,False,CATS,150,paths,MultiMinded,1000,MaxIter,1825.710000000021,15.251795000000001,17,1.08004,0.77857100000000001,12.411006,17.976887327714756,2.9830798032737769,7.2827860896090488,3,5042,31,194,101
80,30,67,AdaptiveCuttingAuction,0.05,0.04,10,True,,1000,3600,cats_path_g30b150,True,heuristic,2,False,CATS,150,paths,MultiMinded,1000,MaxIter,1649.359999999986,21.216326000000002,19,1.34186,1.05186,19.032338,21.01856651510732,8.9550343145445144,13.126083942298131,3,3554,32,181,97
81,30,68,AdaptiveCuttingAuction,0.05,0.04,10,True,,1000,3600,cats_path_g30b150,True,heuristic,2,False,CATS,150,paths,MultiMinded,1000,MaxIter,1417.6599999999744,14.454433000000002,18,1.14794,0.83136399999999999,13.514372,14.507839138523115,4.2601575047603983,9.1431099832623506,3,3401,32,174,98
82,30,64,AdaptiveCuttingAuction,0.05,0.04,10,True,,1000,3600,cats_path_g30b150,True,heuristic,2,False,CATS,150,paths,MultiMinded,1000,MaxIter,1514.9899999999907,14.456647999999998,19,1.03149,0.62555099999999997,12.507269500000001,17.741536344600881,5.4921105372735459,10.400377466156685,3,3778,39,176,94
83,30,64,AdaptiveCuttingAuction,0.05,0.04,10,True,,1000,3600,cats_path_g30b150,True,heuristic,2,False,CATS,150,paths,MultiMinded,1000,MaxIter,1409.3899999999558,15.243575000000002,19,1.11077,0.82948200000000005,13.703528000000004,18.855595904025687,4.7277544088771544,7.8639261783853875,3,3844,34,178,94
84,30,55,AdaptiveCuttingAuction,0.05,0.04,10,True,,1000,3600,cats_path_g30b150,True,heuristic,2,False,CATS,150,paths,MultiMinded,1000,MaxIter,1417.5800000000163,10.829593,15,1.04035,0.60557799999999995,9.905885,9.35833379681835,4.1252010266501511,7.2118983851245844,3,3360,41,163,85
85,30,70,AdaptiveCuttingAuction,0.05,0.04,10,True,,1000,3600,cats_path_g30b150,True,heuristic,2,False,CATS,150,paths,MultiMinded,1000,MaxIter,2312.3499999999767,17.838826,18,1.20482,0.99917599999999995,16.899343000000002,19.06649436576074,7.9156405634913876,12.589304602511199,4,4206,34,184,100
86,30,63,AdaptiveCuttingAuction,0.05,0.04,10,True,,1000,3600,cats_path_g30b150,True,heuristic,2,False,CATS,150,paths,MultiMinded,1000,MaxIter,1698.25,14.348480000000002,15,1.12303,0.66461599999999998,12.76745,13.298686954494359,4.6944886122342959,8.0324808141910466,3,4354,33,176,93
87,30,64,AdaptiveCuttingAuction,0.05,0.04,10,True,,1000,3600,cats_path_g30b150,True,heuristic,2,False,CATS,150,paths,MultiMinded,1000,MaxIter,1698.7600000000093,15.876268000000007,19,1.16618,0.92069400000000001,15.186565000000005,14.184299648115429,6.3093125523878246,9.9490084602377067,3,4096,34,180,94
88,30,76,AdaptiveCuttingAuction,0.05,0.04,10,True,,1000,3600,cats_path_g30b150,True,heuristic,2,False,CATS,150,paths,MultiMinded,1000,MaxIter,1366.4000000000233,20.508544000000004,17,1.50963,0.97545999999999999,17.723633000000003,21.224738341646063,4.4551798006171355,15.103920780031022,4,4712,19,193,106
89,30,72,AdaptiveCuttingAuction,0.05,0.04,10,True,,1000,3600,cats_path_g30b150,True,heuristic,2,False,CATS,150,paths,MultiMinded,1000,MaxIter,1833.5899999999674,16.188547,18,1.37467,0.81535500000000005,14.986516000000002,16.939263977248817,8.8449735720154639,11.121595926843529,3,4466,42,192,102
90,30,54,AdaptiveCuttingAuction,0.05,0.04,10,True,,1000,3600,cats_path_g30b150,True,heuristic,2,False,CATS,150,paths,MultiMinded,1000,MaxIter,1251.469999999972,12.251615099999999,16,0.821456,0.64283100000000004,9.475878999999999,14.263115969369315,3.9408516243118301,7.7290450554065497,4,3834,44,169,84
91,30,66,AdaptiveCuttingAuction,0.05,0.04,10,True,,1000,3600,cats_path_g30b150,True,heuristic,2,False,CATS,150,paths,MultiMinded,1000,MaxIter,1112.670000000042,13.249561,16,1.08687,0.77222100000000005,10.335777,14.429861322162282,3.6982196357505273,7.0847199027779206,3,3700,21,173,96
92,30,57,AdaptiveCuttingAuction,0.05,0.04,10,True,,1000,3600,cats_path_g30b150,True,heuristic,2,False,CATS,150,paths,MultiMinded,1000,MaxIter,1287.0999999999767,12.038590999999998,15,0.968649,0.65237100000000003,10.118401999999998,12.600884884536882,3.1971411683465076,6.2786000721841431,3,3706,28,159,87
93,30,62,AdaptiveCuttingAuction,0.05,0.04,10,True,,1000,3600,cats_path_g30b150,True,heuristic,2,False,CATS,150,paths,MultiMinded,1000,MaxIter,1326.859999999986,16.059345,17,1.15822,0.86252099999999998,12.864050000000002,20.832053581335142,5.2279377361820663,9.3585678292298109,3,4216,32,168,92
94,30,68,AdaptiveCuttingAuction,0.05,0.04,10,True,,1000,3600,cats_path_g30b150,True,heuristic,2,False,CATS,150,paths,MultiMinded,1000,MaxIter,1681.8099999999977,17.743863,16,1.39576,0.98003499999999999,16.33406,20.566512503907997,6.6880736284401801,10.909841066874915,4,4013,36,188,98
95,30,64,AdaptiveCuttingAuction,0.05,0.04,10,True,,1000,3600,cats_path_g30b150,True,heuristic,2,False,CATS,150,paths,MultiMinded,1000,MaxIter,1509.850000000035,15.467591,25,0.907099,0.58233449999999998,14.993637999999999,13.20767985808126,6.1618332225934145,12.666698171155208,3,3780,25,174,94
96,30,57,AdaptiveCuttingAuction,0.05,0.04,10,True,,1000,3600,cats_path_g30b150,True,heuristic,2,False,CATS,150,paths,MultiMinded,1000,MaxIter,833.710000000021,9.8668957,16,1.02137,0.65189799999999998,9.638834300000001,9.7996245433163267,4.4080205665668091,6.5367414666583201,4,3363,20,156,87
97,30,55,AdaptiveCuttingAuction,0.05,0.04,10,True,,1000,3600,cats_path_g30b150,True,heuristic,2,False,CATS,150,paths,MultiMinded,1000,MaxIter,1430.3099999999977,12.714137000000001,17,1.1671,0.73047649999999997,11.18458,13.122451978445206,4.3707427385161148,6.738789797623892,3,4182,33,167,85
98,30,61,AdaptiveCuttingAuction,0.05,0.04,10,True,,1000,3600,cats_path_g30b150,True,heuristic,2,False,CATS,150,paths,MultiMinded,1000,MaxIter,1215.039999999979,17.221063000000004,16,1.28051,0.90821799999999997,14.728634,20.144951921180191,3.9664236549570675,7.4886778166064127,3,3660,37,179,91
99,30,71,AdaptiveCuttingAuction,0.05,0.04,10,True,,1000,3600,cats_path_g30b150,True,heuristic,2,False,CATS,150,paths,MultiMinded,1000,MaxIter,1496.4800000000396,16.835101,17,1.27222,0.965194,14.674485,24.113952197819344,4.4466548610275449,9.8627590756301906,3,4264,34,187,101
100,30,69,AdaptiveCuttingAuction,0.05,0.04,10,True,,1000,3600,cats_path_g30b150,True,heuristic,2,False,CATS,150,paths,MultiMinded,1000,MaxIter,1211.9500000000116,11.185935,20,0.872955,0.55562999999999996,9.657099000000002,10.744384891777223,7.2769885021346665,9.9831331651010089,3,3865,36,174,99
