idx,items,agents,auction_class,epsilon,stepc,epoch,scalebyvalue,reserve_type,maxiter,maxtime,generator_param_name,personalized,bidding_strategy,heuristic_pool_num,int_prices,generator,bids,distribution,type,rounds,status,runtime,efficient_value,final_num_winners,final_max_agent_value,final_scalevalue,final_value,final_total_price,final_revenue,final_indirect_util,final_price_degree,final_price_sparsity,final_imbalance,final_wd_nvars,final_wd_ncons
1,30,67,AdaptiveCuttingAuction,0.05,0.01,10,True,,1000,3600,cats_path_g30b150,True,heuristic,3,False,CATS,150,paths,MultiMinded,1000,MaxIter,1301.1199999999953,15.606157999999997,13,1.23481,0.870313,11.987473999999999,12.428460109333843,3.6058706272378505,13.54204921509848,3,4623,29,177,97
2,30,63,AdaptiveCuttingAuction,0.05,0.01,10,True,,1000,3600,cats_path_g30b150,True,heuristic,3,False,CATS,150,paths,MultiMinded,1000,MaxIter,981.039999999979,14.094153000000002,17,1.04283,0.78301449999999995,10.780739,12.681587149233128,2.0228527995078833,12.081681111536522,4,4284,42,171,93
3,30,69,AdaptiveCuttingAuction,0.05,0.01,10,True,,1000,3600,cats_path_g30b150,True,heuristic,3,False,CATS,150,paths,MultiMinded,1000,MaxIter,1335.3400000000256,19.941755999999998,18,1.33809,0.95683499999999999,18.272975000000002,15.882196094468382,3.3946454459835298,17.331358448053138,4,5175,50,181,99
4,30,66,AdaptiveCuttingAuction,0.05,0.01,10,True,,1000,3600,cats_path_g30b150,True,heuristic,3,False,CATS,150,paths,MultiMinded,1000,MaxIter,1823.75,14.118885,17,0.998367,0.78126600000000002,11.803204000000001,11.369478341056285,2.6844391129088501,12.853564486210844,3,5082,33,175,96
5,30,65,AdaptiveCuttingAuction,0.05,0.01,10,True,,1000,3600,cats_path_g30b150,True,heuristic,3,False,CATS,150,paths,MultiMinded,1000,MaxIter,1656.9099999999744,15.664620999999997,19,1.04116,0.78344400000000003,13.321965,13.154343317314934,3.189340807274553,13.854542016572269,4,5135,30,182,95
6,30,61,AdaptiveCuttingAuction,0.05,0.01,10,True,,1000,3600,cats_path_g30b150,True,heuristic,3,False,CATS,150,paths,MultiMinded,1000,MaxIter,720.109999999986,15.723609,16,1.13448,0.79950699999999997,11.803886,12.099847153291787,2.7632125497751012,16.57079822786476,3,4148,44,167,91
7,30,64,AdaptiveCuttingAuction,0.05,0.01,10,True,,1000,3600,cats_path_g30b150,True,heuristic,3,False,CATS,150,paths,MultiMinded,1000,MaxIter,1163.7399999999907,16.373429,16,1.20046,0.76909549999999993,12.492847000000001,10.078436724057141,3.1869760342079045,16.04536307802308,3,3715,27,174,94
8,30,72,AdaptiveCuttingAuction,0.05,0.01,10,True,,1000,3600,cats_path_g30b150,True,heuristic,3,False,CATS,150,paths,MultiMinded,1000,MaxIter,1738.4899999999907,16.311622,18,1.24903,0.86937299999999995,15.214940000000002,16.006202242682882,6.28260882317967,13.851014622496315,3,5904,24,190,102
9,30,60,AdaptiveCuttingAuction,0.05,0.01,10,True,,1000,3600,cats_path_g30b150,True,heuristic,3,False,CATS,150,paths,MultiMinded,1000,MaxIter,772.0,14.554215,17,1.25806,0.77530200000000005,12.18574,14.257868117313244,3.4697156767328576,10.49917549478956,3,84,36,181,90
10,30,64,AdaptiveCuttingAuction,0.05,0.01,10,True,,1000,3600,cats_path_g30b150,True,heuristic,3,False,CATS,150,paths,MultiMinded,1000,MaxIter,1522.3400000000256,15.764945999999998,17,1.20473,0.77151750000000008,14.009343999999999,12.431240315852383,3.4795566113557626,16.374950783944563,3,4864,48,166,94
11,30,70,AdaptiveCuttingAuction,0.05,0.01,10,True,,1000,3600,cats_path_g30b150,True,heuristic,3,False,CATS,150,paths,MultiMinded,1000,MaxIter,1782.4899999999907,15.460275,17,1.12749,0.83722600000000003,13.020513999999999,11.876724113784341,2.6771903545986366,15.91078849656142,4,4411,53,182,100
12,30,67,AdaptiveCuttingAuction,0.05,0.01,10,True,,1000,3600,cats_path_g30b150,True,heuristic,3,False,CATS,150,paths,MultiMinded,1000,MaxIter,1049.4100000000326,14.9714,18,1.03711,0.74539299999999997,12.424259999999999,11.801504837419564,2.977396769527858,13.18915426928335,3,4491,30,179,97
13,30,70,AdaptiveCuttingAuction,0.05,0.01,10,True,,1000,3600,cats_path_g30b150,True,heuristic,3,False,CATS,150,paths,MultiMinded,1000,MaxIter,1348.9799999999814,13.718234000000002,16,1.05702,0.66747699999999999,10.748529,12.826499244742623,2.3360614136806768,12.848456476213624,4,5110,43,184,100
14,30,57,AdaptiveCuttingAuction,0.05,0.01,10,True,,1000,3600,cats_path_g30b150,True,heuristic,3,False,CATS,150,paths,MultiMinded,1000,MaxIter,1369.5500000000466,13.5776358,16,1.27472,0.79768799999999995,11.671126000000001,10.642898833568367,2.6597024884821989,13.750541127610056,4,3993,40,174,87
15,30,76,AdaptiveCuttingAuction,0.05,0.01,10,True,,1000,3600,cats_path_g30b150,True,heuristic,3,False,CATS,150,paths,MultiMinded,1000,MaxIter,1818.7699999999604,19.193505000000002,18,1.29161,1.0414399999999999,17.111451,13.461070313851295,2.4523707087226385,18.152257169208958,3,5320,26,187,106
16,30,55,AdaptiveCuttingAuction,0.05,0.01,10,True,,1000,3600,cats_path_g30b150,True,heuristic,3,False,CATS,150,paths,MultiMinded,1000,MaxIter,1383.4400000000023,17.6371399,15,1.30608,0.92928299999999997,13.885052,17.082211020967161,2.2622047989484217,12.05633581079848,3,4622,30,171,85
17,30,60,AdaptiveCuttingAuction,0.05,0.01,10,True,,1000,3600,cats_path_g30b150,True,heuristic,3,False,CATS,150,paths,MultiMinded,1000,MaxIter,760.2399999999907,17.3437429,18,1.15586,0.84924900000000003,15.146861000000001,14.411628621200952,2.5958230666416964,16.282217932344448,3,4020,33,168,90
18,30,68,AdaptiveCuttingAuction,0.05,0.01,10,True,,1000,3600,cats_path_g30b150,True,heuristic,3,False,CATS,150,paths,MultiMinded,1000,MaxIter,1479.5800000000163,16.532421,18,1.15917,0.79773499999999997,13.702062,13.630358760264105,4.0044501484995383,16.349533074235957,3,4148,38,180,98
19,30,84,AdaptiveCuttingAuction,0.05,0.01,10,True,,1000,3600,cats_path_g30b150,True,heuristic,3,False,CATS,150,paths,MultiMinded,1000,MaxIter,621.789999999979,16.550685,17,1.19703,0.78075050000000001,14.585909000000001,15.33412845092192,3.0714841108224094,11.456606114797756,3,71,43,210,114
20,30,57,AdaptiveCuttingAuction,0.05,0.01,10,True,,1000,3600,cats_path_g30b150,True,heuristic,3,False,CATS,150,paths,MultiMinded,1000,MaxIter,719.9099999999744,11.988608000000001,17,0.830201,0.65249500000000005,10.277658999999998,6.8051201886797017,0.85747615459473125,13.466553540307384,3,3876,37,163,87
21,30,76,AdaptiveCuttingAuction,0.05,0.01,10,True,,1000,3600,cats_path_g30b150,True,heuristic,3,False,CATS,150,paths,MultiMinded,1000,MaxIter,1976.1199999999953,16.346269,19,1.16216,0.87333000000000005,14.739338,13.705036512230393,5.3832062236096734,14.708385199967761,3,4789,28,187,106
22,30,62,AdaptiveCuttingAuction,0.05,0.01,10,True,,1000,3600,cats_path_g30b150,True,heuristic,3,False,CATS,150,paths,MultiMinded,1000,MaxIter,1233.5400000000373,11.899390499999999,15,1.11701,0.58296099999999995,9.286844,9.9306881793214323,2.0299505925864127,8.8329773149365582,3,4774,38,178,92
23,30,61,AdaptiveCuttingAuction,0.05,0.01,10,True,,1000,3600,cats_path_g30b150,True,heuristic,3,False,CATS,150,paths,MultiMinded,1000,MaxIter,734.5900000000256,17.460715,16,1.27766,0.872475,14.216817000000002,15.765933925624999,1.8276445304391387,14.029469759453146,3,4636,43,173,91
24,30,72,AdaptiveCuttingAuction,0.05,0.01,10,True,,1000,3600,cats_path_g30b150,True,heuristic,3,False,CATS,150,paths,MultiMinded,1000,MaxIter,608.4199999999837,16.551633999999996,18,1.24587,0.733267,14.318806000000002,16.65158657267834,2.1317212141074213,11.616947548056139,3,5040,31,192,102
25,30,66,AdaptiveCuttingAuction,0.05,0.01,10,True,,1000,3600,cats_path_g30b150,True,heuristic,3,False,CATS,150,paths,MultiMinded,1000,MaxIter,1010.1900000000023,15.951057999999998,16,1.21778,0.74724500000000005,12.117380999999998,10.847539551935689,1.2948705025401199,12.802781660659562,4,4622,45,175,96
26,30,71,AdaptiveCuttingAuction,0.05,0.01,10,True,,1000,3600,cats_path_g30b150,True,heuristic,3,False,CATS,150,paths,MultiMinded,1000,MaxIter,1768.2999999999884,18.600379,20,1.35655,1.0506500000000001,17.411585000000002,15.105532167962664,7.4349124556071651,16.335489916944123,3,4686,30,191,101
27,30,65,AdaptiveCuttingAuction,0.05,0.01,10,True,,1000,3600,cats_path_g30b150,True,heuristic,3,False,CATS,150,paths,MultiMinded,1000,MaxIter,697.929999999993,15.208365,21,1.24835,0.71721100000000004,14.381863999999998,18.344679078105525,5.5309121948967235,10.847530893601112,3,70,42,182,95
28,30,68,AdaptiveCuttingAuction,0.05,0.01,10,True,,1000,3600,cats_path_g30b150,True,heuristic,3,False,CATS,150,paths,MultiMinded,1000,MaxIter,1039.75,14.86174,17,1.33611,1.01847,14.186442000000003,12.401863386797771,3.2999847725068077,10.471251813738821,3,80,24,199,98
29,30,58,AdaptiveCuttingAuction,0.05,0.01,10,True,,1000,3600,cats_path_g30b150,True,heuristic,3,False,CATS,150,paths,MultiMinded,1000,MaxIter,1166.5,11.257909999999999,16,0.8594,0.57639300000000004,9.172326,10.981444949349456,2.8570012810818946,9.0491016044803985,3,4640,22,171,88
30,30,65,AdaptiveCuttingAuction,0.05,0.01,10,True,,1000,3600,cats_path_g30b150,True,heuristic,3,False,CATS,150,paths,MultiMinded,1000,MaxIter,1395.7700000000186,12.752407,17,1.05004,0.71123899999999995,10.794965999999999,9.5990609765181834,2.9649564206620056,12.283863579605653,4,4681,28,180,95
31,30,58,AdaptiveCuttingAuction,0.05,0.01,10,True,,1000,3600,cats_path_g30b150,True,heuristic,3,False,CATS,150,paths,MultiMinded,1000,MaxIter,1723.0899999999674,13.4727089,17,1.18366,0.86047800000000008,12.449143900000001,13.011974132428726,2.7762053199427812,10.824738631527879,4,5220,30,171,88
32,30,79,AdaptiveCuttingAuction,0.05,0.01,10,True,,1000,3600,cats_path_g30b150,True,heuristic,3,False,CATS,150,paths,MultiMinded,1000,MaxIter,1923.6300000000047,17.626487,19,1.11283,0.85035499999999997,15.193525,14.845268954394719,5.3829626307261993,14.90880218103587,3,5689,39,194,109
33,30,66,AdaptiveCuttingAuction,0.05,0.01,10,True,,1000,3600,cats_path_g30b150,True,heuristic,3,False,CATS,150,paths,MultiMinded,1000,MaxIter,1266.9500000000116,13.562479100000003,15,1.17658,0.71348500000000004,11.034117,11.396962774410902,2.5227705416484403,12.940654041591817,4,4753,38,179,96
34,30,59,AdaptiveCuttingAuction,0.05,0.01,10,True,,1000,3600,cats_path_g30b150,True,heuristic,3,False,CATS,150,paths,MultiMinded,1000,MaxIter,1371.4700000000303,15.543004,14,1.16304,0.84088200000000002,13.106645000000002,12.169578530200726,2.3053416867434957,12.483705377591775,4,4484,25,169,89
35,30,61,AdaptiveCuttingAuction,0.05,0.01,10,True,,1000,3600,cats_path_g30b150,True,heuristic,3,False,CATS,150,paths,MultiMinded,1000,MaxIter,1371.0999999999767,18.943085999999997,15,1.32614,0.92471499999999995,15.761529,14.333396688252943,4.1102245945466738,17.804971828860609,3,4274,34,175,91
36,30,75,AdaptiveCuttingAuction,0.05,0.01,10,True,,1000,3600,cats_path_g30b150,True,heuristic,3,False,CATS,150,paths,MultiMinded,1000,MaxIter,935.789999999979,15.257448999999998,20,1.04514,0.73463400000000001,14.24464,14.520941332452747,2.7572620099129619,12.533240750017811,3,70,32,195,105
37,30,73,AdaptiveCuttingAuction,0.05,0.01,10,True,,1000,3600,cats_path_g30b150,True,heuristic,3,False,CATS,150,paths,MultiMinded,1000,MaxIter,1419.9400000000023,19.314383000000003,20,1.26724,0.81503800000000004,17.329979,17.524544947593085,4.7280016646182963,18.933737017752868,3,5256,24,186,103
38,30,69,AdaptiveCuttingAuction,0.05,0.01,10,True,,1000,3600,cats_path_g30b150,True,heuristic,3,False,CATS,150,paths,MultiMinded,1000,MaxIter,1731.7700000000186,17.06102,18,1.26197,0.80889699999999998,13.338854999999999,14.057934195499424,2.7985332575151132,14.289588736693609,3,5246,28,187,99
39,30,64,AdaptiveCuttingAuction,0.05,0.01,10,True,,1000,3600,cats_path_g30b150,True,heuristic,3,False,CATS,150,paths,MultiMinded,1000,MaxIter,1320.0499999999884,18.017829999999996,15,1.46956,1.00953,14.199167,16.843636695409973,2.4747604145558317,14.188523188587512,3,4800,45,179,94
40,30,70,AdaptiveCuttingAuction,0.05,0.01,10,True,,1000,3600,cats_path_g30b150,True,heuristic,3,False,CATS,150,paths,MultiMinded,1000,MaxIter,1287.0,16.415451,18,1.33618,0.79276899999999995,15.264622999999998,14.020459753317194,2.4300611892307962,16.395656135133624,3,4411,27,181,100
41,30,62,AdaptiveCuttingAuction,0.05,0.01,10,True,,1000,3600,cats_path_g30b150,True,heuristic,3,False,CATS,150,paths,MultiMinded,1000,MaxIter,909.070000000007,15.767216000000001,17,1.27329,0.81440000000000001,11.507068999999998,12.686880795089849,3.1068497572604437,13.485622552873064,4,4528,43,169,92
42,30,66,AdaptiveCuttingAuction,0.05,0.01,10,True,,1000,3600,cats_path_g30b150,True,heuristic,3,False,CATS,150,paths,MultiMinded,1000,MaxIter,970.7900000000373,14.387081000000002,19,1.10378,0.674543,12.068908000000004,10.949033491868853,2.0231980864551677,14.644305558129252,3,4488,37,173,96
43,30,57,AdaptiveCuttingAuction,0.05,0.01,10,True,,1000,3600,cats_path_g30b150,True,heuristic,3,False,CATS,150,paths,MultiMinded,1000,MaxIter,1220.460000000021,12.78674,17,1.092,0.74160349999999997,10.40446,11.879253025744212,3.7562636876937372,9.8131529916769349,4,3933,32,170,87
44,30,67,AdaptiveCuttingAuction,0.05,0.01,10,True,,1000,3600,cats_path_g30b150,True,heuristic,3,False,CATS,150,paths,MultiMinded,1000,MaxIter,1593.4199999999837,14.327095000000002,17,1.04382,0.66583400000000004,11.214267999999999,10.467412698695718,2.1237045460352388,14.663586994803227,4,5093,29,178,97
45,30,80,AdaptiveCuttingAuction,0.05,0.01,10,True,,1000,3600,cats_path_g30b150,True,heuristic,3,False,CATS,150,paths,MultiMinded,1000,MaxIter,3131.3499999999767,13.769805999999999,15,1.20458,0.66948099999999999,11.208813,11.069446901242211,3.6395657590840842,10.138197564734607,3,5361,16,196,110
46,30,62,AdaptiveCuttingAuction,0.05,0.01,10,True,,1000,3600,cats_path_g30b150,True,heuristic,3,False,CATS,150,paths,MultiMinded,1000,MaxIter,1247.210000000021,17.982688000000003,16,1.47628,0.89541199999999999,14.601659,14.046530089514061,3.6912237752122978,15.382383817975267,3,5270,30,176,92
47,30,50,AdaptiveCuttingAuction,0.05,0.01,10,True,,1000,3600,cats_path_g30b150,True,heuristic,3,False,CATS,150,paths,MultiMinded,1000,MaxIter,955.4400000000023,14.4709692,12,1.15255,0.87777400000000005,11.108924,10.533563384062074,1.2025944561413175,11.830203921081619,4,3604,39,165,80
48,30,56,AdaptiveCuttingAuction,0.05,0.01,10,True,,1000,3600,cats_path_g30b150,True,heuristic,3,False,CATS,150,paths,MultiMinded,1000,MaxIter,632.0900000000256,19.863466000000003,18,1.39092,0.99550399999999994,17.226178,18.236579789580595,7.2210346060893951,18.416521843357859,3,4368,33,167,86
49,30,59,AdaptiveCuttingAuction,0.05,0.01,10,True,,1000,3600,cats_path_g30b150,True,heuristic,3,False,CATS,150,paths,MultiMinded,1000,MaxIter,1299.2999999999884,12.83722,15,1.27931,0.83850000000000002,11.232044000000002,12.988107944757711,2.9801596521456748,9.7061686275956127,4,4602,29,171,89
50,30,72,AdaptiveCuttingAuction,0.05,0.01,10,True,,1000,3600,cats_path_g30b150,True,heuristic,3,False,CATS,150,paths,MultiMinded,1000,MaxIter,2230.0800000000163,14.769329999999997,16,1.31494,0.719059,13.613568,11.03231174569939,4.4124709620165552,16.078556310941565,3,5761,33,184,102
51,30,72,AdaptiveCuttingAuction,0.05,0.01,10,True,,1000,3600,cats_path_g30b150,True,heuristic,3,False,CATS,150,paths,MultiMinded,1000,MaxIter,1426.5900000000256,16.073219,16,1.09244,0.793798,14.219536000000002,14.497323170672422,3.3957061453298234,13.158088546227527,4,5905,30,196,102
52,30,53,AdaptiveCuttingAuction,0.05,0.01,10,True,,1000,3600,cats_path_g30b150,True,heuristic,3,False,CATS,150,paths,MultiMinded,1000,MaxIter,1012.7200000000303,12.6877335,16,1.34175,0.74289899999999998,11.672578699999999,9.822397285597015,2.4269243222436692,12.40953024677459,3,3922,34,167,83
53,30,69,AdaptiveCuttingAuction,0.05,0.01,10,True,,1000,3600,cats_path_g30b150,True,heuristic,3,False,CATS,150,paths,MultiMinded,1000,MaxIter,1544.399999999965,18.740910999999997,15,1.16684,0.90905150000000001,14.619100999999999,15.531788560117846,3.385382783025856,15.736009587279767,3,4761,34,180,99
54,30,63,AdaptiveCuttingAuction,0.05,0.01,10,True,,1000,3600,cats_path_g30b150,True,heuristic,3,False,CATS,150,paths,MultiMinded,1000,MaxIter,1119.820000000007,15.541510000000004,18,1.41102,0.83414200000000005,13.684512,12.286436493708859,2.3634486095112877,14.78864353480694,5,4410,22,170,93
55,30,79,AdaptiveCuttingAuction,0.05,0.01,10,True,,1000,3600,cats_path_g30b150,True,heuristic,3,False,CATS,150,paths,MultiMinded,1000,MaxIter,1936.5900000000256,15.979884000000002,16,1.1263,0.85292049999999997,13.542926999999999,15.997625464888536,3.4614928244149206,15.188989609822057,4,6004,42,200,109
56,30,75,AdaptiveCuttingAuction,0.05,0.01,10,True,,1000,3600,cats_path_g30b150,True,heuristic,3,False,CATS,150,paths,MultiMinded,1000,MaxIter,2153.359999999986,18.432461999999994,17,1.25637,0.86360099999999995,14.484437000000002,14.045219266276318,4.3490245480360006,17.180249971671827,3,5400,38,195,105
57,30,69,AdaptiveCuttingAuction,0.05,0.01,10,True,,1000,3600,cats_path_g30b150,True,heuristic,3,False,CATS,150,paths,MultiMinded,1000,MaxIter,688.7999999999884,21.377306399999995,17,1.41831,1.0310999999999999,17.579419,17.720096443363484,6.0529621897823853,15.234293510431748,3,5037,35,183,99
58,30,55,AdaptiveCuttingAuction,0.05,0.01,10,True,,1000,3600,cats_path_g30b150,True,heuristic,3,False,CATS,150,paths,MultiMinded,1000,MaxIter,906.359999999986,12.959700999999999,19,1.39908,0.69830300000000001,11.280661999999998,11.614248991396147,3.7996508882454099,10.330022953712449,3,4181,35,162,85
59,30,62,AdaptiveCuttingAuction,0.05,0.01,10,True,,1000,3600,cats_path_g30b150,True,heuristic,3,False,CATS,150,paths,MultiMinded,1000,MaxIter,1159.8800000000047,11.245693,16,0.937523,0.59201349999999997,9.628406999999997,7.1460513696548134,1.4056769853826325,10.225418972228168,3,3844,36,173,92
60,30,62,AdaptiveCuttingAuction,0.05,0.01,10,True,,1000,3600,cats_path_g30b150,True,heuristic,3,False,CATS,150,paths,MultiMinded,1000,MaxIter,1765.859999999986,16.295090999999996,18,1.36668,0.91428500000000001,15.518752999999998,15.017743471526984,4.9682170536365957,13.710093464760579,3,4837,38,181,92
61,30,65,AdaptiveCuttingAuction,0.05,0.01,10,True,,1000,3600,cats_path_g30b150,True,heuristic,3,False,CATS,150,paths,MultiMinded,1000,MaxIter,960.2399999999907,12.734226999999999,15,1.10066,0.73527699999999996,10.33024,11.900184038800823,2.1989071741494435,9.8445389616120131,4,4225,28,187,95
62,30,74,AdaptiveCuttingAuction,0.05,0.01,10,True,,1000,3600,cats_path_g30b150,True,heuristic,3,False,CATS,150,paths,MultiMinded,1000,MaxIter,1653.530000000028,15.189660000000002,18,1.07901,0.72534500000000002,11.845146000000002,11.523834252502025,3.2514504402168019,12.778419206464333,4,4884,37,195,104
63,30,57,AdaptiveCuttingAuction,0.05,0.01,10,True,,1000,3600,cats_path_g30b150,True,heuristic,3,False,CATS,150,paths,MultiMinded,1000,MaxIter,529.570000000007,15.812223,16,1.17468,0.85123000000000004,13.575961999999997,15.136219106224646,2.3744366101337788,13.302618421872506,3,69,28,163,87
64,30,65,AdaptiveCuttingAuction,0.05,0.01,10,True,,1000,3600,cats_path_g30b150,True,heuristic,3,False,CATS,150,paths,MultiMinded,1000,MaxIter,1267.6199999999953,14.256674000000002,17,1.1464,0.76940900000000001,12.756427,13.488498267208714,3.7369983275273415,11.316490792946549,3,4878,42,168,95
65,30,75,AdaptiveCuttingAuction,0.05,0.01,10,True,,1000,3600,cats_path_g30b150,True,heuristic,3,False,CATS,150,paths,MultiMinded,1000,MaxIter,1806.5499999999884,14.689584000000002,15,1.20503,0.79890700000000003,12.423234,12.997045264058171,4.532150304522137,14.297687835765409,3,5178,41,194,105
66,30,64,AdaptiveCuttingAuction,0.05,0.01,10,True,,1000,3600,cats_path_g30b150,True,heuristic,3,False,CATS,150,paths,MultiMinded,1000,MaxIter,978.2600000000093,15.318505000000002,17,1.13026,0.77133499999999999,13.246181999999997,15.5051587100006,5.1834418415271726,10.921759579568896,3,4608,19,182,94
67,30,65,AdaptiveCuttingAuction,0.05,0.01,10,True,,1000,3600,cats_path_g30b150,True,heuristic,3,False,CATS,150,paths,MultiMinded,1000,MaxIter,1296.8099999999977,17.19162,16,1.36208,0.868533,14.492179000000004,13.19922588286663,3.2373721526125592,14.938422869690903,4,5202,44,174,95
68,30,62,AdaptiveCuttingAuction,0.05,0.01,10,True,,1000,3600,cats_path_g30b150,True,heuristic,3,False,CATS,150,paths,MultiMinded,1000,MaxIter,992.0100000000093,16.58045,16,1.1806,0.75433449999999991,12.261081999999996,9.223380699389093,0.75070637788151728,13.328349678131779,3,4341,39,175,92
69,30,69,AdaptiveCuttingAuction,0.05,0.01,10,True,,1000,3600,cats_path_g30b150,True,heuristic,3,False,CATS,150,paths,MultiMinded,1000,MaxIter,806.4899999999907,16.94247,18,1.39982,0.781829,14.428619,15.321209330824914,3.7216153278055844,15.482919405286321,4,4900,27,174,99
70,30,69,AdaptiveCuttingAuction,0.05,0.01,10,True,,1000,3600,cats_path_g30b150,True,heuristic,3,False,CATS,150,paths,MultiMinded,1000,MaxIter,1411.969999999972,15.6214981,15,1.25374,0.86018899999999998,11.807427,14.41675851344506,2.2264380835856294,11.344992103788881,3,4902,25,188,99
71,30,72,AdaptiveCuttingAuction,0.05,0.01,10,True,,1000,3600,cats_path_g30b150,True,heuristic,3,False,CATS,150,paths,MultiMinded,1000,MaxIter,1122.969999999972,18.0902305,18,1.22443,0.96304999999999996,16.104987,15.701626894812881,3.8040598029482005,18.273338112193937,3,5114,55,184,102
72,30,71,AdaptiveCuttingAuction,0.05,0.01,10,True,,1000,3600,cats_path_g30b150,True,heuristic,3,False,CATS,150,paths,MultiMinded,1000,MaxIter,1699.7900000000373,14.262129000000002,21,1.12549,0.60241199999999995,12.93316,10.879299764537754,3.651063162713625,14.994645417334285,3,5325,32,181,101
73,30,61,AdaptiveCuttingAuction,0.05,0.01,10,True,,1000,3600,cats_path_g30b150,True,heuristic,3,False,CATS,150,paths,MultiMinded,1000,MaxIter,1276.5199999999604,16.416352,17,1.29762,0.90387399999999996,13.892478000000002,13.486706592106442,5.9001970855625956,14.898208747442544,3,4760,26,183,91
74,30,65,AdaptiveCuttingAuction,0.05,0.01,10,True,,1000,3600,cats_path_g30b150,True,heuristic,3,False,CATS,150,paths,MultiMinded,1000,MaxIter,845.5600000000559,10.025623,16,0.812177,0.53816299999999995,8.346003,10.899031131507284,2.4240190614263271,8.6492870734487806,4,79,37,177,95
75,30,69,AdaptiveCuttingAuction,0.05,0.01,10,True,,1000,3600,cats_path_g30b150,True,heuristic,3,False,CATS,150,paths,MultiMinded,1000,MaxIter,865.9199999999837,15.321485,19,1.30411,0.789794,14.052597999999998,15.598272251449147,4.5227903693004228,14.871837980429838,3,5245,48,174,99
76,30,66,AdaptiveCuttingAuction,0.05,0.01,10,True,,1000,3600,cats_path_g30b150,True,heuristic,3,False,CATS,150,paths,MultiMinded,1000,MaxIter,1607.109999999986,17.565949,16,1.39796,0.82384800000000002,14.623968999999999,13.902746074262947,3.2953472619568673,15.522218780299514,4,4753,48,182,96
77,30,71,AdaptiveCuttingAuction,0.05,0.01,10,True,,1000,3600,cats_path_g30b150,True,heuristic,3,False,CATS,150,paths,MultiMinded,1000,MaxIter,1395.8800000000047,17.445843,18,1.28117,0.83980299999999997,14.590183,12.529907608013323,2.0213883853635601,17.596964089794273,3,4686,40,185,101
78,30,77,AdaptiveCuttingAuction,0.05,0.01,10,True,,1000,3600,cats_path_g30b150,True,heuristic,3,False,CATS,150,paths,MultiMinded,1000,MaxIter,1704.9800000000396,17.835809,18,1.27923,0.84794999999999998,14.345638,18.23954444669123,4.4601000162471331,15.333061112912858,3,5236,44,190,107
79,30,71,AdaptiveCuttingAuction,0.05,0.01,10,True,,1000,3600,cats_path_g30b150,True,heuristic,3,False,CATS,150,paths,MultiMinded,1000,MaxIter,1875.5800000000163,15.251795000000001,18,1.08004,0.77857100000000001,12.456336,13.664464631995337,1.2898292631881905,12.688615063068299,3,6035,40,188,101
80,30,67,AdaptiveCuttingAuction,0.05,0.01,10,True,,1000,3600,cats_path_g30b150,True,heuristic,3,False,CATS,150,paths,MultiMinded,1000,MaxIter,1293.5800000000163,21.216326000000002,19,1.34186,1.05186,18.698783,18.581007013190916,8.7294931420586526,18.08904994746068,3,4093,29,176,97
81,30,68,AdaptiveCuttingAuction,0.05,0.01,10,True,,1000,3600,cats_path_g30b150,True,heuristic,3,False,CATS,150,paths,MultiMinded,1000,MaxIter,1074.7900000000373,14.454433000000002,18,1.14794,0.83136399999999999,12.889469,12.936619187141106,3.7123797917746142,12.357304910749281,4,4692,23,180,98
82,30,64,AdaptiveCuttingAuction,0.05,0.01,10,True,,1000,3600,cats_path_g30b150,True,heuristic,3,False,CATS,150,paths,MultiMinded,1000,MaxIter,477.3500000000349,14.456647999999998,19,1.03149,0.62555099999999997,13.005519,14.478172584273979,2.9535880697983576,12.657141201646791,3,67,41,169,94
83,30,64,AdaptiveCuttingAuction,0.05,0.01,10,True,,1000,3600,cats_path_g30b150,True,heuristic,3,False,CATS,150,paths,MultiMinded,1000,MaxIter,735.8699999999953,15.243575000000002,19,1.11077,0.82948200000000005,13.844667,14.848743618224734,2.0422090226647143,13.456292167160475,3,4288,33,168,94
84,30,55,AdaptiveCuttingAuction,0.05,0.01,10,True,,1000,3600,cats_path_g30b150,True,heuristic,3,False,CATS,150,paths,MultiMinded,1000,MaxIter,870.6200000000536,10.829593,16,1.04035,0.60557799999999995,9.538999,8.1000639443315787,1.1030454075257405,10.04677278838219,4,3797,41,163,85
85,30,70,AdaptiveCuttingAuction,0.05,0.01,10,True,,1000,3600,cats_path_g30b150,True,heuristic,3,False,CATS,150,paths,MultiMinded,1000,MaxIter,935.7000000000116,17.838826,15,1.20482,0.99917599999999995,15.61784,17.210009485846843,3.1112056818441012,12.764497538647831,4,5740,36,189,100
86,30,63,AdaptiveCuttingAuction,0.05,0.01,10,True,,1000,3600,cats_path_g30b150,True,heuristic,3,False,CATS,150,paths,MultiMinded,1000,MaxIter,1262.8800000000047,14.348480000000002,15,1.12303,0.66461599999999998,12.261632999999998,10.533418581091553,3.3370759410851765,12.454467754115468,3,5481,45,176,93
87,30,64,AdaptiveCuttingAuction,0.05,0.01,10,True,,1000,3600,cats_path_g30b150,True,heuristic,3,False,CATS,150,paths,MultiMinded,1000,MaxIter,1536.969999999972,15.876268000000007,15,1.16618,0.92069400000000001,12.872005000000001,12.916423889184095,2.1979144235444252,11.971233629640238,5,4613,27,182,94
88,30,76,AdaptiveCuttingAuction,0.05,0.01,10,True,,1000,3600,cats_path_g30b150,True,heuristic,3,False,CATS,150,paths,MultiMinded,1000,MaxIter,1879.3400000000256,20.508544000000004,16,1.50963,0.97545999999999999,17.119203000000002,15.316533214701906,2.3109653572569919,16.062522212370663,4,5018,32,198,106
89,30,72,AdaptiveCuttingAuction,0.05,0.01,10,True,,1000,3600,cats_path_g30b150,True,heuristic,3,False,CATS,150,paths,MultiMinded,1000,MaxIter,2244.820000000007,16.188547,17,1.37467,0.81535500000000005,14.670433000000001,13.004121557193994,2.9896443271079591,13.721580188293521,3,5328,28,192,102
90,30,54,AdaptiveCuttingAuction,0.05,0.01,10,True,,1000,3600,cats_path_g30b150,True,heuristic,3,False,CATS,150,paths,MultiMinded,1000,MaxIter,813.0199999999604,12.251615099999999,15,0.821456,0.64283100000000004,9.147299,12.58511438199713,2.9135022526722305,9.5732050552412566,3,75,23,173,84
91,30,66,AdaptiveCuttingAuction,0.05,0.01,10,True,,1000,3600,cats_path_g30b150,True,heuristic,3,False,CATS,150,paths,MultiMinded,1000,MaxIter,1091.179999999993,13.249561,13,1.08687,0.77222100000000005,9.607875,12.991891377391134,2.9559199664405749,8.3534836774339318,4,5281,34,184,96
92,30,57,AdaptiveCuttingAuction,0.05,0.01,10,True,,1000,3600,cats_path_g30b150,True,heuristic,3,False,CATS,150,paths,MultiMinded,1000,MaxIter,972.4099999999744,12.038590999999998,14,0.968649,0.65237100000000003,7.802262000000001,10.301759832833079,2.1431353112282729,8.4130522186388852,3,4161,35,159,87
93,30,62,AdaptiveCuttingAuction,0.05,0.01,10,True,,1000,3600,cats_path_g30b150,True,heuristic,3,False,CATS,150,paths,MultiMinded,1000,MaxIter,858.1499999999651,16.059345,16,1.15822,0.86252099999999998,13.206819000000001,14.72649298199183,2.2906238961944529,10.800834061617099,3,79,42,177,92
94,30,68,AdaptiveCuttingAuction,0.05,0.01,10,True,,1000,3600,cats_path_g30b150,True,heuristic,3,False,CATS,150,paths,MultiMinded,1000,MaxIter,1799.4899999999907,17.743863,17,1.39576,0.98003499999999999,16.490116,15.794192632773004,2.5589500567357901,13.597359775143339,4,5576,32,186,98
95,30,64,AdaptiveCuttingAuction,0.05,0.01,10,True,,1000,3600,cats_path_g30b150,True,heuristic,3,False,CATS,150,paths,MultiMinded,1000,MaxIter,803.1199999999953,15.467591,17,0.907099,0.58233449999999998,11.441605999999997,9.4368843184928295,2.0756128453421647,15.791024474228987,3,3904,51,156,94
96,30,57,AdaptiveCuttingAuction,0.05,0.01,10,True,,1000,3600,cats_path_g30b150,True,heuristic,3,False,CATS,150,paths,MultiMinded,1000,MaxIter,653.2600000000093,9.8668957,14,1.02137,0.65189799999999998,9.010228,10.170027114056889,3.0529751778195768,6.6954028630888462,4,82,20,181,87
97,30,55,AdaptiveCuttingAuction,0.05,0.01,10,True,,1000,3600,cats_path_g30b150,True,heuristic,3,False,CATS,150,paths,MultiMinded,1000,MaxIter,1033.5800000000163,12.714137000000001,15,1.1671,0.73047649999999997,9.487494,10.571576969896588,2.6980365295397823,11.49588324722399,3,4510,31,166,85
98,30,61,AdaptiveCuttingAuction,0.05,0.01,10,True,,1000,3600,cats_path_g30b150,True,heuristic,3,False,CATS,150,paths,MultiMinded,1000,MaxIter,1124.8499999999767,17.221063000000004,18,1.28051,0.90821799999999997,15.358489000000002,12.558764605585436,3.2362344168590624,18.664305906422051,4,3905,45,168,91
99,30,71,AdaptiveCuttingAuction,0.05,0.01,10,True,,1000,3600,cats_path_g30b150,True,heuristic,3,False,CATS,150,paths,MultiMinded,1000,MaxIter,1129.2600000000093,16.835101,17,1.27222,0.965194,15.044436,18.317960649548958,3.7385803144500596,16.249242630583844,3,5751,38,186,101
100,30,69,AdaptiveCuttingAuction,0.05,0.01,10,True,,1000,3600,cats_path_g30b150,True,heuristic,3,False,CATS,150,paths,MultiMinded,1000,MaxIter,745.0299999999697,11.185935,14,0.872955,0.55562999999999996,7.5589830000000005,8.9649352695936404,2.1724542319404647,7.2631432168013923,3,4485,23,187,99
