idx,items,agents,auction_class,epsilon,stepc,epoch,scalebyvalue,reserve_type,maxiter,maxtime,generator_param_name,personalized,bidding_strategy,heuristic_pool_num,int_prices,generator,bids,distribution,type,rounds,status,runtime,efficient_value,final_num_winners,final_max_agent_value,final_scalevalue,final_value,final_total_price,final_revenue,final_indirect_util,final_price_degree,final_price_sparsity,final_imbalance,final_wd_nvars,final_wd_ncons
1,30,67,LinearSubgradientAuction,0.05,0.02,,True,,1000,3600,cats_path_g30b150,,default,2,False,CATS,150,paths,MultiMinded,1000,MaxIter,2867.630000000001,15.606157999999997,20,1.23481,0.870313,14.823431,11.907061695809606,9.9781323818720935,13.679873974690523,1,28,7,3953,5859
2,30,63,LinearSubgradientAuction,0.05,0.02,,True,,1000,3600,cats_path_g30b150,,default,2,False,CATS,150,paths,MultiMinded,1000,MaxIter,2732.6899999999987,14.094153000000002,17,1.04283,0.78301449999999995,10.548682000000001,11.378509251127875,7.0825975442166511,9.9087172864025259,1,29,18,3780,5637
3,30,69,LinearSubgradientAuction,0.05,0.02,,True,,1000,3600,cats_path_g30b150,,default,2,False,CATS,150,paths,MultiMinded,1000,MaxIter,3094.8199999999997,19.941755999999998,20,1.33809,0.95683499999999999,17.304463,16.345447119760646,11.886179412236581,16.060961415703645,1,30,13,4209,6309
4,30,66,LinearSubgradientAuction,0.05,0.02,,True,,1000,3600,cats_path_g30b150,,default,2,False,CATS,150,paths,MultiMinded,1000,MaxIter,2961.5999999999985,14.118885,18,0.998367,0.78126600000000002,9.671112,12.977742290510244,7.3882452049039591,8.6306315051915625,1,30,16,4026,6036
5,30,65,LinearSubgradientAuction,0.05,0.02,,True,,1000,3600,cats_path_g30b150,,default,2,False,CATS,150,paths,MultiMinded,1000,MaxIter,2900.84,15.664620999999997,25,1.04116,0.78344400000000003,15.262350999999999,12.524394279621152,11.181989999355846,14.442871327017384,1,29,8,3900,5815
6,30,61,LinearSubgradientAuction,0.05,0.02,,True,,1000,3600,cats_path_g30b150,,default,2,False,CATS,150,paths,MultiMinded,1000,MaxIter,2724.010000000002,15.723609,20,1.13448,0.79950699999999997,13.359789999999998,13.342260162365802,9.7057097025498251,12.169589179817731,1,30,8,3721,5581
7,30,64,LinearSubgradientAuction,0.05,0.02,,True,,1000,3600,cats_path_g30b150,,default,2,False,CATS,150,paths,MultiMinded,1000,MaxIter,2838.5600000000013,16.373429,20,1.20046,0.76909549999999993,13.871845,11.716298794399242,7.9512345888399754,12.778911884724947,1,30,13,3904,5854
8,30,72,LinearSubgradientAuction,0.05,0.02,,True,,1000,3600,cats_path_g30b150,,default,2,False,CATS,150,paths,MultiMinded,1000,MaxIter,3288.9600000000028,16.311622,19,1.24903,0.86937299999999995,14.207104999999999,15.43091309359799,11.775965647542892,12.78453601102278,1,30,11,4392,6582
9,30,60,LinearSubgradientAuction,0.05,0.02,,True,,1000,3600,cats_path_g30b150,,default,2,False,CATS,150,paths,MultiMinded,1000,MaxIter,2583.5399999999972,14.554215,21,1.25806,0.77530200000000005,12.816852,12.50614681719259,9.418533100179042,11.645698279802719,1,29,12,3600,5370
10,30,64,LinearSubgradientAuction,0.05,0.02,,True,,1000,3600,cats_path_g30b150,,default,2,False,CATS,150,paths,MultiMinded,1000,MaxIter,2792.0300000000025,15.764945999999998,24,1.20473,0.77151750000000008,14.947422999999999,13.503034609860233,11.966326253944377,14.229896671696121,1,29,6,3840,5726
11,30,70,LinearSubgradientAuction,0.05,0.02,,True,,1000,3600,cats_path_g30b150,,default,2,False,CATS,150,paths,MultiMinded,1000,MaxIter,3168.7400000000016,15.460275,21,1.12749,0.83722600000000003,12.399944999999999,13.588143575767722,9.8900583466708838,11.962163891001975,1,30,13,4270,6400
12,30,67,LinearSubgradientAuction,0.05,0.02,,True,,1000,3600,cats_path_g30b150,,default,2,False,CATS,150,paths,MultiMinded,1000,MaxIter,2922.7299999999996,14.9714,19,1.03711,0.74539299999999997,11.944362,11.400097411740051,7.8263928636622087,11.497075877965347,1,29,17,4020,5993
13,30,70,LinearSubgradientAuction,0.05,0.02,,True,,1000,3600,cats_path_g30b150,,default,2,False,CATS,150,paths,MultiMinded,1000,MaxIter,3066.720000000001,13.718234000000002,23,1.05702,0.66747699999999999,11.334092000000002,10.900349422233219,8.1021371993063163,11.298918314581549,1,29,8,4200,6260
14,30,57,LinearSubgradientAuction,0.05,0.02,,True,,1000,3600,cats_path_g30b150,,default,2,False,CATS,150,paths,MultiMinded,1000,MaxIter,2360.8499999999985,13.5776358,19,1.27472,0.79768799999999995,12.810102999999998,10.909661362820517,8.7472127700786064,11.507172554233208,1,28,13,3363,4989
15,30,76,LinearSubgradientAuction,0.05,0.02,,True,,1000,3600,cats_path_g30b150,,default,2,False,CATS,150,paths,MultiMinded,1000,MaxIter,3526.010000000002,19.193505000000002,21,1.29161,1.0414399999999999,16.476817,16.688128726366035,12.011888760390494,14.95377951768662,1,30,12,4636,6946
16,30,55,LinearSubgradientAuction,0.05,0.02,,True,,1000,3600,cats_path_g30b150,,default,2,False,CATS,150,paths,MultiMinded,1000,MaxIter,2384.3499999999985,17.6371399,18,1.30608,0.92928299999999997,13.095559000000002,14.207252275958368,9.1123988428749225,12.910228742478738,1,30,11,3355,5035
17,30,60,LinearSubgradientAuction,0.05,0.02,,True,,1000,3600,cats_path_g30b150,,default,2,False,CATS,150,paths,MultiMinded,1000,MaxIter,2705.0200000000004,17.3437429,18,1.15586,0.84924900000000003,11.850337,15.966865035352745,9.8349113135625572,11.526476032949745,1,30,17,3660,5490
18,30,68,LinearSubgradientAuction,0.05,0.02,,True,,1000,3600,cats_path_g30b150,,default,2,False,CATS,150,paths,MultiMinded,1000,MaxIter,2973.699999999997,16.532421,20,1.15917,0.79773499999999997,13.507210999999998,14.370079880237853,10.110267985958616,12.399703227447954,1,29,20,4080,6082
19,30,84,LinearSubgradientAuction,0.05,0.02,,True,,1000,3600,cats_path_g30b150,,default,2,False,CATS,150,paths,MultiMinded,929,MaxTime,3603.600000000002,16.550685,20,1.19703,0.78075050000000001,14.013314,13.765813034856963,10.505096818292364,13.31740769416548,1,29,12,5040,7506
20,30,57,LinearSubgradientAuction,0.05,0.02,,True,,1000,3600,cats_path_g30b150,,default,2,False,CATS,150,paths,MultiMinded,1000,MaxIter,2463.130000000001,11.988608000000001,19,0.830201,0.65249500000000005,10.184885,10.130702900324041,7.8428262735945058,10.101840109292711,1,30,10,3477,5217
21,30,76,LinearSubgradientAuction,0.05,0.02,,True,,1000,3600,cats_path_g30b150,,default,2,False,CATS,150,paths,MultiMinded,1000,MaxIter,3535.5999999999985,16.346269,20,1.16216,0.87333000000000005,13.736786999999998,14.009742821024957,9.990488698495934,12.428225711270162,1,30,14,4636,6946
22,30,62,LinearSubgradientAuction,0.05,0.02,,True,,1000,3600,cats_path_g30b150,,default,2,False,CATS,150,paths,MultiMinded,1000,MaxIter,2559.59,11.899390499999999,24,1.11701,0.58296099999999995,10.100666499999999,8.9400476583359278,6.7383723282275874,9.71060756293301,1,27,6,3596,5300
23,30,61,LinearSubgradientAuction,0.05,0.02,,True,,1000,3600,cats_path_g30b150,,default,2,False,CATS,150,paths,MultiMinded,1000,MaxIter,2716.41,17.460715,21,1.27766,0.872475,14.685362,13.222113196445932,9.4484133382177671,14.578031430685247,1,30,14,3721,5581
24,30,72,LinearSubgradientAuction,0.05,0.02,,True,,1000,3600,cats_path_g30b150,,default,2,False,CATS,150,paths,MultiMinded,1000,MaxIter,3256.8100000000013,16.551633999999996,21,1.24587,0.733267,14.724959999999998,14.001838840811129,11.600184750380937,14.412445782901187,1,30,10,4392,6582
25,30,66,LinearSubgradientAuction,0.05,0.02,,True,,1000,3600,cats_path_g30b150,,default,2,False,CATS,150,paths,MultiMinded,1000,MaxIter,2894.1899999999987,15.951057999999998,24,1.21778,0.74724500000000005,14.928919999999996,11.925774167956572,10.265810532281487,14.635311165079198,1,29,4,3960,5904
26,30,71,LinearSubgradientAuction,0.05,0.02,,True,,1000,3600,cats_path_g30b150,,default,2,False,CATS,150,paths,MultiMinded,1000,MaxIter,3179.540000000001,18.600379,20,1.35655,1.0506500000000001,14.622719,14.260217397905745,9.6216034172948035,14.392699975360875,1,30,11,4331,6491
27,30,65,LinearSubgradientAuction,0.05,0.02,,True,,1000,3600,cats_path_g30b150,,default,2,False,CATS,150,paths,MultiMinded,1000,MaxIter,2818.2000000000007,15.208365,21,1.24835,0.71721100000000004,12.625794,11.703335466725569,9.0928981772576218,12.940703052240476,1,30,7,3965,5945
28,30,68,LinearSubgradientAuction,0.05,0.02,,True,,1000,3600,cats_path_g30b150,,default,2,False,CATS,150,paths,MultiMinded,1000,MaxIter,3050.630000000001,14.86174,20,1.33611,1.01847,10.2850751,11.866669421564003,7.1809971810756901,10.569069876419533,1,29,14,4080,6082
29,30,58,LinearSubgradientAuction,0.05,0.02,,True,,1000,3600,cats_path_g30b150,,default,2,False,CATS,150,paths,MultiMinded,1000,MaxIter,2416.6800000000003,11.257909999999999,17,0.8594,0.57639300000000004,8.624943,9.1053832156943688,5.7680070473397302,7.9552463446557784,1,28,16,3422,5076
30,30,65,LinearSubgradientAuction,0.05,0.02,,True,,1000,3600,cats_path_g30b150,,default,2,False,CATS,150,paths,MultiMinded,1000,MaxIter,2883.920000000002,12.752407,18,1.05004,0.71123899999999995,10.463576999999999,10.062226865361094,7.1776499537822902,10.260025116799959,1,30,14,3965,5945
31,30,58,LinearSubgradientAuction,0.05,0.02,,True,,1000,3600,cats_path_g30b150,,default,2,False,CATS,150,paths,MultiMinded,977,Balance,2508.619999999999,13.4727089,20,1.18366,0.86047800000000008,13.4727089,12.001630888145218,11.141152888145221,12.613709603300585,1,30,4,3538,5308
32,30,79,LinearSubgradientAuction,0.05,0.02,,True,,1000,3600,cats_path_g30b150,,default,2,False,CATS,150,paths,MultiMinded,1000,MaxIter,3488.569999999996,17.626487,23,1.11283,0.85035499999999997,17.503136,13.903030104920889,12.743357039125378,16.65338972477101,1,28,1,4661,6903
33,30,66,LinearSubgradientAuction,0.05,0.02,,True,,1000,3600,cats_path_g30b150,,default,2,False,CATS,150,paths,MultiMinded,1000,MaxIter,2986.8100000000013,13.562479100000003,18,1.17658,0.71348500000000004,10.936260100000002,12.208114923948802,8.0568290590578187,9.7172953823780723,1,30,16,4026,6036
34,30,59,LinearSubgradientAuction,0.05,0.02,,True,,1000,3600,cats_path_g30b150,,default,2,False,CATS,150,paths,MultiMinded,1000,MaxIter,2587.350000000002,15.543004,16,1.16304,0.84088200000000002,12.174210000000002,13.032585679205772,8.4838787910605795,11.181475025903055,1,30,16,3599,5399
35,30,61,LinearSubgradientAuction,0.05,0.02,,True,,1000,3600,cats_path_g30b150,,default,2,False,CATS,150,paths,MultiMinded,1000,MaxIter,2625.0000000000036,18.943085999999997,19,1.32614,0.92471499999999995,15.398357999999998,15.901164984097036,10.396178358914771,13.84070982118164,1,29,11,3660,5459
36,30,75,LinearSubgradientAuction,0.05,0.02,,True,,1000,3600,cats_path_g30b150,,default,2,False,CATS,150,paths,MultiMinded,1000,MaxIter,3446.230000000003,15.257448999999998,24,1.04514,0.73463400000000001,13.131618,13.828942396961196,10.768774060737517,12.570617444748354,1,30,13,4575,6855
37,30,73,LinearSubgradientAuction,0.05,0.02,,True,,1000,3600,cats_path_g30b150,,default,2,False,CATS,150,paths,MultiMinded,1000,MaxIter,3301.9500000000044,19.314383000000003,22,1.26724,0.81503800000000004,17.153588,15.641608579833763,12.554264570087435,16.549284117416779,1,30,12,4453,6673
38,30,69,LinearSubgradientAuction,0.05,0.02,,True,,1000,3600,cats_path_g30b150,,default,2,False,CATS,150,paths,MultiMinded,1000,MaxIter,3012.220000000001,17.06102,19,1.26197,0.80889699999999998,15.198780999999999,14.291858329948532,10.889211489609963,13.8300833740931,1,29,12,4140,6171
39,30,64,LinearSubgradientAuction,0.05,0.02,,True,,1000,3600,cats_path_g30b150,,default,2,False,CATS,150,paths,MultiMinded,1000,MaxIter,2856.0099999999984,18.017829999999996,21,1.46956,1.00953,16.194173,14.908802309986671,12.261385480370118,15.371310132002776,1,30,9,3904,5854
40,30,70,LinearSubgradientAuction,0.05,0.02,,True,,1000,3600,cats_path_g30b150,,default,2,False,CATS,150,paths,MultiMinded,1000,MaxIter,3168.1500000000015,16.415451,19,1.33618,0.79276899999999995,13.439978000000002,14.311894595409708,11.012929492766352,13.617130812255148,1,30,13,4270,6400
41,30,62,LinearSubgradientAuction,0.05,0.02,,True,,1000,3600,cats_path_g30b150,,default,2,False,CATS,150,paths,MultiMinded,1000,MaxIter,2636.6800000000003,15.767216000000001,19,1.27329,0.81440000000000001,13.649044,11.371206950610969,7.9374191312829563,12.686582133833703,1,28,12,3658,5424
42,30,66,LinearSubgradientAuction,0.05,0.02,,True,,1000,3600,cats_path_g30b150,,default,2,False,CATS,150,paths,MultiMinded,1000,MaxIter,2993.4000000000015,14.387081000000002,21,1.10378,0.674543,12.028644000000002,12.307751850672975,9.2353785843048453,11.398231369009169,1,30,9,4026,6036
43,30,57,LinearSubgradientAuction,0.05,0.02,,True,,1000,3600,cats_path_g30b150,,default,2,False,CATS,150,paths,MultiMinded,1000,MaxIter,2476.119999999999,12.78674,20,1.092,0.74160349999999997,9.919379000000001,10.8297253303025,7.872000150233422,10.021461552331559,1,30,10,3477,5217
44,30,67,LinearSubgradientAuction,0.05,0.02,,True,,1000,3600,cats_path_g30b150,,default,2,False,CATS,150,paths,MultiMinded,1000,MaxIter,2983.8099999999977,14.327095000000002,23,1.04382,0.66583400000000004,13.283275000000001,11.497961566896755,9.6769747986311376,12.556410805486749,1,30,11,4087,6127
45,30,80,LinearSubgradientAuction,0.05,0.02,,True,,1000,3600,cats_path_g30b150,,default,2,False,CATS,150,paths,MultiMinded,989,MaxTime,3601.4300000000003,13.769805999999999,23,1.20458,0.66948099999999999,11.932984000000001,10.884067946080602,8.2374151902461019,11.232053232242345,1,29,4,4800,7150
46,30,62,LinearSubgradientAuction,0.05,0.02,,True,,1000,3600,cats_path_g30b150,,default,2,False,CATS,150,paths,MultiMinded,1000,MaxIter,2694.1500000000015,17.982688000000003,23,1.47628,0.89541199999999999,16.214014000000002,14.222339288916228,11.358283956296294,15.233929407902396,1,29,10,3720,5548
47,30,50,LinearSubgradientAuction,0.05,0.02,,True,,1000,3600,cats_path_g30b150,,default,2,False,CATS,150,paths,MultiMinded,1000,MaxIter,2099.019999999997,14.4709692,15,1.15255,0.87777400000000005,9.844844,10.178127157507996,6.4782453968497249,11.721960351606544,1,29,24,3000,4480
48,30,56,LinearSubgradientAuction,0.05,0.02,,True,,1000,3600,cats_path_g30b150,,default,2,False,CATS,150,paths,MultiMinded,1000,MaxIter,2452.470000000001,19.863466000000003,19,1.39092,0.99550399999999994,16.630837999999997,15.685304531907288,11.980522656119886,16.288538552682969,1,30,9,3416,5126
49,30,59,LinearSubgradientAuction,0.05,0.02,,True,,1000,3600,cats_path_g30b150,,default,2,False,CATS,150,paths,MultiMinded,1000,MaxIter,2490.0699999999997,12.83722,15,1.27931,0.83850000000000002,8.417671999999998,10.725681409590516,5.1235526412907628,7.2392066305219265,1,28,19,3481,5163
50,30,72,LinearSubgradientAuction,0.05,0.02,,True,,1000,3600,cats_path_g30b150,,default,2,False,CATS,150,paths,MultiMinded,1000,MaxIter,3102.2000000000044,14.769329999999997,20,1.31494,0.719059,13.673489999999997,11.984918092273199,9.7179439308722113,12.626823921444283,1,28,8,4248,6294
51,30,72,LinearSubgradientAuction,0.05,0.02,,True,,1000,3600,cats_path_g30b150,,default,2,False,CATS,150,paths,MultiMinded,1000,MaxIter,3240.939999999995,16.073219,23,1.09244,0.793798,14.679666999999998,13.764585069727675,10.937677965550781,13.31358244126679,1,30,10,4392,6582
52,30,53,LinearSubgradientAuction,0.05,0.02,,True,,1000,3600,cats_path_g30b150,,default,2,False,CATS,150,paths,MultiMinded,1000,MaxIter,2276.6200000000026,12.6877335,15,1.34175,0.74289899999999998,9.7551797,10.433340936773451,7.7161124176211953,10.182030960586712,1,30,17,3233,4853
53,30,69,LinearSubgradientAuction,0.05,0.02,,True,,1000,3600,cats_path_g30b150,,default,2,False,CATS,150,paths,MultiMinded,1000,MaxIter,3107.9500000000044,18.740910999999997,19,1.16684,0.90905150000000001,15.932673999999999,13.986258189743102,11.48584368542345,16.271572296837896,1,30,8,4209,6309
54,30,63,LinearSubgradientAuction,0.05,0.02,,True,,1000,3600,cats_path_g30b150,,default,2,False,CATS,150,paths,MultiMinded,1000,MaxIter,2836.260000000002,15.541510000000004,17,1.41102,0.83414200000000005,9.129049,13.359885836933632,5.8154368180365825,8.4046094854713189,1,30,26,3843,5763
55,30,79,LinearSubgradientAuction,0.05,0.02,,True,,1000,3600,cats_path_g30b150,,default,2,False,CATS,150,paths,MultiMinded,981,MaxTime,3603.3600000000006,15.979884000000002,21,1.1263,0.85292049999999997,13.826639000000002,15.007424436127565,12.092157786857936,13.096004735708174,1,30,6,4819,7219
56,30,75,LinearSubgradientAuction,0.05,0.02,,True,,1000,3600,cats_path_g30b150,,default,2,False,CATS,150,paths,MultiMinded,1000,MaxIter,3271.470000000001,18.432461999999994,21,1.25637,0.86360099999999995,15.54924,14.724810099160399,11.102646451215053,14.894694509836796,1,28,11,4425,6555
57,30,69,LinearSubgradientAuction,0.05,0.02,,True,,1000,3600,cats_path_g30b150,,default,2,False,CATS,150,paths,MultiMinded,1000,MaxIter,3157.030000000006,21.377306399999995,19,1.41831,1.0310999999999999,19.522723999999997,16.196156177321967,13.151021794452488,19.125573796864263,1,30,11,4209,6309
58,30,55,LinearSubgradientAuction,0.05,0.02,,True,,1000,3600,cats_path_g30b150,,default,2,False,CATS,150,paths,MultiMinded,1000,MaxIter,2286.9000000000015,12.959700999999999,18,1.39908,0.69830300000000001,9.142553000000001,10.727481409551665,6.0994651896611014,8.4568775529562323,1,29,15,3300,4925
59,30,62,LinearSubgradientAuction,0.05,0.02,,True,,1000,3600,cats_path_g30b150,,default,2,False,CATS,150,paths,MultiMinded,1000,MaxIter,2729.239999999998,11.245693,21,0.937523,0.59201349999999997,10.393239,8.5761214889299691,6.8119585611324558,9.4823781104330678,1,29,6,3720,5548
60,30,62,LinearSubgradientAuction,0.05,0.02,,True,,1000,3600,cats_path_g30b150,,default,2,False,CATS,150,paths,MultiMinded,1000,MaxIter,2705.010000000002,16.295090999999996,18,1.36668,0.91428500000000001,12.662009999999997,14.171876960104589,9.8548027065834916,12.002913917020024,1,30,16,3782,5672
61,30,65,LinearSubgradientAuction,0.05,0.02,,True,,1000,3600,cats_path_g30b150,,default,2,False,CATS,150,paths,MultiMinded,1000,MaxIter,2830.970000000001,12.734226999999999,19,1.10066,0.73527699999999996,11.075365,9.8924971949648963,7.9003012904033909,10.828277377577887,1,29,12,3900,5815
62,30,74,LinearSubgradientAuction,0.05,0.02,,True,,1000,3600,cats_path_g30b150,,default,2,False,CATS,150,paths,MultiMinded,1000,MaxIter,3340.0599999999977,15.189660000000002,22,1.07901,0.72534500000000002,14.279047000000004,11.106611396915367,8.9932419392874561,13.080345146933979,1,29,9,4440,6616
63,30,57,LinearSubgradientAuction,0.05,0.02,,True,,1000,3600,cats_path_g30b150,,default,2,False,CATS,150,paths,MultiMinded,1000,MaxIter,2476.8499999999985,15.812223,18,1.17468,0.85123000000000004,12.230644000000002,14.242421858712056,9.694072767566654,11.406248995666049,1,30,15,3477,5217
64,30,65,LinearSubgradientAuction,0.05,0.02,,True,,1000,3600,cats_path_g30b150,,default,2,False,CATS,150,paths,MultiMinded,1000,MaxIter,2809.2599999999948,14.256674000000002,21,1.1464,0.76940900000000001,13.348746000000002,12.272921896112027,10.271540349462926,12.258284381409991,1,28,7,3835,5685
65,30,75,LinearSubgradientAuction,0.05,0.02,,True,,1000,3600,cats_path_g30b150,,default,2,False,CATS,150,paths,MultiMinded,1000,MaxIter,3380.659999999996,14.689584000000002,21,1.20503,0.79890700000000003,12.559999000000001,13.293380690128549,9.8547810335164332,11.2852358540606,1,30,10,4575,6855
66,30,64,LinearSubgradientAuction,0.05,0.02,,True,,1000,3600,cats_path_g30b150,,default,2,False,CATS,150,paths,MultiMinded,1000,MaxIter,2881.9400000000023,15.318505000000002,22,1.13026,0.77133499999999999,14.188245000000002,13.551506151610509,10.998347970137919,12.766098958284738,1,30,5,3904,5854
67,30,65,LinearSubgradientAuction,0.05,0.02,,True,,1000,3600,cats_path_g30b150,,default,2,False,CATS,150,paths,MultiMinded,1000,MaxIter,2905.3600000000006,17.19162,20,1.36208,0.868533,15.790730000000002,14.652817232322921,12.426306315639053,15.160690943335585,1,30,6,3965,5945
68,30,62,LinearSubgradientAuction,0.05,0.02,,True,,1000,3600,cats_path_g30b150,,default,2,False,CATS,150,paths,MultiMinded,1000,MaxIter,2630.7000000000044,16.58045,20,1.1806,0.75433449999999991,14.491710999999999,8.229898799639944,5.8738249915063214,14.379654946411854,1,28,11,3658,5424
69,30,69,LinearSubgradientAuction,0.05,0.02,,True,,1000,3600,cats_path_g30b150,,default,2,False,CATS,150,paths,MultiMinded,1000,MaxIter,3085.260000000002,16.94247,24,1.39982,0.781829,15.439299000000004,14.5254989058693,11.107717329292685,13.941357835906974,1,30,12,4209,6309
70,30,69,LinearSubgradientAuction,0.05,0.02,,True,,1000,3600,cats_path_g30b150,,default,2,False,CATS,150,paths,MultiMinded,1000,MaxIter,2971.3899999999994,15.6214981,18,1.25374,0.86018899999999998,11.8369761,12.708262574253656,7.9634214888018029,11.014967291804922,1,28,17,4071,6033
71,30,72,LinearSubgradientAuction,0.05,0.02,,True,,1000,3600,cats_path_g30b150,,default,2,False,CATS,150,paths,MultiMinded,1000,MaxIter,3184.2000000000044,18.0902305,19,1.22443,0.96304999999999996,13.533617000000001,16.297134299811884,10.866684220058719,12.795905048041117,1,29,13,4320,6438
72,30,71,LinearSubgradientAuction,0.05,0.02,,True,,1000,3600,cats_path_g30b150,,default,2,False,CATS,150,paths,MultiMinded,1000,MaxIter,3197.3899999999994,14.262129000000002,22,1.12549,0.60241199999999995,11.807839000000003,10.799707044504975,8.0333664396287254,12.24534484370345,1,30,15,4331,6491
73,30,61,LinearSubgradientAuction,0.05,0.02,,True,,1000,3600,cats_path_g30b150,,default,2,False,CATS,150,paths,MultiMinded,1000,MaxIter,2608.25,16.416352,19,1.29762,0.90387399999999996,15.863627,13.427811353755462,11.285332817458551,14.491314702343001,1,29,10,3660,5459
74,30,65,LinearSubgradientAuction,0.05,0.02,,True,,1000,3600,cats_path_g30b150,,default,2,False,CATS,150,paths,MultiMinded,1000,MaxIter,2822.6100000000006,10.025623,20,0.812177,0.53816299999999995,8.038184999999999,8.7757535246260705,5.9588341183279638,7.3443260543875271,1,29,25,3900,5815
75,30,69,LinearSubgradientAuction,0.05,0.02,,True,,1000,3600,cats_path_g30b150,,default,2,False,CATS,150,paths,MultiMinded,1000,MaxIter,3136.0899999999965,15.321485,22,1.30411,0.789794,13.053332999999999,13.300008244587371,9.737911038779119,11.880895445581176,1,30,13,4209,6309
76,30,66,LinearSubgradientAuction,0.05,0.02,,True,,1000,3600,cats_path_g30b150,,default,2,False,CATS,150,paths,MultiMinded,1000,MaxIter,2996.280000000006,17.565949,19,1.39796,0.82384800000000002,13.384531099999997,13.874050006269295,9.3314810281610416,13.849575115887994,1,30,12,4026,6036
77,30,71,LinearSubgradientAuction,0.05,0.02,,True,,1000,3600,cats_path_g30b150,,default,2,False,CATS,150,paths,MultiMinded,1000,MaxIter,3233.8600000000006,17.445843,22,1.28117,0.83980299999999997,15.361876000000002,13.999721966858354,10.624437037018811,14.288164764513773,1,30,9,4331,6491
78,30,77,LinearSubgradientAuction,0.05,0.02,,True,,1000,3600,cats_path_g30b150,,default,2,False,CATS,150,paths,MultiMinded,1000,MaxIter,3528.8700000000026,17.835809,22,1.27923,0.84794999999999998,16.24768,15.606815312869644,13.076660065568079,15.533006151391147,1,30,7,4697,7037
79,30,71,LinearSubgradientAuction,0.05,0.02,,True,,1000,3600,cats_path_g30b150,,default,2,False,CATS,150,paths,MultiMinded,1000,MaxIter,3200.0999999999985,15.251795000000001,21,1.08004,0.77857100000000001,13.184339000000001,13.100263425729391,10.379735921774547,12.918776259303092,1,30,10,4331,6491
80,30,67,LinearSubgradientAuction,0.05,0.02,,True,,1000,3600,cats_path_g30b150,,default,2,False,CATS,150,paths,MultiMinded,1000,MaxIter,3014.1399999999994,21.216326000000002,22,1.34186,1.05186,18.764173000000003,17.504259225822686,13.015727728930893,17.289938899224754,1,30,18,4087,6127
81,30,68,LinearSubgradientAuction,0.05,0.02,,True,,1000,3600,cats_path_g30b150,,default,2,False,CATS,150,paths,MultiMinded,1000,MaxIter,2936.1399999999994,14.454433000000002,20,1.14794,0.83136399999999999,13.320089000000001,10.302757439850952,7.5480973374072544,12.121347019826654,1,28,17,4012,5946
82,30,64,LinearSubgradientAuction,0.05,0.02,,True,,1000,3600,cats_path_g30b150,,default,2,False,CATS,150,paths,MultiMinded,1000,MaxIter,2765.709999999999,14.456647999999998,20,1.03149,0.62555099999999997,12.044746999999997,11.249276239073886,8.3014205208994731,11.588672361203276,1,28,8,3776,5598
83,30,64,LinearSubgradientAuction,0.05,0.02,,True,,1000,3600,cats_path_g30b150,,default,2,False,CATS,150,paths,MultiMinded,1000,MaxIter,2844.5,15.243575000000002,22,1.11077,0.82948200000000005,13.475420999999999,14.092930144340549,11.495350384305853,12.648743517182696,1,30,9,3904,5854
84,30,55,LinearSubgradientAuction,0.05,0.02,,True,,1000,3600,cats_path_g30b150,,default,2,False,CATS,150,paths,MultiMinded,1000,MaxIter,2338.1500000000015,10.829593,17,1.04035,0.60557799999999995,9.138599300000001,8.9646630152630564,6.4828459010251951,8.8087598854570128,1,29,16,3300,4925
85,30,70,LinearSubgradientAuction,0.05,0.02,,True,,1000,3600,cats_path_g30b150,,default,2,False,CATS,150,paths,MultiMinded,1000,MaxIter,3168.8299999999945,17.838826,20,1.20482,0.99917599999999995,16.854652,14.467314470847871,11.395856378052221,15.349061410875617,1,30,8,4270,6400
86,30,63,LinearSubgradientAuction,0.05,0.02,,True,,1000,3600,cats_path_g30b150,,default,2,False,CATS,150,paths,MultiMinded,1000,MaxIter,2778.8499999999985,14.348480000000002,19,1.12303,0.66461599999999998,11.822206999999999,12.015933882593361,9.3893453676460936,11.826019615516399,1,30,11,3843,5763
87,30,64,LinearSubgradientAuction,0.05,0.02,,True,,1000,3600,cats_path_g30b150,,default,2,False,CATS,150,paths,MultiMinded,1000,MaxIter,2856.25,15.876268000000007,22,1.16618,0.92069400000000001,14.853718000000006,11.3054193814081,9.4100499815511327,13.984336114287878,1,29,7,3840,5726
88,30,76,LinearSubgradientAuction,0.05,0.02,,True,,1000,3600,cats_path_g30b150,,default,2,False,CATS,150,paths,MultiMinded,1000,MaxIter,3551.029999999999,20.508544000000004,18,1.50963,0.97545999999999999,13.789038000000001,15.385103366822642,10.60888346569927,15.770193285550626,1,30,18,4636,6946
89,30,72,LinearSubgradientAuction,0.05,0.02,,True,,1000,3600,cats_path_g30b150,,default,2,False,CATS,150,paths,MultiMinded,1000,MaxIter,3248.2100000000064,16.188547,23,1.37467,0.81535500000000005,15.458677000000002,14.263005949171315,12.213218984275564,14.56407702250541,1,30,7,4392,6582
90,30,54,LinearSubgradientAuction,0.05,0.02,,True,,1000,3600,cats_path_g30b150,,default,2,False,CATS,150,paths,MultiMinded,1000,MaxIter,2189.6699999999983,12.251615099999999,23,0.821456,0.64283100000000004,10.6512641,9.1397724030865035,6.9193725280438576,10.14788691062147,1,27,15,3132,4620
91,30,66,LinearSubgradientAuction,0.05,0.02,,True,,1000,3600,cats_path_g30b150,,default,2,False,CATS,150,paths,MultiMinded,1000,MaxIter,2938.0699999999997,13.249561,20,1.08687,0.77222100000000005,11.379586999999999,10.856003256720529,8.2313708140386588,10.745968004768224,1,30,8,4026,6036
92,30,57,LinearSubgradientAuction,0.05,0.02,,True,,1000,3600,cats_path_g30b150,,default,2,False,CATS,150,paths,MultiMinded,1000,MaxIter,2458.1299999999974,12.038590999999998,21,0.968649,0.65237100000000003,10.908534,9.6958315986328056,7.4762186154639521,9.8872936898632595,1,30,9,3477,5217
93,30,62,LinearSubgradientAuction,0.05,0.02,,True,,1000,3600,cats_path_g30b150,,default,2,False,CATS,150,paths,MultiMinded,1000,MaxIter,2607.1800000000003,16.059345,22,1.15822,0.86252099999999998,15.847739,11.344183355138931,10.214818601914043,15.374166715513756,1,28,6,3658,5424
94,30,68,LinearSubgradientAuction,0.05,0.02,,True,,1000,3600,cats_path_g30b150,,default,2,False,CATS,150,paths,MultiMinded,1000,MaxIter,3065.1500000000015,17.743863,14,1.39576,0.98003499999999999,12.491399,16.760362184297911,10.345808439368296,11.354640756778647,1,30,17,4148,6218
95,30,64,LinearSubgradientAuction,0.05,0.02,,True,,1000,3600,cats_path_g30b150,,default,2,False,CATS,150,paths,MultiMinded,1000,MaxIter,2918.959999999999,15.467591,24,0.907099,0.58233449999999998,10.811736999999999,10.466650924230194,7.3774046178525907,12.458426516007904,1,30,13,3904,5854
96,30,57,LinearSubgradientAuction,0.05,0.02,,True,,1000,3600,cats_path_g30b150,,default,2,False,CATS,150,paths,MultiMinded,1000,MaxIter,2402.600000000006,9.8668957,14,1.02137,0.65189799999999998,7.537067000000001,8.5987330702245188,5.9247994991072774,7.3333394553725642,1,29,13,3420,5103
97,30,55,LinearSubgradientAuction,0.05,0.02,,True,,1000,3600,cats_path_g30b150,,default,2,False,CATS,150,paths,MultiMinded,1000,MaxIter,2311.790000000001,12.714137000000001,17,1.1671,0.73047649999999997,9.767181999999998,10.551723496403222,7.0650771987977699,9.3157730026401921,1,29,10,3300,4925
98,30,61,LinearSubgradientAuction,0.05,0.02,,True,,1000,3600,cats_path_g30b150,,default,2,False,CATS,150,paths,MultiMinded,1000,MaxIter,2740.4400000000023,17.221063000000004,16,1.28051,0.90821799999999997,11.071967999999998,16.076134806561747,9.0052631834943746,10.292143204870474,1,30,24,3721,5581
99,30,71,LinearSubgradientAuction,0.05,0.02,,True,,1000,3600,cats_path_g30b150,,default,2,False,CATS,150,paths,MultiMinded,982,Balance,3101.4300000000003,16.835101,22,1.27222,0.965194,16.835101,15.895372075752631,14.833658675752639,15.777230655178855,1,29,9,4260,6349
100,30,69,LinearSubgradientAuction,0.05,0.02,,True,,1000,3600,cats_path_g30b150,,default,2,False,CATS,150,paths,MultiMinded,1000,MaxIter,3024.230000000003,11.185935,23,0.872955,0.55562999999999996,10.428753000000002,8.4496390352079125,7.2566284171296349,10.008697388468157,1,29,10,4140,6171
