idx,items,agents,auction_class,epsilon,stepc,epoch,scalebyvalue,reserve_type,maxiter,maxtime,generator_param_name,personalized,bidding_strategy,heuristic_pool_num,int_prices,generator,bids,distribution,type,rounds,status,runtime,efficient_value,final_num_winners,final_max_agent_value,final_scalevalue,final_value,final_total_price,final_revenue,final_indirect_util,final_price_degree,final_price_sparsity,final_imbalance,final_wd_nvars,final_wd_ncons
1,30,67,AdaptiveCuttingAuction,0.05,0.02,10,True,,1000,3600,cats_path_g30b150,True,default,2,False,CATS,150,paths,MultiMinded,1000,MaxIter,2547.579999999958,15.606157999999997,20,1.23481,0.870313,15.319165999999997,11.606929982395433,10.736616982395438,15.02775339918823,4,3695,3,200,97
2,30,63,AdaptiveCuttingAuction,0.05,0.02,10,True,,1000,3600,cats_path_g30b150,True,default,2,False,CATS,150,paths,MultiMinded,1000,MaxIter,2354.6199999999953,14.094153000000002,23,1.04283,0.78301449999999995,13.754992000000001,11.212232941976991,9.5762077760228603,12.730108454026063,4,3357,5,193,93
3,30,69,AdaptiveCuttingAuction,0.05,0.02,10,True,,1000,3600,cats_path_g30b150,True,default,2,False,CATS,150,paths,MultiMinded,1000,MaxIter,2641.4199999999837,19.941755999999998,22,1.33809,0.95683499999999999,18.989506000000002,16.034220648388455,14.981702148388459,19.645819085852342,4,4363,30,201,99
4,30,66,AdaptiveCuttingAuction,0.05,0.02,10,True,,1000,3600,cats_path_g30b150,True,default,2,False,CATS,150,paths,MultiMinded,1000,MaxIter,812.2999999999884,14.118885,22,0.998367,0.78126600000000002,14.105889000000003,12.666594407782144,11.807201807782146,13.551883677660548,2,2911,6,198,96
5,30,65,AdaptiveCuttingAuction,0.05,0.02,10,True,,1000,3600,cats_path_g30b150,True,default,2,False,CATS,150,paths,MultiMinded,850,MaxTime,3639.7999999999884,15.664620999999997,24,1.04116,0.78344400000000003,15.472536999999997,12.421879100517062,10.560720010926401,14.127575075323811,3,3647,8,203,95
6,30,61,AdaptiveCuttingAuction,0.05,0.02,10,True,,1000,3600,cats_path_g30b150,True,default,2,False,CATS,150,paths,MultiMinded,1000,MaxIter,3081.2000000000116,15.723609,20,1.13448,0.79950699999999997,14.646082,13.15252840650221,11.407350436669743,14.193431050909293,3,4464,11,196,91
7,30,64,AdaptiveCuttingAuction,0.05,0.02,10,True,,1000,3600,cats_path_g30b150,True,default,2,False,CATS,150,paths,MultiMinded,1000,MaxIter,2351.399999999965,16.373429,22,1.20046,0.76909549999999993,16.176938,10.833585850089356,10.013312559635597,16.279825158924819,3,3215,4,195,94
8,30,72,AdaptiveCuttingAuction,0.05,0.02,10,True,,1000,3600,cats_path_g30b150,True,default,2,False,CATS,150,paths,MultiMinded,1000,MaxIter,1839.8699999999953,16.311622,22,1.24903,0.86937299999999995,16.311622000000003,15.389996398199882,14.433686098199887,15.510005030727921,4,5618,1,212,102
9,30,60,AdaptiveCuttingAuction,0.05,0.02,10,True,,1000,3600,cats_path_g30b150,True,default,2,False,CATS,150,paths,MultiMinded,1000,MaxIter,3323.6199999999953,14.554215,22,1.25806,0.77530200000000005,14.221822999999999,12.053755912207192,10.221477430393655,13.39544932909962,3,3157,27,196,90
10,30,64,AdaptiveCuttingAuction,0.05,0.02,10,True,,1000,3600,cats_path_g30b150,True,default,2,False,CATS,150,paths,MultiMinded,552,Balance,726.2600000000093,15.764945999999998,22,1.20473,0.77151750000000008,15.750129999999999,13.556107351479017,12.707438101479021,14.939646323105825,3,66,15,200,94
11,30,70,AdaptiveCuttingAuction,0.05,0.02,10,True,,1000,3600,cats_path_g30b150,True,default,2,False,CATS,150,paths,MultiMinded,1000,MaxIter,872.4199999999837,15.460275,23,1.12749,0.83722600000000003,15.455141999999999,13.639998755556711,12.11181258946052,14.110453597158786,3,51,11,205,100
12,30,67,AdaptiveCuttingAuction,0.05,0.02,10,True,,1000,3600,cats_path_g30b150,True,default,2,False,CATS,150,paths,MultiMinded,1000,MaxIter,2253.2399999999907,14.9714,23,1.03711,0.74539299999999997,14.9714,11.242603066342985,10.422670766342982,14.325307556825864,3,3899,3,200,97
13,30,70,AdaptiveCuttingAuction,0.05,0.02,10,True,,1000,3600,cats_path_g30b150,True,default,2,False,CATS,150,paths,MultiMinded,1000,MaxIter,1373.899999999965,13.718234000000002,24,1.05702,0.66747699999999999,13.62791,10.572081308256585,9.8006853874843056,13.567395331310992,3,3023,3,203,100
14,30,57,AdaptiveCuttingAuction,0.05,0.02,10,True,,1000,3600,cats_path_g30b150,True,default,2,False,CATS,150,paths,MultiMinded,1000,MaxIter,1459.4199999999837,13.5776358,19,1.27472,0.79768799999999995,13.382271,10.738870741230448,9.3836580310378164,12.46572193795552,3,3653,21,196,87
15,30,76,AdaptiveCuttingAuction,0.05,0.02,10,True,,1000,3600,cats_path_g30b150,True,default,2,False,CATS,150,paths,MultiMinded,1000,MaxIter,1010.109999999986,19.193505000000002,25,1.29161,1.0414399999999999,18.844303000000004,16.695085279101715,15.393285279101704,18.33749232123704,3,64,5,208,106
16,30,55,AdaptiveCuttingAuction,0.05,0.02,10,True,,1000,3600,cats_path_g30b150,True,default,2,False,CATS,150,paths,MultiMinded,1000,MaxIter,2063.7699999999604,17.6371399,20,1.30608,0.92928299999999997,16.698412,14.428070138370735,11.396290458608034,15.007963264349264,4,4244,35,190,85
17,30,60,AdaptiveCuttingAuction,0.05,0.02,10,True,,1000,3600,cats_path_g30b150,True,default,2,False,CATS,150,paths,MultiMinded,1000,MaxIter,3277.6399999999558,17.3437429,22,1.15586,0.84924900000000003,16.977456999999994,15.41373080486872,13.640246096730099,16.359167964866714,3,3144,11,195,90
18,30,68,AdaptiveCuttingAuction,0.05,0.02,10,True,,1000,3600,cats_path_g30b150,True,default,2,False,CATS,150,paths,MultiMinded,1000,MaxIter,2077.1300000000047,16.532421,23,1.15917,0.79773499999999997,16.280574,14.462043243595174,12.543207160216278,14.772602066582172,3,2862,15,206,98
19,30,84,AdaptiveCuttingAuction,0.05,0.02,10,True,,1000,3600,cats_path_g30b150,True,default,2,False,CATS,150,paths,MultiMinded,417,Balance,348.27999999996973,16.550685,22,1.19703,0.78075050000000001,16.550685,13.703916421055293,12.879686596369101,15.817484574578765,3,45,6,221,114
20,30,57,AdaptiveCuttingAuction,0.05,0.02,10,True,,1000,3600,cats_path_g30b150,True,default,2,False,CATS,150,paths,MultiMinded,1000,MaxIter,1557.4000000000233,11.988608000000001,20,0.830201,0.65249500000000005,11.447278999999998,10.048150998631115,7.6439564505246977,9.9615074546913576,3,3489,20,197,87
21,30,76,AdaptiveCuttingAuction,0.05,0.02,10,True,,1000,3600,cats_path_g30b150,True,default,2,False,CATS,150,paths,MultiMinded,890,MaxTime,3610.899999999965,16.346269,21,1.16216,0.87333000000000005,15.900985999999996,13.972358769825298,12.504807025346704,15.117266046641255,3,3668,18,212,106
22,30,62,AdaptiveCuttingAuction,0.05,0.02,10,True,,1000,3600,cats_path_g30b150,True,default,2,False,CATS,150,paths,MultiMinded,1000,MaxIter,2084.829999999958,11.899390499999999,24,1.11701,0.58296099999999995,11.719642499999997,8.8707819005367572,8.2227443249388603,11.310276307548765,4,3665,1,197,92
23,30,61,AdaptiveCuttingAuction,0.05,0.02,10,True,,1000,3600,cats_path_g30b150,True,default,2,False,CATS,150,paths,MultiMinded,900,MaxTime,3625.9599999999627,17.460715,24,1.27766,0.872475,17.116541,12.92247814558084,11.62516331891729,17.283466370747739,4,3376,8,194,91
24,30,72,AdaptiveCuttingAuction,0.05,0.02,10,True,,1000,3600,cats_path_g30b150,True,default,2,False,CATS,150,paths,MultiMinded,1000,MaxIter,873.7199999999721,16.551633999999996,22,1.24587,0.733267,16.551634,13.915361376748637,13.130765686748639,16.071029943082692,4,4177,1,210,102
25,30,66,AdaptiveCuttingAuction,0.05,0.02,10,True,,1000,3600,cats_path_g30b150,True,default,2,False,CATS,150,paths,MultiMinded,1000,MaxIter,690.039999999979,15.951057999999998,24,1.21778,0.74724500000000005,15.767471999999998,11.922772436263601,11.059189504091439,15.441389844312273,2,42,4,196,96
26,30,71,AdaptiveCuttingAuction,0.05,0.02,10,True,,1000,3600,cats_path_g30b150,True,default,2,False,CATS,150,paths,MultiMinded,1000,MaxIter,1519.8400000000256,18.600379,22,1.35655,1.0506500000000001,18.579839,14.337846759767787,13.18213175976779,17.866594990544769,3,3484,3,207,101
27,30,65,AdaptiveCuttingAuction,0.05,0.02,10,True,,1000,3600,cats_path_g30b150,True,default,2,False,CATS,150,paths,MultiMinded,1000,MaxIter,2638.4199999999837,15.208365,23,1.24835,0.71721100000000004,15.078235000000001,11.683912450448632,10.082011077920631,14.013362187766903,3,3446,9,197,95
28,30,68,AdaptiveCuttingAuction,0.05,0.02,10,True,,1000,3600,cats_path_g30b150,True,default,2,False,CATS,150,paths,MultiMinded,1000,MaxIter,2145.2700000000186,14.86174,21,1.33611,1.01847,14.7633531,11.545912188868563,10.578365688868566,14.385284031968114,4,4971,7,207,98
29,30,58,AdaptiveCuttingAuction,0.05,0.02,10,True,,1000,3600,cats_path_g30b150,True,default,2,False,CATS,150,paths,MultiMinded,953,Balance,1299.25,11.257909999999999,22,0.8594,0.57639300000000004,11.257909999999999,9.1129734392320021,8.5275624219958175,10.704237396837414,4,4524,15,196,88
30,30,65,AdaptiveCuttingAuction,0.05,0.02,10,True,,1000,3600,cats_path_g30b150,True,default,2,False,CATS,150,paths,MultiMinded,900,MaxTime,3632.1600000000326,12.752407,19,1.05004,0.71123899999999995,11.816371,9.1980555185569912,7.2306892197583092,11.735478422925276,3,3272,19,203,95
31,30,58,AdaptiveCuttingAuction,0.05,0.02,10,True,,1000,3600,cats_path_g30b150,True,default,2,False,CATS,150,paths,MultiMinded,897,Balance,1184.75,13.4727089,20,1.18366,0.86047800000000008,13.4727089,11.979897843360282,11.119419843360285,12.657400273476615,4,69,14,198,88
32,30,79,AdaptiveCuttingAuction,0.05,0.02,10,True,,1000,3600,cats_path_g30b150,True,default,2,False,CATS,150,paths,MultiMinded,1000,MaxIter,2151.679999999993,17.626487,23,1.11283,0.85035499999999997,17.626487,13.965514787956893,12.732340600725166,16.617497241537336,4,4744,1,215,109
33,30,66,AdaptiveCuttingAuction,0.05,0.02,10,True,,1000,3600,cats_path_g30b150,True,default,2,False,CATS,150,paths,MultiMinded,1000,MaxIter,2998.4099999999744,13.562479100000003,23,1.17658,0.71348500000000004,13.350428899999999,12.11553364922627,10.213213868974726,12.063985773172686,3,3454,8,201,96
34,30,59,AdaptiveCuttingAuction,0.05,0.02,10,True,,1000,3600,cats_path_g30b150,True,default,2,False,CATS,150,paths,MultiMinded,1000,MaxIter,1291.3399999999674,15.543004,20,1.16304,0.84088200000000002,15.271711000000002,12.913570916166989,12.072688916166989,14.928303015167783,3,3835,14,195,89
35,30,61,AdaptiveCuttingAuction,0.05,0.02,10,True,,1000,3600,cats_path_g30b150,True,default,2,False,CATS,150,paths,MultiMinded,1000,MaxIter,817.929999999993,18.943085999999997,23,1.32614,0.92471499999999995,18.844067999999996,15.829131904218793,14.781839833027977,18.296745602949819,4,55,8,195,91
36,30,75,AdaptiveCuttingAuction,0.05,0.02,10,True,,1000,3600,cats_path_g30b150,True,default,2,False,CATS,150,paths,MultiMinded,1000,MaxIter,1131.780000000028,15.257448999999998,25,1.04514,0.73463400000000001,14.887826999999998,13.783215075754638,11.69568393553102,13.580096881685503,3,59,14,208,105
37,30,73,AdaptiveCuttingAuction,0.05,0.02,10,True,,1000,3600,cats_path_g30b150,True,default,2,False,CATS,150,paths,MultiMinded,1000,MaxIter,2442.429999999993,19.314383000000003,24,1.26724,0.81503800000000004,18.829983000000006,15.546551328196877,14.568505728196875,18.742296936005292,3,4608,3,203,103
38,30,69,AdaptiveCuttingAuction,0.05,0.02,10,True,,1000,3600,cats_path_g30b150,True,default,2,False,CATS,150,paths,MultiMinded,1000,MaxIter,2726.7999999999884,17.06102,22,1.26197,0.80889699999999998,16.836971999999996,13.894542201320487,13.040598422226923,16.691796407064007,3,4222,42,204,99
39,30,64,AdaptiveCuttingAuction,0.05,0.02,10,True,,1000,3600,cats_path_g30b150,True,default,2,False,CATS,150,paths,MultiMinded,1000,MaxIter,1203.8300000000163,18.017829999999996,21,1.46956,1.00953,18.017829999999996,15.089506442245744,14.029499942245742,17.080082403679043,3,3459,1,199,94
40,30,70,AdaptiveCuttingAuction,0.05,0.02,10,True,,1000,3600,cats_path_g30b150,True,default,2,False,CATS,150,paths,MultiMinded,1000,MaxIter,3593.0999999999767,16.415451,22,1.33618,0.79276899999999995,15.856958000000002,13.793329761604271,11.842030400222857,15.405125096649401,3,3852,11,203,100
41,30,62,AdaptiveCuttingAuction,0.05,0.02,10,True,,1000,3600,cats_path_g30b150,True,default,2,False,CATS,150,paths,MultiMinded,1000,MaxIter,554.1900000000023,15.767216000000001,21,1.27329,0.81440000000000001,15.536626,11.35901043166445,10.538833184429459,15.315580446502505,2,44,11,196,92
42,30,66,AdaptiveCuttingAuction,0.05,0.02,10,True,,1000,3600,cats_path_g30b150,True,default,2,False,CATS,150,paths,MultiMinded,1000,MaxIter,2458.1199999999953,14.387081000000002,23,1.10378,0.674543,14.098796,12.291701912701257,10.019268410305415,12.286891298088289,3,3382,10,201,96
43,30,57,AdaptiveCuttingAuction,0.05,0.02,10,True,,1000,3600,cats_path_g30b150,True,default,2,False,CATS,150,paths,MultiMinded,1000,MaxIter,535.859999999986,12.78674,22,1.092,0.74160349999999997,12.677862,10.840070946160358,10.024307096160362,12.144950102516745,3,2850,6,193,87
44,30,67,AdaptiveCuttingAuction,0.05,0.02,10,True,,1000,3600,cats_path_g30b150,True,default,2,False,CATS,150,paths,MultiMinded,1000,MaxIter,1696.2699999999604,14.327095000000002,24,1.04382,0.66583400000000004,14.206726,11.292691586479117,10.493690786479117,13.670329890218854,4,4226,10,195,97
45,30,80,AdaptiveCuttingAuction,0.05,0.02,10,True,,1000,3600,cats_path_g30b150,True,default,2,False,CATS,150,paths,MultiMinded,1000,MaxIter,1803.7600000000093,13.769805999999999,24,1.20458,0.66948099999999999,13.681149999999999,10.907316754558973,10.134491749931511,13.095668922752079,3,4649,9,217,110
46,30,62,AdaptiveCuttingAuction,0.05,0.02,10,True,,1000,3600,cats_path_g30b150,True,default,2,False,CATS,150,paths,MultiMinded,1000,MaxIter,2201.4099999999744,17.982688000000003,24,1.47628,0.89541199999999999,17.343854,14.236964013757683,13.162469613757684,17.036079769259523,3,69,8,197,92
47,30,50,AdaptiveCuttingAuction,0.05,0.02,10,True,,1000,3600,cats_path_g30b150,True,default,2,False,CATS,150,paths,MultiMinded,1000,MaxIter,1911.4000000000233,14.4709692,17,1.15255,0.87777400000000005,14.181124,9.7287932191141895,8.0896241165563278,14.008093973860804,3,2960,25,184,80
48,30,56,AdaptiveCuttingAuction,0.05,0.02,10,True,,1000,3600,cats_path_g30b150,True,default,2,False,CATS,150,paths,MultiMinded,1000,MaxIter,1278.0199999999604,19.863466000000003,19,1.39092,0.99550399999999994,18.641734,14.794455855008096,13.848727055008101,19.269952468969443,3,2803,6,189,86
49,30,59,AdaptiveCuttingAuction,0.05,0.02,10,True,,1000,3600,cats_path_g30b150,True,default,2,False,CATS,150,paths,MultiMinded,541,Balance,512.9000000000233,12.83722,18,1.27931,0.83850000000000002,12.83722,10.869041359995224,10.156316359995223,12.174075395581742,3,3307,11,196,89
50,30,72,AdaptiveCuttingAuction,0.05,0.02,10,True,,1000,3600,cats_path_g30b150,True,default,2,False,CATS,150,paths,MultiMinded,800,MaxTime,3603.8300000000163,14.769329999999997,20,1.31494,0.719059,14.590504,11.277064991570807,10.574691274055288,14.845527518399294,4,4695,21,206,102
51,30,72,AdaptiveCuttingAuction,0.05,0.02,10,True,,1000,3600,cats_path_g30b150,True,default,2,False,CATS,150,paths,MultiMinded,660,MaxTime,3627.789999999979,16.073219,24,1.09244,0.793798,15.480186,13.18086953718149,11.981633582319763,15.269403838311698,4,3974,18,207,102
52,30,53,AdaptiveCuttingAuction,0.05,0.02,10,True,,1000,3600,cats_path_g30b150,True,default,2,False,CATS,150,paths,MultiMinded,1000,MaxIter,1108.9799999999814,12.6877335,18,1.34175,0.74289899999999998,12.475423699999997,10.438914051925435,8.7606913663454886,11.132622828362628,3,3399,4,192,83
53,30,69,AdaptiveCuttingAuction,0.05,0.02,10,True,,1000,3600,cats_path_g30b150,True,default,2,False,CATS,150,paths,MultiMinded,959,Balance,589.9199999999837,18.740910999999997,21,1.16684,0.90905150000000001,18.740910999999997,13.962261628572529,13.007757553572525,17.834697326323415,4,57,7,202,99
54,30,63,AdaptiveCuttingAuction,0.05,0.02,10,True,,1000,3600,cats_path_g30b150,True,default,2,False,CATS,150,paths,MultiMinded,1000,MaxIter,2781.780000000028,15.541510000000004,21,1.41102,0.83414200000000005,15.513590000000004,13.046832279081356,12.170983179081356,15.268668689536648,4,3614,7,198,93
55,30,79,AdaptiveCuttingAuction,0.05,0.02,10,True,,1000,3600,cats_path_g30b150,True,default,2,False,CATS,150,paths,MultiMinded,750,MaxTime,3600.2399999999907,15.979884000000002,21,1.1263,0.85292049999999997,15.381658000000002,14.535479744664867,11.694615369852626,13.818933127217631,4,4199,16,217,109
56,30,75,AdaptiveCuttingAuction,0.05,0.02,10,True,,1000,3600,cats_path_g30b150,True,default,2,False,CATS,150,paths,MultiMinded,1000,MaxIter,2437.9100000000326,18.432461999999994,24,1.25637,0.86360099999999995,18.432461999999994,14.873456713649588,13.497619028562514,17.175764405584324,3,3903,1,209,105
57,30,69,AdaptiveCuttingAuction,0.05,0.02,10,True,,1000,3600,cats_path_g30b150,True,default,2,False,CATS,150,paths,MultiMinded,1000,MaxIter,878.3699999999953,21.377306399999995,19,1.41831,1.0310999999999999,20.877873999999995,16.088717739225459,15.109172739225453,21.200999680647932,3,54,16,202,99
58,30,55,AdaptiveCuttingAuction,0.05,0.02,10,True,,1000,3600,cats_path_g30b150,True,default,2,False,CATS,150,paths,MultiMinded,1000,MaxIter,1657.6300000000047,12.959700999999999,21,1.39908,0.69830300000000001,12.774759,10.790939393608483,9.336026538158448,11.661501912062409,3,3582,18,193,85
59,30,62,AdaptiveCuttingAuction,0.05,0.02,10,True,,1000,3600,cats_path_g30b150,True,default,2,False,CATS,150,paths,MultiMinded,1000,MaxIter,3300.649999999965,11.245693,22,0.937523,0.59201349999999997,11.035982999999998,8.5498210096103087,7.7401723078272857,10.528246450792031,3,2808,2,199,92
60,30,62,AdaptiveCuttingAuction,0.05,0.02,10,True,,1000,3600,cats_path_g30b150,True,default,2,False,CATS,150,paths,MultiMinded,833,Balance,880.3500000000349,16.295090999999996,21,1.36668,0.91428500000000001,16.295090999999996,14.139137204274817,13.205342906472243,15.396576801860199,4,76,17,203,92
61,30,65,AdaptiveCuttingAuction,0.05,0.02,10,True,,1000,3600,cats_path_g30b150,True,default,2,False,CATS,150,paths,MultiMinded,1000,MaxIter,753.0499999999884,12.734226999999999,19,1.10066,0.73527699999999996,12.389627999999998,10.036936071516775,8.4964808180912215,11.245882372002976,4,50,12,200,95
62,30,74,AdaptiveCuttingAuction,0.05,0.02,10,True,,1000,3600,cats_path_g30b150,True,default,2,False,CATS,150,paths,MultiMinded,538,Balance,403.070000000007,15.189660000000002,23,1.07901,0.72534500000000002,15.189660000000002,11.034550409004325,10.236670909004326,14.434452133879788,3,46,13,210,104
63,30,57,AdaptiveCuttingAuction,0.05,0.02,10,True,,1000,3600,cats_path_g30b150,True,default,2,False,CATS,150,paths,MultiMinded,1000,MaxIter,2745.1999999999534,15.812223,21,1.17468,0.85123000000000004,15.6537497,13.863688508135017,12.7506674278075,15.036875529968997,4,3323,11,193,87
64,30,65,AdaptiveCuttingAuction,0.05,0.02,10,True,,1000,3600,cats_path_g30b150,True,default,2,False,CATS,150,paths,MultiMinded,612,Balance,1885.9899999999907,14.256674000000002,22,1.1464,0.76940900000000001,14.256674000000002,12.413511349299071,11.601254623005611,13.489123543404659,3,3903,6,203,95
65,30,75,AdaptiveCuttingAuction,0.05,0.02,10,True,,1000,3600,cats_path_g30b150,True,default,2,False,CATS,150,paths,MultiMinded,1000,MaxIter,1022.4699999999721,14.689584000000002,22,1.20503,0.79890700000000003,14.555367000000002,13.384457630000151,12.505659930000153,13.820899940801286,4,3827,2,209,105
66,30,64,AdaptiveCuttingAuction,0.05,0.02,10,True,,1000,3600,cats_path_g30b150,True,default,2,False,CATS,150,paths,MultiMinded,637,Balance,470.28000000002794,15.318505000000002,23,1.13026,0.77133499999999999,15.291959000000004,13.45532734674463,12.568292096744637,14.475983229140057,2,43,9,196,94
67,30,65,AdaptiveCuttingAuction,0.05,0.02,10,True,,1000,3600,cats_path_g30b150,True,default,2,False,CATS,150,paths,MultiMinded,1000,MaxIter,1185.719999999972,17.19162,21,1.36208,0.868533,17.143557,14.793352547785688,13.565254591581347,16.069581767485225,3,66,6,201,95
68,30,62,AdaptiveCuttingAuction,0.05,0.02,10,True,,1000,3600,cats_path_g30b150,True,default,2,False,CATS,150,paths,MultiMinded,1000,MaxIter,1413.75,16.58045,22,1.1806,0.75433449999999991,16.472020999999998,8.3031323281746374,6.9154111355764396,15.483629753774325,3,2919,12,196,92
69,30,69,AdaptiveCuttingAuction,0.05,0.02,10,True,,1000,3600,cats_path_g30b150,True,default,2,False,CATS,150,paths,MultiMinded,910,MaxTime,3672.4099999999744,16.94247,22,1.39982,0.781829,16.307726000000002,14.281976730303006,11.794970877123445,15.065483886263882,4,4984,25,203,99
70,30,69,AdaptiveCuttingAuction,0.05,0.02,10,True,,1000,3600,cats_path_g30b150,True,default,2,False,CATS,150,paths,MultiMinded,1000,MaxIter,863.3699999999953,15.6214981,21,1.25374,0.86018899999999998,15.1444561,12.723639105381734,10.69097012545995,13.721526840105822,3,4209,5,204,99
71,30,72,AdaptiveCuttingAuction,0.05,0.02,10,True,,1000,3600,cats_path_g30b150,True,default,2,False,CATS,150,paths,MultiMinded,940,MaxTime,3642.2600000000093,18.0902305,22,1.22443,0.96304999999999996,17.848214000000002,16.440390901970826,14.335412876574118,16.258161443137944,3,4057,32,208,102
72,30,71,AdaptiveCuttingAuction,0.05,0.02,10,True,,1000,3600,cats_path_g30b150,True,default,2,False,CATS,150,paths,MultiMinded,1000,MaxIter,677.4700000000303,14.262129000000002,25,1.12549,0.60241199999999995,14.068067000000001,10.789531330449483,10.03651633044948,14.268607595469842,3,49,14,202,101
73,30,61,AdaptiveCuttingAuction,0.05,0.02,10,True,,1000,3600,cats_path_g30b150,True,default,2,False,CATS,150,paths,MultiMinded,900,MaxTime,3642.9700000000303,16.416352,17,1.29762,0.90387399999999996,15.897611999999999,13.209355085238625,11.375422257711753,15.093917859434589,3,3738,17,200,91
74,30,65,AdaptiveCuttingAuction,0.05,0.02,10,True,,1000,3600,cats_path_g30b150,True,default,2,False,CATS,150,paths,MultiMinded,880,MaxTime,3650.7000000000116,10.025623,21,0.812177,0.53816299999999995,9.830672999999999,8.7237662207501501,7.7442582423374908,9.2266566235938168,4,4210,11,201,95
75,30,69,AdaptiveCuttingAuction,0.05,0.02,10,True,,1000,3600,cats_path_g30b150,True,default,2,False,CATS,150,paths,MultiMinded,1000,MaxIter,2875.390000000014,15.321485,24,1.30411,0.789794,15.265914,13.43889590403813,12.01468773192053,14.024519899999994,4,5181,17,206,99
76,30,66,AdaptiveCuttingAuction,0.05,0.02,10,True,,1000,3600,cats_path_g30b150,True,default,2,False,CATS,150,paths,MultiMinded,1000,MaxIter,1334.429999999993,17.565949,22,1.39796,0.82384800000000002,16.888427999999998,13.830359413574767,12.924126613574769,17.452221538141586,4,4159,10,202,96
77,30,71,AdaptiveCuttingAuction,0.05,0.02,10,True,,1000,3600,cats_path_g30b150,True,default,2,False,CATS,150,paths,MultiMinded,1000,MaxIter,2701.7900000000373,17.445843,23,1.28117,0.83980299999999997,17.035274,14.069619180356479,10.382382427931667,14.047013011818578,3,4065,11,210,101
78,30,77,AdaptiveCuttingAuction,0.05,0.02,10,True,,1000,3600,cats_path_g30b150,True,default,2,False,CATS,150,paths,MultiMinded,1000,MaxIter,1647.5200000000186,17.835809,22,1.27923,0.84794999999999998,17.835809,15.593857736149452,13.847617678323616,16.384629669611201,3,4022,5,211,107
79,30,71,AdaptiveCuttingAuction,0.05,0.02,10,True,,1000,3600,cats_path_g30b150,True,default,2,False,CATS,150,paths,MultiMinded,1000,MaxIter,3323.0100000000093,15.251795000000001,21,1.08004,0.77857100000000001,14.50125,12.882583434370837,11.337700768325877,14.201133084883047,4,4700,6,210,101
80,30,67,AdaptiveCuttingAuction,0.05,0.02,10,True,,1000,3600,cats_path_g30b150,True,default,2,False,CATS,150,paths,MultiMinded,1000,MaxIter,3142.7699999999604,21.216326000000002,25,1.34186,1.05186,21.178271000000002,17.201228443201078,15.467089068491882,20.310530268258244,3,3297,9,202,97
81,30,68,AdaptiveCuttingAuction,0.05,0.02,10,True,,1000,3600,cats_path_g30b150,True,default,2,False,CATS,150,paths,MultiMinded,1000,MaxIter,2028.2799999999697,14.454433000000002,20,1.14794,0.83136399999999999,14.256931000000003,10.488892525793389,9.6870565615751119,14.066100245956941,4,3818,13,203,98
82,30,64,AdaptiveCuttingAuction,0.05,0.02,10,True,,1000,3600,cats_path_g30b150,True,default,2,False,CATS,150,paths,MultiMinded,1000,MaxIter,2548.899999999965,14.456647999999998,22,1.03149,0.62555099999999997,14.250405999999998,10.825560410408182,10.183939542561777,14.162115124660936,4,3050,4,197,94
83,30,64,AdaptiveCuttingAuction,0.05,0.02,10,True,,1000,3600,cats_path_g30b150,True,default,2,False,CATS,150,paths,MultiMinded,1000,MaxIter,2900.1199999999953,15.243575000000002,22,1.11077,0.82948200000000005,15.243575,13.856276322346087,12.943846122346086,14.572750817232473,3,3721,10,201,94
84,30,55,AdaptiveCuttingAuction,0.05,0.02,10,True,,1000,3600,cats_path_g30b150,True,default,2,False,CATS,150,paths,MultiMinded,1000,MaxIter,1441.3800000000047,10.829593,17,1.04035,0.60557799999999995,10.736042,8.1586116684585459,7.6518012919661027,11.302247042261854,4,3270,15,196,85
85,30,70,AdaptiveCuttingAuction,0.05,0.02,10,True,,1000,3600,cats_path_g30b150,True,default,2,False,CATS,150,paths,MultiMinded,1000,MaxIter,3017.1900000000023,17.838826,21,1.20482,0.99917599999999995,17.409036000000004,14.464645182268548,12.966577968218401,16.931831844489594,4,3517,15,207,100
86,30,63,AdaptiveCuttingAuction,0.05,0.02,10,True,,1000,3600,cats_path_g30b150,True,default,2,False,CATS,150,paths,MultiMinded,1000,MaxIter,3387.1599999999744,14.348480000000002,20,1.12303,0.66461599999999998,13.636118000000002,11.864202050335722,9.4502792055445859,12.283073030242113,3,3298,7,206,93
87,30,64,AdaptiveCuttingAuction,0.05,0.02,10,True,,1000,3600,cats_path_g30b150,True,default,2,False,CATS,150,paths,MultiMinded,740,Balance,1242.140000000014,15.876268000000007,21,1.16618,0.92069400000000001,15.876268000000003,11.299696202222565,10.361486939395947,15.021610674754779,3,3651,31,202,94
88,30,76,AdaptiveCuttingAuction,0.05,0.02,10,True,,1000,3600,cats_path_g30b150,True,default,2,False,CATS,150,paths,MultiMinded,1000,MaxIter,2235.6199999999953,20.508544000000004,21,1.50963,0.97545999999999999,19.898784000000006,15.307513848773304,14.283280848773298,19.547719531216387,3,4259,8,217,106
89,30,72,AdaptiveCuttingAuction,0.05,0.02,10,True,,1000,3600,cats_path_g30b150,True,default,2,False,CATS,150,paths,MultiMinded,1000,MaxIter,3166.2600000000093,16.188547,23,1.37467,0.81535500000000005,15.749349,13.669089935884578,12.731431685884576,16.022837116762265,4,4414,14,208,102
90,30,54,AdaptiveCuttingAuction,0.05,0.02,10,True,,1000,3600,cats_path_g30b150,True,default,2,False,CATS,150,paths,MultiMinded,1000,MaxIter,1002.0100000000093,12.251615099999999,22,0.821456,0.64283100000000004,12.251615099999999,9.0798782156430953,8.4582172970340714,11.686329444668161,4,67,9,190,84
91,30,66,AdaptiveCuttingAuction,0.05,0.02,10,True,,1000,3600,cats_path_g30b150,True,default,2,False,CATS,150,paths,MultiMinded,1000,MaxIter,1057.0499999999884,13.249561,20,1.08687,0.77222100000000005,13.133205,10.675923590342036,9.092590997497112,11.781585910733289,2,2579,7,204,96
92,30,57,AdaptiveCuttingAuction,0.05,0.02,10,True,,1000,3600,cats_path_g30b150,True,default,2,False,CATS,150,paths,MultiMinded,1000,MaxIter,874.2800000000279,12.038590999999998,22,0.968649,0.65237100000000003,12.022933,9.7009003790160229,8.983292279016025,11.379041589461947,2,2566,3,188,87
93,30,62,AdaptiveCuttingAuction,0.05,0.02,10,True,,1000,3600,cats_path_g30b150,True,default,2,False,CATS,150,paths,MultiMinded,1000,MaxIter,2911.4700000000303,16.059345,20,1.15822,0.86252099999999998,15.568698000000001,11.280541375216053,10.456035668859474,15.848174885854236,3,3226,4,196,92
94,30,68,AdaptiveCuttingAuction,0.05,0.02,10,True,,1000,3600,cats_path_g30b150,True,default,2,False,CATS,150,paths,MultiMinded,1000,MaxIter,3148.0200000000186,17.743863,18,1.39576,0.98003499999999999,17.193203,16.226238211120062,11.974766735611487,14.026014853370178,3,4024,21,208,98
95,30,64,AdaptiveCuttingAuction,0.05,0.02,10,True,,1000,3600,cats_path_g30b150,True,default,2,False,CATS,150,paths,MultiMinded,1000,MaxIter,609.9599999999627,15.467591,27,0.907099,0.58233449999999998,15.359688,10.508170227224669,9.763638376364435,14.805085559723718,3,47,13,193,94
96,30,57,AdaptiveCuttingAuction,0.05,0.02,10,True,,1000,3600,cats_path_g30b150,True,default,2,False,CATS,150,paths,MultiMinded,1000,MaxIter,1134.829999999958,9.8668957,15,1.02137,0.65189799999999998,9.720277000000001,8.5975815068179156,8.1086580068179135,9.5301819983657907,4,3139,7,195,87
97,30,55,AdaptiveCuttingAuction,0.05,0.02,10,True,,1000,3600,cats_path_g30b150,True,default,2,False,CATS,150,paths,MultiMinded,1000,MaxIter,849.710000000021,12.714137000000001,20,1.1671,0.73047649999999997,12.319737,10.534308451882165,9.8361999930709842,12.113436916013365,3,3630,18,193,85
98,30,61,AdaptiveCuttingAuction,0.05,0.02,10,True,,1000,3600,cats_path_g30b150,True,default,2,False,CATS,150,paths,MultiMinded,1000,MaxIter,1411.0999999999767,17.221063000000004,21,1.28051,0.90821799999999997,17.181232,16.004326572223842,15.050697672223839,16.47400200994047,4,4087,8,198,91
99,30,71,AdaptiveCuttingAuction,0.05,0.02,10,True,,1000,3600,cats_path_g30b150,True,default,2,False,CATS,150,paths,MultiMinded,1000,MaxIter,1976.0499999999884,16.835101,22,1.27222,0.965194,16.822731,15.77558619858924,14.713872798589252,15.958253484162753,3,3346,7,209,101
100,30,69,AdaptiveCuttingAuction,0.05,0.02,10,True,,1000,3600,cats_path_g30b150,True,default,2,False,CATS,150,paths,MultiMinded,752,Balance,603.1599999999744,11.185935,23,0.872955,0.55562999999999996,11.185935,8.4561147664966576,7.8171402664966605,10.576219229471715,3,42,8,202,99
