idx,items,agents,auction_class,epsilon,stepc,epoch,scalebyvalue,reserve_type,maxiter,maxtime,generator_param_name,personalized,bidding_strategy,heuristic_pool_num,int_prices,generator,bids,distribution,type,rounds,status,runtime,efficient_value,final_num_winners,final_max_agent_value,final_scalevalue,final_value,final_total_price,final_revenue,final_indirect_util,final_price_degree,final_price_sparsity,final_imbalance,final_wd_nvars,final_wd_ncons
1,30,67,AdaptiveCuttingAuction,0.05,0.01,10,True,,1000,3600,cats_path_g30b150,True,heuristic,2,False,CATS,150,paths,MultiMinded,1000,MaxIter,831.3099999999977,15.606157999999997,17,1.23481,0.870313,14.623419,11.822674080345582,3.7333413100440893,12.702227930100499,3,3685,30,164,97
2,30,63,AdaptiveCuttingAuction,0.05,0.01,10,True,,1000,3600,cats_path_g30b150,True,heuristic,2,False,CATS,150,paths,MultiMinded,1000,MaxIter,657.210000000021,14.094153000000002,17,1.04283,0.78301449999999995,11.670120000000002,13.259409114789534,2.4312276114372131,10.493327674912063,4,3656,36,160,93
3,30,69,AdaptiveCuttingAuction,0.05,0.01,10,True,,1000,3600,cats_path_g30b150,True,heuristic,2,False,CATS,150,paths,MultiMinded,1000,MaxIter,1091.8300000000163,19.941755999999998,19,1.33809,0.95683499999999999,17.093448,15.908325527176906,6.9158047443045874,17.450819609174818,4,4692,48,174,99
4,30,66,AdaptiveCuttingAuction,0.05,0.01,10,True,,1000,3600,cats_path_g30b150,True,heuristic,2,False,CATS,150,paths,MultiMinded,1000,MaxIter,1378.9400000000023,14.118885,19,0.998367,0.78126600000000002,13.388839999999998,11.678929331237008,4.1429936136524086,11.846024072684806,3,4489,27,169,96
5,30,65,AdaptiveCuttingAuction,0.05,0.01,10,True,,1000,3600,cats_path_g30b150,True,heuristic,2,False,CATS,150,paths,MultiMinded,1000,MaxIter,741.859999999986,15.664620999999997,18,1.04116,0.78344400000000003,13.38378,13.146494269571029,3.5390877600874191,10.547007733582149,3,72,27,167,95
6,30,61,AdaptiveCuttingAuction,0.05,0.01,10,True,,1000,3600,cats_path_g30b150,True,heuristic,2,False,CATS,150,paths,MultiMinded,1000,MaxIter,615.1699999999837,15.723609,16,1.13448,0.79950699999999997,13.542773999999998,10.77759724485267,4.5199161867139228,17.593152369787045,3,3602,38,146,91
7,30,64,AdaptiveCuttingAuction,0.05,0.01,10,True,,1000,3600,cats_path_g30b150,True,heuristic,2,False,CATS,150,paths,MultiMinded,1000,MaxIter,1246.9199999999837,16.373429,18,1.20046,0.76909549999999993,12.62739,10.927283935887877,2.8460590324594826,13.029430201177668,3,3460,23,161,94
8,30,72,AdaptiveCuttingAuction,0.05,0.01,10,True,,1000,3600,cats_path_g30b150,True,heuristic,2,False,CATS,150,paths,MultiMinded,1000,MaxIter,1884.469999999972,16.311622,18,1.24903,0.86937299999999995,15.185217000000003,15.541175818205351,6.8153531973648711,12.673003073399414,3,5401,29,176,102
9,30,60,AdaptiveCuttingAuction,0.05,0.01,10,True,,1000,3600,cats_path_g30b150,True,heuristic,2,False,CATS,150,paths,MultiMinded,1000,MaxIter,1007.3499999999767,14.554215,20,1.25806,0.77530200000000005,13.892287000000001,12.659009702652897,4.5889173212076573,10.195430872135136,3,4381,24,169,90
10,30,64,AdaptiveCuttingAuction,0.05,0.01,10,True,,1000,3600,cats_path_g30b150,True,heuristic,2,False,CATS,150,paths,MultiMinded,1000,MaxIter,1501.0599999999977,15.764945999999998,19,1.20473,0.77151750000000008,14.774143,11.344530282563969,2.6034747461197925,14.485218331060139,3,4545,30,158,94
11,30,70,AdaptiveCuttingAuction,0.05,0.01,10,True,,1000,3600,cats_path_g30b150,True,heuristic,2,False,CATS,150,paths,MultiMinded,1000,MaxIter,1736.5599999999977,15.460275,18,1.12749,0.83722600000000003,13.752877999999999,11.951192008519941,6.3103539356039686,16.098552348920684,3,4201,29,175,100
12,30,67,AdaptiveCuttingAuction,0.05,0.01,10,True,,1000,3600,cats_path_g30b150,True,heuristic,2,False,CATS,150,paths,MultiMinded,1000,MaxIter,1063.240000000049,14.9714,20,1.03711,0.74539299999999997,13.798404999999999,11.03160646343855,4.4196622375839549,13.170337971894337,3,4290,26,173,97
13,30,70,AdaptiveCuttingAuction,0.05,0.01,10,True,,1000,3600,cats_path_g30b150,True,heuristic,2,False,CATS,150,paths,MultiMinded,1000,MaxIter,1504.7399999999907,13.718234000000002,19,1.05702,0.66747699999999999,12.389149,13.158469152141953,3.42619845337039,10.523674699279624,3,4901,28,174,100
14,30,57,AdaptiveCuttingAuction,0.05,0.01,10,True,,1000,3600,cats_path_g30b150,True,heuristic,2,False,CATS,150,paths,MultiMinded,1000,MaxIter,879.0,13.5776358,19,1.27472,0.79768799999999995,13.022480000000002,9.9114615479139481,4.3040513881300697,13.869533674261564,3,3135,41,156,87
15,30,76,AdaptiveCuttingAuction,0.05,0.01,10,True,,1000,3600,cats_path_g30b150,True,heuristic,2,False,CATS,150,paths,MultiMinded,1000,MaxIter,1668.2099999999627,19.193505000000002,21,1.29161,1.0414399999999999,18.186833,14.949024377109431,6.2143125875874965,17.750779172720552,3,4865,21,175,106
16,30,55,AdaptiveCuttingAuction,0.05,0.01,10,True,,1000,3600,cats_path_g30b150,True,heuristic,2,False,CATS,150,paths,MultiMinded,1000,MaxIter,1105.1299999999464,17.6371399,18,1.30608,0.92928299999999997,15.850602000000002,14.954709348994653,4.144915235307046,12.070722506459219,3,3852,33,149,85
17,30,60,AdaptiveCuttingAuction,0.05,0.01,10,True,,1000,3600,cats_path_g30b150,True,heuristic,2,False,CATS,150,paths,MultiMinded,1000,MaxIter,1045.6300000000047,17.3437429,18,1.15586,0.84924900000000003,16.121301000000003,13.721150809706497,3.0431104678639911,15.11672056482028,3,3723,27,147,90
18,30,68,AdaptiveCuttingAuction,0.05,0.01,10,True,,1000,3600,cats_path_g30b150,True,heuristic,2,False,CATS,150,paths,MultiMinded,1000,MaxIter,1098.7799999999697,16.532421,20,1.15917,0.79773499999999997,15.323872999999999,12.529215429435471,4.823353338958448,16.426520259954952,4,3678,27,172,98
19,30,84,AdaptiveCuttingAuction,0.05,0.01,10,True,,1000,3600,cats_path_g30b150,True,heuristic,2,False,CATS,150,paths,MultiMinded,1000,MaxIter,576.9500000000116,16.550685,18,1.19703,0.78075050000000001,14.281975,14.568034792068845,4.8064295883035637,11.958171050633819,3,59,22,198,114
20,30,57,AdaptiveCuttingAuction,0.05,0.01,10,True,,1000,3600,cats_path_g30b150,True,heuristic,2,False,CATS,150,paths,MultiMinded,1000,MaxIter,754.1499999999651,11.988608000000001,19,0.830201,0.65249500000000005,11.239007999999998,9.1371396847738211,2.5220481985614569,11.369587362275633,4,3933,39,162,87
21,30,76,AdaptiveCuttingAuction,0.05,0.01,10,True,,1000,3600,cats_path_g30b150,True,heuristic,2,False,CATS,150,paths,MultiMinded,1000,MaxIter,1537.990000000049,16.346269,20,1.16216,0.87333000000000005,15.496212999999996,13.377160648689202,5.2464945298960606,12.926931801729788,4,4560,24,180,106
22,30,62,AdaptiveCuttingAuction,0.05,0.01,10,True,,1000,3600,cats_path_g30b150,True,heuristic,2,False,CATS,150,paths,MultiMinded,1000,MaxIter,1256.25,11.899390499999999,17,1.11701,0.58296099999999995,10.693835,9.7186150668718874,3.6636297960765911,9.1827755829834086,4,4282,24,168,92
23,30,61,AdaptiveCuttingAuction,0.05,0.01,10,True,,1000,3600,cats_path_g30b150,True,heuristic,2,False,CATS,150,paths,MultiMinded,1000,MaxIter,797.6199999999953,17.460715,20,1.27766,0.872475,16.702581000000002,13.423899812875902,4.351343843048924,15.776865379337714,3,3660,26,157,91
24,30,72,AdaptiveCuttingAuction,0.05,0.01,10,True,,1000,3600,cats_path_g30b150,True,heuristic,2,False,CATS,150,paths,MultiMinded,1000,MaxIter,1166.3400000000256,16.551633999999996,18,1.24587,0.733267,14.255163000000001,12.771220661668201,3.8467701483808354,15.724978815836067,3,4104,30,171,102
25,30,66,AdaptiveCuttingAuction,0.05,0.01,10,True,,1000,3600,cats_path_g30b150,True,heuristic,2,False,CATS,150,paths,MultiMinded,1000,MaxIter,1463.2900000000373,15.951057999999998,16,1.21778,0.74724500000000005,11.993198,10.158574418591112,2.6405622231072132,13.22379648272088,3,3834,31,165,96
26,30,71,AdaptiveCuttingAuction,0.05,0.01,10,True,,1000,3600,cats_path_g30b150,True,heuristic,2,False,CATS,150,paths,MultiMinded,1000,MaxIter,590.8099999999977,18.600379,19,1.35655,1.0506500000000001,16.840975,16.012439703124738,7.1340222786581755,14.933241004402264,3,57,25,180,101
27,30,65,AdaptiveCuttingAuction,0.05,0.01,10,True,,1000,3600,cats_path_g30b150,True,heuristic,2,False,CATS,150,paths,MultiMinded,1000,MaxIter,703.5599999999977,15.208365,18,1.24835,0.71721100000000004,12.656709000000001,13.232711218177236,3.6914066987984051,9.94800320119794,3,4161,25,168,95
28,30,68,AdaptiveCuttingAuction,0.05,0.01,10,True,,1000,3600,cats_path_g30b150,True,heuristic,2,False,CATS,150,paths,MultiMinded,1000,MaxIter,1828.1199999999953,14.86174,19,1.33611,1.01847,14.2846381,11.556276473826511,4.4691832530996569,11.396066364678106,3,5032,24,188,98
29,30,58,AdaptiveCuttingAuction,0.05,0.01,10,True,,1000,3600,cats_path_g30b150,True,heuristic,2,False,CATS,150,paths,MultiMinded,1000,MaxIter,1091.2000000000116,11.257909999999999,18,0.8594,0.57639300000000004,9.991392999999999,9.6111466551085218,3.5203050406463783,8.3186938407106688,3,4408,29,164,88
30,30,65,AdaptiveCuttingAuction,0.05,0.01,10,True,,1000,3600,cats_path_g30b150,True,heuristic,2,False,CATS,150,paths,MultiMinded,1000,MaxIter,1436.899999999965,12.752407,20,1.05004,0.71123899999999995,12.415538000000002,10.277133292985663,4.3730753788613974,11.352066466191093,4,4486,25,173,95
31,30,58,AdaptiveCuttingAuction,0.05,0.01,10,True,,1000,3600,cats_path_g30b150,True,heuristic,2,False,CATS,150,paths,MultiMinded,1000,MaxIter,1418.0299999999697,13.4727089,15,1.18366,0.86047800000000008,11.877455999999999,10.803098123396254,5.0973960747515727,13.039593775877195,4,3947,31,155,88
32,30,79,AdaptiveCuttingAuction,0.05,0.01,10,True,,1000,3600,cats_path_g30b150,True,heuristic,2,False,CATS,150,paths,MultiMinded,1000,MaxIter,1780.1600000000326,17.626487,18,1.11283,0.85035499999999997,15.322578999999998,13.675614981870488,4.867452034326389,14.245152072930521,3,5530,20,186,109
33,30,66,AdaptiveCuttingAuction,0.05,0.01,10,True,,1000,3600,cats_path_g30b150,True,heuristic,2,False,CATS,150,paths,MultiMinded,1000,MaxIter,1144.7099999999627,13.562479100000003,17,1.17658,0.71348500000000004,11.633770100000001,11.290111340958834,5.7698827241405963,14.497649612448186,3,4027,30,167,96
34,30,59,AdaptiveCuttingAuction,0.05,0.01,10,True,,1000,3600,cats_path_g30b150,True,heuristic,2,False,CATS,150,paths,MultiMinded,1000,MaxIter,1514.2300000000396,15.543004,17,1.16304,0.84088200000000002,15.198928000000002,11.179880260469755,4.6354559101215917,13.550896231612093,3,3956,31,161,89
35,30,61,AdaptiveCuttingAuction,0.05,0.01,10,True,,1000,3600,cats_path_g30b150,True,heuristic,2,False,CATS,150,paths,MultiMinded,1000,MaxIter,976.6300000000047,18.943085999999997,18,1.32614,0.92471499999999995,17.555177999999998,13.168718829368316,6.4263927878066633,19.197888896079313,3,3358,32,163,91
36,30,75,AdaptiveCuttingAuction,0.05,0.01,10,True,,1000,3600,cats_path_g30b150,True,heuristic,2,False,CATS,150,paths,MultiMinded,1000,MaxIter,721.2000000000116,15.257448999999998,22,1.04514,0.73463400000000001,14.372744,13.381393372697961,5.8588673353511362,14.779324858591107,3,67,35,181,105
37,30,73,AdaptiveCuttingAuction,0.05,0.01,10,True,,1000,3600,cats_path_g30b150,True,heuristic,2,False,CATS,150,paths,MultiMinded,1000,MaxIter,875.070000000007,19.314383000000003,21,1.26724,0.81503800000000004,18.175373999999998,15.486776535357309,7.0977433392117444,20.783307781035447,3,4382,25,165,103
38,30,69,AdaptiveCuttingAuction,0.05,0.01,10,True,,1000,3600,cats_path_g30b150,True,heuristic,2,False,CATS,150,paths,MultiMinded,1000,MaxIter,1620.8699999999953,17.06102,20,1.26197,0.80889699999999998,15.426302,13.164894142249901,4.582319336817636,15.041623482752435,3,4833,41,175,99
39,30,64,AdaptiveCuttingAuction,0.05,0.01,10,True,,1000,3600,cats_path_g30b150,True,heuristic,2,False,CATS,150,paths,MultiMinded,1000,MaxIter,646.7299999999814,18.017829999999996,17,1.46956,1.00953,14.940815,17.403727675323346,3.8637838905589992,13.334080154438999,3,71,26,172,94
40,30,70,AdaptiveCuttingAuction,0.05,0.01,10,True,,1000,3600,cats_path_g30b150,True,heuristic,2,False,CATS,150,paths,MultiMinded,1000,MaxIter,1377.6699999999837,16.415451,21,1.33618,0.79276899999999995,15.69559,12.545432626957687,5.6834422414010675,18.622411174850903,3,4201,33,169,100
41,30,62,AdaptiveCuttingAuction,0.05,0.01,10,True,,1000,3600,cats_path_g30b150,True,heuristic,2,False,CATS,150,paths,MultiMinded,1000,MaxIter,1303.3800000000047,15.767216000000001,17,1.27329,0.81440000000000001,13.301749,11.782849484507697,3.7859326430736737,13.449282339666519,4,3721,39,161,92
42,30,66,AdaptiveCuttingAuction,0.05,0.01,10,True,,1000,3600,cats_path_g30b150,True,heuristic,2,False,CATS,150,paths,MultiMinded,1000,MaxIter,1029.6900000000023,14.387081000000002,18,1.10378,0.674543,12.912668000000002,9.8277069086352746,3.5964683318134352,15.077382385318961,3,4092,27,163,96
43,30,57,AdaptiveCuttingAuction,0.05,0.01,10,True,,1000,3600,cats_path_g30b150,True,heuristic,2,False,CATS,150,paths,MultiMinded,1000,MaxIter,1044.9800000000396,12.78674,17,1.092,0.74160349999999997,11.663648,10.048142502989476,2.568749998742736,8.4593331235773199,4,3877,18,160,87
44,30,67,AdaptiveCuttingAuction,0.05,0.01,10,True,,1000,3600,cats_path_g30b150,True,heuristic,2,False,CATS,150,paths,MultiMinded,1000,MaxIter,1061.579999999958,14.327095000000002,18,1.04382,0.66583400000000004,12.388245000000001,9.2800805590758522,2.4724118527632215,13.611876600583509,3,4090,32,162,97
45,30,80,AdaptiveCuttingAuction,0.05,0.01,10,True,,1000,3600,cats_path_g30b150,True,heuristic,2,False,CATS,150,paths,MultiMinded,1000,MaxIter,3291.8699999999953,13.769805999999999,18,1.20458,0.66948099999999999,11.67334,10.949409143616625,4.2650382666401185,10.015242063685575,3,5762,17,196,110
46,30,62,AdaptiveCuttingAuction,0.05,0.01,10,True,,1000,3600,cats_path_g30b150,True,heuristic,2,False,CATS,150,paths,MultiMinded,1000,MaxIter,974.5499999999884,17.982688000000003,17,1.47628,0.89541199999999999,15.834127,14.189797839237915,4.2098266518356517,13.643895476572659,4,4898,26,165,92
47,30,50,AdaptiveCuttingAuction,0.05,0.01,10,True,,1000,3600,cats_path_g30b150,True,heuristic,2,False,CATS,150,paths,MultiMinded,1000,MaxIter,878.320000000007,14.4709692,15,1.15255,0.87777400000000005,13.598325999999998,9.0009372518618953,4.1386442621154611,14.248749582349973,4,2911,31,144,80
48,30,56,AdaptiveCuttingAuction,0.05,0.01,10,True,,1000,3600,cats_path_g30b150,True,heuristic,2,False,CATS,150,paths,MultiMinded,1000,MaxIter,532.820000000007,19.863466000000003,16,1.39092,0.99550399999999994,16.608428999999997,14.281880836487964,4.8194196860537533,16.290007837406993,3,3640,34,147,86
49,30,59,AdaptiveCuttingAuction,0.05,0.01,10,True,,1000,3600,cats_path_g30b150,True,heuristic,2,False,CATS,150,paths,MultiMinded,1000,MaxIter,1250.469999999972,12.83722,17,1.27931,0.83850000000000002,11.95309,11.591992713738946,4.8677382127074855,10.837609662253495,4,3897,26,161,89
50,30,72,AdaptiveCuttingAuction,0.05,0.01,10,True,,1000,3600,cats_path_g30b150,True,heuristic,2,False,CATS,150,paths,MultiMinded,1000,MaxIter,1527.4599999999627,14.769329999999997,17,1.31494,0.719059,13.325459,9.9015123735402213,5.3593318220013071,15.867191962863696,3,4758,34,170,102
51,30,72,AdaptiveCuttingAuction,0.05,0.01,10,True,,1000,3600,cats_path_g30b150,True,heuristic,2,False,CATS,150,paths,MultiMinded,1000,MaxIter,1643.3400000000256,16.073219,16,1.09244,0.793798,13.544067,12.783319020586678,4.2665581342432066,13.332031292664549,3,4538,40,173,102
52,30,53,AdaptiveCuttingAuction,0.05,0.01,10,True,,1000,3600,cats_path_g30b150,True,heuristic,2,False,CATS,150,paths,MultiMinded,1000,MaxIter,928.7199999999721,12.6877335,17,1.34175,0.74289899999999998,11.165447699999998,9.120568661250072,2.6797773482672742,11.00352057755671,3,3399,38,154,83
53,30,69,AdaptiveCuttingAuction,0.05,0.01,10,True,,1000,3600,cats_path_g30b150,True,heuristic,2,False,CATS,150,paths,MultiMinded,1000,MaxIter,1386.8400000000256,18.740910999999997,17,1.16684,0.90905150000000001,15.943302999999997,13.293904916151213,4.9606249102416706,16.069075038402904,3,3381,24,162,99
54,30,63,AdaptiveCuttingAuction,0.05,0.01,10,True,,1000,3600,cats_path_g30b150,True,heuristic,2,False,CATS,150,paths,MultiMinded,1000,MaxIter,1233.9700000000303,15.541510000000004,20,1.41102,0.83414200000000005,14.714934299999998,12.189406220213311,4.0160696335435944,13.813619893569385,3,3910,17,153,93
55,30,79,AdaptiveCuttingAuction,0.05,0.01,10,True,,1000,3600,cats_path_g30b150,True,heuristic,2,False,CATS,150,paths,MultiMinded,1000,MaxIter,1839.6199999999953,15.979884000000002,17,1.1263,0.85292049999999997,13.787054,16.192595651557479,4.4123274182880685,13.563034638912109,3,5293,24,189,109
56,30,75,AdaptiveCuttingAuction,0.05,0.01,10,True,,1000,3600,cats_path_g30b150,True,heuristic,2,False,CATS,150,paths,MultiMinded,1000,MaxIter,1488.75,18.432461999999994,18,1.25637,0.86360099999999995,15.759309,14.306324079788633,4.4488976195172061,15.177053694355806,3,4500,23,189,105
57,30,69,AdaptiveCuttingAuction,0.05,0.01,10,True,,1000,3600,cats_path_g30b150,True,heuristic,2,False,CATS,150,paths,MultiMinded,1000,MaxIter,714.289999999979,21.377306399999995,18,1.41831,1.0310999999999999,18.704334399999997,17.238820476186785,7.7432375148824217,16.795176882491106,3,4347,32,177,99
58,30,55,AdaptiveCuttingAuction,0.05,0.01,10,True,,1000,3600,cats_path_g30b150,True,heuristic,2,False,CATS,150,paths,MultiMinded,1000,MaxIter,615.2900000000373,12.959700999999999,17,1.39908,0.69830300000000001,10.720753,11.58534995063056,2.5058761027758769,7.3845031275670259,3,71,29,158,85
59,30,62,AdaptiveCuttingAuction,0.05,0.01,10,True,,1000,3600,cats_path_g30b150,True,heuristic,2,False,CATS,150,paths,MultiMinded,1000,MaxIter,1400.6100000000442,11.245693,19,0.937523,0.59201349999999997,9.9384292,7.6101951547550799,2.7124365616428032,9.2319806197682794,4,3784,24,159,92
60,30,62,AdaptiveCuttingAuction,0.05,0.01,10,True,,1000,3600,cats_path_g30b150,True,heuristic,2,False,CATS,150,paths,MultiMinded,1000,MaxIter,1294.609999999986,16.295090999999996,20,1.36668,0.91428500000000001,15.710440999999996,12.994971261238746,4.3839735630211116,12.794812738313119,3,3534,37,157,92
61,30,65,AdaptiveCuttingAuction,0.05,0.01,10,True,,1000,3600,cats_path_g30b150,True,heuristic,2,False,CATS,150,paths,MultiMinded,1000,MaxIter,790.0800000000163,12.734226999999999,18,1.10066,0.73527699999999996,11.650896999999997,10.007445963231595,4.3659173278041301,11.016876903084896,3,3510,21,165,95
62,30,74,AdaptiveCuttingAuction,0.05,0.01,10,True,,1000,3600,cats_path_g30b150,True,heuristic,2,False,CATS,150,paths,MultiMinded,1000,MaxIter,533.9100000000326,15.189660000000002,17,1.07901,0.72534500000000002,11.785439000000002,11.703456889399618,3.1177511053015654,11.089681429103038,3,62,14,181,104
63,30,57,AdaptiveCuttingAuction,0.05,0.01,10,True,,1000,3600,cats_path_g30b150,True,heuristic,2,False,CATS,150,paths,MultiMinded,1000,MaxIter,456.1499999999651,15.812223,16,1.17468,0.85123000000000004,13.622927999999998,13.660363644285392,4.6683996653740021,13.509256792920938,3,3534,32,154,87
64,30,65,AdaptiveCuttingAuction,0.05,0.01,10,True,,1000,3600,cats_path_g30b150,True,heuristic,2,False,CATS,150,paths,MultiMinded,1000,MaxIter,1102.640000000014,14.256674000000002,18,1.1464,0.76940900000000001,13.281153999999999,11.774602570058731,5.1183609899382123,13.535455938835842,3,4422,48,157,95
65,30,75,AdaptiveCuttingAuction,0.05,0.01,10,True,,1000,3600,cats_path_g30b150,True,heuristic,2,False,CATS,150,paths,MultiMinded,1000,MaxIter,1698.0599999999977,14.689584000000002,16,1.20503,0.79890700000000003,12.327919,13.191507624993958,3.7440493874307461,11.383462311151732,3,4802,40,184,105
66,30,64,AdaptiveCuttingAuction,0.05,0.01,10,True,,1000,3600,cats_path_g30b150,True,heuristic,2,False,CATS,150,paths,MultiMinded,1000,MaxIter,874.9899999999907,15.318505000000002,19,1.13026,0.77133499999999999,13.360877999999998,13.841232254290153,4.4237325093305797,9.8909160557641194,2,3904,26,165,94
67,30,65,AdaptiveCuttingAuction,0.05,0.01,10,True,,1000,3600,cats_path_g30b150,True,heuristic,2,False,CATS,150,paths,MultiMinded,1000,MaxIter,1319.2399999999907,17.19162,17,1.36208,0.868533,14.729123000000003,13.401400145989093,5.3506562675435259,14.596566600820227,4,4420,37,169,95
68,30,62,AdaptiveCuttingAuction,0.05,0.01,10,True,,1000,3600,cats_path_g30b150,True,heuristic,2,False,CATS,150,paths,MultiMinded,1000,MaxIter,782.4899999999907,16.58045,17,1.1806,0.75433449999999991,13.25631,8.539173499439789,1.7866189050659662,13.913109269153928,3,3844,21,163,92
69,30,69,AdaptiveCuttingAuction,0.05,0.01,10,True,,1000,3600,cats_path_g30b150,True,heuristic,2,False,CATS,150,paths,MultiMinded,1000,MaxIter,787.7099999999627,16.94247,21,1.39982,0.781829,15.553907,13.034589017082098,4.7337127528716971,16.615177915395122,4,4416,32,162,99
70,30,69,AdaptiveCuttingAuction,0.05,0.01,10,True,,1000,3600,cats_path_g30b150,True,heuristic,2,False,CATS,150,paths,MultiMinded,1000,MaxIter,1113.3800000000047,15.6214981,17,1.25374,0.86018899999999998,13.881882999999998,12.500025378246924,4.5988261953940892,14.101996136555469,3,4280,34,170,99
71,30,72,AdaptiveCuttingAuction,0.05,0.01,10,True,,1000,3600,cats_path_g30b150,True,heuristic,2,False,CATS,150,paths,MultiMinded,1000,MaxIter,950.2300000000396,18.0902305,19,1.22443,0.96304999999999996,17.220495,17.625946128359523,6.751825270180249,14.994856326791751,3,4465,43,173,102
72,30,71,AdaptiveCuttingAuction,0.05,0.01,10,True,,1000,3600,cats_path_g30b150,True,heuristic,2,False,CATS,150,paths,MultiMinded,1000,MaxIter,649.460000000021,14.262129000000002,20,1.12549,0.60241199999999995,13.313101,10.50765440052321,2.9883124506943108,12.172958000099294,4,72,25,184,101
73,30,61,AdaptiveCuttingAuction,0.05,0.01,10,True,,1000,3600,cats_path_g30b150,True,heuristic,2,False,CATS,150,paths,MultiMinded,1000,MaxIter,1473.179999999993,16.416352,15,1.29762,0.90387399999999996,13.504215,12.620645632461057,5.3277191125751173,13.048447357816118,4,3788,32,159,91
74,30,65,AdaptiveCuttingAuction,0.05,0.01,10,True,,1000,3600,cats_path_g30b150,True,heuristic,2,False,CATS,150,paths,MultiMinded,1000,MaxIter,1044.570000000007,10.025623,18,0.812177,0.53816299999999995,9.009189000000001,8.9634764154039388,3.4696620022304212,8.8545577836340712,3,4228,23,163,95
75,30,69,AdaptiveCuttingAuction,0.05,0.01,10,True,,1000,3600,cats_path_g30b150,True,heuristic,2,False,CATS,150,paths,MultiMinded,1000,MaxIter,1309.9500000000116,15.321485,19,1.30411,0.789794,14.214341,13.752571367848732,3.385209229043634,11.660656332272211,3,4761,39,166,99
76,30,66,AdaptiveCuttingAuction,0.05,0.01,10,True,,1000,3600,cats_path_g30b150,True,heuristic,2,False,CATS,150,paths,MultiMinded,1000,MaxIter,1414.0199999999604,17.565949,19,1.39796,0.82384800000000002,15.823913999999997,13.046521184108746,3.0273410655228314,14.234592543974872,4,4556,32,164,96
77,30,71,AdaptiveCuttingAuction,0.05,0.01,10,True,,1000,3600,cats_path_g30b150,True,heuristic,2,False,CATS,150,paths,MultiMinded,1000,MaxIter,1209.4599999999627,17.445843,19,1.28117,0.83980299999999997,15.361316999999998,13.29684355957108,5.0695400192187847,17.153773089071599,3,4332,15,173,101
78,30,77,AdaptiveCuttingAuction,0.05,0.01,10,True,,1000,3600,cats_path_g30b150,True,heuristic,2,False,CATS,150,paths,MultiMinded,1000,MaxIter,1467.1899999999441,17.835809,18,1.27923,0.84794999999999998,14.624262,16.621415087912631,6.3654896417752749,15.924801366683827,3,5237,45,182,107
79,30,71,AdaptiveCuttingAuction,0.05,0.01,10,True,,1000,3600,cats_path_g30b150,True,heuristic,2,False,CATS,150,paths,MultiMinded,1000,MaxIter,1646.7300000000396,15.251795000000001,18,1.08004,0.77857100000000001,13.872181000000001,11.941300052958976,4.0867839994633268,14.448577573666205,3,4688,34,170,101
80,30,67,AdaptiveCuttingAuction,0.05,0.01,10,True,,1000,3600,cats_path_g30b150,True,heuristic,2,False,CATS,150,paths,MultiMinded,1000,MaxIter,1327.820000000007,21.216326000000002,19,1.34186,1.05186,19.249053999999997,17.525722781853567,11.20367768748649,18.458101036517128,3,4021,19,174,97
81,30,68,AdaptiveCuttingAuction,0.05,0.01,10,True,,1000,3600,cats_path_g30b150,True,heuristic,2,False,CATS,150,paths,MultiMinded,1000,MaxIter,1045.9500000000116,14.454433000000002,18,1.14794,0.83136399999999999,13.542939,11.137903361034684,5.0505261113895719,12.977057640444453,4,3945,20,168,98
82,30,64,AdaptiveCuttingAuction,0.05,0.01,10,True,,1000,3600,cats_path_g30b150,True,heuristic,2,False,CATS,150,paths,MultiMinded,1000,MaxIter,445.1500000000233,14.456647999999998,18,1.03149,0.62555099999999997,12.321459,12.36493167244365,3.8505096976135338,13.259926237824283,3,4162,31,162,94
83,30,64,AdaptiveCuttingAuction,0.05,0.01,10,True,,1000,3600,cats_path_g30b150,True,heuristic,2,False,CATS,150,paths,MultiMinded,1000,MaxIter,851.2800000000279,15.243575000000002,18,1.11077,0.82948200000000005,14.088420000000001,14.608612084632412,4.8255156427667396,13.238906581603334,4,4161,37,164,94
84,30,55,AdaptiveCuttingAuction,0.05,0.01,10,True,,1000,3600,cats_path_g30b150,True,heuristic,2,False,CATS,150,paths,MultiMinded,1000,MaxIter,995.5200000000186,10.829593,16,1.04035,0.60557799999999995,10.350115,7.810158285031414,3.1263552643148724,9.3727269932122166,3,3410,20,160,85
85,30,70,AdaptiveCuttingAuction,0.05,0.01,10,True,,1000,3600,cats_path_g30b150,True,heuristic,2,False,CATS,150,paths,MultiMinded,1000,MaxIter,1763.2700000000186,17.838826,16,1.20482,0.99917599999999995,16.336424,13.654046519196568,5.0207844430632216,15.121594708463597,4,4551,32,175,100
86,30,63,AdaptiveCuttingAuction,0.05,0.01,10,True,,1000,3600,cats_path_g30b150,True,heuristic,2,False,CATS,150,paths,MultiMinded,1000,MaxIter,570.0,14.348480000000002,18,1.12303,0.66461599999999998,13.536135000000002,8.9847186655483959,4.7189655099252708,15.039393716202587,3,3655,47,153,93
87,30,64,AdaptiveCuttingAuction,0.05,0.01,10,True,,1000,3600,cats_path_g30b150,True,heuristic,2,False,CATS,150,paths,MultiMinded,1000,MaxIter,1261.4500000000116,15.876268000000007,16,1.16618,0.92069400000000001,13.994179000000003,12.962300406943221,3.8531232128603765,10.92283965738125,4,4288,24,170,94
88,30,76,AdaptiveCuttingAuction,0.05,0.01,10,True,,1000,3600,cats_path_g30b150,True,heuristic,2,False,CATS,150,paths,MultiMinded,1000,MaxIter,1267.7399999999907,20.508544000000004,18,1.50963,0.97545999999999999,17.485057000000005,14.727293789147085,6.2829009099965436,18.614957868744671,4,4636,17,185,106
89,30,72,AdaptiveCuttingAuction,0.05,0.01,10,True,,1000,3600,cats_path_g30b150,True,heuristic,2,False,CATS,150,paths,MultiMinded,1000,MaxIter,1599.109999999986,16.188547,19,1.37467,0.81535500000000005,14.539205,12.065015551201538,5.4189007844866453,15.405977563038658,3,4394,25,178,102
90,30,54,AdaptiveCuttingAuction,0.05,0.01,10,True,,1000,3600,cats_path_g30b150,True,heuristic,2,False,CATS,150,paths,MultiMinded,1000,MaxIter,1168.350000000035,12.251615099999999,15,0.821456,0.64283100000000004,9.239710999999998,9.7872676564881207,3.8936654309760095,10.565410233544519,4,3674,42,161,84
91,30,66,AdaptiveCuttingAuction,0.05,0.01,10,True,,1000,3600,cats_path_g30b150,True,heuristic,2,False,CATS,150,paths,MultiMinded,1000,MaxIter,1038.9500000000116,13.249561,15,1.08687,0.77222100000000005,10.321706999999998,11.545284560120935,2.7632022709476254,8.4849770425620363,3,4159,25,173,96
92,30,57,AdaptiveCuttingAuction,0.05,0.01,10,True,,1000,3600,cats_path_g30b150,True,heuristic,2,False,CATS,150,paths,MultiMinded,1000,MaxIter,1141.6100000000442,12.038590999999998,16,0.968649,0.65237100000000003,9.652634999999998,10.643211768373726,2.739105252790861,7.0189227644402585,3,3708,35,156,87
93,30,62,AdaptiveCuttingAuction,0.05,0.01,10,True,,1000,3600,cats_path_g30b150,True,heuristic,2,False,CATS,150,paths,MultiMinded,1000,MaxIter,1170.4400000000023,16.059345,18,1.15822,0.86252099999999998,14.348379000000001,12.475803397236819,5.1913382739330718,14.37012865709041,3,4278,30,160,92
94,30,68,AdaptiveCuttingAuction,0.05,0.01,10,True,,1000,3600,cats_path_g30b150,True,heuristic,2,False,CATS,150,paths,MultiMinded,1000,MaxIter,1565.789999999979,17.743863,16,1.39576,0.98003499999999999,16.554146999999997,14.388971897132627,3.5535481229012258,14.854168703991331,4,4627,45,168,98
95,30,64,AdaptiveCuttingAuction,0.05,0.01,10,True,,1000,3600,cats_path_g30b150,True,heuristic,2,False,CATS,150,paths,MultiMinded,1000,MaxIter,473.5800000000163,15.467591,21,0.907099,0.58233449999999998,12.990575999999997,11.444353297496027,3.6054289346549515,11.357674887622276,3,61,25,156,94
96,30,57,AdaptiveCuttingAuction,0.05,0.01,10,True,,1000,3600,cats_path_g30b150,True,heuristic,2,False,CATS,150,paths,MultiMinded,1000,MaxIter,871.8999999999651,9.8668957,14,1.02137,0.65189799999999998,9.227167,8.4117151204976466,3.7572095451350158,7.3036821401632324,4,3762,20,154,87
97,30,55,AdaptiveCuttingAuction,0.05,0.01,10,True,,1000,3600,cats_path_g30b150,True,heuristic,2,False,CATS,150,paths,MultiMinded,1000,MaxIter,1004.890000000014,12.714137000000001,16,1.1671,0.73047649999999997,10.84531,9.9485612241556414,3.3109671627756199,9.5988117143891252,4,3743,40,150,85
98,30,61,AdaptiveCuttingAuction,0.05,0.01,10,True,,1000,3600,cats_path_g30b150,True,heuristic,2,False,CATS,150,paths,MultiMinded,1000,MaxIter,1082.2200000000303,17.221063000000004,18,1.28051,0.90821799999999997,15.406271,11.525613766657703,5.9072489438524505,20.780333171642038,4,3417,32,156,91
99,30,71,AdaptiveCuttingAuction,0.05,0.01,10,True,,1000,3600,cats_path_g30b150,True,heuristic,2,False,CATS,150,paths,MultiMinded,1000,MaxIter,1311.1199999999953,16.835101,18,1.27222,0.965194,15.309126000000001,16.047798023285942,4.8340879336844251,15.401705756764958,3,4760,42,173,101
100,30,69,AdaptiveCuttingAuction,0.05,0.01,10,True,,1000,3600,cats_path_g30b150,True,heuristic,2,False,CATS,150,paths,MultiMinded,1000,MaxIter,638.3799999999464,11.185935,19,0.872955,0.55562999999999996,10.264781999999999,8.0299219316239228,3.9042449937329597,9.1370675467996403,3,3795,12,168,99
