idx,items,agents,auction_class,epsilon,stepc,epoch,scalebyvalue,reserve_type,maxiter,maxtime,generator_param_name,personalized,bidding_strategy,heuristic_pool_num,int_prices,generator,bids,distribution,type,rounds,status,runtime,efficient_value,final_num_winners,final_max_agent_value,final_scalevalue,final_value,final_total_price,final_revenue,final_indirect_util,final_price_degree,final_price_sparsity,final_imbalance,final_wd_nvars,final_wd_ncons
1,30,67,LinearSubgradientAuction,0.05,0.08,,True,,1000,3600,cats_path_g30b150,,heuristic,2,False,CATS,150,paths,MultiMinded,1000,MaxIter,2949.7600000000093,15.606157999999997,17,1.23481,0.870313,11.458534999999998,19.20117303718478,4.7886915933573704,9.3277848940021304,1,29,9,4020,5993
2,30,63,LinearSubgradientAuction,0.05,0.08,,True,,1000,3600,cats_path_g30b150,,heuristic,2,False,CATS,150,paths,MultiMinded,1000,MaxIter,2695.9400000000023,14.094153000000002,13,1.04283,0.78301449999999995,8.018215000000001,25.31969702516907,0.97277935348520184,6.6168936041315938,1,29,17,3780,5637
3,30,69,LinearSubgradientAuction,0.05,0.08,,True,,1000,3600,cats_path_g30b150,,heuristic,2,False,CATS,150,paths,MultiMinded,1000,MaxIter,3120.639999999985,19.941755999999998,16,1.33809,0.95683499999999999,14.984519,29.105906422508067,2.8056848135556387,9.8828940077403367,1,30,16,4209,6309
4,30,66,LinearSubgradientAuction,0.05,0.08,,True,,1000,3600,cats_path_g30b150,,heuristic,2,False,CATS,150,paths,MultiMinded,1000,MaxIter,2955.2300000000105,14.118885,15,0.998367,0.78126600000000002,8.951883,19.531520655532468,4.9784126029902698,6.4879481017935472,1,30,14,4026,6036
5,30,65,LinearSubgradientAuction,0.05,0.08,,True,,1000,3600,cats_path_g30b150,,heuristic,2,False,CATS,150,paths,MultiMinded,1000,MaxIter,2897.929999999993,15.664620999999997,16,1.04116,0.78344400000000003,10.101674000000001,20.111446641407422,4.1090600609478987,8.8970845811803834,1,30,14,3965,5945
6,30,61,LinearSubgradientAuction,0.05,0.08,,True,,1000,3600,cats_path_g30b150,,heuristic,2,False,CATS,150,paths,MultiMinded,1000,MaxIter,2694.5199999999895,15.723609,13,1.13448,0.79950699999999997,8.77679,23.444324798540535,4.0041903334806621,8.857230196841865,1,30,17,3721,5581
7,30,64,LinearSubgradientAuction,0.05,0.08,,True,,1000,3600,cats_path_g30b150,,heuristic,2,False,CATS,150,paths,MultiMinded,1000,MaxIter,2861.0599999999977,16.373429,15,1.20046,0.76909549999999993,10.256351,26.462760635395362,4.4123237245878757,8.4788486647519363,1,30,20,3904,5854
8,30,72,LinearSubgradientAuction,0.05,0.08,,True,,1000,3600,cats_path_g30b150,,heuristic,2,False,CATS,150,paths,MultiMinded,1000,MaxIter,3300.289999999979,16.311622,16,1.24903,0.86937299999999995,12.440558000000001,19.037186480633519,8.6654944430355876,9.4970622338131996,1,30,18,4392,6582
9,30,60,LinearSubgradientAuction,0.05,0.08,,True,,1000,3600,cats_path_g30b150,,heuristic,2,False,CATS,150,paths,MultiMinded,1000,MaxIter,2605.820000000007,14.554215,16,1.25806,0.77530200000000005,9.08449,16.936173426831324,6.3525344136778763,9.9152127692325767,1,29,23,3600,5370
10,30,64,LinearSubgradientAuction,0.05,0.08,,True,,1000,3600,cats_path_g30b150,,heuristic,2,False,CATS,150,paths,MultiMinded,1000,MaxIter,2789.5599999999977,15.764945999999998,17,1.20473,0.77151750000000008,11.925089,19.695624887431158,4.839262971579319,7.9721816854330392,1,29,13,3840,5726
11,30,70,LinearSubgradientAuction,0.05,0.08,,True,,1000,3600,cats_path_g30b150,,heuristic,2,False,CATS,150,paths,MultiMinded,1000,MaxIter,3187.189999999973,15.460275,18,1.12749,0.83722600000000003,12.573843,17.019915728376404,6.8219383603640678,9.6445989429215668,1,30,14,4270,6400
12,30,67,LinearSubgradientAuction,0.05,0.08,,True,,1000,3600,cats_path_g30b150,,heuristic,2,False,CATS,150,paths,MultiMinded,1000,MaxIter,2960.8300000000163,14.9714,20,1.03711,0.74539299999999997,12.149714,22.786023427440849,4.1296252752139795,10.355901733332244,1,29,9,4020,5993
13,30,70,LinearSubgradientAuction,0.05,0.08,,True,,1000,3600,cats_path_g30b150,,heuristic,2,False,CATS,150,paths,MultiMinded,1000,MaxIter,3060.1600000000035,13.718234000000002,14,1.05702,0.66747699999999999,8.756654999999999,24.944560665876477,4.3299528221285204,6.8463692958624733,1,29,22,4200,6260
14,30,57,LinearSubgradientAuction,0.05,0.08,,True,,1000,3600,cats_path_g30b150,,heuristic,2,False,CATS,150,paths,MultiMinded,1000,MaxIter,2452.0800000000163,13.5776358,17,1.27472,0.79768799999999995,10.030656,16.983933427499451,4.089567833754896,7.0117741543663517,1,29,10,3420,5103
15,30,76,LinearSubgradientAuction,0.05,0.08,,True,,1000,3600,cats_path_g30b150,,heuristic,2,False,CATS,150,paths,MultiMinded,1000,MaxIter,3501.4400000000023,19.193505000000002,14,1.29161,1.0414399999999999,12.129124999999998,21.172475718526712,2.4689682956404964,6.225365017567813,1,30,22,4636,6946
16,30,55,LinearSubgradientAuction,0.05,0.08,,True,,1000,3600,cats_path_g30b150,,heuristic,2,False,CATS,150,paths,MultiMinded,1000,MaxIter,2393.329999999987,17.6371399,14,1.30608,0.92928299999999997,12.27403,18.254407132005745,5.4893270334757265,10.366113822464749,1,30,16,3355,5035
17,30,60,LinearSubgradientAuction,0.05,0.08,,True,,1000,3600,cats_path_g30b150,,heuristic,2,False,CATS,150,paths,MultiMinded,1000,MaxIter,2666.540000000008,17.3437429,15,1.15586,0.84924900000000003,12.381432000000002,25.690732316964361,4.3732469128254703,10.834000768662925,1,30,19,3660,5490
18,30,68,LinearSubgradientAuction,0.05,0.08,,True,,1000,3600,cats_path_g30b150,,heuristic,2,False,CATS,150,paths,MultiMinded,1000,MaxIter,3011.899999999994,16.532421,17,1.15917,0.79773499999999997,10.612205,21.894310618268054,4.0999740128694668,6.4479036246006016,1,29,12,4080,6082
19,30,84,LinearSubgradientAuction,0.05,0.08,,True,,1000,3600,cats_path_g30b150,,heuristic,2,False,CATS,150,paths,MultiMinded,940,MaxTime,3602.850000000006,16.550685,13,1.19703,0.78075050000000001,8.512247,18.74754527142159,3.9251166700817275,7.2102734116053124,1,29,15,5040,7506
20,30,57,LinearSubgradientAuction,0.05,0.08,,True,,1000,3600,cats_path_g30b150,,heuristic,2,False,CATS,150,paths,MultiMinded,1000,MaxIter,2499.040000000008,11.988608000000001,13,0.830201,0.65249500000000005,7.5188749999999995,14.646118701702704,1.3367070185309664,5.5535313091347369,1,30,10,3477,5217
21,30,76,LinearSubgradientAuction,0.05,0.08,,True,,1000,3600,cats_path_g30b150,,heuristic,2,False,CATS,150,paths,MultiMinded,1000,MaxIter,3559.1999999999825,16.346269,17,1.16216,0.87333000000000005,11.839767999999998,22.660372527007276,6.3242948301928275,9.2331552114984792,1,30,15,4636,6946
22,30,62,LinearSubgradientAuction,0.05,0.08,,True,,1000,3600,cats_path_g30b150,,heuristic,2,False,CATS,150,paths,MultiMinded,1000,MaxIter,2626.6999999999825,11.899390499999999,13,1.11701,0.58296099999999995,6.699617000000001,10.964195399751086,2.5318382851513039,5.0617060265691212,1,28,21,3658,5424
23,30,61,LinearSubgradientAuction,0.05,0.08,,True,,1000,3600,cats_path_g30b150,,heuristic,2,False,CATS,150,paths,MultiMinded,1000,MaxIter,2721.459999999992,17.460715,14,1.27766,0.872475,10.912232,22.817293356690598,4.4653694215854838,11.866264100702665,1,30,17,3721,5581
24,30,72,LinearSubgradientAuction,0.05,0.08,,True,,1000,3600,cats_path_g30b150,,heuristic,2,False,CATS,150,paths,MultiMinded,1000,MaxIter,3310.4400000000023,16.551633999999996,16,1.24587,0.733267,11.119097000000002,23.232806430445702,5.8376180691472506,9.7263529854378898,1,30,16,4392,6582
25,30,66,LinearSubgradientAuction,0.05,0.08,,True,,1000,3600,cats_path_g30b150,,heuristic,2,False,CATS,150,paths,MultiMinded,1000,MaxIter,2898.0999999999767,15.951057999999998,14,1.21778,0.74724500000000005,9.496571999999997,23.033898332845634,2.5284865668859906,9.1808330347051186,1,29,19,3960,5904
26,30,71,LinearSubgradientAuction,0.05,0.08,,True,,1000,3600,cats_path_g30b150,,heuristic,2,False,CATS,150,paths,MultiMinded,1000,MaxIter,3236.640000000014,18.600379,17,1.35655,1.0506500000000001,13.758643,25.031072502211021,7.4693635549496742,11.252916604000706,1,30,16,4331,6491
27,30,65,LinearSubgradientAuction,0.05,0.08,,True,,1000,3600,cats_path_g30b150,,heuristic,2,False,CATS,150,paths,MultiMinded,1000,MaxIter,2884.610000000015,15.208365,15,1.24835,0.71721100000000004,8.673643,23.396749318105194,4.4022231980834876,6.9294028762601805,1,30,27,3965,5945
28,30,68,LinearSubgradientAuction,0.05,0.08,,True,,1000,3600,cats_path_g30b150,,heuristic,2,False,CATS,150,paths,MultiMinded,1000,MaxIter,3005.609999999986,14.86174,12,1.33611,1.01847,9.119734,17.613923898917676,2.7656068239492164,7.3902089665955231,1,29,19,4080,6082
29,30,58,LinearSubgradientAuction,0.05,0.08,,True,,1000,3600,cats_path_g30b150,,heuristic,2,False,CATS,150,paths,MultiMinded,1000,MaxIter,2510.0899999999965,11.257909999999999,15,0.8594,0.57639300000000004,7.518751000000001,12.127572670356937,4.0570867716593808,7.1451450213438097,1,29,15,3480,5192
30,30,65,LinearSubgradientAuction,0.05,0.08,,True,,1000,3600,cats_path_g30b150,,heuristic,2,False,CATS,150,paths,MultiMinded,1000,MaxIter,2922.5499999999884,12.752407,16,1.05004,0.71123899999999995,7.419949000000001,13.510928729335971,4.2043737964543331,8.272226953515549,1,30,15,3965,5945
31,30,58,LinearSubgradientAuction,0.05,0.08,,True,,1000,3600,cats_path_g30b150,,heuristic,2,False,CATS,150,paths,MultiMinded,1000,MaxIter,2496.859999999986,13.4727089,14,1.18366,0.86047800000000008,8.640534999999998,13.755124759317457,2.4494117751184317,8.2903647248255901,1,30,14,3538,5308
32,30,79,LinearSubgradientAuction,0.05,0.08,,True,,1000,3600,cats_path_g30b150,,heuristic,2,False,CATS,150,paths,MultiMinded,1000,MaxIter,3475.210000000021,17.626487,15,1.11283,0.85035499999999997,11.697109999999999,18.805018548418158,5.2281829213559678,10.45506669138091,1,28,16,4661,6903
33,30,66,LinearSubgradientAuction,0.05,0.08,,True,,1000,3600,cats_path_g30b150,,heuristic,2,False,CATS,150,paths,MultiMinded,1000,MaxIter,2953.3800000000047,13.562479100000003,13,1.17658,0.71348500000000004,7.2574491000000005,21.196945700880523,4.4022868620523203,7.0276443808160103,1,30,25,4026,6036
34,30,59,LinearSubgradientAuction,0.05,0.08,,True,,1000,3600,cats_path_g30b150,,heuristic,2,False,CATS,150,paths,MultiMinded,1000,MaxIter,2614.0100000000093,15.543004,13,1.16304,0.84088200000000002,11.309518999999998,21.086224699880972,8.1431902024386638,11.212668740654657,1,30,19,3599,5399
35,30,61,LinearSubgradientAuction,0.05,0.08,,True,,1000,3600,cats_path_g30b150,,heuristic,2,False,CATS,150,paths,MultiMinded,1000,MaxIter,2726.649999999994,18.943085999999997,17,1.32614,0.92471499999999995,15.219332999999999,18.870822007392057,7.6241878367097691,11.902905171972684,1,30,9,3721,5581
36,30,75,LinearSubgradientAuction,0.05,0.08,,True,,1000,3600,cats_path_g30b150,,heuristic,2,False,CATS,150,paths,MultiMinded,1000,MaxIter,3436.359999999986,15.257448999999998,16,1.04514,0.73463400000000001,9.709546,22.175520783391896,3.8788217895466821,10.648549807729513,1,30,16,4575,6855
37,30,73,LinearSubgradientAuction,0.05,0.08,,True,,1000,3600,cats_path_g30b150,,heuristic,2,False,CATS,150,paths,MultiMinded,1000,MaxIter,3347.829999999987,19.314383000000003,17,1.26724,0.81503800000000004,13.100448,32.179679944762775,5.8171167305560134,12.205704961553558,1,30,15,4453,6673
38,30,69,LinearSubgradientAuction,0.05,0.08,,True,,1000,3600,cats_path_g30b150,,heuristic,2,False,CATS,150,paths,MultiMinded,1000,MaxIter,3012.9100000000035,17.06102,15,1.26197,0.80889699999999998,10.327244,20.777736839072809,4.8260369103597753,9.105885272692495,1,29,18,4140,6171
39,30,64,LinearSubgradientAuction,0.05,0.08,,True,,1000,3600,cats_path_g30b150,,heuristic,2,False,CATS,150,paths,MultiMinded,1000,MaxIter,2892.4100000000035,18.017829999999996,18,1.46956,1.00953,10.806489,30.312412898766613,2.5972514431118481,8.2785361877195651,1,30,16,3904,5854
40,30,70,LinearSubgradientAuction,0.05,0.08,,True,,1000,3600,cats_path_g30b150,,heuristic,2,False,CATS,150,paths,MultiMinded,1000,MaxIter,3195.779999999999,16.415451,16,1.33618,0.79276899999999995,12.906340000000002,28.203175169020895,5.9190452961573845,10.324800477963564,1,30,15,4270,6400
41,30,62,LinearSubgradientAuction,0.05,0.08,,True,,1000,3600,cats_path_g30b150,,heuristic,2,False,CATS,150,paths,MultiMinded,1000,MaxIter,2686.320000000007,15.767216000000001,15,1.27329,0.81440000000000001,7.962157,16.636953229995392,2.6906784564381536,8.1260738442518239,1,29,20,3720,5548
42,30,66,LinearSubgradientAuction,0.05,0.08,,True,,1000,3600,cats_path_g30b150,,heuristic,2,False,CATS,150,paths,MultiMinded,1000,MaxIter,2932.609999999986,14.387081000000002,17,1.10378,0.674543,9.181471,22.654044881132901,4.799489633503133,8.8438860367994856,1,30,14,4026,6036
43,30,57,LinearSubgradientAuction,0.05,0.08,,True,,1000,3600,cats_path_g30b150,,heuristic,2,False,CATS,150,paths,MultiMinded,1000,MaxIter,2512.030000000028,12.78674,15,1.092,0.74160349999999997,7.978076,20.901782827898451,4.4047897732830235,6.2291357442058466,1,30,16,3477,5217
44,30,67,LinearSubgradientAuction,0.05,0.08,,True,,1000,3600,cats_path_g30b150,,heuristic,2,False,CATS,150,paths,MultiMinded,1000,MaxIter,2923.7600000000093,14.327095000000002,17,1.04382,0.66583400000000004,10.418268,17.51122017163031,4.0719382965287787,8.6095202505320358,1,29,14,4020,5993
45,30,80,LinearSubgradientAuction,0.05,0.08,,True,,1000,3600,cats_path_g30b150,,heuristic,2,False,CATS,150,paths,MultiMinded,984,MaxTime,3602.319999999978,13.769805999999999,18,1.20458,0.66948099999999999,8.981311999999999,13.504678714631829,4.9633266573181265,7.9944909019090105,1,29,11,4800,7150
46,30,62,LinearSubgradientAuction,0.05,0.08,,True,,1000,3600,cats_path_g30b150,,heuristic,2,False,CATS,150,paths,MultiMinded,1000,MaxIter,2674.149999999994,17.982688000000003,14,1.47628,0.89541199999999999,9.805581000000002,21.125590656971809,5.7014695877020838,11.255331284091859,1,29,20,3720,5548
47,30,50,LinearSubgradientAuction,0.05,0.08,,True,,1000,3600,cats_path_g30b150,,heuristic,2,False,CATS,150,paths,MultiMinded,1000,MaxIter,2168.8800000000047,14.4709692,13,1.15255,0.87777400000000005,11.227438000000001,13.075096177541656,2.1271824205345755,9.520878673472243,1,30,14,3050,4580
48,30,56,LinearSubgradientAuction,0.05,0.08,,True,,1000,3600,cats_path_g30b150,,heuristic,2,False,CATS,150,paths,MultiMinded,1000,MaxIter,2442.179999999993,19.863466000000003,13,1.39092,0.99550399999999994,10.792466000000001,27.260707066664658,3.5480831257029735,9.9036863397753763,1,30,10,3416,5126
49,30,59,LinearSubgradientAuction,0.05,0.08,,True,,1000,3600,cats_path_g30b150,,heuristic,2,False,CATS,150,paths,MultiMinded,1000,MaxIter,2449.0499999999884,12.83722,14,1.27931,0.83850000000000002,8.378932999999998,17.134910612872268,4.8207148833865707,6.7505135512205747,1,28,16,3481,5163
50,30,72,LinearSubgradientAuction,0.05,0.08,,True,,1000,3600,cats_path_g30b150,,heuristic,2,False,CATS,150,paths,MultiMinded,1000,MaxIter,3164.829999999987,14.769329999999997,13,1.31494,0.719059,9.983158000000001,14.503359364862385,4.162641114835897,6.3080859685518007,1,29,18,4320,6438
51,30,72,LinearSubgradientAuction,0.05,0.08,,True,,1000,3600,cats_path_g30b150,,heuristic,2,False,CATS,150,paths,MultiMinded,1000,MaxIter,3286.600000000006,16.073219,15,1.09244,0.793798,11.205851999999998,16.014437155085108,2.8894730845354077,6.7501431089197723,1,30,15,4392,6582
52,30,53,LinearSubgradientAuction,0.05,0.08,,True,,1000,3600,cats_path_g30b150,,heuristic,2,False,CATS,150,paths,MultiMinded,1000,MaxIter,2228.2299999999814,12.6877335,14,1.34175,0.74289899999999998,8.0284157,16.019016580518301,3.9621737152064114,6.7035613593670735,1,29,14,3180,4747
53,30,69,LinearSubgradientAuction,0.05,0.08,,True,,1000,3600,cats_path_g30b150,,heuristic,2,False,CATS,150,paths,MultiMinded,1000,MaxIter,3118.609999999986,18.740910999999997,12,1.16684,0.90905150000000001,9.740332,20.240151437385535,4.1211643789319963,9.6461849196906293,1,30,20,4209,6309
54,30,63,LinearSubgradientAuction,0.05,0.08,,True,,1000,3600,cats_path_g30b150,,heuristic,2,False,CATS,150,paths,MultiMinded,1000,MaxIter,2823.3000000000175,15.541510000000004,14,1.41102,0.83414200000000005,8.565486,16.607946589626945,3.8977113006546991,5.6007572845827616,1,30,18,3843,5763
55,30,79,LinearSubgradientAuction,0.05,0.08,,True,,1000,3600,cats_path_g30b150,,heuristic,2,False,CATS,150,paths,MultiMinded,989,MaxTime,3602.920000000013,15.979884000000002,18,1.1263,0.85292049999999997,8.998124,30.878407417846478,3.4481029084912329,7.2948734986782497,1,30,13,4819,7219
56,30,75,LinearSubgradientAuction,0.05,0.08,,True,,1000,3600,cats_path_g30b150,,heuristic,2,False,CATS,150,paths,MultiMinded,1000,MaxIter,3349.4800000000105,18.432461999999994,16,1.25637,0.86360099999999995,10.946583000000002,24.929450597412487,3.3846806739364741,9.2651722632349767,1,29,15,4500,6705
57,30,69,LinearSubgradientAuction,0.05,0.08,,True,,1000,3600,cats_path_g30b150,,heuristic,2,False,CATS,150,paths,MultiMinded,1000,MaxIter,3092.2000000000116,21.377306399999995,15,1.41831,1.0310999999999999,14.738426999999998,22.024989265119174,7.0059496138073856,12.149459092446087,1,30,13,4209,6309
58,30,55,LinearSubgradientAuction,0.05,0.08,,True,,1000,3600,cats_path_g30b150,,heuristic,2,False,CATS,150,paths,MultiMinded,1000,MaxIter,2353.899999999994,12.959700999999999,14,1.39908,0.69830300000000001,8.256663000000001,14.0720687430355,4.8568327902998645,6.9302544498938046,1,29,15,3300,4925
59,30,62,LinearSubgradientAuction,0.05,0.08,,True,,1000,3600,cats_path_g30b150,,heuristic,2,False,CATS,150,paths,MultiMinded,1000,MaxIter,2769.4199999999837,11.245693,17,0.937523,0.59201349999999997,7.769298000000002,12.475732987414402,3.5032179133953729,5.7914576372135258,1,30,13,3782,5672
60,30,62,LinearSubgradientAuction,0.05,0.08,,True,,1000,3600,cats_path_g30b150,,heuristic,2,False,CATS,150,paths,MultiMinded,1000,MaxIter,2756.600000000006,16.295090999999996,17,1.36668,0.91428500000000001,11.085036999999998,17.413587232078946,5.2448479607046758,7.5947879584606977,1,30,11,3782,5672
61,30,65,LinearSubgradientAuction,0.05,0.08,,True,,1000,3600,cats_path_g30b150,,heuristic,2,False,CATS,150,paths,MultiMinded,1000,MaxIter,2816.109999999986,12.734226999999999,15,1.10066,0.73527699999999996,9.681028000000001,19.965084828950513,2.91821278061671,8.071308835756577,1,29,12,3900,5815
62,30,74,LinearSubgradientAuction,0.05,0.08,,True,,1000,3600,cats_path_g30b150,,heuristic,2,False,CATS,150,paths,MultiMinded,1000,MaxIter,3323.329999999987,15.189660000000002,17,1.07901,0.72534500000000002,7.928353999999999,18.781691787390837,4.8124744249599445,9.2929574401810378,1,29,17,4440,6616
63,30,57,LinearSubgradientAuction,0.05,0.08,,True,,1000,3600,cats_path_g30b150,,heuristic,2,False,CATS,150,paths,MultiMinded,1000,MaxIter,2500.0800000000163,15.812223,14,1.17468,0.85123000000000004,11.065932999999998,16.963288656257433,4.6989088966878709,6.3075644891473166,1,30,15,3477,5217
64,30,65,LinearSubgradientAuction,0.05,0.08,,True,,1000,3600,cats_path_g30b150,,heuristic,2,False,CATS,150,paths,MultiMinded,1000,MaxIter,2862.670000000013,14.256674000000002,15,1.1464,0.76940900000000001,7.248443,15.443211811346664,3.6831163583306896,5.7316269577973529,1,29,16,3900,5815
65,30,75,LinearSubgradientAuction,0.05,0.08,,True,,1000,3600,cats_path_g30b150,,heuristic,2,False,CATS,150,paths,MultiMinded,1000,MaxIter,3408.7300000000105,14.689584000000002,16,1.20503,0.79890700000000003,10.261903,24.507105588953607,6.2300877006480375,9.2786288215554382,1,30,14,4575,6855
66,30,64,LinearSubgradientAuction,0.05,0.08,,True,,1000,3600,cats_path_g30b150,,heuristic,2,False,CATS,150,paths,MultiMinded,1000,MaxIter,2872.429999999993,15.318505000000002,19,1.13026,0.77133499999999999,11.367163999999999,16.172138647575281,6.4168008276045301,8.1947620145122375,1,30,13,3904,5854
67,30,65,LinearSubgradientAuction,0.05,0.08,,True,,1000,3600,cats_path_g30b150,,heuristic,2,False,CATS,150,paths,MultiMinded,1000,MaxIter,2936.149999999994,17.19162,14,1.36208,0.868533,9.351744,18.83766642073849,2.4492907646557209,7.3858685097457997,1,30,16,3965,5945
68,30,62,LinearSubgradientAuction,0.05,0.08,,True,,1000,3600,cats_path_g30b150,,heuristic,2,False,CATS,150,paths,MultiMinded,1000,MaxIter,2679.3800000000047,16.58045,16,1.1806,0.75433449999999991,10.526449,14.708817746627844,2.2654856189636461,12.507130739635677,1,29,14,3720,5548
69,30,69,LinearSubgradientAuction,0.05,0.08,,True,,1000,3600,cats_path_g30b150,,heuristic,2,False,CATS,150,paths,MultiMinded,1000,MaxIter,3103.779999999999,16.94247,15,1.39982,0.781829,9.909972999999999,19.988686784747049,4.017554240365345,7.6601922364483226,1,30,19,4209,6309
70,30,69,LinearSubgradientAuction,0.05,0.08,,True,,1000,3600,cats_path_g30b150,,heuristic,2,False,CATS,150,paths,MultiMinded,1000,MaxIter,2948.8800000000047,15.6214981,16,1.25374,0.86018899999999998,11.628857,16.234343078048102,5.820565229185009,9.9022274147067364,1,28,15,4071,6033
71,30,72,LinearSubgradientAuction,0.05,0.08,,True,,1000,3600,cats_path_g30b150,,heuristic,2,False,CATS,150,paths,MultiMinded,1000,MaxIter,3228.459999999992,18.0902305,15,1.22443,0.96304999999999996,10.412551,32.165339829950788,3.9464316544595124,7.4635796954623874,1,29,21,4320,6438
72,30,71,LinearSubgradientAuction,0.05,0.08,,True,,1000,3600,cats_path_g30b150,,heuristic,2,False,CATS,150,paths,MultiMinded,1000,MaxIter,3220.9500000000116,14.262129000000002,16,1.12549,0.60241199999999995,9.428565,19.96193377809351,4.0223755966704902,7.1398924016047634,1,30,15,4331,6491
73,30,61,LinearSubgradientAuction,0.05,0.08,,True,,1000,3600,cats_path_g30b150,,heuristic,2,False,CATS,150,paths,MultiMinded,1000,MaxIter,2610.8499999999767,16.416352,11,1.29762,0.90387399999999996,8.51866,16.510245811686094,4.2998280965444646,7.0143448396225896,1,29,18,3660,5459
74,30,65,LinearSubgradientAuction,0.05,0.08,,True,,1000,3600,cats_path_g30b150,,heuristic,2,False,CATS,150,paths,MultiMinded,1000,MaxIter,2845.579999999987,10.025623,15,0.812177,0.53816299999999995,7.08176,12.674953711413245,4.2265076674079136,6.9183258312452613,1,29,16,3900,5815
75,30,69,LinearSubgradientAuction,0.05,0.08,,True,,1000,3600,cats_path_g30b150,,heuristic,2,False,CATS,150,paths,MultiMinded,1000,MaxIter,3107.140000000014,15.321485,17,1.30411,0.789794,9.678867000000002,26.970864634108139,4.8017326225847778,8.5306121342342713,1,30,15,4209,6309
76,30,66,LinearSubgradientAuction,0.05,0.08,,True,,1000,3600,cats_path_g30b150,,heuristic,2,False,CATS,150,paths,MultiMinded,1000,MaxIter,2991.820000000007,17.565949,14,1.39796,0.82384800000000002,12.247455,22.971604892302231,4.1784202978010532,7.3164091299261127,1,30,15,4026,6036
77,30,71,LinearSubgradientAuction,0.05,0.08,,True,,1000,3600,cats_path_g30b150,,heuristic,2,False,CATS,150,paths,MultiMinded,1000,MaxIter,3244.720000000001,17.445843,18,1.28117,0.83980299999999997,10.622241999999998,24.858458852586008,4.801100240500193,9.8539029696893401,1,30,18,4331,6491
78,30,77,LinearSubgradientAuction,0.05,0.08,,True,,1000,3600,cats_path_g30b150,,heuristic,2,False,CATS,150,paths,MultiMinded,1000,MaxIter,3592.4400000000023,17.835809,17,1.27923,0.84794999999999998,10.410839,26.305695378586876,5.0490131222752046,7.6559149427701829,1,30,13,4697,7037
79,30,71,LinearSubgradientAuction,0.05,0.08,,True,,1000,3600,cats_path_g30b150,,heuristic,2,False,CATS,150,paths,MultiMinded,1000,MaxIter,3206.4799999999814,15.251795000000001,14,1.08004,0.77857100000000001,8.115425,19.342974871460644,3.851773011721737,7.9983875622766023,1,30,17,4331,6491
80,30,67,LinearSubgradientAuction,0.05,0.08,,True,,1000,3600,cats_path_g30b150,,heuristic,2,False,CATS,150,paths,MultiMinded,1000,MaxIter,3000.3699999999953,21.216326000000002,16,1.34186,1.05186,12.520995000000001,23.830593515824564,8.846820412304421,11.961876431674366,1,30,12,4087,6127
81,30,68,LinearSubgradientAuction,0.05,0.08,,True,,1000,3600,cats_path_g30b150,,heuristic,2,False,CATS,150,paths,MultiMinded,1000,MaxIter,2840.920000000013,14.454433000000002,14,1.14794,0.83136399999999999,7.2715689999999995,12.992436835021376,3.5644807771331095,8.3639721078422689,1,27,22,3944,5810
82,30,64,LinearSubgradientAuction,0.05,0.08,,True,,1000,3600,cats_path_g30b150,,heuristic,2,False,CATS,150,paths,MultiMinded,1000,MaxIter,2855.210000000021,14.456647999999998,19,1.03149,0.62555099999999997,8.473401,24.338977981360035,3.8748433733998162,8.2461812063616691,1,30,18,3904,5854
83,30,64,LinearSubgradientAuction,0.05,0.08,,True,,1000,3600,cats_path_g30b150,,heuristic,2,False,CATS,150,paths,MultiMinded,1000,MaxIter,2845.7600000000093,15.243575000000002,14,1.11077,0.82948200000000005,9.089755,18.541379723591572,3.8813528032010582,7.7695250794161987,1,30,21,3904,5854
84,30,55,LinearSubgradientAuction,0.05,0.08,,True,,1000,3600,cats_path_g30b150,,heuristic,2,False,CATS,150,paths,MultiMinded,1000,MaxIter,2342.00999999998,10.829593,11,1.04035,0.60557799999999995,6.940788000000001,10.499408156410858,2.8005635575901779,4.1417862057913402,1,29,22,3300,4925
85,30,70,LinearSubgradientAuction,0.05,0.08,,True,,1000,3600,cats_path_g30b150,,heuristic,2,False,CATS,150,paths,MultiMinded,1000,MaxIter,3179.4100000000035,17.838826,16,1.20482,0.99917599999999995,11.239493,22.180836202217233,5.9583198391387455,10.066835922739591,1,30,17,4270,6400
86,30,63,LinearSubgradientAuction,0.05,0.08,,True,,1000,3600,cats_path_g30b150,,heuristic,2,False,CATS,150,paths,MultiMinded,1000,MaxIter,2810.6199999999953,14.348480000000002,15,1.12303,0.66461599999999998,8.955336999999998,13.327603969029145,2.4571806276359158,5.9088892541758478,1,30,14,3843,5763
87,30,64,LinearSubgradientAuction,0.05,0.08,,True,,1000,3600,cats_path_g30b150,,heuristic,2,False,CATS,150,paths,MultiMinded,1000,MaxIter,2796.170000000013,15.876268000000007,11,1.16618,0.92069400000000001,5.9867159999999995,15.0471822957096,2.7370895902056644,6.6874138955935898,1,29,17,3840,5726
88,30,76,LinearSubgradientAuction,0.05,0.08,,True,,1000,3600,cats_path_g30b150,,heuristic,2,False,CATS,150,paths,MultiMinded,1000,MaxIter,3562.2999999999884,20.508544000000004,13,1.50963,0.97545999999999999,12.768360000000001,31.479689871019829,2.8866315724460354,12.869184401641293,1,30,20,4636,6946
89,30,72,LinearSubgradientAuction,0.05,0.08,,True,,1000,3600,cats_path_g30b150,,heuristic,2,False,CATS,150,paths,MultiMinded,1000,MaxIter,3283.529999999999,16.188547,15,1.37467,0.81535500000000005,11.512162,16.704094488651446,7.4215060193120568,9.3398233337611387,1,30,13,4392,6582
90,30,54,LinearSubgradientAuction,0.05,0.08,,True,,1000,3600,cats_path_g30b150,,heuristic,2,False,CATS,150,paths,MultiMinded,1000,MaxIter,2193.959999999992,12.251615099999999,12,0.821456,0.64283100000000004,5.5805161000000005,20.281158472920144,3.1402297403450072,6.4975178193024421,1,27,16,3132,4620
91,30,66,LinearSubgradientAuction,0.05,0.08,,True,,1000,3600,cats_path_g30b150,,heuristic,2,False,CATS,150,paths,MultiMinded,1000,MaxIter,2921.75,13.249561,15,1.08687,0.77222100000000005,7.99427,16.81511818273432,3.7894057141899808,7.5119888474483192,1,30,9,4026,6036
92,30,57,LinearSubgradientAuction,0.05,0.08,,True,,1000,3600,cats_path_g30b150,,heuristic,2,False,CATS,150,paths,MultiMinded,1000,MaxIter,2512.75999999998,12.038590999999998,16,0.968649,0.65237100000000003,5.948479000000001,14.843531394792485,3.7606871052872011,6.7059603947344311,1,30,16,3477,5217
93,30,62,LinearSubgradientAuction,0.05,0.08,,True,,1000,3600,cats_path_g30b150,,heuristic,2,False,CATS,150,paths,MultiMinded,1000,MaxIter,2619.4800000000105,16.059345,15,1.15822,0.86252099999999998,9.334807999999999,26.857131570083947,3.826863341046653,8.8098629725495172,1,28,18,3658,5424
94,30,68,LinearSubgradientAuction,0.05,0.08,,True,,1000,3600,cats_path_g30b150,,heuristic,2,False,CATS,150,paths,MultiMinded,1000,MaxIter,3068.100000000006,17.743863,15,1.39576,0.98003499999999999,10.911230999999999,24.129364381341549,4.4937956839082949,7.3452328770960582,1,30,22,4148,6218
95,30,64,LinearSubgradientAuction,0.05,0.08,,True,,1000,3600,cats_path_g30b150,,heuristic,2,False,CATS,150,paths,MultiMinded,1000,MaxIter,2878.970000000001,15.467591,16,0.907099,0.58233449999999998,8.624575,14.527374413460949,3.2586418622989393,10.046389872063491,1,30,15,3904,5854
96,30,57,LinearSubgradientAuction,0.05,0.08,,True,,1000,3600,cats_path_g30b150,,heuristic,2,False,CATS,150,paths,MultiMinded,1000,MaxIter,2473.180000000022,9.8668957,12,1.02137,0.65189799999999998,5.308226,9.9314762911058523,3.3056947893497255,5.7485550895648823,1,30,13,3477,5217
97,30,55,LinearSubgradientAuction,0.05,0.08,,True,,1000,3600,cats_path_g30b150,,heuristic,2,False,CATS,150,paths,MultiMinded,1000,MaxIter,2335.1599999999744,12.714137000000001,13,1.1671,0.73047649999999997,6.866128,13.601935367242802,3.6401606391930748,6.3368684085762066,1,29,14,3300,4925
98,30,61,LinearSubgradientAuction,0.05,0.08,,True,,1000,3600,cats_path_g30b150,,heuristic,2,False,CATS,150,paths,MultiMinded,1000,MaxIter,2692.920000000013,17.221063000000004,13,1.28051,0.90821799999999997,7.808017999999999,23.202768479573283,3.5424342194944018,7.41396026596483,1,30,19,3721,5581
99,30,71,LinearSubgradientAuction,0.05,0.08,,True,,1000,3600,cats_path_g30b150,,heuristic,2,False,CATS,150,paths,MultiMinded,1000,MaxIter,3226.25,16.835101,15,1.27222,0.965194,9.240025000000001,30.181122582667108,2.0501572168748132,6.3149872557269937,1,30,23,4331,6491
100,30,69,LinearSubgradientAuction,0.05,0.08,,True,,1000,3600,cats_path_g30b150,,heuristic,2,False,CATS,150,paths,MultiMinded,1000,MaxIter,3059.2299999999814,11.185935,15,0.872955,0.55562999999999996,7.690121,11.653959665269127,3.9914552362147373,6.0929556995584129,1,29,10,4140,6171
