idx,items,agents,auction_class,epsilon,stepc,epoch,scalebyvalue,reserve_type,maxiter,maxtime,generator_param_name,personalized,bidding_strategy,heuristic_pool_num,int_prices,generator,bids,distribution,type,rounds,status,runtime,efficient_value,final_num_winners,final_max_agent_value,final_scalevalue,final_value,final_total_price,final_revenue,final_indirect_util,final_price_degree,final_price_sparsity,final_imbalance,final_wd_nvars,final_wd_ncons
1,30,34,LinearSubgradientAuction,0.05,0.01,,True,,1000,3600,cats_arbitrary_g30b150,,heuristic,2,False,CATS,150,arbitrary,MultiMinded,1000,MaxIter,1399.3600000000006,1985.8648,8,1958.65,585.33899999999994,1412.893,2276.4023739059594,1168.4544820191161,1179.7385413296099,1,30,28,2074,3124
2,30,35,LinearSubgradientAuction,0.05,0.01,,True,,1000,3600,cats_arbitrary_g30b150,,heuristic,2,False,CATS,150,arbitrary,MultiMinded,1000,MaxIter,1455.5999999999985,2197.79,9,2197.79,440.00599999999997,830.6908000000001,2237.5862812332316,721.38733032248854,721.81807485702575,1,30,24,2135,3215
3,30,33,LinearSubgradientAuction,0.05,0.01,,True,,1000,3600,cats_arbitrary_g30b150,,heuristic,2,False,CATS,150,arbitrary,MultiMinded,1000,MaxIter,1374.2799999999988,2537.724,8,1980.67,603.23800000000006,1340.855,2918.7999010907865,1093.2709272309971,1095.6408165380915,1,30,31,2013,3033
4,30,33,LinearSubgradientAuction,0.05,0.01,,True,,1000,3600,cats_arbitrary_g30b150,,heuristic,2,False,CATS,150,arbitrary,MultiMinded,1000,MaxIter,1387.5800000000017,2018.328,4,1780.26,501.12400000000002,962.1103,2289.439857116849,38.837215116348624,55.268041671382846,1,30,16,2013,3033
5,30,32,LinearSubgradientAuction,0.05,0.01,,True,,1000,3600,cats_arbitrary_g30b150,,heuristic,2,False,CATS,150,arbitrary,MultiMinded,1000,MaxIter,1322.4599999999991,1876.8708299999998,2,1770.89,624.08600000000001,340.433,2313.493237358658,308.80382090448632,310.70108249895588,1,30,25,1952,2942
6,30,33,LinearSubgradientAuction,0.05,0.01,,True,,1000,3600,cats_arbitrary_g30b150,,heuristic,2,False,CATS,150,arbitrary,MultiMinded,1000,MaxIter,1370.8600000000006,2052.619,8,1672.04,727.22400000000005,1414.0789,2673.2308798512368,1124.2148846405435,1124.2148848521856,1,30,54,2013,3033
7,30,30,LinearSubgradientAuction,0.05,0.01,,True,,1000,3600,cats_arbitrary_g30b150,,heuristic,2,False,CATS,150,arbitrary,MultiMinded,1000,MaxIter,1229.25,2256.612,1,2088.18,661.12950000000001,1465.41,2689.257009712881,0,0.51339832318433309,1,30,30,1830,2760
8,30,35,LinearSubgradientAuction,0.05,0.01,,True,,1000,3600,cats_arbitrary_g30b150,,heuristic,2,False,CATS,150,arbitrary,MultiMinded,1000,MaxIter,1452.4500000000044,1886.9858,2,1721.43,762.18450000000007,443.864,2082.2084484528427,15.811241719665837,17.443955594674996,1,30,28,2135,3215
9,30,32,LinearSubgradientAuction,0.05,0.01,,True,,1000,3600,cats_arbitrary_g30b150,,heuristic,2,False,CATS,150,arbitrary,MultiMinded,1000,MaxIter,1334.6500000000015,1903.7699,6,1559.25,844.62750000000005,1316.571,2224.4958808426527,1194.5684031083335,1194.6337087473587,1,30,20,1952,2942
10,30,36,LinearSubgradientAuction,0.05,0.01,,True,,1000,3600,cats_arbitrary_g30b150,,heuristic,2,False,CATS,150,arbitrary,MultiMinded,1000,MaxIter,1481.8899999999994,2500.0740000000005,7,2217.68,621.28700000000003,1334.4479999999999,2899.7922420766035,1151.208182689232,1181.3115866834878,1,30,17,2196,3306
11,30,30,LinearSubgradientAuction,0.05,0.01,,True,,1000,3600,cats_arbitrary_g30b150,,heuristic,2,False,CATS,150,arbitrary,MultiMinded,1000,MaxIter,1241.979999999996,1868.241,4,1447.57,637.68550000000005,979.1179999999999,2472.0835117409574,910.63343997126083,912.44846301540463,1,30,11,1830,2760
12,30,32,LinearSubgradientAuction,0.05,0.01,,True,,1000,3600,cats_arbitrary_g30b150,,heuristic,2,False,CATS,150,arbitrary,MultiMinded,1000,MaxIter,1317.7599999999948,1629.6809799999999,6,1454.03,563.44500000000005,609.3677,2047.0228479128155,553.87327583197396,592.01074277355326,1,30,22,1952,2942
13,30,33,LinearSubgradientAuction,0.05,0.01,,True,,1000,3600,cats_arbitrary_g30b150,,heuristic,2,False,CATS,150,arbitrary,MultiMinded,1000,MaxIter,1380.0400000000009,1977.1191,1,1667.86,707.56150000000002,889.076,2265.3589342865157,0,0.30177818302223614,1,30,30,2013,3033
14,30,33,LinearSubgradientAuction,0.05,0.01,,True,,1000,3600,cats_arbitrary_g30b150,,heuristic,2,False,CATS,150,arbitrary,MultiMinded,1000,MaxIter,1384.2699999999968,2717.117,5,1791.51,726.46749999999997,1720.0030000000002,3001.2574910280491,1198.0053582293922,1214.0742355368261,1,30,12,2013,3033
15,30,30,LinearSubgradientAuction,0.05,0.01,,True,,1000,3600,cats_arbitrary_g30b150,,heuristic,2,False,CATS,150,arbitrary,MultiMinded,1000,MaxIter,1237.0799999999945,2171.381,2,1868.55,921.70799999999997,728.109,2700.8460496237476,681.74574687630172,685.16584221553398,1,30,24,1830,2760
16,30,34,LinearSubgradientAuction,0.05,0.01,,True,,1000,3600,cats_arbitrary_g30b150,,heuristic,2,False,CATS,150,arbitrary,MultiMinded,1000,MaxIter,1416.7699999999968,2091.4660000000003,6,1581.43,466.154,1022.649,2398.6970875176794,203.65040495653705,221.20612346719957,1,30,14,2074,3124
17,30,32,LinearSubgradientAuction,0.05,0.01,,True,,1000,3600,cats_arbitrary_g30b150,,heuristic,2,False,CATS,150,arbitrary,MultiMinded,1000,MaxIter,1323.9700000000012,1828.406,6,1506.32,727.10699999999997,1442.604,2048.009782580566,1040.8020802785707,1043.9372986323465,1,30,16,1952,2942
18,30,33,LinearSubgradientAuction,0.05,0.01,,True,,1000,3600,cats_arbitrary_g30b150,,heuristic,2,False,CATS,150,arbitrary,MultiMinded,1000,MaxIter,1379.3899999999994,2345.2870000000003,4,2117.29,776.08299999999997,1308.4553,2653.5606856791369,1191.9322466219364,1196.5338764461474,1,30,17,2013,3033
19,30,34,LinearSubgradientAuction,0.05,0.01,,True,,1000,3600,cats_arbitrary_g30b150,,heuristic,2,False,CATS,150,arbitrary,MultiMinded,1000,MaxIter,1408.3199999999997,2287.142,6,1551.3,564.779,1278.1479,2733.5335906574392,941.17847154974083,943.58759729463884,1,30,29,2074,3124
20,30,34,LinearSubgradientAuction,0.05,0.01,,True,,1000,3600,cats_arbitrary_g30b150,,heuristic,2,False,CATS,150,arbitrary,MultiMinded,1000,MaxIter,1420.8300000000017,1940.03319,6,1543.36,583.99600000000009,1824.2889999999998,2300.3056644754579,1534.6885277010724,1550.7502359402649,1,30,13,2074,3124
21,30,32,LinearSubgradientAuction,0.05,0.01,,True,,1000,3600,cats_arbitrary_g30b150,,heuristic,2,False,CATS,150,arbitrary,MultiMinded,1000,MaxIter,1336.489999999998,1599.0811999999999,4,1355.45,695.58449999999993,1335.7352,2031.4438994972818,1258.4700252781222,1266.0693260610419,1,30,14,1952,2942
22,30,33,LinearSubgradientAuction,0.05,0.01,,True,,1000,3600,cats_arbitrary_g30b150,,heuristic,2,False,CATS,150,arbitrary,MultiMinded,1000,MaxIter,1376.800000000003,2282.8423000000003,8,1879.28,739.774,890.7573,2546.6223749986439,783.96371469789688,783.96371469789688,1,30,67,2013,3033
23,30,33,LinearSubgradientAuction,0.05,0.01,,True,,1000,3600,cats_arbitrary_g30b150,,heuristic,2,False,CATS,150,arbitrary,MultiMinded,1000,MaxIter,1362.770000000004,2403.9993,9,2044.82,717.20399999999995,986.1263,2882.8985025413608,861.34104627945703,861.53086212922699,1,30,43,2013,3033
24,30,30,LinearSubgradientAuction,0.05,0.01,,True,,1000,3600,cats_arbitrary_g30b150,,heuristic,2,False,CATS,150,arbitrary,MultiMinded,1000,MaxIter,1231.8400000000038,2126.121,4,1969.43,482.00350000000003,985.8299999999999,2568.1908300984155,940.97921226978383,943.40376738627356,1,30,16,1830,2760
25,30,29,LinearSubgradientAuction,0.05,0.01,,True,,1000,3600,cats_arbitrary_g30b150,,heuristic,2,False,CATS,150,arbitrary,MultiMinded,1000,MaxIter,1195.2200000000012,1852.1607,6,1764.81,936.35900000000004,816.5229999999999,2383.6504030300371,499.19890245607007,499.94329110854972,1,30,30,1769,2669
26,30,39,LinearSubgradientAuction,0.05,0.01,,True,,1000,3600,cats_arbitrary_g30b150,,heuristic,2,False,CATS,150,arbitrary,MultiMinded,1000,MaxIter,1632.1900000000023,2465.4804,5,1489.25,632.89699999999993,945.07,2622.1641328415799,848.42925170126045,853.20663006594896,1,30,18,2379,3579
27,30,29,LinearSubgradientAuction,0.05,0.01,,True,,1000,3600,cats_arbitrary_g30b150,,heuristic,2,False,CATS,150,arbitrary,MultiMinded,1000,MaxIter,1199.2799999999988,2275.4269999999997,1,1932.93,759.11900000000003,829.934,2736.5721039316086,0,5.6148671134232018,1,30,30,1769,2669
28,30,31,LinearSubgradientAuction,0.05,0.01,,True,,1000,3600,cats_arbitrary_g30b150,,heuristic,2,False,CATS,150,arbitrary,MultiMinded,1000,MaxIter,1273.060000000005,2301.5724,9,1458.94,613.274,898.5174999999999,2540.5842644250156,388.50820799969307,388.96445861484125,1,30,49,1891,2851
29,30,29,LinearSubgradientAuction,0.05,0.01,,True,,1000,3600,cats_arbitrary_g30b150,,heuristic,2,False,CATS,150,arbitrary,MultiMinded,1000,MaxIter,1207.6100000000006,2007.782,9,1669.06,662.85299999999995,933.146,2283.5651788364198,576.67933545955327,577.28263722318616,1,30,23,1769,2669
30,30,35,LinearSubgradientAuction,0.05,0.01,,True,,1000,3600,cats_arbitrary_g30b150,,heuristic,2,False,CATS,150,arbitrary,MultiMinded,1000,MaxIter,1446.8899999999994,2161.8298999999997,2,1539.73,524.54999999999995,768.063,2464.0910360112839,211.50718560528927,213.19837328778456,1,30,21,2135,3215
31,30,32,LinearSubgradientAuction,0.05,0.01,,True,,1000,3600,cats_arbitrary_g30b150,,heuristic,2,False,CATS,150,arbitrary,MultiMinded,1000,MaxIter,1314.6100000000006,2453.359,9,1724.13,512.56299999999999,1209.421,2696.1244190931675,590.00951395568313,614.61391418547964,1,30,31,1952,2942
32,30,34,LinearSubgradientAuction,0.05,0.01,,True,,1000,3600,cats_arbitrary_g30b150,,heuristic,2,False,CATS,150,arbitrary,MultiMinded,1000,MaxIter,1418.0999999999985,1818.8858,10,1643.98,574.70600000000002,1034.6238,2249.5441548999256,520.49930041652169,553.32448616387148,1,30,22,2074,3124
33,30,33,LinearSubgradientAuction,0.05,0.01,,True,,1000,3600,cats_arbitrary_g30b150,,heuristic,2,False,CATS,150,arbitrary,MultiMinded,1000,MaxIter,1393.449999999997,1944.8153000000002,3,1618.49,617.12249999999995,608.8589999999999,2238.735519116552,275.7660468494135,278.72306098745804,1,30,22,2013,3033
34,30,31,LinearSubgradientAuction,0.05,0.01,,True,,1000,3600,cats_arbitrary_g30b150,,heuristic,2,False,CATS,150,arbitrary,MultiMinded,1000,MaxIter,1272.5,2467.5019,2,2102.79,578.16200000000003,633.547,2877.7489510261667,603.70145326718091,605.44086229423795,1,30,23,1891,2851
35,30,32,LinearSubgradientAuction,0.05,0.01,,True,,1000,3600,cats_arbitrary_g30b150,,heuristic,2,False,CATS,150,arbitrary,MultiMinded,1000,MaxIter,1303.1599999999962,2108.201,2,1910.3,506.57900000000001,597.528,2464.0518220355134,313.84731782196269,315.40082124507251,1,30,27,1952,2942
36,30,35,LinearSubgradientAuction,0.05,0.01,,True,,1000,3600,cats_arbitrary_g30b150,,heuristic,2,False,CATS,150,arbitrary,MultiMinded,1000,MaxIter,1455.1200000000026,1942.8097999999998,2,1649.39,704.06799999999998,855.5519999999999,2173.281698009599,320.98857373627067,337.79877378088702,1,30,26,2135,3215
37,30,33,LinearSubgradientAuction,0.05,0.01,,True,,1000,3600,cats_arbitrary_g30b150,,heuristic,2,False,CATS,150,arbitrary,MultiMinded,1000,MaxIter,1377.4300000000003,1975.334,2,1881.03,532.89949999999999,241.159,2356.792914209288,227.36827564926034,230.04490961652667,1,30,28,2013,3033
38,30,32,LinearSubgradientAuction,0.05,0.01,,True,,1000,3600,cats_arbitrary_g30b150,,heuristic,2,False,CATS,150,arbitrary,MultiMinded,1000,MaxIter,1327.510000000002,2501.4829999999997,1,2312.06,839.32600000000002,920.255,2957.2934538745494,0,2.451867242913039,1,30,30,1952,2942
39,30,34,LinearSubgradientAuction,0.05,0.01,,True,,1000,3600,cats_arbitrary_g30b150,,heuristic,2,False,CATS,150,arbitrary,MultiMinded,1000,MaxIter,1430.4300000000003,2311.536,2,2186.45,533.95749999999998,633.36,2707.0016537448441,0,5.9124569278228307,1,30,23,2074,3124
40,30,31,LinearSubgradientAuction,0.05,0.01,,True,,1000,3600,cats_arbitrary_g30b150,,heuristic,2,False,CATS,150,arbitrary,MultiMinded,1000,MaxIter,1280.939999999995,1922.01,6,1548.35,753.33299999999997,757.8833000000001,2212.1257588094822,327.58627020679933,373.71887813221662,1,30,17,1891,2851
41,30,32,LinearSubgradientAuction,0.05,0.01,,True,,1000,3600,cats_arbitrary_g30b150,,heuristic,2,False,CATS,150,arbitrary,MultiMinded,1000,MaxIter,1316.5900000000038,1899.3063,4,1626.29,567.45299999999997,917.588,2272.679985849732,860.7221843822465,862.43639938309116,1,30,15,1952,2942
42,30,35,LinearSubgradientAuction,0.05,0.01,,True,,1000,3600,cats_arbitrary_g30b150,,heuristic,2,False,CATS,150,arbitrary,MultiMinded,1000,MaxIter,1456.5999999999985,2374.3837000000003,4,1682.91,707.67899999999997,1483.874,2911.4012918669932,1179.9260166786769,1183.5078903897343,1,30,20,2135,3215
43,30,36,LinearSubgradientAuction,0.05,0.01,,True,,1000,3600,cats_arbitrary_g30b150,,heuristic,2,False,CATS,150,arbitrary,MultiMinded,1000,MaxIter,1494.239999999998,2385.76,6,2385.76,501.80000000000001,938.3186000000001,2566.5674594411089,847.47186857123086,865.19883979061444,1,30,24,2196,3306
44,30,35,LinearSubgradientAuction,0.05,0.01,,True,,1000,3600,cats_arbitrary_g30b150,,heuristic,2,False,CATS,150,arbitrary,MultiMinded,1000,MaxIter,1441.479999999996,2079.9506999999994,6,1845.76,468.2165,1362.432,2321.7150589962703,956.07846969283594,961.16288014867621,1,30,10,2135,3215
45,30,30,LinearSubgradientAuction,0.05,0.01,,True,,1000,3600,cats_arbitrary_g30b150,,heuristic,2,False,CATS,150,arbitrary,MultiMinded,1000,MaxIter,1245.6200000000026,1973.4939,3,1684.69,518.44550000000004,577.9744,2312.3653450288252,449.88981179729922,471.50828767779768,1,30,22,1830,2760
46,30,33,LinearSubgradientAuction,0.05,0.01,,True,,1000,3600,cats_arbitrary_g30b150,,heuristic,2,False,CATS,150,arbitrary,MultiMinded,1000,MaxIter,1390.3600000000006,2174.927,7,1703.31,577.08699999999999,1080.9850000000001,2540.3105751132734,996.01970004541329,1017.8176395395321,1,30,22,2013,3033
47,30,36,LinearSubgradientAuction,0.05,0.01,,True,,1000,3600,cats_arbitrary_g30b150,,heuristic,2,False,CATS,150,arbitrary,MultiMinded,1000,MaxIter,1480.4000000000015,2134.903,8,1579.3,488.0025,1639.5380000000002,2500.8962028115184,1543.1648694915502,1543.3935860766089,1,30,20,2196,3306
48,30,36,LinearSubgradientAuction,0.05,0.01,,True,,1000,3600,cats_arbitrary_g30b150,,heuristic,2,False,CATS,150,arbitrary,MultiMinded,1000,MaxIter,1498.8600000000006,2120.0323,6,1723.29,500.82099999999997,951.1034999999999,2340.3072697483085,415.99853214023682,423.09023928174025,1,30,16,2196,3306
49,30,32,LinearSubgradientAuction,0.05,0.01,,True,,1000,3600,cats_arbitrary_g30b150,,heuristic,2,False,CATS,150,arbitrary,MultiMinded,1000,MaxIter,1317.0400000000009,1825.5846,5,1448.16,458.54599999999999,1218.4260000000002,2128.5148837922825,1028.3534726112805,1033.5085956408893,1,30,13,1952,2942
50,30,32,LinearSubgradientAuction,0.05,0.01,,True,,1000,3600,cats_arbitrary_g30b150,,heuristic,2,False,CATS,150,arbitrary,MultiMinded,1000,MaxIter,1332.530000000006,2387.589,7,2137.71,881.64700000000005,642.6220000000001,2532.9635457833183,533.16347499666756,533.16347499666756,1,30,40,1952,2942
51,30,31,LinearSubgradientAuction,0.05,0.01,,True,,1000,3600,cats_arbitrary_g30b150,,heuristic,2,False,CATS,150,arbitrary,MultiMinded,1000,MaxIter,1283.5400000000009,2404.514,3,2207.65,681.84050000000002,1338.852,2891.6818660043218,1271.6361883339034,1367.5106077986648,1,30,16,1891,2851
52,30,34,LinearSubgradientAuction,0.05,0.01,,True,,1000,3600,cats_arbitrary_g30b150,,heuristic,2,False,CATS,150,arbitrary,MultiMinded,1000,MaxIter,1423.1299999999974,2070.7699000000002,5,1761.92,837.09500000000003,1002.78,2423.6909895962126,537.0544649088813,548.24150334887861,1,30,13,2074,3124
53,30,34,LinearSubgradientAuction,0.05,0.01,,True,,1000,3600,cats_arbitrary_g30b150,,heuristic,2,False,CATS,150,arbitrary,MultiMinded,1000,MaxIter,1412.1800000000003,1944.8844,6,1588.82,654.95799999999997,946.0962999999999,2274.3720017120272,697.46835159290276,709.65807233302803,1,30,15,2074,3124
54,30,30,LinearSubgradientAuction,0.05,0.01,,True,,1000,3600,cats_arbitrary_g30b150,,heuristic,2,False,CATS,150,arbitrary,MultiMinded,1000,MaxIter,1234.7900000000009,2678.4509,4,2281.57,746.976,1242.5729999999999,3010.4358293065188,416.30422708673404,493.19352616420332,1,30,14,1830,2760
55,30,31,LinearSubgradientAuction,0.05,0.01,,True,,1000,3600,cats_arbitrary_g30b150,,heuristic,2,False,CATS,150,arbitrary,MultiMinded,1000,MaxIter,1266.6300000000047,2211.653,6,1943.48,726.06700000000001,973.744,2472.8351039348604,904.85730761501497,904.85764009162369,1,30,35,1891,2851
56,30,29,LinearSubgradientAuction,0.05,0.01,,True,,1000,3600,cats_arbitrary_g30b150,,heuristic,2,False,CATS,150,arbitrary,MultiMinded,1000,MaxIter,1205.8499999999985,2093.229,2,1877.5,714.9369999999999,581.446,2220.5977972143214,545.66446333648992,546.57982280472788,1,30,23,1769,2669
57,30,31,LinearSubgradientAuction,0.05,0.01,,True,,1000,3600,cats_arbitrary_g30b150,,heuristic,2,False,CATS,150,arbitrary,MultiMinded,1000,MaxIter,1266.3899999999994,2015.9576000000002,2,1667.14,591.51199999999994,463.933,2383.0210800606674,434.28622027778113,437.163285400137,1,30,23,1891,2851
58,30,33,LinearSubgradientAuction,0.05,0.01,,True,,1000,3600,cats_arbitrary_g30b150,,heuristic,2,False,CATS,150,arbitrary,MultiMinded,1000,MaxIter,1401.8899999999994,2213.6252,7,1937.47,893.10799999999995,1094.7015,2634.3541548990133,570.74854256392371,571.7914835869376,1,30,27,2013,3033
59,30,31,LinearSubgradientAuction,0.05,0.01,,True,,1000,3600,cats_arbitrary_g30b150,,heuristic,2,False,CATS,150,arbitrary,MultiMinded,1000,MaxIter,1262.689999999995,2195.5229,5,1710.57,782.62599999999998,1771.9969999999998,2744.9537346866032,985.42655912024634,986.65452625621924,1,30,26,1891,2851
60,30,36,LinearSubgradientAuction,0.05,0.01,,True,,1000,3600,cats_arbitrary_g30b150,,heuristic,2,False,CATS,150,arbitrary,MultiMinded,1000,MaxIter,1502.9900000000052,1802.554,9,1574.08,671.95349999999996,1135.0675,2096.672822723327,761.55967508582933,762.30031915849054,1,30,15,2196,3306
61,30,33,LinearSubgradientAuction,0.05,0.01,,True,,1000,3600,cats_arbitrary_g30b150,,heuristic,2,False,CATS,150,arbitrary,MultiMinded,1000,MaxIter,1387.5499999999956,1724.4375,2,1339.03,584.49199999999996,586.798,2014.9637216228905,0,23.448496582884729,1,30,22,2013,3033
62,30,36,LinearSubgradientAuction,0.05,0.01,,True,,1000,3600,cats_arbitrary_g30b150,,heuristic,2,False,CATS,150,arbitrary,MultiMinded,1000,MaxIter,1504.550000000003,2437.0683000000004,2,1933.61,814.90999999999997,200.8268,2670.8920955537751,36.094343806594757,37.365405337113906,1,30,28,2196,3306
63,30,34,LinearSubgradientAuction,0.05,0.01,,True,,1000,3600,cats_arbitrary_g30b150,,heuristic,2,False,CATS,150,arbitrary,MultiMinded,1000,MaxIter,1407.8400000000038,2003.24,7,2003.24,494.63999999999999,1062.5839999999998,2487.7853123210771,589.59241963001193,589.65448413805507,1,30,30,2074,3124
64,30,34,LinearSubgradientAuction,0.05,0.01,,True,,1000,3600,cats_arbitrary_g30b150,,heuristic,2,False,CATS,150,arbitrary,MultiMinded,1000,MaxIter,1420.6699999999983,2039.0195999999999,7,1809.03,585.17600000000004,898.7076,2390.6707896112202,602.82435220396201,604.73450209493103,1,30,16,2074,3124
65,30,36,LinearSubgradientAuction,0.05,0.01,,True,,1000,3600,cats_arbitrary_g30b150,,heuristic,2,False,CATS,150,arbitrary,MultiMinded,1000,MaxIter,1502.4599999999991,1894.2412000000002,2,1377.42,663.9670000000001,419.5054,2126.9620700962214,308.02773849761252,318.68613488271774,1,30,25,2196,3306
66,30,33,LinearSubgradientAuction,0.05,0.01,,True,,1000,3600,cats_arbitrary_g30b150,,heuristic,2,False,CATS,150,arbitrary,MultiMinded,1000,MaxIter,1382.5599999999977,2454.29,3,2454.29,522.13300000000004,571.094,2546.258396302982,0,139.90475837954199,1,30,25,2013,3033
67,30,31,LinearSubgradientAuction,0.05,0.01,,True,,1000,3600,cats_arbitrary_g30b150,,heuristic,2,False,CATS,150,arbitrary,MultiMinded,1000,MaxIter,1272.7000000000044,2341.4958,7,2017.46,785.07600000000002,1598.7569,2920.001976024203,1463.7189409486391,1463.7189409486391,1,30,57,1891,2851
68,30,31,LinearSubgradientAuction,0.05,0.01,,True,,1000,3600,cats_arbitrary_g30b150,,heuristic,2,False,CATS,150,arbitrary,MultiMinded,1000,MaxIter,1289.300000000003,2082.3165,2,1694.51,536.65000000000009,752.592,2266.7162544245011,217.51552713474993,222.36694899682027,1,30,24,1891,2851
69,30,32,LinearSubgradientAuction,0.05,0.01,,True,,1000,3600,cats_arbitrary_g30b150,,heuristic,2,False,CATS,150,arbitrary,MultiMinded,1000,MaxIter,1311.7200000000012,2088.0744,8,1731.11,855.64499999999998,1193.924,2419.5157736516362,1054.6811783545413,1055.6067885733366,1,30,27,1952,2942
70,30,33,LinearSubgradientAuction,0.05,0.01,,True,,1000,3600,cats_arbitrary_g30b150,,heuristic,2,False,CATS,150,arbitrary,MultiMinded,1000,MaxIter,1361.060000000005,2258.578,5,1454.94,617.26599999999996,1613.003,2710.9948340895053,1543.2807016333618,1545.2203154422875,1,30,17,2013,3033
71,30,33,LinearSubgradientAuction,0.05,0.01,,True,,1000,3600,cats_arbitrary_g30b150,,heuristic,2,False,CATS,150,arbitrary,MultiMinded,1000,MaxIter,1393.0400000000009,2247.3372,3,1920.4,499.70499999999998,566.351,2583.130551532714,377.36606860967976,380.59349922641275,1,30,18,2013,3033
72,30,39,LinearSubgradientAuction,0.05,0.01,,True,,1000,3600,cats_arbitrary_g30b150,,heuristic,2,False,CATS,150,arbitrary,MultiMinded,1000,MaxIter,1643.8300000000017,2410.0175,2,1662.34,705.94000000000005,1125.511,2662.712412001305,830.50884930816335,834.10859086381959,1,30,17,2379,3579
73,30,34,LinearSubgradientAuction,0.05,0.01,,True,,1000,3600,cats_arbitrary_g30b150,,heuristic,2,False,CATS,150,arbitrary,MultiMinded,1000,MaxIter,1405.4300000000003,2015.5892,8,1380.57,479.64299999999997,1297.9671999999998,2340.9447764796014,503.11784084774291,616.41639911794482,1,30,15,2074,3124
74,30,36,LinearSubgradientAuction,0.05,0.01,,True,,1000,3600,cats_arbitrary_g30b150,,heuristic,2,False,CATS,150,arbitrary,MultiMinded,1000,MaxIter,1499.800000000003,2042.097,3,1285.64,413.78699999999998,719.4029999999999,2302.361581078188,82.759822826013533,91.333684181150076,1,30,25,2196,3306
75,30,28,LinearSubgradientAuction,0.05,0.01,,True,,1000,3600,cats_arbitrary_g30b150,,heuristic,2,False,CATS,150,arbitrary,MultiMinded,1000,MaxIter,1143.8499999999985,1952.3077,1,1522.4,797.30549999999994,1522.4,2829.2662617838337,0,2.2100568209377798,1,30,30,1708,2578
76,30,35,LinearSubgradientAuction,0.05,0.01,,True,,1000,3600,cats_arbitrary_g30b150,,heuristic,2,False,CATS,150,arbitrary,MultiMinded,1000,MaxIter,1469.2900000000009,2241.3282000000004,6,1991.23,695.48000000000002,1064.145,2543.6104607280258,533.72914385647266,571.16852452598994,1,30,18,2135,3215
77,30,29,LinearSubgradientAuction,0.05,0.01,,True,,1000,3600,cats_arbitrary_g30b150,,heuristic,2,False,CATS,150,arbitrary,MultiMinded,1000,MaxIter,1191.3600000000006,2086.98,4,1735.17,697.00749999999994,703.3889999999999,2374.3024101655583,634.13689608858272,637.51127862929707,1,30,18,1769,2669
78,30,34,LinearSubgradientAuction,0.05,0.01,,True,,1000,3600,cats_arbitrary_g30b150,,heuristic,2,False,CATS,150,arbitrary,MultiMinded,1000,MaxIter,1408.1299999999974,2141.5101999999997,4,1833.54,620.51150000000007,1088.5449999999998,2565.4678142260773,803.10297932807225,804.38248955595054,1,30,17,2074,3124
79,30,32,LinearSubgradientAuction,0.05,0.01,,True,,1000,3600,cats_arbitrary_g30b150,,heuristic,2,False,CATS,150,arbitrary,MultiMinded,1000,MaxIter,1315.0900000000038,2182.6516,3,1753.74,722.10699999999997,1398.105,2834.7828582575212,599.85636317056378,621.05850628572546,1,30,23,1952,2942
80,30,31,LinearSubgradientAuction,0.05,0.01,,True,,1000,3600,cats_arbitrary_g30b150,,heuristic,2,False,CATS,150,arbitrary,MultiMinded,1000,MaxIter,1295.7400000000052,2157.0797,7,1772.89,656.88249999999994,921.8677,2474.2196591994598,563.33662951862073,564.76465651099079,1,30,25,1891,2851
81,30,31,LinearSubgradientAuction,0.05,0.01,,True,,1000,3600,cats_arbitrary_g30b150,,heuristic,2,False,CATS,150,arbitrary,MultiMinded,1000,MaxIter,1268.9200000000055,1755.3018000000002,1,1603.71,647.50199999999995,443.675,2202.6128069371202,0,2.1581722948614868,1,30,30,1891,2851
82,30,34,LinearSubgradientAuction,0.05,0.01,,True,,1000,3600,cats_arbitrary_g30b150,,heuristic,2,False,CATS,150,arbitrary,MultiMinded,1000,MaxIter,1391.8099999999977,2385.8982,5,2112.36,790.75199999999995,1069.038,2733.3330645437768,461.64653661106144,506.43870028162485,1,30,17,2074,3124
83,30,32,LinearSubgradientAuction,0.05,0.01,,True,,1000,3600,cats_arbitrary_g30b150,,heuristic,2,False,CATS,150,arbitrary,MultiMinded,1000,MaxIter,1336.3999999999942,2059.99,7,1826.87,768.11400000000003,1522.2762000000002,2554.7167815173552,1370.8528974727024,1371.0273030815426,1,30,28,1952,2942
84,30,33,LinearSubgradientAuction,0.05,0.01,,True,,1000,3600,cats_arbitrary_g30b150,,heuristic,2,False,CATS,150,arbitrary,MultiMinded,1000,MaxIter,1387.260000000002,1978.9186000000002,2,1758.88,838.20399999999995,839.731,2448.5008059118177,797.42375757003254,803.76636534045895,1,30,20,2013,3033
85,30,33,LinearSubgradientAuction,0.05,0.01,,True,,1000,3600,cats_arbitrary_g30b150,,heuristic,2,False,CATS,150,arbitrary,MultiMinded,1000,MaxIter,1375.4300000000003,2216.0256,8,2078.55,626.62099999999998,1278.8373,2533.8028925915528,1157.2357413871525,1157.3377592059219,1,30,34,2013,3033
86,30,31,LinearSubgradientAuction,0.05,0.01,,True,,1000,3600,cats_arbitrary_g30b150,,heuristic,2,False,CATS,150,arbitrary,MultiMinded,1000,MaxIter,1278.1100000000006,2283.532,8,1809.12,745.29950000000008,1074.0680000000002,2690.7847564439744,743.3229435434373,743.97924794207654,1,30,58,1891,2851
87,30,36,LinearSubgradientAuction,0.05,0.01,,True,,1000,3600,cats_arbitrary_g30b150,,heuristic,2,False,CATS,150,arbitrary,MultiMinded,1000,MaxIter,1502.7000000000044,2522.6901999999995,8,2032.58,563.31899999999996,1734.709,2958.5782328722903,1318.3279039864185,1319.1943705992326,1,30,29,2196,3306
88,30,35,LinearSubgradientAuction,0.05,0.01,,True,,1000,3600,cats_arbitrary_g30b150,,heuristic,2,False,CATS,150,arbitrary,MultiMinded,1000,MaxIter,1456.9300000000003,2265.08,7,1820.47,452.93900000000002,1483.183,2589.9437553098896,1166.6410700936337,1191.7055626117494,1,30,16,2135,3215
89,30,28,LinearSubgradientAuction,0.05,0.01,,True,,1000,3600,cats_arbitrary_g30b150,,heuristic,2,False,CATS,150,arbitrary,MultiMinded,1000,MaxIter,1158.7799999999988,1895.8706000000002,1,1412.37,685.88149999999996,403.918,2245.0398657577944,0,0.80782007307287529,1,30,30,1708,2578
90,30,33,LinearSubgradientAuction,0.05,0.01,,True,,1000,3600,cats_arbitrary_g30b150,,heuristic,2,False,CATS,150,arbitrary,MultiMinded,1000,MaxIter,1372.1600000000035,2397.1789,2,2224.82,593.16800000000001,863.16,2687.4369775085806,0,1.9889101837216501,1,30,21,2013,3033
91,30,32,LinearSubgradientAuction,0.05,0.01,,True,,1000,3600,cats_arbitrary_g30b150,,heuristic,2,False,CATS,150,arbitrary,MultiMinded,1000,MaxIter,1323.8500000000058,2290.7259999999997,2,1825.1,529.46000000000004,958.006,2652.5453700011294,0,2.6201826231374525,1,30,23,1952,2942
92,30,31,LinearSubgradientAuction,0.05,0.01,,True,,1000,3600,cats_arbitrary_g30b150,,heuristic,2,False,CATS,150,arbitrary,MultiMinded,1000,MaxIter,1279.2100000000064,1880.9630000000002,5,1586.58,901.44949999999994,718.4300000000001,2201.7858235117169,544.69806904278198,548.72778898750005,1,30,17,1891,2851
93,30,34,LinearSubgradientAuction,0.05,0.01,,True,,1000,3600,cats_arbitrary_g30b150,,heuristic,2,False,CATS,150,arbitrary,MultiMinded,1000,MaxIter,1399.4800000000032,1815.7306,2,1434.89,540.21100000000001,340.3796,2068.1378152555276,245.52772410158613,246.4464893767107,1,30,27,2074,3124
94,30,36,LinearSubgradientAuction,0.05,0.01,,True,,1000,3600,cats_arbitrary_g30b150,,heuristic,2,False,CATS,150,arbitrary,MultiMinded,1000,MaxIter,1522.5999999999985,2435.1574,3,2127.58,687.69500000000005,1425.916,2760.9403069499085,362.02777977885489,424.41642585723343,1,30,17,2196,3306
95,30,32,LinearSubgradientAuction,0.05,0.01,,True,,1000,3600,cats_arbitrary_g30b150,,heuristic,2,False,CATS,150,arbitrary,MultiMinded,1000,MaxIter,1306.550000000003,2424.051,3,1933.55,792.75099999999998,1197.2225,2745.2743365377187,1042.369411269249,1049.1048186786277,1,30,19,1952,2942
96,30,31,LinearSubgradientAuction,0.05,0.01,,True,,1000,3600,cats_arbitrary_g30b150,,heuristic,2,False,CATS,150,arbitrary,MultiMinded,1000,MaxIter,1287.2100000000064,1954.1625,2,1781.86,780.25699999999995,862.792,2415.0864866719248,823.70801631918664,824.34727232184377,1,30,20,1891,2851
97,30,30,LinearSubgradientAuction,0.05,0.01,,True,,1000,3600,cats_arbitrary_g30b150,,heuristic,2,False,CATS,150,arbitrary,MultiMinded,1000,MaxIter,1231.5,1794.66,7,1264.09,681.495,1483.9269999999997,2199.1665958641925,1422.3168658029776,1438.3991708261137,1,30,24,1830,2760
98,30,32,LinearSubgradientAuction,0.05,0.01,,True,,1000,3600,cats_arbitrary_g30b150,,heuristic,2,False,CATS,150,arbitrary,MultiMinded,1000,MaxIter,1323.260000000002,2145.0272,9,2092.47,967.64100000000008,1569.7510000000002,2725.1403337510296,1092.6273142241939,1092.7114579980421,1,30,53,1952,2942
99,30,29,LinearSubgradientAuction,0.05,0.01,,True,,1000,3600,cats_arbitrary_g30b150,,heuristic,2,False,CATS,150,arbitrary,MultiMinded,1000,MaxIter,1203.1500000000015,2260.297,7,2093.42,648.17449999999997,1202.869,2780.224278308408,0,6.4919572978144515,1,30,27,1769,2669
100,30,37,LinearSubgradientAuction,0.05,0.01,,True,,1000,3600,cats_arbitrary_g30b150,,heuristic,2,False,CATS,150,arbitrary,MultiMinded,1000,MaxIter,1552.0599999999977,2260.7916,9,1588.66,496.72000000000003,1861.9896,2475.6070587309555,1698.807501946249,1733.4433023315842,1,30,25,2257,3397
