idx,items,agents,auction_class,epsilon,stepc,epoch,scalebyvalue,reserve_type,maxiter,maxtime,generator_param_name,personalized,bidding_strategy,heuristic_pool_num,int_prices,generator,bids,distribution,type,rounds,status,runtime,efficient_value,final_num_winners,final_max_agent_value,final_scalevalue,final_value,final_total_price,final_revenue,final_indirect_util,final_price_degree,final_price_sparsity,final_imbalance,final_wd_nvars,final_wd_ncons
1,30,34,LinearSubgradientAuction,0.05,0.01,,True,,1000,3600,cats_arbitrary_g30b150,,heuristic,3,False,CATS,150,arbitrary,MultiMinded,1000,MaxIter,1403.590000000011,1985.8648,9,1958.65,585.33899999999994,842.94,2358.9913683003965,224.54758767283892,249.27077314850948,1,30,19,2074,3124
2,30,35,LinearSubgradientAuction,0.05,0.01,,True,,1000,3600,cats_arbitrary_g30b150,,heuristic,3,False,CATS,150,arbitrary,MultiMinded,1000,MaxIter,1455.7600000000093,2197.79,9,2197.79,440.00599999999997,996.9695999999999,2331.3256933821694,214.09753742271133,218.52431170199586,1,30,14,2135,3215
3,30,33,LinearSubgradientAuction,0.05,0.01,,True,,1000,3600,cats_arbitrary_g30b150,,heuristic,3,False,CATS,150,arbitrary,MultiMinded,1000,MaxIter,1368.1399999999994,2537.724,6,1980.67,603.23800000000006,1621.069,3059.4611629176952,612.64181828458527,655.66301376501997,1,30,22,2013,3033
4,30,33,LinearSubgradientAuction,0.05,0.01,,True,,1000,3600,cats_arbitrary_g30b150,,heuristic,3,False,CATS,150,arbitrary,MultiMinded,1000,MaxIter,1382.3600000000006,2018.328,8,1780.26,501.12400000000002,1270.041,2440.8994002627478,186.42008896061191,191.74468320918999,1,30,31,2013,3033
5,30,32,LinearSubgradientAuction,0.05,0.01,,True,,1000,3600,cats_arbitrary_g30b150,,heuristic,3,False,CATS,150,arbitrary,MultiMinded,1000,MaxIter,1318.8199999999924,1876.8708299999998,3,1770.89,624.08600000000001,1288.719,2385.8997036516057,766.30745386718581,771.23905207940788,1,30,21,1952,2942
6,30,33,LinearSubgradientAuction,0.05,0.01,,True,,1000,3600,cats_arbitrary_g30b150,,heuristic,3,False,CATS,150,arbitrary,MultiMinded,1000,MaxIter,1384.479999999996,2052.619,4,1672.04,727.22400000000005,944.685,2769.7640518506901,744.43484173048091,747.93939994754885,1,30,13,2013,3033
7,30,30,LinearSubgradientAuction,0.05,0.01,,True,,1000,3600,cats_arbitrary_g30b150,,heuristic,3,False,CATS,150,arbitrary,MultiMinded,1000,MaxIter,1224.1800000000076,2256.612,4,2088.18,661.12950000000001,1175.566,2707.0576751396511,1109.504998717787,1110.9822930525702,1,30,13,1830,2760
8,30,35,LinearSubgradientAuction,0.05,0.01,,True,,1000,3600,cats_arbitrary_g30b150,,heuristic,3,False,CATS,150,arbitrary,MultiMinded,1000,MaxIter,1444.8899999999994,1886.9858,4,1721.43,762.18450000000007,619.0086000000001,2132.3731234918832,53.378880824588229,58.032807571059976,1,30,26,2135,3215
9,30,32,LinearSubgradientAuction,0.05,0.01,,True,,1000,3600,cats_arbitrary_g30b150,,heuristic,3,False,CATS,150,arbitrary,MultiMinded,1000,MaxIter,1326.5,1903.7699,2,1559.25,844.62750000000005,330.375,2267.6296390728958,0,2.6467679306467744,1,30,25,1952,2942
10,30,36,LinearSubgradientAuction,0.05,0.01,,True,,1000,3600,cats_arbitrary_g30b150,,heuristic,3,False,CATS,150,arbitrary,MultiMinded,1000,MaxIter,1502.820000000007,2500.0740000000005,9,2217.68,621.28700000000003,1263.196,3046.9019980792805,170.05752017163201,245.79832404920748,1,30,25,2196,3306
11,30,30,LinearSubgradientAuction,0.05,0.01,,True,,1000,3600,cats_arbitrary_g30b150,,heuristic,3,False,CATS,150,arbitrary,MultiMinded,1000,MaxIter,1224.3999999999942,1868.241,6,1447.57,637.68550000000005,629.707,2598.4986988437104,316.14114496279944,321.88713989440987,1,30,17,1830,2760
12,30,32,LinearSubgradientAuction,0.05,0.01,,True,,1000,3600,cats_arbitrary_g30b150,,heuristic,3,False,CATS,150,arbitrary,MultiMinded,1000,MaxIter,1325.75,1629.6809799999999,6,1454.03,563.44500000000005,1459.4527,2124.3483801610173,348.64989135390596,357.89584921670178,1,30,8,1952,2942
13,30,33,LinearSubgradientAuction,0.05,0.01,,True,,1000,3600,cats_arbitrary_g30b150,,heuristic,3,False,CATS,150,arbitrary,MultiMinded,1000,MaxIter,1379.3300000000017,1977.1191,4,1667.86,707.56150000000002,532.9691,2332.560254092904,230.02211698070764,235.23184396572239,1,30,22,2013,3033
14,30,33,LinearSubgradientAuction,0.05,0.01,,True,,1000,3600,cats_arbitrary_g30b150,,heuristic,3,False,CATS,150,arbitrary,MultiMinded,1000,MaxIter,1381.449999999997,2717.117,8,1791.51,726.46749999999997,1010.6229999999999,3129.2833821720178,225.01243178620905,241.88498430669443,1,30,18,2013,3033
15,30,30,LinearSubgradientAuction,0.05,0.01,,True,,1000,3600,cats_arbitrary_g30b150,,heuristic,3,False,CATS,150,arbitrary,MultiMinded,1000,MaxIter,1242.9300000000076,2171.381,5,1868.55,921.70799999999997,783.092,2784.8016554535552,323.22664058972697,325.66957756885398,1,30,15,1830,2760
16,30,34,LinearSubgradientAuction,0.05,0.01,,True,,1000,3600,cats_arbitrary_g30b150,,heuristic,3,False,CATS,150,arbitrary,MultiMinded,1000,MaxIter,1412.0,2091.4660000000003,9,1581.43,466.154,1430.9236999999998,2515.0681125395317,944.42424304752296,994.65294191790781,1,30,22,2074,3124
17,30,32,LinearSubgradientAuction,0.05,0.01,,True,,1000,3600,cats_arbitrary_g30b150,,heuristic,3,False,CATS,150,arbitrary,MultiMinded,1000,MaxIter,1323.679999999993,1828.406,7,1506.32,727.10699999999997,1037.1667,2143.0808265249916,140.72597591898585,148.41816549468399,1,30,23,1952,2942
18,30,33,LinearSubgradientAuction,0.05,0.01,,True,,1000,3600,cats_arbitrary_g30b150,,heuristic,3,False,CATS,150,arbitrary,MultiMinded,1000,MaxIter,1385.3300000000017,2345.2870000000003,9,2117.29,776.08299999999997,1939.71,2693.8863143666777,1374.066141068289,1374.0665445690204,1,30,46,2013,3033
19,30,34,LinearSubgradientAuction,0.05,0.01,,True,,1000,3600,cats_arbitrary_g30b150,,heuristic,3,False,CATS,150,arbitrary,MultiMinded,1000,MaxIter,1408.4000000000087,2287.142,8,1551.3,564.779,1303.9089000000001,2732.0296333867691,930.09731472919646,1054.834047544186,1,30,13,2074,3124
20,30,34,LinearSubgradientAuction,0.05,0.01,,True,,1000,3600,cats_arbitrary_g30b150,,heuristic,3,False,CATS,150,arbitrary,MultiMinded,1000,MaxIter,1411.8699999999953,1940.03319,5,1543.36,583.99600000000009,705.5267,2395.8463857457718,211.82386115061158,234.34703521017266,1,30,16,2074,3124
21,30,32,LinearSubgradientAuction,0.05,0.01,,True,,1000,3600,cats_arbitrary_g30b150,,heuristic,3,False,CATS,150,arbitrary,MultiMinded,1000,MaxIter,1315.3600000000006,1599.0811999999999,5,1355.45,695.58449999999993,822.158,2081.8719296433815,788.11185520394963,793.67703500301684,1,30,22,1952,2942
22,30,33,LinearSubgradientAuction,0.05,0.01,,True,,1000,3600,cats_arbitrary_g30b150,,heuristic,3,False,CATS,150,arbitrary,MultiMinded,1000,MaxIter,1366.679999999993,2282.8423000000003,3,1879.28,739.774,414.734,2645.4280944248985,377.74725375749915,377.91788224093352,1,30,15,2013,3033
23,30,33,LinearSubgradientAuction,0.05,0.01,,True,,1000,3600,cats_arbitrary_g30b150,,heuristic,3,False,CATS,150,arbitrary,MultiMinded,1000,MaxIter,1383.300000000003,2403.9993,3,2044.82,717.20399999999995,532.999,2942.9427884587449,162.46311306500058,173.66093699642488,1,30,24,2013,3033
24,30,30,LinearSubgradientAuction,0.05,0.01,,True,,1000,3600,cats_arbitrary_g30b150,,heuristic,3,False,CATS,150,arbitrary,MultiMinded,1000,MaxIter,1230.25,2126.121,4,1969.43,482.00350000000003,636.731,2690.3927497621739,227.20009265435439,229.42429168358919,1,30,17,1830,2760
25,30,29,LinearSubgradientAuction,0.05,0.01,,True,,1000,3600,cats_arbitrary_g30b150,,heuristic,3,False,CATS,150,arbitrary,MultiMinded,1000,MaxIter,1195.199999999997,1852.1607,2,1764.81,936.35900000000004,175.0,2494.1338559532642,0,3.1698794619090052,1,30,28,1769,2669
26,30,39,LinearSubgradientAuction,0.05,0.01,,True,,1000,3600,cats_arbitrary_g30b150,,heuristic,3,False,CATS,150,arbitrary,MultiMinded,1000,MaxIter,1625.8300000000017,2465.4804,3,1489.25,632.89699999999993,738.749,2689.6248823995811,463.27043920251805,467.3995034399374,1,30,12,2379,3579
27,30,29,LinearSubgradientAuction,0.05,0.01,,True,,1000,3600,cats_arbitrary_g30b150,,heuristic,3,False,CATS,150,arbitrary,MultiMinded,1000,MaxIter,1196.2300000000105,2275.4269999999997,4,1932.93,759.11900000000003,837.124,2900.7307479638985,68.119750396269325,70.567672311467675,1,30,21,1769,2669
28,30,31,LinearSubgradientAuction,0.05,0.01,,True,,1000,3600,cats_arbitrary_g30b150,,heuristic,3,False,CATS,150,arbitrary,MultiMinded,1000,MaxIter,1270.9900000000052,2301.5724,4,1458.94,613.274,1276.082,2639.5555791200436,0,78.149381690915675,1,30,13,1891,2851
29,30,29,LinearSubgradientAuction,0.05,0.01,,True,,1000,3600,cats_arbitrary_g30b150,,heuristic,3,False,CATS,150,arbitrary,MultiMinded,1000,MaxIter,1202.3500000000058,2007.782,7,1669.06,662.85299999999995,1112.5140000000001,2339.8605163895622,811.68637171823093,815.10650649369495,1,30,19,1769,2669
30,30,35,LinearSubgradientAuction,0.05,0.01,,True,,1000,3600,cats_arbitrary_g30b150,,heuristic,3,False,CATS,150,arbitrary,MultiMinded,1000,MaxIter,1450.4000000000087,2161.8298999999997,4,1539.73,524.54999999999995,311.6363,2522.45730167685,55.128767132877904,137.58984975465992,1,30,18,2135,3215
31,30,32,LinearSubgradientAuction,0.05,0.01,,True,,1000,3600,cats_arbitrary_g30b150,,heuristic,3,False,CATS,150,arbitrary,MultiMinded,1000,MaxIter,1321.6399999999994,2453.359,4,1724.13,512.56299999999999,853.452,2782.6940645211557,585.6835850261491,623.0506913633053,1,30,21,1952,2942
32,30,34,LinearSubgradientAuction,0.05,0.01,,True,,1000,3600,cats_arbitrary_g30b150,,heuristic,3,False,CATS,150,arbitrary,MultiMinded,1000,MaxIter,1396.270000000004,1818.8858,6,1643.98,574.70600000000002,1183.08,2352.1514230754756,742.05268530273997,759.97854183843151,1,30,15,2074,3124
33,30,33,LinearSubgradientAuction,0.05,0.01,,True,,1000,3600,cats_arbitrary_g30b150,,heuristic,3,False,CATS,150,arbitrary,MultiMinded,1000,MaxIter,1383.12999999999,1944.8153000000002,6,1618.49,617.12249999999995,648.977,2330.4152341050026,430.97971239435356,471.60107408843135,1,30,24,2013,3033
34,30,31,LinearSubgradientAuction,0.05,0.01,,True,,1000,3600,cats_arbitrary_g30b150,,heuristic,3,False,CATS,150,arbitrary,MultiMinded,1000,MaxIter,1265.1900000000023,2467.5019,9,2102.79,578.16200000000003,1466.762,2897.6294060486748,744.24908790776351,771.5883955664583,1,30,20,1891,2851
35,30,32,LinearSubgradientAuction,0.05,0.01,,True,,1000,3600,cats_arbitrary_g30b150,,heuristic,3,False,CATS,150,arbitrary,MultiMinded,1000,MaxIter,1324.0699999999924,2108.201,1,1910.3,506.57900000000001,258.351,2564.5335807340884,0,4.2596173406976732,1,30,30,1952,2942
36,30,35,LinearSubgradientAuction,0.05,0.01,,True,,1000,3600,cats_arbitrary_g30b150,,heuristic,3,False,CATS,150,arbitrary,MultiMinded,1000,MaxIter,1459.2599999999948,1942.8097999999998,6,1649.39,704.06799999999998,517.7653,2229.8467135827259,413.22223865119628,421.21512484035605,1,30,16,2135,3215
37,30,33,LinearSubgradientAuction,0.05,0.01,,True,,1000,3600,cats_arbitrary_g30b150,,heuristic,3,False,CATS,150,arbitrary,MultiMinded,1000,MaxIter,1381.770000000004,1975.334,2,1881.03,532.89949999999999,202.161,2393.758626149568,175.50648237547466,178.76847440650113,1,30,26,2013,3033
38,30,32,LinearSubgradientAuction,0.05,0.01,,True,,1000,3600,cats_arbitrary_g30b150,,heuristic,3,False,CATS,150,arbitrary,MultiMinded,1000,MaxIter,1323.6100000000006,2501.4829999999997,8,2312.06,839.32600000000002,1189.049,3155.4138592115391,1080.6541169349866,1081.2657377335236,1,30,35,1952,2942
39,30,34,LinearSubgradientAuction,0.05,0.01,,True,,1000,3600,cats_arbitrary_g30b150,,heuristic,3,False,CATS,150,arbitrary,MultiMinded,1000,MaxIter,1411.8899999999994,2311.536,5,2186.45,533.95749999999998,1373.391,2806.4938218940374,532.30560408686449,575.18284205950431,1,30,11,2074,3124
40,30,31,LinearSubgradientAuction,0.05,0.01,,True,,1000,3600,cats_arbitrary_g30b150,,heuristic,3,False,CATS,150,arbitrary,MultiMinded,1000,MaxIter,1290.5100000000093,1922.01,4,1548.35,753.33299999999997,1142.8786,2301.3667892180129,0,3.7545536576467384,1,30,11,1891,2851
41,30,32,LinearSubgradientAuction,0.05,0.01,,True,,1000,3600,cats_arbitrary_g30b150,,heuristic,3,False,CATS,150,arbitrary,MultiMinded,1000,MaxIter,1312.3399999999965,1899.3063,5,1626.29,567.45299999999997,1139.408,2338.0989474185676,637.724577858987,638.77708189532416,1,30,19,1952,2942
42,30,35,LinearSubgradientAuction,0.05,0.01,,True,,1000,3600,cats_arbitrary_g30b150,,heuristic,3,False,CATS,150,arbitrary,MultiMinded,1000,MaxIter,1457.770000000004,2374.3837000000003,8,1682.91,707.67899999999997,1211.768,2979.2669376350582,0.0,0.023976604467861762,1,30,44,2135,3215
43,30,36,LinearSubgradientAuction,0.05,0.01,,True,,1000,3600,cats_arbitrary_g30b150,,heuristic,3,False,CATS,150,arbitrary,MultiMinded,1000,MaxIter,1497.6000000000058,2385.76,5,2385.76,501.80000000000001,545.8716,2610.5249316320155,34.249648063117327,78.977847018889065,1,30,15,2196,3306
44,30,35,LinearSubgradientAuction,0.05,0.01,,True,,1000,3600,cats_arbitrary_g30b150,,heuristic,3,False,CATS,150,arbitrary,MultiMinded,1000,MaxIter,1428.199999999997,2079.9506999999994,6,1845.76,468.2165,937.2869999999999,2454.0668409452687,332.33241717080506,417.18669730365787,1,30,18,2135,3215
45,30,30,LinearSubgradientAuction,0.05,0.01,,True,,1000,3600,cats_arbitrary_g30b150,,heuristic,3,False,CATS,150,arbitrary,MultiMinded,1000,MaxIter,1240.5999999999913,1973.4939,7,1684.69,518.44550000000004,872.6858,2451.9351266996878,448.79496072687459,478.66597789659733,1,30,21,1830,2760
46,30,33,LinearSubgradientAuction,0.05,0.01,,True,,1000,3600,cats_arbitrary_g30b150,,heuristic,3,False,CATS,150,arbitrary,MultiMinded,1000,MaxIter,1369.62000000001,2174.927,3,1703.31,577.08699999999999,1336.46,2607.2224996318891,0,11.893153734250404,1,30,17,2013,3033
47,30,36,LinearSubgradientAuction,0.05,0.01,,True,,1000,3600,cats_arbitrary_g30b150,,heuristic,3,False,CATS,150,arbitrary,MultiMinded,1000,MaxIter,1504.2599999999948,2134.903,8,1579.3,488.0025,850.095,2601.7202469518875,328.03459859602282,346.04323516609458,1,30,27,2196,3306
48,30,36,LinearSubgradientAuction,0.05,0.01,,True,,1000,3600,cats_arbitrary_g30b150,,heuristic,3,False,CATS,150,arbitrary,MultiMinded,1000,MaxIter,1502.62999999999,2120.0323,4,1723.29,500.82099999999997,1004.0129999999999,2472.6844957644548,175.01035681581675,248.35080674655097,1,30,19,2196,3306
49,30,32,LinearSubgradientAuction,0.05,0.01,,True,,1000,3600,cats_arbitrary_g30b150,,heuristic,3,False,CATS,150,arbitrary,MultiMinded,1000,MaxIter,1325.929999999993,1825.5846,8,1448.16,458.54599999999999,698.1199999999999,2210.8865067279598,434.67428288350101,436.21537743861461,1,30,24,1952,2942
50,30,32,LinearSubgradientAuction,0.05,0.01,,True,,1000,3600,cats_arbitrary_g30b150,,heuristic,3,False,CATS,150,arbitrary,MultiMinded,1000,MaxIter,1323.020000000004,2387.589,7,2137.71,881.64700000000005,1232.8410000000001,2542.9917660913279,224.55349911719304,226.24003508654005,1,30,27,1952,2942
51,30,31,LinearSubgradientAuction,0.05,0.01,,True,,1000,3600,cats_arbitrary_g30b150,,heuristic,3,False,CATS,150,arbitrary,MultiMinded,1000,MaxIter,1291.050000000003,2404.514,4,2207.65,681.84050000000002,1085.422,2975.9815851568333,173.24382686368008,270.8908496214118,1,30,14,1891,2851
52,30,34,LinearSubgradientAuction,0.05,0.01,,True,,1000,3600,cats_arbitrary_g30b150,,heuristic,3,False,CATS,150,arbitrary,MultiMinded,1000,MaxIter,1406.0599999999977,2070.7699000000002,4,1761.92,837.09500000000003,1189.654,2496.0976307806145,560.85735092204095,573.51596370600942,1,30,17,2074,3124
53,30,34,LinearSubgradientAuction,0.05,0.01,,True,,1000,3600,cats_arbitrary_g30b150,,heuristic,3,False,CATS,150,arbitrary,MultiMinded,1000,MaxIter,1402.1000000000058,1944.8844,5,1588.82,654.95799999999997,414.72540000000004,2320.9685644896022,0,12.468544628844114,1,30,15,2074,3124
54,30,30,LinearSubgradientAuction,0.05,0.01,,True,,1000,3600,cats_arbitrary_g30b150,,heuristic,3,False,CATS,150,arbitrary,MultiMinded,1000,MaxIter,1239.8399999999965,2678.4509,2,2281.57,746.976,1287.0970000000002,3053.4416061606789,0,89.762582776413325,1,30,28,1830,2760
55,30,31,LinearSubgradientAuction,0.05,0.01,,True,,1000,3600,cats_arbitrary_g30b150,,heuristic,3,False,CATS,150,arbitrary,MultiMinded,1000,MaxIter,1278.1399999999994,2211.653,7,1943.48,726.06700000000001,354.2429,2496.3156770821429,262.66961639846573,262.66961639846573,1,30,75,1891,2851
56,30,29,LinearSubgradientAuction,0.05,0.01,,True,,1000,3600,cats_arbitrary_g30b150,,heuristic,3,False,CATS,150,arbitrary,MultiMinded,1000,MaxIter,1193.75,2093.229,3,1877.5,714.9369999999999,858.898,2270.951292880713,0,2.8781745508914298,1,30,19,1769,2669
57,30,31,LinearSubgradientAuction,0.05,0.01,,True,,1000,3600,cats_arbitrary_g30b150,,heuristic,3,False,CATS,150,arbitrary,MultiMinded,1000,MaxIter,1259.3300000000017,2015.9576000000002,4,1667.14,591.51199999999994,763.592,2436.2440376810168,434.96346171329537,456.52662540497556,1,30,14,1891,2851
58,30,33,LinearSubgradientAuction,0.05,0.01,,True,,1000,3600,cats_arbitrary_g30b150,,heuristic,3,False,CATS,150,arbitrary,MultiMinded,1000,MaxIter,1373.229999999996,2213.6252,7,1937.47,893.10799999999995,1154.4925,2818.4355726074905,174.15518396833227,177.46493304500191,1,30,20,2013,3033
59,30,31,LinearSubgradientAuction,0.05,0.01,,True,,1000,3600,cats_arbitrary_g30b150,,heuristic,3,False,CATS,150,arbitrary,MultiMinded,1000,MaxIter,1284.199999999997,2195.5229,1,1710.57,782.62599999999998,154.885,2978.3920155312207,0,1.7936493747515669,1,30,29,1891,2851
60,30,36,LinearSubgradientAuction,0.05,0.01,,True,,1000,3600,cats_arbitrary_g30b150,,heuristic,3,False,CATS,150,arbitrary,MultiMinded,1000,MaxIter,1512.3399999999965,1802.554,9,1574.08,671.95349999999996,851.2265,2166.877488926842,45.709391802014913,59.127842886405297,1,30,21,2196,3306
61,30,33,LinearSubgradientAuction,0.05,0.01,,True,,1000,3600,cats_arbitrary_g30b150,,heuristic,3,False,CATS,150,arbitrary,MultiMinded,1000,MaxIter,1379.949999999997,1724.4375,4,1339.03,584.49199999999996,371.828,2055.8675943217318,284.677738828739,316.88423012739543,1,30,12,2013,3033
62,30,36,LinearSubgradientAuction,0.05,0.01,,True,,1000,3600,cats_arbitrary_g30b150,,heuristic,3,False,CATS,150,arbitrary,MultiMinded,1000,MaxIter,1513.0800000000017,2437.0683000000004,8,1933.61,814.90999999999997,1182.3870000000002,2733.8928261379106,940.12784231630087,940.12786070321317,1,30,23,2196,3306
63,30,34,LinearSubgradientAuction,0.05,0.01,,True,,1000,3600,cats_arbitrary_g30b150,,heuristic,3,False,CATS,150,arbitrary,MultiMinded,1000,MaxIter,1411.1300000000047,2003.24,6,2003.24,494.63999999999999,241.3854,2601.0682567583558,196.69115070955226,204.59450737797007,1,30,32,2074,3124
64,30,34,LinearSubgradientAuction,0.05,0.01,,True,,1000,3600,cats_arbitrary_g30b150,,heuristic,3,False,CATS,150,arbitrary,MultiMinded,1000,MaxIter,1405.640000000014,2039.0195999999999,4,1809.03,585.17600000000004,778.216,2481.0238465571433,444.71861389823215,450.76015370603704,1,30,19,2074,3124
65,30,36,LinearSubgradientAuction,0.05,0.01,,True,,1000,3600,cats_arbitrary_g30b150,,heuristic,3,False,CATS,150,arbitrary,MultiMinded,1000,MaxIter,1491.5400000000081,1894.2412000000002,4,1377.42,663.9670000000001,814.571,2218.9800809049248,759.60363183216919,762.0118611480616,1,30,21,2196,3306
66,30,33,LinearSubgradientAuction,0.05,0.01,,True,,1000,3600,cats_arbitrary_g30b150,,heuristic,3,False,CATS,150,arbitrary,MultiMinded,1000,MaxIter,1385.1100000000006,2454.29,6,2454.29,522.13300000000004,1447.15,2562.1536393139913,388.25790224198028,576.91503751000994,1,30,18,2013,3033
67,30,31,LinearSubgradientAuction,0.05,0.01,,True,,1000,3600,cats_arbitrary_g30b150,,heuristic,3,False,CATS,150,arbitrary,MultiMinded,1000,MaxIter,1278.0699999999924,2341.4958,6,2017.46,785.07600000000002,857.8229,3036.208010186655,404.1931433408833,406.23026755190398,1,30,22,1891,2851
68,30,31,LinearSubgradientAuction,0.05,0.01,,True,,1000,3600,cats_arbitrary_g30b150,,heuristic,3,False,CATS,150,arbitrary,MultiMinded,1000,MaxIter,1288.4900000000052,2082.3165,9,1694.51,536.65000000000009,1423.8275,2367.3672802676824,807.06756747901409,808.2980107134058,1,30,24,1891,2851
69,30,32,LinearSubgradientAuction,0.05,0.01,,True,,1000,3600,cats_arbitrary_g30b150,,heuristic,3,False,CATS,150,arbitrary,MultiMinded,1000,MaxIter,1304.2599999999948,2088.0744,8,1731.11,855.64499999999998,1096.1077,2476.3736786240588,672.03383456533766,672.46776013876183,1,30,23,1952,2942
70,30,33,LinearSubgradientAuction,0.05,0.01,,True,,1000,3600,cats_arbitrary_g30b150,,heuristic,3,False,CATS,150,arbitrary,MultiMinded,1000,MaxIter,1369.909999999989,2258.578,6,1454.94,617.26599999999996,1550.9389999999999,2760.8516217658671,312.56580446118136,426.5590067207396,1,30,26,2013,3033
71,30,33,LinearSubgradientAuction,0.05,0.01,,True,,1000,3600,cats_arbitrary_g30b150,,heuristic,3,False,CATS,150,arbitrary,MultiMinded,1000,MaxIter,1385.8800000000047,2247.3372,5,1920.4,499.70499999999998,1230.162,2674.0320382642744,545.72171037014311,558.76287828329168,1,30,19,2013,3033
72,30,39,LinearSubgradientAuction,0.05,0.01,,True,,1000,3600,cats_arbitrary_g30b150,,heuristic,3,False,CATS,150,arbitrary,MultiMinded,1000,MaxIter,1632.770000000004,2410.0175,2,1662.34,705.94000000000005,629.5419999999999,2690.6952357483324,0,68.096276704652723,1,30,24,2379,3579
73,30,34,LinearSubgradientAuction,0.05,0.01,,True,,1000,3600,cats_arbitrary_g30b150,,heuristic,3,False,CATS,150,arbitrary,MultiMinded,1000,MaxIter,1413.0899999999965,2015.5892,9,1380.57,479.64299999999997,1346.3139999999999,2486.0276805886142,771.5767890220136,840.30052012029591,1,30,29,2074,3124
74,30,36,LinearSubgradientAuction,0.05,0.01,,True,,1000,3600,cats_arbitrary_g30b150,,heuristic,3,False,CATS,150,arbitrary,MultiMinded,1000,MaxIter,1508.1199999999953,2042.097,4,1285.64,413.78699999999998,885.3469999999999,2392.0452080702598,0,17.007384268495969,1,30,23,2196,3306
75,30,28,LinearSubgradientAuction,0.05,0.01,,True,,1000,3600,cats_arbitrary_g30b150,,heuristic,3,False,CATS,150,arbitrary,MultiMinded,1000,MaxIter,1147.4700000000012,1952.3077,3,1522.4,797.30549999999994,834.9359999999999,2971.6287198421151,0,8.281756748385618,1,30,20,1708,2578
76,30,35,LinearSubgradientAuction,0.05,0.01,,True,,1000,3600,cats_arbitrary_g30b150,,heuristic,3,False,CATS,150,arbitrary,MultiMinded,1000,MaxIter,1456.3199999999924,2241.3282000000004,8,1991.23,695.48000000000002,1252.3114999999998,2758.0530844047921,354.43587028215995,406.33844737243498,1,30,14,2135,3215
77,30,29,LinearSubgradientAuction,0.05,0.01,,True,,1000,3600,cats_arbitrary_g30b150,,heuristic,3,False,CATS,150,arbitrary,MultiMinded,1000,MaxIter,1182.3600000000006,2086.98,2,1735.17,697.00749999999994,854.437,2501.478213387606,0,3.0349744141434485,1,30,25,1769,2669
78,30,34,LinearSubgradientAuction,0.05,0.01,,True,,1000,3600,cats_arbitrary_g30b150,,heuristic,3,False,CATS,150,arbitrary,MultiMinded,1000,MaxIter,1409.4900000000052,2141.5101999999997,5,1833.54,620.51150000000007,984.467,2641.430404326974,0,4.2145259965965352,1,30,16,2074,3124
79,30,32,LinearSubgradientAuction,0.05,0.01,,True,,1000,3600,cats_arbitrary_g30b150,,heuristic,3,False,CATS,150,arbitrary,MultiMinded,1000,MaxIter,1327.8099999999977,2182.6516,3,1753.74,722.10699999999997,1398.105,2839.0252243874561,252.86834362049603,279.45261273834939,1,30,15,1952,2942
80,30,31,LinearSubgradientAuction,0.05,0.01,,True,,1000,3600,cats_arbitrary_g30b150,,heuristic,3,False,CATS,150,arbitrary,MultiMinded,1000,MaxIter,1282.8199999999924,2157.0797,4,1772.89,656.88249999999994,1352.52,2531.2072333854576,1284.9753189028281,1288.1155179994678,1,30,15,1891,2851
81,30,31,LinearSubgradientAuction,0.05,0.01,,True,,1000,3600,cats_arbitrary_g30b150,,heuristic,3,False,CATS,150,arbitrary,MultiMinded,1000,MaxIter,1262.25,1755.3018000000002,4,1603.71,647.50199999999995,1178.2925400000001,2232.9510298041955,91.903779005631719,126.2319536298928,1,30,17,1891,2851
82,30,34,LinearSubgradientAuction,0.05,0.01,,True,,1000,3600,cats_arbitrary_g30b150,,heuristic,3,False,CATS,150,arbitrary,MultiMinded,1000,MaxIter,1403.4400000000023,2385.8982,3,2112.36,790.75199999999995,557.498,2765.088018059098,232.36856161235812,317.66606169778095,1,30,24,2074,3124
83,30,32,LinearSubgradientAuction,0.05,0.01,,True,,1000,3600,cats_arbitrary_g30b150,,heuristic,3,False,CATS,150,arbitrary,MultiMinded,1000,MaxIter,1327.5600000000122,2059.99,1,1826.87,768.11400000000003,939.361,2657.8028382965076,0,9.5825595124690892,1,30,30,1952,2942
84,30,33,LinearSubgradientAuction,0.05,0.01,,True,,1000,3600,cats_arbitrary_g30b150,,heuristic,3,False,CATS,150,arbitrary,MultiMinded,1000,MaxIter,1384.87000000001,1978.9186000000002,6,1758.88,838.20399999999995,613.229,2500.7400304397434,469.26177347756857,470.5487452419585,1,30,26,2013,3033
85,30,33,LinearSubgradientAuction,0.05,0.01,,True,,1000,3600,cats_arbitrary_g30b150,,heuristic,3,False,CATS,150,arbitrary,MultiMinded,1000,MaxIter,1384.199999999997,2216.0256,2,2078.55,626.62099999999998,999.104,2624.4926101279075,0,19.043850447418635,1,30,28,2013,3033
86,30,31,LinearSubgradientAuction,0.05,0.01,,True,,1000,3600,cats_arbitrary_g30b150,,heuristic,3,False,CATS,150,arbitrary,MultiMinded,1000,MaxIter,1284.6100000000006,2283.532,7,1809.12,745.29950000000008,1098.6595,2692.5822430872668,955.8357242366709,957.62237008377974,1,30,32,1891,2851
87,30,36,LinearSubgradientAuction,0.05,0.01,,True,,1000,3600,cats_arbitrary_g30b150,,heuristic,3,False,CATS,150,arbitrary,MultiMinded,1000,MaxIter,1507.0599999999977,2522.6901999999995,1,2032.58,563.31899999999996,1069.92,2997.3014468523547,0,1.953160389402683,1,30,20,2196,3306
88,30,35,LinearSubgradientAuction,0.05,0.01,,True,,1000,3600,cats_arbitrary_g30b150,,heuristic,3,False,CATS,150,arbitrary,MultiMinded,1000,MaxIter,1455.0899999999965,2265.08,4,1820.47,452.93900000000002,445.556,2683.8195118227814,0,13.698736985025278,1,30,20,2135,3215
89,30,28,LinearSubgradientAuction,0.05,0.01,,True,,1000,3600,cats_arbitrary_g30b150,,heuristic,3,False,CATS,150,arbitrary,MultiMinded,1000,MaxIter,1140.2899999999936,1895.8706000000002,3,1412.37,685.88149999999996,882.3190000000001,2295.9208346695091,198.60271828986637,203.46195763761796,1,30,21,1708,2578
90,30,33,LinearSubgradientAuction,0.05,0.01,,True,,1000,3600,cats_arbitrary_g30b150,,heuristic,3,False,CATS,150,arbitrary,MultiMinded,1000,MaxIter,1383.6699999999983,2397.1789,5,2224.82,593.16800000000001,915.8645,2768.0079075262165,622.44734867079706,664.22984354892048,1,30,17,2013,3033
91,30,32,LinearSubgradientAuction,0.05,0.01,,True,,1000,3600,cats_arbitrary_g30b150,,heuristic,3,False,CATS,150,arbitrary,MultiMinded,1000,MaxIter,1315.229999999996,2290.7259999999997,4,1825.1,529.46000000000004,1816.766,2772.8683512544926,1015.7555045092995,1025.4664751452881,1,30,22,1952,2942
92,30,31,LinearSubgradientAuction,0.05,0.01,,True,,1000,3600,cats_arbitrary_g30b150,,heuristic,3,False,CATS,150,arbitrary,MultiMinded,1000,MaxIter,1282.2099999999919,1880.9630000000002,2,1586.58,901.44949999999994,254.483,2209.57912910903,0,7.8308114558288295,1,30,27,1891,2851
93,30,34,LinearSubgradientAuction,0.05,0.01,,True,,1000,3600,cats_arbitrary_g30b150,,heuristic,3,False,CATS,150,arbitrary,MultiMinded,1000,MaxIter,1389.270000000004,1815.7306,8,1434.89,540.21100000000001,825.527,2097.3894546879487,559.52979583164199,562.41335982195835,1,30,55,2074,3124
94,30,36,LinearSubgradientAuction,0.05,0.01,,True,,1000,3600,cats_arbitrary_g30b150,,heuristic,3,False,CATS,150,arbitrary,MultiMinded,1000,MaxIter,1496.320000000007,2435.1574,3,2127.58,687.69500000000005,743.6607,2835.7957382707546,258.66431598064929,366.40775330632471,1,30,23,2196,3306
95,30,32,LinearSubgradientAuction,0.05,0.01,,True,,1000,3600,cats_arbitrary_g30b150,,heuristic,3,False,CATS,150,arbitrary,MultiMinded,1000,MaxIter,1329.9600000000064,2424.051,5,1933.55,792.75099999999998,1331.973,2833.965509297002,1237.0687328197603,1238.3081200201468,1,30,16,1952,2942
96,30,31,LinearSubgradientAuction,0.05,0.01,,True,,1000,3600,cats_arbitrary_g30b150,,heuristic,3,False,CATS,150,arbitrary,MultiMinded,1000,MaxIter,1280.25,1954.1625,6,1781.86,780.25699999999995,895.1479999999999,2574.8864981621755,566.93596548029961,587.26564747773364,1,30,28,1891,2851
97,30,30,LinearSubgradientAuction,0.05,0.01,,True,,1000,3600,cats_arbitrary_g30b150,,heuristic,3,False,CATS,150,arbitrary,MultiMinded,1000,MaxIter,1226.949999999997,1794.66,6,1264.09,681.495,1093.8880000000001,2219.9469138929662,116.06783301296048,131.05521916591047,1,30,16,1830,2760
98,30,32,LinearSubgradientAuction,0.05,0.01,,True,,1000,3600,cats_arbitrary_g30b150,,heuristic,3,False,CATS,150,arbitrary,MultiMinded,1000,MaxIter,1329.7200000000012,2145.0272,9,2092.47,967.64100000000008,1283.8556,2827.7440637444588,971.76012979144332,972.37850461581365,1,30,54,1952,2942
99,30,29,LinearSubgradientAuction,0.05,0.01,,True,,1000,3600,cats_arbitrary_g30b150,,heuristic,3,False,CATS,150,arbitrary,MultiMinded,1000,MaxIter,1197.8300000000017,2260.297,5,2093.42,648.17449999999997,178.647,2834.4801812912119,0,78.889904193336065,1,30,18,1769,2669
100,30,37,LinearSubgradientAuction,0.05,0.01,,True,,1000,3600,cats_arbitrary_g30b150,,heuristic,3,False,CATS,150,arbitrary,MultiMinded,1000,MaxIter,1555.1800000000076,2260.7916,5,1588.66,496.72000000000003,426.3962,2609.6652215414006,26.96724936430066,44.582477640184507,1,30,17,2257,3397
