idx,items,agents,auction_class,epsilon,stepc,epoch,scalebyvalue,reserve_type,maxiter,maxtime,generator_param_name,personalized,bidding_strategy,heuristic_pool_num,int_prices,generator,bids,distribution,type,rounds,status,runtime,efficient_value,final_num_winners,final_max_agent_value,final_scalevalue,final_value,final_total_price,final_revenue,final_indirect_util,final_price_degree,final_price_sparsity,final_imbalance,final_wd_nvars,final_wd_ncons
1,30,34,LinearSubgradientAuction,0.05,0.08,,True,,1000,3600,cats_arbitrary_g30b150,,heuristic,3,False,CATS,150,arbitrary,MultiMinded,1000,MaxIter,1404.4300000000076,1985.8648,2,1958.65,585.33899999999994,386.544,2552.8473102957064,169.03873881470935,212.37774952187613,1,30,24,2074,3124
2,30,35,LinearSubgradientAuction,0.05,0.08,,True,,1000,3600,cats_arbitrary_g30b150,,heuristic,3,False,CATS,150,arbitrary,MultiMinded,1000,MaxIter,1434.1000000000058,2197.79,2,2197.79,440.00599999999997,202.39,2420.1574698465943,179.4321826923138,223.71472809096883,1,30,27,2135,3215
3,30,33,LinearSubgradientAuction,0.05,0.08,,True,,1000,3600,cats_arbitrary_g30b150,,heuristic,3,False,CATS,150,arbitrary,MultiMinded,1000,MaxIter,1381.0099999999948,2537.724,4,1980.67,603.23800000000006,1626.211,3431.5777536111755,375.9226403011362,493.07655279177129,1,30,9,2013,3033
4,30,33,LinearSubgradientAuction,0.05,0.08,,True,,1000,3600,cats_arbitrary_g30b150,,heuristic,3,False,CATS,150,arbitrary,MultiMinded,1000,MaxIter,1381.6700000000128,2018.328,5,1780.26,501.12400000000002,830.7663,2500.3098504456534,428.84199256909642,468.08957643510831,1,30,19,2013,3033
5,30,32,LinearSubgradientAuction,0.05,0.08,,True,,1000,3600,cats_arbitrary_g30b150,,heuristic,3,False,CATS,150,arbitrary,MultiMinded,1000,MaxIter,1329.929999999993,1876.8708299999998,3,1770.89,624.08600000000001,910.204,2524.1782447090368,554.68885139212057,571.59643417823327,1,30,20,1952,2942
6,30,33,LinearSubgradientAuction,0.05,0.08,,True,,1000,3600,cats_arbitrary_g30b150,,heuristic,3,False,CATS,150,arbitrary,MultiMinded,1000,MaxIter,1380.699999999997,2052.619,2,1672.04,727.22400000000005,678.976,2918.8089103088701,631.30771874889956,657.406372646004,1,30,22,2013,3033
7,30,30,LinearSubgradientAuction,0.05,0.08,,True,,1000,3600,cats_arbitrary_g30b150,,heuristic,3,False,CATS,150,arbitrary,MultiMinded,1000,MaxIter,1241.1699999999983,2256.612,7,2088.18,661.12950000000001,520.386,2795.2485288407938,250.06848668760571,250.06848668760571,1,30,47,1830,2760
8,30,35,LinearSubgradientAuction,0.05,0.08,,True,,1000,3600,cats_arbitrary_g30b150,,heuristic,3,False,CATS,150,arbitrary,MultiMinded,1000,MaxIter,1463.5299999999988,1886.9858,9,1721.43,762.18450000000007,557.902,2846.623648948158,256.78129782460877,301.16298572346471,1,30,38,2135,3215
9,30,32,LinearSubgradientAuction,0.05,0.08,,True,,1000,3600,cats_arbitrary_g30b150,,heuristic,3,False,CATS,150,arbitrary,MultiMinded,1000,MaxIter,1314.1199999999953,1903.7699,6,1559.25,844.62750000000005,657.1759999999999,2334.6219432415455,435.57805206902873,457.18679140468879,1,30,30,1952,2942
10,30,36,LinearSubgradientAuction,0.05,0.08,,True,,1000,3600,cats_arbitrary_g30b150,,heuristic,3,False,CATS,150,arbitrary,MultiMinded,1000,MaxIter,1496.2200000000012,2500.0740000000005,9,2217.68,621.28700000000003,1201.502,3242.5685815306647,532.67414104929492,646.03318710572239,1,30,25,2196,3306
11,30,30,LinearSubgradientAuction,0.05,0.08,,True,,1000,3600,cats_arbitrary_g30b150,,heuristic,3,False,CATS,150,arbitrary,MultiMinded,1000,MaxIter,1227.6399999999994,1868.241,5,1447.57,637.68550000000005,146.26,2947.3086949053159,0,1.4433806996551937,1,30,25,1830,2760
12,30,32,LinearSubgradientAuction,0.05,0.08,,True,,1000,3600,cats_arbitrary_g30b150,,heuristic,3,False,CATS,150,arbitrary,MultiMinded,1000,MaxIter,1312.7200000000012,1629.6809799999999,7,1454.03,563.44500000000005,529.8988,2152.1905968867482,139.59310879405353,156.51028199801669,1,30,28,1952,2942
13,30,33,LinearSubgradientAuction,0.05,0.08,,True,,1000,3600,cats_arbitrary_g30b150,,heuristic,3,False,CATS,150,arbitrary,MultiMinded,1000,MaxIter,1389.5600000000122,1977.1191,7,1667.86,707.56150000000002,1015.7421,2348.4169851932388,231.31946765450229,243.28233918636892,1,30,25,2013,3033
14,30,33,LinearSubgradientAuction,0.05,0.08,,True,,1000,3600,cats_arbitrary_g30b150,,heuristic,3,False,CATS,150,arbitrary,MultiMinded,1000,MaxIter,1381.6600000000035,2717.117,8,1791.51,726.46749999999997,996.857,3260.6561520211735,340.85856120437103,440.50097202483585,1,30,27,2013,3033
15,30,30,LinearSubgradientAuction,0.05,0.08,,True,,1000,3600,cats_arbitrary_g30b150,,heuristic,3,False,CATS,150,arbitrary,MultiMinded,1000,MaxIter,1223.050000000003,2171.381,6,1868.55,921.70799999999997,364.669,2992.6089286596634,252.80185155492137,318.58359999999999,1,30,38,1830,2760
16,30,34,LinearSubgradientAuction,0.05,0.08,,True,,1000,3600,cats_arbitrary_g30b150,,heuristic,3,False,CATS,150,arbitrary,MultiMinded,1000,MaxIter,1399.9000000000087,2091.4660000000003,3,1581.43,466.154,1284.1170000000002,2610.2107017825792,0,37.439001004535953,1,30,19,2074,3124
17,30,32,LinearSubgradientAuction,0.05,0.08,,True,,1000,3600,cats_arbitrary_g30b150,,heuristic,3,False,CATS,150,arbitrary,MultiMinded,1000,MaxIter,1332.8899999999994,1828.406,6,1506.32,727.10699999999997,1257.2857,2213.1407129967856,397.00884197692818,464.80243059724074,1,30,17,1952,2942
18,30,33,LinearSubgradientAuction,0.05,0.08,,True,,1000,3600,cats_arbitrary_g30b150,,heuristic,3,False,CATS,150,arbitrary,MultiMinded,1000,MaxIter,1398.5800000000017,2345.2870000000003,7,2117.29,776.08299999999997,1033.2959999999998,2791.1735582407346,942.586328328901,942.58863148508192,1,30,32,2013,3033
19,30,34,LinearSubgradientAuction,0.05,0.08,,True,,1000,3600,cats_arbitrary_g30b150,,heuristic,3,False,CATS,150,arbitrary,MultiMinded,1000,MaxIter,1406.4899999999907,2287.142,3,1551.3,564.779,1158.576,2966.5656291002888,0,199.44190777501848,1,30,19,2074,3124
20,30,34,LinearSubgradientAuction,0.05,0.08,,True,,1000,3600,cats_arbitrary_g30b150,,heuristic,3,False,CATS,150,arbitrary,MultiMinded,1000,MaxIter,1395.87999999999,1940.03319,6,1543.36,583.99600000000009,1329.3147,2408.574785944375,779.54278730763815,821.91187294732686,1,30,11,2074,3124
21,30,32,LinearSubgradientAuction,0.05,0.08,,True,,1000,3600,cats_arbitrary_g30b150,,heuristic,3,False,CATS,150,arbitrary,MultiMinded,1000,MaxIter,1327.0699999999924,1599.0811999999999,2,1355.45,695.58449999999993,499.15200000000004,2091.8414640029437,96.053356320929055,126.5763354324362,1,30,24,1952,2942
22,30,33,LinearSubgradientAuction,0.05,0.08,,True,,1000,3600,cats_arbitrary_g30b150,,heuristic,3,False,CATS,150,arbitrary,MultiMinded,1000,MaxIter,1381.5199999999895,2282.8423000000003,3,1879.28,739.774,609.348,2699.1697941279817,0,38.542253544316111,1,30,15,2013,3033
23,30,33,LinearSubgradientAuction,0.05,0.08,,True,,1000,3600,cats_arbitrary_g30b150,,heuristic,3,False,CATS,150,arbitrary,MultiMinded,1000,MaxIter,1379.1699999999983,2403.9993,5,2044.82,717.20399999999995,1263.4620000000002,2939.630143526359,142.44719312463502,193.36176327966373,1,30,15,2013,3033
24,30,30,LinearSubgradientAuction,0.05,0.08,,True,,1000,3600,cats_arbitrary_g30b150,,heuristic,3,False,CATS,150,arbitrary,MultiMinded,1000,MaxIter,1222.3699999999953,2126.121,5,1969.43,482.00350000000003,590.862,2853.6190063900744,0,41.616966140445555,1,30,25,1830,2760
25,30,29,LinearSubgradientAuction,0.05,0.08,,True,,1000,3600,cats_arbitrary_g30b150,,heuristic,3,False,CATS,150,arbitrary,MultiMinded,1000,MaxIter,1181.8800000000047,1852.1607,5,1764.81,936.35900000000004,685.255,2603.6753189516139,204.04096157380633,236.34989538085676,1,30,17,1769,2669
26,30,39,LinearSubgradientAuction,0.05,0.08,,True,,1000,3600,cats_arbitrary_g30b150,,heuristic,3,False,CATS,150,arbitrary,MultiMinded,1000,MaxIter,1640.2000000000116,2465.4804,6,1489.25,632.89699999999993,618.3368,2868.4585217144263,167.09483991873918,187.24348531547847,1,30,13,2379,3579
27,30,29,LinearSubgradientAuction,0.05,0.08,,True,,1000,3600,cats_arbitrary_g30b150,,heuristic,3,False,CATS,150,arbitrary,MultiMinded,1000,MaxIter,1197.8099999999977,2275.4269999999997,5,1932.93,759.11900000000003,538.5299,2884.4523057031874,102.68211193498004,148.31012424017331,1,30,15,1769,2669
28,30,31,LinearSubgradientAuction,0.05,0.08,,True,,1000,3600,cats_arbitrary_g30b150,,heuristic,3,False,CATS,150,arbitrary,MultiMinded,1000,MaxIter,1272.179999999993,2301.5724,2,1458.94,613.274,489.681,2677.1910479992248,411.33359402950811,472.3327381179202,1,30,25,1891,2851
29,30,29,LinearSubgradientAuction,0.05,0.08,,True,,1000,3600,cats_arbitrary_g30b150,,heuristic,3,False,CATS,150,arbitrary,MultiMinded,1000,MaxIter,1200.4100000000035,2007.782,3,1669.06,662.85299999999995,1111.7,2743.0159686810862,220.05967232586346,273.5466321840774,1,30,26,1769,2669
30,30,35,LinearSubgradientAuction,0.05,0.08,,True,,1000,3600,cats_arbitrary_g30b150,,heuristic,3,False,CATS,150,arbitrary,MultiMinded,1000,MaxIter,1466.729999999996,2161.8298999999997,7,1539.73,524.54999999999995,1186.0589,2690.0857115526937,860.07767318121319,887.9285175915835,1,30,16,2135,3215
31,30,32,LinearSubgradientAuction,0.05,0.08,,True,,1000,3600,cats_arbitrary_g30b150,,heuristic,3,False,CATS,150,arbitrary,MultiMinded,1000,MaxIter,1318.7100000000064,2453.359,6,1724.13,512.56299999999999,1017.9680000000001,2851.8530336889248,603.89811345948476,624.05941470751452,1,30,17,1952,2942
32,30,34,LinearSubgradientAuction,0.05,0.08,,True,,1000,3600,cats_arbitrary_g30b150,,heuristic,3,False,CATS,150,arbitrary,MultiMinded,1000,MaxIter,1408.520000000004,1818.8858,8,1643.98,574.70600000000002,643.785,3712.7140061642567,326.50318047727473,415.75087642017945,1,30,18,2074,3124
33,30,33,LinearSubgradientAuction,0.05,0.08,,True,,1000,3600,cats_arbitrary_g30b150,,heuristic,3,False,CATS,150,arbitrary,MultiMinded,1000,MaxIter,1367.800000000003,1944.8153000000002,2,1618.49,617.12249999999995,596.529,2403.6332697959333,0,67.063419509911967,1,30,23,2013,3033
34,30,31,LinearSubgradientAuction,0.05,0.08,,True,,1000,3600,cats_arbitrary_g30b150,,heuristic,3,False,CATS,150,arbitrary,MultiMinded,1000,MaxIter,1275.6900000000023,2467.5019,6,2102.79,578.16200000000003,984.4300000000001,3202.7520016501685,439.47808687802677,480.23376936214225,1,30,18,1891,2851
35,30,32,LinearSubgradientAuction,0.05,0.08,,True,,1000,3600,cats_arbitrary_g30b150,,heuristic,3,False,CATS,150,arbitrary,MultiMinded,1000,MaxIter,1314.8699999999953,2108.201,5,1910.3,506.57900000000001,745.6629,3316.3256495279179,34.760598147849819,286.64546882760953,1,30,17,1952,2942
36,30,35,LinearSubgradientAuction,0.05,0.08,,True,,1000,3600,cats_arbitrary_g30b150,,heuristic,3,False,CATS,150,arbitrary,MultiMinded,1000,MaxIter,1439.050000000003,1942.8097999999998,8,1649.39,704.06799999999998,510.856,2544.2936665628599,78.226599807955878,99.03099372787986,1,30,32,2135,3215
37,30,33,LinearSubgradientAuction,0.05,0.08,,True,,1000,3600,cats_arbitrary_g30b150,,heuristic,3,False,CATS,150,arbitrary,MultiMinded,1000,MaxIter,1369.5799999999872,1975.334,4,1881.03,532.89949999999999,857.5999999999999,2514.1991408077624,674.83972610658418,711.32617083430864,1,30,16,2013,3033
38,30,32,LinearSubgradientAuction,0.05,0.08,,True,,1000,3600,cats_arbitrary_g30b150,,heuristic,3,False,CATS,150,arbitrary,MultiMinded,1000,MaxIter,1325.8099999999977,2501.4829999999997,2,2312.06,839.32600000000002,1305.945,3269.5952317825431,384.05364534242034,443.96986355803557,1,30,25,1952,2942
39,30,34,LinearSubgradientAuction,0.05,0.08,,True,,1000,3600,cats_arbitrary_g30b150,,heuristic,3,False,CATS,150,arbitrary,MultiMinded,1000,MaxIter,1422.9700000000012,2311.536,3,2186.45,533.95749999999998,667.139,2885.9939393751802,0,41.155398852878108,1,30,21,2074,3124
40,30,31,LinearSubgradientAuction,0.05,0.08,,True,,1000,3600,cats_arbitrary_g30b150,,heuristic,3,False,CATS,150,arbitrary,MultiMinded,1000,MaxIter,1278.4400000000023,1922.01,3,1548.35,753.33299999999997,1062.3700000000001,2572.6507134641447,0,32.404473581830928,1,30,13,1891,2851
41,30,32,LinearSubgradientAuction,0.05,0.08,,True,,1000,3600,cats_arbitrary_g30b150,,heuristic,3,False,CATS,150,arbitrary,MultiMinded,1000,MaxIter,1314.6100000000006,1899.3063,7,1626.29,567.45299999999997,886.6680000000001,2363.3764682889077,264.38882055336819,268.75072290688081,1,30,31,1952,2942
42,30,35,LinearSubgradientAuction,0.05,0.08,,True,,1000,3600,cats_arbitrary_g30b150,,heuristic,3,False,CATS,150,arbitrary,MultiMinded,1000,MaxIter,1455.8299999999872,2374.3837000000003,2,1682.91,707.67899999999997,1081.7459999999999,3308.5520535096325,774.10086491937591,876.73342119038591,1,30,18,2135,3215
43,30,36,LinearSubgradientAuction,0.05,0.08,,True,,1000,3600,cats_arbitrary_g30b150,,heuristic,3,False,CATS,150,arbitrary,MultiMinded,1000,MaxIter,1512.820000000007,2385.76,5,2385.76,501.80000000000001,1202.085,2811.612202879182,567.31826643331203,618.06064053745081,1,30,11,2196,3306
44,30,35,LinearSubgradientAuction,0.05,0.08,,True,,1000,3600,cats_arbitrary_g30b150,,heuristic,3,False,CATS,150,arbitrary,MultiMinded,1000,MaxIter,1441.270000000004,2079.9506999999994,7,1845.76,468.2165,824.573,2968.0176447603089,282.76732886297259,551.87746840859336,1,30,14,2135,3215
45,30,30,LinearSubgradientAuction,0.05,0.08,,True,,1000,3600,cats_arbitrary_g30b150,,heuristic,3,False,CATS,150,arbitrary,MultiMinded,1000,MaxIter,1239.2799999999988,1973.4939,9,1684.69,518.44550000000004,1013.6387,3553.1244370318154,206.48916289966991,224.09348227048065,1,30,28,1830,2760
46,30,33,LinearSubgradientAuction,0.05,0.08,,True,,1000,3600,cats_arbitrary_g30b150,,heuristic,3,False,CATS,150,arbitrary,MultiMinded,1000,MaxIter,1368.199999999997,2174.927,5,1703.31,577.08699999999999,973.4259999999999,2735.091047804327,0,51.358928959182037,1,30,16,2013,3033
47,30,36,LinearSubgradientAuction,0.05,0.08,,True,,1000,3600,cats_arbitrary_g30b150,,heuristic,3,False,CATS,150,arbitrary,MultiMinded,1000,MaxIter,1498.699999999997,2134.903,2,1579.3,488.0025,776.037,2735.734881644983,0,27.59756362030015,1,30,23,2196,3306
48,30,36,LinearSubgradientAuction,0.05,0.08,,True,,1000,3600,cats_arbitrary_g30b150,,heuristic,3,False,CATS,150,arbitrary,MultiMinded,1000,MaxIter,1489.1800000000076,2120.0323,7,1723.29,500.82099999999997,1056.159,2699.6607205676805,422.97203686475251,478.19523070078054,1,30,15,2196,3306
49,30,32,LinearSubgradientAuction,0.05,0.08,,True,,1000,3600,cats_arbitrary_g30b150,,heuristic,3,False,CATS,150,arbitrary,MultiMinded,1000,MaxIter,1300.550000000003,1825.5846,3,1448.16,458.54599999999999,1060.515,2238.2801608239265,0,43.037642534505807,1,30,17,1952,2942
50,30,32,LinearSubgradientAuction,0.05,0.08,,True,,1000,3600,cats_arbitrary_g30b150,,heuristic,3,False,CATS,150,arbitrary,MultiMinded,1000,MaxIter,1332.0099999999948,2387.589,5,2137.71,881.64700000000005,572.888,2641.0716608957264,199.74391850154518,221.17787752398311,1,30,20,1952,2942
51,30,31,LinearSubgradientAuction,0.05,0.08,,True,,1000,3600,cats_arbitrary_g30b150,,heuristic,3,False,CATS,150,arbitrary,MultiMinded,1000,MaxIter,1280.5999999999913,2404.514,6,2207.65,681.84050000000002,567.895,3079.7782927139306,277.99160971674934,429.57241628274392,1,30,18,1891,2851
52,30,34,LinearSubgradientAuction,0.05,0.08,,True,,1000,3600,cats_arbitrary_g30b150,,heuristic,3,False,CATS,150,arbitrary,MultiMinded,1000,MaxIter,1420.4599999999919,2070.7699000000002,5,1761.92,837.09500000000003,1607.5030000000002,2477.9912685021186,262.76535913102305,319.07598823901151,1,30,12,2074,3124
53,30,34,LinearSubgradientAuction,0.05,0.08,,True,,1000,3600,cats_arbitrary_g30b150,,heuristic,3,False,CATS,150,arbitrary,MultiMinded,1000,MaxIter,1407.020000000004,1944.8844,6,1588.82,654.95799999999997,1028.9712,2434.1564672203835,189.52488090558069,254.76677874280574,1,30,16,2074,3124
54,30,30,LinearSubgradientAuction,0.05,0.08,,True,,1000,3600,cats_arbitrary_g30b150,,heuristic,3,False,CATS,150,arbitrary,MultiMinded,1000,MaxIter,1238.0999999999913,2678.4509,4,2281.57,746.976,781.575,3277.2863253602163,0,61.736040911673456,1,30,19,1830,2760
55,30,31,LinearSubgradientAuction,0.05,0.08,,True,,1000,3600,cats_arbitrary_g30b150,,heuristic,3,False,CATS,150,arbitrary,MultiMinded,1000,MaxIter,1278.449999999997,2211.653,5,1943.48,726.06700000000001,975.2249999999999,2550.0125522110493,82.805447280692249,106.46009502158508,1,30,15,1891,2851
56,30,29,LinearSubgradientAuction,0.05,0.08,,True,,1000,3600,cats_arbitrary_g30b150,,heuristic,3,False,CATS,150,arbitrary,MultiMinded,1000,MaxIter,1191.1500000000087,2093.229,7,1877.5,714.9369999999999,700.3182,2333.2450379770626,0.0,5.042740701429949,1,30,24,1769,2669
57,30,31,LinearSubgradientAuction,0.05,0.08,,True,,1000,3600,cats_arbitrary_g30b150,,heuristic,3,False,CATS,150,arbitrary,MultiMinded,1000,MaxIter,1267.3099999999831,2015.9576000000002,5,1667.14,591.51199999999994,587.254,2592.6007682687168,335.74458516090948,338.21328301399183,1,30,15,1891,2851
58,30,33,LinearSubgradientAuction,0.05,0.08,,True,,1000,3600,cats_arbitrary_g30b150,,heuristic,3,False,CATS,150,arbitrary,MultiMinded,1000,MaxIter,1399.409999999989,2213.6252,7,1937.47,893.10799999999995,922.3967,2840.6269524844888,350.67233098727894,410.41184452231369,1,30,26,2013,3033
59,30,31,LinearSubgradientAuction,0.05,0.08,,True,,1000,3600,cats_arbitrary_g30b150,,heuristic,3,False,CATS,150,arbitrary,MultiMinded,1000,MaxIter,1278.070000000007,2195.5229,3,1710.57,782.62599999999998,986.045,3190.8406522426299,0,31.880445114920718,1,30,21,1891,2851
60,30,36,LinearSubgradientAuction,0.05,0.08,,True,,1000,3600,cats_arbitrary_g30b150,,heuristic,3,False,CATS,150,arbitrary,MultiMinded,1000,MaxIter,1483.7399999999907,1802.554,4,1574.08,671.95349999999996,685.235,2213.9295217361682,0,40.964590690583847,1,30,19,2196,3306
61,30,33,LinearSubgradientAuction,0.05,0.08,,True,,1000,3600,cats_arbitrary_g30b150,,heuristic,3,False,CATS,150,arbitrary,MultiMinded,1000,MaxIter,1389.570000000007,1724.4375,9,1339.03,584.49199999999996,846.026,2321.2016792785244,0.0,2.5438409616515401,1,30,40,2013,3033
62,30,36,LinearSubgradientAuction,0.05,0.08,,True,,1000,3600,cats_arbitrary_g30b150,,heuristic,3,False,CATS,150,arbitrary,MultiMinded,1000,MaxIter,1503.4699999999866,2437.0683000000004,4,1933.61,814.90999999999997,362.965,2876.0231477216203,70.702602928601351,140.10392235517381,1,30,17,2196,3306
63,30,34,LinearSubgradientAuction,0.05,0.08,,True,,1000,3600,cats_arbitrary_g30b150,,heuristic,3,False,CATS,150,arbitrary,MultiMinded,1000,MaxIter,1394.1700000000128,2003.24,3,2003.24,494.63999999999999,734.296,2656.3320551497191,0,68.477774005829119,1,30,20,2074,3124
64,30,34,LinearSubgradientAuction,0.05,0.08,,True,,1000,3600,cats_arbitrary_g30b150,,heuristic,3,False,CATS,150,arbitrary,MultiMinded,1000,MaxIter,1420.2000000000116,2039.0195999999999,4,1809.03,585.17600000000004,437.317,2602.0602931630788,233.86079632894462,262.67457533453381,1,30,21,2074,3124
65,30,36,LinearSubgradientAuction,0.05,0.08,,True,,1000,3600,cats_arbitrary_g30b150,,heuristic,3,False,CATS,150,arbitrary,MultiMinded,1000,MaxIter,1499.6199999999953,1894.2412000000002,2,1377.42,663.9670000000001,308.1704,2242.1473639818932,0,12.709818494467243,1,30,24,2196,3306
66,30,33,LinearSubgradientAuction,0.05,0.08,,True,,1000,3600,cats_arbitrary_g30b150,,heuristic,3,False,CATS,150,arbitrary,MultiMinded,1000,MaxIter,1385.7299999999814,2454.29,3,2454.29,522.13300000000004,860.52,2940.3347397067237,375.56354260124732,505.37419910059538,1,30,25,2013,3033
67,30,31,LinearSubgradientAuction,0.05,0.08,,True,,1000,3600,cats_arbitrary_g30b150,,heuristic,3,False,CATS,150,arbitrary,MultiMinded,1000,MaxIter,1284.1500000000233,2341.4958,5,2017.46,785.07600000000002,1450.0899000000002,3084.9867218109925,1376.9166617804699,1376.9166617804699,1,30,19,1891,2851
68,30,31,LinearSubgradientAuction,0.05,0.08,,True,,1000,3600,cats_arbitrary_g30b150,,heuristic,3,False,CATS,150,arbitrary,MultiMinded,1000,MaxIter,1276.7900000000081,2082.3165,4,1694.51,536.65000000000009,1075.1775,2500.4630624266847,510.53992903202368,545.05516235522521,1,30,19,1891,2851
69,30,32,LinearSubgradientAuction,0.05,0.08,,True,,1000,3600,cats_arbitrary_g30b150,,heuristic,3,False,CATS,150,arbitrary,MultiMinded,1000,MaxIter,1311.8999999999942,2088.0744,6,1731.11,855.64499999999998,692.692,2587.7767747057696,367.62820465552431,367.62820465552431,1,30,24,1952,2942
70,30,33,LinearSubgradientAuction,0.05,0.08,,True,,1000,3600,cats_arbitrary_g30b150,,heuristic,3,False,CATS,150,arbitrary,MultiMinded,1000,MaxIter,1390.8000000000175,2258.578,6,1454.94,617.26599999999996,1570.3629999999998,2924.2930716355786,260.30821383511034,462.73712781042883,1,30,21,2013,3033
71,30,33,LinearSubgradientAuction,0.05,0.08,,True,,1000,3600,cats_arbitrary_g30b150,,heuristic,3,False,CATS,150,arbitrary,MultiMinded,1000,MaxIter,1374.929999999993,2247.3372,5,1920.4,499.70499999999998,1383.508,2812.6396936213159,1337.4377537502121,1346.4727277217112,1,30,21,2013,3033
72,30,39,LinearSubgradientAuction,0.05,0.08,,True,,1000,3600,cats_arbitrary_g30b150,,heuristic,3,False,CATS,150,arbitrary,MultiMinded,1000,MaxIter,1638.0599999999977,2410.0175,4,1662.34,705.94000000000005,1231.5163,2787.3416872683965,34.984756521264181,122.08920153857235,1,30,18,2379,3579
73,30,34,LinearSubgradientAuction,0.05,0.08,,True,,1000,3600,cats_arbitrary_g30b150,,heuristic,3,False,CATS,150,arbitrary,MultiMinded,1000,MaxIter,1385.8500000000058,2015.5892,6,1380.57,479.64299999999997,678.8282,2785.3238037598467,254.23336110621159,311.34512825147647,1,30,22,2074,3124
74,30,36,LinearSubgradientAuction,0.05,0.08,,True,,1000,3600,cats_arbitrary_g30b150,,heuristic,3,False,CATS,150,arbitrary,MultiMinded,1000,MaxIter,1486.7000000000116,2042.097,10,1285.64,413.78699999999998,846.122,2965.4754480504334,556.82196760877093,557.94696938979428,1,30,26,2196,3306
75,30,28,LinearSubgradientAuction,0.05,0.08,,True,,1000,3600,cats_arbitrary_g30b150,,heuristic,3,False,CATS,150,arbitrary,MultiMinded,1000,MaxIter,1148.5400000000081,1952.3077,6,1522.4,797.30549999999994,1443.2369999999999,3010.366169546061,0,0.0,1,30,49,1708,2578
76,30,35,LinearSubgradientAuction,0.05,0.08,,True,,1000,3600,cats_arbitrary_g30b150,,heuristic,3,False,CATS,150,arbitrary,MultiMinded,1000,MaxIter,1465.0299999999988,2241.3282000000004,10,1991.23,695.48000000000002,700.3189,2852.4021930999779,177.90108611191968,297.64490613077805,1,30,21,2135,3215
77,30,29,LinearSubgradientAuction,0.05,0.08,,True,,1000,3600,cats_arbitrary_g30b150,,heuristic,3,False,CATS,150,arbitrary,MultiMinded,1000,MaxIter,1188.0799999999872,2086.98,4,1735.17,697.00749999999994,1651.775,2518.0891665871768,948.28057023096517,974.39066229556499,1,30,17,1769,2669
78,30,34,LinearSubgradientAuction,0.05,0.08,,True,,1000,3600,cats_arbitrary_g30b150,,heuristic,3,False,CATS,150,arbitrary,MultiMinded,1000,MaxIter,1415.929999999993,2141.5101999999997,8,1833.54,620.51150000000007,895.4413,3012.4703274700391,162.09700780892601,181.08174641052409,1,30,13,2074,3124
79,30,32,LinearSubgradientAuction,0.05,0.08,,True,,1000,3600,cats_arbitrary_g30b150,,heuristic,3,False,CATS,150,arbitrary,MultiMinded,1000,MaxIter,1320.2999999999884,2182.6516,4,1753.74,722.10699999999997,1381.698,2985.9406943492495,315.94554826379351,346.37313234327712,1,30,14,1952,2942
80,30,31,LinearSubgradientAuction,0.05,0.08,,True,,1000,3600,cats_arbitrary_g30b150,,heuristic,3,False,CATS,150,arbitrary,MultiMinded,1000,MaxIter,1272.4900000000198,2157.0797,3,1772.89,656.88249999999994,1165.045,2594.9000932672539,0,18.798345254173,1,30,13,1891,2851
81,30,31,LinearSubgradientAuction,0.05,0.08,,True,,1000,3600,cats_arbitrary_g30b150,,heuristic,3,False,CATS,150,arbitrary,MultiMinded,1000,MaxIter,1270.7200000000012,1755.3018000000002,7,1603.71,647.50199999999995,599.51034,2331.0402447792035,0.0,47.226293872655717,1,30,17,1891,2851
82,30,34,LinearSubgradientAuction,0.05,0.08,,True,,1000,3600,cats_arbitrary_g30b150,,heuristic,3,False,CATS,150,arbitrary,MultiMinded,1000,MaxIter,1424.0200000000186,2385.8982,7,2112.36,790.75199999999995,1056.7437,2949.0898136577725,855.13654532340604,895.10606547351699,1,30,20,2074,3124
83,30,32,LinearSubgradientAuction,0.05,0.08,,True,,1000,3600,cats_arbitrary_g30b150,,heuristic,3,False,CATS,150,arbitrary,MultiMinded,1000,MaxIter,1321.929999999993,2059.99,3,1826.87,768.11400000000003,1083.0072,2650.7084879309027,10.395757960073787,34.746558892408338,1,30,19,1952,2942
84,30,33,LinearSubgradientAuction,0.05,0.08,,True,,1000,3600,cats_arbitrary_g30b150,,heuristic,3,False,CATS,150,arbitrary,MultiMinded,1000,MaxIter,1392.9899999999907,1978.9186000000002,2,1758.88,838.20399999999995,535.092,2544.119756010999,0,84.281787108888025,1,30,22,2013,3033
85,30,33,LinearSubgradientAuction,0.05,0.08,,True,,1000,3600,cats_arbitrary_g30b150,,heuristic,3,False,CATS,150,arbitrary,MultiMinded,1000,MaxIter,1361.5200000000186,2216.0256,5,2078.55,626.62099999999998,448.5647,2775.7195409268397,389.17674743648905,403.81079501897693,1,30,28,2013,3033
86,30,31,LinearSubgradientAuction,0.05,0.08,,True,,1000,3600,cats_arbitrary_g30b150,,heuristic,3,False,CATS,150,arbitrary,MultiMinded,1000,MaxIter,1270.460000000021,2283.532,3,1809.12,745.29950000000008,1038.71,2856.1369601129759,335.94399482635475,343.25063048401398,1,30,10,1891,2851
87,30,36,LinearSubgradientAuction,0.05,0.08,,True,,1000,3600,cats_arbitrary_g30b150,,heuristic,3,False,CATS,150,arbitrary,MultiMinded,1000,MaxIter,1503.1000000000058,2522.6901999999995,8,2032.58,563.31899999999996,802.2651999999999,3181.2391855123929,105.19511863544248,214.36195093621137,1,30,20,2196,3306
88,30,35,LinearSubgradientAuction,0.05,0.08,,True,,1000,3600,cats_arbitrary_g30b150,,heuristic,3,False,CATS,150,arbitrary,MultiMinded,1000,MaxIter,1450.5499999999884,2265.08,7,1820.47,452.93900000000002,1201.2251,2801.262196945494,449.9680696339172,592.08363393270827,1,30,14,2135,3215
89,30,28,LinearSubgradientAuction,0.05,0.08,,True,,1000,3600,cats_arbitrary_g30b150,,heuristic,3,False,CATS,150,arbitrary,MultiMinded,1000,MaxIter,1154.1600000000035,1895.8706000000002,1,1412.37,685.88149999999996,403.918,2405.9550057609631,0,12.232917623737933,1,30,30,1708,2578
90,30,33,LinearSubgradientAuction,0.05,0.08,,True,,1000,3600,cats_arbitrary_g30b150,,heuristic,3,False,CATS,150,arbitrary,MultiMinded,1000,MaxIter,1372.2000000000116,2397.1789,7,2224.82,593.16800000000001,1035.0900000000001,3158.7055124886006,739.5644120241576,831.16918329945906,1,30,15,2013,3033
91,30,32,LinearSubgradientAuction,0.05,0.08,,True,,1000,3600,cats_arbitrary_g30b150,,heuristic,3,False,CATS,150,arbitrary,MultiMinded,1000,MaxIter,1312.75,2290.7259999999997,2,1825.1,529.46000000000004,959.026,2892.1525163224887,0,38.888046605751583,1,30,21,1952,2942
92,30,31,LinearSubgradientAuction,0.05,0.08,,True,,1000,3600,cats_arbitrary_g30b150,,heuristic,3,False,CATS,150,arbitrary,MultiMinded,1000,MaxIter,1289.0600000000268,1880.9630000000002,5,1586.58,901.44949999999994,841.4490000000001,2231.4907734443523,734.09741224774916,759.60125933166262,1,30,18,1891,2851
93,30,34,LinearSubgradientAuction,0.05,0.08,,True,,1000,3600,cats_arbitrary_g30b150,,heuristic,3,False,CATS,150,arbitrary,MultiMinded,1000,MaxIter,1399.2999999999884,1815.7306,2,1434.89,540.21100000000001,309.0486,2247.3443435362356,212.89338759054803,226.63518621020796,1,30,27,2074,3124
94,30,36,LinearSubgradientAuction,0.05,0.08,,True,,1000,3600,cats_arbitrary_g30b150,,heuristic,3,False,CATS,150,arbitrary,MultiMinded,1000,MaxIter,1518.5500000000175,2435.1574,6,2127.58,687.69500000000005,1165.19,3051.1993859362292,215.18779642066514,368.63859127227249,1,30,19,2196,3306
95,30,32,LinearSubgradientAuction,0.05,0.08,,True,,1000,3600,cats_arbitrary_g30b150,,heuristic,3,False,CATS,150,arbitrary,MultiMinded,1000,MaxIter,1320.0999999999767,2424.051,7,1933.55,792.75099999999998,1384.5095,2956.0410438174786,37.677048693565922,48.55606327796292,1,30,28,1952,2942
96,30,31,LinearSubgradientAuction,0.05,0.08,,True,,1000,3600,cats_arbitrary_g30b150,,heuristic,3,False,CATS,150,arbitrary,MultiMinded,1000,MaxIter,1289.9599999999919,1954.1625,7,1781.86,780.25699999999995,739.115,2689.0823736285624,129.77925974839832,160.20938840184311,1,30,18,1891,2851
97,30,30,LinearSubgradientAuction,0.05,0.08,,True,,1000,3600,cats_arbitrary_g30b150,,heuristic,3,False,CATS,150,arbitrary,MultiMinded,1000,MaxIter,1220.320000000007,1794.66,3,1264.09,681.495,170.113,2249.2252823845447,135.42464994538562,144.53372314604823,1,30,19,1830,2760
98,30,32,LinearSubgradientAuction,0.05,0.08,,True,,1000,3600,cats_arbitrary_g30b150,,heuristic,3,False,CATS,150,arbitrary,MultiMinded,1000,MaxIter,1314.7299999999814,2145.0272,3,2092.47,967.64100000000008,670.838,2862.7520448169917,542.31133072727152,620.10056544688427,1,30,22,1952,2942
99,30,29,LinearSubgradientAuction,0.05,0.08,,True,,1000,3600,cats_arbitrary_g30b150,,heuristic,3,False,CATS,150,arbitrary,MultiMinded,1000,MaxIter,1196.9700000000012,2260.297,5,2093.42,648.17449999999997,638.323,3645.1504822284332,538.25855756839303,582.46412197675704,1,30,18,1769,2669
100,30,37,LinearSubgradientAuction,0.05,0.08,,True,,1000,3600,cats_arbitrary_g30b150,,heuristic,3,False,CATS,150,arbitrary,MultiMinded,1000,MaxIter,1554.820000000007,2260.7916,5,1588.66,496.72000000000003,1364.0084,2796.2838748842951,25.711011893119849,33.346459475476877,1,30,14,2257,3397
