idx,items,agents,auction_class,epsilon,stepc,epoch,scalebyvalue,reserve_type,maxiter,maxtime,generator_param_name,personalized,bidding_strategy,heuristic_pool_num,int_prices,generator,bids,distribution,type,rounds,status,runtime,efficient_value,final_num_winners,final_max_agent_value,final_scalevalue,final_value,final_total_price,final_revenue,final_indirect_util,final_price_degree,final_price_sparsity,final_imbalance,final_wd_nvars,final_wd_ncons
1,30,34,LinearSubgradientAuction,0.05,0.08,,True,,1000,3600,cats_arbitrary_g30b150,,default,2,False,CATS,150,arbitrary,MultiMinded,1000,MaxIter,1400.8199999999997,1985.8648,5,1958.65,585.33899999999994,755.45,2214.4350698054577,634.27325064039223,672.25015999852656,1,30,19,2074,3124
2,30,35,LinearSubgradientAuction,0.05,0.08,,True,,1000,3600,cats_arbitrary_g30b150,,default,2,False,CATS,150,arbitrary,MultiMinded,940,Balance,1381.4200000000055,2197.79,1,2197.79,440.00599999999997,2197.79,2194.8934945102983,2172.8931945102981,2175.7896999999998,1,30,0,2135,3215
3,30,33,LinearSubgradientAuction,0.05,0.08,,True,,1000,3600,cats_arbitrary_g30b150,,default,2,False,CATS,150,arbitrary,MultiMinded,1000,MaxIter,1387.5999999999985,2537.724,2,1980.67,603.23800000000006,1425.68,2829.2131756130293,1392.6255694148754,1415.707813528287,1,30,16,2013,3033
4,30,33,LinearSubgradientAuction,0.05,0.08,,True,,1000,3600,cats_arbitrary_g30b150,,default,2,False,CATS,150,arbitrary,MultiMinded,1000,MaxIter,1393.3799999999974,2018.328,8,1780.26,501.12400000000002,1305.4102999999998,2172.6672263183859,1176.3180007021028,1211.3738570879675,1,30,15,2013,3033
5,30,32,LinearSubgradientAuction,0.05,0.08,,True,,1000,3600,cats_arbitrary_g30b150,,default,2,False,CATS,150,arbitrary,MultiMinded,1000,MaxIter,1332.550000000003,1876.8708299999998,4,1770.89,624.08600000000001,609.769,2303.0256181464429,549.77672445995665,568.58794280686755,1,30,21,1952,2942
6,30,33,LinearSubgradientAuction,0.05,0.08,,True,,1000,3600,cats_arbitrary_g30b150,,default,2,False,CATS,150,arbitrary,MultiMinded,1000,MaxIter,1384.5599999999977,2052.619,4,1672.04,727.22400000000005,1163.5399,2630.5276274628004,1050.9853648253682,1067.5156769687103,1,30,11,2013,3033
7,30,30,LinearSubgradientAuction,0.05,0.08,,True,,1000,3600,cats_arbitrary_g30b150,,default,2,False,CATS,150,arbitrary,MultiMinded,1000,MaxIter,1229.7300000000032,2256.612,6,2088.18,661.12950000000001,1410.154,2712.3520211021014,1337.4999064960714,1337.4999064960714,1,30,35,1830,2760
8,30,35,LinearSubgradientAuction,0.05,0.08,,True,,1000,3600,cats_arbitrary_g30b150,,default,2,False,CATS,150,arbitrary,MultiMinded,1000,MaxIter,1463.5400000000009,1886.9858,2,1721.43,762.18450000000007,443.864,2026.7191673707082,15.782378177070889,120.9663516277642,1,30,27,2135,3215
9,30,32,LinearSubgradientAuction,0.05,0.08,,True,,1000,3600,cats_arbitrary_g30b150,,default,2,False,CATS,150,arbitrary,MultiMinded,1000,MaxIter,1323.8199999999997,1903.7699,7,1559.25,844.62750000000005,1026.831,2359.2045192035553,330.38155716528587,330.38155716528587,1,30,87,1952,2942
10,30,36,LinearSubgradientAuction,0.05,0.08,,True,,1000,3600,cats_arbitrary_g30b150,,default,2,False,CATS,150,arbitrary,MultiMinded,1000,MaxIter,1492.1200000000026,2500.0740000000005,11,2217.68,621.28700000000003,1301.0049999999999,2773.4452858585096,1083.3786231060051,1134.7247916765734,1,30,34,2196,3306
11,30,30,LinearSubgradientAuction,0.05,0.08,,True,,1000,3600,cats_arbitrary_g30b150,,default,2,False,CATS,150,arbitrary,MultiMinded,1000,MaxIter,1232.0299999999988,1868.241,3,1447.57,637.68550000000005,900.9279999999999,2371.6216378485424,277.14077261998636,328.80067862621263,1,30,23,1830,2760
12,30,32,LinearSubgradientAuction,0.05,0.08,,True,,1000,3600,cats_arbitrary_g30b150,,default,2,False,CATS,150,arbitrary,MultiMinded,1000,MaxIter,1304.4199999999983,1629.6809799999999,7,1454.03,563.44500000000005,1047.3575,2037.8445208237465,928.02250514189586,939.7782087095643,1,30,18,1952,2942
13,30,33,LinearSubgradientAuction,0.05,0.08,,True,,1000,3600,cats_arbitrary_g30b150,,default,2,False,CATS,150,arbitrary,MultiMinded,1000,MaxIter,1377.8699999999953,1977.1191,2,1667.86,707.56150000000002,970.1751,2209.9826217743894,45.719209347880557,116.30719236492581,1,30,29,2013,3033
14,30,33,LinearSubgradientAuction,0.05,0.08,,True,,1000,3600,cats_arbitrary_g30b150,,default,2,False,CATS,150,arbitrary,MultiMinded,1000,MaxIter,1395.7699999999968,2717.117,6,1791.51,726.46749999999997,1715.773,2873.6521225923652,1227.0691642312217,1263.4233926125769,1,30,14,2013,3033
15,30,30,LinearSubgradientAuction,0.05,0.08,,True,,1000,3600,cats_arbitrary_g30b150,,default,2,False,CATS,150,arbitrary,MultiMinded,1000,MaxIter,1245.7099999999991,2171.381,2,1868.55,921.70799999999997,1247.46,2673.5998258682412,1214.8078754118574,1221.4638643187279,1,30,17,1830,2760
16,30,34,LinearSubgradientAuction,0.05,0.08,,True,,1000,3600,cats_arbitrary_g30b150,,default,2,False,CATS,150,arbitrary,MultiMinded,1000,MaxIter,1417.4199999999983,2091.4660000000003,6,1581.43,466.154,1380.876,2383.2937156656985,1326.2395040132717,1335.8649453181793,1,30,27,2074,3124
17,30,32,LinearSubgradientAuction,0.05,0.08,,True,,1000,3600,cats_arbitrary_g30b150,,default,2,False,CATS,150,arbitrary,MultiMinded,1000,MaxIter,1329.7099999999991,1828.406,7,1506.32,727.10699999999997,1177.054,2078.5044193296385,1094.239982146247,1094.239982146247,1,30,27,1952,2942
18,30,33,LinearSubgradientAuction,0.05,0.08,,True,,1000,3600,cats_arbitrary_g30b150,,default,2,False,CATS,150,arbitrary,MultiMinded,1000,MaxIter,1388.3700000000026,2345.2870000000003,4,2117.29,776.08299999999997,1014.7249999999999,2619.0703066672449,943.09678249401668,962.62714316895597,1,30,18,2013,3033
19,30,34,LinearSubgradientAuction,0.05,0.08,,True,,1000,3600,cats_arbitrary_g30b150,,default,2,False,CATS,150,arbitrary,MultiMinded,1000,MaxIter,1413.6800000000003,2287.142,7,1551.3,564.779,1182.2199,2645.6503673136872,1076.4753233880699,1087.7441173586471,1,30,21,2074,3124
20,30,34,LinearSubgradientAuction,0.05,0.08,,True,,1000,3600,cats_arbitrary_g30b150,,default,2,False,CATS,150,arbitrary,MultiMinded,1000,MaxIter,1409.1700000000055,1940.03319,7,1543.36,583.99600000000009,710.25,2286.9337602556557,670.39444205563893,671.87570470323044,1,30,38,2074,3124
21,30,32,LinearSubgradientAuction,0.05,0.08,,True,,1000,3600,cats_arbitrary_g30b150,,default,2,False,CATS,150,arbitrary,MultiMinded,1000,MaxIter,1321.0900000000038,1599.0811999999999,3,1355.45,695.58449999999993,1079.1132,2002.8215039606412,941.41219791869491,959.94980251317031,1,30,16,1952,2942
22,30,33,LinearSubgradientAuction,0.05,0.08,,True,,1000,3600,cats_arbitrary_g30b150,,default,2,False,CATS,150,arbitrary,MultiMinded,1000,MaxIter,1386.0400000000009,2282.8423000000003,7,1879.28,739.774,1312.4433000000001,2546.0099311979534,1234.0986892392643,1239.1644747755531,1,30,34,2013,3033
23,30,33,LinearSubgradientAuction,0.05,0.08,,True,,1000,3600,cats_arbitrary_g30b150,,default,2,False,CATS,150,arbitrary,MultiMinded,1000,MaxIter,1373.5999999999985,2403.9993,7,2044.82,717.20399999999995,927.007,2922.9685572455382,879.86817038601782,880.41470327004538,1,30,45,2013,3033
24,30,30,LinearSubgradientAuction,0.05,0.08,,True,,1000,3600,cats_arbitrary_g30b150,,default,2,False,CATS,150,arbitrary,MultiMinded,1000,MaxIter,1216.7799999999988,2126.121,4,1969.43,482.00350000000003,835.744,2526.8451782093621,790.95980105427145,800.90158978973614,1,30,17,1830,2760
25,30,29,LinearSubgradientAuction,0.05,0.08,,True,,1000,3600,cats_arbitrary_g30b150,,default,2,False,CATS,150,arbitrary,MultiMinded,1000,MaxIter,1197.3199999999997,1852.1607,1,1764.81,936.35900000000004,1576.47,2282.9768345122866,0,15.029375294707847,1,30,30,1769,2669
26,30,39,LinearSubgradientAuction,0.05,0.08,,True,,1000,3600,cats_arbitrary_g30b150,,default,2,False,CATS,150,arbitrary,MultiMinded,1000,MaxIter,1650.4400000000023,2465.4804,2,1489.25,632.89699999999993,495.299,2552.2855718701699,459.76030520611783,477.005490098667,1,30,23,2379,3579
27,30,29,LinearSubgradientAuction,0.05,0.08,,True,,1000,3600,cats_arbitrary_g30b150,,default,2,False,CATS,150,arbitrary,MultiMinded,1000,MaxIter,1209.739999999998,2275.4269999999997,2,1932.93,759.11900000000003,916.912,2670.5350809144238,880.7787867011981,887.26873222588358,1,30,4,1769,2669
28,30,31,LinearSubgradientAuction,0.05,0.08,,True,,1000,3600,cats_arbitrary_g30b150,,default,2,False,CATS,150,arbitrary,MultiMinded,1000,MaxIter,1279.1800000000003,2301.5724,11,1458.94,613.274,1401.7169,2535.8833550601762,1296.499176192086,1296.499176192086,1,30,65,1891,2851
29,30,29,LinearSubgradientAuction,0.05,0.08,,True,,1000,3600,cats_arbitrary_g30b150,,default,2,False,CATS,150,arbitrary,MultiMinded,1000,MaxIter,1206.9199999999983,2007.782,8,1669.06,662.85299999999995,1229.355,2370.7778868611013,492.42282971018471,492.42282971018471,1,30,80,1769,2669
30,30,35,LinearSubgradientAuction,0.05,0.08,,True,,1000,3600,cats_arbitrary_g30b150,,default,2,False,CATS,150,arbitrary,MultiMinded,1000,MaxIter,1454.3199999999997,2161.8298999999997,4,1539.73,524.54999999999995,1702.4313,2414.2495616981878,1199.6751897425524,1207.8317919287531,1,30,19,2135,3215
31,30,32,LinearSubgradientAuction,0.05,0.08,,True,,1000,3600,cats_arbitrary_g30b150,,default,2,False,CATS,150,arbitrary,MultiMinded,1000,MaxIter,1323.9100000000035,2453.359,2,1724.13,512.56299999999999,1066.016,2718.7485509620738,99.559917254613282,105.57533680963613,1,30,29,1952,2942
32,30,34,LinearSubgradientAuction,0.05,0.08,,True,,1000,3600,cats_arbitrary_g30b150,,default,2,False,CATS,150,arbitrary,MultiMinded,1000,MaxIter,1407.5999999999985,1818.8858,1,1643.98,574.70600000000002,98.6156,2235.8970740202526,0,0.0,1,30,30,2074,3124
33,30,33,LinearSubgradientAuction,0.05,0.08,,True,,1000,3600,cats_arbitrary_g30b150,,default,2,False,CATS,150,arbitrary,MultiMinded,1000,MaxIter,1375.1600000000035,1944.8153000000002,9,1618.49,617.12249999999995,957.0032,2210.7486596806557,849.61228422849638,849.61228422849638,1,30,26,2013,3033
34,30,31,LinearSubgradientAuction,0.05,0.08,,True,,1000,3600,cats_arbitrary_g30b150,,default,2,False,CATS,150,arbitrary,MultiMinded,1000,MaxIter,1277.3899999999994,2467.5019,2,2102.79,578.16200000000003,213.951,2744.1972968116334,183.69960982027732,253.77945775078527,1,30,28,1891,2851
35,30,32,LinearSubgradientAuction,0.05,0.08,,True,,1000,3600,cats_arbitrary_g30b150,,default,2,False,CATS,150,arbitrary,MultiMinded,1000,MaxIter,1311.4900000000052,2108.201,1,1910.3,506.57900000000001,258.351,2422.0309544113143,0,18.381408443146057,1,30,30,1952,2942
36,30,35,LinearSubgradientAuction,0.05,0.08,,True,,1000,3600,cats_arbitrary_g30b150,,default,2,False,CATS,150,arbitrary,MultiMinded,1000,MaxIter,1442.5299999999988,1942.8097999999998,5,1649.39,704.06799999999998,1409.079,2142.5512310114532,1352.7706161094734,1359.4716555090085,1,30,17,2135,3215
37,30,33,LinearSubgradientAuction,0.05,0.08,,True,,1000,3600,cats_arbitrary_g30b150,,default,2,False,CATS,150,arbitrary,MultiMinded,1000,MaxIter,1372.7699999999968,1975.334,12,1881.03,532.89949999999999,1172.5066,2348.3193399153174,1071.7975523851178,1071.7975523851178,1,30,69,2013,3033
38,30,32,LinearSubgradientAuction,0.05,0.08,,True,,1000,3600,cats_arbitrary_g30b150,,default,2,False,CATS,150,arbitrary,MultiMinded,1000,MaxIter,1334.4900000000052,2501.4829999999997,2,2312.06,839.32600000000002,1376.434,2927.1270317791109,413.74885860166893,458.23860981061716,1,30,25,1952,2942
39,30,34,LinearSubgradientAuction,0.05,0.08,,True,,1000,3600,cats_arbitrary_g30b150,,default,2,False,CATS,150,arbitrary,MultiMinded,1000,MaxIter,1423.7900000000009,2311.536,5,2186.45,533.95749999999998,1492.8870000000002,2650.4758105717156,1398.8204930265945,1398.8708691442275,1,30,25,2074,3124
40,30,31,LinearSubgradientAuction,0.05,0.08,,True,,1000,3600,cats_arbitrary_g30b150,,default,2,False,CATS,150,arbitrary,MultiMinded,1000,MaxIter,1283.270000000004,1922.01,2,1548.35,753.33299999999997,1161.1613,2172.8099318248851,0.0,0.0019875308103589617,1,30,29,1891,2851
41,30,32,LinearSubgradientAuction,0.05,0.08,,True,,1000,3600,cats_arbitrary_g30b150,,default,2,False,CATS,150,arbitrary,MultiMinded,1000,MaxIter,1327.9599999999991,1899.3063,1,1626.29,567.45299999999997,845.96,2251.7169066909864,0,5.9471177994368531,1,30,30,1952,2942
42,30,35,LinearSubgradientAuction,0.05,0.08,,True,,1000,3600,cats_arbitrary_g30b150,,default,2,False,CATS,150,arbitrary,MultiMinded,1000,MaxIter,1461.7599999999948,2374.3837000000003,2,1682.91,707.67899999999997,1525.806,2804.2690942990062,1172.7340581147046,1221.1433990164398,1,30,19,2135,3215
43,30,36,LinearSubgradientAuction,0.05,0.08,,True,,1000,3600,cats_arbitrary_g30b150,,default,2,False,CATS,150,arbitrary,MultiMinded,1000,MaxIter,1502.739999999998,2385.76,5,2385.76,501.80000000000001,581.387,2520.5100503779354,506.0660497318554,553.780894333692,1,30,23,2196,3306
44,30,35,LinearSubgradientAuction,0.05,0.08,,True,,1000,3600,cats_arbitrary_g30b150,,default,2,False,CATS,150,arbitrary,MultiMinded,1000,MaxIter,1451.6900000000023,2079.9506999999994,4,1845.76,468.2165,1205.483,2258.4726950616841,862.0914635570108,891.49492159105239,1,30,16,2135,3215
45,30,30,LinearSubgradientAuction,0.05,0.08,,True,,1000,3600,cats_arbitrary_g30b150,,default,2,False,CATS,150,arbitrary,MultiMinded,1000,MaxIter,1232.239999999998,1973.4939,4,1684.69,518.44550000000004,1154.9245,2272.5292722661347,593.78126174194813,630.01844221787826,1,30,19,1830,2760
46,30,33,LinearSubgradientAuction,0.05,0.08,,True,,1000,3600,cats_arbitrary_g30b150,,default,2,False,CATS,150,arbitrary,MultiMinded,1000,MaxIter,1380.8500000000058,2174.927,2,1703.31,577.08699999999999,1022.942,2505.9315880461245,606.14456179455158,645.38374335092044,1,30,23,2013,3033
47,30,36,LinearSubgradientAuction,0.05,0.08,,True,,1000,3600,cats_arbitrary_g30b150,,default,2,False,CATS,150,arbitrary,MultiMinded,1000,MaxIter,1493.7099999999991,2134.903,8,1579.3,488.0025,915.0939999999999,2450.7881006608304,878.97314551062368,880.06381665229173,1,30,27,2196,3306
48,30,36,LinearSubgradientAuction,0.05,0.08,,True,,1000,3600,cats_arbitrary_g30b150,,default,2,False,CATS,150,arbitrary,MultiMinded,1000,MaxIter,1493.3399999999965,2120.0323,2,1723.29,500.82099999999997,1207.255,2280.4249557919461,81.953231060337501,92.877551627440255,1,30,29,2196,3306
49,30,32,LinearSubgradientAuction,0.05,0.08,,True,,1000,3600,cats_arbitrary_g30b150,,default,2,False,CATS,150,arbitrary,MultiMinded,1000,MaxIter,1303.75,1825.5846,4,1448.16,458.54599999999999,399.653,2099.3718392064466,355.15841396284912,384.71171694707772,1,30,20,1952,2942
50,30,32,LinearSubgradientAuction,0.05,0.08,,True,,1000,3600,cats_arbitrary_g30b150,,default,2,False,CATS,150,arbitrary,MultiMinded,1000,MaxIter,1340.010000000002,2387.589,4,2137.71,881.64700000000005,2235.873,2561.8606986814884,2193.1173854594858,2193.1173854594858,1,30,37,1952,2942
51,30,31,LinearSubgradientAuction,0.05,0.08,,True,,1000,3600,cats_arbitrary_g30b150,,default,2,False,CATS,150,arbitrary,MultiMinded,1000,MaxIter,1285.0900000000038,2404.514,1,2207.65,681.84050000000002,799.09,2812.1157821926481,0,152.58419572608713,1,30,24,1891,2851
52,30,34,LinearSubgradientAuction,0.05,0.08,,True,,1000,3600,cats_arbitrary_g30b150,,default,2,False,CATS,150,arbitrary,MultiMinded,1000,MaxIter,1428.3800000000047,2070.7699000000002,9,1761.92,837.09500000000003,1476.6739,2504.7490213278306,1323.2200138185078,1323.2200138185078,1,30,84,2074,3124
53,30,34,LinearSubgradientAuction,0.05,0.08,,True,,1000,3600,cats_arbitrary_g30b150,,default,2,False,CATS,150,arbitrary,MultiMinded,1000,MaxIter,1422.9000000000015,1944.8844,3,1588.82,654.95799999999997,1059.2902,2136.9109124042188,379.22043912688355,424.27650813950902,1,30,24,2074,3124
54,30,30,LinearSubgradientAuction,0.05,0.08,,True,,1000,3600,cats_arbitrary_g30b150,,default,2,False,CATS,150,arbitrary,MultiMinded,1000,MaxIter,1232.6500000000015,2678.4509,3,2281.57,746.976,2596.389,2997.5499972360308,2515.7982051869626,2533.1029658408556,1,30,6,1830,2760
55,30,31,LinearSubgradientAuction,0.05,0.08,,True,,1000,3600,cats_arbitrary_g30b150,,default,2,False,CATS,150,arbitrary,MultiMinded,1000,MaxIter,1277.25,2211.653,2,1943.48,726.06700000000001,487.60200000000003,2417.2644652769268,329.16399699512328,388.37757848592389,1,30,24,1891,2851
56,30,29,LinearSubgradientAuction,0.05,0.08,,True,,1000,3600,cats_arbitrary_g30b150,,default,2,False,CATS,150,arbitrary,MultiMinded,1000,MaxIter,1198.4000000000015,2093.229,8,1877.5,714.9369999999999,711.617,2234.4786831579586,623.1909727278545,626.23238243732783,1,30,38,1769,2669
57,30,31,LinearSubgradientAuction,0.05,0.08,,True,,1000,3600,cats_arbitrary_g30b150,,default,2,False,CATS,150,arbitrary,MultiMinded,1000,MaxIter,1274.8600000000006,2015.9576000000002,4,1667.14,591.51199999999994,1265.562,2337.7824354493414,1204.2309372406287,1214.3138692715077,1,30,13,1891,2851
58,30,33,LinearSubgradientAuction,0.05,0.08,,True,,1000,3600,cats_arbitrary_g30b150,,default,2,False,CATS,150,arbitrary,MultiMinded,1000,MaxIter,1387.4599999999991,2213.6252,3,1937.47,893.10799999999995,1436.9992,2560.5686391954441,71.500175863255492,118.2683139786232,1,30,27,2013,3033
59,30,31,LinearSubgradientAuction,0.05,0.08,,True,,1000,3600,cats_arbitrary_g30b150,,default,2,False,CATS,150,arbitrary,MultiMinded,1000,MaxIter,1272.2900000000009,2195.5229,1,1710.57,782.62599999999998,200.829,2789.9345915411809,0,0.0,1,30,30,1891,2851
60,30,36,LinearSubgradientAuction,0.05,0.08,,True,,1000,3600,cats_arbitrary_g30b150,,default,2,False,CATS,150,arbitrary,MultiMinded,1000,MaxIter,1486.9700000000012,1802.554,7,1574.08,671.95349999999996,1031.0466,2006.6421324390167,816.46374892988183,903.78389540526246,1,30,14,2196,3306
61,30,33,LinearSubgradientAuction,0.05,0.08,,True,,1000,3600,cats_arbitrary_g30b150,,default,2,False,CATS,150,arbitrary,MultiMinded,1000,MaxIter,1375.550000000003,1724.4375,9,1339.03,584.49199999999996,1305.9795,2063.6430460955585,1211.2897245921029,1211.2897245921029,1,30,50,2013,3033
62,30,36,LinearSubgradientAuction,0.05,0.08,,True,,1000,3600,cats_arbitrary_g30b150,,default,2,False,CATS,150,arbitrary,MultiMinded,1000,MaxIter,1519.2900000000009,2437.0683000000004,4,1933.61,814.90999999999997,1230.8798,2646.8786978530511,1152.0307276692286,1173.5201493817235,1,30,14,2196,3306
63,30,34,LinearSubgradientAuction,0.05,0.08,,True,,1000,3600,cats_arbitrary_g30b150,,default,2,False,CATS,150,arbitrary,MultiMinded,1000,MaxIter,1411.3600000000006,2003.24,5,2003.24,494.63999999999999,651.197,2394.8190893098267,577.18840688156956,615.62285922641661,1,30,21,2074,3124
64,30,34,LinearSubgradientAuction,0.05,0.08,,True,,1000,3600,cats_arbitrary_g30b150,,default,2,False,CATS,150,arbitrary,MultiMinded,1000,MaxIter,1424.3199999999997,2039.0195999999999,11,1809.03,585.17600000000004,964.4780999999999,2392.9490594262434,873.90937929577979,873.90937929577979,1,30,51,2074,3124
65,30,36,LinearSubgradientAuction,0.05,0.08,,True,,1000,3600,cats_arbitrary_g30b150,,default,2,False,CATS,150,arbitrary,MultiMinded,1000,MaxIter,1510.300000000003,1894.2412000000002,7,1377.42,663.9670000000001,722.213,2173.8530455098316,638.53318557853481,638.53365877227782,1,30,59,2196,3306
66,30,33,LinearSubgradientAuction,0.05,0.08,,True,,1000,3600,cats_arbitrary_g30b150,,default,2,False,CATS,150,arbitrary,MultiMinded,1000,MaxIter,1381.8400000000038,2454.29,3,2454.29,522.13300000000004,594.8140000000001,2554.6890939259006,500.12036659049176,598.3281798380242,1,30,21,2013,3033
67,30,31,LinearSubgradientAuction,0.05,0.08,,True,,1000,3600,cats_arbitrary_g30b150,,default,2,False,CATS,150,arbitrary,MultiMinded,1000,MaxIter,1282.4000000000015,2341.4958,9,2017.46,785.07600000000002,1463.0357000000001,2990.5767412564069,1326.9956555960837,1326.9956555960837,1,30,66,1891,2851
68,30,31,LinearSubgradientAuction,0.05,0.08,,True,,1000,3600,cats_arbitrary_g30b150,,default,2,False,CATS,150,arbitrary,MultiMinded,1000,MaxIter,1280.0599999999977,2082.3165,3,1694.51,536.65000000000009,410.2935,2167.2574289454278,324.65570752335123,365.78996561467824,1,30,24,1891,2851
69,30,32,LinearSubgradientAuction,0.05,0.08,,True,,1000,3600,cats_arbitrary_g30b150,,default,2,False,CATS,150,arbitrary,MultiMinded,1000,MaxIter,1324.0299999999988,2088.0744,2,1731.11,855.64499999999998,1309.9468000000002,2368.4168582619,0.0,78.751999405462527,1,30,29,1952,2942
70,30,33,LinearSubgradientAuction,0.05,0.08,,True,,1000,3600,cats_arbitrary_g30b150,,default,2,False,CATS,150,arbitrary,MultiMinded,1000,MaxIter,1378.8599999999933,2258.578,6,1454.94,617.26599999999996,752.609,2660.2099520877964,663.80338368650098,667.74681359823308,1,30,16,2013,3033
71,30,33,LinearSubgradientAuction,0.05,0.08,,True,,1000,3600,cats_arbitrary_g30b150,,default,2,False,CATS,150,arbitrary,MultiMinded,1000,MaxIter,1372.5699999999997,2247.3372,6,1920.4,499.70499999999998,779.506,2537.298882944267,707.14198103790022,720.78413584933924,1,30,21,2013,3033
72,30,39,LinearSubgradientAuction,0.05,0.08,,True,,1000,3600,cats_arbitrary_g30b150,,default,2,False,CATS,150,arbitrary,MultiMinded,1000,MaxIter,1620.070000000007,2410.0175,5,1662.34,705.94000000000005,1342.8713000000002,2549.6995897695742,917.74197339952445,952.97610040603342,1,30,17,2379,3579
73,30,34,LinearSubgradientAuction,0.05,0.08,,True,,1000,3600,cats_arbitrary_g30b150,,default,2,False,CATS,150,arbitrary,MultiMinded,1000,MaxIter,1399.4400000000023,2015.5892,5,1380.57,479.64299999999997,1285.4249999999997,2293.8252219551596,1184.0549357180037,1214.0220221699769,1,30,14,2074,3124
74,30,36,LinearSubgradientAuction,0.05,0.08,,True,,1000,3600,cats_arbitrary_g30b150,,default,2,False,CATS,150,arbitrary,MultiMinded,1000,MaxIter,1504.239999999998,2042.097,4,1285.64,413.78699999999998,932.1076,2254.8845328734014,330.63995683925407,351.12841613620515,1,30,19,2196,3306
75,30,28,LinearSubgradientAuction,0.05,0.08,,True,,1000,3600,cats_arbitrary_g30b150,,default,2,False,CATS,150,arbitrary,MultiMinded,1000,MaxIter,1158.2900000000009,1952.3077,5,1522.4,797.30549999999994,1523.696,2797.6145067422485,1443.1929362822348,1449.2489727089633,1,30,18,1708,2578
76,30,35,LinearSubgradientAuction,0.05,0.08,,True,,1000,3600,cats_arbitrary_g30b150,,default,2,False,CATS,150,arbitrary,MultiMinded,1000,MaxIter,1467.3699999999953,2241.3282000000004,3,1991.23,695.48000000000002,245.8308,2513.9349046283678,134.91444864463793,147.01728069878243,1,30,27,2135,3215
77,30,29,LinearSubgradientAuction,0.05,0.08,,True,,1000,3600,cats_arbitrary_g30b150,,default,2,False,CATS,150,arbitrary,MultiMinded,1000,MaxIter,1198.9100000000035,2086.98,11,1735.17,697.00749999999994,685.8782,2484.7123801446737,633.95770570163359,633.95770570163359,1,30,83,1769,2669
78,30,34,LinearSubgradientAuction,0.05,0.08,,True,,1000,3600,cats_arbitrary_g30b150,,default,2,False,CATS,150,arbitrary,MultiMinded,1000,MaxIter,1408.9199999999983,2141.5101999999997,5,1833.54,620.51150000000007,1338.8155,2448.1224975951122,1204.8764539846507,1224.1129080566934,1,30,13,2074,3124
79,30,32,LinearSubgradientAuction,0.05,0.08,,True,,1000,3600,cats_arbitrary_g30b150,,default,2,False,CATS,150,arbitrary,MultiMinded,1000,MaxIter,1320.9400000000023,2182.6516,7,1753.74,722.10699999999997,2048.8450000000003,2793.7477584206854,1860.9526843401711,1886.2073641686375,1,30,29,1952,2942
80,30,31,LinearSubgradientAuction,0.05,0.08,,True,,1000,3600,cats_arbitrary_g30b150,,default,2,False,CATS,150,arbitrary,MultiMinded,1000,MaxIter,1284.989999999998,2157.0797,5,1772.89,656.88249999999994,1293.917,2415.6617616830722,982.93455293666557,1010.450101483868,1,30,20,1891,2851
81,30,31,LinearSubgradientAuction,0.05,0.08,,True,,1000,3600,cats_arbitrary_g30b150,,default,2,False,CATS,150,arbitrary,MultiMinded,1000,MaxIter,1279.9400000000023,1755.3018000000002,11,1603.71,647.50199999999995,1079.9265400000002,2248.7757836154824,975.23843744583087,975.23843744583087,1,30,60,1891,2851
82,30,34,LinearSubgradientAuction,0.05,0.08,,True,,1000,3600,cats_arbitrary_g30b150,,default,2,False,CATS,150,arbitrary,MultiMinded,1000,MaxIter,1410.8299999999945,2385.8982,2,2112.36,790.75199999999995,1181.445,2614.1028912398747,178.0902842621233,349.21382703297581,1,30,26,2074,3124
83,30,32,LinearSubgradientAuction,0.05,0.08,,True,,1000,3600,cats_arbitrary_g30b150,,default,2,False,CATS,150,arbitrary,MultiMinded,1000,MaxIter,1314.4700000000012,2059.99,6,1826.87,768.11400000000003,1065.027,2570.5046358273416,1003.3805849627718,1004.8450118396303,1,30,31,1952,2942
84,30,33,LinearSubgradientAuction,0.05,0.08,,True,,1000,3600,cats_arbitrary_g30b150,,default,2,False,CATS,150,arbitrary,MultiMinded,1000,MaxIter,1405.25,1978.9186000000002,1,1758.88,838.20399999999995,1143.43,2437.6180707997414,0,2.0297213958262006,1,30,30,2013,3033
85,30,33,LinearSubgradientAuction,0.05,0.08,,True,,1000,3600,cats_arbitrary_g30b150,,default,2,False,CATS,150,arbitrary,MultiMinded,1000,MaxIter,1372.1900000000023,2216.0256,5,2078.55,626.62099999999998,728.2586,2496.0296276289982,252.87006564364503,267.826511065082,1,30,23,2013,3033
86,30,31,LinearSubgradientAuction,0.05,0.08,,True,,1000,3600,cats_arbitrary_g30b150,,default,2,False,CATS,150,arbitrary,MultiMinded,1000,MaxIter,1262.2099999999991,2283.532,3,1809.12,745.29950000000008,1202.6570000000002,2633.0564212107233,942.15076949695595,987.93930365103097,1,30,17,1891,2851
87,30,36,LinearSubgradientAuction,0.05,0.08,,True,,1000,3600,cats_arbitrary_g30b150,,default,2,False,CATS,150,arbitrary,MultiMinded,1000,MaxIter,1502.3300000000017,2522.6901999999995,1,2032.58,563.31899999999996,1069.92,2861.5814515527345,0,46.273778553867942,1,30,29,2196,3306
88,30,35,LinearSubgradientAuction,0.05,0.08,,True,,1000,3600,cats_arbitrary_g30b150,,default,2,False,CATS,150,arbitrary,MultiMinded,1000,MaxIter,1460.4700000000012,2265.08,6,1820.47,452.93900000000002,1201.6019999999999,2577.2040111526007,1127.0959033538613,1128.3285978150489,1,30,31,2135,3215
89,30,28,LinearSubgradientAuction,0.05,0.08,,True,,1000,3600,cats_arbitrary_g30b150,,default,2,False,CATS,150,arbitrary,MultiMinded,1000,MaxIter,1157.8600000000006,1895.8706000000002,2,1412.37,685.88149999999996,497.07460000000003,2198.1052934106174,57.752644186946391,63.341919420683517,1,30,29,1708,2578
90,30,33,LinearSubgradientAuction,0.05,0.08,,True,,1000,3600,cats_arbitrary_g30b150,,default,2,False,CATS,150,arbitrary,MultiMinded,1000,MaxIter,1387.7699999999968,2397.1789,3,2224.82,593.16800000000001,939.399,2618.0248079163357,870.17572178670548,898.10686548009016,1,30,17,2013,3033
91,30,32,LinearSubgradientAuction,0.05,0.08,,True,,1000,3600,cats_arbitrary_g30b150,,default,2,False,CATS,150,arbitrary,MultiMinded,1000,MaxIter,1313.9400000000023,2290.7259999999997,2,1825.1,529.46000000000004,1042.24,2577.6322182866475,1012.4166157367627,1033.3908130661225,1,30,19,1952,2942
92,30,31,LinearSubgradientAuction,0.05,0.08,,True,,1000,3600,cats_arbitrary_g30b150,,default,2,False,CATS,150,arbitrary,MultiMinded,1000,MaxIter,1281.2300000000032,1880.9630000000002,10,1586.58,901.44949999999994,1006.862,2219.727940667437,881.39653816680425,887.80188266119001,1,30,50,1891,2851
93,30,34,LinearSubgradientAuction,0.05,0.08,,True,,1000,3600,cats_arbitrary_g30b150,,default,2,False,CATS,150,arbitrary,MultiMinded,1000,MaxIter,1408.550000000003,1815.7306,5,1434.89,540.21100000000001,1276.0149999999999,2013.8700211954954,1196.6967831793545,1201.0542514629317,1,30,12,2074,3124
94,30,36,LinearSubgradientAuction,0.05,0.08,,True,,1000,3600,cats_arbitrary_g30b150,,default,2,False,CATS,150,arbitrary,MultiMinded,1000,MaxIter,1504.550000000003,2435.1574,5,2127.58,687.69500000000005,969.6082,2738.8700888029134,821.84956141288114,845.25807681621575,1,30,19,2196,3306
95,30,32,LinearSubgradientAuction,0.05,0.08,,True,,1000,3600,cats_arbitrary_g30b150,,default,2,False,CATS,150,arbitrary,MultiMinded,1000,MaxIter,1314.2099999999991,2424.051,7,1933.55,792.75099999999998,1651.9525,2716.8560818575943,1512.8661073883134,1514.8726367607476,1,30,25,1952,2942
96,30,31,LinearSubgradientAuction,0.05,0.08,,True,,1000,3600,cats_arbitrary_g30b150,,default,2,False,CATS,150,arbitrary,MultiMinded,1000,MaxIter,1295.1300000000047,1954.1625,8,1781.86,780.25699999999995,749.2059999999999,2400.143925992702,714.23970220868489,714.38427845979436,1,30,41,1891,2851
97,30,30,LinearSubgradientAuction,0.05,0.08,,True,,1000,3600,cats_arbitrary_g30b150,,default,2,False,CATS,150,arbitrary,MultiMinded,1000,MaxIter,1228.060000000005,1794.66,3,1264.09,681.495,294.708,2165.2746983333527,264.77007174164976,271.33692002869981,1,30,20,1830,2760
98,30,32,LinearSubgradientAuction,0.05,0.08,,True,,1000,3600,cats_arbitrary_g30b150,,default,2,False,CATS,150,arbitrary,MultiMinded,1000,MaxIter,1306.5799999999945,2145.0272,1,2092.47,967.64100000000008,734.082,2673.5936608968241,0,4.5094109459899983,1,30,30,1952,2942
99,30,29,LinearSubgradientAuction,0.05,0.08,,True,,1000,3600,cats_arbitrary_g30b150,,default,2,False,CATS,150,arbitrary,MultiMinded,1000,MaxIter,1200.5400000000009,2260.297,8,2093.42,648.17449999999997,899.9359999999999,2758.6292329656053,857.62002170583696,860.92283199155759,1,30,51,1769,2669
100,30,37,LinearSubgradientAuction,0.05,0.08,,True,,1000,3600,cats_arbitrary_g30b150,,default,2,False,CATS,150,arbitrary,MultiMinded,1000,MaxIter,1561.1699999999983,2260.7916,11,1588.66,496.72000000000003,898.2698,2475.7505867581499,802.8470296067735,802.8470296067735,1,30,56,2257,3397
