idx,items,agents,auction_class,epsilon,stepc,epoch,scalebyvalue,reserve_type,maxiter,maxtime,generator_param_name,personalized,bidding_strategy,heuristic_pool_num,int_prices,generator,bids,distribution,type,rounds,status,runtime,efficient_value,final_num_winners,final_max_agent_value,final_scalevalue,final_value,final_total_price,final_revenue,final_indirect_util,final_price_degree,final_price_sparsity,final_imbalance,final_wd_nvars,final_wd_ncons
1,30,34,LinearHeuristicAuction,0.05,0.02,,True,,1000,3600,cats_arbitrary_g30b150,,heuristic,2,False,CATS,150,arbitrary,MultiMinded,1000,MaxIter,123.60000000000582,1985.8648,1,1958.65,585.33899999999994,1958.65,2268.6258902336581,0,20.873281743956596,1,30,104,122,64
2,30,35,LinearHeuristicAuction,0.05,0.02,,True,,1000,3600,cats_arbitrary_g30b150,,heuristic,2,False,CATS,150,arbitrary,MultiMinded,829,Balance,97.38999999998487,2197.79,1,2197.79,440.00599999999997,2197.79,2219.0215367015271,2197.021236701527,2209.8209086822567,1,30,132,101,65
3,30,33,LinearHeuristicAuction,0.05,0.02,,True,,1000,3600,cats_arbitrary_g30b150,,heuristic,2,False,CATS,150,arbitrary,MultiMinded,1000,MaxIter,111.93000000002212,2537.724,1,1980.67,603.23800000000006,1980.67,2958.8816079346661,0,3.9413528491244278,1,30,70,103,63
4,30,33,LinearHeuristicAuction,0.05,0.02,,True,,1000,3600,cats_arbitrary_g30b150,,heuristic,2,False,CATS,150,arbitrary,MultiMinded,1000,MaxIter,114.73000000001048,2018.328,1,1780.26,501.12400000000002,1749.98,2273.8361579535103,0,6.301802469355863,1,30,68,105,63
5,30,32,LinearHeuristicAuction,0.05,0.02,,True,,1000,3600,cats_arbitrary_g30b150,,heuristic,2,False,CATS,150,arbitrary,MultiMinded,1000,MaxIter,121.20000000001164,1876.8708299999998,1,1770.89,624.08600000000001,1478.79,2312.407211126043,0,5.9662222350744969,1,30,38,104,62
6,30,33,LinearHeuristicAuction,0.05,0.02,,True,,1000,3600,cats_arbitrary_g30b150,,heuristic,2,False,CATS,150,arbitrary,MultiMinded,1000,MaxIter,120.11000000001513,2052.619,1,1672.04,727.22400000000005,1511.41,2683.3084659923584,0,4.2333859394054159,1,30,31,107,63
7,30,30,LinearHeuristicAuction,0.05,0.02,,True,,1000,3600,cats_arbitrary_g30b150,,heuristic,2,False,CATS,150,arbitrary,MultiMinded,1000,MaxIter,128.38999999998487,2256.612,1,2088.18,661.12950000000001,2088.18,2693.8700892672323,0,3.0320167159044331,1,30,54,112,60
8,30,35,LinearHeuristicAuction,0.05,0.02,,True,,1000,3600,cats_arbitrary_g30b150,,heuristic,2,False,CATS,150,arbitrary,MultiMinded,1000,MaxIter,155.3399999999965,1886.9858,8,1721.43,762.18450000000007,1814.8443000000002,2114.2644576074363,186.78193658138468,189.50684508232698,1,30,47,107,65
9,30,32,LinearHeuristicAuction,0.05,0.02,,True,,1000,3600,cats_arbitrary_g30b150,,heuristic,2,False,CATS,150,arbitrary,MultiMinded,392,Balance,64.24000000001979,1903.7699,6,1559.25,844.62750000000005,1903.7699,2007.7353246405667,1754.3470746405662,1761.0011859359547,1,30,68,98,62
10,30,36,LinearHeuristicAuction,0.05,0.02,,True,,1000,3600,cats_arbitrary_g30b150,,heuristic,2,False,CATS,150,arbitrary,MultiMinded,1000,MaxIter,128.42999999999302,2500.0740000000005,1,2217.68,621.28700000000003,2217.68,2930.0486809641588,0,14.476809542999092,1,30,66,109,66
11,30,30,LinearHeuristicAuction,0.05,0.02,,True,,1000,3600,cats_arbitrary_g30b150,,heuristic,2,False,CATS,150,arbitrary,MultiMinded,1000,MaxIter,148.27999999999884,1868.241,5,1447.57,637.68550000000005,1810.4579999999999,1933.7201372735549,1229.7922621630637,1233.1178687040212,1,30,42,90,60
12,30,32,LinearHeuristicAuction,0.05,0.02,,True,,1000,3600,cats_arbitrary_g30b150,,heuristic,2,False,CATS,150,arbitrary,MultiMinded,1000,MaxIter,117.10999999998603,1629.6809799999999,1,1454.03,563.44500000000005,1454.03,2078.2500691542605,0,12.028772915694105,1,30,66,106,62
13,30,33,LinearHeuristicAuction,0.05,0.02,,True,,1000,3600,cats_arbitrary_g30b150,,heuristic,2,False,CATS,150,arbitrary,MultiMinded,1000,MaxIter,125.36999999999534,1977.1191,1,1667.86,707.56150000000002,1667.86,2270.0593096424309,0,10.731479861855917,1,30,38,105,63
14,30,33,LinearHeuristicAuction,0.05,0.02,,True,,1000,3600,cats_arbitrary_g30b150,,heuristic,2,False,CATS,150,arbitrary,MultiMinded,1000,MaxIter,115.97000000000116,2717.117,1,1791.51,726.46749999999997,1791.51,3047.763842726516,0,48.638331021113913,1,30,82,106,63
15,30,30,LinearHeuristicAuction,0.05,0.02,,True,,1000,3600,cats_arbitrary_g30b150,,heuristic,2,False,CATS,150,arbitrary,MultiMinded,1000,MaxIter,124.21000000002095,2171.381,2,1868.55,921.70799999999997,1812.672,2472.7651575494369,0,0.0,1,30,81,90,60
16,30,34,LinearHeuristicAuction,0.05,0.02,,True,,1000,3600,cats_arbitrary_g30b150,,heuristic,2,False,CATS,150,arbitrary,MultiMinded,1000,MaxIter,115.91000000000349,2091.4660000000003,1,1581.43,466.154,1581.43,2413.652603234631,0,4.4445934628313353,1,30,56,121,64
17,30,32,LinearHeuristicAuction,0.05,0.02,,True,,1000,3600,cats_arbitrary_g30b150,,heuristic,2,False,CATS,150,arbitrary,MultiMinded,1000,MaxIter,149.8399999999965,1828.406,1,1506.32,727.10699999999997,1235.04,2061.4287518721262,0,7.5236565621137856,1,30,41,114,62
18,30,33,LinearHeuristicAuction,0.05,0.02,,True,,1000,3600,cats_arbitrary_g30b150,,heuristic,2,False,CATS,150,arbitrary,MultiMinded,1000,MaxIter,138.61000000001513,2345.2870000000003,1,2117.29,776.08299999999997,1995.23,2672.3102503260047,0,0.0,1,30,30,107,63
19,30,34,LinearHeuristicAuction,0.05,0.02,,True,,1000,3600,cats_arbitrary_g30b150,,heuristic,2,False,CATS,150,arbitrary,MultiMinded,1000,MaxIter,112.6700000000128,2287.142,1,1551.3,564.779,997.279,2726.460031695729,0,8.5404965485817357,1,30,54,102,64
20,30,34,LinearHeuristicAuction,0.05,0.02,,True,,1000,3600,cats_arbitrary_g30b150,,heuristic,2,False,CATS,150,arbitrary,MultiMinded,47,Balance,5.459999999991851,1940.03319,8,1543.36,583.99600000000009,1940.03319,2015.0475133070272,1790.9006323034637,1837.1966964087778,1,30,42,93,64
21,30,32,LinearHeuristicAuction,0.05,0.02,,True,,1000,3600,cats_arbitrary_g30b150,,heuristic,2,False,CATS,150,arbitrary,MultiMinded,1000,MaxIter,130.18999999997322,1599.0811999999999,1,1355.45,695.58449999999993,1031.01,2033.4027034532355,0,8.2285436117990969,1,30,53,97,62
22,30,33,LinearHeuristicAuction,0.05,0.02,,True,,1000,3600,cats_arbitrary_g30b150,,heuristic,2,False,CATS,150,arbitrary,MultiMinded,1000,MaxIter,121.39000000001397,2282.8423000000003,1,1879.28,739.774,1758.09,2525.5829930149398,0,3.9589320271532245,1,30,36,95,63
23,30,33,LinearHeuristicAuction,0.05,0.02,,True,,1000,3600,cats_arbitrary_g30b150,,heuristic,2,False,CATS,150,arbitrary,MultiMinded,1000,MaxIter,128.82000000000698,2403.9993,1,2044.82,717.20399999999995,1593.72,2896.4326776705766,0,7.875734380923106,1,30,45,107,63
24,30,30,LinearHeuristicAuction,0.05,0.02,,True,,1000,3600,cats_arbitrary_g30b150,,heuristic,2,False,CATS,150,arbitrary,MultiMinded,1000,MaxIter,103.98999999999069,2126.121,1,1969.43,482.00350000000003,1969.43,2565.5623757174185,0,5.4642485437398136,1,30,43,101,60
25,30,29,LinearHeuristicAuction,0.05,0.02,,True,,1000,3600,cats_arbitrary_g30b150,,heuristic,2,False,CATS,150,arbitrary,MultiMinded,1000,MaxIter,133.30999999999767,1852.1607,3,1764.81,936.35900000000004,1804.5976999999998,2250.346156455651,1419.0819369685262,1419.0819369685262,1,30,55,100,59
26,30,39,LinearHeuristicAuction,0.05,0.02,,True,,1000,3600,cats_arbitrary_g30b150,,heuristic,2,False,CATS,150,arbitrary,MultiMinded,1000,MaxIter,121.65000000002328,2465.4804,1,1489.25,632.89699999999993,1489.25,2665.9901380871124,0,5.8231437082571063,1,30,60,108,69
27,30,29,LinearHeuristicAuction,0.05,0.02,,True,,1000,3600,cats_arbitrary_g30b150,,heuristic,2,False,CATS,150,arbitrary,MultiMinded,1000,MaxIter,130.36999999999534,2275.4269999999997,4,1932.93,759.11900000000003,1954.3709,2402.0192804263888,551.22320295307713,583.66189647776343,1,30,36,94,59
28,30,31,LinearHeuristicAuction,0.05,0.02,,True,,1000,3600,cats_arbitrary_g30b150,,heuristic,2,False,CATS,150,arbitrary,MultiMinded,61,Balance,6.580000000016298,2301.5724,8,1458.94,613.274,2042.3264,2017.7665166695774,1772.4569166695774,1826.6452631417612,1,30,17,82,61
29,30,29,LinearHeuristicAuction,0.05,0.02,,True,,1000,3600,cats_arbitrary_g30b150,,heuristic,2,False,CATS,150,arbitrary,MultiMinded,32,Balance,3.3800000000046566,2007.782,6,1669.06,662.85299999999995,1986.7489999999998,2011.9613686065754,1813.1054686065754,1876.3057370556301,1,30,23,78,59
30,30,35,LinearHeuristicAuction,0.05,0.02,,True,,1000,3600,cats_arbitrary_g30b150,,heuristic,2,False,CATS,150,arbitrary,MultiMinded,1000,MaxIter,122.0,2161.8298999999997,1,1539.73,524.54999999999995,1390.8,2470.5137789893356,0,8.2188151663797271,1,30,63,105,65
31,30,32,LinearHeuristicAuction,0.05,0.02,,True,,1000,3600,cats_arbitrary_g30b150,,heuristic,2,False,CATS,150,arbitrary,MultiMinded,1000,MaxIter,216.95000000001164,2453.359,5,1724.13,512.56299999999999,2006.112,2338.1018245670907,0,25.791285182544598,1,30,59,99,62
32,30,34,LinearHeuristicAuction,0.05,0.02,,True,,1000,3600,cats_arbitrary_g30b150,,heuristic,2,False,CATS,150,arbitrary,MultiMinded,1000,MaxIter,119.62999999997555,1818.8858,1,1643.98,574.70600000000002,1643.98,2304.4183238900091,0,13.433285914913853,1,30,107,115,64
33,30,33,LinearHeuristicAuction,0.05,0.02,,True,,1000,3600,cats_arbitrary_g30b150,,heuristic,2,False,CATS,150,arbitrary,MultiMinded,1000,MaxIter,130.45999999999185,1944.8153000000002,1,1618.49,617.12249999999995,1618.49,2231.192893046813,0,1.845602449917763,1,30,80,110,63
34,30,31,LinearHeuristicAuction,0.05,0.02,,True,,1000,3600,cats_arbitrary_g30b150,,heuristic,2,False,CATS,150,arbitrary,MultiMinded,1000,MaxIter,112.22999999998137,2467.5019,1,2102.79,578.16200000000003,1737.43,2882.4395298176955,0,4.6304721023782918,1,30,62,96,61
35,30,32,LinearHeuristicAuction,0.05,0.02,,True,,1000,3600,cats_arbitrary_g30b150,,heuristic,2,False,CATS,150,arbitrary,MultiMinded,1000,MaxIter,185.0800000000163,2108.201,2,1910.3,506.57900000000001,1856.265,2025.1755916660404,1319.8107692874137,1321.5805321389257,1,30,28,98,62
36,30,35,LinearHeuristicAuction,0.05,0.02,,True,,1000,3600,cats_arbitrary_g30b150,,heuristic,2,False,CATS,150,arbitrary,MultiMinded,1000,MaxIter,139.0799999999872,1942.8097999999998,1,1649.39,704.06799999999998,1560.07,2198.7357873151386,0,0.0,1,30,114,115,65
37,30,33,LinearHeuristicAuction,0.05,0.02,,True,,1000,3600,cats_arbitrary_g30b150,,heuristic,2,False,CATS,150,arbitrary,MultiMinded,1000,MaxIter,128.27999999999884,1975.334,1,1881.03,532.89949999999999,1778.09,2358.8138758241021,0,0.52626605848816155,1,30,89,107,63
38,30,32,LinearHeuristicAuction,0.05,0.02,,True,,1000,3600,cats_arbitrary_g30b150,,heuristic,2,False,CATS,150,arbitrary,MultiMinded,1000,MaxIter,126.58999999999651,2501.4829999999997,2,2312.06,839.32600000000002,1392.8555,2735.3299258516827,0,11.204824181180498,1,30,38,99,62
39,30,34,LinearHeuristicAuction,0.05,0.02,,True,,1000,3600,cats_arbitrary_g30b150,,heuristic,2,False,CATS,150,arbitrary,MultiMinded,1000,MaxIter,110.79999999998836,2311.536,1,2186.45,533.95749999999998,1960.78,2701.5114759427483,0,7.1218132127742138,1,30,33,97,64
40,30,31,LinearHeuristicAuction,0.05,0.02,,True,,1000,3600,cats_arbitrary_g30b150,,heuristic,2,False,CATS,150,arbitrary,MultiMinded,1000,MaxIter,119.95999999999185,1922.01,1,1548.35,753.33299999999997,1548.35,2291.3455857343015,0,74.030734031944334,1,30,66,101,61
41,30,32,LinearHeuristicAuction,0.05,0.02,,True,,1000,3600,cats_arbitrary_g30b150,,heuristic,2,False,CATS,150,arbitrary,MultiMinded,1000,MaxIter,126.57000000000698,1899.3063,1,1626.29,567.45299999999997,1465.7,2284.5675584096539,0,0.9484054729522029,1,30,96,107,62
42,30,35,LinearHeuristicAuction,0.05,0.02,,True,,1000,3600,cats_arbitrary_g30b150,,heuristic,2,False,CATS,150,arbitrary,MultiMinded,1000,MaxIter,127.65000000002328,2374.3837000000003,1,1682.91,707.67899999999997,1567.05,2892.1206772639698,0,1.9862832492784719,1,30,80,112,65
43,30,36,LinearHeuristicAuction,0.05,0.02,,True,,1000,3600,cats_arbitrary_g30b150,,heuristic,2,False,CATS,150,arbitrary,MultiMinded,1000,MaxIter,116.42999999999302,2385.76,1,2385.76,501.80000000000001,2385.76,2545.385714229767,0,12.105541603348655,1,30,84,105,66
44,30,35,LinearHeuristicAuction,0.05,0.02,,True,,1000,3600,cats_arbitrary_g30b150,,heuristic,2,False,CATS,150,arbitrary,MultiMinded,1000,MaxIter,202.38000000000466,2079.9506999999994,8,1845.76,468.2165,1931.5887,2080.2511539938268,1092.3887282043606,1100.0949929937258,1,30,23,104,65
45,30,30,LinearHeuristicAuction,0.05,0.02,,True,,1000,3600,cats_arbitrary_g30b150,,heuristic,2,False,CATS,150,arbitrary,MultiMinded,1000,MaxIter,187.1600000000035,1973.4939,6,1684.69,518.44550000000004,1665.2264,2083.8819074467856,625.61847988727732,635.70030906703596,1,30,31,88,60
46,30,33,LinearHeuristicAuction,0.05,0.02,,True,,1000,3600,cats_arbitrary_g30b150,,heuristic,2,False,CATS,150,arbitrary,MultiMinded,1000,MaxIter,125.05000000001746,2174.927,1,1703.31,577.08699999999999,1703.31,2561.0453963702503,0,2.3897112966684233,1,30,68,105,63
47,30,36,LinearHeuristicAuction,0.05,0.02,,True,,1000,3600,cats_arbitrary_g30b150,,heuristic,2,False,CATS,150,arbitrary,MultiMinded,1000,MaxIter,127.39999999999418,2134.903,1,1579.3,488.0025,1177.33,2522.8001978478214,0,1.6806384053818419,1,30,59,108,66
48,30,36,LinearHeuristicAuction,0.05,0.02,,True,,1000,3600,cats_arbitrary_g30b150,,heuristic,2,False,CATS,150,arbitrary,MultiMinded,1000,MaxIter,134.71000000002095,2120.0323,1,1723.29,500.82099999999997,1723.29,2404.1372536290951,0,5.8642509263102625,1,30,38,116,66
49,30,32,LinearHeuristicAuction,0.05,0.02,,True,,1000,3600,cats_arbitrary_g30b150,,heuristic,2,False,CATS,150,arbitrary,MultiMinded,1000,MaxIter,115.88000000000466,1825.5846,1,1448.16,458.54599999999999,1356.32,2129.9359786800328,0,0.099276300481449198,1,30,111,110,62
50,30,32,LinearHeuristicAuction,0.05,0.02,,True,,1000,3600,cats_arbitrary_g30b150,,heuristic,2,False,CATS,150,arbitrary,MultiMinded,1000,MaxIter,130.56000000002678,2387.589,3,2137.71,881.64700000000005,2372.596,2542.941093698214,2187.0591816011552,2187.0591816011552,1,30,69,102,62
51,30,31,LinearHeuristicAuction,0.05,0.02,,True,,1000,3600,cats_arbitrary_g30b150,,heuristic,2,False,CATS,150,arbitrary,MultiMinded,1000,MaxIter,115.30999999999767,2404.514,1,2207.65,681.84050000000002,2207.65,2920.5452710324689,0,83.510376251039574,1,30,49,95,61
52,30,34,LinearHeuristicAuction,0.05,0.02,,True,,1000,3600,cats_arbitrary_g30b150,,heuristic,2,False,CATS,150,arbitrary,MultiMinded,1000,MaxIter,201.7600000000093,2070.7699000000002,1,1761.92,837.09500000000003,1761.92,2360.2188019259806,0,6.4074289184523536,1,30,33,114,64
53,30,34,LinearHeuristicAuction,0.05,0.02,,True,,1000,3600,cats_arbitrary_g30b150,,heuristic,2,False,CATS,150,arbitrary,MultiMinded,1000,MaxIter,134.3299999999872,1944.8844,1,1588.82,654.95799999999997,1511.46,2005.0238386054716,0,5.3152294941099001,1,30,70,105,64
54,30,30,LinearHeuristicAuction,0.05,0.02,,True,,1000,3600,cats_arbitrary_g30b150,,heuristic,2,False,CATS,150,arbitrary,MultiMinded,1000,MaxIter,114.6699999999837,2678.4509,1,2281.57,746.976,1581.27,3028.6201976076159,0,94.09513387230848,1,30,32,93,60
55,30,31,LinearHeuristicAuction,0.05,0.02,,True,,1000,3600,cats_arbitrary_g30b150,,heuristic,2,False,CATS,150,arbitrary,MultiMinded,1000,MaxIter,140.69000000000233,2211.653,1,1943.48,726.06700000000001,1943.48,2468.473856830658,0,4.8474818918862752,1,30,54,112,61
56,30,29,LinearHeuristicAuction,0.05,0.02,,True,,1000,3600,cats_arbitrary_g30b150,,heuristic,2,False,CATS,150,arbitrary,MultiMinded,1000,MaxIter,120.93000000002212,2093.229,1,1877.5,714.9369999999999,1679.61,2197.993081698648,0,14.771066572618309,1,30,44,100,59
57,30,31,LinearHeuristicAuction,0.05,0.02,,True,,1000,3600,cats_arbitrary_g30b150,,heuristic,2,False,CATS,150,arbitrary,MultiMinded,1000,MaxIter,120.04999999998836,2015.9576000000002,1,1667.14,591.51199999999994,1667.14,2403.0258212965582,0,1.8422173763728438,1,30,86,111,61
58,30,33,LinearHeuristicAuction,0.05,0.02,,True,,1000,3600,cats_arbitrary_g30b150,,heuristic,2,False,CATS,150,arbitrary,MultiMinded,1000,MaxIter,122.80999999999767,2213.6252,1,1937.47,893.10799999999995,1177.19,2661.1951418747544,0,12.533581616838767,1,30,31,104,63
59,30,31,LinearHeuristicAuction,0.05,0.02,,True,,1000,3600,cats_arbitrary_g30b150,,heuristic,2,False,CATS,150,arbitrary,MultiMinded,1000,MaxIter,124.95000000001164,2195.5229,1,1710.57,782.62599999999998,1710.57,2788.0957364244591,0,3.7290248473545944,1,30,39,100,61
60,30,36,LinearHeuristicAuction,0.05,0.02,,True,,1000,3600,cats_arbitrary_g30b150,,heuristic,2,False,CATS,150,arbitrary,MultiMinded,1000,MaxIter,146.4100000000035,1802.554,1,1574.08,671.95349999999996,1574.08,2137.8994777393095,0,6.306644125912868,1,30,52,114,66
61,30,33,LinearHeuristicAuction,0.05,0.02,,True,,1000,3600,cats_arbitrary_g30b150,,heuristic,2,False,CATS,150,arbitrary,MultiMinded,1000,MaxIter,127.17999999999302,1724.4375,1,1339.03,584.49199999999996,1339.03,2031.3677926031073,0,1.0974612461018864,1,30,79,111,63
62,30,36,LinearHeuristicAuction,0.05,0.02,,True,,1000,3600,cats_arbitrary_g30b150,,heuristic,2,False,CATS,150,arbitrary,MultiMinded,1000,MaxIter,135.02999999999884,2437.0683000000004,1,1933.61,814.90999999999997,1933.61,2532.2441588994579,0,11.645409613936621,1,30,54,107,66
63,30,34,LinearHeuristicAuction,0.05,0.02,,True,,1000,3600,cats_arbitrary_g30b150,,heuristic,2,False,CATS,150,arbitrary,MultiMinded,1000,MaxIter,110.66000000000349,2003.24,1,2003.24,494.63999999999999,1854.74,2462.1291969188833,0,5.6652353879770203,1,30,35,109,64
64,30,34,LinearHeuristicAuction,0.05,0.02,,True,,1000,3600,cats_arbitrary_g30b150,,heuristic,2,False,CATS,150,arbitrary,MultiMinded,1000,MaxIter,118.66000000000349,2039.0195999999999,1,1809.03,585.17600000000004,1809.03,2406.005117128826,0,4.837045550107824,1,30,65,110,64
65,30,36,LinearHeuristicAuction,0.05,0.02,,True,,1000,3600,cats_arbitrary_g30b150,,heuristic,2,False,CATS,150,arbitrary,MultiMinded,1000,MaxIter,129.38000000000466,1894.2412000000002,1,1377.42,663.9670000000001,1377.42,2154.1731389454239,0,3.9375848604138071,1,30,36,114,66
66,30,33,LinearHeuristicAuction,0.05,0.02,,True,,1000,3600,cats_arbitrary_g30b150,,heuristic,2,False,CATS,150,arbitrary,MultiMinded,1000,MaxIter,116.07000000000698,2454.29,1,2454.29,522.13300000000004,1368.0,2571.1256830093785,0,142.30024457465933,1,30,77,102,63
67,30,31,LinearHeuristicAuction,0.05,0.02,,True,,1000,3600,cats_arbitrary_g30b150,,heuristic,2,False,CATS,150,arbitrary,MultiMinded,1000,MaxIter,153.97000000000116,2341.4958,6,2017.46,785.07600000000002,2099.9987,2495.5259537920065,1263.7072638163222,1264.0008060943076,1,30,44,97,61
68,30,31,LinearHeuristicAuction,0.05,0.02,,True,,1000,3600,cats_arbitrary_g30b150,,heuristic,2,False,CATS,150,arbitrary,MultiMinded,1000,MaxIter,121.8299999999872,2082.3165,1,1694.51,536.65000000000009,1644.51,2256.2688498746502,0,3.3082524916325653,1,30,59,107,61
69,30,32,LinearHeuristicAuction,0.05,0.02,,True,,1000,3600,cats_arbitrary_g30b150,,heuristic,2,False,CATS,150,arbitrary,MultiMinded,1000,MaxIter,119.72000000000116,2088.0744,1,1731.11,855.64499999999998,1731.11,2439.808407123659,0,14.924323006386764,1,30,44,103,62
70,30,33,LinearHeuristicAuction,0.05,0.02,,True,,1000,3600,cats_arbitrary_g30b150,,heuristic,2,False,CATS,150,arbitrary,MultiMinded,1000,MaxIter,112.67999999999302,2258.578,1,1454.94,617.26599999999996,1443.65,2712.8256478567596,0,4.6247374224560645,1,30,57,99,63
71,30,33,LinearHeuristicAuction,0.05,0.02,,True,,1000,3600,cats_arbitrary_g30b150,,heuristic,2,False,CATS,150,arbitrary,MultiMinded,1000,MaxIter,113.1700000000128,2247.3372,1,1920.4,499.70499999999998,1920.4,2619.0244068681409,0,2.0699542544052747,1,30,30,98,63
72,30,39,LinearHeuristicAuction,0.05,0.02,,True,,1000,3600,cats_arbitrary_g30b150,,heuristic,2,False,CATS,150,arbitrary,MultiMinded,1000,MaxIter,140.53999999997905,2410.0175,8,1662.34,705.94000000000005,2368.7129,2543.1359877982841,1952.5433994764235,1964.3983187908775,1,30,46,118,69
73,30,34,LinearHeuristicAuction,0.05,0.02,,True,,1000,3600,cats_arbitrary_g30b150,,heuristic,2,False,CATS,150,arbitrary,MultiMinded,1000,MaxIter,114.83999999999651,2015.5892,1,1380.57,479.64299999999997,1380.57,2334.6729286984701,0,134.73270229818971,1,30,65,107,64
74,30,36,LinearHeuristicAuction,0.05,0.02,,True,,1000,3600,cats_arbitrary_g30b150,,heuristic,2,False,CATS,150,arbitrary,MultiMinded,1000,MaxIter,114.79000000000815,2042.097,1,1285.64,413.78699999999998,1236.2,2306.387442895712,0,8.9119365983025673,1,30,54,114,66
75,30,28,LinearHeuristicAuction,0.05,0.02,,True,,1000,3600,cats_arbitrary_g30b150,,heuristic,2,False,CATS,150,arbitrary,MultiMinded,1000,MaxIter,114.01000000000931,1952.3077,4,1522.4,797.30549999999994,1545.2767,1919.8389108026286,28.263743292395262,28.263743292395262,1,30,85,80,58
76,30,35,LinearHeuristicAuction,0.05,0.02,,True,,1000,3600,cats_arbitrary_g30b150,,heuristic,2,False,CATS,150,arbitrary,MultiMinded,1000,MaxIter,126.16000000000349,2241.3282000000004,1,1991.23,695.48000000000002,1991.23,2571.9149094921509,0,8.9190069786344779,1,30,47,112,65
77,30,29,LinearHeuristicAuction,0.05,0.02,,True,,1000,3600,cats_arbitrary_g30b150,,heuristic,2,False,CATS,150,arbitrary,MultiMinded,1000,MaxIter,115.23000000001048,2086.98,1,1735.17,697.00749999999994,1735.17,2392.0257828221593,0,9.7302519347200018,1,30,40,103,59
78,30,34,LinearHeuristicAuction,0.05,0.02,,True,,1000,3600,cats_arbitrary_g30b150,,heuristic,2,False,CATS,150,arbitrary,MultiMinded,1000,MaxIter,133.2400000000198,2141.5101999999997,2,1833.54,620.51150000000007,1928.5385,2350.8697128273238,65.799592458720497,65.873488521517345,1,30,28,100,64
79,30,32,LinearHeuristicAuction,0.05,0.02,,True,,1000,3600,cats_arbitrary_g30b150,,heuristic,2,False,CATS,150,arbitrary,MultiMinded,1000,MaxIter,121.39999999999418,2182.6516,1,1753.74,722.10699999999997,1425.19,2821.9078981810121,0,11.189735048833427,1,30,32,95,62
80,30,31,LinearHeuristicAuction,0.05,0.02,,True,,1000,3600,cats_arbitrary_g30b150,,heuristic,2,False,CATS,150,arbitrary,MultiMinded,1000,MaxIter,116.42999999999302,2157.0797,1,1772.89,656.88249999999994,1772.89,2487.0476904030593,0,2.4474029677024873,1,30,100,103,61
81,30,31,LinearHeuristicAuction,0.05,0.02,,True,,1000,3600,cats_arbitrary_g30b150,,heuristic,2,False,CATS,150,arbitrary,MultiMinded,1000,MaxIter,125.02000000001863,1755.3018000000002,7,1603.71,647.50199999999995,1755.3018000000002,2007.7603192419385,1324.2074563913723,1338.2675635814319,1,30,43,99,61
82,30,34,LinearHeuristicAuction,0.05,0.02,,True,,1000,3600,cats_arbitrary_g30b150,,heuristic,2,False,CATS,150,arbitrary,MultiMinded,1000,MaxIter,129.17999999999302,2385.8982,1,2112.36,790.75199999999995,1540.41,2553.3748179573022,0,7.8546463174963321,1,30,40,102,64
83,30,32,LinearHeuristicAuction,0.05,0.02,,True,,1000,3600,cats_arbitrary_g30b150,,heuristic,2,False,CATS,150,arbitrary,MultiMinded,1000,MaxIter,117.45000000001164,2059.99,1,1826.87,768.11400000000003,1826.87,2524.5299325534074,0,6.5676093299192928,1,30,41,95,62
84,30,33,LinearHeuristicAuction,0.05,0.02,,True,,1000,3600,cats_arbitrary_g30b150,,heuristic,2,False,CATS,150,arbitrary,MultiMinded,1000,MaxIter,131.2400000000198,1978.9186000000002,2,1758.88,838.20399999999995,1829.453,2407.4366669966257,0,5.8420089217197813,1,30,52,106,63
85,30,33,LinearHeuristicAuction,0.05,0.02,,True,,1000,3600,cats_arbitrary_g30b150,,heuristic,2,False,CATS,150,arbitrary,MultiMinded,1000,MaxIter,122.4200000000128,2216.0256,1,2078.55,626.62099999999998,2078.55,2517.4958363009691,0,8.7500366309635638,1,30,31,102,63
86,30,31,LinearHeuristicAuction,0.05,0.02,,True,,1000,3600,cats_arbitrary_g30b150,,heuristic,2,False,CATS,150,arbitrary,MultiMinded,1000,MaxIter,126.00999999998021,2283.532,1,1809.12,745.29950000000008,1627.75,2704.0564645080494,0,0.0,1,30,149,104,61
87,30,36,LinearHeuristicAuction,0.05,0.02,,True,,1000,3600,cats_arbitrary_g30b150,,heuristic,2,False,CATS,150,arbitrary,MultiMinded,1000,MaxIter,112.25,2522.6901999999995,1,2032.58,563.31899999999996,1775.36,2943.3095960714486,0,8.1999393020866336,1,30,44,98,66
88,30,35,LinearHeuristicAuction,0.05,0.02,,True,,1000,3600,cats_arbitrary_g30b150,,heuristic,2,False,CATS,150,arbitrary,MultiMinded,1000,MaxIter,114.10999999998603,2265.08,1,1820.47,452.93900000000002,1764.64,2599.5228918122252,0,34.03929123634957,1,30,52,105,65
89,30,28,LinearHeuristicAuction,0.05,0.02,,True,,1000,3600,cats_arbitrary_g30b150,,heuristic,2,False,CATS,150,arbitrary,MultiMinded,1000,MaxIter,131.69000000000233,1895.8706000000002,1,1412.37,685.88149999999996,1403.63,1960.006646925161,0,13.02181920549306,1,30,36,100,58
90,30,33,LinearHeuristicAuction,0.05,0.02,,True,,1000,3600,cats_arbitrary_g30b150,,heuristic,2,False,CATS,150,arbitrary,MultiMinded,1000,MaxIter,131.70999999999185,2397.1789,1,2224.82,593.16800000000001,2224.82,2681.8081819217191,0,18.134941651157064,1,30,41,110,63
91,30,32,LinearHeuristicAuction,0.05,0.02,,True,,1000,3600,cats_arbitrary_g30b150,,heuristic,2,False,CATS,150,arbitrary,MultiMinded,1000,MaxIter,117.14999999999418,2290.7259999999997,1,1825.1,529.46000000000004,1825.1,2604.5185577986063,0,4.3311070261464693,1,30,52,99,62
92,30,31,LinearHeuristicAuction,0.05,0.02,,True,,1000,3600,cats_arbitrary_g30b150,,heuristic,2,False,CATS,150,arbitrary,MultiMinded,1000,MaxIter,128.19000000000233,1880.9630000000002,4,1586.58,901.44949999999994,1874.9289999999999,2206.9323311771209,110.13292267832463,127.48466636908577,1,30,58,107,61
93,30,34,LinearHeuristicAuction,0.05,0.02,,True,,1000,3600,cats_arbitrary_g30b150,,heuristic,2,False,CATS,150,arbitrary,MultiMinded,1000,MaxIter,135.0,1815.7306,1,1434.89,540.21100000000001,1434.89,2007.8556789183219,0,0.78955971356799637,1,30,29,109,64
94,30,36,LinearHeuristicAuction,0.05,0.02,,True,,1000,3600,cats_arbitrary_g30b150,,heuristic,2,False,CATS,150,arbitrary,MultiMinded,1000,MaxIter,119.73000000001048,2435.1574,1,2127.58,687.69500000000005,2105.03,2772.8762670419228,0,0.45464472055022043,1,30,125,104,66
95,30,32,LinearHeuristicAuction,0.05,0.02,,True,,1000,3600,cats_arbitrary_g30b150,,heuristic,2,False,CATS,150,arbitrary,MultiMinded,1000,MaxIter,138.01999999998952,2424.051,1,1933.55,792.75099999999998,1556.49,2722.6780297861051,0,19.123220345307033,1,30,30,115,62
96,30,31,LinearHeuristicAuction,0.05,0.02,,True,,1000,3600,cats_arbitrary_g30b150,,heuristic,2,False,CATS,150,arbitrary,MultiMinded,1000,MaxIter,135.02999999999884,1954.1625,1,1781.86,780.25699999999995,1554.48,2443.3079896902073,0,13.89386330024783,1,30,73,103,61
97,30,30,LinearHeuristicAuction,0.05,0.02,,True,,1000,3600,cats_arbitrary_g30b150,,heuristic,2,False,CATS,150,arbitrary,MultiMinded,1000,MaxIter,189.25,1794.66,5,1264.09,681.495,1672.233,1869.6365732551731,778.95623414133399,784.90401650788658,1,30,24,98,60
98,30,32,LinearHeuristicAuction,0.05,0.02,,True,,1000,3600,cats_arbitrary_g30b150,,heuristic,2,False,CATS,150,arbitrary,MultiMinded,1000,MaxIter,128.1700000000128,2145.0272,1,2092.47,967.64100000000008,2092.47,2790.7755748098589,0,2.8424893073174928,1,30,33,105,62
99,30,29,LinearHeuristicAuction,0.05,0.02,,True,,1000,3600,cats_arbitrary_g30b150,,heuristic,2,False,CATS,150,arbitrary,MultiMinded,1000,MaxIter,114.37999999997555,2260.297,1,2093.42,648.17449999999997,1976.5,2846.1897328187447,0,1.4380296752907498,1,30,65,100,59
100,30,37,LinearHeuristicAuction,0.05,0.02,,True,,1000,3600,cats_arbitrary_g30b150,,heuristic,2,False,CATS,150,arbitrary,MultiMinded,1000,MaxIter,121.69000000000233,2260.7916,1,1588.66,496.72000000000003,1571.91,2472.0659198247758,0,50.53510086073122,1,30,50,121,67
