idx,items,agents,auction_class,epsilon,stepc,epoch,scalebyvalue,reserve_type,maxiter,maxtime,generator_param_name,personalized,bidding_strategy,heuristic_pool_num,int_prices,generator,bids,distribution,type,rounds,status,runtime,efficient_value,final_num_winners,final_max_agent_value,final_scalevalue,final_value,final_total_price,final_revenue,final_indirect_util,final_price_degree,final_price_sparsity,final_imbalance,final_wd_nvars,final_wd_ncons
1,30,34,AdaptiveCuttingAuction,0.05,0.08,10,True,,1000,3600,cats_arbitrary_g30b150,True,heuristic,2,False,CATS,150,arbitrary,MultiMinded,400,Balance,328.7700000000186,1985.8648,8,1958.65,585.33899999999994,1944.9347000000002,2047.6023275784423,1813.4667275784425,1840.4354054713845,23,82,56,129,64
2,30,35,AdaptiveCuttingAuction,0.05,0.08,10,True,,1000,3600,cats_arbitrary_g30b150,True,heuristic,2,False,CATS,150,arbitrary,MultiMinded,47,Balance,12.349999999976717,2197.79,1,2197.79,440.00599999999997,2197.79,2215.6847095769153,2193.6844095769152,2206.652338829067,9,47,39,95,65
3,30,33,AdaptiveCuttingAuction,0.05,0.08,10,True,,1000,3600,cats_arbitrary_g30b150,True,heuristic,2,False,CATS,150,arbitrary,MultiMinded,1000,MaxIter,1081.429999999993,2537.724,5,1980.67,603.23800000000006,2219.951,2621.4640560658054,716.65645635792066,738.87837008082079,30,77,56,117,63
4,30,33,AdaptiveCuttingAuction,0.05,0.08,10,True,,1000,3600,cats_arbitrary_g30b150,True,heuristic,2,False,CATS,150,arbitrary,MultiMinded,671,Balance,704.1800000000221,2018.328,5,1780.26,501.12400000000002,2018.328,2068.9585335269121,1943.6775335269124,1947.9408238980498,30,89,30,116,63
5,30,32,AdaptiveCuttingAuction,0.05,0.08,10,True,,1000,3600,cats_arbitrary_g30b150,True,heuristic,2,False,CATS,150,arbitrary,MultiMinded,185,Balance,112.23000000001048,1876.8708299999998,4,1770.89,624.08600000000001,1864.266,1876.4286885271633,1751.6114885271631,1826.6644341888407,27,84,68,117,62
6,30,33,AdaptiveCuttingAuction,0.05,0.08,10,True,,1000,3600,cats_arbitrary_g30b150,True,heuristic,2,False,CATS,150,arbitrary,MultiMinded,282,Balance,186.6699999999837,2052.619,2,1672.04,727.22400000000005,2052.619,2107.2199234825189,2034.497523482519,2034.7058838561052,30,74,18,113,63
7,30,30,AdaptiveCuttingAuction,0.05,0.08,10,True,,1000,3600,cats_arbitrary_g30b150,True,heuristic,2,False,CATS,150,arbitrary,MultiMinded,77,Balance,29.170000000012806,2256.612,4,2088.18,661.12950000000001,2256.612,2268.2421555496994,2136.0162555496995,2202.9519316138767,12,57,53,107,60
8,30,35,AdaptiveCuttingAuction,0.05,0.08,10,True,,1000,3600,cats_arbitrary_g30b150,True,heuristic,2,False,CATS,150,arbitrary,MultiMinded,271,Balance,146.54000000000815,1886.9858,4,1721.43,762.18450000000007,1886.9858,1937.2433951222508,1784.8064951222511,1847.4169452482188,23,74,56,116,65
9,30,32,AdaptiveCuttingAuction,0.05,0.08,10,True,,1000,3600,cats_arbitrary_g30b150,True,heuristic,2,False,CATS,150,arbitrary,MultiMinded,206,Balance,88.0,1903.7699,6,1559.25,844.62750000000005,1903.7699,1944.2345874861649,1690.8463374861647,1719.2197521874587,9,51,45,105,62
10,30,36,AdaptiveCuttingAuction,0.05,0.08,10,True,,1000,3600,cats_arbitrary_g30b150,True,heuristic,2,False,CATS,150,arbitrary,MultiMinded,464,Balance,360.13000000000466,2500.0740000000005,7,2217.68,621.28700000000003,2500.0740000000005,2565.1936224143828,2347.7431724143826,2367.5547682648521,24,72,41,117,66
11,30,30,AdaptiveCuttingAuction,0.05,0.08,10,True,,1000,3600,cats_arbitrary_g30b150,True,heuristic,2,False,CATS,150,arbitrary,MultiMinded,427,Balance,176.46999999997206,1868.241,4,1447.57,637.68550000000005,1868.241,1948.356511356199,1820.819411356199,1824.6186912007831,12,61,24,99,60
12,30,32,AdaptiveCuttingAuction,0.05,0.08,10,True,,1000,3600,cats_arbitrary_g30b150,True,heuristic,2,False,CATS,150,arbitrary,MultiMinded,182,Balance,137.94000000000233,1629.6809799999999,6,1454.03,563.44500000000005,1604.09248,1653.0130333153172,1506.260518872193,1519.5922888784469,30,82,34,113,62
13,30,33,AdaptiveCuttingAuction,0.05,0.08,10,True,,1000,3600,cats_arbitrary_g30b150,True,heuristic,2,False,CATS,150,arbitrary,MultiMinded,143,Balance,91.53999999997905,1977.1191,4,1667.86,707.56150000000002,1912.6510999999998,1969.9826458745868,1828.4703458745864,1833.7317454771128,28,79,28,110,63
14,30,33,AdaptiveCuttingAuction,0.05,0.08,10,True,,1000,3600,cats_arbitrary_g30b150,True,heuristic,2,False,CATS,150,arbitrary,MultiMinded,128,Balance,45.860000000015134,2717.117,6,1791.51,726.46749999999997,2717.117,2649.3227634049026,2431.382513404903,2518.9046431154675,14,65,44,108,63
15,30,30,AdaptiveCuttingAuction,0.05,0.08,10,True,,1000,3600,cats_arbitrary_g30b150,True,heuristic,2,False,CATS,150,arbitrary,MultiMinded,383,Balance,186.38999999998487,2171.381,4,1868.55,921.70799999999997,2171.381,2262.3882169058879,2078.0466169058882,2089.0620398521828,23,65,28,103,60
16,30,34,AdaptiveCuttingAuction,0.05,0.08,10,True,,1000,3600,cats_arbitrary_g30b150,True,heuristic,2,False,CATS,150,arbitrary,MultiMinded,320,Balance,446.3500000000058,2091.4660000000003,8,1581.43,466.154,2069.808,2150.6909072449216,1964.2293072449213,1964.5422791403241,30,105,28,131,64
17,30,32,AdaptiveCuttingAuction,0.05,0.08,10,True,,1000,3600,cats_arbitrary_g30b150,True,heuristic,2,False,CATS,150,arbitrary,MultiMinded,185,Balance,81.0,1828.406,6,1506.32,727.10699999999997,1828.406,1904.9347924739259,1686.8026924739256,1703.9782159910785,5,48,22,110,62
18,30,33,AdaptiveCuttingAuction,0.05,0.08,10,True,,1000,3600,cats_arbitrary_g30b150,True,heuristic,2,False,CATS,150,arbitrary,MultiMinded,148,Balance,49.710000000020955,2345.2870000000003,3,2117.29,776.08299999999997,2345.2870000000003,2375.2979055691212,2258.8854555691214,2290.5614246983064,7,47,42,107,63
19,30,34,AdaptiveCuttingAuction,0.05,0.08,10,True,,1000,3600,cats_arbitrary_g30b150,True,heuristic,2,False,CATS,150,arbitrary,MultiMinded,211,Balance,148.8399999999965,2287.142,4,1551.3,564.779,2287.142,2293.0038026405846,2180.0480026405844,2222.9988229982414,21,64,23,108,64
20,30,34,AdaptiveCuttingAuction,0.05,0.08,10,True,,1000,3600,cats_arbitrary_g30b150,True,heuristic,2,False,CATS,150,arbitrary,MultiMinded,155,Balance,117.29999999998836,1940.03319,8,1543.36,583.99600000000009,1940.03319,1987.509248177153,1779.6059733703576,1810.6626879878061,13,67,36,114,64
21,30,32,AdaptiveCuttingAuction,0.05,0.08,10,True,,1000,3600,cats_arbitrary_g30b150,True,heuristic,2,False,CATS,150,arbitrary,MultiMinded,288,Balance,182.27000000001863,1599.0811999999999,4,1355.45,695.58449999999993,1566.164,1644.8919213695308,1505.7750213695308,1556.306731037598,13,64,71,115,62
22,30,33,AdaptiveCuttingAuction,0.05,0.08,10,True,,1000,3600,cats_arbitrary_g30b150,True,heuristic,2,False,CATS,150,arbitrary,MultiMinded,137,Balance,52.10000000000582,2282.8423000000003,8,1879.28,739.774,2282.8423000000003,2302.7126085582272,2006.8030085582268,2019.5368793915734,30,62,22,102,63
23,30,33,AdaptiveCuttingAuction,0.05,0.08,10,True,,1000,3600,cats_arbitrary_g30b150,True,heuristic,2,False,CATS,150,arbitrary,MultiMinded,260,Balance,220.09999999997672,2403.9993,3,2044.82,717.20399999999995,2389.5669999999996,2411.6489225828936,2304.0683225828934,2334.5592198145177,30,78,52,117,63
24,30,30,AdaptiveCuttingAuction,0.05,0.08,10,True,,1000,3600,cats_arbitrary_g30b150,True,heuristic,2,False,CATS,150,arbitrary,MultiMinded,176,Balance,119.76000000000931,2126.121,5,1969.43,482.00350000000003,2118.1549999999997,2146.6214281525258,2026.1205531525256,2070.6390131339326,30,71,61,111,60
25,30,29,AdaptiveCuttingAuction,0.05,0.08,10,True,,1000,3600,cats_arbitrary_g30b150,True,heuristic,2,False,CATS,150,arbitrary,MultiMinded,228,Balance,72.14999999999418,1852.1607,5,1764.81,936.35900000000004,1804.5594,1895.633379575067,1661.5436295750669,1711.684332810845,28,72,60,110,59
26,30,39,AdaptiveCuttingAuction,0.05,0.08,10,True,,1000,3600,cats_arbitrary_g30b150,True,heuristic,2,False,CATS,150,arbitrary,MultiMinded,118,Balance,95.72000000000116,2465.4804,6,1489.25,632.89699999999993,2243.9834,2310.0727078818391,2120.2036078818396,2134.6304330978114,30,66,20,107,69
27,30,29,AdaptiveCuttingAuction,0.05,0.08,10,True,,1000,3600,cats_arbitrary_g30b150,True,heuristic,2,False,CATS,150,arbitrary,MultiMinded,367,Balance,150.05000000001746,2275.4269999999997,4,1932.93,759.11900000000003,2065.811,2092.4705842502681,1940.646784250268,1981.442847534774,25,64,55,95,59
28,30,31,AdaptiveCuttingAuction,0.05,0.08,10,True,,1000,3600,cats_arbitrary_g30b150,True,heuristic,2,False,CATS,150,arbitrary,MultiMinded,60,Balance,11.10999999998603,2301.5724,7,1458.94,613.274,2006.6473,2000.9790476933974,1786.3331476933972,1841.7534099662359,6,42,20,87,61
29,30,29,AdaptiveCuttingAuction,0.05,0.08,10,True,,1000,3600,cats_arbitrary_g30b150,True,heuristic,2,False,CATS,150,arbitrary,MultiMinded,72,Balance,14.089999999996508,2007.782,6,1669.06,662.85299999999995,1965.2150000000001,2007.1656145514662,1808.3097145514664,1884.389563124035,5,36,38,85,59
30,30,35,AdaptiveCuttingAuction,0.05,0.08,10,True,,1000,3600,cats_arbitrary_g30b150,True,heuristic,2,False,CATS,150,arbitrary,MultiMinded,173,Balance,114.29999999998836,2161.8298999999997,6,1539.73,524.54999999999995,2161.8298999999997,2122.5034628863605,1965.1384628863607,2052.019103177618,30,74,23,104,65
31,30,32,AdaptiveCuttingAuction,0.05,0.08,10,True,,1000,3600,cats_arbitrary_g30b150,True,heuristic,2,False,CATS,150,arbitrary,MultiMinded,73,Balance,33.64999999999418,2453.359,5,1724.13,512.56299999999999,2247.985,2279.2860909820556,2151.1453409820556,2193.3360178493231,8,47,23,91,62
32,30,34,AdaptiveCuttingAuction,0.05,0.08,10,True,,1000,3600,cats_arbitrary_g30b150,True,heuristic,2,False,CATS,150,arbitrary,MultiMinded,758,Balance,1145.3800000000047,1818.8858,8,1643.98,574.70600000000002,1782.7450000000001,1849.3332034005321,1619.4508034005316,1638.2917242096282,30,104,97,134,64
33,30,33,AdaptiveCuttingAuction,0.05,0.08,10,True,,1000,3600,cats_arbitrary_g30b150,True,heuristic,2,False,CATS,150,arbitrary,MultiMinded,322,Balance,345.45999999999185,1944.8153000000002,6,1618.49,617.12249999999995,1895.5313,1912.0375457689638,1726.9007957689637,1778.060736650614,30,80,45,116,63
34,30,31,AdaptiveCuttingAuction,0.05,0.08,10,True,,1000,3600,cats_arbitrary_g30b150,True,heuristic,2,False,CATS,150,arbitrary,MultiMinded,161,Balance,60.360000000015134,2467.5019,6,2102.79,578.16200000000003,2467.5019,2563.8666051385944,2390.4180051385938,2453.4371919835185,7,49,45,102,61
35,30,32,AdaptiveCuttingAuction,0.05,0.08,10,True,,1000,3600,cats_arbitrary_g30b150,True,heuristic,2,False,CATS,150,arbitrary,MultiMinded,186,Balance,82.39999999999418,2108.201,2,1910.3,506.57900000000001,2102.141,2109.3745607205933,2058.7166607205932,2095.1131559614678,24,65,39,101,62
36,30,35,AdaptiveCuttingAuction,0.05,0.08,10,True,,1000,3600,cats_arbitrary_g30b150,True,heuristic,2,False,CATS,150,arbitrary,MultiMinded,128,Balance,57.179999999993015,1942.8097999999998,6,1649.39,704.06799999999998,1906.264,1944.2558742577926,1734.1539967760079,1795.1824799492024,15,56,32,112,65
37,30,33,AdaptiveCuttingAuction,0.05,0.08,10,True,,1000,3600,cats_arbitrary_g30b150,True,heuristic,2,False,CATS,150,arbitrary,MultiMinded,1000,MaxIter,1053.0599999999977,1975.334,7,1881.03,532.89949999999999,1760.9065999999998,2017.5516719464804,481.89515832324992,485.09173150125179,30,92,40,134,63
38,30,32,AdaptiveCuttingAuction,0.05,0.08,10,True,,1000,3600,cats_arbitrary_g30b150,True,heuristic,2,False,CATS,150,arbitrary,MultiMinded,274,Balance,149.77000000001863,2501.4829999999997,6,2312.06,839.32600000000002,2406.3703,2459.0448165087569,2207.2470165087566,2285.2144170382439,17,66,51,112,62
39,30,34,AdaptiveCuttingAuction,0.05,0.08,10,True,,1000,3600,cats_arbitrary_g30b150,True,heuristic,2,False,CATS,150,arbitrary,MultiMinded,295,Balance,141.70999999999185,2311.536,2,2186.45,533.95749999999998,2311.536,2336.6524944334901,2283.2567444334904,2327.763658120843,24,71,49,100,64
40,30,31,AdaptiveCuttingAuction,0.05,0.08,10,True,,1000,3600,cats_arbitrary_g30b150,True,heuristic,2,False,CATS,150,arbitrary,MultiMinded,416,Balance,236.86000000001513,1922.01,4,1548.35,753.33299999999997,1840.8100000000002,1880.3709802021397,1729.7043802021399,1744.5293770763337,19,70,22,111,61
41,30,32,AdaptiveCuttingAuction,0.05,0.08,10,True,,1000,3600,cats_arbitrary_g30b150,True,heuristic,2,False,CATS,150,arbitrary,MultiMinded,137,Balance,98.83999999999651,1899.3063,5,1626.29,567.45299999999997,1899.3063,1943.9947923052246,1802.1315423052245,1865.0731658385416,30,76,39,109,62
42,30,35,AdaptiveCuttingAuction,0.05,0.08,10,True,,1000,3600,cats_arbitrary_g30b150,True,heuristic,2,False,CATS,150,arbitrary,MultiMinded,147,Balance,86.04999999998836,2374.3837000000003,4,1682.91,707.67899999999997,2279.655,2323.432800989387,2181.8970009893869,2235.6535353577192,11,65,52,106,65
43,30,36,AdaptiveCuttingAuction,0.05,0.08,10,True,,1000,3600,cats_arbitrary_g30b150,True,heuristic,2,False,CATS,150,arbitrary,MultiMinded,181,Balance,67.86999999999534,2385.76,1,2385.76,501.80000000000001,2385.76,2408.1894815562341,2383.099481556234,2384.9903785133383,6,48,32,111,66
44,30,35,AdaptiveCuttingAuction,0.05,0.08,10,True,,1000,3600,cats_arbitrary_g30b150,True,heuristic,2,False,CATS,150,arbitrary,MultiMinded,1000,MaxIter,1055.789999999979,2079.9506999999994,7,1845.76,468.2165,1937.1790999999998,2043.4900666865976,1173.0843210986213,1192.5496995210935,27,74,30,119,65
45,30,30,AdaptiveCuttingAuction,0.05,0.08,10,True,,1000,3600,cats_arbitrary_g30b150,True,heuristic,2,False,CATS,150,arbitrary,MultiMinded,145,Balance,66.94000000000233,1973.4939,4,1684.69,518.44550000000004,1931.9930000000002,1935.3438336212175,1831.6547336212177,1878.3283241535469,24,63,33,101,60
46,30,33,AdaptiveCuttingAuction,0.05,0.08,10,True,,1000,3600,cats_arbitrary_g30b150,True,heuristic,2,False,CATS,150,arbitrary,MultiMinded,250,Balance,172.89999999999418,2174.927,6,1703.31,577.08699999999999,2100.0609999999997,2110.8226299909566,1937.6965299909562,1947.2866481601025,13,66,25,108,63
47,30,36,AdaptiveCuttingAuction,0.05,0.08,10,True,,1000,3600,cats_arbitrary_g30b150,True,heuristic,2,False,CATS,150,arbitrary,MultiMinded,392,Balance,315.95000000001164,2134.903,7,1579.3,488.0025,2078.575,2163.9382184615561,1993.1373434615562,2004.6008120622482,28,96,42,119,66
48,30,36,AdaptiveCuttingAuction,0.05,0.08,10,True,,1000,3600,cats_arbitrary_g30b150,True,heuristic,2,False,CATS,150,arbitrary,MultiMinded,247,Balance,206.2400000000198,2120.0323,11,1723.29,500.82099999999997,2044.9669999999999,2106.1334581466499,1830.6819081466497,1871.7741934794992,23,74,21,121,66
49,30,32,AdaptiveCuttingAuction,0.05,0.08,10,True,,1000,3600,cats_arbitrary_g30b150,True,heuristic,2,False,CATS,150,arbitrary,MultiMinded,257,Balance,151.29000000000815,1825.5846,9,1448.16,458.54599999999999,1804.6960000000001,1899.2420051882521,1692.896305188252,1692.896305188252,30,81,26,118,62
50,30,32,AdaptiveCuttingAuction,0.05,0.08,10,True,,1000,3600,cats_arbitrary_g30b150,True,heuristic,2,False,CATS,150,arbitrary,MultiMinded,195,Balance,44.5,2387.589,3,2137.71,881.64700000000005,2365.493,2371.927257959956,2239.6802079599561,2281.4903243931981,8,48,4,101,62
51,30,31,AdaptiveCuttingAuction,0.05,0.08,10,True,,1000,3600,cats_arbitrary_g30b150,True,heuristic,2,False,CATS,150,arbitrary,MultiMinded,1000,MaxIter,657.8399999999965,2404.514,4,2207.65,681.84050000000002,2404.514,2541.0491240479982,1908.5425460000454,1944.098378480634,30,72,43,101,61
52,30,34,AdaptiveCuttingAuction,0.05,0.08,10,True,,1000,3600,cats_arbitrary_g30b150,True,heuristic,2,False,CATS,150,arbitrary,MultiMinded,355,Balance,231.11999999999534,2070.7699000000002,7,1761.92,837.09500000000003,2002.6029,2072.6509015216502,1779.6676515216507,1792.1605062042497,30,72,24,119,64
53,30,34,AdaptiveCuttingAuction,0.05,0.08,10,True,,1000,3600,cats_arbitrary_g30b150,True,heuristic,2,False,CATS,150,arbitrary,MultiMinded,253,Balance,169.22000000000116,1944.8844,7,1588.82,654.95799999999997,1944.8844,1949.6447221254848,1720.409422125485,1782.1431034484983,26,70,38,115,64
54,30,30,AdaptiveCuttingAuction,0.05,0.08,10,True,,1000,3600,cats_arbitrary_g30b150,True,heuristic,2,False,CATS,150,arbitrary,MultiMinded,88,Balance,23.769999999989523,2678.4509,3,2281.57,746.976,2678.4509,2679.7560986359122,2567.709698635912,2604.7253056887698,10,47,28,94,60
55,30,31,AdaptiveCuttingAuction,0.05,0.08,10,True,,1000,3600,cats_arbitrary_g30b150,True,heuristic,2,False,CATS,150,arbitrary,MultiMinded,131,Balance,50.94000000000233,2211.653,4,1943.48,726.06700000000001,1995.555,2060.9526628104136,1915.7392628104137,1963.8355031483393,5,48,76,105,61
56,30,29,AdaptiveCuttingAuction,0.05,0.08,10,True,,1000,3600,cats_arbitrary_g30b150,True,heuristic,2,False,CATS,150,arbitrary,MultiMinded,63,Balance,15.710000000020955,2093.229,3,1877.5,714.9369999999999,2093.229,2060.4460875791892,1953.205537579189,1992.3430267220651,13,47,10,82,59
57,30,31,AdaptiveCuttingAuction,0.05,0.08,10,True,,1000,3600,cats_arbitrary_g30b150,True,heuristic,2,False,CATS,150,arbitrary,MultiMinded,195,Balance,107.72000000000116,2015.9576000000002,5,1667.14,591.51199999999994,1829.338,1879.0274776545079,1731.1494776545082,1740.7716710940363,30,72,31,112,61
58,30,33,AdaptiveCuttingAuction,0.05,0.08,10,True,,1000,3600,cats_arbitrary_g30b150,True,heuristic,2,False,CATS,150,arbitrary,MultiMinded,246,Balance,172.98000000001048,2213.6252,4,1937.47,893.10799999999995,2213.6252,2227.4188657395362,2048.7972657395358,2108.305888200724,30,87,37,115,63
59,30,31,AdaptiveCuttingAuction,0.05,0.08,10,True,,1000,3600,cats_arbitrary_g30b150,True,heuristic,2,False,CATS,150,arbitrary,MultiMinded,206,Balance,83.58999999999651,2195.5229,5,1710.57,782.62599999999998,2189.5379,2212.6742199480577,2017.0177199480577,2039.5623781631566,9,52,35,101,61
60,30,36,AdaptiveCuttingAuction,0.05,0.08,10,True,,1000,3600,cats_arbitrary_g30b150,True,heuristic,2,False,CATS,150,arbitrary,MultiMinded,399,Balance,369.3999999999942,1802.554,9,1574.08,671.95349999999996,1774.4724999999999,1861.6300221328518,1564.4000722377768,1586.7637601149625,23,92,62,128,66
61,30,33,AdaptiveCuttingAuction,0.05,0.08,10,True,,1000,3600,cats_arbitrary_g30b150,True,heuristic,2,False,CATS,150,arbitrary,MultiMinded,129,Balance,52.329999999987194,1724.4375,5,1339.03,584.49199999999996,1724.4375,1770.3362792236644,1631.1580506745445,1636.2438027230646,30,70,28,110,63
62,30,36,AdaptiveCuttingAuction,0.05,0.08,10,True,,1000,3600,cats_arbitrary_g30b150,True,heuristic,2,False,CATS,150,arbitrary,MultiMinded,236,Balance,111.13000000000466,2437.0683000000004,6,1933.61,814.90999999999997,2291.9831999999997,2346.0260115404835,2101.5530115404836,2108.9530884635742,15,54,15,106,66
63,30,34,AdaptiveCuttingAuction,0.05,0.08,10,True,,1000,3600,cats_arbitrary_g30b150,True,heuristic,2,False,CATS,150,arbitrary,MultiMinded,770,Balance,695.3999999999942,2003.24,1,2003.24,494.63999999999999,1997.34,2017.1354758297475,1992.4034758297475,2015.5408885104325,30,93,60,116,64
64,30,34,AdaptiveCuttingAuction,0.05,0.08,10,True,,1000,3600,cats_arbitrary_g30b150,True,heuristic,2,False,CATS,150,arbitrary,MultiMinded,1000,MaxIter,931.890000000014,2039.0195999999999,6,1809.03,585.17600000000004,1799.4467,2091.8079692538463,1047.3276457050583,1066.2170280446283,15,90,42,132,64
65,30,36,AdaptiveCuttingAuction,0.05,0.08,10,True,,1000,3600,cats_arbitrary_g30b150,True,heuristic,2,False,CATS,150,arbitrary,MultiMinded,303,Balance,277.35999999998603,1894.2412000000002,5,1377.42,663.9670000000001,1738.0981,1772.860046022683,1606.8682960226829,1669.3942260006215,30,84,56,121,66
66,30,33,AdaptiveCuttingAuction,0.05,0.08,10,True,,1000,3600,cats_arbitrary_g30b150,True,heuristic,2,False,CATS,150,arbitrary,MultiMinded,163,Balance,64.54999999998836,2454.29,1,2454.29,522.13300000000004,2454.29,2466.5849037521816,2440.4782537521814,2440.4782537521814,5,52,29,107,63
67,30,31,AdaptiveCuttingAuction,0.05,0.08,10,True,,1000,3600,cats_arbitrary_g30b150,True,heuristic,2,False,CATS,150,arbitrary,MultiMinded,228,Balance,134.89000000001397,2341.4958,7,2017.46,785.07600000000002,2333.7981,2396.0452488383889,2121.2686488383893,2209.3235348464254,23,66,52,103,61
68,30,31,AdaptiveCuttingAuction,0.05,0.08,10,True,,1000,3600,cats_arbitrary_g30b150,True,heuristic,2,False,CATS,150,arbitrary,MultiMinded,168,Balance,93.03999999997905,2082.3165,6,1694.51,536.65000000000009,2082.3165,2064.3582469075941,1903.3632469075944,1994.5984176761604,30,74,32,104,61
69,30,32,AdaptiveCuttingAuction,0.05,0.08,10,True,,1000,3600,cats_arbitrary_g30b150,True,heuristic,2,False,CATS,150,arbitrary,MultiMinded,316,Balance,296.0100000000093,2088.0744,5,1731.11,855.64499999999998,1994.7818,2042.6294849031019,1836.4842005152957,1959.6210155129131,30,78,85,114,62
70,30,33,AdaptiveCuttingAuction,0.05,0.08,10,True,,1000,3600,cats_arbitrary_g30b150,True,heuristic,2,False,CATS,150,arbitrary,MultiMinded,119,Balance,42.23999999999069,2258.578,4,1454.94,617.26599999999996,2226.801,2274.8855931968492,2151.4323931968493,2163.9629469179013,17,72,29,100,63
71,30,33,AdaptiveCuttingAuction,0.05,0.08,10,True,,1000,3600,cats_arbitrary_g30b150,True,heuristic,2,False,CATS,150,arbitrary,MultiMinded,418,Balance,306.5199999999895,2247.3372,7,1920.4,499.70499999999998,2247.3372,2279.1809289967282,2104.2841789967283,2116.0372216788496,15,63,44,116,63
72,30,39,AdaptiveCuttingAuction,0.05,0.08,10,True,,1000,3600,cats_arbitrary_g30b150,True,heuristic,2,False,CATS,150,arbitrary,MultiMinded,174,Balance,218.84999999997672,2410.0175,9,1662.34,705.94000000000005,2410.0175,2473.9888529665968,2156.3158529665966,2183.6192994008206,17,68,30,122,69
73,30,34,AdaptiveCuttingAuction,0.05,0.08,10,True,,1000,3600,cats_arbitrary_g30b150,True,heuristic,2,False,CATS,150,arbitrary,MultiMinded,1000,MaxIter,1191.3600000000151,2015.5892,8,1380.57,479.64299999999997,2015.5892,2146.9736588993133,1572.9975594785344,1594.0531810452896,15,87,44,129,64
74,30,36,AdaptiveCuttingAuction,0.05,0.08,10,True,,1000,3600,cats_arbitrary_g30b150,True,heuristic,2,False,CATS,150,arbitrary,MultiMinded,274,Balance,184.5899999999965,2042.097,7,1285.64,413.78699999999998,2042.097,2070.3224500561569,1925.4970000561566,1956.0605604029238,12,70,37,120,66
75,30,28,AdaptiveCuttingAuction,0.05,0.08,10,True,,1000,3600,cats_arbitrary_g30b150,True,heuristic,2,False,CATS,150,arbitrary,MultiMinded,292,Balance,104.75999999998021,1952.3077,3,1522.4,797.30549999999994,1952.3077,1995.1618565441133,1875.5660315441132,1922.5783088210405,20,55,51,92,58
76,30,35,AdaptiveCuttingAuction,0.05,0.08,10,True,,1000,3600,cats_arbitrary_g30b150,True,heuristic,2,False,CATS,150,arbitrary,MultiMinded,1000,MaxIter,799.9599999999919,2241.3282000000004,8,1991.23,695.48000000000002,2115.2839999999997,2849.7961350606629,1467.1875236765354,1535.4241777261077,27,86,31,124,65
77,30,29,AdaptiveCuttingAuction,0.05,0.08,10,True,,1000,3600,cats_arbitrary_g30b150,True,heuristic,2,False,CATS,150,arbitrary,MultiMinded,168,Balance,99.36000000001513,2086.98,5,1735.17,697.00749999999994,2086.98,2106.6425678228047,1932.3906928228048,1978.534198335386,30,85,56,112,59
78,30,34,AdaptiveCuttingAuction,0.05,0.08,10,True,,1000,3600,cats_arbitrary_g30b150,True,heuristic,2,False,CATS,150,arbitrary,MultiMinded,153,Balance,62.8300000000163,2141.5101999999997,5,1833.54,620.51150000000007,2123.05,2150.1855457825409,1995.0576707825412,2058.8418642362958,6,48,53,103,64
79,30,32,AdaptiveCuttingAuction,0.05,0.08,10,True,,1000,3600,cats_arbitrary_g30b150,True,heuristic,2,False,CATS,150,arbitrary,MultiMinded,138,Balance,36.220000000001164,2182.6516,5,1753.74,722.10699999999997,2135.665,2190.049876615979,2009.5231266159785,2020.6070871812572,8,49,22,97,62
80,30,31,AdaptiveCuttingAuction,0.05,0.08,10,True,,1000,3600,cats_arbitrary_g30b150,True,heuristic,2,False,CATS,150,arbitrary,MultiMinded,89,Balance,31.95999999999185,2157.0797,8,1772.89,656.88249999999994,2157.0797,2222.6928631068504,1959.9398631068495,1993.3496376208807,8,46,21,110,61
81,30,31,AdaptiveCuttingAuction,0.05,0.08,10,True,,1000,3600,cats_arbitrary_g30b150,True,heuristic,2,False,CATS,150,arbitrary,MultiMinded,293,Balance,165.47999999998137,1755.3018000000002,7,1603.71,647.50199999999995,1755.3018000000002,1786.5042970568761,1576.087679710691,1621.9985924367179,27,74,76,116,61
82,30,34,AdaptiveCuttingAuction,0.05,0.08,10,True,,1000,3600,cats_arbitrary_g30b150,True,heuristic,2,False,CATS,150,arbitrary,MultiMinded,128,Balance,38.0800000000163,2385.8982,5,2112.36,790.75199999999995,2385.8982,2416.967411069038,2219.2794110690379,2231.9207381654196,9,44,10,103,64
83,30,32,AdaptiveCuttingAuction,0.05,0.08,10,True,,1000,3600,cats_arbitrary_g30b150,True,heuristic,2,False,CATS,150,arbitrary,MultiMinded,268,Balance,113.79999999998836,2059.99,5,1826.87,768.11400000000003,1992.9542,2023.6292823151443,1831.6007823151444,1879.1920356846354,24,68,20,107,62
84,30,33,AdaptiveCuttingAuction,0.05,0.08,10,True,,1000,3600,cats_arbitrary_g30b150,True,heuristic,2,False,CATS,150,arbitrary,MultiMinded,200,Balance,85.5799999999872,1978.9186000000002,5,1758.88,838.20399999999995,1914.7676000000001,1971.8879060662741,1772.4057928375321,1871.970297095497,21,69,72,114,63
85,30,33,AdaptiveCuttingAuction,0.05,0.08,10,True,,1000,3600,cats_arbitrary_g30b150,True,heuristic,2,False,CATS,150,arbitrary,MultiMinded,61,Balance,20.820000000006985,2216.0256,6,2078.55,626.62099999999998,2216.0256,2213.0866550905125,2025.1003550905123,2091.8639411163017,8,46,53,95,63
86,30,31,AdaptiveCuttingAuction,0.05,0.08,10,True,,1000,3600,cats_arbitrary_g30b150,True,heuristic,2,False,CATS,150,arbitrary,MultiMinded,243,Balance,140.7599999999802,2283.532,6,1809.12,745.29950000000008,2008.708,2102.1436974192725,1878.5538474192722,1911.0303301140962,30,77,78,112,61
87,30,36,AdaptiveCuttingAuction,0.05,0.08,10,True,,1000,3600,cats_arbitrary_g30b150,True,heuristic,2,False,CATS,150,arbitrary,MultiMinded,85,Balance,29.10999999998603,2522.6901999999995,9,2032.58,563.31899999999996,2397.5457,2427.8959725216455,2174.4024225216453,2200.5059344930933,8,47,43,91,66
88,30,35,AdaptiveCuttingAuction,0.05,0.08,10,True,,1000,3600,cats_arbitrary_g30b150,True,heuristic,2,False,CATS,150,arbitrary,MultiMinded,240,Balance,162.8400000000256,2265.08,9,1820.47,452.93900000000002,2209.4069999999997,2236.7033686345021,2032.880818634502,2076.2427592950062,17,70,54,116,65
89,30,28,AdaptiveCuttingAuction,0.05,0.08,10,True,,1000,3600,cats_arbitrary_g30b150,True,heuristic,2,False,CATS,150,arbitrary,MultiMinded,112,Balance,27.720000000001164,1895.8706000000002,4,1412.37,685.88149999999996,1895.8706000000002,1940.7046544414975,1803.5283544414972,1819.749085968944,28,51,31,83,58
90,30,33,AdaptiveCuttingAuction,0.05,0.08,10,True,,1000,3600,cats_arbitrary_g30b150,True,heuristic,2,False,CATS,150,arbitrary,MultiMinded,113,Balance,61.98999999999069,2397.1789,6,2224.82,593.16800000000001,2362.612,2381.1225156224618,2203.1721156224617,2319.503233248422,28,78,95,110,63
91,30,32,AdaptiveCuttingAuction,0.05,0.08,10,True,,1000,3600,cats_arbitrary_g30b150,True,heuristic,2,False,CATS,150,arbitrary,MultiMinded,208,Balance,160.61999999999534,2290.7259999999997,4,1825.1,529.46000000000004,2222.3869999999997,2251.0056343068809,2145.1136343068811,2159.7847871157524,12,68,27,110,62
92,30,31,AdaptiveCuttingAuction,0.05,0.08,10,True,,1000,3600,cats_arbitrary_g30b150,True,heuristic,2,False,CATS,150,arbitrary,MultiMinded,182,Balance,59.720000000001164,1880.9630000000002,5,1586.58,901.44949999999994,1823.955,1884.6068194250258,1667.3132212578137,1714.9347840066441,6,46,47,101,61
93,30,34,AdaptiveCuttingAuction,0.05,0.08,10,True,,1000,3600,cats_arbitrary_g30b150,True,heuristic,2,False,CATS,150,arbitrary,MultiMinded,185,Balance,119.44000000000233,1815.7306,6,1434.89,540.21100000000001,1673.5411,1720.8316826007031,1558.768382600703,1579.9974726851253,29,2381,35,108,64
94,30,36,AdaptiveCuttingAuction,0.05,0.08,10,True,,1000,3600,cats_arbitrary_g30b150,True,heuristic,2,False,CATS,150,arbitrary,MultiMinded,400,Balance,296.71000000002095,2435.1574,5,2127.58,687.69500000000005,2435.1574,2439.1810984287108,2267.2573484287104,2271.8158596316275,28,74,26,118,66
95,30,32,AdaptiveCuttingAuction,0.05,0.08,10,True,,1000,3600,cats_arbitrary_g30b150,True,heuristic,2,False,CATS,150,arbitrary,MultiMinded,175,Balance,88.93000000002212,2424.051,7,1933.55,792.75099999999998,2109.472,2175.8919153896609,1898.4290653896612,2029.8547468367933,23,71,84,103,62
96,30,31,AdaptiveCuttingAuction,0.05,0.08,10,True,,1000,3600,cats_arbitrary_g30b150,True,heuristic,2,False,CATS,150,arbitrary,MultiMinded,573,Balance,280.2299999999814,1954.1625,5,1781.86,780.25699999999995,1921.4495000000002,1986.1786399427576,1791.1143899427575,1811.9928268484409,27,71,42,113,61
97,30,30,AdaptiveCuttingAuction,0.05,0.08,10,True,,1000,3600,cats_arbitrary_g30b150,True,heuristic,2,False,CATS,150,arbitrary,MultiMinded,1000,MaxIter,792.6699999999837,1794.66,4,1264.09,681.495,1749.6769,1873.7327792936931,143.07950116610238,143.07950116610238,18,84,27,118,60
98,30,32,AdaptiveCuttingAuction,0.05,0.08,10,True,,1000,3600,cats_arbitrary_g30b150,True,heuristic,2,False,CATS,150,arbitrary,MultiMinded,202,Balance,64.66000000000349,2145.0272,6,2092.47,967.64100000000008,2145.0272,2262.6057031977953,1972.3134031977959,2008.3674663752447,7,43,30,96,62
99,30,29,AdaptiveCuttingAuction,0.05,0.08,10,True,,1000,3600,cats_arbitrary_g30b150,True,heuristic,2,False,CATS,150,arbitrary,MultiMinded,265,Balance,122.54999999998836,2260.297,6,2093.42,648.17449999999997,2260.297,2323.5089766152687,2129.0566266152691,2157.1298365764806,29,71,43,107,59
100,30,37,AdaptiveCuttingAuction,0.05,0.08,10,True,,1000,3600,cats_arbitrary_g30b150,True,heuristic,2,False,CATS,150,arbitrary,MultiMinded,506,Balance,674.9300000000221,2260.7916,9,1588.66,496.72000000000003,2250.3128,2283.4623103386843,2059.9383103386845,2092.7933841783579,30,2596,60,128,67
