idx,items,agents,auction_class,epsilon,stepc,epoch,scalebyvalue,reserve_type,maxiter,maxtime,generator_param_name,personalized,bidding_strategy,heuristic_pool_num,int_prices,generator,bids,distribution,type,rounds,status,runtime,efficient_value,final_num_winners,final_max_agent_value,final_scalevalue,final_value,final_total_price,final_revenue,final_indirect_util,final_price_degree,final_price_sparsity,final_imbalance,final_wd_nvars,final_wd_ncons
1,30,34,LinearHeuristicAuction,0.05,0.01,,True,,1000,3600,cats_arbitrary_g30b150,,heuristic,2,False,CATS,150,arbitrary,MultiMinded,1000,MaxIter,127.05000000001746,1985.8648,1,1958.65,585.33899999999994,1958.65,2270.5590331943245,0,15.89099209725201,1,30,54,119,64
2,30,35,LinearHeuristicAuction,0.05,0.01,,True,,1000,3600,cats_arbitrary_g30b150,,heuristic,2,False,CATS,150,arbitrary,MultiMinded,1000,MaxIter,117.69999999998254,2197.79,1,2197.79,440.00599999999997,2197.79,2232.2255109304087,0,0.92470267203446355,1,30,73,105,65
3,30,33,LinearHeuristicAuction,0.05,0.01,,True,,1000,3600,cats_arbitrary_g30b150,,heuristic,2,False,CATS,150,arbitrary,MultiMinded,1000,MaxIter,124.08999999999651,2537.724,1,1980.67,603.23800000000006,1980.67,2921.5983209321903,0,3.665815838453284,1,30,54,114,63
4,30,33,LinearHeuristicAuction,0.05,0.01,,True,,1000,3600,cats_arbitrary_g30b150,,heuristic,2,False,CATS,150,arbitrary,MultiMinded,1000,MaxIter,119.04000000000815,2018.328,1,1780.26,501.12400000000002,1749.98,2259.6398196355221,0,23.844135738453033,1,30,41,107,63
5,30,32,LinearHeuristicAuction,0.05,0.01,,True,,1000,3600,cats_arbitrary_g30b150,,heuristic,2,False,CATS,150,arbitrary,MultiMinded,1000,MaxIter,128.2399999999907,1876.8708299999998,1,1770.89,624.08600000000001,1478.79,2318.4600998519222,0,1.8563619601787877,1,30,65,110,62
6,30,33,LinearHeuristicAuction,0.05,0.01,,True,,1000,3600,cats_arbitrary_g30b150,,heuristic,2,False,CATS,150,arbitrary,MultiMinded,1000,MaxIter,117.58999999999651,2052.619,1,1672.04,727.22400000000005,1511.41,2654.7878504348078,0,7.9159940790811731,1,30,38,103,63
7,30,30,LinearHeuristicAuction,0.05,0.01,,True,,1000,3600,cats_arbitrary_g30b150,,heuristic,2,False,CATS,150,arbitrary,MultiMinded,1000,MaxIter,128.10000000000582,2256.612,1,2088.18,661.12950000000001,2088.18,2686.8278406595764,0,0.0,1,30,85,110,60
8,30,35,LinearHeuristicAuction,0.05,0.01,,True,,1000,3600,cats_arbitrary_g30b150,,heuristic,2,False,CATS,150,arbitrary,MultiMinded,1000,MaxIter,140.4100000000035,1886.9858,1,1721.43,762.18450000000007,1639.94,2093.2626777419282,0,0.00062776576886136581,1,30,116,108,65
9,30,32,LinearHeuristicAuction,0.05,0.01,,True,,1000,3600,cats_arbitrary_g30b150,,heuristic,2,False,CATS,150,arbitrary,MultiMinded,1000,MaxIter,154.64999999999418,1903.7699,1,1559.25,844.62750000000005,1416.15,2008.9684068385595,0,0.0,1,30,27,98,62
10,30,36,LinearHeuristicAuction,0.05,0.01,,True,,1000,3600,cats_arbitrary_g30b150,,heuristic,2,False,CATS,150,arbitrary,MultiMinded,1000,MaxIter,127.6699999999837,2500.0740000000005,1,2217.68,621.28700000000003,2217.68,2871.9266800402247,0,38.865032778531088,1,30,52,123,66
11,30,30,LinearHeuristicAuction,0.05,0.01,,True,,1000,3600,cats_arbitrary_g30b150,,heuristic,2,False,CATS,150,arbitrary,MultiMinded,1000,MaxIter,161.70999999999185,1868.241,5,1447.57,637.68550000000005,1810.4579999999999,2001.5136366991283,698.14992587412564,711.87205679878718,1,30,40,94,60
12,30,32,LinearHeuristicAuction,0.05,0.01,,True,,1000,3600,cats_arbitrary_g30b150,,heuristic,2,False,CATS,150,arbitrary,MultiMinded,1000,MaxIter,124.5800000000163,1629.6809799999999,1,1454.03,563.44500000000005,1454.03,2057.3776986759362,0,29.736171530194326,1,30,60,114,62
13,30,33,LinearHeuristicAuction,0.05,0.01,,True,,1000,3600,cats_arbitrary_g30b150,,heuristic,2,False,CATS,150,arbitrary,MultiMinded,1000,MaxIter,121.35000000000582,1977.1191,1,1667.86,707.56150000000002,1667.86,2266.6526933603518,0,5.1852508775853607,1,30,37,96,63
14,30,33,LinearHeuristicAuction,0.05,0.01,,True,,1000,3600,cats_arbitrary_g30b150,,heuristic,2,False,CATS,150,arbitrary,MultiMinded,1000,MaxIter,119.75,2717.117,1,1791.51,726.46749999999997,1791.51,3002.0498505987475,0,32.78857147757779,1,30,65,103,63
15,30,30,LinearHeuristicAuction,0.05,0.01,,True,,1000,3600,cats_arbitrary_g30b150,,heuristic,2,False,CATS,150,arbitrary,MultiMinded,1000,MaxIter,119.14999999999418,2171.381,1,1868.55,921.70799999999997,1212.96,2437.9327099840339,0,2.6949761604529385,1,30,49,91,60
16,30,34,LinearHeuristicAuction,0.05,0.01,,True,,1000,3600,cats_arbitrary_g30b150,,heuristic,2,False,CATS,150,arbitrary,MultiMinded,1000,MaxIter,119.83999999999651,2091.4660000000003,1,1581.43,466.154,1581.43,2401.1705544189517,0,19.236350110491998,1,30,33,121,64
17,30,32,LinearHeuristicAuction,0.05,0.01,,True,,1000,3600,cats_arbitrary_g30b150,,heuristic,2,False,CATS,150,arbitrary,MultiMinded,1000,MaxIter,128.28999999997905,1828.406,1,1506.32,727.10699999999997,1235.04,2064.2941890937632,0,0.0,1,30,111,105,62
18,30,33,LinearHeuristicAuction,0.05,0.01,,True,,1000,3600,cats_arbitrary_g30b150,,heuristic,2,False,CATS,150,arbitrary,MultiMinded,1000,MaxIter,134.0099999999802,2345.2870000000003,1,2117.29,776.08299999999997,1995.23,2665.0142199297693,0,0.0,1,30,149,104,63
19,30,34,LinearHeuristicAuction,0.05,0.01,,True,,1000,3600,cats_arbitrary_g30b150,,heuristic,2,False,CATS,150,arbitrary,MultiMinded,1000,MaxIter,121.23000000001048,2287.142,1,1551.3,564.779,997.279,2722.3333365979338,0,5.4880919011468734,1,30,45,111,64
20,30,34,LinearHeuristicAuction,0.05,0.01,,True,,1000,3600,cats_arbitrary_g30b150,,heuristic,2,False,CATS,150,arbitrary,MultiMinded,61,Balance,9.690000000002328,1940.03319,8,1543.36,583.99600000000009,1940.03319,2006.8302140210471,1782.3025489460858,1790.9476267387486,1,30,39,105,64
21,30,32,LinearHeuristicAuction,0.05,0.01,,True,,1000,3600,cats_arbitrary_g30b150,,heuristic,2,False,CATS,150,arbitrary,MultiMinded,1000,MaxIter,127.14000000001397,1599.0811999999999,1,1355.45,695.58449999999993,1031.01,2034.8256654723275,0,1.9250428030609612,1,30,62,95,62
22,30,33,LinearHeuristicAuction,0.05,0.01,,True,,1000,3600,cats_arbitrary_g30b150,,heuristic,2,False,CATS,150,arbitrary,MultiMinded,1000,MaxIter,118.98999999999069,2282.8423000000003,1,1879.28,739.774,1758.09,2523.042467999926,0,4.3647462529841903,1,30,45,95,63
23,30,33,LinearHeuristicAuction,0.05,0.01,,True,,1000,3600,cats_arbitrary_g30b150,,heuristic,2,False,CATS,150,arbitrary,MultiMinded,1000,MaxIter,132.88000000000466,2403.9993,1,2044.82,717.20399999999995,1593.72,2895.9465526122872,0,0.72636683846076266,1,30,76,115,63
24,30,30,LinearHeuristicAuction,0.05,0.01,,True,,1000,3600,cats_arbitrary_g30b150,,heuristic,2,False,CATS,150,arbitrary,MultiMinded,1000,MaxIter,117.3299999999872,2126.121,1,1969.43,482.00350000000003,1969.43,2581.2984742677631,0,1.2212676057812359,1,30,64,118,60
25,30,29,LinearHeuristicAuction,0.05,0.01,,True,,1000,3600,cats_arbitrary_g30b150,,heuristic,2,False,CATS,150,arbitrary,MultiMinded,1000,MaxIter,137.36999999999534,1852.1607,1,1764.81,936.35900000000004,1764.81,2226.2881109309915,0,0.59657330598355429,1,30,28,98,59
26,30,39,LinearHeuristicAuction,0.05,0.01,,True,,1000,3600,cats_arbitrary_g30b150,,heuristic,2,False,CATS,150,arbitrary,MultiMinded,1000,MaxIter,127.75,2465.4804,1,1489.25,632.89699999999993,1489.25,2652.9450615989927,0,4.0462517206509574,1,30,50,113,69
27,30,29,LinearHeuristicAuction,0.05,0.01,,True,,1000,3600,cats_arbitrary_g30b150,,heuristic,2,False,CATS,150,arbitrary,MultiMinded,1000,MaxIter,124.99000000001979,2275.4269999999997,4,1932.93,759.11900000000003,1616.2440000000001,2358.8397832672399,543.23467018687961,543.27395157797616,1,30,66,93,59
28,30,31,LinearHeuristicAuction,0.05,0.01,,True,,1000,3600,cats_arbitrary_g30b150,,heuristic,2,False,CATS,150,arbitrary,MultiMinded,186,Balance,22.81999999997788,2301.5724,6,1458.94,613.274,2301.5724,2351.6402997177156,2167.6580997177152,2176.587965646931,1,30,31,103,61
29,30,29,LinearHeuristicAuction,0.05,0.01,,True,,1000,3600,cats_arbitrary_g30b150,,heuristic,2,False,CATS,150,arbitrary,MultiMinded,1000,MaxIter,195.54999999998836,2007.782,2,1669.06,662.85299999999995,1638.997,2120.7402138021102,198.72227342502822,209.83366722627477,1,30,41,95,59
30,30,35,LinearHeuristicAuction,0.05,0.01,,True,,1000,3600,cats_arbitrary_g30b150,,heuristic,2,False,CATS,150,arbitrary,MultiMinded,1000,MaxIter,116.72000000000116,2161.8298999999997,1,1539.73,524.54999999999995,1390.8,2474.2731642921267,0,0.16786249253077301,1,30,118,105,65
31,30,32,LinearHeuristicAuction,0.05,0.01,,True,,1000,3600,cats_arbitrary_g30b150,,heuristic,2,False,CATS,150,arbitrary,MultiMinded,1000,MaxIter,236.72999999998137,2453.359,5,1724.13,512.56299999999999,2136.247,2351.9551336438162,1611.8917073276034,1668.3159198084966,1,30,42,108,62
32,30,34,LinearHeuristicAuction,0.05,0.01,,True,,1000,3600,cats_arbitrary_g30b150,,heuristic,2,False,CATS,150,arbitrary,MultiMinded,1000,MaxIter,115.25,1818.8858,1,1643.98,574.70600000000002,1643.98,2226.3413656231496,0,39.803657376691589,1,30,36,115,64
33,30,33,LinearHeuristicAuction,0.05,0.01,,True,,1000,3600,cats_arbitrary_g30b150,,heuristic,2,False,CATS,150,arbitrary,MultiMinded,1000,MaxIter,122.38000000000466,1944.8153000000002,1,1618.49,617.12249999999995,1618.49,2230.5875939471971,0,6.552519103677966,1,30,36,113,63
34,30,31,LinearHeuristicAuction,0.05,0.01,,True,,1000,3600,cats_arbitrary_g30b150,,heuristic,2,False,CATS,150,arbitrary,MultiMinded,1000,MaxIter,119.3300000000163,2467.5019,1,2102.79,578.16200000000003,1737.43,2893.0984125775908,0,0.42418669562027844,1,30,107,100,61
35,30,32,LinearHeuristicAuction,0.05,0.01,,True,,1000,3600,cats_arbitrary_g30b150,,heuristic,2,False,CATS,150,arbitrary,MultiMinded,1000,MaxIter,137.1600000000035,2108.201,8,1910.3,506.57900000000001,1735.6346999999998,2180.530020501245,499.15815140415003,500.29093317074779,1,30,40,110,62
36,30,35,LinearHeuristicAuction,0.05,0.01,,True,,1000,3600,cats_arbitrary_g30b150,,heuristic,2,False,CATS,150,arbitrary,MultiMinded,1000,MaxIter,137.82000000000698,1942.8097999999998,1,1649.39,704.06799999999998,1560.07,2182.7387994736041,0,3.3013876115293783,1,30,62,116,65
37,30,33,LinearHeuristicAuction,0.05,0.01,,True,,1000,3600,cats_arbitrary_g30b150,,heuristic,2,False,CATS,150,arbitrary,MultiMinded,1000,MaxIter,131.60000000000582,1975.334,1,1881.03,532.89949999999999,1778.09,2365.7000472880191,0,0.80668721538062726,1,30,82,109,63
38,30,32,LinearHeuristicAuction,0.05,0.01,,True,,1000,3600,cats_arbitrary_g30b150,,heuristic,2,False,CATS,150,arbitrary,MultiMinded,1000,MaxIter,132.11000000001513,2501.4829999999997,1,2312.06,839.32600000000002,2312.06,2743.2882280110657,0,0.0,1,30,84,106,62
39,30,34,LinearHeuristicAuction,0.05,0.01,,True,,1000,3600,cats_arbitrary_g30b150,,heuristic,2,False,CATS,150,arbitrary,MultiMinded,1000,MaxIter,118.79999999998836,2311.536,1,2186.45,533.95749999999998,1960.78,2714.7828332578124,0,2.9574485876815686,1,30,44,105,64
40,30,31,LinearHeuristicAuction,0.05,0.01,,True,,1000,3600,cats_arbitrary_g30b150,,heuristic,2,False,CATS,150,arbitrary,MultiMinded,1000,MaxIter,115.12999999997555,1922.01,1,1548.35,753.33299999999997,1548.35,2246.9073684571194,0,93.863491795697286,1,30,57,98,61
41,30,32,LinearHeuristicAuction,0.05,0.01,,True,,1000,3600,cats_arbitrary_g30b150,,heuristic,2,False,CATS,150,arbitrary,MultiMinded,1000,MaxIter,127.19999999998254,1899.3063,1,1626.29,567.45299999999997,1465.7,2264.7145713638547,0,7.18416983567014,1,30,41,107,62
42,30,35,LinearHeuristicAuction,0.05,0.01,,True,,1000,3600,cats_arbitrary_g30b150,,heuristic,2,False,CATS,150,arbitrary,MultiMinded,1000,MaxIter,126.0,2374.3837000000003,1,1682.91,707.67899999999997,1567.05,2914.9346110968741,0,7.7233546293319364,1,30,42,108,65
43,30,36,LinearHeuristicAuction,0.05,0.01,,True,,1000,3600,cats_arbitrary_g30b150,,heuristic,2,False,CATS,150,arbitrary,MultiMinded,1000,MaxIter,123.19000000000233,2385.76,1,2385.76,501.80000000000001,2385.76,2558.2864096308413,0,10.668117870808487,1,30,79,115,66
44,30,35,LinearHeuristicAuction,0.05,0.01,,True,,1000,3600,cats_arbitrary_g30b150,,heuristic,2,False,CATS,150,arbitrary,MultiMinded,1000,MaxIter,133.80000000001746,2079.9506999999994,2,1845.76,468.2165,1899.715,2226.2811205211251,0,21.422368006893862,1,30,44,124,65
45,30,30,LinearHeuristicAuction,0.05,0.01,,True,,1000,3600,cats_arbitrary_g30b150,,heuristic,2,False,CATS,150,arbitrary,MultiMinded,1000,MaxIter,223.0,1973.4939,1,1684.69,518.44550000000004,1572.74,2098.6999335579876,0,0.40430579864892024,1,30,74,104,60
46,30,33,LinearHeuristicAuction,0.05,0.01,,True,,1000,3600,cats_arbitrary_g30b150,,heuristic,2,False,CATS,150,arbitrary,MultiMinded,1000,MaxIter,123.80000000001746,2174.927,1,1703.31,577.08699999999999,1703.31,2551.0315010393997,0,5.3135484855453683,1,30,61,107,63
47,30,36,LinearHeuristicAuction,0.05,0.01,,True,,1000,3600,cats_arbitrary_g30b150,,heuristic,2,False,CATS,150,arbitrary,MultiMinded,1000,MaxIter,132.36000000001513,2134.903,1,1579.3,488.0025,1177.33,2503.9674559317614,0,6.9903625640645544,1,30,91,116,66
48,30,36,LinearHeuristicAuction,0.05,0.01,,True,,1000,3600,cats_arbitrary_g30b150,,heuristic,2,False,CATS,150,arbitrary,MultiMinded,1000,MaxIter,131.60000000000582,2120.0323,1,1723.29,500.82099999999997,1723.29,2358.1325753806468,0,4.4167538357636644,1,30,48,120,66
49,30,32,LinearHeuristicAuction,0.05,0.01,,True,,1000,3600,cats_arbitrary_g30b150,,heuristic,2,False,CATS,150,arbitrary,MultiMinded,1000,MaxIter,128.2600000000093,1825.5846,1,1448.16,458.54599999999999,1356.32,2111.2316319293341,0,1.6054947389661436,1,30,32,118,62
50,30,32,LinearHeuristicAuction,0.05,0.01,,True,,1000,3600,cats_arbitrary_g30b150,,heuristic,2,False,CATS,150,arbitrary,MultiMinded,1000,MaxIter,132.0899999999965,2387.589,1,2137.71,881.64700000000005,1995.56,2527.0756859135745,0,1.8605782486674798,1,30,53,99,62
51,30,31,LinearHeuristicAuction,0.05,0.01,,True,,1000,3600,cats_arbitrary_g30b150,,heuristic,2,False,CATS,150,arbitrary,MultiMinded,1000,MaxIter,122.64999999999418,2404.514,1,2207.65,681.84050000000002,2207.65,2929.7275461801851,0,72.391954883541459,1,30,58,102,61
52,30,34,LinearHeuristicAuction,0.05,0.01,,True,,1000,3600,cats_arbitrary_g30b150,,heuristic,2,False,CATS,150,arbitrary,MultiMinded,1000,MaxIter,146.47999999998137,2070.7699000000002,1,1761.92,837.09500000000003,1761.92,2389.7427664079719,0,1.2722830778554908,1,30,82,114,64
53,30,34,LinearHeuristicAuction,0.05,0.01,,True,,1000,3600,cats_arbitrary_g30b150,,heuristic,2,False,CATS,150,arbitrary,MultiMinded,1000,MaxIter,133.32000000000698,1944.8844,3,1588.82,654.95799999999997,1711.4053,2010.3197787676881,57.015445278580742,70.386514652932249,1,30,40,105,64
54,30,30,LinearHeuristicAuction,0.05,0.01,,True,,1000,3600,cats_arbitrary_g30b150,,heuristic,2,False,CATS,150,arbitrary,MultiMinded,1000,MaxIter,116.31999999997788,2678.4509,1,2281.57,746.976,1581.27,3016.3143288341835,0,55.7862753892,1,30,72,96,60
55,30,31,LinearHeuristicAuction,0.05,0.01,,True,,1000,3600,cats_arbitrary_g30b150,,heuristic,2,False,CATS,150,arbitrary,MultiMinded,1000,MaxIter,124.34999999997672,2211.653,1,1943.48,726.06700000000001,1943.48,2462.8723195099142,0,1.8356484567601115,1,30,75,111,61
56,30,29,LinearHeuristicAuction,0.05,0.01,,True,,1000,3600,cats_arbitrary_g30b150,,heuristic,2,False,CATS,150,arbitrary,MultiMinded,1000,MaxIter,114.27999999999884,2093.229,1,1877.5,714.9369999999999,1679.61,2218.8020031873243,0,0.40231001702193225,1,30,30,91,59
57,30,31,LinearHeuristicAuction,0.05,0.01,,True,,1000,3600,cats_arbitrary_g30b150,,heuristic,2,False,CATS,150,arbitrary,MultiMinded,1000,MaxIter,119.33999999999651,2015.9576000000002,1,1667.14,591.51199999999994,1667.14,2384.3531400204824,0,1.8615011445640164,1,30,37,111,61
58,30,33,LinearHeuristicAuction,0.05,0.01,,True,,1000,3600,cats_arbitrary_g30b150,,heuristic,2,False,CATS,150,arbitrary,MultiMinded,1000,MaxIter,120.22000000000116,2213.6252,1,1937.47,893.10799999999995,1177.19,2676.2948280171877,0,1.0741367607193553,1,30,30,98,63
59,30,31,LinearHeuristicAuction,0.05,0.01,,True,,1000,3600,cats_arbitrary_g30b150,,heuristic,2,False,CATS,150,arbitrary,MultiMinded,1000,MaxIter,122.6700000000128,2195.5229,1,1710.57,782.62599999999998,1710.57,2753.2129585396551,0,5.5139753745191342,1,30,50,99,61
60,30,36,LinearHeuristicAuction,0.05,0.01,,True,,1000,3600,cats_arbitrary_g30b150,,heuristic,2,False,CATS,150,arbitrary,MultiMinded,1000,MaxIter,158.30999999999767,1802.554,1,1574.08,671.95349999999996,1574.08,2138.6729725502623,0,5.0083059157906717,1,30,71,114,66
61,30,33,LinearHeuristicAuction,0.05,0.01,,True,,1000,3600,cats_arbitrary_g30b150,,heuristic,2,False,CATS,150,arbitrary,MultiMinded,1000,MaxIter,126.48000000001048,1724.4375,1,1339.03,584.49199999999996,1339.03,2013.4782499003177,0,24.475596590593767,1,30,37,105,63
62,30,36,LinearHeuristicAuction,0.05,0.01,,True,,1000,3600,cats_arbitrary_g30b150,,heuristic,2,False,CATS,150,arbitrary,MultiMinded,1000,MaxIter,131.22000000000116,2437.0683000000004,1,1933.61,814.90999999999997,1933.61,2538.3491447205802,0,2.0809664317511505,1,30,66,105,66
63,30,34,LinearHeuristicAuction,0.05,0.01,,True,,1000,3600,cats_arbitrary_g30b150,,heuristic,2,False,CATS,150,arbitrary,MultiMinded,1000,MaxIter,117.5799999999872,2003.24,1,2003.24,494.63999999999999,1854.74,2475.426224294245,0,0.096330055524248337,1,30,89,111,64
64,30,34,LinearHeuristicAuction,0.05,0.01,,True,,1000,3600,cats_arbitrary_g30b150,,heuristic,2,False,CATS,150,arbitrary,MultiMinded,1000,MaxIter,119.59999999997672,2039.0195999999999,1,1809.03,585.17600000000004,1809.03,2391.4256765580803,0,1.8135298204060177,1,30,64,115,64
65,30,36,LinearHeuristicAuction,0.05,0.01,,True,,1000,3600,cats_arbitrary_g30b150,,heuristic,2,False,CATS,150,arbitrary,MultiMinded,1000,MaxIter,135.22000000000116,1894.2412000000002,1,1377.42,663.9670000000001,1377.42,2149.2626598644238,0,1.1402651617451767,1,30,31,118,66
66,30,33,LinearHeuristicAuction,0.05,0.01,,True,,1000,3600,cats_arbitrary_g30b150,,heuristic,2,False,CATS,150,arbitrary,MultiMinded,1000,MaxIter,120.27999999999884,2454.29,1,2454.29,522.13300000000004,1368.0,2543.1435068622486,0,144.98389943365481,1,30,62,109,63
67,30,31,LinearHeuristicAuction,0.05,0.01,,True,,1000,3600,cats_arbitrary_g30b150,,heuristic,2,False,CATS,150,arbitrary,MultiMinded,1000,MaxIter,138.02999999999884,2341.4958,2,2017.46,785.07600000000002,2178.6440000000002,2558.7471654121364,0,2.8877902567948297,1,30,70,95,61
68,30,31,LinearHeuristicAuction,0.05,0.01,,True,,1000,3600,cats_arbitrary_g30b150,,heuristic,2,False,CATS,150,arbitrary,MultiMinded,1000,MaxIter,125.48999999999069,2082.3165,1,1694.51,536.65000000000009,1644.51,2235.227258212587,0,5.1752021872843272,1,30,39,112,61
69,30,32,LinearHeuristicAuction,0.05,0.01,,True,,1000,3600,cats_arbitrary_g30b150,,heuristic,2,False,CATS,150,arbitrary,MultiMinded,1000,MaxIter,116.0,2088.0744,1,1731.11,855.64499999999998,1731.11,2414.1261385235889,0,6.748863183760804,1,30,49,103,62
70,30,33,LinearHeuristicAuction,0.05,0.01,,True,,1000,3600,cats_arbitrary_g30b150,,heuristic,2,False,CATS,150,arbitrary,MultiMinded,1000,MaxIter,122.16000000000349,2258.578,1,1454.94,617.26599999999996,1443.65,2707.4657867479318,0,3.4225297633892922,1,30,59,104,63
71,30,33,LinearHeuristicAuction,0.05,0.01,,True,,1000,3600,cats_arbitrary_g30b150,,heuristic,2,False,CATS,150,arbitrary,MultiMinded,1000,MaxIter,122.72000000000116,2247.3372,1,1920.4,499.70499999999998,1920.4,2562.5748599738281,0,2.1364548876305065,1,30,60,104,63
72,30,39,LinearHeuristicAuction,0.05,0.01,,True,,1000,3600,cats_arbitrary_g30b150,,heuristic,2,False,CATS,150,arbitrary,MultiMinded,1000,MaxIter,124.61000000001513,2410.0175,8,1662.34,705.94000000000005,2368.7129,2552.8318622233378,1594.6091692124971,1594.6091692124971,1,30,49,116,69
73,30,34,LinearHeuristicAuction,0.05,0.01,,True,,1000,3600,cats_arbitrary_g30b150,,heuristic,2,False,CATS,150,arbitrary,MultiMinded,1000,MaxIter,126.95999999999185,2015.5892,1,1380.57,479.64299999999997,1380.57,2369.8324584371535,0,103.03767306330251,1,30,52,120,64
74,30,36,LinearHeuristicAuction,0.05,0.01,,True,,1000,3600,cats_arbitrary_g30b150,,heuristic,2,False,CATS,150,arbitrary,MultiMinded,1000,MaxIter,127.08999999999651,2042.097,2,1285.64,413.78699999999998,1319.8696,2307.7049810603444,13.409317339750164,15.848141622589292,1,30,79,124,66
75,30,28,LinearHeuristicAuction,0.05,0.01,,True,,1000,3600,cats_arbitrary_g30b150,,heuristic,2,False,CATS,150,arbitrary,MultiMinded,1000,MaxIter,121.27999999999884,1952.3077,3,1522.4,797.30549999999994,1929.9927,2107.8096784583713,421.64596868354647,421.74925638950958,1,30,45,89,58
76,30,35,LinearHeuristicAuction,0.05,0.01,,True,,1000,3600,cats_arbitrary_g30b150,,heuristic,2,False,CATS,150,arbitrary,MultiMinded,1000,MaxIter,123.58999999999651,2241.3282000000004,1,1991.23,695.48000000000002,1991.23,2546.7798732842143,0,23.373358842155632,1,30,71,108,65
77,30,29,LinearHeuristicAuction,0.05,0.01,,True,,1000,3600,cats_arbitrary_g30b150,,heuristic,2,False,CATS,150,arbitrary,MultiMinded,1000,MaxIter,123.80999999999767,2086.98,1,1735.17,697.00749999999994,1735.17,2376.2850079968994,0,1.819825304243011,1,30,40,113,59
78,30,34,LinearHeuristicAuction,0.05,0.01,,True,,1000,3600,cats_arbitrary_g30b150,,heuristic,2,False,CATS,150,arbitrary,MultiMinded,1000,MaxIter,153.5099999999802,2141.5101999999997,2,1833.54,620.51150000000007,2006.961,2422.8118931298031,157.94281963624087,161.91455038939677,1,30,46,104,64
79,30,32,LinearHeuristicAuction,0.05,0.01,,True,,1000,3600,cats_arbitrary_g30b150,,heuristic,2,False,CATS,150,arbitrary,MultiMinded,1000,MaxIter,120.42999999999302,2182.6516,1,1753.74,722.10699999999997,1425.19,2812.6784898208562,0,33.951148515207649,1,30,105,101,62
80,30,31,LinearHeuristicAuction,0.05,0.01,,True,,1000,3600,cats_arbitrary_g30b150,,heuristic,2,False,CATS,150,arbitrary,MultiMinded,1000,MaxIter,119.32000000000698,2157.0797,1,1772.89,656.88249999999994,1772.89,2472.7860754730973,0,1.1105849664835432,1,30,79,105,61
81,30,31,LinearHeuristicAuction,0.05,0.01,,True,,1000,3600,cats_arbitrary_g30b150,,heuristic,2,False,CATS,150,arbitrary,MultiMinded,1000,MaxIter,134.39000000001397,1755.3018000000002,1,1603.71,647.50199999999995,1531.13,1961.7220384093841,0,30.115377287962076,1,30,70,109,61
82,30,34,LinearHeuristicAuction,0.05,0.01,,True,,1000,3600,cats_arbitrary_g30b150,,heuristic,2,False,CATS,150,arbitrary,MultiMinded,1000,MaxIter,123.97000000000116,2385.8982,5,2112.36,790.75199999999995,2385.8982,2620.3688321367708,1799.5118235658747,1801.2813576233216,1,30,51,103,64
83,30,32,LinearHeuristicAuction,0.05,0.01,,True,,1000,3600,cats_arbitrary_g30b150,,heuristic,2,False,CATS,150,arbitrary,MultiMinded,1000,MaxIter,120.70999999999185,2059.99,1,1826.87,768.11400000000003,1826.87,2527.9011563682429,0,0.0,1,30,88,96,62
84,30,33,LinearHeuristicAuction,0.05,0.01,,True,,1000,3600,cats_arbitrary_g30b150,,heuristic,2,False,CATS,150,arbitrary,MultiMinded,1000,MaxIter,128.13000000000466,1978.9186000000002,2,1758.88,838.20399999999995,1829.453,2395.5202705941861,0,1.7546672859362218,1,30,58,103,63
85,30,33,LinearHeuristicAuction,0.05,0.01,,True,,1000,3600,cats_arbitrary_g30b150,,heuristic,2,False,CATS,150,arbitrary,MultiMinded,1000,MaxIter,127.64000000001397,2216.0256,1,2078.55,626.62099999999998,2078.55,2522.9340297383078,0,1.2288255217957698,1,30,34,109,63
86,30,31,LinearHeuristicAuction,0.05,0.01,,True,,1000,3600,cats_arbitrary_g30b150,,heuristic,2,False,CATS,150,arbitrary,MultiMinded,1000,MaxIter,123.11000000001513,2283.532,1,1809.12,745.29950000000008,1627.75,2670.5879840566208,0,4.3902224339529425,1,30,49,97,61
87,30,36,LinearHeuristicAuction,0.05,0.01,,True,,1000,3600,cats_arbitrary_g30b150,,heuristic,2,False,CATS,150,arbitrary,MultiMinded,1000,MaxIter,121.32000000000698,2522.6901999999995,1,2032.58,563.31899999999996,1775.36,2946.7496533772633,0,0.055726541679220531,1,30,92,110,66
88,30,35,LinearHeuristicAuction,0.05,0.01,,True,,1000,3600,cats_arbitrary_g30b150,,heuristic,2,False,CATS,150,arbitrary,MultiMinded,1000,MaxIter,126.87999999997555,2265.08,1,1820.47,452.93900000000002,1764.64,2613.7713620986619,0,7.637790947954386,1,30,85,119,65
89,30,28,LinearHeuristicAuction,0.05,0.01,,True,,1000,3600,cats_arbitrary_g30b150,,heuristic,2,False,CATS,150,arbitrary,MultiMinded,1000,MaxIter,130.9100000000035,1895.8706000000002,4,1412.37,685.88149999999996,1895.8706000000002,1989.3111247166889,1218.1113721766214,1218.1113721766214,1,30,74,99,58
90,30,33,LinearHeuristicAuction,0.05,0.01,,True,,1000,3600,cats_arbitrary_g30b150,,heuristic,2,False,CATS,150,arbitrary,MultiMinded,1000,MaxIter,128.0800000000163,2397.1789,1,2224.82,593.16800000000001,2224.82,2677.9130175569489,0,3.6287437281591082,1,30,34,114,63
91,30,32,LinearHeuristicAuction,0.05,0.01,,True,,1000,3600,cats_arbitrary_g30b150,,heuristic,2,False,CATS,150,arbitrary,MultiMinded,1000,MaxIter,119.73000000001048,2290.7259999999997,1,1825.1,529.46000000000004,1825.1,2648.2240055381435,0,1.4858041043652008,1,30,52,112,62
92,30,31,LinearHeuristicAuction,0.05,0.01,,True,,1000,3600,cats_arbitrary_g30b150,,heuristic,2,False,CATS,150,arbitrary,MultiMinded,1000,MaxIter,124.89999999999418,1880.9630000000002,2,1586.58,901.44949999999994,1612.368,2087.3062624114423,0.0,0.024177172616099085,1,30,111,100,61
93,30,34,LinearHeuristicAuction,0.05,0.01,,True,,1000,3600,cats_arbitrary_g30b150,,heuristic,2,False,CATS,150,arbitrary,MultiMinded,1000,MaxIter,132.54000000000815,1815.7306,1,1434.89,540.21100000000001,1434.89,2012.2615806969125,0,1.9351719328431614,1,30,57,112,64
94,30,36,LinearHeuristicAuction,0.05,0.01,,True,,1000,3600,cats_arbitrary_g30b150,,heuristic,2,False,CATS,150,arbitrary,MultiMinded,1000,MaxIter,123.14000000001397,2435.1574,1,2127.58,687.69500000000005,2105.03,2708.5308201402595,0,38.779879415191317,1,30,112,105,66
95,30,32,LinearHeuristicAuction,0.05,0.01,,True,,1000,3600,cats_arbitrary_g30b150,,heuristic,2,False,CATS,150,arbitrary,MultiMinded,1000,MaxIter,134.0899999999965,2424.051,1,1933.55,792.75099999999998,1556.49,2731.2641645798585,0,0.14727064662559997,1,30,94,109,62
96,30,31,LinearHeuristicAuction,0.05,0.01,,True,,1000,3600,cats_arbitrary_g30b150,,heuristic,2,False,CATS,150,arbitrary,MultiMinded,1000,MaxIter,130.0099999999802,1954.1625,1,1781.86,780.25699999999995,1554.48,2403.9654838110896,0,7.6600581057328441,1,30,42,105,61
97,30,30,LinearHeuristicAuction,0.05,0.01,,True,,1000,3600,cats_arbitrary_g30b150,,heuristic,2,False,CATS,150,arbitrary,MultiMinded,1000,MaxIter,231.75,1794.66,4,1264.09,681.495,1749.6769,1991.0613569908203,160.25124362488145,163.63247126838036,1,30,42,107,60
98,30,32,LinearHeuristicAuction,0.05,0.01,,True,,1000,3600,cats_arbitrary_g30b150,,heuristic,2,False,CATS,150,arbitrary,MultiMinded,1000,MaxIter,124.52999999999884,2145.0272,1,2092.47,967.64100000000008,2092.47,2729.5897326204868,0,4.4598420630297824,1,30,33,98,62
99,30,29,LinearHeuristicAuction,0.05,0.01,,True,,1000,3600,cats_arbitrary_g30b150,,heuristic,2,False,CATS,150,arbitrary,MultiMinded,1000,MaxIter,118.14999999999418,2260.297,1,2093.42,648.17449999999997,1760.11,2812.6679309584047,0,0.42520174513515485,1,30,99,100,59
100,30,37,LinearHeuristicAuction,0.05,0.01,,True,,1000,3600,cats_arbitrary_g30b150,,heuristic,2,False,CATS,150,arbitrary,MultiMinded,1000,MaxIter,124.56000000002678,2260.7916,8,1588.66,496.72000000000003,2229.2587999999996,2482.759172111575,1706.0003104196128,1734.9494555599522,1,30,46,130,67
