idx,items,agents,auction_class,epsilon,stepc,epoch,scalebyvalue,reserve_type,maxiter,maxtime,generator_param_name,personalized,bidding_strategy,heuristic_pool_num,int_prices,generator,bids,distribution,type,rounds,status,runtime,efficient_value,final_num_winners,final_max_agent_value,final_scalevalue,final_value,final_total_price,final_revenue,final_indirect_util,final_price_degree,final_price_sparsity,final_imbalance,final_wd_nvars,final_wd_ncons
1,30,34,AdaptiveCuttingAuction,0.05,0.01,10,True,,1000,3600,cats_arbitrary_g30b150,True,heuristic,2,False,CATS,150,arbitrary,MultiMinded,509,Balance,357.44999999998254,1985.8648,1,1958.65,585.33899999999994,1958.65,1984.4956761644103,1955.2287261644103,1956.5119155943694,23,80,41,113,64
2,30,35,AdaptiveCuttingAuction,0.05,0.01,10,True,,1000,3600,cats_arbitrary_g30b150,True,heuristic,2,False,CATS,150,arbitrary,MultiMinded,53,Balance,20.010000000009313,2197.79,1,2197.79,440.00599999999997,2197.79,2192.6549718819269,2170.6546718819268,2197.0740845356263,6,46,4,97,65
3,30,33,AdaptiveCuttingAuction,0.05,0.01,10,True,,1000,3600,cats_arbitrary_g30b150,True,heuristic,2,False,CATS,150,arbitrary,MultiMinded,467,Balance,371.5899999999965,2537.724,5,1980.67,603.23800000000006,2537.724,2568.139841236316,2417.3303412363157,2420.619643789913,30,75,31,112,63
4,30,33,AdaptiveCuttingAuction,0.05,0.01,10,True,,1000,3600,cats_arbitrary_g30b150,True,heuristic,2,False,CATS,150,arbitrary,MultiMinded,1000,MaxIter,655.0299999999988,2018.328,2,1780.26,501.12400000000002,1804.0013,1928.6282199673458,38.895166289042002,90.59832446980198,19,70,31,110,63
5,30,32,AdaptiveCuttingAuction,0.05,0.01,10,True,,1000,3600,cats_arbitrary_g30b150,True,heuristic,2,False,CATS,150,arbitrary,MultiMinded,1000,MaxIter,1005.9900000000198,1876.8708299999998,6,1770.89,624.08600000000001,1876.8708299999998,2034.7518934161355,1449.8406596318716,1450.5465902268752,30,84,27,115,62
6,30,33,AdaptiveCuttingAuction,0.05,0.01,10,True,,1000,3600,cats_arbitrary_g30b150,True,heuristic,2,False,CATS,150,arbitrary,MultiMinded,1000,MaxIter,685.359999999986,2052.619,3,1672.04,727.22400000000005,1922.7399,2061.6242228535953,26.880610994199344,27.483655993078933,22,75,35,111,63
7,30,30,AdaptiveCuttingAuction,0.05,0.01,10,True,,1000,3600,cats_arbitrary_g30b150,True,heuristic,2,False,CATS,150,arbitrary,MultiMinded,65,Balance,24.029999999998836,2256.612,4,2088.18,661.12950000000001,2256.612,2304.9707523048965,2172.7448523048965,2190.6600245010582,9,48,25,93,60
8,30,35,AdaptiveCuttingAuction,0.05,0.01,10,True,,1000,3600,cats_arbitrary_g30b150,True,heuristic,2,False,CATS,150,arbitrary,MultiMinded,69,Balance,19.55999999999767,1886.9858,9,1721.43,762.18450000000007,1817.7341,1893.4898773342313,1550.5068523342318,1566.2646721793933,7,50,42,94,65
9,30,32,AdaptiveCuttingAuction,0.05,0.01,10,True,,1000,3600,cats_arbitrary_g30b150,True,heuristic,2,False,CATS,150,arbitrary,MultiMinded,47,Balance,13.929999999993015,1903.7699,6,1559.25,844.62750000000005,1903.7699,1996.8101479960321,1743.4218979960317,1767.8309222200296,9,50,27,89,62
10,30,36,AdaptiveCuttingAuction,0.05,0.01,10,True,,1000,3600,cats_arbitrary_g30b150,True,heuristic,2,False,CATS,150,arbitrary,MultiMinded,350,Balance,269.8099999999977,2500.0740000000005,9,2217.68,621.28700000000003,2479.926,2563.4724884803186,2283.8933384803181,2292.5629222594821,13,69,39,119,66
11,30,30,AdaptiveCuttingAuction,0.05,0.01,10,True,,1000,3600,cats_arbitrary_g30b150,True,heuristic,2,False,CATS,150,arbitrary,MultiMinded,1000,MaxIter,379.0099999999802,1868.241,4,1447.57,637.68550000000005,1868.241,1922.7374716918453,1271.0273911031513,1275.5217787324671,8,53,62,97,60
12,30,32,AdaptiveCuttingAuction,0.05,0.01,10,True,,1000,3600,cats_arbitrary_g30b150,True,heuristic,2,False,CATS,150,arbitrary,MultiMinded,347,Balance,259.6800000000221,1629.6809799999999,6,1454.03,563.44500000000005,1622.07638,1695.0760882121876,1526.2397107696984,1527.299073790869,30,81,23,112,62
13,30,33,AdaptiveCuttingAuction,0.05,0.01,10,True,,1000,3600,cats_arbitrary_g30b150,True,heuristic,2,False,CATS,150,arbitrary,MultiMinded,122,Balance,44.39999999999418,1977.1191,4,1667.86,707.56150000000002,1912.6510999999998,1943.0282132478105,1801.5159132478104,1811.9453148721655,8,49,39,92,63
14,30,33,AdaptiveCuttingAuction,0.05,0.01,10,True,,1000,3600,cats_arbitrary_g30b150,True,heuristic,2,False,CATS,150,arbitrary,MultiMinded,72,Balance,24.679999999993015,2717.117,6,1791.51,726.46749999999997,2717.117,2624.1954646705562,2406.2552146705561,2539.4629611720625,9,51,37,97,63
15,30,30,AdaptiveCuttingAuction,0.05,0.01,10,True,,1000,3600,cats_arbitrary_g30b150,True,heuristic,2,False,CATS,150,arbitrary,MultiMinded,1000,MaxIter,351.89000000001397,2171.381,4,1868.55,921.70799999999997,2171.381,2202.4396658874812,1910.1845236678919,1930.7048400698975,11,46,22,83,60
16,30,34,AdaptiveCuttingAuction,0.05,0.01,10,True,,1000,3600,cats_arbitrary_g30b150,True,heuristic,2,False,CATS,150,arbitrary,MultiMinded,1000,MaxIter,755.3800000000047,2091.4660000000003,6,1581.43,466.154,1829.571,2103.8488454780568,605.59329092668247,607.77819063752611,21,76,41,119,64
17,30,32,AdaptiveCuttingAuction,0.05,0.01,10,True,,1000,3600,cats_arbitrary_g30b150,True,heuristic,2,False,CATS,150,arbitrary,MultiMinded,46,Balance,12.049999999988358,1828.406,8,1506.32,727.10699999999997,1669.1732,1768.0139855756108,1477.1711855756107,1539.5088830529821,10,49,81,87,62
18,30,33,AdaptiveCuttingAuction,0.05,0.01,10,True,,1000,3600,cats_arbitrary_g30b150,True,heuristic,2,False,CATS,150,arbitrary,MultiMinded,121,Balance,39.529999999998836,2345.2870000000003,3,2117.29,776.08299999999997,2345.2870000000003,2370.2902563223852,2253.8778063223854,2268.1930309643899,11,46,33,90,63
19,30,34,AdaptiveCuttingAuction,0.05,0.01,10,True,,1000,3600,cats_arbitrary_g30b150,True,heuristic,2,False,CATS,150,arbitrary,MultiMinded,600,Balance,349.4200000000128,2287.142,4,1551.3,564.779,2272.415,2310.1699095277686,2197.2141095277684,2203.8346583755119,21,73,47,106,64
20,30,34,AdaptiveCuttingAuction,0.05,0.01,10,True,,1000,3600,cats_arbitrary_g30b150,True,heuristic,2,False,CATS,150,arbitrary,MultiMinded,41,Balance,21.820000000006985,1940.03319,5,1543.36,583.99600000000009,1904.692,1908.1012797557973,1762.1022797557969,1788.2935008969953,8,47,23,99,64
21,30,32,AdaptiveCuttingAuction,0.05,0.01,10,True,,1000,3600,cats_arbitrary_g30b150,True,heuristic,2,False,CATS,150,arbitrary,MultiMinded,1000,MaxIter,397.11999999999534,1599.0811999999999,5,1355.45,695.58449999999993,1524.8642000000002,1587.4411580676217,1091.6347855265431,1100.809028690423,26,69,19,91,62
22,30,33,AdaptiveCuttingAuction,0.05,0.01,10,True,,1000,3600,cats_arbitrary_g30b150,True,heuristic,2,False,CATS,150,arbitrary,MultiMinded,147,Balance,52.35999999998603,2282.8423000000003,8,1879.28,739.774,2107.9635000000003,2180.3201178231925,1884.4105178231919,1909.1430884593728,9,44,80,85,63
23,30,33,AdaptiveCuttingAuction,0.05,0.01,10,True,,1000,3600,cats_arbitrary_g30b150,True,heuristic,2,False,CATS,150,arbitrary,MultiMinded,317,Balance,292.5099999999802,2403.9993,3,2044.82,717.20399999999995,2389.5669999999996,2402.3462001002645,2294.7656001002642,2294.7656001002642,30,77,24,104,63
24,30,30,AdaptiveCuttingAuction,0.05,0.01,10,True,,1000,3600,cats_arbitrary_g30b150,True,heuristic,2,False,CATS,150,arbitrary,MultiMinded,1000,MaxIter,1297.9799999999814,2126.121,4,1969.43,482.00350000000003,2084.714,2157.3698291208129,1209.0866733221787,1214.9779776296323,30,95,47,122,60
25,30,29,AdaptiveCuttingAuction,0.05,0.01,10,True,,1000,3600,cats_arbitrary_g30b150,True,heuristic,2,False,CATS,150,arbitrary,MultiMinded,1000,MaxIter,478.9200000000128,1852.1607,5,1764.81,936.35900000000004,1852.1607,1990.9945653308478,1619.8349253707358,1620.4492982361644,28,71,44,101,59
26,30,39,AdaptiveCuttingAuction,0.05,0.01,10,True,,1000,3600,cats_arbitrary_g30b150,True,heuristic,2,False,CATS,150,arbitrary,MultiMinded,112,Balance,63.10000000000582,2465.4804,7,1489.25,632.89699999999993,2465.4804,2461.6035411108478,2240.0895911108482,2280.0072377669103,8,51,32,103,69
27,30,29,AdaptiveCuttingAuction,0.05,0.01,10,True,,1000,3600,cats_arbitrary_g30b150,True,heuristic,2,False,CATS,150,arbitrary,MultiMinded,359,Balance,144.44000000000233,2275.4269999999997,4,1932.93,759.11900000000003,2186.5570000000002,2223.3333458455882,2071.509545845588,2080.7185618763519,27,56,70,92,59
28,30,31,AdaptiveCuttingAuction,0.05,0.01,10,True,,1000,3600,cats_arbitrary_g30b150,True,heuristic,2,False,CATS,150,arbitrary,MultiMinded,84,Balance,51.86999999999534,2301.5724,7,1458.94,613.274,1916.5634,1950.4298086974786,1735.7839086974789,1747.5822774560186,8,42,38,97,61
29,30,29,AdaptiveCuttingAuction,0.05,0.01,10,True,,1000,3600,cats_arbitrary_g30b150,True,heuristic,2,False,CATS,150,arbitrary,MultiMinded,46,Balance,14.670000000012806,2007.782,6,1669.06,662.85299999999995,1965.2150000000001,2015.8884237947721,1817.032523794772,1833.5150928241267,11,46,15,88,59
30,30,35,AdaptiveCuttingAuction,0.05,0.01,10,True,,1000,3600,cats_arbitrary_g30b150,True,heuristic,2,False,CATS,150,arbitrary,MultiMinded,1000,MaxIter,743.3099999999977,2161.8298999999997,5,1539.73,524.54999999999995,1939.6628999999998,2215.1285894625212,690.21093876934435,730.95492486904186,30,70,10,108,65
31,30,32,AdaptiveCuttingAuction,0.05,0.01,10,True,,1000,3600,cats_arbitrary_g30b150,True,heuristic,2,False,CATS,150,arbitrary,MultiMinded,1000,MaxIter,916.8299999999872,2453.359,7,1724.13,512.56299999999999,2356.5290000000005,2427.7183881200663,1628.0463508732907,1689.3798920531272,21,70,26,114,62
32,30,34,AdaptiveCuttingAuction,0.05,0.01,10,True,,1000,3600,cats_arbitrary_g30b150,True,heuristic,2,False,CATS,150,arbitrary,MultiMinded,1000,MaxIter,1032.4400000000023,1818.8858,8,1643.98,574.70600000000002,1782.7450000000001,1854.0396216553377,968.28620454980251,970.20535900178686,30,70,42,117,64
33,30,33,AdaptiveCuttingAuction,0.05,0.01,10,True,,1000,3600,cats_arbitrary_g30b150,True,heuristic,2,False,CATS,150,arbitrary,MultiMinded,294,Balance,142.93000000002212,1944.8153000000002,6,1618.49,617.12249999999995,1944.8153000000002,1959.2974838452924,1774.1607338452925,1792.926143271543,15,71,36,105,63
34,30,31,AdaptiveCuttingAuction,0.05,0.01,10,True,,1000,3600,cats_arbitrary_g30b150,True,heuristic,2,False,CATS,150,arbitrary,MultiMinded,1000,MaxIter,434.9899999999907,2467.5019,6,2102.79,578.16200000000003,2146.4205,2448.2201554249737,1171.944676960878,1177.3555597656573,29,72,38,99,61
35,30,32,AdaptiveCuttingAuction,0.05,0.01,10,True,,1000,3600,cats_arbitrary_g30b150,True,heuristic,2,False,CATS,150,arbitrary,MultiMinded,56,Balance,22.480000000010477,2108.201,2,1910.3,506.57900000000001,2108.201,2132.8265424638003,2082.1686424638001,2093.5077257353296,7,48,56,100,62
36,30,35,AdaptiveCuttingAuction,0.05,0.01,10,True,,1000,3600,cats_arbitrary_g30b150,True,heuristic,2,False,CATS,150,arbitrary,MultiMinded,56,Balance,15.879999999975553,1942.8097999999998,6,1649.39,704.06799999999998,1942.8097999999998,1964.9972238195992,1753.7768238195988,1805.2973791910367,9,48,24,91,65
37,30,33,AdaptiveCuttingAuction,0.05,0.01,10,True,,1000,3600,cats_arbitrary_g30b150,True,heuristic,2,False,CATS,150,arbitrary,MultiMinded,1000,MaxIter,730.7700000000186,1975.334,6,1881.03,532.89949999999999,1922.4406,2001.0307282571682,1676.3464789225886,1680.0883479165723,28,67,39,112,63
38,30,32,AdaptiveCuttingAuction,0.05,0.01,10,True,,1000,3600,cats_arbitrary_g30b150,True,heuristic,2,False,CATS,150,arbitrary,MultiMinded,749,Balance,571.2099999999919,2501.4829999999997,6,2312.06,839.32600000000002,2406.3703,2477.9622795471337,2226.1644795471334,2229.0998523382159,28,64,39,109,62
39,30,34,AdaptiveCuttingAuction,0.05,0.01,10,True,,1000,3600,cats_arbitrary_g30b150,True,heuristic,2,False,CATS,150,arbitrary,MultiMinded,1000,MaxIter,543.5599999999977,2311.536,6,2186.45,533.95749999999998,2310.6023,2354.3169946467374,2091.9318301143671,2095.5156537092935,25,66,26,103,64
40,30,31,AdaptiveCuttingAuction,0.05,0.01,10,True,,1000,3600,cats_arbitrary_g30b150,True,heuristic,2,False,CATS,150,arbitrary,MultiMinded,43,Balance,13.700000000011642,1922.01,5,1548.35,753.33299999999997,1922.01,1980.6838994337254,1792.3506494337259,1828.2594679506326,8,48,38,83,61
41,30,32,AdaptiveCuttingAuction,0.05,0.01,10,True,,1000,3600,cats_arbitrary_g30b150,True,heuristic,2,False,CATS,150,arbitrary,MultiMinded,1000,MaxIter,629.4599999999919,1899.3063,5,1626.29,567.45299999999997,1899.3063,1934.4052465085435,1705.5258070722923,1708.5745802465469,30,83,25,107,62
42,30,35,AdaptiveCuttingAuction,0.05,0.01,10,True,,1000,3600,cats_arbitrary_g30b150,True,heuristic,2,False,CATS,150,arbitrary,MultiMinded,717,Balance,688.8500000000058,2374.3837000000003,4,1682.91,707.67899999999997,2294.7192,2340.5061368012534,2198.9703368012538,2203.4060693534088,30,66,43,107,65
43,30,36,AdaptiveCuttingAuction,0.05,0.01,10,True,,1000,3600,cats_arbitrary_g30b150,True,heuristic,2,False,CATS,150,arbitrary,MultiMinded,53,Balance,20.880000000004657,2385.76,1,2385.76,501.80000000000001,2385.76,2374.3621947899919,2349.2721947899918,2406.541653634185,10,48,10,103,66
44,30,35,AdaptiveCuttingAuction,0.05,0.01,10,True,,1000,3600,cats_arbitrary_g30b150,True,heuristic,2,False,CATS,150,arbitrary,MultiMinded,1000,MaxIter,1567.1499999999942,2079.9506999999994,5,1845.76,468.2165,1871.3001,2010.5158507526407,603.32814535055661,604.52821650152509,14,78,59,121,65
45,30,30,AdaptiveCuttingAuction,0.05,0.01,10,True,,1000,3600,cats_arbitrary_g30b150,True,heuristic,2,False,CATS,150,arbitrary,MultiMinded,1000,MaxIter,672.9199999999837,1973.4939,6,1684.69,518.44550000000004,1779.3477,2042.4625753375042,1120.4647558466925,1121.3850051940713,24,69,39,107,60
46,30,33,AdaptiveCuttingAuction,0.05,0.01,10,True,,1000,3600,cats_arbitrary_g30b150,True,heuristic,2,False,CATS,150,arbitrary,MultiMinded,268,Balance,160.45999999999185,2174.927,5,1703.31,577.08699999999999,2174.927,2193.5290103668226,2049.2572603668227,2079.3237527022939,30,75,6,101,63
47,30,36,AdaptiveCuttingAuction,0.05,0.01,10,True,,1000,3600,cats_arbitrary_g30b150,True,heuristic,2,False,CATS,150,arbitrary,MultiMinded,925,Balance,738.9899999999907,2134.903,8,1579.3,488.0025,2134.903,2188.4006807988221,1993.1996807988216,1999.1873909850926,28,76,42,119,66
48,30,36,AdaptiveCuttingAuction,0.05,0.01,10,True,,1000,3600,cats_arbitrary_g30b150,True,heuristic,2,False,CATS,150,arbitrary,MultiMinded,1000,MaxIter,760.710000000021,2120.0323,9,1723.29,500.82099999999997,2049.5620000000004,2139.5898915731741,1347.3828984085756,1349.3791728608237,23,74,36,117,66
49,30,32,AdaptiveCuttingAuction,0.05,0.01,10,True,,1000,3600,cats_arbitrary_g30b150,True,heuristic,2,False,CATS,150,arbitrary,MultiMinded,611,Balance,402.10999999998603,1825.5846,9,1448.16,458.54599999999999,1804.6960000000001,1860.8284204128786,1654.4827204128783,1656.8339923101407,26,69,21,115,62
50,30,32,AdaptiveCuttingAuction,0.05,0.01,10,True,,1000,3600,cats_arbitrary_g30b150,True,heuristic,2,False,CATS,150,arbitrary,MultiMinded,125,Balance,49.220000000001164,2387.589,3,2137.71,881.64700000000005,2372.596,2384.4913132163515,2252.2442632163511,2294.0811455855064,9,49,34,90,62
51,30,31,AdaptiveCuttingAuction,0.05,0.01,10,True,,1000,3600,cats_arbitrary_g30b150,True,heuristic,2,False,CATS,150,arbitrary,MultiMinded,177,Balance,62.579999999987194,2404.514,4,2207.65,681.84050000000002,2404.514,2429.4424051553287,2293.0743051553291,2323.8349317912607,7,48,33,91,61
52,30,34,AdaptiveCuttingAuction,0.05,0.01,10,True,,1000,3600,cats_arbitrary_g30b150,True,heuristic,2,False,CATS,150,arbitrary,MultiMinded,129,Balance,55.139999999984866,2070.7699000000002,7,1761.92,837.09500000000003,1926.631,2012.5588184565258,1719.5755684565261,1729.1156551418132,7,50,64,97,64
53,30,34,AdaptiveCuttingAuction,0.05,0.01,10,True,,1000,3600,cats_arbitrary_g30b150,True,heuristic,2,False,CATS,150,arbitrary,MultiMinded,251,Balance,144.04000000000815,1944.8844,7,1588.82,654.95799999999997,1944.8844,1955.8767873960041,1726.6414873960045,1753.4971619476216,13,65,29,100,64
54,30,30,AdaptiveCuttingAuction,0.05,0.01,10,True,,1000,3600,cats_arbitrary_g30b150,True,heuristic,2,False,CATS,150,arbitrary,MultiMinded,218,Balance,74.31999999997788,2678.4509,3,2281.57,746.976,2678.4509,2650.0350753537123,2537.9886753537121,2610.1075978148056,9,47,34,96,60
55,30,31,AdaptiveCuttingAuction,0.05,0.01,10,True,,1000,3600,cats_arbitrary_g30b150,True,heuristic,2,False,CATS,150,arbitrary,MultiMinded,79,Balance,23.029999999998836,2211.653,6,1943.48,726.06700000000001,2052.2059,2073.0384114783228,1870.676944111771,1922.3608689387347,8,50,71,92,61
56,30,29,AdaptiveCuttingAuction,0.05,0.01,10,True,,1000,3600,cats_arbitrary_g30b150,True,heuristic,2,False,CATS,150,arbitrary,MultiMinded,79,Balance,21.669999999983702,2093.229,3,1877.5,714.9369999999999,2093.229,2090.5202875187324,1983.2797375187326,2040.2983435374342,6,49,70,86,59
57,30,31,AdaptiveCuttingAuction,0.05,0.01,10,True,,1000,3600,cats_arbitrary_g30b150,True,heuristic,2,False,CATS,150,arbitrary,MultiMinded,107,Balance,37.69000000000233,2015.9576000000002,4,1667.14,591.51199999999994,1970.6889999999999,1962.7990561818501,1844.4966561818508,1884.0530153097322,30,65,41,95,61
58,30,33,AdaptiveCuttingAuction,0.05,0.01,10,True,,1000,3600,cats_arbitrary_g30b150,True,heuristic,2,False,CATS,150,arbitrary,MultiMinded,640,Balance,360.86999999999534,2213.6252,7,1937.47,893.10799999999995,2101.7287,2151.8161279454257,1839.2283279454252,1851.932288570981,30,68,75,95,63
59,30,31,AdaptiveCuttingAuction,0.05,0.01,10,True,,1000,3600,cats_arbitrary_g30b150,True,heuristic,2,False,CATS,150,arbitrary,MultiMinded,87,Balance,22.39999999999418,2195.5229,5,1710.57,782.62599999999998,2189.5379,2185.0812933170355,1989.4247933170352,2083.9999233477097,10,47,63,88,61
60,30,36,AdaptiveCuttingAuction,0.05,0.01,10,True,,1000,3600,cats_arbitrary_g30b150,True,heuristic,2,False,CATS,150,arbitrary,MultiMinded,515,Balance,415.54999999998836,1802.554,4,1574.08,671.95349999999996,1802.554,1852.0966522573553,1717.7059522573552,1717.7062691899059,26,68,29,108,66
61,30,33,AdaptiveCuttingAuction,0.05,0.01,10,True,,1000,3600,cats_arbitrary_g30b150,True,heuristic,2,False,CATS,150,arbitrary,MultiMinded,160,Balance,47.51999999998952,1724.4375,5,1339.03,584.49199999999996,1724.4375,1743.6569942956251,1605.7820300582753,1617.7529356881328,7,53,35,94,63
62,30,36,AdaptiveCuttingAuction,0.05,0.01,10,True,,1000,3600,cats_arbitrary_g30b150,True,heuristic,2,False,CATS,150,arbitrary,MultiMinded,448,Balance,231.21000000002095,2437.0683000000004,6,1933.61,814.90999999999997,2291.9831999999997,2309.0231283393714,2064.5501283393714,2074.0722545253666,17,60,33,94,66
63,30,34,AdaptiveCuttingAuction,0.05,0.01,10,True,,1000,3600,cats_arbitrary_g30b150,True,heuristic,2,False,CATS,150,arbitrary,MultiMinded,1000,MaxIter,777.5,2003.24,1,2003.24,494.63999999999999,1997.34,2090.7531526374669,0,1.2037522189614549,30,72,29,108,64
64,30,34,AdaptiveCuttingAuction,0.05,0.01,10,True,,1000,3600,cats_arbitrary_g30b150,True,heuristic,2,False,CATS,150,arbitrary,MultiMinded,328,Balance,200.54999999998836,2039.0195999999999,8,1809.03,585.17600000000004,1992.5956,1984.1964880582636,1750.1260880582633,1787.1968755665916,29,71,17,109,64
65,30,36,AdaptiveCuttingAuction,0.05,0.01,10,True,,1000,3600,cats_arbitrary_g30b150,True,heuristic,2,False,CATS,150,arbitrary,MultiMinded,160,Balance,93.77999999999884,1894.2412000000002,5,1377.42,663.9670000000001,1891.3928,1923.232236442062,1767.1489078434006,1834.3130510033736,30,66,82,105,66
66,30,33,AdaptiveCuttingAuction,0.05,0.01,10,True,,1000,3600,cats_arbitrary_g30b150,True,heuristic,2,False,CATS,150,arbitrary,MultiMinded,102,Balance,47.279999999998836,2454.29,1,2454.29,522.13300000000004,2454.29,2464.0022848402295,2437.8956348402294,2462.301758327219,8,52,7,102,63
67,30,31,AdaptiveCuttingAuction,0.05,0.01,10,True,,1000,3600,cats_arbitrary_g30b150,True,heuristic,2,False,CATS,150,arbitrary,MultiMinded,761,Balance,459.679999999993,2341.4958,7,2017.46,785.07600000000002,2333.7981,2398.8838986473675,2130.9338958074622,2131.5899392115634,23,55,24,97,61
68,30,31,AdaptiveCuttingAuction,0.05,0.01,10,True,,1000,3600,cats_arbitrary_g30b150,True,heuristic,2,False,CATS,150,arbitrary,MultiMinded,68,Balance,29.29000000000815,2082.3165,6,1694.51,536.65000000000009,2082.3165,2076.5288903518785,1915.5338903518789,1960.1243350458735,30,67,30,96,61
69,30,32,AdaptiveCuttingAuction,0.05,0.01,10,True,,1000,3600,cats_arbitrary_g30b150,True,heuristic,2,False,CATS,150,arbitrary,MultiMinded,198,Balance,75.32000000000698,2088.0744,5,1731.11,855.64499999999998,1994.7818,2031.3280285338035,1822.0148953403109,1835.2794194690466,9,49,66,96,62
70,30,33,AdaptiveCuttingAuction,0.05,0.01,10,True,,1000,3600,cats_arbitrary_g30b150,True,heuristic,2,False,CATS,150,arbitrary,MultiMinded,95,Balance,35.80000000001746,2258.578,4,1454.94,617.26599999999996,2258.578,2177.3754457631512,2053.9222457631513,2140.1414269297366,30,71,46,93,63
71,30,33,AdaptiveCuttingAuction,0.05,0.01,10,True,,1000,3600,cats_arbitrary_g30b150,True,heuristic,2,False,CATS,150,arbitrary,MultiMinded,440,Balance,230.52999999999884,2247.3372,7,1920.4,499.70499999999998,2247.3372,2236.8435039362894,2061.9467539362895,2104.7544959405641,25,69,46,106,63
72,30,39,AdaptiveCuttingAuction,0.05,0.01,10,True,,1000,3600,cats_arbitrary_g30b150,True,heuristic,2,False,CATS,150,arbitrary,MultiMinded,48,Balance,40.16000000000349,2410.0175,9,1662.34,705.94000000000005,2350.0835,2500.1106844423921,2182.4376844423919,2229.2007390534995,12,55,69,107,69
73,30,34,AdaptiveCuttingAuction,0.05,0.01,10,True,,1000,3600,cats_arbitrary_g30b150,True,heuristic,2,False,CATS,150,arbitrary,MultiMinded,1000,MaxIter,640.4200000000128,2015.5892,8,1380.57,479.64299999999997,1787.254,2076.8520127519978,456.11096885731735,489.17472385026173,22,72,33,118,64
74,30,36,AdaptiveCuttingAuction,0.05,0.01,10,True,,1000,3600,cats_arbitrary_g30b150,True,heuristic,2,False,CATS,150,arbitrary,MultiMinded,522,Balance,438.2700000000186,2042.097,7,1285.64,413.78699999999998,2042.097,2062.6783662229604,1917.8529162229597,1920.6473722454064,30,93,20,118,66
75,30,28,AdaptiveCuttingAuction,0.05,0.01,10,True,,1000,3600,cats_arbitrary_g30b150,True,heuristic,2,False,CATS,150,arbitrary,MultiMinded,1000,MaxIter,371.9100000000035,1952.3077,4,1522.4,797.30549999999994,1795.56759,2096.2518603780827,484.44587670693477,488.63556726076979,11,51,32,90,58
76,30,35,AdaptiveCuttingAuction,0.05,0.01,10,True,,1000,3600,cats_arbitrary_g30b150,True,heuristic,2,False,CATS,150,arbitrary,MultiMinded,1000,MaxIter,557.6600000000035,2241.3282000000004,8,1991.23,695.48000000000002,2057.212,2386.591419319042,1382.2683390581019,1407.0871544515792,27,73,35,111,65
77,30,29,AdaptiveCuttingAuction,0.05,0.01,10,True,,1000,3600,cats_arbitrary_g30b150,True,heuristic,2,False,CATS,150,arbitrary,MultiMinded,38,Balance,11.339999999996508,2086.98,5,1735.17,697.00749999999994,2086.98,2121.2573520085625,1947.0054770085624,1980.2681790659374,12,46,62,93,59
78,30,34,AdaptiveCuttingAuction,0.05,0.01,10,True,,1000,3600,cats_arbitrary_g30b150,True,heuristic,2,False,CATS,150,arbitrary,MultiMinded,316,Balance,205.35000000000582,2141.5101999999997,5,1833.54,620.51150000000007,2123.05,2151.3461743708144,1996.2182993708143,2006.6837738799093,26,65,56,98,64
79,30,32,AdaptiveCuttingAuction,0.05,0.01,10,True,,1000,3600,cats_arbitrary_g30b150,True,heuristic,2,False,CATS,150,arbitrary,MultiMinded,190,Balance,68.22000000000116,2182.6516,3,1753.74,722.10699999999997,2133.9480000000003,2141.2664643676994,2032.9504143676998,2080.6201447755334,29,72,26,96,62
80,30,31,AdaptiveCuttingAuction,0.05,0.01,10,True,,1000,3600,cats_arbitrary_g30b150,True,heuristic,2,False,CATS,150,arbitrary,MultiMinded,135,Balance,44.08999999999651,2157.0797,7,1772.89,656.88249999999994,2065.5697,2153.7310553491275,1923.8221803491272,1964.5504380120708,9,50,43,105,61
81,30,31,AdaptiveCuttingAuction,0.05,0.01,10,True,,1000,3600,cats_arbitrary_g30b150,True,heuristic,2,False,CATS,150,arbitrary,MultiMinded,1000,MaxIter,557.7999999999884,1755.3018000000002,7,1603.71,647.50199999999995,1755.3018000000002,1873.9580167121285,1332.5668428728968,1334.5528458440745,27,55,25,99,61
82,30,34,AdaptiveCuttingAuction,0.05,0.01,10,True,,1000,3600,cats_arbitrary_g30b150,True,heuristic,2,False,CATS,150,arbitrary,MultiMinded,143,Balance,80.19999999998254,2385.8982,5,2112.36,790.75199999999995,2385.8982,2455.7381088564334,2258.0501088564338,2259.412985940904,28,57,10,99,64
83,30,32,AdaptiveCuttingAuction,0.05,0.01,10,True,,1000,3600,cats_arbitrary_g30b150,True,heuristic,2,False,CATS,150,arbitrary,MultiMinded,1000,MaxIter,454.4900000000198,2059.99,4,1826.87,768.11400000000003,1874.9722,2111.9423224153788,743.44298201809409,750.67911963535028,22,62,29,94,62
84,30,33,AdaptiveCuttingAuction,0.05,0.01,10,True,,1000,3600,cats_arbitrary_g30b150,True,heuristic,2,False,CATS,150,arbitrary,MultiMinded,169,Balance,91.69000000000233,1978.9186000000002,5,1758.88,838.20399999999995,1914.7676000000001,1987.6680501504375,1788.0748733366815,1788.8841353887817,28,67,38,99,63
85,30,33,AdaptiveCuttingAuction,0.05,0.01,10,True,,1000,3600,cats_arbitrary_g30b150,True,heuristic,2,False,CATS,150,arbitrary,MultiMinded,183,Balance,71.13000000000466,2216.0256,6,2078.55,626.62099999999998,2216.0256,2242.929638690086,2054.9433386900869,2060.1151204564171,7,45,31,95,63
86,30,31,AdaptiveCuttingAuction,0.05,0.01,10,True,,1000,3600,cats_arbitrary_g30b150,True,heuristic,2,False,CATS,150,arbitrary,MultiMinded,102,Balance,29.09000000002561,2283.532,2,1809.12,745.29950000000008,2283.532,2324.8786833830818,2250.3487333830817,2269.4762356316928,9,51,35,89,61
87,30,36,AdaptiveCuttingAuction,0.05,0.01,10,True,,1000,3600,cats_arbitrary_g30b150,True,heuristic,2,False,CATS,150,arbitrary,MultiMinded,1000,MaxIter,983.9700000000012,2522.6901999999995,6,2032.58,563.31899999999996,2522.6901999999995,2558.3666706197359,1385.0009891652744,1386.4408351324187,27,76,35,116,66
88,30,35,AdaptiveCuttingAuction,0.05,0.01,10,True,,1000,3600,cats_arbitrary_g30b150,True,heuristic,2,False,CATS,150,arbitrary,MultiMinded,1000,MaxIter,757.8300000000163,2265.08,8,1820.47,452.93900000000002,2103.917,2281.729010811744,1564.796806780729,1566.7977417443381,27,80,52,120,65
89,30,28,AdaptiveCuttingAuction,0.05,0.01,10,True,,1000,3600,cats_arbitrary_g30b150,True,heuristic,2,False,CATS,150,arbitrary,MultiMinded,288,Balance,70.76000000000931,1895.8706000000002,4,1412.37,685.88149999999996,1895.8706000000002,1922.6760769960997,1785.4997769960996,1793.277183858248,9,42,29,85,58
90,30,33,AdaptiveCuttingAuction,0.05,0.01,10,True,,1000,3600,cats_arbitrary_g30b150,True,heuristic,2,False,CATS,150,arbitrary,MultiMinded,230,Balance,154.5,2397.1789,4,2224.82,593.16800000000001,2323.99,2352.3683178946508,2233.7347178946507,2244.0520995045654,30,80,69,102,63
91,30,32,AdaptiveCuttingAuction,0.05,0.01,10,True,,1000,3600,cats_arbitrary_g30b150,True,heuristic,2,False,CATS,150,arbitrary,MultiMinded,222,Balance,227.06000000002678,2290.7259999999997,4,1825.1,529.46000000000004,2222.3869999999997,2231.5221951615367,2125.6301951615369,2145.3468771830258,30,74,28,105,62
92,30,31,AdaptiveCuttingAuction,0.05,0.01,10,True,,1000,3600,cats_arbitrary_g30b150,True,heuristic,2,False,CATS,150,arbitrary,MultiMinded,147,Balance,48.639999999984866,1880.9630000000002,4,1586.58,901.44949999999994,1874.9289999999999,1922.7477481463586,1750.4355936545812,1761.7092950654062,12,48,36,93,61
93,30,34,AdaptiveCuttingAuction,0.05,0.01,10,True,,1000,3600,cats_arbitrary_g30b150,True,heuristic,2,False,CATS,150,arbitrary,MultiMinded,137,Balance,54.62999999997555,1815.7306,5,1434.89,540.21100000000001,1811.0665999999999,1841.9777673548292,1706.9250173548294,1707.0380375704462,14,63,42,106,64
94,30,36,AdaptiveCuttingAuction,0.05,0.01,10,True,,1000,3600,cats_arbitrary_g30b150,True,heuristic,2,False,CATS,150,arbitrary,MultiMinded,104,Balance,40.26000000000931,2435.1574,5,2127.58,687.69500000000005,2435.1574,2467.9705502760658,2296.0468002760654,2328.4002939771426,8,50,31,95,66
95,30,32,AdaptiveCuttingAuction,0.05,0.01,10,True,,1000,3600,cats_arbitrary_g30b150,True,heuristic,2,False,CATS,150,arbitrary,MultiMinded,1000,MaxIter,655.7099999999919,2424.051,4,1933.55,792.75099999999998,2109.9565000000002,2487.9729876336914,639.8600562202148,655.34741983804997,30,82,33,107,62
96,30,31,AdaptiveCuttingAuction,0.05,0.01,10,True,,1000,3600,cats_arbitrary_g30b150,True,heuristic,2,False,CATS,150,arbitrary,MultiMinded,56,Balance,17.170000000012806,1954.1625,6,1781.86,780.25699999999995,1954.1625,2061.4120265123406,1827.3349265123406,1856.3942590580921,8,52,84,83,61
97,30,30,AdaptiveCuttingAuction,0.05,0.01,10,True,,1000,3600,cats_arbitrary_g30b150,True,heuristic,2,False,CATS,150,arbitrary,MultiMinded,952,Balance,500.54000000000815,1794.66,4,1264.09,681.495,1794.66,1831.4604955949683,1695.1614955949683,1696.8816163814665,22,61,72,98,60
98,30,32,AdaptiveCuttingAuction,0.05,0.01,10,True,,1000,3600,cats_arbitrary_g30b150,True,heuristic,2,False,CATS,150,arbitrary,MultiMinded,354,Balance,146.8399999999965,2145.0272,6,2092.47,967.64100000000008,2145.0272,2205.8631648625346,1915.5708648625352,1922.5359773159967,30,69,26,92,62
99,30,29,AdaptiveCuttingAuction,0.05,0.01,10,True,,1000,3600,cats_arbitrary_g30b150,True,heuristic,2,False,CATS,150,arbitrary,MultiMinded,876,Balance,433.0099999999802,2260.297,5,2093.42,648.17449999999997,2142.06,2172.6655170280746,2010.6218920280746,2022.4441071399792,25,68,55,100,59
100,30,37,AdaptiveCuttingAuction,0.05,0.01,10,True,,1000,3600,cats_arbitrary_g30b150,True,heuristic,2,False,CATS,150,arbitrary,MultiMinded,274,Balance,162.0900000000256,2260.7916,9,1588.66,496.72000000000003,2250.3128,2245.7246236398883,2022.2006236398884,2078.3478349451625,11,2331,48,116,67
