idx,items,agents,auction_class,epsilon,stepc,epoch,scalebyvalue,reserve_type,maxiter,maxtime,generator_param_name,personalized,bidding_strategy,heuristic_pool_num,int_prices,generator,bids,distribution,type,rounds,status,runtime,efficient_value,final_num_winners,final_max_agent_value,final_scalevalue,final_value,final_total_price,final_revenue,final_indirect_util,final_price_degree,final_price_sparsity,final_imbalance,final_wd_nvars,final_wd_ncons
1,30,34,LinearSubgradientAuction,0.05,0.02,,True,,1000,3600,cats_arbitrary_g30b150,,heuristic,3,False,CATS,150,arbitrary,MultiMinded,1000,MaxIter,1401.0599999999977,1985.8648,8,1958.65,585.33899999999994,1029.5677,2526.1839207335852,418.80657432460805,429.25894229618632,1,30,20,2074,3124
2,30,35,LinearSubgradientAuction,0.05,0.02,,True,,1000,3600,cats_arbitrary_g30b150,,heuristic,3,False,CATS,150,arbitrary,MultiMinded,1000,MaxIter,1459.800000000003,2197.79,10,2197.79,440.00599999999997,803.2249,2410.8255791794095,280.87200048963547,282.7953919648246,1,30,57,2135,3215
3,30,33,LinearSubgradientAuction,0.05,0.02,,True,,1000,3600,cats_arbitrary_g30b150,,heuristic,3,False,CATS,150,arbitrary,MultiMinded,1000,MaxIter,1372.929999999993,2537.724,5,1980.67,603.23800000000006,1144.093,3143.9259347689749,556.93644958511459,596.99266448384594,1,30,24,2013,3033
4,30,33,LinearSubgradientAuction,0.05,0.02,,True,,1000,3600,cats_arbitrary_g30b150,,heuristic,3,False,CATS,150,arbitrary,MultiMinded,1000,MaxIter,1382.7799999999988,2018.328,4,1780.26,501.12400000000002,723.7953,2425.7403906281047,38.665010653686437,55.032893075247458,1,30,21,2013,3033
5,30,32,LinearSubgradientAuction,0.05,0.02,,True,,1000,3600,cats_arbitrary_g30b150,,heuristic,3,False,CATS,150,arbitrary,MultiMinded,1000,MaxIter,1303.6000000000058,1876.8708299999998,2,1770.89,624.08600000000001,369.38653,2446.612083806594,0.0,1.0014699079912743,1,30,29,1952,2942
6,30,33,LinearSubgradientAuction,0.05,0.02,,True,,1000,3600,cats_arbitrary_g30b150,,heuristic,3,False,CATS,150,arbitrary,MultiMinded,1000,MaxIter,1372.6300000000047,2052.619,3,1672.04,727.22400000000005,1043.556,2797.1230991446946,274.52787891680163,285.90979873129737,1,30,17,2013,3033
7,30,30,LinearSubgradientAuction,0.05,0.02,,True,,1000,3600,cats_arbitrary_g30b150,,heuristic,3,False,CATS,150,arbitrary,MultiMinded,1000,MaxIter,1235.2799999999988,2256.612,4,2088.18,661.12950000000001,1410.154,2708.8109360417329,1340.2247064376927,1345.0443124326739,1,30,14,1830,2760
8,30,35,LinearSubgradientAuction,0.05,0.02,,True,,1000,3600,cats_arbitrary_g30b150,,heuristic,3,False,CATS,150,arbitrary,MultiMinded,1000,MaxIter,1455.6899999999878,1886.9858,3,1721.43,762.18450000000007,832.0647,2250.6993536572218,19.556964423185462,29.805592453410505,1,30,18,2135,3215
9,30,32,LinearSubgradientAuction,0.05,0.02,,True,,1000,3600,cats_arbitrary_g30b150,,heuristic,3,False,CATS,150,arbitrary,MultiMinded,1000,MaxIter,1314.4100000000035,1903.7699,8,1559.25,844.62750000000005,873.2487,2286.5902095775009,707.71812473156444,707.71812473156444,1,30,28,1952,2942
10,30,36,LinearSubgradientAuction,0.05,0.02,,True,,1000,3600,cats_arbitrary_g30b150,,heuristic,3,False,CATS,150,arbitrary,MultiMinded,1000,MaxIter,1507.6699999999983,2500.0740000000005,5,2217.68,621.28700000000003,1672.091,3081.5958612602021,157.36146532555449,254.08801124010532,1,30,16,2196,3306
11,30,30,LinearSubgradientAuction,0.05,0.02,,True,,1000,3600,cats_arbitrary_g30b150,,heuristic,3,False,CATS,150,arbitrary,MultiMinded,1000,MaxIter,1236.8099999999977,1868.241,2,1447.57,637.68550000000005,841.139,2661.8532510889295,141.14312631145401,161.89892437998191,1,30,26,1830,2760
12,30,32,LinearSubgradientAuction,0.05,0.02,,True,,1000,3600,cats_arbitrary_g30b150,,heuristic,3,False,CATS,150,arbitrary,MultiMinded,1000,MaxIter,1320.2100000000064,1629.6809799999999,6,1454.03,563.44500000000005,927.1780000000001,2101.1898412685659,0,7.2847451541071564,1,30,22,1952,2942
13,30,33,LinearSubgradientAuction,0.05,0.02,,True,,1000,3600,cats_arbitrary_g30b150,,heuristic,3,False,CATS,150,arbitrary,MultiMinded,1000,MaxIter,1384.020000000004,1977.1191,4,1667.86,707.56150000000002,512.9791,2316.8692170969707,405.43595421572803,409.16936667778793,1,30,22,2013,3033
14,30,33,LinearSubgradientAuction,0.05,0.02,,True,,1000,3600,cats_arbitrary_g30b150,,heuristic,3,False,CATS,150,arbitrary,MultiMinded,1000,MaxIter,1382.75,2717.117,5,1791.51,726.46749999999997,1509.619,3116.4630101662096,516.45087079729888,544.55613122979139,1,30,12,2013,3033
15,30,30,LinearSubgradientAuction,0.05,0.02,,True,,1000,3600,cats_arbitrary_g30b150,,heuristic,3,False,CATS,150,arbitrary,MultiMinded,1000,MaxIter,1221.1300000000047,2171.381,5,1868.55,921.70799999999997,1417.839,2838.2963777666241,317.51022029225538,318.58359999999999,1,30,45,1830,2760
16,30,34,LinearSubgradientAuction,0.05,0.02,,True,,1000,3600,cats_arbitrary_g30b150,,heuristic,3,False,CATS,150,arbitrary,MultiMinded,1000,MaxIter,1413.229999999996,2091.4660000000003,6,1581.43,466.154,896.689,2568.6741693263639,180.19158735945575,219.92515249153945,1,30,22,2074,3124
17,30,32,LinearSubgradientAuction,0.05,0.02,,True,,1000,3600,cats_arbitrary_g30b150,,heuristic,3,False,CATS,150,arbitrary,MultiMinded,1000,MaxIter,1325.6699999999983,1828.406,9,1506.32,727.10699999999997,1038.5637,2132.8737027745369,383.34119215952177,391.94013376770056,1,30,17,1952,2942
18,30,33,LinearSubgradientAuction,0.05,0.02,,True,,1000,3600,cats_arbitrary_g30b150,,heuristic,3,False,CATS,150,arbitrary,MultiMinded,1000,MaxIter,1394.9700000000012,2345.2870000000003,2,2117.29,776.08299999999997,604.528,2715.2154140951534,0,14.670160399328253,1,30,20,2013,3033
19,30,34,LinearSubgradientAuction,0.05,0.02,,True,,1000,3600,cats_arbitrary_g30b150,,heuristic,3,False,CATS,150,arbitrary,MultiMinded,1000,MaxIter,1397.4199999999983,2287.142,7,1551.3,564.779,1482.0348999999999,2851.9657772592786,816.41881305509446,1034.5614418718169,1,30,17,2074,3124
20,30,34,LinearSubgradientAuction,0.05,0.02,,True,,1000,3600,cats_arbitrary_g30b150,,heuristic,3,False,CATS,150,arbitrary,MultiMinded,1000,MaxIter,1393.979999999996,1940.03319,7,1543.36,583.99600000000009,750.5556899999999,2439.7421175275817,657.11403961442318,662.08417367429308,1,30,15,2074,3124
21,30,32,LinearSubgradientAuction,0.05,0.02,,True,,1000,3600,cats_arbitrary_g30b150,,heuristic,3,False,CATS,150,arbitrary,MultiMinded,1000,MaxIter,1319.570000000007,1599.0811999999999,5,1355.45,695.58449999999993,626.0355999999999,2063.0306825902267,345.21180596309023,361.99453622910369,1,30,14,1952,2942
22,30,33,LinearSubgradientAuction,0.05,0.02,,True,,1000,3600,cats_arbitrary_g30b150,,heuristic,3,False,CATS,150,arbitrary,MultiMinded,1000,MaxIter,1388.75,2282.8423000000003,3,1879.28,739.774,1010.9380000000001,2690.4314695273624,937.47300880288117,992.64326233100917,1,30,16,2013,3033
23,30,33,LinearSubgradientAuction,0.05,0.02,,True,,1000,3600,cats_arbitrary_g30b150,,heuristic,3,False,CATS,150,arbitrary,MultiMinded,1000,MaxIter,1387.199999999997,2403.9993,9,2044.82,717.20399999999995,1175.331,2971.431886161216,693.64847673314205,695.65254156536173,1,30,42,2013,3033
24,30,30,LinearSubgradientAuction,0.05,0.02,,True,,1000,3600,cats_arbitrary_g30b150,,heuristic,3,False,CATS,150,arbitrary,MultiMinded,1000,MaxIter,1229.179999999993,2126.121,2,1969.43,482.00350000000003,389.791,2704.8624069178422,380.28405333964207,390.92458680111025,1,30,24,1830,2760
25,30,29,LinearSubgradientAuction,0.05,0.02,,True,,1000,3600,cats_arbitrary_g30b150,,heuristic,3,False,CATS,150,arbitrary,MultiMinded,1000,MaxIter,1180.270000000004,1852.1607,4,1764.81,936.35900000000004,155.64,2524.7863956475271,108.78986360262684,116.76217883950062,1,30,11,1769,2669
26,30,39,LinearSubgradientAuction,0.05,0.02,,True,,1000,3600,cats_arbitrary_g30b150,,heuristic,3,False,CATS,150,arbitrary,MultiMinded,1000,MaxIter,1635.3999999999942,2465.4804,4,1489.25,632.89699999999993,812.894,2716.2323257751286,0,16.099975246669288,1,30,18,2379,3579
27,30,29,LinearSubgradientAuction,0.05,0.02,,True,,1000,3600,cats_arbitrary_g30b150,,heuristic,3,False,CATS,150,arbitrary,MultiMinded,1000,MaxIter,1193.4300000000076,2275.4269999999997,1,1932.93,759.11900000000003,829.934,2828.551410501499,0,17.952871209572891,1,30,28,1769,2669
28,30,31,LinearSubgradientAuction,0.05,0.02,,True,,1000,3600,cats_arbitrary_g30b150,,heuristic,3,False,CATS,150,arbitrary,MultiMinded,1000,MaxIter,1276.8899999999994,2301.5724,2,1458.94,613.274,899.086,2652.4421091594745,0,94.305387697866138,1,30,24,1891,2851
29,30,29,LinearSubgradientAuction,0.05,0.02,,True,,1000,3600,cats_arbitrary_g30b150,,heuristic,3,False,CATS,150,arbitrary,MultiMinded,1000,MaxIter,1202.6000000000058,2007.782,7,1669.06,662.85299999999995,1476.9630000000002,2453.2297370176843,69.320075993510699,90.178913134091772,1,30,14,1769,2669
30,30,35,LinearSubgradientAuction,0.05,0.02,,True,,1000,3600,cats_arbitrary_g30b150,,heuristic,3,False,CATS,150,arbitrary,MultiMinded,1000,MaxIter,1466.270000000004,2161.8298999999997,4,1539.73,524.54999999999995,692.072,2560.9268758466055,143.85449380831906,159.11150541283706,1,30,19,2135,3215
31,30,32,LinearSubgradientAuction,0.05,0.02,,True,,1000,3600,cats_arbitrary_g30b150,,heuristic,3,False,CATS,150,arbitrary,MultiMinded,1000,MaxIter,1305.8899999999994,2453.359,4,1724.13,512.56299999999999,1119.967,2827.8342947341093,771.06551286135732,788.20201573876886,1,30,16,1952,2942
32,30,34,LinearSubgradientAuction,0.05,0.02,,True,,1000,3600,cats_arbitrary_g30b150,,heuristic,3,False,CATS,150,arbitrary,MultiMinded,1000,MaxIter,1399.2199999999866,1818.8858,10,1643.98,574.70600000000002,631.48823,2501.0809133905427,213.97370602719724,312.49002962201126,1,30,29,2074,3124
33,30,33,LinearSubgradientAuction,0.05,0.02,,True,,1000,3600,cats_arbitrary_g30b150,,heuristic,3,False,CATS,150,arbitrary,MultiMinded,1000,MaxIter,1368.4600000000064,1944.8153000000002,7,1618.49,617.12249999999995,1064.058,2358.3411522519004,131.76623579400885,183.77543020667454,1,30,21,2013,3033
34,30,31,LinearSubgradientAuction,0.05,0.02,,True,,1000,3600,cats_arbitrary_g30b150,,heuristic,3,False,CATS,150,arbitrary,MultiMinded,1000,MaxIter,1285.6000000000058,2467.5019,7,2102.79,578.16200000000003,1876.065,3080.8312602868959,166.73314395722076,203.13805370378012,1,30,12,1891,2851
35,30,32,LinearSubgradientAuction,0.05,0.02,,True,,1000,3600,cats_arbitrary_g30b150,,heuristic,3,False,CATS,150,arbitrary,MultiMinded,1000,MaxIter,1327.2100000000064,2108.201,8,1910.3,506.57900000000001,874.412,2531.4082194719349,622.21062053305332,622.21062053305332,1,30,64,1952,2942
36,30,35,LinearSubgradientAuction,0.05,0.02,,True,,1000,3600,cats_arbitrary_g30b150,,heuristic,3,False,CATS,150,arbitrary,MultiMinded,1000,MaxIter,1441.449999999997,1942.8097999999998,9,1649.39,704.06799999999998,708.1116,2282.3391301410111,573.02186791512429,573.02186791512429,1,30,51,2135,3215
37,30,33,LinearSubgradientAuction,0.05,0.02,,True,,1000,3600,cats_arbitrary_g30b150,,heuristic,3,False,CATS,150,arbitrary,MultiMinded,1000,MaxIter,1376.3999999999942,1975.334,2,1881.03,532.89949999999999,833.578,2567.2043473021113,0,3.1079783962044303,1,30,19,2013,3033
38,30,32,LinearSubgradientAuction,0.05,0.02,,True,,1000,3600,cats_arbitrary_g30b150,,heuristic,3,False,CATS,150,arbitrary,MultiMinded,1000,MaxIter,1317.7899999999936,2501.4829999999997,6,2312.06,839.32600000000002,1147.269,3155.5198450811804,702.94429565714472,718.45890988315875,1,30,21,1952,2942
39,30,34,LinearSubgradientAuction,0.05,0.02,,True,,1000,3600,cats_arbitrary_g30b150,,heuristic,3,False,CATS,150,arbitrary,MultiMinded,1000,MaxIter,1424.2300000000105,2311.536,5,2186.45,533.95749999999998,1070.8110000000001,2934.3379643568323,557.56077568204353,576.54769431271234,1,30,15,2074,3124
40,30,31,LinearSubgradientAuction,0.05,0.02,,True,,1000,3600,cats_arbitrary_g30b150,,heuristic,3,False,CATS,150,arbitrary,MultiMinded,1000,MaxIter,1284.3399999999965,1922.01,4,1548.35,753.33299999999997,1094.562,2269.6322624009213,736.5321939779019,742.34072637703377,1,30,8,1891,2851
41,30,32,LinearSubgradientAuction,0.05,0.02,,True,,1000,3600,cats_arbitrary_g30b150,,heuristic,3,False,CATS,150,arbitrary,MultiMinded,1000,MaxIter,1317.3300000000017,1899.3063,9,1626.29,567.45299999999997,1148.8097999999998,2345.3598082743251,1020.2255014010411,1020.6334848006644,1,30,53,1952,2942
42,30,35,LinearSubgradientAuction,0.05,0.02,,True,,1000,3600,cats_arbitrary_g30b150,,heuristic,3,False,CATS,150,arbitrary,MultiMinded,1000,MaxIter,1441.5800000000017,2374.3837000000003,6,1682.91,707.67899999999997,889.63,2985.5546263705983,138.48976425742572,138.48976425742572,1,30,37,2135,3215
43,30,36,LinearSubgradientAuction,0.05,0.02,,True,,1000,3600,cats_arbitrary_g30b150,,heuristic,3,False,CATS,150,arbitrary,MultiMinded,1000,MaxIter,1515.0699999999924,2385.76,4,2385.76,501.80000000000001,938.3186000000001,2609.9297761474381,837.50217224602102,871.35436025285776,1,30,18,2196,3306
44,30,35,LinearSubgradientAuction,0.05,0.02,,True,,1000,3600,cats_arbitrary_g30b150,,heuristic,3,False,CATS,150,arbitrary,MultiMinded,1000,MaxIter,1453.5099999999948,2079.9506999999994,7,1845.76,468.2165,1167.67,2652.8448450820042,140.46114727703815,260.65975105098676,1,30,11,2135,3215
45,30,30,LinearSubgradientAuction,0.05,0.02,,True,,1000,3600,cats_arbitrary_g30b150,,heuristic,3,False,CATS,150,arbitrary,MultiMinded,1000,MaxIter,1230.1300000000047,1973.4939,6,1684.69,518.44550000000004,781.2384,2562.223982304894,307.43779151051376,331.77806530812643,1,30,17,1830,2760
46,30,33,LinearSubgradientAuction,0.05,0.02,,True,,1000,3600,cats_arbitrary_g30b150,,heuristic,3,False,CATS,150,arbitrary,MultiMinded,1000,MaxIter,1366.9400000000023,2174.927,5,1703.31,577.08699999999999,1685.8629999999998,2678.7187625495662,942.55927340285973,977.68780767500243,1,30,18,2013,3033
47,30,36,LinearSubgradientAuction,0.05,0.02,,True,,1000,3600,cats_arbitrary_g30b150,,heuristic,3,False,CATS,150,arbitrary,MultiMinded,1000,MaxIter,1507.7300000000105,2134.903,6,1579.3,488.0025,930.809,2760.6595241400396,322.36231274046116,359.94096219255704,1,30,22,2196,3306
48,30,36,LinearSubgradientAuction,0.05,0.02,,True,,1000,3600,cats_arbitrary_g30b150,,heuristic,3,False,CATS,150,arbitrary,MultiMinded,1000,MaxIter,1494.0699999999924,2120.0323,6,1723.29,500.82099999999997,1402.776,2668.5235690571812,278.57969412169115,336.87692040161608,1,30,14,2196,3306
49,30,32,LinearSubgradientAuction,0.05,0.02,,True,,1000,3600,cats_arbitrary_g30b150,,heuristic,3,False,CATS,150,arbitrary,MultiMinded,1000,MaxIter,1301.6199999999953,1825.5846,5,1448.16,458.54599999999999,805.5294,2225.3204280850023,248.45046389527283,254.75249164409183,1,30,17,1952,2942
50,30,32,LinearSubgradientAuction,0.05,0.02,,True,,1000,3600,cats_arbitrary_g30b150,,heuristic,3,False,CATS,150,arbitrary,MultiMinded,1000,MaxIter,1320.1300000000047,2387.589,1,2137.71,881.64700000000005,779.822,2544.8947275075598,0,0.0,1,30,30,1952,2942
51,30,31,LinearSubgradientAuction,0.05,0.02,,True,,1000,3600,cats_arbitrary_g30b150,,heuristic,3,False,CATS,150,arbitrary,MultiMinded,1000,MaxIter,1284.5399999999936,2404.514,5,2207.65,681.84050000000002,1297.03,3020.5635502067794,458.29409775385705,601.60377765178896,1,30,20,1891,2851
52,30,34,LinearSubgradientAuction,0.05,0.02,,True,,1000,3600,cats_arbitrary_g30b150,,heuristic,3,False,CATS,150,arbitrary,MultiMinded,1000,MaxIter,1417.5,2070.7699000000002,5,1761.92,837.09500000000003,465.764,2562.7502294186843,339.27166643920475,353.64234484636677,1,30,19,2074,3124
53,30,34,LinearSubgradientAuction,0.05,0.02,,True,,1000,3600,cats_arbitrary_g30b150,,heuristic,3,False,CATS,150,arbitrary,MultiMinded,1000,MaxIter,1410.0299999999988,1944.8844,4,1588.82,654.95799999999997,487.7272,2302.060267330251,53.900907793771708,97.486642868402086,1,30,24,2074,3124
54,30,30,LinearSubgradientAuction,0.05,0.02,,True,,1000,3600,cats_arbitrary_g30b150,,heuristic,3,False,CATS,150,arbitrary,MultiMinded,1000,MaxIter,1227.2399999999907,2678.4509,3,2281.57,746.976,748.763,3196.0877258621126,615.23815969073155,676.20851954863531,1,30,24,1830,2760
55,30,31,LinearSubgradientAuction,0.05,0.02,,True,,1000,3600,cats_arbitrary_g30b150,,heuristic,3,False,CATS,150,arbitrary,MultiMinded,1000,MaxIter,1268.9599999999919,2211.653,6,1943.48,726.06700000000001,568.925,2526.2602309042377,183.05036686485678,185.67340410092518,1,30,24,1891,2851
56,30,29,LinearSubgradientAuction,0.05,0.02,,True,,1000,3600,cats_arbitrary_g30b150,,heuristic,3,False,CATS,150,arbitrary,MultiMinded,1000,MaxIter,1206.37000000001,2093.229,2,1877.5,714.9369999999999,241.615,2299.8262907094204,0,7.9820722485433926,1,30,24,1769,2669
57,30,31,LinearSubgradientAuction,0.05,0.02,,True,,1000,3600,cats_arbitrary_g30b150,,heuristic,3,False,CATS,150,arbitrary,MultiMinded,1000,MaxIter,1267.8499999999913,2015.9576000000002,7,1667.14,591.51199999999994,616.955,2584.2102246059253,0,0.93985881749634359,1,30,44,1891,2851
58,30,33,LinearSubgradientAuction,0.05,0.02,,True,,1000,3600,cats_arbitrary_g30b150,,heuristic,3,False,CATS,150,arbitrary,MultiMinded,1000,MaxIter,1390.7399999999907,2213.6252,8,1937.47,893.10799999999995,1185.5565000000001,2796.6210878686511,332.24346524823483,336.0973624985466,1,30,28,2013,3033
59,30,31,LinearSubgradientAuction,0.05,0.02,,True,,1000,3600,cats_arbitrary_g30b150,,heuristic,3,False,CATS,150,arbitrary,MultiMinded,1000,MaxIter,1288.6699999999983,2195.5229,7,1710.57,782.62599999999998,1245.4379999999999,2986.3645871158424,988.5476687843543,990.67298295136743,1,30,42,1891,2851
60,30,36,LinearSubgradientAuction,0.05,0.02,,True,,1000,3600,cats_arbitrary_g30b150,,heuristic,3,False,CATS,150,arbitrary,MultiMinded,1000,MaxIter,1484.8699999999953,1802.554,6,1574.08,671.95349999999996,1020.5185000000001,2219.5437081571831,45.827571341650959,52.907027596565634,1,30,10,2196,3306
61,30,33,LinearSubgradientAuction,0.05,0.02,,True,,1000,3600,cats_arbitrary_g30b150,,heuristic,3,False,CATS,150,arbitrary,MultiMinded,1000,MaxIter,1378.75,1724.4375,3,1339.03,584.49199999999996,586.798,2154.2815092880578,0,12.683559094810082,1,30,20,2013,3033
62,30,36,LinearSubgradientAuction,0.05,0.02,,True,,1000,3600,cats_arbitrary_g30b150,,heuristic,3,False,CATS,150,arbitrary,MultiMinded,1000,MaxIter,1507.3899999999994,2437.0683000000004,6,1933.61,814.90999999999997,806.7299999999999,2743.658376347897,251.3736159181305,263.77309167056393,1,30,18,2196,3306
63,30,34,LinearSubgradientAuction,0.05,0.02,,True,,1000,3600,cats_arbitrary_g30b150,,heuristic,3,False,CATS,150,arbitrary,MultiMinded,1000,MaxIter,1404.7600000000093,2003.24,2,2003.24,494.63999999999999,798.684,2614.8136851111685,0,12.214358185502107,1,30,22,2074,3124
64,30,34,LinearSubgradientAuction,0.05,0.02,,True,,1000,3600,cats_arbitrary_g30b150,,heuristic,3,False,CATS,150,arbitrary,MultiMinded,1000,MaxIter,1420.550000000003,2039.0195999999999,8,1809.03,585.17600000000004,1018.7897,2502.2146265477058,259.15758068679492,269.81270708357283,1,30,19,2074,3124
65,30,36,LinearSubgradientAuction,0.05,0.02,,True,,1000,3600,cats_arbitrary_g30b150,,heuristic,3,False,CATS,150,arbitrary,MultiMinded,1000,MaxIter,1501.979999999996,1894.2412000000002,4,1377.42,663.9670000000001,1234.056,2205.6103637325778,79.870374199373984,86.18834141138079,1,30,17,2196,3306
66,30,33,LinearSubgradientAuction,0.05,0.02,,True,,1000,3600,cats_arbitrary_g30b150,,heuristic,3,False,CATS,150,arbitrary,MultiMinded,1000,MaxIter,1371.7599999999948,2454.29,10,2454.29,522.13300000000004,1767.7900000000002,2633.668483433954,1362.1028823261579,1547.8187474468014,1,30,23,2013,3033
67,30,31,LinearSubgradientAuction,0.05,0.02,,True,,1000,3600,cats_arbitrary_g30b150,,heuristic,3,False,CATS,150,arbitrary,MultiMinded,1000,MaxIter,1274.3199999999924,2341.4958,5,2017.46,785.07600000000002,1548.3899000000001,3014.9490937893838,59.550940485102736,59.686099999999989,1,30,46,1891,2851
68,30,31,LinearSubgradientAuction,0.05,0.02,,True,,1000,3600,cats_arbitrary_g30b150,,heuristic,3,False,CATS,150,arbitrary,MultiMinded,1000,MaxIter,1294.0899999999965,2082.3165,3,1694.51,536.65000000000009,637.391,2363.3868329724046,0,7.8387969169435934,1,30,21,1891,2851
69,30,32,LinearSubgradientAuction,0.05,0.02,,True,,1000,3600,cats_arbitrary_g30b150,,heuristic,3,False,CATS,150,arbitrary,MultiMinded,1000,MaxIter,1312.7599999999948,2088.0744,6,1731.11,855.64499999999998,684.7328,2494.9371893966686,403.92247850421313,410.15503664123412,1,30,18,1952,2942
70,30,33,LinearSubgradientAuction,0.05,0.02,,True,,1000,3600,cats_arbitrary_g30b150,,heuristic,3,False,CATS,150,arbitrary,MultiMinded,1000,MaxIter,1382.3899999999994,2258.578,7,1454.94,617.26599999999996,892.4760000000001,2855.5514088802929,0,138.90270937874951,1,30,38,2013,3033
71,30,33,LinearSubgradientAuction,0.05,0.02,,True,,1000,3600,cats_arbitrary_g30b150,,heuristic,3,False,CATS,150,arbitrary,MultiMinded,1000,MaxIter,1385.4700000000012,2247.3372,4,1920.4,499.70499999999998,347.54,2730.6895044055836,81.045341119062925,87.828905315552618,1,30,15,2013,3033
72,30,39,LinearSubgradientAuction,0.05,0.02,,True,,1000,3600,cats_arbitrary_g30b150,,heuristic,3,False,CATS,150,arbitrary,MultiMinded,1000,MaxIter,1626.429999999993,2410.0175,6,1662.34,705.94000000000005,1406.0462000000002,2795.8210172345503,41.004981097898671,93.285886348403722,1,30,12,2379,3579
73,30,34,LinearSubgradientAuction,0.05,0.02,,True,,1000,3600,cats_arbitrary_g30b150,,heuristic,3,False,CATS,150,arbitrary,MultiMinded,1000,MaxIter,1390.929999999993,2015.5892,7,1380.57,479.64299999999997,1287.6550000000002,2592.7488002422683,204.19990329414338,214.63322073503744,1,30,15,2074,3124
74,30,36,LinearSubgradientAuction,0.05,0.02,,True,,1000,3600,cats_arbitrary_g30b150,,heuristic,3,False,CATS,150,arbitrary,MultiMinded,1000,MaxIter,1494.8600000000006,2042.097,6,1285.64,413.78699999999998,534.7366000000001,2386.3436707207043,222.55591401539215,228.77750179198341,1,30,20,2196,3306
75,30,28,LinearSubgradientAuction,0.05,0.02,,True,,1000,3600,cats_arbitrary_g30b150,,heuristic,3,False,CATS,150,arbitrary,MultiMinded,1000,MaxIter,1149.8699999999953,1952.3077,2,1522.4,797.30549999999994,434.44778,2934.0864239018906,0,10.225197034731366,1,30,23,1708,2578
76,30,35,LinearSubgradientAuction,0.05,0.02,,True,,1000,3600,cats_arbitrary_g30b150,,heuristic,3,False,CATS,150,arbitrary,MultiMinded,1000,MaxIter,1474.1399999999994,2241.3282000000004,8,1991.23,695.48000000000002,1102.1,2597.98515973125,312.45200806217366,432.97539720189951,1,30,15,2135,3215
77,30,29,LinearSubgradientAuction,0.05,0.02,,True,,1000,3600,cats_arbitrary_g30b150,,heuristic,3,False,CATS,150,arbitrary,MultiMinded,1000,MaxIter,1187.0800000000017,2086.98,3,1735.17,697.00749999999994,673.485,2528.4789667376717,355.88656190317226,374.25307686587479,1,30,17,1769,2669
78,30,34,LinearSubgradientAuction,0.05,0.02,,True,,1000,3600,cats_arbitrary_g30b150,,heuristic,3,False,CATS,150,arbitrary,MultiMinded,1000,MaxIter,1406.2799999999988,2141.5101999999997,4,1833.54,620.51150000000007,412.2327,2692.5774413316099,60.065957460152944,71.192120365686392,1,30,24,2074,3124
79,30,32,LinearSubgradientAuction,0.05,0.02,,True,,1000,3600,cats_arbitrary_g30b150,,heuristic,3,False,CATS,150,arbitrary,MultiMinded,1000,MaxIter,1313.4100000000035,2182.6516,7,1753.74,722.10699999999997,965.361,2899.3961069768989,597.84254198485019,626.78162505637511,1,30,27,1952,2942
80,30,31,LinearSubgradientAuction,0.05,0.02,,True,,1000,3600,cats_arbitrary_g30b150,,heuristic,3,False,CATS,150,arbitrary,MultiMinded,1000,MaxIter,1282.87999999999,2157.0797,2,1772.89,656.88249999999994,1085.817,2594.7302979555097,0,4.7486527834889785,1,30,27,1891,2851
81,30,31,LinearSubgradientAuction,0.05,0.02,,True,,1000,3600,cats_arbitrary_g30b150,,heuristic,3,False,CATS,150,arbitrary,MultiMinded,1000,MaxIter,1270.9800000000105,1755.3018000000002,4,1603.71,647.50199999999995,142.99334000000002,2271.3211890656103,0.0,47.983702883185508,1,30,26,1891,2851
82,30,34,LinearSubgradientAuction,0.05,0.02,,True,,1000,3600,cats_arbitrary_g30b150,,heuristic,3,False,CATS,150,arbitrary,MultiMinded,1000,MaxIter,1417.8399999999965,2385.8982,5,2112.36,790.75199999999995,694.0350000000001,2856.9978473395659,329.21970305167486,348.89996382546826,1,30,17,2074,3124
83,30,32,LinearSubgradientAuction,0.05,0.02,,True,,1000,3600,cats_arbitrary_g30b150,,heuristic,3,False,CATS,150,arbitrary,MultiMinded,1000,MaxIter,1329.3899999999994,2059.99,4,1826.87,768.11400000000003,266.1522,2672.1195443887182,189.06125324266708,208.92006275288111,1,30,18,1952,2942
84,30,33,LinearSubgradientAuction,0.05,0.02,,True,,1000,3600,cats_arbitrary_g30b150,,heuristic,3,False,CATS,150,arbitrary,MultiMinded,1000,MaxIter,1390.6100000000006,1978.9186000000002,1,1758.88,838.20399999999995,1143.43,2574.9383179043361,0,12.951343752674205,1,30,30,2013,3033
85,30,33,LinearSubgradientAuction,0.05,0.02,,True,,1000,3600,cats_arbitrary_g30b150,,heuristic,3,False,CATS,150,arbitrary,MultiMinded,1000,MaxIter,1361.2600000000093,2216.0256,2,2078.55,626.62099999999998,999.104,2640.0291739828358,0,33.297548269977568,1,30,28,2013,3033
86,30,31,LinearSubgradientAuction,0.05,0.02,,True,,1000,3600,cats_arbitrary_g30b150,,heuristic,3,False,CATS,150,arbitrary,MultiMinded,1000,MaxIter,1276.1800000000076,2283.532,4,1809.12,745.29950000000008,1066.266,2789.5346398899569,706.45637580184507,718.50515824958256,1,30,18,1891,2851
87,30,36,LinearSubgradientAuction,0.05,0.02,,True,,1000,3600,cats_arbitrary_g30b150,,heuristic,3,False,CATS,150,arbitrary,MultiMinded,1000,MaxIter,1492.75,2522.6901999999995,7,2032.58,563.31899999999996,1439.9705,3027.433652050795,1328.8022021874262,1336.3373448815273,1,30,18,2196,3306
88,30,35,LinearSubgradientAuction,0.05,0.02,,True,,1000,3600,cats_arbitrary_g30b150,,heuristic,3,False,CATS,150,arbitrary,MultiMinded,1000,MaxIter,1472.5,2265.08,6,1820.47,452.93900000000002,1030.605,2691.564493504638,194.51243760309734,273.63256452656753,1,30,18,2135,3215
89,30,28,LinearSubgradientAuction,0.05,0.02,,True,,1000,3600,cats_arbitrary_g30b150,,heuristic,3,False,CATS,150,arbitrary,MultiMinded,1000,MaxIter,1145.0299999999988,1895.8706000000002,3,1412.37,685.88149999999996,562.5136,2323.5205048147805,58.861740054212881,67.977029679245163,1,30,18,1708,2578
90,30,33,LinearSubgradientAuction,0.05,0.02,,True,,1000,3600,cats_arbitrary_g30b150,,heuristic,3,False,CATS,150,arbitrary,MultiMinded,1000,MaxIter,1369.8899999999994,2397.1789,3,2224.82,593.16800000000001,946.169,2896.4440976855735,885.61932472238857,888.81320222530667,1,30,17,2013,3033
91,30,32,LinearSubgradientAuction,0.05,0.02,,True,,1000,3600,cats_arbitrary_g30b150,,heuristic,3,False,CATS,150,arbitrary,MultiMinded,1000,MaxIter,1322.3699999999953,2290.7259999999997,2,1825.1,529.46000000000004,1212.493,2745.3664776742444,645.43112846281429,655.31753900828267,1,30,18,1952,2942
92,30,31,LinearSubgradientAuction,0.05,0.02,,True,,1000,3600,cats_arbitrary_g30b150,,heuristic,3,False,CATS,150,arbitrary,MultiMinded,1000,MaxIter,1279.1699999999983,1880.9630000000002,4,1586.58,901.44949999999994,576.2760000000001,2265.1720040871687,100.08568614762402,146.57519218254066,1,30,21,1891,2851
93,30,34,LinearSubgradientAuction,0.05,0.02,,True,,1000,3600,cats_arbitrary_g30b150,,heuristic,3,False,CATS,150,arbitrary,MultiMinded,1000,MaxIter,1399.6699999999983,1815.7306,2,1434.89,540.21100000000001,911.481,2106.7307348529384,0,8.722885177152051,1,30,21,2074,3124
94,30,36,LinearSubgradientAuction,0.05,0.02,,True,,1000,3600,cats_arbitrary_g30b150,,heuristic,3,False,CATS,150,arbitrary,MultiMinded,1000,MaxIter,1512.179999999993,2435.1574,3,2127.58,687.69500000000005,724.351,2874.8138958460431,0,171.92773200564636,1,30,16,2196,3306
95,30,32,LinearSubgradientAuction,0.05,0.02,,True,,1000,3600,cats_arbitrary_g30b150,,heuristic,3,False,CATS,150,arbitrary,MultiMinded,1000,MaxIter,1329.1100000000006,2424.051,9,1933.55,792.75099999999998,649.3365,2858.2888873817665,36.166860847600319,36.266784947819744,1,30,72,1952,2942
96,30,31,LinearSubgradientAuction,0.05,0.02,,True,,1000,3600,cats_arbitrary_g30b150,,heuristic,3,False,CATS,150,arbitrary,MultiMinded,1000,MaxIter,1285.6100000000006,1954.1625,6,1781.86,780.25699999999995,589.268,2549.5902862760199,157.63671827981148,171.78817963681018,1,30,18,1891,2851
97,30,30,LinearSubgradientAuction,0.05,0.02,,True,,1000,3600,cats_arbitrary_g30b150,,heuristic,3,False,CATS,150,arbitrary,MultiMinded,1000,MaxIter,1220.1499999999942,1794.66,2,1264.09,681.495,500.755,2256.7458358704112,0,18.246458274311848,1,30,26,1830,2760
98,30,32,LinearSubgradientAuction,0.05,0.02,,True,,1000,3600,cats_arbitrary_g30b150,,heuristic,3,False,CATS,150,arbitrary,MultiMinded,1000,MaxIter,1319.6500000000087,2145.0272,3,2092.47,967.64100000000008,1105.3316,2772.7431902386138,0.0,34.922232694222195,1,30,19,1952,2942
99,30,29,LinearSubgradientAuction,0.05,0.02,,True,,1000,3600,cats_arbitrary_g30b150,,heuristic,3,False,CATS,150,arbitrary,MultiMinded,1000,MaxIter,1189.5599999999977,2260.297,3,2093.42,648.17449999999997,622.855,2921.3743033584128,0,111.71291205253186,1,30,19,1769,2669
100,30,37,LinearSubgradientAuction,0.05,0.02,,True,,1000,3600,cats_arbitrary_g30b150,,heuristic,3,False,CATS,150,arbitrary,MultiMinded,1000,MaxIter,1538.8300000000017,2260.7916,8,1588.66,496.72000000000003,702.0124000000001,2678.9739567611223,412.22567902917774,415.65115180615544,1,30,16,2257,3397
