idx,items,agents,auction_class,epsilon,stepc,epoch,scalebyvalue,reserve_type,maxiter,maxtime,generator_param_name,personalized,bidding_strategy,heuristic_pool_num,int_prices,generator,bids,distribution,type,rounds,status,runtime,efficient_value,final_num_winners,final_max_agent_value,final_scalevalue,final_value,final_total_price,final_revenue,final_indirect_util,final_price_degree,final_price_sparsity,final_imbalance,final_wd_nvars,final_wd_ncons
1,30,34,AdaptiveCuttingAuction,0.05,0.08,10,True,,1000,3600,cats_arbitrary_g30b150,True,default,2,False,CATS,150,arbitrary,MultiMinded,181,Balance,71.3299999999872,1985.8648,1,1958.65,585.33899999999994,1958.65,1928.4992244862378,1899.2322744862379,1930.5322611265249,8,51,5,96,64
2,30,35,AdaptiveCuttingAuction,0.05,0.08,10,True,,1000,3600,cats_arbitrary_g30b150,True,default,2,False,CATS,150,arbitrary,MultiMinded,47,Balance,8.519999999989523,2197.79,1,2197.79,440.00599999999997,2197.79,2211.3167090716101,2189.31640907161,2271.7614867611774,1,30,100,86,65
3,30,33,AdaptiveCuttingAuction,0.05,0.08,10,True,,1000,3600,cats_arbitrary_g30b150,True,default,2,False,CATS,150,arbitrary,MultiMinded,50,Balance,10.160000000003492,2537.724,5,1980.67,603.23800000000006,2537.724,2607.7322580782979,2456.9227580782981,2470.505495544614,10,47,27,84,63
4,30,33,AdaptiveCuttingAuction,0.05,0.08,10,True,,1000,3600,cats_arbitrary_g30b150,True,default,2,False,CATS,150,arbitrary,MultiMinded,93,Balance,29.589999999996508,2018.328,6,1780.26,501.12400000000002,1862.416,1887.5486873871121,1737.2114873871121,1781.9984540806229,5,49,68,96,63
5,30,32,AdaptiveCuttingAuction,0.05,0.08,10,True,,1000,3600,cats_arbitrary_g30b150,True,default,2,False,CATS,150,arbitrary,MultiMinded,150,Balance,61.38000000000466,1876.8708299999998,5,1770.89,624.08600000000001,1800.9473499999997,1853.6186622248715,1697.5971622248712,1762.4609654580036,27,63,83,100,62
6,30,33,AdaptiveCuttingAuction,0.05,0.08,10,True,,1000,3600,cats_arbitrary_g30b150,True,default,2,False,CATS,150,arbitrary,MultiMinded,103,Balance,26.68000000002212,2052.619,2,1672.04,727.22400000000005,2052.619,2071.3788022315412,1998.6564022315411,2054.4257829166659,8,46,83,88,63
7,30,30,AdaptiveCuttingAuction,0.05,0.08,10,True,,1000,3600,cats_arbitrary_g30b150,True,default,2,False,CATS,150,arbitrary,MultiMinded,72,Balance,21.35999999998603,2256.612,4,2088.18,661.12950000000001,2256.612,2232.4531404404902,2100.2272404404903,2163.3752640453399,6,45,33,88,60
8,30,35,AdaptiveCuttingAuction,0.05,0.08,10,True,,1000,3600,cats_arbitrary_g30b150,True,default,2,False,CATS,150,arbitrary,MultiMinded,122,Balance,39.220000000001164,1886.9858,4,1721.43,762.18450000000007,1886.9858,1889.9642565696972,1737.5273565696975,1744.671374861397,11,49,18,94,65
9,30,32,AdaptiveCuttingAuction,0.05,0.08,10,True,,1000,3600,cats_arbitrary_g30b150,True,default,2,False,CATS,150,arbitrary,MultiMinded,134,Balance,25.470000000001164,1903.7699,5,1559.25,844.62750000000005,1890.7119,1966.0656622455906,1754.9087872455902,1787.2145420494599,9,48,51,88,62
10,30,36,AdaptiveCuttingAuction,0.05,0.08,10,True,,1000,3600,cats_arbitrary_g30b150,True,default,2,False,CATS,150,arbitrary,MultiMinded,66,Balance,18.75,2500.0740000000005,9,2217.68,621.28700000000003,2486.598,2487.6398113780242,2208.0606613780237,2292.9633504706858,9,48,22,91,66
11,30,30,AdaptiveCuttingAuction,0.05,0.08,10,True,,1000,3600,cats_arbitrary_g30b150,True,default,2,False,CATS,150,arbitrary,MultiMinded,81,Balance,14.85999999998603,1868.241,6,1447.57,637.68550000000005,1839.2431100000001,1900.4843372679284,1716.0123138655586,1721.007434250575,7,39,39,78,60
12,30,32,AdaptiveCuttingAuction,0.05,0.08,10,True,,1000,3600,cats_arbitrary_g30b150,True,default,2,False,CATS,150,arbitrary,MultiMinded,132,Balance,54.98000000001048,1629.6809799999999,6,1454.03,563.44500000000005,1604.09248,1665.7126085094696,1513.7151542136946,1535.4122952448834,22,65,43,101,62
13,30,33,AdaptiveCuttingAuction,0.05,0.08,10,True,,1000,3600,cats_arbitrary_g30b150,True,default,2,False,CATS,150,arbitrary,MultiMinded,142,Balance,45.55000000001746,1977.1191,6,1667.86,707.56150000000002,1877.6744999999999,1897.3751375592349,1685.1066875592346,1746.1580011343149,30,78,57,97,63
14,30,33,AdaptiveCuttingAuction,0.05,0.08,10,True,,1000,3600,cats_arbitrary_g30b150,True,default,2,False,CATS,150,arbitrary,MultiMinded,54,Balance,9.459999999991851,2717.117,5,1791.51,726.46749999999997,2615.014,2684.7938610361575,2503.1769860361578,2560.3537602324482,5,49,33,85,63
15,30,30,AdaptiveCuttingAuction,0.05,0.08,10,True,,1000,3600,cats_arbitrary_g30b150,True,default,2,False,CATS,150,arbitrary,MultiMinded,202,Balance,67.80999999999767,2171.381,3,1868.55,921.70799999999997,1948.913,2045.520470893817,1907.264270893817,1937.109842354402,7,45,38,86,60
16,30,34,AdaptiveCuttingAuction,0.05,0.08,10,True,,1000,3600,cats_arbitrary_g30b150,True,default,2,False,CATS,150,arbitrary,MultiMinded,102,Balance,45.320000000006985,2091.4660000000003,6,1581.43,466.154,1946.188,1968.8768515450597,1829.03065154506,1887.5241976683528,15,62,64,94,64
17,30,32,AdaptiveCuttingAuction,0.05,0.08,10,True,,1000,3600,cats_arbitrary_g30b150,True,default,2,False,CATS,150,arbitrary,MultiMinded,90,Balance,31.080000000016298,1828.406,5,1506.32,727.10699999999997,1732.1570000000002,1805.4994809736231,1623.7227309736231,1677.485991351916,5,48,62,99,62
18,30,33,AdaptiveCuttingAuction,0.05,0.08,10,True,,1000,3600,cats_arbitrary_g30b150,True,default,2,False,CATS,150,arbitrary,MultiMinded,81,Balance,21.079999999987194,2345.2870000000003,3,2117.29,776.08299999999997,2345.2870000000003,2284.316157857711,2167.9037078577107,2259.5320819009348,8,45,32,89,63
19,30,34,AdaptiveCuttingAuction,0.05,0.08,10,True,,1000,3600,cats_arbitrary_g30b150,True,default,2,False,CATS,150,arbitrary,MultiMinded,118,Balance,32.139999999984866,2287.142,4,1551.3,564.779,2272.415,2333.2210475418506,2220.2652475418508,2272.2185473385307,5,48,46,93,64
20,30,34,AdaptiveCuttingAuction,0.05,0.08,10,True,,1000,3600,cats_arbitrary_g30b150,True,default,2,False,CATS,150,arbitrary,MultiMinded,61,Balance,15.410000000003492,1940.03319,8,1543.36,583.99600000000009,1874.5851000000002,1899.3743168297869,1665.7759168297866,1691.057798827248,6,45,28,90,64
21,30,32,AdaptiveCuttingAuction,0.05,0.08,10,True,,1000,3600,cats_arbitrary_g30b150,True,default,2,False,CATS,150,arbitrary,MultiMinded,175,Balance,58.76000000000931,1599.0811999999999,6,1355.45,695.58449999999993,1574.0229000000002,1625.4104638320025,1416.7351138320028,1450.3773504216533,8,47,50,102,62
22,30,33,AdaptiveCuttingAuction,0.05,0.08,10,True,,1000,3600,cats_arbitrary_g30b150,True,default,2,False,CATS,150,arbitrary,MultiMinded,100,Balance,25.130000000004657,2282.8423000000003,8,1879.28,739.774,2282.8423000000003,2376.1852282252971,2080.2756282252967,2089.143748025283,6,45,27,92,63
23,30,33,AdaptiveCuttingAuction,0.05,0.08,10,True,,1000,3600,cats_arbitrary_g30b150,True,default,2,False,CATS,150,arbitrary,MultiMinded,131,Balance,63.01000000000931,2403.9993,3,2044.82,717.20399999999995,2389.5669999999996,2371.1516875621455,2263.5710875621453,2312.8830330835317,23,77,22,99,63
24,30,30,AdaptiveCuttingAuction,0.05,0.08,10,True,,1000,3600,cats_arbitrary_g30b150,True,default,2,False,CATS,150,arbitrary,MultiMinded,63,Balance,16.510000000009313,2126.121,5,1969.43,482.00350000000003,1981.125,2037.5762804383864,1917.0754054383863,1980.3423863552468,5,47,40,85,60
25,30,29,AdaptiveCuttingAuction,0.05,0.08,10,True,,1000,3600,cats_arbitrary_g30b150,True,default,2,False,CATS,150,arbitrary,MultiMinded,233,Balance,53.62999999997555,1852.1607,5,1764.81,936.35900000000004,1804.5594,1882.2539689539087,1648.1642189539086,1668.2832106663345,11,47,18,93,59
26,30,39,AdaptiveCuttingAuction,0.05,0.08,10,True,,1000,3600,cats_arbitrary_g30b150,True,default,2,False,CATS,150,arbitrary,MultiMinded,125,Balance,52.95000000001164,2465.4804,7,1489.25,632.89699999999993,2378.7559,2322.9285169048903,2101.4145669048908,2196.2190409569571,9,47,16,96,69
27,30,29,AdaptiveCuttingAuction,0.05,0.08,10,True,,1000,3600,cats_arbitrary_g30b150,True,default,2,False,CATS,150,arbitrary,MultiMinded,175,Balance,43.11999999999534,2275.4269999999997,5,1932.93,759.11900000000003,2014.483,2030.3505684912147,1840.5708184912146,1949.832004708624,10,42,70,83,59
28,30,31,AdaptiveCuttingAuction,0.05,0.08,10,True,,1000,3600,cats_arbitrary_g30b150,True,default,2,False,CATS,150,arbitrary,MultiMinded,64,Balance,13.190000000002328,2301.5724,7,1458.94,613.274,2006.6473,2001.1995401989036,1786.5536401989036,1840.9162645994047,1,30,20,74,61
29,30,29,AdaptiveCuttingAuction,0.05,0.08,10,True,,1000,3600,cats_arbitrary_g30b150,True,default,2,False,CATS,150,arbitrary,MultiMinded,131,Balance,28.74000000001979,2007.782,5,1669.06,662.85299999999995,1903.3200000000002,1920.2143883946801,1754.5011383946799,1802.65704753451,1,30,41,87,59
30,30,35,AdaptiveCuttingAuction,0.05,0.08,10,True,,1000,3600,cats_arbitrary_g30b150,True,default,2,False,CATS,150,arbitrary,MultiMinded,185,Balance,89.25999999998021,2161.8298999999997,5,1539.73,524.54999999999995,2049.8672,2065.9063872968982,1934.7688872968984,1950.5937532704802,17,60,37,97,65
31,30,32,AdaptiveCuttingAuction,0.05,0.08,10,True,,1000,3600,cats_arbitrary_g30b150,True,default,2,False,CATS,150,arbitrary,MultiMinded,50,Balance,11.239999999990687,2453.359,5,1724.13,512.56299999999999,2247.985,2255.5695919641485,2127.4288419641484,2157.7669573807111,7,43,28,81,62
32,30,34,AdaptiveCuttingAuction,0.05,0.08,10,True,,1000,3600,cats_arbitrary_g30b150,True,default,2,False,CATS,150,arbitrary,MultiMinded,126,Balance,59.89000000001397,1818.8858,8,1643.98,574.70600000000002,1733.7152299999998,1800.5765462990967,1570.6941462990965,1610.537287353179,8,51,75,98,64
33,30,33,AdaptiveCuttingAuction,0.05,0.08,10,True,,1000,3600,cats_arbitrary_g30b150,True,default,2,False,CATS,150,arbitrary,MultiMinded,104,Balance,36.30999999999767,1944.8153000000002,8,1618.49,617.12249999999995,1848.5894999999996,1945.4924794238195,1698.6434794238191,1716.5344504573145,11,57,45,95,63
34,30,31,AdaptiveCuttingAuction,0.05,0.08,10,True,,1000,3600,cats_arbitrary_g30b150,True,default,2,False,CATS,150,arbitrary,MultiMinded,91,Balance,17.95000000001164,2467.5019,6,2102.79,578.16200000000003,2467.5019,2452.5530358531273,2279.1044358531267,2384.6271072427649,7,47,54,86,61
35,30,32,AdaptiveCuttingAuction,0.05,0.08,10,True,,1000,3600,cats_arbitrary_g30b150,True,default,2,False,CATS,150,arbitrary,MultiMinded,57,Balance,10.820000000006985,2108.201,2,1910.3,506.57900000000001,2108.201,2083.3972305184657,2032.7393305184655,2094.8815363724289,1,30,21,73,62
36,30,35,AdaptiveCuttingAuction,0.05,0.08,10,True,,1000,3600,cats_arbitrary_g30b150,True,default,2,False,CATS,150,arbitrary,MultiMinded,75,Balance,22.979999999981374,1942.8097999999998,6,1649.39,704.06799999999998,1862.273,1978.1676036877466,1766.9472036877464,1801.0053400354825,13,46,32,89,65
37,30,33,AdaptiveCuttingAuction,0.05,0.08,10,True,,1000,3600,cats_arbitrary_g30b150,True,default,2,False,CATS,150,arbitrary,MultiMinded,108,Balance,40.139999999984866,1975.334,2,1881.03,532.89949999999999,1975.334,1964.2379507533369,1910.9480007533368,1982.8178685645939,26,66,44,93,63
38,30,32,AdaptiveCuttingAuction,0.05,0.08,10,True,,1000,3600,cats_arbitrary_g30b150,True,default,2,False,CATS,150,arbitrary,MultiMinded,154,Balance,52.61999999999534,2501.4829999999997,6,2312.06,839.32600000000002,2406.3703,2475.1055533434137,2223.3077533434134,2305.3300602199797,6,52,58,92,62
39,30,34,AdaptiveCuttingAuction,0.05,0.08,10,True,,1000,3600,cats_arbitrary_g30b150,True,default,2,False,CATS,150,arbitrary,MultiMinded,126,Balance,40.29999999998836,2311.536,3,2186.45,533.95749999999998,2283.615,2300.6976931049112,2220.6040681049117,2228.2287839346136,12,48,43,90,64
40,30,31,AdaptiveCuttingAuction,0.05,0.08,10,True,,1000,3600,cats_arbitrary_g30b150,True,default,2,False,CATS,150,arbitrary,MultiMinded,129,Balance,32.579999999987194,1922.01,6,1548.35,753.33299999999997,1813.6609999999998,1847.0437198365139,1621.0438198365148,1661.9608818125821,8,46,18,89,61
41,30,32,AdaptiveCuttingAuction,0.05,0.08,10,True,,1000,3600,cats_arbitrary_g30b150,True,default,2,False,CATS,150,arbitrary,MultiMinded,108,Balance,35.70000000001164,1899.3063,6,1626.29,567.45299999999997,1875.5462000000002,1837.7115906502233,1667.475690650223,1772.4026729305467,24,59,34,85,62
42,30,35,AdaptiveCuttingAuction,0.05,0.08,10,True,,1000,3600,cats_arbitrary_g30b150,True,default,2,False,CATS,150,arbitrary,MultiMinded,125,Balance,54.13000000000466,2374.3837000000003,5,1682.91,707.67899999999997,2336.8585000000003,2336.284239586098,2159.3644895860984,2222.2446867159633,5,47,41,96,65
43,30,36,AdaptiveCuttingAuction,0.05,0.08,10,True,,1000,3600,cats_arbitrary_g30b150,True,default,2,False,CATS,150,arbitrary,MultiMinded,126,Balance,43.279999999998836,2385.76,1,2385.76,501.80000000000001,2385.76,2388.2954277802996,2363.2054277802995,2363.2054277802995,8,49,30,95,66
44,30,35,AdaptiveCuttingAuction,0.05,0.08,10,True,,1000,3600,cats_arbitrary_g30b150,True,default,2,False,CATS,150,arbitrary,MultiMinded,111,Balance,39.56999999997788,2079.9506999999994,8,1845.76,468.2165,2012.1207000000002,2044.7298719057062,1857.4432719057065,1875.7535956916763,7,51,23,100,65
45,30,30,AdaptiveCuttingAuction,0.05,0.08,10,True,,1000,3600,cats_arbitrary_g30b150,True,default,2,False,CATS,150,arbitrary,MultiMinded,88,Balance,18.85999999998603,1973.4939,7,1684.69,518.44550000000004,1973.4939,1959.6228900872852,1778.1669650872855,1823.0685058260049,9,49,24,78,60
46,30,33,AdaptiveCuttingAuction,0.05,0.08,10,True,,1000,3600,cats_arbitrary_g30b150,True,default,2,False,CATS,150,arbitrary,MultiMinded,125,Balance,49.389999999984866,2174.927,6,1703.31,577.08699999999999,2100.0609999999997,2099.3978001322484,1926.271700132248,2033.9012053866663,7,50,69,103,63
47,30,36,AdaptiveCuttingAuction,0.05,0.08,10,True,,1000,3600,cats_arbitrary_g30b150,True,default,2,False,CATS,150,arbitrary,MultiMinded,134,Balance,51.110000000015134,2134.903,7,1579.3,488.0025,2078.575,2086.2475222107505,1915.4466472107506,1989.2679788155656,7,48,62,100,66
48,30,36,AdaptiveCuttingAuction,0.05,0.08,10,True,,1000,3600,cats_arbitrary_g30b150,True,default,2,False,CATS,150,arbitrary,MultiMinded,134,Balance,65.82000000000698,2120.0323,8,1723.29,500.82099999999997,1988.3435,2042.4211270443475,1842.0927270443469,1872.5041846463835,24,72,32,102,66
49,30,32,AdaptiveCuttingAuction,0.05,0.08,10,True,,1000,3600,cats_arbitrary_g30b150,True,default,2,False,CATS,150,arbitrary,MultiMinded,109,Balance,38.320000000006985,1825.5846,8,1448.16,458.54599999999999,1780.0996000000002,1765.3792915340614,1581.9608915340609,1655.8222993748959,6,49,39,86,62
50,30,32,AdaptiveCuttingAuction,0.05,0.08,10,True,,1000,3600,cats_arbitrary_g30b150,True,default,2,False,CATS,150,arbitrary,MultiMinded,155,Balance,39.76000000000931,2387.589,3,2137.71,881.64700000000005,2372.596,2392.4975120283825,2260.2504620283821,2286.0354156390208,9,49,11,87,62
51,30,31,AdaptiveCuttingAuction,0.05,0.08,10,True,,1000,3600,cats_arbitrary_g30b150,True,default,2,False,CATS,150,arbitrary,MultiMinded,192,Balance,54.64999999999418,2404.514,4,2207.65,681.84050000000002,2404.514,2400.3501547107776,2263.9820547107779,2383.8339804522734,7,48,64,86,61
52,30,34,AdaptiveCuttingAuction,0.05,0.08,10,True,,1000,3600,cats_arbitrary_g30b150,True,default,2,False,CATS,150,arbitrary,MultiMinded,114,Balance,36.26999999998952,2070.7699000000002,8,1761.92,837.09500000000003,1943.5499,1992.7534682883165,1657.9154682883163,1718.0593095555175,12,48,52,100,64
53,30,34,AdaptiveCuttingAuction,0.05,0.08,10,True,,1000,3600,cats_arbitrary_g30b150,True,default,2,False,CATS,150,arbitrary,MultiMinded,110,Balance,29.320000000006985,1944.8844,7,1588.82,654.95799999999997,1944.8844,1916.0495778896043,1686.8142778896047,1755.1028052190695,9,49,20,96,64
54,30,30,AdaptiveCuttingAuction,0.05,0.08,10,True,,1000,3600,cats_arbitrary_g30b150,True,default,2,False,CATS,150,arbitrary,MultiMinded,121,Balance,34.86999999999534,2678.4509,3,2281.57,746.976,2605.3709,2567.5240160387948,2455.4776160387946,2533.5248510858983,9,48,32,89,60
55,30,31,AdaptiveCuttingAuction,0.05,0.08,10,True,,1000,3600,cats_arbitrary_g30b150,True,default,2,False,CATS,150,arbitrary,MultiMinded,91,Balance,21.55999999999767,2211.653,6,1943.48,726.06700000000001,2211.653,2245.8864329288399,2028.0663329288402,2071.3148712894463,6,49,28,89,61
56,30,29,AdaptiveCuttingAuction,0.05,0.08,10,True,,1000,3600,cats_arbitrary_g30b150,True,default,2,False,CATS,150,arbitrary,MultiMinded,100,Balance,23.760000000009313,2093.229,2,1877.5,714.9369999999999,1863.0939999999998,1904.0410319031739,1832.5473319031739,1841.8917983781466,8,48,52,78,59
57,30,31,AdaptiveCuttingAuction,0.05,0.08,10,True,,1000,3600,cats_arbitrary_g30b150,True,default,2,False,CATS,150,arbitrary,MultiMinded,111,Balance,42.44000000000233,2015.9576000000002,4,1667.14,591.51199999999994,1835.0610000000001,1841.2557842963852,1722.9533842963854,1751.9307471439329,30,65,13,93,61
58,30,33,AdaptiveCuttingAuction,0.05,0.08,10,True,,1000,3600,cats_arbitrary_g30b150,True,default,2,False,CATS,150,arbitrary,MultiMinded,163,Balance,43.0800000000163,2213.6252,7,1937.47,893.10799999999995,1983.7255,2077.4453917689534,1764.8575917689532,1829.0037531064033,8,47,65,89,63
59,30,31,AdaptiveCuttingAuction,0.05,0.08,10,True,,1000,3600,cats_arbitrary_g30b150,True,default,2,False,CATS,150,arbitrary,MultiMinded,164,Balance,38.679999999993015,2195.5229,5,1710.57,782.62599999999998,2189.5379,2247.8963819239507,2052.2398819239506,2055.892116669525,11,53,21,86,61
60,30,36,AdaptiveCuttingAuction,0.05,0.08,10,True,,1000,3600,cats_arbitrary_g30b150,True,default,2,False,CATS,150,arbitrary,MultiMinded,129,Balance,48.14000000001397,1802.554,8,1574.08,671.95349999999996,1593.6418999999999,1684.5052912647816,1417.0249174626701,1472.0386110477186,12,49,46,92,66
61,30,33,AdaptiveCuttingAuction,0.05,0.08,10,True,,1000,3600,cats_arbitrary_g30b150,True,default,2,False,CATS,150,arbitrary,MultiMinded,106,Balance,23.570000000006985,1724.4375,5,1339.03,584.49199999999996,1724.4375,1746.3472551775383,1608.4879039280963,1668.8713262168462,7,48,58,87,63
62,30,36,AdaptiveCuttingAuction,0.05,0.08,10,True,,1000,3600,cats_arbitrary_g30b150,True,default,2,False,CATS,150,arbitrary,MultiMinded,94,Balance,29.380000000004657,2437.0683000000004,6,1933.61,814.90999999999997,2291.9831999999997,2236.0369914447242,1991.5639914447243,2111.8863359242368,13,44,48,93,66
63,30,34,AdaptiveCuttingAuction,0.05,0.08,10,True,,1000,3600,cats_arbitrary_g30b150,True,default,2,False,CATS,150,arbitrary,MultiMinded,256,Balance,97.25999999998021,2003.24,1,2003.24,494.63999999999999,2003.24,2018.2107779450982,1993.4787779450983,2017.3066676237249,30,66,43,89,64
64,30,34,AdaptiveCuttingAuction,0.05,0.08,10,True,,1000,3600,cats_arbitrary_g30b150,True,default,2,False,CATS,150,arbitrary,MultiMinded,99,Balance,28.179999999993015,2039.0195999999999,9,1809.03,585.17600000000004,2039.0195999999999,1979.5898179501153,1716.2606179501147,1888.5613930034945,5,47,86,94,64
65,30,36,AdaptiveCuttingAuction,0.05,0.08,10,True,,1000,3600,cats_arbitrary_g30b150,True,default,2,False,CATS,150,arbitrary,MultiMinded,122,Balance,47.64000000001397,1894.2412000000002,6,1377.42,663.9670000000001,1894.2412000000002,2006.3277240862155,1811.0329992315792,1813.7483475605422,16,46,37,101,66
66,30,33,AdaptiveCuttingAuction,0.05,0.08,10,True,,1000,3600,cats_arbitrary_g30b150,True,default,2,False,CATS,150,arbitrary,MultiMinded,87,Balance,25.85999999998603,2454.29,1,2454.29,522.13300000000004,2454.29,2474.3457646947627,2448.2391146947625,2462.6961175286333,5,50,33,90,63
67,30,31,AdaptiveCuttingAuction,0.05,0.08,10,True,,1000,3600,cats_arbitrary_g30b150,True,default,2,False,CATS,150,arbitrary,MultiMinded,164,Balance,40.83999999999651,2341.4958,7,2017.46,785.07600000000002,2293.3377,2340.8212527099431,2066.0446527099434,2121.794623601435,7,46,62,80,61
68,30,31,AdaptiveCuttingAuction,0.05,0.08,10,True,,1000,3600,cats_arbitrary_g30b150,True,default,2,False,CATS,150,arbitrary,MultiMinded,70,Balance,15.680000000022119,2082.3165,6,1694.51,536.65000000000009,2082.3165,2103.6356831864828,1942.6406831864829,1980.4717858931544,7,47,21,93,61
69,30,32,AdaptiveCuttingAuction,0.05,0.08,10,True,,1000,3600,cats_arbitrary_g30b150,True,default,2,False,CATS,150,arbitrary,MultiMinded,162,Balance,93.12000000002445,2088.0744,6,1731.11,855.64499999999998,1846.2522999999999,1936.6482143310322,1683.429233820209,1683.429233820209,30,77,24,101,62
70,30,33,AdaptiveCuttingAuction,0.05,0.08,10,True,,1000,3600,cats_arbitrary_g30b150,True,default,2,False,CATS,150,arbitrary,MultiMinded,94,Balance,20.510000000009313,2258.578,4,1454.94,617.26599999999996,2258.578,2270.9602783296887,2147.5070783296883,2212.8168693718326,8,50,44,83,63
71,30,33,AdaptiveCuttingAuction,0.05,0.08,10,True,,1000,3600,cats_arbitrary_g30b150,True,default,2,False,CATS,150,arbitrary,MultiMinded,78,Balance,22.660000000003492,2247.3372,7,1920.4,499.70499999999998,2247.3372,2279.3846294093642,2104.4878794093643,2142.6913432009683,6,47,26,91,63
72,30,39,AdaptiveCuttingAuction,0.05,0.08,10,True,,1000,3600,cats_arbitrary_g30b150,True,default,2,False,CATS,150,arbitrary,MultiMinded,58,Balance,21.70000000001164,2410.0175,8,1662.34,705.94000000000005,2325.1850999999997,2419.9238826067449,2137.5478826067442,2215.5747532927321,10,44,38,93,69
73,30,34,AdaptiveCuttingAuction,0.05,0.08,10,True,,1000,3600,cats_arbitrary_g30b150,True,default,2,False,CATS,150,arbitrary,MultiMinded,58,Balance,18.630000000004657,2015.5892,7,1380.57,479.64299999999997,1897.315,1905.7615336695453,1737.886483669545,1803.8719380259599,9,49,39,88,64
74,30,36,AdaptiveCuttingAuction,0.05,0.08,10,True,,1000,3600,cats_arbitrary_g30b150,True,default,2,False,CATS,150,arbitrary,MultiMinded,62,Balance,26.420000000012806,2042.097,6,1285.64,413.78699999999998,1959.4499999999998,1981.1666364467585,1857.0305364467581,1869.0532692836564,5,48,24,100,66
75,30,28,AdaptiveCuttingAuction,0.05,0.08,10,True,,1000,3600,cats_arbitrary_g30b150,True,default,2,False,CATS,150,arbitrary,MultiMinded,149,Balance,27.770000000018626,1952.3077,3,1522.4,797.30549999999994,1805.2935900000002,1839.5425879768409,1721.3994161917221,1773.1657262193701,7,36,45,70,58
76,30,35,AdaptiveCuttingAuction,0.05,0.08,10,True,,1000,3600,cats_arbitrary_g30b150,True,default,2,False,CATS,150,arbitrary,MultiMinded,90,Balance,21.369999999995343,2241.3282000000004,8,1991.23,695.48000000000002,2196.2309,2304.1358168171564,2025.9438168171569,2096.9746843397779,6,46,49,92,65
77,30,29,AdaptiveCuttingAuction,0.05,0.08,10,True,,1000,3600,cats_arbitrary_g30b150,True,default,2,False,CATS,150,arbitrary,MultiMinded,65,Balance,15.110000000015134,2086.98,5,1735.17,697.00749999999994,2086.98,2114.1176182987533,1939.8657432987534,2013.4006975712971,5,43,25,91,59
78,30,34,AdaptiveCuttingAuction,0.05,0.08,10,True,,1000,3600,cats_arbitrary_g30b150,True,default,2,False,CATS,150,arbitrary,MultiMinded,70,Balance,21.420000000012806,2141.5101999999997,7,1833.54,620.51150000000007,2131.3574,2209.6088519279492,1992.4298269279489,2046.4582147206261,6,48,57,86,64
79,30,32,AdaptiveCuttingAuction,0.05,0.08,10,True,,1000,3600,cats_arbitrary_g30b150,True,default,2,False,CATS,150,arbitrary,MultiMinded,107,Balance,27.019999999989523,2182.6516,5,1753.74,722.10699999999997,2135.665,2166.2821345429234,1985.7553845429231,2027.4783854508112,8,48,22,88,62
80,30,31,AdaptiveCuttingAuction,0.05,0.08,10,True,,1000,3600,cats_arbitrary_g30b150,True,default,2,False,CATS,150,arbitrary,MultiMinded,68,Balance,16.369999999995343,2157.0797,5,1772.89,656.88249999999994,1937.4807,1993.9207985665221,1829.7001735665217,1888.1446630302094,9,47,45,83,61
81,30,31,AdaptiveCuttingAuction,0.05,0.08,10,True,,1000,3600,cats_arbitrary_g30b150,True,default,2,False,CATS,150,arbitrary,MultiMinded,101,Balance,28.570000000006985,1755.3018000000002,5,1603.71,647.50199999999995,1673.4808000000003,1676.9932832794282,1536.4833847662976,1602.3682778480616,27,44,49,84,61
82,30,34,AdaptiveCuttingAuction,0.05,0.08,10,True,,1000,3600,cats_arbitrary_g30b150,True,default,2,False,CATS,150,arbitrary,MultiMinded,89,Balance,28.779999999998836,2385.8982,6,2112.36,790.75199999999995,2290.099,2264.7943381940572,2027.568738194057,2118.2733731953545,15,45,45,83,64
83,30,32,AdaptiveCuttingAuction,0.05,0.08,10,True,,1000,3600,cats_arbitrary_g30b150,True,default,2,False,CATS,150,arbitrary,MultiMinded,189,Balance,64.46000000002095,2059.99,3,1826.87,768.11400000000003,1834.1599999999999,1897.2915331899471,1782.0744331899468,1785.5341000960693,30,68,23,91,62
84,30,33,AdaptiveCuttingAuction,0.05,0.08,10,True,,1000,3600,cats_arbitrary_g30b150,True,default,2,False,CATS,150,arbitrary,MultiMinded,176,Balance,68.35000000000582,1978.9186000000002,4,1758.88,838.20399999999995,1876.5149999999999,1893.9811753523834,1726.3403753523833,1754.7963694140765,28,62,51,100,63
85,30,33,AdaptiveCuttingAuction,0.05,0.08,10,True,,1000,3600,cats_arbitrary_g30b150,True,default,2,False,CATS,150,arbitrary,MultiMinded,86,Balance,21.329999999987194,2216.0256,6,2078.55,626.62099999999998,2216.0256,2176.4733471461932,1988.4870471461927,2147.6156166554379,7,45,95,95,63
86,30,31,AdaptiveCuttingAuction,0.05,0.08,10,True,,1000,3600,cats_arbitrary_g30b150,True,default,2,False,CATS,150,arbitrary,MultiMinded,165,Balance,55.01999999998952,2283.532,6,1809.12,745.29950000000008,2022.6480000000001,2072.7589663505778,1849.169116350578,1864.9849200149856,21,55,13,93,61
87,30,36,AdaptiveCuttingAuction,0.05,0.08,10,True,,1000,3600,cats_arbitrary_g30b150,True,default,2,False,CATS,150,arbitrary,MultiMinded,111,Balance,45.88000000000466,2522.6901999999995,9,2032.58,563.31899999999996,2397.5457,2397.1084204015856,2143.6148704015854,2271.8554610102183,8,47,61,92,66
88,30,35,AdaptiveCuttingAuction,0.05,0.08,10,True,,1000,3600,cats_arbitrary_g30b150,True,default,2,False,CATS,150,arbitrary,MultiMinded,89,Balance,29.429999999993015,2265.08,5,1820.47,452.93900000000002,2200.5699999999997,2210.4133972929371,2097.1786472929375,2114.9241351304563,5,47,24,88,65
89,30,28,AdaptiveCuttingAuction,0.05,0.08,10,True,,1000,3600,cats_arbitrary_g30b150,True,default,2,False,CATS,150,arbitrary,MultiMinded,224,Balance,51.11999999999534,1895.8706000000002,4,1412.37,685.88149999999996,1702.7196000000001,1703.8496041903056,1566.6733041903055,1607.9471473007693,28,53,57,82,58
90,30,33,AdaptiveCuttingAuction,0.05,0.08,10,True,,1000,3600,cats_arbitrary_g30b150,True,default,2,False,CATS,150,arbitrary,MultiMinded,82,Balance,24.889999999984866,2397.1789,3,2224.82,593.16800000000001,2279.5699999999997,2342.5947590753494,2253.6195590753496,2253.6195590753496,9,48,25,88,63
91,30,32,AdaptiveCuttingAuction,0.05,0.08,10,True,,1000,3600,cats_arbitrary_g30b150,True,default,2,False,CATS,150,arbitrary,MultiMinded,102,Balance,39.29999999998836,2290.7259999999997,3,1825.1,529.46000000000004,1935.004,1944.0848317684122,1864.6658317684123,1897.5870657022299,6,46,25,81,62
92,30,31,AdaptiveCuttingAuction,0.05,0.08,10,True,,1000,3600,cats_arbitrary_g30b150,True,default,2,False,CATS,150,arbitrary,MultiMinded,150,Balance,30.279999999998836,1880.9630000000002,5,1586.58,901.44949999999994,1850.508,1795.1099582831803,1577.733408030331,1720.1182759191292,12,46,52,86,61
93,30,34,AdaptiveCuttingAuction,0.05,0.08,10,True,,1000,3600,cats_arbitrary_g30b150,True,default,2,False,CATS,150,arbitrary,MultiMinded,116,Balance,36.15999999997439,1815.7306,6,1434.89,540.21100000000001,1673.5411,1695.2747193928017,1533.2114193928019,1570.2855056707322,8,49,60,93,64
94,30,36,AdaptiveCuttingAuction,0.05,0.08,10,True,,1000,3600,cats_arbitrary_g30b150,True,default,2,False,CATS,150,arbitrary,MultiMinded,131,Balance,50.960000000020955,2435.1574,4,2127.58,687.69500000000005,2393.3277000000003,2411.9123436757804,2275.0840032937708,2295.9302577716594,8,49,16,95,66
95,30,32,AdaptiveCuttingAuction,0.05,0.08,10,True,,1000,3600,cats_arbitrary_g30b150,True,default,2,False,CATS,150,arbitrary,MultiMinded,109,Balance,27.730000000010477,2424.051,5,1933.55,792.75099999999998,2148.6805,2225.4421355214363,2027.2543855214367,2156.4462503535265,8,51,111,91,62
96,30,31,AdaptiveCuttingAuction,0.05,0.08,10,True,,1000,3600,cats_arbitrary_g30b150,True,default,2,False,CATS,150,arbitrary,MultiMinded,115,Balance,29.64000000001397,1954.1625,6,1781.86,780.25699999999995,1954.1625,1997.3776784303363,1763.3005784303364,1823.7484167186788,8,47,54,90,61
97,30,30,AdaptiveCuttingAuction,0.05,0.08,10,True,,1000,3600,cats_arbitrary_g30b150,True,default,2,False,CATS,150,arbitrary,MultiMinded,82,Balance,13.639999999984866,1794.66,7,1264.09,681.495,1690.3646999999999,1700.8577169141395,1462.3344669141395,1479.4153351399841,1,30,31,74,60
98,30,32,AdaptiveCuttingAuction,0.05,0.08,10,True,,1000,3600,cats_arbitrary_g30b150,True,default,2,False,CATS,150,arbitrary,MultiMinded,140,Balance,36.55999999999767,2145.0272,6,2092.47,967.64100000000008,2117.1731999999997,2202.1372248367861,1911.8449248367863,1959.4304347923521,7,44,66,85,62
99,30,29,AdaptiveCuttingAuction,0.05,0.08,10,True,,1000,3600,cats_arbitrary_g30b150,True,default,2,False,CATS,150,arbitrary,MultiMinded,156,Balance,30.869999999995343,2260.297,4,2093.42,648.17449999999997,2069.013,2103.657605140178,1974.0227051401778,2012.2994260525227,10,49,50,84,59
100,30,37,AdaptiveCuttingAuction,0.05,0.08,10,True,,1000,3600,cats_arbitrary_g30b150,True,default,2,False,CATS,150,arbitrary,MultiMinded,87,Balance,35.34999999997672,2260.7916,8,1588.66,496.72000000000003,2260.7916,2194.3143754769521,1995.626375476952,2074.468954713419,8,1924,2,99,67
