idx,items,agents,auction_class,epsilon,stepc,epoch,scalebyvalue,reserve_type,maxiter,maxtime,generator_param_name,personalized,bidding_strategy,heuristic_pool_num,int_prices,generator,bids,distribution,type,rounds,status,runtime,efficient_value,final_num_winners,final_max_agent_value,final_scalevalue,final_value,final_total_price,final_revenue,final_indirect_util,final_price_degree,final_price_sparsity,final_imbalance,final_wd_nvars,final_wd_ncons
1,30,34,LinearSubgradientAuction,0.05,0.08,,True,,1000,3600,cats_arbitrary_g30b150,,heuristic,2,False,CATS,150,arbitrary,MultiMinded,1000,MaxIter,1395.4400000000023,1985.8648,10,1958.65,585.33899999999994,1848.1840000000002,2277.8657136236543,1024.0860370170506,1055.0097696007238,1,30,22,2074,3124
2,30,35,LinearSubgradientAuction,0.05,0.08,,True,,1000,3600,cats_arbitrary_g30b150,,heuristic,2,False,CATS,150,arbitrary,MultiMinded,1000,MaxIter,1468.3500000000058,2197.79,9,2197.79,440.00599999999997,1244.1606000000002,2261.0732372549505,428.17220777494737,442.64123602798503,1,30,16,2135,3215
3,30,33,LinearSubgradientAuction,0.05,0.08,,True,,1000,3600,cats_arbitrary_g30b150,,heuristic,2,False,CATS,150,arbitrary,MultiMinded,1000,MaxIter,1382.0,2537.724,6,1980.67,603.23800000000006,1489.342,2937.3707987489383,670.44311280192255,694.74004576334346,1,30,18,2013,3033
4,30,33,LinearSubgradientAuction,0.05,0.08,,True,,1000,3600,cats_arbitrary_g30b150,,heuristic,2,False,CATS,150,arbitrary,MultiMinded,1000,MaxIter,1359.479999999996,2018.328,5,1780.26,501.12400000000002,917.274,2299.659586216183,373.20593012352418,394.58700122509435,1,30,13,2013,3033
5,30,32,LinearSubgradientAuction,0.05,0.08,,True,,1000,3600,cats_arbitrary_g30b150,,heuristic,2,False,CATS,150,arbitrary,MultiMinded,1000,MaxIter,1327.550000000003,1876.8708299999998,2,1770.89,624.08600000000001,726.185,2336.0528640735515,0,25.645838971720472,1,30,20,1952,2942
6,30,33,LinearSubgradientAuction,0.05,0.08,,True,,1000,3600,cats_arbitrary_g30b150,,heuristic,2,False,CATS,150,arbitrary,MultiMinded,1000,MaxIter,1387.679999999993,2052.619,2,1672.04,727.22400000000005,284.1229,2710.0661670093541,26.875217118875597,38.837154926333348,1,30,29,2013,3033
7,30,30,LinearSubgradientAuction,0.05,0.08,,True,,1000,3600,cats_arbitrary_g30b150,,heuristic,2,False,CATS,150,arbitrary,MultiMinded,1000,MaxIter,1229.1900000000023,2256.612,3,2088.18,661.12950000000001,806.272,2689.3622040167425,71.764372877874536,129.36107851487299,1,30,21,1830,2760
8,30,35,LinearSubgradientAuction,0.05,0.08,,True,,1000,3600,cats_arbitrary_g30b150,,heuristic,2,False,CATS,150,arbitrary,MultiMinded,1000,MaxIter,1468.3800000000047,1886.9858,9,1721.43,762.18450000000007,1383.8457,2130.4899005089828,1269.5029916919168,1269.554201847126,1,30,34,2135,3215
9,30,32,LinearSubgradientAuction,0.05,0.08,,True,,1000,3600,cats_arbitrary_g30b150,,heuristic,2,False,CATS,150,arbitrary,MultiMinded,1000,MaxIter,1313.5800000000017,1903.7699,5,1559.25,844.62750000000005,917.104,2240.1102642286296,844.3093396263456,857.40281643020876,1,30,20,1952,2942
10,30,36,LinearSubgradientAuction,0.05,0.08,,True,,1000,3600,cats_arbitrary_g30b150,,heuristic,2,False,CATS,150,arbitrary,MultiMinded,1000,MaxIter,1503.25,2500.0740000000005,6,2217.68,621.28700000000003,1574.394,3012.7417306476123,170.35139775573111,285.89833747019048,1,30,14,2196,3306
11,30,30,LinearSubgradientAuction,0.05,0.08,,True,,1000,3600,cats_arbitrary_g30b150,,heuristic,2,False,CATS,150,arbitrary,MultiMinded,1000,MaxIter,1232.9399999999878,1868.241,8,1447.57,637.68550000000005,607.355,2497.6131457300494,346.72331082713106,355.23892390468666,1,30,27,1830,2760
12,30,32,LinearSubgradientAuction,0.05,0.08,,True,,1000,3600,cats_arbitrary_g30b150,,heuristic,2,False,CATS,150,arbitrary,MultiMinded,1000,MaxIter,1314.2199999999866,1629.6809799999999,7,1454.03,563.44500000000005,1007.3245,2057.7498472267162,892.05447095249417,919.84347488344702,1,30,18,1952,2942
13,30,33,LinearSubgradientAuction,0.05,0.08,,True,,1000,3600,cats_arbitrary_g30b150,,heuristic,2,False,CATS,150,arbitrary,MultiMinded,1000,MaxIter,1381.2400000000052,1977.1191,4,1667.86,707.56150000000002,573.0673,2265.8246162874407,247.65639562788678,280.70371439025826,1,30,23,2013,3033
14,30,33,LinearSubgradientAuction,0.05,0.08,,True,,1000,3600,cats_arbitrary_g30b150,,heuristic,2,False,CATS,150,arbitrary,MultiMinded,1000,MaxIter,1383.2599999999948,2717.117,6,1791.51,726.46749999999997,2037.8249999999998,3021.9167382430223,498.86863464033462,543.61721035995856,1,30,12,2013,3033
15,30,30,LinearSubgradientAuction,0.05,0.08,,True,,1000,3600,cats_arbitrary_g30b150,,heuristic,2,False,CATS,150,arbitrary,MultiMinded,1000,MaxIter,1223.2300000000105,2171.381,5,1868.55,921.70799999999997,732.7665000000001,2722.7881318797463,695.90462574071864,695.90462574071864,1,30,21,1830,2760
16,30,34,LinearSubgradientAuction,0.05,0.08,,True,,1000,3600,cats_arbitrary_g30b150,,heuristic,2,False,CATS,150,arbitrary,MultiMinded,1000,MaxIter,1412.8300000000017,2091.4660000000003,6,1581.43,466.154,1565.143,2454.5845984445673,1233.5357216021628,1245.0676554309316,1,30,19,2074,3124
17,30,32,LinearSubgradientAuction,0.05,0.08,,True,,1000,3600,cats_arbitrary_g30b150,,heuristic,2,False,CATS,150,arbitrary,MultiMinded,1000,MaxIter,1331.229999999996,1828.406,2,1506.32,727.10699999999997,336.321,2067.8861281536274,299.03591595028274,318.99873042132373,1,30,25,1952,2942
18,30,33,LinearSubgradientAuction,0.05,0.08,,True,,1000,3600,cats_arbitrary_g30b150,,heuristic,2,False,CATS,150,arbitrary,MultiMinded,1000,MaxIter,1389.2300000000105,2345.2870000000003,6,2117.29,776.08299999999997,1106.2269999999999,2659.1340700078194,975.4156779395571,999.50493579632609,1,30,19,2013,3033
19,30,34,LinearSubgradientAuction,0.05,0.08,,True,,1000,3600,cats_arbitrary_g30b150,,heuristic,2,False,CATS,150,arbitrary,MultiMinded,1000,MaxIter,1414.3800000000047,2287.142,2,1551.3,564.779,812.226,2724.9615780051872,227.55059043884449,256.72098868501973,1,30,22,2074,3124
20,30,34,LinearSubgradientAuction,0.05,0.08,,True,,1000,3600,cats_arbitrary_g30b150,,heuristic,2,False,CATS,150,arbitrary,MultiMinded,1000,MaxIter,1401.4000000000087,1940.03319,1,1543.36,583.99600000000009,1543.36,2337.5261623581314,0,3.7826182102091082,1,30,30,2074,3124
21,30,32,LinearSubgradientAuction,0.05,0.08,,True,,1000,3600,cats_arbitrary_g30b150,,heuristic,2,False,CATS,150,arbitrary,MultiMinded,1000,MaxIter,1322.2599999999948,1599.0811999999999,6,1355.45,695.58449999999993,1180.6542,2022.5761436827393,913.77080762744367,947.55694828352546,1,30,13,1952,2942
22,30,33,LinearSubgradientAuction,0.05,0.08,,True,,1000,3600,cats_arbitrary_g30b150,,heuristic,2,False,CATS,150,arbitrary,MultiMinded,1000,MaxIter,1393.3399999999965,2282.8423000000003,9,1879.28,739.774,1305.4913,2602.9708988056823,1187.0972276672994,1187.0972276672994,1,30,49,2013,3033
23,30,33,LinearSubgradientAuction,0.05,0.08,,True,,1000,3600,cats_arbitrary_g30b150,,heuristic,2,False,CATS,150,arbitrary,MultiMinded,1000,MaxIter,1387.800000000003,2403.9993,4,2044.82,717.20399999999995,525.7139999999999,2880.0249076639298,447.47839787384197,464.97912776118449,1,30,13,2013,3033
24,30,30,LinearSubgradientAuction,0.05,0.08,,True,,1000,3600,cats_arbitrary_g30b150,,heuristic,2,False,CATS,150,arbitrary,MultiMinded,1000,MaxIter,1222.3999999999942,2126.121,6,1969.43,482.00350000000003,1490.366,2568.8981941066249,1422.8810807037196,1426.0215720544074,1,30,25,1830,2760
25,30,29,LinearSubgradientAuction,0.05,0.08,,True,,1000,3600,cats_arbitrary_g30b150,,heuristic,2,False,CATS,150,arbitrary,MultiMinded,1000,MaxIter,1182.2599999999948,1852.1607,7,1764.81,936.35900000000004,1094.9070000000002,2430.816566979805,108.85652057582749,116.14885096581273,1,30,22,1769,2669
26,30,39,LinearSubgradientAuction,0.05,0.08,,True,,1000,3600,cats_arbitrary_g30b150,,heuristic,2,False,CATS,150,arbitrary,MultiMinded,1000,MaxIter,1634.4700000000012,2465.4804,7,1489.25,632.89699999999993,276.5439,2605.8182696019503,95.806240381057506,110.39037017746705,1,30,18,2379,3579
27,30,29,LinearSubgradientAuction,0.05,0.08,,True,,1000,3600,cats_arbitrary_g30b150,,heuristic,2,False,CATS,150,arbitrary,MultiMinded,1000,MaxIter,1205.229999999996,2275.4269999999997,3,1932.93,759.11900000000003,2008.746,2705.720955607218,1948.2106482129718,1958.4179543603655,1,30,9,1769,2669
28,30,31,LinearSubgradientAuction,0.05,0.08,,True,,1000,3600,cats_arbitrary_g30b150,,heuristic,2,False,CATS,150,arbitrary,MultiMinded,1000,MaxIter,1282.270000000004,2301.5724,4,1458.94,613.274,1236.4859999999999,2555.7115553761387,753.59411779946788,777.78667131061206,1,30,14,1891,2851
29,30,29,LinearSubgradientAuction,0.05,0.08,,True,,1000,3600,cats_arbitrary_g30b150,,heuristic,2,False,CATS,150,arbitrary,MultiMinded,1000,MaxIter,1200.3500000000058,2007.782,5,1669.06,662.85299999999995,983.575,2287.5130152663355,662.15904955119549,697.69744344628805,1,30,16,1769,2669
30,30,35,LinearSubgradientAuction,0.05,0.08,,True,,1000,3600,cats_arbitrary_g30b150,,heuristic,2,False,CATS,150,arbitrary,MultiMinded,1000,MaxIter,1452.520000000004,2161.8298999999997,6,1539.73,524.54999999999995,952.1399,2478.1348200167736,460.26244096318266,493.6120266477617,1,30,14,2135,3215
31,30,32,LinearSubgradientAuction,0.05,0.08,,True,,1000,3600,cats_arbitrary_g30b150,,heuristic,2,False,CATS,150,arbitrary,MultiMinded,1000,MaxIter,1322.4700000000012,2453.359,6,1724.13,512.56299999999999,1470.0,2739.6692737534518,715.15213739683634,719.50873199993759,1,30,21,1952,2942
32,30,34,LinearSubgradientAuction,0.05,0.08,,True,,1000,3600,cats_arbitrary_g30b150,,heuristic,2,False,CATS,150,arbitrary,MultiMinded,1000,MaxIter,1397.7799999999988,1818.8858,8,1643.98,574.70600000000002,1359.3049999999998,2362.5355699571337,594.5664225709977,614.35339269372946,1,30,20,2074,3124
33,30,33,LinearSubgradientAuction,0.05,0.08,,True,,1000,3600,cats_arbitrary_g30b150,,heuristic,2,False,CATS,150,arbitrary,MultiMinded,1000,MaxIter,1380.5300000000134,1944.8153000000002,7,1618.49,617.12249999999995,1271.1970000000001,2256.4508776396824,1177.3188152338068,1182.9921040324728,1,30,24,2013,3033
34,30,31,LinearSubgradientAuction,0.05,0.08,,True,,1000,3600,cats_arbitrary_g30b150,,heuristic,2,False,CATS,150,arbitrary,MultiMinded,1000,MaxIter,1287.6600000000035,2467.5019,3,2102.79,578.16200000000003,857.6179999999999,2862.052758808707,445.9173875600095,465.92678207211804,1,30,21,1891,2851
35,30,32,LinearSubgradientAuction,0.05,0.08,,True,,1000,3600,cats_arbitrary_g30b150,,heuristic,2,False,CATS,150,arbitrary,MultiMinded,1000,MaxIter,1316.3699999999953,2108.201,1,1910.3,506.57900000000001,258.351,2533.8926863120164,0,5.5012921820459155,1,30,30,1952,2942
36,30,35,LinearSubgradientAuction,0.05,0.08,,True,,1000,3600,cats_arbitrary_g30b150,,heuristic,2,False,CATS,150,arbitrary,MultiMinded,1000,MaxIter,1450.729999999996,1942.8097999999998,7,1649.39,704.06799999999998,546.252,2258.6190790882565,496.50698528617602,499.76351038120339,1,30,51,2135,3215
37,30,33,LinearSubgradientAuction,0.05,0.08,,True,,1000,3600,cats_arbitrary_g30b150,,heuristic,2,False,CATS,150,arbitrary,MultiMinded,1000,MaxIter,1362.550000000003,1975.334,1,1881.03,532.89949999999999,837.038,2336.2452314775146,0,27.517227248566037,1,30,30,2013,3033
38,30,32,LinearSubgradientAuction,0.05,0.08,,True,,1000,3600,cats_arbitrary_g30b150,,heuristic,2,False,CATS,150,arbitrary,MultiMinded,1000,MaxIter,1333.87000000001,2501.4829999999997,2,2312.06,839.32600000000002,1305.945,2945.884484200099,403.00521461827276,474.46638125030461,1,30,25,1952,2942
39,30,34,LinearSubgradientAuction,0.05,0.08,,True,,1000,3600,cats_arbitrary_g30b150,,heuristic,2,False,CATS,150,arbitrary,MultiMinded,1000,MaxIter,1420.1300000000047,2311.536,1,2186.45,533.95749999999998,345.447,2733.4555423916631,0,12.016246411363994,1,30,30,2074,3124
40,30,31,LinearSubgradientAuction,0.05,0.08,,True,,1000,3600,cats_arbitrary_g30b150,,heuristic,2,False,CATS,150,arbitrary,MultiMinded,1000,MaxIter,1288.6199999999953,1922.01,6,1548.35,753.33299999999997,1532.122,2264.6063710891231,914.56475744304691,929.44448160647448,1,30,15,1891,2851
41,30,32,LinearSubgradientAuction,0.05,0.08,,True,,1000,3600,cats_arbitrary_g30b150,,heuristic,2,False,CATS,150,arbitrary,MultiMinded,1000,MaxIter,1317.520000000004,1899.3063,1,1626.29,567.45299999999997,845.96,2265.0400207843427,0,5.3409364667518844,1,30,30,1952,2942
42,30,35,LinearSubgradientAuction,0.05,0.08,,True,,1000,3600,cats_arbitrary_g30b150,,heuristic,2,False,CATS,150,arbitrary,MultiMinded,1000,MaxIter,1459.050000000003,2374.3837000000003,7,1682.91,707.67899999999997,1387.681,2923.5910271052107,1335.7015854559409,1336.0681677573516,1,30,32,2135,3215
43,30,36,LinearSubgradientAuction,0.05,0.08,,True,,1000,3600,cats_arbitrary_g30b150,,heuristic,2,False,CATS,150,arbitrary,MultiMinded,1000,MaxIter,1499.8999999999942,2385.76,8,2385.76,501.80000000000001,1047.16,2646.0892612807966,798.72427537804367,799.98472238676584,1,30,48,2196,3306
44,30,35,LinearSubgradientAuction,0.05,0.08,,True,,1000,3600,cats_arbitrary_g30b150,,heuristic,2,False,CATS,150,arbitrary,MultiMinded,1000,MaxIter,1448.5600000000122,2079.9506999999994,7,1845.76,468.2165,1064.025,2366.8584295983569,562.01256404934486,589.67924140635296,1,30,18,2135,3215
45,30,30,LinearSubgradientAuction,0.05,0.08,,True,,1000,3600,cats_arbitrary_g30b150,,heuristic,2,False,CATS,150,arbitrary,MultiMinded,1000,MaxIter,1238.1800000000076,1973.4939,3,1684.69,518.44550000000004,1025.715,2307.9809241751204,339.04569070387038,386.04548177961868,1,30,21,1830,2760
46,30,33,LinearSubgradientAuction,0.05,0.08,,True,,1000,3600,cats_arbitrary_g30b150,,heuristic,2,False,CATS,150,arbitrary,MultiMinded,1000,MaxIter,1368.3300000000017,2174.927,3,1703.31,577.08699999999999,1133.356,2538.0423413889557,544.53899802001661,586.38068403795808,1,30,17,2013,3033
47,30,36,LinearSubgradientAuction,0.05,0.08,,True,,1000,3600,cats_arbitrary_g30b150,,heuristic,2,False,CATS,150,arbitrary,MultiMinded,1000,MaxIter,1495.1000000000058,2134.903,6,1579.3,488.0025,1135.906,2541.3360022848769,605.1772507390225,625.38975194079035,1,30,18,2196,3306
48,30,36,LinearSubgradientAuction,0.05,0.08,,True,,1000,3600,cats_arbitrary_g30b150,,heuristic,2,False,CATS,150,arbitrary,MultiMinded,1000,MaxIter,1480.570000000007,2120.0323,7,1723.29,500.82099999999997,808.2345,2347.1557555933614,462.30552805644447,485.21092221691498,1,30,17,2196,3306
49,30,32,LinearSubgradientAuction,0.05,0.08,,True,,1000,3600,cats_arbitrary_g30b150,,heuristic,2,False,CATS,150,arbitrary,MultiMinded,1000,MaxIter,1309.9500000000116,1825.5846,9,1448.16,458.54599999999999,641.673,2167.790306417935,492.62848895811004,507.017336356339,1,30,24,1952,2942
50,30,32,LinearSubgradientAuction,0.05,0.08,,True,,1000,3600,cats_arbitrary_g30b150,,heuristic,2,False,CATS,150,arbitrary,MultiMinded,1000,MaxIter,1339.5199999999895,2387.589,4,2137.71,881.64700000000005,592.871,2529.7453014882171,226.76309747006502,267.22215360357927,1,30,23,1952,2942
51,30,31,LinearSubgradientAuction,0.05,0.08,,True,,1000,3600,cats_arbitrary_g30b150,,heuristic,2,False,CATS,150,arbitrary,MultiMinded,1000,MaxIter,1288.0599999999977,2404.514,8,2207.65,681.84050000000002,1701.461,2921.2923632324346,984.02871225546301,1102.5115179239851,1,30,29,1891,2851
52,30,34,LinearSubgradientAuction,0.05,0.08,,True,,1000,3600,cats_arbitrary_g30b150,,heuristic,2,False,CATS,150,arbitrary,MultiMinded,1000,MaxIter,1414.229999999996,2070.7699000000002,4,1761.92,837.09500000000003,839.424,2412.8072809222845,496.86082737082228,566.33008570112725,1,30,18,2074,3124
53,30,34,LinearSubgradientAuction,0.05,0.08,,True,,1000,3600,cats_arbitrary_g30b150,,heuristic,2,False,CATS,150,arbitrary,MultiMinded,1000,MaxIter,1417.5899999999965,1944.8844,3,1588.82,654.95799999999997,748.708,2311.8173615021697,565.17280300982782,589.68342947698068,1,30,18,2074,3124
54,30,30,LinearSubgradientAuction,0.05,0.08,,True,,1000,3600,cats_arbitrary_g30b150,,heuristic,2,False,CATS,150,arbitrary,MultiMinded,1000,MaxIter,1236.229999999996,2678.4509,6,2281.57,746.976,935.989,3107.9103882098407,800.60707280111978,838.95327407291552,1,30,26,1830,2760
55,30,31,LinearSubgradientAuction,0.05,0.08,,True,,1000,3600,cats_arbitrary_g30b150,,heuristic,2,False,CATS,150,arbitrary,MultiMinded,1000,MaxIter,1277.9400000000023,2211.653,7,1943.48,726.06700000000001,1205.886,2521.2590429579272,811.81056010197642,812.71402615922068,1,30,38,1891,2851
56,30,29,LinearSubgradientAuction,0.05,0.08,,True,,1000,3600,cats_arbitrary_g30b150,,heuristic,2,False,CATS,150,arbitrary,MultiMinded,1000,MaxIter,1188.9599999999919,2093.229,4,1877.5,714.9369999999999,548.7242,2226.4129795349031,0.0,20.760836312497496,1,30,16,1769,2669
57,30,31,LinearSubgradientAuction,0.05,0.08,,True,,1000,3600,cats_arbitrary_g30b150,,heuristic,2,False,CATS,150,arbitrary,MultiMinded,1000,MaxIter,1273.0299999999988,2015.9576000000002,1,1667.14,591.51199999999994,1172.38,2385.8830256610772,0,19.431965319347455,1,30,30,1891,2851
58,30,33,LinearSubgradientAuction,0.05,0.08,,True,,1000,3600,cats_arbitrary_g30b150,,heuristic,2,False,CATS,150,arbitrary,MultiMinded,1000,MaxIter,1384.3500000000058,2213.6252,10,1937.47,893.10799999999995,1168.9492,2741.2880953265949,584.62661571304841,584.62948745949802,1,30,43,2013,3033
59,30,31,LinearSubgradientAuction,0.05,0.08,,True,,1000,3600,cats_arbitrary_g30b150,,heuristic,2,False,CATS,150,arbitrary,MultiMinded,1000,MaxIter,1276.6500000000087,2195.5229,5,1710.57,782.62599999999998,976.903,2815.7914356065244,913.6315134690808,936.0155103215493,1,30,34,1891,2851
60,30,36,LinearSubgradientAuction,0.05,0.08,,True,,1000,3600,cats_arbitrary_g30b150,,heuristic,2,False,CATS,150,arbitrary,MultiMinded,1000,MaxIter,1494.9900000000052,1802.554,8,1574.08,671.95349999999996,1200.0746000000001,2087.0458238524002,619.73302243269495,655.12317978622104,1,30,9,2196,3306
61,30,33,LinearSubgradientAuction,0.05,0.08,,True,,1000,3600,cats_arbitrary_g30b150,,heuristic,2,False,CATS,150,arbitrary,MultiMinded,1000,MaxIter,1365.2400000000052,1724.4375,5,1339.03,584.49199999999996,720.64,2043.2875927783321,129.39507732473484,155.9389393206082,1,30,13,2013,3033
62,30,36,LinearSubgradientAuction,0.05,0.08,,True,,1000,3600,cats_arbitrary_g30b150,,heuristic,2,False,CATS,150,arbitrary,MultiMinded,1000,MaxIter,1517.6100000000006,2437.0683000000004,8,1933.61,814.90999999999997,1290.2708,2699.230532688,1140.663840195589,1147.5558487831684,1,30,26,2196,3306
63,30,34,LinearSubgradientAuction,0.05,0.08,,True,,1000,3600,cats_arbitrary_g30b150,,heuristic,2,False,CATS,150,arbitrary,MultiMinded,1000,MaxIter,1418.2100000000064,2003.24,8,2003.24,494.63999999999999,536.2090000000001,2528.7774355777251,297.88396854389157,301.05232099433704,1,30,38,2074,3124
64,30,34,LinearSubgradientAuction,0.05,0.08,,True,,1000,3600,cats_arbitrary_g30b150,,heuristic,2,False,CATS,150,arbitrary,MultiMinded,1000,MaxIter,1417.8899999999994,2039.0195999999999,4,1809.03,585.17600000000004,959.502,2417.5645659648362,582.20144092280339,606.67195475255937,1,30,19,2074,3124
65,30,36,LinearSubgradientAuction,0.05,0.08,,True,,1000,3600,cats_arbitrary_g30b150,,heuristic,2,False,CATS,150,arbitrary,MultiMinded,1000,MaxIter,1510.4899999999907,1894.2412000000002,1,1377.42,663.9670000000001,77.6414,2165.3254814762709,0,6.8527764418267196,1,30,30,2196,3306
66,30,33,LinearSubgradientAuction,0.05,0.08,,True,,1000,3600,cats_arbitrary_g30b150,,heuristic,2,False,CATS,150,arbitrary,MultiMinded,1000,MaxIter,1380.9800000000105,2454.29,9,2454.29,522.13300000000004,1438.084,2557.8983830494367,636.8064413503489,793.40954491819775,1,30,21,2013,3033
67,30,31,LinearSubgradientAuction,0.05,0.08,,True,,1000,3600,cats_arbitrary_g30b150,,heuristic,2,False,CATS,150,arbitrary,MultiMinded,1000,MaxIter,1271.6699999999983,2341.4958,6,2017.46,785.07600000000002,852.9599,3028.2483813255189,805.61513744797935,805.61914729316868,1,30,53,1891,2851
68,30,31,LinearSubgradientAuction,0.05,0.08,,True,,1000,3600,cats_arbitrary_g30b150,,heuristic,2,False,CATS,150,arbitrary,MultiMinded,1000,MaxIter,1286.1699999999983,2082.3165,8,1694.51,536.65000000000009,1077.473,2266.7733339157112,995.84834767218035,1010.2474067466732,1,30,18,1891,2851
69,30,32,LinearSubgradientAuction,0.05,0.08,,True,,1000,3600,cats_arbitrary_g30b150,,heuristic,2,False,CATS,150,arbitrary,MultiMinded,1000,MaxIter,1321.3300000000017,2088.0744,2,1731.11,855.64499999999998,1482.1000000000001,2484.7975602969473,0,12.616048962168549,1,30,27,1952,2942
70,30,33,LinearSubgradientAuction,0.05,0.08,,True,,1000,3600,cats_arbitrary_g30b150,,heuristic,2,False,CATS,150,arbitrary,MultiMinded,1000,MaxIter,1377.2000000000116,2258.578,8,1454.94,617.26599999999996,533.163,2730.9458282517899,465.31832300505681,476.71204465850781,1,30,21,2013,3033
71,30,33,LinearSubgradientAuction,0.05,0.08,,True,,1000,3600,cats_arbitrary_g30b150,,heuristic,2,False,CATS,150,arbitrary,MultiMinded,1000,MaxIter,1378.9600000000064,2247.3372,2,1920.4,499.70499999999998,330.633,2670.2982568781295,0,35.893159913522311,1,30,26,2013,3033
72,30,39,LinearSubgradientAuction,0.05,0.08,,True,,1000,3600,cats_arbitrary_g30b150,,heuristic,2,False,CATS,150,arbitrary,MultiMinded,1000,MaxIter,1627.4100000000035,2410.0175,11,1662.34,705.94000000000005,988.5563,2656.0808452429796,235.63692043511529,241.63811671241604,1,30,32,2379,3579
73,30,34,LinearSubgradientAuction,0.05,0.08,,True,,1000,3600,cats_arbitrary_g30b150,,heuristic,2,False,CATS,150,arbitrary,MultiMinded,1000,MaxIter,1391.050000000003,2015.5892,10,1380.57,479.64299999999997,1155.289,2447.6935155139718,600.23365473837316,693.5843634059928,1,30,20,2074,3124
74,30,36,LinearSubgradientAuction,0.05,0.08,,True,,1000,3600,cats_arbitrary_g30b150,,heuristic,2,False,CATS,150,arbitrary,MultiMinded,1000,MaxIter,1509.449999999997,2042.097,2,1285.64,413.78699999999998,606.864,2337.7194085289052,71.284803473550781,91.266416908795975,1,30,28,2196,3306
75,30,28,LinearSubgradientAuction,0.05,0.08,,True,,1000,3600,cats_arbitrary_g30b150,,heuristic,2,False,CATS,150,arbitrary,MultiMinded,1000,MaxIter,1154.820000000007,1952.3077,1,1522.4,797.30549999999994,1477.68,2845.4146067342463,0,50.577632620258214,1,30,28,1708,2578
76,30,35,LinearSubgradientAuction,0.05,0.08,,True,,1000,3600,cats_arbitrary_g30b150,,heuristic,2,False,CATS,150,arbitrary,MultiMinded,1000,MaxIter,1464.1900000000023,2241.3282000000004,10,1991.23,695.48000000000002,1373.483,2581.0699816297242,1030.7339877046784,1056.1940097664415,1,30,19,2135,3215
77,30,29,LinearSubgradientAuction,0.05,0.08,,True,,1000,3600,cats_arbitrary_g30b150,,heuristic,2,False,CATS,150,arbitrary,MultiMinded,1000,MaxIter,1194.820000000007,2086.98,2,1735.17,697.00749999999994,751.8679999999999,2414.7226623670317,342.2340367604146,367.14192874143697,1,30,22,1769,2669
78,30,34,LinearSubgradientAuction,0.05,0.08,,True,,1000,3600,cats_arbitrary_g30b150,,heuristic,2,False,CATS,150,arbitrary,MultiMinded,1000,MaxIter,1401.6700000000128,2141.5101999999997,10,1833.54,620.51150000000007,1313.6114,2633.8883757850526,734.66935994506969,759.89412830808556,1,30,29,2074,3124
79,30,32,LinearSubgradientAuction,0.05,0.08,,True,,1000,3600,cats_arbitrary_g30b150,,heuristic,2,False,CATS,150,arbitrary,MultiMinded,1000,MaxIter,1321.5699999999924,2182.6516,4,1753.74,722.10699999999997,1313.1866,2837.7120530820757,406.53206728159472,464.86693965502354,1,30,23,1952,2942
80,30,31,LinearSubgradientAuction,0.05,0.08,,True,,1000,3600,cats_arbitrary_g30b150,,heuristic,2,False,CATS,150,arbitrary,MultiMinded,1000,MaxIter,1283.0699999999924,2157.0797,7,1772.89,656.88249999999994,585.3387,2514.950847956753,498.53826816036718,504.74368647582139,1,30,31,1891,2851
81,30,31,LinearSubgradientAuction,0.05,0.08,,True,,1000,3600,cats_arbitrary_g30b150,,heuristic,2,False,CATS,150,arbitrary,MultiMinded,1000,MaxIter,1276.179999999993,1755.3018000000002,10,1603.71,647.50199999999995,410.20454,2284.3453228348221,191.85715483564005,191.85715483564005,1,30,60,1891,2851
82,30,34,LinearSubgradientAuction,0.05,0.08,,True,,1000,3600,cats_arbitrary_g30b150,,heuristic,2,False,CATS,150,arbitrary,MultiMinded,1000,MaxIter,1408.7900000000081,2385.8982,2,2112.36,790.75199999999995,1018.356,2836.7075243889335,276.09483775299549,314.43023886047445,1,30,20,2074,3124
83,30,32,LinearSubgradientAuction,0.05,0.08,,True,,1000,3600,cats_arbitrary_g30b150,,heuristic,2,False,CATS,150,arbitrary,MultiMinded,1000,MaxIter,1328.4600000000064,2059.99,2,1826.87,768.11400000000003,847.782,2556.6637629947281,818.12295486904645,831.23312501504415,1,30,15,1952,2942
84,30,33,LinearSubgradientAuction,0.05,0.08,,True,,1000,3600,cats_arbitrary_g30b150,,heuristic,2,False,CATS,150,arbitrary,MultiMinded,1000,MaxIter,1392.550000000003,1978.9186000000002,1,1758.88,838.20399999999995,1143.43,2545.9308451870511,0,0.82751912896725344,1,30,30,2013,3033
85,30,33,LinearSubgradientAuction,0.05,0.08,,True,,1000,3600,cats_arbitrary_g30b150,,heuristic,2,False,CATS,150,arbitrary,MultiMinded,1000,MaxIter,1363.2799999999988,2216.0256,8,2078.55,626.62099999999998,1204.8120000000001,2588.5091534766661,202.55932876236818,204.13294999999999,1,30,56,2013,3033
86,30,31,LinearSubgradientAuction,0.05,0.08,,True,,1000,3600,cats_arbitrary_g30b150,,heuristic,2,False,CATS,150,arbitrary,MultiMinded,1000,MaxIter,1267.820000000007,2283.532,1,1809.12,745.29950000000008,1377.39,2778.8033314154873,0,0.0,1,30,30,1891,2851
87,30,36,LinearSubgradientAuction,0.05,0.08,,True,,1000,3600,cats_arbitrary_g30b150,,heuristic,2,False,CATS,150,arbitrary,MultiMinded,1000,MaxIter,1507.5699999999924,2522.6901999999995,7,2032.58,563.31899999999996,640.4835,3003.0978017970069,570.36313967440185,570.3632299389966,1,30,33,2196,3306
88,30,35,LinearSubgradientAuction,0.05,0.08,,True,,1000,3600,cats_arbitrary_g30b150,,heuristic,2,False,CATS,150,arbitrary,MultiMinded,1000,MaxIter,1456.3999999999942,2265.08,3,1820.47,452.93900000000002,724.3019999999999,2591.2794389710939,114.26218966263394,163.39103064376013,1,30,23,2135,3215
89,30,28,LinearSubgradientAuction,0.05,0.08,,True,,1000,3600,cats_arbitrary_g30b150,,heuristic,2,False,CATS,150,arbitrary,MultiMinded,1000,MaxIter,1152.320000000007,1895.8706000000002,1,1412.37,685.88149999999996,403.918,2251.7979745714192,0,8.5730580199654014,1,30,30,1708,2578
90,30,33,LinearSubgradientAuction,0.05,0.08,,True,,1000,3600,cats_arbitrary_g30b150,,heuristic,2,False,CATS,150,arbitrary,MultiMinded,1000,MaxIter,1386.1499999999942,2397.1789,5,2224.82,593.16800000000001,1216.759,2728.4017199382365,586.47243300495552,603.67745216875198,1,30,15,2013,3033
91,30,32,LinearSubgradientAuction,0.05,0.08,,True,,1000,3600,cats_arbitrary_g30b150,,heuristic,2,False,CATS,150,arbitrary,MultiMinded,1000,MaxIter,1314.6399999999994,2290.7259999999997,1,1825.1,529.46000000000004,540.251,2632.527222740825,0,15.440947523548402,1,30,29,1952,2942
92,30,31,LinearSubgradientAuction,0.05,0.08,,True,,1000,3600,cats_arbitrary_g30b150,,heuristic,2,False,CATS,150,arbitrary,MultiMinded,1000,MaxIter,1273.5699999999924,1880.9630000000002,6,1586.58,901.44949999999994,1116.9250000000002,2229.2620044754285,825.74946557214662,845.54702312366601,1,30,18,1891,2851
93,30,34,LinearSubgradientAuction,0.05,0.08,,True,,1000,3600,cats_arbitrary_g30b150,,heuristic,2,False,CATS,150,arbitrary,MultiMinded,1000,MaxIter,1408.0699999999924,1815.7306,3,1434.89,540.21100000000001,588.5709999999999,2019.5349015336872,539.4880807617759,581.75427600491378,1,30,18,2074,3124
94,30,36,LinearSubgradientAuction,0.05,0.08,,True,,1000,3600,cats_arbitrary_g30b150,,heuristic,2,False,CATS,150,arbitrary,MultiMinded,1000,MaxIter,1501.0299999999988,2435.1574,10,2127.58,687.69500000000005,1340.256,2865.3129129992981,782.56807284122942,803.62434636656758,1,30,44,2196,3306
95,30,32,LinearSubgradientAuction,0.05,0.08,,True,,1000,3600,cats_arbitrary_g30b150,,heuristic,2,False,CATS,150,arbitrary,MultiMinded,1000,MaxIter,1329.550000000003,2424.051,2,1933.55,792.75099999999998,877.517,2789.4788051375135,347.04766475344661,368.89470232336561,1,30,21,1952,2942
96,30,31,LinearSubgradientAuction,0.05,0.08,,True,,1000,3600,cats_arbitrary_g30b150,,heuristic,2,False,CATS,150,arbitrary,MultiMinded,1000,MaxIter,1287.9399999999878,1954.1625,4,1781.86,780.25699999999995,875.6489999999999,2488.1536512882039,791.31665744578845,825.59492588037017,1,30,14,1891,2851
97,30,30,LinearSubgradientAuction,0.05,0.08,,True,,1000,3600,cats_arbitrary_g30b150,,heuristic,2,False,CATS,150,arbitrary,MultiMinded,1000,MaxIter,1218.1600000000035,1794.66,3,1264.09,681.495,585.578,2184.8383305161228,284.16626725797136,304.18139396258681,1,30,25,1830,2760
98,30,32,LinearSubgradientAuction,0.05,0.08,,True,,1000,3600,cats_arbitrary_g30b150,,heuristic,2,False,CATS,150,arbitrary,MultiMinded,1000,MaxIter,1313.2599999999948,2145.0272,2,2092.47,967.64100000000008,188.106,2732.3991632256416,0,63.306923880178147,1,30,26,1952,2942
99,30,29,LinearSubgradientAuction,0.05,0.08,,True,,1000,3600,cats_arbitrary_g30b150,,heuristic,2,False,CATS,150,arbitrary,MultiMinded,1000,MaxIter,1196.0499999999884,2260.297,6,2093.42,648.17449999999997,1430.2890000000002,2871.918106828497,883.94509104143503,894.17656349926642,1,30,44,1769,2669
100,30,37,LinearSubgradientAuction,0.05,0.08,,True,,1000,3600,cats_arbitrary_g30b150,,heuristic,2,False,CATS,150,arbitrary,MultiMinded,1000,MaxIter,1553.8999999999942,2260.7916,10,1588.66,496.72000000000003,1439.9267999999997,2502.5111011635768,315.80964608026045,326.58754835554481,1,30,19,2257,3397
