idx,items,agents,auction_class,epsilon,stepc,epoch,scalebyvalue,reserve_type,maxiter,maxtime,generator_param_name,personalized,bidding_strategy,heuristic_pool_num,int_prices,generator,bids,distribution,type,rounds,status,runtime,efficient_value,final_num_winners,final_max_agent_value,final_scalevalue,final_value,final_total_price,final_revenue,final_indirect_util,final_price_degree,final_price_sparsity,final_imbalance,final_wd_nvars,final_wd_ncons
1,30,34,LinearHeuristicAuction,0.05,0.08,,True,,1000,3600,cats_arbitrary_g30b150,,heuristic,2,False,CATS,150,arbitrary,MultiMinded,1000,MaxIter,132.4200000000128,1985.8648,1,1958.65,585.33899999999994,1958.65,2250.6858583797657,0,53.394947572659078,1,30,44,134,64
2,30,35,LinearHeuristicAuction,0.05,0.08,,True,,1000,3600,cats_arbitrary_g30b150,,heuristic,2,False,CATS,150,arbitrary,MultiMinded,1000,MaxIter,146.11999999999534,2197.79,1,2197.79,440.00599999999997,2197.79,2253.9818261957225,0,28.497430628612321,1,30,45,116,65
3,30,33,LinearHeuristicAuction,0.05,0.08,,True,,1000,3600,cats_arbitrary_g30b150,,heuristic,2,False,CATS,150,arbitrary,MultiMinded,1000,MaxIter,120.63999999998487,2537.724,1,1980.67,603.23800000000006,1980.67,2949.2299777232438,0,4.6083777000783357,1,30,64,114,63
4,30,33,LinearHeuristicAuction,0.05,0.08,,True,,1000,3600,cats_arbitrary_g30b150,,heuristic,2,False,CATS,150,arbitrary,MultiMinded,1000,MaxIter,208.52999999999884,2018.328,1,1780.26,501.12400000000002,1749.98,2308.7734276752435,0,14.239156765472387,1,30,71,118,63
5,30,32,LinearHeuristicAuction,0.05,0.08,,True,,1000,3600,cats_arbitrary_g30b150,,heuristic,2,False,CATS,150,arbitrary,MultiMinded,1000,MaxIter,126.4200000000128,1876.8708299999998,1,1770.89,624.08600000000001,1478.79,2295.9363392010682,0,59.595499388029587,1,30,38,116,62
6,30,33,LinearHeuristicAuction,0.05,0.08,,True,,1000,3600,cats_arbitrary_g30b150,,heuristic,2,False,CATS,150,arbitrary,MultiMinded,1000,MaxIter,124.86999999999534,2052.619,1,1672.04,727.22400000000005,1511.41,2831.6003830289319,0,0.0,1,30,120,114,63
7,30,30,LinearHeuristicAuction,0.05,0.08,,True,,1000,3600,cats_arbitrary_g30b150,,heuristic,2,False,CATS,150,arbitrary,MultiMinded,1000,MaxIter,131.18000000002212,2256.612,1,2088.18,661.12950000000001,2088.18,2698.6802254403729,0,10.706452035382142,1,30,31,116,60
8,30,35,LinearHeuristicAuction,0.05,0.08,,True,,1000,3600,cats_arbitrary_g30b150,,heuristic,2,False,CATS,150,arbitrary,MultiMinded,1000,MaxIter,187.88999999998487,1886.9858,1,1721.43,762.18450000000007,1639.94,2065.0786351495381,0,37.751866042719797,1,30,32,119,65
9,30,32,LinearHeuristicAuction,0.05,0.08,,True,,1000,3600,cats_arbitrary_g30b150,,heuristic,2,False,CATS,150,arbitrary,MultiMinded,1000,MaxIter,212.10999999998603,1903.7699,2,1559.25,844.62750000000005,1474.2149,2084.3867666380725,39.756688346583964,82.306153485198621,1,30,30,113,62
10,30,36,LinearHeuristicAuction,0.05,0.08,,True,,1000,3600,cats_arbitrary_g30b150,,heuristic,2,False,CATS,150,arbitrary,MultiMinded,1000,MaxIter,201.1700000000128,2500.0740000000005,1,2217.68,621.28700000000003,2217.68,3002.4060784301887,0,31.225699701280604,1,30,35,121,66
11,30,30,LinearHeuristicAuction,0.05,0.08,,True,,1000,3600,cats_arbitrary_g30b150,,heuristic,2,False,CATS,150,arbitrary,MultiMinded,1000,MaxIter,196.3399999999965,1868.241,6,1447.57,637.68550000000005,1852.7541099999999,1921.4697086217452,926.5654346596441,960.63572907820901,1,30,41,99,60
12,30,32,LinearHeuristicAuction,0.05,0.08,,True,,1000,3600,cats_arbitrary_g30b150,,heuristic,2,False,CATS,150,arbitrary,MultiMinded,1000,MaxIter,126.89000000001397,1629.6809799999999,1,1454.03,563.44500000000005,1454.03,2083.315120914724,0,10.176701603615243,1,30,44,119,62
13,30,33,LinearHeuristicAuction,0.05,0.08,,True,,1000,3600,cats_arbitrary_g30b150,,heuristic,2,False,CATS,150,arbitrary,MultiMinded,1000,MaxIter,135.44000000000233,1977.1191,1,1667.86,707.56150000000002,1667.86,2264.5020075118673,0,40.621109163060702,1,30,38,124,63
14,30,33,LinearHeuristicAuction,0.05,0.08,,True,,1000,3600,cats_arbitrary_g30b150,,heuristic,2,False,CATS,150,arbitrary,MultiMinded,1000,MaxIter,138.5900000000256,2717.117,1,1791.51,726.46749999999997,1791.51,3072.644486168042,0,41.527693351397488,1,30,63,113,63
15,30,30,LinearHeuristicAuction,0.05,0.08,,True,,1000,3600,cats_arbitrary_g30b150,,heuristic,2,False,CATS,150,arbitrary,MultiMinded,1000,MaxIter,130.02000000001863,2171.381,1,1868.55,921.70799999999997,1240.56,2479.5377832613362,0,113.91318414829394,1,30,34,105,60
16,30,34,LinearHeuristicAuction,0.05,0.08,,True,,1000,3600,cats_arbitrary_g30b150,,heuristic,2,False,CATS,150,arbitrary,MultiMinded,1000,MaxIter,149.20000000001164,2091.4660000000003,1,1581.43,466.154,1581.43,2458.3469416553976,0,9.790329777169859,1,30,87,130,64
17,30,32,LinearHeuristicAuction,0.05,0.08,,True,,1000,3600,cats_arbitrary_g30b150,,heuristic,2,False,CATS,150,arbitrary,MultiMinded,1000,MaxIter,160.67999999999302,1828.406,1,1506.32,727.10699999999997,1235.04,2044.8218041770081,0,84.845397359687553,1,30,43,121,62
18,30,33,LinearHeuristicAuction,0.05,0.08,,True,,1000,3600,cats_arbitrary_g30b150,,heuristic,2,False,CATS,150,arbitrary,MultiMinded,1000,MaxIter,145.80999999999767,2345.2870000000003,1,2117.29,776.08299999999997,1995.23,2869.1575981704223,0,0.0,1,30,170,121,63
19,30,34,LinearHeuristicAuction,0.05,0.08,,True,,1000,3600,cats_arbitrary_g30b150,,heuristic,2,False,CATS,150,arbitrary,MultiMinded,1000,MaxIter,127.83999999999651,2287.142,1,1551.3,564.779,1407.12,2831.6294569412198,0,41.583583631551505,1,30,75,114,64
20,30,34,LinearHeuristicAuction,0.05,0.08,,True,,1000,3600,cats_arbitrary_g30b150,,heuristic,2,False,CATS,150,arbitrary,MultiMinded,126,Balance,20.389999999984866,1940.03319,5,1543.36,583.99600000000009,1926.0522,1932.2311686652645,1786.2321686652642,1899.1510185731931,1,30,59,107,64
21,30,32,LinearHeuristicAuction,0.05,0.08,,True,,1000,3600,cats_arbitrary_g30b150,,heuristic,2,False,CATS,150,arbitrary,MultiMinded,1000,MaxIter,131.63999999998487,1599.0811999999999,1,1355.45,695.58449999999993,1031.01,2098.4672677966682,0,1.7654876715866976,1,30,103,104,62
22,30,33,LinearHeuristicAuction,0.05,0.08,,True,,1000,3600,cats_arbitrary_g30b150,,heuristic,2,False,CATS,150,arbitrary,MultiMinded,1000,MaxIter,127.93999999997322,2282.8423000000003,1,1879.28,739.774,1758.09,2572.128704692655,0,0.0,1,30,86,110,63
23,30,33,LinearHeuristicAuction,0.05,0.08,,True,,1000,3600,cats_arbitrary_g30b150,,heuristic,2,False,CATS,150,arbitrary,MultiMinded,1000,MaxIter,191.29000000000815,2403.9993,1,2044.82,717.20399999999995,1593.72,3017.5518536652826,0,0.0,1,30,30,123,63
24,30,30,LinearHeuristicAuction,0.05,0.08,,True,,1000,3600,cats_arbitrary_g30b150,,heuristic,2,False,CATS,150,arbitrary,MultiMinded,1000,MaxIter,114.14000000001397,2126.121,1,1969.43,482.00350000000003,1969.43,2560.0306227022825,0,22.128416524496345,1,30,49,115,60
25,30,29,LinearHeuristicAuction,0.05,0.08,,True,,1000,3600,cats_arbitrary_g30b150,,heuristic,2,False,CATS,150,arbitrary,MultiMinded,1000,MaxIter,157.55999999999767,1852.1607,3,1764.81,936.35900000000004,1514.405,2143.5111981887021,120.86671539492386,139.75105313796004,1,30,38,107,59
26,30,39,LinearHeuristicAuction,0.05,0.08,,True,,1000,3600,cats_arbitrary_g30b150,,heuristic,2,False,CATS,150,arbitrary,MultiMinded,1000,MaxIter,138.20999999999185,2465.4804,1,1489.25,632.89699999999993,1489.25,2688.5877044389636,0,15.485082233603237,1,30,82,128,69
27,30,29,LinearHeuristicAuction,0.05,0.08,,True,,1000,3600,cats_arbitrary_g30b150,,heuristic,2,False,CATS,150,arbitrary,MultiMinded,1000,MaxIter,155.79999999998836,2275.4269999999997,1,1932.93,759.11900000000003,1333.92,2371.697512148533,0,81.262071015478369,1,30,44,101,59
28,30,31,LinearHeuristicAuction,0.05,0.08,,True,,1000,3600,cats_arbitrary_g30b150,,heuristic,2,False,CATS,150,arbitrary,MultiMinded,212,Balance,41.039999999979045,2301.5724,6,1458.94,613.274,2301.5724,2296.7930902810758,2112.8108902810754,2184.2543081197095,1,30,47,106,61
29,30,29,LinearHeuristicAuction,0.05,0.08,,True,,1000,3600,cats_arbitrary_g30b150,,heuristic,2,False,CATS,150,arbitrary,MultiMinded,1000,MaxIter,218.0100000000093,2007.782,7,1669.06,662.85299999999995,2007.782,2097.5348377935957,1560.4172506077957,1578.0119900832901,1,30,44,111,59
30,30,35,LinearHeuristicAuction,0.05,0.08,,True,,1000,3600,cats_arbitrary_g30b150,,heuristic,2,False,CATS,150,arbitrary,MultiMinded,1000,MaxIter,149.25,2161.8298999999997,1,1539.73,524.54999999999995,1390.8,2506.3041524593755,0,1.4397332346708822,1,30,82,112,65
31,30,32,LinearHeuristicAuction,0.05,0.08,,True,,1000,3600,cats_arbitrary_g30b150,,heuristic,2,False,CATS,150,arbitrary,MultiMinded,1000,MaxIter,211.88000000000466,2453.359,8,1724.13,512.56299999999999,2108.5023,2488.5945049406173,1583.2577420334881,1592.1069384361017,1,30,38,108,62
32,30,34,LinearHeuristicAuction,0.05,0.08,,True,,1000,3600,cats_arbitrary_g30b150,,heuristic,2,False,CATS,150,arbitrary,MultiMinded,1000,MaxIter,130.54000000000815,1818.8858,1,1643.98,574.70600000000002,1643.98,2403.6778119543255,0,31.532027095069083,1,30,34,123,64
33,30,33,LinearHeuristicAuction,0.05,0.08,,True,,1000,3600,cats_arbitrary_g30b150,,heuristic,2,False,CATS,150,arbitrary,MultiMinded,1000,MaxIter,184.77999999999884,1944.8153000000002,1,1618.49,617.12249999999995,1618.49,2323.0334530896534,0,0.02541417105848609,1,30,84,117,63
34,30,31,LinearHeuristicAuction,0.05,0.08,,True,,1000,3600,cats_arbitrary_g30b150,,heuristic,2,False,CATS,150,arbitrary,MultiMinded,1000,MaxIter,152.0,2467.5019,1,2102.79,578.16200000000003,1737.43,2883.872021969004,0,0.57903797456526718,1,30,80,114,61
35,30,32,LinearHeuristicAuction,0.05,0.08,,True,,1000,3600,cats_arbitrary_g30b150,,heuristic,2,False,CATS,150,arbitrary,MultiMinded,55,Balance,5.940000000002328,2108.201,2,1910.3,506.57900000000001,2108.201,2063.2731806181287,2012.6152806181287,2118.4849860801096,1,30,36,84,62
36,30,35,LinearHeuristicAuction,0.05,0.08,,True,,1000,3600,cats_arbitrary_g30b150,,heuristic,2,False,CATS,150,arbitrary,MultiMinded,1000,MaxIter,156.67999999999302,1942.8097999999998,1,1649.39,704.06799999999998,1560.07,2209.0865069354031,0,11.702008235242431,1,30,61,129,65
37,30,33,LinearHeuristicAuction,0.05,0.08,,True,,1000,3600,cats_arbitrary_g30b150,,heuristic,2,False,CATS,150,arbitrary,MultiMinded,1000,MaxIter,166.45000000001164,1975.334,1,1881.03,532.89949999999999,1778.09,2397.9738991528529,0,21.009387749223912,1,30,52,107,63
38,30,32,LinearHeuristicAuction,0.05,0.08,,True,,1000,3600,cats_arbitrary_g30b150,,heuristic,2,False,CATS,150,arbitrary,MultiMinded,1000,MaxIter,220.5,2501.4829999999997,3,2312.06,839.32600000000002,1650.3093,2698.588092404038,407.49844754119994,440.1247533760839,1,30,35,112,62
39,30,34,LinearHeuristicAuction,0.05,0.08,,True,,1000,3600,cats_arbitrary_g30b150,,heuristic,2,False,CATS,150,arbitrary,MultiMinded,1000,MaxIter,149.4900000000198,2311.536,1,2186.45,533.95749999999998,1960.78,2749.9759911370184,0,0.33066076041501447,1,30,103,102,64
40,30,31,LinearHeuristicAuction,0.05,0.08,,True,,1000,3600,cats_arbitrary_g30b150,,heuristic,2,False,CATS,150,arbitrary,MultiMinded,1000,MaxIter,136.2399999999907,1922.01,1,1548.35,753.33299999999997,1548.35,2434.7229829044327,0,50.181022611892303,1,30,36,108,61
41,30,32,LinearHeuristicAuction,0.05,0.08,,True,,1000,3600,cats_arbitrary_g30b150,,heuristic,2,False,CATS,150,arbitrary,MultiMinded,1000,MaxIter,139.79000000000815,1899.3063,1,1626.29,567.45299999999997,1465.7,2278.3846474028314,0,54.361189579638221,1,30,50,116,62
42,30,35,LinearHeuristicAuction,0.05,0.08,,True,,1000,3600,cats_arbitrary_g30b150,,heuristic,2,False,CATS,150,arbitrary,MultiMinded,1000,MaxIter,131.75,2374.3837000000003,1,1682.91,707.67899999999997,1567.05,2997.2288053402804,0,0.0,1,30,136,114,65
43,30,36,LinearHeuristicAuction,0.05,0.08,,True,,1000,3600,cats_arbitrary_g30b150,,heuristic,2,False,CATS,150,arbitrary,MultiMinded,1000,MaxIter,192.7399999999907,2385.76,1,2385.76,501.80000000000001,2385.76,2680.0635005899621,0,0.00071136716922381993,1,30,30,121,66
44,30,35,LinearHeuristicAuction,0.05,0.08,,True,,1000,3600,cats_arbitrary_g30b150,,heuristic,2,False,CATS,150,arbitrary,MultiMinded,1000,MaxIter,191.45999999999185,2079.9506999999994,9,1845.76,468.2165,1635.5047,2280.7245607969353,57.289689698773785,84.885339787790144,1,30,43,126,65
45,30,30,LinearHeuristicAuction,0.05,0.08,,True,,1000,3600,cats_arbitrary_g30b150,,heuristic,2,False,CATS,150,arbitrary,MultiMinded,1000,MaxIter,210.30000000001746,1973.4939,8,1684.69,518.44550000000004,1963.8501,2130.8805241604809,1238.3335829300665,1248.4499010297407,1,30,30,104,60
46,30,33,LinearHeuristicAuction,0.05,0.08,,True,,1000,3600,cats_arbitrary_g30b150,,heuristic,2,False,CATS,150,arbitrary,MultiMinded,1000,MaxIter,141.20999999999185,2174.927,1,1703.31,577.08699999999999,1703.31,2610.1740407578886,0,3.1584554132121525,1,30,86,116,63
47,30,36,LinearHeuristicAuction,0.05,0.08,,True,,1000,3600,cats_arbitrary_g30b150,,heuristic,2,False,CATS,150,arbitrary,MultiMinded,1000,MaxIter,201.95999999999185,2134.903,1,1579.3,488.0025,1177.33,2497.9043543580519,0,35.776468372023345,1,30,34,116,66
48,30,36,LinearHeuristicAuction,0.05,0.08,,True,,1000,3600,cats_arbitrary_g30b150,,heuristic,2,False,CATS,150,arbitrary,MultiMinded,1000,MaxIter,181.10000000000582,2120.0323,1,1723.29,500.82099999999997,1723.29,2438.4438412728509,0,8.4574693279701805,1,30,98,123,66
49,30,32,LinearHeuristicAuction,0.05,0.08,,True,,1000,3600,cats_arbitrary_g30b150,,heuristic,2,False,CATS,150,arbitrary,MultiMinded,1000,MaxIter,137.81000000002678,1825.5846,1,1448.16,458.54599999999999,1356.32,2119.7511849978682,0,23.283596848926635,1,30,52,126,62
50,30,32,LinearHeuristicAuction,0.05,0.08,,True,,1000,3600,cats_arbitrary_g30b150,,heuristic,2,False,CATS,150,arbitrary,MultiMinded,1000,MaxIter,134.55000000001746,2387.589,1,2137.71,881.64700000000005,1995.56,2557.660794755951,0,1.5515705016803736,1,30,68,107,62
51,30,31,LinearHeuristicAuction,0.05,0.08,,True,,1000,3600,cats_arbitrary_g30b150,,heuristic,2,False,CATS,150,arbitrary,MultiMinded,1000,MaxIter,117.94999999998254,2404.514,1,2207.65,681.84050000000002,2207.65,2886.0792483312184,0,142.70165142179849,1,30,38,104,61
52,30,34,LinearHeuristicAuction,0.05,0.08,,True,,1000,3600,cats_arbitrary_g30b150,,heuristic,2,False,CATS,150,arbitrary,MultiMinded,1000,MaxIter,189.63000000000466,2070.7699000000002,1,1761.92,837.09500000000003,1761.92,2367.6113812791859,0,36.563073597452458,1,30,40,128,64
53,30,34,LinearHeuristicAuction,0.05,0.08,,True,,1000,3600,cats_arbitrary_g30b150,,heuristic,2,False,CATS,150,arbitrary,MultiMinded,1000,MaxIter,186.45999999999185,1944.8844,2,1588.82,654.95799999999997,1592.5477,2169.6396732708022,72.107896208894829,93.892149001590226,1,30,33,111,64
54,30,30,LinearHeuristicAuction,0.05,0.08,,True,,1000,3600,cats_arbitrary_g30b150,,heuristic,2,False,CATS,150,arbitrary,MultiMinded,1000,MaxIter,129.26999999998952,2678.4509,1,2281.57,746.976,1581.27,3081.9793540828482,0,53.503175304559832,1,30,32,114,60
55,30,31,LinearHeuristicAuction,0.05,0.08,,True,,1000,3600,cats_arbitrary_g30b150,,heuristic,2,False,CATS,150,arbitrary,MultiMinded,1000,MaxIter,202.6699999999837,2211.653,6,1943.48,726.06700000000001,1646.7759,2577.7381493053426,0.0,0.0,1,30,120,119,61
56,30,29,LinearHeuristicAuction,0.05,0.08,,True,,1000,3600,cats_arbitrary_g30b150,,heuristic,2,False,CATS,150,arbitrary,MultiMinded,1000,MaxIter,127.85000000000582,2093.229,1,1877.5,714.9369999999999,1679.61,2267.084455776398,0,1.6026452021937239,1,30,30,113,59
57,30,31,LinearHeuristicAuction,0.05,0.08,,True,,1000,3600,cats_arbitrary_g30b150,,heuristic,2,False,CATS,150,arbitrary,MultiMinded,1000,MaxIter,127.63000000000466,2015.9576000000002,1,1667.14,591.51199999999994,1667.14,2434.5346784660119,0,24.541866982903144,1,30,66,123,61
58,30,33,LinearHeuristicAuction,0.05,0.08,,True,,1000,3600,cats_arbitrary_g30b150,,heuristic,2,False,CATS,150,arbitrary,MultiMinded,1000,MaxIter,129.25,2213.6252,1,1937.47,893.10799999999995,1177.19,2648.2543550746987,0,41.289746723093046,1,30,30,113,63
59,30,31,LinearHeuristicAuction,0.05,0.08,,True,,1000,3600,cats_arbitrary_g30b150,,heuristic,2,False,CATS,150,arbitrary,MultiMinded,1000,MaxIter,138.0,2195.5229,1,1710.57,782.62599999999998,1710.57,2881.4598758767206,0,13.79503927838141,1,30,66,109,61
60,30,36,LinearHeuristicAuction,0.05,0.08,,True,,1000,3600,cats_arbitrary_g30b150,,heuristic,2,False,CATS,150,arbitrary,MultiMinded,1000,MaxIter,167.42999999999302,1802.554,1,1574.08,671.95349999999996,1574.08,2193.8623074682396,0,1.8653054388551595,1,30,96,124,66
61,30,33,LinearHeuristicAuction,0.05,0.08,,True,,1000,3600,cats_arbitrary_g30b150,,heuristic,2,False,CATS,150,arbitrary,MultiMinded,1000,MaxIter,136.38999999998487,1724.4375,1,1339.03,584.49199999999996,1339.03,2073.4179998082909,0,7.492508063828069,1,30,104,122,63
62,30,36,LinearHeuristicAuction,0.05,0.08,,True,,1000,3600,cats_arbitrary_g30b150,,heuristic,2,False,CATS,150,arbitrary,MultiMinded,1000,MaxIter,141.21999999997206,2437.0683000000004,1,1933.61,814.90999999999997,1933.61,2523.09424786714,0,27.651829734473871,1,30,38,114,66
63,30,34,LinearHeuristicAuction,0.05,0.08,,True,,1000,3600,cats_arbitrary_g30b150,,heuristic,2,False,CATS,150,arbitrary,MultiMinded,1000,MaxIter,130.52999999999884,2003.24,8,2003.24,494.63999999999999,1746.4684700000003,2664.6011514914758,456.73210379558554,456.73210379558554,1,30,128,119,64
64,30,34,LinearHeuristicAuction,0.05,0.08,,True,,1000,3600,cats_arbitrary_g30b150,,heuristic,2,False,CATS,150,arbitrary,MultiMinded,1000,MaxIter,156.85000000000582,2039.0195999999999,1,1809.03,585.17600000000004,1809.03,2404.4015607088409,0,49.271062271463364,1,30,38,125,64
65,30,36,LinearHeuristicAuction,0.05,0.08,,True,,1000,3600,cats_arbitrary_g30b150,,heuristic,2,False,CATS,150,arbitrary,MultiMinded,1000,MaxIter,140.1600000000035,1894.2412000000002,1,1377.42,663.9670000000001,1377.42,2137.6425816403689,0,48.59294791062166,1,30,41,131,66
66,30,33,LinearHeuristicAuction,0.05,0.08,,True,,1000,3600,cats_arbitrary_g30b150,,heuristic,2,False,CATS,150,arbitrary,MultiMinded,1000,MaxIter,136.05999999999767,2454.29,1,2454.29,522.13300000000004,1368.0,2575.6535501854346,0,186.80703230716949,1,30,50,107,63
67,30,31,LinearHeuristicAuction,0.05,0.08,,True,,1000,3600,cats_arbitrary_g30b150,,heuristic,2,False,CATS,150,arbitrary,MultiMinded,1000,MaxIter,207.57000000000698,2341.4958,7,2017.46,785.07600000000002,2281.9949,2622.6422456307141,1229.6417364704084,1251.3158379826884,1,30,27,104,61
68,30,31,LinearHeuristicAuction,0.05,0.08,,True,,1000,3600,cats_arbitrary_g30b150,,heuristic,2,False,CATS,150,arbitrary,MultiMinded,1000,MaxIter,132.5100000000093,2082.3165,1,1694.51,536.65000000000009,1644.51,2314.8390568790351,0,0.60456270259351186,1,30,94,113,61
69,30,32,LinearHeuristicAuction,0.05,0.08,,True,,1000,3600,cats_arbitrary_g30b150,,heuristic,2,False,CATS,150,arbitrary,MultiMinded,1000,MaxIter,136.54999999998836,2088.0744,1,1731.11,855.64499999999998,1731.11,2475.97301222446,0,13.070556973638958,1,30,69,129,62
70,30,33,LinearHeuristicAuction,0.05,0.08,,True,,1000,3600,cats_arbitrary_g30b150,,heuristic,2,False,CATS,150,arbitrary,MultiMinded,1000,MaxIter,124.13000000000466,2258.578,1,1454.94,617.26599999999996,1443.65,2768.8877814441344,0,0.0,1,30,97,106,63
71,30,33,LinearHeuristicAuction,0.05,0.08,,True,,1000,3600,cats_arbitrary_g30b150,,heuristic,2,False,CATS,150,arbitrary,MultiMinded,1000,MaxIter,140.61999999999534,2247.3372,1,1920.4,499.70499999999998,1920.4,2702.6111408002271,0,32.352067953923353,1,30,51,114,63
72,30,39,LinearHeuristicAuction,0.05,0.08,,True,,1000,3600,cats_arbitrary_g30b150,,heuristic,2,False,CATS,150,arbitrary,MultiMinded,1000,MaxIter,161.10000000000582,2410.0175,10,1662.34,705.94000000000005,2160.696,2557.6716733242756,425.13079427531653,440.49217117404089,1,30,39,136,69
73,30,34,LinearHeuristicAuction,0.05,0.08,,True,,1000,3600,cats_arbitrary_g30b150,,heuristic,2,False,CATS,150,arbitrary,MultiMinded,1000,MaxIter,123.80999999999767,2015.5892,1,1380.57,479.64299999999997,1380.57,2405.9856863249142,0,97.114112330940117,1,30,47,125,64
74,30,36,LinearHeuristicAuction,0.05,0.08,,True,,1000,3600,cats_arbitrary_g30b150,,heuristic,2,False,CATS,150,arbitrary,MultiMinded,1000,MaxIter,118.29000000000815,2042.097,1,1285.64,413.78699999999998,1236.2,2308.9340087747919,0,45.625309820098323,1,30,37,123,66
75,30,28,LinearHeuristicAuction,0.05,0.08,,True,,1000,3600,cats_arbitrary_g30b150,,heuristic,2,False,CATS,150,arbitrary,MultiMinded,1000,MaxIter,117.61000000001513,1952.3077,3,1522.4,797.30549999999994,1471.75659,1914.8921975225601,0.0,2.4415850212056966,1,30,40,89,58
76,30,35,LinearHeuristicAuction,0.05,0.08,,True,,1000,3600,cats_arbitrary_g30b150,,heuristic,2,False,CATS,150,arbitrary,MultiMinded,1000,MaxIter,129.0799999999872,2241.3282000000004,1,1991.23,695.48000000000002,1991.23,2566.6229548652873,0,42.582247944587131,1,30,60,118,65
77,30,29,LinearHeuristicAuction,0.05,0.08,,True,,1000,3600,cats_arbitrary_g30b150,,heuristic,2,False,CATS,150,arbitrary,MultiMinded,1000,MaxIter,129.95000000001164,2086.98,1,1735.17,697.00749999999994,1735.17,2399.0848294459424,0,55.251728341911559,1,30,45,127,59
78,30,34,LinearHeuristicAuction,0.05,0.08,,True,,1000,3600,cats_arbitrary_g30b150,,heuristic,2,False,CATS,150,arbitrary,MultiMinded,1000,MaxIter,194.30999999999767,2141.5101999999997,9,1833.54,620.51150000000007,2017.5097999999998,2402.0669314764705,627.80643651904188,628.04845616411399,1,30,64,105,64
79,30,32,LinearHeuristicAuction,0.05,0.08,,True,,1000,3600,cats_arbitrary_g30b150,,heuristic,2,False,CATS,150,arbitrary,MultiMinded,1000,MaxIter,136.37999999997555,2182.6516,1,1753.74,722.10699999999997,1425.19,2831.6495119262077,0,44.836685892364997,1,30,41,114,62
80,30,31,LinearHeuristicAuction,0.05,0.08,,True,,1000,3600,cats_arbitrary_g30b150,,heuristic,2,False,CATS,150,arbitrary,MultiMinded,1000,MaxIter,125.91000000000349,2157.0797,1,1772.89,656.88249999999994,1772.89,2577.9450355982181,0,5.2939206353414647,1,30,30,121,61
81,30,31,LinearHeuristicAuction,0.05,0.08,,True,,1000,3600,cats_arbitrary_g30b150,,heuristic,2,False,CATS,150,arbitrary,MultiMinded,1000,MaxIter,159.70000000001164,1755.3018000000002,1,1603.71,647.50199999999995,1538.61,1980.1849142892609,0,14.05365804537232,1,30,30,118,61
82,30,34,LinearHeuristicAuction,0.05,0.08,,True,,1000,3600,cats_arbitrary_g30b150,,heuristic,2,False,CATS,150,arbitrary,MultiMinded,1000,MaxIter,144.63999999998487,2385.8982,2,2112.36,790.75199999999995,1578.4342,2583.0898868150366,59.695098352096522,66.166574826029603,1,30,59,112,64
83,30,32,LinearHeuristicAuction,0.05,0.08,,True,,1000,3600,cats_arbitrary_g30b150,,heuristic,2,False,CATS,150,arbitrary,MultiMinded,1000,MaxIter,126.58999999999651,2059.99,1,1826.87,768.11400000000003,1826.87,2536.9530267081773,0,25.765109624641582,1,30,40,111,62
84,30,33,LinearHeuristicAuction,0.05,0.08,,True,,1000,3600,cats_arbitrary_g30b150,,heuristic,2,False,CATS,150,arbitrary,MultiMinded,1000,MaxIter,142.89000000001397,1978.9186000000002,1,1758.88,838.20399999999995,1668.88,2359.422256712367,0,12.151685774407156,1,30,34,113,63
85,30,33,LinearHeuristicAuction,0.05,0.08,,True,,1000,3600,cats_arbitrary_g30b150,,heuristic,2,False,CATS,150,arbitrary,MultiMinded,1000,MaxIter,146.0799999999872,2216.0256,1,2078.55,626.62099999999998,2078.55,2602.482007733418,0,17.257676281213634,1,30,33,127,63
86,30,31,LinearHeuristicAuction,0.05,0.08,,True,,1000,3600,cats_arbitrary_g30b150,,heuristic,2,False,CATS,150,arbitrary,MultiMinded,1000,MaxIter,135.04999999998836,2283.532,1,1809.12,745.29950000000008,1627.75,2735.583078413561,0,8.4545759958705275,1,30,94,116,61
87,30,36,LinearHeuristicAuction,0.05,0.08,,True,,1000,3600,cats_arbitrary_g30b150,,heuristic,2,False,CATS,150,arbitrary,MultiMinded,1000,MaxIter,121.20999999999185,2522.6901999999995,1,2032.58,563.31899999999996,1775.36,2974.9813279639802,0,1.9583090306806525,1,30,91,103,66
88,30,35,LinearHeuristicAuction,0.05,0.08,,True,,1000,3600,cats_arbitrary_g30b150,,heuristic,2,False,CATS,150,arbitrary,MultiMinded,1000,MaxIter,129.07000000000698,2265.08,1,1820.47,452.93900000000002,1764.64,2707.5127412544207,0,0.0,1,30,100,120,65
89,30,28,LinearHeuristicAuction,0.05,0.08,,True,,1000,3600,cats_arbitrary_g30b150,,heuristic,2,False,CATS,150,arbitrary,MultiMinded,1000,MaxIter,153.64999999999418,1895.8706000000002,4,1412.37,685.88149999999996,1895.8706000000002,1985.1909583506181,1220.4195979555273,1235.7661358546172,1,30,61,115,58
90,30,33,LinearHeuristicAuction,0.05,0.08,,True,,1000,3600,cats_arbitrary_g30b150,,heuristic,2,False,CATS,150,arbitrary,MultiMinded,1000,MaxIter,209.85000000000582,2397.1789,7,2224.82,593.16800000000001,1987.9824999999998,2773.3792121855022,650.27519650683416,651.75932616642262,1,30,70,118,63
91,30,32,LinearHeuristicAuction,0.05,0.08,,True,,1000,3600,cats_arbitrary_g30b150,,heuristic,2,False,CATS,150,arbitrary,MultiMinded,1000,MaxIter,204.60000000000582,2290.7259999999997,1,1825.1,529.46000000000004,1825.1,2621.7896510839132,0,4.3815894937184794,1,30,72,113,62
92,30,31,LinearHeuristicAuction,0.05,0.08,,True,,1000,3600,cats_arbitrary_g30b150,,heuristic,2,False,CATS,150,arbitrary,MultiMinded,1000,MaxIter,132.88999999998487,1880.9630000000002,1,1586.58,901.44949999999994,1586.58,2166.5614764219663,0,125.16238082227828,1,30,38,106,61
93,30,34,LinearHeuristicAuction,0.05,0.08,,True,,1000,3600,cats_arbitrary_g30b150,,heuristic,2,False,CATS,150,arbitrary,MultiMinded,1000,MaxIter,162.38000000000466,1815.7306,1,1434.89,540.21100000000001,1397.3,1960.3637632275554,0,0.0,1,30,116,121,64
94,30,36,LinearHeuristicAuction,0.05,0.08,,True,,1000,3600,cats_arbitrary_g30b150,,heuristic,2,False,CATS,150,arbitrary,MultiMinded,1000,MaxIter,130.4899999999907,2435.1574,1,2127.58,687.69500000000005,2105.03,2864.3338681196547,0,25.805040625655806,1,30,139,113,66
95,30,32,LinearHeuristicAuction,0.05,0.08,,True,,1000,3600,cats_arbitrary_g30b150,,heuristic,2,False,CATS,150,arbitrary,MultiMinded,1000,MaxIter,145.57000000000698,2424.051,6,1933.55,792.75099999999998,2341.336,2890.5209530836796,229.39252131333475,229.39252131333475,1,30,126,115,62
96,30,31,LinearHeuristicAuction,0.05,0.08,,True,,1000,3600,cats_arbitrary_g30b150,,heuristic,2,False,CATS,150,arbitrary,MultiMinded,1000,MaxIter,225.63000000000466,1954.1625,1,1781.86,780.25699999999995,1554.48,2468.6460532432275,0,9.1629450728258064,1,30,55,112,61
97,30,30,LinearHeuristicAuction,0.05,0.08,,True,,1000,3600,cats_arbitrary_g30b150,,heuristic,2,False,CATS,150,arbitrary,MultiMinded,1000,MaxIter,201.12000000002445,1794.66,4,1264.09,681.495,1683.7239,2050.9342831527902,774.81820029075107,778.48207750577785,1,30,63,100,60
98,30,32,LinearHeuristicAuction,0.05,0.08,,True,,1000,3600,cats_arbitrary_g30b150,,heuristic,2,False,CATS,150,arbitrary,MultiMinded,1000,MaxIter,160.44999999998254,2145.0272,1,2092.47,967.64100000000008,2092.47,2827.2249516474071,0,37.499129846947795,1,30,47,113,62
99,30,29,LinearHeuristicAuction,0.05,0.08,,True,,1000,3600,cats_arbitrary_g30b150,,heuristic,2,False,CATS,150,arbitrary,MultiMinded,1000,MaxIter,192.05999999999767,2260.297,1,2093.42,648.17449999999997,1976.5,3032.6351999810331,0,35.313951145661918,1,30,38,115,59
100,30,37,LinearHeuristicAuction,0.05,0.08,,True,,1000,3600,cats_arbitrary_g30b150,,heuristic,2,False,CATS,150,arbitrary,MultiMinded,1000,MaxIter,124.85000000000582,2260.7916,8,1588.66,496.72000000000003,2229.2587999999996,2542.3357813445732,533.28848764573786,536.25313945807625,1,30,63,126,67
