idx,items,agents,auction_class,epsilon,stepc,epoch,scalebyvalue,reserve_type,maxiter,maxtime,generator_param_name,personalized,bidding_strategy,heuristic_pool_num,int_prices,generator,bids,distribution,type,rounds,status,runtime,efficient_value,final_num_winners,final_max_agent_value,final_scalevalue,final_value,final_total_price,final_revenue,final_indirect_util,final_price_degree,final_price_sparsity,final_imbalance,final_wd_nvars,final_wd_ncons
1,30,34,LinearHeuristicAuction,0.05,0.04,,True,,1000,3600,cats_arbitrary_g30b150,,heuristic,2,False,CATS,150,arbitrary,MultiMinded,1000,MaxIter,125.88000000000466,1985.8648,1,1958.65,585.33899999999994,1958.65,2270.157802741463,0,35.04713375721262,1,30,42,125,64
2,30,35,LinearHeuristicAuction,0.05,0.04,,True,,1000,3600,cats_arbitrary_g30b150,,heuristic,2,False,CATS,150,arbitrary,MultiMinded,62,Balance,6.419999999983702,2197.79,1,2197.79,440.00599999999997,2197.79,2210.8718056521379,2188.8715056521378,2237.8857918715235,1,30,87,89,65
3,30,33,LinearHeuristicAuction,0.05,0.04,,True,,1000,3600,cats_arbitrary_g30b150,,heuristic,2,False,CATS,150,arbitrary,MultiMinded,1000,MaxIter,117.97000000000116,2537.724,1,1980.67,603.23800000000006,1980.67,2949.9655169744583,0,3.2938716459744342,1,30,89,111,63
4,30,33,LinearHeuristicAuction,0.05,0.04,,True,,1000,3600,cats_arbitrary_g30b150,,heuristic,2,False,CATS,150,arbitrary,MultiMinded,1000,MaxIter,142.7599999999802,2018.328,1,1780.26,501.12400000000002,1749.98,2302.2573259614173,0,10.337508701396928,1,30,76,113,63
5,30,32,LinearHeuristicAuction,0.05,0.04,,True,,1000,3600,cats_arbitrary_g30b150,,heuristic,2,False,CATS,150,arbitrary,MultiMinded,1000,MaxIter,122.39999999999418,1876.8708299999998,1,1770.89,624.08600000000001,1478.79,2348.5975663238964,0,1.9480642620865183,1,30,119,111,62
6,30,33,LinearHeuristicAuction,0.05,0.04,,True,,1000,3600,cats_arbitrary_g30b150,,heuristic,2,False,CATS,150,arbitrary,MultiMinded,1000,MaxIter,118.48999999999069,2052.619,1,1672.04,727.22400000000005,1511.41,2694.2438931942925,0,3.3853862435965425,1,30,68,108,63
7,30,30,LinearHeuristicAuction,0.05,0.04,,True,,1000,3600,cats_arbitrary_g30b150,,heuristic,2,False,CATS,150,arbitrary,MultiMinded,1000,MaxIter,128.5799999999872,2256.612,1,2088.18,661.12950000000001,2088.18,2696.5993076431041,0,15.054773596418102,1,30,38,112,60
8,30,35,LinearHeuristicAuction,0.05,0.04,,True,,1000,3600,cats_arbitrary_g30b150,,heuristic,2,False,CATS,150,arbitrary,MultiMinded,1000,MaxIter,142.8299999999872,1886.9858,1,1721.43,762.18450000000007,1639.94,2056.8627272660492,0,29.118346016888182,1,30,47,109,65
9,30,32,LinearHeuristicAuction,0.05,0.04,,True,,1000,3600,cats_arbitrary_g30b150,,heuristic,2,False,CATS,150,arbitrary,MultiMinded,1000,MaxIter,185.5899999999965,1903.7699,1,1559.25,844.62750000000005,1558.25,2095.9011312157813,0,18.902109767197047,1,30,47,109,62
10,30,36,LinearHeuristicAuction,0.05,0.04,,True,,1000,3600,cats_arbitrary_g30b150,,heuristic,2,False,CATS,150,arbitrary,MultiMinded,1000,MaxIter,125.01000000000931,2500.0740000000005,1,2217.68,621.28700000000003,2217.68,2939.0184858067155,0,29.574330629225244,1,30,44,109,66
11,30,30,LinearHeuristicAuction,0.05,0.04,,True,,1000,3600,cats_arbitrary_g30b150,,heuristic,2,False,CATS,150,arbitrary,MultiMinded,54,Balance,5.35999999998603,1868.241,4,1447.57,637.68550000000005,1792.7549999999999,1856.9284548068526,1729.3913548068531,1729.3913548068531,1,30,21,72,60
12,30,32,LinearHeuristicAuction,0.05,0.04,,True,,1000,3600,cats_arbitrary_g30b150,,heuristic,2,False,CATS,150,arbitrary,MultiMinded,1000,MaxIter,119.29000000000815,1629.6809799999999,1,1454.03,563.44500000000005,1454.03,2081.6605812546709,0,15.531650830270067,1,30,52,108,62
13,30,33,LinearHeuristicAuction,0.05,0.04,,True,,1000,3600,cats_arbitrary_g30b150,,heuristic,2,False,CATS,150,arbitrary,MultiMinded,1000,MaxIter,128.42999999999302,1977.1191,1,1667.86,707.56150000000002,1667.86,2258.5985065471459,0,31.024690134737284,1,30,42,110,63
14,30,33,LinearHeuristicAuction,0.05,0.04,,True,,1000,3600,cats_arbitrary_g30b150,,heuristic,2,False,CATS,150,arbitrary,MultiMinded,1000,MaxIter,121.23999999999069,2717.117,1,1791.51,726.46749999999997,1791.51,3085.6854217120731,0,28.013908483256415,1,30,59,106,63
15,30,30,LinearHeuristicAuction,0.05,0.04,,True,,1000,3600,cats_arbitrary_g30b150,,heuristic,2,False,CATS,150,arbitrary,MultiMinded,1000,MaxIter,121.83999999999651,2171.381,1,1868.55,921.70799999999997,1240.56,2547.6620092135049,0,11.398210707755538,1,30,53,96,60
16,30,34,LinearHeuristicAuction,0.05,0.04,,True,,1000,3600,cats_arbitrary_g30b150,,heuristic,2,False,CATS,150,arbitrary,MultiMinded,1000,MaxIter,114.63000000000466,2091.4660000000003,1,1581.43,466.154,1581.43,2402.5250114418232,0,19.827558435309726,1,30,48,123,64
17,30,32,LinearHeuristicAuction,0.05,0.04,,True,,1000,3600,cats_arbitrary_g30b150,,heuristic,2,False,CATS,150,arbitrary,MultiMinded,1000,MaxIter,153.3399999999965,1828.406,1,1506.32,727.10699999999997,1235.04,2066.093109128039,0,14.654648025913843,1,30,48,118,62
18,30,33,LinearHeuristicAuction,0.05,0.04,,True,,1000,3600,cats_arbitrary_g30b150,,heuristic,2,False,CATS,150,arbitrary,MultiMinded,1000,MaxIter,139.44000000000233,2345.2870000000003,1,2117.29,776.08299999999997,1995.23,2730.6075299581275,0,0.0,1,30,141,115,63
19,30,34,LinearHeuristicAuction,0.05,0.04,,True,,1000,3600,cats_arbitrary_g30b150,,heuristic,2,False,CATS,150,arbitrary,MultiMinded,1000,MaxIter,122.94000000000233,2287.142,1,1551.3,564.779,997.279,2703.2817363143745,0,13.974680827591008,1,30,51,114,64
20,30,34,LinearHeuristicAuction,0.05,0.04,,True,,1000,3600,cats_arbitrary_g30b150,,heuristic,2,False,CATS,150,arbitrary,MultiMinded,95,Balance,14.660000000003492,1940.03319,8,1543.36,583.99600000000009,1877.6911000000002,1956.4171099907348,1722.8187099907343,1791.1825471576417,1,30,72,98,64
21,30,32,LinearHeuristicAuction,0.05,0.04,,True,,1000,3600,cats_arbitrary_g30b150,,heuristic,2,False,CATS,150,arbitrary,MultiMinded,1000,MaxIter,133.04999999998836,1599.0811999999999,1,1355.45,695.58449999999993,1031.01,2039.4790974834198,0,19.494552184378492,1,30,39,102,62
22,30,33,LinearHeuristicAuction,0.05,0.04,,True,,1000,3600,cats_arbitrary_g30b150,,heuristic,2,False,CATS,150,arbitrary,MultiMinded,1000,MaxIter,125.13999999998487,2282.8423000000003,1,1879.28,739.774,1758.09,2529.2316935957874,0,1.3688741733374741,1,30,30,104,63
23,30,33,LinearHeuristicAuction,0.05,0.04,,True,,1000,3600,cats_arbitrary_g30b150,,heuristic,2,False,CATS,150,arbitrary,MultiMinded,1000,MaxIter,135.2600000000093,2403.9993,1,2044.82,717.20399999999995,1593.72,2926.945820904587,0,8.3593233489722856,1,30,63,108,63
24,30,30,LinearHeuristicAuction,0.05,0.04,,True,,1000,3600,cats_arbitrary_g30b150,,heuristic,2,False,CATS,150,arbitrary,MultiMinded,1000,MaxIter,102.75,2126.121,1,1969.43,482.00350000000003,1969.43,2569.4895275941781,0,11.591222173076602,1,30,61,101,60
25,30,29,LinearHeuristicAuction,0.05,0.04,,True,,1000,3600,cats_arbitrary_g30b150,,heuristic,2,False,CATS,150,arbitrary,MultiMinded,1000,MaxIter,147.85000000000582,1852.1607,1,1764.81,936.35900000000004,1549.14,2156.7368348347095,0,34.933627966802376,1,30,30,102,59
26,30,39,LinearHeuristicAuction,0.05,0.04,,True,,1000,3600,cats_arbitrary_g30b150,,heuristic,2,False,CATS,150,arbitrary,MultiMinded,1000,MaxIter,126.29999999998836,2465.4804,1,1489.25,632.89699999999993,1489.25,2678.6892809836108,0,1.516571507207459,1,30,96,110,69
27,30,29,LinearHeuristicAuction,0.05,0.04,,True,,1000,3600,cats_arbitrary_g30b150,,heuristic,2,False,CATS,150,arbitrary,MultiMinded,1000,MaxIter,129.96999999997206,2275.4269999999997,3,1932.93,759.11900000000003,1834.5890000000002,2357.4989067734359,513.52426796774319,520.22413260929352,1,30,55,93,59
28,30,31,LinearHeuristicAuction,0.05,0.04,,True,,1000,3600,cats_arbitrary_g30b150,,heuristic,2,False,CATS,150,arbitrary,MultiMinded,40,Balance,3.9200000000128057,2301.5724,8,1458.94,613.274,2042.3264,2023.9702072872165,1778.6606072872164,1841.7035269336002,1,30,39,82,61
29,30,29,LinearHeuristicAuction,0.05,0.04,,True,,1000,3600,cats_arbitrary_g30b150,,heuristic,2,False,CATS,150,arbitrary,MultiMinded,1000,MaxIter,192.72000000000116,2007.782,4,1669.06,662.85299999999995,1945.516,2075.3812244210203,741.6444641681411,742.33129594197169,1,30,93,102,59
30,30,35,LinearHeuristicAuction,0.05,0.04,,True,,1000,3600,cats_arbitrary_g30b150,,heuristic,2,False,CATS,150,arbitrary,MultiMinded,1000,MaxIter,127.52999999999884,2161.8298999999997,1,1539.73,524.54999999999995,1390.8,2489.2870015254866,0,2.4800929461552244,1,30,109,108,65
31,30,32,LinearHeuristicAuction,0.05,0.04,,True,,1000,3600,cats_arbitrary_g30b150,,heuristic,2,False,CATS,150,arbitrary,MultiMinded,1000,MaxIter,207.8399999999965,2453.359,7,1724.13,512.56299999999999,2113.1453,2526.4762728122892,389.08182961938815,399.64381619184678,1,30,36,104,62
32,30,34,LinearHeuristicAuction,0.05,0.04,,True,,1000,3600,cats_arbitrary_g30b150,,heuristic,2,False,CATS,150,arbitrary,MultiMinded,1000,MaxIter,120.63000000000466,1818.8858,1,1643.98,574.70600000000002,1643.98,2341.0738062903151,0,19.675303383502296,1,30,43,118,64
33,30,33,LinearHeuristicAuction,0.05,0.04,,True,,1000,3600,cats_arbitrary_g30b150,,heuristic,2,False,CATS,150,arbitrary,MultiMinded,1000,MaxIter,129.38000000000466,1944.8153000000002,4,1618.49,617.12249999999995,1611.2133000000001,2219.7866219257139,349.96860750990618,353.72875603117114,1,30,66,114,63
34,30,31,LinearHeuristicAuction,0.05,0.04,,True,,1000,3600,cats_arbitrary_g30b150,,heuristic,2,False,CATS,150,arbitrary,MultiMinded,1000,MaxIter,123.38999999998487,2467.5019,1,2102.79,578.16200000000003,1737.43,2857.7130680816199,0,17.073977963506934,1,30,39,101,61
35,30,32,LinearHeuristicAuction,0.05,0.04,,True,,1000,3600,cats_arbitrary_g30b150,,heuristic,2,False,CATS,150,arbitrary,MultiMinded,50,Balance,5.4100000000034925,2108.201,2,1910.3,506.57900000000001,2108.201,2130.9081034192918,2080.2502034192917,2103.9767470986553,1,30,42,84,62
36,30,35,LinearHeuristicAuction,0.05,0.04,,True,,1000,3600,cats_arbitrary_g30b150,,heuristic,2,False,CATS,150,arbitrary,MultiMinded,1000,MaxIter,146.47000000000116,1942.8097999999998,1,1649.39,704.06799999999998,1560.07,2198.7367516495692,0,13.435273271487915,1,30,33,120,65
37,30,33,LinearHeuristicAuction,0.05,0.04,,True,,1000,3600,cats_arbitrary_g30b150,,heuristic,2,False,CATS,150,arbitrary,MultiMinded,1000,MaxIter,138.4199999999837,1975.334,1,1881.03,532.89949999999999,1778.09,2364.5692546553173,0,19.140252118012768,1,30,30,105,63
38,30,32,LinearHeuristicAuction,0.05,0.04,,True,,1000,3600,cats_arbitrary_g30b150,,heuristic,2,False,CATS,150,arbitrary,MultiMinded,1000,MaxIter,210.70999999999185,2501.4829999999997,1,2312.06,839.32600000000002,1380.59,2762.2811841285225,0,11.945953883594711,1,30,55,109,62
39,30,34,LinearHeuristicAuction,0.05,0.04,,True,,1000,3600,cats_arbitrary_g30b150,,heuristic,2,False,CATS,150,arbitrary,MultiMinded,1000,MaxIter,122.64999999999418,2311.536,1,2186.45,533.95749999999998,1960.78,2680.9050430203488,0,7.6645544397770777,1,30,30,98,64
40,30,31,LinearHeuristicAuction,0.05,0.04,,True,,1000,3600,cats_arbitrary_g30b150,,heuristic,2,False,CATS,150,arbitrary,MultiMinded,1000,MaxIter,144.22000000000116,1922.01,1,1548.35,753.33299999999997,1548.35,2433.7940098803351,0,74.406021844637451,1,30,39,110,61
41,30,32,LinearHeuristicAuction,0.05,0.04,,True,,1000,3600,cats_arbitrary_g30b150,,heuristic,2,False,CATS,150,arbitrary,MultiMinded,1000,MaxIter,129.55999999999767,1899.3063,1,1626.29,567.45299999999997,1465.7,2265.1224233185058,0,0.53313470150629882,1,30,83,109,62
42,30,35,LinearHeuristicAuction,0.05,0.04,,True,,1000,3600,cats_arbitrary_g30b150,,heuristic,2,False,CATS,150,arbitrary,MultiMinded,1000,MaxIter,128.5899999999965,2374.3837000000003,1,1682.91,707.67899999999997,1567.05,2861.7123099674131,0,30.315351828045863,1,30,39,114,65
43,30,36,LinearHeuristicAuction,0.05,0.04,,True,,1000,3600,cats_arbitrary_g30b150,,heuristic,2,False,CATS,150,arbitrary,MultiMinded,1000,MaxIter,119.95999999999185,2385.76,1,2385.76,501.80000000000001,2385.76,2573.7160961652125,0,21.53013809700667,1,30,30,108,66
44,30,35,LinearHeuristicAuction,0.05,0.04,,True,,1000,3600,cats_arbitrary_g30b150,,heuristic,2,False,CATS,150,arbitrary,MultiMinded,1000,MaxIter,157.72000000000116,2079.9506999999994,2,1845.76,468.2165,1899.715,2283.8542253709807,0,12.48125451495352,1,30,72,109,65
45,30,30,LinearHeuristicAuction,0.05,0.04,,True,,1000,3600,cats_arbitrary_g30b150,,heuristic,2,False,CATS,150,arbitrary,MultiMinded,1000,MaxIter,205.60999999998603,1973.4939,8,1684.69,518.44550000000004,1963.8501,2071.9906719055111,1579.4596390776069,1602.5122796768994,1,30,21,100,60
46,30,33,LinearHeuristicAuction,0.05,0.04,,True,,1000,3600,cats_arbitrary_g30b150,,heuristic,2,False,CATS,150,arbitrary,MultiMinded,1000,MaxIter,143.38999999998487,2174.927,1,1703.31,577.08699999999999,1703.31,2598.2802830280675,0,0.0,1,30,75,108,63
47,30,36,LinearHeuristicAuction,0.05,0.04,,True,,1000,3600,cats_arbitrary_g30b150,,heuristic,2,False,CATS,150,arbitrary,MultiMinded,1000,MaxIter,185.3300000000163,2134.903,1,1579.3,488.0025,1177.33,2516.5959162262225,0,11.927968452344942,1,30,58,111,66
48,30,36,LinearHeuristicAuction,0.05,0.04,,True,,1000,3600,cats_arbitrary_g30b150,,heuristic,2,False,CATS,150,arbitrary,MultiMinded,1000,MaxIter,197.64000000001397,2120.0323,1,1723.29,500.82099999999997,1723.29,2443.6994548088192,0,16.971077338613455,1,30,63,119,66
49,30,32,LinearHeuristicAuction,0.05,0.04,,True,,1000,3600,cats_arbitrary_g30b150,,heuristic,2,False,CATS,150,arbitrary,MultiMinded,1000,MaxIter,132.96000000002095,1825.5846,1,1448.16,458.54599999999999,1356.32,2112.5925728541106,0,26.771495241106976,1,30,32,119,62
50,30,32,LinearHeuristicAuction,0.05,0.04,,True,,1000,3600,cats_arbitrary_g30b150,,heuristic,2,False,CATS,150,arbitrary,MultiMinded,1000,MaxIter,131.5799999999872,2387.589,1,2137.71,881.64700000000005,1995.56,2545.5659378642199,0,1.592784640251125,1,30,30,101,62
51,30,31,LinearHeuristicAuction,0.05,0.04,,True,,1000,3600,cats_arbitrary_g30b150,,heuristic,2,False,CATS,150,arbitrary,MultiMinded,1000,MaxIter,112.81999999997788,2404.514,1,2207.65,681.84050000000002,2207.65,2896.8195211384918,0,103.15286474054631,1,30,65,96,61
52,30,34,LinearHeuristicAuction,0.05,0.04,,True,,1000,3600,cats_arbitrary_g30b150,,heuristic,2,False,CATS,150,arbitrary,MultiMinded,1000,MaxIter,192.61999999999534,2070.7699000000002,7,1761.92,837.09500000000003,2002.0429000000001,2397.2216122395662,672.59545409288444,672.59545409288444,1,30,88,113,64
53,30,34,LinearHeuristicAuction,0.05,0.04,,True,,1000,3600,cats_arbitrary_g30b150,,heuristic,2,False,CATS,150,arbitrary,MultiMinded,1000,MaxIter,138.54000000000815,1944.8844,3,1588.82,654.95799999999997,1711.4053,1985.8947399384451,57.477688197326984,62.632902392745294,1,30,36,113,64
54,30,30,LinearHeuristicAuction,0.05,0.04,,True,,1000,3600,cats_arbitrary_g30b150,,heuristic,2,False,CATS,150,arbitrary,MultiMinded,1000,MaxIter,121.61999999999534,2678.4509,1,2281.57,746.976,1581.27,3105.1618106667966,0,30.461030679193755,1,30,129,102,60
55,30,31,LinearHeuristicAuction,0.05,0.04,,True,,1000,3600,cats_arbitrary_g30b150,,heuristic,2,False,CATS,150,arbitrary,MultiMinded,1000,MaxIter,144.32000000000698,2211.653,1,1943.48,726.06700000000001,1943.48,2475.7319910370597,0,16.005035851469486,1,30,35,110,61
56,30,29,LinearHeuristicAuction,0.05,0.04,,True,,1000,3600,cats_arbitrary_g30b150,,heuristic,2,False,CATS,150,arbitrary,MultiMinded,1000,MaxIter,126.95999999999185,2093.229,1,1877.5,714.9369999999999,1679.61,2227.0518017486661,0,0.82023934627360973,1,30,78,108,59
57,30,31,LinearHeuristicAuction,0.05,0.04,,True,,1000,3600,cats_arbitrary_g30b150,,heuristic,2,False,CATS,150,arbitrary,MultiMinded,1000,MaxIter,123.63999999998487,2015.9576000000002,1,1667.14,591.51199999999994,1667.14,2396.5696349765399,0,15.119419929212,1,30,61,114,61
58,30,33,LinearHeuristicAuction,0.05,0.04,,True,,1000,3600,cats_arbitrary_g30b150,,heuristic,2,False,CATS,150,arbitrary,MultiMinded,1000,MaxIter,127.55999999999767,2213.6252,1,1937.47,893.10799999999995,1177.19,2636.0857022488817,0,15.068283388748959,1,30,42,107,63
59,30,31,LinearHeuristicAuction,0.05,0.04,,True,,1000,3600,cats_arbitrary_g30b150,,heuristic,2,False,CATS,150,arbitrary,MultiMinded,1000,MaxIter,127.85000000000582,2195.5229,1,1710.57,782.62599999999998,1710.57,2838.8058881802854,0,9.4221213861257525,1,30,60,103,61
60,30,36,LinearHeuristicAuction,0.05,0.04,,True,,1000,3600,cats_arbitrary_g30b150,,heuristic,2,False,CATS,150,arbitrary,MultiMinded,1000,MaxIter,158.52999999999884,1802.554,1,1574.08,671.95349999999996,1574.08,2154.0659666986817,0,3.214577817637462,1,30,30,115,66
61,30,33,LinearHeuristicAuction,0.05,0.04,,True,,1000,3600,cats_arbitrary_g30b150,,heuristic,2,False,CATS,150,arbitrary,MultiMinded,1000,MaxIter,130.60000000000582,1724.4375,1,1339.03,584.49199999999996,1339.03,2036.7035609602633,0,2.7706318285741531,1,30,30,113,63
62,30,36,LinearHeuristicAuction,0.05,0.04,,True,,1000,3600,cats_arbitrary_g30b150,,heuristic,2,False,CATS,150,arbitrary,MultiMinded,1000,MaxIter,136.42999999999302,2437.0683000000004,2,1933.61,814.90999999999997,1777.071,2572.1848378159748,91.208131288690367,93.060453655849898,1,30,103,112,66
63,30,34,LinearHeuristicAuction,0.05,0.04,,True,,1000,3600,cats_arbitrary_g30b150,,heuristic,2,False,CATS,150,arbitrary,MultiMinded,1000,MaxIter,120.95000000001164,2003.24,1,2003.24,494.63999999999999,1854.74,2489.3025753850688,0,10.811253770630316,1,30,30,120,64
64,30,34,LinearHeuristicAuction,0.05,0.04,,True,,1000,3600,cats_arbitrary_g30b150,,heuristic,2,False,CATS,150,arbitrary,MultiMinded,1000,MaxIter,119.80000000001746,2039.0195999999999,1,1809.03,585.17600000000004,1809.03,2399.0148364085426,0,0.76707732832215925,1,30,98,110,64
65,30,36,LinearHeuristicAuction,0.05,0.04,,True,,1000,3600,cats_arbitrary_g30b150,,heuristic,2,False,CATS,150,arbitrary,MultiMinded,1000,MaxIter,134.30999999999767,1894.2412000000002,1,1377.42,663.9670000000001,1377.42,2126.1969030743248,0,32.517736493617761,1,30,38,121,66
66,30,33,LinearHeuristicAuction,0.05,0.04,,True,,1000,3600,cats_arbitrary_g30b150,,heuristic,2,False,CATS,150,arbitrary,MultiMinded,1000,MaxIter,128.92999999999302,2454.29,1,2454.29,522.13300000000004,1368.0,2572.7218987903511,0,166.65036771916593,1,30,50,109,63
67,30,31,LinearHeuristicAuction,0.05,0.04,,True,,1000,3600,cats_arbitrary_g30b150,,heuristic,2,False,CATS,150,arbitrary,MultiMinded,1000,MaxIter,222.07000000000698,2341.4958,4,2017.46,785.07600000000002,1943.6393,2552.9267348810286,69.631180441421037,75.141738673088412,1,30,30,105,61
68,30,31,LinearHeuristicAuction,0.05,0.04,,True,,1000,3600,cats_arbitrary_g30b150,,heuristic,2,False,CATS,150,arbitrary,MultiMinded,1000,MaxIter,128.22999999998137,2082.3165,1,1694.51,536.65000000000009,1644.51,2277.0725009636553,0,8.3736737003830797,1,30,33,111,61
69,30,32,LinearHeuristicAuction,0.05,0.04,,True,,1000,3600,cats_arbitrary_g30b150,,heuristic,2,False,CATS,150,arbitrary,MultiMinded,1000,MaxIter,125.39999999999418,2088.0744,1,1731.11,855.64499999999998,1731.11,2484.6976637815214,0,0.0,1,30,113,112,62
70,30,33,LinearHeuristicAuction,0.05,0.04,,True,,1000,3600,cats_arbitrary_g30b150,,heuristic,2,False,CATS,150,arbitrary,MultiMinded,1000,MaxIter,127.25999999998021,2258.578,1,1454.94,617.26599999999996,1443.65,2752.0024075257897,0,1.9303137810287296,1,30,72,106,63
71,30,33,LinearHeuristicAuction,0.05,0.04,,True,,1000,3600,cats_arbitrary_g30b150,,heuristic,2,False,CATS,150,arbitrary,MultiMinded,1000,MaxIter,113.79000000000815,2247.3372,1,1920.4,499.70499999999998,1920.4,2623.1977601118101,0,4.7683971396565141,1,30,63,102,63
72,30,39,LinearHeuristicAuction,0.05,0.04,,True,,1000,3600,cats_arbitrary_g30b150,,heuristic,2,False,CATS,150,arbitrary,MultiMinded,1000,MaxIter,140.61999999999534,2410.0175,8,1662.34,705.94000000000005,2368.7129,2536.07264251268,2081.6350381400225,2090.2534035763065,1,30,32,122,69
73,30,34,LinearHeuristicAuction,0.05,0.04,,True,,1000,3600,cats_arbitrary_g30b150,,heuristic,2,False,CATS,150,arbitrary,MultiMinded,1000,MaxIter,116.82000000000698,2015.5892,1,1380.57,479.64299999999997,1380.57,2352.8122004055172,0,129.02707217606186,1,30,42,110,64
74,30,36,LinearHeuristicAuction,0.05,0.04,,True,,1000,3600,cats_arbitrary_g30b150,,heuristic,2,False,CATS,150,arbitrary,MultiMinded,1000,MaxIter,113.77999999999884,2042.097,1,1285.64,413.78699999999998,1236.2,2316.7509461485815,0,31.976148621163794,1,30,73,113,66
75,30,28,LinearHeuristicAuction,0.05,0.04,,True,,1000,3600,cats_arbitrary_g30b150,,heuristic,2,False,CATS,150,arbitrary,MultiMinded,1000,MaxIter,117.25999999998021,1952.3077,5,1522.4,797.30549999999994,1818.47229,2192.8225404351206,1538.3310262301584,1553.6231116838353,1,30,21,89,58
76,30,35,LinearHeuristicAuction,0.05,0.04,,True,,1000,3600,cats_arbitrary_g30b150,,heuristic,2,False,CATS,150,arbitrary,MultiMinded,1000,MaxIter,124.82000000000698,2241.3282000000004,1,1991.23,695.48000000000002,1991.23,2559.6150643561118,0,28.078596201941735,1,30,52,108,65
77,30,29,LinearHeuristicAuction,0.05,0.04,,True,,1000,3600,cats_arbitrary_g30b150,,heuristic,2,False,CATS,150,arbitrary,MultiMinded,1000,MaxIter,123.96000000002095,2086.98,1,1735.17,697.00749999999994,1735.17,2409.6441104116802,0,19.348574662164154,1,30,30,118,59
78,30,34,LinearHeuristicAuction,0.05,0.04,,True,,1000,3600,cats_arbitrary_g30b150,,heuristic,2,False,CATS,150,arbitrary,MultiMinded,1000,MaxIter,173.7599999999802,2141.5101999999997,8,1833.54,620.51150000000007,1864.225,2337.7171389486934,236.68623349820177,242.61580276076307,1,30,45,101,64
79,30,32,LinearHeuristicAuction,0.05,0.04,,True,,1000,3600,cats_arbitrary_g30b150,,heuristic,2,False,CATS,150,arbitrary,MultiMinded,1000,MaxIter,126.89999999999418,2182.6516,1,1753.74,722.10699999999997,1425.19,2837.4451405668433,0,9.9308938963641253,1,30,59,102,62
80,30,31,LinearHeuristicAuction,0.05,0.04,,True,,1000,3600,cats_arbitrary_g30b150,,heuristic,2,False,CATS,150,arbitrary,MultiMinded,1000,MaxIter,121.86000000001513,2157.0797,1,1772.89,656.88249999999994,1772.89,2495.5427385458415,0,9.8191637137499654,1,30,62,111,61
81,30,31,LinearHeuristicAuction,0.05,0.04,,True,,1000,3600,cats_arbitrary_g30b150,,heuristic,2,False,CATS,150,arbitrary,MultiMinded,1000,MaxIter,129.60000000000582,1755.3018000000002,3,1603.71,647.50199999999995,1663.9185400000001,2009.5573984271059,0.0,8.1362163114896475,1,30,26,107,61
82,30,34,LinearHeuristicAuction,0.05,0.04,,True,,1000,3600,cats_arbitrary_g30b150,,heuristic,2,False,CATS,150,arbitrary,MultiMinded,1000,MaxIter,145.47000000000116,2385.8982,2,2112.36,790.75199999999995,1578.4342,2640.3351874350951,71.231206646266983,87.682432912480181,1,30,44,107,64
83,30,32,LinearHeuristicAuction,0.05,0.04,,True,,1000,3600,cats_arbitrary_g30b150,,heuristic,2,False,CATS,150,arbitrary,MultiMinded,1000,MaxIter,124.9200000000128,2059.99,1,1826.87,768.11400000000003,1826.87,2536.3821990989595,0,4.7942995768798937,1,30,63,105,62
84,30,33,LinearHeuristicAuction,0.05,0.04,,True,,1000,3600,cats_arbitrary_g30b150,,heuristic,2,False,CATS,150,arbitrary,MultiMinded,1000,MaxIter,138.23000000001048,1978.9186000000002,1,1758.88,838.20399999999995,1758.88,2324.1116660781481,0,7.9060192247938303,1,30,29,102,63
85,30,33,LinearHeuristicAuction,0.05,0.04,,True,,1000,3600,cats_arbitrary_g30b150,,heuristic,2,False,CATS,150,arbitrary,MultiMinded,1000,MaxIter,133.42999999999302,2216.0256,1,2078.55,626.62099999999998,2078.55,2618.7710592806238,0,0.57997953042007566,1,30,78,114,63
86,30,31,LinearHeuristicAuction,0.05,0.04,,True,,1000,3600,cats_arbitrary_g30b150,,heuristic,2,False,CATS,150,arbitrary,MultiMinded,1000,MaxIter,134.15000000002328,2283.532,1,1809.12,745.29950000000008,1627.75,2664.7489860234091,0,40.509522734124857,1,30,44,115,61
87,30,36,LinearHeuristicAuction,0.05,0.04,,True,,1000,3600,cats_arbitrary_g30b150,,heuristic,2,False,CATS,150,arbitrary,MultiMinded,1000,MaxIter,110.89000000001397,2522.6901999999995,1,2032.58,563.31899999999996,1775.36,2955.32358749996,0,2.2754011223929353,1,30,31,97,66
88,30,35,LinearHeuristicAuction,0.05,0.04,,True,,1000,3600,cats_arbitrary_g30b150,,heuristic,2,False,CATS,150,arbitrary,MultiMinded,1000,MaxIter,117.22000000000116,2265.08,1,1820.47,452.93900000000002,1764.64,2632.0415906322351,0,24.57600147557585,1,30,56,113,65
89,30,28,LinearHeuristicAuction,0.05,0.04,,True,,1000,3600,cats_arbitrary_g30b150,,heuristic,2,False,CATS,150,arbitrary,MultiMinded,1000,MaxIter,125.13000000000466,1895.8706000000002,5,1412.37,685.88149999999996,1698.9346,2087.7876617471129,667.49348649935064,679.76097402146308,1,30,39,97,58
90,30,33,LinearHeuristicAuction,0.05,0.04,,True,,1000,3600,cats_arbitrary_g30b150,,heuristic,2,False,CATS,150,arbitrary,MultiMinded,1000,MaxIter,138.85000000000582,2397.1789,1,2224.82,593.16800000000001,2224.82,2703.4027907872173,0,33.501489035398365,1,30,42,113,63
91,30,32,LinearHeuristicAuction,0.05,0.04,,True,,1000,3600,cats_arbitrary_g30b150,,heuristic,2,False,CATS,150,arbitrary,MultiMinded,1000,MaxIter,123.5,2290.7259999999997,1,1825.1,529.46000000000004,1825.1,2591.2092436445942,0,3.6332531314523635,1,30,65,102,62
92,30,31,LinearHeuristicAuction,0.05,0.04,,True,,1000,3600,cats_arbitrary_g30b150,,heuristic,2,False,CATS,150,arbitrary,MultiMinded,1000,MaxIter,131.4199999999837,1880.9630000000002,2,1586.58,901.44949999999994,1611.1779999999999,2294.2016352354058,0.0,5.2013108109988764,1,30,28,106,61
93,30,34,LinearHeuristicAuction,0.05,0.04,,True,,1000,3600,cats_arbitrary_g30b150,,heuristic,2,False,CATS,150,arbitrary,MultiMinded,1000,MaxIter,197.5799999999872,1815.7306,4,1434.89,540.21100000000001,1624.7045999999998,1909.3196113220556,40.860084410580392,48.817770633459567,1,30,37,115,64
94,30,36,LinearHeuristicAuction,0.05,0.04,,True,,1000,3600,cats_arbitrary_g30b150,,heuristic,2,False,CATS,150,arbitrary,MultiMinded,1000,MaxIter,124.0,2435.1574,1,2127.58,687.69500000000005,2105.03,2765.7580134746254,0,18.908093878077011,1,30,77,107,66
95,30,32,LinearHeuristicAuction,0.05,0.04,,True,,1000,3600,cats_arbitrary_g30b150,,heuristic,2,False,CATS,150,arbitrary,MultiMinded,1000,MaxIter,147.72000000000116,2424.051,1,1933.55,792.75099999999998,1556.49,2762.0880661258388,0,0.0,1,30,102,117,62
96,30,31,LinearHeuristicAuction,0.05,0.04,,True,,1000,3600,cats_arbitrary_g30b150,,heuristic,2,False,CATS,150,arbitrary,MultiMinded,1000,MaxIter,148.48000000001048,1954.1625,1,1781.86,780.25699999999995,1554.48,2474.6412147179572,0,2.5808276257806142,1,30,30,107,61
97,30,30,LinearHeuristicAuction,0.05,0.04,,True,,1000,3600,cats_arbitrary_g30b150,,heuristic,2,False,CATS,150,arbitrary,MultiMinded,1000,MaxIter,205.52999999999884,1794.66,6,1264.09,681.495,1682.2269999999999,1997.5911875032825,613.08914184425305,624.55147256190048,1,30,30,100,60
98,30,32,LinearHeuristicAuction,0.05,0.04,,True,,1000,3600,cats_arbitrary_g30b150,,heuristic,2,False,CATS,150,arbitrary,MultiMinded,1000,MaxIter,142.44000000000233,2145.0272,1,2092.47,967.64100000000008,2092.47,2881.9038250141725,0,0.0,1,30,98,115,62
99,30,29,LinearHeuristicAuction,0.05,0.04,,True,,1000,3600,cats_arbitrary_g30b150,,heuristic,2,False,CATS,150,arbitrary,MultiMinded,1000,MaxIter,126.11000000001513,2260.297,1,2093.42,648.17449999999997,1976.5,2918.3354419400835,0,14.443900196567711,1,30,52,106,59
100,30,37,LinearHeuristicAuction,0.05,0.04,,True,,1000,3600,cats_arbitrary_g30b150,,heuristic,2,False,CATS,150,arbitrary,MultiMinded,1000,MaxIter,125.67999999999302,2260.7916,1,1588.66,496.72000000000003,1571.91,2473.8864732822617,0,45.716047896089151,1,30,42,122,67
