idx,items,agents,auction_class,epsilon,stepc,epoch,scalebyvalue,reserve_type,maxiter,maxtime,generator_param_name,personalized,bidding_strategy,heuristic_pool_num,int_prices,generator,bids,distribution,type,rounds,status,runtime,efficient_value,final_num_winners,final_max_agent_value,final_scalevalue,final_value,final_total_price,final_revenue,final_indirect_util,final_price_degree,final_price_sparsity,final_imbalance,final_wd_nvars,final_wd_ncons
1,30,34,LinearHeuristicAuction,0.05,0.08,,True,,1000,3600,cats_arbitrary_g30b150,,heuristic,3,False,CATS,150,arbitrary,MultiMinded,1000,MaxIter,200.52999999999884,1985.8648,1,1958.65,585.33899999999994,1958.65,2744.7390930784959,0,55.201265447150504,1,30,53,137,64
2,30,35,LinearHeuristicAuction,0.05,0.08,,True,,1000,3600,cats_arbitrary_g30b150,,heuristic,3,False,CATS,150,arbitrary,MultiMinded,1000,MaxIter,163.9199999999837,2197.79,8,2197.79,440.00599999999997,1732.3786999999998,2554.9639064061662,288.71198965529243,288.71198965529243,1,30,89,115,65
3,30,33,LinearHeuristicAuction,0.05,0.08,,True,,1000,3600,cats_arbitrary_g30b150,,heuristic,3,False,CATS,150,arbitrary,MultiMinded,1000,MaxIter,179.02999999999884,2537.724,1,1980.67,603.23800000000006,1980.67,3824.1030625017916,0,91.060239825897582,1,30,84,124,63
4,30,33,LinearHeuristicAuction,0.05,0.08,,True,,1000,3600,cats_arbitrary_g30b150,,heuristic,3,False,CATS,150,arbitrary,MultiMinded,1000,MaxIter,207.6600000000035,2018.328,1,1780.26,501.12400000000002,1749.98,2645.6811448613716,0,26.142688576643103,1,30,58,121,63
5,30,32,LinearHeuristicAuction,0.05,0.08,,True,,1000,3600,cats_arbitrary_g30b150,,heuristic,3,False,CATS,150,arbitrary,MultiMinded,1000,MaxIter,178.97000000000116,1876.8708299999998,1,1770.89,624.08600000000001,1478.79,2672.5351351062563,0,39.367096985890278,1,30,49,127,62
6,30,33,LinearHeuristicAuction,0.05,0.08,,True,,1000,3600,cats_arbitrary_g30b150,,heuristic,3,False,CATS,150,arbitrary,MultiMinded,1000,MaxIter,184.63000000000466,2052.619,1,1672.04,727.22400000000005,1511.41,3660.7366233605321,0,13.997909644435367,1,30,74,112,63
7,30,30,LinearHeuristicAuction,0.05,0.08,,True,,1000,3600,cats_arbitrary_g30b150,,heuristic,3,False,CATS,150,arbitrary,MultiMinded,1000,MaxIter,168.5899999999965,2256.612,1,2088.18,661.12950000000001,2088.18,2847.7808899481702,0,0.0,1,30,89,139,60
8,30,35,LinearHeuristicAuction,0.05,0.08,,True,,1000,3600,cats_arbitrary_g30b150,,heuristic,3,False,CATS,150,arbitrary,MultiMinded,1000,MaxIter,193.79999999998836,1886.9858,6,1721.43,762.18450000000007,1610.8508,2392.7498061875908,49.997803304109631,81.333340235342405,1,30,34,127,65
9,30,32,LinearHeuristicAuction,0.05,0.08,,True,,1000,3600,cats_arbitrary_g30b150,,heuristic,3,False,CATS,150,arbitrary,MultiMinded,1000,MaxIter,238.77999999999884,1903.7699,6,1559.25,844.62750000000005,1883.3748999999998,2185.9527803768997,651.34512133920373,651.91958759335193,1,30,66,124,62
10,30,36,LinearHeuristicAuction,0.05,0.08,,True,,1000,3600,cats_arbitrary_g30b150,,heuristic,3,False,CATS,150,arbitrary,MultiMinded,1000,MaxIter,204.8399999999965,2500.0740000000005,7,2217.68,621.28700000000003,1794.7531,3178.5203256691743,193.76746955779402,295.7278266473968,1,30,63,129,66
11,30,30,LinearHeuristicAuction,0.05,0.08,,True,,1000,3600,cats_arbitrary_g30b150,,heuristic,3,False,CATS,150,arbitrary,MultiMinded,1000,MaxIter,223.1600000000035,1868.241,4,1447.57,637.68550000000005,1479.98,2143.6656253070605,0,51.950953082152836,1,30,51,113,60
12,30,32,LinearHeuristicAuction,0.05,0.08,,True,,1000,3600,cats_arbitrary_g30b150,,heuristic,3,False,CATS,150,arbitrary,MultiMinded,1000,MaxIter,137.69000000000233,1629.6809799999999,1,1454.03,563.44500000000005,1454.03,2192.4576536961367,0,32.908504386949303,1,30,47,130,62
13,30,33,LinearHeuristicAuction,0.05,0.08,,True,,1000,3600,cats_arbitrary_g30b150,,heuristic,3,False,CATS,150,arbitrary,MultiMinded,1000,MaxIter,138.31999999997788,1977.1191,1,1667.86,707.56150000000002,1667.86,2325.8961850816063,0,27.419931500847284,1,30,32,130,63
14,30,33,LinearHeuristicAuction,0.05,0.08,,True,,1000,3600,cats_arbitrary_g30b150,,heuristic,3,False,CATS,150,arbitrary,MultiMinded,1000,MaxIter,202.38000000000466,2717.117,1,1791.51,726.46749999999997,1791.51,3657.7271642451155,0,23.975858135799399,1,30,46,122,63
15,30,30,LinearHeuristicAuction,0.05,0.08,,True,,1000,3600,cats_arbitrary_g30b150,,heuristic,3,False,CATS,150,arbitrary,MultiMinded,1000,MaxIter,139.6699999999837,2171.381,3,1868.55,921.70799999999997,1530.4399999999998,2565.6113821839235,0,0.0,1,30,83,113,60
16,30,34,LinearHeuristicAuction,0.05,0.08,,True,,1000,3600,cats_arbitrary_g30b150,,heuristic,3,False,CATS,150,arbitrary,MultiMinded,1000,MaxIter,212.80999999999767,2091.4660000000003,1,1581.43,466.154,1581.43,2684.6567167303951,0,7.8582308385923056,1,30,71,143,64
17,30,32,LinearHeuristicAuction,0.05,0.08,,True,,1000,3600,cats_arbitrary_g30b150,,heuristic,3,False,CATS,150,arbitrary,MultiMinded,1000,MaxIter,226.9899999999907,1828.406,7,1506.32,727.10699999999997,1728.4844999999998,2223.174989550072,193.77214805587892,195.92548172107763,1,30,78,140,62
18,30,33,LinearHeuristicAuction,0.05,0.08,,True,,1000,3600,cats_arbitrary_g30b150,,heuristic,3,False,CATS,150,arbitrary,MultiMinded,1000,MaxIter,161.0,2345.2870000000003,1,2117.29,776.08299999999997,1295.16,3012.9712013808876,0,15.99619258657026,1,30,78,127,63
19,30,34,LinearHeuristicAuction,0.05,0.08,,True,,1000,3600,cats_arbitrary_g30b150,,heuristic,3,False,CATS,150,arbitrary,MultiMinded,1000,MaxIter,201.9899999999907,2287.142,1,1551.3,564.779,997.279,3116.169473764417,0,214.77241383258192,1,30,38,124,64
20,30,34,LinearHeuristicAuction,0.05,0.08,,True,,1000,3600,cats_arbitrary_g30b150,,heuristic,3,False,CATS,150,arbitrary,MultiMinded,330,Balance,68.0799999999872,1940.03319,8,1543.36,583.99600000000009,1940.03319,2037.0743321087193,1818.8722611771609,1841.8349551314573,1,30,47,126,64
21,30,32,LinearHeuristicAuction,0.05,0.08,,True,,1000,3600,cats_arbitrary_g30b150,,heuristic,3,False,CATS,150,arbitrary,MultiMinded,1000,MaxIter,148.0800000000163,1599.0811999999999,1,1355.45,695.58449999999993,1031.01,2141.8140308232792,0,0.0,1,30,115,122,62
22,30,33,LinearHeuristicAuction,0.05,0.08,,True,,1000,3600,cats_arbitrary_g30b150,,heuristic,3,False,CATS,150,arbitrary,MultiMinded,1000,MaxIter,149.52999999999884,2282.8423000000003,1,1879.28,739.774,1267.28,2615.5558119405405,0,17.140773555322475,1,30,54,133,63
23,30,33,LinearHeuristicAuction,0.05,0.08,,True,,1000,3600,cats_arbitrary_g30b150,,heuristic,3,False,CATS,150,arbitrary,MultiMinded,1000,MaxIter,226.4200000000128,2403.9993,1,2044.82,717.20399999999995,1593.72,3100.9818666366982,0,38.61201195756945,1,30,39,135,63
24,30,30,LinearHeuristicAuction,0.05,0.08,,True,,1000,3600,cats_arbitrary_g30b150,,heuristic,3,False,CATS,150,arbitrary,MultiMinded,1000,MaxIter,159.29000000000815,2126.121,1,1969.43,482.00350000000003,1969.43,2825.0599579131726,0,30.201464894921713,1,30,48,136,60
25,30,29,LinearHeuristicAuction,0.05,0.08,,True,,1000,3600,cats_arbitrary_g30b150,,heuristic,3,False,CATS,150,arbitrary,MultiMinded,1000,MaxIter,195.4200000000128,1852.1607,3,1764.81,936.35900000000004,1804.5976999999998,2328.4251474890898,1380.0850239933184,1478.9226595037944,1,30,24,123,59
26,30,39,LinearHeuristicAuction,0.05,0.08,,True,,1000,3600,cats_arbitrary_g30b150,,heuristic,3,False,CATS,150,arbitrary,MultiMinded,1000,MaxIter,177.11000000001513,2465.4804,1,1489.25,632.89699999999993,1489.25,2759.3341396330961,0,41.38535712852007,1,30,30,129,69
27,30,29,LinearHeuristicAuction,0.05,0.08,,True,,1000,3600,cats_arbitrary_g30b150,,heuristic,3,False,CATS,150,arbitrary,MultiMinded,1000,MaxIter,203.92999999999302,2275.4269999999997,5,1932.93,759.11900000000003,1793.8709000000001,2595.5705050220281,69.598595967200708,167.21825670194576,1,30,35,106,59
28,30,31,LinearHeuristicAuction,0.05,0.08,,True,,1000,3600,cats_arbitrary_g30b150,,heuristic,3,False,CATS,150,arbitrary,MultiMinded,1000,MaxIter,226.11000000001513,2301.5724,7,1458.94,613.274,1942.9461,2173.2644040711707,851.67228493066739,881.28556016605955,1,30,26,116,61
29,30,29,LinearHeuristicAuction,0.05,0.08,,True,,1000,3600,cats_arbitrary_g30b150,,heuristic,3,False,CATS,150,arbitrary,MultiMinded,1000,MaxIter,236.70999999999185,2007.782,6,1669.06,662.85299999999995,1830.6290000000001,2263.7217335925316,800.40789025753179,816.73959672757519,1,30,55,125,59
30,30,35,LinearHeuristicAuction,0.05,0.08,,True,,1000,3600,cats_arbitrary_g30b150,,heuristic,3,False,CATS,150,arbitrary,MultiMinded,1000,MaxIter,219.86000000001513,2161.8298999999997,1,1539.73,524.54999999999995,1390.8,3008.5959271528909,0,84.955113364993437,1,30,46,126,65
31,30,32,LinearHeuristicAuction,0.05,0.08,,True,,1000,3600,cats_arbitrary_g30b150,,heuristic,3,False,CATS,150,arbitrary,MultiMinded,1000,MaxIter,248.02999999999884,2453.359,7,1724.13,512.56299999999999,2453.359,2547.1654920696419,2051.6692510149323,2075.2103839162892,1,30,35,118,62
32,30,34,LinearHeuristicAuction,0.05,0.08,,True,,1000,3600,cats_arbitrary_g30b150,,heuristic,3,False,CATS,150,arbitrary,MultiMinded,1000,MaxIter,183.36999999999534,1818.8858,7,1643.98,574.70600000000002,1365.8707,3353.2971720661371,105.17557491921531,186.14195225994391,1,30,35,130,64
33,30,33,LinearHeuristicAuction,0.05,0.08,,True,,1000,3600,cats_arbitrary_g30b150,,heuristic,3,False,CATS,150,arbitrary,MultiMinded,1000,MaxIter,211.47999999998137,1944.8153000000002,1,1618.49,617.12249999999995,1618.49,2488.1346115358579,0,16.410236852772414,1,30,38,135,63
34,30,31,LinearHeuristicAuction,0.05,0.08,,True,,1000,3600,cats_arbitrary_g30b150,,heuristic,3,False,CATS,150,arbitrary,MultiMinded,1000,MaxIter,219.86000000001513,2467.5019,3,2102.79,578.16200000000003,2058.977,3284.481021519663,0,14.163701301773642,1,30,42,120,61
35,30,32,LinearHeuristicAuction,0.05,0.08,,True,,1000,3600,cats_arbitrary_g30b150,,heuristic,3,False,CATS,150,arbitrary,MultiMinded,1000,MaxIter,216.1600000000035,2108.201,7,1910.3,506.57900000000001,1650.806,2328.6066547163514,931.99234110337125,969.05790627666374,1,30,27,127,62
36,30,35,LinearHeuristicAuction,0.05,0.08,,True,,1000,3600,cats_arbitrary_g30b150,,heuristic,3,False,CATS,150,arbitrary,MultiMinded,1000,MaxIter,218.27999999999884,1942.8097999999998,1,1649.39,704.06799999999998,1560.07,2364.345259541371,0,37.00640654878373,1,30,52,134,65
37,30,33,LinearHeuristicAuction,0.05,0.08,,True,,1000,3600,cats_arbitrary_g30b150,,heuristic,3,False,CATS,150,arbitrary,MultiMinded,1000,MaxIter,227.28999999997905,1975.334,1,1881.03,532.89949999999999,1778.09,2524.9008591444735,0,41.343012556934781,1,30,35,123,63
38,30,32,LinearHeuristicAuction,0.05,0.08,,True,,1000,3600,cats_arbitrary_g30b150,,heuristic,3,False,CATS,150,arbitrary,MultiMinded,1000,MaxIter,228.72000000000116,2501.4829999999997,7,2312.06,839.32600000000002,2264.2578,2908.3797857904865,559.50155567755291,573.87327809188116,1,30,37,126,62
39,30,34,LinearHeuristicAuction,0.05,0.08,,True,,1000,3600,cats_arbitrary_g30b150,,heuristic,3,False,CATS,150,arbitrary,MultiMinded,1000,MaxIter,196.85000000000582,2311.536,5,2186.45,533.95749999999998,1648.7699,2979.1058976076692,0,4.2252230489147564,1,30,78,116,64
40,30,31,LinearHeuristicAuction,0.05,0.08,,True,,1000,3600,cats_arbitrary_g30b150,,heuristic,3,False,CATS,150,arbitrary,MultiMinded,1000,MaxIter,199.19000000000233,1922.01,1,1548.35,753.33299999999997,1548.35,2478.8481449604246,0,22.222173154608129,1,30,30,124,61
41,30,32,LinearHeuristicAuction,0.05,0.08,,True,,1000,3600,cats_arbitrary_g30b150,,heuristic,3,False,CATS,150,arbitrary,MultiMinded,1000,MaxIter,163.69999999998254,1899.3063,1,1626.29,567.45299999999997,1465.7,2526.8291857439262,0,13.083247331442976,1,30,66,121,62
42,30,35,LinearHeuristicAuction,0.05,0.08,,True,,1000,3600,cats_arbitrary_g30b150,,heuristic,3,False,CATS,150,arbitrary,MultiMinded,1000,MaxIter,180.31999999997788,2374.3837000000003,1,1682.91,707.67899999999997,1567.05,3114.3314178930823,0,36.092543978117874,1,30,51,132,65
43,30,36,LinearHeuristicAuction,0.05,0.08,,True,,1000,3600,cats_arbitrary_g30b150,,heuristic,3,False,CATS,150,arbitrary,MultiMinded,1000,MaxIter,150.0100000000093,2385.76,1,2385.76,501.80000000000001,2385.76,2845.780465573755,0,23.978338697715749,1,30,39,121,66
44,30,35,LinearHeuristicAuction,0.05,0.08,,True,,1000,3600,cats_arbitrary_g30b150,,heuristic,3,False,CATS,150,arbitrary,MultiMinded,1000,MaxIter,204.52999999999884,2079.9506999999994,9,1845.76,468.2165,1951.4482,2718.400567432112,348.63633844163809,564.29325740606828,1,30,42,127,65
45,30,30,LinearHeuristicAuction,0.05,0.08,,True,,1000,3600,cats_arbitrary_g30b150,,heuristic,3,False,CATS,150,arbitrary,MultiMinded,1000,MaxIter,221.64999999999418,1973.4939,8,1684.69,518.44550000000004,1963.8501,2220.4934238528517,835.315119875699,901.80904415672808,1,30,31,117,60
46,30,33,LinearHeuristicAuction,0.05,0.08,,True,,1000,3600,cats_arbitrary_g30b150,,heuristic,3,False,CATS,150,arbitrary,MultiMinded,1000,MaxIter,219.67999999999302,2174.927,1,1703.31,577.08699999999999,1703.31,2854.6668018100454,0,51.895241314496005,1,30,34,118,63
47,30,36,LinearHeuristicAuction,0.05,0.08,,True,,1000,3600,cats_arbitrary_g30b150,,heuristic,3,False,CATS,150,arbitrary,MultiMinded,1000,MaxIter,216.39999999999418,2134.903,1,1579.3,488.0025,1177.33,2810.4527243916782,0,5.8447372826920514,1,30,71,130,66
48,30,36,LinearHeuristicAuction,0.05,0.08,,True,,1000,3600,cats_arbitrary_g30b150,,heuristic,3,False,CATS,150,arbitrary,MultiMinded,1000,MaxIter,211.64000000001397,2120.0323,1,1723.29,500.82099999999997,1723.29,3026.2224373058739,0,72.421426902970396,1,30,57,130,66
49,30,32,LinearHeuristicAuction,0.05,0.08,,True,,1000,3600,cats_arbitrary_g30b150,,heuristic,3,False,CATS,150,arbitrary,MultiMinded,1000,MaxIter,204.54000000000815,1825.5846,9,1448.16,458.54599999999999,1656.0096,3034.7284886329048,803.96723993554497,884.4940604939527,1,30,26,124,62
50,30,32,LinearHeuristicAuction,0.05,0.08,,True,,1000,3600,cats_arbitrary_g30b150,,heuristic,3,False,CATS,150,arbitrary,MultiMinded,1000,MaxIter,166.27000000001863,2387.589,1,2137.71,881.64700000000005,1995.56,2765.9981099783768,0,0.0,1,30,30,113,62
51,30,31,LinearHeuristicAuction,0.05,0.08,,True,,1000,3600,cats_arbitrary_g30b150,,heuristic,3,False,CATS,150,arbitrary,MultiMinded,1000,MaxIter,145.85000000000582,2404.514,1,2207.65,681.84050000000002,2207.65,3513.8372875175596,0,241.14298108746564,1,30,52,111,61
52,30,34,LinearHeuristicAuction,0.05,0.08,,True,,1000,3600,cats_arbitrary_g30b150,,heuristic,3,False,CATS,150,arbitrary,MultiMinded,1000,MaxIter,214.52999999999884,2070.7699000000002,7,1761.92,837.09500000000003,2002.0429000000001,2501.411859879353,688.73483476096976,688.92101372002094,1,30,67,143,64
53,30,34,LinearHeuristicAuction,0.05,0.08,,True,,1000,3600,cats_arbitrary_g30b150,,heuristic,3,False,CATS,150,arbitrary,MultiMinded,1000,MaxIter,229.0899999999965,1944.8844,6,1588.82,654.95799999999997,1897.3912,2100.0810039397752,459.81362875565344,473.18117754142543,1,30,57,129,64
54,30,30,LinearHeuristicAuction,0.05,0.08,,True,,1000,3600,cats_arbitrary_g30b150,,heuristic,3,False,CATS,150,arbitrary,MultiMinded,1000,MaxIter,146.29999999998836,2678.4509,1,2281.57,746.976,1581.27,3379.3703318849598,0,258.23857378313937,1,30,76,130,60
55,30,31,LinearHeuristicAuction,0.05,0.08,,True,,1000,3600,cats_arbitrary_g30b150,,heuristic,3,False,CATS,150,arbitrary,MultiMinded,1000,MaxIter,221.43000000002212,2211.653,1,1943.48,726.06700000000001,1943.48,2542.9053789729255,0,50.336023136210187,1,30,35,127,61
56,30,29,LinearHeuristicAuction,0.05,0.08,,True,,1000,3600,cats_arbitrary_g30b150,,heuristic,3,False,CATS,150,arbitrary,MultiMinded,1000,MaxIter,212.30999999999767,2093.229,1,1877.5,714.9369999999999,1679.61,2735.1254839660278,0,63.133522836520058,1,30,38,118,59
57,30,31,LinearHeuristicAuction,0.05,0.08,,True,,1000,3600,cats_arbitrary_g30b150,,heuristic,3,False,CATS,150,arbitrary,MultiMinded,1000,MaxIter,171.35999999998603,2015.9576000000002,4,1667.14,591.51199999999994,1954.439,2765.8293156312729,665.99901897085522,681.3532283849479,1,30,47,136,61
58,30,33,LinearHeuristicAuction,0.05,0.08,,True,,1000,3600,cats_arbitrary_g30b150,,heuristic,3,False,CATS,150,arbitrary,MultiMinded,1000,MaxIter,160.85000000000582,2213.6252,5,1937.47,893.10799999999995,1761.367,3090.2354219746139,238.15277852136114,238.15277852136114,1,30,92,122,63
59,30,31,LinearHeuristicAuction,0.05,0.08,,True,,1000,3600,cats_arbitrary_g30b150,,heuristic,3,False,CATS,150,arbitrary,MultiMinded,1000,MaxIter,149.85000000000582,2195.5229,1,1710.57,782.62599999999998,1710.57,3320.3495166945268,0,30.761133817908743,1,30,51,112,61
60,30,36,LinearHeuristicAuction,0.05,0.08,,True,,1000,3600,cats_arbitrary_g30b150,,heuristic,3,False,CATS,150,arbitrary,MultiMinded,1000,MaxIter,219.56999999997788,1802.554,9,1574.08,671.95349999999996,1713.0968,2215.2139696944027,863.36962315888161,875.21393899937038,1,30,45,142,66
61,30,33,LinearHeuristicAuction,0.05,0.08,,True,,1000,3600,cats_arbitrary_g30b150,,heuristic,3,False,CATS,150,arbitrary,MultiMinded,1000,MaxIter,171.47000000000116,1724.4375,1,1339.03,584.49199999999996,1339.03,2527.817790520086,0,17.629376623039043,1,30,49,134,63
62,30,36,LinearHeuristicAuction,0.05,0.08,,True,,1000,3600,cats_arbitrary_g30b150,,heuristic,3,False,CATS,150,arbitrary,MultiMinded,1000,MaxIter,160.9100000000035,2437.0683000000004,1,1933.61,814.90999999999997,1933.61,2776.9254804652537,0,10.129192899640831,1,30,30,117,66
63,30,34,LinearHeuristicAuction,0.05,0.08,,True,,1000,3600,cats_arbitrary_g30b150,,heuristic,3,False,CATS,150,arbitrary,MultiMinded,1000,MaxIter,217.52000000001863,2003.24,1,2003.24,494.63999999999999,1854.74,2828.6929716281047,0,18.344525529565516,1,30,43,136,64
64,30,34,LinearHeuristicAuction,0.05,0.08,,True,,1000,3600,cats_arbitrary_g30b150,,heuristic,3,False,CATS,150,arbitrary,MultiMinded,1000,MaxIter,220.45000000001164,2039.0195999999999,1,1809.03,585.17600000000004,1809.03,3051.3306780895555,0,46.40538707304124,1,30,59,134,64
65,30,36,LinearHeuristicAuction,0.05,0.08,,True,,1000,3600,cats_arbitrary_g30b150,,heuristic,3,False,CATS,150,arbitrary,MultiMinded,1000,MaxIter,199.39999999999418,1894.2412000000002,1,1377.42,663.9670000000001,1377.42,2319.6791132359513,0,22.722093113870812,1,30,52,138,66
66,30,33,LinearHeuristicAuction,0.05,0.08,,True,,1000,3600,cats_arbitrary_g30b150,,heuristic,3,False,CATS,150,arbitrary,MultiMinded,1000,MaxIter,219.0100000000093,2454.29,6,2454.29,522.13300000000004,1874.386,2876.5995930453473,0,86.023178850884392,1,30,49,120,63
67,30,31,LinearHeuristicAuction,0.05,0.08,,True,,1000,3600,cats_arbitrary_g30b150,,heuristic,3,False,CATS,150,arbitrary,MultiMinded,1000,MaxIter,221.1700000000128,2341.4958,7,2017.46,785.07600000000002,2080.4132,3069.1648964537535,96.359525672504049,245.31211534236439,1,30,36,122,61
68,30,31,LinearHeuristicAuction,0.05,0.08,,True,,1000,3600,cats_arbitrary_g30b150,,heuristic,3,False,CATS,150,arbitrary,MultiMinded,1000,MaxIter,217.44999999998254,2082.3165,2,1694.51,536.65000000000009,1818.08,2957.6830619979696,0,4.2991609798401598,1,30,75,129,61
69,30,32,LinearHeuristicAuction,0.05,0.08,,True,,1000,3600,cats_arbitrary_g30b150,,heuristic,3,False,CATS,150,arbitrary,MultiMinded,1000,MaxIter,208.20000000001164,2088.0744,1,1731.11,855.64499999999998,1731.11,2912.3059743808667,0,11.638259951282734,1,30,69,132,62
70,30,33,LinearHeuristicAuction,0.05,0.08,,True,,1000,3600,cats_arbitrary_g30b150,,heuristic,3,False,CATS,150,arbitrary,MultiMinded,1000,MaxIter,158.01999999998952,2258.578,1,1454.94,617.26599999999996,1443.65,2978.6012496936437,0,36.813058597267485,1,30,51,121,63
71,30,33,LinearHeuristicAuction,0.05,0.08,,True,,1000,3600,cats_arbitrary_g30b150,,heuristic,3,False,CATS,150,arbitrary,MultiMinded,1000,MaxIter,203.98000000001048,2247.3372,1,1920.4,499.70499999999998,1920.4,2817.5540285645698,0,22.697660285191702,1,30,73,126,63
72,30,39,LinearHeuristicAuction,0.05,0.08,,True,,1000,3600,cats_arbitrary_g30b150,,heuristic,3,False,CATS,150,arbitrary,MultiMinded,1000,MaxIter,217.4100000000035,2410.0175,12,1662.34,705.94000000000005,2286.3188999999998,2667.8482994390174,1386.4548942624328,1386.4573278338917,1,30,56,137,69
73,30,34,LinearHeuristicAuction,0.05,0.08,,True,,1000,3600,cats_arbitrary_g30b150,,heuristic,3,False,CATS,150,arbitrary,MultiMinded,1000,MaxIter,205.04000000000815,2015.5892,1,1380.57,479.64299999999997,1380.57,2884.5013085946689,0,56.453041619392764,1,30,90,144,64
74,30,36,LinearHeuristicAuction,0.05,0.08,,True,,1000,3600,cats_arbitrary_g30b150,,heuristic,3,False,CATS,150,arbitrary,MultiMinded,1000,MaxIter,152.14999999999418,2042.097,1,1285.64,413.78699999999998,1236.2,2886.3544916409433,0,28.531032501777858,1,30,39,132,66
75,30,28,LinearHeuristicAuction,0.05,0.08,,True,,1000,3600,cats_arbitrary_g30b150,,heuristic,3,False,CATS,150,arbitrary,MultiMinded,1000,MaxIter,229.72000000000116,1952.3077,3,1522.4,797.30549999999994,1952.3077,2342.3071962150784,27.756781538372209,27.759425000000007,1,30,64,125,58
76,30,35,LinearHeuristicAuction,0.05,0.08,,True,,1000,3600,cats_arbitrary_g30b150,,heuristic,3,False,CATS,150,arbitrary,MultiMinded,1000,MaxIter,183.44000000000233,2241.3282000000004,1,1991.23,695.48000000000002,1991.23,2717.3233905726188,0,175.66660688138316,1,30,49,116,65
77,30,29,LinearHeuristicAuction,0.05,0.08,,True,,1000,3600,cats_arbitrary_g30b150,,heuristic,3,False,CATS,150,arbitrary,MultiMinded,1000,MaxIter,138.62000000002445,2086.98,1,1735.17,697.00749999999994,1735.17,2588.0688876794034,0,4.8728717757625759,1,30,90,132,59
78,30,34,LinearHeuristicAuction,0.05,0.08,,True,,1000,3600,cats_arbitrary_g30b150,,heuristic,3,False,CATS,150,arbitrary,MultiMinded,1000,MaxIter,195.3399999999965,2141.5101999999997,7,1833.54,620.51150000000007,1700.1709,2497.2323801737475,198.42622714753605,202.07434785332248,1,30,74,116,64
79,30,32,LinearHeuristicAuction,0.05,0.08,,True,,1000,3600,cats_arbitrary_g30b150,,heuristic,3,False,CATS,150,arbitrary,MultiMinded,1000,MaxIter,152.7600000000093,2182.6516,1,1753.74,722.10699999999997,1425.19,2920.8986682145191,0,23.02340719819847,1,30,59,129,62
80,30,31,LinearHeuristicAuction,0.05,0.08,,True,,1000,3600,cats_arbitrary_g30b150,,heuristic,3,False,CATS,150,arbitrary,MultiMinded,1000,MaxIter,229.54999999998836,2157.0797,1,1772.89,656.88249999999994,1772.89,2918.0205647472967,0,4.7789429296539083,1,30,115,142,61
81,30,31,LinearHeuristicAuction,0.05,0.08,,True,,1000,3600,cats_arbitrary_g30b150,,heuristic,3,False,CATS,150,arbitrary,MultiMinded,1000,MaxIter,225.86999999999534,1755.3018000000002,7,1603.71,647.50199999999995,1684.1873400000002,2013.4550059375754,197.66851895630487,258.88455538648498,1,30,27,120,61
82,30,34,LinearHeuristicAuction,0.05,0.08,,True,,1000,3600,cats_arbitrary_g30b150,,heuristic,3,False,CATS,150,arbitrary,MultiMinded,1000,MaxIter,174.9100000000035,2385.8982,8,2112.36,790.75199999999995,2109.699,2876.3988026517231,358.05267807998598,423.06372277459661,1,30,25,130,64
83,30,32,LinearHeuristicAuction,0.05,0.08,,True,,1000,3600,cats_arbitrary_g30b150,,heuristic,3,False,CATS,150,arbitrary,MultiMinded,1000,MaxIter,138.86000000001513,2059.99,1,1826.87,768.11400000000003,1826.87,2654.9607400273471,0,0.0,1,30,88,122,62
84,30,33,LinearHeuristicAuction,0.05,0.08,,True,,1000,3600,cats_arbitrary_g30b150,,heuristic,3,False,CATS,150,arbitrary,MultiMinded,1000,MaxIter,209.97999999998137,1978.9186000000002,9,1758.88,838.20399999999995,1682.8648999999998,2634.8278886089602,646.37536123471546,690.46672604552475,1,30,36,120,63
85,30,33,LinearHeuristicAuction,0.05,0.08,,True,,1000,3600,cats_arbitrary_g30b150,,heuristic,3,False,CATS,150,arbitrary,MultiMinded,1000,MaxIter,204.7600000000093,2216.0256,1,2078.55,626.62099999999998,2078.55,2946.6758945154411,0,0.0,1,30,82,132,63
86,30,31,LinearHeuristicAuction,0.05,0.08,,True,,1000,3600,cats_arbitrary_g30b150,,heuristic,3,False,CATS,150,arbitrary,MultiMinded,1000,MaxIter,170.29999999998836,2283.532,1,1809.12,745.29950000000008,1627.75,3194.877117804318,0,72.658329533729216,1,30,58,123,61
87,30,36,LinearHeuristicAuction,0.05,0.08,,True,,1000,3600,cats_arbitrary_g30b150,,heuristic,3,False,CATS,150,arbitrary,MultiMinded,1000,MaxIter,130.04000000000815,2522.6901999999995,1,2032.58,563.31899999999996,1775.36,3227.956208213393,0,25.755595041003787,1,30,40,120,66
88,30,35,LinearHeuristicAuction,0.05,0.08,,True,,1000,3600,cats_arbitrary_g30b150,,heuristic,3,False,CATS,150,arbitrary,MultiMinded,1000,MaxIter,202.30999999999767,2265.08,1,1820.47,452.93900000000002,1764.64,3035.5578500195088,0,91.863735863007122,1,30,49,125,65
89,30,28,LinearHeuristicAuction,0.05,0.08,,True,,1000,3600,cats_arbitrary_g30b150,,heuristic,3,False,CATS,150,arbitrary,MultiMinded,1000,MaxIter,227.92999999999302,1895.8706000000002,5,1412.37,685.88149999999996,1698.9346,2467.4980990066319,965.31879772446086,965.31879772446086,1,30,65,120,58
90,30,33,LinearHeuristicAuction,0.05,0.08,,True,,1000,3600,cats_arbitrary_g30b150,,heuristic,3,False,CATS,150,arbitrary,MultiMinded,1000,MaxIter,224.67999999999302,2397.1789,1,2224.82,593.16800000000001,2224.82,3111.7688893192658,0,100.02215308618685,1,30,50,131,63
91,30,32,LinearHeuristicAuction,0.05,0.08,,True,,1000,3600,cats_arbitrary_g30b150,,heuristic,3,False,CATS,150,arbitrary,MultiMinded,1000,MaxIter,217.5799999999872,2290.7259999999997,1,1825.1,529.46000000000004,1825.1,2775.8148773372432,0,27.832505855237173,1,30,50,127,62
92,30,31,LinearHeuristicAuction,0.05,0.08,,True,,1000,3600,cats_arbitrary_g30b150,,heuristic,3,False,CATS,150,arbitrary,MultiMinded,1000,MaxIter,166.4099999999744,1880.9630000000002,1,1586.58,901.44949999999994,1586.58,2340.748386801863,0,6.7893943119484206,1,30,78,113,61
93,30,34,LinearHeuristicAuction,0.05,0.08,,True,,1000,3600,cats_arbitrary_g30b150,,heuristic,3,False,CATS,150,arbitrary,MultiMinded,1000,MaxIter,223.30000000001746,1815.7306,1,1434.89,540.21100000000001,1397.3,2061.6567563027206,0,4.2985813580140757,1,30,29,128,64
94,30,36,LinearHeuristicAuction,0.05,0.08,,True,,1000,3600,cats_arbitrary_g30b150,,heuristic,3,False,CATS,150,arbitrary,MultiMinded,1000,MaxIter,147.9100000000035,2435.1574,1,2127.58,687.69500000000005,2105.03,2990.5817899032249,0,142.51558319464019,1,30,45,121,66
95,30,32,LinearHeuristicAuction,0.05,0.08,,True,,1000,3600,cats_arbitrary_g30b150,,heuristic,3,False,CATS,150,arbitrary,MultiMinded,1000,MaxIter,180.31999999997788,2424.051,6,1933.55,792.75099999999998,1841.704,3377.1308857273148,125.79606520104895,157.29853482881654,1,30,31,122,62
96,30,31,LinearHeuristicAuction,0.05,0.08,,True,,1000,3600,cats_arbitrary_g30b150,,heuristic,3,False,CATS,150,arbitrary,MultiMinded,1000,MaxIter,217.25,1954.1625,6,1781.86,780.25699999999995,1743.831,2813.3400172492543,916.56458456553196,988.44146091698042,1,30,39,121,61
97,30,30,LinearHeuristicAuction,0.05,0.08,,True,,1000,3600,cats_arbitrary_g30b150,,heuristic,3,False,CATS,150,arbitrary,MultiMinded,1000,MaxIter,228.82000000000698,1794.66,6,1264.09,681.495,1663.1029999999998,2037.7569691516962,521.61966623734475,522.81797309861145,1,30,68,120,60
98,30,32,LinearHeuristicAuction,0.05,0.08,,True,,1000,3600,cats_arbitrary_g30b150,,heuristic,3,False,CATS,150,arbitrary,MultiMinded,1000,MaxIter,186.11000000001513,2145.0272,1,2092.47,967.64100000000008,2092.47,2921.0539856810087,0,11.887851907437721,1,30,73,126,62
99,30,29,LinearHeuristicAuction,0.05,0.08,,True,,1000,3600,cats_arbitrary_g30b150,,heuristic,3,False,CATS,150,arbitrary,MultiMinded,1000,MaxIter,225.19000000000233,2260.297,1,2093.42,648.17449999999997,1976.5,3317.2844787584963,0,41.650232843406343,1,30,38,117,59
100,30,37,LinearHeuristicAuction,0.05,0.08,,True,,1000,3600,cats_arbitrary_g30b150,,heuristic,3,False,CATS,150,arbitrary,MultiMinded,1000,MaxIter,137.80000000001746,2260.7916,1,1588.66,496.72000000000003,1571.91,2773.8596731886919,0,23.247616973842952,1,30,67,131,67
