idx,items,agents,auction_class,epsilon,stepc,epoch,scalebyvalue,reserve_type,maxiter,maxtime,generator_param_name,personalized,bidding_strategy,heuristic_pool_num,int_prices,generator,bids,distribution,type,rounds,status,runtime,efficient_value,final_num_winners,final_max_agent_value,final_scalevalue,final_value,final_total_price,final_revenue,final_indirect_util,final_price_degree,final_price_sparsity,final_imbalance,final_wd_nvars,final_wd_ncons
1,30,34,AdaptiveCuttingAuction,0.05,0.02,10,True,,1000,3600,cats_arbitrary_g30b150,True,default,2,False,CATS,150,arbitrary,MultiMinded,66,Balance,20.74000000001979,1985.8648,1,1958.65,585.33899999999994,1958.65,1951.9854404899475,1922.7184904899475,1929.3830500000001,8,52,0,90,64
2,30,35,AdaptiveCuttingAuction,0.05,0.02,10,True,,1000,3600,cats_arbitrary_g30b150,True,default,2,False,CATS,150,arbitrary,MultiMinded,24,Balance,6.690000000002328,2197.79,1,2197.79,440.00599999999997,2197.79,2216.6139081237034,2194.6136081237032,2278.3791938122795,1,30,118,78,65
3,30,33,AdaptiveCuttingAuction,0.05,0.02,10,True,,1000,3600,cats_arbitrary_g30b150,True,default,2,False,CATS,150,arbitrary,MultiMinded,109,Balance,23.80999999999767,2537.724,5,1980.67,603.23800000000006,2537.724,2565.4016358053173,2414.592135805317,2434.7552118676713,10,45,20,82,63
4,30,33,AdaptiveCuttingAuction,0.05,0.02,10,True,,1000,3600,cats_arbitrary_g30b150,True,default,2,False,CATS,150,arbitrary,MultiMinded,66,Balance,17.380000000004657,2018.328,6,1780.26,501.12400000000002,1862.416,1863.9244784890664,1713.5872784890664,1764.4644518509667,6,48,66,91,63
5,30,32,AdaptiveCuttingAuction,0.05,0.02,10,True,,1000,3600,cats_arbitrary_g30b150,True,default,2,False,CATS,150,arbitrary,MultiMinded,93,Balance,28.579999999987194,1876.8708299999998,2,1770.89,624.08600000000001,1774.91305,1831.6011811412484,1769.1925811412482,1796.2512164150273,6,45,106,83,62
6,30,33,AdaptiveCuttingAuction,0.05,0.02,10,True,,1000,3600,cats_arbitrary_g30b150,True,default,2,False,CATS,150,arbitrary,MultiMinded,151,Balance,39.48999999999069,2052.619,2,1672.04,727.22400000000005,2052.619,2066.7742594520996,1994.0518594520993,1999.7466991282281,8,44,35,82,63
7,30,30,AdaptiveCuttingAuction,0.05,0.02,10,True,,1000,3600,cats_arbitrary_g30b150,True,default,2,False,CATS,150,arbitrary,MultiMinded,73,Balance,17.980000000010477,2256.612,4,2088.18,661.12950000000001,2222.027,2222.4897711918052,2090.2638711918048,2107.330784011217,8,45,43,77,60
8,30,35,AdaptiveCuttingAuction,0.05,0.02,10,True,,1000,3600,cats_arbitrary_g30b150,True,default,2,False,CATS,150,arbitrary,MultiMinded,153,Balance,44.91000000000349,1886.9858,3,1721.43,762.18450000000007,1849.9495,1877.569057607026,1763.2413826070263,1792.4067893641752,15,48,88,91,65
9,30,32,AdaptiveCuttingAuction,0.05,0.02,10,True,,1000,3600,cats_arbitrary_g30b150,True,default,2,False,CATS,150,arbitrary,MultiMinded,93,Balance,24.239999999990687,1903.7699,5,1559.25,844.62750000000005,1890.7119,1946.531241410486,1735.3743664104859,1745.0713347898404,13,44,24,77,62
10,30,36,AdaptiveCuttingAuction,0.05,0.02,10,True,,1000,3600,cats_arbitrary_g30b150,True,default,2,False,CATS,150,arbitrary,MultiMinded,29,Balance,8.35000000000582,2500.0740000000005,7,2217.68,621.28700000000003,2450.768,2525.333918651294,2307.8834686512932,2328.914186079402,9,49,34,83,66
11,30,30,AdaptiveCuttingAuction,0.05,0.02,10,True,,1000,3600,cats_arbitrary_g30b150,True,default,2,False,CATS,150,arbitrary,MultiMinded,56,Balance,11.479999999981374,1868.241,6,1447.57,637.68550000000005,1839.2431100000001,1860.2547682251011,1668.9491182251013,1679.7847985202663,1,30,13,71,60
12,30,32,AdaptiveCuttingAuction,0.05,0.02,10,True,,1000,3600,cats_arbitrary_g30b150,True,default,2,False,CATS,150,arbitrary,MultiMinded,99,Balance,28.79000000000815,1629.6809799999999,6,1454.03,563.44500000000005,1604.09248,1630.3849369771021,1480.6544803668799,1506.5058740746638,8,46,66,84,62
13,30,33,AdaptiveCuttingAuction,0.05,0.02,10,True,,1000,3600,cats_arbitrary_g30b150,True,default,2,False,CATS,150,arbitrary,MultiMinded,232,Balance,73.76999999998952,1977.1191,6,1667.86,707.56150000000002,1886.8324,1924.6208218343527,1712.3523718343522,1721.4975356784666,8,50,68,90,63
14,30,33,AdaptiveCuttingAuction,0.05,0.02,10,True,,1000,3600,cats_arbitrary_g30b150,True,default,2,False,CATS,150,arbitrary,MultiMinded,39,Balance,8.040000000008149,2717.117,6,1791.51,726.46749999999997,2717.117,2724.1399637879717,2506.1997137879716,2567.6496990163064,7,48,34,79,63
15,30,30,AdaptiveCuttingAuction,0.05,0.02,10,True,,1000,3600,cats_arbitrary_g30b150,True,default,2,False,CATS,150,arbitrary,MultiMinded,281,Balance,77.32000000000698,2171.381,3,1868.55,921.70799999999997,1948.913,1972.5709667965621,1834.3147667965623,1858.8949579007874,13,45,47,73,60
16,30,34,AdaptiveCuttingAuction,0.05,0.02,10,True,,1000,3600,cats_arbitrary_g30b150,True,default,2,False,CATS,150,arbitrary,MultiMinded,56,Balance,23.279999999998836,2091.4660000000003,6,1581.43,466.154,2053.6000000000004,2043.5121710173776,1903.6659710173778,1948.3012165000434,30,74,36,96,64
17,30,32,AdaptiveCuttingAuction,0.05,0.02,10,True,,1000,3600,cats_arbitrary_g30b150,True,default,2,False,CATS,150,arbitrary,MultiMinded,111,Balance,30.949999999982538,1828.406,5,1506.32,727.10699999999997,1732.1570000000002,1757.8785570334771,1576.1018070334769,1592.7806389972479,8,51,23,92,62
18,30,33,AdaptiveCuttingAuction,0.05,0.02,10,True,,1000,3600,cats_arbitrary_g30b150,True,default,2,False,CATS,150,arbitrary,MultiMinded,162,Balance,46.4199999999837,2345.2870000000003,2,2117.29,776.08299999999997,2241.614,2236.2842644557591,2158.6759644557592,2200.7251741435216,11,45,59,87,63
19,30,34,AdaptiveCuttingAuction,0.05,0.02,10,True,,1000,3600,cats_arbitrary_g30b150,True,default,2,False,CATS,150,arbitrary,MultiMinded,59,Balance,12.579999999987194,2287.142,4,1551.3,564.779,2287.142,2270.928999339038,2157.9731993390378,2208.8307872023979,6,47,54,83,64
20,30,34,AdaptiveCuttingAuction,0.05,0.02,10,True,,1000,3600,cats_arbitrary_g30b150,True,default,2,False,CATS,150,arbitrary,MultiMinded,36,Balance,9.549999999988358,1940.03319,8,1543.36,583.99600000000009,1877.6911000000002,1881.0973877099523,1647.4989877099522,1698.4647695546603,8,46,39,81,64
21,30,32,AdaptiveCuttingAuction,0.05,0.02,10,True,,1000,3600,cats_arbitrary_g30b150,True,default,2,False,CATS,150,arbitrary,MultiMinded,368,Balance,132.4900000000198,1599.0811999999999,3,1355.45,695.58449999999993,1553.8502,1586.5688177878828,1482.2311427878828,1492.8444051354377,11,48,61,88,62
22,30,33,AdaptiveCuttingAuction,0.05,0.02,10,True,,1000,3600,cats_arbitrary_g30b150,True,default,2,False,CATS,150,arbitrary,MultiMinded,165,Balance,62.54999999998836,2282.8423000000003,8,1879.28,739.774,2107.9635000000003,2136.4361111692151,1840.5265111692145,1867.7018058764211,11,44,50,81,63
23,30,33,AdaptiveCuttingAuction,0.05,0.02,10,True,,1000,3600,cats_arbitrary_g30b150,True,default,2,False,CATS,150,arbitrary,MultiMinded,72,Balance,24.760000000009313,2403.9993,3,2044.82,717.20399999999995,2389.5669999999996,2398.5937467290437,2291.0131467290435,2292.4287721295664,7,48,33,87,63
24,30,30,AdaptiveCuttingAuction,0.05,0.02,10,True,,1000,3600,cats_arbitrary_g30b150,True,default,2,False,CATS,150,arbitrary,MultiMinded,95,Balance,26.070000000006985,2126.121,5,1969.43,482.00350000000003,2090.1659999999997,2096.0758665582416,1975.5749915582414,2013.8805081528744,30,67,39,91,60
25,30,29,AdaptiveCuttingAuction,0.05,0.02,10,True,,1000,3600,cats_arbitrary_g30b150,True,default,2,False,CATS,150,arbitrary,MultiMinded,137,Balance,29.19000000000233,1852.1607,5,1764.81,936.35900000000004,1776.488,1817.153673814486,1583.0639238144859,1590.4652074086366,11,47,45,82,59
26,30,39,AdaptiveCuttingAuction,0.05,0.02,10,True,,1000,3600,cats_arbitrary_g30b150,True,default,2,False,CATS,150,arbitrary,MultiMinded,106,Balance,35.55999999999767,2465.4804,7,1489.25,632.89699999999993,2465.4804,2434.5399061365842,2213.0259561365842,2247.0518853056869,8,46,24,90,69
27,30,29,AdaptiveCuttingAuction,0.05,0.02,10,True,,1000,3600,cats_arbitrary_g30b150,True,default,2,False,CATS,150,arbitrary,MultiMinded,799,Balance,187.05000000001746,2275.4269999999997,4,1932.93,759.11900000000003,2136.3729999999996,2163.155839942488,2011.3320399424879,2037.3594889505118,9,40,70,76,59
28,30,31,AdaptiveCuttingAuction,0.05,0.02,10,True,,1000,3600,cats_arbitrary_g30b150,True,default,2,False,CATS,150,arbitrary,MultiMinded,22,Balance,4.260000000009313,2301.5724,7,1458.94,613.274,1818.7264000000002,1853.5757171416333,1638.9298171416333,1689.8266977157268,1,30,37,72,61
29,30,29,AdaptiveCuttingAuction,0.05,0.02,10,True,,1000,3600,cats_arbitrary_g30b150,True,default,2,False,CATS,150,arbitrary,MultiMinded,315,Balance,86.75999999998021,2007.782,2,1669.06,662.85299999999995,1771.5249999999999,1798.3851472316089,1732.0998472316089,1741.0762139654487,23,58,32,83,59
30,30,35,AdaptiveCuttingAuction,0.05,0.02,10,True,,1000,3600,cats_arbitrary_g30b150,True,default,2,False,CATS,150,arbitrary,MultiMinded,275,Balance,87.64999999999418,2161.8298999999997,5,1539.73,524.54999999999995,2049.8672,2069.3050579247742,1938.1675579247744,1952.9486797537031,10,48,35,90,65
31,30,32,AdaptiveCuttingAuction,0.05,0.02,10,True,,1000,3600,cats_arbitrary_g30b150,True,default,2,False,CATS,150,arbitrary,MultiMinded,121,Balance,44.16000000000349,2453.359,5,1724.13,512.56299999999999,2247.985,2210.6063108318172,2082.4655608318171,2140.3195921093766,6,48,43,86,62
32,30,34,AdaptiveCuttingAuction,0.05,0.02,10,True,,1000,3600,cats_arbitrary_g30b150,True,default,2,False,CATS,150,arbitrary,MultiMinded,85,Balance,25.429999999993015,1818.8858,4,1643.98,574.70600000000002,1752.6522300000001,1767.3237567899,1652.3825567899,1673.9146731197018,8,49,23,86,64
33,30,33,AdaptiveCuttingAuction,0.05,0.02,10,True,,1000,3600,cats_arbitrary_g30b150,True,default,2,False,CATS,150,arbitrary,MultiMinded,82,Balance,25.25999999998021,1944.8153000000002,7,1618.49,617.12249999999995,1809.2242999999999,1837.3298348337353,1621.3369598337356,1665.7695054249491,6,49,52,85,63
34,30,31,AdaptiveCuttingAuction,0.05,0.02,10,True,,1000,3600,cats_arbitrary_g30b150,True,default,2,False,CATS,150,arbitrary,MultiMinded,90,Balance,20.410000000003492,2467.5019,6,2102.79,578.16200000000003,2467.5019,2510.4761442036634,2337.0275442036632,2361.7268323253793,7,47,67,81,61
35,30,32,AdaptiveCuttingAuction,0.05,0.02,10,True,,1000,3600,cats_arbitrary_g30b150,True,default,2,False,CATS,150,arbitrary,MultiMinded,138,Balance,38.44000000000233,2108.201,2,1910.3,506.57900000000001,1965.9798,1979.3203768842911,1928.662476884291,1941.3666894661937,8,46,19,74,62
36,30,35,AdaptiveCuttingAuction,0.05,0.02,10,True,,1000,3600,cats_arbitrary_g30b150,True,default,2,False,CATS,150,arbitrary,MultiMinded,33,Balance,11.119999999995343,1942.8097999999998,6,1649.39,704.06799999999998,1906.264,1931.3971959232003,1720.1767959232,1784.2485264402219,9,47,39,83,65
37,30,33,AdaptiveCuttingAuction,0.05,0.02,10,True,,1000,3600,cats_arbitrary_g30b150,True,default,2,False,CATS,150,arbitrary,MultiMinded,102,Balance,26.380000000004657,1975.334,1,1881.03,532.89949999999999,1881.03,1900.9947480292512,1874.3497730292513,1895.1242617471835,8,45,39,79,63
38,30,32,AdaptiveCuttingAuction,0.05,0.02,10,True,,1000,3600,cats_arbitrary_g30b150,True,default,2,False,CATS,150,arbitrary,MultiMinded,693,Balance,212.5799999999872,2501.4829999999997,6,2312.06,839.32600000000002,2406.3703,2480.3598550379502,2228.5620550379499,2255.5981807107387,6,43,83,83,62
39,30,34,AdaptiveCuttingAuction,0.05,0.02,10,True,,1000,3600,cats_arbitrary_g30b150,True,default,2,False,CATS,150,arbitrary,MultiMinded,181,Balance,52.35000000000582,2311.536,3,2186.45,533.95749999999998,2283.615,2327.8015807212005,2247.7079557212005,2260.2167342681423,7,47,62,82,64
40,30,31,AdaptiveCuttingAuction,0.05,0.02,10,True,,1000,3600,cats_arbitrary_g30b150,True,default,2,False,CATS,150,arbitrary,MultiMinded,253,Balance,64.51000000000931,1922.01,5,1548.35,753.33299999999997,1846.534,1876.3592465690567,1688.0259965690568,1697.277049151488,8,47,15,81,61
41,30,32,AdaptiveCuttingAuction,0.05,0.02,10,True,,1000,3600,cats_arbitrary_g30b150,True,default,2,False,CATS,150,arbitrary,MultiMinded,147,Balance,46.670000000012806,1899.3063,5,1626.29,567.45299999999997,1899.3063,1927.363159597038,1785.4999095970377,1809.2777915187269,8,49,58,84,62
42,30,35,AdaptiveCuttingAuction,0.05,0.02,10,True,,1000,3600,cats_arbitrary_g30b150,True,default,2,False,CATS,150,arbitrary,MultiMinded,169,Balance,63.6699999999837,2374.3837000000003,4,1682.91,707.67899999999997,2294.7192,2314.5371452729637,2173.001345272964,2189.4253028122957,10,46,15,87,65
43,30,36,AdaptiveCuttingAuction,0.05,0.02,10,True,,1000,3600,cats_arbitrary_g30b150,True,default,2,False,CATS,150,arbitrary,MultiMinded,48,Balance,14.269999999989523,2385.76,1,2385.76,501.80000000000001,2385.76,2396.9116256908355,2371.8216256908354,2398.6028862888106,10,47,38,85,66
44,30,35,AdaptiveCuttingAuction,0.05,0.02,10,True,,1000,3600,cats_arbitrary_g30b150,True,default,2,False,CATS,150,arbitrary,MultiMinded,257,Balance,159.39999999999418,2079.9506999999994,6,1845.76,468.2165,1951.1539999999998,1981.2688315369755,1840.803881536976,1847.5936372799999,27,67,31,93,65
45,30,30,AdaptiveCuttingAuction,0.05,0.02,10,True,,1000,3600,cats_arbitrary_g30b150,True,default,2,False,CATS,150,arbitrary,MultiMinded,45,Balance,11.829999999987194,1973.4939,6,1684.69,518.44550000000004,1947.7094000000002,1933.3953304674578,1777.8616804674584,1825.5190158557878,9,44,19,70,60
46,30,33,AdaptiveCuttingAuction,0.05,0.02,10,True,,1000,3600,cats_arbitrary_g30b150,True,default,2,False,CATS,150,arbitrary,MultiMinded,172,Balance,43.01000000000931,2174.927,5,1703.31,577.08699999999999,2174.927,2164.0072353864648,2019.7354853864645,2078.8170855716003,7,49,51,85,63
47,30,36,AdaptiveCuttingAuction,0.05,0.02,10,True,,1000,3600,cats_arbitrary_g30b150,True,default,2,False,CATS,150,arbitrary,MultiMinded,149,Balance,48.01999999998952,2134.903,7,1579.3,488.0025,2078.575,2120.6367709166789,1949.8358959166785,1956.356985889988,7,47,30,91,66
48,30,36,AdaptiveCuttingAuction,0.05,0.02,10,True,,1000,3600,cats_arbitrary_g30b150,True,default,2,False,CATS,150,arbitrary,MultiMinded,56,Balance,17.85999999998603,2120.0323,7,1723.29,500.82099999999997,1985.0051999999998,2023.2617985711463,1847.9744485711465,1863.0193213057935,9,47,58,89,66
49,30,32,AdaptiveCuttingAuction,0.05,0.02,10,True,,1000,3600,cats_arbitrary_g30b150,True,default,2,False,CATS,150,arbitrary,MultiMinded,62,Balance,16.060000000026776,1825.5846,8,1448.16,458.54599999999999,1746.5136,1720.6402846684766,1537.2218846684764,1613.6512878410958,8,50,59,79,62
50,30,32,AdaptiveCuttingAuction,0.05,0.02,10,True,,1000,3600,cats_arbitrary_g30b150,True,default,2,False,CATS,150,arbitrary,MultiMinded,200,Balance,52.51000000000931,2387.589,3,2137.71,881.64700000000005,2372.596,2409.6308828508813,2277.3838328508809,2284.2868103988894,13,47,11,81,62
51,30,31,AdaptiveCuttingAuction,0.05,0.02,10,True,,1000,3600,cats_arbitrary_g30b150,True,default,2,False,CATS,150,arbitrary,MultiMinded,125,Balance,28.360000000015134,2404.514,4,2207.65,681.84050000000002,2404.514,2402.7133945334444,2266.3452945334443,2303.1270522166637,7,45,29,76,61
52,30,34,AdaptiveCuttingAuction,0.05,0.02,10,True,,1000,3600,cats_arbitrary_g30b150,True,default,2,False,CATS,150,arbitrary,MultiMinded,174,Balance,61.69000000000233,2070.7699000000002,7,1761.92,837.09500000000003,1835.8568,1938.2884553068357,1645.3052053068357,1660.6166831905564,7,49,53,91,64
53,30,34,AdaptiveCuttingAuction,0.05,0.02,10,True,,1000,3600,cats_arbitrary_g30b150,True,default,2,False,CATS,150,arbitrary,MultiMinded,44,Balance,10.820000000006985,1944.8844,7,1588.82,654.95799999999997,1944.8844,1913.3482659077147,1684.1129659077146,1748.7333474564909,11,40,10,76,64
54,30,30,AdaptiveCuttingAuction,0.05,0.02,10,True,,1000,3600,cats_arbitrary_g30b150,True,default,2,False,CATS,150,arbitrary,MultiMinded,81,Balance,19.619999999995343,2678.4509,3,2281.57,746.976,2678.4509,2639.8463067588418,2527.7999067588416,2573.2421213562629,10,46,10,72,60
55,30,31,AdaptiveCuttingAuction,0.05,0.02,10,True,,1000,3600,cats_arbitrary_g30b150,True,default,2,False,CATS,150,arbitrary,MultiMinded,70,Balance,16.520000000018626,2211.653,4,1943.48,726.06700000000001,1995.555,2041.3355362071475,1896.1221362071476,1905.2898471889769,11,48,29,79,61
56,30,29,AdaptiveCuttingAuction,0.05,0.02,10,True,,1000,3600,cats_arbitrary_g30b150,True,default,2,False,CATS,150,arbitrary,MultiMinded,107,Balance,25.160000000003492,2093.229,2,1877.5,714.9369999999999,1863.0939999999998,1877.1071415063084,1805.6134415063084,1820.7370898142037,8,49,49,74,59
57,30,31,AdaptiveCuttingAuction,0.05,0.02,10,True,,1000,3600,cats_arbitrary_g30b150,True,default,2,False,CATS,150,arbitrary,MultiMinded,112,Balance,24.989999999990687,2015.9576000000002,4,1667.14,591.51199999999994,1835.0610000000001,1845.2535059721508,1726.951105972151,1737.7819637149923,8,48,51,81,61
58,30,33,AdaptiveCuttingAuction,0.05,0.02,10,True,,1000,3600,cats_arbitrary_g30b150,True,default,2,False,CATS,150,arbitrary,MultiMinded,530,Balance,193.09999999997672,2213.6252,2,1937.47,893.10799999999995,2002.7905,2044.5608365836313,1955.2500365836311,1955.2500365836311,26,57,27,86,63
59,30,31,AdaptiveCuttingAuction,0.05,0.02,10,True,,1000,3600,cats_arbitrary_g30b150,True,default,2,False,CATS,150,arbitrary,MultiMinded,51,Balance,14.85000000000582,2195.5229,4,1710.57,782.62599999999998,2195.5229,2213.9458632016822,2057.4206632016821,2089.8838256026024,10,47,36,78,61
60,30,36,AdaptiveCuttingAuction,0.05,0.02,10,True,,1000,3600,cats_arbitrary_g30b150,True,default,2,False,CATS,150,arbitrary,MultiMinded,190,Balance,75.58999999999651,1802.554,7,1574.08,671.95349999999996,1744.1524000000002,1799.9240787153942,1570.3636498606668,1576.6340601288948,6,47,26,99,66
61,30,33,AdaptiveCuttingAuction,0.05,0.02,10,True,,1000,3600,cats_arbitrary_g30b150,True,default,2,False,CATS,150,arbitrary,MultiMinded,81,Balance,18.779999999998836,1724.4375,5,1339.03,584.49199999999996,1724.4375,1752.0893376692368,1618.6535137308192,1623.104305237528,7,46,39,83,63
62,30,36,AdaptiveCuttingAuction,0.05,0.02,10,True,,1000,3600,cats_arbitrary_g30b150,True,default,2,False,CATS,150,arbitrary,MultiMinded,70,Balance,20.080000000016298,2437.0683000000004,6,1933.61,814.90999999999997,2291.9831999999997,2322.2610936659498,2077.7880936659499,2109.1875794343246,13,43,51,86,66
63,30,34,AdaptiveCuttingAuction,0.05,0.02,10,True,,1000,3600,cats_arbitrary_g30b150,True,default,2,False,CATS,150,arbitrary,MultiMinded,418,Balance,114.76000000000931,2003.24,1,2003.24,494.63999999999999,2003.24,2007.4158822581198,1982.6838822581199,1982.9260690734327,5,47,10,82,64
64,30,34,AdaptiveCuttingAuction,0.05,0.02,10,True,,1000,3600,cats_arbitrary_g30b150,True,default,2,False,CATS,150,arbitrary,MultiMinded,99,Balance,24.070000000006985,2039.0195999999999,9,1809.03,585.17600000000004,2039.0195999999999,2036.178886665333,1772.8496866653327,1808.0503995729782,12,49,36,88,64
65,30,36,AdaptiveCuttingAuction,0.05,0.02,10,True,,1000,3600,cats_arbitrary_g30b150,True,default,2,False,CATS,150,arbitrary,MultiMinded,202,Balance,81.79999999998836,1894.2412000000002,6,1377.42,663.9670000000001,1894.2412000000002,1944.3682872623469,1763.7893803459128,1783.3876462851406,19,61,56,94,66
66,30,33,AdaptiveCuttingAuction,0.05,0.02,10,True,,1000,3600,cats_arbitrary_g30b150,True,default,2,False,CATS,150,arbitrary,MultiMinded,76,Balance,22.420000000012806,2454.29,1,2454.29,522.13300000000004,2454.29,2459.7736461846453,2433.6669961846451,2460.9881899154057,7,50,33,81,63
67,30,31,AdaptiveCuttingAuction,0.05,0.02,10,True,,1000,3600,cats_arbitrary_g30b150,True,default,2,False,CATS,150,arbitrary,MultiMinded,301,Balance,88.08999999999651,2341.4958,7,2017.46,785.07600000000002,2333.7981,2365.5576835679462,2090.7810835679461,2101.9065329523378,7,45,21,78,61
68,30,31,AdaptiveCuttingAuction,0.05,0.02,10,True,,1000,3600,cats_arbitrary_g30b150,True,default,2,False,CATS,150,arbitrary,MultiMinded,24,Balance,7.069999999977881,2082.3165,5,1694.51,536.65000000000009,1922.4975000000002,1906.8752340575934,1772.7127340575935,1813.6992097322895,8,47,20,74,61
69,30,32,AdaptiveCuttingAuction,0.05,0.02,10,True,,1000,3600,cats_arbitrary_g30b150,True,default,2,False,CATS,150,arbitrary,MultiMinded,333,Balance,143.7400000000198,2088.0744,5,1731.11,855.64499999999998,1819.2878,1864.8844735692981,1655.6650445128807,1674.5796462491105,30,70,64,88,62
70,30,33,AdaptiveCuttingAuction,0.05,0.02,10,True,,1000,3600,cats_arbitrary_g30b150,True,default,2,False,CATS,150,arbitrary,MultiMinded,48,Balance,11.14999999999418,2258.578,4,1454.94,617.26599999999996,2258.578,2241.3616528393613,2117.9084528393614,2161.5340325333782,8,49,47,73,63
71,30,33,AdaptiveCuttingAuction,0.05,0.02,10,True,,1000,3600,cats_arbitrary_g30b150,True,default,2,False,CATS,150,arbitrary,MultiMinded,69,Balance,19.720000000001164,2247.3372,7,1920.4,499.70499999999998,2247.3372,2250.837203819055,2075.9404538190552,2096.0520911368458,14,46,10,82,63
72,30,39,AdaptiveCuttingAuction,0.05,0.02,10,True,,1000,3600,cats_arbitrary_g30b150,True,default,2,False,CATS,150,arbitrary,MultiMinded,72,Balance,33.44000000000233,2410.0175,8,1662.34,705.94000000000005,2325.1850999999997,2379.4590132807984,2097.0830132807982,2121.2677463857467,5,45,17,95,69
73,30,34,AdaptiveCuttingAuction,0.05,0.02,10,True,,1000,3600,cats_arbitrary_g30b150,True,default,2,False,CATS,150,arbitrary,MultiMinded,59,Balance,15.970000000001164,2015.5892,7,1380.57,479.64299999999997,1897.315,1856.8856368371487,1689.0105868371486,1749.6849128711672,7,49,45,75,64
74,30,36,AdaptiveCuttingAuction,0.05,0.02,10,True,,1000,3600,cats_arbitrary_g30b150,True,default,2,False,CATS,150,arbitrary,MultiMinded,43,Balance,21.720000000001164,2042.097,7,1285.64,413.78699999999998,2042.097,2044.24587905411,1899.4204290541097,1931.2881623307546,6,48,11,97,66
75,30,28,AdaptiveCuttingAuction,0.05,0.02,10,True,,1000,3600,cats_arbitrary_g30b150,True,default,2,False,CATS,150,arbitrary,MultiMinded,269,Balance,51.3300000000163,1952.3077,3,1522.4,797.30549999999994,1805.2935900000002,1835.5000834372061,1715.904258437206,1731.5653134069707,11,36,35,68,58
76,30,35,AdaptiveCuttingAuction,0.05,0.02,10,True,,1000,3600,cats_arbitrary_g30b150,True,default,2,False,CATS,150,arbitrary,MultiMinded,53,Balance,14.980000000010477,2241.3282000000004,10,1991.23,695.48000000000002,2226.4981,2287.563436631785,1939.8234366317852,1979.932439852777,6,47,59,87,65
77,30,29,AdaptiveCuttingAuction,0.05,0.02,10,True,,1000,3600,cats_arbitrary_g30b150,True,default,2,False,CATS,150,arbitrary,MultiMinded,102,Balance,25.270000000018626,2086.98,5,1735.17,697.00749999999994,2086.98,2071.9326083556325,1897.6807333556328,1939.8613656619834,12,46,50,84,59
78,30,34,AdaptiveCuttingAuction,0.05,0.02,10,True,,1000,3600,cats_arbitrary_g30b150,True,default,2,False,CATS,150,arbitrary,MultiMinded,182,Balance,61.14000000001397,2141.5101999999997,7,1833.54,620.51150000000007,2141.5101999999997,2142.5930170277625,1925.4139920277626,1938.351394006176,6,46,62,86,64
79,30,32,AdaptiveCuttingAuction,0.05,0.02,10,True,,1000,3600,cats_arbitrary_g30b150,True,default,2,False,CATS,150,arbitrary,MultiMinded,480,Balance,131.12999999997555,2182.6516,3,1753.74,722.10699999999997,2133.9480000000003,2147.1462884285947,2038.8302384285946,2045.5662397019687,8,47,40,83,62
80,30,31,AdaptiveCuttingAuction,0.05,0.02,10,True,,1000,3600,cats_arbitrary_g30b150,True,default,2,False,CATS,150,arbitrary,MultiMinded,108,Balance,25.510000000009313,2157.0797,7,1772.89,656.88249999999994,2065.5697,2076.4819385777605,1846.5730635777602,1873.001170009534,13,49,41,82,61
81,30,31,AdaptiveCuttingAuction,0.05,0.02,10,True,,1000,3600,cats_arbitrary_g30b150,True,default,2,False,CATS,150,arbitrary,MultiMinded,328,Balance,85.64000000001397,1755.3018000000002,5,1603.71,647.50199999999995,1656.5,1683.9158071442564,1522.0403071442568,1533.9037845879222,8,43,71,84,61
82,30,34,AdaptiveCuttingAuction,0.05,0.02,10,True,,1000,3600,cats_arbitrary_g30b150,True,default,2,False,CATS,150,arbitrary,MultiMinded,85,Balance,25.85000000000582,2385.8982,6,2112.36,790.75199999999995,2290.099,2263.1822951982331,2025.9566951982329,2131.6622384733437,11,45,76,82,64
83,30,32,AdaptiveCuttingAuction,0.05,0.02,10,True,,1000,3600,cats_arbitrary_g30b150,True,default,2,False,CATS,150,arbitrary,MultiMinded,202,Balance,67.1700000000128,2059.99,1,1826.87,768.11400000000003,1826.87,1854.4712593990673,1816.0655593990673,1816.0655593990673,8,48,30,81,62
84,30,33,AdaptiveCuttingAuction,0.05,0.02,10,True,,1000,3600,cats_arbitrary_g30b150,True,default,2,False,CATS,150,arbitrary,MultiMinded,171,Balance,51.26000000000931,1978.9186000000002,3,1758.88,838.20399999999995,1819.757,1884.3058226684113,1758.5752226684112,1781.2655433384805,9,45,68,84,63
85,30,33,AdaptiveCuttingAuction,0.05,0.02,10,True,,1000,3600,cats_arbitrary_g30b150,True,default,2,False,CATS,150,arbitrary,MultiMinded,71,Balance,18.910000000003492,2216.0256,6,2078.55,626.62099999999998,2216.0256,2220.69419662363,2032.7078966236297,2056.2722479197532,7,45,40,86,63
86,30,31,AdaptiveCuttingAuction,0.05,0.02,10,True,,1000,3600,cats_arbitrary_g30b150,True,default,2,False,CATS,150,arbitrary,MultiMinded,115,Balance,27.320000000006985,2283.532,6,1809.12,745.29950000000008,2022.6480000000001,2081.4517362857914,1857.8618862857911,1857.9965103039253,9,48,31,77,61
87,30,36,AdaptiveCuttingAuction,0.05,0.02,10,True,,1000,3600,cats_arbitrary_g30b150,True,default,2,False,CATS,150,arbitrary,MultiMinded,266,Balance,106.79999999998836,2522.6901999999995,9,2032.58,563.31899999999996,2397.5457,2413.6348890501808,2160.1413390501802,2165.3495203832194,8,48,38,90,66
88,30,35,AdaptiveCuttingAuction,0.05,0.02,10,True,,1000,3600,cats_arbitrary_g30b150,True,default,2,False,CATS,150,arbitrary,MultiMinded,1000,MaxIter,399.71000000002095,2265.08,8,1820.47,452.93900000000002,2122.054,2175.2093846040425,1685.282921746375,1690.9117678356017,5,48,24,90,65
89,30,28,AdaptiveCuttingAuction,0.05,0.02,10,True,,1000,3600,cats_arbitrary_g30b150,True,default,2,False,CATS,150,arbitrary,MultiMinded,533,Balance,113.22999999998137,1895.8706000000002,5,1412.37,685.88149999999996,1698.9346,1733.2497403838411,1561.779365383841,1583.4097669225537,12,42,120,81,58
90,30,33,AdaptiveCuttingAuction,0.05,0.02,10,True,,1000,3600,cats_arbitrary_g30b150,True,default,2,False,CATS,150,arbitrary,MultiMinded,48,Balance,14.220000000001164,2397.1789,4,2224.82,593.16800000000001,2323.99,2318.9902234963797,2200.3566234963796,2252.6699841805521,7,48,81,80,63
91,30,32,AdaptiveCuttingAuction,0.05,0.02,10,True,,1000,3600,cats_arbitrary_g30b150,True,default,2,False,CATS,150,arbitrary,MultiMinded,81,Balance,26.199999999982538,2290.7259999999997,3,1825.1,529.46000000000004,1974.147,1981.6378606868727,1902.2188606868729,1906.3810909957549,7,48,21,80,62
92,30,31,AdaptiveCuttingAuction,0.05,0.02,10,True,,1000,3600,cats_arbitrary_g30b150,True,default,2,False,CATS,150,arbitrary,MultiMinded,128,Balance,31.279999999998836,1880.9630000000002,5,1586.58,901.44949999999994,1850.508,1849.2803747383518,1630.8258192272988,1651.4019136379757,9,46,22,81,61
93,30,34,AdaptiveCuttingAuction,0.05,0.02,10,True,,1000,3600,cats_arbitrary_g30b150,True,default,2,False,CATS,150,arbitrary,MultiMinded,57,Balance,16.70000000001164,1815.7306,6,1434.89,540.21100000000001,1673.5411,1690.3272841957207,1528.2639841957209,1538.4825831053947,8,44,1,81,64
94,30,36,AdaptiveCuttingAuction,0.05,0.02,10,True,,1000,3600,cats_arbitrary_g30b150,True,default,2,False,CATS,150,arbitrary,MultiMinded,127,Balance,42.01000000000931,2435.1574,4,2127.58,687.69500000000005,2393.3277000000003,2431.7743439838805,2294.2353439838798,2298.1274091090504,8,48,30,90,66
95,30,32,AdaptiveCuttingAuction,0.05,0.02,10,True,,1000,3600,cats_arbitrary_g30b150,True,default,2,False,CATS,150,arbitrary,MultiMinded,36,Balance,8.070000000006985,2424.051,5,1933.55,792.75099999999998,2280.365,2322.9790914287269,2124.7913414287273,2135.1044738990227,11,49,26,79,62
96,30,31,AdaptiveCuttingAuction,0.05,0.02,10,True,,1000,3600,cats_arbitrary_g30b150,True,default,2,False,CATS,150,arbitrary,MultiMinded,74,Balance,19.30999999999767,1954.1625,6,1781.86,780.25699999999995,1954.1625,2019.8761118452953,1785.7990118452951,1813.9203862059185,8,48,32,79,61
97,30,30,AdaptiveCuttingAuction,0.05,0.02,10,True,,1000,3600,cats_arbitrary_g30b150,True,default,2,False,CATS,150,arbitrary,MultiMinded,69,Balance,15.119999999995343,1794.66,5,1264.09,681.495,1752.2317,1793.8041339500082,1623.4303839500083,1632.6350266249733,10,40,26,76,60
98,30,32,AdaptiveCuttingAuction,0.05,0.02,10,True,,1000,3600,cats_arbitrary_g30b150,True,default,2,False,CATS,150,arbitrary,MultiMinded,167,Balance,42.570000000006985,2145.0272,6,2092.47,967.64100000000008,2117.1731999999997,2151.1543812790137,1860.8620812790139,1879.6933321199001,7,44,34,77,62
99,30,29,AdaptiveCuttingAuction,0.05,0.02,10,True,,1000,3600,cats_arbitrary_g30b150,True,default,2,False,CATS,150,arbitrary,MultiMinded,257,Balance,51.52000000001863,2260.297,4,2093.42,648.17449999999997,2069.013,2106.6718383148254,1977.0369383148254,1997.0327226079448,7,46,65,76,59
100,30,37,AdaptiveCuttingAuction,0.05,0.02,10,True,,1000,3600,cats_arbitrary_g30b150,True,default,2,False,CATS,150,arbitrary,MultiMinded,102,Balance,41.13000000000466,2260.7916,9,1588.66,496.72000000000003,2242.1352,2210.9963338649377,1987.4723338649371,2050.2646730702681,9,51,26,90,67
