idx,items,agents,auction_class,epsilon,stepc,epoch,scalebyvalue,reserve_type,maxiter,maxtime,generator_param_name,personalized,bidding_strategy,heuristic_pool_num,int_prices,generator,bids,distribution,type,rounds,status,runtime,efficient_value,final_num_winners,final_max_agent_value,final_scalevalue,final_value,final_total_price,final_revenue,final_indirect_util,final_price_degree,final_price_sparsity,final_imbalance,final_wd_nvars,final_wd_ncons
1,30,34,LinearHeuristicAuction,0.05,0.04,,True,,1000,3600,cats_arbitrary_g30b150,,heuristic,3,False,CATS,150,arbitrary,MultiMinded,1000,MaxIter,152.70000000001164,1985.8648,1,1958.65,585.33899999999994,1958.65,2693.8205517785905,0,23.9772753842974,1,30,64,131,64
2,30,35,LinearHeuristicAuction,0.05,0.04,,True,,1000,3600,cats_arbitrary_g30b150,,heuristic,3,False,CATS,150,arbitrary,MultiMinded,1000,MaxIter,186.04000000000815,2197.79,1,2197.79,440.00599999999997,2197.79,2510.6140930598094,0,15.299471930000692,1,30,50,115,65
3,30,33,LinearHeuristicAuction,0.05,0.04,,True,,1000,3600,cats_arbitrary_g30b150,,heuristic,3,False,CATS,150,arbitrary,MultiMinded,1000,MaxIter,123.75,2537.724,1,1980.67,603.23800000000006,1980.67,3576.4091167204015,0,34.159621481059446,1,30,54,110,63
4,30,33,LinearHeuristicAuction,0.05,0.04,,True,,1000,3600,cats_arbitrary_g30b150,,heuristic,3,False,CATS,150,arbitrary,MultiMinded,1000,MaxIter,190.13000000000466,2018.328,1,1780.26,501.12400000000002,1749.98,2691.1432896377373,0,23.887506041557288,1,30,51,119,63
5,30,32,LinearHeuristicAuction,0.05,0.04,,True,,1000,3600,cats_arbitrary_g30b150,,heuristic,3,False,CATS,150,arbitrary,MultiMinded,1000,MaxIter,142.06999999997788,1876.8708299999998,1,1770.89,624.08600000000001,1478.79,2432.113144916837,0,4.5711180461874505,1,30,43,130,62
6,30,33,LinearHeuristicAuction,0.05,0.04,,True,,1000,3600,cats_arbitrary_g30b150,,heuristic,3,False,CATS,150,arbitrary,MultiMinded,1000,MaxIter,141.20000000001164,2052.619,1,1672.04,727.22400000000005,1511.41,2978.8013290909589,0,1.6416343752701437,1,30,30,122,63
7,30,30,LinearHeuristicAuction,0.05,0.04,,True,,1000,3600,cats_arbitrary_g30b150,,heuristic,3,False,CATS,150,arbitrary,MultiMinded,1000,MaxIter,164.5900000000256,2256.612,1,2088.18,661.12950000000001,2088.18,2829.4040212681793,0,0.56863640800469284,1,30,114,138,60
8,30,35,LinearHeuristicAuction,0.05,0.04,,True,,1000,3600,cats_arbitrary_g30b150,,heuristic,3,False,CATS,150,arbitrary,MultiMinded,1000,MaxIter,166.9899999999907,1886.9858,6,1721.43,762.18450000000007,1562.7846999999997,2228.7893585691172,189.7431410083995,196.65559763238807,1,30,31,128,65
9,30,32,LinearHeuristicAuction,0.05,0.04,,True,,1000,3600,cats_arbitrary_g30b150,,heuristic,3,False,CATS,150,arbitrary,MultiMinded,1000,MaxIter,227.7400000000198,1903.7699,6,1559.25,844.62750000000005,1838.4511,2101.5087581625721,686.51254645744609,689.92794705297445,1,30,21,119,62
10,30,36,LinearHeuristicAuction,0.05,0.04,,True,,1000,3600,cats_arbitrary_g30b150,,heuristic,3,False,CATS,150,arbitrary,MultiMinded,1000,MaxIter,197.11000000001513,2500.0740000000005,1,2217.68,621.28700000000003,2217.68,3268.5273200666006,0,24.430323669332253,1,30,60,122,66
11,30,30,LinearHeuristicAuction,0.05,0.04,,True,,1000,3600,cats_arbitrary_g30b150,,heuristic,3,False,CATS,150,arbitrary,MultiMinded,1000,MaxIter,221.4200000000128,1868.241,6,1447.57,637.68550000000005,1852.7541099999999,2016.3963920738252,712.89669198507215,781.45737363763874,1,30,23,105,60
12,30,32,LinearHeuristicAuction,0.05,0.04,,True,,1000,3600,cats_arbitrary_g30b150,,heuristic,3,False,CATS,150,arbitrary,MultiMinded,1000,MaxIter,123.5799999999872,1629.6809799999999,1,1454.03,563.44500000000005,1454.03,2151.3082366147569,0,1.1163808756359117,1,30,100,119,62
13,30,33,LinearHeuristicAuction,0.05,0.04,,True,,1000,3600,cats_arbitrary_g30b150,,heuristic,3,False,CATS,150,arbitrary,MultiMinded,1000,MaxIter,133.64000000001397,1977.1191,1,1667.86,707.56150000000002,1667.86,2380.5812049414253,0,4.1323746830464074,1,30,31,118,63
14,30,33,LinearHeuristicAuction,0.05,0.04,,True,,1000,3600,cats_arbitrary_g30b150,,heuristic,3,False,CATS,150,arbitrary,MultiMinded,1000,MaxIter,155.19000000000233,2717.117,1,1791.51,726.46749999999997,1791.51,3560.9746960771122,0,5.2139263500580455,1,30,65,115,63
15,30,30,LinearHeuristicAuction,0.05,0.04,,True,,1000,3600,cats_arbitrary_g30b150,,heuristic,3,False,CATS,150,arbitrary,MultiMinded,1000,MaxIter,136.82000000000698,2171.381,1,1868.55,921.70799999999997,1817.98,2583.6098387814623,0,37.562291395957786,1,30,34,107,60
16,30,34,LinearHeuristicAuction,0.05,0.04,,True,,1000,3600,cats_arbitrary_g30b150,,heuristic,3,False,CATS,150,arbitrary,MultiMinded,1000,MaxIter,197.6600000000035,2091.4660000000003,1,1581.43,466.154,1581.43,2626.1626839234955,0,28.176790537605385,1,30,58,132,64
17,30,32,LinearHeuristicAuction,0.05,0.04,,True,,1000,3600,cats_arbitrary_g30b150,,heuristic,3,False,CATS,150,arbitrary,MultiMinded,1000,MaxIter,208.52000000001863,1828.406,6,1506.32,727.10699999999997,1674.59,2154.3142916495904,171.73208452674891,174.94144880969478,1,30,66,131,62
18,30,33,LinearHeuristicAuction,0.05,0.04,,True,,1000,3600,cats_arbitrary_g30b150,,heuristic,3,False,CATS,150,arbitrary,MultiMinded,1000,MaxIter,168.05000000001746,2345.2870000000003,1,2117.29,776.08299999999997,1995.23,2901.7444204045673,0,24.224008387732709,1,30,63,127,63
19,30,34,LinearHeuristicAuction,0.05,0.04,,True,,1000,3600,cats_arbitrary_g30b150,,heuristic,3,False,CATS,150,arbitrary,MultiMinded,1000,MaxIter,187.42999999999302,2287.142,1,1551.3,564.779,997.279,2954.0219893081694,0,225.75068310964741,1,30,68,124,64
20,30,34,LinearHeuristicAuction,0.05,0.04,,True,,1000,3600,cats_arbitrary_g30b150,,heuristic,3,False,CATS,150,arbitrary,MultiMinded,170,Balance,31.89000000001397,1940.03319,8,1543.36,583.99600000000009,1940.03319,2045.7589494742724,1817.721994734082,1827.7395734542201,1,30,37,116,64
21,30,32,LinearHeuristicAuction,0.05,0.04,,True,,1000,3600,cats_arbitrary_g30b150,,heuristic,3,False,CATS,150,arbitrary,MultiMinded,1000,MaxIter,136.61999999999534,1599.0811999999999,1,1355.45,695.58449999999993,1031.01,2075.5255955159846,0,0.94358284129840797,1,30,68,112,62
22,30,33,LinearHeuristicAuction,0.05,0.04,,True,,1000,3600,cats_arbitrary_g30b150,,heuristic,3,False,CATS,150,arbitrary,MultiMinded,1000,MaxIter,130.07000000000698,2282.8423000000003,1,1879.28,739.774,1758.09,2762.440545492937,0,23.447714681508273,1,30,60,114,63
23,30,33,LinearHeuristicAuction,0.05,0.04,,True,,1000,3600,cats_arbitrary_g30b150,,heuristic,3,False,CATS,150,arbitrary,MultiMinded,1000,MaxIter,205.9199999999837,2403.9993,1,2044.82,717.20399999999995,1593.72,3112.1545080280716,0,21.819449958054115,1,30,50,125,63
24,30,30,LinearHeuristicAuction,0.05,0.04,,True,,1000,3600,cats_arbitrary_g30b150,,heuristic,3,False,CATS,150,arbitrary,MultiMinded,1000,MaxIter,107.90999999997439,2126.121,1,1969.43,482.00350000000003,1969.43,2754.139187847526,0,11.204711856117768,1,30,60,112,60
25,30,29,LinearHeuristicAuction,0.05,0.04,,True,,1000,3600,cats_arbitrary_g30b150,,heuristic,3,False,CATS,150,arbitrary,MultiMinded,1000,MaxIter,216.38000000000466,1852.1607,1,1764.81,936.35900000000004,1735.01,2245.9986258835802,0,4.7175949626795131,1,30,28,125,59
26,30,39,LinearHeuristicAuction,0.05,0.04,,True,,1000,3600,cats_arbitrary_g30b150,,heuristic,3,False,CATS,150,arbitrary,MultiMinded,1000,MaxIter,159.04999999998836,2465.4804,1,1489.25,632.89699999999993,1489.25,2872.1426038601458,0,7.5072462631566168,1,30,52,121,69
27,30,29,LinearHeuristicAuction,0.05,0.04,,True,,1000,3600,cats_arbitrary_g30b150,,heuristic,3,False,CATS,150,arbitrary,MultiMinded,1000,MaxIter,220.5799999999872,2275.4269999999997,4,1932.93,759.11900000000003,2186.5570000000002,2853.6398272356532,1094.2712713823221,1170.6990122491841,1,30,32,105,59
28,30,31,LinearHeuristicAuction,0.05,0.04,,True,,1000,3600,cats_arbitrary_g30b150,,heuristic,3,False,CATS,150,arbitrary,MultiMinded,1000,MaxIter,235.0,2301.5724,4,1458.94,613.274,1947.7269999999999,2216.5236787305948,1317.9963512269201,1326.7587519519498,1,30,45,121,61
29,30,29,LinearHeuristicAuction,0.05,0.04,,True,,1000,3600,cats_arbitrary_g30b150,,heuristic,3,False,CATS,150,arbitrary,MultiMinded,1000,MaxIter,221.72000000000116,2007.782,5,1669.06,662.85299999999995,1903.3200000000002,2241.0473451539201,579.32600465616338,612.70703111732666,1,30,36,103,59
30,30,35,LinearHeuristicAuction,0.05,0.04,,True,,1000,3600,cats_arbitrary_g30b150,,heuristic,3,False,CATS,150,arbitrary,MultiMinded,1000,MaxIter,182.22000000000116,2161.8298999999997,1,1539.73,524.54999999999995,1390.8,2863.8481165621579,0,77.925388614617816,1,30,90,120,65
31,30,32,LinearHeuristicAuction,0.05,0.04,,True,,1000,3600,cats_arbitrary_g30b150,,heuristic,3,False,CATS,150,arbitrary,MultiMinded,1000,MaxIter,211.79999999998836,2453.359,7,1724.13,512.56299999999999,2356.5290000000005,2687.3300714172083,741.67001135966268,759.79023580999524,1,30,42,112,62
32,30,34,LinearHeuristicAuction,0.05,0.04,,True,,1000,3600,cats_arbitrary_g30b150,,heuristic,3,False,CATS,150,arbitrary,MultiMinded,1000,MaxIter,141.8399999999965,1818.8858,7,1643.98,574.70600000000002,1753.9002999999998,2646.9807821461245,351.73224174108191,506.55910120626584,1,30,69,127,64
33,30,33,LinearHeuristicAuction,0.05,0.04,,True,,1000,3600,cats_arbitrary_g30b150,,heuristic,3,False,CATS,150,arbitrary,MultiMinded,1000,MaxIter,165.8300000000163,1944.8153000000002,1,1618.49,617.12249999999995,1618.49,2335.2641857902522,0,17.392924502483567,1,30,48,130,63
34,30,31,LinearHeuristicAuction,0.05,0.04,,True,,1000,3600,cats_arbitrary_g30b150,,heuristic,3,False,CATS,150,arbitrary,MultiMinded,1000,MaxIter,158.72999999998137,2467.5019,1,2102.79,578.16200000000003,1737.43,2953.5870987955573,0,11.492369796887971,1,30,33,118,61
35,30,32,LinearHeuristicAuction,0.05,0.04,,True,,1000,3600,cats_arbitrary_g30b150,,heuristic,3,False,CATS,150,arbitrary,MultiMinded,1000,MaxIter,207.8299999999872,2108.201,5,1910.3,506.57900000000001,1781.8817000000001,2551.7510319349876,107.53210343267979,167.38831892666951,1,30,43,115,62
36,30,35,LinearHeuristicAuction,0.05,0.04,,True,,1000,3600,cats_arbitrary_g30b150,,heuristic,3,False,CATS,150,arbitrary,MultiMinded,1000,MaxIter,214.4900000000198,1942.8097999999998,8,1649.39,704.06799999999998,1660.7638,2470.6508738109301,277.43934319286194,287.17317836683952,1,30,34,135,65
37,30,33,LinearHeuristicAuction,0.05,0.04,,True,,1000,3600,cats_arbitrary_g30b150,,heuristic,3,False,CATS,150,arbitrary,MultiMinded,1000,MaxIter,220.7600000000093,1975.334,7,1881.03,532.89949999999999,1717.5731,2469.9377346151227,630.41727100604714,657.25929346318173,1,30,51,124,63
38,30,32,LinearHeuristicAuction,0.05,0.04,,True,,1000,3600,cats_arbitrary_g30b150,,heuristic,3,False,CATS,150,arbitrary,MultiMinded,1000,MaxIter,222.1600000000035,2501.4829999999997,5,2312.06,839.32600000000002,2111.4460000000004,2853.4210796197822,349.31313164082036,374.07403301918487,1,30,61,116,62
39,30,34,LinearHeuristicAuction,0.05,0.04,,True,,1000,3600,cats_arbitrary_g30b150,,heuristic,3,False,CATS,150,arbitrary,MultiMinded,1000,MaxIter,162.5,2311.536,1,2186.45,533.95749999999998,1960.78,2800.6824778624746,0,21.520501908118149,1,30,40,107,64
40,30,31,LinearHeuristicAuction,0.05,0.04,,True,,1000,3600,cats_arbitrary_g30b150,,heuristic,3,False,CATS,150,arbitrary,MultiMinded,1000,MaxIter,178.77999999999884,1922.01,5,1548.35,753.33299999999997,1922.01,2763.1482472901121,562.65273053052795,581.35035018904,1,30,40,114,61
41,30,32,LinearHeuristicAuction,0.05,0.04,,True,,1000,3600,cats_arbitrary_g30b150,,heuristic,3,False,CATS,150,arbitrary,MultiMinded,1000,MaxIter,149.12000000002445,1899.3063,1,1626.29,567.45299999999997,1465.7,2397.4705315817873,0,8.8432435723459477,1,30,30,122,62
42,30,35,LinearHeuristicAuction,0.05,0.04,,True,,1000,3600,cats_arbitrary_g30b150,,heuristic,3,False,CATS,150,arbitrary,MultiMinded,1000,MaxIter,141.0,2374.3837000000003,2,1682.91,707.67899999999997,1736.7305000000001,3190.7978105535299,0,31.90658088615136,1,30,67,132,65
43,30,36,LinearHeuristicAuction,0.05,0.04,,True,,1000,3600,cats_arbitrary_g30b150,,heuristic,3,False,CATS,150,arbitrary,MultiMinded,1000,MaxIter,158.95999999999185,2385.76,1,2385.76,501.80000000000001,2385.76,2673.585112669442,0,8.3338772965319592,1,30,38,118,66
44,30,35,LinearHeuristicAuction,0.05,0.04,,True,,1000,3600,cats_arbitrary_g30b150,,heuristic,3,False,CATS,150,arbitrary,MultiMinded,1000,MaxIter,202.01999999998952,2079.9506999999994,8,1845.76,468.2165,1774.4582,2601.7194950406865,391.20587421060236,491.22014332991614,1,30,49,116,65
45,30,30,LinearHeuristicAuction,0.05,0.04,,True,,1000,3600,cats_arbitrary_g30b150,,heuristic,3,False,CATS,150,arbitrary,MultiMinded,1000,MaxIter,218.77999999999884,1973.4939,1,1684.69,518.44550000000004,1572.74,2212.8875282930817,0,78.119356254996902,1,30,41,108,60
46,30,33,LinearHeuristicAuction,0.05,0.04,,True,,1000,3600,cats_arbitrary_g30b150,,heuristic,3,False,CATS,150,arbitrary,MultiMinded,1000,MaxIter,202.70999999999185,2174.927,1,1703.31,577.08699999999999,1703.31,2717.0776970616034,0,6.7722167583779367,1,30,48,122,63
47,30,36,LinearHeuristicAuction,0.05,0.04,,True,,1000,3600,cats_arbitrary_g30b150,,heuristic,3,False,CATS,150,arbitrary,MultiMinded,1000,MaxIter,192.64999999999418,2134.903,1,1579.3,488.0025,1177.33,2806.4383953909005,0,3.5313536390031999,1,30,60,116,66
48,30,36,LinearHeuristicAuction,0.05,0.04,,True,,1000,3600,cats_arbitrary_g30b150,,heuristic,3,False,CATS,150,arbitrary,MultiMinded,1000,MaxIter,191.3300000000163,2120.0323,8,1723.29,500.82099999999997,1722.686,2873.1868157276326,208.59371222361011,264.16059444414987,1,30,45,123,66
49,30,32,LinearHeuristicAuction,0.05,0.04,,True,,1000,3600,cats_arbitrary_g30b150,,heuristic,3,False,CATS,150,arbitrary,MultiMinded,1000,MaxIter,192.32000000000698,1825.5846,1,1448.16,458.54599999999999,1356.32,2456.7157769552809,0,14.836111885306934,1,30,52,122,62
50,30,32,LinearHeuristicAuction,0.05,0.04,,True,,1000,3600,cats_arbitrary_g30b150,,heuristic,3,False,CATS,150,arbitrary,MultiMinded,1000,MaxIter,150.68000000002212,2387.589,1,2137.71,881.64700000000005,1995.56,2651.4066889754217,0,1.107559132280727,1,30,78,115,62
51,30,31,LinearHeuristicAuction,0.05,0.04,,True,,1000,3600,cats_arbitrary_g30b150,,heuristic,3,False,CATS,150,arbitrary,MultiMinded,1000,MaxIter,117.42999999999302,2404.514,1,2207.65,681.84050000000002,2207.65,3200.705516229561,0,129.9809552106035,1,30,53,100,61
52,30,34,LinearHeuristicAuction,0.05,0.04,,True,,1000,3600,cats_arbitrary_g30b150,,heuristic,3,False,CATS,150,arbitrary,MultiMinded,1000,MaxIter,214.23000000001048,2070.7699000000002,6,1761.92,837.09500000000003,1899.4469,2421.0991849693064,559.38891417520449,579.53153063406,1,30,24,130,64
53,30,34,LinearHeuristicAuction,0.05,0.04,,True,,1000,3600,cats_arbitrary_g30b150,,heuristic,3,False,CATS,150,arbitrary,MultiMinded,1000,MaxIter,219.36000000001513,1944.8844,3,1588.82,654.95799999999997,1711.4053,2247.2811550547058,60.173760093509841,64.544388889209202,1,30,56,118,64
54,30,30,LinearHeuristicAuction,0.05,0.04,,True,,1000,3600,cats_arbitrary_g30b150,,heuristic,3,False,CATS,150,arbitrary,MultiMinded,1000,MaxIter,125.8300000000163,2678.4509,1,2281.57,746.976,1581.27,3278.9938702936788,0,204.45822583045623,1,30,90,118,60
55,30,31,LinearHeuristicAuction,0.05,0.04,,True,,1000,3600,cats_arbitrary_g30b150,,heuristic,3,False,CATS,150,arbitrary,MultiMinded,1000,MaxIter,198.11999999999534,2211.653,7,1943.48,726.06700000000001,1442.8252,2589.6747978133199,460.76359288355286,478.46054500224176,1,30,54,117,61
56,30,29,LinearHeuristicAuction,0.05,0.04,,True,,1000,3600,cats_arbitrary_g30b150,,heuristic,3,False,CATS,150,arbitrary,MultiMinded,1000,MaxIter,143.1600000000035,2093.229,1,1877.5,714.9369999999999,1679.61,2387.9131136880842,0,25.736686271725667,1,30,53,122,59
57,30,31,LinearHeuristicAuction,0.05,0.04,,True,,1000,3600,cats_arbitrary_g30b150,,heuristic,3,False,CATS,150,arbitrary,MultiMinded,1000,MaxIter,144.32000000000698,2015.9576000000002,1,1667.14,591.51199999999994,1667.14,2758.9616152120611,0,4.4422368832802022,1,30,119,130,61
58,30,33,LinearHeuristicAuction,0.05,0.04,,True,,1000,3600,cats_arbitrary_g30b150,,heuristic,3,False,CATS,150,arbitrary,MultiMinded,1000,MaxIter,147.64000000001397,2213.6252,1,1937.47,893.10799999999995,1177.19,3034.4733987833179,0,0.0,1,30,137,120,63
59,30,31,LinearHeuristicAuction,0.05,0.04,,True,,1000,3600,cats_arbitrary_g30b150,,heuristic,3,False,CATS,150,arbitrary,MultiMinded,1000,MaxIter,141.5800000000163,2195.5229,1,1710.57,782.62599999999998,1710.57,3152.7653783445112,0,5.0090900760294517,1,30,66,112,61
60,30,36,LinearHeuristicAuction,0.05,0.04,,True,,1000,3600,cats_arbitrary_g30b150,,heuristic,3,False,CATS,150,arbitrary,MultiMinded,1000,MaxIter,213.8400000000256,1802.554,9,1574.08,671.95349999999996,1713.0968,2219.3460880395419,880.08147125222786,882.15289973428912,1,30,58,133,66
61,30,33,LinearHeuristicAuction,0.05,0.04,,True,,1000,3600,cats_arbitrary_g30b150,,heuristic,3,False,CATS,150,arbitrary,MultiMinded,1000,MaxIter,138.32000000000698,1724.4375,1,1339.03,584.49199999999996,1339.03,2377.2259530063884,0,18.791562860230272,1,30,84,124,63
62,30,36,LinearHeuristicAuction,0.05,0.04,,True,,1000,3600,cats_arbitrary_g30b150,,heuristic,3,False,CATS,150,arbitrary,MultiMinded,1000,MaxIter,140.2400000000198,2437.0683000000004,1,1933.61,814.90999999999997,1933.61,2956.2468214703031,0,14.426105091388244,1,30,50,115,66
63,30,34,LinearHeuristicAuction,0.05,0.04,,True,,1000,3600,cats_arbitrary_g30b150,,heuristic,3,False,CATS,150,arbitrary,MultiMinded,1000,MaxIter,196.69000000000233,2003.24,1,2003.24,494.63999999999999,1854.74,2741.0437166238407,0,86.853662476103324,1,30,67,124,64
64,30,34,LinearHeuristicAuction,0.05,0.04,,True,,1000,3600,cats_arbitrary_g30b150,,heuristic,3,False,CATS,150,arbitrary,MultiMinded,1000,MaxIter,200.3299999999872,2039.0195999999999,1,1809.03,585.17600000000004,1306.29,2740.6716109492177,0,19.795994984707534,1,30,56,133,64
65,30,36,LinearHeuristicAuction,0.05,0.04,,True,,1000,3600,cats_arbitrary_g30b150,,heuristic,3,False,CATS,150,arbitrary,MultiMinded,1000,MaxIter,160.48000000001048,1894.2412000000002,1,1377.42,663.9670000000001,1377.42,2264.8708905799581,0,4.3364234746567831,1,30,73,134,66
66,30,33,LinearHeuristicAuction,0.05,0.04,,True,,1000,3600,cats_arbitrary_g30b150,,heuristic,3,False,CATS,150,arbitrary,MultiMinded,1000,MaxIter,196.89999999999418,2454.29,1,2454.29,522.13300000000004,1368.0,2786.9098853388437,0,168.58856085694978,1,30,50,122,63
67,30,31,LinearHeuristicAuction,0.05,0.04,,True,,1000,3600,cats_arbitrary_g30b150,,heuristic,3,False,CATS,150,arbitrary,MultiMinded,1000,MaxIter,199.45000000001164,2341.4958,7,2017.46,785.07600000000002,2306.7347999999997,3227.9833656993815,37.743111698093905,66.131073513308195,1,30,33,112,61
68,30,31,LinearHeuristicAuction,0.05,0.04,,True,,1000,3600,cats_arbitrary_g30b150,,heuristic,3,False,CATS,150,arbitrary,MultiMinded,1000,MaxIter,201.63999999998487,2082.3165,1,1694.51,536.65000000000009,1644.51,2555.5352611036142,0,22.007917751656095,1,30,50,125,61
69,30,32,LinearHeuristicAuction,0.05,0.04,,True,,1000,3600,cats_arbitrary_g30b150,,heuristic,3,False,CATS,150,arbitrary,MultiMinded,1000,MaxIter,165.9100000000035,2088.0744,1,1731.11,855.64499999999998,1731.11,2661.8513263032014,0,1.1644656842690324,1,30,78,130,62
70,30,33,LinearHeuristicAuction,0.05,0.04,,True,,1000,3600,cats_arbitrary_g30b150,,heuristic,3,False,CATS,150,arbitrary,MultiMinded,1000,MaxIter,149.80999999999767,2258.578,1,1454.94,617.26599999999996,1443.65,3044.0606023299911,0,0.51706347068329706,1,30,75,121,63
71,30,33,LinearHeuristicAuction,0.05,0.04,,True,,1000,3600,cats_arbitrary_g30b150,,heuristic,3,False,CATS,150,arbitrary,MultiMinded,1000,MaxIter,153.55999999999767,2247.3372,1,1920.4,499.70499999999998,1920.4,2851.5301545592938,0,1.5856805911370202,1,30,77,127,63
72,30,39,LinearHeuristicAuction,0.05,0.04,,True,,1000,3600,cats_arbitrary_g30b150,,heuristic,3,False,CATS,150,arbitrary,MultiMinded,1000,MaxIter,204.46000000002095,2410.0175,9,1662.34,705.94000000000005,1981.4978,2770.805538805148,239.85457202180905,322.32737153086231,1,30,70,132,69
73,30,34,LinearHeuristicAuction,0.05,0.04,,True,,1000,3600,cats_arbitrary_g30b150,,heuristic,3,False,CATS,150,arbitrary,MultiMinded,1000,MaxIter,192.6600000000035,2015.5892,1,1380.57,479.64299999999997,1380.57,2730.8455579184347,0,45.713660501585991,1,30,53,138,64
74,30,36,LinearHeuristicAuction,0.05,0.04,,True,,1000,3600,cats_arbitrary_g30b150,,heuristic,3,False,CATS,150,arbitrary,MultiMinded,1000,MaxIter,135.13000000000466,2042.097,1,1285.64,413.78699999999998,1236.2,2750.6913401085171,0,20.245512643455747,1,30,60,134,66
75,30,28,LinearHeuristicAuction,0.05,0.04,,True,,1000,3600,cats_arbitrary_g30b150,,heuristic,3,False,CATS,150,arbitrary,MultiMinded,1000,MaxIter,170.8300000000163,1952.3077,4,1522.4,797.30549999999994,1759.1417000000001,2050.8471884646851,28.791171659060879,28.791171659060879,1,30,21,93,58
76,30,35,LinearHeuristicAuction,0.05,0.04,,True,,1000,3600,cats_arbitrary_g30b150,,heuristic,3,False,CATS,150,arbitrary,MultiMinded,1000,MaxIter,205.27000000001863,2241.3282000000004,1,1991.23,695.48000000000002,1991.23,2796.6562833481476,0,67.615577014086455,1,30,61,129,65
77,30,29,LinearHeuristicAuction,0.05,0.04,,True,,1000,3600,cats_arbitrary_g30b150,,heuristic,3,False,CATS,150,arbitrary,MultiMinded,1000,MaxIter,130.73000000001048,2086.98,1,1735.17,697.00749999999994,1735.17,2561.0133949600399,0,0.98575680883379846,1,30,82,125,59
78,30,34,LinearHeuristicAuction,0.05,0.04,,True,,1000,3600,cats_arbitrary_g30b150,,heuristic,3,False,CATS,150,arbitrary,MultiMinded,1000,MaxIter,208.61999999999534,2141.5101999999997,8,1833.54,620.51150000000007,1908.3137,2562.7338560282337,918.94972944376423,931.82419247710709,1,30,37,111,64
79,30,32,LinearHeuristicAuction,0.05,0.04,,True,,1000,3600,cats_arbitrary_g30b150,,heuristic,3,False,CATS,150,arbitrary,MultiMinded,1000,MaxIter,134.77000000001863,2182.6516,1,1753.74,722.10699999999997,1425.19,2936.0598760762027,0,21.32878426569097,1,30,48,117,62
80,30,31,LinearHeuristicAuction,0.05,0.04,,True,,1000,3600,cats_arbitrary_g30b150,,heuristic,3,False,CATS,150,arbitrary,MultiMinded,1000,MaxIter,159.4899999999907,2157.0797,1,1772.89,656.88249999999994,1772.89,2720.2135306826931,0,10.714402485372801,1,30,65,133,61
81,30,31,LinearHeuristicAuction,0.05,0.04,,True,,1000,3600,cats_arbitrary_g30b150,,heuristic,3,False,CATS,150,arbitrary,MultiMinded,1000,MaxIter,206.14999999999418,1755.3018000000002,5,1603.71,647.50199999999995,1693.1241,2085.9645793133695,968.19004219357043,971.15977814643657,1,30,67,115,61
82,30,34,LinearHeuristicAuction,0.05,0.04,,True,,1000,3600,cats_arbitrary_g30b150,,heuristic,3,False,CATS,150,arbitrary,MultiMinded,1000,MaxIter,158.61999999999534,2385.8982,1,2112.36,790.75199999999995,1474.99,2822.2266704661693,0,5.0026422647011373,1,30,71,117,64
83,30,32,LinearHeuristicAuction,0.05,0.04,,True,,1000,3600,cats_arbitrary_g30b150,,heuristic,3,False,CATS,150,arbitrary,MultiMinded,1000,MaxIter,126.6700000000128,2059.99,1,1826.87,768.11400000000003,1826.87,2623.9090010199429,0,0.0,1,30,86,108,62
84,30,33,LinearHeuristicAuction,0.05,0.04,,True,,1000,3600,cats_arbitrary_g30b150,,heuristic,3,False,CATS,150,arbitrary,MultiMinded,1000,MaxIter,153.7599999999802,1978.9186000000002,2,1758.88,838.20399999999995,1633.1889999999999,2567.9542903118827,0,0.0,1,30,82,120,63
85,30,33,LinearHeuristicAuction,0.05,0.04,,True,,1000,3600,cats_arbitrary_g30b150,,heuristic,3,False,CATS,150,arbitrary,MultiMinded,1000,MaxIter,153.86999999999534,2216.0256,1,2078.55,626.62099999999998,2078.55,2795.1292001976362,0,26.458649298579729,1,30,45,122,63
86,30,31,LinearHeuristicAuction,0.05,0.04,,True,,1000,3600,cats_arbitrary_g30b150,,heuristic,3,False,CATS,150,arbitrary,MultiMinded,1000,MaxIter,137.7600000000093,2283.532,1,1809.12,745.29950000000008,1627.75,2812.6799557511767,0,7.4209941742760179,1,30,35,120,61
87,30,36,LinearHeuristicAuction,0.05,0.04,,True,,1000,3600,cats_arbitrary_g30b150,,heuristic,3,False,CATS,150,arbitrary,MultiMinded,1000,MaxIter,124.12999999997555,2522.6901999999995,1,2032.58,563.31899999999996,1775.36,3183.5839830441569,0,25.90342884833882,1,30,76,108,66
88,30,35,LinearHeuristicAuction,0.05,0.04,,True,,1000,3600,cats_arbitrary_g30b150,,heuristic,3,False,CATS,150,arbitrary,MultiMinded,1000,MaxIter,186.44000000000233,2265.08,1,1820.47,452.93900000000002,1764.64,2934.3527111406197,0,82.217800766359744,1,30,39,124,65
89,30,28,LinearHeuristicAuction,0.05,0.04,,True,,1000,3600,cats_arbitrary_g30b150,,heuristic,3,False,CATS,150,arbitrary,MultiMinded,1000,MaxIter,211.57000000000698,1895.8706000000002,5,1412.37,685.88149999999996,1648.6516000000001,2068.7597038178574,720.05015451523366,720.05015451523366,1,30,71,115,58
90,30,33,LinearHeuristicAuction,0.05,0.04,,True,,1000,3600,cats_arbitrary_g30b150,,heuristic,3,False,CATS,150,arbitrary,MultiMinded,1000,MaxIter,204.47000000000116,2397.1789,1,2224.82,593.16800000000001,2224.82,2941.5574334250173,0,8.4104434247739874,1,30,38,126,63
91,30,32,LinearHeuristicAuction,0.05,0.04,,True,,1000,3600,cats_arbitrary_g30b150,,heuristic,3,False,CATS,150,arbitrary,MultiMinded,1000,MaxIter,196.14000000001397,2290.7259999999997,1,1825.1,529.46000000000004,1825.1,2735.9253092508461,0,20.168780250614077,1,30,52,117,62
92,30,31,LinearHeuristicAuction,0.05,0.04,,True,,1000,3600,cats_arbitrary_g30b150,,heuristic,3,False,CATS,150,arbitrary,MultiMinded,1000,MaxIter,157.7599999999802,1880.9630000000002,1,1586.58,901.44949999999994,1554.31,2424.5017327525125,0,3.5418989143871897,1,30,104,119,61
93,30,34,LinearHeuristicAuction,0.05,0.04,,True,,1000,3600,cats_arbitrary_g30b150,,heuristic,3,False,CATS,150,arbitrary,MultiMinded,1000,MaxIter,210.42999999999302,1815.7306,1,1434.89,540.21100000000001,1397.3,2007.0148091484416,0,17.043890161080199,1,30,32,128,64
94,30,36,LinearHeuristicAuction,0.05,0.04,,True,,1000,3600,cats_arbitrary_g30b150,,heuristic,3,False,CATS,150,arbitrary,MultiMinded,1000,MaxIter,151.20999999999185,2435.1574,1,2127.58,687.69500000000005,2105.03,3310.8621846236788,0,19.878746805245953,1,30,40,122,66
95,30,32,LinearHeuristicAuction,0.05,0.04,,True,,1000,3600,cats_arbitrary_g30b150,,heuristic,3,False,CATS,150,arbitrary,MultiMinded,1000,MaxIter,213.45999999999185,2424.051,1,1933.55,792.75099999999998,1556.49,3373.1850588841962,0,36.24622339540619,1,30,48,126,62
96,30,31,LinearHeuristicAuction,0.05,0.04,,True,,1000,3600,cats_arbitrary_g30b150,,heuristic,3,False,CATS,150,arbitrary,MultiMinded,1000,MaxIter,228.96000000002095,1954.1625,1,1781.86,780.25699999999995,1554.48,2632.9999946676712,0,20.411025109522143,1,30,35,119,61
97,30,30,LinearHeuristicAuction,0.05,0.04,,True,,1000,3600,cats_arbitrary_g30b150,,heuristic,3,False,CATS,150,arbitrary,MultiMinded,1000,MaxIter,229.12000000002445,1794.66,6,1264.09,681.495,1720.0969999999998,2079.5027186167927,243.78727965817473,251.60256354769311,1,30,27,117,60
98,30,32,LinearHeuristicAuction,0.05,0.04,,True,,1000,3600,cats_arbitrary_g30b150,,heuristic,3,False,CATS,150,arbitrary,MultiMinded,1000,MaxIter,169.95000000001164,2145.0272,1,2092.47,967.64100000000008,2092.47,2808.0432152564881,0,26.515148475478242,1,30,48,120,62
99,30,29,LinearHeuristicAuction,0.05,0.04,,True,,1000,3600,cats_arbitrary_g30b150,,heuristic,3,False,CATS,150,arbitrary,MultiMinded,1000,MaxIter,213.76999999998952,2260.297,4,2093.42,648.17449999999997,2169.463,3368.9121001227754,386.73008371680248,408.68762394872488,1,30,24,116,59
100,30,37,LinearHeuristicAuction,0.05,0.04,,True,,1000,3600,cats_arbitrary_g30b150,,heuristic,3,False,CATS,150,arbitrary,MultiMinded,1000,MaxIter,130.47000000000116,2260.7916,8,1588.66,496.72000000000003,2123.0987999999998,2848.1250639001983,1639.6193501779196,1659.8980758181719,1,30,37,133,67
