idx,items,agents,auction_class,epsilon,stepc,epoch,scalebyvalue,reserve_type,maxiter,maxtime,generator_param_name,personalized,bidding_strategy,heuristic_pool_num,int_prices,generator,bids,distribution,type,rounds,status,runtime,efficient_value,final_num_winners,final_max_agent_value,final_scalevalue,final_value,final_total_price,final_revenue,final_indirect_util,final_price_degree,final_price_sparsity,final_imbalance,final_wd_nvars,final_wd_ncons
1,30,34,LinearSubgradientAuction,0.05,0.01,,True,,1000,3600,cats_arbitrary_g30b150,,default,2,False,CATS,150,arbitrary,MultiMinded,1000,MaxIter,1413.69,1985.8648,7,1958.65,585.33899999999994,1146.5468,2223.2019090696526,970.91722941873036,974.61384184674444,1,30,16,2074,3124
2,30,35,LinearSubgradientAuction,0.05,0.01,,True,,1000,3600,cats_arbitrary_g30b150,,default,2,False,CATS,150,arbitrary,MultiMinded,951,Balance,1378.55,2197.79,1,2197.79,440.00599999999997,2197.79,2197.6747726137196,2175.6744726137194,2175.7896999999998,1,30,0,2135,3215
3,30,33,LinearSubgradientAuction,0.05,0.01,,True,,1000,3600,cats_arbitrary_g30b150,,default,2,False,CATS,150,arbitrary,MultiMinded,1000,MaxIter,1376.92,2537.724,3,1980.67,603.23800000000006,1425.68,2853.0038900261634,1396.3676441053608,1397.5641168581799,1,30,20,2013,3033
4,30,33,LinearSubgradientAuction,0.05,0.01,,True,,1000,3600,cats_arbitrary_g30b150,,default,2,False,CATS,150,arbitrary,MultiMinded,1000,MaxIter,1382.34,2018.328,2,1780.26,501.12400000000002,380.558,2170.9037341885937,160.32278738647341,185.52280000000002,1,30,28,2013,3033
5,30,32,LinearSubgradientAuction,0.05,0.01,,True,,1000,3600,cats_arbitrary_g30b150,,default,2,False,CATS,150,arbitrary,MultiMinded,1000,MaxIter,1326.81,1876.8708299999998,1,1770.89,624.08600000000001,366.307,2306.2716559974924,0,0.0,1,30,30,1952,2942
6,30,33,LinearSubgradientAuction,0.05,0.01,,True,,1000,3600,cats_arbitrary_g30b150,,default,2,False,CATS,150,arbitrary,MultiMinded,1000,MaxIter,1396.49,2052.619,3,1672.04,727.22400000000005,825.6300000000001,2648.7162862558725,753.16927446837326,754.51036674845625,1,30,14,2013,3033
7,30,30,LinearSubgradientAuction,0.05,0.01,,True,,1000,3600,cats_arbitrary_g30b150,,default,2,False,CATS,150,arbitrary,MultiMinded,1000,MaxIter,1235.31,2256.612,1,2088.18,661.12950000000001,1465.41,2658.2060472946077,0,5.6255201112284112,1,30,30,1830,2760
8,30,35,LinearSubgradientAuction,0.05,0.01,,True,,1000,3600,cats_arbitrary_g30b150,,default,2,False,CATS,150,arbitrary,MultiMinded,1000,MaxIter,1476.7,1886.9858,2,1721.43,762.18450000000007,978.205,2060.0276951687874,16.253960754019836,16.662786859947467,1,30,19,2135,3215
9,30,32,LinearSubgradientAuction,0.05,0.01,,True,,1000,3600,cats_arbitrary_g30b150,,default,2,False,CATS,150,arbitrary,MultiMinded,1000,MaxIter,1314.74,1903.7699,2,1559.25,844.62750000000005,1319.922,2214.2511086549034,193.53021187044004,193.53062499999999,1,30,28,1952,2942
10,30,36,LinearSubgradientAuction,0.05,0.01,,True,,1000,3600,cats_arbitrary_g30b150,,default,2,False,CATS,150,arbitrary,MultiMinded,1000,MaxIter,1498.8,2500.0740000000005,9,2217.68,621.28700000000003,1407.795,2754.9083134799021,1149.2699375445561,1192.2094734713796,1,30,19,2196,3306
11,30,30,LinearSubgradientAuction,0.05,0.01,,True,,1000,3600,cats_arbitrary_g30b150,,default,2,False,CATS,150,arbitrary,MultiMinded,1000,MaxIter,1218.35,1868.241,3,1447.57,637.68550000000005,1149.634,2400.0096590082308,316.3540156201077,320.78380857562001,1,30,25,1830,2760
12,30,32,LinearSubgradientAuction,0.05,0.01,,True,,1000,3600,cats_arbitrary_g30b150,,default,2,False,CATS,150,arbitrary,MultiMinded,1000,MaxIter,1311.92,1629.6809799999999,9,1454.03,563.44500000000005,1137.8508000000002,2042.4713268183637,1055.018379044689,1055.3746369766648,1,30,32,1952,2942
13,30,33,LinearSubgradientAuction,0.05,0.01,,True,,1000,3600,cats_arbitrary_g30b150,,default,2,False,CATS,150,arbitrary,MultiMinded,1000,MaxIter,1367.74,1977.1191,10,1667.86,707.56150000000002,510.3992,2241.3739151523455,406.86501959419951,406.86501959419951,1,30,47,2013,3033
14,30,33,LinearSubgradientAuction,0.05,0.01,,True,,1000,3600,cats_arbitrary_g30b150,,default,2,False,CATS,150,arbitrary,MultiMinded,1000,MaxIter,1383.44,2717.117,9,1791.51,726.46749999999997,1739.591,2890.532547007012,1539.8250108713971,1559.4547518261293,1,30,18,2013,3033
15,30,30,LinearSubgradientAuction,0.05,0.01,,True,,1000,3600,cats_arbitrary_g30b150,,default,2,False,CATS,150,arbitrary,MultiMinded,1000,MaxIter,1231.9899999999998,2171.381,1,1868.55,921.70799999999997,103.182,2658.0865976114915,0,8.6620289855209762,1,30,30,1830,2760
16,30,34,LinearSubgradientAuction,0.05,0.01,,True,,1000,3600,cats_arbitrary_g30b150,,default,2,False,CATS,150,arbitrary,MultiMinded,1000,MaxIter,1396.3500000000001,2091.4660000000003,6,1581.43,466.154,1229.12,2344.5513360939158,1128.3538264528254,1160.5503529078753,1,30,18,2074,3124
17,30,32,LinearSubgradientAuction,0.05,0.01,,True,,1000,3600,cats_arbitrary_g30b150,,default,2,False,CATS,150,arbitrary,MultiMinded,1000,MaxIter,1332.82,1828.406,4,1506.32,727.10699999999997,647.4567,2036.5381155000646,539.10624899595655,540.73892017501339,1,30,17,1952,2942
18,30,33,LinearSubgradientAuction,0.05,0.01,,True,,1000,3600,cats_arbitrary_g30b150,,default,2,False,CATS,150,arbitrary,MultiMinded,1000,MaxIter,1386.2300000000002,2345.2870000000003,2,2117.29,776.08299999999997,48.1373,2621.9353805779556,9.2115957856165025,17.63993161678431,1,30,29,2013,3033
19,30,34,LinearSubgradientAuction,0.05,0.01,,True,,1000,3600,cats_arbitrary_g30b150,,default,2,False,CATS,150,arbitrary,MultiMinded,1000,MaxIter,1404.9299999999998,2287.142,5,1551.3,564.779,1340.4540000000002,2637.2003494876035,1219.9227511309482,1228.7017638361247,1,30,13,2074,3124
20,30,34,LinearSubgradientAuction,0.05,0.01,,True,,1000,3600,cats_arbitrary_g30b150,,default,2,False,CATS,150,arbitrary,MultiMinded,1000,MaxIter,1408.33,1940.03319,9,1543.36,583.99600000000009,255.37169999999998,2264.7798083900398,169.61523122900005,169.61523122900005,1,30,66,2074,3124
21,30,32,LinearSubgradientAuction,0.05,0.01,,True,,1000,3600,cats_arbitrary_g30b150,,default,2,False,CATS,150,arbitrary,MultiMinded,1000,MaxIter,1336.8000000000002,1599.0811999999999,3,1355.45,695.58449999999993,707.8772,2012.7959815281367,185.17314626341042,192.10645234085479,1,30,22,1952,2942
22,30,33,LinearSubgradientAuction,0.05,0.01,,True,,1000,3600,cats_arbitrary_g30b150,,default,2,False,CATS,150,arbitrary,MultiMinded,1000,MaxIter,1395.5199999999998,2282.8423000000003,1,1879.28,739.774,161.087,2519.6778092754671,0,0.16445272726869575,1,30,30,2013,3033
23,30,33,LinearSubgradientAuction,0.05,0.01,,True,,1000,3600,cats_arbitrary_g30b150,,default,2,False,CATS,150,arbitrary,MultiMinded,1000,MaxIter,1392.3899999999999,2403.9993,1,2044.82,717.20399999999995,1525.76,2851.8500339781062,0,12.600375308225836,1,30,30,2013,3033
24,30,30,LinearSubgradientAuction,0.05,0.01,,True,,1000,3600,cats_arbitrary_g30b150,,default,2,False,CATS,150,arbitrary,MultiMinded,1000,MaxIter,1230.0900000000001,2126.121,5,1969.43,482.00350000000003,1663.2220000000002,2526.0723546603485,773.86759169517109,775.28166835226864,1,30,18,1830,2760
25,30,29,LinearSubgradientAuction,0.05,0.01,,True,,1000,3600,cats_arbitrary_g30b150,,default,2,False,CATS,150,arbitrary,MultiMinded,1000,MaxIter,1196.7599999999998,1852.1607,1,1764.81,936.35900000000004,1576.47,2278.8434477251708,0,0.55786051629695521,1,30,30,1769,2669
26,30,39,LinearSubgradientAuction,0.05,0.01,,True,,1000,3600,cats_arbitrary_g30b150,,default,2,False,CATS,150,arbitrary,MultiMinded,1000,MaxIter,1619.5,2465.4804,3,1489.25,632.89699999999993,893.5734,2563.0663398532097,234.5264989495918,236.77501297680058,1,30,24,2379,3579
27,30,29,LinearSubgradientAuction,0.05,0.01,,True,,1000,3600,cats_arbitrary_g30b150,,default,2,False,CATS,150,arbitrary,MultiMinded,1000,MaxIter,1193.7399999999998,2275.4269999999997,2,1932.93,759.11900000000003,1878.83,2703.2236995062049,1840.8427101832287,1842.4087000368472,1,30,12,1769,2669
28,30,31,LinearSubgradientAuction,0.05,0.01,,True,,1000,3600,cats_arbitrary_g30b150,,default,2,False,CATS,150,arbitrary,MultiMinded,1000,MaxIter,1279.0299999999997,2301.5724,12,1458.94,613.274,1023.3102000000001,2470.6938310517694,845.38422538115844,845.38461262721898,1,30,82,1891,2851
29,30,29,LinearSubgradientAuction,0.05,0.01,,True,,1000,3600,cats_arbitrary_g30b150,,default,2,False,CATS,150,arbitrary,MultiMinded,1000,MaxIter,1188.1399999999999,2007.782,5,1669.06,662.85299999999995,1475.2669999999998,2264.7766787675218,725.90266459540089,731.15006426710602,1,30,15,1769,2669
30,30,35,LinearSubgradientAuction,0.05,0.01,,True,,1000,3600,cats_arbitrary_g30b150,,default,2,False,CATS,150,arbitrary,MultiMinded,1000,MaxIter,1454.5499999999997,2161.8298999999997,2,1539.73,524.54999999999995,744.188,2411.8999994729052,215.61219365812948,216.86331793959016,1,30,27,2135,3215
31,30,32,LinearSubgradientAuction,0.05,0.01,,True,,1000,3600,cats_arbitrary_g30b150,,default,2,False,CATS,150,arbitrary,MultiMinded,1000,MaxIter,1332.5699999999997,2453.359,7,1724.13,512.56299999999999,1619.976,2671.9196883886616,1462.241716709608,1492.8293634705612,1,30,14,1952,2942
32,30,34,LinearSubgradientAuction,0.05,0.01,,True,,1000,3600,cats_arbitrary_g30b150,,default,2,False,CATS,150,arbitrary,MultiMinded,1000,MaxIter,1406.1599999999999,1818.8858,3,1643.98,574.70600000000002,1355.1039999999998,2209.0790660635425,1297.429893357968,1298.7366728133284,1,30,14,2074,3124
33,30,33,LinearSubgradientAuction,0.05,0.01,,True,,1000,3600,cats_arbitrary_g30b150,,default,2,False,CATS,150,arbitrary,MultiMinded,1000,MaxIter,1375.1000000000004,1944.8153000000002,1,1618.49,617.12249999999995,838.802,2183.6286152878902,0,4.0005084836541869,1,30,30,2013,3033
34,30,31,LinearSubgradientAuction,0.05,0.01,,True,,1000,3600,cats_arbitrary_g30b150,,default,2,False,CATS,150,arbitrary,MultiMinded,1000,MaxIter,1281.44,2467.5019,7,2102.79,578.16200000000003,1520.923,2780.7137723733163,1408.0977344587563,1408.0977344587563,1,30,45,1891,2851
35,30,32,LinearSubgradientAuction,0.05,0.01,,True,,1000,3600,cats_arbitrary_g30b150,,default,2,False,CATS,150,arbitrary,MultiMinded,1000,MaxIter,1332.4300000000003,2108.201,1,1910.3,506.57900000000001,258.351,2447.0229791678116,0,2.0530445377448245,1,30,30,1952,2942
36,30,35,LinearSubgradientAuction,0.05,0.01,,True,,1000,3600,cats_arbitrary_g30b150,,default,2,False,CATS,150,arbitrary,MultiMinded,1000,MaxIter,1471.63,1942.8097999999998,2,1649.39,704.06799999999998,783.199,2128.9899326934274,243.13795998236992,246.69924354279104,1,30,27,2135,3215
37,30,33,LinearSubgradientAuction,0.05,0.01,,True,,1000,3600,cats_arbitrary_g30b150,,default,2,False,CATS,150,arbitrary,MultiMinded,1000,MaxIter,1372.4299999999998,1975.334,11,1881.03,532.89949999999999,1082.7096,2304.4134342215962,951.93460478413533,951.93460478413533,1,30,40,2013,3033
38,30,32,LinearSubgradientAuction,0.05,0.01,,True,,1000,3600,cats_arbitrary_g30b150,,default,2,False,CATS,150,arbitrary,MultiMinded,1000,MaxIter,1318.7800000000002,2501.4829999999997,5,2312.06,839.32600000000002,638.727,2937.3853705617662,555.29844561025322,556.9222751404883,1,30,20,1952,2942
39,30,34,LinearSubgradientAuction,0.05,0.01,,True,,1000,3600,cats_arbitrary_g30b150,,default,2,False,CATS,150,arbitrary,MultiMinded,1000,MaxIter,1404.87,2311.536,1,2186.45,533.95749999999998,345.447,2646.130127269721,0,2.7141069264636144,1,30,30,2074,3124
40,30,31,LinearSubgradientAuction,0.05,0.01,,True,,1000,3600,cats_arbitrary_g30b150,,default,2,False,CATS,150,arbitrary,MultiMinded,1000,MaxIter,1286.8900000000003,1922.01,4,1548.35,753.33299999999997,787.6573,2127.2976781319935,699.40929338747731,702.47730076192136,1,30,11,1891,2851
41,30,32,LinearSubgradientAuction,0.05,0.01,,True,,1000,3600,cats_arbitrary_g30b150,,default,2,False,CATS,150,arbitrary,MultiMinded,1000,MaxIter,1336.1400000000003,1899.3063,7,1626.29,567.45299999999997,1610.0790000000002,2241.7766974047076,1529.0497311929741,1529.0497311929741,1,30,46,1952,2942
42,30,35,LinearSubgradientAuction,0.05,0.01,,True,,1000,3600,cats_arbitrary_g30b150,,default,2,False,CATS,150,arbitrary,MultiMinded,1000,MaxIter,1454.3999999999996,2374.3837000000003,5,1682.91,707.67899999999997,1388.161,2828.5334290966239,1282.2433528654656,1283.779730119262,1,30,11,2135,3215
43,30,36,LinearSubgradientAuction,0.05,0.01,,True,,1000,3600,cats_arbitrary_g30b150,,default,2,False,CATS,150,arbitrary,MultiMinded,1000,MaxIter,1520.6999999999998,2385.76,4,2385.76,501.80000000000001,899.4885999999999,2515.223938161058,771.64292220834284,824.77722170717936,1,30,22,2196,3306
44,30,35,LinearSubgradientAuction,0.05,0.01,,True,,1000,3600,cats_arbitrary_g30b150,,default,2,False,CATS,150,arbitrary,MultiMinded,1000,MaxIter,1447.1499999999996,2079.9506999999994,6,1845.76,468.2165,1194.1527,2260.5962383935325,1072.5745146756217,1078.9486411768339,1,30,14,2135,3215
45,30,30,LinearSubgradientAuction,0.05,0.01,,True,,1000,3600,cats_arbitrary_g30b150,,default,2,False,CATS,150,arbitrary,MultiMinded,1000,MaxIter,1231.9300000000003,1973.4939,9,1684.69,518.44550000000004,1054.8609000000001,2251.4402777587106,914.32937461062227,968.86014699994746,1,30,22,1830,2760
46,30,33,LinearSubgradientAuction,0.05,0.01,,True,,1000,3600,cats_arbitrary_g30b150,,default,2,False,CATS,150,arbitrary,MultiMinded,1000,MaxIter,1378.8900000000003,2174.927,9,1703.31,577.08699999999999,1388.9679999999998,2479.6654893856548,1231.3115577955145,1276.8220030943812,1,30,44,2013,3033
47,30,36,LinearSubgradientAuction,0.05,0.01,,True,,1000,3600,cats_arbitrary_g30b150,,default,2,False,CATS,150,arbitrary,MultiMinded,1000,MaxIter,1481.4499999999998,2134.903,5,1579.3,488.0025,969.469,2437.3908007748714,897.2047229876365,898.21764179626052,1,30,19,2196,3306
48,30,36,LinearSubgradientAuction,0.05,0.01,,True,,1000,3600,cats_arbitrary_g30b150,,default,2,False,CATS,150,arbitrary,MultiMinded,1000,MaxIter,1513.42,2120.0323,13,1723.29,500.82099999999997,1015.7901999999999,2289.0216825687785,893.55635647710767,893.55635647710767,1,30,46,2196,3306
49,30,32,LinearSubgradientAuction,0.05,0.01,,True,,1000,3600,cats_arbitrary_g30b150,,default,2,False,CATS,150,arbitrary,MultiMinded,1000,MaxIter,1310.96,1825.5846,4,1448.16,458.54599999999999,868.761,2098.4349115199634,789.22283827166984,804.02935598879276,1,30,20,1952,2942
50,30,32,LinearSubgradientAuction,0.05,0.01,,True,,1000,3600,cats_arbitrary_g30b150,,default,2,False,CATS,150,arbitrary,MultiMinded,1000,MaxIter,1325.13,2387.589,1,2137.71,881.64700000000005,779.822,2505.6766651115017,0,0.34245649170324555,1,30,30,1952,2942
51,30,31,LinearSubgradientAuction,0.05,0.01,,True,,1000,3600,cats_arbitrary_g30b150,,default,2,False,CATS,150,arbitrary,MultiMinded,1000,MaxIter,1285.9899999999998,2404.514,5,2207.65,681.84050000000002,1062.9180000000001,2812.4845075571466,961.02150428681546,1104.508778799529,1,30,18,1891,2851
52,30,34,LinearSubgradientAuction,0.05,0.01,,True,,1000,3600,cats_arbitrary_g30b150,,default,2,False,CATS,150,arbitrary,MultiMinded,1000,MaxIter,1405.6099999999997,2070.7699000000002,4,1761.92,837.09500000000003,726.3749,2357.5573030977075,600.34696137991591,606.20513810531702,1,30,21,2074,3124
53,30,34,LinearSubgradientAuction,0.05,0.01,,True,,1000,3600,cats_arbitrary_g30b150,,default,2,False,CATS,150,arbitrary,MultiMinded,1000,MaxIter,1422.88,1944.8844,5,1588.82,654.95799999999997,621.3242,2102.3488297037502,462.30735717766856,526.40071882766892,1,30,12,2074,3124
54,30,30,LinearSubgradientAuction,0.05,0.01,,True,,1000,3600,cats_arbitrary_g30b150,,default,2,False,CATS,150,arbitrary,MultiMinded,1000,MaxIter,1243.3500000000004,2678.4509,2,2281.57,746.976,1299.006,3003.7106672853456,264.8421463676317,277.98771227310056,1,30,28,1830,2760
55,30,31,LinearSubgradientAuction,0.05,0.01,,True,,1000,3600,cats_arbitrary_g30b150,,default,2,False,CATS,150,arbitrary,MultiMinded,1000,MaxIter,1271.92,2211.653,2,1943.48,726.06700000000001,139.61090000000002,2442.1953993909165,0.0,0.22817174998125012,1,30,29,1891,2851
56,30,29,LinearSubgradientAuction,0.05,0.01,,True,,1000,3600,cats_arbitrary_g30b150,,default,2,False,CATS,150,arbitrary,MultiMinded,1000,MaxIter,1195.8400000000001,2093.229,1,1877.5,714.9369999999999,1048.37,2202.6931700296077,0,0.15350359409399061,1,30,30,1769,2669
57,30,31,LinearSubgradientAuction,0.05,0.01,,True,,1000,3600,cats_arbitrary_g30b150,,default,2,False,CATS,150,arbitrary,MultiMinded,1000,MaxIter,1269.38,2015.9576000000002,4,1667.14,591.51199999999994,1265.562,2338.8539890366146,1206.5390568882337,1208.5753026113496,1,30,14,1891,2851
58,30,33,LinearSubgradientAuction,0.05,0.01,,True,,1000,3600,cats_arbitrary_g30b150,,default,2,False,CATS,150,arbitrary,MultiMinded,1000,MaxIter,1399.6400000000003,2213.6252,6,1937.47,893.10799999999995,428.49969999999996,2574.7310827487822,249.93572260716093,256.2124173072807,1,30,17,2013,3033
59,30,31,LinearSubgradientAuction,0.05,0.01,,True,,1000,3600,cats_arbitrary_g30b150,,default,2,False,CATS,150,arbitrary,MultiMinded,1000,MaxIter,1261.21,2195.5229,2,1710.57,782.62599999999998,782.875,2693.9304374389931,743.60166521771623,745.89178446687094,1,30,22,1891,2851
60,30,36,LinearSubgradientAuction,0.05,0.01,,True,,1000,3600,cats_arbitrary_g30b150,,default,2,False,CATS,150,arbitrary,MultiMinded,1000,MaxIter,1514.3599999999997,1802.554,4,1574.08,671.95349999999996,493.84810000000004,2027.9317508450754,392.75275495948688,399.70000557138525,1,30,22,2196,3306
61,30,33,LinearSubgradientAuction,0.05,0.01,,True,,1000,3600,cats_arbitrary_g30b150,,default,2,False,CATS,150,arbitrary,MultiMinded,1000,MaxIter,1375.21,1724.4375,2,1339.03,584.49199999999996,203.645,1999.7146985314612,174.12183037771189,174.97132196074855,1,30,26,2013,3033
62,30,36,LinearSubgradientAuction,0.05,0.01,,True,,1000,3600,cats_arbitrary_g30b150,,default,2,False,CATS,150,arbitrary,MultiMinded,1000,MaxIter,1502.87,2437.0683000000004,4,1933.61,814.90999999999997,899.923,2650.5862644087611,817.67338839354761,821.42579037442351,1,30,13,2196,3306
63,30,34,LinearSubgradientAuction,0.05,0.01,,True,,1000,3600,cats_arbitrary_g30b150,,default,2,False,CATS,150,arbitrary,MultiMinded,1000,MaxIter,1414.5,2003.24,3,2003.24,494.63999999999999,918.067,2433.3806759796871,867.95395314999848,871.67756146885256,1,30,20,2074,3124
64,30,34,LinearSubgradientAuction,0.05,0.01,,True,,1000,3600,cats_arbitrary_g30b150,,default,2,False,CATS,150,arbitrary,MultiMinded,1000,MaxIter,1426.2299999999996,2039.0195999999999,7,1809.03,585.17600000000004,801.139,2328.8476168627162,714.36295019928036,715.52646595389183,1,30,25,2074,3124
65,30,36,LinearSubgradientAuction,0.05,0.01,,True,,1000,3600,cats_arbitrary_g30b150,,default,2,False,CATS,150,arbitrary,MultiMinded,1000,MaxIter,1491.2200000000003,1894.2412000000002,3,1377.42,663.9670000000001,495.71439999999996,2098.5721494768,342.11224361596362,355.06537121529811,1,30,24,2196,3306
66,30,33,LinearSubgradientAuction,0.05,0.01,,True,,1000,3600,cats_arbitrary_g30b150,,default,2,False,CATS,150,arbitrary,MultiMinded,1000,MaxIter,1382.9000000000005,2454.29,8,2454.29,522.13300000000004,1215.9214000000002,2558.9875958979123,991.53048982266478,1062.8906351934208,1,30,52,2013,3033
67,30,31,LinearSubgradientAuction,0.05,0.01,,True,,1000,3600,cats_arbitrary_g30b150,,default,2,False,CATS,150,arbitrary,MultiMinded,1000,MaxIter,1280.37,2341.4958,3,2017.46,785.07600000000002,1312.4349,2877.6892995374546,368.05082456980841,374.94269311867424,1,30,25,1891,2851
68,30,31,LinearSubgradientAuction,0.05,0.01,,True,,1000,3600,cats_arbitrary_g30b150,,default,2,False,CATS,150,arbitrary,MultiMinded,1000,MaxIter,1276.4400000000005,2082.3165,6,1694.51,536.65000000000009,1414.4885000000002,2162.5914974376078,1306.5386816675864,1342.8081006395391,1,30,9,1891,2851
69,30,32,LinearSubgradientAuction,0.05,0.01,,True,,1000,3600,cats_arbitrary_g30b150,,default,2,False,CATS,150,arbitrary,MultiMinded,1000,MaxIter,1318.0200000000004,2088.0744,6,1731.11,855.64499999999998,1244.7768999999998,2392.9699380610732,1121.8635856914705,1122.4045105608955,1,30,33,1952,2942
70,30,33,LinearSubgradientAuction,0.05,0.01,,True,,1000,3600,cats_arbitrary_g30b150,,default,2,False,CATS,150,arbitrary,MultiMinded,1000,MaxIter,1361.0599999999995,2258.578,6,1454.94,617.26599999999996,1613.003,2674.0836095210661,1522.1565349939212,1522.3564597695272,1,30,31,2013,3033
71,30,33,LinearSubgradientAuction,0.05,0.01,,True,,1000,3600,cats_arbitrary_g30b150,,default,2,False,CATS,150,arbitrary,MultiMinded,1000,MaxIter,1396.2099999999991,2247.3372,9,1920.4,499.70499999999998,1351.3139999999999,2540.5561869128442,1253.2719725942072,1253.2719725942072,1,30,33,2013,3033
72,30,39,LinearSubgradientAuction,0.05,0.01,,True,,1000,3600,cats_arbitrary_g30b150,,default,2,False,CATS,150,arbitrary,MultiMinded,1000,MaxIter,1650.4700000000003,2410.0175,1,1662.34,705.94000000000005,280.94,2571.7294414699909,0,0.0050354874078379908,1,30,27,2379,3579
73,30,34,LinearSubgradientAuction,0.05,0.01,,True,,1000,3600,cats_arbitrary_g30b150,,default,2,False,CATS,150,arbitrary,MultiMinded,1000,MaxIter,1396.0200000000004,2015.5892,4,1380.57,479.64299999999997,575.111,2279.6007425041021,466.85161494962608,506.97508886761,1,30,22,2074,3124
74,30,36,LinearSubgradientAuction,0.05,0.01,,True,,1000,3600,cats_arbitrary_g30b150,,default,2,False,CATS,150,arbitrary,MultiMinded,1000,MaxIter,1500.9100000000008,2042.097,10,1285.64,413.78699999999998,1326.5266,2270.7965581442181,1203.4393902927206,1204.5141077476405,1,30,28,2196,3306
75,30,28,LinearSubgradientAuction,0.05,0.01,,True,,1000,3600,cats_arbitrary_g30b150,,default,2,False,CATS,150,arbitrary,MultiMinded,1000,MaxIter,1148.7200000000003,1952.3077,7,1522.4,797.30549999999994,1480.416,2794.3233606048029,1406.5480715629024,1406.6002884329102,1,30,62,1708,2578
76,30,35,LinearSubgradientAuction,0.05,0.01,,True,,1000,3600,cats_arbitrary_g30b150,,default,2,False,CATS,150,arbitrary,MultiMinded,1000,MaxIter,1469.8999999999996,2241.3282000000004,8,1991.23,695.48000000000002,1146.1186,2499.2337439209809,902.70251804972338,908.0610787205552,1,30,18,2135,3215
77,30,29,LinearSubgradientAuction,0.05,0.01,,True,,1000,3600,cats_arbitrary_g30b150,,default,2,False,CATS,150,arbitrary,MultiMinded,1000,MaxIter,1192.9700000000003,2086.98,1,1735.17,697.00749999999994,606.21,2364.1075645499204,0,0.4950725466029553,1,30,30,1769,2669
78,30,34,LinearSubgradientAuction,0.05,0.01,,True,,1000,3600,cats_arbitrary_g30b150,,default,2,False,CATS,150,arbitrary,MultiMinded,1000,MaxIter,1410.1099999999988,2141.5101999999997,9,1833.54,620.51150000000007,1308.4767,2451.6238730541745,1155.528035042254,1176.0125967755193,1,30,26,2074,3124
79,30,32,LinearSubgradientAuction,0.05,0.01,,True,,1000,3600,cats_arbitrary_g30b150,,default,2,False,CATS,150,arbitrary,MultiMinded,1000,MaxIter,1321.6799999999994,2182.6516,5,1753.74,722.10699999999997,714.761,2761.0756225799528,575.85921709175796,608.40667631289671,1,30,15,1952,2942
80,30,31,LinearSubgradientAuction,0.05,0.01,,True,,1000,3600,cats_arbitrary_g30b150,,default,2,False,CATS,150,arbitrary,MultiMinded,1000,MaxIter,1274.25,2157.0797,6,1772.89,656.88249999999994,788.627,2424.5852856403708,689.21808293840036,692.5061243825678,1,30,25,1891,2851
81,30,31,LinearSubgradientAuction,0.05,0.01,,True,,1000,3600,cats_arbitrary_g30b150,,default,2,False,CATS,150,arbitrary,MultiMinded,1000,MaxIter,1271.3900000000012,1755.3018000000002,2,1603.71,647.50199999999995,413.3508,2170.1070453412681,0.0,6.4285258965004193,1,30,29,1891,2851
82,30,34,LinearSubgradientAuction,0.05,0.01,,True,,1000,3600,cats_arbitrary_g30b150,,default,2,False,CATS,150,arbitrary,MultiMinded,1000,MaxIter,1393.3600000000006,2385.8982,2,2112.36,790.75199999999995,1273.261,2658.925141898841,285.02764766193206,341.97706918590688,1,30,27,2074,3124
83,30,32,LinearSubgradientAuction,0.05,0.01,,True,,1000,3600,cats_arbitrary_g30b150,,default,2,False,CATS,150,arbitrary,MultiMinded,1000,MaxIter,1328.3199999999997,2059.99,2,1826.87,768.11400000000003,847.782,2535.9514957059941,808.66458589891602,814.73400404838435,1,30,19,1952,2942
84,30,33,LinearSubgradientAuction,0.05,0.01,,True,,1000,3600,cats_arbitrary_g30b150,,default,2,False,CATS,150,arbitrary,MultiMinded,1000,MaxIter,1397.3999999999996,1978.9186000000002,5,1758.88,838.20399999999995,877.161,2396.885048873593,709.29550028419249,714.5694376791082,1,30,17,2013,3033
85,30,33,LinearSubgradientAuction,0.05,0.01,,True,,1000,3600,cats_arbitrary_g30b150,,default,2,False,CATS,150,arbitrary,MultiMinded,1000,MaxIter,1388.7399999999998,2216.0256,8,2078.55,626.62099999999998,998.2457,2491.8205538428911,875.13449331586753,875.28197267016913,1,30,34,2013,3033
86,30,31,LinearSubgradientAuction,0.05,0.01,,True,,1000,3600,cats_arbitrary_g30b150,,default,2,False,CATS,150,arbitrary,MultiMinded,1000,MaxIter,1273.0900000000001,2283.532,7,1809.12,745.29950000000008,589.49,2666.8654989291222,518.74719578420286,518.74719578420286,1,30,70,1891,2851
87,30,36,LinearSubgradientAuction,0.05,0.01,,True,,1000,3600,cats_arbitrary_g30b150,,default,2,False,CATS,150,arbitrary,MultiMinded,1000,MaxIter,1496.7000000000007,2522.6901999999995,10,2032.58,563.31899999999996,1341.7799,2894.2374752279757,1206.2016688162637,1206.2016688162637,1,30,65,2196,3306
88,30,35,LinearSubgradientAuction,0.05,0.01,,True,,1000,3600,cats_arbitrary_g30b150,,default,2,False,CATS,150,arbitrary,MultiMinded,1000,MaxIter,1462.3199999999997,2265.08,5,1820.47,452.93900000000002,877.757,2560.3373198668933,383.5232430156999,386.67648765150852,1,30,22,2135,3215
89,30,28,LinearSubgradientAuction,0.05,0.01,,True,,1000,3600,cats_arbitrary_g30b150,,default,2,False,CATS,150,arbitrary,MultiMinded,1000,MaxIter,1149.4099999999999,1895.8706000000002,5,1412.37,685.88149999999996,850.9290000000001,2172.4867167765487,748.65764819149956,751.3741941371602,1,30,21,1708,2578
90,30,33,LinearSubgradientAuction,0.05,0.01,,True,,1000,3600,cats_arbitrary_g30b150,,default,2,False,CATS,150,arbitrary,MultiMinded,1000,MaxIter,1381.42,2397.1789,2,2224.82,593.16800000000001,464.14549999999997,2632.3788712062869,56.551209230133836,63.952512195269307,1,30,27,2013,3033
91,30,32,LinearSubgradientAuction,0.05,0.01,,True,,1000,3600,cats_arbitrary_g30b150,,default,2,False,CATS,150,arbitrary,MultiMinded,1000,MaxIter,1308.789999999999,2290.7259999999997,5,1825.1,529.46000000000004,1457.185,2605.5478863765588,1404.9777185767393,1405.9222552336237,1,30,16,1952,2942
92,30,31,LinearSubgradientAuction,0.05,0.01,,True,,1000,3600,cats_arbitrary_g30b150,,default,2,False,CATS,150,arbitrary,MultiMinded,1000,MaxIter,1283.3999999999996,1880.9630000000002,4,1586.58,901.44949999999994,631.4459999999999,2112.8769424047491,233.79871465819764,258.95773375243959,1,30,23,1891,2851
93,30,34,LinearSubgradientAuction,0.05,0.01,,True,,1000,3600,cats_arbitrary_g30b150,,default,2,False,CATS,150,arbitrary,MultiMinded,1000,MaxIter,1422.8799999999992,1815.7306,7,1434.89,540.21100000000001,1743.2409999999998,2006.9409392776863,1634.9425724955927,1635.9451198451038,1,30,12,2074,3124
94,30,36,LinearSubgradientAuction,0.05,0.01,,True,,1000,3600,cats_arbitrary_g30b150,,default,2,False,CATS,150,arbitrary,MultiMinded,1000,MaxIter,1484.9500000000007,2435.1574,9,2127.58,687.69500000000005,1177.7354,2747.6848217937882,1006.6635884090261,1007.1449851724192,1,30,25,2196,3306
95,30,32,LinearSubgradientAuction,0.05,0.01,,True,,1000,3600,cats_arbitrary_g30b150,,default,2,False,CATS,150,arbitrary,MultiMinded,1000,MaxIter,1327.710000000001,2424.051,1,1933.55,792.75099999999998,75.1135,2688.2466251751339,0,5.761167473459011,1,30,29,1952,2942
96,30,31,LinearSubgradientAuction,0.05,0.01,,True,,1000,3600,cats_arbitrary_g30b150,,default,2,False,CATS,150,arbitrary,MultiMinded,1000,MaxIter,1291.8500000000004,1954.1625,8,1781.86,780.25699999999995,1199.03,2335.6643932639454,1083.2857326477952,1083.2857326477952,1,30,27,1891,2851
97,30,30,LinearSubgradientAuction,0.05,0.01,,True,,1000,3600,cats_arbitrary_g30b150,,default,2,False,CATS,150,arbitrary,MultiMinded,1000,MaxIter,1228.9299999999985,1794.66,6,1264.09,681.495,919.7850000000001,2157.1834519740164,783.85817710956564,785.18352950334611,1,30,16,1830,2760
98,30,32,LinearSubgradientAuction,0.05,0.01,,True,,1000,3600,cats_arbitrary_g30b150,,default,2,False,CATS,150,arbitrary,MultiMinded,1000,MaxIter,1324.5200000000004,2145.0272,1,2092.47,967.64100000000008,734.082,2642.0940890062743,0,4.6927356970045366,1,30,30,1952,2942
99,30,29,LinearSubgradientAuction,0.05,0.01,,True,,1000,3600,cats_arbitrary_g30b150,,default,2,False,CATS,150,arbitrary,MultiMinded,1000,MaxIter,1189.1599999999999,2260.297,8,2093.42,648.17449999999997,1052.281,2709.6272368595914,958.69008156438133,958.69008156438133,1,30,50,1769,2669
100,30,37,LinearSubgradientAuction,0.05,0.01,,True,,1000,3600,cats_arbitrary_g30b150,,default,2,False,CATS,150,arbitrary,MultiMinded,1000,MaxIter,1542.6599999999999,2260.7916,13,1588.66,496.72000000000003,1311.7294,2433.2036794463916,1094.983873247156,1095.127565769239,1,30,41,2257,3397
