idx,items,agents,auction_class,epsilon,stepc,epoch,scalebyvalue,reserve_type,maxiter,maxtime,generator_param_name,personalized,bidding_strategy,heuristic_pool_num,int_prices,generator,bids,distribution,type,rounds,status,runtime,efficient_value,final_num_winners,final_max_agent_value,final_scalevalue,final_value,final_total_price,final_revenue,final_indirect_util,final_price_degree,final_price_sparsity,final_imbalance,final_wd_nvars,final_wd_ncons
1,30,34,AdaptiveCuttingAuction,0.05,0.08,10,True,,1000,3600,cats_arbitrary_g30b150,True,heuristic,3,False,CATS,150,arbitrary,MultiMinded,1000,MaxIter,968.2900000000081,1985.8648,9,1958.65,585.33899999999994,1985.8648,2107.9367571417165,1230.7435949100015,1236.2643453508131,23,116,44,142,64
2,30,35,AdaptiveCuttingAuction,0.05,0.08,10,True,,1000,3600,cats_arbitrary_g30b150,True,heuristic,3,False,CATS,150,arbitrary,MultiMinded,69,Balance,20.39999999999418,2197.79,1,2197.79,440.00599999999997,2197.79,2164.4486058696598,2142.4483058696596,2212.2405115018491,6,48,14,93,65
3,30,33,AdaptiveCuttingAuction,0.05,0.08,10,True,,1000,3600,cats_arbitrary_g30b150,True,heuristic,3,False,CATS,150,arbitrary,MultiMinded,1000,MaxIter,1122.6100000000151,2537.724,6,1980.67,603.23800000000006,2069.3485,2647.8570760182247,368.58533944796289,378.39197524465078,30,101,54,122,63
4,30,33,AdaptiveCuttingAuction,0.05,0.08,10,True,,1000,3600,cats_arbitrary_g30b150,True,heuristic,3,False,CATS,150,arbitrary,MultiMinded,1000,MaxIter,927.960000000021,2018.328,6,1780.26,501.12400000000002,1786.8593,2269.1076483101406,624.46875705039679,635.24268047840474,26,86,88,131,63
5,30,32,AdaptiveCuttingAuction,0.05,0.08,10,True,,1000,3600,cats_arbitrary_g30b150,True,heuristic,3,False,CATS,150,arbitrary,MultiMinded,596,Balance,496.3399999999965,1876.8708299999998,4,1770.89,624.08600000000001,1864.266,1960.0485751273084,1835.2313751273082,1845.7516794996748,27,87,37,131,62
6,30,33,AdaptiveCuttingAuction,0.05,0.08,10,True,,1000,3600,cats_arbitrary_g30b150,True,heuristic,3,False,CATS,150,arbitrary,MultiMinded,1000,MaxIter,1266.9100000000035,2052.619,3,1672.04,727.22400000000005,1922.7399,2094.7120813530514,25.0434350362898,42.636975031793789,30,93,21,133,63
7,30,30,AdaptiveCuttingAuction,0.05,0.08,10,True,,1000,3600,cats_arbitrary_g30b150,True,heuristic,3,False,CATS,150,arbitrary,MultiMinded,308,Balance,214.77999999999884,2256.612,4,2088.18,661.12950000000001,2222.027,2196.3079003251764,2064.0820003251765,2185.9651645154445,30,75,70,116,60
8,30,35,AdaptiveCuttingAuction,0.05,0.08,10,True,,1000,3600,cats_arbitrary_g30b150,True,heuristic,3,False,CATS,150,arbitrary,MultiMinded,481,Balance,425.7400000000198,1886.9858,4,1721.43,762.18450000000007,1886.9858,1887.7850210774313,1735.3481210774319,1834.1874521338334,26,93,96,139,65
9,30,32,AdaptiveCuttingAuction,0.05,0.08,10,True,,1000,3600,cats_arbitrary_g30b150,True,heuristic,3,False,CATS,150,arbitrary,MultiMinded,1000,MaxIter,1074.2399999999907,1903.7699,6,1559.25,844.62750000000005,1664.307,2212.7790084605122,319.91913365960858,333.92070744306136,27,86,36,126,62
10,30,36,AdaptiveCuttingAuction,0.05,0.08,10,True,,1000,3600,cats_arbitrary_g30b150,True,heuristic,3,False,CATS,150,arbitrary,MultiMinded,1000,MaxIter,2162.5200000000186,2500.0740000000005,8,2217.68,621.28700000000003,2234.9769000000006,2735.0092916855306,1207.8630474935317,1221.0339347776251,27,96,36,132,66
11,30,30,AdaptiveCuttingAuction,0.05,0.08,10,True,,1000,3600,cats_arbitrary_g30b150,True,heuristic,3,False,CATS,150,arbitrary,MultiMinded,1000,MaxIter,754.1199999999953,1868.241,3,1447.57,637.68550000000005,1591.5004000000001,2029.4294572890376,329.04547873057481,334.19428198868235,12,76,55,111,60
12,30,32,AdaptiveCuttingAuction,0.05,0.08,10,True,,1000,3600,cats_arbitrary_g30b150,True,heuristic,3,False,CATS,150,arbitrary,MultiMinded,471,Balance,563.2300000000105,1629.6809799999999,5,1454.03,563.44500000000005,1608.8691,1673.9065453004118,1537.2306412358887,1567.5396848910812,30,97,79,124,62
13,30,33,AdaptiveCuttingAuction,0.05,0.08,10,True,,1000,3600,cats_arbitrary_g30b150,True,heuristic,3,False,CATS,150,arbitrary,MultiMinded,1000,MaxIter,748.7000000000116,1977.1191,6,1667.86,707.56150000000002,1804.6073,2101.7991466478816,405.49767732909316,430.46347495942553,22,77,29,130,63
14,30,33,AdaptiveCuttingAuction,0.05,0.08,10,True,,1000,3600,cats_arbitrary_g30b150,True,heuristic,3,False,CATS,150,arbitrary,MultiMinded,169,Balance,101.15000000002328,2717.117,5,1791.51,726.46749999999997,2615.014,2627.1576218632367,2445.5407468632366,2499.2988942261436,30,82,28,116,63
15,30,30,AdaptiveCuttingAuction,0.05,0.08,10,True,,1000,3600,cats_arbitrary_g30b150,True,heuristic,3,False,CATS,150,arbitrary,MultiMinded,975,Balance,810.6900000000023,2171.381,4,1868.55,921.70799999999997,2171.381,2256.2594056108046,2071.9178056108049,2081.7518723719245,28,83,24,117,60
16,30,34,AdaptiveCuttingAuction,0.05,0.08,10,True,,1000,3600,cats_arbitrary_g30b150,True,heuristic,3,False,CATS,150,arbitrary,MultiMinded,1000,MaxIter,2128.1600000000035,2091.4660000000003,5,1581.43,466.154,1948.365,2123.5006834839351,930.71895921029352,950.54538745977595,30,3434,54,151,64
17,30,32,AdaptiveCuttingAuction,0.05,0.08,10,True,,1000,3600,cats_arbitrary_g30b150,True,heuristic,3,False,CATS,150,arbitrary,MultiMinded,1000,MaxIter,818.2200000000012,1828.406,7,1506.32,727.10699999999997,1728.4844999999998,1962.3179971858565,1226.4622106008526,1254.7875522496611,26,81,20,129,62
18,30,33,AdaptiveCuttingAuction,0.05,0.08,10,True,,1000,3600,cats_arbitrary_g30b150,True,heuristic,3,False,CATS,150,arbitrary,MultiMinded,104,Balance,33.38000000000466,2345.2870000000003,3,2117.29,776.08299999999997,2345.2870000000003,2399.8947349362479,2283.4822849362477,2314.3668380535983,10,49,37,108,63
19,30,34,AdaptiveCuttingAuction,0.05,0.08,10,True,,1000,3600,cats_arbitrary_g30b150,True,heuristic,3,False,CATS,150,arbitrary,MultiMinded,1000,MaxIter,831.0199999999895,2287.142,6,1551.3,564.779,2124.915,2511.8872498664546,863.26854096659315,895.48073189827858,30,3174,32,122,64
20,30,34,AdaptiveCuttingAuction,0.05,0.08,10,True,,1000,3600,cats_arbitrary_g30b150,True,heuristic,3,False,CATS,150,arbitrary,MultiMinded,460,Balance,687.0100000000093,1940.03319,5,1543.36,583.99600000000009,1926.0522,2013.4638927562462,1867.4648927562459,1907.9057164428355,14,83,65,133,64
21,30,32,AdaptiveCuttingAuction,0.05,0.08,10,True,,1000,3600,cats_arbitrary_g30b150,True,heuristic,3,False,CATS,150,arbitrary,MultiMinded,1000,MaxIter,865.2099999999919,1599.0811999999999,6,1355.45,695.58449999999993,1554.4973,1755.3054565764021,1122.5076002586884,1157.3634031896231,23,87,31,126,62
22,30,33,AdaptiveCuttingAuction,0.05,0.08,10,True,,1000,3600,cats_arbitrary_g30b150,True,heuristic,3,False,CATS,150,arbitrary,MultiMinded,1000,MaxIter,1120.8399999999965,2282.8423000000003,8,1879.28,739.774,2024.0234999999998,2323.8467289243313,1018.4877216129938,1024.300392656083,30,89,25,123,63
23,30,33,AdaptiveCuttingAuction,0.05,0.08,10,True,,1000,3600,cats_arbitrary_g30b150,True,heuristic,3,False,CATS,150,arbitrary,MultiMinded,927,Balance,1187.5400000000081,2403.9993,6,2044.82,717.20399999999995,2372.2453,2430.1382102490952,2232.5795847277604,2270.0539498688431,30,101,44,130,63
24,30,30,AdaptiveCuttingAuction,0.05,0.08,10,True,,1000,3600,cats_arbitrary_g30b150,True,heuristic,3,False,CATS,150,arbitrary,MultiMinded,1000,MaxIter,856.5800000000163,2126.121,6,1969.43,482.00350000000003,1911.804,2215.2252964096888,126.97115844261836,134.86920042739828,18,88,32,134,60
25,30,29,AdaptiveCuttingAuction,0.05,0.08,10,True,,1000,3600,cats_arbitrary_g30b150,True,heuristic,3,False,CATS,150,arbitrary,MultiMinded,1000,MaxIter,808.0,1852.1607,3,1764.81,936.35900000000004,1804.5976999999998,2043.9880380549125,1382.8042073931815,1436.1783967479607,25,83,40,125,59
26,30,39,AdaptiveCuttingAuction,0.05,0.08,10,True,,1000,3600,cats_arbitrary_g30b150,True,heuristic,3,False,CATS,150,arbitrary,MultiMinded,303,Balance,272.11999999999534,2465.4804,7,1489.25,632.89699999999993,2465.4804,2475.7372193708998,2254.2232693708997,2276.3151375692178,15,81,38,118,69
27,30,29,AdaptiveCuttingAuction,0.05,0.08,10,True,,1000,3600,cats_arbitrary_g30b150,True,heuristic,3,False,CATS,150,arbitrary,MultiMinded,540,Balance,357.69999999998254,2275.4269999999997,5,1932.93,759.11900000000003,2275.4269999999997,2367.1847505322994,2177.4050005322993,2177.8391664611418,25,78,24,119,59
28,30,31,AdaptiveCuttingAuction,0.05,0.08,10,True,,1000,3600,cats_arbitrary_g30b150,True,heuristic,3,False,CATS,150,arbitrary,MultiMinded,394,Balance,322.22000000000116,2301.5724,6,1458.94,613.274,2301.5724,2337.9824965641496,2154.0002965641493,2206.1457592807456,18,73,39,124,61
29,30,29,AdaptiveCuttingAuction,0.05,0.08,10,True,,1000,3600,cats_arbitrary_g30b150,True,heuristic,3,False,CATS,150,arbitrary,MultiMinded,586,Balance,495.86999999999534,2007.782,7,1669.06,662.85299999999995,2007.782,2110.0823355480552,1878.0837855480549,1878.0837855480549,11,80,26,131,59
30,30,35,AdaptiveCuttingAuction,0.05,0.08,10,True,,1000,3600,cats_arbitrary_g30b150,True,heuristic,3,False,CATS,150,arbitrary,MultiMinded,1000,MaxIter,701.7299999999814,2161.8298999999997,9,1539.73,524.54999999999995,1492.9573000000003,2314.3854121338718,289.3579587185842,290.55240463187005,19,71,51,125,65
31,30,32,AdaptiveCuttingAuction,0.05,0.08,10,True,,1000,3600,cats_arbitrary_g30b150,True,heuristic,3,False,CATS,150,arbitrary,MultiMinded,665,Balance,851.429999999993,2453.359,7,1724.13,512.56299999999999,2453.359,2473.955542898118,2294.5584928981179,2312.2149245268097,8,80,30,126,62
32,30,34,AdaptiveCuttingAuction,0.05,0.08,10,True,,1000,3600,cats_arbitrary_g30b150,True,heuristic,3,False,CATS,150,arbitrary,MultiMinded,1000,MaxIter,1297.9500000000116,1818.8858,8,1643.98,574.70600000000002,1401.75653,3179.9325018129739,304.58216116573243,332.69186343293148,17,95,39,135,64
33,30,33,AdaptiveCuttingAuction,0.05,0.08,10,True,,1000,3600,cats_arbitrary_g30b150,True,heuristic,3,False,CATS,150,arbitrary,MultiMinded,1000,MaxIter,1475.7699999999895,1944.8153000000002,6,1618.49,617.12249999999995,1847.801,2128.5663006046962,978.10246037827665,1009.375362366272,30,109,25,132,63
34,30,31,AdaptiveCuttingAuction,0.05,0.08,10,True,,1000,3600,cats_arbitrary_g30b150,True,heuristic,3,False,CATS,150,arbitrary,MultiMinded,930,Balance,602.3199999999779,2467.5019,6,2102.79,578.16200000000003,2467.5019,2489.0225016683362,2315.573901668336,2324.3875773049672,18,73,52,118,61
35,30,32,AdaptiveCuttingAuction,0.05,0.08,10,True,,1000,3600,cats_arbitrary_g30b150,True,heuristic,3,False,CATS,150,arbitrary,MultiMinded,1000,MaxIter,1164.6999999999825,2108.201,4,1910.3,506.57900000000001,1569.3,2322.5128547268032,0,36.217155784502381,24,94,33,125,62
36,30,35,AdaptiveCuttingAuction,0.05,0.08,10,True,,1000,3600,cats_arbitrary_g30b150,True,heuristic,3,False,CATS,150,arbitrary,MultiMinded,303,Balance,258.8300000000163,1942.8097999999998,6,1649.39,704.06799999999998,1942.8097999999998,1991.3656719137364,1780.145271913736,1818.7004226187985,19,75,36,133,65
37,30,33,AdaptiveCuttingAuction,0.05,0.08,10,True,,1000,3600,cats_arbitrary_g30b150,True,heuristic,3,False,CATS,150,arbitrary,MultiMinded,1000,MaxIter,909.6599999999744,1975.334,6,1881.03,532.89949999999999,1908.0286,2055.8731048444629,1686.0894324490616,1688.6773893157526,30,90,59,132,63
38,30,32,AdaptiveCuttingAuction,0.05,0.08,10,True,,1000,3600,cats_arbitrary_g30b150,True,heuristic,3,False,CATS,150,arbitrary,MultiMinded,1000,MaxIter,1290.070000000007,2501.4829999999997,6,2312.06,839.32600000000002,2164.4835,2511.7402912896309,1435.6464358019421,1455.7871631926773,28,83,41,129,62
39,30,34,AdaptiveCuttingAuction,0.05,0.08,10,True,,1000,3600,cats_arbitrary_g30b150,True,heuristic,3,False,CATS,150,arbitrary,MultiMinded,381,Balance,305.63000000000466,2311.536,6,2186.45,533.95749999999998,2310.6023,2364.7784890999728,2204.5912390999729,2248.1530611590101,30,91,61,115,64
40,30,31,AdaptiveCuttingAuction,0.05,0.08,10,True,,1000,3600,cats_arbitrary_g30b150,True,heuristic,3,False,CATS,150,arbitrary,MultiMinded,1000,MaxIter,1106.0799999999872,1922.01,7,1548.35,753.33299999999997,1672.9703,2057.1167865168882,1094.2452537634392,1138.9839941626033,27,94,26,124,61
41,30,32,AdaptiveCuttingAuction,0.05,0.08,10,True,,1000,3600,cats_arbitrary_g30b150,True,heuristic,3,False,CATS,150,arbitrary,MultiMinded,227,Balance,210.86000000001513,1899.3063,5,1626.29,567.45299999999997,1899.3063,1952.3365437236741,1810.473293723674,1810.473293723674,24,78,25,127,62
42,30,35,AdaptiveCuttingAuction,0.05,0.08,10,True,,1000,3600,cats_arbitrary_g30b150,True,heuristic,3,False,CATS,150,arbitrary,MultiMinded,1000,MaxIter,1600.2599999999802,2374.3837000000003,8,1682.91,707.67899999999997,1913.2426999999998,2446.0776565650849,444.39478513675783,447.44532629614071,30,98,32,129,65
43,30,36,AdaptiveCuttingAuction,0.05,0.08,10,True,,1000,3600,cats_arbitrary_g30b150,True,heuristic,3,False,CATS,150,arbitrary,MultiMinded,161,Balance,58.91000000000349,2385.76,1,2385.76,501.80000000000001,2385.76,2403.1962225365373,2378.1062225365372,2390.0054457133215,6,48,36,102,66
44,30,35,AdaptiveCuttingAuction,0.05,0.08,10,True,,1000,3600,cats_arbitrary_g30b150,True,heuristic,3,False,CATS,150,arbitrary,MultiMinded,1000,MaxIter,1197.570000000007,2079.9506999999994,8,1845.76,468.2165,1881.6740999999997,2148.4939891082704,819.37780686795281,873.76962975457457,15,73,36,128,65
45,30,30,AdaptiveCuttingAuction,0.05,0.08,10,True,,1000,3600,cats_arbitrary_g30b150,True,heuristic,3,False,CATS,150,arbitrary,MultiMinded,1000,MaxIter,754.9700000000012,1973.4939,5,1684.69,518.44550000000004,1544.5804,2671.6572416498375,23.773225860292886,66.077144439992978,24,74,57,109,60
46,30,33,AdaptiveCuttingAuction,0.05,0.08,10,True,,1000,3600,cats_arbitrary_g30b150,True,heuristic,3,False,CATS,150,arbitrary,MultiMinded,1000,MaxIter,736.4800000000105,2174.927,5,1703.31,577.08699999999999,1637.483,2515.6758072432267,171.90720202099766,189.38491826326887,23,72,21,116,63
47,30,36,AdaptiveCuttingAuction,0.05,0.08,10,True,,1000,3600,cats_arbitrary_g30b150,True,heuristic,3,False,CATS,150,arbitrary,MultiMinded,1000,MaxIter,953.2599999999802,2134.903,7,1579.3,488.0025,1717.37857,2300.5254981629782,90.929728384086687,96.154467048125539,16,84,36,131,66
48,30,36,AdaptiveCuttingAuction,0.05,0.08,10,True,,1000,3600,cats_arbitrary_g30b150,True,heuristic,3,False,CATS,150,arbitrary,MultiMinded,1000,MaxIter,2273.1999999999825,2120.0323,11,1723.29,500.82099999999997,1862.3587000000002,2744.8410992336317,1096.1729307901239,1121.6387954839829,30,101,47,138,66
49,30,32,AdaptiveCuttingAuction,0.05,0.08,10,True,,1000,3600,cats_arbitrary_g30b150,True,heuristic,3,False,CATS,150,arbitrary,MultiMinded,1000,MaxIter,1452.210000000021,1825.5846,7,1448.16,458.54599999999999,1558.6376,2216.6501379133215,255.71463658957566,300.71346663186284,30,96,17,125,62
50,30,32,AdaptiveCuttingAuction,0.05,0.08,10,True,,1000,3600,cats_arbitrary_g30b150,True,heuristic,3,False,CATS,150,arbitrary,MultiMinded,139,Balance,45.1699999999837,2387.589,3,2137.71,881.64700000000005,2365.493,2435.5068217997659,2303.2597717997655,2316.1385756698514,23,61,32,101,62
51,30,31,AdaptiveCuttingAuction,0.05,0.08,10,True,,1000,3600,cats_arbitrary_g30b150,True,heuristic,3,False,CATS,150,arbitrary,MultiMinded,1000,MaxIter,592.3999999999942,2404.514,5,2207.65,681.84050000000002,1755.554,2700.9656256897492,323.44572360816579,344.12688614397052,16,70,30,107,61
52,30,34,AdaptiveCuttingAuction,0.05,0.08,10,True,,1000,3600,cats_arbitrary_g30b150,True,heuristic,3,False,CATS,150,arbitrary,MultiMinded,1000,MaxIter,802.5100000000093,2070.7699000000002,7,1761.92,837.09500000000003,1926.631,2173.4919655730719,870.43303653136695,899.5265580302314,26,86,45,130,64
53,30,34,AdaptiveCuttingAuction,0.05,0.08,10,True,,1000,3600,cats_arbitrary_g30b150,True,heuristic,3,False,CATS,150,arbitrary,MultiMinded,295,Balance,234.38000000000466,1944.8844,7,1588.82,654.95799999999997,1944.8844,1993.0100633658631,1769.3879961640509,1815.80149845144,26,87,66,123,64
54,30,30,AdaptiveCuttingAuction,0.05,0.08,10,True,,1000,3600,cats_arbitrary_g30b150,True,heuristic,3,False,CATS,150,arbitrary,MultiMinded,879,Balance,779.3099999999977,2678.4509,3,2281.57,746.976,2678.4509,2631.2828987269104,2519.2364987269102,2604.2322295626795,30,79,72,117,60
55,30,31,AdaptiveCuttingAuction,0.05,0.08,10,True,,1000,3600,cats_arbitrary_g30b150,True,heuristic,3,False,CATS,150,arbitrary,MultiMinded,304,Balance,194.45000000001164,2211.653,6,1943.48,726.06700000000001,2211.653,2257.5216011578868,2039.7015011578872,2062.8846968368953,12,69,48,126,61
56,30,29,AdaptiveCuttingAuction,0.05,0.08,10,True,,1000,3600,cats_arbitrary_g30b150,True,heuristic,3,False,CATS,150,arbitrary,MultiMinded,205,Balance,100.88999999998487,2093.229,3,1877.5,714.9369999999999,2093.229,2083.0942302447693,1975.8536802447695,2082.8696512721854,28,76,41,110,59
57,30,31,AdaptiveCuttingAuction,0.05,0.08,10,True,,1000,3600,cats_arbitrary_g30b150,True,heuristic,3,False,CATS,150,arbitrary,MultiMinded,774,Balance,911.9000000000233,2015.9576000000002,5,1667.14,591.51199999999994,2015.9576000000002,2063.3258000840469,1915.447800084047,1940.4474399779137,30,98,74,141,61
58,30,33,AdaptiveCuttingAuction,0.05,0.08,10,True,,1000,3600,cats_arbitrary_g30b150,True,heuristic,3,False,CATS,150,arbitrary,MultiMinded,1000,MaxIter,1079.4500000000116,2213.6252,4,1937.47,893.10799999999995,1970.5265,2237.2263510193902,88.168443090205059,150.10353651933951,30,76,32,130,63
59,30,31,AdaptiveCuttingAuction,0.05,0.08,10,True,,1000,3600,cats_arbitrary_g30b150,True,heuristic,3,False,CATS,150,arbitrary,MultiMinded,1000,MaxIter,924.8500000000058,2195.5229,3,1710.57,782.62599999999998,2048.84,2314.9895567242538,1009.9094894154357,1025.4198044835125,30,94,7,111,61
60,30,36,AdaptiveCuttingAuction,0.05,0.08,10,True,,1000,3600,cats_arbitrary_g30b150,True,heuristic,3,False,CATS,150,arbitrary,MultiMinded,357,Balance,471.12000000002445,1802.554,9,1574.08,671.95349999999996,1779.7124999999999,1883.0939165451491,1586.1076691261769,1622.3280048551119,30,105,27,134,66
61,30,33,AdaptiveCuttingAuction,0.05,0.08,10,True,,1000,3600,cats_arbitrary_g30b150,True,heuristic,3,False,CATS,150,arbitrary,MultiMinded,1000,MaxIter,1196.3699999999953,1724.4375,5,1339.03,584.49199999999996,1724.4375,1826.2934516601058,1443.5999003320123,1467.1401415381031,30,92,22,125,63
62,30,36,AdaptiveCuttingAuction,0.05,0.08,10,True,,1000,3600,cats_arbitrary_g30b150,True,heuristic,3,False,CATS,150,arbitrary,MultiMinded,1000,MaxIter,1240.7099999999919,2437.0683000000004,6,1933.61,814.90999999999997,1840.4782000000002,2419.0086231389282,681.60319712406192,685.70937161457164,30,79,39,118,66
63,30,34,AdaptiveCuttingAuction,0.05,0.08,10,True,,1000,3600,cats_arbitrary_g30b150,True,heuristic,3,False,CATS,150,arbitrary,MultiMinded,1000,MaxIter,1326.4400000000023,2003.24,9,2003.24,494.63999999999999,1892.2664000000002,2213.2527674494113,1342.6638639094838,1345.1655621226255,30,104,78,132,64
64,30,34,AdaptiveCuttingAuction,0.05,0.08,10,True,,1000,3600,cats_arbitrary_g30b150,True,heuristic,3,False,CATS,150,arbitrary,MultiMinded,1000,MaxIter,1430.640000000014,2039.0195999999999,7,1809.03,585.17600000000004,1975.3329999999999,2114.4585045564131,1352.5799530044376,1367.8701027386724,18,87,54,145,64
65,30,36,AdaptiveCuttingAuction,0.05,0.08,10,True,,1000,3600,cats_arbitrary_g30b150,True,heuristic,3,False,CATS,150,arbitrary,MultiMinded,243,Balance,254.07000000000698,1894.2412000000002,6,1377.42,663.9670000000001,1894.2412000000002,1932.6072508226143,1750.8525225362846,1793.0020883070131,30,82,65,134,66
66,30,33,AdaptiveCuttingAuction,0.05,0.08,10,True,,1000,3600,cats_arbitrary_g30b150,True,heuristic,3,False,CATS,150,arbitrary,MultiMinded,1000,MaxIter,881.109999999986,2454.29,1,2454.29,522.13300000000004,2454.29,2414.5342016288241,2388.4275516288239,2441.3627861019177,29,100,31,129,63
67,30,31,AdaptiveCuttingAuction,0.05,0.08,10,True,,1000,3600,cats_arbitrary_g30b150,True,heuristic,3,False,CATS,150,arbitrary,MultiMinded,1000,MaxIter,1172.7299999999814,2341.4958,5,2017.46,785.07600000000002,2045.1179000000002,2696.1944994087198,323.60073076161973,325.39447701297541,18,77,42,121,61
68,30,31,AdaptiveCuttingAuction,0.05,0.08,10,True,,1000,3600,cats_arbitrary_g30b150,True,heuristic,3,False,CATS,150,arbitrary,MultiMinded,1000,MaxIter,823.1199999999953,2082.3165,6,1694.51,536.65000000000009,1650.8145,2396.4196228682181,399.83723599976327,431.65712482010139,18,82,37,124,61
69,30,32,AdaptiveCuttingAuction,0.05,0.08,10,True,,1000,3600,cats_arbitrary_g30b150,True,heuristic,3,False,CATS,150,arbitrary,MultiMinded,1000,MaxIter,1646.4499999999825,2088.0744,6,1731.11,855.64499999999998,1702.3773,2125.305672467709,539.25319112739044,581.16548247412459,30,106,35,141,62
70,30,33,AdaptiveCuttingAuction,0.05,0.08,10,True,,1000,3600,cats_arbitrary_g30b150,True,heuristic,3,False,CATS,150,arbitrary,MultiMinded,1000,MaxIter,711.6199999999953,2258.578,5,1454.94,617.26599999999996,1944.88,2255.7795777520532,970.72775080626843,1028.6874753523864,20,93,43,119,63
71,30,33,AdaptiveCuttingAuction,0.05,0.08,10,True,,1000,3600,cats_arbitrary_g30b150,True,heuristic,3,False,CATS,150,arbitrary,MultiMinded,1000,MaxIter,1450.609999999986,2247.3372,3,1920.4,499.70499999999998,1849.0429999999997,2193.9579119215114,0,21.370463461147878,30,104,28,136,63
72,30,39,AdaptiveCuttingAuction,0.05,0.08,10,True,,1000,3600,cats_arbitrary_g30b150,True,heuristic,3,False,CATS,150,arbitrary,MultiMinded,1000,MaxIter,1806.320000000007,2410.0175,7,1662.34,705.94000000000005,2071.3532,2584.8046343884271,515.61989188697908,527.80330716754588,12,92,50,142,69
73,30,34,AdaptiveCuttingAuction,0.05,0.08,10,True,,1000,3600,cats_arbitrary_g30b150,True,heuristic,3,False,CATS,150,arbitrary,MultiMinded,1000,MaxIter,1627.5,2015.5892,8,1380.57,479.64299999999997,1850.7959999999998,2215.4119269833654,1149.2842658892487,1196.9632251251408,22,90,32,138,64
74,30,36,AdaptiveCuttingAuction,0.05,0.08,10,True,,1000,3600,cats_arbitrary_g30b150,True,heuristic,3,False,CATS,150,arbitrary,MultiMinded,850,Balance,733.8800000000047,2042.097,7,1285.64,413.78699999999998,2042.097,2092.9690665013036,1948.1436165013035,1949.26849535721,15,91,27,127,66
75,30,28,AdaptiveCuttingAuction,0.05,0.08,10,True,,1000,3600,cats_arbitrary_g30b150,True,heuristic,3,False,CATS,150,arbitrary,MultiMinded,1000,MaxIter,589.4800000000105,1952.3077,3,1522.4,797.30549999999994,1843.8617000000002,1933.0719865287456,1098.1058036859627,1135.1440217730683,20,71,30,111,58
76,30,35,AdaptiveCuttingAuction,0.05,0.08,10,True,,1000,3600,cats_arbitrary_g30b150,True,heuristic,3,False,CATS,150,arbitrary,MultiMinded,1000,MaxIter,1196.8099999999977,2241.3282000000004,10,1991.23,695.48000000000002,1937.1038999999998,3480.9286462855462,746.91610025362138,781.04689052454705,30,96,17,131,65
77,30,29,AdaptiveCuttingAuction,0.05,0.08,10,True,,1000,3600,cats_arbitrary_g30b150,True,heuristic,3,False,CATS,150,arbitrary,MultiMinded,123,Balance,60.610000000015134,2086.98,5,1735.17,697.00749999999994,2086.98,2121.3981096940024,1947.1462346940025,1983.3238959563255,7,51,38,120,59
78,30,34,AdaptiveCuttingAuction,0.05,0.08,10,True,,1000,3600,cats_arbitrary_g30b150,True,heuristic,3,False,CATS,150,arbitrary,MultiMinded,1000,MaxIter,1059.0599999999977,2141.5101999999997,10,1833.54,620.51150000000007,1896.7621000000001,2510.8293757770466,1036.7830630045614,1064.2051210445804,26,87,54,121,64
79,30,32,AdaptiveCuttingAuction,0.05,0.08,10,True,,1000,3600,cats_arbitrary_g30b150,True,heuristic,3,False,CATS,150,arbitrary,MultiMinded,1000,MaxIter,951.1600000000035,2182.6516,5,1753.74,722.10699999999997,2135.665,2306.6278466296812,864.82527575945392,884.11995331202263,30,102,32,124,62
80,30,31,AdaptiveCuttingAuction,0.05,0.08,10,True,,1000,3600,cats_arbitrary_g30b150,True,heuristic,3,False,CATS,150,arbitrary,MultiMinded,936,Balance,971.5800000000163,2157.0797,8,1772.89,656.88249999999994,2080.0627,2132.2905484175958,1869.5375484175952,1885.3384138920287,25,98,22,142,61
81,30,31,AdaptiveCuttingAuction,0.05,0.08,10,True,,1000,3600,cats_arbitrary_g30b150,True,heuristic,3,False,CATS,150,arbitrary,MultiMinded,1000,MaxIter,1238.7999999999884,1755.3018000000002,4,1603.71,647.50199999999995,1581.08154,1839.5494234242981,0.0,8.86662575852597,27,91,49,130,61
82,30,34,AdaptiveCuttingAuction,0.05,0.08,10,True,,1000,3600,cats_arbitrary_g30b150,True,heuristic,3,False,CATS,150,arbitrary,MultiMinded,1000,MaxIter,818.1000000000058,2385.8982,8,2112.36,790.75199999999995,2333.4086999999995,2523.091608500953,1564.2995612703257,1611.623796888852,23,71,24,113,64
83,30,32,AdaptiveCuttingAuction,0.05,0.08,10,True,,1000,3600,cats_arbitrary_g30b150,True,heuristic,3,False,CATS,150,arbitrary,MultiMinded,528,Balance,383.5899999999965,2059.99,3,1826.87,768.11400000000003,2059.99,2108.1990045015718,1992.9819045015722,2029.0801180191129,30,68,74,118,62
84,30,33,AdaptiveCuttingAuction,0.05,0.08,10,True,,1000,3600,cats_arbitrary_g30b150,True,heuristic,3,False,CATS,150,arbitrary,MultiMinded,507,Balance,699.25,1978.9186000000002,9,1758.88,838.20399999999995,1978.9186000000002,2058.9122286246043,1692.1698684061498,1701.9565430989389,28,95,22,139,63
85,30,33,AdaptiveCuttingAuction,0.05,0.08,10,True,,1000,3600,cats_arbitrary_g30b150,True,heuristic,3,False,CATS,150,arbitrary,MultiMinded,1000,MaxIter,1374.6900000000023,2216.0256,6,2078.55,626.62099999999998,1922.0718,2295.2341071986007,255.53776745396317,283.84078898898719,30,97,38,130,63
86,30,31,AdaptiveCuttingAuction,0.05,0.08,10,True,,1000,3600,cats_arbitrary_g30b150,True,heuristic,3,False,CATS,150,arbitrary,MultiMinded,230,Balance,124.57000000000698,2283.532,2,1809.12,745.29950000000008,2283.532,2296.4013933794067,2221.8714433794066,2264.7883733577546,30,82,35,123,61
87,30,36,AdaptiveCuttingAuction,0.05,0.08,10,True,,1000,3600,cats_arbitrary_g30b150,True,heuristic,3,False,CATS,150,arbitrary,MultiMinded,798,Balance,703.5100000000093,2522.6901999999995,6,2032.58,563.31899999999996,2522.6901999999995,2553.2675661906428,2384.2718661906433,2397.8995782933971,27,84,43,118,66
88,30,35,AdaptiveCuttingAuction,0.05,0.08,10,True,,1000,3600,cats_arbitrary_g30b150,True,heuristic,3,False,CATS,150,arbitrary,MultiMinded,1000,MaxIter,1236.7900000000081,2265.08,9,1820.47,452.93900000000002,1906.6971,2420.3206539462308,480.98144618188599,503.35484621015752,27,100,17,141,65
89,30,28,AdaptiveCuttingAuction,0.05,0.08,10,True,,1000,3600,cats_arbitrary_g30b150,True,heuristic,3,False,CATS,150,arbitrary,MultiMinded,152,Balance,46.19000000000233,1895.8706000000002,4,1412.37,685.88149999999996,1895.8706000000002,1940.4305459810962,1803.2542459810961,1811.6938739300156,28,61,32,109,58
90,30,33,AdaptiveCuttingAuction,0.05,0.08,10,True,,1000,3600,cats_arbitrary_g30b150,True,heuristic,3,False,CATS,150,arbitrary,MultiMinded,1000,MaxIter,946.8999999999942,2397.1789,5,2224.82,593.16800000000001,2397.1789,2556.1567508571188,1412.1788375740739,1436.3708277459884,28,96,31,132,63
91,30,32,AdaptiveCuttingAuction,0.05,0.08,10,True,,1000,3600,cats_arbitrary_g30b150,True,heuristic,3,False,CATS,150,arbitrary,MultiMinded,1000,MaxIter,1153.679999999993,2290.7259999999997,7,1825.1,529.46000000000004,1549.88251,2305.7784119462608,16.821035763936425,44.565828962451079,19,83,21,119,62
92,30,31,AdaptiveCuttingAuction,0.05,0.08,10,True,,1000,3600,cats_arbitrary_g30b150,True,heuristic,3,False,CATS,150,arbitrary,MultiMinded,348,Balance,287.2399999999907,1880.9630000000002,6,1586.58,901.44949999999994,1880.9630000000002,1907.5166152266602,1641.1792122694726,1689.5608928536585,27,74,52,121,61
93,30,34,AdaptiveCuttingAuction,0.05,0.08,10,True,,1000,3600,cats_arbitrary_g30b150,True,heuristic,3,False,CATS,150,arbitrary,MultiMinded,1000,MaxIter,721.0599999999977,1815.7306,4,1434.89,540.21100000000001,1624.7045999999998,1882.9074019178763,708.59168762366642,724.65068609315961,29,2313,35,125,64
94,30,36,AdaptiveCuttingAuction,0.05,0.08,10,True,,1000,3600,cats_arbitrary_g30b150,True,heuristic,3,False,CATS,150,arbitrary,MultiMinded,919,Balance,794.4100000000035,2435.1574,5,2127.58,687.69500000000005,2435.1574,2444.2977799146843,2272.3740299146834,2284.1471361269187,28,91,59,126,66
95,30,32,AdaptiveCuttingAuction,0.05,0.08,10,True,,1000,3600,cats_arbitrary_g30b150,True,heuristic,3,False,CATS,150,arbitrary,MultiMinded,361,Balance,268.0599999999977,2424.051,6,1933.55,792.75099999999998,2341.336,2406.8049966440658,2168.9796966440658,2187.8916765578351,30,75,33,121,62
96,30,31,AdaptiveCuttingAuction,0.05,0.08,10,True,,1000,3600,cats_arbitrary_g30b150,True,heuristic,3,False,CATS,150,arbitrary,MultiMinded,1000,MaxIter,702.2200000000012,1954.1625,7,1781.86,780.25699999999995,1666.4534999999998,1991.5531576465598,433.29456301066756,482.00566771790557,27,98,30,127,61
97,30,30,AdaptiveCuttingAuction,0.05,0.08,10,True,,1000,3600,cats_arbitrary_g30b150,True,heuristic,3,False,CATS,150,arbitrary,MultiMinded,1000,MaxIter,1004.9599999999919,1794.66,5,1264.09,681.495,1672.233,1983.0347084609716,363.28206071678073,374.18880529753443,22,84,49,127,60
98,30,32,AdaptiveCuttingAuction,0.05,0.08,10,True,,1000,3600,cats_arbitrary_g30b150,True,heuristic,3,False,CATS,150,arbitrary,MultiMinded,1000,MaxIter,661.6300000000047,2145.0272,5,2092.47,967.64100000000008,1512.244,2251.1009434178932,681.10659379935203,718.20425586658871,27,85,41,114,62
99,30,29,AdaptiveCuttingAuction,0.05,0.08,10,True,,1000,3600,cats_arbitrary_g30b150,True,heuristic,3,False,CATS,150,arbitrary,MultiMinded,1000,MaxIter,636.5500000000175,2260.297,3,2093.42,648.17449999999997,1788.8310000000001,2482.8437849908587,0,22.030299729329101,29,76,40,116,59
100,30,37,AdaptiveCuttingAuction,0.05,0.08,10,True,,1000,3600,cats_arbitrary_g30b150,True,heuristic,3,False,CATS,150,arbitrary,MultiMinded,1000,MaxIter,830.3999999999942,2260.7916,9,1588.66,496.72000000000003,2001.7674,2442.1429505117821,356.13257790921517,386.65268099786641,15,2592,47,133,67
