idx,items,agents,auction_class,epsilon,stepc,epoch,scalebyvalue,reserve_type,maxiter,maxtime,generator_param_name,personalized,bidding_strategy,heuristic_pool_num,int_prices,generator,bids,distribution,type,rounds,status,runtime,efficient_value,final_num_winners,final_max_agent_value,final_scalevalue,final_value,final_total_price,final_revenue,final_indirect_util,final_price_degree,final_price_sparsity,final_imbalance,final_wd_nvars,final_wd_ncons
1,30,34,AdaptiveCuttingAuction,0.05,0.01,10,True,,1000,3600,cats_arbitrary_g30b150,True,heuristic,3,False,CATS,150,arbitrary,MultiMinded,945,Balance,2997.4899999999907,1985.8648,9,1958.65,585.33899999999994,1985.8648,2082.8906398505283,1819.4880898505282,1833.1159130082572,30,117,37,141,64
2,30,35,AdaptiveCuttingAuction,0.05,0.01,10,True,,1000,3600,cats_arbitrary_g30b150,True,heuristic,3,False,CATS,150,arbitrary,MultiMinded,81,Balance,44.19999999998254,2197.79,1,2197.79,440.00599999999997,2197.79,2193.8234431352575,2171.8231431352574,2197.4190444419683,21,50,4,107,65
3,30,33,AdaptiveCuttingAuction,0.05,0.01,10,True,,1000,3600,cats_arbitrary_g30b150,True,heuristic,3,False,CATS,150,arbitrary,MultiMinded,1000,MaxIter,731.0,2537.724,7,1980.67,603.23800000000006,2268.5425,2601.2341091975786,832.33009477764062,986.97801397965065,25,75,43,122,63
4,30,33,AdaptiveCuttingAuction,0.05,0.01,10,True,,1000,3600,cats_arbitrary_g30b150,True,heuristic,3,False,CATS,150,arbitrary,MultiMinded,1000,MaxIter,732.2200000000012,2018.328,7,1780.26,501.12400000000002,1870.1083,2105.2322211373289,1098.7051370948807,1101.5517676472168,11,71,40,123,63
5,30,32,AdaptiveCuttingAuction,0.05,0.01,10,True,,1000,3600,cats_arbitrary_g30b150,True,heuristic,3,False,CATS,150,arbitrary,MultiMinded,1000,MaxIter,856.8099999999977,1876.8708299999998,6,1770.89,624.08600000000001,1560.1100299999998,2050.986824871522,273.26892216860745,299.63191188935372,27,85,37,131,62
6,30,33,AdaptiveCuttingAuction,0.05,0.01,10,True,,1000,3600,cats_arbitrary_g30b150,True,heuristic,3,False,CATS,150,arbitrary,MultiMinded,1000,MaxIter,1096.3299999999872,2052.619,5,1672.04,727.22400000000005,1476.4540000000002,2105.8545944545954,69.69784181027066,73.561535403263818,21,78,51,115,63
7,30,30,AdaptiveCuttingAuction,0.05,0.01,10,True,,1000,3600,cats_arbitrary_g30b150,True,heuristic,3,False,CATS,150,arbitrary,MultiMinded,530,Balance,483.6699999999837,2256.612,4,2088.18,661.12950000000001,2256.612,2280.3004320515529,2148.074532051553,2148.3547056274083,30,85,24,118,60
8,30,35,AdaptiveCuttingAuction,0.05,0.01,10,True,,1000,3600,cats_arbitrary_g30b150,True,heuristic,3,False,CATS,150,arbitrary,MultiMinded,1000,MaxIter,854.7200000000012,1886.9858,1,1721.43,762.18450000000007,1592.35,1883.8307232510654,0,0.35257652064767342,28,75,30,114,65
9,30,32,AdaptiveCuttingAuction,0.05,0.01,10,True,,1000,3600,cats_arbitrary_g30b150,True,heuristic,3,False,CATS,150,arbitrary,MultiMinded,1000,MaxIter,596.820000000007,1903.7699,7,1559.25,844.62750000000005,1737.4143,1999.3833880078719,759.52540623795664,759.82158008421595,14,66,51,106,62
10,30,36,AdaptiveCuttingAuction,0.05,0.01,10,True,,1000,3600,cats_arbitrary_g30b150,True,heuristic,3,False,CATS,150,arbitrary,MultiMinded,1000,MaxIter,955.3600000000151,2500.0740000000005,7,2217.68,621.28700000000003,2181.709,2642.0363409851807,827.44331861125738,883.66986137543267,27,92,24,128,66
11,30,30,AdaptiveCuttingAuction,0.05,0.01,10,True,,1000,3600,cats_arbitrary_g30b150,True,heuristic,3,False,CATS,150,arbitrary,MultiMinded,1000,MaxIter,621.890000000014,1868.241,6,1447.57,637.68550000000005,1852.7541099999999,1980.8451207582766,1352.7344189912114,1361.9371532508405,21,63,38,101,60
12,30,32,AdaptiveCuttingAuction,0.05,0.01,10,True,,1000,3600,cats_arbitrary_g30b150,True,heuristic,3,False,CATS,150,arbitrary,MultiMinded,1000,MaxIter,1087.5499999999884,1629.6809799999999,4,1454.03,563.44500000000005,1520.2659800000001,1729.7714020923358,749.48215473893731,751.11136578542869,30,100,39,124,62
13,30,33,AdaptiveCuttingAuction,0.05,0.01,10,True,,1000,3600,cats_arbitrary_g30b150,True,heuristic,3,False,CATS,150,arbitrary,MultiMinded,98,Balance,34.70999999999185,1977.1191,6,1667.86,707.56150000000002,1977.1191,2022.8603154779476,1810.5918654779471,1829.8538806031781,8,50,57,96,63
14,30,33,AdaptiveCuttingAuction,0.05,0.01,10,True,,1000,3600,cats_arbitrary_g30b150,True,heuristic,3,False,CATS,150,arbitrary,MultiMinded,189,Balance,121.79000000000815,2717.117,6,1791.51,726.46749999999997,2717.117,2695.2947685720469,2477.3545185720473,2536.3174546326482,9,70,52,112,63
15,30,30,AdaptiveCuttingAuction,0.05,0.01,10,True,,1000,3600,cats_arbitrary_g30b150,True,heuristic,3,False,CATS,150,arbitrary,MultiMinded,1000,MaxIter,528.0,2171.381,5,1868.55,921.70799999999997,1910.574,2281.7737846241248,152.08730507799174,167.78153727234164,28,57,43,92,60
16,30,34,AdaptiveCuttingAuction,0.05,0.01,10,True,,1000,3600,cats_arbitrary_g30b150,True,heuristic,3,False,CATS,150,arbitrary,MultiMinded,1000,MaxIter,904.6699999999837,2091.4660000000003,6,1581.43,466.154,1981.831,2205.2513289412632,1135.1751493619884,1179.9651478203691,15,76,60,133,64
17,30,32,AdaptiveCuttingAuction,0.05,0.01,10,True,,1000,3600,cats_arbitrary_g30b150,True,heuristic,3,False,CATS,150,arbitrary,MultiMinded,1000,MaxIter,771.6300000000047,1828.406,6,1506.32,727.10699999999997,1828.406,1990.8414625067562,1550.8181927275702,1560.0284322695989,30,79,38,113,62
18,30,33,AdaptiveCuttingAuction,0.05,0.01,10,True,,1000,3600,cats_arbitrary_g30b150,True,heuristic,3,False,CATS,150,arbitrary,MultiMinded,108,Balance,37.970000000001164,2345.2870000000003,3,2117.29,776.08299999999997,2345.2870000000003,2379.8105746969632,2263.3981246969629,2267.3590178209706,11,47,9,95,63
19,30,34,AdaptiveCuttingAuction,0.05,0.01,10,True,,1000,3600,cats_arbitrary_g30b150,True,heuristic,3,False,CATS,150,arbitrary,MultiMinded,1000,MaxIter,678.1600000000035,2287.142,7,1551.3,564.779,2166.1999,2430.0461718730398,1107.2728277174115,1163.5341556066298,18,72,35,115,64
20,30,34,AdaptiveCuttingAuction,0.05,0.01,10,True,,1000,3600,cats_arbitrary_g30b150,True,heuristic,3,False,CATS,150,arbitrary,MultiMinded,91,Balance,76.14999999999418,1940.03319,8,1543.36,583.99600000000009,1940.03319,2012.1065985402663,1782.6839606884398,1792.636509531691,8,60,47,116,64
21,30,32,AdaptiveCuttingAuction,0.05,0.01,10,True,,1000,3600,cats_arbitrary_g30b150,True,heuristic,3,False,CATS,150,arbitrary,MultiMinded,1000,MaxIter,706.789999999979,1599.0811999999999,7,1355.45,695.58449999999993,1478.3571,1640.4147208213592,424.4023329887757,428.7950776221362,30,76,13,94,62
22,30,33,AdaptiveCuttingAuction,0.05,0.01,10,True,,1000,3600,cats_arbitrary_g30b150,True,heuristic,3,False,CATS,150,arbitrary,MultiMinded,1000,MaxIter,562.7799999999988,2282.8423000000003,7,1879.28,739.774,2010.6642000000002,2187.5363851153761,658.84086108785607,661.6208782715662,27,64,39,98,63
23,30,33,AdaptiveCuttingAuction,0.05,0.01,10,True,,1000,3600,cats_arbitrary_g30b150,True,heuristic,3,False,CATS,150,arbitrary,MultiMinded,1000,MaxIter,862.7799999999988,2403.9993,9,2044.82,717.20399999999995,2088.1045,2842.891783863578,561.26235229282645,580.85026993174313,23,76,44,125,63
24,30,30,AdaptiveCuttingAuction,0.05,0.01,10,True,,1000,3600,cats_arbitrary_g30b150,True,heuristic,3,False,CATS,150,arbitrary,MultiMinded,1000,MaxIter,1308.8699999999953,2126.121,4,1969.43,482.00350000000003,1812.3899999999999,2212.0850155516473,144.88331010439165,145.72211005771271,30,98,48,128,60
25,30,29,AdaptiveCuttingAuction,0.05,0.01,10,True,,1000,3600,cats_arbitrary_g30b150,True,heuristic,3,False,CATS,150,arbitrary,MultiMinded,156,Balance,63.26999999998952,1852.1607,5,1764.81,936.35900000000004,1852.1607,1943.0887470109526,1708.9989970109523,1714.966581220202,28,73,69,108,59
26,30,39,AdaptiveCuttingAuction,0.05,0.01,10,True,,1000,3600,cats_arbitrary_g30b150,True,heuristic,3,False,CATS,150,arbitrary,MultiMinded,90,Balance,103.05999999999767,2465.4804,7,1489.25,632.89699999999993,2465.4804,2510.4240019932181,2288.9100519932181,2334.7927238933548,30,72,34,113,69
27,30,29,AdaptiveCuttingAuction,0.05,0.01,10,True,,1000,3600,cats_arbitrary_g30b150,True,heuristic,3,False,CATS,150,arbitrary,MultiMinded,1000,MaxIter,614.6199999999953,2275.4269999999997,4,1932.93,759.11900000000003,1839.621,2463.1946133287115,263.18862557914122,311.35821354037898,27,76,35,107,59
28,30,31,AdaptiveCuttingAuction,0.05,0.01,10,True,,1000,3600,cats_arbitrary_g30b150,True,heuristic,3,False,CATS,150,arbitrary,MultiMinded,61,Balance,28.279999999998836,2301.5724,6,1458.94,613.274,2301.5724,2325.4010123742637,2141.4188123742633,2159.802113672386,6,43,26,110,61
29,30,29,AdaptiveCuttingAuction,0.05,0.01,10,True,,1000,3600,cats_arbitrary_g30b150,True,heuristic,3,False,CATS,150,arbitrary,MultiMinded,1000,MaxIter,813.4800000000105,2007.782,6,1669.06,662.85299999999995,1965.2150000000001,2022.2424286845203,1682.9207777196377,1685.7991461722229,22,62,26,110,59
30,30,35,AdaptiveCuttingAuction,0.05,0.01,10,True,,1000,3600,cats_arbitrary_g30b150,True,heuristic,3,False,CATS,150,arbitrary,MultiMinded,1000,MaxIter,609.6000000000058,2161.8298999999997,7,1539.73,524.54999999999995,1895.7023,2248.7214538690491,762.88983150107049,808.15669141536398,17,65,28,116,65
31,30,32,AdaptiveCuttingAuction,0.05,0.01,10,True,,1000,3600,cats_arbitrary_g30b150,True,heuristic,3,False,CATS,150,arbitrary,MultiMinded,1000,MaxIter,1277.8800000000047,2453.359,6,1724.13,512.56299999999999,2236.256,2545.1207349656033,277.09852130875379,354.45300285484564,9,73,38,124,62
32,30,34,AdaptiveCuttingAuction,0.05,0.01,10,True,,1000,3600,cats_arbitrary_g30b150,True,heuristic,3,False,CATS,150,arbitrary,MultiMinded,1000,MaxIter,782.6300000000047,1818.8858,4,1643.98,574.70600000000002,1510.32,1923.9288546059795,0,0.6587005925710514,18,70,108,117,64
33,30,33,AdaptiveCuttingAuction,0.05,0.01,10,True,,1000,3600,cats_arbitrary_g30b150,True,heuristic,3,False,CATS,150,arbitrary,MultiMinded,1000,MaxIter,575.4199999999837,1944.8153000000002,7,1618.49,617.12249999999995,1679.5337,2081.2446884164347,394.20019036111535,439.21441033445035,19,75,48,120,63
34,30,31,AdaptiveCuttingAuction,0.05,0.01,10,True,,1000,3600,cats_arbitrary_g30b150,True,heuristic,3,False,CATS,150,arbitrary,MultiMinded,1000,MaxIter,702.9700000000012,2467.5019,6,2102.79,578.16200000000003,2467.5019,2544.97600881784,2245.7357509207759,2252.9158373619871,25,77,30,121,61
35,30,32,AdaptiveCuttingAuction,0.05,0.01,10,True,,1000,3600,cats_arbitrary_g30b150,True,heuristic,3,False,CATS,150,arbitrary,MultiMinded,152,Balance,91.70000000001164,2108.201,2,1910.3,506.57900000000001,2108.201,2131.3588838278347,2080.7009838278345,2108.0768538635825,21,66,55,111,62
36,30,35,AdaptiveCuttingAuction,0.05,0.01,10,True,,1000,3600,cats_arbitrary_g30b150,True,heuristic,3,False,CATS,150,arbitrary,MultiMinded,215,Balance,167.80999999999767,1942.8097999999998,6,1649.39,704.06799999999998,1906.264,1905.1166016011566,1693.8962016011565,1749.5452343045752,30,77,38,111,65
37,30,33,AdaptiveCuttingAuction,0.05,0.01,10,True,,1000,3600,cats_arbitrary_g30b150,True,heuristic,3,False,CATS,150,arbitrary,MultiMinded,1000,MaxIter,813.0400000000081,1975.334,2,1881.03,532.89949999999999,1975.334,2060.383089479571,109.9147884708543,129.55514632820666,28,79,38,124,63
38,30,32,AdaptiveCuttingAuction,0.05,0.01,10,True,,1000,3600,cats_arbitrary_g30b150,True,heuristic,3,False,CATS,150,arbitrary,MultiMinded,1000,MaxIter,1064.5100000000093,2501.4829999999997,4,2312.06,839.32600000000002,2184.747,2606.6677996332032,143.37635318032045,147.62473258655129,28,81,31,122,62
39,30,34,AdaptiveCuttingAuction,0.05,0.01,10,True,,1000,3600,cats_arbitrary_g30b150,True,heuristic,3,False,CATS,150,arbitrary,MultiMinded,1000,MaxIter,609.1900000000023,2311.536,7,2186.45,533.95749999999998,1858.6108,2451.5188213539104,0,7.5701397985799872,24,70,49,107,64
40,30,31,AdaptiveCuttingAuction,0.05,0.01,10,True,,1000,3600,cats_arbitrary_g30b150,True,heuristic,3,False,CATS,150,arbitrary,MultiMinded,1000,MaxIter,496.80000000001746,1922.01,7,1548.35,753.33299999999997,1741.4753,2020.1659289831155,1184.5904018842652,1216.7712270030361,10,49,35,99,61
41,30,32,AdaptiveCuttingAuction,0.05,0.01,10,True,,1000,3600,cats_arbitrary_g30b150,True,heuristic,3,False,CATS,150,arbitrary,MultiMinded,1000,MaxIter,1192.4300000000221,1899.3063,6,1626.29,567.45299999999997,1847.8948,1983.5953540903595,1137.2692257286806,1139.7162558456507,30,91,28,122,62
42,30,35,AdaptiveCuttingAuction,0.05,0.01,10,True,,1000,3600,cats_arbitrary_g30b150,True,heuristic,3,False,CATS,150,arbitrary,MultiMinded,1000,MaxIter,1305.4399999999732,2374.3837000000003,3,1682.91,707.67899999999997,2284.058,2435.9096012347682,1178.6788463594123,1183.4851583772779,30,79,31,115,65
43,30,36,AdaptiveCuttingAuction,0.05,0.01,10,True,,1000,3600,cats_arbitrary_g30b150,True,heuristic,3,False,CATS,150,arbitrary,MultiMinded,117,Balance,61.69000000000233,2385.76,1,2385.76,501.80000000000001,2385.76,2387.8836628335475,2362.7936628335474,2391.5723927661502,28,76,38,109,66
44,30,35,AdaptiveCuttingAuction,0.05,0.01,10,True,,1000,3600,cats_arbitrary_g30b150,True,heuristic,3,False,CATS,150,arbitrary,MultiMinded,1000,MaxIter,1018.0099999999802,2079.9506999999994,9,1845.76,468.2165,1860.7060999999999,2194.1002689719439,886.88198123942561,904.57564607031622,14,73,35,133,65
45,30,30,AdaptiveCuttingAuction,0.05,0.01,10,True,,1000,3600,cats_arbitrary_g30b150,True,heuristic,3,False,CATS,150,arbitrary,MultiMinded,1000,MaxIter,864.8499999999767,1973.4939,2,1684.69,518.44550000000004,1734.3274000000001,2020.1122303389304,23.715086433559481,113.55213556460906,24,82,47,116,60
46,30,33,AdaptiveCuttingAuction,0.05,0.01,10,True,,1000,3600,cats_arbitrary_g30b150,True,heuristic,3,False,CATS,150,arbitrary,MultiMinded,1000,MaxIter,654.8299999999872,2174.927,7,1703.31,577.08699999999999,1911.8768,2222.550251064743,1052.720779479363,1062.2971454361068,25,74,32,109,63
47,30,36,AdaptiveCuttingAuction,0.05,0.01,10,True,,1000,3600,cats_arbitrary_g30b150,True,heuristic,3,False,CATS,150,arbitrary,MultiMinded,1000,MaxIter,1007.1300000000047,2134.903,6,1579.3,488.0025,1885.2220000000002,2243.3387526268089,606.13450943335613,614.30457760618594,28,74,40,123,66
48,30,36,AdaptiveCuttingAuction,0.05,0.01,10,True,,1000,3600,cats_arbitrary_g30b150,True,heuristic,3,False,CATS,150,arbitrary,MultiMinded,1000,MaxIter,1209.5299999999988,2120.0323,10,1723.29,500.82099999999997,1942.2514999999999,2362.1485259810725,884.61282397612501,901.3334068293525,24,93,34,138,66
49,30,32,AdaptiveCuttingAuction,0.05,0.01,10,True,,1000,3600,cats_arbitrary_g30b150,True,heuristic,3,False,CATS,150,arbitrary,MultiMinded,1000,MaxIter,769.9100000000035,1825.5846,9,1448.16,458.54599999999999,1666.2446000000002,1925.3135759313898,503.6938374416921,540.6728839348184,26,78,37,120,62
50,30,32,AdaptiveCuttingAuction,0.05,0.01,10,True,,1000,3600,cats_arbitrary_g30b150,True,heuristic,3,False,CATS,150,arbitrary,MultiMinded,100,Balance,49.26999999998952,2387.589,3,2137.71,881.64700000000005,2387.589,2438.8635252705926,2306.6164752705927,2314.7266264734585,30,69,1,99,62
51,30,31,AdaptiveCuttingAuction,0.05,0.01,10,True,,1000,3600,cats_arbitrary_g30b150,True,heuristic,3,False,CATS,150,arbitrary,MultiMinded,1000,MaxIter,646.6300000000047,2404.514,5,2207.65,681.84050000000002,2156.0600000000004,2383.4946556390978,1868.2039966324492,1872.1204285994818,27,76,46,107,61
52,30,34,AdaptiveCuttingAuction,0.05,0.01,10,True,,1000,3600,cats_arbitrary_g30b150,True,heuristic,3,False,CATS,150,arbitrary,MultiMinded,1000,MaxIter,579.8000000000175,2070.7699000000002,8,1761.92,837.09500000000003,1901.2208,2214.7302763446924,734.48153847313893,748.43917047199966,26,80,65,115,64
53,30,34,AdaptiveCuttingAuction,0.05,0.01,10,True,,1000,3600,cats_arbitrary_g30b150,True,heuristic,3,False,CATS,150,arbitrary,MultiMinded,271,Balance,213.98000000001048,1944.8844,7,1588.82,654.95799999999997,1944.8844,1999.2474648750945,1770.0121648750944,1773.6072420458388,23,75,33,112,64
54,30,30,AdaptiveCuttingAuction,0.05,0.01,10,True,,1000,3600,cats_arbitrary_g30b150,True,heuristic,3,False,CATS,150,arbitrary,MultiMinded,219,Balance,84.05000000001746,2678.4509,3,2281.57,746.976,2678.4509,2616.5244306807917,2504.4780306807916,2602.5878100595069,23,67,4,98,60
55,30,31,AdaptiveCuttingAuction,0.05,0.01,10,True,,1000,3600,cats_arbitrary_g30b150,True,heuristic,3,False,CATS,150,arbitrary,MultiMinded,193,Balance,88.16000000000349,2211.653,6,1943.48,726.06700000000001,2211.653,2264.8802952404162,2047.0601952404165,2048.3064012406535,12,60,43,104,61
56,30,29,AdaptiveCuttingAuction,0.05,0.01,10,True,,1000,3600,cats_arbitrary_g30b150,True,heuristic,3,False,CATS,150,arbitrary,MultiMinded,102,Balance,40.29000000000815,2093.229,3,1877.5,714.9369999999999,2093.229,2103.2328878191711,1995.9923378191711,2025.4796625787112,28,74,41,98,59
57,30,31,AdaptiveCuttingAuction,0.05,0.01,10,True,,1000,3600,cats_arbitrary_g30b150,True,heuristic,3,False,CATS,150,arbitrary,MultiMinded,1000,MaxIter,966.8299999999872,2015.9576000000002,4,1667.14,591.51199999999994,1670.1186,1992.804724759015,436.74235651281748,463.3010096433847,30,90,28,115,61
58,30,33,AdaptiveCuttingAuction,0.05,0.01,10,True,,1000,3600,cats_arbitrary_g30b150,True,heuristic,3,False,CATS,150,arbitrary,MultiMinded,1000,MaxIter,864.6000000000058,2213.6252,7,1937.47,893.10799999999995,1900.0957,2292.188933536479,341.63236892240502,349.60998481244553,26,69,22,109,63
59,30,31,AdaptiveCuttingAuction,0.05,0.01,10,True,,1000,3600,cats_arbitrary_g30b150,True,heuristic,3,False,CATS,150,arbitrary,MultiMinded,736,Balance,368.4799999999814,2195.5229,4,1710.57,782.62599999999998,2195.5229,2230.1055168360044,2073.5803168360044,2080.9672564784255,24,70,30,103,61
60,30,36,AdaptiveCuttingAuction,0.05,0.01,10,True,,1000,3600,cats_arbitrary_g30b150,True,heuristic,3,False,CATS,150,arbitrary,MultiMinded,419,Balance,353.11000000001513,1802.554,4,1574.08,671.95349999999996,1802.554,1860.7136954170621,1726.3229954170622,1727.1769854425233,23,85,41,124,66
61,30,33,AdaptiveCuttingAuction,0.05,0.01,10,True,,1000,3600,cats_arbitrary_g30b150,True,heuristic,3,False,CATS,150,arbitrary,MultiMinded,1000,MaxIter,668.3800000000047,1724.4375,6,1339.03,584.49199999999996,1222.6121,1762.8499420033531,53.43885895206374,78.393637020303728,24,65,46,112,63
62,30,36,AdaptiveCuttingAuction,0.05,0.01,10,True,,1000,3600,cats_arbitrary_g30b150,True,heuristic,3,False,CATS,150,arbitrary,MultiMinded,1000,MaxIter,771.5099999999802,2437.0683000000004,6,1933.61,814.90999999999997,2291.9831999999997,2339.8544776548829,1835.5251945905241,1837.5890216583132,30,62,17,104,66
63,30,34,AdaptiveCuttingAuction,0.05,0.01,10,True,,1000,3600,cats_arbitrary_g30b150,True,heuristic,3,False,CATS,150,arbitrary,MultiMinded,1000,MaxIter,875.9000000000233,2003.24,9,2003.24,494.63999999999999,1727.09987,2235.2127975544677,1308.8947479705446,1314.4315391241337,24,104,40,128,64
64,30,34,AdaptiveCuttingAuction,0.05,0.01,10,True,,1000,3600,cats_arbitrary_g30b150,True,heuristic,3,False,CATS,150,arbitrary,MultiMinded,1000,MaxIter,856.9700000000012,2039.0195999999999,7,1809.03,585.17600000000004,1906.795,2124.5246677965156,966.8489309545995,978.43398762291281,29,79,29,128,64
65,30,36,AdaptiveCuttingAuction,0.05,0.01,10,True,,1000,3600,cats_arbitrary_g30b150,True,heuristic,3,False,CATS,150,arbitrary,MultiMinded,804,Balance,979.929999999993,1894.2412000000002,6,1377.42,663.9670000000001,1894.2412000000002,1907.1541897521993,1725.4240475751808,1774.5519493083184,30,97,53,133,66
66,30,33,AdaptiveCuttingAuction,0.05,0.01,10,True,,1000,3600,cats_arbitrary_g30b150,True,heuristic,3,False,CATS,150,arbitrary,MultiMinded,169,Balance,88.8299999999872,2454.29,1,2454.29,522.13300000000004,2454.29,2477.4665451747196,2451.3598951747194,2463.2950838096608,29,80,4,117,63
67,30,31,AdaptiveCuttingAuction,0.05,0.01,10,True,,1000,3600,cats_arbitrary_g30b150,True,heuristic,3,False,CATS,150,arbitrary,MultiMinded,1000,MaxIter,1224.8399999999965,2341.4958,7,2017.46,785.07600000000002,2338.6890999999996,2550.9375892430226,1779.2424103646831,1783.1740314839637,25,75,45,113,61
68,30,31,AdaptiveCuttingAuction,0.05,0.01,10,True,,1000,3600,cats_arbitrary_g30b150,True,heuristic,3,False,CATS,150,arbitrary,MultiMinded,1000,MaxIter,690.179999999993,2082.3165,7,1694.51,536.65000000000009,1724.8575,2130.6103520389079,826.93922519935848,831.82216500083666,25,80,19,115,61
69,30,32,AdaptiveCuttingAuction,0.05,0.01,10,True,,1000,3600,cats_arbitrary_g30b150,True,heuristic,3,False,CATS,150,arbitrary,MultiMinded,636,Balance,398.6700000000128,2088.0744,6,1731.11,855.64499999999998,2088.0744,2131.7348171117546,1879.3373358947144,1882.0803593542571,28,73,34,107,62
70,30,33,AdaptiveCuttingAuction,0.05,0.01,10,True,,1000,3600,cats_arbitrary_g30b150,True,heuristic,3,False,CATS,150,arbitrary,MultiMinded,1000,MaxIter,717.7799999999988,2258.578,5,1454.94,617.26599999999996,1944.88,2146.5037297302497,291.53567702005876,540.29274310422795,30,77,43,109,63
71,30,33,AdaptiveCuttingAuction,0.05,0.01,10,True,,1000,3600,cats_arbitrary_g30b150,True,heuristic,3,False,CATS,150,arbitrary,MultiMinded,1000,MaxIter,757.0,2247.3372,7,1920.4,499.70499999999998,1687.6662,2221.8535822184886,478.41013974968513,485.97276823029398,24,72,58,115,63
72,30,39,AdaptiveCuttingAuction,0.05,0.01,10,True,,1000,3600,cats_arbitrary_g30b150,True,heuristic,3,False,CATS,150,arbitrary,MultiMinded,1000,MaxIter,1793.0299999999988,2410.0175,11,1662.34,705.94000000000005,2240.0798999999997,2547.7000676696889,1046.1690835776817,1072.1964473296689,12,81,54,136,69
73,30,34,AdaptiveCuttingAuction,0.05,0.01,10,True,,1000,3600,cats_arbitrary_g30b150,True,heuristic,3,False,CATS,150,arbitrary,MultiMinded,1000,MaxIter,1128.5500000000175,2015.5892,7,1380.57,479.64299999999997,1946.9152,2248.9957637149905,810.71688320798057,884.61868153067235,30,82,43,126,64
74,30,36,AdaptiveCuttingAuction,0.05,0.01,10,True,,1000,3600,cats_arbitrary_g30b150,True,heuristic,3,False,CATS,150,arbitrary,MultiMinded,1000,MaxIter,1137.1000000000058,2042.097,9,1285.64,413.78699999999998,1839.3085999999998,2106.5704770218558,1037.89713074724,1046.6886213991274,29,82,49,138,66
75,30,28,AdaptiveCuttingAuction,0.05,0.01,10,True,,1000,3600,cats_arbitrary_g30b150,True,heuristic,3,False,CATS,150,arbitrary,MultiMinded,1000,MaxIter,527.9599999999919,1952.3077,5,1522.4,797.30549999999994,1577.76637,2130.3754069101878,730.90367366532166,731.40162657205269,20,63,60,103,58
76,30,35,AdaptiveCuttingAuction,0.05,0.01,10,True,,1000,3600,cats_arbitrary_g30b150,True,heuristic,3,False,CATS,150,arbitrary,MultiMinded,1000,MaxIter,686.7299999999814,2241.3282000000004,4,1991.23,695.48000000000002,2184.3019999999997,2637.6294816014633,290.77484131754829,429.34371996622383,23,69,39,123,65
77,30,29,AdaptiveCuttingAuction,0.05,0.01,10,True,,1000,3600,cats_arbitrary_g30b150,True,heuristic,3,False,CATS,150,arbitrary,MultiMinded,224,Balance,83.63000000000466,2086.98,5,1735.17,697.00749999999994,2086.98,2141.8503997560947,1967.5985247560945,2002.9472002032117,11,59,35,107,59
78,30,34,AdaptiveCuttingAuction,0.05,0.01,10,True,,1000,3600,cats_arbitrary_g30b150,True,heuristic,3,False,CATS,150,arbitrary,MultiMinded,1000,MaxIter,1375.6300000000047,2141.5101999999997,9,1833.54,620.51150000000007,2017.5097999999998,2279.0531324167141,1383.0035635233139,1390.5548324098411,26,78,40,123,64
79,30,32,AdaptiveCuttingAuction,0.05,0.01,10,True,,1000,3600,cats_arbitrary_g30b150,True,heuristic,3,False,CATS,150,arbitrary,MultiMinded,1000,MaxIter,565.8899999999849,2182.6516,6,1753.74,722.10699999999997,2170.6936,2414.4982911308662,1368.4014638729875,1369.9008872730356,29,70,30,116,62
80,30,31,AdaptiveCuttingAuction,0.05,0.01,10,True,,1000,3600,cats_arbitrary_g30b150,True,heuristic,3,False,CATS,150,arbitrary,MultiMinded,1000,MaxIter,705.3300000000163,2157.0797,8,1772.89,656.88249999999994,2027.8227,2086.3533842206793,1670.6286716378731,1718.8884460643485,25,81,51,122,61
81,30,31,AdaptiveCuttingAuction,0.05,0.01,10,True,,1000,3600,cats_arbitrary_g30b150,True,heuristic,3,False,CATS,150,arbitrary,MultiMinded,1000,MaxIter,798.1300000000047,1755.3018000000002,5,1603.71,647.50199999999995,1534.39934,1835.8679465757982,0.0,90.740002230224576,27,65,31,118,61
82,30,34,AdaptiveCuttingAuction,0.05,0.01,10,True,,1000,3600,cats_arbitrary_g30b150,True,heuristic,3,False,CATS,150,arbitrary,MultiMinded,1000,MaxIter,627.570000000007,2385.8982,6,2112.36,790.75199999999995,1912.1626999999999,2264.453958963019,392.79371022136741,394.08342102069741,28,72,78,105,64
83,30,32,AdaptiveCuttingAuction,0.05,0.01,10,True,,1000,3600,cats_arbitrary_g30b150,True,heuristic,3,False,CATS,150,arbitrary,MultiMinded,773,Balance,439.95999999999185,2059.99,5,1826.87,768.11400000000003,1992.9542,2034.7967173200163,1842.7682173200162,1844.2521423652327,24,61,28,101,62
84,30,33,AdaptiveCuttingAuction,0.05,0.01,10,True,,1000,3600,cats_arbitrary_g30b150,True,heuristic,3,False,CATS,150,arbitrary,MultiMinded,378,Balance,369.80000000001746,1978.9186000000002,9,1758.88,838.20399999999995,1978.9186000000002,2009.8288379644293,1642.7690429189331,1645.4856283123995,24,86,42,118,63
85,30,33,AdaptiveCuttingAuction,0.05,0.01,10,True,,1000,3600,cats_arbitrary_g30b150,True,heuristic,3,False,CATS,150,arbitrary,MultiMinded,1000,MaxIter,758.0500000000175,2216.0256,7,2078.55,626.62099999999998,2019.0802,2299.6436117203771,554.61866407301977,560.92686621417795,20,64,16,121,63
86,30,31,AdaptiveCuttingAuction,0.05,0.01,10,True,,1000,3600,cats_arbitrary_g30b150,True,heuristic,3,False,CATS,150,arbitrary,MultiMinded,91,Balance,41.70000000001164,2283.532,2,1809.12,745.29950000000008,2283.532,2298.0243306279899,2223.4943806279898,2249.3032602937483,30,70,31,99,61
87,30,36,AdaptiveCuttingAuction,0.05,0.01,10,True,,1000,3600,cats_arbitrary_g30b150,True,heuristic,3,False,CATS,150,arbitrary,MultiMinded,829,Balance,636.8600000000151,2522.6901999999995,6,2032.58,563.31899999999996,2522.6901999999995,2571.1885717197183,2402.1928717197179,2405.5653814892248,27,78,56,117,66
88,30,35,AdaptiveCuttingAuction,0.05,0.01,10,True,,1000,3600,cats_arbitrary_g30b150,True,heuristic,3,False,CATS,150,arbitrary,MultiMinded,1000,MaxIter,1053.7900000000081,2265.08,9,1820.47,452.93900000000002,1998.422,2353.1313102180538,347.7899569987166,389.70979165657343,27,105,82,127,65
89,30,28,AdaptiveCuttingAuction,0.05,0.01,10,True,,1000,3600,cats_arbitrary_g30b150,True,heuristic,3,False,CATS,150,arbitrary,MultiMinded,897,Balance,572.0899999999965,1895.8706000000002,4,1412.37,685.88149999999996,1895.8706000000002,1905.3528601340986,1768.1765601340987,1793.1505058268217,28,65,25,111,58
90,30,33,AdaptiveCuttingAuction,0.05,0.01,10,True,,1000,3600,cats_arbitrary_g30b150,True,heuristic,3,False,CATS,150,arbitrary,MultiMinded,326,Balance,263.2600000000093,2397.1789,5,2224.82,593.16800000000001,2342.2181,2391.7847044830596,2243.4927044830597,2246.2463751409637,28,72,42,117,63
91,30,32,AdaptiveCuttingAuction,0.05,0.01,10,True,,1000,3600,cats_arbitrary_g30b150,True,heuristic,3,False,CATS,150,arbitrary,MultiMinded,1000,MaxIter,1349.8899999999849,2290.7259999999997,6,1825.1,529.46000000000004,2015.63951,2361.7152675846992,1597.8157474781772,1602.9870023688293,30,98,28,126,62
92,30,31,AdaptiveCuttingAuction,0.05,0.01,10,True,,1000,3600,cats_arbitrary_g30b150,True,heuristic,3,False,CATS,150,arbitrary,MultiMinded,1000,MaxIter,646.4199999999837,1880.9630000000002,6,1586.58,901.44949999999994,1880.9630000000002,1980.9728574979715,1491.647887265244,1519.0676762351416,27,72,26,111,61
93,30,34,AdaptiveCuttingAuction,0.05,0.01,10,True,,1000,3600,cats_arbitrary_g30b150,True,heuristic,3,False,CATS,150,arbitrary,MultiMinded,1000,MaxIter,966.1300000000047,1815.7306,4,1434.89,540.21100000000001,1597.679,1922.3775802630491,214.23842352621605,215.03031384863328,19,75,59,125,64
94,30,36,AdaptiveCuttingAuction,0.05,0.01,10,True,,1000,3600,cats_arbitrary_g30b150,True,heuristic,3,False,CATS,150,arbitrary,MultiMinded,1000,MaxIter,784.6700000000128,2435.1574,6,2127.58,687.69500000000005,1973.242,2400.4394027419035,989.68300670286783,1103.375979634902,24,67,18,106,66
95,30,32,AdaptiveCuttingAuction,0.05,0.01,10,True,,1000,3600,cats_arbitrary_g30b150,True,heuristic,3,False,CATS,150,arbitrary,MultiMinded,1000,MaxIter,696.7799999999988,2424.051,5,1933.55,792.75099999999998,2203.378,2352.3648119170425,1161.4511693009963,1166.9218818302343,30,81,16,112,62
96,30,31,AdaptiveCuttingAuction,0.05,0.01,10,True,,1000,3600,cats_arbitrary_g30b150,True,heuristic,3,False,CATS,150,arbitrary,MultiMinded,1000,MaxIter,690.1900000000023,1954.1625,3,1781.86,780.25699999999995,1733.0430000000001,2001.1840224114594,0,0.70734293142237448,22,74,59,114,61
97,30,30,AdaptiveCuttingAuction,0.05,0.01,10,True,,1000,3600,cats_arbitrary_g30b150,True,heuristic,3,False,CATS,150,arbitrary,MultiMinded,1000,MaxIter,743.039999999979,1794.66,4,1264.09,681.495,1794.66,1960.6528572998759,887.63165199536695,888.24926205153406,11,71,56,114,60
98,30,32,AdaptiveCuttingAuction,0.05,0.01,10,True,,1000,3600,cats_arbitrary_g30b150,True,heuristic,3,False,CATS,150,arbitrary,MultiMinded,1000,MaxIter,801.5499999999884,2145.0272,5,2092.47,967.64100000000008,1865.7961999999998,2257.3439881494978,1131.1544988698288,1135.8893838183274,30,74,31,111,62
99,30,29,AdaptiveCuttingAuction,0.05,0.01,10,True,,1000,3600,cats_arbitrary_g30b150,True,heuristic,3,False,CATS,150,arbitrary,MultiMinded,1000,MaxIter,678.5099999999802,2260.297,4,2093.42,648.17449999999997,1950.673,2248.3330339444415,1186.7011853279334,1201.1579928935967,29,72,31,109,59
100,30,37,AdaptiveCuttingAuction,0.05,0.01,10,True,,1000,3600,cats_arbitrary_g30b150,True,heuristic,3,False,CATS,150,arbitrary,MultiMinded,1000,MaxIter,935.3399999999965,2260.7916,7,1588.66,496.72000000000003,2070.1324999999997,2274.9002188233344,1238.240204182011,1265.325937654728,24,2923,54,136,67
