idx,items,agents,auction_class,epsilon,stepc,epoch,scalebyvalue,reserve_type,maxiter,maxtime,generator_param_name,personalized,bidding_strategy,heuristic_pool_num,int_prices,generator,bids,distribution,type,rounds,status,runtime,efficient_value,final_num_winners,final_max_agent_value,final_scalevalue,final_value,final_total_price,final_revenue,final_indirect_util,final_price_degree,final_price_sparsity,final_imbalance,final_wd_nvars,final_wd_ncons
1,30,34,AdaptiveCuttingAuction,0.05,0.04,10,True,,1000,3600,cats_arbitrary_g30b150,True,heuristic,3,False,CATS,150,arbitrary,MultiMinded,1000,MaxIter,1397.429999999993,1985.8648,7,1958.65,585.33899999999994,1751.3477,2200.4458654473692,839.20597622846617,853.7471198521896,30,85,42,135,64
2,30,35,AdaptiveCuttingAuction,0.05,0.04,10,True,,1000,3600,cats_arbitrary_g30b150,True,heuristic,3,False,CATS,150,arbitrary,MultiMinded,74,Balance,29.369999999995343,2197.79,1,2197.79,440.00599999999997,2197.79,2218.3358131450168,2196.3355131450166,2202.0704019939967,17,49,41,93,65
3,30,33,AdaptiveCuttingAuction,0.05,0.04,10,True,,1000,3600,cats_arbitrary_g30b150,True,heuristic,3,False,CATS,150,arbitrary,MultiMinded,1000,MaxIter,738.2399999999907,2537.724,7,1980.67,603.23800000000006,2233.5605,2563.5195921624509,931.55459196791685,1155.9155601866371,25,83,28,110,63
4,30,33,AdaptiveCuttingAuction,0.05,0.04,10,True,,1000,3600,cats_arbitrary_g30b150,True,heuristic,3,False,CATS,150,arbitrary,MultiMinded,1000,MaxIter,944.0200000000186,2018.328,7,1780.26,501.12400000000002,1866.8173,2252.5383970759613,914.983886036483,939.35835008370373,29,88,34,117,63
5,30,32,AdaptiveCuttingAuction,0.05,0.04,10,True,,1000,3600,cats_arbitrary_g30b150,True,heuristic,3,False,CATS,150,arbitrary,MultiMinded,1000,MaxIter,1422.7599999999802,1876.8708299999998,4,1770.89,624.08600000000001,1864.266,2013.5000640632586,875.02428491413548,878.80047818875346,30,92,51,129,62
6,30,33,AdaptiveCuttingAuction,0.05,0.04,10,True,,1000,3600,cats_arbitrary_g30b150,True,heuristic,3,False,CATS,150,arbitrary,MultiMinded,1000,MaxIter,1344.8199999999779,2052.619,5,1672.04,727.22400000000005,1684.7809000000002,2092.2915421704729,25.962321023178056,43.805530306876172,30,107,21,136,63
7,30,30,AdaptiveCuttingAuction,0.05,0.04,10,True,,1000,3600,cats_arbitrary_g30b150,True,heuristic,3,False,CATS,150,arbitrary,MultiMinded,1000,MaxIter,1052.570000000007,2256.612,2,2088.18,661.12950000000001,2178.289,2295.1216607419206,724.28458763844856,733.72781644110182,30,85,43,125,60
8,30,35,AdaptiveCuttingAuction,0.05,0.04,10,True,,1000,3600,cats_arbitrary_g30b150,True,heuristic,3,False,CATS,150,arbitrary,MultiMinded,772,Balance,477.3099999999977,1886.9858,4,1721.43,762.18450000000007,1886.9858,1924.8787448315006,1772.4418448315007,1776.9213999430683,20,72,29,117,65
9,30,32,AdaptiveCuttingAuction,0.05,0.04,10,True,,1000,3600,cats_arbitrary_g30b150,True,heuristic,3,False,CATS,150,arbitrary,MultiMinded,265,Balance,122.97000000000116,1903.7699,6,1559.25,844.62750000000005,1903.7699,1958.2019300639859,1704.8136800639857,1718.3030402199868,14,65,30,103,62
10,30,36,AdaptiveCuttingAuction,0.05,0.04,10,True,,1000,3600,cats_arbitrary_g30b150,True,heuristic,3,False,CATS,150,arbitrary,MultiMinded,1000,MaxIter,970.3800000000047,2500.0740000000005,5,2217.68,621.28700000000003,1739.8139,2662.2999606335452,333.7901385542682,358.81266055932838,10,71,47,126,66
11,30,30,AdaptiveCuttingAuction,0.05,0.04,10,True,,1000,3600,cats_arbitrary_g30b150,True,heuristic,3,False,CATS,150,arbitrary,MultiMinded,1000,MaxIter,557.2399999999907,1868.241,4,1447.57,637.68550000000005,1741.5149999999999,2097.7308094935124,332.26840700810419,344.10901884721926,12,62,45,101,60
12,30,32,AdaptiveCuttingAuction,0.05,0.04,10,True,,1000,3600,cats_arbitrary_g30b150,True,heuristic,3,False,CATS,150,arbitrary,MultiMinded,286,Balance,216.11000000001513,1629.6809799999999,5,1454.03,563.44500000000005,1608.8691,1658.1882812971958,1517.3270312971954,1559.0423324487899,30,86,75,125,62
13,30,33,AdaptiveCuttingAuction,0.05,0.04,10,True,,1000,3600,cats_arbitrary_g30b150,True,heuristic,3,False,CATS,150,arbitrary,MultiMinded,404,Balance,261.9199999999837,1977.1191,6,1667.86,707.56150000000002,1977.1191,2009.5071841389456,1797.2387341389451,1811.2782700876774,29,76,52,108,63
14,30,33,AdaptiveCuttingAuction,0.05,0.04,10,True,,1000,3600,cats_arbitrary_g30b150,True,heuristic,3,False,CATS,150,arbitrary,MultiMinded,775,Balance,809.5899999999965,2717.117,6,1791.51,726.46749999999997,2717.117,2751.9876061739242,2534.0473561739245,2540.2837948302163,30,87,43,121,63
15,30,30,AdaptiveCuttingAuction,0.05,0.04,10,True,,1000,3600,cats_arbitrary_g30b150,True,heuristic,3,False,CATS,150,arbitrary,MultiMinded,1000,MaxIter,853.7799999999988,2171.381,5,1868.55,921.70799999999997,1930.511,2297.8237885148692,755.86758165629578,783.55954619148986,28,83,37,112,60
16,30,34,AdaptiveCuttingAuction,0.05,0.04,10,True,,1000,3600,cats_arbitrary_g30b150,True,heuristic,3,False,CATS,150,arbitrary,MultiMinded,1000,MaxIter,908.1000000000058,2091.4660000000003,6,1581.43,466.154,2012.8897,2328.7485618283454,572.75195682725416,580.10590477935079,21,3162,56,139,64
17,30,32,AdaptiveCuttingAuction,0.05,0.04,10,True,,1000,3600,cats_arbitrary_g30b150,True,heuristic,3,False,CATS,150,arbitrary,MultiMinded,1000,MaxIter,1485.4799999999814,1828.406,7,1506.32,727.10699999999997,1728.4844999999998,1924.4170101233781,1192.3866105218208,1208.9621689306505,30,106,36,128,62
18,30,33,AdaptiveCuttingAuction,0.05,0.04,10,True,,1000,3600,cats_arbitrary_g30b150,True,heuristic,3,False,CATS,150,arbitrary,MultiMinded,114,Balance,32.85000000000582,2345.2870000000003,3,2117.29,776.08299999999997,2345.2870000000003,2409.5871956232904,2293.1747456232902,2299.5865992720992,8,47,28,97,63
19,30,34,AdaptiveCuttingAuction,0.05,0.04,10,True,,1000,3600,cats_arbitrary_g30b150,True,heuristic,3,False,CATS,150,arbitrary,MultiMinded,1000,MaxIter,734.5,2287.142,6,1551.3,564.779,2124.915,2658.0541511119868,262.38212078173979,322.28423952587758,30,78,28,109,64
20,30,34,AdaptiveCuttingAuction,0.05,0.04,10,True,,1000,3600,cats_arbitrary_g30b150,True,heuristic,3,False,CATS,150,arbitrary,MultiMinded,1000,MaxIter,1263.25,1940.03319,8,1543.36,583.99600000000009,1940.03319,2025.2303638364917,1555.663776134377,1560.2273832923543,12,79,38,118,64
21,30,32,AdaptiveCuttingAuction,0.05,0.04,10,True,,1000,3600,cats_arbitrary_g30b150,True,heuristic,3,False,CATS,150,arbitrary,MultiMinded,1000,MaxIter,1174.0100000000093,1599.0811999999999,6,1355.45,695.58449999999993,1344.6929,1728.8383708980386,129.72131363232859,130.60661235591675,26,84,42,117,62
22,30,33,AdaptiveCuttingAuction,0.05,0.04,10,True,,1000,3600,cats_arbitrary_g30b150,True,heuristic,3,False,CATS,150,arbitrary,MultiMinded,626,Balance,428.22000000000116,2282.8423000000003,8,1879.28,739.774,2282.8423000000003,2309.543584534973,2013.6339845349728,2058.0267041815937,30,64,27,112,63
23,30,33,AdaptiveCuttingAuction,0.05,0.04,10,True,,1000,3600,cats_arbitrary_g30b150,True,heuristic,3,False,CATS,150,arbitrary,MultiMinded,1000,MaxIter,872.5199999999895,2403.9993,6,2044.82,717.20399999999995,2129.603,2494.1989422003148,887.92317851992141,910.99192586607478,30,3046,37,125,63
24,30,30,AdaptiveCuttingAuction,0.05,0.04,10,True,,1000,3600,cats_arbitrary_g30b150,True,heuristic,3,False,CATS,150,arbitrary,MultiMinded,1000,MaxIter,1209.6900000000023,2126.121,5,1969.43,482.00350000000003,2090.1659999999997,2215.9320473138855,1227.5377441697608,1231.029756910382,30,94,59,126,60
25,30,29,AdaptiveCuttingAuction,0.05,0.04,10,True,,1000,3600,cats_arbitrary_g30b150,True,heuristic,3,False,CATS,150,arbitrary,MultiMinded,1000,MaxIter,762.1999999999825,1852.1607,2,1764.81,936.35900000000004,1610.613,2060.5685964359127,0,0.0,28,92,83,116,59
26,30,39,AdaptiveCuttingAuction,0.05,0.04,10,True,,1000,3600,cats_arbitrary_g30b150,True,heuristic,3,False,CATS,150,arbitrary,MultiMinded,116,Balance,72.45000000001164,2465.4804,7,1489.25,632.89699999999993,2360.4089,2359.6965557373815,2141.0408014624495,2189.4455604926648,22,58,50,110,69
27,30,29,AdaptiveCuttingAuction,0.05,0.04,10,True,,1000,3600,cats_arbitrary_g30b150,True,heuristic,3,False,CATS,150,arbitrary,MultiMinded,1000,MaxIter,684.2799999999988,2275.4269999999997,5,1932.93,759.11900000000003,2275.4269999999997,2321.0162268671929,1288.4728917029665,1346.4439423486256,27,66,42,114,59
28,30,31,AdaptiveCuttingAuction,0.05,0.04,10,True,,1000,3600,cats_arbitrary_g30b150,True,heuristic,3,False,CATS,150,arbitrary,MultiMinded,39,Balance,9.860000000015134,2301.5724,6,1458.94,613.274,2301.5724,2345.6790507079809,2161.696850707981,2178.9464155257651,6,38,12,90,61
29,30,29,AdaptiveCuttingAuction,0.05,0.04,10,True,,1000,3600,cats_arbitrary_g30b150,True,heuristic,3,False,CATS,150,arbitrary,MultiMinded,236,Balance,143.5099999999802,2007.782,7,1669.06,662.85299999999995,2007.782,2090.1914246569359,1858.1928746569358,1878.1507209451677,11,64,44,109,59
30,30,35,AdaptiveCuttingAuction,0.05,0.04,10,True,,1000,3600,cats_arbitrary_g30b150,True,heuristic,3,False,CATS,150,arbitrary,MultiMinded,1000,MaxIter,707.1600000000035,2161.8298999999997,6,1539.73,524.54999999999995,1869.1770999999999,2279.0295276052461,592.42696854935593,607.24894066503248,22,73,27,118,65
31,30,32,AdaptiveCuttingAuction,0.05,0.04,10,True,,1000,3600,cats_arbitrary_g30b150,True,heuristic,3,False,CATS,150,arbitrary,MultiMinded,1000,MaxIter,1185.5499999999884,2453.359,6,1724.13,512.56299999999999,2214.04,2505.4814032220047,1040.0560280655779,1059.5550477393679,8,81,9,127,62
32,30,34,AdaptiveCuttingAuction,0.05,0.04,10,True,,1000,3600,cats_arbitrary_g30b150,True,heuristic,3,False,CATS,150,arbitrary,MultiMinded,1000,MaxIter,1963.6300000000047,1818.8858,6,1643.98,574.70600000000002,1495.4460000000001,1905.167688602734,280.85767145490507,288.79926775459296,30,103,40,134,64
33,30,33,AdaptiveCuttingAuction,0.05,0.04,10,True,,1000,3600,cats_arbitrary_g30b150,True,heuristic,3,False,CATS,150,arbitrary,MultiMinded,1000,MaxIter,810.8299999999872,1944.8153000000002,8,1618.49,617.12249999999995,1758.3765,2122.4366296782855,783.10657065399494,795.50147104297685,11,83,66,129,63
34,30,31,AdaptiveCuttingAuction,0.05,0.04,10,True,,1000,3600,cats_arbitrary_g30b150,True,heuristic,3,False,CATS,150,arbitrary,MultiMinded,1000,MaxIter,686.8099999999977,2467.5019,5,2102.79,578.16200000000003,2393.571,2482.4553091833186,1957.2342286760163,1979.5739417980112,27,76,28,118,61
35,30,32,AdaptiveCuttingAuction,0.05,0.04,10,True,,1000,3600,cats_arbitrary_g30b150,True,heuristic,3,False,CATS,150,arbitrary,MultiMinded,88,Balance,38.29999999998836,2108.201,2,1910.3,506.57900000000001,2108.201,2083.7562040273206,2033.0983040273204,2107.3373305215882,24,65,45,97,62
36,30,35,AdaptiveCuttingAuction,0.05,0.04,10,True,,1000,3600,cats_arbitrary_g30b150,True,heuristic,3,False,CATS,150,arbitrary,MultiMinded,380,Balance,298.38000000000466,1942.8097999999998,6,1649.39,704.06799999999998,1942.8097999999998,1994.8610717972697,1783.6406717972691,1792.0117018478979,28,87,34,127,65
37,30,33,AdaptiveCuttingAuction,0.05,0.04,10,True,,1000,3600,cats_arbitrary_g30b150,True,heuristic,3,False,CATS,150,arbitrary,MultiMinded,1000,MaxIter,836.8500000000058,1975.334,3,1881.03,532.89949999999999,1735.184,2057.0450535264999,0,17.786128411803261,30,87,42,121,63
38,30,32,AdaptiveCuttingAuction,0.05,0.04,10,True,,1000,3600,cats_arbitrary_g30b150,True,heuristic,3,False,CATS,150,arbitrary,MultiMinded,498,Balance,491.2700000000186,2501.4829999999997,6,2312.06,839.32600000000002,2406.3703,2515.8596625415398,2267.5138897368724,2269.4425141209613,28,90,30,123,62
39,30,34,AdaptiveCuttingAuction,0.05,0.04,10,True,,1000,3600,cats_arbitrary_g30b150,True,heuristic,3,False,CATS,150,arbitrary,MultiMinded,1000,MaxIter,727.359999999986,2311.536,5,2186.45,533.95749999999998,1521.9807999999998,2407.5743661520646,70.671239036409716,71.880243242612735,30,73,86,116,64
40,30,31,AdaptiveCuttingAuction,0.05,0.04,10,True,,1000,3600,cats_arbitrary_g30b150,True,heuristic,3,False,CATS,150,arbitrary,MultiMinded,1000,MaxIter,628.3099999999977,1922.01,6,1548.35,753.33299999999997,1480.4532999999997,1992.1446290264071,705.02713749183499,711.52008694103972,27,72,39,104,61
41,30,32,AdaptiveCuttingAuction,0.05,0.04,10,True,,1000,3600,cats_arbitrary_g30b150,True,heuristic,3,False,CATS,150,arbitrary,MultiMinded,1000,MaxIter,1052.8300000000163,1899.3063,6,1626.29,567.45299999999997,1585.8062000000002,1994.6085165231245,648.95178411344307,654.90082052174682,30,86,33,115,62
42,30,35,AdaptiveCuttingAuction,0.05,0.04,10,True,,1000,3600,cats_arbitrary_g30b150,True,heuristic,3,False,CATS,150,arbitrary,MultiMinded,1000,MaxIter,1057.75,2374.3837000000003,3,1682.91,707.67899999999997,2284.058,2380.7580275330283,2035.4288531031289,2036.2785712864397,30,82,38,121,65
43,30,36,AdaptiveCuttingAuction,0.05,0.04,10,True,,1000,3600,cats_arbitrary_g30b150,True,heuristic,3,False,CATS,150,arbitrary,MultiMinded,373,Balance,199.07000000000698,2385.76,1,2385.76,501.80000000000001,2385.76,2408.1889608525821,2383.098960852582,2383.098960852582,19,70,30,104,66
44,30,35,AdaptiveCuttingAuction,0.05,0.04,10,True,,1000,3600,cats_arbitrary_g30b150,True,heuristic,3,False,CATS,150,arbitrary,MultiMinded,1000,MaxIter,1017.7600000000093,2079.9506999999994,5,1845.76,468.2165,1869.1281,2253.5009577787114,411.03614874992513,421.51199200054793,14,75,19,124,65
45,30,30,AdaptiveCuttingAuction,0.05,0.04,10,True,,1000,3600,cats_arbitrary_g30b150,True,heuristic,3,False,CATS,150,arbitrary,MultiMinded,1000,MaxIter,758.539999999979,1973.4939,5,1684.69,518.44550000000004,1539.2987,2776.0381357036235,25.418992450114981,34.673882246928585,24,68,47,110,60
46,30,33,AdaptiveCuttingAuction,0.05,0.04,10,True,,1000,3600,cats_arbitrary_g30b150,True,heuristic,3,False,CATS,150,arbitrary,MultiMinded,1000,MaxIter,788.9100000000035,2174.927,7,1703.31,577.08699999999999,1695.7428,2281.7925863111277,498.8128424338542,501.34552074438216,25,71,48,116,63
47,30,36,AdaptiveCuttingAuction,0.05,0.04,10,True,,1000,3600,cats_arbitrary_g30b150,True,heuristic,3,False,CATS,150,arbitrary,MultiMinded,1000,MaxIter,840.9899999999907,2134.903,5,1579.3,488.0025,1989.57,2287.521790025814,362.40756062457393,368.21849386844178,21,89,43,120,66
48,30,36,AdaptiveCuttingAuction,0.05,0.04,10,True,,1000,3600,cats_arbitrary_g30b150,True,heuristic,3,False,CATS,150,arbitrary,MultiMinded,1000,MaxIter,853.1900000000023,2120.0323,11,1723.29,500.82099999999997,1862.3587000000002,2419.9121102975587,1165.0180635425418,1185.5854173290213,24,93,20,127,66
49,30,32,AdaptiveCuttingAuction,0.05,0.04,10,True,,1000,3600,cats_arbitrary_g30b150,True,heuristic,3,False,CATS,150,arbitrary,MultiMinded,1000,MaxIter,1457.2699999999895,1825.5846,7,1448.16,458.54599999999999,1656.106,2096.1156807260177,714.08946525179522,752.42502895832536,30,84,37,128,62
50,30,32,AdaptiveCuttingAuction,0.05,0.04,10,True,,1000,3600,cats_arbitrary_g30b150,True,heuristic,3,False,CATS,150,arbitrary,MultiMinded,106,Balance,28.85999999998603,2387.589,3,2137.71,881.64700000000005,2372.596,2440.0688519603841,2307.8218019603842,2323.3678530250559,13,47,9,91,62
51,30,31,AdaptiveCuttingAuction,0.05,0.04,10,True,,1000,3600,cats_arbitrary_g30b150,True,heuristic,3,False,CATS,150,arbitrary,MultiMinded,1000,MaxIter,767.1600000000035,2404.514,6,2207.65,681.84050000000002,1966.182,2637.3408357185795,616.50379875722399,685.19186157487786,30,81,27,112,61
52,30,34,AdaptiveCuttingAuction,0.05,0.04,10,True,,1000,3600,cats_arbitrary_g30b150,True,heuristic,3,False,CATS,150,arbitrary,MultiMinded,1000,MaxIter,689.570000000007,2070.7699000000002,7,1761.92,837.09500000000003,1902.6009000000001,2218.5716281424093,774.49359526160788,789.40917564553308,26,95,54,129,64
53,30,34,AdaptiveCuttingAuction,0.05,0.04,10,True,,1000,3600,cats_arbitrary_g30b150,True,heuristic,3,False,CATS,150,arbitrary,MultiMinded,1000,MaxIter,1234.9799999999814,1944.8844,6,1588.82,654.95799999999997,1897.3912,2007.9141284935827,1511.4263846414449,1523.548769422295,26,90,38,129,64
54,30,30,AdaptiveCuttingAuction,0.05,0.04,10,True,,1000,3600,cats_arbitrary_g30b150,True,heuristic,3,False,CATS,150,arbitrary,MultiMinded,99,Balance,29.520000000018626,2678.4509,3,2281.57,746.976,2678.4509,2604.3852081215127,2492.3388081215126,2608.0161897744938,10,46,19,86,60
55,30,31,AdaptiveCuttingAuction,0.05,0.04,10,True,,1000,3600,cats_arbitrary_g30b150,True,heuristic,3,False,CATS,150,arbitrary,MultiMinded,441,Balance,304.9400000000023,2211.653,6,1943.48,726.06700000000001,2211.653,2250.719845501445,2032.8997455014453,2040.0524475063714,15,79,22,116,61
56,30,29,AdaptiveCuttingAuction,0.05,0.04,10,True,,1000,3600,cats_arbitrary_g30b150,True,heuristic,3,False,CATS,150,arbitrary,MultiMinded,157,Balance,42.94000000000233,2093.229,3,1877.5,714.9369999999999,2093.229,2076.6383425825061,1969.3977925825061,2063.8029347722472,7,48,53,97,59
57,30,31,AdaptiveCuttingAuction,0.05,0.04,10,True,,1000,3600,cats_arbitrary_g30b150,True,heuristic,3,False,CATS,150,arbitrary,MultiMinded,592,Balance,572.9200000000128,2015.9576000000002,5,1667.14,591.51199999999994,2015.9576000000002,2080.0428305956966,1932.1648305956967,1959.0488545858075,21,89,31,137,61
58,30,33,AdaptiveCuttingAuction,0.05,0.04,10,True,,1000,3600,cats_arbitrary_g30b150,True,heuristic,3,False,CATS,150,arbitrary,MultiMinded,1000,MaxIter,697.6000000000058,2213.6252,6,1937.47,893.10799999999995,1690.361,2497.9771740023612,412.65040478424407,460.76191410492089,25,67,47,113,63
59,30,31,AdaptiveCuttingAuction,0.05,0.04,10,True,,1000,3600,cats_arbitrary_g30b150,True,heuristic,3,False,CATS,150,arbitrary,MultiMinded,1000,MaxIter,705.2099999999919,2195.5229,4,1710.57,782.62599999999998,2041.8139999999999,2300.9934305056372,1790.9243083288889,1800.9414578360597,19,66,23,107,61
60,30,36,AdaptiveCuttingAuction,0.05,0.04,10,True,,1000,3600,cats_arbitrary_g30b150,True,heuristic,3,False,CATS,150,arbitrary,MultiMinded,1000,MaxIter,980.5299999999988,1802.554,6,1574.08,671.95349999999996,1698.3545,1907.3995416553107,449.11374716258825,458.1176127347652,26,105,43,127,66
61,30,33,AdaptiveCuttingAuction,0.05,0.04,10,True,,1000,3600,cats_arbitrary_g30b150,True,heuristic,3,False,CATS,150,arbitrary,MultiMinded,1000,MaxIter,867.179999999993,1724.4375,5,1339.03,584.49199999999996,1248.0725,1841.3556932148126,469.03712043367159,483.79540241178449,24,83,28,123,63
62,30,36,AdaptiveCuttingAuction,0.05,0.04,10,True,,1000,3600,cats_arbitrary_g30b150,True,heuristic,3,False,CATS,150,arbitrary,MultiMinded,1000,MaxIter,777.7900000000081,2437.0683000000004,8,1933.61,814.90999999999997,2093.3193,2476.9114418582499,902.94306627988453,910.43165655918767,23,87,34,119,66
63,30,34,AdaptiveCuttingAuction,0.05,0.04,10,True,,1000,3600,cats_arbitrary_g30b150,True,heuristic,3,False,CATS,150,arbitrary,MultiMinded,1000,MaxIter,1124.6600000000035,2003.24,6,2003.24,494.63999999999999,1446.5203999999999,2227.4526856668908,299.25991200739122,308.8293557084674,30,104,35,127,64
64,30,34,AdaptiveCuttingAuction,0.05,0.04,10,True,,1000,3600,cats_arbitrary_g30b150,True,heuristic,3,False,CATS,150,arbitrary,MultiMinded,1000,MaxIter,891.4900000000198,2039.0195999999999,8,1809.03,585.17600000000004,1832.8137000000002,2144.3607680826749,359.53967233441,430.40986676116893,29,94,50,134,64
65,30,36,AdaptiveCuttingAuction,0.05,0.04,10,True,,1000,3600,cats_arbitrary_g30b150,True,heuristic,3,False,CATS,150,arbitrary,MultiMinded,1000,MaxIter,967.8800000000047,1894.2412000000002,4,1377.42,663.9670000000001,1505.9185,1841.5973495772914,120.43450215001081,123.55148991099607,30,103,58,127,66
66,30,33,AdaptiveCuttingAuction,0.05,0.04,10,True,,1000,3600,cats_arbitrary_g30b150,True,heuristic,3,False,CATS,150,arbitrary,MultiMinded,483,Balance,299.46000000002095,2454.29,1,2454.29,522.13300000000004,2454.29,2478.3645074150668,2452.2578574150666,2452.2582646073142,22,76,30,114,63
67,30,31,AdaptiveCuttingAuction,0.05,0.04,10,True,,1000,3600,cats_arbitrary_g30b150,True,heuristic,3,False,CATS,150,arbitrary,MultiMinded,1000,MaxIter,913.820000000007,2341.4958,6,2017.46,785.07600000000002,2311.824,2833.0037235148002,1762.2670466468503,1802.8177353533072,23,74,29,114,61
68,30,31,AdaptiveCuttingAuction,0.05,0.04,10,True,,1000,3600,cats_arbitrary_g30b150,True,heuristic,3,False,CATS,150,arbitrary,MultiMinded,1000,MaxIter,768.6900000000023,2082.3165,6,1694.51,536.65000000000009,1478.4160000000002,2168.378838338017,27.96059392523301,33.009542331342772,25,73,34,126,61
69,30,32,AdaptiveCuttingAuction,0.05,0.04,10,True,,1000,3600,cats_arbitrary_g30b150,True,heuristic,3,False,CATS,150,arbitrary,MultiMinded,187,Balance,118.17999999999302,2088.0744,6,1731.11,855.64499999999998,2088.0744,2103.4417315746709,1847.9680232361268,1911.8684224906658,30,77,63,120,62
70,30,33,AdaptiveCuttingAuction,0.05,0.04,10,True,,1000,3600,cats_arbitrary_g30b150,True,heuristic,3,False,CATS,150,arbitrary,MultiMinded,1000,MaxIter,503.9199999999837,2258.578,5,1454.94,617.26599999999996,1944.88,2349.3480688799577,966.48168469267569,1035.7752326696739,13,69,22,114,63
71,30,33,AdaptiveCuttingAuction,0.05,0.04,10,True,,1000,3600,cats_arbitrary_g30b150,True,heuristic,3,False,CATS,150,arbitrary,MultiMinded,783,Balance,690.2000000000116,2247.3372,7,1920.4,499.70499999999998,2247.3372,2275.3560700287439,2100.4593200287441,2112.4450128783969,30,91,31,113,63
72,30,39,AdaptiveCuttingAuction,0.05,0.04,10,True,,1000,3600,cats_arbitrary_g30b150,True,heuristic,3,False,CATS,150,arbitrary,MultiMinded,438,Balance,700.789999999979,2410.0175,9,1662.34,705.94000000000005,2410.0175,2465.9359603114103,2148.2629603114101,2172.5932546025952,16,84,35,133,69
73,30,34,AdaptiveCuttingAuction,0.05,0.04,10,True,,1000,3600,cats_arbitrary_g30b150,True,heuristic,3,False,CATS,150,arbitrary,MultiMinded,1000,MaxIter,835.9500000000116,2015.5892,6,1380.57,479.64299999999997,1552.9733999999999,2572.9632487048666,504.40413556378365,601.70271998093438,22,69,41,114,64
74,30,36,AdaptiveCuttingAuction,0.05,0.04,10,True,,1000,3600,cats_arbitrary_g30b150,True,heuristic,3,False,CATS,150,arbitrary,MultiMinded,193,Balance,207.94000000000233,2042.097,7,1285.64,413.78699999999998,2042.097,2065.9673350767562,1921.1418850767557,1930.3125399255209,30,80,24,117,66
75,30,28,AdaptiveCuttingAuction,0.05,0.04,10,True,,1000,3600,cats_arbitrary_g30b150,True,heuristic,3,False,CATS,150,arbitrary,MultiMinded,1000,MaxIter,376.35999999998603,1952.3077,4,1522.4,797.30549999999994,1871.4817000000003,1946.3134032986479,859.22322275189833,860.6829655674635,20,60,55,97,58
76,30,35,AdaptiveCuttingAuction,0.05,0.04,10,True,,1000,3600,cats_arbitrary_g30b150,True,heuristic,3,False,CATS,150,arbitrary,MultiMinded,1000,MaxIter,863.8299999999872,2241.3282000000004,10,1991.23,695.48000000000002,1954.3144999999997,3023.1789235442811,955.42238914131667,963.40745738603482,27,76,35,126,65
77,30,29,AdaptiveCuttingAuction,0.05,0.04,10,True,,1000,3600,cats_arbitrary_g30b150,True,heuristic,3,False,CATS,150,arbitrary,MultiMinded,640,Balance,408.1000000000058,2086.98,5,1735.17,697.00749999999994,2086.98,2148.9178927864787,1974.6660177864787,1983.9525350049817,17,85,30,118,59
78,30,34,AdaptiveCuttingAuction,0.05,0.04,10,True,,1000,3600,cats_arbitrary_g30b150,True,heuristic,3,False,CATS,150,arbitrary,MultiMinded,1000,MaxIter,813.570000000007,2141.5101999999997,8,1833.54,620.51150000000007,1956.2157,2455.7331722416357,1342.1912944256469,1381.5628741594994,18,71,34,117,64
79,30,32,AdaptiveCuttingAuction,0.05,0.04,10,True,,1000,3600,cats_arbitrary_g30b150,True,heuristic,3,False,CATS,150,arbitrary,MultiMinded,1000,MaxIter,592.6999999999825,2182.6516,6,1753.74,722.10699999999997,2006.3175999999999,2342.6722025342478,564.02939872741501,587.37340743645473,30,77,37,105,62
80,30,31,AdaptiveCuttingAuction,0.05,0.04,10,True,,1000,3600,cats_arbitrary_g30b150,True,heuristic,3,False,CATS,150,arbitrary,MultiMinded,114,Balance,59.720000000001164,2157.0797,8,1772.89,656.88249999999994,2080.0627,2167.4793634679354,1904.7263634679357,1909.4850115785086,13,67,25,108,61
81,30,31,AdaptiveCuttingAuction,0.05,0.04,10,True,,1000,3600,cats_arbitrary_g30b150,True,heuristic,3,False,CATS,150,arbitrary,MultiMinded,1000,MaxIter,741.3299999999872,1755.3018000000002,6,1603.71,647.50199999999995,1669.98134,1828.252436876699,933.92728740325765,949.7269537009654,27,77,45,113,61
82,30,34,AdaptiveCuttingAuction,0.05,0.04,10,True,,1000,3600,cats_arbitrary_g30b150,True,heuristic,3,False,CATS,150,arbitrary,MultiMinded,260,Balance,163.12999999997555,2385.8982,4,2112.36,790.75199999999995,2372.349,2476.7871423639858,2318.6367423639854,2353.1638222178522,20,62,34,107,64
83,30,32,AdaptiveCuttingAuction,0.05,0.04,10,True,,1000,3600,cats_arbitrary_g30b150,True,heuristic,3,False,CATS,150,arbitrary,MultiMinded,646,Balance,428.54999999998836,2059.99,3,1826.87,768.11400000000003,2059.99,2108.8579015558789,1993.6408015558784,1995.3636352657136,24,87,49,118,62
84,30,33,AdaptiveCuttingAuction,0.05,0.04,10,True,,1000,3600,cats_arbitrary_g30b150,True,heuristic,3,False,CATS,150,arbitrary,MultiMinded,595,Balance,754.429999999993,1978.9186000000002,5,1758.88,838.20399999999995,1914.7676000000001,2019.672317271511,1821.9007483737967,1848.230523873581,28,82,56,130,63
85,30,33,AdaptiveCuttingAuction,0.05,0.04,10,True,,1000,3600,cats_arbitrary_g30b150,True,heuristic,3,False,CATS,150,arbitrary,MultiMinded,101,Balance,49.829999999987194,2216.0256,6,2078.55,626.62099999999998,2216.0256,2276.757847120798,2088.7715471207985,2124.0322552083371,8,57,48,117,63
86,30,31,AdaptiveCuttingAuction,0.05,0.04,10,True,,1000,3600,cats_arbitrary_g30b150,True,heuristic,3,False,CATS,150,arbitrary,MultiMinded,139,Balance,57.04999999998836,2283.532,2,1809.12,745.29950000000008,2283.532,2325.6549806049288,2251.1250306049287,2276.0990251428984,30,74,54,109,61
87,30,36,AdaptiveCuttingAuction,0.05,0.04,10,True,,1000,3600,cats_arbitrary_g30b150,True,heuristic,3,False,CATS,150,arbitrary,MultiMinded,438,Balance,313.9400000000023,2522.6901999999995,8,2032.58,563.31899999999996,2476.8872,2527.1919077341536,2301.864307734153,2311.9537940227588,30,70,34,105,66
88,30,35,AdaptiveCuttingAuction,0.05,0.04,10,True,,1000,3600,cats_arbitrary_g30b150,True,heuristic,3,False,CATS,150,arbitrary,MultiMinded,1000,MaxIter,842.2699999999895,2265.08,9,1820.47,452.93900000000002,2133.923,2420.1138934485371,686.4393059428246,706.91667859613938,17,69,43,126,65
89,30,28,AdaptiveCuttingAuction,0.05,0.04,10,True,,1000,3600,cats_arbitrary_g30b150,True,heuristic,3,False,CATS,150,arbitrary,MultiMinded,430,Balance,207.63000000000466,1895.8706000000002,4,1412.37,685.88149999999996,1895.8706000000002,1938.9605962727435,1801.7842962727434,1803.2382976317328,17,57,16,108,58
90,30,33,AdaptiveCuttingAuction,0.05,0.04,10,True,,1000,3600,cats_arbitrary_g30b150,True,heuristic,3,False,CATS,150,arbitrary,MultiMinded,1000,MaxIter,1170.6900000000023,2397.1789,6,2224.82,593.16800000000001,1824.8390000000002,2657.2350111577034,134.91740507088332,150.33156526638723,22,85,56,117,63
91,30,32,AdaptiveCuttingAuction,0.05,0.04,10,True,,1000,3600,cats_arbitrary_g30b150,True,heuristic,3,False,CATS,150,arbitrary,MultiMinded,545,Balance,392.6700000000128,2290.7259999999997,4,1825.1,529.46000000000004,2222.3869999999997,2236.0771871956904,2130.1851871956906,2169.4269757294196,30,67,45,104,62
92,30,31,AdaptiveCuttingAuction,0.05,0.04,10,True,,1000,3600,cats_arbitrary_g30b150,True,heuristic,3,False,CATS,150,arbitrary,MultiMinded,134,Balance,39.85999999998603,1880.9630000000002,6,1586.58,901.44949999999994,1880.9630000000002,1957.5333784017896,1696.2302422927942,1720.9871989188825,9,49,42,104,61
93,30,34,AdaptiveCuttingAuction,0.05,0.04,10,True,,1000,3600,cats_arbitrary_g30b150,True,heuristic,3,False,CATS,150,arbitrary,MultiMinded,427,Balance,377.6499999999942,1815.7306,5,1434.89,540.21100000000001,1815.7306,1843.5728030115906,1708.5200530115906,1723.9787315987251,29,2924,43,124,64
94,30,36,AdaptiveCuttingAuction,0.05,0.04,10,True,,1000,3600,cats_arbitrary_g30b150,True,heuristic,3,False,CATS,150,arbitrary,MultiMinded,1000,MaxIter,876.6900000000023,2435.1574,3,2127.58,687.69500000000005,2274.557,2606.2369538298549,1315.3049886275701,1328.8587549987651,27,88,26,123,66
95,30,32,AdaptiveCuttingAuction,0.05,0.04,10,True,,1000,3600,cats_arbitrary_g30b150,True,heuristic,3,False,CATS,150,arbitrary,MultiMinded,258,Balance,160.4200000000128,2424.051,5,1933.55,792.75099999999998,2262.9809999999998,2337.6326292100848,2139.4448792100852,2187.9241828463923,27,79,74,111,62
96,30,31,AdaptiveCuttingAuction,0.05,0.04,10,True,,1000,3600,cats_arbitrary_g30b150,True,heuristic,3,False,CATS,150,arbitrary,MultiMinded,1000,MaxIter,648.8100000000268,1954.1625,4,1781.86,780.25699999999995,1560.553,2052.3383552970281,483.2756689772786,502.82851021596366,27,76,23,118,61
97,30,30,AdaptiveCuttingAuction,0.05,0.04,10,True,,1000,3600,cats_arbitrary_g30b150,True,heuristic,3,False,CATS,150,arbitrary,MultiMinded,1000,MaxIter,729.0800000000163,1794.66,6,1264.09,681.495,1490.3899999999999,2165.6756521938919,235.45364506039078,241.0167541143843,11,65,48,116,60
98,30,32,AdaptiveCuttingAuction,0.05,0.04,10,True,,1000,3600,cats_arbitrary_g30b150,True,heuristic,3,False,CATS,150,arbitrary,MultiMinded,1000,MaxIter,830.6900000000023,2145.0272,6,2092.47,967.64100000000008,1630.8166,2261.70597515896,721.41629793787342,745.38349668580986,30,82,30,116,62
99,30,29,AdaptiveCuttingAuction,0.05,0.04,10,True,,1000,3600,cats_arbitrary_g30b150,True,heuristic,3,False,CATS,150,arbitrary,MultiMinded,1000,MaxIter,601.2399999999907,2260.297,5,2093.42,648.17449999999997,1704.531,2388.184991307447,23.257373000218543,33.559002155406752,29,67,23,103,59
100,30,37,AdaptiveCuttingAuction,0.05,0.04,10,True,,1000,3600,cats_arbitrary_g30b150,True,heuristic,3,False,CATS,150,arbitrary,MultiMinded,1000,MaxIter,1007.4100000000035,2260.7916,8,1588.66,496.72000000000003,2123.0987999999998,2427.4897754954768,1477.7183909252726,1488.5580968986142,24,108,38,131,67
