idx,items,agents,auction_class,epsilon,stepc,epoch,scalebyvalue,reserve_type,maxiter,maxtime,generator_param_name,personalized,bidding_strategy,heuristic_pool_num,int_prices,generator,bids,distribution,type,rounds,status,runtime,efficient_value,final_num_winners,final_max_agent_value,final_scalevalue,final_value,final_total_price,final_revenue,final_indirect_util,final_price_degree,final_price_sparsity,final_imbalance,final_wd_nvars,final_wd_ncons
1,30,34,LinearSubgradientAuction,0.05,0.04,,True,,1000,3600,cats_arbitrary_g30b150,,heuristic,2,False,CATS,150,arbitrary,MultiMinded,1000,MaxIter,1410.3999999999942,1985.8648,7,1958.65,585.33899999999994,684.671,2269.4047572087629,614.94468639705929,631.77261636481035,1,30,19,2074,3124
2,30,35,LinearSubgradientAuction,0.05,0.04,,True,,1000,3600,cats_arbitrary_g30b150,,heuristic,2,False,CATS,150,arbitrary,MultiMinded,1000,MaxIter,1454.729999999996,2197.79,9,2197.79,440.00599999999997,1071.2879,2247.0801799747619,578.22169549123032,578.77911521352689,1,30,35,2135,3215
3,30,33,LinearSubgradientAuction,0.05,0.04,,True,,1000,3600,cats_arbitrary_g30b150,,heuristic,2,False,CATS,150,arbitrary,MultiMinded,1000,MaxIter,1370.9400000000023,2537.724,9,1980.67,603.23800000000006,1196.286,2946.5560405315678,857.30574054573844,863.53813231625747,1,30,41,2013,3033
4,30,33,LinearSubgradientAuction,0.05,0.04,,True,,1000,3600,cats_arbitrary_g30b150,,heuristic,2,False,CATS,150,arbitrary,MultiMinded,1000,MaxIter,1377.699999999997,2018.328,3,1780.26,501.12400000000002,1046.042,2295.3945642767562,372.618654993853,386.61132463058345,1,30,15,2013,3033
5,30,32,LinearSubgradientAuction,0.05,0.04,,True,,1000,3600,cats_arbitrary_g30b150,,heuristic,2,False,CATS,150,arbitrary,MultiMinded,1000,MaxIter,1318.0,1876.8708299999998,7,1770.89,624.08600000000001,796.9380000000001,2327.1041108820427,641.9154799969416,646.93382287946793,1,30,36,1952,2942
6,30,33,LinearSubgradientAuction,0.05,0.04,,True,,1000,3600,cats_arbitrary_g30b150,,heuristic,2,False,CATS,150,arbitrary,MultiMinded,1000,MaxIter,1388.6000000000058,2052.619,2,1672.04,727.22400000000005,310.456,2687.4170004800999,0,10.888790601890001,1,30,20,2013,3033
7,30,30,LinearSubgradientAuction,0.05,0.04,,True,,1000,3600,cats_arbitrary_g30b150,,heuristic,2,False,CATS,150,arbitrary,MultiMinded,1000,MaxIter,1247.8899999999994,2256.612,2,2088.18,661.12950000000001,1601.737,2692.4988851746602,102.43410815058826,120.86123722755931,1,30,28,1830,2760
8,30,35,LinearSubgradientAuction,0.05,0.04,,True,,1000,3600,cats_arbitrary_g30b150,,heuristic,2,False,CATS,150,arbitrary,MultiMinded,1000,MaxIter,1466.5199999999895,1886.9858,9,1721.43,762.18450000000007,701.4066,2119.9990991557324,519.19550364823897,520.19037150587542,1,30,45,2135,3215
9,30,32,LinearSubgradientAuction,0.05,0.04,,True,,1000,3600,cats_arbitrary_g30b150,,heuristic,2,False,CATS,150,arbitrary,MultiMinded,1000,MaxIter,1303.800000000003,1903.7699,6,1559.25,844.62750000000005,767.9667000000001,2247.7435055648248,617.51241289973655,621.35359782143121,1,30,30,1952,2942
10,30,36,LinearSubgradientAuction,0.05,0.04,,True,,1000,3600,cats_arbitrary_g30b150,,heuristic,2,False,CATS,150,arbitrary,MultiMinded,1000,MaxIter,1497.3399999999965,2500.0740000000005,6,2217.68,621.28700000000003,1214.359,3009.6526124758702,701.32691330977161,804.5464646211409,1,30,13,2196,3306
11,30,30,LinearSubgradientAuction,0.05,0.04,,True,,1000,3600,cats_arbitrary_g30b150,,heuristic,2,False,CATS,150,arbitrary,MultiMinded,1000,MaxIter,1237.4000000000087,1868.241,4,1447.57,637.68550000000005,940.9019999999999,2479.4656911488178,679.841166594931,688.3469885164734,1,30,18,1830,2760
12,30,32,LinearSubgradientAuction,0.05,0.04,,True,,1000,3600,cats_arbitrary_g30b150,,heuristic,2,False,CATS,150,arbitrary,MultiMinded,1000,MaxIter,1324.090000000011,1629.6809799999999,7,1454.03,563.44500000000005,1010.5187999999999,2061.9857623407906,928.03270119867022,936.13854691726897,1,30,26,1952,2942
13,30,33,LinearSubgradientAuction,0.05,0.04,,True,,1000,3600,cats_arbitrary_g30b150,,heuristic,2,False,CATS,150,arbitrary,MultiMinded,1000,MaxIter,1378.6100000000006,1977.1191,2,1667.86,707.56150000000002,970.1751,2285.5670628005919,45.646902818890815,49.522731566833023,1,30,29,2013,3033
14,30,33,LinearSubgradientAuction,0.05,0.04,,True,,1000,3600,cats_arbitrary_g30b150,,heuristic,2,False,CATS,150,arbitrary,MultiMinded,1000,MaxIter,1369.7899999999936,2717.117,4,1791.51,726.46749999999997,1660.8139999999999,3028.4851226179403,208.01325201184125,238.45839888287264,1,30,17,2013,3033
15,30,30,LinearSubgradientAuction,0.05,0.04,,True,,1000,3600,cats_arbitrary_g30b150,,heuristic,2,False,CATS,150,arbitrary,MultiMinded,1000,MaxIter,1238.4100000000035,2171.381,5,1868.55,921.70799999999997,1238.94,2697.930326501757,1225.0820068768007,1227.4361086704698,1,30,23,1830,2760
16,30,34,LinearSubgradientAuction,0.05,0.04,,True,,1000,3600,cats_arbitrary_g30b150,,heuristic,2,False,CATS,150,arbitrary,MultiMinded,1000,MaxIter,1402.7799999999988,2091.4660000000003,9,1581.43,466.154,1147.1860000000001,2419.5993884366617,1080.486705768041,1082.5554301229379,1,30,28,2074,3124
17,30,32,LinearSubgradientAuction,0.05,0.04,,True,,1000,3600,cats_arbitrary_g30b150,,heuristic,2,False,CATS,150,arbitrary,MultiMinded,1000,MaxIter,1323.9000000000087,1828.406,1,1506.32,727.10699999999997,1245.45,2086.915497494329,0,1.062180161350625,1,30,30,1952,2942
18,30,33,LinearSubgradientAuction,0.05,0.04,,True,,1000,3600,cats_arbitrary_g30b150,,heuristic,2,False,CATS,150,arbitrary,MultiMinded,1000,MaxIter,1392.8600000000006,2345.2870000000003,1,2117.29,776.08299999999997,1881.66,2671.8225316422572,0,7.6326427882403323,1,30,29,2013,3033
19,30,34,LinearSubgradientAuction,0.05,0.04,,True,,1000,3600,cats_arbitrary_g30b150,,heuristic,2,False,CATS,150,arbitrary,MultiMinded,1000,MaxIter,1422.8500000000058,2287.142,4,1551.3,564.779,1596.51,2670.6502485277861,1538.0895491197621,1548.0809363061787,1,30,13,2074,3124
20,30,34,LinearSubgradientAuction,0.05,0.04,,True,,1000,3600,cats_arbitrary_g30b150,,heuristic,2,False,CATS,150,arbitrary,MultiMinded,1000,MaxIter,1388.3499999999913,1940.03319,2,1543.36,583.99600000000009,928.928,2315.1044666211833,0,5.2264024222605769,1,30,19,2074,3124
21,30,32,LinearSubgradientAuction,0.05,0.04,,True,,1000,3600,cats_arbitrary_g30b150,,heuristic,2,False,CATS,150,arbitrary,MultiMinded,1000,MaxIter,1329.7200000000012,1599.0811999999999,8,1355.45,695.58449999999993,1334.1442000000002,2053.8220682081992,1214.3057262743725,1215.2695008443518,1,30,26,1952,2942
22,30,33,LinearSubgradientAuction,0.05,0.04,,True,,1000,3600,cats_arbitrary_g30b150,,heuristic,2,False,CATS,150,arbitrary,MultiMinded,1000,MaxIter,1392.3300000000017,2282.8423000000003,4,1879.28,739.774,925.36,2515.5676588734,453.77023653445156,478.74438485288056,1,30,14,2013,3033
23,30,33,LinearSubgradientAuction,0.05,0.04,,True,,1000,3600,cats_arbitrary_g30b150,,heuristic,2,False,CATS,150,arbitrary,MultiMinded,1000,MaxIter,1379.050000000003,2403.9993,5,2044.82,717.20399999999995,773.5853000000001,2892.2041504078111,712.86686959773567,718.43828533179897,1,30,13,2013,3033
24,30,30,LinearSubgradientAuction,0.05,0.04,,True,,1000,3600,cats_arbitrary_g30b150,,heuristic,2,False,CATS,150,arbitrary,MultiMinded,1000,MaxIter,1230.0599999999977,2126.121,5,1969.43,482.00350000000003,857.418,2571.4425858381251,0,6.201059373132864,1,30,18,1830,2760
25,30,29,LinearSubgradientAuction,0.05,0.04,,True,,1000,3600,cats_arbitrary_g30b150,,heuristic,2,False,CATS,150,arbitrary,MultiMinded,1000,MaxIter,1197.949999999997,1852.1607,2,1764.81,936.35900000000004,262.527,2380.0825173420744,0,60.243064546870443,1,30,25,1769,2669
26,30,39,LinearSubgradientAuction,0.05,0.04,,True,,1000,3600,cats_arbitrary_g30b150,,heuristic,2,False,CATS,150,arbitrary,MultiMinded,1000,MaxIter,1627.9100000000035,2465.4804,2,1489.25,632.89699999999993,790.697,2602.4530619387224,0,13.256586262421507,1,30,21,2379,3579
27,30,29,LinearSubgradientAuction,0.05,0.04,,True,,1000,3600,cats_arbitrary_g30b150,,heuristic,2,False,CATS,150,arbitrary,MultiMinded,1000,MaxIter,1189.8299999999872,2275.4269999999997,5,1932.93,759.11900000000003,932.8159999999999,2723.0743335872703,121.46666474302691,121.79135480649603,1,30,21,1769,2669
28,30,31,LinearSubgradientAuction,0.05,0.04,,True,,1000,3600,cats_arbitrary_g30b150,,heuristic,2,False,CATS,150,arbitrary,MultiMinded,1000,MaxIter,1271.2099999999919,2301.5724,10,1458.94,613.274,1367.4207000000001,2584.3611686317468,528.19744271171953,536.66179192207551,1,30,68,1891,2851
29,30,29,LinearSubgradientAuction,0.05,0.04,,True,,1000,3600,cats_arbitrary_g30b150,,heuristic,2,False,CATS,150,arbitrary,MultiMinded,1000,MaxIter,1199.0699999999924,2007.782,9,1669.06,662.85299999999995,1125.9160000000002,2337.634607290579,982.5543496062337,982.5543496062337,1,30,61,1769,2669
30,30,35,LinearSubgradientAuction,0.05,0.04,,True,,1000,3600,cats_arbitrary_g30b150,,heuristic,2,False,CATS,150,arbitrary,MultiMinded,1000,MaxIter,1460.520000000004,2161.8298999999997,4,1539.73,524.54999999999995,1196.1839999999997,2472.6868018714554,800.73731501655061,811.51203191884645,1,30,19,2135,3215
31,30,32,LinearSubgradientAuction,0.05,0.04,,True,,1000,3600,cats_arbitrary_g30b150,,heuristic,2,False,CATS,150,arbitrary,MultiMinded,1000,MaxIter,1324.6699999999983,2453.359,1,1724.13,512.56299999999999,940.737,2749.2680726919493,0,3.9878593226494985,1,30,29,1952,2942
32,30,34,LinearSubgradientAuction,0.05,0.04,,True,,1000,3600,cats_arbitrary_g30b150,,heuristic,2,False,CATS,150,arbitrary,MultiMinded,1000,MaxIter,1388.890000000014,1818.8858,6,1643.98,574.70600000000002,658.201,2349.238663667722,532.3557484322514,546.95730317812229,1,30,17,2074,3124
33,30,33,LinearSubgradientAuction,0.05,0.04,,True,,1000,3600,cats_arbitrary_g30b150,,heuristic,2,False,CATS,150,arbitrary,MultiMinded,1000,MaxIter,1382.7599999999948,1944.8153000000002,8,1618.49,617.12249999999995,935.76,2245.5690533239595,852.55982354825028,852.55982354825028,1,30,45,2013,3033
34,30,31,LinearSubgradientAuction,0.05,0.04,,True,,1000,3600,cats_arbitrary_g30b150,,heuristic,2,False,CATS,150,arbitrary,MultiMinded,1000,MaxIter,1291.4100000000035,2467.5019,4,2102.79,578.16200000000003,601.0350000000001,2857.1813690724066,0,5.5489248757322116,1,30,10,1891,2851
35,30,32,LinearSubgradientAuction,0.05,0.04,,True,,1000,3600,cats_arbitrary_g30b150,,heuristic,2,False,CATS,150,arbitrary,MultiMinded,1000,MaxIter,1316.949999999997,2108.201,6,1910.3,506.57900000000001,512.522,2518.6494541650832,478.37164933841785,478.37164933841785,1,30,31,1952,2942
36,30,35,LinearSubgradientAuction,0.05,0.04,,True,,1000,3600,cats_arbitrary_g30b150,,heuristic,2,False,CATS,150,arbitrary,MultiMinded,1000,MaxIter,1466.9100000000035,1942.8097999999998,3,1649.39,704.06799999999998,942.918,2215.4795112603347,245.0386973909599,264.53156903191399,1,30,24,2135,3215
37,30,33,LinearSubgradientAuction,0.05,0.04,,True,,1000,3600,cats_arbitrary_g30b150,,heuristic,2,False,CATS,150,arbitrary,MultiMinded,1000,MaxIter,1381.449999999997,1975.334,3,1881.03,532.89949999999999,1333.824,2336.5662819029612,311.48678029546943,318.0176371645415,1,30,16,2013,3033
38,30,32,LinearSubgradientAuction,0.05,0.04,,True,,1000,3600,cats_arbitrary_g30b150,,heuristic,2,False,CATS,150,arbitrary,MultiMinded,1000,MaxIter,1312.6900000000023,2501.4829999999997,2,2312.06,839.32600000000002,1491.476,2962.1315196760479,530.92455597399271,541.36807711967663,1,30,25,1952,2942
39,30,34,LinearSubgradientAuction,0.05,0.04,,True,,1000,3600,cats_arbitrary_g30b150,,heuristic,2,False,CATS,150,arbitrary,MultiMinded,1000,MaxIter,1409.6699999999983,2311.536,2,2186.45,533.95749999999998,847.317,2700.5676117323042,474.63886777972471,497.46602271325645,1,30,24,2074,3124
40,30,31,LinearSubgradientAuction,0.05,0.04,,True,,1000,3600,cats_arbitrary_g30b150,,heuristic,2,False,CATS,150,arbitrary,MultiMinded,1000,MaxIter,1278.7200000000012,1922.01,3,1548.35,753.33299999999997,990.162,2259.0618121218349,726.39574776511074,759.53959750758622,1,30,13,1891,2851
41,30,32,LinearSubgradientAuction,0.05,0.04,,True,,1000,3600,cats_arbitrary_g30b150,,heuristic,2,False,CATS,150,arbitrary,MultiMinded,1000,MaxIter,1312.8600000000006,1899.3063,9,1626.29,567.45299999999997,1200.551,2276.756512185636,1103.1084530682788,1103.1084530682788,1,30,48,1952,2942
42,30,35,LinearSubgradientAuction,0.05,0.04,,True,,1000,3600,cats_arbitrary_g30b150,,heuristic,2,False,CATS,150,arbitrary,MultiMinded,1000,MaxIter,1464.699999999997,2374.3837000000003,2,1682.91,707.67899999999997,699.142,2886.8527419927618,0,20.476732593512736,1,30,22,2135,3215
43,30,36,LinearSubgradientAuction,0.05,0.04,,True,,1000,3600,cats_arbitrary_g30b150,,heuristic,2,False,CATS,150,arbitrary,MultiMinded,1000,MaxIter,1506.9400000000023,2385.76,8,2385.76,501.80000000000001,1099.1146,2628.4764815128965,840.19448046794571,840.19449679342347,1,30,46,2196,3306
44,30,35,LinearSubgradientAuction,0.05,0.04,,True,,1000,3600,cats_arbitrary_g30b150,,heuristic,2,False,CATS,150,arbitrary,MultiMinded,1000,MaxIter,1457.020000000004,2079.9506999999994,6,1845.76,468.2165,1225.836,2352.6563179445329,875.07391711271089,893.01741685341142,1,30,10,2135,3215
45,30,30,LinearSubgradientAuction,0.05,0.04,,True,,1000,3600,cats_arbitrary_g30b150,,heuristic,2,False,CATS,150,arbitrary,MultiMinded,1000,MaxIter,1218.3699999999953,1973.4939,6,1684.69,518.44550000000004,1045.656,2328.1082511543273,441.15120300865919,456.30712712230712,1,30,16,1830,2760
46,30,33,LinearSubgradientAuction,0.05,0.04,,True,,1000,3600,cats_arbitrary_g30b150,,heuristic,2,False,CATS,150,arbitrary,MultiMinded,1000,MaxIter,1390.6699999999983,2174.927,4,1703.31,577.08699999999999,916.4279999999999,2530.6873946404476,676.30004885375081,696.61199693014976,1,30,13,2013,3033
47,30,36,LinearSubgradientAuction,0.05,0.04,,True,,1000,3600,cats_arbitrary_g30b150,,heuristic,2,False,CATS,150,arbitrary,MultiMinded,1000,MaxIter,1495.4199999999983,2134.903,5,1579.3,488.0025,723.083,2505.5979852062437,650.93366267848864,660.02748737146999,1,30,19,2196,3306
48,30,36,LinearSubgradientAuction,0.05,0.04,,True,,1000,3600,cats_arbitrary_g30b150,,heuristic,2,False,CATS,150,arbitrary,MultiMinded,1000,MaxIter,1500.6699999999983,2120.0323,7,1723.29,500.82099999999997,959.032,2357.1458200279499,833.39731678771864,845.07351651850945,1,30,18,2196,3306
49,30,32,LinearSubgradientAuction,0.05,0.04,,True,,1000,3600,cats_arbitrary_g30b150,,heuristic,2,False,CATS,150,arbitrary,MultiMinded,1000,MaxIter,1311.820000000007,1825.5846,1,1448.16,458.54599999999999,0.0,2159.6707360251817,0,5.4514711398926465,1,30,29,1952,2942
50,30,32,LinearSubgradientAuction,0.05,0.04,,True,,1000,3600,cats_arbitrary_g30b150,,heuristic,2,False,CATS,150,arbitrary,MultiMinded,1000,MaxIter,1329.800000000003,2387.589,1,2137.71,881.64700000000005,779.822,2518.522197844999,0,10.890179181524758,1,30,30,1952,2942
51,30,31,LinearSubgradientAuction,0.05,0.04,,True,,1000,3600,cats_arbitrary_g30b150,,heuristic,2,False,CATS,150,arbitrary,MultiMinded,1000,MaxIter,1277.7899999999936,2404.514,6,2207.65,681.84050000000002,796.181,2940.5851919311967,115.06043230222664,199.7633247658344,1,30,26,1891,2851
52,30,34,LinearSubgradientAuction,0.05,0.04,,True,,1000,3600,cats_arbitrary_g30b150,,heuristic,2,False,CATS,150,arbitrary,MultiMinded,1000,MaxIter,1405.7999999999884,2070.7699000000002,4,1761.92,837.09500000000003,630.725,2441.4182192808335,553.00613374786212,570.62167910544554,1,30,17,2074,3124
53,30,34,LinearSubgradientAuction,0.05,0.04,,True,,1000,3600,cats_arbitrary_g30b150,,heuristic,2,False,CATS,150,arbitrary,MultiMinded,1000,MaxIter,1404.6800000000076,1944.8844,7,1588.82,654.95799999999997,1575.1892,2271.9196691162642,1385.1700428360552,1420.0955027408379,1,30,12,2074,3124
54,30,30,LinearSubgradientAuction,0.05,0.04,,True,,1000,3600,cats_arbitrary_g30b150,,heuristic,2,False,CATS,150,arbitrary,MultiMinded,1000,MaxIter,1220.3899999999994,2678.4509,2,2281.57,746.976,1299.006,3045.9127843269557,212.85188879628959,292.79907303966615,1,30,28,1830,2760
55,30,31,LinearSubgradientAuction,0.05,0.04,,True,,1000,3600,cats_arbitrary_g30b150,,heuristic,2,False,CATS,150,arbitrary,MultiMinded,1000,MaxIter,1281.409999999989,2211.653,1,1943.48,726.06700000000001,119.11,2473.6326807194364,0,8.6288022405334743,1,30,29,1891,2851
56,30,29,LinearSubgradientAuction,0.05,0.04,,True,,1000,3600,cats_arbitrary_g30b150,,heuristic,2,False,CATS,150,arbitrary,MultiMinded,1000,MaxIter,1209.820000000007,2093.229,1,1877.5,714.9369999999999,1048.37,2214.0322743042057,0,14.535406118348476,1,30,30,1769,2669
57,30,31,LinearSubgradientAuction,0.05,0.04,,True,,1000,3600,cats_arbitrary_g30b150,,heuristic,2,False,CATS,150,arbitrary,MultiMinded,1000,MaxIter,1280.7100000000064,2015.9576000000002,5,1667.14,591.51199999999994,1022.722,2382.5616743229766,960.98140892122058,968.35840762840962,1,30,16,1891,2851
58,30,33,LinearSubgradientAuction,0.05,0.04,,True,,1000,3600,cats_arbitrary_g30b150,,heuristic,2,False,CATS,150,arbitrary,MultiMinded,1000,MaxIter,1391.159999999989,2213.6252,7,1937.47,893.10799999999995,561.7512,2651.121047149149,77.369673260823575,82.914380278436809,1,30,24,2013,3033
59,30,31,LinearSubgradientAuction,0.05,0.04,,True,,1000,3600,cats_arbitrary_g30b150,,heuristic,2,False,CATS,150,arbitrary,MultiMinded,1000,MaxIter,1277.050000000003,2195.5229,2,1710.57,782.62599999999998,908.501,2747.9570445709087,876.93809023333574,892.49548305611904,1,30,22,1891,2851
60,30,36,LinearSubgradientAuction,0.05,0.04,,True,,1000,3600,cats_arbitrary_g30b150,,heuristic,2,False,CATS,150,arbitrary,MultiMinded,1000,MaxIter,1496.3399999999965,1802.554,5,1574.08,671.95349999999996,563.3486,2107.2910604416406,265.35023130805592,290.71211452442998,1,30,20,2196,3306
61,30,33,LinearSubgradientAuction,0.05,0.04,,True,,1000,3600,cats_arbitrary_g30b150,,heuristic,2,False,CATS,150,arbitrary,MultiMinded,1000,MaxIter,1385.5,1724.4375,6,1339.03,584.49199999999996,767.359,2038.6690046340557,584.16028729951302,586.81047440546581,1,30,29,2013,3033
62,30,36,LinearSubgradientAuction,0.05,0.04,,True,,1000,3600,cats_arbitrary_g30b150,,heuristic,2,False,CATS,150,arbitrary,MultiMinded,1000,MaxIter,1502.729999999996,2437.0683000000004,5,1933.61,814.90999999999997,1288.98,2679.1217885069555,1168.6066164889544,1173.8703484459675,1,30,14,2196,3306
63,30,34,LinearSubgradientAuction,0.05,0.04,,True,,1000,3600,cats_arbitrary_g30b150,,heuristic,2,False,CATS,150,arbitrary,MultiMinded,1000,MaxIter,1408.8999999999942,2003.24,6,2003.24,494.63999999999999,767.605,2512.5113340721468,723.23911532122384,725.50765124366922,1,30,29,2074,3124
64,30,34,LinearSubgradientAuction,0.05,0.04,,True,,1000,3600,cats_arbitrary_g30b150,,heuristic,2,False,CATS,150,arbitrary,MultiMinded,1000,MaxIter,1410.1900000000023,2039.0195999999999,5,1809.03,585.17600000000004,1062.417,2395.310564886453,495.8411838563573,513.57791436775869,1,30,16,2074,3124
65,30,36,LinearSubgradientAuction,0.05,0.04,,True,,1000,3600,cats_arbitrary_g30b150,,heuristic,2,False,CATS,150,arbitrary,MultiMinded,1000,MaxIter,1492.6000000000058,1894.2412000000002,1,1377.42,663.9670000000001,77.6414,2167.6220446391321,0,1.7678619278315182,1,30,30,2196,3306
66,30,33,LinearSubgradientAuction,0.05,0.04,,True,,1000,3600,cats_arbitrary_g30b150,,heuristic,2,False,CATS,150,arbitrary,MultiMinded,1000,MaxIter,1364.8099999999977,2454.29,7,2454.29,522.13300000000004,1508.135,2557.5731768540682,201.99213057873814,373.21447283901136,1,30,17,2013,3033
67,30,31,LinearSubgradientAuction,0.05,0.04,,True,,1000,3600,cats_arbitrary_g30b150,,heuristic,2,False,CATS,150,arbitrary,MultiMinded,1000,MaxIter,1286.1900000000023,2341.4958,5,2017.46,785.07600000000002,1470.2707000000003,2961.8334484297284,1367.4760557263103,1367.4760557263103,1,30,25,1891,2851
68,30,31,LinearSubgradientAuction,0.05,0.04,,True,,1000,3600,cats_arbitrary_g30b150,,heuristic,2,False,CATS,150,arbitrary,MultiMinded,1000,MaxIter,1290.3199999999924,2082.3165,2,1694.51,536.65000000000009,1013.8520000000001,2248.0952727146578,478.42772977902695,487.16910256940054,1,30,22,1891,2851
69,30,32,LinearSubgradientAuction,0.05,0.04,,True,,1000,3600,cats_arbitrary_g30b150,,heuristic,2,False,CATS,150,arbitrary,MultiMinded,1000,MaxIter,1326.62000000001,2088.0744,9,1731.11,855.64499999999998,1084.3588,2474.8771091756807,0.0,8.4641899231449997,1,30,27,1952,2942
70,30,33,LinearSubgradientAuction,0.05,0.04,,True,,1000,3600,cats_arbitrary_g30b150,,heuristic,2,False,CATS,150,arbitrary,MultiMinded,1000,MaxIter,1383.4000000000087,2258.578,8,1454.94,617.26599999999996,1550.9389999999999,2741.8690230755687,1509.3934234523565,1512.5232504107541,1,30,37,2013,3033
71,30,33,LinearSubgradientAuction,0.05,0.04,,True,,1000,3600,cats_arbitrary_g30b150,,heuristic,2,False,CATS,150,arbitrary,MultiMinded,1000,MaxIter,1376.1499999999942,2247.3372,7,1920.4,499.70499999999998,1588.29,2677.6859896180913,1579.0922614646051,1579.0922614646051,1,30,41,2013,3033
72,30,39,LinearSubgradientAuction,0.05,0.04,,True,,1000,3600,cats_arbitrary_g30b150,,heuristic,2,False,CATS,150,arbitrary,MultiMinded,1000,MaxIter,1643.840000000011,2410.0175,7,1662.34,705.94000000000005,1327.5203000000001,2648.8616742190566,765.70355201283007,770.01717033352077,1,30,14,2379,3579
73,30,34,LinearSubgradientAuction,0.05,0.04,,True,,1000,3600,cats_arbitrary_g30b150,,heuristic,2,False,CATS,150,arbitrary,MultiMinded,1000,MaxIter,1397.1300000000047,2015.5892,6,1380.57,479.64299999999997,1193.7992,2402.522303933416,374.1470893662634,434.69659945869461,1,30,19,2074,3124
74,30,36,LinearSubgradientAuction,0.05,0.04,,True,,1000,3600,cats_arbitrary_g30b150,,heuristic,2,False,CATS,150,arbitrary,MultiMinded,1000,MaxIter,1500.1900000000023,2042.097,4,1285.64,413.78699999999998,775.3546,2318.6975415088391,256.03855248593527,272.02619621811118,1,30,24,2196,3306
75,30,28,LinearSubgradientAuction,0.05,0.04,,True,,1000,3600,cats_arbitrary_g30b150,,heuristic,2,False,CATS,150,arbitrary,MultiMinded,1000,MaxIter,1145.0400000000081,1952.3077,6,1522.4,797.30549999999994,512.7347,2855.5119415940817,28.062649558237553,30.740537080601001,1,30,23,1708,2578
76,30,35,LinearSubgradientAuction,0.05,0.04,,True,,1000,3600,cats_arbitrary_g30b150,,heuristic,2,False,CATS,150,arbitrary,MultiMinded,1000,MaxIter,1456.7000000000116,2241.3282000000004,7,1991.23,695.48000000000002,749.3349999999999,2572.9400945124426,512.24743058803813,537.57868533819783,1,30,17,2135,3215
77,30,29,LinearSubgradientAuction,0.05,0.04,,True,,1000,3600,cats_arbitrary_g30b150,,heuristic,2,False,CATS,150,arbitrary,MultiMinded,1000,MaxIter,1184.8500000000058,2086.98,2,1735.17,697.00749999999994,737.885,2404.4831709363011,139.92534986422987,144.39908610052692,1,30,22,1769,2669
78,30,34,LinearSubgradientAuction,0.05,0.04,,True,,1000,3600,cats_arbitrary_g30b150,,heuristic,2,False,CATS,150,arbitrary,MultiMinded,1000,MaxIter,1392.9899999999907,2141.5101999999997,6,1833.54,620.51150000000007,923.4963,2582.0511674064487,60.458311575999417,84.610128239021734,1,30,13,2074,3124
79,30,32,LinearSubgradientAuction,0.05,0.04,,True,,1000,3600,cats_arbitrary_g30b150,,heuristic,2,False,CATS,150,arbitrary,MultiMinded,1000,MaxIter,1330.8299999999872,2182.6516,7,1753.74,722.10699999999997,1361.176,2853.6563282631696,1063.8905724818194,1067.0811330161068,1,30,16,1952,2942
80,30,31,LinearSubgradientAuction,0.05,0.04,,True,,1000,3600,cats_arbitrary_g30b150,,heuristic,2,False,CATS,150,arbitrary,MultiMinded,1000,MaxIter,1286.1600000000035,2157.0797,2,1772.89,656.88249999999994,536.578,2491.1490801014406,136.23570127366696,140.00933933505667,1,30,25,1891,2851
81,30,31,LinearSubgradientAuction,0.05,0.04,,True,,1000,3600,cats_arbitrary_g30b150,,heuristic,2,False,CATS,150,arbitrary,MultiMinded,1000,MaxIter,1283.3300000000017,1755.3018000000002,2,1603.71,647.50199999999995,568.158,2225.9720641464837,92.105996061276159,92.107900000000001,1,30,29,1891,2851
82,30,34,LinearSubgradientAuction,0.05,0.04,,True,,1000,3600,cats_arbitrary_g30b150,,heuristic,2,False,CATS,150,arbitrary,MultiMinded,1000,MaxIter,1417.2400000000052,2385.8982,5,2112.36,790.75199999999995,1176.743,2808.9170674912075,483.72358951716444,508.03000323901551,1,30,13,2074,3124
83,30,32,LinearSubgradientAuction,0.05,0.04,,True,,1000,3600,cats_arbitrary_g30b150,,heuristic,2,False,CATS,150,arbitrary,MultiMinded,1000,MaxIter,1320.5599999999977,2059.99,4,1826.87,768.11400000000003,916.153,2559.0985243834366,878.87729819415165,886.88944962587072,1,30,20,1952,2942
84,30,33,LinearSubgradientAuction,0.05,0.04,,True,,1000,3600,cats_arbitrary_g30b150,,heuristic,2,False,CATS,150,arbitrary,MultiMinded,1000,MaxIter,1384.8499999999913,1978.9186000000002,1,1758.88,838.20399999999995,1143.43,2499.0615175272919,0,4.6665131086401601,1,30,30,2013,3033
85,30,33,LinearSubgradientAuction,0.05,0.04,,True,,1000,3600,cats_arbitrary_g30b150,,heuristic,2,False,CATS,150,arbitrary,MultiMinded,1000,MaxIter,1370.1800000000076,2216.0256,7,2078.55,626.62099999999998,1537.0183,2610.5244030507474,694.67214097595661,699.46687796086132,1,30,26,2013,3033
86,30,31,LinearSubgradientAuction,0.05,0.04,,True,,1000,3600,cats_arbitrary_g30b150,,heuristic,2,False,CATS,150,arbitrary,MultiMinded,1000,MaxIter,1277.3800000000047,2283.532,2,1809.12,745.29950000000008,636.137,2665.3661267985553,599.90464190081468,627.35856114257103,1,30,23,1891,2851
87,30,36,LinearSubgradientAuction,0.05,0.04,,True,,1000,3600,cats_arbitrary_g30b150,,heuristic,2,False,CATS,150,arbitrary,MultiMinded,1000,MaxIter,1499.3600000000006,2522.6901999999995,3,2032.58,563.31899999999996,807.269,2943.8235021152695,0,5.5625785024017205,1,30,18,2196,3306
88,30,35,LinearSubgradientAuction,0.05,0.04,,True,,1000,3600,cats_arbitrary_g30b150,,heuristic,2,False,CATS,150,arbitrary,MultiMinded,1000,MaxIter,1448.520000000004,2265.08,4,1820.47,452.93900000000002,956.299,2663.9313275953259,544.9319769009785,555.18493756969087,1,30,18,2135,3215
89,30,28,LinearSubgradientAuction,0.05,0.04,,True,,1000,3600,cats_arbitrary_g30b150,,heuristic,2,False,CATS,150,arbitrary,MultiMinded,1000,MaxIter,1149.4899999999907,1895.8706000000002,4,1412.37,685.88149999999996,631.3566000000001,2222.5108330776789,562.15553004378467,581.97083229763484,1,30,16,1708,2578
90,30,33,LinearSubgradientAuction,0.05,0.04,,True,,1000,3600,cats_arbitrary_g30b150,,heuristic,2,False,CATS,150,arbitrary,MultiMinded,1000,MaxIter,1361.8899999999994,2397.1789,3,2224.82,593.16800000000001,639.079,2693.2680172653459,316.4350338441667,349.49968458713846,1,30,19,2013,3033
91,30,32,LinearSubgradientAuction,0.05,0.04,,True,,1000,3600,cats_arbitrary_g30b150,,heuristic,2,False,CATS,150,arbitrary,MultiMinded,1000,MaxIter,1324.1600000000035,2290.7259999999997,3,1825.1,529.46000000000004,977.2719999999999,2640.3930452821182,923.82864558613119,927.62429921687601,1,30,18,1952,2942
92,30,31,LinearSubgradientAuction,0.05,0.04,,True,,1000,3600,cats_arbitrary_g30b150,,heuristic,2,False,CATS,150,arbitrary,MultiMinded,1000,MaxIter,1290.1300000000047,1880.9630000000002,5,1586.58,901.44949999999994,1208.8,2205.1642805618094,526.61786892652776,538.48338684909675,1,30,19,1891,2851
93,30,34,LinearSubgradientAuction,0.05,0.04,,True,,1000,3600,cats_arbitrary_g30b150,,heuristic,2,False,CATS,150,arbitrary,MultiMinded,1000,MaxIter,1416.4200000000128,1815.7306,6,1434.89,540.21100000000001,685.8910000000001,2052.2736745294137,357.46593009953898,357.47734329487679,1,30,21,2074,3124
94,30,36,LinearSubgradientAuction,0.05,0.04,,True,,1000,3600,cats_arbitrary_g30b150,,heuristic,2,False,CATS,150,arbitrary,MultiMinded,1000,MaxIter,1501.2899999999936,2435.1574,2,2127.58,687.69500000000005,505.088,2778.4489834859892,0,92.795064716767115,1,30,26,2196,3306
95,30,32,LinearSubgradientAuction,0.05,0.04,,True,,1000,3600,cats_arbitrary_g30b150,,heuristic,2,False,CATS,150,arbitrary,MultiMinded,1000,MaxIter,1328.6600000000035,2424.051,2,1933.55,792.75099999999998,639.761,2781.4662171387904,353.55031315808742,373.85946446384492,1,30,26,1952,2942
96,30,31,LinearSubgradientAuction,0.05,0.04,,True,,1000,3600,cats_arbitrary_g30b150,,heuristic,2,False,CATS,150,arbitrary,MultiMinded,1000,MaxIter,1285.8800000000047,1954.1625,4,1781.86,780.25699999999995,399.896,2450.8840763471758,324.12867095275431,347.85594812126675,1,30,20,1891,2851
97,30,30,LinearSubgradientAuction,0.05,0.04,,True,,1000,3600,cats_arbitrary_g30b150,,heuristic,2,False,CATS,150,arbitrary,MultiMinded,1000,MaxIter,1228.4599999999919,1794.66,5,1264.09,681.495,737.9659999999999,2204.5515965001587,134.84892547067037,144.64894813910573,1,30,15,1830,2760
98,30,32,LinearSubgradientAuction,0.05,0.04,,True,,1000,3600,cats_arbitrary_g30b150,,heuristic,2,False,CATS,150,arbitrary,MultiMinded,1000,MaxIter,1320.62000000001,2145.0272,11,2092.47,967.64100000000008,983.2236,2829.1760906892837,834.85852822345862,834.85852822345862,1,30,82,1952,2942
99,30,29,LinearSubgradientAuction,0.05,0.04,,True,,1000,3600,cats_arbitrary_g30b150,,heuristic,2,False,CATS,150,arbitrary,MultiMinded,1000,MaxIter,1196.7200000000012,2260.297,3,2093.42,648.17449999999997,1303.2640000000001,2809.6196215830155,1237.2129275937091,1248.7457948127994,1,30,14,1769,2669
100,30,37,LinearSubgradientAuction,0.05,0.04,,True,,1000,3600,cats_arbitrary_g30b150,,heuristic,2,False,CATS,150,arbitrary,MultiMinded,1000,MaxIter,1540.4400000000023,2260.7916,11,1588.66,496.72000000000003,1299.1698,2496.7822180487346,884.48990656114483,895.15389851318957,1,30,25,2257,3397
