idx,items,agents,auction_class,epsilon,stepc,epoch,scalebyvalue,reserve_type,maxiter,maxtime,generator_param_name,personalized,bidding_strategy,heuristic_pool_num,int_prices,generator,bids,distribution,type,rounds,status,runtime,efficient_value,final_num_winners,final_max_agent_value,final_scalevalue,final_value,final_total_price,final_revenue,final_indirect_util,final_price_degree,final_price_sparsity,final_imbalance,final_wd_nvars,final_wd_ncons
1,30,34,LinearSubgradientAuction,0.05,0.02,,True,,1000,3600,cats_arbitrary_g30b150,,heuristic,2,False,CATS,150,arbitrary,MultiMinded,1000,MaxIter,1404.4700000000012,1985.8648,3,1958.65,585.33899999999994,768.075,2255.9914394937991,543.69977783783759,564.89774902343504,1,30,20,2074,3124
2,30,35,LinearSubgradientAuction,0.05,0.02,,True,,1000,3600,cats_arbitrary_g30b150,,heuristic,2,False,CATS,150,arbitrary,MultiMinded,1000,MaxIter,1467.9000000000015,2197.79,10,2197.79,440.00599999999997,1284.9956,2232.8717660423804,1142.9826292879955,1144.4931718837584,1,30,36,2135,3215
3,30,33,LinearSubgradientAuction,0.05,0.02,,True,,1000,3600,cats_arbitrary_g30b150,,heuristic,2,False,CATS,150,arbitrary,MultiMinded,1000,MaxIter,1374.1399999999994,2537.724,4,1980.67,603.23800000000006,960.373,2932.7496057004473,460.04402959646183,466.87937245368681,1,30,14,2013,3033
4,30,33,LinearSubgradientAuction,0.05,0.02,,True,,1000,3600,cats_arbitrary_g30b150,,heuristic,2,False,CATS,150,arbitrary,MultiMinded,1000,MaxIter,1373.1000000000058,2018.328,7,1780.26,501.12400000000002,690.75,2314.7350794055428,288.74637538255888,291.33265014365327,1,30,23,2013,3033
5,30,32,LinearSubgradientAuction,0.05,0.02,,True,,1000,3600,cats_arbitrary_g30b150,,heuristic,2,False,CATS,150,arbitrary,MultiMinded,1000,MaxIter,1312.9700000000012,1876.8708299999998,3,1770.89,624.08600000000001,530.86853,2312.0682067952589,121.6658716798663,124.80378212488192,1,30,24,1952,2942
6,30,33,LinearSubgradientAuction,0.05,0.02,,True,,1000,3600,cats_arbitrary_g30b150,,heuristic,2,False,CATS,150,arbitrary,MultiMinded,1000,MaxIter,1362.6299999999974,2052.619,1,1672.04,727.22400000000005,220.881,2676.8769945626027,0,2.7647598636407054,1,30,30,2013,3033
7,30,30,LinearSubgradientAuction,0.05,0.02,,True,,1000,3600,cats_arbitrary_g30b150,,heuristic,2,False,CATS,150,arbitrary,MultiMinded,1000,MaxIter,1231.1200000000026,2256.612,1,2088.18,661.12950000000001,1465.41,2704.5149135818801,0,3.2285546755726386,1,30,30,1830,2760
8,30,35,LinearSubgradientAuction,0.05,0.02,,True,,1000,3600,cats_arbitrary_g30b150,,heuristic,2,False,CATS,150,arbitrary,MultiMinded,1000,MaxIter,1478.4400000000023,1886.9858,6,1721.43,762.18450000000007,1185.7116999999998,2083.0450370675894,1023.1499335046068,1027.7681289924153,1,30,18,2135,3215
9,30,32,LinearSubgradientAuction,0.05,0.02,,True,,1000,3600,cats_arbitrary_g30b150,,heuristic,2,False,CATS,150,arbitrary,MultiMinded,1000,MaxIter,1319.4300000000003,1903.7699,8,1559.25,844.62750000000005,864.9580000000001,2238.906414392347,768.73947402318629,769.02345724442864,1,30,47,1952,2942
10,30,36,LinearSubgradientAuction,0.05,0.02,,True,,1000,3600,cats_arbitrary_g30b150,,heuristic,2,False,CATS,150,arbitrary,MultiMinded,1000,MaxIter,1508.5800000000017,2500.0740000000005,10,2217.68,621.28700000000003,1433.547,2933.2519491502944,449.70359448583315,547.06411225733177,1,30,29,2196,3306
11,30,30,LinearSubgradientAuction,0.05,0.02,,True,,1000,3600,cats_arbitrary_g30b150,,heuristic,2,False,CATS,150,arbitrary,MultiMinded,1000,MaxIter,1232.729999999996,1868.241,6,1447.57,637.68550000000005,1149.634,2466.827469281518,316.62215831886112,318.06060567381689,1,30,19,1830,2760
12,30,32,LinearSubgradientAuction,0.05,0.02,,True,,1000,3600,cats_arbitrary_g30b150,,heuristic,2,False,CATS,150,arbitrary,MultiMinded,1000,MaxIter,1321.6200000000026,1629.6809799999999,2,1454.03,563.44500000000005,395.954,2057.4612513149923,362.76220214982283,383.71815014150599,1,30,25,1952,2942
13,30,33,LinearSubgradientAuction,0.05,0.02,,True,,1000,3600,cats_arbitrary_g30b150,,heuristic,2,False,CATS,150,arbitrary,MultiMinded,1000,MaxIter,1386.8600000000006,1977.1191,7,1667.86,707.56150000000002,508.7291,2270.6529056259697,411.47723094163615,412.75635817372688,1,30,23,2013,3033
14,30,33,LinearSubgradientAuction,0.05,0.02,,True,,1000,3600,cats_arbitrary_g30b150,,heuristic,2,False,CATS,150,arbitrary,MultiMinded,1000,MaxIter,1369.199999999997,2717.117,5,1791.51,726.46749999999997,1878.9560000000001,3021.023292684748,1146.9960559298877,1161.5727521954395,1,30,14,2013,3033
15,30,30,LinearSubgradientAuction,0.05,0.02,,True,,1000,3600,cats_arbitrary_g30b150,,heuristic,2,False,CATS,150,arbitrary,MultiMinded,1000,MaxIter,1242.1100000000006,2171.381,6,1868.55,921.70799999999997,1275.6380000000001,2689.7694313109168,1032.3141639411886,1033.0509616890176,1,30,32,1830,2760
16,30,34,LinearSubgradientAuction,0.05,0.02,,True,,1000,3600,cats_arbitrary_g30b150,,heuristic,2,False,CATS,150,arbitrary,MultiMinded,1000,MaxIter,1414.8899999999994,2091.4660000000003,5,1581.43,466.154,1025.163,2420.767221703632,292.56956849670473,296.52509158827684,1,30,16,2074,3124
17,30,32,LinearSubgradientAuction,0.05,0.02,,True,,1000,3600,cats_arbitrary_g30b150,,heuristic,2,False,CATS,150,arbitrary,MultiMinded,1000,MaxIter,1317.530000000006,1828.406,7,1506.32,727.10699999999997,616.793,2061.8721518402372,541.35169021586319,543.13453153936894,1,30,31,1952,2942
18,30,33,LinearSubgradientAuction,0.05,0.02,,True,,1000,3600,cats_arbitrary_g30b150,,heuristic,2,False,CATS,150,arbitrary,MultiMinded,1000,MaxIter,1370.2099999999991,2345.2870000000003,8,2117.29,776.08299999999997,703.344,2691.372972302735,642.91891469768166,642.91891469768166,1,30,76,2013,3033
19,30,34,LinearSubgradientAuction,0.05,0.02,,True,,1000,3600,cats_arbitrary_g30b150,,heuristic,2,False,CATS,150,arbitrary,MultiMinded,1000,MaxIter,1403.739999999998,2287.142,2,1551.3,564.779,634.802,2687.5948975417723,359.25700304742207,363.26763010615764,1,30,23,2074,3124
20,30,34,LinearSubgradientAuction,0.05,0.02,,True,,1000,3600,cats_arbitrary_g30b150,,heuristic,2,False,CATS,150,arbitrary,MultiMinded,1000,MaxIter,1403.8400000000038,1940.03319,1,1543.36,583.99600000000009,1543.36,2329.0165440578835,0,1.2011683294744273,1,30,30,2074,3124
21,30,32,LinearSubgradientAuction,0.05,0.02,,True,,1000,3600,cats_arbitrary_g30b150,,heuristic,2,False,CATS,150,arbitrary,MultiMinded,1000,MaxIter,1322.8700000000026,1599.0811999999999,3,1355.45,695.58449999999993,692.1702,2035.9913846465438,328.7278873380323,339.10834308271149,1,30,18,1952,2942
22,30,33,LinearSubgradientAuction,0.05,0.02,,True,,1000,3600,cats_arbitrary_g30b150,,heuristic,2,False,CATS,150,arbitrary,MultiMinded,1000,MaxIter,1402.760000000002,2282.8423000000003,2,1879.28,739.774,810.864,2515.8723336431167,377.09114350183881,381.42445450450577,1,30,25,2013,3033
23,30,33,LinearSubgradientAuction,0.05,0.02,,True,,1000,3600,cats_arbitrary_g30b150,,heuristic,2,False,CATS,150,arbitrary,MultiMinded,1000,MaxIter,1388.1299999999974,2403.9993,2,2044.82,717.20399999999995,1700.1349999999998,2906.1121128984723,0,9.9999494282887369,1,30,26,2013,3033
24,30,30,LinearSubgradientAuction,0.05,0.02,,True,,1000,3600,cats_arbitrary_g30b150,,heuristic,2,False,CATS,150,arbitrary,MultiMinded,1000,MaxIter,1236.75,2126.121,5,1969.43,482.00350000000003,1258.619,2565.2247507548382,617.92317839913517,620.30965029272761,1,30,8,1830,2760
25,30,29,LinearSubgradientAuction,0.05,0.02,,True,,1000,3600,cats_arbitrary_g30b150,,heuristic,2,False,CATS,150,arbitrary,MultiMinded,1000,MaxIter,1197.2699999999968,1852.1607,5,1764.81,936.35900000000004,789.002,2392.7104338375466,0,11.397007621639347,1,30,16,1769,2669
26,30,39,LinearSubgradientAuction,0.05,0.02,,True,,1000,3600,cats_arbitrary_g30b150,,heuristic,2,False,CATS,150,arbitrary,MultiMinded,1000,MaxIter,1628.229999999996,2465.4804,4,1489.25,632.89699999999993,536.851,2607.6682376815143,0,9.8085709656574807,1,30,19,2379,3579
27,30,29,LinearSubgradientAuction,0.05,0.02,,True,,1000,3600,cats_arbitrary_g30b150,,heuristic,2,False,CATS,150,arbitrary,MultiMinded,1000,MaxIter,1195.050000000003,2275.4269999999997,1,1932.93,759.11900000000003,829.934,2723.561088636241,0,0.0,1,30,30,1769,2669
28,30,31,LinearSubgradientAuction,0.05,0.02,,True,,1000,3600,cats_arbitrary_g30b150,,heuristic,2,False,CATS,150,arbitrary,MultiMinded,1000,MaxIter,1283.4300000000003,2301.5724,4,1458.94,613.274,1102.955,2531.8100041467433,458.84157686197057,461.44477627288217,1,30,21,1891,2851
29,30,29,LinearSubgradientAuction,0.05,0.02,,True,,1000,3600,cats_arbitrary_g30b150,,heuristic,2,False,CATS,150,arbitrary,MultiMinded,1000,MaxIter,1185.5,2007.782,3,1669.06,662.85299999999995,1111.7,2292.2733965754669,239.2123241879612,244.57418478059958,1,30,27,1769,2669
30,30,35,LinearSubgradientAuction,0.05,0.02,,True,,1000,3600,cats_arbitrary_g30b150,,heuristic,2,False,CATS,150,arbitrary,MultiMinded,1000,MaxIter,1438.9300000000003,2161.8298999999997,9,1539.73,524.54999999999995,529.1319,2473.7609523227325,315.63161933528687,317.67890125700205,1,30,25,2135,3215
31,30,32,LinearSubgradientAuction,0.05,0.02,,True,,1000,3600,cats_arbitrary_g30b150,,heuristic,2,False,CATS,150,arbitrary,MultiMinded,1000,MaxIter,1314.0400000000009,2453.359,4,1724.13,512.56299999999999,730.0409999999999,2737.6169754632565,99.439478007283938,106.69543337947732,1,30,21,1952,2942
32,30,34,LinearSubgradientAuction,0.05,0.02,,True,,1000,3600,cats_arbitrary_g30b150,,heuristic,2,False,CATS,150,arbitrary,MultiMinded,1000,MaxIter,1406.4199999999983,1818.8858,4,1643.98,574.70600000000002,513.011,2278.6141816801405,311.58255064820383,328.29294834872701,1,30,22,2074,3124
33,30,33,LinearSubgradientAuction,0.05,0.02,,True,,1000,3600,cats_arbitrary_g30b150,,heuristic,2,False,CATS,150,arbitrary,MultiMinded,1000,MaxIter,1374.9599999999991,1944.8153000000002,7,1618.49,617.12249999999995,882.516,2229.1776016326689,509.192782974186,520.20931508035324,1,30,23,2013,3033
34,30,31,LinearSubgradientAuction,0.05,0.02,,True,,1000,3600,cats_arbitrary_g30b150,,heuristic,2,False,CATS,150,arbitrary,MultiMinded,1000,MaxIter,1295.8799999999974,2467.5019,8,2102.79,578.16200000000003,1690.253,2891.3821169763282,1294.0603780791946,1299.1544460104008,1,30,24,1891,2851
35,30,32,LinearSubgradientAuction,0.05,0.02,,True,,1000,3600,cats_arbitrary_g30b150,,heuristic,2,False,CATS,150,arbitrary,MultiMinded,1000,MaxIter,1323.4199999999983,2108.201,1,1910.3,506.57900000000001,258.351,2514.9972826254593,0,0.0,1,30,30,1952,2942
36,30,35,LinearSubgradientAuction,0.05,0.02,,True,,1000,3600,cats_arbitrary_g30b150,,heuristic,2,False,CATS,150,arbitrary,MultiMinded,1000,MaxIter,1462.1800000000003,1942.8097999999998,5,1649.39,704.06799999999998,835.0809999999999,2210.2459242266114,462.10089453242801,465.02719212366549,1,30,12,2135,3215
37,30,33,LinearSubgradientAuction,0.05,0.02,,True,,1000,3600,cats_arbitrary_g30b150,,heuristic,2,False,CATS,150,arbitrary,MultiMinded,1000,MaxIter,1386.8600000000006,1975.334,6,1881.03,532.89949999999999,1104.142,2347.5069485254076,924.14544881205109,930.79305144530849,1,30,15,2013,3033
38,30,32,LinearSubgradientAuction,0.05,0.02,,True,,1000,3600,cats_arbitrary_g30b150,,heuristic,2,False,CATS,150,arbitrary,MultiMinded,1000,MaxIter,1322.979999999996,2501.4829999999997,9,2312.06,839.32600000000002,1372.823,2987.4565204205624,1215.6207480038406,1215.6207480038406,1,30,53,1952,2942
39,30,34,LinearSubgradientAuction,0.05,0.02,,True,,1000,3600,cats_arbitrary_g30b150,,heuristic,2,False,CATS,150,arbitrary,MultiMinded,1000,MaxIter,1405.0599999999977,2311.536,8,2186.45,533.95749999999998,808.759,2730.1045072160587,461.18196120086026,461.18196120086026,1,30,38,2074,3124
40,30,31,LinearSubgradientAuction,0.05,0.02,,True,,1000,3600,cats_arbitrary_g30b150,,heuristic,2,False,CATS,150,arbitrary,MultiMinded,1000,MaxIter,1289.8300000000017,1922.01,8,1548.35,753.33299999999997,912.9050000000001,2245.8961657881455,619.48010245261582,661.00624943111359,1,30,19,1891,2851
41,30,32,LinearSubgradientAuction,0.05,0.02,,True,,1000,3600,cats_arbitrary_g30b150,,heuristic,2,False,CATS,150,arbitrary,MultiMinded,1000,MaxIter,1312.9500000000044,1899.3063,7,1626.29,567.45299999999997,1178.619,2267.554162137269,1095.8747178668143,1098.1643761730497,1,30,25,1952,2942
42,30,35,LinearSubgradientAuction,0.05,0.02,,True,,1000,3600,cats_arbitrary_g30b150,,heuristic,2,False,CATS,150,arbitrary,MultiMinded,1000,MaxIter,1453.6900000000023,2374.3837000000003,3,1682.91,707.67899999999997,1387.681,2930.4048484767809,1316.8532832856297,1319.0642813807253,1,30,15,2135,3215
43,30,36,LinearSubgradientAuction,0.05,0.02,,True,,1000,3600,cats_arbitrary_g30b150,,heuristic,2,False,CATS,150,arbitrary,MultiMinded,1000,MaxIter,1483.0,2385.76,5,2385.76,501.80000000000001,474.168,2593.2189443486295,0,8.455320583660864,1,30,27,2196,3306
44,30,35,LinearSubgradientAuction,0.05,0.02,,True,,1000,3600,cats_arbitrary_g30b150,,heuristic,2,False,CATS,150,arbitrary,MultiMinded,1000,MaxIter,1470.0899999999965,2079.9506999999994,1,1845.76,468.2165,383.399,2347.088238757754,0,1.5753951830505315,1,30,30,2135,3215
45,30,30,LinearSubgradientAuction,0.05,0.02,,True,,1000,3600,cats_arbitrary_g30b150,,heuristic,2,False,CATS,150,arbitrary,MultiMinded,1000,MaxIter,1236.699999999997,1973.4939,4,1684.69,518.44550000000004,495.05600000000004,2318.4852341460091,214.29553750024422,228.98968675097012,1,30,16,1830,2760
46,30,33,LinearSubgradientAuction,0.05,0.02,,True,,1000,3600,cats_arbitrary_g30b150,,heuristic,2,False,CATS,150,arbitrary,MultiMinded,1000,MaxIter,1374.3399999999965,2174.927,1,1703.31,577.08699999999999,358.907,2538.4095809400228,0,19.418437767682718,1,30,24,2013,3033
47,30,36,LinearSubgradientAuction,0.05,0.02,,True,,1000,3600,cats_arbitrary_g30b150,,heuristic,2,False,CATS,150,arbitrary,MultiMinded,1000,MaxIter,1504.8600000000006,2134.903,7,1579.3,488.0025,764.9689999999999,2509.4433705111082,518.35289863247533,522.05922455571908,1,30,28,2196,3306
48,30,36,LinearSubgradientAuction,0.05,0.02,,True,,1000,3600,cats_arbitrary_g30b150,,heuristic,2,False,CATS,150,arbitrary,MultiMinded,1000,MaxIter,1500.9099999999962,2120.0323,7,1723.29,500.82099999999997,1020.7706999999999,2361.3783029608408,199.11754892634826,210.12941817375173,1,30,23,2196,3306
49,30,32,LinearSubgradientAuction,0.05,0.02,,True,,1000,3600,cats_arbitrary_g30b150,,heuristic,2,False,CATS,150,arbitrary,MultiMinded,1000,MaxIter,1324.9199999999983,1825.5846,3,1448.16,458.54599999999999,892.6800000000001,2151.5487748796163,393.2554256745571,396.9453975865751,1,30,21,1952,2942
50,30,32,LinearSubgradientAuction,0.05,0.02,,True,,1000,3600,cats_arbitrary_g30b150,,heuristic,2,False,CATS,150,arbitrary,MultiMinded,1000,MaxIter,1324.2000000000044,2387.589,9,2137.71,881.64700000000005,810.2090000000001,2551.5105280938419,645.52760002218713,645.52760002218713,1,30,63,1952,2942
51,30,31,LinearSubgradientAuction,0.05,0.02,,True,,1000,3600,cats_arbitrary_g30b150,,heuristic,2,False,CATS,150,arbitrary,MultiMinded,1000,MaxIter,1292.0400000000009,2404.514,3,2207.65,681.84050000000002,1023.817,2878.8337201951335,620.13299306426973,738.63841442582293,1,30,22,1891,2851
52,30,34,LinearSubgradientAuction,0.05,0.02,,True,,1000,3600,cats_arbitrary_g30b150,,heuristic,2,False,CATS,150,arbitrary,MultiMinded,1000,MaxIter,1400.5800000000017,2070.7699000000002,9,1761.92,837.09500000000003,1384.836,2459.2672766684714,830.31621691021428,834.79990235843388,1,30,22,2074,3124
53,30,34,LinearSubgradientAuction,0.05,0.02,,True,,1000,3600,cats_arbitrary_g30b150,,heuristic,2,False,CATS,150,arbitrary,MultiMinded,1000,MaxIter,1405.5,1944.8844,5,1588.82,654.95799999999997,965.8302,2301.0818128260526,228.97757094327312,243.67190996648478,1,30,15,2074,3124
54,30,30,LinearSubgradientAuction,0.05,0.02,,True,,1000,3600,cats_arbitrary_g30b150,,heuristic,2,False,CATS,150,arbitrary,MultiMinded,1000,MaxIter,1235.0699999999997,2678.4509,3,2281.57,746.976,2509.459,3048.4857609240617,2386.062745603263,2436.3615999873314,1,30,5,1830,2760
55,30,31,LinearSubgradientAuction,0.05,0.02,,True,,1000,3600,cats_arbitrary_g30b150,,heuristic,2,False,CATS,150,arbitrary,MultiMinded,1000,MaxIter,1273.5099999999948,2211.653,1,1943.48,726.06700000000001,119.11,2464.5793073620266,0,15.065242675400427,1,30,29,1891,2851
56,30,29,LinearSubgradientAuction,0.05,0.02,,True,,1000,3600,cats_arbitrary_g30b150,,heuristic,2,False,CATS,150,arbitrary,MultiMinded,1000,MaxIter,1179.3799999999974,2093.229,9,1877.5,714.9369999999999,1270.248,2261.1292173110937,1145.5452115189635,1145.5452115189635,1,30,66,1769,2669
57,30,31,LinearSubgradientAuction,0.05,0.02,,True,,1000,3600,cats_arbitrary_g30b150,,heuristic,2,False,CATS,150,arbitrary,MultiMinded,1000,MaxIter,1271.060000000005,2015.9576000000002,6,1667.14,591.51199999999994,1143.574,2374.6076818608049,1086.5359570179917,1088.9579995219658,1,30,26,1891,2851
58,30,33,LinearSubgradientAuction,0.05,0.02,,True,,1000,3600,cats_arbitrary_g30b150,,heuristic,2,False,CATS,150,arbitrary,MultiMinded,1000,MaxIter,1404.6200000000026,2213.6252,2,1937.47,893.10799999999995,495.606,2630.3217491491655,0,12.516070052563208,1,30,24,2013,3033
59,30,31,LinearSubgradientAuction,0.05,0.02,,True,,1000,3600,cats_arbitrary_g30b150,,heuristic,2,False,CATS,150,arbitrary,MultiMinded,1000,MaxIter,1284.25,2195.5229,2,1710.57,782.62599999999998,682.741,2747.3590336778443,646.38423772269255,650.49262729939505,1,30,22,1891,2851
60,30,36,LinearSubgradientAuction,0.05,0.02,,True,,1000,3600,cats_arbitrary_g30b150,,heuristic,2,False,CATS,150,arbitrary,MultiMinded,1000,MaxIter,1512.739999999998,1802.554,5,1574.08,671.95349999999996,481.0145,2115.2239713237068,257.9501055098084,264.7205260518341,1,30,14,2196,3306
61,30,33,LinearSubgradientAuction,0.05,0.02,,True,,1000,3600,cats_arbitrary_g30b150,,heuristic,2,False,CATS,150,arbitrary,MultiMinded,1000,MaxIter,1380.1399999999994,1724.4375,1,1339.03,584.49199999999996,927.74,2026.1087899813249,0,1.5297731783673783,1,30,30,2013,3033
62,30,36,LinearSubgradientAuction,0.05,0.02,,True,,1000,3600,cats_arbitrary_g30b150,,heuristic,2,False,CATS,150,arbitrary,MultiMinded,1000,MaxIter,1514.5999999999985,2437.0683000000004,2,1933.61,814.90999999999997,299.534,2676.9292762356617,135.01057712805454,145.74293155711064,1,30,25,2196,3306
63,30,34,LinearSubgradientAuction,0.05,0.02,,True,,1000,3600,cats_arbitrary_g30b150,,heuristic,2,False,CATS,150,arbitrary,MultiMinded,1000,MaxIter,1409.0,2003.24,2,2003.24,494.63999999999999,652.091,2494.6738115365956,0,12.111043191963367,1,30,27,2074,3124
64,30,34,LinearSubgradientAuction,0.05,0.02,,True,,1000,3600,cats_arbitrary_g30b150,,heuristic,2,False,CATS,150,arbitrary,MultiMinded,1000,MaxIter,1403.0899999999965,2039.0195999999999,7,1809.03,585.17600000000004,1153.4779999999998,2407.0884124656086,574.58368036279751,578.73149982810207,1,30,17,2074,3124
65,30,36,LinearSubgradientAuction,0.05,0.02,,True,,1000,3600,cats_arbitrary_g30b150,,heuristic,2,False,CATS,150,arbitrary,MultiMinded,1000,MaxIter,1492.520000000004,1894.2412000000002,3,1377.42,663.9670000000001,495.71439999999996,2130.3443559628963,379.5174532460972,392.81924828187493,1,30,24,2196,3306
66,30,33,LinearSubgradientAuction,0.05,0.02,,True,,1000,3600,cats_arbitrary_g30b150,,heuristic,2,False,CATS,150,arbitrary,MultiMinded,1000,MaxIter,1379.8700000000026,2454.29,9,2454.29,522.13300000000004,1311.273,2540.8944894689257,202.77968680138554,355.55307321862529,1,30,27,2013,3033
67,30,31,LinearSubgradientAuction,0.05,0.02,,True,,1000,3600,cats_arbitrary_g30b150,,heuristic,2,False,CATS,150,arbitrary,MultiMinded,1000,MaxIter,1262.0800000000017,2341.4958,4,2017.46,785.07600000000002,2094.5729,2926.6297455461486,667.17475635245614,667.38199611847358,1,30,16,1891,2851
68,30,31,LinearSubgradientAuction,0.05,0.02,,True,,1000,3600,cats_arbitrary_g30b150,,heuristic,2,False,CATS,150,arbitrary,MultiMinded,1000,MaxIter,1280.6499999999942,2082.3165,2,1694.51,536.65000000000009,505.843,2255.7036382337956,478.95496488580318,487.88445760131521,1,30,25,1891,2851
69,30,32,LinearSubgradientAuction,0.05,0.02,,True,,1000,3600,cats_arbitrary_g30b150,,heuristic,2,False,CATS,150,arbitrary,MultiMinded,1000,MaxIter,1319.7099999999991,2088.0744,4,1731.11,855.64499999999998,1207.38,2434.3513273379972,1169.390689227575,1169.9079338727342,1,30,19,1952,2942
70,30,33,LinearSubgradientAuction,0.05,0.02,,True,,1000,3600,cats_arbitrary_g30b150,,heuristic,2,False,CATS,150,arbitrary,MultiMinded,1000,MaxIter,1395.189999999995,2258.578,6,1454.94,617.26599999999996,1424.85,2738.2028579524854,446.78344145791118,449.73884775229101,1,30,16,2013,3033
71,30,33,LinearSubgradientAuction,0.05,0.02,,True,,1000,3600,cats_arbitrary_g30b150,,heuristic,2,False,CATS,150,arbitrary,MultiMinded,1000,MaxIter,1384.3999999999942,2247.3372,5,1920.4,499.70499999999998,688.924,2578.0142429228658,337.49876698998173,343.70856617136042,1,30,16,2013,3033
72,30,39,LinearSubgradientAuction,0.05,0.02,,True,,1000,3600,cats_arbitrary_g30b150,,heuristic,2,False,CATS,150,arbitrary,MultiMinded,1000,MaxIter,1633.1900000000023,2410.0175,7,1662.34,705.94000000000005,1202.749,2621.9633312748092,1097.0612176365166,1101.5080567811062,1,30,22,2379,3579
73,30,34,LinearSubgradientAuction,0.05,0.02,,True,,1000,3600,cats_arbitrary_g30b150,,heuristic,2,False,CATS,150,arbitrary,MultiMinded,1000,MaxIter,1413.9300000000003,2015.5892,11,1380.57,479.64299999999997,875.826,2365.6871325592533,496.36476414879513,597.87339529439453,1,30,35,2074,3124
74,30,36,LinearSubgradientAuction,0.05,0.02,,True,,1000,3600,cats_arbitrary_g30b150,,heuristic,2,False,CATS,150,arbitrary,MultiMinded,1000,MaxIter,1500.2900000000009,2042.097,8,1285.64,413.78699999999998,542.9556,2303.1159678289519,346.84532531506954,351.5752605236147,1,30,28,2196,3306
75,30,28,LinearSubgradientAuction,0.05,0.02,,True,,1000,3600,cats_arbitrary_g30b150,,heuristic,2,False,CATS,150,arbitrary,MultiMinded,1000,MaxIter,1154.510000000002,1952.3077,6,1522.4,797.30549999999994,1238.266,2836.3747981746101,0,0.58517237964173319,1,30,24,1708,2578
76,30,35,LinearSubgradientAuction,0.05,0.02,,True,,1000,3600,cats_arbitrary_g30b150,,heuristic,2,False,CATS,150,arbitrary,MultiMinded,1000,MaxIter,1449.0599999999977,2241.3282000000004,8,1991.23,695.48000000000002,1459.8965,2563.2038592236377,1132.3222879826376,1155.4827366213415,1,30,12,2135,3215
77,30,29,LinearSubgradientAuction,0.05,0.02,,True,,1000,3600,cats_arbitrary_g30b150,,heuristic,2,False,CATS,150,arbitrary,MultiMinded,1000,MaxIter,1175.8099999999977,2086.98,3,1735.17,697.00749999999994,796.9659999999999,2386.9119407220596,369.05055882910057,385.57672602878893,1,30,21,1769,2669
78,30,34,LinearSubgradientAuction,0.05,0.02,,True,,1000,3600,cats_arbitrary_g30b150,,heuristic,2,False,CATS,150,arbitrary,MultiMinded,1000,MaxIter,1405.1600000000035,2141.5101999999997,8,1833.54,620.51150000000007,1269.5123999999998,2540.822350953888,881.16167462323608,893.61835774397036,1,30,13,2074,3124
79,30,32,LinearSubgradientAuction,0.05,0.02,,True,,1000,3600,cats_arbitrary_g30b150,,heuristic,2,False,CATS,150,arbitrary,MultiMinded,1000,MaxIter,1321.5699999999997,2182.6516,6,1753.74,722.10699999999997,825.5219999999999,2846.2730044495629,209.74136887940858,231.09074670247293,1,30,16,1952,2942
80,30,31,LinearSubgradientAuction,0.05,0.02,,True,,1000,3600,cats_arbitrary_g30b150,,heuristic,2,False,CATS,150,arbitrary,MultiMinded,1000,MaxIter,1278.9100000000035,2157.0797,8,1772.89,656.88249999999994,1293.917,2488.5859519891933,1185.0910484662268,1189.8634967491271,1,30,20,1891,2851
81,30,31,LinearSubgradientAuction,0.05,0.02,,True,,1000,3600,cats_arbitrary_g30b150,,heuristic,2,False,CATS,150,arbitrary,MultiMinded,1000,MaxIter,1275.2099999999991,1755.3018000000002,2,1603.71,647.50199999999995,568.158,2191.8594289155608,91.699857818558598,101.09164676203558,1,30,28,1891,2851
82,30,34,LinearSubgradientAuction,0.05,0.02,,True,,1000,3600,cats_arbitrary_g30b150,,heuristic,2,False,CATS,150,arbitrary,MultiMinded,1000,MaxIter,1424.8199999999997,2385.8982,2,2112.36,790.75199999999995,1244.786,2773.9390159000113,327.2749546109398,340.69040628798336,1,30,27,2074,3124
83,30,32,LinearSubgradientAuction,0.05,0.02,,True,,1000,3600,cats_arbitrary_g30b150,,heuristic,2,False,CATS,150,arbitrary,MultiMinded,1000,MaxIter,1330.6199999999953,2059.99,6,1826.87,768.11400000000003,1133.3980000000001,2556.7467912181783,1063.7545387086318,1063.7545387086318,1,30,34,1952,2942
84,30,33,LinearSubgradientAuction,0.05,0.02,,True,,1000,3600,cats_arbitrary_g30b150,,heuristic,2,False,CATS,150,arbitrary,MultiMinded,1000,MaxIter,1397.570000000007,1978.9186000000002,8,1758.88,838.20399999999995,563.3910000000001,2482.4582013472823,508.58755405647321,508.63175344773117,1,30,43,2013,3033
85,30,33,LinearSubgradientAuction,0.05,0.02,,True,,1000,3600,cats_arbitrary_g30b150,,heuristic,2,False,CATS,150,arbitrary,MultiMinded,1000,MaxIter,1384.5400000000081,2216.0256,4,2078.55,626.62099999999998,1374.3020000000001,2530.8379474451476,628.70149075689164,632.59802941360419,1,30,18,2013,3033
86,30,31,LinearSubgradientAuction,0.05,0.02,,True,,1000,3600,cats_arbitrary_g30b150,,heuristic,2,False,CATS,150,arbitrary,MultiMinded,1000,MaxIter,1276.87999999999,2283.532,5,1809.12,745.29950000000008,808.078,2699.7590144273777,606.71508392409396,606.71508392409396,1,30,71,1891,2851
87,30,36,LinearSubgradientAuction,0.05,0.02,,True,,1000,3600,cats_arbitrary_g30b150,,heuristic,2,False,CATS,150,arbitrary,MultiMinded,1000,MaxIter,1501.659999999989,2522.6901999999995,6,2032.58,563.31899999999996,1355.8775,2936.3232799109533,532.93755051524795,533.06679585220741,1,30,25,2196,3306
88,30,35,LinearSubgradientAuction,0.05,0.02,,True,,1000,3600,cats_arbitrary_g30b150,,heuristic,2,False,CATS,150,arbitrary,MultiMinded,1000,MaxIter,1448.8600000000006,2265.08,7,1820.47,452.93900000000002,1190.2820000000002,2609.388800299791,1079.8945462614076,1102.6924363998689,1,30,12,2135,3215
89,30,28,LinearSubgradientAuction,0.05,0.02,,True,,1000,3600,cats_arbitrary_g30b150,,heuristic,2,False,CATS,150,arbitrary,MultiMinded,1000,MaxIter,1131.5599999999977,1895.8706000000002,3,1412.37,685.88149999999996,626.5136,2256.350859813087,58.86209624631207,59.300186104651253,1,30,27,1708,2578
90,30,33,LinearSubgradientAuction,0.05,0.02,,True,,1000,3600,cats_arbitrary_g30b150,,heuristic,2,False,CATS,150,arbitrary,MultiMinded,1000,MaxIter,1378.1100000000006,2397.1789,2,2224.82,593.16800000000001,1723.769,2695.0250938980134,203.77753125319208,208.42147830795889,1,30,26,2013,3033
91,30,32,LinearSubgradientAuction,0.05,0.02,,True,,1000,3600,cats_arbitrary_g30b150,,heuristic,2,False,CATS,150,arbitrary,MultiMinded,1000,MaxIter,1307.4000000000087,2290.7259999999997,6,1825.1,529.46000000000004,904.579,2651.1421935993121,855.32677600338081,856.1872640740296,1,30,30,1952,2942
92,30,31,LinearSubgradientAuction,0.05,0.02,,True,,1000,3600,cats_arbitrary_g30b150,,heuristic,2,False,CATS,150,arbitrary,MultiMinded,1000,MaxIter,1280.6399999999994,1880.9630000000002,11,1586.58,901.44949999999994,692.11,2234.3283551452996,207.07257233328556,207.07278750537688,1,30,63,1891,2851
93,30,34,LinearSubgradientAuction,0.05,0.02,,True,,1000,3600,cats_arbitrary_g30b150,,heuristic,2,False,CATS,150,arbitrary,MultiMinded,1000,MaxIter,1406.4000000000087,1815.7306,8,1434.89,540.21100000000001,893.373,2043.5112716693866,821.74494473565574,821.74494473565574,1,30,28,2074,3124
94,30,36,LinearSubgradientAuction,0.05,0.02,,True,,1000,3600,cats_arbitrary_g30b150,,heuristic,2,False,CATS,150,arbitrary,MultiMinded,1000,MaxIter,1512.3600000000006,2435.1574,4,2127.58,687.69500000000005,1255.306,2789.6678750275291,67.3102293348839,115.32561439649022,1,30,19,2196,3306
95,30,32,LinearSubgradientAuction,0.05,0.02,,True,,1000,3600,cats_arbitrary_g30b150,,heuristic,2,False,CATS,150,arbitrary,MultiMinded,1000,MaxIter,1332.4800000000105,2424.051,1,1933.55,792.75099999999998,75.1135,2757.5765419628951,0,3.0002862077253951,1,30,30,1952,2942
96,30,31,LinearSubgradientAuction,0.05,0.02,,True,,1000,3600,cats_arbitrary_g30b150,,heuristic,2,False,CATS,150,arbitrary,MultiMinded,1000,MaxIter,1294.0699999999924,1954.1625,9,1781.86,780.25699999999995,1110.966,2448.2109285344077,377.59303021297666,380.24737237617398,1,30,50,1891,2851
97,30,30,LinearSubgradientAuction,0.05,0.02,,True,,1000,3600,cats_arbitrary_g30b150,,heuristic,2,False,CATS,150,arbitrary,MultiMinded,1000,MaxIter,1219.979999999996,1794.66,10,1264.09,681.495,995.7379999999998,2198.900778883612,665.59362407437629,666.06923355171978,1,30,40,1830,2760
98,30,32,LinearSubgradientAuction,0.05,0.02,,True,,1000,3600,cats_arbitrary_g30b150,,heuristic,2,False,CATS,150,arbitrary,MultiMinded,1000,MaxIter,1329.8899999999994,2145.0272,8,2092.47,967.64100000000008,599.6086,2734.4467712866849,513.08303053058023,513.08303053058023,1,30,46,1952,2942
99,30,29,LinearSubgradientAuction,0.05,0.02,,True,,1000,3600,cats_arbitrary_g30b150,,heuristic,2,False,CATS,150,arbitrary,MultiMinded,1000,MaxIter,1190.8899999999994,2260.297,3,2093.42,648.17449999999997,907.281,2822.3701460621878,0,13.033535429014648,1,30,18,1769,2669
100,30,37,LinearSubgradientAuction,0.05,0.02,,True,,1000,3600,cats_arbitrary_g30b150,,heuristic,2,False,CATS,150,arbitrary,MultiMinded,1000,MaxIter,1533.5299999999988,2260.7916,10,1588.66,496.72000000000003,1486.4550000000002,2488.4476884761339,1225.0287366946845,1252.1323427949401,1,30,22,2257,3397
