idx,items,agents,auction_class,epsilon,stepc,epoch,scalebyvalue,reserve_type,maxiter,maxtime,generator_param_name,personalized,bidding_strategy,heuristic_pool_num,int_prices,generator,bids,distribution,type,rounds,status,runtime,efficient_value,final_num_winners,final_max_agent_value,final_scalevalue,final_value,final_total_price,final_revenue,final_indirect_util,final_price_degree,final_price_sparsity,final_imbalance,final_wd_nvars,final_wd_ncons
1,30,34,AdaptiveCuttingAuction,0.05,0.02,10,True,,1000,3600,cats_arbitrary_g30b150,True,heuristic,2,False,CATS,150,arbitrary,MultiMinded,1000,MaxIter,675.0699999999779,1985.8648,7,1958.65,585.33899999999994,1926.6561000000002,2032.2549015244563,924.70581562823475,929.34436999372974,20,72,49,121,64
2,30,35,AdaptiveCuttingAuction,0.05,0.02,10,True,,1000,3600,cats_arbitrary_g30b150,True,heuristic,2,False,CATS,150,arbitrary,MultiMinded,39,Balance,9.119999999995343,2197.79,1,2197.79,440.00599999999997,2197.79,2196.4414111932542,2174.4411111932541,2211.3388265013,6,47,48,90,65
3,30,33,AdaptiveCuttingAuction,0.05,0.02,10,True,,1000,3600,cats_arbitrary_g30b150,True,heuristic,2,False,CATS,150,arbitrary,MultiMinded,112,Balance,39.26999999998952,2537.724,5,1980.67,603.23800000000006,2537.724,2553.3510728649744,2402.5415728649741,2459.4680965288303,6,50,47,93,63
4,30,33,AdaptiveCuttingAuction,0.05,0.02,10,True,,1000,3600,cats_arbitrary_g30b150,True,heuristic,2,False,CATS,150,arbitrary,MultiMinded,1000,MaxIter,563.570000000007,2018.328,5,1780.26,501.12400000000002,1725.9573,1991.2423951247597,613.27038731688458,651.94407394020277,29,70,29,105,63
5,30,32,AdaptiveCuttingAuction,0.05,0.02,10,True,,1000,3600,cats_arbitrary_g30b150,True,heuristic,2,False,CATS,150,arbitrary,MultiMinded,307,Balance,189.2599999999802,1876.8708299999998,6,1770.89,624.08600000000001,1876.8708299999998,1924.3937551724439,1764.5802808577198,1773.543512352474,9,65,68,105,62
6,30,33,AdaptiveCuttingAuction,0.05,0.02,10,True,,1000,3600,cats_arbitrary_g30b150,True,heuristic,2,False,CATS,150,arbitrary,MultiMinded,244,Balance,94.12000000002445,2052.619,2,1672.04,727.22400000000005,2052.619,2091.0452178166256,2018.3228178166253,2018.3228178166253,11,47,22,97,63
7,30,30,AdaptiveCuttingAuction,0.05,0.02,10,True,,1000,3600,cats_arbitrary_g30b150,True,heuristic,2,False,CATS,150,arbitrary,MultiMinded,93,Balance,22.739999999990687,2256.612,4,2088.18,661.12950000000001,2222.027,2232.0633872054113,2099.8374872054114,2162.3885908999046,7,46,62,88,60
8,30,35,AdaptiveCuttingAuction,0.05,0.02,10,True,,1000,3600,cats_arbitrary_g30b150,True,heuristic,2,False,CATS,150,arbitrary,MultiMinded,242,Balance,127.92999999999302,1886.9858,4,1721.43,762.18450000000007,1886.9858,1931.0894604699024,1778.6525604699027,1785.2064590158152,28,68,33,104,65
9,30,32,AdaptiveCuttingAuction,0.05,0.02,10,True,,1000,3600,cats_arbitrary_g30b150,True,heuristic,2,False,CATS,150,arbitrary,MultiMinded,53,Balance,15.320000000006985,1903.7699,5,1559.25,844.62750000000005,1890.7119,1962.9233364097367,1751.7664614097368,1771.958667637796,9,46,30,84,62
10,30,36,AdaptiveCuttingAuction,0.05,0.02,10,True,,1000,3600,cats_arbitrary_g30b150,True,heuristic,2,False,CATS,150,arbitrary,MultiMinded,893,Balance,705.4599999999919,2500.0740000000005,8,2217.68,621.28700000000003,2463.7709,2519.056535251596,2270.5417352515951,2280.80726361193,30,78,33,106,66
11,30,30,AdaptiveCuttingAuction,0.05,0.02,10,True,,1000,3600,cats_arbitrary_g30b150,True,heuristic,2,False,CATS,150,arbitrary,MultiMinded,122,Balance,32.20000000001164,1868.241,6,1447.57,637.68550000000005,1852.7541099999999,1898.3044494299697,1706.9987994299699,1730.3648692280476,12,43,32,81,60
12,30,32,AdaptiveCuttingAuction,0.05,0.02,10,True,,1000,3600,cats_arbitrary_g30b150,True,heuristic,2,False,CATS,150,arbitrary,MultiMinded,143,Balance,50.40999999997439,1629.6809799999999,6,1454.03,563.44500000000005,1555.14048,1585.9216001686514,1427.9087894134809,1446.0751863442924,9,46,44,94,62
13,30,33,AdaptiveCuttingAuction,0.05,0.02,10,True,,1000,3600,cats_arbitrary_g30b150,True,heuristic,2,False,CATS,150,arbitrary,MultiMinded,139,Balance,50.84000000002561,1977.1191,4,1667.86,707.56150000000002,1912.6510999999998,1950.4352329185049,1808.9229329185046,1814.7220504690647,28,72,46,97,63
14,30,33,AdaptiveCuttingAuction,0.05,0.02,10,True,,1000,3600,cats_arbitrary_g30b150,True,heuristic,2,False,CATS,150,arbitrary,MultiMinded,89,Balance,40.94000000000233,2717.117,5,1791.51,726.46749999999997,2615.014,2648.5128557006633,2466.8959807006631,2483.6017938192826,9,63,28,97,63
15,30,30,AdaptiveCuttingAuction,0.05,0.02,10,True,,1000,3600,cats_arbitrary_g30b150,True,heuristic,2,False,CATS,150,arbitrary,MultiMinded,507,Balance,200.30999999999767,2171.381,3,1868.55,921.70799999999997,1948.913,1989.4036166786655,1851.1474166786656,1857.9109254483647,27,60,13,84,60
16,30,34,AdaptiveCuttingAuction,0.05,0.02,10,True,,1000,3600,cats_arbitrary_g30b150,True,heuristic,2,False,CATS,150,arbitrary,MultiMinded,762,Balance,585.5,2091.4660000000003,8,1581.43,466.154,2052.794,2098.4098203487938,1911.9482203487939,1917.2190875086687,21,76,46,121,64
17,30,32,AdaptiveCuttingAuction,0.05,0.02,10,True,,1000,3600,cats_arbitrary_g30b150,True,heuristic,2,False,CATS,150,arbitrary,MultiMinded,41,Balance,10.880000000004657,1828.406,6,1506.32,727.10699999999997,1735.1550000000002,1821.6965345953627,1603.5644345953624,1675.1659272135485,10,48,86,87,62
18,30,33,AdaptiveCuttingAuction,0.05,0.02,10,True,,1000,3600,cats_arbitrary_g30b150,True,heuristic,2,False,CATS,150,arbitrary,MultiMinded,90,Balance,29.160000000003492,2345.2870000000003,2,2117.29,776.08299999999997,2241.614,2274.3492260178891,2196.7409260178893,2198.0603192464605,11,47,32,90,63
19,30,34,AdaptiveCuttingAuction,0.05,0.02,10,True,,1000,3600,cats_arbitrary_g30b150,True,heuristic,2,False,CATS,150,arbitrary,MultiMinded,548,Balance,318.9400000000023,2287.142,4,1551.3,564.779,2272.415,2314.8513582659366,2201.8955582659364,2213.5337035341922,28,73,61,103,64
20,30,34,AdaptiveCuttingAuction,0.05,0.02,10,True,,1000,3600,cats_arbitrary_g30b150,True,heuristic,2,False,CATS,150,arbitrary,MultiMinded,41,Balance,21.220000000001164,1940.03319,5,1543.36,583.99600000000009,1841.56,1883.8935433957533,1737.8945433957526,1759.960919260222,8,55,33,88,64
21,30,32,AdaptiveCuttingAuction,0.05,0.02,10,True,,1000,3600,cats_arbitrary_g30b150,True,heuristic,2,False,CATS,150,arbitrary,MultiMinded,467,Balance,262.7300000000105,1599.0811999999999,6,1355.45,695.58449999999993,1545.2141000000001,1625.7872959154429,1417.1119459154431,1424.3046744231317,30,70,29,97,62
22,30,33,AdaptiveCuttingAuction,0.05,0.02,10,True,,1000,3600,cats_arbitrary_g30b150,True,heuristic,2,False,CATS,150,arbitrary,MultiMinded,119,Balance,42.69999999998254,2282.8423000000003,8,1879.28,739.774,2107.9635000000003,2155.0579275954024,1859.1483275954015,1865.8011857700196,30,59,41,89,63
23,30,33,AdaptiveCuttingAuction,0.05,0.02,10,True,,1000,3600,cats_arbitrary_g30b150,True,heuristic,2,False,CATS,150,arbitrary,MultiMinded,309,Balance,184.70000000001164,2403.9993,3,2044.82,717.20399999999995,2389.5669999999996,2399.3366657937772,2291.756065793777,2302.1114211441313,23,66,54,99,63
24,30,30,AdaptiveCuttingAuction,0.05,0.02,10,True,,1000,3600,cats_arbitrary_g30b150,True,heuristic,2,False,CATS,150,arbitrary,MultiMinded,1000,MaxIter,706.9800000000105,2126.121,5,1969.43,482.00350000000003,1946.456,2151.1142309271463,471.13764702794214,477.13260490492917,30,70,26,106,60
25,30,29,AdaptiveCuttingAuction,0.05,0.02,10,True,,1000,3600,cats_arbitrary_g30b150,True,heuristic,2,False,CATS,150,arbitrary,MultiMinded,273,Balance,128.63999999998487,1852.1607,5,1764.81,936.35900000000004,1852.1607,1931.2529772436619,1697.1632272436618,1697.1632272436618,28,68,24,102,59
26,30,39,AdaptiveCuttingAuction,0.05,0.02,10,True,,1000,3600,cats_arbitrary_g30b150,True,heuristic,2,False,CATS,150,arbitrary,MultiMinded,111,Balance,61.460000000020955,2465.4804,7,1489.25,632.89699999999993,2465.4804,2477.0785822727512,2255.5646322727512,2284.5464496836712,9,50,38,100,69
27,30,29,AdaptiveCuttingAuction,0.05,0.02,10,True,,1000,3600,cats_arbitrary_g30b150,True,heuristic,2,False,CATS,150,arbitrary,MultiMinded,467,Balance,147.04000000000815,2275.4269999999997,3,1932.93,759.11900000000003,2081.141,2142.1685753802944,2028.3007253802948,2042.5242846967897,9,45,44,82,59
28,30,31,AdaptiveCuttingAuction,0.05,0.02,10,True,,1000,3600,cats_arbitrary_g30b150,True,heuristic,2,False,CATS,150,arbitrary,MultiMinded,65,Balance,18.300000000017462,2301.5724,7,1458.94,613.274,1916.5634,1965.6207361169693,1750.9748361169695,1765.3936153325321,8,44,19,83,61
29,30,29,AdaptiveCuttingAuction,0.05,0.02,10,True,,1000,3600,cats_arbitrary_g30b150,True,heuristic,2,False,CATS,150,arbitrary,MultiMinded,42,Balance,8.660000000003492,2007.782,7,1669.06,662.85299999999995,2007.782,2066.64438624995,1834.64583624995,1884.2779484879036,1,30,25,80,59
30,30,35,AdaptiveCuttingAuction,0.05,0.02,10,True,,1000,3600,cats_arbitrary_g30b150,True,heuristic,2,False,CATS,150,arbitrary,MultiMinded,171,Balance,87.75,2161.8298999999997,7,1539.73,524.54999999999995,2037.9223000000002,2099.0318829367834,1915.4393829367837,1931.5449597385925,7,49,39,94,65
31,30,32,AdaptiveCuttingAuction,0.05,0.02,10,True,,1000,3600,cats_arbitrary_g30b150,True,heuristic,2,False,CATS,150,arbitrary,MultiMinded,685,Balance,522.359999999986,2453.359,7,1724.13,512.56299999999999,2453.359,2446.2476009032184,2266.8505509032188,2302.4808404003097,8,63,30,112,62
32,30,34,AdaptiveCuttingAuction,0.05,0.02,10,True,,1000,3600,cats_arbitrary_g30b150,True,heuristic,2,False,CATS,150,arbitrary,MultiMinded,316,Balance,296.0100000000093,1818.8858,7,1643.98,574.70600000000002,1751.31023,1824.2685454926991,1644.6768015646219,1646.2932958832091,30,72,13,105,64
33,30,33,AdaptiveCuttingAuction,0.05,0.02,10,True,,1000,3600,cats_arbitrary_g30b150,True,heuristic,2,False,CATS,150,arbitrary,MultiMinded,61,Balance,25.35999999998603,1944.8153000000002,5,1618.49,617.12249999999995,1932.912,1995.2731902268324,1840.9925652268323,1842.5709797418576,6,50,25,100,63
34,30,31,AdaptiveCuttingAuction,0.05,0.02,10,True,,1000,3600,cats_arbitrary_g30b150,True,heuristic,2,False,CATS,150,arbitrary,MultiMinded,318,Balance,102.73000000001048,2467.5019,5,2102.79,578.16200000000003,2393.571,2428.0391712151295,2283.4986712151294,2295.1962723339475,7,48,32,92,61
35,30,32,AdaptiveCuttingAuction,0.05,0.02,10,True,,1000,3600,cats_arbitrary_g30b150,True,heuristic,2,False,CATS,150,arbitrary,MultiMinded,41,Balance,12.380000000004657,2108.201,2,1910.3,506.57900000000001,2108.201,2109.7930634608642,2059.1351634608641,2091.4961213231531,9,45,16,82,62
36,30,35,AdaptiveCuttingAuction,0.05,0.02,10,True,,1000,3600,cats_arbitrary_g30b150,True,heuristic,2,False,CATS,150,arbitrary,MultiMinded,34,Balance,9.709999999991851,1942.8097999999998,6,1649.39,704.06799999999998,1906.264,1923.0645402035698,1711.8441402035696,1802.5424841109264,8,46,66,86,65
37,30,33,AdaptiveCuttingAuction,0.05,0.02,10,True,,1000,3600,cats_arbitrary_g30b150,True,heuristic,2,False,CATS,150,arbitrary,MultiMinded,1000,MaxIter,692.0,1975.334,6,1881.03,532.89949999999999,1738.6475999999998,1993.3843436035445,650.02018093002903,652.70943129538728,28,63,53,106,63
38,30,32,AdaptiveCuttingAuction,0.05,0.02,10,True,,1000,3600,cats_arbitrary_g30b150,True,heuristic,2,False,CATS,150,arbitrary,MultiMinded,179,Balance,86.53000000002794,2501.4829999999997,3,2312.06,839.32600000000002,2282.2293,2362.9190610061619,2237.0201610061617,2261.8574500843938,26,61,67,93,62
39,30,34,AdaptiveCuttingAuction,0.05,0.02,10,True,,1000,3600,cats_arbitrary_g30b150,True,heuristic,2,False,CATS,150,arbitrary,MultiMinded,868,Balance,480.19999999998254,2311.536,2,2186.45,533.95749999999998,2311.536,2338.5620252406156,2285.166275240616,2285.4887467249537,30,73,33,96,64
40,30,31,AdaptiveCuttingAuction,0.05,0.02,10,True,,1000,3600,cats_arbitrary_g30b150,True,heuristic,2,False,CATS,150,arbitrary,MultiMinded,145,Balance,57.98000000001048,1922.01,5,1548.35,753.33299999999997,1922.01,1957.0566853390806,1768.7234353390811,1775.7554522275043,30,75,34,94,61
41,30,32,AdaptiveCuttingAuction,0.05,0.02,10,True,,1000,3600,cats_arbitrary_g30b150,True,heuristic,2,False,CATS,150,arbitrary,MultiMinded,468,Balance,319.04000000000815,1899.3063,5,1626.29,567.45299999999997,1899.3063,1930.97088911128,1789.1076391112799,1789.2771049545572,30,71,24,105,62
42,30,35,AdaptiveCuttingAuction,0.05,0.02,10,True,,1000,3600,cats_arbitrary_g30b150,True,heuristic,2,False,CATS,150,arbitrary,MultiMinded,333,Balance,235.95000000001164,2374.3837000000003,5,1682.91,707.67899999999997,2330.0512,2387.674163361512,2210.7544133615124,2212.8591214456465,30,66,30,100,65
43,30,36,AdaptiveCuttingAuction,0.05,0.02,10,True,,1000,3600,cats_arbitrary_g30b150,True,heuristic,2,False,CATS,150,arbitrary,MultiMinded,25,Balance,6.130000000004657,2385.76,1,2385.76,501.80000000000001,2385.76,2409.7078820351717,2384.6178820351715,2403.7253463388715,10,49,38,89,66
44,30,35,AdaptiveCuttingAuction,0.05,0.02,10,True,,1000,3600,cats_arbitrary_g30b150,True,heuristic,2,False,CATS,150,arbitrary,MultiMinded,1000,MaxIter,997.1600000000035,2079.9506999999994,1,1845.76,468.2165,1832.88,2033.5423723743531,0,3.5561344475615044,27,71,54,118,65
45,30,30,AdaptiveCuttingAuction,0.05,0.02,10,True,,1000,3600,cats_arbitrary_g30b150,True,heuristic,2,False,CATS,150,arbitrary,MultiMinded,1000,MaxIter,477.929999999993,1973.4939,6,1684.69,518.44550000000004,1506.9458000000002,2042.7633042818284,377.15758653377583,383.14961292925773,6,49,24,94,60
46,30,33,AdaptiveCuttingAuction,0.05,0.02,10,True,,1000,3600,cats_arbitrary_g30b150,True,heuristic,2,False,CATS,150,arbitrary,MultiMinded,1000,MaxIter,661.859999999986,2174.927,6,1703.31,577.08699999999999,2100.0609999999997,2190.4922229961235,1830.3191514044966,1846.2898666587025,30,69,47,104,63
47,30,36,AdaptiveCuttingAuction,0.05,0.02,10,True,,1000,3600,cats_arbitrary_g30b150,True,heuristic,2,False,CATS,150,arbitrary,MultiMinded,1000,MaxIter,742.679999999993,2134.903,5,1579.3,488.0025,2079.37,2139.6627836631014,1272.9688984141039,1276.3633636361403,21,69,15,113,66
48,30,36,AdaptiveCuttingAuction,0.05,0.02,10,True,,1000,3600,cats_arbitrary_g30b150,True,heuristic,2,False,CATS,150,arbitrary,MultiMinded,1000,MaxIter,631.3199999999779,2120.0323,10,1723.29,500.82099999999997,1988.0145,2169.5356766672339,1382.1221749129454,1390.2196221710926,24,70,34,112,66
49,30,32,AdaptiveCuttingAuction,0.05,0.02,10,True,,1000,3600,cats_arbitrary_g30b150,True,heuristic,2,False,CATS,150,arbitrary,MultiMinded,948,Balance,485.30000000001746,1825.5846,8,1448.16,458.54599999999999,1791.5666,1827.8744675274104,1644.4560675274101,1647.6585397393865,8,71,29,111,62
50,30,32,AdaptiveCuttingAuction,0.05,0.02,10,True,,1000,3600,cats_arbitrary_g30b150,True,heuristic,2,False,CATS,150,arbitrary,MultiMinded,97,Balance,25.619999999995343,2387.589,3,2137.71,881.64700000000005,2387.589,2399.7206770195326,2267.4736270195322,2296.9410073965137,16,50,6,89,62
51,30,31,AdaptiveCuttingAuction,0.05,0.02,10,True,,1000,3600,cats_arbitrary_g30b150,True,heuristic,2,False,CATS,150,arbitrary,MultiMinded,796,Balance,360.29000000000815,2404.514,7,2207.65,681.84050000000002,2350.1530000000002,2377.6679472110909,2139.0237722110915,2145.7082577062738,16,57,16,96,61
52,30,34,AdaptiveCuttingAuction,0.05,0.02,10,True,,1000,3600,cats_arbitrary_g30b150,True,heuristic,2,False,CATS,150,arbitrary,MultiMinded,101,Balance,42.48999999999069,2070.7699000000002,7,1761.92,837.09500000000003,2002.0429000000001,2099.4225592241755,1806.4393092241758,1827.1204869382802,12,47,29,100,64
53,30,34,AdaptiveCuttingAuction,0.05,0.02,10,True,,1000,3600,cats_arbitrary_g30b150,True,heuristic,2,False,CATS,150,arbitrary,MultiMinded,119,Balance,43.16000000000349,1944.8844,7,1588.82,654.95799999999997,1944.8844,1947.0180650843324,1717.7827650843326,1762.1198424457798,9,46,37,97,64
54,30,30,AdaptiveCuttingAuction,0.05,0.02,10,True,,1000,3600,cats_arbitrary_g30b150,True,heuristic,2,False,CATS,150,arbitrary,MultiMinded,67,Balance,17.80999999999767,2678.4509,3,2281.57,746.976,2678.4509,2665.3502722084586,2553.3038722084584,2603.01389450838,7,47,9,82,60
55,30,31,AdaptiveCuttingAuction,0.05,0.02,10,True,,1000,3600,cats_arbitrary_g30b150,True,heuristic,2,False,CATS,150,arbitrary,MultiMinded,137,Balance,51.54999999998836,2211.653,6,1943.48,726.06700000000001,2052.2059,2108.2709336020057,1906.2222292980509,1918.6186743960852,11,48,48,97,61
56,30,29,AdaptiveCuttingAuction,0.05,0.02,10,True,,1000,3600,cats_arbitrary_g30b150,True,heuristic,2,False,CATS,150,arbitrary,MultiMinded,60,Balance,12.85999999998603,2093.229,3,1877.5,714.9369999999999,2093.229,2114.0765065750484,2006.8359565750482,2070.1896100449467,7,50,45,85,59
57,30,31,AdaptiveCuttingAuction,0.05,0.02,10,True,,1000,3600,cats_arbitrary_g30b150,True,heuristic,2,False,CATS,150,arbitrary,MultiMinded,55,Balance,14.559999999997672,2015.9576000000002,4,1667.14,591.51199999999994,1970.6889999999999,1898.882174571281,1780.579774571281,1895.8727478369103,7,46,63,85,61
58,30,33,AdaptiveCuttingAuction,0.05,0.02,10,True,,1000,3600,cats_arbitrary_g30b150,True,heuristic,2,False,CATS,150,arbitrary,MultiMinded,103,Balance,40.27000000001863,2213.6252,5,1937.47,893.10799999999995,1999.5477,2049.5571967327692,1826.2801967327687,1876.2814606690274,8,43,79,93,63
59,30,31,AdaptiveCuttingAuction,0.05,0.02,10,True,,1000,3600,cats_arbitrary_g30b150,True,heuristic,2,False,CATS,150,arbitrary,MultiMinded,102,Balance,27.25999999998021,2195.5229,4,1710.57,782.62599999999998,2195.5229,2261.2672438168779,2104.7420438168779,2124.6013992744279,9,46,25,88,61
60,30,36,AdaptiveCuttingAuction,0.05,0.02,10,True,,1000,3600,cats_arbitrary_g30b150,True,heuristic,2,False,CATS,150,arbitrary,MultiMinded,160,Balance,107.84999999997672,1802.554,4,1574.08,671.95349999999996,1802.554,1840.7767698033319,1714.7062543090863,1720.5568600154081,26,70,51,109,66
61,30,33,AdaptiveCuttingAuction,0.05,0.02,10,True,,1000,3600,cats_arbitrary_g30b150,True,heuristic,2,False,CATS,150,arbitrary,MultiMinded,171,Balance,50.210000000020955,1724.4375,5,1339.03,584.49199999999996,1724.4375,1737.7738299935943,1595.297464443488,1617.9344813425905,7,49,48,100,63
62,30,36,AdaptiveCuttingAuction,0.05,0.02,10,True,,1000,3600,cats_arbitrary_g30b150,True,heuristic,2,False,CATS,150,arbitrary,MultiMinded,169,Balance,76.75,2437.0683000000004,6,1933.61,814.90999999999997,2291.9831999999997,2350.9311366297829,2106.458136629783,2108.5243616501593,17,55,17,101,66
63,30,34,AdaptiveCuttingAuction,0.05,0.02,10,True,,1000,3600,cats_arbitrary_g30b150,True,heuristic,2,False,CATS,150,arbitrary,MultiMinded,1000,MaxIter,873.9400000000023,2003.24,8,2003.24,494.63999999999999,1832.4170700000002,2080.217912315642,1264.9140777981884,1266.1088045312674,30,72,49,112,64
64,30,34,AdaptiveCuttingAuction,0.05,0.02,10,True,,1000,3600,cats_arbitrary_g30b150,True,heuristic,2,False,CATS,150,arbitrary,MultiMinded,1000,MaxIter,678.2799999999988,2039.0195999999999,7,1809.03,585.17600000000004,1975.3329999999999,2073.4514191069184,1719.1910394772167,1727.8316291516512,23,77,38,114,64
65,30,36,AdaptiveCuttingAuction,0.05,0.02,10,True,,1000,3600,cats_arbitrary_g30b150,True,heuristic,2,False,CATS,150,arbitrary,MultiMinded,316,Balance,170.6600000000035,1894.2412000000002,6,1377.42,663.9670000000001,1894.2412000000002,1937.1812530380482,1755.9473481478535,1781.688719533998,16,62,38,105,66
66,30,33,AdaptiveCuttingAuction,0.05,0.02,10,True,,1000,3600,cats_arbitrary_g30b150,True,heuristic,2,False,CATS,150,arbitrary,MultiMinded,55,Balance,13.209999999991851,2454.29,1,2454.29,522.13300000000004,2440.88,2452.5849083729368,2426.4782583729366,2452.7550590117903,7,49,4,85,63
67,30,31,AdaptiveCuttingAuction,0.05,0.02,10,True,,1000,3600,cats_arbitrary_g30b150,True,heuristic,2,False,CATS,150,arbitrary,MultiMinded,317,Balance,178.27000000001863,2341.4958,4,2017.46,785.07600000000002,2341.4958,2389.0095849458166,2231.9943849458168,2239.7776437221296,25,57,25,94,61
68,30,31,AdaptiveCuttingAuction,0.05,0.02,10,True,,1000,3600,cats_arbitrary_g30b150,True,heuristic,2,False,CATS,150,arbitrary,MultiMinded,32,Balance,8.539999999979045,2082.3165,6,1694.51,536.65000000000009,2082.3165,2064.6302848100622,1903.6352848100626,1976.5020502009622,9,49,34,85,61
69,30,32,AdaptiveCuttingAuction,0.05,0.02,10,True,,1000,3600,cats_arbitrary_g30b150,True,heuristic,2,False,CATS,150,arbitrary,MultiMinded,63,Balance,18.119999999995343,2088.0744,6,1731.11,855.64499999999998,2088.0744,2078.2107295543015,1825.8656644414357,1882.7800416264754,10,50,44,96,62
70,30,33,AdaptiveCuttingAuction,0.05,0.02,10,True,,1000,3600,cats_arbitrary_g30b150,True,heuristic,2,False,CATS,150,arbitrary,MultiMinded,163,Balance,44.80999999999767,2258.578,4,1454.94,617.26599999999996,2258.578,2280.3014593742237,2156.8482593742237,2173.1605959004132,9,51,24,90,63
71,30,33,AdaptiveCuttingAuction,0.05,0.02,10,True,,1000,3600,cats_arbitrary_g30b150,True,heuristic,2,False,CATS,150,arbitrary,MultiMinded,414,Balance,224.18000000002212,2247.3372,6,1920.4,499.70499999999998,2167.147,2198.7166966045097,2048.80519660451,2059.9211685777282,27,67,33,98,63
72,30,39,AdaptiveCuttingAuction,0.05,0.02,10,True,,1000,3600,cats_arbitrary_g30b150,True,heuristic,2,False,CATS,150,arbitrary,MultiMinded,553,Balance,608.9800000000105,2410.0175,9,1662.34,705.94000000000005,2410.0175,2457.4901858540829,2139.8171858540827,2143.6857548172929,12,56,28,110,69
73,30,34,AdaptiveCuttingAuction,0.05,0.02,10,True,,1000,3600,cats_arbitrary_g30b150,True,heuristic,2,False,CATS,150,arbitrary,MultiMinded,1000,MaxIter,546.5199999999895,2015.5892,7,1380.57,479.64299999999997,1848.7432,2126.7442840524554,965.52707525358301,982.42145464306122,9,71,38,111,64
74,30,36,AdaptiveCuttingAuction,0.05,0.02,10,True,,1000,3600,cats_arbitrary_g30b150,True,heuristic,2,False,CATS,150,arbitrary,MultiMinded,225,Balance,140.47999999998137,2042.097,7,1285.64,413.78699999999998,2042.097,2064.4374468954625,1919.6119968954617,1921.1971331169784,15,73,20,113,66
75,30,28,AdaptiveCuttingAuction,0.05,0.02,10,True,,1000,3600,cats_arbitrary_g30b150,True,heuristic,2,False,CATS,150,arbitrary,MultiMinded,883,Balance,317.0899999999965,1952.3077,3,1522.4,797.30549999999994,1952.3077,1993.8113740667927,1874.2155490667928,1878.3009378319498,20,56,62,91,58
76,30,35,AdaptiveCuttingAuction,0.05,0.02,10,True,,1000,3600,cats_arbitrary_g30b150,True,heuristic,2,False,CATS,150,arbitrary,MultiMinded,1000,MaxIter,623.9599999999919,2241.3282000000004,9,1991.23,695.48000000000002,2133.7742,2382.9172598969794,1183.9299489399291,1211.133288425511,27,74,29,110,65
77,30,29,AdaptiveCuttingAuction,0.05,0.02,10,True,,1000,3600,cats_arbitrary_g30b150,True,heuristic,2,False,CATS,150,arbitrary,MultiMinded,133,Balance,61.8300000000163,2086.98,4,1735.17,697.00749999999994,1877.8651999999997,1913.7079704908458,1774.3064704908459,1780.5835984640944,30,70,33,92,59
78,30,34,AdaptiveCuttingAuction,0.05,0.02,10,True,,1000,3600,cats_arbitrary_g30b150,True,heuristic,2,False,CATS,150,arbitrary,MultiMinded,551,Balance,378.86999999999534,2141.5101999999997,8,1833.54,620.51150000000007,2108.4682,2174.0035155813239,1925.7989155813229,1936.9619092649386,18,64,33,99,64
79,30,32,AdaptiveCuttingAuction,0.05,0.02,10,True,,1000,3600,cats_arbitrary_g30b150,True,heuristic,2,False,CATS,150,arbitrary,MultiMinded,409,Balance,118.98999999999069,2182.6516,3,1753.74,722.10699999999997,2133.9480000000003,2151.9511239392705,2043.6350739392703,2069.7858767117496,8,47,22,91,62
80,30,31,AdaptiveCuttingAuction,0.05,0.02,10,True,,1000,3600,cats_arbitrary_g30b150,True,heuristic,2,False,CATS,150,arbitrary,MultiMinded,1000,MaxIter,562.6300000000047,2157.0797,6,1772.89,656.88249999999994,1885.8487,1979.6064552042546,1016.0423813526508,1022.1538220872688,30,72,26,102,61
81,30,31,AdaptiveCuttingAuction,0.05,0.02,10,True,,1000,3600,cats_arbitrary_g30b150,True,heuristic,2,False,CATS,150,arbitrary,MultiMinded,1000,MaxIter,625.0199999999895,1755.3018000000002,4,1603.71,647.50199999999995,1664.752,1881.7652799617126,522.92142036747452,526.03307916364031,27,65,20,105,61
82,30,34,AdaptiveCuttingAuction,0.05,0.02,10,True,,1000,3600,cats_arbitrary_g30b150,True,heuristic,2,False,CATS,150,arbitrary,MultiMinded,125,Balance,37.76000000000931,2385.8982,8,2112.36,790.75199999999995,2333.4086999999995,2402.4660913711341,2086.1652913711337,2136.577633655997,6,45,33,95,64
83,30,32,AdaptiveCuttingAuction,0.05,0.02,10,True,,1000,3600,cats_arbitrary_g30b150,True,heuristic,2,False,CATS,150,arbitrary,MultiMinded,221,Balance,84.0,2059.99,5,1826.87,768.11400000000003,1992.9542,2063.2334504270584,1871.2049504270583,1871.2099383169448,10,46,24,93,62
84,30,33,AdaptiveCuttingAuction,0.05,0.02,10,True,,1000,3600,cats_arbitrary_g30b150,True,heuristic,2,False,CATS,150,arbitrary,MultiMinded,205,Balance,116.33999999999651,1978.9186000000002,4,1758.88,838.20399999999995,1901.6129999999998,1938.9006260626143,1771.2598260626141,1788.2502561545946,27,65,26,101,63
85,30,33,AdaptiveCuttingAuction,0.05,0.02,10,True,,1000,3600,cats_arbitrary_g30b150,True,heuristic,2,False,CATS,150,arbitrary,MultiMinded,73,Balance,28.089999999996508,2216.0256,6,2078.55,626.62099999999998,2216.0256,2203.6018938063985,2015.6155938063987,2058.2738772310026,7,45,68,94,63
86,30,31,AdaptiveCuttingAuction,0.05,0.02,10,True,,1000,3600,cats_arbitrary_g30b150,True,heuristic,2,False,CATS,150,arbitrary,MultiMinded,100,Balance,20.970000000001164,2283.532,2,1809.12,745.29950000000008,2283.532,2292.1707106203457,2217.6407606203456,2256.5773235873571,7,49,21,94,61
87,30,36,AdaptiveCuttingAuction,0.05,0.02,10,True,,1000,3600,cats_arbitrary_g30b150,True,heuristic,2,False,CATS,150,arbitrary,MultiMinded,555,Balance,335.1000000000058,2522.6901999999995,6,2032.58,563.31899999999996,2522.6901999999995,2551.625666439671,2382.6299664396706,2387.8812513117405,27,67,29,103,66
88,30,35,AdaptiveCuttingAuction,0.05,0.02,10,True,,1000,3600,cats_arbitrary_g30b150,True,heuristic,2,False,CATS,150,arbitrary,MultiMinded,169,Balance,96.82000000000698,2265.08,6,1820.47,452.93900000000002,2199.6301,2253.1337310601098,2117.2520310601099,2137.3396953464999,27,79,51,101,65
89,30,28,AdaptiveCuttingAuction,0.05,0.02,10,True,,1000,3600,cats_arbitrary_g30b150,True,heuristic,2,False,CATS,150,arbitrary,MultiMinded,96,Balance,27.75999999998021,1895.8706000000002,4,1412.37,685.88149999999996,1702.7196000000001,1728.7082366894579,1591.5319366894576,1609.2605697058464,7,42,29,78,58
90,30,33,AdaptiveCuttingAuction,0.05,0.02,10,True,,1000,3600,cats_arbitrary_g30b150,True,heuristic,2,False,CATS,150,arbitrary,MultiMinded,105,Balance,57.69000000000233,2397.1789,6,2224.82,593.16800000000001,2282.0116000000003,2332.2081651569738,2154.2577651569741,2165.4392624505017,8,58,33,100,63
91,30,32,AdaptiveCuttingAuction,0.05,0.02,10,True,,1000,3600,cats_arbitrary_g30b150,True,heuristic,2,False,CATS,150,arbitrary,MultiMinded,40,Balance,10.940000000002328,2290.7259999999997,4,1825.1,529.46000000000004,2222.3869999999997,2164.4134287593706,2058.5214287593708,2162.7178314688363,8,49,39,89,62
92,30,31,AdaptiveCuttingAuction,0.05,0.02,10,True,,1000,3600,cats_arbitrary_g30b150,True,heuristic,2,False,CATS,150,arbitrary,MultiMinded,102,Balance,40.79000000000815,1880.9630000000002,5,1586.58,901.44949999999994,1856.23,1925.1288119303968,1707.8587611744067,1710.192167564835,17,68,8,95,61
93,30,34,AdaptiveCuttingAuction,0.05,0.02,10,True,,1000,3600,cats_arbitrary_g30b150,True,heuristic,2,False,CATS,150,arbitrary,MultiMinded,97,Balance,45.51999999998952,1815.7306,5,1434.89,540.21100000000001,1697.5166,1725.1523543569872,1590.0996043569874,1599.0689978775565,10,1633,20,101,64
94,30,36,AdaptiveCuttingAuction,0.05,0.02,10,True,,1000,3600,cats_arbitrary_g30b150,True,heuristic,2,False,CATS,150,arbitrary,MultiMinded,83,Balance,33.25,2435.1574,5,2127.58,687.69500000000005,2435.1574,2452.0900210174304,2280.1662710174296,2311.4307696731362,8,48,29,94,66
95,30,32,AdaptiveCuttingAuction,0.05,0.02,10,True,,1000,3600,cats_arbitrary_g30b150,True,heuristic,2,False,CATS,150,arbitrary,MultiMinded,445,Balance,222.0899999999965,2424.051,6,1933.55,792.75099999999998,2424.051,2485.5350931218959,2247.7097931218959,2256.6960661695798,18,72,36,105,62
96,30,31,AdaptiveCuttingAuction,0.05,0.02,10,True,,1000,3600,cats_arbitrary_g30b150,True,heuristic,2,False,CATS,150,arbitrary,MultiMinded,172,Balance,60.08999999999651,1954.1625,6,1781.86,780.25699999999995,1954.1625,2053.815769169847,1819.7386691698471,1827.7489800161516,8,51,37,98,61
97,30,30,AdaptiveCuttingAuction,0.05,0.02,10,True,,1000,3600,cats_arbitrary_g30b150,True,heuristic,2,False,CATS,150,arbitrary,MultiMinded,53,Balance,14.160000000003492,1794.66,5,1264.09,681.495,1735.404,1774.6427758000227,1604.2690258000227,1655.1611520069753,9,44,75,86,60
98,30,32,AdaptiveCuttingAuction,0.05,0.02,10,True,,1000,3600,cats_arbitrary_g30b150,True,heuristic,2,False,CATS,150,arbitrary,MultiMinded,126,Balance,37.05999999999767,2145.0272,6,2092.47,967.64100000000008,2145.0272,2197.2869328211482,1906.9946328211483,1976.6055432176054,11,44,21,90,62
99,30,29,AdaptiveCuttingAuction,0.05,0.02,10,True,,1000,3600,cats_arbitrary_g30b150,True,heuristic,2,False,CATS,150,arbitrary,MultiMinded,405,Balance,142.85999999998603,2260.297,6,2093.42,648.17449999999997,2260.297,2316.4415425545244,2121.9891925545248,2127.46713127255,29,65,35,94,59
100,30,37,AdaptiveCuttingAuction,0.05,0.02,10,True,,1000,3600,cats_arbitrary_g30b150,True,heuristic,2,False,CATS,150,arbitrary,MultiMinded,424,Balance,213.85999999998603,2260.7916,9,1588.66,496.72000000000003,2242.1352,2261.7126458036942,2038.1886458036945,2091.6158816988918,11,1961,40,111,67
